row_type,request_idx,repeat_idx,batch_idx,token_idx,phase,layer,k_required,k_hit,k_miss,ssd_read_us,h2d_us,compute_us,stall_us,pred_us,pred_observe_us,pred_score_us,callback_wall_us,topk_d2h_us,slot_ids_h2d_us,slot_table_h2d_us,eamc_rows_scored,eamc_cosine_us,eamc_score_materialize_us,eamc_score_cache_hits,eamc_score_cache_misses,cache_resident_experts,predictor,request_wall_us,request_end_us,predictor_end_us,predictor_save_us,profile_flush_us,sidecar_write_bytes,routes_required,routes_hit,routes_persistent,k_empty_admit,k_victim_admit,k_scratch,route_rank_us,host_cache_hits,host_cache_misses,host_cache_hit_bytes,host_cache_miss_bytes,host_cache_lookup_us,host_cache_fill_us,host_memcpy_us,host_memcpy_bytes,h2d_bytes,pinned_staging_wait_us,ssd_bytes,ssd_reads,route_hash,sere_secondary_routes,sere_rerouted_routes,sere_original_miss_routes,sere_original_unique_required,sere_original_unique_misses,sere_rerouted_miss_routes,sere_threshold_rejects,sere_similarity_sum
layer,1,0,0,0,prefill,0,176,0,176,974694,29795,14598,2958,3,3,0,981647,43,86,0,0,0,0,0,0,60,lru,0,0,0,0,0,0,1024,0,699,60,0,116,33,0,0,0,0,0,0,0,0,334495744,1464,334495744,528,12219648178270828789,0,0,0,0,0,0,0,0
layer,1,0,0,0,prefill,1,182,0,182,1021813,31593,2284,3569,2,2,0,1028922,21,62,0,0,0,0,0,0,60,lru,0,0,0,0,0,0,1024,0,725,60,0,122,31,0,0,0,0,0,0,0,0,345899008,1893,345899008,546,15277931125921217785,0,0,0,0,0,0,0,0
layer,1,0,0,0,prefill,2,206,0,206,975196,31899,7139,3609,3,3,0,983230,18,72,0,0,0,0,0,0,60,lru,0,0,0,0,0,0,1024,0,628,60,0,146,32,0,0,0,0,0,0,0,0,391512064,1982,391512064,618,17145500094531255386,0,0,0,0,0,0,0,0
layer,1,0,0,0,prefill,3,167,0,167,976559,30765,2180,2921,3,3,0,982811,18,52,0,0,0,0,0,0,60,lru,0,0,0,0,0,0,1024,0,821,60,0,107,28,0,0,0,0,0,0,0,0,317390848,1361,317390848,501,1673858601191253994,0,0,0,0,0,0,0,0
layer,1,0,0,0,prefill,4,124,0,124,854649,25318,1969,2576,2,2,0,859459,16,21,0,0,0,0,0,0,60,lru,0,0,0,0,0,0,1024,0,906,60,0,64,22,0,0,0,0,0,0,0,0,235667456,1150,235667456,372,14600063501994671226,0,0,0,0,0,0,0,0
layer,1,0,0,0,prefill,5,133,0,133,855429,24731,1844,2400,3,3,0,860428,21,40,0,0,0,0,0,0,60,lru,0,0,0,0,0,0,1024,0,880,60,0,73,24,0,0,0,0,0,0,0,0,252772352,788,252772352,399,9424053262310121956,0,0,0,0,0,0,0,0
layer,1,0,0,0,prefill,6,124,0,124,878314,25330,1716,2645,1,1,0,882927,17,28,0,0,0,0,0,0,60,lru,0,0,0,0,0,0,1024,0,905,60,0,64,20,0,0,0,0,0,0,0,0,235667456,1093,235667456,372,14934414221709185757,0,0,0,0,0,0,0,0
layer,1,0,0,0,prefill,7,116,0,116,867103,24599,1759,2421,2,2,0,871295,15,39,0,0,0,0,0,0,60,lru,0,0,0,0,0,0,1024,0,935,60,0,56,22,0,0,0,0,0,0,0,0,220463104,534,220463104,348,7179905249574162474,0,0,0,0,0,0,0,0
layer,1,0,0,0,prefill,8,97,0,97,769100,22006,1713,2176,1,1,0,772581,17,43,0,0,0,0,0,0,60,lru,0,0,0,0,0,0,1024,0,971,60,0,37,21,0,0,0,0,0,0,0,0,184352768,306,184352768,291,4627850918294769679,0,0,0,0,0,0,0,0
layer,1,0,0,0,prefill,9,112,0,112,775028,22656,1695,2000,2,2,0,778912,17,21,0,0,0,0,0,0,60,lru,0,0,0,0,0,0,1024,0,945,60,0,52,22,0,0,0,0,0,0,0,0,212860928,412,212860928,336,4645575692911528739,0,0,0,0,0,0,0,0
layer,1,0,0,0,prefill,10,118,0,118,889709,25067,1741,2315,1,1,0,894054,14,73,0,0,0,0,0,0,60,lru,0,0,0,0,0,0,1024,0,907,60,0,58,20,0,0,0,0,0,0,0,0,224264192,482,224264192,354,16800884933985854512,0,0,0,0,0,0,0,0
layer,1,0,0,0,prefill,11,120,0,120,923500,25307,1730,2125,3,3,0,927770,18,21,0,0,0,0,0,0,60,lru,0,0,0,0,0,0,1024,0,892,60,0,60,22,0,0,0,0,0,0,0,0,228065280,553,228065280,360,17035824358329450958,0,0,0,0,0,0,0,0
layer,1,0,0,0,prefill,12,119,0,119,902800,23666,1751,2193,1,1,0,907072,15,36,0,0,0,0,0,0,60,lru,0,0,0,0,0,0,1024,0,916,60,0,59,21,0,0,0,0,0,0,0,0,226164736,563,226164736,357,6416490007006528880,0,0,0,0,0,0,0,0
layer,1,0,0,0,prefill,13,112,0,112,850454,23193,1720,2220,2,2,0,854333,13,30,0,0,0,0,0,0,60,lru,0,0,0,0,0,0,1024,0,916,60,0,52,19,0,0,0,0,0,0,0,0,212860928,454,212860928,336,11463464513360716238,0,0,0,0,0,0,0,0
layer,1,0,0,0,prefill,14,114,0,114,867918,23429,1584,1980,3,3,0,871906,13,31,0,0,0,0,0,0,60,lru,0,0,0,0,0,0,1024,0,937,60,0,54,20,0,0,0,0,0,0,0,0,216662016,445,216662016,342,4325479099591672170,0,0,0,0,0,0,0,0
layer,1,0,0,0,prefill,15,124,0,124,944750,25304,1825,2529,2,2,0,949109,12,47,0,0,0,0,0,0,60,lru,0,0,0,0,0,0,1024,0,930,60,0,64,20,0,0,0,0,0,0,0,0,235667456,715,235667456,372,970819422327397207,0,0,0,0,0,0,0,0
layer,1,0,0,0,prefill,16,121,0,121,921662,25364,1801,2170,1,1,0,925884,13,22,0,0,0,0,0,0,60,lru,0,0,0,0,0,0,1024,0,909,60,0,61,21,0,0,0,0,0,0,0,0,229965824,605,229965824,363,14380729604006571084,0,0,0,0,0,0,0,0
layer,1,0,0,0,prefill,17,132,0,132,992104,25823,1839,2608,2,2,0,996883,15,37,0,0,0,0,0,0,60,lru,0,0,0,0,0,0,1024,0,872,60,0,72,22,0,0,0,0,0,0,0,0,250871808,865,250871808,396,4671307045581148946,0,0,0,0,0,0,0,0
layer,1,0,0,0,prefill,18,130,0,130,975733,26095,1784,2443,1,1,0,980498,14,69,0,0,0,0,0,0,60,lru,0,0,0,0,0,0,1024,0,866,60,0,70,21,0,0,0,0,0,0,0,0,247070720,790,247070720,390,17898593779164621291,0,0,0,0,0,0,0,0
layer,1,0,0,0,prefill,19,117,0,117,874155,22252,1755,2730,3,3,0,878356,18,38,0,0,0,0,0,0,60,lru,0,0,0,0,0,0,1024,0,922,60,0,57,20,0,0,0,0,0,0,0,0,222363648,700,222363648,351,2163319464759232046,0,0,0,0,0,0,0,0
layer,1,0,0,0,prefill,20,112,0,112,914694,21279,1734,2891,1,1,0,918725,15,27,0,0,0,0,0,0,60,lru,0,0,0,0,0,0,1024,0,942,60,0,52,18,0,0,0,0,0,0,0,0,212860928,436,212860928,336,9921280713898615322,0,0,0,0,0,0,0,0
layer,1,0,0,0,prefill,21,118,0,118,899529,20648,1779,4077,3,3,0,903749,12,31,0,0,0,0,0,0,60,lru,0,0,0,0,0,0,1024,0,936,60,0,58,19,0,0,0,0,0,0,0,0,224264192,1516,224264192,354,14809856661791415143,0,0,0,0,0,0,0,0
layer,1,0,0,0,prefill,22,131,0,131,919964,26950,1718,2615,1,1,0,924543,12,31,0,0,0,0,0,0,60,lru,0,0,0,0,0,0,1024,0,868,60,0,71,21,0,0,0,0,0,0,0,0,248971264,896,248971264,393,8380014407405543931,0,0,0,0,0,0,0,0
layer,1,0,0,0,prefill,23,135,0,135,728644,29871,1860,2276,2,2,0,733399,13,32,0,0,0,0,0,0,60,lru,0,0,0,0,0,0,1024,0,882,60,0,75,22,0,0,0,0,0,0,0,0,256573440,745,256573440,405,15581967104037421188,0,0,0,0,0,0,0,0
layer,1,0,0,0,prefill,24,123,0,123,764790,25794,1828,2901,1,1,0,769125,13,38,0,0,0,0,0,0,60,lru,0,0,0,0,0,0,1024,0,913,60,0,63,21,0,0,0,0,0,0,0,0,233766912,804,233766912,369,14789694810599579118,0,0,0,0,0,0,0,0
layer,1,0,0,0,prefill,25,127,0,127,677393,27066,1843,2180,2,2,0,681870,16,49,0,0,0,0,0,0,60,lru,0,0,0,0,0,0,1024,0,895,60,0,67,21,0,0,0,0,0,0,0,0,241369088,667,241369088,381,11689160194476348867,0,0,0,0,0,0,0,0
layer,1,0,0,0,prefill,26,135,0,135,701867,27479,1729,2264,1,1,0,706501,14,64,0,0,0,0,0,0,60,lru,0,0,0,0,0,0,1024,0,887,60,0,75,21,0,0,0,0,0,0,0,0,256573440,686,256573440,405,13178241015007328604,0,0,0,0,0,0,0,0
layer,1,0,0,0,prefill,27,132,0,132,722224,30462,1838,2314,2,2,0,726603,14,47,0,0,0,0,0,0,60,lru,0,0,0,0,0,0,1024,0,881,60,0,72,21,0,0,0,0,0,0,0,0,250871808,824,250871808,396,14846368672667771208,0,0,0,0,0,0,0,0
layer,1,0,0,0,prefill,28,129,0,129,630546,30052,1788,2288,1,1,0,634940,13,28,0,0,0,0,0,0,60,lru,0,0,0,0,0,0,1024,0,850,60,0,69,21,0,0,0,0,0,0,0,0,245170176,719,245170176,387,7888169583796691904,0,0,0,0,0,0,0,0
layer,1,0,0,0,prefill,29,137,0,137,561823,28543,1847,2103,2,2,0,566365,14,29,0,0,0,0,0,0,60,lru,0,0,0,0,0,0,1024,0,822,60,0,77,22,0,0,0,0,0,0,0,0,260374528,652,260374528,411,2104717543554312498,0,0,0,0,0,0,0,0
layer,1,0,0,0,prefill,30,147,0,147,626449,32403,1793,2368,1,1,0,631334,12,35,0,0,0,0,0,0,60,lru,0,0,0,0,0,0,1024,0,834,60,0,87,24,0,0,0,0,0,0,0,0,279379968,926,279379968,441,2048301277715180987,0,0,0,0,0,0,0,0
layer,1,0,0,0,prefill,31,128,0,128,546214,27443,1881,2168,2,2,0,550794,12,56,0,0,0,0,0,0,60,lru,0,0,0,0,0,0,1024,0,882,60,0,68,21,0,0,0,0,0,0,0,0,243269632,566,243269632,384,10929869390654555039,0,0,0,0,0,0,0,0
layer,1,0,0,0,prefill,32,138,0,138,593791,30206,1887,2182,2,2,0,598583,18,25,0,0,0,0,0,0,60,lru,0,0,0,0,0,0,1024,0,834,60,0,78,23,0,0,0,0,0,0,0,0,262275072,783,262275072,414,13826025403527238995,0,0,0,0,0,0,0,0
layer,1,0,0,0,prefill,33,146,0,146,589773,29065,1925,2264,2,2,0,594772,13,42,0,0,0,0,0,0,60,lru,0,0,0,0,0,0,1024,0,821,60,0,86,24,0,0,0,0,0,0,0,0,277479424,778,277479424,438,13381094655000008861,0,0,0,0,0,0,0,0
layer,1,0,0,0,prefill,34,153,0,153,635559,32395,6154,2074,1,1,0,640588,11,39,0,0,0,0,0,0,60,lru,0,0,0,0,0,0,1024,0,791,60,0,93,23,0,0,0,0,0,0,0,0,312090624,801,312090624,459,6306605809918136037,0,0,0,0,0,0,0,0
layer,1,0,0,0,prefill,35,138,0,138,596438,29187,1908,2241,2,2,0,601114,18,51,0,0,0,0,0,0,60,lru,0,0,0,0,0,0,1024,0,882,60,0,78,26,0,0,0,0,0,0,0,0,262275072,736,262275072,414,10396090839241596827,0,0,0,0,0,0,0,0
layer,1,0,0,0,prefill,36,145,0,145,601203,30675,1913,2250,1,1,0,606064,15,34,0,0,0,0,0,0,60,lru,0,0,0,0,0,0,1024,0,848,60,0,85,23,0,0,0,0,0,0,0,0,275578880,726,275578880,435,3277203410339951116,0,0,0,0,0,0,0,0
layer,1,0,0,0,prefill,37,134,0,134,569076,28488,1900,2441,2,2,0,573550,14,41,0,0,0,0,0,0,60,lru,0,0,0,0,0,0,1024,0,910,60,0,74,22,0,0,0,0,0,0,0,0,254672896,800,254672896,402,687463232770928696,0,0,0,0,0,0,0,0
layer,1,0,0,0,prefill,38,126,0,126,592703,29152,1759,1978,1,1,0,596995,14,42,0,0,0,0,0,0,60,lru,0,0,0,0,0,0,1024,0,906,60,0,66,24,0,0,0,0,0,0,0,0,257015808,573,257015808,378,3152204717211103003,0,0,0,0,0,0,0,0
layer,1,0,0,0,prefill,39,142,0,142,623107,31647,12031,2147,2,2,0,627783,13,49,0,0,0,0,0,0,60,lru,0,0,0,0,0,0,1024,0,893,60,0,82,23,0,0,0,0,0,0,0,0,289652736,714,289652736,426,18063871893985616342,0,0,0,0,0,0,0,0
request,1,0,0,0,prefill,-1,0,0,0,0,0,0,0,0,0,0,0,0,0,0,0,0,0,0,0,0,,32112646,33789,0,0,20,0,0,0,0,0,0,0,0,0,0,0,0,0,0,0,0,0,0,0,0,0,0,0,0,0,0,0,0,0
layer,2,0,1,128,decode,0,4,3,1,837,412,381,678,40,0,40,2174,44,5,0,0,0,0,0,0,60,lru,0,0,0,0,0,0,8,3,8,0,1,0,84,0,0,0,0,0,0,0,0,1900544,0,1900544,3,7254485698621351976,4,4,5,8,5,4,0,3.8
layer,2,0,1,128,decode,1,4,2,2,4985,626,221,136,36,1,35,5290,11,36,0,0,0,0,0,0,60,lru,0,0,0,0,0,0,8,6,8,0,2,0,45,0,0,0,0,0,0,0,0,3801088,0,3801088,6,3621796405972268962,4,4,4,8,4,2,0,3.8
layer,2,0,1,128,decode,2,4,2,2,771,302,2070,57,41,0,41,961,10,3,0,0,0,0,0,0,60,lru,0,0,0,0,0,0,8,2,8,0,2,0,28,0,0,0,0,0,0,0,0,3801088,0,3801088,6,12635916025899081279,4,4,3,8,3,1,0,3.8
layer,2,0,1,128,decode,3,4,2,2,1084,238,250,35,21,1,20,1263,14,7,0,0,0,0,0,0,60,lru,0,0,0,0,0,0,8,2,8,0,2,0,33,0,0,0,0,0,0,0,0,3801088,0,3801088,6,11818032023221440181,4,4,5,8,5,3,0,3.8
layer,2,0,1,128,decode,4,4,2,2,3380,272,220,33,19,0,19,3537,9,3,0,0,0,0,0,0,60,lru,0,0,0,0,0,0,8,2,8,0,2,0,23,0,0,0,0,0,0,0,0,3801088,0,3801088,6,1078476587855752037,4,4,4,8,4,2,0,3.8
layer,2,0,1,128,decode,5,4,3,1,5040,164,208,11,15,1,14,5139,8,3,0,0,0,0,0,0,60,lru,0,0,0,0,0,0,8,7,8,0,1,0,21,0,0,0,0,0,0,0,0,1900544,0,1900544,3,3492200779588346668,4,4,3,8,3,2,0,3.8
layer,2,0,1,128,decode,6,4,4,0,0,0,225,0,0,0,0,46,9,2,0,0,0,0,0,0,60,lru,0,0,0,0,0,0,8,8,8,0,0,0,18,0,0,0,0,0,0,0,0,0,0,0,0,12352477216917890611,4,4,0,8,0,0,0,3.8
layer,2,0,1,128,decode,7,4,4,0,0,0,261,0,0,0,0,41,8,2,0,0,0,0,0,0,60,lru,0,0,0,0,0,0,8,8,8,0,0,0,16,0,0,0,0,0,0,0,0,0,0,0,0,10645742286864607541,4,4,2,8,2,2,0,3.8
layer,2,0,1,128,decode,8,4,4,0,0,0,251,0,0,0,0,45,8,2,0,0,0,0,0,0,60,lru,0,0,0,0,0,0,8,8,8,0,0,0,25,0,0,0,0,0,0,0,0,0,0,0,0,4597550119691628260,4,4,2,8,2,2,0,3.8
layer,2,0,1,128,decode,9,4,4,0,0,0,262,0,1,1,0,33,8,2,0,0,0,0,0,0,60,lru,0,0,0,0,0,0,8,8,8,0,0,0,14,0,0,0,0,0,0,0,0,0,0,0,0,15900863836771167033,4,4,3,8,3,3,0,3.8
layer,2,0,1,128,decode,10,4,2,2,711,238,201,89,2,0,2,833,9,3,0,0,0,0,0,0,60,lru,0,0,0,0,0,0,8,2,8,0,2,0,11,0,0,0,0,0,0,0,0,3801088,0,3801088,6,2005727276226465151,4,4,3,8,3,1,0,3.8
layer,2,0,1,128,decode,11,4,3,1,318,161,215,14,2,1,1,404,8,2,0,0,0,0,0,0,60,lru,0,0,0,0,0,0,8,7,8,0,1,0,7,0,0,0,0,0,0,0,0,1900544,0,1900544,3,12579422169020356552,4,4,4,8,4,3,0,3.8
layer,2,0,1,128,decode,12,4,4,0,0,0,253,0,0,0,0,35,8,2,0,0,0,0,0,0,60,lru,0,0,0,0,0,0,8,8,8,0,0,0,16,0,0,0,0,0,0,0,0,0,0,0,0,10229572552722613222,4,4,1,8,1,1,0,3.8
layer,2,0,1,128,decode,13,4,2,2,654,274,202,38,1,0,1,761,8,3,0,0,0,0,0,0,60,lru,0,0,0,0,0,0,8,2,8,0,2,0,11,0,0,0,0,0,0,0,0,3801088,0,3801088,6,6665372830215420749,4,4,4,8,4,2,0,3.8
layer,2,0,1,128,decode,14,4,1,3,1273,420,197,60,2,0,2,1461,8,32,0,0,0,0,0,0,60,lru,0,0,0,0,0,0,8,1,8,0,3,0,8,0,0,0,0,0,0,0,0,5701632,0,5701632,9,678689756785630280,4,4,3,8,3,0,0,3.8
layer,2,0,1,128,decode,15,4,3,1,287,170,186,19,3,1,2,365,8,3,0,0,0,0,0,0,60,lru,0,0,0,0,0,0,8,3,8,0,1,0,9,0,0,0,0,0,0,0,0,1900544,0,1900544,3,6492451984718908317,4,4,4,8,4,3,0,3.8
layer,2,0,1,128,decode,16,4,3,1,328,158,225,33,3,0,3,425,8,3,0,0,0,0,0,0,60,lru,0,0,0,0,0,0,8,7,8,0,1,0,11,0,0,0,0,0,0,0,0,1900544,0,1900544,3,7781394979464073875,4,4,2,8,2,1,0,3.8
layer,2,0,1,128,decode,17,4,1,3,8378,462,237,56,3,1,2,8543,9,8,0,0,0,0,0,0,60,lru,0,0,0,0,0,0,8,1,8,0,3,0,10,0,0,0,0,0,0,0,0,5701632,0,5701632,9,10778744199011381742,4,4,6,8,6,3,0,3.8
layer,2,0,1,128,decode,18,4,2,2,5559,292,200,39,1,0,1,5687,8,3,0,0,0,0,0,0,60,lru,0,0,0,0,0,0,8,6,8,0,2,0,9,0,0,0,0,0,0,0,0,3801088,0,3801088,6,15428213503027162791,4,4,2,8,2,0,0,3.8
layer,2,0,1,128,decode,19,4,3,1,338,167,203,8,2,0,2,411,8,4,0,0,0,0,0,0,60,lru,0,0,0,0,0,0,8,7,8,0,1,0,9,0,0,0,0,0,0,0,0,1900544,0,1900544,3,439579460207787610,4,4,4,8,4,3,0,3.8
layer,2,0,1,128,decode,20,4,3,1,374,161,191,26,1,0,1,449,8,3,0,0,0,0,0,0,60,lru,0,0,0,0,0,0,8,7,8,0,1,0,10,0,0,0,0,0,0,0,0,1900544,0,1900544,3,4031525414649856691,4,4,2,8,2,1,0,3.8
layer,2,0,1,128,decode,21,4,4,0,0,0,253,0,1,1,0,31,8,2,0,0,0,0,0,0,60,lru,0,0,0,0,0,0,8,8,8,0,0,0,11,0,0,0,0,0,0,0,0,0,0,0,0,11859017576096174558,4,4,0,8,0,0,0,3.8
layer,2,0,1,128,decode,22,4,3,1,376,138,193,15,1,0,1,460,8,3,0,0,0,0,0,0,60,lru,0,0,0,0,0,0,8,7,8,0,1,0,7,0,0,0,0,0,0,0,0,1900544,0,1900544,3,18200230051106378273,4,4,3,8,3,2,0,3.8
layer,2,0,1,128,decode,23,4,4,0,0,0,254,0,0,0,0,27,8,2,0,0,0,0,0,0,60,lru,0,0,0,0,0,0,8,8,8,0,0,0,7,0,0,0,0,0,0,0,0,0,0,0,0,14608638527555890338,4,4,2,8,2,2,0,3.8
layer,2,0,1,128,decode,24,4,1,3,1087,402,227,78,3,0,3,1276,7,31,0,0,0,0,0,0,60,lru,0,0,0,0,0,0,8,1,8,0,3,0,8,0,0,0,0,0,0,0,0,5701632,0,5701632,9,16150462203199701165,4,4,5,8,5,2,0,3.8
layer,2,0,1,128,decode,25,4,2,2,7953,316,227,36,3,0,3,8066,8,3,0,0,0,0,0,0,60,lru,0,0,0,0,0,0,8,6,8,0,2,0,9,0,0,0,0,0,0,0,0,3801088,0,3801088,6,13597949711309564227,4,4,5,8,5,3,0,3.8
layer,2,0,1,128,decode,26,4,2,2,791,273,169,31,3,0,3,901,8,3,0,0,0,0,0,0,60,lru,0,0,0,0,0,0,8,2,8,0,2,0,10,0,0,0,0,0,0,0,0,3801088,0,3801088,6,5280427195332901741,4,4,4,8,4,2,0,3.8
layer,2,0,1,128,decode,27,4,2,2,1967,272,214,42,4,1,3,2077,8,2,0,0,0,0,0,0,60,lru,0,0,0,0,0,0,8,2,8,0,2,0,10,0,0,0,0,0,0,0,0,3801088,0,3801088,6,11932888571624955516,4,4,3,8,3,1,0,3.8
layer,2,0,1,128,decode,28,4,2,2,777,267,209,36,1,0,1,881,8,3,0,0,0,0,0,0,60,lru,0,0,0,0,0,0,8,2,8,0,2,0,9,0,0,0,0,0,0,0,0,3801088,0,3801088,6,16255932830619625124,4,4,6,8,6,4,0,3.8
layer,2,0,1,128,decode,29,4,1,3,9147,498,206,53,1,0,1,9275,8,3,0,0,0,0,0,0,60,lru,0,0,0,0,0,0,8,1,8,0,3,0,7,0,0,0,0,0,0,0,0,5701632,0,5701632,9,4264018244129441451,4,4,4,8,4,1,0,3.8
layer,2,0,1,128,decode,30,4,3,1,365,167,189,15,1,0,1,452,8,3,0,0,0,0,0,0,60,lru,0,0,0,0,0,0,8,7,8,0,1,0,9,0,0,0,0,0,0,0,0,1900544,0,1900544,3,410245354798790185,4,4,2,8,2,1,0,3.8
layer,2,0,1,128,decode,31,4,2,2,762,257,219,42,2,0,2,862,8,3,0,0,0,0,0,0,60,lru,0,0,0,0,0,0,8,6,8,0,2,0,8,0,0,0,0,0,0,0,0,3801088,0,3801088,6,17287114197177124735,4,4,4,8,4,2,0,3.8
layer,2,0,1,128,decode,32,4,2,2,761,249,220,28,2,0,2,871,8,3,0,0,0,0,0,0,60,lru,0,0,0,0,0,0,8,2,8,0,2,0,10,0,0,0,0,0,0,0,0,3801088,0,3801088,6,11979471664201344225,4,4,5,8,5,3,0,3.8
layer,2,0,1,128,decode,33,4,2,2,656,268,195,31,3,0,3,759,8,4,0,0,0,0,0,0,60,lru,0,0,0,0,0,0,8,6,8,0,2,0,7,0,0,0,0,0,0,0,0,3801088,0,3801088,6,13079216840428865492,4,4,3,8,3,1,0,3.8
layer,2,0,1,128,decode,34,4,0,4,8533,612,208,95,1,0,1,8716,9,8,0,0,0,0,0,0,60,lru,0,0,0,0,0,0,8,0,8,0,4,0,8,0,0,0,0,0,0,0,0,8159232,0,8159232,12,4563490969377329733,4,4,7,8,7,3,0,3.8
layer,2,0,1,128,decode,35,4,0,4,6807,661,205,63,1,0,1,6995,9,3,0,0,0,0,0,0,60,lru,0,0,0,0,0,0,8,0,8,0,4,0,10,0,0,0,0,0,0,0,0,7602176,0,7602176,12,3212437555711576240,4,4,6,8,6,2,0,3.8
layer,2,0,1,128,decode,36,4,2,2,742,260,195,39,2,0,2,844,8,3,0,0,0,0,0,0,60,lru,0,0,0,0,0,0,8,6,8,0,2,0,11,0,0,0,0,0,0,0,0,3801088,0,3801088,6,8712842599728639806,4,4,4,8,4,2,0,3.8
layer,2,0,1,128,decode,37,4,3,1,350,158,201,13,1,0,1,420,8,3,0,0,0,0,0,0,60,lru,0,0,0,0,0,0,8,7,8,0,1,0,7,0,0,0,0,0,0,0,0,1900544,0,1900544,3,120555162567654424,4,4,1,8,1,0,0,3.8
layer,2,0,1,128,decode,38,4,2,2,775,286,186,26,1,0,1,874,8,2,0,0,0,0,0,0,60,lru,0,0,0,0,0,0,8,2,8,0,2,0,8,0,0,0,0,0,0,0,0,4079616,0,4079616,6,4711211620252260246,4,4,6,8,6,4,0,3.8
layer,2,0,1,128,decode,39,4,0,4,8221,686,689,76,1,0,1,8432,8,4,0,0,0,0,0,0,60,lru,0,0,0,0,0,0,8,0,8,0,4,0,7,0,0,0,0,0,0,0,0,8159232,0,8159232,12,17569475213553106133,4,4,4,8,4,0,0,3.8
request,2,0,1,0,decode,-1,0,0,0,0,0,0,0,0,0,0,0,0,0,0,0,0,0,0,0,0,,116007,559,0,0,26,0,0,0,0,0,0,0,0,0,0,0,0,0,0,0,0,0,0,0,0,0,0,0,0,0,0,0,0,0
layer,3,0,2,129,decode,0,4,0,4,1547,540,446,79,6,0,6,1768,12,29,0,0,0,0,0,0,60,lru,0,0,0,0,0,0,8,0,8,0,4,0,16,0,0,0,0,0,0,0,0,7602176,0,7602176,12,4009942129221919342,4,4,6,8,6,2,0,3.8
layer,3,0,2,129,decode,1,4,1,3,1090,417,457,92,6,0,6,1312,10,32,0,0,0,0,0,0,60,lru,0,0,0,0,0,0,8,1,8,0,3,0,13,0,0,0,0,0,0,0,0,5701632,0,5701632,9,18217181162900242125,4,4,7,8,7,4,0,3.8
layer,3,0,2,129,decode,2,4,3,1,352,177,362,16,7,0,7,441,9,3,0,0,0,0,0,0,60,lru,0,0,0,0,0,0,8,3,8,0,1,0,10,0,0,0,0,0,0,0,0,1900544,0,1900544,3,14641973277619042545,4,4,1,8,1,0,0,3.8
layer,3,0,2,129,decode,3,4,3,1,352,174,400,23,5,0,5,430,9,3,0,0,0,0,0,0,60,lru,0,0,0,0,0,0,8,7,8,0,1,0,10,0,0,0,0,0,0,0,0,1900544,0,1900544,3,16616902206516400534,4,4,4,8,4,3,0,3.8
layer,3,0,2,129,decode,4,4,3,1,532,168,413,31,5,0,5,654,9,15,0,0,0,0,0,0,60,lru,0,0,0,0,0,0,8,3,8,0,1,0,10,0,0,0,0,0,0,0,0,1900544,0,1900544,3,16424355173830984036,4,4,2,8,2,1,0,3.8
layer,3,0,2,129,decode,5,4,2,2,710,278,630,29,5,0,5,823,8,3,0,0,0,0,0,0,60,lru,0,0,0,0,0,0,8,2,8,0,2,0,10,0,0,0,0,0,0,0,0,3801088,0,3801088,6,16940839952171273249,4,4,3,8,3,1,0,3.8
layer,3,0,2,129,decode,6,4,2,2,711,286,398,53,8,0,8,839,13,4,0,0,0,0,0,0,60,lru,0,0,0,0,0,0,8,2,8,0,2,0,13,0,0,0,0,0,0,0,0,3801088,0,3801088,6,3816138747196402112,4,4,2,8,2,0,0,3.8
layer,3,0,2,129,decode,7,4,4,0,0,0,457,0,0,0,0,33,9,3,0,0,0,0,0,0,60,lru,0,0,0,0,0,0,8,8,8,0,0,0,10,0,0,0,0,0,0,0,0,0,0,0,0,7631891154011321887,4,4,1,8,1,1,0,3.8
layer,3,0,2,129,decode,8,4,4,0,0,0,441,0,0,0,0,32,9,2,0,0,0,0,0,0,60,lru,0,0,0,0,0,0,8,8,8,0,0,0,11,0,0,0,0,0,0,0,0,0,0,0,0,15750369181827034333,4,4,0,8,0,0,0,3.8
layer,3,0,2,129,decode,9,4,3,1,320,165,447,17,2,0,2,393,8,3,0,0,0,0,0,0,60,lru,0,0,0,0,0,0,8,7,8,0,1,0,9,0,0,0,0,0,0,0,0,1900544,0,1900544,3,2006126965520706404,4,4,2,8,2,1,0,3.8
layer,3,0,2,129,decode,10,4,2,2,664,285,313,27,2,0,2,761,9,3,0,0,0,0,0,0,60,lru,0,0,0,0,0,0,8,2,8,0,2,0,8,0,0,0,0,0,0,0,0,3801088,0,3801088,6,3759654283283461690,4,4,3,8,3,1,0,3.8
layer,3,0,2,129,decode,11,4,2,2,2697,285,571,51,1,0,1,2795,9,3,0,0,0,0,0,0,60,lru,0,0,0,0,0,0,8,6,8,0,2,0,8,0,0,0,0,0,0,0,0,3801088,0,3801088,6,76593789541441681,4,4,5,8,5,3,0,3.8
layer,3,0,2,129,decode,12,4,2,2,797,268,454,52,1,0,1,915,11,4,0,0,0,0,0,0,60,lru,0,0,0,0,0,0,8,2,8,0,2,0,10,0,0,0,0,0,0,0,0,3801088,0,3801088,6,18322068005284588205,4,4,3,8,3,1,0,3.8
layer,3,0,2,129,decode,13,4,3,1,356,171,743,23,2,0,2,447,10,4,0,0,0,0,0,0,60,lru,0,0,0,0,0,0,8,7,8,0,1,0,10,0,0,0,0,0,0,0,0,1900544,0,1900544,3,15487452751112710891,4,4,3,8,3,2,0,3.8
layer,3,0,2,129,decode,14,4,4,0,0,0,422,0,0,0,0,37,11,4,0,0,0,0,0,0,60,lru,0,0,0,0,0,0,8,8,8,0,0,0,11,0,0,0,0,0,0,0,0,0,0,0,0,14150364592763107298,4,4,1,8,1,1,0,3.8
layer,3,0,2,129,decode,15,4,3,1,389,164,389,14,1,0,1,464,9,5,0,0,0,0,0,0,60,lru,0,0,0,0,0,0,8,7,8,0,1,0,11,0,0,0,0,0,0,0,0,1900544,0,1900544,3,10843699677398472106,4,4,3,8,3,2,0,3.8
layer,3,0,2,129,decode,16,4,3,1,366,168,382,17,2,0,2,442,9,3,0,0,0,0,0,0,60,lru,0,0,0,0,0,0,8,7,8,0,1,0,9,0,0,0,0,0,0,0,0,1900544,0,1900544,3,974168355268651220,4,4,3,8,3,2,0,3.8
layer,3,0,2,129,decode,17,4,2,2,612,302,425,36,1,0,1,736,9,6,0,0,0,0,0,0,60,lru,0,0,0,0,0,0,8,6,8,0,2,0,9,0,0,0,0,0,0,0,0,3801088,0,3801088,6,5742968698351092291,4,4,4,8,4,2,0,3.8
layer,3,0,2,129,decode,18,4,3,1,318,169,357,13,1,0,1,398,9,3,0,0,0,0,0,0,60,lru,0,0,0,0,0,0,8,7,8,0,1,0,11,0,0,0,0,0,0,0,0,1900544,0,1900544,3,14228530030605661136,4,4,3,8,3,2,0,3.8
layer,3,0,2,129,decode,19,4,4,0,0,0,540,0,0,0,0,31,9,3,0,0,0,0,0,0,60,lru,0,0,0,0,0,0,8,8,8,0,0,0,10,0,0,0,0,0,0,0,0,0,0,0,0,8779985708652089962,4,4,1,8,1,1,0,3.8
layer,3,0,2,129,decode,20,4,4,0,0,0,439,0,0,0,0,30,9,2,0,0,0,0,0,0,60,lru,0,0,0,0,0,0,8,8,8,0,0,0,10,0,0,0,0,0,0,0,0,0,0,0,0,14112812933220228032,4,4,1,8,1,1,0,3.8
layer,3,0,2,129,decode,21,4,2,2,6071,387,409,42,2,0,2,6181,8,3,0,0,0,0,0,0,60,lru,0,0,0,0,0,0,8,6,8,0,2,0,10,0,0,0,0,0,0,0,0,3801088,0,3801088,6,12655505646590248013,4,4,2,8,2,0,0,3.8
layer,3,0,2,129,decode,22,4,3,1,323,159,395,25,1,0,1,403,9,3,0,0,0,0,0,0,60,lru,0,0,0,0,0,0,8,7,8,0,1,0,10,0,0,0,0,0,0,0,0,1900544,0,1900544,3,5273597231608101410,4,4,4,8,4,3,0,3.8
layer,3,0,2,129,decode,23,4,1,3,5687,370,414,107,2,0,2,5889,9,26,0,0,0,0,0,0,60,lru,0,0,0,0,0,0,8,1,8,0,3,0,9,0,0,0,0,0,0,0,0,5701632,0,5701632,9,15142440278461288835,4,4,7,8,7,4,0,3.8
layer,3,0,2,129,decode,24,4,2,2,738,292,385,40,1,0,1,839,9,3,0,0,0,0,0,0,60,lru,0,0,0,0,0,0,8,6,8,0,2,0,7,0,0,0,0,0,0,0,0,3801088,0,3801088,6,5503177415249193345,4,4,5,8,5,3,0,3.8
layer,3,0,2,129,decode,25,4,3,1,361,168,485,10,1,0,1,427,9,3,0,0,0,0,0,0,60,lru,0,0,0,0,0,0,8,7,8,0,1,0,8,0,0,0,0,0,0,0,0,1900544,0,1900544,3,3980064585259838052,4,4,3,8,3,2,0,3.8
layer,3,0,2,129,decode,26,4,2,2,657,257,410,97,2,0,2,812,10,4,0,0,0,0,0,0,60,lru,0,0,0,0,0,0,8,6,8,0,2,0,9,0,0,0,0,0,0,0,0,3801088,0,3801088,6,7942724142200509417,4,4,2,8,2,0,0,3.8
layer,3,0,2,129,decode,27,4,2,2,741,247,418,30,1,0,1,862,9,3,0,0,0,0,0,0,60,lru,0,0,0,0,0,0,8,2,8,0,2,0,11,0,0,0,0,0,0,0,0,3801088,0,3801088,6,4695153776640113620,4,4,5,8,5,3,0,3.8
layer,3,0,2,129,decode,28,4,2,2,4438,288,381,31,1,0,1,4538,10,4,0,0,0,0,0,0,60,lru,0,0,0,0,0,0,8,2,8,0,2,0,9,0,0,0,0,0,0,0,0,3801088,0,3801088,6,9598297871705367415,4,4,3,8,3,1,0,3.8
layer,3,0,2,129,decode,29,4,2,2,629,260,406,37,1,0,1,731,9,3,0,0,0,0,0,0,60,lru,0,0,0,0,0,0,8,6,8,0,2,0,8,0,0,0,0,0,0,0,0,3801088,0,3801088,6,8117096877664535359,4,4,5,8,5,3,0,3.8
layer,3,0,2,129,decode,30,4,2,2,757,290,670,31,2,0,2,865,9,3,0,0,0,0,0,0,60,lru,0,0,0,0,0,0,8,2,8,0,2,0,7,0,0,0,0,0,0,0,0,3801088,0,3801088,6,6093669227923424203,4,4,3,8,3,1,0,3.8
layer,3,0,2,129,decode,31,4,1,3,984,416,431,94,2,0,2,1134,11,4,0,0,0,0,0,0,60,lru,0,0,0,0,0,0,8,1,8,0,3,0,12,0,0,0,0,0,0,0,0,5701632,0,5701632,9,8148033028913976247,4,4,6,8,6,3,0,3.8
layer,3,0,2,129,decode,32,4,2,2,1805,286,519,40,2,0,2,1920,9,3,0,0,0,0,0,0,60,lru,0,0,0,0,0,0,8,2,8,0,2,0,12,0,0,0,0,0,0,0,0,3801088,0,3801088,6,16642353015484540962,4,4,4,8,4,2,0,3.8
layer,3,0,2,129,decode,33,4,1,3,1052,421,411,55,2,0,2,1218,12,4,0,0,0,0,0,0,60,lru,0,0,0,0,0,0,8,1,8,0,3,0,10,0,0,0,0,0,0,0,0,5701632,0,5701632,9,267435954301027104,4,4,7,8,7,4,0,3.8
layer,3,0,2,129,decode,34,4,3,1,368,184,357,15,1,0,1,438,10,3,0,0,0,0,0,0,60,lru,0,0,0,0,0,0,8,7,8,0,1,0,8,0,0,0,0,0,0,0,0,2039808,0,2039808,3,1368594232293107880,4,4,4,8,4,3,0,3.8
layer,3,0,2,129,decode,35,4,0,4,1667,569,411,116,2,0,2,1883,9,19,0,0,0,0,0,0,60,lru,0,0,0,0,0,0,8,0,8,0,4,0,9,0,0,0,0,0,0,0,0,7602176,0,7602176,12,7811313778472687660,4,4,7,8,7,3,0,3.8
layer,3,0,2,129,decode,36,4,2,2,641,302,393,38,2,0,2,756,9,3,0,0,0,0,0,0,60,lru,0,0,0,0,0,0,8,6,8,0,2,0,10,0,0,0,0,0,0,0,0,3801088,0,3801088,6,8817267746519535156,4,4,5,8,5,3,0,3.8
layer,3,0,2,129,decode,37,4,2,2,766,317,386,29,2,0,2,879,9,3,0,0,0,0,0,0,60,lru,0,0,0,0,0,0,8,6,8,0,2,0,10,0,0,0,0,0,0,0,0,3801088,0,3801088,6,5563605079096226929,4,4,5,8,5,3,0,3.8
layer,3,0,2,129,decode,38,4,3,1,399,158,505,12,1,0,1,471,9,3,0,0,0,0,0,0,60,lru,0,0,0,0,0,0,8,3,8,0,1,0,9,0,0,0,0,0,0,0,0,2039808,0,2039808,3,6127005088042792022,4,4,1,8,1,0,0,3.8
layer,3,0,2,129,decode,39,4,2,2,770,309,773,29,2,0,2,869,10,3,0,0,0,0,0,0,60,lru,0,0,0,0,0,0,8,6,8,0,2,0,10,0,0,0,0,0,0,0,0,4079616,0,4079616,6,16278566382525203625,4,4,5,8,5,3,0,3.8
request,3,0,2,0,decode,-1,0,0,0,0,0,0,0,0,0,0,0,0,0,0,0,0,0,0,0,0,,66534,537,0,0,15,0,0,0,0,0,0,0,0,0,0,0,0,0,0,0,0,0,0,0,0,0,0,0,0,0,0,0,0,0
layer,4,0,3,130,decode,0,4,3,1,401,147,149,12,6,0,6,486,11,3,0,0,0,0,0,0,60,lru,0,0,0,0,0,0,8,7,8,0,1,0,14,0,0,0,0,0,0,0,0,1900544,0,1900544,3,13078433122374814054,4,4,4,8,4,3,0,3.8
layer,4,0,3,130,decode,1,4,4,0,0,0,181,0,0,0,0,31,8,2,0,0,0,0,0,0,60,lru,0,0,0,0,0,0,8,8,8,0,0,0,10,0,0,0,0,0,0,0,0,0,0,0,0,9776382939445418239,4,4,2,8,2,2,0,3.8
layer,4,0,3,130,decode,2,4,3,1,396,101,141,19,6,0,6,473,8,3,0,0,0,0,0,0,60,lru,0,0,0,0,0,0,8,7,8,0,1,0,10,0,0,0,0,0,0,0,0,1900544,0,1900544,3,16549698933291815614,4,4,4,8,4,3,0,3.8
layer,4,0,3,130,decode,3,4,4,0,0,0,185,0,0,0,0,30,8,2,0,0,0,0,0,0,60,lru,0,0,0,0,0,0,8,8,8,0,0,0,9,0,0,0,0,0,0,0,0,0,0,0,0,12036899591994239491,4,4,1,8,1,1,0,3.8
layer,4,0,3,130,decode,4,4,4,0,0,0,174,0,0,0,0,26,7,2,0,0,0,0,0,0,60,lru,0,0,0,0,0,0,8,8,8,0,0,0,9,0,0,0,0,0,0,0,0,0,0,0,0,7059730688841552790,4,4,1,8,1,1,0,3.8
layer,4,0,3,130,decode,5,4,3,1,377,154,154,16,5,0,5,447,8,2,0,0,0,0,0,0,60,lru,0,0,0,0,0,0,8,7,8,0,1,0,9,0,0,0,0,0,0,0,0,1900544,0,1900544,3,8877300187440851748,4,4,3,8,3,2,0,3.8
layer,4,0,3,130,decode,6,4,2,2,952,339,139,43,5,0,5,1065,8,5,0,0,0,0,0,0,60,lru,0,0,0,0,0,0,8,2,8,0,2,0,8,0,0,0,0,0,0,0,0,3801088,0,3801088,6,17032128305396972001,4,4,3,8,3,1,0,3.8
layer,4,0,3,130,decode,7,4,3,1,429,193,155,36,8,0,8,545,8,16,0,0,0,0,0,0,60,lru,0,0,0,0,0,0,8,7,8,0,1,0,11,0,0,0,0,0,0,0,0,1900544,0,1900544,3,14460412372417826711,4,4,1,8,1,0,0,3.8
layer,4,0,3,130,decode,8,4,4,0,0,0,175,0,0,0,0,27,8,2,0,0,0,0,0,0,60,lru,0,0,0,0,0,0,8,8,8,0,0,0,9,0,0,0,0,0,0,0,0,0,0,0,0,15656069456606134592,4,4,1,8,1,1,0,3.8
layer,4,0,3,130,decode,9,4,4,0,0,0,180,0,0,0,0,26,8,2,0,0,0,0,0,0,60,lru,0,0,0,0,0,0,8,8,8,0,0,0,9,0,0,0,0,0,0,0,0,0,0,0,0,12971268596560628170,4,4,0,8,0,0,0,3.8
layer,4,0,3,130,decode,10,4,4,0,0,0,159,0,0,0,0,22,8,2,0,0,0,0,0,0,60,lru,0,0,0,0,0,0,8,8,8,0,0,0,5,0,0,0,0,0,0,0,0,0,0,0,0,8208956836174054071,4,4,0,8,0,0,0,3.8
layer,4,0,3,130,decode,11,4,3,1,388,201,155,40,1,0,1,462,8,3,0,0,0,0,0,0,60,lru,0,0,0,0,0,0,8,7,8,0,1,0,5,0,0,0,0,0,0,0,0,1900544,0,1900544,3,15019377990662757526,4,4,1,8,1,0,0,3.8
layer,4,0,3,130,decode,12,4,3,1,346,201,149,18,1,0,1,468,8,35,0,0,0,0,0,0,60,lru,0,0,0,0,0,0,8,7,8,0,1,0,6,0,0,0,0,0,0,0,0,1900544,0,1900544,3,428032302283571882,4,4,2,8,2,1,0,3.8
layer,4,0,3,130,decode,13,4,3,1,350,191,167,84,1,0,1,504,8,39,0,0,0,0,0,0,60,lru,0,0,0,0,0,0,8,7,8,0,1,0,7,0,0,0,0,0,0,0,0,1900544,0,1900544,3,8924186582193385729,4,4,2,8,2,1,0,3.8
layer,4,0,3,130,decode,14,4,4,0,0,0,161,0,0,0,0,27,8,2,0,0,0,0,0,0,60,lru,0,0,0,0,0,0,8,8,8,0,0,0,8,0,0,0,0,0,0,0,0,0,0,0,0,10631404991424272461,4,4,1,8,1,1,0,3.8
layer,4,0,3,130,decode,15,4,3,1,356,196,163,71,1,0,1,505,8,30,0,0,0,0,0,0,60,lru,0,0,0,0,0,0,8,3,8,0,1,0,10,0,0,0,0,0,0,0,0,1900544,0,1900544,3,9793197658095345284,4,4,1,8,1,0,0,3.8
layer,4,0,3,130,decode,16,4,4,0,0,0,176,0,0,0,0,24,8,2,0,0,0,0,0,0,60,lru,0,0,0,0,0,0,8,8,8,0,0,0,6,0,0,0,0,0,0,0,0,0,0,0,0,10521401320769842190,4,4,2,8,2,2,0,3.8
layer,4,0,3,130,decode,17,4,4,0,0,0,181,0,0,0,0,24,8,2,0,0,0,0,0,0,60,lru,0,0,0,0,0,0,8,8,8,0,0,0,7,0,0,0,0,0,0,0,0,0,0,0,0,9578889383103312303,4,4,2,8,2,2,0,3.8
layer,4,0,3,130,decode,18,4,4,0,0,0,160,0,0,0,0,20,8,2,0,0,0,0,0,0,60,lru,0,0,0,0,0,0,8,8,8,0,0,0,3,0,0,0,0,0,0,0,0,0,0,0,0,13400562665080866347,4,4,2,8,2,2,0,3.8
layer,4,0,3,130,decode,19,4,4,0,0,0,179,0,0,0,0,22,7,2,0,0,0,0,0,0,60,lru,0,0,0,0,0,0,8,8,8,0,0,0,6,0,0,0,0,0,0,0,0,0,0,0,0,9056008498085144851,4,4,2,8,2,2,0,3.8
layer,4,0,3,130,decode,20,4,3,1,354,199,149,26,1,0,1,462,7,23,0,0,0,0,0,0,60,lru,0,0,0,0,0,0,8,7,8,0,1,0,5,0,0,0,0,0,0,0,0,1900544,0,1900544,3,10066371701756248466,4,4,2,8,2,1,0,3.8
layer,4,0,3,130,decode,21,4,4,0,0,0,180,0,0,0,0,25,8,2,0,0,0,0,0,0,60,lru,0,0,0,0,0,0,8,8,8,0,0,0,6,0,0,0,0,0,0,0,0,0,0,0,0,459717484904868512,4,4,0,8,0,0,0,3.8
layer,4,0,3,130,decode,22,4,4,0,0,0,158,0,0,0,0,21,8,2,0,0,0,0,0,0,60,lru,0,0,0,0,0,0,8,8,8,0,0,0,6,0,0,0,0,0,0,0,0,0,0,0,0,2845762617103576686,4,4,2,8,2,2,0,3.8
layer,4,0,3,130,decode,23,4,4,0,0,0,177,0,0,0,0,21,7,2,0,0,0,0,0,0,60,lru,0,0,0,0,0,0,8,8,8,0,0,0,6,0,0,0,0,0,0,0,0,0,0,0,0,16806472308046738530,4,4,1,8,1,1,0,3.8
layer,4,0,3,130,decode,24,4,3,1,339,207,148,29,1,0,1,419,7,8,0,0,0,0,0,0,60,lru,0,0,0,0,0,0,8,7,8,0,1,0,7,0,0,0,0,0,0,0,0,1900544,0,1900544,3,5749099972074911345,4,4,3,8,3,2,0,3.8
layer,4,0,3,130,decode,25,4,3,1,335,191,162,83,1,0,1,483,8,20,0,0,0,0,0,0,60,lru,0,0,0,0,0,0,8,7,8,0,1,0,4,0,0,0,0,0,0,0,0,1900544,0,1900544,3,5297954392021419317,4,4,3,8,3,2,0,3.8
layer,4,0,3,130,decode,26,4,1,3,1403,488,137,116,1,0,1,1598,8,19,0,0,0,0,0,0,60,lru,0,0,0,0,0,0,8,1,8,0,3,0,5,0,0,0,0,0,0,0,0,5701632,0,5701632,9,15628415264836742450,4,4,6,8,6,3,0,3.8
layer,4,0,3,130,decode,27,4,3,1,450,239,152,50,1,0,1,549,7,10,0,0,0,0,0,0,60,lru,0,0,0,0,0,0,8,3,8,0,1,0,5,0,0,0,0,0,0,0,0,1900544,0,1900544,3,6715471078280539728,4,4,3,8,3,2,0,3.8
layer,4,0,3,130,decode,28,4,4,0,0,0,175,0,0,0,0,22,8,2,0,0,0,0,0,0,60,lru,0,0,0,0,0,0,8,8,8,0,0,0,4,0,0,0,0,0,0,0,0,0,0,0,0,11243632614614782402,4,4,3,8,3,3,0,3.8
layer,4,0,3,130,decode,29,4,3,1,4568,279,153,67,1,0,1,4684,7,17,0,0,0,0,0,0,60,lru,0,0,0,0,0,0,8,7,8,0,1,0,5,0,0,0,0,0,0,0,0,1900544,0,1900544,3,194829979819220944,4,4,2,8,2,1,0,3.8
layer,4,0,3,130,decode,30,4,2,2,705,283,137,79,1,0,1,799,8,3,0,0,0,0,0,0,60,lru,0,0,0,0,0,0,8,2,8,0,2,0,3,0,0,0,0,0,0,0,0,3801088,0,3801088,6,15069538351619275358,4,4,5,8,5,3,0,3.8
layer,4,0,3,130,decode,31,4,2,2,1208,272,154,39,1,0,1,1303,8,3,0,0,0,0,0,0,60,lru,0,0,0,0,0,0,8,6,8,0,2,0,6,0,0,0,0,0,0,0,0,3801088,0,3801088,6,3457921919763651916,4,4,5,8,5,3,0,3.8
layer,4,0,3,130,decode,32,4,1,3,1035,443,147,86,1,0,1,1205,8,21,0,0,0,0,0,0,60,lru,0,0,0,0,0,0,8,1,8,0,3,0,5,0,0,0,0,0,0,0,0,5701632,0,5701632,9,1107905058554979020,4,4,7,8,7,4,0,3.8
layer,4,0,3,130,decode,33,4,1,3,2214,390,153,74,1,0,1,2350,8,4,0,0,0,0,0,0,60,lru,0,0,0,0,0,0,8,1,8,0,3,0,10,0,0,0,0,0,0,0,0,5701632,0,5701632,9,366107515318872101,4,4,6,8,6,3,0,3.8
layer,4,0,3,130,decode,34,4,1,3,9056,551,137,58,1,0,1,9175,8,3,0,0,0,0,0,0,60,lru,0,0,0,0,0,0,8,1,8,0,3,0,6,0,0,0,0,0,0,0,0,6119424,0,6119424,9,14096927041735406230,4,4,5,8,5,2,0,3.8
layer,4,0,3,130,decode,35,4,1,3,2302,414,153,106,1,0,1,2433,8,3,0,0,0,0,0,0,60,lru,0,0,0,0,0,0,8,1,8,0,3,0,6,0,0,0,0,0,0,0,0,5701632,0,5701632,9,2235766174632013715,4,4,4,8,4,1,0,3.8
layer,4,0,3,130,decode,36,4,0,4,5505,529,146,148,2,0,2,5671,8,3,0,0,0,0,0,0,60,lru,0,0,0,0,0,0,8,0,8,0,4,0,7,0,0,0,0,0,0,0,0,7602176,0,7602176,12,14705697963679940260,4,4,6,8,6,2,0,3.8
layer,4,0,3,130,decode,37,4,2,2,3222,344,153,32,1,0,1,3332,7,18,0,0,0,0,0,0,60,lru,0,0,0,0,0,0,8,6,8,0,2,0,4,0,0,0,0,0,0,0,0,3801088,0,3801088,6,3233118492518881011,4,4,4,8,4,2,0,3.8
layer,4,0,3,130,decode,38,4,1,3,1851,445,139,52,2,0,2,1988,8,3,0,0,0,0,0,0,60,lru,0,0,0,0,0,0,8,1,8,0,3,0,7,0,0,0,0,0,0,0,0,6119424,0,6119424,9,4161072582220947546,4,4,5,8,5,2,0,3.8
layer,4,0,3,130,decode,39,4,0,4,5842,669,668,123,1,0,1,6033,8,15,0,0,0,0,0,0,60,lru,0,0,0,0,0,0,8,0,8,0,4,0,6,0,0,0,0,0,0,0,0,8159232,0,8159232,12,10817188479972765836,4,4,8,8,8,4,0,3.8
request,4,0,3,0,decode,-1,0,0,0,0,0,0,0,0,0,0,0,0,0,0,0,0,0,0,0,0,,57016,442,0,0,19,0,0,0,0,0,0,0,0,0,0,0,0,0,0,0,0,0,0,0,0,0,0,0,0,0,0,0,0,0
layer,5,0,4,131,decode,0,4,4,0,0,0,171,0,0,0,0,31,11,2,0,0,0,0,0,0,60,lru,0,0,0,0,0,0,8,8,8,0,0,0,10,0,0,0,0,0,0,0,0,0,0,0,0,3400594129893413490,4,4,2,8,2,2,0,3.8
layer,5,0,4,131,decode,1,4,3,1,344,164,154,11,5,0,5,418,8,3,0,0,0,0,0,0,60,lru,0,0,0,0,0,0,8,7,8,0,1,0,7,0,0,0,0,0,0,0,0,1900544,0,1900544,3,16004340424709837616,4,4,2,8,2,1,0,3.8
layer,5,0,4,131,decode,2,4,2,2,714,304,139,81,3,0,3,817,8,3,0,0,0,0,0,0,60,lru,0,0,0,0,0,0,8,2,8,0,2,0,6,0,0,0,0,0,0,0,0,3801088,0,3801088,6,6846447449144745049,4,4,4,8,4,2,0,3.8
layer,5,0,4,131,decode,3,4,3,1,338,160,155,18,5,0,5,416,9,3,0,0,0,0,0,0,60,lru,0,0,0,0,0,0,8,7,8,0,1,0,8,0,0,0,0,0,0,0,0,1900544,0,1900544,3,13794683725162699467,4,4,3,8,3,2,0,3.8
layer,5,0,4,131,decode,4,4,4,0,0,0,170,0,0,0,0,24,8,2,0,0,0,0,0,0,60,lru,0,0,0,0,0,0,8,8,8,0,0,0,6,0,0,0,0,0,0,0,0,0,0,0,0,17195987552855009240,4,4,0,8,0,0,0,3.8
layer,5,0,4,131,decode,5,4,3,1,336,177,154,17,3,0,3,441,7,17,0,0,0,0,0,0,60,lru,0,0,0,0,0,0,8,3,8,0,1,0,6,0,0,0,0,0,0,0,0,1900544,0,1900544,3,10614957309597025354,4,4,3,8,3,2,0,3.8
layer,5,0,4,131,decode,6,4,4,0,0,0,156,0,0,0,0,25,8,2,0,0,0,0,0,0,60,lru,0,0,0,0,0,0,8,8,8,0,0,0,6,0,0,0,0,0,0,0,0,0,0,0,0,2557121950539897007,4,4,1,8,1,1,0,3.8
layer,5,0,4,131,decode,7,4,3,1,325,164,154,30,3,0,3,424,8,23,0,0,0,0,0,0,60,lru,0,0,0,0,0,0,8,7,8,0,1,0,5,0,0,0,0,0,0,0,0,1900544,0,1900544,3,6270205900373898624,4,4,1,8,1,0,0,3.8
layer,5,0,4,131,decode,8,4,3,1,310,186,149,22,7,0,7,397,8,3,0,0,0,0,0,0,60,lru,0,0,0,0,0,0,8,7,8,0,1,0,8,0,0,0,0,0,0,0,0,1900544,0,1900544,3,2335523650741736857,4,4,1,8,1,0,0,3.8
layer,5,0,4,131,decode,9,4,4,0,0,0,176,0,0,0,0,24,8,2,0,0,0,0,0,0,60,lru,0,0,0,0,0,0,8,8,8,0,0,0,6,0,0,0,0,0,0,0,0,0,0,0,0,7003594390079086163,4,4,0,8,0,0,0,3.8
layer,5,0,4,131,decode,10,4,4,0,0,0,155,0,0,0,0,23,7,2,0,0,0,0,0,0,60,lru,0,0,0,0,0,0,8,8,8,0,0,0,7,0,0,0,0,0,0,0,0,0,0,0,0,7230346732559386597,4,4,2,8,2,2,0,3.8
layer,5,0,4,131,decode,11,4,2,2,660,299,153,72,1,0,1,797,8,17,0,0,0,0,0,0,60,lru,0,0,0,0,0,0,8,2,8,0,2,0,6,0,0,0,0,0,0,0,0,3801088,0,3801088,6,16069947204122160773,4,4,3,8,3,1,0,3.8
layer,5,0,4,131,decode,12,4,3,1,316,143,148,21,1,0,1,388,8,2,0,0,0,0,0,0,60,lru,0,0,0,0,0,0,8,7,8,0,1,0,5,0,0,0,0,0,0,0,0,1900544,0,1900544,3,1891915761182489163,4,4,1,8,1,0,0,3.8
layer,5,0,4,131,decode,13,4,3,1,308,105,155,21,1,0,1,377,8,2,0,0,0,0,0,0,60,lru,0,0,0,0,0,0,8,7,8,0,1,0,4,0,0,0,0,0,0,0,0,1900544,0,1900544,3,5768960409228083987,4,4,2,8,2,1,0,3.8
layer,5,0,4,131,decode,14,4,3,1,306,163,138,13,1,0,1,383,8,3,0,0,0,0,0,0,60,lru,0,0,0,0,0,0,8,7,8,0,1,0,4,0,0,0,0,0,0,0,0,1900544,0,1900544,3,1142481565105961865,4,4,2,8,2,1,0,3.8
layer,5,0,4,131,decode,15,4,4,0,0,0,176,0,0,0,0,27,9,3,0,0,0,0,0,0,60,lru,0,0,0,0,0,0,8,8,8,0,0,0,6,0,0,0,0,0,0,0,0,0,0,0,0,813869295889932675,4,4,0,8,0,0,0,3.8
layer,5,0,4,131,decode,16,4,4,0,0,0,169,0,0,0,0,20,8,2,0,0,0,0,0,0,60,lru,0,0,0,0,0,0,8,8,8,0,0,0,5,0,0,0,0,0,0,0,0,0,0,0,0,4256803475217346022,4,4,2,8,2,2,0,3.8
layer,5,0,4,131,decode,17,4,4,0,0,0,176,0,0,0,0,21,8,2,0,0,0,0,0,0,60,lru,0,0,0,0,0,0,8,8,8,0,0,0,5,0,0,0,0,0,0,0,0,0,0,0,0,3808298191093150956,4,4,1,8,1,1,0,3.8
layer,5,0,4,131,decode,18,4,4,0,0,0,155,0,0,0,0,21,8,2,0,0,0,0,0,0,60,lru,0,0,0,0,0,0,8,8,8,0,0,0,6,0,0,0,0,0,0,0,0,0,0,0,0,14733319217939839028,4,4,3,8,3,3,0,3.8
layer,5,0,4,131,decode,19,4,4,0,0,0,174,0,0,0,0,20,8,2,0,0,0,0,0,0,60,lru,0,0,0,0,0,0,8,8,8,0,0,0,5,0,0,0,0,0,0,0,0,0,0,0,0,12764925397709623299,4,4,0,8,0,0,0,3.8
layer,5,0,4,131,decode,20,4,3,1,320,173,149,31,1,0,1,408,9,2,0,0,0,0,0,0,60,lru,0,0,0,0,0,0,8,3,8,0,1,0,6,0,0,0,0,0,0,0,0,1900544,0,1900544,3,18138902382742139013,4,4,1,8,1,0,0,3.8
layer,5,0,4,131,decode,21,4,3,1,310,154,153,36,1,0,1,381,8,3,0,0,0,0,0,0,60,lru,0,0,0,0,0,0,8,7,8,0,1,0,5,0,0,0,0,0,0,0,0,1900544,0,1900544,3,1487445169750285917,4,4,1,8,1,0,0,3.8
layer,5,0,4,131,decode,22,4,4,0,0,0,155,0,0,0,0,26,10,2,0,0,0,0,0,0,60,lru,0,0,0,0,0,0,8,8,8,0,0,0,6,0,0,0,0,0,0,0,0,0,0,0,0,14375515198799797197,4,4,4,8,4,4,0,3.8
layer,5,0,4,131,decode,23,4,3,1,294,172,153,17,1,0,1,373,8,2,0,0,0,0,0,0,60,lru,0,0,0,0,0,0,8,7,8,0,1,0,4,0,0,0,0,0,0,0,0,1900544,0,1900544,3,18080613581299018078,4,4,1,8,1,0,0,3.8
layer,5,0,4,131,decode,24,4,4,0,0,0,171,0,0,0,0,23,8,2,0,0,0,0,0,0,60,lru,0,0,0,0,0,0,8,8,8,0,0,0,6,0,0,0,0,0,0,0,0,0,0,0,0,4930811191069657500,4,4,1,8,1,1,0,3.8
layer,5,0,4,131,decode,25,4,3,1,321,167,155,7,1,0,1,384,9,3,0,0,0,0,0,0,60,lru,0,0,0,0,0,0,8,7,8,0,1,0,6,0,0,0,0,0,0,0,0,1900544,0,1900544,3,10230170743851272625,4,4,3,8,3,2,0,3.8
layer,5,0,4,131,decode,26,4,4,0,0,0,156,0,0,0,0,23,8,2,0,0,0,0,0,0,60,lru,0,0,0,0,0,0,8,8,8,0,0,0,6,0,0,0,0,0,0,0,0,0,0,0,0,9733626745682331536,4,4,2,8,2,2,0,3.8
layer,5,0,4,131,decode,27,4,3,1,345,164,154,29,1,0,1,410,7,3,0,0,0,0,0,0,60,lru,0,0,0,0,0,0,8,7,8,0,1,0,7,0,0,0,0,0,0,0,0,1900544,0,1900544,3,12561386341647683829,4,4,3,8,3,2,0,3.8
layer,5,0,4,131,decode,28,4,2,2,775,305,147,42,1,0,1,926,9,29,0,0,0,0,0,0,60,lru,0,0,0,0,0,0,8,2,8,0,2,0,5,0,0,0,0,0,0,0,0,3801088,0,3801088,6,11104243708978766237,4,4,2,8,2,0,0,3.8
layer,5,0,4,131,decode,29,4,1,3,1098,367,152,95,1,0,1,1225,8,2,0,0,0,0,0,0,60,lru,0,0,0,0,0,0,8,5,8,0,3,0,4,0,0,0,0,0,0,0,0,5701632,0,5701632,9,15753750213092125147,4,4,3,8,3,0,0,3.8
layer,5,0,4,131,decode,30,4,3,1,350,169,139,19,1,0,1,414,7,2,0,0,0,0,0,0,60,lru,0,0,0,0,0,0,8,7,8,0,1,0,5,0,0,0,0,0,0,0,0,1900544,0,1900544,3,2764833717273357583,4,4,3,8,3,2,0,3.8
layer,5,0,4,131,decode,31,4,3,1,353,170,155,15,1,0,1,434,8,3,0,0,0,0,0,0,60,lru,0,0,0,0,0,0,8,7,8,0,1,0,6,0,0,0,0,0,0,0,0,1900544,0,1900544,3,3542551198540256373,4,4,4,8,4,3,0,3.8
layer,5,0,4,131,decode,32,4,3,1,295,177,149,14,1,0,1,380,8,3,0,0,0,0,0,0,60,lru,0,0,0,0,0,0,8,7,8,0,1,0,7,0,0,0,0,0,0,0,0,1900544,0,1900544,3,16660043334716882430,4,4,3,8,3,2,0,3.8
layer,5,0,4,131,decode,33,4,1,3,1099,415,150,49,1,0,1,1226,8,3,0,0,0,0,0,0,60,lru,0,0,0,0,0,0,8,5,8,0,3,0,5,0,0,0,0,0,0,0,0,5701632,0,5701632,9,191971616664605891,4,4,6,8,6,3,0,3.8
layer,5,0,4,131,decode,34,4,3,1,1061,175,139,27,1,0,1,1162,8,17,0,0,0,0,0,0,60,lru,0,0,0,0,0,0,8,3,8,0,1,0,6,0,0,0,0,0,0,0,0,2039808,0,2039808,3,8772022898132870262,4,4,5,8,5,4,0,3.8
layer,5,0,4,131,decode,35,4,2,2,669,311,152,31,2,0,2,764,8,2,0,0,0,0,0,0,60,lru,0,0,0,0,0,0,8,6,8,0,2,0,6,0,0,0,0,0,0,0,0,3801088,0,3801088,6,7048071681571746541,4,4,2,8,2,0,0,3.8
layer,5,0,4,131,decode,36,4,1,3,3746,402,147,127,1,0,1,3949,9,23,0,0,0,0,0,0,60,lru,0,0,0,0,0,0,8,1,8,0,3,0,6,0,0,0,0,0,0,0,0,5701632,0,5701632,9,5795034230271454429,4,4,4,8,4,1,0,3.8
layer,5,0,4,131,decode,37,4,3,1,310,181,153,27,1,0,1,381,8,3,0,0,0,0,0,0,60,lru,0,0,0,0,0,0,8,7,8,0,1,0,5,0,0,0,0,0,0,0,0,1900544,0,1900544,3,6561384386912636123,4,4,3,8,3,2,0,3.8
layer,5,0,4,131,decode,38,4,3,1,371,156,140,20,1,0,1,436,8,2,0,0,0,0,0,0,60,lru,0,0,0,0,0,0,8,7,8,0,1,0,5,0,0,0,0,0,0,0,0,2039808,0,2039808,3,4002762311680293133,4,4,3,8,3,2,0,3.8
layer,5,0,4,131,decode,39,4,2,2,2087,283,671,45,1,0,1,2180,7,3,0,0,0,0,0,0,60,lru,0,0,0,0,0,0,8,6,8,0,2,0,4,0,0,0,0,0,0,0,0,4079616,0,4079616,6,7993368528635250471,4,4,3,8,3,1,0,3.8
request,5,0,4,0,decode,-1,0,0,0,0,0,0,0,0,0,0,0,0,0,0,0,0,0,0,0,0,,29798,411,0,0,18,0,0,0,0,0,0,0,0,0,0,0,0,0,0,0,0,0,0,0,0,0,0,0,0,0,0,0,0,0
layer,6,0,5,132,decode,0,4,4,0,0,0,171,0,0,0,0,31,11,3,0,0,0,0,0,0,60,lru,0,0,0,0,0,0,8,8,8,0,0,0,10,0,0,0,0,0,0,0,0,0,0,0,0,15610980972694094286,4,4,2,8,2,2,0,3.8
layer,6,0,5,132,decode,1,4,1,3,1083,420,156,91,3,0,3,1223,8,4,0,0,0,0,0,0,60,lru,0,0,0,0,0,0,8,5,8,0,3,0,6,0,0,0,0,0,0,0,0,5701632,0,5701632,9,15618445292336108403,4,4,3,8,3,0,0,3.8
layer,6,0,5,132,decode,2,4,4,0,0,0,157,0,0,0,0,31,9,2,0,0,0,0,0,0,60,lru,0,0,0,0,0,0,8,8,8,0,0,0,7,0,0,0,0,0,0,0,0,0,0,0,0,17948573459253907435,4,4,2,8,2,2,0,3.8
layer,6,0,5,132,decode,3,4,4,0,0,0,177,0,0,0,0,25,9,2,0,0,0,0,0,0,60,lru,0,0,0,0,0,0,8,8,8,0,0,0,6,0,0,0,0,0,0,0,0,0,0,0,0,8154590921031816548,4,4,0,8,0,0,0,3.8
layer,6,0,5,132,decode,4,4,3,1,332,163,163,83,4,0,4,477,8,24,0,0,0,0,0,0,60,lru,0,0,0,0,0,0,8,7,8,0,1,0,4,0,0,0,0,0,0,0,0,1900544,0,1900544,3,9888893230642289270,4,4,1,8,1,0,0,3.8
layer,6,0,5,132,decode,5,4,4,0,0,0,176,0,0,0,0,27,8,2,0,0,0,0,0,0,60,lru,0,0,0,0,0,0,8,8,8,0,0,0,7,0,0,0,0,0,0,0,0,0,0,0,0,15824461623863874120,4,4,1,8,1,1,0,3.8
layer,6,0,5,132,decode,6,4,4,0,0,0,155,0,0,0,0,22,8,2,0,0,0,0,0,0,60,lru,0,0,0,0,0,0,8,8,8,0,0,0,5,0,0,0,0,0,0,0,0,0,0,0,0,2258279193015315287,4,4,1,8,1,1,0,3.8
layer,6,0,5,132,decode,7,4,4,0,0,0,175,0,0,0,0,23,8,2,0,0,0,0,0,0,60,lru,0,0,0,0,0,0,8,8,8,0,0,0,5,0,0,0,0,0,0,0,0,0,0,0,0,12621041646584878163,4,4,0,8,0,0,0,3.8
layer,6,0,5,132,decode,8,4,3,1,4422,155,150,14,2,0,2,4486,8,2,0,0,0,0,0,0,60,lru,0,0,0,0,0,0,8,7,8,0,1,0,5,0,0,0,0,0,0,0,0,1900544,0,1900544,3,13777959588489656249,4,4,2,8,2,1,0,3.8
layer,6,0,5,132,decode,9,4,4,0,0,0,175,0,0,0,0,30,8,2,0,0,0,0,0,0,60,lru,0,0,0,0,0,0,8,8,8,0,0,0,10,0,0,0,0,0,0,0,0,0,0,0,0,5325897675757140227,4,4,0,8,0,0,0,3.8
layer,6,0,5,132,decode,10,4,4,0,0,0,155,0,0,0,0,24,8,2,0,0,0,0,0,0,60,lru,0,0,0,0,0,0,8,8,8,0,0,0,6,0,0,0,0,0,0,0,0,0,0,0,0,6320782373113917528,4,4,1,8,1,1,0,3.8
layer,6,0,5,132,decode,11,4,3,1,633,178,154,21,1,0,1,708,8,3,0,0,0,0,0,0,60,lru,0,0,0,0,0,0,8,7,8,0,1,0,5,0,0,0,0,0,0,0,0,1900544,0,1900544,3,14079581206387433966,4,4,2,8,2,1,0,3.8
layer,6,0,5,132,decode,12,4,4,0,0,0,171,0,0,0,0,24,8,2,0,0,0,0,0,0,60,lru,0,0,0,0,0,0,8,8,8,0,0,0,6,0,0,0,0,0,0,0,0,0,0,0,0,8267861262202087195,4,4,0,8,0,0,0,3.8
layer,6,0,5,132,decode,13,4,4,0,0,0,175,0,0,0,0,22,8,2,0,0,0,0,0,0,60,lru,0,0,0,0,0,0,8,8,8,0,0,0,5,0,0,0,0,0,0,0,0,0,0,0,0,3729560499014965440,4,4,2,8,2,2,0,3.8
layer,6,0,5,132,decode,14,4,4,0,0,0,155,0,0,0,0,20,8,2,0,0,0,0,0,0,60,lru,0,0,0,0,0,0,8,8,8,0,0,0,4,0,0,0,0,0,0,0,0,0,0,0,0,10904652401444561713,4,4,2,8,2,2,0,3.8
layer,6,0,5,132,decode,15,4,3,1,314,162,155,14,1,0,1,425,8,29,0,0,0,0,0,0,60,lru,0,0,0,0,0,0,8,3,8,0,1,0,3,0,0,0,0,0,0,0,0,1900544,0,1900544,3,916848497610123102,4,4,1,8,1,0,0,3.8
layer,6,0,5,132,decode,16,4,4,0,0,0,168,0,0,0,0,20,8,2,0,0,0,0,0,0,60,lru,0,0,0,0,0,0,8,8,8,0,0,0,3,0,0,0,0,0,0,0,0,0,0,0,0,8979249221859260269,4,4,1,8,1,1,0,3.8
layer,6,0,5,132,decode,17,4,2,2,652,271,154,39,1,0,1,796,8,35,0,0,0,0,0,0,60,lru,0,0,0,0,0,0,8,6,8,0,2,0,4,0,0,0,0,0,0,0,0,3801088,0,3801088,6,5405026466520334966,4,4,2,8,2,0,0,3.8
layer,6,0,5,132,decode,18,4,4,0,0,0,154,0,0,0,0,22,8,2,0,0,0,0,0,0,60,lru,0,0,0,0,0,0,8,8,8,0,0,0,4,0,0,0,0,0,0,0,0,0,0,0,0,14897159508457963075,4,4,0,8,0,0,0,3.8
layer,6,0,5,132,decode,19,4,3,1,315,152,154,20,1,0,1,417,7,30,0,0,0,0,0,0,60,lru,0,0,0,0,0,0,8,3,8,0,1,0,3,0,0,0,0,0,0,0,0,1900544,0,1900544,3,1780726230021353618,4,4,3,8,3,2,0,3.8
layer,6,0,5,132,decode,20,4,4,0,0,0,170,0,0,0,0,21,9,2,0,0,0,0,0,0,60,lru,0,0,0,0,0,0,8,8,8,0,0,0,2,0,0,0,0,0,0,0,0,0,0,0,0,17281049576333578782,4,4,0,8,0,0,0,3.8
layer,6,0,5,132,decode,21,4,4,0,0,0,175,0,0,0,0,22,7,2,0,0,0,0,0,0,60,lru,0,0,0,0,0,0,8,8,8,0,0,0,6,0,0,0,0,0,0,0,0,0,0,0,0,3425708857829682802,4,4,0,8,0,0,0,3.8
layer,6,0,5,132,decode,22,4,3,1,317,167,138,31,1,0,1,393,8,3,0,0,0,0,0,0,60,lru,0,0,0,0,0,0,8,3,8,0,1,0,7,0,0,0,0,0,0,0,0,1900544,0,1900544,3,11452688163517705284,4,4,1,8,1,0,0,3.8
layer,6,0,5,132,decode,23,4,4,0,0,0,175,0,0,0,0,22,8,2,0,0,0,0,0,0,60,lru,0,0,0,0,0,0,8,8,8,0,0,0,5,0,0,0,0,0,0,0,0,0,0,0,0,5946964181438121920,4,4,1,8,1,1,0,3.8
layer,6,0,5,132,decode,24,4,3,1,301,128,148,19,1,0,1,361,8,3,0,0,0,0,0,0,60,lru,0,0,0,0,0,0,8,7,8,0,1,0,4,0,0,0,0,0,0,0,0,1900544,0,1900544,3,8490966005684344005,4,4,2,8,2,1,0,3.8
layer,6,0,5,132,decode,25,4,3,1,297,157,161,47,1,0,1,424,8,29,0,0,0,0,0,0,60,lru,0,0,0,0,0,0,8,7,8,0,1,0,4,0,0,0,0,0,0,0,0,1900544,0,1900544,3,12554400707313533119,4,4,4,8,4,3,0,3.8
layer,6,0,5,132,decode,26,4,3,1,343,154,139,35,1,0,1,433,8,15,0,0,0,0,0,0,60,lru,0,0,0,0,0,0,8,7,8,0,1,0,4,0,0,0,0,0,0,0,0,1900544,0,1900544,3,3562964753056341037,4,4,2,8,2,1,0,3.8
layer,6,0,5,132,decode,27,4,4,0,0,0,173,0,0,0,0,20,7,2,0,0,0,0,0,0,60,lru,0,0,0,0,0,0,8,8,8,0,0,0,4,0,0,0,0,0,0,0,0,0,0,0,0,16063446887163671665,4,4,1,8,1,1,0,3.8
layer,6,0,5,132,decode,28,4,4,0,0,0,169,0,0,0,0,19,7,2,0,0,0,0,0,0,60,lru,0,0,0,0,0,0,8,8,8,0,0,0,4,0,0,0,0,0,0,0,0,0,0,0,0,18405468241066554483,4,4,2,8,2,2,0,3.8
layer,6,0,5,132,decode,29,4,4,0,0,0,175,0,0,0,0,22,7,2,0,0,0,0,0,0,60,lru,0,0,0,0,0,0,8,8,8,0,0,0,6,0,0,0,0,0,0,0,0,0,0,0,0,13715799111562433376,4,4,1,8,1,1,0,3.8
layer,6,0,5,132,decode,30,4,4,0,0,0,156,0,0,0,0,22,7,2,0,0,0,0,0,0,60,lru,0,0,0,0,0,0,8,8,8,0,0,0,5,0,0,0,0,0,0,0,0,0,0,0,0,12966322675294230130,4,4,2,8,2,2,0,3.8
layer,6,0,5,132,decode,31,4,4,0,0,0,179,0,0,0,0,23,8,2,0,0,0,0,0,0,60,lru,0,0,0,0,0,0,8,8,8,0,0,0,6,0,0,0,0,0,0,0,0,0,0,0,0,12319177457311731359,4,4,3,8,3,3,0,3.8
layer,6,0,5,132,decode,32,4,4,0,0,0,172,0,0,0,0,23,8,2,0,0,0,0,0,0,60,lru,0,0,0,0,0,0,8,8,8,0,0,0,6,0,0,0,0,0,0,0,0,0,0,0,0,15035586409086142679,4,4,0,8,0,0,0,3.8
layer,6,0,5,132,decode,33,4,4,0,0,0,177,0,0,0,0,20,7,2,0,0,0,0,0,0,60,lru,0,0,0,0,0,0,8,8,8,0,0,0,5,0,0,0,0,0,0,0,0,0,0,0,0,4513417114295426064,4,4,1,8,1,1,0,3.8
layer,6,0,5,132,decode,34,4,2,2,811,259,139,49,1,0,1,910,8,3,0,0,0,0,0,0,60,lru,0,0,0,0,0,0,8,6,8,0,2,0,9,0,0,0,0,0,0,0,0,4079616,0,4079616,6,14877635340742914816,4,4,6,8,6,4,0,3.8
layer,6,0,5,132,decode,35,4,3,1,297,169,155,44,1,0,1,413,14,16,0,0,0,0,0,0,60,lru,0,0,0,0,0,0,8,3,8,0,1,0,6,0,0,0,0,0,0,0,0,1900544,0,1900544,3,372719498427734951,4,4,3,8,3,2,0,3.8
layer,6,0,5,132,decode,36,4,3,1,2780,167,149,23,1,0,1,2890,8,30,0,0,0,0,0,0,60,lru,0,0,0,0,0,0,8,7,8,0,1,0,7,0,0,0,0,0,0,0,0,1900544,0,1900544,3,4220840886853178890,4,4,3,8,3,2,0,3.8
layer,6,0,5,132,decode,37,4,4,0,0,0,177,0,0,0,0,21,8,2,0,0,0,0,0,0,60,lru,0,0,0,0,0,0,8,8,8,0,0,0,4,0,0,0,0,0,0,0,0,0,0,0,0,3417771016073731079,4,4,0,8,0,0,0,3.8
layer,6,0,5,132,decode,38,4,4,0,0,0,158,0,0,0,0,21,8,2,0,0,0,0,0,0,60,lru,0,0,0,0,0,0,8,8,8,0,0,0,5,0,0,0,0,0,0,0,0,0,0,0,0,354546504691895281,4,4,0,8,0,0,0,3.8
layer,6,0,5,132,decode,39,4,4,0,0,0,683,0,0,0,0,20,8,2,0,0,0,0,0,0,60,lru,0,0,0,0,0,0,8,8,8,0,0,0,4,0,0,0,0,0,0,0,0,0,0,0,0,9211813663509041151,4,4,0,8,0,0,0,3.8
request,6,0,5,0,decode,-1,0,0,0,0,0,0,0,0,0,0,0,0,0,0,0,0,0,0,0,0,,23101,322,0,0,15,0,0,0,0,0,0,0,0,0,0,0,0,0,0,0,0,0,0,0,0,0,0,0,0,0,0,0,0,0
layer,7,0,6,133,decode,0,4,4,0,0,0,168,0,0,0,0,26,10,2,0,0,0,0,0,0,60,lru,0,0,0,0,0,0,8,8,8,0,0,0,7,0,0,0,0,0,0,0,0,0,0,0,0,14584634930953829151,4,4,0,8,0,0,0,3.8
layer,7,0,6,133,decode,1,4,4,0,0,0,174,0,0,0,0,22,7,2,0,0,0,0,0,0,60,lru,0,0,0,0,0,0,8,8,8,0,0,0,6,0,0,0,0,0,0,0,0,0,0,0,0,12659932168021105536,4,4,2,8,2,2,0,3.8
layer,7,0,6,133,decode,2,4,4,0,0,0,156,0,0,0,0,31,7,2,0,0,0,0,0,0,60,lru,0,0,0,0,0,0,8,8,8,0,0,0,6,0,0,0,0,0,0,0,0,0,0,0,0,8152196286502955197,4,4,0,8,0,0,0,3.8
layer,7,0,6,133,decode,3,4,3,1,345,163,155,37,3,0,3,415,7,3,0,0,0,0,0,0,60,lru,0,0,0,0,0,0,8,7,8,0,1,0,6,0,0,0,0,0,0,0,0,1900544,0,1900544,3,1027857270748220479,4,4,1,8,1,0,0,3.8
layer,7,0,6,133,decode,4,4,4,0,0,0,171,0,0,0,0,24,8,2,0,0,0,0,0,0,60,lru,0,0,0,0,0,0,8,8,8,0,0,0,6,0,0,0,0,0,0,0,0,0,0,0,0,7068523833909140035,4,4,1,8,1,1,0,3.8
layer,7,0,6,133,decode,5,4,4,0,0,0,176,0,0,0,0,23,9,2,0,0,0,0,0,0,60,lru,0,0,0,0,0,0,8,8,8,0,0,0,5,0,0,0,0,0,0,0,0,0,0,0,0,4635912491909744171,4,4,0,8,0,0,0,3.8
layer,7,0,6,133,decode,6,4,4,0,0,0,155,0,0,0,0,21,8,2,0,0,0,0,0,0,60,lru,0,0,0,0,0,0,8,8,8,0,0,0,4,0,0,0,0,0,0,0,0,0,0,0,0,18420250435469647925,4,4,0,8,0,0,0,3.8
layer,7,0,6,133,decode,7,4,4,0,0,0,177,0,0,0,0,24,8,2,0,0,0,0,0,0,60,lru,0,0,0,0,0,0,8,8,8,0,0,0,7,0,0,0,0,0,0,0,0,0,0,0,0,7558013674053188349,4,4,0,8,0,0,0,3.8
layer,7,0,6,133,decode,8,4,4,0,0,0,169,0,0,0,0,21,7,2,0,0,0,0,0,0,60,lru,0,0,0,0,0,0,8,8,8,0,0,0,7,0,0,0,0,0,0,0,0,0,0,0,0,9504182117583834396,4,4,0,8,0,0,0,3.8
layer,7,0,6,133,decode,9,4,4,0,0,0,175,0,0,0,0,20,8,2,0,0,0,0,0,0,60,lru,0,0,0,0,0,0,8,8,8,0,0,0,5,0,0,0,0,0,0,0,0,0,0,0,0,7365886654650939419,4,4,2,8,2,2,0,3.8
layer,7,0,6,133,decode,10,4,4,0,0,0,155,0,0,0,0,21,7,2,0,0,0,0,0,0,60,lru,0,0,0,0,0,0,8,8,8,0,0,0,6,0,0,0,0,0,0,0,0,0,0,0,0,636129196896344242,4,4,1,8,1,1,0,3.8
layer,7,0,6,133,decode,11,4,4,0,0,0,175,0,0,0,0,19,7,2,0,0,0,0,0,0,60,lru,0,0,0,0,0,0,8,8,8,0,0,0,4,0,0,0,0,0,0,0,0,0,0,0,0,13316118201429037819,4,4,1,8,1,1,0,3.8
layer,7,0,6,133,decode,12,4,4,0,0,0,169,0,0,0,0,21,8,2,0,0,0,0,0,0,60,lru,0,0,0,0,0,0,8,8,8,0,0,0,6,0,0,0,0,0,0,0,0,0,0,0,0,16140399310668297594,4,4,0,8,0,0,0,3.8
layer,7,0,6,133,decode,13,4,4,0,0,0,173,0,0,0,0,20,8,2,0,0,0,0,0,0,60,lru,0,0,0,0,0,0,8,8,8,0,0,0,4,0,0,0,0,0,0,0,0,0,0,0,0,17117632494648701321,4,4,2,8,2,2,0,3.8
layer,7,0,6,133,decode,14,4,4,0,0,0,154,0,0,0,0,18,8,2,0,0,0,0,0,0,60,lru,0,0,0,0,0,0,8,8,8,0,0,0,3,0,0,0,0,0,0,0,0,0,0,0,0,10581508712679443165,4,4,0,8,0,0,0,3.8
layer,7,0,6,133,decode,15,4,4,0,0,0,173,0,0,0,0,23,9,2,0,0,0,0,0,0,60,lru,0,0,0,0,0,0,8,8,8,0,0,0,6,0,0,0,0,0,0,0,0,0,0,0,0,9918410723287601942,4,4,0,8,0,0,0,3.8
layer,7,0,6,133,decode,16,4,4,0,0,0,168,0,0,0,0,17,7,2,0,0,0,0,0,0,60,lru,0,0,0,0,0,0,8,8,8,0,0,0,3,0,0,0,0,0,0,0,0,0,0,0,0,12503060140167788953,4,4,0,8,0,0,0,3.8
layer,7,0,6,133,decode,17,4,3,1,315,150,154,18,1,0,1,379,8,3,0,0,0,0,0,0,60,lru,0,0,0,0,0,0,8,7,8,0,1,0,4,0,0,0,0,0,0,0,0,1900544,0,1900544,3,6182384636827577902,4,4,1,8,1,0,0,3.8
layer,7,0,6,133,decode,18,4,2,2,692,314,138,96,1,0,1,852,8,19,0,0,0,0,0,0,60,lru,0,0,0,0,0,0,8,2,8,0,2,0,5,0,0,0,0,0,0,0,0,3801088,0,3801088,6,6921344878834937290,4,4,2,8,2,0,0,3.8
layer,7,0,6,133,decode,19,4,4,0,0,0,173,0,0,0,0,23,8,2,0,0,0,0,0,0,60,lru,0,0,0,0,0,0,8,8,8,0,0,0,5,0,0,0,0,0,0,0,0,0,0,0,0,7759251197347230035,4,4,1,8,1,1,0,3.8
layer,7,0,6,133,decode,20,4,4,0,0,0,168,0,0,0,0,20,8,2,0,0,0,0,0,0,60,lru,0,0,0,0,0,0,8,8,8,0,0,0,4,0,0,0,0,0,0,0,0,0,0,0,0,16788736749219723700,4,4,1,8,1,1,0,3.8
layer,7,0,6,133,decode,21,4,4,0,0,0,175,0,0,0,0,18,7,2,0,0,0,0,0,0,60,lru,0,0,0,0,0,0,8,8,8,0,0,0,3,0,0,0,0,0,0,0,0,0,0,0,0,16688436171338042487,4,4,0,8,0,0,0,3.8
layer,7,0,6,133,decode,22,4,3,1,345,186,138,7,1,0,1,418,7,4,0,0,0,0,0,0,60,lru,0,0,0,0,0,0,8,7,8,0,1,0,4,0,0,0,0,0,0,0,0,1900544,0,1900544,3,16315428460052774003,4,4,1,8,1,0,0,3.8
layer,7,0,6,133,decode,23,4,3,1,328,189,154,31,1,0,1,420,8,10,0,0,0,0,0,0,60,lru,0,0,0,0,0,0,8,3,8,0,1,0,4,0,0,0,0,0,0,0,0,1900544,0,1900544,3,8665868766188992760,4,4,2,8,2,1,0,3.8
layer,7,0,6,133,decode,24,4,4,0,0,0,168,0,0,0,0,22,8,2,0,0,0,0,0,0,60,lru,0,0,0,0,0,0,8,8,8,0,0,0,5,0,0,0,0,0,0,0,0,0,0,0,0,10175054677928393129,4,4,0,8,0,0,0,3.8
layer,7,0,6,133,decode,25,4,3,1,381,176,155,16,1,0,1,502,8,15,0,0,0,0,0,0,60,lru,0,0,0,0,0,0,8,3,8,0,1,0,4,0,0,0,0,0,0,0,0,1900544,0,1900544,3,5339992122086255113,4,4,3,8,3,2,0,3.8
layer,7,0,6,133,decode,26,4,3,1,376,186,139,35,1,0,1,451,8,4,0,0,0,0,0,0,60,lru,0,0,0,0,0,0,8,7,8,0,1,0,4,0,0,0,0,0,0,0,0,1900544,0,1900544,3,6995506094035656188,4,4,2,8,2,1,0,3.8
layer,7,0,6,133,decode,27,4,3,1,375,183,153,22,1,0,1,447,8,5,0,0,0,0,0,0,60,lru,0,0,0,0,0,0,8,7,8,0,1,0,4,0,0,0,0,0,0,0,0,1900544,0,1900544,3,11282829612172199199,4,4,3,8,3,2,0,3.8
layer,7,0,6,133,decode,28,4,3,1,325,185,148,27,1,0,1,432,8,29,0,0,0,0,0,0,60,lru,0,0,0,0,0,0,8,7,8,0,1,0,4,0,0,0,0,0,0,0,0,1900544,0,1900544,3,11971415243257392222,4,4,1,8,1,0,0,3.8
layer,7,0,6,133,decode,29,4,4,0,0,0,175,0,0,0,0,21,8,2,0,0,0,0,0,0,60,lru,0,0,0,0,0,0,8,8,8,0,0,0,4,0,0,0,0,0,0,0,0,0,0,0,0,17739755444693859648,4,4,1,8,1,1,0,3.8
layer,7,0,6,133,decode,30,4,3,1,374,122,140,30,1,0,1,443,8,3,0,0,0,0,0,0,60,lru,0,0,0,0,0,0,8,7,8,0,1,0,4,0,0,0,0,0,0,0,0,1900544,0,1900544,3,15554605424215399089,4,4,2,8,2,1,0,3.8
layer,7,0,6,133,decode,31,4,4,0,0,0,177,0,0,0,0,21,8,2,0,0,0,0,0,0,60,lru,0,0,0,0,0,0,8,8,8,0,0,0,4,0,0,0,0,0,0,0,0,0,0,0,0,7915148792383552279,4,4,1,8,1,1,0,3.8
layer,7,0,6,133,decode,32,4,4,0,0,0,171,0,0,0,0,21,8,2,0,0,0,0,0,0,60,lru,0,0,0,0,0,0,8,8,8,0,0,0,5,0,0,0,0,0,0,0,0,0,0,0,0,11229461085632760180,4,4,0,8,0,0,0,3.8
layer,7,0,6,133,decode,33,4,3,1,385,180,153,17,1,0,1,461,7,3,0,0,0,0,0,0,60,lru,0,0,0,0,0,0,8,3,8,0,1,0,5,0,0,0,0,0,0,0,0,1900544,0,1900544,3,15721560262529462284,4,4,1,8,1,0,0,3.8
layer,7,0,6,133,decode,34,4,3,1,410,154,140,28,1,0,1,489,8,2,0,0,0,0,0,0,60,lru,0,0,0,0,0,0,8,3,8,0,1,0,4,0,0,0,0,0,0,0,0,2039808,0,2039808,3,14199056292996723439,4,4,4,8,4,3,0,3.8
layer,7,0,6,133,decode,35,4,4,0,0,0,178,0,0,0,0,21,8,2,0,0,0,0,0,0,60,lru,0,0,0,0,0,0,8,8,8,0,0,0,4,0,0,0,0,0,0,0,0,0,0,0,0,127470573029500181,4,4,0,8,0,0,0,3.8
layer,7,0,6,133,decode,36,4,3,1,326,193,148,26,1,0,1,402,8,8,0,0,0,0,0,0,60,lru,0,0,0,0,0,0,8,7,8,0,1,0,6,0,0,0,0,0,0,0,0,1900544,0,1900544,3,15496753231467436871,4,4,2,8,2,1,0,3.8
layer,7,0,6,133,decode,37,4,4,0,0,0,177,0,0,0,0,22,8,2,0,0,0,0,0,0,60,lru,0,0,0,0,0,0,8,8,8,0,0,0,4,0,0,0,0,0,0,0,0,0,0,0,0,16779281480200547685,4,4,3,8,3,3,0,3.8
layer,7,0,6,133,decode,38,4,4,0,0,0,157,0,0,0,0,21,7,2,0,0,0,0,0,0,60,lru,0,0,0,0,0,0,8,8,8,0,0,0,5,0,0,0,0,0,0,0,0,0,0,0,0,1525056739830883374,4,4,2,8,2,2,0,3.8
layer,7,0,6,133,decode,39,4,3,1,400,181,668,55,1,0,1,527,8,20,0,0,0,0,0,0,60,lru,0,0,0,0,0,0,8,7,8,0,1,0,5,0,0,0,0,0,0,0,0,2039808,0,2039808,3,2745740912707601235,4,4,1,8,1,0,0,3.8
request,7,0,6,0,decode,-1,0,0,0,0,0,0,0,0,0,0,0,0,0,0,0,0,0,0,0,0,,15418,301,0,0,13,0,0,0,0,0,0,0,0,0,0,0,0,0,0,0,0,0,0,0,0,0,0,0,0,0,0,0,0,0
layer,8,0,7,134,decode,0,4,3,1,499,222,149,57,3,0,3,597,10,16,0,0,0,0,0,0,60,lru,0,0,0,0,0,0,8,7,8,0,1,0,6,0,0,0,0,0,0,0,0,1900544,0,1900544,3,10584228295349056680,4,4,3,8,3,2,0,3.8
layer,8,0,7,134,decode,1,4,2,2,1016,396,153,55,2,0,2,1136,8,5,0,0,0,0,0,0,60,lru,0,0,0,0,0,0,8,6,8,0,2,0,5,0,0,0,0,0,0,0,0,3801088,0,3801088,6,6528280089028717821,4,4,3,8,3,1,0,3.8
layer,8,0,7,134,decode,2,4,3,1,477,217,140,27,3,0,3,559,8,5,0,0,0,0,0,0,60,lru,0,0,0,0,0,0,8,7,8,0,1,0,5,0,0,0,0,0,0,0,0,1900544,0,1900544,3,2695869549196193634,4,4,3,8,3,2,0,3.8
layer,8,0,7,134,decode,3,4,4,0,0,0,175,0,0,0,0,23,8,2,0,0,0,0,0,0,60,lru,0,0,0,0,0,0,8,8,8,0,0,0,6,0,0,0,0,0,0,0,0,0,0,0,0,11329960777933647558,4,4,1,8,1,1,0,3.8
layer,8,0,7,134,decode,4,4,4,0,0,0,169,0,0,0,0,23,8,2,0,0,0,0,0,0,60,lru,0,0,0,0,0,0,8,8,8,0,0,0,5,0,0,0,0,0,0,0,0,0,0,0,0,14310604710827733195,4,4,1,8,1,1,0,3.8
layer,8,0,7,134,decode,5,4,4,0,0,0,174,0,0,0,0,20,8,2,0,0,0,0,0,0,60,lru,0,0,0,0,0,0,8,8,8,0,0,0,4,0,0,0,0,0,0,0,0,0,0,0,0,9280049385964479506,4,4,1,8,1,1,0,3.8
layer,8,0,7,134,decode,6,4,4,0,0,0,154,0,0,0,0,20,8,2,0,0,0,0,0,0,60,lru,0,0,0,0,0,0,8,8,8,0,0,0,4,0,0,0,0,0,0,0,0,0,0,0,0,13801252516141127130,4,4,0,8,0,0,0,3.8
layer,8,0,7,134,decode,7,4,4,0,0,0,176,0,0,0,0,22,8,2,0,0,0,0,0,0,60,lru,0,0,0,0,0,0,8,8,8,0,0,0,7,0,0,0,0,0,0,0,0,0,0,0,0,10599106959388357622,4,4,2,8,2,2,0,3.8
layer,8,0,7,134,decode,8,4,4,0,0,0,168,0,0,0,0,20,8,2,0,0,0,0,0,0,60,lru,0,0,0,0,0,0,8,8,8,0,0,0,4,0,0,0,0,0,0,0,0,0,0,0,0,847202807859365541,4,4,0,8,0,0,0,3.8
layer,8,0,7,134,decode,9,4,4,0,0,0,174,0,0,0,0,18,7,2,0,0,0,0,0,0,60,lru,0,0,0,0,0,0,8,8,8,0,0,0,3,0,0,0,0,0,0,0,0,0,0,0,0,4655421537179958650,4,4,2,8,2,2,0,3.8
layer,8,0,7,134,decode,10,4,4,0,0,0,155,0,0,0,0,17,7,2,0,0,0,0,0,0,60,lru,0,0,0,0,0,0,8,8,8,0,0,0,3,0,0,0,0,0,0,0,0,0,0,0,0,8365397628455191155,4,4,1,8,1,1,0,3.8
layer,8,0,7,134,decode,11,4,3,1,473,225,154,30,1,0,1,552,7,6,0,0,0,0,0,0,60,lru,0,0,0,0,0,0,8,3,8,0,1,0,3,0,0,0,0,0,0,0,0,1900544,0,1900544,3,9162718339855492450,4,4,1,8,1,0,0,3.8
layer,8,0,7,134,decode,12,4,4,0,0,0,167,0,0,0,0,21,8,2,0,0,0,0,0,0,60,lru,0,0,0,0,0,0,8,8,8,0,0,0,4,0,0,0,0,0,0,0,0,0,0,0,0,14153851288229309139,4,4,1,8,1,1,0,3.8
layer,8,0,7,134,decode,13,4,3,1,416,207,165,25,1,0,1,549,7,23,0,0,0,0,0,0,60,lru,0,0,0,0,0,0,8,3,8,0,1,0,5,0,0,0,0,0,0,0,0,1900544,0,1900544,3,273768369810883502,4,4,2,8,2,1,0,3.8
layer,8,0,7,134,decode,14,4,4,0,0,0,154,0,0,0,0,22,8,2,0,0,0,0,0,0,60,lru,0,0,0,0,0,0,8,8,8,0,0,0,5,0,0,0,0,0,0,0,0,0,0,0,0,4174108583573125213,4,4,1,8,1,1,0,3.8
layer,8,0,7,134,decode,15,4,4,0,0,0,174,0,0,0,0,18,7,2,0,0,0,0,0,0,60,lru,0,0,0,0,0,0,8,8,8,0,0,0,3,0,0,0,0,0,0,0,0,0,0,0,0,2007431956840946518,4,4,0,8,0,0,0,3.8
layer,8,0,7,134,decode,16,4,4,0,0,0,168,0,0,0,0,19,8,2,0,0,0,0,0,0,60,lru,0,0,0,0,0,0,8,8,8,0,0,0,4,0,0,0,0,0,0,0,0,0,0,0,0,7961822439817202602,4,4,1,8,1,1,0,3.8
layer,8,0,7,134,decode,17,4,4,0,0,0,174,0,0,0,0,18,7,2,0,0,0,0,0,0,60,lru,0,0,0,0,0,0,8,8,8,0,0,0,3,0,0,0,0,0,0,0,0,0,0,0,0,1354143745556284995,4,4,0,8,0,0,0,3.8
layer,8,0,7,134,decode,18,4,4,0,0,0,154,0,0,0,0,19,8,2,0,0,0,0,0,0,60,lru,0,0,0,0,0,0,8,8,8,0,0,0,4,0,0,0,0,0,0,0,0,0,0,0,0,9585144068798086190,4,4,0,8,0,0,0,3.8
layer,8,0,7,134,decode,19,4,4,0,0,0,175,0,0,0,0,19,8,2,0,0,0,0,0,0,60,lru,0,0,0,0,0,0,8,8,8,0,0,0,3,0,0,0,0,0,0,0,0,0,0,0,0,14714683492711475994,4,4,0,8,0,0,0,3.8
layer,8,0,7,134,decode,20,4,4,0,0,0,167,0,0,0,0,19,7,2,0,0,0,0,0,0,60,lru,0,0,0,0,0,0,8,8,8,0,0,0,4,0,0,0,0,0,0,0,0,0,0,0,0,7125419892383930182,4,4,1,8,1,1,0,3.8
layer,8,0,7,134,decode,21,4,4,0,0,0,174,0,0,0,0,19,8,2,0,0,0,0,0,0,60,lru,0,0,0,0,0,0,8,8,8,0,0,0,4,0,0,0,0,0,0,0,0,0,0,0,0,5032319594102546031,4,4,0,8,0,0,0,3.8
layer,8,0,7,134,decode,22,4,4,0,0,0,154,0,0,0,0,20,8,2,0,0,0,0,0,0,60,lru,0,0,0,0,0,0,8,8,8,0,0,0,4,0,0,0,0,0,0,0,0,0,0,0,0,18073347782215546212,4,4,0,8,0,0,0,3.8
layer,8,0,7,134,decode,23,4,4,0,0,0,174,0,0,0,0,19,8,2,0,0,0,0,0,0,60,lru,0,0,0,0,0,0,8,8,8,0,0,0,4,0,0,0,0,0,0,0,0,0,0,0,0,815947192531338540,4,4,2,8,2,2,0,3.8
layer,8,0,7,134,decode,24,4,4,0,0,0,167,0,0,0,0,20,7,2,0,0,0,0,0,0,60,lru,0,0,0,0,0,0,8,8,8,0,0,0,5,0,0,0,0,0,0,0,0,0,0,0,0,1466428519476168253,4,4,2,8,2,2,0,3.8
layer,8,0,7,134,decode,25,4,4,0,0,0,175,0,0,0,0,20,7,2,0,0,0,0,0,0,60,lru,0,0,0,0,0,0,8,8,8,0,0,0,5,0,0,0,0,0,0,0,0,0,0,0,0,6418166763823451079,4,4,0,8,0,0,0,3.8
layer,8,0,7,134,decode,26,4,4,0,0,0,152,0,0,0,0,19,7,3,0,0,0,0,0,0,60,lru,0,0,0,0,0,0,8,8,8,0,0,0,3,0,0,0,0,0,0,0,0,0,0,0,0,17328237016208678328,4,4,1,8,1,1,0,3.8
layer,8,0,7,134,decode,27,4,3,1,494,245,154,31,1,0,1,590,7,11,0,0,0,0,0,0,60,lru,0,0,0,0,0,0,8,7,8,0,1,0,4,0,0,0,0,0,0,0,0,1900544,0,1900544,3,9930477244772008219,4,4,1,8,1,0,0,3.8
layer,8,0,7,134,decode,28,4,2,2,5771,424,148,41,1,0,1,5876,7,2,0,0,0,0,0,0,60,lru,0,0,0,0,0,0,8,2,8,0,2,0,5,0,0,0,0,0,0,0,0,3801088,0,3801088,6,3619308935213207776,4,4,5,8,5,3,0,3.8
layer,8,0,7,134,decode,29,4,3,1,312,161,153,32,1,0,1,379,8,3,0,0,0,0,0,0,60,lru,0,0,0,0,0,0,8,3,8,0,1,0,3,0,0,0,0,0,0,0,0,1900544,0,1900544,3,2560739286658683966,4,4,3,8,3,2,0,3.8
layer,8,0,7,134,decode,30,4,4,0,0,0,155,0,0,0,0,22,8,2,0,0,0,0,0,0,60,lru,0,0,0,0,0,0,8,8,8,0,0,0,5,0,0,0,0,0,0,0,0,0,0,0,0,9976859848202198479,4,4,3,8,3,3,0,3.8
layer,8,0,7,134,decode,31,4,3,1,346,159,155,11,1,0,1,433,8,20,0,0,0,0,0,0,60,lru,0,0,0,0,0,0,8,3,8,0,1,0,3,0,0,0,0,0,0,0,0,1900544,0,1900544,3,11807086139321154798,4,4,4,8,4,3,0,3.8
layer,8,0,7,134,decode,32,4,4,0,0,0,172,0,0,0,0,21,7,3,0,0,0,0,0,0,60,lru,0,0,0,0,0,0,8,8,8,0,0,0,4,0,0,0,0,0,0,0,0,0,0,0,0,17414999756368336147,4,4,1,8,1,1,0,3.8
layer,8,0,7,134,decode,33,4,4,0,0,0,176,0,0,0,0,20,8,2,0,0,0,0,0,0,60,lru,0,0,0,0,0,0,8,8,8,0,0,0,4,0,0,0,0,0,0,0,0,0,0,0,0,2651064776104949245,4,4,1,8,1,1,0,3.8
layer,8,0,7,134,decode,34,4,4,0,0,0,157,0,0,0,0,22,9,2,0,0,0,0,0,0,60,lru,0,0,0,0,0,0,8,8,8,0,0,0,3,0,0,0,0,0,0,0,0,0,0,0,0,9356347459332254330,4,4,2,8,2,2,0,3.8
layer,8,0,7,134,decode,35,4,4,0,0,0,177,0,0,0,0,19,8,2,0,0,0,0,0,0,60,lru,0,0,0,0,0,0,8,8,8,0,0,0,2,0,0,0,0,0,0,0,0,0,0,0,0,8553317358032825903,4,4,1,8,1,1,0,3.8
layer,8,0,7,134,decode,36,4,2,2,652,273,148,58,1,0,1,757,8,3,0,0,0,0,0,0,60,lru,0,0,0,0,0,0,8,2,8,0,2,0,4,0,0,0,0,0,0,0,0,3801088,0,3801088,6,5132512247120096276,4,4,3,8,3,1,0,3.8
layer,8,0,7,134,decode,37,4,3,1,319,157,153,23,1,0,1,408,9,22,0,0,0,0,0,0,60,lru,0,0,0,0,0,0,8,7,8,0,1,0,5,0,0,0,0,0,0,0,0,1900544,0,1900544,3,4108348121032763173,4,4,4,8,4,3,0,3.8
layer,8,0,7,134,decode,38,4,3,1,379,179,139,40,1,0,1,454,8,3,0,0,0,0,0,0,60,lru,0,0,0,0,0,0,8,3,8,0,1,0,4,0,0,0,0,0,0,0,0,2039808,0,2039808,3,2028998441836807534,4,4,5,8,5,4,0,3.8
layer,8,0,7,134,decode,39,4,2,2,777,263,673,38,1,0,1,899,9,22,0,0,0,0,0,0,60,lru,0,0,0,0,0,0,8,2,8,0,2,0,4,0,0,0,0,0,0,0,0,4079616,0,4079616,6,790502167118754540,4,4,5,8,5,3,0,3.8
request,8,0,7,0,decode,-1,0,0,0,0,0,0,0,0,0,0,0,0,0,0,0,0,0,0,0,0,,22059,313,0,0,16,0,0,0,0,0,0,0,0,0,0,0,0,0,0,0,0,0,0,0,0,0,0,0,0,0,0,0,0,0
layer,9,0,8,135,decode,0,4,4,0,0,0,171,0,0,0,0,29,11,2,0,0,0,0,0,0,60,lru,0,0,0,0,0,0,8,8,8,0,0,0,9,0,0,0,0,0,0,0,0,0,0,0,0,17766553607501442278,4,4,2,8,2,2,0,3.8
layer,9,0,8,135,decode,1,4,4,0,0,0,175,0,0,0,0,27,8,2,0,0,0,0,0,0,60,lru,0,0,0,0,0,0,8,8,8,0,0,0,9,0,0,0,0,0,0,0,0,0,0,0,0,16793756073968569184,4,4,1,8,1,1,0,3.8
layer,9,0,8,135,decode,2,4,3,1,346,163,139,22,4,0,4,420,8,3,0,0,0,0,0,0,60,lru,0,0,0,0,0,0,8,3,8,0,1,0,8,0,0,0,0,0,0,0,0,1900544,0,1900544,3,12938436943093132302,4,4,4,8,4,3,0,3.8
layer,9,0,8,135,decode,3,4,4,0,0,0,175,0,0,0,0,25,8,2,0,0,0,0,0,0,60,lru,0,0,0,0,0,0,8,8,8,0,0,0,5,0,0,0,0,0,0,0,0,0,0,0,0,4592461697132054249,4,4,2,8,2,2,0,3.8
layer,9,0,8,135,decode,4,4,4,0,0,0,168,0,0,0,0,21,7,2,0,0,0,0,0,0,60,lru,0,0,0,0,0,0,8,8,8,0,0,0,5,0,0,0,0,0,0,0,0,0,0,0,0,18426087518387629342,4,4,0,8,0,0,0,3.8
layer,9,0,8,135,decode,5,4,2,2,673,281,153,42,2,0,2,767,7,3,0,0,0,0,0,0,60,lru,0,0,0,0,0,0,8,2,8,0,2,0,5,0,0,0,0,0,0,0,0,3801088,0,3801088,6,12826211940006066208,4,4,5,8,5,3,0,3.8
layer,9,0,8,135,decode,6,4,3,1,327,163,139,42,3,0,3,400,8,3,0,0,0,0,0,0,60,lru,0,0,0,0,0,0,8,7,8,0,1,0,6,0,0,0,0,0,0,0,0,1900544,0,1900544,3,1751165474299617750,4,4,3,8,3,2,0,3.8
layer,9,0,8,135,decode,7,4,4,0,0,0,177,0,0,0,0,28,8,3,0,0,0,0,0,0,60,lru,0,0,0,0,0,0,8,8,8,0,0,0,6,0,0,0,0,0,0,0,0,0,0,0,0,9490684886918400040,4,4,2,8,2,2,0,3.8
layer,9,0,8,135,decode,8,4,4,0,0,0,169,0,0,0,0,22,10,2,0,0,0,0,0,0,60,lru,0,0,0,0,0,0,8,8,8,0,0,0,3,0,0,0,0,0,0,0,0,0,0,0,0,16366877353762013920,4,4,0,8,0,0,0,3.8
layer,9,0,8,135,decode,9,4,4,0,0,0,174,0,0,0,0,21,8,2,0,0,0,0,0,0,60,lru,0,0,0,0,0,0,8,8,8,0,0,0,4,0,0,0,0,0,0,0,0,0,0,0,0,12343734127224381540,4,4,0,8,0,0,0,3.8
layer,9,0,8,135,decode,10,4,4,0,0,0,155,0,0,0,0,24,8,2,0,0,0,0,0,0,60,lru,0,0,0,0,0,0,8,8,8,0,0,0,7,0,0,0,0,0,0,0,0,0,0,0,0,6991504102402844099,4,4,0,8,0,0,0,3.8
layer,9,0,8,135,decode,11,4,4,0,0,0,172,0,0,0,0,18,8,2,0,0,0,0,0,0,60,lru,0,0,0,0,0,0,8,8,8,0,0,0,3,0,0,0,0,0,0,0,0,0,0,0,0,11984068322563016493,4,4,1,8,1,1,0,3.8
layer,9,0,8,135,decode,12,4,4,0,0,0,168,0,0,0,0,19,8,2,0,0,0,0,0,0,60,lru,0,0,0,0,0,0,8,8,8,0,0,0,4,0,0,0,0,0,0,0,0,0,0,0,0,6860429349666258996,4,4,1,8,1,1,0,3.8
layer,9,0,8,135,decode,13,4,3,1,312,174,154,19,1,0,1,372,7,3,0,0,0,0,0,0,60,lru,0,0,0,0,0,0,8,7,8,0,1,0,2,0,0,0,0,0,0,0,0,1900544,0,1900544,3,8555726541082528647,4,4,3,8,3,2,0,3.8
layer,9,0,8,135,decode,14,4,4,0,0,0,159,0,0,0,0,20,8,2,0,0,0,0,0,0,60,lru,0,0,0,0,0,0,8,8,8,0,0,0,3,0,0,0,0,0,0,0,0,0,0,0,0,11054448587923946567,4,4,1,8,1,1,0,3.8
layer,9,0,8,135,decode,15,4,4,0,0,0,174,0,0,0,0,19,8,2,0,0,0,0,0,0,60,lru,0,0,0,0,0,0,8,8,8,0,0,0,4,0,0,0,0,0,0,0,0,0,0,0,0,1419631932098311648,4,4,1,8,1,1,0,3.8
layer,9,0,8,135,decode,16,4,3,1,308,162,149,32,1,0,1,377,8,3,0,0,0,0,0,0,60,lru,0,0,0,0,0,0,8,7,8,0,1,0,3,0,0,0,0,0,0,0,0,1900544,0,1900544,3,4916195266192628811,4,4,3,8,3,2,0,3.8
layer,9,0,8,135,decode,17,4,4,0,0,0,175,0,0,0,0,24,8,2,0,0,0,0,0,0,60,lru,0,0,0,0,0,0,8,8,8,0,0,0,6,0,0,0,0,0,0,0,0,0,0,0,0,6739660695341459781,4,4,2,8,2,2,0,3.8
layer,9,0,8,135,decode,18,4,4,0,0,0,152,0,0,0,0,19,8,2,0,0,0,0,0,0,60,lru,0,0,0,0,0,0,8,8,8,0,0,0,3,0,0,0,0,0,0,0,0,0,0,0,0,1518056385619179475,4,4,1,8,1,1,0,3.8
layer,9,0,8,135,decode,19,4,3,1,310,153,153,40,1,0,1,410,7,23,0,0,0,0,0,0,60,lru,0,0,0,0,0,0,8,7,8,0,1,0,4,0,0,0,0,0,0,0,0,1900544,0,1900544,3,12493299881974787170,4,4,3,8,3,2,0,3.8
layer,9,0,8,135,decode,20,4,3,1,307,160,150,32,1,0,1,375,8,3,0,0,0,0,0,0,60,lru,0,0,0,0,0,0,8,7,8,0,1,0,4,0,0,0,0,0,0,0,0,1900544,0,1900544,3,17694993129477992626,4,4,3,8,3,2,0,3.8
layer,9,0,8,135,decode,21,4,4,0,0,0,175,0,0,0,0,21,8,2,0,0,0,0,0,0,60,lru,0,0,0,0,0,0,8,8,8,0,0,0,5,0,0,0,0,0,0,0,0,0,0,0,0,3728064579961493140,4,4,2,8,2,2,0,3.8
layer,9,0,8,135,decode,22,4,4,0,0,0,154,0,0,0,0,18,8,2,0,0,0,0,0,0,60,lru,0,0,0,0,0,0,8,8,8,0,0,0,3,0,0,0,0,0,0,0,0,0,0,0,0,13593380036631281120,4,4,0,8,0,0,0,3.8
layer,9,0,8,135,decode,23,4,3,1,296,166,153,33,1,0,1,394,7,25,0,0,0,0,0,0,60,lru,0,0,0,0,0,0,8,7,8,0,1,0,4,0,0,0,0,0,0,0,0,1900544,0,1900544,3,15335047467083545029,4,4,3,8,3,2,0,3.8
layer,9,0,8,135,decode,24,4,4,0,0,0,169,0,0,0,0,20,9,2,0,0,0,0,0,0,60,lru,0,0,0,0,0,0,8,8,8,0,0,0,2,0,0,0,0,0,0,0,0,0,0,0,0,11028389099633495964,4,4,1,8,1,1,0,3.8
layer,9,0,8,135,decode,25,4,4,0,0,0,176,0,0,0,0,19,8,2,0,0,0,0,0,0,60,lru,0,0,0,0,0,0,8,8,8,0,0,0,4,0,0,0,0,0,0,0,0,0,0,0,0,5458554218195627694,4,4,2,8,2,2,0,3.8
layer,9,0,8,135,decode,26,4,2,2,725,264,139,63,1,0,1,831,8,3,0,0,0,0,0,0,60,lru,0,0,0,0,0,0,8,2,8,0,2,0,4,0,0,0,0,0,0,0,0,3801088,0,3801088,6,13353949532786806445,4,4,3,8,3,1,0,3.8
layer,9,0,8,135,decode,27,4,3,1,304,165,154,26,1,0,1,369,8,3,0,0,0,0,0,0,60,lru,0,0,0,0,0,0,8,7,8,0,1,0,5,0,0,0,0,0,0,0,0,1900544,0,1900544,3,5495599052861094456,4,4,4,8,4,3,0,3.8
layer,9,0,8,135,decode,28,4,2,2,637,278,148,54,1,0,1,735,8,4,0,0,0,0,0,0,60,lru,0,0,0,0,0,0,8,2,8,0,2,0,5,0,0,0,0,0,0,0,0,3801088,0,3801088,6,7317953765867318417,4,4,4,8,4,2,0,3.8
layer,9,0,8,135,decode,29,4,2,2,8305,259,152,75,1,0,1,8425,8,19,0,0,0,0,0,0,60,lru,0,0,0,0,0,0,8,6,8,0,2,0,5,0,0,0,0,0,0,0,0,3801088,0,3801088,6,6343169496852407189,4,4,4,8,4,2,0,3.8
layer,9,0,8,135,decode,30,4,3,1,7097,311,139,17,1,0,1,7155,8,3,0,0,0,0,0,0,60,lru,0,0,0,0,0,0,8,7,8,0,1,0,3,0,0,0,0,0,0,0,0,1900544,0,1900544,3,11154144778303696950,4,4,4,8,4,3,0,3.8
layer,9,0,8,135,decode,31,4,2,2,9157,425,154,39,3,0,3,9253,8,3,0,0,0,0,0,0,60,lru,0,0,0,0,0,0,8,2,8,0,2,0,6,0,0,0,0,0,0,0,0,3801088,0,3801088,6,12530644252180724494,4,4,5,8,5,3,0,3.8
layer,9,0,8,135,decode,32,4,2,2,1136,262,149,41,2,0,2,1235,8,3,0,0,0,0,0,0,60,lru,0,0,0,0,0,0,8,2,8,0,2,0,5,0,0,0,0,0,0,0,0,3801088,0,3801088,6,1646499408306943000,4,4,4,8,4,2,0,3.8
layer,9,0,8,135,decode,33,4,1,3,3665,430,152,85,2,0,2,3833,8,15,0,0,0,0,0,0,60,lru,0,0,0,0,0,0,8,5,8,0,3,0,4,0,0,0,0,0,0,0,0,5701632,0,5701632,9,14575681167528628912,4,4,5,8,5,2,0,3.8
layer,9,0,8,135,decode,34,4,2,2,5540,319,139,35,1,0,1,5661,8,17,0,0,0,0,0,0,60,lru,0,0,0,0,0,0,8,6,8,0,2,0,4,0,0,0,0,0,0,0,0,4079616,0,4079616,6,1394571544139800540,4,4,5,8,5,3,0,3.8
layer,9,0,8,135,decode,35,4,2,2,1924,295,154,51,1,0,1,2067,8,34,0,0,0,0,0,0,60,lru,0,0,0,0,0,0,8,6,8,0,2,0,5,0,0,0,0,0,0,0,0,3801088,0,3801088,6,14343009729097790947,4,4,5,8,5,3,0,3.8
layer,9,0,8,135,decode,36,4,2,2,3509,278,154,61,2,0,2,3676,8,41,0,0,0,0,0,0,60,lru,0,0,0,0,0,0,8,2,8,0,2,0,5,0,0,0,0,0,0,0,0,3801088,0,3801088,6,627657807525530420,4,4,5,8,5,3,0,3.8
layer,9,0,8,135,decode,37,4,0,4,9088,703,152,146,1,0,1,9257,8,4,0,0,0,0,0,0,60,lru,0,0,0,0,0,0,8,0,8,0,4,0,3,0,0,0,0,0,0,0,0,7602176,0,7602176,12,9304823543385230536,4,4,5,8,5,1,0,3.8
layer,9,0,8,135,decode,38,4,2,2,871,319,140,56,1,0,1,967,8,4,0,0,0,0,0,0,60,lru,0,0,0,0,0,0,8,2,8,0,2,0,4,0,0,0,0,0,0,0,0,4079616,0,4079616,6,4791917399187331618,4,4,3,8,3,1,0,3.8
layer,9,0,8,135,decode,39,4,2,2,6592,439,670,23,1,0,1,6697,8,2,0,0,0,0,0,0,60,lru,0,0,0,0,0,0,8,2,8,0,2,0,4,0,0,0,0,0,0,0,0,4079616,0,4079616,6,10010257689952516827,4,4,6,8,6,4,0,3.8
request,9,0,8,0,decode,-1,0,0,0,0,0,0,0,0,0,0,0,0,0,0,0,0,0,0,0,0,,73128,409,0,0,18,0,0,0,0,0,0,0,0,0,0,0,0,0,0,0,0,0,0,0,0,0,0,0,0,0,0,0,0,0
layer,10,0,9,136,decode,0,4,4,0,0,0,168,0,0,0,0,26,10,2,0,0,0,0,0,0,60,lru,0,0,0,0,0,0,8,8,8,0,0,0,8,0,0,0,0,0,0,0,0,0,0,0,0,256183304317158008,4,4,2,8,2,2,0,3.8
layer,10,0,9,136,decode,1,4,2,2,705,276,152,75,3,0,3,857,8,29,0,0,0,0,0,0,60,lru,0,0,0,0,0,0,8,6,8,0,2,0,6,0,0,0,0,0,0,0,0,3801088,0,3801088,6,14863258086774433510,4,4,2,8,2,0,0,3.8
layer,10,0,9,136,decode,2,4,3,1,330,159,139,39,3,0,3,402,8,3,0,0,0,0,0,0,60,lru,0,0,0,0,0,0,8,3,8,0,1,0,6,0,0,0,0,0,0,0,0,1900544,0,1900544,3,16753869808111003825,4,4,1,8,1,0,0,3.8
layer,10,0,9,136,decode,3,4,3,1,329,160,155,37,2,0,2,429,8,19,0,0,0,0,0,0,60,lru,0,0,0,0,0,0,8,7,8,0,1,0,5,0,0,0,0,0,0,0,0,1900544,0,1900544,3,17973656781969447026,4,4,3,8,3,2,0,3.8
layer,10,0,9,136,decode,4,4,3,1,326,159,149,37,3,0,3,444,8,26,0,0,0,0,0,0,60,lru,0,0,0,0,0,0,8,7,8,0,1,0,5,0,0,0,0,0,0,0,0,1900544,0,1900544,3,4184172180458111151,4,4,2,8,2,1,0,3.8
layer,10,0,9,136,decode,5,4,3,1,327,158,153,39,3,0,3,442,8,23,0,0,0,0,0,0,60,lru,0,0,0,0,0,0,8,3,8,0,1,0,10,0,0,0,0,0,0,0,0,1900544,0,1900544,3,17167314221225914236,4,4,3,8,3,2,0,3.8
layer,10,0,9,136,decode,6,4,4,0,0,0,155,0,0,0,0,23,8,2,0,0,0,0,0,0,60,lru,0,0,0,0,0,0,8,8,8,0,0,0,5,0,0,0,0,0,0,0,0,0,0,0,0,5275103464417360622,4,4,1,8,1,1,0,3.8
layer,10,0,9,136,decode,7,4,4,0,0,0,176,0,0,0,0,21,7,2,0,0,0,0,0,0,60,lru,0,0,0,0,0,0,8,8,8,0,0,0,5,0,0,0,0,0,0,0,0,0,0,0,0,15102491292814730030,4,4,0,8,0,0,0,3.8
layer,10,0,9,136,decode,8,4,4,0,0,0,169,0,0,0,0,20,8,2,0,0,0,0,0,0,60,lru,0,0,0,0,0,0,8,8,8,0,0,0,5,0,0,0,0,0,0,0,0,0,0,0,0,1367846946571655655,4,4,0,8,0,0,0,3.8
layer,10,0,9,136,decode,9,4,4,0,0,0,174,0,0,0,0,18,7,2,0,0,0,0,0,0,60,lru,0,0,0,0,0,0,8,8,8,0,0,0,3,0,0,0,0,0,0,0,0,0,0,0,0,11937955063727272021,4,4,2,8,2,2,0,3.8
layer,10,0,9,136,decode,10,4,4,0,0,0,153,0,0,0,0,20,7,2,0,0,0,0,0,0,60,lru,0,0,0,0,0,0,8,8,8,0,0,0,5,0,0,0,0,0,0,0,0,0,0,0,0,9751799014930007514,4,4,1,8,1,1,0,3.8
layer,10,0,9,136,decode,11,4,4,0,0,0,172,0,0,0,0,20,8,2,0,0,0,0,0,0,60,lru,0,0,0,0,0,0,8,8,8,0,0,0,5,0,0,0,0,0,0,0,0,0,0,0,0,4689801144420366038,4,4,0,8,0,0,0,3.8
layer,10,0,9,136,decode,12,4,4,0,0,0,168,0,0,0,0,19,7,2,0,0,0,0,0,0,60,lru,0,0,0,0,0,0,8,8,8,0,0,0,4,0,0,0,0,0,0,0,0,0,0,0,0,10227883754078534471,4,4,1,8,1,1,0,3.8
layer,10,0,9,136,decode,13,4,3,1,313,168,154,16,1,0,1,372,7,2,0,0,0,0,0,0,60,lru,0,0,0,0,0,0,8,7,8,0,1,0,2,0,0,0,0,0,0,0,0,1900544,0,1900544,3,537566939165498544,4,4,2,8,2,1,0,3.8
layer,10,0,9,136,decode,14,4,4,0,0,0,154,0,0,0,0,20,7,2,0,0,0,0,0,0,60,lru,0,0,0,0,0,0,8,8,8,0,0,0,4,0,0,0,0,0,0,0,0,0,0,0,0,18333997435164802384,4,4,1,8,1,1,0,3.8
layer,10,0,9,136,decode,15,4,4,0,0,0,174,0,0,0,0,18,7,2,0,0,0,0,0,0,60,lru,0,0,0,0,0,0,8,8,8,0,0,0,3,0,0,0,0,0,0,0,0,0,0,0,0,3735253611449693699,4,4,1,8,1,1,0,3.8
layer,10,0,9,136,decode,16,4,4,0,0,0,167,0,0,0,0,19,8,2,0,0,0,0,0,0,60,lru,0,0,0,0,0,0,8,8,8,0,0,0,4,0,0,0,0,0,0,0,0,0,0,0,0,4314022690128548159,4,4,1,8,1,1,0,3.8
layer,10,0,9,136,decode,17,4,4,0,0,0,174,0,0,0,0,18,8,2,0,0,0,0,0,0,60,lru,0,0,0,0,0,0,8,8,8,0,0,0,2,0,0,0,0,0,0,0,0,0,0,0,0,7729295799982999862,4,4,1,8,1,1,0,3.8
layer,10,0,9,136,decode,18,4,3,1,317,178,138,25,1,0,1,387,8,2,0,0,0,0,0,0,60,lru,0,0,0,0,0,0,8,3,8,0,1,0,2,0,0,0,0,0,0,0,0,1900544,0,1900544,3,329832894314301963,4,4,1,8,1,0,0,3.8
layer,10,0,9,136,decode,19,4,3,1,314,159,154,29,1,0,1,413,8,27,0,0,0,0,0,0,60,lru,0,0,0,0,0,0,8,7,8,0,1,0,4,0,0,0,0,0,0,0,0,1900544,0,1900544,3,17692402294081223344,4,4,2,8,2,1,0,3.8
layer,10,0,9,136,decode,20,4,4,0,0,0,167,0,0,0,0,22,7,2,0,0,0,0,0,0,60,lru,0,0,0,0,0,0,8,8,8,0,0,0,5,0,0,0,0,0,0,0,0,0,0,0,0,6420359232035159850,4,4,1,8,1,1,0,3.8
layer,10,0,9,136,decode,21,4,4,0,0,0,174,0,0,0,0,18,7,2,0,0,0,0,0,0,60,lru,0,0,0,0,0,0,8,8,8,0,0,0,3,0,0,0,0,0,0,0,0,0,0,0,0,3693872930085865249,4,4,0,8,0,0,0,3.8
layer,10,0,9,136,decode,22,4,4,0,0,0,154,0,0,0,0,19,8,2,0,0,0,0,0,0,60,lru,0,0,0,0,0,0,8,8,8,0,0,0,3,0,0,0,0,0,0,0,0,0,0,0,0,7772896919983828389,4,4,1,8,1,1,0,3.8
layer,10,0,9,136,decode,23,4,4,0,0,0,174,0,0,0,0,19,7,2,0,0,0,0,0,0,60,lru,0,0,0,0,0,0,8,8,8,0,0,0,4,0,0,0,0,0,0,0,0,0,0,0,0,13400021171269788989,4,4,2,8,2,2,0,3.8
layer,10,0,9,136,decode,24,4,4,0,0,0,168,0,0,0,0,19,7,2,0,0,0,0,0,0,60,lru,0,0,0,0,0,0,8,8,8,0,0,0,4,0,0,0,0,0,0,0,0,0,0,0,0,13663960680398178210,4,4,0,8,0,0,0,3.8
layer,10,0,9,136,decode,25,4,4,0,0,0,175,0,0,0,0,19,7,2,0,0,0,0,0,0,60,lru,0,0,0,0,0,0,8,8,8,0,0,0,5,0,0,0,0,0,0,0,0,0,0,0,0,6744131316910381495,4,4,1,8,1,1,0,3.8
layer,10,0,9,136,decode,26,4,4,0,0,0,154,0,0,0,0,21,7,2,0,0,0,0,0,0,60,lru,0,0,0,0,0,0,8,8,8,0,0,0,6,0,0,0,0,0,0,0,0,0,0,0,0,13120209963702453830,4,4,2,8,2,2,0,3.8
layer,10,0,9,136,decode,27,4,4,0,0,0,174,0,0,0,0,18,8,2,0,0,0,0,0,0,60,lru,0,0,0,0,0,0,8,8,8,0,0,0,2,0,0,0,0,0,0,0,0,0,0,0,0,5028582394062499836,4,4,1,8,1,1,0,3.8
layer,10,0,9,136,decode,28,4,2,2,813,289,149,41,1,0,1,922,8,2,0,0,0,0,0,0,60,lru,0,0,0,0,0,0,8,6,8,0,2,0,4,0,0,0,0,0,0,0,0,3801088,0,3801088,6,8846793334707104652,4,4,3,8,3,1,0,3.8
layer,10,0,9,136,decode,29,4,2,2,975,278,151,50,1,0,1,1069,8,2,0,0,0,0,0,0,60,lru,0,0,0,0,0,0,8,2,8,0,2,0,5,0,0,0,0,0,0,0,0,3801088,0,3801088,6,12120447095025136326,4,4,5,8,5,3,0,3.8
layer,10,0,9,136,decode,30,4,3,1,5194,259,141,46,1,0,1,5321,7,34,0,0,0,0,0,0,60,lru,0,0,0,0,0,0,8,3,8,0,1,0,3,0,0,0,0,0,0,0,0,1900544,0,1900544,3,10237222488985075179,4,4,2,8,2,1,0,3.8
layer,10,0,9,136,decode,31,4,2,2,4967,436,154,29,1,0,1,5063,8,4,0,0,0,0,0,0,60,lru,0,0,0,0,0,0,8,6,8,0,2,0,4,0,0,0,0,0,0,0,0,3801088,0,3801088,6,10396595918110137351,4,4,5,8,5,3,0,3.8
layer,10,0,9,136,decode,32,4,3,1,606,168,150,33,1,0,1,674,8,3,0,0,0,0,0,0,60,lru,0,0,0,0,0,0,8,7,8,0,1,0,3,0,0,0,0,0,0,0,0,1900544,0,1900544,3,10828153841830635820,4,4,2,8,2,1,0,3.8
layer,10,0,9,136,decode,33,4,2,2,3802,278,153,39,2,0,2,3902,8,2,0,0,0,0,0,0,60,lru,0,0,0,0,0,0,8,2,8,0,2,0,3,0,0,0,0,0,0,0,0,3801088,0,3801088,6,297046167321122817,4,4,4,8,4,2,0,3.8
layer,10,0,9,136,decode,34,4,2,2,1758,297,138,54,2,0,2,1870,8,4,0,0,0,0,0,0,60,lru,0,0,0,0,0,0,8,6,8,0,2,0,2,0,0,0,0,0,0,0,0,4079616,0,4079616,6,10248412846779556742,4,4,5,8,5,3,0,3.8
layer,10,0,9,136,decode,35,4,3,1,304,166,155,46,1,0,1,411,8,32,0,0,0,0,0,0,60,lru,0,0,0,0,0,0,8,7,8,0,1,0,2,0,0,0,0,0,0,0,0,1900544,0,1900544,3,11191739833982307025,4,4,5,8,5,4,0,3.8
layer,10,0,9,136,decode,36,4,2,2,710,287,149,58,1,0,1,802,8,2,0,0,0,0,0,0,60,lru,0,0,0,0,0,0,8,2,8,0,2,0,3,0,0,0,0,0,0,0,0,3801088,0,3801088,6,15444880640294109429,4,4,4,8,4,2,0,3.8
layer,10,0,9,136,decode,37,4,1,3,2291,453,151,144,1,0,1,2432,8,12,0,0,0,0,0,0,60,lru,0,0,0,0,0,0,8,1,8,0,3,0,2,0,0,0,0,0,0,0,0,5701632,0,5701632,9,798255642630011023,4,4,5,8,5,2,0,3.8
layer,10,0,9,136,decode,38,4,4,0,0,0,158,0,0,0,0,22,8,2,0,0,0,0,0,0,60,lru,0,0,0,0,0,0,8,8,8,0,0,0,5,0,0,0,0,0,0,0,0,0,0,0,0,658143062101442900,4,4,2,8,2,2,0,3.8
layer,10,0,9,136,decode,39,4,1,3,9798,622,669,97,1,0,1,9924,8,2,0,0,0,0,0,0,60,lru,0,0,0,0,0,0,8,1,8,0,3,0,4,0,0,0,0,0,0,0,0,6119424,0,6119424,9,9171645171161208389,4,4,4,8,4,1,0,3.8
request,10,0,9,0,decode,-1,0,0,0,0,0,0,0,0,0,0,0,0,0,0,0,0,0,0,0,0,,45211,367,0,0,13,0,0,0,0,0,0,0,0,0,0,0,0,0,0,0,0,0,0,0,0,0,0,0,0,0,0,0,0,0
layer,11,0,10,137,decode,0,4,4,0,0,0,168,0,0,0,0,24,10,2,0,0,0,0,0,0,60,lru,0,0,0,0,0,0,8,8,8,0,0,0,6,0,0,0,0,0,0,0,0,0,0,0,0,13752061682182859772,4,4,1,8,1,1,0,3.8
layer,11,0,10,137,decode,1,4,4,0,0,0,175,0,0,0,0,23,9,2,0,0,0,0,0,0,60,lru,0,0,0,0,0,0,8,8,8,0,0,0,6,0,0,0,0,0,0,0,0,0,0,0,0,3662942325407553664,4,4,3,8,3,3,0,3.8
layer,11,0,10,137,decode,2,4,3,1,361,161,138,17,3,0,3,466,7,23,0,0,0,0,0,0,60,lru,0,0,0,0,0,0,8,3,8,0,1,0,7,0,0,0,0,0,0,0,0,1900544,0,1900544,3,16941721618072660621,4,4,4,8,4,3,0,3.8
layer,11,0,10,137,decode,3,4,3,1,338,156,154,21,2,0,2,405,8,3,0,0,0,0,0,0,60,lru,0,0,0,0,0,0,8,3,8,0,1,0,8,0,0,0,0,0,0,0,0,1900544,0,1900544,3,13961968597035453594,4,4,5,8,5,4,0,3.8
layer,11,0,10,137,decode,4,4,3,1,324,168,149,25,2,0,2,395,8,2,0,0,0,0,0,0,60,lru,0,0,0,0,0,0,8,7,8,0,1,0,4,0,0,0,0,0,0,0,0,1900544,0,1900544,3,3705308367385884673,4,4,2,8,2,1,0,3.8
layer,11,0,10,137,decode,5,4,3,1,323,170,153,28,2,0,2,415,7,19,0,0,0,0,0,0,60,lru,0,0,0,0,0,0,8,7,8,0,1,0,6,0,0,0,0,0,0,0,0,1900544,0,1900544,3,1655362076230573089,4,4,5,8,5,4,0,3.8
layer,11,0,10,137,decode,6,4,4,0,0,0,156,0,0,0,0,20,8,2,0,0,0,0,0,0,60,lru,0,0,0,0,0,0,8,8,8,0,0,0,3,0,0,0,0,0,0,0,0,0,0,0,0,15337263655119651004,4,4,1,8,1,1,0,3.8
layer,11,0,10,137,decode,7,4,4,0,0,0,178,0,0,0,0,24,8,3,0,0,0,0,0,0,60,lru,0,0,0,0,0,0,8,8,8,0,0,0,4,0,0,0,0,0,0,0,0,0,0,0,0,2498443195871587323,4,4,3,8,3,3,0,3.8
layer,11,0,10,137,decode,8,4,3,1,310,171,149,30,3,0,3,382,8,3,0,0,0,0,0,0,60,lru,0,0,0,0,0,0,8,7,8,0,1,0,4,0,0,0,0,0,0,0,0,1900544,0,1900544,3,5394900467664541526,4,4,1,8,1,0,0,3.8
layer,11,0,10,137,decode,9,4,4,0,0,0,175,0,0,0,0,22,8,2,0,0,0,0,0,0,60,lru,0,0,0,0,0,0,8,8,8,0,0,0,4,0,0,0,0,0,0,0,0,0,0,0,0,15809424018540173912,4,4,1,8,1,1,0,3.8
layer,11,0,10,137,decode,10,4,4,0,0,0,154,0,0,0,0,19,7,2,0,0,0,0,0,0,60,lru,0,0,0,0,0,0,8,8,8,0,0,0,4,0,0,0,0,0,0,0,0,0,0,0,0,7051800094206883361,4,4,1,8,1,1,0,3.8
layer,11,0,10,137,decode,11,4,4,0,0,0,174,0,0,0,0,17,7,2,0,0,0,0,0,0,60,lru,0,0,0,0,0,0,8,8,8,0,0,0,2,0,0,0,0,0,0,0,0,0,0,0,0,3301800293274438625,4,4,1,8,1,1,0,3.8
layer,11,0,10,137,decode,12,4,4,0,0,0,167,0,0,0,0,19,8,2,0,0,0,0,0,0,60,lru,0,0,0,0,0,0,8,8,8,0,0,0,4,0,0,0,0,0,0,0,0,0,0,0,0,16660675271518005166,4,4,1,8,1,1,0,3.8
layer,11,0,10,137,decode,13,4,3,1,311,150,154,19,1,0,1,398,8,2,0,0,0,0,0,0,60,lru,0,0,0,0,0,0,8,7,8,0,1,0,4,0,0,0,0,0,0,0,0,1900544,0,1900544,3,14992168513471016853,4,4,1,8,1,0,0,3.8
layer,11,0,10,137,decode,14,4,4,0,0,0,156,0,0,0,0,24,8,2,0,0,0,0,0,0,60,lru,0,0,0,0,0,0,8,8,8,0,0,0,6,0,0,0,0,0,0,0,0,0,0,0,0,4374121701622808341,4,4,2,8,2,2,0,3.8
layer,11,0,10,137,decode,15,4,4,0,0,0,174,0,0,0,0,20,8,2,0,0,0,0,0,0,60,lru,0,0,0,0,0,0,8,8,8,0,0,0,4,0,0,0,0,0,0,0,0,0,0,0,0,16816109367971025952,4,4,0,8,0,0,0,3.8
layer,11,0,10,137,decode,16,4,4,0,0,0,169,0,0,0,0,22,7,2,0,0,0,0,0,0,60,lru,0,0,0,0,0,0,8,8,8,0,0,0,5,0,0,0,0,0,0,0,0,0,0,0,0,6879696342733464548,4,4,1,8,1,1,0,3.8
layer,11,0,10,137,decode,17,4,4,0,0,0,176,0,0,0,0,22,8,2,0,0,0,0,0,0,60,lru,0,0,0,0,0,0,8,8,8,0,0,0,6,0,0,0,0,0,0,0,0,0,0,0,0,13431547448703674776,4,4,1,8,1,1,0,3.8
layer,11,0,10,137,decode,18,4,4,0,0,0,155,0,0,0,0,20,8,2,0,0,0,0,0,0,60,lru,0,0,0,0,0,0,8,8,8,0,0,0,5,0,0,0,0,0,0,0,0,0,0,0,0,18306235568359104861,4,4,0,8,0,0,0,3.8
layer,11,0,10,137,decode,19,4,4,0,0,0,175,0,0,0,0,19,9,2,0,0,0,0,0,0,60,lru,0,0,0,0,0,0,8,8,8,0,0,0,3,0,0,0,0,0,0,0,0,0,0,0,0,6239706438181849637,4,4,0,8,0,0,0,3.8
layer,11,0,10,137,decode,20,4,4,0,0,0,171,0,0,0,0,20,8,2,0,0,0,0,0,0,60,lru,0,0,0,0,0,0,8,8,8,0,0,0,3,0,0,0,0,0,0,0,0,0,0,0,0,10085238949891301489,4,4,0,8,0,0,0,3.8
layer,11,0,10,137,decode,21,4,4,0,0,0,174,0,0,0,0,18,8,2,0,0,0,0,0,0,60,lru,0,0,0,0,0,0,8,8,8,0,0,0,2,0,0,0,0,0,0,0,0,0,0,0,0,11032302757553765382,4,4,0,8,0,0,0,3.8
layer,11,0,10,137,decode,22,4,3,1,319,166,139,17,1,0,1,380,7,3,0,0,0,0,0,0,60,lru,0,0,0,0,0,0,8,7,8,0,1,0,3,0,0,0,0,0,0,0,0,1900544,0,1900544,3,12352051826916875206,4,4,2,8,2,1,0,3.8
layer,11,0,10,137,decode,23,4,4,0,0,0,175,0,0,0,0,20,8,2,0,0,0,0,0,0,60,lru,0,0,0,0,0,0,8,8,8,0,0,0,3,0,0,0,0,0,0,0,0,0,0,0,0,11509556231621358288,4,4,1,8,1,1,0,3.8
layer,11,0,10,137,decode,24,4,4,0,0,0,167,0,0,0,0,18,7,2,0,0,0,0,0,0,60,lru,0,0,0,0,0,0,8,8,8,0,0,0,3,0,0,0,0,0,0,0,0,0,0,0,0,2759862535610868961,4,4,0,8,0,0,0,3.8
layer,11,0,10,137,decode,25,4,4,0,0,0,175,0,0,0,0,18,7,2,0,0,0,0,0,0,60,lru,0,0,0,0,0,0,8,8,8,0,0,0,3,0,0,0,0,0,0,0,0,0,0,0,0,2327070760508913233,4,4,2,8,2,2,0,3.8
layer,11,0,10,137,decode,26,4,4,0,0,0,153,0,0,0,0,20,8,2,0,0,0,0,0,0,60,lru,0,0,0,0,0,0,8,8,8,0,0,0,5,0,0,0,0,0,0,0,0,0,0,0,0,1022126407306244592,4,4,1,8,1,1,0,3.8
layer,11,0,10,137,decode,27,4,4,0,0,0,175,0,0,0,0,18,7,2,0,0,0,0,0,0,60,lru,0,0,0,0,0,0,8,8,8,0,0,0,3,0,0,0,0,0,0,0,0,0,0,0,0,11827166639087036649,4,4,1,8,1,1,0,3.8
layer,11,0,10,137,decode,28,4,3,1,306,163,149,14,1,0,1,402,8,20,0,0,0,0,0,0,60,lru,0,0,0,0,0,0,8,3,8,0,1,0,3,0,0,0,0,0,0,0,0,1900544,0,1900544,3,8304692795134640558,4,4,2,8,2,1,0,3.8
layer,11,0,10,137,decode,29,4,3,1,346,158,154,40,1,0,1,409,8,2,0,0,0,0,0,0,60,lru,0,0,0,0,0,0,8,7,8,0,1,0,3,0,0,0,0,0,0,0,0,1900544,0,1900544,3,253629260887410547,4,4,3,8,3,2,0,3.8
layer,11,0,10,137,decode,30,4,3,1,344,163,140,24,1,0,1,424,8,3,0,0,0,0,0,0,60,lru,0,0,0,0,0,0,8,3,8,0,1,0,5,0,0,0,0,0,0,0,0,1900544,0,1900544,3,18010386565169478077,4,4,3,8,3,2,0,3.8
layer,11,0,10,137,decode,31,4,3,1,342,178,155,26,1,0,1,449,8,24,0,0,0,0,0,0,60,lru,0,0,0,0,0,0,8,7,8,0,1,0,4,0,0,0,0,0,0,0,0,1900544,0,1900544,3,8994082861011887970,4,4,4,8,4,3,0,3.8
layer,11,0,10,137,decode,32,4,4,0,0,0,171,0,0,0,0,20,8,2,0,0,0,0,0,0,60,lru,0,0,0,0,0,0,8,8,8,0,0,0,4,0,0,0,0,0,0,0,0,0,0,0,0,10288889476698381380,4,4,1,8,1,1,0,3.8
layer,11,0,10,137,decode,33,4,4,0,0,0,173,0,0,0,0,20,8,2,0,0,0,0,0,0,60,lru,0,0,0,0,0,0,8,8,8,0,0,0,4,0,0,0,0,0,0,0,0,0,0,0,0,18155108117322401015,4,4,3,8,3,3,0,3.8
layer,11,0,10,137,decode,34,4,1,3,1299,457,137,79,1,0,1,1426,8,3,0,0,0,0,0,0,60,lru,0,0,0,0,0,0,8,1,8,0,3,0,4,0,0,0,0,0,0,0,0,6119424,0,6119424,9,9858232329342939576,4,4,6,8,6,3,0,3.8
layer,11,0,10,137,decode,35,4,3,1,322,180,154,32,1,0,1,386,8,3,0,0,0,0,0,0,60,lru,0,0,0,0,0,0,8,7,8,0,1,0,3,0,0,0,0,0,0,0,0,1900544,0,1900544,3,8816783413350118435,4,4,2,8,2,1,0,3.8
layer,11,0,10,137,decode,36,4,4,0,0,0,171,0,0,0,0,21,8,2,0,0,0,0,0,0,60,lru,0,0,0,0,0,0,8,8,8,0,0,0,5,0,0,0,0,0,0,0,0,0,0,0,0,12686357159743437573,4,4,2,8,2,2,0,3.8
layer,11,0,10,137,decode,37,4,3,1,360,171,153,59,1,0,1,471,7,15,0,0,0,0,0,0,60,lru,0,0,0,0,0,0,8,7,8,0,1,0,2,0,0,0,0,0,0,0,0,1900544,0,1900544,3,9181728860682869164,4,4,4,8,4,3,0,3.8
layer,11,0,10,137,decode,38,4,3,1,392,186,140,25,1,0,1,467,7,11,0,0,0,0,0,0,60,lru,0,0,0,0,0,0,8,3,8,0,1,0,4,0,0,0,0,0,0,0,0,2039808,0,2039808,3,1296947249002088214,4,4,2,8,2,1,0,3.8
layer,11,0,10,137,decode,39,4,2,2,832,309,668,50,1,0,1,931,8,3,0,0,0,0,0,0,60,lru,0,0,0,0,0,0,8,2,8,0,2,0,2,0,0,0,0,0,0,0,0,4079616,0,4079616,6,11187634842634466348,4,4,3,8,3,1,0,3.8
request,11,0,10,0,decode,-1,0,0,0,0,0,0,0,0,0,0,0,0,0,0,0,0,0,0,0,0,,17233,324,0,0,16,0,0,0,0,0,0,0,0,0,0,0,0,0,0,0,0,0,0,0,0,0,0,0,0,0,0,0,0,0
layer,12,0,11,138,decode,0,4,4,0,0,0,168,0,0,0,0,22,9,2,0,0,0,0,0,0,60,lru,0,0,0,0,0,0,8,8,8,0,0,0,4,0,0,0,0,0,0,0,0,0,0,0,0,2925420408621948646,4,4,3,8,3,3,0,3.8
layer,12,0,11,138,decode,1,4,4,0,0,0,175,0,0,0,0,21,8,2,0,0,0,0,0,0,60,lru,0,0,0,0,0,0,8,8,8,0,0,0,5,0,0,0,0,0,0,0,0,0,0,0,0,6923328024751091081,4,4,2,8,2,2,0,3.8
layer,12,0,11,138,decode,2,4,4,0,0,0,155,0,0,0,0,20,7,2,0,0,0,0,0,0,60,lru,0,0,0,0,0,0,8,8,8,0,0,0,4,0,0,0,0,0,0,0,0,0,0,0,0,16855682155423951166,4,4,3,8,3,3,0,3.8
layer,12,0,11,138,decode,3,4,4,0,0,0,176,0,0,0,0,20,8,2,0,0,0,0,0,0,60,lru,0,0,0,0,0,0,8,8,8,0,0,0,4,0,0,0,0,0,0,0,0,0,0,0,0,16045381815544658780,4,4,3,8,3,3,0,3.8
layer,12,0,11,138,decode,4,4,4,0,0,0,169,0,0,0,0,21,8,2,0,0,0,0,0,0,60,lru,0,0,0,0,0,0,8,8,8,0,0,0,5,0,0,0,0,0,0,0,0,0,0,0,0,5283260115881562927,4,4,3,8,3,3,0,3.8
layer,12,0,11,138,decode,5,4,1,3,2108,383,153,103,2,0,2,2275,8,26,0,0,0,0,0,0,60,lru,0,0,0,0,0,0,8,1,8,0,3,0,7,0,0,0,0,0,0,0,0,5701632,0,5701632,9,989156465894381682,4,4,5,8,5,2,0,3.8
layer,12,0,11,138,decode,6,4,4,0,0,0,155,0,0,0,0,23,8,2,0,0,0,0,0,0,60,lru,0,0,0,0,0,0,8,8,8,0,0,0,6,0,0,0,0,0,0,0,0,0,0,0,0,18031283088586088243,4,4,3,8,3,3,0,3.8
layer,12,0,11,138,decode,7,4,4,0,0,0,176,0,0,0,0,20,7,2,0,0,0,0,0,0,60,lru,0,0,0,0,0,0,8,8,8,0,0,0,4,0,0,0,0,0,0,0,0,0,0,0,0,17640816869146015715,4,4,1,8,1,1,0,3.8
layer,12,0,11,138,decode,8,4,4,0,0,0,169,0,0,0,0,21,8,2,0,0,0,0,0,0,60,lru,0,0,0,0,0,0,8,8,8,0,0,0,5,0,0,0,0,0,0,0,0,0,0,0,0,1166652133097228115,4,4,0,8,0,0,0,3.8
layer,12,0,11,138,decode,9,4,4,0,0,0,173,0,0,0,0,20,7,2,0,0,0,0,0,0,60,lru,0,0,0,0,0,0,8,8,8,0,0,0,5,0,0,0,0,0,0,0,0,0,0,0,0,1114731881054168262,4,4,0,8,0,0,0,3.8
layer,12,0,11,138,decode,10,4,4,0,0,0,154,0,0,0,0,18,8,2,0,0,0,0,0,0,60,lru,0,0,0,0,0,0,8,8,8,0,0,0,2,0,0,0,0,0,0,0,0,0,0,0,0,9871427481336073365,4,4,1,8,1,1,0,3.8
layer,12,0,11,138,decode,11,4,2,2,635,293,154,32,1,0,1,730,7,3,0,0,0,0,0,0,60,lru,0,0,0,0,0,0,8,2,8,0,2,0,4,0,0,0,0,0,0,0,0,3801088,0,3801088,6,18070335942553706461,4,4,2,8,2,0,0,3.8
layer,12,0,11,138,decode,12,4,3,1,309,172,150,31,1,0,1,374,8,3,0,0,0,0,0,0,60,lru,0,0,0,0,0,0,8,7,8,0,1,0,3,0,0,0,0,0,0,0,0,1900544,0,1900544,3,11628471563769173367,4,4,2,8,2,1,0,3.8
layer,12,0,11,138,decode,13,4,4,0,0,0,174,0,0,0,0,21,8,2,0,0,0,0,0,0,60,lru,0,0,0,0,0,0,8,8,8,0,0,0,2,0,0,0,0,0,0,0,0,0,0,0,0,9043200124722199738,4,4,0,8,0,0,0,3.8
layer,12,0,11,138,decode,14,4,4,0,0,0,155,0,0,0,0,19,7,2,0,0,0,0,0,0,60,lru,0,0,0,0,0,0,8,8,8,0,0,0,3,0,0,0,0,0,0,0,0,0,0,0,0,7829716539440861304,4,4,0,8,0,0,0,3.8
layer,12,0,11,138,decode,15,4,3,1,308,170,154,28,1,0,1,386,8,2,0,0,0,0,0,0,60,lru,0,0,0,0,0,0,8,7,8,0,1,0,5,0,0,0,0,0,0,0,0,1900544,0,1900544,3,7935471753462151377,4,4,1,8,1,0,0,3.8
layer,12,0,11,138,decode,16,4,4,0,0,0,168,0,0,0,0,22,8,2,0,0,0,0,0,0,60,lru,0,0,0,0,0,0,8,8,8,0,0,0,4,0,0,0,0,0,0,0,0,0,0,0,0,7634731283317433513,4,4,2,8,2,2,0,3.8
layer,12,0,11,138,decode,17,4,2,2,653,287,153,59,1,0,1,777,9,25,0,0,0,0,0,0,60,lru,0,0,0,0,0,0,8,6,8,0,2,0,4,0,0,0,0,0,0,0,0,3801088,0,3801088,6,11223127261973249317,4,4,4,8,4,2,0,3.8
layer,12,0,11,138,decode,18,4,2,2,8285,390,140,92,2,0,2,8459,8,18,0,0,0,0,0,0,60,lru,0,0,0,0,0,0,8,6,8,0,2,0,3,0,0,0,0,0,0,0,0,3801088,0,3801088,6,9287602539063389310,4,4,2,8,2,0,0,3.8
layer,12,0,11,138,decode,19,4,3,1,331,173,155,17,1,0,1,394,8,2,0,0,0,0,0,0,60,lru,0,0,0,0,0,0,8,7,8,0,1,0,3,0,0,0,0,0,0,0,0,1900544,0,1900544,3,7552793478300330189,4,4,2,8,2,1,0,3.8
layer,12,0,11,138,decode,20,4,4,0,0,0,169,0,0,0,0,20,8,2,0,0,0,0,0,0,60,lru,0,0,0,0,0,0,8,8,8,0,0,0,3,0,0,0,0,0,0,0,0,0,0,0,0,8951496217997504046,4,4,0,8,0,0,0,3.8
layer,12,0,11,138,decode,21,4,4,0,0,0,173,0,0,0,0,20,7,2,0,0,0,0,0,0,60,lru,0,0,0,0,0,0,8,8,8,0,0,0,5,0,0,0,0,0,0,0,0,0,0,0,0,7837997150028455781,4,4,1,8,1,1,0,3.8
layer,12,0,11,138,decode,22,4,2,2,656,286,139,30,1,0,1,758,8,3,0,0,0,0,0,0,60,lru,0,0,0,0,0,0,8,6,8,0,2,0,4,0,0,0,0,0,0,0,0,3801088,0,3801088,6,18029659223776823556,4,4,4,8,4,2,0,3.8
layer,12,0,11,138,decode,23,4,4,0,0,0,175,0,0,0,0,25,8,2,0,0,0,0,0,0,60,lru,0,0,0,0,0,0,8,8,8,0,0,0,6,0,0,0,0,0,0,0,0,0,0,0,0,8131631671758839671,4,4,2,8,2,2,0,3.8
layer,12,0,11,138,decode,24,4,3,1,301,173,150,9,1,0,1,374,8,3,0,0,0,0,0,0,60,lru,0,0,0,0,0,0,8,7,8,0,1,0,4,0,0,0,0,0,0,0,0,1900544,0,1900544,3,11068892990358478541,4,4,3,8,3,2,0,3.8
layer,12,0,11,138,decode,25,4,2,2,751,283,154,53,1,0,1,849,8,3,0,0,0,0,0,0,60,lru,0,0,0,0,0,0,8,6,8,0,2,0,4,0,0,0,0,0,0,0,0,3801088,0,3801088,6,5098674401766778978,4,4,4,8,4,2,0,3.8
layer,12,0,11,138,decode,26,4,3,1,347,165,139,19,1,0,1,418,7,3,0,0,0,0,0,0,60,lru,0,0,0,0,0,0,8,3,8,0,1,0,6,0,0,0,0,0,0,0,0,1900544,0,1900544,3,7586282023723491207,4,4,3,8,3,2,0,3.8
layer,12,0,11,138,decode,27,4,4,0,0,0,175,0,0,0,0,24,8,2,0,0,0,0,0,0,60,lru,0,0,0,0,0,0,8,8,8,0,0,0,6,0,0,0,0,0,0,0,0,0,0,0,0,4102963546495941591,4,4,2,8,2,2,0,3.8
layer,12,0,11,138,decode,28,4,4,0,0,0,168,0,0,0,0,20,7,2,0,0,0,0,0,0,60,lru,0,0,0,0,0,0,8,8,8,0,0,0,3,0,0,0,0,0,0,0,0,0,0,0,0,797064796966085971,4,4,2,8,2,2,0,3.8
layer,12,0,11,138,decode,29,4,4,0,0,0,173,0,0,0,0,21,7,2,0,0,0,0,0,0,60,lru,0,0,0,0,0,0,8,8,8,0,0,0,5,0,0,0,0,0,0,0,0,0,0,0,0,11174725739940895900,4,4,2,8,2,2,0,3.8
layer,12,0,11,138,decode,30,4,3,1,4157,164,139,19,1,0,1,4220,7,2,0,0,0,0,0,0,60,lru,0,0,0,0,0,0,8,7,8,0,1,0,7,0,0,0,0,0,0,0,0,1900544,0,1900544,3,15608264103531991803,4,4,4,8,4,3,0,3.8
layer,12,0,11,138,decode,31,4,3,1,3520,174,155,33,1,0,1,3587,8,3,0,0,0,0,0,0,60,lru,0,0,0,0,0,0,8,7,8,0,1,0,3,0,0,0,0,0,0,0,0,1900544,0,1900544,3,5066065972071450865,4,4,3,8,3,2,0,3.8
layer,12,0,11,138,decode,32,4,3,1,308,177,149,34,1,0,1,375,8,3,0,0,0,0,0,0,60,lru,0,0,0,0,0,0,8,7,8,0,1,0,5,0,0,0,0,0,0,0,0,1900544,0,1900544,3,17912917033422938588,4,4,3,8,3,2,0,3.8
layer,12,0,11,138,decode,33,4,4,0,0,0,175,0,0,0,0,22,8,2,0,0,0,0,0,0,60,lru,0,0,0,0,0,0,8,8,8,0,0,0,4,0,0,0,0,0,0,0,0,0,0,0,0,3874660047972041575,4,4,2,8,2,2,0,3.8
layer,12,0,11,138,decode,34,4,2,2,853,292,139,47,1,0,1,943,9,3,0,0,0,0,0,0,60,lru,0,0,0,0,0,0,8,6,8,0,2,0,3,0,0,0,0,0,0,0,0,4079616,0,4079616,6,9891709614057217771,4,4,6,8,6,4,0,3.8
layer,12,0,11,138,decode,35,4,4,0,0,0,176,0,0,0,0,20,8,2,0,0,0,0,0,0,60,lru,0,0,0,0,0,0,8,8,8,0,0,0,3,0,0,0,0,0,0,0,0,0,0,0,0,1489905925503786025,4,4,2,8,2,2,0,3.8
layer,12,0,11,138,decode,36,4,4,0,0,0,170,0,0,0,0,17,8,2,0,0,0,0,0,0,60,lru,0,0,0,0,0,0,8,8,8,0,0,0,2,0,0,0,0,0,0,0,0,0,0,0,0,9993596293010941647,4,4,2,8,2,2,0,3.8
layer,12,0,11,138,decode,37,4,4,0,0,0,176,0,0,0,0,22,8,2,0,0,0,0,0,0,60,lru,0,0,0,0,0,0,8,8,8,0,0,0,6,0,0,0,0,0,0,0,0,0,0,0,0,2445857013510940491,4,4,0,8,0,0,0,3.8
layer,12,0,11,138,decode,38,4,3,1,353,174,140,28,1,0,1,418,7,3,0,0,0,0,0,0,60,lru,0,0,0,0,0,0,8,7,8,0,1,0,5,0,0,0,0,0,0,0,0,2039808,0,2039808,3,13597901562550040604,4,4,4,8,4,3,0,3.8
layer,12,0,11,138,decode,39,4,1,3,3062,440,671,124,1,0,1,3244,9,19,0,0,0,0,0,0,60,lru,0,0,0,0,0,0,8,1,8,0,3,0,4,0,0,0,0,0,0,0,0,6119424,0,6119424,9,2755403266884484461,4,4,6,8,6,3,0,3.8
request,12,0,11,0,decode,-1,0,0,0,0,0,0,0,0,0,0,0,0,0,0,0,0,0,0,0,0,,37737,363,0,0,21,0,0,0,0,0,0,0,0,0,0,0,0,0,0,0,0,0,0,0,0,0,0,0,0,0,0,0,0,0
layer,13,0,12,139,decode,0,4,2,2,723,312,148,42,3,0,3,878,9,26,0,0,0,0,0,0,60,lru,0,0,0,0,0,0,8,6,8,0,2,0,7,0,0,0,0,0,0,0,0,3801088,0,3801088,6,2804010877015530291,4,4,4,8,4,2,0,3.8
layer,13,0,12,139,decode,1,4,4,0,0,0,174,0,0,0,0,22,8,2,0,0,0,0,0,0,60,lru,0,0,0,0,0,0,8,8,8,0,0,0,5,0,0,0,0,0,0,0,0,0,0,0,0,2349903793816268086,4,4,3,8,3,3,0,3.8
layer,13,0,12,139,decode,2,4,3,1,336,162,138,49,3,0,3,445,7,20,0,0,0,0,0,0,60,lru,0,0,0,0,0,0,8,7,8,0,1,0,4,0,0,0,0,0,0,0,0,1900544,0,1900544,3,5603319120124089934,4,4,1,8,1,0,0,3.8
layer,13,0,12,139,decode,3,4,3,1,329,156,155,52,2,0,2,445,8,24,0,0,0,0,0,0,60,lru,0,0,0,0,0,0,8,7,8,0,1,0,6,0,0,0,0,0,0,0,0,1900544,0,1900544,3,1281393376307611683,4,4,5,8,5,4,0,3.8
layer,13,0,12,139,decode,4,4,4,0,0,0,168,0,0,0,0,23,8,2,0,0,0,0,0,0,60,lru,0,0,0,0,0,0,8,8,8,0,0,0,6,0,0,0,0,0,0,0,0,0,0,0,0,3899479554196334306,4,4,1,8,1,1,0,3.8
layer,13,0,12,139,decode,5,4,4,0,0,0,174,0,0,0,0,23,7,2,0,0,0,0,0,0,60,lru,0,0,0,0,0,0,8,8,8,0,0,0,6,0,0,0,0,0,0,0,0,0,0,0,0,3176408772377496081,4,4,4,8,4,4,0,3.8
layer,13,0,12,139,decode,6,4,2,2,3843,289,139,38,3,0,3,3939,7,2,0,0,0,0,0,0,60,lru,0,0,0,0,0,0,8,2,8,0,2,0,6,0,0,0,0,0,0,0,0,3801088,0,3801088,6,14811549414918390853,4,4,6,8,6,4,0,3.8
layer,13,0,12,139,decode,7,4,2,2,2392,302,156,37,3,0,3,2490,8,3,0,0,0,0,0,0,60,lru,0,0,0,0,0,0,8,2,8,0,2,0,6,0,0,0,0,0,0,0,0,3801088,0,3801088,6,16065095976594447560,4,4,5,8,5,3,0,3.8
layer,13,0,12,139,decode,8,4,4,0,0,0,169,0,0,0,0,22,7,2,0,0,0,0,0,0,60,lru,0,0,0,0,0,0,8,8,8,0,0,0,6,0,0,0,0,0,0,0,0,0,0,0,0,4409054022247395683,4,4,0,8,0,0,0,3.8
layer,13,0,12,139,decode,9,4,4,0,0,0,174,0,0,0,0,20,7,2,0,0,0,0,0,0,60,lru,0,0,0,0,0,0,8,8,8,0,0,0,5,0,0,0,0,0,0,0,0,0,0,0,0,13600119393668723903,4,4,1,8,1,1,0,3.8
layer,13,0,12,139,decode,10,4,2,2,2089,249,138,26,1,0,1,2181,8,3,0,0,0,0,0,0,60,lru,0,0,0,0,0,0,8,2,8,0,2,0,5,0,0,0,0,0,0,0,0,3801088,0,3801088,6,4389740300714731440,4,4,3,8,3,1,0,3.8
layer,13,0,12,139,decode,11,4,4,0,0,0,175,0,0,0,0,22,8,2,0,0,0,0,0,0,60,lru,0,0,0,0,0,0,8,8,8,0,0,0,4,0,0,0,0,0,0,0,0,0,0,0,0,4583085372882844363,4,4,2,8,2,2,0,3.8
layer,13,0,12,139,decode,12,4,4,0,0,0,169,0,0,0,0,20,8,2,0,0,0,0,0,0,60,lru,0,0,0,0,0,0,8,8,8,0,0,0,4,0,0,0,0,0,0,0,0,0,0,0,0,2353321863423814478,4,4,0,8,0,0,0,3.8
layer,13,0,12,139,decode,13,4,4,0,0,0,174,0,0,0,0,20,8,2,0,0,0,0,0,0,60,lru,0,0,0,0,0,0,8,8,8,0,0,0,4,0,0,0,0,0,0,0,0,0,0,0,0,16144901096559642763,4,4,1,8,1,1,0,3.8
layer,13,0,12,139,decode,14,4,4,0,0,0,154,0,0,0,0,18,7,2,0,0,0,0,0,0,60,lru,0,0,0,0,0,0,8,8,8,0,0,0,3,0,0,0,0,0,0,0,0,0,0,0,0,2137196480033069698,4,4,0,8,0,0,0,3.8
layer,13,0,12,139,decode,15,4,4,0,0,0,174,0,0,0,0,19,8,2,0,0,0,0,0,0,60,lru,0,0,0,0,0,0,8,8,8,0,0,0,4,0,0,0,0,0,0,0,0,0,0,0,0,5025532651309179518,4,4,2,8,2,2,0,3.8
layer,13,0,12,139,decode,16,4,4,0,0,0,168,0,0,0,0,19,8,2,0,0,0,0,0,0,60,lru,0,0,0,0,0,0,8,8,8,0,0,0,3,0,0,0,0,0,0,0,0,0,0,0,0,17636917355202682215,4,4,0,8,0,0,0,3.8
layer,13,0,12,139,decode,17,4,4,0,0,0,174,0,0,0,0,19,7,2,0,0,0,0,0,0,60,lru,0,0,0,0,0,0,8,8,8,0,0,0,4,0,0,0,0,0,0,0,0,0,0,0,0,814795322473473705,4,4,3,8,3,3,0,3.8
layer,13,0,12,139,decode,18,4,3,1,332,167,138,49,1,0,1,437,8,25,0,0,0,0,0,0,60,lru,0,0,0,0,0,0,8,7,8,0,1,0,3,0,0,0,0,0,0,0,0,1900544,0,1900544,3,11602517694225104331,4,4,1,8,1,0,0,3.8
layer,13,0,12,139,decode,19,4,4,0,0,0,173,0,0,0,0,23,8,2,0,0,0,0,0,0,60,lru,0,0,0,0,0,0,8,8,8,0,0,0,5,0,0,0,0,0,0,0,0,0,0,0,0,2951302047553981568,4,4,1,8,1,1,0,3.8
layer,13,0,12,139,decode,20,4,4,0,0,0,169,0,0,0,0,22,7,2,0,0,0,0,0,0,60,lru,0,0,0,0,0,0,8,8,8,0,0,0,5,0,0,0,0,0,0,0,0,0,0,0,0,12526246727078424862,4,4,1,8,1,1,0,3.8
layer,13,0,12,139,decode,21,4,4,0,0,0,174,0,0,0,0,19,7,2,0,0,0,0,0,0,60,lru,0,0,0,0,0,0,8,8,8,0,0,0,2,0,0,0,0,0,0,0,0,0,0,0,0,2316296065033569930,4,4,1,8,1,1,0,3.8
layer,13,0,12,139,decode,22,4,4,0,0,0,156,0,0,0,0,22,7,2,0,0,0,0,0,0,60,lru,0,0,0,0,0,0,8,8,8,0,0,0,6,0,0,0,0,0,0,0,0,0,0,0,0,6878802113675301035,4,4,0,8,0,0,0,3.8
layer,13,0,12,139,decode,23,4,4,0,0,0,174,0,0,0,0,20,8,2,0,0,0,0,0,0,60,lru,0,0,0,0,0,0,8,8,8,0,0,0,5,0,0,0,0,0,0,0,0,0,0,0,0,6631024476209991660,4,4,2,8,2,2,0,3.8
layer,13,0,12,139,decode,24,4,4,0,0,0,168,0,0,0,0,20,8,2,0,0,0,0,0,0,60,lru,0,0,0,0,0,0,8,8,8,0,0,0,5,0,0,0,0,0,0,0,0,0,0,0,0,4955868348538858519,4,4,1,8,1,1,0,3.8
layer,13,0,12,139,decode,25,4,4,0,0,0,175,0,0,0,0,20,8,2,0,0,0,0,0,0,60,lru,0,0,0,0,0,0,8,8,8,0,0,0,4,0,0,0,0,0,0,0,0,0,0,0,0,2359579791630509069,4,4,4,8,4,4,0,3.8
layer,13,0,12,139,decode,26,4,3,1,310,164,139,38,1,0,1,439,8,25,0,0,0,0,0,0,60,lru,0,0,0,0,0,0,8,7,8,0,1,0,3,0,0,0,0,0,0,0,0,1900544,0,1900544,3,59078314952870449,4,4,3,8,3,2,0,3.8
layer,13,0,12,139,decode,27,4,4,0,0,0,176,0,0,0,0,20,9,2,0,0,0,0,0,0,60,lru,0,0,0,0,0,0,8,8,8,0,0,0,2,0,0,0,0,0,0,0,0,0,0,0,0,17729142037749702699,4,4,0,8,0,0,0,3.8
layer,13,0,12,139,decode,28,4,2,2,745,287,147,53,1,0,1,872,8,20,0,0,0,0,0,0,60,lru,0,0,0,0,0,0,8,2,8,0,2,0,3,0,0,0,0,0,0,0,0,3801088,0,3801088,6,10122374580902033098,4,4,3,8,3,1,0,3.8
layer,13,0,12,139,decode,29,4,3,1,351,165,153,21,1,0,1,414,8,2,0,0,0,0,0,0,60,lru,0,0,0,0,0,0,8,7,8,0,1,0,3,0,0,0,0,0,0,0,0,1900544,0,1900544,3,16655493534826578585,4,4,3,8,3,2,0,3.8
layer,13,0,12,139,decode,30,4,3,1,350,166,140,21,1,0,1,442,8,21,0,0,0,0,0,0,60,lru,0,0,0,0,0,0,8,3,8,0,1,0,4,0,0,0,0,0,0,0,0,1900544,0,1900544,3,12283209300210210791,4,4,3,8,3,2,0,3.8
layer,13,0,12,139,decode,31,4,1,3,1504,397,155,96,1,0,1,1660,9,22,0,0,0,0,0,0,60,lru,0,0,0,0,0,0,8,1,8,0,3,0,5,0,0,0,0,0,0,0,0,5701632,0,5701632,9,17253989981211688397,4,4,4,8,4,1,0,3.8
layer,13,0,12,139,decode,32,4,2,2,756,278,148,36,0,0,0,847,8,2,0,0,0,0,0,0,60,lru,0,0,0,0,0,0,8,6,8,0,2,0,3,0,0,0,0,0,0,0,0,3801088,0,3801088,6,2778528742440870869,4,4,4,8,4,2,0,3.8
layer,13,0,12,139,decode,33,4,3,1,324,170,152,26,1,0,1,389,8,3,0,0,0,0,0,0,60,lru,0,0,0,0,0,0,8,7,8,0,1,0,4,0,0,0,0,0,0,0,0,1900544,0,1900544,3,3661460441225396341,4,4,1,8,1,0,0,3.8
layer,13,0,12,139,decode,34,4,2,2,6824,457,139,36,1,0,1,6911,8,3,0,0,0,0,0,0,60,lru,0,0,0,0,0,0,8,6,8,0,2,0,3,0,0,0,0,0,0,0,0,4079616,0,4079616,6,2034384624356785776,4,4,4,8,4,2,0,3.8
layer,13,0,12,139,decode,35,4,1,3,1162,349,152,69,3,0,3,1290,8,3,0,0,0,0,0,0,60,lru,0,0,0,0,0,0,8,5,8,0,3,0,6,0,0,0,0,0,0,0,0,5701632,0,5701632,9,17353751545909945499,4,4,6,8,6,3,0,3.8
layer,13,0,12,139,decode,36,4,2,2,4819,426,148,54,1,0,1,4989,9,22,0,0,0,0,0,0,60,lru,0,0,0,0,0,0,8,6,8,0,2,0,5,0,0,0,0,0,0,0,0,3801088,0,3801088,6,1045196469876986103,4,4,4,8,4,2,0,3.8
layer,13,0,12,139,decode,37,4,2,2,790,280,152,85,2,0,2,890,8,3,0,0,0,0,0,0,60,lru,0,0,0,0,0,0,8,6,8,0,2,0,3,0,0,0,0,0,0,0,0,3801088,0,3801088,6,6008226129010685121,4,4,3,8,3,1,0,3.8
layer,13,0,12,139,decode,38,4,1,3,1288,434,137,87,1,0,1,1450,9,28,0,0,0,0,0,0,60,lru,0,0,0,0,0,0,8,5,8,0,3,0,2,0,0,0,0,0,0,0,0,6119424,0,6119424,9,7280956214188312223,4,4,5,8,5,2,0,3.8
layer,13,0,12,139,decode,39,4,1,3,1206,461,671,76,2,0,2,1336,7,4,0,0,0,0,0,0,60,lru,0,0,0,0,0,0,8,1,8,0,3,0,5,0,0,0,0,0,0,0,0,6119424,0,6119424,9,2960836537046062169,4,4,4,8,4,1,0,3.8
request,13,0,12,0,decode,-1,0,0,0,0,0,0,0,0,0,0,0,0,0,0,0,0,0,0,0,0,,41777,398,0,0,13,0,0,0,0,0,0,0,0,0,0,0,0,0,0,0,0,0,0,0,0,0,0,0,0,0,0,0,0,0
layer,14,0,13,140,decode,0,4,1,3,1285,385,146,97,4,0,4,1451,11,26,0,0,0,0,0,0,60,lru,0,0,0,0,0,0,8,1,8,0,3,0,10,0,0,0,0,0,0,0,0,5701632,0,5701632,9,15280028923184617226,4,4,6,8,6,3,0,3.8
layer,14,0,13,140,decode,1,4,1,3,1236,422,152,60,5,0,5,1367,8,4,0,0,0,0,0,0,60,lru,0,0,0,0,0,0,8,1,8,0,3,0,5,0,0,0,0,0,0,0,0,5701632,0,5701632,9,6806266015302564115,4,4,5,8,5,2,0,3.8
layer,14,0,13,140,decode,2,4,1,3,1243,397,138,72,3,0,3,1375,8,3,0,0,0,0,0,0,60,lru,0,0,0,0,0,0,8,1,8,0,3,0,7,0,0,0,0,0,0,0,0,5701632,0,5701632,9,2599695190015231535,4,4,4,8,4,1,0,3.8
layer,14,0,13,140,decode,3,4,3,1,359,165,156,19,3,0,3,432,8,3,0,0,0,0,0,0,60,lru,0,0,0,0,0,0,8,7,8,0,1,0,7,0,0,0,0,0,0,0,0,1900544,0,1900544,3,6321513673439845497,4,4,4,8,4,3,0,3.8
layer,14,0,13,140,decode,4,4,4,0,0,0,171,0,0,0,0,22,7,2,0,0,0,0,0,0,60,lru,0,0,0,0,0,0,8,8,8,0,0,0,5,0,0,0,0,0,0,0,0,0,0,0,0,3987850210006894015,4,4,0,8,0,0,0,3.8
layer,14,0,13,140,decode,5,4,3,1,366,102,163,28,2,0,2,441,8,3,0,0,0,0,0,0,60,lru,0,0,0,0,0,0,8,3,8,0,1,0,5,0,0,0,0,0,0,0,0,1900544,0,1900544,3,10335533582653678162,4,4,3,8,3,2,0,3.8
layer,14,0,13,140,decode,6,4,4,0,0,0,157,0,0,0,0,24,8,2,0,0,0,0,0,0,60,lru,0,0,0,0,0,0,8,8,8,0,0,0,6,0,0,0,0,0,0,0,0,0,0,0,0,9503011132602777003,4,4,1,8,1,1,0,3.8
layer,14,0,13,140,decode,7,4,4,0,0,0,178,0,0,0,0,19,8,2,0,0,0,0,0,0,60,lru,0,0,0,0,0,0,8,8,8,0,0,0,3,0,0,0,0,0,0,0,0,0,0,0,0,15188407483447647711,4,4,0,8,0,0,0,3.8
layer,14,0,13,140,decode,8,4,4,0,0,0,170,0,0,0,0,19,8,2,0,0,0,0,0,0,60,lru,0,0,0,0,0,0,8,8,8,0,0,0,3,0,0,0,0,0,0,0,0,0,0,0,0,12906260616299006342,4,4,0,8,0,0,0,3.8
layer,14,0,13,140,decode,9,4,4,0,0,0,177,0,0,0,0,18,7,2,0,0,0,0,0,0,60,lru,0,0,0,0,0,0,8,8,8,0,0,0,3,0,0,0,0,0,0,0,0,0,0,0,0,17161603636559367694,4,4,2,8,2,2,0,3.8
layer,14,0,13,140,decode,10,4,4,0,0,0,156,0,0,0,0,20,7,2,0,0,0,0,0,0,60,lru,0,0,0,0,0,0,8,8,8,0,0,0,4,0,0,0,0,0,0,0,0,0,0,0,0,1018009407265112911,4,4,2,8,2,2,0,3.8
layer,14,0,13,140,decode,11,4,3,1,331,172,154,29,1,0,1,398,8,3,0,0,0,0,0,0,60,lru,0,0,0,0,0,0,8,3,8,0,1,0,3,0,0,0,0,0,0,0,0,1900544,0,1900544,3,6148865639095285917,4,4,1,8,1,0,0,3.8
layer,14,0,13,140,decode,12,4,4,0,0,0,168,0,0,0,0,22,8,2,0,0,0,0,0,0,60,lru,0,0,0,0,0,0,8,8,8,0,0,0,5,0,0,0,0,0,0,0,0,0,0,0,0,12995048009955686412,4,4,1,8,1,1,0,3.8
layer,14,0,13,140,decode,13,4,4,0,0,0,175,0,0,0,0,20,7,3,0,0,0,0,0,0,60,lru,0,0,0,0,0,0,8,8,8,0,0,0,3,0,0,0,0,0,0,0,0,0,0,0,0,1218845945566724276,4,4,0,8,0,0,0,3.8
layer,14,0,13,140,decode,14,4,4,0,0,0,154,0,0,0,0,18,7,2,0,0,0,0,0,0,60,lru,0,0,0,0,0,0,8,8,8,0,0,0,3,0,0,0,0,0,0,0,0,0,0,0,0,7356379998522004687,4,4,1,8,1,1,0,3.8
layer,14,0,13,140,decode,15,4,4,0,0,0,174,0,0,0,0,19,8,2,0,0,0,0,0,0,60,lru,0,0,0,0,0,0,8,8,8,0,0,0,3,0,0,0,0,0,0,0,0,0,0,0,0,11524708883457718229,4,4,1,8,1,1,0,3.8
layer,14,0,13,140,decode,16,4,4,0,0,0,171,0,0,0,0,17,8,2,0,0,0,0,0,0,60,lru,0,0,0,0,0,0,8,8,8,0,0,0,2,0,0,0,0,0,0,0,0,0,0,0,0,18106451408123669746,4,4,0,8,0,0,0,3.8
layer,14,0,13,140,decode,17,4,4,0,0,0,177,0,0,0,0,17,7,2,0,0,0,0,0,0,60,lru,0,0,0,0,0,0,8,8,8,0,0,0,2,0,0,0,0,0,0,0,0,0,0,0,0,2593686688687055091,4,4,0,8,0,0,0,3.8
layer,14,0,13,140,decode,18,4,4,0,0,0,155,0,0,0,0,20,8,2,0,0,0,0,0,0,60,lru,0,0,0,0,0,0,8,8,8,0,0,0,5,0,0,0,0,0,0,0,0,0,0,0,0,16247627050462788207,4,4,0,8,0,0,0,3.8
layer,14,0,13,140,decode,19,4,4,0,0,0,175,0,0,0,0,19,7,2,0,0,0,0,0,0,60,lru,0,0,0,0,0,0,8,8,8,0,0,0,4,0,0,0,0,0,0,0,0,0,0,0,0,8267281461187136738,4,4,0,8,0,0,0,3.8
layer,14,0,13,140,decode,20,4,4,0,0,0,168,0,0,0,0,17,7,2,0,0,0,0,0,0,60,lru,0,0,0,0,0,0,8,8,8,0,0,0,2,0,0,0,0,0,0,0,0,0,0,0,0,11480788518117085435,4,4,1,8,1,1,0,3.8
layer,14,0,13,140,decode,21,4,4,0,0,0,174,0,0,0,0,17,7,2,0,0,0,0,0,0,60,lru,0,0,0,0,0,0,8,8,8,0,0,0,2,0,0,0,0,0,0,0,0,0,0,0,0,12567261097181138833,4,4,1,8,1,1,0,3.8
layer,14,0,13,140,decode,22,4,4,0,0,0,154,0,0,0,0,18,7,2,0,0,0,0,0,0,60,lru,0,0,0,0,0,0,8,8,8,0,0,0,3,0,0,0,0,0,0,0,0,0,0,0,0,14860043728591921445,4,4,0,8,0,0,0,3.8
layer,14,0,13,140,decode,23,4,4,0,0,0,174,0,0,0,0,19,8,2,0,0,0,0,0,0,60,lru,0,0,0,0,0,0,8,8,8,0,0,0,3,0,0,0,0,0,0,0,0,0,0,0,0,3631719258570168244,4,4,1,8,1,1,0,3.8
layer,14,0,13,140,decode,24,4,4,0,0,0,166,0,0,0,0,16,7,2,0,0,0,0,0,0,60,lru,0,0,0,0,0,0,8,8,8,0,0,0,2,0,0,0,0,0,0,0,0,0,0,0,0,12425127961798797,4,4,0,8,0,0,0,3.8
layer,14,0,13,140,decode,25,4,4,0,0,0,175,0,0,0,0,18,7,2,0,0,0,0,0,0,60,lru,0,0,0,0,0,0,8,8,8,0,0,0,3,0,0,0,0,0,0,0,0,0,0,0,0,12090091543366164827,4,4,1,8,1,1,0,3.8
layer,14,0,13,140,decode,26,4,4,0,0,0,153,0,0,0,0,19,7,2,0,0,0,0,0,0,60,lru,0,0,0,0,0,0,8,8,8,0,0,0,4,0,0,0,0,0,0,0,0,0,0,0,0,13515745264679825232,4,4,1,8,1,1,0,3.8
layer,14,0,13,140,decode,27,4,4,0,0,0,174,0,0,0,0,23,9,2,0,0,0,0,0,0,60,lru,0,0,0,0,0,0,8,8,8,0,0,0,5,0,0,0,0,0,0,0,0,0,0,0,0,1600504437344838316,4,4,1,8,1,1,0,3.8
layer,14,0,13,140,decode,28,4,4,0,0,0,169,0,0,0,0,18,7,2,0,0,0,0,0,0,60,lru,0,0,0,0,0,0,8,8,8,0,0,0,3,0,0,0,0,0,0,0,0,0,0,0,0,7456863325862392122,4,4,1,8,1,1,0,3.8
layer,14,0,13,140,decode,29,4,4,0,0,0,174,0,0,0,0,19,8,2,0,0,0,0,0,0,60,lru,0,0,0,0,0,0,8,8,8,0,0,0,3,0,0,0,0,0,0,0,0,0,0,0,0,14785394961533879674,4,4,2,8,2,2,0,3.8
layer,14,0,13,140,decode,30,4,4,0,0,0,155,0,0,0,0,19,7,2,0,0,0,0,0,0,60,lru,0,0,0,0,0,0,8,8,8,0,0,0,3,0,0,0,0,0,0,0,0,0,0,0,0,11101595991689023915,4,4,0,8,0,0,0,3.8
layer,14,0,13,140,decode,31,4,3,1,347,139,158,12,1,0,1,450,7,18,0,0,0,0,0,0,60,lru,0,0,0,0,0,0,8,7,8,0,1,0,3,0,0,0,0,0,0,0,0,1900544,0,1900544,3,13245560363132340031,4,4,3,8,3,2,0,3.8
layer,14,0,13,140,decode,32,4,2,2,756,297,149,40,1,0,1,849,9,3,0,0,0,0,0,0,60,lru,0,0,0,0,0,0,8,2,8,0,2,0,4,0,0,0,0,0,0,0,0,3801088,0,3801088,6,17048964202410724183,4,4,3,8,3,1,0,3.8
layer,14,0,13,140,decode,33,4,4,0,0,0,174,0,0,0,0,21,8,2,0,0,0,0,0,0,60,lru,0,0,0,0,0,0,8,8,8,0,0,0,4,0,0,0,0,0,0,0,0,0,0,0,0,17222653595451608797,4,4,2,8,2,2,0,3.8
layer,14,0,13,140,decode,34,4,3,1,374,171,140,22,1,0,1,439,8,2,0,0,0,0,0,0,60,lru,0,0,0,0,0,0,8,7,8,0,1,0,2,0,0,0,0,0,0,0,0,2039808,0,2039808,3,12531623501460100300,4,4,2,8,2,1,0,3.8
layer,14,0,13,140,decode,35,4,4,0,0,0,176,0,0,0,0,22,8,2,0,0,0,0,0,0,60,lru,0,0,0,0,0,0,8,8,8,0,0,0,5,0,0,0,0,0,0,0,0,0,0,0,0,5152515922099458281,4,4,1,8,1,1,0,3.8
layer,14,0,13,140,decode,36,4,4,0,0,0,171,0,0,0,0,18,8,2,0,0,0,0,0,0,60,lru,0,0,0,0,0,0,8,8,8,0,0,0,3,0,0,0,0,0,0,0,0,0,0,0,0,16645465536221584372,4,4,1,8,1,1,0,3.8
layer,14,0,13,140,decode,37,4,4,0,0,0,175,0,0,0,0,19,8,2,0,0,0,0,0,0,60,lru,0,0,0,0,0,0,8,8,8,0,0,0,4,0,0,0,0,0,0,0,0,0,0,0,0,1540618197365460657,4,4,2,8,2,2,0,3.8
layer,14,0,13,140,decode,38,4,3,1,4791,305,140,22,1,0,1,4873,8,3,0,0,0,0,0,0,60,lru,0,0,0,0,0,0,8,3,8,0,1,0,2,0,0,0,0,0,0,0,0,2039808,0,2039808,3,3375785796401146093,4,4,3,8,3,2,0,3.8
layer,14,0,13,140,decode,39,4,2,2,3811,284,672,52,1,0,1,3946,8,22,0,0,0,0,0,0,60,lru,0,0,0,0,0,0,8,2,8,0,2,0,3,0,0,0,0,0,0,0,0,4079616,0,4079616,6,5542643589751506286,4,4,6,8,6,4,0,3.8
request,14,0,13,0,decode,-1,0,0,0,0,0,0,0,0,0,0,0,0,0,0,0,0,0,0,0,0,,24844,328,0,0,15,0,0,0,0,0,0,0,0,0,0,0,0,0,0,0,0,0,0,0,0,0,0,0,0,0,0,0,0,0
layer,15,0,14,141,decode,0,4,4,0,0,0,172,0,0,0,0,26,10,3,0,0,0,0,0,0,60,lru,0,0,0,0,0,0,8,8,8,0,0,0,6,0,0,0,0,0,0,0,0,0,0,0,0,15170377481002586248,4,4,2,8,2,2,0,3.8
layer,15,0,14,141,decode,1,4,4,0,0,0,176,0,0,0,0,27,8,3,0,0,0,0,0,0,60,lru,0,0,0,0,0,0,8,8,8,0,0,0,9,0,0,0,0,0,0,0,0,0,0,0,0,14636273144151726420,4,4,1,8,1,1,0,3.8
layer,15,0,14,141,decode,2,4,3,1,350,162,139,24,3,0,3,421,8,3,0,0,0,0,0,0,60,lru,0,0,0,0,0,0,8,7,8,0,1,0,6,0,0,0,0,0,0,0,0,1900544,0,1900544,3,10178691108131104207,4,4,3,8,3,2,0,3.8
layer,15,0,14,141,decode,3,4,3,1,328,163,157,15,2,0,2,402,9,2,0,0,0,0,0,0,60,lru,0,0,0,0,0,0,8,7,8,0,1,0,4,0,0,0,0,0,0,0,0,1900544,0,1900544,3,14324931131389446411,4,4,1,8,1,0,0,3.8
layer,15,0,14,141,decode,4,4,4,0,0,0,168,0,0,0,0,22,8,2,0,0,0,0,0,0,60,lru,0,0,0,0,0,0,8,8,8,0,0,0,4,0,0,0,0,0,0,0,0,0,0,0,0,13088088988439665529,4,4,1,8,1,1,0,3.8
layer,15,0,14,141,decode,5,4,3,1,326,164,153,36,2,0,2,392,7,2,0,0,0,0,0,0,60,lru,0,0,0,0,0,0,8,7,8,0,1,0,5,0,0,0,0,0,0,0,0,1900544,0,1900544,3,8194408929155363267,4,4,1,8,1,0,0,3.8
layer,15,0,14,141,decode,6,4,4,0,0,0,156,0,0,0,0,21,7,2,0,0,0,0,0,0,60,lru,0,0,0,0,0,0,8,8,8,0,0,0,4,0,0,0,0,0,0,0,0,0,0,0,0,1941103696660737256,4,4,0,8,0,0,0,3.8
layer,15,0,14,141,decode,7,4,4,0,0,0,178,0,0,0,0,18,7,2,0,0,0,0,0,0,60,lru,0,0,0,0,0,0,8,8,8,0,0,0,3,0,0,0,0,0,0,0,0,0,0,0,0,11953898968098916076,4,4,1,8,1,1,0,3.8
layer,15,0,14,141,decode,8,4,4,0,0,0,168,0,0,0,0,19,8,2,0,0,0,0,0,0,60,lru,0,0,0,0,0,0,8,8,8,0,0,0,3,0,0,0,0,0,0,0,0,0,0,0,0,11237676880186043070,4,4,1,8,1,1,0,3.8
layer,15,0,14,141,decode,9,4,4,0,0,0,174,0,0,0,0,19,7,2,0,0,0,0,0,0,60,lru,0,0,0,0,0,0,8,8,8,0,0,0,4,0,0,0,0,0,0,0,0,0,0,0,0,1096965797027774891,4,4,1,8,1,1,0,3.8
layer,15,0,14,141,decode,10,4,4,0,0,0,155,0,0,0,0,17,7,2,0,0,0,0,0,0,60,lru,0,0,0,0,0,0,8,8,8,0,0,0,3,0,0,0,0,0,0,0,0,0,0,0,0,11218767978220302138,4,4,1,8,1,1,0,3.8
layer,15,0,14,141,decode,11,4,4,0,0,0,173,0,0,0,0,19,8,2,0,0,0,0,0,0,60,lru,0,0,0,0,0,0,8,8,8,0,0,0,3,0,0,0,0,0,0,0,0,0,0,0,0,11896074257093753445,4,4,1,8,1,1,0,3.8
layer,15,0,14,141,decode,12,4,4,0,0,0,168,0,0,0,0,18,7,2,0,0,0,0,0,0,60,lru,0,0,0,0,0,0,8,8,8,0,0,0,3,0,0,0,0,0,0,0,0,0,0,0,0,5940088504970037315,4,4,1,8,1,1,0,3.8
layer,15,0,14,141,decode,13,4,3,1,313,155,154,22,1,0,1,413,8,27,0,0,0,0,0,0,60,lru,0,0,0,0,0,0,8,7,8,0,1,0,3,0,0,0,0,0,0,0,0,1900544,0,1900544,3,8952158969313098323,4,4,1,8,1,0,0,3.8
layer,15,0,14,141,decode,14,4,3,1,306,162,139,29,1,0,1,401,8,22,0,0,0,0,0,0,60,lru,0,0,0,0,0,0,8,3,8,0,1,0,3,0,0,0,0,0,0,0,0,1900544,0,1900544,3,18253343212023118664,4,4,1,8,1,0,0,3.8
layer,15,0,14,141,decode,15,4,4,0,0,0,177,0,0,0,0,21,8,2,0,0,0,0,0,0,60,lru,0,0,0,0,0,0,8,8,8,0,0,0,3,0,0,0,0,0,0,0,0,0,0,0,0,5800695089053864749,4,4,2,8,2,2,0,3.8
layer,15,0,14,141,decode,16,4,4,0,0,0,168,0,0,0,0,20,8,2,0,0,0,0,0,0,60,lru,0,0,0,0,0,0,8,8,8,0,0,0,4,0,0,0,0,0,0,0,0,0,0,0,0,17564696321249955374,4,4,1,8,1,1,0,3.8
layer,15,0,14,141,decode,17,4,4,0,0,0,174,0,0,0,0,18,8,2,0,0,0,0,0,0,60,lru,0,0,0,0,0,0,8,8,8,0,0,0,2,0,0,0,0,0,0,0,0,0,0,0,0,6624935691276296454,4,4,0,8,0,0,0,3.8
layer,15,0,14,141,decode,18,4,4,0,0,0,153,0,0,0,0,17,7,2,0,0,0,0,0,0,60,lru,0,0,0,0,0,0,8,8,8,0,0,0,2,0,0,0,0,0,0,0,0,0,0,0,0,17892100567913324433,4,4,0,8,0,0,0,3.8
layer,15,0,14,141,decode,19,4,4,0,0,0,172,0,0,0,0,17,7,2,0,0,0,0,0,0,60,lru,0,0,0,0,0,0,8,8,8,0,0,0,2,0,0,0,0,0,0,0,0,0,0,0,0,17365666278295432986,4,4,1,8,1,1,0,3.8
layer,15,0,14,141,decode,20,4,4,0,0,0,169,0,0,0,0,18,8,2,0,0,0,0,0,0,60,lru,0,0,0,0,0,0,8,8,8,0,0,0,3,0,0,0,0,0,0,0,0,0,0,0,0,638165651105036545,4,4,2,8,2,2,0,3.8
layer,15,0,14,141,decode,21,4,4,0,0,0,173,0,0,0,0,19,7,2,0,0,0,0,0,0,60,lru,0,0,0,0,0,0,8,8,8,0,0,0,4,0,0,0,0,0,0,0,0,0,0,0,0,1377650573969813172,4,4,0,8,0,0,0,3.8
layer,15,0,14,141,decode,22,4,4,0,0,0,153,0,0,0,0,18,8,2,0,0,0,0,0,0,60,lru,0,0,0,0,0,0,8,8,8,0,0,0,2,0,0,0,0,0,0,0,0,0,0,0,0,7506335328342347981,4,4,1,8,1,1,0,3.8
layer,15,0,14,141,decode,23,4,4,0,0,0,173,0,0,0,0,20,8,2,0,0,0,0,0,0,60,lru,0,0,0,0,0,0,8,8,8,0,0,0,3,0,0,0,0,0,0,0,0,0,0,0,0,13346689858002117061,4,4,1,8,1,1,0,3.8
layer,15,0,14,141,decode,24,4,4,0,0,0,169,0,0,0,0,19,8,2,0,0,0,0,0,0,60,lru,0,0,0,0,0,0,8,8,8,0,0,0,4,0,0,0,0,0,0,0,0,0,0,0,0,1064459359672314802,4,4,0,8,0,0,0,3.8
layer,15,0,14,141,decode,25,4,3,1,301,162,155,37,1,0,1,377,8,4,0,0,0,0,0,0,60,lru,0,0,0,0,0,0,8,7,8,0,1,0,2,0,0,0,0,0,0,0,0,1900544,0,1900544,3,8200349910725462130,4,4,1,8,1,0,0,3.8
layer,15,0,14,141,decode,26,4,3,1,320,168,139,12,1,0,1,381,8,2,0,0,0,0,0,0,60,lru,0,0,0,0,0,0,8,7,8,0,1,0,2,0,0,0,0,0,0,0,0,1900544,0,1900544,3,12676020219779409797,4,4,1,8,1,0,0,3.8
layer,15,0,14,141,decode,27,4,2,2,758,285,153,31,1,0,1,850,9,4,0,0,0,0,0,0,60,lru,0,0,0,0,0,0,8,6,8,0,2,0,3,0,0,0,0,0,0,0,0,3801088,0,3801088,6,6683222735014257429,4,4,3,8,3,1,0,3.8
layer,15,0,14,141,decode,28,4,4,0,0,0,170,0,0,0,0,19,8,2,0,0,0,0,0,0,60,lru,0,0,0,0,0,0,8,8,8,0,0,0,2,0,0,0,0,0,0,0,0,0,0,0,0,15225304294418660555,4,4,1,8,1,1,0,3.8
layer,15,0,14,141,decode,29,4,3,1,6310,315,154,18,1,0,1,6374,8,2,0,0,0,0,0,0,60,lru,0,0,0,0,0,0,8,7,8,0,1,0,6,0,0,0,0,0,0,0,0,1900544,0,1900544,3,5822445188443889941,4,4,3,8,3,2,0,3.8
layer,15,0,14,141,decode,30,4,4,0,0,0,153,0,0,0,0,20,8,2,0,0,0,0,0,0,60,lru,0,0,0,0,0,0,8,8,8,0,0,0,3,0,0,0,0,0,0,0,0,0,0,0,0,14527516407926293480,4,4,1,8,1,1,0,3.8
layer,15,0,14,141,decode,31,4,3,1,6762,341,155,14,1,0,1,6817,8,2,0,0,0,0,0,0,60,lru,0,0,0,0,0,0,8,7,8,0,1,0,2,0,0,0,0,0,0,0,0,1900544,0,1900544,3,13829704062153748159,4,4,4,8,4,3,0,3.8
layer,15,0,14,141,decode,32,4,4,0,0,0,169,0,0,0,0,20,8,2,0,0,0,0,0,0,60,lru,0,0,0,0,0,0,8,8,8,0,0,0,3,0,0,0,0,0,0,0,0,0,0,0,0,9956807681906546684,4,4,1,8,1,1,0,3.8
layer,15,0,14,141,decode,33,4,4,0,0,0,174,0,0,0,0,18,8,2,0,0,0,0,0,0,60,lru,0,0,0,0,0,0,8,8,8,0,0,0,2,0,0,0,0,0,0,0,0,0,0,0,0,2397312236075987783,4,4,0,8,0,0,0,3.8
layer,15,0,14,141,decode,34,4,3,1,354,165,140,36,1,0,1,469,8,28,0,0,0,0,0,0,60,lru,0,0,0,0,0,0,8,7,8,0,1,0,2,0,0,0,0,0,0,0,0,2039808,0,2039808,3,4333306148841968199,4,4,3,8,3,2,0,3.8
layer,15,0,14,141,decode,35,4,3,1,767,169,154,23,1,0,1,829,8,3,0,0,0,0,0,0,60,lru,0,0,0,0,0,0,8,3,8,0,1,0,3,0,0,0,0,0,0,0,0,1900544,0,1900544,3,9129171926513214789,4,4,3,8,3,2,0,3.8
layer,15,0,14,141,decode,36,4,3,1,346,101,149,8,1,0,1,414,8,3,0,0,0,0,0,0,60,lru,0,0,0,0,0,0,8,7,8,0,1,0,2,0,0,0,0,0,0,0,0,1900544,0,1900544,3,16985185149659622319,4,4,3,8,3,2,0,3.8
layer,15,0,14,141,decode,37,4,2,2,678,294,152,55,1,0,1,775,7,3,0,0,0,0,0,0,60,lru,0,0,0,0,0,0,8,6,8,0,2,0,2,0,0,0,0,0,0,0,0,3801088,0,3801088,6,5749813035795785290,4,4,4,8,4,2,0,3.8
layer,15,0,14,141,decode,38,4,2,2,3532,313,139,42,0,0,0,3650,8,17,0,0,0,0,0,0,60,lru,0,0,0,0,0,0,8,2,8,0,2,0,4,0,0,0,0,0,0,0,0,4079616,0,4079616,6,16782732710998277417,4,4,4,8,4,2,0,3.8
layer,15,0,14,141,decode,39,4,4,0,0,0,684,0,0,0,0,20,8,2,0,0,0,0,0,0,60,lru,0,0,0,0,0,0,8,8,8,0,0,0,3,0,0,0,0,0,0,0,0,0,0,0,0,3320568967296454260,4,4,1,8,1,1,0,3.8
request,15,0,14,0,decode,-1,0,0,0,0,0,0,0,0,0,0,0,0,0,0,0,0,0,0,0,0,,31935,321,0,0,16,0,0,0,0,0,0,0,0,0,0,0,0,0,0,0,0,0,0,0,0,0,0,0,0,0,0,0,0,0
layer,16,0,15,142,decode,0,4,4,0,0,0,168,0,0,0,0,23,10,2,0,0,0,0,0,0,60,lru,0,0,0,0,0,0,8,8,8,0,0,0,6,0,0,0,0,0,0,0,0,0,0,0,0,13353212422332558602,4,4,1,8,1,1,0,3.8
layer,16,0,15,142,decode,1,4,4,0,0,0,173,0,0,0,0,20,8,2,0,0,0,0,0,0,60,lru,0,0,0,0,0,0,8,8,8,0,0,0,4,0,0,0,0,0,0,0,0,0,0,0,0,15691859790019633795,4,4,1,8,1,1,0,3.8
layer,16,0,15,142,decode,2,4,2,2,717,276,137,80,3,0,3,828,8,5,0,0,0,0,0,0,60,lru,0,0,0,0,0,0,8,6,8,0,2,0,6,0,0,0,0,0,0,0,0,3801088,0,3801088,6,12606270442346258479,4,4,5,8,5,3,0,3.8
layer,16,0,15,142,decode,3,4,4,0,0,0,176,0,0,0,0,25,8,2,0,0,0,0,0,0,60,lru,0,0,0,0,0,0,8,8,8,0,0,0,6,0,0,0,0,0,0,0,0,0,0,0,0,8680287635442654362,4,4,1,8,1,1,0,3.8
layer,16,0,15,142,decode,4,4,3,1,329,162,149,24,3,0,3,402,7,3,0,0,0,0,0,0,60,lru,0,0,0,0,0,0,8,7,8,0,1,0,4,0,0,0,0,0,0,0,0,1900544,0,1900544,3,11546714261175376273,4,4,3,8,3,2,0,3.8
layer,16,0,15,142,decode,5,4,4,0,0,0,176,0,0,0,0,23,9,2,0,0,0,0,0,0,60,lru,0,0,0,0,0,0,8,8,8,0,0,0,4,0,0,0,0,0,0,0,0,0,0,0,0,17651435230371056275,4,4,3,8,3,3,0,3.8
layer,16,0,15,142,decode,6,4,1,3,6212,519,139,97,4,0,4,6366,8,3,0,0,0,0,0,0,60,lru,0,0,0,0,0,0,8,5,8,0,3,0,5,0,0,0,0,0,0,0,0,5701632,0,5701632,9,4609364595893706500,4,4,6,8,6,3,0,3.8
layer,16,0,15,142,decode,7,4,3,1,837,170,156,30,2,0,2,920,8,3,0,0,0,0,0,0,60,lru,0,0,0,0,0,0,8,3,8,0,1,0,5,0,0,0,0,0,0,0,0,1900544,0,1900544,3,10109471759474014352,4,4,3,8,3,2,0,3.8
layer,16,0,15,142,decode,8,4,3,1,3576,178,150,16,3,0,3,3643,8,3,0,0,0,0,0,0,60,lru,0,0,0,0,0,0,8,7,8,0,1,0,6,0,0,0,0,0,0,0,0,1900544,0,1900544,3,8522261746216549284,4,4,3,8,3,2,0,3.8
layer,16,0,15,142,decode,9,4,4,0,0,0,176,0,0,0,0,21,8,2,0,0,0,0,0,0,60,lru,0,0,0,0,0,0,8,8,8,0,0,0,4,0,0,0,0,0,0,0,0,0,0,0,0,5771961316438233464,4,4,1,8,1,1,0,3.8
layer,16,0,15,142,decode,10,4,3,1,5013,152,140,32,1,0,1,5114,8,11,0,0,0,0,0,0,60,lru,0,0,0,0,0,0,8,3,8,0,1,0,4,0,0,0,0,0,0,0,0,1900544,0,1900544,3,8694373962876401135,4,4,5,8,5,4,0,3.8
layer,16,0,15,142,decode,11,4,4,0,0,0,175,0,0,0,0,25,9,2,0,0,0,0,0,0,60,lru,0,0,0,0,0,0,8,8,8,0,0,0,5,0,0,0,0,0,0,0,0,0,0,0,0,3938299362194153445,4,4,2,8,2,2,0,3.8
layer,16,0,15,142,decode,12,4,4,0,0,0,169,0,0,0,0,20,7,2,0,0,0,0,0,0,60,lru,0,0,0,0,0,0,8,8,8,0,0,0,4,0,0,0,0,0,0,0,0,0,0,0,0,16124169077186399744,4,4,2,8,2,2,0,3.8
layer,16,0,15,142,decode,13,4,3,1,382,139,153,21,1,0,1,450,7,3,0,0,0,0,0,0,60,lru,0,0,0,0,0,0,8,7,8,0,1,0,3,0,0,0,0,0,0,0,0,1900544,0,1900544,3,2014023661593886960,4,4,2,8,2,1,0,3.8
layer,16,0,15,142,decode,14,4,4,0,0,0,153,0,0,0,0,19,8,2,0,0,0,0,0,0,60,lru,0,0,0,0,0,0,8,8,8,0,0,0,2,0,0,0,0,0,0,0,0,0,0,0,0,1468963121048785831,4,4,1,8,1,1,0,3.8
layer,16,0,15,142,decode,15,4,4,0,0,0,173,0,0,0,0,19,8,2,0,0,0,0,0,0,60,lru,0,0,0,0,0,0,8,8,8,0,0,0,3,0,0,0,0,0,0,0,0,0,0,0,0,10977897345772327899,4,4,1,8,1,1,0,3.8
layer,16,0,15,142,decode,16,4,4,0,0,0,168,0,0,0,0,17,7,2,0,0,0,0,0,0,60,lru,0,0,0,0,0,0,8,8,8,0,0,0,2,0,0,0,0,0,0,0,0,0,0,0,0,11245630625100966215,4,4,3,8,3,3,0,3.8
layer,16,0,15,142,decode,17,4,3,1,319,170,154,27,1,0,1,414,8,26,0,0,0,0,0,0,60,lru,0,0,0,0,0,0,8,7,8,0,1,0,4,0,0,0,0,0,0,0,0,1900544,0,1900544,3,4904805016119078977,4,4,1,8,1,0,0,3.8
layer,16,0,15,142,decode,18,4,3,1,315,161,139,46,1,0,1,441,8,37,0,0,0,0,0,0,60,lru,0,0,0,0,0,0,8,7,8,0,1,0,5,0,0,0,0,0,0,0,0,1900544,0,1900544,3,7380204942077225664,4,4,3,8,3,2,0,3.8
layer,16,0,15,142,decode,19,4,1,3,8641,393,152,56,1,0,1,8763,9,2,0,0,0,0,0,0,60,lru,0,0,0,0,0,0,8,5,8,0,3,0,4,0,0,0,0,0,0,0,0,5701632,0,5701632,9,17574759204469681183,4,4,6,8,6,3,0,3.8
layer,16,0,15,142,decode,20,4,3,1,386,163,150,18,1,0,1,452,10,4,0,0,0,0,0,0,60,lru,0,0,0,0,0,0,8,7,8,0,1,0,2,0,0,0,0,0,0,0,0,1900544,0,1900544,3,17719962022190441686,4,4,3,8,3,2,0,3.8
layer,16,0,15,142,decode,21,4,4,0,0,0,176,0,0,0,0,20,9,2,0,0,0,0,0,0,60,lru,0,0,0,0,0,0,8,8,8,0,0,0,2,0,0,0,0,0,0,0,0,0,0,0,0,9227037932381084775,4,4,0,8,0,0,0,3.8
layer,16,0,15,142,decode,22,4,3,1,333,157,139,30,1,0,1,431,8,23,0,0,0,0,0,0,60,lru,0,0,0,0,0,0,8,7,8,0,1,0,4,0,0,0,0,0,0,0,0,1900544,0,1900544,3,3001545795774703184,4,4,3,8,3,2,0,3.8
layer,16,0,15,142,decode,23,4,4,0,0,0,174,0,0,0,0,21,9,2,0,0,0,0,0,0,60,lru,0,0,0,0,0,0,8,8,8,0,0,0,3,0,0,0,0,0,0,0,0,0,0,0,0,17814076973650097962,4,4,2,8,2,2,0,3.8
layer,16,0,15,142,decode,24,4,4,0,0,0,169,0,0,0,0,18,8,2,0,0,0,0,0,0,60,lru,0,0,0,0,0,0,8,8,8,0,0,0,2,0,0,0,0,0,0,0,0,0,0,0,0,3203245153900510205,4,4,2,8,2,2,0,3.8
layer,16,0,15,142,decode,25,4,4,0,0,0,177,0,0,0,0,18,8,2,0,0,0,0,0,0,60,lru,0,0,0,0,0,0,8,8,8,0,0,0,2,0,0,0,0,0,0,0,0,0,0,0,0,10940662210985353038,4,4,1,8,1,1,0,3.8
layer,16,0,15,142,decode,26,4,4,0,0,0,155,0,0,0,0,19,8,2,0,0,0,0,0,0,60,lru,0,0,0,0,0,0,8,8,8,0,0,0,3,0,0,0,0,0,0,0,0,0,0,0,0,17404721468777763037,4,4,1,8,1,1,0,3.8
layer,16,0,15,142,decode,27,4,4,0,0,0,174,0,0,0,0,20,7,2,0,0,0,0,0,0,60,lru,0,0,0,0,0,0,8,8,8,0,0,0,5,0,0,0,0,0,0,0,0,0,0,0,0,7450608915657950588,4,4,2,8,2,2,0,3.8
layer,16,0,15,142,decode,28,4,2,2,3675,291,148,62,1,0,1,3786,7,3,0,0,0,0,0,0,60,lru,0,0,0,0,0,0,8,2,8,0,2,0,5,0,0,0,0,0,0,0,0,3801088,0,3801088,6,7289407486968020839,4,4,4,8,4,2,0,3.8
layer,16,0,15,142,decode,29,4,3,1,4165,165,153,17,1,0,1,4238,8,3,0,0,0,0,0,0,60,lru,0,0,0,0,0,0,8,3,8,0,1,0,4,0,0,0,0,0,0,0,0,1900544,0,1900544,3,15878550768999124607,4,4,2,8,2,1,0,3.8
layer,16,0,15,142,decode,30,4,3,1,3968,172,138,16,0,0,0,4031,8,3,0,0,0,0,0,0,60,lru,0,0,0,0,0,0,8,3,8,0,1,0,2,0,0,0,0,0,0,0,0,1900544,0,1900544,3,770135613979273493,4,4,2,8,2,1,0,3.8
layer,16,0,15,142,decode,31,4,2,2,8733,463,155,59,3,0,3,8839,8,3,0,0,0,0,0,0,60,lru,0,0,0,0,0,0,8,6,8,0,2,0,2,0,0,0,0,0,0,0,0,3801088,0,3801088,6,7274325794248213282,4,4,4,8,4,2,0,3.8
layer,16,0,15,142,decode,32,4,4,0,0,0,169,0,0,0,0,19,8,2,0,0,0,0,0,0,60,lru,0,0,0,0,0,0,8,8,8,0,0,0,2,0,0,0,0,0,0,0,0,0,0,0,0,2208766396282424869,4,4,4,8,4,4,0,3.8
layer,16,0,15,142,decode,33,4,3,1,5791,181,153,22,1,0,1,5848,8,2,0,0,0,0,0,0,60,lru,0,0,0,0,0,0,8,7,8,0,1,0,2,0,0,0,0,0,0,0,0,1900544,0,1900544,3,14576666905625208190,4,4,3,8,3,2,0,3.8
layer,16,0,15,142,decode,34,4,2,2,4388,299,139,28,1,0,1,4490,8,8,0,0,0,0,0,0,60,lru,0,0,0,0,0,0,8,6,8,0,2,0,4,0,0,0,0,0,0,0,0,4079616,0,4079616,6,880114368549612241,4,4,5,8,5,3,0,3.8
layer,16,0,15,142,decode,35,4,3,1,4356,295,155,13,1,0,1,4428,8,7,0,0,0,0,0,0,60,lru,0,0,0,0,0,0,8,7,8,0,1,0,4,0,0,0,0,0,0,0,0,1900544,0,1900544,3,15863758926172022149,4,4,3,8,3,2,0,3.8
layer,16,0,15,142,decode,36,4,3,1,313,153,149,25,1,0,1,402,8,3,0,0,0,0,0,0,60,lru,0,0,0,0,0,0,8,7,8,0,1,0,5,0,0,0,0,0,0,0,0,1900544,0,1900544,3,16840157273447446255,4,4,3,8,3,2,0,3.8
layer,16,0,15,142,decode,37,4,4,0,0,0,174,0,0,0,0,21,8,2,0,0,0,0,0,0,60,lru,0,0,0,0,0,0,8,8,8,0,0,0,3,0,0,0,0,0,0,0,0,0,0,0,0,6806771972201817669,4,4,2,8,2,2,0,3.8
layer,16,0,15,142,decode,38,4,2,2,875,302,138,49,1,0,1,977,8,8,0,0,0,0,0,0,60,lru,0,0,0,0,0,0,8,2,8,0,2,0,3,0,0,0,0,0,0,0,0,4079616,0,4079616,6,15475775192138735873,4,4,6,8,6,4,0,3.8
layer,16,0,15,142,decode,39,4,3,1,3863,191,671,15,1,0,1,3926,7,3,0,0,0,0,0,0,60,lru,0,0,0,0,0,0,8,7,8,0,1,0,3,0,0,0,0,0,0,0,0,2039808,0,2039808,3,1888982994303646773,4,4,3,8,3,2,0,3.8
request,16,0,15,0,decode,-1,0,0,0,0,0,0,0,0,0,0,0,0,0,0,0,0,0,0,0,0,,78499,384,0,0,21,0,0,0,0,0,0,0,0,0,0,0,0,0,0,0,0,0,0,0,0,0,0,0,0,0,0,0,0,0
layer,17,0,16,143,decode,0,4,2,2,727,284,148,57,4,0,4,851,10,15,0,0,0,0,0,0,60,lru,0,0,0,0,0,0,8,2,8,0,2,0,10,0,0,0,0,0,0,0,0,3801088,0,3801088,6,6731112273833697849,4,4,4,8,4,2,0,3.8
layer,17,0,16,143,decode,1,4,0,4,1452,562,151,118,3,0,3,1621,8,4,0,0,0,0,0,0,60,lru,0,0,0,0,0,0,8,0,8,0,4,0,5,0,0,0,0,0,0,0,0,7602176,0,7602176,12,15554420394924891695,4,4,7,8,7,3,0,3.8
layer,17,0,16,143,decode,2,4,2,2,701,307,139,51,3,0,3,831,8,17,0,0,0,0,0,0,60,lru,0,0,0,0,0,0,8,6,8,0,2,0,4,0,0,0,0,0,0,0,0,3801088,0,3801088,6,3252349837391912131,4,4,2,8,2,0,0,3.8
layer,17,0,16,143,decode,3,4,3,1,334,168,154,14,3,0,3,401,8,2,0,0,0,0,0,0,60,lru,0,0,0,0,0,0,8,7,8,0,1,0,4,0,0,0,0,0,0,0,0,1900544,0,1900544,3,12520573702754966396,4,4,3,8,3,2,0,3.8
layer,17,0,16,143,decode,4,4,4,0,0,0,169,0,0,0,0,22,8,2,0,0,0,0,0,0,60,lru,0,0,0,0,0,0,8,8,8,0,0,0,4,0,0,0,0,0,0,0,0,0,0,0,0,9243675119628562374,4,4,2,8,2,2,0,3.8
layer,17,0,16,143,decode,5,4,3,1,336,125,155,31,2,0,2,423,7,25,0,0,0,0,0,0,60,lru,0,0,0,0,0,0,8,7,8,0,1,0,3,0,0,0,0,0,0,0,0,1900544,0,1900544,3,16588119012852227346,4,4,2,8,2,1,0,3.8
layer,17,0,16,143,decode,6,4,2,2,706,310,138,57,2,0,2,808,7,3,0,0,0,0,0,0,60,lru,0,0,0,0,0,0,8,2,8,0,2,0,5,0,0,0,0,0,0,0,0,3801088,0,3801088,6,6656215184493806932,4,4,4,8,4,2,0,3.8
layer,17,0,16,143,decode,7,4,3,1,5113,157,156,16,3,0,3,5179,8,3,0,0,0,0,0,0,60,lru,0,0,0,0,0,0,8,7,8,0,1,0,3,0,0,0,0,0,0,0,0,1900544,0,1900544,3,15946384543170838798,4,4,1,8,1,0,0,3.8
layer,17,0,16,143,decode,8,4,4,0,0,0,168,0,0,0,0,23,8,2,0,0,0,0,0,0,60,lru,0,0,0,0,0,0,8,8,8,0,0,0,6,0,0,0,0,0,0,0,0,0,0,0,0,16230172852426279015,4,4,1,8,1,1,0,3.8
layer,17,0,16,143,decode,9,4,4,0,0,0,174,0,0,0,0,20,7,2,0,0,0,0,0,0,60,lru,0,0,0,0,0,0,8,8,8,0,0,0,5,0,0,0,0,0,0,0,0,0,0,0,0,5647111011577545438,4,4,2,8,2,2,0,3.8
layer,17,0,16,143,decode,10,4,4,0,0,0,154,0,0,0,0,18,7,2,0,0,0,0,0,0,60,lru,0,0,0,0,0,0,8,8,8,0,0,0,3,0,0,0,0,0,0,0,0,0,0,0,0,4916116373534315351,4,4,3,8,3,3,0,3.8
layer,17,0,16,143,decode,11,4,3,1,382,161,155,32,1,0,1,456,7,3,0,0,0,0,0,0,60,lru,0,0,0,0,0,0,8,3,8,0,1,0,3,0,0,0,0,0,0,0,0,1900544,0,1900544,3,17739119126319824122,4,4,2,8,2,1,0,3.8
layer,17,0,16,143,decode,12,4,4,0,0,0,170,0,0,0,0,21,7,2,0,0,0,0,0,0,60,lru,0,0,0,0,0,0,8,8,8,0,0,0,4,0,0,0,0,0,0,0,0,0,0,0,0,18143767430182705899,4,4,2,8,2,2,0,3.8
layer,17,0,16,143,decode,13,4,4,0,0,0,174,0,0,0,0,18,7,2,0,0,0,0,0,0,60,lru,0,0,0,0,0,0,8,8,8,0,0,0,2,0,0,0,0,0,0,0,0,0,0,0,0,15283394022729851518,4,4,0,8,0,0,0,3.8
layer,17,0,16,143,decode,14,4,4,0,0,0,155,0,0,0,0,22,8,2,0,0,0,0,0,0,60,lru,0,0,0,0,0,0,8,8,8,0,0,0,5,0,0,0,0,0,0,0,0,0,0,0,0,12500868750261724213,4,4,2,8,2,2,0,3.8
layer,17,0,16,143,decode,15,4,4,0,0,0,174,0,0,0,0,21,9,2,0,0,0,0,0,0,60,lru,0,0,0,0,0,0,8,8,8,0,0,0,3,0,0,0,0,0,0,0,0,0,0,0,0,11932972773153645422,4,4,1,8,1,1,0,3.8
layer,17,0,16,143,decode,16,4,4,0,0,0,169,0,0,0,0,20,8,2,0,0,0,0,0,0,60,lru,0,0,0,0,0,0,8,8,8,0,0,0,4,0,0,0,0,0,0,0,0,0,0,0,0,11877900340100995311,4,4,2,8,2,2,0,3.8
layer,17,0,16,143,decode,17,4,2,2,719,292,154,48,1,0,1,857,8,19,0,0,0,0,0,0,60,lru,0,0,0,0,0,0,8,2,8,0,2,0,3,0,0,0,0,0,0,0,0,3801088,0,3801088,6,11223730727992445654,4,4,4,8,4,2,0,3.8
layer,17,0,16,143,decode,18,4,4,0,0,0,154,0,0,0,0,19,8,2,0,0,0,0,0,0,60,lru,0,0,0,0,0,0,8,8,8,0,0,0,2,0,0,0,0,0,0,0,0,0,0,0,0,8686818222777952871,4,4,1,8,1,1,0,3.8
layer,17,0,16,143,decode,19,4,2,2,8268,408,153,50,1,0,1,8365,8,3,0,0,0,0,0,0,60,lru,0,0,0,0,0,0,8,6,8,0,2,0,2,0,0,0,0,0,0,0,0,3801088,0,3801088,6,6690244588346791605,4,4,2,8,2,0,0,3.8
layer,17,0,16,143,decode,20,4,3,1,399,162,149,34,1,0,1,495,8,22,0,0,0,0,0,0,60,lru,0,0,0,0,0,0,8,7,8,0,1,0,3,0,0,0,0,0,0,0,0,1900544,0,1900544,3,209033752543217494,4,4,4,8,4,3,0,3.8
layer,17,0,16,143,decode,21,4,3,1,359,160,155,44,1,0,1,462,8,11,0,0,0,0,0,0,60,lru,0,0,0,0,0,0,8,3,8,0,1,0,6,0,0,0,0,0,0,0,0,1900544,0,1900544,3,6679465247592341554,4,4,2,8,2,1,0,3.8
layer,17,0,16,143,decode,22,4,3,1,350,116,144,42,1,0,1,440,8,14,0,0,0,0,0,0,60,lru,0,0,0,0,0,0,8,3,8,0,1,0,4,0,0,0,0,0,0,0,0,1900544,0,1900544,3,2913392812858441752,4,4,3,8,3,2,0,3.8
layer,17,0,16,143,decode,23,4,3,1,294,163,154,38,1,0,1,401,7,28,0,0,0,0,0,0,60,lru,0,0,0,0,0,0,8,7,8,0,1,0,3,0,0,0,0,0,0,0,0,1900544,0,1900544,3,6880799097801010495,4,4,1,8,1,0,0,3.8
layer,17,0,16,143,decode,24,4,3,1,322,148,149,57,1,0,1,424,8,8,0,0,0,0,0,0,60,lru,0,0,0,0,0,0,8,7,8,0,1,0,3,0,0,0,0,0,0,0,0,1900544,0,1900544,3,5250532328391762809,4,4,1,8,1,0,0,3.8
layer,17,0,16,143,decode,25,4,3,1,344,165,155,24,1,0,1,407,8,3,0,0,0,0,0,0,60,lru,0,0,0,0,0,0,8,7,8,0,1,0,3,0,0,0,0,0,0,0,0,1900544,0,1900544,3,4501146049585448806,4,4,1,8,1,0,0,3.8
layer,17,0,16,143,decode,26,4,4,0,0,0,155,0,0,0,0,22,9,2,0,0,0,0,0,0,60,lru,0,0,0,0,0,0,8,8,8,0,0,0,4,0,0,0,0,0,0,0,0,0,0,0,0,14527761722263865455,4,4,2,8,2,2,0,3.8
layer,17,0,16,143,decode,27,4,4,0,0,0,174,0,0,0,0,20,9,2,0,0,0,0,0,0,60,lru,0,0,0,0,0,0,8,8,8,0,0,0,2,0,0,0,0,0,0,0,0,0,0,0,0,11672005473220128907,4,4,1,8,1,1,0,3.8
layer,17,0,16,143,decode,28,4,4,0,0,0,169,0,0,0,0,19,7,2,0,0,0,0,0,0,60,lru,0,0,0,0,0,0,8,8,8,0,0,0,3,0,0,0,0,0,0,0,0,0,0,0,0,17821551444780233927,4,4,2,8,2,2,0,3.8
layer,17,0,16,143,decode,29,4,2,2,4994,395,152,100,2,0,2,5144,8,31,0,0,0,0,0,0,60,lru,0,0,0,0,0,0,8,6,8,0,2,0,3,0,0,0,0,0,0,0,0,3801088,0,3801088,6,3238200821452044246,4,4,4,8,4,2,0,3.8
layer,17,0,16,143,decode,30,4,3,1,333,159,138,38,1,0,1,433,8,24,0,0,0,0,0,0,60,lru,0,0,0,0,0,0,8,7,8,0,1,0,3,0,0,0,0,0,0,0,0,1900544,0,1900544,3,10414048577760584722,4,4,2,8,2,1,0,3.8
layer,17,0,16,143,decode,31,4,2,2,811,306,154,31,1,0,1,907,8,3,0,0,0,0,0,0,60,lru,0,0,0,0,0,0,8,2,8,0,2,0,4,0,0,0,0,0,0,0,0,3801088,0,3801088,6,8851074095355909526,4,4,3,8,3,1,0,3.8
layer,17,0,16,143,decode,32,4,1,3,1072,424,147,98,2,0,2,1212,8,3,0,0,0,0,0,0,60,lru,0,0,0,0,0,0,8,1,8,0,3,0,3,0,0,0,0,0,0,0,0,5701632,0,5701632,9,2470855538338661400,4,4,7,8,7,4,0,3.8
layer,17,0,16,143,decode,33,4,0,4,1719,548,150,114,1,0,1,1916,8,21,0,0,0,0,0,0,60,lru,0,0,0,0,0,0,8,0,8,0,4,0,4,0,0,0,0,0,0,0,0,7602176,0,7602176,12,12225678060466758782,4,4,4,8,4,0,0,3.8
layer,17,0,16,143,decode,34,4,3,1,330,174,140,3,1,0,1,409,7,2,0,0,0,0,0,0,60,lru,0,0,0,0,0,0,8,3,8,0,1,0,4,0,0,0,0,0,0,0,0,2039808,0,2039808,3,18295151770508012082,4,4,3,8,3,2,0,3.8
layer,17,0,16,143,decode,35,4,2,2,700,306,154,35,1,0,1,796,8,2,0,0,0,0,0,0,60,lru,0,0,0,0,0,0,8,2,8,0,2,0,5,0,0,0,0,0,0,0,0,3801088,0,3801088,6,12128704957971209586,4,4,2,8,2,0,0,3.8
layer,17,0,16,143,decode,36,4,2,2,772,276,148,83,1,0,1,870,8,3,0,0,0,0,0,0,60,lru,0,0,0,0,0,0,8,6,8,0,2,0,4,0,0,0,0,0,0,0,0,3801088,0,3801088,6,11401607650873826701,4,4,4,8,4,2,0,3.8
layer,17,0,16,143,decode,37,4,1,3,4409,473,152,75,1,0,1,4580,7,30,0,0,0,0,0,0,60,lru,0,0,0,0,0,0,8,1,8,0,3,0,4,0,0,0,0,0,0,0,0,5701632,0,5701632,9,13253466916186310431,4,4,6,8,6,3,0,3.8
layer,17,0,16,143,decode,38,4,1,3,1248,454,137,93,3,0,3,1383,7,3,0,0,0,0,0,0,60,lru,0,0,0,0,0,0,8,1,8,0,3,0,2,0,0,0,0,0,0,0,0,6119424,0,6119424,9,3473160893624892863,4,4,5,8,5,2,0,3.8
layer,17,0,16,143,decode,39,4,0,4,1625,558,669,165,1,0,1,1841,8,18,0,0,0,0,0,0,60,lru,0,0,0,0,0,0,8,0,8,0,4,0,4,0,0,0,0,0,0,0,0,8159232,0,8159232,12,1566540093844829198,4,4,6,8,6,2,0,3.8
request,17,0,16,0,decode,-1,0,0,0,0,0,0,0,0,0,0,0,0,0,0,0,0,0,0,0,0,,51310,454,0,0,14,0,0,0,0,0,0,0,0,0,0,0,0,0,0,0,0,0,0,0,0,0,0,0,0,0,0,0,0,0
