repeat,iteration,phase,generated_before,n_past,token_in,emitted_tokens,draft_tokens,draft_accepted,next_token,generated_after
0,1,target,0,1024,3309,"3309","",0,42903,1
0,2,target,1,1025,42903,"42903","",0,1785,2
0,3,target,2,1026,1785,"1785","",0,364,3
0,4,target,3,1027,364,"364","",0,264,4
0,5,target,4,1028,264,"264","",0,220,5
0,6,target,5,1029,220,"220","",0,18,6
0,7,target,6,1030,18,"18","",0,20,7
0,8,target,7,1031,20,"20","",0,33,8
0,9,target,8,1032,33,"33","",0,20340,9
0,10,target,9,1033,20340,"20340","",0,8404,10
0,11,target,10,1034,8404,"8404","",0,17830,11
0,12,target,11,1035,17830,"17830","",0,15089,12
0,13,target,12,1036,15089,"15089","",0,3992,13
0,14,target,13,1037,3992,"3992","",0,1558,14
0,15,target,14,1038,1558,"1558","",0,4162,15
0,16,target,15,1039,4162,"4162","",0,440,16
0,17,target,16,1040,440,"440","",0,264,17
0,18,target,17,1041,264,"264","",0,220,18
0,19,target,18,1042,220,"220","",0,21,19
0,20,target,19,1043,21,"21","",0,5213,20
0,21,target,20,1044,5213,"5213","",0,21966,21
0,22,target,21,1045,21966,"21966","",0,6009,22
0,23,target,22,1046,6009,"6009","",0,6297,23
0,24,target,23,1047,6297,"6297","",0,13,24
0,25,target,24,1048,13,"13","",0,561,25
0,26,target,25,1049,561,"561","",0,1622,26
0,27,target,26,1050,1622,"1622","",0,369,27
0,28,target,27,1051,369,"369","",0,264,28
0,29,target,28,1052,264,"264","",0,5757,29
0,30,target,29,1053,5757,"5757","",0,3302,30
0,31,target,30,1054,3302,"3302","",0,5392,31
0,32,target,31,1055,5392,"5392","",0,13,32
0,33,target,32,1056,13,"13","",0,271,33
0,34,target,33,1057,271,"271","",0,248068,34
0,35,target,34,1058,248068,"248068","",0,198,35
0,36,target,35,1059,198,"198","",0,8160,36
0,37,target,36,1060,8160,"8160","",0,579,37
0,38,target,37,1061,579,"579","",0,264,38
0,39,target,38,1062,264,"264","",0,7047,39
0,40,target,39,1063,7047,"7047","",0,7047,40
0,41,target,40,1064,7047,"7047","",0,8240,41
0,42,target,41,1065,8240,"8240","",0,271,42
0,43,target,42,1066,271,"271","",0,16,43
0,44,target,43,1067,16,"16","",0,13,44
0,45,target,44,1068,13,"13","",0,220,45
0,46,target,45,1069,220,"220","",0,2972,46
0,47,target,46,1070,2972,"2972","",0,1847,47
0,48,target,47,1071,1847,"1847","",0,7355,48
0,49,target,48,1072,7355,"7355","",0,321,49
0,50,target,49,1073,321,"321","",0,36189,50
0,51,target,50,1074,36189,"36189","",0,2891,51
0,52,target,51,1075,2891,"2891","",0,279,52
0,53,target,52,1076,279,"279","",0,5952,53
0,54,target,53,1077,5952,"5952","",0,64700,54
0,55,target,54,1078,64700,"64700","",0,198,55
0,56,target,55,1079,198,"198","",0,262,56
0,57,target,56,1080,262,"262","",0,348,57
0,58,target,57,1081,348,"348","",0,256,58
0,59,target,58,1082,256,"256","",0,348,59
0,60,target,59,1083,348,"348","",0,25562,60
0,61,target,60,1084,25562,"25562","",0,51595,61
0,62,target,61,1085,51595,"51595","",0,10041,62
0,63,target,62,1086,10041,"10041","",0,3309,63
0,64,target,63,1087,3309,"3309","",0,2133,64
0,65,target,64,1088,2133,"2133","",0,1785,65
0,66,target,65,1089,1785,"1785","",0,364,66
0,67,target,66,1090,364,"364","",0,264,67
0,68,target,67,1091,264,"264","",0,220,68
0,69,target,68,1092,220,"220","",0,18,69
0,70,target,69,1093,18,"18","",0,20,70
0,71,target,70,1094,20,"20","",0,33,71
0,72,target,71,1095,33,"33","",0,380,72
0,73,target,72,1096,380,"380","",0,12370,73
0,74,target,73,1097,12370,"12370","",0,8404,74
0,75,target,74,1098,8404,"8404","",0,12,75
0,76,target,75,1099,12,"12","",0,83167,76
0,77,target,76,1100,83167,"83167","",0,318,77
0,78,target,77,1101,318,"318","",0,24797,78
0,79,target,78,1102,24797,"24797","",0,36,79
0,80,target,79,1103,36,"36","",0,8,80
0,81,target,80,1104,8,"8","",0,3992,81
0,82,target,81,1105,3992,"3992","",0,1558,82
0,83,target,82,1106,1558,"1558","",0,13,83
0,84,target,83,1107,13,"13","",0,198,84
0,85,target,84,1108,198,"198","",0,262,85
0,86,target,85,1109,262,"262","",0,348,86
0,87,target,86,1110,348,"348","",0,256,87
0,88,target,87,1111,256,"256","",0,348,88
0,89,target,88,1112,348,"348","",0,17355,89
0,90,target,89,1113,17355,"17355","",0,51595,90
0,91,target,90,1114,51595,"51595","",0,220,91
0,92,target,91,1115,220,"220","",0,21,92
0,93,target,92,1116,21,"21","",0,5213,93
0,94,target,93,1117,5213,"5213","",0,21966,94
0,95,target,94,1118,21966,"21966","",0,6009,95
0,96,target,95,1119,6009,"6009","",0,6297,96
0,97,target,96,1120,6297,"6297","",0,13,97
0,98,target,97,1121,13,"13","",0,198,98
0,99,target,98,1122,198,"198","",0,262,99
0,100,target,99,1123,262,"262","",0,348,100
0,101,target,100,1124,348,"348","",0,256,101
0,102,target,101,1125,256,"256","",0,348,102
0,103,target,102,1126,348,"348","",0,32376,103
0,104,target,103,1127,32376,"32376","",0,51595,104
0,105,target,104,1128,51595,"51595","",0,31098,105
0,106,target,105,1129,31098,"31098","",0,974,106
0,107,target,106,1130,974,"974","",0,10313,107
0,108,target,107,1131,10313,"10313","",0,11,108
0,109,target,108,1132,11,"11","",0,87363,109
0,110,target,109,1133,87363,"87363","",0,286,110
0,111,target,110,1134,286,"286","",0,11,111
0,112,target,111,1135,11,"11","",0,6297,112
0,113,target,112,1136,6297,"6297","",0,13329,113
0,114,target,113,1137,13329,"13329","",0,11,114
0,115,target,114,1138,11,"11","",0,380,115
0,116,target,115,1139,380,"380","",0,4100,116
0,117,target,116,1140,4100,"4100","",0,318,117
0,118,target,117,1141,318,"318","",0,19739,118
0,119,target,118,1142,19739,"19739","",0,85958,119
0,120,target,119,1143,85958,"85958","",0,59780,120
0,121,target,120,1144,59780,"59780","",0,8,121
0,122,target,121,1145,8,"8","",0,63520,122
0,123,target,122,1146,63520,"63520","",0,45543,123
0,124,target,123,1147,45543,"45543","",0,13,124
0,125,target,124,1148,13,"13","",0,198,125
0,126,target,125,1149,198,"198","",0,262,126
0,127,target,126,1150,262,"262","",0,348,127
0,128,target,127,1151,348,"348","",0,256,128
0,129,target,128,1152,256,"256","",0,348,129
0,130,target,129,1153,348,"348","",0,6563,130
0,131,target,130,1154,6563,"6563","",0,31600,131
0,132,target,131,1155,31600,"31600","",0,51595,132
0,133,target,132,1156,51595,"51595","",0,5546,133
0,134,target,133,1157,5546,"5546","",0,2195,134
0,135,target,134,1158,2195,"2195","",0,1062,135
0,136,target,135,1159,1062,"1062","",0,473,136
0,137,target,136,1160,473,"473","",0,321,137
0,138,target,137,1161,321,"321","",0,1248,138
0,139,target,138,1162,1248,"1248","",0,41412,139
0,140,target,139,1163,41412,"41412","",0,13,140
0,141,target,140,1164,13,"13","",0,198,141
0,142,target,141,1165,198,"198","",0,262,142
0,143,target,142,1166,262,"262","",0,348,143
0,144,target,143,1167,348,"348","",0,256,144
0,145,target,144,1168,256,"256","",0,348,145
0,146,target,145,1169,348,"348","",0,7907,146
0,147,target,146,1170,7907,"7907","",0,57042,147
0,148,target,147,1171,57042,"57042","",0,51595,148
0,149,target,148,1172,51595,"51595","",0,35032,149
0,150,target,149,1173,35032,"35032","",0,33059,150
0,151,target,150,1174,33059,"33059","",0,14134,151
0,152,target,151,1175,14134,"14134","",0,11,152
0,153,target,152,1176,11,"11","",0,18100,153
0,154,target,153,1177,18100,"18100","",0,35822,154
0,155,target,154,1178,35822,"35822","",0,11,155
0,156,target,155,1179,11,"11","",0,7652,156
0,157,target,156,1180,7652,"7652","",0,4886,157
0,158,target,157,1181,4886,"4886","",0,11,158
0,159,target,158,1182,11,"11","",0,650,159
0,160,target,159,1183,650,"650","",0,2227,160
0,161,target,160,1184,2227,"2227","",0,7574,161
0,162,target,161,1185,7574,"7574","",0,11,162
0,163,target,162,1186,11,"11","",0,13769,163
0,164,target,163,1187,13769,"13769","",0,24460,164
0,165,target,164,1188,24460,"24460","",0,7123,165
0,166,target,165,1189,7123,"7123","",0,13,166
0,167,target,166,1190,13,"13","",0,198,167
0,168,target,167,1191,198,"198","",0,262,168
0,169,target,168,1192,262,"262","",0,348,169
0,170,target,169,1193,348,"348","",0,256,170
0,171,target,170,1194,256,"256","",0,348,171
0,172,target,171,1195,348,"348","",0,1905,172
0,173,target,172,1196,1905,"1905","",0,51595,173
0,174,target,173,1197,51595,"51595","",0,14486,174
0,175,target,174,1198,14486,"14486","",0,3302,175
0,176,target,175,1199,3302,"3302","",0,5392,176
0,177,target,176,1200,5392,"5392","",0,13,177
0,178,target,177,1201,13,"13","",0,198,178
0,179,target,178,1202,198,"198","",0,262,179
0,180,target,179,1203,262,"262","",0,348,180
0,181,target,180,1204,348,"348","",0,256,181
0,182,target,181,1205,256,"256","",0,348,182
0,183,target,182,1206,348,"348","",0,674,183
0,184,target,183,1207,674,"674","",0,53897,184
0,185,target,184,1208,53897,"53897","",0,51595,185
0,186,target,185,1209,51595,"51595","",0,561,186
0,187,target,186,1210,561,"561","",0,1156,187
0,188,target,187,1211,1156,"1156","",0,11173,188
0,189,target,188,1212,11173,"11173","",0,279,189
0,190,target,189,1213,279,"279","",0,9640,190
0,191,target,190,1214,9640,"9640","",0,1599,191
0,192,target,191,1215,1599,"1599","",0,2942,192
0,193,target,192,1216,2942,"2942","",0,13,193
0,194,target,193,1217,13,"13","",0,353,194
0,195,target,194,1218,353,"353","",0,1144,195
0,196,target,195,1219,1144,"1144","",0,310,196
0,197,target,196,1220,310,"310","",0,9738,197
0,198,target,197,1221,9738,"9738","",0,279,198
0,199,target,198,1222,279,"279","",0,51623,199
0,200,target,199,1223,51623,"51623","",0,321,200
0,201,target,200,1224,321,"321","",0,5077,201
0,202,target,201,1225,5077,"5077","",0,383,202
0,203,target,202,1226,383,"383","",0,279,203
0,204,target,203,1227,279,"279","",0,6007,204
0,205,target,204,1228,6007,"6007","",0,1622,205
0,206,target,205,1229,1622,"1622","",0,13,206
0,207,target,206,1230,13,"13","",0,271,207
0,208,target,207,1231,271,"271","",0,17,208
0,209,target,208,1232,17,"17","",0,13,209
0,210,target,209,1233,13,"13","",0,220,210
0,211,target,210,1234,220,"220","",0,2972,211
0,212,target,211,1235,2972,"2972","",0,6140,212
0,213,target,212,1236,6140,"6140","",0,35059,213
0,214,target,213,1237,35059,"35059","",0,321,214
0,215,target,214,1238,321,"321","",0,73640,215
0,216,target,215,1239,73640,"73640","",0,64700,216
0,217,target,216,1240,64700,"64700","",0,198,217
0,218,target,217,1241,198,"198","",0,262,218
0,219,target,218,1242,262,"262","",0,348,219
0,220,target,219,1243,348,"348","",0,256,220
0,221,target,220,1244,256,"256","",0,348,221
0,222,target,221,1245,348,"348","",0,1652,222
0,223,target,222,1246,1652,"1652","",0,8218,223
0,224,target,223,1247,8218,"8218","",0,51595,224
0,225,target,224,1248,51595,"51595","",0,220,225
0,226,target,225,1249,220,"220","",0,18,226
0,227,target,226,1250,18,"18","",0,20,227
0,228,target,227,1251,20,"20","",0,33,228
0,229,target,228,1252,33,"33","",0,4868,229
0,230,target,229,1253,4868,"4868","",0,13,230
0,231,target,230,1254,13,"13","",0,5861,231
0,232,target,231,1255,5861,"5861","",0,36,232
0,233,target,232,1256,36,"36","",0,5802,233
0,234,target,233,1257,5802,"5802","",0,23197,234
0,235,target,234,1258,23197,"23197","",0,264,235
0,236,target,235,1259,264,"264","",0,2526,236
0,237,target,236,1260,2526,"2526","",0,1324,237
0,238,target,237,1261,1324,"1324","",0,314,238
0,239,target,238,1262,314,"314","",0,4393,239
0,240,target,239,1263,4393,"4393","",0,11312,240
0,241,target,240,1264,11312,"11312","",0,791,241
0,242,target,241,1265,791,"791","",0,3817,242
0,243,target,242,1266,3817,"3817","",0,13,243
0,244,target,243,1267,13,"13","",0,6558,244
0,245,target,244,1268,6558,"6558","",0,579,245
0,246,target,245,1269,579,"579","",0,9370,246
0,247,target,246,1270,9370,"9370","",0,264,247
0,248,target,247,1271,264,"264","",0,5129,248
0,249,target,248,1272,5129,"5129","",0,6343,249
0,250,target,249,1273,6343,"6343","",0,11,250
0,251,target,250,1274,11,"11","",0,378,251
0,252,target,251,1275,378,"378","",0,1257,252
0,253,target,252,1276,1257,"1257","",0,2487,253
0,254,target,253,1277,2487,"2487","",0,220,254
0,255,target,254,1278,220,"220","",0,23,255
0,256,target,255,1279,23,"23","",0,11312,256
0,257,target,256,1280,11312,"11312","",0,11,257
0,258,target,257,1281,11,"11","",0,220,258
0,259,target,258,1282,220,"220","",0,17,259
0,260,target,259,1283,17,"17","",0,4393,260
0,261,target,260,1284,4393,"4393","",0,791,261
0,262,target,261,1285,791,"791","",0,3817,262
0,263,target,262,1286,3817,"3817","",0,13,263
0,264,target,263,1287,13,"13","",0,10342,264
0,265,target,264,1288,10342,"10342","",0,4868,265
0,266,target,265,1289,4868,"4868","",0,283,266
0,267,target,266,1290,283,"283","",0,220,267
0,268,target,267,1291,220,"220","",0,18,268
0,269,target,268,1292,18,"18","",0,20,269
0,270,target,269,1293,20,"20","",0,33,270
0,271,target,270,1294,33,"33","",0,13,271
0,272,target,271,1295,13,"13","",0,1368,272
0,273,target,272,1296,1368,"1368","",0,11312,273
0,274,target,273,1297,11312,"11312","",0,513,274
0,275,target,274,1298,513,"513","",0,27044,275
0,276,target,275,1299,27044,"27044","",0,1146,276
0,277,target,276,1300,1146,"1146","",0,54835,277
0,278,target,277,1301,54835,"54835","",0,82,278
0,279,target,278,1302,82,"82","",0,11,279
0,280,target,279,1303,11,"11","",0,279,280
0,281,target,280,1304,279,"279","",0,1331,281
0,282,target,281,1305,1331,"1331","",0,314,282
0,283,target,282,1306,314,"314","",0,799,283
0,284,target,283,1307,799,"799","",0,6009,284
0,285,target,284,1308,6009,"6009","",0,12482,285
0,286,target,285,1309,12482,"12482","",0,13,286
0,287,target,286,1310,13,"13","",0,198,287
0,288,target,287,1311,198,"198","",0,262,288
0,289,target,288,1312,262,"262","",0,348,289
0,290,target,289,1313,348,"348","",0,256,290
0,291,target,290,1314,256,"256","",0,348,291
0,292,target,291,1315,348,"348","",0,71764,292
0,293,target,292,1316,71764,"71764","",0,8218,293
0,294,target,293,1317,8218,"8218","",0,71690,294
0,295,target,294,1318,71690,"71690","",0,51595,295
0,296,target,295,1319,51595,"51595","",0,220,296
0,297,target,296,1320,220,"220","",0,18,297
0,298,target,297,1321,18,"18","",0,20,298
0,299,target,298,1322,20,"20","",0,33,299
0,300,target,299,1323,33,"33","",0,2702,300
0,301,target,300,1324,2702,"2702","",0,13,301
0,302,target,301,1325,13,"13","",0,1368,302
0,303,target,302,1326,1368,"1368","",0,220,303
0,304,target,303,1327,220,"220","",0,23,304
0,305,target,304,1328,23,"23","",0,11312,305
0,306,target,305,1329,11312,"11312","",0,11,306
0,307,target,306,1330,11,"11","",0,321,307
0,308,target,307,1331,321,"321","",0,24725,308
0,309,target,308,1332,24725,"24725","",0,279,309
0,310,target,309,1333,279,"279","",0,11312,310
0,311,target,310,1334,11312,"11312","",0,6435,311
0,312,target,311,1335,6435,"6435","",0,1379,312
0,313,target,312,1336,1379,"1379","",0,4868,313
0,314,target,313,1337,4868,"4868","",0,318,314
0,315,target,314,1338,318,"318","",0,5292,315
0,316,target,315,1339,5292,"5292","",0,303,316
0,317,target,316,1340,303,"303","",0,5861,317
0,318,target,317,1341,5861,"5861","",0,36,318
0,319,target,318,1342,36,"36","",0,681,319
0,320,target,319,1343,681,"681","",0,1754,320
0,321,target,320,1344,1754,"1754","",0,6009,321
0,322,target,321,1345,6009,"6009","",0,2493,322
0,323,target,322,1346,2493,"2493","",0,381,323
0,324,target,323,1347,381,"381","",0,3835,324
0,325,target,324,1348,3835,"3835","",0,18,325
0,326,target,325,1349,18,"18","",0,20,326
0,327,target,326,1350,20,"20","",0,33,327
0,328,target,327,1351,33,"33","",0,14,328
0,329,target,328,1352,14,"14","",0,23,329
0,330,target,329,1353,23,"23","",0,211614,330
0,331,target,330,1354,211614,"211614","",0,220,331
0,332,target,331,1355,220,"220","",0,19,332
0,333,target,332,1356,19,"19","",0,13,333
0,334,target,333,1357,13,"13","",0,18,334
0,335,target,334,1358,18,"18","",0,22,335
0,336,target,335,1359,22,"22","",0,20,336
0,337,target,336,1360,20,"20","",0,33,337
0,338,target,337,1361,33,"33","",0,4868,338
0,339,target,338,1362,4868,"4868","",0,13,339
0,340,target,339,1363,13,"13","",0,4213,340
0,341,target,340,1364,4213,"4213","",0,11,341
0,342,target,341,1365,11,"11","",0,5861,342
0,343,target,342,1366,5861,"5861","",0,36,343
0,344,target,343,1367,36,"36","",0,3428,344
0,345,target,344,1368,3428,"3428","",0,12863,345
0,346,target,345,1369,12863,"12863","",0,264,346
0,347,target,346,1370,264,"264","",0,2255,347
0,348,target,347,1371,2255,"2255","",0,13,348
0,349,target,348,1372,13,"13","",0,6558,349
0,350,target,349,1373,6558,"6558","",0,579,350
0,351,target,350,1374,579,"579","",0,9370,351
0,352,target,351,1375,9370,"9370","",0,264,352
0,353,target,352,1376,264,"264","",0,328,353
0,354,target,353,1377,328,"328","",0,70,354
0,355,target,354,1378,70,"70","",0,639,355
0,356,target,355,1379,639,"639","",0,5861,356
0,357,target,356,1380,5861,"5861","",0,36,357
0,358,target,357,1381,36,"36","",0,1,358
0,359,target,358,1382,1,"1","",0,1332,359
0,360,target,359,1383,1332,"1332","",0,279,360
0,361,target,360,1384,279,"279","",0,70901,361
0,362,target,361,1385,70901,"70901","",0,369,362
0,363,target,362,1386,369,"369","",0,2526,363
0,364,target,363,1387,2526,"2526","",0,321,364
0,365,target,364,1388,321,"321","",0,11312,365
0,366,target,365,1389,11312,"11312","",0,513,366
0,367,target,366,1390,513,"513","",0,3349,367
0,368,target,367,1391,3349,"3349","",0,13,368
0,369,target,368,1392,13,"13","",0,2441,369
0,370,target,369,1393,2441,"2441","",0,264,370
0,371,target,370,1394,264,"264","",0,328,371
0,372,target,371,1395,328,"328","",0,77518,372
0,373,target,372,1396,77518,"77518","",0,5861,373
0,374,target,373,1397,5861,"5861","",0,36,374
0,375,target,374,1398,36,"36","",0,1,375
0,376,target,375,1399,1,"1","",0,1332,376
0,377,target,376,1400,1332,"1332","",0,279,377
0,378,target,377,1401,279,"279","",0,4220,378
0,379,target,378,1402,4220,"4220","",0,1558,379
0,380,target,379,1403,1558,"1558","",0,369,380
0,381,target,380,1404,369,"369","",0,11312,381
0,382,target,381,1405,11312,"11312","",0,13,382
0,383,target,382,1406,13,"13","",0,1690,383
0,384,target,383,1407,1690,"1690","",0,6607,384
0,385,target,384,1408,6607,"6607","",0,42903,385
0,386,target,385,1409,42903,"42903","",0,11,386
0,387,target,386,1410,11,"11","",0,220,387
0,388,target,387,1411,220,"220","",0,18,388
0,389,target,388,1412,18,"18","",0,20,389
0,390,target,389,1413,20,"20","",0,33,390
0,391,target,390,1414,33,"33","",0,5802,391
0,392,target,391,1415,5802,"5802","",0,3254,392
0,393,target,392,1416,3254,"3254","",0,279,393
0,394,target,393,1417,279,"279","",0,348,394
0,395,target,394,1418,348,"348","",0,4873,395
0,396,target,395,1419,4873,"4873","",0,9,396
0,397,target,396,1420,9,"9","",0,1558,397
0,398,target,397,1421,1558,"1558","",0,1331,398
0,399,target,398,1422,1331,"1331","",0,13,399
0,400,target,399,1423,13,"13","",0,1368,400
0,401,target,400,1424,1368,"1368","",0,424,401
0,402,target,401,1425,424,"424","",0,579,402
0,403,target,402,1426,579,"579","",0,5861,403
0,404,target,403,1427,5861,"5861","",0,36,404
0,405,target,404,1428,36,"36","",0,11,405
0,406,target,405,1429,11,"11","",0,279,406
0,407,target,406,1430,279,"279","",0,348,407
0,408,target,407,1431,348,"348","",0,2932,408
0,409,target,408,1432,2932,"2932","",0,9,409
0,410,target,409,1433,9,"9","",0,4868,410
0,411,target,410,1434,4868,"4868","",0,513,411
0,412,target,411,1435,513,"513","",0,1691,412
0,413,target,412,1436,1691,"1691","",0,8882,413
0,414,target,413,1437,8882,"8882","",0,13,414
0,415,target,414,1438,13,"13","",0,198,415
0,416,target,415,1439,198,"198","",0,262,416
0,417,target,416,1440,262,"262","",0,348,417
0,418,target,417,1441,348,"348","",0,256,418
0,419,target,418,1442,256,"256","",0,348,419
0,420,target,419,1443,348,"348","",0,7976,420
0,421,target,420,1444,7976,"7976","",0,8218,421
0,422,target,421,1445,8218,"8218","",0,51595,422
0,423,target,422,1446,51595,"51595","",0,220,423
0,424,target,423,1447,220,"220","",0,21,424
0,425,target,424,1448,21,"21","",0,5213,425
0,426,target,425,1449,5213,"5213","",0,13,426
0,427,target,426,1450,13,"13","",0,1061,427
0,428,target,427,1451,1061,"1061","",0,369,428
0,429,target,428,1452,369,"369","",0,13280,429
0,430,target,429,1453,13280,"13280","",0,7463,430
0,431,target,430,1454,7463,"7463","",0,310,431
0,432,target,431,1455,310,"310","",0,279,432
0,433,target,432,1456,279,"279","",0,1558,433
0,434,target,433,1457,1558,"1558","",0,13,434
0,435,target,434,1458,13,"13","",0,198,435
0,436,target,435,1459,198,"198","",0,262,436
0,437,target,436,1460,262,"262","",0,348,437
0,438,target,437,1461,348,"348","",0,256,438
0,439,target,438,1462,256,"256","",0,348,439
0,440,target,439,1463,348,"348","",0,24415,440
0,441,target,440,1464,24415,"24415","",0,1633,441
0,442,target,441,1465,1633,"1633","",0,51595,442
0,443,target,442,1466,51595,"51595","",0,561,443
0,444,target,443,1467,561,"561","",0,6297,444
0,445,target,444,1468,6297,"6297","",0,628,445
0,446,target,445,1469,628,"628","",0,3222,446
0,447,target,446,1470,3222,"3222","",0,1132,447
0,448,target,447,1471,1132,"1132","",0,264,448
0,449,target,448,1472,264,"264","",0,18830,449
0,450,target,449,1473,18830,"18830","",0,314,450
0,451,target,450,1474,314,"314","",0,279,451
0,452,target,451,1475,279,"279","",0,11312,452
0,453,target,452,1476,11312,"11312","",0,13,453
0,454,target,453,1477,13,"13","",0,198,454
0,455,target,454,1478,198,"198","",0,262,455
0,456,target,455,1479,262,"262","",0,348,456
0,457,target,456,1480,348,"348","",0,256,457
0,458,target,457,1481,256,"256","",0,348,458
0,459,target,458,1482,348,"348","",0,7976,459
0,460,target,459,1483,7976,"7976","",0,38778,460
0,461,target,460,1484,38778,"38778","",0,51595,461
0,462,target,461,1485,51595,"51595","",0,1368,462
0,463,target,462,1486,1368,"1368","",0,449,463
0,464,target,463,1487,449,"449","",0,6009,464
0,465,target,464,1488,6009,"6009","",0,369,465
0,466,target,465,1489,369,"369","",0,3835,466
0,467,target,466,1490,3835,"3835","",0,19,467
0,468,target,467,1491,19,"19","",0,13,468
0,469,target,468,1492,13,"13","",0,18,469
0,470,target,469,1493,18,"18","",0,22,470
0,471,target,470,1494,22,"22","",0,20,471
0,472,target,471,1495,20,"20","",0,33,472
0,473,target,472,1496,33,"33","",0,3506,473
0,474,target,473,1497,3506,"3506","",0,11,474
0,475,target,474,1498,11,"11","",0,321,475
0,476,target,475,1499,321,"321","",0,24725,476
0,477,target,476,1500,24725,"24725","",0,32439,477
0,478,target,477,1501,32439,"32439","",0,16,478
0,479,target,478,1502,16,"16","",0,21,479
0,480,target,479,1503,21,"21","",0,318,480
0,481,target,480,1504,318,"318","",0,17,481
0,482,target,481,1505,17,"17","",0,5639,482
0,483,target,482,1506,5639,"5639","",0,14,483
0,484,target,483,1507,14,"14","",0,875,484
0,485,target,484,1508,875,"875","",0,681,485
0,486,target,485,1509,681,"681","",0,799,486
0,487,target,486,1510,799,"799","",0,6009,487
0,488,target,487,1511,6009,"6009","",0,369,488
0,489,target,488,1512,369,"369","",0,3835,489
0,490,target,489,1513,3835,"3835","",0,23,490
0,491,target,490,1514,23,"23","",0,13,491
0,492,target,491,1515,13,"13","",0,22,492
0,493,target,492,1516,22,"22","",0,20,493
0,494,target,493,1517,20,"20","",0,5213,494
0,495,target,494,1518,5213,"5213","",0,13,495
0,496,target,495,1519,13,"13","",0,1061,496
0,497,target,496,1520,1061,"1061","",0,34105,497
0,498,target,497,1521,34105,"34105","",0,279,498
0,499,target,498,1522,279,"279","",0,220,499
0,500,target,499,1523,220,"220","",0,21,500
0,501,target,500,1524,21,"21","",0,5213,501
0,502,target,501,1525,5213,"5213","",0,6297,502
0,503,target,502,1526,6297,"6297","",0,0,503
0,504,target,503,1527,0,"0","",0,198,504
0,505,target,504,1528,198,"198","",0,262,505
0,506,target,505,1529,262,"262","",0,348,506
0,507,target,506,1530,348,"348","",0,256,507
0,508,target,507,1531,256,"256","",0,348,508
0,509,target,508,1532,348,"348","",0,40621,509
0,510,target,509,1533,40621,"40621","",0,8535,510
0,511,target,510,1534,8535,"8535","",0,1954,511
0,512,target,511,1535,1954,"1954","",0,51595,512
0,513,target,512,1536,51595,"51595","",0,357,513
0,514,target,513,1537,357,"357","",0,220,514
0,515,target,514,1538,220,"220","",0,21,515
0,516,target,515,1539,21,"21","",0,5213,516
0,517,target,516,1540,5213,"5213","",0,6297,517
0,518,target,517,1541,6297,"6297","",0,4021,518
0,519,target,518,1542,4021,"4021","",0,3222,519
0,520,target,519,1543,3222,"3222","",0,264,520
0,521,target,520,1544,264,"264","",0,3074,521
0,522,target,521,1545,3074,"3074","",0,220,522
0,523,target,522,1546,220,"220","",0,18,523
0,524,target,523,1547,18,"18","",0,20,524
0,525,target,524,1548,20,"20","",0,33,525
0,526,target,525,1549,33,"33","",0,14,526
0,527,target,526,1550,14,"14","",0,23,527
0,528,target,527,1551,23,"23","",0,6009,528
0,529,target,528,1552,6009,"6009","",0,413,529
0,530,target,529,1553,413,"413","",0,279,530
0,531,target,530,1554,279,"279","",0,6009,531
0,532,target,531,1555,6009,"6009","",0,369,532
0,533,target,532,1556,369,"369","",0,27044,533
0,534,target,533,1557,27044,"27044","",0,321,534
0,535,target,534,1558,321,"321","",0,32439,535
0,536,target,535,1559,32439,"32439","",0,16,536
0,537,target,536,1560,16,"16","",0,21,537
0,538,target,537,1561,21,"21","",0,13,538
0,539,target,538,1562,13,"13","",0,198,539
0,540,target,539,1563,198,"198","",0,262,540
0,541,target,540,1564,262,"262","",0,348,541
0,542,target,541,1565,348,"348","",0,256,542
0,543,target,542,1566,256,"256","",0,348,543
0,544,target,543,1567,348,"348","",0,3812,544
0,545,target,544,1568,3812,"3812","",0,35953,545
0,546,target,545,1569,35953,"35953","",0,51595,546
0,547,target,546,1570,51595,"51595","",0,10380,547
0,548,target,547,1571,10380,"10380","",0,279,548
0,549,target,548,1572,279,"279","",0,1558,549
0,550,target,549,1573,1558,"1558","",0,369,550
0,551,target,550,1574,369,"369","",0,9966,551
0,552,target,551,1575,9966,"9966","",0,1452,552
0,553,target,552,1576,1452,"1452","",0,30,553
0,554,target,553,1577,30,"30","",0,8948,554
0,555,target,554,1578,8948,"8948","",0,19,555
0,556,target,555,1579,19,"19","",0,30,556
0,557,target,556,1580,30,"30","",0,220,557
0,558,target,557,1581,220,"220","",0,18,558
0,559,target,558,1582,18,"18","",0,20,559
0,560,target,559,1583,20,"20","",0,33,560
0,561,target,560,1584,33,"33","",0,8948,561
0,562,target,561,1585,8948,"8948","",0,19,562
0,563,target,562,1586,19,"19","",0,369,563
0,564,target,563,1587,369,"369","",0,220,564
0,565,target,564,1588,220,"220","",0,16,565
0,566,target,565,1589,16,"16","",0,22,566
0,567,target,566,1590,22,"22","",0,13,567
0,568,target,567,1591,13,"13","",0,20,568
0,569,target,568,1592,20,"20","",0,5213,569
0,570,target,569,1593,5213,"5213","",0,13,570
0,571,target,570,1594,13,"13","",0,220,571
0,572,target,571,1595,220,"220","",0,18,572
0,573,target,572,1596,18,"18","",0,20,573
0,574,target,573,1597,20,"20","",0,33,574
0,575,target,574,1598,33,"33","",0,14,575
0,576,target,575,1599,14,"14","",0,23,576
0,577,target,576,1600,23,"23","",0,8948,577
0,578,target,577,1601,8948,"8948","",0,19,578
0,579,target,578,1602,19,"19","",0,369,579
0,580,target,579,1603,369,"369","",0,3835,580
0,581,target,580,1604,3835,"3835","",0,17,581
0,582,target,581,1605,17,"17","",0,13,582
0,583,target,582,1606,13,"13","",0,17,583
0,584,target,583,1607,17,"17","",0,5213,584
0,585,target,584,1608,5213,"5213","",0,791,585
0,586,target,585,1609,791,"791","",0,6009,586
0,587,target,586,1610,6009,"6009","",0,13,587
0,588,target,587,1611,13,"13","",0,1061,588
0,589,target,588,1612,1061,"1061","",0,17759,589
0,590,target,589,1613,17759,"17759","",0,0,590
0,591,target,590,1614,0,"0","",0,2441,591
0,592,target,591,1615,2441,"2441","",0,6970,592
0,593,target,592,1616,6970,"6970","",0,279,593
0,594,target,593,1617,279,"279","",0,328,594
0,595,target,594,1618,328,"328","",0,18,595
0,596,target,595,1619,18,"18","",0,20,596
0,597,target,596,1620,20,"20","",0,33,597
0,598,target,597,1621,33,"33","",0,1,598
0,599,target,598,1622,1,"1","",0,18675,599
0,600,target,599,1623,18675,"18675","",0,310,600
0,601,target,600,1624,310,"310","",0,4393,601
0,602,target,601,1625,4393,"4393","",0,4868,602
0,603,target,602,1626,4868,"4868","",0,30,603
0,604,target,603,1627,30,"30","",0,2233,604
0,605,target,604,1628,2233,"2233","",0,11,605
0,606,target,605,1629,11,"11","",0,5802,606
0,607,target,606,1630,5802,"5802","",0,328,607
0,608,target,607,1631,328,"328","",0,18,608
0,609,target,608,1632,18,"18","",0,20,609
0,610,target,609,1633,20,"20","",0,33,610
0,611,target,610,1634,33,"33","",0,1558,611
0,612,target,611,1635,1558,"1558","",0,1,612
0,613,target,612,1636,1,"1","",0,3254,613
0,614,target,613,1637,3254,"3254","",0,2702,614
0,615,target,614,1638,2702,"2702","",0,13,615
0,616,target,615,1639,13,"13","",0,2441,616
0,617,target,616,1640,2441,"2441","",0,6970,617
0,618,target,617,1641,6970,"6970","",0,279,618
0,619,target,618,1642,279,"279","",0,11312,619
0,620,target,619,1643,11312,"11312","",0,513,620
0,621,target,620,1644,513,"513","",0,8882,621
0,622,target,621,1645,8882,"8882","",0,30,622
0,623,target,622,1646,30,"30","",0,4188,623
0,624,target,623,1647,4188,"4188","",0,5861,624
0,625,target,624,1648,5861,"5861","",0,36,625
0,626,target,625,1649,36,"36","",0,14018,626
0,627,target,626,1650,14018,"14018","",0,599,627
0,628,target,627,1651,599,"599","",0,8882,628
0,629,target,628,1652,8882,"8882","",0,11312,629
0,630,target,629,1653,11312,"11312","",0,13,630
0,631,target,630,1654,13,"13","",0,2441,631
0,632,target,631,1655,2441,"2441","",0,6970,632
0,633,target,632,1656,6970,"6970","",0,279,633
0,634,target,633,1657,279,"279","",0,6297,634
0,635,target,634,1658,6297,"6297","",0,9687,635
0,636,target,635,1659,9687,"9687","",0,348,636
0,637,target,636,1660,348,"348","",0,17710,637
0,638,target,637,1661,17710,"17710","",0,9,638
0,639,target,638,1662,9,"9","",0,314,639
0,640,target,639,1663,314,"314","",0,11312,640
0,641,target,640,1664,11312,"11312","",0,30,641
0,642,target,641,1665,30,"30","",0,198,642
0,643,target,642,1666,198,"198","",0,262,643
0,644,target,643,1667,262,"262","",0,348,644
0,645,target,644,1668,348,"348","",0,256,645
0,646,target,645,1669,256,"256","",0,348,646
0,647,target,646,1670,348,"348","",0,5439,647
0,648,target,647,1671,5439,"5439","",0,58532,648
0,649,target,648,1672,58532,"58532","",0,364,649
0,650,target,649,1673,364,"364","",0,17775,650
0,651,target,650,1674,17775,"17775","",0,51595,651
0,652,target,651,1675,51595,"51595","",0,353,652
0,653,target,652,1676,353,"353","",0,1902,653
0,654,target,653,1677,1902,"1902","",0,2534,654
0,655,target,654,1678,2534,"2534","",0,411,655
0,656,target,655,1679,411,"411","",0,1331,656
0,657,target,656,1680,1331,"1331","",0,34131,657
0,658,target,657,1681,34131,"34131","",0,13,658
0,659,target,658,1682,13,"13","",0,561,659
0,660,target,659,1683,561,"561","",0,1379,660
0,661,target,660,1684,1379,"1379","",0,24679,661
0,662,target,661,1685,24679,"24679","",0,14611,662
0,663,target,662,1686,14611,"14611","",0,364,663
0,664,target,663,1687,364,"364","",0,264,664
0,665,target,664,1688,264,"264","",0,220,665
0,666,target,665,1689,220,"220","",0,18,666
0,667,target,666,1690,18,"18","",0,20,667
0,668,target,667,1691,20,"20","",0,33,668
0,669,target,668,1692,33,"33","",0,5861,669
0,670,target,669,1693,5861,"5861","",0,36,670
0,671,target,670,1694,36,"36","",0,383,671
0,672,target,671,1695,383,"383","",0,6607,672
0,673,target,672,1696,6607,"6607","",0,440,673
0,674,target,673,1697,440,"440","",0,220,674
0,675,target,674,1698,220,"220","",0,21,675
0,676,target,675,1699,21,"21","",0,5213,676
0,677,target,676,1700,5213,"5213","",0,6297,677
0,678,target,677,1701,6297,"6297","",0,369,678
0,679,target,678,1702,369,"369","",0,2892,679
0,680,target,679,1703,2892,"2892","",0,25,680
0,681,target,680,1704,25,"25","",0,198,681
0,682,target,681,1705,198,"198","",0,285,682
0,683,target,682,1706,285,"285","",0,348,683
0,684,target,683,1707,348,"348","",0,256,684
0,685,target,684,1708,256,"256","",0,30407,685
0,686,target,685,1709,30407,"30407","",0,1452,686
0,687,target,686,1710,1452,"1452","",0,11312,687
0,688,target,687,1711,11312,"11312","",0,318,688
0,689,target,688,1712,318,"318","",0,3118,689
0,690,target,689,1713,3118,"3118","",0,19,690
0,691,target,690,1714,19,"19","",0,14,691
0,692,target,691,1715,14,"14","",0,3118,692
0,693,target,692,1716,3118,"3118","",0,23,693
0,694,target,693,1717,23,"23","",0,553,694
0,695,target,694,1718,553,"553","",0,198,695
0,696,target,695,1719,198,"198","",0,285,696
0,697,target,696,1720,285,"285","",0,348,697
0,698,target,697,1721,348,"348","",0,256,698
0,699,target,698,1722,256,"256","",0,49051,699
0,700,target,699,1723,49051,"49051","",0,513,700
0,701,target,700,1724,513,"513","",0,8882,701
0,702,target,701,1725,8882,"8882","",0,1056,702
0,703,target,702,1726,1056,"1056","",0,220,703
0,704,target,703,1727,220,"220","",0,18,704
0,705,target,704,1728,18,"18","",0,20,705
0,706,target,705,1729,20,"20","",0,33,706
0,707,target,706,1730,33,"33","",0,14,707
0,708,target,707,1731,14,"14","",0,23,708
0,709,target,708,1732,23,"23","",0,318,709
0,710,target,709,1733,318,"318","",0,68,710
0,711,target,710,1734,68,"68","",0,1257,711
0,712,target,711,1735,1257,"1257","",0,2487,712
0,713,target,712,1736,2487,"2487","",0,220,713
0,714,target,713,1737,220,"220","",0,18,714
0,715,target,714,1738,18,"18","",0,20,715
0,716,target,715,1739,20,"20","",0,33,716
0,717,target,716,1740,33,"33","",0,369,717
0,718,target,717,1741,369,"369","",0,2702,718
0,719,target,718,1742,2702,"2702","",0,11,719
0,720,target,719,1743,11,"11","",0,694,720
0,721,target,720,1744,694,"694","",0,11312,721
0,722,target,721,1745,11312,"11312","",0,513,722
0,723,target,722,1746,513,"513","",0,8882,723
0,724,target,723,1747,8882,"8882","",0,4016,724
0,725,target,724,1748,4016,"4016","",0,310,725
0,726,target,725,1749,310,"310","",0,5904,726
0,727,target,726,1750,5904,"5904","",0,13224,727
0,728,target,727,1751,13224,"13224","",0,553,728
0,729,target,728,1752,553,"553","",0,198,729
0,730,target,729,1753,198,"198","",0,285,730
0,731,target,730,1754,285,"285","",0,348,731
0,732,target,731,1755,348,"348","",0,256,732
0,733,target,732,1756,256,"256","",0,561,733
0,734,target,733,1757,561,"561","",0,6297,734
0,735,target,734,1758,6297,"6297","",0,9687,735
0,736,target,735,1759,9687,"9687","",0,264,736
0,737,target,736,1760,264,"264","",0,25162,737
0,738,target,737,1761,25162,"25162","",0,314,738
0,739,target,738,1762,314,"314","",0,11312,739
0,740,target,739,1763,11312,"11312","",0,11,740
0,741,target,740,1764,11,"11","",0,321,741
0,742,target,741,1765,321,"321","",0,974,742
0,743,target,742,1766,974,"974","",0,10313,743
0,744,target,743,1767,10313,"10313","",0,369,744
0,745,target,744,1768,369,"369","",0,22324,745
0,746,target,745,1769,22324,"22324","",0,13,746
0,747,target,746,1770,13,"13","",0,198,747
0,748,target,747,1771,198,"198","",0,285,748
0,749,target,748,1772,285,"285","",0,348,749
0,750,target,749,1773,348,"348","",0,256,750
0,751,target,750,1774,256,"256","",0,348,751
0,752,target,751,1775,348,"348","",0,41998,752
0,753,target,752,1776,41998,"41998","",0,51595,753
0,754,target,753,1777,51595,"51595","",0,561,754
0,755,target,754,1778,561,"561","",0,1785,755
0,756,target,755,1779,1785,"1785","",0,369,756
0,757,target,756,1780,369,"369","",0,16421,757
0,758,target,757,1781,16421,"16421","",0,51948,758
0,759,target,758,1782,51948,"51948","",0,13,759
0,760,target,759,1783,13,"13","",0,561,760
0,761,target,760,1784,561,"561","",0,6297,761
0,762,target,761,1785,6297,"6297","",0,4222,762
0,763,target,762,1786,4222,"4222","",0,9687,763
0,764,target,763,1787,9687,"9687","",0,220,764
0,765,target,764,1788,220,"220","",0,16,765
0,766,target,765,1789,16,"16","",0,12,766
0,767,target,766,1790,12,"12","",0,17,767
0,768,target,767,1791,17,"17","",0,11312,768
0,769,target,768,1792,11312,"11312","",0,1866,769
0,770,target,769,1793,1866,"1866","",0,318,770
0,771,target,770,1794,318,"318","",0,331,771
0,772,target,771,1795,331,"331","",0,9966,772
0,773,target,772,1796,9966,"9966","",0,1452,773
0,774,target,773,1797,1452,"1452","",0,8,774
0,775,target,774,1798,8,"8","",0,466,775
0,776,target,775,1799,466,"466","",0,7225,776
0,777,target,776,1800,7225,"7225","",0,61569,777
0,778,target,777,1801,61569,"61569","",0,13,778
0,779,target,778,1802,13,"13","",0,1061,779
0,780,target,779,1803,1061,"1061","",0,3520,780
0,781,target,780,1804,3520,"3520","",0,974,781
0,782,target,781,1805,974,"974","",0,10313,782
0,783,target,782,1806,10313,"10313","",0,321,783
0,784,target,783,1807,321,"321","",0,87363,784
0,785,target,784,1808,87363,"87363","",0,286,785
0,786,target,785,1809,286,"286","",0,8751,786
0,787,target,786,1810,8751,"8751","",0,13,787
0,788,target,787,1811,13,"13","",0,271,788
0,789,target,788,1812,271,"271","",0,18,789
0,790,target,789,1813,18,"18","",0,13,790
0,791,target,790,1814,13,"13","",0,220,791
0,792,target,791,1815,220,"220","",0,2972,792
0,793,target,792,1816,2972,"2972","",0,62879,793
0,794,target,793,1817,62879,"62879","",0,25568,794
0,795,target,794,1818,25568,"25568","",0,286,795
0,796,target,795,1819,286,"286","",0,57042,796
0,797,target,796,1820,57042,"57042","",0,3018,797
0,798,target,797,1821,3018,"3018","",0,383,798
0,799,target,798,1822,383,"383","",0,14486,799
0,800,target,799,1823,14486,"14486","",0,8061,800
0,801,target,800,1824,8061,"8061","",0,17328,801
0,802,target,801,1825,17328,"17328","",0,27662,802
0,803,target,802,1826,27662,"27662","",0,64700,803
0,804,target,803,1827,64700,"64700","",0,198,804
0,805,target,804,1828,198,"198","",0,262,805
0,806,target,805,1829,262,"262","",0,348,806
0,807,target,806,1830,348,"348","",0,256,807
0,808,target,807,1831,256,"256","",0,348,808
0,809,target,808,1832,348,"348","",0,33,809
0,810,target,809,1833,33,"33","",0,1656,810
0,811,target,810,1834,1656,"1656","",0,33059,811
0,812,target,811,1835,33059,"33059","",0,14134,812
0,813,target,812,1836,14134,"14134","",0,51595,813
0,814,target,813,1837,51595,"51595","",0,13453,814
0,815,target,814,1838,13453,"13453","",0,32288,815
0,816,target,815,1839,32288,"32288","",0,11,816
0,817,target,816,1840,11,"11","",0,12204,817
0,818,target,817,1841,12204,"12204","",0,47785,818
0,819,target,818,1842,47785,"47785","",0,11,819
0,820,target,819,1843,11,"11","",0,353,820
0,821,target,820,1844,353,"353","",0,17011,821
0,822,target,821,1845,17011,"17011","",0,37972,822
0,823,target,822,1846,37972,"37972","",0,318,823
0,824,target,823,1847,318,"318","",0,51901,824
0,825,target,824,1848,51901,"51901","",0,68,825
0,826,target,825,1849,68,"68","",0,19674,826
0,827,target,826,1850,19674,"19674","",0,53,827
0,828,target,827,1851,53,"53","",0,7575,828
0,829,target,828,1852,7575,"7575","",0,681,829
0,830,target,829,1853,681,"681","",0,6297,830
0,831,target,830,1854,6297,"6297","",0,8541,831
0,832,target,831,1855,8541,"8541","",0,18476,832
0,833,target,832,1856,18476,"18476","",0,11,833
0,834,target,833,1857,11,"11","",0,2706,834
0,835,target,834,1858,2706,"2706","",0,64963,835
0,836,target,835,1859,64963,"64963","",0,318,836
0,837,target,836,1860,318,"318","",0,71376,837
0,838,target,837,1861,71376,"71376","",0,39204,838
0,839,target,838,1862,39204,"39204","",0,553,839
0,840,target,839,1863,553,"553","",0,198,840
0,841,target,840,1864,198,"198","",0,262,841
0,842,target,841,1865,262,"262","",0,348,842
0,843,target,842,1866,348,"348","",0,256,843
0,844,target,843,1867,256,"256","",0,348,844
0,845,target,844,1868,348,"348","",0,6563,845
0,846,target,845,1869,6563,"6563","",0,31600,846
0,847,target,846,1870,31600,"31600","",0,51595,847
0,848,target,847,1871,51595,"51595","",0,198,848
0,849,target,848,1872,198,"198","",0,285,849
0,850,target,849,1873,285,"285","",0,348,850
0,851,target,850,1874,348,"348","",0,256,851
0,852,target,851,1875,256,"256","",0,348,852
0,853,target,852,1876,348,"348","",0,6375,853
0,854,target,853,1877,6375,"6375","",0,2195,854
0,855,target,854,1878,2195,"2195","",0,1062,855
0,856,target,855,1879,1062,"1062","",0,473,856
0,857,target,856,1880,473,"473","",0,51595,857
0,858,target,857,1881,51595,"51595","",0,4962,858
0,859,target,858,1882,4962,"4962","",0,12204,859
0,860,target,859,1883,12204,"12204","",0,11,860
0,861,target,860,1884,11,"11","",0,1496,861
0,862,target,861,1885,1496,"1496","",0,4779,862
0,863,target,862,1886,4779,"4779","",0,32288,863
0,864,target,863,1887,32288,"32288","",0,364,864
0,865,target,864,1888,364,"364","",0,5122,865
0,866,target,865,1889,5122,"5122","",0,2193,866
0,867,target,866,1890,2193,"2193","",0,11,867
0,868,target,867,1891,11,"11","",0,694,868
0,869,target,868,1892,694,"694","",0,6009,869
0,870,target,869,1893,6009,"6009","",0,2528,870
0,871,target,870,1894,2528,"2528","",0,2493,871
0,872,target,871,1895,2493,"2493","",0,381,872
0,873,target,872,1896,381,"381","",0,49282,873
0,874,target,873,1897,49282,"49282","",0,466,874
0,875,target,874,1898,466,"466","",0,5215,875
0,876,target,875,1899,5215,"5215","",0,290,876
0,877,target,876,1900,290,"290","",0,13,877
0,878,target,877,1901,13,"13","",0,35032,878
0,879,target,878,1902,35032,"35032","",0,57018,879
0,880,target,879,1903,57018,"57018","",0,25,880
0,881,target,880,1904,25,"25","",0,21902,881
0,882,target,881,1905,21902,"21902","",0,5972,882
0,883,target,882,1906,5972,"5972","",0,13,883
0,884,target,883,1907,13,"13","",0,13453,884
0,885,target,884,1908,13453,"13453","",0,13,885
0,886,target,885,1909,13,"13","",0,198,886
0,887,target,886,1910,198,"198","",0,285,887
0,888,target,887,1911,285,"285","",0,348,888
0,889,target,888,1912,348,"348","",0,256,889
0,890,target,889,1913,256,"256","",0,348,890
0,891,target,890,1914,348,"348","",0,6375,891
0,892,target,891,1915,6375,"6375","",0,41412,892
0,893,target,892,1916,41412,"41412","",0,51595,893
0,894,target,893,1917,51595,"51595","",0,9372,894
0,895,target,894,1918,9372,"9372","",0,13909,895
0,896,target,895,1919,13909,"13909","",0,33686,896
0,897,target,896,1920,33686,"33686","",0,13,897
0,898,target,897,1921,13,"13","",0,9632,898
0,899,target,898,1922,9632,"9632","",0,2179,899
0,900,target,899,1923,2179,"2179","",0,369,900
0,901,target,900,1924,369,"369","",0,1328,901
0,902,target,901,1925,1328,"1328","",0,13,902
0,903,target,902,1926,13,"13","",0,31098,903
0,904,target,903,1927,31098,"31098","",0,2528,904
0,905,target,904,1928,2528,"2528","",0,369,905
0,906,target,905,1929,369,"369","",0,4055,906
0,907,target,906,1930,4055,"4055","",0,3018,907
0,908,target,907,1931,3018,"3018","",0,383,908
0,909,target,908,1932,383,"383","",0,70901,909
0,910,target,909,1933,70901,"70901","",0,13,910
0,911,target,910,1934,13,"13","",0,35032,911
0,912,target,911,1935,35032,"35032","",0,57018,912
0,913,target,912,1936,57018,"57018","",0,25,913
0,914,target,913,1937,25,"25","",0,353,914
0,915,target,914,1938,353,"353","",0,17011,915
0,916,target,915,1939,17011,"17011","",0,37972,916
0,917,target,916,1940,37972,"37972","",0,11,917
0,918,target,917,1941,11,"11","",0,6297,918
0,919,target,918,1942,6297,"6297","",0,40889,919
0,920,target,919,1943,40889,"40889","",0,11,920
0,921,target,920,1944,11,"11","",0,63520,921
0,922,target,921,1945,63520,"63520","",0,45543,922
0,923,target,922,1946,45543,"45543","",0,29997,923
0,924,target,923,1947,29997,"29997","",0,13,924
0,925,target,924,1948,13,"13","",0,198,925
0,926,target,925,1949,198,"198","",0,262,926
0,927,target,926,1950,262,"262","",0,348,927
0,928,target,927,1951,348,"348","",0,256,928
0,929,target,928,1952,256,"256","",0,348,929
0,930,target,929,1953,348,"348","",0,27339,930
0,931,target,930,1954,27339,"27339","",0,8045,931
0,932,target,931,1955,8045,"8045","",0,51595,932
0,933,target,932,1956,51595,"51595","",0,198,933
0,934,target,933,1957,198,"198","",0,285,934
0,935,target,934,1958,285,"285","",0,348,935
0,936,target,935,1959,348,"348","",0,256,936
0,937,target,936,1960,256,"256","",0,348,937
0,938,target,937,1961,348,"348","",0,4447,938
0,939,target,938,1962,4447,"4447","",0,10313,939
0,940,target,939,1963,10313,"10313","",0,51595,940
0,941,target,940,1964,51595,"51595","",0,36381,941
0,942,target,941,1965,36381,"36381","",0,11312,942
0,943,target,942,1966,11312,"11312","",0,310,943
0,944,target,943,1967,310,"310","",0,13540,944
0,945,target,944,1968,13540,"13540","",0,19674,945
0,946,target,945,1969,19674,"19674","",0,53,946
0,947,target,946,1970,53,"53","",0,7575,947
0,948,target,947,1971,7575,"7575","",0,13,948
0,949,target,948,1972,13,"13","",0,4962,949
0,950,target,949,1973,4962,"4962","",0,37972,950
0,951,target,950,1974,37972,"37972","",0,13,951
0,952,target,951,1975,13,"13","",0,7441,952
0,953,target,952,1976,7441,"7441","",0,364,953
0,954,target,953,1977,364,"364","",0,8981,954
0,955,target,954,1978,8981,"8981","",0,11312,955
0,956,target,955,1979,11312,"11312","",0,13,956
0,957,target,956,1980,13,"13","",0,198,957
0,958,target,957,1981,198,"198","",0,285,958
0,959,target,958,1982,285,"285","",0,348,959
0,960,target,959,1983,348,"348","",0,256,960
0,961,target,960,1984,256,"256","",0,348,961
0,962,target,961,1985,348,"348","",0,28999,962
0,963,target,962,1986,28999,"28999","",0,2900,963
0,964,target,963,1987,2900,"2900","",0,286,964
0,965,target,964,1988,286,"286","",0,51595,965
0,966,target,965,1989,51595,"51595","",0,31625,966
0,967,target,966,1990,31625,"31625","",0,286,967
0,968,target,967,1991,286,"286","",0,1727,968
0,969,target,968,1992,1727,"1727","",0,11312,969
0,970,target,969,1993,11312,"11312","",0,13,970
0,971,target,970,1994,13,"13","",0,10906,971
0,972,target,971,1995,10906,"10906","",0,303,972
0,973,target,972,1996,303,"303","",0,5861,973
0,974,target,973,1997,5861,"5861","",0,36,974
0,975,target,974,1998,36,"36","",0,4016,975
0,976,target,975,1999,4016,"4016","",0,310,976
0,977,target,976,2000,310,"310","",0,8476,977
0,978,target,977,2001,8476,"8476","",0,70901,978
0,979,target,978,2002,70901,"70901","",0,13,979
0,980,target,979,2003,13,"13","",0,198,980
0,981,target,980,2004,198,"198","",0,285,981
0,982,target,981,2005,285,"285","",0,348,982
0,983,target,982,2006,348,"348","",0,256,983
0,984,target,983,2007,256,"256","",0,348,984
0,985,target,984,2008,348,"348","",0,7976,985
0,986,target,985,2009,7976,"7976","",0,44671,986
0,987,target,986,2010,44671,"44671","",0,51595,987
0,988,target,987,2011,51595,"51595","",0,436,988
0,989,target,988,2012,436,"436","",0,34810,989
0,990,target,989,2013,34810,"34810","",0,11,990
0,991,target,990,2014,11,"11","",0,55223,991
0,992,target,991,2015,55223,"55223","",0,52,992
0,993,target,992,2016,52,"52","",0,11,993
0,994,target,993,2017,11,"11","",0,466,994
0,995,target,994,2018,466,"466","",0,6618,995
0,996,target,995,2019,6618,"6618","",0,5792,996
0,997,target,996,2020,5792,"5792","",0,13,997
0,998,target,997,2021,13,"13","",0,33513,998
0,999,target,998,2022,33513,"33513","",0,440,999
0,1000,target,999,2023,440,"440","",0,220,1000
0,1001,target,1000,2024,220,"220","",0,21,1001
0,1002,target,1001,2025,21,"21","",0,5213,1002
0,1003,target,1002,2026,5213,"5213","",0,13,1003
0,1004,target,1003,2027,13,"13","",0,198,1004
0,1005,target,1004,2028,198,"198","",0,285,1005
0,1006,target,1005,2029,285,"285","",0,348,1006
0,1007,target,1006,2030,348,"348","",0,256,1007
0,1008,target,1007,2031,256,"256","",0,348,1008
0,1009,target,1008,2032,348,"348","",0,44,1009
0,1010,target,1009,2033,44,"44","",0,4100,1010
0,1011,target,1010,2034,4100,"4100","",0,10636,1011
0,1012,target,1011,2035,10636,"10636","",0,21473,1012
0,1013,target,1012,2036,21473,"21473","",0,3588,1013
0,1014,target,1013,2037,3588,"3588","",0,3574,1014
0,1015,target,1014,2038,3574,"3574","",0,51595,1015
0,1016,target,1015,2039,51595,"51595","",0,27632,1016
0,1017,target,1016,2040,27632,"27632","",0,1558,1017
0,1018,target,1017,2041,1558,"1558","",0,318,1018
0,1019,target,1018,2042,318,"318","",0,8732,1019
0,1020,target,1019,2043,8732,"8732","",0,261,1020
0,1021,target,1020,2044,261,"261","",0,5861,1021
0,1022,target,1021,2045,5861,"5861","",0,36,1022
0,1023,target,1022,2046,36,"36","",0,466,1023
0,1024,target,1023,2047,466,"466","",0,27044,1024
1,1,target,0,1024,3309,"3309","",0,42903,1
1,2,target,1,1025,42903,"42903","",0,1785,2
1,3,target,2,1026,1785,"1785","",0,364,3
1,4,target,3,1027,364,"364","",0,264,4
1,5,target,4,1028,264,"264","",0,220,5
1,6,target,5,1029,220,"220","",0,18,6
1,7,target,6,1030,18,"18","",0,20,7
1,8,target,7,1031,20,"20","",0,33,8
1,9,target,8,1032,33,"33","",0,20340,9
1,10,target,9,1033,20340,"20340","",0,8404,10
1,11,target,10,1034,8404,"8404","",0,17830,11
1,12,target,11,1035,17830,"17830","",0,15089,12
1,13,target,12,1036,15089,"15089","",0,3992,13
1,14,target,13,1037,3992,"3992","",0,1558,14
1,15,target,14,1038,1558,"1558","",0,4162,15
1,16,target,15,1039,4162,"4162","",0,440,16
1,17,target,16,1040,440,"440","",0,264,17
1,18,target,17,1041,264,"264","",0,220,18
1,19,target,18,1042,220,"220","",0,21,19
1,20,target,19,1043,21,"21","",0,5213,20
1,21,target,20,1044,5213,"5213","",0,21966,21
1,22,target,21,1045,21966,"21966","",0,6009,22
1,23,target,22,1046,6009,"6009","",0,6297,23
1,24,target,23,1047,6297,"6297","",0,13,24
1,25,target,24,1048,13,"13","",0,561,25
1,26,target,25,1049,561,"561","",0,1622,26
1,27,target,26,1050,1622,"1622","",0,369,27
1,28,target,27,1051,369,"369","",0,264,28
1,29,target,28,1052,264,"264","",0,5757,29
1,30,target,29,1053,5757,"5757","",0,3302,30
1,31,target,30,1054,3302,"3302","",0,5392,31
1,32,target,31,1055,5392,"5392","",0,13,32
1,33,target,32,1056,13,"13","",0,271,33
1,34,target,33,1057,271,"271","",0,248068,34
1,35,target,34,1058,248068,"248068","",0,198,35
1,36,target,35,1059,198,"198","",0,8160,36
1,37,target,36,1060,8160,"8160","",0,579,37
1,38,target,37,1061,579,"579","",0,264,38
1,39,target,38,1062,264,"264","",0,7047,39
1,40,target,39,1063,7047,"7047","",0,7047,40
1,41,target,40,1064,7047,"7047","",0,8240,41
1,42,target,41,1065,8240,"8240","",0,271,42
1,43,target,42,1066,271,"271","",0,16,43
1,44,target,43,1067,16,"16","",0,13,44
1,45,target,44,1068,13,"13","",0,220,45
1,46,target,45,1069,220,"220","",0,2972,46
1,47,target,46,1070,2972,"2972","",0,1847,47
1,48,target,47,1071,1847,"1847","",0,7355,48
1,49,target,48,1072,7355,"7355","",0,321,49
1,50,target,49,1073,321,"321","",0,36189,50
1,51,target,50,1074,36189,"36189","",0,2891,51
1,52,target,51,1075,2891,"2891","",0,279,52
1,53,target,52,1076,279,"279","",0,5952,53
1,54,target,53,1077,5952,"5952","",0,64700,54
1,55,target,54,1078,64700,"64700","",0,198,55
1,56,target,55,1079,198,"198","",0,262,56
1,57,target,56,1080,262,"262","",0,348,57
1,58,target,57,1081,348,"348","",0,256,58
1,59,target,58,1082,256,"256","",0,348,59
1,60,target,59,1083,348,"348","",0,25562,60
1,61,target,60,1084,25562,"25562","",0,51595,61
1,62,target,61,1085,51595,"51595","",0,10041,62
1,63,target,62,1086,10041,"10041","",0,3309,63
1,64,target,63,1087,3309,"3309","",0,2133,64
1,65,target,64,1088,2133,"2133","",0,1785,65
1,66,target,65,1089,1785,"1785","",0,364,66
1,67,target,66,1090,364,"364","",0,264,67
1,68,target,67,1091,264,"264","",0,220,68
1,69,target,68,1092,220,"220","",0,18,69
1,70,target,69,1093,18,"18","",0,20,70
1,71,target,70,1094,20,"20","",0,33,71
1,72,target,71,1095,33,"33","",0,380,72
1,73,target,72,1096,380,"380","",0,12370,73
1,74,target,73,1097,12370,"12370","",0,8404,74
1,75,target,74,1098,8404,"8404","",0,12,75
1,76,target,75,1099,12,"12","",0,83167,76
1,77,target,76,1100,83167,"83167","",0,318,77
1,78,target,77,1101,318,"318","",0,24797,78
1,79,target,78,1102,24797,"24797","",0,36,79
1,80,target,79,1103,36,"36","",0,8,80
1,81,target,80,1104,8,"8","",0,3992,81
1,82,target,81,1105,3992,"3992","",0,1558,82
1,83,target,82,1106,1558,"1558","",0,13,83
1,84,target,83,1107,13,"13","",0,198,84
1,85,target,84,1108,198,"198","",0,262,85
1,86,target,85,1109,262,"262","",0,348,86
1,87,target,86,1110,348,"348","",0,256,87
1,88,target,87,1111,256,"256","",0,348,88
1,89,target,88,1112,348,"348","",0,17355,89
1,90,target,89,1113,17355,"17355","",0,51595,90
1,91,target,90,1114,51595,"51595","",0,220,91
1,92,target,91,1115,220,"220","",0,21,92
1,93,target,92,1116,21,"21","",0,5213,93
1,94,target,93,1117,5213,"5213","",0,21966,94
1,95,target,94,1118,21966,"21966","",0,6009,95
1,96,target,95,1119,6009,"6009","",0,6297,96
1,97,target,96,1120,6297,"6297","",0,13,97
1,98,target,97,1121,13,"13","",0,198,98
1,99,target,98,1122,198,"198","",0,262,99
1,100,target,99,1123,262,"262","",0,348,100
1,101,target,100,1124,348,"348","",0,256,101
1,102,target,101,1125,256,"256","",0,348,102
1,103,target,102,1126,348,"348","",0,32376,103
1,104,target,103,1127,32376,"32376","",0,51595,104
1,105,target,104,1128,51595,"51595","",0,31098,105
1,106,target,105,1129,31098,"31098","",0,974,106
1,107,target,106,1130,974,"974","",0,10313,107
1,108,target,107,1131,10313,"10313","",0,11,108
1,109,target,108,1132,11,"11","",0,87363,109
1,110,target,109,1133,87363,"87363","",0,286,110
1,111,target,110,1134,286,"286","",0,11,111
1,112,target,111,1135,11,"11","",0,6297,112
1,113,target,112,1136,6297,"6297","",0,13329,113
1,114,target,113,1137,13329,"13329","",0,11,114
1,115,target,114,1138,11,"11","",0,380,115
1,116,target,115,1139,380,"380","",0,4100,116
1,117,target,116,1140,4100,"4100","",0,318,117
1,118,target,117,1141,318,"318","",0,19739,118
1,119,target,118,1142,19739,"19739","",0,85958,119
1,120,target,119,1143,85958,"85958","",0,59780,120
1,121,target,120,1144,59780,"59780","",0,8,121
1,122,target,121,1145,8,"8","",0,63520,122
1,123,target,122,1146,63520,"63520","",0,45543,123
1,124,target,123,1147,45543,"45543","",0,13,124
1,125,target,124,1148,13,"13","",0,198,125
1,126,target,125,1149,198,"198","",0,262,126
1,127,target,126,1150,262,"262","",0,348,127
1,128,target,127,1151,348,"348","",0,256,128
1,129,target,128,1152,256,"256","",0,348,129
1,130,target,129,1153,348,"348","",0,6563,130
1,131,target,130,1154,6563,"6563","",0,31600,131
1,132,target,131,1155,31600,"31600","",0,51595,132
1,133,target,132,1156,51595,"51595","",0,5546,133
1,134,target,133,1157,5546,"5546","",0,2195,134
1,135,target,134,1158,2195,"2195","",0,1062,135
1,136,target,135,1159,1062,"1062","",0,473,136
1,137,target,136,1160,473,"473","",0,321,137
1,138,target,137,1161,321,"321","",0,1248,138
1,139,target,138,1162,1248,"1248","",0,41412,139
1,140,target,139,1163,41412,"41412","",0,13,140
1,141,target,140,1164,13,"13","",0,198,141
1,142,target,141,1165,198,"198","",0,262,142
1,143,target,142,1166,262,"262","",0,348,143
1,144,target,143,1167,348,"348","",0,256,144
1,145,target,144,1168,256,"256","",0,348,145
1,146,target,145,1169,348,"348","",0,7907,146
1,147,target,146,1170,7907,"7907","",0,57042,147
1,148,target,147,1171,57042,"57042","",0,51595,148
1,149,target,148,1172,51595,"51595","",0,35032,149
1,150,target,149,1173,35032,"35032","",0,33059,150
1,151,target,150,1174,33059,"33059","",0,14134,151
1,152,target,151,1175,14134,"14134","",0,11,152
1,153,target,152,1176,11,"11","",0,18100,153
1,154,target,153,1177,18100,"18100","",0,35822,154
1,155,target,154,1178,35822,"35822","",0,11,155
1,156,target,155,1179,11,"11","",0,7652,156
1,157,target,156,1180,7652,"7652","",0,4886,157
1,158,target,157,1181,4886,"4886","",0,11,158
1,159,target,158,1182,11,"11","",0,650,159
1,160,target,159,1183,650,"650","",0,2227,160
1,161,target,160,1184,2227,"2227","",0,7574,161
1,162,target,161,1185,7574,"7574","",0,11,162
1,163,target,162,1186,11,"11","",0,13769,163
1,164,target,163,1187,13769,"13769","",0,24460,164
1,165,target,164,1188,24460,"24460","",0,7123,165
1,166,target,165,1189,7123,"7123","",0,13,166
1,167,target,166,1190,13,"13","",0,198,167
1,168,target,167,1191,198,"198","",0,262,168
1,169,target,168,1192,262,"262","",0,348,169
1,170,target,169,1193,348,"348","",0,256,170
1,171,target,170,1194,256,"256","",0,348,171
1,172,target,171,1195,348,"348","",0,1905,172
1,173,target,172,1196,1905,"1905","",0,51595,173
1,174,target,173,1197,51595,"51595","",0,14486,174
1,175,target,174,1198,14486,"14486","",0,3302,175
1,176,target,175,1199,3302,"3302","",0,5392,176
1,177,target,176,1200,5392,"5392","",0,13,177
1,178,target,177,1201,13,"13","",0,198,178
1,179,target,178,1202,198,"198","",0,262,179
1,180,target,179,1203,262,"262","",0,348,180
1,181,target,180,1204,348,"348","",0,256,181
1,182,target,181,1205,256,"256","",0,348,182
1,183,target,182,1206,348,"348","",0,674,183
1,184,target,183,1207,674,"674","",0,53897,184
1,185,target,184,1208,53897,"53897","",0,51595,185
1,186,target,185,1209,51595,"51595","",0,561,186
1,187,target,186,1210,561,"561","",0,1156,187
1,188,target,187,1211,1156,"1156","",0,11173,188
1,189,target,188,1212,11173,"11173","",0,279,189
1,190,target,189,1213,279,"279","",0,9640,190
1,191,target,190,1214,9640,"9640","",0,1599,191
1,192,target,191,1215,1599,"1599","",0,2942,192
1,193,target,192,1216,2942,"2942","",0,13,193
1,194,target,193,1217,13,"13","",0,353,194
1,195,target,194,1218,353,"353","",0,1144,195
1,196,target,195,1219,1144,"1144","",0,310,196
1,197,target,196,1220,310,"310","",0,9738,197
1,198,target,197,1221,9738,"9738","",0,279,198
1,199,target,198,1222,279,"279","",0,51623,199
1,200,target,199,1223,51623,"51623","",0,321,200
1,201,target,200,1224,321,"321","",0,5077,201
1,202,target,201,1225,5077,"5077","",0,383,202
1,203,target,202,1226,383,"383","",0,279,203
1,204,target,203,1227,279,"279","",0,6007,204
1,205,target,204,1228,6007,"6007","",0,1622,205
1,206,target,205,1229,1622,"1622","",0,13,206
1,207,target,206,1230,13,"13","",0,271,207
1,208,target,207,1231,271,"271","",0,17,208
1,209,target,208,1232,17,"17","",0,13,209
1,210,target,209,1233,13,"13","",0,220,210
1,211,target,210,1234,220,"220","",0,2972,211
1,212,target,211,1235,2972,"2972","",0,6140,212
1,213,target,212,1236,6140,"6140","",0,35059,213
1,214,target,213,1237,35059,"35059","",0,321,214
1,215,target,214,1238,321,"321","",0,73640,215
1,216,target,215,1239,73640,"73640","",0,64700,216
1,217,target,216,1240,64700,"64700","",0,198,217
1,218,target,217,1241,198,"198","",0,262,218
1,219,target,218,1242,262,"262","",0,348,219
1,220,target,219,1243,348,"348","",0,256,220
1,221,target,220,1244,256,"256","",0,348,221
1,222,target,221,1245,348,"348","",0,1652,222
1,223,target,222,1246,1652,"1652","",0,8218,223
1,224,target,223,1247,8218,"8218","",0,51595,224
1,225,target,224,1248,51595,"51595","",0,220,225
1,226,target,225,1249,220,"220","",0,18,226
1,227,target,226,1250,18,"18","",0,20,227
1,228,target,227,1251,20,"20","",0,33,228
1,229,target,228,1252,33,"33","",0,4868,229
1,230,target,229,1253,4868,"4868","",0,13,230
1,231,target,230,1254,13,"13","",0,5861,231
1,232,target,231,1255,5861,"5861","",0,36,232
1,233,target,232,1256,36,"36","",0,5802,233
1,234,target,233,1257,5802,"5802","",0,23197,234
1,235,target,234,1258,23197,"23197","",0,264,235
1,236,target,235,1259,264,"264","",0,2526,236
1,237,target,236,1260,2526,"2526","",0,1324,237
1,238,target,237,1261,1324,"1324","",0,314,238
1,239,target,238,1262,314,"314","",0,4393,239
1,240,target,239,1263,4393,"4393","",0,11312,240
1,241,target,240,1264,11312,"11312","",0,791,241
1,242,target,241,1265,791,"791","",0,3817,242
1,243,target,242,1266,3817,"3817","",0,13,243
1,244,target,243,1267,13,"13","",0,6558,244
1,245,target,244,1268,6558,"6558","",0,579,245
1,246,target,245,1269,579,"579","",0,9370,246
1,247,target,246,1270,9370,"9370","",0,264,247
1,248,target,247,1271,264,"264","",0,5129,248
1,249,target,248,1272,5129,"5129","",0,6343,249
1,250,target,249,1273,6343,"6343","",0,11,250
1,251,target,250,1274,11,"11","",0,378,251
1,252,target,251,1275,378,"378","",0,1257,252
1,253,target,252,1276,1257,"1257","",0,2487,253
1,254,target,253,1277,2487,"2487","",0,220,254
1,255,target,254,1278,220,"220","",0,23,255
1,256,target,255,1279,23,"23","",0,11312,256
1,257,target,256,1280,11312,"11312","",0,11,257
1,258,target,257,1281,11,"11","",0,220,258
1,259,target,258,1282,220,"220","",0,17,259
1,260,target,259,1283,17,"17","",0,4393,260
1,261,target,260,1284,4393,"4393","",0,791,261
1,262,target,261,1285,791,"791","",0,3817,262
1,263,target,262,1286,3817,"3817","",0,13,263
1,264,target,263,1287,13,"13","",0,10342,264
1,265,target,264,1288,10342,"10342","",0,4868,265
1,266,target,265,1289,4868,"4868","",0,283,266
1,267,target,266,1290,283,"283","",0,220,267
1,268,target,267,1291,220,"220","",0,18,268
1,269,target,268,1292,18,"18","",0,20,269
1,270,target,269,1293,20,"20","",0,33,270
1,271,target,270,1294,33,"33","",0,13,271
1,272,target,271,1295,13,"13","",0,1368,272
1,273,target,272,1296,1368,"1368","",0,11312,273
1,274,target,273,1297,11312,"11312","",0,513,274
1,275,target,274,1298,513,"513","",0,27044,275
1,276,target,275,1299,27044,"27044","",0,1146,276
1,277,target,276,1300,1146,"1146","",0,54835,277
1,278,target,277,1301,54835,"54835","",0,82,278
1,279,target,278,1302,82,"82","",0,11,279
1,280,target,279,1303,11,"11","",0,279,280
1,281,target,280,1304,279,"279","",0,1331,281
1,282,target,281,1305,1331,"1331","",0,314,282
1,283,target,282,1306,314,"314","",0,799,283
1,284,target,283,1307,799,"799","",0,6009,284
1,285,target,284,1308,6009,"6009","",0,12482,285
1,286,target,285,1309,12482,"12482","",0,13,286
1,287,target,286,1310,13,"13","",0,198,287
1,288,target,287,1311,198,"198","",0,262,288
1,289,target,288,1312,262,"262","",0,348,289
1,290,target,289,1313,348,"348","",0,256,290
1,291,target,290,1314,256,"256","",0,348,291
1,292,target,291,1315,348,"348","",0,71764,292
1,293,target,292,1316,71764,"71764","",0,8218,293
1,294,target,293,1317,8218,"8218","",0,71690,294
1,295,target,294,1318,71690,"71690","",0,51595,295
1,296,target,295,1319,51595,"51595","",0,220,296
1,297,target,296,1320,220,"220","",0,18,297
1,298,target,297,1321,18,"18","",0,20,298
1,299,target,298,1322,20,"20","",0,33,299
1,300,target,299,1323,33,"33","",0,2702,300
1,301,target,300,1324,2702,"2702","",0,13,301
1,302,target,301,1325,13,"13","",0,1368,302
1,303,target,302,1326,1368,"1368","",0,220,303
1,304,target,303,1327,220,"220","",0,23,304
1,305,target,304,1328,23,"23","",0,11312,305
1,306,target,305,1329,11312,"11312","",0,11,306
1,307,target,306,1330,11,"11","",0,321,307
1,308,target,307,1331,321,"321","",0,24725,308
1,309,target,308,1332,24725,"24725","",0,279,309
1,310,target,309,1333,279,"279","",0,11312,310
1,311,target,310,1334,11312,"11312","",0,6435,311
1,312,target,311,1335,6435,"6435","",0,1379,312
1,313,target,312,1336,1379,"1379","",0,4868,313
1,314,target,313,1337,4868,"4868","",0,318,314
1,315,target,314,1338,318,"318","",0,5292,315
1,316,target,315,1339,5292,"5292","",0,303,316
1,317,target,316,1340,303,"303","",0,5861,317
1,318,target,317,1341,5861,"5861","",0,36,318
1,319,target,318,1342,36,"36","",0,681,319
1,320,target,319,1343,681,"681","",0,1754,320
1,321,target,320,1344,1754,"1754","",0,6009,321
1,322,target,321,1345,6009,"6009","",0,2493,322
1,323,target,322,1346,2493,"2493","",0,381,323
1,324,target,323,1347,381,"381","",0,3835,324
1,325,target,324,1348,3835,"3835","",0,18,325
1,326,target,325,1349,18,"18","",0,20,326
1,327,target,326,1350,20,"20","",0,33,327
1,328,target,327,1351,33,"33","",0,14,328
1,329,target,328,1352,14,"14","",0,23,329
1,330,target,329,1353,23,"23","",0,211614,330
1,331,target,330,1354,211614,"211614","",0,220,331
1,332,target,331,1355,220,"220","",0,19,332
1,333,target,332,1356,19,"19","",0,13,333
1,334,target,333,1357,13,"13","",0,18,334
1,335,target,334,1358,18,"18","",0,22,335
1,336,target,335,1359,22,"22","",0,20,336
1,337,target,336,1360,20,"20","",0,33,337
1,338,target,337,1361,33,"33","",0,4868,338
1,339,target,338,1362,4868,"4868","",0,13,339
1,340,target,339,1363,13,"13","",0,4213,340
1,341,target,340,1364,4213,"4213","",0,11,341
1,342,target,341,1365,11,"11","",0,5861,342
1,343,target,342,1366,5861,"5861","",0,36,343
1,344,target,343,1367,36,"36","",0,3428,344
1,345,target,344,1368,3428,"3428","",0,12863,345
1,346,target,345,1369,12863,"12863","",0,264,346
1,347,target,346,1370,264,"264","",0,2255,347
1,348,target,347,1371,2255,"2255","",0,13,348
1,349,target,348,1372,13,"13","",0,6558,349
1,350,target,349,1373,6558,"6558","",0,579,350
1,351,target,350,1374,579,"579","",0,9370,351
1,352,target,351,1375,9370,"9370","",0,264,352
1,353,target,352,1376,264,"264","",0,328,353
1,354,target,353,1377,328,"328","",0,70,354
1,355,target,354,1378,70,"70","",0,639,355
1,356,target,355,1379,639,"639","",0,5861,356
1,357,target,356,1380,5861,"5861","",0,36,357
1,358,target,357,1381,36,"36","",0,1,358
1,359,target,358,1382,1,"1","",0,1332,359
1,360,target,359,1383,1332,"1332","",0,279,360
1,361,target,360,1384,279,"279","",0,70901,361
1,362,target,361,1385,70901,"70901","",0,369,362
1,363,target,362,1386,369,"369","",0,2526,363
1,364,target,363,1387,2526,"2526","",0,321,364
1,365,target,364,1388,321,"321","",0,11312,365
1,366,target,365,1389,11312,"11312","",0,513,366
1,367,target,366,1390,513,"513","",0,3349,367
1,368,target,367,1391,3349,"3349","",0,13,368
1,369,target,368,1392,13,"13","",0,2441,369
1,370,target,369,1393,2441,"2441","",0,264,370
1,371,target,370,1394,264,"264","",0,328,371
1,372,target,371,1395,328,"328","",0,77518,372
1,373,target,372,1396,77518,"77518","",0,5861,373
1,374,target,373,1397,5861,"5861","",0,36,374
1,375,target,374,1398,36,"36","",0,1,375
1,376,target,375,1399,1,"1","",0,1332,376
1,377,target,376,1400,1332,"1332","",0,279,377
1,378,target,377,1401,279,"279","",0,4220,378
1,379,target,378,1402,4220,"4220","",0,1558,379
1,380,target,379,1403,1558,"1558","",0,369,380
1,381,target,380,1404,369,"369","",0,11312,381
1,382,target,381,1405,11312,"11312","",0,13,382
1,383,target,382,1406,13,"13","",0,1690,383
1,384,target,383,1407,1690,"1690","",0,6607,384
1,385,target,384,1408,6607,"6607","",0,42903,385
1,386,target,385,1409,42903,"42903","",0,11,386
1,387,target,386,1410,11,"11","",0,220,387
1,388,target,387,1411,220,"220","",0,18,388
1,389,target,388,1412,18,"18","",0,20,389
1,390,target,389,1413,20,"20","",0,33,390
1,391,target,390,1414,33,"33","",0,5802,391
1,392,target,391,1415,5802,"5802","",0,3254,392
1,393,target,392,1416,3254,"3254","",0,279,393
1,394,target,393,1417,279,"279","",0,348,394
1,395,target,394,1418,348,"348","",0,4873,395
1,396,target,395,1419,4873,"4873","",0,9,396
1,397,target,396,1420,9,"9","",0,1558,397
1,398,target,397,1421,1558,"1558","",0,1331,398
1,399,target,398,1422,1331,"1331","",0,13,399
1,400,target,399,1423,13,"13","",0,1368,400
1,401,target,400,1424,1368,"1368","",0,424,401
1,402,target,401,1425,424,"424","",0,579,402
1,403,target,402,1426,579,"579","",0,5861,403
1,404,target,403,1427,5861,"5861","",0,36,404
1,405,target,404,1428,36,"36","",0,11,405
1,406,target,405,1429,11,"11","",0,279,406
1,407,target,406,1430,279,"279","",0,348,407
1,408,target,407,1431,348,"348","",0,2932,408
1,409,target,408,1432,2932,"2932","",0,9,409
1,410,target,409,1433,9,"9","",0,4868,410
1,411,target,410,1434,4868,"4868","",0,513,411
1,412,target,411,1435,513,"513","",0,1691,412
1,413,target,412,1436,1691,"1691","",0,8882,413
1,414,target,413,1437,8882,"8882","",0,13,414
1,415,target,414,1438,13,"13","",0,198,415
1,416,target,415,1439,198,"198","",0,262,416
1,417,target,416,1440,262,"262","",0,348,417
1,418,target,417,1441,348,"348","",0,256,418
1,419,target,418,1442,256,"256","",0,348,419
1,420,target,419,1443,348,"348","",0,7976,420
1,421,target,420,1444,7976,"7976","",0,8218,421
1,422,target,421,1445,8218,"8218","",0,51595,422
1,423,target,422,1446,51595,"51595","",0,220,423
1,424,target,423,1447,220,"220","",0,21,424
1,425,target,424,1448,21,"21","",0,5213,425
1,426,target,425,1449,5213,"5213","",0,13,426
1,427,target,426,1450,13,"13","",0,1061,427
1,428,target,427,1451,1061,"1061","",0,369,428
1,429,target,428,1452,369,"369","",0,13280,429
1,430,target,429,1453,13280,"13280","",0,7463,430
1,431,target,430,1454,7463,"7463","",0,310,431
1,432,target,431,1455,310,"310","",0,279,432
1,433,target,432,1456,279,"279","",0,1558,433
1,434,target,433,1457,1558,"1558","",0,13,434
1,435,target,434,1458,13,"13","",0,198,435
1,436,target,435,1459,198,"198","",0,262,436
1,437,target,436,1460,262,"262","",0,348,437
1,438,target,437,1461,348,"348","",0,256,438
1,439,target,438,1462,256,"256","",0,348,439
1,440,target,439,1463,348,"348","",0,24415,440
1,441,target,440,1464,24415,"24415","",0,1633,441
1,442,target,441,1465,1633,"1633","",0,51595,442
1,443,target,442,1466,51595,"51595","",0,561,443
1,444,target,443,1467,561,"561","",0,6297,444
1,445,target,444,1468,6297,"6297","",0,628,445
1,446,target,445,1469,628,"628","",0,3222,446
1,447,target,446,1470,3222,"3222","",0,1132,447
1,448,target,447,1471,1132,"1132","",0,264,448
1,449,target,448,1472,264,"264","",0,18830,449
1,450,target,449,1473,18830,"18830","",0,314,450
1,451,target,450,1474,314,"314","",0,279,451
1,452,target,451,1475,279,"279","",0,11312,452
1,453,target,452,1476,11312,"11312","",0,13,453
1,454,target,453,1477,13,"13","",0,198,454
1,455,target,454,1478,198,"198","",0,262,455
1,456,target,455,1479,262,"262","",0,348,456
1,457,target,456,1480,348,"348","",0,256,457
1,458,target,457,1481,256,"256","",0,348,458
1,459,target,458,1482,348,"348","",0,7976,459
1,460,target,459,1483,7976,"7976","",0,38778,460
1,461,target,460,1484,38778,"38778","",0,51595,461
1,462,target,461,1485,51595,"51595","",0,1368,462
1,463,target,462,1486,1368,"1368","",0,449,463
1,464,target,463,1487,449,"449","",0,6009,464
1,465,target,464,1488,6009,"6009","",0,369,465
1,466,target,465,1489,369,"369","",0,3835,466
1,467,target,466,1490,3835,"3835","",0,19,467
1,468,target,467,1491,19,"19","",0,13,468
1,469,target,468,1492,13,"13","",0,18,469
1,470,target,469,1493,18,"18","",0,22,470
1,471,target,470,1494,22,"22","",0,20,471
1,472,target,471,1495,20,"20","",0,33,472
1,473,target,472,1496,33,"33","",0,3506,473
1,474,target,473,1497,3506,"3506","",0,11,474
1,475,target,474,1498,11,"11","",0,321,475
1,476,target,475,1499,321,"321","",0,24725,476
1,477,target,476,1500,24725,"24725","",0,32439,477
1,478,target,477,1501,32439,"32439","",0,16,478
1,479,target,478,1502,16,"16","",0,21,479
1,480,target,479,1503,21,"21","",0,318,480
1,481,target,480,1504,318,"318","",0,17,481
1,482,target,481,1505,17,"17","",0,5639,482
1,483,target,482,1506,5639,"5639","",0,14,483
1,484,target,483,1507,14,"14","",0,875,484
1,485,target,484,1508,875,"875","",0,681,485
1,486,target,485,1509,681,"681","",0,799,486
1,487,target,486,1510,799,"799","",0,6009,487
1,488,target,487,1511,6009,"6009","",0,369,488
1,489,target,488,1512,369,"369","",0,3835,489
1,490,target,489,1513,3835,"3835","",0,23,490
1,491,target,490,1514,23,"23","",0,13,491
1,492,target,491,1515,13,"13","",0,22,492
1,493,target,492,1516,22,"22","",0,20,493
1,494,target,493,1517,20,"20","",0,5213,494
1,495,target,494,1518,5213,"5213","",0,13,495
1,496,target,495,1519,13,"13","",0,1061,496
1,497,target,496,1520,1061,"1061","",0,34105,497
1,498,target,497,1521,34105,"34105","",0,279,498
1,499,target,498,1522,279,"279","",0,220,499
1,500,target,499,1523,220,"220","",0,21,500
1,501,target,500,1524,21,"21","",0,5213,501
1,502,target,501,1525,5213,"5213","",0,6297,502
1,503,target,502,1526,6297,"6297","",0,0,503
1,504,target,503,1527,0,"0","",0,198,504
1,505,target,504,1528,198,"198","",0,262,505
1,506,target,505,1529,262,"262","",0,348,506
1,507,target,506,1530,348,"348","",0,256,507
1,508,target,507,1531,256,"256","",0,348,508
1,509,target,508,1532,348,"348","",0,40621,509
1,510,target,509,1533,40621,"40621","",0,8535,510
1,511,target,510,1534,8535,"8535","",0,1954,511
1,512,target,511,1535,1954,"1954","",0,51595,512
1,513,target,512,1536,51595,"51595","",0,357,513
1,514,target,513,1537,357,"357","",0,220,514
1,515,target,514,1538,220,"220","",0,21,515
1,516,target,515,1539,21,"21","",0,5213,516
1,517,target,516,1540,5213,"5213","",0,6297,517
1,518,target,517,1541,6297,"6297","",0,4021,518
1,519,target,518,1542,4021,"4021","",0,3222,519
1,520,target,519,1543,3222,"3222","",0,264,520
1,521,target,520,1544,264,"264","",0,3074,521
1,522,target,521,1545,3074,"3074","",0,220,522
1,523,target,522,1546,220,"220","",0,18,523
1,524,target,523,1547,18,"18","",0,20,524
1,525,target,524,1548,20,"20","",0,33,525
1,526,target,525,1549,33,"33","",0,14,526
1,527,target,526,1550,14,"14","",0,23,527
1,528,target,527,1551,23,"23","",0,6009,528
1,529,target,528,1552,6009,"6009","",0,413,529
1,530,target,529,1553,413,"413","",0,279,530
1,531,target,530,1554,279,"279","",0,6009,531
1,532,target,531,1555,6009,"6009","",0,369,532
1,533,target,532,1556,369,"369","",0,27044,533
1,534,target,533,1557,27044,"27044","",0,321,534
1,535,target,534,1558,321,"321","",0,32439,535
1,536,target,535,1559,32439,"32439","",0,16,536
1,537,target,536,1560,16,"16","",0,21,537
1,538,target,537,1561,21,"21","",0,13,538
1,539,target,538,1562,13,"13","",0,198,539
1,540,target,539,1563,198,"198","",0,262,540
1,541,target,540,1564,262,"262","",0,348,541
1,542,target,541,1565,348,"348","",0,256,542
1,543,target,542,1566,256,"256","",0,348,543
1,544,target,543,1567,348,"348","",0,3812,544
1,545,target,544,1568,3812,"3812","",0,35953,545
1,546,target,545,1569,35953,"35953","",0,51595,546
1,547,target,546,1570,51595,"51595","",0,10380,547
1,548,target,547,1571,10380,"10380","",0,279,548
1,549,target,548,1572,279,"279","",0,1558,549
1,550,target,549,1573,1558,"1558","",0,369,550
1,551,target,550,1574,369,"369","",0,9966,551
1,552,target,551,1575,9966,"9966","",0,1452,552
1,553,target,552,1576,1452,"1452","",0,30,553
1,554,target,553,1577,30,"30","",0,8948,554
1,555,target,554,1578,8948,"8948","",0,19,555
1,556,target,555,1579,19,"19","",0,30,556
1,557,target,556,1580,30,"30","",0,220,557
1,558,target,557,1581,220,"220","",0,18,558
1,559,target,558,1582,18,"18","",0,20,559
1,560,target,559,1583,20,"20","",0,33,560
1,561,target,560,1584,33,"33","",0,8948,561
1,562,target,561,1585,8948,"8948","",0,19,562
1,563,target,562,1586,19,"19","",0,369,563
1,564,target,563,1587,369,"369","",0,220,564
1,565,target,564,1588,220,"220","",0,16,565
1,566,target,565,1589,16,"16","",0,22,566
1,567,target,566,1590,22,"22","",0,13,567
1,568,target,567,1591,13,"13","",0,20,568
1,569,target,568,1592,20,"20","",0,5213,569
1,570,target,569,1593,5213,"5213","",0,13,570
1,571,target,570,1594,13,"13","",0,220,571
1,572,target,571,1595,220,"220","",0,18,572
1,573,target,572,1596,18,"18","",0,20,573
1,574,target,573,1597,20,"20","",0,33,574
1,575,target,574,1598,33,"33","",0,14,575
1,576,target,575,1599,14,"14","",0,23,576
1,577,target,576,1600,23,"23","",0,8948,577
1,578,target,577,1601,8948,"8948","",0,19,578
1,579,target,578,1602,19,"19","",0,369,579
1,580,target,579,1603,369,"369","",0,3835,580
1,581,target,580,1604,3835,"3835","",0,17,581
1,582,target,581,1605,17,"17","",0,13,582
1,583,target,582,1606,13,"13","",0,17,583
1,584,target,583,1607,17,"17","",0,5213,584
1,585,target,584,1608,5213,"5213","",0,791,585
1,586,target,585,1609,791,"791","",0,6009,586
1,587,target,586,1610,6009,"6009","",0,13,587
1,588,target,587,1611,13,"13","",0,1061,588
1,589,target,588,1612,1061,"1061","",0,17759,589
1,590,target,589,1613,17759,"17759","",0,0,590
1,591,target,590,1614,0,"0","",0,2441,591
1,592,target,591,1615,2441,"2441","",0,6970,592
1,593,target,592,1616,6970,"6970","",0,279,593
1,594,target,593,1617,279,"279","",0,328,594
1,595,target,594,1618,328,"328","",0,18,595
1,596,target,595,1619,18,"18","",0,20,596
1,597,target,596,1620,20,"20","",0,33,597
1,598,target,597,1621,33,"33","",0,1,598
1,599,target,598,1622,1,"1","",0,18675,599
1,600,target,599,1623,18675,"18675","",0,310,600
1,601,target,600,1624,310,"310","",0,4393,601
1,602,target,601,1625,4393,"4393","",0,4868,602
1,603,target,602,1626,4868,"4868","",0,30,603
1,604,target,603,1627,30,"30","",0,2233,604
1,605,target,604,1628,2233,"2233","",0,11,605
1,606,target,605,1629,11,"11","",0,5802,606
1,607,target,606,1630,5802,"5802","",0,328,607
1,608,target,607,1631,328,"328","",0,18,608
1,609,target,608,1632,18,"18","",0,20,609
1,610,target,609,1633,20,"20","",0,33,610
1,611,target,610,1634,33,"33","",0,1558,611
1,612,target,611,1635,1558,"1558","",0,1,612
1,613,target,612,1636,1,"1","",0,3254,613
1,614,target,613,1637,3254,"3254","",0,2702,614
1,615,target,614,1638,2702,"2702","",0,13,615
1,616,target,615,1639,13,"13","",0,2441,616
1,617,target,616,1640,2441,"2441","",0,6970,617
1,618,target,617,1641,6970,"6970","",0,279,618
1,619,target,618,1642,279,"279","",0,11312,619
1,620,target,619,1643,11312,"11312","",0,513,620
1,621,target,620,1644,513,"513","",0,8882,621
1,622,target,621,1645,8882,"8882","",0,30,622
1,623,target,622,1646,30,"30","",0,4188,623
1,624,target,623,1647,4188,"4188","",0,5861,624
1,625,target,624,1648,5861,"5861","",0,36,625
1,626,target,625,1649,36,"36","",0,14018,626
1,627,target,626,1650,14018,"14018","",0,599,627
1,628,target,627,1651,599,"599","",0,8882,628
1,629,target,628,1652,8882,"8882","",0,11312,629
1,630,target,629,1653,11312,"11312","",0,13,630
1,631,target,630,1654,13,"13","",0,2441,631
1,632,target,631,1655,2441,"2441","",0,6970,632
1,633,target,632,1656,6970,"6970","",0,279,633
1,634,target,633,1657,279,"279","",0,6297,634
1,635,target,634,1658,6297,"6297","",0,9687,635
1,636,target,635,1659,9687,"9687","",0,348,636
1,637,target,636,1660,348,"348","",0,17710,637
1,638,target,637,1661,17710,"17710","",0,9,638
1,639,target,638,1662,9,"9","",0,314,639
1,640,target,639,1663,314,"314","",0,11312,640
1,641,target,640,1664,11312,"11312","",0,30,641
1,642,target,641,1665,30,"30","",0,198,642
1,643,target,642,1666,198,"198","",0,262,643
1,644,target,643,1667,262,"262","",0,348,644
1,645,target,644,1668,348,"348","",0,256,645
1,646,target,645,1669,256,"256","",0,348,646
1,647,target,646,1670,348,"348","",0,5439,647
1,648,target,647,1671,5439,"5439","",0,58532,648
1,649,target,648,1672,58532,"58532","",0,364,649
1,650,target,649,1673,364,"364","",0,17775,650
1,651,target,650,1674,17775,"17775","",0,51595,651
1,652,target,651,1675,51595,"51595","",0,353,652
1,653,target,652,1676,353,"353","",0,1902,653
1,654,target,653,1677,1902,"1902","",0,2534,654
1,655,target,654,1678,2534,"2534","",0,411,655
1,656,target,655,1679,411,"411","",0,1331,656
1,657,target,656,1680,1331,"1331","",0,34131,657
1,658,target,657,1681,34131,"34131","",0,13,658
1,659,target,658,1682,13,"13","",0,561,659
1,660,target,659,1683,561,"561","",0,1379,660
1,661,target,660,1684,1379,"1379","",0,24679,661
1,662,target,661,1685,24679,"24679","",0,14611,662
1,663,target,662,1686,14611,"14611","",0,364,663
1,664,target,663,1687,364,"364","",0,264,664
1,665,target,664,1688,264,"264","",0,220,665
1,666,target,665,1689,220,"220","",0,18,666
1,667,target,666,1690,18,"18","",0,20,667
1,668,target,667,1691,20,"20","",0,33,668
1,669,target,668,1692,33,"33","",0,5861,669
1,670,target,669,1693,5861,"5861","",0,36,670
1,671,target,670,1694,36,"36","",0,383,671
1,672,target,671,1695,383,"383","",0,6607,672
1,673,target,672,1696,6607,"6607","",0,440,673
1,674,target,673,1697,440,"440","",0,220,674
1,675,target,674,1698,220,"220","",0,21,675
1,676,target,675,1699,21,"21","",0,5213,676
1,677,target,676,1700,5213,"5213","",0,6297,677
1,678,target,677,1701,6297,"6297","",0,369,678
1,679,target,678,1702,369,"369","",0,2892,679
1,680,target,679,1703,2892,"2892","",0,25,680
1,681,target,680,1704,25,"25","",0,198,681
1,682,target,681,1705,198,"198","",0,285,682
1,683,target,682,1706,285,"285","",0,348,683
1,684,target,683,1707,348,"348","",0,256,684
1,685,target,684,1708,256,"256","",0,30407,685
1,686,target,685,1709,30407,"30407","",0,1452,686
1,687,target,686,1710,1452,"1452","",0,11312,687
1,688,target,687,1711,11312,"11312","",0,318,688
1,689,target,688,1712,318,"318","",0,3118,689
1,690,target,689,1713,3118,"3118","",0,19,690
1,691,target,690,1714,19,"19","",0,14,691
1,692,target,691,1715,14,"14","",0,3118,692
1,693,target,692,1716,3118,"3118","",0,23,693
1,694,target,693,1717,23,"23","",0,553,694
1,695,target,694,1718,553,"553","",0,198,695
1,696,target,695,1719,198,"198","",0,285,696
1,697,target,696,1720,285,"285","",0,348,697
1,698,target,697,1721,348,"348","",0,256,698
1,699,target,698,1722,256,"256","",0,49051,699
1,700,target,699,1723,49051,"49051","",0,513,700
1,701,target,700,1724,513,"513","",0,8882,701
1,702,target,701,1725,8882,"8882","",0,1056,702
1,703,target,702,1726,1056,"1056","",0,220,703
1,704,target,703,1727,220,"220","",0,18,704
1,705,target,704,1728,18,"18","",0,20,705
1,706,target,705,1729,20,"20","",0,33,706
1,707,target,706,1730,33,"33","",0,14,707
1,708,target,707,1731,14,"14","",0,23,708
1,709,target,708,1732,23,"23","",0,318,709
1,710,target,709,1733,318,"318","",0,68,710
1,711,target,710,1734,68,"68","",0,1257,711
1,712,target,711,1735,1257,"1257","",0,2487,712
1,713,target,712,1736,2487,"2487","",0,220,713
1,714,target,713,1737,220,"220","",0,18,714
1,715,target,714,1738,18,"18","",0,20,715
1,716,target,715,1739,20,"20","",0,33,716
1,717,target,716,1740,33,"33","",0,369,717
1,718,target,717,1741,369,"369","",0,2702,718
1,719,target,718,1742,2702,"2702","",0,11,719
1,720,target,719,1743,11,"11","",0,694,720
1,721,target,720,1744,694,"694","",0,11312,721
1,722,target,721,1745,11312,"11312","",0,513,722
1,723,target,722,1746,513,"513","",0,8882,723
1,724,target,723,1747,8882,"8882","",0,4016,724
1,725,target,724,1748,4016,"4016","",0,310,725
1,726,target,725,1749,310,"310","",0,5904,726
1,727,target,726,1750,5904,"5904","",0,13224,727
1,728,target,727,1751,13224,"13224","",0,553,728
1,729,target,728,1752,553,"553","",0,198,729
1,730,target,729,1753,198,"198","",0,285,730
1,731,target,730,1754,285,"285","",0,348,731
1,732,target,731,1755,348,"348","",0,256,732
1,733,target,732,1756,256,"256","",0,561,733
1,734,target,733,1757,561,"561","",0,6297,734
1,735,target,734,1758,6297,"6297","",0,9687,735
1,736,target,735,1759,9687,"9687","",0,264,736
1,737,target,736,1760,264,"264","",0,25162,737
1,738,target,737,1761,25162,"25162","",0,314,738
1,739,target,738,1762,314,"314","",0,11312,739
1,740,target,739,1763,11312,"11312","",0,11,740
1,741,target,740,1764,11,"11","",0,321,741
1,742,target,741,1765,321,"321","",0,974,742
1,743,target,742,1766,974,"974","",0,10313,743
1,744,target,743,1767,10313,"10313","",0,369,744
1,745,target,744,1768,369,"369","",0,22324,745
1,746,target,745,1769,22324,"22324","",0,13,746
1,747,target,746,1770,13,"13","",0,198,747
1,748,target,747,1771,198,"198","",0,285,748
1,749,target,748,1772,285,"285","",0,348,749
1,750,target,749,1773,348,"348","",0,256,750
1,751,target,750,1774,256,"256","",0,348,751
1,752,target,751,1775,348,"348","",0,41998,752
1,753,target,752,1776,41998,"41998","",0,51595,753
1,754,target,753,1777,51595,"51595","",0,561,754
1,755,target,754,1778,561,"561","",0,1785,755
1,756,target,755,1779,1785,"1785","",0,369,756
1,757,target,756,1780,369,"369","",0,16421,757
1,758,target,757,1781,16421,"16421","",0,51948,758
1,759,target,758,1782,51948,"51948","",0,13,759
1,760,target,759,1783,13,"13","",0,561,760
1,761,target,760,1784,561,"561","",0,6297,761
1,762,target,761,1785,6297,"6297","",0,4222,762
1,763,target,762,1786,4222,"4222","",0,9687,763
1,764,target,763,1787,9687,"9687","",0,220,764
1,765,target,764,1788,220,"220","",0,16,765
1,766,target,765,1789,16,"16","",0,12,766
1,767,target,766,1790,12,"12","",0,17,767
1,768,target,767,1791,17,"17","",0,11312,768
1,769,target,768,1792,11312,"11312","",0,1866,769
1,770,target,769,1793,1866,"1866","",0,318,770
1,771,target,770,1794,318,"318","",0,331,771
1,772,target,771,1795,331,"331","",0,9966,772
1,773,target,772,1796,9966,"9966","",0,1452,773
1,774,target,773,1797,1452,"1452","",0,8,774
1,775,target,774,1798,8,"8","",0,466,775
1,776,target,775,1799,466,"466","",0,7225,776
1,777,target,776,1800,7225,"7225","",0,61569,777
1,778,target,777,1801,61569,"61569","",0,13,778
1,779,target,778,1802,13,"13","",0,1061,779
1,780,target,779,1803,1061,"1061","",0,3520,780
1,781,target,780,1804,3520,"3520","",0,974,781
1,782,target,781,1805,974,"974","",0,10313,782
1,783,target,782,1806,10313,"10313","",0,321,783
1,784,target,783,1807,321,"321","",0,87363,784
1,785,target,784,1808,87363,"87363","",0,286,785
1,786,target,785,1809,286,"286","",0,8751,786
1,787,target,786,1810,8751,"8751","",0,13,787
1,788,target,787,1811,13,"13","",0,271,788
1,789,target,788,1812,271,"271","",0,18,789
1,790,target,789,1813,18,"18","",0,13,790
1,791,target,790,1814,13,"13","",0,220,791
1,792,target,791,1815,220,"220","",0,2972,792
1,793,target,792,1816,2972,"2972","",0,62879,793
1,794,target,793,1817,62879,"62879","",0,25568,794
1,795,target,794,1818,25568,"25568","",0,286,795
1,796,target,795,1819,286,"286","",0,57042,796
1,797,target,796,1820,57042,"57042","",0,3018,797
1,798,target,797,1821,3018,"3018","",0,383,798
1,799,target,798,1822,383,"383","",0,14486,799
1,800,target,799,1823,14486,"14486","",0,8061,800
1,801,target,800,1824,8061,"8061","",0,17328,801
1,802,target,801,1825,17328,"17328","",0,27662,802
1,803,target,802,1826,27662,"27662","",0,64700,803
1,804,target,803,1827,64700,"64700","",0,198,804
1,805,target,804,1828,198,"198","",0,262,805
1,806,target,805,1829,262,"262","",0,348,806
1,807,target,806,1830,348,"348","",0,256,807
1,808,target,807,1831,256,"256","",0,348,808
1,809,target,808,1832,348,"348","",0,33,809
1,810,target,809,1833,33,"33","",0,1656,810
1,811,target,810,1834,1656,"1656","",0,33059,811
1,812,target,811,1835,33059,"33059","",0,14134,812
1,813,target,812,1836,14134,"14134","",0,51595,813
1,814,target,813,1837,51595,"51595","",0,13453,814
1,815,target,814,1838,13453,"13453","",0,32288,815
1,816,target,815,1839,32288,"32288","",0,11,816
1,817,target,816,1840,11,"11","",0,12204,817
1,818,target,817,1841,12204,"12204","",0,47785,818
1,819,target,818,1842,47785,"47785","",0,11,819
1,820,target,819,1843,11,"11","",0,353,820
1,821,target,820,1844,353,"353","",0,17011,821
1,822,target,821,1845,17011,"17011","",0,37972,822
1,823,target,822,1846,37972,"37972","",0,318,823
1,824,target,823,1847,318,"318","",0,51901,824
1,825,target,824,1848,51901,"51901","",0,68,825
1,826,target,825,1849,68,"68","",0,19674,826
1,827,target,826,1850,19674,"19674","",0,53,827
1,828,target,827,1851,53,"53","",0,7575,828
1,829,target,828,1852,7575,"7575","",0,681,829
1,830,target,829,1853,681,"681","",0,6297,830
1,831,target,830,1854,6297,"6297","",0,8541,831
1,832,target,831,1855,8541,"8541","",0,18476,832
1,833,target,832,1856,18476,"18476","",0,11,833
1,834,target,833,1857,11,"11","",0,2706,834
1,835,target,834,1858,2706,"2706","",0,64963,835
1,836,target,835,1859,64963,"64963","",0,318,836
1,837,target,836,1860,318,"318","",0,71376,837
1,838,target,837,1861,71376,"71376","",0,39204,838
1,839,target,838,1862,39204,"39204","",0,553,839
1,840,target,839,1863,553,"553","",0,198,840
1,841,target,840,1864,198,"198","",0,262,841
1,842,target,841,1865,262,"262","",0,348,842
1,843,target,842,1866,348,"348","",0,256,843
1,844,target,843,1867,256,"256","",0,348,844
1,845,target,844,1868,348,"348","",0,6563,845
1,846,target,845,1869,6563,"6563","",0,31600,846
1,847,target,846,1870,31600,"31600","",0,51595,847
1,848,target,847,1871,51595,"51595","",0,198,848
1,849,target,848,1872,198,"198","",0,285,849
1,850,target,849,1873,285,"285","",0,348,850
1,851,target,850,1874,348,"348","",0,256,851
1,852,target,851,1875,256,"256","",0,348,852
1,853,target,852,1876,348,"348","",0,6375,853
1,854,target,853,1877,6375,"6375","",0,2195,854
1,855,target,854,1878,2195,"2195","",0,1062,855
1,856,target,855,1879,1062,"1062","",0,473,856
1,857,target,856,1880,473,"473","",0,51595,857
1,858,target,857,1881,51595,"51595","",0,4962,858
1,859,target,858,1882,4962,"4962","",0,12204,859
1,860,target,859,1883,12204,"12204","",0,11,860
1,861,target,860,1884,11,"11","",0,1496,861
1,862,target,861,1885,1496,"1496","",0,4779,862
1,863,target,862,1886,4779,"4779","",0,32288,863
1,864,target,863,1887,32288,"32288","",0,364,864
1,865,target,864,1888,364,"364","",0,5122,865
1,866,target,865,1889,5122,"5122","",0,2193,866
1,867,target,866,1890,2193,"2193","",0,11,867
1,868,target,867,1891,11,"11","",0,694,868
1,869,target,868,1892,694,"694","",0,6009,869
1,870,target,869,1893,6009,"6009","",0,2528,870
1,871,target,870,1894,2528,"2528","",0,2493,871
1,872,target,871,1895,2493,"2493","",0,381,872
1,873,target,872,1896,381,"381","",0,49282,873
1,874,target,873,1897,49282,"49282","",0,466,874
1,875,target,874,1898,466,"466","",0,5215,875
1,876,target,875,1899,5215,"5215","",0,290,876
1,877,target,876,1900,290,"290","",0,13,877
1,878,target,877,1901,13,"13","",0,35032,878
1,879,target,878,1902,35032,"35032","",0,57018,879
1,880,target,879,1903,57018,"57018","",0,25,880
1,881,target,880,1904,25,"25","",0,21902,881
1,882,target,881,1905,21902,"21902","",0,5972,882
1,883,target,882,1906,5972,"5972","",0,13,883
1,884,target,883,1907,13,"13","",0,13453,884
1,885,target,884,1908,13453,"13453","",0,13,885
1,886,target,885,1909,13,"13","",0,198,886
1,887,target,886,1910,198,"198","",0,285,887
1,888,target,887,1911,285,"285","",0,348,888
1,889,target,888,1912,348,"348","",0,256,889
1,890,target,889,1913,256,"256","",0,348,890
1,891,target,890,1914,348,"348","",0,6375,891
1,892,target,891,1915,6375,"6375","",0,41412,892
1,893,target,892,1916,41412,"41412","",0,51595,893
1,894,target,893,1917,51595,"51595","",0,9372,894
1,895,target,894,1918,9372,"9372","",0,13909,895
1,896,target,895,1919,13909,"13909","",0,33686,896
1,897,target,896,1920,33686,"33686","",0,13,897
1,898,target,897,1921,13,"13","",0,9632,898
1,899,target,898,1922,9632,"9632","",0,2179,899
1,900,target,899,1923,2179,"2179","",0,369,900
1,901,target,900,1924,369,"369","",0,1328,901
1,902,target,901,1925,1328,"1328","",0,13,902
1,903,target,902,1926,13,"13","",0,31098,903
1,904,target,903,1927,31098,"31098","",0,2528,904
1,905,target,904,1928,2528,"2528","",0,369,905
1,906,target,905,1929,369,"369","",0,4055,906
1,907,target,906,1930,4055,"4055","",0,3018,907
1,908,target,907,1931,3018,"3018","",0,383,908
1,909,target,908,1932,383,"383","",0,70901,909
1,910,target,909,1933,70901,"70901","",0,13,910
1,911,target,910,1934,13,"13","",0,35032,911
1,912,target,911,1935,35032,"35032","",0,57018,912
1,913,target,912,1936,57018,"57018","",0,25,913
1,914,target,913,1937,25,"25","",0,353,914
1,915,target,914,1938,353,"353","",0,17011,915
1,916,target,915,1939,17011,"17011","",0,37972,916
1,917,target,916,1940,37972,"37972","",0,11,917
1,918,target,917,1941,11,"11","",0,6297,918
1,919,target,918,1942,6297,"6297","",0,40889,919
1,920,target,919,1943,40889,"40889","",0,11,920
1,921,target,920,1944,11,"11","",0,63520,921
1,922,target,921,1945,63520,"63520","",0,45543,922
1,923,target,922,1946,45543,"45543","",0,29997,923
1,924,target,923,1947,29997,"29997","",0,13,924
1,925,target,924,1948,13,"13","",0,198,925
1,926,target,925,1949,198,"198","",0,262,926
1,927,target,926,1950,262,"262","",0,348,927
1,928,target,927,1951,348,"348","",0,256,928
1,929,target,928,1952,256,"256","",0,348,929
1,930,target,929,1953,348,"348","",0,27339,930
1,931,target,930,1954,27339,"27339","",0,8045,931
1,932,target,931,1955,8045,"8045","",0,51595,932
1,933,target,932,1956,51595,"51595","",0,198,933
1,934,target,933,1957,198,"198","",0,285,934
1,935,target,934,1958,285,"285","",0,348,935
1,936,target,935,1959,348,"348","",0,256,936
1,937,target,936,1960,256,"256","",0,348,937
1,938,target,937,1961,348,"348","",0,4447,938
1,939,target,938,1962,4447,"4447","",0,10313,939
1,940,target,939,1963,10313,"10313","",0,51595,940
1,941,target,940,1964,51595,"51595","",0,36381,941
1,942,target,941,1965,36381,"36381","",0,11312,942
1,943,target,942,1966,11312,"11312","",0,310,943
1,944,target,943,1967,310,"310","",0,13540,944
1,945,target,944,1968,13540,"13540","",0,19674,945
1,946,target,945,1969,19674,"19674","",0,53,946
1,947,target,946,1970,53,"53","",0,7575,947
1,948,target,947,1971,7575,"7575","",0,13,948
1,949,target,948,1972,13,"13","",0,4962,949
1,950,target,949,1973,4962,"4962","",0,37972,950
1,951,target,950,1974,37972,"37972","",0,13,951
1,952,target,951,1975,13,"13","",0,7441,952
1,953,target,952,1976,7441,"7441","",0,364,953
1,954,target,953,1977,364,"364","",0,8981,954
1,955,target,954,1978,8981,"8981","",0,11312,955
1,956,target,955,1979,11312,"11312","",0,13,956
1,957,target,956,1980,13,"13","",0,198,957
1,958,target,957,1981,198,"198","",0,285,958
1,959,target,958,1982,285,"285","",0,348,959
1,960,target,959,1983,348,"348","",0,256,960
1,961,target,960,1984,256,"256","",0,348,961
1,962,target,961,1985,348,"348","",0,28999,962
1,963,target,962,1986,28999,"28999","",0,2900,963
1,964,target,963,1987,2900,"2900","",0,286,964
1,965,target,964,1988,286,"286","",0,51595,965
1,966,target,965,1989,51595,"51595","",0,31625,966
1,967,target,966,1990,31625,"31625","",0,286,967
1,968,target,967,1991,286,"286","",0,1727,968
1,969,target,968,1992,1727,"1727","",0,11312,969
1,970,target,969,1993,11312,"11312","",0,13,970
1,971,target,970,1994,13,"13","",0,10906,971
1,972,target,971,1995,10906,"10906","",0,303,972
1,973,target,972,1996,303,"303","",0,5861,973
1,974,target,973,1997,5861,"5861","",0,36,974
1,975,target,974,1998,36,"36","",0,4016,975
1,976,target,975,1999,4016,"4016","",0,310,976
1,977,target,976,2000,310,"310","",0,8476,977
1,978,target,977,2001,8476,"8476","",0,70901,978
1,979,target,978,2002,70901,"70901","",0,13,979
1,980,target,979,2003,13,"13","",0,198,980
1,981,target,980,2004,198,"198","",0,285,981
1,982,target,981,2005,285,"285","",0,348,982
1,983,target,982,2006,348,"348","",0,256,983
1,984,target,983,2007,256,"256","",0,348,984
1,985,target,984,2008,348,"348","",0,7976,985
1,986,target,985,2009,7976,"7976","",0,44671,986
1,987,target,986,2010,44671,"44671","",0,51595,987
1,988,target,987,2011,51595,"51595","",0,436,988
1,989,target,988,2012,436,"436","",0,34810,989
1,990,target,989,2013,34810,"34810","",0,11,990
1,991,target,990,2014,11,"11","",0,55223,991
1,992,target,991,2015,55223,"55223","",0,52,992
1,993,target,992,2016,52,"52","",0,11,993
1,994,target,993,2017,11,"11","",0,466,994
1,995,target,994,2018,466,"466","",0,6618,995
1,996,target,995,2019,6618,"6618","",0,5792,996
1,997,target,996,2020,5792,"5792","",0,13,997
1,998,target,997,2021,13,"13","",0,33513,998
1,999,target,998,2022,33513,"33513","",0,440,999
1,1000,target,999,2023,440,"440","",0,220,1000
1,1001,target,1000,2024,220,"220","",0,21,1001
1,1002,target,1001,2025,21,"21","",0,5213,1002
1,1003,target,1002,2026,5213,"5213","",0,13,1003
1,1004,target,1003,2027,13,"13","",0,198,1004
1,1005,target,1004,2028,198,"198","",0,285,1005
1,1006,target,1005,2029,285,"285","",0,348,1006
1,1007,target,1006,2030,348,"348","",0,256,1007
1,1008,target,1007,2031,256,"256","",0,348,1008
1,1009,target,1008,2032,348,"348","",0,44,1009
1,1010,target,1009,2033,44,"44","",0,4100,1010
1,1011,target,1010,2034,4100,"4100","",0,10636,1011
1,1012,target,1011,2035,10636,"10636","",0,21473,1012
1,1013,target,1012,2036,21473,"21473","",0,3588,1013
1,1014,target,1013,2037,3588,"3588","",0,3574,1014
1,1015,target,1014,2038,3574,"3574","",0,51595,1015
1,1016,target,1015,2039,51595,"51595","",0,27632,1016
1,1017,target,1016,2040,27632,"27632","",0,1558,1017
1,1018,target,1017,2041,1558,"1558","",0,318,1018
1,1019,target,1018,2042,318,"318","",0,8732,1019
1,1020,target,1019,2043,8732,"8732","",0,261,1020
1,1021,target,1020,2044,261,"261","",0,5861,1021
1,1022,target,1021,2045,5861,"5861","",0,36,1022
1,1023,target,1022,2046,36,"36","",0,466,1023
1,1024,target,1023,2047,466,"466","",0,27044,1024
2,1,target,0,1024,3309,"3309","",0,42903,1
2,2,target,1,1025,42903,"42903","",0,1785,2
2,3,target,2,1026,1785,"1785","",0,364,3
2,4,target,3,1027,364,"364","",0,264,4
2,5,target,4,1028,264,"264","",0,220,5
2,6,target,5,1029,220,"220","",0,18,6
2,7,target,6,1030,18,"18","",0,20,7
2,8,target,7,1031,20,"20","",0,33,8
2,9,target,8,1032,33,"33","",0,20340,9
2,10,target,9,1033,20340,"20340","",0,8404,10
2,11,target,10,1034,8404,"8404","",0,17830,11
2,12,target,11,1035,17830,"17830","",0,15089,12
2,13,target,12,1036,15089,"15089","",0,3992,13
2,14,target,13,1037,3992,"3992","",0,1558,14
2,15,target,14,1038,1558,"1558","",0,4162,15
2,16,target,15,1039,4162,"4162","",0,440,16
2,17,target,16,1040,440,"440","",0,264,17
2,18,target,17,1041,264,"264","",0,220,18
2,19,target,18,1042,220,"220","",0,21,19
2,20,target,19,1043,21,"21","",0,5213,20
2,21,target,20,1044,5213,"5213","",0,21966,21
2,22,target,21,1045,21966,"21966","",0,6009,22
2,23,target,22,1046,6009,"6009","",0,6297,23
2,24,target,23,1047,6297,"6297","",0,13,24
2,25,target,24,1048,13,"13","",0,561,25
2,26,target,25,1049,561,"561","",0,1622,26
2,27,target,26,1050,1622,"1622","",0,369,27
2,28,target,27,1051,369,"369","",0,264,28
2,29,target,28,1052,264,"264","",0,5757,29
2,30,target,29,1053,5757,"5757","",0,3302,30
2,31,target,30,1054,3302,"3302","",0,5392,31
2,32,target,31,1055,5392,"5392","",0,13,32
2,33,target,32,1056,13,"13","",0,271,33
2,34,target,33,1057,271,"271","",0,248068,34
2,35,target,34,1058,248068,"248068","",0,198,35
2,36,target,35,1059,198,"198","",0,8160,36
2,37,target,36,1060,8160,"8160","",0,579,37
2,38,target,37,1061,579,"579","",0,264,38
2,39,target,38,1062,264,"264","",0,7047,39
2,40,target,39,1063,7047,"7047","",0,7047,40
2,41,target,40,1064,7047,"7047","",0,8240,41
2,42,target,41,1065,8240,"8240","",0,271,42
2,43,target,42,1066,271,"271","",0,16,43
2,44,target,43,1067,16,"16","",0,13,44
2,45,target,44,1068,13,"13","",0,220,45
2,46,target,45,1069,220,"220","",0,2972,46
2,47,target,46,1070,2972,"2972","",0,1847,47
2,48,target,47,1071,1847,"1847","",0,7355,48
2,49,target,48,1072,7355,"7355","",0,321,49
2,50,target,49,1073,321,"321","",0,36189,50
2,51,target,50,1074,36189,"36189","",0,2891,51
2,52,target,51,1075,2891,"2891","",0,279,52
2,53,target,52,1076,279,"279","",0,5952,53
2,54,target,53,1077,5952,"5952","",0,64700,54
2,55,target,54,1078,64700,"64700","",0,198,55
2,56,target,55,1079,198,"198","",0,262,56
2,57,target,56,1080,262,"262","",0,348,57
2,58,target,57,1081,348,"348","",0,256,58
2,59,target,58,1082,256,"256","",0,348,59
2,60,target,59,1083,348,"348","",0,25562,60
2,61,target,60,1084,25562,"25562","",0,51595,61
2,62,target,61,1085,51595,"51595","",0,10041,62
2,63,target,62,1086,10041,"10041","",0,3309,63
2,64,target,63,1087,3309,"3309","",0,2133,64
2,65,target,64,1088,2133,"2133","",0,1785,65
2,66,target,65,1089,1785,"1785","",0,364,66
2,67,target,66,1090,364,"364","",0,264,67
2,68,target,67,1091,264,"264","",0,220,68
2,69,target,68,1092,220,"220","",0,18,69
2,70,target,69,1093,18,"18","",0,20,70
2,71,target,70,1094,20,"20","",0,33,71
2,72,target,71,1095,33,"33","",0,380,72
2,73,target,72,1096,380,"380","",0,12370,73
2,74,target,73,1097,12370,"12370","",0,8404,74
2,75,target,74,1098,8404,"8404","",0,12,75
2,76,target,75,1099,12,"12","",0,83167,76
2,77,target,76,1100,83167,"83167","",0,318,77
2,78,target,77,1101,318,"318","",0,24797,78
2,79,target,78,1102,24797,"24797","",0,36,79
2,80,target,79,1103,36,"36","",0,8,80
2,81,target,80,1104,8,"8","",0,3992,81
2,82,target,81,1105,3992,"3992","",0,1558,82
2,83,target,82,1106,1558,"1558","",0,13,83
2,84,target,83,1107,13,"13","",0,198,84
2,85,target,84,1108,198,"198","",0,262,85
2,86,target,85,1109,262,"262","",0,348,86
2,87,target,86,1110,348,"348","",0,256,87
2,88,target,87,1111,256,"256","",0,348,88
2,89,target,88,1112,348,"348","",0,17355,89
2,90,target,89,1113,17355,"17355","",0,51595,90
2,91,target,90,1114,51595,"51595","",0,220,91
2,92,target,91,1115,220,"220","",0,21,92
2,93,target,92,1116,21,"21","",0,5213,93
2,94,target,93,1117,5213,"5213","",0,21966,94
2,95,target,94,1118,21966,"21966","",0,6009,95
2,96,target,95,1119,6009,"6009","",0,6297,96
2,97,target,96,1120,6297,"6297","",0,13,97
2,98,target,97,1121,13,"13","",0,198,98
2,99,target,98,1122,198,"198","",0,262,99
2,100,target,99,1123,262,"262","",0,348,100
2,101,target,100,1124,348,"348","",0,256,101
2,102,target,101,1125,256,"256","",0,348,102
2,103,target,102,1126,348,"348","",0,32376,103
2,104,target,103,1127,32376,"32376","",0,51595,104
2,105,target,104,1128,51595,"51595","",0,31098,105
2,106,target,105,1129,31098,"31098","",0,974,106
2,107,target,106,1130,974,"974","",0,10313,107
2,108,target,107,1131,10313,"10313","",0,11,108
2,109,target,108,1132,11,"11","",0,87363,109
2,110,target,109,1133,87363,"87363","",0,286,110
2,111,target,110,1134,286,"286","",0,11,111
2,112,target,111,1135,11,"11","",0,6297,112
2,113,target,112,1136,6297,"6297","",0,13329,113
2,114,target,113,1137,13329,"13329","",0,11,114
2,115,target,114,1138,11,"11","",0,380,115
2,116,target,115,1139,380,"380","",0,4100,116
2,117,target,116,1140,4100,"4100","",0,318,117
2,118,target,117,1141,318,"318","",0,19739,118
2,119,target,118,1142,19739,"19739","",0,85958,119
2,120,target,119,1143,85958,"85958","",0,59780,120
2,121,target,120,1144,59780,"59780","",0,8,121
2,122,target,121,1145,8,"8","",0,63520,122
2,123,target,122,1146,63520,"63520","",0,45543,123
2,124,target,123,1147,45543,"45543","",0,13,124
2,125,target,124,1148,13,"13","",0,198,125
2,126,target,125,1149,198,"198","",0,262,126
2,127,target,126,1150,262,"262","",0,348,127
2,128,target,127,1151,348,"348","",0,256,128
2,129,target,128,1152,256,"256","",0,348,129
2,130,target,129,1153,348,"348","",0,6563,130
2,131,target,130,1154,6563,"6563","",0,31600,131
2,132,target,131,1155,31600,"31600","",0,51595,132
2,133,target,132,1156,51595,"51595","",0,5546,133
2,134,target,133,1157,5546,"5546","",0,2195,134
2,135,target,134,1158,2195,"2195","",0,1062,135
2,136,target,135,1159,1062,"1062","",0,473,136
2,137,target,136,1160,473,"473","",0,321,137
2,138,target,137,1161,321,"321","",0,1248,138
2,139,target,138,1162,1248,"1248","",0,41412,139
2,140,target,139,1163,41412,"41412","",0,13,140
2,141,target,140,1164,13,"13","",0,198,141
2,142,target,141,1165,198,"198","",0,262,142
2,143,target,142,1166,262,"262","",0,348,143
2,144,target,143,1167,348,"348","",0,256,144
2,145,target,144,1168,256,"256","",0,348,145
2,146,target,145,1169,348,"348","",0,7907,146
2,147,target,146,1170,7907,"7907","",0,57042,147
2,148,target,147,1171,57042,"57042","",0,51595,148
2,149,target,148,1172,51595,"51595","",0,35032,149
2,150,target,149,1173,35032,"35032","",0,33059,150
2,151,target,150,1174,33059,"33059","",0,14134,151
2,152,target,151,1175,14134,"14134","",0,11,152
2,153,target,152,1176,11,"11","",0,18100,153
2,154,target,153,1177,18100,"18100","",0,35822,154
2,155,target,154,1178,35822,"35822","",0,11,155
2,156,target,155,1179,11,"11","",0,7652,156
2,157,target,156,1180,7652,"7652","",0,4886,157
2,158,target,157,1181,4886,"4886","",0,11,158
2,159,target,158,1182,11,"11","",0,650,159
2,160,target,159,1183,650,"650","",0,2227,160
2,161,target,160,1184,2227,"2227","",0,7574,161
2,162,target,161,1185,7574,"7574","",0,11,162
2,163,target,162,1186,11,"11","",0,13769,163
2,164,target,163,1187,13769,"13769","",0,24460,164
2,165,target,164,1188,24460,"24460","",0,7123,165
2,166,target,165,1189,7123,"7123","",0,13,166
2,167,target,166,1190,13,"13","",0,198,167
2,168,target,167,1191,198,"198","",0,262,168
2,169,target,168,1192,262,"262","",0,348,169
2,170,target,169,1193,348,"348","",0,256,170
2,171,target,170,1194,256,"256","",0,348,171
2,172,target,171,1195,348,"348","",0,1905,172
2,173,target,172,1196,1905,"1905","",0,51595,173
2,174,target,173,1197,51595,"51595","",0,14486,174
2,175,target,174,1198,14486,"14486","",0,3302,175
2,176,target,175,1199,3302,"3302","",0,5392,176
2,177,target,176,1200,5392,"5392","",0,13,177
2,178,target,177,1201,13,"13","",0,198,178
2,179,target,178,1202,198,"198","",0,262,179
2,180,target,179,1203,262,"262","",0,348,180
2,181,target,180,1204,348,"348","",0,256,181
2,182,target,181,1205,256,"256","",0,348,182
2,183,target,182,1206,348,"348","",0,674,183
2,184,target,183,1207,674,"674","",0,53897,184
2,185,target,184,1208,53897,"53897","",0,51595,185
2,186,target,185,1209,51595,"51595","",0,561,186
2,187,target,186,1210,561,"561","",0,1156,187
2,188,target,187,1211,1156,"1156","",0,11173,188
2,189,target,188,1212,11173,"11173","",0,279,189
2,190,target,189,1213,279,"279","",0,9640,190
2,191,target,190,1214,9640,"9640","",0,1599,191
2,192,target,191,1215,1599,"1599","",0,2942,192
2,193,target,192,1216,2942,"2942","",0,13,193
2,194,target,193,1217,13,"13","",0,353,194
2,195,target,194,1218,353,"353","",0,1144,195
2,196,target,195,1219,1144,"1144","",0,310,196
2,197,target,196,1220,310,"310","",0,9738,197
2,198,target,197,1221,9738,"9738","",0,279,198
2,199,target,198,1222,279,"279","",0,51623,199
2,200,target,199,1223,51623,"51623","",0,321,200
2,201,target,200,1224,321,"321","",0,5077,201
2,202,target,201,1225,5077,"5077","",0,383,202
2,203,target,202,1226,383,"383","",0,279,203
2,204,target,203,1227,279,"279","",0,6007,204
2,205,target,204,1228,6007,"6007","",0,1622,205
2,206,target,205,1229,1622,"1622","",0,13,206
2,207,target,206,1230,13,"13","",0,271,207
2,208,target,207,1231,271,"271","",0,17,208
2,209,target,208,1232,17,"17","",0,13,209
2,210,target,209,1233,13,"13","",0,220,210
2,211,target,210,1234,220,"220","",0,2972,211
2,212,target,211,1235,2972,"2972","",0,6140,212
2,213,target,212,1236,6140,"6140","",0,35059,213
2,214,target,213,1237,35059,"35059","",0,321,214
2,215,target,214,1238,321,"321","",0,73640,215
2,216,target,215,1239,73640,"73640","",0,64700,216
2,217,target,216,1240,64700,"64700","",0,198,217
2,218,target,217,1241,198,"198","",0,262,218
2,219,target,218,1242,262,"262","",0,348,219
2,220,target,219,1243,348,"348","",0,256,220
2,221,target,220,1244,256,"256","",0,348,221
2,222,target,221,1245,348,"348","",0,1652,222
2,223,target,222,1246,1652,"1652","",0,8218,223
2,224,target,223,1247,8218,"8218","",0,51595,224
2,225,target,224,1248,51595,"51595","",0,220,225
2,226,target,225,1249,220,"220","",0,18,226
2,227,target,226,1250,18,"18","",0,20,227
2,228,target,227,1251,20,"20","",0,33,228
2,229,target,228,1252,33,"33","",0,4868,229
2,230,target,229,1253,4868,"4868","",0,13,230
2,231,target,230,1254,13,"13","",0,5861,231
2,232,target,231,1255,5861,"5861","",0,36,232
2,233,target,232,1256,36,"36","",0,5802,233
2,234,target,233,1257,5802,"5802","",0,23197,234
2,235,target,234,1258,23197,"23197","",0,264,235
2,236,target,235,1259,264,"264","",0,2526,236
2,237,target,236,1260,2526,"2526","",0,1324,237
2,238,target,237,1261,1324,"1324","",0,314,238
2,239,target,238,1262,314,"314","",0,4393,239
2,240,target,239,1263,4393,"4393","",0,11312,240
2,241,target,240,1264,11312,"11312","",0,791,241
2,242,target,241,1265,791,"791","",0,3817,242
2,243,target,242,1266,3817,"3817","",0,13,243
2,244,target,243,1267,13,"13","",0,6558,244
2,245,target,244,1268,6558,"6558","",0,579,245
2,246,target,245,1269,579,"579","",0,9370,246
2,247,target,246,1270,9370,"9370","",0,264,247
2,248,target,247,1271,264,"264","",0,5129,248
2,249,target,248,1272,5129,"5129","",0,6343,249
2,250,target,249,1273,6343,"6343","",0,11,250
2,251,target,250,1274,11,"11","",0,378,251
2,252,target,251,1275,378,"378","",0,1257,252
2,253,target,252,1276,1257,"1257","",0,2487,253
2,254,target,253,1277,2487,"2487","",0,220,254
2,255,target,254,1278,220,"220","",0,23,255
2,256,target,255,1279,23,"23","",0,11312,256
2,257,target,256,1280,11312,"11312","",0,11,257
2,258,target,257,1281,11,"11","",0,220,258
2,259,target,258,1282,220,"220","",0,17,259
2,260,target,259,1283,17,"17","",0,4393,260
2,261,target,260,1284,4393,"4393","",0,791,261
2,262,target,261,1285,791,"791","",0,3817,262
2,263,target,262,1286,3817,"3817","",0,13,263
2,264,target,263,1287,13,"13","",0,10342,264
2,265,target,264,1288,10342,"10342","",0,4868,265
2,266,target,265,1289,4868,"4868","",0,283,266
2,267,target,266,1290,283,"283","",0,220,267
2,268,target,267,1291,220,"220","",0,18,268
2,269,target,268,1292,18,"18","",0,20,269
2,270,target,269,1293,20,"20","",0,33,270
2,271,target,270,1294,33,"33","",0,13,271
2,272,target,271,1295,13,"13","",0,1368,272
2,273,target,272,1296,1368,"1368","",0,11312,273
2,274,target,273,1297,11312,"11312","",0,513,274
2,275,target,274,1298,513,"513","",0,27044,275
2,276,target,275,1299,27044,"27044","",0,1146,276
2,277,target,276,1300,1146,"1146","",0,54835,277
2,278,target,277,1301,54835,"54835","",0,82,278
2,279,target,278,1302,82,"82","",0,11,279
2,280,target,279,1303,11,"11","",0,279,280
2,281,target,280,1304,279,"279","",0,1331,281
2,282,target,281,1305,1331,"1331","",0,314,282
2,283,target,282,1306,314,"314","",0,799,283
2,284,target,283,1307,799,"799","",0,6009,284
2,285,target,284,1308,6009,"6009","",0,12482,285
2,286,target,285,1309,12482,"12482","",0,13,286
2,287,target,286,1310,13,"13","",0,198,287
2,288,target,287,1311,198,"198","",0,262,288
2,289,target,288,1312,262,"262","",0,348,289
2,290,target,289,1313,348,"348","",0,256,290
2,291,target,290,1314,256,"256","",0,348,291
2,292,target,291,1315,348,"348","",0,71764,292
2,293,target,292,1316,71764,"71764","",0,8218,293
2,294,target,293,1317,8218,"8218","",0,71690,294
2,295,target,294,1318,71690,"71690","",0,51595,295
2,296,target,295,1319,51595,"51595","",0,220,296
2,297,target,296,1320,220,"220","",0,18,297
2,298,target,297,1321,18,"18","",0,20,298
2,299,target,298,1322,20,"20","",0,33,299
2,300,target,299,1323,33,"33","",0,2702,300
2,301,target,300,1324,2702,"2702","",0,13,301
2,302,target,301,1325,13,"13","",0,1368,302
2,303,target,302,1326,1368,"1368","",0,220,303
2,304,target,303,1327,220,"220","",0,23,304
2,305,target,304,1328,23,"23","",0,11312,305
2,306,target,305,1329,11312,"11312","",0,11,306
2,307,target,306,1330,11,"11","",0,321,307
2,308,target,307,1331,321,"321","",0,24725,308
2,309,target,308,1332,24725,"24725","",0,279,309
2,310,target,309,1333,279,"279","",0,11312,310
2,311,target,310,1334,11312,"11312","",0,6435,311
2,312,target,311,1335,6435,"6435","",0,1379,312
2,313,target,312,1336,1379,"1379","",0,4868,313
2,314,target,313,1337,4868,"4868","",0,318,314
2,315,target,314,1338,318,"318","",0,5292,315
2,316,target,315,1339,5292,"5292","",0,303,316
2,317,target,316,1340,303,"303","",0,5861,317
2,318,target,317,1341,5861,"5861","",0,36,318
2,319,target,318,1342,36,"36","",0,681,319
2,320,target,319,1343,681,"681","",0,1754,320
2,321,target,320,1344,1754,"1754","",0,6009,321
2,322,target,321,1345,6009,"6009","",0,2493,322
2,323,target,322,1346,2493,"2493","",0,381,323
2,324,target,323,1347,381,"381","",0,3835,324
2,325,target,324,1348,3835,"3835","",0,18,325
2,326,target,325,1349,18,"18","",0,20,326
2,327,target,326,1350,20,"20","",0,33,327
2,328,target,327,1351,33,"33","",0,14,328
2,329,target,328,1352,14,"14","",0,23,329
2,330,target,329,1353,23,"23","",0,211614,330
2,331,target,330,1354,211614,"211614","",0,220,331
2,332,target,331,1355,220,"220","",0,19,332
2,333,target,332,1356,19,"19","",0,13,333
2,334,target,333,1357,13,"13","",0,18,334
2,335,target,334,1358,18,"18","",0,22,335
2,336,target,335,1359,22,"22","",0,20,336
2,337,target,336,1360,20,"20","",0,33,337
2,338,target,337,1361,33,"33","",0,4868,338
2,339,target,338,1362,4868,"4868","",0,13,339
2,340,target,339,1363,13,"13","",0,4213,340
2,341,target,340,1364,4213,"4213","",0,11,341
2,342,target,341,1365,11,"11","",0,5861,342
2,343,target,342,1366,5861,"5861","",0,36,343
2,344,target,343,1367,36,"36","",0,3428,344
2,345,target,344,1368,3428,"3428","",0,12863,345
2,346,target,345,1369,12863,"12863","",0,264,346
2,347,target,346,1370,264,"264","",0,2255,347
2,348,target,347,1371,2255,"2255","",0,13,348
2,349,target,348,1372,13,"13","",0,6558,349
2,350,target,349,1373,6558,"6558","",0,579,350
2,351,target,350,1374,579,"579","",0,9370,351
2,352,target,351,1375,9370,"9370","",0,264,352
2,353,target,352,1376,264,"264","",0,328,353
2,354,target,353,1377,328,"328","",0,70,354
2,355,target,354,1378,70,"70","",0,639,355
2,356,target,355,1379,639,"639","",0,5861,356
2,357,target,356,1380,5861,"5861","",0,36,357
2,358,target,357,1381,36,"36","",0,1,358
2,359,target,358,1382,1,"1","",0,1332,359
2,360,target,359,1383,1332,"1332","",0,279,360
2,361,target,360,1384,279,"279","",0,70901,361
2,362,target,361,1385,70901,"70901","",0,369,362
2,363,target,362,1386,369,"369","",0,2526,363
2,364,target,363,1387,2526,"2526","",0,321,364
2,365,target,364,1388,321,"321","",0,11312,365
2,366,target,365,1389,11312,"11312","",0,513,366
2,367,target,366,1390,513,"513","",0,3349,367
2,368,target,367,1391,3349,"3349","",0,13,368
2,369,target,368,1392,13,"13","",0,2441,369
2,370,target,369,1393,2441,"2441","",0,264,370
2,371,target,370,1394,264,"264","",0,328,371
2,372,target,371,1395,328,"328","",0,77518,372
2,373,target,372,1396,77518,"77518","",0,5861,373
2,374,target,373,1397,5861,"5861","",0,36,374
2,375,target,374,1398,36,"36","",0,1,375
2,376,target,375,1399,1,"1","",0,1332,376
2,377,target,376,1400,1332,"1332","",0,279,377
2,378,target,377,1401,279,"279","",0,4220,378
2,379,target,378,1402,4220,"4220","",0,1558,379
2,380,target,379,1403,1558,"1558","",0,369,380
2,381,target,380,1404,369,"369","",0,11312,381
2,382,target,381,1405,11312,"11312","",0,13,382
2,383,target,382,1406,13,"13","",0,1690,383
2,384,target,383,1407,1690,"1690","",0,6607,384
2,385,target,384,1408,6607,"6607","",0,42903,385
2,386,target,385,1409,42903,"42903","",0,11,386
2,387,target,386,1410,11,"11","",0,220,387
2,388,target,387,1411,220,"220","",0,18,388
2,389,target,388,1412,18,"18","",0,20,389
2,390,target,389,1413,20,"20","",0,33,390
2,391,target,390,1414,33,"33","",0,5802,391
2,392,target,391,1415,5802,"5802","",0,3254,392
2,393,target,392,1416,3254,"3254","",0,279,393
2,394,target,393,1417,279,"279","",0,348,394
2,395,target,394,1418,348,"348","",0,4873,395
2,396,target,395,1419,4873,"4873","",0,9,396
2,397,target,396,1420,9,"9","",0,1558,397
2,398,target,397,1421,1558,"1558","",0,1331,398
2,399,target,398,1422,1331,"1331","",0,13,399
2,400,target,399,1423,13,"13","",0,1368,400
2,401,target,400,1424,1368,"1368","",0,424,401
2,402,target,401,1425,424,"424","",0,579,402
2,403,target,402,1426,579,"579","",0,5861,403
2,404,target,403,1427,5861,"5861","",0,36,404
2,405,target,404,1428,36,"36","",0,11,405
2,406,target,405,1429,11,"11","",0,279,406
2,407,target,406,1430,279,"279","",0,348,407
2,408,target,407,1431,348,"348","",0,2932,408
2,409,target,408,1432,2932,"2932","",0,9,409
2,410,target,409,1433,9,"9","",0,4868,410
2,411,target,410,1434,4868,"4868","",0,513,411
2,412,target,411,1435,513,"513","",0,1691,412
2,413,target,412,1436,1691,"1691","",0,8882,413
2,414,target,413,1437,8882,"8882","",0,13,414
2,415,target,414,1438,13,"13","",0,198,415
2,416,target,415,1439,198,"198","",0,262,416
2,417,target,416,1440,262,"262","",0,348,417
2,418,target,417,1441,348,"348","",0,256,418
2,419,target,418,1442,256,"256","",0,348,419
2,420,target,419,1443,348,"348","",0,7976,420
2,421,target,420,1444,7976,"7976","",0,8218,421
2,422,target,421,1445,8218,"8218","",0,51595,422
2,423,target,422,1446,51595,"51595","",0,220,423
2,424,target,423,1447,220,"220","",0,21,424
2,425,target,424,1448,21,"21","",0,5213,425
2,426,target,425,1449,5213,"5213","",0,13,426
2,427,target,426,1450,13,"13","",0,1061,427
2,428,target,427,1451,1061,"1061","",0,369,428
2,429,target,428,1452,369,"369","",0,13280,429
2,430,target,429,1453,13280,"13280","",0,7463,430
2,431,target,430,1454,7463,"7463","",0,310,431
2,432,target,431,1455,310,"310","",0,279,432
2,433,target,432,1456,279,"279","",0,1558,433
2,434,target,433,1457,1558,"1558","",0,13,434
2,435,target,434,1458,13,"13","",0,198,435
2,436,target,435,1459,198,"198","",0,262,436
2,437,target,436,1460,262,"262","",0,348,437
2,438,target,437,1461,348,"348","",0,256,438
2,439,target,438,1462,256,"256","",0,348,439
2,440,target,439,1463,348,"348","",0,24415,440
2,441,target,440,1464,24415,"24415","",0,1633,441
2,442,target,441,1465,1633,"1633","",0,51595,442
2,443,target,442,1466,51595,"51595","",0,561,443
2,444,target,443,1467,561,"561","",0,6297,444
2,445,target,444,1468,6297,"6297","",0,628,445
2,446,target,445,1469,628,"628","",0,3222,446
2,447,target,446,1470,3222,"3222","",0,1132,447
2,448,target,447,1471,1132,"1132","",0,264,448
2,449,target,448,1472,264,"264","",0,18830,449
2,450,target,449,1473,18830,"18830","",0,314,450
2,451,target,450,1474,314,"314","",0,279,451
2,452,target,451,1475,279,"279","",0,11312,452
2,453,target,452,1476,11312,"11312","",0,13,453
2,454,target,453,1477,13,"13","",0,198,454
2,455,target,454,1478,198,"198","",0,262,455
2,456,target,455,1479,262,"262","",0,348,456
2,457,target,456,1480,348,"348","",0,256,457
2,458,target,457,1481,256,"256","",0,348,458
2,459,target,458,1482,348,"348","",0,7976,459
2,460,target,459,1483,7976,"7976","",0,38778,460
2,461,target,460,1484,38778,"38778","",0,51595,461
2,462,target,461,1485,51595,"51595","",0,1368,462
2,463,target,462,1486,1368,"1368","",0,449,463
2,464,target,463,1487,449,"449","",0,6009,464
2,465,target,464,1488,6009,"6009","",0,369,465
2,466,target,465,1489,369,"369","",0,3835,466
2,467,target,466,1490,3835,"3835","",0,19,467
2,468,target,467,1491,19,"19","",0,13,468
2,469,target,468,1492,13,"13","",0,18,469
2,470,target,469,1493,18,"18","",0,22,470
2,471,target,470,1494,22,"22","",0,20,471
2,472,target,471,1495,20,"20","",0,33,472
2,473,target,472,1496,33,"33","",0,3506,473
2,474,target,473,1497,3506,"3506","",0,11,474
2,475,target,474,1498,11,"11","",0,321,475
2,476,target,475,1499,321,"321","",0,24725,476
2,477,target,476,1500,24725,"24725","",0,32439,477
2,478,target,477,1501,32439,"32439","",0,16,478
2,479,target,478,1502,16,"16","",0,21,479
2,480,target,479,1503,21,"21","",0,318,480
2,481,target,480,1504,318,"318","",0,17,481
2,482,target,481,1505,17,"17","",0,5639,482
2,483,target,482,1506,5639,"5639","",0,14,483
2,484,target,483,1507,14,"14","",0,875,484
2,485,target,484,1508,875,"875","",0,681,485
2,486,target,485,1509,681,"681","",0,799,486
2,487,target,486,1510,799,"799","",0,6009,487
2,488,target,487,1511,6009,"6009","",0,369,488
2,489,target,488,1512,369,"369","",0,3835,489
2,490,target,489,1513,3835,"3835","",0,23,490
2,491,target,490,1514,23,"23","",0,13,491
2,492,target,491,1515,13,"13","",0,22,492
2,493,target,492,1516,22,"22","",0,20,493
2,494,target,493,1517,20,"20","",0,5213,494
2,495,target,494,1518,5213,"5213","",0,13,495
2,496,target,495,1519,13,"13","",0,1061,496
2,497,target,496,1520,1061,"1061","",0,34105,497
2,498,target,497,1521,34105,"34105","",0,279,498
2,499,target,498,1522,279,"279","",0,220,499
2,500,target,499,1523,220,"220","",0,21,500
2,501,target,500,1524,21,"21","",0,5213,501
2,502,target,501,1525,5213,"5213","",0,6297,502
2,503,target,502,1526,6297,"6297","",0,0,503
2,504,target,503,1527,0,"0","",0,198,504
2,505,target,504,1528,198,"198","",0,262,505
2,506,target,505,1529,262,"262","",0,348,506
2,507,target,506,1530,348,"348","",0,256,507
2,508,target,507,1531,256,"256","",0,348,508
2,509,target,508,1532,348,"348","",0,40621,509
2,510,target,509,1533,40621,"40621","",0,8535,510
2,511,target,510,1534,8535,"8535","",0,1954,511
2,512,target,511,1535,1954,"1954","",0,51595,512
2,513,target,512,1536,51595,"51595","",0,357,513
2,514,target,513,1537,357,"357","",0,220,514
2,515,target,514,1538,220,"220","",0,21,515
2,516,target,515,1539,21,"21","",0,5213,516
2,517,target,516,1540,5213,"5213","",0,6297,517
2,518,target,517,1541,6297,"6297","",0,4021,518
2,519,target,518,1542,4021,"4021","",0,3222,519
2,520,target,519,1543,3222,"3222","",0,264,520
2,521,target,520,1544,264,"264","",0,3074,521
2,522,target,521,1545,3074,"3074","",0,220,522
2,523,target,522,1546,220,"220","",0,18,523
2,524,target,523,1547,18,"18","",0,20,524
2,525,target,524,1548,20,"20","",0,33,525
2,526,target,525,1549,33,"33","",0,14,526
2,527,target,526,1550,14,"14","",0,23,527
2,528,target,527,1551,23,"23","",0,6009,528
2,529,target,528,1552,6009,"6009","",0,413,529
2,530,target,529,1553,413,"413","",0,279,530
2,531,target,530,1554,279,"279","",0,6009,531
2,532,target,531,1555,6009,"6009","",0,369,532
2,533,target,532,1556,369,"369","",0,27044,533
2,534,target,533,1557,27044,"27044","",0,321,534
2,535,target,534,1558,321,"321","",0,32439,535
2,536,target,535,1559,32439,"32439","",0,16,536
2,537,target,536,1560,16,"16","",0,21,537
2,538,target,537,1561,21,"21","",0,13,538
2,539,target,538,1562,13,"13","",0,198,539
2,540,target,539,1563,198,"198","",0,262,540
2,541,target,540,1564,262,"262","",0,348,541
2,542,target,541,1565,348,"348","",0,256,542
2,543,target,542,1566,256,"256","",0,348,543
2,544,target,543,1567,348,"348","",0,3812,544
2,545,target,544,1568,3812,"3812","",0,35953,545
2,546,target,545,1569,35953,"35953","",0,51595,546
2,547,target,546,1570,51595,"51595","",0,10380,547
2,548,target,547,1571,10380,"10380","",0,279,548
2,549,target,548,1572,279,"279","",0,1558,549
2,550,target,549,1573,1558,"1558","",0,369,550
2,551,target,550,1574,369,"369","",0,9966,551
2,552,target,551,1575,9966,"9966","",0,1452,552
2,553,target,552,1576,1452,"1452","",0,30,553
2,554,target,553,1577,30,"30","",0,8948,554
2,555,target,554,1578,8948,"8948","",0,19,555
2,556,target,555,1579,19,"19","",0,30,556
2,557,target,556,1580,30,"30","",0,220,557
2,558,target,557,1581,220,"220","",0,18,558
2,559,target,558,1582,18,"18","",0,20,559
2,560,target,559,1583,20,"20","",0,33,560
2,561,target,560,1584,33,"33","",0,8948,561
2,562,target,561,1585,8948,"8948","",0,19,562
2,563,target,562,1586,19,"19","",0,369,563
2,564,target,563,1587,369,"369","",0,220,564
2,565,target,564,1588,220,"220","",0,16,565
2,566,target,565,1589,16,"16","",0,22,566
2,567,target,566,1590,22,"22","",0,13,567
2,568,target,567,1591,13,"13","",0,20,568
2,569,target,568,1592,20,"20","",0,5213,569
2,570,target,569,1593,5213,"5213","",0,13,570
2,571,target,570,1594,13,"13","",0,220,571
2,572,target,571,1595,220,"220","",0,18,572
2,573,target,572,1596,18,"18","",0,20,573
2,574,target,573,1597,20,"20","",0,33,574
2,575,target,574,1598,33,"33","",0,14,575
2,576,target,575,1599,14,"14","",0,23,576
2,577,target,576,1600,23,"23","",0,8948,577
2,578,target,577,1601,8948,"8948","",0,19,578
2,579,target,578,1602,19,"19","",0,369,579
2,580,target,579,1603,369,"369","",0,3835,580
2,581,target,580,1604,3835,"3835","",0,17,581
2,582,target,581,1605,17,"17","",0,13,582
2,583,target,582,1606,13,"13","",0,17,583
2,584,target,583,1607,17,"17","",0,5213,584
2,585,target,584,1608,5213,"5213","",0,791,585
2,586,target,585,1609,791,"791","",0,6009,586
2,587,target,586,1610,6009,"6009","",0,13,587
2,588,target,587,1611,13,"13","",0,1061,588
2,589,target,588,1612,1061,"1061","",0,17759,589
2,590,target,589,1613,17759,"17759","",0,0,590
2,591,target,590,1614,0,"0","",0,2441,591
2,592,target,591,1615,2441,"2441","",0,6970,592
2,593,target,592,1616,6970,"6970","",0,279,593
2,594,target,593,1617,279,"279","",0,328,594
2,595,target,594,1618,328,"328","",0,18,595
2,596,target,595,1619,18,"18","",0,20,596
2,597,target,596,1620,20,"20","",0,33,597
2,598,target,597,1621,33,"33","",0,1,598
2,599,target,598,1622,1,"1","",0,18675,599
2,600,target,599,1623,18675,"18675","",0,310,600
2,601,target,600,1624,310,"310","",0,4393,601
2,602,target,601,1625,4393,"4393","",0,4868,602
2,603,target,602,1626,4868,"4868","",0,30,603
2,604,target,603,1627,30,"30","",0,2233,604
2,605,target,604,1628,2233,"2233","",0,11,605
2,606,target,605,1629,11,"11","",0,5802,606
2,607,target,606,1630,5802,"5802","",0,328,607
2,608,target,607,1631,328,"328","",0,18,608
2,609,target,608,1632,18,"18","",0,20,609
2,610,target,609,1633,20,"20","",0,33,610
2,611,target,610,1634,33,"33","",0,1558,611
2,612,target,611,1635,1558,"1558","",0,1,612
2,613,target,612,1636,1,"1","",0,3254,613
2,614,target,613,1637,3254,"3254","",0,2702,614
2,615,target,614,1638,2702,"2702","",0,13,615
2,616,target,615,1639,13,"13","",0,2441,616
2,617,target,616,1640,2441,"2441","",0,6970,617
2,618,target,617,1641,6970,"6970","",0,279,618
2,619,target,618,1642,279,"279","",0,11312,619
2,620,target,619,1643,11312,"11312","",0,513,620
2,621,target,620,1644,513,"513","",0,8882,621
2,622,target,621,1645,8882,"8882","",0,30,622
2,623,target,622,1646,30,"30","",0,4188,623
2,624,target,623,1647,4188,"4188","",0,5861,624
2,625,target,624,1648,5861,"5861","",0,36,625
2,626,target,625,1649,36,"36","",0,14018,626
2,627,target,626,1650,14018,"14018","",0,599,627
2,628,target,627,1651,599,"599","",0,8882,628
2,629,target,628,1652,8882,"8882","",0,11312,629
2,630,target,629,1653,11312,"11312","",0,13,630
2,631,target,630,1654,13,"13","",0,2441,631
2,632,target,631,1655,2441,"2441","",0,6970,632
2,633,target,632,1656,6970,"6970","",0,279,633
2,634,target,633,1657,279,"279","",0,6297,634
2,635,target,634,1658,6297,"6297","",0,9687,635
2,636,target,635,1659,9687,"9687","",0,348,636
2,637,target,636,1660,348,"348","",0,17710,637
2,638,target,637,1661,17710,"17710","",0,9,638
2,639,target,638,1662,9,"9","",0,314,639
2,640,target,639,1663,314,"314","",0,11312,640
2,641,target,640,1664,11312,"11312","",0,30,641
2,642,target,641,1665,30,"30","",0,198,642
2,643,target,642,1666,198,"198","",0,262,643
2,644,target,643,1667,262,"262","",0,348,644
2,645,target,644,1668,348,"348","",0,256,645
2,646,target,645,1669,256,"256","",0,348,646
2,647,target,646,1670,348,"348","",0,5439,647
2,648,target,647,1671,5439,"5439","",0,58532,648
2,649,target,648,1672,58532,"58532","",0,364,649
2,650,target,649,1673,364,"364","",0,17775,650
2,651,target,650,1674,17775,"17775","",0,51595,651
2,652,target,651,1675,51595,"51595","",0,353,652
2,653,target,652,1676,353,"353","",0,1902,653
2,654,target,653,1677,1902,"1902","",0,2534,654
2,655,target,654,1678,2534,"2534","",0,411,655
2,656,target,655,1679,411,"411","",0,1331,656
2,657,target,656,1680,1331,"1331","",0,34131,657
2,658,target,657,1681,34131,"34131","",0,13,658
2,659,target,658,1682,13,"13","",0,561,659
2,660,target,659,1683,561,"561","",0,1379,660
2,661,target,660,1684,1379,"1379","",0,24679,661
2,662,target,661,1685,24679,"24679","",0,14611,662
2,663,target,662,1686,14611,"14611","",0,364,663
2,664,target,663,1687,364,"364","",0,264,664
2,665,target,664,1688,264,"264","",0,220,665
2,666,target,665,1689,220,"220","",0,18,666
2,667,target,666,1690,18,"18","",0,20,667
2,668,target,667,1691,20,"20","",0,33,668
2,669,target,668,1692,33,"33","",0,5861,669
2,670,target,669,1693,5861,"5861","",0,36,670
2,671,target,670,1694,36,"36","",0,383,671
2,672,target,671,1695,383,"383","",0,6607,672
2,673,target,672,1696,6607,"6607","",0,440,673
2,674,target,673,1697,440,"440","",0,220,674
2,675,target,674,1698,220,"220","",0,21,675
2,676,target,675,1699,21,"21","",0,5213,676
2,677,target,676,1700,5213,"5213","",0,6297,677
2,678,target,677,1701,6297,"6297","",0,369,678
2,679,target,678,1702,369,"369","",0,2892,679
2,680,target,679,1703,2892,"2892","",0,25,680
2,681,target,680,1704,25,"25","",0,198,681
2,682,target,681,1705,198,"198","",0,285,682
2,683,target,682,1706,285,"285","",0,348,683
2,684,target,683,1707,348,"348","",0,256,684
2,685,target,684,1708,256,"256","",0,30407,685
2,686,target,685,1709,30407,"30407","",0,1452,686
2,687,target,686,1710,1452,"1452","",0,11312,687
2,688,target,687,1711,11312,"11312","",0,318,688
2,689,target,688,1712,318,"318","",0,3118,689
2,690,target,689,1713,3118,"3118","",0,19,690
2,691,target,690,1714,19,"19","",0,14,691
2,692,target,691,1715,14,"14","",0,3118,692
2,693,target,692,1716,3118,"3118","",0,23,693
2,694,target,693,1717,23,"23","",0,553,694
2,695,target,694,1718,553,"553","",0,198,695
2,696,target,695,1719,198,"198","",0,285,696
2,697,target,696,1720,285,"285","",0,348,697
2,698,target,697,1721,348,"348","",0,256,698
2,699,target,698,1722,256,"256","",0,49051,699
2,700,target,699,1723,49051,"49051","",0,513,700
2,701,target,700,1724,513,"513","",0,8882,701
2,702,target,701,1725,8882,"8882","",0,1056,702
2,703,target,702,1726,1056,"1056","",0,220,703
2,704,target,703,1727,220,"220","",0,18,704
2,705,target,704,1728,18,"18","",0,20,705
2,706,target,705,1729,20,"20","",0,33,706
2,707,target,706,1730,33,"33","",0,14,707
2,708,target,707,1731,14,"14","",0,23,708
2,709,target,708,1732,23,"23","",0,318,709
2,710,target,709,1733,318,"318","",0,68,710
2,711,target,710,1734,68,"68","",0,1257,711
2,712,target,711,1735,1257,"1257","",0,2487,712
2,713,target,712,1736,2487,"2487","",0,220,713
2,714,target,713,1737,220,"220","",0,18,714
2,715,target,714,1738,18,"18","",0,20,715
2,716,target,715,1739,20,"20","",0,33,716
2,717,target,716,1740,33,"33","",0,369,717
2,718,target,717,1741,369,"369","",0,2702,718
2,719,target,718,1742,2702,"2702","",0,11,719
2,720,target,719,1743,11,"11","",0,694,720
2,721,target,720,1744,694,"694","",0,11312,721
2,722,target,721,1745,11312,"11312","",0,513,722
2,723,target,722,1746,513,"513","",0,8882,723
2,724,target,723,1747,8882,"8882","",0,4016,724
2,725,target,724,1748,4016,"4016","",0,310,725
2,726,target,725,1749,310,"310","",0,5904,726
2,727,target,726,1750,5904,"5904","",0,13224,727
2,728,target,727,1751,13224,"13224","",0,553,728
2,729,target,728,1752,553,"553","",0,198,729
2,730,target,729,1753,198,"198","",0,285,730
2,731,target,730,1754,285,"285","",0,348,731
2,732,target,731,1755,348,"348","",0,256,732
2,733,target,732,1756,256,"256","",0,561,733
2,734,target,733,1757,561,"561","",0,6297,734
2,735,target,734,1758,6297,"6297","",0,9687,735
2,736,target,735,1759,9687,"9687","",0,264,736
2,737,target,736,1760,264,"264","",0,25162,737
2,738,target,737,1761,25162,"25162","",0,314,738
2,739,target,738,1762,314,"314","",0,11312,739
2,740,target,739,1763,11312,"11312","",0,11,740
2,741,target,740,1764,11,"11","",0,321,741
2,742,target,741,1765,321,"321","",0,974,742
2,743,target,742,1766,974,"974","",0,10313,743
2,744,target,743,1767,10313,"10313","",0,369,744
2,745,target,744,1768,369,"369","",0,22324,745
2,746,target,745,1769,22324,"22324","",0,13,746
2,747,target,746,1770,13,"13","",0,198,747
2,748,target,747,1771,198,"198","",0,285,748
2,749,target,748,1772,285,"285","",0,348,749
2,750,target,749,1773,348,"348","",0,256,750
2,751,target,750,1774,256,"256","",0,348,751
2,752,target,751,1775,348,"348","",0,41998,752
2,753,target,752,1776,41998,"41998","",0,51595,753
2,754,target,753,1777,51595,"51595","",0,561,754
2,755,target,754,1778,561,"561","",0,1785,755
2,756,target,755,1779,1785,"1785","",0,369,756
2,757,target,756,1780,369,"369","",0,16421,757
2,758,target,757,1781,16421,"16421","",0,51948,758
2,759,target,758,1782,51948,"51948","",0,13,759
2,760,target,759,1783,13,"13","",0,561,760
2,761,target,760,1784,561,"561","",0,6297,761
2,762,target,761,1785,6297,"6297","",0,4222,762
2,763,target,762,1786,4222,"4222","",0,9687,763
2,764,target,763,1787,9687,"9687","",0,220,764
2,765,target,764,1788,220,"220","",0,16,765
2,766,target,765,1789,16,"16","",0,12,766
2,767,target,766,1790,12,"12","",0,17,767
2,768,target,767,1791,17,"17","",0,11312,768
2,769,target,768,1792,11312,"11312","",0,1866,769
2,770,target,769,1793,1866,"1866","",0,318,770
2,771,target,770,1794,318,"318","",0,331,771
2,772,target,771,1795,331,"331","",0,9966,772
2,773,target,772,1796,9966,"9966","",0,1452,773
2,774,target,773,1797,1452,"1452","",0,8,774
2,775,target,774,1798,8,"8","",0,466,775
2,776,target,775,1799,466,"466","",0,7225,776
2,777,target,776,1800,7225,"7225","",0,61569,777
2,778,target,777,1801,61569,"61569","",0,13,778
2,779,target,778,1802,13,"13","",0,1061,779
2,780,target,779,1803,1061,"1061","",0,3520,780
2,781,target,780,1804,3520,"3520","",0,974,781
2,782,target,781,1805,974,"974","",0,10313,782
2,783,target,782,1806,10313,"10313","",0,321,783
2,784,target,783,1807,321,"321","",0,87363,784
2,785,target,784,1808,87363,"87363","",0,286,785
2,786,target,785,1809,286,"286","",0,8751,786
2,787,target,786,1810,8751,"8751","",0,13,787
2,788,target,787,1811,13,"13","",0,271,788
2,789,target,788,1812,271,"271","",0,18,789
2,790,target,789,1813,18,"18","",0,13,790
2,791,target,790,1814,13,"13","",0,220,791
2,792,target,791,1815,220,"220","",0,2972,792
2,793,target,792,1816,2972,"2972","",0,62879,793
2,794,target,793,1817,62879,"62879","",0,25568,794
2,795,target,794,1818,25568,"25568","",0,286,795
2,796,target,795,1819,286,"286","",0,57042,796
2,797,target,796,1820,57042,"57042","",0,3018,797
2,798,target,797,1821,3018,"3018","",0,383,798
2,799,target,798,1822,383,"383","",0,14486,799
2,800,target,799,1823,14486,"14486","",0,8061,800
2,801,target,800,1824,8061,"8061","",0,17328,801
2,802,target,801,1825,17328,"17328","",0,27662,802
2,803,target,802,1826,27662,"27662","",0,64700,803
2,804,target,803,1827,64700,"64700","",0,198,804
2,805,target,804,1828,198,"198","",0,262,805
2,806,target,805,1829,262,"262","",0,348,806
2,807,target,806,1830,348,"348","",0,256,807
2,808,target,807,1831,256,"256","",0,348,808
2,809,target,808,1832,348,"348","",0,33,809
2,810,target,809,1833,33,"33","",0,1656,810
2,811,target,810,1834,1656,"1656","",0,33059,811
2,812,target,811,1835,33059,"33059","",0,14134,812
2,813,target,812,1836,14134,"14134","",0,51595,813
2,814,target,813,1837,51595,"51595","",0,13453,814
2,815,target,814,1838,13453,"13453","",0,32288,815
2,816,target,815,1839,32288,"32288","",0,11,816
2,817,target,816,1840,11,"11","",0,12204,817
2,818,target,817,1841,12204,"12204","",0,47785,818
2,819,target,818,1842,47785,"47785","",0,11,819
2,820,target,819,1843,11,"11","",0,353,820
2,821,target,820,1844,353,"353","",0,17011,821
2,822,target,821,1845,17011,"17011","",0,37972,822
2,823,target,822,1846,37972,"37972","",0,318,823
2,824,target,823,1847,318,"318","",0,51901,824
2,825,target,824,1848,51901,"51901","",0,68,825
2,826,target,825,1849,68,"68","",0,19674,826
2,827,target,826,1850,19674,"19674","",0,53,827
2,828,target,827,1851,53,"53","",0,7575,828
2,829,target,828,1852,7575,"7575","",0,681,829
2,830,target,829,1853,681,"681","",0,6297,830
2,831,target,830,1854,6297,"6297","",0,8541,831
2,832,target,831,1855,8541,"8541","",0,18476,832
2,833,target,832,1856,18476,"18476","",0,11,833
2,834,target,833,1857,11,"11","",0,2706,834
2,835,target,834,1858,2706,"2706","",0,64963,835
2,836,target,835,1859,64963,"64963","",0,318,836
2,837,target,836,1860,318,"318","",0,71376,837
2,838,target,837,1861,71376,"71376","",0,39204,838
2,839,target,838,1862,39204,"39204","",0,553,839
2,840,target,839,1863,553,"553","",0,198,840
2,841,target,840,1864,198,"198","",0,262,841
2,842,target,841,1865,262,"262","",0,348,842
2,843,target,842,1866,348,"348","",0,256,843
2,844,target,843,1867,256,"256","",0,348,844
2,845,target,844,1868,348,"348","",0,6563,845
2,846,target,845,1869,6563,"6563","",0,31600,846
2,847,target,846,1870,31600,"31600","",0,51595,847
2,848,target,847,1871,51595,"51595","",0,198,848
2,849,target,848,1872,198,"198","",0,285,849
2,850,target,849,1873,285,"285","",0,348,850
2,851,target,850,1874,348,"348","",0,256,851
2,852,target,851,1875,256,"256","",0,348,852
2,853,target,852,1876,348,"348","",0,6375,853
2,854,target,853,1877,6375,"6375","",0,2195,854
2,855,target,854,1878,2195,"2195","",0,1062,855
2,856,target,855,1879,1062,"1062","",0,473,856
2,857,target,856,1880,473,"473","",0,51595,857
2,858,target,857,1881,51595,"51595","",0,4962,858
2,859,target,858,1882,4962,"4962","",0,12204,859
2,860,target,859,1883,12204,"12204","",0,11,860
2,861,target,860,1884,11,"11","",0,1496,861
2,862,target,861,1885,1496,"1496","",0,4779,862
2,863,target,862,1886,4779,"4779","",0,32288,863
2,864,target,863,1887,32288,"32288","",0,364,864
2,865,target,864,1888,364,"364","",0,5122,865
2,866,target,865,1889,5122,"5122","",0,2193,866
2,867,target,866,1890,2193,"2193","",0,11,867
2,868,target,867,1891,11,"11","",0,694,868
2,869,target,868,1892,694,"694","",0,6009,869
2,870,target,869,1893,6009,"6009","",0,2528,870
2,871,target,870,1894,2528,"2528","",0,2493,871
2,872,target,871,1895,2493,"2493","",0,381,872
2,873,target,872,1896,381,"381","",0,49282,873
2,874,target,873,1897,49282,"49282","",0,466,874
2,875,target,874,1898,466,"466","",0,5215,875
2,876,target,875,1899,5215,"5215","",0,290,876
2,877,target,876,1900,290,"290","",0,13,877
2,878,target,877,1901,13,"13","",0,35032,878
2,879,target,878,1902,35032,"35032","",0,57018,879
2,880,target,879,1903,57018,"57018","",0,25,880
2,881,target,880,1904,25,"25","",0,21902,881
2,882,target,881,1905,21902,"21902","",0,5972,882
2,883,target,882,1906,5972,"5972","",0,13,883
2,884,target,883,1907,13,"13","",0,13453,884
2,885,target,884,1908,13453,"13453","",0,13,885
2,886,target,885,1909,13,"13","",0,198,886
2,887,target,886,1910,198,"198","",0,285,887
2,888,target,887,1911,285,"285","",0,348,888
2,889,target,888,1912,348,"348","",0,256,889
2,890,target,889,1913,256,"256","",0,348,890
2,891,target,890,1914,348,"348","",0,6375,891
2,892,target,891,1915,6375,"6375","",0,41412,892
2,893,target,892,1916,41412,"41412","",0,51595,893
2,894,target,893,1917,51595,"51595","",0,9372,894
2,895,target,894,1918,9372,"9372","",0,13909,895
2,896,target,895,1919,13909,"13909","",0,33686,896
2,897,target,896,1920,33686,"33686","",0,13,897
2,898,target,897,1921,13,"13","",0,9632,898
2,899,target,898,1922,9632,"9632","",0,2179,899
2,900,target,899,1923,2179,"2179","",0,369,900
2,901,target,900,1924,369,"369","",0,1328,901
2,902,target,901,1925,1328,"1328","",0,13,902
2,903,target,902,1926,13,"13","",0,31098,903
2,904,target,903,1927,31098,"31098","",0,2528,904
2,905,target,904,1928,2528,"2528","",0,369,905
2,906,target,905,1929,369,"369","",0,4055,906
2,907,target,906,1930,4055,"4055","",0,3018,907
2,908,target,907,1931,3018,"3018","",0,383,908
2,909,target,908,1932,383,"383","",0,70901,909
2,910,target,909,1933,70901,"70901","",0,13,910
2,911,target,910,1934,13,"13","",0,35032,911
2,912,target,911,1935,35032,"35032","",0,57018,912
2,913,target,912,1936,57018,"57018","",0,25,913
2,914,target,913,1937,25,"25","",0,353,914
2,915,target,914,1938,353,"353","",0,17011,915
2,916,target,915,1939,17011,"17011","",0,37972,916
2,917,target,916,1940,37972,"37972","",0,11,917
2,918,target,917,1941,11,"11","",0,6297,918
2,919,target,918,1942,6297,"6297","",0,40889,919
2,920,target,919,1943,40889,"40889","",0,11,920
2,921,target,920,1944,11,"11","",0,63520,921
2,922,target,921,1945,63520,"63520","",0,45543,922
2,923,target,922,1946,45543,"45543","",0,29997,923
2,924,target,923,1947,29997,"29997","",0,13,924
2,925,target,924,1948,13,"13","",0,198,925
2,926,target,925,1949,198,"198","",0,262,926
2,927,target,926,1950,262,"262","",0,348,927
2,928,target,927,1951,348,"348","",0,256,928
2,929,target,928,1952,256,"256","",0,348,929
2,930,target,929,1953,348,"348","",0,27339,930
2,931,target,930,1954,27339,"27339","",0,8045,931
2,932,target,931,1955,8045,"8045","",0,51595,932
2,933,target,932,1956,51595,"51595","",0,198,933
2,934,target,933,1957,198,"198","",0,285,934
2,935,target,934,1958,285,"285","",0,348,935
2,936,target,935,1959,348,"348","",0,256,936
2,937,target,936,1960,256,"256","",0,348,937
2,938,target,937,1961,348,"348","",0,4447,938
2,939,target,938,1962,4447,"4447","",0,10313,939
2,940,target,939,1963,10313,"10313","",0,51595,940
2,941,target,940,1964,51595,"51595","",0,36381,941
2,942,target,941,1965,36381,"36381","",0,11312,942
2,943,target,942,1966,11312,"11312","",0,310,943
2,944,target,943,1967,310,"310","",0,13540,944
2,945,target,944,1968,13540,"13540","",0,19674,945
2,946,target,945,1969,19674,"19674","",0,53,946
2,947,target,946,1970,53,"53","",0,7575,947
2,948,target,947,1971,7575,"7575","",0,13,948
2,949,target,948,1972,13,"13","",0,4962,949
2,950,target,949,1973,4962,"4962","",0,37972,950
2,951,target,950,1974,37972,"37972","",0,13,951
2,952,target,951,1975,13,"13","",0,7441,952
2,953,target,952,1976,7441,"7441","",0,364,953
2,954,target,953,1977,364,"364","",0,8981,954
2,955,target,954,1978,8981,"8981","",0,11312,955
2,956,target,955,1979,11312,"11312","",0,13,956
2,957,target,956,1980,13,"13","",0,198,957
2,958,target,957,1981,198,"198","",0,285,958
2,959,target,958,1982,285,"285","",0,348,959
2,960,target,959,1983,348,"348","",0,256,960
2,961,target,960,1984,256,"256","",0,348,961
2,962,target,961,1985,348,"348","",0,28999,962
2,963,target,962,1986,28999,"28999","",0,2900,963
2,964,target,963,1987,2900,"2900","",0,286,964
2,965,target,964,1988,286,"286","",0,51595,965
2,966,target,965,1989,51595,"51595","",0,31625,966
2,967,target,966,1990,31625,"31625","",0,286,967
2,968,target,967,1991,286,"286","",0,1727,968
2,969,target,968,1992,1727,"1727","",0,11312,969
2,970,target,969,1993,11312,"11312","",0,13,970
2,971,target,970,1994,13,"13","",0,10906,971
2,972,target,971,1995,10906,"10906","",0,303,972
2,973,target,972,1996,303,"303","",0,5861,973
2,974,target,973,1997,5861,"5861","",0,36,974
2,975,target,974,1998,36,"36","",0,4016,975
2,976,target,975,1999,4016,"4016","",0,310,976
2,977,target,976,2000,310,"310","",0,8476,977
2,978,target,977,2001,8476,"8476","",0,70901,978
2,979,target,978,2002,70901,"70901","",0,13,979
2,980,target,979,2003,13,"13","",0,198,980
2,981,target,980,2004,198,"198","",0,285,981
2,982,target,981,2005,285,"285","",0,348,982
2,983,target,982,2006,348,"348","",0,256,983
2,984,target,983,2007,256,"256","",0,348,984
2,985,target,984,2008,348,"348","",0,7976,985
2,986,target,985,2009,7976,"7976","",0,44671,986
2,987,target,986,2010,44671,"44671","",0,51595,987
2,988,target,987,2011,51595,"51595","",0,436,988
2,989,target,988,2012,436,"436","",0,34810,989
2,990,target,989,2013,34810,"34810","",0,11,990
2,991,target,990,2014,11,"11","",0,55223,991
2,992,target,991,2015,55223,"55223","",0,52,992
2,993,target,992,2016,52,"52","",0,11,993
2,994,target,993,2017,11,"11","",0,466,994
2,995,target,994,2018,466,"466","",0,6618,995
2,996,target,995,2019,6618,"6618","",0,5792,996
2,997,target,996,2020,5792,"5792","",0,13,997
2,998,target,997,2021,13,"13","",0,33513,998
2,999,target,998,2022,33513,"33513","",0,440,999
2,1000,target,999,2023,440,"440","",0,220,1000
2,1001,target,1000,2024,220,"220","",0,21,1001
2,1002,target,1001,2025,21,"21","",0,5213,1002
2,1003,target,1002,2026,5213,"5213","",0,13,1003
2,1004,target,1003,2027,13,"13","",0,198,1004
2,1005,target,1004,2028,198,"198","",0,285,1005
2,1006,target,1005,2029,285,"285","",0,348,1006
2,1007,target,1006,2030,348,"348","",0,256,1007
2,1008,target,1007,2031,256,"256","",0,348,1008
2,1009,target,1008,2032,348,"348","",0,44,1009
2,1010,target,1009,2033,44,"44","",0,4100,1010
2,1011,target,1010,2034,4100,"4100","",0,10636,1011
2,1012,target,1011,2035,10636,"10636","",0,21473,1012
2,1013,target,1012,2036,21473,"21473","",0,3588,1013
2,1014,target,1013,2037,3588,"3588","",0,3574,1014
2,1015,target,1014,2038,3574,"3574","",0,51595,1015
2,1016,target,1015,2039,51595,"51595","",0,27632,1016
2,1017,target,1016,2040,27632,"27632","",0,1558,1017
2,1018,target,1017,2041,1558,"1558","",0,318,1018
2,1019,target,1018,2042,318,"318","",0,8732,1019
2,1020,target,1019,2043,8732,"8732","",0,261,1020
2,1021,target,1020,2044,261,"261","",0,5861,1021
2,1022,target,1021,2045,5861,"5861","",0,36,1022
2,1023,target,1022,2046,36,"36","",0,466,1023
2,1024,target,1023,2047,466,"466","",0,27044,1024
