row_type,request_idx,repeat_idx,batch_idx,token_idx,phase,layer,k_required,k_hit,k_miss,ssd_read_us,h2d_us,compute_us,stall_us,pred_us,pred_observe_us,pred_score_us,callback_wall_us,topk_d2h_us,slot_ids_h2d_us,slot_table_h2d_us,eamc_rows_scored,eamc_cosine_us,eamc_score_materialize_us,eamc_score_cache_hits,eamc_score_cache_misses,cache_resident_experts,predictor,request_wall_us,request_end_us,predictor_end_us,predictor_save_us,profile_flush_us,sidecar_write_bytes,routes_required,routes_hit,routes_persistent,k_empty_admit,k_victim_admit,k_scratch,route_rank_us,host_cache_hits,host_cache_misses,host_cache_hit_bytes,host_cache_miss_bytes,host_cache_lookup_us,host_cache_fill_us,host_memcpy_us,host_memcpy_bytes,h2d_bytes,pinned_staging_wait_us,ssd_bytes,ssd_reads,route_hash,sere_secondary_routes,sere_rerouted_routes,sere_original_miss_routes,sere_original_unique_required,sere_original_unique_misses,sere_rerouted_miss_routes,sere_threshold_rejects,sere_similarity_sum
layer,1,0,0,0,prefill,0,176,0,176,973534,29820,14564,3013,3,3,0,980442,44,60,0,0,0,0,0,0,60,lru,0,0,0,0,0,0,1024,0,699,60,0,116,33,0,0,0,0,0,0,0,0,334495744,1491,334495744,528,12219648178270828789,0,0,0,0,0,0,0,0
layer,1,0,0,0,prefill,1,182,0,182,1002739,32108,2280,3368,3,3,0,1009715,22,59,0,0,0,0,0,0,60,lru,0,0,0,0,0,0,1024,0,725,60,0,122,35,0,0,0,0,0,0,0,0,345899008,1743,345899008,546,15277931125921217785,0,0,0,0,0,0,0,0
layer,1,0,0,0,prefill,2,206,0,206,938070,32169,7117,4178,1,1,0,947299,18,65,0,0,0,0,0,0,60,lru,0,0,0,0,0,0,1024,0,628,60,0,146,31,0,0,0,0,0,0,0,0,391512064,2546,391512064,618,17145500094531255386,0,0,0,0,0,0,0,0
layer,1,0,0,0,prefill,3,167,0,167,981211,30406,2153,2868,3,3,0,987342,22,34,0,0,0,0,0,0,60,lru,0,0,0,0,0,0,1024,0,821,60,0,107,29,0,0,0,0,0,0,0,0,317390848,1320,317390848,501,1673858601191253994,0,0,0,0,0,0,0,0
layer,1,0,0,0,prefill,4,124,0,124,860628,25167,1982,2703,1,1,0,865619,17,20,0,0,0,0,0,0,60,lru,0,0,0,0,0,0,1024,0,906,60,0,64,22,0,0,0,0,0,0,0,0,235667456,625,235667456,372,14600063501994671226,0,0,0,0,0,0,0,0
layer,1,0,0,0,prefill,5,133,0,133,849752,24899,1851,2433,3,3,0,854601,22,42,0,0,0,0,0,0,60,lru,0,0,0,0,0,0,1024,0,880,60,0,73,24,0,0,0,0,0,0,0,0,252772352,754,252772352,399,9424053262310121956,0,0,0,0,0,0,0,0
layer,1,0,0,0,prefill,6,124,0,124,886777,25992,1707,2407,1,1,0,891359,17,53,0,0,0,0,0,0,60,lru,0,0,0,0,0,0,1024,0,905,60,0,64,20,0,0,0,0,0,0,0,0,235667456,805,235667456,372,14934414221709185757,0,0,0,0,0,0,0,0
layer,1,0,0,0,prefill,7,116,0,116,871112,24745,1732,2266,2,2,0,875290,15,40,0,0,0,0,0,0,60,lru,0,0,0,0,0,0,1024,0,935,60,0,56,22,0,0,0,0,0,0,0,0,220463104,495,220463104,348,7179905249574162474,0,0,0,0,0,0,0,0
layer,1,0,0,0,prefill,8,97,0,97,767592,21611,1745,1985,1,1,0,771215,14,20,0,0,0,0,0,0,60,lru,0,0,0,0,0,0,1024,0,971,60,0,37,20,0,0,0,0,0,0,0,0,184352768,176,184352768,291,4627850918294769679,0,0,0,0,0,0,0,0
layer,1,0,0,0,prefill,9,112,0,112,769277,23349,1705,1957,3,3,0,773155,21,34,0,0,0,0,0,0,60,lru,0,0,0,0,0,0,1024,0,945,60,0,52,20,0,0,0,0,0,0,0,0,212860928,429,212860928,336,4645575692911528739,0,0,0,0,0,0,0,0
layer,1,0,0,0,prefill,10,118,0,118,877341,24325,1618,2762,1,1,0,881648,14,28,0,0,0,0,0,0,60,lru,0,0,0,0,0,0,1024,0,907,60,0,58,20,0,0,0,0,0,0,0,0,224264192,541,224264192,354,16800884933985854512,0,0,0,0,0,0,0,0
layer,1,0,0,0,prefill,11,120,0,120,924770,25395,1794,2713,2,2,0,928885,16,27,0,0,0,0,0,0,60,lru,0,0,0,0,0,0,1024,0,892,60,0,60,23,0,0,0,0,0,0,0,0,228065280,899,228065280,360,17035824358329450958,0,0,0,0,0,0,0,0
layer,1,0,0,0,prefill,12,119,0,119,903468,24141,1765,2213,1,1,0,907641,18,33,0,0,0,0,0,0,60,lru,0,0,0,0,0,0,1024,0,916,60,0,59,23,0,0,0,0,0,0,0,0,226164736,608,226164736,357,6416490007006528880,0,0,0,0,0,0,0,0
layer,1,0,0,0,prefill,13,112,0,112,855549,23671,1738,2206,2,2,0,859390,15,49,0,0,0,0,0,0,60,lru,0,0,0,0,0,0,1024,0,916,60,0,52,20,0,0,0,0,0,0,0,0,212860928,480,212860928,336,11463464513360716238,0,0,0,0,0,0,0,0
layer,1,0,0,0,prefill,14,114,0,114,864856,23498,1610,2222,1,1,0,868800,14,11,0,0,0,0,0,0,60,lru,0,0,0,0,0,0,1024,0,937,60,0,54,20,0,0,0,0,0,0,0,0,216662016,530,216662016,342,4325479099591672170,0,0,0,0,0,0,0,0
layer,1,0,0,0,prefill,15,124,0,124,952462,25985,1798,2186,3,3,0,956812,13,46,0,0,0,0,0,0,60,lru,0,0,0,0,0,0,1024,0,930,60,0,64,22,0,0,0,0,0,0,0,0,235667456,595,235667456,372,970819422327397207,0,0,0,0,0,0,0,0
layer,1,0,0,0,prefill,16,121,0,121,942650,25556,1803,2255,1,1,0,946884,14,35,0,0,0,0,0,0,60,lru,0,0,0,0,0,0,1024,0,909,60,0,61,20,0,0,0,0,0,0,0,0,229965824,552,229965824,363,14380729604006571084,0,0,0,0,0,0,0,0
layer,1,0,0,0,prefill,17,132,0,132,968067,26785,1925,2670,2,2,0,972934,12,62,0,0,0,0,0,0,60,lru,0,0,0,0,0,0,1024,0,872,60,0,72,22,0,0,0,0,0,0,0,0,250871808,1056,250871808,396,4671307045581148946,0,0,0,0,0,0,0,0
layer,1,0,0,0,prefill,18,130,0,130,964374,26821,1698,2545,3,3,0,968819,19,22,0,0,0,0,0,0,60,lru,0,0,0,0,0,0,1024,0,866,60,0,70,21,0,0,0,0,0,0,0,0,247070720,781,247070720,390,17898593779164621291,0,0,0,0,0,0,0,0
layer,1,0,0,0,prefill,19,117,0,117,878500,22955,1764,2330,2,2,0,882685,14,19,0,0,0,0,0,0,60,lru,0,0,0,0,0,0,1024,0,922,60,0,57,20,0,0,0,0,0,0,0,0,222363648,643,222363648,351,2163319464759232046,0,0,0,0,0,0,0,0
layer,1,0,0,0,prefill,20,112,0,112,909088,24360,1761,2276,1,1,0,913049,13,25,0,0,0,0,0,0,60,lru,0,0,0,0,0,0,1024,0,942,60,0,52,18,0,0,0,0,0,0,0,0,212860928,560,212860928,336,9921280713898615322,0,0,0,0,0,0,0,0
layer,1,0,0,0,prefill,21,118,0,118,890331,23439,1745,2330,2,2,0,894667,14,35,0,0,0,0,0,0,60,lru,0,0,0,0,0,0,1024,0,936,60,0,58,20,0,0,0,0,0,0,0,0,224264192,624,224264192,354,14809856661791415143,0,0,0,0,0,0,0,0
layer,1,0,0,0,prefill,22,131,0,131,999368,26761,1724,2483,1,1,0,1004121,14,26,0,0,0,0,0,0,60,lru,0,0,0,0,0,0,1024,0,868,60,0,71,21,0,0,0,0,0,0,0,0,248971264,741,248971264,393,8380014407405543931,0,0,0,0,0,0,0,0
layer,1,0,0,0,prefill,23,135,0,135,996716,26744,1903,2702,2,2,0,1001698,13,86,0,0,0,0,0,0,60,lru,0,0,0,0,0,0,1024,0,882,60,0,75,22,0,0,0,0,0,0,0,0,256573440,1006,256573440,405,15581967104037421188,0,0,0,0,0,0,0,0
layer,1,0,0,0,prefill,24,123,0,123,717300,27702,1794,2279,1,1,0,721591,14,24,0,0,0,0,0,0,60,lru,0,0,0,0,0,0,1024,0,913,60,0,63,21,0,0,0,0,0,0,0,0,233766912,611,233766912,369,14789694810599579118,0,0,0,0,0,0,0,0
layer,1,0,0,0,prefill,25,127,0,127,672353,27934,1813,2049,2,2,0,676667,14,26,0,0,0,0,0,0,60,lru,0,0,0,0,0,0,1024,0,895,60,0,67,20,0,0,0,0,0,0,0,0,241369088,595,241369088,381,11689160194476348867,0,0,0,0,0,0,0,0
layer,1,0,0,0,prefill,26,135,0,135,704754,27275,1712,2222,1,1,0,709487,12,19,0,0,0,0,0,0,60,lru,0,0,0,0,0,0,1024,0,887,60,0,75,20,0,0,0,0,0,0,0,0,256573440,672,256573440,405,13178241015007328604,0,0,0,0,0,0,0,0
layer,1,0,0,0,prefill,27,132,0,132,724412,30764,1911,2678,2,2,0,729218,13,70,0,0,0,0,0,0,60,lru,0,0,0,0,0,0,1024,0,881,60,0,72,21,0,0,0,0,0,0,0,0,250871808,955,250871808,396,14846368672667771208,0,0,0,0,0,0,0,0
layer,1,0,0,0,prefill,28,129,0,129,628885,30521,1809,2118,2,2,0,633349,21,29,0,0,0,0,0,0,60,lru,0,0,0,0,0,0,1024,0,850,60,0,69,23,0,0,0,0,0,0,0,0,245170176,647,245170176,387,7888169583796691904,0,0,0,0,0,0,0,0
layer,1,0,0,0,prefill,29,137,0,137,564075,29082,1853,2093,2,2,0,568679,15,37,0,0,0,0,0,0,60,lru,0,0,0,0,0,0,1024,0,822,60,0,77,23,0,0,0,0,0,0,0,0,260374528,698,260374528,411,2104717543554312498,0,0,0,0,0,0,0,0
layer,1,0,0,0,prefill,30,147,0,147,628086,32053,1807,2252,1,1,0,632960,14,32,0,0,0,0,0,0,60,lru,0,0,0,0,0,0,1024,0,834,60,0,87,25,0,0,0,0,0,0,0,0,279379968,885,279379968,441,2048301277715180987,0,0,0,0,0,0,0,0
layer,1,0,0,0,prefill,31,128,0,128,544821,27659,1853,2094,2,2,0,549102,13,34,0,0,0,0,0,0,60,lru,0,0,0,0,0,0,1024,0,882,60,0,68,21,0,0,0,0,0,0,0,0,243269632,636,243269632,384,10929869390654555039,0,0,0,0,0,0,0,0
layer,1,0,0,0,prefill,32,138,0,138,594995,30467,1909,2265,1,1,0,599570,12,33,0,0,0,0,0,0,60,lru,0,0,0,0,0,0,1024,0,834,60,0,78,21,0,0,0,0,0,0,0,0,262275072,817,262275072,414,13826025403527238995,0,0,0,0,0,0,0,0
layer,1,0,0,0,prefill,33,146,0,146,588703,29560,1934,2147,2,2,0,593625,19,45,0,0,0,0,0,0,60,lru,0,0,0,0,0,0,1024,0,821,60,0,86,25,0,0,0,0,0,0,0,0,277479424,776,277479424,438,13381094655000008861,0,0,0,0,0,0,0,0
layer,1,0,0,0,prefill,34,153,0,153,634548,32069,6217,2489,1,1,0,639791,14,65,0,0,0,0,0,0,60,lru,0,0,0,0,0,0,1024,0,791,60,0,93,24,0,0,0,0,0,0,0,0,312090624,1138,312090624,459,6306605809918136037,0,0,0,0,0,0,0,0
layer,1,0,0,0,prefill,35,138,0,138,594727,29216,1908,2287,3,3,0,599228,19,24,0,0,0,0,0,0,60,lru,0,0,0,0,0,0,1024,0,882,60,0,78,25,0,0,0,0,0,0,0,0,262275072,807,262275072,414,10396090839241596827,0,0,0,0,0,0,0,0
layer,1,0,0,0,prefill,36,145,0,145,597719,30465,1914,2388,1,1,0,602508,15,38,0,0,0,0,0,0,60,lru,0,0,0,0,0,0,1024,0,848,60,0,85,23,0,0,0,0,0,0,0,0,275578880,795,275578880,435,3277203410339951116,0,0,0,0,0,0,0,0
layer,1,0,0,0,prefill,37,134,0,134,568506,28635,1848,2128,2,2,0,572895,13,25,0,0,0,0,0,0,60,lru,0,0,0,0,0,0,1024,0,910,60,0,74,20,0,0,0,0,0,0,0,0,254672896,692,254672896,402,687463232770928696,0,0,0,0,0,0,0,0
layer,1,0,0,0,prefill,38,126,0,126,579591,29234,1748,1994,1,1,0,583888,12,49,0,0,0,0,0,0,60,lru,0,0,0,0,0,0,1024,0,906,60,0,66,22,0,0,0,0,0,0,0,0,257015808,536,257015808,378,3152204717211103003,0,0,0,0,0,0,0,0
layer,1,0,0,0,prefill,39,142,0,142,637502,30905,11853,2207,2,2,0,642259,13,38,0,0,0,0,0,0,60,lru,0,0,0,0,0,0,1024,0,893,60,0,82,21,0,0,0,0,0,0,0,0,289652736,739,289652736,426,18063871893985616342,0,0,0,0,0,0,0,0
request,1,0,0,0,prefill,-1,0,0,0,0,0,0,0,0,0,0,0,0,0,0,0,0,0,0,0,0,,32337428,33054,0,0,21,0,0,0,0,0,0,0,0,0,0,0,0,0,0,0,0,0,0,0,0,0,0,0,0,0,0,0,0,0
layer,2,0,1,128,decode,0,8,3,5,4306,2100,351,1465,46,0,46,6018,42,32,0,0,0,0,0,0,60,lru,0,0,0,0,0,0,8,3,8,0,5,0,60,0,0,0,0,0,0,0,0,9502720,0,9502720,15,7254485698621351976,0,0,5,8,5,0,0,0
layer,2,0,1,128,decode,1,8,4,4,6109,1210,242,292,32,1,31,6570,12,24,0,0,0,0,0,0,60,lru,0,0,0,0,0,0,8,4,8,0,4,0,39,0,0,0,0,0,0,0,0,7602176,0,7602176,12,4328414224302126305,0,0,4,8,4,0,0,0
layer,2,0,1,128,decode,2,8,4,4,5104,563,2093,137,37,0,37,5404,9,35,0,0,0,0,0,0,60,lru,0,0,0,0,0,0,8,4,8,0,4,0,27,0,0,0,0,0,0,0,0,7602176,0,7602176,12,1001171307569698806,0,0,4,8,4,0,0,0
layer,2,0,1,128,decode,3,8,2,6,4850,804,233,131,22,1,21,5138,12,5,0,0,0,0,0,0,60,lru,0,0,0,0,0,0,8,2,8,0,6,0,26,0,0,0,0,0,0,0,0,11403264,0,11403264,18,7879118728736304243,0,0,6,8,6,0,0,0
layer,2,0,1,128,decode,4,8,3,5,4549,652,217,115,18,0,18,4796,9,16,0,0,0,0,0,0,60,lru,0,0,0,0,0,0,8,3,8,0,5,0,17,0,0,0,0,0,0,0,0,9502720,0,9502720,15,8157219622342567720,0,0,5,8,5,0,0,0
layer,2,0,1,128,decode,5,8,5,3,14390,649,217,79,15,0,15,14555,8,4,0,0,0,0,0,0,60,lru,0,0,0,0,0,0,8,5,8,0,3,0,14,0,0,0,0,0,0,0,0,5701632,0,5701632,9,11604806328950607740,0,0,3,8,3,0,0,0
layer,2,0,1,128,decode,6,8,7,1,425,158,175,16,9,0,9,517,8,3,0,0,0,0,0,0,60,lru,0,0,0,0,0,0,8,7,8,0,1,0,16,0,0,0,0,0,0,0,0,1900544,0,1900544,3,9595127914444460934,0,0,1,8,1,0,0,0
layer,2,0,1,128,decode,7,8,7,1,369,153,242,40,13,0,13,503,9,21,0,0,0,0,0,0,60,lru,0,0,0,0,0,0,8,7,8,0,1,0,13,0,0,0,0,0,0,0,0,1900544,0,1900544,3,6110789278621683118,0,0,1,8,1,0,0,0
layer,2,0,1,128,decode,8,8,7,1,335,161,207,26,10,0,10,436,8,4,0,0,0,0,0,0,60,lru,0,0,0,0,0,0,8,7,8,0,1,0,14,0,0,0,0,0,0,0,0,1900544,0,1900544,3,11009270682043261506,0,0,1,8,1,0,0,0
layer,2,0,1,128,decode,9,8,6,2,673,300,223,68,3,0,3,805,8,6,0,0,0,0,0,0,60,lru,0,0,0,0,0,0,8,6,8,0,2,0,10,0,0,0,0,0,0,0,0,3801088,0,3801088,6,11304495276917889214,0,0,2,8,2,0,0,0
layer,2,0,1,128,decode,10,8,4,4,2903,503,190,77,3,0,3,3071,8,4,0,0,0,0,0,0,60,lru,0,0,0,0,0,0,8,4,8,0,4,0,6,0,0,0,0,0,0,0,0,7602176,0,7602176,12,15803557957215100032,0,0,4,8,4,0,0,0
layer,2,0,1,128,decode,11,8,5,3,1081,422,219,40,1,0,1,1211,8,6,0,0,0,0,0,0,60,lru,0,0,0,0,0,0,8,5,8,0,3,0,4,0,0,0,0,0,0,0,0,5701632,0,5701632,9,5515690665552396685,0,0,3,8,3,0,0,0
layer,2,0,1,128,decode,12,8,6,2,650,289,216,51,2,0,2,767,8,2,0,0,0,0,0,0,60,lru,0,0,0,0,0,0,8,6,8,0,2,0,6,0,0,0,0,0,0,0,0,3801088,0,3801088,6,14377724257657132143,0,0,2,8,2,0,0,0
layer,2,0,1,128,decode,13,8,6,2,6004,410,202,49,2,0,2,6121,8,5,0,0,0,0,0,0,60,lru,0,0,0,0,0,0,8,6,8,0,2,0,6,0,0,0,0,0,0,0,0,3801088,0,3801088,6,1307492344527778106,0,0,2,8,2,0,0,0
layer,2,0,1,128,decode,14,8,7,1,362,157,196,16,1,0,1,461,8,16,0,0,0,0,0,0,60,lru,0,0,0,0,0,0,8,7,8,0,1,0,6,0,0,0,0,0,0,0,0,1900544,0,1900544,3,4485037701910013768,0,0,1,8,1,0,0,0
layer,2,0,1,128,decode,15,8,8,0,0,0,267,0,1,1,0,25,8,2,0,0,0,0,0,0,60,lru,0,0,0,0,0,0,8,8,8,0,0,0,5,0,0,0,0,0,0,0,0,0,0,0,0,3980058925024748147,0,0,0,8,0,0,0,0
layer,2,0,1,128,decode,16,8,6,2,765,255,225,44,4,0,4,887,8,7,0,0,0,0,0,0,60,lru,0,0,0,0,0,0,8,6,8,0,2,0,5,0,0,0,0,0,0,0,0,3801088,0,3801088,6,1520042376657277118,0,0,2,8,2,0,0,0
layer,2,0,1,128,decode,17,8,6,2,664,290,230,30,4,0,4,783,8,10,0,0,0,0,0,0,60,lru,0,0,0,0,0,0,8,6,8,0,2,0,5,0,0,0,0,0,0,0,0,3801088,0,3801088,6,17242286561999112203,0,0,2,8,2,0,0,0
layer,2,0,1,128,decode,18,8,5,3,1031,391,205,56,2,0,2,1209,8,30,0,0,0,0,0,0,60,lru,0,0,0,0,0,0,8,5,8,0,3,0,8,0,0,0,0,0,0,0,0,5701632,0,5701632,9,17477815340518167930,0,0,3,8,3,0,0,0
layer,2,0,1,128,decode,19,8,6,2,8333,428,217,39,3,1,2,8430,8,2,0,0,0,0,0,0,60,lru,0,0,0,0,0,0,8,6,8,0,2,0,3,0,0,0,0,0,0,0,0,3801088,0,3801088,6,7001027055878190830,0,0,2,8,2,0,0,0
layer,2,0,1,128,decode,20,8,6,2,693,269,222,45,2,0,2,796,8,3,0,0,0,0,0,0,60,lru,0,0,0,0,0,0,8,6,8,0,2,0,6,0,0,0,0,0,0,0,0,3801088,0,3801088,6,2708815735651456751,0,0,2,8,2,0,0,0
layer,2,0,1,128,decode,21,8,7,1,636,164,198,21,1,0,1,706,8,3,0,0,0,0,0,0,60,lru,0,0,0,0,0,0,8,7,8,0,1,0,6,0,0,0,0,0,0,0,0,1900544,0,1900544,3,7704508630103240882,0,0,1,8,1,0,0,0
layer,2,0,1,128,decode,22,8,5,3,4760,407,188,99,2,0,2,4906,8,16,0,0,0,0,0,0,60,lru,0,0,0,0,0,0,8,5,8,0,3,0,3,0,0,0,0,0,0,0,0,5701632,0,5701632,9,1845266412580334140,0,0,3,8,3,0,0,0
layer,2,0,1,128,decode,23,8,6,2,940,270,395,141,3,0,3,1201,8,36,0,0,0,0,0,0,60,lru,0,0,0,0,0,0,8,6,8,0,2,0,4,0,0,0,0,0,0,0,0,3801088,0,3801088,6,11423075746881571236,0,0,2,8,2,0,0,0
layer,2,0,1,128,decode,24,8,5,3,7603,432,227,76,6,1,5,7816,18,28,0,0,0,0,0,0,60,lru,0,0,0,0,0,0,8,5,8,0,3,0,10,0,0,0,0,0,0,0,0,5701632,0,5701632,9,12497833297056640796,0,0,3,8,3,0,0,0
layer,2,0,1,128,decode,25,8,4,4,6116,559,239,99,3,0,3,6355,11,33,0,0,0,0,0,0,60,lru,0,0,0,0,0,0,8,4,8,0,4,0,6,0,0,0,0,0,0,0,0,7602176,0,7602176,12,2469130425578470345,0,0,4,8,4,0,0,0
layer,2,0,1,128,decode,26,8,7,1,367,158,178,15,3,0,3,435,8,4,0,0,0,0,0,0,60,lru,0,0,0,0,0,0,8,7,8,0,1,0,6,0,0,0,0,0,0,0,0,1900544,0,1900544,3,1053491816991993220,0,0,1,8,1,0,0,0
layer,2,0,1,128,decode,27,8,4,4,1753,548,238,94,2,0,2,1963,7,16,0,0,0,0,0,0,60,lru,0,0,0,0,0,0,8,4,8,0,4,0,6,0,0,0,0,0,0,0,0,7602176,0,7602176,12,5393886175912153606,0,0,4,8,4,0,0,0
layer,2,0,1,128,decode,28,8,6,2,3572,274,234,33,2,0,2,3677,8,2,0,0,0,0,0,0,60,lru,0,0,0,0,0,0,8,6,8,0,2,0,4,0,0,0,0,0,0,0,0,3801088,0,3801088,6,15332712752622925119,0,0,2,8,2,0,0,0
layer,2,0,1,128,decode,29,8,4,4,5047,530,242,114,3,1,2,5275,8,26,0,0,0,0,0,0,60,lru,0,0,0,0,0,0,8,4,8,0,4,0,4,0,0,0,0,0,0,0,0,7602176,0,7602176,12,13375048892650805854,0,0,4,8,4,0,0,0
layer,2,0,1,128,decode,30,8,6,2,1691,292,203,32,2,0,2,1812,8,3,0,0,0,0,0,0,60,lru,0,0,0,0,0,0,8,6,8,0,2,0,3,0,0,0,0,0,0,0,0,3801088,0,3801088,6,13782977827483029981,0,0,2,8,2,0,0,0
layer,2,0,1,128,decode,31,8,5,3,4152,414,229,56,3,1,2,4301,8,3,0,0,0,0,0,0,60,lru,0,0,0,0,0,0,8,5,8,0,3,0,4,0,0,0,0,0,0,0,0,5701632,0,5701632,9,13939020910911204755,0,0,3,8,3,0,0,0
layer,2,0,1,128,decode,32,8,3,5,3768,667,226,137,2,0,2,4002,8,17,0,0,0,0,0,0,60,lru,0,0,0,0,0,0,8,3,8,0,5,0,3,0,0,0,0,0,0,0,0,9502720,0,9502720,15,5602116782344715367,0,0,5,8,5,0,0,0
layer,2,0,1,128,decode,33,8,4,4,7950,556,240,92,3,0,3,8129,8,10,0,0,0,0,0,0,60,lru,0,0,0,0,0,0,8,4,8,0,4,0,8,0,0,0,0,0,0,0,0,7602176,0,7602176,12,7589832193247832721,0,0,4,8,4,0,0,0
layer,2,0,1,128,decode,34,8,3,5,8821,703,254,93,2,0,2,9020,8,3,0,0,0,0,0,0,60,lru,0,0,0,0,0,0,8,3,8,0,5,0,7,0,0,0,0,0,0,0,0,10199040,0,10199040,15,7064816013019935396,0,0,5,8,5,0,0,0
layer,2,0,1,128,decode,35,8,6,2,4746,458,226,43,3,0,3,4862,8,9,0,0,0,0,0,0,60,lru,0,0,0,0,0,0,8,6,8,0,2,0,5,0,0,0,0,0,0,0,0,3801088,0,3801088,6,9740308546073552789,0,0,2,8,2,0,0,0
layer,2,0,1,128,decode,36,8,3,5,2394,652,215,126,3,0,3,2637,8,5,0,0,0,0,0,0,60,lru,0,0,0,0,0,0,8,3,8,0,5,0,9,0,0,0,0,0,0,0,0,9502720,0,9502720,15,4623111038456450604,0,0,5,8,5,0,0,0
layer,2,0,1,128,decode,37,8,5,3,5187,542,233,76,4,1,3,5354,8,18,0,0,0,0,0,0,60,lru,0,0,0,0,0,0,8,5,8,0,3,0,4,0,0,0,0,0,0,0,0,5701632,0,5701632,9,10094418978732537205,0,0,3,8,3,0,0,0
layer,2,0,1,128,decode,38,8,2,6,5596,866,195,124,2,0,2,5874,8,14,0,0,0,0,0,0,60,lru,0,0,0,0,0,0,8,2,8,0,6,0,5,0,0,0,0,0,0,0,0,12238848,0,12238848,18,6002352678584087619,0,0,6,8,6,0,0,0
layer,2,0,1,128,decode,39,8,3,5,7489,842,720,122,3,1,2,7740,8,34,0,0,0,0,0,0,60,lru,0,0,0,0,0,0,8,3,8,0,5,0,2,0,0,0,0,0,0,0,0,10199040,0,10199040,15,12905355854548117940,0,0,5,8,5,0,0,0
request,2,0,1,0,decode,-1,0,0,0,0,0,0,0,0,0,0,0,0,0,0,0,0,0,0,0,0,,181346,780,0,0,28,0,0,0,0,0,0,0,0,0,0,0,0,0,0,0,0,0,0,0,0,0,0,0,0,0,0,0,0,0
layer,3,0,2,129,decode,0,8,2,6,2268,840,453,192,42,0,42,2657,11,23,0,0,0,0,0,0,60,lru,0,0,0,0,0,0,8,2,8,0,6,0,52,0,0,0,0,0,0,0,0,11403264,0,11403264,18,4009942129221919342,0,0,6,8,6,0,0,0
layer,3,0,2,129,decode,1,8,2,6,7106,888,442,134,28,0,28,7402,10,4,0,0,0,0,0,0,60,lru,0,0,0,0,0,0,8,2,8,0,6,0,34,0,0,0,0,0,0,0,0,11403264,0,11403264,18,18217181162900242125,0,0,6,8,6,0,0,0
layer,3,0,2,129,decode,2,8,7,1,393,163,389,22,35,0,35,532,9,4,0,0,0,0,0,0,60,lru,0,0,0,0,0,0,8,7,8,0,1,0,25,0,0,0,0,0,0,0,0,1900544,0,1900544,3,12103677070006543548,0,0,1,8,1,0,0,0
layer,3,0,2,129,decode,3,8,4,4,2622,553,435,62,19,1,18,2857,9,5,0,0,0,0,0,0,60,lru,0,0,0,0,0,0,8,4,8,0,4,0,24,0,0,0,0,0,0,0,0,7602176,0,7602176,12,9198642985979581907,0,0,4,8,4,0,0,0
layer,3,0,2,129,decode,4,8,6,2,1199,265,416,39,15,0,15,1329,9,6,0,0,0,0,0,0,60,lru,0,0,0,0,0,0,8,6,8,0,2,0,17,0,0,0,0,0,0,0,0,3801088,0,3801088,6,316360594592359844,0,0,2,8,2,0,0,0
layer,3,0,2,129,decode,5,8,5,3,1086,422,654,97,14,0,14,1306,12,26,0,0,0,0,0,0,60,lru,0,0,0,0,0,0,8,5,8,0,3,0,15,0,0,0,0,0,0,0,0,5701632,0,5701632,9,10033590023762998123,0,0,3,8,3,0,0,0
layer,3,0,2,129,decode,6,8,7,1,343,171,406,33,7,0,7,459,14,4,0,0,0,0,0,0,60,lru,0,0,0,0,0,0,8,7,8,0,1,0,15,0,0,0,0,0,0,0,0,1900544,0,1900544,3,15490833820647820463,0,0,1,8,1,0,0,0
layer,3,0,2,129,decode,7,8,8,0,0,0,468,0,1,1,0,46,10,4,0,0,0,0,0,0,60,lru,0,0,0,0,0,0,8,8,8,0,0,0,15,0,0,0,0,0,0,0,0,0,0,0,0,14146416194496846403,0,0,0,8,0,0,0,0
layer,3,0,2,129,decode,8,8,8,0,0,0,458,0,0,0,0,35,8,4,0,0,0,0,0,0,60,lru,0,0,0,0,0,0,8,8,8,0,0,0,13,0,0,0,0,0,0,0,0,0,0,0,0,10079190880169119211,0,0,0,8,0,0,0,0
layer,3,0,2,129,decode,9,8,7,1,321,173,457,36,1,0,1,418,9,3,0,0,0,0,0,0,60,lru,0,0,0,0,0,0,8,7,8,0,1,0,12,0,0,0,0,0,0,0,0,1900544,0,1900544,3,4429355030589802168,0,0,1,8,1,0,0,0
layer,3,0,2,129,decode,10,8,5,3,1022,424,356,63,1,0,1,1178,9,15,0,0,0,0,0,0,60,lru,0,0,0,0,0,0,8,5,8,0,3,0,5,0,0,0,0,0,0,0,0,5701632,0,5701632,9,10057024807057288266,0,0,3,8,3,0,0,0
layer,3,0,2,129,decode,11,8,3,5,3942,677,596,169,4,1,3,4157,8,4,0,0,0,0,0,0,60,lru,0,0,0,0,0,0,8,3,8,0,5,0,5,0,0,0,0,0,0,0,0,9502720,0,9502720,15,15740224724942159143,0,0,5,8,5,0,0,0
layer,3,0,2,129,decode,12,8,5,3,1264,410,503,86,2,0,2,1492,11,39,0,0,0,0,0,0,60,lru,0,0,0,0,0,0,8,5,8,0,3,0,9,0,0,0,0,0,0,0,0,5701632,0,5701632,9,6295255665047525046,0,0,3,8,3,0,0,0
layer,3,0,2,129,decode,13,8,4,4,1407,541,786,106,3,1,2,1619,11,29,0,0,0,0,0,0,60,lru,0,0,0,0,0,0,8,4,8,0,4,0,8,0,0,0,0,0,0,0,0,7602176,0,7602176,12,11415031381658446584,0,0,4,8,4,0,0,0
layer,3,0,2,129,decode,14,8,5,3,6137,452,413,105,2,0,2,6311,13,6,0,0,0,0,0,0,60,lru,0,0,0,0,0,0,8,5,8,0,3,0,8,0,0,0,0,0,0,0,0,5701632,0,5701632,9,11179997196429510639,0,0,3,8,3,0,0,0
layer,3,0,2,129,decode,15,8,5,3,1047,418,414,63,3,1,2,1170,10,4,0,0,0,0,0,0,60,lru,0,0,0,0,0,0,8,5,8,0,3,0,7,0,0,0,0,0,0,0,0,5701632,0,5701632,9,7233078550582138417,0,0,3,8,3,0,0,0
layer,3,0,2,129,decode,16,8,5,3,6746,481,432,88,3,0,3,6886,9,4,0,0,0,0,0,0,60,lru,0,0,0,0,0,0,8,5,8,0,3,0,6,0,0,0,0,0,0,0,0,5701632,0,5701632,9,2510026629505768952,0,0,3,8,3,0,0,0
layer,3,0,2,129,decode,17,8,6,2,720,234,436,34,4,1,3,857,8,3,0,0,0,0,0,0,60,lru,0,0,0,0,0,0,8,6,8,0,2,0,8,0,0,0,0,0,0,0,0,3801088,0,3801088,6,6072427140901157797,0,0,2,8,2,0,0,0
layer,3,0,2,129,decode,18,8,5,3,2881,408,397,51,3,0,3,3008,9,3,0,0,0,0,0,0,60,lru,0,0,0,0,0,0,8,5,8,0,3,0,6,0,0,0,0,0,0,0,0,5701632,0,5701632,9,13196912883624368847,0,0,3,8,3,0,0,0
layer,3,0,2,129,decode,19,8,8,0,0,0,580,0,0,0,0,31,9,3,0,0,0,0,0,0,60,lru,0,0,0,0,0,0,8,8,8,0,0,0,7,0,0,0,0,0,0,0,0,0,0,0,0,7793243685421675599,0,0,0,8,0,0,0,0
layer,3,0,2,129,decode,20,8,8,0,0,0,461,0,0,0,0,29,10,3,0,0,0,0,0,0,60,lru,0,0,0,0,0,0,8,8,8,0,0,0,7,0,0,0,0,0,0,0,0,0,0,0,0,16033453809180578344,0,0,0,8,0,0,0,0
layer,3,0,2,129,decode,21,8,6,2,6158,234,470,52,2,0,2,6274,9,5,0,0,0,0,0,0,60,lru,0,0,0,0,0,0,8,6,8,0,2,0,7,0,0,0,0,0,0,0,0,3801088,0,3801088,6,12405822552386308218,0,0,2,8,2,0,0,0
layer,3,0,2,129,decode,22,8,4,4,2018,523,385,69,2,0,2,2219,9,17,0,0,0,0,0,0,60,lru,0,0,0,0,0,0,8,4,8,0,4,0,6,0,0,0,0,0,0,0,0,7602176,0,7602176,12,2827174252616420466,0,0,4,8,4,0,0,0
layer,3,0,2,129,decode,23,8,1,7,7063,998,405,139,4,0,4,7320,9,6,0,0,0,0,0,0,60,lru,0,0,0,0,0,0,8,1,8,0,7,0,4,0,0,0,0,0,0,0,0,13303808,0,13303808,21,3672429565504879950,0,0,7,8,7,0,0,0
layer,3,0,2,129,decode,24,8,5,3,1106,421,396,51,3,0,3,1244,9,5,0,0,0,0,0,0,60,lru,0,0,0,0,0,0,8,5,8,0,3,0,4,0,0,0,0,0,0,0,0,5701632,0,5701632,9,5993976759942564607,0,0,3,8,3,0,0,0
layer,3,0,2,129,decode,25,8,6,2,779,283,516,62,3,0,3,901,8,4,0,0,0,0,0,0,60,lru,0,0,0,0,0,0,8,6,8,0,2,0,4,0,0,0,0,0,0,0,0,3801088,0,3801088,6,10142880585772523441,0,0,2,8,2,0,0,0
layer,3,0,2,129,decode,26,8,6,2,696,308,382,46,2,0,2,812,10,6,0,0,0,0,0,0,60,lru,0,0,0,0,0,0,8,6,8,0,2,0,7,0,0,0,0,0,0,0,0,3801088,0,3801088,6,823042062324727788,0,0,2,8,2,0,0,0
layer,3,0,2,129,decode,27,8,4,4,1585,545,428,133,2,0,2,1817,9,21,0,0,0,0,0,0,60,lru,0,0,0,0,0,0,8,4,8,0,4,0,4,0,0,0,0,0,0,0,0,7602176,0,7602176,12,17127710065731334612,0,0,4,8,4,0,0,0
layer,3,0,2,129,decode,28,8,5,3,7703,415,403,115,3,0,3,7888,9,21,0,0,0,0,0,0,60,lru,0,0,0,0,0,0,8,5,8,0,3,0,4,0,0,0,0,0,0,0,0,5701632,0,5701632,9,1662305469876609592,0,0,3,8,3,0,0,0
layer,3,0,2,129,decode,29,8,4,4,1731,535,419,111,2,0,2,1924,10,19,0,0,0,0,0,0,60,lru,0,0,0,0,0,0,8,4,8,0,4,0,3,0,0,0,0,0,0,0,0,7602176,0,7602176,12,2941479158524053642,0,0,4,8,4,0,0,0
layer,3,0,2,129,decode,30,8,3,5,6250,732,699,113,3,0,3,6432,9,5,0,0,0,0,0,0,60,lru,0,0,0,0,0,0,8,3,8,0,5,0,3,0,0,0,0,0,0,0,0,9502720,0,9502720,15,2026413415075218670,0,0,5,8,5,0,0,0
layer,3,0,2,129,decode,31,8,2,6,12182,952,439,126,2,0,2,12448,11,5,0,0,0,0,0,0,60,lru,0,0,0,0,0,0,8,2,8,0,6,0,7,0,0,0,0,0,0,0,0,11403264,0,11403264,18,3826497831044602858,0,0,6,8,6,0,0,0
layer,3,0,2,129,decode,32,8,3,5,3443,683,488,96,3,0,3,3645,10,4,0,0,0,0,0,0,60,lru,0,0,0,0,0,0,8,3,8,0,5,0,5,0,0,0,0,0,0,0,0,9502720,0,9502720,15,11308038024691896505,0,0,5,8,5,0,0,0
layer,3,0,2,129,decode,33,8,2,6,3594,786,416,165,3,0,3,3808,12,4,0,0,0,0,0,0,60,lru,0,0,0,0,0,0,8,2,8,0,6,0,6,0,0,0,0,0,0,0,0,11403264,0,11403264,18,6137498437151561856,0,0,6,8,6,0,0,0
layer,3,0,2,129,decode,34,8,3,5,5697,703,389,132,2,0,2,5926,9,26,0,0,0,0,0,0,60,lru,0,0,0,0,0,0,8,3,8,0,5,0,4,0,0,0,0,0,0,0,0,10199040,0,10199040,15,2924331120764195644,0,0,5,8,5,0,0,0
layer,3,0,2,129,decode,35,8,0,8,7764,1239,413,254,1,0,1,8084,10,6,0,0,0,0,0,0,60,lru,0,0,0,0,0,0,8,0,8,0,8,0,8,0,0,0,0,0,0,0,0,15204352,0,15204352,24,489601649176824821,0,0,8,8,8,0,0,0
layer,3,0,2,129,decode,36,8,4,4,1631,522,401,68,3,0,3,1793,9,3,0,0,0,0,0,0,60,lru,0,0,0,0,0,0,8,4,8,0,4,0,5,0,0,0,0,0,0,0,0,7602176,0,7602176,12,6841763421531395713,0,0,4,8,4,0,0,0
layer,3,0,2,129,decode,37,8,2,6,5633,807,419,138,2,0,2,5905,9,26,0,0,0,0,0,0,60,lru,0,0,0,0,0,0,8,2,8,0,6,0,6,0,0,0,0,0,0,0,0,11403264,0,11403264,18,4838366014700850840,0,0,6,8,6,0,0,0
layer,3,0,2,129,decode,38,8,4,4,1855,601,484,82,2,0,2,2039,9,4,0,0,0,0,0,0,60,lru,0,0,0,0,0,0,8,4,8,0,4,0,6,0,0,0,0,0,0,0,0,8159232,0,8159232,12,12957776315629321224,0,0,4,8,4,0,0,0
layer,3,0,2,129,decode,39,8,3,5,2635,748,800,65,2,0,2,2866,11,5,0,0,0,0,0,0,60,lru,0,0,0,0,0,0,8,3,8,0,5,0,6,0,0,0,0,0,0,0,0,10199040,0,10199040,15,17451067373868649392,0,0,5,8,5,0,0,0
request,3,0,2,0,decode,-1,0,0,0,0,0,0,0,0,0,0,0,0,0,0,0,0,0,0,0,0,,149945,850,0,0,17,0,0,0,0,0,0,0,0,0,0,0,0,0,0,0,0,0,0,0,0,0,0,0,0,0,0,0,0,0
layer,4,0,3,130,decode,0,8,4,4,1712,482,152,66,6,0,6,1888,11,6,0,0,0,0,0,0,60,lru,0,0,0,0,0,0,8,4,8,0,4,0,9,0,0,0,0,0,0,0,0,7602176,0,7602176,12,13078433122374814054,0,0,4,8,4,0,0,0
layer,4,0,3,130,decode,1,8,6,2,711,284,159,46,5,0,5,828,8,3,0,0,0,0,0,0,60,lru,0,0,0,0,0,0,8,6,8,0,2,0,7,0,0,0,0,0,0,0,0,3801088,0,3801088,6,11575009245088819475,0,0,2,8,2,0,0,0
layer,4,0,3,130,decode,2,8,4,4,1791,516,154,104,7,0,7,2014,8,31,0,0,0,0,0,0,60,lru,0,0,0,0,0,0,8,4,8,0,4,0,7,0,0,0,0,0,0,0,0,7602176,0,7602176,12,12775780078486283939,0,0,4,8,4,0,0,0
layer,4,0,3,130,decode,3,8,7,1,370,163,160,17,5,0,5,443,8,4,0,0,0,0,0,0,60,lru,0,0,0,0,0,0,8,7,8,0,1,0,7,0,0,0,0,0,0,0,0,1900544,0,1900544,3,12333402507183870269,0,0,1,8,1,0,0,0
layer,4,0,3,130,decode,4,8,7,1,374,164,155,15,5,0,5,455,8,3,0,0,0,0,0,0,60,lru,0,0,0,0,0,0,8,7,8,0,1,0,6,0,0,0,0,0,0,0,0,1900544,0,1900544,3,1853324992290510841,0,0,1,8,1,0,0,0
layer,4,0,3,130,decode,5,8,6,2,786,295,157,23,5,0,5,894,8,4,0,0,0,0,0,0,60,lru,0,0,0,0,0,0,8,6,8,0,2,0,6,0,0,0,0,0,0,0,0,3801088,0,3801088,6,1770990968771014973,0,0,2,8,2,0,0,0
layer,4,0,3,130,decode,6,8,5,3,1235,394,142,48,6,0,6,1364,8,4,0,0,0,0,0,0,60,lru,0,0,0,0,0,0,8,5,8,0,3,0,5,0,0,0,0,0,0,0,0,5701632,0,5701632,9,1916517387032497030,0,0,3,8,3,0,0,0
layer,4,0,3,130,decode,7,8,7,1,369,166,160,15,9,0,9,446,8,2,0,0,0,0,0,0,60,lru,0,0,0,0,0,0,8,7,8,0,1,0,6,0,0,0,0,0,0,0,0,1900544,0,1900544,3,10163830558002987818,0,0,1,8,1,0,0,0
layer,4,0,3,130,decode,8,8,8,0,0,0,181,0,0,0,0,25,8,2,0,0,0,0,0,0,60,lru,0,0,0,0,0,0,8,8,8,0,0,0,6,0,0,0,0,0,0,0,0,0,0,0,0,570941305267716897,0,0,0,8,0,0,0,0
layer,4,0,3,130,decode,9,8,8,0,0,0,189,0,0,0,0,22,7,2,0,0,0,0,0,0,60,lru,0,0,0,0,0,0,8,8,8,0,0,0,5,0,0,0,0,0,0,0,0,0,0,0,0,4306283493099630016,0,0,0,8,0,0,0,0
layer,4,0,3,130,decode,10,8,8,0,0,0,162,0,0,0,0,20,8,2,0,0,0,0,0,0,60,lru,0,0,0,0,0,0,8,8,8,0,0,0,3,0,0,0,0,0,0,0,0,0,0,0,0,17306499330006666642,0,0,0,8,0,0,0,0
layer,4,0,3,130,decode,11,8,6,2,779,300,160,19,3,0,3,892,8,4,0,0,0,0,0,0,60,lru,0,0,0,0,0,0,8,6,8,0,2,0,2,0,0,0,0,0,0,0,0,3801088,0,3801088,6,18278226633603288318,0,0,2,8,2,0,0,0
layer,4,0,3,130,decode,12,8,6,2,662,269,153,27,2,0,2,758,8,4,0,0,0,0,0,0,60,lru,0,0,0,0,0,0,8,6,8,0,2,0,4,0,0,0,0,0,0,0,0,3801088,0,3801088,6,13138297533184422298,0,0,2,8,2,0,0,0
layer,4,0,3,130,decode,13,8,6,2,639,302,159,38,1,0,1,752,7,14,0,0,0,0,0,0,60,lru,0,0,0,0,0,0,8,6,8,0,2,0,4,0,0,0,0,0,0,0,0,3801088,0,3801088,6,5465802783897839901,0,0,2,8,2,0,0,0
layer,4,0,3,130,decode,14,8,8,0,0,0,163,0,0,0,0,21,8,2,0,0,0,0,0,0,60,lru,0,0,0,0,0,0,8,8,8,0,0,0,3,0,0,0,0,0,0,0,0,0,0,0,0,4328350500800064422,0,0,0,8,0,0,0,0
layer,4,0,3,130,decode,15,8,7,1,314,164,160,14,1,0,1,384,7,3,0,0,0,0,0,0,60,lru,0,0,0,0,0,0,8,7,8,0,1,0,4,0,0,0,0,0,0,0,0,1900544,0,1900544,3,4609160861113935129,0,0,1,8,1,0,0,0
layer,4,0,3,130,decode,16,8,7,1,268,169,154,22,2,0,2,356,8,15,0,0,0,0,0,0,60,lru,0,0,0,0,0,0,8,7,8,0,1,0,2,0,0,0,0,0,0,0,0,1900544,0,1900544,3,17392070569984965743,0,0,1,8,1,0,0,0
layer,4,0,3,130,decode,17,8,5,3,6454,508,161,53,2,0,2,6598,8,13,0,0,0,0,0,0,60,lru,0,0,0,0,0,0,8,5,8,0,3,0,3,0,0,0,0,0,0,0,0,5701632,0,5701632,9,3944703500144734787,0,0,3,8,3,0,0,0
layer,4,0,3,130,decode,18,8,7,1,340,170,143,32,1,0,1,405,8,3,0,0,0,0,0,0,60,lru,0,0,0,0,0,0,8,7,8,0,1,0,3,0,0,0,0,0,0,0,0,1900544,0,1900544,3,2695266850908819127,0,0,1,8,1,0,0,0
layer,4,0,3,130,decode,19,8,6,2,674,296,161,40,2,0,2,775,8,4,0,0,0,0,0,0,60,lru,0,0,0,0,0,0,8,6,8,0,2,0,2,0,0,0,0,0,0,0,0,3801088,0,3801088,6,8376587437975974901,0,0,2,8,2,0,0,0
layer,4,0,3,130,decode,20,8,6,2,666,288,153,44,2,0,2,793,8,3,0,0,0,0,0,0,60,lru,0,0,0,0,0,0,8,6,8,0,2,0,3,0,0,0,0,0,0,0,0,3801088,0,3801088,6,2200470684745981630,0,0,2,8,2,0,0,0
layer,4,0,3,130,decode,21,8,7,1,6005,286,159,24,1,0,1,6083,8,13,0,0,0,0,0,0,60,lru,0,0,0,0,0,0,8,7,8,0,1,0,3,0,0,0,0,0,0,0,0,1900544,0,1900544,3,12736164035895235971,0,0,1,8,1,0,0,0
layer,4,0,3,130,decode,22,8,8,0,0,0,165,0,0,0,0,21,8,2,0,0,0,0,0,0,60,lru,0,0,0,0,0,0,8,8,8,0,0,0,3,0,0,0,0,0,0,0,0,0,0,0,0,6839886252152842960,0,0,0,8,0,0,0,0
layer,4,0,3,130,decode,23,8,4,4,2721,548,156,100,3,0,3,2888,8,3,0,0,0,0,0,0,60,lru,0,0,0,0,0,0,8,4,8,0,4,0,3,0,0,0,0,0,0,0,0,7602176,0,7602176,12,9773553938610774363,0,0,4,8,4,0,0,0
layer,4,0,3,130,decode,24,8,6,2,667,327,153,51,2,0,2,768,8,4,0,0,0,0,0,0,60,lru,0,0,0,0,0,0,8,6,8,0,2,0,4,0,0,0,0,0,0,0,0,3801088,0,3801088,6,11684343790876133667,0,0,2,8,2,0,0,0
layer,4,0,3,130,decode,25,8,4,4,1635,576,160,99,1,0,1,1826,8,19,0,0,0,0,0,0,60,lru,0,0,0,0,0,0,8,4,8,0,4,0,2,0,0,0,0,0,0,0,0,7602176,0,7602176,12,6485053647929682663,0,0,4,8,4,0,0,0
layer,4,0,3,130,decode,26,8,6,2,707,287,142,41,3,0,3,801,8,4,0,0,0,0,0,0,60,lru,0,0,0,0,0,0,8,6,8,0,2,0,4,0,0,0,0,0,0,0,0,3801088,0,3801088,6,14544126732160735497,0,0,2,8,2,0,0,0
layer,4,0,3,130,decode,27,8,5,3,2294,411,159,68,2,0,2,2427,7,4,0,0,0,0,0,0,60,lru,0,0,0,0,0,0,8,5,8,0,3,0,2,0,0,0,0,0,0,0,0,5701632,0,5701632,9,6823690627152988879,0,0,3,8,3,0,0,0
layer,4,0,3,130,decode,28,8,4,4,1680,504,152,91,2,0,2,1872,8,15,0,0,0,0,0,0,60,lru,0,0,0,0,0,0,8,4,8,0,4,0,2,0,0,0,0,0,0,0,0,7602176,0,7602176,12,349486446725407584,0,0,4,8,4,0,0,0
layer,4,0,3,130,decode,29,8,3,5,2231,708,155,113,2,0,2,2439,8,19,0,0,0,0,0,0,60,lru,0,0,0,0,0,0,8,3,8,0,5,0,2,0,0,0,0,0,0,0,0,9502720,0,9502720,15,16199493245887441152,0,0,5,8,5,0,0,0
layer,4,0,3,130,decode,30,8,5,3,1468,405,142,61,3,0,3,1589,8,2,0,0,0,0,0,0,60,lru,0,0,0,0,0,0,8,5,8,0,3,0,2,0,0,0,0,0,0,0,0,5701632,0,5701632,9,1404569545392261074,0,0,3,8,3,0,0,0
layer,4,0,3,130,decode,31,8,3,5,14423,856,157,105,2,0,2,14604,7,2,0,0,0,0,0,0,60,lru,0,0,0,0,0,0,8,3,8,0,5,0,2,0,0,0,0,0,0,0,0,9502720,0,9502720,15,3716655159948314648,0,0,5,8,5,0,0,0
layer,4,0,3,130,decode,32,8,5,3,2500,406,155,53,1,0,1,2634,8,3,0,0,0,0,0,0,60,lru,0,0,0,0,0,0,8,5,8,0,3,0,2,0,0,0,0,0,0,0,0,5701632,0,5701632,9,16475801543602089066,0,0,3,8,3,0,0,0
layer,4,0,3,130,decode,33,8,6,2,1003,277,158,45,3,0,3,1128,8,17,0,0,0,0,0,0,60,lru,0,0,0,0,0,0,8,6,8,0,2,0,3,0,0,0,0,0,0,0,0,3801088,0,3801088,6,773282973272797791,0,0,2,8,2,0,0,0
layer,4,0,3,130,decode,34,8,5,3,3025,421,143,50,1,0,1,3147,8,3,0,0,0,0,0,0,60,lru,0,0,0,0,0,0,8,5,8,0,3,0,3,0,0,0,0,0,0,0,0,6119424,0,6119424,9,11843698614937012962,0,0,3,8,3,0,0,0
layer,4,0,3,130,decode,35,8,3,5,5168,649,157,91,2,0,2,5368,8,3,0,0,0,0,0,0,60,lru,0,0,0,0,0,0,8,3,8,0,5,0,4,0,0,0,0,0,0,0,0,9502720,0,9502720,15,16302463268942012278,0,0,5,8,5,0,0,0
layer,4,0,3,130,decode,36,8,4,4,1716,557,153,74,3,0,3,1882,8,17,0,0,0,0,0,0,60,lru,0,0,0,0,0,0,8,4,8,0,4,0,3,0,0,0,0,0,0,0,0,7602176,0,7602176,12,7018357701807364861,0,0,4,8,4,0,0,0
layer,4,0,3,130,decode,37,8,7,1,323,179,159,19,1,0,1,391,8,3,0,0,0,0,0,0,60,lru,0,0,0,0,0,0,8,7,8,0,1,0,2,0,0,0,0,0,0,0,0,1900544,0,1900544,3,14677570399647814746,0,0,1,8,1,0,0,0
layer,4,0,3,130,decode,38,8,7,1,334,176,147,20,1,0,1,420,7,17,0,0,0,0,0,0,60,lru,0,0,0,0,0,0,8,7,8,0,1,0,2,0,0,0,0,0,0,0,0,2039808,0,2039808,3,1712043294837794992,0,0,1,8,1,0,0,0
layer,4,0,3,130,decode,39,8,8,0,0,0,692,0,0,0,0,20,7,2,0,0,0,0,0,0,60,lru,0,0,0,0,0,0,8,8,8,0,0,0,2,0,0,0,0,0,0,0,0,0,0,0,0,7106163583469583217,0,0,0,8,0,0,0,0
request,4,0,3,0,decode,-1,0,0,0,0,0,0,0,0,0,0,0,0,0,0,0,0,0,0,0,0,,80647,614,0,0,19,0,0,0,0,0,0,0,0,0,0,0,0,0,0,0,0,0,0,0,0,0,0,0,0,0,0,0,0,0
layer,5,0,4,131,decode,0,8,4,4,1493,547,152,91,5,0,5,1657,10,5,0,0,0,0,0,0,60,lru,0,0,0,0,0,0,8,4,8,0,4,0,7,0,0,0,0,0,0,0,0,7602176,0,7602176,12,3400594129893413490,0,0,4,8,4,0,0,0
layer,5,0,4,131,decode,1,8,6,2,673,272,158,35,5,0,5,783,8,4,0,0,0,0,0,0,60,lru,0,0,0,0,0,0,8,6,8,0,2,0,7,0,0,0,0,0,0,0,0,3801088,0,3801088,6,1622631980957341391,0,0,2,8,2,0,0,0
layer,5,0,4,131,decode,2,8,4,4,1561,559,142,108,6,0,6,1749,8,18,0,0,0,0,0,0,60,lru,0,0,0,0,0,0,8,4,8,0,4,0,7,0,0,0,0,0,0,0,0,7602176,0,7602176,12,12151986283871875465,0,0,4,8,4,0,0,0
layer,5,0,4,131,decode,3,8,6,2,692,285,159,39,5,0,5,797,8,4,0,0,0,0,0,0,60,lru,0,0,0,0,0,0,8,6,8,0,2,0,6,0,0,0,0,0,0,0,0,3801088,0,3801088,6,2101872403373501589,0,0,2,8,2,0,0,0
layer,5,0,4,131,decode,4,8,8,0,0,0,180,0,0,0,0,26,8,2,0,0,0,0,0,0,60,lru,0,0,0,0,0,0,8,8,8,0,0,0,6,0,0,0,0,0,0,0,0,0,0,0,0,7622263257878340200,0,0,0,8,0,0,0,0
layer,5,0,4,131,decode,5,8,5,3,1049,445,155,57,5,0,5,1181,7,6,0,0,0,0,0,0,60,lru,0,0,0,0,0,0,8,5,8,0,3,0,5,0,0,0,0,0,0,0,0,5701632,0,5701632,9,10729297848827678899,0,0,3,8,3,0,0,0
layer,5,0,4,131,decode,6,8,7,1,354,173,145,11,5,0,5,432,7,4,0,0,0,0,0,0,60,lru,0,0,0,0,0,0,8,7,8,0,1,0,6,0,0,0,0,0,0,0,0,1900544,0,1900544,3,11233681060087091100,0,0,1,8,1,0,0,0
layer,5,0,4,131,decode,7,8,7,1,335,193,160,19,5,0,5,428,8,17,0,0,0,0,0,0,60,lru,0,0,0,0,0,0,8,7,8,0,1,0,5,0,0,0,0,0,0,0,0,1900544,0,1900544,3,4572866224446575980,0,0,1,8,1,0,0,0
layer,5,0,4,131,decode,8,8,7,1,345,170,153,21,9,0,9,424,8,2,0,0,0,0,0,0,60,lru,0,0,0,0,0,0,8,7,8,0,1,0,6,0,0,0,0,0,0,0,0,1900544,0,1900544,3,11283658301612384115,0,0,1,8,1,0,0,0
layer,5,0,4,131,decode,9,8,8,0,0,0,185,0,0,0,0,23,8,2,0,0,0,0,0,0,60,lru,0,0,0,0,0,0,8,8,8,0,0,0,5,0,0,0,0,0,0,0,0,0,0,0,0,13484504841049574415,0,0,0,8,0,0,0,0
layer,5,0,4,131,decode,10,8,5,3,1010,415,143,72,2,0,2,1146,8,13,0,0,0,0,0,0,60,lru,0,0,0,0,0,0,8,5,8,0,3,0,3,0,0,0,0,0,0,0,0,5701632,0,5701632,9,4476136351447464179,0,0,3,8,3,0,0,0
layer,5,0,4,131,decode,11,8,5,3,5057,367,159,69,2,0,2,5184,9,4,0,0,0,0,0,0,60,lru,0,0,0,0,0,0,8,5,8,0,3,0,3,0,0,0,0,0,0,0,0,5701632,0,5701632,9,17014989646500328597,0,0,3,8,3,0,0,0
layer,5,0,4,131,decode,12,8,8,0,0,0,178,0,0,0,0,24,8,2,0,0,0,0,0,0,60,lru,0,0,0,0,0,0,8,8,8,0,0,0,5,0,0,0,0,0,0,0,0,0,0,0,0,14734794718832227792,0,0,0,8,0,0,0,0
layer,5,0,4,131,decode,13,8,6,2,683,294,160,64,3,0,3,815,8,30,0,0,0,0,0,0,60,lru,0,0,0,0,0,0,8,6,8,0,2,0,3,0,0,0,0,0,0,0,0,3801088,0,3801088,6,12432032490679313371,0,0,2,8,2,0,0,0
layer,5,0,4,131,decode,14,8,6,2,684,330,142,45,2,0,2,798,7,3,0,0,0,0,0,0,60,lru,0,0,0,0,0,0,8,6,8,0,2,0,3,0,0,0,0,0,0,0,0,3801088,0,3801088,6,7247451678034879876,0,0,2,8,2,0,0,0
layer,5,0,4,131,decode,15,8,8,0,0,0,187,0,0,0,0,22,8,2,0,0,0,0,0,0,60,lru,0,0,0,0,0,0,8,8,8,0,0,0,4,0,0,0,0,0,0,0,0,0,0,0,0,2485948199125002668,0,0,0,8,0,0,0,0
layer,5,0,4,131,decode,16,8,7,1,323,201,155,20,1,0,1,407,7,23,0,0,0,0,0,0,60,lru,0,0,0,0,0,0,8,7,8,0,1,0,2,0,0,0,0,0,0,0,0,1900544,0,1900544,3,17102113985525041039,0,0,1,8,1,0,0,0
layer,5,0,4,131,decode,17,8,8,0,0,0,186,0,0,0,0,22,8,2,0,0,0,0,0,0,60,lru,0,0,0,0,0,0,8,8,8,0,0,0,3,0,0,0,0,0,0,0,0,0,0,0,0,17773955284476637701,0,0,0,8,0,0,0,0
layer,5,0,4,131,decode,18,8,4,4,1753,587,139,102,2,0,2,1937,7,3,0,0,0,0,0,0,60,lru,0,0,0,0,0,0,8,4,8,0,4,0,2,0,0,0,0,0,0,0,0,7602176,0,7602176,12,11120440670990586548,0,0,4,8,4,0,0,0
layer,5,0,4,131,decode,19,8,6,2,11073,327,161,32,2,0,2,11171,8,5,0,0,0,0,0,0,60,lru,0,0,0,0,0,0,8,6,8,0,2,0,2,0,0,0,0,0,0,0,0,3801088,0,3801088,6,13643593954083319596,0,0,2,8,2,0,0,0
layer,5,0,4,131,decode,20,8,7,1,398,168,152,18,1,0,1,463,8,2,0,0,0,0,0,0,60,lru,0,0,0,0,0,0,8,7,8,0,1,0,2,0,0,0,0,0,0,0,0,1900544,0,1900544,3,5711267723012969154,0,0,1,8,1,0,0,0
layer,5,0,4,131,decode,21,8,5,3,1280,418,158,36,2,0,2,1418,8,5,0,0,0,0,0,0,60,lru,0,0,0,0,0,0,8,5,8,0,3,0,2,0,0,0,0,0,0,0,0,5701632,0,5701632,9,17202770871405303990,0,0,3,8,3,0,0,0
layer,5,0,4,131,decode,22,8,4,4,1768,597,144,85,2,0,2,1943,8,6,0,0,0,0,0,0,60,lru,0,0,0,0,0,0,8,4,8,0,4,0,3,0,0,0,0,0,0,0,0,7602176,0,7602176,12,11323238682317171693,0,0,4,8,4,0,0,0
layer,5,0,4,131,decode,23,8,5,3,1196,437,158,56,2,0,2,1316,8,2,0,0,0,0,0,0,60,lru,0,0,0,0,0,0,8,5,8,0,3,0,3,0,0,0,0,0,0,0,0,5701632,0,5701632,9,11378169629964095589,0,0,3,8,3,0,0,0
layer,5,0,4,131,decode,24,8,5,3,6050,487,153,52,3,0,3,6194,8,18,0,0,0,0,0,0,60,lru,0,0,0,0,0,0,8,5,8,0,3,0,4,0,0,0,0,0,0,0,0,5701632,0,5701632,9,642737552312861904,0,0,3,8,3,0,0,0
layer,5,0,4,131,decode,25,8,5,3,1122,413,159,55,2,0,2,1264,8,3,0,0,0,0,0,0,60,lru,0,0,0,0,0,0,8,5,8,0,3,0,3,0,0,0,0,0,0,0,0,5701632,0,5701632,9,9591502922984031972,0,0,3,8,3,0,0,0
layer,5,0,4,131,decode,26,8,6,2,735,282,140,40,2,0,2,828,9,3,0,0,0,0,0,0,60,lru,0,0,0,0,0,0,8,6,8,0,2,0,4,0,0,0,0,0,0,0,0,3801088,0,3801088,6,3570844970938285863,0,0,2,8,2,0,0,0
layer,5,0,4,131,decode,27,8,7,1,335,131,160,16,2,0,2,397,8,3,0,0,0,0,0,0,60,lru,0,0,0,0,0,0,8,7,8,0,1,0,2,0,0,0,0,0,0,0,0,1900544,0,1900544,3,2826660912016401295,0,0,1,8,1,0,0,0
layer,5,0,4,131,decode,28,8,6,2,6717,449,153,31,2,0,2,6806,8,2,0,0,0,0,0,0,60,lru,0,0,0,0,0,0,8,6,8,0,2,0,2,0,0,0,0,0,0,0,0,3801088,0,3801088,6,5369409917926287522,0,0,2,8,2,0,0,0
layer,5,0,4,131,decode,29,8,7,1,315,173,159,14,1,0,1,393,8,5,0,0,0,0,0,0,60,lru,0,0,0,0,0,0,8,7,8,0,1,0,2,0,0,0,0,0,0,0,0,1900544,0,1900544,3,15800816171960023548,0,0,1,8,1,0,0,0
layer,5,0,4,131,decode,30,8,6,2,768,288,141,27,3,0,3,883,8,5,0,0,0,0,0,0,60,lru,0,0,0,0,0,0,8,6,8,0,2,0,1,0,0,0,0,0,0,0,0,3801088,0,3801088,6,2480561719036154095,0,0,2,8,2,0,0,0
layer,5,0,4,131,decode,31,8,4,4,2099,538,160,82,3,0,3,2302,7,32,0,0,0,0,0,0,60,lru,0,0,0,0,0,0,8,4,8,0,4,0,3,0,0,0,0,0,0,0,0,7602176,0,7602176,12,9215139832585158939,0,0,4,8,4,0,0,0
layer,5,0,4,131,decode,32,8,6,2,4721,318,154,44,3,0,3,4817,8,3,0,0,0,0,0,0,60,lru,0,0,0,0,0,0,8,6,8,0,2,0,2,0,0,0,0,0,0,0,0,3801088,0,3801088,6,17220145486454433256,0,0,2,8,2,0,0,0
layer,5,0,4,131,decode,33,8,3,5,2054,708,157,82,2,0,2,2282,8,33,0,0,0,0,0,0,60,lru,0,0,0,0,0,0,8,3,8,0,5,0,3,0,0,0,0,0,0,0,0,9502720,0,9502720,15,15656000370138031919,0,0,5,8,5,0,0,0
layer,5,0,4,131,decode,34,8,3,5,10385,929,142,95,2,0,2,10568,8,2,0,0,0,0,0,0,60,lru,0,0,0,0,0,0,8,3,8,0,5,0,3,0,0,0,0,0,0,0,0,10199040,0,10199040,15,17045189215142635089,0,0,5,8,5,0,0,0
layer,5,0,4,131,decode,35,8,4,4,2739,560,158,93,1,0,1,2902,8,4,0,0,0,0,0,0,60,lru,0,0,0,0,0,0,8,4,8,0,4,0,3,0,0,0,0,0,0,0,0,7602176,0,7602176,12,16542348730574328938,0,0,4,8,4,0,0,0
layer,5,0,4,131,decode,36,8,3,5,8677,734,153,103,2,0,2,8885,7,18,0,0,0,0,0,0,60,lru,0,0,0,0,0,0,8,3,8,0,5,0,4,0,0,0,0,0,0,0,0,9502720,0,9502720,15,12910946500875588137,0,0,5,8,5,0,0,0
layer,5,0,4,131,decode,37,8,3,5,9930,805,157,101,1,0,1,10117,7,5,0,0,0,0,0,0,60,lru,0,0,0,0,0,0,8,3,8,0,5,0,2,0,0,0,0,0,0,0,0,9502720,0,9502720,15,33755569310992053,0,0,5,8,5,0,0,0
layer,5,0,4,131,decode,38,8,3,5,12298,1048,141,123,1,0,1,12532,8,36,0,0,0,0,0,0,60,lru,0,0,0,0,0,0,8,3,8,0,5,0,2,0,0,0,0,0,0,0,0,10199040,0,10199040,15,10130422597859630102,0,0,5,8,5,0,0,0
layer,5,0,4,131,decode,39,8,3,5,3220,697,675,66,1,0,1,3430,8,11,0,0,0,0,0,0,60,lru,0,0,0,0,0,0,8,3,8,0,5,0,2,0,0,0,0,0,0,0,0,10199040,0,10199040,15,9956223396922161323,0,0,5,8,5,0,0,0
request,5,0,4,0,decode,-1,0,0,0,0,0,0,0,0,0,0,0,0,0,0,0,0,0,0,0,0,,119409,670,0,0,20,0,0,0,0,0,0,0,0,0,0,0,0,0,0,0,0,0,0,0,0,0,0,0,0,0,0,0,0,0
layer,6,0,5,132,decode,0,8,5,3,1098,433,152,72,3,0,3,1248,10,17,0,0,0,0,0,0,60,lru,0,0,0,0,0,0,8,5,8,0,3,0,5,0,0,0,0,0,0,0,0,5701632,0,5701632,9,15610980972694094286,0,0,3,8,3,0,0,0
layer,6,0,5,132,decode,1,8,5,3,1062,445,161,58,3,0,3,1212,8,20,0,0,0,0,0,0,60,lru,0,0,0,0,0,0,8,5,8,0,3,0,4,0,0,0,0,0,0,0,0,5701632,0,5701632,9,17449458381332889499,0,0,3,8,3,0,0,0
layer,6,0,5,132,decode,2,8,6,2,739,286,144,43,4,0,4,846,8,3,0,0,0,0,0,0,60,lru,0,0,0,0,0,0,8,6,8,0,2,0,4,0,0,0,0,0,0,0,0,3801088,0,3801088,6,3134721206627967915,0,0,2,8,2,0,0,0
layer,6,0,5,132,decode,3,8,8,0,0,0,183,0,0,0,0,26,8,2,0,0,0,0,0,0,60,lru,0,0,0,0,0,0,8,8,8,0,0,0,4,0,0,0,0,0,0,0,0,0,0,0,0,14141518789528994308,0,0,0,8,0,0,0,0
layer,6,0,5,132,decode,4,8,6,2,688,280,155,59,5,0,5,802,8,4,0,0,0,0,0,0,60,lru,0,0,0,0,0,0,8,6,8,0,2,0,4,0,0,0,0,0,0,0,0,3801088,0,3801088,6,14448115572799821354,0,0,2,8,2,0,0,0
layer,6,0,5,132,decode,5,8,8,0,0,0,182,0,0,0,0,23,8,2,0,0,0,0,0,0,60,lru,0,0,0,0,0,0,8,8,8,0,0,0,4,0,0,0,0,0,0,0,0,0,0,0,0,8203506850964219102,0,0,0,8,0,0,0,0
layer,6,0,5,132,decode,6,8,7,1,8025,346,145,22,3,0,3,8101,8,2,0,0,0,0,0,0,60,lru,0,0,0,0,0,0,8,7,8,0,1,0,3,0,0,0,0,0,0,0,0,1900544,0,1900544,3,11579425286458805463,0,0,1,8,1,0,0,0
layer,6,0,5,132,decode,7,8,8,0,0,0,185,0,0,0,0,25,8,2,0,0,0,0,0,0,60,lru,0,0,0,0,0,0,8,8,8,0,0,0,3,0,0,0,0,0,0,0,0,0,0,0,0,6325814295367770799,0,0,0,8,0,0,0,0
layer,6,0,5,132,decode,8,8,8,0,0,0,178,0,0,0,0,22,8,2,0,0,0,0,0,0,60,lru,0,0,0,0,0,0,8,8,8,0,0,0,4,0,0,0,0,0,0,0,0,0,0,0,0,11400584751998252283,0,0,0,8,0,0,0,0
layer,6,0,5,132,decode,9,8,8,0,0,0,183,0,0,0,0,19,7,2,0,0,0,0,0,0,60,lru,0,0,0,0,0,0,8,8,8,0,0,0,3,0,0,0,0,0,0,0,0,0,0,0,0,6429075898902660739,0,0,0,8,0,0,0,0
layer,6,0,5,132,decode,10,8,7,1,6156,243,145,20,1,0,1,6226,7,2,0,0,0,0,0,0,60,lru,0,0,0,0,0,0,8,7,8,0,1,0,2,0,0,0,0,0,0,0,0,1900544,0,1900544,3,4990290464386720568,0,0,1,8,1,0,0,0
layer,6,0,5,132,decode,11,8,5,3,1699,408,158,49,2,0,2,1865,8,17,0,0,0,0,0,0,60,lru,0,0,0,0,0,0,8,5,8,0,3,0,2,0,0,0,0,0,0,0,0,5701632,0,5701632,9,15247785501445456939,0,0,3,8,3,0,0,0
layer,6,0,5,132,decode,12,8,8,0,0,0,176,0,0,0,0,21,8,2,0,0,0,0,0,0,60,lru,0,0,0,0,0,0,8,8,8,0,0,0,3,0,0,0,0,0,0,0,0,0,0,0,0,12083231595285628373,0,0,0,8,0,0,0,0
layer,6,0,5,132,decode,13,8,7,1,318,178,159,33,2,0,2,388,7,9,0,0,0,0,0,0,60,lru,0,0,0,0,0,0,8,7,8,0,1,0,2,0,0,0,0,0,0,0,0,1900544,0,1900544,3,2150239712046502437,0,0,1,8,1,0,0,0
layer,6,0,5,132,decode,14,8,8,0,0,0,161,0,0,0,0,20,8,2,0,0,0,0,0,0,60,lru,0,0,0,0,0,0,8,8,8,0,0,0,2,0,0,0,0,0,0,0,0,0,0,0,0,8227976863087740411,0,0,0,8,0,0,0,0
layer,6,0,5,132,decode,15,8,7,1,319,179,160,10,2,0,2,382,8,2,0,0,0,0,0,0,60,lru,0,0,0,0,0,0,8,7,8,0,1,0,2,0,0,0,0,0,0,0,0,1900544,0,1900544,3,5124444076929732141,0,0,1,8,1,0,0,0
layer,6,0,5,132,decode,16,8,8,0,0,0,177,0,0,0,0,20,8,2,0,0,0,0,0,0,60,lru,0,0,0,0,0,0,8,8,8,0,0,0,2,0,0,0,0,0,0,0,0,0,0,0,0,6812146839533705059,0,0,0,8,0,0,0,0
layer,6,0,5,132,decode,17,8,6,2,675,311,159,85,2,0,2,834,8,33,0,0,0,0,0,0,60,lru,0,0,0,0,0,0,8,6,8,0,2,0,2,0,0,0,0,0,0,0,0,3801088,0,3801088,6,2069160170718722868,0,0,2,8,2,0,0,0
layer,6,0,5,132,decode,18,8,7,1,322,155,143,9,1,0,1,411,8,19,0,0,0,0,0,0,60,lru,0,0,0,0,0,0,8,7,8,0,1,0,2,0,0,0,0,0,0,0,0,1900544,0,1900544,3,7859556718041150207,0,0,1,8,1,0,0,0
layer,6,0,5,132,decode,19,8,8,0,0,0,183,0,0,0,0,20,8,2,0,0,0,0,0,0,60,lru,0,0,0,0,0,0,8,8,8,0,0,0,2,0,0,0,0,0,0,0,0,0,0,0,0,15535837585450644883,0,0,0,8,0,0,0,0
layer,6,0,5,132,decode,20,8,8,0,0,0,176,0,0,0,0,19,8,2,0,0,0,0,0,0,60,lru,0,0,0,0,0,0,8,8,8,0,0,0,2,0,0,0,0,0,0,0,0,0,0,0,0,2021764723437341438,0,0,0,8,0,0,0,0
layer,6,0,5,132,decode,21,8,8,0,0,0,183,0,0,0,0,18,8,1,0,0,0,0,0,0,60,lru,0,0,0,0,0,0,8,8,8,0,0,0,2,0,0,0,0,0,0,0,0,0,0,0,0,4652052096528580379,0,0,0,8,0,0,0,0
layer,6,0,5,132,decode,22,8,6,2,697,223,144,32,2,0,2,789,8,4,0,0,0,0,0,0,60,lru,0,0,0,0,0,0,8,6,8,0,2,0,2,0,0,0,0,0,0,0,0,3801088,0,3801088,6,8529610766461585855,0,0,2,8,2,0,0,0
layer,6,0,5,132,decode,23,8,6,2,5797,315,159,34,2,0,2,5915,8,20,0,0,0,0,0,0,60,lru,0,0,0,0,0,0,8,6,8,0,2,0,2,0,0,0,0,0,0,0,0,3801088,0,3801088,6,1046486653385056053,0,0,2,8,2,0,0,0
layer,6,0,5,132,decode,24,8,7,1,355,173,155,15,1,0,1,430,8,12,0,0,0,0,0,0,60,lru,0,0,0,0,0,0,8,7,8,0,1,0,2,0,0,0,0,0,0,0,0,1900544,0,1900544,3,3401751833995839702,0,0,1,8,1,0,0,0
layer,6,0,5,132,decode,25,8,7,1,350,123,160,14,1,0,1,408,7,2,0,0,0,0,0,0,60,lru,0,0,0,0,0,0,8,7,8,0,1,0,1,0,0,0,0,0,0,0,0,1900544,0,1900544,3,1062403057116619292,0,0,1,8,1,0,0,0
layer,6,0,5,132,decode,26,8,6,2,5140,306,141,32,2,0,2,5235,8,3,0,0,0,0,0,0,60,lru,0,0,0,0,0,0,8,6,8,0,2,0,2,0,0,0,0,0,0,0,0,3801088,0,3801088,6,2872612194498199412,0,0,2,8,2,0,0,0
layer,6,0,5,132,decode,27,8,6,2,5777,414,159,28,2,0,2,5875,8,4,0,0,0,0,0,0,60,lru,0,0,0,0,0,0,8,6,8,0,2,0,2,0,0,0,0,0,0,0,0,3801088,0,3801088,6,1568692688379747475,0,0,2,8,2,0,0,0
layer,6,0,5,132,decode,28,8,8,0,0,0,178,0,0,0,0,20,8,2,0,0,0,0,0,0,60,lru,0,0,0,0,0,0,8,8,8,0,0,0,2,0,0,0,0,0,0,0,0,0,0,0,0,5930534549605841630,0,0,0,8,0,0,0,0
layer,6,0,5,132,decode,29,8,7,1,316,166,159,22,1,0,1,410,7,31,0,0,0,0,0,0,60,lru,0,0,0,0,0,0,8,7,8,0,1,0,2,0,0,0,0,0,0,0,0,1900544,0,1900544,3,14838930993592402681,0,0,1,8,1,0,0,0
layer,6,0,5,132,decode,30,8,7,1,319,164,144,13,1,0,1,398,8,4,0,0,0,0,0,0,60,lru,0,0,0,0,0,0,8,7,8,0,1,0,2,0,0,0,0,0,0,0,0,1900544,0,1900544,3,7064570917749200368,0,0,1,8,1,0,0,0
layer,6,0,5,132,decode,31,8,8,0,0,0,186,0,0,0,0,19,8,2,0,0,0,0,0,0,60,lru,0,0,0,0,0,0,8,8,8,0,0,0,1,0,0,0,0,0,0,0,0,0,0,0,0,8541165896115680102,0,0,0,8,0,0,0,0
layer,6,0,5,132,decode,32,8,8,0,0,0,178,0,0,0,0,20,8,2,0,0,0,0,0,0,60,lru,0,0,0,0,0,0,8,8,8,0,0,0,3,0,0,0,0,0,0,0,0,0,0,0,0,6686968503115412807,0,0,0,8,0,0,0,0
layer,6,0,5,132,decode,33,8,8,0,0,0,190,0,0,0,0,19,8,2,0,0,0,0,0,0,60,lru,0,0,0,0,0,0,8,8,8,0,0,0,2,0,0,0,0,0,0,0,0,0,0,0,0,8842024197831265810,0,0,0,8,0,0,0,0
layer,6,0,5,132,decode,34,8,4,4,1637,579,143,67,2,0,2,1796,7,4,0,0,0,0,0,0,60,lru,0,0,0,0,0,0,8,4,8,0,4,0,2,0,0,0,0,0,0,0,0,8159232,0,8159232,12,1202599179270197373,0,0,4,8,4,0,0,0
layer,6,0,5,132,decode,35,8,6,2,650,274,159,51,2,0,2,747,8,4,0,0,0,0,0,0,60,lru,0,0,0,0,0,0,8,6,8,0,2,0,3,0,0,0,0,0,0,0,0,3801088,0,3801088,6,11704363045727962577,0,0,2,8,2,0,0,0
layer,6,0,5,132,decode,36,8,5,3,6631,338,153,48,2,0,2,6753,7,3,0,0,0,0,0,0,60,lru,0,0,0,0,0,0,8,5,8,0,3,0,3,0,0,0,0,0,0,0,0,5701632,0,5701632,9,4953174148768502360,0,0,3,8,3,0,0,0
layer,6,0,5,132,decode,37,8,7,1,341,159,159,20,1,0,1,425,8,12,0,0,0,0,0,0,60,lru,0,0,0,0,0,0,8,7,8,0,1,0,3,0,0,0,0,0,0,0,0,1900544,0,1900544,3,13470316552562324790,0,0,1,8,1,0,0,0
layer,6,0,5,132,decode,38,8,8,0,0,0,164,0,0,0,0,20,8,2,0,0,0,0,0,0,60,lru,0,0,0,0,0,0,8,8,8,0,0,0,2,0,0,0,0,0,0,0,0,0,0,0,0,2130868707840395316,0,0,0,8,0,0,0,0
layer,6,0,5,132,decode,39,8,8,0,0,0,690,0,0,0,0,19,8,2,0,0,0,0,0,0,60,lru,0,0,0,0,0,0,8,8,8,0,0,0,2,0,0,0,0,0,0,0,0,0,0,0,0,15683553157272064484,0,0,0,8,0,0,0,0
request,6,0,5,0,decode,-1,0,0,0,0,0,0,0,0,0,0,0,0,0,0,0,0,0,0,0,0,,61132,433,0,0,23,0,0,0,0,0,0,0,0,0,0,0,0,0,0,0,0,0,0,0,0,0,0,0,0,0,0,0,0,0
layer,7,0,6,133,decode,0,8,8,0,0,0,175,0,0,0,0,24,9,2,0,0,0,0,0,0,60,lru,0,0,0,0,0,0,8,8,8,0,0,0,5,0,0,0,0,0,0,0,0,0,0,0,0,14584634930953829151,0,0,0,8,0,0,0,0
layer,7,0,6,133,decode,1,8,7,1,358,179,160,22,3,0,3,457,8,12,0,0,0,0,0,0,60,lru,0,0,0,0,0,0,8,7,8,0,1,0,4,0,0,0,0,0,0,0,0,1900544,0,1900544,3,1647944905983845704,0,0,1,8,1,0,0,0
layer,7,0,6,133,decode,2,8,8,0,0,0,161,0,0,0,0,29,8,2,0,0,0,0,0,0,60,lru,0,0,0,0,0,0,8,8,8,0,0,0,4,0,0,0,0,0,0,0,0,0,0,0,0,5649771456362739213,0,0,0,8,0,0,0,0
layer,7,0,6,133,decode,3,8,7,1,330,166,161,18,4,0,4,404,7,3,0,0,0,0,0,0,60,lru,0,0,0,0,0,0,8,7,8,0,1,0,3,0,0,0,0,0,0,0,0,1900544,0,1900544,3,14991536876391437219,0,0,1,8,1,0,0,0
layer,7,0,6,133,decode,4,8,6,2,4835,311,154,33,3,0,3,4945,8,5,0,0,0,0,0,0,60,lru,0,0,0,0,0,0,8,6,8,0,2,0,3,0,0,0,0,0,0,0,0,3801088,0,3801088,6,16657590181388164512,0,0,2,8,2,0,0,0
layer,7,0,6,133,decode,5,8,8,0,0,0,181,0,0,0,0,23,8,2,0,0,0,0,0,0,60,lru,0,0,0,0,0,0,8,8,8,0,0,0,4,0,0,0,0,0,0,0,0,0,0,0,0,435518480981471163,0,0,0,8,0,0,0,0
layer,7,0,6,133,decode,6,8,8,0,0,0,160,0,0,0,0,21,8,2,0,0,0,0,0,0,60,lru,0,0,0,0,0,0,8,8,8,0,0,0,3,0,0,0,0,0,0,0,0,0,0,0,0,7928278608462058490,0,0,0,8,0,0,0,0
layer,7,0,6,133,decode,7,8,8,0,0,0,183,0,0,0,0,20,8,2,0,0,0,0,0,0,60,lru,0,0,0,0,0,0,8,8,8,0,0,0,3,0,0,0,0,0,0,0,0,0,0,0,0,18128698979895123948,0,0,0,8,0,0,0,0
layer,7,0,6,133,decode,8,8,8,0,0,0,177,0,0,0,0,21,8,2,0,0,0,0,0,0,60,lru,0,0,0,0,0,0,8,8,8,0,0,0,3,0,0,0,0,0,0,0,0,0,0,0,0,4131410626577318782,0,0,0,8,0,0,0,0
layer,7,0,6,133,decode,9,8,6,2,709,288,158,73,2,0,2,821,7,3,0,0,0,0,0,0,60,lru,0,0,0,0,0,0,8,6,8,0,2,0,3,0,0,0,0,0,0,0,0,3801088,0,3801088,6,11009407805879504475,0,0,2,8,2,0,0,0
layer,7,0,6,133,decode,10,8,7,1,281,141,144,19,1,0,1,344,8,5,0,0,0,0,0,0,60,lru,0,0,0,0,0,0,8,7,8,0,1,0,2,0,0,0,0,0,0,0,0,1900544,0,1900544,3,12060181266177194140,0,0,1,8,1,0,0,0
layer,7,0,6,133,decode,11,8,7,1,310,167,160,13,1,0,1,371,8,3,0,0,0,0,0,0,60,lru,0,0,0,0,0,0,8,7,8,0,1,0,2,0,0,0,0,0,0,0,0,1900544,0,1900544,3,10675719490284056811,0,0,1,8,1,0,0,0
layer,7,0,6,133,decode,12,8,7,1,614,159,154,16,1,0,1,680,8,4,0,0,0,0,0,0,60,lru,0,0,0,0,0,0,8,7,8,0,1,0,2,0,0,0,0,0,0,0,0,1900544,0,1900544,3,422989677180140527,0,0,1,8,1,0,0,0
layer,7,0,6,133,decode,13,8,7,1,329,163,160,32,1,0,1,391,8,2,0,0,0,0,0,0,60,lru,0,0,0,0,0,0,8,7,8,0,1,0,2,0,0,0,0,0,0,0,0,1900544,0,1900544,3,2967113561196638138,0,0,1,8,1,0,0,0
layer,7,0,6,133,decode,14,8,8,0,0,0,161,0,0,0,0,20,8,2,0,0,0,0,0,0,60,lru,0,0,0,0,0,0,8,8,8,0,0,0,2,0,0,0,0,0,0,0,0,0,0,0,0,565337509820912240,0,0,0,8,0,0,0,0
layer,7,0,6,133,decode,15,8,8,0,0,0,181,0,0,0,0,17,7,2,0,0,0,0,0,0,60,lru,0,0,0,0,0,0,8,8,8,0,0,0,2,0,0,0,0,0,0,0,0,0,0,0,0,7469121363658252739,0,0,0,8,0,0,0,0
layer,7,0,6,133,decode,16,8,7,1,326,174,154,19,1,0,1,386,8,3,0,0,0,0,0,0,60,lru,0,0,0,0,0,0,8,7,8,0,1,0,2,0,0,0,0,0,0,0,0,1900544,0,1900544,3,15888924027943339500,0,0,1,8,1,0,0,0
layer,7,0,6,133,decode,17,8,7,1,318,149,159,7,1,0,1,411,8,11,0,0,0,0,0,0,60,lru,0,0,0,0,0,0,8,7,8,0,1,0,2,0,0,0,0,0,0,0,0,1900544,0,1900544,3,2932991562236931347,0,0,1,8,1,0,0,0
layer,7,0,6,133,decode,18,8,6,2,688,335,142,50,2,0,2,801,8,25,0,0,0,0,0,0,60,lru,0,0,0,0,0,0,8,6,8,0,2,0,2,0,0,0,0,0,0,0,0,3801088,0,3801088,6,438982516585210933,0,0,2,8,2,0,0,0
layer,7,0,6,133,decode,19,8,7,1,331,189,160,16,1,0,1,413,8,13,0,0,0,0,0,0,60,lru,0,0,0,0,0,0,8,7,8,0,1,0,2,0,0,0,0,0,0,0,0,1900544,0,1900544,3,18092368337663957141,0,0,1,8,1,0,0,0
layer,7,0,6,133,decode,20,8,8,0,0,0,173,0,0,0,0,20,9,2,0,0,0,0,0,0,60,lru,0,0,0,0,0,0,8,8,8,0,0,0,1,0,0,0,0,0,0,0,0,0,0,0,0,14991146781393439747,0,0,0,8,0,0,0,0
layer,7,0,6,133,decode,21,8,7,1,331,189,158,37,1,0,1,431,7,34,0,0,0,0,0,0,60,lru,0,0,0,0,0,0,8,7,8,0,1,0,2,0,0,0,0,0,0,0,0,1900544,0,1900544,3,6199851057770760871,0,0,1,8,1,0,0,0
layer,7,0,6,133,decode,22,8,7,1,329,178,143,18,1,0,1,402,7,15,0,0,0,0,0,0,60,lru,0,0,0,0,0,0,8,7,8,0,1,0,2,0,0,0,0,0,0,0,0,1900544,0,1900544,3,14284561742359908294,0,0,1,8,1,0,0,0
layer,7,0,6,133,decode,23,8,5,3,1039,430,159,74,2,0,2,1156,8,3,0,0,0,0,0,0,60,lru,0,0,0,0,0,0,8,5,8,0,3,0,2,0,0,0,0,0,0,0,0,5701632,0,5701632,9,10814664558893302466,0,0,3,8,3,0,0,0
layer,7,0,6,133,decode,24,8,8,0,0,0,176,0,0,0,0,19,8,2,0,0,0,0,0,0,60,lru,0,0,0,0,0,0,8,8,8,0,0,0,2,0,0,0,0,0,0,0,0,0,0,0,0,8712422225338211015,0,0,0,8,0,0,0,0
layer,7,0,6,133,decode,25,8,7,1,307,175,160,21,1,0,1,371,7,3,0,0,0,0,0,0,60,lru,0,0,0,0,0,0,8,7,8,0,1,0,2,0,0,0,0,0,0,0,0,1900544,0,1900544,3,15416605658770209341,0,0,1,8,1,0,0,0
layer,7,0,6,133,decode,26,8,6,2,644,284,143,55,2,0,2,788,8,21,0,0,0,0,0,0,60,lru,0,0,0,0,0,0,8,6,8,0,2,0,2,0,0,0,0,0,0,0,0,3801088,0,3801088,6,11469750614060719110,0,0,2,8,2,0,0,0
layer,7,0,6,133,decode,27,8,6,2,773,326,158,26,2,0,2,869,8,12,0,0,0,0,0,0,60,lru,0,0,0,0,0,0,8,6,8,0,2,0,2,0,0,0,0,0,0,0,0,3801088,0,3801088,6,13942063358623379087,0,0,2,8,2,0,0,0
layer,7,0,6,133,decode,28,8,8,0,0,0,174,0,0,0,0,19,8,2,0,0,0,0,0,0,60,lru,0,0,0,0,0,0,8,8,8,0,0,0,2,0,0,0,0,0,0,0,0,0,0,0,0,8555782050677461038,0,0,0,8,0,0,0,0
layer,7,0,6,133,decode,29,8,8,0,0,0,181,0,0,0,0,17,7,2,0,0,0,0,0,0,60,lru,0,0,0,0,0,0,8,8,8,0,0,0,2,0,0,0,0,0,0,0,0,0,0,0,0,17027066038564261589,0,0,0,8,0,0,0,0
layer,7,0,6,133,decode,30,8,6,2,687,294,143,30,2,0,2,784,8,3,0,0,0,0,0,0,60,lru,0,0,0,0,0,0,8,6,8,0,2,0,1,0,0,0,0,0,0,0,0,3801088,0,3801088,6,12205751357098222980,0,0,2,8,2,0,0,0
layer,7,0,6,133,decode,31,8,7,1,305,149,161,19,1,0,1,372,8,3,0,0,0,0,0,0,60,lru,0,0,0,0,0,0,8,7,8,0,1,0,2,0,0,0,0,0,0,0,0,1900544,0,1900544,3,880689372480647987,0,0,1,8,1,0,0,0
layer,7,0,6,133,decode,32,8,7,1,355,171,154,13,1,0,1,415,8,3,0,0,0,0,0,0,60,lru,0,0,0,0,0,0,8,7,8,0,1,0,2,0,0,0,0,0,0,0,0,1900544,0,1900544,3,12594257344383307980,0,0,1,8,1,0,0,0
layer,7,0,6,133,decode,33,8,6,2,767,311,158,33,2,0,2,876,8,6,0,0,0,0,0,0,60,lru,0,0,0,0,0,0,8,6,8,0,2,0,2,0,0,0,0,0,0,0,0,3801088,0,3801088,6,17164091649546952960,0,0,2,8,2,0,0,0
layer,7,0,6,133,decode,34,8,6,2,692,288,145,44,2,0,2,788,8,3,0,0,0,0,0,0,60,lru,0,0,0,0,0,0,8,6,8,0,2,0,2,0,0,0,0,0,0,0,0,4079616,0,4079616,6,4866872266726859318,0,0,2,8,2,0,0,0
layer,7,0,6,133,decode,35,8,8,0,0,0,185,0,0,0,0,20,8,2,0,0,0,0,0,0,60,lru,0,0,0,0,0,0,8,8,8,0,0,0,2,0,0,0,0,0,0,0,0,0,0,0,0,6395385887242432626,0,0,0,8,0,0,0,0
layer,7,0,6,133,decode,36,8,7,1,364,116,154,10,1,0,1,421,7,3,0,0,0,0,0,0,60,lru,0,0,0,0,0,0,8,7,8,0,1,0,2,0,0,0,0,0,0,0,0,1900544,0,1900544,3,9834601265632808400,0,0,1,8,1,0,0,0
layer,7,0,6,133,decode,37,8,8,0,0,0,182,0,0,0,0,19,8,2,0,0,0,0,0,0,60,lru,0,0,0,0,0,0,8,8,8,0,0,0,2,0,0,0,0,0,0,0,0,0,0,0,0,14324612938759395943,0,0,0,8,0,0,0,0
layer,7,0,6,133,decode,38,8,7,1,401,177,146,11,2,0,2,464,7,3,0,0,0,0,0,0,60,lru,0,0,0,0,0,0,8,7,8,0,1,0,2,0,0,0,0,0,0,0,0,2039808,0,2039808,3,15791738384093204411,0,0,1,8,1,0,0,0
layer,7,0,6,133,decode,39,8,8,0,0,0,688,0,0,0,0,20,8,2,0,0,0,0,0,0,60,lru,0,0,0,0,0,0,8,8,8,0,0,0,2,0,0,0,0,0,0,0,0,0,0,0,0,12292635165651795545,0,0,0,8,0,0,0,0
request,7,0,6,0,decode,-1,0,0,0,0,0,0,0,0,0,0,0,0,0,0,0,0,0,0,0,0,,28330,393,0,0,14,0,0,0,0,0,0,0,0,0,0,0,0,0,0,0,0,0,0,0,0,0,0,0,0,0,0,0,0,0
layer,8,0,7,134,decode,0,8,6,2,709,307,153,31,4,0,4,822,10,16,0,0,0,0,0,0,60,lru,0,0,0,0,0,0,8,6,8,0,2,0,4,0,0,0,0,0,0,0,0,3801088,0,3801088,6,10584228295349056680,0,0,2,8,2,0,0,0
layer,8,0,7,134,decode,1,8,5,3,1057,418,160,70,4,0,4,1196,8,4,0,0,0,0,0,0,60,lru,0,0,0,0,0,0,8,5,8,0,3,0,3,0,0,0,0,0,0,0,0,5701632,0,5701632,9,15939984125991845485,0,0,3,8,3,0,0,0
layer,8,0,7,134,decode,2,8,6,2,734,274,143,45,5,0,5,841,8,4,0,0,0,0,0,0,60,lru,0,0,0,0,0,0,8,6,8,0,2,0,3,0,0,0,0,0,0,0,0,3801088,0,3801088,6,15323024625919569060,0,0,2,8,2,0,0,0
layer,8,0,7,134,decode,3,8,7,1,334,172,159,17,3,0,3,400,8,2,0,0,0,0,0,0,60,lru,0,0,0,0,0,0,8,7,8,0,1,0,3,0,0,0,0,0,0,0,0,1900544,0,1900544,3,8976608049551316255,0,0,1,8,1,0,0,0
layer,8,0,7,134,decode,4,8,7,1,336,165,168,62,2,0,2,476,8,31,0,0,0,0,0,0,60,lru,0,0,0,0,0,0,8,7,8,0,1,0,3,0,0,0,0,0,0,0,0,1900544,0,1900544,3,4092171692777884451,0,0,1,8,1,0,0,0
layer,8,0,7,134,decode,5,8,6,2,703,299,155,55,5,0,5,837,8,18,0,0,0,0,0,0,60,lru,0,0,0,0,0,0,8,6,8,0,2,0,3,0,0,0,0,0,0,0,0,3801088,0,3801088,6,7840827915678869346,0,0,2,8,2,0,0,0
layer,8,0,7,134,decode,6,8,8,0,0,0,159,0,0,0,0,22,8,2,0,0,0,0,0,0,60,lru,0,0,0,0,0,0,8,8,8,0,0,0,3,0,0,0,0,0,0,0,0,0,0,0,0,12312684450214220778,0,0,0,8,0,0,0,0
layer,8,0,7,134,decode,7,8,7,1,346,201,161,15,3,0,3,415,7,4,0,0,0,0,0,0,60,lru,0,0,0,0,0,0,8,7,8,0,1,0,3,0,0,0,0,0,0,0,0,1900544,0,1900544,3,15578012894906863435,0,0,1,8,1,0,0,0
layer,8,0,7,134,decode,8,8,8,0,0,0,173,0,0,0,0,21,8,2,0,0,0,0,0,0,60,lru,0,0,0,0,0,0,8,8,8,0,0,0,3,0,0,0,0,0,0,0,0,0,0,0,0,10650603109760930531,0,0,0,8,0,0,0,0
layer,8,0,7,134,decode,9,8,6,2,671,297,159,43,2,0,2,757,7,2,0,0,0,0,0,0,60,lru,0,0,0,0,0,0,8,6,8,0,2,0,2,0,0,0,0,0,0,0,0,3801088,0,3801088,6,13414451235267130697,0,0,2,8,2,0,0,0
layer,8,0,7,134,decode,10,8,7,1,319,173,145,31,1,0,1,425,8,31,0,0,0,0,0,0,60,lru,0,0,0,0,0,0,8,7,8,0,1,0,2,0,0,0,0,0,0,0,0,1900544,0,1900544,3,16578778171222674768,0,0,1,8,1,0,0,0
layer,8,0,7,134,decode,11,8,7,1,333,171,161,19,1,0,1,401,8,3,0,0,0,0,0,0,60,lru,0,0,0,0,0,0,8,7,8,0,1,0,2,0,0,0,0,0,0,0,0,1900544,0,1900544,3,15066477641906294552,0,0,1,8,1,0,0,0
layer,8,0,7,134,decode,12,8,7,1,302,172,154,14,1,0,1,378,8,4,0,0,0,0,0,0,60,lru,0,0,0,0,0,0,8,7,8,0,1,0,2,0,0,0,0,0,0,0,0,1900544,0,1900544,3,9336492097647315758,0,0,1,8,1,0,0,0
layer,8,0,7,134,decode,13,8,7,1,312,177,159,30,1,0,1,372,8,2,0,0,0,0,0,0,60,lru,0,0,0,0,0,0,8,7,8,0,1,0,2,0,0,0,0,0,0,0,0,1900544,0,1900544,3,9835829325990543540,0,0,1,8,1,0,0,0
layer,8,0,7,134,decode,14,8,8,0,0,0,161,0,0,0,0,19,7,2,0,0,0,0,0,0,60,lru,0,0,0,0,0,0,8,8,8,0,0,0,2,0,0,0,0,0,0,0,0,0,0,0,0,14415394135799736092,0,0,0,8,0,0,0,0
layer,8,0,7,134,decode,15,8,7,1,307,174,161,11,2,0,2,381,7,3,0,0,0,0,0,0,60,lru,0,0,0,0,0,0,8,7,8,0,1,0,2,0,0,0,0,0,0,0,0,1900544,0,1900544,3,5309048943857119085,0,0,1,8,1,0,0,0
layer,8,0,7,134,decode,16,8,8,0,0,0,174,0,0,0,0,19,8,2,0,0,0,0,0,0,60,lru,0,0,0,0,0,0,8,8,8,0,0,0,1,0,0,0,0,0,0,0,0,0,0,0,0,13183114929465520962,0,0,0,8,0,0,0,0
layer,8,0,7,134,decode,17,8,6,2,679,342,160,50,2,0,2,785,7,17,0,0,0,0,0,0,60,lru,0,0,0,0,0,0,8,6,8,0,2,0,2,0,0,0,0,0,0,0,0,3801088,0,3801088,6,10442307198488243090,0,0,2,8,2,0,0,0
layer,8,0,7,134,decode,18,8,7,1,334,179,143,14,1,0,1,395,8,2,0,0,0,0,0,0,60,lru,0,0,0,0,0,0,8,7,8,0,1,0,2,0,0,0,0,0,0,0,0,1900544,0,1900544,3,7672228334153086075,0,0,1,8,1,0,0,0
layer,8,0,7,134,decode,19,8,7,1,633,179,160,12,1,0,1,691,8,4,0,0,0,0,0,0,60,lru,0,0,0,0,0,0,8,7,8,0,1,0,1,0,0,0,0,0,0,0,0,1900544,0,1900544,3,10939396380528485044,0,0,1,8,1,0,0,0
layer,8,0,7,134,decode,20,8,7,1,340,178,155,23,1,0,1,408,8,3,0,0,0,0,0,0,60,lru,0,0,0,0,0,0,8,7,8,0,1,0,1,0,0,0,0,0,0,0,0,1900544,0,1900544,3,4979500611407403266,0,0,1,8,1,0,0,0
layer,8,0,7,134,decode,21,8,7,1,323,188,159,22,1,0,1,402,8,4,0,0,0,0,0,0,60,lru,0,0,0,0,0,0,8,7,8,0,1,0,2,0,0,0,0,0,0,0,0,1900544,0,1900544,3,8284952912613219394,0,0,1,8,1,0,0,0
layer,8,0,7,134,decode,22,8,7,1,331,180,145,19,1,0,1,391,8,2,0,0,0,0,0,0,60,lru,0,0,0,0,0,0,8,7,8,0,1,0,1,0,0,0,0,0,0,0,0,1900544,0,1900544,3,6108898310949230812,0,0,1,8,1,0,0,0
layer,8,0,7,134,decode,23,8,6,2,700,306,159,26,2,0,2,803,8,12,0,0,0,0,0,0,60,lru,0,0,0,0,0,0,8,6,8,0,2,0,2,0,0,0,0,0,0,0,0,3801088,0,3801088,6,7708496585225284974,0,0,2,8,2,0,0,0
layer,8,0,7,134,decode,24,8,8,0,0,0,173,0,0,0,0,19,8,2,0,0,0,0,0,0,60,lru,0,0,0,0,0,0,8,8,8,0,0,0,2,0,0,0,0,0,0,0,0,0,0,0,0,11266707633966618677,0,0,0,8,0,0,0,0
layer,8,0,7,134,decode,25,8,8,0,0,0,180,0,0,0,0,17,7,2,0,0,0,0,0,0,60,lru,0,0,0,0,0,0,8,8,8,0,0,0,2,0,0,0,0,0,0,0,0,0,0,0,0,9634221919387521182,0,0,0,8,0,0,0,0
layer,8,0,7,134,decode,26,8,8,0,0,0,159,0,0,0,0,17,7,2,0,0,0,0,0,0,60,lru,0,0,0,0,0,0,8,8,8,0,0,0,2,0,0,0,0,0,0,0,0,0,0,0,0,3040583034836899265,0,0,0,8,0,0,0,0
layer,8,0,7,134,decode,27,8,8,0,0,0,179,0,0,0,0,17,7,2,0,0,0,0,0,0,60,lru,0,0,0,0,0,0,8,8,8,0,0,0,2,0,0,0,0,0,0,0,0,0,0,0,0,10591240856553384771,0,0,0,8,0,0,0,0
layer,8,0,7,134,decode,28,8,7,1,319,173,153,31,1,0,1,400,7,16,0,0,0,0,0,0,60,lru,0,0,0,0,0,0,8,7,8,0,1,0,2,0,0,0,0,0,0,0,0,1900544,0,1900544,3,9868132805214989803,0,0,1,8,1,0,0,0
layer,8,0,7,134,decode,29,8,6,2,822,308,158,42,2,0,2,911,8,4,0,0,0,0,0,0,60,lru,0,0,0,0,0,0,8,6,8,0,2,0,1,0,0,0,0,0,0,0,0,3801088,0,3801088,6,7310913964148800969,0,0,2,8,2,0,0,0
layer,8,0,7,134,decode,30,8,7,1,4348,304,144,19,1,0,1,4429,8,23,0,0,0,0,0,0,60,lru,0,0,0,0,0,0,8,7,8,0,1,0,1,0,0,0,0,0,0,0,0,1900544,0,1900544,3,5627460241545926035,0,0,1,8,1,0,0,0
layer,8,0,7,134,decode,31,8,7,1,261,189,162,17,1,0,1,351,8,2,0,0,0,0,0,0,60,lru,0,0,0,0,0,0,8,7,8,0,1,0,2,0,0,0,0,0,0,0,0,1900544,0,1900544,3,15568273330266943414,0,0,1,8,1,0,0,0
layer,8,0,7,134,decode,32,8,7,1,371,186,155,16,2,0,2,446,8,8,0,0,0,0,0,0,60,lru,0,0,0,0,0,0,8,7,8,0,1,0,1,0,0,0,0,0,0,0,0,1900544,0,1900544,3,3069992924836539479,0,0,1,8,1,0,0,0
layer,8,0,7,134,decode,33,8,7,1,369,175,158,21,1,0,1,431,8,3,0,0,0,0,0,0,60,lru,0,0,0,0,0,0,8,7,8,0,1,0,2,0,0,0,0,0,0,0,0,1900544,0,1900544,3,17798708836369086033,0,0,1,8,1,0,0,0
layer,8,0,7,134,decode,34,8,7,1,404,163,146,27,1,0,1,506,9,16,0,0,0,0,0,0,60,lru,0,0,0,0,0,0,8,7,8,0,1,0,2,0,0,0,0,0,0,0,0,2039808,0,2039808,3,7923786919620892236,0,0,1,8,1,0,0,0
layer,8,0,7,134,decode,35,8,6,2,1061,286,159,26,2,0,2,1157,7,2,0,0,0,0,0,0,60,lru,0,0,0,0,0,0,8,6,8,0,2,0,2,0,0,0,0,0,0,0,0,3801088,0,3801088,6,14164962557392448357,0,0,2,8,2,0,0,0
layer,8,0,7,134,decode,36,8,5,3,4542,452,152,47,2,0,2,4670,8,5,0,0,0,0,0,0,60,lru,0,0,0,0,0,0,8,5,8,0,3,0,3,0,0,0,0,0,0,0,0,5701632,0,5701632,9,9254885118009679634,0,0,3,8,3,0,0,0
layer,8,0,7,134,decode,37,8,7,1,5946,177,159,21,1,0,1,6003,8,2,0,0,0,0,0,0,60,lru,0,0,0,0,0,0,8,7,8,0,1,0,2,0,0,0,0,0,0,0,0,1900544,0,1900544,3,12067841009327274295,0,0,1,8,1,0,0,0
layer,8,0,7,134,decode,38,8,4,4,7109,746,143,88,2,0,2,7265,8,6,0,0,0,0,0,0,60,lru,0,0,0,0,0,0,8,4,8,0,4,0,2,0,0,0,0,0,0,0,0,8159232,0,8159232,12,17444688285806079278,0,0,4,8,4,0,0,0
layer,8,0,7,134,decode,39,8,6,2,791,309,678,38,2,0,2,896,8,4,0,0,0,0,0,0,60,lru,0,0,0,0,0,0,8,6,8,0,2,0,2,0,0,0,0,0,0,0,0,4079616,0,4079616,6,1695413802963611957,0,0,2,8,2,0,0,0
request,8,0,7,0,decode,-1,0,0,0,0,0,0,0,0,0,0,0,0,0,0,0,0,0,0,0,0,,49341,447,0,0,17,0,0,0,0,0,0,0,0,0,0,0,0,0,0,0,0,0,0,0,0,0,0,0,0,0,0,0,0,0
layer,9,0,8,135,decode,0,8,6,2,722,318,152,51,4,0,4,832,9,10,0,0,0,0,0,0,60,lru,0,0,0,0,0,0,8,6,8,0,2,0,4,0,0,0,0,0,0,0,0,3801088,0,3801088,6,17766553607501442278,0,0,2,8,2,0,0,0
layer,9,0,8,135,decode,1,8,5,3,1062,398,158,95,3,0,3,1220,8,16,0,0,0,0,0,0,60,lru,0,0,0,0,0,0,8,5,8,0,3,0,4,0,0,0,0,0,0,0,0,5701632,0,5701632,9,1948492005036949632,0,0,3,8,3,0,0,0
layer,9,0,8,135,decode,2,8,1,7,6630,956,139,144,4,0,4,6911,8,9,0,0,0,0,0,0,60,lru,0,0,0,0,0,0,8,1,8,0,7,0,3,0,0,0,0,0,0,0,0,13303808,0,13303808,21,5006948436406637278,0,0,7,8,7,0,0,0
layer,9,0,8,135,decode,3,8,7,1,583,174,162,15,3,0,3,656,8,2,0,0,0,0,0,0,60,lru,0,0,0,0,0,0,8,7,8,0,1,0,3,0,0,0,0,0,0,0,0,1900544,0,1900544,3,9221909268881073513,0,0,1,8,1,0,0,0
layer,9,0,8,135,decode,4,8,8,0,0,0,173,0,0,0,0,22,7,2,0,0,0,0,0,0,60,lru,0,0,0,0,0,0,8,8,8,0,0,0,3,0,0,0,0,0,0,0,0,0,0,0,0,18426087518387629342,0,0,0,8,0,0,0,0
layer,9,0,8,135,decode,5,8,4,4,1442,536,157,78,4,0,4,1605,7,10,0,0,0,0,0,0,60,lru,0,0,0,0,0,0,8,4,8,0,4,0,3,0,0,0,0,0,0,0,0,7602176,0,7602176,12,5089425193703876880,0,0,4,8,4,0,0,0
layer,9,0,8,135,decode,6,8,6,2,697,298,144,44,4,0,4,797,7,4,0,0,0,0,0,0,60,lru,0,0,0,0,0,0,8,6,8,0,2,0,3,0,0,0,0,0,0,0,0,3801088,0,3801088,6,6485916271933427863,0,0,2,8,2,0,0,0
layer,9,0,8,135,decode,7,8,6,2,599,298,161,28,4,0,4,701,7,3,0,0,0,0,0,0,60,lru,0,0,0,0,0,0,8,6,8,0,2,0,3,0,0,0,0,0,0,0,0,3801088,0,3801088,6,16110661259385771720,0,0,2,8,2,0,0,0
layer,9,0,8,135,decode,8,8,7,1,4735,166,154,7,3,0,3,4800,8,2,0,0,0,0,0,0,60,lru,0,0,0,0,0,0,8,7,8,0,1,0,3,0,0,0,0,0,0,0,0,1900544,0,1900544,3,12312999409685858030,0,0,1,8,1,0,0,0
layer,9,0,8,135,decode,9,8,8,0,0,0,180,0,0,0,0,20,8,2,0,0,0,0,0,0,60,lru,0,0,0,0,0,0,8,8,8,0,0,0,2,0,0,0,0,0,0,0,0,0,0,0,0,1164168202592943972,0,0,0,8,0,0,0,0
layer,9,0,8,135,decode,10,8,7,1,6102,273,145,52,1,0,1,6212,8,19,0,0,0,0,0,0,60,lru,0,0,0,0,0,0,8,7,8,0,1,0,2,0,0,0,0,0,0,0,0,1900544,0,1900544,3,16230882187073323188,0,0,1,8,1,0,0,0
layer,9,0,8,135,decode,11,8,7,1,3702,174,161,17,1,0,1,3761,8,3,0,0,0,0,0,0,60,lru,0,0,0,0,0,0,8,7,8,0,1,0,1,0,0,0,0,0,0,0,0,1900544,0,1900544,3,1311277773683376307,0,0,1,8,1,0,0,0
layer,9,0,8,135,decode,12,8,8,0,0,0,173,0,0,0,0,19,8,2,0,0,0,0,0,0,60,lru,0,0,0,0,0,0,8,8,8,0,0,0,2,0,0,0,0,0,0,0,0,0,0,0,0,2000440737684769920,0,0,0,8,0,0,0,0
layer,9,0,8,135,decode,13,8,6,2,709,290,158,56,2,0,2,832,9,24,0,0,0,0,0,0,60,lru,0,0,0,0,0,0,8,6,8,0,2,0,2,0,0,0,0,0,0,0,0,3801088,0,3801088,6,16223915796982868159,0,0,2,8,2,0,0,0
layer,9,0,8,135,decode,14,8,7,1,319,176,146,8,1,0,1,383,8,3,0,0,0,0,0,0,60,lru,0,0,0,0,0,0,8,7,8,0,1,0,2,0,0,0,0,0,0,0,0,1900544,0,1900544,3,16504138498369643397,0,0,1,8,1,0,0,0
layer,9,0,8,135,decode,15,8,7,1,528,156,158,25,1,0,1,604,8,3,0,0,0,0,0,0,60,lru,0,0,0,0,0,0,8,7,8,0,1,0,2,0,0,0,0,0,0,0,0,1900544,0,1900544,3,17071262489692299336,0,0,1,8,1,0,0,0
layer,9,0,8,135,decode,16,8,5,3,1016,422,153,75,2,0,2,1134,8,3,0,0,0,0,0,0,60,lru,0,0,0,0,0,0,8,5,8,0,3,0,1,0,0,0,0,0,0,0,0,5701632,0,5701632,9,17388171672816517437,0,0,3,8,3,0,0,0
layer,9,0,8,135,decode,17,8,7,1,322,177,161,13,1,0,1,383,8,3,0,0,0,0,0,0,60,lru,0,0,0,0,0,0,8,7,8,0,1,0,2,0,0,0,0,0,0,0,0,1900544,0,1900544,3,10747978746693540413,0,0,1,8,1,0,0,0
layer,9,0,8,135,decode,18,8,7,1,321,178,144,19,1,0,1,395,8,4,0,0,0,0,0,0,60,lru,0,0,0,0,0,0,8,7,8,0,1,0,2,0,0,0,0,0,0,0,0,1900544,0,1900544,3,4294397186138423788,0,0,1,8,1,0,0,0
layer,9,0,8,135,decode,19,8,6,2,1905,280,159,36,2,0,2,1991,8,2,0,0,0,0,0,0,60,lru,0,0,0,0,0,0,8,6,8,0,2,0,2,0,0,0,0,0,0,0,0,3801088,0,3801088,6,3797850060289924163,0,0,2,8,2,0,0,0
layer,9,0,8,135,decode,20,8,4,4,12106,648,153,87,2,0,2,12258,8,4,0,0,0,0,0,0,60,lru,0,0,0,0,0,0,8,4,8,0,4,0,2,0,0,0,0,0,0,0,0,7602176,0,7602176,12,4626246891390398488,0,0,4,8,4,0,0,0
layer,9,0,8,135,decode,21,8,7,1,355,181,161,18,1,0,1,418,8,3,0,0,0,0,0,0,60,lru,0,0,0,0,0,0,8,7,8,0,1,0,2,0,0,0,0,0,0,0,0,1900544,0,1900544,3,13522098140502796080,0,0,1,8,1,0,0,0
layer,9,0,8,135,decode,22,8,8,0,0,0,160,0,0,0,0,18,8,2,0,0,0,0,0,0,60,lru,0,0,0,0,0,0,8,8,8,0,0,0,1,0,0,0,0,0,0,0,0,0,0,0,0,9077293897511741392,0,0,0,8,0,0,0,0
layer,9,0,8,135,decode,23,8,4,4,12839,654,156,110,2,0,2,12989,7,2,0,0,0,0,0,0,60,lru,0,0,0,0,0,0,8,4,8,0,4,0,2,0,0,0,0,0,0,0,0,7602176,0,7602176,12,17165113650498531631,0,0,4,8,4,0,0,0
layer,9,0,8,135,decode,24,8,7,1,261,176,154,24,1,0,1,344,8,17,0,0,0,0,0,0,60,lru,0,0,0,0,0,0,8,7,8,0,1,0,3,0,0,0,0,0,0,0,0,1900544,0,1900544,3,5528112408869666161,0,0,1,8,1,0,0,0
layer,9,0,8,135,decode,25,8,7,1,307,118,163,12,1,0,1,385,8,4,0,0,0,0,0,0,60,lru,0,0,0,0,0,0,8,7,8,0,1,0,2,0,0,0,0,0,0,0,0,1900544,0,1900544,3,5528735021160992526,0,0,1,8,1,0,0,0
layer,9,0,8,135,decode,26,8,4,4,3456,540,138,80,2,0,2,3622,8,12,0,0,0,0,0,0,60,lru,0,0,0,0,0,0,8,4,8,0,4,0,2,0,0,0,0,0,0,0,0,7602176,0,7602176,12,1797920296175844642,0,0,4,8,4,0,0,0
layer,9,0,8,135,decode,27,8,4,4,10585,653,160,93,2,0,2,10779,8,30,0,0,0,0,0,0,60,lru,0,0,0,0,0,0,8,4,8,0,4,0,2,0,0,0,0,0,0,0,0,7602176,0,7602176,12,3349962317741404092,0,0,4,8,4,0,0,0
layer,9,0,8,135,decode,28,8,6,2,3643,236,160,36,2,0,2,3746,8,3,0,0,0,0,0,0,60,lru,0,0,0,0,0,0,8,6,8,0,2,0,2,0,0,0,0,0,0,0,0,3801088,0,3801088,6,18159410097378029887,0,0,2,8,2,0,0,0
layer,9,0,8,135,decode,29,8,5,3,11116,366,159,59,2,0,2,11239,8,2,0,0,0,0,0,0,60,lru,0,0,0,0,0,0,8,5,8,0,3,0,1,0,0,0,0,0,0,0,0,5701632,0,5701632,9,658892802405898656,0,0,3,8,3,0,0,0
layer,9,0,8,135,decode,30,8,8,0,0,0,159,0,0,0,0,19,8,2,0,0,0,0,0,0,60,lru,0,0,0,0,0,0,8,8,8,0,0,0,1,0,0,0,0,0,0,0,0,0,0,0,0,11153524001216942626,0,0,0,8,0,0,0,0
layer,9,0,8,135,decode,31,8,5,3,10850,592,160,70,2,0,2,10981,7,6,0,0,0,0,0,0,60,lru,0,0,0,0,0,0,8,5,8,0,3,0,2,0,0,0,0,0,0,0,0,5701632,0,5701632,9,11043407761051304829,0,0,3,8,3,0,0,0
layer,9,0,8,135,decode,32,8,5,3,10721,436,152,64,2,0,2,10875,8,27,0,0,0,0,0,0,60,lru,0,0,0,0,0,0,8,5,8,0,3,0,2,0,0,0,0,0,0,0,0,5701632,0,5701632,9,3170754579772526432,0,0,3,8,3,0,0,0
layer,9,0,8,135,decode,33,8,2,6,10732,768,155,174,2,0,2,10942,8,3,0,0,0,0,0,0,60,lru,0,0,0,0,0,0,8,2,8,0,6,0,2,0,0,0,0,0,0,0,0,11403264,0,11403264,18,1096828206140903151,0,0,6,8,6,0,0,0
layer,9,0,8,135,decode,34,8,7,1,4103,184,145,16,1,0,1,4166,8,2,0,0,0,0,0,0,60,lru,0,0,0,0,0,0,8,7,8,0,1,0,2,0,0,0,0,0,0,0,0,2039808,0,2039808,3,9983660702439725721,0,0,1,8,1,0,0,0
layer,9,0,8,135,decode,35,8,7,1,346,148,159,16,1,0,1,410,8,5,0,0,0,0,0,0,60,lru,0,0,0,0,0,0,8,7,8,0,1,0,2,0,0,0,0,0,0,0,0,1900544,0,1900544,3,9186746081147970089,0,0,1,8,1,0,0,0
layer,9,0,8,135,decode,36,8,6,2,770,335,153,41,2,0,2,879,7,20,0,0,0,0,0,0,60,lru,0,0,0,0,0,0,8,6,8,0,2,0,2,0,0,0,0,0,0,0,0,3801088,0,3801088,6,168553827873682714,0,0,2,8,2,0,0,0
layer,9,0,8,135,decode,37,8,4,4,6003,666,156,104,2,0,2,6161,7,5,0,0,0,0,0,0,60,lru,0,0,0,0,0,0,8,4,8,0,4,0,2,0,0,0,0,0,0,0,0,7602176,0,7602176,12,7207624911407760740,0,0,4,8,4,0,0,0
layer,9,0,8,135,decode,38,8,5,3,1277,469,143,46,2,0,2,1403,8,9,0,0,0,0,0,0,60,lru,0,0,0,0,0,0,8,5,8,0,3,0,2,0,0,0,0,0,0,0,0,6119424,0,6119424,9,1070291579223744423,0,0,3,8,3,0,0,0
layer,9,0,8,135,decode,39,8,3,5,11484,891,672,122,2,0,2,11674,8,3,0,0,0,0,0,0,60,lru,0,0,0,0,0,0,8,3,8,0,5,0,2,0,0,0,0,0,0,0,0,10199040,0,10199040,15,16930971845087780111,0,0,5,8,5,0,0,0
request,9,0,8,0,decode,-1,0,0,0,0,0,0,0,0,0,0,0,0,0,0,0,0,0,0,0,0,,156921,624,0,0,18,0,0,0,0,0,0,0,0,0,0,0,0,0,0,0,0,0,0,0,0,0,0,0,0,0,0,0,0,0
layer,10,0,9,136,decode,0,8,6,2,1579,310,153,26,4,0,4,1695,9,7,0,0,0,0,0,0,60,lru,0,0,0,0,0,0,8,6,8,0,2,0,5,0,0,0,0,0,0,0,0,3801088,0,3801088,6,256183304317158008,0,0,2,8,2,0,0,0
layer,10,0,9,136,decode,1,8,5,3,1050,400,159,79,4,0,4,1182,8,5,0,0,0,0,0,0,60,lru,0,0,0,0,0,0,8,5,8,0,3,0,4,0,0,0,0,0,0,0,0,5701632,0,5701632,9,4134088012697480474,0,0,3,8,3,0,0,0
layer,10,0,9,136,decode,2,8,6,2,726,269,143,40,4,0,4,835,8,4,0,0,0,0,0,0,60,lru,0,0,0,0,0,0,8,6,8,0,2,0,4,0,0,0,0,0,0,0,0,3801088,0,3801088,6,11054506302481276366,0,0,2,8,2,0,0,0
layer,10,0,9,136,decode,3,8,6,2,674,272,161,31,3,0,3,773,8,4,0,0,0,0,0,0,60,lru,0,0,0,0,0,0,8,6,8,0,2,0,3,0,0,0,0,0,0,0,0,3801088,0,3801088,6,1357185653351558521,0,0,2,8,2,0,0,0
layer,10,0,9,136,decode,4,8,6,2,844,239,155,38,3,0,3,941,8,3,0,0,0,0,0,0,60,lru,0,0,0,0,0,0,8,6,8,0,2,0,3,0,0,0,0,0,0,0,0,3801088,0,3801088,6,7876943170034613391,0,0,2,8,2,0,0,0
layer,10,0,9,136,decode,5,8,6,2,682,279,156,40,4,0,4,799,8,3,0,0,0,0,0,0,60,lru,0,0,0,0,0,0,8,6,8,0,2,0,4,0,0,0,0,0,0,0,0,3801088,0,3801088,6,17879656732256625828,0,0,2,8,2,0,0,0
layer,10,0,9,136,decode,6,8,8,0,0,0,160,0,0,0,0,22,8,2,0,0,0,0,0,0,60,lru,0,0,0,0,0,0,8,8,8,0,0,0,3,0,0,0,0,0,0,0,0,0,0,0,0,1904092008760804848,0,0,0,8,0,0,0,0
layer,10,0,9,136,decode,7,8,8,0,0,0,182,0,0,0,0,22,7,2,0,0,0,0,0,0,60,lru,0,0,0,0,0,0,8,8,8,0,0,0,3,0,0,0,0,0,0,0,0,0,0,0,0,1660091344714187752,0,0,0,8,0,0,0,0
layer,10,0,9,136,decode,8,8,8,0,0,0,175,0,0,0,0,19,7,2,0,0,0,0,0,0,60,lru,0,0,0,0,0,0,8,8,8,0,0,0,3,0,0,0,0,0,0,0,0,0,0,0,0,12283578057002322663,0,0,0,8,0,0,0,0
layer,10,0,9,136,decode,9,8,7,1,315,174,160,22,1,0,1,398,7,17,0,0,0,0,0,0,60,lru,0,0,0,0,0,0,8,7,8,0,1,0,3,0,0,0,0,0,0,0,0,1900544,0,1900544,3,10107830533395532044,0,0,1,8,1,0,0,0
layer,10,0,9,136,decode,10,8,8,0,0,0,158,0,0,0,0,19,7,2,0,0,0,0,0,0,60,lru,0,0,0,0,0,0,8,8,8,0,0,0,2,0,0,0,0,0,0,0,0,0,0,0,0,3901729132458621724,0,0,0,8,0,0,0,0
layer,10,0,9,136,decode,11,8,8,0,0,0,180,0,0,0,0,17,7,2,0,0,0,0,0,0,60,lru,0,0,0,0,0,0,8,8,8,0,0,0,2,0,0,0,0,0,0,0,0,0,0,0,0,13185845533284760550,0,0,0,8,0,0,0,0
layer,10,0,9,136,decode,12,8,8,0,0,0,174,0,0,0,0,18,7,2,0,0,0,0,0,0,60,lru,0,0,0,0,0,0,8,8,8,0,0,0,2,0,0,0,0,0,0,0,0,0,0,0,0,9657029993944277056,0,0,0,8,0,0,0,0
layer,10,0,9,136,decode,13,8,6,2,1775,285,159,34,2,0,2,1871,7,4,0,0,0,0,0,0,60,lru,0,0,0,0,0,0,8,6,8,0,2,0,2,0,0,0,0,0,0,0,0,3801088,0,3801088,6,464341378819426607,0,0,2,8,2,0,0,0
layer,10,0,9,136,decode,14,8,8,0,0,0,159,0,0,0,0,20,8,2,0,0,0,0,0,0,60,lru,0,0,0,0,0,0,8,8,8,0,0,0,2,0,0,0,0,0,0,0,0,0,0,0,0,15418123109660909935,0,0,0,8,0,0,0,0
layer,10,0,9,136,decode,15,8,8,0,0,0,181,0,0,0,0,18,7,2,0,0,0,0,0,0,60,lru,0,0,0,0,0,0,8,8,8,0,0,0,2,0,0,0,0,0,0,0,0,0,0,0,0,7172804628346935676,0,0,0,8,0,0,0,0
layer,10,0,9,136,decode,16,8,8,0,0,0,175,0,0,0,0,17,7,2,0,0,0,0,0,0,60,lru,0,0,0,0,0,0,8,8,8,0,0,0,2,0,0,0,0,0,0,0,0,0,0,0,0,11226013459689102582,0,0,0,8,0,0,0,0
layer,10,0,9,136,decode,17,8,8,0,0,0,180,0,0,0,0,18,8,2,0,0,0,0,0,0,60,lru,0,0,0,0,0,0,8,8,8,0,0,0,2,0,0,0,0,0,0,0,0,0,0,0,0,4958735092814997066,0,0,0,8,0,0,0,0
layer,10,0,9,136,decode,18,8,7,1,327,162,144,28,1,0,1,409,7,17,0,0,0,0,0,0,60,lru,0,0,0,0,0,0,8,7,8,0,1,0,2,0,0,0,0,0,0,0,0,1900544,0,1900544,3,440481565051333190,0,0,1,8,1,0,0,0
layer,10,0,9,136,decode,19,8,7,1,310,171,160,27,1,0,1,372,8,3,0,0,0,0,0,0,60,lru,0,0,0,0,0,0,8,7,8,0,1,0,2,0,0,0,0,0,0,0,0,1900544,0,1900544,3,3636914449266102055,0,0,1,8,1,0,0,0
layer,10,0,9,136,decode,20,8,6,2,648,292,154,34,2,0,2,742,8,3,0,0,0,0,0,0,60,lru,0,0,0,0,0,0,8,6,8,0,2,0,1,0,0,0,0,0,0,0,0,3801088,0,3801088,6,1481640695958228924,0,0,2,8,2,0,0,0
layer,10,0,9,136,decode,21,8,8,0,0,0,180,0,0,0,0,19,8,2,0,0,0,0,0,0,60,lru,0,0,0,0,0,0,8,8,8,0,0,0,2,0,0,0,0,0,0,0,0,0,0,0,0,6372748322243033036,0,0,0,8,0,0,0,0
layer,10,0,9,136,decode,22,8,7,1,320,172,144,15,1,0,1,381,8,3,0,0,0,0,0,0,60,lru,0,0,0,0,0,0,8,7,8,0,1,0,2,0,0,0,0,0,0,0,0,1900544,0,1900544,3,3883574391584390457,0,0,1,8,1,0,0,0
layer,10,0,9,136,decode,23,8,7,1,312,155,161,17,1,0,1,374,8,3,0,0,0,0,0,0,60,lru,0,0,0,0,0,0,8,7,8,0,1,0,2,0,0,0,0,0,0,0,0,1900544,0,1900544,3,16097460006470681003,0,0,1,8,1,0,0,0
layer,10,0,9,136,decode,24,8,8,0,0,0,173,0,0,0,0,19,8,2,0,0,0,0,0,0,60,lru,0,0,0,0,0,0,8,8,8,0,0,0,2,0,0,0,0,0,0,0,0,0,0,0,0,17982123898159918898,0,0,0,8,0,0,0,0
layer,10,0,9,136,decode,25,8,7,1,300,164,161,13,1,0,1,402,7,18,0,0,0,0,0,0,60,lru,0,0,0,0,0,0,8,7,8,0,1,0,1,0,0,0,0,0,0,0,0,1900544,0,1900544,3,11667471829715060801,0,0,1,8,1,0,0,0
layer,10,0,9,136,decode,26,8,8,0,0,0,157,0,0,0,0,19,8,2,0,0,0,0,0,0,60,lru,0,0,0,0,0,0,8,8,8,0,0,0,2,0,0,0,0,0,0,0,0,0,0,0,0,687042300089688261,0,0,0,8,0,0,0,0
layer,10,0,9,136,decode,27,8,8,0,0,0,182,0,0,0,0,17,7,2,0,0,0,0,0,0,60,lru,0,0,0,0,0,0,8,8,8,0,0,0,2,0,0,0,0,0,0,0,0,0,0,0,0,10197804202889524642,0,0,0,8,0,0,0,0
layer,10,0,9,136,decode,28,8,6,2,737,267,154,41,2,0,2,826,7,2,0,0,0,0,0,0,60,lru,0,0,0,0,0,0,8,6,8,0,2,0,1,0,0,0,0,0,0,0,0,3801088,0,3801088,6,862835602802075356,0,0,2,8,2,0,0,0
layer,10,0,9,136,decode,29,8,7,1,4635,289,160,14,1,0,1,4693,7,3,0,0,0,0,0,0,60,lru,0,0,0,0,0,0,8,7,8,0,1,0,2,0,0,0,0,0,0,0,0,1900544,0,1900544,3,8573648783834778450,0,0,1,8,1,0,0,0
layer,10,0,9,136,decode,30,8,7,1,4169,166,145,23,1,0,1,4227,7,2,0,0,0,0,0,0,60,lru,0,0,0,0,0,0,8,7,8,0,1,0,1,0,0,0,0,0,0,0,0,1900544,0,1900544,3,12225414343385928778,0,0,1,8,1,0,0,0
layer,10,0,9,136,decode,31,8,5,3,1576,409,160,47,2,0,2,1697,8,5,0,0,0,0,0,0,60,lru,0,0,0,0,0,0,8,5,8,0,3,0,1,0,0,0,0,0,0,0,0,5701632,0,5701632,9,3136707724217711122,0,0,3,8,3,0,0,0
layer,10,0,9,136,decode,32,8,8,0,0,0,176,0,0,0,0,19,8,2,0,0,0,0,0,0,60,lru,0,0,0,0,0,0,8,8,8,0,0,0,2,0,0,0,0,0,0,0,0,0,0,0,0,12363961511064630396,0,0,0,8,0,0,0,0
layer,10,0,9,136,decode,33,8,6,2,925,288,158,35,2,0,2,1015,7,3,0,0,0,0,0,0,60,lru,0,0,0,0,0,0,8,6,8,0,2,0,2,0,0,0,0,0,0,0,0,3801088,0,3801088,6,8792502867803693197,0,0,2,8,2,0,0,0
layer,10,0,9,136,decode,34,8,7,1,332,167,145,32,2,0,2,440,8,32,0,0,0,0,0,0,60,lru,0,0,0,0,0,0,8,7,8,0,1,0,2,0,0,0,0,0,0,0,0,2039808,0,2039808,3,12417754167355375309,0,0,1,8,1,0,0,0
layer,10,0,9,136,decode,35,8,6,2,5358,435,160,45,2,0,2,5470,8,19,0,0,0,0,0,0,60,lru,0,0,0,0,0,0,8,6,8,0,2,0,2,0,0,0,0,0,0,0,0,3801088,0,3801088,6,11977729599320737797,0,0,2,8,2,0,0,0
layer,10,0,9,136,decode,36,8,6,2,706,251,152,56,2,0,2,808,8,2,0,0,0,0,0,0,60,lru,0,0,0,0,0,0,8,6,8,0,2,0,2,0,0,0,0,0,0,0,0,3801088,0,3801088,6,14295789920659678292,0,0,2,8,2,0,0,0
layer,10,0,9,136,decode,37,8,5,3,1175,404,157,49,2,0,2,1298,8,4,0,0,0,0,0,0,60,lru,0,0,0,0,0,0,8,5,8,0,3,0,2,0,0,0,0,0,0,0,0,5701632,0,5701632,9,12335130773298991040,0,0,3,8,3,0,0,0
layer,10,0,9,136,decode,38,8,5,3,1893,399,144,42,2,0,2,2025,8,4,0,0,0,0,0,0,60,lru,0,0,0,0,0,0,8,5,8,0,3,0,2,0,0,0,0,0,0,0,0,6119424,0,6119424,9,11792382779347442684,0,0,3,8,3,0,0,0
layer,10,0,9,136,decode,39,8,7,1,4146,180,677,31,1,0,1,4216,7,3,0,0,0,0,0,0,60,lru,0,0,0,0,0,0,8,7,8,0,1,0,2,0,0,0,0,0,0,0,0,2039808,0,2039808,3,16832519235363412535,0,0,1,8,1,0,0,0
request,10,0,9,0,decode,-1,0,0,0,0,0,0,0,0,0,0,0,0,0,0,0,0,0,0,0,0,,47645,438,0,0,19,0,0,0,0,0,0,0,0,0,0,0,0,0,0,0,0,0,0,0,0,0,0,0,0,0,0,0,0,0
layer,11,0,10,137,decode,0,8,7,1,358,163,153,19,3,0,3,438,9,3,0,0,0,0,0,0,60,lru,0,0,0,0,0,0,8,7,8,0,1,0,5,0,0,0,0,0,0,0,0,1900544,0,1900544,3,13752061682182859772,0,0,1,8,1,0,0,0
layer,11,0,10,137,decode,1,8,6,2,692,281,161,30,4,0,4,794,8,5,0,0,0,0,0,0,60,lru,0,0,0,0,0,0,8,6,8,0,2,0,4,0,0,0,0,0,0,0,0,3801088,0,3801088,6,3671770091983518084,0,0,2,8,2,0,0,0
layer,11,0,10,137,decode,2,8,4,4,1543,529,142,108,4,0,4,1701,8,7,0,0,0,0,0,0,60,lru,0,0,0,0,0,0,8,4,8,0,4,0,4,0,0,0,0,0,0,0,0,7602176,0,7602176,12,9502492281645903271,0,0,4,8,4,0,0,0
layer,11,0,10,137,decode,3,8,4,4,5237,601,158,73,4,0,4,5400,8,3,0,0,0,0,0,0,60,lru,0,0,0,0,0,0,8,4,8,0,4,0,4,0,0,0,0,0,0,0,0,7602176,0,7602176,12,9784137220707317288,0,0,4,8,4,0,0,0
layer,11,0,10,137,decode,4,8,5,3,6175,387,154,42,4,0,4,6297,7,4,0,0,0,0,0,0,60,lru,0,0,0,0,0,0,8,5,8,0,3,0,3,0,0,0,0,0,0,0,0,5701632,0,5701632,9,3162804470617996141,0,0,3,8,3,0,0,0
layer,11,0,10,137,decode,5,8,6,2,697,277,158,40,3,0,3,801,7,7,0,0,0,0,0,0,60,lru,0,0,0,0,0,0,8,6,8,0,2,0,4,0,0,0,0,0,0,0,0,3801088,0,3801088,6,5209220739066450078,0,0,2,8,2,0,0,0
layer,11,0,10,137,decode,6,8,7,1,340,151,145,26,3,0,3,421,10,5,0,0,0,0,0,0,60,lru,0,0,0,0,0,0,8,7,8,0,1,0,3,0,0,0,0,0,0,0,0,1900544,0,1900544,3,3897460784983115726,0,0,1,8,1,0,0,0
layer,11,0,10,137,decode,7,8,7,1,331,182,162,15,3,0,3,394,8,3,0,0,0,0,0,0,60,lru,0,0,0,0,0,0,8,7,8,0,1,0,3,0,0,0,0,0,0,0,0,1900544,0,1900544,3,10441621081237985884,0,0,1,8,1,0,0,0
layer,11,0,10,137,decode,8,8,6,2,2374,293,153,48,4,0,4,2486,8,8,0,0,0,0,0,0,60,lru,0,0,0,0,0,0,8,6,8,0,2,0,3,0,0,0,0,0,0,0,0,3801088,0,3801088,6,13708950532611813882,0,0,2,8,2,0,0,0
layer,11,0,10,137,decode,9,8,8,0,0,0,181,0,0,0,0,20,8,2,0,0,0,0,0,0,60,lru,0,0,0,0,0,0,8,8,8,0,0,0,3,0,0,0,0,0,0,0,0,0,0,0,0,4495025657307624376,0,0,0,8,0,0,0,0
layer,11,0,10,137,decode,10,8,7,1,2194,174,144,30,1,0,1,2256,8,3,0,0,0,0,0,0,60,lru,0,0,0,0,0,0,8,7,8,0,1,0,2,0,0,0,0,0,0,0,0,1900544,0,1900544,3,4557210866926226125,0,0,1,8,1,0,0,0
layer,11,0,10,137,decode,11,8,6,2,6319,388,161,52,2,0,2,6425,8,11,0,0,0,0,0,0,60,lru,0,0,0,0,0,0,8,6,8,0,2,0,2,0,0,0,0,0,0,0,0,3801088,0,3801088,6,1691102136812413906,0,0,2,8,2,0,0,0
layer,11,0,10,137,decode,12,8,8,0,0,0,173,0,0,0,0,19,7,2,0,0,0,0,0,0,60,lru,0,0,0,0,0,0,8,8,8,0,0,0,2,0,0,0,0,0,0,0,0,0,0,0,0,12997929092757780834,0,0,0,8,0,0,0,0
layer,11,0,10,137,decode,13,8,6,2,5334,287,160,28,2,0,2,5429,7,4,0,0,0,0,0,0,60,lru,0,0,0,0,0,0,8,6,8,0,2,0,2,0,0,0,0,0,0,0,0,3801088,0,3801088,6,9034438458927865456,0,0,2,8,2,0,0,0
layer,11,0,10,137,decode,14,8,7,1,381,164,145,17,1,0,1,439,8,3,0,0,0,0,0,0,60,lru,0,0,0,0,0,0,8,7,8,0,1,0,2,0,0,0,0,0,0,0,0,1900544,0,1900544,3,17170889658984669062,0,0,1,8,1,0,0,0
layer,11,0,10,137,decode,15,8,7,1,365,169,161,13,2,0,2,429,8,3,0,0,0,0,0,0,60,lru,0,0,0,0,0,0,8,7,8,0,1,0,2,0,0,0,0,0,0,0,0,1900544,0,1900544,3,5412050933553075746,0,0,1,8,1,0,0,0
layer,11,0,10,137,decode,16,8,7,1,358,163,154,20,1,0,1,454,8,34,0,0,0,0,0,0,60,lru,0,0,0,0,0,0,8,7,8,0,1,0,1,0,0,0,0,0,0,0,0,1900544,0,1900544,3,11974962715807655381,0,0,1,8,1,0,0,0
layer,11,0,10,137,decode,17,8,7,1,334,164,161,26,1,0,1,405,8,4,0,0,0,0,0,0,60,lru,0,0,0,0,0,0,8,7,8,0,1,0,2,0,0,0,0,0,0,0,0,1900544,0,1900544,3,10794085220456199734,0,0,1,8,1,0,0,0
layer,11,0,10,137,decode,18,8,8,0,0,0,159,0,0,0,0,19,8,2,0,0,0,0,0,0,60,lru,0,0,0,0,0,0,8,8,8,0,0,0,1,0,0,0,0,0,0,0,0,0,0,0,0,15799263491683995394,0,0,0,8,0,0,0,0
layer,11,0,10,137,decode,19,8,7,1,313,167,161,14,1,0,1,375,7,3,0,0,0,0,0,0,60,lru,0,0,0,0,0,0,8,7,8,0,1,0,2,0,0,0,0,0,0,0,0,1900544,0,1900544,3,17988190696867751455,0,0,1,8,1,0,0,0
layer,11,0,10,137,decode,20,8,6,2,5865,374,153,50,2,0,2,5955,8,3,0,0,0,0,0,0,60,lru,0,0,0,0,0,0,8,6,8,0,2,0,1,0,0,0,0,0,0,0,0,3801088,0,3801088,6,4900092950834999578,0,0,2,8,2,0,0,0
layer,11,0,10,137,decode,21,8,8,0,0,0,180,0,0,0,0,20,8,2,0,0,0,0,0,0,60,lru,0,0,0,0,0,0,8,8,8,0,0,0,2,0,0,0,0,0,0,0,0,0,0,0,0,11927863681752624834,0,0,0,8,0,0,0,0
layer,11,0,10,137,decode,22,8,7,1,348,176,144,28,1,0,1,412,8,3,0,0,0,0,0,0,60,lru,0,0,0,0,0,0,8,7,8,0,1,0,1,0,0,0,0,0,0,0,0,1900544,0,1900544,3,10061796546347833215,0,0,1,8,1,0,0,0
layer,11,0,10,137,decode,23,8,7,1,626,165,159,8,1,0,1,684,8,2,0,0,0,0,0,0,60,lru,0,0,0,0,0,0,8,7,8,0,1,0,2,0,0,0,0,0,0,0,0,1900544,0,1900544,3,7040921833537564862,0,0,1,8,1,0,0,0
layer,11,0,10,137,decode,24,8,8,0,0,0,173,0,0,0,0,19,8,2,0,0,0,0,0,0,60,lru,0,0,0,0,0,0,8,8,8,0,0,0,2,0,0,0,0,0,0,0,0,0,0,0,0,5071179296124846802,0,0,0,8,0,0,0,0
layer,11,0,10,137,decode,25,8,6,2,1009,281,159,39,2,0,2,1095,7,4,0,0,0,0,0,0,60,lru,0,0,0,0,0,0,8,6,8,0,2,0,2,0,0,0,0,0,0,0,0,3801088,0,3801088,6,4927969956705875744,0,0,2,8,2,0,0,0
layer,11,0,10,137,decode,26,8,7,1,392,165,143,30,1,0,1,483,8,24,0,0,0,0,0,0,60,lru,0,0,0,0,0,0,8,7,8,0,1,0,2,0,0,0,0,0,0,0,0,1900544,0,1900544,3,15018021186249731840,0,0,1,8,1,0,0,0
layer,11,0,10,137,decode,27,8,7,1,5978,169,161,27,1,0,1,6038,7,3,0,0,0,0,0,0,60,lru,0,0,0,0,0,0,8,7,8,0,1,0,2,0,0,0,0,0,0,0,0,1900544,0,1900544,3,2518858018718407975,0,0,1,8,1,0,0,0
layer,11,0,10,137,decode,28,8,8,0,0,0,174,0,0,0,0,18,8,2,0,0,0,0,0,0,60,lru,0,0,0,0,0,0,8,8,8,0,0,0,2,0,0,0,0,0,0,0,0,0,0,0,0,5095912132651774936,0,0,0,8,0,0,0,0
layer,11,0,10,137,decode,29,8,7,1,4137,173,160,18,1,0,1,4192,7,2,0,0,0,0,0,0,60,lru,0,0,0,0,0,0,8,7,8,0,1,0,1,0,0,0,0,0,0,0,0,1900544,0,1900544,3,3339611026600156272,0,0,1,8,1,0,0,0
layer,11,0,10,137,decode,30,8,6,2,6957,408,142,49,2,0,2,7052,8,8,0,0,0,0,0,0,60,lru,0,0,0,0,0,0,8,6,8,0,2,0,1,0,0,0,0,0,0,0,0,3801088,0,3801088,6,8796630222680208867,0,0,2,8,2,0,0,0
layer,11,0,10,137,decode,31,8,3,5,9914,659,159,80,2,0,2,10109,8,19,0,0,0,0,0,0,60,lru,0,0,0,0,0,0,8,3,8,0,5,0,2,0,0,0,0,0,0,0,0,9502720,0,9502720,15,11407963209129881544,0,0,5,8,5,0,0,0
layer,11,0,10,137,decode,32,8,7,1,373,163,154,15,1,0,1,432,8,3,0,0,0,0,0,0,60,lru,0,0,0,0,0,0,8,7,8,0,1,0,2,0,0,0,0,0,0,0,0,1900544,0,1900544,3,15384330664642553468,0,0,1,8,1,0,0,0
layer,11,0,10,137,decode,33,8,6,2,638,313,159,33,2,0,2,726,7,4,0,0,0,0,0,0,60,lru,0,0,0,0,0,0,8,6,8,0,2,0,2,0,0,0,0,0,0,0,0,3801088,0,3801088,6,9294837972055209873,0,0,2,8,2,0,0,0
layer,11,0,10,137,decode,34,8,4,4,1885,531,143,94,2,0,2,2044,8,4,0,0,0,0,0,0,60,lru,0,0,0,0,0,0,8,4,8,0,4,0,2,0,0,0,0,0,0,0,0,8159232,0,8159232,12,12015607263444812177,0,0,4,8,4,0,0,0
layer,11,0,10,137,decode,35,8,6,2,583,308,159,44,2,0,2,701,7,2,0,0,0,0,0,0,60,lru,0,0,0,0,0,0,8,6,8,0,2,0,2,0,0,0,0,0,0,0,0,3801088,0,3801088,6,3667821792527153563,0,0,2,8,2,0,0,0
layer,11,0,10,137,decode,36,8,7,1,4279,267,154,12,1,0,1,4361,7,11,0,0,0,0,0,0,60,lru,0,0,0,0,0,0,8,7,8,0,1,0,2,0,0,0,0,0,0,0,0,1900544,0,1900544,3,13450369065003021660,0,0,1,8,1,0,0,0
layer,11,0,10,137,decode,37,8,5,3,4675,399,158,74,2,0,2,4811,8,4,0,0,0,0,0,0,60,lru,0,0,0,0,0,0,8,5,8,0,3,0,2,0,0,0,0,0,0,0,0,5701632,0,5701632,9,18107390613545277583,0,0,3,8,3,0,0,0
layer,11,0,10,137,decode,38,8,7,1,326,178,146,18,2,0,2,393,8,3,0,0,0,0,0,0,60,lru,0,0,0,0,0,0,8,7,8,0,1,0,2,0,0,0,0,0,0,0,0,2039808,0,2039808,3,4023038026040428773,0,0,1,8,1,0,0,0
layer,11,0,10,137,decode,39,8,6,2,887,337,674,32,2,0,2,976,8,5,0,0,0,0,0,0,60,lru,0,0,0,0,0,0,8,6,8,0,2,0,2,0,0,0,0,0,0,0,0,4079616,0,4079616,6,13251926240262467553,0,0,2,8,2,0,0,0
request,11,0,10,0,decode,-1,0,0,0,0,0,0,0,0,0,0,0,0,0,0,0,0,0,0,0,0,,95926,511,0,0,16,0,0,0,0,0,0,0,0,0,0,0,0,0,0,0,0,0,0,0,0,0,0,0,0,0,0,0,0,0
layer,12,0,11,138,decode,0,8,6,2,725,279,153,29,4,0,4,832,10,4,0,0,0,0,0,0,60,lru,0,0,0,0,0,0,8,6,8,0,2,0,5,0,0,0,0,0,0,0,0,3801088,0,3801088,6,2925420408621948646,0,0,2,8,2,0,0,0
layer,12,0,11,138,decode,1,8,6,2,689,301,159,39,3,0,3,788,8,5,0,0,0,0,0,0,60,lru,0,0,0,0,0,0,8,6,8,0,2,0,4,0,0,0,0,0,0,0,0,3801088,0,3801088,6,9887708508919463289,0,0,2,8,2,0,0,0
layer,12,0,11,138,decode,2,8,5,3,4894,470,142,48,4,0,4,5047,8,16,0,0,0,0,0,0,60,lru,0,0,0,0,0,0,8,5,8,0,3,0,4,0,0,0,0,0,0,0,0,5701632,0,5701632,9,17354080079687561022,0,0,3,8,3,0,0,0
layer,12,0,11,138,decode,3,8,8,0,0,0,182,0,0,0,0,22,8,2,0,0,0,0,0,0,60,lru,0,0,0,0,0,0,8,8,8,0,0,0,4,0,0,0,0,0,0,0,0,0,0,0,0,804467492284404381,0,0,0,8,0,0,0,0
layer,12,0,11,138,decode,4,8,7,1,503,175,155,12,2,0,2,564,7,2,0,0,0,0,0,0,60,lru,0,0,0,0,0,0,8,7,8,0,1,0,3,0,0,0,0,0,0,0,0,1900544,0,1900544,3,376835580367821545,0,0,1,8,1,0,0,0
layer,12,0,11,138,decode,5,8,5,3,2635,426,157,52,3,0,3,2778,8,20,0,0,0,0,0,0,60,lru,0,0,0,0,0,0,8,5,8,0,3,0,3,0,0,0,0,0,0,0,0,5701632,0,5701632,9,7782803973760838238,0,0,3,8,3,0,0,0
layer,12,0,11,138,decode,6,8,5,3,5842,439,143,49,3,0,3,5982,8,4,0,0,0,0,0,0,60,lru,0,0,0,0,0,0,8,5,8,0,3,0,3,0,0,0,0,0,0,0,0,5701632,0,5701632,9,5807734445174405187,0,0,3,8,3,0,0,0
layer,12,0,11,138,decode,7,8,7,1,378,166,162,12,3,0,3,444,8,4,0,0,0,0,0,0,60,lru,0,0,0,0,0,0,8,7,8,0,1,0,3,0,0,0,0,0,0,0,0,1900544,0,1900544,3,9059665023185837923,0,0,1,8,1,0,0,0
layer,12,0,11,138,decode,8,8,8,0,0,0,175,0,0,0,0,21,7,2,0,0,0,0,0,0,60,lru,0,0,0,0,0,0,8,8,8,0,0,0,3,0,0,0,0,0,0,0,0,0,0,0,0,9584337223041354751,0,0,0,8,0,0,0,0
layer,12,0,11,138,decode,9,8,8,0,0,0,181,0,0,0,0,18,7,2,0,0,0,0,0,0,60,lru,0,0,0,0,0,0,8,8,8,0,0,0,2,0,0,0,0,0,0,0,0,0,0,0,0,17635141348441040057,0,0,0,8,0,0,0,0
layer,12,0,11,138,decode,10,8,7,1,337,177,144,18,1,0,1,417,8,14,0,0,0,0,0,0,60,lru,0,0,0,0,0,0,8,7,8,0,1,0,2,0,0,0,0,0,0,0,0,1900544,0,1900544,3,3049752565942236276,0,0,1,8,1,0,0,0
layer,12,0,11,138,decode,11,8,4,4,1682,563,158,59,2,0,2,1863,8,27,0,0,0,0,0,0,60,lru,0,0,0,0,0,0,8,4,8,0,4,0,2,0,0,0,0,0,0,0,0,7602176,0,7602176,12,4539629512384614638,0,0,4,8,4,0,0,0
layer,12,0,11,138,decode,12,8,7,1,320,167,153,32,1,0,1,381,7,4,0,0,0,0,0,0,60,lru,0,0,0,0,0,0,8,7,8,0,1,0,2,0,0,0,0,0,0,0,0,1900544,0,1900544,3,15495205941748032204,0,0,1,8,1,0,0,0
layer,12,0,11,138,decode,13,8,7,1,314,178,159,16,1,0,1,372,7,2,0,0,0,0,0,0,60,lru,0,0,0,0,0,0,8,7,8,0,1,0,2,0,0,0,0,0,0,0,0,1900544,0,1900544,3,2420161764345620667,0,0,1,8,1,0,0,0
layer,12,0,11,138,decode,14,8,8,0,0,0,160,0,0,0,0,19,8,2,0,0,0,0,0,0,60,lru,0,0,0,0,0,0,8,8,8,0,0,0,2,0,0,0,0,0,0,0,0,0,0,0,0,3110163408323819532,0,0,0,8,0,0,0,0
layer,12,0,11,138,decode,15,8,7,1,312,169,160,16,2,0,2,385,7,4,0,0,0,0,0,0,60,lru,0,0,0,0,0,0,8,7,8,0,1,0,2,0,0,0,0,0,0,0,0,1900544,0,1900544,3,752374720699047118,0,0,1,8,1,0,0,0
layer,12,0,11,138,decode,16,8,5,3,991,408,153,75,2,0,2,1118,8,2,0,0,0,0,0,0,60,lru,0,0,0,0,0,0,8,5,8,0,3,0,2,0,0,0,0,0,0,0,0,5701632,0,5701632,9,330541059587125001,0,0,3,8,3,0,0,0
layer,12,0,11,138,decode,17,8,6,2,659,283,159,37,2,0,2,782,8,19,0,0,0,0,0,0,60,lru,0,0,0,0,0,0,8,6,8,0,2,0,3,0,0,0,0,0,0,0,0,3801088,0,3801088,6,695229829491849715,0,0,2,8,2,0,0,0
layer,12,0,11,138,decode,18,8,7,1,314,173,142,14,1,0,1,374,8,3,0,0,0,0,0,0,60,lru,0,0,0,0,0,0,8,7,8,0,1,0,2,0,0,0,0,0,0,0,0,1900544,0,1900544,3,14258693106952246754,0,0,1,8,1,0,0,0
layer,12,0,11,138,decode,19,8,6,2,813,288,160,26,2,0,2,917,8,6,0,0,0,0,0,0,60,lru,0,0,0,0,0,0,8,6,8,0,2,0,2,0,0,0,0,0,0,0,0,3801088,0,3801088,6,14762968802316151021,0,0,2,8,2,0,0,0
layer,12,0,11,138,decode,20,8,8,0,0,0,175,0,0,0,0,19,8,2,0,0,0,0,0,0,60,lru,0,0,0,0,0,0,8,8,8,0,0,0,1,0,0,0,0,0,0,0,0,0,0,0,0,13473855817300433707,0,0,0,8,0,0,0,0
layer,12,0,11,138,decode,21,8,7,1,321,172,159,21,1,0,1,384,7,3,0,0,0,0,0,0,60,lru,0,0,0,0,0,0,8,7,8,0,1,0,2,0,0,0,0,0,0,0,0,1900544,0,1900544,3,14008773866500702670,0,0,1,8,1,0,0,0
layer,12,0,11,138,decode,22,8,3,5,1795,670,142,93,2,0,2,1968,8,4,0,0,0,0,0,0,60,lru,0,0,0,0,0,0,8,3,8,0,5,0,1,0,0,0,0,0,0,0,0,9502720,0,9502720,15,14306507909075216808,0,0,5,8,5,0,0,0
layer,12,0,11,138,decode,23,8,4,4,1357,535,157,74,2,0,2,1516,8,12,0,0,0,0,0,0,60,lru,0,0,0,0,0,0,8,4,8,0,4,0,2,0,0,0,0,0,0,0,0,7602176,0,7602176,12,16172545035234477482,0,0,4,8,4,0,0,0
layer,12,0,11,138,decode,24,8,5,3,990,443,152,66,2,0,2,1124,7,4,0,0,0,0,0,0,60,lru,0,0,0,0,0,0,8,5,8,0,3,0,2,0,0,0,0,0,0,0,0,5701632,0,5701632,9,7004085966657504098,0,0,3,8,3,0,0,0
layer,12,0,11,138,decode,25,8,4,4,1606,520,159,63,2,0,2,1790,7,28,0,0,0,0,0,0,60,lru,0,0,0,0,0,0,8,4,8,0,4,0,2,0,0,0,0,0,0,0,0,7602176,0,7602176,12,2373178049013238061,0,0,4,8,4,0,0,0
layer,12,0,11,138,decode,26,8,5,3,964,426,141,49,2,0,2,1114,7,18,0,0,0,0,0,0,60,lru,0,0,0,0,0,0,8,5,8,0,3,0,2,0,0,0,0,0,0,0,0,5701632,0,5701632,9,10547415517827096547,0,0,3,8,3,0,0,0
layer,12,0,11,138,decode,27,8,5,3,2189,416,161,56,2,0,2,2339,8,23,0,0,0,0,0,0,60,lru,0,0,0,0,0,0,8,5,8,0,3,0,2,0,0,0,0,0,0,0,0,5701632,0,5701632,9,2953052275567158045,0,0,3,8,3,0,0,0
layer,12,0,11,138,decode,28,8,6,2,718,274,154,26,2,0,2,807,8,3,0,0,0,0,0,0,60,lru,0,0,0,0,0,0,8,6,8,0,2,0,2,0,0,0,0,0,0,0,0,3801088,0,3801088,6,4662998291842586357,0,0,2,8,2,0,0,0
layer,12,0,11,138,decode,29,8,7,1,362,178,159,12,1,0,1,420,7,3,0,0,0,0,0,0,60,lru,0,0,0,0,0,0,8,7,8,0,1,0,1,0,0,0,0,0,0,0,0,1900544,0,1900544,3,3497900685755670332,0,0,1,8,1,0,0,0
layer,12,0,11,138,decode,30,8,5,3,1010,409,142,62,2,0,2,1128,8,3,0,0,0,0,0,0,60,lru,0,0,0,0,0,0,8,5,8,0,3,0,1,0,0,0,0,0,0,0,0,5701632,0,5701632,9,563275370940070350,0,0,3,8,3,0,0,0
layer,12,0,11,138,decode,31,8,6,2,744,312,161,27,2,0,2,846,8,16,0,0,0,0,0,0,60,lru,0,0,0,0,0,0,8,6,8,0,2,0,2,0,0,0,0,0,0,0,0,3801088,0,3801088,6,16954764596290754365,0,0,2,8,2,0,0,0
layer,12,0,11,138,decode,32,8,6,2,706,291,154,33,2,0,2,799,8,3,0,0,0,0,0,0,60,lru,0,0,0,0,0,0,8,6,8,0,2,0,2,0,0,0,0,0,0,0,0,3801088,0,3801088,6,15729722731331330040,0,0,2,8,2,0,0,0
layer,12,0,11,138,decode,33,8,8,0,0,0,181,0,0,0,0,20,8,2,0,0,0,0,0,0,60,lru,0,0,0,0,0,0,8,8,8,0,0,0,2,0,0,0,0,0,0,0,0,0,0,0,0,1893070227974133027,0,0,0,8,0,0,0,0
layer,12,0,11,138,decode,34,8,5,3,1061,437,144,53,2,0,2,1194,8,3,0,0,0,0,0,0,60,lru,0,0,0,0,0,0,8,5,8,0,3,0,1,0,0,0,0,0,0,0,0,6119424,0,6119424,9,5604066476584550301,0,0,3,8,3,0,0,0
layer,12,0,11,138,decode,35,8,7,1,300,135,160,13,1,0,1,370,8,3,0,0,0,0,0,0,60,lru,0,0,0,0,0,0,8,7,8,0,1,0,2,0,0,0,0,0,0,0,0,1900544,0,1900544,3,3526371594911186599,0,0,1,8,1,0,0,0
layer,12,0,11,138,decode,36,8,7,1,355,174,154,21,1,0,1,422,8,2,0,0,0,0,0,0,60,lru,0,0,0,0,0,0,8,7,8,0,1,0,2,0,0,0,0,0,0,0,0,1900544,0,1900544,3,14851266979842628585,0,0,1,8,1,0,0,0
layer,12,0,11,138,decode,37,8,7,1,343,174,160,19,1,0,1,400,8,3,0,0,0,0,0,0,60,lru,0,0,0,0,0,0,8,7,8,0,1,0,1,0,0,0,0,0,0,0,0,1900544,0,1900544,3,3343422524409351015,0,0,1,8,1,0,0,0
layer,12,0,11,138,decode,38,8,7,1,1756,187,146,18,1,0,1,1826,8,2,0,0,0,0,0,0,60,lru,0,0,0,0,0,0,8,7,8,0,1,0,1,0,0,0,0,0,0,0,0,2039808,0,2039808,3,15340493040662021577,0,0,1,8,1,0,0,0
layer,12,0,11,138,decode,39,8,4,4,4136,579,675,66,2,0,2,4307,10,17,0,0,0,0,0,0,60,lru,0,0,0,0,0,0,8,4,8,0,4,0,2,0,0,0,0,0,0,0,0,8159232,0,8159232,12,1243765188256696683,0,0,4,8,4,0,0,0
request,12,0,11,0,decode,-1,0,0,0,0,0,0,0,0,0,0,0,0,0,0,0,0,0,0,0,0,,56361,559,0,0,18,0,0,0,0,0,0,0,0,0,0,0,0,0,0,0,0,0,0,0,0,0,0,0,0,0,0,0,0,0
layer,13,0,12,139,decode,0,8,5,3,1107,418,152,50,4,0,4,1295,9,18,0,0,0,0,0,0,60,lru,0,0,0,0,0,0,8,5,8,0,3,0,4,0,0,0,0,0,0,0,0,5701632,0,5701632,9,2804010877015530291,0,0,3,8,3,0,0,0
layer,13,0,12,139,decode,1,8,6,2,641,292,159,37,3,0,3,734,8,3,0,0,0,0,0,0,60,lru,0,0,0,0,0,0,8,6,8,0,2,0,4,0,0,0,0,0,0,0,0,3801088,0,3801088,6,4164039026231820360,0,0,2,8,2,0,0,0
layer,13,0,12,139,decode,2,8,5,3,1146,403,142,70,4,0,4,1274,8,4,0,0,0,0,0,0,60,lru,0,0,0,0,0,0,8,5,8,0,3,0,4,0,0,0,0,0,0,0,0,5701632,0,5701632,9,16993919656250510382,0,0,3,8,3,0,0,0
layer,13,0,12,139,decode,3,8,4,4,1390,521,158,72,3,0,3,1539,7,3,0,0,0,0,0,0,60,lru,0,0,0,0,0,0,8,4,8,0,4,0,3,0,0,0,0,0,0,0,0,7602176,0,7602176,12,1552387406335549968,0,0,4,8,4,0,0,0
layer,13,0,12,139,decode,4,8,7,1,552,160,154,11,2,0,2,617,8,3,0,0,0,0,0,0,60,lru,0,0,0,0,0,0,8,7,8,0,1,0,3,0,0,0,0,0,0,0,0,1900544,0,1900544,3,16776294665188527234,0,0,1,8,1,0,0,0
layer,13,0,12,139,decode,5,8,6,2,6121,273,159,35,3,0,3,6219,8,3,0,0,0,0,0,0,60,lru,0,0,0,0,0,0,8,6,8,0,2,0,4,0,0,0,0,0,0,0,0,3801088,0,3801088,6,292238580928992469,0,0,2,8,2,0,0,0
layer,13,0,12,139,decode,6,8,2,6,9925,898,140,124,3,0,3,10155,8,15,0,0,0,0,0,0,60,lru,0,0,0,0,0,0,8,2,8,0,6,0,4,0,0,0,0,0,0,0,0,11403264,0,11403264,18,9164662320920743098,0,0,6,8,6,0,0,0
layer,13,0,12,139,decode,7,8,3,5,12494,800,159,96,4,0,4,12695,8,17,0,0,0,0,0,0,60,lru,0,0,0,0,0,0,8,3,8,0,5,0,4,0,0,0,0,0,0,0,0,9502720,0,9502720,15,8363623220503140001,0,0,5,8,5,0,0,0
layer,13,0,12,139,decode,8,8,7,1,3880,135,154,12,2,0,2,3971,8,21,0,0,0,0,0,0,60,lru,0,0,0,0,0,0,8,7,8,0,1,0,4,0,0,0,0,0,0,0,0,1900544,0,1900544,3,5414371520695848725,0,0,1,8,1,0,0,0
layer,13,0,12,139,decode,9,8,8,0,0,0,185,0,0,0,0,21,8,2,0,0,0,0,0,0,60,lru,0,0,0,0,0,0,8,8,8,0,0,0,3,0,0,0,0,0,0,0,0,0,0,0,0,15742495314976161404,0,0,0,8,0,0,0,0
layer,13,0,12,139,decode,10,8,5,3,5417,369,142,80,2,0,2,5571,7,19,0,0,0,0,0,0,60,lru,0,0,0,0,0,0,8,5,8,0,3,0,2,0,0,0,0,0,0,0,0,5701632,0,5701632,9,17211525240165081981,0,0,3,8,3,0,0,0
layer,13,0,12,139,decode,11,8,7,1,319,177,160,18,1,0,1,385,8,4,0,0,0,0,0,0,60,lru,0,0,0,0,0,0,8,7,8,0,1,0,3,0,0,0,0,0,0,0,0,1900544,0,1900544,3,10921424590207672496,0,0,1,8,1,0,0,0
layer,13,0,12,139,decode,12,8,7,1,314,156,154,39,1,0,1,424,8,33,0,0,0,0,0,0,60,lru,0,0,0,0,0,0,8,7,8,0,1,0,2,0,0,0,0,0,0,0,0,1900544,0,1900544,3,5210724411706444136,0,0,1,8,1,0,0,0
layer,13,0,12,139,decode,13,8,7,1,5483,277,159,30,1,0,1,5553,8,4,0,0,0,0,0,0,60,lru,0,0,0,0,0,0,8,7,8,0,1,0,2,0,0,0,0,0,0,0,0,1900544,0,1900544,3,327674040332826121,0,0,1,8,1,0,0,0
layer,13,0,12,139,decode,14,8,8,0,0,0,159,0,0,0,0,19,8,2,0,0,0,0,0,0,60,lru,0,0,0,0,0,0,8,8,8,0,0,0,2,0,0,0,0,0,0,0,0,0,0,0,0,17414570282029139320,0,0,0,8,0,0,0,0
layer,13,0,12,139,decode,15,8,6,2,838,270,159,30,2,0,2,932,7,5,0,0,0,0,0,0,60,lru,0,0,0,0,0,0,8,6,8,0,2,0,2,0,0,0,0,0,0,0,0,3801088,0,3801088,6,15160681020633209173,0,0,2,8,2,0,0,0
layer,13,0,12,139,decode,16,8,8,0,0,0,175,0,0,0,0,19,7,2,0,0,0,0,0,0,60,lru,0,0,0,0,0,0,8,8,8,0,0,0,2,0,0,0,0,0,0,0,0,0,0,0,0,13784008458887917170,0,0,0,8,0,0,0,0
layer,13,0,12,139,decode,17,8,5,3,6525,374,159,55,2,0,2,6639,7,3,0,0,0,0,0,0,60,lru,0,0,0,0,0,0,8,5,8,0,3,0,2,0,0,0,0,0,0,0,0,5701632,0,5701632,9,15928952453164602048,0,0,3,8,3,0,0,0
layer,13,0,12,139,decode,18,8,7,1,403,171,143,17,1,0,1,464,7,3,0,0,0,0,0,0,60,lru,0,0,0,0,0,0,8,7,8,0,1,0,2,0,0,0,0,0,0,0,0,1900544,0,1900544,3,11659428428476558616,0,0,1,8,1,0,0,0
layer,13,0,12,139,decode,19,8,8,0,0,0,182,0,0,0,0,19,8,2,0,0,0,0,0,0,60,lru,0,0,0,0,0,0,8,8,8,0,0,0,2,0,0,0,0,0,0,0,0,0,0,0,0,609660565103615947,0,0,0,8,0,0,0,0
layer,13,0,12,139,decode,20,8,8,0,0,0,173,0,0,0,0,17,7,2,0,0,0,0,0,0,60,lru,0,0,0,0,0,0,8,8,8,0,0,0,2,0,0,0,0,0,0,0,0,0,0,0,0,18219991349954946227,0,0,0,8,0,0,0,0
layer,13,0,12,139,decode,21,8,8,0,0,0,180,0,0,0,0,17,7,2,0,0,0,0,0,0,60,lru,0,0,0,0,0,0,8,8,8,0,0,0,2,0,0,0,0,0,0,0,0,0,0,0,0,5742466552264759791,0,0,0,8,0,0,0,0
layer,13,0,12,139,decode,22,8,7,1,384,165,145,14,1,0,1,442,8,3,0,0,0,0,0,0,60,lru,0,0,0,0,0,0,8,7,8,0,1,0,2,0,0,0,0,0,0,0,0,1900544,0,1900544,3,9685647531861219141,0,0,1,8,1,0,0,0
layer,13,0,12,139,decode,23,8,6,2,686,310,158,35,2,0,2,789,8,4,0,0,0,0,0,0,60,lru,0,0,0,0,0,0,8,6,8,0,2,0,2,0,0,0,0,0,0,0,0,3801088,0,3801088,6,462001347945694075,0,0,2,8,2,0,0,0
layer,13,0,12,139,decode,24,8,4,4,6383,565,152,92,2,0,2,6567,8,24,0,0,0,0,0,0,60,lru,0,0,0,0,0,0,8,4,8,0,4,0,2,0,0,0,0,0,0,0,0,7602176,0,7602176,12,18231518466997388079,0,0,4,8,4,0,0,0
layer,13,0,12,139,decode,25,8,8,0,0,0,181,0,0,0,0,20,8,2,0,0,0,0,0,0,60,lru,0,0,0,0,0,0,8,8,8,0,0,0,2,0,0,0,0,0,0,0,0,0,0,0,0,4098309912790802236,0,0,0,8,0,0,0,0
layer,13,0,12,139,decode,26,8,5,3,1149,435,141,55,2,0,2,1268,8,7,0,0,0,0,0,0,60,lru,0,0,0,0,0,0,8,5,8,0,3,0,2,0,0,0,0,0,0,0,0,5701632,0,5701632,9,17966728721570792965,0,0,3,8,3,0,0,0
layer,13,0,12,139,decode,27,8,5,3,1028,389,159,66,2,0,2,1149,8,5,0,0,0,0,0,0,60,lru,0,0,0,0,0,0,8,5,8,0,3,0,2,0,0,0,0,0,0,0,0,5701632,0,5701632,9,17899475511964723300,0,0,3,8,3,0,0,0
layer,13,0,12,139,decode,28,8,5,3,3640,448,153,65,2,0,2,3788,8,13,0,0,0,0,0,0,60,lru,0,0,0,0,0,0,8,5,8,0,3,0,2,0,0,0,0,0,0,0,0,5701632,0,5701632,9,5064137795944651370,0,0,3,8,3,0,0,0
layer,13,0,12,139,decode,29,8,4,4,1843,539,158,84,2,0,2,2005,8,9,0,0,0,0,0,0,60,lru,0,0,0,0,0,0,8,4,8,0,4,0,2,0,0,0,0,0,0,0,0,7602176,0,7602176,12,5767031542529631063,0,0,4,8,4,0,0,0
layer,13,0,12,139,decode,30,8,3,5,1874,685,140,128,2,0,2,2056,8,5,0,0,0,0,0,0,60,lru,0,0,0,0,0,0,8,3,8,0,5,0,1,0,0,0,0,0,0,0,0,9502720,0,9502720,15,11809865416701682763,0,0,5,8,5,0,0,0
layer,13,0,12,139,decode,31,8,4,4,1514,544,159,85,2,0,2,1676,9,7,0,0,0,0,0,0,60,lru,0,0,0,0,0,0,8,4,8,0,4,0,2,0,0,0,0,0,0,0,0,7602176,0,7602176,12,14042410131620984044,0,0,4,8,4,0,0,0
layer,13,0,12,139,decode,32,8,2,6,3797,835,152,141,2,0,2,4040,8,20,0,0,0,0,0,0,60,lru,0,0,0,0,0,0,8,2,8,0,6,0,2,0,0,0,0,0,0,0,0,11403264,0,11403264,18,12297846045545875557,0,0,6,8,6,0,0,0
layer,13,0,12,139,decode,33,8,4,4,1769,575,156,92,2,0,2,1937,7,14,0,0,0,0,0,0,60,lru,0,0,0,0,0,0,8,4,8,0,4,0,2,0,0,0,0,0,0,0,0,7602176,0,7602176,12,11012983270231913751,0,0,4,8,4,0,0,0
layer,13,0,12,139,decode,34,8,5,3,2004,457,145,66,2,0,2,2128,8,4,0,0,0,0,0,0,60,lru,0,0,0,0,0,0,8,5,8,0,3,0,2,0,0,0,0,0,0,0,0,6119424,0,6119424,9,10891250939482263457,0,0,3,8,3,0,0,0
layer,13,0,12,139,decode,35,8,3,5,1963,677,156,82,2,0,2,2150,7,2,0,0,0,0,0,0,60,lru,0,0,0,0,0,0,8,3,8,0,5,0,2,0,0,0,0,0,0,0,0,9502720,0,9502720,15,7072073199939998921,0,0,5,8,5,0,0,0
layer,13,0,12,139,decode,36,8,3,5,7089,844,151,108,2,0,2,7281,7,5,0,0,0,0,0,0,60,lru,0,0,0,0,0,0,8,3,8,0,5,0,2,0,0,0,0,0,0,0,0,9502720,0,9502720,15,14271462306676010264,0,0,5,8,5,0,0,0
layer,13,0,12,139,decode,37,8,4,4,1694,569,158,76,2,0,2,1850,8,5,0,0,0,0,0,0,60,lru,0,0,0,0,0,0,8,4,8,0,4,0,2,0,0,0,0,0,0,0,0,7602176,0,7602176,12,13994197558201529847,0,0,4,8,4,0,0,0
layer,13,0,12,139,decode,38,8,2,6,3333,868,139,113,2,0,2,3576,9,21,0,0,0,0,0,0,60,lru,0,0,0,0,0,0,8,2,8,0,6,0,2,0,0,0,0,0,0,0,0,12238848,0,12238848,18,13906595216178974287,0,0,6,8,6,0,0,0
layer,13,0,12,139,decode,39,8,2,6,2683,859,674,98,2,0,2,2895,7,5,0,0,0,0,0,0,60,lru,0,0,0,0,0,0,8,2,8,0,6,0,1,0,0,0,0,0,0,0,0,12238848,0,12238848,18,3091998757089317231,0,0,6,8,6,0,0,0
request,13,0,12,0,decode,-1,0,0,0,0,0,0,0,0,0,0,0,0,0,0,0,0,0,0,0,0,,114818,691,0,0,18,0,0,0,0,0,0,0,0,0,0,0,0,0,0,0,0,0,0,0,0,0,0,0,0,0,0,0,0,0
layer,14,0,13,140,decode,0,8,1,7,2672,989,151,177,4,0,4,2932,9,4,0,0,0,0,0,0,60,lru,0,0,0,0,0,0,8,1,8,0,7,0,5,0,0,0,0,0,0,0,0,13303808,0,13303808,21,15280028923184617226,0,0,7,8,7,0,0,0
layer,14,0,13,140,decode,1,8,1,7,2555,915,155,156,3,0,3,2816,8,7,0,0,0,0,0,0,60,lru,0,0,0,0,0,0,8,1,8,0,7,0,4,0,0,0,0,0,0,0,0,13303808,0,13303808,21,12901736562199331635,0,0,7,8,7,0,0,0
layer,14,0,13,140,decode,2,8,2,6,2530,818,140,109,4,0,4,2754,8,9,0,0,0,0,0,0,60,lru,0,0,0,0,0,0,8,2,8,0,6,0,4,0,0,0,0,0,0,0,0,11403264,0,11403264,18,10988943446382415439,0,0,6,8,6,0,0,0
layer,14,0,13,140,decode,3,8,5,3,1226,422,160,45,3,0,3,1368,8,6,0,0,0,0,0,0,60,lru,0,0,0,0,0,0,8,5,8,0,3,0,3,0,0,0,0,0,0,0,0,5701632,0,5701632,9,1272460082236187534,0,0,3,8,3,0,0,0
layer,14,0,13,140,decode,4,8,8,0,0,0,175,0,0,0,0,22,8,2,0,0,0,0,0,0,60,lru,0,0,0,0,0,0,8,8,8,0,0,0,3,0,0,0,0,0,0,0,0,0,0,0,0,14476683415071941968,0,0,0,8,0,0,0,0
layer,14,0,13,140,decode,5,8,6,2,777,257,157,49,3,0,3,881,7,4,0,0,0,0,0,0,60,lru,0,0,0,0,0,0,8,6,8,0,2,0,3,0,0,0,0,0,0,0,0,3801088,0,3801088,6,12673474244578503819,0,0,2,8,2,0,0,0
layer,14,0,13,140,decode,6,8,7,1,377,166,145,13,2,0,2,442,8,5,0,0,0,0,0,0,60,lru,0,0,0,0,0,0,8,7,8,0,1,0,3,0,0,0,0,0,0,0,0,1900544,0,1900544,3,15127955982194388276,0,0,1,8,1,0,0,0
layer,14,0,13,140,decode,7,8,8,0,0,0,182,0,0,0,0,22,8,2,0,0,0,0,0,0,60,lru,0,0,0,0,0,0,8,8,8,0,0,0,3,0,0,0,0,0,0,0,0,0,0,0,0,11280854206924731263,0,0,0,8,0,0,0,0
layer,14,0,13,140,decode,8,8,8,0,0,0,175,0,0,0,0,20,7,2,0,0,0,0,0,0,60,lru,0,0,0,0,0,0,8,8,8,0,0,0,3,0,0,0,0,0,0,0,0,0,0,0,0,2402118112520071846,0,0,0,8,0,0,0,0
layer,14,0,13,140,decode,9,8,7,1,373,150,159,15,1,0,1,447,7,3,0,0,0,0,0,0,60,lru,0,0,0,0,0,0,8,7,8,0,1,0,3,0,0,0,0,0,0,0,0,1900544,0,1900544,3,14216046793262966003,0,0,1,8,1,0,0,0
layer,14,0,13,140,decode,10,8,6,2,678,294,142,32,2,0,2,770,8,4,0,0,0,0,0,0,60,lru,0,0,0,0,0,0,8,6,8,0,2,0,2,0,0,0,0,0,0,0,0,3801088,0,3801088,6,1269643723927798447,0,0,2,8,2,0,0,0
layer,14,0,13,140,decode,11,8,8,0,0,0,179,0,0,0,0,19,7,2,0,0,0,0,0,0,60,lru,0,0,0,0,0,0,8,8,8,0,0,0,2,0,0,0,0,0,0,0,0,0,0,0,0,16506955184308949677,0,0,0,8,0,0,0,0
layer,14,0,13,140,decode,12,8,7,1,351,155,154,9,1,0,1,430,8,17,0,0,0,0,0,0,60,lru,0,0,0,0,0,0,8,7,8,0,1,0,2,0,0,0,0,0,0,0,0,1900544,0,1900544,3,9172090364860553648,0,0,1,8,1,0,0,0
layer,14,0,13,140,decode,13,8,8,0,0,0,179,0,0,0,0,19,8,2,0,0,0,0,0,0,60,lru,0,0,0,0,0,0,8,8,8,0,0,0,2,0,0,0,0,0,0,0,0,0,0,0,0,16433790659568587523,0,0,0,8,0,0,0,0
layer,14,0,13,140,decode,14,8,7,1,374,163,145,13,2,0,2,436,7,4,0,0,0,0,0,0,60,lru,0,0,0,0,0,0,8,7,8,0,1,0,2,0,0,0,0,0,0,0,0,1900544,0,1900544,3,5187759903786586547,0,0,1,8,1,0,0,0
layer,14,0,13,140,decode,15,8,8,0,0,0,182,0,0,0,0,19,7,2,0,0,0,0,0,0,60,lru,0,0,0,0,0,0,8,8,8,0,0,0,2,0,0,0,0,0,0,0,0,0,0,0,0,2532699017079394266,0,0,0,8,0,0,0,0
layer,14,0,13,140,decode,16,8,8,0,0,0,174,0,0,0,0,18,8,2,0,0,0,0,0,0,60,lru,0,0,0,0,0,0,8,8,8,0,0,0,2,0,0,0,0,0,0,0,0,0,0,0,0,1619866158111731426,0,0,0,8,0,0,0,0
layer,14,0,13,140,decode,17,8,6,2,682,274,160,36,2,0,2,779,8,3,0,0,0,0,0,0,60,lru,0,0,0,0,0,0,8,6,8,0,2,0,2,0,0,0,0,0,0,0,0,3801088,0,3801088,6,6895829676041732596,0,0,2,8,2,0,0,0
layer,14,0,13,140,decode,18,8,7,1,319,172,142,19,1,0,1,391,8,3,0,0,0,0,0,0,60,lru,0,0,0,0,0,0,8,7,8,0,1,0,2,0,0,0,0,0,0,0,0,1900544,0,1900544,3,5637636799815906960,0,0,1,8,1,0,0,0
layer,14,0,13,140,decode,19,8,8,0,0,0,180,0,0,0,0,20,8,2,0,0,0,0,0,0,60,lru,0,0,0,0,0,0,8,8,8,0,0,0,2,0,0,0,0,0,0,0,0,0,0,0,0,952374718631708536,0,0,0,8,0,0,0,0
layer,14,0,13,140,decode,20,8,8,0,0,0,174,0,0,0,0,18,8,2,0,0,0,0,0,0,60,lru,0,0,0,0,0,0,8,8,8,0,0,0,2,0,0,0,0,0,0,0,0,0,0,0,0,8477839570601519233,0,0,0,8,0,0,0,0
layer,14,0,13,140,decode,21,8,8,0,0,0,180,0,0,0,0,17,7,2,0,0,0,0,0,0,60,lru,0,0,0,0,0,0,8,8,8,0,0,0,2,0,0,0,0,0,0,0,0,0,0,0,0,6454789373194912805,0,0,0,8,0,0,0,0
layer,14,0,13,140,decode,22,8,8,0,0,0,164,0,0,0,0,17,7,2,0,0,0,0,0,0,60,lru,0,0,0,0,0,0,8,8,8,0,0,0,2,0,0,0,0,0,0,0,0,0,0,0,0,14472372796787599687,0,0,0,8,0,0,0,0
layer,14,0,13,140,decode,23,8,7,1,319,178,160,15,1,0,1,377,7,2,0,0,0,0,0,0,60,lru,0,0,0,0,0,0,8,7,8,0,1,0,2,0,0,0,0,0,0,0,0,1900544,0,1900544,3,5342606016296794036,0,0,1,8,1,0,0,0
layer,14,0,13,140,decode,24,8,7,1,297,175,154,18,1,0,1,357,8,2,0,0,0,0,0,0,60,lru,0,0,0,0,0,0,8,7,8,0,1,0,1,0,0,0,0,0,0,0,0,1900544,0,1900544,3,11644509747874091244,0,0,1,8,1,0,0,0
layer,14,0,13,140,decode,25,8,8,0,0,0,180,0,0,0,0,20,8,2,0,0,0,0,0,0,60,lru,0,0,0,0,0,0,8,8,8,0,0,0,1,0,0,0,0,0,0,0,0,0,0,0,0,10391737433996005101,0,0,0,8,0,0,0,0
layer,14,0,13,140,decode,26,8,8,0,0,0,157,0,0,0,0,17,7,2,0,0,0,0,0,0,60,lru,0,0,0,0,0,0,8,8,8,0,0,0,2,0,0,0,0,0,0,0,0,0,0,0,0,12149351643486310314,0,0,0,8,0,0,0,0
layer,14,0,13,140,decode,27,8,7,1,303,170,161,31,1,0,1,366,7,3,0,0,0,0,0,0,60,lru,0,0,0,0,0,0,8,7,8,0,1,0,2,0,0,0,0,0,0,0,0,1900544,0,1900544,3,1848399290460018099,0,0,1,8,1,0,0,0
layer,14,0,13,140,decode,28,8,6,2,6190,363,154,34,2,0,2,6286,8,4,0,0,0,0,0,0,60,lru,0,0,0,0,0,0,8,6,8,0,2,0,2,0,0,0,0,0,0,0,0,3801088,0,3801088,6,5501914046783836097,0,0,2,8,2,0,0,0
layer,14,0,13,140,decode,29,8,6,2,6362,401,159,34,2,0,2,6470,7,3,0,0,0,0,0,0,60,lru,0,0,0,0,0,0,8,6,8,0,2,0,1,0,0,0,0,0,0,0,0,3801088,0,3801088,6,12036821615571551951,0,0,2,8,2,0,0,0
layer,14,0,13,140,decode,30,8,7,1,328,173,143,13,1,0,1,386,8,2,0,0,0,0,0,0,60,lru,0,0,0,0,0,0,8,7,8,0,1,0,2,0,0,0,0,0,0,0,0,1900544,0,1900544,3,4016429110848371030,0,0,1,8,1,0,0,0
layer,14,0,13,140,decode,31,8,5,3,1253,429,159,51,2,0,2,1404,8,19,0,0,0,0,0,0,60,lru,0,0,0,0,0,0,8,5,8,0,3,0,1,0,0,0,0,0,0,0,0,5701632,0,5701632,9,9618375034516897982,0,0,3,8,3,0,0,0
layer,14,0,13,140,decode,32,8,5,3,973,393,153,63,2,0,2,1108,10,5,0,0,0,0,0,0,60,lru,0,0,0,0,0,0,8,5,8,0,3,0,1,0,0,0,0,0,0,0,0,5701632,0,5701632,9,17246270550419885214,0,0,3,8,3,0,0,0
layer,14,0,13,140,decode,33,8,8,0,0,0,180,0,0,0,0,20,7,2,0,0,0,0,0,0,60,lru,0,0,0,0,0,0,8,8,8,0,0,0,2,0,0,0,0,0,0,0,0,0,0,0,0,928382752092163610,0,0,0,8,0,0,0,0
layer,14,0,13,140,decode,34,8,6,2,826,311,144,26,2,0,2,922,8,3,0,0,0,0,0,0,60,lru,0,0,0,0,0,0,8,6,8,0,2,0,1,0,0,0,0,0,0,0,0,4079616,0,4079616,6,4711119780509730466,0,0,2,8,2,0,0,0
layer,14,0,13,140,decode,35,8,6,2,698,287,159,31,1,0,1,802,8,9,0,0,0,0,0,0,60,lru,0,0,0,0,0,0,8,6,8,0,2,0,2,0,0,0,0,0,0,0,0,3801088,0,3801088,6,3981057481238878642,0,0,2,8,2,0,0,0
layer,14,0,13,140,decode,36,8,8,0,0,0,175,0,0,0,0,19,7,2,0,0,0,0,0,0,60,lru,0,0,0,0,0,0,8,8,8,0,0,0,2,0,0,0,0,0,0,0,0,0,0,0,0,7062774805978062166,0,0,0,8,0,0,0,0
layer,14,0,13,140,decode,37,8,8,0,0,0,185,0,0,0,0,17,7,2,0,0,0,0,0,0,60,lru,0,0,0,0,0,0,8,8,8,0,0,0,1,0,0,0,0,0,0,0,0,0,0,0,0,13259463674230884970,0,0,0,8,0,0,0,0
layer,14,0,13,140,decode,38,8,8,0,0,0,162,0,0,0,0,17,7,2,0,0,0,0,0,0,60,lru,0,0,0,0,0,0,8,8,8,0,0,0,1,0,0,0,0,0,0,0,0,0,0,0,0,14761068292438913531,0,0,0,8,0,0,0,0
layer,14,0,13,140,decode,39,8,7,1,411,170,677,12,1,0,1,472,8,4,0,0,0,0,0,0,60,lru,0,0,0,0,0,0,8,7,8,0,1,0,1,0,0,0,0,0,0,0,0,2039808,0,2039808,3,13135001648053844594,0,0,1,8,1,0,0,0
request,14,0,13,0,decode,-1,0,0,0,0,0,0,0,0,0,0,0,0,0,0,0,0,0,0,0,0,,43362,476,0,0,16,0,0,0,0,0,0,0,0,0,0,0,0,0,0,0,0,0,0,0,0,0,0,0,0,0,0,0,0,0
layer,15,0,14,141,decode,0,8,5,3,1290,419,152,54,4,0,4,1412,10,3,0,0,0,0,0,0,60,lru,0,0,0,0,0,0,8,5,8,0,3,0,5,0,0,0,0,0,0,0,0,5701632,0,5701632,9,15170377481002586248,0,0,3,8,3,0,0,0
layer,15,0,14,141,decode,1,8,4,4,1726,528,158,79,3,0,3,1877,8,3,0,0,0,0,0,0,60,lru,0,0,0,0,0,0,8,4,8,0,4,0,4,0,0,0,0,0,0,0,0,7602176,0,7602176,12,16272717110560352396,0,0,4,8,4,0,0,0
layer,15,0,14,141,decode,2,8,5,3,1276,426,144,68,3,0,3,1402,8,3,0,0,0,0,0,0,60,lru,0,0,0,0,0,0,8,5,8,0,3,0,4,0,0,0,0,0,0,0,0,5701632,0,5701632,9,2265699898249433395,0,0,3,8,3,0,0,0
layer,15,0,14,141,decode,3,8,6,2,682,220,161,42,2,0,2,782,7,3,0,0,0,0,0,0,60,lru,0,0,0,0,0,0,8,6,8,0,2,0,4,0,0,0,0,0,0,0,0,3801088,0,3801088,6,1817477290145278755,0,0,2,8,2,0,0,0
layer,15,0,14,141,decode,4,8,8,0,0,0,174,0,0,0,0,24,8,2,0,0,0,0,0,0,60,lru,0,0,0,0,0,0,8,8,8,0,0,0,3,0,0,0,0,0,0,0,0,0,0,0,0,10477180718409998166,0,0,0,8,0,0,0,0
layer,15,0,14,141,decode,5,8,6,2,666,297,157,31,3,0,3,781,7,13,0,0,0,0,0,0,60,lru,0,0,0,0,0,0,8,6,8,0,2,0,3,0,0,0,0,0,0,0,0,3801088,0,3801088,6,1768288256441977504,0,0,2,8,2,0,0,0
layer,15,0,14,141,decode,6,8,8,0,0,0,160,0,0,0,0,22,8,2,0,0,0,0,0,0,60,lru,0,0,0,0,0,0,8,8,8,0,0,0,3,0,0,0,0,0,0,0,0,0,0,0,0,17953409902936400394,0,0,0,8,0,0,0,0
layer,15,0,14,141,decode,7,8,7,1,331,174,161,15,2,0,2,393,7,3,0,0,0,0,0,0,60,lru,0,0,0,0,0,0,8,7,8,0,1,0,3,0,0,0,0,0,0,0,0,1900544,0,1900544,3,14278067823657321929,0,0,1,8,1,0,0,0
layer,15,0,14,141,decode,8,8,7,1,504,112,156,10,2,0,2,568,8,2,0,0,0,0,0,0,60,lru,0,0,0,0,0,0,8,7,8,0,1,0,3,0,0,0,0,0,0,0,0,1900544,0,1900544,3,9333375128344326688,0,0,1,8,1,0,0,0
layer,15,0,14,141,decode,9,8,8,0,0,0,180,0,0,0,0,20,8,2,0,0,0,0,0,0,60,lru,0,0,0,0,0,0,8,8,8,0,0,0,3,0,0,0,0,0,0,0,0,0,0,0,0,16529854387703937384,0,0,0,8,0,0,0,0
layer,15,0,14,141,decode,10,8,8,0,0,0,159,0,0,0,0,18,7,2,0,0,0,0,0,0,60,lru,0,0,0,0,0,0,8,8,8,0,0,0,2,0,0,0,0,0,0,0,0,0,0,0,0,13638139284505042292,0,0,0,8,0,0,0,0
layer,15,0,14,141,decode,11,8,7,1,4697,272,161,64,1,0,1,4820,8,29,0,0,0,0,0,0,60,lru,0,0,0,0,0,0,8,7,8,0,1,0,2,0,0,0,0,0,0,0,0,1900544,0,1900544,3,3867131792714113769,0,0,1,8,1,0,0,0
layer,15,0,14,141,decode,12,8,7,1,317,164,154,5,1,0,1,399,8,18,0,0,0,0,0,0,60,lru,0,0,0,0,0,0,8,7,8,0,1,0,2,0,0,0,0,0,0,0,0,1900544,0,1900544,3,14296334464204970515,0,0,1,8,1,0,0,0
layer,15,0,14,141,decode,13,8,8,0,0,0,181,0,0,0,0,19,8,2,0,0,0,0,0,0,60,lru,0,0,0,0,0,0,8,8,8,0,0,0,2,0,0,0,0,0,0,0,0,0,0,0,0,13757710437081215841,0,0,0,8,0,0,0,0
layer,15,0,14,141,decode,14,8,7,1,314,166,143,22,1,0,1,409,8,32,0,0,0,0,0,0,60,lru,0,0,0,0,0,0,8,7,8,0,1,0,2,0,0,0,0,0,0,0,0,1900544,0,1900544,3,3030185346388344679,0,0,1,8,1,0,0,0
layer,15,0,14,141,decode,15,8,6,2,647,283,160,55,2,0,2,757,8,17,0,0,0,0,0,0,60,lru,0,0,0,0,0,0,8,6,8,0,2,0,2,0,0,0,0,0,0,0,0,3801088,0,3801088,6,11997874465466029421,0,0,2,8,2,0,0,0
layer,15,0,14,141,decode,16,8,8,0,0,0,176,0,0,0,0,19,8,2,0,0,0,0,0,0,60,lru,0,0,0,0,0,0,8,8,8,0,0,0,2,0,0,0,0,0,0,0,0,0,0,0,0,14435425603913083254,0,0,0,8,0,0,0,0
layer,15,0,14,141,decode,17,8,8,0,0,0,178,0,0,0,0,18,8,2,0,0,0,0,0,0,60,lru,0,0,0,0,0,0,8,8,8,0,0,0,2,0,0,0,0,0,0,0,0,0,0,0,0,4907243752186059368,0,0,0,8,0,0,0,0
layer,15,0,14,141,decode,18,8,7,1,327,166,143,12,1,0,1,396,7,4,0,0,0,0,0,0,60,lru,0,0,0,0,0,0,8,7,8,0,1,0,2,0,0,0,0,0,0,0,0,1900544,0,1900544,3,16322247918087224416,0,0,1,8,1,0,0,0
layer,15,0,14,141,decode,19,8,6,2,656,289,161,35,2,0,2,758,8,10,0,0,0,0,0,0,60,lru,0,0,0,0,0,0,8,6,8,0,2,0,2,0,0,0,0,0,0,0,0,3801088,0,3801088,6,141142743313256166,0,0,2,8,2,0,0,0
layer,15,0,14,141,decode,20,8,8,0,0,0,173,0,0,0,0,20,8,2,0,0,0,0,0,0,60,lru,0,0,0,0,0,0,8,8,8,0,0,0,2,0,0,0,0,0,0,0,0,0,0,0,0,4762125438399218955,0,0,0,8,0,0,0,0
layer,15,0,14,141,decode,21,8,7,1,5476,297,160,19,1,0,1,5546,7,10,0,0,0,0,0,0,60,lru,0,0,0,0,0,0,8,7,8,0,1,0,2,0,0,0,0,0,0,0,0,1900544,0,1900544,3,7340694560285815243,0,0,1,8,1,0,0,0
layer,15,0,14,141,decode,22,8,7,1,393,162,143,18,1,0,1,452,7,3,0,0,0,0,0,0,60,lru,0,0,0,0,0,0,8,7,8,0,1,0,1,0,0,0,0,0,0,0,0,1900544,0,1900544,3,13953141511669370660,0,0,1,8,1,0,0,0
layer,15,0,14,141,decode,23,8,7,1,361,171,160,13,1,0,1,421,8,2,0,0,0,0,0,0,60,lru,0,0,0,0,0,0,8,7,8,0,1,0,2,0,0,0,0,0,0,0,0,1900544,0,1900544,3,4710333689400086742,0,0,1,8,1,0,0,0
layer,15,0,14,141,decode,24,8,8,0,0,0,174,0,0,0,0,19,8,2,0,0,0,0,0,0,60,lru,0,0,0,0,0,0,8,8,8,0,0,0,1,0,0,0,0,0,0,0,0,0,0,0,0,714282391738309167,0,0,0,8,0,0,0,0
layer,15,0,14,141,decode,25,8,8,0,0,0,181,0,0,0,0,17,8,2,0,0,0,0,0,0,60,lru,0,0,0,0,0,0,8,8,8,0,0,0,1,0,0,0,0,0,0,0,0,0,0,0,0,11174499256408956425,0,0,0,8,0,0,0,0
layer,15,0,14,141,decode,26,8,8,0,0,0,158,0,0,0,0,17,8,2,0,0,0,0,0,0,60,lru,0,0,0,0,0,0,8,8,8,0,0,0,2,0,0,0,0,0,0,0,0,0,0,0,0,17533145936259965263,0,0,0,8,0,0,0,0
layer,15,0,14,141,decode,27,8,6,2,8154,414,159,49,2,0,2,8242,9,2,0,0,0,0,0,0,60,lru,0,0,0,0,0,0,8,6,8,0,2,0,2,0,0,0,0,0,0,0,0,3801088,0,3801088,6,7737305617644716882,0,0,2,8,2,0,0,0
layer,15,0,14,141,decode,28,8,6,2,950,273,154,26,1,0,1,1044,8,2,0,0,0,0,0,0,60,lru,0,0,0,0,0,0,8,6,8,0,2,0,2,0,0,0,0,0,0,0,0,3801088,0,3801088,6,5339647326299172940,0,0,2,8,2,0,0,0
layer,15,0,14,141,decode,29,8,7,1,774,156,159,15,1,0,1,829,8,2,0,0,0,0,0,0,60,lru,0,0,0,0,0,0,8,7,8,0,1,0,1,0,0,0,0,0,0,0,0,1900544,0,1900544,3,10373591174722064348,0,0,1,8,1,0,0,0
layer,15,0,14,141,decode,30,8,7,1,335,171,142,18,1,0,1,402,7,3,0,0,0,0,0,0,60,lru,0,0,0,0,0,0,8,7,8,0,1,0,1,0,0,0,0,0,0,0,0,1900544,0,1900544,3,1050583701547396169,0,0,1,8,1,0,0,0
layer,15,0,14,141,decode,31,8,8,0,0,0,182,0,0,0,0,19,8,2,0,0,0,0,0,0,60,lru,0,0,0,0,0,0,8,8,8,0,0,0,1,0,0,0,0,0,0,0,0,0,0,0,0,17434613014746530131,0,0,0,8,0,0,0,0
layer,15,0,14,141,decode,32,8,7,1,315,150,153,17,1,0,1,388,7,16,0,0,0,0,0,0,60,lru,0,0,0,0,0,0,8,7,8,0,1,0,2,0,0,0,0,0,0,0,0,1900544,0,1900544,3,13186789547137445276,0,0,1,8,1,0,0,0
layer,15,0,14,141,decode,33,8,7,1,354,172,159,13,1,0,1,414,8,3,0,0,0,0,0,0,60,lru,0,0,0,0,0,0,8,7,8,0,1,0,2,0,0,0,0,0,0,0,0,1900544,0,1900544,3,2100105494575535508,0,0,1,8,1,0,0,0
layer,15,0,14,141,decode,34,8,8,0,0,0,163,0,0,0,0,18,7,2,0,0,0,0,0,0,60,lru,0,0,0,0,0,0,8,8,8,0,0,0,1,0,0,0,0,0,0,0,0,0,0,0,0,931750596450330415,0,0,0,8,0,0,0,0
layer,15,0,14,141,decode,35,8,6,2,1021,285,159,28,2,0,2,1107,7,2,0,0,0,0,0,0,60,lru,0,0,0,0,0,0,8,6,8,0,2,0,2,0,0,0,0,0,0,0,0,3801088,0,3801088,6,6897211952608265178,0,0,2,8,2,0,0,0
layer,15,0,14,141,decode,36,8,7,1,6725,332,153,12,1,0,1,6795,8,2,0,0,0,0,0,0,60,lru,0,0,0,0,0,0,8,7,8,0,1,0,2,0,0,0,0,0,0,0,0,1900544,0,1900544,3,993932240940489099,0,0,1,8,1,0,0,0
layer,15,0,14,141,decode,37,8,7,1,327,173,160,14,1,0,1,384,7,2,0,0,0,0,0,0,60,lru,0,0,0,0,0,0,8,7,8,0,1,0,1,0,0,0,0,0,0,0,0,1900544,0,1900544,3,1975617653437054409,0,0,1,8,1,0,0,0
layer,15,0,14,141,decode,38,8,4,4,5160,580,143,69,2,0,2,5340,7,20,0,0,0,0,0,0,60,lru,0,0,0,0,0,0,8,4,8,0,4,0,1,0,0,0,0,0,0,0,0,8159232,0,8159232,12,16475875082708933767,0,0,4,8,4,0,0,0
layer,15,0,14,141,decode,39,8,7,1,341,175,675,20,1,0,1,420,7,15,0,0,0,0,0,0,60,lru,0,0,0,0,0,0,8,7,8,0,1,0,2,0,0,0,0,0,0,0,0,2039808,0,2039808,3,1034521361195915103,0,0,1,8,1,0,0,0
request,15,0,14,0,decode,-1,0,0,0,0,0,0,0,0,0,0,0,0,0,0,0,0,0,0,0,0,,56437,435,0,0,18,0,0,0,0,0,0,0,0,0,0,0,0,0,0,0,0,0,0,0,0,0,0,0,0,0,0,0,0,0
layer,16,0,15,142,decode,0,8,6,2,729,295,154,30,3,0,3,832,9,3,0,0,0,0,0,0,60,lru,0,0,0,0,0,0,8,6,8,0,2,0,5,0,0,0,0,0,0,0,0,3801088,0,3801088,6,13353212422332558602,0,0,2,8,2,0,0,0
layer,16,0,15,142,decode,1,8,8,0,0,0,180,0,0,0,0,22,8,2,0,0,0,0,0,0,60,lru,0,0,0,0,0,0,8,8,8,0,0,0,3,0,0,0,0,0,0,0,0,0,0,0,0,2265746135549754723,0,0,0,8,0,0,0,0
layer,16,0,15,142,decode,2,8,2,6,2423,851,142,119,4,0,4,2635,8,20,0,0,0,0,0,0,60,lru,0,0,0,0,0,0,8,2,8,0,6,0,4,0,0,0,0,0,0,0,0,11403264,0,11403264,18,16054736498422682943,0,0,6,8,6,0,0,0
layer,16,0,15,142,decode,3,8,7,1,337,177,160,18,3,0,3,413,8,3,0,0,0,0,0,0,60,lru,0,0,0,0,0,0,8,7,8,0,1,0,4,0,0,0,0,0,0,0,0,1900544,0,1900544,3,13961234322818841530,0,0,1,8,1,0,0,0
layer,16,0,15,142,decode,4,8,5,3,6005,572,153,51,4,0,4,6138,8,14,0,0,0,0,0,0,60,lru,0,0,0,0,0,0,8,5,8,0,3,0,3,0,0,0,0,0,0,0,0,5701632,0,5701632,9,6241922138948346404,0,0,3,8,3,0,0,0
layer,16,0,15,142,decode,5,8,4,4,4961,555,156,66,3,0,3,5120,8,5,0,0,0,0,0,0,60,lru,0,0,0,0,0,0,8,4,8,0,4,0,4,0,0,0,0,0,0,0,0,7602176,0,7602176,12,16885375634378422934,0,0,4,8,4,0,0,0
layer,16,0,15,142,decode,6,8,4,4,5552,557,144,69,3,0,3,5704,8,2,0,0,0,0,0,0,60,lru,0,0,0,0,0,0,8,4,8,0,4,0,3,0,0,0,0,0,0,0,0,7602176,0,7602176,12,8011678420713912159,0,0,4,8,4,0,0,0
layer,16,0,15,142,decode,7,8,6,2,2119,268,159,34,3,0,3,2212,8,3,0,0,0,0,0,0,60,lru,0,0,0,0,0,0,8,6,8,0,2,0,4,0,0,0,0,0,0,0,0,3801088,0,3801088,6,13012620163338650893,0,0,2,8,2,0,0,0
layer,16,0,15,142,decode,8,8,4,4,20768,745,153,72,3,0,3,20919,8,3,0,0,0,0,0,0,60,lru,0,0,0,0,0,0,8,4,8,0,4,0,3,0,0,0,0,0,0,0,0,7602176,0,7602176,12,17339578991251255668,0,0,4,8,4,0,0,0
layer,16,0,15,142,decode,9,8,7,1,386,149,159,12,1,0,1,461,8,2,0,0,0,0,0,0,60,lru,0,0,0,0,0,0,8,7,8,0,1,0,4,0,0,0,0,0,0,0,0,1900544,0,1900544,3,4265789037766084104,0,0,1,8,1,0,0,0
layer,16,0,15,142,decode,10,8,2,6,27438,1267,141,119,1,0,1,27659,8,25,0,0,0,0,0,0,60,lru,0,0,0,0,0,0,8,2,8,0,6,0,2,0,0,0,0,0,0,0,0,11403264,0,11403264,18,13969648286022810350,0,0,6,8,6,0,0,0
layer,16,0,15,142,decode,11,8,7,1,728,169,162,12,1,0,1,785,8,3,0,0,0,0,0,0,60,lru,0,0,0,0,0,0,8,7,8,0,1,0,2,0,0,0,0,0,0,0,0,1900544,0,1900544,3,13896260266174886181,0,0,1,8,1,0,0,0
layer,16,0,15,142,decode,12,8,7,1,337,145,154,20,1,0,1,399,8,2,0,0,0,0,0,0,60,lru,0,0,0,0,0,0,8,7,8,0,1,0,2,0,0,0,0,0,0,0,0,1900544,0,1900544,3,12059890876599454000,0,0,1,8,1,0,0,0
layer,16,0,15,142,decode,13,8,7,1,2151,175,160,16,1,0,1,2211,8,3,0,0,0,0,0,0,60,lru,0,0,0,0,0,0,8,7,8,0,1,0,2,0,0,0,0,0,0,0,0,1900544,0,1900544,3,8103364979294136066,0,0,1,8,1,0,0,0
layer,16,0,15,142,decode,14,8,8,0,0,0,160,0,0,0,0,19,8,2,0,0,0,0,0,0,60,lru,0,0,0,0,0,0,8,8,8,0,0,0,2,0,0,0,0,0,0,0,0,0,0,0,0,13167239195700524409,0,0,0,8,0,0,0,0
layer,16,0,15,142,decode,15,8,7,1,6051,292,160,23,1,0,1,6136,7,27,0,0,0,0,0,0,60,lru,0,0,0,0,0,0,8,7,8,0,1,0,2,0,0,0,0,0,0,0,0,1900544,0,1900544,3,14348597156360061954,0,0,1,8,1,0,0,0
layer,16,0,15,142,decode,16,8,6,2,5934,340,156,55,2,0,2,6027,7,4,0,0,0,0,0,0,60,lru,0,0,0,0,0,0,8,6,8,0,2,0,2,0,0,0,0,0,0,0,0,3801088,0,3801088,6,3876531934197508860,0,0,2,8,2,0,0,0
layer,16,0,15,142,decode,17,8,6,2,797,300,158,44,1,0,1,903,8,15,0,0,0,0,0,0,60,lru,0,0,0,0,0,0,8,6,8,0,2,0,2,0,0,0,0,0,0,0,0,3801088,0,3801088,6,10765713057621830888,0,0,2,8,2,0,0,0
layer,16,0,15,142,decode,18,8,6,2,13510,395,142,37,2,0,2,13610,8,2,0,0,0,0,0,0,60,lru,0,0,0,0,0,0,8,6,8,0,2,0,2,0,0,0,0,0,0,0,0,3801088,0,3801088,6,7092818846127486609,0,0,2,8,2,0,0,0
layer,16,0,15,142,decode,19,8,5,3,7435,401,160,59,1,0,1,7577,8,31,0,0,0,0,0,0,60,lru,0,0,0,0,0,0,8,5,8,0,3,0,2,0,0,0,0,0,0,0,0,5701632,0,5701632,9,1509786532497483630,0,0,3,8,3,0,0,0
layer,16,0,15,142,decode,20,8,4,4,11708,607,153,75,1,0,1,11867,7,3,0,0,0,0,0,0,60,lru,0,0,0,0,0,0,8,4,8,0,4,0,2,0,0,0,0,0,0,0,0,7602176,0,7602176,12,17559909640834906067,0,0,4,8,4,0,0,0
layer,16,0,15,142,decode,21,8,5,3,6322,537,157,70,1,0,1,6457,8,8,0,0,0,0,0,0,60,lru,0,0,0,0,0,0,8,5,8,0,3,0,2,0,0,0,0,0,0,0,0,5701632,0,5701632,9,7418773667519865301,0,0,3,8,3,0,0,0
layer,16,0,15,142,decode,22,8,2,6,6218,810,138,88,1,0,1,6440,8,33,0,0,0,0,0,0,60,lru,0,0,0,0,0,0,8,2,8,0,6,0,2,0,0,0,0,0,0,0,0,11403264,0,11403264,18,11733584676837352903,0,0,6,8,6,0,0,0
layer,16,0,15,142,decode,23,8,6,2,9781,453,161,47,1,0,1,9892,7,13,0,0,0,0,0,0,60,lru,0,0,0,0,0,0,8,6,8,0,2,0,2,0,0,0,0,0,0,0,0,3801088,0,3801088,6,4081702346413435563,0,0,2,8,2,0,0,0
layer,16,0,15,142,decode,24,8,4,4,13317,702,152,76,1,0,1,13467,8,14,0,0,0,0,0,0,60,lru,0,0,0,0,0,0,8,4,8,0,4,0,2,0,0,0,0,0,0,0,0,7602176,0,7602176,12,5962391542318802787,0,0,4,8,4,0,0,0
layer,16,0,15,142,decode,25,8,8,0,0,0,184,0,0,0,0,22,10,2,0,0,0,0,0,0,60,lru,0,0,0,0,0,0,8,8,8,0,0,0,2,0,0,0,0,0,0,0,0,0,0,0,0,15787582571403315255,0,0,0,8,0,0,0,0
layer,16,0,15,142,decode,26,8,7,1,5765,234,141,22,1,0,1,5824,7,3,0,0,0,0,0,0,60,lru,0,0,0,0,0,0,8,7,8,0,1,0,2,0,0,0,0,0,0,0,0,1900544,0,1900544,3,209750976994432185,0,0,1,8,1,0,0,0
layer,16,0,15,142,decode,27,8,6,2,10805,197,160,55,2,0,2,10895,8,3,0,0,0,0,0,0,60,lru,0,0,0,0,0,0,8,6,8,0,2,0,2,0,0,0,0,0,0,0,0,3801088,0,3801088,6,13273860763028965888,0,0,2,8,2,0,0,0
layer,16,0,15,142,decode,28,8,7,1,341,174,153,21,1,0,1,424,8,25,0,0,0,0,0,0,60,lru,0,0,0,0,0,0,8,7,8,0,1,0,2,0,0,0,0,0,0,0,0,1900544,0,1900544,3,6573501666054693141,0,0,1,8,1,0,0,0
layer,16,0,15,142,decode,29,8,8,0,0,0,182,0,0,0,0,18,7,2,0,0,0,0,0,0,60,lru,0,0,0,0,0,0,8,8,8,0,0,0,1,0,0,0,0,0,0,0,0,0,0,0,0,10021994009035515532,0,0,0,8,0,0,0,0
layer,16,0,15,142,decode,30,8,7,1,321,168,143,17,1,0,1,385,8,4,0,0,0,0,0,0,60,lru,0,0,0,0,0,0,8,7,8,0,1,0,2,0,0,0,0,0,0,0,0,1900544,0,1900544,3,12145138907635053968,0,0,1,8,1,0,0,0
layer,16,0,15,142,decode,31,8,8,0,0,0,182,0,0,0,0,19,8,2,0,0,0,0,0,0,60,lru,0,0,0,0,0,0,8,8,8,0,0,0,1,0,0,0,0,0,0,0,0,0,0,0,0,16265091179908078636,0,0,0,8,0,0,0,0
layer,16,0,15,142,decode,32,8,6,2,7396,440,153,37,2,0,2,7489,8,7,0,0,0,0,0,0,60,lru,0,0,0,0,0,0,8,6,8,0,2,0,2,0,0,0,0,0,0,0,0,3801088,0,3801088,6,13127897476328220636,0,0,2,8,2,0,0,0
layer,16,0,15,142,decode,33,8,8,0,0,0,182,0,0,0,0,20,8,2,0,0,0,0,0,0,60,lru,0,0,0,0,0,0,8,8,8,0,0,0,2,0,0,0,0,0,0,0,0,0,0,0,0,15880715936103628225,0,0,0,8,0,0,0,0
layer,16,0,15,142,decode,34,8,5,3,4740,507,144,51,2,0,2,4874,7,18,0,0,0,0,0,0,60,lru,0,0,0,0,0,0,8,5,8,0,3,0,2,0,0,0,0,0,0,0,0,6119424,0,6119424,9,15275218878491194367,0,0,3,8,3,0,0,0
layer,16,0,15,142,decode,35,8,5,3,5955,347,159,52,2,0,2,6085,8,19,0,0,0,0,0,0,60,lru,0,0,0,0,0,0,8,5,8,0,3,0,2,0,0,0,0,0,0,0,0,5701632,0,5701632,9,11942124224666716997,0,0,3,8,3,0,0,0
layer,16,0,15,142,decode,36,8,4,4,8107,707,153,90,2,0,2,8251,7,3,0,0,0,0,0,0,60,lru,0,0,0,0,0,0,8,4,8,0,4,0,2,0,0,0,0,0,0,0,0,7602176,0,7602176,12,10391970205351252150,0,0,4,8,4,0,0,0
layer,16,0,15,142,decode,37,8,7,1,387,185,161,19,1,0,1,486,8,35,0,0,0,0,0,0,60,lru,0,0,0,0,0,0,8,7,8,0,1,0,2,0,0,0,0,0,0,0,0,1900544,0,1900544,3,6474314676943778496,0,0,1,8,1,0,0,0
layer,16,0,15,142,decode,38,8,6,2,719,318,144,41,2,0,2,805,8,3,0,0,0,0,0,0,60,lru,0,0,0,0,0,0,8,6,8,0,2,0,2,0,0,0,0,0,0,0,0,4079616,0,4079616,6,8445810111345092679,0,0,2,8,2,0,0,0
layer,16,0,15,142,decode,39,8,5,3,7687,462,675,78,2,0,2,7821,8,16,0,0,0,0,0,0,60,lru,0,0,0,0,0,0,8,5,8,0,3,0,1,0,0,0,0,0,0,0,0,6119424,0,6119424,9,15336358634852594588,0,0,3,8,3,0,0,0
request,16,0,15,0,decode,-1,0,0,0,0,0,0,0,0,0,0,0,0,0,0,0,0,0,0,0,0,,221720,624,0,0,19,0,0,0,0,0,0,0,0,0,0,0,0,0,0,0,0,0,0,0,0,0,0,0,0,0,0,0,0,0
layer,17,0,16,143,decode,0,8,0,8,3134,1133,150,158,4,0,4,3411,9,26,0,0,0,0,0,0,60,lru,0,0,0,0,0,0,8,0,8,0,8,0,4,0,0,0,0,0,0,0,0,15204352,0,15204352,24,6731112273833697849,0,0,8,8,8,0,0,0
layer,17,0,16,143,decode,1,8,1,7,2723,996,154,156,3,0,3,2965,8,20,0,0,0,0,0,0,60,lru,0,0,0,0,0,0,8,1,8,0,7,0,4,0,0,0,0,0,0,0,0,13303808,0,13303808,21,7556537180114517821,0,0,7,8,7,0,0,0
layer,17,0,16,143,decode,2,8,6,2,752,302,143,39,4,0,4,856,7,16,0,0,0,0,0,0,60,lru,0,0,0,0,0,0,8,6,8,0,2,0,4,0,0,0,0,0,0,0,0,3801088,0,3801088,6,4163858685323151748,0,0,2,8,2,0,0,0
layer,17,0,16,143,decode,3,8,6,2,698,303,160,34,3,0,3,787,7,2,0,0,0,0,0,0,60,lru,0,0,0,0,0,0,8,6,8,0,2,0,4,0,0,0,0,0,0,0,0,3801088,0,3801088,6,2032134694375833465,0,0,2,8,2,0,0,0
layer,17,0,16,143,decode,4,8,7,1,330,137,154,20,2,0,2,403,8,3,0,0,0,0,0,0,60,lru,0,0,0,0,0,0,8,7,8,0,1,0,3,0,0,0,0,0,0,0,0,1900544,0,1900544,3,6225266555430094538,0,0,1,8,1,0,0,0
layer,17,0,16,143,decode,5,8,6,2,695,299,160,34,3,0,3,802,7,5,0,0,0,0,0,0,60,lru,0,0,0,0,0,0,8,6,8,0,2,0,3,0,0,0,0,0,0,0,0,3801088,0,3801088,6,3930504545289937559,0,0,2,8,2,0,0,0
layer,17,0,16,143,decode,6,8,4,4,1411,594,142,83,3,0,3,1569,8,20,0,0,0,0,0,0,60,lru,0,0,0,0,0,0,8,4,8,0,4,0,3,0,0,0,0,0,0,0,0,7602176,0,7602176,12,10112472546312832468,0,0,4,8,4,0,0,0
layer,17,0,16,143,decode,7,8,7,1,5093,139,161,27,2,0,2,5157,7,3,0,0,0,0,0,0,60,lru,0,0,0,0,0,0,8,7,8,0,1,0,3,0,0,0,0,0,0,0,0,1900544,0,1900544,3,14163163460282188302,0,0,1,8,1,0,0,0
layer,17,0,16,143,decode,8,8,7,1,396,176,154,16,2,0,2,469,8,13,0,0,0,0,0,0,60,lru,0,0,0,0,0,0,8,7,8,0,1,0,3,0,0,0,0,0,0,0,0,1900544,0,1900544,3,16230172852426279015,0,0,1,8,1,0,0,0
layer,17,0,16,143,decode,9,8,7,1,5277,284,159,12,1,0,1,5358,7,9,0,0,0,0,0,0,60,lru,0,0,0,0,0,0,8,7,8,0,1,0,3,0,0,0,0,0,0,0,0,1900544,0,1900544,3,3062514187066680069,0,0,1,8,1,0,0,0
layer,17,0,16,143,decode,10,8,6,2,675,292,142,39,2,0,2,766,8,3,0,0,0,0,0,0,60,lru,0,0,0,0,0,0,8,6,8,0,2,0,2,0,0,0,0,0,0,0,0,3801088,0,3801088,6,5800745931752175964,0,0,2,8,2,0,0,0
layer,17,0,16,143,decode,11,8,5,3,1041,416,158,85,2,0,2,1170,8,3,0,0,0,0,0,0,60,lru,0,0,0,0,0,0,8,5,8,0,3,0,2,0,0,0,0,0,0,0,0,5701632,0,5701632,9,13914232777020735416,0,0,3,8,3,0,0,0
layer,17,0,16,143,decode,12,8,7,1,311,177,153,19,1,0,1,407,8,18,0,0,0,0,0,0,60,lru,0,0,0,0,0,0,8,7,8,0,1,0,2,0,0,0,0,0,0,0,0,1900544,0,1900544,3,5438226411807768151,0,0,1,8,1,0,0,0
layer,17,0,16,143,decode,13,8,7,1,316,191,160,22,1,0,1,386,7,14,0,0,0,0,0,0,60,lru,0,0,0,0,0,0,8,7,8,0,1,0,2,0,0,0,0,0,0,0,0,1900544,0,1900544,3,11304144223014154896,0,0,1,8,1,0,0,0
layer,17,0,16,143,decode,14,8,6,2,655,323,142,43,2,0,2,775,7,23,0,0,0,0,0,0,60,lru,0,0,0,0,0,0,8,6,8,0,2,0,2,0,0,0,0,0,0,0,0,3801088,0,3801088,6,644248220199061999,0,0,2,8,2,0,0,0
layer,17,0,16,143,decode,15,8,6,2,637,292,159,36,3,0,3,735,9,3,0,0,0,0,0,0,60,lru,0,0,0,0,0,0,8,6,8,0,2,0,2,0,0,0,0,0,0,0,0,3801088,0,3801088,6,11228248018052255611,0,0,2,8,2,0,0,0
layer,17,0,16,143,decode,16,8,7,1,309,178,154,16,2,0,2,385,8,2,0,0,0,0,0,0,60,lru,0,0,0,0,0,0,8,7,8,0,1,0,2,0,0,0,0,0,0,0,0,1900544,0,1900544,3,4834820162344062315,0,0,1,8,1,0,0,0
layer,17,0,16,143,decode,17,8,6,2,6064,466,158,46,2,0,2,6180,8,31,0,0,0,0,0,0,60,lru,0,0,0,0,0,0,8,6,8,0,2,0,2,0,0,0,0,0,0,0,0,3801088,0,3801088,6,9536095959376589973,0,0,2,8,2,0,0,0
layer,17,0,16,143,decode,18,8,8,0,0,0,159,0,0,0,0,20,8,2,0,0,0,0,0,0,60,lru,0,0,0,0,0,0,8,8,8,0,0,0,2,0,0,0,0,0,0,0,0,0,0,0,0,16908288186566416876,0,0,0,8,0,0,0,0
layer,17,0,16,143,decode,19,8,5,3,8229,481,159,58,2,0,2,8362,7,17,0,0,0,0,0,0,60,lru,0,0,0,0,0,0,8,5,8,0,3,0,2,0,0,0,0,0,0,0,0,5701632,0,5701632,9,12875889665982809322,0,0,3,8,3,0,0,0
layer,17,0,16,143,decode,20,8,5,3,1342,429,152,62,2,0,2,1477,8,7,0,0,0,0,0,0,60,lru,0,0,0,0,0,0,8,5,8,0,3,0,2,0,0,0,0,0,0,0,0,5701632,0,5701632,9,10241447722034559854,0,0,3,8,3,0,0,0
layer,17,0,16,143,decode,21,8,7,1,321,175,161,14,1,0,1,386,8,3,0,0,0,0,0,0,60,lru,0,0,0,0,0,0,8,7,8,0,1,0,2,0,0,0,0,0,0,0,0,1900544,0,1900544,3,3284128287809252459,0,0,1,8,1,0,0,0
layer,17,0,16,143,decode,22,8,5,3,1727,414,139,50,2,0,2,1843,8,9,0,0,0,0,0,0,60,lru,0,0,0,0,0,0,8,5,8,0,3,0,1,0,0,0,0,0,0,0,0,5701632,0,5701632,9,12754594762007696671,0,0,3,8,3,0,0,0
layer,17,0,16,143,decode,23,8,5,3,989,398,160,62,2,0,2,1125,8,5,0,0,0,0,0,0,60,lru,0,0,0,0,0,0,8,5,8,0,3,0,3,0,0,0,0,0,0,0,0,5701632,0,5701632,9,208543683902953620,0,0,3,8,3,0,0,0
layer,17,0,16,143,decode,24,8,7,1,305,186,154,17,1,0,1,398,8,18,0,0,0,0,0,0,60,lru,0,0,0,0,0,0,8,7,8,0,1,0,1,0,0,0,0,0,0,0,0,1900544,0,1900544,3,293792984493066743,0,0,1,8,1,0,0,0
layer,17,0,16,143,decode,25,8,8,0,0,0,183,0,0,0,0,19,8,2,0,0,0,0,0,0,60,lru,0,0,0,0,0,0,8,8,8,0,0,0,2,0,0,0,0,0,0,0,0,0,0,0,0,2117805231360428161,0,0,0,8,0,0,0,0
layer,17,0,16,143,decode,26,8,6,2,634,311,142,36,2,0,2,732,8,4,0,0,0,0,0,0,60,lru,0,0,0,0,0,0,8,6,8,0,2,0,2,0,0,0,0,0,0,0,0,3801088,0,3801088,6,17525054320519208547,0,0,2,8,2,0,0,0
layer,17,0,16,143,decode,27,8,7,1,371,172,160,22,1,0,1,429,8,2,0,0,0,0,0,0,60,lru,0,0,0,0,0,0,8,7,8,0,1,0,2,0,0,0,0,0,0,0,0,1900544,0,1900544,3,4018771934439134405,0,0,1,8,1,0,0,0
layer,17,0,16,143,decode,28,8,8,0,0,0,175,0,0,0,0,19,8,2,0,0,0,0,0,0,60,lru,0,0,0,0,0,0,8,8,8,0,0,0,2,0,0,0,0,0,0,0,0,0,0,0,0,13642727919551759442,0,0,0,8,0,0,0,0
layer,17,0,16,143,decode,29,8,5,3,5257,530,157,46,2,0,2,5398,8,17,0,0,0,0,0,0,60,lru,0,0,0,0,0,0,8,5,8,0,3,0,1,0,0,0,0,0,0,0,0,5701632,0,5701632,9,6269457799158836022,0,0,3,8,3,0,0,0
layer,17,0,16,143,decode,30,8,8,0,0,0,160,0,0,0,0,19,8,2,0,0,0,0,0,0,60,lru,0,0,0,0,0,0,8,8,8,0,0,0,1,0,0,0,0,0,0,0,0,0,0,0,0,13912766841781980735,0,0,0,8,0,0,0,0
layer,17,0,16,143,decode,31,8,7,1,309,180,161,14,1,0,1,380,8,13,0,0,0,0,0,0,60,lru,0,0,0,0,0,0,8,7,8,0,1,0,2,0,0,0,0,0,0,0,0,1900544,0,1900544,3,14581777068391917983,0,0,1,8,1,0,0,0
layer,17,0,16,143,decode,32,8,3,5,2160,704,151,93,2,0,2,2344,8,18,0,0,0,0,0,0,60,lru,0,0,0,0,0,0,8,3,8,0,5,0,1,0,0,0,0,0,0,0,0,9502720,0,9502720,15,4946725975569381239,0,0,5,8,5,0,0,0
layer,17,0,16,143,decode,33,8,4,4,1631,592,157,71,2,0,2,1775,8,8,0,0,0,0,0,0,60,lru,0,0,0,0,0,0,8,4,8,0,4,0,3,0,0,0,0,0,0,0,0,7602176,0,7602176,12,5967559010121167644,0,0,4,8,4,0,0,0
layer,17,0,16,143,decode,34,8,5,3,1147,466,144,51,2,0,2,1266,8,8,0,0,0,0,0,0,60,lru,0,0,0,0,0,0,8,5,8,0,3,0,2,0,0,0,0,0,0,0,0,6119424,0,6119424,9,7942688547617361804,0,0,3,8,3,0,0,0
layer,17,0,16,143,decode,35,8,5,3,5307,487,158,62,2,0,2,5440,8,15,0,0,0,0,0,0,60,lru,0,0,0,0,0,0,8,5,8,0,3,0,2,0,0,0,0,0,0,0,0,5701632,0,5701632,9,8982013356315847267,0,0,3,8,3,0,0,0
layer,17,0,16,143,decode,36,8,5,3,1734,437,153,29,1,0,1,1846,8,2,0,0,0,0,0,0,60,lru,0,0,0,0,0,0,8,5,8,0,3,0,2,0,0,0,0,0,0,0,0,5701632,0,5701632,9,7967472705446822838,0,0,3,8,3,0,0,0
layer,17,0,16,143,decode,37,8,1,7,8193,1008,155,129,2,0,2,8430,7,5,0,0,0,0,0,0,60,lru,0,0,0,0,0,0,8,1,8,0,7,0,2,0,0,0,0,0,0,0,0,13303808,0,13303808,21,18213062720606978481,0,0,7,8,7,0,0,0
layer,17,0,16,143,decode,38,8,4,4,1880,568,143,57,2,0,2,2026,8,3,0,0,0,0,0,0,60,lru,0,0,0,0,0,0,8,4,8,0,4,0,2,0,0,0,0,0,0,0,0,8159232,0,8159232,12,5075305020169880840,0,0,4,8,4,0,0,0
layer,17,0,16,143,decode,39,8,2,6,6111,895,672,94,2,0,2,6319,8,20,0,0,0,0,0,0,60,lru,0,0,0,0,0,0,8,2,8,0,6,0,2,0,0,0,0,0,0,0,0,12238848,0,12238848,18,4203132320158444510,0,0,6,8,6,0,0,0
request,17,0,16,0,decode,-1,0,0,0,0,0,0,0,0,0,0,0,0,0,0,0,0,0,0,0,0,,93500,663,0,0,20,0,0,0,0,0,0,0,0,0,0,0,0,0,0,0,0,0,0,0,0,0,0,0,0,0,0,0,0,0
