row_type,request_idx,repeat_idx,batch_idx,token_idx,phase,layer,k_required,k_hit,k_miss,ssd_read_us,h2d_us,compute_us,stall_us,pred_us,pred_observe_us,pred_score_us,callback_wall_us,topk_d2h_us,slot_ids_h2d_us,slot_table_h2d_us,eamc_rows_scored,eamc_cosine_us,eamc_score_materialize_us,eamc_score_cache_hits,eamc_score_cache_misses,cache_resident_experts,predictor,request_wall_us,request_end_us,predictor_end_us,predictor_save_us,profile_flush_us,sidecar_write_bytes,routes_required,routes_hit,routes_persistent,k_empty_admit,k_victim_admit,k_scratch,route_rank_us,host_cache_hits,host_cache_misses,host_cache_hit_bytes,host_cache_miss_bytes,host_cache_lookup_us,host_cache_fill_us,host_memcpy_us,host_memcpy_bytes,h2d_bytes,pinned_staging_wait_us,ssd_bytes,ssd_reads,route_hash
layer,1,0,0,0,prefill,0,76,0,76,48985,26598,71397,6969,0,0,0,56031,26,112,0,0,0,0,0,0,60,lru,0,0,0,0,0,0,128,0,112,60,0,16,13,0,0,0,0,0,0,0,0,144441344,0,144441344,228,505969029655478851
layer,1,0,0,0,prefill,1,66,0,66,37003,24400,727,7707,0,0,0,43631,20,32,0,0,0,0,0,0,60,lru,0,0,0,0,0,0,128,0,122,60,0,6,9,0,0,0,0,0,0,0,0,125435904,0,125435904,198,13684596518798011455
layer,1,0,0,0,prefill,2,74,0,74,32460,20848,3237,6165,0,0,0,38034,13,16,0,0,0,0,0,0,60,lru,0,0,0,0,0,0,128,0,114,60,0,14,10,0,0,0,0,0,0,0,0,140640256,0,140640256,222,9525275160380501902
layer,1,0,0,0,prefill,3,60,0,60,24726,16233,664,5011,0,0,0,28918,15,24,0,0,0,0,0,0,60,lru,0,0,0,0,0,0,128,0,128,60,0,0,7,0,0,0,0,0,0,0,0,114032640,0,114032640,180,11468840274580862446
layer,1,0,0,0,prefill,4,49,0,49,18058,11695,642,3742,0,0,0,21480,11,13,0,0,0,0,0,0,49,lru,0,0,0,0,0,0,128,0,128,49,0,0,8,0,0,0,0,0,0,0,0,93126656,0,93126656,147,16048864003568752221
layer,1,0,0,0,prefill,5,56,0,56,18964,12304,661,3778,0,0,0,22670,10,13,0,0,0,0,0,0,56,lru,0,0,0,0,0,0,128,0,128,56,0,0,6,0,0,0,0,0,0,0,0,106430464,0,106430464,168,12295932354628875052
layer,1,0,0,0,prefill,6,53,0,53,17008,10873,596,3840,0,0,0,20256,10,32,0,0,0,0,0,0,53,lru,0,0,0,0,0,0,128,0,128,53,0,0,7,0,0,0,0,0,0,0,0,100728832,0,100728832,159,17220980665568496158
layer,1,0,0,0,prefill,7,54,0,54,16279,10356,650,3532,0,0,0,19314,9,11,0,0,0,0,0,0,54,lru,0,0,0,0,0,0,128,0,128,54,0,0,7,0,0,0,0,0,0,0,0,102629376,0,102629376,162,8042254305424721232
layer,1,0,0,0,prefill,8,39,0,39,11526,7269,606,2262,0,0,0,13760,9,7,0,0,0,0,0,0,39,lru,0,0,0,0,0,0,128,0,128,39,0,0,6,0,0,0,0,0,0,0,0,74121216,0,74121216,117,1921150686183763256
layer,1,0,0,0,prefill,9,46,0,46,13271,8459,627,2474,0,0,0,15590,9,9,0,0,0,0,0,0,46,lru,0,0,0,0,0,0,128,0,128,46,0,0,6,0,0,0,0,0,0,0,0,87425024,0,87425024,138,10703348955119911228
layer,1,0,0,0,prefill,10,60,0,60,17252,10818,619,3375,0,0,0,20476,9,11,0,0,0,0,0,0,60,lru,0,0,0,0,0,0,128,0,128,60,0,0,7,0,0,0,0,0,0,0,0,114032640,0,114032640,180,14854190227651778347
layer,1,0,0,0,prefill,11,63,0,63,17711,10844,667,3257,0,0,0,20886,9,8,0,0,0,0,0,0,60,lru,0,0,0,0,0,0,128,0,125,60,0,3,7,0,0,0,0,0,0,0,0,119734272,0,119734272,189,3996041623242520834
layer,1,0,0,0,prefill,12,52,0,52,13925,8427,643,2590,0,0,0,16519,9,8,0,0,0,0,0,0,52,lru,0,0,0,0,0,0,128,0,128,52,0,0,7,0,0,0,0,0,0,0,0,98828288,0,98828288,156,3901669683659209437
layer,1,0,0,0,prefill,13,48,0,48,11527,7588,625,2112,0,0,0,13732,9,8,0,0,0,0,0,0,48,lru,0,0,0,0,0,0,128,0,128,48,0,0,6,0,0,0,0,0,0,0,0,91226112,0,91226112,144,13285564683511427000
layer,1,0,0,0,prefill,14,52,0,52,13238,8001,581,2344,0,0,0,15665,8,7,0,0,0,0,0,0,52,lru,0,0,0,0,0,0,128,0,128,52,0,0,5,0,0,0,0,0,0,0,0,98828288,0,98828288,156,18079256141314951034
layer,1,0,0,0,prefill,15,53,0,53,12904,7832,652,2198,0,0,0,15296,9,9,0,0,0,0,0,0,53,lru,0,0,0,0,0,0,128,0,128,53,0,0,6,0,0,0,0,0,0,0,0,100728832,0,100728832,159,9478635660950317605
layer,1,0,0,0,prefill,16,50,0,50,11682,7465,651,2083,0,0,0,13757,9,7,0,0,0,0,0,0,50,lru,0,0,0,0,0,0,128,0,128,50,0,0,5,0,0,0,0,0,0,0,0,95027200,0,95027200,150,15493563915022147413
layer,1,0,0,0,prefill,17,46,0,46,10777,6867,608,1897,0,0,0,12745,9,5,0,0,0,0,0,0,46,lru,0,0,0,0,0,0,128,0,128,46,0,0,6,0,0,0,0,0,0,0,0,87425024,0,87425024,138,152168302098679926
layer,1,0,0,0,prefill,18,58,0,58,14111,8156,608,1954,0,0,0,16486,8,6,0,0,0,0,0,0,58,lru,0,0,0,0,0,0,128,0,128,58,0,0,6,0,0,0,0,0,0,0,0,110231552,0,110231552,174,15530605552747834716
layer,1,0,0,0,prefill,19,52,0,52,13271,7293,648,1903,0,0,0,15492,8,8,0,0,0,0,0,0,52,lru,0,0,0,0,0,0,128,0,128,52,0,0,6,0,0,0,0,0,0,0,0,98828288,0,98828288,156,4346883683045240463
layer,1,0,0,0,prefill,20,50,0,50,11357,6772,633,1833,0,0,0,13326,9,4,0,0,0,0,0,0,50,lru,0,0,0,0,0,0,128,0,128,50,0,0,6,0,0,0,0,0,0,0,0,95027200,0,95027200,150,13018605033500275371
layer,1,0,0,0,prefill,21,50,0,50,12253,6641,638,1789,0,0,0,14327,8,5,0,0,0,0,0,0,50,lru,0,0,0,0,0,0,128,0,128,50,0,0,5,0,0,0,0,0,0,0,0,95027200,0,95027200,150,270187467242569591
layer,1,0,0,0,prefill,22,61,0,61,14953,8122,622,1908,0,0,0,17317,8,7,0,0,0,0,0,0,60,lru,0,0,0,0,0,0,128,0,127,60,0,1,7,0,0,0,0,0,0,0,0,115933184,0,115933184,183,17678066265463563086
layer,1,0,0,0,prefill,23,66,0,66,15857,8812,684,1921,0,0,0,18416,8,8,0,0,0,0,0,0,60,lru,0,0,0,0,0,0,128,0,122,60,0,6,7,0,0,0,0,0,0,0,0,125435904,0,125435904,198,6808192444189791876
layer,1,0,0,0,prefill,24,53,0,53,12221,6743,650,1573,0,0,0,14164,9,5,0,0,0,0,0,0,53,lru,0,0,0,0,0,0,128,0,128,53,0,0,7,0,0,0,0,0,0,0,0,100728832,0,100728832,159,7921885301476554051
layer,1,0,0,0,prefill,25,48,0,48,11027,5943,623,1310,0,0,0,12838,8,5,0,0,0,0,0,0,48,lru,0,0,0,0,0,0,128,0,128,48,0,0,5,0,0,0,0,0,0,0,0,91226112,0,91226112,144,6304135334244198341
layer,1,0,0,0,prefill,26,57,0,57,13841,6938,607,1488,0,0,0,15934,8,6,0,0,0,0,0,0,57,lru,0,0,0,0,0,0,128,0,128,57,0,0,6,0,0,0,0,0,0,0,0,108331008,0,108331008,171,12539028065165761596
layer,1,0,0,0,prefill,27,54,0,54,12690,6219,653,1378,0,0,0,14502,8,5,0,0,0,0,0,0,54,lru,0,0,0,0,0,0,128,0,128,54,0,0,7,0,0,0,0,0,0,0,0,102629376,0,102629376,162,6711411367452743924
layer,1,0,0,0,prefill,28,56,0,56,12330,6479,654,1447,0,0,0,14288,9,3,0,0,0,0,0,0,56,lru,0,0,0,0,0,0,128,0,128,56,0,0,6,0,0,0,0,0,0,0,0,106430464,0,106430464,168,10756250468788455686
layer,1,0,0,0,prefill,29,59,0,59,13127,6847,677,1391,0,0,0,15158,8,5,0,0,0,0,0,0,59,lru,0,0,0,0,0,0,128,0,128,59,0,0,7,0,0,0,0,0,0,0,0,112132096,0,112132096,177,7101545317434030235
layer,1,0,0,0,prefill,30,58,0,58,13482,6601,613,1347,0,0,0,15587,9,5,0,0,0,0,0,0,58,lru,0,0,0,0,0,0,128,0,128,58,0,0,6,0,0,0,0,0,0,0,0,110231552,0,110231552,174,196505039986158326
layer,1,0,0,0,prefill,31,52,0,52,11379,6030,653,1359,0,0,0,13259,9,5,0,0,0,0,0,0,52,lru,0,0,0,0,0,0,128,0,128,52,0,0,7,0,0,0,0,0,0,0,0,98828288,0,98828288,156,8680311859758128231
layer,1,0,0,0,prefill,32,57,0,57,12605,6568,670,1593,0,0,0,14652,8,3,0,0,0,0,0,0,57,lru,0,0,0,0,0,0,128,0,128,57,0,0,7,0,0,0,0,0,0,0,0,108331008,0,108331008,171,5789420713407002584
layer,1,0,0,0,prefill,33,55,0,55,12680,6278,666,1425,0,0,0,14608,8,3,0,0,0,0,0,0,55,lru,0,0,0,0,0,0,128,0,128,55,0,0,6,0,0,0,0,0,0,0,0,104529920,0,104529920,165,11309864459617361683
layer,1,0,0,0,prefill,34,57,0,57,15229,6966,2642,1368,0,0,0,17258,8,4,0,0,0,0,0,0,57,lru,0,0,0,0,0,0,128,0,128,57,0,0,7,0,0,0,0,0,0,0,0,116269056,0,116269056,171,1702938924611625281
layer,1,0,0,0,prefill,35,50,0,50,12195,6031,658,1415,0,0,0,14119,15,7,0,0,0,0,0,0,50,lru,0,0,0,0,0,0,128,0,128,50,0,0,8,0,0,0,0,0,0,0,0,95027200,0,95027200,150,17436696617703250090
layer,1,0,0,0,prefill,36,49,0,49,12707,5894,646,1460,0,0,0,14647,10,6,0,0,0,0,0,0,49,lru,0,0,0,0,0,0,128,0,128,49,0,0,8,0,0,0,0,0,0,0,0,93126656,0,93126656,147,7974473723651429321
layer,1,0,0,0,prefill,37,48,0,48,12268,5817,648,1399,0,0,0,14075,10,4,0,0,0,0,0,0,48,lru,0,0,0,0,0,0,128,0,128,48,0,0,6,0,0,0,0,0,0,0,0,91226112,0,91226112,144,10486304658390339759
layer,1,0,0,0,prefill,38,41,0,41,10876,4866,558,1022,0,0,0,12329,9,4,0,0,0,0,0,0,41,lru,0,0,0,0,0,0,128,0,128,41,0,0,5,0,0,0,0,0,0,0,0,83632128,0,83632128,123,2780091897427672275
layer,1,0,0,0,prefill,39,34,0,34,9499,4065,2518,848,0,0,0,10732,8,5,0,0,0,0,0,0,34,lru,0,0,0,0,0,0,128,0,128,34,0,0,6,0,0,0,0,0,0,0,0,69353472,0,69353472,102,17611306640856778617
layer,1,0,0,16,prefill,0,75,32,43,10481,5366,715,1394,1,0,1,12302,13,5,0,0,0,0,0,0,60,lru,0,0,0,0,0,0,128,62,113,0,28,15,7,0,0,0,0,0,0,0,0,81723392,0,81723392,129,9578419964157611140
layer,1,0,0,16,prefill,1,77,28,49,12326,6483,719,1672,5,0,5,14446,10,7,0,0,0,0,0,0,60,lru,0,0,0,0,0,0,128,67,111,0,32,17,9,0,0,0,0,0,0,0,0,93126656,0,93126656,147,10511154930756732653
layer,1,0,0,16,prefill,2,75,26,49,11977,6209,674,1618,5,0,5,13986,9,5,0,0,0,0,0,0,60,lru,0,0,0,0,0,0,128,51,113,0,34,15,8,0,0,0,0,0,0,0,0,93126656,0,93126656,147,14034677418530361485
layer,1,0,0,16,prefill,3,58,27,31,7456,3863,643,1007,3,0,3,8734,9,4,0,0,0,0,0,0,60,lru,0,0,0,0,0,0,128,78,128,0,31,0,7,0,0,0,0,0,0,0,0,58916864,0,58916864,93,48226003366626706
layer,1,0,0,16,prefill,4,50,25,25,6098,3026,638,757,2,0,2,7150,8,4,0,0,0,0,0,0,60,lru,0,0,0,0,0,0,128,86,128,11,14,0,7,0,0,0,0,0,0,0,0,47513600,0,47513600,75,18346647193080421107
layer,1,0,0,16,prefill,5,52,24,28,6683,3407,631,853,2,0,2,7830,9,5,0,0,0,0,0,0,60,lru,0,0,0,0,0,0,128,74,128,4,24,0,7,0,0,0,0,0,0,0,0,53215232,0,53215232,84,7048362244946393944
layer,1,0,0,16,prefill,6,39,20,19,4604,2412,560,604,2,0,2,5464,9,19,0,0,0,0,0,0,60,lru,0,0,0,0,0,0,128,79,128,7,12,0,5,0,0,0,0,0,0,0,0,36110336,0,36110336,57,16232111308033482215
layer,1,0,0,16,prefill,7,37,19,18,4442,2345,578,511,3,0,3,5237,9,17,0,0,0,0,0,0,60,lru,0,0,0,0,0,0,128,93,128,6,12,0,6,0,0,0,0,0,0,0,0,34209792,0,34209792,54,334959706989632858
layer,1,0,0,16,prefill,8,39,17,22,5416,2867,592,824,1,0,1,6376,8,7,0,0,0,0,0,0,60,lru,0,0,0,0,0,0,128,76,128,21,1,0,4,0,0,0,0,0,0,0,0,41811968,0,41811968,66,1340376229816791889
layer,1,0,0,16,prefill,9,39,17,22,5306,2973,590,797,2,0,2,6336,8,32,0,0,0,0,0,0,60,lru,0,0,0,0,0,0,128,80,128,14,8,0,9,0,0,0,0,0,0,0,0,41811968,0,41811968,66,12351524491780517071
layer,1,0,0,16,prefill,10,43,15,28,6566,3810,555,890,2,0,2,7734,8,34,0,0,0,0,0,0,60,lru,0,0,0,0,0,0,128,49,128,0,28,0,6,0,0,0,0,0,0,0,0,53215232,0,53215232,84,12202891096169078653
layer,1,0,0,16,prefill,11,48,20,28,6672,3714,609,1206,2,0,2,7937,9,4,0,0,0,0,0,0,60,lru,0,0,0,0,0,0,128,55,128,0,28,0,7,0,0,0,0,0,0,0,0,53215232,0,53215232,84,12736561352799218041
layer,1,0,0,16,prefill,12,37,19,18,4216,2476,599,622,2,0,2,4956,8,7,0,0,0,0,0,0,60,lru,0,0,0,0,0,0,128,83,128,8,10,0,5,0,0,0,0,0,0,0,0,34209792,0,34209792,54,10410782763293056754
layer,1,0,0,16,prefill,13,37,18,19,4421,2667,598,818,2,0,2,5299,8,5,0,0,0,0,0,0,60,lru,0,0,0,0,0,0,128,80,128,12,7,0,4,0,0,0,0,0,0,0,0,36110336,0,36110336,57,5261182698664622549
layer,1,0,0,16,prefill,14,33,21,12,2861,1659,536,419,2,0,2,3495,8,29,0,0,0,0,0,0,60,lru,0,0,0,0,0,0,128,94,128,8,4,0,5,0,0,0,0,0,0,0,0,22806528,0,22806528,36,8689076927279532499
layer,1,0,0,16,prefill,15,41,17,24,5794,3221,590,840,2,0,2,6861,7,21,0,0,0,0,0,0,60,lru,0,0,0,0,0,0,128,67,128,7,17,0,5,0,0,0,0,0,0,0,0,45613056,0,45613056,72,5941787412455027869
layer,1,0,0,16,prefill,16,38,16,22,4888,3021,585,762,2,0,2,5833,8,24,0,0,0,0,0,0,60,lru,0,0,0,0,0,0,128,56,128,10,12,0,5,0,0,0,0,0,0,0,0,41811968,0,41811968,66,6335487940943811411
layer,1,0,0,16,prefill,17,46,16,30,6783,4139,615,1162,2,0,2,8071,8,5,0,0,0,0,0,0,60,lru,0,0,0,0,0,0,128,46,128,14,16,0,5,0,0,0,0,0,0,0,0,57016320,0,57016320,90,18194152142534787041
layer,1,0,0,16,prefill,18,42,22,20,4824,2764,563,789,2,0,2,5699,9,4,0,0,0,0,0,0,60,lru,0,0,0,0,0,0,128,73,128,2,18,0,5,0,0,0,0,0,0,0,0,38010880,0,38010880,60,6644416582365393417
layer,1,0,0,16,prefill,19,43,20,23,5877,3321,612,969,2,0,2,7004,10,6,0,0,0,0,0,0,60,lru,0,0,0,0,0,0,128,84,128,8,15,0,7,0,0,0,0,0,0,0,0,43712512,0,43712512,69,1388975475456468954
layer,1,0,0,16,prefill,20,33,17,16,3743,2384,579,667,2,0,2,4392,9,4,0,0,0,0,0,0,60,lru,0,0,0,0,0,0,128,78,128,10,6,0,4,0,0,0,0,0,0,0,0,30408704,0,30408704,48,3175561235613523131
layer,1,0,0,16,prefill,21,33,15,18,4642,2634,607,689,2,0,2,5503,8,3,0,0,0,0,0,0,60,lru,0,0,0,0,0,0,128,78,128,10,8,0,5,0,0,0,0,0,0,0,0,34209792,0,34209792,54,13610146048705294824
layer,1,0,0,16,prefill,22,43,17,26,7050,3784,578,1251,2,0,2,8343,9,5,0,0,0,0,0,0,60,lru,0,0,0,0,0,0,128,65,128,0,26,0,5,0,0,0,0,0,0,0,0,49414144,0,49414144,78,13769531450156367208
layer,1,0,0,16,prefill,23,51,20,31,7941,4786,632,1430,2,0,2,9367,8,5,0,0,0,0,0,0,60,lru,0,0,0,0,0,0,128,54,128,0,31,0,5,0,0,0,0,0,0,0,0,58916864,0,58916864,93,6830052245692825928
layer,1,0,0,16,prefill,24,31,16,15,3907,2287,599,581,2,0,2,4614,9,8,0,0,0,0,0,0,60,lru,0,0,0,0,0,0,128,70,128,7,8,0,4,0,0,0,0,0,0,0,0,28508160,0,28508160,45,9729740602827794047
layer,1,0,0,16,prefill,25,31,15,16,4102,2564,576,832,2,0,2,4897,8,6,0,0,0,0,0,0,60,lru,0,0,0,0,0,0,128,87,128,12,4,0,4,0,0,0,0,0,0,0,0,30408704,0,30408704,48,5624513865003556526
layer,1,0,0,16,prefill,26,37,15,22,5973,3539,550,1006,2,0,2,7137,8,17,0,0,0,0,0,0,60,lru,0,0,0,0,0,0,128,64,128,3,19,0,5,0,0,0,0,0,0,0,0,41811968,0,41811968,66,6301208182797162049
layer,1,0,0,16,prefill,27,44,17,27,7173,4376,622,1441,2,0,2,8524,8,19,0,0,0,0,0,0,60,lru,0,0,0,0,0,0,128,65,128,6,21,0,6,0,0,0,0,0,0,0,0,51314688,0,51314688,81,18383024763048545511
layer,1,0,0,16,prefill,28,34,13,21,5226,3523,579,885,2,0,2,6220,8,22,0,0,0,0,0,0,60,lru,0,0,0,0,0,0,128,64,128,4,17,0,5,0,0,0,0,0,0,0,0,39911424,0,39911424,63,10027315647476340646
layer,1,0,0,16,prefill,29,38,16,22,5836,3615,595,1198,2,0,2,6987,8,17,0,0,0,0,0,0,60,lru,0,0,0,0,0,0,128,65,128,1,21,0,5,0,0,0,0,0,0,0,0,41811968,0,41811968,66,10536302860331762642
layer,1,0,0,16,prefill,30,38,13,25,6691,4290,563,1201,2,0,2,8017,9,2,0,0,0,0,0,0,60,lru,0,0,0,0,0,0,128,63,128,2,23,0,4,0,0,0,0,0,0,0,0,47513600,0,47513600,75,1542191855178047383
layer,1,0,0,16,prefill,31,34,13,21,5353,3709,582,1104,2,0,2,6489,8,22,0,0,0,0,0,0,60,lru,0,0,0,0,0,0,128,73,128,8,13,0,4,0,0,0,0,0,0,0,0,39911424,0,39911424,63,2943896869902663408
layer,1,0,0,16,prefill,32,43,20,23,6288,4103,618,1246,3,0,3,7481,9,29,0,0,0,0,0,0,60,lru,0,0,0,0,0,0,128,69,128,3,20,0,5,0,0,0,0,0,0,0,0,43712512,0,43712512,69,13004451451235340469
layer,1,0,0,16,prefill,33,43,24,19,5342,3416,625,889,3,0,3,6400,8,9,0,0,0,0,0,0,60,lru,0,0,0,0,0,0,128,80,128,5,14,0,4,0,0,0,0,0,0,0,0,36110336,0,36110336,57,547453263716366450
layer,1,0,0,16,prefill,34,42,21,21,6771,3966,564,1135,2,0,2,7857,8,10,0,0,0,0,0,0,60,lru,0,0,0,0,0,0,128,81,128,3,18,0,5,0,0,0,0,0,0,0,0,42835968,0,42835968,63,14898710197229083973
layer,1,0,0,16,prefill,35,25,14,11,3296,2026,571,533,1,0,1,3966,9,10,0,0,0,0,0,0,60,lru,0,0,0,0,0,0,128,96,128,10,1,0,7,0,0,0,0,0,0,0,0,20905984,0,20905984,33,14463019543150363024
layer,1,0,0,16,prefill,36,32,17,15,4772,2798,608,794,1,0,1,5706,8,3,0,0,0,0,0,0,60,lru,0,0,0,0,0,0,128,94,128,11,4,0,4,0,0,0,0,0,0,0,0,28508160,0,28508160,45,1200540864497963626
layer,1,0,0,16,prefill,37,35,18,17,5482,3211,603,1107,1,0,1,6560,8,14,0,0,0,0,0,0,60,lru,0,0,0,0,0,0,128,92,128,12,5,0,5,0,0,0,0,0,0,0,0,32309248,0,32309248,51,8554497990575734970
layer,1,0,0,16,prefill,38,28,16,12,3939,2405,536,827,0,0,0,4640,8,18,0,0,0,0,0,0,53,lru,0,0,0,0,0,0,128,95,128,12,0,0,4,0,0,0,0,0,0,0,0,24477696,0,24477696,36,236702906226650295
layer,1,0,0,16,prefill,39,27,11,16,5546,3183,6770,915,0,0,0,6499,8,27,0,0,0,0,0,0,50,lru,0,0,0,0,0,0,128,91,128,16,0,0,4,0,0,0,0,0,0,0,0,32636928,0,32636928,48,199428842115340092
request,1,0,0,0,prefill,-1,0,0,0,0,0,0,0,0,0,0,0,0,0,0,0,0,0,0,0,0,,1272970,15850,0,0,20,0,0,0,0,0,0,0,0,0,0,0,0,0,0,0,0,0,0,0,0,0
layer,2,0,1,32,decode,0,8,3,5,2482,1904,325,1233,3,0,3,3596,34,40,0,0,0,0,0,0,60,lru,0,0,0,0,0,0,8,3,8,0,5,0,3,0,0,0,0,0,0,0,0,9502720,0,9502720,15,2639098668365178326
layer,2,0,1,32,decode,1,8,4,4,1972,1438,259,563,4,0,4,2620,10,3,0,0,0,0,0,0,60,lru,0,0,0,0,0,0,8,4,8,0,4,0,1,0,0,0,0,0,0,0,0,7602176,0,7602176,12,3245949415920541183
layer,2,0,1,32,decode,2,8,4,4,1995,1516,1122,574,4,0,4,2479,8,10,0,0,0,0,0,0,60,lru,0,0,0,0,0,0,8,4,8,0,4,0,2,0,0,0,0,0,0,0,0,7602176,0,7602176,12,16530372592882055657
layer,2,0,1,32,decode,3,8,5,3,1493,1166,233,393,4,0,4,1868,11,36,0,0,0,0,0,0,60,lru,0,0,0,0,0,0,8,5,8,0,3,0,3,0,0,0,0,0,0,0,0,5701632,0,5701632,9,11346054499356342641
layer,2,0,1,32,decode,4,8,6,2,4174,732,391,425,4,0,4,4632,8,61,0,0,0,0,0,0,60,lru,0,0,0,0,0,0,8,6,8,0,2,0,2,0,0,0,0,0,0,0,0,3801088,0,3801088,6,2333619220013122027
layer,2,0,1,32,decode,5,8,6,2,973,775,269,389,9,0,9,1369,15,17,0,0,0,0,0,0,60,lru,0,0,0,0,0,0,8,6,8,0,2,0,1,0,0,0,0,0,0,0,0,3801088,0,3801088,6,14586337920951346225
layer,2,0,1,32,decode,6,8,5,3,1487,1168,223,444,6,0,6,1973,11,37,0,0,0,0,0,0,60,lru,0,0,0,0,0,0,8,5,8,0,3,0,1,0,0,0,0,0,0,0,0,5701632,0,5701632,9,2753781083796064653
layer,2,0,1,32,decode,7,8,4,4,1907,1483,251,709,6,0,6,2586,7,46,0,0,0,0,0,0,60,lru,0,0,0,0,0,0,8,4,8,0,4,0,2,0,0,0,0,0,0,0,0,7602176,0,7602176,12,3439255339865008386
layer,2,0,1,32,decode,8,8,7,1,494,381,240,250,3,0,3,690,8,6,0,0,0,0,0,0,60,lru,0,0,0,0,0,0,8,7,8,0,1,0,1,0,0,0,0,0,0,0,0,1900544,0,1900544,3,1259359017380596295
layer,2,0,1,32,decode,9,8,6,2,967,737,239,320,4,0,4,1295,8,21,0,0,0,0,0,0,60,lru,0,0,0,0,0,0,8,6,8,0,2,0,0,0,0,0,0,0,0,0,0,3801088,0,3801088,6,17072448972564105066
layer,2,0,1,32,decode,10,8,6,2,995,778,202,243,5,0,5,1269,10,45,0,0,0,0,0,0,60,lru,0,0,0,0,0,0,8,6,8,0,2,0,1,0,0,0,0,0,0,0,0,3801088,0,3801088,6,18285211935556437682
layer,2,0,1,32,decode,11,8,3,5,2450,1872,252,902,5,0,5,3090,7,50,0,0,0,0,0,0,60,lru,0,0,0,0,0,0,8,3,8,0,5,0,1,0,0,0,0,0,0,0,0,9502720,0,9502720,15,3943887082612006275
layer,2,0,1,32,decode,12,8,5,3,1489,1143,223,422,8,0,8,1851,7,10,0,0,0,0,0,0,60,lru,0,0,0,0,0,0,8,5,8,0,3,0,1,0,0,0,0,0,0,0,0,5701632,0,5701632,9,9919318942015469632
layer,2,0,1,32,decode,13,8,3,5,2457,1915,264,841,3,0,3,3064,7,9,0,0,0,0,0,0,60,lru,0,0,0,0,0,0,8,3,8,0,5,0,0,0,0,0,0,0,0,0,0,9502720,0,9502720,15,1534795417736758305
layer,2,0,1,32,decode,14,8,4,4,2015,1501,200,789,3,0,3,2502,8,21,0,0,0,0,0,0,60,lru,0,0,0,0,0,0,8,4,8,0,4,0,1,0,0,0,0,0,0,0,0,7602176,0,7602176,12,11814350704513843611
layer,2,0,1,32,decode,15,8,4,4,2008,1486,271,692,4,0,4,2521,8,2,0,0,0,0,0,0,60,lru,0,0,0,0,0,0,8,4,8,0,4,0,0,0,0,0,0,0,0,0,0,7602176,0,7602176,12,5347389600349600455
layer,2,0,1,32,decode,16,8,4,4,1939,1488,227,512,5,0,5,2470,7,24,0,0,0,0,0,0,60,lru,0,0,0,0,0,0,8,4,8,0,4,0,1,0,0,0,0,0,0,0,0,7602176,0,7602176,12,3759160974886724142
layer,2,0,1,32,decode,17,8,6,2,976,723,262,263,2,0,2,1281,8,5,0,0,0,0,0,0,60,lru,0,0,0,0,0,0,8,6,8,0,2,0,0,0,0,0,0,0,0,0,0,3801088,0,3801088,6,6006019695320742317
layer,2,0,1,32,decode,18,8,4,4,1991,1516,217,659,4,0,4,2507,7,27,0,0,0,0,0,0,60,lru,0,0,0,0,0,0,8,4,8,0,4,0,3,0,0,0,0,0,0,0,0,7602176,0,7602176,12,11891233824696288348
layer,2,0,1,32,decode,19,8,6,2,958,725,267,377,4,0,4,1316,7,2,0,0,0,0,0,0,60,lru,0,0,0,0,0,0,8,6,8,0,2,0,0,0,0,0,0,0,0,0,0,3801088,0,3801088,6,4647929670642173303
layer,2,0,1,32,decode,20,8,4,4,1974,1513,240,582,4,0,4,2448,7,30,0,0,0,0,0,0,60,lru,0,0,0,0,0,0,8,4,8,0,4,0,2,0,0,0,0,0,0,0,0,7602176,0,7602176,12,424348626834718844
layer,2,0,1,32,decode,21,8,5,3,1447,1092,231,610,4,0,4,1914,7,26,0,0,0,0,0,0,60,lru,0,0,0,0,0,0,8,5,8,0,3,0,2,0,0,0,0,0,0,0,0,5701632,0,5701632,9,11103933535007924450
layer,2,0,1,32,decode,22,8,4,4,2063,1475,227,517,4,0,4,2583,8,2,0,0,0,0,0,0,60,lru,0,0,0,0,0,0,8,4,8,0,4,0,0,0,0,0,0,0,0,0,0,7602176,0,7602176,12,4870181215884980864
layer,2,0,1,32,decode,23,8,5,3,1439,1109,239,336,4,0,4,1812,8,29,0,0,0,0,0,0,60,lru,0,0,0,0,0,0,8,5,8,0,3,0,1,0,0,0,0,0,0,0,0,5701632,0,5701632,9,6924736488804968968
layer,2,0,1,32,decode,24,8,6,2,991,724,258,323,4,0,4,1332,7,2,0,0,0,0,0,0,60,lru,0,0,0,0,0,0,8,6,8,0,2,0,0,0,0,0,0,0,0,0,0,3801088,0,3801088,6,17593255585284068172
layer,2,0,1,32,decode,25,8,7,1,487,373,241,190,3,0,3,680,7,30,0,0,0,0,0,0,60,lru,0,0,0,0,0,0,8,7,8,0,1,0,1,0,0,0,0,0,0,0,0,1900544,0,1900544,3,11775299057898815464
layer,2,0,1,32,decode,26,8,4,4,2059,1444,225,635,5,0,5,2652,7,2,0,0,0,0,0,0,60,lru,0,0,0,0,0,0,8,4,8,0,4,0,0,0,0,0,0,0,0,0,0,7602176,0,7602176,12,2545341711326436848
layer,2,0,1,32,decode,27,8,2,6,2966,2241,234,844,5,0,5,3756,7,33,0,0,0,0,0,0,60,lru,0,0,0,0,0,0,8,2,8,0,6,0,1,0,0,0,0,0,0,0,0,11403264,0,11403264,18,17297524345881695322
layer,2,0,1,32,decode,28,8,7,1,485,378,232,77,3,0,3,659,7,17,0,0,0,0,0,0,60,lru,0,0,0,0,0,0,8,7,8,0,1,0,0,0,0,0,0,0,0,0,0,1900544,0,1900544,3,7305954113501681763
layer,2,0,1,32,decode,29,8,5,3,1481,1127,260,599,4,0,4,1871,7,16,0,0,0,0,0,0,60,lru,0,0,0,0,0,0,8,5,8,0,3,0,0,0,0,0,0,0,0,0,0,5701632,0,5701632,9,12221845273420319904
layer,2,0,1,32,decode,30,8,5,3,1427,1104,217,470,4,0,4,1887,11,44,0,0,0,0,0,0,60,lru,0,0,0,0,0,0,8,5,8,0,3,0,0,0,0,0,0,0,0,0,0,5701632,0,5701632,9,7663480163712666066
layer,2,0,1,32,decode,31,8,5,3,1508,1123,242,468,3,0,3,1905,8,30,0,0,0,0,0,0,60,lru,0,0,0,0,0,0,8,5,8,0,3,0,0,0,0,0,0,0,0,0,0,5701632,0,5701632,9,2758800324180066025
layer,2,0,1,32,decode,32,8,5,3,1493,1121,229,345,5,0,5,1875,8,23,0,0,0,0,0,0,60,lru,0,0,0,0,0,0,8,5,8,0,3,0,2,0,0,0,0,0,0,0,0,5701632,0,5701632,9,10933380203296653954
layer,2,0,1,32,decode,33,8,4,4,2088,1493,252,584,5,0,5,2504,7,13,0,0,0,0,0,0,60,lru,0,0,0,0,0,0,8,4,8,0,4,0,0,0,0,0,0,0,0,0,0,7602176,0,7602176,12,1003437240236553761
layer,2,0,1,32,decode,34,8,3,5,2750,1918,274,890,4,0,4,3392,7,33,0,0,0,0,0,0,60,lru,0,0,0,0,0,0,8,3,8,0,5,0,1,0,0,0,0,0,0,0,0,10199040,0,10199040,15,2709553403849513418
layer,2,0,1,32,decode,35,8,6,2,997,732,228,182,3,0,3,1270,8,11,0,0,0,0,0,0,60,lru,0,0,0,0,0,0,8,6,8,0,2,0,2,0,0,0,0,0,0,0,0,3801088,0,3801088,6,7059168673910435640
layer,2,0,1,32,decode,36,8,6,2,1023,751,227,208,3,0,3,1297,7,27,0,0,0,0,0,0,60,lru,0,0,0,0,0,0,8,6,8,0,2,0,0,0,0,0,0,0,0,0,0,3801088,0,3801088,6,14187711229386752772
layer,2,0,1,32,decode,37,8,6,2,1048,698,261,149,3,0,3,1361,7,2,0,0,0,0,0,0,60,lru,0,0,0,0,0,0,8,6,8,0,2,0,0,0,0,0,0,0,0,0,0,3801088,0,3801088,6,6487087870463915564
layer,2,0,1,32,decode,38,8,6,2,1049,767,188,371,0,0,0,1344,7,26,0,0,0,0,0,0,55,lru,0,0,0,0,0,0,8,6,8,2,0,0,1,0,0,0,0,0,0,0,0,4079616,0,4079616,6,8118408325413582273
layer,2,0,1,32,decode,39,8,8,0,0,0,739,0,0,0,0,20,8,2,0,0,0,0,0,0,50,lru,0,0,0,0,0,0,8,8,8,0,0,0,1,0,0,0,0,0,0,0,0,0,0,0,0,5937482566896782341
request,2,0,1,0,decode,-1,0,0,0,0,0,0,0,0,0,0,0,0,0,0,0,0,0,0,0,0,,101997,742,0,0,21,0,0,0,0,0,0,0,0,0,0,0,0,0,0,0,0,0,0,0,0,0
layer,3,0,2,33,decode,0,8,1,7,3481,2631,510,1044,3,1,2,4293,14,10,0,0,0,0,0,0,60,lru,0,0,0,0,0,0,8,1,8,0,7,0,3,0,0,0,0,0,0,0,0,13303808,0,13303808,21,2785503293487261758
layer,3,0,2,33,decode,1,8,3,5,2468,1864,438,560,22,0,22,3059,10,14,0,0,0,0,0,0,60,lru,0,0,0,0,0,0,8,3,8,0,5,0,2,0,0,0,0,0,0,0,0,9502720,0,9502720,15,3375195400222245979
layer,3,0,2,33,decode,2,8,4,4,1991,1496,397,424,23,1,22,2435,9,26,0,0,0,0,0,0,60,lru,0,0,0,0,0,0,8,4,8,0,4,0,2,0,0,0,0,0,0,0,0,7602176,0,7602176,12,18103912621273180059
layer,3,0,2,33,decode,3,8,6,2,1022,767,437,249,13,0,13,1300,9,30,0,0,0,0,0,0,60,lru,0,0,0,0,0,0,8,6,8,0,2,0,2,0,0,0,0,0,0,0,0,3801088,0,3801088,6,7367901577440068547
layer,3,0,2,33,decode,4,8,8,0,0,0,431,0,0,0,0,23,8,3,0,0,0,0,0,0,60,lru,0,0,0,0,0,0,8,8,8,0,0,0,0,0,0,0,0,0,0,0,0,0,0,0,0,2158976596407597273
layer,3,0,2,33,decode,5,8,6,2,957,740,616,456,4,0,4,1276,8,19,0,0,0,0,0,0,60,lru,0,0,0,0,0,0,8,6,8,0,2,0,1,0,0,0,0,0,0,0,0,3801088,0,3801088,6,13884747292029365116
layer,3,0,2,33,decode,6,8,7,1,485,391,405,53,3,0,3,687,11,30,0,0,0,0,0,0,60,lru,0,0,0,0,0,0,8,7,8,0,1,0,3,0,0,0,0,0,0,0,0,1900544,0,1900544,3,16757575238315904977
layer,3,0,2,33,decode,7,8,8,0,0,0,445,0,0,0,0,21,9,2,0,0,0,0,0,0,60,lru,0,0,0,0,0,0,8,8,8,0,0,0,0,0,0,0,0,0,0,0,0,0,0,0,0,15010692760163514689
layer,3,0,2,33,decode,8,8,7,1,474,376,397,103,1,0,1,624,8,18,0,0,0,0,0,0,60,lru,0,0,0,0,0,0,8,7,8,0,1,0,0,0,0,0,0,0,0,0,0,1900544,0,1900544,3,2153304776075656751
layer,3,0,2,33,decode,9,8,6,2,976,759,465,340,3,0,3,1288,8,34,0,0,0,0,0,0,60,lru,0,0,0,0,0,0,8,6,8,0,2,0,3,0,0,0,0,0,0,0,0,3801088,0,3801088,6,4979665469316086663
layer,3,0,2,33,decode,10,8,7,1,502,382,342,108,2,0,2,686,8,45,0,0,0,0,0,0,60,lru,0,0,0,0,0,0,8,7,8,0,1,0,2,0,0,0,0,0,0,0,0,1900544,0,1900544,3,11320887690356426290
layer,3,0,2,33,decode,11,8,8,0,0,0,593,0,0,0,0,22,8,2,0,0,0,0,0,0,60,lru,0,0,0,0,0,0,8,8,8,0,0,0,2,0,0,0,0,0,0,0,0,0,0,0,0,13839254501280357136
layer,3,0,2,33,decode,12,8,5,3,1481,1172,454,310,2,0,2,1800,9,41,0,0,0,0,0,0,60,lru,0,0,0,0,0,0,8,5,8,0,3,0,2,0,0,0,0,0,0,0,0,5701632,0,5701632,9,12049929090314465293
layer,3,0,2,33,decode,13,8,6,2,964,739,777,289,3,0,3,1227,8,3,0,0,0,0,0,0,60,lru,0,0,0,0,0,0,8,6,8,0,2,0,2,0,0,0,0,0,0,0,0,3801088,0,3801088,6,17394680740321832608
layer,3,0,2,33,decode,14,8,7,1,461,367,426,215,2,0,2,731,11,4,0,0,0,0,0,0,60,lru,0,0,0,0,0,0,8,7,8,0,1,0,2,0,0,0,0,0,0,0,0,1900544,0,1900544,3,6868289778754654334
layer,3,0,2,33,decode,15,8,6,2,982,747,449,367,3,0,3,1240,9,3,0,0,0,0,0,0,60,lru,0,0,0,0,0,0,8,6,8,0,2,0,0,0,0,0,0,0,0,0,0,3801088,0,3801088,6,10160623627011491704
layer,3,0,2,33,decode,16,8,6,2,943,750,428,297,2,0,2,1238,8,20,0,0,0,0,0,0,60,lru,0,0,0,0,0,0,8,6,8,0,2,0,0,0,0,0,0,0,0,0,0,3801088,0,3801088,6,4199454720021571240
layer,3,0,2,33,decode,17,8,6,2,970,779,414,367,2,0,2,1253,8,25,0,0,0,0,0,0,60,lru,0,0,0,0,0,0,8,6,8,0,2,0,0,0,0,0,0,0,0,0,0,3801088,0,3801088,6,8924927481940897378
layer,3,0,2,33,decode,18,8,6,2,998,749,395,417,3,0,3,1313,9,3,0,0,0,0,0,0,60,lru,0,0,0,0,0,0,8,6,8,0,2,0,0,0,0,0,0,0,0,0,0,3801088,0,3801088,6,16550925513613287857
layer,3,0,2,33,decode,19,8,7,1,476,385,499,116,2,0,2,636,8,31,0,0,0,0,0,0,60,lru,0,0,0,0,0,0,8,7,8,0,1,0,2,0,0,0,0,0,0,0,0,1900544,0,1900544,3,16646701374002503890
layer,3,0,2,33,decode,20,8,6,2,990,757,402,268,3,0,3,1270,9,35,0,0,0,0,0,0,60,lru,0,0,0,0,0,0,8,6,8,0,2,0,2,0,0,0,0,0,0,0,0,3801088,0,3801088,6,14850526629244931793
layer,3,0,2,33,decode,21,8,5,3,1444,1111,425,354,3,0,3,1889,8,25,0,0,0,0,0,0,60,lru,0,0,0,0,0,0,8,5,8,0,3,0,2,0,0,0,0,0,0,0,0,5701632,0,5701632,9,10248236363669162093
layer,3,0,2,33,decode,22,8,5,3,1566,1159,392,274,3,0,3,1868,8,21,0,0,0,0,0,0,60,lru,0,0,0,0,0,0,8,5,8,0,3,0,0,0,0,0,0,0,0,0,0,5701632,0,5701632,9,13692184844925097649
layer,3,0,2,33,decode,23,8,6,2,965,753,414,341,4,0,4,1244,8,3,0,0,0,0,0,0,60,lru,0,0,0,0,0,0,8,6,8,0,2,0,2,0,0,0,0,0,0,0,0,3801088,0,3801088,6,14245859588760738466
layer,3,0,2,33,decode,24,8,4,4,1959,1505,432,595,4,0,4,2434,8,2,0,0,0,0,0,0,60,lru,0,0,0,0,0,0,8,4,8,0,4,0,0,0,0,0,0,0,0,0,0,7602176,0,7602176,12,5734382170184703748
layer,3,0,2,33,decode,25,8,5,3,1477,1137,498,348,3,0,3,1904,8,30,0,0,0,0,0,0,60,lru,0,0,0,0,0,0,8,5,8,0,3,0,0,0,0,0,0,0,0,0,0,5701632,0,5701632,9,15946419117288655875
layer,3,0,2,33,decode,26,8,4,4,2083,1466,369,588,3,0,3,2502,9,19,0,0,0,0,0,0,60,lru,0,0,0,0,0,0,8,4,8,0,4,0,3,0,0,0,0,0,0,0,0,7602176,0,7602176,12,8120228149914582381
layer,3,0,2,33,decode,27,8,6,2,985,750,408,330,3,0,3,1251,9,21,0,0,0,0,0,0,60,lru,0,0,0,0,0,0,8,6,8,0,2,0,0,0,0,0,0,0,0,0,0,3801088,0,3801088,6,12615904337579107521
layer,3,0,2,33,decode,28,8,5,3,1458,1144,390,410,3,0,3,1854,8,21,0,0,0,0,0,0,60,lru,0,0,0,0,0,0,8,5,8,0,3,0,0,0,0,0,0,0,0,0,0,5701632,0,5701632,9,10471790732719609188
layer,3,0,2,33,decode,29,8,5,3,1511,1150,415,377,3,0,3,1825,8,25,0,0,0,0,0,0,60,lru,0,0,0,0,0,0,8,5,8,0,3,0,0,0,0,0,0,0,0,0,0,5701632,0,5701632,9,942484947048536379
layer,3,0,2,33,decode,30,8,4,4,1928,1513,670,439,3,0,3,2440,8,24,0,0,0,0,0,0,60,lru,0,0,0,0,0,0,8,4,8,0,4,0,0,0,0,0,0,0,0,0,0,7602176,0,7602176,12,5258236947015913830
layer,3,0,2,33,decode,31,8,6,2,986,765,420,268,4,0,4,1247,11,27,0,0,0,0,0,0,60,lru,0,0,0,0,0,0,8,6,8,0,2,0,3,0,0,0,0,0,0,0,0,3801088,0,3801088,6,8093191824070457342
layer,3,0,2,33,decode,32,8,7,1,500,387,482,115,2,0,2,674,8,18,0,0,0,0,0,0,60,lru,0,0,0,0,0,0,8,7,8,0,1,0,2,0,0,0,0,0,0,0,0,1900544,0,1900544,3,4860877831076340767
layer,3,0,2,33,decode,33,8,7,1,509,381,432,90,2,0,2,686,9,30,0,0,0,0,0,0,60,lru,0,0,0,0,0,0,8,7,8,0,1,0,0,0,0,0,0,0,0,0,0,1900544,0,1900544,3,647089568795967136
layer,3,0,2,33,decode,34,8,6,2,1055,786,370,208,3,0,3,1283,8,31,0,0,0,0,0,0,60,lru,0,0,0,0,0,0,8,6,8,0,2,0,0,0,0,0,0,0,0,0,0,4079616,0,4079616,6,13111609085182284830
layer,3,0,2,33,decode,35,8,7,1,499,394,420,137,2,0,2,675,8,29,0,0,0,0,0,0,60,lru,0,0,0,0,0,0,8,7,8,0,1,0,1,0,0,0,0,0,0,0,0,1900544,0,1900544,3,12931760222849788862
layer,3,0,2,33,decode,36,8,8,0,0,0,419,0,0,0,0,20,8,2,0,0,0,0,0,0,60,lru,0,0,0,0,0,0,8,8,8,0,0,0,1,0,0,0,0,0,0,0,0,0,0,0,0,602638772538234125
layer,3,0,2,33,decode,37,8,8,0,0,0,446,0,0,0,0,23,8,2,0,0,0,0,0,0,60,lru,0,0,0,0,0,0,8,8,8,0,0,0,4,0,0,0,0,0,0,0,0,0,0,0,0,6225673014956354479
layer,3,0,2,33,decode,38,8,8,0,0,0,473,0,0,0,0,20,8,2,0,0,0,0,0,0,55,lru,0,0,0,0,0,0,8,8,8,0,0,0,0,0,0,0,0,0,0,0,0,0,0,0,0,8525822454114671247
layer,3,0,2,33,decode,39,8,8,0,0,0,823,0,0,0,0,20,9,2,0,0,0,0,0,0,50,lru,0,0,0,0,0,0,8,8,8,0,0,0,1,0,0,0,0,0,0,0,0,0,0,0,0,2338896266516394575
request,3,0,2,0,decode,-1,0,0,0,0,0,0,0,0,0,0,0,0,0,0,0,0,0,0,0,0,,70735,529,0,0,12,0,0,0,0,0,0,0,0,0,0,0,0,0,0,0,0,0,0,0,0,0
layer,4,0,3,34,decode,0,8,7,1,483,377,181,193,3,0,3,698,11,4,0,0,0,0,0,0,60,lru,0,0,0,0,0,0,8,7,8,0,1,0,1,0,0,0,0,0,0,0,0,1900544,0,1900544,3,7889592169940999329
layer,4,0,3,34,decode,1,8,6,2,963,768,157,201,3,0,3,1209,8,25,0,0,0,0,0,0,60,lru,0,0,0,0,0,0,8,6,8,0,2,0,1,0,0,0,0,0,0,0,0,3801088,0,3801088,6,9208133391822980145
layer,4,0,3,34,decode,2,8,7,1,518,374,141,201,3,0,3,693,7,30,0,0,0,0,0,0,60,lru,0,0,0,0,0,0,8,7,8,0,1,0,0,0,0,0,0,0,0,0,0,1900544,0,1900544,3,10969992024415991476
layer,4,0,3,34,decode,3,8,6,2,987,736,158,258,3,0,3,1211,8,18,0,0,0,0,0,0,60,lru,0,0,0,0,0,0,8,6,8,0,2,0,0,0,0,0,0,0,0,0,0,3801088,0,3801088,6,10673902355128930477
layer,4,0,3,34,decode,4,8,7,1,484,386,154,92,9,0,9,651,6,16,0,0,0,0,0,0,60,lru,0,0,0,0,0,0,8,7,8,0,1,0,0,0,0,0,0,0,0,0,0,1900544,0,1900544,3,5596391093874001595
layer,4,0,3,34,decode,5,8,7,1,484,379,157,150,2,0,2,658,7,21,0,0,0,0,0,0,60,lru,0,0,0,0,0,0,8,7,8,0,1,0,0,0,0,0,0,0,0,0,0,1900544,0,1900544,3,13310533618625404657
layer,4,0,3,34,decode,6,8,4,4,1965,1507,141,512,3,0,3,2378,7,31,0,0,0,0,0,0,60,lru,0,0,0,0,0,0,8,4,8,0,4,0,0,0,0,0,0,0,0,0,0,7602176,0,7602176,12,17567061213658008742
layer,4,0,3,34,decode,7,8,8,0,0,0,185,0,0,0,0,20,7,2,0,0,0,0,0,0,60,lru,0,0,0,0,0,0,8,8,8,0,0,0,1,0,0,0,0,0,0,0,0,0,0,0,0,18049098312801099700
layer,4,0,3,34,decode,8,8,8,0,0,0,178,0,0,0,0,16,6,1,0,0,0,0,0,0,60,lru,0,0,0,0,0,0,8,8,8,0,0,0,0,0,0,0,0,0,0,0,0,0,0,0,0,15987215634553378093
layer,4,0,3,34,decode,9,8,8,0,0,0,182,0,0,0,0,14,6,2,0,0,0,0,0,0,60,lru,0,0,0,0,0,0,8,8,8,0,0,0,0,0,0,0,0,0,0,0,0,0,0,0,0,8918516036815775575
layer,4,0,3,34,decode,10,8,7,1,490,398,141,136,2,0,2,641,7,19,0,0,0,0,0,0,60,lru,0,0,0,0,0,0,8,7,8,0,1,0,0,0,0,0,0,0,0,0,0,1900544,0,1900544,3,10962564628912302860
layer,4,0,3,34,decode,11,8,4,4,1935,1539,158,571,3,0,3,2327,8,11,0,0,0,0,0,0,60,lru,0,0,0,0,0,0,8,4,8,0,4,0,0,0,0,0,0,0,0,0,0,7602176,0,7602176,12,9198957029566766551
layer,4,0,3,34,decode,12,8,6,2,946,760,153,253,3,0,3,1217,7,21,0,0,0,0,0,0,60,lru,0,0,0,0,0,0,8,6,8,0,2,0,0,0,0,0,0,0,0,0,0,3801088,0,3801088,6,10708901026295134314
layer,4,0,3,34,decode,13,8,5,3,1478,1154,155,230,3,0,3,1811,7,23,0,0,0,0,0,0,60,lru,0,0,0,0,0,0,8,5,8,0,3,0,1,0,0,0,0,0,0,0,0,5701632,0,5701632,9,996589886269182372
layer,4,0,3,34,decode,14,8,6,2,990,764,140,289,2,0,2,1252,7,27,0,0,0,0,0,0,60,lru,0,0,0,0,0,0,8,6,8,0,2,0,0,0,0,0,0,0,0,0,0,3801088,0,3801088,6,13223339466625513585
layer,4,0,3,34,decode,15,8,5,3,1486,1135,184,511,2,0,2,1848,7,2,0,0,0,0,0,0,60,lru,0,0,0,0,0,0,8,5,8,0,3,0,0,0,0,0,0,0,0,0,0,5701632,0,5701632,9,1010744980792003933
layer,4,0,3,34,decode,16,8,7,1,465,380,165,180,2,0,2,672,7,29,0,0,0,0,0,0,60,lru,0,0,0,0,0,0,8,7,8,0,1,0,0,0,0,0,0,0,0,0,0,1900544,0,1900544,3,10210987686515975591
layer,4,0,3,34,decode,17,8,5,3,1475,1147,180,401,2,0,2,1816,7,2,0,0,0,0,0,0,60,lru,0,0,0,0,0,0,8,5,8,0,3,0,0,0,0,0,0,0,0,0,0,5701632,0,5701632,9,16674009908689819405
layer,4,0,3,34,decode,18,8,4,4,2003,1516,146,630,2,0,2,2520,7,18,0,0,0,0,0,0,60,lru,0,0,0,0,0,0,8,4,8,0,4,0,0,0,0,0,0,0,0,0,0,7602176,0,7602176,12,6329816832982953123
layer,4,0,3,34,decode,19,8,6,2,981,760,162,270,2,0,2,1286,7,16,0,0,0,0,0,0,60,lru,0,0,0,0,0,0,8,6,8,0,2,0,0,0,0,0,0,0,0,0,0,3801088,0,3801088,6,57297572491035132
layer,4,0,3,34,decode,20,8,7,1,475,385,154,77,2,0,2,627,7,30,0,0,0,0,0,0,60,lru,0,0,0,0,0,0,8,7,8,0,1,0,0,0,0,0,0,0,0,0,0,1900544,0,1900544,3,10028313765056859014
layer,4,0,3,34,decode,21,8,6,2,1003,776,155,145,2,0,2,1222,7,17,0,0,0,0,0,0,60,lru,0,0,0,0,0,0,8,6,8,0,2,0,0,0,0,0,0,0,0,0,0,3801088,0,3801088,6,9391142743700692777
layer,4,0,3,34,decode,22,8,7,1,492,392,141,135,2,0,2,682,7,26,0,0,0,0,0,0,60,lru,0,0,0,0,0,0,8,7,8,0,1,0,0,0,0,0,0,0,0,0,0,1900544,0,1900544,3,18332495637005789078
layer,4,0,3,34,decode,23,8,5,3,1479,1134,173,571,3,0,3,1853,7,9,0,0,0,0,0,0,60,lru,0,0,0,0,0,0,8,5,8,0,3,0,0,0,0,0,0,0,0,0,0,5701632,0,5701632,9,9844825150349456436
layer,4,0,3,34,decode,24,8,4,4,1928,1474,177,556,2,0,2,2502,7,17,0,0,0,0,0,0,60,lru,0,0,0,0,0,0,8,4,8,0,4,0,0,0,0,0,0,0,0,0,0,7602176,0,7602176,12,1226286819549352733
layer,4,0,3,34,decode,25,8,5,3,1524,1152,155,371,2,0,2,1857,7,30,0,0,0,0,0,0,60,lru,0,0,0,0,0,0,8,5,8,0,3,0,0,0,0,0,0,0,0,0,0,5701632,0,5701632,9,11532709156766004400
layer,4,0,3,34,decode,26,8,3,5,2632,1851,159,759,2,0,2,3185,7,2,0,0,0,0,0,0,60,lru,0,0,0,0,0,0,8,3,8,0,5,0,0,0,0,0,0,0,0,0,0,9502720,0,9502720,15,12899241002037284483
layer,4,0,3,34,decode,27,8,3,5,2484,1883,155,693,2,0,2,2972,7,16,0,0,0,0,0,0,60,lru,0,0,0,0,0,0,8,3,8,0,5,0,0,0,0,0,0,0,0,0,0,9502720,0,9502720,15,14463677353589776036
layer,4,0,3,34,decode,28,8,7,1,477,397,153,122,2,0,2,639,7,20,0,0,0,0,0,0,60,lru,0,0,0,0,0,0,8,7,8,0,1,0,0,0,0,0,0,0,0,0,0,1900544,0,1900544,3,7648691163289555606
layer,4,0,3,34,decode,29,8,6,2,987,735,156,404,3,0,3,1297,7,30,0,0,0,0,0,0,60,lru,0,0,0,0,0,0,8,6,8,0,2,0,0,0,0,0,0,0,0,0,0,3801088,0,3801088,6,12703863012355979896
layer,4,0,3,34,decode,30,8,7,1,495,394,141,87,2,0,2,681,7,33,0,0,0,0,0,0,60,lru,0,0,0,0,0,0,8,7,8,0,1,0,0,0,0,0,0,0,0,0,0,1900544,0,1900544,3,1059459920038993728
layer,4,0,3,34,decode,31,8,7,1,493,375,186,160,2,0,2,687,7,8,0,0,0,0,0,0,60,lru,0,0,0,0,0,0,8,7,8,0,1,0,0,0,0,0,0,0,0,0,0,1900544,0,1900544,3,13820930361055015886
layer,4,0,3,34,decode,32,8,5,3,1487,1122,152,532,3,0,3,1873,7,16,0,0,0,0,0,0,60,lru,0,0,0,0,0,0,8,5,8,0,3,0,0,0,0,0,0,0,0,0,0,5701632,0,5701632,9,9423133405352933488
layer,4,0,3,34,decode,33,8,7,1,489,354,157,95,2,0,2,723,7,28,0,0,0,0,0,0,60,lru,0,0,0,0,0,0,8,7,8,0,1,0,0,0,0,0,0,0,0,0,0,1900544,0,1900544,3,278263646044898017
layer,4,0,3,34,decode,34,8,4,4,2164,1531,160,726,3,0,3,2635,7,2,0,0,0,0,0,0,60,lru,0,0,0,0,0,0,8,4,8,0,4,0,0,0,0,0,0,0,0,0,0,8159232,0,8159232,12,4274654130876371350
layer,4,0,3,34,decode,35,8,4,4,2076,1496,158,601,1,0,1,2499,7,23,0,0,0,0,0,0,60,lru,0,0,0,0,0,0,8,4,8,0,4,0,1,0,0,0,0,0,0,0,0,7602176,0,7602176,12,16490843105279244101
layer,4,0,3,34,decode,36,8,3,5,2524,1790,151,797,2,0,2,3307,7,32,0,0,0,0,0,0,60,lru,0,0,0,0,0,0,8,3,8,0,5,0,0,0,0,0,0,0,0,0,0,9502720,0,9502720,15,1443467722982032634
layer,4,0,3,34,decode,37,8,5,3,1586,1066,173,458,3,0,3,2007,7,18,0,0,0,0,0,0,60,lru,0,0,0,0,0,0,8,5,8,0,3,0,1,0,0,0,0,0,0,0,0,5701632,0,5701632,9,14394620341297164752
layer,4,0,3,34,decode,38,8,5,3,1625,1188,159,367,0,0,0,1993,7,2,0,0,0,0,0,0,58,lru,0,0,0,0,0,0,8,5,8,3,0,0,0,0,0,0,0,0,0,0,0,6119424,0,6119424,9,2119569292962401353
layer,4,0,3,34,decode,39,8,5,3,1687,1180,686,493,0,0,0,2049,7,2,0,0,0,0,0,0,53,lru,0,0,0,0,0,0,8,5,8,3,0,0,0,0,0,0,0,0,0,0,0,6119424,0,6119424,9,9512646554017890060
request,4,0,3,0,decode,-1,0,0,0,0,0,0,0,0,0,0,0,0,0,0,0,0,0,0,0,0,,67016,593,0,0,21,0,0,0,0,0,0,0,0,0,0,0,0,0,0,0,0,0,0,0,0,0
layer,5,0,4,35,decode,0,8,8,0,0,0,174,0,0,0,0,21,10,2,0,0,0,0,0,0,60,lru,0,0,0,0,0,0,8,8,8,0,0,0,1,0,0,0,0,0,0,0,0,0,0,0,0,12781288647783915005
layer,5,0,4,35,decode,1,8,6,2,998,762,156,287,3,0,3,1241,7,22,0,0,0,0,0,0,60,lru,0,0,0,0,0,0,8,6,8,0,2,0,0,0,0,0,0,0,0,0,0,3801088,0,3801088,6,8317860663350346962
layer,5,0,4,35,decode,2,8,5,3,1486,1143,140,361,2,0,2,1811,7,24,0,0,0,0,0,0,60,lru,0,0,0,0,0,0,8,5,8,0,3,0,0,0,0,0,0,0,0,0,0,5701632,0,5701632,9,16779487811994589405
layer,5,0,4,35,decode,3,8,7,1,465,378,160,135,2,0,2,635,7,22,0,0,0,0,0,0,60,lru,0,0,0,0,0,0,8,7,8,0,1,0,0,0,0,0,0,0,0,0,0,1900544,0,1900544,3,14568778475149186308
layer,5,0,4,35,decode,4,8,8,0,0,0,174,0,0,0,0,18,7,2,0,0,0,0,0,0,60,lru,0,0,0,0,0,0,8,8,8,0,0,0,0,0,0,0,0,0,0,0,0,0,0,0,0,9617824744872172324
layer,5,0,4,35,decode,5,8,8,0,0,0,179,0,0,0,0,15,7,2,0,0,0,0,0,0,60,lru,0,0,0,0,0,0,8,8,8,0,0,0,0,0,0,0,0,0,0,0,0,0,0,0,0,12149334842742129216
layer,5,0,4,35,decode,6,8,7,1,483,382,141,157,2,0,2,660,7,24,0,0,0,0,0,0,60,lru,0,0,0,0,0,0,8,7,8,0,1,0,0,0,0,0,0,0,0,0,0,1900544,0,1900544,3,12847335620421816698
layer,5,0,4,35,decode,7,8,8,0,0,0,181,0,0,0,0,17,7,1,0,0,0,0,0,0,60,lru,0,0,0,0,0,0,8,8,8,0,0,0,0,0,0,0,0,0,0,0,0,0,0,0,0,613304031270098264
layer,5,0,4,35,decode,8,8,8,0,0,0,174,0,0,0,0,15,7,2,0,0,0,0,0,0,60,lru,0,0,0,0,0,0,8,8,8,0,0,0,0,0,0,0,0,0,0,0,0,0,0,0,0,2427013135346546585
layer,5,0,4,35,decode,9,8,7,1,474,364,180,133,1,0,1,673,7,3,0,0,0,0,0,0,60,lru,0,0,0,0,0,0,8,7,8,0,1,0,0,0,0,0,0,0,0,0,0,1900544,0,1900544,3,17962535425272705854
layer,5,0,4,35,decode,10,8,8,0,0,0,158,0,0,0,0,16,7,1,0,0,0,0,0,0,60,lru,0,0,0,0,0,0,8,8,8,0,0,0,0,0,0,0,0,0,0,0,0,0,0,0,0,15008799480263713636
layer,5,0,4,35,decode,11,8,8,0,0,0,181,0,0,0,0,17,8,1,0,0,0,0,0,0,60,lru,0,0,0,0,0,0,8,8,8,0,0,0,0,0,0,0,0,0,0,0,0,0,0,0,0,1491830572284805844
layer,5,0,4,35,decode,12,8,8,0,0,0,173,0,0,0,0,14,6,1,0,0,0,0,0,0,60,lru,0,0,0,0,0,0,8,8,8,0,0,0,0,0,0,0,0,0,0,0,0,0,0,0,0,16154400465508962339
layer,5,0,4,35,decode,13,8,7,1,475,383,158,178,1,0,1,672,6,16,0,0,0,0,0,0,60,lru,0,0,0,0,0,0,8,7,8,0,1,0,0,0,0,0,0,0,0,0,0,1900544,0,1900544,3,9801622660075566880
layer,5,0,4,35,decode,14,8,7,1,498,381,142,107,1,0,1,684,7,29,0,0,0,0,0,0,60,lru,0,0,0,0,0,0,8,7,8,0,1,0,0,0,0,0,0,0,0,0,0,1900544,0,1900544,3,862499658449156339
layer,5,0,4,35,decode,15,8,8,0,0,0,182,0,0,0,0,17,8,1,0,0,0,0,0,0,60,lru,0,0,0,0,0,0,8,8,8,0,0,0,0,0,0,0,0,0,0,0,0,0,0,0,0,15918524237764163766
layer,5,0,4,35,decode,16,8,8,0,0,0,174,0,0,0,0,14,6,1,0,0,0,0,0,0,60,lru,0,0,0,0,0,0,8,8,8,0,0,0,0,0,0,0,0,0,0,0,0,0,0,0,0,3443053031062483752
layer,5,0,4,35,decode,17,8,8,0,0,0,179,0,0,0,0,14,6,2,0,0,0,0,0,0,60,lru,0,0,0,0,0,0,8,8,8,0,0,0,0,0,0,0,0,0,0,0,0,0,0,0,0,1963189027669833117
layer,5,0,4,35,decode,18,8,7,1,493,364,141,92,2,0,2,642,7,26,0,0,0,0,0,0,60,lru,0,0,0,0,0,0,8,7,8,0,1,0,0,0,0,0,0,0,0,0,0,1900544,0,1900544,3,13539368024454090049
layer,5,0,4,35,decode,19,8,7,1,495,377,172,91,2,0,2,681,9,33,0,0,0,0,0,0,60,lru,0,0,0,0,0,0,8,7,8,0,1,0,0,0,0,0,0,0,0,0,0,1900544,0,1900544,3,18377445841330268770
layer,5,0,4,35,decode,20,8,7,1,475,394,175,136,1,0,1,674,7,7,0,0,0,0,0,0,60,lru,0,0,0,0,0,0,8,7,8,0,1,0,0,0,0,0,0,0,0,0,0,1900544,0,1900544,3,8750991380551240934
layer,5,0,4,35,decode,21,8,8,0,0,0,178,0,0,0,0,16,7,2,0,0,0,0,0,0,60,lru,0,0,0,0,0,0,8,8,8,0,0,0,0,0,0,0,0,0,0,0,0,0,0,0,0,10676697404707011804
layer,5,0,4,35,decode,22,8,7,1,498,392,142,112,2,0,2,665,7,33,0,0,0,0,0,0,60,lru,0,0,0,0,0,0,8,7,8,0,1,0,0,0,0,0,0,0,0,0,0,1900544,0,1900544,3,3397289657445121593
layer,5,0,4,35,decode,23,8,6,2,949,726,178,149,3,0,3,1266,7,2,0,0,0,0,0,0,60,lru,0,0,0,0,0,0,8,6,8,0,2,0,0,0,0,0,0,0,0,0,0,3801088,0,3801088,6,8367718410063370434
layer,5,0,4,35,decode,24,8,6,2,988,771,152,308,2,0,2,1246,7,22,0,0,0,0,0,0,60,lru,0,0,0,0,0,0,8,6,8,0,2,0,0,0,0,0,0,0,0,0,0,3801088,0,3801088,6,7897978686916386435
layer,5,0,4,35,decode,25,8,6,2,967,728,164,376,2,0,2,1319,7,29,0,0,0,0,0,0,60,lru,0,0,0,0,0,0,8,6,8,0,2,0,0,0,0,0,0,0,0,0,0,3801088,0,3801088,6,11052159513937659936
layer,5,0,4,35,decode,26,8,7,1,513,388,140,198,2,0,2,711,7,27,0,0,0,0,0,0,60,lru,0,0,0,0,0,0,8,7,8,0,1,0,0,0,0,0,0,0,0,0,0,1900544,0,1900544,3,8993062402617817885
layer,5,0,4,35,decode,27,8,6,2,986,753,180,220,2,0,2,1255,7,2,0,0,0,0,0,0,60,lru,0,0,0,0,0,0,8,6,8,0,2,0,0,0,0,0,0,0,0,0,0,3801088,0,3801088,6,14003383164313085340
layer,5,0,4,35,decode,28,8,6,2,960,769,154,294,2,0,2,1239,7,19,0,0,0,0,0,0,60,lru,0,0,0,0,0,0,8,6,8,0,2,0,0,0,0,0,0,0,0,0,0,3801088,0,3801088,6,7044372274328155687
layer,5,0,4,35,decode,29,8,7,1,513,400,156,94,2,0,2,649,7,22,0,0,0,0,0,0,60,lru,0,0,0,0,0,0,8,7,8,0,1,0,0,0,0,0,0,0,0,0,0,1900544,0,1900544,3,12034916217374635736
layer,5,0,4,35,decode,30,8,7,1,493,389,142,250,2,0,2,683,7,24,0,0,0,0,0,0,60,lru,0,0,0,0,0,0,8,7,8,0,1,0,0,0,0,0,0,0,0,0,0,1900544,0,1900544,3,10764710199232549601
layer,5,0,4,35,decode,31,8,7,1,480,370,185,249,1,0,1,690,8,2,0,0,0,0,0,0,60,lru,0,0,0,0,0,0,8,7,8,0,1,0,0,0,0,0,0,0,0,0,0,1900544,0,1900544,3,15114410464010901591
layer,5,0,4,35,decode,32,8,6,2,980,766,152,200,3,0,3,1211,7,24,0,0,0,0,0,0,60,lru,0,0,0,0,0,0,8,6,8,0,2,0,0,0,0,0,0,0,0,0,0,3801088,0,3801088,6,18047714906164060465
layer,5,0,4,35,decode,33,8,7,1,510,379,183,238,2,0,2,726,7,3,0,0,0,0,0,0,60,lru,0,0,0,0,0,0,8,7,8,0,1,0,0,0,0,0,0,0,0,0,0,1900544,0,1900544,3,18278678100917746274
layer,5,0,4,35,decode,34,8,6,2,1040,781,151,294,3,0,3,1323,7,19,0,0,0,0,0,0,60,lru,0,0,0,0,0,0,8,6,8,0,2,0,0,0,0,0,0,0,0,0,0,4079616,0,4079616,6,14055986908165348703
layer,5,0,4,35,decode,35,8,8,0,0,0,185,0,0,0,0,17,7,2,0,0,0,0,0,0,60,lru,0,0,0,0,0,0,8,8,8,0,0,0,0,0,0,0,0,0,0,0,0,0,0,0,0,2873055515491859303
layer,5,0,4,35,decode,36,8,5,3,1562,1115,151,540,3,0,3,1933,7,32,0,0,0,0,0,0,60,lru,0,0,0,0,0,0,8,5,8,0,3,0,0,0,0,0,0,0,0,0,0,5701632,0,5701632,9,12838244831735733835
layer,5,0,4,35,decode,37,8,6,2,1068,731,157,164,2,0,2,1371,7,10,0,0,0,0,0,0,60,lru,0,0,0,0,0,0,8,6,8,0,2,0,0,0,0,0,0,0,0,0,0,3801088,0,3801088,6,3524980595926064766
layer,5,0,4,35,decode,38,8,7,1,536,389,162,80,0,0,0,725,7,8,0,0,0,0,0,0,59,lru,0,0,0,0,0,0,8,7,8,1,0,0,0,0,0,0,0,0,0,0,0,2039808,0,2039808,3,8230177334921803146
layer,5,0,4,35,decode,39,8,7,1,529,386,678,171,0,0,0,739,7,19,0,0,0,0,0,0,54,lru,0,0,0,0,0,0,8,7,8,1,0,0,0,0,0,0,0,0,0,0,0,2039808,0,2039808,3,16018404432895107433
request,5,0,4,0,decode,-1,0,0,0,0,0,0,0,0,0,0,0,0,0,0,0,0,0,0,0,0,,34804,375,0,0,18,0,0,0,0,0,0,0,0,0,0,0,0,0,0,0,0,0,0,0,0,0
layer,6,0,5,36,decode,0,8,6,2,940,715,174,263,2,0,2,1312,10,3,0,0,0,0,0,0,60,lru,0,0,0,0,0,0,8,6,8,0,2,0,1,0,0,0,0,0,0,0,0,3801088,0,3801088,6,13531605331290222669
layer,6,0,5,36,decode,1,8,7,1,488,380,157,76,2,0,2,649,7,20,0,0,0,0,0,0,60,lru,0,0,0,0,0,0,8,7,8,0,1,0,0,0,0,0,0,0,0,0,0,1900544,0,1900544,3,1052120199618313349
layer,6,0,5,36,decode,2,8,7,1,481,376,158,138,2,0,2,683,7,2,0,0,0,0,0,0,60,lru,0,0,0,0,0,0,8,7,8,0,1,0,0,0,0,0,0,0,0,0,0,1900544,0,1900544,3,3626799635914696187
layer,6,0,5,36,decode,3,8,8,0,0,0,181,0,0,0,0,17,7,2,0,0,0,0,0,0,60,lru,0,0,0,0,0,0,8,8,8,0,0,0,0,0,0,0,0,0,0,0,0,0,0,0,0,9905617478887835646
layer,6,0,5,36,decode,4,8,8,0,0,0,172,0,0,0,0,30,20,2,0,0,0,0,0,0,60,lru,0,0,0,0,0,0,8,8,8,0,0,0,0,0,0,0,0,0,0,0,0,0,0,0,0,3275653666748872276
layer,6,0,5,36,decode,5,8,8,0,0,0,175,0,0,0,0,14,6,1,0,0,0,0,0,0,60,lru,0,0,0,0,0,0,8,8,8,0,0,0,0,0,0,0,0,0,0,0,0,0,0,0,0,10495335902245245865
layer,6,0,5,36,decode,6,8,8,0,0,0,155,0,0,0,0,19,6,7,0,0,0,0,0,0,60,lru,0,0,0,0,0,0,8,8,8,0,0,0,0,0,0,0,0,0,0,0,0,0,0,0,0,13725051780458244141
layer,6,0,5,36,decode,7,8,7,1,488,396,160,63,1,0,1,649,7,29,0,0,0,0,0,0,60,lru,0,0,0,0,0,0,8,7,8,0,1,0,0,0,0,0,0,0,0,0,0,1900544,0,1900544,3,4067422893736941877
layer,6,0,5,36,decode,8,8,8,0,0,0,173,0,0,0,0,17,7,1,0,0,0,0,0,0,60,lru,0,0,0,0,0,0,8,8,8,0,0,0,0,0,0,0,0,0,0,0,0,0,0,0,0,11639910922869630208
layer,6,0,5,36,decode,9,8,8,0,0,0,176,0,0,0,0,15,7,1,0,0,0,0,0,0,60,lru,0,0,0,0,0,0,8,8,8,0,0,0,0,0,0,0,0,0,0,0,0,0,0,0,0,15242190025238745533
layer,6,0,5,36,decode,10,8,8,0,0,0,157,0,0,0,0,15,7,2,0,0,0,0,0,0,60,lru,0,0,0,0,0,0,8,8,8,0,0,0,0,0,0,0,0,0,0,0,0,0,0,0,0,6401377334686482442
layer,6,0,5,36,decode,11,8,8,0,0,0,177,0,0,0,0,15,7,1,0,0,0,0,0,0,60,lru,0,0,0,0,0,0,8,8,8,0,0,0,0,0,0,0,0,0,0,0,0,0,0,0,0,17570031995339156452
layer,6,0,5,36,decode,12,8,8,0,0,0,171,0,0,0,0,15,7,1,0,0,0,0,0,0,60,lru,0,0,0,0,0,0,8,8,8,0,0,0,0,0,0,0,0,0,0,0,0,0,0,0,0,6554074935051287692
layer,6,0,5,36,decode,13,8,8,0,0,0,176,0,0,0,0,15,6,1,0,0,0,0,0,0,60,lru,0,0,0,0,0,0,8,8,8,0,0,0,0,0,0,0,0,0,0,0,0,0,0,0,0,14110437196085852021
layer,6,0,5,36,decode,14,8,8,0,0,0,156,0,0,0,0,15,7,2,0,0,0,0,0,0,60,lru,0,0,0,0,0,0,8,8,8,0,0,0,0,0,0,0,0,0,0,0,0,0,0,0,0,6429633344623502973
layer,6,0,5,36,decode,15,8,8,0,0,0,179,0,0,0,0,14,7,1,0,0,0,0,0,0,60,lru,0,0,0,0,0,0,8,8,8,0,0,0,0,0,0,0,0,0,0,0,0,0,0,0,0,17891952184528937094
layer,6,0,5,36,decode,16,8,8,0,0,0,172,0,0,0,0,15,7,2,0,0,0,0,0,0,60,lru,0,0,0,0,0,0,8,8,8,0,0,0,0,0,0,0,0,0,0,0,0,0,0,0,0,11606711075885695197
layer,6,0,5,36,decode,17,8,8,0,0,0,176,0,0,0,0,15,6,1,0,0,0,0,0,0,60,lru,0,0,0,0,0,0,8,8,8,0,0,0,0,0,0,0,0,0,0,0,0,0,0,0,0,8204598491527769509
layer,6,0,5,36,decode,18,8,7,1,495,384,158,136,2,0,2,681,7,8,0,0,0,0,0,0,60,lru,0,0,0,0,0,0,8,7,8,0,1,0,0,0,0,0,0,0,0,0,0,1900544,0,1900544,3,18237720351327976213
layer,6,0,5,36,decode,19,8,8,0,0,0,179,0,0,0,0,17,8,1,0,0,0,0,0,0,60,lru,0,0,0,0,0,0,8,8,8,0,0,0,0,0,0,0,0,0,0,0,0,0,0,0,0,3037938271861316183
layer,6,0,5,36,decode,20,8,7,1,477,358,172,110,2,0,2,653,6,2,0,0,0,0,0,0,60,lru,0,0,0,0,0,0,8,7,8,0,1,0,0,0,0,0,0,0,0,0,0,1900544,0,1900544,3,4874181244726804024
layer,6,0,5,36,decode,21,8,8,0,0,0,176,0,0,0,0,16,7,2,0,0,0,0,0,0,60,lru,0,0,0,0,0,0,8,8,8,0,0,0,0,0,0,0,0,0,0,0,0,0,0,0,0,11165648279129573853
layer,6,0,5,36,decode,22,8,7,1,486,393,142,207,2,0,2,665,7,27,0,0,0,0,0,0,60,lru,0,0,0,0,0,0,8,7,8,0,1,0,0,0,0,0,0,0,0,0,0,1900544,0,1900544,3,566337958391608846
layer,6,0,5,36,decode,23,8,7,1,476,388,172,165,2,0,2,669,8,12,0,0,0,0,0,0,60,lru,0,0,0,0,0,0,8,7,8,0,1,0,0,0,0,0,0,0,0,0,0,1900544,0,1900544,3,16520042379952473222
layer,6,0,5,36,decode,24,8,7,1,490,384,172,192,1,0,1,684,7,2,0,0,0,0,0,0,60,lru,0,0,0,0,0,0,8,7,8,0,1,0,0,0,0,0,0,0,0,0,0,1900544,0,1900544,3,10579889524980749658
layer,6,0,5,36,decode,25,8,7,1,496,382,157,68,1,0,1,646,7,27,0,0,0,0,0,0,60,lru,0,0,0,0,0,0,8,7,8,0,1,0,0,0,0,0,0,0,0,0,0,1900544,0,1900544,3,3967811554908373800
layer,6,0,5,36,decode,26,8,7,1,526,371,157,168,1,0,1,718,7,2,0,0,0,0,0,0,60,lru,0,0,0,0,0,0,8,7,8,0,1,0,0,0,0,0,0,0,0,0,0,1900544,0,1900544,3,15071282611683202587
layer,6,0,5,36,decode,27,8,5,3,1488,1143,158,465,2,0,2,1824,7,23,0,0,0,0,0,0,60,lru,0,0,0,0,0,0,8,5,8,0,3,0,0,0,0,0,0,0,0,0,0,5701632,0,5701632,9,13984714533295591760
layer,6,0,5,36,decode,28,8,7,1,502,384,153,134,1,0,1,671,7,23,0,0,0,0,0,0,60,lru,0,0,0,0,0,0,8,7,8,0,1,0,0,0,0,0,0,0,0,0,0,1900544,0,1900544,3,10409739807552023626
layer,6,0,5,36,decode,29,8,6,2,985,747,177,345,1,0,1,1289,7,2,0,0,0,0,0,0,60,lru,0,0,0,0,0,0,8,6,8,0,2,0,0,0,0,0,0,0,0,0,0,3801088,0,3801088,6,15609480867802090590
layer,6,0,5,36,decode,30,8,5,3,1479,1094,154,363,2,0,2,1875,7,2,0,0,0,0,0,0,60,lru,0,0,0,0,0,0,8,5,8,0,3,0,1,0,0,0,0,0,0,0,0,5701632,0,5701632,9,741546601623053127
layer,6,0,5,36,decode,31,8,7,1,479,387,160,86,17,0,17,656,7,25,0,0,0,0,0,0,60,lru,0,0,0,0,0,0,8,7,8,0,1,0,0,0,0,0,0,0,0,0,0,1900544,0,1900544,3,7290871351594296599
layer,6,0,5,36,decode,32,8,7,1,484,377,152,129,2,0,2,687,7,29,0,0,0,0,0,0,60,lru,0,0,0,0,0,0,8,7,8,0,1,0,0,0,0,0,0,0,0,0,0,1900544,0,1900544,3,8767640466011743803
layer,6,0,5,36,decode,33,8,7,1,491,388,158,68,2,0,2,668,7,21,0,0,0,0,0,0,60,lru,0,0,0,0,0,0,8,7,8,0,1,0,0,0,0,0,0,0,0,0,0,1900544,0,1900544,3,831626798782744455
layer,6,0,5,36,decode,34,8,8,0,0,0,161,0,0,0,0,18,7,1,0,0,0,0,0,0,60,lru,0,0,0,0,0,0,8,8,8,0,0,0,0,0,0,0,0,0,0,0,0,0,0,0,0,1846412943983921013
layer,6,0,5,36,decode,35,8,5,3,1494,1117,158,447,2,0,2,1896,7,29,0,0,0,0,0,0,60,lru,0,0,0,0,0,0,8,5,8,0,3,0,0,0,0,0,0,0,0,0,0,5701632,0,5701632,9,6465213697285674156
layer,6,0,5,36,decode,36,8,7,1,489,382,167,154,1,0,1,688,7,20,0,0,0,0,0,0,60,lru,0,0,0,0,0,0,8,7,8,0,1,0,0,0,0,0,0,0,0,0,0,1900544,0,1900544,3,5166006729301641712
layer,6,0,5,36,decode,37,8,7,1,525,361,181,136,2,0,2,716,7,2,0,0,0,0,0,0,60,lru,0,0,0,0,0,0,8,7,8,0,1,0,0,0,0,0,0,0,0,0,0,1900544,0,1900544,3,8073341580769487745
layer,6,0,5,36,decode,38,8,8,0,0,0,160,0,0,0,0,17,7,2,0,0,0,0,0,0,59,lru,0,0,0,0,0,0,8,8,8,0,0,0,0,0,0,0,0,0,0,0,0,0,0,0,0,18254062937900392797
layer,6,0,5,36,decode,39,8,8,0,0,0,688,0,0,0,0,15,7,2,0,0,0,0,0,0,54,lru,0,0,0,0,0,0,8,8,8,0,0,0,0,0,0,0,0,0,0,0,0,0,0,0,0,6043764532901765638
request,6,0,5,0,decode,-1,0,0,0,0,0,0,0,0,0,0,0,0,0,0,0,0,0,0,0,0,,27390,326,0,0,14,0,0,0,0,0,0,0,0,0,0,0,0,0,0,0,0,0,0,0,0,0
layer,7,0,6,37,decode,0,8,5,3,1517,1135,152,381,2,0,2,1834,10,32,0,0,0,0,0,0,60,lru,0,0,0,0,0,0,8,5,8,0,3,0,1,0,0,0,0,0,0,0,0,5701632,0,5701632,9,10388448033893216759
layer,7,0,6,37,decode,1,8,4,4,1975,1530,155,618,2,0,2,2402,7,18,0,0,0,0,0,0,60,lru,0,0,0,0,0,0,8,4,8,0,4,0,0,0,0,0,0,0,0,0,0,7602176,0,7602176,12,17016065388436191711
layer,7,0,6,37,decode,2,8,8,0,0,0,156,0,0,0,0,19,7,2,0,0,0,0,0,0,60,lru,0,0,0,0,0,0,8,8,8,0,0,0,1,0,0,0,0,0,0,0,0,0,0,0,0,2052930123455569555
layer,7,0,6,37,decode,3,8,7,1,487,344,182,143,2,0,2,700,7,2,0,0,0,0,0,0,60,lru,0,0,0,0,0,0,8,7,8,0,1,0,0,0,0,0,0,0,0,0,0,1900544,0,1900544,3,14687521838759296347
layer,7,0,6,37,decode,4,8,8,0,0,0,172,0,0,0,0,19,8,2,0,0,0,0,0,0,60,lru,0,0,0,0,0,0,8,8,8,0,0,0,0,0,0,0,0,0,0,0,0,0,0,0,0,7686878572285112512
layer,7,0,6,37,decode,5,8,8,0,0,0,176,0,0,0,0,15,7,1,0,0,0,0,0,0,60,lru,0,0,0,0,0,0,8,8,8,0,0,0,0,0,0,0,0,0,0,0,0,0,0,0,0,4698514387513049434
layer,7,0,6,37,decode,6,8,7,1,500,386,141,54,1,0,1,644,7,27,0,0,0,0,0,0,60,lru,0,0,0,0,0,0,8,7,8,0,1,0,0,0,0,0,0,0,0,0,0,1900544,0,1900544,3,1424474690141001175
layer,7,0,6,37,decode,7,8,8,0,0,0,180,0,0,0,0,17,8,1,0,0,0,0,0,0,60,lru,0,0,0,0,0,0,8,8,8,0,0,0,0,0,0,0,0,0,0,0,0,0,0,0,0,3609685372010799791
layer,7,0,6,37,decode,8,8,8,0,0,0,172,0,0,0,0,14,7,1,0,0,0,0,0,0,60,lru,0,0,0,0,0,0,8,8,8,0,0,0,0,0,0,0,0,0,0,0,0,0,0,0,0,5936811520045304555
layer,7,0,6,37,decode,9,8,8,0,0,0,176,0,0,0,0,14,6,2,0,0,0,0,0,0,60,lru,0,0,0,0,0,0,8,8,8,0,0,0,0,0,0,0,0,0,0,0,0,0,0,0,0,4692009030776424642
layer,7,0,6,37,decode,10,8,8,0,0,0,156,0,0,0,0,15,7,1,0,0,0,0,0,0,60,lru,0,0,0,0,0,0,8,8,8,0,0,0,0,0,0,0,0,0,0,0,0,0,0,0,0,4255283846423487195
layer,7,0,6,37,decode,11,8,7,1,467,371,159,152,2,0,2,673,7,34,0,0,0,0,0,0,60,lru,0,0,0,0,0,0,8,7,8,0,1,0,0,0,0,0,0,0,0,0,0,1900544,0,1900544,3,4985132466844215292
layer,7,0,6,37,decode,12,8,8,0,0,0,171,0,0,0,0,15,7,1,0,0,0,0,0,0,60,lru,0,0,0,0,0,0,8,8,8,0,0,0,0,0,0,0,0,0,0,0,0,0,0,0,0,7522826230957594168
layer,7,0,6,37,decode,13,8,7,1,486,353,177,62,1,0,1,674,6,2,0,0,0,0,0,0,60,lru,0,0,0,0,0,0,8,7,8,0,1,0,0,0,0,0,0,0,0,0,0,1900544,0,1900544,3,1088627590562977566
layer,7,0,6,37,decode,14,8,6,2,999,768,155,235,2,0,2,1265,7,2,0,0,0,0,0,0,60,lru,0,0,0,0,0,0,8,6,8,0,2,0,0,0,0,0,0,0,0,0,0,3801088,0,3801088,6,6715464779467008687
layer,7,0,6,37,decode,15,8,8,0,0,0,178,0,0,0,0,16,7,1,0,0,0,0,0,0,60,lru,0,0,0,0,0,0,8,8,8,0,0,0,0,0,0,0,0,0,0,0,0,0,0,0,0,7437878669643406835
layer,7,0,6,37,decode,16,8,8,0,0,0,172,0,0,0,0,15,7,1,0,0,0,0,0,0,60,lru,0,0,0,0,0,0,8,8,8,0,0,0,0,0,0,0,0,0,0,0,0,0,0,0,0,12229994245852636558
layer,7,0,6,37,decode,17,8,8,0,0,0,176,0,0,0,0,15,6,1,0,0,0,0,0,0,60,lru,0,0,0,0,0,0,8,8,8,0,0,0,0,0,0,0,0,0,0,0,0,0,0,0,0,4918950221904907335
layer,7,0,6,37,decode,18,8,6,2,991,761,140,278,2,0,2,1236,7,15,0,0,0,0,0,0,60,lru,0,0,0,0,0,0,8,6,8,0,2,0,0,0,0,0,0,0,0,0,0,3801088,0,3801088,6,16484212088684931892
layer,7,0,6,37,decode,19,8,6,2,982,740,172,282,2,0,2,1290,7,10,0,0,0,0,0,0,60,lru,0,0,0,0,0,0,8,6,8,0,2,0,0,0,0,0,0,0,0,0,0,3801088,0,3801088,6,9358079701293764121
layer,7,0,6,37,decode,20,8,7,1,476,377,164,118,1,0,1,686,7,23,0,0,0,0,0,0,60,lru,0,0,0,0,0,0,8,7,8,0,1,0,0,0,0,0,0,0,0,0,0,1900544,0,1900544,3,17724564612478113473
layer,7,0,6,37,decode,21,8,8,0,0,0,174,0,0,0,0,15,7,1,0,0,0,0,0,0,60,lru,0,0,0,0,0,0,8,8,8,0,0,0,0,0,0,0,0,0,0,0,0,0,0,0,0,8225545766017281213
layer,7,0,6,37,decode,22,8,7,1,501,388,142,123,2,0,2,650,7,13,0,0,0,0,0,0,60,lru,0,0,0,0,0,0,8,7,8,0,1,0,0,0,0,0,0,0,0,0,0,1900544,0,1900544,3,1308035263707315156
layer,7,0,6,37,decode,23,8,6,2,974,758,179,229,2,0,2,1240,8,2,0,0,0,0,0,0,60,lru,0,0,0,0,0,0,8,6,8,0,2,0,0,0,0,0,0,0,0,0,0,3801088,0,3801088,6,14151074207867758971
layer,7,0,6,37,decode,24,8,8,0,0,0,172,0,0,0,0,16,7,1,0,0,0,0,0,0,60,lru,0,0,0,0,0,0,8,8,8,0,0,0,0,0,0,0,0,0,0,0,0,0,0,0,0,13008296710874449205
layer,7,0,6,37,decode,25,8,8,0,0,0,176,0,0,0,0,14,6,1,0,0,0,0,0,0,60,lru,0,0,0,0,0,0,8,8,8,0,0,0,0,0,0,0,0,0,0,0,0,0,0,0,0,15120624037341841100
layer,7,0,6,37,decode,26,8,7,1,529,379,141,106,1,0,1,706,7,29,0,0,0,0,0,0,60,lru,0,0,0,0,0,0,8,7,8,0,1,0,0,0,0,0,0,0,0,0,0,1900544,0,1900544,3,4270357617194976951
layer,7,0,6,37,decode,27,8,7,1,494,395,159,114,1,0,1,654,7,21,0,0,0,0,0,0,60,lru,0,0,0,0,0,0,8,7,8,0,1,0,0,0,0,0,0,0,0,0,0,1900544,0,1900544,3,16158126189737083783
layer,7,0,6,37,decode,28,8,6,2,971,767,152,247,2,0,2,1213,7,21,0,0,0,0,0,0,60,lru,0,0,0,0,0,0,8,6,8,0,2,0,0,0,0,0,0,0,0,0,0,3801088,0,3801088,6,10752774480648312218
layer,7,0,6,37,decode,29,8,7,1,488,375,167,188,1,0,1,678,7,14,0,0,0,0,0,0,60,lru,0,0,0,0,0,0,8,7,8,0,1,0,0,0,0,0,0,0,0,0,0,1900544,0,1900544,3,17111873531537981732
layer,7,0,6,37,decode,30,8,7,1,484,380,157,180,1,0,1,672,7,2,0,0,0,0,0,0,60,lru,0,0,0,0,0,0,8,7,8,0,1,0,1,0,0,0,0,0,0,0,0,1900544,0,1900544,3,10048680954297314782
layer,7,0,6,37,decode,31,8,6,2,977,762,160,220,2,0,2,1207,7,20,0,0,0,0,0,0,60,lru,0,0,0,0,0,0,8,6,8,0,2,0,0,0,0,0,0,0,0,0,0,3801088,0,3801088,6,14986108364941127416
layer,7,0,6,37,decode,32,8,5,3,1490,1138,152,454,1,0,1,1841,7,25,0,0,0,0,0,0,60,lru,0,0,0,0,0,0,8,5,8,0,3,0,0,0,0,0,0,0,0,0,0,5701632,0,5701632,9,861980985257784080
layer,7,0,6,37,decode,33,8,5,3,1524,1144,180,634,2,0,2,1915,7,2,0,0,0,0,0,0,60,lru,0,0,0,0,0,0,8,5,8,0,3,0,0,0,0,0,0,0,0,0,0,5701632,0,5701632,9,16071705680729235258
layer,7,0,6,37,decode,34,8,4,4,2109,1567,139,562,2,0,2,2527,7,23,0,0,0,0,0,0,60,lru,0,0,0,0,0,0,8,4,8,0,4,0,1,0,0,0,0,0,0,0,0,8159232,0,8159232,12,9541935549029120380
layer,7,0,6,37,decode,35,8,8,0,0,0,183,0,0,0,0,18,7,2,0,0,0,0,0,0,60,lru,0,0,0,0,0,0,8,8,8,0,0,0,1,0,0,0,0,0,0,0,0,0,0,0,0,4236053872091254985
layer,7,0,6,37,decode,36,8,7,1,494,376,152,86,2,0,2,675,6,18,0,0,0,0,0,0,60,lru,0,0,0,0,0,0,8,7,8,0,1,0,0,0,0,0,0,0,0,0,0,1900544,0,1900544,3,13954413289845627321
layer,7,0,6,37,decode,37,8,8,0,0,0,180,0,0,0,0,16,7,2,0,0,0,0,0,0,60,lru,0,0,0,0,0,0,8,8,8,0,0,0,0,0,0,0,0,0,0,0,0,0,0,0,0,3383974009954860393
layer,7,0,6,37,decode,38,8,8,0,0,0,159,0,0,0,0,14,6,1,0,0,0,0,0,0,59,lru,0,0,0,0,0,0,8,8,8,0,0,0,0,0,0,0,0,0,0,0,0,0,0,0,0,13751935112389862762
layer,7,0,6,37,decode,39,8,8,0,0,0,686,0,0,0,0,14,6,1,0,0,0,0,0,0,54,lru,0,0,0,0,0,0,8,8,8,0,0,0,0,0,0,0,0,0,0,0,0,0,0,0,0,5059005305395446882
request,7,0,6,0,decode,-1,0,0,0,0,0,0,0,0,0,0,0,0,0,0,0,0,0,0,0,0,,33878,368,0,0,15,0,0,0,0,0,0,0,0,0,0,0,0,0,0,0,0,0,0,0,0,0
layer,8,0,7,38,decode,0,8,4,4,1964,1464,172,712,2,0,2,2510,9,3,0,0,0,0,0,0,60,lru,0,0,0,0,0,0,8,4,8,0,4,0,0,0,0,0,0,0,0,0,0,7602176,0,7602176,12,15787645328998615041
layer,8,0,7,38,decode,1,8,7,1,476,369,157,180,2,0,2,649,7,29,0,0,0,0,0,0,60,lru,0,0,0,0,0,0,8,7,8,0,1,0,1,0,0,0,0,0,0,0,0,1900544,0,1900544,3,8308477819467745790
layer,8,0,7,38,decode,2,8,4,4,1975,1506,139,753,2,0,2,2406,7,12,0,0,0,0,0,0,60,lru,0,0,0,0,0,0,8,4,8,0,4,0,2,0,0,0,0,0,0,0,0,7602176,0,7602176,12,7275786066299247194
layer,8,0,7,38,decode,3,8,7,1,466,366,159,76,2,0,2,635,7,15,0,0,0,0,0,0,60,lru,0,0,0,0,0,0,8,7,8,0,1,0,1,0,0,0,0,0,0,0,0,1900544,0,1900544,3,16847159040002105478
layer,8,0,7,38,decode,4,8,4,4,1976,1501,163,536,2,0,2,2440,7,20,0,0,0,0,0,0,60,lru,0,0,0,0,0,0,8,4,8,0,4,0,1,0,0,0,0,0,0,0,0,7602176,0,7602176,12,7310068563271771684
layer,8,0,7,38,decode,5,8,3,5,2478,1872,174,803,1,0,1,3017,7,2,0,0,0,0,0,0,60,lru,0,0,0,0,0,0,8,3,8,0,5,0,1,0,0,0,0,0,0,0,0,9502720,0,9502720,15,2308861028682555395
layer,8,0,7,38,decode,6,8,5,3,1491,1103,139,341,3,0,3,1808,7,21,0,0,0,0,0,0,60,lru,0,0,0,0,0,0,8,5,8,0,3,0,1,0,0,0,0,0,0,0,0,5701632,0,5701632,9,11623583744506642689
layer,8,0,7,38,decode,7,8,6,2,963,778,160,332,2,0,2,1214,7,24,0,0,0,0,0,0,60,lru,0,0,0,0,0,0,8,6,8,0,2,0,0,0,0,0,0,0,0,0,0,3801088,0,3801088,6,13120341675902363207
layer,8,0,7,38,decode,8,8,7,1,492,384,152,124,1,0,1,648,6,16,0,0,0,0,0,0,60,lru,0,0,0,0,0,0,8,7,8,0,1,0,0,0,0,0,0,0,0,0,0,1900544,0,1900544,3,17449428247788564128
layer,8,0,7,38,decode,9,8,6,2,979,772,155,222,2,0,2,1211,7,19,0,0,0,0,0,0,60,lru,0,0,0,0,0,0,8,6,8,0,2,0,0,0,0,0,0,0,0,0,0,3801088,0,3801088,6,14258745811344074878
layer,8,0,7,38,decode,10,8,5,3,1492,1135,141,353,2,0,2,1831,7,16,0,0,0,0,0,0,60,lru,0,0,0,0,0,0,8,5,8,0,3,0,0,0,0,0,0,0,0,0,0,5701632,0,5701632,9,1512614138490266976
layer,8,0,7,38,decode,11,8,5,3,1481,1159,156,378,3,0,3,1785,8,31,0,0,0,0,0,0,60,lru,0,0,0,0,0,0,8,5,8,0,3,0,1,0,0,0,0,0,0,0,0,5701632,0,5701632,9,6123562699006203329
layer,8,0,7,38,decode,12,8,5,3,1435,1127,152,387,2,0,2,1827,7,22,0,0,0,0,0,0,60,lru,0,0,0,0,0,0,8,5,8,0,3,0,0,0,0,0,0,0,0,0,0,5701632,0,5701632,9,14375228528116762971
layer,8,0,7,38,decode,13,8,4,4,1956,1521,174,393,1,0,1,2390,7,2,0,0,0,0,0,0,60,lru,0,0,0,0,0,0,8,4,8,0,4,0,0,0,0,0,0,0,0,0,0,7602176,0,7602176,12,12421328226598247479
layer,8,0,7,38,decode,14,8,5,3,1492,1158,140,376,1,0,1,1833,7,22,0,0,0,0,0,0,60,lru,0,0,0,0,0,0,8,5,8,0,3,0,1,0,0,0,0,0,0,0,0,5701632,0,5701632,9,6179139867254771226
layer,8,0,7,38,decode,15,8,5,3,1453,1157,158,486,1,0,1,1792,7,30,0,0,0,0,0,0,60,lru,0,0,0,0,0,0,8,5,8,0,3,0,0,0,0,0,0,0,0,0,0,5701632,0,5701632,9,7837119178541433939
layer,8,0,7,38,decode,16,8,7,1,465,369,152,188,1,0,1,659,7,31,0,0,0,0,0,0,60,lru,0,0,0,0,0,0,8,7,8,0,1,0,0,0,0,0,0,0,0,0,0,1900544,0,1900544,3,17308722888350103171
layer,8,0,7,38,decode,17,8,4,4,2027,1548,155,470,2,0,2,2448,7,30,0,0,0,0,0,0,60,lru,0,0,0,0,0,0,8,4,8,0,4,0,0,0,0,0,0,0,0,0,0,7602176,0,7602176,12,8572655414916675686
layer,8,0,7,38,decode,18,8,6,2,1001,747,139,264,1,0,1,1267,7,27,0,0,0,0,0,0,60,lru,0,0,0,0,0,0,8,6,8,0,2,0,1,0,0,0,0,0,0,0,0,3801088,0,3801088,6,13047047191711767436
layer,8,0,7,38,decode,19,8,8,0,0,0,179,0,0,0,0,18,7,3,0,0,0,0,0,0,60,lru,0,0,0,0,0,0,8,8,8,0,0,0,0,0,0,0,0,0,0,0,0,0,0,0,0,17102256168222622307
layer,8,0,7,38,decode,20,8,6,2,973,738,152,374,1,0,1,1249,7,22,0,0,0,0,0,0,60,lru,0,0,0,0,0,0,8,6,8,0,2,0,0,0,0,0,0,0,0,0,0,3801088,0,3801088,6,3186764978750681253
layer,8,0,7,38,decode,21,8,5,3,1504,1103,174,426,1,0,1,1932,7,2,0,0,0,0,0,0,60,lru,0,0,0,0,0,0,8,5,8,0,3,0,0,0,0,0,0,0,0,0,0,5701632,0,5701632,9,819995613877746971
layer,8,0,7,38,decode,22,8,5,3,1550,1144,140,328,3,0,3,1886,7,20,0,0,0,0,0,0,60,lru,0,0,0,0,0,0,8,5,8,0,3,0,0,0,0,0,0,0,0,0,0,5701632,0,5701632,9,4252285541763313956
layer,8,0,7,38,decode,23,8,3,5,2473,1912,159,600,2,0,2,2968,7,18,0,0,0,0,0,0,60,lru,0,0,0,0,0,0,8,3,8,0,5,0,0,0,0,0,0,0,0,0,0,9502720,0,9502720,15,9021272236229820126
layer,8,0,7,38,decode,24,8,5,3,1471,1149,172,459,2,0,2,1807,7,2,0,0,0,0,0,0,60,lru,0,0,0,0,0,0,8,5,8,0,3,0,1,0,0,0,0,0,0,0,0,5701632,0,5701632,9,10198226697267549776
layer,8,0,7,38,decode,25,8,6,2,987,751,157,290,2,0,2,1273,7,20,0,0,0,0,0,0,60,lru,0,0,0,0,0,0,8,6,8,0,2,0,0,0,0,0,0,0,0,0,0,3801088,0,3801088,6,7477084740222157924
layer,8,0,7,38,decode,26,8,8,0,0,0,155,0,0,0,0,16,7,2,0,0,0,0,0,0,60,lru,0,0,0,0,0,0,8,8,8,0,0,0,0,0,0,0,0,0,0,0,0,0,0,0,0,7139488536443284169
layer,8,0,7,38,decode,27,8,7,1,484,386,161,137,1,0,1,641,7,23,0,0,0,0,0,0,60,lru,0,0,0,0,0,0,8,7,8,0,1,0,0,0,0,0,0,0,0,0,0,1900544,0,1900544,3,14318235682061231270
layer,8,0,7,38,decode,28,8,4,4,1933,1493,151,640,2,0,2,2449,7,25,0,0,0,0,0,0,60,lru,0,0,0,0,0,0,8,4,8,0,4,0,0,0,0,0,0,0,0,0,0,7602176,0,7602176,12,5554633603544640076
layer,8,0,7,38,decode,29,8,3,5,2514,1919,154,688,2,0,2,2992,7,21,0,0,0,0,0,0,60,lru,0,0,0,0,0,0,8,3,8,0,5,0,1,0,0,0,0,0,0,0,0,9502720,0,9502720,15,18184128957492085914
layer,8,0,7,38,decode,30,8,4,4,1990,1518,144,657,2,0,2,2436,7,15,0,0,0,0,0,0,60,lru,0,0,0,0,0,0,8,4,8,0,4,0,1,0,0,0,0,0,0,0,0,7602176,0,7602176,12,3222753110108064859
layer,8,0,7,38,decode,31,8,4,4,1962,1497,157,640,1,0,1,2420,7,25,0,0,0,0,0,0,60,lru,0,0,0,0,0,0,8,4,8,0,4,0,0,0,0,0,0,0,0,0,0,7602176,0,7602176,12,14983659867122927087
layer,8,0,7,38,decode,32,8,7,1,478,383,154,197,1,0,1,662,7,27,0,0,0,0,0,0,60,lru,0,0,0,0,0,0,8,7,8,0,1,0,0,0,0,0,0,0,0,0,0,1900544,0,1900544,3,16858248425062980945
layer,8,0,7,38,decode,33,8,5,3,1511,1107,155,481,3,0,3,1895,7,22,0,0,0,0,0,0,60,lru,0,0,0,0,0,0,8,5,8,0,3,0,0,0,0,0,0,0,0,0,0,5701632,0,5701632,9,2802285041586490505
layer,8,0,7,38,decode,34,8,4,4,2168,1599,141,773,2,0,2,2577,7,30,0,0,0,0,0,0,60,lru,0,0,0,0,0,0,8,4,8,0,4,0,0,0,0,0,0,0,0,0,0,8159232,0,8159232,12,16558101350715874509
layer,8,0,7,38,decode,35,8,8,0,0,0,183,0,0,0,0,18,8,1,0,0,0,0,0,0,60,lru,0,0,0,0,0,0,8,8,8,0,0,0,0,0,0,0,0,0,0,0,0,0,0,0,0,7014402094668141849
layer,8,0,7,38,decode,36,8,7,1,504,370,153,187,2,0,2,681,6,23,0,0,0,0,0,0,60,lru,0,0,0,0,0,0,8,7,8,0,1,0,0,0,0,0,0,0,0,0,0,1900544,0,1900544,3,5523872580076844903
layer,8,0,7,38,decode,37,8,8,0,0,0,181,0,0,0,0,19,9,1,0,0,0,0,0,0,60,lru,0,0,0,0,0,0,8,8,8,0,0,0,0,0,0,0,0,0,0,0,0,0,0,0,0,13511553670006355033
layer,8,0,7,38,decode,38,8,8,0,0,0,159,0,0,0,0,15,7,2,0,0,0,0,0,0,59,lru,0,0,0,0,0,0,8,8,8,0,0,0,0,0,0,0,0,0,0,0,0,0,0,0,0,13900797538008159621
layer,8,0,7,38,decode,39,8,8,0,0,0,689,0,0,0,0,15,7,1,0,0,0,0,0,0,54,lru,0,0,0,0,0,0,8,8,8,0,0,0,0,0,0,0,0,0,0,0,0,0,0,0,0,9704182486430777943
request,8,0,7,0,decode,-1,0,0,0,0,0,0,0,0,0,0,0,0,0,0,0,0,0,0,0,0,,69194,606,0,0,15,0,0,0,0,0,0,0,0,0,0,0,0,0,0,0,0,0,0,0,0,0
layer,9,0,8,39,decode,0,8,5,3,1471,1061,177,434,1,0,1,1972,9,10,0,0,0,0,0,0,60,lru,0,0,0,0,0,0,8,5,8,0,3,0,0,0,0,0,0,0,0,0,0,5701632,0,5701632,9,8908538484977799842
layer,9,0,8,39,decode,1,8,3,5,2480,1893,174,711,2,0,2,2990,7,2,0,0,0,0,0,0,60,lru,0,0,0,0,0,0,8,3,8,0,5,0,1,0,0,0,0,0,0,0,0,9502720,0,9502720,15,2064982782909419648
layer,9,0,8,39,decode,2,8,3,5,2445,1861,138,752,3,0,3,3037,7,30,0,0,0,0,0,0,60,lru,0,0,0,0,0,0,8,3,8,0,5,0,2,0,0,0,0,0,0,0,0,9502720,0,9502720,15,8378289145256316107
layer,9,0,8,39,decode,3,8,5,3,1458,1128,157,556,3,0,3,1851,7,31,0,0,0,0,0,0,60,lru,0,0,0,0,0,0,8,5,8,0,3,0,1,0,0,0,0,0,0,0,0,5701632,0,5701632,9,17673799160525810359
layer,9,0,8,39,decode,4,8,6,2,968,735,172,248,3,0,3,1241,7,14,0,0,0,0,0,0,60,lru,0,0,0,0,0,0,8,6,8,0,2,0,0,0,0,0,0,0,0,0,0,3801088,0,3801088,6,12578564008702663023
layer,9,0,8,39,decode,5,8,6,2,980,750,156,367,3,0,3,1262,7,28,0,0,0,0,0,0,60,lru,0,0,0,0,0,0,8,6,8,0,2,0,0,0,0,0,0,0,0,0,0,3801088,0,3801088,6,18390429832630631147
layer,9,0,8,39,decode,6,8,6,2,975,731,145,195,2,0,2,1227,7,19,0,0,0,0,0,0,60,lru,0,0,0,0,0,0,8,6,8,0,2,0,0,0,0,0,0,0,0,0,0,3801088,0,3801088,6,6454264774702384639
layer,9,0,8,39,decode,7,8,8,0,0,0,180,0,0,0,0,17,8,2,0,0,0,0,0,0,60,lru,0,0,0,0,0,0,8,8,8,0,0,0,0,0,0,0,0,0,0,0,0,0,0,0,0,18187191748994578771
layer,9,0,8,39,decode,8,8,8,0,0,0,172,0,0,0,0,15,7,2,0,0,0,0,0,0,60,lru,0,0,0,0,0,0,8,8,8,0,0,0,0,0,0,0,0,0,0,0,0,0,0,0,0,5574016435557219025
layer,9,0,8,39,decode,9,8,7,1,472,385,158,70,1,0,1,658,7,27,0,0,0,0,0,0,60,lru,0,0,0,0,0,0,8,7,8,0,1,0,0,0,0,0,0,0,0,0,0,1900544,0,1900544,3,17435135761610427314
layer,9,0,8,39,decode,10,8,8,0,0,0,156,0,0,0,0,17,8,1,0,0,0,0,0,0,60,lru,0,0,0,0,0,0,8,8,8,0,0,0,0,0,0,0,0,0,0,0,0,0,0,0,0,12441740486476065210
layer,9,0,8,39,decode,11,8,6,2,1028,722,178,225,3,0,3,1360,6,2,0,0,0,0,0,0,60,lru,0,0,0,0,0,0,8,6,8,0,2,0,0,0,0,0,0,0,0,0,0,3801088,0,3801088,6,580144544777961926
layer,9,0,8,39,decode,12,8,8,0,0,0,171,0,0,0,0,16,7,1,0,0,0,0,0,0,60,lru,0,0,0,0,0,0,8,8,8,0,0,0,1,0,0,0,0,0,0,0,0,0,0,0,0,10614801492821316628
layer,9,0,8,39,decode,13,8,7,1,488,372,157,109,1,0,1,664,6,34,0,0,0,0,0,0,60,lru,0,0,0,0,0,0,8,7,8,0,1,0,0,0,0,0,0,0,0,0,0,1900544,0,1900544,3,9043383428150207234
layer,9,0,8,39,decode,14,8,8,0,0,0,156,0,0,0,0,16,7,2,0,0,0,0,0,0,60,lru,0,0,0,0,0,0,8,8,8,0,0,0,0,0,0,0,0,0,0,0,0,0,0,0,0,2259198990552715382
layer,9,0,8,39,decode,15,8,8,0,0,0,179,0,0,0,0,15,7,1,0,0,0,0,0,0,60,lru,0,0,0,0,0,0,8,8,8,0,0,0,0,0,0,0,0,0,0,0,0,0,0,0,0,7002481186532400409
layer,9,0,8,39,decode,16,8,7,1,493,395,154,101,2,0,2,650,7,28,0,0,0,0,0,0,60,lru,0,0,0,0,0,0,8,7,8,0,1,0,0,0,0,0,0,0,0,0,0,1900544,0,1900544,3,1231309234506272180
layer,9,0,8,39,decode,17,8,6,2,1034,749,175,349,2,0,2,1319,7,2,0,0,0,0,0,0,60,lru,0,0,0,0,0,0,8,6,8,0,2,0,0,0,0,0,0,0,0,0,0,3801088,0,3801088,6,12105530370005493988
layer,9,0,8,39,decode,18,8,7,1,517,366,148,193,1,0,1,722,7,22,0,0,0,0,0,0,60,lru,0,0,0,0,0,0,8,7,8,0,1,0,0,0,0,0,0,0,0,0,0,1900544,0,1900544,3,17281640836264321643
layer,9,0,8,39,decode,19,8,8,0,0,0,179,0,0,0,0,16,7,1,0,0,0,0,0,0,60,lru,0,0,0,0,0,0,8,8,8,0,0,0,0,0,0,0,0,0,0,0,0,0,0,0,0,9200384917705591317
layer,9,0,8,39,decode,20,8,8,0,0,0,173,0,0,0,0,15,6,1,0,0,0,0,0,0,60,lru,0,0,0,0,0,0,8,8,8,0,0,0,0,0,0,0,0,0,0,0,0,0,0,0,0,1066200287522776618
layer,9,0,8,39,decode,21,8,7,1,508,375,157,60,1,0,1,708,6,18,0,0,0,0,0,0,60,lru,0,0,0,0,0,0,8,7,8,0,1,0,0,0,0,0,0,0,0,0,0,1900544,0,1900544,3,3546424039605912543
layer,9,0,8,39,decode,22,8,7,1,495,383,157,200,1,0,1,687,8,2,0,0,0,0,0,0,60,lru,0,0,0,0,0,0,8,7,8,0,1,0,0,0,0,0,0,0,0,0,0,1900544,0,1900544,3,17534620364620240259
layer,9,0,8,39,decode,23,8,6,2,978,770,159,154,2,0,2,1238,7,23,0,0,0,0,0,0,60,lru,0,0,0,0,0,0,8,6,8,0,2,0,0,0,0,0,0,0,0,0,0,3801088,0,3801088,6,14581086224828397209
layer,9,0,8,39,decode,24,8,7,1,482,371,153,131,1,0,1,672,7,20,0,0,0,0,0,0,60,lru,0,0,0,0,0,0,8,7,8,0,1,0,0,0,0,0,0,0,0,0,0,1900544,0,1900544,3,17339898206198782052
layer,9,0,8,39,decode,25,8,7,1,476,387,157,131,1,0,1,662,7,38,0,0,0,0,0,0,60,lru,0,0,0,0,0,0,8,7,8,0,1,0,0,0,0,0,0,0,0,0,0,1900544,0,1900544,3,10456148623737623821
layer,9,0,8,39,decode,26,8,7,1,518,382,141,163,1,0,1,687,7,27,0,0,0,0,0,0,60,lru,0,0,0,0,0,0,8,7,8,0,1,0,0,0,0,0,0,0,0,0,0,1900544,0,1900544,3,14439467795258463731
layer,9,0,8,39,decode,27,8,7,1,525,375,160,72,1,0,1,712,7,30,0,0,0,0,0,0,60,lru,0,0,0,0,0,0,8,7,8,0,1,0,0,0,0,0,0,0,0,0,0,1900544,0,1900544,3,16192165267308207952
layer,9,0,8,39,decode,28,8,8,0,0,0,173,0,0,0,0,16,6,2,0,0,0,0,0,0,60,lru,0,0,0,0,0,0,8,8,8,0,0,0,0,0,0,0,0,0,0,0,0,0,0,0,0,2766065721229442128
layer,9,0,8,39,decode,29,8,5,3,1516,1125,155,420,2,0,2,1871,6,24,0,0,0,0,0,0,60,lru,0,0,0,0,0,0,8,5,8,0,3,0,0,0,0,0,0,0,0,0,0,5701632,0,5701632,9,14284339619062476785
layer,9,0,8,39,decode,30,8,7,1,495,384,155,53,2,0,2,688,7,2,0,0,0,0,0,0,60,lru,0,0,0,0,0,0,8,7,8,0,1,0,0,0,0,0,0,0,0,0,0,1900544,0,1900544,3,7434741698786924764
layer,9,0,8,39,decode,31,8,7,1,507,391,161,89,1,0,1,657,7,23,0,0,0,0,0,0,60,lru,0,0,0,0,0,0,8,7,8,0,1,0,0,0,0,0,0,0,0,0,0,1900544,0,1900544,3,14552395711911203132
layer,9,0,8,39,decode,32,8,7,1,499,381,154,149,1,0,1,679,7,19,0,0,0,0,0,0,60,lru,0,0,0,0,0,0,8,7,8,0,1,0,0,0,0,0,0,0,0,0,0,1900544,0,1900544,3,17790689860059236357
layer,9,0,8,39,decode,33,8,7,1,500,378,159,169,1,0,1,685,7,19,0,0,0,0,0,0,60,lru,0,0,0,0,0,0,8,7,8,0,1,0,0,0,0,0,0,0,0,0,0,1900544,0,1900544,3,1852247278992340781
layer,9,0,8,39,decode,34,8,8,0,0,0,159,0,0,0,0,17,7,1,0,0,0,0,0,0,60,lru,0,0,0,0,0,0,8,8,8,0,0,0,0,0,0,0,0,0,0,0,0,0,0,0,0,341915416203963669
layer,9,0,8,39,decode,35,8,8,0,0,0,183,0,0,0,0,16,7,1,0,0,0,0,0,0,60,lru,0,0,0,0,0,0,8,8,8,0,0,0,0,0,0,0,0,0,0,0,0,0,0,0,0,3800274566899108994
layer,9,0,8,39,decode,36,8,8,0,0,0,175,0,0,0,0,15,6,2,0,0,0,0,0,0,60,lru,0,0,0,0,0,0,8,8,8,0,0,0,0,0,0,0,0,0,0,0,0,0,0,0,0,14280088079709104750
layer,9,0,8,39,decode,37,8,8,0,0,0,182,0,0,0,0,14,7,1,0,0,0,0,0,0,60,lru,0,0,0,0,0,0,8,8,8,0,0,0,0,0,0,0,0,0,0,0,0,0,0,0,0,6304617310000171247
layer,9,0,8,39,decode,38,8,8,0,0,0,160,0,0,0,0,14,7,1,0,0,0,0,0,0,59,lru,0,0,0,0,0,0,8,8,8,0,0,0,0,0,0,0,0,0,0,0,0,0,0,0,0,17722927531837182484
layer,9,0,8,39,decode,39,8,8,0,0,0,690,0,0,0,0,15,7,2,0,0,0,0,0,0,54,lru,0,0,0,0,0,0,8,8,8,0,0,0,0,0,0,0,0,0,0,0,0,0,0,0,0,3108131014627739666
request,9,0,8,0,decode,-1,0,0,0,0,0,0,0,0,0,0,0,0,0,0,0,0,0,0,0,0,,37406,389,0,0,15,0,0,0,0,0,0,0,0,0,0,0,0,0,0,0,0,0,0,0,0,0
layer,10,0,9,40,decode,0,8,7,1,485,381,173,171,1,0,1,698,9,13,0,0,0,0,0,0,60,lru,0,0,0,0,0,0,8,7,8,0,1,0,1,0,0,0,0,0,0,0,0,1900544,0,1900544,3,3696913419788681237
layer,10,0,9,40,decode,1,8,6,2,953,731,167,103,2,0,2,1268,7,7,0,0,0,0,0,0,60,lru,0,0,0,0,0,0,8,6,8,0,2,0,0,0,0,0,0,0,0,0,0,3801088,0,3801088,6,8679208982041833345
layer,10,0,9,40,decode,2,8,3,5,2546,1880,154,855,3,0,3,3112,7,2,0,0,0,0,0,0,60,lru,0,0,0,0,0,0,8,3,8,0,5,0,0,0,0,0,0,0,0,0,0,9502720,0,9502720,15,12657435611564356623
layer,10,0,9,40,decode,3,8,7,1,473,386,158,212,2,0,2,662,7,18,0,0,0,0,0,0,60,lru,0,0,0,0,0,0,8,7,8,0,1,0,1,0,0,0,0,0,0,0,0,1900544,0,1900544,3,3939348426035002939
layer,10,0,9,40,decode,4,8,6,2,954,739,152,326,3,0,3,1273,6,27,0,0,0,0,0,0,60,lru,0,0,0,0,0,0,8,6,8,0,2,0,0,0,0,0,0,0,0,0,0,3801088,0,3801088,6,9016341415079762483
layer,10,0,9,40,decode,5,8,7,1,477,394,157,119,1,0,1,657,7,37,0,0,0,0,0,0,60,lru,0,0,0,0,0,0,8,7,8,0,1,0,0,0,0,0,0,0,0,0,0,1900544,0,1900544,3,15476595354949926424
layer,10,0,9,40,decode,6,8,6,2,973,719,155,284,3,0,3,1262,7,8,0,0,0,0,0,0,60,lru,0,0,0,0,0,0,8,6,8,0,2,0,0,0,0,0,0,0,0,0,0,3801088,0,3801088,6,11044513691627297668
layer,10,0,9,40,decode,7,8,8,0,0,0,179,0,0,0,0,16,7,2,0,0,0,0,0,0,60,lru,0,0,0,0,0,0,8,8,8,0,0,0,0,0,0,0,0,0,0,0,0,0,0,0,0,13013957951591746901
layer,10,0,9,40,decode,8,8,8,0,0,0,172,0,0,0,0,15,7,1,0,0,0,0,0,0,60,lru,0,0,0,0,0,0,8,8,8,0,0,0,0,0,0,0,0,0,0,0,0,0,0,0,0,15997202166300409055
layer,10,0,9,40,decode,9,8,6,2,991,780,156,235,2,0,2,1250,7,34,0,0,0,0,0,0,60,lru,0,0,0,0,0,0,8,6,8,0,2,0,0,0,0,0,0,0,0,0,0,3801088,0,3801088,6,15633583170886084002
layer,10,0,9,40,decode,10,8,7,1,493,365,155,132,1,0,1,708,7,2,0,0,0,0,0,0,60,lru,0,0,0,0,0,0,8,7,8,0,1,0,0,0,0,0,0,0,0,0,0,1900544,0,1900544,3,9041043416484311158
layer,10,0,9,40,decode,11,8,5,3,1490,1150,157,453,1,0,1,1816,7,20,0,0,0,0,0,0,60,lru,0,0,0,0,0,0,8,5,8,0,3,0,0,0,0,0,0,0,0,0,0,5701632,0,5701632,9,5699871638129290843
layer,10,0,9,40,decode,12,8,8,0,0,0,171,0,0,0,0,16,7,1,0,0,0,0,0,0,60,lru,0,0,0,0,0,0,8,8,8,0,0,0,0,0,0,0,0,0,0,0,0,0,0,0,0,15816628909981569993
layer,10,0,9,40,decode,13,8,8,0,0,0,176,0,0,0,0,15,7,1,0,0,0,0,0,0,60,lru,0,0,0,0,0,0,8,8,8,0,0,0,0,0,0,0,0,0,0,0,0,0,0,0,0,3333349907165745846
layer,10,0,9,40,decode,14,8,7,1,501,352,155,108,1,0,1,683,7,2,0,0,0,0,0,0,60,lru,0,0,0,0,0,0,8,7,8,0,1,0,0,0,0,0,0,0,0,0,0,1900544,0,1900544,3,1233687279609402614
layer,10,0,9,40,decode,15,8,6,2,1008,750,159,441,3,0,3,1274,7,14,0,0,0,0,0,0,60,lru,0,0,0,0,0,0,8,6,8,0,2,0,0,0,0,0,0,0,0,0,0,3801088,0,3801088,6,10199329924328135771
layer,10,0,9,40,decode,16,8,5,3,1464,1159,152,432,2,0,2,1784,7,17,0,0,0,0,0,0,60,lru,0,0,0,0,0,0,8,5,8,0,3,0,0,0,0,0,0,0,0,0,0,5701632,0,5701632,9,14270921791465446888
layer,10,0,9,40,decode,17,8,7,1,516,398,157,114,1,0,1,661,7,23,0,0,0,0,0,0,60,lru,0,0,0,0,0,0,8,7,8,0,1,0,0,0,0,0,0,0,0,0,0,1900544,0,1900544,3,4390871708258217850
layer,10,0,9,40,decode,18,8,7,1,497,373,142,146,1,0,1,697,7,28,0,0,0,0,0,0,60,lru,0,0,0,0,0,0,8,7,8,0,1,0,0,0,0,0,0,0,0,0,0,1900544,0,1900544,3,2133837669293428474
layer,10,0,9,40,decode,19,8,4,4,1999,1537,158,667,2,0,2,2423,7,32,0,0,0,0,0,0,60,lru,0,0,0,0,0,0,8,4,8,0,4,0,0,0,0,0,0,0,0,0,0,7602176,0,7602176,12,13640417281366522324
layer,10,0,9,40,decode,20,8,7,1,477,397,154,79,1,0,1,642,6,17,0,0,0,0,0,0,60,lru,0,0,0,0,0,0,8,7,8,0,1,0,0,0,0,0,0,0,0,0,0,1900544,0,1900544,3,15147940552392841518
layer,10,0,9,40,decode,21,8,7,1,471,382,157,174,2,0,2,669,6,24,0,0,0,0,0,0,60,lru,0,0,0,0,0,0,8,7,8,0,1,0,0,0,0,0,0,0,0,0,0,1900544,0,1900544,3,13974046052165007911
layer,10,0,9,40,decode,22,8,8,0,0,0,156,0,0,0,0,16,6,1,0,0,0,0,0,0,60,lru,0,0,0,0,0,0,8,8,8,0,0,0,0,0,0,0,0,0,0,0,0,0,0,0,0,13406722473866131625
layer,10,0,9,40,decode,23,8,8,0,0,0,178,0,0,0,0,15,7,2,0,0,0,0,0,0,60,lru,0,0,0,0,0,0,8,8,8,0,0,0,0,0,0,0,0,0,0,0,0,0,0,0,0,4775590551333113892
layer,10,0,9,40,decode,24,8,8,0,0,0,172,0,0,0,0,15,7,1,0,0,0,0,0,0,60,lru,0,0,0,0,0,0,8,8,8,0,0,0,0,0,0,0,0,0,0,0,0,0,0,0,0,11536109141619514621
layer,10,0,9,40,decode,25,8,7,1,504,373,168,112,2,0,2,677,6,15,0,0,0,0,0,0,60,lru,0,0,0,0,0,0,8,7,8,0,1,0,0,0,0,0,0,0,0,0,0,1900544,0,1900544,3,16994124436320645952
layer,10,0,9,40,decode,26,8,6,2,1011,704,141,368,2,0,2,1379,7,20,0,0,0,0,0,0,60,lru,0,0,0,0,0,0,8,6,8,0,2,0,0,0,0,0,0,0,0,0,0,3801088,0,3801088,6,8774958413281316282
layer,10,0,9,40,decode,27,8,7,1,529,386,159,94,1,0,1,678,7,15,0,0,0,0,0,0,60,lru,0,0,0,0,0,0,8,7,8,0,1,0,0,0,0,0,0,0,0,0,0,1900544,0,1900544,3,763275909970092498
layer,10,0,9,40,decode,28,8,5,3,1459,1101,152,635,2,0,2,1855,7,16,0,0,0,0,0,0,60,lru,0,0,0,0,0,0,8,5,8,0,3,0,0,0,0,0,0,0,0,0,0,5701632,0,5701632,9,12995614728334983880
layer,10,0,9,40,decode,29,8,7,1,498,368,161,190,2,0,2,682,7,27,0,0,0,0,0,0,60,lru,0,0,0,0,0,0,8,7,8,0,1,0,0,0,0,0,0,0,0,0,0,1900544,0,1900544,3,7277507743395429923
layer,10,0,9,40,decode,30,8,7,1,482,355,143,155,1,0,1,732,9,33,0,0,0,0,0,0,60,lru,0,0,0,0,0,0,8,7,8,0,1,0,0,0,0,0,0,0,0,0,0,1900544,0,1900544,3,830934006758536015
layer,10,0,9,40,decode,31,8,5,3,1477,1135,178,679,2,0,2,1865,7,2,0,0,0,0,0,0,60,lru,0,0,0,0,0,0,8,5,8,0,3,0,0,0,0,0,0,0,0,0,0,5701632,0,5701632,9,9698663865149379493
layer,10,0,9,40,decode,32,8,6,2,973,740,152,343,2,0,2,1270,7,21,0,0,0,0,0,0,60,lru,0,0,0,0,0,0,8,6,8,0,2,0,0,0,0,0,0,0,0,0,0,3801088,0,3801088,6,8342218568896301954
layer,10,0,9,40,decode,33,8,7,1,552,392,156,122,1,0,1,720,7,35,0,0,0,0,0,0,60,lru,0,0,0,0,0,0,8,7,8,0,1,0,0,0,0,0,0,0,0,0,0,1900544,0,1900544,3,18298732946782819841
layer,10,0,9,40,decode,34,8,8,0,0,0,159,0,0,0,0,16,7,1,0,0,0,0,0,0,60,lru,0,0,0,0,0,0,8,8,8,0,0,0,0,0,0,0,0,0,0,0,0,0,0,0,0,12798368017267670499
layer,10,0,9,40,decode,35,8,7,1,497,387,160,115,2,0,2,651,10,20,0,0,0,0,0,0,60,lru,0,0,0,0,0,0,8,7,8,0,1,0,0,0,0,0,0,0,0,0,0,1900544,0,1900544,3,3608112543437790582
layer,10,0,9,40,decode,36,8,8,0,0,0,175,0,0,0,0,16,7,1,0,0,0,0,0,0,60,lru,0,0,0,0,0,0,8,8,8,0,0,0,0,0,0,0,0,0,0,0,0,0,0,0,0,15351462923288758416
layer,10,0,9,40,decode,37,8,7,1,511,356,181,135,2,0,2,702,6,2,0,0,0,0,0,0,60,lru,0,0,0,0,0,0,8,7,8,0,1,0,0,0,0,0,0,0,0,0,0,1900544,0,1900544,3,3289601179419096389
layer,10,0,9,40,decode,38,8,8,0,0,0,159,0,0,0,0,16,7,2,0,0,0,0,0,0,59,lru,0,0,0,0,0,0,8,8,8,0,0,0,0,0,0,0,0,0,0,0,0,0,0,0,0,4374567433260588085
layer,10,0,9,40,decode,39,8,8,0,0,0,692,0,0,0,0,15,7,1,0,0,0,0,0,0,54,lru,0,0,0,0,0,0,8,8,8,0,0,0,0,0,0,0,0,0,0,0,0,0,0,0,0,296938631326883403
request,10,0,9,0,decode,-1,0,0,0,0,0,0,0,0,0,0,0,0,0,0,0,0,0,0,0,0,,41258,415,0,0,13,0,0,0,0,0,0,0,0,0,0,0,0,0,0,0,0,0,0,0,0,0
layer,11,0,10,41,decode,0,8,8,0,0,0,172,0,0,0,0,20,9,2,0,0,0,0,0,0,60,lru,0,0,0,0,0,0,8,8,8,0,0,0,1,0,0,0,0,0,0,0,0,0,0,0,0,12542117384855919256
layer,11,0,10,41,decode,1,8,5,3,1495,1135,156,517,2,0,2,1838,6,30,0,0,0,0,0,0,60,lru,0,0,0,0,0,0,8,5,8,0,3,0,0,0,0,0,0,0,0,0,0,5701632,0,5701632,9,10455078105814774677
layer,11,0,10,41,decode,2,8,6,2,969,732,141,332,3,0,3,1226,7,24,0,0,0,0,0,0,60,lru,0,0,0,0,0,0,8,6,8,0,2,0,1,0,0,0,0,0,0,0,0,3801088,0,3801088,6,10779998001977395804
layer,11,0,10,41,decode,3,8,7,1,495,395,160,138,2,0,2,654,7,22,0,0,0,0,0,0,60,lru,0,0,0,0,0,0,8,7,8,0,1,0,0,0,0,0,0,0,0,0,0,1900544,0,1900544,3,2284167911386074239
layer,11,0,10,41,decode,4,8,5,3,1448,1127,151,433,2,0,2,1800,7,24,0,0,0,0,0,0,60,lru,0,0,0,0,0,0,8,5,8,0,3,0,0,0,0,0,0,0,0,0,0,5701632,0,5701632,9,8478234710518055127
layer,11,0,10,41,decode,5,8,6,2,1017,769,156,242,3,0,3,1249,7,36,0,0,0,0,0,0,60,lru,0,0,0,0,0,0,8,6,8,0,2,0,0,0,0,0,0,0,0,0,0,3801088,0,3801088,6,12596750765454350503
layer,11,0,10,41,decode,6,8,5,3,1489,1070,155,605,3,0,3,1993,7,2,0,0,0,0,0,0,60,lru,0,0,0,0,0,0,8,5,8,0,3,0,0,0,0,0,0,0,0,0,0,5701632,0,5701632,9,2477916797879128259
layer,11,0,10,41,decode,7,8,7,1,490,385,161,155,1,0,1,650,7,16,0,0,0,0,0,0,60,lru,0,0,0,0,0,0,8,7,8,0,1,0,0,0,0,0,0,0,0,0,0,1900544,0,1900544,3,3081103858158734557
layer,11,0,10,41,decode,8,8,8,0,0,0,172,0,0,0,0,17,7,1,0,0,0,0,0,0,60,lru,0,0,0,0,0,0,8,8,8,0,0,0,0,0,0,0,0,0,0,0,0,0,0,0,0,16808563585894685431
layer,11,0,10,41,decode,9,8,6,2,961,745,177,250,2,0,2,1268,7,2,0,0,0,0,0,0,60,lru,0,0,0,0,0,0,8,6,8,0,2,0,0,0,0,0,0,0,0,0,0,3801088,0,3801088,6,17973333804831821765
layer,11,0,10,41,decode,10,8,8,0,0,0,156,0,0,0,0,22,12,1,0,0,0,0,0,0,60,lru,0,0,0,0,0,0,8,8,8,0,0,0,0,0,0,0,0,0,0,0,0,0,0,0,0,2716821933117197117
layer,11,0,10,41,decode,11,8,7,1,478,388,159,67,2,0,2,631,7,33,0,0,0,0,0,0,60,lru,0,0,0,0,0,0,8,7,8,0,1,0,0,0,0,0,0,0,0,0,0,1900544,0,1900544,3,15413952336171144123
layer,11,0,10,41,decode,12,8,8,0,0,0,171,0,0,0,0,16,7,1,0,0,0,0,0,0,60,lru,0,0,0,0,0,0,8,8,8,0,0,0,0,0,0,0,0,0,0,0,0,0,0,0,0,18397239156899171846
layer,11,0,10,41,decode,13,8,7,1,476,382,156,126,1,0,1,637,7,29,0,0,0,0,0,0,60,lru,0,0,0,0,0,0,8,7,8,0,1,0,0,0,0,0,0,0,0,0,0,1900544,0,1900544,3,760673672676701378
layer,11,0,10,41,decode,14,8,7,1,498,375,148,60,1,0,1,689,7,27,0,0,0,0,0,0,60,lru,0,0,0,0,0,0,8,7,8,0,1,0,0,0,0,0,0,0,0,0,0,1900544,0,1900544,3,7736356621078182397
layer,11,0,10,41,decode,15,8,7,1,481,392,160,103,2,0,2,657,7,32,0,0,0,0,0,0,60,lru,0,0,0,0,0,0,8,7,8,0,1,0,0,0,0,0,0,0,0,0,0,1900544,0,1900544,3,13062045118930028672
layer,11,0,10,41,decode,16,8,8,0,0,0,173,0,0,0,0,16,7,1,0,0,0,0,0,0,60,lru,0,0,0,0,0,0,8,8,8,0,0,0,0,0,0,0,0,0,0,0,0,0,0,0,0,8349916671716153037
layer,11,0,10,41,decode,17,8,7,1,518,391,158,132,2,0,2,673,7,22,0,0,0,0,0,0,60,lru,0,0,0,0,0,0,8,7,8,0,1,0,0,0,0,0,0,0,0,0,0,1900544,0,1900544,3,10952584866769671993
layer,11,0,10,41,decode,18,8,6,2,995,728,154,285,3,0,3,1294,7,3,0,0,0,0,0,0,60,lru,0,0,0,0,0,0,8,6,8,0,2,0,0,0,0,0,0,0,0,0,0,3801088,0,3801088,6,15818529103835747334
layer,11,0,10,41,decode,19,8,8,0,0,0,179,0,0,0,0,16,7,1,0,0,0,0,0,0,60,lru,0,0,0,0,0,0,8,8,8,0,0,0,0,0,0,0,0,0,0,0,0,0,0,0,0,8516738710835593447
layer,11,0,10,41,decode,20,8,6,2,968,763,154,233,2,0,2,1242,6,21,0,0,0,0,0,0,60,lru,0,0,0,0,0,0,8,6,8,0,2,0,0,0,0,0,0,0,0,0,0,3801088,0,3801088,6,14837129780196823532
layer,11,0,10,41,decode,21,8,7,1,504,384,158,56,1,0,1,682,7,27,0,0,0,0,0,0,60,lru,0,0,0,0,0,0,8,7,8,0,1,0,0,0,0,0,0,0,0,0,0,1900544,0,1900544,3,1900304212993854884
layer,11,0,10,41,decode,22,8,7,1,497,397,141,79,2,0,2,646,7,20,0,0,0,0,0,0,60,lru,0,0,0,0,0,0,8,7,8,0,1,0,0,0,0,0,0,0,0,0,0,1900544,0,1900544,3,3920458859588053353
layer,11,0,10,41,decode,23,8,6,2,982,754,159,351,3,0,3,1248,7,21,0,0,0,0,0,0,60,lru,0,0,0,0,0,0,8,6,8,0,2,0,0,0,0,0,0,0,0,0,0,3801088,0,3801088,6,16076384722938907947
layer,11,0,10,41,decode,24,8,5,3,1515,1142,151,554,1,0,1,1864,7,22,0,0,0,0,0,0,60,lru,0,0,0,0,0,0,8,5,8,0,3,0,0,0,0,0,0,0,0,0,0,5701632,0,5701632,9,11359379741534011128
layer,11,0,10,41,decode,25,8,7,1,485,369,178,150,1,0,1,679,7,2,0,0,0,0,0,0,60,lru,0,0,0,0,0,0,8,7,8,0,1,0,0,0,0,0,0,0,0,0,0,1900544,0,1900544,3,11678198378852270782
layer,11,0,10,41,decode,26,8,7,1,506,384,141,125,1,0,1,669,7,26,0,0,0,0,0,0,60,lru,0,0,0,0,0,0,8,7,8,0,1,0,0,0,0,0,0,0,0,0,0,1900544,0,1900544,3,15174256032270609293
layer,11,0,10,41,decode,27,8,7,1,485,384,159,158,1,0,1,652,8,20,0,0,0,0,0,0,60,lru,0,0,0,0,0,0,8,7,8,0,1,0,0,0,0,0,0,0,0,0,0,1900544,0,1900544,3,11355593917757514255
layer,11,0,10,41,decode,28,8,6,2,1010,776,153,267,2,0,2,1240,7,19,0,0,0,0,0,0,60,lru,0,0,0,0,0,0,8,6,8,0,2,0,0,0,0,0,0,0,0,0,0,3801088,0,3801088,6,1003691133966999777
layer,11,0,10,41,decode,29,8,6,2,973,773,155,198,2,0,2,1253,7,20,0,0,0,0,0,0,60,lru,0,0,0,0,0,0,8,6,8,0,2,0,0,0,0,0,0,0,0,0,0,3801088,0,3801088,6,15636366806818148091
layer,11,0,10,41,decode,30,8,6,2,938,733,138,517,2,0,2,1236,7,15,0,0,0,0,0,0,60,lru,0,0,0,0,0,0,8,6,8,0,2,0,0,0,0,0,0,0,0,0,0,3801088,0,3801088,6,1588236675861744024
layer,11,0,10,41,decode,31,8,6,2,1009,788,158,257,2,0,2,1227,7,20,0,0,0,0,0,0,60,lru,0,0,0,0,0,0,8,6,8,0,2,0,0,0,0,0,0,0,0,0,0,3801088,0,3801088,6,13326697422694986663
layer,11,0,10,41,decode,32,8,7,1,487,390,154,79,2,0,2,652,7,28,0,0,0,0,0,0,60,lru,0,0,0,0,0,0,8,7,8,0,1,0,0,0,0,0,0,0,0,0,0,1900544,0,1900544,3,14585660686861025684
layer,11,0,10,41,decode,33,8,7,1,505,378,156,74,1,0,1,647,7,16,0,0,0,0,0,0,60,lru,0,0,0,0,0,0,8,7,8,0,1,0,0,0,0,0,0,0,0,0,0,1900544,0,1900544,3,7581905284568502374
layer,11,0,10,41,decode,34,8,7,1,531,402,143,126,2,0,2,693,7,24,0,0,0,0,0,0,60,lru,0,0,0,0,0,0,8,7,8,0,1,0,0,0,0,0,0,0,0,0,0,2039808,0,2039808,3,1467284793767548152
layer,11,0,10,41,decode,35,8,8,0,0,0,180,0,0,0,0,20,7,2,0,0,0,0,0,0,60,lru,0,0,0,0,0,0,8,8,8,0,0,0,0,0,0,0,0,0,0,0,0,0,0,0,0,14743501487189515066
layer,11,0,10,41,decode,36,8,8,0,0,0,173,0,0,0,0,15,7,2,0,0,0,0,0,0,60,lru,0,0,0,0,0,0,8,8,8,0,0,0,0,0,0,0,0,0,0,0,0,0,0,0,0,16794752325182181809
layer,11,0,10,41,decode,37,8,8,0,0,0,178,0,0,0,0,15,7,1,0,0,0,0,0,0,60,lru,0,0,0,0,0,0,8,8,8,0,0,0,0,0,0,0,0,0,0,0,0,0,0,0,0,3241900190989017036
layer,11,0,10,41,decode,38,8,7,1,525,368,143,133,0,0,0,698,7,29,0,0,0,0,0,0,60,lru,0,0,0,0,0,0,8,7,8,1,0,0,0,0,0,0,0,0,0,0,0,2039808,0,2039808,3,9121658659019648544
layer,11,0,10,41,decode,39,8,8,0,0,0,687,0,0,0,0,17,8,2,0,0,0,0,0,0,54,lru,0,0,0,0,0,0,8,8,8,0,0,0,0,0,0,0,0,0,0,0,0,0,0,0,0,12666669438958681595
request,11,0,10,0,decode,-1,0,0,0,0,0,0,0,0,0,0,0,0,0,0,0,0,0,0,0,0,,39305,403,0,0,16,0,0,0,0,0,0,0,0,0,0,0,0,0,0,0,0,0,0,0,0,0
layer,12,0,11,42,decode,0,8,4,4,1970,1515,179,393,2,0,2,2392,10,33,0,0,0,0,0,0,60,lru,0,0,0,0,0,0,8,4,8,0,4,0,1,0,0,0,0,0,0,0,0,7602176,0,7602176,12,7027324630615918452
layer,12,0,11,42,decode,1,8,6,2,963,735,177,415,2,0,2,1272,8,10,0,0,0,0,0,0,60,lru,0,0,0,0,0,0,8,6,8,0,2,0,1,0,0,0,0,0,0,0,0,3801088,0,3801088,6,17853954567513657183
layer,12,0,11,42,decode,2,8,6,2,1011,767,158,308,2,0,2,1263,7,2,0,0,0,0,0,0,60,lru,0,0,0,0,0,0,8,6,8,0,2,0,0,0,0,0,0,0,0,0,0,3801088,0,3801088,6,1276841226317128934
layer,12,0,11,42,decode,3,8,7,1,474,375,159,105,2,0,2,629,7,16,0,0,0,0,0,0,60,lru,0,0,0,0,0,0,8,7,8,0,1,0,1,0,0,0,0,0,0,0,0,1900544,0,1900544,3,15557320110858894684
layer,12,0,11,42,decode,4,8,6,2,989,751,153,321,2,0,2,1254,7,28,0,0,0,0,0,0,60,lru,0,0,0,0,0,0,8,6,8,0,2,0,0,0,0,0,0,0,0,0,0,3801088,0,3801088,6,643050094520349619
layer,12,0,11,42,decode,5,8,5,3,1434,1115,155,442,2,0,2,1801,7,20,0,0,0,0,0,0,60,lru,0,0,0,0,0,0,8,5,8,0,3,0,0,0,0,0,0,0,0,0,0,5701632,0,5701632,9,3800617385175058360
layer,12,0,11,42,decode,6,8,7,1,494,372,157,170,1,0,1,686,7,2,0,0,0,0,0,0,60,lru,0,0,0,0,0,0,8,7,8,0,1,0,0,0,0,0,0,0,0,0,0,1900544,0,1900544,3,2680978946041127650
layer,12,0,11,42,decode,7,8,7,1,480,395,160,111,1,0,1,641,7,26,0,0,0,0,0,0,60,lru,0,0,0,0,0,0,8,7,8,0,1,0,0,0,0,0,0,0,0,0,0,1900544,0,1900544,3,5957785608987285092
layer,12,0,11,42,decode,8,8,6,2,953,744,170,292,1,0,1,1266,7,2,0,0,0,0,0,0,60,lru,0,0,0,0,0,0,8,6,8,0,2,0,0,0,0,0,0,0,0,0,0,3801088,0,3801088,6,13748351044337315949
layer,12,0,11,42,decode,9,8,6,2,975,782,156,278,2,0,2,1199,7,18,0,0,0,0,0,0,60,lru,0,0,0,0,0,0,8,6,8,0,2,0,0,0,0,0,0,0,0,0,0,3801088,0,3801088,6,17552208351159639117
layer,12,0,11,42,decode,10,8,8,0,0,0,156,0,0,0,0,17,7,2,0,0,0,0,0,0,60,lru,0,0,0,0,0,0,8,8,8,0,0,0,0,0,0,0,0,0,0,0,0,0,0,0,0,8218972189020295013
layer,12,0,11,42,decode,11,8,4,4,1982,1545,158,452,3,0,3,2377,7,27,0,0,0,0,0,0,60,lru,0,0,0,0,0,0,8,4,8,0,4,0,0,0,0,0,0,0,0,0,0,7602176,0,7602176,12,7234335877637830354
layer,12,0,11,42,decode,12,8,7,1,455,351,153,118,2,0,2,675,8,20,0,0,0,0,0,0,60,lru,0,0,0,0,0,0,8,7,8,0,1,0,1,0,0,0,0,0,0,0,0,1900544,0,1900544,3,15628457579426039143
layer,12,0,11,42,decode,13,8,6,2,995,777,155,230,2,0,2,1233,7,28,0,0,0,0,0,0,60,lru,0,0,0,0,0,0,8,6,8,0,2,0,0,0,0,0,0,0,0,0,0,3801088,0,3801088,6,6493809548912095810
layer,12,0,11,42,decode,14,8,6,2,964,759,140,339,2,0,2,1271,7,30,0,0,0,0,0,0,60,lru,0,0,0,0,0,0,8,6,8,0,2,0,0,0,0,0,0,0,0,0,0,3801088,0,3801088,6,14834800303579465490
layer,12,0,11,42,decode,15,8,6,2,931,756,159,324,2,0,2,1197,7,17,0,0,0,0,0,0,60,lru,0,0,0,0,0,0,8,6,8,0,2,0,0,0,0,0,0,0,0,0,0,3801088,0,3801088,6,2951584243055437814
layer,12,0,11,42,decode,16,8,7,1,441,371,153,256,1,0,1,712,7,24,0,0,0,0,0,0,60,lru,0,0,0,0,0,0,8,7,8,0,1,0,0,0,0,0,0,0,0,0,0,1900544,0,1900544,3,4974162849106941581
layer,12,0,11,42,decode,17,8,7,1,476,392,157,124,1,0,1,642,7,25,0,0,0,0,0,0,60,lru,0,0,0,0,0,0,8,7,8,0,1,0,0,0,0,0,0,0,0,0,0,1900544,0,1900544,3,12187818528674078811
layer,12,0,11,42,decode,18,8,6,2,978,716,155,275,2,0,2,1319,7,2,0,0,0,0,0,0,60,lru,0,0,0,0,0,0,8,6,8,0,2,0,0,0,0,0,0,0,0,0,0,3801088,0,3801088,6,7633338771099989410
layer,12,0,11,42,decode,19,8,7,1,469,370,160,94,1,0,1,620,7,9,0,0,0,0,0,0,60,lru,0,0,0,0,0,0,8,7,8,0,1,0,0,0,0,0,0,0,0,0,0,1900544,0,1900544,3,8156129857689107700
layer,12,0,11,42,decode,20,8,6,2,993,779,153,210,2,0,2,1216,6,17,0,0,0,0,0,0,60,lru,0,0,0,0,0,0,8,6,8,0,2,0,0,0,0,0,0,0,0,0,0,3801088,0,3801088,6,1813320706633827633
layer,12,0,11,42,decode,21,8,7,1,470,394,156,167,1,0,1,633,7,25,0,0,0,0,0,0,60,lru,0,0,0,0,0,0,8,7,8,0,1,0,0,0,0,0,0,0,0,0,0,1900544,0,1900544,3,13926002950897277625
layer,12,0,11,42,decode,22,8,8,0,0,0,155,0,0,0,0,16,7,1,0,0,0,0,0,0,60,lru,0,0,0,0,0,0,8,8,8,0,0,0,0,0,0,0,0,0,0,0,0,0,0,0,0,1559352679748058743
layer,12,0,11,42,decode,23,8,3,5,2458,1857,176,708,3,0,3,3085,9,2,0,0,0,0,0,0,60,lru,0,0,0,0,0,0,8,3,8,0,5,0,0,0,0,0,0,0,0,0,0,9502720,0,9502720,15,7366155647159887311
layer,12,0,11,42,decode,24,8,6,2,967,774,153,300,3,0,3,1210,7,7,0,0,0,0,0,0,60,lru,0,0,0,0,0,0,8,6,8,0,2,0,1,0,0,0,0,0,0,0,0,3801088,0,3801088,6,17371598784370168492
layer,12,0,11,42,decode,25,8,6,2,980,723,176,473,2,0,2,1279,7,2,0,0,0,0,0,0,60,lru,0,0,0,0,0,0,8,6,8,0,2,0,1,0,0,0,0,0,0,0,0,3801088,0,3801088,6,17839187007855349133
layer,12,0,11,42,decode,26,8,6,2,1044,743,141,197,3,0,3,1353,6,28,0,0,0,0,0,0,60,lru,0,0,0,0,0,0,8,6,8,0,2,0,0,0,0,0,0,0,0,0,0,3801088,0,3801088,6,3852909878693437551
layer,12,0,11,42,decode,27,8,5,3,1511,1160,159,322,2,0,2,1810,7,33,0,0,0,0,0,0,60,lru,0,0,0,0,0,0,8,5,8,0,3,0,0,0,0,0,0,0,0,0,0,5701632,0,5701632,9,8048642404834630590
layer,12,0,11,42,decode,28,8,6,2,994,759,153,250,3,0,3,1252,13,27,0,0,0,0,0,0,60,lru,0,0,0,0,0,0,8,6,8,0,2,0,0,0,0,0,0,0,0,0,0,3801088,0,3801088,6,6672695550383979021
layer,12,0,11,42,decode,29,8,5,3,1493,1152,175,544,2,0,2,1854,7,2,0,0,0,0,0,0,60,lru,0,0,0,0,0,0,8,5,8,0,3,0,0,0,0,0,0,0,0,0,0,5701632,0,5701632,9,16017402961993236941
layer,12,0,11,42,decode,30,8,6,2,1010,768,141,257,2,0,2,1254,7,30,0,0,0,0,0,0,60,lru,0,0,0,0,0,0,8,6,8,0,2,0,0,0,0,0,0,0,0,0,0,3801088,0,3801088,6,3363806445734418070
layer,12,0,11,42,decode,31,8,5,3,1446,1083,178,361,2,0,2,1876,8,2,0,0,0,0,0,0,60,lru,0,0,0,0,0,0,8,5,8,0,3,0,0,0,0,0,0,0,0,0,0,5701632,0,5701632,9,16926243421022681931
layer,12,0,11,42,decode,32,8,5,3,1568,1119,152,416,3,0,3,1900,7,30,0,0,0,0,0,0,60,lru,0,0,0,0,0,0,8,5,8,0,3,0,0,0,0,0,0,0,0,0,0,5701632,0,5701632,9,11068854490551974018
layer,12,0,11,42,decode,33,8,7,1,512,377,158,184,1,0,1,692,7,13,0,0,0,0,0,0,60,lru,0,0,0,0,0,0,8,7,8,0,1,0,0,0,0,0,0,0,0,0,0,1900544,0,1900544,3,12802165441036094249
layer,12,0,11,42,decode,34,8,6,2,1036,783,142,173,1,0,1,1268,7,25,0,0,0,0,0,0,60,lru,0,0,0,0,0,0,8,6,8,0,2,0,0,0,0,0,0,0,0,0,0,4079616,0,4079616,6,9754346891681473512
layer,12,0,11,42,decode,35,8,7,1,515,386,160,89,1,0,1,685,7,22,0,0,0,0,0,0,60,lru,0,0,0,0,0,0,8,7,8,0,1,0,0,0,0,0,0,0,0,0,0,1900544,0,1900544,3,17752232055446096445
layer,12,0,11,42,decode,36,8,7,1,514,390,153,64,1,0,1,663,7,19,0,0,0,0,0,0,60,lru,0,0,0,0,0,0,8,7,8,0,1,0,0,0,0,0,0,0,0,0,0,1900544,0,1900544,3,154638287802291849
layer,12,0,11,42,decode,37,8,8,0,0,0,179,0,0,0,0,16,7,2,0,0,0,0,0,0,60,lru,0,0,0,0,0,0,8,8,8,0,0,0,0,0,0,0,0,0,0,0,0,0,0,0,0,3399099004312935728
layer,12,0,11,42,decode,38,8,8,0,0,0,160,0,0,0,0,14,6,2,0,0,0,0,0,0,60,lru,0,0,0,0,0,0,8,8,8,0,0,0,0,0,0,0,0,0,0,0,0,0,0,0,0,17548024398230276004
layer,12,0,11,42,decode,39,8,7,1,542,402,675,82,0,0,0,688,7,21,0,0,0,0,0,0,55,lru,0,0,0,0,0,0,8,7,8,1,0,0,0,0,0,0,0,0,0,0,0,2039808,0,2039808,3,10121950695083863087
request,12,0,11,0,decode,-1,0,0,0,0,0,0,0,0,0,0,0,0,0,0,0,0,0,0,0,0,,53940,498,0,0,15,0,0,0,0,0,0,0,0,0,0,0,0,0,0,0,0,0,0,0,0,0
layer,13,0,12,43,decode,0,8,7,1,486,389,165,146,2,0,2,681,9,34,0,0,0,0,0,0,60,lru,0,0,0,0,0,0,8,7,8,0,1,0,0,0,0,0,0,0,0,0,0,1900544,0,1900544,3,858121516989406824
layer,13,0,12,43,decode,1,8,5,3,1513,1141,155,424,2,0,2,1803,8,17,0,0,0,0,0,0,60,lru,0,0,0,0,0,0,8,5,8,0,3,0,0,0,0,0,0,0,0,0,0,5701632,0,5701632,9,15210171956954877456
layer,13,0,12,43,decode,2,8,4,4,1930,1448,140,624,3,0,3,2489,7,26,0,0,0,0,0,0,60,lru,0,0,0,0,0,0,8,4,8,0,4,0,0,0,0,0,0,0,0,0,0,7602176,0,7602176,12,11550181974282364892
layer,13,0,12,43,decode,3,8,6,2,978,753,158,368,3,0,3,1243,8,23,0,0,0,0,0,0,60,lru,0,0,0,0,0,0,8,6,8,0,2,0,1,0,0,0,0,0,0,0,0,3801088,0,3801088,6,12439280884093560089
layer,13,0,12,43,decode,4,8,6,2,949,736,152,238,2,0,2,1233,7,9,0,0,0,0,0,0,60,lru,0,0,0,0,0,0,8,6,8,0,2,0,0,0,0,0,0,0,0,0,0,3801088,0,3801088,6,14969020068312844115
layer,13,0,12,43,decode,5,8,8,0,0,0,175,0,0,0,0,17,7,2,0,0,0,0,0,0,60,lru,0,0,0,0,0,0,8,8,8,0,0,0,0,0,0,0,0,0,0,0,0,0,0,0,0,11667599730563386923
layer,13,0,12,43,decode,6,8,7,1,485,392,142,124,2,0,2,660,6,31,0,0,0,0,0,0,60,lru,0,0,0,0,0,0,8,7,8,0,1,0,0,0,0,0,0,0,0,0,0,1900544,0,1900544,3,6731789775147955587
layer,13,0,12,43,decode,7,8,6,2,961,699,179,499,2,0,2,1296,8,2,0,0,0,0,0,0,60,lru,0,0,0,0,0,0,8,6,8,0,2,0,0,0,0,0,0,0,0,0,0,3801088,0,3801088,6,12731953336088922921
layer,13,0,12,43,decode,8,8,8,0,0,0,173,0,0,0,0,16,7,2,0,0,0,0,0,0,60,lru,0,0,0,0,0,0,8,8,8,0,0,0,0,0,0,0,0,0,0,0,0,0,0,0,0,16110428540443183777
layer,13,0,12,43,decode,9,8,7,1,475,373,156,228,2,0,2,650,7,16,0,0,0,0,0,0,60,lru,0,0,0,0,0,0,8,7,8,0,1,0,0,0,0,0,0,0,0,0,0,1900544,0,1900544,3,13386479449405280132
layer,13,0,12,43,decode,10,8,4,4,1986,1521,140,484,3,0,3,2403,7,20,0,0,0,0,0,0,60,lru,0,0,0,0,0,0,8,4,8,0,4,0,0,0,0,0,0,0,0,0,0,7602176,0,7602176,12,9789545882573903552
layer,13,0,12,43,decode,11,8,5,3,1470,1137,158,549,1,0,1,1820,7,22,0,0,0,0,0,0,60,lru,0,0,0,0,0,0,8,5,8,0,3,0,1,0,0,0,0,0,0,0,0,5701632,0,5701632,9,7433041610146569337
layer,13,0,12,43,decode,12,8,7,1,486,379,153,93,2,0,2,643,7,15,0,0,0,0,0,0,60,lru,0,0,0,0,0,0,8,7,8,0,1,0,0,0,0,0,0,0,0,0,0,1900544,0,1900544,3,16091944271710309869
layer,13,0,12,43,decode,13,8,7,1,512,370,156,156,1,0,1,702,7,31,0,0,0,0,0,0,60,lru,0,0,0,0,0,0,8,7,8,0,1,0,0,0,0,0,0,0,0,0,0,1900544,0,1900544,3,9776327597950247629
layer,13,0,12,43,decode,14,8,6,2,979,765,141,284,2,0,2,1274,7,24,0,0,0,0,0,0,60,lru,0,0,0,0,0,0,8,6,8,0,2,0,0,0,0,0,0,0,0,0,0,3801088,0,3801088,6,2943946916716412784
layer,13,0,12,43,decode,15,8,7,1,465,374,160,215,1,0,1,648,7,21,0,0,0,0,0,0,60,lru,0,0,0,0,0,0,8,7,8,0,1,0,0,0,0,0,0,0,0,0,0,1900544,0,1900544,3,9461645505758936042
layer,13,0,12,43,decode,16,8,7,1,494,392,152,79,1,0,1,661,7,27,0,0,0,0,0,0,60,lru,0,0,0,0,0,0,8,7,8,0,1,0,0,0,0,0,0,0,0,0,0,1900544,0,1900544,3,4191788347704377532
layer,13,0,12,43,decode,17,8,7,1,497,383,159,192,1,0,1,670,7,25,0,0,0,0,0,0,60,lru,0,0,0,0,0,0,8,7,8,0,1,0,0,0,0,0,0,0,0,0,0,1900544,0,1900544,3,16633158394008817035
layer,13,0,12,43,decode,18,8,6,2,1000,766,140,244,2,0,2,1212,7,14,0,0,0,0,0,0,60,lru,0,0,0,0,0,0,8,6,8,0,2,0,0,0,0,0,0,0,0,0,0,3801088,0,3801088,6,7384128636139128530
layer,13,0,12,43,decode,19,8,6,2,1000,759,179,286,2,0,2,1276,7,2,0,0,0,0,0,0,60,lru,0,0,0,0,0,0,8,6,8,0,2,0,0,0,0,0,0,0,0,0,0,3801088,0,3801088,6,2653183539402183740
layer,13,0,12,43,decode,20,8,7,1,465,381,153,32,1,0,1,647,7,28,0,0,0,0,0,0,60,lru,0,0,0,0,0,0,8,7,8,0,1,0,0,0,0,0,0,0,0,0,0,1900544,0,1900544,3,4660564797535148619
layer,13,0,12,43,decode,21,8,6,2,991,776,156,240,2,0,2,1233,7,20,0,0,0,0,0,0,60,lru,0,0,0,0,0,0,8,6,8,0,2,0,0,0,0,0,0,0,0,0,0,3801088,0,3801088,6,17404828492415854353
layer,13,0,12,43,decode,22,8,6,2,1022,762,142,347,2,0,2,1264,7,22,0,0,0,0,0,0,60,lru,0,0,0,0,0,0,8,6,8,0,2,0,0,0,0,0,0,0,0,0,0,3801088,0,3801088,6,11938333417957762413
layer,13,0,12,43,decode,23,8,4,4,1981,1499,159,525,2,0,2,2377,7,25,0,0,0,0,0,0,60,lru,0,0,0,0,0,0,8,4,8,0,4,0,0,0,0,0,0,0,0,0,0,7602176,0,7602176,12,341747666670237407
layer,13,0,12,43,decode,24,8,5,3,1447,1111,152,330,1,0,1,1891,7,34,0,0,0,0,0,0,60,lru,0,0,0,0,0,0,8,5,8,0,3,0,0,0,0,0,0,0,0,0,0,5701632,0,5701632,9,10577373490269533602
layer,13,0,12,43,decode,25,8,6,2,1005,742,156,257,1,0,1,1226,7,31,0,0,0,0,0,0,60,lru,0,0,0,0,0,0,8,6,8,0,2,0,0,0,0,0,0,0,0,0,0,3801088,0,3801088,6,16120489597574698156
layer,13,0,12,43,decode,26,8,6,2,1022,725,139,315,2,0,2,1301,7,33,0,0,0,0,0,0,60,lru,0,0,0,0,0,0,8,6,8,0,2,0,0,0,0,0,0,0,0,0,0,3801088,0,3801088,6,3892791733511477209
layer,13,0,12,43,decode,27,8,5,3,1528,1114,159,388,1,0,1,1855,7,16,0,0,0,0,0,0,60,lru,0,0,0,0,0,0,8,5,8,0,3,0,0,0,0,0,0,0,0,0,0,5701632,0,5701632,9,6630072875165740216
layer,13,0,12,43,decode,28,8,5,3,1451,1094,171,387,1,0,1,1893,7,7,0,0,0,0,0,0,60,lru,0,0,0,0,0,0,8,5,8,0,3,0,0,0,0,0,0,0,0,0,0,5701632,0,5701632,9,9359835225461306424
layer,13,0,12,43,decode,29,8,5,3,1498,1145,156,479,2,0,2,1829,7,30,0,0,0,0,0,0,60,lru,0,0,0,0,0,0,8,5,8,0,3,0,0,0,0,0,0,0,0,0,0,5701632,0,5701632,9,9497092956954838926
layer,13,0,12,43,decode,30,8,4,4,1981,1519,154,699,2,0,2,2428,7,2,0,0,0,0,0,0,60,lru,0,0,0,0,0,0,8,4,8,0,4,0,0,0,0,0,0,0,0,0,0,7602176,0,7602176,12,4793849553796799762
layer,13,0,12,43,decode,31,8,8,0,0,0,180,0,0,0,0,17,7,2,0,0,0,0,0,0,60,lru,0,0,0,0,0,0,8,8,8,0,0,0,0,0,0,0,0,0,0,0,0,0,0,0,0,3082501398298783788
layer,13,0,12,43,decode,32,8,5,3,1484,1118,152,497,2,0,2,1860,6,19,0,0,0,0,0,0,60,lru,0,0,0,0,0,0,8,5,8,0,3,0,0,0,0,0,0,0,0,0,0,5701632,0,5701632,9,14250697914944331401
layer,13,0,12,43,decode,33,8,3,5,2538,1823,159,651,1,0,1,3157,7,37,0,0,0,0,0,0,60,lru,0,0,0,0,0,0,8,3,8,0,5,0,0,0,0,0,0,0,0,0,0,9502720,0,9502720,15,14184569026751758677
layer,13,0,12,43,decode,34,8,5,3,1586,1152,141,395,2,0,2,2006,7,11,0,0,0,0,0,0,60,lru,0,0,0,0,0,0,8,5,8,0,3,0,0,0,0,0,0,0,0,0,0,6119424,0,6119424,9,11877364459994310880
layer,13,0,12,43,decode,35,8,4,4,2040,1507,157,427,2,0,2,2463,7,28,0,0,0,0,0,0,60,lru,0,0,0,0,0,0,8,4,8,0,4,0,0,0,0,0,0,0,0,0,0,7602176,0,7602176,12,714899480164259681
layer,13,0,12,43,decode,36,8,0,8,4271,3051,148,1076,1,0,1,4963,7,16,0,0,0,0,0,0,60,lru,0,0,0,0,0,0,8,0,8,0,8,0,0,0,0,0,0,0,0,0,0,15204352,0,15204352,24,13737012441576354904
layer,13,0,12,43,decode,37,8,7,1,529,357,163,126,1,0,1,703,6,27,0,0,0,0,0,0,60,lru,0,0,0,0,0,0,8,7,8,0,1,0,1,0,0,0,0,0,0,0,0,1900544,0,1900544,3,4954222495824588993
layer,13,0,12,43,decode,38,8,5,3,1709,1158,140,610,2,0,2,2102,6,30,0,0,0,0,0,0,60,lru,0,0,0,0,0,0,8,5,8,0,3,0,0,0,0,0,0,0,0,0,0,6119424,0,6119424,9,7425046736277610111
layer,13,0,12,43,decode,39,8,3,5,2815,1934,671,492,0,0,0,3290,7,28,0,0,0,0,0,0,60,lru,0,0,0,0,0,0,8,3,8,5,0,0,0,0,0,0,0,0,0,0,0,10199040,0,10199040,15,18330707184529571869
request,13,0,12,0,decode,-1,0,0,0,0,0,0,0,0,0,0,0,0,0,0,0,0,0,0,0,0,,68843,576,0,0,14,0,0,0,0,0,0,0,0,0,0,0,0,0,0,0,0,0,0,0,0,0
layer,14,0,13,44,decode,0,8,2,6,2920,2195,170,751,3,0,3,3678,10,3,0,0,0,0,0,0,60,lru,0,0,0,0,0,0,8,2,8,0,6,0,1,0,0,0,0,0,0,0,0,11403264,0,11403264,18,3472664239022529590
layer,14,0,13,44,decode,1,8,6,2,962,764,156,193,3,0,3,1189,7,16,0,0,0,0,0,0,60,lru,0,0,0,0,0,0,8,6,8,0,2,0,1,0,0,0,0,0,0,0,0,3801088,0,3801088,6,1252018213868347281
layer,14,0,13,44,decode,2,8,5,3,1528,1107,142,633,3,0,3,1869,6,17,0,0,0,0,0,0,60,lru,0,0,0,0,0,0,8,5,8,0,3,0,0,0,0,0,0,0,0,0,0,5701632,0,5701632,9,12285004693365549460
layer,14,0,13,44,decode,3,8,8,0,0,0,179,0,0,0,0,18,7,2,0,0,0,0,0,0,60,lru,0,0,0,0,0,0,8,8,8,0,0,0,0,0,0,0,0,0,0,0,0,0,0,0,0,5610261720011041695
layer,14,0,13,44,decode,4,8,6,2,976,744,152,204,3,0,3,1246,6,8,0,0,0,0,0,0,60,lru,0,0,0,0,0,0,8,6,8,0,2,0,0,0,0,0,0,0,0,0,0,3801088,0,3801088,6,15462394536151259244
layer,14,0,13,44,decode,5,8,7,1,484,396,157,131,2,0,2,636,7,16,0,0,0,0,0,0,60,lru,0,0,0,0,0,0,8,7,8,0,1,0,0,0,0,0,0,0,0,0,0,1900544,0,1900544,3,3644861560585974265
layer,14,0,13,44,decode,6,8,6,2,983,739,141,364,2,0,2,1234,7,22,0,0,0,0,0,0,60,lru,0,0,0,0,0,0,8,6,8,0,2,0,0,0,0,0,0,0,0,0,0,3801088,0,3801088,6,10186587252440535567
layer,14,0,13,44,decode,7,8,7,1,481,397,160,81,1,0,1,629,8,27,0,0,0,0,0,0,60,lru,0,0,0,0,0,0,8,7,8,0,1,0,0,0,0,0,0,0,0,0,0,1900544,0,1900544,3,2864332923309207637
layer,14,0,13,44,decode,8,8,7,1,468,377,153,79,1,0,1,657,7,33,0,0,0,0,0,0,60,lru,0,0,0,0,0,0,8,7,8,0,1,0,0,0,0,0,0,0,0,0,0,1900544,0,1900544,3,12001130610261952468
layer,14,0,13,44,decode,9,8,8,0,0,0,176,0,0,0,0,16,7,1,0,0,0,0,0,0,60,lru,0,0,0,0,0,0,8,8,8,0,0,0,0,0,0,0,0,0,0,0,0,0,0,0,0,1210186288760588917
layer,14,0,13,44,decode,10,8,7,1,484,360,142,111,2,0,2,625,6,13,0,0,0,0,0,0,60,lru,0,0,0,0,0,0,8,7,8,0,1,0,0,0,0,0,0,0,0,0,0,1900544,0,1900544,3,5362147116381493069
layer,14,0,13,44,decode,11,8,6,2,1020,785,158,231,3,0,3,1240,7,15,0,0,0,0,0,0,60,lru,0,0,0,0,0,0,8,6,8,0,2,0,0,0,0,0,0,0,0,0,0,3801088,0,3801088,6,9953956003909101592
layer,14,0,13,44,decode,12,8,8,0,0,0,171,0,0,0,0,15,7,1,0,0,0,0,0,0,60,lru,0,0,0,0,0,0,8,8,8,0,0,0,0,0,0,0,0,0,0,0,0,0,0,0,0,17429633757668582878
layer,14,0,13,44,decode,13,8,8,0,0,0,176,0,0,0,0,14,6,1,0,0,0,0,0,0,60,lru,0,0,0,0,0,0,8,8,8,0,0,0,0,0,0,0,0,0,0,0,0,0,0,0,0,1031268643360102535
layer,14,0,13,44,decode,14,8,8,0,0,0,155,0,0,0,0,15,6,1,0,0,0,0,0,0,60,lru,0,0,0,0,0,0,8,8,8,0,0,0,0,0,0,0,0,0,0,0,0,0,0,0,0,342823436646003136
layer,14,0,13,44,decode,15,8,8,0,0,0,179,0,0,0,0,15,7,1,0,0,0,0,0,0,60,lru,0,0,0,0,0,0,8,8,8,0,0,0,0,0,0,0,0,0,0,0,0,0,0,0,0,14268805065013335371
layer,14,0,13,44,decode,16,8,7,1,470,373,173,148,2,0,2,678,9,2,0,0,0,0,0,0,60,lru,0,0,0,0,0,0,8,7,8,0,1,0,0,0,0,0,0,0,0,0,0,1900544,0,1900544,3,10650301473377422033
layer,14,0,13,44,decode,17,8,8,0,0,0,177,0,0,0,0,16,7,1,0,0,0,0,0,0,60,lru,0,0,0,0,0,0,8,8,8,0,0,0,0,0,0,0,0,0,0,0,0,0,0,0,0,12901982766313900727
layer,14,0,13,44,decode,18,8,7,1,465,377,146,100,2,0,2,714,6,32,0,0,0,0,0,0,60,lru,0,0,0,0,0,0,8,7,8,0,1,0,0,0,0,0,0,0,0,0,0,1900544,0,1900544,3,5751753217814834742
layer,14,0,13,44,decode,19,8,8,0,0,0,180,0,0,0,0,17,7,1,0,0,0,0,0,0,60,lru,0,0,0,0,0,0,8,8,8,0,0,0,0,0,0,0,0,0,0,0,0,0,0,0,0,7611395007260332049
layer,14,0,13,44,decode,20,8,8,0,0,0,172,0,0,0,0,14,6,2,0,0,0,0,0,0,60,lru,0,0,0,0,0,0,8,8,8,0,0,0,0,0,0,0,0,0,0,0,0,0,0,0,0,6739312985901092900
layer,14,0,13,44,decode,21,8,8,0,0,0,176,0,0,0,0,14,6,1,0,0,0,0,0,0,60,lru,0,0,0,0,0,0,8,8,8,0,0,0,0,0,0,0,0,0,0,0,0,0,0,0,0,14390548102887139833
layer,14,0,13,44,decode,22,8,7,1,491,394,140,139,1,0,1,657,6,24,0,0,0,0,0,0,60,lru,0,0,0,0,0,0,8,7,8,0,1,0,0,0,0,0,0,0,0,0,0,1900544,0,1900544,3,12661660457000104227
layer,14,0,13,44,decode,23,8,5,3,1466,1125,157,192,3,0,3,1859,7,13,0,0,0,0,0,0,60,lru,0,0,0,0,0,0,8,5,8,0,3,0,0,0,0,0,0,0,0,0,0,5701632,0,5701632,9,15829589326605188057
layer,14,0,13,44,decode,24,8,8,0,0,0,172,0,0,0,0,16,7,1,0,0,0,0,0,0,60,lru,0,0,0,0,0,0,8,8,8,0,0,0,0,0,0,0,0,0,0,0,0,0,0,0,0,9263612998594741605
layer,14,0,13,44,decode,25,8,7,1,479,328,165,141,1,0,1,703,7,15,0,0,0,0,0,0,60,lru,0,0,0,0,0,0,8,7,8,0,1,0,0,0,0,0,0,0,0,0,0,1900544,0,1900544,3,11852454962411676693
layer,14,0,13,44,decode,26,8,6,2,1016,739,156,316,3,0,3,1330,7,2,0,0,0,0,0,0,60,lru,0,0,0,0,0,0,8,6,8,0,2,0,0,0,0,0,0,0,0,0,0,3801088,0,3801088,6,14137555828886536815
layer,14,0,13,44,decode,27,8,7,1,498,376,161,78,1,0,1,652,7,25,0,0,0,0,0,0,60,lru,0,0,0,0,0,0,8,7,8,0,1,0,0,0,0,0,0,0,0,0,0,1900544,0,1900544,3,8530207781272146001
layer,14,0,13,44,decode,28,8,4,4,1943,1467,151,553,2,0,2,2454,7,29,0,0,0,0,0,0,60,lru,0,0,0,0,0,0,8,4,8,0,4,0,0,0,0,0,0,0,0,0,0,7602176,0,7602176,12,1041486892074773005
layer,14,0,13,44,decode,29,8,6,2,992,774,155,259,2,0,2,1234,7,20,0,0,0,0,0,0,60,lru,0,0,0,0,0,0,8,6,8,0,2,0,1,0,0,0,0,0,0,0,0,3801088,0,3801088,6,5590170729374765035
layer,14,0,13,44,decode,30,8,5,3,1469,1098,139,405,2,0,2,1931,7,19,0,0,0,0,0,0,60,lru,0,0,0,0,0,0,8,5,8,0,3,0,0,0,0,0,0,0,0,0,0,5701632,0,5701632,9,11873992143702461943
layer,14,0,13,44,decode,31,8,7,1,483,358,159,173,2,0,2,657,7,21,0,0,0,0,0,0,60,lru,0,0,0,0,0,0,8,7,8,0,1,0,0,0,0,0,0,0,0,0,0,1900544,0,1900544,3,4076610858597281472
layer,14,0,13,44,decode,32,8,4,4,1963,1488,163,541,3,0,3,2442,7,15,0,0,0,0,0,0,60,lru,0,0,0,0,0,0,8,4,8,0,4,0,0,0,0,0,0,0,0,0,0,7602176,0,7602176,12,4639440340808536035
layer,14,0,13,44,decode,33,8,6,2,992,738,168,306,2,0,2,1320,7,9,0,0,0,0,0,0,60,lru,0,0,0,0,0,0,8,6,8,0,2,0,1,0,0,0,0,0,0,0,0,3801088,0,3801088,6,5710715989043312684
layer,14,0,13,44,decode,34,8,6,2,1049,783,141,267,1,0,1,1304,7,22,0,0,0,0,0,0,60,lru,0,0,0,0,0,0,8,6,8,0,2,0,0,0,0,0,0,0,0,0,0,4079616,0,4079616,6,12639840252721750269
layer,14,0,13,44,decode,35,8,7,1,493,391,160,131,1,0,1,668,7,30,0,0,0,0,0,0,60,lru,0,0,0,0,0,0,8,7,8,0,1,0,0,0,0,0,0,0,0,0,0,1900544,0,1900544,3,5827541395899758676
layer,14,0,13,44,decode,36,8,8,0,0,0,175,0,0,0,0,15,7,1,0,0,0,0,0,0,60,lru,0,0,0,0,0,0,8,8,8,0,0,0,0,0,0,0,0,0,0,0,0,0,0,0,0,6788721691147815983
layer,14,0,13,44,decode,37,8,4,4,2128,1495,154,404,2,0,2,2502,6,23,0,0,0,0,0,0,60,lru,0,0,0,0,0,0,8,4,8,0,4,0,0,0,0,0,0,0,0,0,0,7602176,0,7602176,12,16767596932942430271
layer,14,0,13,44,decode,38,8,7,1,534,379,142,109,1,0,1,694,7,28,0,0,0,0,0,0,60,lru,0,0,0,0,0,0,8,7,8,0,1,0,0,0,0,0,0,0,0,0,0,2039808,0,2039808,3,17144218459718827309
layer,14,0,13,44,decode,39,8,8,0,0,0,689,0,0,0,0,17,7,1,0,0,0,0,0,0,60,lru,0,0,0,0,0,0,8,8,8,0,0,0,0,0,0,0,0,0,0,0,0,0,0,0,0,2440312647332766644
request,14,0,13,0,decode,-1,0,0,0,0,0,0,0,0,0,0,0,0,0,0,0,0,0,0,0,0,,43527,430,0,0,15,0,0,0,0,0,0,0,0,0,0,0,0,0,0,0,0,0,0,0,0,0
layer,15,0,14,45,decode,0,8,0,8,3988,3002,150,1279,3,0,3,4835,9,36,0,0,0,0,0,0,60,lru,0,0,0,0,0,0,8,0,8,0,8,0,1,0,0,0,0,0,0,0,0,15204352,0,15204352,24,4063060300529580835
layer,15,0,14,45,decode,1,8,4,4,1941,1528,153,444,3,0,3,2332,8,19,0,0,0,0,0,0,60,lru,0,0,0,0,0,0,8,4,8,0,4,0,0,0,0,0,0,0,0,0,0,7602176,0,7602176,12,4342521204573089388
layer,15,0,14,45,decode,2,8,5,3,1505,1129,140,457,3,0,3,1838,7,33,0,0,0,0,0,0,60,lru,0,0,0,0,0,0,8,5,8,0,3,0,1,0,0,0,0,0,0,0,0,5701632,0,5701632,9,14031647075068842091
layer,15,0,14,45,decode,3,8,5,3,1474,1117,158,392,3,0,3,1898,7,23,0,0,0,0,0,0,60,lru,0,0,0,0,0,0,8,5,8,0,3,0,1,0,0,0,0,0,0,0,0,5701632,0,5701632,9,10199546864480216053
layer,15,0,14,45,decode,4,8,6,2,982,757,152,184,3,0,3,1201,7,25,0,0,0,0,0,0,60,lru,0,0,0,0,0,0,8,6,8,0,2,0,0,0,0,0,0,0,0,0,0,3801088,0,3801088,6,2570131524017720353
layer,15,0,14,45,decode,5,8,6,2,992,762,155,308,3,0,3,1235,7,19,0,0,0,0,0,0,60,lru,0,0,0,0,0,0,8,6,8,0,2,0,0,0,0,0,0,0,0,0,0,3801088,0,3801088,6,447969755425389556
layer,15,0,14,45,decode,6,8,5,3,1507,1131,141,351,2,0,2,1806,7,21,0,0,0,0,0,0,60,lru,0,0,0,0,0,0,8,5,8,0,3,0,0,0,0,0,0,0,0,0,0,5701632,0,5701632,9,15902265815431580745
layer,15,0,14,45,decode,7,8,6,2,994,765,159,279,1,0,1,1241,7,20,0,0,0,0,0,0,60,lru,0,0,0,0,0,0,8,6,8,0,2,0,0,0,0,0,0,0,0,0,0,3801088,0,3801088,6,13084165259769999671
layer,15,0,14,45,decode,8,8,8,0,0,0,172,0,0,0,0,16,7,1,0,0,0,0,0,0,60,lru,0,0,0,0,0,0,8,8,8,0,0,0,0,0,0,0,0,0,0,0,0,0,0,0,0,5500574692511467040
layer,15,0,14,45,decode,9,8,8,0,0,0,175,0,0,0,0,14,6,2,0,0,0,0,0,0,60,lru,0,0,0,0,0,0,8,8,8,0,0,0,0,0,0,0,0,0,0,0,0,0,0,0,0,16999629125684399167
layer,15,0,14,45,decode,10,8,4,4,1983,1477,140,695,2,0,2,2509,6,20,0,0,0,0,0,0,60,lru,0,0,0,0,0,0,8,4,8,0,4,0,0,0,0,0,0,0,0,0,0,7602176,0,7602176,12,6295179680682586273
layer,15,0,14,45,decode,11,8,3,5,2409,1880,173,781,3,0,3,3002,8,33,0,0,0,0,0,0,60,lru,0,0,0,0,0,0,8,3,8,0,5,0,0,0,0,0,0,0,0,0,0,9502720,0,9502720,15,15656898354694929289
layer,15,0,14,45,decode,12,8,5,3,1482,1166,150,404,2,0,2,1784,7,25,0,0,0,0,0,0,60,lru,0,0,0,0,0,0,8,5,8,0,3,0,1,0,0,0,0,0,0,0,0,5701632,0,5701632,9,18036419633542195968
layer,15,0,14,45,decode,13,8,5,3,1440,1129,172,586,2,0,2,1862,7,48,0,0,0,0,0,0,60,lru,0,0,0,0,0,0,8,5,8,0,3,0,0,0,0,0,0,0,0,0,0,5701632,0,5701632,9,16229021260155408792
layer,15,0,14,45,decode,14,8,7,1,463,380,142,121,1,0,1,654,7,9,0,0,0,0,0,0,60,lru,0,0,0,0,0,0,8,7,8,0,1,0,0,0,0,0,0,0,0,0,0,1900544,0,1900544,3,10475850199522452971
layer,15,0,14,45,decode,15,8,6,2,973,777,163,150,2,0,2,1188,7,21,0,0,0,0,0,0,60,lru,0,0,0,0,0,0,8,6,8,0,2,0,0,0,0,0,0,0,0,0,0,3801088,0,3801088,6,11787343887814686605
layer,15,0,14,45,decode,16,8,6,2,951,766,152,326,2,0,2,1227,7,24,0,0,0,0,0,0,60,lru,0,0,0,0,0,0,8,6,8,0,2,0,0,0,0,0,0,0,0,0,0,3801088,0,3801088,6,9335854135156508718
layer,15,0,14,45,decode,17,8,4,4,1969,1529,155,710,2,0,2,2392,7,28,0,0,0,0,0,0,60,lru,0,0,0,0,0,0,8,4,8,0,4,0,1,0,0,0,0,0,0,0,0,7602176,0,7602176,12,17908024067317101700
layer,15,0,14,45,decode,18,8,5,3,1530,1109,153,490,2,0,2,1918,7,2,0,0,0,0,0,0,60,lru,0,0,0,0,0,0,8,5,8,0,3,0,0,0,0,0,0,0,0,0,0,5701632,0,5701632,9,5989234032222873519
layer,15,0,14,45,decode,19,8,6,2,972,774,158,178,2,0,2,1225,7,23,0,0,0,0,0,0,60,lru,0,0,0,0,0,0,8,6,8,0,2,0,0,0,0,0,0,0,0,0,0,3801088,0,3801088,6,8753883172782688278
layer,15,0,14,45,decode,20,8,7,1,465,369,164,244,1,0,1,679,7,8,0,0,0,0,0,0,60,lru,0,0,0,0,0,0,8,7,8,0,1,0,0,0,0,0,0,0,0,0,0,1900544,0,1900544,3,15115915700640947488
layer,15,0,14,45,decode,21,8,6,2,989,760,156,272,2,0,2,1249,7,25,0,0,0,0,0,0,60,lru,0,0,0,0,0,0,8,6,8,0,2,0,0,0,0,0,0,0,0,0,0,3801088,0,3801088,6,4689691796421682604
layer,15,0,14,45,decode,22,8,3,5,2536,1872,139,724,2,0,2,3098,7,31,0,0,0,0,0,0,60,lru,0,0,0,0,0,0,8,3,8,0,5,0,0,0,0,0,0,0,0,0,0,9502720,0,9502720,15,18417036844267364154
layer,15,0,14,45,decode,23,8,5,3,1453,1142,159,351,3,0,3,1768,7,29,0,0,0,0,0,0,60,lru,0,0,0,0,0,0,8,5,8,0,3,0,0,0,0,0,0,0,0,0,0,5701632,0,5701632,9,1853664858495326036
layer,15,0,14,45,decode,24,8,6,2,993,770,152,266,2,0,2,1254,7,34,0,0,0,0,0,0,60,lru,0,0,0,0,0,0,8,6,8,0,2,0,0,0,0,0,0,0,0,0,0,3801088,0,3801088,6,988953209046731100
layer,15,0,14,45,decode,25,8,4,4,1990,1507,154,536,2,0,2,2398,7,11,0,0,0,0,0,0,60,lru,0,0,0,0,0,0,8,4,8,0,4,0,0,0,0,0,0,0,0,0,0,7602176,0,7602176,12,5802487172893195511
layer,15,0,14,45,decode,26,8,6,2,1009,725,155,318,2,0,2,1368,7,2,0,0,0,0,0,0,60,lru,0,0,0,0,0,0,8,6,8,0,2,0,0,0,0,0,0,0,0,0,0,3801088,0,3801088,6,9574889156079913617
layer,15,0,14,45,decode,27,8,3,5,2470,1857,157,609,1,0,1,3023,7,21,0,0,0,0,0,0,60,lru,0,0,0,0,0,0,8,3,8,0,5,0,0,0,0,0,0,0,0,0,0,9502720,0,9502720,15,8369283792250123921
layer,15,0,14,45,decode,28,8,8,0,0,0,172,0,0,0,0,18,8,2,0,0,0,0,0,0,60,lru,0,0,0,0,0,0,8,8,8,0,0,0,1,0,0,0,0,0,0,0,0,0,0,0,0,9319099553056419087
layer,15,0,14,45,decode,29,8,5,3,1541,1156,156,418,2,0,2,1815,6,17,0,0,0,0,0,0,60,lru,0,0,0,0,0,0,8,5,8,0,3,0,0,0,0,0,0,0,0,0,0,5701632,0,5701632,9,17931259774581594647
layer,15,0,14,45,decode,30,8,6,2,974,752,147,201,3,0,3,1241,7,22,0,0,0,0,0,0,60,lru,0,0,0,0,0,0,8,6,8,0,2,0,0,0,0,0,0,0,0,0,0,3801088,0,3801088,6,4381405167770392685
layer,15,0,14,45,decode,31,8,6,2,1009,766,171,246,1,0,1,1299,7,6,0,0,0,0,0,0,60,lru,0,0,0,0,0,0,8,6,8,0,2,0,0,0,0,0,0,0,0,0,0,3801088,0,3801088,6,6001749569948009506
layer,15,0,14,45,decode,32,8,5,3,1491,1155,172,557,1,0,1,1836,7,2,0,0,0,0,0,0,60,lru,0,0,0,0,0,0,8,5,8,0,3,0,0,0,0,0,0,0,0,0,0,5701632,0,5701632,9,4673713381645065895
layer,15,0,14,45,decode,33,8,6,2,1030,773,156,287,2,0,2,1259,7,24,0,0,0,0,0,0,60,lru,0,0,0,0,0,0,8,6,8,0,2,0,0,0,0,0,0,0,0,0,0,3801088,0,3801088,6,14619245138680758876
layer,15,0,14,45,decode,34,8,7,1,512,391,142,117,1,0,1,680,6,23,0,0,0,0,0,0,60,lru,0,0,0,0,0,0,8,7,8,0,1,0,0,0,0,0,0,0,0,0,0,2039808,0,2039808,3,3470286157865200148
layer,15,0,14,45,decode,35,8,8,0,0,0,180,0,0,0,0,17,7,1,0,0,0,0,0,0,60,lru,0,0,0,0,0,0,8,8,8,0,0,0,0,0,0,0,0,0,0,0,0,0,0,0,0,9053202581760690837
layer,15,0,14,45,decode,36,8,7,1,503,370,153,129,2,0,2,674,10,29,0,0,0,0,0,0,60,lru,0,0,0,0,0,0,8,7,8,0,1,0,0,0,0,0,0,0,0,0,0,1900544,0,1900544,3,9421139971632278790
layer,15,0,14,45,decode,37,8,8,0,0,0,179,0,0,0,0,17,8,2,0,0,0,0,0,0,60,lru,0,0,0,0,0,0,8,8,8,0,0,0,0,0,0,0,0,0,0,0,0,0,0,0,0,5711081926512331471
layer,15,0,14,45,decode,38,8,8,0,0,0,159,0,0,0,0,15,7,1,0,0,0,0,0,0,60,lru,0,0,0,0,0,0,8,8,8,0,0,0,0,0,0,0,0,0,0,0,0,0,0,0,0,198569402309704837
layer,15,0,14,45,decode,39,8,8,0,0,0,686,0,0,0,0,14,6,1,0,0,0,0,0,0,60,lru,0,0,0,0,0,0,8,8,8,0,0,0,0,0,0,0,0,0,0,0,0,0,0,0,0,7903768744837916005
request,15,0,14,0,decode,-1,0,0,0,0,0,0,0,0,0,0,0,0,0,0,0,0,0,0,0,0,,66729,588,0,0,17,0,0,0,0,0,0,0,0,0,0,0,0,0,0,0,0,0,0,0,0,0
layer,16,0,15,46,decode,0,8,3,5,2472,1857,172,717,2,0,2,3084,9,4,0,0,0,0,0,0,60,lru,0,0,0,0,0,0,8,3,8,0,5,0,1,0,0,0,0,0,0,0,0,9502720,0,9502720,15,15101722130558225062
layer,16,0,15,46,decode,1,8,2,6,2987,2248,153,644,3,0,3,3579,7,27,0,0,0,0,0,0,60,lru,0,0,0,0,0,0,8,2,8,0,6,0,1,0,0,0,0,0,0,0,0,11403264,0,11403264,18,7964588459306996826
layer,16,0,15,46,decode,2,8,4,4,1951,1506,147,679,3,0,3,2392,7,12,0,0,0,0,0,0,60,lru,0,0,0,0,0,0,8,4,8,0,4,0,0,0,0,0,0,0,0,0,0,7602176,0,7602176,12,12889262754809073320
layer,16,0,15,46,decode,3,8,7,1,497,381,161,110,2,0,2,664,7,25,0,0,0,0,0,0,60,lru,0,0,0,0,0,0,8,7,8,0,1,0,3,0,0,0,0,0,0,0,0,1900544,0,1900544,3,5429895583469402864
layer,16,0,15,46,decode,4,8,8,0,0,0,172,0,0,0,0,17,7,2,0,0,0,0,0,0,60,lru,0,0,0,0,0,0,8,8,8,0,0,0,0,0,0,0,0,0,0,0,0,0,0,0,0,1863994510050188031
layer,16,0,15,46,decode,5,8,6,2,950,751,157,356,1,0,1,1228,6,33,0,0,0,0,0,0,60,lru,0,0,0,0,0,0,8,6,8,0,2,0,0,0,0,0,0,0,0,0,0,3801088,0,3801088,6,6803272523836025818
layer,16,0,15,46,decode,6,8,6,2,981,750,141,327,2,0,2,1234,7,18,0,0,0,0,0,0,60,lru,0,0,0,0,0,0,8,6,8,0,2,0,0,0,0,0,0,0,0,0,0,3801088,0,3801088,6,4904807344768888970
layer,16,0,15,46,decode,7,8,7,1,473,368,160,143,2,0,2,673,7,18,0,0,0,0,0,0,60,lru,0,0,0,0,0,0,8,7,8,0,1,0,0,0,0,0,0,0,0,0,0,1900544,0,1900544,3,16456872756989318519
layer,16,0,15,46,decode,8,8,8,0,0,0,171,0,0,0,0,15,6,1,0,0,0,0,0,0,60,lru,0,0,0,0,0,0,8,8,8,0,0,0,0,0,0,0,0,0,0,0,0,0,0,0,0,4566005800860742158
layer,16,0,15,46,decode,9,8,8,0,0,0,177,0,0,0,0,14,6,1,0,0,0,0,0,0,60,lru,0,0,0,0,0,0,8,8,8,0,0,0,0,0,0,0,0,0,0,0,0,0,0,0,0,7671056574532490987
layer,16,0,15,46,decode,10,8,8,0,0,0,156,0,0,0,0,17,8,1,0,0,0,0,0,0,60,lru,0,0,0,0,0,0,8,8,8,0,0,0,0,0,0,0,0,0,0,0,0,0,0,0,0,6106347764870680528
layer,16,0,15,46,decode,11,8,8,0,0,0,178,0,0,0,0,15,7,1,0,0,0,0,0,0,60,lru,0,0,0,0,0,0,8,8,8,0,0,0,0,0,0,0,0,0,0,0,0,0,0,0,0,13168142748669658851
layer,16,0,15,46,decode,12,8,7,1,471,380,153,156,1,0,1,601,7,24,0,0,0,0,0,0,60,lru,0,0,0,0,0,0,8,7,8,0,1,0,0,0,0,0,0,0,0,0,0,1900544,0,1900544,3,3400307486685355308
layer,16,0,15,46,decode,13,8,7,1,494,382,176,177,1,0,1,690,7,6,0,0,0,0,0,0,60,lru,0,0,0,0,0,0,8,7,8,0,1,0,0,0,0,0,0,0,0,0,0,1900544,0,1900544,3,8569197035547437830
layer,16,0,15,46,decode,14,8,7,1,494,389,142,83,1,0,1,645,7,23,0,0,0,0,0,0,60,lru,0,0,0,0,0,0,8,7,8,0,1,0,0,0,0,0,0,0,0,0,0,1900544,0,1900544,3,3614167685989559877
layer,16,0,15,46,decode,15,8,8,0,0,0,178,0,0,0,0,16,7,2,0,0,0,0,0,0,60,lru,0,0,0,0,0,0,8,8,8,0,0,0,0,0,0,0,0,0,0,0,0,0,0,0,0,1887198740031975166
layer,16,0,15,46,decode,16,8,8,0,0,0,171,0,0,0,0,15,7,2,0,0,0,0,0,0,60,lru,0,0,0,0,0,0,8,8,8,0,0,0,0,0,0,0,0,0,0,0,0,0,0,0,0,16681386218303858868
layer,16,0,15,46,decode,17,8,7,1,486,368,177,71,1,0,1,666,6,65,0,0,0,0,0,0,60,lru,0,0,0,0,0,0,8,7,8,0,1,0,0,0,0,0,0,0,0,0,0,1900544,0,1900544,3,468386535345352752
layer,16,0,15,46,decode,18,8,7,1,493,366,156,281,1,0,1,696,7,8,0,0,0,0,0,0,60,lru,0,0,0,0,0,0,8,7,8,0,1,0,0,0,0,0,0,0,0,0,0,1900544,0,1900544,3,17772091637655180398
layer,16,0,15,46,decode,19,8,6,2,1011,750,161,200,3,0,3,1216,7,7,0,0,0,0,0,0,60,lru,0,0,0,0,0,0,8,6,8,0,2,0,0,0,0,0,0,0,0,0,0,3801088,0,3801088,6,12733249251772999255
layer,16,0,15,46,decode,20,8,7,1,475,382,153,83,1,0,1,644,7,25,0,0,0,0,0,0,60,lru,0,0,0,0,0,0,8,7,8,0,1,0,0,0,0,0,0,0,0,0,0,1900544,0,1900544,3,10590372540103905701
layer,16,0,15,46,decode,21,8,8,0,0,0,177,0,0,0,0,15,7,1,0,0,0,0,0,0,60,lru,0,0,0,0,0,0,8,8,8,0,0,0,0,0,0,0,0,0,0,0,0,0,0,0,0,1706466347243319984
layer,16,0,15,46,decode,22,8,8,0,0,0,156,0,0,0,0,15,6,2,0,0,0,0,0,0,60,lru,0,0,0,0,0,0,8,8,8,0,0,0,0,0,0,0,0,0,0,0,0,0,0,0,0,12461141312369350462
layer,16,0,15,46,decode,23,8,5,3,1484,1097,178,465,3,0,3,1945,7,2,0,0,0,0,0,0,60,lru,0,0,0,0,0,0,8,5,8,0,3,0,0,0,0,0,0,0,0,0,0,5701632,0,5701632,9,17454743078895587194
layer,16,0,15,46,decode,24,8,7,1,482,382,153,67,2,0,2,637,7,31,0,0,0,0,0,0,60,lru,0,0,0,0,0,0,8,7,8,0,1,0,0,0,0,0,0,0,0,0,0,1900544,0,1900544,3,4341438183720309445
layer,16,0,15,46,decode,25,8,8,0,0,0,175,0,0,0,0,16,7,1,0,0,0,0,0,0,60,lru,0,0,0,0,0,0,8,8,8,0,0,0,0,0,0,0,0,0,0,0,0,0,0,0,0,11843459076513845374
layer,16,0,15,46,decode,26,8,6,2,1043,727,155,380,3,0,3,1391,6,3,0,0,0,0,0,0,60,lru,0,0,0,0,0,0,8,6,8,0,2,0,0,0,0,0,0,0,0,0,0,3801088,0,3801088,6,17133138604574934345
layer,16,0,15,46,decode,27,8,7,1,477,354,160,203,1,0,1,688,7,33,0,0,0,0,0,0,60,lru,0,0,0,0,0,0,8,7,8,0,1,0,0,0,0,0,0,0,0,0,0,1900544,0,1900544,3,15903898944217972667
layer,16,0,15,46,decode,28,8,6,2,972,763,172,176,3,0,3,1252,7,2,0,0,0,0,0,0,60,lru,0,0,0,0,0,0,8,6,8,0,2,0,0,0,0,0,0,0,0,0,0,3801088,0,3801088,6,4033160872747980413
layer,16,0,15,46,decode,29,8,8,0,0,0,176,0,0,0,0,16,7,1,0,0,0,0,0,0,60,lru,0,0,0,0,0,0,8,8,8,0,0,0,0,0,0,0,0,0,0,0,0,0,0,0,0,8336695073858867785
layer,16,0,15,46,decode,30,8,8,0,0,0,157,0,0,0,0,15,7,2,0,0,0,0,0,0,60,lru,0,0,0,0,0,0,8,8,8,0,0,0,0,0,0,0,0,0,0,0,0,0,0,0,0,11148490022925143499
layer,16,0,15,46,decode,31,8,7,1,467,385,160,173,1,0,1,659,7,27,0,0,0,0,0,0,60,lru,0,0,0,0,0,0,8,7,8,0,1,0,0,0,0,0,0,0,0,0,0,1900544,0,1900544,3,3582134073744384998
layer,16,0,15,46,decode,32,8,8,0,0,0,171,0,0,0,0,16,7,1,0,0,0,0,0,0,60,lru,0,0,0,0,0,0,8,8,8,0,0,0,0,0,0,0,0,0,0,0,0,0,0,0,0,407865918626851717
layer,16,0,15,46,decode,33,8,8,0,0,0,176,0,0,0,0,15,6,1,0,0,0,0,0,0,60,lru,0,0,0,0,0,0,8,8,8,0,0,0,0,0,0,0,0,0,0,0,0,0,0,0,0,16140403277266091281
layer,16,0,15,46,decode,34,8,8,0,0,0,157,0,0,0,0,15,7,2,0,0,0,0,0,0,60,lru,0,0,0,0,0,0,8,8,8,0,0,0,0,0,0,0,0,0,0,0,0,0,0,0,0,9140612621555913507
layer,16,0,15,46,decode,35,8,8,0,0,0,180,0,0,0,0,14,6,1,0,0,0,0,0,0,60,lru,0,0,0,0,0,0,8,8,8,0,0,0,0,0,0,0,0,0,0,0,0,0,0,0,0,3002051434074157299
layer,16,0,15,46,decode,36,8,8,0,0,0,174,0,0,0,0,14,6,1,0,0,0,0,0,0,60,lru,0,0,0,0,0,0,8,8,8,0,0,0,0,0,0,0,0,0,0,0,0,0,0,0,0,16171826442277873036
layer,16,0,15,46,decode,37,8,8,0,0,0,178,0,0,0,0,14,6,1,0,0,0,0,0,0,60,lru,0,0,0,0,0,0,8,8,8,0,0,0,0,0,0,0,0,0,0,0,0,0,0,0,0,9454504042928536147
layer,16,0,15,46,decode,38,8,8,0,0,0,160,0,0,0,0,14,7,1,0,0,0,0,0,0,60,lru,0,0,0,0,0,0,8,8,8,0,0,0,0,0,0,0,0,0,0,0,0,0,0,0,0,1353636791516860880
layer,16,0,15,46,decode,39,8,8,0,0,0,687,0,0,0,0,15,7,2,0,0,0,0,0,0,60,lru,0,0,0,0,0,0,8,8,8,0,0,0,0,0,0,0,0,0,0,0,0,0,0,0,0,15274545934227580925
request,16,0,15,0,decode,-1,0,0,0,0,0,0,0,0,0,0,0,0,0,0,0,0,0,0,0,0,,33059,366,0,0,13,0,0,0,0,0,0,0,0,0,0,0,0,0,0,0,0,0,0,0,0,0
layer,17,0,16,47,decode,0,8,3,5,2478,1908,152,722,3,0,3,2982,9,25,0,0,0,0,0,0,60,lru,0,0,0,0,0,0,8,3,8,0,5,0,1,0,0,0,0,0,0,0,0,9502720,0,9502720,15,15150176146755265359
layer,17,0,16,47,decode,1,8,4,4,1980,1525,175,547,3,0,3,2400,7,2,0,0,0,0,0,0,60,lru,0,0,0,0,0,0,8,4,8,0,4,0,1,0,0,0,0,0,0,0,0,7602176,0,7602176,12,1253059851488715905
layer,17,0,16,47,decode,2,8,4,4,2018,1512,142,643,4,0,4,2443,7,28,0,0,0,0,0,0,60,lru,0,0,0,0,0,0,8,4,8,0,4,0,1,0,0,0,0,0,0,0,0,7602176,0,7602176,12,8077137231165002101
layer,17,0,16,47,decode,3,8,8,0,0,0,179,0,0,0,0,18,7,2,0,0,0,0,0,0,60,lru,0,0,0,0,0,0,8,8,8,0,0,0,1,0,0,0,0,0,0,0,0,0,0,0,0,1717127064381056263
layer,17,0,16,47,decode,4,8,5,3,1480,1159,152,334,3,0,3,1758,6,17,0,0,0,0,0,0,60,lru,0,0,0,0,0,0,8,5,8,0,3,0,0,0,0,0,0,0,0,0,0,5701632,0,5701632,9,17521810005455327049
layer,17,0,16,47,decode,5,8,7,1,496,368,156,211,1,0,1,664,7,19,0,0,0,0,0,0,60,lru,0,0,0,0,0,0,8,7,8,0,1,0,0,0,0,0,0,0,0,0,0,1900544,0,1900544,3,13390503725904479479
layer,17,0,16,47,decode,6,8,6,2,971,738,148,177,2,0,2,1231,7,11,0,0,0,0,0,0,60,lru,0,0,0,0,0,0,8,6,8,0,2,0,0,0,0,0,0,0,0,0,0,3801088,0,3801088,6,8926629188346513046
layer,17,0,16,47,decode,7,8,7,1,485,392,159,90,2,0,2,651,7,19,0,0,0,0,0,0,60,lru,0,0,0,0,0,0,8,7,8,0,1,0,0,0,0,0,0,0,0,0,0,1900544,0,1900544,3,13969111047342028068
layer,17,0,16,47,decode,8,8,8,0,0,0,171,0,0,0,0,16,7,1,0,0,0,0,0,0,60,lru,0,0,0,0,0,0,8,8,8,0,0,0,0,0,0,0,0,0,0,0,0,0,0,0,0,5436735719540779388
layer,17,0,16,47,decode,9,8,7,1,463,369,157,124,1,0,1,667,6,33,0,0,0,0,0,0,60,lru,0,0,0,0,0,0,8,7,8,0,1,0,0,0,0,0,0,0,0,0,0,1900544,0,1900544,3,14808280148216447891
layer,17,0,16,47,decode,10,8,8,0,0,0,156,0,0,0,0,16,7,2,0,0,0,0,0,0,60,lru,0,0,0,0,0,0,8,8,8,0,0,0,0,0,0,0,0,0,0,0,0,0,0,0,0,2376833494631870121
layer,17,0,16,47,decode,11,8,7,1,466,359,181,191,2,0,2,702,7,2,0,0,0,0,0,0,60,lru,0,0,0,0,0,0,8,7,8,0,1,0,0,0,0,0,0,0,0,0,0,1900544,0,1900544,3,13453441573554081823
layer,17,0,16,47,decode,12,8,7,1,495,387,153,76,1,0,1,652,7,21,0,0,0,0,0,0,60,lru,0,0,0,0,0,0,8,7,8,0,1,0,0,0,0,0,0,0,0,0,0,1900544,0,1900544,3,17856659037559350512
layer,17,0,16,47,decode,13,8,7,1,467,383,156,195,1,0,1,646,7,26,0,0,0,0,0,0,60,lru,0,0,0,0,0,0,8,7,8,0,1,0,0,0,0,0,0,0,0,0,0,1900544,0,1900544,3,4925341482319041354
layer,17,0,16,47,decode,14,8,8,0,0,0,155,0,0,0,0,16,7,2,0,0,0,0,0,0,60,lru,0,0,0,0,0,0,8,8,8,0,0,0,0,0,0,0,0,0,0,0,0,0,0,0,0,8053037097151701766
layer,17,0,16,47,decode,15,8,7,1,505,388,160,139,1,0,1,660,7,20,0,0,0,0,0,0,60,lru,0,0,0,0,0,0,8,7,8,0,1,0,0,0,0,0,0,0,0,0,0,1900544,0,1900544,3,8841041553122831544
layer,17,0,16,47,decode,16,8,8,0,0,0,171,0,0,0,0,16,7,1,0,0,0,0,0,0,60,lru,0,0,0,0,0,0,8,8,8,0,0,0,0,0,0,0,0,0,0,0,0,0,0,0,0,2312011768268212390
layer,17,0,16,47,decode,17,8,8,0,0,0,177,0,0,0,0,15,8,1,0,0,0,0,0,0,60,lru,0,0,0,0,0,0,8,8,8,0,0,0,0,0,0,0,0,0,0,0,0,0,0,0,0,35370186995562337
layer,17,0,16,47,decode,18,8,8,0,0,0,155,0,0,0,0,14,7,1,0,0,0,0,0,0,60,lru,0,0,0,0,0,0,8,8,8,0,0,0,0,0,0,0,0,0,0,0,0,0,0,0,0,8823053487817565805
layer,17,0,16,47,decode,19,8,7,1,494,378,173,224,1,0,1,712,7,22,0,0,0,0,0,0,60,lru,0,0,0,0,0,0,8,7,8,0,1,0,0,0,0,0,0,0,0,0,0,1900544,0,1900544,3,430625537120224321
layer,17,0,16,47,decode,20,8,7,1,508,391,153,162,1,0,1,673,7,30,0,0,0,0,0,0,60,lru,0,0,0,0,0,0,8,7,8,0,1,0,0,0,0,0,0,0,0,0,0,1900544,0,1900544,3,7644165042735817501
layer,17,0,16,47,decode,21,8,6,2,1002,783,156,175,2,0,2,1239,7,34,0,0,0,0,0,0,60,lru,0,0,0,0,0,0,8,6,8,0,2,0,0,0,0,0,0,0,0,0,0,3801088,0,3801088,6,1727690115021780948
layer,17,0,16,47,decode,22,8,6,2,1035,750,141,377,2,0,2,1291,7,20,0,0,0,0,0,0,60,lru,0,0,0,0,0,0,8,6,8,0,2,0,0,0,0,0,0,0,0,0,0,3801088,0,3801088,6,1795457662896592619
layer,17,0,16,47,decode,23,8,6,2,965,775,160,261,3,0,3,1197,7,23,0,0,0,0,0,0,60,lru,0,0,0,0,0,0,8,6,8,0,2,0,0,0,0,0,0,0,0,0,0,3801088,0,3801088,6,9157141666544554436
layer,17,0,16,47,decode,24,8,5,3,1508,1143,172,458,2,0,2,1855,7,2,0,0,0,0,0,0,60,lru,0,0,0,0,0,0,8,5,8,0,3,0,0,0,0,0,0,0,0,0,0,5701632,0,5701632,9,14280827950052607903
layer,17,0,16,47,decode,25,8,5,3,1493,1130,155,528,2,0,2,1861,7,23,0,0,0,0,0,0,60,lru,0,0,0,0,0,0,8,5,8,0,3,0,0,0,0,0,0,0,0,0,0,5701632,0,5701632,9,3274199788553936409
layer,17,0,16,47,decode,26,8,5,3,1559,1124,156,444,2,0,2,1930,7,4,0,0,0,0,0,0,60,lru,0,0,0,0,0,0,8,5,8,0,3,0,0,0,0,0,0,0,0,0,0,5701632,0,5701632,9,15717425660303525912
layer,17,0,16,47,decode,27,8,4,4,1988,1524,158,647,1,0,1,2396,7,16,0,0,0,0,0,0,60,lru,0,0,0,0,0,0,8,4,8,0,4,0,0,0,0,0,0,0,0,0,0,7602176,0,7602176,12,17870406022526664149
layer,17,0,16,47,decode,28,8,6,2,1317,664,153,203,2,0,2,1636,7,17,0,0,0,0,0,0,60,lru,0,0,0,0,0,0,8,6,8,0,2,0,0,0,0,0,0,0,0,0,0,3801088,0,3801088,6,1164524606766446836
layer,17,0,16,47,decode,29,8,4,4,2375,1413,155,448,2,0,2,2734,7,15,0,0,0,0,0,0,60,lru,0,0,0,0,0,0,8,4,8,0,4,0,1,0,0,0,0,0,0,0,0,7602176,0,7602176,12,14495504334193818456
layer,17,0,16,47,decode,30,8,5,3,1517,1153,140,397,2,0,2,1804,7,16,0,0,0,0,0,0,60,lru,0,0,0,0,0,0,8,5,8,0,3,0,0,0,0,0,0,0,0,0,0,5701632,0,5701632,9,12372776497340281614
layer,17,0,16,47,decode,31,8,7,1,482,386,159,57,1,0,1,606,7,14,0,0,0,0,0,0,60,lru,0,0,0,0,0,0,8,7,8,0,1,0,0,0,0,0,0,0,0,0,0,1900544,0,1900544,3,11960013962689598305
layer,17,0,16,47,decode,32,8,5,3,1508,1145,150,558,2,0,2,1805,7,22,0,0,0,0,0,0,60,lru,0,0,0,0,0,0,8,5,8,0,3,0,0,0,0,0,0,0,0,0,0,5701632,0,5701632,9,4823241271401656391
layer,17,0,16,47,decode,33,8,7,1,509,394,156,47,1,0,1,652,7,18,0,0,0,0,0,0,60,lru,0,0,0,0,0,0,8,7,8,0,1,0,0,0,0,0,0,0,0,0,0,1900544,0,1900544,3,8191345450021601432
layer,17,0,16,47,decode,34,8,6,2,1052,786,148,378,2,0,2,1334,7,25,0,0,0,0,0,0,60,lru,0,0,0,0,0,0,8,6,8,0,2,0,0,0,0,0,0,0,0,0,0,4079616,0,4079616,6,2886159157974271883
layer,17,0,16,47,decode,35,8,8,0,0,0,179,0,0,0,0,16,7,2,0,0,0,0,0,0,60,lru,0,0,0,0,0,0,8,8,8,0,0,0,0,0,0,0,0,0,0,0,0,0,0,0,0,17789017920736768043
layer,17,0,16,47,decode,36,8,8,0,0,0,177,0,0,0,0,15,7,1,0,0,0,0,0,0,60,lru,0,0,0,0,0,0,8,8,8,0,0,0,0,0,0,0,0,0,0,0,0,0,0,0,0,9960447064001887978
layer,17,0,16,47,decode,37,8,8,0,0,0,176,0,0,0,0,19,7,1,0,0,0,0,0,0,60,lru,0,0,0,0,0,0,8,8,8,0,0,0,0,0,0,0,0,0,0,0,0,0,0,0,0,4764431882312224479
layer,17,0,16,47,decode,38,8,8,0,0,0,156,0,0,0,0,14,6,1,0,0,0,0,0,0,60,lru,0,0,0,0,0,0,8,8,8,0,0,0,0,0,0,0,0,0,0,0,0,0,0,0,0,2572156643087922635
layer,17,0,16,47,decode,39,8,8,0,0,0,684,0,0,0,0,14,7,1,0,0,0,0,0,0,60,lru,0,0,0,0,0,0,8,8,8,0,0,0,0,0,0,0,0,0,0,0,0,0,0,0,0,8547854953512212241
request,17,0,16,0,decode,-1,0,0,0,0,0,0,0,0,0,0,0,0,0,0,0,0,0,0,0,0,,48000,461,0,0,15,0,0,0,0,0,0,0,0,0,0,0,0,0,0,0,0,0,0,0,0,0
