row_type,request_idx,repeat_idx,batch_idx,token_idx,phase,layer,k_required,k_hit,k_miss,ssd_read_us,h2d_us,compute_us,stall_us,pred_us,pred_observe_us,pred_score_us,callback_wall_us,topk_d2h_us,slot_ids_h2d_us,slot_table_h2d_us,eamc_rows_scored,eamc_cosine_us,eamc_score_materialize_us,eamc_score_cache_hits,eamc_score_cache_misses,cache_resident_experts,predictor,request_wall_us,request_end_us,predictor_end_us,predictor_save_us,profile_flush_us,sidecar_write_bytes,routes_required,routes_hit,routes_persistent,k_empty_admit,k_victim_admit,k_scratch,route_rank_us,host_cache_hits,host_cache_misses,host_cache_hit_bytes,host_cache_miss_bytes,host_cache_lookup_us,host_cache_fill_us,host_memcpy_us,host_memcpy_bytes,h2d_bytes,pinned_staging_wait_us,ssd_bytes,ssd_reads,route_hash,global_gpu_hits,global_gpu_misses,global_gpu_admits,routes_global_hit
layer,1,0,0,0,prefill,0,76,0,76,33649,19944,79405,6576,0,0,0,43793,25,10,0,0,0,0,0,0,60,lru,0,0,0,0,0,0,128,0,112,60,0,16,12,63,165,39911424,104529920,123,0,0,0,144441344,0,104529920,165,505969029655478851,0,0,0,0
layer,1,0,0,0,prefill,1,66,0,66,28830,20707,718,6447,0,0,0,38115,19,43,0,0,0,0,0,0,60,lru,0,0,0,0,0,0,128,0,122,60,0,6,9,45,153,28508160,96927744,70,0,0,0,125435904,0,96927744,153,13684596518798011455,0,0,0,0
layer,1,0,0,0,prefill,2,74,0,74,28207,20157,3158,5831,0,0,0,37058,12,36,0,0,0,0,0,0,60,lru,0,0,0,0,0,0,128,0,114,60,0,14,11,42,180,26607616,114032640,113,0,0,0,140640256,0,114032640,180,9525275160380501902,0,0,0,0
layer,1,0,0,0,prefill,3,60,0,60,21217,15095,689,4843,0,0,0,28343,14,14,0,0,0,0,0,0,60,lru,0,0,0,0,0,0,128,0,128,60,0,0,10,33,147,20905984,93126656,20,0,0,0,114032640,0,93126656,147,11468840274580862446,0,0,0,0
layer,1,0,0,0,prefill,4,49,0,49,13627,10282,640,3061,0,0,0,18678,13,17,0,0,0,0,0,0,49,lru,0,0,0,0,0,0,128,0,128,49,0,0,9,36,111,22806528,70320128,7,0,0,0,93126656,0,70320128,111,16048864003568752221,0,0,0,0
layer,1,0,0,0,prefill,5,56,0,56,15049,11100,667,3487,0,0,0,20804,10,13,0,0,0,0,0,0,56,lru,0,0,0,0,0,0,128,0,128,56,0,0,7,42,126,26607616,79822848,37,0,0,0,106430464,0,79822848,126,12295932354628875052,0,0,0,0
layer,1,0,0,0,prefill,6,53,0,53,14521,10352,583,2831,0,0,0,19314,10,3,0,0,0,0,0,0,53,lru,0,0,0,0,0,0,128,0,128,53,0,0,9,30,129,19005440,81723392,17,0,0,0,100728832,0,81723392,129,17220980665568496158,0,0,0,0
layer,1,0,0,0,prefill,7,54,0,54,13347,9586,643,2827,0,0,0,17877,9,4,0,0,0,0,0,0,54,lru,0,0,0,0,0,0,128,0,128,54,0,0,8,39,123,24707072,77922304,20,0,0,0,102629376,0,77922304,123,8042254305424721232,0,0,0,0
layer,1,0,0,0,prefill,8,39,0,39,10202,7010,595,1890,0,0,0,13439,9,4,0,0,0,0,0,0,39,lru,0,0,0,0,0,0,128,0,128,39,0,0,6,18,99,11403264,62717952,12,0,0,0,74121216,0,62717952,99,1921150686183763256,0,0,0,0
layer,1,0,0,0,prefill,9,46,0,46,11088,7961,635,2361,0,0,0,14730,9,4,0,0,0,0,0,0,46,lru,0,0,0,0,0,0,128,0,128,46,0,0,7,30,108,19005440,68419584,21,0,0,0,87425024,0,68419584,108,10703348955119911228,0,0,0,0
layer,1,0,0,0,prefill,10,60,0,60,14797,10048,627,2749,0,0,0,19056,9,12,0,0,0,0,0,0,60,lru,0,0,0,0,0,0,128,0,128,60,0,0,7,36,144,22806528,91226112,9,0,0,0,114032640,0,91226112,144,14854190227651778347,0,0,0,0
layer,1,0,0,0,prefill,11,63,0,63,11311,8953,688,2601,0,0,0,15494,8,7,0,0,0,0,0,0,60,lru,0,0,0,0,0,0,128,0,125,60,0,3,7,69,120,43712512,76021760,39,0,0,0,119734272,0,76021760,120,3996041623242520834,0,0,0,0
layer,1,0,0,0,prefill,12,52,0,52,11712,8158,653,2195,0,0,0,15044,9,8,0,0,0,0,0,0,52,lru,0,0,0,0,0,0,128,0,128,52,0,0,8,36,120,22806528,76021760,18,0,0,0,98828288,0,76021760,120,3901669683659209437,0,0,0,0
layer,1,0,0,0,prefill,13,48,0,48,9534,7456,635,1817,0,0,0,12448,8,7,0,0,0,0,0,0,48,lru,0,0,0,0,0,0,128,0,128,48,0,0,6,36,108,22806528,68419584,8,0,0,0,91226112,0,68419584,108,13285564683511427000,0,0,0,0
layer,1,0,0,0,prefill,14,52,0,52,9772,7390,587,1896,0,0,0,12744,9,12,0,0,0,0,0,0,52,lru,0,0,0,0,0,0,128,0,128,52,0,0,6,45,111,28508160,70320128,9,0,0,0,98828288,0,70320128,111,18079256141314951034,0,0,0,0
layer,1,0,0,0,prefill,15,53,0,53,10570,7751,646,1888,0,0,0,13835,8,10,0,0,0,0,0,0,53,lru,0,0,0,0,0,0,128,0,128,53,0,0,7,39,120,24707072,76021760,5,0,0,0,100728832,0,76021760,120,9478635660950317605,0,0,0,0
layer,1,0,0,0,prefill,16,50,0,50,9245,7263,633,1709,0,0,0,12161,8,9,0,0,0,0,0,0,50,lru,0,0,0,0,0,0,128,0,128,50,0,0,6,39,111,24707072,70320128,15,0,0,0,95027200,0,70320128,111,15493563915022147413,0,0,0,0
layer,1,0,0,0,prefill,17,46,0,46,8269,6685,615,1745,0,0,0,10871,8,9,0,0,0,0,0,0,46,lru,0,0,0,0,0,0,128,0,128,46,0,0,6,39,99,24707072,62717952,7,0,0,0,87425024,0,62717952,99,152168302098679926,0,0,0,0
layer,1,0,0,0,prefill,18,58,0,58,10939,7840,614,1938,0,0,0,14200,9,7,0,0,0,0,0,0,58,lru,0,0,0,0,0,0,128,0,128,58,0,0,7,51,123,32309248,77922304,17,0,0,0,110231552,0,77922304,123,15530605552747834716,0,0,0,0
layer,1,0,0,0,prefill,19,52,0,52,10915,7451,637,1805,0,0,0,13805,8,7,0,0,0,0,0,0,52,lru,0,0,0,0,0,0,128,0,128,52,0,0,7,33,123,20905984,77922304,12,0,0,0,98828288,0,77922304,123,4346883683045240463,0,0,0,0
layer,1,0,0,0,prefill,20,50,0,50,9251,7012,632,1869,0,0,0,12115,9,10,0,0,0,0,0,0,50,lru,0,0,0,0,0,0,128,0,128,50,0,0,7,39,111,24707072,70320128,5,0,0,0,95027200,0,70320128,111,13018605033500275371,0,0,0,0
layer,1,0,0,0,prefill,21,50,0,50,8215,6487,650,1726,0,0,0,10960,9,4,0,0,0,0,0,0,50,lru,0,0,0,0,0,0,128,0,128,50,0,0,6,54,96,34209792,60817408,2,0,0,0,95027200,0,60817408,96,270187467242569591,0,0,0,0
layer,1,0,0,0,prefill,22,61,0,61,13651,8705,622,2189,0,0,0,17058,10,4,0,0,0,0,0,0,60,lru,0,0,0,0,0,0,128,0,127,60,0,1,7,33,150,20905984,95027200,7,0,0,0,115933184,0,95027200,150,17678066265463563086,0,0,0,0
layer,1,0,0,0,prefill,23,66,0,66,12657,8765,700,2153,0,0,0,16305,9,4,0,0,0,0,0,0,60,lru,0,0,0,0,0,0,128,0,122,60,0,6,8,54,144,34209792,91226112,18,0,0,0,125435904,0,91226112,144,6808192444189791876,0,0,0,0
layer,1,0,0,0,prefill,24,53,0,53,9830,6943,638,1658,0,0,0,12433,9,3,0,0,0,0,0,0,53,lru,0,0,0,0,0,0,128,0,128,53,0,0,7,42,117,26607616,74121216,12,0,0,0,100728832,0,74121216,117,7921885301476554051,0,0,0,0
layer,1,0,0,0,prefill,25,48,0,48,9102,6218,633,1636,0,0,0,11528,8,9,0,0,0,0,0,0,48,lru,0,0,0,0,0,0,128,0,128,48,0,0,6,36,108,22806528,68419584,14,0,0,0,91226112,0,68419584,108,6304135334244198341,0,0,0,0
layer,1,0,0,0,prefill,26,57,0,57,11120,7736,721,2962,0,0,0,15515,9,21,0,0,0,0,0,0,57,lru,0,0,0,0,0,0,128,0,128,57,0,0,7,51,120,32309248,76021760,26,0,0,0,108331008,0,76021760,120,12539028065165761596,0,0,0,0
layer,1,0,0,0,prefill,27,54,0,54,10338,7255,680,1752,1,1,0,13316,16,10,0,0,0,0,0,0,54,lru,0,0,0,0,0,0,128,0,128,54,0,0,9,42,120,26607616,76021760,24,0,0,0,102629376,0,76021760,120,6711411367452743924,0,0,0,0
layer,1,0,0,0,prefill,28,56,0,56,10389,7608,672,2023,0,0,0,13270,10,8,0,0,0,0,0,0,56,lru,0,0,0,0,0,0,128,0,128,56,0,0,11,42,126,26607616,79822848,30,0,0,0,106430464,0,79822848,126,10756250468788455686,0,0,0,0
layer,1,0,0,0,prefill,29,59,0,59,10803,7724,683,1919,1,1,0,13870,9,6,0,0,0,0,0,0,59,lru,0,0,0,0,0,0,128,0,128,59,0,0,8,51,126,32309248,79822848,13,0,0,0,112132096,0,79822848,126,7101545317434030235,0,0,0,0
layer,1,0,0,0,prefill,30,58,0,58,11743,7709,624,1774,0,0,0,14963,9,6,0,0,0,0,0,0,58,lru,0,0,0,0,0,0,128,0,128,58,0,0,9,42,132,26607616,83623936,17,0,0,0,110231552,0,83623936,132,196505039986158326,0,0,0,0
layer,1,0,0,0,prefill,31,52,0,52,10542,7270,664,1629,1,1,0,12875,9,6,0,0,0,0,0,0,52,lru,0,0,0,0,0,0,128,0,128,52,0,0,12,24,132,15204352,83623936,10,0,0,0,98828288,0,83623936,132,8680311859758128231,0,0,0,0
layer,1,0,0,0,prefill,32,57,0,57,11209,7620,691,1822,0,0,0,14061,9,8,0,0,0,0,0,0,57,lru,0,0,0,0,0,0,128,0,128,57,0,0,9,36,135,22806528,85524480,19,0,0,0,108331008,0,85524480,135,5789420713407002584,0,0,0,0
layer,1,0,0,0,prefill,33,55,0,55,10692,6990,678,1332,1,1,0,12922,9,9,0,0,0,0,0,0,55,lru,0,0,0,0,0,0,128,0,128,55,0,0,8,39,126,24707072,79822848,10,0,0,0,104529920,0,79822848,126,11309864459617361683,0,0,0,0
layer,1,0,0,0,prefill,34,57,0,57,13520,7928,2755,1612,0,0,0,15839,9,4,0,0,0,0,0,0,57,lru,0,0,0,0,0,0,128,0,128,57,0,0,9,30,141,20398080,95870976,13,0,0,0,116269056,0,95870976,141,1702938924611625281,0,0,0,0
layer,1,0,0,0,prefill,35,50,0,50,10563,6297,674,1205,1,1,0,12587,15,6,0,0,0,0,0,0,50,lru,0,0,0,0,0,0,128,0,128,50,0,0,11,24,126,15204352,79822848,14,0,0,0,95027200,0,79822848,126,17436696617703250090,0,0,0,0
layer,1,0,0,0,prefill,36,49,0,49,10628,6003,656,1157,0,0,0,12609,11,4,0,0,0,0,0,0,49,lru,0,0,0,0,0,0,128,0,128,49,0,0,9,27,120,17104896,76021760,9,0,0,0,93126656,0,76021760,120,7974473723651429321,0,0,0,0
layer,1,0,0,0,prefill,37,48,0,48,11350,6036,634,1025,1,1,0,13184,9,35,0,0,0,0,0,0,48,lru,0,0,0,0,0,0,128,0,128,48,0,0,7,12,132,7602176,83623936,10,0,0,0,91226112,0,83623936,132,10486304658390339759,0,0,0,0
layer,1,0,0,0,prefill,38,41,0,41,9476,5263,585,914,0,0,0,11042,9,5,0,0,0,0,0,0,41,lru,0,0,0,0,0,0,128,0,128,41,0,0,8,18,105,12238848,71393280,12,0,0,0,83632128,0,71393280,105,2780091897427672275,0,0,0,0
layer,1,0,0,0,prefill,39,34,0,34,7873,4215,3433,757,1,1,0,9186,9,4,0,0,0,0,0,0,34,lru,0,0,0,0,0,0,128,0,128,34,0,0,7,18,84,12238848,57114624,14,0,0,0,69353472,0,57114624,84,17611306640856778617,0,0,0,0
layer,1,0,0,16,prefill,0,75,32,43,9403,5482,701,1336,5,1,4,11443,12,7,0,0,0,0,0,0,60,lru,0,0,0,0,0,0,128,62,104,0,19,24,16,39,90,24707072,57016320,43,5993,0,0,81723392,0,57016320,90,9578419964157611140,0,0,0,0
layer,1,0,0,16,prefill,1,77,28,49,12190,6963,694,1635,42,1,41,14810,10,7,0,0,0,0,0,0,60,lru,0,0,0,0,0,0,128,67,102,0,23,26,11,30,117,19005440,74121216,40,5214,0,0,93126656,0,74121216,117,10511154930756732653,0,0,0,0
layer,1,0,0,16,prefill,2,75,26,49,10721,6532,657,1607,28,0,28,13259,9,5,0,0,0,0,0,0,60,lru,0,0,0,0,0,0,128,51,104,0,25,24,12,48,99,30408704,62717952,31,4552,0,0,93126656,0,62717952,99,14034677418530361485,0,0,0,0
layer,1,0,0,16,prefill,3,58,27,31,7246,4240,646,1042,4,1,3,8914,9,6,0,0,0,0,0,0,60,lru,0,0,0,0,0,0,128,78,122,0,25,6,12,21,72,13303808,45613056,14,1799,0,0,58916864,0,45613056,72,48226003366626706,0,0,0,0
layer,1,0,0,16,prefill,4,50,25,25,5194,3162,625,653,4,0,4,6374,9,5,0,0,0,0,0,0,60,lru,0,0,0,0,0,0,128,86,125,11,11,3,9,21,54,13303808,34209792,15,841,0,0,47513600,0,34209792,54,18346647193080421107,0,0,0,0
layer,1,0,0,16,prefill,5,52,24,28,6949,3841,636,818,4,1,3,8334,9,6,0,0,0,0,0,0,60,lru,0,0,0,0,0,0,128,74,122,4,18,6,10,12,72,7602176,45613056,13,2245,0,0,53215232,0,45613056,72,7048362244946393944,0,0,0,0
layer,1,0,0,16,prefill,6,39,20,19,4032,2444,554,508,3,0,3,4955,9,5,0,0,0,0,0,0,60,lru,0,0,0,0,0,0,128,79,128,7,12,0,8,9,48,5701632,30408704,16,0,0,0,36110336,0,30408704,48,16232111308033482215,0,0,0,0
layer,1,0,0,16,prefill,7,37,19,18,3535,2241,587,491,6,1,5,4397,8,4,0,0,0,0,0,0,60,lru,0,0,0,0,0,0,128,93,128,6,12,0,8,12,42,7602176,26607616,9,0,0,0,34209792,0,26607616,42,334959706989632858,0,0,0,0
layer,1,0,0,16,prefill,8,39,17,22,4009,2627,586,560,2,0,2,4980,8,4,0,0,0,0,0,0,60,lru,0,0,0,0,0,0,128,76,128,21,1,0,7,18,48,11403264,30408704,11,0,0,0,41811968,0,30408704,48,1340376229816791889,0,0,0,0
layer,1,0,0,16,prefill,9,39,17,22,4124,2750,608,603,3,1,2,5139,8,39,0,0,0,0,0,0,60,lru,0,0,0,0,0,0,128,80,128,14,8,0,6,15,51,9502720,32309248,6,0,0,0,41811968,0,32309248,51,12351524491780517071,0,0,0,0
layer,1,0,0,16,prefill,10,43,15,28,4191,3129,559,743,4,0,4,5522,8,3,0,0,0,0,0,0,60,lru,0,0,0,0,0,0,128,49,128,0,28,0,9,33,51,20905984,32309248,8,0,0,0,53215232,0,32309248,51,12202891096169078653,0,0,0,0
layer,1,0,0,16,prefill,11,48,20,28,5773,3679,613,891,5,1,4,7061,8,4,0,0,0,0,0,0,60,lru,0,0,0,0,0,0,128,55,124,0,24,4,8,18,66,11403264,41811968,20,1392,0,0,53215232,0,41811968,66,12736561352799218041,0,0,0,0
layer,1,0,0,16,prefill,12,37,19,18,3830,2399,585,469,4,0,4,4690,8,4,0,0,0,0,0,0,60,lru,0,0,0,0,0,0,128,83,128,8,10,0,7,6,48,3801088,30408704,7,0,0,0,34209792,0,30408704,48,10410782763293056754,0,0,0,0
layer,1,0,0,16,prefill,13,37,18,19,3897,2501,588,536,5,1,4,4773,8,4,0,0,0,0,0,0,60,lru,0,0,0,0,0,0,128,80,128,12,7,0,7,9,48,5701632,30408704,11,0,0,0,36110336,0,30408704,48,5261182698664622549,0,0,0,0
layer,1,0,0,16,prefill,14,33,21,12,1392,1283,533,345,3,0,3,1985,8,7,0,0,0,0,0,0,60,lru,0,0,0,0,0,0,128,94,128,8,4,0,7,18,18,11403264,11403264,5,0,0,0,22806528,0,11403264,18,8689076927279532499,0,0,0,0
layer,1,0,0,16,prefill,15,41,17,24,3697,2870,614,738,5,1,4,4910,8,6,0,0,0,0,0,0,60,lru,0,0,0,0,0,0,128,67,128,7,17,0,8,27,45,17104896,28508160,12,0,0,0,45613056,0,28508160,45,5941787412455027869,0,0,0,0
layer,1,0,0,16,prefill,16,38,16,22,3906,2916,589,750,2,0,2,5038,8,2,0,0,0,0,0,0,60,lru,0,0,0,0,0,0,128,56,128,10,12,0,9,15,51,9502720,32309248,13,0,0,0,41811968,0,32309248,51,6335487940943811411,0,0,0,0
layer,1,0,0,16,prefill,17,46,16,30,4521,3741,612,991,3,1,2,6114,7,4,0,0,0,0,0,0,60,lru,0,0,0,0,0,0,128,46,128,14,16,0,8,33,57,20905984,36110336,14,0,0,0,57016320,0,36110336,57,18194152142534787041,0,0,0,0
layer,1,0,0,16,prefill,18,42,22,20,3951,2664,563,705,4,0,4,5020,9,5,0,0,0,0,0,0,60,lru,0,0,0,0,0,0,128,73,128,2,18,0,12,15,45,9502720,28508160,11,0,0,0,38010880,0,28508160,45,6644416582365393417,0,0,0,0
layer,1,0,0,16,prefill,19,43,20,23,4945,3178,613,798,7,1,6,6268,9,5,0,0,0,0,0,0,60,lru,0,0,0,0,0,0,128,84,128,8,15,0,8,12,57,7602176,36110336,12,0,0,0,43712512,0,36110336,57,1388975475456468954,0,0,0,0
layer,1,0,0,16,prefill,20,33,17,16,2466,1975,582,497,2,0,2,3306,9,2,0,0,0,0,0,0,60,lru,0,0,0,0,0,0,128,78,128,10,6,0,6,18,30,11403264,19005440,10,0,0,0,30408704,0,19005440,30,3175561235613523131,0,0,0,0
layer,1,0,0,16,prefill,21,33,15,18,3700,2516,591,723,2,1,1,4846,8,9,0,0,0,0,0,0,60,lru,0,0,0,0,0,0,128,78,128,10,8,0,7,12,42,7602176,26607616,15,0,0,0,34209792,0,26607616,42,13610146048705294824,0,0,0,0
layer,1,0,0,16,prefill,22,43,17,26,5718,3795,555,970,4,0,4,7302,9,6,0,0,0,0,0,0,60,lru,0,0,0,0,0,0,128,65,128,0,26,0,8,15,63,9502720,39911424,14,0,0,0,49414144,0,39911424,63,13769531450156367208,0,0,0,0
layer,1,0,0,16,prefill,23,51,20,31,6300,4621,627,1129,5,1,4,8122,8,2,0,0,0,0,0,0,60,lru,0,0,0,0,0,0,128,54,128,0,31,0,9,21,72,13303808,45613056,10,0,0,0,58916864,0,45613056,72,6830052245692825928,0,0,0,0
layer,1,0,0,16,prefill,24,31,16,15,3720,2497,592,573,4,0,4,4612,8,6,0,0,0,0,0,0,60,lru,0,0,0,0,0,0,128,70,128,7,8,0,6,3,42,1900544,26607616,12,0,0,0,28508160,0,26607616,42,9729740602827794047,0,0,0,0
layer,1,0,0,16,prefill,25,31,15,16,2504,2137,574,593,2,0,2,3472,8,2,0,0,0,0,0,0,60,lru,0,0,0,0,0,0,128,87,128,12,4,0,5,18,30,11403264,19005440,11,0,0,0,30408704,0,19005440,30,5624513865003556526,0,0,0,0
layer,1,0,0,16,prefill,26,37,15,22,4730,3323,555,916,4,0,4,6242,8,7,0,0,0,0,0,0,60,lru,0,0,0,0,0,0,128,64,128,3,19,0,7,18,48,11403264,30408704,11,0,0,0,41811968,0,30408704,48,6301208182797162049,0,0,0,0
layer,1,0,0,16,prefill,27,44,17,27,4847,3850,626,1124,3,0,3,6711,10,5,0,0,0,0,0,0,60,lru,0,0,0,0,0,0,128,65,128,6,21,0,7,30,51,19005440,32309248,6,0,0,0,51314688,0,32309248,51,18383024763048545511,0,0,0,0
layer,1,0,0,16,prefill,28,34,13,21,3483,2833,584,972,3,0,3,5020,8,11,0,0,0,0,0,0,60,lru,0,0,0,0,0,0,128,64,128,4,17,0,6,27,36,17104896,22806528,9,0,0,0,39911424,0,22806528,36,10027315647476340646,0,0,0,0
layer,1,0,0,16,prefill,29,38,16,22,4940,3759,596,1007,4,0,4,6443,8,3,0,0,0,0,0,0,60,lru,0,0,0,0,0,0,128,65,128,1,21,0,7,15,51,9502720,32309248,0,0,0,0,41811968,0,32309248,51,10536302860331762642,0,0,0,0
layer,1,0,0,16,prefill,30,38,13,25,5552,4282,553,1211,4,0,4,7375,9,8,0,0,0,0,0,0,60,lru,0,0,0,0,0,0,128,63,127,2,22,1,6,18,57,11403264,36110336,19,0,0,0,47513600,0,36110336,57,1542191855178047383,0,0,0,0
layer,1,0,0,16,prefill,31,34,13,21,4461,3605,585,884,3,0,3,6085,9,8,0,0,0,0,0,0,60,lru,0,0,0,0,0,0,128,73,128,8,13,0,5,15,48,9502720,30408704,2,0,0,0,39911424,0,30408704,48,2943896869902663408,0,0,0,0
layer,1,0,0,16,prefill,32,43,20,23,5027,3868,616,1056,4,0,4,6794,8,2,0,0,0,0,0,0,60,lru,0,0,0,0,0,0,128,69,124,3,16,4,7,21,48,13303808,30408704,13,323,0,0,43712512,0,30408704,48,13004451451235340469,0,0,0,0
layer,1,0,0,16,prefill,33,43,24,19,4125,3117,626,933,4,0,4,5779,8,13,0,0,0,0,0,0,60,lru,0,0,0,0,0,0,128,80,128,5,14,0,6,18,39,11403264,24707072,2,0,0,0,36110336,0,24707072,39,547453263716366450,0,0,0,0
layer,1,0,0,16,prefill,34,42,21,21,5002,3776,563,989,4,0,4,6554,9,3,0,0,0,0,0,0,60,lru,0,0,0,0,0,0,128,81,128,3,18,0,6,21,42,14278656,28557312,4,0,0,0,42835968,0,28557312,42,14898710197229083973,0,0,0,0
layer,1,0,0,16,prefill,35,25,14,11,2615,1909,591,527,2,0,2,3576,8,9,0,0,0,0,0,0,60,lru,0,0,0,0,0,0,128,96,128,10,1,0,5,9,24,5701632,15204352,3,0,0,0,20905984,0,15204352,24,14463019543150363024,0,0,0,0
layer,1,0,0,16,prefill,36,32,17,15,4831,3108,592,852,3,0,3,6184,7,10,0,0,0,0,0,0,60,lru,0,0,0,0,0,0,128,94,128,11,4,0,5,6,39,3801088,24707072,0,0,0,0,28508160,0,24707072,39,1200540864497963626,0,0,0,0
layer,1,0,0,16,prefill,37,35,18,17,4774,3229,601,944,3,0,3,6337,8,10,0,0,0,0,0,0,60,lru,0,0,0,0,0,0,128,92,128,12,5,0,7,12,39,7602176,24707072,4,0,0,0,32309248,0,24707072,39,8554497990575734970,0,0,0,0
layer,1,0,0,16,prefill,38,28,16,12,3082,2276,544,602,0,0,0,4067,8,7,0,0,0,0,0,0,53,lru,0,0,0,0,0,0,128,95,128,12,0,0,5,12,24,8159232,16318464,3,0,0,0,24477696,0,16318464,24,236702906226650295,0,0,0,0
layer,1,0,0,16,prefill,39,27,11,16,6373,3992,6653,987,0,0,0,7752,8,11,0,0,0,0,0,0,50,lru,0,0,0,0,0,0,128,91,128,16,0,0,4,0,48,0,32636928,0,0,0,0,32636928,0,32636928,48,199428842115340092,0,0,0,0
request,1,0,0,0,prefill,-1,0,0,0,0,0,0,0,0,0,0,0,0,0,0,0,0,0,0,0,0,,1175925,16337,0,0,14,0,0,0,0,0,0,0,0,0,0,0,0,0,0,0,0,0,0,0,0,0,0,0,0,0
layer,2,0,1,32,decode,0,8,2,6,1395,1340,329,964,5,0,5,3092,37,32,0,0,0,0,0,0,60,lru,0,0,0,0,0,0,8,2,8,0,6,0,4,9,9,5701632,5701632,5,0,0,0,11403264,0,5701632,9,2639098668365178326,0,6,0,0
layer,2,0,1,32,decode,1,8,6,2,500,410,230,166,7,0,7,790,10,23,0,0,0,0,0,0,60,lru,0,0,0,0,0,0,8,6,8,0,2,0,2,3,3,1900544,1900544,1,0,0,0,3801088,0,1900544,3,3245949415920541183,0,2,0,0
layer,2,0,1,32,decode,2,8,4,4,451,566,1090,159,7,0,7,886,8,3,0,0,0,0,0,0,60,lru,0,0,0,0,0,0,8,4,8,0,4,0,0,9,3,5701632,1900544,5,0,0,0,7602176,0,1900544,3,16530372592882055657,0,4,0,0
layer,2,0,1,32,decode,3,8,7,1,465,353,267,197,6,0,6,738,11,3,0,0,0,0,0,0,60,lru,0,0,0,0,0,0,8,7,8,0,1,0,2,0,3,0,1900544,0,0,0,0,1900544,0,1900544,3,11346054499356342641,0,1,0,0
layer,2,0,1,32,decode,4,8,6,2,435,461,251,168,5,0,5,812,7,14,0,0,0,0,0,0,60,lru,0,0,0,0,0,0,8,6,8,0,2,0,1,3,3,1900544,1900544,0,0,0,0,3801088,0,1900544,3,2333619220013122027,0,2,0,0
layer,2,0,1,32,decode,5,8,5,3,457,564,239,194,3,0,3,879,7,24,0,0,0,0,0,0,60,lru,0,0,0,0,0,0,8,5,8,0,3,0,2,6,3,3801088,1900544,7,0,0,0,5701632,0,1900544,3,14586337920951346225,0,3,0,0
layer,2,0,1,32,decode,6,8,5,3,942,816,183,294,4,0,4,1376,7,24,0,0,0,0,0,0,60,lru,0,0,0,0,0,0,8,5,8,0,3,0,0,3,6,1900544,3801088,8,0,0,0,5701632,0,3801088,6,2753781083796064653,0,3,0,0
layer,2,0,1,32,decode,7,8,4,4,1885,1518,241,441,5,0,5,2459,8,18,0,0,0,0,0,0,60,lru,0,0,0,0,0,0,8,4,8,0,4,0,2,0,12,0,7602176,0,0,0,0,7602176,0,7602176,12,3439255339865008386,0,4,0,0
layer,2,0,1,32,decode,8,8,7,1,472,382,216,96,2,0,2,684,7,28,0,0,0,0,0,0,60,lru,0,0,0,0,0,0,8,7,8,0,1,0,0,0,3,0,1900544,0,0,0,0,1900544,0,1900544,3,1259359017380596295,0,1,0,0
layer,2,0,1,32,decode,9,8,6,2,952,769,212,210,4,0,4,1296,8,20,0,0,0,0,0,0,60,lru,0,0,0,0,0,0,8,6,8,0,2,0,3,0,6,0,3801088,0,0,0,0,3801088,0,3801088,6,17072448972564105066,0,2,0,0
layer,2,0,1,32,decode,10,8,6,2,944,737,198,151,4,0,4,1318,8,19,0,0,0,0,0,0,60,lru,0,0,0,0,0,0,8,6,8,0,2,0,0,0,6,0,3801088,0,0,0,0,3801088,0,3801088,6,18285211935556437682,0,2,0,0
layer,2,0,1,32,decode,11,8,4,4,1934,1518,216,313,5,0,5,2555,8,22,0,0,0,0,0,0,60,lru,0,0,0,0,0,0,8,4,8,0,4,0,0,0,12,0,7602176,0,0,0,0,7602176,0,7602176,12,3943887082612006275,0,4,0,0
layer,2,0,1,32,decode,12,8,5,3,1390,1111,216,382,5,0,5,2040,7,23,0,0,0,0,0,0,60,lru,0,0,0,0,0,0,8,5,8,0,3,0,0,0,9,0,5701632,7,0,0,0,5701632,0,5701632,9,9919318942015469632,0,3,0,0
layer,2,0,1,32,decode,13,8,3,5,916,927,221,425,4,0,4,1458,7,2,0,0,0,0,0,0,60,lru,0,0,0,0,0,0,8,3,8,0,5,0,2,9,6,5701632,3801088,5,0,0,0,9502720,0,3801088,6,1534795417736758305,0,5,0,0
layer,2,0,1,32,decode,14,8,4,4,2035,1546,174,527,4,0,4,2510,7,16,0,0,0,0,0,0,60,lru,0,0,0,0,0,0,8,4,8,0,4,0,2,0,12,0,7602176,0,0,0,0,7602176,0,7602176,12,11814350704513843611,0,4,0,0
layer,2,0,1,32,decode,15,8,4,4,1929,1541,253,429,4,0,4,2453,8,2,0,0,0,0,0,0,60,lru,0,0,0,0,0,0,8,4,8,0,4,0,2,0,12,0,7602176,1,0,0,0,7602176,0,7602176,12,5347389600349600455,0,4,0,0
layer,2,0,1,32,decode,16,8,4,4,425,596,215,159,5,0,5,875,7,19,0,0,0,0,0,0,60,lru,0,0,0,0,0,0,8,4,8,0,4,0,2,9,3,5701632,1900544,5,0,0,0,7602176,0,1900544,3,3759160974886724142,0,4,0,0
layer,2,0,1,32,decode,17,8,6,2,956,781,235,176,3,0,3,1269,7,36,0,0,0,0,0,0,60,lru,0,0,0,0,0,0,8,6,8,0,2,0,0,0,6,0,3801088,0,0,0,0,3801088,0,3801088,6,6006019695320742317,0,2,0,0
layer,2,0,1,32,decode,18,8,4,4,1434,1196,201,482,5,0,5,2017,7,19,0,0,0,0,0,0,60,lru,0,0,0,0,0,0,8,4,8,0,4,0,2,3,9,1900544,5701632,0,0,0,0,7602176,0,5701632,9,11891233824696288348,0,4,0,0
layer,2,0,1,32,decode,19,8,6,2,0,172,192,32,4,0,4,130,8,2,0,0,0,0,0,0,60,lru,0,0,0,0,0,0,8,6,8,0,2,0,1,6,0,3801088,0,0,0,0,0,3801088,0,0,0,4647929670642173303,0,2,0,0
layer,2,0,1,32,decode,20,8,4,4,439,562,220,170,5,0,5,895,8,2,0,0,0,0,0,0,60,lru,0,0,0,0,0,0,8,4,8,0,4,0,2,9,3,5701632,1900544,5,0,0,0,7602176,0,1900544,3,424348626834718844,0,4,0,0
layer,2,0,1,32,decode,21,8,5,3,1470,1138,241,252,4,0,4,1922,7,24,0,0,0,0,0,0,60,lru,0,0,0,0,0,0,8,5,8,0,3,0,0,0,9,0,5701632,0,0,0,0,5701632,0,5701632,9,11103933535007924450,0,3,0,0
layer,2,0,1,32,decode,22,8,4,4,1000,867,185,348,5,0,5,1523,8,26,0,0,0,0,0,0,60,lru,0,0,0,0,0,0,8,4,8,0,4,0,2,6,6,3801088,3801088,8,0,0,0,7602176,0,3801088,6,4870181215884980864,0,4,0,0
layer,2,0,1,32,decode,23,8,5,3,1483,1142,245,409,5,0,5,1946,7,18,0,0,0,0,0,0,60,lru,0,0,0,0,0,0,8,5,8,0,3,0,0,0,9,0,5701632,0,0,0,0,5701632,0,5701632,9,6924736488804968968,0,3,0,0
layer,2,0,1,32,decode,24,8,6,2,987,756,248,271,3,0,3,1318,7,2,0,0,0,0,0,0,60,lru,0,0,0,0,0,0,8,6,8,0,2,0,2,0,6,0,3801088,0,0,0,0,3801088,0,3801088,6,17593255585284068172,0,2,0,0
layer,2,0,1,32,decode,25,8,7,1,0,88,202,17,2,0,2,79,7,2,0,0,0,0,0,0,60,lru,0,0,0,0,0,0,8,7,8,0,1,0,0,3,0,1900544,0,0,0,0,0,1900544,0,0,0,11775299057898815464,0,1,0,0
layer,2,0,1,32,decode,26,8,4,4,1012,846,168,271,5,0,5,1467,7,2,0,0,0,0,0,0,60,lru,0,0,0,0,0,0,8,4,8,0,4,0,2,6,6,3801088,3801088,7,0,0,0,7602176,0,3801088,6,2545341711326436848,0,4,0,0
layer,2,0,1,32,decode,27,8,2,6,2388,1953,222,661,3,0,3,3172,8,16,0,0,0,0,0,0,60,lru,0,0,0,0,0,0,8,2,8,0,6,0,0,3,15,1900544,9502720,4,0,0,0,11403264,0,9502720,15,17297524345881695322,0,6,0,0
layer,2,0,1,32,decode,28,8,7,1,0,89,199,10,3,0,3,92,7,2,0,0,0,0,0,0,60,lru,0,0,0,0,0,0,8,7,8,0,1,0,2,3,0,1900544,0,0,0,0,0,1900544,0,0,0,7305954113501681763,0,1,0,0
layer,2,0,1,32,decode,29,8,5,3,1508,1134,189,218,5,0,5,1871,8,13,0,0,0,0,0,0,60,lru,0,0,0,0,0,0,8,5,8,0,3,0,2,0,9,0,5701632,0,0,0,0,5701632,0,5701632,9,12221845273420319904,0,3,0,0
layer,2,0,1,32,decode,30,8,5,3,1472,1119,221,292,5,0,5,1928,7,2,0,0,0,0,0,0,60,lru,0,0,0,0,0,0,8,5,8,0,3,0,0,0,9,0,5701632,0,0,0,0,5701632,0,5701632,9,7663480163712666066,0,3,0,0
layer,2,0,1,32,decode,31,8,5,3,422,498,256,216,5,0,5,814,8,2,0,0,0,0,0,0,60,lru,0,0,0,0,0,0,8,5,8,0,3,0,0,6,3,3801088,1900544,4,0,0,0,5701632,0,1900544,3,2758800324180066025,0,3,0,0
layer,2,0,1,32,decode,32,8,5,3,948,786,248,344,5,0,5,1429,7,2,0,0,0,0,0,0,60,lru,0,0,0,0,0,0,8,5,8,0,3,0,2,3,6,1900544,3801088,7,0,0,0,5701632,0,3801088,6,10933380203296653954,0,3,0,0
layer,2,0,1,32,decode,33,8,4,4,953,873,255,366,3,0,3,1462,8,4,0,0,0,0,0,0,60,lru,0,0,0,0,0,0,8,4,8,0,4,0,2,6,6,3801088,3801088,3,0,0,0,7602176,0,3801088,6,1003437240236553761,0,4,0,0
layer,2,0,1,32,decode,34,8,3,5,488,682,212,250,4,0,4,975,7,3,0,0,0,0,0,0,60,lru,0,0,0,0,0,0,8,3,8,0,5,0,0,12,3,8159232,2039808,4,0,0,0,10199040,0,2039808,3,2709553403849513418,0,5,0,0
layer,2,0,1,32,decode,35,8,6,2,475,410,230,170,4,0,4,780,8,2,0,0,0,0,0,0,60,lru,0,0,0,0,0,0,8,6,8,0,2,0,0,3,3,1900544,1900544,7,0,0,0,3801088,0,1900544,3,7059168673910435640,0,2,0,0
layer,2,0,1,32,decode,36,8,6,2,1004,715,250,307,4,0,4,1379,8,2,0,0,0,0,0,0,60,lru,0,0,0,0,0,0,8,6,8,0,2,0,2,0,6,0,3801088,0,0,0,0,3801088,0,3801088,6,14187711229386752772,0,2,0,0
layer,2,0,1,32,decode,37,8,6,2,1061,737,252,285,3,0,3,1367,7,2,0,0,0,0,0,0,60,lru,0,0,0,0,0,0,8,6,8,0,2,0,3,0,6,0,3801088,0,0,0,0,3801088,0,3801088,6,6487087870463915564,0,2,0,0
layer,2,0,1,32,decode,38,8,6,2,526,473,212,158,0,0,0,797,7,27,0,0,0,0,0,0,55,lru,0,0,0,0,0,0,8,6,8,2,0,0,0,3,3,2039808,2039808,1,0,0,0,4079616,0,2039808,3,8118408325413582273,0,2,0,0
layer,2,0,1,32,decode,39,8,8,0,0,0,723,0,0,0,0,19,8,2,0,0,0,0,0,0,50,lru,0,0,0,0,0,0,8,8,8,0,0,0,0,0,0,0,0,0,0,0,0,0,0,0,0,5937482566896782341,0,0,0,0
request,2,0,1,0,decode,-1,0,0,0,0,0,0,0,0,0,0,0,0,0,0,0,0,0,0,0,0,,74582,718,0,0,19,0,0,0,0,0,0,0,0,0,0,0,0,0,0,0,0,0,0,0,0,0,0,0,0,0
layer,3,0,2,33,decode,0,8,4,4,1397,1148,445,379,4,0,4,2045,11,18,0,0,0,0,0,0,60,lru,0,0,0,0,0,0,8,4,8,0,4,0,3,3,9,1900544,5701632,2,0,0,0,7602176,0,5701632,9,2785503293487261758,0,4,0,0
layer,3,0,2,33,decode,1,8,4,4,1457,1152,412,362,7,0,7,2055,9,23,0,0,0,0,0,0,60,lru,0,0,0,0,0,0,8,4,8,0,4,0,2,3,9,1900544,5701632,0,0,0,0,7602176,0,5701632,9,3375195400222245979,0,4,0,0
layer,3,0,2,33,decode,2,8,3,5,1423,1275,397,382,6,0,6,2082,9,21,0,0,0,0,0,0,60,lru,0,0,0,0,0,0,8,3,8,0,5,0,0,6,9,3801088,5701632,5,0,0,0,9502720,0,5701632,9,18103912621273180059,0,5,0,0
layer,3,0,2,33,decode,3,8,6,2,953,725,444,227,5,0,5,1361,8,15,0,0,0,0,0,0,60,lru,0,0,0,0,0,0,8,6,8,0,2,0,2,0,6,0,3801088,0,0,0,0,3801088,0,3801088,6,7367901577440068547,0,2,0,0
layer,3,0,2,33,decode,4,8,8,0,0,0,436,0,0,0,0,22,8,2,0,0,0,0,0,0,60,lru,0,0,0,0,0,0,8,8,8,0,0,0,2,0,0,0,0,0,0,0,0,0,0,0,0,2158976596407597273,0,0,0,0
layer,3,0,2,33,decode,5,8,6,2,946,747,624,213,3,0,3,1309,8,24,0,0,0,0,0,0,60,lru,0,0,0,0,0,0,8,6,8,0,2,0,2,0,6,0,3801088,0,0,0,0,3801088,0,3801088,6,13884747292029365116,0,2,0,0
layer,3,0,2,33,decode,6,8,7,1,481,367,420,57,3,0,3,739,10,30,0,0,0,0,0,0,60,lru,0,0,0,0,0,0,8,7,8,0,1,0,1,0,3,0,1900544,0,0,0,0,1900544,0,1900544,3,16757575238315904977,0,1,0,0
layer,3,0,2,33,decode,7,8,8,0,0,0,442,0,0,0,0,22,9,3,0,0,0,0,0,0,60,lru,0,0,0,0,0,0,8,8,8,0,0,0,2,0,0,0,0,0,0,0,0,0,0,0,0,15010692760163514689,0,0,0,0
layer,3,0,2,33,decode,8,8,7,1,468,363,435,149,3,0,3,699,8,3,0,0,0,0,0,0,60,lru,0,0,0,0,0,0,8,7,8,0,1,0,2,0,3,0,1900544,0,0,0,0,1900544,0,1900544,3,2153304776075656751,0,1,0,0
layer,3,0,2,33,decode,9,8,6,2,965,775,474,136,3,0,3,1292,8,52,0,0,0,0,0,0,60,lru,0,0,0,0,0,0,8,6,8,0,2,0,2,0,6,0,3801088,0,0,0,0,3801088,0,3801088,6,4979665469316086663,0,2,0,0
layer,3,0,2,33,decode,10,8,7,1,482,386,340,94,3,0,3,696,8,27,0,0,0,0,0,0,60,lru,0,0,0,0,0,0,8,7,8,0,1,0,0,0,3,0,1900544,0,0,0,0,1900544,0,1900544,3,11320887690356426290,0,1,0,0
layer,3,0,2,33,decode,11,8,8,0,0,0,587,0,0,0,0,19,8,2,0,0,0,0,0,0,60,lru,0,0,0,0,0,0,8,8,8,0,0,0,0,0,0,0,0,0,0,0,0,0,0,0,0,13839254501280357136,0,0,0,0
layer,3,0,2,33,decode,12,8,5,3,1466,1149,482,267,5,0,5,1889,8,18,0,0,0,0,0,0,60,lru,0,0,0,0,0,0,8,5,8,0,3,0,2,0,9,0,5701632,0,0,0,0,5701632,0,5701632,9,12049929090314465293,0,3,0,0
layer,3,0,2,33,decode,13,8,6,2,925,749,724,237,3,0,3,1307,9,36,0,0,0,0,0,0,60,lru,0,0,0,0,0,0,8,6,8,0,2,0,1,0,6,0,3801088,0,0,0,0,3801088,0,3801088,6,17394680740321832608,0,2,0,0
layer,3,0,2,33,decode,14,8,7,1,504,368,431,148,3,0,3,779,11,26,0,0,0,0,0,0,60,lru,0,0,0,0,0,0,8,7,8,0,1,0,1,0,3,0,1900544,0,0,0,0,1900544,0,1900544,3,6868289778754654334,0,1,0,0
layer,3,0,2,33,decode,15,8,6,2,939,751,428,132,4,0,4,1298,9,25,0,0,0,0,0,0,60,lru,0,0,0,0,0,0,8,6,8,0,2,0,1,0,6,0,3801088,0,0,0,0,3801088,0,3801088,6,10160623627011491704,0,2,0,0
layer,3,0,2,33,decode,16,8,6,2,896,695,439,263,4,0,4,1374,8,2,0,0,0,0,0,0,60,lru,0,0,0,0,0,0,8,6,8,0,2,0,1,0,6,0,3801088,0,0,0,0,3801088,0,3801088,6,4199454720021571240,0,2,0,0
layer,3,0,2,33,decode,17,8,6,2,985,738,434,221,4,0,4,1385,8,3,0,0,0,0,0,0,60,lru,0,0,0,0,0,0,8,6,8,0,2,0,1,0,6,0,3801088,0,0,0,0,3801088,0,3801088,6,8924927481940897378,0,2,0,0
layer,3,0,2,33,decode,18,8,6,2,936,756,360,335,4,0,4,1338,8,20,0,0,0,0,0,0,60,lru,0,0,0,0,0,0,8,6,8,0,2,0,0,0,6,0,3801088,0,0,0,0,3801088,0,3801088,6,16550925513613287857,0,2,0,0
layer,3,0,2,33,decode,19,8,7,1,462,380,547,198,4,0,4,683,8,23,0,0,0,0,0,0,60,lru,0,0,0,0,0,0,8,7,8,0,1,0,0,0,3,0,1900544,0,0,0,0,1900544,0,1900544,3,16646701374002503890,0,1,0,0
layer,3,0,2,33,decode,20,8,6,2,933,747,441,264,4,0,4,1312,12,34,0,0,0,0,0,0,60,lru,0,0,0,0,0,0,8,6,8,0,2,0,3,0,6,0,3801088,0,0,0,0,3801088,0,3801088,6,14850526629244931793,0,2,0,0
layer,3,0,2,33,decode,21,8,5,3,1444,1122,466,328,4,0,4,1915,8,3,0,0,0,0,0,0,60,lru,0,0,0,0,0,0,8,5,8,0,3,0,2,0,9,0,5701632,0,0,0,0,5701632,0,5701632,9,10248236363669162093,0,3,0,0
layer,3,0,2,33,decode,22,8,5,3,985,827,393,257,5,0,5,1384,8,26,0,0,0,0,0,0,60,lru,0,0,0,0,0,0,8,5,8,0,3,0,2,3,6,1900544,3801088,0,0,0,0,5701632,0,3801088,6,13692184844925097649,0,3,0,0
layer,3,0,2,33,decode,23,8,6,2,947,752,423,326,5,0,5,1290,8,20,0,0,0,0,0,0,60,lru,0,0,0,0,0,0,8,6,8,0,2,0,0,0,6,0,3801088,0,0,0,0,3801088,0,3801088,6,14245859588760738466,0,2,0,0
layer,3,0,2,33,decode,24,8,4,4,1907,1543,404,650,5,0,5,2501,7,20,0,0,0,0,0,0,60,lru,0,0,0,0,0,0,8,4,8,0,4,0,1,0,12,0,7602176,0,0,0,0,7602176,0,7602176,12,5734382170184703748,0,4,0,0
layer,3,0,2,33,decode,25,8,5,3,1466,1091,527,386,5,0,5,2099,8,3,0,0,0,0,0,0,60,lru,0,0,0,0,0,0,8,5,8,0,3,0,2,0,9,0,5701632,0,0,0,0,5701632,0,5701632,9,15946419117288655875,0,3,0,0
layer,3,0,2,33,decode,26,8,4,4,2024,1481,402,550,4,0,4,2706,9,42,0,0,0,0,0,0,60,lru,0,0,0,0,0,0,8,4,8,0,4,0,1,0,12,0,7602176,0,0,0,0,7602176,0,7602176,12,8120228149914582381,0,4,0,0
layer,3,0,2,33,decode,27,8,6,2,952,766,420,226,5,0,5,1278,9,27,0,0,0,0,0,0,60,lru,0,0,0,0,0,0,8,6,8,0,2,0,1,0,6,0,3801088,0,0,0,0,3801088,0,3801088,6,12615904337579107521,0,2,0,0
layer,3,0,2,33,decode,28,8,5,3,1431,1135,385,496,6,0,6,1894,8,19,0,0,0,0,0,0,60,lru,0,0,0,0,0,0,8,5,8,0,3,0,2,0,9,0,5701632,0,0,0,0,5701632,0,5701632,9,10471790732719609188,0,3,0,0
layer,3,0,2,33,decode,29,8,5,3,1485,1140,449,390,5,0,5,1928,8,3,0,0,0,0,0,0,60,lru,0,0,0,0,0,0,8,5,8,0,3,0,1,0,9,0,5701632,0,0,0,0,5701632,0,5701632,9,942484947048536379,0,3,0,0
layer,3,0,2,33,decode,30,8,5,3,1439,1132,711,323,5,0,5,1869,8,25,0,0,0,0,0,0,60,lru,0,0,0,0,0,0,8,5,8,0,3,0,1,0,9,0,5701632,0,0,0,0,5701632,0,5701632,9,5258236947015913830,0,3,0,0
layer,3,0,2,33,decode,31,8,6,2,946,747,468,353,4,0,4,1350,12,26,0,0,0,0,0,0,60,lru,0,0,0,0,0,0,8,6,8,0,2,0,3,0,6,0,3801088,0,0,0,0,3801088,0,3801088,6,8093191824070457342,0,2,0,0
layer,3,0,2,33,decode,32,8,8,0,0,0,516,0,0,0,0,24,9,3,0,0,0,0,0,0,60,lru,0,0,0,0,0,0,8,8,8,0,0,0,1,0,0,0,0,0,0,0,0,0,0,0,0,4860877831076340767,0,0,0,0
layer,3,0,2,33,decode,33,8,7,1,499,367,449,135,3,0,3,746,8,26,0,0,0,0,0,0,60,lru,0,0,0,0,0,0,8,7,8,0,1,0,1,0,3,0,1900544,0,0,0,0,1900544,0,1900544,3,647089568795967136,0,1,0,0
layer,3,0,2,33,decode,34,8,6,2,1075,816,367,295,4,0,4,1363,9,31,0,0,0,0,0,0,60,lru,0,0,0,0,0,0,8,6,8,0,2,0,1,0,6,0,4079616,0,0,0,0,4079616,0,4079616,6,13111609085182284830,0,2,0,0
layer,3,0,2,33,decode,35,8,7,1,480,367,432,83,3,0,3,724,8,29,0,0,0,0,0,0,60,lru,0,0,0,0,0,0,8,7,8,0,1,0,1,0,3,0,1900544,0,0,0,0,1900544,0,1900544,3,12931760222849788862,0,1,0,0
layer,3,0,2,33,decode,36,8,8,0,0,0,427,0,0,0,0,22,8,2,0,0,0,0,0,0,60,lru,0,0,0,0,0,0,8,8,8,0,0,0,2,0,0,0,0,0,0,0,0,0,0,0,0,602638772538234125,0,0,0,0
layer,3,0,2,33,decode,37,8,8,0,0,0,438,0,0,0,0,21,8,2,0,0,0,0,0,0,60,lru,0,0,0,0,0,0,8,8,8,0,0,0,2,0,0,0,0,0,0,0,0,0,0,0,0,6225673014956354479,0,0,0,0
layer,3,0,2,33,decode,38,8,8,0,0,0,478,0,0,0,0,19,8,2,0,0,0,0,0,0,55,lru,0,0,0,0,0,0,8,8,8,0,0,0,2,0,0,0,0,0,0,0,0,0,0,0,0,8525822454114671247,0,0,0,0
layer,3,0,2,33,decode,39,8,8,0,0,0,821,0,0,0,0,24,9,2,0,0,0,0,0,0,50,lru,0,0,0,0,0,0,8,8,8,0,0,0,3,0,0,0,0,0,0,0,0,0,0,0,0,2338896266516394575,0,0,0,0
request,3,0,2,0,decode,-1,0,0,0,0,0,0,0,0,0,0,0,0,0,0,0,0,0,0,0,0,,67100,523,0,0,13,0,0,0,0,0,0,0,0,0,0,0,0,0,0,0,0,0,0,0,0,0,0,0,0,0
layer,4,0,3,34,decode,0,8,6,2,432,409,169,139,5,0,5,826,11,26,0,0,0,0,0,0,60,lru,0,0,0,0,0,0,8,6,8,0,2,0,1,3,3,1900544,1900544,4,0,0,0,3801088,0,1900544,3,7889592169940999329,0,2,0,0
layer,4,0,3,34,decode,1,8,6,2,937,742,174,268,6,0,6,1323,8,11,0,0,0,0,0,0,60,lru,0,0,0,0,0,0,8,6,8,0,2,0,1,0,6,0,3801088,0,0,0,0,3801088,0,3801088,6,9208133391822980145,0,2,0,0
layer,4,0,3,34,decode,2,8,7,1,456,379,153,197,5,0,5,747,7,24,0,0,0,0,0,0,60,lru,0,0,0,0,0,0,8,7,8,0,1,0,1,0,3,0,1900544,0,0,0,0,1900544,0,1900544,3,10969992024415991476,0,1,0,0
layer,4,0,3,34,decode,3,8,6,2,953,776,160,306,5,0,5,1313,7,25,0,0,0,0,0,0,60,lru,0,0,0,0,0,0,8,6,8,0,2,0,1,0,6,0,3801088,42,0,0,0,3801088,0,3801088,6,10673902355128930477,0,2,0,0
layer,4,0,3,34,decode,4,8,7,1,484,380,169,148,3,0,3,701,7,29,0,0,0,0,0,0,60,lru,0,0,0,0,0,0,8,7,8,0,1,0,1,0,3,0,1900544,0,0,0,0,1900544,0,1900544,3,5596391093874001595,0,1,0,0
layer,4,0,3,34,decode,5,8,4,4,936,927,168,290,5,0,5,1488,7,10,0,0,0,0,0,0,60,lru,0,0,0,0,0,0,8,4,8,0,4,0,0,6,6,3801088,3801088,5,0,0,0,7602176,0,3801088,6,13310533618625404657,0,4,0,0
layer,4,0,3,34,decode,6,8,4,4,1899,1470,143,509,4,0,4,2597,6,19,0,0,0,0,0,0,60,lru,0,0,0,0,0,0,8,4,8,0,4,0,1,0,12,0,7602176,0,0,0,0,7602176,0,7602176,12,17567061213658008742,0,4,0,0
layer,4,0,3,34,decode,7,8,8,0,0,0,185,0,0,0,0,18,7,2,0,0,0,0,0,0,60,lru,0,0,0,0,0,0,8,8,8,0,0,0,1,0,0,0,0,0,0,0,0,0,0,0,0,18049098312801099700,0,0,0,0
layer,4,0,3,34,decode,8,8,8,0,0,0,177,0,0,0,0,16,7,1,0,0,0,0,0,0,60,lru,0,0,0,0,0,0,8,8,8,0,0,0,0,0,0,0,0,0,0,0,0,0,0,0,0,15987215634553378093,0,0,0,0
layer,4,0,3,34,decode,9,8,8,0,0,0,183,0,0,0,0,15,7,2,0,0,0,0,0,0,60,lru,0,0,0,0,0,0,8,8,8,0,0,0,0,0,0,0,0,0,0,0,0,0,0,0,0,8918516036815775575,0,0,0,0
layer,4,0,3,34,decode,10,8,7,1,472,381,144,152,3,0,3,707,6,26,0,0,0,0,0,0,60,lru,0,0,0,0,0,0,8,7,8,0,1,0,0,0,3,0,1900544,0,0,0,0,1900544,0,1900544,3,10962564628912302860,0,1,0,0
layer,4,0,3,34,decode,11,8,5,3,934,782,158,344,3,0,3,1339,7,2,0,0,0,0,0,0,60,lru,0,0,0,0,0,0,8,5,8,0,3,0,1,3,6,1900544,3801088,2,0,0,0,5701632,0,3801088,6,9198957029566766551,0,3,0,0
layer,4,0,3,34,decode,12,8,6,2,418,400,155,98,3,0,3,765,7,9,0,0,0,0,0,0,60,lru,0,0,0,0,0,0,8,6,8,0,2,0,1,3,3,1900544,1900544,9,0,0,0,3801088,0,1900544,3,10708901026295134314,0,2,0,0
layer,4,0,3,34,decode,13,8,5,3,457,499,153,202,4,0,4,778,8,21,0,0,0,0,0,0,60,lru,0,0,0,0,0,0,8,5,8,0,3,0,1,6,3,3801088,1900544,5,0,0,0,5701632,0,1900544,3,996589886269182372,0,3,0,0
layer,4,0,3,34,decode,14,8,6,2,956,731,146,318,3,0,3,1354,7,20,0,0,0,0,0,0,60,lru,0,0,0,0,0,0,8,6,8,0,2,0,1,0,6,0,3801088,0,0,0,0,3801088,0,3801088,6,13223339466625513585,0,2,0,0
layer,4,0,3,34,decode,15,8,5,3,913,800,160,235,3,0,3,1367,7,23,0,0,0,0,0,0,60,lru,0,0,0,0,0,0,8,5,8,0,3,0,0,3,6,1900544,3801088,1,0,0,0,5701632,0,3801088,6,1010744980792003933,0,3,0,0
layer,4,0,3,34,decode,16,8,7,1,0,88,153,19,3,0,3,79,7,2,0,0,0,0,0,0,60,lru,0,0,0,0,0,0,8,7,8,0,1,0,1,3,0,1900544,0,0,0,0,0,1900544,0,0,0,10210987686515975591,0,1,0,0
layer,4,0,3,34,decode,17,8,5,3,0,254,159,51,4,0,4,172,7,3,0,0,0,0,0,0,60,lru,0,0,0,0,0,0,8,5,8,0,3,0,1,9,0,5701632,0,0,0,0,0,5701632,0,0,0,16674009908689819405,0,3,0,0
layer,4,0,3,34,decode,18,8,6,2,955,761,151,230,4,0,4,1321,7,18,0,0,0,0,0,0,60,lru,0,0,0,0,0,0,8,6,8,0,2,0,1,0,6,0,3801088,0,0,0,0,3801088,0,3801088,6,6329816832982953123,0,2,0,0
layer,4,0,3,34,decode,19,8,6,2,958,754,174,100,4,0,4,1323,7,24,0,0,0,0,0,0,60,lru,0,0,0,0,0,0,8,6,8,0,2,0,1,0,6,0,3801088,0,0,0,0,3801088,0,3801088,6,57297572491035132,0,2,0,0
layer,4,0,3,34,decode,20,8,7,1,465,368,169,26,2,0,2,726,7,18,0,0,0,0,0,0,60,lru,0,0,0,0,0,0,8,7,8,0,1,0,1,0,3,0,1900544,0,0,0,0,1900544,0,1900544,3,10028313765056859014,0,1,0,0
layer,4,0,3,34,decode,21,8,6,2,0,171,158,40,3,0,3,126,7,2,0,0,0,0,0,0,60,lru,0,0,0,0,0,0,8,6,8,0,2,0,0,6,0,3801088,0,0,0,0,0,3801088,0,0,0,9391142743700692777,0,2,0,0
layer,4,0,3,34,decode,22,8,7,1,482,386,141,97,3,0,3,722,7,41,0,0,0,0,0,0,60,lru,0,0,0,0,0,0,8,7,8,0,1,0,0,0,3,0,1900544,0,0,0,0,1900544,0,1900544,3,18332495637005789078,0,1,0,0
layer,4,0,3,34,decode,23,8,5,3,904,749,175,268,5,0,5,1443,7,21,0,0,0,0,0,0,60,lru,0,0,0,0,0,0,8,5,8,0,3,0,1,3,6,1900544,3801088,5,0,0,0,5701632,0,3801088,6,9844825150349456436,0,3,0,0
layer,4,0,3,34,decode,24,8,4,4,899,851,158,352,4,0,4,1460,7,21,0,0,0,0,0,0,60,lru,0,0,0,0,0,0,8,4,8,0,4,0,1,6,6,3801088,3801088,22,0,0,0,7602176,0,3801088,6,1226286819549352733,0,4,0,0
layer,4,0,3,34,decode,25,8,5,3,939,778,173,325,4,0,4,1420,7,21,0,0,0,0,0,0,60,lru,0,0,0,0,0,0,8,5,8,0,3,0,1,3,6,1900544,3801088,0,0,0,0,5701632,0,3801088,6,11532709156766004400,0,3,0,0
layer,4,0,3,34,decode,26,8,3,5,2032,1493,148,344,4,0,4,2777,6,24,0,0,0,0,0,0,60,lru,0,0,0,0,0,0,8,3,8,0,5,0,1,3,12,1900544,7602176,1,0,0,0,9502720,0,7602176,12,12899241002037284483,0,5,0,0
layer,4,0,3,34,decode,27,8,4,4,1948,1514,156,577,3,0,3,2585,7,23,0,0,0,0,0,0,60,lru,0,0,0,0,0,0,8,4,8,0,4,0,1,0,12,0,7602176,0,0,0,0,7602176,0,7602176,12,14463677353589776036,0,4,0,0
layer,4,0,3,34,decode,28,8,7,1,478,399,153,158,3,0,3,634,7,31,0,0,0,0,0,0,60,lru,0,0,0,0,0,0,8,7,8,0,1,0,1,0,3,0,1900544,0,0,0,0,1900544,0,1900544,3,7648691163289555606,0,1,0,0
layer,4,0,3,34,decode,29,8,6,2,464,428,181,252,4,0,4,783,7,2,0,0,0,0,0,0,60,lru,0,0,0,0,0,0,8,6,8,0,2,0,0,3,3,1900544,1900544,1,0,0,0,3801088,0,1900544,3,12703863012355979896,0,2,0,0
layer,4,0,3,34,decode,30,8,6,2,431,423,152,186,3,0,3,765,7,24,0,0,0,0,0,0,60,lru,0,0,0,0,0,0,8,6,8,0,2,0,1,3,3,1900544,1900544,0,0,0,0,3801088,0,1900544,3,1059459920038993728,0,2,0,0
layer,4,0,3,34,decode,31,8,7,1,482,378,173,96,2,0,2,696,8,21,0,0,0,0,0,0,60,lru,0,0,0,0,0,0,8,7,8,0,1,0,1,0,3,0,1900544,0,0,0,0,1900544,0,1900544,3,13820930361055015886,0,1,0,0
layer,4,0,3,34,decode,32,8,5,3,940,823,153,278,5,0,5,1323,6,19,0,0,0,0,0,0,60,lru,0,0,0,0,0,0,8,5,8,0,3,0,1,3,6,1900544,3801088,7,0,0,0,5701632,0,3801088,6,9423133405352933488,0,3,0,0
layer,4,0,3,34,decode,33,8,7,1,0,88,157,13,3,0,3,81,7,2,0,0,0,0,0,0,60,lru,0,0,0,0,0,0,8,7,8,0,1,0,1,3,0,1900544,0,0,0,0,0,1900544,0,0,0,278263646044898017,0,1,0,0
layer,4,0,3,34,decode,34,8,4,4,1586,1189,151,431,5,0,5,2267,7,21,0,0,0,0,0,0,60,lru,0,0,0,0,0,0,8,4,8,0,4,0,1,3,9,2039808,6119424,2,0,0,0,8159232,0,6119424,9,4274654130876371350,0,4,0,0
layer,4,0,3,34,decode,35,8,4,4,1477,1157,158,391,3,0,3,2125,7,25,0,0,0,0,0,0,60,lru,0,0,0,0,0,0,8,4,8,0,4,0,1,3,9,1900544,5701632,4,0,0,0,7602176,0,5701632,9,16490843105279244101,0,4,0,0
layer,4,0,3,34,decode,36,8,3,5,1490,1251,162,391,4,0,4,2161,7,24,0,0,0,0,0,0,60,lru,0,0,0,0,0,0,8,3,8,0,5,0,1,6,9,3801088,5701632,1,0,0,0,9502720,0,5701632,9,1443467722982032634,0,5,0,0
layer,4,0,3,34,decode,37,8,5,3,491,462,156,138,4,0,4,858,7,2,0,0,0,0,0,0,60,lru,0,0,0,0,0,0,8,5,8,0,3,0,1,6,3,3801088,1900544,9,0,0,0,5701632,0,1900544,3,14394620341297164752,0,3,0,0
layer,4,0,3,34,decode,38,8,5,3,1017,850,140,253,0,0,0,1385,7,2,0,0,0,0,0,0,58,lru,0,0,0,0,0,0,8,5,8,3,0,0,1,3,6,2039808,4079616,9,0,0,0,6119424,0,4079616,6,2119569292962401353,0,3,0,0
layer,4,0,3,34,decode,39,8,5,3,521,518,674,244,0,0,0,841,8,2,0,0,0,0,0,0,53,lru,0,0,0,0,0,0,8,5,8,3,0,0,1,6,3,4079616,2039808,4,0,0,0,6119424,0,2039808,3,9512646554017890060,0,3,0,0
request,4,0,3,0,decode,-1,0,0,0,0,0,0,0,0,0,0,0,0,0,0,0,0,0,0,0,0,,52206,594,0,0,15,0,0,0,0,0,0,0,0,0,0,0,0,0,0,0,0,0,0,0,0,0,0,0,0,0
layer,5,0,4,35,decode,0,8,5,3,920,782,171,342,4,0,4,1379,10,22,0,0,0,0,0,0,60,lru,0,0,0,0,0,0,8,5,8,0,3,0,1,3,6,1900544,3801088,5,0,0,0,5701632,0,3801088,6,12781288647783915005,0,3,0,0
layer,5,0,4,35,decode,1,8,5,3,925,807,166,320,5,0,5,1328,7,15,0,0,0,0,0,0,60,lru,0,0,0,0,0,0,8,5,8,0,3,0,1,3,6,1900544,3801088,4,0,0,0,5701632,0,3801088,6,8317860663350346962,0,3,0,0
layer,5,0,4,35,decode,2,8,1,7,1397,1364,137,463,5,0,5,2233,7,24,0,0,0,0,0,0,60,lru,0,0,0,0,0,0,8,1,8,0,7,0,1,12,9,7602176,5701632,9,0,0,0,13303808,0,5701632,9,16779487811994589405,0,7,0,0
layer,5,0,4,35,decode,3,8,7,1,478,361,175,67,3,0,3,713,7,36,0,0,0,0,0,0,60,lru,0,0,0,0,0,0,8,7,8,0,1,0,1,0,3,0,1900544,0,0,0,0,1900544,0,1900544,3,14568778475149186308,0,1,0,0
layer,5,0,4,35,decode,4,8,8,0,0,0,177,0,0,0,0,18,7,2,0,0,0,0,0,0,60,lru,0,0,0,0,0,0,8,8,8,0,0,0,1,0,0,0,0,0,0,0,0,0,0,0,0,9617824744872172324,0,0,0,0
layer,5,0,4,35,decode,5,8,7,1,476,388,156,106,2,0,2,681,7,23,0,0,0,0,0,0,60,lru,0,0,0,0,0,0,8,7,8,0,1,0,0,0,3,0,1900544,0,0,0,0,1900544,0,1900544,3,12149334842742129216,0,1,0,0
layer,5,0,4,35,decode,6,8,7,1,0,88,143,19,3,0,3,85,7,2,0,0,0,0,0,0,60,lru,0,0,0,0,0,0,8,7,8,0,1,0,1,3,0,1900544,0,0,0,0,0,1900544,0,0,0,12847335620421816698,0,1,0,0
layer,5,0,4,35,decode,7,8,8,0,0,0,180,0,0,0,0,17,7,2,0,0,0,0,0,0,60,lru,0,0,0,0,0,0,8,8,8,0,0,0,0,0,0,0,0,0,0,0,0,0,0,0,0,613304031270098264,0,0,0,0
layer,5,0,4,35,decode,8,8,8,0,0,0,173,0,0,0,0,15,7,1,0,0,0,0,0,0,60,lru,0,0,0,0,0,0,8,8,8,0,0,0,0,0,0,0,0,0,0,0,0,0,0,0,0,2427013135346546585,0,0,0,0
layer,5,0,4,35,decode,9,8,7,1,469,372,168,106,2,0,2,689,6,39,0,0,0,0,0,0,60,lru,0,0,0,0,0,0,8,7,8,0,1,0,1,0,3,0,1900544,0,0,0,0,1900544,0,1900544,3,17962535425272705854,0,1,0,0
layer,5,0,4,35,decode,10,8,8,0,0,0,154,0,0,0,0,16,7,1,0,0,0,0,0,0,60,lru,0,0,0,0,0,0,8,8,8,0,0,0,0,0,0,0,0,0,0,0,0,0,0,0,0,15008799480263713636,0,0,0,0
layer,5,0,4,35,decode,11,8,7,1,456,371,180,216,2,0,2,722,7,2,0,0,0,0,0,0,60,lru,0,0,0,0,0,0,8,7,8,0,1,0,0,0,3,0,1900544,0,0,0,0,1900544,0,1900544,3,1491830572284805844,0,1,0,0
layer,5,0,4,35,decode,12,8,8,0,0,0,172,0,0,0,0,16,7,2,0,0,0,0,0,0,60,lru,0,0,0,0,0,0,8,8,8,0,0,0,0,0,0,0,0,0,0,0,0,0,0,0,0,16154400465508962339,0,0,0,0
layer,5,0,4,35,decode,13,8,7,1,454,363,178,146,2,0,2,707,10,2,0,0,0,0,0,0,60,lru,0,0,0,0,0,0,8,7,8,0,1,0,0,0,3,0,1900544,0,0,0,0,1900544,0,1900544,3,9801622660075566880,0,1,0,0
layer,5,0,4,35,decode,14,8,7,1,484,380,157,244,2,0,2,723,8,20,0,0,0,0,0,0,60,lru,0,0,0,0,0,0,8,7,8,0,1,0,1,0,3,0,1900544,0,0,0,0,1900544,0,1900544,3,862499658449156339,0,1,0,0
layer,5,0,4,35,decode,15,8,8,0,0,0,181,0,0,0,0,17,7,2,0,0,0,0,0,0,60,lru,0,0,0,0,0,0,8,8,8,0,0,0,0,0,0,0,0,0,0,0,0,0,0,0,0,15918524237764163766,0,0,0,0
layer,5,0,4,35,decode,16,8,8,0,0,0,173,0,0,0,0,14,6,2,0,0,0,0,0,0,60,lru,0,0,0,0,0,0,8,8,8,0,0,0,0,0,0,0,0,0,0,0,0,0,0,0,0,3443053031062483752,0,0,0,0
layer,5,0,4,35,decode,17,8,8,0,0,0,178,0,0,0,0,15,7,2,0,0,0,0,0,0,60,lru,0,0,0,0,0,0,8,8,8,0,0,0,0,0,0,0,0,0,0,0,0,0,0,0,0,1963189027669833117,0,0,0,0
layer,5,0,4,35,decode,18,8,6,2,1040,765,159,244,3,0,3,1373,6,13,0,0,0,0,0,0,60,lru,0,0,0,0,0,0,8,6,8,0,2,0,1,0,6,0,3801088,0,0,0,0,3801088,0,3801088,6,13539368024454090049,0,2,0,0
layer,5,0,4,35,decode,19,8,7,1,0,88,160,22,2,0,2,79,8,2,0,0,0,0,0,0,60,lru,0,0,0,0,0,0,8,7,8,0,1,0,1,3,0,1900544,0,0,0,0,0,1900544,0,0,0,18377445841330268770,0,1,0,0
layer,5,0,4,35,decode,20,8,7,1,0,87,154,19,2,0,2,81,7,2,0,0,0,0,0,0,60,lru,0,0,0,0,0,0,8,7,8,0,1,0,0,3,0,1900544,0,0,0,0,0,1900544,0,0,0,8750991380551240934,0,1,0,0
layer,5,0,4,35,decode,21,8,8,0,0,0,179,0,0,0,0,18,7,2,0,0,0,0,0,0,60,lru,0,0,0,0,0,0,8,8,8,0,0,0,0,0,0,0,0,0,0,0,0,0,0,0,0,10676697404707011804,0,0,0,0
layer,5,0,4,35,decode,22,8,7,1,0,88,143,21,2,0,2,85,7,2,0,0,0,0,0,0,60,lru,0,0,0,0,0,0,8,7,8,0,1,0,1,3,0,1900544,0,0,0,0,0,1900544,0,0,0,3397289657445121593,0,1,0,0
layer,5,0,4,35,decode,23,8,6,2,919,676,179,292,3,0,3,1426,7,2,0,0,0,0,0,0,60,lru,0,0,0,0,0,0,8,6,8,0,2,0,0,0,6,0,3801088,0,0,0,0,3801088,0,3801088,6,8367718410063370434,0,2,0,0
layer,5,0,4,35,decode,24,8,6,2,437,416,172,145,3,0,3,761,7,2,0,0,0,0,0,0,60,lru,0,0,0,0,0,0,8,6,8,0,2,0,1,3,3,1900544,1900544,4,0,0,0,3801088,0,1900544,3,7897978686916386435,0,2,0,0
layer,5,0,4,35,decode,25,8,6,2,961,748,157,230,3,0,3,1340,7,19,0,0,0,0,0,0,60,lru,0,0,0,0,0,0,8,6,8,0,2,0,1,0,6,0,3801088,0,0,0,0,3801088,0,3801088,6,11052159513937659936,0,2,0,0
layer,5,0,4,35,decode,26,8,6,2,1008,746,140,221,3,0,3,1365,7,26,0,0,0,0,0,0,60,lru,0,0,0,0,0,0,8,6,8,0,2,0,1,0,6,0,3801088,0,0,0,0,3801088,0,3801088,6,8993062402617817885,0,2,0,0
layer,5,0,4,35,decode,27,8,6,2,455,398,159,116,3,0,3,822,7,2,0,0,0,0,0,0,60,lru,0,0,0,0,0,0,8,6,8,0,2,0,1,3,3,1900544,1900544,8,0,0,0,3801088,0,1900544,3,14003383164313085340,0,2,0,0
layer,5,0,4,35,decode,28,8,6,2,434,419,173,209,3,0,3,752,7,2,0,0,0,0,0,0,60,lru,0,0,0,0,0,0,8,6,8,0,2,0,1,3,3,1900544,1900544,0,0,0,0,3801088,0,1900544,3,7044372274328155687,0,2,0,0
layer,5,0,4,35,decode,29,8,7,1,449,346,178,254,2,0,2,724,7,2,0,0,0,0,0,0,60,lru,0,0,0,0,0,0,8,7,8,0,1,0,1,0,3,0,1900544,0,0,0,0,1900544,0,1900544,3,12034916217374635736,0,1,0,0
layer,5,0,4,35,decode,30,8,7,1,0,88,142,10,2,0,2,77,7,2,0,0,0,0,0,0,60,lru,0,0,0,0,0,0,8,7,8,0,1,0,1,3,0,1900544,0,0,0,0,0,1900544,0,0,0,10764710199232549601,0,1,0,0
layer,5,0,4,35,decode,31,8,7,1,0,87,159,18,2,0,2,79,8,2,0,0,0,0,0,0,60,lru,0,0,0,0,0,0,8,7,8,0,1,0,1,3,0,1900544,0,0,0,0,0,1900544,0,0,0,15114410464010901591,0,1,0,0
layer,5,0,4,35,decode,32,8,4,4,925,834,151,365,5,0,5,1491,7,2,0,0,0,0,0,0,60,lru,0,0,0,0,0,0,8,4,8,0,4,0,1,6,6,3801088,3801088,6,0,0,0,7602176,0,3801088,6,18047714906164060465,0,4,0,0
layer,5,0,4,35,decode,33,8,7,1,0,88,157,9,2,0,2,78,7,2,0,0,0,0,0,0,60,lru,0,0,0,0,0,0,8,7,8,0,1,0,1,3,0,1900544,0,0,0,0,0,1900544,0,0,0,18278678100917746274,0,1,0,0
layer,5,0,4,35,decode,34,8,6,2,1041,789,141,179,3,0,3,1362,7,25,0,0,0,0,0,0,60,lru,0,0,0,0,0,0,8,6,8,0,2,0,1,0,6,0,4079616,0,0,0,0,4079616,0,4079616,6,14055986908165348703,0,2,0,0
layer,5,0,4,35,decode,35,8,8,0,0,0,184,0,0,0,0,18,7,2,0,0,0,0,0,0,60,lru,0,0,0,0,0,0,8,8,8,0,0,0,1,0,0,0,0,0,0,0,0,0,0,0,0,2873055515491859303,0,0,0,0
layer,5,0,4,35,decode,36,8,5,3,971,765,176,351,4,0,4,1514,6,2,0,0,0,0,0,0,60,lru,0,0,0,0,0,0,8,5,8,0,3,0,1,3,6,1900544,3801088,0,0,0,0,5701632,0,3801088,6,12838244831735733835,0,3,0,0
layer,5,0,4,35,decode,37,8,6,2,1099,764,157,171,3,0,3,1413,7,35,0,0,0,0,0,0,60,lru,0,0,0,0,0,0,8,6,8,0,2,0,1,0,6,0,3801088,0,0,0,0,3801088,0,3801088,6,3524980595926064766,0,2,0,0
layer,5,0,4,35,decode,38,8,7,1,0,94,144,18,0,0,0,83,8,3,0,0,0,0,0,0,59,lru,0,0,0,0,0,0,8,7,8,1,0,0,1,3,0,2039808,0,0,0,0,0,2039808,0,0,0,8230177334921803146,0,1,0,0
layer,5,0,4,35,decode,39,8,7,1,526,385,675,130,0,0,0,737,8,39,0,0,0,0,0,0,54,lru,0,0,0,0,0,0,8,7,8,1,0,0,1,0,3,0,2039808,0,0,0,0,2039808,0,2039808,3,16018404432895107433,0,1,0,0
request,5,0,4,0,decode,-1,0,0,0,0,0,0,0,0,0,0,0,0,0,0,0,0,0,0,0,0,,33504,438,0,0,16,0,0,0,0,0,0,0,0,0,0,0,0,0,0,0,0,0,0,0,0,0,0,0,0,0
layer,6,0,5,36,decode,0,8,4,4,0,338,154,84,3,0,3,236,10,3,0,0,0,0,0,0,60,lru,0,0,0,0,0,0,8,4,8,0,4,0,1,12,0,7602176,0,0,0,0,0,7602176,0,0,0,13531605331290222669,0,4,0,0
layer,6,0,5,36,decode,1,8,2,6,1885,1554,154,534,4,0,4,2662,7,2,0,0,0,0,0,0,60,lru,0,0,0,0,0,0,8,2,8,0,6,0,1,6,12,3801088,7602176,11,0,0,0,11403264,0,7602176,12,1052120199618313349,0,6,0,0
layer,6,0,5,36,decode,2,8,6,2,456,438,150,212,4,0,4,738,8,19,0,0,0,0,0,0,60,lru,0,0,0,0,0,0,8,6,8,0,2,0,1,3,3,1900544,1900544,2,0,0,0,3801088,0,1900544,3,3626799635914696187,0,2,0,0
layer,6,0,5,36,decode,3,8,8,0,0,0,181,0,0,0,0,17,7,2,0,0,0,0,0,0,60,lru,0,0,0,0,0,0,8,8,8,0,0,0,1,0,0,0,0,0,0,0,0,0,0,0,0,9905617478887835646,0,0,0,0
layer,6,0,5,36,decode,4,8,8,0,0,0,175,0,0,0,0,16,7,1,0,0,0,0,0,0,60,lru,0,0,0,0,0,0,8,8,8,0,0,0,1,0,0,0,0,0,0,0,0,0,0,0,0,3275653666748872276,0,0,0,0
layer,6,0,5,36,decode,5,8,8,0,0,0,176,0,0,0,0,14,6,2,0,0,0,0,0,0,60,lru,0,0,0,0,0,0,8,8,8,0,0,0,0,0,0,0,0,0,0,0,0,0,0,0,0,10495335902245245865,0,0,0,0
layer,6,0,5,36,decode,6,8,8,0,0,0,157,0,0,0,0,14,6,1,0,0,0,0,0,0,60,lru,0,0,0,0,0,0,8,8,8,0,0,0,0,0,0,0,0,0,0,0,0,0,0,0,0,13725051780458244141,0,0,0,0
layer,6,0,5,36,decode,7,8,7,1,463,360,168,116,2,0,2,687,6,22,0,0,0,0,0,0,60,lru,0,0,0,0,0,0,8,7,8,0,1,0,0,0,3,0,1900544,0,0,0,0,1900544,0,1900544,3,4067422893736941877,0,1,0,0
layer,6,0,5,36,decode,8,8,8,0,0,0,171,0,0,0,0,16,7,1,0,0,0,0,0,0,60,lru,0,0,0,0,0,0,8,8,8,0,0,0,0,0,0,0,0,0,0,0,0,0,0,0,0,11639910922869630208,0,0,0,0
layer,6,0,5,36,decode,9,8,8,0,0,0,177,0,0,0,0,15,7,2,0,0,0,0,0,0,60,lru,0,0,0,0,0,0,8,8,8,0,0,0,0,0,0,0,0,0,0,0,0,0,0,0,0,15242190025238745533,0,0,0,0
layer,6,0,5,36,decode,10,8,8,0,0,0,155,0,0,0,0,15,7,2,0,0,0,0,0,0,60,lru,0,0,0,0,0,0,8,8,8,0,0,0,0,0,0,0,0,0,0,0,0,0,0,0,0,6401377334686482442,0,0,0,0
layer,6,0,5,36,decode,11,8,8,0,0,0,180,0,0,0,0,15,7,1,0,0,0,0,0,0,60,lru,0,0,0,0,0,0,8,8,8,0,0,0,0,0,0,0,0,0,0,0,0,0,0,0,0,17570031995339156452,0,0,0,0
layer,6,0,5,36,decode,12,8,8,0,0,0,171,0,0,0,0,14,7,2,0,0,0,0,0,0,60,lru,0,0,0,0,0,0,8,8,8,0,0,0,0,0,0,0,0,0,0,0,0,0,0,0,0,6554074935051287692,0,0,0,0
layer,6,0,5,36,decode,13,8,8,0,0,0,177,0,0,0,0,15,7,1,0,0,0,0,0,0,60,lru,0,0,0,0,0,0,8,8,8,0,0,0,0,0,0,0,0,0,0,0,0,0,0,0,0,14110437196085852021,0,0,0,0
layer,6,0,5,36,decode,14,8,8,0,0,0,156,0,0,0,0,15,7,2,0,0,0,0,0,0,60,lru,0,0,0,0,0,0,8,8,8,0,0,0,0,0,0,0,0,0,0,0,0,0,0,0,0,6429633344623502973,0,0,0,0
layer,6,0,5,36,decode,15,8,8,0,0,0,179,0,0,0,0,15,7,1,0,0,0,0,0,0,60,lru,0,0,0,0,0,0,8,8,8,0,0,0,0,0,0,0,0,0,0,0,0,0,0,0,0,17891952184528937094,0,0,0,0
layer,6,0,5,36,decode,16,8,8,0,0,0,172,0,0,0,0,15,7,1,0,0,0,0,0,0,60,lru,0,0,0,0,0,0,8,8,8,0,0,0,0,0,0,0,0,0,0,0,0,0,0,0,0,11606711075885695197,0,0,0,0
layer,6,0,5,36,decode,17,8,8,0,0,0,176,0,0,0,0,15,6,2,0,0,0,0,0,0,60,lru,0,0,0,0,0,0,8,8,8,0,0,0,0,0,0,0,0,0,0,0,0,0,0,0,0,8204598491527769509,0,0,0,0
layer,6,0,5,36,decode,18,8,7,1,473,370,150,169,2,0,2,708,6,31,0,0,0,0,0,0,60,lru,0,0,0,0,0,0,8,7,8,0,1,0,0,0,3,0,1900544,0,0,0,0,1900544,0,1900544,3,18237720351327976213,0,1,0,0
layer,6,0,5,36,decode,19,8,8,0,0,0,179,0,0,0,0,17,8,2,0,0,0,0,0,0,60,lru,0,0,0,0,0,0,8,8,8,0,0,0,0,0,0,0,0,0,0,0,0,0,0,0,0,3037938271861316183,0,0,0,0
layer,6,0,5,36,decode,20,8,7,1,453,367,164,119,2,0,2,704,6,28,0,0,0,0,0,0,60,lru,0,0,0,0,0,0,8,7,8,0,1,0,0,0,3,0,1900544,0,0,0,0,1900544,0,1900544,3,4874181244726804024,0,1,0,0
layer,6,0,5,36,decode,21,8,8,0,0,0,176,0,0,0,0,16,7,2,0,0,0,0,0,0,60,lru,0,0,0,0,0,0,8,8,8,0,0,0,0,0,0,0,0,0,0,0,0,0,0,0,0,11165648279129573853,0,0,0,0
layer,6,0,5,36,decode,22,8,7,1,0,88,146,11,2,0,2,75,7,2,0,0,0,0,0,0,60,lru,0,0,0,0,0,0,8,7,8,0,1,0,0,3,0,1900544,0,0,0,0,0,1900544,0,0,0,566337958391608846,0,1,0,0
layer,6,0,5,36,decode,23,8,7,1,0,88,159,13,2,0,2,80,7,2,0,0,0,0,0,0,60,lru,0,0,0,0,0,0,8,7,8,0,1,0,1,3,0,1900544,0,0,0,0,0,1900544,0,0,0,16520042379952473222,0,1,0,0
layer,6,0,5,36,decode,24,8,7,1,0,87,153,17,2,0,2,77,7,2,0,0,0,0,0,0,60,lru,0,0,0,0,0,0,8,7,8,0,1,0,0,3,0,1900544,0,0,0,0,0,1900544,0,0,0,10579889524980749658,0,1,0,0
layer,6,0,5,36,decode,25,8,7,1,486,368,162,177,2,0,2,697,7,23,0,0,0,0,0,0,60,lru,0,0,0,0,0,0,8,7,8,0,1,0,0,0,3,0,1900544,0,0,0,0,1900544,0,1900544,3,3967811554908373800,0,1,0,0
layer,6,0,5,36,decode,26,8,7,1,526,340,144,69,2,0,2,774,7,23,0,0,0,0,0,0,60,lru,0,0,0,0,0,0,8,7,8,0,1,0,1,0,3,0,1900544,0,0,0,0,1900544,0,1900544,3,15071282611683202587,0,1,0,0
layer,6,0,5,36,decode,27,8,5,3,427,525,159,190,4,0,4,865,8,25,0,0,0,0,0,0,60,lru,0,0,0,0,0,0,8,5,8,0,3,0,0,6,3,3801088,1900544,3,0,0,0,5701632,0,1900544,3,13984714533295591760,0,3,0,0
layer,6,0,5,36,decode,28,8,7,1,0,88,153,6,2,0,2,77,7,2,0,0,0,0,0,0,60,lru,0,0,0,0,0,0,8,7,8,0,1,0,1,3,0,1900544,0,0,0,0,0,1900544,0,0,0,10409739807552023626,0,1,0,0
layer,6,0,5,36,decode,29,8,6,2,0,170,158,43,3,0,3,123,7,2,0,0,0,0,0,0,60,lru,0,0,0,0,0,0,8,6,8,0,2,0,1,6,0,3801088,0,0,0,0,0,3801088,0,0,0,15609480867802090590,0,2,0,0
layer,6,0,5,36,decode,30,8,5,3,1441,1109,139,393,4,0,4,1974,7,26,0,0,0,0,0,0,60,lru,0,0,0,0,0,0,8,5,8,0,3,0,1,0,9,0,5701632,0,0,0,0,5701632,0,5701632,9,741546601623053127,0,3,0,0
layer,6,0,5,36,decode,31,8,7,1,476,386,160,117,2,0,2,657,7,19,0,0,0,0,0,0,60,lru,0,0,0,0,0,0,8,7,8,0,1,0,1,0,3,0,1900544,0,0,0,0,1900544,0,1900544,3,7290871351594296599,0,1,0,0
layer,6,0,5,36,decode,32,8,7,1,489,379,165,94,2,0,2,682,7,37,0,0,0,0,0,0,60,lru,0,0,0,0,0,0,8,7,8,0,1,0,0,0,3,0,1900544,0,0,0,0,1900544,0,1900544,3,8767640466011743803,0,1,0,0
layer,6,0,5,36,decode,33,8,7,1,486,385,169,114,2,0,2,710,7,24,0,0,0,0,0,0,60,lru,0,0,0,0,0,0,8,7,8,0,1,0,0,0,3,0,1900544,0,0,0,0,1900544,0,1900544,3,831626798782744455,0,1,0,0
layer,6,0,5,36,decode,34,8,8,0,0,0,158,0,0,0,0,17,7,2,0,0,0,0,0,0,60,lru,0,0,0,0,0,0,8,8,8,0,0,0,0,0,0,0,0,0,0,0,0,0,0,0,0,1846412943983921013,0,0,0,0
layer,6,0,5,36,decode,35,8,5,3,961,842,158,316,4,0,4,1282,7,25,0,0,0,0,0,0,60,lru,0,0,0,0,0,0,8,5,8,0,3,0,0,3,6,1900544,3801088,0,0,0,0,5701632,0,3801088,6,6465213697285674156,0,3,0,0
layer,6,0,5,36,decode,36,8,7,1,485,372,158,48,2,0,2,698,7,17,0,0,0,0,0,0,60,lru,0,0,0,0,0,0,8,7,8,0,1,0,0,0,3,0,1900544,0,0,0,0,1900544,0,1900544,3,5166006729301641712,0,1,0,0
layer,6,0,5,36,decode,37,8,7,1,534,363,174,101,2,0,2,745,7,21,0,0,0,0,0,0,60,lru,0,0,0,0,0,0,8,7,8,0,1,0,1,0,3,0,1900544,0,0,0,0,1900544,0,1900544,3,8073341580769487745,0,1,0,0
layer,6,0,5,36,decode,38,8,8,0,0,0,161,0,0,0,0,17,7,2,0,0,0,0,0,0,59,lru,0,0,0,0,0,0,8,8,8,0,0,0,1,0,0,0,0,0,0,0,0,0,0,0,0,18254062937900392797,0,0,0,0
layer,6,0,5,36,decode,39,8,8,0,0,0,688,0,0,0,0,16,7,1,0,0,0,0,0,0,54,lru,0,0,0,0,0,0,8,8,8,0,0,0,1,0,0,0,0,0,0,0,0,0,0,0,0,6043764532901765638,0,0,0,0
request,6,0,5,0,decode,-1,0,0,0,0,0,0,0,0,0,0,0,0,0,0,0,0,0,0,0,0,,23939,370,0,0,14,0,0,0,0,0,0,0,0,0,0,0,0,0,0,0,0,0,0,0,0,0,0,0,0,0
layer,7,0,6,37,decode,0,8,5,3,1421,1094,174,306,4,0,4,1949,10,3,0,0,0,0,0,0,60,lru,0,0,0,0,0,0,8,5,8,0,3,0,1,0,9,0,5701632,0,0,0,0,5701632,0,5701632,9,10388448033893216759,0,3,0,0
layer,7,0,6,37,decode,1,8,5,3,913,842,155,306,5,0,5,1411,8,19,0,0,0,0,0,0,60,lru,0,0,0,0,0,0,8,5,8,0,3,0,1,3,6,1900544,3801088,5,0,0,0,5701632,0,3801088,6,17016065388436191711,0,3,0,0
layer,7,0,6,37,decode,2,8,8,0,0,0,157,0,0,0,0,18,7,2,0,0,0,0,0,0,60,lru,0,0,0,0,0,0,8,8,8,0,0,0,1,0,0,0,0,0,0,0,0,0,0,0,0,2052930123455569555,0,0,0,0
layer,7,0,6,37,decode,3,8,7,1,0,88,161,7,3,0,3,80,7,2,0,0,0,0,0,0,60,lru,0,0,0,0,0,0,8,7,8,0,1,0,1,3,0,1900544,0,0,0,0,0,1900544,0,0,0,14687521838759296347,0,1,0,0
layer,7,0,6,37,decode,4,8,8,0,0,0,174,0,0,0,0,16,7,2,0,0,0,0,0,0,60,lru,0,0,0,0,0,0,8,8,8,0,0,0,0,0,0,0,0,0,0,0,0,0,0,0,0,7686878572285112512,0,0,0,0
layer,7,0,6,37,decode,5,8,8,0,0,0,176,0,0,0,0,16,7,2,0,0,0,0,0,0,60,lru,0,0,0,0,0,0,8,8,8,0,0,0,0,0,0,0,0,0,0,0,0,0,0,0,0,4698514387513049434,0,0,0,0
layer,7,0,6,37,decode,6,8,7,1,0,88,143,25,3,0,3,83,10,2,0,0,0,0,0,0,60,lru,0,0,0,0,0,0,8,7,8,0,1,0,1,3,0,1900544,0,0,0,0,0,1900544,0,0,0,1424474690141001175,0,1,0,0
layer,7,0,6,37,decode,7,8,8,0,0,0,179,0,0,0,0,17,8,1,0,0,0,0,0,0,60,lru,0,0,0,0,0,0,8,8,8,0,0,0,0,0,0,0,0,0,0,0,0,0,0,0,0,3609685372010799791,0,0,0,0
layer,7,0,6,37,decode,8,8,8,0,0,0,172,0,0,0,0,15,7,1,0,0,0,0,0,0,60,lru,0,0,0,0,0,0,8,8,8,0,0,0,0,0,0,0,0,0,0,0,0,0,0,0,0,5936811520045304555,0,0,0,0
layer,7,0,6,37,decode,9,8,8,0,0,0,177,0,0,0,0,15,6,2,0,0,0,0,0,0,60,lru,0,0,0,0,0,0,8,8,8,0,0,0,0,0,0,0,0,0,0,0,0,0,0,0,0,4692009030776424642,0,0,0,0
layer,7,0,6,37,decode,10,8,8,0,0,0,155,0,0,0,0,15,7,2,0,0,0,0,0,0,60,lru,0,0,0,0,0,0,8,8,8,0,0,0,0,0,0,0,0,0,0,0,0,0,0,0,0,4255283846423487195,0,0,0,0
layer,7,0,6,37,decode,11,8,8,0,0,0,179,0,0,0,0,14,7,1,0,0,0,0,0,0,60,lru,0,0,0,0,0,0,8,8,8,0,0,0,0,0,0,0,0,0,0,0,0,0,0,0,0,4985132466844215292,0,0,0,0
layer,7,0,6,37,decode,12,8,8,0,0,0,172,0,0,0,0,15,7,1,0,0,0,0,0,0,60,lru,0,0,0,0,0,0,8,8,8,0,0,0,1,0,0,0,0,0,0,0,0,0,0,0,0,7522826230957594168,0,0,0,0
layer,7,0,6,37,decode,13,8,7,1,0,88,157,12,2,0,2,77,6,2,0,0,0,0,0,0,60,lru,0,0,0,0,0,0,8,7,8,0,1,0,0,3,0,1900544,0,0,0,0,0,1900544,0,0,0,1088627590562977566,0,1,0,0
layer,7,0,6,37,decode,14,8,6,2,453,404,142,138,3,0,3,772,7,2,0,0,0,0,0,0,60,lru,0,0,0,0,0,0,8,6,8,0,2,0,1,3,3,1900544,1900544,12,0,0,0,3801088,0,1900544,3,6715464779467008687,0,2,0,0
layer,7,0,6,37,decode,15,8,8,0,0,0,179,0,0,0,0,16,7,1,0,0,0,0,0,0,60,lru,0,0,0,0,0,0,8,8,8,0,0,0,1,0,0,0,0,0,0,0,0,0,0,0,0,7437878669643406835,0,0,0,0
layer,7,0,6,37,decode,16,8,8,0,0,0,171,0,0,0,0,15,7,1,0,0,0,0,0,0,60,lru,0,0,0,0,0,0,8,8,8,0,0,0,0,0,0,0,0,0,0,0,0,0,0,0,0,12229994245852636558,0,0,0,0
layer,7,0,6,37,decode,17,8,8,0,0,0,175,0,0,0,0,16,6,2,0,0,0,0,0,0,60,lru,0,0,0,0,0,0,8,8,8,0,0,0,1,0,0,0,0,0,0,0,0,0,0,0,0,4918950221904907335,0,0,0,0
layer,7,0,6,37,decode,18,8,6,2,478,416,142,186,3,0,3,780,7,43,0,0,0,0,0,0,60,lru,0,0,0,0,0,0,8,6,8,0,2,0,0,3,3,1900544,1900544,13,0,0,0,3801088,0,1900544,3,16484212088684931892,0,2,0,0
layer,7,0,6,37,decode,19,8,7,1,485,376,169,102,2,0,2,717,7,24,0,0,0,0,0,0,60,lru,0,0,0,0,0,0,8,7,8,0,1,0,1,0,3,0,1900544,0,0,0,0,1900544,0,1900544,3,9358079701293764121,0,1,0,0
layer,7,0,6,37,decode,20,8,7,1,458,368,166,74,2,0,2,689,7,25,0,0,0,0,0,0,60,lru,0,0,0,0,0,0,8,7,8,0,1,0,1,0,3,0,1900544,0,0,0,0,1900544,0,1900544,3,17724564612478113473,0,1,0,0
layer,7,0,6,37,decode,21,8,8,0,0,0,175,0,0,0,0,16,7,2,0,0,0,0,0,0,60,lru,0,0,0,0,0,0,8,8,8,0,0,0,0,0,0,0,0,0,0,0,0,0,0,0,0,8225545766017281213,0,0,0,0
layer,7,0,6,37,decode,22,8,8,0,0,0,157,0,0,0,0,15,6,2,0,0,0,0,0,0,60,lru,0,0,0,0,0,0,8,8,8,0,0,0,0,0,0,0,0,0,0,0,0,0,0,0,0,1308035263707315156,0,0,0,0
layer,7,0,6,37,decode,23,8,7,1,469,366,159,95,2,0,2,667,6,23,0,0,0,0,0,0,60,lru,0,0,0,0,0,0,8,7,8,0,1,0,0,0,3,0,1900544,0,0,0,0,1900544,0,1900544,3,14151074207867758971,0,1,0,0
layer,7,0,6,37,decode,24,8,8,0,0,0,172,0,0,0,0,16,7,1,0,0,0,0,0,0,60,lru,0,0,0,0,0,0,8,8,8,0,0,0,0,0,0,0,0,0,0,0,0,0,0,0,0,13008296710874449205,0,0,0,0
layer,7,0,6,37,decode,25,8,8,0,0,0,177,0,0,0,0,15,7,2,0,0,0,0,0,0,60,lru,0,0,0,0,0,0,8,8,8,0,0,0,0,0,0,0,0,0,0,0,0,0,0,0,0,15120624037341841100,0,0,0,0
layer,7,0,6,37,decode,26,8,8,0,0,0,154,0,0,0,0,15,7,2,0,0,0,0,0,0,60,lru,0,0,0,0,0,0,8,8,8,0,0,0,0,0,0,0,0,0,0,0,0,0,0,0,0,4270357617194976951,0,0,0,0
layer,7,0,6,37,decode,27,8,8,0,0,0,177,0,0,0,0,14,6,1,0,0,0,0,0,0,60,lru,0,0,0,0,0,0,8,8,8,0,0,0,0,0,0,0,0,0,0,0,0,0,0,0,0,16158126189737083783,0,0,0,0
layer,7,0,6,37,decode,28,8,6,2,463,444,153,129,3,0,3,725,6,30,0,0,0,0,0,0,60,lru,0,0,0,0,0,0,8,6,8,0,2,0,0,3,3,1900544,1900544,3,0,0,0,3801088,0,1900544,3,10752774480648312218,0,2,0,0
layer,7,0,6,37,decode,29,8,7,1,492,361,176,124,2,0,2,710,7,2,0,0,0,0,0,0,60,lru,0,0,0,0,0,0,8,7,8,0,1,0,0,0,3,0,1900544,0,0,0,0,1900544,0,1900544,3,17111873531537981732,0,1,0,0
layer,7,0,6,37,decode,30,8,7,1,512,351,156,203,2,0,2,731,7,2,0,0,0,0,0,0,60,lru,0,0,0,0,0,0,8,7,8,0,1,0,1,0,3,0,1900544,0,0,0,0,1900544,0,1900544,3,10048680954297314782,0,1,0,0
layer,7,0,6,37,decode,31,8,6,2,951,748,160,302,3,0,3,1352,7,36,0,0,0,0,0,0,60,lru,0,0,0,0,0,0,8,6,8,0,2,0,1,0,6,0,3801088,0,0,0,0,3801088,0,3801088,6,14986108364941127416,0,2,0,0
layer,7,0,6,37,decode,32,8,6,2,911,728,172,384,3,0,3,1376,7,2,0,0,0,0,0,0,60,lru,0,0,0,0,0,0,8,6,8,0,2,0,1,0,6,0,3801088,0,0,0,0,3801088,0,3801088,6,861980985257784080,0,2,0,0
layer,7,0,6,37,decode,33,8,6,2,969,733,167,423,3,0,3,1403,7,16,0,0,0,0,0,0,60,lru,0,0,0,0,0,0,8,6,8,0,2,0,1,0,6,0,3801088,0,0,0,0,3801088,0,3801088,6,16071705680729235258,0,2,0,0
layer,7,0,6,37,decode,34,8,5,3,1570,1192,148,453,4,0,4,1937,7,28,0,0,0,0,0,0,60,lru,0,0,0,0,0,0,8,5,8,0,3,0,1,0,9,0,6119424,0,0,0,0,6119424,0,6119424,9,9541935549029120380,0,3,0,0
layer,7,0,6,37,decode,35,8,8,0,0,0,180,0,0,0,0,17,7,1,0,0,0,0,0,0,60,lru,0,0,0,0,0,0,8,8,8,0,0,0,0,0,0,0,0,0,0,0,0,0,0,0,0,4236053872091254985,0,0,0,0
layer,7,0,6,37,decode,36,8,7,1,0,87,153,16,2,0,2,76,6,2,0,0,0,0,0,0,60,lru,0,0,0,0,0,0,8,7,8,0,1,0,0,3,0,1900544,0,0,0,0,0,1900544,0,0,0,13954413289845627321,0,1,0,0
layer,7,0,6,37,decode,37,8,8,0,0,0,179,0,0,0,0,17,7,2,0,0,0,0,0,0,60,lru,0,0,0,0,0,0,8,8,8,0,0,0,0,0,0,0,0,0,0,0,0,0,0,0,0,3383974009954860393,0,0,0,0
layer,7,0,6,37,decode,38,8,8,0,0,0,160,0,0,0,0,16,6,2,0,0,0,0,0,0,59,lru,0,0,0,0,0,0,8,8,8,0,0,0,1,0,0,0,0,0,0,0,0,0,0,0,0,13751935112389862762,0,0,0,0
layer,7,0,6,37,decode,39,8,8,0,0,0,688,0,0,0,0,16,8,2,0,0,0,0,0,0,54,lru,0,0,0,0,0,0,8,8,8,0,0,0,1,0,0,0,0,0,0,0,0,0,0,0,0,5059005305395446882,0,0,0,0
request,7,0,6,0,decode,-1,0,0,0,0,0,0,0,0,0,0,0,0,0,0,0,0,0,0,0,0,,23886,344,0,0,15,0,0,0,0,0,0,0,0,0,0,0,0,0,0,0,0,0,0,0,0,0,0,0,0,0
layer,8,0,7,38,decode,0,8,4,4,1943,1514,172,488,3,0,3,2454,9,4,0,0,0,0,0,0,60,lru,0,0,0,0,0,0,8,4,8,0,4,0,1,0,12,0,7602176,0,0,0,0,7602176,0,7602176,12,15787645328998615041,0,4,0,0
layer,8,0,7,38,decode,1,8,7,1,468,365,168,129,3,0,3,716,7,27,0,0,0,0,0,0,60,lru,0,0,0,0,0,0,8,7,8,0,1,0,1,0,3,0,1900544,0,0,0,0,1900544,0,1900544,3,8308477819467745790,0,1,0,0
layer,8,0,7,38,decode,2,8,3,5,1907,1537,153,545,5,0,5,2624,7,2,0,0,0,0,0,0,60,lru,0,0,0,0,0,0,8,3,8,0,5,0,1,3,12,1900544,7602176,0,0,0,0,9502720,0,7602176,12,7275786066299247194,0,5,0,0
layer,8,0,7,38,decode,3,8,7,1,474,381,166,93,3,0,3,663,7,28,0,0,0,0,0,0,60,lru,0,0,0,0,0,0,8,7,8,0,1,0,1,0,3,0,1900544,0,0,0,0,1900544,0,1900544,3,16847159040002105478,0,1,0,0
layer,8,0,7,38,decode,4,8,5,3,1471,1104,151,402,4,0,4,2018,7,20,0,0,0,0,0,0,60,lru,0,0,0,0,0,0,8,5,8,0,3,0,1,0,9,0,5701632,0,0,0,0,5701632,0,5701632,9,7310068563271771684,0,3,0,0
layer,8,0,7,38,decode,5,8,3,5,1920,1545,155,562,4,0,4,2608,7,2,0,0,0,0,0,0,60,lru,0,0,0,0,0,0,8,3,8,0,5,0,1,3,12,1900544,7602176,0,0,0,0,9502720,0,7602176,12,2308861028682555395,0,5,0,0
layer,8,0,7,38,decode,6,8,5,3,393,412,140,108,4,0,4,731,7,2,0,0,0,0,0,0,60,lru,0,0,0,0,0,0,8,5,8,0,3,0,0,6,3,3801088,1900544,4,0,0,0,5701632,0,1900544,3,11623583744506642689,0,3,0,0
layer,8,0,7,38,decode,7,8,6,2,480,247,171,105,3,0,3,610,7,3,0,0,0,0,0,0,60,lru,0,0,0,0,0,0,8,6,8,0,2,0,1,0,6,0,3801088,0,0,0,0,3801088,0,3801088,6,13120341675902363207,0,2,0,0
layer,8,0,7,38,decode,8,8,7,1,0,85,154,10,2,0,2,52,7,2,0,0,0,0,0,0,60,lru,0,0,0,0,0,0,8,7,8,0,1,0,1,3,0,1900544,0,0,0,0,0,1900544,0,0,0,17449428247788564128,0,1,0,0
layer,8,0,7,38,decode,9,8,6,2,208,239,156,57,3,0,3,321,7,26,0,0,0,0,0,0,60,lru,0,0,0,0,0,0,8,6,8,0,2,0,0,3,3,1900544,1900544,0,0,0,0,3801088,0,1900544,3,14258745811344074878,0,2,0,0
layer,8,0,7,38,decode,10,8,5,3,499,334,139,70,4,0,4,634,7,3,0,0,0,0,0,0,60,lru,0,0,0,0,0,0,8,5,8,0,3,0,0,3,6,1900544,3801088,0,0,0,0,5701632,0,3801088,6,1512614138490266976,0,3,0,0
layer,8,0,7,38,decode,11,8,5,3,635,411,171,102,4,0,4,828,7,34,0,0,0,0,0,0,60,lru,0,0,0,0,0,0,8,5,8,0,3,0,1,0,9,0,5701632,0,0,0,0,5701632,0,5701632,9,6123562699006203329,0,3,0,0
layer,8,0,7,38,decode,12,8,5,3,470,362,151,61,4,0,4,587,7,2,0,0,0,0,0,0,60,lru,0,0,0,0,0,0,8,5,8,0,3,0,1,3,6,1900544,3801088,0,0,0,0,5701632,0,3801088,6,14375228528116762971,0,3,0,0
layer,8,0,7,38,decode,13,8,4,4,670,497,154,125,3,0,3,845,7,19,0,0,0,0,0,0,60,lru,0,0,0,0,0,0,8,4,8,0,4,0,1,3,9,1900544,5701632,2,0,0,0,7602176,0,5701632,9,12421328226598247479,0,4,0,0
layer,8,0,7,38,decode,14,8,5,3,207,295,141,81,4,0,4,355,7,7,0,0,0,0,0,0,60,lru,0,0,0,0,0,0,8,5,8,0,3,0,1,6,3,3801088,1900544,0,0,0,0,5701632,0,1900544,3,6179139867254771226,0,3,0,0
layer,8,0,7,38,decode,15,8,5,3,486,372,159,93,4,0,4,612,7,2,0,0,0,0,0,0,60,lru,0,0,0,0,0,0,8,5,8,0,3,0,1,3,6,1900544,3801088,0,0,0,0,5701632,0,3801088,6,7837119178541433939,0,3,0,0
layer,8,0,7,38,decode,16,8,7,1,205,181,152,20,2,0,2,279,7,3,0,0,0,0,0,0,60,lru,0,0,0,0,0,0,8,7,8,0,1,0,1,0,3,0,1900544,0,0,0,0,1900544,0,1900544,3,17308722888350103171,0,1,0,0
layer,8,0,7,38,decode,17,8,4,4,837,530,154,100,3,0,3,977,7,4,0,0,0,0,0,0,60,lru,0,0,0,0,0,0,8,4,8,0,4,0,0,0,12,0,7602176,0,0,0,0,7602176,0,7602176,12,8572655414916675686,0,4,0,0
layer,8,0,7,38,decode,18,8,6,2,427,276,140,92,3,0,3,553,7,11,0,0,0,0,0,0,60,lru,0,0,0,0,0,0,8,6,8,0,2,0,1,0,6,0,3801088,0,0,0,0,3801088,0,3801088,6,13047047191711767436,0,2,0,0
layer,8,0,7,38,decode,19,8,8,0,0,0,179,0,0,0,0,17,7,2,0,0,0,0,0,0,60,lru,0,0,0,0,0,0,8,8,8,0,0,0,0,0,0,0,0,0,0,0,0,0,0,0,0,17102256168222622307,0,0,0,0
layer,8,0,7,38,decode,20,8,6,2,423,295,164,63,3,0,3,585,6,47,0,0,0,0,0,0,60,lru,0,0,0,0,0,0,8,6,8,0,2,0,1,0,6,0,3801088,0,0,0,0,3801088,0,3801088,6,3186764978750681253,0,2,0,0
layer,8,0,7,38,decode,21,8,5,3,428,364,161,121,3,0,3,598,7,34,0,0,0,0,0,0,60,lru,0,0,0,0,0,0,8,5,8,0,3,0,1,3,6,1900544,3801088,0,0,0,0,5701632,0,3801088,6,819995613877746971,0,3,0,0
layer,8,0,7,38,decode,22,8,5,3,254,272,139,70,4,0,4,385,7,2,0,0,0,0,0,0,60,lru,0,0,0,0,0,0,8,5,8,0,3,0,1,6,3,3801088,1900544,1,0,0,0,5701632,0,1900544,3,4252285541763313956,0,3,0,0
layer,8,0,7,38,decode,23,8,4,4,669,500,157,114,4,0,4,816,7,8,0,0,0,0,0,0,60,lru,0,0,0,0,0,0,8,4,8,0,4,0,1,3,9,1900544,5701632,2,0,0,0,7602176,0,5701632,9,9021272236229820126,0,4,0,0
layer,8,0,7,38,decode,24,8,5,3,638,407,152,112,3,0,3,817,7,34,0,0,0,0,0,0,60,lru,0,0,0,0,0,0,8,5,8,0,3,0,1,0,9,0,5701632,0,0,0,0,5701632,0,5701632,9,10198226697267549776,0,3,0,0
layer,8,0,7,38,decode,25,8,6,2,214,245,155,59,3,0,3,318,7,3,0,0,0,0,0,0,60,lru,0,0,0,0,0,0,8,6,8,0,2,0,1,3,3,1900544,1900544,0,0,0,0,3801088,0,1900544,3,7477084740222157924,0,2,0,0
layer,8,0,7,38,decode,26,8,7,1,254,168,140,39,2,0,2,363,7,33,0,0,0,0,0,0,60,lru,0,0,0,0,0,0,8,7,8,0,1,0,1,0,3,0,1900544,0,0,0,0,1900544,0,1900544,3,7139488536443284169,0,1,0,0
layer,8,0,7,38,decode,27,8,6,2,248,216,158,32,3,0,3,371,7,5,0,0,0,0,0,0,60,lru,0,0,0,0,0,0,8,6,8,0,2,0,1,3,3,1900544,1900544,0,0,0,0,3801088,0,1900544,3,14318235682061231270,0,2,0,0
layer,8,0,7,38,decode,28,8,5,3,485,361,151,54,4,0,4,652,7,28,0,0,0,0,0,0,60,lru,0,0,0,0,0,0,8,5,8,0,3,0,1,3,6,1900544,3801088,0,0,0,0,5701632,0,3801088,6,5554633603544640076,0,3,0,0
layer,8,0,7,38,decode,29,8,4,4,625,497,154,136,4,0,4,776,7,3,0,0,0,0,0,0,60,lru,0,0,0,0,0,0,8,4,8,0,4,0,1,3,9,1900544,5701632,1,0,0,0,7602176,0,5701632,9,18184128957492085914,0,4,0,0
layer,8,0,7,38,decode,30,8,4,4,958,510,140,66,4,0,4,1109,7,3,0,0,0,0,0,0,60,lru,0,0,0,0,0,0,8,4,8,0,4,0,1,0,12,0,7602176,0,0,0,0,7602176,0,7602176,12,3222753110108064859,0,4,0,0
layer,8,0,7,38,decode,31,8,4,4,409,431,157,120,4,0,4,611,7,35,0,0,0,0,0,0,60,lru,0,0,0,0,0,0,8,4,8,0,4,0,1,6,6,3801088,3801088,1,0,0,0,7602176,0,3801088,6,14983659867122927087,0,4,0,0
layer,8,0,7,38,decode,32,8,7,1,0,84,153,1,2,0,2,52,7,2,0,0,0,0,0,0,60,lru,0,0,0,0,0,0,8,7,8,0,1,0,1,3,0,1900544,0,0,0,0,0,1900544,0,0,0,16858248425062980945,0,1,0,0
layer,8,0,7,38,decode,33,8,6,2,257,257,156,44,3,0,3,349,7,3,0,0,0,0,0,0,60,lru,0,0,0,0,0,0,8,6,8,0,2,0,0,3,3,1900544,1900544,1,0,0,0,3801088,0,1900544,3,2802285041586490505,0,2,0,0
layer,8,0,7,38,decode,34,8,4,4,700,486,141,85,4,0,4,874,7,18,0,0,0,0,0,0,60,lru,0,0,0,0,0,0,8,4,8,0,4,0,1,3,9,2039808,6119424,1,0,0,0,8159232,0,6119424,9,16558101350715874509,0,4,0,0
layer,8,0,7,38,decode,35,8,8,0,0,0,179,0,0,0,0,19,8,2,0,0,0,0,0,0,60,lru,0,0,0,0,0,0,8,8,8,0,0,0,1,0,0,0,0,0,0,0,0,0,0,0,0,7014402094668141849,0,0,0,0
layer,8,0,7,38,decode,36,8,7,1,297,192,154,48,2,0,2,379,6,3,0,0,0,0,0,0,60,lru,0,0,0,0,0,0,8,7,8,0,1,0,0,0,3,0,1900544,0,0,0,0,1900544,0,1900544,3,5523872580076844903,0,1,0,0
layer,8,0,7,38,decode,37,8,8,0,0,0,179,0,0,0,0,18,7,2,0,0,0,0,0,0,60,lru,0,0,0,0,0,0,8,8,8,0,0,0,1,0,0,0,0,0,0,0,0,0,0,0,0,13511553670006355033,0,0,0,0
layer,8,0,7,38,decode,38,8,8,0,0,0,159,0,0,0,0,15,6,2,0,0,0,0,0,0,59,lru,0,0,0,0,0,0,8,8,8,0,0,0,0,0,0,0,0,0,0,0,0,0,0,0,0,13900797538008159621,0,0,0,0
layer,8,0,7,38,decode,39,8,8,0,0,0,685,0,0,0,0,15,7,1,0,0,0,0,0,0,54,lru,0,0,0,0,0,0,8,8,8,0,0,0,0,0,0,0,0,0,0,0,0,0,0,0,0,9704182486430777943,0,0,0,0
request,8,0,7,0,decode,-1,0,0,0,0,0,0,0,0,0,0,0,0,0,0,0,0,0,0,0,0,,36808,608,0,0,19,0,0,0,0,0,0,0,0,0,0,0,0,0,0,0,0,0,0,0,0,0,0,0,0,0
layer,9,0,8,39,decode,0,8,6,2,463,340,174,32,3,0,3,629,11,33,0,0,0,0,0,0,60,lru,0,0,0,0,0,0,8,6,8,0,2,0,1,0,6,0,3801088,0,0,0,0,3801088,0,3801088,6,8908538484977799842,0,2,0,0
layer,9,0,8,39,decode,1,8,4,4,784,529,154,157,5,0,5,995,7,20,0,0,0,0,0,0,60,lru,0,0,0,0,0,0,8,4,8,0,4,0,1,3,9,1900544,5701632,0,0,0,0,7602176,0,5701632,9,2064982782909419648,0,4,0,0
layer,9,0,8,39,decode,2,8,5,3,698,443,140,93,5,0,5,830,7,5,0,0,0,0,0,0,60,lru,0,0,0,0,0,0,8,5,8,0,3,0,1,0,9,0,5701632,0,0,0,0,5701632,0,5701632,9,8378289145256316107,0,3,0,0
layer,9,0,8,39,decode,3,8,6,2,260,246,160,49,3,0,3,431,7,38,0,0,0,0,0,0,60,lru,0,0,0,0,0,0,8,6,8,0,2,0,1,3,3,1900544,1900544,0,0,0,0,3801088,0,1900544,3,17673799160525810359,0,2,0,0
layer,9,0,8,39,decode,4,8,6,2,489,344,153,55,3,0,3,604,7,20,0,0,0,0,0,0,60,lru,0,0,0,0,0,0,8,6,8,0,2,0,1,0,6,0,3801088,0,0,0,0,3801088,0,3801088,6,12578564008702663023,0,2,0,0
layer,9,0,8,39,decode,5,8,6,2,218,240,157,63,3,0,3,404,7,23,0,0,0,0,0,0,60,lru,0,0,0,0,0,0,8,6,8,0,2,0,1,3,3,1900544,1900544,18,0,0,0,3801088,0,1900544,3,18390429832630631147,0,2,0,0
layer,9,0,8,39,decode,6,8,6,2,575,383,141,89,3,0,3,713,7,32,0,0,0,0,0,0,60,lru,0,0,0,0,0,0,8,6,8,0,2,0,1,0,6,0,3801088,0,0,0,0,3801088,0,3801088,6,6454264774702384639,0,2,0,0
layer,9,0,8,39,decode,7,8,8,0,0,0,180,0,0,0,0,16,7,2,0,0,0,0,0,0,60,lru,0,0,0,0,0,0,8,8,8,0,0,0,1,0,0,0,0,0,0,0,0,0,0,0,0,18187191748994578771,0,0,0,0
layer,9,0,8,39,decode,8,8,8,0,0,0,172,0,0,0,0,19,10,2,0,0,0,0,0,0,60,lru,0,0,0,0,0,0,8,8,8,0,0,0,1,0,0,0,0,0,0,0,0,0,0,0,0,5574016435557219025,0,0,0,0
layer,9,0,8,39,decode,9,8,7,1,270,256,158,38,2,0,2,380,7,20,0,0,0,0,0,0,60,lru,0,0,0,0,0,0,8,7,8,0,1,0,0,0,3,0,1900544,0,0,0,0,1900544,0,1900544,3,17435135761610427314,0,1,0,0
layer,9,0,8,39,decode,10,8,8,0,0,0,155,0,0,0,0,16,7,2,0,0,0,0,0,0,60,lru,0,0,0,0,0,0,8,8,8,0,0,0,0,0,0,0,0,0,0,0,0,0,0,0,0,12441740486476065210,0,0,0,0
layer,9,0,8,39,decode,11,8,8,0,0,0,179,0,0,0,0,15,7,1,0,0,0,0,0,0,60,lru,0,0,0,0,0,0,8,8,8,0,0,0,0,0,0,0,0,0,0,0,0,0,0,0,0,580144544777961926,0,0,0,0
layer,9,0,8,39,decode,12,8,8,0,0,0,173,0,0,0,0,14,7,2,0,0,0,0,0,0,60,lru,0,0,0,0,0,0,8,8,8,0,0,0,0,0,0,0,0,0,0,0,0,0,0,0,0,10614801492821316628,0,0,0,0
layer,9,0,8,39,decode,13,8,8,0,0,0,176,0,0,0,0,14,6,2,0,0,0,0,0,0,60,lru,0,0,0,0,0,0,8,8,8,0,0,0,0,0,0,0,0,0,0,0,0,0,0,0,0,9043383428150207234,0,0,0,0
layer,9,0,8,39,decode,14,8,8,0,0,0,154,0,0,0,0,15,6,2,0,0,0,0,0,0,60,lru,0,0,0,0,0,0,8,8,8,0,0,0,1,0,0,0,0,0,0,0,0,0,0,0,0,2259198990552715382,0,0,0,0
layer,9,0,8,39,decode,15,8,8,0,0,0,180,0,0,0,0,15,7,1,0,0,0,0,0,0,60,lru,0,0,0,0,0,0,8,8,8,0,0,0,0,0,0,0,0,0,0,0,0,0,0,0,0,7002481186532400409,0,0,0,0
layer,9,0,8,39,decode,16,8,7,1,0,85,153,15,2,0,2,60,6,2,0,0,0,0,0,0,60,lru,0,0,0,0,0,0,8,7,8,0,1,0,1,3,0,1900544,0,0,0,0,0,1900544,0,0,0,1231309234506272180,0,1,0,0
layer,9,0,8,39,decode,17,8,6,2,542,448,164,100,3,0,3,730,7,27,0,0,0,0,0,0,60,lru,0,0,0,0,0,0,8,6,8,0,2,0,0,0,6,0,3801088,0,0,0,0,3801088,0,3801088,6,12105530370005493988,0,2,0,0
layer,9,0,8,39,decode,18,8,5,3,828,644,150,192,3,0,3,1104,7,28,0,0,0,0,0,0,60,lru,0,0,0,0,0,0,8,5,8,0,3,0,1,0,9,0,5701632,0,0,0,0,5701632,0,5701632,9,17281640836264321643,0,3,0,0
layer,9,0,8,39,decode,19,8,8,0,0,0,179,0,0,0,0,17,7,2,0,0,0,0,0,0,60,lru,0,0,0,0,0,0,8,8,8,0,0,0,1,0,0,0,0,0,0,0,0,0,0,0,0,9200384917705591317,0,0,0,0
layer,9,0,8,39,decode,20,8,8,0,0,0,171,0,0,0,0,15,7,1,0,0,0,0,0,0,60,lru,0,0,0,0,0,0,8,8,8,0,0,0,1,0,0,0,0,0,0,0,0,0,0,0,0,1066200287522776618,0,0,0,0
layer,9,0,8,39,decode,21,8,7,1,268,246,157,30,2,0,2,397,11,18,0,0,0,0,0,0,60,lru,0,0,0,0,0,0,8,7,8,0,1,0,0,0,3,0,1900544,0,0,0,0,1900544,0,1900544,3,3546424039605912543,0,1,0,0
layer,9,0,8,39,decode,22,8,7,1,276,249,141,64,2,0,2,400,7,19,0,0,0,0,0,0,60,lru,0,0,0,0,0,0,8,7,8,0,1,0,0,0,3,0,1900544,0,0,0,0,1900544,0,1900544,3,17534620364620240259,0,1,0,0
layer,9,0,8,39,decode,23,8,7,1,269,260,159,46,2,0,2,369,7,18,0,0,0,0,0,0,60,lru,0,0,0,0,0,0,8,7,8,0,1,0,0,0,3,0,1900544,0,0,0,0,1900544,0,1900544,3,14581086224828397209,0,1,0,0
layer,9,0,8,39,decode,24,8,6,2,267,274,164,103,3,0,3,420,7,6,0,0,0,0,0,0,60,lru,0,0,0,0,0,0,8,6,8,0,2,0,0,3,3,1900544,1900544,3,0,0,0,3801088,0,1900544,3,17339898206198782052,0,2,0,0
layer,9,0,8,39,decode,25,8,7,1,0,86,159,10,2,0,2,57,7,2,0,0,0,0,0,0,60,lru,0,0,0,0,0,0,8,7,8,0,1,0,1,3,0,1900544,0,0,0,0,0,1900544,0,0,0,10456148623737623821,0,1,0,0
layer,9,0,8,39,decode,26,8,7,1,318,238,141,40,1,0,1,419,7,24,0,0,0,0,0,0,60,lru,0,0,0,0,0,0,8,7,8,0,1,0,0,0,3,0,1900544,0,0,0,0,1900544,0,1900544,3,14439467795258463731,0,1,0,0
layer,9,0,8,39,decode,27,8,7,1,274,254,160,26,2,0,2,411,7,34,0,0,0,0,0,0,60,lru,0,0,0,0,0,0,8,7,8,0,1,0,0,0,3,0,1900544,0,0,0,0,1900544,0,1900544,3,16192165267308207952,0,1,0,0
layer,9,0,8,39,decode,28,8,7,1,272,223,165,20,2,0,2,408,7,8,0,0,0,0,0,0,60,lru,0,0,0,0,0,0,8,7,8,0,1,0,0,0,3,0,1900544,0,0,0,0,1900544,0,1900544,3,2766065721229442128,0,1,0,0
layer,9,0,8,39,decode,29,8,5,3,854,691,156,134,3,0,3,1085,7,15,0,0,0,0,0,0,60,lru,0,0,0,0,0,0,8,5,8,0,3,0,1,0,9,0,5701632,0,0,0,0,5701632,0,5701632,9,14284339619062476785,0,3,0,0
layer,9,0,8,39,decode,30,8,7,1,332,298,141,68,2,0,2,471,7,17,0,0,0,0,0,0,60,lru,0,0,0,0,0,0,8,7,8,0,1,0,1,0,3,0,1900544,0,0,0,0,1900544,0,1900544,3,7434741698786924764,0,1,0,0
layer,9,0,8,39,decode,31,8,7,1,0,87,160,9,2,0,2,62,7,2,0,0,0,0,0,0,60,lru,0,0,0,0,0,0,8,7,8,0,1,0,1,3,0,1900544,0,0,0,0,0,1900544,0,0,0,14552395711911203132,0,1,0,0
layer,9,0,8,39,decode,32,8,7,1,0,86,154,16,2,0,2,65,7,2,0,0,0,0,0,0,60,lru,0,0,0,0,0,0,8,7,8,0,1,0,1,3,0,1900544,0,0,0,0,0,1900544,0,0,0,17790689860059236357,0,1,0,0
layer,9,0,8,39,decode,33,8,7,1,345,263,168,93,2,0,2,553,6,40,0,0,0,0,0,0,60,lru,0,0,0,0,0,0,8,7,8,0,1,0,1,0,3,0,1900544,0,0,0,0,1900544,0,1900544,3,1852247278992340781,0,1,0,0
layer,9,0,8,39,decode,34,8,8,0,0,0,157,0,0,0,0,16,6,1,0,0,0,0,0,0,60,lru,0,0,0,0,0,0,8,8,8,0,0,0,0,0,0,0,0,0,0,0,0,0,0,0,0,341915416203963669,0,0,0,0
layer,9,0,8,39,decode,35,8,8,0,0,0,179,0,0,0,0,16,7,1,0,0,0,0,0,0,60,lru,0,0,0,0,0,0,8,8,8,0,0,0,0,0,0,0,0,0,0,0,0,0,0,0,0,3800274566899108994,0,0,0,0
layer,9,0,8,39,decode,36,8,8,0,0,0,172,0,0,0,0,15,6,1,0,0,0,0,0,0,60,lru,0,0,0,0,0,0,8,8,8,0,0,0,0,0,0,0,0,0,0,0,0,0,0,0,0,14280088079709104750,0,0,0,0
layer,9,0,8,39,decode,37,8,8,0,0,0,180,0,0,0,0,15,7,2,0,0,0,0,0,0,60,lru,0,0,0,0,0,0,8,8,8,0,0,0,0,0,0,0,0,0,0,0,0,0,0,0,0,6304617310000171247,0,0,0,0
layer,9,0,8,39,decode,38,8,8,0,0,0,159,0,0,0,0,14,6,1,0,0,0,0,0,0,59,lru,0,0,0,0,0,0,8,8,8,0,0,0,0,0,0,0,0,0,0,0,0,0,0,0,0,17722927531837182484,0,0,0,0
layer,9,0,8,39,decode,39,8,8,0,0,0,688,0,0,0,0,15,7,2,0,0,0,0,0,0,54,lru,0,0,0,0,0,0,8,8,8,0,0,0,0,0,0,0,0,0,0,0,0,0,0,0,0,3108131014627739666,0,0,0,0
request,9,0,8,0,decode,-1,0,0,0,0,0,0,0,0,0,0,0,0,0,0,0,0,0,0,0,0,,20837,379,0,0,13,0,0,0,0,0,0,0,0,0,0,0,0,0,0,0,0,0,0,0,0,0,0,0,0,0
layer,10,0,9,40,decode,0,8,7,1,330,271,164,87,2,0,2,513,9,27,0,0,0,0,0,0,60,lru,0,0,0,0,0,0,8,7,8,0,1,0,1,0,3,0,1900544,0,0,0,0,1900544,0,1900544,3,3696913419788681237,0,1,0,0
layer,10,0,9,40,decode,1,8,6,2,332,318,158,107,4,0,4,600,7,18,0,0,0,0,0,0,60,lru,0,0,0,0,0,0,8,6,8,0,2,0,0,3,3,1900544,1900544,2,0,0,0,3801088,0,1900544,3,8679208982041833345,0,2,0,0
layer,10,0,9,40,decode,2,8,3,5,1077,885,139,241,5,0,5,1453,7,7,0,0,0,0,0,0,60,lru,0,0,0,0,0,0,8,3,8,0,5,0,1,6,9,3801088,5701632,2,0,0,0,9502720,0,5701632,9,12657435611564356623,0,5,0,0
layer,10,0,9,40,decode,3,8,7,1,359,278,171,42,2,0,2,523,7,16,0,0,0,0,0,0,60,lru,0,0,0,0,0,0,8,7,8,0,1,0,1,0,3,0,1900544,0,0,0,0,1900544,0,1900544,3,3939348426035002939,0,1,0,0
layer,10,0,9,40,decode,4,8,6,2,417,381,153,169,3,0,3,668,7,2,0,0,0,0,0,0,60,lru,0,0,0,0,0,0,8,6,8,0,2,0,0,3,3,1900544,1900544,4,0,0,0,3801088,0,1900544,3,9016341415079762483,0,2,0,0
layer,10,0,9,40,decode,5,8,7,1,426,333,166,95,2,0,2,610,7,23,0,0,0,0,0,0,60,lru,0,0,0,0,0,0,8,7,8,0,1,0,1,0,3,0,1900544,0,0,0,0,1900544,0,1900544,3,15476595354949926424,0,1,0,0
layer,10,0,9,40,decode,6,8,6,2,859,630,155,268,3,0,3,1247,6,2,0,0,0,0,0,0,60,lru,0,0,0,0,0,0,8,6,8,0,2,0,1,0,6,0,3801088,0,0,0,0,3801088,0,3801088,6,11044513691627297668,0,2,0,0
layer,10,0,9,40,decode,7,8,8,0,0,0,178,0,0,0,0,16,7,2,0,0,0,0,0,0,60,lru,0,0,0,0,0,0,8,8,8,0,0,0,0,0,0,0,0,0,0,0,0,0,0,0,0,13013957951591746901,0,0,0,0
layer,10,0,9,40,decode,8,8,8,0,0,0,172,0,0,0,0,14,6,1,0,0,0,0,0,0,60,lru,0,0,0,0,0,0,8,8,8,0,0,0,0,0,0,0,0,0,0,0,0,0,0,0,0,15997202166300409055,0,0,0,0
layer,10,0,9,40,decode,9,8,6,2,447,376,159,157,3,0,3,683,6,2,0,0,0,0,0,0,60,lru,0,0,0,0,0,0,8,6,8,0,2,0,1,3,3,1900544,1900544,6,0,0,0,3801088,0,1900544,3,15633583170886084002,0,2,0,0
layer,10,0,9,40,decode,10,8,7,1,442,325,155,79,2,0,2,644,7,2,0,0,0,0,0,0,60,lru,0,0,0,0,0,0,8,7,8,0,1,0,1,0,3,0,1900544,0,0,0,0,1900544,0,1900544,3,9041043416484311158,0,1,0,0
layer,10,0,9,40,decode,11,8,4,4,828,824,159,302,4,0,4,1365,7,2,0,0,0,0,0,0,60,lru,0,0,0,0,0,0,8,4,8,0,4,0,1,6,6,3801088,3801088,3,0,0,0,7602176,0,3801088,6,5699871638129290843,0,4,0,0
layer,10,0,9,40,decode,12,8,7,1,425,356,153,80,2,0,2,625,7,29,0,0,0,0,0,0,60,lru,0,0,0,0,0,0,8,7,8,0,1,0,0,0,3,0,1900544,0,0,0,0,1900544,0,1900544,3,15816628909981569993,0,1,0,0
layer,10,0,9,40,decode,13,8,7,1,422,345,176,109,2,0,2,631,7,23,0,0,0,0,0,0,60,lru,0,0,0,0,0,0,8,7,8,0,1,0,0,0,3,0,1900544,0,0,0,0,1900544,0,1900544,3,3333349907165745846,0,1,0,0
layer,10,0,9,40,decode,14,8,7,1,0,88,141,12,2,0,2,73,7,2,0,0,0,0,0,0,60,lru,0,0,0,0,0,0,8,7,8,0,1,0,1,3,0,1900544,0,0,0,0,0,1900544,0,0,0,1233687279609402614,0,1,0,0
layer,10,0,9,40,decode,15,8,6,2,838,660,171,225,3,0,3,1221,7,24,0,0,0,0,0,0,60,lru,0,0,0,0,0,0,8,6,8,0,2,0,1,0,6,0,3801088,0,0,0,0,3801088,0,3801088,6,10199329924328135771,0,2,0,0
layer,10,0,9,40,decode,16,8,5,3,886,757,173,252,4,0,4,1427,7,2,0,0,0,0,0,0,60,lru,0,0,0,0,0,0,8,5,8,0,3,0,1,3,6,1900544,3801088,3,0,0,0,5701632,0,3801088,6,14270921791465446888,0,3,0,0
layer,10,0,9,40,decode,17,8,7,1,480,389,157,111,2,0,2,667,7,27,0,0,0,0,0,0,60,lru,0,0,0,0,0,0,8,7,8,0,1,0,1,0,3,0,1900544,0,0,0,0,1900544,0,1900544,3,4390871708258217850,0,1,0,0
layer,10,0,9,40,decode,18,8,5,3,1476,1130,148,216,4,0,4,1942,7,28,0,0,0,0,0,0,60,lru,0,0,0,0,0,0,8,5,8,0,3,0,0,0,9,0,5701632,0,0,0,0,5701632,0,5701632,9,2133837669293428474,0,3,0,0
layer,10,0,9,40,decode,19,8,4,4,927,868,177,348,4,0,4,1503,7,18,0,0,0,0,0,0,60,lru,0,0,0,0,0,0,8,4,8,0,4,0,0,6,6,3801088,3801088,1,0,0,0,7602176,0,3801088,6,13640417281366522324,0,4,0,0
layer,10,0,9,40,decode,20,8,7,1,0,89,153,11,2,0,2,76,7,2,0,0,0,0,0,0,60,lru,0,0,0,0,0,0,8,7,8,0,1,0,1,3,0,1900544,0,0,0,0,0,1900544,0,0,0,15147940552392841518,0,1,0,0
layer,10,0,9,40,decode,21,8,7,1,463,355,164,105,2,0,2,725,7,28,0,0,0,0,0,0,60,lru,0,0,0,0,0,0,8,7,8,0,1,0,1,0,3,0,1900544,0,0,0,0,1900544,0,1900544,3,13974046052165007911,0,1,0,0
layer,10,0,9,40,decode,22,8,8,0,0,0,155,0,0,0,0,17,7,2,0,0,0,0,0,0,60,lru,0,0,0,0,0,0,8,8,8,0,0,0,1,0,0,0,0,0,0,0,0,0,0,0,0,13406722473866131625,0,0,0,0
layer,10,0,9,40,decode,23,8,8,0,0,0,178,0,0,0,0,15,6,2,0,0,0,0,0,0,60,lru,0,0,0,0,0,0,8,8,8,0,0,0,0,0,0,0,0,0,0,0,0,0,0,0,0,4775590551333113892,0,0,0,0
layer,10,0,9,40,decode,24,8,8,0,0,0,172,0,0,0,0,16,7,2,0,0,0,0,0,0,60,lru,0,0,0,0,0,0,8,8,8,0,0,0,0,0,0,0,0,0,0,0,0,0,0,0,0,11536109141619514621,0,0,0,0
layer,10,0,9,40,decode,25,8,7,1,477,390,158,165,2,0,2,718,7,29,0,0,0,0,0,0,60,lru,0,0,0,0,0,0,8,7,8,0,1,0,0,0,3,0,1900544,0,0,0,0,1900544,0,1900544,3,16994124436320645952,0,1,0,0
layer,10,0,9,40,decode,26,8,6,2,0,171,141,35,3,0,3,131,12,2,0,0,0,0,0,0,60,lru,0,0,0,0,0,0,8,6,8,0,2,0,1,6,0,3801088,0,0,0,0,0,3801088,0,0,0,8774958413281316282,0,2,0,0
layer,10,0,9,40,decode,27,8,7,1,479,378,160,123,2,0,2,641,7,31,0,0,0,0,0,0,60,lru,0,0,0,0,0,0,8,7,8,0,1,0,0,0,3,0,1900544,0,0,0,0,1900544,0,1900544,3,763275909970092498,0,1,0,0
layer,10,0,9,40,decode,28,8,5,3,934,809,162,255,4,0,4,1356,7,15,0,0,0,0,0,0,60,lru,0,0,0,0,0,0,8,5,8,0,3,0,1,3,6,1900544,3801088,7,0,0,0,5701632,0,3801088,6,12995614728334983880,0,3,0,0
layer,10,0,9,40,decode,29,8,7,1,0,88,156,6,2,0,2,77,7,2,0,0,0,0,0,0,60,lru,0,0,0,0,0,0,8,7,8,0,1,0,1,3,0,1900544,0,0,0,0,0,1900544,0,0,0,7277507743395429923,0,1,0,0
layer,10,0,9,40,decode,30,8,7,1,473,371,148,101,2,0,2,688,7,30,0,0,0,0,0,0,60,lru,0,0,0,0,0,0,8,7,8,0,1,0,1,0,3,0,1900544,0,0,0,0,1900544,0,1900544,3,830934006758536015,0,1,0,0
layer,10,0,9,40,decode,31,8,5,3,493,480,158,269,4,0,4,870,7,2,0,0,0,0,0,0,60,lru,0,0,0,0,0,0,8,5,8,0,3,0,0,6,3,3801088,1900544,2,0,0,0,5701632,0,1900544,3,9698663865149379493,0,3,0,0
layer,10,0,9,40,decode,32,8,5,3,922,772,152,210,4,0,4,1411,7,27,0,0,0,0,0,0,60,lru,0,0,0,0,0,0,8,5,8,0,3,0,1,3,6,1900544,3801088,2,0,0,0,5701632,0,3801088,6,8342218568896301954,0,3,0,0
layer,10,0,9,40,decode,33,8,7,1,537,351,168,154,2,0,2,798,10,20,0,0,0,0,0,0,60,lru,0,0,0,0,0,0,8,7,8,0,1,0,0,0,3,0,1900544,0,0,0,0,1900544,0,1900544,3,18298732946782819841,0,1,0,0
layer,10,0,9,40,decode,34,8,7,1,602,385,143,114,2,0,2,775,7,26,0,0,0,0,0,0,60,lru,0,0,0,0,0,0,8,7,8,0,1,0,0,0,3,0,2039808,0,0,0,0,2039808,0,2039808,3,12798368017267670499,0,1,0,0
layer,10,0,9,40,decode,35,8,7,1,492,351,169,82,2,0,2,682,7,14,0,0,0,0,0,0,60,lru,0,0,0,0,0,0,8,7,8,0,1,0,0,0,3,0,1900544,0,0,0,0,1900544,0,1900544,3,3608112543437790582,0,1,0,0
layer,10,0,9,40,decode,36,8,8,0,0,0,173,0,0,0,0,16,7,2,0,0,0,0,0,0,60,lru,0,0,0,0,0,0,8,8,8,0,0,0,0,0,0,0,0,0,0,0,0,0,0,0,0,15351462923288758416,0,0,0,0
layer,10,0,9,40,decode,37,8,7,1,514,369,156,84,2,0,2,707,6,20,0,0,0,0,0,0,60,lru,0,0,0,0,0,0,8,7,8,0,1,0,0,0,3,0,1900544,0,0,0,0,1900544,0,1900544,3,3289601179419096389,0,1,0,0
layer,10,0,9,40,decode,38,8,8,0,0,0,159,0,0,0,0,17,7,2,0,0,0,0,0,0,59,lru,0,0,0,0,0,0,8,8,8,0,0,0,1,0,0,0,0,0,0,0,0,0,0,0,0,4374567433260588085,0,0,0,0
layer,10,0,9,40,decode,39,8,8,0,0,0,684,0,0,0,0,15,7,2,0,0,0,0,0,0,54,lru,0,0,0,0,0,0,8,8,8,0,0,0,0,0,0,0,0,0,0,0,0,0,0,0,0,296938631326883403,0,0,0,0
request,10,0,9,0,decode,-1,0,0,0,0,0,0,0,0,0,0,0,0,0,0,0,0,0,0,0,0,,34468,456,0,0,16,0,0,0,0,0,0,0,0,0,0,0,0,0,0,0,0,0,0,0,0,0,0,0,0,0
layer,11,0,10,41,decode,0,8,8,0,0,0,173,0,0,0,0,20,9,2,0,0,0,0,0,0,60,lru,0,0,0,0,0,0,8,8,8,0,0,0,1,0,0,0,0,0,0,0,0,0,0,0,0,12542117384855919256,0,0,0,0
layer,11,0,10,41,decode,1,8,5,3,921,757,176,292,5,0,5,1420,7,2,0,0,0,0,0,0,60,lru,0,0,0,0,0,0,8,5,8,0,3,0,0,3,6,1900544,3801088,0,0,0,0,5701632,0,3801088,6,10455078105814774677,0,3,0,0
layer,11,0,10,41,decode,2,8,6,2,0,171,143,41,5,0,5,134,8,2,0,0,0,0,0,0,60,lru,0,0,0,0,0,0,8,6,8,0,2,0,1,6,0,3801088,0,0,0,0,0,3801088,0,0,0,10779998001977395804,0,2,0,0
layer,11,0,10,41,decode,3,8,8,0,0,0,180,0,0,0,0,19,7,2,0,0,0,0,0,0,60,lru,0,0,0,0,0,0,8,8,8,0,0,0,1,0,0,0,0,0,0,0,0,0,0,0,0,2284167911386074239,0,0,0,0
layer,11,0,10,41,decode,4,8,5,3,949,785,152,246,4,0,4,1380,7,2,0,0,0,0,0,0,60,lru,0,0,0,0,0,0,8,5,8,0,3,0,0,3,6,1900544,3801088,1,0,0,0,5701632,0,3801088,6,8478234710518055127,0,3,0,0
layer,11,0,10,41,decode,5,8,6,2,930,735,168,286,3,0,3,1338,8,18,0,0,0,0,0,0,60,lru,0,0,0,0,0,0,8,6,8,0,2,0,0,0,6,0,3801088,0,0,0,0,3801088,0,3801088,6,12596750765454350503,0,2,0,0
layer,11,0,10,41,decode,6,8,5,3,927,786,141,332,4,0,4,1399,11,24,0,0,0,0,0,0,60,lru,0,0,0,0,0,0,8,5,8,0,3,0,1,3,6,1900544,3801088,3,0,0,0,5701632,0,3801088,6,2477916797879128259,0,3,0,0
layer,11,0,10,41,decode,7,8,7,1,466,385,160,97,2,0,2,677,7,25,0,0,0,0,0,0,60,lru,0,0,0,0,0,0,8,7,8,0,1,0,0,0,3,0,1900544,0,0,0,0,1900544,0,1900544,3,3081103858158734557,0,1,0,0
layer,11,0,10,41,decode,8,8,8,0,0,0,172,0,0,0,0,17,7,1,0,0,0,0,0,0,60,lru,0,0,0,0,0,0,8,8,8,0,0,0,1,0,0,0,0,0,0,0,0,0,0,0,0,16808563585894685431,0,0,0,0
layer,11,0,10,41,decode,9,8,6,2,440,417,159,210,3,0,3,754,7,2,0,0,0,0,0,0,60,lru,0,0,0,0,0,0,8,6,8,0,2,0,0,3,3,1900544,1900544,7,0,0,0,3801088,0,1900544,3,17973333804831821765,0,2,0,0
layer,11,0,10,41,decode,10,8,8,0,0,0,155,0,0,0,0,19,7,2,0,0,0,0,0,0,60,lru,0,0,0,0,0,0,8,8,8,0,0,0,0,0,0,0,0,0,0,0,0,0,0,0,0,2716821933117197117,0,0,0,0
layer,11,0,10,41,decode,11,8,7,1,464,373,172,167,2,0,2,702,7,25,0,0,0,0,0,0,60,lru,0,0,0,0,0,0,8,7,8,0,1,0,0,0,3,0,1900544,0,0,0,0,1900544,0,1900544,3,15413952336171144123,0,1,0,0
layer,11,0,10,41,decode,12,8,8,0,0,0,172,0,0,0,0,16,7,1,0,0,0,0,0,0,60,lru,0,0,0,0,0,0,8,8,8,0,0,0,0,0,0,0,0,0,0,0,0,0,0,0,0,18397239156899171846,0,0,0,0
layer,11,0,10,41,decode,13,8,7,1,470,391,168,48,2,0,2,689,6,36,0,0,0,0,0,0,60,lru,0,0,0,0,0,0,8,7,8,0,1,0,1,0,3,0,1900544,0,0,0,0,1900544,0,1900544,3,760673672676701378,0,1,0,0
layer,11,0,10,41,decode,14,8,7,1,463,373,155,274,2,0,2,697,7,2,0,0,0,0,0,0,60,lru,0,0,0,0,0,0,8,7,8,0,1,0,0,0,3,0,1900544,0,0,0,0,1900544,0,1900544,3,7736356621078182397,0,1,0,0
layer,11,0,10,41,decode,15,8,7,1,447,347,178,186,2,0,2,711,7,2,0,0,0,0,0,0,60,lru,0,0,0,0,0,0,8,7,8,0,1,0,0,0,3,0,1900544,0,0,0,0,1900544,0,1900544,3,13062045118930028672,0,1,0,0
layer,11,0,10,41,decode,16,8,8,0,0,0,172,0,0,0,0,15,7,2,0,0,0,0,0,0,60,lru,0,0,0,0,0,0,8,8,8,0,0,0,0,0,0,0,0,0,0,0,0,0,0,0,0,8349916671716153037,0,0,0,0
layer,11,0,10,41,decode,17,8,7,1,0,88,158,16,2,0,2,75,7,2,0,0,0,0,0,0,60,lru,0,0,0,0,0,0,8,7,8,0,1,0,0,3,0,1900544,0,0,0,0,0,1900544,0,0,0,10952584866769671993,0,1,0,0
layer,11,0,10,41,decode,18,8,6,2,455,406,140,209,3,0,3,755,7,2,0,0,0,0,0,0,60,lru,0,0,0,0,0,0,8,6,8,0,2,0,0,3,3,1900544,1900544,3,0,0,0,3801088,0,1900544,3,15818529103835747334,0,2,0,0
layer,11,0,10,41,decode,19,8,8,0,0,0,179,0,0,0,0,17,7,2,0,0,0,0,0,0,60,lru,0,0,0,0,0,0,8,8,8,0,0,0,1,0,0,0,0,0,0,0,0,0,0,0,0,8516738710835593447,0,0,0,0
layer,11,0,10,41,decode,20,8,6,2,947,772,152,195,3,0,3,1228,7,24,0,0,0,0,0,0,60,lru,0,0,0,0,0,0,8,6,8,0,2,0,0,0,6,0,3801088,0,0,0,0,3801088,0,3801088,6,14837129780196823532,0,2,0,0
layer,11,0,10,41,decode,21,8,7,1,0,88,157,11,2,0,2,80,8,2,0,0,0,0,0,0,60,lru,0,0,0,0,0,0,8,7,8,0,1,0,1,3,0,1900544,0,0,0,0,0,1900544,0,0,0,1900304212993854884,0,1,0,0
layer,11,0,10,41,decode,22,8,8,0,0,0,156,0,0,0,0,18,8,2,0,0,0,0,0,0,60,lru,0,0,0,0,0,0,8,8,8,0,0,0,0,0,0,0,0,0,0,0,0,0,0,0,0,3920458859588053353,0,0,0,0
layer,11,0,10,41,decode,23,8,6,2,938,732,168,263,3,0,3,1324,7,23,0,0,0,0,0,0,60,lru,0,0,0,0,0,0,8,6,8,0,2,0,0,0,6,0,3801088,0,0,0,0,3801088,0,3801088,6,16076384722938907947,0,2,0,0
layer,11,0,10,41,decode,24,8,6,2,948,722,171,281,3,0,3,1316,8,2,0,0,0,0,0,0,60,lru,0,0,0,0,0,0,8,6,8,0,2,0,0,0,6,0,3801088,0,0,0,0,3801088,0,3801088,6,11359379741534011128,0,2,0,0
layer,11,0,10,41,decode,25,8,7,1,529,354,158,117,2,0,2,664,7,10,0,0,0,0,0,0,60,lru,0,0,0,0,0,0,8,7,8,0,1,0,1,0,3,0,1900544,0,0,0,0,1900544,0,1900544,3,11678198378852270782,0,1,0,0
layer,11,0,10,41,decode,26,8,7,1,495,346,146,128,2,0,2,767,7,30,0,0,0,0,0,0,60,lru,0,0,0,0,0,0,8,7,8,0,1,0,1,0,3,0,1900544,0,0,0,0,1900544,0,1900544,3,15174256032270609293,0,1,0,0
layer,11,0,10,41,decode,27,8,7,1,0,88,159,16,2,0,2,78,8,2,0,0,0,0,0,0,60,lru,0,0,0,0,0,0,8,7,8,0,1,0,0,3,0,1900544,0,0,0,0,0,1900544,0,0,0,11355593917757514255,0,1,0,0
layer,11,0,10,41,decode,28,8,6,2,444,442,154,191,3,0,3,757,7,18,0,0,0,0,0,0,60,lru,0,0,0,0,0,0,8,6,8,0,2,0,0,3,3,1900544,1900544,2,0,0,0,3801088,0,1900544,3,1003691133966999777,0,2,0,0
layer,11,0,10,41,decode,29,8,5,3,966,789,175,385,4,0,4,1414,7,2,0,0,0,0,0,0,60,lru,0,0,0,0,0,0,8,5,8,0,3,0,1,3,6,1900544,3801088,9,0,0,0,5701632,0,3801088,6,15636366806818148091,0,3,0,0
layer,11,0,10,41,decode,30,8,5,3,1437,1116,141,417,4,0,4,1987,7,41,0,0,0,0,0,0,60,lru,0,0,0,0,0,0,8,5,8,0,3,0,1,0,9,0,5701632,0,0,0,0,5701632,0,5701632,9,1588236675861744024,0,3,0,0
layer,11,0,10,41,decode,31,8,6,2,456,425,169,151,3,0,3,786,7,26,0,0,0,0,0,0,60,lru,0,0,0,0,0,0,8,6,8,0,2,0,1,3,3,1900544,1900544,0,0,0,0,3801088,0,1900544,3,13326697422694986663,0,2,0,0
layer,11,0,10,41,decode,32,8,7,1,489,377,153,115,2,0,2,655,7,24,0,0,0,0,0,0,60,lru,0,0,0,0,0,0,8,7,8,0,1,0,0,0,3,0,1900544,0,0,0,0,1900544,0,1900544,3,14585660686861025684,0,1,0,0
layer,11,0,10,41,decode,33,8,7,1,0,88,156,21,2,0,2,75,7,2,0,0,0,0,0,0,60,lru,0,0,0,0,0,0,8,7,8,0,1,0,0,3,0,1900544,0,0,0,0,0,1900544,0,0,0,7581905284568502374,0,1,0,0
layer,11,0,10,41,decode,34,8,7,1,0,93,144,20,2,0,2,76,7,2,0,0,0,0,0,0,60,lru,0,0,0,0,0,0,8,7,8,0,1,0,0,3,0,2039808,0,0,0,0,0,2039808,0,0,0,1467284793767548152,0,1,0,0
layer,11,0,10,41,decode,35,8,8,0,0,0,180,0,0,0,0,17,7,1,0,0,0,0,0,0,60,lru,0,0,0,0,0,0,8,8,8,0,0,0,0,0,0,0,0,0,0,0,0,0,0,0,0,14743501487189515066,0,0,0,0
layer,11,0,10,41,decode,36,8,8,0,0,0,173,0,0,0,0,16,7,2,0,0,0,0,0,0,60,lru,0,0,0,0,0,0,8,8,8,0,0,0,0,0,0,0,0,0,0,0,0,0,0,0,0,16794752325182181809,0,0,0,0
layer,11,0,10,41,decode,37,8,8,0,0,0,178,0,0,0,0,15,6,2,0,0,0,0,0,0,60,lru,0,0,0,0,0,0,8,8,8,0,0,0,0,0,0,0,0,0,0,0,0,0,0,0,0,3241900190989017036,0,0,0,0
layer,11,0,10,41,decode,38,8,7,1,0,93,142,25,0,0,0,80,7,2,0,0,0,0,0,0,60,lru,0,0,0,0,0,0,8,7,8,1,0,0,0,3,0,2039808,0,0,0,0,0,2039808,0,0,0,9121658659019648544,0,1,0,0
layer,11,0,10,41,decode,39,8,8,0,0,0,686,0,0,0,0,18,8,2,0,0,0,0,0,0,54,lru,0,0,0,0,0,0,8,8,8,0,0,0,0,0,0,0,0,0,0,0,0,0,0,0,0,12666669438958681595,0,0,0,0
request,11,0,10,0,decode,-1,0,0,0,0,0,0,0,0,0,0,0,0,0,0,0,0,0,0,0,0,,30517,411,0,0,13,0,0,0,0,0,0,0,0,0,0,0,0,0,0,0,0,0,0,0,0,0,0,0,0,0
layer,12,0,11,42,decode,0,8,4,4,1891,1450,152,476,4,0,4,2517,9,12,0,0,0,0,0,0,60,lru,0,0,0,0,0,0,8,4,8,0,4,0,1,0,12,0,7602176,0,0,0,0,7602176,0,7602176,12,7027324630615918452,0,4,0,0
layer,12,0,11,42,decode,1,8,6,2,944,728,159,256,4,0,4,1334,7,21,0,0,0,0,0,0,60,lru,0,0,0,0,0,0,8,6,8,0,2,0,1,0,6,0,3801088,0,0,0,0,3801088,0,3801088,6,17853954567513657183,0,2,0,0
layer,12,0,11,42,decode,2,8,5,3,947,773,146,218,5,0,5,1420,7,11,0,0,0,0,0,0,60,lru,0,0,0,0,0,0,8,5,8,0,3,0,1,3,6,1900544,3801088,0,0,0,0,5701632,0,3801088,6,1276841226317128934,0,3,0,0
layer,12,0,11,42,decode,3,8,7,1,0,89,160,25,3,0,3,79,7,2,0,0,0,0,0,0,60,lru,0,0,0,0,0,0,8,7,8,0,1,0,1,3,0,1900544,0,0,0,0,0,1900544,0,0,0,15557320110858894684,0,1,0,0
layer,12,0,11,42,decode,4,8,6,2,471,446,152,219,3,0,3,748,7,17,0,0,0,0,0,0,60,lru,0,0,0,0,0,0,8,6,8,0,2,0,1,3,3,1900544,1900544,1,0,0,0,3801088,0,1900544,3,643050094520349619,0,2,0,0
layer,12,0,11,42,decode,5,8,5,3,441,470,158,91,4,0,4,820,7,2,0,0,0,0,0,0,60,lru,0,0,0,0,0,0,8,5,8,0,3,0,1,6,3,3801088,1900544,0,0,0,0,5701632,0,1900544,3,3800617385175058360,0,3,0,0
layer,12,0,11,42,decode,6,8,7,1,551,360,143,156,2,0,2,784,7,39,0,0,0,0,0,0,60,lru,0,0,0,0,0,0,8,7,8,0,1,0,1,0,3,0,1900544,0,0,0,0,1900544,0,1900544,3,2680978946041127650,0,1,0,0
layer,12,0,11,42,decode,7,8,7,1,483,358,169,102,2,0,2,749,7,15,0,0,0,0,0,0,60,lru,0,0,0,0,0,0,8,7,8,0,1,0,0,0,3,0,1900544,0,0,0,0,1900544,0,1900544,3,5957785608987285092,0,1,0,0
layer,12,0,11,42,decode,8,8,6,2,455,410,154,191,3,0,3,728,7,2,0,0,0,0,0,0,60,lru,0,0,0,0,0,0,8,6,8,0,2,0,1,3,3,1900544,1900544,5,0,0,0,3801088,0,1900544,3,13748351044337315949,0,2,0,0
layer,12,0,11,42,decode,9,8,6,2,940,748,159,211,3,0,3,1318,7,22,0,0,0,0,0,0,60,lru,0,0,0,0,0,0,8,6,8,0,2,0,1,0,6,0,3801088,0,0,0,0,3801088,0,3801088,6,17552208351159639117,0,2,0,0
layer,12,0,11,42,decode,10,8,7,1,472,378,142,120,2,0,2,723,7,32,0,0,0,0,0,0,60,lru,0,0,0,0,0,0,8,7,8,0,1,0,1,0,3,0,1900544,0,0,0,0,1900544,0,1900544,3,8218972189020295013,0,1,0,0
layer,12,0,11,42,decode,11,8,4,4,884,882,178,294,4,0,4,1601,8,2,0,0,0,0,0,0,60,lru,0,0,0,0,0,0,8,4,8,0,4,0,1,6,6,3801088,3801088,15,0,0,0,7602176,0,3801088,6,7234335877637830354,0,4,0,0
layer,12,0,11,42,decode,12,8,7,1,0,87,153,25,2,0,2,82,9,2,0,0,0,0,0,0,60,lru,0,0,0,0,0,0,8,7,8,0,1,0,0,3,0,1900544,0,0,0,0,0,1900544,0,0,0,15628457579426039143,0,1,0,0
layer,12,0,11,42,decode,13,8,6,2,946,745,155,306,3,0,3,1308,7,31,0,0,0,0,0,0,60,lru,0,0,0,0,0,0,8,6,8,0,2,0,0,0,6,0,3801088,0,0,0,0,3801088,0,3801088,6,6493809548912095810,0,2,0,0
layer,12,0,11,42,decode,14,8,6,2,430,420,147,153,3,0,3,825,8,22,0,0,0,0,0,0,60,lru,0,0,0,0,0,0,8,6,8,0,2,0,1,3,3,1900544,1900544,1,0,0,0,3801088,0,1900544,3,14834800303579465490,0,2,0,0
layer,12,0,11,42,decode,15,8,6,2,437,429,159,166,3,0,3,740,7,23,0,0,0,0,0,0,60,lru,0,0,0,0,0,0,8,6,8,0,2,0,1,3,3,1900544,1900544,12,0,0,0,3801088,0,1900544,3,2951584243055437814,0,2,0,0
layer,12,0,11,42,decode,16,8,7,1,0,88,153,16,2,0,2,77,7,2,0,0,0,0,0,0,60,lru,0,0,0,0,0,0,8,7,8,0,1,0,1,3,0,1900544,0,0,0,0,0,1900544,0,0,0,4974162849106941581,0,1,0,0
layer,12,0,11,42,decode,17,8,6,2,457,425,176,151,3,0,3,741,7,2,0,0,0,0,0,0,60,lru,0,0,0,0,0,0,8,6,8,0,2,0,0,3,3,1900544,1900544,1,0,0,0,3801088,0,1900544,3,12187818528674078811,0,2,0,0
layer,12,0,11,42,decode,18,8,6,2,497,408,154,159,3,0,3,848,7,2,0,0,0,0,0,0,60,lru,0,0,0,0,0,0,8,6,8,0,2,0,1,3,3,1900544,1900544,6,0,0,0,3801088,0,1900544,3,7633338771099989410,0,2,0,0
layer,12,0,11,42,decode,19,8,6,2,439,418,161,226,3,0,3,740,8,2,0,0,0,0,0,0,60,lru,0,0,0,0,0,0,8,6,8,0,2,0,1,3,3,1900544,1900544,6,0,0,0,3801088,0,1900544,3,8156129857689107700,0,2,0,0
layer,12,0,11,42,decode,20,8,6,2,435,402,152,201,3,0,3,774,7,2,0,0,0,0,0,0,60,lru,0,0,0,0,0,0,8,6,8,0,2,0,1,3,3,1900544,1900544,3,0,0,0,3801088,0,1900544,3,1813320706633827633,0,2,0,0
layer,12,0,11,42,decode,21,8,7,1,465,360,168,119,2,0,2,703,7,20,0,0,0,0,0,0,60,lru,0,0,0,0,0,0,8,7,8,0,1,0,1,0,3,0,1900544,0,0,0,0,1900544,0,1900544,3,13926002950897277625,0,1,0,0
layer,12,0,11,42,decode,22,8,7,1,502,341,154,212,2,0,2,764,7,2,0,0,0,0,0,0,60,lru,0,0,0,0,0,0,8,7,8,0,1,0,0,0,3,0,1900544,0,0,0,0,1900544,0,1900544,3,1559352679748058743,0,1,0,0
layer,12,0,11,42,decode,23,8,3,5,1371,1204,158,425,4,0,4,2094,7,2,0,0,0,0,0,0,60,lru,0,0,0,0,0,0,8,3,8,0,5,0,0,6,9,3801088,5701632,13,0,0,0,9502720,0,5701632,9,7366155647159887311,0,5,0,0
layer,12,0,11,42,decode,24,8,5,3,923,796,152,282,4,0,4,1336,7,2,0,0,0,0,0,0,60,lru,0,0,0,0,0,0,8,5,8,0,3,0,1,3,6,1900544,3801088,0,0,0,0,5701632,0,3801088,6,17371598784370168492,0,3,0,0
layer,12,0,11,42,decode,25,8,7,1,473,381,157,110,2,0,2,676,8,22,0,0,0,0,0,0,60,lru,0,0,0,0,0,0,8,7,8,0,1,0,0,0,3,0,1900544,0,0,0,0,1900544,0,1900544,3,17839187007855349133,0,1,0,0
layer,12,0,11,42,decode,26,8,5,3,1534,1118,138,350,4,0,4,2005,9,26,0,0,0,0,0,0,60,lru,0,0,0,0,0,0,8,5,8,0,3,0,0,0,9,0,5701632,0,0,0,0,5701632,0,5701632,9,3852909878693437551,0,3,0,0
layer,12,0,11,42,decode,27,8,5,3,956,803,158,254,3,0,3,1399,7,19,0,0,0,0,0,0,60,lru,0,0,0,0,0,0,8,5,8,0,3,0,0,3,6,1900544,3801088,0,0,0,0,5701632,0,3801088,6,8048642404834630590,0,3,0,0
layer,12,0,11,42,decode,28,8,6,2,452,406,170,150,3,0,3,818,7,2,0,0,0,0,0,0,60,lru,0,0,0,0,0,0,8,6,8,0,2,0,1,3,3,1900544,1900544,1,0,0,0,3801088,0,1900544,3,6672695550383979021,0,2,0,0
layer,12,0,11,42,decode,29,8,4,4,2069,1483,159,414,4,0,4,2629,7,20,0,0,0,0,0,0,60,lru,0,0,0,0,0,0,8,4,8,0,4,0,1,0,12,0,7602176,0,0,0,0,7602176,0,7602176,12,16017402961993236941,0,4,0,0
layer,12,0,11,42,decode,30,8,5,3,1428,1113,140,491,3,0,3,1969,7,28,0,0,0,0,0,0,60,lru,0,0,0,0,0,0,8,5,8,0,3,0,1,0,9,0,5701632,0,0,0,0,5701632,0,5701632,9,3363806445734418070,0,3,0,0
layer,12,0,11,42,decode,31,8,5,3,967,749,169,273,4,0,4,1524,8,24,0,0,0,0,0,0,60,lru,0,0,0,0,0,0,8,5,8,0,3,0,1,3,6,1900544,3801088,3,0,0,0,5701632,0,3801088,6,16926243421022681931,0,3,0,0
layer,12,0,11,42,decode,32,8,5,3,0,320,154,66,4,0,4,207,7,2,0,0,0,0,0,0,60,lru,0,0,0,0,0,0,8,5,8,0,3,0,1,9,0,5701632,0,0,0,0,0,5701632,0,0,0,11068854490551974018,0,3,0,0
layer,12,0,11,42,decode,33,8,7,1,502,378,157,73,2,0,2,695,7,23,0,0,0,0,0,0,60,lru,0,0,0,0,0,0,8,7,8,0,1,0,1,0,3,0,1900544,0,0,0,0,1900544,0,1900544,3,12802165441036094249,0,1,0,0
layer,12,0,11,42,decode,34,8,6,2,1057,742,144,227,3,0,3,1429,7,25,0,0,0,0,0,0,60,lru,0,0,0,0,0,0,8,6,8,0,2,0,1,0,6,0,4079616,0,0,0,0,4079616,0,4079616,6,9754346891681473512,0,2,0,0
layer,12,0,11,42,decode,35,8,7,1,487,369,161,80,2,0,2,717,7,20,0,0,0,0,0,0,60,lru,0,0,0,0,0,0,8,7,8,0,1,0,1,0,3,0,1900544,0,0,0,0,1900544,0,1900544,3,17752232055446096445,0,1,0,0
layer,12,0,11,42,decode,36,8,7,1,0,88,152,13,2,0,2,77,7,2,0,0,0,0,0,0,60,lru,0,0,0,0,0,0,8,7,8,0,1,0,1,3,0,1900544,0,0,0,0,0,1900544,0,0,0,154638287802291849,0,1,0,0
layer,12,0,11,42,decode,37,8,8,0,0,0,178,0,0,0,0,17,7,2,0,0,0,0,0,0,60,lru,0,0,0,0,0,0,8,8,8,0,0,0,0,0,0,0,0,0,0,0,0,0,0,0,0,3399099004312935728,0,0,0,0
layer,12,0,11,42,decode,38,8,8,0,0,0,161,0,0,0,0,15,7,1,0,0,0,0,0,0,60,lru,0,0,0,0,0,0,8,8,8,0,0,0,1,0,0,0,0,0,0,0,0,0,0,0,0,17548024398230276004,0,0,0,0
layer,12,0,11,42,decode,39,8,7,1,529,381,674,97,0,0,0,723,7,33,0,0,0,0,0,0,55,lru,0,0,0,0,0,0,8,7,8,1,0,0,1,0,3,0,2039808,0,0,0,0,2039808,0,2039808,3,10121950695083863087,0,1,0,0
request,12,0,11,0,decode,-1,0,0,0,0,0,0,0,0,0,0,0,0,0,0,0,0,0,0,0,0,,47348,540,0,0,13,0,0,0,0,0,0,0,0,0,0,0,0,0,0,0,0,0,0,0,0,0,0,0,0,0
layer,13,0,12,43,decode,0,8,7,1,474,375,164,83,2,0,2,694,8,22,0,0,0,0,0,0,60,lru,0,0,0,0,0,0,8,7,8,0,1,0,1,0,3,0,1900544,0,0,0,0,1900544,0,1900544,3,858121516989406824,0,1,0,0
layer,13,0,12,43,decode,1,8,5,3,451,499,168,210,5,0,5,812,7,19,0,0,0,0,0,0,60,lru,0,0,0,0,0,0,8,5,8,0,3,0,1,6,3,3801088,1900544,1,0,0,0,5701632,0,1900544,3,15210171956954877456,0,3,0,0
layer,13,0,12,43,decode,2,8,4,4,1918,1475,139,432,5,0,5,2564,7,23,0,0,0,0,0,0,60,lru,0,0,0,0,0,0,8,4,8,0,4,0,1,0,12,0,7602176,0,0,0,0,7602176,0,7602176,12,11550181974282364892,0,4,0,0
layer,13,0,12,43,decode,3,8,7,1,470,368,180,186,3,0,3,686,7,2,0,0,0,0,0,0,60,lru,0,0,0,0,0,0,8,7,8,0,1,0,1,0,3,0,1900544,0,0,0,0,1900544,0,1900544,3,12439280884093560089,0,1,0,0
layer,13,0,12,43,decode,4,8,5,3,920,847,150,362,4,0,4,1372,7,19,0,0,0,0,0,0,60,lru,0,0,0,0,0,0,8,5,8,0,3,0,1,3,6,1900544,3801088,0,0,0,0,5701632,0,3801088,6,14969020068312844115,0,3,0,0
layer,13,0,12,43,decode,5,8,8,0,0,0,177,0,0,0,0,18,8,2,0,0,0,0,0,0,60,lru,0,0,0,0,0,0,8,8,8,0,0,0,0,0,0,0,0,0,0,0,0,0,0,0,0,11667599730563386923,0,0,0,0
layer,13,0,12,43,decode,6,8,7,1,479,367,157,199,2,0,2,705,7,2,0,0,0,0,0,0,60,lru,0,0,0,0,0,0,8,7,8,0,1,0,0,0,3,0,1900544,0,0,0,0,1900544,0,1900544,3,6731789775147955587,0,1,0,0
layer,13,0,12,43,decode,7,8,6,2,946,744,179,235,3,0,3,1282,7,5,0,0,0,0,0,0,60,lru,0,0,0,0,0,0,8,6,8,0,2,0,0,0,6,0,3801088,0,0,0,0,3801088,0,3801088,6,12731953336088922921,0,2,0,0
layer,13,0,12,43,decode,8,8,8,0,0,0,171,0,0,0,0,17,7,1,0,0,0,0,0,0,60,lru,0,0,0,0,0,0,8,8,8,0,0,0,1,0,0,0,0,0,0,0,0,0,0,0,0,16110428540443183777,0,0,0,0
layer,13,0,12,43,decode,9,8,7,1,0,88,158,20,2,0,2,77,7,2,0,0,0,0,0,0,60,lru,0,0,0,0,0,0,8,7,8,0,1,0,0,3,0,1900544,0,0,0,0,0,1900544,0,0,0,13386479449405280132,0,1,0,0
layer,13,0,12,43,decode,10,8,5,3,1438,1092,146,422,4,0,4,1997,7,24,0,0,0,0,0,0,60,lru,0,0,0,0,0,0,8,5,8,0,3,0,1,0,9,0,5701632,0,0,0,0,5701632,0,5701632,9,9789545882573903552,0,3,0,0
layer,13,0,12,43,decode,11,8,5,3,930,777,159,300,4,0,4,1359,7,2,0,0,0,0,0,0,60,lru,0,0,0,0,0,0,8,5,8,0,3,0,1,3,6,1900544,3801088,1,0,0,0,5701632,0,3801088,6,7433041610146569337,0,3,0,0
layer,13,0,12,43,decode,12,8,7,1,460,362,162,133,2,0,2,746,7,21,0,0,0,0,0,0,60,lru,0,0,0,0,0,0,8,7,8,0,1,0,0,0,3,0,1900544,0,0,0,0,1900544,0,1900544,3,16091944271710309869,0,1,0,0
layer,13,0,12,43,decode,13,8,8,0,0,0,177,0,0,0,0,17,7,2,0,0,0,0,0,0,60,lru,0,0,0,0,0,0,8,8,8,0,0,0,0,0,0,0,0,0,0,0,0,0,0,0,0,9776327597950247629,0,0,0,0
layer,13,0,12,43,decode,14,8,6,2,982,740,154,394,3,0,3,1347,6,2,0,0,0,0,0,0,60,lru,0,0,0,0,0,0,8,6,8,0,2,0,1,0,6,0,3801088,0,0,0,0,3801088,0,3801088,6,2943946916716412784,0,2,0,0
layer,13,0,12,43,decode,15,8,8,0,0,0,178,0,0,0,0,16,7,2,0,0,0,0,0,0,60,lru,0,0,0,0,0,0,8,8,8,0,0,0,1,0,0,0,0,0,0,0,0,0,0,0,0,9461645505758936042,0,0,0,0
layer,13,0,12,43,decode,16,8,7,1,0,88,152,19,2,0,2,75,7,2,0,0,0,0,0,0,60,lru,0,0,0,0,0,0,8,7,8,0,1,0,0,3,0,1900544,0,0,0,0,0,1900544,0,0,0,4191788347704377532,0,1,0,0
layer,13,0,12,43,decode,17,8,7,1,473,364,169,108,2,0,2,644,7,11,0,0,0,0,0,0,60,lru,0,0,0,0,0,0,8,7,8,0,1,0,1,0,3,0,1900544,0,0,0,0,1900544,0,1900544,3,16633158394008817035,0,1,0,0
layer,13,0,12,43,decode,18,8,6,2,0,171,142,34,3,0,3,128,7,2,0,0,0,0,0,0,60,lru,0,0,0,0,0,0,8,6,8,0,2,0,0,6,0,3801088,0,0,0,0,0,3801088,0,0,0,7384128636139128530,0,2,0,0
layer,13,0,12,43,decode,19,8,7,1,485,384,161,167,2,0,2,694,7,42,0,0,0,0,0,0,60,lru,0,0,0,0,0,0,8,7,8,0,1,0,1,0,3,0,1900544,0,0,0,0,1900544,0,1900544,3,2653183539402183740,0,1,0,0
layer,13,0,12,43,decode,20,8,7,1,472,385,165,81,2,0,2,650,7,26,0,0,0,0,0,0,60,lru,0,0,0,0,0,0,8,7,8,0,1,0,0,0,3,0,1900544,0,0,0,0,1900544,0,1900544,3,4660564797535148619,0,1,0,0
layer,13,0,12,43,decode,21,8,6,2,459,421,176,172,3,0,3,772,7,2,0,0,0,0,0,0,60,lru,0,0,0,0,0,0,8,6,8,0,2,0,0,3,3,1900544,1900544,0,0,0,0,3801088,0,1900544,3,17404828492415854353,0,2,0,0
layer,13,0,12,43,decode,22,8,7,1,484,383,146,110,2,0,2,694,7,16,0,0,0,0,0,0,60,lru,0,0,0,0,0,0,8,7,8,0,1,0,1,0,3,0,1900544,0,0,0,0,1900544,0,1900544,3,11938333417957762413,0,1,0,0
layer,13,0,12,43,decode,23,8,5,3,928,758,178,368,4,0,4,1419,7,2,0,0,0,0,0,0,60,lru,0,0,0,0,0,0,8,5,8,0,3,0,0,3,6,1900544,3801088,0,0,0,0,5701632,0,3801088,6,341747666670237407,0,3,0,0
layer,13,0,12,43,decode,24,8,5,3,1538,1108,164,407,4,0,4,1931,7,11,0,0,0,0,0,0,60,lru,0,0,0,0,0,0,8,5,8,0,3,0,0,0,9,0,5701632,0,0,0,0,5701632,0,5701632,9,10577373490269533602,0,3,0,0
layer,13,0,12,43,decode,25,8,6,2,966,711,175,345,3,0,3,1377,7,2,0,0,0,0,0,0,60,lru,0,0,0,0,0,0,8,6,8,0,2,0,1,0,6,0,3801088,0,0,0,0,3801088,0,3801088,6,16120489597574698156,0,2,0,0
layer,13,0,12,43,decode,26,8,6,2,979,707,139,190,3,0,3,1387,7,17,0,0,0,0,0,0,60,lru,0,0,0,0,0,0,8,6,8,0,2,0,1,0,6,0,3801088,0,0,0,0,3801088,0,3801088,6,3892791733511477209,0,2,0,0
layer,13,0,12,43,decode,27,8,5,3,936,806,171,182,4,0,4,1364,8,19,0,0,0,0,0,0,60,lru,0,0,0,0,0,0,8,5,8,0,3,0,1,3,6,1900544,3801088,7,0,0,0,5701632,0,3801088,6,6630072875165740216,0,3,0,0
layer,13,0,12,43,decode,28,8,5,3,1470,1073,171,356,4,0,4,2006,7,2,0,0,0,0,0,0,60,lru,0,0,0,0,0,0,8,5,8,0,3,0,1,0,9,0,5701632,0,0,0,0,5701632,0,5701632,9,9359835225461306424,0,3,0,0
layer,13,0,12,43,decode,29,8,6,2,443,421,178,198,3,0,3,767,7,14,0,0,0,0,0,0,60,lru,0,0,0,0,0,0,8,6,8,0,2,0,0,3,3,1900544,1900544,5,0,0,0,3801088,0,1900544,3,9497092956954838926,0,2,0,0
layer,13,0,12,43,decode,30,8,4,4,1388,1162,153,477,4,0,4,1957,7,11,0,0,0,0,0,0,60,lru,0,0,0,0,0,0,8,4,8,0,4,0,1,3,9,1900544,5701632,16,0,0,0,7602176,0,5701632,9,4793849553796799762,0,4,0,0
layer,13,0,12,43,decode,31,8,8,0,0,0,180,0,0,0,0,16,7,2,0,0,0,0,0,0,60,lru,0,0,0,0,0,0,8,8,8,0,0,0,1,0,0,0,0,0,0,0,0,0,0,0,0,3082501398298783788,0,0,0,0
layer,13,0,12,43,decode,32,8,5,3,1395,1092,172,490,4,0,4,2002,7,3,0,0,0,0,0,0,60,lru,0,0,0,0,0,0,8,5,8,0,3,0,0,0,9,0,5701632,0,0,0,0,5701632,0,5701632,9,14250697914944331401,0,3,0,0
layer,13,0,12,43,decode,33,8,3,5,2522,1856,164,637,4,0,4,3264,8,20,0,0,0,0,0,0,60,lru,0,0,0,0,0,0,8,3,8,0,5,0,1,0,15,0,9502720,0,0,0,0,9502720,0,9502720,15,14184569026751758677,0,5,0,0
layer,13,0,12,43,decode,34,8,5,3,1616,1140,156,498,4,0,4,2140,7,2,0,0,0,0,0,0,60,lru,0,0,0,0,0,0,8,5,8,0,3,0,1,0,9,0,6119424,0,0,0,0,6119424,0,6119424,9,11877364459994310880,0,3,0,0
layer,13,0,12,43,decode,35,8,4,4,1462,1177,158,398,4,0,4,1945,7,20,0,0,0,0,0,0,60,lru,0,0,0,0,0,0,8,4,8,0,4,0,1,3,9,1900544,5701632,3,0,0,0,7602176,0,5701632,9,714899480164259681,0,4,0,0
layer,13,0,12,43,decode,36,8,0,8,2452,1993,149,833,3,0,3,3529,7,12,0,0,0,0,0,0,60,lru,0,0,0,0,0,0,8,0,8,0,8,0,1,9,15,5701632,9502720,6,0,0,0,15204352,0,9502720,15,13737012441576354904,0,8,0,0
layer,13,0,12,43,decode,37,8,7,1,0,88,158,20,2,0,2,76,7,2,0,0,0,0,0,0,60,lru,0,0,0,0,0,0,8,7,8,0,1,0,1,3,0,1900544,0,0,0,0,0,1900544,0,0,0,4954222495824588993,0,1,0,0
layer,13,0,12,43,decode,38,8,5,3,508,526,142,215,4,0,4,862,7,2,0,0,0,0,0,0,60,lru,0,0,0,0,0,0,8,5,8,0,3,0,1,6,3,4079616,2039808,6,0,0,0,6119424,0,2039808,3,7425046736277610111,0,3,0,0
layer,13,0,12,43,decode,39,8,3,5,1589,1262,669,366,0,0,0,2327,7,2,0,0,0,0,0,0,60,lru,0,0,0,0,0,0,8,3,8,5,0,0,0,6,9,4079616,6119424,13,0,0,0,10199040,0,6119424,9,18330707184529571869,0,5,0,0
request,13,0,12,0,decode,-1,0,0,0,0,0,0,0,0,0,0,0,0,0,0,0,0,0,0,0,0,,54080,562,0,0,13,0,0,0,0,0,0,0,0,0,0,0,0,0,0,0,0,0,0,0,0,0,0,0,0,0
layer,14,0,13,44,decode,0,8,2,6,2877,2231,163,800,5,0,5,3798,10,23,0,0,0,0,0,0,60,lru,0,0,0,0,0,0,8,2,8,0,6,0,1,0,18,0,11403264,0,0,0,0,11403264,0,11403264,18,3472664239022529590,0,6,0,0
layer,14,0,13,44,decode,1,8,6,2,939,743,180,210,4,0,4,1335,8,2,0,0,0,0,0,0,60,lru,0,0,0,0,0,0,8,6,8,0,2,0,1,0,6,0,3801088,2,0,0,0,3801088,0,3801088,6,1252018213868347281,0,2,0,0
layer,14,0,13,44,decode,2,8,5,3,953,832,147,472,5,0,5,1363,7,28,0,0,0,0,0,0,60,lru,0,0,0,0,0,0,8,5,8,0,3,0,1,3,6,1900544,3801088,2,0,0,0,5701632,0,3801088,6,12285004693365549460,0,3,0,0
layer,14,0,13,44,decode,3,8,8,0,0,0,180,0,0,0,0,18,7,2,0,0,0,0,0,0,60,lru,0,0,0,0,0,0,8,8,8,0,0,0,1,0,0,0,0,0,0,0,0,0,0,0,0,5610261720011041695,0,0,0,0
layer,14,0,13,44,decode,4,8,6,2,455,412,153,182,3,0,3,736,7,2,0,0,0,0,0,0,60,lru,0,0,0,0,0,0,8,6,8,0,2,0,1,3,3,1900544,1900544,6,0,0,0,3801088,0,1900544,3,15462394536151259244,0,2,0,0
layer,14,0,13,44,decode,5,8,7,1,472,366,178,96,2,0,2,682,7,2,0,0,0,0,0,0,60,lru,0,0,0,0,0,0,8,7,8,0,1,0,1,0,3,0,1900544,0,0,0,0,1900544,0,1900544,3,3644861560585974265,0,1,0,0
layer,14,0,13,44,decode,6,8,5,3,1436,1112,141,328,4,0,4,1896,7,21,0,0,0,0,0,0,60,lru,0,0,0,0,0,0,8,5,8,0,3,0,1,0,9,0,5701632,0,0,0,0,5701632,0,5701632,9,10186587252440535567,0,3,0,0
layer,14,0,13,44,decode,7,8,7,1,0,88,160,8,2,0,2,81,7,2,0,0,0,0,0,0,60,lru,0,0,0,0,0,0,8,7,8,0,1,0,1,3,0,1900544,0,0,0,0,0,1900544,0,0,0,2864332923309207637,0,1,0,0
layer,14,0,13,44,decode,8,8,7,1,0,88,154,10,2,0,2,77,7,2,0,0,0,0,0,0,60,lru,0,0,0,0,0,0,8,7,8,0,1,0,1,3,0,1900544,0,0,0,0,0,1900544,0,0,0,12001130610261952468,0,1,0,0
layer,14,0,13,44,decode,9,8,8,0,0,0,176,0,0,0,0,17,7,2,0,0,0,0,0,0,60,lru,0,0,0,0,0,0,8,8,8,0,0,0,0,0,0,0,0,0,0,0,0,0,0,0,0,1210186288760588917,0,0,0,0
layer,14,0,13,44,decode,10,8,7,1,0,87,141,12,2,0,2,75,6,2,0,0,0,0,0,0,60,lru,0,0,0,0,0,0,8,7,8,0,1,0,0,3,0,1900544,0,0,0,0,0,1900544,0,0,0,5362147116381493069,0,1,0,0
layer,14,0,13,44,decode,11,8,6,2,961,690,170,239,3,0,3,1455,7,25,0,0,0,0,0,0,60,lru,0,0,0,0,0,0,8,6,8,0,2,0,1,0,6,0,3801088,0,0,0,0,3801088,0,3801088,6,9953956003909101592,0,2,0,0
layer,14,0,13,44,decode,12,8,7,1,466,362,173,193,2,0,2,692,7,2,0,0,0,0,0,0,60,lru,0,0,0,0,0,0,8,7,8,0,1,0,1,0,3,0,1900544,0,0,0,0,1900544,0,1900544,3,17429633757668582878,0,1,0,0
layer,14,0,13,44,decode,13,8,8,0,0,0,176,0,0,0,0,15,7,2,0,0,0,0,0,0,60,lru,0,0,0,0,0,0,8,8,8,0,0,0,0,0,0,0,0,0,0,0,0,0,0,0,0,1031268643360102535,0,0,0,0
layer,14,0,13,44,decode,14,8,8,0,0,0,156,0,0,0,0,15,6,2,0,0,0,0,0,0,60,lru,0,0,0,0,0,0,8,8,8,0,0,0,0,0,0,0,0,0,0,0,0,0,0,0,0,342823436646003136,0,0,0,0
layer,14,0,13,44,decode,15,8,8,0,0,0,180,0,0,0,0,15,7,2,0,0,0,0,0,0,60,lru,0,0,0,0,0,0,8,8,8,0,0,0,0,0,0,0,0,0,0,0,0,0,0,0,0,14268805065013335371,0,0,0,0
layer,14,0,13,44,decode,16,8,7,1,474,380,171,140,2,0,2,686,6,2,0,0,0,0,0,0,60,lru,0,0,0,0,0,0,8,7,8,0,1,0,1,0,3,0,1900544,0,0,0,0,1900544,0,1900544,3,10650301473377422033,0,1,0,0
layer,14,0,13,44,decode,17,8,8,0,0,0,175,0,0,0,0,16,7,1,0,0,0,0,0,0,60,lru,0,0,0,0,0,0,8,8,8,0,0,0,0,0,0,0,0,0,0,0,0,0,0,0,0,12901982766313900727,0,0,0,0
layer,14,0,13,44,decode,18,8,7,1,467,373,158,215,2,0,2,711,6,21,0,0,0,0,0,0,60,lru,0,0,0,0,0,0,8,7,8,0,1,0,1,0,3,0,1900544,0,0,0,0,1900544,0,1900544,3,5751753217814834742,0,1,0,0
layer,14,0,13,44,decode,19,8,8,0,0,0,179,0,0,0,0,20,10,2,0,0,0,0,0,0,60,lru,0,0,0,0,0,0,8,8,8,0,0,0,1,0,0,0,0,0,0,0,0,0,0,0,0,7611395007260332049,0,0,0,0
layer,14,0,13,44,decode,20,8,8,0,0,0,172,0,0,0,0,14,6,1,0,0,0,0,0,0,60,lru,0,0,0,0,0,0,8,8,8,0,0,0,0,0,0,0,0,0,0,0,0,0,0,0,0,6739312985901092900,0,0,0,0
layer,14,0,13,44,decode,21,8,8,0,0,0,176,0,0,0,0,14,6,2,0,0,0,0,0,0,60,lru,0,0,0,0,0,0,8,8,8,0,0,0,0,0,0,0,0,0,0,0,0,0,0,0,0,14390548102887139833,0,0,0,0
layer,14,0,13,44,decode,22,8,7,1,461,353,156,146,2,0,2,743,6,2,0,0,0,0,0,0,60,lru,0,0,0,0,0,0,8,7,8,0,1,0,1,0,3,0,1900544,0,0,0,0,1900544,0,1900544,3,12661660457000104227,0,1,0,0
layer,14,0,13,44,decode,23,8,5,3,1438,1128,177,399,4,0,4,1910,7,22,0,0,0,0,0,0,60,lru,0,0,0,0,0,0,8,5,8,0,3,0,0,0,9,0,5701632,0,0,0,0,5701632,0,5701632,9,15829589326605188057,0,3,0,0
layer,14,0,13,44,decode,24,8,7,1,483,383,160,72,2,0,2,665,7,18,0,0,0,0,0,0,60,lru,0,0,0,0,0,0,8,7,8,0,1,0,1,0,3,0,1900544,0,0,0,0,1900544,0,1900544,3,9263612998594741605,0,1,0,0
layer,14,0,13,44,decode,25,8,7,1,0,89,156,9,2,0,2,122,7,2,0,0,0,0,0,0,60,lru,0,0,0,0,0,0,8,7,8,0,1,0,1,3,0,1900544,0,0,0,0,0,1900544,0,0,0,11852454962411676693,0,1,0,0
layer,14,0,13,44,decode,26,8,6,2,476,451,155,117,3,0,3,799,8,12,0,0,0,0,0,0,60,lru,0,0,0,0,0,0,8,6,8,0,2,0,1,3,3,1900544,1900544,3,0,0,0,3801088,0,1900544,3,14137555828886536815,0,2,0,0
layer,14,0,13,44,decode,27,8,6,2,967,739,179,217,3,0,3,1291,7,2,0,0,0,0,0,0,60,lru,0,0,0,0,0,0,8,6,8,0,2,0,1,0,6,0,3801088,0,0,0,0,3801088,0,3801088,6,8530207781272146001,0,2,0,0
layer,14,0,13,44,decode,28,8,4,4,1487,1152,152,432,4,0,4,2072,7,19,0,0,0,0,0,0,60,lru,0,0,0,0,0,0,8,4,8,0,4,0,1,3,9,1900544,5701632,0,0,0,0,7602176,0,5701632,9,1041486892074773005,0,4,0,0
layer,14,0,13,44,decode,29,8,5,3,1407,1091,174,388,4,0,4,1991,7,2,0,0,0,0,0,0,60,lru,0,0,0,0,0,0,8,5,8,0,3,0,1,0,9,0,5701632,0,0,0,0,5701632,0,5701632,9,5590170729374765035,0,3,0,0
layer,14,0,13,44,decode,30,8,4,4,1918,1499,146,458,4,0,4,2519,7,20,0,0,0,0,0,0,60,lru,0,0,0,0,0,0,8,4,8,0,4,0,1,0,12,0,7602176,0,0,0,0,7602176,0,7602176,12,11873992143702461943,0,4,0,0
layer,14,0,13,44,decode,31,8,7,1,452,366,162,218,2,0,2,720,8,27,0,0,0,0,0,0,60,lru,0,0,0,0,0,0,8,7,8,0,1,0,1,0,3,0,1900544,0,0,0,0,1900544,0,1900544,3,4076610858597281472,0,1,0,0
layer,14,0,13,44,decode,32,8,5,3,975,821,152,202,4,0,4,1334,7,17,0,0,0,0,0,0,60,lru,0,0,0,0,0,0,8,5,8,0,3,0,1,3,6,1900544,3801088,2,0,0,0,5701632,0,3801088,6,4639440340808536035,0,3,0,0
layer,14,0,13,44,decode,33,8,6,2,471,425,176,194,3,0,3,780,7,2,0,0,0,0,0,0,60,lru,0,0,0,0,0,0,8,6,8,0,2,0,1,3,3,1900544,1900544,2,0,0,0,3801088,0,1900544,3,5710715989043312684,0,2,0,0
layer,14,0,13,44,decode,34,8,6,2,494,467,148,155,3,0,3,757,7,23,0,0,0,0,0,0,60,lru,0,0,0,0,0,0,8,6,8,0,2,0,1,3,3,2039808,2039808,1,0,0,0,4079616,0,2039808,3,12639840252721750269,0,2,0,0
layer,14,0,13,44,decode,35,8,7,1,481,364,170,137,2,0,2,734,7,17,0,0,0,0,0,0,60,lru,0,0,0,0,0,0,8,7,8,0,1,0,1,0,3,0,1900544,0,0,0,0,1900544,0,1900544,3,5827541395899758676,0,1,0,0
layer,14,0,13,44,decode,36,8,8,0,0,0,172,0,0,0,0,16,7,1,0,0,0,0,0,0,60,lru,0,0,0,0,0,0,8,8,8,0,0,0,0,0,0,0,0,0,0,0,0,0,0,0,0,6788721691147815983,0,0,0,0
layer,14,0,13,44,decode,37,8,4,4,1541,1120,176,428,4,0,4,2162,7,2,0,0,0,0,0,0,60,lru,0,0,0,0,0,0,8,4,8,0,4,0,1,3,9,1900544,5701632,8,0,0,0,7602176,0,5701632,9,16767596932942430271,0,4,0,0
layer,14,0,13,44,decode,38,8,7,1,528,384,150,145,2,0,2,751,7,27,0,0,0,0,0,0,60,lru,0,0,0,0,0,0,8,7,8,0,1,0,1,0,3,0,2039808,0,0,0,0,2039808,0,2039808,3,17144218459718827309,0,1,0,0
layer,14,0,13,44,decode,39,8,8,0,0,0,684,0,0,0,0,17,8,2,0,0,0,0,0,0,60,lru,0,0,0,0,0,0,8,8,8,0,0,0,1,0,0,0,0,0,0,0,0,0,0,0,0,2440312647332766644,0,0,0,0
request,14,0,13,0,decode,-1,0,0,0,0,0,0,0,0,0,0,0,0,0,0,0,0,0,0,0,0,,41278,459,0,0,14,0,0,0,0,0,0,0,0,0,0,0,0,0,0,0,0,0,0,0,0,0,0,0,0,0
layer,15,0,14,45,decode,0,8,0,8,2845,2336,150,1109,4,0,4,3889,10,2,0,0,0,0,0,0,60,lru,0,0,0,0,0,0,8,0,8,0,5,0,1,6,18,3801088,11403264,1,0,0,0,15204352,0,11403264,18,4063060300529580835,0,8,3,0
layer,15,0,14,45,decode,1,8,4,4,1886,1486,174,387,5,0,5,2523,8,19,0,0,0,0,0,0,60,lru,0,0,0,0,0,0,8,4,8,0,4,0,1,0,12,0,7602176,0,0,0,0,7602176,0,7602176,12,4342521204573089388,0,4,0,0
layer,15,0,14,45,decode,2,8,5,3,1461,1125,156,407,5,0,5,1914,7,5,0,0,0,0,0,0,60,lru,0,0,0,0,0,0,8,5,8,0,3,0,1,0,9,0,5701632,0,0,0,0,5701632,0,5701632,9,14031647075068842091,0,3,0,0
layer,15,0,14,45,decode,3,8,5,3,1452,1111,178,384,4,0,4,1922,7,2,0,0,0,0,0,0,60,lru,0,0,0,0,0,0,8,5,8,0,3,0,1,0,9,0,5701632,0,0,0,0,5701632,0,5701632,9,10199546864480216053,0,3,0,0
layer,15,0,14,45,decode,4,8,6,2,469,465,173,253,3,0,3,725,7,7,0,0,0,0,0,0,60,lru,0,0,0,0,0,0,8,6,8,0,2,0,1,3,3,1900544,1900544,1,0,0,0,3801088,0,1900544,3,2570131524017720353,0,2,0,0
layer,15,0,14,45,decode,5,8,6,2,444,432,166,200,3,0,3,760,7,24,0,0,0,0,0,0,60,lru,0,0,0,0,0,0,8,6,8,0,2,0,1,3,3,1900544,1900544,0,0,0,0,3801088,0,1900544,3,447969755425389556,0,2,0,0
layer,15,0,14,45,decode,6,8,4,4,1918,1446,144,488,4,0,4,2627,8,16,0,0,0,0,0,0,60,lru,0,0,0,0,0,0,8,4,8,0,4,0,1,0,12,0,7602176,0,0,0,0,7602176,0,7602176,12,15902265815431580745,0,4,0,0
layer,15,0,14,45,decode,7,8,6,2,444,413,179,211,3,0,3,815,7,2,0,0,0,0,0,0,60,lru,0,0,0,0,0,0,8,6,8,0,2,0,1,3,3,1900544,1900544,10,0,0,0,3801088,0,1900544,3,13084165259769999671,0,2,0,0
layer,15,0,14,45,decode,8,8,8,0,0,0,174,0,0,0,0,16,7,1,0,0,0,0,0,0,60,lru,0,0,0,0,0,0,8,8,8,0,0,0,1,0,0,0,0,0,0,0,0,0,0,0,0,5500574692511467040,0,0,0,0
layer,15,0,14,45,decode,9,8,8,0,0,0,177,0,0,0,0,14,6,2,0,0,0,0,0,0,60,lru,0,0,0,0,0,0,8,8,8,0,0,0,0,0,0,0,0,0,0,0,0,0,0,0,0,16999629125684399167,0,0,0,0
layer,15,0,14,45,decode,10,8,4,4,1927,1499,146,441,4,0,4,2531,6,19,0,0,0,0,0,0,60,lru,0,0,0,0,0,0,8,4,8,0,4,0,1,0,12,0,7602176,0,0,0,0,7602176,0,7602176,12,6295179680682586273,0,4,0,0
layer,15,0,14,45,decode,11,8,3,5,1910,1546,169,658,4,0,4,2664,7,21,0,0,0,0,0,0,60,lru,0,0,0,0,0,0,8,3,8,0,5,0,1,3,12,1900544,7602176,4,0,0,0,9502720,0,7602176,12,15656898354694929289,0,5,0,0
layer,15,0,14,45,decode,12,8,5,3,431,496,163,178,4,0,4,849,7,19,0,0,0,0,0,0,60,lru,0,0,0,0,0,0,8,5,8,0,3,0,1,6,3,3801088,1900544,2,0,0,0,5701632,0,1900544,3,18036419633542195968,0,3,0,0
layer,15,0,14,45,decode,13,8,5,3,909,764,157,285,3,0,3,1421,7,2,0,0,0,0,0,0,60,lru,0,0,0,0,0,0,8,5,8,0,3,0,1,3,6,1900544,3801088,4,0,0,0,5701632,0,3801088,6,16229021260155408792,0,3,0,0
layer,15,0,14,45,decode,14,8,6,2,422,401,143,180,3,0,3,790,7,2,0,0,0,0,0,0,60,lru,0,0,0,0,0,0,8,6,8,0,2,0,1,3,3,1900544,1900544,2,0,0,0,3801088,0,1900544,3,10475850199522452971,0,2,0,0
layer,15,0,14,45,decode,15,8,6,2,0,170,159,37,3,0,3,134,7,2,0,0,0,0,0,0,60,lru,0,0,0,0,0,0,8,6,8,0,2,0,1,6,0,3801088,0,0,0,0,0,3801088,0,0,0,11787343887814686605,0,2,0,0
layer,15,0,14,45,decode,16,8,6,2,939,729,165,273,3,0,3,1343,7,24,0,0,0,0,0,0,60,lru,0,0,0,0,0,0,8,6,8,0,2,0,1,0,6,0,3801088,0,0,0,0,3801088,0,3801088,6,9335854135156508718,0,2,0,0
layer,15,0,14,45,decode,17,8,4,4,1380,1143,174,412,4,0,4,2067,7,2,0,0,0,0,0,0,60,lru,0,0,0,0,0,0,8,4,8,0,4,0,1,3,9,1900544,5701632,5,0,0,0,7602176,0,5701632,9,17908024067317101700,0,4,0,0
layer,15,0,14,45,decode,18,8,5,3,474,479,139,211,4,0,4,781,7,2,0,0,0,0,0,0,60,lru,0,0,0,0,0,0,8,5,8,0,3,0,1,6,3,3801088,1900544,6,0,0,0,5701632,0,1900544,3,5989234032222873519,0,3,0,0
layer,15,0,14,45,decode,19,8,6,2,431,429,169,123,3,0,3,789,7,26,0,0,0,0,0,0,60,lru,0,0,0,0,0,0,8,6,8,0,2,0,1,3,3,1900544,1900544,3,0,0,0,3801088,0,1900544,3,8753883172782688278,0,2,0,0
layer,15,0,14,45,decode,20,8,7,1,471,380,159,131,2,0,2,664,7,43,0,0,0,0,0,0,60,lru,0,0,0,0,0,0,8,7,8,0,1,0,1,0,3,0,1900544,0,0,0,0,1900544,0,1900544,3,15115915700640947488,0,1,0,0
layer,15,0,14,45,decode,21,8,6,2,451,408,158,221,3,0,3,798,7,2,0,0,0,0,0,0,60,lru,0,0,0,0,0,0,8,6,8,0,2,0,1,3,3,1900544,1900544,6,0,0,0,3801088,0,1900544,3,4689691796421682604,0,2,0,0
layer,15,0,14,45,decode,22,8,3,5,1940,1525,144,609,4,0,4,2693,8,26,0,0,0,0,0,0,60,lru,0,0,0,0,0,0,8,3,8,0,5,0,1,3,12,1900544,7602176,3,0,0,0,9502720,0,7602176,12,18417036844267364154,0,5,0,0
layer,15,0,14,45,decode,23,8,5,3,1403,1080,177,388,4,0,4,1964,8,2,0,0,0,0,0,0,60,lru,0,0,0,0,0,0,8,5,8,0,3,0,1,0,9,0,5701632,0,0,0,0,5701632,0,5701632,9,1853664858495326036,0,3,0,0
layer,15,0,14,45,decode,24,8,6,2,447,436,164,231,3,0,3,731,7,3,0,0,0,0,0,0,60,lru,0,0,0,0,0,0,8,6,8,0,2,0,1,3,3,1900544,1900544,4,0,0,0,3801088,0,1900544,3,988953209046731100,0,2,0,0
layer,15,0,14,45,decode,25,8,4,4,1404,1190,157,402,5,0,5,1985,8,26,0,0,0,0,0,0,60,lru,0,0,0,0,0,0,8,4,8,0,4,0,1,3,9,1900544,5701632,1,0,0,0,7602176,0,5701632,9,5802487172893195511,0,4,0,0
layer,15,0,14,45,decode,26,8,6,2,463,406,139,109,4,0,4,817,7,3,0,0,0,0,0,0,60,lru,0,0,0,0,0,0,8,6,8,0,2,0,1,3,3,1900544,1900544,6,0,0,0,3801088,0,1900544,3,9574889156079913617,0,2,0,0
layer,15,0,14,45,decode,27,8,3,5,1397,1212,172,515,5,0,5,2050,8,26,0,0,0,0,0,0,60,lru,0,0,0,0,0,0,8,3,8,0,5,0,1,6,9,3801088,5701632,9,0,0,0,9502720,0,5701632,9,8369283792250123921,0,5,0,0
layer,15,0,14,45,decode,28,8,8,0,0,0,173,0,0,0,0,21,9,2,0,0,0,0,0,0,60,lru,0,0,0,0,0,0,8,8,8,0,0,0,1,0,0,0,0,0,0,0,0,0,0,0,0,9319099553056419087,0,0,0,0
layer,15,0,14,45,decode,29,8,5,3,960,788,171,301,5,0,5,1443,7,22,0,0,0,0,0,0,60,lru,0,0,0,0,0,0,8,5,8,0,3,0,1,3,6,1900544,3801088,3,0,0,0,5701632,0,3801088,6,17931259774581594647,0,3,0,0
layer,15,0,14,45,decode,30,8,6,2,431,411,149,123,4,0,4,792,7,25,0,0,0,0,0,0,60,lru,0,0,0,0,0,0,8,6,8,0,2,0,1,3,3,1900544,1900544,2,0,0,0,3801088,0,1900544,3,4381405167770392685,0,2,0,0
layer,15,0,14,45,decode,31,8,6,2,0,171,159,48,4,0,4,136,8,3,0,0,0,0,0,0,60,lru,0,0,0,0,0,0,8,6,8,0,2,0,1,6,0,3801088,0,1,0,0,0,3801088,0,0,0,6001749569948009506,0,2,0,0
layer,15,0,14,45,decode,32,8,6,2,985,727,167,233,4,0,4,1324,7,24,0,0,0,0,0,0,60,lru,0,0,0,0,0,0,8,6,8,0,2,0,1,0,6,0,3801088,0,0,0,0,3801088,0,3801088,6,4673713381645065895,0,2,0,0
layer,15,0,14,45,decode,33,8,6,2,979,752,157,303,4,0,4,1349,7,24,0,0,0,0,0,0,60,lru,0,0,0,0,0,0,8,6,8,0,2,0,1,0,6,0,3801088,0,0,0,0,3801088,0,3801088,6,14619245138680758876,0,2,0,0
layer,15,0,14,45,decode,34,8,7,1,0,93,142,27,3,0,3,84,8,3,0,0,0,0,0,0,60,lru,0,0,0,0,0,0,8,7,8,0,1,0,1,3,0,2039808,0,0,0,0,0,2039808,0,0,0,3470286157865200148,0,1,0,0
layer,15,0,14,45,decode,35,8,8,0,0,0,181,0,0,0,0,19,7,2,0,0,0,0,0,0,60,lru,0,0,0,0,0,0,8,8,8,0,0,0,1,0,0,0,0,0,0,0,0,0,0,0,0,9053202581760690837,0,0,0,0
layer,15,0,14,45,decode,36,8,7,1,498,365,166,159,2,0,2,708,7,27,0,0,0,0,0,0,60,lru,0,0,0,0,0,0,8,7,8,0,1,0,1,0,3,0,1900544,0,0,0,0,1900544,0,1900544,3,9421139971632278790,0,1,0,0
layer,15,0,14,45,decode,37,8,8,0,0,0,179,0,0,0,0,18,8,2,0,0,0,0,0,0,60,lru,0,0,0,0,0,0,8,8,8,0,0,0,0,0,0,0,0,0,0,0,0,0,0,0,0,5711081926512331471,0,0,0,0
layer,15,0,14,45,decode,38,8,8,0,0,0,160,0,0,0,0,15,6,2,0,0,0,0,0,0,60,lru,0,0,0,0,0,0,8,8,8,0,0,0,0,0,0,0,0,0,0,0,0,0,0,0,0,198569402309704837,0,0,0,0
layer,15,0,14,45,decode,39,8,8,0,0,0,686,0,0,0,0,15,7,2,0,0,0,0,0,0,60,lru,0,0,0,0,0,0,8,8,8,0,0,0,0,0,0,0,0,0,0,0,0,0,0,0,0,7903768744837916005,0,0,0,0
request,15,0,14,0,decode,-1,0,0,0,0,0,0,0,0,0,0,0,0,0,0,0,0,0,0,0,0,,54546,613,0,0,14,0,0,0,0,0,0,0,0,0,0,0,0,0,0,0,0,0,0,0,0,0,0,0,0,0
layer,16,0,15,46,decode,0,8,3,5,2409,1880,164,543,5,0,5,3122,9,21,0,0,0,0,0,0,60,lru,0,0,0,0,0,0,8,3,8,0,1,0,1,0,15,0,9502720,1,0,0,0,9502720,0,9502720,15,15101722130558225062,0,5,4,0
layer,16,0,15,46,decode,1,8,2,6,1354,1260,176,549,5,0,5,2205,8,21,0,0,0,0,0,0,60,lru,0,0,0,0,0,0,8,2,8,0,6,0,1,9,9,5701632,5701632,11,0,0,0,11403264,0,5701632,9,7964588459306996826,0,6,0,0
layer,16,0,15,46,decode,2,8,4,4,1432,1193,140,246,5,0,5,2020,7,26,0,0,0,0,0,0,60,lru,0,0,0,0,0,0,8,4,8,0,4,0,1,3,9,1900544,5701632,6,0,0,0,7602176,0,5701632,9,12889262754809073320,0,4,0,0
layer,16,0,15,46,decode,3,8,7,1,0,88,163,19,3,0,3,83,7,2,0,0,0,0,0,0,60,lru,0,0,0,0,0,0,8,7,8,0,1,0,1,3,0,1900544,0,0,0,0,0,1900544,0,0,0,5429895583469402864,0,1,0,0
layer,16,0,15,46,decode,4,8,8,0,0,0,172,0,0,0,0,18,7,2,0,0,0,0,0,0,60,lru,0,0,0,0,0,0,8,8,8,0,0,0,1,0,0,0,0,0,0,0,0,0,0,0,0,1863994510050188031,0,0,0,0
layer,16,0,15,46,decode,5,8,6,2,945,739,156,229,3,0,3,1342,6,20,0,0,0,0,0,0,60,lru,0,0,0,0,0,0,8,6,8,0,2,0,1,0,6,0,3801088,0,0,0,0,3801088,0,3801088,6,6803272523836025818,0,2,0,0
layer,16,0,15,46,decode,6,8,5,3,1499,1095,141,311,4,0,4,1933,7,18,0,0,0,0,0,0,60,lru,0,0,0,0,0,0,8,5,8,0,3,0,1,0,9,0,5701632,0,0,0,0,5701632,0,5701632,9,4904807344768888970,0,3,0,0
layer,16,0,15,46,decode,7,8,7,1,465,385,160,111,2,0,2,709,7,17,0,0,0,0,0,0,60,lru,0,0,0,0,0,0,8,7,8,0,1,0,1,0,3,0,1900544,0,0,0,0,1900544,0,1900544,3,16456872756989318519,0,1,0,0
layer,16,0,15,46,decode,8,8,8,0,0,0,174,0,0,0,0,17,7,2,0,0,0,0,0,0,60,lru,0,0,0,0,0,0,8,8,8,0,0,0,1,0,0,0,0,0,0,0,0,0,0,0,0,4566005800860742158,0,0,0,0
layer,16,0,15,46,decode,9,8,8,0,0,0,177,0,0,0,0,15,6,2,0,0,0,0,0,0,60,lru,0,0,0,0,0,0,8,8,8,0,0,0,1,0,0,0,0,0,0,0,0,0,0,0,0,7671056574532490987,0,0,0,0
layer,16,0,15,46,decode,10,8,8,0,0,0,155,0,0,0,0,14,6,1,0,0,0,0,0,0,60,lru,0,0,0,0,0,0,8,8,8,0,0,0,0,0,0,0,0,0,0,0,0,0,0,0,0,6106347764870680528,0,0,0,0
layer,16,0,15,46,decode,11,8,8,0,0,0,179,0,0,0,0,15,7,1,0,0,0,0,0,0,60,lru,0,0,0,0,0,0,8,8,8,0,0,0,0,0,0,0,0,0,0,0,0,0,0,0,0,13168142748669658851,0,0,0,0
layer,16,0,15,46,decode,12,8,7,1,0,88,152,21,2,0,2,79,10,2,0,0,0,0,0,0,60,lru,0,0,0,0,0,0,8,7,8,0,1,0,1,3,0,1900544,0,0,0,0,0,1900544,0,0,0,3400307486685355308,0,1,0,0
layer,16,0,15,46,decode,13,8,7,1,492,355,176,158,2,0,2,745,7,2,0,0,0,0,0,0,60,lru,0,0,0,0,0,0,8,7,8,0,1,0,0,0,3,0,1900544,0,0,0,0,1900544,0,1900544,3,8569197035547437830,0,1,0,0
layer,16,0,15,46,decode,14,8,7,1,0,89,143,16,2,0,2,76,7,2,0,0,0,0,0,0,60,lru,0,0,0,0,0,0,8,7,8,0,1,0,1,3,0,1900544,0,0,0,0,0,1900544,0,0,0,3614167685989559877,0,1,0,0
layer,16,0,15,46,decode,15,8,8,0,0,0,180,0,0,0,0,17,7,1,0,0,0,0,0,0,60,lru,0,0,0,0,0,0,8,8,8,0,0,0,0,0,0,0,0,0,0,0,0,0,0,0,0,1887198740031975166,0,0,0,0
layer,16,0,15,46,decode,16,8,8,0,0,0,171,0,0,0,0,15,7,1,0,0,0,0,0,0,60,lru,0,0,0,0,0,0,8,8,8,0,0,0,1,0,0,0,0,0,0,0,0,0,0,0,0,16681386218303858868,0,0,0,0
layer,16,0,15,46,decode,17,8,6,2,476,432,165,120,3,0,3,765,7,24,0,0,0,0,0,0,60,lru,0,0,0,0,0,0,8,6,8,0,2,0,1,3,3,1900544,1900544,5,0,0,0,3801088,0,1900544,3,468386535345352752,0,2,0,0
layer,16,0,15,46,decode,18,8,8,0,0,0,155,0,0,0,0,17,7,2,0,0,0,0,0,0,60,lru,0,0,0,0,0,0,8,8,8,0,0,0,1,0,0,0,0,0,0,0,0,0,0,0,0,17772091637655180398,0,0,0,0
layer,16,0,15,46,decode,19,8,6,2,457,439,161,168,3,0,3,755,7,22,0,0,0,0,0,0,60,lru,0,0,0,0,0,0,8,6,8,0,2,0,1,3,3,1900544,1900544,2,0,0,0,3801088,0,1900544,3,12733249251772999255,0,2,0,0
layer,16,0,15,46,decode,20,8,8,0,0,0,171,0,0,0,0,16,7,1,0,0,0,0,0,0,60,lru,0,0,0,0,0,0,8,8,8,0,0,0,1,0,0,0,0,0,0,0,0,0,0,0,0,10590372540103905701,0,0,0,0
layer,16,0,15,46,decode,21,8,8,0,0,0,175,0,0,0,0,15,6,2,0,0,0,0,0,0,60,lru,0,0,0,0,0,0,8,8,8,0,0,0,1,0,0,0,0,0,0,0,0,0,0,0,0,1706466347243319984,0,0,0,0
layer,16,0,15,46,decode,22,8,8,0,0,0,155,0,0,0,0,14,6,1,0,0,0,0,0,0,60,lru,0,0,0,0,0,0,8,8,8,0,0,0,0,0,0,0,0,0,0,0,0,0,0,0,0,12461141312369350462,0,0,0,0
layer,16,0,15,46,decode,23,8,5,3,1436,1114,158,361,3,0,3,1936,6,19,0,0,0,0,0,0,60,lru,0,0,0,0,0,0,8,5,8,0,3,0,1,0,9,0,5701632,0,0,0,0,5701632,0,5701632,9,17454743078895587194,0,3,0,0
layer,16,0,15,46,decode,24,8,7,1,465,369,153,55,2,0,2,709,7,20,0,0,0,0,0,0,60,lru,0,0,0,0,0,0,8,7,8,0,1,0,1,0,3,0,1900544,0,0,0,0,1900544,0,1900544,3,4341438183720309445,0,1,0,0
layer,16,0,15,46,decode,25,8,7,1,482,385,158,132,2,0,2,654,7,23,0,0,0,0,0,0,60,lru,0,0,0,0,0,0,8,7,8,0,1,0,0,0,3,0,1900544,0,0,0,0,1900544,0,1900544,3,11843459076513845374,0,1,0,0
layer,16,0,15,46,decode,26,8,6,2,996,722,154,177,3,0,3,1404,7,2,0,0,0,0,0,0,60,lru,0,0,0,0,0,0,8,6,8,0,2,0,1,0,6,0,3801088,0,0,0,0,3801088,0,3801088,6,17133138604574934345,0,2,0,0
layer,16,0,15,46,decode,27,8,7,1,489,394,160,45,2,0,2,657,7,19,0,0,0,0,0,0,60,lru,0,0,0,0,0,0,8,7,8,0,1,0,1,0,3,0,1900544,0,0,0,0,1900544,0,1900544,3,15903898944217972667,0,1,0,0
layer,16,0,15,46,decode,28,8,6,2,921,747,160,305,3,0,3,1350,7,19,0,0,0,0,0,0,60,lru,0,0,0,0,0,0,8,6,8,0,2,0,1,0,6,0,3801088,0,0,0,0,3801088,0,3801088,6,4033160872747980413,0,2,0,0
layer,16,0,15,46,decode,29,8,8,0,0,0,177,0,0,0,0,17,8,2,0,0,0,0,0,0,60,lru,0,0,0,0,0,0,8,8,8,0,0,0,1,0,0,0,0,0,0,0,0,0,0,0,0,8336695073858867785,0,0,0,0
layer,16,0,15,46,decode,30,8,8,0,0,0,157,0,0,0,0,16,7,2,0,0,0,0,0,0,60,lru,0,0,0,0,0,0,8,8,8,0,0,0,0,0,0,0,0,0,0,0,0,0,0,0,0,11148490022925143499,0,0,0,0
layer,16,0,15,46,decode,31,8,7,1,0,88,160,19,2,0,2,75,7,2,0,0,0,0,0,0,60,lru,0,0,0,0,0,0,8,7,8,0,1,0,0,3,0,1900544,0,0,0,0,0,1900544,0,0,0,3582134073744384998,0,1,0,0
layer,16,0,15,46,decode,32,8,8,0,0,0,171,0,0,0,0,17,7,2,0,0,0,0,0,0,60,lru,0,0,0,0,0,0,8,8,8,0,0,0,0,0,0,0,0,0,0,0,0,0,0,0,0,407865918626851717,0,0,0,0
layer,16,0,15,46,decode,33,8,8,0,0,0,176,0,0,0,0,15,6,1,0,0,0,0,0,0,60,lru,0,0,0,0,0,0,8,8,8,0,0,0,0,0,0,0,0,0,0,0,0,0,0,0,0,16140403277266091281,0,0,0,0
layer,16,0,15,46,decode,34,8,8,0,0,0,157,0,0,0,0,15,7,1,0,0,0,0,0,0,60,lru,0,0,0,0,0,0,8,8,8,0,0,0,1,0,0,0,0,0,0,0,0,0,0,0,0,9140612621555913507,0,0,0,0
layer,16,0,15,46,decode,35,8,8,0,0,0,179,0,0,0,0,14,7,1,0,0,0,0,0,0,60,lru,0,0,0,0,0,0,8,8,8,0,0,0,0,0,0,0,0,0,0,0,0,0,0,0,0,3002051434074157299,0,0,0,0
layer,16,0,15,46,decode,36,8,8,0,0,0,172,0,0,0,0,14,6,1,0,0,0,0,0,0,60,lru,0,0,0,0,0,0,8,8,8,0,0,0,0,0,0,0,0,0,0,0,0,0,0,0,0,16171826442277873036,0,0,0,0
layer,16,0,15,46,decode,37,8,8,0,0,0,177,0,0,0,0,15,6,2,0,0,0,0,0,0,60,lru,0,0,0,0,0,0,8,8,8,0,0,0,0,0,0,0,0,0,0,0,0,0,0,0,0,9454504042928536147,0,0,0,0
layer,16,0,15,46,decode,38,8,8,0,0,0,158,0,0,0,0,14,7,1,0,0,0,0,0,0,60,lru,0,0,0,0,0,0,8,8,8,0,0,0,0,0,0,0,0,0,0,0,0,0,0,0,0,1353636791516860880,0,0,0,0
layer,16,0,15,46,decode,39,8,8,0,0,0,685,0,0,0,0,14,7,1,0,0,0,0,0,0,60,lru,0,0,0,0,0,0,8,8,8,0,0,0,0,0,0,0,0,0,0,0,0,0,0,0,0,15274545934227580925,0,0,0,0
request,16,0,15,0,decode,-1,0,0,0,0,0,0,0,0,0,0,0,0,0,0,0,0,0,0,0,0,,29091,381,0,0,14,0,0,0,0,0,0,0,0,0,0,0,0,0,0,0,0,0,0,0,0,0,0,0,0,0
layer,17,0,16,47,decode,0,8,4,4,1919,1507,164,454,4,0,4,2533,9,26,0,0,0,0,0,0,60,lru,0,0,0,0,0,0,8,4,8,0,3,0,1,0,12,0,7602176,0,0,0,0,7602176,0,7602176,12,15150176146755265359,0,4,1,0
layer,17,0,16,47,decode,1,8,4,4,934,862,155,338,4,0,4,1426,7,2,0,0,0,0,0,0,60,lru,0,0,0,0,0,0,8,4,8,0,4,0,1,6,6,3801088,3801088,6,0,0,0,7602176,0,3801088,6,1253059851488715905,0,4,0,0
layer,17,0,16,47,decode,2,8,5,3,924,763,155,388,5,0,5,1403,8,2,0,0,0,0,0,0,60,lru,0,0,0,0,0,0,8,5,8,0,3,0,1,3,6,1900544,3801088,2,0,0,0,5701632,0,3801088,6,8077137231165002101,0,3,0,0
layer,17,0,16,47,decode,3,8,8,0,0,0,178,0,0,0,0,17,7,2,0,0,0,0,0,0,60,lru,0,0,0,0,0,0,8,8,8,0,0,0,1,0,0,0,0,0,0,0,0,0,0,0,0,1717127064381056263,0,0,0,0
layer,17,0,16,47,decode,4,8,6,2,0,171,153,36,3,0,3,123,7,2,0,0,0,0,0,0,60,lru,0,0,0,0,0,0,8,6,8,0,2,0,0,6,0,3801088,0,0,0,0,0,3801088,0,0,0,17521810005455327049,0,2,0,0
layer,17,0,16,47,decode,5,8,7,1,0,88,157,12,2,0,2,78,7,2,0,0,0,0,0,0,60,lru,0,0,0,0,0,0,8,7,8,0,1,0,1,3,0,1900544,0,0,0,0,0,1900544,0,0,0,13390503725904479479,0,1,0,0
layer,17,0,16,47,decode,6,8,6,2,984,738,142,264,3,0,3,1365,13,34,0,0,0,0,0,0,60,lru,0,0,0,0,0,0,8,6,8,0,2,0,1,0,6,0,3801088,0,0,0,0,3801088,0,3801088,6,8926629188346513046,0,2,0,0
layer,17,0,16,47,decode,7,8,7,1,472,373,171,86,2,0,2,686,7,25,0,0,0,0,0,0,60,lru,0,0,0,0,0,0,8,7,8,0,1,0,1,0,3,0,1900544,0,0,0,0,1900544,0,1900544,3,13969111047342028068,0,1,0,0
layer,17,0,16,47,decode,8,8,8,0,0,0,171,0,0,0,0,16,7,1,0,0,0,0,0,0,60,lru,0,0,0,0,0,0,8,8,8,0,0,0,0,0,0,0,0,0,0,0,0,0,0,0,0,5436735719540779388,0,0,0,0
layer,17,0,16,47,decode,9,8,7,1,473,367,177,149,2,0,2,724,6,2,0,0,0,0,0,0,60,lru,0,0,0,0,0,0,8,7,8,0,1,0,0,0,3,0,1900544,0,0,0,0,1900544,0,1900544,3,14808280148216447891,0,1,0,0
layer,17,0,16,47,decode,10,8,8,0,0,0,156,0,0,0,0,17,7,1,0,0,0,0,0,0,60,lru,0,0,0,0,0,0,8,8,8,0,0,0,1,0,0,0,0,0,0,0,0,0,0,0,0,2376833494631870121,0,0,0,0
layer,17,0,16,47,decode,11,8,7,1,480,383,172,103,2,0,2,706,6,29,0,0,0,0,0,0,60,lru,0,0,0,0,0,0,8,7,8,0,1,0,0,0,3,0,1900544,0,0,0,0,1900544,0,1900544,3,13453441573554081823,0,1,0,0
layer,17,0,16,47,decode,12,8,7,1,0,89,155,20,2,0,2,76,7,2,0,0,0,0,0,0,60,lru,0,0,0,0,0,0,8,7,8,0,1,0,1,3,0,1900544,0,0,0,0,0,1900544,0,0,0,17856659037559350512,0,1,0,0
layer,17,0,16,47,decode,13,8,7,1,460,361,178,120,2,0,2,679,7,42,0,0,0,0,0,0,60,lru,0,0,0,0,0,0,8,7,8,0,1,0,1,0,3,0,1900544,0,0,0,0,1900544,0,1900544,3,4925341482319041354,0,1,0,0
layer,17,0,16,47,decode,14,8,8,0,0,0,155,0,0,0,0,17,7,2,0,0,0,0,0,0,60,lru,0,0,0,0,0,0,8,8,8,0,0,0,1,0,0,0,0,0,0,0,0,0,0,0,0,8053037097151701766,0,0,0,0
layer,17,0,16,47,decode,15,8,7,1,463,349,171,174,2,0,2,747,7,20,0,0,0,0,0,0,60,lru,0,0,0,0,0,0,8,7,8,0,1,0,1,0,3,0,1900544,0,0,0,0,1900544,0,1900544,3,8841041553122831544,0,1,0,0
layer,17,0,16,47,decode,16,8,8,0,0,0,172,0,0,0,0,16,7,2,0,0,0,0,0,0,60,lru,0,0,0,0,0,0,8,8,8,0,0,0,0,0,0,0,0,0,0,0,0,0,0,0,0,2312011768268212390,0,0,0,0
layer,17,0,16,47,decode,17,8,8,0,0,0,182,0,0,0,0,17,8,1,0,0,0,0,0,0,60,lru,0,0,0,0,0,0,8,8,8,0,0,0,1,0,0,0,0,0,0,0,0,0,0,0,0,35370186995562337,0,0,0,0
layer,17,0,16,47,decode,18,8,8,0,0,0,157,0,0,0,0,14,7,1,0,0,0,0,0,0,60,lru,0,0,0,0,0,0,8,8,8,0,0,0,1,0,0,0,0,0,0,0,0,0,0,0,0,8823053487817565805,0,0,0,0
layer,17,0,16,47,decode,19,8,7,1,473,397,172,107,2,0,2,678,7,28,0,0,0,0,0,0,60,lru,0,0,0,0,0,0,8,7,8,0,1,0,1,0,3,0,1900544,0,0,0,0,1900544,0,1900544,3,430625537120224321,0,1,0,0
layer,17,0,16,47,decode,20,8,7,1,0,88,153,12,2,0,2,77,7,2,0,0,0,0,0,0,60,lru,0,0,0,0,0,0,8,7,8,0,1,0,0,3,0,1900544,0,0,0,0,0,1900544,0,0,0,7644165042735817501,0,1,0,0
layer,17,0,16,47,decode,21,8,6,2,969,732,177,238,3,0,3,1326,7,2,0,0,0,0,0,0,60,lru,0,0,0,0,0,0,8,6,8,0,2,0,1,0,6,0,3801088,0,0,0,0,3801088,0,3801088,6,1727690115021780948,0,2,0,0
layer,17,0,16,47,decode,22,8,5,3,1467,1132,139,428,4,0,4,1965,7,20,0,0,0,0,0,0,60,lru,0,0,0,0,0,0,8,5,8,0,3,0,1,0,9,0,5701632,0,0,0,0,5701632,0,5701632,9,1795457662896592619,0,3,0,0
layer,17,0,16,47,decode,23,8,6,2,440,413,163,154,3,0,3,796,7,23,0,0,0,0,0,0,60,lru,0,0,0,0,0,0,8,6,8,0,2,0,1,3,3,1900544,1900544,4,0,0,0,3801088,0,1900544,3,9157141666544554436,0,2,0,0
layer,17,0,16,47,decode,24,8,5,3,1644,1069,152,531,4,0,4,2161,7,11,0,0,0,0,0,0,60,lru,0,0,0,0,0,0,8,5,8,0,3,0,1,0,9,0,5701632,0,0,0,0,5701632,0,5701632,9,14280827950052607903,0,3,0,0
layer,17,0,16,47,decode,25,8,5,3,943,750,176,296,4,0,4,1401,7,2,0,0,0,0,0,0,60,lru,0,0,0,0,0,0,8,5,8,0,3,0,1,3,6,1900544,3801088,7,0,0,0,5701632,0,3801088,6,3274199788553936409,0,3,0,0
layer,17,0,16,47,decode,26,8,5,3,1525,1059,146,444,4,0,4,1995,7,13,0,0,0,0,0,0,60,lru,0,0,0,0,0,0,8,5,8,0,3,0,1,0,9,0,5701632,0,0,0,0,5701632,0,5701632,9,15717425660303525912,0,3,0,0
layer,17,0,16,47,decode,27,8,4,4,1960,1471,168,559,4,0,4,2524,7,17,0,0,0,0,0,0,60,lru,0,0,0,0,0,0,8,4,8,0,4,0,1,0,12,0,7602176,0,0,0,0,7602176,0,7602176,12,17870406022526664149,0,4,0,0
layer,17,0,16,47,decode,28,8,6,2,452,397,152,165,3,0,3,734,7,12,0,0,0,0,0,0,60,lru,0,0,0,0,0,0,8,6,8,0,2,0,1,3,3,1900544,1900544,1,0,0,0,3801088,0,1900544,3,1164524606766446836,0,2,0,0
layer,17,0,16,47,decode,29,8,4,4,1386,1124,157,303,4,0,4,1989,7,13,0,0,0,0,0,0,60,lru,0,0,0,0,0,0,8,4,8,0,4,0,1,3,9,1900544,5701632,1,0,0,0,7602176,0,5701632,9,14495504334193818456,0,4,0,0
layer,17,0,16,47,decode,30,8,5,3,915,743,148,265,3,0,3,1380,7,10,0,0,0,0,0,0,60,lru,0,0,0,0,0,0,8,5,8,0,3,0,1,3,6,1900544,3801088,1,0,0,0,5701632,0,3801088,6,12372776497340281614,0,3,0,0
layer,17,0,16,47,decode,31,8,7,1,488,364,171,134,2,0,2,677,7,13,0,0,0,0,0,0,60,lru,0,0,0,0,0,0,8,7,8,0,1,0,1,0,3,0,1900544,0,0,0,0,1900544,0,1900544,3,11960013962689598305,0,1,0,0
layer,17,0,16,47,decode,32,8,5,3,945,767,151,240,3,0,3,1357,7,2,0,0,0,0,0,0,60,lru,0,0,0,0,0,0,8,5,8,0,3,0,1,3,6,1900544,3801088,7,0,0,0,5701632,0,3801088,6,4823241271401656391,0,3,0,0
layer,17,0,16,47,decode,33,8,7,1,508,354,158,138,2,0,2,650,7,11,0,0,0,0,0,0,60,lru,0,0,0,0,0,0,8,7,8,0,1,0,1,0,3,0,1900544,0,0,0,0,1900544,0,1900544,3,8191345450021601432,0,1,0,0
layer,17,0,16,47,decode,34,8,6,2,1060,744,142,259,3,0,3,1395,7,14,0,0,0,0,0,0,60,lru,0,0,0,0,0,0,8,6,8,0,2,0,0,0,6,0,4079616,0,0,0,0,4079616,0,4079616,6,2886159157974271883,0,2,0,0
layer,17,0,16,47,decode,35,8,8,0,0,0,178,0,0,0,0,17,7,2,0,0,0,0,0,0,60,lru,0,0,0,0,0,0,8,8,8,0,0,0,1,0,0,0,0,0,0,0,0,0,0,0,0,17789017920736768043,0,0,0,0
layer,17,0,16,47,decode,36,8,8,0,0,0,171,0,0,0,0,14,6,1,0,0,0,0,0,0,60,lru,0,0,0,0,0,0,8,8,8,0,0,0,0,0,0,0,0,0,0,0,0,0,0,0,0,9960447064001887978,0,0,0,0
layer,17,0,16,47,decode,37,8,8,0,0,0,177,0,0,0,0,15,7,2,0,0,0,0,0,0,60,lru,0,0,0,0,0,0,8,8,8,0,0,0,0,0,0,0,0,0,0,0,0,0,0,0,0,4764431882312224479,0,0,0,0
layer,17,0,16,47,decode,38,8,8,0,0,0,160,0,0,0,0,14,6,2,0,0,0,0,0,0,60,lru,0,0,0,0,0,0,8,8,8,0,0,0,0,0,0,0,0,0,0,0,0,0,0,0,0,2572156643087922635,0,0,0,0
layer,17,0,16,47,decode,39,8,8,0,0,0,687,0,0,0,0,15,7,1,0,0,0,0,0,0,60,lru,0,0,0,0,0,0,8,8,8,0,0,0,0,0,0,0,0,0,0,0,0,0,0,0,0,8547854953512212241,0,0,0,0
request,17,0,16,0,decode,-1,0,0,0,0,0,0,0,0,0,0,0,0,0,0,0,0,0,0,0,0,,40144,466,0,0,14,0,0,0,0,0,0,0,0,0,0,0,0,0,0,0,0,0,0,0,0,0,0,0,0,0
