operation,iteration,sample,bytes,latency_us,bandwidth_gib_s
fread-pinned,0,237,720896,83,8.089
pageable-pinned,0,237,720896,60,11.1898
pinned-h2d,0,237,720896,35,19.1825
pageable-staging-h2d,0,237,720896,95,7.06723
fread-pinned,0,120,720896,123,5.45843
pageable-pinned,0,120,720896,67,10.0207
pinned-h2d,0,120,720896,36,18.6496
pageable-staging-h2d,0,120,720896,103,6.51832
fread-pinned,0,174,589824,103,5.33317
pageable-pinned,0,174,589824,63,8.71931
pinned-h2d,0,174,589824,30,18.3105
pageable-staging-h2d,0,174,589824,93,5.90663
fread-pinned,0,35,589824,84,6.53948
pageable-pinned,0,35,589824,53,10.3645
pinned-h2d,0,35,589824,31,17.7199
pageable-staging-h2d,0,35,589824,84,6.53948
fread-pinned,0,39,589824,91,6.03644
pageable-pinned,0,39,589824,58,9.47097
pinned-h2d,0,39,589824,31,17.7199
pageable-staging-h2d,0,39,589824,89,6.17209
fread-pinned,0,97,589824,94,5.84379
pageable-pinned,0,97,589824,51,10.7709
pinned-h2d,0,97,589824,30,18.3105
pageable-staging-h2d,0,97,589824,81,6.78168
fread-pinned,0,176,589824,86,6.3874
pageable-pinned,0,176,589824,61,9.00519
pinned-h2d,0,176,589824,30,18.3105
pageable-staging-h2d,0,176,589824,91,6.03644
fread-pinned,0,202,589824,101,5.43878
pageable-pinned,0,202,589824,58,9.47097
pinned-h2d,0,202,589824,31,17.7199
pageable-staging-h2d,0,202,589824,89,6.17209
fread-pinned,0,220,589824,72,7.62939
pageable-pinned,0,220,589824,58,9.47097
pinned-h2d,0,220,589824,30,18.3105
pageable-staging-h2d,0,220,589824,88,6.24223
fread-pinned,0,65,589824,88,6.24223
pageable-pinned,0,65,589824,49,11.2105
pinned-h2d,0,65,589824,30,18.3105
pageable-staging-h2d,0,65,589824,79,6.95337
fread-pinned,0,45,589824,98,5.60527
pageable-pinned,0,45,589824,60,9.15527
pinned-h2d,0,45,589824,29,18.9419
pageable-staging-h2d,0,45,589824,89,6.17209
fread-pinned,0,95,720896,113,5.94148
pageable-pinned,0,95,720896,54,12.4331
pinned-h2d,0,95,720896,36,18.6496
pageable-staging-h2d,0,95,720896,90,7.45985
fread-pinned,0,82,720896,105,6.39416
pageable-pinned,0,82,720896,55,12.207
pinned-h2d,0,82,720896,36,18.6496
pageable-staging-h2d,0,82,720896,91,7.37788
fread-pinned,0,52,589824,97,5.66306
pageable-pinned,0,52,589824,46,11.9417
pinned-h2d,0,52,589824,31,17.7199
pageable-staging-h2d,0,52,589824,77,7.13398
fread-pinned,0,91,589824,78,7.04252
pageable-pinned,0,91,589824,42,13.079
pinned-h2d,0,91,589824,31,17.7199
pageable-staging-h2d,0,91,589824,73,7.52488
fread-pinned,0,134,720896,76,8.83404
pageable-pinned,0,134,720896,53,12.6677
pinned-h2d,0,134,720896,36,18.6496
pageable-staging-h2d,0,134,720896,89,7.54367
fread-pinned,0,158,589824,59,9.31045
pageable-pinned,0,158,589824,41,13.398
pinned-h2d,0,158,589824,30,18.3105
pageable-staging-h2d,0,158,589824,71,7.73685
fread-pinned,0,173,720896,125,5.37109
pageable-pinned,0,173,720896,71,9.45615
pinned-h2d,0,173,720896,36,18.6496
pageable-staging-h2d,0,173,720896,107,6.27464
fread-pinned,0,1,589824,78,7.04252
pageable-pinned,0,1,589824,32,17.1661
pinned-h2d,0,1,589824,30,18.3105
pageable-staging-h2d,0,1,589824,62,8.85994
fread-pinned,0,144,589824,103,5.33317
pageable-pinned,0,144,589824,61,9.00519
pinned-h2d,0,144,589824,30,18.3105
pageable-staging-h2d,0,144,589824,91,6.03644
fread-pinned,0,47,589824,93,5.90663
pageable-pinned,0,47,589824,64,8.58307
pinned-h2d,0,47,589824,30,18.3105
pageable-staging-h2d,0,47,589824,94,5.84379
fread-pinned,0,192,720896,123,5.45843
pageable-pinned,0,192,720896,80,8.39233
pinned-h2d,0,192,720896,36,18.6496
pageable-staging-h2d,0,192,720896,116,5.78782
fread-pinned,0,216,589824,79,6.95337
pageable-pinned,0,216,589824,59,9.31045
pinned-h2d,0,216,589824,30,18.3105
pageable-staging-h2d,0,216,589824,89,6.17209
fread-pinned,0,210,720896,98,6.85088
pageable-pinned,0,210,720896,77,8.71931
pinned-h2d,0,210,720896,36,18.6496
pageable-staging-h2d,0,210,720896,113,5.94148
fread-pinned,0,114,720896,100,6.71387
pageable-pinned,0,114,720896,79,8.49857
pinned-h2d,0,114,720896,36,18.6496
pageable-staging-h2d,0,114,720896,115,5.83815
fread-pinned,0,107,589824,105,5.23158
pageable-pinned,0,107,589824,65,8.45102
pinned-h2d,0,107,589824,30,18.3105
pageable-staging-h2d,0,107,589824,95,5.78228
fread-pinned,0,165,720896,105,6.39416
pageable-pinned,0,165,720896,54,12.4331
pinned-h2d,0,165,720896,35,19.1825
pageable-staging-h2d,0,165,720896,89,7.54367
fread-pinned,0,20,589824,86,6.3874
pageable-pinned,0,20,589824,43,12.7748
pinned-h2d,0,20,589824,31,17.7199
pageable-staging-h2d,0,20,589824,74,7.42319
fread-pinned,0,62,589824,71,7.73685
pageable-pinned,0,62,589824,33,16.646
pinned-h2d,0,62,589824,31,17.7199
pageable-staging-h2d,0,62,589824,64,8.58307
fread-pinned,0,116,589824,83,6.61827
pageable-pinned,0,116,589824,43,12.7748
pinned-h2d,0,116,589824,30,18.3105
pageable-staging-h2d,0,116,589824,73,7.52488
fread-pinned,0,232,589824,53,10.3645
pageable-pinned,0,232,589824,29,18.9419
pinned-h2d,0,232,589824,30,18.3105
pageable-staging-h2d,0,232,589824,59,9.31045
fread-pinned,0,225,589824,67,8.19875
pageable-pinned,0,225,589824,43,12.7748
pinned-h2d,0,225,589824,30,18.3105
pageable-staging-h2d,0,225,589824,73,7.52488
fread-pinned,0,138,589824,71,7.73685
pageable-pinned,0,138,589824,42,13.079
pinned-h2d,0,138,589824,30,18.3105
pageable-staging-h2d,0,138,589824,72,7.62939
fread-pinned,0,44,720896,109,6.15951
pageable-pinned,0,44,720896,52,12.9113
pinned-h2d,0,44,720896,35,19.1825
pageable-staging-h2d,0,44,720896,87,7.71709
fread-pinned,0,211,720896,71,9.45615
pageable-pinned,0,211,720896,57,11.7787
pinned-h2d,0,211,720896,36,18.6496
pageable-staging-h2d,0,211,720896,93,7.21921
fread-pinned,0,64,720896,107,6.27464
pageable-pinned,0,64,720896,59,11.3794
pinned-h2d,0,64,720896,37,18.1456
pageable-staging-h2d,0,64,720896,96,6.99361
fread-pinned,0,204,720896,90,7.45985
pageable-pinned,0,204,720896,54,12.4331
pinned-h2d,0,204,720896,37,18.1456
pageable-staging-h2d,0,204,720896,91,7.37788
fread-pinned,0,196,589824,63,8.71931
pageable-pinned,0,196,589824,44,12.4845
pinned-h2d,0,196,589824,32,17.1661
pageable-staging-h2d,0,196,589824,76,7.22785
fread-pinned,0,12,720896,83,8.089
pageable-pinned,0,12,720896,53,12.6677
pinned-h2d,0,12,720896,36,18.6496
pageable-staging-h2d,0,12,720896,89,7.54367
fread-pinned,0,26,589824,68,8.07818
pageable-pinned,0,26,589824,34,16.1564
pinned-h2d,0,26,589824,30,18.3105
pageable-staging-h2d,0,26,589824,64,8.58307
fread-pinned,0,14,589824,83,6.61827
pageable-pinned,0,14,589824,54,10.1725
pinned-h2d,0,14,589824,31,17.7199
pageable-staging-h2d,0,14,589824,85,6.46255
fread-pinned,0,243,860160,131,6.11516
pageable-pinned,0,243,860160,89,9.00097
pinned-h2d,0,243,860160,43,18.6299
pageable-staging-h2d,0,243,860160,132,6.06884
fread-pinned,0,145,589824,94,5.84379
pageable-pinned,0,145,589824,47,11.6876
pinned-h2d,0,145,589824,31,17.7199
pageable-staging-h2d,0,145,589824,78,7.04252
fread-pinned,0,175,589824,94,5.84379
pageable-pinned,0,175,589824,65,8.45102
pinned-h2d,0,175,589824,30,18.3105
pageable-staging-h2d,0,175,589824,95,5.78228
fread-pinned,0,188,589824,90,6.10352
pageable-pinned,0,188,589824,60,9.15527
pinned-h2d,0,188,589824,31,17.7199
pageable-staging-h2d,0,188,589824,91,6.03644
fread-pinned,0,181,589824,70,7.84738
pageable-pinned,0,181,589824,40,13.7329
pinned-h2d,0,181,589824,30,18.3105
pageable-staging-h2d,0,181,589824,70,7.84738
fread-pinned,0,18,720896,95,7.06723
pageable-pinned,0,18,720896,49,13.7018
pinned-h2d,0,18,720896,36,18.6496
pageable-staging-h2d,0,18,720896,85,7.89867
fread-pinned,0,129,589824,87,6.31398
pageable-pinned,0,129,589824,59,9.31045
pinned-h2d,0,129,589824,31,17.7199
pageable-staging-h2d,0,129,589824,90,6.10352
fread-pinned,0,93,589824,83,6.61827
pageable-pinned,0,93,589824,64,8.58307
pinned-h2d,0,93,589824,30,18.3105
pageable-staging-h2d,0,93,589824,94,5.84379
fread-pinned,0,190,589824,68,8.07818
pageable-pinned,0,190,589824,40,13.7329
pinned-h2d,0,190,589824,30,18.3105
pageable-staging-h2d,0,190,589824,70,7.84738
fread-pinned,0,226,589824,68,8.07818
pageable-pinned,0,226,589824,41,13.398
pinned-h2d,0,226,589824,30,18.3105
pageable-staging-h2d,0,226,589824,71,7.73685
fread-pinned,0,33,589824,79,6.95337
pageable-pinned,0,33,589824,39,14.085
pinned-h2d,0,33,589824,31,17.7199
pageable-staging-h2d,0,33,589824,70,7.84738
fread-pinned,0,160,720896,94,7.14241
pageable-pinned,0,160,720896,56,11.989
pinned-h2d,0,160,720896,34,19.7467
pageable-staging-h2d,0,160,720896,90,7.45985
fread-pinned,0,57,720896,102,6.58222
pageable-pinned,0,57,720896,51,13.1644
pinned-h2d,0,57,720896,37,18.1456
pageable-staging-h2d,0,57,720896,88,7.62939
fread-pinned,0,233,589824,62,8.85994
pageable-pinned,0,233,589824,31,17.7199
pinned-h2d,0,233,589824,36,15.2588
pageable-staging-h2d,0,233,589824,67,8.19875
fread-pinned,0,152,589824,95,5.78228
pageable-pinned,0,152,589824,53,10.3645
pinned-h2d,0,152,589824,30,18.3105
pageable-staging-h2d,0,152,589824,83,6.61827
fread-pinned,0,24,720896,99,6.78168
pageable-pinned,0,24,720896,53,12.6677
pinned-h2d,0,24,720896,35,19.1825
pageable-staging-h2d,0,24,720896,88,7.62939
fread-pinned,0,61,589824,100,5.49316
pageable-pinned,0,61,589824,62,8.85994
pinned-h2d,0,61,589824,30,18.3105
pageable-staging-h2d,0,61,589824,92,5.97083
fread-pinned,0,118,589824,98,5.60527
pageable-pinned,0,118,589824,57,9.63713
pinned-h2d,0,118,589824,30,18.3105
pageable-staging-h2d,0,118,589824,87,6.31398
fread-pinned,0,22,589824,100,5.49316
pageable-pinned,0,22,589824,61,9.00519
pinned-h2d,0,22,589824,30,18.3105
pageable-staging-h2d,0,22,589824,91,6.03644
fread-pinned,0,43,720896,121,5.54865
pageable-pinned,0,43,720896,74,9.07279
pinned-h2d,0,43,720896,35,19.1825
pageable-staging-h2d,0,43,720896,109,6.15951
fread-pinned,0,177,589824,85,6.46255
pageable-pinned,0,177,589824,61,9.00519
pinned-h2d,0,177,589824,30,18.3105
pageable-staging-h2d,0,177,589824,91,6.03644
fread-pinned,0,98,589824,92,5.97083
pageable-pinned,0,98,589824,43,12.7748
pinned-h2d,0,98,589824,30,18.3105
pageable-staging-h2d,0,98,589824,73,7.52488
fread-pinned,0,125,589824,93,5.90663
pageable-pinned,0,125,589824,54,10.1725
pinned-h2d,0,125,589824,30,18.3105
pageable-staging-h2d,0,125,589824,84,6.53948
fread-pinned,0,153,720896,98,6.85088
pageable-pinned,0,153,720896,77,8.71931
pinned-h2d,0,153,720896,35,19.1825
pageable-staging-h2d,0,153,720896,112,5.99452
fread-pinned,0,17,589824,82,6.69898
pageable-pinned,0,17,589824,41,13.398
pinned-h2d,0,17,589824,31,17.7199
pageable-staging-h2d,0,17,589824,72,7.62939
fread-pinned,0,73,589824,81,6.78168
pageable-pinned,0,73,589824,38,14.4557
pinned-h2d,0,73,589824,30,18.3105
pageable-staging-h2d,0,73,589824,68,8.07818
fread-pinned,0,123,589824,62,8.85994
pageable-pinned,0,123,589824,34,16.1564
pinned-h2d,0,123,589824,30,18.3105
pageable-staging-h2d,0,123,589824,64,8.58307
fread-pinned,0,19,720896,91,7.37788
pageable-pinned,0,19,720896,54,12.4331
pinned-h2d,0,19,720896,35,19.1825
pageable-staging-h2d,0,19,720896,89,7.54367
fread-pinned,0,80,589824,79,6.95337
pageable-pinned,0,80,589824,34,16.1564
pinned-h2d,0,80,589824,30,18.3105
pageable-staging-h2d,0,80,589824,64,8.58307
fread-pinned,0,32,720896,107,6.27464
pageable-pinned,0,32,720896,57,11.7787
pinned-h2d,0,32,720896,36,18.6496
pageable-staging-h2d,0,32,720896,93,7.21921
fread-pinned,0,142,589824,81,6.78168
pageable-pinned,0,142,589824,60,9.15527
pinned-h2d,0,142,589824,31,17.7199
pageable-staging-h2d,0,142,589824,91,6.03644
fread-pinned,0,164,589824,78,7.04252
pageable-pinned,0,164,589824,57,9.63713
pinned-h2d,0,164,589824,31,17.7199
pageable-staging-h2d,0,164,589824,88,6.24223
fread-pinned,0,102,720896,117,5.73835
pageable-pinned,0,102,720896,61,11.0063
pinned-h2d,0,102,720896,35,19.1825
pageable-staging-h2d,0,102,720896,96,6.99361
fread-pinned,0,111,589824,85,6.46255
pageable-pinned,0,111,589824,47,11.6876
pinned-h2d,0,111,589824,30,18.3105
pageable-staging-h2d,0,111,589824,77,7.13398
fread-pinned,0,167,720896,91,7.37788
pageable-pinned,0,167,720896,74,9.07279
pinned-h2d,0,167,720896,36,18.6496
pageable-staging-h2d,0,167,720896,110,6.10352
fread-pinned,0,0,589824,73,7.52488
pageable-pinned,0,0,589824,30,18.3105
pinned-h2d,0,0,589824,30,18.3105
pageable-staging-h2d,0,0,589824,60,9.15527
fread-pinned,0,217,860160,131,6.11516
pageable-pinned,0,217,860160,82,9.76935
pinned-h2d,0,217,860160,42,19.0735
pageable-staging-h2d,0,217,860160,124,6.46037
fread-pinned,0,42,589824,99,5.54865
pageable-pinned,0,42,589824,60,9.15527
pinned-h2d,0,42,589824,31,17.7199
pageable-staging-h2d,0,42,589824,91,6.03644
fread-pinned,0,5,720896,93,7.21921
pageable-pinned,0,5,720896,43,15.6136
pinned-h2d,0,5,720896,36,18.6496
pageable-staging-h2d,0,5,720896,79,8.49857
fread-pinned,0,55,589824,100,5.49316
pageable-pinned,0,55,589824,61,9.00519
pinned-h2d,0,55,589824,31,17.7199
pageable-staging-h2d,0,55,589824,92,5.97083
fread-pinned,0,11,720896,89,7.54367
pageable-pinned,0,11,720896,47,14.2848
pinned-h2d,0,11,720896,36,18.6496
pageable-staging-h2d,0,11,720896,83,8.089
fread-pinned,0,130,589824,71,7.73685
pageable-pinned,0,130,589824,42,13.079
pinned-h2d,0,130,589824,30,18.3105
pageable-staging-h2d,0,130,589824,72,7.62939
fread-pinned,0,66,589824,84,6.53948
pageable-pinned,0,66,589824,43,12.7748
pinned-h2d,0,66,589824,31,17.7199
pageable-staging-h2d,0,66,589824,74,7.42319
fread-pinned,0,40,589824,82,6.69898
pageable-pinned,0,40,589824,41,13.398
pinned-h2d,0,40,589824,31,17.7199
pageable-staging-h2d,0,40,589824,72,7.62939
fread-pinned,0,218,860160,107,7.48679
pageable-pinned,0,218,860160,60,13.3514
pinned-h2d,0,218,860160,42,19.0735
pageable-staging-h2d,0,218,860160,102,7.85379
fread-pinned,0,132,589824,62,8.85994
pageable-pinned,0,132,589824,34,16.1564
pinned-h2d,0,132,589824,31,17.7199
pageable-staging-h2d,0,132,589824,65,8.45102
fread-pinned,0,21,589824,86,6.3874
pageable-pinned,0,21,589824,43,12.7748
pinned-h2d,0,21,589824,31,17.7199
pageable-staging-h2d,0,21,589824,74,7.42319
fread-pinned,0,151,589824,65,8.45102
pageable-pinned,0,151,589824,40,13.7329
pinned-h2d,0,151,589824,31,17.7199
pageable-staging-h2d,0,151,589824,71,7.73685
fread-pinned,0,227,589824,75,7.32422
pageable-pinned,0,227,589824,50,10.9863
pinned-h2d,0,227,589824,31,17.7199
pageable-staging-h2d,0,227,589824,81,6.78168
fread-pinned,0,215,589824,67,8.19875
pageable-pinned,0,215,589824,42,13.079
pinned-h2d,0,215,589824,31,17.7199
pageable-staging-h2d,0,215,589824,73,7.52488
fread-pinned,0,115,720896,113,5.94148
pageable-pinned,0,115,720896,54,12.4331
pinned-h2d,0,115,720896,36,18.6496
pageable-staging-h2d,0,115,720896,90,7.45985
fread-pinned,0,56,720896,108,6.21654
pageable-pinned,0,56,720896,54,12.4331
pinned-h2d,0,56,720896,36,18.6496
pageable-staging-h2d,0,56,720896,90,7.45985
fread-pinned,0,112,589824,82,6.69898
pageable-pinned,0,112,589824,59,9.31045
pinned-h2d,0,112,589824,29,18.9419
pageable-staging-h2d,0,112,589824,88,6.24223
fread-pinned,0,207,589824,75,7.32422
pageable-pinned,0,207,589824,49,11.2105
pinned-h2d,0,207,589824,30,18.3105
pageable-staging-h2d,0,207,589824,79,6.95337
fread-pinned,0,69,720896,118,5.68972
pageable-pinned,0,69,720896,84,7.9927
pinned-h2d,0,69,720896,35,19.1825
pageable-staging-h2d,0,69,720896,119,5.64191
fread-pinned,0,140,720896,118,5.68972
pageable-pinned,0,140,720896,77,8.71931
pinned-h2d,0,140,720896,36,18.6496
pageable-staging-h2d,0,140,720896,113,5.94148
fread-pinned,0,229,589824,86,6.3874
pageable-pinned,0,229,589824,65,8.45102
pinned-h2d,0,229,589824,31,17.7199
pageable-staging-h2d,0,229,589824,96,5.72205
fread-pinned,0,166,720896,98,6.85088
pageable-pinned,0,166,720896,85,7.89867
pinned-h2d,0,166,720896,36,18.6496
pageable-staging-h2d,0,166,720896,121,5.54865
fread-pinned,0,224,720896,97,6.92151
pageable-pinned,0,224,720896,68,9.87333
pinned-h2d,0,224,720896,36,18.6496
pageable-staging-h2d,0,224,720896,104,6.45564
fread-pinned,0,109,720896,141,4.76161
pageable-pinned,0,109,720896,83,8.089
pinned-h2d,0,109,720896,36,18.6496
pageable-staging-h2d,0,109,720896,119,5.64191
fread-pinned,0,182,589824,80,6.86646
pageable-pinned,0,182,589824,63,8.71931
pinned-h2d,0,182,589824,30,18.3105
pageable-staging-h2d,0,182,589824,93,5.90663
fread-pinned,0,136,589824,101,5.43878
pageable-pinned,0,136,589824,51,10.7709
pinned-h2d,0,136,589824,30,18.3105
pageable-staging-h2d,0,136,589824,81,6.78168
fread-pinned,0,75,720896,103,6.51832
pageable-pinned,0,75,720896,51,13.1644
pinned-h2d,0,75,720896,35,19.1825
pageable-staging-h2d,0,75,720896,86,7.80682
fread-pinned,0,238,589824,80,6.86646
pageable-pinned,0,238,589824,43,12.7748
pinned-h2d,0,238,589824,30,18.3105
pageable-staging-h2d,0,238,589824,73,7.52488
fread-pinned,0,110,589824,67,8.19875
pageable-pinned,0,110,589824,38,14.4557
pinned-h2d,0,110,589824,31,17.7199
pageable-staging-h2d,0,110,589824,69,7.96111
fread-pinned,0,246,589824,62,8.85994
pageable-pinned,0,246,589824,35,15.6948
pinned-h2d,0,246,589824,31,17.7199
pageable-staging-h2d,0,246,589824,66,8.32298
fread-pinned,0,53,589824,73,7.52488
pageable-pinned,0,53,589824,30,18.3105
pinned-h2d,0,53,589824,30,18.3105
pageable-staging-h2d,0,53,589824,60,9.15527
fread-pinned,0,156,589824,76,7.22785
pageable-pinned,0,156,589824,40,13.7329
pinned-h2d,0,156,589824,31,17.7199
pageable-staging-h2d,0,156,589824,71,7.73685
fread-pinned,0,119,589824,97,5.66306
pageable-pinned,0,119,589824,41,13.398
pinned-h2d,0,119,589824,30,18.3105
pageable-staging-h2d,0,119,589824,71,7.73685
fread-pinned,0,162,589824,68,8.07818
pageable-pinned,0,162,589824,44,12.4845
pinned-h2d,0,162,589824,30,18.3105
pageable-staging-h2d,0,162,589824,74,7.42319
fread-pinned,0,149,589824,68,8.07818
pageable-pinned,0,149,589824,43,12.7748
pinned-h2d,0,149,589824,30,18.3105
pageable-staging-h2d,0,149,589824,73,7.52488
fread-pinned,0,122,720896,89,7.54367
pageable-pinned,0,122,720896,54,12.4331
pinned-h2d,0,122,720896,37,18.1456
pageable-staging-h2d,0,122,720896,91,7.37788
fread-pinned,0,157,589824,66,8.32298
pageable-pinned,0,157,589824,37,14.8464
pinned-h2d,0,157,589824,31,17.7199
pageable-staging-h2d,0,157,589824,68,8.07818
fread-pinned,0,242,589824,66,8.32298
pageable-pinned,0,242,589824,36,15.2588
pinned-h2d,0,242,589824,30,18.3105
pageable-staging-h2d,0,242,589824,66,8.32298
fread-pinned,0,159,720896,93,7.21921
pageable-pinned,0,159,720896,54,12.4331
pinned-h2d,0,159,720896,36,18.6496
pageable-staging-h2d,0,159,720896,90,7.45985
fread-pinned,0,49,589824,91,6.03644
pageable-pinned,0,49,589824,45,12.207
pinned-h2d,0,49,589824,30,18.3105
pageable-staging-h2d,0,49,589824,75,7.32422
fread-pinned,0,23,589824,86,6.3874
pageable-pinned,0,23,589824,44,12.4845
pinned-h2d,0,23,589824,31,17.7199
pageable-staging-h2d,0,23,589824,75,7.32422
fread-pinned,0,200,589824,78,7.04252
pageable-pinned,0,200,589824,47,11.6876
pinned-h2d,0,200,589824,30,18.3105
pageable-staging-h2d,0,200,589824,77,7.13398
fread-pinned,0,155,589824,71,7.73685
pageable-pinned,0,155,589824,36,15.2588
pinned-h2d,0,155,589824,31,17.7199
pageable-staging-h2d,0,155,589824,67,8.19875
fread-pinned,0,83,720896,107,6.27464
pageable-pinned,0,83,720896,57,11.7787
pinned-h2d,0,83,720896,35,19.1825
pageable-staging-h2d,0,83,720896,92,7.29768
fread-pinned,0,195,589824,105,5.23158
pageable-pinned,0,195,589824,65,8.45102
pinned-h2d,0,195,589824,29,18.9419
pageable-staging-h2d,0,195,589824,94,5.84379
fread-pinned,0,126,589824,102,5.38545
pageable-pinned,0,126,589824,66,8.32298
pinned-h2d,0,126,589824,30,18.3105
pageable-staging-h2d,0,126,589824,96,5.72205
fread-pinned,0,104,589824,82,6.69898
pageable-pinned,0,104,589824,60,9.15527
pinned-h2d,0,104,589824,31,17.7199
pageable-staging-h2d,0,104,589824,91,6.03644
fread-pinned,0,208,589824,80,6.86646
pageable-pinned,0,208,589824,60,9.15527
pinned-h2d,0,208,589824,30,18.3105
pageable-staging-h2d,0,208,589824,90,6.10352
fread-pinned,0,219,589824,78,7.04252
pageable-pinned,0,219,589824,61,9.00519
pinned-h2d,0,219,589824,30,18.3105
pageable-staging-h2d,0,219,589824,91,6.03644
fread-pinned,0,201,589824,83,6.61827
pageable-pinned,0,201,589824,63,8.71931
pinned-h2d,0,201,589824,31,17.7199
pageable-staging-h2d,0,201,589824,94,5.84379
fread-pinned,0,185,720896,100,6.71387
pageable-pinned,0,185,720896,79,8.49857
pinned-h2d,0,185,720896,35,19.1825
pageable-staging-h2d,0,185,720896,114,5.88936
fread-pinned,0,230,720896,98,6.85088
pageable-pinned,0,230,720896,76,8.83404
pinned-h2d,0,230,720896,35,19.1825
pageable-staging-h2d,0,230,720896,111,6.04853
fread-pinned,0,141,720896,103,6.51832
pageable-pinned,0,141,720896,76,8.83404
pinned-h2d,0,141,720896,35,19.1825
pageable-staging-h2d,0,141,720896,111,6.04853
fread-pinned,0,146,720896,96,6.99361
pageable-pinned,0,146,720896,70,9.59124
pinned-h2d,0,146,720896,36,18.6496
pageable-staging-h2d,0,146,720896,106,6.33384
fread-pinned,0,198,720896,79,8.49857
pageable-pinned,0,198,720896,47,14.2848
pinned-h2d,0,198,720896,36,18.6496
pageable-staging-h2d,0,198,720896,83,8.089
fread-pinned,0,203,589824,68,8.07818
pageable-pinned,0,203,589824,41,13.398
pinned-h2d,0,203,589824,31,17.7199
pageable-staging-h2d,0,203,589824,72,7.62939
fread-pinned,0,27,589824,81,6.78168
pageable-pinned,0,27,589824,40,13.7329
pinned-h2d,0,27,589824,30,18.3105
pageable-staging-h2d,0,27,589824,70,7.84738
fread-pinned,0,254,589824,83,6.61827
pageable-pinned,0,254,589824,47,11.6876
pinned-h2d,0,254,589824,30,18.3105
pageable-staging-h2d,0,254,589824,77,7.13398
fread-pinned,0,172,720896,93,7.21921
pageable-pinned,0,172,720896,54,12.4331
pinned-h2d,0,172,720896,37,18.1456
pageable-staging-h2d,0,172,720896,91,7.37788
fread-pinned,0,249,860160,103,7.77754
pageable-pinned,0,249,860160,56,14.3051
pinned-h2d,0,249,860160,42,19.0735
pageable-staging-h2d,0,249,860160,98,8.17435
fread-pinned,0,113,589824,67,8.19875
pageable-pinned,0,113,589824,39,14.085
pinned-h2d,0,113,589824,31,17.7199
pageable-staging-h2d,0,113,589824,70,7.84738
fread-pinned,0,31,720896,96,6.99361
pageable-pinned,0,31,720896,51,13.1644
pinned-h2d,0,31,720896,36,18.6496
pageable-staging-h2d,0,31,720896,87,7.71709
fread-pinned,0,252,589824,90,6.10352
pageable-pinned,0,252,589824,40,13.7329
pinned-h2d,0,252,589824,30,18.3105
pageable-staging-h2d,0,252,589824,70,7.84738
fread-pinned,0,54,589824,75,7.32422
pageable-pinned,0,54,589824,35,15.6948
pinned-h2d,0,54,589824,31,17.7199
pageable-staging-h2d,0,54,589824,66,8.32298
fread-pinned,0,250,860160,129,6.20997
pageable-pinned,0,250,860160,67,11.9565
pinned-h2d,0,250,860160,41,19.5387
pageable-staging-h2d,0,250,860160,108,7.41747
fread-pinned,0,197,589824,75,7.32422
pageable-pinned,0,197,589824,57,9.63713
pinned-h2d,0,197,589824,31,17.7199
pageable-staging-h2d,0,197,589824,88,6.24223
fread-pinned,0,79,589824,89,6.17209
pageable-pinned,0,79,589824,59,9.31045
pinned-h2d,0,79,589824,31,17.7199
pageable-staging-h2d,0,79,589824,90,6.10352
fread-pinned,0,89,720896,100,6.71387
pageable-pinned,0,89,720896,79,8.49857
pinned-h2d,0,89,720896,36,18.6496
pageable-staging-h2d,0,89,720896,115,5.83815
fread-pinned,0,133,720896,93,7.21921
pageable-pinned,0,133,720896,69,9.73024
pinned-h2d,0,133,720896,37,18.1456
pageable-staging-h2d,0,133,720896,106,6.33384
fread-pinned,0,245,589824,88,6.24223
pageable-pinned,0,245,589824,58,9.47097
pinned-h2d,0,245,589824,31,17.7199
pageable-staging-h2d,0,245,589824,89,6.17209
fread-pinned,0,7,589824,72,7.62939
pageable-pinned,0,7,589824,27,20.3451
pinned-h2d,0,7,589824,31,17.7199
pageable-staging-h2d,0,7,589824,58,9.47097
fread-pinned,0,29,589824,83,6.61827
pageable-pinned,0,29,589824,43,12.7748
pinned-h2d,0,29,589824,30,18.3105
pageable-staging-h2d,0,29,589824,73,7.52488
fread-pinned,0,84,589824,71,7.73685
pageable-pinned,0,84,589824,43,12.7748
pinned-h2d,0,84,589824,31,17.7199
pageable-staging-h2d,0,84,589824,74,7.42319
fread-pinned,0,214,589824,74,7.42319
pageable-pinned,0,214,589824,43,12.7748
pinned-h2d,0,214,589824,31,17.7199
pageable-staging-h2d,0,214,589824,74,7.42319
fread-pinned,0,48,589824,80,6.86646
pageable-pinned,0,48,589824,45,12.207
pinned-h2d,0,48,589824,31,17.7199
pageable-staging-h2d,0,48,589824,76,7.22785
fread-pinned,0,221,589824,85,6.46255
pageable-pinned,0,221,589824,43,12.7748
pinned-h2d,0,221,589824,30,18.3105
pageable-staging-h2d,0,221,589824,73,7.52488
fread-pinned,0,72,589824,89,6.17209
pageable-pinned,0,72,589824,44,12.4845
pinned-h2d,0,72,589824,31,17.7199
pageable-staging-h2d,0,72,589824,75,7.32422
fread-pinned,0,67,589824,84,6.53948
pageable-pinned,0,67,589824,41,13.398
pinned-h2d,0,67,589824,31,17.7199
pageable-staging-h2d,0,67,589824,72,7.62939
fread-pinned,0,240,589824,69,7.96111
pageable-pinned,0,240,589824,42,13.079
pinned-h2d,0,240,589824,30,18.3105
pageable-staging-h2d,0,240,589824,72,7.62939
fread-pinned,0,189,589824,66,8.32298
pageable-pinned,0,189,589824,39,14.085
pinned-h2d,0,189,589824,31,17.7199
pageable-staging-h2d,0,189,589824,70,7.84738
fread-pinned,0,171,589824,94,5.84379
pageable-pinned,0,171,589824,39,14.085
pinned-h2d,0,171,589824,31,17.7199
pageable-staging-h2d,0,171,589824,70,7.84738
fread-pinned,0,105,589824,91,6.03644
pageable-pinned,0,105,589824,43,12.7748
pinned-h2d,0,105,589824,31,17.7199
pageable-staging-h2d,0,105,589824,74,7.42319
fread-pinned,0,170,589824,106,5.18223
pageable-pinned,0,170,589824,63,8.71931
pinned-h2d,0,170,589824,31,17.7199
pageable-staging-h2d,0,170,589824,94,5.84379
fread-pinned,0,85,589824,79,6.95337
pageable-pinned,0,85,589824,62,8.85994
pinned-h2d,0,85,589824,30,18.3105
pageable-staging-h2d,0,85,589824,92,5.97083
fread-pinned,0,180,589824,79,6.95337
pageable-pinned,0,180,589824,61,9.00519
pinned-h2d,0,180,589824,30,18.3105
pageable-staging-h2d,0,180,589824,91,6.03644
fread-pinned,0,139,589824,84,6.53948
pageable-pinned,0,139,589824,64,8.58307
pinned-h2d,0,139,589824,30,18.3105
pageable-staging-h2d,0,139,589824,94,5.84379
fread-pinned,0,78,589824,104,5.28189
pageable-pinned,0,78,589824,66,8.32298
pinned-h2d,0,78,589824,30,18.3105
pageable-staging-h2d,0,78,589824,96,5.72205
fread-pinned,0,34,589824,95,5.78228
pageable-pinned,0,34,589824,71,7.73685
pinned-h2d,0,34,589824,31,17.7199
pageable-staging-h2d,0,34,589824,102,5.38545
fread-pinned,0,234,589824,104,5.28189
pageable-pinned,0,234,589824,59,9.31045
pinned-h2d,0,234,589824,30,18.3105
pageable-staging-h2d,0,234,589824,89,6.17209
fread-pinned,0,96,720896,101,6.64739
pageable-pinned,0,96,720896,79,8.49857
pinned-h2d,0,96,720896,35,19.1825
pageable-staging-h2d,0,96,720896,114,5.88936
fread-pinned,0,194,589824,82,6.69898
pageable-pinned,0,194,589824,61,9.00519
pinned-h2d,0,194,589824,30,18.3105
pageable-staging-h2d,0,194,589824,91,6.03644
fread-pinned,0,223,860160,123,6.5129
pageable-pinned,0,223,860160,91,8.80315
pinned-h2d,0,223,860160,42,19.0735
pageable-staging-h2d,0,223,860160,133,6.02321
fread-pinned,0,231,720896,96,6.99361
pageable-pinned,0,231,720896,52,12.9113
pinned-h2d,0,231,720896,37,18.1456
pageable-staging-h2d,0,231,720896,89,7.54367
fread-pinned,0,68,589824,88,6.24223
pageable-pinned,0,68,589824,42,13.079
pinned-h2d,0,68,589824,30,18.3105
pageable-staging-h2d,0,68,589824,72,7.62939
fread-pinned,0,255,860160,96,8.34465
pageable-pinned,0,255,860160,62,12.9207
pinned-h2d,0,255,860160,40,20.0272
pageable-staging-h2d,0,255,860160,102,7.85379
fread-pinned,0,248,589824,63,8.71931
pageable-pinned,0,248,589824,31,17.7199
pinned-h2d,0,248,589824,31,17.7199
pageable-staging-h2d,0,248,589824,62,8.85994
fread-pinned,0,178,720896,112,5.99452
pageable-pinned,0,178,720896,54,12.4331
pinned-h2d,0,178,720896,36,18.6496
pageable-staging-h2d,0,178,720896,90,7.45985
fread-pinned,0,205,720896,114,5.88936
pageable-pinned,0,205,720896,68,9.87333
pinned-h2d,0,205,720896,35,19.1825
pageable-staging-h2d,0,205,720896,103,6.51832
fread-pinned,0,228,589824,81,6.78168
pageable-pinned,0,228,589824,57,9.63713
pinned-h2d,0,228,589824,31,17.7199
pageable-staging-h2d,0,228,589824,88,6.24223
fread-pinned,0,251,589824,78,7.04252
pageable-pinned,0,251,589824,60,9.15527
pinned-h2d,0,251,589824,30,18.3105
pageable-staging-h2d,0,251,589824,90,6.10352
fread-pinned,0,100,589824,101,5.43878
pageable-pinned,0,100,589824,68,8.07818
pinned-h2d,0,100,589824,31,17.7199
pageable-staging-h2d,0,100,589824,99,5.54865
fread-pinned,0,3,589824,77,7.13398
pageable-pinned,0,3,589824,34,16.1564
pinned-h2d,0,3,589824,30,18.3105
pageable-staging-h2d,0,3,589824,64,8.58307
fread-pinned,0,41,589824,94,5.84379
pageable-pinned,0,41,589824,62,8.85994
pinned-h2d,0,41,589824,30,18.3105
pageable-staging-h2d,0,41,589824,92,5.97083
fread-pinned,0,108,720896,130,5.16451
pageable-pinned,0,108,720896,77,8.71931
pinned-h2d,0,108,720896,35,19.1825
pageable-staging-h2d,0,108,720896,112,5.99452
fread-pinned,0,193,589824,78,7.04252
pageable-pinned,0,193,589824,55,9.98757
pinned-h2d,0,193,589824,30,18.3105
pageable-staging-h2d,0,193,589824,85,6.46255
fread-pinned,0,137,589824,63,8.71931
pageable-pinned,0,137,589824,39,14.085
pinned-h2d,0,137,589824,30,18.3105
pageable-staging-h2d,0,137,589824,69,7.96111
fread-pinned,0,92,589824,91,6.03644
pageable-pinned,0,92,589824,57,9.63713
pinned-h2d,0,92,589824,30,18.3105
pageable-staging-h2d,0,92,589824,87,6.31398
fread-pinned,0,128,720896,100,6.71387
pageable-pinned,0,128,720896,70,9.59124
pinned-h2d,0,128,720896,36,18.6496
pageable-staging-h2d,0,128,720896,106,6.33384
fread-pinned,0,253,589824,77,7.13398
pageable-pinned,0,253,589824,37,14.8464
pinned-h2d,0,253,589824,30,18.3105
pageable-staging-h2d,0,253,589824,67,8.19875
fread-pinned,0,4,589824,67,8.19875
pageable-pinned,0,4,589824,27,20.3451
pinned-h2d,0,4,589824,30,18.3105
pageable-staging-h2d,0,4,589824,57,9.63713
fread-pinned,0,81,589824,77,7.13398
pageable-pinned,0,81,589824,41,13.398
pinned-h2d,0,81,589824,31,17.7199
pageable-staging-h2d,0,81,589824,72,7.62939
fread-pinned,0,50,720896,115,5.83815
pageable-pinned,0,50,720896,54,12.4331
pinned-h2d,0,50,720896,36,18.6496
pageable-staging-h2d,0,50,720896,90,7.45985
fread-pinned,0,187,589824,79,6.95337
pageable-pinned,0,187,589824,42,13.079
pinned-h2d,0,187,589824,30,18.3105
pageable-staging-h2d,0,187,589824,72,7.62939
fread-pinned,0,99,589824,92,5.97083
pageable-pinned,0,99,589824,42,13.079
pinned-h2d,0,99,589824,31,17.7199
pageable-staging-h2d,0,99,589824,73,7.52488
fread-pinned,0,206,589824,79,6.95337
pageable-pinned,0,206,589824,60,9.15527
pinned-h2d,0,206,589824,29,18.9419
pageable-staging-h2d,0,206,589824,89,6.17209
fread-pinned,0,77,720896,130,5.16451
pageable-pinned,0,77,720896,82,8.18764
pinned-h2d,0,77,720896,35,19.1825
pageable-staging-h2d,0,77,720896,117,5.73835
fread-pinned,0,10,589824,74,7.42319
pageable-pinned,0,10,589824,32,17.1661
pinned-h2d,0,10,589824,30,18.3105
pageable-staging-h2d,0,10,589824,62,8.85994
fread-pinned,0,16,589824,100,5.49316
pageable-pinned,0,16,589824,62,8.85994
pinned-h2d,0,16,589824,30,18.3105
pageable-staging-h2d,0,16,589824,92,5.97083
fread-pinned,0,191,720896,90,7.45985
pageable-pinned,0,191,720896,53,12.6677
pinned-h2d,0,191,720896,38,17.6681
pageable-staging-h2d,0,191,720896,91,7.37788
fread-pinned,0,106,589824,94,5.84379
pageable-pinned,0,106,589824,49,11.2105
pinned-h2d,0,106,589824,30,18.3105
pageable-staging-h2d,0,106,589824,79,6.95337
fread-pinned,0,28,589824,92,5.97083
pageable-pinned,0,28,589824,54,10.1725
pinned-h2d,0,28,589824,30,18.3105
pageable-staging-h2d,0,28,589824,84,6.53948
fread-pinned,0,63,720896,123,5.45843
pageable-pinned,0,63,720896,91,7.37788
pinned-h2d,0,63,720896,35,19.1825
pageable-staging-h2d,0,63,720896,126,5.32847
fread-pinned,0,212,720896,104,6.45564
pageable-pinned,0,212,720896,74,9.07279
pinned-h2d,0,212,720896,35,19.1825
pageable-staging-h2d,0,212,720896,109,6.15951
fread-pinned,0,103,589824,80,6.86646
pageable-pinned,0,103,589824,56,9.80922
pinned-h2d,0,103,589824,31,17.7199
pageable-staging-h2d,0,103,589824,87,6.31398
fread-pinned,0,71,589824,103,5.33317
pageable-pinned,0,71,589824,63,8.71931
pinned-h2d,0,71,589824,30,18.3105
pageable-staging-h2d,0,71,589824,93,5.90663
fread-pinned,0,236,720896,102,6.58222
pageable-pinned,0,236,720896,78,8.60752
pinned-h2d,0,236,720896,36,18.6496
pageable-staging-h2d,0,236,720896,114,5.88936
fread-pinned,0,143,589824,113,4.86121
pageable-pinned,0,143,589824,67,8.19875
pinned-h2d,0,143,589824,30,18.3105
pageable-staging-h2d,0,143,589824,97,5.66306
fread-pinned,0,186,720896,103,6.51832
pageable-pinned,0,186,720896,80,8.39233
pinned-h2d,0,186,720896,35,19.1825
pageable-staging-h2d,0,186,720896,115,5.83815
fread-pinned,0,60,589824,97,5.66306
pageable-pinned,0,60,589824,60,9.15527
pinned-h2d,0,60,589824,31,17.7199
pageable-staging-h2d,0,60,589824,91,6.03644
fread-pinned,0,168,589824,100,5.49316
pageable-pinned,0,168,589824,43,12.7748
pinned-h2d,0,168,589824,30,18.3105
pageable-staging-h2d,0,168,589824,73,7.52488
fread-pinned,0,154,720896,124,5.41441
pageable-pinned,0,154,720896,53,12.6677
pinned-h2d,0,154,720896,35,19.1825
pageable-staging-h2d,0,154,720896,88,7.62939
fread-pinned,0,51,720896,116,5.78782
pageable-pinned,0,51,720896,51,13.1644
pinned-h2d,0,51,720896,36,18.6496
pageable-staging-h2d,0,51,720896,87,7.71709
fread-pinned,0,87,589824,69,7.96111
pageable-pinned,0,87,589824,43,12.7748
pinned-h2d,0,87,589824,31,17.7199
pageable-staging-h2d,0,87,589824,74,7.42319
fread-pinned,0,235,589824,63,8.71931
pageable-pinned,0,235,589824,34,16.1564
pinned-h2d,0,235,589824,30,18.3105
pageable-staging-h2d,0,235,589824,64,8.58307
fread-pinned,0,161,589824,70,7.84738
pageable-pinned,0,161,589824,38,14.4557
pinned-h2d,0,161,589824,30,18.3105
pageable-staging-h2d,0,161,589824,68,8.07818
fread-pinned,0,150,589824,93,5.90663
pageable-pinned,0,150,589824,42,13.079
pinned-h2d,0,150,589824,30,18.3105
pageable-staging-h2d,0,150,589824,72,7.62939
fread-pinned,0,46,589824,89,6.17209
pageable-pinned,0,46,589824,44,12.4845
pinned-h2d,0,46,589824,31,17.7199
pageable-staging-h2d,0,46,589824,75,7.32422
fread-pinned,0,222,589824,74,7.42319
pageable-pinned,0,222,589824,42,13.079
pinned-h2d,0,222,589824,30,18.3105
pageable-staging-h2d,0,222,589824,72,7.62939
fread-pinned,0,148,589824,71,7.73685
pageable-pinned,0,148,589824,43,12.7748
pinned-h2d,0,148,589824,30,18.3105
pageable-staging-h2d,0,148,589824,73,7.52488
fread-pinned,0,121,720896,110,6.10352
pageable-pinned,0,121,720896,54,12.4331
pinned-h2d,0,121,720896,35,19.1825
pageable-staging-h2d,0,121,720896,89,7.54367
fread-pinned,0,244,860160,120,6.67572
pageable-pinned,0,244,860160,75,10.6812
pinned-h2d,0,244,860160,42,19.0735
pageable-staging-h2d,0,244,860160,117,6.84689
fread-pinned,0,184,589824,83,6.61827
pageable-pinned,0,184,589824,62,8.85994
pinned-h2d,0,184,589824,30,18.3105
pageable-staging-h2d,0,184,589824,92,5.97083
fread-pinned,0,2,589824,78,7.04252
pageable-pinned,0,2,589824,33,16.646
pinned-h2d,0,2,589824,31,17.7199
pageable-staging-h2d,0,2,589824,64,8.58307
fread-pinned,0,25,720896,102,6.58222
pageable-pinned,0,25,720896,76,8.83404
pinned-h2d,0,25,720896,35,19.1825
pageable-staging-h2d,0,25,720896,111,6.04853
fread-pinned,0,86,589824,72,7.62939
pageable-pinned,0,86,589824,46,11.9417
pinned-h2d,0,86,589824,30,18.3105
pageable-staging-h2d,0,86,589824,76,7.22785
fread-pinned,0,74,589824,90,6.10352
pageable-pinned,0,74,589824,56,9.80922
pinned-h2d,0,74,589824,31,17.7199
pageable-staging-h2d,0,74,589824,87,6.31398
fread-pinned,0,38,720896,109,6.15951
pageable-pinned,0,38,720896,71,9.45615
pinned-h2d,0,38,720896,35,19.1825
pageable-staging-h2d,0,38,720896,106,6.33384
fread-pinned,0,147,720896,109,6.15951
pageable-pinned,0,147,720896,76,8.83404
pinned-h2d,0,147,720896,36,18.6496
pageable-staging-h2d,0,147,720896,112,5.99452
fread-pinned,0,90,589824,83,6.61827
pageable-pinned,0,90,589824,61,9.00519
pinned-h2d,0,90,589824,29,18.9419
pageable-staging-h2d,0,90,589824,90,6.10352
fread-pinned,0,247,589824,78,7.04252
pageable-pinned,0,247,589824,58,9.47097
pinned-h2d,0,247,589824,30,18.3105
pageable-staging-h2d,0,247,589824,88,6.24223
fread-pinned,0,199,720896,98,6.85088
pageable-pinned,0,199,720896,54,12.4331
pinned-h2d,0,199,720896,36,18.6496
pageable-staging-h2d,0,199,720896,90,7.45985
fread-pinned,0,179,720896,108,6.21654
pageable-pinned,0,179,720896,50,13.4277
pinned-h2d,0,179,720896,35,19.1825
pageable-staging-h2d,0,179,720896,85,7.89867
fread-pinned,0,94,589824,69,7.96111
pageable-pinned,0,94,589824,41,13.398
pinned-h2d,0,94,589824,30,18.3105
pageable-staging-h2d,0,94,589824,71,7.73685
fread-pinned,0,213,589824,73,7.52488
pageable-pinned,0,213,589824,41,13.398
pinned-h2d,0,213,589824,30,18.3105
pageable-staging-h2d,0,213,589824,71,7.73685
fread-pinned,0,15,589824,79,6.95337
pageable-pinned,0,15,589824,41,13.398
pinned-h2d,0,15,589824,30,18.3105
pageable-staging-h2d,0,15,589824,71,7.73685
fread-pinned,0,6,720896,92,7.29768
pageable-pinned,0,6,720896,36,18.6496
pinned-h2d,0,6,720896,36,18.6496
pageable-staging-h2d,0,6,720896,72,9.32482
fread-pinned,0,76,720896,122,5.50317
pageable-pinned,0,76,720896,78,8.60752
pinned-h2d,0,76,720896,35,19.1825
pageable-staging-h2d,0,76,720896,113,5.94148
fread-pinned,0,117,589824,82,6.69898
pageable-pinned,0,117,589824,56,9.80922
pinned-h2d,0,117,589824,30,18.3105
pageable-staging-h2d,0,117,589824,86,6.3874
fread-pinned,0,135,589824,79,6.95337
pageable-pinned,0,135,589824,59,9.31045
pinned-h2d,0,135,589824,30,18.3105
pageable-staging-h2d,0,135,589824,89,6.17209
fread-pinned,0,239,589824,83,6.61827
pageable-pinned,0,239,589824,56,9.80922
pinned-h2d,0,239,589824,30,18.3105
pageable-staging-h2d,0,239,589824,86,6.3874
fread-pinned,0,101,720896,110,6.10352
pageable-pinned,0,101,720896,65,10.329
pinned-h2d,0,101,720896,36,18.6496
pageable-staging-h2d,0,101,720896,101,6.64739
fread-pinned,0,127,720896,94,7.14241
pageable-pinned,0,127,720896,80,8.39233
pinned-h2d,0,127,720896,36,18.6496
pageable-staging-h2d,0,127,720896,116,5.78782
fread-pinned,0,8,589824,77,7.13398
pageable-pinned,0,8,589824,33,16.646
pinned-h2d,0,8,589824,30,18.3105
pageable-staging-h2d,0,8,589824,63,8.71931
fread-pinned,0,70,720896,113,5.94148
pageable-pinned,0,70,720896,71,9.45615
pinned-h2d,0,70,720896,36,18.6496
pageable-staging-h2d,0,70,720896,107,6.27464
fread-pinned,0,88,720896,95,7.06723
pageable-pinned,0,88,720896,58,11.5756
pinned-h2d,0,88,720896,36,18.6496
pageable-staging-h2d,0,88,720896,94,7.14241
fread-pinned,0,241,589824,79,6.95337
pageable-pinned,0,241,589824,59,9.31045
pinned-h2d,0,241,589824,30,18.3105
pageable-staging-h2d,0,241,589824,89,6.17209
fread-pinned,0,9,589824,83,6.61827
pageable-pinned,0,9,589824,28,19.6184
pinned-h2d,0,9,589824,30,18.3105
pageable-staging-h2d,0,9,589824,58,9.47097
fread-pinned,0,37,720896,96,6.99361
pageable-pinned,0,37,720896,53,12.6677
pinned-h2d,0,37,720896,35,19.1825
pageable-staging-h2d,0,37,720896,88,7.62939
fread-pinned,0,183,589824,71,7.73685
pageable-pinned,0,183,589824,37,14.8464
pinned-h2d,0,183,589824,31,17.7199
pageable-staging-h2d,0,183,589824,68,8.07818
fread-pinned,0,209,589824,66,8.32298
pageable-pinned,0,209,589824,42,13.079
pinned-h2d,0,209,589824,31,17.7199
pageable-staging-h2d,0,209,589824,73,7.52488
fread-pinned,0,13,589824,78,7.04252
pageable-pinned,0,13,589824,46,11.9417
pinned-h2d,0,13,589824,30,18.3105
pageable-staging-h2d,0,13,589824,76,7.22785
fread-pinned,0,59,589824,86,6.3874
pageable-pinned,0,59,589824,48,11.4441
pinned-h2d,0,59,589824,31,17.7199
pageable-staging-h2d,0,59,589824,79,6.95337
fread-pinned,0,131,589824,59,9.31045
pageable-pinned,0,131,589824,34,16.1564
pinned-h2d,0,131,589824,30,18.3105
pageable-staging-h2d,0,131,589824,64,8.58307
fread-pinned,0,169,589824,98,5.60527
pageable-pinned,0,169,589824,44,12.4845
pinned-h2d,0,169,589824,31,17.7199
pageable-staging-h2d,0,169,589824,75,7.32422
fread-pinned,0,58,589824,87,6.31398
pageable-pinned,0,58,589824,43,12.7748
pinned-h2d,0,58,589824,31,17.7199
pageable-staging-h2d,0,58,589824,74,7.42319
fread-pinned,0,124,589824,67,8.19875
pageable-pinned,0,124,589824,42,13.079
pinned-h2d,0,124,589824,33,16.646
pageable-staging-h2d,0,124,589824,75,7.32422
fread-pinned,0,36,589824,90,6.10352
pageable-pinned,0,36,589824,42,13.079
pinned-h2d,0,36,589824,31,17.7199
pageable-staging-h2d,0,36,589824,73,7.52488
fread-pinned,0,30,720896,104,6.45564
pageable-pinned,0,30,720896,55,12.207
pinned-h2d,0,30,720896,35,19.1825
pageable-staging-h2d,0,30,720896,90,7.45985
fread-pinned,0,163,589824,68,8.07818
pageable-pinned,0,163,589824,59,9.31045
pinned-h2d,0,163,589824,30,18.3105
pageable-staging-h2d,0,163,589824,89,6.17209
fread-pinned,1,117,589824,81,6.78168
pageable-pinned,1,117,589824,55,9.98757
pinned-h2d,1,117,589824,31,17.7199
pageable-staging-h2d,1,117,589824,86,6.3874
fread-pinned,1,52,589824,87,6.31398
pageable-pinned,1,52,589824,49,11.2105
pinned-h2d,1,52,589824,31,17.7199
pageable-staging-h2d,1,52,589824,80,6.86646
fread-pinned,1,116,589824,90,6.10352
pageable-pinned,1,116,589824,49,11.2105
pinned-h2d,1,116,589824,34,16.1564
pageable-staging-h2d,1,116,589824,83,6.61827
fread-pinned,1,83,720896,113,5.94148
pageable-pinned,1,83,720896,71,9.45615
pinned-h2d,1,83,720896,37,18.1456
pageable-staging-h2d,1,83,720896,108,6.21654
fread-pinned,1,194,589824,83,6.61827
pageable-pinned,1,194,589824,61,9.00519
pinned-h2d,1,194,589824,30,18.3105
pageable-staging-h2d,1,194,589824,91,6.03644
fread-pinned,1,202,589824,95,5.78228
pageable-pinned,1,202,589824,57,9.63713
pinned-h2d,1,202,589824,30,18.3105
pageable-staging-h2d,1,202,589824,87,6.31398
fread-pinned,1,113,589824,77,7.13398
pageable-pinned,1,113,589824,57,9.63713
pinned-h2d,1,113,589824,30,18.3105
pageable-staging-h2d,1,113,589824,87,6.31398
fread-pinned,1,234,589824,104,5.28189
pageable-pinned,1,234,589824,64,8.58307
pinned-h2d,1,234,589824,30,18.3105
pageable-staging-h2d,1,234,589824,94,5.84379
fread-pinned,1,192,720896,108,6.21654
pageable-pinned,1,192,720896,69,9.73024
pinned-h2d,1,192,720896,35,19.1825
pageable-staging-h2d,1,192,720896,104,6.45564
fread-pinned,1,10,589824,75,7.32422
pageable-pinned,1,10,589824,31,17.7199
pinned-h2d,1,10,589824,30,18.3105
pageable-staging-h2d,1,10,589824,61,9.00519
fread-pinned,1,228,589824,77,7.13398
pageable-pinned,1,228,589824,39,14.085
pinned-h2d,1,228,589824,31,17.7199
pageable-staging-h2d,1,228,589824,70,7.84738
fread-pinned,1,158,589824,55,9.98757
pageable-pinned,1,158,589824,40,13.7329
pinned-h2d,1,158,589824,30,18.3105
pageable-staging-h2d,1,158,589824,70,7.84738
fread-pinned,1,196,589824,63,8.71931
pageable-pinned,1,196,589824,41,13.398
pinned-h2d,1,196,589824,30,18.3105
pageable-staging-h2d,1,196,589824,71,7.73685
fread-pinned,1,28,589824,82,6.69898
pageable-pinned,1,28,589824,38,14.4557
pinned-h2d,1,28,589824,31,17.7199
pageable-staging-h2d,1,28,589824,69,7.96111
fread-pinned,1,154,720896,120,5.59489
pageable-pinned,1,154,720896,54,12.4331
pinned-h2d,1,154,720896,36,18.6496
pageable-staging-h2d,1,154,720896,90,7.45985
fread-pinned,1,109,720896,111,6.04853
pageable-pinned,1,109,720896,44,15.2588
pinned-h2d,1,109,720896,36,18.6496
pageable-staging-h2d,1,109,720896,80,8.39233
fread-pinned,1,145,589824,88,6.24223
pageable-pinned,1,145,589824,41,13.398
pinned-h2d,1,145,589824,31,17.7199
pageable-staging-h2d,1,145,589824,72,7.62939
fread-pinned,1,165,720896,91,7.37788
pageable-pinned,1,165,720896,74,9.07279
pinned-h2d,1,165,720896,35,19.1825
pageable-staging-h2d,1,165,720896,109,6.15951
fread-pinned,1,2,589824,82,6.69898
pageable-pinned,1,2,589824,32,17.1661
pinned-h2d,1,2,589824,31,17.7199
pageable-staging-h2d,1,2,589824,63,8.71931
fread-pinned,1,42,589824,95,5.78228
pageable-pinned,1,42,589824,61,9.00519
pinned-h2d,1,42,589824,30,18.3105
pageable-staging-h2d,1,42,589824,91,6.03644
fread-pinned,1,149,589824,76,7.22785
pageable-pinned,1,149,589824,61,9.00519
pinned-h2d,1,149,589824,30,18.3105
pageable-staging-h2d,1,149,589824,91,6.03644
fread-pinned,1,26,589824,66,8.32298
pageable-pinned,1,26,589824,33,16.646
pinned-h2d,1,26,589824,30,18.3105
pageable-staging-h2d,1,26,589824,63,8.71931
fread-pinned,1,181,589824,69,7.96111
pageable-pinned,1,181,589824,40,13.7329
pinned-h2d,1,181,589824,31,17.7199
pageable-staging-h2d,1,181,589824,71,7.73685
fread-pinned,1,182,589824,77,7.13398
pageable-pinned,1,182,589824,62,8.85994
pinned-h2d,1,182,589824,30,18.3105
pageable-staging-h2d,1,182,589824,92,5.97083
fread-pinned,1,240,589824,80,6.86646
pageable-pinned,1,240,589824,60,9.15527
pinned-h2d,1,240,589824,31,17.7199
pageable-staging-h2d,1,240,589824,91,6.03644
fread-pinned,1,207,589824,66,8.32298
pageable-pinned,1,207,589824,33,16.646
pinned-h2d,1,207,589824,30,18.3105
pageable-staging-h2d,1,207,589824,63,8.71931
fread-pinned,1,82,720896,111,6.04853
pageable-pinned,1,82,720896,69,9.73024
pinned-h2d,1,82,720896,36,18.6496
pageable-staging-h2d,1,82,720896,105,6.39416
fread-pinned,1,229,589824,79,6.95337
pageable-pinned,1,229,589824,48,11.4441
pinned-h2d,1,229,589824,30,18.3105
pageable-staging-h2d,1,229,589824,78,7.04252
fread-pinned,1,193,589824,71,7.73685
pageable-pinned,1,193,589824,38,14.4557
pinned-h2d,1,193,589824,31,17.7199
pageable-staging-h2d,1,193,589824,69,7.96111
fread-pinned,1,3,589824,67,8.19875
pageable-pinned,1,3,589824,28,19.6184
pinned-h2d,1,3,589824,30,18.3105
pageable-staging-h2d,1,3,589824,58,9.47097
fread-pinned,1,178,720896,112,5.99452
pageable-pinned,1,178,720896,57,11.7787
pinned-h2d,1,178,720896,37,18.1456
pageable-staging-h2d,1,178,720896,94,7.14241
fread-pinned,1,186,720896,84,7.9927
pageable-pinned,1,186,720896,53,12.6677
pinned-h2d,1,186,720896,36,18.6496
pageable-staging-h2d,1,186,720896,89,7.54367
fread-pinned,1,38,720896,95,7.06723
pageable-pinned,1,38,720896,49,13.7018
pinned-h2d,1,38,720896,37,18.1456
pageable-staging-h2d,1,38,720896,86,7.80682
fread-pinned,1,40,589824,70,7.84738
pageable-pinned,1,40,589824,29,18.9419
pinned-h2d,1,40,589824,31,17.7199
pageable-staging-h2d,1,40,589824,60,9.15527
fread-pinned,1,143,589824,103,5.33317
pageable-pinned,1,143,589824,45,12.207
pinned-h2d,1,143,589824,30,18.3105
pageable-staging-h2d,1,143,589824,75,7.32422
fread-pinned,1,84,589824,72,7.62939
pageable-pinned,1,84,589824,42,13.079
pinned-h2d,1,84,589824,31,17.7199
pageable-staging-h2d,1,84,589824,73,7.52488
fread-pinned,1,64,720896,96,6.99361
pageable-pinned,1,64,720896,53,12.6677
pinned-h2d,1,64,720896,36,18.6496
pageable-staging-h2d,1,64,720896,89,7.54367
fread-pinned,1,218,860160,95,8.43249
pageable-pinned,1,218,860160,58,13.8118
pinned-h2d,1,218,860160,41,19.5387
pageable-staging-h2d,1,218,860160,99,8.09178
fread-pinned,1,179,720896,105,6.39416
pageable-pinned,1,179,720896,47,14.2848
pinned-h2d,1,179,720896,36,18.6496
pageable-staging-h2d,1,179,720896,83,8.089
fread-pinned,1,70,720896,110,6.10352
pageable-pinned,1,70,720896,69,9.73024
pinned-h2d,1,70,720896,35,19.1825
pageable-staging-h2d,1,70,720896,104,6.45564
fread-pinned,1,112,589824,78,7.04252
pageable-pinned,1,112,589824,51,10.7709
pinned-h2d,1,112,589824,30,18.3105
pageable-staging-h2d,1,112,589824,81,6.78168
fread-pinned,1,191,720896,92,7.29768
pageable-pinned,1,191,720896,52,12.9113
pinned-h2d,1,191,720896,36,18.6496
pageable-staging-h2d,1,191,720896,88,7.62939
fread-pinned,1,209,589824,77,7.13398
pageable-pinned,1,209,589824,59,9.31045
pinned-h2d,1,209,589824,30,18.3105
pageable-staging-h2d,1,209,589824,89,6.17209
fread-pinned,1,139,589824,85,6.46255
pageable-pinned,1,139,589824,62,8.85994
pinned-h2d,1,139,589824,30,18.3105
pageable-staging-h2d,1,139,589824,92,5.97083
fread-pinned,1,58,589824,96,5.72205
pageable-pinned,1,58,589824,64,8.58307
pinned-h2d,1,58,589824,30,18.3105
pageable-staging-h2d,1,58,589824,94,5.84379
fread-pinned,1,63,720896,120,5.59489
pageable-pinned,1,63,720896,79,8.49857
pinned-h2d,1,63,720896,36,18.6496
pageable-staging-h2d,1,63,720896,115,5.83815
fread-pinned,1,190,589824,79,6.95337
pageable-pinned,1,190,589824,57,9.63713
pinned-h2d,1,190,589824,30,18.3105
pageable-staging-h2d,1,190,589824,87,6.31398
fread-pinned,1,226,589824,80,6.86646
pageable-pinned,1,226,589824,57,9.63713
pinned-h2d,1,226,589824,30,18.3105
pageable-staging-h2d,1,226,589824,87,6.31398
fread-pinned,1,166,720896,84,7.9927
pageable-pinned,1,166,720896,55,12.207
pinned-h2d,1,166,720896,35,19.1825
pageable-staging-h2d,1,166,720896,90,7.45985
fread-pinned,1,161,589824,75,7.32422
pageable-pinned,1,161,589824,38,14.4557
pinned-h2d,1,161,589824,30,18.3105
pageable-staging-h2d,1,161,589824,68,8.07818
fread-pinned,1,156,589824,75,7.32422
pageable-pinned,1,156,589824,38,14.4557
pinned-h2d,1,156,589824,31,17.7199
pageable-staging-h2d,1,156,589824,69,7.96111
fread-pinned,1,227,589824,64,8.58307
pageable-pinned,1,227,589824,37,14.8464
pinned-h2d,1,227,589824,29,18.9419
pageable-staging-h2d,1,227,589824,66,8.32298
fread-pinned,1,125,589824,79,6.95337
pageable-pinned,1,125,589824,37,14.8464
pinned-h2d,1,125,589824,30,18.3105
pageable-staging-h2d,1,125,589824,67,8.19875
fread-pinned,1,204,720896,88,7.62939
pageable-pinned,1,204,720896,50,13.4277
pinned-h2d,1,204,720896,37,18.1456
pageable-staging-h2d,1,204,720896,87,7.71709
fread-pinned,1,66,589824,80,6.86646
pageable-pinned,1,66,589824,39,14.085
pinned-h2d,1,66,589824,30,18.3105
pageable-staging-h2d,1,66,589824,69,7.96111
fread-pinned,1,49,589824,83,6.61827
pageable-pinned,1,49,589824,37,14.8464
pinned-h2d,1,49,589824,33,16.646
pageable-staging-h2d,1,49,589824,70,7.84738
fread-pinned,1,51,720896,116,5.78782
pageable-pinned,1,51,720896,55,12.207
pinned-h2d,1,51,720896,36,18.6496
pageable-staging-h2d,1,51,720896,91,7.37788
fread-pinned,1,97,589824,87,6.31398
pageable-pinned,1,97,589824,35,15.6948
pinned-h2d,1,97,589824,30,18.3105
pageable-staging-h2d,1,97,589824,65,8.45102
fread-pinned,1,140,720896,97,6.92151
pageable-pinned,1,140,720896,43,15.6136
pinned-h2d,1,140,720896,36,18.6496
pageable-staging-h2d,1,140,720896,79,8.49857
fread-pinned,1,172,720896,91,7.37788
pageable-pinned,1,172,720896,55,12.207
pinned-h2d,1,172,720896,36,18.6496
pageable-staging-h2d,1,172,720896,91,7.37788
fread-pinned,1,72,589824,88,6.24223
pageable-pinned,1,72,589824,46,11.9417
pinned-h2d,1,72,589824,31,17.7199
pageable-staging-h2d,1,72,589824,77,7.13398
fread-pinned,1,151,589824,71,7.73685
pageable-pinned,1,151,589824,46,11.9417
pinned-h2d,1,151,589824,29,18.9419
pageable-staging-h2d,1,151,589824,75,7.32422
fread-pinned,1,95,720896,114,5.88936
pageable-pinned,1,95,720896,69,9.73024
pinned-h2d,1,95,720896,34,19.7467
pageable-staging-h2d,1,95,720896,103,6.51832
fread-pinned,1,18,720896,93,7.21921
pageable-pinned,1,18,720896,47,14.2848
pinned-h2d,1,18,720896,37,18.1456
pageable-staging-h2d,1,18,720896,84,7.9927
fread-pinned,1,30,720896,112,5.99452
pageable-pinned,1,30,720896,77,8.71931
pinned-h2d,1,30,720896,35,19.1825
pageable-staging-h2d,1,30,720896,112,5.99452
fread-pinned,1,5,720896,94,7.14241
pageable-pinned,1,5,720896,43,15.6136
pinned-h2d,1,5,720896,36,18.6496
pageable-staging-h2d,1,5,720896,79,8.49857
fread-pinned,1,195,589824,97,5.66306
pageable-pinned,1,195,589824,53,10.3645
pinned-h2d,1,195,589824,29,18.9419
pageable-staging-h2d,1,195,589824,82,6.69898
fread-pinned,1,107,589824,99,5.54865
pageable-pinned,1,107,589824,54,10.1725
pinned-h2d,1,107,589824,30,18.3105
pageable-staging-h2d,1,107,589824,84,6.53948
fread-pinned,1,104,589824,86,6.3874
pageable-pinned,1,104,589824,66,8.32298
pinned-h2d,1,104,589824,31,17.7199
pageable-staging-h2d,1,104,589824,97,5.66306
fread-pinned,1,43,720896,100,6.71387
pageable-pinned,1,43,720896,57,11.7787
pinned-h2d,1,43,720896,35,19.1825
pageable-staging-h2d,1,43,720896,92,7.29768
fread-pinned,1,67,589824,96,5.72205
pageable-pinned,1,67,589824,60,9.15527
pinned-h2d,1,67,589824,29,18.9419
pageable-staging-h2d,1,67,589824,89,6.17209
fread-pinned,1,99,589824,102,5.38545
pageable-pinned,1,99,589824,61,9.00519
pinned-h2d,1,99,589824,30,18.3105
pageable-staging-h2d,1,99,589824,91,6.03644
fread-pinned,1,232,589824,65,8.45102
pageable-pinned,1,232,589824,38,14.4557
pinned-h2d,1,232,589824,30,18.3105
pageable-staging-h2d,1,232,589824,68,8.07818
fread-pinned,1,115,720896,106,6.33384
pageable-pinned,1,115,720896,63,10.6569
pinned-h2d,1,115,720896,36,18.6496
pageable-staging-h2d,1,115,720896,99,6.78168
fread-pinned,1,22,589824,88,6.24223
pageable-pinned,1,22,589824,48,11.4441
pinned-h2d,1,22,589824,30,18.3105
pageable-staging-h2d,1,22,589824,78,7.04252
fread-pinned,1,87,589824,78,7.04252
pageable-pinned,1,87,589824,62,8.85994
pinned-h2d,1,87,589824,30,18.3105
pageable-staging-h2d,1,87,589824,92,5.97083
fread-pinned,1,141,720896,107,6.27464
pageable-pinned,1,141,720896,67,10.0207
pinned-h2d,1,141,720896,35,19.1825
pageable-staging-h2d,1,141,720896,102,6.58222
fread-pinned,1,20,589824,84,6.53948
pageable-pinned,1,20,589824,42,13.079
pinned-h2d,1,20,589824,30,18.3105
pageable-staging-h2d,1,20,589824,72,7.62939
fread-pinned,1,126,589824,84,6.53948
pageable-pinned,1,126,589824,43,12.7748
pinned-h2d,1,126,589824,30,18.3105
pageable-staging-h2d,1,126,589824,73,7.52488
fread-pinned,1,19,720896,84,7.9927
pageable-pinned,1,19,720896,44,15.2588
pinned-h2d,1,19,720896,35,19.1825
pageable-staging-h2d,1,19,720896,79,8.49857
fread-pinned,1,245,589824,73,7.52488
pageable-pinned,1,245,589824,36,15.2588
pinned-h2d,1,245,589824,31,17.7199
pageable-staging-h2d,1,245,589824,67,8.19875
fread-pinned,1,119,589824,84,6.53948
pageable-pinned,1,119,589824,34,16.1564
pinned-h2d,1,119,589824,30,18.3105
pageable-staging-h2d,1,119,589824,64,8.58307
fread-pinned,1,147,720896,95,7.06723
pageable-pinned,1,147,720896,75,8.95182
pinned-h2d,1,147,720896,36,18.6496
pageable-staging-h2d,1,147,720896,111,6.04853
fread-pinned,1,69,720896,103,6.51832
pageable-pinned,1,69,720896,73,9.19708
pinned-h2d,1,69,720896,36,18.6496
pageable-staging-h2d,1,69,720896,109,6.15951
fread-pinned,1,79,589824,86,6.3874
pageable-pinned,1,79,589824,54,10.1725
pinned-h2d,1,79,589824,30,18.3105
pageable-staging-h2d,1,79,589824,84,6.53948
fread-pinned,1,134,720896,90,7.45985
pageable-pinned,1,134,720896,77,8.71931
pinned-h2d,1,134,720896,36,18.6496
pageable-staging-h2d,1,134,720896,113,5.94148
fread-pinned,1,189,589824,78,7.04252
pageable-pinned,1,189,589824,56,9.80922
pinned-h2d,1,189,589824,30,18.3105
pageable-staging-h2d,1,189,589824,86,6.3874
fread-pinned,1,203,589824,78,7.04252
pageable-pinned,1,203,589824,60,9.15527
pinned-h2d,1,203,589824,30,18.3105
pageable-staging-h2d,1,203,589824,90,6.10352
fread-pinned,1,164,589824,75,7.32422
pageable-pinned,1,164,589824,55,9.98757
pinned-h2d,1,164,589824,30,18.3105
pageable-staging-h2d,1,164,589824,85,6.46255
fread-pinned,1,12,720896,86,7.80682
pageable-pinned,1,12,720896,54,12.4331
pinned-h2d,1,12,720896,35,19.1825
pageable-staging-h2d,1,12,720896,89,7.54367
fread-pinned,1,31,720896,110,6.10352
pageable-pinned,1,31,720896,76,8.83404
pinned-h2d,1,31,720896,36,18.6496
pageable-staging-h2d,1,31,720896,112,5.99452
fread-pinned,1,133,720896,93,7.21921
pageable-pinned,1,133,720896,67,10.0207
pinned-h2d,1,133,720896,35,19.1825
pageable-staging-h2d,1,133,720896,102,6.58222
fread-pinned,1,236,720896,102,6.58222
pageable-pinned,1,236,720896,73,9.19708
pinned-h2d,1,236,720896,35,19.1825
pageable-staging-h2d,1,236,720896,108,6.21654
fread-pinned,1,90,589824,77,7.13398
pageable-pinned,1,90,589824,45,12.207
pinned-h2d,1,90,589824,30,18.3105
pageable-staging-h2d,1,90,589824,75,7.32422
fread-pinned,1,45,589824,83,6.61827
pageable-pinned,1,45,589824,39,14.085
pinned-h2d,1,45,589824,30,18.3105
pageable-staging-h2d,1,45,589824,69,7.96111
fread-pinned,1,152,589824,84,6.53948
pageable-pinned,1,152,589824,36,15.2588
pinned-h2d,1,152,589824,31,17.7199
pageable-staging-h2d,1,152,589824,67,8.19875
fread-pinned,1,44,720896,100,6.71387
pageable-pinned,1,44,720896,47,14.2848
pinned-h2d,1,44,720896,35,19.1825
pageable-staging-h2d,1,44,720896,82,8.18764
fread-pinned,1,9,589824,67,8.19875
pageable-pinned,1,9,589824,28,19.6184
pinned-h2d,1,9,589824,32,17.1661
pageable-staging-h2d,1,9,589824,60,9.15527
fread-pinned,1,101,720896,100,6.71387
pageable-pinned,1,101,720896,48,13.9872
pinned-h2d,1,101,720896,37,18.1456
pageable-staging-h2d,1,101,720896,85,7.89867
fread-pinned,1,60,589824,85,6.46255
pageable-pinned,1,60,589824,42,13.079
pinned-h2d,1,60,589824,31,17.7199
pageable-staging-h2d,1,60,589824,73,7.52488
fread-pinned,1,220,589824,64,8.58307
pageable-pinned,1,220,589824,42,13.079
pinned-h2d,1,220,589824,30,18.3105
pageable-staging-h2d,1,220,589824,72,7.62939
fread-pinned,1,180,589824,68,8.07818
pageable-pinned,1,180,589824,42,13.079
pinned-h2d,1,180,589824,30,18.3105
pageable-staging-h2d,1,180,589824,72,7.62939
fread-pinned,1,223,860160,112,7.15256
pageable-pinned,1,223,860160,68,11.7807
pinned-h2d,1,223,860160,42,19.0735
pageable-staging-h2d,1,223,860160,110,7.2826
fread-pinned,1,124,589824,69,7.96111
pageable-pinned,1,124,589824,46,11.9417
pinned-h2d,1,124,589824,32,17.1661
pageable-staging-h2d,1,124,589824,78,7.04252
fread-pinned,1,150,589824,91,6.03644
pageable-pinned,1,150,589824,45,12.207
pinned-h2d,1,150,589824,31,17.7199
pageable-staging-h2d,1,150,589824,76,7.22785
fread-pinned,1,167,720896,80,8.39233
pageable-pinned,1,167,720896,52,12.9113
pinned-h2d,1,167,720896,36,18.6496
pageable-staging-h2d,1,167,720896,88,7.62939
fread-pinned,1,48,589824,81,6.78168
pageable-pinned,1,48,589824,42,13.079
pinned-h2d,1,48,589824,31,17.7199
pageable-staging-h2d,1,48,589824,73,7.52488
fread-pinned,1,175,589824,78,7.04252
pageable-pinned,1,175,589824,42,13.079
pinned-h2d,1,175,589824,30,18.3105
pageable-staging-h2d,1,175,589824,72,7.62939
fread-pinned,1,59,589824,85,6.46255
pageable-pinned,1,59,589824,48,11.4441
pinned-h2d,1,59,589824,31,17.7199
pageable-staging-h2d,1,59,589824,79,6.95337
fread-pinned,1,214,589824,74,7.42319
pageable-pinned,1,214,589824,47,11.6876
pinned-h2d,1,214,589824,30,18.3105
pageable-staging-h2d,1,214,589824,77,7.13398
fread-pinned,1,7,589824,73,7.52488
pageable-pinned,1,7,589824,31,17.7199
pinned-h2d,1,7,589824,30,18.3105
pageable-staging-h2d,1,7,589824,61,9.00519
fread-pinned,1,123,589824,74,7.42319
pageable-pinned,1,123,589824,53,10.3645
pinned-h2d,1,123,589824,30,18.3105
pageable-staging-h2d,1,123,589824,83,6.61827
fread-pinned,1,91,589824,87,6.31398
pageable-pinned,1,91,589824,69,7.96111
pinned-h2d,1,91,589824,31,17.7199
pageable-staging-h2d,1,91,589824,100,5.49316
fread-pinned,1,54,589824,85,6.46255
pageable-pinned,1,54,589824,54,10.1725
pinned-h2d,1,54,589824,30,18.3105
pageable-staging-h2d,1,54,589824,84,6.53948
fread-pinned,1,183,589824,81,6.78168
pageable-pinned,1,183,589824,56,9.80922
pinned-h2d,1,183,589824,31,17.7199
pageable-staging-h2d,1,183,589824,87,6.31398
fread-pinned,1,73,589824,92,5.97083
pageable-pinned,1,73,589824,62,8.85994
pinned-h2d,1,73,589824,36,15.2588
pageable-staging-h2d,1,73,589824,98,5.60527
fread-pinned,1,103,589824,84,6.53948
pageable-pinned,1,103,589824,64,8.58307
pinned-h2d,1,103,589824,30,18.3105
pageable-staging-h2d,1,103,589824,94,5.84379
fread-pinned,1,75,720896,118,5.68972
pageable-pinned,1,75,720896,84,7.9927
pinned-h2d,1,75,720896,34,19.7467
pageable-staging-h2d,1,75,720896,118,5.68972
fread-pinned,1,255,860160,122,6.56628
pageable-pinned,1,255,860160,99,8.09178
pinned-h2d,1,255,860160,41,19.5387
pageable-staging-h2d,1,255,860160,140,5.72205
fread-pinned,1,239,589824,91,6.03644
pageable-pinned,1,239,589824,61,9.00519
pinned-h2d,1,239,589824,30,18.3105
pageable-staging-h2d,1,239,589824,91,6.03644
fread-pinned,1,216,589824,80,6.86646
pageable-pinned,1,216,589824,41,13.398
pinned-h2d,1,216,589824,30,18.3105
pageable-staging-h2d,1,216,589824,71,7.73685
fread-pinned,1,78,589824,86,6.3874
pageable-pinned,1,78,589824,45,12.207
pinned-h2d,1,78,589824,30,18.3105
pageable-staging-h2d,1,78,589824,75,7.32422
fread-pinned,1,56,720896,100,6.71387
pageable-pinned,1,56,720896,52,12.9113
pinned-h2d,1,56,720896,35,19.1825
pageable-staging-h2d,1,56,720896,87,7.71709
fread-pinned,1,121,720896,110,6.10352
pageable-pinned,1,121,720896,55,12.207
pinned-h2d,1,121,720896,36,18.6496
pageable-staging-h2d,1,121,720896,91,7.37788
fread-pinned,1,85,589824,73,7.52488
pageable-pinned,1,85,589824,45,12.207
pinned-h2d,1,85,589824,31,17.7199
pageable-staging-h2d,1,85,589824,76,7.22785
fread-pinned,1,65,589824,77,7.13398
pageable-pinned,1,65,589824,38,14.4557
pinned-h2d,1,65,589824,31,17.7199
pageable-staging-h2d,1,65,589824,69,7.96111
fread-pinned,1,247,589824,74,7.42319
pageable-pinned,1,247,589824,45,12.207
pinned-h2d,1,247,589824,30,18.3105
pageable-staging-h2d,1,247,589824,75,7.32422
fread-pinned,1,208,589824,70,7.84738
pageable-pinned,1,208,589824,45,12.207
pinned-h2d,1,208,589824,30,18.3105
pageable-staging-h2d,1,208,589824,75,7.32422
fread-pinned,1,111,589824,75,7.32422
pageable-pinned,1,111,589824,35,15.6948
pinned-h2d,1,111,589824,30,18.3105
pageable-staging-h2d,1,111,589824,65,8.45102
fread-pinned,1,200,589824,79,6.95337
pageable-pinned,1,200,589824,44,12.4845
pinned-h2d,1,200,589824,31,17.7199
pageable-staging-h2d,1,200,589824,75,7.32422
fread-pinned,1,237,720896,85,7.89867
pageable-pinned,1,237,720896,52,12.9113
pinned-h2d,1,237,720896,35,19.1825
pageable-staging-h2d,1,237,720896,87,7.71709
fread-pinned,1,127,720896,84,7.9927
pageable-pinned,1,127,720896,56,11.989
pinned-h2d,1,127,720896,36,18.6496
pageable-staging-h2d,1,127,720896,92,7.29768
fread-pinned,1,88,720896,86,7.80682
pageable-pinned,1,88,720896,43,15.6136
pinned-h2d,1,88,720896,36,18.6496
pageable-staging-h2d,1,88,720896,79,8.49857
fread-pinned,1,160,720896,95,7.06723
pageable-pinned,1,160,720896,53,12.6677
pinned-h2d,1,160,720896,35,19.1825
pageable-staging-h2d,1,160,720896,88,7.62939
fread-pinned,1,173,720896,115,5.83815
pageable-pinned,1,173,720896,47,14.2848
pinned-h2d,1,173,720896,36,18.6496
pageable-staging-h2d,1,173,720896,83,8.089
fread-pinned,1,25,720896,96,6.99361
pageable-pinned,1,25,720896,52,12.9113
pinned-h2d,1,25,720896,36,18.6496
pageable-staging-h2d,1,25,720896,88,7.62939
fread-pinned,1,15,589824,79,6.95337
pageable-pinned,1,15,589824,40,13.7329
pinned-h2d,1,15,589824,32,17.1661
pageable-staging-h2d,1,15,589824,72,7.62939
fread-pinned,1,198,720896,79,8.49857
pageable-pinned,1,198,720896,66,10.1725
pinned-h2d,1,198,720896,35,19.1825
pageable-staging-h2d,1,198,720896,101,6.64739
fread-pinned,1,219,589824,76,7.22785
pageable-pinned,1,219,589824,60,9.15527
pinned-h2d,1,219,589824,30,18.3105
pageable-staging-h2d,1,219,589824,90,6.10352
fread-pinned,1,155,589824,74,7.42319
pageable-pinned,1,155,589824,46,11.9417
pinned-h2d,1,155,589824,30,18.3105
pageable-staging-h2d,1,155,589824,76,7.22785
fread-pinned,1,77,720896,130,5.16451
pageable-pinned,1,77,720896,81,8.28872
pinned-h2d,1,77,720896,35,19.1825
pageable-staging-h2d,1,77,720896,116,5.78782
fread-pinned,1,136,589824,104,5.28189
pageable-pinned,1,136,589824,64,8.58307
pinned-h2d,1,136,589824,30,18.3105
pageable-staging-h2d,1,136,589824,94,5.84379
fread-pinned,1,13,589824,83,6.61827
pageable-pinned,1,13,589824,68,8.07818
pinned-h2d,1,13,589824,30,18.3105
pageable-staging-h2d,1,13,589824,98,5.60527
fread-pinned,1,197,589824,75,7.32422
pageable-pinned,1,197,589824,64,8.58307
pinned-h2d,1,197,589824,30,18.3105
pageable-staging-h2d,1,197,589824,94,5.84379
fread-pinned,1,32,720896,113,5.94148
pageable-pinned,1,32,720896,81,8.28872
pinned-h2d,1,32,720896,35,19.1825
pageable-staging-h2d,1,32,720896,116,5.78782
fread-pinned,1,233,589824,75,7.32422
pageable-pinned,1,233,589824,45,12.207
pinned-h2d,1,233,589824,30,18.3105
pageable-staging-h2d,1,233,589824,75,7.32422
fread-pinned,1,110,589824,77,7.13398
pageable-pinned,1,110,589824,56,9.80922
pinned-h2d,1,110,589824,31,17.7199
pageable-staging-h2d,1,110,589824,87,6.31398
fread-pinned,1,92,589824,88,6.24223
pageable-pinned,1,92,589824,59,9.31045
pinned-h2d,1,92,589824,31,17.7199
pageable-staging-h2d,1,92,589824,90,6.10352
fread-pinned,1,34,589824,82,6.69898
pageable-pinned,1,34,589824,45,12.207
pinned-h2d,1,34,589824,30,18.3105
pageable-staging-h2d,1,34,589824,75,7.32422
fread-pinned,1,235,589824,65,8.45102
pageable-pinned,1,235,589824,37,14.8464
pinned-h2d,1,235,589824,30,18.3105
pageable-staging-h2d,1,235,589824,67,8.19875
fread-pinned,1,238,589824,79,6.95337
pageable-pinned,1,238,589824,43,12.7748
pinned-h2d,1,238,589824,30,18.3105
pageable-staging-h2d,1,238,589824,73,7.52488
fread-pinned,1,39,589824,82,6.69898
pageable-pinned,1,39,589824,45,12.207
pinned-h2d,1,39,589824,31,17.7199
pageable-staging-h2d,1,39,589824,76,7.22785
fread-pinned,1,137,589824,54,10.1725
pageable-pinned,1,137,589824,32,17.1661
pinned-h2d,1,137,589824,30,18.3105
pageable-staging-h2d,1,137,589824,62,8.85994
fread-pinned,1,16,589824,90,6.10352
pageable-pinned,1,16,589824,44,12.4845
pinned-h2d,1,16,589824,30,18.3105
pageable-staging-h2d,1,16,589824,74,7.42319
fread-pinned,1,46,589824,91,6.03644
pageable-pinned,1,46,589824,45,12.207
pinned-h2d,1,46,589824,31,17.7199
pageable-staging-h2d,1,46,589824,76,7.22785
fread-pinned,1,252,589824,89,6.17209
pageable-pinned,1,252,589824,44,12.4845
pinned-h2d,1,252,589824,31,17.7199
pageable-staging-h2d,1,252,589824,75,7.32422
fread-pinned,1,89,720896,88,7.62939
pageable-pinned,1,89,720896,56,11.989
pinned-h2d,1,89,720896,36,18.6496
pageable-staging-h2d,1,89,720896,92,7.29768
fread-pinned,1,47,589824,81,6.78168
pageable-pinned,1,47,589824,43,12.7748
pinned-h2d,1,47,589824,31,17.7199
pageable-staging-h2d,1,47,589824,74,7.42319
fread-pinned,1,76,720896,112,5.99452
pageable-pinned,1,76,720896,53,12.6677
pinned-h2d,1,76,720896,35,19.1825
pageable-staging-h2d,1,76,720896,88,7.62939
fread-pinned,1,199,720896,87,7.71709
pageable-pinned,1,199,720896,52,12.9113
pinned-h2d,1,199,720896,35,19.1825
pageable-staging-h2d,1,199,720896,87,7.71709
fread-pinned,1,74,589824,88,6.24223
pageable-pinned,1,74,589824,64,8.58307
pinned-h2d,1,74,589824,30,18.3105
pageable-staging-h2d,1,74,589824,94,5.84379
fread-pinned,1,1,589824,78,7.04252
pageable-pinned,1,1,589824,39,14.085
pinned-h2d,1,1,589824,30,18.3105
pageable-staging-h2d,1,1,589824,69,7.96111
fread-pinned,1,241,589824,83,6.61827
pageable-pinned,1,241,589824,63,8.71931
pinned-h2d,1,241,589824,30,18.3105
pageable-staging-h2d,1,241,589824,93,5.90663
fread-pinned,1,177,589824,92,5.97083
pageable-pinned,1,177,589824,69,7.96111
pinned-h2d,1,177,589824,31,17.7199
pageable-staging-h2d,1,177,589824,100,5.49316
fread-pinned,1,6,720896,102,6.58222
pageable-pinned,1,6,720896,44,15.2588
pinned-h2d,1,6,720896,36,18.6496
pageable-staging-h2d,1,6,720896,80,8.39233
fread-pinned,1,0,589824,78,7.04252
pageable-pinned,1,0,589824,34,16.1564
pinned-h2d,1,0,589824,30,18.3105
pageable-staging-h2d,1,0,589824,64,8.58307
fread-pinned,1,14,589824,85,6.46255
pageable-pinned,1,14,589824,56,9.80922
pinned-h2d,1,14,589824,30,18.3105
pageable-staging-h2d,1,14,589824,86,6.3874
fread-pinned,1,171,589824,92,5.97083
pageable-pinned,1,171,589824,57,9.63713
pinned-h2d,1,171,589824,30,18.3105
pageable-staging-h2d,1,171,589824,87,6.31398
fread-pinned,1,221,589824,97,5.66306
pageable-pinned,1,221,589824,69,7.96111
pinned-h2d,1,221,589824,30,18.3105
pageable-staging-h2d,1,221,589824,99,5.54865
fread-pinned,1,210,720896,101,6.64739
pageable-pinned,1,210,720896,84,7.9927
pinned-h2d,1,210,720896,36,18.6496
pageable-staging-h2d,1,210,720896,120,5.59489
fread-pinned,1,188,589824,96,5.72205
pageable-pinned,1,188,589824,48,11.4441
pinned-h2d,1,188,589824,31,17.7199
pageable-staging-h2d,1,188,589824,79,6.95337
fread-pinned,1,86,589824,65,8.45102
pageable-pinned,1,86,589824,34,16.1564
pinned-h2d,1,86,589824,30,18.3105
pageable-staging-h2d,1,86,589824,64,8.58307
fread-pinned,1,102,720896,107,6.27464
pageable-pinned,1,102,720896,44,15.2588
pinned-h2d,1,102,720896,36,18.6496
pageable-staging-h2d,1,102,720896,80,8.39233
fread-pinned,1,153,720896,85,7.89867
pageable-pinned,1,153,720896,52,12.9113
pinned-h2d,1,153,720896,35,19.1825
pageable-staging-h2d,1,153,720896,87,7.71709
fread-pinned,1,23,589824,84,6.53948
pageable-pinned,1,23,589824,47,11.6876
pinned-h2d,1,23,589824,31,17.7199
pageable-staging-h2d,1,23,589824,78,7.04252
fread-pinned,1,157,589824,66,8.32298
pageable-pinned,1,157,589824,40,13.7329
pinned-h2d,1,157,589824,30,18.3105
pageable-staging-h2d,1,157,589824,70,7.84738
fread-pinned,1,17,589824,78,7.04252
pageable-pinned,1,17,589824,44,12.4845
pinned-h2d,1,17,589824,30,18.3105
pageable-staging-h2d,1,17,589824,74,7.42319
fread-pinned,1,8,589824,65,8.45102
pageable-pinned,1,8,589824,29,18.9419
pinned-h2d,1,8,589824,30,18.3105
pageable-staging-h2d,1,8,589824,59,9.31045
fread-pinned,1,81,589824,80,6.86646
pageable-pinned,1,81,589824,46,11.9417
pinned-h2d,1,81,589824,31,17.7199
pageable-staging-h2d,1,81,589824,77,7.13398
fread-pinned,1,21,589824,85,6.46255
pageable-pinned,1,21,589824,47,11.6876
pinned-h2d,1,21,589824,31,17.7199
pageable-staging-h2d,1,21,589824,78,7.04252
fread-pinned,1,50,720896,115,5.83815
pageable-pinned,1,50,720896,59,11.3794
pinned-h2d,1,50,720896,37,18.1456
pageable-staging-h2d,1,50,720896,96,6.99361
fread-pinned,1,205,720896,111,6.04853
pageable-pinned,1,205,720896,54,12.4331
pinned-h2d,1,205,720896,36,18.6496
pageable-staging-h2d,1,205,720896,90,7.45985
fread-pinned,1,71,589824,104,5.28189
pageable-pinned,1,71,589824,65,8.45102
pinned-h2d,1,71,589824,31,17.7199
pageable-staging-h2d,1,71,589824,96,5.72205
fread-pinned,1,68,589824,102,5.38545
pageable-pinned,1,68,589824,61,9.00519
pinned-h2d,1,68,589824,30,18.3105
pageable-staging-h2d,1,68,589824,91,6.03644
fread-pinned,1,242,589824,77,7.13398
pageable-pinned,1,242,589824,55,9.98757
pinned-h2d,1,242,589824,30,18.3105
pageable-staging-h2d,1,242,589824,85,6.46255
fread-pinned,1,184,589824,84,6.53948
pageable-pinned,1,184,589824,65,8.45102
pinned-h2d,1,184,589824,29,18.9419
pageable-staging-h2d,1,184,589824,94,5.84379
fread-pinned,1,106,589824,92,5.97083
pageable-pinned,1,106,589824,49,11.2105
pinned-h2d,1,106,589824,31,17.7199
pageable-staging-h2d,1,106,589824,80,6.86646
fread-pinned,1,129,589824,79,6.95337
pageable-pinned,1,129,589824,58,9.47097
pinned-h2d,1,129,589824,30,18.3105
pageable-staging-h2d,1,129,589824,88,6.24223
fread-pinned,1,212,720896,109,6.15951
pageable-pinned,1,212,720896,78,8.60752
pinned-h2d,1,212,720896,36,18.6496
pageable-staging-h2d,1,212,720896,114,5.88936
fread-pinned,1,250,860160,150,5.34058
pageable-pinned,1,250,860160,91,8.80315
pinned-h2d,1,250,860160,41,19.5387
pageable-staging-h2d,1,250,860160,132,6.06884
fread-pinned,1,224,720896,98,6.85088
pageable-pinned,1,224,720896,66,10.1725
pinned-h2d,1,224,720896,37,18.1456
pageable-staging-h2d,1,224,720896,103,6.51832
fread-pinned,1,96,720896,97,6.92151
pageable-pinned,1,96,720896,78,8.60752
pinned-h2d,1,96,720896,35,19.1825
pageable-staging-h2d,1,96,720896,113,5.94148
fread-pinned,1,248,589824,63,8.71931
pageable-pinned,1,248,589824,31,17.7199
pinned-h2d,1,248,589824,30,18.3105
pageable-staging-h2d,1,248,589824,61,9.00519
fread-pinned,1,251,589824,64,8.58307
pageable-pinned,1,251,589824,41,13.398
pinned-h2d,1,251,589824,31,17.7199
pageable-staging-h2d,1,251,589824,72,7.62939
fread-pinned,1,29,589824,84,6.53948
pageable-pinned,1,29,589824,42,13.079
pinned-h2d,1,29,589824,30,18.3105
pageable-staging-h2d,1,29,589824,72,7.62939
fread-pinned,1,163,589824,63,8.71931
pageable-pinned,1,163,589824,37,14.8464
pinned-h2d,1,163,589824,30,18.3105
pageable-staging-h2d,1,163,589824,67,8.19875
fread-pinned,1,130,589824,70,7.84738
pageable-pinned,1,130,589824,37,14.8464
pinned-h2d,1,130,589824,30,18.3105
pageable-staging-h2d,1,130,589824,67,8.19875
fread-pinned,1,169,589824,98,5.60527
pageable-pinned,1,169,589824,44,12.4845
pinned-h2d,1,169,589824,31,17.7199
pageable-staging-h2d,1,169,589824,75,7.32422
fread-pinned,1,37,720896,96,6.99361
pageable-pinned,1,37,720896,52,12.9113
pinned-h2d,1,37,720896,35,19.1825
pageable-staging-h2d,1,37,720896,87,7.71709
fread-pinned,1,249,860160,101,7.93155
pageable-pinned,1,249,860160,55,14.5652
pinned-h2d,1,249,860160,41,19.5387
pageable-staging-h2d,1,249,860160,96,8.34465
fread-pinned,1,98,589824,85,6.46255
pageable-pinned,1,98,589824,32,17.1661
pinned-h2d,1,98,589824,31,17.7199
pageable-staging-h2d,1,98,589824,63,8.71931
fread-pinned,1,80,589824,77,7.13398
pageable-pinned,1,80,589824,34,16.1564
pinned-h2d,1,80,589824,31,17.7199
pageable-staging-h2d,1,80,589824,65,8.45102
fread-pinned,1,57,720896,103,6.51832
pageable-pinned,1,57,720896,53,12.6677
pinned-h2d,1,57,720896,36,18.6496
pageable-staging-h2d,1,57,720896,89,7.54367
fread-pinned,1,168,589824,102,5.38545
pageable-pinned,1,168,589824,43,12.7748
pinned-h2d,1,168,589824,30,18.3105
pageable-staging-h2d,1,168,589824,73,7.52488
fread-pinned,1,244,860160,118,6.78887
pageable-pinned,1,244,860160,77,10.4037
pinned-h2d,1,244,860160,41,19.5387
pageable-staging-h2d,1,244,860160,118,6.78887
fread-pinned,1,132,589824,77,7.13398
pageable-pinned,1,132,589824,51,10.7709
pinned-h2d,1,132,589824,31,17.7199
pageable-staging-h2d,1,132,589824,82,6.69898
fread-pinned,1,206,589824,80,6.86646
pageable-pinned,1,206,589824,59,9.31045
pinned-h2d,1,206,589824,31,17.7199
pageable-staging-h2d,1,206,589824,90,6.10352
fread-pinned,1,114,720896,98,6.85088
pageable-pinned,1,114,720896,78,8.60752
pinned-h2d,1,114,720896,36,18.6496
pageable-staging-h2d,1,114,720896,114,5.88936
fread-pinned,1,135,589824,79,6.95337
pageable-pinned,1,135,589824,58,9.47097
pinned-h2d,1,135,589824,31,17.7199
pageable-staging-h2d,1,135,589824,89,6.17209
fread-pinned,1,148,589824,80,6.86646
pageable-pinned,1,148,589824,61,9.00519
pinned-h2d,1,148,589824,31,17.7199
pageable-staging-h2d,1,148,589824,92,5.97083
fread-pinned,1,35,589824,89,6.17209
pageable-pinned,1,35,589824,54,10.1725
pinned-h2d,1,35,589824,31,17.7199
pageable-staging-h2d,1,35,589824,85,6.46255
fread-pinned,1,162,589824,77,7.13398
pageable-pinned,1,162,589824,60,9.15527
pinned-h2d,1,162,589824,31,17.7199
pageable-staging-h2d,1,162,589824,91,6.03644
fread-pinned,1,146,720896,98,6.85088
pageable-pinned,1,146,720896,76,8.83404
pinned-h2d,1,146,720896,36,18.6496
pageable-staging-h2d,1,146,720896,112,5.99452
fread-pinned,1,100,589824,101,5.43878
pageable-pinned,1,100,589824,63,8.71931
pinned-h2d,1,100,589824,30,18.3105
pageable-staging-h2d,1,100,589824,93,5.90663
fread-pinned,1,128,720896,96,6.99361
pageable-pinned,1,128,720896,48,13.9872
pinned-h2d,1,128,720896,35,19.1825
pageable-staging-h2d,1,128,720896,83,8.089
fread-pinned,1,211,720896,78,8.60752
pageable-pinned,1,211,720896,51,13.1644
pinned-h2d,1,211,720896,36,18.6496
pageable-staging-h2d,1,211,720896,87,7.71709
fread-pinned,1,159,720896,92,7.29768
pageable-pinned,1,159,720896,49,13.7018
pinned-h2d,1,159,720896,36,18.6496
pageable-staging-h2d,1,159,720896,85,7.89867
fread-pinned,1,24,720896,89,7.54367
pageable-pinned,1,24,720896,39,17.215
pinned-h2d,1,24,720896,36,18.6496
pageable-staging-h2d,1,24,720896,75,8.95182
fread-pinned,1,93,589824,70,7.84738
pageable-pinned,1,93,589824,42,13.079
pinned-h2d,1,93,589824,31,17.7199
pageable-staging-h2d,1,93,589824,73,7.52488
fread-pinned,1,55,589824,90,6.10352
pageable-pinned,1,55,589824,48,11.4441
pinned-h2d,1,55,589824,31,17.7199
pageable-staging-h2d,1,55,589824,79,6.95337
fread-pinned,1,62,589824,81,6.78168
pageable-pinned,1,62,589824,47,11.6876
pinned-h2d,1,62,589824,31,17.7199
pageable-staging-h2d,1,62,589824,78,7.04252
fread-pinned,1,120,720896,125,5.37109
pageable-pinned,1,120,720896,63,10.6569
pinned-h2d,1,120,720896,36,18.6496
pageable-staging-h2d,1,120,720896,99,6.78168
fread-pinned,1,246,589824,72,7.62939
pageable-pinned,1,246,589824,49,11.2105
pinned-h2d,1,246,589824,31,17.7199
pageable-staging-h2d,1,246,589824,80,6.86646
fread-pinned,1,41,589824,95,5.78228
pageable-pinned,1,41,589824,61,9.00519
pinned-h2d,1,41,589824,30,18.3105
pageable-staging-h2d,1,41,589824,91,6.03644
fread-pinned,1,118,589824,99,5.54865
pageable-pinned,1,118,589824,55,9.98757
pinned-h2d,1,118,589824,30,18.3105
pageable-staging-h2d,1,118,589824,85,6.46255
fread-pinned,1,225,589824,79,6.95337
pageable-pinned,1,225,589824,58,9.47097
pinned-h2d,1,225,589824,30,18.3105
pageable-staging-h2d,1,225,589824,88,6.24223
fread-pinned,1,176,589824,90,6.10352
pageable-pinned,1,176,589824,62,8.85994
pinned-h2d,1,176,589824,30,18.3105
pageable-staging-h2d,1,176,589824,92,5.97083
fread-pinned,1,231,720896,101,6.64739
pageable-pinned,1,231,720896,79,8.49857
pinned-h2d,1,231,720896,37,18.1456
pageable-staging-h2d,1,231,720896,116,5.78782
fread-pinned,1,174,589824,103,5.33317
pageable-pinned,1,174,589824,62,8.85994
pinned-h2d,1,174,589824,30,18.3105
pageable-staging-h2d,1,174,589824,92,5.97083
fread-pinned,1,105,589824,99,5.54865
pageable-pinned,1,105,589824,60,9.15527
pinned-h2d,1,105,589824,30,18.3105
pageable-staging-h2d,1,105,589824,90,6.10352
fread-pinned,1,215,589824,73,7.52488
pageable-pinned,1,215,589824,37,14.8464
pinned-h2d,1,215,589824,30,18.3105
pageable-staging-h2d,1,215,589824,67,8.19875
fread-pinned,1,213,589824,72,7.62939
pageable-pinned,1,213,589824,41,13.398
pinned-h2d,1,213,589824,31,17.7199
pageable-staging-h2d,1,213,589824,72,7.62939
fread-pinned,1,122,720896,87,7.71709
pageable-pinned,1,122,720896,53,12.6677
pinned-h2d,1,122,720896,36,18.6496
pageable-staging-h2d,1,122,720896,89,7.54367
fread-pinned,1,108,720896,121,5.54865
pageable-pinned,1,108,720896,52,12.9113
pinned-h2d,1,108,720896,36,18.6496
pageable-staging-h2d,1,108,720896,88,7.62939
fread-pinned,1,53,589824,74,7.42319
pageable-pinned,1,53,589824,30,18.3105
pinned-h2d,1,53,589824,31,17.7199
pageable-staging-h2d,1,53,589824,61,9.00519
fread-pinned,1,243,860160,105,7.62939
pageable-pinned,1,243,860160,71,11.2829
pinned-h2d,1,243,860160,42,19.0735
pageable-staging-h2d,1,243,860160,113,7.08926
fread-pinned,1,254,589824,87,6.31398
pageable-pinned,1,254,589824,63,8.71931
pinned-h2d,1,254,589824,32,17.1661
pageable-staging-h2d,1,254,589824,95,5.78228
fread-pinned,1,222,589824,79,6.95337
pageable-pinned,1,222,589824,61,9.00519
pinned-h2d,1,222,589824,30,18.3105
pageable-staging-h2d,1,222,589824,91,6.03644
fread-pinned,1,94,589824,81,6.78168
pageable-pinned,1,94,589824,60,9.15527
pinned-h2d,1,94,589824,29,18.9419
pageable-staging-h2d,1,94,589824,89,6.17209
fread-pinned,1,253,589824,86,6.3874
pageable-pinned,1,253,589824,55,9.98757
pinned-h2d,1,253,589824,30,18.3105
pageable-staging-h2d,1,253,589824,85,6.46255
fread-pinned,1,131,589824,68,8.07818
pageable-pinned,1,131,589824,46,11.9417
pinned-h2d,1,131,589824,30,18.3105
pageable-staging-h2d,1,131,589824,76,7.22785
fread-pinned,1,230,720896,96,6.99361
pageable-pinned,1,230,720896,76,8.83404
pinned-h2d,1,230,720896,35,19.1825
pageable-staging-h2d,1,230,720896,111,6.04853
fread-pinned,1,36,589824,101,5.43878
pageable-pinned,1,36,589824,68,8.07818
pinned-h2d,1,36,589824,30,18.3105
pageable-staging-h2d,1,36,589824,98,5.60527
fread-pinned,1,201,589824,85,6.46255
pageable-pinned,1,201,589824,68,8.07818
pinned-h2d,1,201,589824,30,18.3105
pageable-staging-h2d,1,201,589824,98,5.60527
fread-pinned,1,61,589824,101,5.43878
pageable-pinned,1,61,589824,60,9.15527
pinned-h2d,1,61,589824,30,18.3105
pageable-staging-h2d,1,61,589824,90,6.10352
fread-pinned,1,4,589824,77,7.13398
pageable-pinned,1,4,589824,31,17.7199
pinned-h2d,1,4,589824,30,18.3105
pageable-staging-h2d,1,4,589824,61,9.00519
fread-pinned,1,138,589824,77,7.13398
pageable-pinned,1,138,589824,48,11.4441
pinned-h2d,1,138,589824,30,18.3105
pageable-staging-h2d,1,138,589824,78,7.04252
fread-pinned,1,144,589824,98,5.60527
pageable-pinned,1,144,589824,43,12.7748
pinned-h2d,1,144,589824,31,17.7199
pageable-staging-h2d,1,144,589824,74,7.42319
fread-pinned,1,217,860160,108,7.41747
pageable-pinned,1,217,860160,58,13.8118
pinned-h2d,1,217,860160,42,19.0735
pageable-staging-h2d,1,217,860160,100,8.01086
fread-pinned,1,142,589824,66,8.32298
pageable-pinned,1,142,589824,40,13.7329
pinned-h2d,1,142,589824,30,18.3105
pageable-staging-h2d,1,142,589824,70,7.84738
fread-pinned,1,33,589824,83,6.61827
pageable-pinned,1,33,589824,38,14.4557
pinned-h2d,1,33,589824,31,17.7199
pageable-staging-h2d,1,33,589824,69,7.96111
fread-pinned,1,170,589824,100,5.49316
pageable-pinned,1,170,589824,43,12.7748
pinned-h2d,1,170,589824,31,17.7199
pageable-staging-h2d,1,170,589824,74,7.42319
fread-pinned,1,185,720896,93,7.21921
pageable-pinned,1,185,720896,69,9.73024
pinned-h2d,1,185,720896,36,18.6496
pageable-staging-h2d,1,185,720896,105,6.39416
fread-pinned,1,187,589824,87,6.31398
pageable-pinned,1,187,589824,62,8.85994
pinned-h2d,1,187,589824,30,18.3105
pageable-staging-h2d,1,187,589824,92,5.97083
fread-pinned,1,11,720896,91,7.37788
pageable-pinned,1,11,720896,52,12.9113
pinned-h2d,1,11,720896,36,18.6496
pageable-staging-h2d,1,11,720896,88,7.62939
fread-pinned,1,27,589824,93,5.90663
pageable-pinned,1,27,589824,57,9.63713
pinned-h2d,1,27,589824,30,18.3105
pageable-staging-h2d,1,27,589824,87,6.31398
fread-pinned,2,67,589824,82,6.69898
pageable-pinned,2,67,589824,46,11.9417
pinned-h2d,2,67,589824,30,18.3105
pageable-staging-h2d,2,67,589824,76,7.22785
fread-pinned,2,176,589824,85,6.46255
pageable-pinned,2,176,589824,59,9.31045
pinned-h2d,2,176,589824,30,18.3105
pageable-staging-h2d,2,176,589824,89,6.17209
fread-pinned,2,187,589824,86,6.3874
pageable-pinned,2,187,589824,59,9.31045
pinned-h2d,2,187,589824,30,18.3105
pageable-staging-h2d,2,187,589824,89,6.17209
fread-pinned,2,251,589824,78,7.04252
pageable-pinned,2,251,589824,59,9.31045
pinned-h2d,2,251,589824,31,17.7199
pageable-staging-h2d,2,251,589824,90,6.10352
fread-pinned,2,120,720896,125,5.37109
pageable-pinned,2,120,720896,61,11.0063
pinned-h2d,2,120,720896,36,18.6496
pageable-staging-h2d,2,120,720896,97,6.92151
fread-pinned,2,17,589824,85,6.46255
pageable-pinned,2,17,589824,58,9.47097
pinned-h2d,2,17,589824,30,18.3105
pageable-staging-h2d,2,17,589824,88,6.24223
fread-pinned,2,230,720896,94,7.14241
pageable-pinned,2,230,720896,78,8.60752
pinned-h2d,2,230,720896,35,19.1825
pageable-staging-h2d,2,230,720896,113,5.94148
fread-pinned,2,64,720896,97,6.92151
pageable-pinned,2,64,720896,52,12.9113
pinned-h2d,2,64,720896,37,18.1456
pageable-staging-h2d,2,64,720896,89,7.54367
fread-pinned,2,128,720896,89,7.54367
pageable-pinned,2,128,720896,47,14.2848
pinned-h2d,2,128,720896,35,19.1825
pageable-staging-h2d,2,128,720896,82,8.18764
fread-pinned,2,5,720896,79,8.49857
pageable-pinned,2,5,720896,36,18.6496
pinned-h2d,2,5,720896,37,18.1456
pageable-staging-h2d,2,5,720896,73,9.19708
fread-pinned,2,42,589824,83,6.61827
pageable-pinned,2,42,589824,41,13.398
pinned-h2d,2,42,589824,31,17.7199
pageable-staging-h2d,2,42,589824,72,7.62939
fread-pinned,2,201,589824,75,7.32422
pageable-pinned,2,201,589824,44,12.4845
pinned-h2d,2,201,589824,30,18.3105
pageable-staging-h2d,2,201,589824,74,7.42319
fread-pinned,2,83,720896,97,6.92151
pageable-pinned,2,83,720896,64,10.4904
pinned-h2d,2,83,720896,36,18.6496
pageable-staging-h2d,2,83,720896,100,6.71387
fread-pinned,2,163,589824,76,7.22785
pageable-pinned,2,163,589824,53,10.3645
pinned-h2d,2,163,589824,30,18.3105
pageable-staging-h2d,2,163,589824,83,6.61827
fread-pinned,2,95,720896,112,5.99452
pageable-pinned,2,95,720896,68,9.87333
pinned-h2d,2,95,720896,35,19.1825
pageable-staging-h2d,2,95,720896,103,6.51832
fread-pinned,2,127,720896,88,7.62939
pageable-pinned,2,127,720896,64,10.4904
pinned-h2d,2,127,720896,36,18.6496
pageable-staging-h2d,2,127,720896,100,6.71387
fread-pinned,2,180,589824,81,6.78168
pageable-pinned,2,180,589824,63,8.71931
pinned-h2d,2,180,589824,31,17.7199
pageable-staging-h2d,2,180,589824,94,5.84379
fread-pinned,2,254,589824,86,6.3874
pageable-pinned,2,254,589824,61,9.00519
pinned-h2d,2,254,589824,31,17.7199
pageable-staging-h2d,2,254,589824,92,5.97083
fread-pinned,2,206,589824,78,7.04252
pageable-pinned,2,206,589824,58,9.47097
pinned-h2d,2,206,589824,30,18.3105
pageable-staging-h2d,2,206,589824,88,6.24223
fread-pinned,2,34,589824,94,5.84379
pageable-pinned,2,34,589824,59,9.31045
pinned-h2d,2,34,589824,30,18.3105
pageable-staging-h2d,2,34,589824,89,6.17209
fread-pinned,2,76,720896,124,5.41441
pageable-pinned,2,76,720896,72,9.32482
pinned-h2d,2,76,720896,35,19.1825
pageable-staging-h2d,2,76,720896,107,6.27464
fread-pinned,2,24,720896,96,6.99361
pageable-pinned,2,24,720896,50,13.4277
pinned-h2d,2,24,720896,36,18.6496
pageable-staging-h2d,2,24,720896,86,7.80682
fread-pinned,2,39,589824,93,5.90663
pageable-pinned,2,39,589824,61,9.00519
pinned-h2d,2,39,589824,31,17.7199
pageable-staging-h2d,2,39,589824,92,5.97083
fread-pinned,2,31,720896,95,7.06723
pageable-pinned,2,31,720896,48,13.9872
pinned-h2d,2,31,720896,36,18.6496
pageable-staging-h2d,2,31,720896,84,7.9927
fread-pinned,2,167,720896,77,8.71931
pageable-pinned,2,167,720896,53,12.6677
pinned-h2d,2,167,720896,36,18.6496
pageable-staging-h2d,2,167,720896,89,7.54367
fread-pinned,2,86,589824,64,8.58307
pageable-pinned,2,86,589824,33,16.646
pinned-h2d,2,86,589824,30,18.3105
pageable-staging-h2d,2,86,589824,63,8.71931
fread-pinned,2,191,720896,67,10.0207
pageable-pinned,2,191,720896,38,17.6681
pinned-h2d,2,191,720896,36,18.6496
pageable-staging-h2d,2,191,720896,74,9.07279
fread-pinned,2,59,589824,84,6.53948
pageable-pinned,2,59,589824,43,12.7748
pinned-h2d,2,59,589824,31,17.7199
pageable-staging-h2d,2,59,589824,74,7.42319
fread-pinned,2,198,720896,77,8.71931
pageable-pinned,2,198,720896,46,14.5954
pinned-h2d,2,198,720896,36,18.6496
pageable-staging-h2d,2,198,720896,82,8.18764
fread-pinned,2,82,720896,94,7.14241
pageable-pinned,2,82,720896,49,13.7018
pinned-h2d,2,82,720896,35,19.1825
pageable-staging-h2d,2,82,720896,84,7.9927
fread-pinned,2,103,589824,75,7.32422
pageable-pinned,2,103,589824,39,14.085
pinned-h2d,2,103,589824,30,18.3105
pageable-staging-h2d,2,103,589824,69,7.96111
fread-pinned,2,193,589824,68,8.07818
pageable-pinned,2,193,589824,35,15.6948
pinned-h2d,2,193,589824,31,17.7199
pageable-staging-h2d,2,193,589824,66,8.32298
fread-pinned,2,97,589824,87,6.31398
pageable-pinned,2,97,589824,38,14.4557
pinned-h2d,2,97,589824,31,17.7199
pageable-staging-h2d,2,97,589824,69,7.96111
fread-pinned,2,68,589824,87,6.31398
pageable-pinned,2,68,589824,46,11.9417
pinned-h2d,2,68,589824,31,17.7199
pageable-staging-h2d,2,68,589824,77,7.13398
fread-pinned,2,229,589824,82,6.69898
pageable-pinned,2,229,589824,40,13.7329
pinned-h2d,2,229,589824,30,18.3105
pageable-staging-h2d,2,229,589824,70,7.84738
fread-pinned,2,12,720896,89,7.54367
pageable-pinned,2,12,720896,55,12.207
pinned-h2d,2,12,720896,36,18.6496
pageable-staging-h2d,2,12,720896,91,7.37788
fread-pinned,2,142,589824,78,7.04252
pageable-pinned,2,142,589824,56,9.80922
pinned-h2d,2,142,589824,30,18.3105
pageable-staging-h2d,2,142,589824,86,6.3874
fread-pinned,2,220,589824,71,7.73685
pageable-pinned,2,220,589824,57,9.63713
pinned-h2d,2,220,589824,30,18.3105
pageable-staging-h2d,2,220,589824,87,6.31398
fread-pinned,2,245,589824,82,6.69898
pageable-pinned,2,245,589824,49,11.2105
pinned-h2d,2,245,589824,30,18.3105
pageable-staging-h2d,2,245,589824,79,6.95337
fread-pinned,2,195,589824,98,5.60527
pageable-pinned,2,195,589824,53,10.3645
pinned-h2d,2,195,589824,31,17.7199
pageable-staging-h2d,2,195,589824,84,6.53948
fread-pinned,2,189,589824,77,7.13398
pageable-pinned,2,189,589824,56,9.80922
pinned-h2d,2,189,589824,30,18.3105
pageable-staging-h2d,2,189,589824,86,6.3874
fread-pinned,2,115,720896,105,6.39416
pageable-pinned,2,115,720896,57,11.7787
pinned-h2d,2,115,720896,35,19.1825
pageable-staging-h2d,2,115,720896,92,7.29768
fread-pinned,2,119,589824,89,6.17209
pageable-pinned,2,119,589824,41,13.398
pinned-h2d,2,119,589824,30,18.3105
pageable-staging-h2d,2,119,589824,71,7.73685
fread-pinned,2,178,720896,116,5.78782
pageable-pinned,2,178,720896,76,8.83404
pinned-h2d,2,178,720896,36,18.6496
pageable-staging-h2d,2,178,720896,112,5.99452
fread-pinned,2,244,860160,136,5.89034
pageable-pinned,2,244,860160,78,10.2703
pinned-h2d,2,244,860160,42,19.0735
pageable-staging-h2d,2,244,860160,120,6.67572
fread-pinned,2,194,589824,86,6.3874
pageable-pinned,2,194,589824,42,13.079
pinned-h2d,2,194,589824,32,17.1661
pageable-staging-h2d,2,194,589824,74,7.42319
fread-pinned,2,28,589824,77,7.13398
pageable-pinned,2,28,589824,36,15.2588
pinned-h2d,2,28,589824,30,18.3105
pageable-staging-h2d,2,28,589824,66,8.32298
fread-pinned,2,100,589824,88,6.24223
pageable-pinned,2,100,589824,44,12.4845
pinned-h2d,2,100,589824,31,17.7199
pageable-staging-h2d,2,100,589824,75,7.32422
fread-pinned,2,102,720896,107,6.27464
pageable-pinned,2,102,720896,45,14.9197
pinned-h2d,2,102,720896,36,18.6496
pageable-staging-h2d,2,102,720896,81,8.28872
fread-pinned,2,94,589824,69,7.96111
pageable-pinned,2,94,589824,40,13.7329
pinned-h2d,2,94,589824,30,18.3105
pageable-staging-h2d,2,94,589824,70,7.84738
fread-pinned,2,208,589824,70,7.84738
pageable-pinned,2,208,589824,40,13.7329
pinned-h2d,2,208,589824,30,18.3105
pageable-staging-h2d,2,208,589824,70,7.84738
fread-pinned,2,239,589824,73,7.52488
pageable-pinned,2,239,589824,42,13.079
pinned-h2d,2,239,589824,30,18.3105
pageable-staging-h2d,2,239,589824,72,7.62939
fread-pinned,2,150,589824,89,6.17209
pageable-pinned,2,150,589824,43,12.7748
pinned-h2d,2,150,589824,30,18.3105
pageable-staging-h2d,2,150,589824,73,7.52488
fread-pinned,2,30,720896,94,7.14241
pageable-pinned,2,30,720896,51,13.1644
pinned-h2d,2,30,720896,35,19.1825
pageable-staging-h2d,2,30,720896,86,7.80682
fread-pinned,2,63,720896,98,6.85088
pageable-pinned,2,63,720896,53,12.6677
pinned-h2d,2,63,720896,37,18.1456
pageable-staging-h2d,2,63,720896,90,7.45985
fread-pinned,2,225,589824,66,8.32298
pageable-pinned,2,225,589824,39,14.085
pinned-h2d,2,225,589824,31,17.7199
pageable-staging-h2d,2,225,589824,70,7.84738
fread-pinned,2,226,589824,73,7.52488
pageable-pinned,2,226,589824,39,14.085
pinned-h2d,2,226,589824,30,18.3105
pageable-staging-h2d,2,226,589824,69,7.96111
fread-pinned,2,118,589824,97,5.66306
pageable-pinned,2,118,589824,56,9.80922
pinned-h2d,2,118,589824,30,18.3105
pageable-staging-h2d,2,118,589824,86,6.3874
fread-pinned,2,32,720896,116,5.78782
pageable-pinned,2,32,720896,85,7.89867
pinned-h2d,2,32,720896,37,18.1456
pageable-staging-h2d,2,32,720896,122,5.50317
fread-pinned,2,149,589824,79,6.95337
pageable-pinned,2,149,589824,62,8.85994
pinned-h2d,2,149,589824,31,17.7199
pageable-staging-h2d,2,149,589824,93,5.90663
fread-pinned,2,66,589824,94,5.84379
pageable-pinned,2,66,589824,56,9.80922
pinned-h2d,2,66,589824,30,18.3105
pageable-staging-h2d,2,66,589824,86,6.3874
fread-pinned,2,52,589824,89,6.17209
pageable-pinned,2,52,589824,53,10.3645
pinned-h2d,2,52,589824,31,17.7199
pageable-staging-h2d,2,52,589824,84,6.53948
fread-pinned,2,10,589824,71,7.73685
pageable-pinned,2,10,589824,35,15.6948
pinned-h2d,2,10,589824,31,17.7199
pageable-staging-h2d,2,10,589824,66,8.32298
fread-pinned,2,157,589824,74,7.42319
pageable-pinned,2,157,589824,53,10.3645
pinned-h2d,2,157,589824,30,18.3105
pageable-staging-h2d,2,157,589824,83,6.61827
fread-pinned,2,126,589824,99,5.54865
pageable-pinned,2,126,589824,62,8.85994
pinned-h2d,2,126,589824,31,17.7199
pageable-staging-h2d,2,126,589824,93,5.90663
fread-pinned,2,136,589824,98,5.60527
pageable-pinned,2,136,589824,57,9.63713
pinned-h2d,2,136,589824,30,18.3105
pageable-staging-h2d,2,136,589824,87,6.31398
fread-pinned,2,41,589824,95,5.78228
pageable-pinned,2,41,589824,61,9.00519
pinned-h2d,2,41,589824,31,17.7199
pageable-staging-h2d,2,41,589824,92,5.97083
fread-pinned,2,55,589824,101,5.43878
pageable-pinned,2,55,589824,69,7.96111
pinned-h2d,2,55,589824,31,17.7199
pageable-staging-h2d,2,55,589824,100,5.49316
fread-pinned,2,255,860160,97,8.25862
pageable-pinned,2,255,860160,60,13.3514
pinned-h2d,2,255,860160,44,18.2065
pageable-staging-h2d,2,255,860160,104,7.70275
fread-pinned,2,243,860160,103,7.77754
pageable-pinned,2,243,860160,65,12.3244
pinned-h2d,2,243,860160,42,19.0735
pageable-staging-h2d,2,243,860160,107,7.48679
fread-pinned,2,98,589824,84,6.53948
pageable-pinned,2,98,589824,32,17.1661
pinned-h2d,2,98,589824,31,17.7199
pageable-staging-h2d,2,98,589824,63,8.71931
fread-pinned,2,140,720896,97,6.92151
pageable-pinned,2,140,720896,43,15.6136
pinned-h2d,2,140,720896,35,19.1825
pageable-staging-h2d,2,140,720896,78,8.60752
fread-pinned,2,237,720896,80,8.39233
pageable-pinned,2,237,720896,45,14.9197
pinned-h2d,2,237,720896,35,19.1825
pageable-staging-h2d,2,237,720896,80,8.39233
fread-pinned,2,23,589824,95,5.78228
pageable-pinned,2,23,589824,60,9.15527
pinned-h2d,2,23,589824,30,18.3105
pageable-staging-h2d,2,23,589824,90,6.10352
fread-pinned,2,4,589824,76,7.22785
pageable-pinned,2,4,589824,30,18.3105
pinned-h2d,2,4,589824,30,18.3105
pageable-staging-h2d,2,4,589824,60,9.15527
fread-pinned,2,152,589824,95,5.78228
pageable-pinned,2,152,589824,51,10.7709
pinned-h2d,2,152,589824,29,18.9419
pageable-staging-h2d,2,152,589824,80,6.86646
fread-pinned,2,56,720896,112,5.99452
pageable-pinned,2,56,720896,67,10.0207
pinned-h2d,2,56,720896,36,18.6496
pageable-staging-h2d,2,56,720896,103,6.51832
fread-pinned,2,253,589824,88,6.24223
pageable-pinned,2,253,589824,54,10.1725
pinned-h2d,2,253,589824,30,18.3105
pageable-staging-h2d,2,253,589824,84,6.53948
fread-pinned,2,108,720896,128,5.24521
pageable-pinned,2,108,720896,83,8.089
pinned-h2d,2,108,720896,35,19.1825
pageable-staging-h2d,2,108,720896,118,5.68972
fread-pinned,2,241,589824,80,6.86646
pageable-pinned,2,241,589824,59,9.31045
pinned-h2d,2,241,589824,30,18.3105
pageable-staging-h2d,2,241,589824,89,6.17209
fread-pinned,2,133,720896,90,7.45985
pageable-pinned,2,133,720896,62,10.8288
pinned-h2d,2,133,720896,39,17.215
pageable-staging-h2d,2,133,720896,101,6.64739
fread-pinned,2,249,860160,123,6.5129
pageable-pinned,2,249,860160,81,9.88996
pinned-h2d,2,249,860160,41,19.5387
pageable-staging-h2d,2,249,860160,122,6.56628
fread-pinned,2,202,589824,98,5.60527
pageable-pinned,2,202,589824,55,9.98757
pinned-h2d,2,202,589824,31,17.7199
pageable-staging-h2d,2,202,589824,86,6.3874
fread-pinned,2,109,720896,116,5.78782
pageable-pinned,2,109,720896,46,14.5954
pinned-h2d,2,109,720896,36,18.6496
pageable-staging-h2d,2,109,720896,82,8.18764
fread-pinned,2,217,860160,104,7.70275
pageable-pinned,2,217,860160,57,14.0541
pinned-h2d,2,217,860160,42,19.0735
pageable-staging-h2d,2,217,860160,99,8.09178
fread-pinned,2,46,589824,91,6.03644
pageable-pinned,2,46,589824,42,13.079
pinned-h2d,2,46,589824,32,17.1661
pageable-staging-h2d,2,46,589824,74,7.42319
fread-pinned,2,158,589824,60,9.15527
pageable-pinned,2,158,589824,31,17.7199
pinned-h2d,2,158,589824,31,17.7199
pageable-staging-h2d,2,158,589824,62,8.85994
fread-pinned,2,188,589824,81,6.78168
pageable-pinned,2,188,589824,45,12.207
pinned-h2d,2,188,589824,31,17.7199
pageable-staging-h2d,2,188,589824,76,7.22785
fread-pinned,2,173,720896,120,5.59489
pageable-pinned,2,173,720896,65,10.329
pinned-h2d,2,173,720896,36,18.6496
pageable-staging-h2d,2,173,720896,101,6.64739
fread-pinned,2,72,589824,98,5.60527
pageable-pinned,2,72,589824,63,8.71931
pinned-h2d,2,72,589824,29,18.9419
pageable-staging-h2d,2,72,589824,92,5.97083
fread-pinned,2,92,589824,84,6.53948
pageable-pinned,2,92,589824,55,9.98757
pinned-h2d,2,92,589824,30,18.3105
pageable-staging-h2d,2,92,589824,85,6.46255
fread-pinned,2,33,589824,94,5.84379
pageable-pinned,2,33,589824,57,9.63713
pinned-h2d,2,33,589824,30,18.3105
pageable-staging-h2d,2,33,589824,87,6.31398
fread-pinned,2,242,589824,78,7.04252
pageable-pinned,2,242,589824,51,10.7709
pinned-h2d,2,242,589824,30,18.3105
pageable-staging-h2d,2,242,589824,81,6.78168
fread-pinned,2,131,589824,69,7.96111
pageable-pinned,2,131,589824,45,12.207
pinned-h2d,2,131,589824,29,18.9419
pageable-staging-h2d,2,131,589824,74,7.42319
fread-pinned,2,81,589824,82,6.69898
pageable-pinned,2,81,589824,60,9.15527
pinned-h2d,2,81,589824,31,17.7199
pageable-staging-h2d,2,81,589824,91,6.03644
fread-pinned,2,232,589824,66,8.32298
pageable-pinned,2,232,589824,40,13.7329
pinned-h2d,2,232,589824,30,18.3105
pageable-staging-h2d,2,232,589824,70,7.84738
fread-pinned,2,144,589824,105,5.23158
pageable-pinned,2,144,589824,68,8.07818
pinned-h2d,2,144,589824,30,18.3105
pageable-staging-h2d,2,144,589824,98,5.60527
fread-pinned,2,121,720896,132,5.08626
pageable-pinned,2,121,720896,86,7.80682
pinned-h2d,2,121,720896,35,19.1825
pageable-staging-h2d,2,121,720896,121,5.54865
fread-pinned,2,19,720896,97,6.92151
pageable-pinned,2,19,720896,63,10.6569
pinned-h2d,2,19,720896,41,16.3753
pageable-staging-h2d,2,19,720896,104,6.45564
fread-pinned,2,147,720896,93,7.21921
pageable-pinned,2,147,720896,50,13.4277
pinned-h2d,2,147,720896,36,18.6496
pageable-staging-h2d,2,147,720896,86,7.80682
fread-pinned,2,227,589824,67,8.19875
pageable-pinned,2,227,589824,38,14.4557
pinned-h2d,2,227,589824,30,18.3105
pageable-staging-h2d,2,227,589824,68,8.07818
fread-pinned,2,90,589824,75,7.32422
pageable-pinned,2,90,589824,44,12.4845
pinned-h2d,2,90,589824,30,18.3105
pageable-staging-h2d,2,90,589824,74,7.42319
fread-pinned,2,69,720896,92,7.29768
pageable-pinned,2,69,720896,52,12.9113
pinned-h2d,2,69,720896,36,18.6496
pageable-staging-h2d,2,69,720896,88,7.62939
fread-pinned,2,192,720896,98,6.85088
pageable-pinned,2,192,720896,48,13.9872
pinned-h2d,2,192,720896,36,18.6496
pageable-staging-h2d,2,192,720896,84,7.9927
fread-pinned,2,231,720896,86,7.80682
pageable-pinned,2,231,720896,75,8.95182
pinned-h2d,2,231,720896,36,18.6496
pageable-staging-h2d,2,231,720896,111,6.04853
fread-pinned,2,224,720896,97,6.92151
pageable-pinned,2,224,720896,70,9.59124
pinned-h2d,2,224,720896,36,18.6496
pageable-staging-h2d,2,224,720896,106,6.33384
fread-pinned,2,197,589824,74,7.42319
pageable-pinned,2,197,589824,55,9.98757
pinned-h2d,2,197,589824,30,18.3105
pageable-staging-h2d,2,197,589824,85,6.46255
fread-pinned,2,137,589824,63,8.71931
pageable-pinned,2,137,589824,40,13.7329
pinned-h2d,2,137,589824,30,18.3105
pageable-staging-h2d,2,137,589824,70,7.84738
fread-pinned,2,13,589824,81,6.78168
pageable-pinned,2,13,589824,60,9.15527
pinned-h2d,2,13,589824,30,18.3105
pageable-staging-h2d,2,13,589824,90,6.10352
fread-pinned,2,175,589824,88,6.24223
pageable-pinned,2,175,589824,51,10.7709
pinned-h2d,2,175,589824,35,15.6948
pageable-staging-h2d,2,175,589824,86,6.3874
fread-pinned,2,8,589824,78,7.04252
pageable-pinned,2,8,589824,34,16.1564
pinned-h2d,2,8,589824,30,18.3105
pageable-staging-h2d,2,8,589824,64,8.58307
fread-pinned,2,89,720896,98,6.85088
pageable-pinned,2,89,720896,79,8.49857
pinned-h2d,2,89,720896,35,19.1825
pageable-staging-h2d,2,89,720896,114,5.88936
fread-pinned,2,80,589824,83,6.61827
pageable-pinned,2,80,589824,45,12.207
pinned-h2d,2,80,589824,30,18.3105
pageable-staging-h2d,2,80,589824,75,7.32422
fread-pinned,2,93,589824,84,6.53948
pageable-pinned,2,93,589824,64,8.58307
pinned-h2d,2,93,589824,30,18.3105
pageable-staging-h2d,2,93,589824,94,5.84379
fread-pinned,2,37,720896,111,6.04853
pageable-pinned,2,37,720896,86,7.80682
pinned-h2d,2,37,720896,35,19.1825
pageable-staging-h2d,2,37,720896,121,5.54865
fread-pinned,2,156,589824,88,6.24223
pageable-pinned,2,156,589824,42,13.079
pinned-h2d,2,156,589824,31,17.7199
pageable-staging-h2d,2,156,589824,73,7.52488
fread-pinned,2,51,720896,113,5.94148
pageable-pinned,2,51,720896,57,11.7787
pinned-h2d,2,51,720896,35,19.1825
pageable-staging-h2d,2,51,720896,92,7.29768
fread-pinned,2,70,720896,96,6.99361
pageable-pinned,2,70,720896,51,13.1644
pinned-h2d,2,70,720896,35,19.1825
pageable-staging-h2d,2,70,720896,86,7.80682
fread-pinned,2,101,720896,104,6.45564
pageable-pinned,2,101,720896,48,13.9872
pinned-h2d,2,101,720896,36,18.6496
pageable-staging-h2d,2,101,720896,84,7.9927
fread-pinned,2,159,720896,90,7.45985
pageable-pinned,2,159,720896,48,13.9872
pinned-h2d,2,159,720896,36,18.6496
pageable-staging-h2d,2,159,720896,84,7.9927
fread-pinned,2,151,589824,64,8.58307
pageable-pinned,2,151,589824,54,10.1725
pinned-h2d,2,151,589824,31,17.7199
pageable-staging-h2d,2,151,589824,85,6.46255
fread-pinned,2,74,589824,98,5.60527
pageable-pinned,2,74,589824,66,8.32298
pinned-h2d,2,74,589824,31,17.7199
pageable-staging-h2d,2,74,589824,97,5.66306
fread-pinned,2,238,589824,87,6.31398
pageable-pinned,2,238,589824,60,9.15527
pinned-h2d,2,238,589824,31,17.7199
pageable-staging-h2d,2,238,589824,91,6.03644
fread-pinned,2,171,589824,92,5.97083
pageable-pinned,2,171,589824,57,9.63713
pinned-h2d,2,171,589824,31,17.7199
pageable-staging-h2d,2,171,589824,88,6.24223
fread-pinned,2,18,720896,98,6.85088
pageable-pinned,2,18,720896,52,12.9113
pinned-h2d,2,18,720896,35,19.1825
pageable-staging-h2d,2,18,720896,87,7.71709
fread-pinned,2,236,720896,103,6.51832
pageable-pinned,2,236,720896,74,9.07279
pinned-h2d,2,236,720896,35,19.1825
pageable-staging-h2d,2,236,720896,109,6.15951
fread-pinned,2,105,589824,101,5.43878
pageable-pinned,2,105,589824,62,8.85994
pinned-h2d,2,105,589824,29,18.9419
pageable-staging-h2d,2,105,589824,91,6.03644
fread-pinned,2,248,589824,72,7.62939
pageable-pinned,2,248,589824,42,13.079
pinned-h2d,2,248,589824,30,18.3105
pageable-staging-h2d,2,248,589824,72,7.62939
fread-pinned,2,60,589824,97,5.66306
pageable-pinned,2,60,589824,61,9.00519
pinned-h2d,2,60,589824,30,18.3105
pageable-staging-h2d,2,60,589824,91,6.03644
fread-pinned,2,3,589824,74,7.42319
pageable-pinned,2,3,589824,40,13.7329
pinned-h2d,2,3,589824,30,18.3105
pageable-staging-h2d,2,3,589824,70,7.84738
fread-pinned,2,87,589824,77,7.13398
pageable-pinned,2,87,589824,63,8.71931
pinned-h2d,2,87,589824,30,18.3105
pageable-staging-h2d,2,87,589824,93,5.90663
fread-pinned,2,0,589824,75,7.32422
pageable-pinned,2,0,589824,28,19.6184
pinned-h2d,2,0,589824,30,18.3105
pageable-staging-h2d,2,0,589824,58,9.47097
fread-pinned,2,207,589824,74,7.42319
pageable-pinned,2,207,589824,33,16.646
pinned-h2d,2,207,589824,31,17.7199
pageable-staging-h2d,2,207,589824,64,8.58307
fread-pinned,2,196,589824,67,8.19875
pageable-pinned,2,196,589824,44,12.4845
pinned-h2d,2,196,589824,31,17.7199
pageable-staging-h2d,2,196,589824,75,7.32422
fread-pinned,2,117,589824,77,7.13398
pageable-pinned,2,117,589824,44,12.4845
pinned-h2d,2,117,589824,30,18.3105
pageable-staging-h2d,2,117,589824,74,7.42319
fread-pinned,2,222,589824,76,7.22785
pageable-pinned,2,222,589824,45,12.207
pinned-h2d,2,222,589824,30,18.3105
pageable-staging-h2d,2,222,589824,75,7.32422
fread-pinned,2,210,720896,89,7.54367
pageable-pinned,2,210,720896,53,12.6677
pinned-h2d,2,210,720896,36,18.6496
pageable-staging-h2d,2,210,720896,89,7.54367
fread-pinned,2,132,589824,61,9.00519
pageable-pinned,2,132,589824,35,15.6948
pinned-h2d,2,132,589824,31,17.7199
pageable-staging-h2d,2,132,589824,66,8.32298
fread-pinned,2,99,589824,102,5.38545
pageable-pinned,2,99,589824,68,8.07818
pinned-h2d,2,99,589824,31,17.7199
pageable-staging-h2d,2,99,589824,99,5.54865
fread-pinned,2,112,589824,75,7.32422
pageable-pinned,2,112,589824,51,10.7709
pinned-h2d,2,112,589824,30,18.3105
pageable-staging-h2d,2,112,589824,81,6.78168
fread-pinned,2,213,589824,88,6.24223
pageable-pinned,2,213,589824,61,9.00519
pinned-h2d,2,213,589824,30,18.3105
pageable-staging-h2d,2,213,589824,91,6.03644
fread-pinned,2,215,589824,76,7.22785
pageable-pinned,2,215,589824,54,10.1725
pinned-h2d,2,215,589824,29,18.9419
pageable-staging-h2d,2,215,589824,83,6.61827
fread-pinned,2,20,589824,95,5.78228
pageable-pinned,2,20,589824,62,8.85994
pinned-h2d,2,20,589824,30,18.3105
pageable-staging-h2d,2,20,589824,92,5.97083
fread-pinned,2,44,720896,115,5.83815
pageable-pinned,2,44,720896,70,9.59124
pinned-h2d,2,44,720896,35,19.1825
pageable-staging-h2d,2,44,720896,105,6.39416
fread-pinned,2,49,589824,95,5.78228
pageable-pinned,2,49,589824,59,9.31045
pinned-h2d,2,49,589824,30,18.3105
pageable-staging-h2d,2,49,589824,89,6.17209
fread-pinned,2,200,589824,88,6.24223
pageable-pinned,2,200,589824,64,8.58307
pinned-h2d,2,200,589824,30,18.3105
pageable-staging-h2d,2,200,589824,94,5.84379
fread-pinned,2,106,589824,92,5.97083
pageable-pinned,2,106,589824,54,10.1725
pinned-h2d,2,106,589824,30,18.3105
pageable-staging-h2d,2,106,589824,84,6.53948
fread-pinned,2,25,720896,105,6.39416
pageable-pinned,2,25,720896,76,8.83404
pinned-h2d,2,25,720896,35,19.1825
pageable-staging-h2d,2,25,720896,111,6.04853
fread-pinned,2,11,720896,90,7.45985
pageable-pinned,2,11,720896,41,16.3753
pinned-h2d,2,11,720896,35,19.1825
pageable-staging-h2d,2,11,720896,76,8.83404
fread-pinned,2,170,589824,99,5.54865
pageable-pinned,2,170,589824,43,12.7748
pinned-h2d,2,170,589824,31,17.7199
pageable-staging-h2d,2,170,589824,74,7.42319
fread-pinned,2,50,720896,115,5.83815
pageable-pinned,2,50,720896,54,12.4331
pinned-h2d,2,50,720896,36,18.6496
pageable-staging-h2d,2,50,720896,90,7.45985
fread-pinned,2,141,720896,90,7.45985
pageable-pinned,2,141,720896,53,12.6677
pinned-h2d,2,141,720896,35,19.1825
pageable-staging-h2d,2,141,720896,88,7.62939
fread-pinned,2,184,589824,69,7.96111
pageable-pinned,2,184,589824,43,12.7748
pinned-h2d,2,184,589824,30,18.3105
pageable-staging-h2d,2,184,589824,73,7.52488
fread-pinned,2,219,589824,67,8.19875
pageable-pinned,2,219,589824,41,13.398
pinned-h2d,2,219,589824,30,18.3105
pageable-staging-h2d,2,219,589824,71,7.73685
fread-pinned,2,26,589824,71,7.73685
pageable-pinned,2,26,589824,32,17.1661
pinned-h2d,2,26,589824,30,18.3105
pageable-staging-h2d,2,26,589824,62,8.85994
fread-pinned,2,111,589824,76,7.22785
pageable-pinned,2,111,589824,33,16.646
pinned-h2d,2,111,589824,31,17.7199
pageable-staging-h2d,2,111,589824,64,8.58307
fread-pinned,2,91,589824,77,7.13398
pageable-pinned,2,91,589824,41,13.398
pinned-h2d,2,91,589824,31,17.7199
pageable-staging-h2d,2,91,589824,72,7.62939
fread-pinned,2,234,589824,98,5.60527
pageable-pinned,2,234,589824,40,13.7329
pinned-h2d,2,234,589824,29,18.9419
pageable-staging-h2d,2,234,589824,69,7.96111
fread-pinned,2,107,589824,94,5.84379
pageable-pinned,2,107,589824,38,14.4557
pinned-h2d,2,107,589824,31,17.7199
pageable-staging-h2d,2,107,589824,69,7.96111
fread-pinned,2,199,720896,85,7.89867
pageable-pinned,2,199,720896,52,12.9113
pinned-h2d,2,199,720896,35,19.1825
pageable-staging-h2d,2,199,720896,87,7.71709
fread-pinned,2,212,720896,106,6.33384
pageable-pinned,2,212,720896,73,9.19708
pinned-h2d,2,212,720896,36,18.6496
pageable-staging-h2d,2,212,720896,109,6.15951
fread-pinned,2,14,589824,80,6.86646
pageable-pinned,2,14,589824,57,9.63713
pinned-h2d,2,14,589824,30,18.3105
pageable-staging-h2d,2,14,589824,87,6.31398
fread-pinned,2,78,589824,101,5.43878
pageable-pinned,2,78,589824,60,9.15527
pinned-h2d,2,78,589824,29,18.9419
pageable-staging-h2d,2,78,589824,89,6.17209
fread-pinned,2,79,589824,88,6.24223
pageable-pinned,2,79,589824,53,10.3645
pinned-h2d,2,79,589824,31,17.7199
pageable-staging-h2d,2,79,589824,84,6.53948
fread-pinned,2,1,589824,77,7.13398
pageable-pinned,2,1,589824,38,14.4557
pinned-h2d,2,1,589824,30,18.3105
pageable-staging-h2d,2,1,589824,68,8.07818
fread-pinned,2,181,589824,75,7.32422
pageable-pinned,2,181,589824,47,11.6876
pinned-h2d,2,181,589824,31,17.7199
pageable-staging-h2d,2,181,589824,78,7.04252
fread-pinned,2,7,589824,77,7.13398
pageable-pinned,2,7,589824,34,16.1564
pinned-h2d,2,7,589824,31,17.7199
pageable-staging-h2d,2,7,589824,65,8.45102
fread-pinned,2,104,589824,83,6.61827
pageable-pinned,2,104,589824,60,9.15527
pinned-h2d,2,104,589824,30,18.3105
pageable-staging-h2d,2,104,589824,90,6.10352
fread-pinned,2,185,720896,96,6.99361
pageable-pinned,2,185,720896,72,9.32482
pinned-h2d,2,185,720896,37,18.1456
pageable-staging-h2d,2,185,720896,109,6.15951
fread-pinned,2,155,589824,76,7.22785
pageable-pinned,2,155,589824,47,11.6876
pinned-h2d,2,155,589824,30,18.3105
pageable-staging-h2d,2,155,589824,77,7.13398
fread-pinned,2,54,589824,84,6.53948
pageable-pinned,2,54,589824,48,11.4441
pinned-h2d,2,54,589824,30,18.3105
pageable-staging-h2d,2,54,589824,78,7.04252
fread-pinned,2,162,589824,77,7.13398
pageable-pinned,2,162,589824,42,13.079
pinned-h2d,2,162,589824,31,17.7199
pageable-staging-h2d,2,162,589824,73,7.52488
fread-pinned,2,96,720896,81,8.28872
pageable-pinned,2,96,720896,54,12.4331
pinned-h2d,2,96,720896,36,18.6496
pageable-staging-h2d,2,96,720896,90,7.45985
fread-pinned,2,214,589824,74,7.42319
pageable-pinned,2,214,589824,44,12.4845
pinned-h2d,2,214,589824,31,17.7199
pageable-staging-h2d,2,214,589824,75,7.32422
fread-pinned,2,223,860160,107,7.48679
pageable-pinned,2,223,860160,59,13.5777
pinned-h2d,2,223,860160,42,19.0735
pageable-staging-h2d,2,223,860160,101,7.93155
fread-pinned,2,48,589824,82,6.69898
pageable-pinned,2,48,589824,41,13.398
pinned-h2d,2,48,589824,31,17.7199
pageable-staging-h2d,2,48,589824,72,7.62939
fread-pinned,2,15,589824,78,7.04252
pageable-pinned,2,15,589824,40,13.7329
pinned-h2d,2,15,589824,31,17.7199
pageable-staging-h2d,2,15,589824,71,7.73685
fread-pinned,2,134,720896,79,8.49857
pageable-pinned,2,134,720896,52,12.9113
pinned-h2d,2,134,720896,37,18.1456
pageable-staging-h2d,2,134,720896,89,7.54367
fread-pinned,2,250,860160,121,6.62055
pageable-pinned,2,250,860160,62,12.9207
pinned-h2d,2,250,860160,42,19.0735
pageable-staging-h2d,2,250,860160,104,7.70275
fread-pinned,2,211,720896,75,8.95182
pageable-pinned,2,211,720896,49,13.7018
pinned-h2d,2,211,720896,36,18.6496
pageable-staging-h2d,2,211,720896,85,7.89867
fread-pinned,2,85,589824,71,7.73685
pageable-pinned,2,85,589824,42,13.079
pinned-h2d,2,85,589824,30,18.3105
pageable-staging-h2d,2,85,589824,72,7.62939
fread-pinned,2,6,720896,89,7.54367
pageable-pinned,2,6,720896,37,18.1456
pinned-h2d,2,6,720896,35,19.1825
pageable-staging-h2d,2,6,720896,72,9.32482
fread-pinned,2,252,589824,91,6.03644
pageable-pinned,2,252,589824,40,13.7329
pinned-h2d,2,252,589824,30,18.3105
pageable-staging-h2d,2,252,589824,70,7.84738
fread-pinned,2,38,720896,101,6.64739
pageable-pinned,2,38,720896,56,11.989
pinned-h2d,2,38,720896,36,18.6496
pageable-staging-h2d,2,38,720896,92,7.29768
fread-pinned,2,161,589824,67,8.19875
pageable-pinned,2,161,589824,39,14.085
pinned-h2d,2,161,589824,31,17.7199
pageable-staging-h2d,2,161,589824,70,7.84738
fread-pinned,2,16,589824,90,6.10352
pageable-pinned,2,16,589824,42,13.079
pinned-h2d,2,16,589824,30,18.3105
pageable-staging-h2d,2,16,589824,72,7.62939
fread-pinned,2,190,589824,68,8.07818
pageable-pinned,2,190,589824,40,13.7329
pinned-h2d,2,190,589824,30,18.3105
pageable-staging-h2d,2,190,589824,70,7.84738
fread-pinned,2,143,589824,98,5.60527
pageable-pinned,2,143,589824,42,13.079
pinned-h2d,2,143,589824,31,17.7199
pageable-staging-h2d,2,143,589824,73,7.52488
fread-pinned,2,186,720896,90,7.45985
pageable-pinned,2,186,720896,74,9.07279
pinned-h2d,2,186,720896,35,19.1825
pageable-staging-h2d,2,186,720896,109,6.15951
fread-pinned,2,166,720896,91,7.37788
pageable-pinned,2,166,720896,63,10.6569
pinned-h2d,2,166,720896,35,19.1825
pageable-staging-h2d,2,166,720896,98,6.85088
fread-pinned,2,216,589824,80,6.86646
pageable-pinned,2,216,589824,58,9.47097
pinned-h2d,2,216,589824,31,17.7199
pageable-staging-h2d,2,216,589824,89,6.17209
fread-pinned,2,221,589824,97,5.66306
pageable-pinned,2,221,589824,59,9.31045
pinned-h2d,2,221,589824,30,18.3105
pageable-staging-h2d,2,221,589824,89,6.17209
fread-pinned,2,209,589824,79,6.95337
pageable-pinned,2,209,589824,59,9.31045
pinned-h2d,2,209,589824,30,18.3105
pageable-staging-h2d,2,209,589824,89,6.17209
fread-pinned,2,154,720896,134,5.01035
pageable-pinned,2,154,720896,80,8.39233
pinned-h2d,2,154,720896,35,19.1825
pageable-staging-h2d,2,154,720896,115,5.83815
fread-pinned,2,165,720896,99,6.78168
pageable-pinned,2,165,720896,74,9.07279
pinned-h2d,2,165,720896,34,19.7467
pageable-staging-h2d,2,165,720896,108,6.21654
fread-pinned,2,73,589824,91,6.03644
pageable-pinned,2,73,589824,54,10.1725
pinned-h2d,2,73,589824,31,17.7199
pageable-staging-h2d,2,73,589824,85,6.46255
fread-pinned,2,130,589824,77,7.13398
pageable-pinned,2,130,589824,54,10.1725
pinned-h2d,2,130,589824,30,18.3105
pageable-staging-h2d,2,130,589824,84,6.53948
fread-pinned,2,9,589824,77,7.13398
pageable-pinned,2,9,589824,38,14.4557
pinned-h2d,2,9,589824,29,18.9419
pageable-staging-h2d,2,9,589824,67,8.19875
fread-pinned,2,240,589824,86,6.3874
pageable-pinned,2,240,589824,61,9.00519
pinned-h2d,2,240,589824,30,18.3105
pageable-staging-h2d,2,240,589824,91,6.03644
fread-pinned,2,21,589824,85,6.46255
pageable-pinned,2,21,589824,43,12.7748
pinned-h2d,2,21,589824,31,17.7199
pageable-staging-h2d,2,21,589824,74,7.42319
fread-pinned,2,2,589824,70,7.84738
pageable-pinned,2,2,589824,34,16.1564
pinned-h2d,2,2,589824,30,18.3105
pageable-staging-h2d,2,2,589824,64,8.58307
fread-pinned,2,172,720896,94,7.14241
pageable-pinned,2,172,720896,54,12.4331
pinned-h2d,2,172,720896,36,18.6496
pageable-staging-h2d,2,172,720896,90,7.45985
fread-pinned,2,124,589824,66,8.32298
pageable-pinned,2,124,589824,40,13.7329
pinned-h2d,2,124,589824,31,17.7199
pageable-staging-h2d,2,124,589824,71,7.73685
fread-pinned,2,40,589824,76,7.22785
pageable-pinned,2,40,589824,32,17.1661
pinned-h2d,2,40,589824,30,18.3105
pageable-staging-h2d,2,40,589824,62,8.85994
fread-pinned,2,71,589824,95,5.78228
pageable-pinned,2,71,589824,44,12.4845
pinned-h2d,2,71,589824,31,17.7199
pageable-staging-h2d,2,71,589824,75,7.32422
fread-pinned,2,77,720896,128,5.24521
pageable-pinned,2,77,720896,57,11.7787
pinned-h2d,2,77,720896,36,18.6496
pageable-staging-h2d,2,77,720896,93,7.21921
fread-pinned,2,228,589824,79,6.95337
pageable-pinned,2,228,589824,44,12.4845
pinned-h2d,2,228,589824,31,17.7199
pageable-staging-h2d,2,228,589824,75,7.32422
fread-pinned,2,138,589824,70,7.84738
pageable-pinned,2,138,589824,40,13.7329
pinned-h2d,2,138,589824,30,18.3105
pageable-staging-h2d,2,138,589824,70,7.84738
fread-pinned,2,122,720896,88,7.62939
pageable-pinned,2,122,720896,53,12.6677
pinned-h2d,2,122,720896,36,18.6496
pageable-staging-h2d,2,122,720896,89,7.54367
fread-pinned,2,116,589824,79,6.95337
pageable-pinned,2,116,589824,40,13.7329
pinned-h2d,2,116,589824,30,18.3105
pageable-staging-h2d,2,116,589824,70,7.84738
fread-pinned,2,110,589824,66,8.32298
pageable-pinned,2,110,589824,54,10.1725
pinned-h2d,2,110,589824,30,18.3105
pageable-staging-h2d,2,110,589824,84,6.53948
fread-pinned,2,57,720896,115,5.83815
pageable-pinned,2,57,720896,74,9.07279
pinned-h2d,2,57,720896,35,19.1825
pageable-staging-h2d,2,57,720896,109,6.15951
fread-pinned,2,139,589824,83,6.61827
pageable-pinned,2,139,589824,61,9.00519
pinned-h2d,2,139,589824,30,18.3105
pageable-staging-h2d,2,139,589824,91,6.03644
fread-pinned,2,58,589824,96,5.72205
pageable-pinned,2,58,589824,59,9.31045
pinned-h2d,2,58,589824,31,17.7199
pageable-staging-h2d,2,58,589824,90,6.10352
fread-pinned,2,75,720896,116,5.78782
pageable-pinned,2,75,720896,75,8.95182
pinned-h2d,2,75,720896,35,19.1825
pageable-staging-h2d,2,75,720896,110,6.10352
fread-pinned,2,135,589824,79,6.95337
pageable-pinned,2,135,589824,59,9.31045
pinned-h2d,2,135,589824,31,17.7199
pageable-staging-h2d,2,135,589824,90,6.10352
fread-pinned,2,146,720896,96,6.99361
pageable-pinned,2,146,720896,76,8.83404
pinned-h2d,2,146,720896,35,19.1825
pageable-staging-h2d,2,146,720896,111,6.04853
fread-pinned,2,129,589824,79,6.95337
pageable-pinned,2,129,589824,55,9.98757
pinned-h2d,2,129,589824,30,18.3105
pageable-staging-h2d,2,129,589824,85,6.46255
fread-pinned,2,246,589824,74,7.42319
pageable-pinned,2,246,589824,49,11.2105
pinned-h2d,2,246,589824,30,18.3105
pageable-staging-h2d,2,246,589824,79,6.95337
fread-pinned,2,247,589824,78,7.04252
pageable-pinned,2,247,589824,59,9.31045
pinned-h2d,2,247,589824,31,17.7199
pageable-staging-h2d,2,247,589824,90,6.10352
fread-pinned,2,36,589824,102,5.38545
pageable-pinned,2,36,589824,64,8.58307
pinned-h2d,2,36,589824,30,18.3105
pageable-staging-h2d,2,36,589824,94,5.84379
fread-pinned,2,160,720896,92,7.29768
pageable-pinned,2,160,720896,53,12.6677
pinned-h2d,2,160,720896,35,19.1825
pageable-staging-h2d,2,160,720896,88,7.62939
fread-pinned,2,45,589824,85,6.46255
pageable-pinned,2,45,589824,39,14.085
pinned-h2d,2,45,589824,31,17.7199
pageable-staging-h2d,2,45,589824,70,7.84738
fread-pinned,2,22,589824,78,7.04252
pageable-pinned,2,22,589824,34,16.1564
pinned-h2d,2,22,589824,31,17.7199
pageable-staging-h2d,2,22,589824,65,8.45102
fread-pinned,2,114,720896,88,7.62939
pageable-pinned,2,114,720896,52,12.9113
pinned-h2d,2,114,720896,36,18.6496
pageable-staging-h2d,2,114,720896,88,7.62939
fread-pinned,2,88,720896,84,7.9927
pageable-pinned,2,88,720896,43,15.6136
pinned-h2d,2,88,720896,36,18.6496
pageable-staging-h2d,2,88,720896,79,8.49857
fread-pinned,2,153,720896,84,7.9927
pageable-pinned,2,153,720896,72,9.32482
pinned-h2d,2,153,720896,35,19.1825
pageable-staging-h2d,2,153,720896,107,6.27464
fread-pinned,2,123,589824,73,7.52488
pageable-pinned,2,123,589824,52,10.5638
pinned-h2d,2,123,589824,30,18.3105
pageable-staging-h2d,2,123,589824,82,6.69898
fread-pinned,2,62,589824,83,6.61827
pageable-pinned,2,62,589824,51,10.7709
pinned-h2d,2,62,589824,29,18.9419
pageable-staging-h2d,2,62,589824,80,6.86646
fread-pinned,2,35,589824,89,6.17209
pageable-pinned,2,35,589824,61,9.00519
pinned-h2d,2,35,589824,30,18.3105
pageable-staging-h2d,2,35,589824,91,6.03644
fread-pinned,2,27,589824,92,5.97083
pageable-pinned,2,27,589824,62,8.85994
pinned-h2d,2,27,589824,30,18.3105
pageable-staging-h2d,2,27,589824,92,5.97083
fread-pinned,2,203,589824,83,6.61827
pageable-pinned,2,203,589824,69,7.96111
pinned-h2d,2,203,589824,30,18.3105
pageable-staging-h2d,2,203,589824,99,5.54865
fread-pinned,2,177,589824,86,6.3874
pageable-pinned,2,177,589824,69,7.96111
pinned-h2d,2,177,589824,30,18.3105
pageable-staging-h2d,2,177,589824,99,5.54865
fread-pinned,2,168,589824,111,4.9488
pageable-pinned,2,168,589824,73,7.52488
pinned-h2d,2,168,589824,31,17.7199
pageable-staging-h2d,2,168,589824,104,5.28189
fread-pinned,2,183,589824,79,6.95337
pageable-pinned,2,183,589824,57,9.63713
pinned-h2d,2,183,589824,31,17.7199
pageable-staging-h2d,2,183,589824,88,6.24223
fread-pinned,2,47,589824,92,5.97083
pageable-pinned,2,47,589824,68,8.07818
pinned-h2d,2,47,589824,29,18.9419
pageable-staging-h2d,2,47,589824,97,5.66306
fread-pinned,2,61,589824,101,5.43878
pageable-pinned,2,61,589824,68,8.07818
pinned-h2d,2,61,589824,29,18.9419
pageable-staging-h2d,2,61,589824,97,5.66306
fread-pinned,2,84,589824,74,7.42319
pageable-pinned,2,84,589824,47,11.6876
pinned-h2d,2,84,589824,30,18.3105
pageable-staging-h2d,2,84,589824,77,7.13398
fread-pinned,2,145,589824,91,6.03644
pageable-pinned,2,145,589824,37,14.8464
pinned-h2d,2,145,589824,30,18.3105
pageable-staging-h2d,2,145,589824,67,8.19875
fread-pinned,2,65,589824,77,7.13398
pageable-pinned,2,65,589824,39,14.085
pinned-h2d,2,65,589824,30,18.3105
pageable-staging-h2d,2,65,589824,69,7.96111
fread-pinned,2,235,589824,65,8.45102
pageable-pinned,2,235,589824,38,14.4557
pinned-h2d,2,235,589824,30,18.3105
pageable-staging-h2d,2,235,589824,68,8.07818
fread-pinned,2,29,589824,83,6.61827
pageable-pinned,2,29,589824,47,11.6876
pinned-h2d,2,29,589824,30,18.3105
pageable-staging-h2d,2,29,589824,77,7.13398
fread-pinned,2,113,589824,70,7.84738
pageable-pinned,2,113,589824,44,12.4845
pinned-h2d,2,113,589824,30,18.3105
pageable-staging-h2d,2,113,589824,74,7.42319
fread-pinned,2,53,589824,74,7.42319
pageable-pinned,2,53,589824,32,17.1661
pinned-h2d,2,53,589824,30,18.3105
pageable-staging-h2d,2,53,589824,62,8.85994
fread-pinned,2,43,720896,97,6.92151
pageable-pinned,2,43,720896,46,14.5954
pinned-h2d,2,43,720896,35,19.1825
pageable-staging-h2d,2,43,720896,81,8.28872
fread-pinned,2,164,589824,66,8.32298
pageable-pinned,2,164,589824,45,12.207
pinned-h2d,2,164,589824,31,17.7199
pageable-staging-h2d,2,164,589824,76,7.22785
fread-pinned,2,204,720896,93,7.21921
pageable-pinned,2,204,720896,56,11.989
pinned-h2d,2,204,720896,36,18.6496
pageable-staging-h2d,2,204,720896,92,7.29768
fread-pinned,2,218,860160,109,7.34942
pageable-pinned,2,218,860160,63,12.7157
pinned-h2d,2,218,860160,42,19.0735
pageable-staging-h2d,2,218,860160,105,7.62939
fread-pinned,2,205,720896,117,5.73835
pageable-pinned,2,205,720896,75,8.95182
pinned-h2d,2,205,720896,36,18.6496
pageable-staging-h2d,2,205,720896,111,6.04853
fread-pinned,2,169,589824,108,5.08626
pageable-pinned,2,169,589824,72,7.62939
pinned-h2d,2,169,589824,30,18.3105
pageable-staging-h2d,2,169,589824,102,5.38545
fread-pinned,2,148,589824,83,6.61827
pageable-pinned,2,148,589824,69,7.96111
pinned-h2d,2,148,589824,30,18.3105
pageable-staging-h2d,2,148,589824,99,5.54865
fread-pinned,2,182,589824,84,6.53948
pageable-pinned,2,182,589824,71,7.73685
pinned-h2d,2,182,589824,30,18.3105
pageable-staging-h2d,2,182,589824,101,5.43878
fread-pinned,2,174,589824,102,5.38545
pageable-pinned,2,174,589824,71,7.73685
pinned-h2d,2,174,589824,30,18.3105
pageable-staging-h2d,2,174,589824,101,5.43878
fread-pinned,2,233,589824,77,7.13398
pageable-pinned,2,233,589824,46,11.9417
pinned-h2d,2,233,589824,30,18.3105
pageable-staging-h2d,2,233,589824,76,7.22785
fread-pinned,2,179,720896,125,5.37109
pageable-pinned,2,179,720896,82,8.18764
pinned-h2d,2,179,720896,35,19.1825
pageable-staging-h2d,2,179,720896,117,5.73835
fread-pinned,2,125,589824,98,5.60527
pageable-pinned,2,125,589824,64,8.58307
pinned-h2d,2,125,589824,30,18.3105
pageable-staging-h2d,2,125,589824,94,5.84379
fread-pinned,3,169,589824,106,5.18223
pageable-pinned,3,169,589824,69,7.96111
pinned-h2d,3,169,589824,30,18.3105
pageable-staging-h2d,3,169,589824,99,5.54865
fread-pinned,3,8,589824,80,6.86646
pageable-pinned,3,8,589824,36,15.2588
pinned-h2d,3,8,589824,30,18.3105
pageable-staging-h2d,3,8,589824,66,8.32298
fread-pinned,3,129,589824,88,6.24223
pageable-pinned,3,129,589824,48,11.4441
pinned-h2d,3,129,589824,30,18.3105
pageable-staging-h2d,3,129,589824,78,7.04252
fread-pinned,3,162,589824,66,8.32298
pageable-pinned,3,162,589824,44,12.4845
pinned-h2d,3,162,589824,30,18.3105
pageable-staging-h2d,3,162,589824,74,7.42319
fread-pinned,3,133,720896,80,8.39233
pageable-pinned,3,133,720896,41,16.3753
pinned-h2d,3,133,720896,35,19.1825
pageable-staging-h2d,3,133,720896,76,8.83404
fread-pinned,3,249,860160,94,8.5222
pageable-pinned,3,249,860160,59,13.5777
pinned-h2d,3,249,860160,41,19.5387
pageable-staging-h2d,3,249,860160,100,8.01086
fread-pinned,3,72,589824,84,6.53948
pageable-pinned,3,72,589824,42,13.079
pinned-h2d,3,72,589824,31,17.7199
pageable-staging-h2d,3,72,589824,73,7.52488
fread-pinned,3,220,589824,64,8.58307
pageable-pinned,3,220,589824,44,12.4845
pinned-h2d,3,220,589824,31,17.7199
pageable-staging-h2d,3,220,589824,75,7.32422
fread-pinned,3,167,720896,76,8.83404
pageable-pinned,3,167,720896,47,14.2848
pinned-h2d,3,167,720896,36,18.6496
pageable-staging-h2d,3,167,720896,83,8.089
fread-pinned,3,6,720896,90,7.45985
pageable-pinned,3,6,720896,37,18.1456
pinned-h2d,3,6,720896,37,18.1456
pageable-staging-h2d,3,6,720896,74,9.07279
fread-pinned,3,15,589824,80,6.86646
pageable-pinned,3,15,589824,44,12.4845
pinned-h2d,3,15,589824,31,17.7199
pageable-staging-h2d,3,15,589824,75,7.32422
fread-pinned,3,164,589824,64,8.58307
pageable-pinned,3,164,589824,40,13.7329
pinned-h2d,3,164,589824,31,17.7199
pageable-staging-h2d,3,164,589824,71,7.73685
fread-pinned,3,166,720896,74,9.07279
pageable-pinned,3,166,720896,43,15.6136
pinned-h2d,3,166,720896,35,19.1825
pageable-staging-h2d,3,166,720896,78,8.60752
fread-pinned,3,251,589824,61,9.00519
pageable-pinned,3,251,589824,37,14.8464
pinned-h2d,3,251,589824,32,17.1661
pageable-staging-h2d,3,251,589824,69,7.96111
fread-pinned,3,96,720896,84,7.9927
pageable-pinned,3,96,720896,57,11.7787
pinned-h2d,3,96,720896,36,18.6496
pageable-staging-h2d,3,96,720896,93,7.21921
fread-pinned,3,200,589824,77,7.13398
pageable-pinned,3,200,589824,41,13.398
pinned-h2d,3,200,589824,31,17.7199
pageable-staging-h2d,3,200,589824,72,7.62939
fread-pinned,3,217,860160,95,8.43249
pageable-pinned,3,217,860160,55,14.5652
pinned-h2d,3,217,860160,43,18.6299
pageable-staging-h2d,3,217,860160,98,8.17435
fread-pinned,3,234,589824,94,5.84379
pageable-pinned,3,234,589824,42,13.079
pinned-h2d,3,234,589824,32,17.1661
pageable-staging-h2d,3,234,589824,74,7.42319
fread-pinned,3,109,720896,105,6.39416
pageable-pinned,3,109,720896,39,17.215
pinned-h2d,3,109,720896,36,18.6496
pageable-staging-h2d,3,109,720896,75,8.95182
fread-pinned,3,156,589824,76,7.22785
pageable-pinned,3,156,589824,41,13.398
pinned-h2d,3,156,589824,31,17.7199
pageable-staging-h2d,3,156,589824,72,7.62939
fread-pinned,3,2,589824,75,7.32422
pageable-pinned,3,2,589824,46,11.9417
pinned-h2d,3,2,589824,31,17.7199
pageable-staging-h2d,3,2,589824,77,7.13398
fread-pinned,3,88,720896,96,6.99361
pageable-pinned,3,88,720896,61,11.0063
pinned-h2d,3,88,720896,35,19.1825
pageable-staging-h2d,3,88,720896,96,6.99361
fread-pinned,3,232,589824,65,8.45102
pageable-pinned,3,232,589824,37,14.8464
pinned-h2d,3,232,589824,31,17.7199
pageable-staging-h2d,3,232,589824,68,8.07818
fread-pinned,3,184,589824,83,6.61827
pageable-pinned,3,184,589824,48,11.4441
pinned-h2d,3,184,589824,31,17.7199
pageable-staging-h2d,3,184,589824,79,6.95337
fread-pinned,3,20,589824,86,6.3874
pageable-pinned,3,20,589824,45,12.207
pinned-h2d,3,20,589824,30,18.3105
pageable-staging-h2d,3,20,589824,75,7.32422
fread-pinned,3,45,589824,87,6.31398
pageable-pinned,3,45,589824,41,13.398
pinned-h2d,3,45,589824,30,18.3105
pageable-staging-h2d,3,45,589824,71,7.73685
fread-pinned,3,252,589824,90,6.10352
pageable-pinned,3,252,589824,45,12.207
pinned-h2d,3,252,589824,31,17.7199
pageable-staging-h2d,3,252,589824,76,7.22785
fread-pinned,3,140,720896,107,6.27464
pageable-pinned,3,140,720896,47,14.2848
pinned-h2d,3,140,720896,37,18.1456
pageable-staging-h2d,3,140,720896,84,7.9927
fread-pinned,3,160,720896,94,7.14241
pageable-pinned,3,160,720896,59,11.3794
pinned-h2d,3,160,720896,35,19.1825
pageable-staging-h2d,3,160,720896,94,7.14241
fread-pinned,3,104,589824,82,6.69898
pageable-pinned,3,104,589824,60,9.15527
pinned-h2d,3,104,589824,29,18.9419
pageable-staging-h2d,3,104,589824,89,6.17209
fread-pinned,3,29,589824,93,5.90663
pageable-pinned,3,29,589824,64,8.58307
pinned-h2d,3,29,589824,31,17.7199
pageable-staging-h2d,3,29,589824,95,5.78228
fread-pinned,3,37,720896,110,6.10352
pageable-pinned,3,37,720896,88,7.62939
pinned-h2d,3,37,720896,34,19.7467
pageable-staging-h2d,3,37,720896,122,5.50317
fread-pinned,3,44,720896,115,5.83815
pageable-pinned,3,44,720896,69,9.73024
pinned-h2d,3,44,720896,35,19.1825
pageable-staging-h2d,3,44,720896,104,6.45564
fread-pinned,3,198,720896,97,6.92151
pageable-pinned,3,198,720896,73,9.19708
pinned-h2d,3,198,720896,35,19.1825
pageable-staging-h2d,3,198,720896,108,6.21654
fread-pinned,3,66,589824,94,5.84379
pageable-pinned,3,66,589824,62,8.85994
pinned-h2d,3,66,589824,30,18.3105
pageable-staging-h2d,3,66,589824,92,5.97083
fread-pinned,3,206,589824,80,6.86646
pageable-pinned,3,206,589824,62,8.85994
pinned-h2d,3,206,589824,31,17.7199
pageable-staging-h2d,3,206,589824,93,5.90663
fread-pinned,3,11,720896,92,7.29768
pageable-pinned,3,11,720896,55,12.207
pinned-h2d,3,11,720896,35,19.1825
pageable-staging-h2d,3,11,720896,90,7.45985
fread-pinned,3,196,589824,78,7.04252
pageable-pinned,3,196,589824,62,8.85994
pinned-h2d,3,196,589824,31,17.7199
pageable-staging-h2d,3,196,589824,93,5.90663
fread-pinned,3,99,589824,102,5.38545
pageable-pinned,3,99,589824,60,9.15527
pinned-h2d,3,99,589824,30,18.3105
pageable-staging-h2d,3,99,589824,90,6.10352
fread-pinned,3,199,720896,88,7.62939
pageable-pinned,3,199,720896,56,11.989
pinned-h2d,3,199,720896,37,18.1456
pageable-staging-h2d,3,199,720896,93,7.21921
fread-pinned,3,67,589824,75,7.32422
pageable-pinned,3,67,589824,38,14.4557
pinned-h2d,3,67,589824,30,18.3105
pageable-staging-h2d,3,67,589824,68,8.07818
fread-pinned,3,82,720896,97,6.92151
pageable-pinned,3,82,720896,52,12.9113
pinned-h2d,3,82,720896,37,18.1456
pageable-staging-h2d,3,82,720896,89,7.54367
fread-pinned,3,91,589824,79,6.95337
pageable-pinned,3,91,589824,44,12.4845
pinned-h2d,3,91,589824,31,17.7199
pageable-staging-h2d,3,91,589824,75,7.32422
fread-pinned,3,18,720896,87,7.71709
pageable-pinned,3,18,720896,40,16.7847
pinned-h2d,3,18,720896,35,19.1825
pageable-staging-h2d,3,18,720896,75,8.95182
fread-pinned,3,83,720896,94,7.14241
pageable-pinned,3,83,720896,45,14.9197
pinned-h2d,3,83,720896,36,18.6496
pageable-staging-h2d,3,83,720896,81,8.28872
fread-pinned,3,1,589824,68,8.07818
pageable-pinned,3,1,589824,30,18.3105
pinned-h2d,3,1,589824,31,17.7199
pageable-staging-h2d,3,1,589824,61,9.00519
fread-pinned,3,112,589824,64,8.58307
pageable-pinned,3,112,589824,36,15.2588
pinned-h2d,3,112,589824,30,18.3105
pageable-staging-h2d,3,112,589824,66,8.32298
fread-pinned,3,161,589824,67,8.19875
pageable-pinned,3,161,589824,41,13.398
pinned-h2d,3,161,589824,30,18.3105
pageable-staging-h2d,3,161,589824,71,7.73685
fread-pinned,3,203,589824,70,7.84738
pageable-pinned,3,203,589824,52,10.5638
pinned-h2d,3,203,589824,31,17.7199
pageable-staging-h2d,3,203,589824,83,6.61827
fread-pinned,3,35,589824,77,7.13398
pageable-pinned,3,35,589824,41,13.398
pinned-h2d,3,35,589824,31,17.7199
pageable-staging-h2d,3,35,589824,72,7.62939
fread-pinned,3,228,589824,77,7.13398
pageable-pinned,3,228,589824,44,12.4845
pinned-h2d,3,228,589824,31,17.7199
pageable-staging-h2d,3,228,589824,75,7.32422
fread-pinned,3,58,589824,84,6.53948
pageable-pinned,3,58,589824,45,12.207
pinned-h2d,3,58,589824,30,18.3105
pageable-staging-h2d,3,58,589824,75,7.32422
fread-pinned,3,250,860160,127,6.30777
pageable-pinned,3,250,860160,68,11.7807
pinned-h2d,3,250,860160,42,19.0735
pageable-staging-h2d,3,250,860160,110,7.2826
fread-pinned,3,121,720896,108,6.21654
pageable-pinned,3,121,720896,55,12.207
pinned-h2d,3,121,720896,36,18.6496
pageable-staging-h2d,3,121,720896,91,7.37788
fread-pinned,3,213,589824,73,7.52488
pageable-pinned,3,213,589824,42,13.079
pinned-h2d,3,213,589824,31,17.7199
pageable-staging-h2d,3,213,589824,73,7.52488
fread-pinned,3,145,589824,87,6.31398
pageable-pinned,3,145,589824,34,16.1564
pinned-h2d,3,145,589824,31,17.7199
pageable-staging-h2d,3,145,589824,65,8.45102
fread-pinned,3,181,589824,77,7.13398
pageable-pinned,3,181,589824,47,11.6876
pinned-h2d,3,181,589824,31,17.7199
pageable-staging-h2d,3,181,589824,78,7.04252
fread-pinned,3,7,589824,78,7.04252
pageable-pinned,3,7,589824,34,16.1564
pinned-h2d,3,7,589824,31,17.7199
pageable-staging-h2d,3,7,589824,65,8.45102
fread-pinned,3,144,589824,99,5.54865
pageable-pinned,3,144,589824,63,8.71931
pinned-h2d,3,144,589824,31,17.7199
pageable-staging-h2d,3,144,589824,94,5.84379
fread-pinned,3,80,589824,80,6.86646
pageable-pinned,3,80,589824,42,13.079
pinned-h2d,3,80,589824,31,17.7199
pageable-staging-h2d,3,80,589824,73,7.52488
fread-pinned,3,165,720896,96,6.99361
pageable-pinned,3,165,720896,70,9.59124
pinned-h2d,3,165,720896,34,19.7467
pageable-staging-h2d,3,165,720896,104,6.45564
fread-pinned,3,122,720896,100,6.71387
pageable-pinned,3,122,720896,77,8.71931
pinned-h2d,3,122,720896,35,19.1825
pageable-staging-h2d,3,122,720896,112,5.99452
fread-pinned,3,100,589824,99,5.54865
pageable-pinned,3,100,589824,58,9.47097
pinned-h2d,3,100,589824,31,17.7199
pageable-staging-h2d,3,100,589824,89,6.17209
fread-pinned,3,68,589824,102,5.38545
pageable-pinned,3,68,589824,61,9.00519
pinned-h2d,3,68,589824,30,18.3105
pageable-staging-h2d,3,68,589824,91,6.03644
fread-pinned,3,127,720896,92,7.29768
pageable-pinned,3,127,720896,68,9.87333
pinned-h2d,3,127,720896,36,18.6496
pageable-staging-h2d,3,127,720896,104,6.45564
fread-pinned,3,243,860160,121,6.62055
pageable-pinned,3,243,860160,83,9.65164
pinned-h2d,3,243,860160,41,19.5387
pageable-staging-h2d,3,243,860160,124,6.46037
fread-pinned,3,255,860160,112,7.15256
pageable-pinned,3,255,860160,59,13.5777
pinned-h2d,3,255,860160,41,19.5387
pageable-staging-h2d,3,255,860160,100,8.01086
fread-pinned,3,16,589824,92,5.97083
pageable-pinned,3,16,589824,45,12.207
pinned-h2d,3,16,589824,31,17.7199
pageable-staging-h2d,3,16,589824,76,7.22785
fread-pinned,3,106,589824,85,6.46255
pageable-pinned,3,106,589824,35,15.6948
pinned-h2d,3,106,589824,31,17.7199
pageable-staging-h2d,3,106,589824,66,8.32298
fread-pinned,3,247,589824,78,7.04252
pageable-pinned,3,247,589824,45,12.207
pinned-h2d,3,247,589824,30,18.3105
pageable-staging-h2d,3,247,589824,75,7.32422
fread-pinned,3,26,589824,71,7.73685
pageable-pinned,3,26,589824,34,16.1564
pinned-h2d,3,26,589824,30,18.3105
pageable-staging-h2d,3,26,589824,64,8.58307
fread-pinned,3,254,589824,80,6.86646
pageable-pinned,3,254,589824,46,11.9417
pinned-h2d,3,254,589824,31,17.7199
pageable-staging-h2d,3,254,589824,77,7.13398
fread-pinned,3,148,589824,81,6.78168
pageable-pinned,3,148,589824,60,9.15527
pinned-h2d,3,148,589824,30,18.3105
pageable-staging-h2d,3,148,589824,90,6.10352
fread-pinned,3,117,589824,80,6.86646
pageable-pinned,3,117,589824,55,9.98757
pinned-h2d,3,117,589824,32,17.1661
pageable-staging-h2d,3,117,589824,87,6.31398
fread-pinned,3,5,720896,98,6.85088
pageable-pinned,3,5,720896,56,11.989
pinned-h2d,3,5,720896,35,19.1825
pageable-staging-h2d,3,5,720896,91,7.37788
fread-pinned,3,157,589824,75,7.32422
pageable-pinned,3,157,589824,55,9.98757
pinned-h2d,3,157,589824,30,18.3105
pageable-staging-h2d,3,157,589824,85,6.46255
fread-pinned,3,128,720896,103,6.51832
pageable-pinned,3,128,720896,76,8.83404
pinned-h2d,3,128,720896,36,18.6496
pageable-staging-h2d,3,128,720896,112,5.99452
fread-pinned,3,227,589824,76,7.22785
pageable-pinned,3,227,589824,54,10.1725
pinned-h2d,3,227,589824,30,18.3105
pageable-staging-h2d,3,227,589824,84,6.53948
fread-pinned,3,60,589824,97,5.66306
pageable-pinned,3,60,589824,59,9.31045
pinned-h2d,3,60,589824,31,17.7199
pageable-staging-h2d,3,60,589824,90,6.10352
fread-pinned,3,219,589824,77,7.13398
pageable-pinned,3,219,589824,59,9.31045
pinned-h2d,3,219,589824,30,18.3105
pageable-staging-h2d,3,219,589824,89,6.17209
fread-pinned,3,32,720896,115,5.83815
pageable-pinned,3,32,720896,77,8.71931
pinned-h2d,3,32,720896,36,18.6496
pageable-staging-h2d,3,32,720896,113,5.94148
fread-pinned,3,239,589824,85,6.46255
pageable-pinned,3,239,589824,58,9.47097
pinned-h2d,3,239,589824,30,18.3105
pageable-staging-h2d,3,239,589824,88,6.24223
fread-pinned,3,233,589824,78,7.04252
pageable-pinned,3,233,589824,42,13.079
pinned-h2d,3,233,589824,30,18.3105
pageable-staging-h2d,3,233,589824,72,7.62939
fread-pinned,3,94,589824,67,8.19875
pageable-pinned,3,94,589824,40,13.7329
pinned-h2d,3,94,589824,30,18.3105
pageable-staging-h2d,3,94,589824,70,7.84738
fread-pinned,3,103,589824,76,7.22785
pageable-pinned,3,103,589824,40,13.7329
pinned-h2d,3,103,589824,30,18.3105
pageable-staging-h2d,3,103,589824,70,7.84738
fread-pinned,3,231,720896,83,8.089
pageable-pinned,3,231,720896,51,13.1644
pinned-h2d,3,231,720896,36,18.6496
pageable-staging-h2d,3,231,720896,87,7.71709
fread-pinned,3,163,589824,67,8.19875
pageable-pinned,3,163,589824,39,14.085
pinned-h2d,3,163,589824,30,18.3105
pageable-staging-h2d,3,163,589824,69,7.96111
fread-pinned,3,149,589824,66,8.32298
pageable-pinned,3,149,589824,42,13.079
pinned-h2d,3,149,589824,30,18.3105
pageable-staging-h2d,3,149,589824,72,7.62939
fread-pinned,3,49,589824,87,6.31398
pageable-pinned,3,49,589824,37,14.8464
pinned-h2d,3,49,589824,31,17.7199
pageable-staging-h2d,3,49,589824,68,8.07818
fread-pinned,3,158,589824,60,9.15527
pageable-pinned,3,158,589824,32,17.1661
pinned-h2d,3,158,589824,30,18.3105
pageable-staging-h2d,3,158,589824,62,8.85994
fread-pinned,3,84,589824,72,7.62939
pageable-pinned,3,84,589824,42,13.079
pinned-h2d,3,84,589824,30,18.3105
pageable-staging-h2d,3,84,589824,72,7.62939
fread-pinned,3,237,720896,82,8.18764
pageable-pinned,3,237,720896,45,14.9197
pinned-h2d,3,237,720896,35,19.1825
pageable-staging-h2d,3,237,720896,80,8.39233
fread-pinned,3,59,589824,83,6.61827
pageable-pinned,3,59,589824,44,12.4845
pinned-h2d,3,59,589824,31,17.7199
pageable-staging-h2d,3,59,589824,75,7.32422
fread-pinned,3,244,860160,104,7.70275
pageable-pinned,3,244,860160,58,13.8118
pinned-h2d,3,244,860160,42,19.0735
pageable-staging-h2d,3,244,860160,100,8.01086
fread-pinned,3,225,589824,67,8.19875
pageable-pinned,3,225,589824,40,13.7329
pinned-h2d,3,225,589824,31,17.7199
pageable-staging-h2d,3,225,589824,71,7.73685
fread-pinned,3,224,720896,86,7.80682
pageable-pinned,3,224,720896,46,14.5954
pinned-h2d,3,224,720896,36,18.6496
pageable-staging-h2d,3,224,720896,82,8.18764
fread-pinned,3,65,589824,78,7.04252
pageable-pinned,3,65,589824,35,15.6948
pinned-h2d,3,65,589824,31,17.7199
pageable-staging-h2d,3,65,589824,66,8.32298
fread-pinned,3,102,720896,108,6.21654
pageable-pinned,3,102,720896,44,15.2588
pinned-h2d,3,102,720896,36,18.6496
pageable-staging-h2d,3,102,720896,80,8.39233
fread-pinned,3,25,720896,93,7.21921
pageable-pinned,3,25,720896,50,13.4277
pinned-h2d,3,25,720896,35,19.1825
pageable-staging-h2d,3,25,720896,85,7.89867
fread-pinned,3,192,720896,95,7.06723
pageable-pinned,3,192,720896,48,13.9872
pinned-h2d,3,192,720896,36,18.6496
pageable-staging-h2d,3,192,720896,84,7.9927
fread-pinned,3,90,589824,77,7.13398
pageable-pinned,3,90,589824,68,8.07818
pinned-h2d,3,90,589824,30,18.3105
pageable-staging-h2d,3,90,589824,98,5.60527
fread-pinned,3,245,589824,88,6.24223
pageable-pinned,3,245,589824,54,10.1725
pinned-h2d,3,245,589824,30,18.3105
pageable-staging-h2d,3,245,589824,84,6.53948
fread-pinned,3,34,589824,95,5.78228
pageable-pinned,3,34,589824,61,9.00519
pinned-h2d,3,34,589824,30,18.3105
pageable-staging-h2d,3,34,589824,91,6.03644
fread-pinned,3,134,720896,92,7.29768
pageable-pinned,3,134,720896,78,8.60752
pinned-h2d,3,134,720896,36,18.6496
pageable-staging-h2d,3,134,720896,114,5.88936
fread-pinned,3,64,720896,118,5.68972
pageable-pinned,3,64,720896,76,8.83404
pinned-h2d,3,64,720896,37,18.1456
pageable-staging-h2d,3,64,720896,113,5.94148
fread-pinned,3,19,720896,93,7.21921
pageable-pinned,3,19,720896,61,11.0063
pinned-h2d,3,19,720896,36,18.6496
pageable-staging-h2d,3,19,720896,97,6.92151
fread-pinned,3,40,589824,90,6.10352
pageable-pinned,3,40,589824,45,12.207
pinned-h2d,3,40,589824,31,17.7199
pageable-staging-h2d,3,40,589824,76,7.22785
fread-pinned,3,97,589824,98,5.60527
pageable-pinned,3,97,589824,51,10.7709
pinned-h2d,3,97,589824,30,18.3105
pageable-staging-h2d,3,97,589824,81,6.78168
fread-pinned,3,197,589824,76,7.22785
pageable-pinned,3,197,589824,56,9.80922
pinned-h2d,3,197,589824,30,18.3105
pageable-staging-h2d,3,197,589824,86,6.3874
fread-pinned,3,9,589824,76,7.22785
pageable-pinned,3,9,589824,38,14.4557
pinned-h2d,3,9,589824,31,17.7199
pageable-staging-h2d,3,9,589824,69,7.96111
fread-pinned,3,118,589824,99,5.54865
pageable-pinned,3,118,589824,55,9.98757
pinned-h2d,3,118,589824,30,18.3105
pageable-staging-h2d,3,118,589824,85,6.46255
fread-pinned,3,119,589824,91,6.03644
pageable-pinned,3,119,589824,34,16.1564
pinned-h2d,3,119,589824,30,18.3105
pageable-staging-h2d,3,119,589824,64,8.58307
fread-pinned,3,125,589824,76,7.22785
pageable-pinned,3,125,589824,36,15.2588
pinned-h2d,3,125,589824,30,18.3105
pageable-staging-h2d,3,125,589824,66,8.32298
fread-pinned,3,36,589824,97,5.66306
pageable-pinned,3,36,589824,47,11.6876
pinned-h2d,3,36,589824,31,17.7199
pageable-staging-h2d,3,36,589824,78,7.04252
fread-pinned,3,174,589824,89,6.17209
pageable-pinned,3,174,589824,45,12.207
pinned-h2d,3,174,589824,32,17.1661
pageable-staging-h2d,3,174,589824,77,7.13398
fread-pinned,3,248,589824,63,8.71931
pageable-pinned,3,248,589824,33,16.646
pinned-h2d,3,248,589824,31,17.7199
pageable-staging-h2d,3,248,589824,64,8.58307
fread-pinned,3,12,720896,77,8.71931
pageable-pinned,3,12,720896,46,14.5954
pinned-h2d,3,12,720896,36,18.6496
pageable-staging-h2d,3,12,720896,82,8.18764
fread-pinned,3,21,589824,86,6.3874
pageable-pinned,3,21,589824,45,12.207
pinned-h2d,3,21,589824,31,17.7199
pageable-staging-h2d,3,21,589824,76,7.22785
fread-pinned,3,154,720896,121,5.54865
pageable-pinned,3,154,720896,54,12.4331
pinned-h2d,3,154,720896,36,18.6496
pageable-staging-h2d,3,154,720896,90,7.45985
fread-pinned,3,50,720896,116,5.78782
pageable-pinned,3,50,720896,54,12.4331
pinned-h2d,3,50,720896,36,18.6496
pageable-staging-h2d,3,50,720896,90,7.45985
fread-pinned,3,76,720896,113,5.94148
pageable-pinned,3,76,720896,51,13.1644
pinned-h2d,3,76,720896,37,18.1456
pageable-staging-h2d,3,76,720896,88,7.62939
fread-pinned,3,89,720896,86,7.80682
pageable-pinned,3,89,720896,50,13.4277
pinned-h2d,3,89,720896,36,18.6496
pageable-staging-h2d,3,89,720896,86,7.80682
fread-pinned,3,71,589824,104,5.28189
pageable-pinned,3,71,589824,62,8.85994
pinned-h2d,3,71,589824,30,18.3105
pageable-staging-h2d,3,71,589824,92,5.97083
fread-pinned,3,31,720896,116,5.78782
pageable-pinned,3,31,720896,72,9.32482
pinned-h2d,3,31,720896,36,18.6496
pageable-staging-h2d,3,31,720896,108,6.21654
fread-pinned,3,135,589824,79,6.95337
pageable-pinned,3,135,589824,59,9.31045
pinned-h2d,3,135,589824,31,17.7199
pageable-staging-h2d,3,135,589824,90,6.10352
fread-pinned,3,236,720896,102,6.58222
pageable-pinned,3,236,720896,70,9.59124
pinned-h2d,3,236,720896,35,19.1825
pageable-staging-h2d,3,236,720896,105,6.39416
fread-pinned,3,42,589824,99,5.54865
pageable-pinned,3,42,589824,59,9.31045
pinned-h2d,3,42,589824,31,17.7199
pageable-staging-h2d,3,42,589824,90,6.10352
fread-pinned,3,24,720896,109,6.15951
pageable-pinned,3,24,720896,59,11.3794
pinned-h2d,3,24,720896,36,18.6496
pageable-staging-h2d,3,24,720896,95,7.06723
fread-pinned,3,139,589824,83,6.61827
pageable-pinned,3,139,589824,62,8.85994
pinned-h2d,3,139,589824,30,18.3105
pageable-staging-h2d,3,139,589824,92,5.97083
fread-pinned,3,107,589824,102,5.38545
pageable-pinned,3,107,589824,55,9.98757
pinned-h2d,3,107,589824,30,18.3105
pageable-staging-h2d,3,107,589824,85,6.46255
fread-pinned,3,110,589824,75,7.32422
pageable-pinned,3,110,589824,52,10.5638
pinned-h2d,3,110,589824,30,18.3105
pageable-staging-h2d,3,110,589824,82,6.69898
fread-pinned,3,172,720896,105,6.39416
pageable-pinned,3,172,720896,79,8.49857
pinned-h2d,3,172,720896,36,18.6496
pageable-staging-h2d,3,172,720896,115,5.83815
fread-pinned,3,155,589824,76,7.22785
pageable-pinned,3,155,589824,34,16.1564
pinned-h2d,3,155,589824,30,18.3105
pageable-staging-h2d,3,155,589824,64,8.58307
fread-pinned,3,116,589824,79,6.95337
pageable-pinned,3,116,589824,41,13.398
pinned-h2d,3,116,589824,34,16.1564
pageable-staging-h2d,3,116,589824,75,7.32422
fread-pinned,3,222,589824,73,7.52488
pageable-pinned,3,222,589824,42,13.079
pinned-h2d,3,222,589824,30,18.3105
pageable-staging-h2d,3,222,589824,72,7.62939
fread-pinned,3,141,720896,90,7.45985
pageable-pinned,3,141,720896,53,12.6677
pinned-h2d,3,141,720896,35,19.1825
pageable-staging-h2d,3,141,720896,88,7.62939
fread-pinned,3,52,589824,83,6.61827
pageable-pinned,3,52,589824,36,15.2588
pinned-h2d,3,52,589824,31,17.7199
pageable-staging-h2d,3,52,589824,67,8.19875
fread-pinned,3,202,589824,87,6.31398
pageable-pinned,3,202,589824,39,14.085
pinned-h2d,3,202,589824,31,17.7199
pageable-staging-h2d,3,202,589824,70,7.84738
fread-pinned,3,185,720896,94,7.14241
pageable-pinned,3,185,720896,70,9.59124
pinned-h2d,3,185,720896,37,18.1456
pageable-staging-h2d,3,185,720896,107,6.27464
fread-pinned,3,62,589824,82,6.69898
pageable-pinned,3,62,589824,46,11.9417
pinned-h2d,3,62,589824,30,18.3105
pageable-staging-h2d,3,62,589824,76,7.22785
fread-pinned,3,207,589824,73,7.52488
pageable-pinned,3,207,589824,41,13.398
pinned-h2d,3,207,589824,30,18.3105
pageable-staging-h2d,3,207,589824,71,7.73685
fread-pinned,3,86,589824,77,7.13398
pageable-pinned,3,86,589824,53,10.3645
pinned-h2d,3,86,589824,30,18.3105
pageable-staging-h2d,3,86,589824,83,6.61827
fread-pinned,3,238,589824,86,6.3874
pageable-pinned,3,238,589824,57,9.63713
pinned-h2d,3,238,589824,30,18.3105
pageable-staging-h2d,3,238,589824,87,6.31398
fread-pinned,3,130,589824,78,7.04252
pageable-pinned,3,130,589824,52,10.5638
pinned-h2d,3,130,589824,30,18.3105
pageable-staging-h2d,3,130,589824,82,6.69898
fread-pinned,3,177,589824,82,6.69898
pageable-pinned,3,177,589824,61,9.00519
pinned-h2d,3,177,589824,31,17.7199
pageable-staging-h2d,3,177,589824,92,5.97083
fread-pinned,3,132,589824,71,7.73685
pageable-pinned,3,132,589824,49,11.2105
pinned-h2d,3,132,589824,31,17.7199
pageable-staging-h2d,3,132,589824,80,6.86646
fread-pinned,3,210,720896,96,6.99361
pageable-pinned,3,210,720896,73,9.19708
pinned-h2d,3,210,720896,35,19.1825
pageable-staging-h2d,3,210,720896,108,6.21654
fread-pinned,3,223,860160,128,6.25849
pageable-pinned,3,223,860160,87,9.20789
pinned-h2d,3,223,860160,42,19.0735
pageable-staging-h2d,3,223,860160,129,6.20997
fread-pinned,3,205,720896,126,5.32847
pageable-pinned,3,205,720896,62,10.8288
pinned-h2d,3,205,720896,36,18.6496
pageable-staging-h2d,3,205,720896,98,6.85088
fread-pinned,3,193,589824,73,7.52488
pageable-pinned,3,193,589824,37,14.8464
pinned-h2d,3,193,589824,31,17.7199
pageable-staging-h2d,3,193,589824,68,8.07818
fread-pinned,3,178,720896,107,6.27464
pageable-pinned,3,178,720896,48,13.9872
pinned-h2d,3,178,720896,36,18.6496
pageable-staging-h2d,3,178,720896,84,7.9927
fread-pinned,3,175,589824,77,7.13398
pageable-pinned,3,175,589824,36,15.2588
pinned-h2d,3,175,589824,31,17.7199
pageable-staging-h2d,3,175,589824,67,8.19875
fread-pinned,3,126,589824,85,6.46255
pageable-pinned,3,126,589824,42,13.079
pinned-h2d,3,126,589824,31,17.7199
pageable-staging-h2d,3,126,589824,73,7.52488
fread-pinned,3,51,720896,114,5.88936
pageable-pinned,3,51,720896,54,12.4331
pinned-h2d,3,51,720896,35,19.1825
pageable-staging-h2d,3,51,720896,89,7.54367
fread-pinned,3,93,589824,67,8.19875
pageable-pinned,3,93,589824,41,13.398
pinned-h2d,3,93,589824,30,18.3105
pageable-staging-h2d,3,93,589824,71,7.73685
fread-pinned,3,147,720896,98,6.85088
pageable-pinned,3,147,720896,55,12.207
pinned-h2d,3,147,720896,36,18.6496
pageable-staging-h2d,3,147,720896,91,7.37788
fread-pinned,3,195,589824,95,5.78228
pageable-pinned,3,195,589824,42,13.079
pinned-h2d,3,195,589824,30,18.3105
pageable-staging-h2d,3,195,589824,72,7.62939
fread-pinned,3,159,720896,92,7.29768
pageable-pinned,3,159,720896,51,13.1644
pinned-h2d,3,159,720896,35,19.1825
pageable-staging-h2d,3,159,720896,86,7.80682
fread-pinned,3,190,589824,67,8.19875
pageable-pinned,3,190,589824,40,13.7329
pinned-h2d,3,190,589824,30,18.3105
pageable-staging-h2d,3,190,589824,70,7.84738
fread-pinned,3,30,720896,100,6.71387
pageable-pinned,3,30,720896,57,11.7787
pinned-h2d,3,30,720896,40,16.7847
pageable-staging-h2d,3,30,720896,97,6.92151
fread-pinned,3,81,589824,84,6.53948
pageable-pinned,3,81,589824,61,9.00519
pinned-h2d,3,81,589824,31,17.7199
pageable-staging-h2d,3,81,589824,92,5.97083
fread-pinned,3,208,589824,81,6.78168
pageable-pinned,3,208,589824,60,9.15527
pinned-h2d,3,208,589824,30,18.3105
pageable-staging-h2d,3,208,589824,90,6.10352
fread-pinned,3,182,589824,80,6.86646
pageable-pinned,3,182,589824,62,8.85994
pinned-h2d,3,182,589824,30,18.3105
pageable-staging-h2d,3,182,589824,92,5.97083
fread-pinned,3,242,589824,77,7.13398
pageable-pinned,3,242,589824,51,10.7709
pinned-h2d,3,242,589824,31,17.7199
pageable-staging-h2d,3,242,589824,82,6.69898
fread-pinned,3,95,720896,119,5.64191
pageable-pinned,3,95,720896,72,9.32482
pinned-h2d,3,95,720896,38,17.6681
pageable-staging-h2d,3,95,720896,110,6.10352
fread-pinned,3,87,589824,77,7.13398
pageable-pinned,3,87,589824,62,8.85994
pinned-h2d,3,87,589824,30,18.3105
pageable-staging-h2d,3,87,589824,92,5.97083
fread-pinned,3,229,589824,85,6.46255
pageable-pinned,3,229,589824,58,9.47097
pinned-h2d,3,229,589824,30,18.3105
pageable-staging-h2d,3,229,589824,88,6.24223
fread-pinned,3,48,589824,92,5.97083
pageable-pinned,3,48,589824,62,8.85994
pinned-h2d,3,48,589824,30,18.3105
pageable-staging-h2d,3,48,589824,92,5.97083
fread-pinned,3,136,589824,100,5.49316
pageable-pinned,3,136,589824,55,9.98757
pinned-h2d,3,136,589824,31,17.7199
pageable-staging-h2d,3,136,589824,86,6.3874
fread-pinned,3,189,589824,83,6.61827
pageable-pinned,3,189,589824,61,9.00519
pinned-h2d,3,189,589824,30,18.3105
pageable-staging-h2d,3,189,589824,91,6.03644
fread-pinned,3,14,589824,86,6.3874
pageable-pinned,3,14,589824,37,14.8464
pinned-h2d,3,14,589824,31,17.7199
pageable-staging-h2d,3,14,589824,68,8.07818
fread-pinned,3,3,589824,66,8.32298
pageable-pinned,3,3,589824,33,16.646
pinned-h2d,3,3,589824,31,17.7199
pageable-staging-h2d,3,3,589824,64,8.58307
fread-pinned,3,22,589824,78,7.04252
pageable-pinned,3,22,589824,35,15.6948
pinned-h2d,3,22,589824,30,18.3105
pageable-staging-h2d,3,22,589824,65,8.45102
fread-pinned,3,61,589824,90,6.10352
pageable-pinned,3,61,589824,41,13.398
pinned-h2d,3,61,589824,31,17.7199
pageable-staging-h2d,3,61,589824,72,7.62939
fread-pinned,3,28,589824,82,6.69898
pageable-pinned,3,28,589824,35,15.6948
pinned-h2d,3,28,589824,30,18.3105
pageable-staging-h2d,3,28,589824,65,8.45102
fread-pinned,3,212,720896,95,7.06723
pageable-pinned,3,212,720896,51,13.1644
pinned-h2d,3,212,720896,35,19.1825
pageable-staging-h2d,3,212,720896,86,7.80682
fread-pinned,3,43,720896,94,7.14241
pageable-pinned,3,43,720896,52,12.9113
pinned-h2d,3,43,720896,35,19.1825
pageable-staging-h2d,3,43,720896,87,7.71709
fread-pinned,3,53,589824,86,6.3874
pageable-pinned,3,53,589824,43,12.7748
pinned-h2d,3,53,589824,30,18.3105
pageable-staging-h2d,3,53,589824,73,7.52488
fread-pinned,3,216,589824,80,6.86646
pageable-pinned,3,216,589824,57,9.63713
pinned-h2d,3,216,589824,30,18.3105
pageable-staging-h2d,3,216,589824,87,6.31398
fread-pinned,3,152,589824,99,5.54865
pageable-pinned,3,152,589824,51,10.7709
pinned-h2d,3,152,589824,30,18.3105
pageable-staging-h2d,3,152,589824,81,6.78168
fread-pinned,3,113,589824,78,7.04252
pageable-pinned,3,113,589824,58,9.47097
pinned-h2d,3,113,589824,30,18.3105
pageable-staging-h2d,3,113,589824,88,6.24223
fread-pinned,3,221,589824,98,5.60527
pageable-pinned,3,221,589824,68,8.07818
pinned-h2d,3,221,589824,30,18.3105
pageable-staging-h2d,3,221,589824,98,5.60527
fread-pinned,3,111,589824,87,6.31398
pageable-pinned,3,111,589824,50,10.9863
pinned-h2d,3,111,589824,30,18.3105
pageable-staging-h2d,3,111,589824,80,6.86646
fread-pinned,3,218,860160,114,7.02707
pageable-pinned,3,218,860160,84,9.53674
pinned-h2d,3,218,860160,41,19.5387
pageable-staging-h2d,3,218,860160,125,6.40869
fread-pinned,3,191,720896,94,7.14241
pageable-pinned,3,191,720896,60,11.1898
pinned-h2d,3,191,720896,36,18.6496
pageable-staging-h2d,3,191,720896,96,6.99361
fread-pinned,3,142,589824,82,6.69898
pageable-pinned,3,142,589824,62,8.85994
pinned-h2d,3,142,589824,30,18.3105
pageable-staging-h2d,3,142,589824,92,5.97083
fread-pinned,3,214,589824,83,6.61827
pageable-pinned,3,214,589824,61,9.00519
pinned-h2d,3,214,589824,31,17.7199
pageable-staging-h2d,3,214,589824,92,5.97083
fread-pinned,3,13,589824,83,6.61827
pageable-pinned,3,13,589824,42,13.079
pinned-h2d,3,13,589824,30,18.3105
pageable-staging-h2d,3,13,589824,72,7.62939
fread-pinned,3,74,589824,78,7.04252
pageable-pinned,3,74,589824,39,14.085
pinned-h2d,3,74,589824,31,17.7199
pageable-staging-h2d,3,74,589824,70,7.84738
fread-pinned,3,188,589824,80,6.86646
pageable-pinned,3,188,589824,43,12.7748
pinned-h2d,3,188,589824,30,18.3105
pageable-staging-h2d,3,188,589824,73,7.52488
fread-pinned,3,123,589824,64,8.58307
pageable-pinned,3,123,589824,35,15.6948
pinned-h2d,3,123,589824,31,17.7199
pageable-staging-h2d,3,123,589824,66,8.32298
fread-pinned,3,47,589824,79,6.95337
pageable-pinned,3,47,589824,40,13.7329
pinned-h2d,3,47,589824,30,18.3105
pageable-staging-h2d,3,47,589824,70,7.84738
fread-pinned,3,85,589824,71,7.73685
pageable-pinned,3,85,589824,42,13.079
pinned-h2d,3,85,589824,30,18.3105
pageable-staging-h2d,3,85,589824,72,7.62939
fread-pinned,3,186,720896,81,8.28872
pageable-pinned,3,186,720896,66,10.1725
pinned-h2d,3,186,720896,36,18.6496
pageable-staging-h2d,3,186,720896,102,6.58222
fread-pinned,3,63,720896,115,5.83815
pageable-pinned,3,63,720896,77,8.71931
pinned-h2d,3,63,720896,36,18.6496
pageable-staging-h2d,3,63,720896,113,5.94148
fread-pinned,3,0,589824,74,7.42319
pageable-pinned,3,0,589824,37,14.8464
pinned-h2d,3,0,589824,30,18.3105
pageable-staging-h2d,3,0,589824,67,8.19875
fread-pinned,3,55,589824,101,5.43878
pageable-pinned,3,55,589824,62,8.85994
pinned-h2d,3,55,589824,31,17.7199
pageable-staging-h2d,3,55,589824,93,5.90663
fread-pinned,3,17,589824,89,6.17209
pageable-pinned,3,17,589824,61,9.00519
pinned-h2d,3,17,589824,31,17.7199
pageable-staging-h2d,3,17,589824,92,5.97083
fread-pinned,3,41,589824,95,5.78228
pageable-pinned,3,41,589824,66,8.32298
pinned-h2d,3,41,589824,30,18.3105
pageable-staging-h2d,3,41,589824,96,5.72205
fread-pinned,3,77,720896,131,5.12509
pageable-pinned,3,77,720896,83,8.089
pinned-h2d,3,77,720896,36,18.6496
pageable-staging-h2d,3,77,720896,119,5.64191
fread-pinned,3,73,589824,91,6.03644
pageable-pinned,3,73,589824,54,10.1725
pinned-h2d,3,73,589824,30,18.3105
pageable-staging-h2d,3,73,589824,84,6.53948
fread-pinned,3,101,720896,106,6.33384
pageable-pinned,3,101,720896,62,10.8288
pinned-h2d,3,101,720896,36,18.6496
pageable-staging-h2d,3,101,720896,98,6.85088
fread-pinned,3,98,589824,95,5.78228
pageable-pinned,3,98,589824,48,11.4441
pinned-h2d,3,98,589824,31,17.7199
pageable-staging-h2d,3,98,589824,79,6.95337
fread-pinned,3,235,589824,75,7.32422
pageable-pinned,3,235,589824,50,10.9863
pinned-h2d,3,235,589824,31,17.7199
pageable-staging-h2d,3,235,589824,81,6.78168
fread-pinned,3,23,589824,84,6.53948
pageable-pinned,3,23,589824,41,13.398
pinned-h2d,3,23,589824,31,17.7199
pageable-staging-h2d,3,23,589824,72,7.62939
fread-pinned,3,253,589824,79,6.95337
pageable-pinned,3,253,589824,38,14.4557
pinned-h2d,3,253,589824,30,18.3105
pageable-staging-h2d,3,253,589824,68,8.07818
fread-pinned,3,57,720896,103,6.51832
pageable-pinned,3,57,720896,51,13.1644
pinned-h2d,3,57,720896,36,18.6496
pageable-staging-h2d,3,57,720896,87,7.71709
fread-pinned,3,79,589824,78,7.04252
pageable-pinned,3,79,589824,37,14.8464
pinned-h2d,3,79,589824,31,17.7199
pageable-staging-h2d,3,79,589824,68,8.07818
fread-pinned,3,241,589824,71,7.73685
pageable-pinned,3,241,589824,41,13.398
pinned-h2d,3,241,589824,30,18.3105
pageable-staging-h2d,3,241,589824,71,7.73685
fread-pinned,3,70,720896,99,6.78168
pageable-pinned,3,70,720896,64,10.4904
pinned-h2d,3,70,720896,34,19.7467
pageable-staging-h2d,3,70,720896,98,6.85088
fread-pinned,3,131,589824,70,7.84738
pageable-pinned,3,131,589824,48,11.4441
pinned-h2d,3,131,589824,30,18.3105
pageable-staging-h2d,3,131,589824,78,7.04252
fread-pinned,3,151,589824,72,7.62939
pageable-pinned,3,151,589824,50,10.9863
pinned-h2d,3,151,589824,30,18.3105
pageable-staging-h2d,3,151,589824,80,6.86646
fread-pinned,3,124,589824,75,7.32422
pageable-pinned,3,124,589824,57,9.63713
pinned-h2d,3,124,589824,30,18.3105
pageable-staging-h2d,3,124,589824,87,6.31398
fread-pinned,3,230,720896,106,6.33384
pageable-pinned,3,230,720896,87,7.71709
pinned-h2d,3,230,720896,35,19.1825
pageable-staging-h2d,3,230,720896,122,5.50317
fread-pinned,3,4,589824,78,7.04252
pageable-pinned,3,4,589824,37,14.8464
pinned-h2d,3,4,589824,31,17.7199
pageable-staging-h2d,3,4,589824,68,8.07818
fread-pinned,3,187,589824,92,5.97083
pageable-pinned,3,187,589824,65,8.45102
pinned-h2d,3,187,589824,30,18.3105
pageable-staging-h2d,3,187,589824,95,5.78228
fread-pinned,3,201,589824,88,6.24223
pageable-pinned,3,201,589824,70,7.84738
pinned-h2d,3,201,589824,30,18.3105
pageable-staging-h2d,3,201,589824,100,5.49316
fread-pinned,3,27,589824,93,5.90663
pageable-pinned,3,27,589824,62,8.85994
pinned-h2d,3,27,589824,30,18.3105
pageable-staging-h2d,3,27,589824,92,5.97083
fread-pinned,3,56,720896,112,5.99452
pageable-pinned,3,56,720896,67,10.0207
pinned-h2d,3,56,720896,36,18.6496
pageable-staging-h2d,3,56,720896,103,6.51832
fread-pinned,3,215,589824,82,6.69898
pageable-pinned,3,215,589824,54,10.1725
pinned-h2d,3,215,589824,32,17.1661
pageable-staging-h2d,3,215,589824,86,6.3874
fread-pinned,3,75,720896,114,5.88936
pageable-pinned,3,75,720896,54,12.4331
pinned-h2d,3,75,720896,37,18.1456
pageable-staging-h2d,3,75,720896,91,7.37788
fread-pinned,3,120,720896,112,5.99452
pageable-pinned,3,120,720896,47,14.2848
pinned-h2d,3,120,720896,37,18.1456
pageable-staging-h2d,3,120,720896,84,7.9927
fread-pinned,3,54,589824,76,7.22785
pageable-pinned,3,54,589824,34,16.1564
pinned-h2d,3,54,589824,31,17.7199
pageable-staging-h2d,3,54,589824,65,8.45102
fread-pinned,3,138,589824,70,7.84738
pageable-pinned,3,138,589824,38,14.4557
pinned-h2d,3,138,589824,31,17.7199
pageable-staging-h2d,3,138,589824,69,7.96111
fread-pinned,3,176,589824,81,6.78168
pageable-pinned,3,176,589824,47,11.6876
pinned-h2d,3,176,589824,31,17.7199
pageable-staging-h2d,3,176,589824,78,7.04252
fread-pinned,3,153,720896,85,7.89867
pageable-pinned,3,153,720896,49,13.7018
pinned-h2d,3,153,720896,36,18.6496
pageable-staging-h2d,3,153,720896,85,7.89867
fread-pinned,3,180,589824,83,6.61827
pageable-pinned,3,180,589824,64,8.58307
pinned-h2d,3,180,589824,30,18.3105
pageable-staging-h2d,3,180,589824,94,5.84379
fread-pinned,3,171,589824,93,5.90663
pageable-pinned,3,171,589824,54,10.1725
pinned-h2d,3,171,589824,30,18.3105
pageable-staging-h2d,3,171,589824,84,6.53948
fread-pinned,3,78,589824,98,5.60527
pageable-pinned,3,78,589824,62,8.85994
pinned-h2d,3,78,589824,30,18.3105
pageable-staging-h2d,3,78,589824,92,5.97083
fread-pinned,3,240,589824,82,6.69898
pageable-pinned,3,240,589824,60,9.15527
pinned-h2d,3,240,589824,30,18.3105
pageable-staging-h2d,3,240,589824,90,6.10352
fread-pinned,3,170,589824,108,5.08626
pageable-pinned,3,170,589824,64,8.58307
pinned-h2d,3,170,589824,29,18.9419
pageable-staging-h2d,3,170,589824,93,5.90663
fread-pinned,3,92,589824,83,6.61827
pageable-pinned,3,92,589824,54,10.1725
pinned-h2d,3,92,589824,30,18.3105
pageable-staging-h2d,3,92,589824,84,6.53948
fread-pinned,3,69,720896,107,6.27464
pageable-pinned,3,69,720896,81,8.28872
pinned-h2d,3,69,720896,36,18.6496
pageable-staging-h2d,3,69,720896,117,5.73835
fread-pinned,3,150,589824,104,5.28189
pageable-pinned,3,150,589824,68,8.07818
pinned-h2d,3,150,589824,31,17.7199
pageable-staging-h2d,3,150,589824,99,5.54865
fread-pinned,3,33,589824,91,6.03644
pageable-pinned,3,33,589824,60,9.15527
pinned-h2d,3,33,589824,30,18.3105
pageable-staging-h2d,3,33,589824,90,6.10352
fread-pinned,3,115,720896,116,5.78782
pageable-pinned,3,115,720896,65,10.329
pinned-h2d,3,115,720896,35,19.1825
pageable-staging-h2d,3,115,720896,100,6.71387
fread-pinned,3,204,720896,90,7.45985
pageable-pinned,3,204,720896,50,13.4277
pinned-h2d,3,204,720896,36,18.6496
pageable-staging-h2d,3,204,720896,86,7.80682
fread-pinned,3,183,589824,64,8.58307
pageable-pinned,3,183,589824,37,14.8464
pinned-h2d,3,183,589824,31,17.7199
pageable-staging-h2d,3,183,589824,68,8.07818
fread-pinned,3,108,720896,119,5.64191
pageable-pinned,3,108,720896,54,12.4331
pinned-h2d,3,108,720896,35,19.1825
pageable-staging-h2d,3,108,720896,89,7.54367
fread-pinned,3,173,720896,115,5.83815
pageable-pinned,3,173,720896,50,13.4277
pinned-h2d,3,173,720896,37,18.1456
pageable-staging-h2d,3,173,720896,87,7.71709
fread-pinned,3,168,589824,102,5.38545
pageable-pinned,3,168,589824,46,11.9417
pinned-h2d,3,168,589824,30,18.3105
pageable-staging-h2d,3,168,589824,76,7.22785
fread-pinned,3,10,589824,73,7.52488
pageable-pinned,3,10,589824,43,12.7748
pinned-h2d,3,10,589824,31,17.7199
pageable-staging-h2d,3,10,589824,74,7.42319
fread-pinned,3,226,589824,80,6.86646
pageable-pinned,3,226,589824,58,9.47097
pinned-h2d,3,226,589824,30,18.3105
pageable-staging-h2d,3,226,589824,88,6.24223
fread-pinned,3,137,589824,67,8.19875
pageable-pinned,3,137,589824,44,12.4845
pinned-h2d,3,137,589824,31,17.7199
pageable-staging-h2d,3,137,589824,75,7.32422
fread-pinned,3,194,589824,86,6.3874
pageable-pinned,3,194,589824,66,8.32298
pinned-h2d,3,194,589824,30,18.3105
pageable-staging-h2d,3,194,589824,96,5.72205
fread-pinned,3,146,720896,97,6.92151
pageable-pinned,3,146,720896,77,8.71931
pinned-h2d,3,146,720896,36,18.6496
pageable-staging-h2d,3,146,720896,113,5.94148
fread-pinned,3,209,589824,78,7.04252
pageable-pinned,3,209,589824,58,9.47097
pinned-h2d,3,209,589824,30,18.3105
pageable-staging-h2d,3,209,589824,88,6.24223
fread-pinned,3,211,720896,87,7.71709
pageable-pinned,3,211,720896,78,8.60752
pinned-h2d,3,211,720896,36,18.6496
pageable-staging-h2d,3,211,720896,114,5.88936
fread-pinned,3,39,589824,98,5.60527
pageable-pinned,3,39,589824,64,8.58307
pinned-h2d,3,39,589824,30,18.3105
pageable-staging-h2d,3,39,589824,94,5.84379
fread-pinned,3,105,589824,99,5.54865
pageable-pinned,3,105,589824,59,9.31045
pinned-h2d,3,105,589824,31,17.7199
pageable-staging-h2d,3,105,589824,90,6.10352
fread-pinned,3,38,720896,114,5.88936
pageable-pinned,3,38,720896,74,9.07279
pinned-h2d,3,38,720896,36,18.6496
pageable-staging-h2d,3,38,720896,110,6.10352
fread-pinned,3,246,589824,74,7.42319
pageable-pinned,3,246,589824,54,10.1725
pinned-h2d,3,246,589824,30,18.3105
pageable-staging-h2d,3,246,589824,84,6.53948
fread-pinned,3,114,720896,88,7.62939
pageable-pinned,3,114,720896,51,13.1644
pinned-h2d,3,114,720896,36,18.6496
pageable-staging-h2d,3,114,720896,87,7.71709
fread-pinned,3,143,589824,99,5.54865
pageable-pinned,3,143,589824,42,13.079
pinned-h2d,3,143,589824,31,17.7199
pageable-staging-h2d,3,143,589824,73,7.52488
fread-pinned,3,46,589824,91,6.03644
pageable-pinned,3,46,589824,43,12.7748
pinned-h2d,3,46,589824,30,18.3105
pageable-staging-h2d,3,46,589824,73,7.52488
fread-pinned,3,179,720896,107,6.27464
pageable-pinned,3,179,720896,48,13.9872
pinned-h2d,3,179,720896,35,19.1825
pageable-staging-h2d,3,179,720896,83,8.089
fread-pinned,4,53,589824,72,7.62939
pageable-pinned,4,53,589824,31,17.7199
pinned-h2d,4,53,589824,31,17.7199
pageable-staging-h2d,4,53,589824,62,8.85994
fread-pinned,4,146,720896,79,8.49857
pageable-pinned,4,146,720896,76,8.83404
pinned-h2d,4,146,720896,36,18.6496
pageable-staging-h2d,4,146,720896,112,5.99452
fread-pinned,4,245,589824,86,6.3874
pageable-pinned,4,245,589824,51,10.7709
pinned-h2d,4,245,589824,30,18.3105
pageable-staging-h2d,4,245,589824,81,6.78168
fread-pinned,4,93,589824,80,6.86646
pageable-pinned,4,93,589824,58,9.47097
pinned-h2d,4,93,589824,30,18.3105
pageable-staging-h2d,4,93,589824,88,6.24223
fread-pinned,4,2,589824,67,8.19875
pageable-pinned,4,2,589824,39,14.085
pinned-h2d,4,2,589824,30,18.3105
pageable-staging-h2d,4,2,589824,69,7.96111
fread-pinned,4,187,589824,95,5.78228
pageable-pinned,4,187,589824,61,9.00519
pinned-h2d,4,187,589824,30,18.3105
pageable-staging-h2d,4,187,589824,91,6.03644
fread-pinned,4,24,720896,105,6.39416
pageable-pinned,4,24,720896,60,11.1898
pinned-h2d,4,24,720896,35,19.1825
pageable-staging-h2d,4,24,720896,95,7.06723
fread-pinned,4,136,589824,96,5.72205
pageable-pinned,4,136,589824,61,9.00519
pinned-h2d,4,136,589824,30,18.3105
pageable-staging-h2d,4,136,589824,91,6.03644
fread-pinned,4,60,589824,97,5.66306
pageable-pinned,4,60,589824,65,8.45102
pinned-h2d,4,60,589824,31,17.7199
pageable-staging-h2d,4,60,589824,96,5.72205
fread-pinned,4,182,589824,80,6.86646
pageable-pinned,4,182,589824,62,8.85994
pinned-h2d,4,182,589824,30,18.3105
pageable-staging-h2d,4,182,589824,92,5.97083
fread-pinned,4,39,589824,95,5.78228
pageable-pinned,4,39,589824,60,9.15527
pinned-h2d,4,39,589824,30,18.3105
pageable-staging-h2d,4,39,589824,90,6.10352
fread-pinned,4,147,720896,107,6.27464
pageable-pinned,4,147,720896,75,8.95182
pinned-h2d,4,147,720896,35,19.1825
pageable-staging-h2d,4,147,720896,110,6.10352
fread-pinned,4,43,720896,99,6.78168
pageable-pinned,4,43,720896,42,15.9854
pinned-h2d,4,43,720896,36,18.6496
pageable-staging-h2d,4,43,720896,78,8.60752
fread-pinned,4,252,589824,85,6.46255
pageable-pinned,4,252,589824,40,13.7329
pinned-h2d,4,252,589824,31,17.7199
pageable-staging-h2d,4,252,589824,71,7.73685
fread-pinned,4,189,589824,68,8.07818
pageable-pinned,4,189,589824,43,12.7748
pinned-h2d,4,189,589824,30,18.3105
pageable-staging-h2d,4,189,589824,73,7.52488
fread-pinned,4,82,720896,95,7.06723
pageable-pinned,4,82,720896,49,13.7018
pinned-h2d,4,82,720896,36,18.6496
pageable-staging-h2d,4,82,720896,85,7.89867
fread-pinned,4,238,589824,79,6.95337
pageable-pinned,4,238,589824,43,12.7748
pinned-h2d,4,238,589824,31,17.7199
pageable-staging-h2d,4,238,589824,74,7.42319
fread-pinned,4,205,720896,105,6.39416
pageable-pinned,4,205,720896,54,12.4331
pinned-h2d,4,205,720896,35,19.1825
pageable-staging-h2d,4,205,720896,89,7.54367
fread-pinned,4,232,589824,66,8.32298
pageable-pinned,4,232,589824,38,14.4557
pinned-h2d,4,232,589824,31,17.7199
pageable-staging-h2d,4,232,589824,69,7.96111
fread-pinned,4,72,589824,95,5.78228
pageable-pinned,4,72,589824,60,9.15527
pinned-h2d,4,72,589824,30,18.3105
pageable-staging-h2d,4,72,589824,90,6.10352
fread-pinned,4,49,589824,93,5.90663
pageable-pinned,4,49,589824,54,10.1725
pinned-h2d,4,49,589824,30,18.3105
pageable-staging-h2d,4,49,589824,84,6.53948
fread-pinned,4,244,860160,137,5.84735
pageable-pinned,4,244,860160,85,9.42455
pinned-h2d,4,244,860160,42,19.0735
pageable-staging-h2d,4,244,860160,127,6.30777
fread-pinned,4,131,589824,74,7.42319
pageable-pinned,4,131,589824,49,11.2105
pinned-h2d,4,131,589824,30,18.3105
pageable-staging-h2d,4,131,589824,79,6.95337
fread-pinned,4,235,589824,78,7.04252
pageable-pinned,4,235,589824,53,10.3645
pinned-h2d,4,235,589824,30,18.3105
pageable-staging-h2d,4,235,589824,83,6.61827
fread-pinned,4,4,589824,81,6.78168
pageable-pinned,4,4,589824,39,14.085
pinned-h2d,4,4,589824,31,17.7199
pageable-staging-h2d,4,4,589824,70,7.84738
fread-pinned,4,149,589824,81,6.78168
pageable-pinned,4,149,589824,69,7.96111
pinned-h2d,4,149,589824,30,18.3105
pageable-staging-h2d,4,149,589824,99,5.54865
fread-pinned,4,185,720896,106,6.33384
pageable-pinned,4,185,720896,74,9.07279
pinned-h2d,4,185,720896,36,18.6496
pageable-staging-h2d,4,185,720896,110,6.10352
fread-pinned,4,86,589824,77,7.13398
pageable-pinned,4,86,589824,51,10.7709
pinned-h2d,4,86,589824,30,18.3105
pageable-staging-h2d,4,86,589824,81,6.78168
fread-pinned,4,99,589824,102,5.38545
pageable-pinned,4,99,589824,43,12.7748
pinned-h2d,4,99,589824,31,17.7199
pageable-staging-h2d,4,99,589824,74,7.42319
fread-pinned,4,78,589824,86,6.3874
pageable-pinned,4,78,589824,43,12.7748
pinned-h2d,4,78,589824,29,18.9419
pageable-staging-h2d,4,78,589824,72,7.62939
fread-pinned,4,195,589824,92,5.97083
pageable-pinned,4,195,589824,43,12.7748
pinned-h2d,4,195,589824,30,18.3105
pageable-staging-h2d,4,195,589824,73,7.52488
fread-pinned,4,17,589824,80,6.86646
pageable-pinned,4,17,589824,45,12.207
pinned-h2d,4,17,589824,30,18.3105
pageable-staging-h2d,4,17,589824,75,7.32422
fread-pinned,4,62,589824,71,7.73685
pageable-pinned,4,62,589824,35,15.6948
pinned-h2d,4,62,589824,31,17.7199
pageable-staging-h2d,4,62,589824,66,8.32298
fread-pinned,4,64,720896,101,6.64739
pageable-pinned,4,64,720896,54,12.4331
pinned-h2d,4,64,720896,37,18.1456
pageable-staging-h2d,4,64,720896,91,7.37788
fread-pinned,4,14,589824,84,6.53948
pageable-pinned,4,14,589824,51,10.7709
pinned-h2d,4,14,589824,31,17.7199
pageable-staging-h2d,4,14,589824,82,6.69898
fread-pinned,4,210,720896,98,6.85088
pageable-pinned,4,210,720896,75,8.95182
pinned-h2d,4,210,720896,36,18.6496
pageable-staging-h2d,4,210,720896,111,6.04853
fread-pinned,4,16,589824,97,5.66306
pageable-pinned,4,16,589824,64,8.58307
pinned-h2d,4,16,589824,30,18.3105
pageable-staging-h2d,4,16,589824,94,5.84379
fread-pinned,4,21,589824,95,5.78228
pageable-pinned,4,21,589824,61,9.00519
pinned-h2d,4,21,589824,30,18.3105
pageable-staging-h2d,4,21,589824,91,6.03644
fread-pinned,4,58,589824,86,6.3874
pageable-pinned,4,58,589824,49,11.2105
pinned-h2d,4,58,589824,31,17.7199
pageable-staging-h2d,4,58,589824,80,6.86646
fread-pinned,4,217,860160,113,7.08926
pageable-pinned,4,217,860160,72,11.1262
pinned-h2d,4,217,860160,41,19.5387
pageable-staging-h2d,4,217,860160,113,7.08926
fread-pinned,4,179,720896,112,5.99452
pageable-pinned,4,179,720896,52,12.9113
pinned-h2d,4,179,720896,36,18.6496
pageable-staging-h2d,4,179,720896,88,7.62939
fread-pinned,4,30,720896,109,6.15951
pageable-pinned,4,30,720896,83,8.089
pinned-h2d,4,30,720896,35,19.1825
pageable-staging-h2d,4,30,720896,118,5.68972
fread-pinned,4,51,720896,125,5.37109
pageable-pinned,4,51,720896,87,7.71709
pinned-h2d,4,51,720896,36,18.6496
pageable-staging-h2d,4,51,720896,123,5.45843
fread-pinned,4,211,720896,87,7.71709
pageable-pinned,4,211,720896,68,9.87333
pinned-h2d,4,211,720896,35,19.1825
pageable-staging-h2d,4,211,720896,103,6.51832
fread-pinned,4,209,589824,66,8.32298
pageable-pinned,4,209,589824,39,14.085
pinned-h2d,4,209,589824,31,17.7199
pageable-staging-h2d,4,209,589824,70,7.84738
fread-pinned,4,35,589824,72,7.62939
pageable-pinned,4,35,589824,33,16.646
pinned-h2d,4,35,589824,30,18.3105
pageable-staging-h2d,4,35,589824,63,8.71931
fread-pinned,4,110,589824,66,8.32298
pageable-pinned,4,110,589824,42,13.079
pinned-h2d,4,110,589824,33,16.646
pageable-staging-h2d,4,110,589824,75,7.32422
fread-pinned,4,124,589824,65,8.45102
pageable-pinned,4,124,589824,40,13.7329
pinned-h2d,4,124,589824,30,18.3105
pageable-staging-h2d,4,124,589824,70,7.84738
fread-pinned,4,222,589824,74,7.42319
pageable-pinned,4,222,589824,44,12.4845
pinned-h2d,4,222,589824,30,18.3105
pageable-staging-h2d,4,222,589824,74,7.42319
fread-pinned,4,59,589824,84,6.53948
pageable-pinned,4,59,589824,43,12.7748
pinned-h2d,4,59,589824,30,18.3105
pageable-staging-h2d,4,59,589824,73,7.52488
fread-pinned,4,102,720896,106,6.33384
pageable-pinned,4,102,720896,44,15.2588
pinned-h2d,4,102,720896,36,18.6496
pageable-staging-h2d,4,102,720896,80,8.39233
fread-pinned,4,10,589824,61,9.00519
pageable-pinned,4,10,589824,32,17.1661
pinned-h2d,4,10,589824,31,17.7199
pageable-staging-h2d,4,10,589824,63,8.71931
fread-pinned,4,77,720896,123,5.45843
pageable-pinned,4,77,720896,55,12.207
pinned-h2d,4,77,720896,36,18.6496
pageable-staging-h2d,4,77,720896,91,7.37788
fread-pinned,4,251,589824,65,8.45102
pageable-pinned,4,251,589824,37,14.8464
pinned-h2d,4,251,589824,30,18.3105
pageable-staging-h2d,4,251,589824,67,8.19875
fread-pinned,4,153,720896,82,8.18764
pageable-pinned,4,153,720896,48,13.9872
pinned-h2d,4,153,720896,36,18.6496
pageable-staging-h2d,4,153,720896,84,7.9927
fread-pinned,4,150,589824,91,6.03644
pageable-pinned,4,150,589824,41,13.398
pinned-h2d,4,150,589824,30,18.3105
pageable-staging-h2d,4,150,589824,71,7.73685
fread-pinned,4,68,589824,105,5.23158
pageable-pinned,4,68,589824,60,9.15527
pinned-h2d,4,68,589824,30,18.3105
pageable-staging-h2d,4,68,589824,90,6.10352
fread-pinned,4,253,589824,86,6.3874
pageable-pinned,4,253,589824,53,10.3645
pinned-h2d,4,253,589824,30,18.3105
pageable-staging-h2d,4,253,589824,83,6.61827
fread-pinned,4,66,589824,95,5.78228
pageable-pinned,4,66,589824,55,9.98757
pinned-h2d,4,66,589824,30,18.3105
pageable-staging-h2d,4,66,589824,85,6.46255
fread-pinned,4,247,589824,77,7.13398
pageable-pinned,4,247,589824,58,9.47097
pinned-h2d,4,247,589824,31,17.7199
pageable-staging-h2d,4,247,589824,89,6.17209
fread-pinned,4,169,589824,106,5.18223
pageable-pinned,4,169,589824,60,9.15527
pinned-h2d,4,169,589824,30,18.3105
pageable-staging-h2d,4,169,589824,90,6.10352
fread-pinned,4,206,589824,77,7.13398
pageable-pinned,4,206,589824,56,9.80922
pinned-h2d,4,206,589824,30,18.3105
pageable-staging-h2d,4,206,589824,86,6.3874
fread-pinned,4,229,589824,81,6.78168
pageable-pinned,4,229,589824,57,9.63713
pinned-h2d,4,229,589824,30,18.3105
pageable-staging-h2d,4,229,589824,87,6.31398
fread-pinned,4,194,589824,81,6.78168
pageable-pinned,4,194,589824,58,9.47097
pinned-h2d,4,194,589824,30,18.3105
pageable-staging-h2d,4,194,589824,88,6.24223
fread-pinned,4,19,720896,95,7.06723
pageable-pinned,4,19,720896,61,11.0063
pinned-h2d,4,19,720896,35,19.1825
pageable-staging-h2d,4,19,720896,96,6.99361
fread-pinned,4,181,589824,71,7.73685
pageable-pinned,4,181,589824,46,11.9417
pinned-h2d,4,181,589824,31,17.7199
pageable-staging-h2d,4,181,589824,77,7.13398
fread-pinned,4,100,589824,98,5.60527
pageable-pinned,4,100,589824,59,9.31045
pinned-h2d,4,100,589824,30,18.3105
pageable-staging-h2d,4,100,589824,89,6.17209
fread-pinned,4,37,720896,96,6.99361
pageable-pinned,4,37,720896,52,12.9113
pinned-h2d,4,37,720896,36,18.6496
pageable-staging-h2d,4,37,720896,88,7.62939
fread-pinned,4,177,589824,79,6.95337
pageable-pinned,4,177,589824,54,10.1725
pinned-h2d,4,177,589824,31,17.7199
pageable-staging-h2d,4,177,589824,85,6.46255
fread-pinned,4,224,720896,84,7.9927
pageable-pinned,4,224,720896,45,14.9197
pinned-h2d,4,224,720896,36,18.6496
pageable-staging-h2d,4,224,720896,81,8.28872
fread-pinned,4,127,720896,78,8.60752
pageable-pinned,4,127,720896,48,13.9872
pinned-h2d,4,127,720896,37,18.1456
pageable-staging-h2d,4,127,720896,85,7.89867
fread-pinned,4,171,589824,83,6.61827
pageable-pinned,4,171,589824,36,15.2588
pinned-h2d,4,171,589824,31,17.7199
pageable-staging-h2d,4,171,589824,67,8.19875
fread-pinned,4,85,589824,71,7.73685
pageable-pinned,4,85,589824,41,13.398
pinned-h2d,4,85,589824,31,17.7199
pageable-staging-h2d,4,85,589824,72,7.62939
fread-pinned,4,108,720896,126,5.32847
pageable-pinned,4,108,720896,75,8.95182
pinned-h2d,4,108,720896,36,18.6496
pageable-staging-h2d,4,108,720896,111,6.04853
fread-pinned,4,159,720896,98,6.85088
pageable-pinned,4,159,720896,70,9.59124
pinned-h2d,4,159,720896,37,18.1456
pageable-staging-h2d,4,159,720896,107,6.27464
fread-pinned,4,190,589824,80,6.86646
pageable-pinned,4,190,589824,58,9.47097
pinned-h2d,4,190,589824,30,18.3105
pageable-staging-h2d,4,190,589824,88,6.24223
fread-pinned,4,75,720896,116,5.78782
pageable-pinned,4,75,720896,75,8.95182
pinned-h2d,4,75,720896,35,19.1825
pageable-staging-h2d,4,75,720896,110,6.10352
fread-pinned,4,175,589824,89,6.17209
pageable-pinned,4,175,589824,52,10.5638
pinned-h2d,4,175,589824,30,18.3105
pageable-staging-h2d,4,175,589824,82,6.69898
fread-pinned,4,95,720896,118,5.68972
pageable-pinned,4,95,720896,73,9.19708
pinned-h2d,4,95,720896,35,19.1825
pageable-staging-h2d,4,95,720896,108,6.21654
fread-pinned,4,61,589824,100,5.49316
pageable-pinned,4,61,589824,58,9.47097
pinned-h2d,4,61,589824,30,18.3105
pageable-staging-h2d,4,61,589824,88,6.24223
fread-pinned,4,234,589824,107,5.1338
pageable-pinned,4,234,589824,59,9.31045
pinned-h2d,4,234,589824,31,17.7199
pageable-staging-h2d,4,234,589824,90,6.10352
fread-pinned,4,221,589824,101,5.43878
pageable-pinned,4,221,589824,62,8.85994
pinned-h2d,4,221,589824,31,17.7199
pageable-staging-h2d,4,221,589824,93,5.90663
fread-pinned,4,63,720896,119,5.64191
pageable-pinned,4,63,720896,56,11.989
pinned-h2d,4,63,720896,37,18.1456
pageable-staging-h2d,4,63,720896,93,7.21921
fread-pinned,4,155,589824,70,7.84738
pageable-pinned,4,155,589824,34,16.1564
pinned-h2d,4,155,589824,31,17.7199
pageable-staging-h2d,4,155,589824,65,8.45102
fread-pinned,4,162,589824,67,8.19875
pageable-pinned,4,162,589824,43,12.7748
pinned-h2d,4,162,589824,30,18.3105
pageable-staging-h2d,4,162,589824,73,7.52488
fread-pinned,4,28,589824,80,6.86646
pageable-pinned,4,28,589824,36,15.2588
pinned-h2d,4,28,589824,31,17.7199
pageable-staging-h2d,4,28,589824,67,8.19875
fread-pinned,4,32,720896,100,6.71387
pageable-pinned,4,32,720896,51,13.1644
pinned-h2d,4,32,720896,36,18.6496
pageable-staging-h2d,4,32,720896,87,7.71709
fread-pinned,4,241,589824,70,7.84738
pageable-pinned,4,241,589824,41,13.398
pinned-h2d,4,241,589824,31,17.7199
pageable-staging-h2d,4,241,589824,72,7.62939
fread-pinned,4,44,720896,100,6.71387
pageable-pinned,4,44,720896,48,13.9872
pinned-h2d,4,44,720896,35,19.1825
pageable-staging-h2d,4,44,720896,83,8.089
fread-pinned,4,176,589824,79,6.95337
pageable-pinned,4,176,589824,61,9.00519
pinned-h2d,4,176,589824,31,17.7199
pageable-staging-h2d,4,176,589824,92,5.97083
fread-pinned,4,231,720896,86,7.80682
pageable-pinned,4,231,720896,56,11.989
pinned-h2d,4,231,720896,36,18.6496
pageable-staging-h2d,4,231,720896,92,7.29768
fread-pinned,4,197,589824,64,8.58307
pageable-pinned,4,197,589824,43,12.7748
pinned-h2d,4,197,589824,30,18.3105
pageable-staging-h2d,4,197,589824,73,7.52488
fread-pinned,4,167,720896,80,8.39233
pageable-pinned,4,167,720896,53,12.6677
pinned-h2d,4,167,720896,36,18.6496
pageable-staging-h2d,4,167,720896,89,7.54367
fread-pinned,4,29,589824,83,6.61827
pageable-pinned,4,29,589824,46,11.9417
pinned-h2d,4,29,589824,30,18.3105
pageable-staging-h2d,4,29,589824,76,7.22785
fread-pinned,4,248,589824,76,7.22785
pageable-pinned,4,248,589824,47,11.6876
pinned-h2d,4,248,589824,30,18.3105
pageable-staging-h2d,4,248,589824,77,7.13398
fread-pinned,4,47,589824,93,5.90663
pageable-pinned,4,47,589824,67,8.19875
pinned-h2d,4,47,589824,31,17.7199
pageable-staging-h2d,4,47,589824,98,5.60527
fread-pinned,4,50,720896,128,5.24521
pageable-pinned,4,50,720896,90,7.45985
pinned-h2d,4,50,720896,36,18.6496
pageable-staging-h2d,4,50,720896,126,5.32847
fread-pinned,4,79,589824,90,6.10352
pageable-pinned,4,79,589824,60,9.15527
pinned-h2d,4,79,589824,31,17.7199
pageable-staging-h2d,4,79,589824,91,6.03644
fread-pinned,4,143,589824,109,5.0396
pageable-pinned,4,143,589824,69,7.96111
pinned-h2d,4,143,589824,31,17.7199
pageable-staging-h2d,4,143,589824,100,5.49316
fread-pinned,4,56,720896,119,5.64191
pageable-pinned,4,56,720896,72,9.32482
pinned-h2d,4,56,720896,35,19.1825
pageable-staging-h2d,4,56,720896,107,6.27464
fread-pinned,4,101,720896,108,6.21654
pageable-pinned,4,101,720896,61,11.0063
pinned-h2d,4,101,720896,36,18.6496
pageable-staging-h2d,4,101,720896,97,6.92151
fread-pinned,4,96,720896,96,6.99361
pageable-pinned,4,96,720896,78,8.60752
pinned-h2d,4,96,720896,35,19.1825
pageable-staging-h2d,4,96,720896,113,5.94148
fread-pinned,4,114,720896,100,6.71387
pageable-pinned,4,114,720896,76,8.83404
pinned-h2d,4,114,720896,36,18.6496
pageable-staging-h2d,4,114,720896,112,5.99452
fread-pinned,4,214,589824,87,6.31398
pageable-pinned,4,214,589824,44,12.4845
pinned-h2d,4,214,589824,30,18.3105
pageable-staging-h2d,4,214,589824,74,7.42319
fread-pinned,4,180,589824,71,7.73685
pageable-pinned,4,180,589824,41,13.398
pinned-h2d,4,180,589824,31,17.7199
pageable-staging-h2d,4,180,589824,72,7.62939
fread-pinned,4,228,589824,73,7.52488
pageable-pinned,4,228,589824,38,14.4557
pinned-h2d,4,228,589824,30,18.3105
pageable-staging-h2d,4,228,589824,68,8.07818
fread-pinned,4,174,589824,87,6.31398
pageable-pinned,4,174,589824,44,12.4845
pinned-h2d,4,174,589824,30,18.3105
pageable-staging-h2d,4,174,589824,74,7.42319
fread-pinned,4,152,589824,87,6.31398
pageable-pinned,4,152,589824,38,14.4557
pinned-h2d,4,152,589824,30,18.3105
pageable-staging-h2d,4,152,589824,68,8.07818
fread-pinned,4,42,589824,86,6.3874
pageable-pinned,4,42,589824,45,12.207
pinned-h2d,4,42,589824,31,17.7199
pageable-staging-h2d,4,42,589824,76,7.22785
fread-pinned,4,201,589824,79,6.95337
pageable-pinned,4,201,589824,59,9.31045
pinned-h2d,4,201,589824,30,18.3105
pageable-staging-h2d,4,201,589824,89,6.17209
fread-pinned,4,151,589824,78,7.04252
pageable-pinned,4,151,589824,53,10.3645
pinned-h2d,4,151,589824,30,18.3105
pageable-staging-h2d,4,151,589824,83,6.61827
fread-pinned,4,118,589824,99,5.54865
pageable-pinned,4,118,589824,55,9.98757
pinned-h2d,4,118,589824,29,18.9419
pageable-staging-h2d,4,118,589824,84,6.53948
fread-pinned,4,227,589824,77,7.13398
pageable-pinned,4,227,589824,55,9.98757
pinned-h2d,4,227,589824,30,18.3105
pageable-staging-h2d,4,227,589824,85,6.46255
fread-pinned,4,129,589824,84,6.53948
pageable-pinned,4,129,589824,60,9.15527
pinned-h2d,4,129,589824,31,17.7199
pageable-staging-h2d,4,129,589824,91,6.03644
fread-pinned,4,145,589824,98,5.60527
pageable-pinned,4,145,589824,48,11.4441
pinned-h2d,4,145,589824,30,18.3105
pageable-staging-h2d,4,145,589824,78,7.04252
fread-pinned,4,20,589824,94,5.84379
pageable-pinned,4,20,589824,59,9.31045
pinned-h2d,4,20,589824,29,18.9419
pageable-staging-h2d,4,20,589824,88,6.24223
fread-pinned,4,223,860160,132,6.06884
pageable-pinned,4,223,860160,88,9.10325
pinned-h2d,4,223,860160,42,19.0735
pageable-staging-h2d,4,223,860160,130,6.1622
fread-pinned,4,243,860160,118,6.78887
pageable-pinned,4,243,860160,85,9.42455
pinned-h2d,4,243,860160,43,18.6299
pageable-staging-h2d,4,243,860160,128,6.25849
fread-pinned,4,239,589824,84,6.53948
pageable-pinned,4,239,589824,54,10.1725
pinned-h2d,4,239,589824,30,18.3105
pageable-staging-h2d,4,239,589824,84,6.53948
fread-pinned,4,23,589824,95,5.78228
pageable-pinned,4,23,589824,55,9.98757
pinned-h2d,4,23,589824,30,18.3105
pageable-staging-h2d,4,23,589824,85,6.46255
fread-pinned,4,203,589824,67,8.19875
pageable-pinned,4,203,589824,39,14.085
pinned-h2d,4,203,589824,30,18.3105
pageable-staging-h2d,4,203,589824,69,7.96111
fread-pinned,4,57,720896,103,6.51832
pageable-pinned,4,57,720896,52,12.9113
pinned-h2d,4,57,720896,36,18.6496
pageable-staging-h2d,4,57,720896,88,7.62939
fread-pinned,4,254,589824,74,7.42319
pageable-pinned,4,254,589824,40,13.7329
pinned-h2d,4,254,589824,38,14.4557
pageable-staging-h2d,4,254,589824,78,7.04252
fread-pinned,4,188,589824,88,6.24223
pageable-pinned,4,188,589824,46,11.9417
pinned-h2d,4,188,589824,32,17.1661
pageable-staging-h2d,4,188,589824,78,7.04252
fread-pinned,4,172,720896,94,7.14241
pageable-pinned,4,172,720896,53,12.6677
pinned-h2d,4,172,720896,36,18.6496
pageable-staging-h2d,4,172,720896,89,7.54367
fread-pinned,4,115,720896,113,5.94148
pageable-pinned,4,115,720896,68,9.87333
pinned-h2d,4,115,720896,35,19.1825
pageable-staging-h2d,4,115,720896,103,6.51832
fread-pinned,4,212,720896,107,6.27464
pageable-pinned,4,212,720896,77,8.71931
pinned-h2d,4,212,720896,36,18.6496
pageable-staging-h2d,4,212,720896,113,5.94148
fread-pinned,4,91,589824,86,6.3874
pageable-pinned,4,91,589824,63,8.71931
pinned-h2d,4,91,589824,30,18.3105
pageable-staging-h2d,4,91,589824,93,5.90663
fread-pinned,4,94,589824,85,6.46255
pageable-pinned,4,94,589824,65,8.45102
pinned-h2d,4,94,589824,30,18.3105
pageable-staging-h2d,4,94,589824,95,5.78228
fread-pinned,4,139,589824,85,6.46255
pageable-pinned,4,139,589824,61,9.00519
pinned-h2d,4,139,589824,31,17.7199
pageable-staging-h2d,4,139,589824,92,5.97083
fread-pinned,4,220,589824,82,6.69898
pageable-pinned,4,220,589824,72,7.62939
pinned-h2d,4,220,589824,31,17.7199
pageable-staging-h2d,4,220,589824,103,5.33317
fread-pinned,4,128,720896,103,6.51832
pageable-pinned,4,128,720896,77,8.71931
pinned-h2d,4,128,720896,35,19.1825
pageable-staging-h2d,4,128,720896,112,5.99452
fread-pinned,4,255,860160,117,6.84689
pageable-pinned,4,255,860160,80,10.0136
pinned-h2d,4,255,860160,41,19.5387
pageable-staging-h2d,4,255,860160,121,6.62055
fread-pinned,4,1,589824,81,6.78168
pageable-pinned,4,1,589824,45,12.207
pinned-h2d,4,1,589824,34,16.1564
pageable-staging-h2d,4,1,589824,79,6.95337
fread-pinned,4,191,720896,94,7.14241
pageable-pinned,4,191,720896,64,10.4904
pinned-h2d,4,191,720896,37,18.1456
pageable-staging-h2d,4,191,720896,101,6.64739
fread-pinned,4,119,589824,92,5.97083
pageable-pinned,4,119,589824,34,16.1564
pinned-h2d,4,119,589824,30,18.3105
pageable-staging-h2d,4,119,589824,64,8.58307
fread-pinned,4,31,720896,101,6.64739
pageable-pinned,4,31,720896,52,12.9113
pinned-h2d,4,31,720896,36,18.6496
pageable-staging-h2d,4,31,720896,88,7.62939
fread-pinned,4,178,720896,108,6.21654
pageable-pinned,4,178,720896,47,14.2848
pinned-h2d,4,178,720896,35,19.1825
pageable-staging-h2d,4,178,720896,82,8.18764
fread-pinned,4,215,589824,65,8.45102
pageable-pinned,4,215,589824,37,14.8464
pinned-h2d,4,215,589824,31,17.7199
pageable-staging-h2d,4,215,589824,68,8.07818
fread-pinned,4,168,589824,100,5.49316
pageable-pinned,4,168,589824,42,13.079
pinned-h2d,4,168,589824,30,18.3105
pageable-staging-h2d,4,168,589824,72,7.62939
fread-pinned,4,97,589824,90,6.10352
pageable-pinned,4,97,589824,45,12.207
pinned-h2d,4,97,589824,30,18.3105
pageable-staging-h2d,4,97,589824,75,7.32422
fread-pinned,4,8,589824,81,6.78168
pageable-pinned,4,8,589824,56,9.80922
pinned-h2d,4,8,589824,30,18.3105
pageable-staging-h2d,4,8,589824,86,6.3874
fread-pinned,4,71,589824,104,5.28189
pageable-pinned,4,71,589824,65,8.45102
pinned-h2d,4,71,589824,31,17.7199
pageable-staging-h2d,4,71,589824,96,5.72205
fread-pinned,4,73,589824,92,5.97083
pageable-pinned,4,73,589824,54,10.1725
pinned-h2d,4,73,589824,30,18.3105
pageable-staging-h2d,4,73,589824,84,6.53948
fread-pinned,4,158,589824,71,7.73685
pageable-pinned,4,158,589824,45,12.207
pinned-h2d,4,158,589824,30,18.3105
pageable-staging-h2d,4,158,589824,75,7.32422
fread-pinned,4,27,589824,91,6.03644
pageable-pinned,4,27,589824,55,9.98757
pinned-h2d,4,27,589824,31,17.7199
pageable-staging-h2d,4,27,589824,86,6.3874
fread-pinned,4,208,589824,80,6.86646
pageable-pinned,4,208,589824,60,9.15527
pinned-h2d,4,208,589824,30,18.3105
pageable-staging-h2d,4,208,589824,90,6.10352
fread-pinned,4,173,720896,128,5.24521
pageable-pinned,4,173,720896,69,9.73024
pinned-h2d,4,173,720896,36,18.6496
pageable-staging-h2d,4,173,720896,105,6.39416
fread-pinned,4,233,589824,77,7.13398
pageable-pinned,4,233,589824,48,11.4441
pinned-h2d,4,233,589824,30,18.3105
pageable-staging-h2d,4,233,589824,78,7.04252
fread-pinned,4,240,589824,83,6.61827
pageable-pinned,4,240,589824,63,8.71931
pinned-h2d,4,240,589824,30,18.3105
pageable-staging-h2d,4,240,589824,93,5.90663
fread-pinned,4,249,860160,128,6.25849
pageable-pinned,4,249,860160,103,7.77754
pinned-h2d,4,249,860160,41,19.5387
pageable-staging-h2d,4,249,860160,144,5.5631
fread-pinned,4,103,589824,79,6.95337
pageable-pinned,4,103,589824,41,13.398
pinned-h2d,4,103,589824,31,17.7199
pageable-staging-h2d,4,103,589824,72,7.62939
fread-pinned,4,6,720896,95,7.06723
pageable-pinned,4,6,720896,47,14.2848
pinned-h2d,4,6,720896,36,18.6496
pageable-staging-h2d,4,6,720896,83,8.089
fread-pinned,4,184,589824,70,7.84738
pageable-pinned,4,184,589824,43,12.7748
pinned-h2d,4,184,589824,30,18.3105
pageable-staging-h2d,4,184,589824,73,7.52488
fread-pinned,4,137,589824,56,9.80922
pageable-pinned,4,137,589824,33,16.646
pinned-h2d,4,137,589824,31,17.7199
pageable-staging-h2d,4,137,589824,64,8.58307
fread-pinned,4,183,589824,65,8.45102
pageable-pinned,4,183,589824,37,14.8464
pinned-h2d,4,183,589824,32,17.1661
pageable-staging-h2d,4,183,589824,69,7.96111
fread-pinned,4,218,860160,100,8.01086
pageable-pinned,4,218,860160,59,13.5777
pinned-h2d,4,218,860160,41,19.5387
pageable-staging-h2d,4,218,860160,100,8.01086
fread-pinned,4,237,720896,85,7.89867
pageable-pinned,4,237,720896,45,14.9197
pinned-h2d,4,237,720896,35,19.1825
pageable-staging-h2d,4,237,720896,80,8.39233
fread-pinned,4,12,720896,75,8.95182
pageable-pinned,4,12,720896,43,15.6136
pinned-h2d,4,12,720896,36,18.6496
pageable-staging-h2d,4,12,720896,79,8.49857
fread-pinned,4,3,589824,65,8.45102
pageable-pinned,4,3,589824,32,17.1661
pinned-h2d,4,3,589824,30,18.3105
pageable-staging-h2d,4,3,589824,62,8.85994
fread-pinned,4,22,589824,79,6.95337
pageable-pinned,4,22,589824,34,16.1564
pinned-h2d,4,22,589824,30,18.3105
pageable-staging-h2d,4,22,589824,64,8.58307
fread-pinned,4,213,589824,74,7.42319
pageable-pinned,4,213,589824,41,13.398
pinned-h2d,4,213,589824,31,17.7199
pageable-staging-h2d,4,213,589824,72,7.62939
fread-pinned,4,113,589824,68,8.07818
pageable-pinned,4,113,589824,40,13.7329
pinned-h2d,4,113,589824,30,18.3105
pageable-staging-h2d,4,113,589824,70,7.84738
fread-pinned,4,156,589824,80,6.86646
pageable-pinned,4,156,589824,41,13.398
pinned-h2d,4,156,589824,31,17.7199
pageable-staging-h2d,4,156,589824,72,7.62939
fread-pinned,4,226,589824,70,7.84738
pageable-pinned,4,226,589824,39,14.085
pinned-h2d,4,226,589824,31,17.7199
pageable-staging-h2d,4,226,589824,70,7.84738
fread-pinned,4,126,589824,86,6.3874
pageable-pinned,4,126,589824,42,13.079
pinned-h2d,4,126,589824,30,18.3105
pageable-staging-h2d,4,126,589824,72,7.62939
fread-pinned,4,74,589824,79,6.95337
pageable-pinned,4,74,589824,39,14.085
pinned-h2d,4,74,589824,30,18.3105
pageable-staging-h2d,4,74,589824,69,7.96111
fread-pinned,4,15,589824,85,6.46255
pageable-pinned,4,15,589824,43,12.7748
pinned-h2d,4,15,589824,30,18.3105
pageable-staging-h2d,4,15,589824,73,7.52488
fread-pinned,4,157,589824,65,8.45102
pageable-pinned,4,157,589824,38,14.4557
pinned-h2d,4,157,589824,30,18.3105
pageable-staging-h2d,4,157,589824,68,8.07818
fread-pinned,4,40,589824,76,7.22785
pageable-pinned,4,40,589824,33,16.646
pinned-h2d,4,40,589824,30,18.3105
pageable-staging-h2d,4,40,589824,63,8.71931
fread-pinned,4,170,589824,110,4.99379
pageable-pinned,4,170,589824,63,8.71931
pinned-h2d,4,170,589824,31,17.7199
pageable-staging-h2d,4,170,589824,94,5.84379
fread-pinned,4,48,589824,92,5.97083
pageable-pinned,4,48,589824,60,9.15527
pinned-h2d,4,48,589824,29,18.9419
pageable-staging-h2d,4,48,589824,89,6.17209
fread-pinned,4,45,589824,97,5.66306
pageable-pinned,4,45,589824,58,9.47097
pinned-h2d,4,45,589824,30,18.3105
pageable-staging-h2d,4,45,589824,88,6.24223
fread-pinned,4,202,589824,99,5.54865
pageable-pinned,4,202,589824,56,9.80922
pinned-h2d,4,202,589824,30,18.3105
pageable-staging-h2d,4,202,589824,86,6.3874
fread-pinned,4,138,589824,83,6.61827
pageable-pinned,4,138,589824,57,9.63713
pinned-h2d,4,138,589824,31,17.7199
pageable-staging-h2d,4,138,589824,88,6.24223
fread-pinned,4,112,589824,74,7.42319
pageable-pinned,4,112,589824,50,10.9863
pinned-h2d,4,112,589824,30,18.3105
pageable-staging-h2d,4,112,589824,80,6.86646
fread-pinned,4,125,589824,90,6.10352
pageable-pinned,4,125,589824,48,11.4441
pinned-h2d,4,125,589824,31,17.7199
pageable-staging-h2d,4,125,589824,79,6.95337
fread-pinned,4,38,720896,115,5.83815
pageable-pinned,4,38,720896,75,8.95182
pinned-h2d,4,38,720896,37,18.1456
pageable-staging-h2d,4,38,720896,112,5.99452
fread-pinned,4,193,589824,77,7.13398
pageable-pinned,4,193,589824,52,10.5638
pinned-h2d,4,193,589824,31,17.7199
pageable-staging-h2d,4,193,589824,83,6.61827
fread-pinned,4,89,720896,97,6.92151
pageable-pinned,4,89,720896,75,8.95182
pinned-h2d,4,89,720896,36,18.6496
pageable-staging-h2d,4,89,720896,111,6.04853
fread-pinned,4,11,720896,92,7.29768
pageable-pinned,4,11,720896,53,12.6677
pinned-h2d,4,11,720896,36,18.6496
pageable-staging-h2d,4,11,720896,89,7.54367
fread-pinned,4,148,589824,69,7.96111
pageable-pinned,4,148,589824,42,13.079
pinned-h2d,4,148,589824,31,17.7199
pageable-staging-h2d,4,148,589824,73,7.52488
fread-pinned,4,5,720896,81,8.28872
pageable-pinned,4,5,720896,43,15.6136
pinned-h2d,4,5,720896,36,18.6496
pageable-staging-h2d,4,5,720896,79,8.49857
fread-pinned,4,7,589824,65,8.45102
pageable-pinned,4,7,589824,30,18.3105
pinned-h2d,4,7,589824,30,18.3105
pageable-staging-h2d,4,7,589824,60,9.15527
fread-pinned,4,41,589824,84,6.53948
pageable-pinned,4,41,589824,40,13.7329
pinned-h2d,4,41,589824,32,17.1661
pageable-staging-h2d,4,41,589824,72,7.62939
fread-pinned,4,142,589824,66,8.32298
pageable-pinned,4,142,589824,42,13.079
pinned-h2d,4,142,589824,30,18.3105
pageable-staging-h2d,4,142,589824,72,7.62939
fread-pinned,4,54,589824,76,7.22785
pageable-pinned,4,54,589824,37,14.8464
pinned-h2d,4,54,589824,30,18.3105
pageable-staging-h2d,4,54,589824,67,8.19875
fread-pinned,4,84,589824,74,7.42319
pageable-pinned,4,84,589824,42,13.079
pinned-h2d,4,84,589824,31,17.7199
pageable-staging-h2d,4,84,589824,73,7.52488
fread-pinned,4,116,589824,79,6.95337
pageable-pinned,4,116,589824,40,13.7329
pinned-h2d,4,116,589824,31,17.7199
pageable-staging-h2d,4,116,589824,71,7.73685
fread-pinned,4,120,720896,116,5.78782
pageable-pinned,4,120,720896,48,13.9872
pinned-h2d,4,120,720896,36,18.6496
pageable-staging-h2d,4,120,720896,84,7.9927
fread-pinned,4,122,720896,86,7.80682
pageable-pinned,4,122,720896,57,11.7787
pinned-h2d,4,122,720896,41,16.3753
pageable-staging-h2d,4,122,720896,98,6.85088
fread-pinned,4,198,720896,82,8.18764
pageable-pinned,4,198,720896,49,13.7018
pinned-h2d,4,198,720896,37,18.1456
pageable-staging-h2d,4,198,720896,86,7.80682
fread-pinned,4,0,589824,65,8.45102
pageable-pinned,4,0,589824,37,14.8464
pinned-h2d,4,0,589824,30,18.3105
pageable-staging-h2d,4,0,589824,67,8.19875
fread-pinned,4,67,589824,93,5.90663
pageable-pinned,4,67,589824,52,10.5638
pinned-h2d,4,67,589824,30,18.3105
pageable-staging-h2d,4,67,589824,82,6.69898
fread-pinned,4,192,720896,111,6.04853
pageable-pinned,4,192,720896,66,10.1725
pinned-h2d,4,192,720896,35,19.1825
pageable-staging-h2d,4,192,720896,101,6.64739
fread-pinned,4,33,589824,91,6.03644
pageable-pinned,4,33,589824,57,9.63713
pinned-h2d,4,33,589824,31,17.7199
pageable-staging-h2d,4,33,589824,88,6.24223
fread-pinned,4,9,589824,84,6.53948
pageable-pinned,4,9,589824,42,13.079
pinned-h2d,4,9,589824,31,17.7199
pageable-staging-h2d,4,9,589824,73,7.52488
fread-pinned,4,160,720896,106,6.33384
pageable-pinned,4,160,720896,83,8.089
pinned-h2d,4,160,720896,36,18.6496
pageable-staging-h2d,4,160,720896,119,5.64191
fread-pinned,4,109,720896,130,5.16451
pageable-pinned,4,109,720896,63,10.6569
pinned-h2d,4,109,720896,35,19.1825
pageable-staging-h2d,4,109,720896,98,6.85088
fread-pinned,4,117,589824,83,6.61827
pageable-pinned,4,117,589824,57,9.63713
pinned-h2d,4,117,589824,30,18.3105
pageable-staging-h2d,4,117,589824,87,6.31398
fread-pinned,4,25,720896,102,6.58222
pageable-pinned,4,25,720896,72,9.32482
pinned-h2d,4,25,720896,36,18.6496
pageable-staging-h2d,4,25,720896,108,6.21654
fread-pinned,4,166,720896,99,6.78168
pageable-pinned,4,166,720896,76,8.83404
pinned-h2d,4,166,720896,35,19.1825
pageable-staging-h2d,4,166,720896,111,6.04853
fread-pinned,4,154,720896,133,5.04802
pageable-pinned,4,154,720896,61,11.0063
pinned-h2d,4,154,720896,35,19.1825
pageable-staging-h2d,4,154,720896,96,6.99361
fread-pinned,4,132,589824,63,8.71931
pageable-pinned,4,132,589824,35,15.6948
pinned-h2d,4,132,589824,31,17.7199
pageable-staging-h2d,4,132,589824,66,8.32298
fread-pinned,4,55,589824,90,6.10352
pageable-pinned,4,55,589824,43,12.7748
pinned-h2d,4,55,589824,30,18.3105
pageable-staging-h2d,4,55,589824,73,7.52488
fread-pinned,4,207,589824,66,8.32298
pageable-pinned,4,207,589824,32,17.1661
pinned-h2d,4,207,589824,30,18.3105
pageable-staging-h2d,4,207,589824,62,8.85994
fread-pinned,4,34,589824,85,6.46255
pageable-pinned,4,34,589824,40,13.7329
pinned-h2d,4,34,589824,30,18.3105
pageable-staging-h2d,4,34,589824,70,7.84738
fread-pinned,4,76,720896,115,5.83815
pageable-pinned,4,76,720896,54,12.4331
pinned-h2d,4,76,720896,35,19.1825
pageable-staging-h2d,4,76,720896,89,7.54367
fread-pinned,4,87,589824,68,8.07818
pageable-pinned,4,87,589824,43,12.7748
pinned-h2d,4,87,589824,31,17.7199
pageable-staging-h2d,4,87,589824,74,7.42319
fread-pinned,4,133,720896,89,7.54367
pageable-pinned,4,133,720896,50,13.4277
pinned-h2d,4,133,720896,36,18.6496
pageable-staging-h2d,4,133,720896,86,7.80682
fread-pinned,4,165,720896,84,7.9927
pageable-pinned,4,165,720896,49,13.7018
pinned-h2d,4,165,720896,35,19.1825
pageable-staging-h2d,4,165,720896,84,7.9927
fread-pinned,4,70,720896,98,6.85088
pageable-pinned,4,70,720896,49,13.7018
pinned-h2d,4,70,720896,36,18.6496
pageable-staging-h2d,4,70,720896,85,7.89867
fread-pinned,4,69,720896,93,7.21921
pageable-pinned,4,69,720896,52,12.9113
pinned-h2d,4,69,720896,35,19.1825
pageable-staging-h2d,4,69,720896,87,7.71709
fread-pinned,4,106,589824,87,6.31398
pageable-pinned,4,106,589824,35,15.6948
pinned-h2d,4,106,589824,30,18.3105
pageable-staging-h2d,4,106,589824,65,8.45102
fread-pinned,4,13,589824,85,6.46255
pageable-pinned,4,13,589824,60,9.15527
pinned-h2d,4,13,589824,30,18.3105
pageable-staging-h2d,4,13,589824,90,6.10352
fread-pinned,4,134,720896,93,7.21921
pageable-pinned,4,134,720896,77,8.71931
pinned-h2d,4,134,720896,36,18.6496
pageable-staging-h2d,4,134,720896,113,5.94148
fread-pinned,4,141,720896,104,6.45564
pageable-pinned,4,141,720896,83,8.089
pinned-h2d,4,141,720896,35,19.1825
pageable-staging-h2d,4,141,720896,118,5.68972
fread-pinned,4,123,589824,74,7.42319
pageable-pinned,4,123,589824,49,11.2105
pinned-h2d,4,123,589824,30,18.3105
pageable-staging-h2d,4,123,589824,79,6.95337
fread-pinned,4,121,720896,127,5.28651
pageable-pinned,4,121,720896,74,9.07279
pinned-h2d,4,121,720896,35,19.1825
pageable-staging-h2d,4,121,720896,109,6.15951
fread-pinned,4,92,589824,84,6.53948
pageable-pinned,4,92,589824,54,10.1725
pinned-h2d,4,92,589824,31,17.7199
pageable-staging-h2d,4,92,589824,85,6.46255
fread-pinned,4,46,589824,101,5.43878
pageable-pinned,4,46,589824,63,8.71931
pinned-h2d,4,46,589824,30,18.3105
pageable-staging-h2d,4,46,589824,93,5.90663
fread-pinned,4,230,720896,100,6.71387
pageable-pinned,4,230,720896,76,8.83404
pinned-h2d,4,230,720896,35,19.1825
pageable-staging-h2d,4,230,720896,111,6.04853
fread-pinned,4,216,589824,79,6.95337
pageable-pinned,4,216,589824,55,9.98757
pinned-h2d,4,216,589824,30,18.3105
pageable-staging-h2d,4,216,589824,85,6.46255
fread-pinned,4,140,720896,123,5.45843
pageable-pinned,4,140,720896,68,9.87333
pinned-h2d,4,140,720896,36,18.6496
pageable-staging-h2d,4,140,720896,104,6.45564
fread-pinned,4,111,589824,78,7.04252
pageable-pinned,4,111,589824,35,15.6948
pinned-h2d,4,111,589824,31,17.7199
pageable-staging-h2d,4,111,589824,66,8.32298
fread-pinned,4,104,589824,78,7.04252
pageable-pinned,4,104,589824,41,13.398
pinned-h2d,4,104,589824,30,18.3105
pageable-staging-h2d,4,104,589824,71,7.73685
fread-pinned,4,236,720896,86,7.80682
pageable-pinned,4,236,720896,48,13.9872
pinned-h2d,4,236,720896,35,19.1825
pageable-staging-h2d,4,236,720896,83,8.089
fread-pinned,4,186,720896,82,8.18764
pageable-pinned,4,186,720896,52,12.9113
pinned-h2d,4,186,720896,35,19.1825
pageable-staging-h2d,4,186,720896,87,7.71709
fread-pinned,4,36,589824,89,6.17209
pageable-pinned,4,36,589824,40,13.7329
pinned-h2d,4,36,589824,30,18.3105
pageable-staging-h2d,4,36,589824,70,7.84738
fread-pinned,4,18,720896,89,7.54367
pageable-pinned,4,18,720896,48,13.9872
pinned-h2d,4,18,720896,37,18.1456
pageable-staging-h2d,4,18,720896,85,7.89867
fread-pinned,4,83,720896,103,6.51832
pageable-pinned,4,83,720896,66,10.1725
pinned-h2d,4,83,720896,35,19.1825
pageable-staging-h2d,4,83,720896,101,6.64739
fread-pinned,4,246,589824,74,7.42319
pageable-pinned,4,246,589824,50,10.9863
pinned-h2d,4,246,589824,31,17.7199
pageable-staging-h2d,4,246,589824,81,6.78168
fread-pinned,4,88,720896,103,6.51832
pageable-pinned,4,88,720896,75,8.95182
pinned-h2d,4,88,720896,35,19.1825
pageable-staging-h2d,4,88,720896,110,6.10352
fread-pinned,4,164,589824,84,6.53948
pageable-pinned,4,164,589824,65,8.45102
pinned-h2d,4,164,589824,30,18.3105
pageable-staging-h2d,4,164,589824,95,5.78228
fread-pinned,4,107,589824,103,5.33317
pageable-pinned,4,107,589824,58,9.47097
pinned-h2d,4,107,589824,30,18.3105
pageable-staging-h2d,4,107,589824,88,6.24223
fread-pinned,4,135,589824,80,6.86646
pageable-pinned,4,135,589824,60,9.15527
pinned-h2d,4,135,589824,30,18.3105
pageable-staging-h2d,4,135,589824,90,6.10352
fread-pinned,4,204,720896,98,6.85088
pageable-pinned,4,204,720896,74,9.07279
pinned-h2d,4,204,720896,35,19.1825
pageable-staging-h2d,4,204,720896,109,6.15951
fread-pinned,4,196,589824,84,6.53948
pageable-pinned,4,196,589824,61,9.00519
pinned-h2d,4,196,589824,30,18.3105
pageable-staging-h2d,4,196,589824,91,6.03644
fread-pinned,4,65,589824,90,6.10352
pageable-pinned,4,65,589824,51,10.7709
pinned-h2d,4,65,589824,30,18.3105
pageable-staging-h2d,4,65,589824,81,6.78168
fread-pinned,4,130,589824,78,7.04252
pageable-pinned,4,130,589824,54,10.1725
pinned-h2d,4,130,589824,30,18.3105
pageable-staging-h2d,4,130,589824,84,6.53948
fread-pinned,4,26,589824,81,6.78168
pageable-pinned,4,26,589824,33,16.646
pinned-h2d,4,26,589824,30,18.3105
pageable-staging-h2d,4,26,589824,63,8.71931
fread-pinned,4,90,589824,76,7.22785
pageable-pinned,4,90,589824,46,11.9417
pinned-h2d,4,90,589824,30,18.3105
pageable-staging-h2d,4,90,589824,76,7.22785
fread-pinned,4,200,589824,82,6.69898
pageable-pinned,4,200,589824,45,12.207
pinned-h2d,4,200,589824,31,17.7199
pageable-staging-h2d,4,200,589824,76,7.22785
fread-pinned,4,52,589824,83,6.61827
pageable-pinned,4,52,589824,37,14.8464
pinned-h2d,4,52,589824,31,17.7199
pageable-staging-h2d,4,52,589824,68,8.07818
fread-pinned,4,81,589824,77,7.13398
pageable-pinned,4,81,589824,41,13.398
pinned-h2d,4,81,589824,31,17.7199
pageable-staging-h2d,4,81,589824,72,7.62939
fread-pinned,4,80,589824,77,7.13398
pageable-pinned,4,80,589824,34,16.1564
pinned-h2d,4,80,589824,31,17.7199
pageable-staging-h2d,4,80,589824,65,8.45102
fread-pinned,4,199,720896,99,6.78168
pageable-pinned,4,199,720896,81,8.28872
pinned-h2d,4,199,720896,36,18.6496
pageable-staging-h2d,4,199,720896,117,5.73835
fread-pinned,4,242,589824,79,6.95337
pageable-pinned,4,242,589824,53,10.3645
pinned-h2d,4,242,589824,30,18.3105
pageable-staging-h2d,4,242,589824,83,6.61827
fread-pinned,4,219,589824,80,6.86646
pageable-pinned,4,219,589824,59,9.31045
pinned-h2d,4,219,589824,33,16.646
pageable-staging-h2d,4,219,589824,92,5.97083
fread-pinned,4,105,589824,100,5.49316
pageable-pinned,4,105,589824,60,9.15527
pinned-h2d,4,105,589824,31,17.7199
pageable-staging-h2d,4,105,589824,91,6.03644
fread-pinned,4,98,589824,94,5.84379
pageable-pinned,4,98,589824,50,10.9863
pinned-h2d,4,98,589824,30,18.3105
pageable-staging-h2d,4,98,589824,80,6.86646
fread-pinned,4,144,589824,103,5.33317
pageable-pinned,4,144,589824,60,9.15527
pinned-h2d,4,144,589824,32,17.1661
pageable-staging-h2d,4,144,589824,92,5.97083
fread-pinned,4,225,589824,79,6.95337
pageable-pinned,4,225,589824,57,9.63713
pinned-h2d,4,225,589824,30,18.3105
pageable-staging-h2d,4,225,589824,87,6.31398
fread-pinned,4,161,589824,79,6.95337
pageable-pinned,4,161,589824,61,9.00519
pinned-h2d,4,161,589824,29,18.9419
pageable-staging-h2d,4,161,589824,90,6.10352
fread-pinned,4,250,860160,153,5.23586
pageable-pinned,4,250,860160,96,8.34465
pinned-h2d,4,250,860160,41,19.5387
pageable-staging-h2d,4,250,860160,137,5.84735
fread-pinned,4,163,589824,79,6.95337
pageable-pinned,4,163,589824,55,9.98757
pinned-h2d,4,163,589824,30,18.3105
pageable-staging-h2d,4,163,589824,85,6.46255
fread-pinned,5,60,589824,90,6.10352
pageable-pinned,5,60,589824,37,14.8464
pinned-h2d,5,60,589824,31,17.7199
pageable-staging-h2d,5,60,589824,68,8.07818
fread-pinned,5,110,589824,61,9.00519
pageable-pinned,5,110,589824,30,18.3105
pinned-h2d,5,110,589824,31,17.7199
pageable-staging-h2d,5,110,589824,61,9.00519
fread-pinned,5,145,589824,84,6.53948
pageable-pinned,5,145,589824,34,16.1564
pinned-h2d,5,145,589824,31,17.7199
pageable-staging-h2d,5,145,589824,65,8.45102
fread-pinned,5,240,589824,70,7.84738
pageable-pinned,5,240,589824,42,13.079
pinned-h2d,5,240,589824,31,17.7199
pageable-staging-h2d,5,240,589824,73,7.52488
fread-pinned,5,149,589824,63,8.71931
pageable-pinned,5,149,589824,39,14.085
pinned-h2d,5,149,589824,31,17.7199
pageable-staging-h2d,5,149,589824,70,7.84738
fread-pinned,5,23,589824,82,6.69898
pageable-pinned,5,23,589824,40,13.7329
pinned-h2d,5,23,589824,31,17.7199
pageable-staging-h2d,5,23,589824,71,7.73685
fread-pinned,5,138,589824,70,7.84738
pageable-pinned,5,138,589824,37,14.8464
pinned-h2d,5,138,589824,29,18.9419
pageable-staging-h2d,5,138,589824,66,8.32298
fread-pinned,5,46,589824,88,6.24223
pageable-pinned,5,46,589824,43,12.7748
pinned-h2d,5,46,589824,31,17.7199
pageable-staging-h2d,5,46,589824,74,7.42319
fread-pinned,5,231,720896,84,7.9927
pageable-pinned,5,231,720896,50,13.4277
pinned-h2d,5,231,720896,36,18.6496
pageable-staging-h2d,5,231,720896,86,7.80682
fread-pinned,5,56,720896,79,8.49857
pageable-pinned,5,56,720896,40,16.7847
pinned-h2d,5,56,720896,35,19.1825
pageable-staging-h2d,5,56,720896,75,8.95182
fread-pinned,5,44,720896,90,7.45985
pageable-pinned,5,44,720896,37,18.1456
pinned-h2d,5,44,720896,36,18.6496
pageable-staging-h2d,5,44,720896,73,9.19708
fread-pinned,5,111,589824,74,7.42319
pageable-pinned,5,111,589824,33,16.646
pinned-h2d,5,111,589824,30,18.3105
pageable-staging-h2d,5,111,589824,63,8.71931
fread-pinned,5,62,589824,69,7.96111
pageable-pinned,5,62,589824,33,16.646
pinned-h2d,5,62,589824,30,18.3105
pageable-staging-h2d,5,62,589824,63,8.71931
fread-pinned,5,1,589824,81,6.78168
pageable-pinned,5,1,589824,43,12.7748
pinned-h2d,5,1,589824,30,18.3105
pageable-staging-h2d,5,1,589824,73,7.52488
fread-pinned,5,181,589824,71,7.73685
pageable-pinned,5,181,589824,45,12.207
pinned-h2d,5,181,589824,30,18.3105
pageable-staging-h2d,5,181,589824,75,7.32422
fread-pinned,5,152,589824,94,5.84379
pageable-pinned,5,152,589824,51,10.7709
pinned-h2d,5,152,589824,29,18.9419
pageable-staging-h2d,5,152,589824,80,6.86646
fread-pinned,5,48,589824,89,6.17209
pageable-pinned,5,48,589824,59,9.31045
pinned-h2d,5,48,589824,30,18.3105
pageable-staging-h2d,5,48,589824,89,6.17209
fread-pinned,5,126,589824,100,5.49316
pageable-pinned,5,126,589824,61,9.00519
pinned-h2d,5,126,589824,30,18.3105
pageable-staging-h2d,5,126,589824,91,6.03644
fread-pinned,5,199,720896,101,6.64739
pageable-pinned,5,199,720896,76,8.83404
pinned-h2d,5,199,720896,37,18.1456
pageable-staging-h2d,5,199,720896,113,5.94148
fread-pinned,5,74,589824,90,6.10352
pageable-pinned,5,74,589824,56,9.80922
pinned-h2d,5,74,589824,30,18.3105
pageable-staging-h2d,5,74,589824,86,6.3874
fread-pinned,5,109,720896,128,5.24521
pageable-pinned,5,109,720896,62,10.8288
pinned-h2d,5,109,720896,35,19.1825
pageable-staging-h2d,5,109,720896,97,6.92151
fread-pinned,5,17,589824,80,6.86646
pageable-pinned,5,17,589824,54,10.1725
pinned-h2d,5,17,589824,30,18.3105
pageable-staging-h2d,5,17,589824,84,6.53948
fread-pinned,5,79,589824,72,7.62939
pageable-pinned,5,79,589824,34,16.1564
pinned-h2d,5,79,589824,30,18.3105
pageable-staging-h2d,5,79,589824,64,8.58307
fread-pinned,5,150,589824,91,6.03644
pageable-pinned,5,150,589824,56,9.80922
pinned-h2d,5,150,589824,30,18.3105
pageable-staging-h2d,5,150,589824,86,6.3874
fread-pinned,5,242,589824,65,8.45102
pageable-pinned,5,242,589824,35,15.6948
pinned-h2d,5,242,589824,30,18.3105
pageable-staging-h2d,5,242,589824,65,8.45102
fread-pinned,5,38,720896,97,6.92151
pageable-pinned,5,38,720896,55,12.207
pinned-h2d,5,38,720896,36,18.6496
pageable-staging-h2d,5,38,720896,91,7.37788
fread-pinned,5,131,589824,57,9.63713
pageable-pinned,5,131,589824,32,17.1661
pinned-h2d,5,131,589824,31,17.7199
pageable-staging-h2d,5,131,589824,63,8.71931
fread-pinned,5,66,589824,81,6.78168
pageable-pinned,5,66,589824,39,14.085
pinned-h2d,5,66,589824,32,17.1661
pageable-staging-h2d,5,66,589824,71,7.73685
fread-pinned,5,220,589824,66,8.32298
pageable-pinned,5,220,589824,41,13.398
pinned-h2d,5,220,589824,30,18.3105
pageable-staging-h2d,5,220,589824,71,7.73685
fread-pinned,5,87,589824,68,8.07818
pageable-pinned,5,87,589824,42,13.079
pinned-h2d,5,87,589824,31,17.7199
pageable-staging-h2d,5,87,589824,73,7.52488
fread-pinned,5,236,720896,86,7.80682
pageable-pinned,5,236,720896,48,13.9872
pinned-h2d,5,236,720896,36,18.6496
pageable-staging-h2d,5,236,720896,84,7.9927
fread-pinned,5,227,589824,67,8.19875
pageable-pinned,5,227,589824,38,14.4557
pinned-h2d,5,227,589824,30,18.3105
pageable-staging-h2d,5,227,589824,68,8.07818
fread-pinned,5,175,589824,76,7.22785
pageable-pinned,5,175,589824,35,15.6948
pinned-h2d,5,175,589824,31,17.7199
pageable-staging-h2d,5,175,589824,66,8.32298
fread-pinned,5,248,589824,61,9.00519
pageable-pinned,5,248,589824,31,17.7199
pinned-h2d,5,248,589824,31,17.7199
pageable-staging-h2d,5,248,589824,62,8.85994
fread-pinned,5,99,589824,83,6.61827
pageable-pinned,5,99,589824,35,15.6948
pinned-h2d,5,99,589824,31,17.7199
pageable-staging-h2d,5,99,589824,66,8.32298
fread-pinned,5,210,720896,85,7.89867
pageable-pinned,5,210,720896,50,13.4277
pinned-h2d,5,210,720896,36,18.6496
pageable-staging-h2d,5,210,720896,86,7.80682
fread-pinned,5,106,589824,83,6.61827
pageable-pinned,5,106,589824,35,15.6948
pinned-h2d,5,106,589824,30,18.3105
pageable-staging-h2d,5,106,589824,65,8.45102
fread-pinned,5,252,589824,95,5.78228
pageable-pinned,5,252,589824,52,10.5638
pinned-h2d,5,252,589824,31,17.7199
pageable-staging-h2d,5,252,589824,83,6.61827
fread-pinned,5,39,589824,92,5.97083
pageable-pinned,5,39,589824,64,8.58307
pinned-h2d,5,39,589824,31,17.7199
pageable-staging-h2d,5,39,589824,95,5.78228
fread-pinned,5,45,589824,96,5.72205
pageable-pinned,5,45,589824,64,8.58307
pinned-h2d,5,45,589824,30,18.3105
pageable-staging-h2d,5,45,589824,94,5.84379
fread-pinned,5,71,589824,123,4.46599
pageable-pinned,5,71,589824,61,9.00519
pinned-h2d,5,71,589824,31,17.7199
pageable-staging-h2d,5,71,589824,92,5.97083
fread-pinned,5,81,589824,87,6.31398
pageable-pinned,5,81,589824,63,8.71931
pinned-h2d,5,81,589824,31,17.7199
pageable-staging-h2d,5,81,589824,94,5.84379
fread-pinned,5,77,720896,128,5.24521
pageable-pinned,5,77,720896,76,8.83404
pinned-h2d,5,77,720896,35,19.1825
pageable-staging-h2d,5,77,720896,111,6.04853
fread-pinned,5,128,720896,99,6.78168
pageable-pinned,5,128,720896,70,9.59124
pinned-h2d,5,128,720896,36,18.6496
pageable-staging-h2d,5,128,720896,106,6.33384
fread-pinned,5,191,720896,89,7.54367
pageable-pinned,5,191,720896,57,11.7787
pinned-h2d,5,191,720896,36,18.6496
pageable-staging-h2d,5,191,720896,93,7.21921
fread-pinned,5,120,720896,127,5.28651
pageable-pinned,5,120,720896,73,9.19708
pinned-h2d,5,120,720896,35,19.1825
pageable-staging-h2d,5,120,720896,108,6.21654
fread-pinned,5,160,720896,104,6.45564
pageable-pinned,5,160,720896,55,12.207
pinned-h2d,5,160,720896,36,18.6496
pageable-staging-h2d,5,160,720896,91,7.37788
fread-pinned,5,208,589824,74,7.42319
pageable-pinned,5,208,589824,42,13.079
pinned-h2d,5,208,589824,31,17.7199
pageable-staging-h2d,5,208,589824,73,7.52488
fread-pinned,5,168,589824,96,5.72205
pageable-pinned,5,168,589824,45,12.207
pinned-h2d,5,168,589824,31,17.7199
pageable-staging-h2d,5,168,589824,76,7.22785
fread-pinned,5,6,720896,93,7.21921
pageable-pinned,5,6,720896,46,14.5954
pinned-h2d,5,6,720896,36,18.6496
pageable-staging-h2d,5,6,720896,82,8.18764
fread-pinned,5,173,720896,111,6.04853
pageable-pinned,5,173,720896,48,13.9872
pinned-h2d,5,173,720896,36,18.6496
pageable-staging-h2d,5,173,720896,84,7.9927
fread-pinned,5,212,720896,96,6.99361
pageable-pinned,5,212,720896,58,11.5756
pinned-h2d,5,212,720896,36,18.6496
pageable-staging-h2d,5,212,720896,94,7.14241
fread-pinned,5,41,589824,93,5.90663
pageable-pinned,5,41,589824,60,9.15527
pinned-h2d,5,41,589824,30,18.3105
pageable-staging-h2d,5,41,589824,90,6.10352
fread-pinned,5,209,589824,75,7.32422
pageable-pinned,5,209,589824,57,9.63713
pinned-h2d,5,209,589824,31,17.7199
pageable-staging-h2d,5,209,589824,88,6.24223
fread-pinned,5,223,860160,138,5.80497
pageable-pinned,5,223,860160,93,8.61383
pinned-h2d,5,223,860160,42,19.0735
pageable-staging-h2d,5,223,860160,135,5.93397
fread-pinned,5,224,720896,96,6.99361
pageable-pinned,5,224,720896,60,11.1898
pinned-h2d,5,224,720896,36,18.6496
pageable-staging-h2d,5,224,720896,96,6.99361
fread-pinned,5,34,589824,94,5.84379
pageable-pinned,5,34,589824,59,9.31045
pinned-h2d,5,34,589824,31,17.7199
pageable-staging-h2d,5,34,589824,90,6.10352
fread-pinned,5,141,720896,103,6.51832
pageable-pinned,5,141,720896,76,8.83404
pinned-h2d,5,141,720896,34,19.7467
pageable-staging-h2d,5,141,720896,110,6.10352
fread-pinned,5,43,720896,107,6.27464
pageable-pinned,5,43,720896,60,11.1898
pinned-h2d,5,43,720896,35,19.1825
pageable-staging-h2d,5,43,720896,95,7.06723
fread-pinned,5,2,589824,73,7.52488
pageable-pinned,5,2,589824,45,12.207
pinned-h2d,5,2,589824,30,18.3105
pageable-staging-h2d,5,2,589824,75,7.32422
fread-pinned,5,65,589824,88,6.24223
pageable-pinned,5,65,589824,54,10.1725
pinned-h2d,5,65,589824,31,17.7199
pageable-staging-h2d,5,65,589824,85,6.46255
fread-pinned,5,185,720896,102,6.58222
pageable-pinned,5,185,720896,66,10.1725
pinned-h2d,5,185,720896,36,18.6496
pageable-staging-h2d,5,185,720896,102,6.58222
fread-pinned,5,136,589824,90,6.10352
pageable-pinned,5,136,589824,39,14.085
pinned-h2d,5,136,589824,30,18.3105
pageable-staging-h2d,5,136,589824,69,7.96111
fread-pinned,5,88,720896,87,7.71709
pageable-pinned,5,88,720896,47,14.2848
pinned-h2d,5,88,720896,35,19.1825
pageable-staging-h2d,5,88,720896,82,8.18764
fread-pinned,5,238,589824,79,6.95337
pageable-pinned,5,238,589824,42,13.079
pinned-h2d,5,238,589824,31,17.7199
pageable-staging-h2d,5,238,589824,73,7.52488
fread-pinned,5,19,720896,86,7.80682
pageable-pinned,5,19,720896,47,14.2848
pinned-h2d,5,19,720896,35,19.1825
pageable-staging-h2d,5,19,720896,82,8.18764
fread-pinned,5,90,589824,76,7.22785
pageable-pinned,5,90,589824,43,12.7748
pinned-h2d,5,90,589824,31,17.7199
pageable-staging-h2d,5,90,589824,74,7.42319
fread-pinned,5,9,589824,66,8.32298
pageable-pinned,5,9,589824,31,17.7199
pinned-h2d,5,9,589824,30,18.3105
pageable-staging-h2d,5,9,589824,61,9.00519
fread-pinned,5,4,589824,84,6.53948
pageable-pinned,5,4,589824,43,12.7748
pinned-h2d,5,4,589824,30,18.3105
pageable-staging-h2d,5,4,589824,73,7.52488
fread-pinned,5,78,589824,96,5.72205
pageable-pinned,5,78,589824,62,8.85994
pinned-h2d,5,78,589824,29,18.9419
pageable-staging-h2d,5,78,589824,91,6.03644
fread-pinned,5,169,589824,105,5.23158
pageable-pinned,5,169,589824,65,8.45102
pinned-h2d,5,169,589824,30,18.3105
pageable-staging-h2d,5,169,589824,95,5.78228
fread-pinned,5,116,589824,93,5.90663
pageable-pinned,5,116,589824,59,9.31045
pinned-h2d,5,116,589824,30,18.3105
pageable-staging-h2d,5,116,589824,89,6.17209
fread-pinned,5,33,589824,92,5.97083
pageable-pinned,5,33,589824,56,9.80922
pinned-h2d,5,33,589824,30,18.3105
pageable-staging-h2d,5,33,589824,86,6.3874
fread-pinned,5,119,589824,93,5.90663
pageable-pinned,5,119,589824,43,12.7748
pinned-h2d,5,119,589824,31,17.7199
pageable-staging-h2d,5,119,589824,74,7.42319
fread-pinned,5,198,720896,98,6.85088
pageable-pinned,5,198,720896,69,9.73024
pinned-h2d,5,198,720896,36,18.6496
pageable-staging-h2d,5,198,720896,105,6.39416
fread-pinned,5,117,589824,81,6.78168
pageable-pinned,5,117,589824,55,9.98757
pinned-h2d,5,117,589824,30,18.3105
pageable-staging-h2d,5,117,589824,85,6.46255
fread-pinned,5,68,589824,97,5.66306
pageable-pinned,5,68,589824,56,9.80922
pinned-h2d,5,68,589824,30,18.3105
pageable-staging-h2d,5,68,589824,86,6.3874
fread-pinned,5,205,720896,122,5.50317
pageable-pinned,5,205,720896,73,9.19708
pinned-h2d,5,205,720896,35,19.1825
pageable-staging-h2d,5,205,720896,108,6.21654
fread-pinned,5,82,720896,106,6.33384
pageable-pinned,5,82,720896,47,14.2848
pinned-h2d,5,82,720896,35,19.1825
pageable-staging-h2d,5,82,720896,82,8.18764
fread-pinned,5,127,720896,76,8.83404
pageable-pinned,5,127,720896,42,15.9854
pinned-h2d,5,127,720896,35,19.1825
pageable-staging-h2d,5,127,720896,77,8.71931
fread-pinned,5,174,589824,86,6.3874
pageable-pinned,5,174,589824,42,13.079
pinned-h2d,5,174,589824,30,18.3105
pageable-staging-h2d,5,174,589824,72,7.62939
fread-pinned,5,176,589824,75,7.32422
pageable-pinned,5,176,589824,42,13.079
pinned-h2d,5,176,589824,32,17.1661
pageable-staging-h2d,5,176,589824,74,7.42319
fread-pinned,5,100,589824,86,6.3874
pageable-pinned,5,100,589824,41,13.398
pinned-h2d,5,100,589824,31,17.7199
pageable-staging-h2d,5,100,589824,72,7.62939
fread-pinned,5,59,589824,84,6.53948
pageable-pinned,5,59,589824,42,13.079
pinned-h2d,5,59,589824,30,18.3105
pageable-staging-h2d,5,59,589824,72,7.62939
fread-pinned,5,172,720896,89,7.54367
pageable-pinned,5,172,720896,48,13.9872
pinned-h2d,5,172,720896,36,18.6496
pageable-staging-h2d,5,172,720896,84,7.9927
fread-pinned,5,32,720896,96,6.99361
pageable-pinned,5,32,720896,50,13.4277
pinned-h2d,5,32,720896,36,18.6496
pageable-staging-h2d,5,32,720896,86,7.80682
fread-pinned,5,114,720896,81,8.28872
pageable-pinned,5,114,720896,47,14.2848
pinned-h2d,5,114,720896,35,19.1825
pageable-staging-h2d,5,114,720896,82,8.18764
fread-pinned,5,189,589824,67,8.19875
pageable-pinned,5,189,589824,40,13.7329
pinned-h2d,5,189,589824,31,17.7199
pageable-staging-h2d,5,189,589824,71,7.73685
fread-pinned,5,22,589824,77,7.13398
pageable-pinned,5,22,589824,34,16.1564
pinned-h2d,5,22,589824,31,17.7199
pageable-staging-h2d,5,22,589824,65,8.45102
fread-pinned,5,219,589824,66,8.32298
pageable-pinned,5,219,589824,42,13.079
pinned-h2d,5,219,589824,31,17.7199
pageable-staging-h2d,5,219,589824,73,7.52488
fread-pinned,5,123,589824,65,8.45102
pageable-pinned,5,123,589824,35,15.6948
pinned-h2d,5,123,589824,31,17.7199
pageable-staging-h2d,5,123,589824,66,8.32298
fread-pinned,5,18,720896,89,7.54367
pageable-pinned,5,18,720896,42,15.9854
pinned-h2d,5,18,720896,37,18.1456
pageable-staging-h2d,5,18,720896,79,8.49857
fread-pinned,5,218,860160,102,7.85379
pageable-pinned,5,218,860160,59,13.5777
pinned-h2d,5,218,860160,42,19.0735
pageable-staging-h2d,5,218,860160,101,7.93155
fread-pinned,5,20,589824,84,6.53948
pageable-pinned,5,20,589824,40,13.7329
pinned-h2d,5,20,589824,31,17.7199
pageable-staging-h2d,5,20,589824,71,7.73685
fread-pinned,5,147,720896,96,6.99361
pageable-pinned,5,147,720896,55,12.207
pinned-h2d,5,147,720896,35,19.1825
pageable-staging-h2d,5,147,720896,90,7.45985
fread-pinned,5,228,589824,74,7.42319
pageable-pinned,5,228,589824,55,9.98757
pinned-h2d,5,228,589824,30,18.3105
pageable-staging-h2d,5,228,589824,85,6.46255
fread-pinned,5,53,589824,90,6.10352
pageable-pinned,5,53,589824,51,10.7709
pinned-h2d,5,53,589824,30,18.3105
pageable-staging-h2d,5,53,589824,81,6.78168
fread-pinned,5,97,589824,98,5.60527
pageable-pinned,5,97,589824,58,9.47097
pinned-h2d,5,97,589824,31,17.7199
pageable-staging-h2d,5,97,589824,89,6.17209
fread-pinned,5,115,720896,111,6.04853
pageable-pinned,5,115,720896,73,9.19708
pinned-h2d,5,115,720896,35,19.1825
pageable-staging-h2d,5,115,720896,108,6.21654
fread-pinned,5,201,589824,83,6.61827
pageable-pinned,5,201,589824,60,9.15527
pinned-h2d,5,201,589824,30,18.3105
pageable-staging-h2d,5,201,589824,90,6.10352
fread-pinned,5,207,589824,75,7.32422
pageable-pinned,5,207,589824,47,11.6876
pinned-h2d,5,207,589824,29,18.9419
pageable-staging-h2d,5,207,589824,76,7.22785
fread-pinned,5,142,589824,82,6.69898
pageable-pinned,5,142,589824,68,8.07818
pinned-h2d,5,142,589824,32,17.1661
pageable-staging-h2d,5,142,589824,100,5.49316
fread-pinned,5,67,589824,90,6.10352
pageable-pinned,5,67,589824,59,9.31045
pinned-h2d,5,67,589824,30,18.3105
pageable-staging-h2d,5,67,589824,89,6.17209
fread-pinned,5,112,589824,76,7.22785
pageable-pinned,5,112,589824,55,9.98757
pinned-h2d,5,112,589824,30,18.3105
pageable-staging-h2d,5,112,589824,85,6.46255
fread-pinned,5,132,589824,74,7.42319
pageable-pinned,5,132,589824,54,10.1725
pinned-h2d,5,132,589824,30,18.3105
pageable-staging-h2d,5,132,589824,84,6.53948
fread-pinned,5,230,720896,105,6.39416
pageable-pinned,5,230,720896,87,7.71709
pinned-h2d,5,230,720896,36,18.6496
pageable-staging-h2d,5,230,720896,123,5.45843
fread-pinned,5,153,720896,94,7.14241
pageable-pinned,5,153,720896,51,13.1644
pinned-h2d,5,153,720896,36,18.6496
pageable-staging-h2d,5,153,720896,87,7.71709
fread-pinned,5,84,589824,72,7.62939
pageable-pinned,5,84,589824,43,12.7748
pinned-h2d,5,84,589824,30,18.3105
pageable-staging-h2d,5,84,589824,73,7.52488
fread-pinned,5,167,720896,80,8.39233
pageable-pinned,5,167,720896,48,13.9872
pinned-h2d,5,167,720896,36,18.6496
pageable-staging-h2d,5,167,720896,84,7.9927
fread-pinned,5,245,589824,82,6.69898
pageable-pinned,5,245,589824,40,13.7329
pinned-h2d,5,245,589824,30,18.3105
pageable-staging-h2d,5,245,589824,70,7.84738
fread-pinned,5,244,860160,105,7.62939
pageable-pinned,5,244,860160,57,14.0541
pinned-h2d,5,244,860160,42,19.0735
pageable-staging-h2d,5,244,860160,99,8.09178
fread-pinned,5,89,720896,92,7.29768
pageable-pinned,5,89,720896,50,13.4277
pinned-h2d,5,89,720896,37,18.1456
pageable-staging-h2d,5,89,720896,87,7.71709
fread-pinned,5,166,720896,93,7.21921
pageable-pinned,5,166,720896,68,9.87333
pinned-h2d,5,166,720896,35,19.1825
pageable-staging-h2d,5,166,720896,103,6.51832
fread-pinned,5,163,589824,78,7.04252
pageable-pinned,5,163,589824,55,9.98757
pinned-h2d,5,163,589824,30,18.3105
pageable-staging-h2d,5,163,589824,85,6.46255
fread-pinned,5,64,720896,117,5.73835
pageable-pinned,5,64,720896,72,9.32482
pinned-h2d,5,64,720896,36,18.6496
pageable-staging-h2d,5,64,720896,108,6.21654
fread-pinned,5,129,589824,81,6.78168
pageable-pinned,5,129,589824,55,9.98757
pinned-h2d,5,129,589824,30,18.3105
pageable-staging-h2d,5,129,589824,85,6.46255
fread-pinned,5,40,589824,85,6.46255
pageable-pinned,5,40,589824,45,12.207
pinned-h2d,5,40,589824,30,18.3105
pageable-staging-h2d,5,40,589824,75,7.32422
fread-pinned,5,85,589824,77,7.13398
pageable-pinned,5,85,589824,56,9.80922
pinned-h2d,5,85,589824,30,18.3105
pageable-staging-h2d,5,85,589824,86,6.3874
fread-pinned,5,28,589824,89,6.17209
pageable-pinned,5,28,589824,55,9.98757
pinned-h2d,5,28,589824,30,18.3105
pageable-staging-h2d,5,28,589824,85,6.46255
fread-pinned,5,37,720896,111,6.04853
pageable-pinned,5,37,720896,80,8.39233
pinned-h2d,5,37,720896,35,19.1825
pageable-staging-h2d,5,37,720896,115,5.83815
fread-pinned,5,197,589824,74,7.42319
pageable-pinned,5,197,589824,56,9.80922
pinned-h2d,5,197,589824,31,17.7199
pageable-staging-h2d,5,197,589824,87,6.31398
fread-pinned,5,194,589824,79,6.95337
pageable-pinned,5,194,589824,58,9.47097
pinned-h2d,5,194,589824,30,18.3105
pageable-staging-h2d,5,194,589824,88,6.24223
fread-pinned,5,154,720896,133,5.04802
pageable-pinned,5,154,720896,57,11.7787
pinned-h2d,5,154,720896,36,18.6496
pageable-staging-h2d,5,154,720896,93,7.21921
fread-pinned,5,31,720896,98,6.85088
pageable-pinned,5,31,720896,48,13.9872
pinned-h2d,5,31,720896,36,18.6496
pageable-staging-h2d,5,31,720896,84,7.9927
fread-pinned,5,156,589824,76,7.22785
pageable-pinned,5,156,589824,38,14.4557
pinned-h2d,5,156,589824,31,17.7199
pageable-staging-h2d,5,156,589824,69,7.96111
fread-pinned,5,69,720896,92,7.29768
pageable-pinned,5,69,720896,51,13.1644
pinned-h2d,5,69,720896,35,19.1825
pageable-staging-h2d,5,69,720896,86,7.80682
fread-pinned,5,76,720896,113,5.94148
pageable-pinned,5,76,720896,51,13.1644
pinned-h2d,5,76,720896,36,18.6496
pageable-staging-h2d,5,76,720896,87,7.71709
fread-pinned,5,180,589824,68,8.07818
pageable-pinned,5,180,589824,41,13.398
pinned-h2d,5,180,589824,30,18.3105
pageable-staging-h2d,5,180,589824,71,7.73685
fread-pinned,5,151,589824,72,7.62939
pageable-pinned,5,151,589824,50,10.9863
pinned-h2d,5,151,589824,30,18.3105
pageable-staging-h2d,5,151,589824,80,6.86646
fread-pinned,5,108,720896,119,5.64191
pageable-pinned,5,108,720896,70,9.59124
pinned-h2d,5,108,720896,35,19.1825
pageable-staging-h2d,5,108,720896,105,6.39416
fread-pinned,5,80,589824,84,6.53948
pageable-pinned,5,80,589824,44,12.4845
pinned-h2d,5,80,589824,30,18.3105
pageable-staging-h2d,5,80,589824,74,7.42319
fread-pinned,5,70,720896,112,5.99452
pageable-pinned,5,70,720896,77,8.71931
pinned-h2d,5,70,720896,36,18.6496
pageable-staging-h2d,5,70,720896,113,5.94148
fread-pinned,5,204,720896,101,6.64739
pageable-pinned,5,204,720896,74,9.07279
pinned-h2d,5,204,720896,37,18.1456
pageable-staging-h2d,5,204,720896,111,6.04853
fread-pinned,5,183,589824,76,7.22785
pageable-pinned,5,183,589824,51,10.7709
pinned-h2d,5,183,589824,31,17.7199
pageable-staging-h2d,5,183,589824,82,6.69898
fread-pinned,5,229,589824,80,6.86646
pageable-pinned,5,229,589824,53,10.3645
pinned-h2d,5,229,589824,30,18.3105
pageable-staging-h2d,5,229,589824,83,6.61827
fread-pinned,5,195,589824,100,5.49316
pageable-pinned,5,195,589824,56,9.80922
pinned-h2d,5,195,589824,31,17.7199
pageable-staging-h2d,5,195,589824,87,6.31398
fread-pinned,5,146,720896,103,6.51832
pageable-pinned,5,146,720896,85,7.89867
pinned-h2d,5,146,720896,37,18.1456
pageable-staging-h2d,5,146,720896,122,5.50317
fread-pinned,5,232,589824,72,7.62939
pageable-pinned,5,232,589824,45,12.207
pinned-h2d,5,232,589824,30,18.3105
pageable-staging-h2d,5,232,589824,75,7.32422
fread-pinned,5,121,720896,122,5.50317
pageable-pinned,5,121,720896,52,12.9113
pinned-h2d,5,121,720896,37,18.1456
pageable-staging-h2d,5,121,720896,89,7.54367
fread-pinned,5,94,589824,68,8.07818
pageable-pinned,5,94,589824,41,13.398
pinned-h2d,5,94,589824,30,18.3105
pageable-staging-h2d,5,94,589824,71,7.73685
fread-pinned,5,203,589824,66,8.32298
pageable-pinned,5,203,589824,38,14.4557
pinned-h2d,5,203,589824,29,18.9419
pageable-staging-h2d,5,203,589824,67,8.19875
fread-pinned,5,140,720896,104,6.45564
pageable-pinned,5,140,720896,48,13.9872
pinned-h2d,5,140,720896,36,18.6496
pageable-staging-h2d,5,140,720896,84,7.9927
fread-pinned,5,50,720896,113,5.94148
pageable-pinned,5,50,720896,51,13.1644
pinned-h2d,5,50,720896,38,17.6681
pageable-staging-h2d,5,50,720896,89,7.54367
fread-pinned,5,254,589824,75,7.32422
pageable-pinned,5,254,589824,39,14.085
pinned-h2d,5,254,589824,35,15.6948
pageable-staging-h2d,5,254,589824,74,7.42319
fread-pinned,5,107,589824,102,5.38545
pageable-pinned,5,107,589824,63,8.71931
pinned-h2d,5,107,589824,31,17.7199
pageable-staging-h2d,5,107,589824,94,5.84379
fread-pinned,5,26,589824,83,6.61827
pageable-pinned,5,26,589824,48,11.4441
pinned-h2d,5,26,589824,30,18.3105
pageable-staging-h2d,5,26,589824,78,7.04252
fread-pinned,5,95,720896,119,5.64191
pageable-pinned,5,95,720896,76,8.83404
pinned-h2d,5,95,720896,35,19.1825
pageable-staging-h2d,5,95,720896,111,6.04853
fread-pinned,5,42,589824,95,5.78228
pageable-pinned,5,42,589824,56,9.80922
pinned-h2d,5,42,589824,30,18.3105
pageable-staging-h2d,5,42,589824,86,6.3874
fread-pinned,5,0,589824,75,7.32422
pageable-pinned,5,0,589824,38,14.4557
pinned-h2d,5,0,589824,29,18.9419
pageable-staging-h2d,5,0,589824,67,8.19875
fread-pinned,5,143,589824,99,5.54865
pageable-pinned,5,143,589824,55,9.98757
pinned-h2d,5,143,589824,30,18.3105
pageable-staging-h2d,5,143,589824,85,6.46255
fread-pinned,5,102,720896,119,5.64191
pageable-pinned,5,102,720896,62,10.8288
pinned-h2d,5,102,720896,35,19.1825
pageable-staging-h2d,5,102,720896,97,6.92151
fread-pinned,5,57,720896,115,5.83815
pageable-pinned,5,57,720896,73,9.19708
pinned-h2d,5,57,720896,36,18.6496
pageable-staging-h2d,5,57,720896,109,6.15951
fread-pinned,5,188,589824,97,5.66306
pageable-pinned,5,188,589824,62,8.85994
pinned-h2d,5,188,589824,31,17.7199
pageable-staging-h2d,5,188,589824,93,5.90663
fread-pinned,5,202,589824,97,5.66306
pageable-pinned,5,202,589824,57,9.63713
pinned-h2d,5,202,589824,30,18.3105
pageable-staging-h2d,5,202,589824,87,6.31398
fread-pinned,5,144,589824,90,6.10352
pageable-pinned,5,144,589824,41,13.398
pinned-h2d,5,144,589824,31,17.7199
pageable-staging-h2d,5,144,589824,72,7.62939
fread-pinned,5,239,589824,74,7.42319
pageable-pinned,5,239,589824,37,14.8464
pinned-h2d,5,239,589824,30,18.3105
pageable-staging-h2d,5,239,589824,67,8.19875
fread-pinned,5,213,589824,71,7.73685
pageable-pinned,5,213,589824,40,13.7329
pinned-h2d,5,213,589824,30,18.3105
pageable-staging-h2d,5,213,589824,70,7.84738
fread-pinned,5,139,589824,77,7.13398
pageable-pinned,5,139,589824,42,13.079
pinned-h2d,5,139,589824,30,18.3105
pageable-staging-h2d,5,139,589824,72,7.62939
fread-pinned,5,5,720896,82,8.18764
pageable-pinned,5,5,720896,43,15.6136
pinned-h2d,5,5,720896,36,18.6496
pageable-staging-h2d,5,5,720896,79,8.49857
fread-pinned,5,73,589824,81,6.78168
pageable-pinned,5,73,589824,38,14.4557
pinned-h2d,5,73,589824,30,18.3105
pageable-staging-h2d,5,73,589824,68,8.07818
fread-pinned,5,217,860160,105,7.62939
pageable-pinned,5,217,860160,56,14.3051
pinned-h2d,5,217,860160,42,19.0735
pageable-staging-h2d,5,217,860160,98,8.17435
fread-pinned,5,235,589824,69,7.96111
pageable-pinned,5,235,589824,37,14.8464
pinned-h2d,5,235,589824,32,17.1661
pageable-staging-h2d,5,235,589824,69,7.96111
fread-pinned,5,190,589824,67,8.19875
pageable-pinned,5,190,589824,39,14.085
pinned-h2d,5,190,589824,30,18.3105
pageable-staging-h2d,5,190,589824,69,7.96111
fread-pinned,5,35,589824,76,7.22785
pageable-pinned,5,35,589824,33,16.646
pinned-h2d,5,35,589824,31,17.7199
pageable-staging-h2d,5,35,589824,64,8.58307
fread-pinned,5,24,720896,100,6.71387
pageable-pinned,5,24,720896,46,14.5954
pinned-h2d,5,24,720896,35,19.1825
pageable-staging-h2d,5,24,720896,81,8.28872
fread-pinned,5,10,589824,62,8.85994
pageable-pinned,5,10,589824,32,17.1661
pinned-h2d,5,10,589824,30,18.3105
pageable-staging-h2d,5,10,589824,62,8.85994
fread-pinned,5,86,589824,75,7.32422
pageable-pinned,5,86,589824,39,14.085
pinned-h2d,5,86,589824,30,18.3105
pageable-staging-h2d,5,86,589824,69,7.96111
fread-pinned,5,165,720896,81,8.28872
pageable-pinned,5,165,720896,47,14.2848
pinned-h2d,5,165,720896,34,19.7467
pageable-staging-h2d,5,165,720896,81,8.28872
fread-pinned,5,226,589824,67,8.19875
pageable-pinned,5,226,589824,39,14.085
pinned-h2d,5,226,589824,31,17.7199
pageable-staging-h2d,5,226,589824,70,7.84738
fread-pinned,5,15,589824,82,6.69898
pageable-pinned,5,15,589824,41,13.398
pinned-h2d,5,15,589824,31,17.7199
pageable-staging-h2d,5,15,589824,72,7.62939
fread-pinned,5,135,589824,66,8.32298
pageable-pinned,5,135,589824,41,13.398
pinned-h2d,5,135,589824,30,18.3105
pageable-staging-h2d,5,135,589824,71,7.73685
fread-pinned,5,184,589824,70,7.84738
pageable-pinned,5,184,589824,42,13.079
pinned-h2d,5,184,589824,30,18.3105
pageable-staging-h2d,5,184,589824,72,7.62939
fread-pinned,5,7,589824,66,8.32298
pageable-pinned,5,7,589824,30,18.3105
pinned-h2d,5,7,589824,30,18.3105
pageable-staging-h2d,5,7,589824,60,9.15527
fread-pinned,5,222,589824,77,7.13398
pageable-pinned,5,222,589824,44,12.4845
pinned-h2d,5,222,589824,31,17.7199
pageable-staging-h2d,5,222,589824,75,7.32422
fread-pinned,5,113,589824,68,8.07818
pageable-pinned,5,113,589824,40,13.7329
pinned-h2d,5,113,589824,31,17.7199
pageable-staging-h2d,5,113,589824,71,7.73685
fread-pinned,5,91,589824,76,7.22785
pageable-pinned,5,91,589824,41,13.398
pinned-h2d,5,91,589824,31,17.7199
pageable-staging-h2d,5,91,589824,72,7.62939
fread-pinned,5,243,860160,108,7.41747
pageable-pinned,5,243,860160,65,12.3244
pinned-h2d,5,243,860160,42,19.0735
pageable-staging-h2d,5,243,860160,107,7.48679
fread-pinned,5,157,589824,66,8.32298
pageable-pinned,5,157,589824,38,14.4557
pinned-h2d,5,157,589824,31,17.7199
pageable-staging-h2d,5,157,589824,69,7.96111
fread-pinned,5,158,589824,58,9.47097
pageable-pinned,5,158,589824,32,17.1661
pinned-h2d,5,158,589824,30,18.3105
pageable-staging-h2d,5,158,589824,62,8.85994
fread-pinned,5,92,589824,78,7.04252
pageable-pinned,5,92,589824,41,13.398
pinned-h2d,5,92,589824,31,17.7199
pageable-staging-h2d,5,92,589824,72,7.62939
fread-pinned,5,105,589824,92,5.97083
pageable-pinned,5,105,589824,42,13.079
pinned-h2d,5,105,589824,30,18.3105
pageable-staging-h2d,5,105,589824,72,7.62939
fread-pinned,5,101,720896,94,7.14241
pageable-pinned,5,101,720896,44,15.2588
pinned-h2d,5,101,720896,36,18.6496
pageable-staging-h2d,5,101,720896,80,8.39233
fread-pinned,5,55,589824,90,6.10352
pageable-pinned,5,55,589824,43,12.7748
pinned-h2d,5,55,589824,31,17.7199
pageable-staging-h2d,5,55,589824,74,7.42319
fread-pinned,5,133,720896,96,6.99361
pageable-pinned,5,133,720896,47,14.2848
pinned-h2d,5,133,720896,35,19.1825
pageable-staging-h2d,5,133,720896,82,8.18764
fread-pinned,5,16,589824,89,6.17209
pageable-pinned,5,16,589824,61,9.00519
pinned-h2d,5,16,589824,30,18.3105
pageable-staging-h2d,5,16,589824,91,6.03644
fread-pinned,5,49,589824,97,5.66306
pageable-pinned,5,49,589824,53,10.3645
pinned-h2d,5,49,589824,30,18.3105
pageable-staging-h2d,5,49,589824,83,6.61827
fread-pinned,5,221,589824,95,5.78228
pageable-pinned,5,221,589824,56,9.80922
pinned-h2d,5,221,589824,30,18.3105
pageable-staging-h2d,5,221,589824,86,6.3874
fread-pinned,5,241,589824,79,6.95337
pageable-pinned,5,241,589824,58,9.47097
pinned-h2d,5,241,589824,29,18.9419
pageable-staging-h2d,5,241,589824,87,6.31398
fread-pinned,5,96,720896,94,7.14241
pageable-pinned,5,96,720896,72,9.32482
pinned-h2d,5,96,720896,35,19.1825
pageable-staging-h2d,5,96,720896,107,6.27464
fread-pinned,5,193,589824,77,7.13398
pageable-pinned,5,193,589824,52,10.5638
pinned-h2d,5,193,589824,30,18.3105
pageable-staging-h2d,5,193,589824,82,6.69898
fread-pinned,5,250,860160,146,5.48689
pageable-pinned,5,250,860160,93,8.61383
pinned-h2d,5,250,860160,41,19.5387
pageable-staging-h2d,5,250,860160,134,5.97826
fread-pinned,5,75,720896,115,5.83815
pageable-pinned,5,75,720896,74,9.07279
pinned-h2d,5,75,720896,35,19.1825
pageable-staging-h2d,5,75,720896,109,6.15951
fread-pinned,5,162,589824,80,6.86646
pageable-pinned,5,162,589824,60,9.15527
pinned-h2d,5,162,589824,31,17.7199
pageable-staging-h2d,5,162,589824,91,6.03644
fread-pinned,5,179,720896,111,6.04853
pageable-pinned,5,179,720896,57,11.7787
pinned-h2d,5,179,720896,35,19.1825
pageable-staging-h2d,5,179,720896,92,7.29768
fread-pinned,5,192,720896,109,6.15951
pageable-pinned,5,192,720896,47,14.2848
pinned-h2d,5,192,720896,35,19.1825
pageable-staging-h2d,5,192,720896,82,8.18764
fread-pinned,5,164,589824,68,8.07818
pageable-pinned,5,164,589824,41,13.398
pinned-h2d,5,164,589824,31,17.7199
pageable-staging-h2d,5,164,589824,72,7.62939
fread-pinned,5,51,720896,112,5.99452
pageable-pinned,5,51,720896,54,12.4331
pinned-h2d,5,51,720896,40,16.7847
pageable-staging-h2d,5,51,720896,94,7.14241
fread-pinned,5,196,589824,66,8.32298
pageable-pinned,5,196,589824,40,13.7329
pinned-h2d,5,196,589824,31,17.7199
pageable-staging-h2d,5,196,589824,71,7.73685
fread-pinned,5,234,589824,94,5.84379
pageable-pinned,5,234,589824,39,14.085
pinned-h2d,5,234,589824,29,18.9419
pageable-staging-h2d,5,234,589824,68,8.07818
fread-pinned,5,171,589824,81,6.78168
pageable-pinned,5,171,589824,36,15.2588
pinned-h2d,5,171,589824,31,17.7199
pageable-staging-h2d,5,171,589824,67,8.19875
fread-pinned,5,118,589824,89,6.17209
pageable-pinned,5,118,589824,38,14.4557
pinned-h2d,5,118,589824,31,17.7199
pageable-staging-h2d,5,118,589824,69,7.96111
fread-pinned,5,21,589824,87,6.31398
pageable-pinned,5,21,589824,43,12.7748
pinned-h2d,5,21,589824,31,17.7199
pageable-staging-h2d,5,21,589824,74,7.42319
fread-pinned,5,155,589824,71,7.73685
pageable-pinned,5,155,589824,35,15.6948
pinned-h2d,5,155,589824,30,18.3105
pageable-staging-h2d,5,155,589824,65,8.45102
fread-pinned,5,72,589824,89,6.17209
pageable-pinned,5,72,589824,42,13.079
pinned-h2d,5,72,589824,30,18.3105
pageable-staging-h2d,5,72,589824,72,7.62939
fread-pinned,5,255,860160,97,8.25862
pageable-pinned,5,255,860160,56,14.3051
pinned-h2d,5,255,860160,41,19.5387
pageable-staging-h2d,5,255,860160,97,8.25862
fread-pinned,5,27,589824,81,6.78168
pageable-pinned,5,27,589824,39,14.085
pinned-h2d,5,27,589824,31,17.7199
pageable-staging-h2d,5,27,589824,70,7.84738
fread-pinned,5,200,589824,85,6.46255
pageable-pinned,5,200,589824,61,9.00519
pinned-h2d,5,200,589824,30,18.3105
pageable-staging-h2d,5,200,589824,91,6.03644
fread-pinned,5,148,589824,82,6.69898
pageable-pinned,5,148,589824,66,8.32298
pinned-h2d,5,148,589824,31,17.7199
pageable-staging-h2d,5,148,589824,97,5.66306
fread-pinned,5,61,589824,100,5.49316
pageable-pinned,5,61,589824,60,9.15527
pinned-h2d,5,61,589824,30,18.3105
pageable-staging-h2d,5,61,589824,90,6.10352
fread-pinned,5,98,589824,95,5.78228
pageable-pinned,5,98,589824,49,11.2105
pinned-h2d,5,98,589824,30,18.3105
pageable-staging-h2d,5,98,589824,79,6.95337
fread-pinned,5,159,720896,96,6.99361
pageable-pinned,5,159,720896,69,9.73024
pinned-h2d,5,159,720896,36,18.6496
pageable-staging-h2d,5,159,720896,105,6.39416
fread-pinned,5,47,589824,92,5.97083
pageable-pinned,5,47,589824,59,9.31045
pinned-h2d,5,47,589824,30,18.3105
pageable-staging-h2d,5,47,589824,89,6.17209
fread-pinned,5,11,720896,90,7.45985
pageable-pinned,5,11,720896,61,11.0063
pinned-h2d,5,11,720896,35,19.1825
pageable-staging-h2d,5,11,720896,96,6.99361
fread-pinned,5,247,589824,81,6.78168
pageable-pinned,5,247,589824,66,8.32298
pinned-h2d,5,247,589824,31,17.7199
pageable-staging-h2d,5,247,589824,97,5.66306
fread-pinned,5,93,589824,84,6.53948
pageable-pinned,5,93,589824,61,9.00519
pinned-h2d,5,93,589824,30,18.3105
pageable-staging-h2d,5,93,589824,91,6.03644
fread-pinned,5,8,589824,76,7.22785
pageable-pinned,5,8,589824,50,10.9863
pinned-h2d,5,8,589824,30,18.3105
pageable-staging-h2d,5,8,589824,80,6.86646
fread-pinned,5,178,720896,121,5.54865
pageable-pinned,5,178,720896,49,13.7018
pinned-h2d,5,178,720896,36,18.6496
pageable-staging-h2d,5,178,720896,85,7.89867
fread-pinned,5,52,589824,84,6.53948
pageable-pinned,5,52,589824,37,14.8464
pinned-h2d,5,52,589824,31,17.7199
pageable-staging-h2d,5,52,589824,68,8.07818
fread-pinned,5,124,589824,64,8.58307
pageable-pinned,5,124,589824,40,13.7329
pinned-h2d,5,124,589824,32,17.1661
pageable-staging-h2d,5,124,589824,72,7.62939
fread-pinned,5,225,589824,67,8.19875
pageable-pinned,5,225,589824,40,13.7329
pinned-h2d,5,225,589824,32,17.1661
pageable-staging-h2d,5,225,589824,72,7.62939
fread-pinned,5,83,720896,96,6.99361
pageable-pinned,5,83,720896,46,14.5954
pinned-h2d,5,83,720896,36,18.6496
pageable-staging-h2d,5,83,720896,82,8.18764
fread-pinned,5,246,589824,62,8.85994
pageable-pinned,5,246,589824,36,15.2588
pinned-h2d,5,246,589824,30,18.3105
pageable-staging-h2d,5,246,589824,66,8.32298
fread-pinned,5,13,589824,76,7.22785
pageable-pinned,5,13,589824,42,13.079
pinned-h2d,5,13,589824,31,17.7199
pageable-staging-h2d,5,13,589824,73,7.52488
fread-pinned,5,214,589824,72,7.62939
pageable-pinned,5,214,589824,44,12.4845
pinned-h2d,5,214,589824,31,17.7199
pageable-staging-h2d,5,214,589824,75,7.32422
fread-pinned,5,12,720896,78,8.60752
pageable-pinned,5,12,720896,47,14.2848
pinned-h2d,5,12,720896,36,18.6496
pageable-staging-h2d,5,12,720896,83,8.089
fread-pinned,5,104,589824,78,7.04252
pageable-pinned,5,104,589824,45,12.207
pinned-h2d,5,104,589824,30,18.3105
pageable-staging-h2d,5,104,589824,75,7.32422
fread-pinned,5,186,720896,84,7.9927
pageable-pinned,5,186,720896,58,11.5756
pinned-h2d,5,186,720896,36,18.6496
pageable-staging-h2d,5,186,720896,94,7.14241
fread-pinned,5,103,589824,79,6.95337
pageable-pinned,5,103,589824,44,12.4845
pinned-h2d,5,103,589824,31,17.7199
pageable-staging-h2d,5,103,589824,75,7.32422
fread-pinned,5,182,589824,73,7.52488
pageable-pinned,5,182,589824,47,11.6876
pinned-h2d,5,182,589824,31,17.7199
pageable-staging-h2d,5,182,589824,78,7.04252
fread-pinned,5,54,589824,76,7.22785
pageable-pinned,5,54,589824,36,15.2588
pinned-h2d,5,54,589824,31,17.7199
pageable-staging-h2d,5,54,589824,67,8.19875
fread-pinned,5,30,720896,99,6.78168
pageable-pinned,5,30,720896,52,12.9113
pinned-h2d,5,30,720896,35,19.1825
pageable-staging-h2d,5,30,720896,87,7.71709
fread-pinned,5,125,589824,75,7.32422
pageable-pinned,5,125,589824,33,16.646
pinned-h2d,5,125,589824,31,17.7199
pageable-staging-h2d,5,125,589824,64,8.58307
fread-pinned,5,63,720896,99,6.78168
pageable-pinned,5,63,720896,53,12.6677
pinned-h2d,5,63,720896,36,18.6496
pageable-staging-h2d,5,63,720896,89,7.54367
fread-pinned,5,253,589824,80,6.86646
pageable-pinned,5,253,589824,38,14.4557
pinned-h2d,5,253,589824,31,17.7199
pageable-staging-h2d,5,253,589824,69,7.96111
fread-pinned,5,215,589824,65,8.45102
pageable-pinned,5,215,589824,36,15.2588
pinned-h2d,5,215,589824,31,17.7199
pageable-staging-h2d,5,215,589824,67,8.19875
fread-pinned,5,206,589824,80,6.86646
pageable-pinned,5,206,589824,58,9.47097
pinned-h2d,5,206,589824,30,18.3105
pageable-staging-h2d,5,206,589824,88,6.24223
fread-pinned,5,249,860160,123,6.5129
pageable-pinned,5,249,860160,89,9.00097
pinned-h2d,5,249,860160,42,19.0735
pageable-staging-h2d,5,249,860160,131,6.11516
fread-pinned,5,170,589824,110,4.99379
pageable-pinned,5,170,589824,64,8.58307
pinned-h2d,5,170,589824,31,17.7199
pageable-staging-h2d,5,170,589824,95,5.78228
fread-pinned,5,187,589824,91,6.03644
pageable-pinned,5,187,589824,65,8.45102
pinned-h2d,5,187,589824,31,17.7199
pageable-staging-h2d,5,187,589824,96,5.72205
fread-pinned,5,216,589824,77,7.13398
pageable-pinned,5,216,589824,54,10.1725
pinned-h2d,5,216,589824,30,18.3105
pageable-staging-h2d,5,216,589824,84,6.53948
fread-pinned,5,211,720896,92,7.29768
pageable-pinned,5,211,720896,75,8.95182
pinned-h2d,5,211,720896,36,18.6496
pageable-staging-h2d,5,211,720896,111,6.04853
fread-pinned,5,177,589824,92,5.97083
pageable-pinned,5,177,589824,68,8.07818
pinned-h2d,5,177,589824,30,18.3105
pageable-staging-h2d,5,177,589824,98,5.60527
fread-pinned,5,130,589824,79,6.95337
pageable-pinned,5,130,589824,54,10.1725
pinned-h2d,5,130,589824,30,18.3105
pageable-staging-h2d,5,130,589824,84,6.53948
fread-pinned,5,251,589824,77,7.13398
pageable-pinned,5,251,589824,54,10.1725
pinned-h2d,5,251,589824,29,18.9419
pageable-staging-h2d,5,251,589824,83,6.61827
fread-pinned,5,3,589824,74,7.42319
pageable-pinned,5,3,589824,44,12.4845
pinned-h2d,5,3,589824,31,17.7199
pageable-staging-h2d,5,3,589824,75,7.32422
fread-pinned,5,36,589824,97,5.66306
pageable-pinned,5,36,589824,41,13.398
pinned-h2d,5,36,589824,31,17.7199
pageable-staging-h2d,5,36,589824,72,7.62939
fread-pinned,5,161,589824,68,8.07818
pageable-pinned,5,161,589824,38,14.4557
pinned-h2d,5,161,589824,30,18.3105
pageable-staging-h2d,5,161,589824,68,8.07818
fread-pinned,5,25,720896,94,7.14241
pageable-pinned,5,25,720896,51,13.1644
pinned-h2d,5,25,720896,36,18.6496
pageable-staging-h2d,5,25,720896,87,7.71709
fread-pinned,5,237,720896,82,8.18764
pageable-pinned,5,237,720896,45,14.9197
pinned-h2d,5,237,720896,35,19.1825
pageable-staging-h2d,5,237,720896,80,8.39233
fread-pinned,5,122,720896,86,7.80682
pageable-pinned,5,122,720896,52,12.9113
pinned-h2d,5,122,720896,36,18.6496
pageable-staging-h2d,5,122,720896,88,7.62939
fread-pinned,5,233,589824,68,8.07818
pageable-pinned,5,233,589824,33,16.646
pinned-h2d,5,233,589824,31,17.7199
pageable-staging-h2d,5,233,589824,64,8.58307
fread-pinned,5,29,589824,83,6.61827
pageable-pinned,5,29,589824,42,13.079
pinned-h2d,5,29,589824,31,17.7199
pageable-staging-h2d,5,29,589824,73,7.52488
fread-pinned,5,58,589824,80,6.86646
pageable-pinned,5,58,589824,37,14.8464
pinned-h2d,5,58,589824,31,17.7199
pageable-staging-h2d,5,58,589824,68,8.07818
fread-pinned,5,14,589824,75,7.32422
pageable-pinned,5,14,589824,38,14.4557
pinned-h2d,5,14,589824,30,18.3105
pageable-staging-h2d,5,14,589824,68,8.07818
fread-pinned,5,137,589824,56,9.80922
pageable-pinned,5,137,589824,33,16.646
pinned-h2d,5,137,589824,30,18.3105
pageable-staging-h2d,5,137,589824,63,8.71931
fread-pinned,5,134,720896,80,8.39233
pageable-pinned,5,134,720896,52,12.9113
pinned-h2d,5,134,720896,36,18.6496
pageable-staging-h2d,5,134,720896,88,7.62939
fread-pinned,6,78,589824,82,6.69898
pageable-pinned,6,78,589824,37,14.8464
pinned-h2d,6,78,589824,30,18.3105
pageable-staging-h2d,6,78,589824,67,8.19875
fread-pinned,6,195,589824,91,6.03644
pageable-pinned,6,195,589824,40,13.7329
pinned-h2d,6,195,589824,31,17.7199
pageable-staging-h2d,6,195,589824,71,7.73685
fread-pinned,6,110,589824,61,9.00519
pageable-pinned,6,110,589824,30,18.3105
pinned-h2d,6,110,589824,31,17.7199
pageable-staging-h2d,6,110,589824,61,9.00519
fread-pinned,6,66,589824,78,7.04252
pageable-pinned,6,66,589824,36,15.2588
pinned-h2d,6,66,589824,30,18.3105
pageable-staging-h2d,6,66,589824,66,8.32298
fread-pinned,6,95,720896,98,6.85088
pageable-pinned,6,95,720896,49,13.7018
pinned-h2d,6,95,720896,35,19.1825
pageable-staging-h2d,6,95,720896,84,7.9927
fread-pinned,6,74,589824,70,7.84738
pageable-pinned,6,74,589824,33,16.646
pinned-h2d,6,74,589824,30,18.3105
pageable-staging-h2d,6,74,589824,63,8.71931
fread-pinned,6,57,720896,101,6.64739
pageable-pinned,6,57,720896,50,13.4277
pinned-h2d,6,57,720896,36,18.6496
pageable-staging-h2d,6,57,720896,86,7.80682
fread-pinned,6,198,720896,71,9.45615
pageable-pinned,6,198,720896,51,13.1644
pinned-h2d,6,198,720896,36,18.6496
pageable-staging-h2d,6,198,720896,87,7.71709
fread-pinned,6,243,860160,124,6.46037
pageable-pinned,6,243,860160,88,9.10325
pinned-h2d,6,243,860160,43,18.6299
pageable-staging-h2d,6,243,860160,131,6.11516
fread-pinned,6,173,720896,120,5.59489
pageable-pinned,6,173,720896,64,10.4904
pinned-h2d,6,173,720896,37,18.1456
pageable-staging-h2d,6,173,720896,101,6.64739
fread-pinned,6,248,589824,70,7.84738
pageable-pinned,6,248,589824,40,13.7329
pinned-h2d,6,248,589824,31,17.7199
pageable-staging-h2d,6,248,589824,71,7.73685
fread-pinned,6,37,720896,107,6.27464
pageable-pinned,6,37,720896,76,8.83404
pinned-h2d,6,37,720896,35,19.1825
pageable-staging-h2d,6,37,720896,111,6.04853
fread-pinned,6,233,589824,80,6.86646
pageable-pinned,6,233,589824,43,12.7748
pinned-h2d,6,233,589824,32,17.1661
pageable-staging-h2d,6,233,589824,75,7.32422
fread-pinned,6,235,589824,77,7.13398
pageable-pinned,6,235,589824,50,10.9863
pinned-h2d,6,235,589824,31,17.7199
pageable-staging-h2d,6,235,589824,81,6.78168
fread-pinned,6,81,589824,76,7.22785
pageable-pinned,6,81,589824,57,9.63713
pinned-h2d,6,81,589824,30,18.3105
pageable-staging-h2d,6,81,589824,87,6.31398
fread-pinned,6,3,589824,74,7.42319
pageable-pinned,6,3,589824,42,13.079
pinned-h2d,6,3,589824,30,18.3105
pageable-staging-h2d,6,3,589824,72,7.62939
fread-pinned,6,46,589824,95,5.78228
pageable-pinned,6,46,589824,60,9.15527
pinned-h2d,6,46,589824,30,18.3105
pageable-staging-h2d,6,46,589824,90,6.10352
fread-pinned,6,240,589824,80,6.86646
pageable-pinned,6,240,589824,59,9.31045
pinned-h2d,6,240,589824,30,18.3105
pageable-staging-h2d,6,240,589824,89,6.17209
fread-pinned,6,222,589824,79,6.95337
pageable-pinned,6,222,589824,42,13.079
pinned-h2d,6,222,589824,30,18.3105
pageable-staging-h2d,6,222,589824,72,7.62939
fread-pinned,6,135,589824,66,8.32298
pageable-pinned,6,135,589824,41,13.398
pinned-h2d,6,135,589824,31,17.7199
pageable-staging-h2d,6,135,589824,72,7.62939
fread-pinned,6,73,589824,80,6.86646
pageable-pinned,6,73,589824,39,14.085
pinned-h2d,6,73,589824,30,18.3105
pageable-staging-h2d,6,73,589824,69,7.96111
fread-pinned,6,202,589824,84,6.53948
pageable-pinned,6,202,589824,37,14.8464
pinned-h2d,6,202,589824,31,17.7199
pageable-staging-h2d,6,202,589824,68,8.07818
fread-pinned,6,125,589824,72,7.62939
pageable-pinned,6,125,589824,34,16.1564
pinned-h2d,6,125,589824,30,18.3105
pageable-staging-h2d,6,125,589824,64,8.58307
fread-pinned,6,12,720896,75,8.95182
pageable-pinned,6,12,720896,44,15.2588
pinned-h2d,6,12,720896,36,18.6496
pageable-staging-h2d,6,12,720896,80,8.39233
fread-pinned,6,228,589824,72,7.62939
pageable-pinned,6,228,589824,37,14.8464
pinned-h2d,6,228,589824,31,17.7199
pageable-staging-h2d,6,228,589824,68,8.07818
fread-pinned,6,121,720896,103,6.51832
pageable-pinned,6,121,720896,52,12.9113
pinned-h2d,6,121,720896,36,18.6496
pageable-staging-h2d,6,121,720896,88,7.62939
fread-pinned,6,50,720896,111,6.04853
pageable-pinned,6,50,720896,49,13.7018
pinned-h2d,6,50,720896,36,18.6496
pageable-staging-h2d,6,50,720896,85,7.89867
fread-pinned,6,239,589824,73,7.52488
pageable-pinned,6,239,589824,36,15.2588
pinned-h2d,6,239,589824,30,18.3105
pageable-staging-h2d,6,239,589824,66,8.32298
fread-pinned,6,105,589824,90,6.10352
pageable-pinned,6,105,589824,41,13.398
pinned-h2d,6,105,589824,31,17.7199
pageable-staging-h2d,6,105,589824,72,7.62939
fread-pinned,6,91,589824,79,6.95337
pageable-pinned,6,91,589824,44,12.4845
pinned-h2d,6,91,589824,30,18.3105
pageable-staging-h2d,6,91,589824,74,7.42319
fread-pinned,6,13,589824,85,6.46255
pageable-pinned,6,13,589824,68,8.07818
pinned-h2d,6,13,589824,30,18.3105
pageable-staging-h2d,6,13,589824,98,5.60527
fread-pinned,6,171,589824,90,6.10352
pageable-pinned,6,171,589824,50,10.9863
pinned-h2d,6,171,589824,30,18.3105
pageable-staging-h2d,6,171,589824,80,6.86646
fread-pinned,6,152,589824,92,5.97083
pageable-pinned,6,152,589824,48,11.4441
pinned-h2d,6,152,589824,30,18.3105
pageable-staging-h2d,6,152,589824,78,7.04252
fread-pinned,6,107,589824,96,5.72205
pageable-pinned,6,107,589824,51,10.7709
pinned-h2d,6,107,589824,30,18.3105
pageable-staging-h2d,6,107,589824,81,6.78168
fread-pinned,6,182,589824,80,6.86646
pageable-pinned,6,182,589824,61,9.00519
pinned-h2d,6,182,589824,29,18.9419
pageable-staging-h2d,6,182,589824,90,6.10352
fread-pinned,6,199,720896,99,6.78168
pageable-pinned,6,199,720896,70,9.59124
pinned-h2d,6,199,720896,35,19.1825
pageable-staging-h2d,6,199,720896,105,6.39416
fread-pinned,6,179,720896,109,6.15951
pageable-pinned,6,179,720896,56,11.989
pinned-h2d,6,179,720896,34,19.7467
pageable-staging-h2d,6,179,720896,90,7.45985
fread-pinned,6,47,589824,89,6.17209
pageable-pinned,6,47,589824,57,9.63713
pinned-h2d,6,47,589824,30,18.3105
pageable-staging-h2d,6,47,589824,87,6.31398
fread-pinned,6,104,589824,81,6.78168
pageable-pinned,6,104,589824,58,9.47097
pinned-h2d,6,104,589824,30,18.3105
pageable-staging-h2d,6,104,589824,88,6.24223
fread-pinned,6,11,720896,90,7.45985
pageable-pinned,6,11,720896,59,11.3794
pinned-h2d,6,11,720896,35,19.1825
pageable-staging-h2d,6,11,720896,94,7.14241
fread-pinned,6,15,589824,89,6.17209
pageable-pinned,6,15,589824,63,8.71931
pinned-h2d,6,15,589824,31,17.7199
pageable-staging-h2d,6,15,589824,94,5.84379
fread-pinned,6,72,589824,87,6.31398
pageable-pinned,6,72,589824,41,13.398
pinned-h2d,6,72,589824,31,17.7199
pageable-staging-h2d,6,72,589824,72,7.62939
fread-pinned,6,158,589824,60,9.15527
pageable-pinned,6,158,589824,34,16.1564
pinned-h2d,6,158,589824,30,18.3105
pageable-staging-h2d,6,158,589824,64,8.58307
fread-pinned,6,49,589824,86,6.3874
pageable-pinned,6,49,589824,39,14.085
pinned-h2d,6,49,589824,30,18.3105
pageable-staging-h2d,6,49,589824,69,7.96111
fread-pinned,6,60,589824,82,6.69898
pageable-pinned,6,60,589824,38,14.4557
pinned-h2d,6,60,589824,31,17.7199
pageable-staging-h2d,6,60,589824,69,7.96111
fread-pinned,6,207,589824,63,8.71931
pageable-pinned,6,207,589824,31,17.7199
pinned-h2d,6,207,589824,30,18.3105
pageable-staging-h2d,6,207,589824,61,9.00519
fread-pinned,6,9,589824,62,8.85994
pageable-pinned,6,9,589824,30,18.3105
pinned-h2d,6,9,589824,30,18.3105
pageable-staging-h2d,6,9,589824,60,9.15527
fread-pinned,6,71,589824,89,6.17209
pageable-pinned,6,71,589824,39,14.085
pinned-h2d,6,71,589824,30,18.3105
pageable-staging-h2d,6,71,589824,69,7.96111
fread-pinned,6,68,589824,83,6.61827
pageable-pinned,6,68,589824,44,12.4845
pinned-h2d,6,68,589824,30,18.3105
pageable-staging-h2d,6,68,589824,74,7.42319
fread-pinned,6,94,589824,70,7.84738
pageable-pinned,6,94,589824,42,13.079
pinned-h2d,6,94,589824,30,18.3105
pageable-staging-h2d,6,94,589824,72,7.62939
fread-pinned,6,52,589824,83,6.61827
pageable-pinned,6,52,589824,37,14.8464
pinned-h2d,6,52,589824,31,17.7199
pageable-staging-h2d,6,52,589824,68,8.07818
fread-pinned,6,180,589824,69,7.96111
pageable-pinned,6,180,589824,41,13.398
pinned-h2d,6,180,589824,30,18.3105
pageable-staging-h2d,6,180,589824,71,7.73685
fread-pinned,6,249,860160,105,7.62939
pageable-pinned,6,249,860160,61,13.1326
pinned-h2d,6,249,860160,42,19.0735
pageable-staging-h2d,6,249,860160,103,7.77754
fread-pinned,6,190,589824,72,7.62939
pageable-pinned,6,190,589824,39,14.085
pinned-h2d,6,190,589824,31,17.7199
pageable-staging-h2d,6,190,589824,70,7.84738
fread-pinned,6,250,860160,121,6.62055
pageable-pinned,6,250,860160,63,12.7157
pinned-h2d,6,250,860160,42,19.0735
pageable-staging-h2d,6,250,860160,105,7.62939
fread-pinned,6,145,589824,89,6.17209
pageable-pinned,6,145,589824,34,16.1564
pinned-h2d,6,145,589824,32,17.1661
pageable-staging-h2d,6,145,589824,66,8.32298
fread-pinned,6,175,589824,78,7.04252
pageable-pinned,6,175,589824,38,14.4557
pinned-h2d,6,175,589824,32,17.1661
pageable-staging-h2d,6,175,589824,70,7.84738
fread-pinned,6,224,720896,83,8.089
pageable-pinned,6,224,720896,43,15.6136
pinned-h2d,6,224,720896,36,18.6496
pageable-staging-h2d,6,224,720896,79,8.49857
fread-pinned,6,108,720896,105,6.39416
pageable-pinned,6,108,720896,62,10.8288
pinned-h2d,6,108,720896,36,18.6496
pageable-staging-h2d,6,108,720896,98,6.85088
fread-pinned,6,187,589824,88,6.24223
pageable-pinned,6,187,589824,61,9.00519
pinned-h2d,6,187,589824,30,18.3105
pageable-staging-h2d,6,187,589824,91,6.03644
fread-pinned,6,142,589824,79,6.95337
pageable-pinned,6,142,589824,57,9.63713
pinned-h2d,6,142,589824,30,18.3105
pageable-staging-h2d,6,142,589824,87,6.31398
fread-pinned,6,209,589824,73,7.52488
pageable-pinned,6,209,589824,55,9.98757
pinned-h2d,6,209,589824,30,18.3105
pageable-staging-h2d,6,209,589824,85,6.46255
fread-pinned,6,89,720896,95,7.06723
pageable-pinned,6,89,720896,69,9.73024
pinned-h2d,6,89,720896,36,18.6496
pageable-staging-h2d,6,89,720896,105,6.39416
fread-pinned,6,221,589824,95,5.78228
pageable-pinned,6,221,589824,56,9.80922
pinned-h2d,6,221,589824,30,18.3105
pageable-staging-h2d,6,221,589824,86,6.3874
fread-pinned,6,151,589824,71,7.73685
pageable-pinned,6,151,589824,50,10.9863
pinned-h2d,6,151,589824,30,18.3105
pageable-staging-h2d,6,151,589824,80,6.86646
fread-pinned,6,236,720896,96,6.99361
pageable-pinned,6,236,720896,67,10.0207
pinned-h2d,6,236,720896,35,19.1825
pageable-staging-h2d,6,236,720896,102,6.58222
fread-pinned,6,127,720896,88,7.62939
pageable-pinned,6,127,720896,60,11.1898
pinned-h2d,6,127,720896,36,18.6496
pageable-staging-h2d,6,127,720896,96,6.99361
fread-pinned,6,35,589824,84,6.53948
pageable-pinned,6,35,589824,48,11.4441
pinned-h2d,6,35,589824,30,18.3105
pageable-staging-h2d,6,35,589824,78,7.04252
fread-pinned,6,28,589824,89,6.17209
pageable-pinned,6,28,589824,49,11.2105
pinned-h2d,6,28,589824,30,18.3105
pageable-staging-h2d,6,28,589824,79,6.95337
fread-pinned,6,161,589824,80,6.86646
pageable-pinned,6,161,589824,38,14.4557
pinned-h2d,6,161,589824,30,18.3105
pageable-staging-h2d,6,161,589824,68,8.07818
fread-pinned,6,41,589824,81,6.78168
pageable-pinned,6,41,589824,41,13.398
pinned-h2d,6,41,589824,30,18.3105
pageable-staging-h2d,6,41,589824,71,7.73685
fread-pinned,6,45,589824,83,6.61827
pageable-pinned,6,45,589824,39,14.085
pinned-h2d,6,45,589824,31,17.7199
pageable-staging-h2d,6,45,589824,70,7.84738
fread-pinned,6,230,720896,86,7.80682
pageable-pinned,6,230,720896,53,12.6677
pinned-h2d,6,230,720896,35,19.1825
pageable-staging-h2d,6,230,720896,88,7.62939
fread-pinned,6,122,720896,84,7.9927
pageable-pinned,6,122,720896,52,12.9113
pinned-h2d,6,122,720896,36,18.6496
pageable-staging-h2d,6,122,720896,88,7.62939
fread-pinned,6,1,589824,66,8.32298
pageable-pinned,6,1,589824,33,16.646
pinned-h2d,6,1,589824,31,17.7199
pageable-staging-h2d,6,1,589824,64,8.58307
fread-pinned,6,141,720896,99,6.78168
pageable-pinned,6,141,720896,58,11.5756
pinned-h2d,6,141,720896,34,19.7467
pageable-staging-h2d,6,141,720896,92,7.29768
fread-pinned,6,87,589824,66,8.32298
pageable-pinned,6,87,589824,41,13.398
pinned-h2d,6,87,589824,33,16.646
pageable-staging-h2d,6,87,589824,74,7.42319
fread-pinned,6,16,589824,88,6.24223
pageable-pinned,6,16,589824,41,13.398
pinned-h2d,6,16,589824,31,17.7199
pageable-staging-h2d,6,16,589824,72,7.62939
fread-pinned,6,185,720896,81,8.28872
pageable-pinned,6,185,720896,47,14.2848
pinned-h2d,6,185,720896,37,18.1456
pageable-staging-h2d,6,185,720896,84,7.9927
fread-pinned,6,93,589824,70,7.84738
pageable-pinned,6,93,589824,41,13.398
pinned-h2d,6,93,589824,30,18.3105
pageable-staging-h2d,6,93,589824,71,7.73685
fread-pinned,6,67,589824,76,7.22785
pageable-pinned,6,67,589824,36,15.2588
pinned-h2d,6,67,589824,30,18.3105
pageable-staging-h2d,6,67,589824,66,8.32298
fread-pinned,6,212,720896,92,7.29768
pageable-pinned,6,212,720896,49,13.7018
pinned-h2d,6,212,720896,36,18.6496
pageable-staging-h2d,6,212,720896,85,7.89867
fread-pinned,6,210,720896,85,7.89867
pageable-pinned,6,210,720896,51,13.1644
pinned-h2d,6,210,720896,36,18.6496
pageable-staging-h2d,6,210,720896,87,7.71709
fread-pinned,6,217,860160,99,8.09178
pageable-pinned,6,217,860160,55,14.5652
pinned-h2d,6,217,860160,41,19.5387
pageable-staging-h2d,6,217,860160,96,8.34465
fread-pinned,6,131,589824,62,8.85994
pageable-pinned,6,131,589824,33,16.646
pinned-h2d,6,131,589824,30,18.3105
pageable-staging-h2d,6,131,589824,63,8.71931
fread-pinned,6,216,589824,64,8.58307
pageable-pinned,6,216,589824,38,14.4557
pinned-h2d,6,216,589824,31,17.7199
pageable-staging-h2d,6,216,589824,69,7.96111
fread-pinned,6,160,720896,89,7.54367
pageable-pinned,6,160,720896,51,13.1644
pinned-h2d,6,160,720896,35,19.1825
pageable-staging-h2d,6,160,720896,86,7.80682
fread-pinned,6,255,860160,116,6.90592
pageable-pinned,6,255,860160,77,10.4037
pinned-h2d,6,255,860160,42,19.0735
pageable-staging-h2d,6,255,860160,119,6.73182
fread-pinned,6,79,589824,82,6.69898
pageable-pinned,6,79,589824,40,13.7329
pinned-h2d,6,79,589824,31,17.7199
pageable-staging-h2d,6,79,589824,71,7.73685
fread-pinned,6,214,589824,81,6.78168
pageable-pinned,6,214,589824,57,9.63713
pinned-h2d,6,214,589824,30,18.3105
pageable-staging-h2d,6,214,589824,87,6.31398
fread-pinned,6,144,589824,102,5.38545
pageable-pinned,6,144,589824,60,9.15527
pinned-h2d,6,144,589824,31,17.7199
pageable-staging-h2d,6,144,589824,91,6.03644
fread-pinned,6,184,589824,81,6.78168
pageable-pinned,6,184,589824,60,9.15527
pinned-h2d,6,184,589824,30,18.3105
pageable-staging-h2d,6,184,589824,90,6.10352
fread-pinned,6,26,589824,80,6.86646
pageable-pinned,6,26,589824,45,12.207
pinned-h2d,6,26,589824,30,18.3105
pageable-staging-h2d,6,26,589824,75,7.32422
fread-pinned,6,186,720896,101,6.64739
pageable-pinned,6,186,720896,77,8.71931
pinned-h2d,6,186,720896,36,18.6496
pageable-staging-h2d,6,186,720896,113,5.94148
fread-pinned,6,139,589824,83,6.61827
pageable-pinned,6,139,589824,60,9.15527
pinned-h2d,6,139,589824,30,18.3105
pageable-staging-h2d,6,139,589824,90,6.10352
fread-pinned,6,211,720896,90,7.45985
pageable-pinned,6,211,720896,73,9.19708
pinned-h2d,6,211,720896,36,18.6496
pageable-staging-h2d,6,211,720896,109,6.15951
fread-pinned,6,39,589824,94,5.84379
pageable-pinned,6,39,589824,64,8.58307
pinned-h2d,6,39,589824,31,17.7199
pageable-staging-h2d,6,39,589824,95,5.78228
fread-pinned,6,247,589824,83,6.61827
pageable-pinned,6,247,589824,59,9.31045
pinned-h2d,6,247,589824,31,17.7199
pageable-staging-h2d,6,247,589824,90,6.10352
fread-pinned,6,19,720896,87,7.71709
pageable-pinned,6,19,720896,44,15.2588
pinned-h2d,6,19,720896,34,19.7467
pageable-staging-h2d,6,19,720896,78,8.60752
fread-pinned,6,126,589824,84,6.53948
pageable-pinned,6,126,589824,43,12.7748
pinned-h2d,6,126,589824,31,17.7199
pageable-staging-h2d,6,126,589824,74,7.42319
fread-pinned,6,229,589824,72,7.62939
pageable-pinned,6,229,589824,39,14.085
pinned-h2d,6,229,589824,32,17.1661
pageable-staging-h2d,6,229,589824,71,7.73685
fread-pinned,6,58,589824,80,6.86646
pageable-pinned,6,58,589824,39,14.085
pinned-h2d,6,58,589824,31,17.7199
pageable-staging-h2d,6,58,589824,70,7.84738
fread-pinned,6,98,589824,87,6.31398
pageable-pinned,6,98,589824,35,15.6948
pinned-h2d,6,98,589824,30,18.3105
pageable-staging-h2d,6,98,589824,65,8.45102
fread-pinned,6,64,720896,101,6.64739
pageable-pinned,6,64,720896,71,9.45615
pinned-h2d,6,64,720896,36,18.6496
pageable-staging-h2d,6,64,720896,107,6.27464
fread-pinned,6,61,589824,100,5.49316
pageable-pinned,6,61,589824,59,9.31045
pinned-h2d,6,61,589824,31,17.7199
pageable-staging-h2d,6,61,589824,90,6.10352
fread-pinned,6,85,589824,76,7.22785
pageable-pinned,6,85,589824,56,9.80922
pinned-h2d,6,85,589824,30,18.3105
pageable-staging-h2d,6,85,589824,86,6.3874
fread-pinned,6,62,589824,88,6.24223
pageable-pinned,6,62,589824,50,10.9863
pinned-h2d,6,62,589824,30,18.3105
pageable-staging-h2d,6,62,589824,80,6.86646
fread-pinned,6,25,720896,102,6.58222
pageable-pinned,6,25,720896,72,9.32482
pinned-h2d,6,25,720896,35,19.1825
pageable-staging-h2d,6,25,720896,107,6.27464
fread-pinned,6,245,589824,91,6.03644
pageable-pinned,6,245,589824,56,9.80922
pinned-h2d,6,245,589824,31,17.7199
pageable-staging-h2d,6,245,589824,87,6.31398
fread-pinned,6,213,589824,87,6.31398
pageable-pinned,6,213,589824,60,9.15527
pinned-h2d,6,213,589824,30,18.3105
pageable-staging-h2d,6,213,589824,90,6.10352
fread-pinned,6,219,589824,74,7.42319
pageable-pinned,6,219,589824,55,9.98757
pinned-h2d,6,219,589824,30,18.3105
pageable-staging-h2d,6,219,589824,85,6.46255
fread-pinned,6,4,589824,88,6.24223
pageable-pinned,6,4,589824,43,12.7748
pinned-h2d,6,4,589824,31,17.7199
pageable-staging-h2d,6,4,589824,74,7.42319
fread-pinned,6,76,720896,122,5.50317
pageable-pinned,6,76,720896,75,8.95182
pinned-h2d,6,76,720896,35,19.1825
pageable-staging-h2d,6,76,720896,110,6.10352
fread-pinned,6,34,589824,91,6.03644
pageable-pinned,6,34,589824,56,9.80922
pinned-h2d,6,34,589824,30,18.3105
pageable-staging-h2d,6,34,589824,86,6.3874
fread-pinned,6,115,720896,106,6.33384
pageable-pinned,6,115,720896,47,14.2848
pinned-h2d,6,115,720896,36,18.6496
pageable-staging-h2d,6,115,720896,83,8.089
fread-pinned,6,234,589824,95,5.78228
pageable-pinned,6,234,589824,39,14.085
pinned-h2d,6,234,589824,31,17.7199
pageable-staging-h2d,6,234,589824,70,7.84738
fread-pinned,6,170,589824,98,5.60527
pageable-pinned,6,170,589824,43,12.7748
pinned-h2d,6,170,589824,30,18.3105
pageable-staging-h2d,6,170,589824,73,7.52488
fread-pinned,6,20,589824,84,6.53948
pageable-pinned,6,20,589824,42,13.079
pinned-h2d,6,20,589824,31,17.7199
pageable-staging-h2d,6,20,589824,73,7.52488
fread-pinned,6,254,589824,81,6.78168
pageable-pinned,6,254,589824,41,13.398
pinned-h2d,6,254,589824,31,17.7199
pageable-staging-h2d,6,254,589824,72,7.62939
fread-pinned,6,166,720896,77,8.71931
pageable-pinned,6,166,720896,45,14.9197
pinned-h2d,6,166,720896,35,19.1825
pageable-staging-h2d,6,166,720896,80,8.39233
fread-pinned,6,220,589824,79,6.95337
pageable-pinned,6,220,589824,60,9.15527
pinned-h2d,6,220,589824,30,18.3105
pageable-staging-h2d,6,220,589824,90,6.10352
fread-pinned,6,38,720896,114,5.88936
pageable-pinned,6,38,720896,77,8.71931
pinned-h2d,6,38,720896,35,19.1825
pageable-staging-h2d,6,38,720896,112,5.99452
fread-pinned,6,130,589824,78,7.04252
pageable-pinned,6,130,589824,53,10.3645
pinned-h2d,6,130,589824,30,18.3105
pageable-staging-h2d,6,130,589824,83,6.61827
fread-pinned,6,206,589824,80,6.86646
pageable-pinned,6,206,589824,55,9.98757
pinned-h2d,6,206,589824,30,18.3105
pageable-staging-h2d,6,206,589824,85,6.46255
fread-pinned,6,90,589824,83,6.61827
pageable-pinned,6,90,589824,60,9.15527
pinned-h2d,6,90,589824,30,18.3105
pageable-staging-h2d,6,90,589824,90,6.10352
fread-pinned,6,241,589824,79,6.95337
pageable-pinned,6,241,589824,41,13.398
pinned-h2d,6,241,589824,31,17.7199
pageable-staging-h2d,6,241,589824,72,7.62939
fread-pinned,6,63,720896,99,6.78168
pageable-pinned,6,63,720896,53,12.6677
pinned-h2d,6,63,720896,36,18.6496
pageable-staging-h2d,6,63,720896,89,7.54367
fread-pinned,6,177,589824,78,7.04252
pageable-pinned,6,177,589824,42,13.079
pinned-h2d,6,177,589824,30,18.3105
pageable-staging-h2d,6,177,589824,72,7.62939
fread-pinned,6,215,589824,66,8.32298
pageable-pinned,6,215,589824,37,14.8464
pinned-h2d,6,215,589824,31,17.7199
pageable-staging-h2d,6,215,589824,68,8.07818
fread-pinned,6,24,720896,100,6.71387
pageable-pinned,6,24,720896,47,14.2848
pinned-h2d,6,24,720896,36,18.6496
pageable-staging-h2d,6,24,720896,83,8.089
fread-pinned,6,253,589824,77,7.13398
pageable-pinned,6,253,589824,37,14.8464
pinned-h2d,6,253,589824,30,18.3105
pageable-staging-h2d,6,253,589824,67,8.19875
fread-pinned,6,112,589824,69,7.96111
pageable-pinned,6,112,589824,50,10.9863
pinned-h2d,6,112,589824,30,18.3105
pageable-staging-h2d,6,112,589824,80,6.86646
fread-pinned,6,156,589824,82,6.69898
pageable-pinned,6,156,589824,56,9.80922
pinned-h2d,6,156,589824,30,18.3105
pageable-staging-h2d,6,156,589824,86,6.3874
fread-pinned,6,123,589824,75,7.32422
pageable-pinned,6,123,589824,53,10.3645
pinned-h2d,6,123,589824,30,18.3105
pageable-staging-h2d,6,123,589824,83,6.61827
fread-pinned,6,23,589824,98,5.60527
pageable-pinned,6,23,589824,64,8.58307
pinned-h2d,6,23,589824,30,18.3105
pageable-staging-h2d,6,23,589824,94,5.84379
fread-pinned,6,118,589824,100,5.49316
pageable-pinned,6,118,589824,58,9.47097
pinned-h2d,6,118,589824,30,18.3105
pageable-staging-h2d,6,118,589824,88,6.24223
fread-pinned,6,53,589824,90,6.10352
pageable-pinned,6,53,589824,48,11.4441
pinned-h2d,6,53,589824,30,18.3105
pageable-staging-h2d,6,53,589824,78,7.04252
fread-pinned,6,136,589824,100,5.49316
pageable-pinned,6,136,589824,54,10.1725
pinned-h2d,6,136,589824,30,18.3105
pageable-staging-h2d,6,136,589824,84,6.53948
fread-pinned,6,120,720896,127,5.28651
pageable-pinned,6,120,720896,67,10.0207
pinned-h2d,6,120,720896,36,18.6496
pageable-staging-h2d,6,120,720896,103,6.51832
fread-pinned,6,231,720896,102,6.58222
pageable-pinned,6,231,720896,88,7.62939
pinned-h2d,6,231,720896,35,19.1825
pageable-staging-h2d,6,231,720896,123,5.45843
fread-pinned,6,178,720896,120,5.59489
pageable-pinned,6,178,720896,76,8.83404
pinned-h2d,6,178,720896,36,18.6496
pageable-staging-h2d,6,178,720896,112,5.99452
fread-pinned,6,137,589824,67,8.19875
pageable-pinned,6,137,589824,37,14.8464
pinned-h2d,6,137,589824,30,18.3105
pageable-staging-h2d,6,137,589824,67,8.19875
fread-pinned,6,88,720896,89,7.54367
pageable-pinned,6,88,720896,48,13.9872
pinned-h2d,6,88,720896,36,18.6496
pageable-staging-h2d,6,88,720896,84,7.9927
fread-pinned,6,32,720896,99,6.78168
pageable-pinned,6,32,720896,47,14.2848
pinned-h2d,6,32,720896,42,15.9854
pageable-staging-h2d,6,32,720896,89,7.54367
fread-pinned,6,55,589824,90,6.10352
pageable-pinned,6,55,589824,43,12.7748
pinned-h2d,6,55,589824,30,18.3105
pageable-staging-h2d,6,55,589824,73,7.52488
fread-pinned,6,18,720896,87,7.71709
pageable-pinned,6,18,720896,42,15.9854
pinned-h2d,6,18,720896,36,18.6496
pageable-staging-h2d,6,18,720896,78,8.60752
fread-pinned,6,101,720896,97,6.92151
pageable-pinned,6,101,720896,44,15.2588
pinned-h2d,6,101,720896,37,18.1456
pageable-staging-h2d,6,101,720896,81,8.28872
fread-pinned,6,80,589824,81,6.78168
pageable-pinned,6,80,589824,32,17.1661
pinned-h2d,6,80,589824,31,17.7199
pageable-staging-h2d,6,80,589824,63,8.71931
fread-pinned,6,183,589824,64,8.58307
pageable-pinned,6,183,589824,36,15.2588
pinned-h2d,6,183,589824,31,17.7199
pageable-staging-h2d,6,183,589824,67,8.19875
fread-pinned,6,149,589824,70,7.84738
pageable-pinned,6,149,589824,41,13.398
pinned-h2d,6,149,589824,30,18.3105
pageable-staging-h2d,6,149,589824,71,7.73685
fread-pinned,6,147,720896,96,6.99361
pageable-pinned,6,147,720896,51,13.1644
pinned-h2d,6,147,720896,36,18.6496
pageable-staging-h2d,6,147,720896,87,7.71709
fread-pinned,6,189,589824,68,8.07818
pageable-pinned,6,189,589824,41,13.398
pinned-h2d,6,189,589824,30,18.3105
pageable-staging-h2d,6,189,589824,71,7.73685
fread-pinned,6,56,720896,95,7.06723
pageable-pinned,6,56,720896,47,14.2848
pinned-h2d,6,56,720896,36,18.6496
pageable-staging-h2d,6,56,720896,83,8.089
fread-pinned,6,176,589824,81,6.78168
pageable-pinned,6,176,589824,44,12.4845
pinned-h2d,6,176,589824,36,15.2588
pageable-staging-h2d,6,176,589824,80,6.86646
fread-pinned,6,7,589824,66,8.32298
pageable-pinned,6,7,589824,32,17.1661
pinned-h2d,6,7,589824,31,17.7199
pageable-staging-h2d,6,7,589824,63,8.71931
fread-pinned,6,134,720896,79,8.49857
pageable-pinned,6,134,720896,52,12.9113
pinned-h2d,6,134,720896,37,18.1456
pageable-staging-h2d,6,134,720896,89,7.54367
fread-pinned,6,246,589824,63,8.71931
pageable-pinned,6,246,589824,36,15.2588
pinned-h2d,6,246,589824,30,18.3105
pageable-staging-h2d,6,246,589824,66,8.32298
fread-pinned,6,153,720896,82,8.18764
pageable-pinned,6,153,720896,47,14.2848
pinned-h2d,6,153,720896,36,18.6496
pageable-staging-h2d,6,153,720896,83,8.089
fread-pinned,6,148,589824,69,7.96111
pageable-pinned,6,148,589824,43,12.7748
pinned-h2d,6,148,589824,31,17.7199
pageable-staging-h2d,6,148,589824,74,7.42319
fread-pinned,6,167,720896,80,8.39233
pageable-pinned,6,167,720896,48,13.9872
pinned-h2d,6,167,720896,36,18.6496
pageable-staging-h2d,6,167,720896,84,7.9927
fread-pinned,6,128,720896,93,7.21921
pageable-pinned,6,128,720896,50,13.4277
pinned-h2d,6,128,720896,36,18.6496
pageable-staging-h2d,6,128,720896,86,7.80682
fread-pinned,6,174,589824,87,6.31398
pageable-pinned,6,174,589824,42,13.079
pinned-h2d,6,174,589824,31,17.7199
pageable-staging-h2d,6,174,589824,73,7.52488
fread-pinned,6,14,589824,83,6.61827
pageable-pinned,6,14,589824,40,13.7329
pinned-h2d,6,14,589824,30,18.3105
pageable-staging-h2d,6,14,589824,70,7.84738
fread-pinned,6,109,720896,118,5.68972
pageable-pinned,6,109,720896,50,13.4277
pinned-h2d,6,109,720896,36,18.6496
pageable-staging-h2d,6,109,720896,86,7.80682
fread-pinned,6,169,589824,96,5.72205
pageable-pinned,6,169,589824,39,14.085
pinned-h2d,6,169,589824,30,18.3105
pageable-staging-h2d,6,169,589824,69,7.96111
fread-pinned,6,51,720896,124,5.41441
pageable-pinned,6,51,720896,79,8.49857
pinned-h2d,6,51,720896,35,19.1825
pageable-staging-h2d,6,51,720896,114,5.88936
fread-pinned,6,30,720896,124,5.41441
pageable-pinned,6,30,720896,87,7.71709
pinned-h2d,6,30,720896,35,19.1825
pageable-staging-h2d,6,30,720896,122,5.50317
fread-pinned,6,124,589824,79,6.95337
pageable-pinned,6,124,589824,57,9.63713
pinned-h2d,6,124,589824,30,18.3105
pageable-staging-h2d,6,124,589824,87,6.31398
fread-pinned,6,140,720896,116,5.78782
pageable-pinned,6,140,720896,70,9.59124
pinned-h2d,6,140,720896,37,18.1456
pageable-staging-h2d,6,140,720896,107,6.27464
fread-pinned,6,154,720896,130,5.16451
pageable-pinned,6,154,720896,89,7.54367
pinned-h2d,6,154,720896,35,19.1825
pageable-staging-h2d,6,154,720896,124,5.41441
fread-pinned,6,138,589824,82,6.69898
pageable-pinned,6,138,589824,62,8.85994
pinned-h2d,6,138,589824,30,18.3105
pageable-staging-h2d,6,138,589824,92,5.97083
fread-pinned,6,225,589824,80,6.86646
pageable-pinned,6,225,589824,57,9.63713
pinned-h2d,6,225,589824,30,18.3105
pageable-staging-h2d,6,225,589824,87,6.31398
fread-pinned,6,114,720896,95,7.06723
pageable-pinned,6,114,720896,71,9.45615
pinned-h2d,6,114,720896,36,18.6496
pageable-staging-h2d,6,114,720896,107,6.27464
fread-pinned,6,75,720896,115,5.83815
pageable-pinned,6,75,720896,75,8.95182
pinned-h2d,6,75,720896,35,19.1825
pageable-staging-h2d,6,75,720896,110,6.10352
fread-pinned,6,82,720896,99,6.78168
pageable-pinned,6,82,720896,49,13.7018
pinned-h2d,6,82,720896,36,18.6496
pageable-staging-h2d,6,82,720896,85,7.89867
fread-pinned,6,232,589824,59,9.31045
pageable-pinned,6,232,589824,32,17.1661
pinned-h2d,6,232,589824,30,18.3105
pageable-staging-h2d,6,232,589824,62,8.85994
fread-pinned,6,165,720896,81,8.28872
pageable-pinned,6,165,720896,47,14.2848
pinned-h2d,6,165,720896,34,19.7467
pageable-staging-h2d,6,165,720896,81,8.28872
fread-pinned,6,162,589824,66,8.32298
pageable-pinned,6,162,589824,41,13.398
pinned-h2d,6,162,589824,30,18.3105
pageable-staging-h2d,6,162,589824,71,7.73685
fread-pinned,6,33,589824,81,6.78168
pageable-pinned,6,33,589824,39,14.085
pinned-h2d,6,33,589824,30,18.3105
pageable-staging-h2d,6,33,589824,69,7.96111
fread-pinned,6,238,589824,81,6.78168
pageable-pinned,6,238,589824,40,13.7329
pinned-h2d,6,238,589824,30,18.3105
pageable-staging-h2d,6,238,589824,70,7.84738
fread-pinned,6,102,720896,111,6.04853
pageable-pinned,6,102,720896,45,14.9197
pinned-h2d,6,102,720896,36,18.6496
pageable-staging-h2d,6,102,720896,81,8.28872
fread-pinned,6,191,720896,76,8.83404
pageable-pinned,6,191,720896,48,13.9872
pinned-h2d,6,191,720896,36,18.6496
pageable-staging-h2d,6,191,720896,84,7.9927
fread-pinned,6,129,589824,74,7.42319
pageable-pinned,6,129,589824,45,12.207
pinned-h2d,6,129,589824,30,18.3105
pageable-staging-h2d,6,129,589824,75,7.32422
fread-pinned,6,205,720896,109,6.15951
pageable-pinned,6,205,720896,51,13.1644
pinned-h2d,6,205,720896,36,18.6496
pageable-staging-h2d,6,205,720896,87,7.71709
fread-pinned,6,70,720896,98,6.85088
pageable-pinned,6,70,720896,47,14.2848
pinned-h2d,6,70,720896,35,19.1825
pageable-staging-h2d,6,70,720896,82,8.18764
fread-pinned,6,0,589824,66,8.32298
pageable-pinned,6,0,589824,30,18.3105
pinned-h2d,6,0,589824,31,17.7199
pageable-staging-h2d,6,0,589824,61,9.00519
fread-pinned,6,84,589824,80,6.86646
pageable-pinned,6,84,589824,62,8.85994
pinned-h2d,6,84,589824,31,17.7199
pageable-staging-h2d,6,84,589824,93,5.90663
fread-pinned,6,150,589824,101,5.43878
pageable-pinned,6,150,589824,57,9.63713
pinned-h2d,6,150,589824,29,18.9419
pageable-staging-h2d,6,150,589824,86,6.3874
fread-pinned,6,208,589824,79,6.95337
pageable-pinned,6,208,589824,58,9.47097
pinned-h2d,6,208,589824,30,18.3105
pageable-staging-h2d,6,208,589824,88,6.24223
fread-pinned,6,113,589824,78,7.04252
pageable-pinned,6,113,589824,58,9.47097
pinned-h2d,6,113,589824,30,18.3105
pageable-staging-h2d,6,113,589824,88,6.24223
fread-pinned,6,181,589824,78,7.04252
pageable-pinned,6,181,589824,56,9.80922
pinned-h2d,6,181,589824,31,17.7199
pageable-staging-h2d,6,181,589824,87,6.31398
fread-pinned,6,44,720896,118,5.68972
pageable-pinned,6,44,720896,65,10.329
pinned-h2d,6,44,720896,34,19.7467
pageable-staging-h2d,6,44,720896,99,6.78168
fread-pinned,6,193,589824,77,7.13398
pageable-pinned,6,193,589824,53,10.3645
pinned-h2d,6,193,589824,32,17.1661
pageable-staging-h2d,6,193,589824,85,6.46255
fread-pinned,6,226,589824,80,6.86646
pageable-pinned,6,226,589824,57,9.63713
pinned-h2d,6,226,589824,31,17.7199
pageable-staging-h2d,6,226,589824,88,6.24223
fread-pinned,6,59,589824,97,5.66306
pageable-pinned,6,59,589824,61,9.00519
pinned-h2d,6,59,589824,30,18.3105
pageable-staging-h2d,6,59,589824,91,6.03644
fread-pinned,6,97,589824,99,5.54865
pageable-pinned,6,97,589824,53,10.3645
pinned-h2d,6,97,589824,30,18.3105
pageable-staging-h2d,6,97,589824,83,6.61827
fread-pinned,6,168,589824,108,5.08626
pageable-pinned,6,168,589824,44,12.4845
pinned-h2d,6,168,589824,31,17.7199
pageable-staging-h2d,6,168,589824,75,7.32422
fread-pinned,6,133,720896,83,8.089
pageable-pinned,6,133,720896,47,14.2848
pinned-h2d,6,133,720896,35,19.1825
pageable-staging-h2d,6,133,720896,82,8.18764
fread-pinned,6,252,589824,91,6.03644
pageable-pinned,6,252,589824,39,14.085
pinned-h2d,6,252,589824,30,18.3105
pageable-staging-h2d,6,252,589824,69,7.96111
fread-pinned,6,200,589824,79,6.95337
pageable-pinned,6,200,589824,42,13.079
pinned-h2d,6,200,589824,30,18.3105
pageable-staging-h2d,6,200,589824,72,7.62939
fread-pinned,6,117,589824,73,7.52488
pageable-pinned,6,117,589824,39,14.085
pinned-h2d,6,117,589824,30,18.3105
pageable-staging-h2d,6,117,589824,69,7.96111
fread-pinned,6,188,589824,80,6.86646
pageable-pinned,6,188,589824,42,13.079
pinned-h2d,6,188,589824,30,18.3105
pageable-staging-h2d,6,188,589824,72,7.62939
fread-pinned,6,48,589824,88,6.24223
pageable-pinned,6,48,589824,62,8.85994
pinned-h2d,6,48,589824,30,18.3105
pageable-staging-h2d,6,48,589824,92,5.97083
fread-pinned,6,92,589824,82,6.69898
pageable-pinned,6,92,589824,55,9.98757
pinned-h2d,6,92,589824,29,18.9419
pageable-staging-h2d,6,92,589824,84,6.53948
fread-pinned,6,21,589824,102,5.38545
pageable-pinned,6,21,589824,68,8.07818
pinned-h2d,6,21,589824,31,17.7199
pageable-staging-h2d,6,21,589824,99,5.54865
fread-pinned,6,106,589824,99,5.54865
pageable-pinned,6,106,589824,53,10.3645
pinned-h2d,6,106,589824,31,17.7199
pageable-staging-h2d,6,106,589824,84,6.53948
fread-pinned,6,69,720896,110,6.10352
pageable-pinned,6,69,720896,76,8.83404
pinned-h2d,6,69,720896,36,18.6496
pageable-staging-h2d,6,69,720896,112,5.99452
fread-pinned,6,77,720896,126,5.32847
pageable-pinned,6,77,720896,78,8.60752
pinned-h2d,6,77,720896,36,18.6496
pageable-staging-h2d,6,77,720896,114,5.88936
fread-pinned,6,197,589824,75,7.32422
pageable-pinned,6,197,589824,57,9.63713
pinned-h2d,6,197,589824,31,17.7199
pageable-staging-h2d,6,197,589824,88,6.24223
fread-pinned,6,163,589824,77,7.13398
pageable-pinned,6,163,589824,56,9.80922
pinned-h2d,6,163,589824,30,18.3105
pageable-staging-h2d,6,163,589824,86,6.3874
fread-pinned,6,194,589824,81,6.78168
pageable-pinned,6,194,589824,58,9.47097
pinned-h2d,6,194,589824,31,17.7199
pageable-staging-h2d,6,194,589824,89,6.17209
fread-pinned,6,54,589824,85,6.46255
pageable-pinned,6,54,589824,49,11.2105
pinned-h2d,6,54,589824,31,17.7199
pageable-staging-h2d,6,54,589824,80,6.86646
fread-pinned,6,42,589824,97,5.66306
pageable-pinned,6,42,589824,57,9.63713
pinned-h2d,6,42,589824,30,18.3105
pageable-staging-h2d,6,42,589824,87,6.31398
fread-pinned,6,83,720896,97,6.92151
pageable-pinned,6,83,720896,47,14.2848
pinned-h2d,6,83,720896,37,18.1456
pageable-staging-h2d,6,83,720896,84,7.9927
fread-pinned,6,172,720896,92,7.29768
pageable-pinned,6,172,720896,48,13.9872
pinned-h2d,6,172,720896,36,18.6496
pageable-staging-h2d,6,172,720896,84,7.9927
fread-pinned,6,17,589824,80,6.86646
pageable-pinned,6,17,589824,41,13.398
pinned-h2d,6,17,589824,31,17.7199
pageable-staging-h2d,6,17,589824,72,7.62939
fread-pinned,6,111,589824,84,6.53948
pageable-pinned,6,111,589824,37,14.8464
pinned-h2d,6,111,589824,31,17.7199
pageable-staging-h2d,6,111,589824,68,8.07818
fread-pinned,6,86,589824,69,7.96111
pageable-pinned,6,86,589824,38,14.4557
pinned-h2d,6,86,589824,31,17.7199
pageable-staging-h2d,6,86,589824,69,7.96111
fread-pinned,6,65,589824,81,6.78168
pageable-pinned,6,65,589824,38,14.4557
pinned-h2d,6,65,589824,31,17.7199
pageable-staging-h2d,6,65,589824,69,7.96111
fread-pinned,6,31,720896,101,6.64739
pageable-pinned,6,31,720896,49,13.7018
pinned-h2d,6,31,720896,36,18.6496
pageable-staging-h2d,6,31,720896,85,7.89867
fread-pinned,6,8,589824,66,8.32298
pageable-pinned,6,8,589824,36,15.2588
pinned-h2d,6,8,589824,31,17.7199
pageable-staging-h2d,6,8,589824,67,8.19875
fread-pinned,6,244,860160,105,7.62939
pageable-pinned,6,244,860160,59,13.5777
pinned-h2d,6,244,860160,42,19.0735
pageable-staging-h2d,6,244,860160,101,7.93155
fread-pinned,6,251,589824,63,8.71931
pageable-pinned,6,251,589824,36,15.2588
pinned-h2d,6,251,589824,29,18.9419
pageable-staging-h2d,6,251,589824,65,8.45102
fread-pinned,6,201,589824,74,7.42319
pageable-pinned,6,201,589824,40,13.7329
pinned-h2d,6,201,589824,31,17.7199
pageable-staging-h2d,6,201,589824,71,7.73685
fread-pinned,6,10,589824,61,9.00519
pageable-pinned,6,10,589824,33,16.646
pinned-h2d,6,10,589824,31,17.7199
pageable-staging-h2d,6,10,589824,64,8.58307
fread-pinned,6,6,720896,93,7.21921
pageable-pinned,6,6,720896,48,13.9872
pinned-h2d,6,6,720896,36,18.6496
pageable-staging-h2d,6,6,720896,84,7.9927
fread-pinned,6,27,589824,91,6.03644
pageable-pinned,6,27,589824,40,13.7329
pinned-h2d,6,27,589824,31,17.7199
pageable-staging-h2d,6,27,589824,71,7.73685
fread-pinned,6,157,589824,65,8.45102
pageable-pinned,6,157,589824,39,14.085
pinned-h2d,6,157,589824,31,17.7199
pageable-staging-h2d,6,157,589824,70,7.84738
fread-pinned,6,43,720896,98,6.85088
pageable-pinned,6,43,720896,45,14.9197
pinned-h2d,6,43,720896,35,19.1825
pageable-staging-h2d,6,43,720896,80,8.39233
fread-pinned,6,2,589824,63,8.71931
pageable-pinned,6,2,589824,34,16.1564
pinned-h2d,6,2,589824,30,18.3105
pageable-staging-h2d,6,2,589824,64,8.58307
fread-pinned,6,36,589824,89,6.17209
pageable-pinned,6,36,589824,63,8.71931
pinned-h2d,6,36,589824,30,18.3105
pageable-staging-h2d,6,36,589824,93,5.90663
fread-pinned,6,100,589824,101,5.43878
pageable-pinned,6,100,589824,61,9.00519
pinned-h2d,6,100,589824,31,17.7199
pageable-staging-h2d,6,100,589824,92,5.97083
fread-pinned,6,143,589824,101,5.43878
pageable-pinned,6,143,589824,56,9.80922
pinned-h2d,6,143,589824,31,17.7199
pageable-staging-h2d,6,143,589824,87,6.31398
fread-pinned,6,159,720896,96,6.99361
pageable-pinned,6,159,720896,70,9.59124
pinned-h2d,6,159,720896,34,19.7467
pageable-staging-h2d,6,159,720896,104,6.45564
fread-pinned,6,146,720896,99,6.78168
pageable-pinned,6,146,720896,77,8.71931
pinned-h2d,6,146,720896,35,19.1825
pageable-staging-h2d,6,146,720896,112,5.99452
fread-pinned,6,196,589824,75,7.32422
pageable-pinned,6,196,589824,59,9.31045
pinned-h2d,6,196,589824,30,18.3105
pageable-staging-h2d,6,196,589824,89,6.17209
fread-pinned,6,132,589824,72,7.62939
pageable-pinned,6,132,589824,49,11.2105
pinned-h2d,6,132,589824,30,18.3105
pageable-staging-h2d,6,132,589824,79,6.95337
fread-pinned,6,40,589824,87,6.31398
pageable-pinned,6,40,589824,46,11.9417
pinned-h2d,6,40,589824,30,18.3105
pageable-staging-h2d,6,40,589824,76,7.22785
fread-pinned,6,237,720896,96,6.99361
pageable-pinned,6,237,720896,66,10.1725
pinned-h2d,6,237,720896,35,19.1825
pageable-staging-h2d,6,237,720896,101,6.64739
fread-pinned,6,204,720896,99,6.78168
pageable-pinned,6,204,720896,73,9.19708
pinned-h2d,6,204,720896,35,19.1825
pageable-staging-h2d,6,204,720896,108,6.21654
fread-pinned,6,227,589824,82,6.69898
pageable-pinned,6,227,589824,57,9.63713
pinned-h2d,6,227,589824,30,18.3105
pageable-staging-h2d,6,227,589824,87,6.31398
fread-pinned,6,218,860160,102,7.85379
pageable-pinned,6,218,860160,59,13.5777
pinned-h2d,6,218,860160,41,19.5387
pageable-staging-h2d,6,218,860160,100,8.01086
fread-pinned,6,116,589824,80,6.86646
pageable-pinned,6,116,589824,39,14.085
pinned-h2d,6,116,589824,32,17.1661
pageable-staging-h2d,6,116,589824,71,7.73685
fread-pinned,6,99,589824,90,6.10352
pageable-pinned,6,99,589824,38,14.4557
pinned-h2d,6,99,589824,31,17.7199
pageable-staging-h2d,6,99,589824,69,7.96111
fread-pinned,6,96,720896,81,8.28872
pageable-pinned,6,96,720896,50,13.4277
pinned-h2d,6,96,720896,35,19.1825
pageable-staging-h2d,6,96,720896,85,7.89867
fread-pinned,6,155,589824,71,7.73685
pageable-pinned,6,155,589824,35,15.6948
pinned-h2d,6,155,589824,31,17.7199
pageable-staging-h2d,6,155,589824,66,8.32298
fread-pinned,6,103,589824,76,7.22785
pageable-pinned,6,103,589824,39,14.085
pinned-h2d,6,103,589824,30,18.3105
pageable-staging-h2d,6,103,589824,69,7.96111
fread-pinned,6,223,860160,110,7.2826
pageable-pinned,6,223,860160,72,11.1262
pinned-h2d,6,223,860160,42,19.0735
pageable-staging-h2d,6,223,860160,114,7.02707
fread-pinned,6,203,589824,68,8.07818
pageable-pinned,6,203,589824,39,14.085
pinned-h2d,6,203,589824,31,17.7199
pageable-staging-h2d,6,203,589824,70,7.84738
fread-pinned,6,192,720896,98,6.85088
pageable-pinned,6,192,720896,50,13.4277
pinned-h2d,6,192,720896,36,18.6496
pageable-staging-h2d,6,192,720896,86,7.80682
fread-pinned,6,5,720896,82,8.18764
pageable-pinned,6,5,720896,44,15.2588
pinned-h2d,6,5,720896,36,18.6496
pageable-staging-h2d,6,5,720896,80,8.39233
fread-pinned,6,119,589824,87,6.31398
pageable-pinned,6,119,589824,33,16.646
pinned-h2d,6,119,589824,31,17.7199
pageable-staging-h2d,6,119,589824,64,8.58307
fread-pinned,6,22,589824,90,6.10352
pageable-pinned,6,22,589824,47,11.6876
pinned-h2d,6,22,589824,30,18.3105
pageable-staging-h2d,6,22,589824,77,7.13398
fread-pinned,6,242,589824,84,6.53948
pageable-pinned,6,242,589824,62,8.85994
pinned-h2d,6,242,589824,29,18.9419
pageable-staging-h2d,6,242,589824,91,6.03644
fread-pinned,6,164,589824,83,6.61827
pageable-pinned,6,164,589824,62,8.85994
pinned-h2d,6,164,589824,30,18.3105
pageable-staging-h2d,6,164,589824,92,5.97083
fread-pinned,6,29,589824,94,5.84379
pageable-pinned,6,29,589824,61,9.00519
pinned-h2d,6,29,589824,30,18.3105
pageable-staging-h2d,6,29,589824,91,6.03644
fread-pinned,7,199,720896,88,7.62939
pageable-pinned,7,199,720896,56,11.989
pinned-h2d,7,199,720896,36,18.6496
pageable-staging-h2d,7,199,720896,92,7.29768
fread-pinned,7,232,589824,70,7.84738
pageable-pinned,7,232,589824,45,12.207
pinned-h2d,7,232,589824,36,15.2588
pageable-staging-h2d,7,232,589824,81,6.78168
fread-pinned,7,56,720896,102,6.58222
pageable-pinned,7,56,720896,66,10.1725
pinned-h2d,7,56,720896,35,19.1825
pageable-staging-h2d,7,56,720896,101,6.64739
fread-pinned,7,24,720896,102,6.58222
pageable-pinned,7,24,720896,56,11.989
pinned-h2d,7,24,720896,35,19.1825
pageable-staging-h2d,7,24,720896,91,7.37788
fread-pinned,7,250,860160,128,6.25849
pageable-pinned,7,250,860160,89,9.00097
pinned-h2d,7,250,860160,40,20.0272
pageable-staging-h2d,7,250,860160,129,6.20997
fread-pinned,7,217,860160,105,7.62939
pageable-pinned,7,217,860160,70,11.4441
pinned-h2d,7,217,860160,41,19.5387
pageable-staging-h2d,7,217,860160,111,7.21699
fread-pinned,7,129,589824,79,6.95337
pageable-pinned,7,129,589824,38,14.4557
pinned-h2d,7,129,589824,31,17.7199
pageable-staging-h2d,7,129,589824,69,7.96111
fread-pinned,7,126,589824,81,6.78168
pageable-pinned,7,126,589824,38,14.4557
pinned-h2d,7,126,589824,30,18.3105
pageable-staging-h2d,7,126,589824,68,8.07818
fread-pinned,7,234,589824,80,6.86646
pageable-pinned,7,234,589824,33,16.646
pinned-h2d,7,234,589824,30,18.3105
pageable-staging-h2d,7,234,589824,63,8.71931
fread-pinned,7,247,589824,69,7.96111
pageable-pinned,7,247,589824,40,13.7329
pinned-h2d,7,247,589824,30,18.3105
pageable-staging-h2d,7,247,589824,70,7.84738
fread-pinned,7,130,589824,60,9.15527
pageable-pinned,7,130,589824,32,17.1661
pinned-h2d,7,130,589824,31,17.7199
pageable-staging-h2d,7,130,589824,63,8.71931
fread-pinned,7,73,589824,76,7.22785
pageable-pinned,7,73,589824,36,15.2588
pinned-h2d,7,73,589824,30,18.3105
pageable-staging-h2d,7,73,589824,66,8.32298
fread-pinned,7,212,720896,91,7.37788
pageable-pinned,7,212,720896,53,12.6677
pinned-h2d,7,212,720896,36,18.6496
pageable-staging-h2d,7,212,720896,89,7.54367
fread-pinned,7,151,589824,67,8.19875
pageable-pinned,7,151,589824,37,14.8464
pinned-h2d,7,151,589824,30,18.3105
pageable-staging-h2d,7,151,589824,67,8.19875
fread-pinned,7,49,589824,80,6.86646
pageable-pinned,7,49,589824,37,14.8464
pinned-h2d,7,49,589824,31,17.7199
pageable-staging-h2d,7,49,589824,68,8.07818
fread-pinned,7,4,589824,66,8.32298
pageable-pinned,7,4,589824,31,17.7199
pinned-h2d,7,4,589824,30,18.3105
pageable-staging-h2d,7,4,589824,61,9.00519
fread-pinned,7,146,720896,82,8.18764
pageable-pinned,7,146,720896,52,12.9113
pinned-h2d,7,146,720896,36,18.6496
pageable-staging-h2d,7,146,720896,88,7.62939
fread-pinned,7,100,589824,86,6.3874
pageable-pinned,7,100,589824,40,13.7329
pinned-h2d,7,100,589824,31,17.7199
pageable-staging-h2d,7,100,589824,71,7.73685
fread-pinned,7,219,589824,64,8.58307
pageable-pinned,7,219,589824,37,14.8464
pinned-h2d,7,219,589824,31,17.7199
pageable-staging-h2d,7,219,589824,68,8.07818
fread-pinned,7,185,720896,79,8.49857
pageable-pinned,7,185,720896,40,16.7847
pinned-h2d,7,185,720896,36,18.6496
pageable-staging-h2d,7,185,720896,76,8.83404
fread-pinned,7,52,589824,73,7.52488
pageable-pinned,7,52,589824,33,16.646
pinned-h2d,7,52,589824,30,18.3105
pageable-staging-h2d,7,52,589824,63,8.71931
fread-pinned,7,233,589824,66,8.32298
pageable-pinned,7,233,589824,32,17.1661
pinned-h2d,7,233,589824,31,17.7199
pageable-staging-h2d,7,233,589824,63,8.71931
fread-pinned,7,207,589824,64,8.58307
pageable-pinned,7,207,589824,32,17.1661
pinned-h2d,7,207,589824,31,17.7199
pageable-staging-h2d,7,207,589824,63,8.71931
fread-pinned,7,67,589824,76,7.22785
pageable-pinned,7,67,589824,36,15.2588
pinned-h2d,7,67,589824,31,17.7199
pageable-staging-h2d,7,67,589824,67,8.19875
fread-pinned,7,1,589824,66,8.32298
pageable-pinned,7,1,589824,34,16.1564
pinned-h2d,7,1,589824,30,18.3105
pageable-staging-h2d,7,1,589824,64,8.58307
fread-pinned,7,137,589824,54,10.1725
pageable-pinned,7,137,589824,32,17.1661
pinned-h2d,7,137,589824,30,18.3105
pageable-staging-h2d,7,137,589824,62,8.85994
fread-pinned,7,95,720896,99,6.78168
pageable-pinned,7,95,720896,49,13.7018
pinned-h2d,7,95,720896,35,19.1825
pageable-staging-h2d,7,95,720896,84,7.9927
fread-pinned,7,79,589824,66,8.32298
pageable-pinned,7,79,589824,28,19.6184
pinned-h2d,7,79,589824,30,18.3105
pageable-staging-h2d,7,79,589824,58,9.47097
fread-pinned,7,197,589824,63,8.71931
pageable-pinned,7,197,589824,39,14.085
pinned-h2d,7,197,589824,30,18.3105
pageable-staging-h2d,7,197,589824,69,7.96111
fread-pinned,7,88,720896,86,7.80682
pageable-pinned,7,88,720896,48,13.9872
pinned-h2d,7,88,720896,36,18.6496
pageable-staging-h2d,7,88,720896,84,7.9927
fread-pinned,7,63,720896,86,7.80682
pageable-pinned,7,63,720896,42,15.9854
pinned-h2d,7,63,720896,36,18.6496
pageable-staging-h2d,7,63,720896,78,8.60752
fread-pinned,7,16,589824,83,6.61827
pageable-pinned,7,16,589824,40,13.7329
pinned-h2d,7,16,589824,30,18.3105
pageable-staging-h2d,7,16,589824,70,7.84738
fread-pinned,7,7,589824,62,8.85994
pageable-pinned,7,7,589824,30,18.3105
pinned-h2d,7,7,589824,31,17.7199
pageable-staging-h2d,7,7,589824,61,9.00519
fread-pinned,7,38,720896,91,7.37788
pageable-pinned,7,38,720896,40,16.7847
pinned-h2d,7,38,720896,36,18.6496
pageable-staging-h2d,7,38,720896,76,8.83404
fread-pinned,7,182,589824,68,8.07818
pageable-pinned,7,182,589824,40,13.7329
pinned-h2d,7,182,589824,30,18.3105
pageable-staging-h2d,7,182,589824,70,7.84738
fread-pinned,7,5,720896,79,8.49857
pageable-pinned,7,5,720896,43,15.6136
pinned-h2d,7,5,720896,36,18.6496
pageable-staging-h2d,7,5,720896,79,8.49857
fread-pinned,7,54,589824,75,7.32422
pageable-pinned,7,54,589824,35,15.6948
pinned-h2d,7,54,589824,30,18.3105
pageable-staging-h2d,7,54,589824,65,8.45102
fread-pinned,7,31,720896,98,6.85088
pageable-pinned,7,31,720896,49,13.7018
pinned-h2d,7,31,720896,36,18.6496
pageable-staging-h2d,7,31,720896,85,7.89867
fread-pinned,7,61,589824,130,4.22551
pageable-pinned,7,61,589824,45,12.207
pinned-h2d,7,61,589824,31,17.7199
pageable-staging-h2d,7,61,589824,76,7.22785
fread-pinned,7,11,720896,69,9.73024
pageable-pinned,7,11,720896,41,16.3753
pinned-h2d,7,11,720896,37,18.1456
pageable-staging-h2d,7,11,720896,78,8.60752
fread-pinned,7,113,589824,66,8.32298
pageable-pinned,7,113,589824,40,13.7329
pinned-h2d,7,113,589824,31,17.7199
pageable-staging-h2d,7,113,589824,71,7.73685
fread-pinned,7,132,589824,61,9.00519
pageable-pinned,7,132,589824,34,16.1564
pinned-h2d,7,132,589824,30,18.3105
pageable-staging-h2d,7,132,589824,64,8.58307
fread-pinned,7,231,720896,83,8.089
pageable-pinned,7,231,720896,50,13.4277
pinned-h2d,7,231,720896,36,18.6496
pageable-staging-h2d,7,231,720896,86,7.80682
fread-pinned,7,192,720896,95,7.06723
pageable-pinned,7,192,720896,45,14.9197
pinned-h2d,7,192,720896,35,19.1825
pageable-staging-h2d,7,192,720896,80,8.39233
fread-pinned,7,98,589824,82,6.69898
pageable-pinned,7,98,589824,35,15.6948
pinned-h2d,7,98,589824,30,18.3105
pageable-staging-h2d,7,98,589824,65,8.45102
fread-pinned,7,168,589824,97,5.66306
pageable-pinned,7,168,589824,42,13.079
pinned-h2d,7,168,589824,30,18.3105
pageable-staging-h2d,7,168,589824,72,7.62939
fread-pinned,7,42,589824,82,6.69898
pageable-pinned,7,42,589824,39,14.085
pinned-h2d,7,42,589824,30,18.3105
pageable-staging-h2d,7,42,589824,69,7.96111
fread-pinned,7,237,720896,81,8.28872
pageable-pinned,7,237,720896,46,14.5954
pinned-h2d,7,237,720896,36,18.6496
pageable-staging-h2d,7,237,720896,82,8.18764
fread-pinned,7,215,589824,63,8.71931
pageable-pinned,7,215,589824,36,15.2588
pinned-h2d,7,215,589824,31,17.7199
pageable-staging-h2d,7,215,589824,67,8.19875
fread-pinned,7,12,720896,73,9.19708
pageable-pinned,7,12,720896,43,15.6136
pinned-h2d,7,12,720896,36,18.6496
pageable-staging-h2d,7,12,720896,79,8.49857
fread-pinned,7,166,720896,75,8.95182
pageable-pinned,7,166,720896,44,15.2588
pinned-h2d,7,166,720896,36,18.6496
pageable-staging-h2d,7,166,720896,80,8.39233
fread-pinned,7,186,720896,75,8.95182
pageable-pinned,7,186,720896,48,13.9872
pinned-h2d,7,186,720896,35,19.1825
pageable-staging-h2d,7,186,720896,83,8.089
fread-pinned,7,121,720896,104,6.45564
pageable-pinned,7,121,720896,52,12.9113
pinned-h2d,7,121,720896,36,18.6496
pageable-staging-h2d,7,121,720896,88,7.62939
fread-pinned,7,41,589824,81,6.78168
pageable-pinned,7,41,589824,40,13.7329
pinned-h2d,7,41,589824,31,17.7199
pageable-staging-h2d,7,41,589824,71,7.73685
fread-pinned,7,181,589824,66,8.32298
pageable-pinned,7,181,589824,38,14.4557
pinned-h2d,7,181,589824,31,17.7199
pageable-staging-h2d,7,181,589824,69,7.96111
fread-pinned,7,94,589824,63,8.71931
pageable-pinned,7,94,589824,35,15.6948
pinned-h2d,7,94,589824,30,18.3105
pageable-staging-h2d,7,94,589824,65,8.45102
fread-pinned,7,33,589824,80,6.86646
pageable-pinned,7,33,589824,39,14.085
pinned-h2d,7,33,589824,31,17.7199
pageable-staging-h2d,7,33,589824,70,7.84738
fread-pinned,7,19,720896,86,7.80682
pageable-pinned,7,19,720896,43,15.6136
pinned-h2d,7,19,720896,35,19.1825
pageable-staging-h2d,7,19,720896,78,8.60752
fread-pinned,7,183,589824,66,8.32298
pageable-pinned,7,183,589824,36,15.2588
pinned-h2d,7,183,589824,31,17.7199
pageable-staging-h2d,7,183,589824,67,8.19875
fread-pinned,7,245,589824,78,7.04252
pageable-pinned,7,245,589824,38,14.4557
pinned-h2d,7,245,589824,30,18.3105
pageable-staging-h2d,7,245,589824,68,8.07818
fread-pinned,7,17,589824,75,7.32422
pageable-pinned,7,17,589824,40,13.7329
pinned-h2d,7,17,589824,30,18.3105
pageable-staging-h2d,7,17,589824,70,7.84738
fread-pinned,7,18,720896,87,7.71709
pageable-pinned,7,18,720896,42,15.9854
pinned-h2d,7,18,720896,35,19.1825
pageable-staging-h2d,7,18,720896,77,8.71931
fread-pinned,7,72,589824,86,6.3874
pageable-pinned,7,72,589824,44,12.4845
pinned-h2d,7,72,589824,31,17.7199
pageable-staging-h2d,7,72,589824,75,7.32422
fread-pinned,7,104,589824,79,6.95337
pageable-pinned,7,104,589824,50,10.9863
pinned-h2d,7,104,589824,30,18.3105
pageable-staging-h2d,7,104,589824,80,6.86646
fread-pinned,7,222,589824,78,7.04252
pageable-pinned,7,222,589824,58,9.47097
pinned-h2d,7,222,589824,30,18.3105
pageable-staging-h2d,7,222,589824,88,6.24223
fread-pinned,7,243,860160,125,6.40869
pageable-pinned,7,243,860160,86,9.31496
pinned-h2d,7,243,860160,43,18.6299
pageable-staging-h2d,7,243,860160,129,6.20997
fread-pinned,7,74,589824,85,6.46255
pageable-pinned,7,74,589824,48,11.4441
pinned-h2d,7,74,589824,31,17.7199
pageable-staging-h2d,7,74,589824,79,6.95337
fread-pinned,7,167,720896,91,7.37788
pageable-pinned,7,167,720896,70,9.59124
pinned-h2d,7,167,720896,37,18.1456
pageable-staging-h2d,7,167,720896,107,6.27464
fread-pinned,7,14,589824,80,6.86646
pageable-pinned,7,14,589824,53,10.3645
pinned-h2d,7,14,589824,31,17.7199
pageable-staging-h2d,7,14,589824,84,6.53948
fread-pinned,7,154,720896,128,5.24521
pageable-pinned,7,154,720896,79,8.49857
pinned-h2d,7,154,720896,35,19.1825
pageable-staging-h2d,7,154,720896,114,5.88936
fread-pinned,7,201,589824,81,6.78168
pageable-pinned,7,201,589824,56,9.80922
pinned-h2d,7,201,589824,30,18.3105
pageable-staging-h2d,7,201,589824,86,6.3874
fread-pinned,7,128,720896,99,6.78168
pageable-pinned,7,128,720896,72,9.32482
pinned-h2d,7,128,720896,36,18.6496
pageable-staging-h2d,7,128,720896,108,6.21654
fread-pinned,7,55,589824,101,5.43878
pageable-pinned,7,55,589824,62,8.85994
pinned-h2d,7,55,589824,31,17.7199
pageable-staging-h2d,7,55,589824,93,5.90663
fread-pinned,7,236,720896,105,6.39416
pageable-pinned,7,236,720896,70,9.59124
pinned-h2d,7,236,720896,38,17.6681
pageable-staging-h2d,7,236,720896,108,6.21654
fread-pinned,7,195,589824,123,4.46599
pageable-pinned,7,195,589824,53,10.3645
pinned-h2d,7,195,589824,33,16.646
pageable-staging-h2d,7,195,589824,86,6.3874
fread-pinned,7,81,589824,97,5.66306
pageable-pinned,7,81,589824,51,10.7709
pinned-h2d,7,81,589824,32,17.1661
pageable-staging-h2d,7,81,589824,83,6.61827
fread-pinned,7,97,589824,116,4.73549
pageable-pinned,7,97,589824,49,11.2105
pinned-h2d,7,97,589824,34,16.1564
pageable-staging-h2d,7,97,589824,83,6.61827
fread-pinned,7,8,589824,110,4.99379
pageable-pinned,7,8,589824,44,12.4845
pinned-h2d,7,8,589824,34,16.1564
pageable-staging-h2d,7,8,589824,78,7.04252
fread-pinned,7,173,720896,122,5.50317
pageable-pinned,7,173,720896,49,13.7018
pinned-h2d,7,173,720896,36,18.6496
pageable-staging-h2d,7,173,720896,85,7.89867
fread-pinned,7,22,589824,77,7.13398
pageable-pinned,7,22,589824,35,15.6948
pinned-h2d,7,22,589824,30,18.3105
pageable-staging-h2d,7,22,589824,65,8.45102
fread-pinned,7,177,589824,70,7.84738
pageable-pinned,7,177,589824,38,14.4557
pinned-h2d,7,177,589824,31,17.7199
pageable-staging-h2d,7,177,589824,69,7.96111
fread-pinned,7,37,720896,97,6.92151
pageable-pinned,7,37,720896,51,13.1644
pinned-h2d,7,37,720896,35,19.1825
pageable-staging-h2d,7,37,720896,86,7.80682
fread-pinned,7,26,589824,74,7.42319
pageable-pinned,7,26,589824,32,17.1661
pinned-h2d,7,26,589824,31,17.7199
pageable-staging-h2d,7,26,589824,63,8.71931
fread-pinned,7,125,589824,84,6.53948
pageable-pinned,7,125,589824,48,11.4441
pinned-h2d,7,125,589824,30,18.3105
pageable-staging-h2d,7,125,589824,78,7.04252
fread-pinned,7,205,720896,122,5.50317
pageable-pinned,7,205,720896,75,8.95182
pinned-h2d,7,205,720896,35,19.1825
pageable-staging-h2d,7,205,720896,110,6.10352
fread-pinned,7,156,589824,83,6.61827
pageable-pinned,7,156,589824,55,9.98757
pinned-h2d,7,156,589824,30,18.3105
pageable-staging-h2d,7,156,589824,85,6.46255
fread-pinned,7,92,589824,83,6.61827
pageable-pinned,7,92,589824,54,10.1725
pinned-h2d,7,92,589824,31,17.7199
pageable-staging-h2d,7,92,589824,85,6.46255
fread-pinned,7,180,589824,75,7.32422
pageable-pinned,7,180,589824,51,10.7709
pinned-h2d,7,180,589824,31,17.7199
pageable-staging-h2d,7,180,589824,82,6.69898
fread-pinned,7,85,589824,77,7.13398
pageable-pinned,7,85,589824,54,10.1725
pinned-h2d,7,85,589824,30,18.3105
pageable-staging-h2d,7,85,589824,84,6.53948
fread-pinned,7,30,720896,109,6.15951
pageable-pinned,7,30,720896,76,8.83404
pinned-h2d,7,30,720896,34,19.7467
pageable-staging-h2d,7,30,720896,110,6.10352
fread-pinned,7,206,589824,76,7.22785
pageable-pinned,7,206,589824,54,10.1725
pinned-h2d,7,206,589824,30,18.3105
pageable-staging-h2d,7,206,589824,84,6.53948
fread-pinned,7,138,589824,78,7.04252
pageable-pinned,7,138,589824,57,9.63713
pinned-h2d,7,138,589824,30,18.3105
pageable-staging-h2d,7,138,589824,87,6.31398
fread-pinned,7,162,589824,78,7.04252
pageable-pinned,7,162,589824,59,9.31045
pinned-h2d,7,162,589824,29,18.9419
pageable-staging-h2d,7,162,589824,88,6.24223
fread-pinned,7,124,589824,76,7.22785
pageable-pinned,7,124,589824,57,9.63713
pinned-h2d,7,124,589824,30,18.3105
pageable-staging-h2d,7,124,589824,87,6.31398
fread-pinned,7,172,720896,98,6.85088
pageable-pinned,7,172,720896,49,13.7018
pinned-h2d,7,172,720896,36,18.6496
pageable-staging-h2d,7,172,720896,85,7.89867
fread-pinned,7,198,720896,76,8.83404
pageable-pinned,7,198,720896,42,15.9854
pinned-h2d,7,198,720896,36,18.6496
pageable-staging-h2d,7,198,720896,78,8.60752
fread-pinned,7,3,589824,68,8.07818
pageable-pinned,7,3,589824,37,14.8464
pinned-h2d,7,3,589824,30,18.3105
pageable-staging-h2d,7,3,589824,67,8.19875
fread-pinned,7,174,589824,84,6.53948
pageable-pinned,7,174,589824,40,13.7329
pinned-h2d,7,174,589824,31,17.7199
pageable-staging-h2d,7,174,589824,71,7.73685
fread-pinned,7,155,589824,70,7.84738
pageable-pinned,7,155,589824,35,15.6948
pinned-h2d,7,155,589824,30,18.3105
pageable-staging-h2d,7,155,589824,65,8.45102
fread-pinned,7,202,589824,86,6.3874
pageable-pinned,7,202,589824,37,14.8464
pinned-h2d,7,202,589824,30,18.3105
pageable-staging-h2d,7,202,589824,67,8.19875
fread-pinned,7,220,589824,67,8.19875
pageable-pinned,7,220,589824,40,13.7329
pinned-h2d,7,220,589824,30,18.3105
pageable-staging-h2d,7,220,589824,70,7.84738
fread-pinned,7,86,589824,68,8.07818
pageable-pinned,7,86,589824,38,14.4557
pinned-h2d,7,86,589824,30,18.3105
pageable-staging-h2d,7,86,589824,68,8.07818
fread-pinned,7,175,589824,79,6.95337
pageable-pinned,7,175,589824,36,15.2588
pinned-h2d,7,175,589824,31,17.7199
pageable-staging-h2d,7,175,589824,67,8.19875
fread-pinned,7,93,589824,68,8.07818
pageable-pinned,7,93,589824,42,13.079
pinned-h2d,7,93,589824,30,18.3105
pageable-staging-h2d,7,93,589824,72,7.62939
fread-pinned,7,23,589824,83,6.61827
pageable-pinned,7,23,589824,41,13.398
pinned-h2d,7,23,589824,31,17.7199
pageable-staging-h2d,7,23,589824,72,7.62939
fread-pinned,7,60,589824,88,6.24223
pageable-pinned,7,60,589824,41,13.398
pinned-h2d,7,60,589824,31,17.7199
pageable-staging-h2d,7,60,589824,72,7.62939
fread-pinned,7,117,589824,74,7.42319
pageable-pinned,7,117,589824,48,11.4441
pinned-h2d,7,117,589824,30,18.3105
pageable-staging-h2d,7,117,589824,78,7.04252
fread-pinned,7,2,589824,73,7.52488
pageable-pinned,7,2,589824,48,11.4441
pinned-h2d,7,2,589824,30,18.3105
pageable-staging-h2d,7,2,589824,78,7.04252
fread-pinned,7,53,589824,89,6.17209
pageable-pinned,7,53,589824,48,11.4441
pinned-h2d,7,53,589824,30,18.3105
pageable-staging-h2d,7,53,589824,78,7.04252
fread-pinned,7,254,589824,85,6.46255
pageable-pinned,7,254,589824,55,9.98757
pinned-h2d,7,254,589824,31,17.7199
pageable-staging-h2d,7,254,589824,86,6.3874
fread-pinned,7,99,589824,98,5.60527
pageable-pinned,7,99,589824,55,9.98757
pinned-h2d,7,99,589824,30,18.3105
pageable-staging-h2d,7,99,589824,85,6.46255
fread-pinned,7,184,589824,79,6.95337
pageable-pinned,7,184,589824,58,9.47097
pinned-h2d,7,184,589824,29,18.9419
pageable-staging-h2d,7,184,589824,87,6.31398
fread-pinned,7,255,860160,122,6.56628
pageable-pinned,7,255,860160,80,10.0136
pinned-h2d,7,255,860160,42,19.0735
pageable-staging-h2d,7,255,860160,122,6.56628
fread-pinned,7,191,720896,93,7.21921
pageable-pinned,7,191,720896,61,11.0063
pinned-h2d,7,191,720896,36,18.6496
pageable-staging-h2d,7,191,720896,97,6.92151
fread-pinned,7,123,589824,73,7.52488
pageable-pinned,7,123,589824,47,11.6876
pinned-h2d,7,123,589824,31,17.7199
pageable-staging-h2d,7,123,589824,78,7.04252
fread-pinned,7,147,720896,102,6.58222
pageable-pinned,7,147,720896,74,9.07279
pinned-h2d,7,147,720896,35,19.1825
pageable-staging-h2d,7,147,720896,109,6.15951
fread-pinned,7,176,589824,82,6.69898
pageable-pinned,7,176,589824,64,8.58307
pinned-h2d,7,176,589824,30,18.3105
pageable-staging-h2d,7,176,589824,94,5.84379
fread-pinned,7,36,589824,96,5.72205
pageable-pinned,7,36,589824,41,13.398
pinned-h2d,7,36,589824,31,17.7199
pageable-staging-h2d,7,36,589824,72,7.62939
fread-pinned,7,101,720896,95,7.06723
pageable-pinned,7,101,720896,45,14.9197
pinned-h2d,7,101,720896,36,18.6496
pageable-staging-h2d,7,101,720896,81,8.28872
fread-pinned,7,116,589824,78,7.04252
pageable-pinned,7,116,589824,40,13.7329
pinned-h2d,7,116,589824,30,18.3105
pageable-staging-h2d,7,116,589824,70,7.84738
fread-pinned,7,253,589824,77,7.13398
pageable-pinned,7,253,589824,37,14.8464
pinned-h2d,7,253,589824,38,14.4557
pageable-staging-h2d,7,253,589824,75,7.32422
fread-pinned,7,139,589824,74,7.42319
pageable-pinned,7,139,589824,38,14.4557
pinned-h2d,7,139,589824,30,18.3105
pageable-staging-h2d,7,139,589824,68,8.07818
fread-pinned,7,216,589824,63,8.71931
pageable-pinned,7,216,589824,38,14.4557
pinned-h2d,7,216,589824,31,17.7199
pageable-staging-h2d,7,216,589824,69,7.96111
fread-pinned,7,112,589824,63,8.71931
pageable-pinned,7,112,589824,36,15.2588
pinned-h2d,7,112,589824,30,18.3105
pageable-staging-h2d,7,112,589824,66,8.32298
fread-pinned,7,15,589824,77,7.13398
pageable-pinned,7,15,589824,40,13.7329
pinned-h2d,7,15,589824,31,17.7199
pageable-staging-h2d,7,15,589824,71,7.73685
fread-pinned,7,47,589824,78,7.04252
pageable-pinned,7,47,589824,38,14.4557
pinned-h2d,7,47,589824,30,18.3105
pageable-staging-h2d,7,47,589824,68,8.07818
fread-pinned,7,228,589824,76,7.22785
pageable-pinned,7,228,589824,40,13.7329
pinned-h2d,7,228,589824,31,17.7199
pageable-staging-h2d,7,228,589824,71,7.73685
fread-pinned,7,218,860160,102,7.85379
pageable-pinned,7,218,860160,67,11.9565
pinned-h2d,7,218,860160,42,19.0735
pageable-staging-h2d,7,218,860160,109,7.34942
fread-pinned,7,127,720896,76,8.83404
pageable-pinned,7,127,720896,42,15.9854
pinned-h2d,7,127,720896,37,18.1456
pageable-staging-h2d,7,127,720896,79,8.49857
fread-pinned,7,0,589824,72,7.62939
pageable-pinned,7,0,589824,40,13.7329
pinned-h2d,7,0,589824,31,17.7199
pageable-staging-h2d,7,0,589824,71,7.73685
fread-pinned,7,71,589824,100,5.49316
pageable-pinned,7,71,589824,57,9.63713
pinned-h2d,7,71,589824,30,18.3105
pageable-staging-h2d,7,71,589824,87,6.31398
fread-pinned,7,213,589824,83,6.61827
pageable-pinned,7,213,589824,57,9.63713
pinned-h2d,7,213,589824,30,18.3105
pageable-staging-h2d,7,213,589824,87,6.31398
fread-pinned,7,204,720896,104,6.45564
pageable-pinned,7,204,720896,84,7.9927
pinned-h2d,7,204,720896,35,19.1825
pageable-staging-h2d,7,204,720896,119,5.64191
fread-pinned,7,149,589824,80,6.86646
pageable-pinned,7,149,589824,68,8.07818
pinned-h2d,7,149,589824,30,18.3105
pageable-staging-h2d,7,149,589824,98,5.60527
fread-pinned,7,6,720896,106,6.33384
pageable-pinned,7,6,720896,74,9.07279
pinned-h2d,7,6,720896,35,19.1825
pageable-staging-h2d,7,6,720896,109,6.15951
fread-pinned,7,9,589824,77,7.13398
pageable-pinned,7,9,589824,43,12.7748
pinned-h2d,7,9,589824,31,17.7199
pageable-staging-h2d,7,9,589824,74,7.42319
fread-pinned,7,209,589824,75,7.32422
pageable-pinned,7,209,589824,55,9.98757
pinned-h2d,7,209,589824,31,17.7199
pageable-staging-h2d,7,209,589824,86,6.3874
fread-pinned,7,241,589824,78,7.04252
pageable-pinned,7,241,589824,54,10.1725
pinned-h2d,7,241,589824,30,18.3105
pageable-staging-h2d,7,241,589824,84,6.53948
fread-pinned,7,96,720896,95,7.06723
pageable-pinned,7,96,720896,73,9.19708
pinned-h2d,7,96,720896,35,19.1825
pageable-staging-h2d,7,96,720896,108,6.21654
fread-pinned,7,10,589824,73,7.52488
pageable-pinned,7,10,589824,46,11.9417
pinned-h2d,7,10,589824,31,17.7199
pageable-staging-h2d,7,10,589824,77,7.13398
fread-pinned,7,229,589824,75,7.32422
pageable-pinned,7,229,589824,37,14.8464
pinned-h2d,7,229,589824,30,18.3105
pageable-staging-h2d,7,229,589824,67,8.19875
fread-pinned,7,136,589824,89,6.17209
pageable-pinned,7,136,589824,41,13.398
pinned-h2d,7,136,589824,30,18.3105
pageable-staging-h2d,7,136,589824,71,7.73685
fread-pinned,7,115,720896,99,6.78168
pageable-pinned,7,115,720896,48,13.9872
pinned-h2d,7,115,720896,35,19.1825
pageable-staging-h2d,7,115,720896,83,8.089
fread-pinned,7,35,589824,75,7.32422
pageable-pinned,7,35,589824,35,15.6948
pinned-h2d,7,35,589824,30,18.3105
pageable-staging-h2d,7,35,589824,65,8.45102
fread-pinned,7,76,720896,113,5.94148
pageable-pinned,7,76,720896,51,13.1644
pinned-h2d,7,76,720896,36,18.6496
pageable-staging-h2d,7,76,720896,87,7.71709
fread-pinned,7,188,589824,80,6.86646
pageable-pinned,7,188,589824,42,13.079
pinned-h2d,7,188,589824,31,17.7199
pageable-staging-h2d,7,188,589824,73,7.52488
fread-pinned,7,194,589824,80,6.86646
pageable-pinned,7,194,589824,58,9.47097
pinned-h2d,7,194,589824,31,17.7199
pageable-staging-h2d,7,194,589824,89,6.17209
fread-pinned,7,141,720896,102,6.58222
pageable-pinned,7,141,720896,76,8.83404
pinned-h2d,7,141,720896,35,19.1825
pageable-staging-h2d,7,141,720896,111,6.04853
fread-pinned,7,58,589824,85,6.46255
pageable-pinned,7,58,589824,49,11.2105
pinned-h2d,7,58,589824,30,18.3105
pageable-staging-h2d,7,58,589824,79,6.95337
fread-pinned,7,120,720896,132,5.08626
pageable-pinned,7,120,720896,69,9.73024
pinned-h2d,7,120,720896,37,18.1456
pageable-staging-h2d,7,120,720896,106,6.33384
fread-pinned,7,224,720896,95,7.06723
pageable-pinned,7,224,720896,59,11.3794
pinned-h2d,7,224,720896,35,19.1825
pageable-staging-h2d,7,224,720896,94,7.14241
fread-pinned,7,44,720896,114,5.88936
pageable-pinned,7,44,720896,67,10.0207
pinned-h2d,7,44,720896,35,19.1825
pageable-staging-h2d,7,44,720896,102,6.58222
fread-pinned,7,150,589824,99,5.54865
pageable-pinned,7,150,589824,56,9.80922
pinned-h2d,7,150,589824,30,18.3105
pageable-staging-h2d,7,150,589824,86,6.3874
fread-pinned,7,244,860160,123,6.5129
pageable-pinned,7,244,860160,82,9.76935
pinned-h2d,7,244,860160,42,19.0735
pageable-staging-h2d,7,244,860160,124,6.46037
fread-pinned,7,62,589824,87,6.31398
pageable-pinned,7,62,589824,46,11.9417
pinned-h2d,7,62,589824,31,17.7199
pageable-staging-h2d,7,62,589824,77,7.13398
fread-pinned,7,193,589824,77,7.13398
pageable-pinned,7,193,589824,50,10.9863
pinned-h2d,7,193,589824,31,17.7199
pageable-staging-h2d,7,193,589824,81,6.78168
fread-pinned,7,161,589824,66,8.32298
pageable-pinned,7,161,589824,39,14.085
pinned-h2d,7,161,589824,30,18.3105
pageable-staging-h2d,7,161,589824,69,7.96111
fread-pinned,7,64,720896,98,6.85088
pageable-pinned,7,64,720896,53,12.6677
pinned-h2d,7,64,720896,36,18.6496
pageable-staging-h2d,7,64,720896,89,7.54367
fread-pinned,7,43,720896,100,6.71387
pageable-pinned,7,43,720896,46,14.5954
pinned-h2d,7,43,720896,36,18.6496
pageable-staging-h2d,7,43,720896,82,8.18764
fread-pinned,7,140,720896,103,6.51832
pageable-pinned,7,140,720896,51,13.1644
pinned-h2d,7,140,720896,36,18.6496
pageable-staging-h2d,7,140,720896,87,7.71709
fread-pinned,7,240,589824,72,7.62939
pageable-pinned,7,240,589824,44,12.4845
pinned-h2d,7,240,589824,33,16.646
pageable-staging-h2d,7,240,589824,77,7.13398
fread-pinned,7,170,589824,102,5.38545
pageable-pinned,7,170,589824,46,11.9417
pinned-h2d,7,170,589824,31,17.7199
pageable-staging-h2d,7,170,589824,77,7.13398
fread-pinned,7,102,720896,107,6.27464
pageable-pinned,7,102,720896,44,15.2588
pinned-h2d,7,102,720896,36,18.6496
pageable-staging-h2d,7,102,720896,80,8.39233
fread-pinned,7,143,589824,92,5.97083
pageable-pinned,7,143,589824,39,14.085
pinned-h2d,7,143,589824,31,17.7199
pageable-staging-h2d,7,143,589824,70,7.84738
fread-pinned,7,249,860160,102,7.85379
pageable-pinned,7,249,860160,58,13.8118
pinned-h2d,7,249,860160,41,19.5387
pageable-staging-h2d,7,249,860160,99,8.09178
fread-pinned,7,59,589824,85,6.46255
pageable-pinned,7,59,589824,42,13.079
pinned-h2d,7,59,589824,31,17.7199
pageable-staging-h2d,7,59,589824,73,7.52488
fread-pinned,7,48,589824,85,6.46255
pageable-pinned,7,48,589824,57,9.63713
pinned-h2d,7,48,589824,30,18.3105
pageable-staging-h2d,7,48,589824,87,6.31398
fread-pinned,7,84,589824,80,6.86646
pageable-pinned,7,84,589824,60,9.15527
pinned-h2d,7,84,589824,31,17.7199
pageable-staging-h2d,7,84,589824,91,6.03644
fread-pinned,7,187,589824,87,6.31398
pageable-pinned,7,187,589824,61,9.00519
pinned-h2d,7,187,589824,30,18.3105
pageable-staging-h2d,7,187,589824,91,6.03644
fread-pinned,7,114,720896,97,6.92151
pageable-pinned,7,114,720896,71,9.45615
pinned-h2d,7,114,720896,37,18.1456
pageable-staging-h2d,7,114,720896,108,6.21654
fread-pinned,7,252,589824,99,5.54865
pageable-pinned,7,252,589824,55,9.98757
pinned-h2d,7,252,589824,32,17.1661
pageable-staging-h2d,7,252,589824,87,6.31398
fread-pinned,7,118,589824,98,5.60527
pageable-pinned,7,118,589824,60,9.15527
pinned-h2d,7,118,589824,30,18.3105
pageable-staging-h2d,7,118,589824,90,6.10352
fread-pinned,7,78,589824,99,5.54865
pageable-pinned,7,78,589824,62,8.85994
pinned-h2d,7,78,589824,31,17.7199
pageable-staging-h2d,7,78,589824,93,5.90663
fread-pinned,7,242,589824,80,6.86646
pageable-pinned,7,242,589824,55,9.98757
pinned-h2d,7,242,589824,30,18.3105
pageable-staging-h2d,7,242,589824,85,6.46255
fread-pinned,7,153,720896,92,7.29768
pageable-pinned,7,153,720896,69,9.73024
pinned-h2d,7,153,720896,36,18.6496
pageable-staging-h2d,7,153,720896,105,6.39416
fread-pinned,7,108,720896,116,5.78782
pageable-pinned,7,108,720896,61,11.0063
pinned-h2d,7,108,720896,35,19.1825
pageable-staging-h2d,7,108,720896,96,6.99361
fread-pinned,7,169,589824,104,5.28189
pageable-pinned,7,169,589824,62,8.85994
pinned-h2d,7,169,589824,31,17.7199
pageable-staging-h2d,7,169,589824,93,5.90663
fread-pinned,7,226,589824,68,8.07818
pageable-pinned,7,226,589824,39,14.085
pinned-h2d,7,226,589824,30,18.3105
pageable-staging-h2d,7,226,589824,69,7.96111
fread-pinned,7,122,720896,84,7.9927
pageable-pinned,7,122,720896,53,12.6677
pinned-h2d,7,122,720896,36,18.6496
pageable-staging-h2d,7,122,720896,89,7.54367
fread-pinned,7,40,589824,75,7.32422
pageable-pinned,7,40,589824,34,16.1564
pinned-h2d,7,40,589824,31,17.7199
pageable-staging-h2d,7,40,589824,65,8.45102
fread-pinned,7,50,720896,118,5.68972
pageable-pinned,7,50,720896,50,13.4277
pinned-h2d,7,50,720896,37,18.1456
pageable-staging-h2d,7,50,720896,87,7.71709
fread-pinned,7,223,860160,105,7.62939
pageable-pinned,7,223,860160,61,13.1326
pinned-h2d,7,223,860160,42,19.0735
pageable-staging-h2d,7,223,860160,103,7.77754
fread-pinned,7,171,589824,95,5.78228
pageable-pinned,7,171,589824,54,10.1725
pinned-h2d,7,171,589824,31,17.7199
pageable-staging-h2d,7,171,589824,85,6.46255
fread-pinned,7,159,720896,95,7.06723
pageable-pinned,7,159,720896,69,9.73024
pinned-h2d,7,159,720896,36,18.6496
pageable-staging-h2d,7,159,720896,105,6.39416
fread-pinned,7,80,589824,84,6.53948
pageable-pinned,7,80,589824,45,12.207
pinned-h2d,7,80,589824,30,18.3105
pageable-staging-h2d,7,80,589824,75,7.32422
fread-pinned,7,111,589824,95,5.78228
pageable-pinned,7,111,589824,53,10.3645
pinned-h2d,7,111,589824,30,18.3105
pageable-staging-h2d,7,111,589824,83,6.61827
fread-pinned,7,32,720896,111,6.04853
pageable-pinned,7,32,720896,70,9.59124
pinned-h2d,7,32,720896,36,18.6496
pageable-staging-h2d,7,32,720896,106,6.33384
fread-pinned,7,203,589824,76,7.22785
pageable-pinned,7,203,589824,57,9.63713
pinned-h2d,7,203,589824,30,18.3105
pageable-staging-h2d,7,203,589824,87,6.31398
fread-pinned,7,225,589824,78,7.04252
pageable-pinned,7,225,589824,57,9.63713
pinned-h2d,7,225,589824,30,18.3105
pageable-staging-h2d,7,225,589824,87,6.31398
fread-pinned,7,235,589824,81,6.78168
pageable-pinned,7,235,589824,57,9.63713
pinned-h2d,7,235,589824,48,11.4441
pageable-staging-h2d,7,235,589824,105,5.23158
fread-pinned,7,152,589824,100,5.49316
pageable-pinned,7,152,589824,55,9.98757
pinned-h2d,7,152,589824,30,18.3105
pageable-staging-h2d,7,152,589824,85,6.46255
fread-pinned,7,39,589824,92,5.97083
pageable-pinned,7,39,589824,59,9.31045
pinned-h2d,7,39,589824,30,18.3105
pageable-staging-h2d,7,39,589824,89,6.17209
fread-pinned,7,133,720896,99,6.78168
pageable-pinned,7,133,720896,64,10.4904
pinned-h2d,7,133,720896,35,19.1825
pageable-staging-h2d,7,133,720896,99,6.78168
fread-pinned,7,105,589824,95,5.78228
pageable-pinned,7,105,589824,41,13.398
pinned-h2d,7,105,589824,31,17.7199
pageable-staging-h2d,7,105,589824,72,7.62939
fread-pinned,7,109,720896,121,5.54865
pageable-pinned,7,109,720896,47,14.2848
pinned-h2d,7,109,720896,36,18.6496
pageable-staging-h2d,7,109,720896,83,8.089
fread-pinned,7,179,720896,101,6.64739
pageable-pinned,7,179,720896,43,15.6136
pinned-h2d,7,179,720896,35,19.1825
pageable-staging-h2d,7,179,720896,78,8.60752
fread-pinned,7,189,589824,67,8.19875
pageable-pinned,7,189,589824,40,13.7329
pinned-h2d,7,189,589824,30,18.3105
pageable-staging-h2d,7,189,589824,70,7.84738
fread-pinned,7,77,720896,117,5.73835
pageable-pinned,7,77,720896,53,12.6677
pinned-h2d,7,77,720896,36,18.6496
pageable-staging-h2d,7,77,720896,89,7.54367
fread-pinned,7,20,589824,97,5.66306
pageable-pinned,7,20,589824,58,9.47097
pinned-h2d,7,20,589824,30,18.3105
pageable-staging-h2d,7,20,589824,88,6.24223
fread-pinned,7,27,589824,92,5.97083
pageable-pinned,7,27,589824,55,9.98757
pinned-h2d,7,27,589824,30,18.3105
pageable-staging-h2d,7,27,589824,85,6.46255
fread-pinned,7,210,720896,95,7.06723
pageable-pinned,7,210,720896,72,9.32482
pinned-h2d,7,210,720896,35,19.1825
pageable-staging-h2d,7,210,720896,107,6.27464
fread-pinned,7,251,589824,76,7.22785
pageable-pinned,7,251,589824,53,10.3645
pinned-h2d,7,251,589824,30,18.3105
pageable-staging-h2d,7,251,589824,83,6.61827
fread-pinned,7,87,589824,77,7.13398
pageable-pinned,7,87,589824,57,9.63713
pinned-h2d,7,87,589824,30,18.3105
pageable-staging-h2d,7,87,589824,87,6.31398
fread-pinned,7,135,589824,82,6.69898
pageable-pinned,7,135,589824,64,8.58307
pinned-h2d,7,135,589824,30,18.3105
pageable-staging-h2d,7,135,589824,94,5.84379
fread-pinned,7,21,589824,96,5.72205
pageable-pinned,7,21,589824,61,9.00519
pinned-h2d,7,21,589824,30,18.3105
pageable-staging-h2d,7,21,589824,91,6.03644
fread-pinned,7,208,589824,79,6.95337
pageable-pinned,7,208,589824,58,9.47097
pinned-h2d,7,208,589824,30,18.3105
pageable-staging-h2d,7,208,589824,88,6.24223
fread-pinned,7,28,589824,90,6.10352
pageable-pinned,7,28,589824,48,11.4441
pinned-h2d,7,28,589824,30,18.3105
pageable-staging-h2d,7,28,589824,78,7.04252
fread-pinned,7,144,589824,100,5.49316
pageable-pinned,7,144,589824,59,9.31045
pinned-h2d,7,144,589824,29,18.9419
pageable-staging-h2d,7,144,589824,88,6.24223
fread-pinned,7,178,720896,117,5.73835
pageable-pinned,7,178,720896,66,10.1725
pinned-h2d,7,178,720896,36,18.6496
pageable-staging-h2d,7,178,720896,102,6.58222
fread-pinned,7,106,589824,87,6.31398
pageable-pinned,7,106,589824,37,14.8464
pinned-h2d,7,106,589824,31,17.7199
pageable-staging-h2d,7,106,589824,68,8.07818
fread-pinned,7,190,589824,67,8.19875
pageable-pinned,7,190,589824,45,12.207
pinned-h2d,7,190,589824,31,17.7199
pageable-staging-h2d,7,190,589824,76,7.22785
fread-pinned,7,70,720896,99,6.78168
pageable-pinned,7,70,720896,48,13.9872
pinned-h2d,7,70,720896,35,19.1825
pageable-staging-h2d,7,70,720896,83,8.089
fread-pinned,7,145,589824,91,6.03644
pageable-pinned,7,145,589824,37,14.8464
pinned-h2d,7,145,589824,31,17.7199
pageable-staging-h2d,7,145,589824,68,8.07818
fread-pinned,7,134,720896,76,8.83404
pageable-pinned,7,134,720896,52,12.9113
pinned-h2d,7,134,720896,36,18.6496
pageable-staging-h2d,7,134,720896,88,7.62939
fread-pinned,7,239,589824,78,7.04252
pageable-pinned,7,239,589824,40,13.7329
pinned-h2d,7,239,589824,30,18.3105
pageable-staging-h2d,7,239,589824,70,7.84738
fread-pinned,7,110,589824,72,7.62939
pageable-pinned,7,110,589824,40,13.7329
pinned-h2d,7,110,589824,30,18.3105
pageable-staging-h2d,7,110,589824,70,7.84738
fread-pinned,7,230,720896,87,7.71709
pageable-pinned,7,230,720896,53,12.6677
pinned-h2d,7,230,720896,35,19.1825
pageable-staging-h2d,7,230,720896,88,7.62939
fread-pinned,7,25,720896,92,7.29768
pageable-pinned,7,25,720896,50,13.4277
pinned-h2d,7,25,720896,35,19.1825
pageable-staging-h2d,7,25,720896,85,7.89867
fread-pinned,7,165,720896,80,8.39233
pageable-pinned,7,165,720896,47,14.2848
pinned-h2d,7,165,720896,35,19.1825
pageable-staging-h2d,7,165,720896,82,8.18764
fread-pinned,7,13,589824,77,7.13398
pageable-pinned,7,13,589824,42,13.079
pinned-h2d,7,13,589824,31,17.7199
pageable-staging-h2d,7,13,589824,73,7.52488
fread-pinned,7,227,589824,73,7.52488
pageable-pinned,7,227,589824,56,9.80922
pinned-h2d,7,227,589824,30,18.3105
pageable-staging-h2d,7,227,589824,86,6.3874
fread-pinned,7,90,589824,81,6.78168
pageable-pinned,7,90,589824,57,9.63713
pinned-h2d,7,90,589824,29,18.9419
pageable-staging-h2d,7,90,589824,86,6.3874
fread-pinned,7,75,720896,116,5.78782
pageable-pinned,7,75,720896,76,8.83404
pinned-h2d,7,75,720896,35,19.1825
pageable-staging-h2d,7,75,720896,111,6.04853
fread-pinned,7,51,720896,124,5.41441
pageable-pinned,7,51,720896,76,8.83404
pinned-h2d,7,51,720896,35,19.1825
pageable-staging-h2d,7,51,720896,111,6.04853
fread-pinned,7,196,589824,75,7.32422
pageable-pinned,7,196,589824,58,9.47097
pinned-h2d,7,196,589824,30,18.3105
pageable-staging-h2d,7,196,589824,88,6.24223
fread-pinned,7,160,720896,98,6.85088
pageable-pinned,7,160,720896,70,9.59124
pinned-h2d,7,160,720896,36,18.6496
pageable-staging-h2d,7,160,720896,106,6.33384
fread-pinned,7,246,589824,74,7.42319
pageable-pinned,7,246,589824,52,10.5638
pinned-h2d,7,246,589824,30,18.3105
pageable-staging-h2d,7,246,589824,82,6.69898
fread-pinned,7,131,589824,70,7.84738
pageable-pinned,7,131,589824,48,11.4441
pinned-h2d,7,131,589824,30,18.3105
pageable-staging-h2d,7,131,589824,78,7.04252
fread-pinned,7,46,589824,100,5.49316
pageable-pinned,7,46,589824,66,8.32298
pinned-h2d,7,46,589824,30,18.3105
pageable-staging-h2d,7,46,589824,96,5.72205
fread-pinned,7,248,589824,78,7.04252
pageable-pinned,7,248,589824,56,9.80922
pinned-h2d,7,248,589824,30,18.3105
pageable-staging-h2d,7,248,589824,86,6.3874
fread-pinned,7,211,720896,91,7.37788
pageable-pinned,7,211,720896,72,9.32482
pinned-h2d,7,211,720896,35,19.1825
pageable-staging-h2d,7,211,720896,107,6.27464
fread-pinned,7,66,589824,87,6.31398
pageable-pinned,7,66,589824,39,14.085
pinned-h2d,7,66,589824,31,17.7199
pageable-staging-h2d,7,66,589824,70,7.84738
fread-pinned,7,200,589824,78,7.04252
pageable-pinned,7,200,589824,42,13.079
pinned-h2d,7,200,589824,31,17.7199
pageable-staging-h2d,7,200,589824,73,7.52488
fread-pinned,7,148,589824,69,7.96111
pageable-pinned,7,148,589824,43,12.7748
pinned-h2d,7,148,589824,30,18.3105
pageable-staging-h2d,7,148,589824,73,7.52488
fread-pinned,7,238,589824,78,7.04252
pageable-pinned,7,238,589824,40,13.7329
pinned-h2d,7,238,589824,31,17.7199
pageable-staging-h2d,7,238,589824,71,7.73685
fread-pinned,7,119,589824,86,6.3874
pageable-pinned,7,119,589824,33,16.646
pinned-h2d,7,119,589824,30,18.3105
pageable-staging-h2d,7,119,589824,63,8.71931
fread-pinned,7,34,589824,84,6.53948
pageable-pinned,7,34,589824,38,14.4557
pinned-h2d,7,34,589824,31,17.7199
pageable-staging-h2d,7,34,589824,69,7.96111
fread-pinned,7,163,589824,69,7.96111
pageable-pinned,7,163,589824,39,14.085
pinned-h2d,7,163,589824,30,18.3105
pageable-staging-h2d,7,163,589824,69,7.96111
fread-pinned,7,103,589824,78,7.04252
pageable-pinned,7,103,589824,42,13.079
pinned-h2d,7,103,589824,31,17.7199
pageable-staging-h2d,7,103,589824,73,7.52488
fread-pinned,7,69,720896,94,7.14241
pageable-pinned,7,69,720896,52,12.9113
pinned-h2d,7,69,720896,35,19.1825
pageable-staging-h2d,7,69,720896,87,7.71709
fread-pinned,7,29,589824,83,6.61827
pageable-pinned,7,29,589824,40,13.7329
pinned-h2d,7,29,589824,31,17.7199
pageable-staging-h2d,7,29,589824,71,7.73685
fread-pinned,7,57,720896,109,6.15951
pageable-pinned,7,57,720896,51,13.1644
pinned-h2d,7,57,720896,35,19.1825
pageable-staging-h2d,7,57,720896,86,7.80682
fread-pinned,7,91,589824,79,6.95337
pageable-pinned,7,91,589824,40,13.7329
pinned-h2d,7,91,589824,31,17.7199
pageable-staging-h2d,7,91,589824,71,7.73685
fread-pinned,7,68,589824,91,6.03644
pageable-pinned,7,68,589824,39,14.085
pinned-h2d,7,68,589824,31,17.7199
pageable-staging-h2d,7,68,589824,70,7.84738
fread-pinned,7,142,589824,66,8.32298
pageable-pinned,7,142,589824,40,13.7329
pinned-h2d,7,142,589824,29,18.9419
pageable-staging-h2d,7,142,589824,69,7.96111
fread-pinned,7,89,720896,85,7.89867
pageable-pinned,7,89,720896,48,13.9872
pinned-h2d,7,89,720896,36,18.6496
pageable-staging-h2d,7,89,720896,84,7.9927
fread-pinned,7,82,720896,98,6.85088
pageable-pinned,7,82,720896,48,13.9872
pinned-h2d,7,82,720896,36,18.6496
pageable-staging-h2d,7,82,720896,84,7.9927
fread-pinned,7,45,589824,86,6.3874
pageable-pinned,7,45,589824,39,14.085
pinned-h2d,7,45,589824,31,17.7199
pageable-staging-h2d,7,45,589824,70,7.84738
fread-pinned,7,158,589824,63,8.71931
pageable-pinned,7,158,589824,35,15.6948
pinned-h2d,7,158,589824,31,17.7199
pageable-staging-h2d,7,158,589824,66,8.32298
fread-pinned,7,65,589824,80,6.86646
pageable-pinned,7,65,589824,38,14.4557
pinned-h2d,7,65,589824,31,17.7199
pageable-staging-h2d,7,65,589824,69,7.96111
fread-pinned,7,221,589824,82,6.69898
pageable-pinned,7,221,589824,40,13.7329
pinned-h2d,7,221,589824,31,17.7199
pageable-staging-h2d,7,221,589824,71,7.73685
fread-pinned,7,107,589824,94,5.84379
pageable-pinned,7,107,589824,38,14.4557
pinned-h2d,7,107,589824,31,17.7199
pageable-staging-h2d,7,107,589824,69,7.96111
fread-pinned,7,164,589824,66,8.32298
pageable-pinned,7,164,589824,41,13.398
pinned-h2d,7,164,589824,31,17.7199
pageable-staging-h2d,7,164,589824,72,7.62939
fread-pinned,7,83,720896,94,7.14241
pageable-pinned,7,83,720896,46,14.5954
pinned-h2d,7,83,720896,36,18.6496
pageable-staging-h2d,7,83,720896,82,8.18764
fread-pinned,7,157,589824,65,8.45102
pageable-pinned,7,157,589824,38,14.4557
pinned-h2d,7,157,589824,31,17.7199
pageable-staging-h2d,7,157,589824,69,7.96111
fread-pinned,7,214,589824,72,7.62939
pageable-pinned,7,214,589824,41,13.398
pinned-h2d,7,214,589824,32,17.1661
pageable-staging-h2d,7,214,589824,73,7.52488
fread-pinned,8,144,589824,84,6.53948
pageable-pinned,8,144,589824,41,13.398
pinned-h2d,8,144,589824,31,17.7199
pageable-staging-h2d,8,144,589824,72,7.62939
fread-pinned,8,120,720896,108,6.21654
pageable-pinned,8,120,720896,46,14.5954
pinned-h2d,8,120,720896,37,18.1456
pageable-staging-h2d,8,120,720896,83,8.089
fread-pinned,8,33,589824,77,7.13398
pageable-pinned,8,33,589824,38,14.4557
pinned-h2d,8,33,589824,30,18.3105
pageable-staging-h2d,8,33,589824,68,8.07818
fread-pinned,8,56,720896,88,7.62939
pageable-pinned,8,56,720896,45,14.9197
pinned-h2d,8,56,720896,36,18.6496
pageable-staging-h2d,8,56,720896,81,8.28872
fread-pinned,8,68,589824,81,6.78168
pageable-pinned,8,68,589824,39,14.085
pinned-h2d,8,68,589824,31,17.7199
pageable-staging-h2d,8,68,589824,70,7.84738
fread-pinned,8,187,589824,88,6.24223
pageable-pinned,8,187,589824,60,9.15527
pinned-h2d,8,187,589824,31,17.7199
pageable-staging-h2d,8,187,589824,91,6.03644
fread-pinned,8,177,589824,76,7.22785
pageable-pinned,8,177,589824,52,10.5638
pinned-h2d,8,177,589824,31,17.7199
pageable-staging-h2d,8,177,589824,83,6.61827
fread-pinned,8,75,720896,114,5.88936
pageable-pinned,8,75,720896,74,9.07279
pinned-h2d,8,75,720896,35,19.1825
pageable-staging-h2d,8,75,720896,109,6.15951
fread-pinned,8,104,589824,77,7.13398
pageable-pinned,8,104,589824,49,11.2105
pinned-h2d,8,104,589824,30,18.3105
pageable-staging-h2d,8,104,589824,79,6.95337
fread-pinned,8,204,720896,97,6.92151
pageable-pinned,8,204,720896,72,9.32482
pinned-h2d,8,204,720896,35,19.1825
pageable-staging-h2d,8,204,720896,107,6.27464
fread-pinned,8,163,589824,78,7.04252
pageable-pinned,8,163,589824,55,9.98757
pinned-h2d,8,163,589824,30,18.3105
pageable-staging-h2d,8,163,589824,85,6.46255
fread-pinned,8,53,589824,86,6.3874
pageable-pinned,8,53,589824,45,12.207
pinned-h2d,8,53,589824,30,18.3105
pageable-staging-h2d,8,53,589824,75,7.32422
fread-pinned,8,54,589824,76,7.22785
pageable-pinned,8,54,589824,42,13.079
pinned-h2d,8,54,589824,30,18.3105
pageable-staging-h2d,8,54,589824,72,7.62939
fread-pinned,8,77,720896,125,5.37109
pageable-pinned,8,77,720896,77,8.71931
pinned-h2d,8,77,720896,35,19.1825
pageable-staging-h2d,8,77,720896,112,5.99452
fread-pinned,8,92,589824,81,6.78168
pageable-pinned,8,92,589824,55,9.98757
pinned-h2d,8,92,589824,31,17.7199
pageable-staging-h2d,8,92,589824,86,6.3874
fread-pinned,8,194,589824,81,6.78168
pageable-pinned,8,194,589824,62,8.85994
pinned-h2d,8,194,589824,30,18.3105
pageable-staging-h2d,8,194,589824,92,5.97083
fread-pinned,8,46,589824,86,6.3874
pageable-pinned,8,46,589824,42,13.079
pinned-h2d,8,46,589824,30,18.3105
pageable-staging-h2d,8,46,589824,72,7.62939
fread-pinned,8,201,589824,68,8.07818
pageable-pinned,8,201,589824,35,15.6948
pinned-h2d,8,201,589824,30,18.3105
pageable-staging-h2d,8,201,589824,65,8.45102
fread-pinned,8,195,589824,93,5.90663
pageable-pinned,8,195,589824,38,14.4557
pinned-h2d,8,195,589824,30,18.3105
pageable-staging-h2d,8,195,589824,68,8.07818
fread-pinned,8,146,720896,79,8.49857
pageable-pinned,8,146,720896,51,13.1644
pinned-h2d,8,146,720896,36,18.6496
pageable-staging-h2d,8,146,720896,87,7.71709
fread-pinned,8,57,720896,103,6.51832
pageable-pinned,8,57,720896,54,12.4331
pinned-h2d,8,57,720896,35,19.1825
pageable-staging-h2d,8,57,720896,89,7.54367
fread-pinned,8,51,720896,114,5.88936
pageable-pinned,8,51,720896,53,12.6677
pinned-h2d,8,51,720896,36,18.6496
pageable-staging-h2d,8,51,720896,89,7.54367
fread-pinned,8,224,720896,84,7.9927
pageable-pinned,8,224,720896,42,15.9854
pinned-h2d,8,224,720896,36,18.6496
pageable-staging-h2d,8,224,720896,78,8.60752
fread-pinned,8,0,589824,65,8.45102
pageable-pinned,8,0,589824,30,18.3105
pinned-h2d,8,0,589824,31,17.7199
pageable-staging-h2d,8,0,589824,61,9.00519
fread-pinned,8,81,589824,67,8.19875
pageable-pinned,8,81,589824,35,15.6948
pinned-h2d,8,81,589824,31,17.7199
pageable-staging-h2d,8,81,589824,66,8.32298
fread-pinned,8,96,720896,78,8.60752
pageable-pinned,8,96,720896,47,14.2848
pinned-h2d,8,96,720896,36,18.6496
pageable-staging-h2d,8,96,720896,83,8.089
fread-pinned,8,153,720896,79,8.49857
pageable-pinned,8,153,720896,46,14.5954
pinned-h2d,8,153,720896,37,18.1456
pageable-staging-h2d,8,153,720896,83,8.089
fread-pinned,8,6,720896,90,7.45985
pageable-pinned,8,6,720896,66,10.1725
pinned-h2d,8,6,720896,36,18.6496
pageable-staging-h2d,8,6,720896,102,6.58222
fread-pinned,8,151,589824,72,7.62939
pageable-pinned,8,151,589824,50,10.9863
pinned-h2d,8,151,589824,32,17.1661
pageable-staging-h2d,8,151,589824,82,6.69898
fread-pinned,8,188,589824,85,6.46255
pageable-pinned,8,188,589824,60,9.15527
pinned-h2d,8,188,589824,30,18.3105
pageable-staging-h2d,8,188,589824,90,6.10352
fread-pinned,8,182,589824,74,7.42319
pageable-pinned,8,182,589824,52,10.5638
pinned-h2d,8,182,589824,30,18.3105
pageable-staging-h2d,8,182,589824,82,6.69898
fread-pinned,8,98,589824,84,6.53948
pageable-pinned,8,98,589824,45,12.207
pinned-h2d,8,98,589824,30,18.3105
pageable-staging-h2d,8,98,589824,75,7.32422
fread-pinned,8,248,589824,77,7.13398
pageable-pinned,8,248,589824,52,10.5638
pinned-h2d,8,248,589824,30,18.3105
pageable-staging-h2d,8,248,589824,82,6.69898
fread-pinned,8,43,720896,110,6.10352
pageable-pinned,8,43,720896,66,10.1725
pinned-h2d,8,43,720896,36,18.6496
pageable-staging-h2d,8,43,720896,102,6.58222
fread-pinned,8,11,720896,81,8.28872
pageable-pinned,8,11,720896,50,13.4277
pinned-h2d,8,11,720896,35,19.1825
pageable-staging-h2d,8,11,720896,85,7.89867
fread-pinned,8,205,720896,119,5.64191
pageable-pinned,8,205,720896,71,9.45615
pinned-h2d,8,205,720896,36,18.6496
pageable-staging-h2d,8,205,720896,107,6.27464
fread-pinned,8,157,589824,75,7.32422
pageable-pinned,8,157,589824,49,11.2105
pinned-h2d,8,157,589824,31,17.7199
pageable-staging-h2d,8,157,589824,80,6.86646
fread-pinned,8,35,589824,82,6.69898
pageable-pinned,8,35,589824,48,11.4441
pinned-h2d,8,35,589824,30,18.3105
pageable-staging-h2d,8,35,589824,78,7.04252
fread-pinned,8,150,589824,100,5.49316
pageable-pinned,8,150,589824,39,14.085
pinned-h2d,8,150,589824,31,17.7199
pageable-staging-h2d,8,150,589824,70,7.84738
fread-pinned,8,193,589824,71,7.73685
pageable-pinned,8,193,589824,37,14.8464
pinned-h2d,8,193,589824,30,18.3105
pageable-staging-h2d,8,193,589824,67,8.19875
fread-pinned,8,240,589824,69,7.96111
pageable-pinned,8,240,589824,41,13.398
pinned-h2d,8,240,589824,31,17.7199
pageable-staging-h2d,8,240,589824,72,7.62939
fread-pinned,8,220,589824,65,8.45102
pageable-pinned,8,220,589824,39,14.085
pinned-h2d,8,220,589824,29,18.9419
pageable-staging-h2d,8,220,589824,68,8.07818
fread-pinned,8,210,720896,89,7.54367
pageable-pinned,8,210,720896,54,12.4331
pinned-h2d,8,210,720896,36,18.6496
pageable-staging-h2d,8,210,720896,90,7.45985
fread-pinned,8,208,589824,69,7.96111
pageable-pinned,8,208,589824,43,12.7748
pinned-h2d,8,208,589824,30,18.3105
pageable-staging-h2d,8,208,589824,73,7.52488
fread-pinned,8,122,720896,88,7.62939
pageable-pinned,8,122,720896,58,11.5756
pinned-h2d,8,122,720896,36,18.6496
pageable-staging-h2d,8,122,720896,94,7.14241
fread-pinned,8,143,589824,91,6.03644
pageable-pinned,8,143,589824,42,13.079
pinned-h2d,8,143,589824,31,17.7199
pageable-staging-h2d,8,143,589824,73,7.52488
fread-pinned,8,61,589824,87,6.31398
pageable-pinned,8,61,589824,42,13.079
pinned-h2d,8,61,589824,30,18.3105
pageable-staging-h2d,8,61,589824,72,7.62939
fread-pinned,8,15,589824,78,7.04252
pageable-pinned,8,15,589824,39,14.085
pinned-h2d,8,15,589824,30,18.3105
pageable-staging-h2d,8,15,589824,69,7.96111
fread-pinned,8,85,589824,67,8.19875
pageable-pinned,8,85,589824,37,14.8464
pinned-h2d,8,85,589824,30,18.3105
pageable-staging-h2d,8,85,589824,67,8.19875
fread-pinned,8,225,589824,65,8.45102
pageable-pinned,8,225,589824,40,13.7329
pinned-h2d,8,225,589824,30,18.3105
pageable-staging-h2d,8,225,589824,70,7.84738
fread-pinned,8,183,589824,64,8.58307
pageable-pinned,8,183,589824,36,15.2588
pinned-h2d,8,183,589824,30,18.3105
pageable-staging-h2d,8,183,589824,66,8.32298
fread-pinned,8,167,720896,81,8.28872
pageable-pinned,8,167,720896,48,13.9872
pinned-h2d,8,167,720896,36,18.6496
pageable-staging-h2d,8,167,720896,84,7.9927
fread-pinned,8,147,720896,96,6.99361
pageable-pinned,8,147,720896,53,12.6677
pinned-h2d,8,147,720896,35,19.1825
pageable-staging-h2d,8,147,720896,88,7.62939
fread-pinned,8,209,589824,63,8.71931
pageable-pinned,8,209,589824,39,14.085
pinned-h2d,8,209,589824,31,17.7199
pageable-staging-h2d,8,209,589824,70,7.84738
fread-pinned,8,253,589824,75,7.32422
pageable-pinned,8,253,589824,37,14.8464
pinned-h2d,8,253,589824,30,18.3105
pageable-staging-h2d,8,253,589824,67,8.19875
fread-pinned,8,7,589824,65,8.45102
pageable-pinned,8,7,589824,30,18.3105
pinned-h2d,8,7,589824,30,18.3105
pageable-staging-h2d,8,7,589824,60,9.15527
fread-pinned,8,127,720896,77,8.71931
pageable-pinned,8,127,720896,43,15.6136
pinned-h2d,8,127,720896,37,18.1456
pageable-staging-h2d,8,127,720896,80,8.39233
fread-pinned,8,214,589824,71,7.73685
pageable-pinned,8,214,589824,32,17.1661
pinned-h2d,8,214,589824,30,18.3105
pageable-staging-h2d,8,214,589824,62,8.85994
fread-pinned,8,48,589824,81,6.78168
pageable-pinned,8,48,589824,42,13.079
pinned-h2d,8,48,589824,31,17.7199
pageable-staging-h2d,8,48,589824,73,7.52488
fread-pinned,8,179,720896,98,6.85088
pageable-pinned,8,179,720896,43,15.6136
pinned-h2d,8,179,720896,35,19.1825
pageable-staging-h2d,8,179,720896,78,8.60752
fread-pinned,8,128,720896,91,7.37788
pageable-pinned,8,128,720896,48,13.9872
pinned-h2d,8,128,720896,36,18.6496
pageable-staging-h2d,8,128,720896,84,7.9927
fread-pinned,8,246,589824,64,8.58307
pageable-pinned,8,246,589824,36,15.2588
pinned-h2d,8,246,589824,30,18.3105
pageable-staging-h2d,8,246,589824,66,8.32298
fread-pinned,8,137,589824,58,9.47097
pageable-pinned,8,137,589824,35,15.6948
pinned-h2d,8,137,589824,30,18.3105
pageable-staging-h2d,8,137,589824,65,8.45102
fread-pinned,8,63,720896,89,7.54367
pageable-pinned,8,63,720896,46,14.5954
pinned-h2d,8,63,720896,36,18.6496
pageable-staging-h2d,8,63,720896,82,8.18764
fread-pinned,8,252,589824,86,6.3874
pageable-pinned,8,252,589824,40,13.7329
pinned-h2d,8,252,589824,31,17.7199
pageable-staging-h2d,8,252,589824,71,7.73685
fread-pinned,8,50,720896,115,5.83815
pageable-pinned,8,50,720896,50,13.4277
pinned-h2d,8,50,720896,37,18.1456
pageable-staging-h2d,8,50,720896,87,7.71709
fread-pinned,8,21,589824,86,6.3874
pageable-pinned,8,21,589824,43,12.7748
pinned-h2d,8,21,589824,30,18.3105
pageable-staging-h2d,8,21,589824,73,7.52488
fread-pinned,8,88,720896,87,7.71709
pageable-pinned,8,88,720896,54,12.4331
pinned-h2d,8,88,720896,35,19.1825
pageable-staging-h2d,8,88,720896,89,7.54367
fread-pinned,8,71,589824,88,6.24223
pageable-pinned,8,71,589824,38,14.4557
pinned-h2d,8,71,589824,30,18.3105
pageable-staging-h2d,8,71,589824,68,8.07818
fread-pinned,8,89,720896,96,6.99361
pageable-pinned,8,89,720896,69,9.73024
pinned-h2d,8,89,720896,36,18.6496
pageable-staging-h2d,8,89,720896,105,6.39416
fread-pinned,8,186,720896,96,6.99361
pageable-pinned,8,186,720896,73,9.19708
pinned-h2d,8,186,720896,35,19.1825
pageable-staging-h2d,8,186,720896,108,6.21654
fread-pinned,8,189,589824,79,6.95337
pageable-pinned,8,189,589824,57,9.63713
pinned-h2d,8,189,589824,30,18.3105
pageable-staging-h2d,8,189,589824,87,6.31398
fread-pinned,8,213,589824,81,6.78168
pageable-pinned,8,213,589824,54,10.1725
pinned-h2d,8,213,589824,30,18.3105
pageable-staging-h2d,8,213,589824,84,6.53948
fread-pinned,8,16,589824,95,5.78228
pageable-pinned,8,16,589824,57,9.63713
pinned-h2d,8,16,589824,30,18.3105
pageable-staging-h2d,8,16,589824,87,6.31398
fread-pinned,8,175,589824,90,6.10352
pageable-pinned,8,175,589824,52,10.5638
pinned-h2d,8,175,589824,30,18.3105
pageable-staging-h2d,8,175,589824,82,6.69898
fread-pinned,8,199,720896,93,7.21921
pageable-pinned,8,199,720896,62,10.8288
pinned-h2d,8,199,720896,35,19.1825
pageable-staging-h2d,8,199,720896,97,6.92151
fread-pinned,8,14,589824,80,6.86646
pageable-pinned,8,14,589824,52,10.5638
pinned-h2d,8,14,589824,30,18.3105
pageable-staging-h2d,8,14,589824,82,6.69898
fread-pinned,8,29,589824,92,5.97083
pageable-pinned,8,29,589824,58,9.47097
pinned-h2d,8,29,589824,30,18.3105
pageable-staging-h2d,8,29,589824,88,6.24223
fread-pinned,8,83,720896,104,6.45564
pageable-pinned,8,83,720896,65,10.329
pinned-h2d,8,83,720896,36,18.6496
pageable-staging-h2d,8,83,720896,101,6.64739
fread-pinned,8,237,720896,93,7.21921
pageable-pinned,8,237,720896,47,14.2848
pinned-h2d,8,237,720896,34,19.7467
pageable-staging-h2d,8,237,720896,81,8.28872
fread-pinned,8,160,720896,88,7.62939
pageable-pinned,8,160,720896,48,13.9872
pinned-h2d,8,160,720896,36,18.6496
pageable-staging-h2d,8,160,720896,84,7.9927
fread-pinned,8,93,589824,70,7.84738
pageable-pinned,8,93,589824,43,12.7748
pinned-h2d,8,93,589824,31,17.7199
pageable-staging-h2d,8,93,589824,74,7.42319
fread-pinned,8,4,589824,65,8.45102
pageable-pinned,8,4,589824,33,16.646
pinned-h2d,8,4,589824,30,18.3105
pageable-staging-h2d,8,4,589824,63,8.71931
fread-pinned,8,59,589824,83,6.61827
pageable-pinned,8,59,589824,41,13.398
pinned-h2d,8,59,589824,31,17.7199
pageable-staging-h2d,8,59,589824,72,7.62939
fread-pinned,8,20,589824,83,6.61827
pageable-pinned,8,20,589824,41,13.398
pinned-h2d,8,20,589824,30,18.3105
pageable-staging-h2d,8,20,589824,71,7.73685
fread-pinned,8,24,720896,99,6.78168
pageable-pinned,8,24,720896,45,14.9197
pinned-h2d,8,24,720896,35,19.1825
pageable-staging-h2d,8,24,720896,80,8.39233
fread-pinned,8,27,589824,81,6.78168
pageable-pinned,8,27,589824,43,12.7748
pinned-h2d,8,27,589824,31,17.7199
pageable-staging-h2d,8,27,589824,74,7.42319
fread-pinned,8,236,720896,84,7.9927
pageable-pinned,8,236,720896,48,13.9872
pinned-h2d,8,236,720896,36,18.6496
pageable-staging-h2d,8,236,720896,84,7.9927
fread-pinned,8,235,589824,68,8.07818
pageable-pinned,8,235,589824,38,14.4557
pinned-h2d,8,235,589824,30,18.3105
pageable-staging-h2d,8,235,589824,68,8.07818
fread-pinned,8,90,589824,72,7.62939
pageable-pinned,8,90,589824,45,12.207
pinned-h2d,8,90,589824,30,18.3105
pageable-staging-h2d,8,90,589824,75,7.32422
fread-pinned,8,131,589824,61,9.00519
pageable-pinned,8,131,589824,33,16.646
pinned-h2d,8,131,589824,30,18.3105
pageable-staging-h2d,8,131,589824,63,8.71931
fread-pinned,8,244,860160,107,7.48679
pageable-pinned,8,244,860160,85,9.42455
pinned-h2d,8,244,860160,42,19.0735
pageable-staging-h2d,8,244,860160,127,6.30777
fread-pinned,8,134,720896,93,7.21921
pageable-pinned,8,134,720896,75,8.95182
pinned-h2d,8,134,720896,36,18.6496
pageable-staging-h2d,8,134,720896,111,6.04853
fread-pinned,8,39,589824,91,6.03644
pageable-pinned,8,39,589824,57,9.63713
pinned-h2d,8,39,589824,31,17.7199
pageable-staging-h2d,8,39,589824,88,6.24223
fread-pinned,8,121,720896,125,5.37109
pageable-pinned,8,121,720896,74,9.07279
pinned-h2d,8,121,720896,36,18.6496
pageable-staging-h2d,8,121,720896,110,6.10352
fread-pinned,8,168,589824,107,5.1338
pageable-pinned,8,168,589824,56,9.80922
pinned-h2d,8,168,589824,30,18.3105
pageable-staging-h2d,8,168,589824,86,6.3874
fread-pinned,8,173,720896,122,5.50317
pageable-pinned,8,173,720896,65,10.329
pinned-h2d,8,173,720896,36,18.6496
pageable-staging-h2d,8,173,720896,101,6.64739
fread-pinned,8,8,589824,77,7.13398
pageable-pinned,8,8,589824,51,10.7709
pinned-h2d,8,8,589824,31,17.7199
pageable-staging-h2d,8,8,589824,82,6.69898
fread-pinned,8,80,589824,84,6.53948
pageable-pinned,8,80,589824,45,12.207
pinned-h2d,8,80,589824,30,18.3105
pageable-staging-h2d,8,80,589824,75,7.32422
fread-pinned,8,223,860160,122,6.56628
pageable-pinned,8,223,860160,98,8.17435
pinned-h2d,8,223,860160,42,19.0735
pageable-staging-h2d,8,223,860160,140,5.72205
fread-pinned,8,49,589824,99,5.54865
pageable-pinned,8,49,589824,57,9.63713
pinned-h2d,8,49,589824,32,17.1661
pageable-staging-h2d,8,49,589824,89,6.17209
fread-pinned,8,103,589824,77,7.13398
pageable-pinned,8,103,589824,39,14.085
pinned-h2d,8,103,589824,31,17.7199
pageable-staging-h2d,8,103,589824,70,7.84738
fread-pinned,8,69,720896,94,7.14241
pageable-pinned,8,69,720896,51,13.1644
pinned-h2d,8,69,720896,36,18.6496
pageable-staging-h2d,8,69,720896,87,7.71709
fread-pinned,8,13,589824,75,7.32422
pageable-pinned,8,13,589824,41,13.398
pinned-h2d,8,13,589824,31,17.7199
pageable-staging-h2d,8,13,589824,72,7.62939
fread-pinned,8,140,720896,103,6.51832
pageable-pinned,8,140,720896,46,14.5954
pinned-h2d,8,140,720896,36,18.6496
pageable-staging-h2d,8,140,720896,82,8.18764
fread-pinned,8,44,720896,101,6.64739
pageable-pinned,8,44,720896,44,15.2588
pinned-h2d,8,44,720896,35,19.1825
pageable-staging-h2d,8,44,720896,79,8.49857
fread-pinned,8,221,589824,81,6.78168
pageable-pinned,8,221,589824,56,9.80922
pinned-h2d,8,221,589824,30,18.3105
pageable-staging-h2d,8,221,589824,86,6.3874
fread-pinned,8,245,589824,90,6.10352
pageable-pinned,8,245,589824,55,9.98757
pinned-h2d,8,245,589824,30,18.3105
pageable-staging-h2d,8,245,589824,85,6.46255
fread-pinned,8,94,589824,76,7.22785
pageable-pinned,8,94,589824,52,10.5638
pinned-h2d,8,94,589824,29,18.9419
pageable-staging-h2d,8,94,589824,81,6.78168
fread-pinned,8,22,589824,88,6.24223
pageable-pinned,8,22,589824,49,11.2105
pinned-h2d,8,22,589824,30,18.3105
pageable-staging-h2d,8,22,589824,79,6.95337
fread-pinned,8,149,589824,83,6.61827
pageable-pinned,8,149,589824,58,9.47097
pinned-h2d,8,149,589824,30,18.3105
pageable-staging-h2d,8,149,589824,88,6.24223
fread-pinned,8,249,860160,124,6.46037
pageable-pinned,8,249,860160,88,9.10325
pinned-h2d,8,249,860160,40,20.0272
pageable-staging-h2d,8,249,860160,128,6.25849
fread-pinned,8,45,589824,99,5.54865
pageable-pinned,8,45,589824,58,9.47097
pinned-h2d,8,45,589824,30,18.3105
pageable-staging-h2d,8,45,589824,88,6.24223
fread-pinned,8,124,589824,75,7.32422
pageable-pinned,8,124,589824,53,10.3645
pinned-h2d,8,124,589824,31,17.7199
pageable-staging-h2d,8,124,589824,84,6.53948
fread-pinned,8,200,589824,87,6.31398
pageable-pinned,8,200,589824,63,8.71931
pinned-h2d,8,200,589824,31,17.7199
pageable-staging-h2d,8,200,589824,94,5.84379
fread-pinned,8,113,589824,80,6.86646
pageable-pinned,8,113,589824,60,9.15527
pinned-h2d,8,113,589824,31,17.7199
pageable-staging-h2d,8,113,589824,91,6.03644
fread-pinned,8,72,589824,93,5.90663
pageable-pinned,8,72,589824,53,10.3645
pinned-h2d,8,72,589824,29,18.9419
pageable-staging-h2d,8,72,589824,82,6.69898
fread-pinned,8,18,720896,96,6.99361
pageable-pinned,8,18,720896,45,14.9197
pinned-h2d,8,18,720896,36,18.6496
pageable-staging-h2d,8,18,720896,81,8.28872
fread-pinned,8,217,860160,111,7.21699
pageable-pinned,8,217,860160,61,13.1326
pinned-h2d,8,217,860160,42,19.0735
pageable-staging-h2d,8,217,860160,103,7.77754
fread-pinned,8,1,589824,70,7.84738
pageable-pinned,8,1,589824,37,14.8464
pinned-h2d,8,1,589824,30,18.3105
pageable-staging-h2d,8,1,589824,67,8.19875
fread-pinned,8,79,589824,77,7.13398
pageable-pinned,8,79,589824,33,16.646
pinned-h2d,8,79,589824,31,17.7199
pageable-staging-h2d,8,79,589824,64,8.58307
fread-pinned,8,91,589824,78,7.04252
pageable-pinned,8,91,589824,41,13.398
pinned-h2d,8,91,589824,31,17.7199
pageable-staging-h2d,8,91,589824,72,7.62939
fread-pinned,8,206,589824,68,8.07818
pageable-pinned,8,206,589824,38,14.4557
pinned-h2d,8,206,589824,30,18.3105
pageable-staging-h2d,8,206,589824,68,8.07818
fread-pinned,8,102,720896,121,5.54865
pageable-pinned,8,102,720896,64,10.4904
pinned-h2d,8,102,720896,36,18.6496
pageable-staging-h2d,8,102,720896,100,6.71387
fread-pinned,8,36,589824,98,5.60527
pageable-pinned,8,36,589824,61,9.00519
pinned-h2d,8,36,589824,30,18.3105
pageable-staging-h2d,8,36,589824,91,6.03644
fread-pinned,8,126,589824,101,5.43878
pageable-pinned,8,126,589824,60,9.15527
pinned-h2d,8,126,589824,30,18.3105
pageable-staging-h2d,8,126,589824,90,6.10352
fread-pinned,8,231,720896,98,6.85088
pageable-pinned,8,231,720896,74,9.07279
pinned-h2d,8,231,720896,35,19.1825
pageable-staging-h2d,8,231,720896,109,6.15951
fread-pinned,8,74,589824,86,6.3874
pageable-pinned,8,74,589824,51,10.7709
pinned-h2d,8,74,589824,31,17.7199
pageable-staging-h2d,8,74,589824,82,6.69898
fread-pinned,8,241,589824,79,6.95337
pageable-pinned,8,241,589824,54,10.1725
pinned-h2d,8,241,589824,30,18.3105
pageable-staging-h2d,8,241,589824,84,6.53948
fread-pinned,8,139,589824,81,6.78168
pageable-pinned,8,139,589824,55,9.98757
pinned-h2d,8,139,589824,30,18.3105
pageable-staging-h2d,8,139,589824,85,6.46255
fread-pinned,8,64,720896,114,5.88936
pageable-pinned,8,64,720896,77,8.71931
pinned-h2d,8,64,720896,43,15.6136
pageable-staging-h2d,8,64,720896,120,5.59489
fread-pinned,8,67,589824,95,5.78228
pageable-pinned,8,67,589824,56,9.80922
pinned-h2d,8,67,589824,31,17.7199
pageable-staging-h2d,8,67,589824,87,6.31398
fread-pinned,8,97,589824,98,5.60527
pageable-pinned,8,97,589824,51,10.7709
pinned-h2d,8,97,589824,30,18.3105
pageable-staging-h2d,8,97,589824,81,6.78168
fread-pinned,8,226,589824,78,7.04252
pageable-pinned,8,226,589824,40,13.7329
pinned-h2d,8,226,589824,31,17.7199
pageable-staging-h2d,8,226,589824,71,7.73685
fread-pinned,8,17,589824,77,7.13398
pageable-pinned,8,17,589824,41,13.398
pinned-h2d,8,17,589824,30,18.3105
pageable-staging-h2d,8,17,589824,71,7.73685
fread-pinned,8,41,589824,84,6.53948
pageable-pinned,8,41,589824,40,13.7329
pinned-h2d,8,41,589824,31,17.7199
pageable-staging-h2d,8,41,589824,71,7.73685
fread-pinned,8,5,720896,81,8.28872
pageable-pinned,8,5,720896,47,14.2848
pinned-h2d,8,5,720896,37,18.1456
pageable-staging-h2d,8,5,720896,84,7.9927
fread-pinned,8,23,589824,84,6.53948
pageable-pinned,8,23,589824,41,13.398
pinned-h2d,8,23,589824,31,17.7199
pageable-staging-h2d,8,23,589824,72,7.62939
fread-pinned,8,9,589824,64,8.58307
pageable-pinned,8,9,589824,32,17.1661
pinned-h2d,8,9,589824,30,18.3105
pageable-staging-h2d,8,9,589824,62,8.85994
fread-pinned,8,42,589824,83,6.61827
pageable-pinned,8,42,589824,39,14.085
pinned-h2d,8,42,589824,30,18.3105
pageable-staging-h2d,8,42,589824,69,7.96111
fread-pinned,8,95,720896,105,6.39416
pageable-pinned,8,95,720896,50,13.4277
pinned-h2d,8,95,720896,35,19.1825
pageable-staging-h2d,8,95,720896,85,7.89867
fread-pinned,8,234,589824,93,5.90663
pageable-pinned,8,234,589824,37,14.8464
pinned-h2d,8,234,589824,31,17.7199
pageable-staging-h2d,8,234,589824,68,8.07818
fread-pinned,8,141,720896,87,7.71709
pageable-pinned,8,141,720896,53,12.6677
pinned-h2d,8,141,720896,35,19.1825
pageable-staging-h2d,8,141,720896,88,7.62939
fread-pinned,8,117,589824,72,7.62939
pageable-pinned,8,117,589824,38,14.4557
pinned-h2d,8,117,589824,31,17.7199
pageable-staging-h2d,8,117,589824,69,7.96111
fread-pinned,8,198,720896,82,8.18764
pageable-pinned,8,198,720896,43,15.6136
pinned-h2d,8,198,720896,36,18.6496
pageable-staging-h2d,8,198,720896,79,8.49857
fread-pinned,8,169,589824,103,5.33317
pageable-pinned,8,169,589824,58,9.47097
pinned-h2d,8,169,589824,32,17.1661
pageable-staging-h2d,8,169,589824,90,6.10352
fread-pinned,8,30,720896,127,5.28651
pageable-pinned,8,30,720896,84,7.9927
pinned-h2d,8,30,720896,36,18.6496
pageable-staging-h2d,8,30,720896,120,5.59489
fread-pinned,8,101,720896,107,6.27464
pageable-pinned,8,101,720896,60,11.1898
pinned-h2d,8,101,720896,36,18.6496
pageable-staging-h2d,8,101,720896,96,6.99361
fread-pinned,8,148,589824,80,6.86646
pageable-pinned,8,148,589824,60,9.15527
pinned-h2d,8,148,589824,30,18.3105
pageable-staging-h2d,8,148,589824,90,6.10352
fread-pinned,8,202,589824,98,5.60527
pageable-pinned,8,202,589824,54,10.1725
pinned-h2d,8,202,589824,30,18.3105
pageable-staging-h2d,8,202,589824,84,6.53948
fread-pinned,8,185,720896,99,6.78168
pageable-pinned,8,185,720896,69,9.73024
pinned-h2d,8,185,720896,36,18.6496
pageable-staging-h2d,8,185,720896,105,6.39416
fread-pinned,8,135,589824,81,6.78168
pageable-pinned,8,135,589824,59,9.31045
pinned-h2d,8,135,589824,30,18.3105
pageable-staging-h2d,8,135,589824,89,6.17209
fread-pinned,8,112,589824,80,6.86646
pageable-pinned,8,112,589824,51,10.7709
pinned-h2d,8,112,589824,30,18.3105
pageable-staging-h2d,8,112,589824,81,6.78168
fread-pinned,8,52,589824,94,5.84379
pageable-pinned,8,52,589824,55,9.98757
pinned-h2d,8,52,589824,30,18.3105
pageable-staging-h2d,8,52,589824,85,6.46255
fread-pinned,8,55,589824,100,5.49316
pageable-pinned,8,55,589824,62,8.85994
pinned-h2d,8,55,589824,32,17.1661
pageable-staging-h2d,8,55,589824,94,5.84379
fread-pinned,8,219,589824,82,6.69898
pageable-pinned,8,219,589824,41,13.398
pinned-h2d,8,219,589824,31,17.7199
pageable-staging-h2d,8,219,589824,72,7.62939
fread-pinned,8,250,860160,121,6.62055
pageable-pinned,8,250,860160,64,12.517
pinned-h2d,8,250,860160,41,19.5387
pageable-staging-h2d,8,250,860160,105,7.62939
fread-pinned,8,161,589824,66,8.32298
pageable-pinned,8,161,589824,39,14.085
pinned-h2d,8,161,589824,30,18.3105
pageable-staging-h2d,8,161,589824,69,7.96111
fread-pinned,8,176,589824,74,7.42319
pageable-pinned,8,176,589824,40,13.7329
pinned-h2d,8,176,589824,31,17.7199
pageable-staging-h2d,8,176,589824,71,7.73685
fread-pinned,8,123,589824,64,8.58307
pageable-pinned,8,123,589824,35,15.6948
pinned-h2d,8,123,589824,30,18.3105
pageable-staging-h2d,8,123,589824,65,8.45102
fread-pinned,8,34,589824,82,6.69898
pageable-pinned,8,34,589824,39,14.085
pinned-h2d,8,34,589824,31,17.7199
pageable-staging-h2d,8,34,589824,70,7.84738
fread-pinned,8,38,720896,100,6.71387
pageable-pinned,8,38,720896,45,14.9197
pinned-h2d,8,38,720896,36,18.6496
pageable-staging-h2d,8,38,720896,81,8.28872
fread-pinned,8,26,589824,73,7.52488
pageable-pinned,8,26,589824,32,17.1661
pinned-h2d,8,26,589824,30,18.3105
pageable-staging-h2d,8,26,589824,62,8.85994
fread-pinned,8,222,589824,75,7.32422
pageable-pinned,8,222,589824,42,13.079
pinned-h2d,8,222,589824,30,18.3105
pageable-staging-h2d,8,222,589824,72,7.62939
fread-pinned,8,114,720896,84,7.9927
pageable-pinned,8,114,720896,49,13.7018
pinned-h2d,8,114,720896,36,18.6496
pageable-staging-h2d,8,114,720896,85,7.89867
fread-pinned,8,47,589824,79,6.95337
pageable-pinned,8,47,589824,38,14.4557
pinned-h2d,8,47,589824,31,17.7199
pageable-staging-h2d,8,47,589824,69,7.96111
fread-pinned,8,181,589824,67,8.19875
pageable-pinned,8,181,589824,39,14.085
pinned-h2d,8,181,589824,30,18.3105
pageable-staging-h2d,8,181,589824,69,7.96111
fread-pinned,8,58,589824,77,7.13398
pageable-pinned,8,58,589824,40,13.7329
pinned-h2d,8,58,589824,31,17.7199
pageable-staging-h2d,8,58,589824,71,7.73685
fread-pinned,8,2,589824,75,7.32422
pageable-pinned,8,2,589824,51,10.7709
pinned-h2d,8,2,589824,30,18.3105
pageable-staging-h2d,8,2,589824,81,6.78168
fread-pinned,8,171,589824,94,5.84379
pageable-pinned,8,171,589824,57,9.63713
pinned-h2d,8,171,589824,30,18.3105
pageable-staging-h2d,8,171,589824,87,6.31398
fread-pinned,8,184,589824,79,6.95337
pageable-pinned,8,184,589824,58,9.47097
pinned-h2d,8,184,589824,30,18.3105
pageable-staging-h2d,8,184,589824,88,6.24223
fread-pinned,8,192,720896,117,5.73835
pageable-pinned,8,192,720896,71,9.45615
pinned-h2d,8,192,720896,35,19.1825
pageable-staging-h2d,8,192,720896,106,6.33384
fread-pinned,8,242,589824,81,6.78168
pageable-pinned,8,242,589824,55,9.98757
pinned-h2d,8,242,589824,29,18.9419
pageable-staging-h2d,8,242,589824,84,6.53948
fread-pinned,8,170,589824,107,5.1338
pageable-pinned,8,170,589824,69,7.96111
pinned-h2d,8,170,589824,30,18.3105
pageable-staging-h2d,8,170,589824,99,5.54865
fread-pinned,8,12,720896,96,6.99361
pageable-pinned,8,12,720896,71,9.45615
pinned-h2d,8,12,720896,35,19.1825
pageable-staging-h2d,8,12,720896,106,6.33384
fread-pinned,8,190,589824,80,6.86646
pageable-pinned,8,190,589824,59,9.31045
pinned-h2d,8,190,589824,29,18.9419
pageable-staging-h2d,8,190,589824,88,6.24223
fread-pinned,8,32,720896,112,5.99452
pageable-pinned,8,32,720896,71,9.45615
pinned-h2d,8,32,720896,36,18.6496
pageable-staging-h2d,8,32,720896,107,6.27464
fread-pinned,8,152,589824,99,5.54865
pageable-pinned,8,152,589824,52,10.5638
pinned-h2d,8,152,589824,31,17.7199
pageable-staging-h2d,8,152,589824,83,6.61827
fread-pinned,8,211,720896,82,8.18764
pageable-pinned,8,211,720896,49,13.7018
pinned-h2d,8,211,720896,35,19.1825
pageable-staging-h2d,8,211,720896,84,7.9927
fread-pinned,8,239,589824,75,7.32422
pageable-pinned,8,239,589824,38,14.4557
pinned-h2d,8,239,589824,30,18.3105
pageable-staging-h2d,8,239,589824,68,8.07818
fread-pinned,8,76,720896,112,5.99452
pageable-pinned,8,76,720896,51,13.1644
pinned-h2d,8,76,720896,35,19.1825
pageable-staging-h2d,8,76,720896,86,7.80682
fread-pinned,8,70,720896,97,6.92151
pageable-pinned,8,70,720896,49,13.7018
pinned-h2d,8,70,720896,35,19.1825
pageable-staging-h2d,8,70,720896,84,7.9927
fread-pinned,8,230,720896,83,8.089
pageable-pinned,8,230,720896,50,13.4277
pinned-h2d,8,230,720896,35,19.1825
pageable-staging-h2d,8,230,720896,85,7.89867
fread-pinned,8,218,860160,103,7.77754
pageable-pinned,8,218,860160,83,9.65164
pinned-h2d,8,218,860160,42,19.0735
pageable-staging-h2d,8,218,860160,125,6.40869
fread-pinned,8,165,720896,95,7.06723
pageable-pinned,8,165,720896,67,10.0207
pinned-h2d,8,165,720896,35,19.1825
pageable-staging-h2d,8,165,720896,102,6.58222
fread-pinned,8,155,589824,79,6.95337
pageable-pinned,8,155,589824,50,10.9863
pinned-h2d,8,155,589824,30,18.3105
pageable-staging-h2d,8,155,589824,80,6.86646
fread-pinned,8,82,720896,111,6.04853
pageable-pinned,8,82,720896,69,9.73024
pinned-h2d,8,82,720896,36,18.6496
pageable-staging-h2d,8,82,720896,105,6.39416
fread-pinned,8,247,589824,85,6.46255
pageable-pinned,8,247,589824,61,9.00519
pinned-h2d,8,247,589824,32,17.1661
pageable-staging-h2d,8,247,589824,93,5.90663
fread-pinned,8,86,589824,80,6.86646
pageable-pinned,8,86,589824,59,9.31045
pinned-h2d,8,86,589824,30,18.3105
pageable-staging-h2d,8,86,589824,89,6.17209
fread-pinned,8,154,720896,130,5.16451
pageable-pinned,8,154,720896,77,8.71931
pinned-h2d,8,154,720896,36,18.6496
pageable-staging-h2d,8,154,720896,113,5.94148
fread-pinned,8,119,589824,97,5.66306
pageable-pinned,8,119,589824,51,10.7709
pinned-h2d,8,119,589824,30,18.3105
pageable-staging-h2d,8,119,589824,81,6.78168
fread-pinned,8,238,589824,88,6.24223
pageable-pinned,8,238,589824,56,9.80922
pinned-h2d,8,238,589824,30,18.3105
pageable-staging-h2d,8,238,589824,86,6.3874
fread-pinned,8,196,589824,76,7.22785
pageable-pinned,8,196,589824,58,9.47097
pinned-h2d,8,196,589824,30,18.3105
pageable-staging-h2d,8,196,589824,88,6.24223
fread-pinned,8,118,589824,99,5.54865
pageable-pinned,8,118,589824,50,10.9863
pinned-h2d,8,118,589824,30,18.3105
pageable-staging-h2d,8,118,589824,80,6.86646
fread-pinned,8,178,720896,110,6.10352
pageable-pinned,8,178,720896,49,13.7018
pinned-h2d,8,178,720896,36,18.6496
pageable-staging-h2d,8,178,720896,85,7.89867
fread-pinned,8,191,720896,77,8.71931
pageable-pinned,8,191,720896,45,14.9197
pinned-h2d,8,191,720896,36,18.6496
pageable-staging-h2d,8,191,720896,81,8.28872
fread-pinned,8,159,720896,89,7.54367
pageable-pinned,8,159,720896,48,13.9872
pinned-h2d,8,159,720896,36,18.6496
pageable-staging-h2d,8,159,720896,84,7.9927
fread-pinned,8,3,589824,66,8.32298
pageable-pinned,8,3,589824,35,15.6948
pinned-h2d,8,3,589824,30,18.3105
pageable-staging-h2d,8,3,589824,65,8.45102
fread-pinned,8,203,589824,67,8.19875
pageable-pinned,8,203,589824,39,14.085
pinned-h2d,8,203,589824,30,18.3105
pageable-staging-h2d,8,203,589824,69,7.96111
fread-pinned,8,87,589824,64,8.58307
pageable-pinned,8,87,589824,39,14.085
pinned-h2d,8,87,589824,33,16.646
pageable-staging-h2d,8,87,589824,72,7.62939
fread-pinned,8,100,589824,97,5.66306
pageable-pinned,8,100,589824,45,12.207
pinned-h2d,8,100,589824,31,17.7199
pageable-staging-h2d,8,100,589824,76,7.22785
fread-pinned,8,19,720896,89,7.54367
pageable-pinned,8,19,720896,47,14.2848
pinned-h2d,8,19,720896,36,18.6496
pageable-staging-h2d,8,19,720896,83,8.089
fread-pinned,8,172,720896,93,7.21921
pageable-pinned,8,172,720896,49,13.7018
pinned-h2d,8,172,720896,36,18.6496
pageable-staging-h2d,8,172,720896,85,7.89867
fread-pinned,8,164,589824,69,7.96111
pageable-pinned,8,164,589824,41,13.398
pinned-h2d,8,164,589824,30,18.3105
pageable-staging-h2d,8,164,589824,71,7.73685
fread-pinned,8,107,589824,94,5.84379
pageable-pinned,8,107,589824,37,14.8464
pinned-h2d,8,107,589824,31,17.7199
pageable-staging-h2d,8,107,589824,68,8.07818
fread-pinned,8,229,589824,78,7.04252
pageable-pinned,8,229,589824,49,11.2105
pinned-h2d,8,229,589824,31,17.7199
pageable-staging-h2d,8,229,589824,80,6.86646
fread-pinned,8,109,720896,127,5.28651
pageable-pinned,8,109,720896,72,9.32482
pinned-h2d,8,109,720896,35,19.1825
pageable-staging-h2d,8,109,720896,107,6.27464
fread-pinned,8,65,589824,91,6.03644
pageable-pinned,8,65,589824,54,10.1725
pinned-h2d,8,65,589824,30,18.3105
pageable-staging-h2d,8,65,589824,84,6.53948
fread-pinned,8,251,589824,75,7.32422
pageable-pinned,8,251,589824,52,10.5638
pinned-h2d,8,251,589824,30,18.3105
pageable-staging-h2d,8,251,589824,82,6.69898
fread-pinned,8,111,589824,95,5.78228
pageable-pinned,8,111,589824,58,9.47097
pinned-h2d,8,111,589824,30,18.3105
pageable-staging-h2d,8,111,589824,88,6.24223
fread-pinned,8,158,589824,73,7.52488
pageable-pinned,8,158,589824,50,10.9863
pinned-h2d,8,158,589824,31,17.7199
pageable-staging-h2d,8,158,589824,81,6.78168
fread-pinned,8,232,589824,80,6.86646
pageable-pinned,8,232,589824,58,9.47097
pinned-h2d,8,232,589824,31,17.7199
pageable-staging-h2d,8,232,589824,89,6.17209
fread-pinned,8,60,589824,95,5.78228
pageable-pinned,8,60,589824,57,9.63713
pinned-h2d,8,60,589824,31,17.7199
pageable-staging-h2d,8,60,589824,88,6.24223
fread-pinned,8,73,589824,97,5.66306
pageable-pinned,8,73,589824,64,8.58307
pinned-h2d,8,73,589824,31,17.7199
pageable-staging-h2d,8,73,589824,95,5.78228
fread-pinned,8,142,589824,82,6.69898
pageable-pinned,8,142,589824,60,9.15527
pinned-h2d,8,142,589824,30,18.3105
pageable-staging-h2d,8,142,589824,90,6.10352
fread-pinned,8,254,589824,85,6.46255
pageable-pinned,8,254,589824,57,9.63713
pinned-h2d,8,254,589824,31,17.7199
pageable-staging-h2d,8,254,589824,88,6.24223
fread-pinned,8,99,589824,100,5.49316
pageable-pinned,8,99,589824,43,12.7748
pinned-h2d,8,99,589824,30,18.3105
pageable-staging-h2d,8,99,589824,73,7.52488
fread-pinned,8,62,589824,73,7.52488
pageable-pinned,8,62,589824,37,14.8464
pinned-h2d,8,62,589824,31,17.7199
pageable-staging-h2d,8,62,589824,68,8.07818
fread-pinned,8,108,720896,109,6.15951
pageable-pinned,8,108,720896,49,13.7018
pinned-h2d,8,108,720896,35,19.1825
pageable-staging-h2d,8,108,720896,84,7.9927
fread-pinned,8,31,720896,103,6.51832
pageable-pinned,8,31,720896,54,12.4331
pinned-h2d,8,31,720896,36,18.6496
pageable-staging-h2d,8,31,720896,90,7.45985
fread-pinned,8,37,720896,99,6.78168
pageable-pinned,8,37,720896,56,11.989
pinned-h2d,8,37,720896,35,19.1825
pageable-staging-h2d,8,37,720896,91,7.37788
fread-pinned,8,115,720896,99,6.78168
pageable-pinned,8,115,720896,55,12.207
pinned-h2d,8,115,720896,35,19.1825
pageable-staging-h2d,8,115,720896,90,7.45985
fread-pinned,8,25,720896,101,6.64739
pageable-pinned,8,25,720896,75,8.95182
pinned-h2d,8,25,720896,35,19.1825
pageable-staging-h2d,8,25,720896,110,6.10352
fread-pinned,8,66,589824,98,5.60527
pageable-pinned,8,66,589824,59,9.31045
pinned-h2d,8,66,589824,30,18.3105
pageable-staging-h2d,8,66,589824,89,6.17209
fread-pinned,8,207,589824,85,6.46255
pageable-pinned,8,207,589824,58,9.47097
pinned-h2d,8,207,589824,30,18.3105
pageable-staging-h2d,8,207,589824,88,6.24223
fread-pinned,8,130,589824,80,6.86646
pageable-pinned,8,130,589824,61,9.00519
pinned-h2d,8,130,589824,30,18.3105
pageable-staging-h2d,8,130,589824,91,6.03644
fread-pinned,8,255,860160,121,6.62055
pageable-pinned,8,255,860160,83,9.65164
pinned-h2d,8,255,860160,40,20.0272
pageable-staging-h2d,8,255,860160,123,6.5129
fread-pinned,8,212,720896,110,6.10352
pageable-pinned,8,212,720896,83,8.089
pinned-h2d,8,212,720896,35,19.1825
pageable-staging-h2d,8,212,720896,118,5.68972
fread-pinned,8,133,720896,95,7.06723
pageable-pinned,8,133,720896,67,10.0207
pinned-h2d,8,133,720896,36,18.6496
pageable-staging-h2d,8,133,720896,103,6.51832
fread-pinned,8,129,589824,84,6.53948
pageable-pinned,8,129,589824,60,9.15527
pinned-h2d,8,129,589824,30,18.3105
pageable-staging-h2d,8,129,589824,90,6.10352
fread-pinned,8,105,589824,103,5.33317
pageable-pinned,8,105,589824,58,9.47097
pinned-h2d,8,105,589824,30,18.3105
pageable-staging-h2d,8,105,589824,88,6.24223
fread-pinned,8,10,589824,73,7.52488
pageable-pinned,8,10,589824,41,13.398
pinned-h2d,8,10,589824,30,18.3105
pageable-staging-h2d,8,10,589824,71,7.73685
fread-pinned,8,156,589824,76,7.22785
pageable-pinned,8,156,589824,39,14.085
pinned-h2d,8,156,589824,30,18.3105
pageable-staging-h2d,8,156,589824,69,7.96111
fread-pinned,8,116,589824,78,7.04252
pageable-pinned,8,116,589824,40,13.7329
pinned-h2d,8,116,589824,31,17.7199
pageable-staging-h2d,8,116,589824,71,7.73685
fread-pinned,8,215,589824,69,7.96111
pageable-pinned,8,215,589824,41,13.398
pinned-h2d,8,215,589824,31,17.7199
pageable-staging-h2d,8,215,589824,72,7.62939
fread-pinned,8,197,589824,69,7.96111
pageable-pinned,8,197,589824,45,12.207
pinned-h2d,8,197,589824,30,18.3105
pageable-staging-h2d,8,197,589824,75,7.32422
fread-pinned,8,243,860160,107,7.48679
pageable-pinned,8,243,860160,65,12.3244
pinned-h2d,8,243,860160,42,19.0735
pageable-staging-h2d,8,243,860160,107,7.48679
fread-pinned,8,132,589824,67,8.19875
pageable-pinned,8,132,589824,40,13.7329
pinned-h2d,8,132,589824,32,17.1661
pageable-staging-h2d,8,132,589824,72,7.62939
fread-pinned,8,180,589824,67,8.19875
pageable-pinned,8,180,589824,39,14.085
pinned-h2d,8,180,589824,31,17.7199
pageable-staging-h2d,8,180,589824,70,7.84738
fread-pinned,8,84,589824,71,7.73685
pageable-pinned,8,84,589824,43,12.7748
pinned-h2d,8,84,589824,31,17.7199
pageable-staging-h2d,8,84,589824,74,7.42319
fread-pinned,8,216,589824,66,8.32298
pageable-pinned,8,216,589824,39,14.085
pinned-h2d,8,216,589824,31,17.7199
pageable-staging-h2d,8,216,589824,70,7.84738
fread-pinned,8,136,589824,89,6.17209
pageable-pinned,8,136,589824,39,14.085
pinned-h2d,8,136,589824,31,17.7199
pageable-staging-h2d,8,136,589824,70,7.84738
fread-pinned,8,145,589824,91,6.03644
pageable-pinned,8,145,589824,36,15.2588
pinned-h2d,8,145,589824,31,17.7199
pageable-staging-h2d,8,145,589824,67,8.19875
fread-pinned,8,28,589824,81,6.78168
pageable-pinned,8,28,589824,36,15.2588
pinned-h2d,8,28,589824,31,17.7199
pageable-staging-h2d,8,28,589824,67,8.19875
fread-pinned,8,228,589824,79,6.95337
pageable-pinned,8,228,589824,38,14.4557
pinned-h2d,8,228,589824,34,16.1564
pageable-staging-h2d,8,228,589824,72,7.62939
fread-pinned,8,138,589824,72,7.62939
pageable-pinned,8,138,589824,40,13.7329
pinned-h2d,8,138,589824,30,18.3105
pageable-staging-h2d,8,138,589824,70,7.84738
fread-pinned,8,110,589824,70,7.84738
pageable-pinned,8,110,589824,37,14.8464
pinned-h2d,8,110,589824,30,18.3105
pageable-staging-h2d,8,110,589824,67,8.19875
fread-pinned,8,125,589824,79,6.95337
pageable-pinned,8,125,589824,36,15.2588
pinned-h2d,8,125,589824,30,18.3105
pageable-staging-h2d,8,125,589824,66,8.32298
fread-pinned,8,233,589824,77,7.13398
pageable-pinned,8,233,589824,41,13.398
pinned-h2d,8,233,589824,31,17.7199
pageable-staging-h2d,8,233,589824,72,7.62939
fread-pinned,8,106,589824,90,6.10352
pageable-pinned,8,106,589824,41,13.398
pinned-h2d,8,106,589824,31,17.7199
pageable-staging-h2d,8,106,589824,72,7.62939
fread-pinned,8,227,589824,72,7.62939
pageable-pinned,8,227,589824,48,11.4441
pinned-h2d,8,227,589824,30,18.3105
pageable-staging-h2d,8,227,589824,78,7.04252
fread-pinned,8,174,589824,86,6.3874
pageable-pinned,8,174,589824,42,13.079
pinned-h2d,8,174,589824,31,17.7199
pageable-staging-h2d,8,174,589824,73,7.52488
fread-pinned,8,162,589824,66,8.32298
pageable-pinned,8,162,589824,41,13.398
pinned-h2d,8,162,589824,31,17.7199
pageable-staging-h2d,8,162,589824,72,7.62939
fread-pinned,8,166,720896,80,8.39233
pageable-pinned,8,166,720896,48,13.9872
pinned-h2d,8,166,720896,36,18.6496
pageable-staging-h2d,8,166,720896,84,7.9927
fread-pinned,8,78,589824,89,6.17209
pageable-pinned,8,78,589824,40,13.7329
pinned-h2d,8,78,589824,31,17.7199
pageable-staging-h2d,8,78,589824,71,7.73685
fread-pinned,8,40,589824,77,7.13398
pageable-pinned,8,40,589824,35,15.6948
pinned-h2d,8,40,589824,33,16.646
pageable-staging-h2d,8,40,589824,68,8.07818
fread-pinned,9,219,589824,77,7.13398
pageable-pinned,9,219,589824,41,13.398
pinned-h2d,9,219,589824,31,17.7199
pageable-staging-h2d,9,219,589824,72,7.62939
fread-pinned,9,111,589824,80,6.86646
pageable-pinned,9,111,589824,38,14.4557
pinned-h2d,9,111,589824,31,17.7199
pageable-staging-h2d,9,111,589824,69,7.96111
fread-pinned,9,33,589824,77,7.13398
pageable-pinned,9,33,589824,41,13.398
pinned-h2d,9,33,589824,30,18.3105
pageable-staging-h2d,9,33,589824,71,7.73685
fread-pinned,9,1,589824,67,8.19875
pageable-pinned,9,1,589824,37,14.8464
pinned-h2d,9,1,589824,31,17.7199
pageable-staging-h2d,9,1,589824,68,8.07818
fread-pinned,9,215,589824,67,8.19875
pageable-pinned,9,215,589824,41,13.398
pinned-h2d,9,215,589824,31,17.7199
pageable-staging-h2d,9,215,589824,72,7.62939
fread-pinned,9,124,589824,57,9.63713
pageable-pinned,9,124,589824,33,16.646
pinned-h2d,9,124,589824,31,17.7199
pageable-staging-h2d,9,124,589824,64,8.58307
fread-pinned,9,63,720896,89,7.54367
pageable-pinned,9,63,720896,44,15.2588
pinned-h2d,9,63,720896,36,18.6496
pageable-staging-h2d,9,63,720896,80,8.39233
fread-pinned,9,233,589824,74,7.42319
pageable-pinned,9,233,589824,40,13.7329
pinned-h2d,9,233,589824,30,18.3105
pageable-staging-h2d,9,233,589824,70,7.84738
fread-pinned,9,75,720896,95,7.06723
pageable-pinned,9,75,720896,56,11.989
pinned-h2d,9,75,720896,35,19.1825
pageable-staging-h2d,9,75,720896,91,7.37788
fread-pinned,9,82,720896,95,7.06723
pageable-pinned,9,82,720896,52,12.9113
pinned-h2d,9,82,720896,37,18.1456
pageable-staging-h2d,9,82,720896,89,7.54367
fread-pinned,9,160,720896,82,8.18764
pageable-pinned,9,160,720896,52,12.9113
pinned-h2d,9,160,720896,36,18.6496
pageable-staging-h2d,9,160,720896,88,7.62939
fread-pinned,9,31,720896,98,6.85088
pageable-pinned,9,31,720896,55,12.207
pinned-h2d,9,31,720896,36,18.6496
pageable-staging-h2d,9,31,720896,91,7.37788
fread-pinned,9,202,589824,86,6.3874
pageable-pinned,9,202,589824,60,9.15527
pinned-h2d,9,202,589824,31,17.7199
pageable-staging-h2d,9,202,589824,91,6.03644
fread-pinned,9,154,720896,130,5.16451
pageable-pinned,9,154,720896,85,7.89867
pinned-h2d,9,154,720896,35,19.1825
pageable-staging-h2d,9,154,720896,120,5.59489
fread-pinned,9,217,860160,129,6.20997
pageable-pinned,9,217,860160,87,9.20789
pinned-h2d,9,217,860160,42,19.0735
pageable-staging-h2d,9,217,860160,129,6.20997
fread-pinned,9,18,720896,101,6.64739
pageable-pinned,9,18,720896,66,10.1725
pinned-h2d,9,18,720896,36,18.6496
pageable-staging-h2d,9,18,720896,102,6.58222
fread-pinned,9,254,589824,87,6.31398
pageable-pinned,9,254,589824,58,9.47097
pinned-h2d,9,254,589824,30,18.3105
pageable-staging-h2d,9,254,589824,88,6.24223
fread-pinned,9,237,720896,93,7.21921
pageable-pinned,9,237,720896,55,12.207
pinned-h2d,9,237,720896,35,19.1825
pageable-staging-h2d,9,237,720896,90,7.45985
fread-pinned,9,212,720896,108,6.21654
pageable-pinned,9,212,720896,81,8.28872
pinned-h2d,9,212,720896,36,18.6496
pageable-staging-h2d,9,212,720896,117,5.73835
fread-pinned,9,25,720896,105,6.39416
pageable-pinned,9,25,720896,78,8.60752
pinned-h2d,9,25,720896,36,18.6496
pageable-staging-h2d,9,25,720896,114,5.88936
fread-pinned,9,223,860160,127,6.30777
pageable-pinned,9,223,860160,95,8.43249
pinned-h2d,9,223,860160,41,19.5387
pageable-staging-h2d,9,223,860160,136,5.89034
fread-pinned,9,78,589824,93,5.90663
pageable-pinned,9,78,589824,42,13.079
pinned-h2d,9,78,589824,31,17.7199
pageable-staging-h2d,9,78,589824,73,7.52488
fread-pinned,9,173,720896,112,5.99452
pageable-pinned,9,173,720896,49,13.7018
pinned-h2d,9,173,720896,36,18.6496
pageable-staging-h2d,9,173,720896,85,7.89867
fread-pinned,9,184,589824,70,7.84738
pageable-pinned,9,184,589824,45,12.207
pinned-h2d,9,184,589824,30,18.3105
pageable-staging-h2d,9,184,589824,75,7.32422
fread-pinned,9,88,720896,88,7.62939
pageable-pinned,9,88,720896,52,12.9113
pinned-h2d,9,88,720896,36,18.6496
pageable-staging-h2d,9,88,720896,88,7.62939
fread-pinned,9,66,589824,86,6.3874
pageable-pinned,9,66,589824,45,12.207
pinned-h2d,9,66,589824,31,17.7199
pageable-staging-h2d,9,66,589824,76,7.22785
fread-pinned,9,121,720896,106,6.33384
pageable-pinned,9,121,720896,70,9.59124
pinned-h2d,9,121,720896,37,18.1456
pageable-staging-h2d,9,121,720896,107,6.27464
fread-pinned,9,189,589824,82,6.69898
pageable-pinned,9,189,589824,64,8.58307
pinned-h2d,9,189,589824,31,17.7199
pageable-staging-h2d,9,189,589824,95,5.78228
fread-pinned,9,68,589824,96,5.72205
pageable-pinned,9,68,589824,61,9.00519
pinned-h2d,9,68,589824,30,18.3105
pageable-staging-h2d,9,68,589824,91,6.03644
fread-pinned,9,236,720896,100,6.71387
pageable-pinned,9,236,720896,70,9.59124
pinned-h2d,9,236,720896,35,19.1825
pageable-staging-h2d,9,236,720896,105,6.39416
fread-pinned,9,118,589824,99,5.54865
pageable-pinned,9,118,589824,63,8.71931
pinned-h2d,9,118,589824,30,18.3105
pageable-staging-h2d,9,118,589824,93,5.90663
fread-pinned,9,0,589824,79,6.95337
pageable-pinned,9,0,589824,45,12.207
pinned-h2d,9,0,589824,30,18.3105
pageable-staging-h2d,9,0,589824,75,7.32422
fread-pinned,9,152,589824,96,5.72205
pageable-pinned,9,152,589824,57,9.63713
pinned-h2d,9,152,589824,30,18.3105
pageable-staging-h2d,9,152,589824,87,6.31398
fread-pinned,9,2,589824,77,7.13398
pageable-pinned,9,2,589824,54,10.1725
pinned-h2d,9,2,589824,31,17.7199
pageable-staging-h2d,9,2,589824,85,6.46255
fread-pinned,9,136,589824,95,5.78228
pageable-pinned,9,136,589824,61,9.00519
pinned-h2d,9,136,589824,30,18.3105
pageable-staging-h2d,9,136,589824,91,6.03644
fread-pinned,9,148,589824,86,6.3874
pageable-pinned,9,148,589824,69,7.96111
pinned-h2d,9,148,589824,30,18.3105
pageable-staging-h2d,9,148,589824,99,5.54865
fread-pinned,9,23,589824,94,5.84379
pageable-pinned,9,23,589824,67,8.19875
pinned-h2d,9,23,589824,30,18.3105
pageable-staging-h2d,9,23,589824,97,5.66306
fread-pinned,9,248,589824,72,7.62939
pageable-pinned,9,248,589824,40,13.7329
pinned-h2d,9,248,589824,30,18.3105
pageable-staging-h2d,9,248,589824,70,7.84738
fread-pinned,9,27,589824,79,6.95337
pageable-pinned,9,27,589824,43,12.7748
pinned-h2d,9,27,589824,30,18.3105
pageable-staging-h2d,9,27,589824,73,7.52488
fread-pinned,9,230,720896,89,7.54367
pageable-pinned,9,230,720896,55,12.207
pinned-h2d,9,230,720896,36,18.6496
pageable-staging-h2d,9,230,720896,91,7.37788
fread-pinned,9,47,589824,77,7.13398
pageable-pinned,9,47,589824,42,13.079
pinned-h2d,9,47,589824,31,17.7199
pageable-staging-h2d,9,47,589824,73,7.52488
fread-pinned,9,174,589824,85,6.46255
pageable-pinned,9,174,589824,44,12.4845
pinned-h2d,9,174,589824,30,18.3105
pageable-staging-h2d,9,174,589824,74,7.42319
fread-pinned,9,134,720896,76,8.83404
pageable-pinned,9,134,720896,53,12.6677
pinned-h2d,9,134,720896,36,18.6496
pageable-staging-h2d,9,134,720896,89,7.54367
fread-pinned,9,211,720896,77,8.71931
pageable-pinned,9,211,720896,53,12.6677
pinned-h2d,9,211,720896,35,19.1825
pageable-staging-h2d,9,211,720896,88,7.62939
fread-pinned,9,6,720896,95,7.06723
pageable-pinned,9,6,720896,54,12.4331
pinned-h2d,9,6,720896,36,18.6496
pageable-staging-h2d,9,6,720896,90,7.45985
fread-pinned,9,241,589824,69,7.96111
pageable-pinned,9,241,589824,41,13.398
pinned-h2d,9,241,589824,31,17.7199
pageable-staging-h2d,9,241,589824,72,7.62939
fread-pinned,9,170,589824,97,5.66306
pageable-pinned,9,170,589824,90,6.10352
pinned-h2d,9,170,589824,31,17.7199
pageable-staging-h2d,9,170,589824,121,4.53981
fread-pinned,9,187,589824,84,6.53948
pageable-pinned,9,187,589824,47,11.6876
pinned-h2d,9,187,589824,30,18.3105
pageable-staging-h2d,9,187,589824,77,7.13398
fread-pinned,9,97,589824,94,5.84379
pageable-pinned,9,97,589824,56,9.80922
pinned-h2d,9,97,589824,31,17.7199
pageable-staging-h2d,9,97,589824,87,6.31398
fread-pinned,9,110,589824,81,6.78168
pageable-pinned,9,110,589824,59,9.31045
pinned-h2d,9,110,589824,31,17.7199
pageable-staging-h2d,9,110,589824,90,6.10352
fread-pinned,9,213,589824,86,6.3874
pageable-pinned,9,213,589824,63,8.71931
pinned-h2d,9,213,589824,30,18.3105
pageable-staging-h2d,9,213,589824,93,5.90663
fread-pinned,9,127,720896,96,6.99361
pageable-pinned,9,127,720896,65,10.329
pinned-h2d,9,127,720896,36,18.6496
pageable-staging-h2d,9,127,720896,101,6.64739
fread-pinned,9,96,720896,96,6.99361
pageable-pinned,9,96,720896,74,9.07279
pinned-h2d,9,96,720896,35,19.1825
pageable-staging-h2d,9,96,720896,109,6.15951
fread-pinned,9,51,720896,121,5.54865
pageable-pinned,9,51,720896,83,8.089
pinned-h2d,9,51,720896,35,19.1825
pageable-staging-h2d,9,51,720896,118,5.68972
fread-pinned,9,190,589824,82,6.69898
pageable-pinned,9,190,589824,61,9.00519
pinned-h2d,9,190,589824,30,18.3105
pageable-staging-h2d,9,190,589824,91,6.03644
fread-pinned,9,26,589824,81,6.78168
pageable-pinned,9,26,589824,47,11.6876
pinned-h2d,9,26,589824,31,17.7199
pageable-staging-h2d,9,26,589824,78,7.04252
fread-pinned,9,102,720896,120,5.59489
pageable-pinned,9,102,720896,72,9.32482
pinned-h2d,9,102,720896,36,18.6496
pageable-staging-h2d,9,102,720896,108,6.21654
fread-pinned,9,207,589824,84,6.53948
pageable-pinned,9,207,589824,57,9.63713
pinned-h2d,9,207,589824,31,17.7199
pageable-staging-h2d,9,207,589824,88,6.24223
fread-pinned,9,45,589824,98,5.60527
pageable-pinned,9,45,589824,42,13.079
pinned-h2d,9,45,589824,31,17.7199
pageable-staging-h2d,9,45,589824,73,7.52488
fread-pinned,9,193,589824,74,7.42319
pageable-pinned,9,193,589824,41,13.398
pinned-h2d,9,193,589824,30,18.3105
pageable-staging-h2d,9,193,589824,71,7.73685
fread-pinned,9,158,589824,62,8.85994
pageable-pinned,9,158,589824,37,14.8464
pinned-h2d,9,158,589824,31,17.7199
pageable-staging-h2d,9,158,589824,68,8.07818
fread-pinned,9,146,720896,83,8.089
pageable-pinned,9,146,720896,53,12.6677
pinned-h2d,9,146,720896,35,19.1825
pageable-staging-h2d,9,146,720896,88,7.62939
fread-pinned,9,73,589824,84,6.53948
pageable-pinned,9,73,589824,43,12.7748
pinned-h2d,9,73,589824,32,17.1661
pageable-staging-h2d,9,73,589824,75,7.32422
fread-pinned,9,87,589824,67,8.19875
pageable-pinned,9,87,589824,43,12.7748
pinned-h2d,9,87,589824,31,17.7199
pageable-staging-h2d,9,87,589824,74,7.42319
fread-pinned,9,62,589824,72,7.62939
pageable-pinned,9,62,589824,37,14.8464
pinned-h2d,9,62,589824,31,17.7199
pageable-staging-h2d,9,62,589824,68,8.07818
fread-pinned,9,109,720896,118,5.68972
pageable-pinned,9,109,720896,52,12.9113
pinned-h2d,9,109,720896,36,18.6496
pageable-staging-h2d,9,109,720896,88,7.62939
fread-pinned,9,198,720896,78,8.60752
pageable-pinned,9,198,720896,47,14.2848
pinned-h2d,9,198,720896,36,18.6496
pageable-staging-h2d,9,198,720896,83,8.089
fread-pinned,9,61,589824,88,6.24223
pageable-pinned,9,61,589824,51,10.7709
pinned-h2d,9,61,589824,31,17.7199
pageable-staging-h2d,9,61,589824,82,6.69898
fread-pinned,9,183,589824,66,8.32298
pageable-pinned,9,183,589824,40,13.7329
pinned-h2d,9,183,589824,30,18.3105
pageable-staging-h2d,9,183,589824,70,7.84738
fread-pinned,9,164,589824,69,7.96111
pageable-pinned,9,164,589824,47,11.6876
pinned-h2d,9,164,589824,31,17.7199
pageable-staging-h2d,9,164,589824,78,7.04252
fread-pinned,9,149,589824,68,8.07818
pageable-pinned,9,149,589824,44,12.4845
pinned-h2d,9,149,589824,30,18.3105
pageable-staging-h2d,9,149,589824,74,7.42319
fread-pinned,9,150,589824,91,6.03644
pageable-pinned,9,150,589824,44,12.4845
pinned-h2d,9,150,589824,30,18.3105
pageable-staging-h2d,9,150,589824,74,7.42319
fread-pinned,9,192,720896,101,6.64739
pageable-pinned,9,192,720896,54,12.4331
pinned-h2d,9,192,720896,36,18.6496
pageable-staging-h2d,9,192,720896,90,7.45985
fread-pinned,9,157,589824,67,8.19875
pageable-pinned,9,157,589824,40,13.7329
pinned-h2d,9,157,589824,32,17.1661
pageable-staging-h2d,9,157,589824,72,7.62939
fread-pinned,9,129,589824,75,7.32422
pageable-pinned,9,129,589824,45,12.207
pinned-h2d,9,129,589824,31,17.7199
pageable-staging-h2d,9,129,589824,76,7.22785
fread-pinned,9,9,589824,66,8.32298
pageable-pinned,9,9,589824,35,15.6948
pinned-h2d,9,9,589824,29,18.9419
pageable-staging-h2d,9,9,589824,64,8.58307
fread-pinned,9,165,720896,85,7.89867
pageable-pinned,9,165,720896,52,12.9113
pinned-h2d,9,165,720896,35,19.1825
pageable-staging-h2d,9,165,720896,87,7.71709
fread-pinned,9,39,589824,80,6.86646
pageable-pinned,9,39,589824,41,13.398
pinned-h2d,9,39,589824,31,17.7199
pageable-staging-h2d,9,39,589824,72,7.62939
fread-pinned,9,221,589824,77,7.13398
pageable-pinned,9,221,589824,44,12.4845
pinned-h2d,9,221,589824,31,17.7199
pageable-staging-h2d,9,221,589824,75,7.32422
fread-pinned,9,250,860160,124,6.46037
pageable-pinned,9,250,860160,71,11.2829
pinned-h2d,9,250,860160,41,19.5387
pageable-staging-h2d,9,250,860160,112,7.15256
fread-pinned,9,197,589824,69,7.96111
pageable-pinned,9,197,589824,45,12.207
pinned-h2d,9,197,589824,31,17.7199
pageable-staging-h2d,9,197,589824,76,7.22785
fread-pinned,9,214,589824,67,8.19875
pageable-pinned,9,214,589824,34,16.1564
pinned-h2d,9,214,589824,31,17.7199
pageable-staging-h2d,9,214,589824,65,8.45102
fread-pinned,9,156,589824,80,6.86646
pageable-pinned,9,156,589824,43,12.7748
pinned-h2d,9,156,589824,31,17.7199
pageable-staging-h2d,9,156,589824,74,7.42319
fread-pinned,9,116,589824,78,7.04252
pageable-pinned,9,116,589824,45,12.207
pinned-h2d,9,116,589824,31,17.7199
pageable-staging-h2d,9,116,589824,76,7.22785
fread-pinned,9,153,720896,86,7.80682
pageable-pinned,9,153,720896,53,12.6677
pinned-h2d,9,153,720896,35,19.1825
pageable-staging-h2d,9,153,720896,88,7.62939
fread-pinned,9,35,589824,78,7.04252
pageable-pinned,9,35,589824,40,13.7329
pinned-h2d,9,35,589824,30,18.3105
pageable-staging-h2d,9,35,589824,70,7.84738
fread-pinned,9,239,589824,77,7.13398
pageable-pinned,9,239,589824,48,11.4441
pinned-h2d,9,239,589824,31,17.7199
pageable-staging-h2d,9,239,589824,79,6.95337
fread-pinned,9,145,589824,89,6.17209
pageable-pinned,9,145,589824,39,14.085
pinned-h2d,9,145,589824,31,17.7199
pageable-staging-h2d,9,145,589824,70,7.84738
fread-pinned,9,48,589824,88,6.24223
pageable-pinned,9,48,589824,63,8.71931
pinned-h2d,9,48,589824,31,17.7199
pageable-staging-h2d,9,48,589824,94,5.84379
fread-pinned,9,180,589824,81,6.78168
pageable-pinned,9,180,589824,59,9.31045
pinned-h2d,9,180,589824,30,18.3105
pageable-staging-h2d,9,180,589824,89,6.17209
fread-pinned,9,100,589824,102,5.38545
pageable-pinned,9,100,589824,73,7.52488
pinned-h2d,9,100,589824,31,17.7199
pageable-staging-h2d,9,100,589824,104,5.28189
fread-pinned,9,178,720896,123,5.45843
pageable-pinned,9,178,720896,74,9.07279
pinned-h2d,9,178,720896,36,18.6496
pageable-staging-h2d,9,178,720896,110,6.10352
fread-pinned,9,37,720896,113,5.94148
pageable-pinned,9,37,720896,88,7.62939
pinned-h2d,9,37,720896,35,19.1825
pageable-staging-h2d,9,37,720896,123,5.45843
fread-pinned,9,171,589824,94,5.84379
pageable-pinned,9,171,589824,60,9.15527
pinned-h2d,9,171,589824,30,18.3105
pageable-staging-h2d,9,171,589824,90,6.10352
fread-pinned,9,29,589824,92,5.97083
pageable-pinned,9,29,589824,65,8.45102
pinned-h2d,9,29,589824,31,17.7199
pageable-staging-h2d,9,29,589824,96,5.72205
fread-pinned,9,115,720896,114,5.88936
pageable-pinned,9,115,720896,72,9.32482
pinned-h2d,9,115,720896,36,18.6496
pageable-staging-h2d,9,115,720896,108,6.21654
fread-pinned,9,55,589824,102,5.38545
pageable-pinned,9,55,589824,71,7.73685
pinned-h2d,9,55,589824,31,17.7199
pageable-staging-h2d,9,55,589824,102,5.38545
fread-pinned,9,119,589824,97,5.66306
pageable-pinned,9,119,589824,51,10.7709
pinned-h2d,9,119,589824,31,17.7199
pageable-staging-h2d,9,119,589824,82,6.69898
fread-pinned,9,12,720896,79,8.49857
pageable-pinned,9,12,720896,50,13.4277
pinned-h2d,9,12,720896,35,19.1825
pageable-staging-h2d,9,12,720896,85,7.89867
fread-pinned,9,220,589824,68,8.07818
pageable-pinned,9,220,589824,41,13.398
pinned-h2d,9,220,589824,30,18.3105
pageable-staging-h2d,9,220,589824,71,7.73685
fread-pinned,9,79,589824,75,7.32422
pageable-pinned,9,79,589824,34,16.1564
pinned-h2d,9,79,589824,31,17.7199
pageable-staging-h2d,9,79,589824,65,8.45102
fread-pinned,9,203,589824,73,7.52488
pageable-pinned,9,203,589824,43,12.7748
pinned-h2d,9,203,589824,30,18.3105
pageable-staging-h2d,9,203,589824,73,7.52488
fread-pinned,9,245,589824,79,6.95337
pageable-pinned,9,245,589824,42,13.079
pinned-h2d,9,245,589824,30,18.3105
pageable-staging-h2d,9,245,589824,72,7.62939
fread-pinned,9,120,720896,113,5.94148
pageable-pinned,9,120,720896,55,12.207
pinned-h2d,9,120,720896,37,18.1456
pageable-staging-h2d,9,120,720896,92,7.29768
fread-pinned,9,139,589824,97,5.66306
pageable-pinned,9,139,589824,46,11.9417
pinned-h2d,9,139,589824,31,17.7199
pageable-staging-h2d,9,139,589824,77,7.13398
fread-pinned,9,210,720896,90,7.45985
pageable-pinned,9,210,720896,54,12.4331
pinned-h2d,9,210,720896,36,18.6496
pageable-staging-h2d,9,210,720896,90,7.45985
fread-pinned,9,176,589824,78,7.04252
pageable-pinned,9,176,589824,44,12.4845
pinned-h2d,9,176,589824,31,17.7199
pageable-staging-h2d,9,176,589824,75,7.32422
fread-pinned,9,114,720896,86,7.80682
pageable-pinned,9,114,720896,53,12.6677
pinned-h2d,9,114,720896,36,18.6496
pageable-staging-h2d,9,114,720896,89,7.54367
fread-pinned,9,255,860160,102,7.85379
pageable-pinned,9,255,860160,62,12.9207
pinned-h2d,9,255,860160,42,19.0735
pageable-staging-h2d,9,255,860160,104,7.70275
fread-pinned,9,74,589824,88,6.24223
pageable-pinned,9,74,589824,57,9.63713
pinned-h2d,9,74,589824,31,17.7199
pageable-staging-h2d,9,74,589824,88,6.24223
fread-pinned,9,103,589824,83,6.61827
pageable-pinned,9,103,589824,60,9.15527
pinned-h2d,9,103,589824,31,17.7199
pageable-staging-h2d,9,103,589824,91,6.03644
fread-pinned,9,113,589824,87,6.31398
pageable-pinned,9,113,589824,66,8.32298
pinned-h2d,9,113,589824,30,18.3105
pageable-staging-h2d,9,113,589824,96,5.72205
fread-pinned,9,166,720896,101,6.64739
pageable-pinned,9,166,720896,76,8.83404
pinned-h2d,9,166,720896,35,19.1825
pageable-staging-h2d,9,166,720896,111,6.04853
fread-pinned,9,90,589824,90,6.10352
pageable-pinned,9,90,589824,63,8.71931
pinned-h2d,9,90,589824,30,18.3105
pageable-staging-h2d,9,90,589824,93,5.90663
fread-pinned,9,58,589824,88,6.24223
pageable-pinned,9,58,589824,56,9.80922
pinned-h2d,9,58,589824,30,18.3105
pageable-staging-h2d,9,58,589824,86,6.3874
fread-pinned,9,222,589824,83,6.61827
pageable-pinned,9,222,589824,66,8.32298
pinned-h2d,9,222,589824,30,18.3105
pageable-staging-h2d,9,222,589824,96,5.72205
fread-pinned,9,89,720896,102,6.58222
pageable-pinned,9,89,720896,80,8.39233
pinned-h2d,9,89,720896,35,19.1825
pageable-staging-h2d,9,89,720896,115,5.83815
fread-pinned,9,242,589824,84,6.53948
pageable-pinned,9,242,589824,62,8.85994
pinned-h2d,9,242,589824,30,18.3105
pageable-staging-h2d,9,242,589824,92,5.97083
fread-pinned,9,194,589824,88,6.24223
pageable-pinned,9,194,589824,69,7.96111
pinned-h2d,9,194,589824,31,17.7199
pageable-staging-h2d,9,194,589824,100,5.49316
fread-pinned,9,126,589824,103,5.33317
pageable-pinned,9,126,589824,45,12.207
pinned-h2d,9,126,589824,31,17.7199
pageable-staging-h2d,9,126,589824,76,7.22785
fread-pinned,9,20,589824,87,6.31398
pageable-pinned,9,20,589824,45,12.207
pinned-h2d,9,20,589824,30,18.3105
pageable-staging-h2d,9,20,589824,75,7.32422
fread-pinned,9,216,589824,65,8.45102
pageable-pinned,9,216,589824,43,12.7748
pinned-h2d,9,216,589824,31,17.7199
pageable-staging-h2d,9,216,589824,74,7.42319
fread-pinned,9,10,589824,62,8.85994
pageable-pinned,9,10,589824,38,14.4557
pinned-h2d,9,10,589824,31,17.7199
pageable-staging-h2d,9,10,589824,69,7.96111
fread-pinned,9,21,589824,86,6.3874
pageable-pinned,9,21,589824,47,11.6876
pinned-h2d,9,21,589824,31,17.7199
pageable-staging-h2d,9,21,589824,78,7.04252
fread-pinned,9,80,589824,82,6.69898
pageable-pinned,9,80,589824,37,14.8464
pinned-h2d,9,80,589824,30,18.3105
pageable-staging-h2d,9,80,589824,67,8.19875
fread-pinned,9,65,589824,78,7.04252
pageable-pinned,9,65,589824,42,13.079
pinned-h2d,9,65,589824,31,17.7199
pageable-staging-h2d,9,65,589824,73,7.52488
fread-pinned,9,8,589824,67,8.19875
pageable-pinned,9,8,589824,41,13.398
pinned-h2d,9,8,589824,31,17.7199
pageable-staging-h2d,9,8,589824,72,7.62939
fread-pinned,9,34,589824,83,6.61827
pageable-pinned,9,34,589824,42,13.079
pinned-h2d,9,34,589824,30,18.3105
pageable-staging-h2d,9,34,589824,72,7.62939
fread-pinned,9,232,589824,64,8.58307
pageable-pinned,9,232,589824,42,13.079
pinned-h2d,9,232,589824,30,18.3105
pageable-staging-h2d,9,232,589824,72,7.62939
fread-pinned,9,235,589824,69,7.96111
pageable-pinned,9,235,589824,42,13.079
pinned-h2d,9,235,589824,31,17.7199
pageable-staging-h2d,9,235,589824,73,7.52488
fread-pinned,9,123,589824,67,8.19875
pageable-pinned,9,123,589824,39,14.085
pinned-h2d,9,123,589824,29,18.9419
pageable-staging-h2d,9,123,589824,68,8.07818
fread-pinned,9,175,589824,82,6.69898
pageable-pinned,9,175,589824,41,13.398
pinned-h2d,9,175,589824,32,17.1661
pageable-staging-h2d,9,175,589824,73,7.52488
fread-pinned,9,151,589824,67,8.19875
pageable-pinned,9,151,589824,43,12.7748
pinned-h2d,9,151,589824,30,18.3105
pageable-staging-h2d,9,151,589824,73,7.52488
fread-pinned,9,54,589824,85,6.46255
pageable-pinned,9,54,589824,43,12.7748
pinned-h2d,9,54,589824,32,17.1661
pageable-staging-h2d,9,54,589824,75,7.32422
fread-pinned,9,155,589824,76,7.22785
pageable-pinned,9,155,589824,40,13.7329
pinned-h2d,9,155,589824,30,18.3105
pageable-staging-h2d,9,155,589824,70,7.84738
fread-pinned,9,15,589824,83,6.61827
pageable-pinned,9,15,589824,45,12.207
pinned-h2d,9,15,589824,30,18.3105
pageable-staging-h2d,9,15,589824,75,7.32422
fread-pinned,9,91,589824,80,6.86646
pageable-pinned,9,91,589824,45,12.207
pinned-h2d,9,91,589824,31,17.7199
pageable-staging-h2d,9,91,589824,76,7.22785
fread-pinned,9,218,860160,111,7.21699
pageable-pinned,9,218,860160,65,12.3244
pinned-h2d,9,218,860160,42,19.0735
pageable-staging-h2d,9,218,860160,107,7.48679
fread-pinned,9,53,589824,102,5.38545
pageable-pinned,9,53,589824,63,8.71931
pinned-h2d,9,53,589824,30,18.3105
pageable-staging-h2d,9,53,589824,93,5.90663
fread-pinned,9,49,589824,97,5.66306
pageable-pinned,9,49,589824,61,9.00519
pinned-h2d,9,49,589824,30,18.3105
pageable-staging-h2d,9,49,589824,91,6.03644
fread-pinned,9,43,720896,121,5.54865
pageable-pinned,9,43,720896,81,8.28872
pinned-h2d,9,43,720896,37,18.1456
pageable-staging-h2d,9,43,720896,118,5.68972
fread-pinned,9,57,720896,123,5.45843
pageable-pinned,9,57,720896,88,7.62939
pinned-h2d,9,57,720896,36,18.6496
pageable-staging-h2d,9,57,720896,124,5.41441
fread-pinned,9,36,589824,100,5.49316
pageable-pinned,9,36,589824,70,7.84738
pinned-h2d,9,36,589824,30,18.3105
pageable-staging-h2d,9,36,589824,100,5.49316
fread-pinned,9,70,720896,115,5.83815
pageable-pinned,9,70,720896,79,8.49857
pinned-h2d,9,70,720896,34,19.7467
pageable-staging-h2d,9,70,720896,113,5.94148
fread-pinned,9,138,589824,84,6.53948
pageable-pinned,9,138,589824,67,8.19875
pinned-h2d,9,138,589824,31,17.7199
pageable-staging-h2d,9,138,589824,98,5.60527
fread-pinned,9,83,720896,110,6.10352
pageable-pinned,9,83,720896,76,8.83404
pinned-h2d,9,83,720896,36,18.6496
pageable-staging-h2d,9,83,720896,112,5.99452
fread-pinned,9,177,589824,91,6.03644
pageable-pinned,9,177,589824,67,8.19875
pinned-h2d,9,177,589824,30,18.3105
pageable-staging-h2d,9,177,589824,97,5.66306
fread-pinned,9,244,860160,122,6.56628
pageable-pinned,9,244,860160,64,12.517
pinned-h2d,9,244,860160,42,19.0735
pageable-staging-h2d,9,244,860160,106,7.55742
fread-pinned,9,143,589824,98,5.60527
pageable-pinned,9,143,589824,44,12.4845
pinned-h2d,9,143,589824,31,17.7199
pageable-staging-h2d,9,143,589824,75,7.32422
fread-pinned,9,122,720896,90,7.45985
pageable-pinned,9,122,720896,58,11.5756
pinned-h2d,9,122,720896,35,19.1825
pageable-staging-h2d,9,122,720896,93,7.21921
fread-pinned,9,117,589824,75,7.32422
pageable-pinned,9,117,589824,42,13.079
pinned-h2d,9,117,589824,31,17.7199
pageable-staging-h2d,9,117,589824,73,7.52488
fread-pinned,9,206,589824,71,7.73685
pageable-pinned,9,206,589824,42,13.079
pinned-h2d,9,206,589824,32,17.1661
pageable-staging-h2d,9,206,589824,74,7.42319
fread-pinned,9,7,589824,67,8.19875
pageable-pinned,9,7,589824,39,14.085
pinned-h2d,9,7,589824,30,18.3105
pageable-staging-h2d,9,7,589824,69,7.96111
fread-pinned,9,4,589824,81,6.78168
pageable-pinned,9,4,589824,64,8.58307
pinned-h2d,9,4,589824,30,18.3105
pageable-staging-h2d,9,4,589824,94,5.84379
fread-pinned,9,208,589824,85,6.46255
pageable-pinned,9,208,589824,65,8.45102
pinned-h2d,9,208,589824,31,17.7199
pageable-staging-h2d,9,208,589824,96,5.72205
fread-pinned,9,46,589824,102,5.38545
pageable-pinned,9,46,589824,72,7.62939
pinned-h2d,9,46,589824,32,17.1661
pageable-staging-h2d,9,46,589824,104,5.28189
fread-pinned,9,112,589824,79,6.95337
pageable-pinned,9,112,589824,57,9.63713
pinned-h2d,9,112,589824,30,18.3105
pageable-staging-h2d,9,112,589824,87,6.31398
fread-pinned,9,227,589824,84,6.53948
pageable-pinned,9,227,589824,66,8.32298
pinned-h2d,9,227,589824,31,17.7199
pageable-staging-h2d,9,227,589824,97,5.66306
fread-pinned,9,163,589824,80,6.86646
pageable-pinned,9,163,589824,47,11.6876
pinned-h2d,9,163,589824,30,18.3105
pageable-staging-h2d,9,163,589824,77,7.13398
fread-pinned,9,225,589824,71,7.73685
pageable-pinned,9,225,589824,45,12.207
pinned-h2d,9,225,589824,31,17.7199
pageable-staging-h2d,9,225,589824,76,7.22785
fread-pinned,9,84,589824,73,7.52488
pageable-pinned,9,84,589824,47,11.6876
pinned-h2d,9,84,589824,31,17.7199
pageable-staging-h2d,9,84,589824,78,7.04252
fread-pinned,9,107,589824,95,5.78228
pageable-pinned,9,107,589824,42,13.079
pinned-h2d,9,107,589824,31,17.7199
pageable-staging-h2d,9,107,589824,73,7.52488
fread-pinned,9,71,589824,90,6.10352
pageable-pinned,9,71,589824,44,12.4845
pinned-h2d,9,71,589824,30,18.3105
pageable-staging-h2d,9,71,589824,74,7.42319
fread-pinned,9,252,589824,93,5.90663
pageable-pinned,9,252,589824,44,12.4845
pinned-h2d,9,252,589824,30,18.3105
pageable-staging-h2d,9,252,589824,74,7.42319
fread-pinned,9,162,589824,67,8.19875
pageable-pinned,9,162,589824,45,12.207
pinned-h2d,9,162,589824,30,18.3105
pageable-staging-h2d,9,162,589824,75,7.32422
fread-pinned,9,140,720896,111,6.04853
pageable-pinned,9,140,720896,52,12.9113
pinned-h2d,9,140,720896,36,18.6496
pageable-staging-h2d,9,140,720896,88,7.62939
fread-pinned,9,186,720896,80,8.39233
pageable-pinned,9,186,720896,55,12.207
pinned-h2d,9,186,720896,35,19.1825
pageable-staging-h2d,9,186,720896,90,7.45985
fread-pinned,9,60,589824,82,6.69898
pageable-pinned,9,60,589824,42,13.079
pinned-h2d,9,60,589824,31,17.7199
pageable-staging-h2d,9,60,589824,73,7.52488
fread-pinned,9,101,720896,98,6.85088
pageable-pinned,9,101,720896,48,13.9872
pinned-h2d,9,101,720896,35,19.1825
pageable-staging-h2d,9,101,720896,83,8.089
fread-pinned,9,201,589824,82,6.69898
pageable-pinned,9,201,589824,54,10.1725
pinned-h2d,9,201,589824,30,18.3105
pageable-staging-h2d,9,201,589824,84,6.53948
fread-pinned,9,188,589824,95,5.78228
pageable-pinned,9,188,589824,69,7.96111
pinned-h2d,9,188,589824,31,17.7199
pageable-staging-h2d,9,188,589824,100,5.49316
fread-pinned,9,69,720896,112,5.99452
pageable-pinned,9,69,720896,84,7.9927
pinned-h2d,9,69,720896,35,19.1825
pageable-staging-h2d,9,69,720896,119,5.64191
fread-pinned,9,240,589824,87,6.31398
pageable-pinned,9,240,589824,69,7.96111
pinned-h2d,9,240,589824,30,18.3105
pageable-staging-h2d,9,240,589824,99,5.54865
fread-pinned,9,95,720896,123,5.45843
pageable-pinned,9,95,720896,83,8.089
pinned-h2d,9,95,720896,34,19.7467
pageable-staging-h2d,9,95,720896,117,5.73835
fread-pinned,9,77,720896,136,4.93667
pageable-pinned,9,77,720896,92,7.29768
pinned-h2d,9,77,720896,36,18.6496
pageable-staging-h2d,9,77,720896,128,5.24521
fread-pinned,9,104,589824,87,6.31398
pageable-pinned,9,104,589824,65,8.45102
pinned-h2d,9,104,589824,29,18.9419
pageable-staging-h2d,9,104,589824,94,5.84379
fread-pinned,9,196,589824,81,6.78168
pageable-pinned,9,196,589824,66,8.32298
pinned-h2d,9,196,589824,30,18.3105
pageable-staging-h2d,9,196,589824,96,5.72205
fread-pinned,9,92,589824,92,5.97083
pageable-pinned,9,92,589824,67,8.19875
pinned-h2d,9,92,589824,31,17.7199
pageable-staging-h2d,9,92,589824,98,5.60527
fread-pinned,9,246,589824,81,6.78168
pageable-pinned,9,246,589824,65,8.45102
pinned-h2d,9,246,589824,31,17.7199
pageable-staging-h2d,9,246,589824,96,5.72205
fread-pinned,9,99,589824,90,6.10352
pageable-pinned,9,99,589824,43,12.7748
pinned-h2d,9,99,589824,31,17.7199
pageable-staging-h2d,9,99,589824,74,7.42319
fread-pinned,9,94,589824,67,8.19875
pageable-pinned,9,94,589824,41,13.398
pinned-h2d,9,94,589824,29,18.9419
pageable-staging-h2d,9,94,589824,70,7.84738
fread-pinned,9,72,589824,84,6.53948
pageable-pinned,9,72,589824,41,13.398
pinned-h2d,9,72,589824,30,18.3105
pageable-staging-h2d,9,72,589824,71,7.73685
fread-pinned,9,11,720896,81,8.28872
pageable-pinned,9,11,720896,52,12.9113
pinned-h2d,9,11,720896,36,18.6496
pageable-staging-h2d,9,11,720896,88,7.62939
fread-pinned,9,19,720896,94,7.14241
pageable-pinned,9,19,720896,50,13.4277
pinned-h2d,9,19,720896,35,19.1825
pageable-staging-h2d,9,19,720896,85,7.89867
fread-pinned,9,17,589824,79,6.95337
pageable-pinned,9,17,589824,45,12.207
pinned-h2d,9,17,589824,30,18.3105
pageable-staging-h2d,9,17,589824,75,7.32422
fread-pinned,9,106,589824,99,5.54865
pageable-pinned,9,106,589824,60,9.15527
pinned-h2d,9,106,589824,30,18.3105
pageable-staging-h2d,9,106,589824,90,6.10352
fread-pinned,9,41,589824,98,5.60527
pageable-pinned,9,41,589824,67,8.19875
pinned-h2d,9,41,589824,31,17.7199
pageable-staging-h2d,9,41,589824,98,5.60527
fread-pinned,9,181,589824,83,6.61827
pageable-pinned,9,181,589824,63,8.71931
pinned-h2d,9,181,589824,31,17.7199
pageable-staging-h2d,9,181,589824,94,5.84379
fread-pinned,9,228,589824,87,6.31398
pageable-pinned,9,228,589824,61,9.00519
pinned-h2d,9,228,589824,30,18.3105
pageable-staging-h2d,9,228,589824,91,6.03644
fread-pinned,9,144,589824,115,4.77666
pageable-pinned,9,144,589824,69,7.96111
pinned-h2d,9,144,589824,30,18.3105
pageable-staging-h2d,9,144,589824,99,5.54865
fread-pinned,9,125,589824,93,5.90663
pageable-pinned,9,125,589824,58,9.47097
pinned-h2d,9,125,589824,31,17.7199
pageable-staging-h2d,9,125,589824,89,6.17209
fread-pinned,9,14,589824,87,6.31398
pageable-pinned,9,14,589824,64,8.58307
pinned-h2d,9,14,589824,30,18.3105
pageable-staging-h2d,9,14,589824,94,5.84379
fread-pinned,9,133,720896,105,6.39416
pageable-pinned,9,133,720896,77,8.71931
pinned-h2d,9,133,720896,36,18.6496
pageable-staging-h2d,9,133,720896,113,5.94148
fread-pinned,9,172,720896,107,6.27464
pageable-pinned,9,172,720896,81,8.28872
pinned-h2d,9,172,720896,36,18.6496
pageable-staging-h2d,9,172,720896,117,5.73835
fread-pinned,9,22,589824,93,5.90663
pageable-pinned,9,22,589824,60,9.15527
pinned-h2d,9,22,589824,31,17.7199
pageable-staging-h2d,9,22,589824,91,6.03644
fread-pinned,9,209,589824,68,8.07818
pageable-pinned,9,209,589824,44,12.4845
pinned-h2d,9,209,589824,31,17.7199
pageable-staging-h2d,9,209,589824,75,7.32422
fread-pinned,9,243,860160,111,7.21699
pageable-pinned,9,243,860160,68,11.7807
pinned-h2d,9,243,860160,43,18.6299
pageable-staging-h2d,9,243,860160,111,7.21699
fread-pinned,9,67,589824,85,6.46255
pageable-pinned,9,67,589824,44,12.4845
pinned-h2d,9,67,589824,32,17.1661
pageable-staging-h2d,9,67,589824,76,7.22785
fread-pinned,9,28,589824,83,6.61827
pageable-pinned,9,28,589824,39,14.085
pinned-h2d,9,28,589824,31,17.7199
pageable-staging-h2d,9,28,589824,70,7.84738
fread-pinned,9,44,720896,105,6.39416
pageable-pinned,9,44,720896,50,13.4277
pinned-h2d,9,44,720896,36,18.6496
pageable-staging-h2d,9,44,720896,86,7.80682
fread-pinned,9,147,720896,102,6.58222
pageable-pinned,9,147,720896,57,11.7787
pinned-h2d,9,147,720896,38,17.6681
pageable-staging-h2d,9,147,720896,95,7.06723
fread-pinned,9,13,589824,80,6.86646
pageable-pinned,9,13,589824,46,11.9417
pinned-h2d,9,13,589824,33,16.646
pageable-staging-h2d,9,13,589824,79,6.95337
fread-pinned,9,224,720896,100,6.71387
pageable-pinned,9,224,720896,54,12.4331
pinned-h2d,9,224,720896,36,18.6496
pageable-staging-h2d,9,224,720896,90,7.45985
fread-pinned,9,130,589824,72,7.62939
pageable-pinned,9,130,589824,42,13.079
pinned-h2d,9,130,589824,31,17.7199
pageable-staging-h2d,9,130,589824,73,7.52488
fread-pinned,9,234,589824,97,5.66306
pageable-pinned,9,234,589824,42,13.079
pinned-h2d,9,234,589824,31,17.7199
pageable-staging-h2d,9,234,589824,73,7.52488
fread-pinned,9,199,720896,84,7.9927
pageable-pinned,9,199,720896,52,12.9113
pinned-h2d,9,199,720896,35,19.1825
pageable-staging-h2d,9,199,720896,87,7.71709
fread-pinned,9,16,589824,101,5.43878
pageable-pinned,9,16,589824,66,8.32298
pinned-h2d,9,16,589824,30,18.3105
pageable-staging-h2d,9,16,589824,96,5.72205
fread-pinned,9,86,589824,83,6.61827
pageable-pinned,9,86,589824,63,8.71931
pinned-h2d,9,86,589824,31,17.7199
pageable-staging-h2d,9,86,589824,94,5.84379
fread-pinned,9,229,589824,84,6.53948
pageable-pinned,9,229,589824,58,9.47097
pinned-h2d,9,229,589824,30,18.3105
pageable-staging-h2d,9,229,589824,88,6.24223
fread-pinned,9,81,589824,90,6.10352
pageable-pinned,9,81,589824,66,8.32298
pinned-h2d,9,81,589824,30,18.3105
pageable-staging-h2d,9,81,589824,96,5.72205
fread-pinned,9,226,589824,85,6.46255
pageable-pinned,9,226,589824,66,8.32298
pinned-h2d,9,226,589824,30,18.3105
pageable-staging-h2d,9,226,589824,96,5.72205
fread-pinned,9,85,589824,92,5.97083
pageable-pinned,9,85,589824,67,8.19875
pinned-h2d,9,85,589824,30,18.3105
pageable-staging-h2d,9,85,589824,97,5.66306
fread-pinned,9,182,589824,87,6.31398
pageable-pinned,9,182,589824,70,7.84738
pinned-h2d,9,182,589824,30,18.3105
pageable-staging-h2d,9,182,589824,100,5.49316
fread-pinned,9,105,589824,105,5.23158
pageable-pinned,9,105,589824,67,8.19875
pinned-h2d,9,105,589824,30,18.3105
pageable-staging-h2d,9,105,589824,97,5.66306
fread-pinned,9,159,720896,107,6.27464
pageable-pinned,9,159,720896,82,8.18764
pinned-h2d,9,159,720896,36,18.6496
pageable-staging-h2d,9,159,720896,118,5.68972
fread-pinned,9,167,720896,108,6.21654
pageable-pinned,9,167,720896,86,7.80682
pinned-h2d,9,167,720896,36,18.6496
pageable-staging-h2d,9,167,720896,122,5.50317
fread-pinned,9,52,589824,95,5.78228
pageable-pinned,9,52,589824,43,12.7748
pinned-h2d,9,52,589824,31,17.7199
pageable-staging-h2d,9,52,589824,74,7.42319
fread-pinned,9,38,720896,102,6.58222
pageable-pinned,9,38,720896,52,12.9113
pinned-h2d,9,38,720896,36,18.6496
pageable-staging-h2d,9,38,720896,88,7.62939
fread-pinned,9,3,589824,70,7.84738
pageable-pinned,9,3,589824,41,13.398
pinned-h2d,9,3,589824,31,17.7199
pageable-staging-h2d,9,3,589824,72,7.62939
fread-pinned,9,251,589824,66,8.32298
pageable-pinned,9,251,589824,41,13.398
pinned-h2d,9,251,589824,31,17.7199
pageable-staging-h2d,9,251,589824,72,7.62939
fread-pinned,9,135,589824,70,7.84738
pageable-pinned,9,135,589824,46,11.9417
pinned-h2d,9,135,589824,30,18.3105
pageable-staging-h2d,9,135,589824,76,7.22785
fread-pinned,9,64,720896,103,6.51832
pageable-pinned,9,64,720896,55,12.207
pinned-h2d,9,64,720896,36,18.6496
pageable-staging-h2d,9,64,720896,91,7.37788
fread-pinned,9,98,589824,108,5.08626
pageable-pinned,9,98,589824,67,8.19875
pinned-h2d,9,98,589824,30,18.3105
pageable-staging-h2d,9,98,589824,97,5.66306
fread-pinned,9,249,860160,137,5.84735
pageable-pinned,9,249,860160,101,7.93155
pinned-h2d,9,249,860160,42,19.0735
pageable-staging-h2d,9,249,860160,143,5.602
fread-pinned,9,200,589824,95,5.78228
pageable-pinned,9,200,589824,68,8.07818
pinned-h2d,9,200,589824,31,17.7199
pageable-staging-h2d,9,200,589824,99,5.54865
fread-pinned,9,191,720896,102,6.58222
pageable-pinned,9,191,720896,74,9.07279
pinned-h2d,9,191,720896,36,18.6496
pageable-staging-h2d,9,191,720896,110,6.10352
fread-pinned,9,59,589824,101,5.43878
pageable-pinned,9,59,589824,71,7.73685
pinned-h2d,9,59,589824,30,18.3105
pageable-staging-h2d,9,59,589824,101,5.43878
fread-pinned,9,30,720896,118,5.68972
pageable-pinned,9,30,720896,89,7.54367
pinned-h2d,9,30,720896,36,18.6496
pageable-staging-h2d,9,30,720896,125,5.37109
fread-pinned,9,50,720896,133,5.04802
pageable-pinned,9,50,720896,87,7.71709
pinned-h2d,9,50,720896,36,18.6496
pageable-staging-h2d,9,50,720896,123,5.45843
fread-pinned,9,195,589824,109,5.0396
pageable-pinned,9,195,589824,69,7.96111
pinned-h2d,9,195,589824,31,17.7199
pageable-staging-h2d,9,195,589824,100,5.49316
fread-pinned,9,142,589824,86,6.3874
pageable-pinned,9,142,589824,67,8.19875
pinned-h2d,9,142,589824,30,18.3105
pageable-staging-h2d,9,142,589824,97,5.66306
fread-pinned,9,108,720896,123,5.45843
pageable-pinned,9,108,720896,74,9.07279
pinned-h2d,9,108,720896,35,19.1825
pageable-staging-h2d,9,108,720896,109,6.15951
fread-pinned,9,132,589824,80,6.86646
pageable-pinned,9,132,589824,60,9.15527
pinned-h2d,9,132,589824,31,17.7199
pageable-staging-h2d,9,132,589824,91,6.03644
fread-pinned,9,128,720896,114,5.88936
pageable-pinned,9,128,720896,90,7.45985
pinned-h2d,9,128,720896,35,19.1825
pageable-staging-h2d,9,128,720896,125,5.37109
fread-pinned,9,185,720896,102,6.58222
pageable-pinned,9,185,720896,77,8.71931
pinned-h2d,9,185,720896,36,18.6496
pageable-staging-h2d,9,185,720896,113,5.94148
fread-pinned,9,76,720896,123,5.45843
pageable-pinned,9,76,720896,57,11.7787
pinned-h2d,9,76,720896,36,18.6496
pageable-staging-h2d,9,76,720896,93,7.21921
fread-pinned,9,56,720896,117,5.73835
pageable-pinned,9,56,720896,59,11.3794
pinned-h2d,9,56,720896,36,18.6496
pageable-staging-h2d,9,56,720896,95,7.06723
fread-pinned,9,169,589824,99,5.54865
pageable-pinned,9,169,589824,45,12.207
pinned-h2d,9,169,589824,31,17.7199
pageable-staging-h2d,9,169,589824,76,7.22785
fread-pinned,9,231,720896,88,7.62939
pageable-pinned,9,231,720896,56,11.989
pinned-h2d,9,231,720896,36,18.6496
pageable-staging-h2d,9,231,720896,92,7.29768
fread-pinned,9,141,720896,92,7.29768
pageable-pinned,9,141,720896,59,11.3794
pinned-h2d,9,141,720896,35,19.1825
pageable-staging-h2d,9,141,720896,94,7.14241
fread-pinned,9,204,720896,115,5.83815
pageable-pinned,9,204,720896,85,7.89867
pinned-h2d,9,204,720896,37,18.1456
pageable-staging-h2d,9,204,720896,122,5.50317
fread-pinned,9,131,589824,78,7.04252
pageable-pinned,9,131,589824,60,9.15527
pinned-h2d,9,131,589824,29,18.9419
pageable-staging-h2d,9,131,589824,89,6.17209
fread-pinned,9,137,589824,83,6.61827
pageable-pinned,9,137,589824,64,8.58307
pinned-h2d,9,137,589824,31,17.7199
pageable-staging-h2d,9,137,589824,95,5.78228
fread-pinned,9,93,589824,88,6.24223
pageable-pinned,9,93,589824,70,7.84738
pinned-h2d,9,93,589824,30,18.3105
pageable-staging-h2d,9,93,589824,100,5.49316
fread-pinned,9,253,589824,113,4.86121
pageable-pinned,9,253,589824,68,8.07818
pinned-h2d,9,253,589824,30,18.3105
pageable-staging-h2d,9,253,589824,98,5.60527
fread-pinned,9,168,589824,113,4.86121
pageable-pinned,9,168,589824,68,8.07818
pinned-h2d,9,168,589824,31,17.7199
pageable-staging-h2d,9,168,589824,99,5.54865
fread-pinned,9,32,720896,120,5.59489
pageable-pinned,9,32,720896,83,8.089
pinned-h2d,9,32,720896,36,18.6496
pageable-staging-h2d,9,32,720896,119,5.64191
fread-pinned,9,42,589824,101,5.43878
pageable-pinned,9,42,589824,67,8.19875
pinned-h2d,9,42,589824,30,18.3105
pageable-staging-h2d,9,42,589824,97,5.66306
fread-pinned,9,40,589824,92,5.97083
pageable-pinned,9,40,589824,56,9.80922
pinned-h2d,9,40,589824,31,17.7199
pageable-staging-h2d,9,40,589824,87,6.31398
fread-pinned,9,179,720896,127,5.28651
pageable-pinned,9,179,720896,68,9.87333
pinned-h2d,9,179,720896,35,19.1825
pageable-staging-h2d,9,179,720896,103,6.51832
fread-pinned,9,238,589824,84,6.53948
pageable-pinned,9,238,589824,45,12.207
pinned-h2d,9,238,589824,31,17.7199
pageable-staging-h2d,9,238,589824,76,7.22785
fread-pinned,9,24,720896,107,6.27464
pageable-pinned,9,24,720896,54,12.4331
pinned-h2d,9,24,720896,36,18.6496
pageable-staging-h2d,9,24,720896,90,7.45985
fread-pinned,9,5,720896,85,7.89867
pageable-pinned,9,5,720896,62,10.8288
pinned-h2d,9,5,720896,37,18.1456
pageable-staging-h2d,9,5,720896,99,6.78168
fread-pinned,9,247,589824,80,6.86646
pageable-pinned,9,247,589824,47,11.6876
pinned-h2d,9,247,589824,30,18.3105
pageable-staging-h2d,9,247,589824,77,7.13398
fread-pinned,9,161,589824,70,7.84738
pageable-pinned,9,161,589824,45,12.207
pinned-h2d,9,161,589824,30,18.3105
pageable-staging-h2d,9,161,589824,75,7.32422
fread-pinned,9,205,720896,119,5.64191
pageable-pinned,9,205,720896,59,11.3794
pinned-h2d,9,205,720896,37,18.1456
pageable-staging-h2d,9,205,720896,96,6.99361
fread-pinned,10,68,589824,83,6.61827
pageable-pinned,10,68,589824,42,13.079
pinned-h2d,10,68,589824,30,18.3105
pageable-staging-h2d,10,68,589824,72,7.62939
fread-pinned,10,85,589824,73,7.52488
pageable-pinned,10,85,589824,44,12.4845
pinned-h2d,10,85,589824,31,17.7199
pageable-staging-h2d,10,85,589824,75,7.32422
fread-pinned,10,150,589824,88,6.24223
pageable-pinned,10,150,589824,43,12.7748
pinned-h2d,10,150,589824,30,18.3105
pageable-staging-h2d,10,150,589824,73,7.52488
fread-pinned,10,241,589824,68,8.07818
pageable-pinned,10,241,589824,40,13.7329
pinned-h2d,10,241,589824,31,17.7199
pageable-staging-h2d,10,241,589824,71,7.73685
fread-pinned,10,225,589824,70,7.84738
pageable-pinned,10,225,589824,45,12.207
pinned-h2d,10,225,589824,31,17.7199
pageable-staging-h2d,10,225,589824,76,7.22785
fread-pinned,10,35,589824,76,7.22785
pageable-pinned,10,35,589824,39,14.085
pinned-h2d,10,35,589824,31,17.7199
pageable-staging-h2d,10,35,589824,70,7.84738
fread-pinned,10,155,589824,74,7.42319
pageable-pinned,10,155,589824,40,13.7329
pinned-h2d,10,155,589824,30,18.3105
pageable-staging-h2d,10,155,589824,70,7.84738
fread-pinned,10,141,720896,92,7.29768
pageable-pinned,10,141,720896,58,11.5756
pinned-h2d,10,141,720896,35,19.1825
pageable-staging-h2d,10,141,720896,93,7.21921
fread-pinned,10,97,589824,87,6.31398
pageable-pinned,10,97,589824,37,14.8464
pinned-h2d,10,97,589824,31,17.7199
pageable-staging-h2d,10,97,589824,68,8.07818
fread-pinned,10,230,720896,85,7.89867
pageable-pinned,10,230,720896,52,12.9113
pinned-h2d,10,230,720896,35,19.1825
pageable-staging-h2d,10,230,720896,87,7.71709
fread-pinned,10,79,589824,73,7.52488
pageable-pinned,10,79,589824,33,16.646
pinned-h2d,10,79,589824,30,18.3105
pageable-staging-h2d,10,79,589824,63,8.71931
fread-pinned,10,118,589824,101,5.43878
pageable-pinned,10,118,589824,62,8.85994
pinned-h2d,10,118,589824,30,18.3105
pageable-staging-h2d,10,118,589824,92,5.97083
fread-pinned,10,38,720896,112,5.99452
pageable-pinned,10,38,720896,77,8.71931
pinned-h2d,10,38,720896,36,18.6496
pageable-staging-h2d,10,38,720896,113,5.94148
fread-pinned,10,86,589824,83,6.61827
pageable-pinned,10,86,589824,62,8.85994
pinned-h2d,10,86,589824,31,17.7199
pageable-staging-h2d,10,86,589824,93,5.90663
fread-pinned,10,161,589824,83,6.61827
pageable-pinned,10,161,589824,65,8.45102
pinned-h2d,10,161,589824,31,17.7199
pageable-staging-h2d,10,161,589824,96,5.72205
fread-pinned,10,39,589824,92,5.97083
pageable-pinned,10,39,589824,61,9.00519
pinned-h2d,10,39,589824,32,17.1661
pageable-staging-h2d,10,39,589824,93,5.90663
fread-pinned,10,72,589824,97,5.66306
pageable-pinned,10,72,589824,61,9.00519
pinned-h2d,10,72,589824,30,18.3105
pageable-staging-h2d,10,72,589824,91,6.03644
fread-pinned,10,167,720896,109,6.15951
pageable-pinned,10,167,720896,85,7.89867
pinned-h2d,10,167,720896,37,18.1456
pageable-staging-h2d,10,167,720896,122,5.50317
fread-pinned,10,177,589824,95,5.78228
pageable-pinned,10,177,589824,68,8.07818
pinned-h2d,10,177,589824,31,17.7199
pageable-staging-h2d,10,177,589824,99,5.54865
fread-pinned,10,198,720896,95,7.06723
pageable-pinned,10,198,720896,68,9.87333
pinned-h2d,10,198,720896,39,17.215
pageable-staging-h2d,10,198,720896,107,6.27464
fread-pinned,10,22,589824,94,5.84379
pageable-pinned,10,22,589824,57,9.63713
pinned-h2d,10,22,589824,30,18.3105
pageable-staging-h2d,10,22,589824,87,6.31398
fread-pinned,10,131,589824,71,7.73685
pageable-pinned,10,131,589824,40,13.7329
pinned-h2d,10,131,589824,30,18.3105
pageable-staging-h2d,10,131,589824,70,7.84738
fread-pinned,10,147,720896,100,6.71387
pageable-pinned,10,147,720896,57,11.7787
pinned-h2d,10,147,720896,37,18.1456
pageable-staging-h2d,10,147,720896,94,7.14241
fread-pinned,10,235,589824,70,7.84738
pageable-pinned,10,235,589824,42,13.079
pinned-h2d,10,235,589824,31,17.7199
pageable-staging-h2d,10,235,589824,73,7.52488
fread-pinned,10,234,589824,91,6.03644
pageable-pinned,10,234,589824,41,13.398
pinned-h2d,10,234,589824,31,17.7199
pageable-staging-h2d,10,234,589824,72,7.62939
fread-pinned,10,58,589824,76,7.22785
pageable-pinned,10,58,589824,39,14.085
pinned-h2d,10,58,589824,31,17.7199
pageable-staging-h2d,10,58,589824,70,7.84738
fread-pinned,10,34,589824,83,6.61827
pageable-pinned,10,34,589824,43,12.7748
pinned-h2d,10,34,589824,32,17.1661
pageable-staging-h2d,10,34,589824,75,7.32422
fread-pinned,10,149,589824,86,6.3874
pageable-pinned,10,149,589824,67,8.19875
pinned-h2d,10,149,589824,31,17.7199
pageable-staging-h2d,10,149,589824,98,5.60527
fread-pinned,10,229,589824,85,6.46255
pageable-pinned,10,229,589824,57,9.63713
pinned-h2d,10,229,589824,30,18.3105
pageable-staging-h2d,10,229,589824,87,6.31398
fread-pinned,10,60,589824,96,5.72205
pageable-pinned,10,60,589824,60,9.15527
pinned-h2d,10,60,589824,31,17.7199
pageable-staging-h2d,10,60,589824,91,6.03644
fread-pinned,10,191,720896,109,6.15951
pageable-pinned,10,191,720896,74,9.07279
pinned-h2d,10,191,720896,36,18.6496
pageable-staging-h2d,10,191,720896,110,6.10352
fread-pinned,10,0,589824,82,6.69898
pageable-pinned,10,0,589824,51,10.7709
pinned-h2d,10,0,589824,30,18.3105
pageable-staging-h2d,10,0,589824,81,6.78168
fread-pinned,10,101,720896,111,6.04853
pageable-pinned,10,101,720896,70,9.59124
pinned-h2d,10,101,720896,36,18.6496
pageable-staging-h2d,10,101,720896,106,6.33384
fread-pinned,10,7,589824,81,6.78168
pageable-pinned,10,7,589824,55,9.98757
pinned-h2d,10,7,589824,30,18.3105
pageable-staging-h2d,10,7,589824,85,6.46255
fread-pinned,10,48,589824,89,6.17209
pageable-pinned,10,48,589824,60,9.15527
pinned-h2d,10,48,589824,30,18.3105
pageable-staging-h2d,10,48,589824,90,6.10352
fread-pinned,10,140,720896,118,5.68972
pageable-pinned,10,140,720896,77,8.71931
pinned-h2d,10,140,720896,37,18.1456
pageable-staging-h2d,10,140,720896,114,5.88936
fread-pinned,10,120,720896,132,5.08626
pageable-pinned,10,120,720896,80,8.39233
pinned-h2d,10,120,720896,36,18.6496
pageable-staging-h2d,10,120,720896,116,5.78782
fread-pinned,10,33,589824,87,6.31398
pageable-pinned,10,33,589824,46,11.9417
pinned-h2d,10,33,589824,31,17.7199
pageable-staging-h2d,10,33,589824,77,7.13398
fread-pinned,10,129,589824,74,7.42319
pageable-pinned,10,129,589824,45,12.207
pinned-h2d,10,129,589824,32,17.1661
pageable-staging-h2d,10,129,589824,77,7.13398
fread-pinned,10,172,720896,94,7.14241
pageable-pinned,10,172,720896,55,12.207
pinned-h2d,10,172,720896,38,17.6681
pageable-staging-h2d,10,172,720896,93,7.21921
fread-pinned,10,113,589824,68,8.07818
pageable-pinned,10,113,589824,42,13.079
pinned-h2d,10,113,589824,31,17.7199
pageable-staging-h2d,10,113,589824,73,7.52488
fread-pinned,10,62,589824,73,7.52488
pageable-pinned,10,62,589824,36,15.2588
pinned-h2d,10,62,589824,31,17.7199
pageable-staging-h2d,10,62,589824,67,8.19875
fread-pinned,10,170,589824,98,5.60527
pageable-pinned,10,170,589824,48,11.4441
pinned-h2d,10,170,589824,32,17.1661
pageable-staging-h2d,10,170,589824,80,6.86646
fread-pinned,10,175,589824,80,6.86646
pageable-pinned,10,175,589824,41,13.398
pinned-h2d,10,175,589824,31,17.7199
pageable-staging-h2d,10,175,589824,72,7.62939
fread-pinned,10,44,720896,101,6.64739
pageable-pinned,10,44,720896,51,13.1644
pinned-h2d,10,44,720896,37,18.1456
pageable-staging-h2d,10,44,720896,88,7.62939
fread-pinned,10,27,589824,82,6.69898
pageable-pinned,10,27,589824,43,12.7748
pinned-h2d,10,27,589824,31,17.7199
pageable-staging-h2d,10,27,589824,74,7.42319
fread-pinned,10,244,860160,111,7.21699
pageable-pinned,10,244,860160,64,12.517
pinned-h2d,10,244,860160,43,18.6299
pageable-staging-h2d,10,244,860160,107,7.48679
fread-pinned,10,107,589824,94,5.84379
pageable-pinned,10,107,589824,42,13.079
pinned-h2d,10,107,589824,31,17.7199
pageable-staging-h2d,10,107,589824,73,7.52488
fread-pinned,10,212,720896,110,6.10352
pageable-pinned,10,212,720896,83,8.089
pinned-h2d,10,212,720896,36,18.6496
pageable-staging-h2d,10,212,720896,119,5.64191
fread-pinned,10,115,720896,113,5.94148
pageable-pinned,10,115,720896,73,9.19708
pinned-h2d,10,115,720896,35,19.1825
pageable-staging-h2d,10,115,720896,108,6.21654
fread-pinned,10,200,589824,92,5.97083
pageable-pinned,10,200,589824,68,8.07818
pinned-h2d,10,200,589824,31,17.7199
pageable-staging-h2d,10,200,589824,99,5.54865
fread-pinned,10,32,720896,120,5.59489
pageable-pinned,10,32,720896,82,8.18764
pinned-h2d,10,32,720896,36,18.6496
pageable-staging-h2d,10,32,720896,118,5.68972
fread-pinned,10,138,589824,85,6.46255
pageable-pinned,10,138,589824,66,8.32298
pinned-h2d,10,138,589824,30,18.3105
pageable-staging-h2d,10,138,589824,96,5.72205
fread-pinned,10,77,720896,131,5.12509
pageable-pinned,10,77,720896,92,7.29768
pinned-h2d,10,77,720896,36,18.6496
pageable-staging-h2d,10,77,720896,128,5.24521
fread-pinned,10,127,720896,95,7.06723
pageable-pinned,10,127,720896,69,9.73024
pinned-h2d,10,127,720896,36,18.6496
pageable-staging-h2d,10,127,720896,105,6.39416
fread-pinned,10,84,589824,86,6.3874
pageable-pinned,10,84,589824,67,8.19875
pinned-h2d,10,84,589824,31,17.7199
pageable-staging-h2d,10,84,589824,98,5.60527
fread-pinned,10,217,860160,135,5.93397
pageable-pinned,10,217,860160,99,8.09178
pinned-h2d,10,217,860160,42,19.0735
pageable-staging-h2d,10,217,860160,141,5.68146
fread-pinned,10,216,589824,75,7.32422
pageable-pinned,10,216,589824,42,13.079
pinned-h2d,10,216,589824,31,17.7199
pageable-staging-h2d,10,216,589824,73,7.52488
fread-pinned,10,134,720896,83,8.089
pageable-pinned,10,134,720896,53,12.6677
pinned-h2d,10,134,720896,37,18.1456
pageable-staging-h2d,10,134,720896,90,7.45985
fread-pinned,10,238,589824,84,6.53948
pageable-pinned,10,238,589824,44,12.4845
pinned-h2d,10,238,589824,30,18.3105
pageable-staging-h2d,10,238,589824,74,7.42319
fread-pinned,10,186,720896,81,8.28872
pageable-pinned,10,186,720896,55,12.207
pinned-h2d,10,186,720896,36,18.6496
pageable-staging-h2d,10,186,720896,91,7.37788
fread-pinned,10,199,720896,83,8.089
pageable-pinned,10,199,720896,52,12.9113
pinned-h2d,10,199,720896,36,18.6496
pageable-staging-h2d,10,199,720896,88,7.62939
fread-pinned,10,117,589824,74,7.42319
pageable-pinned,10,117,589824,42,13.079
pinned-h2d,10,117,589824,31,17.7199
pageable-staging-h2d,10,117,589824,73,7.52488
fread-pinned,10,255,860160,99,8.09178
pageable-pinned,10,255,860160,61,13.1326
pinned-h2d,10,255,860160,42,19.0735
pageable-staging-h2d,10,255,860160,103,7.77754
fread-pinned,10,133,720896,87,7.71709
pageable-pinned,10,133,720896,52,12.9113
pinned-h2d,10,133,720896,37,18.1456
pageable-staging-h2d,10,133,720896,89,7.54367
fread-pinned,10,111,589824,90,6.10352
pageable-pinned,10,111,589824,45,12.207
pinned-h2d,10,111,589824,32,17.1661
pageable-staging-h2d,10,111,589824,77,7.13398
fread-pinned,10,3,589824,69,7.96111
pageable-pinned,10,3,589824,41,13.398
pinned-h2d,10,3,589824,30,18.3105
pageable-staging-h2d,10,3,589824,71,7.73685
fread-pinned,10,47,589824,82,6.69898
pageable-pinned,10,47,589824,44,12.4845
pinned-h2d,10,47,589824,31,17.7199
pageable-staging-h2d,10,47,589824,75,7.32422
fread-pinned,10,196,589824,69,7.96111
pageable-pinned,10,196,589824,58,9.47097
pinned-h2d,10,196,589824,31,17.7199
pageable-staging-h2d,10,196,589824,89,6.17209
fread-pinned,10,81,589824,88,6.24223
pageable-pinned,10,81,589824,68,8.07818
pinned-h2d,10,81,589824,30,18.3105
pageable-staging-h2d,10,81,589824,98,5.60527
fread-pinned,10,10,589824,77,7.13398
pageable-pinned,10,10,589824,55,9.98757
pinned-h2d,10,10,589824,30,18.3105
pageable-staging-h2d,10,10,589824,85,6.46255
fread-pinned,10,195,589824,107,5.1338
pageable-pinned,10,195,589824,69,7.96111
pinned-h2d,10,195,589824,30,18.3105
pageable-staging-h2d,10,195,589824,99,5.54865
fread-pinned,10,160,720896,123,5.45843
pageable-pinned,10,160,720896,84,7.9927
pinned-h2d,10,160,720896,39,17.215
pageable-staging-h2d,10,160,720896,123,5.45843
fread-pinned,10,73,589824,96,5.72205
pageable-pinned,10,73,589824,63,8.71931
pinned-h2d,10,73,589824,30,18.3105
pageable-staging-h2d,10,73,589824,93,5.90663
fread-pinned,10,15,589824,92,5.97083
pageable-pinned,10,15,589824,66,8.32298
pinned-h2d,10,15,589824,31,17.7199
pageable-staging-h2d,10,15,589824,97,5.66306
fread-pinned,10,89,720896,101,6.64739
pageable-pinned,10,89,720896,81,8.28872
pinned-h2d,10,89,720896,36,18.6496
pageable-staging-h2d,10,89,720896,117,5.73835
fread-pinned,10,245,589824,91,6.03644
pageable-pinned,10,245,589824,61,9.00519
pinned-h2d,10,245,589824,31,17.7199
pageable-staging-h2d,10,245,589824,92,5.97083
fread-pinned,10,100,589824,100,5.49316
pageable-pinned,10,100,589824,67,8.19875
pinned-h2d,10,100,589824,30,18.3105
pageable-staging-h2d,10,100,589824,97,5.66306
fread-pinned,10,28,589824,91,6.03644
pageable-pinned,10,28,589824,40,13.7329
pinned-h2d,10,28,589824,31,17.7199
pageable-staging-h2d,10,28,589824,71,7.73685
fread-pinned,10,57,720896,116,5.78782
pageable-pinned,10,57,720896,59,11.3794
pinned-h2d,10,57,720896,36,18.6496
pageable-staging-h2d,10,57,720896,95,7.06723
fread-pinned,10,9,589824,66,8.32298
pageable-pinned,10,9,589824,37,14.8464
pinned-h2d,10,9,589824,30,18.3105
pageable-staging-h2d,10,9,589824,67,8.19875
fread-pinned,10,208,589824,71,7.73685
pageable-pinned,10,208,589824,45,12.207
pinned-h2d,10,208,589824,31,17.7199
pageable-staging-h2d,10,208,589824,76,7.22785
fread-pinned,10,137,589824,66,8.32298
pageable-pinned,10,137,589824,44,12.4845
pinned-h2d,10,137,589824,32,17.1661
pageable-staging-h2d,10,137,589824,76,7.22785
fread-pinned,10,106,589824,88,6.24223
pageable-pinned,10,106,589824,42,13.079
pinned-h2d,10,106,589824,32,17.1661
pageable-staging-h2d,10,106,589824,74,7.42319
fread-pinned,10,61,589824,90,6.10352
pageable-pinned,10,61,589824,45,12.207
pinned-h2d,10,61,589824,30,18.3105
pageable-staging-h2d,10,61,589824,75,7.32422
fread-pinned,10,103,589824,77,7.13398
pageable-pinned,10,103,589824,42,13.079
pinned-h2d,10,103,589824,32,17.1661
pageable-staging-h2d,10,103,589824,74,7.42319
fread-pinned,10,152,589824,94,5.84379
pageable-pinned,10,152,589824,42,13.079
pinned-h2d,10,152,589824,32,17.1661
pageable-staging-h2d,10,152,589824,74,7.42319
fread-pinned,10,209,589824,68,8.07818
pageable-pinned,10,209,589824,45,12.207
pinned-h2d,10,209,589824,31,17.7199
pageable-staging-h2d,10,209,589824,76,7.22785
fread-pinned,10,181,589824,70,7.84738
pageable-pinned,10,181,589824,43,12.7748
pinned-h2d,10,181,589824,31,17.7199
pageable-staging-h2d,10,181,589824,74,7.42319
fread-pinned,10,17,589824,80,6.86646
pageable-pinned,10,17,589824,46,11.9417
pinned-h2d,10,17,589824,30,18.3105
pageable-staging-h2d,10,17,589824,76,7.22785
fread-pinned,10,179,720896,126,5.32847
pageable-pinned,10,179,720896,81,8.28872
pinned-h2d,10,179,720896,35,19.1825
pageable-staging-h2d,10,179,720896,116,5.78782
fread-pinned,10,2,589824,79,6.95337
pageable-pinned,10,2,589824,61,9.00519
pinned-h2d,10,2,589824,30,18.3105
pageable-staging-h2d,10,2,589824,91,6.03644
fread-pinned,10,30,720896,114,5.88936
pageable-pinned,10,30,720896,89,7.54367
pinned-h2d,10,30,720896,34,19.7467
pageable-staging-h2d,10,30,720896,123,5.45843
fread-pinned,10,144,589824,112,4.90461
pageable-pinned,10,144,589824,69,7.96111
pinned-h2d,10,144,589824,30,18.3105
pageable-staging-h2d,10,144,589824,99,5.54865
fread-pinned,10,124,589824,80,6.86646
pageable-pinned,10,124,589824,61,9.00519
pinned-h2d,10,124,589824,31,17.7199
pageable-staging-h2d,10,124,589824,92,5.97083
fread-pinned,10,54,589824,98,5.60527
pageable-pinned,10,54,589824,64,8.58307
pinned-h2d,10,54,589824,31,17.7199
pageable-staging-h2d,10,54,589824,95,5.78228
fread-pinned,10,105,589824,108,5.08626
pageable-pinned,10,105,589824,68,8.07818
pinned-h2d,10,105,589824,31,17.7199
pageable-staging-h2d,10,105,589824,99,5.54865
fread-pinned,10,53,589824,100,5.49316
pageable-pinned,10,53,589824,64,8.58307
pinned-h2d,10,53,589824,30,18.3105
pageable-staging-h2d,10,53,589824,94,5.84379
fread-pinned,10,142,589824,85,6.46255
pageable-pinned,10,142,589824,67,8.19875
pinned-h2d,10,142,589824,30,18.3105
pageable-staging-h2d,10,142,589824,97,5.66306
fread-pinned,10,12,720896,101,6.64739
pageable-pinned,10,12,720896,74,9.07279
pinned-h2d,10,12,720896,37,18.1456
pageable-staging-h2d,10,12,720896,111,6.04853
fread-pinned,10,159,720896,93,7.21921
pageable-pinned,10,159,720896,54,12.4331
pinned-h2d,10,159,720896,36,18.6496
pageable-staging-h2d,10,159,720896,90,7.45985
fread-pinned,10,19,720896,92,7.29768
pageable-pinned,10,19,720896,51,13.1644
pinned-h2d,10,19,720896,37,18.1456
pageable-staging-h2d,10,19,720896,88,7.62939
fread-pinned,10,251,589824,66,8.32298
pageable-pinned,10,251,589824,41,13.398
pinned-h2d,10,251,589824,30,18.3105
pageable-staging-h2d,10,251,589824,71,7.73685
fread-pinned,10,192,720896,105,6.39416
pageable-pinned,10,192,720896,54,12.4331
pinned-h2d,10,192,720896,36,18.6496
pageable-staging-h2d,10,192,720896,90,7.45985
fread-pinned,10,247,589824,79,6.95337
pageable-pinned,10,247,589824,47,11.6876
pinned-h2d,10,247,589824,31,17.7199
pageable-staging-h2d,10,247,589824,78,7.04252
fread-pinned,10,11,720896,97,6.92151
pageable-pinned,10,11,720896,78,8.60752
pinned-h2d,10,11,720896,37,18.1456
pageable-staging-h2d,10,11,720896,115,5.83815
fread-pinned,10,110,589824,86,6.3874
pageable-pinned,10,110,589824,65,8.45102
pinned-h2d,10,110,589824,31,17.7199
pageable-staging-h2d,10,110,589824,96,5.72205
fread-pinned,10,14,589824,87,6.31398
pageable-pinned,10,14,589824,64,8.58307
pinned-h2d,10,14,589824,31,17.7199
pageable-staging-h2d,10,14,589824,95,5.78228
fread-pinned,10,20,589824,96,5.72205
pageable-pinned,10,20,589824,65,8.45102
pinned-h2d,10,20,589824,30,18.3105
pageable-staging-h2d,10,20,589824,95,5.78228
fread-pinned,10,183,589824,82,6.69898
pageable-pinned,10,183,589824,63,8.71931
pinned-h2d,10,183,589824,30,18.3105
pageable-staging-h2d,10,183,589824,93,5.90663
fread-pinned,10,51,720896,129,5.20455
pageable-pinned,10,51,720896,87,7.71709
pinned-h2d,10,51,720896,35,19.1825
pageable-staging-h2d,10,51,720896,122,5.50317
fread-pinned,10,240,589824,89,6.17209
pageable-pinned,10,240,589824,70,7.84738
pinned-h2d,10,240,589824,30,18.3105
pageable-staging-h2d,10,240,589824,100,5.49316
fread-pinned,10,151,589824,83,6.61827
pageable-pinned,10,151,589824,65,8.45102
pinned-h2d,10,151,589824,30,18.3105
pageable-staging-h2d,10,151,589824,95,5.78228
fread-pinned,10,75,720896,127,5.28651
pageable-pinned,10,75,720896,92,7.29768
pinned-h2d,10,75,720896,35,19.1825
pageable-staging-h2d,10,75,720896,127,5.28651
fread-pinned,10,121,720896,132,5.08626
pageable-pinned,10,121,720896,65,10.329
pinned-h2d,10,121,720896,36,18.6496
pageable-staging-h2d,10,121,720896,101,6.64739
fread-pinned,10,45,589824,88,6.24223
pageable-pinned,10,45,589824,43,12.7748
pinned-h2d,10,45,589824,31,17.7199
pageable-staging-h2d,10,45,589824,74,7.42319
fread-pinned,10,50,720896,122,5.50317
pageable-pinned,10,50,720896,58,11.5756
pinned-h2d,10,50,720896,36,18.6496
pageable-staging-h2d,10,50,720896,94,7.14241
fread-pinned,10,135,589824,70,7.84738
pageable-pinned,10,135,589824,46,11.9417
pinned-h2d,10,135,589824,30,18.3105
pageable-staging-h2d,10,135,589824,76,7.22785
fread-pinned,10,145,589824,93,5.90663
pageable-pinned,10,145,589824,41,13.398
pinned-h2d,10,145,589824,31,17.7199
pageable-staging-h2d,10,145,589824,72,7.62939
fread-pinned,10,125,589824,80,6.86646
pageable-pinned,10,125,589824,40,13.7329
pinned-h2d,10,125,589824,32,17.1661
pageable-staging-h2d,10,125,589824,72,7.62939
fread-pinned,10,171,589824,97,5.66306
pageable-pinned,10,171,589824,63,8.71931
pinned-h2d,10,171,589824,30,18.3105
pageable-staging-h2d,10,171,589824,93,5.90663
fread-pinned,10,202,589824,106,5.18223
pageable-pinned,10,202,589824,66,8.32298
pinned-h2d,10,202,589824,31,17.7199
pageable-staging-h2d,10,202,589824,97,5.66306
fread-pinned,10,80,589824,91,6.03644
pageable-pinned,10,80,589824,54,10.1725
pinned-h2d,10,80,589824,30,18.3105
pageable-staging-h2d,10,80,589824,84,6.53948
fread-pinned,10,4,589824,83,6.61827
pageable-pinned,10,4,589824,57,9.63713
pinned-h2d,10,4,589824,31,17.7199
pageable-staging-h2d,10,4,589824,88,6.24223
fread-pinned,10,92,589824,92,5.97083
pageable-pinned,10,92,589824,68,8.07818
pinned-h2d,10,92,589824,31,17.7199
pageable-staging-h2d,10,92,589824,99,5.54865
fread-pinned,10,193,589824,87,6.31398
pageable-pinned,10,193,589824,65,8.45102
pinned-h2d,10,193,589824,30,18.3105
pageable-staging-h2d,10,193,589824,95,5.78228
fread-pinned,10,99,589824,99,5.54865
pageable-pinned,10,99,589824,64,8.58307
pinned-h2d,10,99,589824,30,18.3105
pageable-staging-h2d,10,99,589824,94,5.84379
fread-pinned,10,83,720896,115,5.83815
pageable-pinned,10,83,720896,80,8.39233
pinned-h2d,10,83,720896,35,19.1825
pageable-staging-h2d,10,83,720896,115,5.83815
fread-pinned,10,104,589824,88,6.24223
pageable-pinned,10,104,589824,66,8.32298
pinned-h2d,10,104,589824,30,18.3105
pageable-staging-h2d,10,104,589824,96,5.72205
fread-pinned,10,8,589824,82,6.69898
pageable-pinned,10,8,589824,61,9.00519
pinned-h2d,10,8,589824,30,18.3105
pageable-staging-h2d,10,8,589824,91,6.03644
fread-pinned,10,93,589824,72,7.62939
pageable-pinned,10,93,589824,47,11.6876
pinned-h2d,10,93,589824,31,17.7199
pageable-staging-h2d,10,93,589824,78,7.04252
fread-pinned,10,13,589824,80,6.86646
pageable-pinned,10,13,589824,46,11.9417
pinned-h2d,10,13,589824,30,18.3105
pageable-staging-h2d,10,13,589824,76,7.22785
fread-pinned,10,41,589824,84,6.53948
pageable-pinned,10,41,589824,45,12.207
pinned-h2d,10,41,589824,31,17.7199
pageable-staging-h2d,10,41,589824,76,7.22785
fread-pinned,10,76,720896,117,5.73835
pageable-pinned,10,76,720896,57,11.7787
pinned-h2d,10,76,720896,36,18.6496
pageable-staging-h2d,10,76,720896,93,7.21921
fread-pinned,10,176,589824,80,6.86646
pageable-pinned,10,176,589824,45,12.207
pinned-h2d,10,176,589824,30,18.3105
pageable-staging-h2d,10,176,589824,75,7.32422
fread-pinned,10,221,589824,81,6.78168
pageable-pinned,10,221,589824,62,8.85994
pinned-h2d,10,221,589824,29,18.9419
pageable-staging-h2d,10,221,589824,91,6.03644
fread-pinned,10,180,589824,83,6.61827
pageable-pinned,10,180,589824,62,8.85994
pinned-h2d,10,180,589824,31,17.7199
pageable-staging-h2d,10,180,589824,93,5.90663
fread-pinned,10,163,589824,86,6.3874
pageable-pinned,10,163,589824,68,8.07818
pinned-h2d,10,163,589824,30,18.3105
pageable-staging-h2d,10,163,589824,98,5.60527
fread-pinned,10,254,589824,94,5.84379
pageable-pinned,10,254,589824,68,8.07818
pinned-h2d,10,254,589824,31,17.7199
pageable-staging-h2d,10,254,589824,99,5.54865
fread-pinned,10,236,720896,112,5.99452
pageable-pinned,10,236,720896,82,8.18764
pinned-h2d,10,236,720896,36,18.6496
pageable-staging-h2d,10,236,720896,118,5.68972
fread-pinned,10,218,860160,135,5.93397
pageable-pinned,10,218,860160,102,7.85379
pinned-h2d,10,218,860160,42,19.0735
pageable-staging-h2d,10,218,860160,144,5.5631
fread-pinned,10,207,589824,89,6.17209
pageable-pinned,10,207,589824,63,8.71931
pinned-h2d,10,207,589824,32,17.1661
pageable-staging-h2d,10,207,589824,95,5.78228
fread-pinned,10,42,589824,99,5.54865
pageable-pinned,10,42,589824,67,8.19875
pinned-h2d,10,42,589824,31,17.7199
pageable-staging-h2d,10,42,589824,98,5.60527
fread-pinned,10,246,589824,81,6.78168
pageable-pinned,10,246,589824,65,8.45102
pinned-h2d,10,246,589824,30,18.3105
pageable-staging-h2d,10,246,589824,95,5.78228
fread-pinned,10,154,720896,139,4.83012
pageable-pinned,10,154,720896,90,7.45985
pinned-h2d,10,154,720896,37,18.1456
pageable-staging-h2d,10,154,720896,127,5.28651
fread-pinned,10,237,720896,94,7.14241
pageable-pinned,10,237,720896,55,12.207
pinned-h2d,10,237,720896,37,18.1456
pageable-staging-h2d,10,237,720896,92,7.29768
fread-pinned,10,24,720896,105,6.39416
pageable-pinned,10,24,720896,53,12.6677
pinned-h2d,10,24,720896,36,18.6496
pageable-staging-h2d,10,24,720896,89,7.54367
fread-pinned,10,197,589824,72,7.62939
pageable-pinned,10,197,589824,46,11.9417
pinned-h2d,10,197,589824,31,17.7199
pageable-staging-h2d,10,197,589824,77,7.13398
fread-pinned,10,168,589824,103,5.33317
pageable-pinned,10,168,589824,46,11.9417
pinned-h2d,10,168,589824,30,18.3105
pageable-staging-h2d,10,168,589824,76,7.22785
fread-pinned,10,43,720896,110,6.10352
pageable-pinned,10,43,720896,55,12.207
pinned-h2d,10,43,720896,36,18.6496
pageable-staging-h2d,10,43,720896,91,7.37788
fread-pinned,10,174,589824,99,5.54865
pageable-pinned,10,174,589824,47,11.6876
pinned-h2d,10,174,589824,30,18.3105
pageable-staging-h2d,10,174,589824,77,7.13398
fread-pinned,10,56,720896,115,5.83815
pageable-pinned,10,56,720896,60,11.1898
pinned-h2d,10,56,720896,36,18.6496
pageable-staging-h2d,10,56,720896,96,6.99361
fread-pinned,10,162,589824,68,8.07818
pageable-pinned,10,162,589824,45,12.207
pinned-h2d,10,162,589824,31,17.7199
pageable-staging-h2d,10,162,589824,76,7.22785
fread-pinned,10,169,589824,98,5.60527
pageable-pinned,10,169,589824,52,10.5638
pinned-h2d,10,169,589824,34,16.1564
pageable-staging-h2d,10,169,589824,86,6.3874
fread-pinned,10,132,589824,69,7.96111
pageable-pinned,10,132,589824,42,13.079
pinned-h2d,10,132,589824,31,17.7199
pageable-staging-h2d,10,132,589824,73,7.52488
fread-pinned,10,201,589824,82,6.69898
pageable-pinned,10,201,589824,58,9.47097
pinned-h2d,10,201,589824,30,18.3105
pageable-staging-h2d,10,201,589824,88,6.24223
fread-pinned,10,173,720896,137,4.90063
pageable-pinned,10,173,720896,87,7.71709
pinned-h2d,10,173,720896,36,18.6496
pageable-staging-h2d,10,173,720896,123,5.45843
fread-pinned,10,112,589824,81,6.78168
pageable-pinned,10,112,589824,58,9.47097
pinned-h2d,10,112,589824,30,18.3105
pageable-staging-h2d,10,112,589824,88,6.24223
fread-pinned,10,148,589824,87,6.31398
pageable-pinned,10,148,589824,70,7.84738
pinned-h2d,10,148,589824,30,18.3105
pageable-staging-h2d,10,148,589824,100,5.49316
fread-pinned,10,90,589824,94,5.84379
pageable-pinned,10,90,589824,66,8.32298
pinned-h2d,10,90,589824,29,18.9419
pageable-staging-h2d,10,90,589824,95,5.78228
fread-pinned,10,88,720896,113,5.94148
pageable-pinned,10,88,720896,85,7.89867
pinned-h2d,10,88,720896,39,17.215
pageable-staging-h2d,10,88,720896,124,5.41441
fread-pinned,10,188,589824,95,5.78228
pageable-pinned,10,188,589824,69,7.96111
pinned-h2d,10,188,589824,31,17.7199
pageable-staging-h2d,10,188,589824,100,5.49316
fread-pinned,10,227,589824,85,6.46255
pageable-pinned,10,227,589824,66,8.32298
pinned-h2d,10,227,589824,29,18.9419
pageable-staging-h2d,10,227,589824,95,5.78228
fread-pinned,10,25,720896,115,5.83815
pageable-pinned,10,25,720896,89,7.54367
pinned-h2d,10,25,720896,36,18.6496
pageable-staging-h2d,10,25,720896,125,5.37109
fread-pinned,10,40,589824,91,6.03644
pageable-pinned,10,40,589824,55,9.98757
pinned-h2d,10,40,589824,31,17.7199
pageable-staging-h2d,10,40,589824,86,6.3874
fread-pinned,10,231,720896,95,7.06723
pageable-pinned,10,231,720896,57,11.7787
pinned-h2d,10,231,720896,36,18.6496
pageable-staging-h2d,10,231,720896,93,7.21921
fread-pinned,10,102,720896,119,5.64191
pageable-pinned,10,102,720896,54,12.4331
pinned-h2d,10,102,720896,36,18.6496
pageable-staging-h2d,10,102,720896,90,7.45985
fread-pinned,10,185,720896,84,7.9927
pageable-pinned,10,185,720896,52,12.9113
pinned-h2d,10,185,720896,37,18.1456
pageable-staging-h2d,10,185,720896,89,7.54367
fread-pinned,10,46,589824,92,5.97083
pageable-pinned,10,46,589824,48,11.4441
pinned-h2d,10,46,589824,32,17.1661
pageable-staging-h2d,10,46,589824,80,6.86646
fread-pinned,10,242,589824,73,7.52488
pageable-pinned,10,242,589824,43,12.7748
pinned-h2d,10,242,589824,30,18.3105
pageable-staging-h2d,10,242,589824,73,7.52488
fread-pinned,10,153,720896,95,7.06723
pageable-pinned,10,153,720896,81,8.28872
pinned-h2d,10,153,720896,35,19.1825
pageable-staging-h2d,10,153,720896,116,5.78782
fread-pinned,10,36,589824,100,5.49316
pageable-pinned,10,36,589824,72,7.62939
pinned-h2d,10,36,589824,31,17.7199
pageable-staging-h2d,10,36,589824,103,5.33317
fread-pinned,10,253,589824,99,5.54865
pageable-pinned,10,253,589824,68,8.07818
pinned-h2d,10,253,589824,31,17.7199
pageable-staging-h2d,10,253,589824,99,5.54865
fread-pinned,10,16,589824,99,5.54865
pageable-pinned,10,16,589824,68,8.07818
pinned-h2d,10,16,589824,30,18.3105
pageable-staging-h2d,10,16,589824,98,5.60527
fread-pinned,10,31,720896,128,5.24521
pageable-pinned,10,31,720896,92,7.29768
pinned-h2d,10,31,720896,36,18.6496
pageable-staging-h2d,10,31,720896,128,5.24521
fread-pinned,10,59,589824,101,5.43878
pageable-pinned,10,59,589824,71,7.73685
pinned-h2d,10,59,589824,30,18.3105
pageable-staging-h2d,10,59,589824,101,5.43878
fread-pinned,10,1,589824,85,6.46255
pageable-pinned,10,1,589824,68,8.07818
pinned-h2d,10,1,589824,30,18.3105
pageable-staging-h2d,10,1,589824,98,5.60527
fread-pinned,10,126,589824,102,5.38545
pageable-pinned,10,126,589824,67,8.19875
pinned-h2d,10,126,589824,30,18.3105
pageable-staging-h2d,10,126,589824,97,5.66306
fread-pinned,10,94,589824,86,6.3874
pageable-pinned,10,94,589824,63,8.71931
pinned-h2d,10,94,589824,29,18.9419
pageable-staging-h2d,10,94,589824,92,5.97083
fread-pinned,10,214,589824,86,6.3874
pageable-pinned,10,214,589824,60,9.15527
pinned-h2d,10,214,589824,31,17.7199
pageable-staging-h2d,10,214,589824,91,6.03644
fread-pinned,10,143,589824,99,5.54865
pageable-pinned,10,143,589824,45,12.207
pinned-h2d,10,143,589824,30,18.3105
pageable-staging-h2d,10,143,589824,75,7.32422
fread-pinned,10,206,589824,72,7.62939
pageable-pinned,10,206,589824,43,12.7748
pinned-h2d,10,206,589824,30,18.3105
pageable-staging-h2d,10,206,589824,73,7.52488
fread-pinned,10,98,589824,98,5.60527
pageable-pinned,10,98,589824,45,12.207
pinned-h2d,10,98,589824,30,18.3105
pageable-staging-h2d,10,98,589824,75,7.32422
fread-pinned,10,156,589824,81,6.78168
pageable-pinned,10,156,589824,45,12.207
pinned-h2d,10,156,589824,30,18.3105
pageable-staging-h2d,10,156,589824,75,7.32422
fread-pinned,10,116,589824,82,6.69898
pageable-pinned,10,116,589824,46,11.9417
pinned-h2d,10,116,589824,31,17.7199
pageable-staging-h2d,10,116,589824,77,7.13398
fread-pinned,10,194,589824,82,6.69898
pageable-pinned,10,194,589824,64,8.58307
pinned-h2d,10,194,589824,30,18.3105
pageable-staging-h2d,10,194,589824,94,5.84379
fread-pinned,10,78,589824,105,5.23158
pageable-pinned,10,78,589824,70,7.84738
pinned-h2d,10,78,589824,29,18.9419
pageable-staging-h2d,10,78,589824,99,5.54865
fread-pinned,10,166,720896,106,6.33384
pageable-pinned,10,166,720896,80,8.39233
pinned-h2d,10,166,720896,36,18.6496
pageable-staging-h2d,10,166,720896,116,5.78782
fread-pinned,10,70,720896,120,5.59489
pageable-pinned,10,70,720896,83,8.089
pinned-h2d,10,70,720896,35,19.1825
pageable-staging-h2d,10,70,720896,118,5.68972
fread-pinned,10,122,720896,106,6.33384
pageable-pinned,10,122,720896,89,7.54367
pinned-h2d,10,122,720896,36,18.6496
pageable-staging-h2d,10,122,720896,125,5.37109
fread-pinned,10,123,589824,81,6.78168
pageable-pinned,10,123,589824,61,9.00519
pinned-h2d,10,123,589824,32,17.1661
pageable-staging-h2d,10,123,589824,93,5.90663
fread-pinned,10,228,589824,86,6.3874
pageable-pinned,10,228,589824,61,9.00519
pinned-h2d,10,228,589824,30,18.3105
pageable-staging-h2d,10,228,589824,91,6.03644
fread-pinned,10,26,589824,108,5.08626
pageable-pinned,10,26,589824,63,8.71931
pinned-h2d,10,26,589824,31,17.7199
pageable-staging-h2d,10,26,589824,94,5.84379
fread-pinned,10,65,589824,97,5.66306
pageable-pinned,10,65,589824,64,8.58307
pinned-h2d,10,65,589824,30,18.3105
pageable-staging-h2d,10,65,589824,94,5.84379
fread-pinned,10,128,720896,112,5.99452
pageable-pinned,10,128,720896,85,7.89867
pinned-h2d,10,128,720896,36,18.6496
pageable-staging-h2d,10,128,720896,121,5.54865
fread-pinned,10,49,589824,88,6.24223
pageable-pinned,10,49,589824,44,12.4845
pinned-h2d,10,49,589824,30,18.3105
pageable-staging-h2d,10,49,589824,74,7.42319
fread-pinned,10,165,720896,89,7.54367
pageable-pinned,10,165,720896,55,12.207
pinned-h2d,10,165,720896,34,19.7467
pageable-staging-h2d,10,165,720896,89,7.54367
fread-pinned,10,23,589824,92,5.97083
pageable-pinned,10,23,589824,48,11.4441
pinned-h2d,10,23,589824,31,17.7199
pageable-staging-h2d,10,23,589824,79,6.95337
fread-pinned,10,189,589824,81,6.78168
pageable-pinned,10,189,589824,47,11.6876
pinned-h2d,10,189,589824,31,17.7199
pageable-staging-h2d,10,189,589824,78,7.04252
fread-pinned,10,210,720896,92,7.29768
pageable-pinned,10,210,720896,56,11.989
pinned-h2d,10,210,720896,36,18.6496
pageable-staging-h2d,10,210,720896,92,7.29768
fread-pinned,10,187,589824,85,6.46255
pageable-pinned,10,187,589824,72,7.62939
pinned-h2d,10,187,589824,31,17.7199
pageable-staging-h2d,10,187,589824,103,5.33317
fread-pinned,10,204,720896,113,5.94148
pageable-pinned,10,204,720896,89,7.54367
pinned-h2d,10,204,720896,36,18.6496
pageable-staging-h2d,10,204,720896,125,5.37109
fread-pinned,10,87,589824,83,6.61827
pageable-pinned,10,87,589824,67,8.19875
pinned-h2d,10,87,589824,31,17.7199
pageable-staging-h2d,10,87,589824,98,5.60527
fread-pinned,10,82,720896,140,4.79562
pageable-pinned,10,82,720896,91,7.37788
pinned-h2d,10,82,720896,36,18.6496
pageable-staging-h2d,10,82,720896,127,5.28651
fread-pinned,10,222,589824,86,6.3874
pageable-pinned,10,222,589824,67,8.19875
pinned-h2d,10,222,589824,30,18.3105
pageable-staging-h2d,10,222,589824,97,5.66306
fread-pinned,10,18,720896,111,6.04853
pageable-pinned,10,18,720896,89,7.54367
pinned-h2d,10,18,720896,36,18.6496
pageable-staging-h2d,10,18,720896,125,5.37109
fread-pinned,10,52,589824,100,5.49316
pageable-pinned,10,52,589824,64,8.58307
pinned-h2d,10,52,589824,31,17.7199
pageable-staging-h2d,10,52,589824,95,5.78228
fread-pinned,10,219,589824,88,6.24223
pageable-pinned,10,219,589824,74,7.42319
pinned-h2d,10,219,589824,30,18.3105
pageable-staging-h2d,10,219,589824,104,5.28189
fread-pinned,10,55,589824,105,5.23158
pageable-pinned,10,55,589824,71,7.73685
pinned-h2d,10,55,589824,32,17.1661
pageable-staging-h2d,10,55,589824,103,5.33317
fread-pinned,10,226,589824,86,6.3874
pageable-pinned,10,226,589824,67,8.19875
pinned-h2d,10,226,589824,30,18.3105
pageable-staging-h2d,10,226,589824,97,5.66306
fread-pinned,10,249,860160,112,7.15256
pageable-pinned,10,249,860160,66,12.1377
pinned-h2d,10,249,860160,43,18.6299
pageable-staging-h2d,10,249,860160,109,7.34942
fread-pinned,10,21,589824,92,5.97083
pageable-pinned,10,21,589824,48,11.4441
pinned-h2d,10,21,589824,31,17.7199
pageable-staging-h2d,10,21,589824,79,6.95337
fread-pinned,10,239,589824,82,6.69898
pageable-pinned,10,239,589824,44,12.4845
pinned-h2d,10,239,589824,30,18.3105
pageable-staging-h2d,10,239,589824,74,7.42319
fread-pinned,10,29,589824,89,6.17209
pageable-pinned,10,29,589824,46,11.9417
pinned-h2d,10,29,589824,31,17.7199
pageable-staging-h2d,10,29,589824,77,7.13398
fread-pinned,10,95,720896,118,5.68972
pageable-pinned,10,95,720896,57,11.7787
pinned-h2d,10,95,720896,35,19.1825
pageable-staging-h2d,10,95,720896,92,7.29768
fread-pinned,10,146,720896,92,7.29768
pageable-pinned,10,146,720896,58,11.5756
pinned-h2d,10,146,720896,36,18.6496
pageable-staging-h2d,10,146,720896,94,7.14241
fread-pinned,10,178,720896,112,5.99452
pageable-pinned,10,178,720896,54,12.4331
pinned-h2d,10,178,720896,36,18.6496
pageable-staging-h2d,10,178,720896,90,7.45985
fread-pinned,10,74,589824,87,6.31398
pageable-pinned,10,74,589824,43,12.7748
pinned-h2d,10,74,589824,31,17.7199
pageable-staging-h2d,10,74,589824,74,7.42319
fread-pinned,10,109,720896,127,5.28651
pageable-pinned,10,109,720896,57,11.7787
pinned-h2d,10,109,720896,36,18.6496
pageable-staging-h2d,10,109,720896,93,7.21921
fread-pinned,10,158,589824,70,7.84738
pageable-pinned,10,158,589824,44,12.4845
pinned-h2d,10,158,589824,32,17.1661
pageable-staging-h2d,10,158,589824,76,7.22785
fread-pinned,10,224,720896,113,5.94148
pageable-pinned,10,224,720896,82,8.18764
pinned-h2d,10,224,720896,36,18.6496
pageable-staging-h2d,10,224,720896,118,5.68972
fread-pinned,10,63,720896,129,5.20455
pageable-pinned,10,63,720896,92,7.29768
pinned-h2d,10,63,720896,36,18.6496
pageable-staging-h2d,10,63,720896,128,5.24521
fread-pinned,10,67,589824,100,5.49316
pageable-pinned,10,67,589824,67,8.19875
pinned-h2d,10,67,589824,30,18.3105
pageable-staging-h2d,10,67,589824,97,5.66306
fread-pinned,10,243,860160,137,5.84735
pageable-pinned,10,243,860160,101,7.93155
pinned-h2d,10,243,860160,41,19.5387
pageable-staging-h2d,10,243,860160,142,5.64145
fread-pinned,10,184,589824,91,6.03644
pageable-pinned,10,184,589824,69,7.96111
pinned-h2d,10,184,589824,32,17.1661
pageable-staging-h2d,10,184,589824,101,5.43878
fread-pinned,10,248,589824,86,6.3874
pageable-pinned,10,248,589824,69,7.96111
pinned-h2d,10,248,589824,30,18.3105
pageable-staging-h2d,10,248,589824,99,5.54865
fread-pinned,10,96,720896,105,6.39416
pageable-pinned,10,96,720896,87,7.71709
pinned-h2d,10,96,720896,35,19.1825
pageable-staging-h2d,10,96,720896,122,5.50317
fread-pinned,10,130,589824,84,6.53948
pageable-pinned,10,130,589824,64,8.58307
pinned-h2d,10,130,589824,31,17.7199
pageable-staging-h2d,10,130,589824,95,5.78228
fread-pinned,10,220,589824,83,6.61827
pageable-pinned,10,220,589824,64,8.58307
pinned-h2d,10,220,589824,30,18.3105
pageable-staging-h2d,10,220,589824,94,5.84379
fread-pinned,10,6,720896,111,6.04853
pageable-pinned,10,6,720896,61,11.0063
pinned-h2d,10,6,720896,36,18.6496
pageable-staging-h2d,10,6,720896,97,6.92151
fread-pinned,10,252,589824,97,5.66306
pageable-pinned,10,252,589824,45,12.207
pinned-h2d,10,252,589824,30,18.3105
pageable-staging-h2d,10,252,589824,75,7.32422
fread-pinned,10,164,589824,72,7.62939
pageable-pinned,10,164,589824,47,11.6876
pinned-h2d,10,164,589824,30,18.3105
pageable-staging-h2d,10,164,589824,77,7.13398
fread-pinned,10,119,589824,97,5.66306
pageable-pinned,10,119,589824,42,13.079
pinned-h2d,10,119,589824,31,17.7199
pageable-staging-h2d,10,119,589824,73,7.52488
fread-pinned,10,71,589824,92,5.97083
pageable-pinned,10,71,589824,46,11.9417
pinned-h2d,10,71,589824,31,17.7199
pageable-staging-h2d,10,71,589824,77,7.13398
fread-pinned,10,136,589824,104,5.28189
pageable-pinned,10,136,589824,54,10.1725
pinned-h2d,10,136,589824,30,18.3105
pageable-staging-h2d,10,136,589824,84,6.53948
fread-pinned,10,250,860160,163,4.91464
pageable-pinned,10,250,860160,110,7.2826
pinned-h2d,10,250,860160,42,19.0735
pageable-staging-h2d,10,250,860160,152,5.27031
fread-pinned,10,114,720896,109,6.15951
pageable-pinned,10,114,720896,85,7.89867
pinned-h2d,10,114,720896,38,17.6681
pageable-staging-h2d,10,114,720896,123,5.45843
fread-pinned,10,213,589824,94,5.84379
pageable-pinned,10,213,589824,69,7.96111
pinned-h2d,10,213,589824,31,17.7199
pageable-staging-h2d,10,213,589824,100,5.49316
fread-pinned,10,233,589824,96,5.72205
pageable-pinned,10,233,589824,73,7.52488
pinned-h2d,10,233,589824,31,17.7199
pageable-staging-h2d,10,233,589824,104,5.28189
fread-pinned,10,66,589824,107,5.1338
pageable-pinned,10,66,589824,71,7.73685
pinned-h2d,10,66,589824,31,17.7199
pageable-staging-h2d,10,66,589824,102,5.38545
fread-pinned,10,205,720896,133,5.04802
pageable-pinned,10,205,720896,90,7.45985
pinned-h2d,10,205,720896,36,18.6496
pageable-staging-h2d,10,205,720896,126,5.32847
fread-pinned,10,108,720896,125,5.37109
pageable-pinned,10,108,720896,74,9.07279
pinned-h2d,10,108,720896,35,19.1825
pageable-staging-h2d,10,108,720896,109,6.15951
fread-pinned,10,232,589824,84,6.53948
pageable-pinned,10,232,589824,63,8.71931
pinned-h2d,10,232,589824,31,17.7199
pageable-staging-h2d,10,232,589824,94,5.84379
fread-pinned,10,157,589824,94,5.84379
pageable-pinned,10,157,589824,46,11.9417
pinned-h2d,10,157,589824,31,17.7199
pageable-staging-h2d,10,157,589824,77,7.13398
fread-pinned,10,211,720896,90,7.45985
pageable-pinned,10,211,720896,59,11.3794
pinned-h2d,10,211,720896,36,18.6496
pageable-staging-h2d,10,211,720896,95,7.06723
fread-pinned,10,215,589824,79,6.95337
pageable-pinned,10,215,589824,49,11.2105
pinned-h2d,10,215,589824,30,18.3105
pageable-staging-h2d,10,215,589824,79,6.95337
fread-pinned,10,37,720896,110,6.10352
pageable-pinned,10,37,720896,60,11.1898
pinned-h2d,10,37,720896,35,19.1825
pageable-staging-h2d,10,37,720896,95,7.06723
fread-pinned,10,5,720896,87,7.71709
pageable-pinned,10,5,720896,55,12.207
pinned-h2d,10,5,720896,37,18.1456
pageable-staging-h2d,10,5,720896,92,7.29768
fread-pinned,10,223,860160,122,6.56628
pageable-pinned,10,223,860160,112,7.15256
pinned-h2d,10,223,860160,43,18.6299
pageable-staging-h2d,10,223,860160,155,5.1683
fread-pinned,10,203,589824,89,6.17209
pageable-pinned,10,203,589824,67,8.19875
pinned-h2d,10,203,589824,31,17.7199
pageable-staging-h2d,10,203,589824,98,5.60527
fread-pinned,10,190,589824,89,6.17209
pageable-pinned,10,190,589824,70,7.84738
pinned-h2d,10,190,589824,30,18.3105
pageable-staging-h2d,10,190,589824,100,5.49316
fread-pinned,10,64,720896,122,5.50317
pageable-pinned,10,64,720896,82,8.18764
pinned-h2d,10,64,720896,36,18.6496
pageable-staging-h2d,10,64,720896,118,5.68972
fread-pinned,10,91,589824,92,5.97083
pageable-pinned,10,91,589824,69,7.96111
pinned-h2d,10,91,589824,30,18.3105
pageable-staging-h2d,10,91,589824,99,5.54865
fread-pinned,10,182,589824,87,6.31398
pageable-pinned,10,182,589824,71,7.73685
pinned-h2d,10,182,589824,30,18.3105
pageable-staging-h2d,10,182,589824,101,5.43878
fread-pinned,10,139,589824,143,3.84137
pageable-pinned,10,139,589824,68,8.07818
pinned-h2d,10,139,589824,30,18.3105
pageable-staging-h2d,10,139,589824,98,5.60527
fread-pinned,10,69,720896,122,5.50317
pageable-pinned,10,69,720896,88,7.62939
pinned-h2d,10,69,720896,36,18.6496
pageable-staging-h2d,10,69,720896,124,5.41441
fread-pinned,11,143,589824,108,5.08626
pageable-pinned,11,143,589824,67,8.19875
pinned-h2d,11,143,589824,31,17.7199
pageable-staging-h2d,11,143,589824,98,5.60527
fread-pinned,11,199,720896,100,6.71387
pageable-pinned,11,199,720896,53,12.6677
pinned-h2d,11,199,720896,36,18.6496
pageable-staging-h2d,11,199,720896,89,7.54367
fread-pinned,11,159,720896,91,7.37788
pageable-pinned,11,159,720896,54,12.4331
pinned-h2d,11,159,720896,36,18.6496
pageable-staging-h2d,11,159,720896,90,7.45985
fread-pinned,11,157,589824,71,7.73685
pageable-pinned,11,157,589824,44,12.4845
pinned-h2d,11,157,589824,31,17.7199
pageable-staging-h2d,11,157,589824,75,7.32422
fread-pinned,11,76,720896,115,5.83815
pageable-pinned,11,76,720896,57,11.7787
pinned-h2d,11,76,720896,35,19.1825
pageable-staging-h2d,11,76,720896,92,7.29768
fread-pinned,11,68,589824,86,6.3874
pageable-pinned,11,68,589824,42,13.079
pinned-h2d,11,68,589824,30,18.3105
pageable-staging-h2d,11,68,589824,72,7.62939
fread-pinned,11,18,720896,99,6.78168
pageable-pinned,11,18,720896,68,9.87333
pinned-h2d,11,18,720896,36,18.6496
pageable-staging-h2d,11,18,720896,104,6.45564
fread-pinned,11,67,589824,94,5.84379
pageable-pinned,11,67,589824,64,8.58307
pinned-h2d,11,67,589824,31,17.7199
pageable-staging-h2d,11,67,589824,95,5.78228
fread-pinned,11,36,589824,100,5.49316
pageable-pinned,11,36,589824,70,7.84738
pinned-h2d,11,36,589824,30,18.3105
pageable-staging-h2d,11,36,589824,100,5.49316
fread-pinned,11,61,589824,101,5.43878
pageable-pinned,11,61,589824,67,8.19875
pinned-h2d,11,61,589824,30,18.3105
pageable-staging-h2d,11,61,589824,97,5.66306
fread-pinned,11,123,589824,82,6.69898
pageable-pinned,11,123,589824,60,9.15527
pinned-h2d,11,123,589824,31,17.7199
pageable-staging-h2d,11,123,589824,91,6.03644
fread-pinned,11,2,589824,76,7.22785
pageable-pinned,11,2,589824,58,9.47097
pinned-h2d,11,2,589824,30,18.3105
pageable-staging-h2d,11,2,589824,88,6.24223
fread-pinned,11,237,720896,110,6.10352
pageable-pinned,11,237,720896,84,7.9927
pinned-h2d,11,237,720896,35,19.1825
pageable-staging-h2d,11,237,720896,119,5.64191
fread-pinned,11,167,720896,101,6.64739
pageable-pinned,11,167,720896,84,7.9927
pinned-h2d,11,167,720896,36,18.6496
pageable-staging-h2d,11,167,720896,120,5.59489
fread-pinned,11,118,589824,101,5.43878
pageable-pinned,11,118,589824,62,8.85994
pinned-h2d,11,118,589824,32,17.1661
pageable-staging-h2d,11,118,589824,94,5.84379
fread-pinned,11,244,860160,138,5.80497
pageable-pinned,11,244,860160,93,8.61383
pinned-h2d,11,244,860160,42,19.0735
pageable-staging-h2d,11,244,860160,135,5.93397
fread-pinned,11,30,720896,108,6.21654
pageable-pinned,11,30,720896,58,11.5756
pinned-h2d,11,30,720896,37,18.1456
pageable-staging-h2d,11,30,720896,95,7.06723
fread-pinned,11,129,589824,74,7.42319
pageable-pinned,11,129,589824,43,12.7748
pinned-h2d,11,129,589824,31,17.7199
pageable-staging-h2d,11,129,589824,74,7.42319
fread-pinned,11,168,589824,99,5.54865
pageable-pinned,11,168,589824,47,11.6876
pinned-h2d,11,168,589824,30,18.3105
pageable-staging-h2d,11,168,589824,77,7.13398
fread-pinned,11,106,589824,89,6.17209
pageable-pinned,11,106,589824,42,13.079
pinned-h2d,11,106,589824,30,18.3105
pageable-staging-h2d,11,106,589824,72,7.62939
fread-pinned,11,4,589824,68,8.07818
pageable-pinned,11,4,589824,40,13.7329
pinned-h2d,11,4,589824,30,18.3105
pageable-staging-h2d,11,4,589824,70,7.84738
fread-pinned,11,119,589824,93,5.90663
pageable-pinned,11,119,589824,41,13.398
pinned-h2d,11,119,589824,30,18.3105
pageable-staging-h2d,11,119,589824,71,7.73685
fread-pinned,11,93,589824,90,6.10352
pageable-pinned,11,93,589824,70,7.84738
pinned-h2d,11,93,589824,30,18.3105
pageable-staging-h2d,11,93,589824,100,5.49316
fread-pinned,11,255,860160,128,6.25849
pageable-pinned,11,255,860160,91,8.80315
pinned-h2d,11,255,860160,41,19.5387
pageable-staging-h2d,11,255,860160,132,6.06884
fread-pinned,11,86,589824,84,6.53948
pageable-pinned,11,86,589824,66,8.32298
pinned-h2d,11,86,589824,31,17.7199
pageable-staging-h2d,11,86,589824,97,5.66306
fread-pinned,11,79,589824,87,6.31398
pageable-pinned,11,79,589824,51,10.7709
pinned-h2d,11,79,589824,30,18.3105
pageable-staging-h2d,11,79,589824,81,6.78168
fread-pinned,11,154,720896,135,4.97323
pageable-pinned,11,154,720896,92,7.29768
pinned-h2d,11,154,720896,35,19.1825
pageable-staging-h2d,11,154,720896,127,5.28651
fread-pinned,11,62,589824,86,6.3874
pageable-pinned,11,62,589824,51,10.7709
pinned-h2d,11,62,589824,31,17.7199
pageable-staging-h2d,11,62,589824,82,6.69898
fread-pinned,11,27,589824,93,5.90663
pageable-pinned,11,27,589824,63,8.71931
pinned-h2d,11,27,589824,30,18.3105
pageable-staging-h2d,11,27,589824,93,5.90663
fread-pinned,11,120,720896,132,5.08626
pageable-pinned,11,120,720896,82,8.18764
pinned-h2d,11,120,720896,36,18.6496
pageable-staging-h2d,11,120,720896,118,5.68972
fread-pinned,11,233,589824,95,5.78228
pageable-pinned,11,233,589824,71,7.73685
pinned-h2d,11,233,589824,30,18.3105
pageable-staging-h2d,11,233,589824,101,5.43878
fread-pinned,11,0,589824,75,7.32422
pageable-pinned,11,0,589824,37,14.8464
pinned-h2d,11,0,589824,31,17.7199
pageable-staging-h2d,11,0,589824,68,8.07818
fread-pinned,11,231,720896,89,7.54367
pageable-pinned,11,231,720896,57,11.7787
pinned-h2d,11,231,720896,37,18.1456
pageable-staging-h2d,11,231,720896,94,7.14241
fread-pinned,11,225,589824,71,7.73685
pageable-pinned,11,225,589824,46,11.9417
pinned-h2d,11,225,589824,31,17.7199
pageable-staging-h2d,11,225,589824,77,7.13398
fread-pinned,11,71,589824,90,6.10352
pageable-pinned,11,71,589824,45,12.207
pinned-h2d,11,71,589824,31,17.7199
pageable-staging-h2d,11,71,589824,76,7.22785
fread-pinned,11,228,589824,79,6.95337
pageable-pinned,11,228,589824,43,12.7748
pinned-h2d,11,228,589824,31,17.7199
pageable-staging-h2d,11,228,589824,74,7.42319
fread-pinned,11,193,589824,78,7.04252
pageable-pinned,11,193,589824,44,12.4845
pinned-h2d,11,193,589824,32,17.1661
pageable-staging-h2d,11,193,589824,76,7.22785
fread-pinned,11,211,720896,87,7.71709
pageable-pinned,11,211,720896,63,10.6569
pinned-h2d,11,211,720896,37,18.1456
pageable-staging-h2d,11,211,720896,100,6.71387
fread-pinned,11,223,860160,118,6.78887
pageable-pinned,11,223,860160,74,10.8255
pinned-h2d,11,223,860160,43,18.6299
pageable-staging-h2d,11,223,860160,117,6.84689
fread-pinned,11,218,860160,110,7.2826
pageable-pinned,11,218,860160,66,12.1377
pinned-h2d,11,218,860160,43,18.6299
pageable-staging-h2d,11,218,860160,109,7.34942
fread-pinned,11,10,589824,63,8.71931
pageable-pinned,11,10,589824,37,14.8464
pinned-h2d,11,10,589824,31,17.7199
pageable-staging-h2d,11,10,589824,68,8.07818
fread-pinned,11,162,589824,68,8.07818
pageable-pinned,11,162,589824,45,12.207
pinned-h2d,11,162,589824,31,17.7199
pageable-staging-h2d,11,162,589824,76,7.22785
fread-pinned,11,151,589824,73,7.52488
pageable-pinned,11,151,589824,63,8.71931
pinned-h2d,11,151,589824,30,18.3105
pageable-staging-h2d,11,151,589824,93,5.90663
fread-pinned,11,188,589824,95,5.78228
pageable-pinned,11,188,589824,69,7.96111
pinned-h2d,11,188,589824,30,18.3105
pageable-staging-h2d,11,188,589824,99,5.54865
fread-pinned,11,153,720896,107,6.27464
pageable-pinned,11,153,720896,84,7.9927
pinned-h2d,11,153,720896,36,18.6496
pageable-staging-h2d,11,153,720896,120,5.59489
fread-pinned,11,170,589824,108,5.08626
pageable-pinned,11,170,589824,71,7.73685
pinned-h2d,11,170,589824,31,17.7199
pageable-staging-h2d,11,170,589824,102,5.38545
fread-pinned,11,138,589824,85,6.46255
pageable-pinned,11,138,589824,66,8.32298
pinned-h2d,11,138,589824,30,18.3105
pageable-staging-h2d,11,138,589824,96,5.72205
fread-pinned,11,83,720896,111,6.04853
pageable-pinned,11,83,720896,79,8.49857
pinned-h2d,11,83,720896,36,18.6496
pageable-staging-h2d,11,83,720896,115,5.83815
fread-pinned,11,105,589824,103,5.33317
pageable-pinned,11,105,589824,67,8.19875
pinned-h2d,11,105,589824,31,17.7199
pageable-staging-h2d,11,105,589824,98,5.60527
fread-pinned,11,254,589824,94,5.84379
pageable-pinned,11,254,589824,69,7.96111
pinned-h2d,11,254,589824,31,17.7199
pageable-staging-h2d,11,254,589824,100,5.49316
fread-pinned,11,182,589824,86,6.3874
pageable-pinned,11,182,589824,70,7.84738
pinned-h2d,11,182,589824,31,17.7199
pageable-staging-h2d,11,182,589824,101,5.43878
fread-pinned,11,163,589824,86,6.3874
pageable-pinned,11,163,589824,69,7.96111
pinned-h2d,11,163,589824,31,17.7199
pageable-staging-h2d,11,163,589824,100,5.49316
fread-pinned,11,220,589824,71,7.73685
pageable-pinned,11,220,589824,45,12.207
pinned-h2d,11,220,589824,30,18.3105
pageable-staging-h2d,11,220,589824,75,7.32422
fread-pinned,11,243,860160,113,7.08926
pageable-pinned,11,243,860160,70,11.4441
pinned-h2d,11,243,860160,44,18.2065
pageable-staging-h2d,11,243,860160,114,7.02707
fread-pinned,11,104,589824,81,6.78168
pageable-pinned,11,104,589824,45,12.207
pinned-h2d,11,104,589824,31,17.7199
pageable-staging-h2d,11,104,589824,76,7.22785
fread-pinned,11,192,720896,103,6.51832
pageable-pinned,11,192,720896,53,12.6677
pinned-h2d,11,192,720896,37,18.1456
pageable-staging-h2d,11,192,720896,90,7.45985
fread-pinned,11,140,720896,109,6.15951
pageable-pinned,11,140,720896,53,12.6677
pinned-h2d,11,140,720896,36,18.6496
pageable-staging-h2d,11,140,720896,89,7.54367
fread-pinned,11,147,720896,121,5.54865
pageable-pinned,11,147,720896,86,7.80682
pinned-h2d,11,147,720896,36,18.6496
pageable-staging-h2d,11,147,720896,122,5.50317
fread-pinned,11,117,589824,85,6.46255
pageable-pinned,11,117,589824,64,8.58307
pinned-h2d,11,117,589824,31,17.7199
pageable-staging-h2d,11,117,589824,95,5.78228
fread-pinned,11,12,720896,96,6.99361
pageable-pinned,11,12,720896,75,8.95182
pinned-h2d,11,12,720896,36,18.6496
pageable-staging-h2d,11,12,720896,111,6.04853
fread-pinned,11,252,589824,104,5.28189
pageable-pinned,11,252,589824,66,8.32298
pinned-h2d,11,252,589824,31,17.7199
pageable-staging-h2d,11,252,589824,97,5.66306
fread-pinned,11,59,589824,99,5.54865
pageable-pinned,11,59,589824,71,7.73685
pinned-h2d,11,59,589824,29,18.9419
pageable-staging-h2d,11,59,589824,100,5.49316
fread-pinned,11,103,589824,86,6.3874
pageable-pinned,11,103,589824,62,8.85994
pinned-h2d,11,103,589824,30,18.3105
pageable-staging-h2d,11,103,589824,92,5.97083
fread-pinned,11,128,720896,111,6.04853
pageable-pinned,11,128,720896,86,7.80682
pinned-h2d,11,128,720896,36,18.6496
pageable-staging-h2d,11,128,720896,122,5.50317
fread-pinned,11,184,589824,87,6.31398
pageable-pinned,11,184,589824,70,7.84738
pinned-h2d,11,184,589824,30,18.3105
pageable-staging-h2d,11,184,589824,100,5.49316
fread-pinned,11,121,720896,131,5.12509
pageable-pinned,11,121,720896,89,7.54367
pinned-h2d,11,121,720896,36,18.6496
pageable-staging-h2d,11,121,720896,125,5.37109
fread-pinned,11,137,589824,83,6.61827
pageable-pinned,11,137,589824,44,12.4845
pinned-h2d,11,137,589824,31,17.7199
pageable-staging-h2d,11,137,589824,75,7.32422
fread-pinned,11,197,589824,70,7.84738
pageable-pinned,11,197,589824,46,11.9417
pinned-h2d,11,197,589824,30,18.3105
pageable-staging-h2d,11,197,589824,76,7.22785
fread-pinned,11,246,589824,70,7.84738
pageable-pinned,11,246,589824,44,12.4845
pinned-h2d,11,246,589824,30,18.3105
pageable-staging-h2d,11,246,589824,74,7.42319
fread-pinned,11,196,589824,70,7.84738
pageable-pinned,11,196,589824,45,12.207
pinned-h2d,11,196,589824,31,17.7199
pageable-staging-h2d,11,196,589824,76,7.22785
fread-pinned,11,89,720896,89,7.54367
pageable-pinned,11,89,720896,54,12.4331
pinned-h2d,11,89,720896,35,19.1825
pageable-staging-h2d,11,89,720896,89,7.54367
fread-pinned,11,136,589824,95,5.78228
pageable-pinned,11,136,589824,47,11.6876
pinned-h2d,11,136,589824,30,18.3105
pageable-staging-h2d,11,136,589824,77,7.13398
fread-pinned,11,139,589824,84,6.53948
pageable-pinned,11,139,589824,43,12.7748
pinned-h2d,11,139,589824,32,17.1661
pageable-staging-h2d,11,139,589824,75,7.32422
fread-pinned,11,21,589824,87,6.31398
pageable-pinned,11,21,589824,48,11.4441
pinned-h2d,11,21,589824,32,17.1661
pageable-staging-h2d,11,21,589824,80,6.86646
fread-pinned,11,91,589824,83,6.61827
pageable-pinned,11,91,589824,47,11.6876
pinned-h2d,11,91,589824,31,17.7199
pageable-staging-h2d,11,91,589824,78,7.04252
fread-pinned,11,23,589824,89,6.17209
pageable-pinned,11,23,589824,48,11.4441
pinned-h2d,11,23,589824,31,17.7199
pageable-staging-h2d,11,23,589824,79,6.95337
fread-pinned,11,48,589824,83,6.61827
pageable-pinned,11,48,589824,43,12.7748
pinned-h2d,11,48,589824,30,18.3105
pageable-staging-h2d,11,48,589824,73,7.52488
fread-pinned,11,239,589824,82,6.69898
pageable-pinned,11,239,589824,50,10.9863
pinned-h2d,11,239,589824,31,17.7199
pageable-staging-h2d,11,239,589824,81,6.78168
fread-pinned,11,224,720896,120,5.59489
pageable-pinned,11,224,720896,85,7.89867
pinned-h2d,11,224,720896,37,18.1456
pageable-staging-h2d,11,224,720896,122,5.50317
fread-pinned,11,47,589824,95,5.78228
pageable-pinned,11,47,589824,65,8.45102
pinned-h2d,11,47,589824,30,18.3105
pageable-staging-h2d,11,47,589824,95,5.78228
fread-pinned,11,58,589824,94,5.84379
pageable-pinned,11,58,589824,62,8.85994
pinned-h2d,11,58,589824,31,17.7199
pageable-staging-h2d,11,58,589824,93,5.90663
fread-pinned,11,205,720896,131,5.12509
pageable-pinned,11,205,720896,90,7.45985
pinned-h2d,11,205,720896,37,18.1456
pageable-staging-h2d,11,205,720896,127,5.28651
fread-pinned,11,251,589824,83,6.61827
pageable-pinned,11,251,589824,60,9.15527
pinned-h2d,11,251,589824,30,18.3105
pageable-staging-h2d,11,251,589824,90,6.10352
fread-pinned,11,180,589824,82,6.69898
pageable-pinned,11,180,589824,62,8.85994
pinned-h2d,11,180,589824,31,17.7199
pageable-staging-h2d,11,180,589824,93,5.90663
fread-pinned,11,32,720896,118,5.68972
pageable-pinned,11,32,720896,85,7.89867
pinned-h2d,11,32,720896,36,18.6496
pageable-staging-h2d,11,32,720896,121,5.54865
fread-pinned,11,19,720896,103,6.51832
pageable-pinned,11,19,720896,76,8.83404
pinned-h2d,11,19,720896,36,18.6496
pageable-staging-h2d,11,19,720896,112,5.99452
fread-pinned,11,43,720896,121,5.54865
pageable-pinned,11,43,720896,86,7.80682
pinned-h2d,11,43,720896,35,19.1825
pageable-staging-h2d,11,43,720896,121,5.54865
fread-pinned,11,54,589824,92,5.97083
pageable-pinned,11,54,589824,44,12.4845
pinned-h2d,11,54,589824,31,17.7199
pageable-staging-h2d,11,54,589824,75,7.32422
fread-pinned,11,82,720896,113,5.94148
pageable-pinned,11,82,720896,61,11.0063
pinned-h2d,11,82,720896,37,18.1456
pageable-staging-h2d,11,82,720896,98,6.85088
fread-pinned,11,52,589824,87,6.31398
pageable-pinned,11,52,589824,43,12.7748
pinned-h2d,11,52,589824,31,17.7199
pageable-staging-h2d,11,52,589824,74,7.42319
fread-pinned,11,51,720896,114,5.88936
pageable-pinned,11,51,720896,58,11.5756
pinned-h2d,11,51,720896,37,18.1456
pageable-staging-h2d,11,51,720896,95,7.06723
fread-pinned,11,191,720896,81,8.28872
pageable-pinned,11,191,720896,53,12.6677
pinned-h2d,11,191,720896,36,18.6496
pageable-staging-h2d,11,191,720896,89,7.54367
fread-pinned,11,49,589824,98,5.60527
pageable-pinned,11,49,589824,64,8.58307
pinned-h2d,11,49,589824,30,18.3105
pageable-staging-h2d,11,49,589824,94,5.84379
fread-pinned,11,55,589824,104,5.28189
pageable-pinned,11,55,589824,71,7.73685
pinned-h2d,11,55,589824,30,18.3105
pageable-staging-h2d,11,55,589824,101,5.43878
fread-pinned,11,50,720896,131,5.12509
pageable-pinned,11,50,720896,87,7.71709
pinned-h2d,11,50,720896,36,18.6496
pageable-staging-h2d,11,50,720896,123,5.45843
fread-pinned,11,148,589824,88,6.24223
pageable-pinned,11,148,589824,70,7.84738
pinned-h2d,11,148,589824,31,17.7199
pageable-staging-h2d,11,148,589824,101,5.43878
fread-pinned,11,183,589824,88,6.24223
pageable-pinned,11,183,589824,64,8.58307
pinned-h2d,11,183,589824,30,18.3105
pageable-staging-h2d,11,183,589824,94,5.84379
fread-pinned,11,175,589824,99,5.54865
pageable-pinned,11,175,589824,66,8.32298
pinned-h2d,11,175,589824,31,17.7199
pageable-staging-h2d,11,175,589824,97,5.66306
fread-pinned,11,158,589824,83,6.61827
pageable-pinned,11,158,589824,65,8.45102
pinned-h2d,11,158,589824,30,18.3105
pageable-staging-h2d,11,158,589824,95,5.78228
fread-pinned,11,230,720896,108,6.21654
pageable-pinned,11,230,720896,84,7.9927
pinned-h2d,11,230,720896,35,19.1825
pageable-staging-h2d,11,230,720896,119,5.64191
fread-pinned,11,204,720896,111,6.04853
pageable-pinned,11,204,720896,88,7.62939
pinned-h2d,11,204,720896,35,19.1825
pageable-staging-h2d,11,204,720896,123,5.45843
fread-pinned,11,78,589824,104,5.28189
pageable-pinned,11,78,589824,65,8.45102
pinned-h2d,11,78,589824,30,18.3105
pageable-staging-h2d,11,78,589824,95,5.78228
fread-pinned,11,8,589824,68,8.07818
pageable-pinned,11,8,589824,42,13.079
pinned-h2d,11,8,589824,30,18.3105
pageable-staging-h2d,11,8,589824,72,7.62939
fread-pinned,11,96,720896,87,7.71709
pageable-pinned,11,96,720896,58,11.5756
pinned-h2d,11,96,720896,35,19.1825
pageable-staging-h2d,11,96,720896,93,7.21921
fread-pinned,11,181,589824,72,7.62939
pageable-pinned,11,181,589824,43,12.7748
pinned-h2d,11,181,589824,30,18.3105
pageable-staging-h2d,11,181,589824,73,7.52488
fread-pinned,11,14,589824,80,6.86646
pageable-pinned,11,14,589824,43,12.7748
pinned-h2d,11,14,589824,30,18.3105
pageable-staging-h2d,11,14,589824,73,7.52488
fread-pinned,11,75,720896,114,5.88936
pageable-pinned,11,75,720896,61,11.0063
pinned-h2d,11,75,720896,36,18.6496
pageable-staging-h2d,11,75,720896,97,6.92151
fread-pinned,11,195,589824,107,5.1338
pageable-pinned,11,195,589824,48,11.4441
pinned-h2d,11,195,589824,30,18.3105
pageable-staging-h2d,11,195,589824,78,7.04252
fread-pinned,11,161,589824,73,7.52488
pageable-pinned,11,161,589824,46,11.9417
pinned-h2d,11,161,589824,31,17.7199
pageable-staging-h2d,11,161,589824,77,7.13398
fread-pinned,11,41,589824,86,6.3874
pageable-pinned,11,41,589824,46,11.9417
pinned-h2d,11,41,589824,32,17.1661
pageable-staging-h2d,11,41,589824,78,7.04252
fread-pinned,11,146,720896,88,7.62939
pageable-pinned,11,146,720896,58,11.5756
pinned-h2d,11,146,720896,36,18.6496
pageable-staging-h2d,11,146,720896,94,7.14241
fread-pinned,11,111,589824,92,5.97083
pageable-pinned,11,111,589824,46,11.9417
pinned-h2d,11,111,589824,30,18.3105
pageable-staging-h2d,11,111,589824,76,7.22785
fread-pinned,11,209,589824,69,7.96111
pageable-pinned,11,209,589824,45,12.207
pinned-h2d,11,209,589824,31,17.7199
pageable-staging-h2d,11,209,589824,76,7.22785
fread-pinned,11,66,589824,100,5.49316
pageable-pinned,11,66,589824,70,7.84738
pinned-h2d,11,66,589824,30,18.3105
pageable-staging-h2d,11,66,589824,100,5.49316
fread-pinned,11,80,589824,91,6.03644
pageable-pinned,11,80,589824,55,9.98757
pinned-h2d,11,80,589824,30,18.3105
pageable-staging-h2d,11,80,589824,85,6.46255
fread-pinned,11,144,589824,113,4.86121
pageable-pinned,11,144,589824,70,7.84738
pinned-h2d,11,144,589824,31,17.7199
pageable-staging-h2d,11,144,589824,101,5.43878
fread-pinned,11,164,589824,87,6.31398
pageable-pinned,11,164,589824,74,7.42319
pinned-h2d,11,164,589824,30,18.3105
pageable-staging-h2d,11,164,589824,104,5.28189
fread-pinned,11,203,589824,85,6.46255
pageable-pinned,11,203,589824,68,8.07818
pinned-h2d,11,203,589824,30,18.3105
pageable-staging-h2d,11,203,589824,98,5.60527
fread-pinned,11,20,589824,97,5.66306
pageable-pinned,11,20,589824,68,8.07818
pinned-h2d,11,20,589824,29,18.9419
pageable-staging-h2d,11,20,589824,97,5.66306
fread-pinned,11,69,720896,117,5.73835
pageable-pinned,11,69,720896,77,8.71931
pinned-h2d,11,69,720896,36,18.6496
pageable-staging-h2d,11,69,720896,113,5.94148
fread-pinned,11,77,720896,133,5.04802
pageable-pinned,11,77,720896,90,7.45985
pinned-h2d,11,77,720896,35,19.1825
pageable-staging-h2d,11,77,720896,125,5.37109
fread-pinned,11,207,589824,89,6.17209
pageable-pinned,11,207,589824,64,8.58307
pinned-h2d,11,207,589824,30,18.3105
pageable-staging-h2d,11,207,589824,94,5.84379
fread-pinned,11,165,720896,105,6.39416
pageable-pinned,11,165,720896,84,7.9927
pinned-h2d,11,165,720896,34,19.7467
pageable-staging-h2d,11,165,720896,118,5.68972
fread-pinned,11,232,589824,67,8.19875
pageable-pinned,11,232,589824,44,12.4845
pinned-h2d,11,232,589824,30,18.3105
pageable-staging-h2d,11,232,589824,74,7.42319
fread-pinned,11,24,720896,107,6.27464
pageable-pinned,11,24,720896,54,12.4331
pinned-h2d,11,24,720896,36,18.6496
pageable-staging-h2d,11,24,720896,90,7.45985
fread-pinned,11,245,589824,85,6.46255
pageable-pinned,11,245,589824,43,12.7748
pinned-h2d,11,245,589824,30,18.3105
pageable-staging-h2d,11,245,589824,73,7.52488
fread-pinned,11,53,589824,90,6.10352
pageable-pinned,11,53,589824,44,12.4845
pinned-h2d,11,53,589824,31,17.7199
pageable-staging-h2d,11,53,589824,75,7.32422
fread-pinned,11,113,589824,71,7.73685
pageable-pinned,11,113,589824,44,12.4845
pinned-h2d,11,113,589824,30,18.3105
pageable-staging-h2d,11,113,589824,74,7.42319
fread-pinned,11,44,720896,108,6.21654
pageable-pinned,11,44,720896,78,8.60752
pinned-h2d,11,44,720896,35,19.1825
pageable-staging-h2d,11,44,720896,113,5.94148
fread-pinned,11,242,589824,86,6.3874
pageable-pinned,11,242,589824,65,8.45102
pinned-h2d,11,242,589824,30,18.3105
pageable-staging-h2d,11,242,589824,95,5.78228
fread-pinned,11,63,720896,127,5.28651
pageable-pinned,11,63,720896,92,7.29768
pinned-h2d,11,63,720896,37,18.1456
pageable-staging-h2d,11,63,720896,129,5.20455
fread-pinned,11,150,589824,110,4.99379
pageable-pinned,11,150,589824,68,8.07818
pinned-h2d,11,150,589824,31,17.7199
pageable-staging-h2d,11,150,589824,99,5.54865
fread-pinned,11,127,720896,102,6.58222
pageable-pinned,11,127,720896,77,8.71931
pinned-h2d,11,127,720896,36,18.6496
pageable-staging-h2d,11,127,720896,113,5.94148
fread-pinned,11,189,589824,87,6.31398
pageable-pinned,11,189,589824,70,7.84738
pinned-h2d,11,189,589824,30,18.3105
pageable-staging-h2d,11,189,589824,100,5.49316
fread-pinned,11,190,589824,89,6.17209
pageable-pinned,11,190,589824,69,7.96111
pinned-h2d,11,190,589824,29,18.9419
pageable-staging-h2d,11,190,589824,98,5.60527
fread-pinned,11,11,720896,100,6.71387
pageable-pinned,11,11,720896,85,7.89867
pinned-h2d,11,11,720896,35,19.1825
pageable-staging-h2d,11,11,720896,120,5.59489
fread-pinned,11,247,589824,87,6.31398
pageable-pinned,11,247,589824,71,7.73685
pinned-h2d,11,247,589824,32,17.1661
pageable-staging-h2d,11,247,589824,103,5.33317
fread-pinned,11,187,589824,95,5.78228
pageable-pinned,11,187,589824,73,7.52488
pinned-h2d,11,187,589824,31,17.7199
pageable-staging-h2d,11,187,589824,104,5.28189
fread-pinned,11,33,589824,93,5.90663
pageable-pinned,11,33,589824,48,11.4441
pinned-h2d,11,33,589824,31,17.7199
pageable-staging-h2d,11,33,589824,79,6.95337
fread-pinned,11,116,589824,83,6.61827
pageable-pinned,11,116,589824,46,11.9417
pinned-h2d,11,116,589824,30,18.3105
pageable-staging-h2d,11,116,589824,76,7.22785
fread-pinned,11,7,589824,69,7.96111
pageable-pinned,11,7,589824,43,12.7748
pinned-h2d,11,7,589824,30,18.3105
pageable-staging-h2d,11,7,589824,73,7.52488
fread-pinned,11,125,589824,82,6.69898
pageable-pinned,11,125,589824,41,13.398
pinned-h2d,11,125,589824,31,17.7199
pageable-staging-h2d,11,125,589824,72,7.62939
fread-pinned,11,240,589824,76,7.22785
pageable-pinned,11,240,589824,47,11.6876
pinned-h2d,11,240,589824,30,18.3105
pageable-staging-h2d,11,240,589824,77,7.13398
fread-pinned,11,35,589824,91,6.03644
pageable-pinned,11,35,589824,46,11.9417
pinned-h2d,11,35,589824,30,18.3105
pageable-staging-h2d,11,35,589824,76,7.22785
fread-pinned,11,212,720896,117,5.73835
pageable-pinned,11,212,720896,88,7.62939
pinned-h2d,11,212,720896,36,18.6496
pageable-staging-h2d,11,212,720896,124,5.41441
fread-pinned,11,215,589824,88,6.24223
pageable-pinned,11,215,589824,72,7.62939
pinned-h2d,11,215,589824,30,18.3105
pageable-staging-h2d,11,215,589824,102,5.38545
fread-pinned,11,131,589824,84,6.53948
pageable-pinned,11,131,589824,67,8.19875
pinned-h2d,11,131,589824,29,18.9419
pageable-staging-h2d,11,131,589824,96,5.72205
fread-pinned,11,213,589824,92,5.97083
pageable-pinned,11,213,589824,68,8.07818
pinned-h2d,11,213,589824,31,17.7199
pageable-staging-h2d,11,213,589824,99,5.54865
fread-pinned,11,217,860160,145,5.52473
pageable-pinned,11,217,860160,104,7.70275
pinned-h2d,11,217,860160,42,19.0735
pageable-staging-h2d,11,217,860160,146,5.48689
fread-pinned,11,169,589824,111,4.9488
pageable-pinned,11,169,589824,69,7.96111
pinned-h2d,11,169,589824,32,17.1661
pageable-staging-h2d,11,169,589824,101,5.43878
fread-pinned,11,5,720896,102,6.58222
pageable-pinned,11,5,720896,80,8.39233
pinned-h2d,11,5,720896,36,18.6496
pageable-staging-h2d,11,5,720896,116,5.78782
fread-pinned,11,250,860160,153,5.23586
pageable-pinned,11,250,860160,109,7.34942
pinned-h2d,11,250,860160,43,18.6299
pageable-staging-h2d,11,250,860160,152,5.27031
fread-pinned,11,81,589824,99,5.54865
pageable-pinned,11,81,589824,47,11.6876
pinned-h2d,11,81,589824,32,17.1661
pageable-staging-h2d,11,81,589824,79,6.95337
fread-pinned,11,185,720896,85,7.89867
pageable-pinned,11,185,720896,52,12.9113
pinned-h2d,11,185,720896,37,18.1456
pageable-staging-h2d,11,185,720896,89,7.54367
fread-pinned,11,95,720896,109,6.15951
pageable-pinned,11,95,720896,62,10.8288
pinned-h2d,11,95,720896,36,18.6496
pageable-staging-h2d,11,95,720896,98,6.85088
fread-pinned,11,107,589824,101,5.43878
pageable-pinned,11,107,589824,44,12.4845
pinned-h2d,11,107,589824,31,17.7199
pageable-staging-h2d,11,107,589824,75,7.32422
fread-pinned,11,84,589824,75,7.32422
pageable-pinned,11,84,589824,48,11.4441
pinned-h2d,11,84,589824,33,16.646
pageable-staging-h2d,11,84,589824,81,6.78168
fread-pinned,11,74,589824,83,6.61827
pageable-pinned,11,74,589824,43,12.7748
pinned-h2d,11,74,589824,31,17.7199
pageable-staging-h2d,11,74,589824,74,7.42319
fread-pinned,11,31,720896,130,5.16451
pageable-pinned,11,31,720896,94,7.14241
pinned-h2d,11,31,720896,36,18.6496
pageable-staging-h2d,11,31,720896,130,5.16451
fread-pinned,11,90,589824,91,6.03644
pageable-pinned,11,90,589824,67,8.19875
pinned-h2d,11,90,589824,29,18.9419
pageable-staging-h2d,11,90,589824,96,5.72205
fread-pinned,11,208,589824,86,6.3874
pageable-pinned,11,208,589824,68,8.07818
pinned-h2d,11,208,589824,29,18.9419
pageable-staging-h2d,11,208,589824,97,5.66306
fread-pinned,11,173,720896,136,4.93667
pageable-pinned,11,173,720896,88,7.62939
pinned-h2d,11,173,720896,37,18.1456
pageable-staging-h2d,11,173,720896,125,5.37109
fread-pinned,11,229,589824,90,6.10352
pageable-pinned,11,229,589824,66,8.32298
pinned-h2d,11,229,589824,30,18.3105
pageable-staging-h2d,11,229,589824,96,5.72205
fread-pinned,11,29,589824,99,5.54865
pageable-pinned,11,29,589824,73,7.52488
pinned-h2d,11,29,589824,31,17.7199
pageable-staging-h2d,11,29,589824,104,5.28189
fread-pinned,11,219,589824,87,6.31398
pageable-pinned,11,219,589824,71,7.73685
pinned-h2d,11,219,589824,30,18.3105
pageable-staging-h2d,11,219,589824,101,5.43878
fread-pinned,11,177,589824,91,6.03644
pageable-pinned,11,177,589824,71,7.73685
pinned-h2d,11,177,589824,32,17.1661
pageable-staging-h2d,11,177,589824,103,5.33317
fread-pinned,11,85,589824,88,6.24223
pageable-pinned,11,85,589824,74,7.42319
pinned-h2d,11,85,589824,30,18.3105
pageable-staging-h2d,11,85,589824,104,5.28189
fread-pinned,11,70,720896,115,5.83815
pageable-pinned,11,70,720896,56,11.989
pinned-h2d,11,70,720896,35,19.1825
pageable-staging-h2d,11,70,720896,91,7.37788
fread-pinned,11,186,720896,84,7.9927
pageable-pinned,11,186,720896,56,11.989
pinned-h2d,11,186,720896,36,18.6496
pageable-staging-h2d,11,186,720896,92,7.29768
fread-pinned,11,102,720896,120,5.59489
pageable-pinned,11,102,720896,55,12.207
pinned-h2d,11,102,720896,37,18.1456
pageable-staging-h2d,11,102,720896,92,7.29768
fread-pinned,11,13,589824,82,6.69898
pageable-pinned,11,13,589824,47,11.6876
pinned-h2d,11,13,589824,29,18.9419
pageable-staging-h2d,11,13,589824,76,7.22785
fread-pinned,11,172,720896,98,6.85088
pageable-pinned,11,172,720896,57,11.7787
pinned-h2d,11,172,720896,36,18.6496
pageable-staging-h2d,11,172,720896,93,7.21921
fread-pinned,11,73,589824,101,5.43878
pageable-pinned,11,73,589824,66,8.32298
pinned-h2d,11,73,589824,30,18.3105
pageable-staging-h2d,11,73,589824,96,5.72205
fread-pinned,11,216,589824,87,6.31398
pageable-pinned,11,216,589824,65,8.45102
pinned-h2d,11,216,589824,32,17.1661
pageable-staging-h2d,11,216,589824,97,5.66306
fread-pinned,11,110,589824,89,6.17209
pageable-pinned,11,110,589824,66,8.32298
pinned-h2d,11,110,589824,32,17.1661
pageable-staging-h2d,11,110,589824,98,5.60527
fread-pinned,11,87,589824,84,6.53948
pageable-pinned,11,87,589824,66,8.32298
pinned-h2d,11,87,589824,31,17.7199
pageable-staging-h2d,11,87,589824,97,5.66306
fread-pinned,11,198,720896,106,6.33384
pageable-pinned,11,198,720896,84,7.9927
pinned-h2d,11,198,720896,36,18.6496
pageable-staging-h2d,11,198,720896,120,5.59489
fread-pinned,11,248,589824,84,6.53948
pageable-pinned,11,248,589824,64,8.58307
pinned-h2d,11,248,589824,31,17.7199
pageable-staging-h2d,11,248,589824,95,5.78228
fread-pinned,11,178,720896,127,5.28651
pageable-pinned,11,178,720896,82,8.18764
pinned-h2d,11,178,720896,36,18.6496
pageable-staging-h2d,11,178,720896,118,5.68972
fread-pinned,11,15,589824,95,5.78228
pageable-pinned,11,15,589824,70,7.84738
pinned-h2d,11,15,589824,31,17.7199
pageable-staging-h2d,11,15,589824,101,5.43878
fread-pinned,11,42,589824,101,5.43878
pageable-pinned,11,42,589824,68,8.07818
pinned-h2d,11,42,589824,30,18.3105
pageable-staging-h2d,11,42,589824,98,5.60527
fread-pinned,11,206,589824,85,6.46255
pageable-pinned,11,206,589824,65,8.45102
pinned-h2d,11,206,589824,30,18.3105
pageable-staging-h2d,11,206,589824,95,5.78228
fread-pinned,11,72,589824,94,5.84379
pageable-pinned,11,72,589824,46,11.9417
pinned-h2d,11,72,589824,31,17.7199
pageable-staging-h2d,11,72,589824,77,7.13398
fread-pinned,11,253,589824,90,6.10352
pageable-pinned,11,253,589824,46,11.9417
pinned-h2d,11,253,589824,31,17.7199
pageable-staging-h2d,11,253,589824,77,7.13398
fread-pinned,11,130,589824,73,7.52488
pageable-pinned,11,130,589824,44,12.4845
pinned-h2d,11,130,589824,31,17.7199
pageable-staging-h2d,11,130,589824,75,7.32422
fread-pinned,11,101,720896,112,5.99452
pageable-pinned,11,101,720896,55,12.207
pinned-h2d,11,101,720896,36,18.6496
pageable-staging-h2d,11,101,720896,91,7.37788
fread-pinned,11,92,589824,84,6.53948
pageable-pinned,11,92,589824,46,11.9417
pinned-h2d,11,92,589824,31,17.7199
pageable-staging-h2d,11,92,589824,77,7.13398
fread-pinned,11,9,589824,69,7.96111
pageable-pinned,11,9,589824,41,13.398
pinned-h2d,11,9,589824,31,17.7199
pageable-staging-h2d,11,9,589824,72,7.62939
fread-pinned,11,22,589824,91,6.03644
pageable-pinned,11,22,589824,46,11.9417
pinned-h2d,11,22,589824,30,18.3105
pageable-staging-h2d,11,22,589824,76,7.22785
fread-pinned,11,122,720896,94,7.14241
pageable-pinned,11,122,720896,59,11.3794
pinned-h2d,11,122,720896,36,18.6496
pageable-staging-h2d,11,122,720896,95,7.06723
fread-pinned,11,226,589824,73,7.52488
pageable-pinned,11,226,589824,45,12.207
pinned-h2d,11,226,589824,30,18.3105
pageable-staging-h2d,11,226,589824,75,7.32422
fread-pinned,11,17,589824,81,6.78168
pageable-pinned,11,17,589824,46,11.9417
pinned-h2d,11,17,589824,30,18.3105
pageable-staging-h2d,11,17,589824,76,7.22785
fread-pinned,11,109,720896,127,5.28651
pageable-pinned,11,109,720896,57,11.7787
pinned-h2d,11,109,720896,36,18.6496
pageable-staging-h2d,11,109,720896,93,7.21921
fread-pinned,11,132,589824,84,6.53948
pageable-pinned,11,132,589824,43,12.7748
pinned-h2d,11,132,589824,31,17.7199
pageable-staging-h2d,11,132,589824,74,7.42319
fread-pinned,11,176,589824,80,6.86646
pageable-pinned,11,176,589824,50,10.9863
pinned-h2d,11,176,589824,31,17.7199
pageable-staging-h2d,11,176,589824,81,6.78168
fread-pinned,11,57,720896,113,5.94148
pageable-pinned,11,57,720896,60,11.1898
pinned-h2d,11,57,720896,37,18.1456
pageable-staging-h2d,11,57,720896,97,6.92151
fread-pinned,11,56,720896,116,5.78782
pageable-pinned,11,56,720896,60,11.1898
pinned-h2d,11,56,720896,35,19.1825
pageable-staging-h2d,11,56,720896,95,7.06723
fread-pinned,11,124,589824,67,8.19875
pageable-pinned,11,124,589824,45,12.207
pinned-h2d,11,124,589824,30,18.3105
pageable-staging-h2d,11,124,589824,75,7.32422
fread-pinned,11,236,720896,92,7.29768
pageable-pinned,11,236,720896,78,8.60752
pinned-h2d,11,236,720896,36,18.6496
pageable-staging-h2d,11,236,720896,114,5.88936
fread-pinned,11,16,589824,101,5.43878
pageable-pinned,11,16,589824,64,8.58307
pinned-h2d,11,16,589824,30,18.3105
pageable-staging-h2d,11,16,589824,94,5.84379
fread-pinned,11,234,589824,114,4.81856
pageable-pinned,11,234,589824,60,9.15527
pinned-h2d,11,234,589824,30,18.3105
pageable-staging-h2d,11,234,589824,90,6.10352
fread-pinned,11,152,589824,107,5.1338
pageable-pinned,11,152,589824,58,9.47097
pinned-h2d,11,152,589824,30,18.3105
pageable-staging-h2d,11,152,589824,88,6.24223
fread-pinned,11,222,589824,81,6.78168
pageable-pinned,11,222,589824,60,9.15527
pinned-h2d,11,222,589824,30,18.3105
pageable-staging-h2d,11,222,589824,90,6.10352
fread-pinned,11,134,720896,100,6.71387
pageable-pinned,11,134,720896,87,7.71709
pinned-h2d,11,134,720896,35,19.1825
pageable-staging-h2d,11,134,720896,122,5.50317
fread-pinned,11,114,720896,103,6.51832
pageable-pinned,11,114,720896,86,7.80682
pinned-h2d,11,114,720896,36,18.6496
pageable-staging-h2d,11,114,720896,122,5.50317
fread-pinned,11,249,860160,138,5.80497
pageable-pinned,11,249,860160,103,7.77754
pinned-h2d,11,249,860160,41,19.5387
pageable-staging-h2d,11,249,860160,144,5.5631
fread-pinned,11,25,720896,115,5.83815
pageable-pinned,11,25,720896,90,7.45985
pinned-h2d,11,25,720896,36,18.6496
pageable-staging-h2d,11,25,720896,126,5.32847
fread-pinned,11,39,589824,104,5.28189
pageable-pinned,11,39,589824,62,8.85994
pinned-h2d,11,39,589824,30,18.3105
pageable-staging-h2d,11,39,589824,92,5.97083
fread-pinned,11,94,589824,71,7.73685
pageable-pinned,11,94,589824,43,12.7748
pinned-h2d,11,94,589824,30,18.3105
pageable-staging-h2d,11,94,589824,73,7.52488
fread-pinned,11,88,720896,100,6.71387
pageable-pinned,11,88,720896,59,11.3794
pinned-h2d,11,88,720896,37,18.1456
pageable-staging-h2d,11,88,720896,96,6.99361
fread-pinned,11,145,589824,98,5.60527
pageable-pinned,11,145,589824,39,14.085
pinned-h2d,11,145,589824,30,18.3105
pageable-staging-h2d,11,145,589824,69,7.96111
fread-pinned,11,241,589824,80,6.86646
pageable-pinned,11,241,589824,47,11.6876
pinned-h2d,11,241,589824,31,17.7199
pageable-staging-h2d,11,241,589824,78,7.04252
fread-pinned,11,64,720896,106,6.33384
pageable-pinned,11,64,720896,55,12.207
pinned-h2d,11,64,720896,35,19.1825
pageable-staging-h2d,11,64,720896,90,7.45985
fread-pinned,11,3,589824,76,7.22785
pageable-pinned,11,3,589824,47,11.6876
pinned-h2d,11,3,589824,30,18.3105
pageable-staging-h2d,11,3,589824,77,7.13398
fread-pinned,11,45,589824,89,6.17209
pageable-pinned,11,45,589824,44,12.4845
pinned-h2d,11,45,589824,30,18.3105
pageable-staging-h2d,11,45,589824,74,7.42319
fread-pinned,11,115,720896,114,5.88936
pageable-pinned,11,115,720896,55,12.207
pinned-h2d,11,115,720896,36,18.6496
pageable-staging-h2d,11,115,720896,91,7.37788
fread-pinned,11,1,589824,71,7.73685
pageable-pinned,11,1,589824,49,11.2105
pinned-h2d,11,1,589824,30,18.3105
pageable-staging-h2d,11,1,589824,79,6.95337
fread-pinned,11,38,720896,113,5.94148
pageable-pinned,11,38,720896,56,11.989
pinned-h2d,11,38,720896,36,18.6496
pageable-staging-h2d,11,38,720896,92,7.29768
fread-pinned,11,160,720896,96,6.99361
pageable-pinned,11,160,720896,80,8.39233
pinned-h2d,11,160,720896,35,19.1825
pageable-staging-h2d,11,160,720896,115,5.83815
fread-pinned,11,28,589824,99,5.54865
pageable-pinned,11,28,589824,60,9.15527
pinned-h2d,11,28,589824,30,18.3105
pageable-staging-h2d,11,28,589824,90,6.10352
fread-pinned,11,60,589824,102,5.38545
pageable-pinned,11,60,589824,58,9.47097
pinned-h2d,11,60,589824,31,17.7199
pageable-staging-h2d,11,60,589824,89,6.17209
fread-pinned,11,142,589824,83,6.61827
pageable-pinned,11,142,589824,61,9.00519
pinned-h2d,11,142,589824,30,18.3105
pageable-staging-h2d,11,142,589824,91,6.03644
fread-pinned,11,194,589824,86,6.3874
pageable-pinned,11,194,589824,62,8.85994
pinned-h2d,11,194,589824,29,18.9419
pageable-staging-h2d,11,194,589824,91,6.03644
fread-pinned,11,201,589824,86,6.3874
pageable-pinned,11,201,589824,61,9.00519
pinned-h2d,11,201,589824,30,18.3105
pageable-staging-h2d,11,201,589824,91,6.03644
fread-pinned,11,100,589824,106,5.18223
pageable-pinned,11,100,589824,61,9.00519
pinned-h2d,11,100,589824,30,18.3105
pageable-staging-h2d,11,100,589824,91,6.03644
fread-pinned,11,26,589824,98,5.60527
pageable-pinned,11,26,589824,58,9.47097
pinned-h2d,11,26,589824,30,18.3105
pageable-staging-h2d,11,26,589824,88,6.24223
fread-pinned,11,171,589824,98,5.60527
pageable-pinned,11,171,589824,66,8.32298
pinned-h2d,11,171,589824,30,18.3105
pageable-staging-h2d,11,171,589824,96,5.72205
fread-pinned,11,6,720896,111,6.04853
pageable-pinned,11,6,720896,88,7.62939
pinned-h2d,11,6,720896,35,19.1825
pageable-staging-h2d,11,6,720896,123,5.45843
fread-pinned,11,214,589824,86,6.3874
pageable-pinned,11,214,589824,38,14.4557
pinned-h2d,11,214,589824,30,18.3105
pageable-staging-h2d,11,214,589824,68,8.07818
fread-pinned,11,179,720896,114,5.88936
pageable-pinned,11,179,720896,57,11.7787
pinned-h2d,11,179,720896,35,19.1825
pageable-staging-h2d,11,179,720896,92,7.29768
fread-pinned,11,99,589824,92,5.97083
pageable-pinned,11,99,589824,44,12.4845
pinned-h2d,11,99,589824,31,17.7199
pageable-staging-h2d,11,99,589824,75,7.32422
fread-pinned,11,34,589824,93,5.90663
pageable-pinned,11,34,589824,46,11.9417
pinned-h2d,11,34,589824,31,17.7199
pageable-staging-h2d,11,34,589824,77,7.13398
fread-pinned,11,37,720896,106,6.33384
pageable-pinned,11,37,720896,55,12.207
pinned-h2d,11,37,720896,36,18.6496
pageable-staging-h2d,11,37,720896,91,7.37788
fread-pinned,11,65,589824,86,6.3874
pageable-pinned,11,65,589824,67,8.19875
pinned-h2d,11,65,589824,30,18.3105
pageable-staging-h2d,11,65,589824,97,5.66306
fread-pinned,11,238,589824,94,5.84379
pageable-pinned,11,238,589824,66,8.32298
pinned-h2d,11,238,589824,30,18.3105
pageable-staging-h2d,11,238,589824,96,5.72205
fread-pinned,11,221,589824,99,5.54865
pageable-pinned,11,221,589824,68,8.07818
pinned-h2d,11,221,589824,30,18.3105
pageable-staging-h2d,11,221,589824,98,5.60527
fread-pinned,11,126,589824,102,5.38545
pageable-pinned,11,126,589824,68,8.07818
pinned-h2d,11,126,589824,30,18.3105
pageable-staging-h2d,11,126,589824,98,5.60527
fread-pinned,11,46,589824,102,5.38545
pageable-pinned,11,46,589824,73,7.52488
pinned-h2d,11,46,589824,30,18.3105
pageable-staging-h2d,11,46,589824,103,5.33317
fread-pinned,11,235,589824,88,6.24223
pageable-pinned,11,235,589824,69,7.96111
pinned-h2d,11,235,589824,30,18.3105
pageable-staging-h2d,11,235,589824,99,5.54865
fread-pinned,11,133,720896,105,6.39416
pageable-pinned,11,133,720896,84,7.9927
pinned-h2d,11,133,720896,35,19.1825
pageable-staging-h2d,11,133,720896,119,5.64191
fread-pinned,11,40,589824,94,5.84379
pageable-pinned,11,40,589824,58,9.47097
pinned-h2d,11,40,589824,30,18.3105
pageable-staging-h2d,11,40,589824,88,6.24223
fread-pinned,11,200,589824,93,5.90663
pageable-pinned,11,200,589824,70,7.84738
pinned-h2d,11,200,589824,30,18.3105
pageable-staging-h2d,11,200,589824,100,5.49316
fread-pinned,11,202,589824,106,5.18223
pageable-pinned,11,202,589824,69,7.96111
pinned-h2d,11,202,589824,30,18.3105
pageable-staging-h2d,11,202,589824,99,5.54865
fread-pinned,11,156,589824,91,6.03644
pageable-pinned,11,156,589824,46,11.9417
pinned-h2d,11,156,589824,31,17.7199
pageable-staging-h2d,11,156,589824,77,7.13398
fread-pinned,11,141,720896,94,7.14241
pageable-pinned,11,141,720896,61,11.0063
pinned-h2d,11,141,720896,34,19.7467
pageable-staging-h2d,11,141,720896,95,7.06723
fread-pinned,11,227,589824,73,7.52488
pageable-pinned,11,227,589824,45,12.207
pinned-h2d,11,227,589824,30,18.3105
pageable-staging-h2d,11,227,589824,75,7.32422
fread-pinned,11,108,720896,115,5.83815
pageable-pinned,11,108,720896,52,12.9113
pinned-h2d,11,108,720896,36,18.6496
pageable-staging-h2d,11,108,720896,88,7.62939
fread-pinned,11,210,720896,92,7.29768
pageable-pinned,11,210,720896,57,11.7787
pinned-h2d,11,210,720896,36,18.6496
pageable-staging-h2d,11,210,720896,93,7.21921
fread-pinned,11,97,589824,111,4.9488
pageable-pinned,11,97,589824,69,7.96111
pinned-h2d,11,97,589824,31,17.7199
pageable-staging-h2d,11,97,589824,100,5.49316
fread-pinned,11,112,589824,83,6.61827
pageable-pinned,11,112,589824,60,9.15527
pinned-h2d,11,112,589824,30,18.3105
pageable-staging-h2d,11,112,589824,90,6.10352
fread-pinned,11,149,589824,85,6.46255
pageable-pinned,11,149,589824,71,7.73685
pinned-h2d,11,149,589824,31,17.7199
pageable-staging-h2d,11,149,589824,102,5.38545
fread-pinned,11,155,589824,95,5.78228
pageable-pinned,11,155,589824,70,7.84738
pinned-h2d,11,155,589824,31,17.7199
pageable-staging-h2d,11,155,589824,101,5.43878
fread-pinned,11,174,589824,106,5.18223
pageable-pinned,11,174,589824,70,7.84738
pinned-h2d,11,174,589824,31,17.7199
pageable-staging-h2d,11,174,589824,101,5.43878
fread-pinned,11,166,720896,114,5.88936
pageable-pinned,11,166,720896,82,8.18764
pinned-h2d,11,166,720896,36,18.6496
pageable-staging-h2d,11,166,720896,118,5.68972
fread-pinned,11,135,589824,85,6.46255
pageable-pinned,11,135,589824,71,7.73685
pinned-h2d,11,135,589824,31,17.7199
pageable-staging-h2d,11,135,589824,102,5.38545
fread-pinned,11,98,589824,108,5.08626
pageable-pinned,11,98,589824,67,8.19875
pinned-h2d,11,98,589824,31,17.7199
pageable-staging-h2d,11,98,589824,98,5.60527
fread-pinned,12,124,589824,83,6.61827
pageable-pinned,12,124,589824,63,8.71931
pinned-h2d,12,124,589824,31,17.7199
pageable-staging-h2d,12,124,589824,94,5.84379
fread-pinned,12,203,589824,83,6.61827
pageable-pinned,12,203,589824,67,8.19875
pinned-h2d,12,203,589824,31,17.7199
pageable-staging-h2d,12,203,589824,98,5.60527
fread-pinned,12,172,720896,109,6.15951
pageable-pinned,12,172,720896,58,11.5756
pinned-h2d,12,172,720896,37,18.1456
pageable-staging-h2d,12,172,720896,95,7.06723
fread-pinned,12,190,589824,74,7.42319
pageable-pinned,12,190,589824,46,11.9417
pinned-h2d,12,190,589824,31,17.7199
pageable-staging-h2d,12,190,589824,77,7.13398
fread-pinned,12,33,589824,87,6.31398
pageable-pinned,12,33,589824,47,11.6876
pinned-h2d,12,33,589824,31,17.7199
pageable-staging-h2d,12,33,589824,78,7.04252
fread-pinned,12,102,720896,113,5.94148
pageable-pinned,12,102,720896,55,12.207
pinned-h2d,12,102,720896,38,17.6681
pageable-staging-h2d,12,102,720896,93,7.21921
fread-pinned,12,231,720896,87,7.71709
pageable-pinned,12,231,720896,55,12.207
pinned-h2d,12,231,720896,36,18.6496
pageable-staging-h2d,12,231,720896,91,7.37788
fread-pinned,12,25,720896,100,6.71387
pageable-pinned,12,25,720896,85,7.89867
pinned-h2d,12,25,720896,36,18.6496
pageable-staging-h2d,12,25,720896,121,5.54865
fread-pinned,12,106,589824,99,5.54865
pageable-pinned,12,106,589824,61,9.00519
pinned-h2d,12,106,589824,30,18.3105
pageable-staging-h2d,12,106,589824,91,6.03644
fread-pinned,12,176,589824,88,6.24223
pageable-pinned,12,176,589824,65,8.45102
pinned-h2d,12,176,589824,31,17.7199
pageable-staging-h2d,12,176,589824,96,5.72205
fread-pinned,12,182,589824,82,6.69898
pageable-pinned,12,182,589824,64,8.58307
pinned-h2d,12,182,589824,30,18.3105
pageable-staging-h2d,12,182,589824,94,5.84379
fread-pinned,12,228,589824,86,6.3874
pageable-pinned,12,228,589824,61,9.00519
pinned-h2d,12,228,589824,31,17.7199
pageable-staging-h2d,12,228,589824,92,5.97083
fread-pinned,12,211,720896,101,6.64739
pageable-pinned,12,211,720896,80,8.39233
pinned-h2d,12,211,720896,35,19.1825
pageable-staging-h2d,12,211,720896,115,5.83815
fread-pinned,12,129,589824,85,6.46255
pageable-pinned,12,129,589824,64,8.58307
pinned-h2d,12,129,589824,30,18.3105
pageable-staging-h2d,12,129,589824,94,5.84379
fread-pinned,12,252,589824,99,5.54865
pageable-pinned,12,252,589824,65,8.45102
pinned-h2d,12,252,589824,30,18.3105
pageable-staging-h2d,12,252,589824,95,5.78228
fread-pinned,12,206,589824,83,6.61827
pageable-pinned,12,206,589824,63,8.71931
pinned-h2d,12,206,589824,30,18.3105
pageable-staging-h2d,12,206,589824,93,5.90663
fread-pinned,12,75,720896,126,5.32847
pageable-pinned,12,75,720896,97,6.92151
pinned-h2d,12,75,720896,36,18.6496
pageable-staging-h2d,12,75,720896,133,5.04802
fread-pinned,12,11,720896,95,7.06723
pageable-pinned,12,11,720896,54,12.4331
pinned-h2d,12,11,720896,36,18.6496
pageable-staging-h2d,12,11,720896,90,7.45985
fread-pinned,12,17,589824,80,6.86646
pageable-pinned,12,17,589824,45,12.207
pinned-h2d,12,17,589824,31,17.7199
pageable-staging-h2d,12,17,589824,76,7.22785
fread-pinned,12,26,589824,79,6.95337
pageable-pinned,12,26,589824,43,12.7748
pinned-h2d,12,26,589824,31,17.7199
pageable-staging-h2d,12,26,589824,74,7.42319
fread-pinned,12,175,589824,81,6.78168
pageable-pinned,12,175,589824,42,13.079
pinned-h2d,12,175,589824,30,18.3105
pageable-staging-h2d,12,175,589824,72,7.62939
fread-pinned,12,34,589824,87,6.31398
pageable-pinned,12,34,589824,46,11.9417
pinned-h2d,12,34,589824,31,17.7199
pageable-staging-h2d,12,34,589824,77,7.13398
fread-pinned,12,243,860160,108,7.41747
pageable-pinned,12,243,860160,68,11.7807
pinned-h2d,12,243,860160,43,18.6299
pageable-staging-h2d,12,243,860160,111,7.21699
fread-pinned,12,240,589824,90,6.10352
pageable-pinned,12,240,589824,69,7.96111
pinned-h2d,12,240,589824,31,17.7199
pageable-staging-h2d,12,240,589824,100,5.49316
fread-pinned,12,31,720896,123,5.45843
pageable-pinned,12,31,720896,92,7.29768
pinned-h2d,12,31,720896,36,18.6496
pageable-staging-h2d,12,31,720896,128,5.24521
fread-pinned,12,99,589824,100,5.49316
pageable-pinned,12,99,589824,64,8.58307
pinned-h2d,12,99,589824,31,17.7199
pageable-staging-h2d,12,99,589824,95,5.78228
fread-pinned,12,45,589824,97,5.66306
pageable-pinned,12,45,589824,64,8.58307
pinned-h2d,12,45,589824,31,17.7199
pageable-staging-h2d,12,45,589824,95,5.78228
fread-pinned,12,215,589824,90,6.10352
pageable-pinned,12,215,589824,58,9.47097
pinned-h2d,12,215,589824,31,17.7199
pageable-staging-h2d,12,215,589824,89,6.17209
fread-pinned,12,185,720896,87,7.71709
pageable-pinned,12,185,720896,52,12.9113
pinned-h2d,12,185,720896,36,18.6496
pageable-staging-h2d,12,185,720896,88,7.62939
fread-pinned,12,52,589824,85,6.46255
pageable-pinned,12,52,589824,43,12.7748
pinned-h2d,12,52,589824,30,18.3105
pageable-staging-h2d,12,52,589824,73,7.52488
fread-pinned,12,7,589824,69,7.96111
pageable-pinned,12,7,589824,42,13.079
pinned-h2d,12,7,589824,30,18.3105
pageable-staging-h2d,12,7,589824,72,7.62939
fread-pinned,12,177,589824,83,6.61827
pageable-pinned,12,177,589824,48,11.4441
pinned-h2d,12,177,589824,30,18.3105
pageable-staging-h2d,12,177,589824,78,7.04252
fread-pinned,12,232,589824,67,8.19875
pageable-pinned,12,232,589824,44,12.4845
pinned-h2d,12,232,589824,30,18.3105
pageable-staging-h2d,12,232,589824,74,7.42319
fread-pinned,12,46,589824,90,6.10352
pageable-pinned,12,46,589824,61,9.00519
pinned-h2d,12,46,589824,31,17.7199
pageable-staging-h2d,12,46,589824,92,5.97083
fread-pinned,12,201,589824,93,5.90663
pageable-pinned,12,201,589824,67,8.19875
pinned-h2d,12,201,589824,31,17.7199
pageable-staging-h2d,12,201,589824,98,5.60527
fread-pinned,12,238,589824,93,5.90663
pageable-pinned,12,238,589824,69,7.96111
pinned-h2d,12,238,589824,31,17.7199
pageable-staging-h2d,12,238,589824,100,5.49316
fread-pinned,12,79,589824,87,6.31398
pageable-pinned,12,79,589824,53,10.3645
pinned-h2d,12,79,589824,30,18.3105
pageable-staging-h2d,12,79,589824,83,6.61827
fread-pinned,12,194,589824,91,6.03644
pageable-pinned,12,194,589824,69,7.96111
pinned-h2d,12,194,589824,31,17.7199
pageable-staging-h2d,12,194,589824,100,5.49316
fread-pinned,12,89,720896,112,5.99452
pageable-pinned,12,89,720896,72,9.32482
pinned-h2d,12,89,720896,36,18.6496
pageable-staging-h2d,12,89,720896,108,6.21654
fread-pinned,12,19,720896,103,6.51832
pageable-pinned,12,19,720896,76,8.83404
pinned-h2d,12,19,720896,35,19.1825
pageable-staging-h2d,12,19,720896,111,6.04853
fread-pinned,12,249,860160,138,5.80497
pageable-pinned,12,249,860160,103,7.77754
pinned-h2d,12,249,860160,42,19.0735
pageable-staging-h2d,12,249,860160,145,5.52473
fread-pinned,12,145,589824,107,5.1338
pageable-pinned,12,145,589824,61,9.00519
pinned-h2d,12,145,589824,32,17.1661
pageable-staging-h2d,12,145,589824,93,5.90663
fread-pinned,12,143,589824,106,5.18223
pageable-pinned,12,143,589824,67,8.19875
pinned-h2d,12,143,589824,31,17.7199
pageable-staging-h2d,12,143,589824,98,5.60527
fread-pinned,12,250,860160,133,6.02321
pageable-pinned,12,250,860160,73,10.9738
pinned-h2d,12,250,860160,42,19.0735
pageable-staging-h2d,12,250,860160,115,6.96597
fread-pinned,12,198,720896,85,7.89867
pageable-pinned,12,198,720896,55,12.207
pinned-h2d,12,198,720896,38,17.6681
pageable-staging-h2d,12,198,720896,93,7.21921
fread-pinned,12,200,589824,83,6.61827
pageable-pinned,12,200,589824,47,11.6876
pinned-h2d,12,200,589824,31,17.7199
pageable-staging-h2d,12,200,589824,78,7.04252
fread-pinned,12,70,720896,104,6.45564
pageable-pinned,12,70,720896,55,12.207
pinned-h2d,12,70,720896,36,18.6496
pageable-staging-h2d,12,70,720896,91,7.37788
fread-pinned,12,15,589824,84,6.53948
pageable-pinned,12,15,589824,45,12.207
pinned-h2d,12,15,589824,31,17.7199
pageable-staging-h2d,12,15,589824,76,7.22785
fread-pinned,12,54,589824,94,5.84379
pageable-pinned,12,54,589824,64,8.58307
pinned-h2d,12,54,589824,30,18.3105
pageable-staging-h2d,12,54,589824,94,5.84379
fread-pinned,12,73,589824,97,5.66306
pageable-pinned,12,73,589824,67,8.19875
pinned-h2d,12,73,589824,30,18.3105
pageable-staging-h2d,12,73,589824,97,5.66306
fread-pinned,12,39,589824,103,5.33317
pageable-pinned,12,39,589824,72,7.62939
pinned-h2d,12,39,589824,31,17.7199
pageable-staging-h2d,12,39,589824,103,5.33317
fread-pinned,12,147,720896,116,5.78782
pageable-pinned,12,147,720896,89,7.54367
pinned-h2d,12,147,720896,36,18.6496
pageable-staging-h2d,12,147,720896,125,5.37109
fread-pinned,12,78,589824,102,5.38545
pageable-pinned,12,78,589824,71,7.73685
pinned-h2d,12,78,589824,31,17.7199
pageable-staging-h2d,12,78,589824,102,5.38545
fread-pinned,12,0,589824,82,6.69898
pageable-pinned,12,0,589824,53,10.3645
pinned-h2d,12,0,589824,30,18.3105
pageable-staging-h2d,12,0,589824,83,6.61827
fread-pinned,12,166,720896,104,6.45564
pageable-pinned,12,166,720896,80,8.39233
pinned-h2d,12,166,720896,35,19.1825
pageable-staging-h2d,12,166,720896,115,5.83815
fread-pinned,12,112,589824,82,6.69898
pageable-pinned,12,112,589824,60,9.15527
pinned-h2d,12,112,589824,31,17.7199
pageable-staging-h2d,12,112,589824,91,6.03644
fread-pinned,12,157,589824,84,6.53948
pageable-pinned,12,157,589824,67,8.19875
pinned-h2d,12,157,589824,30,18.3105
pageable-staging-h2d,12,157,589824,97,5.66306
fread-pinned,12,253,589824,98,5.60527
pageable-pinned,12,253,589824,68,8.07818
pinned-h2d,12,253,589824,31,17.7199
pageable-staging-h2d,12,253,589824,99,5.54865
fread-pinned,12,152,589824,98,5.60527
pageable-pinned,12,152,589824,45,12.207
pinned-h2d,12,152,589824,31,17.7199
pageable-staging-h2d,12,152,589824,76,7.22785
fread-pinned,12,237,720896,94,7.14241
pageable-pinned,12,237,720896,57,11.7787
pinned-h2d,12,237,720896,36,18.6496
pageable-staging-h2d,12,237,720896,93,7.21921
fread-pinned,12,218,860160,111,7.21699
pageable-pinned,12,218,860160,67,11.9565
pinned-h2d,12,218,860160,42,19.0735
pageable-staging-h2d,12,218,860160,109,7.34942
fread-pinned,12,96,720896,86,7.80682
pageable-pinned,12,96,720896,58,11.5756
pinned-h2d,12,96,720896,36,18.6496
pageable-staging-h2d,12,96,720896,94,7.14241
fread-pinned,12,180,589824,70,7.84738
pageable-pinned,12,180,589824,43,12.7748
pinned-h2d,12,180,589824,31,17.7199
pageable-staging-h2d,12,180,589824,74,7.42319
fread-pinned,12,40,589824,81,6.78168
pageable-pinned,12,40,589824,60,9.15527
pinned-h2d,12,40,589824,30,18.3105
pageable-staging-h2d,12,40,589824,90,6.10352
fread-pinned,12,137,589824,81,6.78168
pageable-pinned,12,137,589824,67,8.19875
pinned-h2d,12,137,589824,31,17.7199
pageable-staging-h2d,12,137,589824,98,5.60527
fread-pinned,12,164,589824,86,6.3874
pageable-pinned,12,164,589824,68,8.07818
pinned-h2d,12,164,589824,30,18.3105
pageable-staging-h2d,12,164,589824,98,5.60527
fread-pinned,12,133,720896,110,6.10352
pageable-pinned,12,133,720896,84,7.9927
pinned-h2d,12,133,720896,37,18.1456
pageable-staging-h2d,12,133,720896,121,5.54865
fread-pinned,12,245,589824,94,5.84379
pageable-pinned,12,245,589824,63,8.71931
pinned-h2d,12,245,589824,31,17.7199
pageable-staging-h2d,12,245,589824,94,5.84379
fread-pinned,12,32,720896,117,5.73835
pageable-pinned,12,32,720896,86,7.80682
pinned-h2d,12,32,720896,36,18.6496
pageable-staging-h2d,12,32,720896,122,5.50317
fread-pinned,12,16,589824,100,5.49316
pageable-pinned,12,16,589824,67,8.19875
pinned-h2d,12,16,589824,31,17.7199
pageable-staging-h2d,12,16,589824,98,5.60527
fread-pinned,12,100,589824,101,5.43878
pageable-pinned,12,100,589824,68,8.07818
pinned-h2d,12,100,589824,30,18.3105
pageable-staging-h2d,12,100,589824,98,5.60527
fread-pinned,12,98,589824,90,6.10352
pageable-pinned,12,98,589824,46,11.9417
pinned-h2d,12,98,589824,30,18.3105
pageable-staging-h2d,12,98,589824,76,7.22785
fread-pinned,12,196,589824,84,6.53948
pageable-pinned,12,196,589824,67,8.19875
pinned-h2d,12,196,589824,31,17.7199
pageable-staging-h2d,12,196,589824,98,5.60527
fread-pinned,12,30,720896,114,5.88936
pageable-pinned,12,30,720896,60,11.1898
pinned-h2d,12,30,720896,36,18.6496
pageable-staging-h2d,12,30,720896,96,6.99361
fread-pinned,12,72,589824,91,6.03644
pageable-pinned,12,72,589824,46,11.9417
pinned-h2d,12,72,589824,31,17.7199
pageable-staging-h2d,12,72,589824,77,7.13398
fread-pinned,12,165,720896,88,7.62939
pageable-pinned,12,165,720896,60,11.1898
pinned-h2d,12,165,720896,35,19.1825
pageable-staging-h2d,12,165,720896,95,7.06723
fread-pinned,12,63,720896,113,5.94148
pageable-pinned,12,63,720896,60,11.1898
pinned-h2d,12,63,720896,37,18.1456
pageable-staging-h2d,12,63,720896,97,6.92151
fread-pinned,12,86,589824,73,7.52488
pageable-pinned,12,86,589824,44,12.4845
pinned-h2d,12,86,589824,33,16.646
pageable-staging-h2d,12,86,589824,77,7.13398
fread-pinned,12,234,589824,108,5.08626
pageable-pinned,12,234,589824,68,8.07818
pinned-h2d,12,234,589824,31,17.7199
pageable-staging-h2d,12,234,589824,99,5.54865
fread-pinned,12,71,589824,101,5.43878
pageable-pinned,12,71,589824,67,8.19875
pinned-h2d,12,71,589824,30,18.3105
pageable-staging-h2d,12,71,589824,97,5.66306
fread-pinned,12,193,589824,87,6.31398
pageable-pinned,12,193,589824,64,8.58307
pinned-h2d,12,193,589824,31,17.7199
pageable-staging-h2d,12,193,589824,95,5.78228
fread-pinned,12,91,589824,90,6.10352
pageable-pinned,12,91,589824,69,7.96111
pinned-h2d,12,91,589824,31,17.7199
pageable-staging-h2d,12,91,589824,100,5.49316
fread-pinned,12,60,589824,99,5.54865
pageable-pinned,12,60,589824,66,8.32298
pinned-h2d,12,60,589824,31,17.7199
pageable-staging-h2d,12,60,589824,97,5.66306
fread-pinned,12,48,589824,94,5.84379
pageable-pinned,12,48,589824,63,8.71931
pinned-h2d,12,48,589824,31,17.7199
pageable-staging-h2d,12,48,589824,94,5.84379
fread-pinned,12,50,720896,132,5.08626
pageable-pinned,12,50,720896,89,7.54367
pinned-h2d,12,50,720896,36,18.6496
pageable-staging-h2d,12,50,720896,125,5.37109
fread-pinned,12,6,720896,110,6.10352
pageable-pinned,12,6,720896,87,7.71709
pinned-h2d,12,6,720896,36,18.6496
pageable-staging-h2d,12,6,720896,123,5.45843
fread-pinned,12,38,720896,122,5.50317
pageable-pinned,12,38,720896,95,7.06723
pinned-h2d,12,38,720896,36,18.6496
pageable-staging-h2d,12,38,720896,131,5.12509
fread-pinned,12,241,589824,89,6.17209
pageable-pinned,12,241,589824,64,8.58307
pinned-h2d,12,241,589824,31,17.7199
pageable-staging-h2d,12,241,589824,95,5.78228
fread-pinned,12,184,589824,74,7.42319
pageable-pinned,12,184,589824,48,11.4441
pinned-h2d,12,184,589824,30,18.3105
pageable-staging-h2d,12,184,589824,78,7.04252
fread-pinned,12,29,589824,86,6.3874
pageable-pinned,12,29,589824,47,11.6876
pinned-h2d,12,29,589824,30,18.3105
pageable-staging-h2d,12,29,589824,77,7.13398
fread-pinned,12,150,589824,98,5.60527
pageable-pinned,12,150,589824,47,11.6876
pinned-h2d,12,150,589824,30,18.3105
pageable-staging-h2d,12,150,589824,77,7.13398
fread-pinned,12,186,720896,83,8.089
pageable-pinned,12,186,720896,57,11.7787
pinned-h2d,12,186,720896,36,18.6496
pageable-staging-h2d,12,186,720896,93,7.21921
fread-pinned,12,81,589824,84,6.53948
pageable-pinned,12,81,589824,46,11.9417
pinned-h2d,12,81,589824,31,17.7199
pageable-staging-h2d,12,81,589824,77,7.13398
fread-pinned,12,35,589824,93,5.90663
pageable-pinned,12,35,589824,47,11.6876
pinned-h2d,12,35,589824,31,17.7199
pageable-staging-h2d,12,35,589824,78,7.04252
fread-pinned,12,148,589824,75,7.32422
pageable-pinned,12,148,589824,48,11.4441
pinned-h2d,12,148,589824,31,17.7199
pageable-staging-h2d,12,148,589824,79,6.95337
fread-pinned,12,120,720896,121,5.54865
pageable-pinned,12,120,720896,56,11.989
pinned-h2d,12,120,720896,38,17.6681
pageable-staging-h2d,12,120,720896,94,7.14241
fread-pinned,12,83,720896,101,6.64739
pageable-pinned,12,83,720896,54,12.4331
pinned-h2d,12,83,720896,37,18.1456
pageable-staging-h2d,12,83,720896,91,7.37788
fread-pinned,12,213,589824,80,6.86646
pageable-pinned,12,213,589824,47,11.6876
pinned-h2d,12,213,589824,31,17.7199
pageable-staging-h2d,12,213,589824,78,7.04252
fread-pinned,12,131,589824,70,7.84738
pageable-pinned,12,131,589824,45,12.207
pinned-h2d,12,131,589824,30,18.3105
pageable-staging-h2d,12,131,589824,75,7.32422
fread-pinned,12,136,589824,105,5.23158
pageable-pinned,12,136,589824,68,8.07818
pinned-h2d,12,136,589824,31,17.7199
pageable-staging-h2d,12,136,589824,99,5.54865
fread-pinned,12,179,720896,129,5.20455
pageable-pinned,12,179,720896,86,7.80682
pinned-h2d,12,179,720896,35,19.1825
pageable-staging-h2d,12,179,720896,121,5.54865
fread-pinned,12,14,589824,88,6.24223
pageable-pinned,12,14,589824,65,8.45102
pinned-h2d,12,14,589824,30,18.3105
pageable-staging-h2d,12,14,589824,95,5.78228
fread-pinned,12,87,589824,83,6.61827
pageable-pinned,12,87,589824,66,8.32298
pinned-h2d,12,87,589824,30,18.3105
pageable-staging-h2d,12,87,589824,96,5.72205
fread-pinned,12,187,589824,96,5.72205
pageable-pinned,12,187,589824,72,7.62939
pinned-h2d,12,187,589824,31,17.7199
pageable-staging-h2d,12,187,589824,103,5.33317
fread-pinned,12,139,589824,89,6.17209
pageable-pinned,12,139,589824,63,8.71931
pinned-h2d,12,139,589824,31,17.7199
pageable-staging-h2d,12,139,589824,94,5.84379
fread-pinned,12,1,589824,86,6.3874
pageable-pinned,12,1,589824,70,7.84738
pinned-h2d,12,1,589824,31,17.7199
pageable-staging-h2d,12,1,589824,101,5.43878
fread-pinned,12,226,589824,88,6.24223
pageable-pinned,12,226,589824,67,8.19875
pinned-h2d,12,226,589824,30,18.3105
pageable-staging-h2d,12,226,589824,97,5.66306
fread-pinned,12,153,720896,111,6.04853
pageable-pinned,12,153,720896,88,7.62939
pinned-h2d,12,153,720896,35,19.1825
pageable-staging-h2d,12,153,720896,123,5.45843
fread-pinned,12,132,589824,81,6.78168
pageable-pinned,12,132,589824,58,9.47097
pinned-h2d,12,132,589824,31,17.7199
pageable-staging-h2d,12,132,589824,89,6.17209
fread-pinned,12,56,720896,116,5.78782
pageable-pinned,12,56,720896,60,11.1898
pinned-h2d,12,56,720896,36,18.6496
pageable-staging-h2d,12,56,720896,96,6.99361
fread-pinned,12,236,720896,93,7.21921
pageable-pinned,12,236,720896,56,11.989
pinned-h2d,12,236,720896,37,18.1456
pageable-staging-h2d,12,236,720896,93,7.21921
fread-pinned,12,47,589824,84,6.53948
pageable-pinned,12,47,589824,44,12.4845
pinned-h2d,12,47,589824,30,18.3105
pageable-staging-h2d,12,47,589824,74,7.42319
fread-pinned,12,110,589824,74,7.42319
pageable-pinned,12,110,589824,44,12.4845
pinned-h2d,12,110,589824,31,17.7199
pageable-staging-h2d,12,110,589824,75,7.32422
fread-pinned,12,97,589824,103,5.33317
pageable-pinned,12,97,589824,47,11.6876
pinned-h2d,12,97,589824,31,17.7199
pageable-staging-h2d,12,97,589824,78,7.04252
fread-pinned,12,62,589824,93,5.90663
pageable-pinned,12,62,589824,59,9.31045
pinned-h2d,12,62,589824,30,18.3105
pageable-staging-h2d,12,62,589824,89,6.17209
fread-pinned,12,121,720896,143,4.69501
pageable-pinned,12,121,720896,90,7.45985
pinned-h2d,12,121,720896,36,18.6496
pageable-staging-h2d,12,121,720896,126,5.32847
fread-pinned,12,13,589824,90,6.10352
pageable-pinned,12,13,589824,70,7.84738
pinned-h2d,12,13,589824,30,18.3105
pageable-staging-h2d,12,13,589824,100,5.49316
fread-pinned,12,82,720896,126,5.32847
pageable-pinned,12,82,720896,90,7.45985
pinned-h2d,12,82,720896,36,18.6496
pageable-staging-h2d,12,82,720896,126,5.32847
fread-pinned,12,217,860160,145,5.52473
pageable-pinned,12,217,860160,104,7.70275
pinned-h2d,12,217,860160,42,19.0735
pageable-staging-h2d,12,217,860160,146,5.48689
fread-pinned,12,80,589824,98,5.60527
pageable-pinned,12,80,589824,54,10.1725
pinned-h2d,12,80,589824,32,17.1661
pageable-staging-h2d,12,80,589824,86,6.3874
fread-pinned,12,216,589824,87,6.31398
pageable-pinned,12,216,589824,64,8.58307
pinned-h2d,12,216,589824,30,18.3105
pageable-staging-h2d,12,216,589824,94,5.84379
fread-pinned,12,66,589824,105,5.23158
pageable-pinned,12,66,589824,71,7.73685
pinned-h2d,12,66,589824,30,18.3105
pageable-staging-h2d,12,66,589824,101,5.43878
fread-pinned,12,18,720896,115,5.83815
pageable-pinned,12,18,720896,88,7.62939
pinned-h2d,12,18,720896,38,17.6681
pageable-staging-h2d,12,18,720896,126,5.32847
fread-pinned,12,59,589824,90,6.10352
pageable-pinned,12,59,589824,48,11.4441
pinned-h2d,12,59,589824,31,17.7199
pageable-staging-h2d,12,59,589824,79,6.95337
fread-pinned,12,109,720896,124,5.41441
pageable-pinned,12,109,720896,57,11.7787
pinned-h2d,12,109,720896,35,19.1825
pageable-staging-h2d,12,109,720896,92,7.29768
fread-pinned,12,103,589824,81,6.78168
pageable-pinned,12,103,589824,43,12.7748
pinned-h2d,12,103,589824,31,17.7199
pageable-staging-h2d,12,103,589824,74,7.42319
fread-pinned,12,169,589824,99,5.54865
pageable-pinned,12,169,589824,46,11.9417
pinned-h2d,12,169,589824,31,17.7199
pageable-staging-h2d,12,169,589824,77,7.13398
fread-pinned,12,227,589824,74,7.42319
pageable-pinned,12,227,589824,46,11.9417
pinned-h2d,12,227,589824,31,17.7199
pageable-staging-h2d,12,227,589824,77,7.13398
fread-pinned,12,101,720896,111,6.04853
pageable-pinned,12,101,720896,62,10.8288
pinned-h2d,12,101,720896,37,18.1456
pageable-staging-h2d,12,101,720896,99,6.78168
fread-pinned,12,212,720896,101,6.64739
pageable-pinned,12,212,720896,58,11.5756
pinned-h2d,12,212,720896,37,18.1456
pageable-staging-h2d,12,212,720896,95,7.06723
fread-pinned,12,204,720896,103,6.51832
pageable-pinned,12,204,720896,59,11.3794
pinned-h2d,12,204,720896,36,18.6496
pageable-staging-h2d,12,204,720896,95,7.06723
fread-pinned,12,43,720896,116,5.78782
pageable-pinned,12,43,720896,55,12.207
pinned-h2d,12,43,720896,36,18.6496
pageable-staging-h2d,12,43,720896,91,7.37788
fread-pinned,12,104,589824,83,6.61827
pageable-pinned,12,104,589824,46,11.9417
pinned-h2d,12,104,589824,31,17.7199
pageable-staging-h2d,12,104,589824,77,7.13398
fread-pinned,12,154,720896,153,4.38815
pageable-pinned,12,154,720896,91,7.37788
pinned-h2d,12,154,720896,36,18.6496
pageable-staging-h2d,12,154,720896,127,5.28651
fread-pinned,12,174,589824,107,5.1338
pageable-pinned,12,174,589824,71,7.73685
pinned-h2d,12,174,589824,30,18.3105
pageable-staging-h2d,12,174,589824,101,5.43878
fread-pinned,12,118,589824,109,5.0396
pageable-pinned,12,118,589824,67,8.19875
pinned-h2d,12,118,589824,31,17.7199
pageable-staging-h2d,12,118,589824,98,5.60527
fread-pinned,12,225,589824,88,6.24223
pageable-pinned,12,225,589824,70,7.84738
pinned-h2d,12,225,589824,30,18.3105
pageable-staging-h2d,12,225,589824,100,5.49316
fread-pinned,12,229,589824,91,6.03644
pageable-pinned,12,229,589824,65,8.45102
pinned-h2d,12,229,589824,31,17.7199
pageable-staging-h2d,12,229,589824,96,5.72205
fread-pinned,12,141,720896,118,5.68972
pageable-pinned,12,141,720896,92,7.29768
pinned-h2d,12,141,720896,35,19.1825
pageable-staging-h2d,12,141,720896,127,5.28651
fread-pinned,12,8,589824,85,6.46255
pageable-pinned,12,8,589824,63,8.71931
pinned-h2d,12,8,589824,30,18.3105
pageable-staging-h2d,12,8,589824,93,5.90663
fread-pinned,12,64,720896,121,5.54865
pageable-pinned,12,64,720896,82,8.18764
pinned-h2d,12,64,720896,36,18.6496
pageable-staging-h2d,12,64,720896,118,5.68972
fread-pinned,12,159,720896,107,6.27464
pageable-pinned,12,159,720896,86,7.80682
pinned-h2d,12,159,720896,36,18.6496
pageable-staging-h2d,12,159,720896,122,5.50317
fread-pinned,12,122,720896,91,7.37788
pageable-pinned,12,122,720896,59,11.3794
pinned-h2d,12,122,720896,36,18.6496
pageable-staging-h2d,12,122,720896,95,7.06723
fread-pinned,12,44,720896,110,6.10352
pageable-pinned,12,44,720896,53,12.6677
pinned-h2d,12,44,720896,35,19.1825
pageable-staging-h2d,12,44,720896,88,7.62939
fread-pinned,12,9,589824,69,7.96111
pageable-pinned,12,9,589824,41,13.398
pinned-h2d,12,9,589824,31,17.7199
pageable-staging-h2d,12,9,589824,72,7.62939
fread-pinned,12,107,589824,101,5.43878
pageable-pinned,12,107,589824,45,12.207
pinned-h2d,12,107,589824,30,18.3105
pageable-staging-h2d,12,107,589824,75,7.32422
fread-pinned,12,20,589824,89,6.17209
pageable-pinned,12,20,589824,46,11.9417
pinned-h2d,12,20,589824,32,17.1661
pageable-staging-h2d,12,20,589824,78,7.04252
fread-pinned,12,140,720896,123,5.45843
pageable-pinned,12,140,720896,56,11.989
pinned-h2d,12,140,720896,38,17.6681
pageable-staging-h2d,12,140,720896,94,7.14241
fread-pinned,12,42,589824,88,6.24223
pageable-pinned,12,42,589824,46,11.9417
pinned-h2d,12,42,589824,31,17.7199
pageable-staging-h2d,12,42,589824,77,7.13398
fread-pinned,12,235,589824,75,7.32422
pageable-pinned,12,235,589824,47,11.6876
pinned-h2d,12,235,589824,31,17.7199
pageable-staging-h2d,12,235,589824,78,7.04252
fread-pinned,12,105,589824,102,5.38545
pageable-pinned,12,105,589824,47,11.6876
pinned-h2d,12,105,589824,31,17.7199
pageable-staging-h2d,12,105,589824,78,7.04252
fread-pinned,12,28,589824,88,6.24223
pageable-pinned,12,28,589824,43,12.7748
pinned-h2d,12,28,589824,34,16.1564
pageable-staging-h2d,12,28,589824,77,7.13398
fread-pinned,12,189,589824,74,7.42319
pageable-pinned,12,189,589824,48,11.4441
pinned-h2d,12,189,589824,31,17.7199
pageable-staging-h2d,12,189,589824,79,6.95337
fread-pinned,12,221,589824,101,5.43878
pageable-pinned,12,221,589824,69,7.96111
pinned-h2d,12,221,589824,30,18.3105
pageable-staging-h2d,12,221,589824,99,5.54865
fread-pinned,12,170,589824,114,4.81856
pageable-pinned,12,170,589824,73,7.52488
pinned-h2d,12,170,589824,31,17.7199
pageable-staging-h2d,12,170,589824,104,5.28189
fread-pinned,12,192,720896,132,5.08626
pageable-pinned,12,192,720896,82,8.18764
pinned-h2d,12,192,720896,36,18.6496
pageable-staging-h2d,12,192,720896,118,5.68972
fread-pinned,12,142,589824,89,6.17209
pageable-pinned,12,142,589824,69,7.96111
pinned-h2d,12,142,589824,30,18.3105
pageable-staging-h2d,12,142,589824,99,5.54865
fread-pinned,12,161,589824,89,6.17209
pageable-pinned,12,161,589824,69,7.96111
pinned-h2d,12,161,589824,30,18.3105
pageable-staging-h2d,12,161,589824,99,5.54865
fread-pinned,12,21,589824,101,5.43878
pageable-pinned,12,21,589824,70,7.84738
pinned-h2d,12,21,589824,32,17.1661
pageable-staging-h2d,12,21,589824,102,5.38545
fread-pinned,12,84,589824,88,6.24223
pageable-pinned,12,84,589824,70,7.84738
pinned-h2d,12,84,589824,30,18.3105
pageable-staging-h2d,12,84,589824,100,5.49316
fread-pinned,12,181,589824,86,6.3874
pageable-pinned,12,181,589824,66,8.32298
pinned-h2d,12,181,589824,31,17.7199
pageable-staging-h2d,12,181,589824,97,5.66306
fread-pinned,12,205,720896,138,4.86512
pageable-pinned,12,205,720896,94,7.14241
pinned-h2d,12,205,720896,36,18.6496
pageable-staging-h2d,12,205,720896,130,5.16451
fread-pinned,12,116,589824,84,6.53948
pageable-pinned,12,116,589824,46,11.9417
pinned-h2d,12,116,589824,30,18.3105
pageable-staging-h2d,12,116,589824,76,7.22785
fread-pinned,12,197,589824,72,7.62939
pageable-pinned,12,197,589824,47,11.6876
pinned-h2d,12,197,589824,30,18.3105
pageable-staging-h2d,12,197,589824,77,7.13398
fread-pinned,12,171,589824,93,5.90663
pageable-pinned,12,171,589824,44,12.4845
pinned-h2d,12,171,589824,30,18.3105
pageable-staging-h2d,12,171,589824,74,7.42319
fread-pinned,12,248,589824,77,7.13398
pageable-pinned,12,248,589824,47,11.6876
pinned-h2d,12,248,589824,30,18.3105
pageable-staging-h2d,12,248,589824,77,7.13398
fread-pinned,12,158,589824,72,7.62939
pageable-pinned,12,158,589824,45,12.207
pinned-h2d,12,158,589824,33,16.646
pageable-staging-h2d,12,158,589824,78,7.04252
fread-pinned,12,162,589824,75,7.32422
pageable-pinned,12,162,589824,48,11.4441
pinned-h2d,12,162,589824,31,17.7199
pageable-staging-h2d,12,162,589824,79,6.95337
fread-pinned,12,167,720896,114,5.88936
pageable-pinned,12,167,720896,91,7.37788
pinned-h2d,12,167,720896,37,18.1456
pageable-staging-h2d,12,167,720896,128,5.24521
fread-pinned,12,202,589824,110,4.99379
pageable-pinned,12,202,589824,69,7.96111
pinned-h2d,12,202,589824,31,17.7199
pageable-staging-h2d,12,202,589824,100,5.49316
fread-pinned,12,61,589824,105,5.23158
pageable-pinned,12,61,589824,70,7.84738
pinned-h2d,12,61,589824,32,17.1661
pageable-staging-h2d,12,61,589824,102,5.38545
fread-pinned,12,134,720896,107,6.27464
pageable-pinned,12,134,720896,88,7.62939
pinned-h2d,12,134,720896,37,18.1456
pageable-staging-h2d,12,134,720896,125,5.37109
fread-pinned,12,51,720896,139,4.83012
pageable-pinned,12,51,720896,88,7.62939
pinned-h2d,12,51,720896,37,18.1456
pageable-staging-h2d,12,51,720896,125,5.37109
fread-pinned,12,255,860160,149,5.37642
pageable-pinned,12,255,860160,107,7.48679
pinned-h2d,12,255,860160,43,18.6299
pageable-staging-h2d,12,255,860160,150,5.34058
fread-pinned,12,208,589824,91,6.03644
pageable-pinned,12,208,589824,66,8.32298
pinned-h2d,12,208,589824,31,17.7199
pageable-staging-h2d,12,208,589824,97,5.66306
fread-pinned,12,214,589824,90,6.10352
pageable-pinned,12,214,589824,62,8.85994
pinned-h2d,12,214,589824,30,18.3105
pageable-staging-h2d,12,214,589824,92,5.97083
fread-pinned,12,12,720896,111,6.04853
pageable-pinned,12,12,720896,65,10.329
pinned-h2d,12,12,720896,36,18.6496
pageable-staging-h2d,12,12,720896,101,6.64739
fread-pinned,12,138,589824,80,6.86646
pageable-pinned,12,138,589824,47,11.6876
pinned-h2d,12,138,589824,32,17.1661
pageable-staging-h2d,12,138,589824,79,6.95337
fread-pinned,12,24,720896,109,6.15951
pageable-pinned,12,24,720896,56,11.989
pinned-h2d,12,24,720896,37,18.1456
pageable-staging-h2d,12,24,720896,93,7.21921
fread-pinned,12,53,589824,94,5.84379
pageable-pinned,12,53,589824,46,11.9417
pinned-h2d,12,53,589824,32,17.1661
pageable-staging-h2d,12,53,589824,78,7.04252
fread-pinned,12,76,720896,133,5.04802
pageable-pinned,12,76,720896,60,11.1898
pinned-h2d,12,76,720896,36,18.6496
pageable-staging-h2d,12,76,720896,96,6.99361
fread-pinned,12,160,720896,102,6.58222
pageable-pinned,12,160,720896,76,8.83404
pinned-h2d,12,160,720896,36,18.6496
pageable-staging-h2d,12,160,720896,112,5.99452
fread-pinned,12,67,589824,106,5.18223
pageable-pinned,12,67,589824,61,9.00519
pinned-h2d,12,67,589824,30,18.3105
pageable-staging-h2d,12,67,589824,91,6.03644
fread-pinned,12,222,589824,82,6.69898
pageable-pinned,12,222,589824,60,9.15527
pinned-h2d,12,222,589824,31,17.7199
pageable-staging-h2d,12,222,589824,91,6.03644
fread-pinned,12,135,589824,80,6.86646
pageable-pinned,12,135,589824,60,9.15527
pinned-h2d,12,135,589824,30,18.3105
pageable-staging-h2d,12,135,589824,90,6.10352
fread-pinned,12,144,589824,114,4.81856
pageable-pinned,12,144,589824,61,9.00519
pinned-h2d,12,144,589824,30,18.3105
pageable-staging-h2d,12,144,589824,91,6.03644
fread-pinned,12,223,860160,135,5.93397
pageable-pinned,12,223,860160,101,7.93155
pinned-h2d,12,223,860160,42,19.0735
pageable-staging-h2d,12,223,860160,143,5.602
fread-pinned,12,127,720896,98,6.85088
pageable-pinned,12,127,720896,71,9.45615
pinned-h2d,12,127,720896,37,18.1456
pageable-staging-h2d,12,127,720896,108,6.21654
fread-pinned,12,219,589824,81,6.78168
pageable-pinned,12,219,589824,62,8.85994
pinned-h2d,12,219,589824,31,17.7199
pageable-staging-h2d,12,219,589824,93,5.90663
fread-pinned,12,65,589824,99,5.54865
pageable-pinned,12,65,589824,63,8.71931
pinned-h2d,12,65,589824,30,18.3105
pageable-staging-h2d,12,65,589824,93,5.90663
fread-pinned,12,37,720896,127,5.28651
pageable-pinned,12,37,720896,88,7.62939
pinned-h2d,12,37,720896,35,19.1825
pageable-staging-h2d,12,37,720896,123,5.45843
fread-pinned,12,74,589824,85,6.46255
pageable-pinned,12,74,589824,39,14.085
pinned-h2d,12,74,589824,31,17.7199
pageable-staging-h2d,12,74,589824,70,7.84738
fread-pinned,12,111,589824,94,5.84379
pageable-pinned,12,111,589824,42,13.079
pinned-h2d,12,111,589824,32,17.1661
pageable-staging-h2d,12,111,589824,74,7.42319
fread-pinned,12,49,589824,93,5.90663
pageable-pinned,12,49,589824,41,13.398
pinned-h2d,12,49,589824,31,17.7199
pageable-staging-h2d,12,49,589824,72,7.62939
fread-pinned,12,242,589824,75,7.32422
pageable-pinned,12,242,589824,41,13.398
pinned-h2d,12,242,589824,31,17.7199
pageable-staging-h2d,12,242,589824,72,7.62939
fread-pinned,12,114,720896,87,7.71709
pageable-pinned,12,114,720896,51,13.1644
pinned-h2d,12,114,720896,36,18.6496
pageable-staging-h2d,12,114,720896,87,7.71709
fread-pinned,12,191,720896,89,7.54367
pageable-pinned,12,191,720896,50,13.4277
pinned-h2d,12,191,720896,36,18.6496
pageable-staging-h2d,12,191,720896,86,7.80682
fread-pinned,12,209,589824,69,7.96111
pageable-pinned,12,209,589824,42,13.079
pinned-h2d,12,209,589824,30,18.3105
pageable-staging-h2d,12,209,589824,72,7.62939
fread-pinned,12,156,589824,78,7.04252
pageable-pinned,12,156,589824,41,13.398
pinned-h2d,12,156,589824,34,16.1564
pageable-staging-h2d,12,156,589824,75,7.32422
fread-pinned,12,163,589824,70,7.84738
pageable-pinned,12,163,589824,43,12.7748
pinned-h2d,12,163,589824,31,17.7199
pageable-staging-h2d,12,163,589824,74,7.42319
fread-pinned,12,77,720896,125,5.37109
pageable-pinned,12,77,720896,55,12.207
pinned-h2d,12,77,720896,37,18.1456
pageable-staging-h2d,12,77,720896,92,7.29768
fread-pinned,12,119,589824,109,5.0396
pageable-pinned,12,119,589824,42,13.079
pinned-h2d,12,119,589824,31,17.7199
pageable-staging-h2d,12,119,589824,73,7.52488
fread-pinned,12,92,589824,93,5.90663
pageable-pinned,12,92,589824,59,9.31045
pinned-h2d,12,92,589824,30,18.3105
pageable-staging-h2d,12,92,589824,89,6.17209
fread-pinned,12,55,589824,103,5.33317
pageable-pinned,12,55,589824,62,8.85994
pinned-h2d,12,55,589824,31,17.7199
pageable-staging-h2d,12,55,589824,93,5.90663
fread-pinned,12,69,720896,120,5.59489
pageable-pinned,12,69,720896,83,8.089
pinned-h2d,12,69,720896,36,18.6496
pageable-staging-h2d,12,69,720896,119,5.64191
fread-pinned,12,95,720896,127,5.28651
pageable-pinned,12,95,720896,85,7.89867
pinned-h2d,12,95,720896,36,18.6496
pageable-staging-h2d,12,95,720896,121,5.54865
fread-pinned,12,68,589824,106,5.18223
pageable-pinned,12,68,589824,65,8.45102
pinned-h2d,12,68,589824,31,17.7199
pageable-staging-h2d,12,68,589824,96,5.72205
fread-pinned,12,23,589824,103,5.33317
pageable-pinned,12,23,589824,70,7.84738
pinned-h2d,12,23,589824,30,18.3105
pageable-staging-h2d,12,23,589824,100,5.49316
fread-pinned,12,57,720896,127,5.28651
pageable-pinned,12,57,720896,90,7.45985
pinned-h2d,12,57,720896,36,18.6496
pageable-staging-h2d,12,57,720896,126,5.32847
fread-pinned,12,10,589824,81,6.78168
pageable-pinned,12,10,589824,65,8.45102
pinned-h2d,12,10,589824,31,17.7199
pageable-staging-h2d,12,10,589824,96,5.72205
fread-pinned,12,183,589824,91,6.03644
pageable-pinned,12,183,589824,68,8.07818
pinned-h2d,12,183,589824,31,17.7199
pageable-staging-h2d,12,183,589824,99,5.54865
fread-pinned,12,246,589824,86,6.3874
pageable-pinned,12,246,589824,48,11.4441
pinned-h2d,12,246,589824,31,17.7199
pageable-staging-h2d,12,246,589824,79,6.95337
fread-pinned,12,113,589824,73,7.52488
pageable-pinned,12,113,589824,46,11.9417
pinned-h2d,12,113,589824,30,18.3105
pageable-staging-h2d,12,113,589824,76,7.22785
fread-pinned,12,244,860160,119,6.73182
pageable-pinned,12,244,860160,72,11.1262
pinned-h2d,12,244,860160,42,19.0735
pageable-staging-h2d,12,244,860160,114,7.02707
fread-pinned,12,126,589824,90,6.10352
pageable-pinned,12,126,589824,45,12.207
pinned-h2d,12,126,589824,31,17.7199
pageable-staging-h2d,12,126,589824,76,7.22785
fread-pinned,12,2,589824,71,7.73685
pageable-pinned,12,2,589824,44,12.4845
pinned-h2d,12,2,589824,30,18.3105
pageable-staging-h2d,12,2,589824,74,7.42319
fread-pinned,12,5,720896,82,8.18764
pageable-pinned,12,5,720896,51,13.1644
pinned-h2d,12,5,720896,36,18.6496
pageable-staging-h2d,12,5,720896,87,7.71709
fread-pinned,12,149,589824,82,6.69898
pageable-pinned,12,149,589824,69,7.96111
pinned-h2d,12,149,589824,30,18.3105
pageable-staging-h2d,12,149,589824,99,5.54865
fread-pinned,12,41,589824,102,5.38545
pageable-pinned,12,41,589824,62,8.85994
pinned-h2d,12,41,589824,31,17.7199
pageable-staging-h2d,12,41,589824,93,5.90663
fread-pinned,12,230,720896,106,6.33384
pageable-pinned,12,230,720896,76,8.83404
pinned-h2d,12,230,720896,35,19.1825
pageable-staging-h2d,12,230,720896,111,6.04853
fread-pinned,12,115,720896,127,5.28651
pageable-pinned,12,115,720896,74,9.07279
pinned-h2d,12,115,720896,35,19.1825
pageable-staging-h2d,12,115,720896,109,6.15951
fread-pinned,12,151,589824,87,6.31398
pageable-pinned,12,151,589824,65,8.45102
pinned-h2d,12,151,589824,30,18.3105
pageable-staging-h2d,12,151,589824,95,5.78228
fread-pinned,12,3,589824,80,6.86646
pageable-pinned,12,3,589824,58,9.47097
pinned-h2d,12,3,589824,30,18.3105
pageable-staging-h2d,12,3,589824,88,6.24223
fread-pinned,12,210,720896,98,6.85088
pageable-pinned,12,210,720896,75,8.95182
pinned-h2d,12,210,720896,35,19.1825
pageable-staging-h2d,12,210,720896,110,6.10352
fread-pinned,12,4,589824,77,7.13398
pageable-pinned,12,4,589824,60,9.15527
pinned-h2d,12,4,589824,30,18.3105
pageable-staging-h2d,12,4,589824,90,6.10352
fread-pinned,12,173,720896,136,4.93667
pageable-pinned,12,173,720896,78,8.60752
pinned-h2d,12,173,720896,39,17.215
pageable-staging-h2d,12,173,720896,117,5.73835
fread-pinned,12,220,589824,87,6.31398
pageable-pinned,12,220,589824,68,8.07818
pinned-h2d,12,220,589824,31,17.7199
pageable-staging-h2d,12,220,589824,99,5.54865
fread-pinned,12,22,589824,91,6.03644
pageable-pinned,12,22,589824,42,13.079
pinned-h2d,12,22,589824,31,17.7199
pageable-staging-h2d,12,22,589824,73,7.52488
fread-pinned,12,224,720896,102,6.58222
pageable-pinned,12,224,720896,55,12.207
pinned-h2d,12,224,720896,36,18.6496
pageable-staging-h2d,12,224,720896,91,7.37788
fread-pinned,12,247,589824,79,6.95337
pageable-pinned,12,247,589824,44,12.4845
pinned-h2d,12,247,589824,31,17.7199
pageable-staging-h2d,12,247,589824,75,7.32422
fread-pinned,12,125,589824,90,6.10352
pageable-pinned,12,125,589824,42,13.079
pinned-h2d,12,125,589824,31,17.7199
pageable-staging-h2d,12,125,589824,73,7.52488
fread-pinned,12,199,720896,91,7.37788
pageable-pinned,12,199,720896,59,11.3794
pinned-h2d,12,199,720896,36,18.6496
pageable-staging-h2d,12,199,720896,95,7.06723
fread-pinned,12,251,589824,84,6.53948
pageable-pinned,12,251,589824,64,8.58307
pinned-h2d,12,251,589824,30,18.3105
pageable-staging-h2d,12,251,589824,94,5.84379
fread-pinned,12,130,589824,83,6.61827
pageable-pinned,12,130,589824,62,8.85994
pinned-h2d,12,130,589824,30,18.3105
pageable-staging-h2d,12,130,589824,92,5.97083
fread-pinned,12,254,589824,90,6.10352
pageable-pinned,12,254,589824,62,8.85994
pinned-h2d,12,254,589824,30,18.3105
pageable-staging-h2d,12,254,589824,92,5.97083
fread-pinned,12,146,720896,103,6.51832
pageable-pinned,12,146,720896,80,8.39233
pinned-h2d,12,146,720896,35,19.1825
pageable-staging-h2d,12,146,720896,115,5.83815
fread-pinned,12,117,589824,89,6.17209
pageable-pinned,12,117,589824,66,8.32298
pinned-h2d,12,117,589824,30,18.3105
pageable-staging-h2d,12,117,589824,96,5.72205
fread-pinned,12,188,589824,95,5.78228
pageable-pinned,12,188,589824,65,8.45102
pinned-h2d,12,188,589824,30,18.3105
pageable-staging-h2d,12,188,589824,95,5.78228
fread-pinned,12,108,720896,125,5.37109
pageable-pinned,12,108,720896,69,9.73024
pinned-h2d,12,108,720896,35,19.1825
pageable-staging-h2d,12,108,720896,104,6.45564
fread-pinned,12,58,589824,101,5.43878
pageable-pinned,12,58,589824,58,9.47097
pinned-h2d,12,58,589824,30,18.3105
pageable-staging-h2d,12,58,589824,88,6.24223
fread-pinned,12,27,589824,104,5.28189
pageable-pinned,12,27,589824,64,8.58307
pinned-h2d,12,27,589824,33,16.646
pageable-staging-h2d,12,27,589824,97,5.66306
fread-pinned,12,195,589824,111,4.9488
pageable-pinned,12,195,589824,70,7.84738
pinned-h2d,12,195,589824,30,18.3105
pageable-staging-h2d,12,195,589824,100,5.49316
fread-pinned,12,123,589824,86,6.3874
pageable-pinned,12,123,589824,72,7.62939
pinned-h2d,12,123,589824,30,18.3105
pageable-staging-h2d,12,123,589824,102,5.38545
fread-pinned,12,85,589824,88,6.24223
pageable-pinned,12,85,589824,72,7.62939
pinned-h2d,12,85,589824,31,17.7199
pageable-staging-h2d,12,85,589824,103,5.33317
fread-pinned,12,93,589824,92,5.97083
pageable-pinned,12,93,589824,71,7.73685
pinned-h2d,12,93,589824,30,18.3105
pageable-staging-h2d,12,93,589824,101,5.43878
fread-pinned,12,239,589824,95,5.78228
pageable-pinned,12,239,589824,70,7.84738
pinned-h2d,12,239,589824,29,18.9419
pageable-staging-h2d,12,239,589824,99,5.54865
fread-pinned,12,88,720896,111,6.04853
pageable-pinned,12,88,720896,91,7.37788
pinned-h2d,12,88,720896,35,19.1825
pageable-staging-h2d,12,88,720896,126,5.32847
fread-pinned,12,90,589824,81,6.78168
pageable-pinned,12,90,589824,43,12.7748
pinned-h2d,12,90,589824,31,17.7199
pageable-staging-h2d,12,90,589824,74,7.42319
fread-pinned,12,94,589824,70,7.84738
pageable-pinned,12,94,589824,39,14.085
pinned-h2d,12,94,589824,30,18.3105
pageable-staging-h2d,12,94,589824,69,7.96111
fread-pinned,12,168,589824,112,4.90461
pageable-pinned,12,168,589824,43,12.7748
pinned-h2d,12,168,589824,31,17.7199
pageable-staging-h2d,12,168,589824,74,7.42319
fread-pinned,12,178,720896,116,5.78782
pageable-pinned,12,178,720896,51,13.1644
pinned-h2d,12,178,720896,36,18.6496
pageable-staging-h2d,12,178,720896,87,7.71709
fread-pinned,12,128,720896,100,6.71387
pageable-pinned,12,128,720896,53,12.6677
pinned-h2d,12,128,720896,37,18.1456
pageable-staging-h2d,12,128,720896,90,7.45985
fread-pinned,12,233,589824,85,6.46255
pageable-pinned,12,233,589824,44,12.4845
pinned-h2d,12,233,589824,31,17.7199
pageable-staging-h2d,12,233,589824,75,7.32422
fread-pinned,12,36,589824,97,5.66306
pageable-pinned,12,36,589824,43,12.7748
pinned-h2d,12,36,589824,30,18.3105
pageable-staging-h2d,12,36,589824,73,7.52488
fread-pinned,12,155,589824,82,6.69898
pageable-pinned,12,155,589824,43,12.7748
pinned-h2d,12,155,589824,31,17.7199
pageable-staging-h2d,12,155,589824,74,7.42319
fread-pinned,12,207,589824,78,7.04252
pageable-pinned,12,207,589824,41,13.398
pinned-h2d,12,207,589824,30,18.3105
pageable-staging-h2d,12,207,589824,71,7.73685
fread-pinned,13,133,720896,85,7.89867
pageable-pinned,13,133,720896,51,13.1644
pinned-h2d,13,133,720896,36,18.6496
pageable-staging-h2d,13,133,720896,87,7.71709
fread-pinned,13,14,589824,76,7.22785
pageable-pinned,13,14,589824,39,14.085
pinned-h2d,13,14,589824,31,17.7199
pageable-staging-h2d,13,14,589824,70,7.84738
fread-pinned,13,214,589824,86,6.3874
pageable-pinned,13,214,589824,55,9.98757
pinned-h2d,13,214,589824,30,18.3105
pageable-staging-h2d,13,214,589824,85,6.46255
fread-pinned,13,97,589824,106,5.18223
pageable-pinned,13,97,589824,66,8.32298
pinned-h2d,13,97,589824,30,18.3105
pageable-staging-h2d,13,97,589824,96,5.72205
fread-pinned,13,45,589824,96,5.72205
pageable-pinned,13,45,589824,57,9.63713
pinned-h2d,13,45,589824,30,18.3105
pageable-staging-h2d,13,45,589824,87,6.31398
fread-pinned,13,106,589824,98,5.60527
pageable-pinned,13,106,589824,54,10.1725
pinned-h2d,13,106,589824,30,18.3105
pageable-staging-h2d,13,106,589824,84,6.53948
fread-pinned,13,126,589824,98,5.60527
pageable-pinned,13,126,589824,59,9.31045
pinned-h2d,13,126,589824,30,18.3105
pageable-staging-h2d,13,126,589824,89,6.17209
fread-pinned,13,59,589824,99,5.54865
pageable-pinned,13,59,589824,62,8.85994
pinned-h2d,13,59,589824,30,18.3105
pageable-staging-h2d,13,59,589824,92,5.97083
fread-pinned,13,112,589824,77,7.13398
pageable-pinned,13,112,589824,53,10.3645
pinned-h2d,13,112,589824,30,18.3105
pageable-staging-h2d,13,112,589824,83,6.61827
fread-pinned,13,31,720896,124,5.41441
pageable-pinned,13,31,720896,80,8.39233
pinned-h2d,13,31,720896,36,18.6496
pageable-staging-h2d,13,31,720896,116,5.78782
fread-pinned,13,60,589824,98,5.60527
pageable-pinned,13,60,589824,60,9.15527
pinned-h2d,13,60,589824,30,18.3105
pageable-staging-h2d,13,60,589824,90,6.10352
fread-pinned,13,28,589824,95,5.78228
pageable-pinned,13,28,589824,56,9.80922
pinned-h2d,13,28,589824,29,18.9419
pageable-staging-h2d,13,28,589824,85,6.46255
fread-pinned,13,170,589824,105,5.23158
pageable-pinned,13,170,589824,43,12.7748
pinned-h2d,13,170,589824,31,17.7199
pageable-staging-h2d,13,170,589824,74,7.42319
fread-pinned,13,173,720896,120,5.59489
pageable-pinned,13,173,720896,52,12.9113
pinned-h2d,13,173,720896,36,18.6496
pageable-staging-h2d,13,173,720896,88,7.62939
fread-pinned,13,254,589824,85,6.46255
pageable-pinned,13,254,589824,43,12.7748
pinned-h2d,13,254,589824,31,17.7199
pageable-staging-h2d,13,254,589824,74,7.42319
fread-pinned,13,237,720896,89,7.54367
pageable-pinned,13,237,720896,52,12.9113
pinned-h2d,13,237,720896,35,19.1825
pageable-staging-h2d,13,237,720896,87,7.71709
fread-pinned,13,64,720896,103,6.51832
pageable-pinned,13,64,720896,51,13.1644
pinned-h2d,13,64,720896,36,18.6496
pageable-staging-h2d,13,64,720896,87,7.71709
fread-pinned,13,136,589824,99,5.54865
pageable-pinned,13,136,589824,58,9.47097
pinned-h2d,13,136,589824,30,18.3105
pageable-staging-h2d,13,136,589824,88,6.24223
fread-pinned,13,150,589824,104,5.28189
pageable-pinned,13,150,589824,59,9.31045
pinned-h2d,13,150,589824,30,18.3105
pageable-staging-h2d,13,150,589824,89,6.17209
fread-pinned,13,76,720896,128,5.24521
pageable-pinned,13,76,720896,79,8.49857
pinned-h2d,13,76,720896,35,19.1825
pageable-staging-h2d,13,76,720896,114,5.88936
fread-pinned,13,191,720896,101,6.64739
pageable-pinned,13,191,720896,73,9.19708
pinned-h2d,13,191,720896,35,19.1825
pageable-staging-h2d,13,191,720896,108,6.21654
fread-pinned,13,228,589824,83,6.61827
pageable-pinned,13,228,589824,55,9.98757
pinned-h2d,13,228,589824,30,18.3105
pageable-staging-h2d,13,228,589824,85,6.46255
fread-pinned,13,156,589824,84,6.53948
pageable-pinned,13,156,589824,58,9.47097
pinned-h2d,13,156,589824,30,18.3105
pageable-staging-h2d,13,156,589824,88,6.24223
fread-pinned,13,179,720896,124,5.41441
pageable-pinned,13,179,720896,76,8.83404
pinned-h2d,13,179,720896,35,19.1825
pageable-staging-h2d,13,179,720896,111,6.04853
fread-pinned,13,18,720896,102,6.58222
pageable-pinned,13,18,720896,78,8.60752
pinned-h2d,13,18,720896,35,19.1825
pageable-staging-h2d,13,18,720896,113,5.94148
fread-pinned,13,15,589824,89,6.17209
pageable-pinned,13,15,589824,62,8.85994
pinned-h2d,13,15,589824,31,17.7199
pageable-staging-h2d,13,15,589824,93,5.90663
fread-pinned,13,90,589824,83,6.61827
pageable-pinned,13,90,589824,58,9.47097
pinned-h2d,13,90,589824,31,17.7199
pageable-staging-h2d,13,90,589824,89,6.17209
fread-pinned,13,134,720896,99,6.78168
pageable-pinned,13,134,720896,86,7.80682
pinned-h2d,13,134,720896,36,18.6496
pageable-staging-h2d,13,134,720896,122,5.50317
fread-pinned,13,171,589824,98,5.60527
pageable-pinned,13,171,589824,66,8.32298
pinned-h2d,13,171,589824,31,17.7199
pageable-staging-h2d,13,171,589824,97,5.66306
fread-pinned,13,26,589824,93,5.90663
pageable-pinned,13,26,589824,64,8.58307
pinned-h2d,13,26,589824,30,18.3105
pageable-staging-h2d,13,26,589824,94,5.84379
fread-pinned,13,178,720896,126,5.32847
pageable-pinned,13,178,720896,82,8.18764
pinned-h2d,13,178,720896,36,18.6496
pageable-staging-h2d,13,178,720896,118,5.68972
fread-pinned,13,119,589824,111,4.9488
pageable-pinned,13,119,589824,65,8.45102
pinned-h2d,13,119,589824,30,18.3105
pageable-staging-h2d,13,119,589824,95,5.78228
fread-pinned,13,105,589824,95,5.78228
pageable-pinned,13,105,589824,47,11.6876
pinned-h2d,13,105,589824,31,17.7199
pageable-staging-h2d,13,105,589824,78,7.04252
fread-pinned,13,101,720896,113,5.94148
pageable-pinned,13,101,720896,55,12.207
pinned-h2d,13,101,720896,36,18.6496
pageable-staging-h2d,13,101,720896,91,7.37788
fread-pinned,13,190,589824,74,7.42319
pageable-pinned,13,190,589824,44,12.4845
pinned-h2d,13,190,589824,32,17.1661
pageable-staging-h2d,13,190,589824,76,7.22785
fread-pinned,13,139,589824,77,7.13398
pageable-pinned,13,139,589824,38,14.4557
pinned-h2d,13,139,589824,31,17.7199
pageable-staging-h2d,13,139,589824,69,7.96111
fread-pinned,13,180,589824,65,8.45102
pageable-pinned,13,180,589824,38,14.4557
pinned-h2d,13,180,589824,30,18.3105
pageable-staging-h2d,13,180,589824,68,8.07818
fread-pinned,13,23,589824,85,6.46255
pageable-pinned,13,23,589824,48,11.4441
pinned-h2d,13,23,589824,31,17.7199
pageable-staging-h2d,13,23,589824,79,6.95337
fread-pinned,13,88,720896,91,7.37788
pageable-pinned,13,88,720896,53,12.6677
pinned-h2d,13,88,720896,36,18.6496
pageable-staging-h2d,13,88,720896,89,7.54367
fread-pinned,13,252,589824,91,6.03644
pageable-pinned,13,252,589824,40,13.7329
pinned-h2d,13,252,589824,31,17.7199
pageable-staging-h2d,13,252,589824,71,7.73685
fread-pinned,13,164,589824,66,8.32298
pageable-pinned,13,164,589824,40,13.7329
pinned-h2d,13,164,589824,30,18.3105
pageable-staging-h2d,13,164,589824,70,7.84738
fread-pinned,13,34,589824,89,6.17209
pageable-pinned,13,34,589824,43,12.7748
pinned-h2d,13,34,589824,31,17.7199
pageable-staging-h2d,13,34,589824,74,7.42319
fread-pinned,13,216,589824,67,8.19875
pageable-pinned,13,216,589824,40,13.7329
pinned-h2d,13,216,589824,31,17.7199
pageable-staging-h2d,13,216,589824,71,7.73685
fread-pinned,13,247,589824,75,7.32422
pageable-pinned,13,247,589824,59,9.31045
pinned-h2d,13,247,589824,30,18.3105
pageable-staging-h2d,13,247,589824,89,6.17209
fread-pinned,13,43,720896,123,5.45843
pageable-pinned,13,43,720896,75,8.95182
pinned-h2d,13,43,720896,36,18.6496
pageable-staging-h2d,13,43,720896,111,6.04853
fread-pinned,13,233,589824,89,6.17209
pageable-pinned,13,233,589824,61,9.00519
pinned-h2d,13,233,589824,30,18.3105
pageable-staging-h2d,13,233,589824,91,6.03644
fread-pinned,13,176,589824,85,6.46255
pageable-pinned,13,176,589824,60,9.15527
pinned-h2d,13,176,589824,30,18.3105
pageable-staging-h2d,13,176,589824,90,6.10352
fread-pinned,13,212,720896,106,6.33384
pageable-pinned,13,212,720896,77,8.71931
pinned-h2d,13,212,720896,35,19.1825
pageable-staging-h2d,13,212,720896,112,5.99452
fread-pinned,13,66,589824,102,5.38545
pageable-pinned,13,66,589824,61,9.00519
pinned-h2d,13,66,589824,31,17.7199
pageable-staging-h2d,13,66,589824,92,5.97083
fread-pinned,13,107,589824,105,5.23158
pageable-pinned,13,107,589824,58,9.47097
pinned-h2d,13,107,589824,30,18.3105
pageable-staging-h2d,13,107,589824,88,6.24223
fread-pinned,13,160,720896,102,6.58222
pageable-pinned,13,160,720896,77,8.71931
pinned-h2d,13,160,720896,36,18.6496
pageable-staging-h2d,13,160,720896,113,5.94148
fread-pinned,13,177,589824,85,6.46255
pageable-pinned,13,177,589824,60,9.15527
pinned-h2d,13,177,589824,30,18.3105
pageable-staging-h2d,13,177,589824,90,6.10352
fread-pinned,13,121,720896,131,5.12509
pageable-pinned,13,121,720896,78,8.60752
pinned-h2d,13,121,720896,36,18.6496
pageable-staging-h2d,13,121,720896,114,5.88936
fread-pinned,13,151,589824,81,6.78168
pageable-pinned,13,151,589824,61,9.00519
pinned-h2d,13,151,589824,31,17.7199
pageable-staging-h2d,13,151,589824,92,5.97083
fread-pinned,13,245,589824,97,5.66306
pageable-pinned,13,245,589824,61,9.00519
pinned-h2d,13,245,589824,31,17.7199
pageable-staging-h2d,13,245,589824,92,5.97083
fread-pinned,13,211,720896,97,6.92151
pageable-pinned,13,211,720896,72,9.32482
pinned-h2d,13,211,720896,37,18.1456
pageable-staging-h2d,13,211,720896,109,6.15951
fread-pinned,13,130,589824,81,6.78168
pageable-pinned,13,130,589824,58,9.47097
pinned-h2d,13,130,589824,31,17.7199
pageable-staging-h2d,13,130,589824,89,6.17209
fread-pinned,13,49,589824,99,5.54865
pageable-pinned,13,49,589824,58,9.47097
pinned-h2d,13,49,589824,31,17.7199
pageable-staging-h2d,13,49,589824,89,6.17209
fread-pinned,13,104,589824,85,6.46255
pageable-pinned,13,104,589824,42,13.079
pinned-h2d,13,104,589824,30,18.3105
pageable-staging-h2d,13,104,589824,72,7.62939
fread-pinned,13,120,720896,114,5.88936
pageable-pinned,13,120,720896,53,12.6677
pinned-h2d,13,120,720896,37,18.1456
pageable-staging-h2d,13,120,720896,90,7.45985
fread-pinned,13,35,589824,89,6.17209
pageable-pinned,13,35,589824,42,13.079
pinned-h2d,13,35,589824,30,18.3105
pageable-staging-h2d,13,35,589824,72,7.62939
fread-pinned,13,196,589824,67,8.19875
pageable-pinned,13,196,589824,41,13.398
pinned-h2d,13,196,589824,30,18.3105
pageable-staging-h2d,13,196,589824,71,7.73685
fread-pinned,13,37,720896,98,6.85088
pageable-pinned,13,37,720896,56,11.989
pinned-h2d,13,37,720896,35,19.1825
pageable-staging-h2d,13,37,720896,91,7.37788
fread-pinned,13,149,589824,70,7.84738
pageable-pinned,13,149,589824,43,12.7748
pinned-h2d,13,149,589824,31,17.7199
pageable-staging-h2d,13,149,589824,74,7.42319
fread-pinned,13,98,589824,89,6.17209
pageable-pinned,13,98,589824,45,12.207
pinned-h2d,13,98,589824,30,18.3105
pageable-staging-h2d,13,98,589824,75,7.32422
fread-pinned,13,132,589824,77,7.13398
pageable-pinned,13,132,589824,59,9.31045
pinned-h2d,13,132,589824,31,17.7199
pageable-staging-h2d,13,132,589824,90,6.10352
fread-pinned,13,127,720896,93,7.21921
pageable-pinned,13,127,720896,71,9.45615
pinned-h2d,13,127,720896,37,18.1456
pageable-staging-h2d,13,127,720896,108,6.21654
fread-pinned,13,95,720896,122,5.50317
pageable-pinned,13,95,720896,76,8.83404
pinned-h2d,13,95,720896,35,19.1825
pageable-staging-h2d,13,95,720896,111,6.04853
fread-pinned,13,204,720896,104,6.45564
pageable-pinned,13,204,720896,73,9.19708
pinned-h2d,13,204,720896,40,16.7847
pageable-staging-h2d,13,204,720896,113,5.94148
fread-pinned,13,206,589824,90,6.10352
pageable-pinned,13,206,589824,65,8.45102
pinned-h2d,13,206,589824,30,18.3105
pageable-staging-h2d,13,206,589824,95,5.78228
fread-pinned,13,186,720896,98,6.85088
pageable-pinned,13,186,720896,75,8.95182
pinned-h2d,13,186,720896,35,19.1825
pageable-staging-h2d,13,186,720896,110,6.10352
fread-pinned,13,152,589824,104,5.28189
pageable-pinned,13,152,589824,57,9.63713
pinned-h2d,13,152,589824,30,18.3105
pageable-staging-h2d,13,152,589824,87,6.31398
fread-pinned,13,100,589824,100,5.49316
pageable-pinned,13,100,589824,58,9.47097
pinned-h2d,13,100,589824,31,17.7199
pageable-staging-h2d,13,100,589824,89,6.17209
fread-pinned,13,54,589824,94,5.84379
pageable-pinned,13,54,589824,58,9.47097
pinned-h2d,13,54,589824,30,18.3105
pageable-staging-h2d,13,54,589824,88,6.24223
fread-pinned,13,153,720896,84,7.9927
pageable-pinned,13,153,720896,57,11.7787
pinned-h2d,13,153,720896,36,18.6496
pageable-staging-h2d,13,153,720896,93,7.21921
fread-pinned,13,138,589824,75,7.32422
pageable-pinned,13,138,589824,42,13.079
pinned-h2d,13,138,589824,30,18.3105
pageable-staging-h2d,13,138,589824,72,7.62939
fread-pinned,13,29,589824,86,6.3874
pageable-pinned,13,29,589824,44,12.4845
pinned-h2d,13,29,589824,31,17.7199
pageable-staging-h2d,13,29,589824,75,7.32422
fread-pinned,13,158,589824,69,7.96111
pageable-pinned,13,158,589824,40,13.7329
pinned-h2d,13,158,589824,30,18.3105
pageable-staging-h2d,13,158,589824,70,7.84738
fread-pinned,13,141,720896,91,7.37788
pageable-pinned,13,141,720896,55,12.207
pinned-h2d,13,141,720896,36,18.6496
pageable-staging-h2d,13,141,720896,91,7.37788
fread-pinned,13,19,720896,90,7.45985
pageable-pinned,13,19,720896,48,13.9872
pinned-h2d,13,19,720896,36,18.6496
pageable-staging-h2d,13,19,720896,84,7.9927
fread-pinned,13,215,589824,72,7.62939
pageable-pinned,13,215,589824,44,12.4845
pinned-h2d,13,215,589824,31,17.7199
pageable-staging-h2d,13,215,589824,75,7.32422
fread-pinned,13,13,589824,76,7.22785
pageable-pinned,13,13,589824,42,13.079
pinned-h2d,13,13,589824,30,18.3105
pageable-staging-h2d,13,13,589824,72,7.62939
fread-pinned,13,185,720896,82,8.18764
pageable-pinned,13,185,720896,49,13.7018
pinned-h2d,13,185,720896,36,18.6496
pageable-staging-h2d,13,185,720896,85,7.89867
fread-pinned,13,16,589824,89,6.17209
pageable-pinned,13,16,589824,43,12.7748
pinned-h2d,13,16,589824,30,18.3105
pageable-staging-h2d,13,16,589824,73,7.52488
fread-pinned,13,174,589824,90,6.10352
pageable-pinned,13,174,589824,46,11.9417
pinned-h2d,13,174,589824,30,18.3105
pageable-staging-h2d,13,174,589824,76,7.22785
fread-pinned,13,109,720896,134,5.01035
pageable-pinned,13,109,720896,75,8.95182
pinned-h2d,13,109,720896,35,19.1825
pageable-staging-h2d,13,109,720896,110,6.10352
fread-pinned,13,194,589824,84,6.53948
pageable-pinned,13,194,589824,60,9.15527
pinned-h2d,13,194,589824,30,18.3105
pageable-staging-h2d,13,194,589824,90,6.10352
fread-pinned,13,4,589824,79,6.95337
pageable-pinned,13,4,589824,61,9.00519
pinned-h2d,13,4,589824,30,18.3105
pageable-staging-h2d,13,4,589824,91,6.03644
fread-pinned,13,91,589824,84,6.53948
pageable-pinned,13,91,589824,60,9.15527
pinned-h2d,13,91,589824,31,17.7199
pageable-staging-h2d,13,91,589824,91,6.03644
fread-pinned,13,198,720896,98,6.85088
pageable-pinned,13,198,720896,73,9.19708
pinned-h2d,13,198,720896,35,19.1825
pageable-staging-h2d,13,198,720896,108,6.21654
fread-pinned,13,7,589824,77,7.13398
pageable-pinned,13,7,589824,57,9.63713
pinned-h2d,13,7,589824,30,18.3105
pageable-staging-h2d,13,7,589824,87,6.31398
fread-pinned,13,208,589824,81,6.78168
pageable-pinned,13,208,589824,60,9.15527
pinned-h2d,13,208,589824,30,18.3105
pageable-staging-h2d,13,208,589824,90,6.10352
fread-pinned,13,218,860160,126,6.35783
pageable-pinned,13,218,860160,91,8.80315
pinned-h2d,13,218,860160,41,19.5387
pageable-staging-h2d,13,218,860160,132,6.06884
fread-pinned,13,175,589824,100,5.49316
pageable-pinned,13,175,589824,60,9.15527
pinned-h2d,13,175,589824,31,17.7199
pageable-staging-h2d,13,175,589824,91,6.03644
fread-pinned,13,251,589824,84,6.53948
pageable-pinned,13,251,589824,58,9.47097
pinned-h2d,13,251,589824,30,18.3105
pageable-staging-h2d,13,251,589824,88,6.24223
fread-pinned,13,11,720896,92,7.29768
pageable-pinned,13,11,720896,58,11.5756
pinned-h2d,13,11,720896,35,19.1825
pageable-staging-h2d,13,11,720896,93,7.21921
fread-pinned,13,168,589824,100,5.49316
pageable-pinned,13,168,589824,47,11.6876
pinned-h2d,13,168,589824,32,17.1661
pageable-staging-h2d,13,168,589824,79,6.95337
fread-pinned,13,10,589824,67,8.19875
pageable-pinned,13,10,589824,41,13.398
pinned-h2d,13,10,589824,31,17.7199
pageable-staging-h2d,13,10,589824,72,7.62939
fread-pinned,13,166,720896,81,8.28872
pageable-pinned,13,166,720896,49,13.7018
pinned-h2d,13,166,720896,36,18.6496
pageable-staging-h2d,13,166,720896,85,7.89867
fread-pinned,13,188,589824,83,6.61827
pageable-pinned,13,188,589824,43,12.7748
pinned-h2d,13,188,589824,32,17.1661
pageable-staging-h2d,13,188,589824,75,7.32422
fread-pinned,13,157,589824,68,8.07818
pageable-pinned,13,157,589824,40,13.7329
pinned-h2d,13,157,589824,31,17.7199
pageable-staging-h2d,13,157,589824,71,7.73685
fread-pinned,13,40,589824,81,6.78168
pageable-pinned,13,40,589824,38,14.4557
pinned-h2d,13,40,589824,31,17.7199
pageable-staging-h2d,13,40,589824,69,7.96111
fread-pinned,13,50,720896,120,5.59489
pageable-pinned,13,50,720896,53,12.6677
pinned-h2d,13,50,720896,37,18.1456
pageable-staging-h2d,13,50,720896,90,7.45985
fread-pinned,13,230,720896,89,7.54367
pageable-pinned,13,230,720896,52,12.9113
pinned-h2d,13,230,720896,35,19.1825
pageable-staging-h2d,13,230,720896,87,7.71709
fread-pinned,13,12,720896,79,8.49857
pageable-pinned,13,12,720896,50,13.4277
pinned-h2d,13,12,720896,36,18.6496
pageable-staging-h2d,13,12,720896,86,7.80682
fread-pinned,13,232,589824,65,8.45102
pageable-pinned,13,232,589824,39,14.085
pinned-h2d,13,232,589824,30,18.3105
pageable-staging-h2d,13,232,589824,69,7.96111
fread-pinned,13,169,589824,97,5.66306
pageable-pinned,13,169,589824,41,13.398
pinned-h2d,13,169,589824,32,17.1661
pageable-staging-h2d,13,169,589824,73,7.52488
fread-pinned,13,255,860160,127,6.30777
pageable-pinned,13,255,860160,96,8.34465
pinned-h2d,13,255,860160,42,19.0735
pageable-staging-h2d,13,255,860160,138,5.80497
fread-pinned,13,22,589824,100,5.49316
pageable-pinned,13,22,589824,59,9.31045
pinned-h2d,13,22,589824,32,17.1661
pageable-staging-h2d,13,22,589824,91,6.03644
fread-pinned,13,17,589824,88,6.24223
pageable-pinned,13,17,589824,59,9.31045
pinned-h2d,13,17,589824,30,18.3105
pageable-staging-h2d,13,17,589824,89,6.17209
fread-pinned,13,142,589824,80,6.86646
pageable-pinned,13,142,589824,59,9.31045
pinned-h2d,13,142,589824,30,18.3105
pageable-staging-h2d,13,142,589824,89,6.17209
fread-pinned,13,0,589824,77,7.13398
pageable-pinned,13,0,589824,49,11.2105
pinned-h2d,13,0,589824,30,18.3105
pageable-staging-h2d,13,0,589824,79,6.95337
fread-pinned,13,111,589824,100,5.49316
pageable-pinned,13,111,589824,61,9.00519
pinned-h2d,13,111,589824,30,18.3105
pageable-staging-h2d,13,111,589824,91,6.03644
fread-pinned,13,210,720896,100,6.71387
pageable-pinned,13,210,720896,76,8.83404
pinned-h2d,13,210,720896,35,19.1825
pageable-staging-h2d,13,210,720896,111,6.04853
fread-pinned,13,9,589824,77,7.13398
pageable-pinned,13,9,589824,54,10.1725
pinned-h2d,13,9,589824,30,18.3105
pageable-staging-h2d,13,9,589824,84,6.53948
fread-pinned,13,159,720896,100,6.71387
pageable-pinned,13,159,720896,76,8.83404
pinned-h2d,13,159,720896,35,19.1825
pageable-staging-h2d,13,159,720896,111,6.04853
fread-pinned,13,163,589824,82,6.69898
pageable-pinned,13,163,589824,66,8.32298
pinned-h2d,13,163,589824,30,18.3105
pageable-staging-h2d,13,163,589824,96,5.72205
fread-pinned,13,223,860160,113,7.08926
pageable-pinned,13,223,860160,68,11.7807
pinned-h2d,13,223,860160,43,18.6299
pageable-staging-h2d,13,223,860160,111,7.21699
fread-pinned,13,65,589824,83,6.61827
pageable-pinned,13,65,589824,40,13.7329
pinned-h2d,13,65,589824,31,17.7199
pageable-staging-h2d,13,65,589824,71,7.73685
fread-pinned,13,147,720896,99,6.78168
pageable-pinned,13,147,720896,52,12.9113
pinned-h2d,13,147,720896,35,19.1825
pageable-staging-h2d,13,147,720896,87,7.71709
fread-pinned,13,193,589824,75,7.32422
pageable-pinned,13,193,589824,39,14.085
pinned-h2d,13,193,589824,31,17.7199
pageable-staging-h2d,13,193,589824,70,7.84738
fread-pinned,13,62,589824,77,7.13398
pageable-pinned,13,62,589824,36,15.2588
pinned-h2d,13,62,589824,30,18.3105
pageable-staging-h2d,13,62,589824,66,8.32298
fread-pinned,13,73,589824,94,5.84379
pageable-pinned,13,73,589824,63,8.71931
pinned-h2d,13,73,589824,30,18.3105
pageable-staging-h2d,13,73,589824,93,5.90663
fread-pinned,13,220,589824,85,6.46255
pageable-pinned,13,220,589824,65,8.45102
pinned-h2d,13,220,589824,30,18.3105
pageable-staging-h2d,13,220,589824,95,5.78228
fread-pinned,13,25,720896,108,6.21654
pageable-pinned,13,25,720896,79,8.49857
pinned-h2d,13,25,720896,35,19.1825
pageable-staging-h2d,13,25,720896,114,5.88936
fread-pinned,13,117,589824,84,6.53948
pageable-pinned,13,117,589824,61,9.00519
pinned-h2d,13,117,589824,30,18.3105
pageable-staging-h2d,13,117,589824,91,6.03644
fread-pinned,13,84,589824,81,6.78168
pageable-pinned,13,84,589824,62,8.85994
pinned-h2d,13,84,589824,30,18.3105
pageable-staging-h2d,13,84,589824,92,5.97083
fread-pinned,13,154,720896,134,5.01035
pageable-pinned,13,154,720896,79,8.49857
pinned-h2d,13,154,720896,35,19.1825
pageable-staging-h2d,13,154,720896,114,5.88936
fread-pinned,13,240,589824,85,6.46255
pageable-pinned,13,240,589824,65,8.45102
pinned-h2d,13,240,589824,30,18.3105
pageable-staging-h2d,13,240,589824,95,5.78228
fread-pinned,13,39,589824,101,5.43878
pageable-pinned,13,39,589824,69,7.96111
pinned-h2d,13,39,589824,30,18.3105
pageable-staging-h2d,13,39,589824,99,5.54865
fread-pinned,13,189,589824,83,6.61827
pageable-pinned,13,189,589824,61,9.00519
pinned-h2d,13,189,589824,31,17.7199
pageable-staging-h2d,13,189,589824,92,5.97083
fread-pinned,13,207,589824,84,6.53948
pageable-pinned,13,207,589824,58,9.47097
pinned-h2d,13,207,589824,31,17.7199
pageable-staging-h2d,13,207,589824,89,6.17209
fread-pinned,13,75,720896,121,5.54865
pageable-pinned,13,75,720896,57,11.7787
pinned-h2d,13,75,720896,36,18.6496
pageable-staging-h2d,13,75,720896,93,7.21921
fread-pinned,13,47,589824,84,6.53948
pageable-pinned,13,47,589824,44,12.4845
pinned-h2d,13,47,589824,31,17.7199
pageable-staging-h2d,13,47,589824,75,7.32422
fread-pinned,13,82,720896,110,6.10352
pageable-pinned,13,82,720896,58,11.5756
pinned-h2d,13,82,720896,36,18.6496
pageable-staging-h2d,13,82,720896,94,7.14241
fread-pinned,13,83,720896,97,6.92151
pageable-pinned,13,83,720896,51,13.1644
pinned-h2d,13,83,720896,36,18.6496
pageable-staging-h2d,13,83,720896,87,7.71709
fread-pinned,13,89,720896,86,7.80682
pageable-pinned,13,89,720896,52,12.9113
pinned-h2d,13,89,720896,36,18.6496
pageable-staging-h2d,13,89,720896,88,7.62939
fread-pinned,13,30,720896,109,6.15951
pageable-pinned,13,30,720896,80,8.39233
pinned-h2d,13,30,720896,34,19.7467
pageable-staging-h2d,13,30,720896,114,5.88936
fread-pinned,13,79,589824,94,5.84379
pageable-pinned,13,79,589824,50,10.9863
pinned-h2d,13,79,589824,30,18.3105
pageable-staging-h2d,13,79,589824,80,6.86646
fread-pinned,13,8,589824,77,7.13398
pageable-pinned,13,8,589824,55,9.98757
pinned-h2d,13,8,589824,30,18.3105
pageable-staging-h2d,13,8,589824,85,6.46255
fread-pinned,13,148,589824,81,6.78168
pageable-pinned,13,148,589824,61,9.00519
pinned-h2d,13,148,589824,30,18.3105
pageable-staging-h2d,13,148,589824,91,6.03644
fread-pinned,13,5,720896,93,7.21921
pageable-pinned,13,5,720896,76,8.83404
pinned-h2d,13,5,720896,35,19.1825
pageable-staging-h2d,13,5,720896,111,6.04853
fread-pinned,13,187,589824,88,6.24223
pageable-pinned,13,187,589824,63,8.71931
pinned-h2d,13,187,589824,30,18.3105
pageable-staging-h2d,13,187,589824,93,5.90663
fread-pinned,13,115,720896,119,5.64191
pageable-pinned,13,115,720896,74,9.07279
pinned-h2d,13,115,720896,35,19.1825
pageable-staging-h2d,13,115,720896,109,6.15951
fread-pinned,13,226,589824,83,6.61827
pageable-pinned,13,226,589824,59,9.31045
pinned-h2d,13,226,589824,30,18.3105
pageable-staging-h2d,13,226,589824,89,6.17209
fread-pinned,13,213,589824,86,6.3874
pageable-pinned,13,213,589824,59,9.31045
pinned-h2d,13,213,589824,30,18.3105
pageable-staging-h2d,13,213,589824,89,6.17209
fread-pinned,13,24,720896,114,5.88936
pageable-pinned,13,24,720896,74,9.07279
pinned-h2d,13,24,720896,35,19.1825
pageable-staging-h2d,13,24,720896,109,6.15951
fread-pinned,13,192,720896,121,5.54865
pageable-pinned,13,192,720896,51,13.1644
pinned-h2d,13,192,720896,36,18.6496
pageable-staging-h2d,13,192,720896,87,7.71709
fread-pinned,13,58,589824,83,6.61827
pageable-pinned,13,58,589824,40,13.7329
pinned-h2d,13,58,589824,31,17.7199
pageable-staging-h2d,13,58,589824,71,7.73685
fread-pinned,13,70,720896,104,6.45564
pageable-pinned,13,70,720896,50,13.4277
pinned-h2d,13,70,720896,35,19.1825
pageable-staging-h2d,13,70,720896,85,7.89867
fread-pinned,13,68,589824,90,6.10352
pageable-pinned,13,68,589824,42,13.079
pinned-h2d,13,68,589824,31,17.7199
pageable-staging-h2d,13,68,589824,73,7.52488
fread-pinned,13,238,589824,83,6.61827
pageable-pinned,13,238,589824,42,13.079
pinned-h2d,13,238,589824,31,17.7199
pageable-staging-h2d,13,238,589824,73,7.52488
fread-pinned,13,36,589824,94,5.84379
pageable-pinned,13,36,589824,44,12.4845
pinned-h2d,13,36,589824,31,17.7199
pageable-staging-h2d,13,36,589824,75,7.32422
fread-pinned,13,221,589824,98,5.60527
pageable-pinned,13,221,589824,60,9.15527
pinned-h2d,13,221,589824,30,18.3105
pageable-staging-h2d,13,221,589824,90,6.10352
fread-pinned,13,51,720896,125,5.37109
pageable-pinned,13,51,720896,78,8.60752
pinned-h2d,13,51,720896,41,16.3753
pageable-staging-h2d,13,51,720896,119,5.64191
fread-pinned,13,102,720896,129,5.20455
pageable-pinned,13,102,720896,76,8.83404
pinned-h2d,13,102,720896,36,18.6496
pageable-staging-h2d,13,102,720896,112,5.99452
fread-pinned,13,27,589824,100,5.49316
pageable-pinned,13,27,589824,65,8.45102
pinned-h2d,13,27,589824,31,17.7199
pageable-staging-h2d,13,27,589824,96,5.72205
fread-pinned,13,236,720896,102,6.58222
pageable-pinned,13,236,720896,75,8.95182
pinned-h2d,13,236,720896,36,18.6496
pageable-staging-h2d,13,236,720896,111,6.04853
fread-pinned,13,122,720896,98,6.85088
pageable-pinned,13,122,720896,78,8.60752
pinned-h2d,13,122,720896,36,18.6496
pageable-staging-h2d,13,122,720896,114,5.88936
fread-pinned,13,205,720896,129,5.20455
pageable-pinned,13,205,720896,79,8.49857
pinned-h2d,13,205,720896,36,18.6496
pageable-staging-h2d,13,205,720896,115,5.83815
fread-pinned,13,184,589824,81,6.78168
pageable-pinned,13,184,589824,61,9.00519
pinned-h2d,13,184,589824,30,18.3105
pageable-staging-h2d,13,184,589824,91,6.03644
fread-pinned,13,63,720896,123,5.45843
pageable-pinned,13,63,720896,81,8.28872
pinned-h2d,13,63,720896,36,18.6496
pageable-staging-h2d,13,63,720896,117,5.73835
fread-pinned,13,250,860160,133,6.02321
pageable-pinned,13,250,860160,65,12.3244
pinned-h2d,13,250,860160,43,18.6299
pageable-staging-h2d,13,250,860160,108,7.41747
fread-pinned,13,81,589824,79,6.95337
pageable-pinned,13,81,589824,41,13.398
pinned-h2d,13,81,589824,32,17.1661
pageable-staging-h2d,13,81,589824,73,7.52488
fread-pinned,13,201,589824,79,6.95337
pageable-pinned,13,201,589824,43,12.7748
pinned-h2d,13,201,589824,31,17.7199
pageable-staging-h2d,13,201,589824,74,7.42319
fread-pinned,13,225,589824,68,8.07818
pageable-pinned,13,225,589824,42,13.079
pinned-h2d,13,225,589824,31,17.7199
pageable-staging-h2d,13,225,589824,73,7.52488
fread-pinned,13,94,589824,67,8.19875
pageable-pinned,13,94,589824,39,14.085
pinned-h2d,13,94,589824,30,18.3105
pageable-staging-h2d,13,94,589824,69,7.96111
fread-pinned,13,131,589824,67,8.19875
pageable-pinned,13,131,589824,41,13.398
pinned-h2d,13,131,589824,30,18.3105
pageable-staging-h2d,13,131,589824,71,7.73685
fread-pinned,13,161,589824,82,6.69898
pageable-pinned,13,161,589824,60,9.15527
pinned-h2d,13,161,589824,31,17.7199
pageable-staging-h2d,13,161,589824,91,6.03644
fread-pinned,13,85,589824,82,6.69898
pageable-pinned,13,85,589824,63,8.71931
pinned-h2d,13,85,589824,31,17.7199
pageable-staging-h2d,13,85,589824,94,5.84379
fread-pinned,13,61,589824,102,5.38545
pageable-pinned,13,61,589824,62,8.85994
pinned-h2d,13,61,589824,32,17.1661
pageable-staging-h2d,13,61,589824,94,5.84379
fread-pinned,13,71,589824,100,5.49316
pageable-pinned,13,71,589824,58,9.47097
pinned-h2d,13,71,589824,30,18.3105
pageable-staging-h2d,13,71,589824,88,6.24223
fread-pinned,13,20,589824,95,5.78228
pageable-pinned,13,20,589824,60,9.15527
pinned-h2d,13,20,589824,30,18.3105
pageable-staging-h2d,13,20,589824,90,6.10352
fread-pinned,13,86,589824,79,6.95337
pageable-pinned,13,86,589824,58,9.47097
pinned-h2d,13,86,589824,29,18.9419
pageable-staging-h2d,13,86,589824,87,6.31398
fread-pinned,13,172,720896,108,6.21654
pageable-pinned,13,172,720896,78,8.60752
pinned-h2d,13,172,720896,36,18.6496
pageable-staging-h2d,13,172,720896,114,5.88936
fread-pinned,13,6,720896,102,6.58222
pageable-pinned,13,6,720896,77,8.71931
pinned-h2d,13,6,720896,35,19.1825
pageable-staging-h2d,13,6,720896,112,5.99452
fread-pinned,13,248,589824,88,6.24223
pageable-pinned,13,248,589824,67,8.19875
pinned-h2d,13,248,589824,30,18.3105
pageable-staging-h2d,13,248,589824,97,5.66306
fread-pinned,13,21,589824,98,5.60527
pageable-pinned,13,21,589824,62,8.85994
pinned-h2d,13,21,589824,36,15.2588
pageable-staging-h2d,13,21,589824,98,5.60527
fread-pinned,13,69,720896,104,6.45564
pageable-pinned,13,69,720896,51,13.1644
pinned-h2d,13,69,720896,36,18.6496
pageable-staging-h2d,13,69,720896,87,7.71709
fread-pinned,13,195,589824,98,5.60527
pageable-pinned,13,195,589824,45,12.207
pinned-h2d,13,195,589824,30,18.3105
pageable-staging-h2d,13,195,589824,75,7.32422
fread-pinned,13,182,589824,70,7.84738
pageable-pinned,13,182,589824,41,13.398
pinned-h2d,13,182,589824,30,18.3105
pageable-staging-h2d,13,182,589824,71,7.73685
fread-pinned,13,253,589824,86,6.3874
pageable-pinned,13,253,589824,41,13.398
pinned-h2d,13,253,589824,30,18.3105
pageable-staging-h2d,13,253,589824,71,7.73685
fread-pinned,13,231,720896,87,7.71709
pageable-pinned,13,231,720896,52,12.9113
pinned-h2d,13,231,720896,36,18.6496
pageable-staging-h2d,13,231,720896,88,7.62939
fread-pinned,13,77,720896,127,5.28651
pageable-pinned,13,77,720896,77,8.71931
pinned-h2d,13,77,720896,37,18.1456
pageable-staging-h2d,13,77,720896,114,5.88936
fread-pinned,13,116,589824,94,5.84379
pageable-pinned,13,116,589824,58,9.47097
pinned-h2d,13,116,589824,30,18.3105
pageable-staging-h2d,13,116,589824,88,6.24223
fread-pinned,13,80,589824,91,6.03644
pageable-pinned,13,80,589824,50,10.9863
pinned-h2d,13,80,589824,31,17.7199
pageable-staging-h2d,13,80,589824,81,6.78168
fread-pinned,13,93,589824,84,6.53948
pageable-pinned,13,93,589824,62,8.85994
pinned-h2d,13,93,589824,31,17.7199
pageable-staging-h2d,13,93,589824,93,5.90663
fread-pinned,13,135,589824,81,6.78168
pageable-pinned,13,135,589824,61,9.00519
pinned-h2d,13,135,589824,30,18.3105
pageable-staging-h2d,13,135,589824,91,6.03644
fread-pinned,13,244,860160,129,6.20997
pageable-pinned,13,244,860160,93,8.61383
pinned-h2d,13,244,860160,42,19.0735
pageable-staging-h2d,13,244,860160,135,5.93397
fread-pinned,13,146,720896,101,6.64739
pageable-pinned,13,146,720896,78,8.60752
pinned-h2d,13,146,720896,36,18.6496
pageable-staging-h2d,13,146,720896,114,5.88936
fread-pinned,13,155,589824,86,6.3874
pageable-pinned,13,155,589824,60,9.15527
pinned-h2d,13,155,589824,30,18.3105
pageable-staging-h2d,13,155,589824,90,6.10352
fread-pinned,13,200,589824,85,6.46255
pageable-pinned,13,200,589824,61,9.00519
pinned-h2d,13,200,589824,30,18.3105
pageable-staging-h2d,13,200,589824,91,6.03644
fread-pinned,13,3,589824,75,7.32422
pageable-pinned,13,3,589824,56,9.80922
pinned-h2d,13,3,589824,30,18.3105
pageable-staging-h2d,13,3,589824,86,6.3874
fread-pinned,13,1,589824,80,6.86646
pageable-pinned,13,1,589824,50,10.9863
pinned-h2d,13,1,589824,30,18.3105
pageable-staging-h2d,13,1,589824,80,6.86646
fread-pinned,13,123,589824,70,7.84738
pageable-pinned,13,123,589824,43,12.7748
pinned-h2d,13,123,589824,30,18.3105
pageable-staging-h2d,13,123,589824,73,7.52488
fread-pinned,13,241,589824,73,7.52488
pageable-pinned,13,241,589824,42,13.079
pinned-h2d,13,241,589824,31,17.7199
pageable-staging-h2d,13,241,589824,73,7.52488
fread-pinned,13,67,589824,86,6.3874
pageable-pinned,13,67,589824,44,12.4845
pinned-h2d,13,67,589824,32,17.1661
pageable-staging-h2d,13,67,589824,76,7.22785
fread-pinned,13,44,720896,106,6.33384
pageable-pinned,13,44,720896,49,13.7018
pinned-h2d,13,44,720896,35,19.1825
pageable-staging-h2d,13,44,720896,84,7.9927
fread-pinned,13,234,589824,101,5.43878
pageable-pinned,13,234,589824,41,13.398
pinned-h2d,13,234,589824,30,18.3105
pageable-staging-h2d,13,234,589824,71,7.73685
fread-pinned,13,246,589824,67,8.19875
pageable-pinned,13,246,589824,62,8.85994
pinned-h2d,13,246,589824,30,18.3105
pageable-staging-h2d,13,246,589824,92,5.97083
fread-pinned,13,239,589824,87,6.31398
pageable-pinned,13,239,589824,62,8.85994
pinned-h2d,13,239,589824,29,18.9419
pageable-staging-h2d,13,239,589824,91,6.03644
fread-pinned,13,46,589824,100,5.49316
pageable-pinned,13,46,589824,61,9.00519
pinned-h2d,13,46,589824,30,18.3105
pageable-staging-h2d,13,46,589824,91,6.03644
fread-pinned,13,209,589824,80,6.86646
pageable-pinned,13,209,589824,60,9.15527
pinned-h2d,13,209,589824,30,18.3105
pageable-staging-h2d,13,209,589824,90,6.10352
fread-pinned,13,140,720896,125,5.37109
pageable-pinned,13,140,720896,74,9.07279
pinned-h2d,13,140,720896,36,18.6496
pageable-staging-h2d,13,140,720896,110,6.10352
fread-pinned,13,53,589824,97,5.66306
pageable-pinned,13,53,589824,62,8.85994
pinned-h2d,13,53,589824,30,18.3105
pageable-staging-h2d,13,53,589824,92,5.97083
fread-pinned,13,129,589824,82,6.69898
pageable-pinned,13,129,589824,62,8.85994
pinned-h2d,13,129,589824,31,17.7199
pageable-staging-h2d,13,129,589824,93,5.90663
fread-pinned,13,113,589824,85,6.46255
pageable-pinned,13,113,589824,61,9.00519
pinned-h2d,13,113,589824,31,17.7199
pageable-staging-h2d,13,113,589824,92,5.97083
fread-pinned,13,125,589824,93,5.90663
pageable-pinned,13,125,589824,58,9.47097
pinned-h2d,13,125,589824,30,18.3105
pageable-staging-h2d,13,125,589824,88,6.24223
fread-pinned,13,243,860160,126,6.35783
pageable-pinned,13,243,860160,96,8.34465
pinned-h2d,13,243,860160,42,19.0735
pageable-staging-h2d,13,243,860160,138,5.80497
fread-pinned,13,219,589824,86,6.3874
pageable-pinned,13,219,589824,44,12.4845
pinned-h2d,13,219,589824,31,17.7199
pageable-staging-h2d,13,219,589824,75,7.32422
fread-pinned,13,2,589824,68,8.07818
pageable-pinned,13,2,589824,43,12.7748
pinned-h2d,13,2,589824,31,17.7199
pageable-staging-h2d,13,2,589824,74,7.42319
fread-pinned,13,229,589824,77,7.13398
pageable-pinned,13,229,589824,40,13.7329
pinned-h2d,13,229,589824,30,18.3105
pageable-staging-h2d,13,229,589824,70,7.84738
fread-pinned,13,32,720896,104,6.45564
pageable-pinned,13,32,720896,51,13.1644
pinned-h2d,13,32,720896,36,18.6496
pageable-staging-h2d,13,32,720896,87,7.71709
fread-pinned,13,96,720896,84,7.9927
pageable-pinned,13,96,720896,52,12.9113
pinned-h2d,13,96,720896,36,18.6496
pageable-staging-h2d,13,96,720896,88,7.62939
fread-pinned,13,78,589824,91,6.03644
pageable-pinned,13,78,589824,44,12.4845
pinned-h2d,13,78,589824,30,18.3105
pageable-staging-h2d,13,78,589824,74,7.42319
fread-pinned,13,55,589824,91,6.03644
pageable-pinned,13,55,589824,44,12.4845
pinned-h2d,13,55,589824,30,18.3105
pageable-staging-h2d,13,55,589824,74,7.42319
fread-pinned,13,72,589824,91,6.03644
pageable-pinned,13,72,589824,41,13.398
pinned-h2d,13,72,589824,30,18.3105
pageable-staging-h2d,13,72,589824,71,7.73685
fread-pinned,13,181,589824,69,7.96111
pageable-pinned,13,181,589824,45,12.207
pinned-h2d,13,181,589824,31,17.7199
pageable-staging-h2d,13,181,589824,76,7.22785
fread-pinned,13,183,589824,68,8.07818
pageable-pinned,13,183,589824,41,13.398
pinned-h2d,13,183,589824,30,18.3105
pageable-staging-h2d,13,183,589824,71,7.73685
fread-pinned,13,143,589824,98,5.60527
pageable-pinned,13,143,589824,42,13.079
pinned-h2d,13,143,589824,31,17.7199
pageable-staging-h2d,13,143,589824,73,7.52488
fread-pinned,13,42,589824,86,6.3874
pageable-pinned,13,42,589824,41,13.398
pinned-h2d,13,42,589824,31,17.7199
pageable-staging-h2d,13,42,589824,72,7.62939
fread-pinned,13,203,589824,85,6.46255
pageable-pinned,13,203,589824,62,8.85994
pinned-h2d,13,203,589824,31,17.7199
pageable-staging-h2d,13,203,589824,93,5.90663
fread-pinned,13,124,589824,78,7.04252
pageable-pinned,13,124,589824,58,9.47097
pinned-h2d,13,124,589824,31,17.7199
pageable-staging-h2d,13,124,589824,89,6.17209
fread-pinned,13,92,589824,86,6.3874
pageable-pinned,13,92,589824,60,9.15527
pinned-h2d,13,92,589824,30,18.3105
pageable-staging-h2d,13,92,589824,90,6.10352
fread-pinned,13,167,720896,101,6.64739
pageable-pinned,13,167,720896,80,8.39233
pinned-h2d,13,167,720896,35,19.1825
pageable-staging-h2d,13,167,720896,115,5.83815
fread-pinned,13,128,720896,103,6.51832
pageable-pinned,13,128,720896,76,8.83404
pinned-h2d,13,128,720896,36,18.6496
pageable-staging-h2d,13,128,720896,112,5.99452
fread-pinned,13,38,720896,121,5.54865
pageable-pinned,13,38,720896,82,8.18764
pinned-h2d,13,38,720896,36,18.6496
pageable-staging-h2d,13,38,720896,118,5.68972
fread-pinned,13,242,589824,86,6.3874
pageable-pinned,13,242,589824,58,9.47097
pinned-h2d,13,242,589824,31,17.7199
pageable-staging-h2d,13,242,589824,89,6.17209
fread-pinned,13,110,589824,81,6.78168
pageable-pinned,13,110,589824,58,9.47097
pinned-h2d,13,110,589824,30,18.3105
pageable-staging-h2d,13,110,589824,88,6.24223
fread-pinned,13,99,589824,102,5.38545
pageable-pinned,13,99,589824,59,9.31045
pinned-h2d,13,99,589824,30,18.3105
pageable-staging-h2d,13,99,589824,89,6.17209
fread-pinned,13,33,589824,102,5.38545
pageable-pinned,13,33,589824,64,8.58307
pinned-h2d,13,33,589824,30,18.3105
pageable-staging-h2d,13,33,589824,94,5.84379
fread-pinned,13,118,589824,104,5.28189
pageable-pinned,13,118,589824,43,12.7748
pinned-h2d,13,118,589824,31,17.7199
pageable-staging-h2d,13,118,589824,74,7.42319
fread-pinned,13,217,860160,117,6.84689
pageable-pinned,13,217,860160,67,11.9565
pinned-h2d,13,217,860160,43,18.6299
pageable-staging-h2d,13,217,860160,110,7.2826
fread-pinned,13,41,589824,84,6.53948
pageable-pinned,13,41,589824,41,13.398
pinned-h2d,13,41,589824,33,16.646
pageable-staging-h2d,13,41,589824,74,7.42319
fread-pinned,13,197,589824,67,8.19875
pageable-pinned,13,197,589824,42,13.079
pinned-h2d,13,197,589824,31,17.7199
pageable-staging-h2d,13,197,589824,73,7.52488
fread-pinned,13,162,589824,69,7.96111
pageable-pinned,13,162,589824,43,12.7748
pinned-h2d,13,162,589824,32,17.1661
pageable-staging-h2d,13,162,589824,75,7.32422
fread-pinned,13,103,589824,76,7.22785
pageable-pinned,13,103,589824,39,14.085
pinned-h2d,13,103,589824,31,17.7199
pageable-staging-h2d,13,103,589824,70,7.84738
fread-pinned,13,57,720896,121,5.54865
pageable-pinned,13,57,720896,80,8.39233
pinned-h2d,13,57,720896,35,19.1825
pageable-staging-h2d,13,57,720896,115,5.83815
fread-pinned,13,235,589824,87,6.31398
pageable-pinned,13,235,589824,62,8.85994
pinned-h2d,13,235,589824,30,18.3105
pageable-staging-h2d,13,235,589824,92,5.97083
fread-pinned,13,222,589824,81,6.78168
pageable-pinned,13,222,589824,60,9.15527
pinned-h2d,13,222,589824,30,18.3105
pageable-staging-h2d,13,222,589824,90,6.10352
fread-pinned,13,199,720896,99,6.78168
pageable-pinned,13,199,720896,79,8.49857
pinned-h2d,13,199,720896,37,18.1456
pageable-staging-h2d,13,199,720896,116,5.78782
fread-pinned,13,227,589824,81,6.78168
pageable-pinned,13,227,589824,58,9.47097
pinned-h2d,13,227,589824,29,18.9419
pageable-staging-h2d,13,227,589824,87,6.31398
fread-pinned,13,224,720896,105,6.39416
pageable-pinned,13,224,720896,77,8.71931
pinned-h2d,13,224,720896,37,18.1456
pageable-staging-h2d,13,224,720896,114,5.88936
fread-pinned,13,56,720896,124,5.41441
pageable-pinned,13,56,720896,80,8.39233
pinned-h2d,13,56,720896,35,19.1825
pageable-staging-h2d,13,56,720896,115,5.83815
fread-pinned,13,52,589824,100,5.49316
pageable-pinned,13,52,589824,59,9.31045
pinned-h2d,13,52,589824,30,18.3105
pageable-staging-h2d,13,52,589824,89,6.17209
fread-pinned,13,165,720896,100,6.71387
pageable-pinned,13,165,720896,75,8.95182
pinned-h2d,13,165,720896,35,19.1825
pageable-staging-h2d,13,165,720896,110,6.10352
fread-pinned,13,144,589824,109,5.0396
pageable-pinned,13,144,589824,43,12.7748
pinned-h2d,13,144,589824,31,17.7199
pageable-staging-h2d,13,144,589824,74,7.42319
fread-pinned,13,108,720896,112,5.99452
pageable-pinned,13,108,720896,48,13.9872
pinned-h2d,13,108,720896,35,19.1825
pageable-staging-h2d,13,108,720896,83,8.089
fread-pinned,13,74,589824,79,6.95337
pageable-pinned,13,74,589824,39,14.085
pinned-h2d,13,74,589824,31,17.7199
pageable-staging-h2d,13,74,589824,70,7.84738
fread-pinned,13,202,589824,97,5.66306
pageable-pinned,13,202,589824,42,13.079
pinned-h2d,13,202,589824,31,17.7199
pageable-staging-h2d,13,202,589824,73,7.52488
fread-pinned,13,87,589824,68,8.07818
pageable-pinned,13,87,589824,41,13.398
pinned-h2d,13,87,589824,31,17.7199
pageable-staging-h2d,13,87,589824,72,7.62939
fread-pinned,13,145,589824,95,5.78228
pageable-pinned,13,145,589824,39,14.085
pinned-h2d,13,145,589824,31,17.7199
pageable-staging-h2d,13,145,589824,70,7.84738
fread-pinned,13,114,720896,98,6.85088
pageable-pinned,13,114,720896,77,8.71931
pinned-h2d,13,114,720896,36,18.6496
pageable-staging-h2d,13,114,720896,113,5.94148
fread-pinned,13,249,860160,126,6.35783
pageable-pinned,13,249,860160,92,8.70746
pinned-h2d,13,249,860160,41,19.5387
pageable-staging-h2d,13,249,860160,133,6.02321
fread-pinned,13,137,589824,79,6.95337
pageable-pinned,13,137,589824,61,9.00519
pinned-h2d,13,137,589824,31,17.7199
pageable-staging-h2d,13,137,589824,92,5.97083
fread-pinned,13,48,589824,94,5.84379
pageable-pinned,13,48,589824,55,9.98757
pinned-h2d,13,48,589824,30,18.3105
pageable-staging-h2d,13,48,589824,85,6.46255
fread-pinned,14,228,589824,70,7.84738
pageable-pinned,14,228,589824,41,13.398
pinned-h2d,14,228,589824,30,18.3105
pageable-staging-h2d,14,228,589824,71,7.73685
fread-pinned,14,222,589824,81,6.78168
pageable-pinned,14,222,589824,62,8.85994
pinned-h2d,14,222,589824,30,18.3105
pageable-staging-h2d,14,222,589824,92,5.97083
fread-pinned,14,44,720896,121,5.54865
pageable-pinned,14,44,720896,72,9.32482
pinned-h2d,14,44,720896,36,18.6496
pageable-staging-h2d,14,44,720896,108,6.21654
fread-pinned,14,252,589824,97,5.66306
pageable-pinned,14,252,589824,61,9.00519
pinned-h2d,14,252,589824,32,17.1661
pageable-staging-h2d,14,252,589824,93,5.90663
fread-pinned,14,21,589824,96,5.72205
pageable-pinned,14,21,589824,61,9.00519
pinned-h2d,14,21,589824,31,17.7199
pageable-staging-h2d,14,21,589824,92,5.97083
fread-pinned,14,159,720896,104,6.45564
pageable-pinned,14,159,720896,71,9.45615
pinned-h2d,14,159,720896,36,18.6496
pageable-staging-h2d,14,159,720896,107,6.27464
fread-pinned,14,174,589824,89,6.17209
pageable-pinned,14,174,589824,42,13.079
pinned-h2d,14,174,589824,31,17.7199
pageable-staging-h2d,14,174,589824,73,7.52488
fread-pinned,14,223,860160,104,7.70275
pageable-pinned,14,223,860160,65,12.3244
pinned-h2d,14,223,860160,43,18.6299
pageable-staging-h2d,14,223,860160,108,7.41747
fread-pinned,14,0,589824,64,8.58307
pageable-pinned,14,0,589824,31,17.7199
pinned-h2d,14,0,589824,32,17.1661
pageable-staging-h2d,14,0,589824,63,8.71931
fread-pinned,14,121,720896,95,7.06723
pageable-pinned,14,121,720896,41,16.3753
pinned-h2d,14,121,720896,35,19.1825
pageable-staging-h2d,14,121,720896,76,8.83404
fread-pinned,14,102,720896,113,5.94148
pageable-pinned,14,102,720896,49,13.7018
pinned-h2d,14,102,720896,37,18.1456
pageable-staging-h2d,14,102,720896,86,7.80682
fread-pinned,14,247,589824,66,8.32298
pageable-pinned,14,247,589824,38,14.4557
pinned-h2d,14,247,589824,31,17.7199
pageable-staging-h2d,14,247,589824,69,7.96111
fread-pinned,14,186,720896,98,6.85088
pageable-pinned,14,186,720896,75,8.95182
pinned-h2d,14,186,720896,36,18.6496
pageable-staging-h2d,14,186,720896,111,6.04853
fread-pinned,14,193,589824,79,6.95337
pageable-pinned,14,193,589824,56,9.80922
pinned-h2d,14,193,589824,30,18.3105
pageable-staging-h2d,14,193,589824,86,6.3874
fread-pinned,14,114,720896,98,6.85088
pageable-pinned,14,114,720896,75,8.95182
pinned-h2d,14,114,720896,36,18.6496
pageable-staging-h2d,14,114,720896,111,6.04853
fread-pinned,14,205,720896,127,5.28651
pageable-pinned,14,205,720896,77,8.71931
pinned-h2d,14,205,720896,35,19.1825
pageable-staging-h2d,14,205,720896,112,5.99452
fread-pinned,14,171,589824,84,6.53948
pageable-pinned,14,171,589824,51,10.7709
pinned-h2d,14,171,589824,31,17.7199
pageable-staging-h2d,14,171,589824,82,6.69898
fread-pinned,14,213,589824,85,6.46255
pageable-pinned,14,213,589824,60,9.15527
pinned-h2d,14,213,589824,30,18.3105
pageable-staging-h2d,14,213,589824,90,6.10352
fread-pinned,14,170,589824,91,6.03644
pageable-pinned,14,170,589824,41,13.398
pinned-h2d,14,170,589824,29,18.9419
pageable-staging-h2d,14,170,589824,70,7.84738
fread-pinned,14,188,589824,84,6.53948
pageable-pinned,14,188,589824,61,9.00519
pinned-h2d,14,188,589824,30,18.3105
pageable-staging-h2d,14,188,589824,91,6.03644
fread-pinned,14,144,589824,100,5.49316
pageable-pinned,14,144,589824,61,9.00519
pinned-h2d,14,144,589824,30,18.3105
pageable-staging-h2d,14,144,589824,91,6.03644
fread-pinned,14,225,589824,82,6.69898
pageable-pinned,14,225,589824,60,9.15527
pinned-h2d,14,225,589824,30,18.3105
pageable-staging-h2d,14,225,589824,90,6.10352
fread-pinned,14,80,589824,90,6.10352
pageable-pinned,14,80,589824,41,13.398
pinned-h2d,14,80,589824,30,18.3105
pageable-staging-h2d,14,80,589824,71,7.73685
fread-pinned,14,167,720896,89,7.54367
pageable-pinned,14,167,720896,54,12.4331
pinned-h2d,14,167,720896,38,17.6681
pageable-staging-h2d,14,167,720896,92,7.29768
fread-pinned,14,18,720896,96,6.99361
pageable-pinned,14,18,720896,50,13.4277
pinned-h2d,14,18,720896,36,18.6496
pageable-staging-h2d,14,18,720896,86,7.80682
fread-pinned,14,53,589824,83,6.61827
pageable-pinned,14,53,589824,41,13.398
pinned-h2d,14,53,589824,31,17.7199
pageable-staging-h2d,14,53,589824,72,7.62939
fread-pinned,14,246,589824,67,8.19875
pageable-pinned,14,246,589824,42,13.079
pinned-h2d,14,246,589824,31,17.7199
pageable-staging-h2d,14,246,589824,73,7.52488
fread-pinned,14,248,589824,72,7.62939
pageable-pinned,14,248,589824,42,13.079
pinned-h2d,14,248,589824,30,18.3105
pageable-staging-h2d,14,248,589824,72,7.62939
fread-pinned,14,89,720896,101,6.64739
pageable-pinned,14,89,720896,67,10.0207
pinned-h2d,14,89,720896,36,18.6496
pageable-staging-h2d,14,89,720896,103,6.51832
fread-pinned,14,158,589824,78,7.04252
pageable-pinned,14,158,589824,58,9.47097
pinned-h2d,14,158,589824,30,18.3105
pageable-staging-h2d,14,158,589824,88,6.24223
fread-pinned,14,63,720896,120,5.59489
pageable-pinned,14,63,720896,80,8.39233
pinned-h2d,14,63,720896,36,18.6496
pageable-staging-h2d,14,63,720896,116,5.78782
fread-pinned,14,208,589824,80,6.86646
pageable-pinned,14,208,589824,59,9.31045
pinned-h2d,14,208,589824,30,18.3105
pageable-staging-h2d,14,208,589824,89,6.17209
fread-pinned,14,23,589824,68,8.07818
pageable-pinned,14,23,589824,37,14.8464
pinned-h2d,14,23,589824,32,17.1661
pageable-staging-h2d,14,23,589824,69,7.96111
fread-pinned,14,66,589824,97,5.66306
pageable-pinned,14,66,589824,54,10.1725
pinned-h2d,14,66,589824,30,18.3105
pageable-staging-h2d,14,66,589824,84,6.53948
fread-pinned,14,48,589824,86,6.3874
pageable-pinned,14,48,589824,48,11.4441
pinned-h2d,14,48,589824,30,18.3105
pageable-staging-h2d,14,48,589824,78,7.04252
fread-pinned,14,136,589824,98,5.60527
pageable-pinned,14,136,589824,54,10.1725
pinned-h2d,14,136,589824,31,17.7199
pageable-staging-h2d,14,136,589824,85,6.46255
fread-pinned,14,70,720896,118,5.68972
pageable-pinned,14,70,720896,70,9.59124
pinned-h2d,14,70,720896,35,19.1825
pageable-staging-h2d,14,70,720896,105,6.39416
fread-pinned,14,195,589824,104,5.28189
pageable-pinned,14,195,589824,62,8.85994
pinned-h2d,14,195,589824,30,18.3105
pageable-staging-h2d,14,195,589824,92,5.97083
fread-pinned,14,14,589824,81,6.78168
pageable-pinned,14,14,589824,35,15.6948
pinned-h2d,14,14,589824,30,18.3105
pageable-staging-h2d,14,14,589824,65,8.45102
fread-pinned,14,12,720896,79,8.49857
pageable-pinned,14,12,720896,51,13.1644
pinned-h2d,14,12,720896,36,18.6496
pageable-staging-h2d,14,12,720896,87,7.71709
fread-pinned,14,37,720896,79,8.49857
pageable-pinned,14,37,720896,41,16.3753
pinned-h2d,14,37,720896,35,19.1825
pageable-staging-h2d,14,37,720896,76,8.83404
fread-pinned,14,95,720896,93,7.21921
pageable-pinned,14,95,720896,49,13.7018
pinned-h2d,14,95,720896,35,19.1825
pageable-staging-h2d,14,95,720896,84,7.9927
fread-pinned,14,165,720896,83,8.089
pageable-pinned,14,165,720896,50,13.4277
pinned-h2d,14,165,720896,35,19.1825
pageable-staging-h2d,14,165,720896,85,7.89867
fread-pinned,14,71,589824,89,6.17209
pageable-pinned,14,71,589824,40,13.7329
pinned-h2d,14,71,589824,30,18.3105
pageable-staging-h2d,14,71,589824,70,7.84738
fread-pinned,14,197,589824,112,4.90461
pageable-pinned,14,197,589824,45,12.207
pinned-h2d,14,197,589824,31,17.7199
pageable-staging-h2d,14,197,589824,76,7.22785
fread-pinned,14,243,860160,107,7.48679
pageable-pinned,14,243,860160,64,12.517
pinned-h2d,14,243,860160,42,19.0735
pageable-staging-h2d,14,243,860160,106,7.55742
fread-pinned,14,211,720896,75,8.95182
pageable-pinned,14,211,720896,37,18.1456
pinned-h2d,14,211,720896,36,18.6496
pageable-staging-h2d,14,211,720896,73,9.19708
fread-pinned,14,55,589824,89,6.17209
pageable-pinned,14,55,589824,43,12.7748
pinned-h2d,14,55,589824,30,18.3105
pageable-staging-h2d,14,55,589824,73,7.52488
fread-pinned,14,29,589824,80,6.86646
pageable-pinned,14,29,589824,42,13.079
pinned-h2d,14,29,589824,30,18.3105
pageable-staging-h2d,14,29,589824,72,7.62939
fread-pinned,14,145,589824,93,5.90663
pageable-pinned,14,145,589824,39,14.085
pinned-h2d,14,145,589824,31,17.7199
pageable-staging-h2d,14,145,589824,70,7.84738
fread-pinned,14,30,720896,114,5.88936
pageable-pinned,14,30,720896,80,8.39233
pinned-h2d,14,30,720896,35,19.1825
pageable-staging-h2d,14,30,720896,115,5.83815
fread-pinned,14,100,589824,96,5.72205
pageable-pinned,14,100,589824,58,9.47097
pinned-h2d,14,100,589824,30,18.3105
pageable-staging-h2d,14,100,589824,88,6.24223
fread-pinned,14,143,589824,105,5.23158
pageable-pinned,14,143,589824,58,9.47097
pinned-h2d,14,143,589824,30,18.3105
pageable-staging-h2d,14,143,589824,88,6.24223
fread-pinned,14,233,589824,84,6.53948
pageable-pinned,14,233,589824,62,8.85994
pinned-h2d,14,233,589824,30,18.3105
pageable-staging-h2d,14,233,589824,92,5.97083
fread-pinned,14,4,589824,73,7.52488
pageable-pinned,14,4,589824,59,9.31045
pinned-h2d,14,4,589824,29,18.9419
pageable-staging-h2d,14,4,589824,88,6.24223
fread-pinned,14,212,720896,105,6.39416
pageable-pinned,14,212,720896,77,8.71931
pinned-h2d,14,212,720896,35,19.1825
pageable-staging-h2d,14,212,720896,112,5.99452
fread-pinned,14,96,720896,98,6.85088
pageable-pinned,14,96,720896,77,8.71931
pinned-h2d,14,96,720896,36,18.6496
pageable-staging-h2d,14,96,720896,113,5.94148
fread-pinned,14,118,589824,105,5.23158
pageable-pinned,14,118,589824,64,8.58307
pinned-h2d,14,118,589824,31,17.7199
pageable-staging-h2d,14,118,589824,95,5.78228
fread-pinned,14,74,589824,90,6.10352
pageable-pinned,14,74,589824,56,9.80922
pinned-h2d,14,74,589824,30,18.3105
pageable-staging-h2d,14,74,589824,86,6.3874
fread-pinned,14,182,589824,80,6.86646
pageable-pinned,14,182,589824,60,9.15527
pinned-h2d,14,182,589824,31,17.7199
pageable-staging-h2d,14,182,589824,91,6.03644
fread-pinned,14,230,720896,79,8.49857
pageable-pinned,14,230,720896,49,13.7018
pinned-h2d,14,230,720896,35,19.1825
pageable-staging-h2d,14,230,720896,84,7.9927
fread-pinned,14,65,589824,81,6.78168
pageable-pinned,14,65,589824,40,13.7329
pinned-h2d,14,65,589824,30,18.3105
pageable-staging-h2d,14,65,589824,70,7.84738
fread-pinned,14,52,589824,85,6.46255
pageable-pinned,14,52,589824,40,13.7329
pinned-h2d,14,52,589824,31,17.7199
pageable-staging-h2d,14,52,589824,71,7.73685
fread-pinned,14,50,720896,105,6.39416
pageable-pinned,14,50,720896,41,16.3753
pinned-h2d,14,50,720896,36,18.6496
pageable-staging-h2d,14,50,720896,77,8.71931
fread-pinned,14,54,589824,81,6.78168
pageable-pinned,14,54,589824,39,14.085
pinned-h2d,14,54,589824,32,17.1661
pageable-staging-h2d,14,54,589824,71,7.73685
fread-pinned,14,104,589824,77,7.13398
pageable-pinned,14,104,589824,42,13.079
pinned-h2d,14,104,589824,30,18.3105
pageable-staging-h2d,14,104,589824,72,7.62939
fread-pinned,14,99,589824,98,5.60527
pageable-pinned,14,99,589824,59,9.31045
pinned-h2d,14,99,589824,30,18.3105
pageable-staging-h2d,14,99,589824,89,6.17209
fread-pinned,14,202,589824,104,5.28189
pageable-pinned,14,202,589824,60,9.15527
pinned-h2d,14,202,589824,30,18.3105
pageable-staging-h2d,14,202,589824,90,6.10352
fread-pinned,14,245,589824,88,6.24223
pageable-pinned,14,245,589824,51,10.7709
pinned-h2d,14,245,589824,33,16.646
pageable-staging-h2d,14,245,589824,84,6.53948
fread-pinned,14,117,589824,80,6.86646
pageable-pinned,14,117,589824,60,9.15527
pinned-h2d,14,117,589824,31,17.7199
pageable-staging-h2d,14,117,589824,91,6.03644
fread-pinned,14,172,720896,108,6.21654
pageable-pinned,14,172,720896,78,8.60752
pinned-h2d,14,172,720896,35,19.1825
pageable-staging-h2d,14,172,720896,113,5.94148
fread-pinned,14,72,589824,100,5.49316
pageable-pinned,14,72,589824,64,8.58307
pinned-h2d,14,72,589824,30,18.3105
pageable-staging-h2d,14,72,589824,94,5.84379
fread-pinned,14,77,720896,131,5.12509
pageable-pinned,14,77,720896,80,8.39233
pinned-h2d,14,77,720896,36,18.6496
pageable-staging-h2d,14,77,720896,116,5.78782
fread-pinned,14,115,720896,116,5.78782
pageable-pinned,14,115,720896,73,9.19708
pinned-h2d,14,115,720896,35,19.1825
pageable-staging-h2d,14,115,720896,108,6.21654
fread-pinned,14,194,589824,80,6.86646
pageable-pinned,14,194,589824,48,11.4441
pinned-h2d,14,194,589824,31,17.7199
pageable-staging-h2d,14,194,589824,79,6.95337
fread-pinned,14,218,860160,124,6.46037
pageable-pinned,14,218,860160,88,9.10325
pinned-h2d,14,218,860160,42,19.0735
pageable-staging-h2d,14,218,860160,130,6.1622
fread-pinned,14,127,720896,81,8.28872
pageable-pinned,14,127,720896,50,13.4277
pinned-h2d,14,127,720896,36,18.6496
pageable-staging-h2d,14,127,720896,86,7.80682
fread-pinned,14,238,589824,88,6.24223
pageable-pinned,14,238,589824,58,9.47097
pinned-h2d,14,238,589824,30,18.3105
pageable-staging-h2d,14,238,589824,88,6.24223
fread-pinned,14,210,720896,91,7.37788
pageable-pinned,14,210,720896,74,9.07279
pinned-h2d,14,210,720896,36,18.6496
pageable-staging-h2d,14,210,720896,110,6.10352
fread-pinned,14,219,589824,81,6.78168
pageable-pinned,14,219,589824,61,9.00519
pinned-h2d,14,219,589824,30,18.3105
pageable-staging-h2d,14,219,589824,91,6.03644
fread-pinned,14,142,589824,80,6.86646
pageable-pinned,14,142,589824,48,11.4441
pinned-h2d,14,142,589824,31,17.7199
pageable-staging-h2d,14,142,589824,79,6.95337
fread-pinned,14,150,589824,89,6.17209
pageable-pinned,14,150,589824,35,15.6948
pinned-h2d,14,150,589824,30,18.3105
pageable-staging-h2d,14,150,589824,65,8.45102
fread-pinned,14,110,589824,70,7.84738
pageable-pinned,14,110,589824,39,14.085
pinned-h2d,14,110,589824,31,17.7199
pageable-staging-h2d,14,110,589824,70,7.84738
fread-pinned,14,41,589824,82,6.69898
pageable-pinned,14,41,589824,45,12.207
pinned-h2d,14,41,589824,30,18.3105
pageable-staging-h2d,14,41,589824,75,7.32422
fread-pinned,14,78,589824,89,6.17209
pageable-pinned,14,78,589824,47,11.6876
pinned-h2d,14,78,589824,29,18.9419
pageable-staging-h2d,14,78,589824,76,7.22785
fread-pinned,14,141,720896,97,6.92151
pageable-pinned,14,141,720896,55,12.207
pinned-h2d,14,141,720896,37,18.1456
pageable-staging-h2d,14,141,720896,92,7.29768
fread-pinned,14,169,589824,103,5.33317
pageable-pinned,14,169,589824,57,9.63713
pinned-h2d,14,169,589824,30,18.3105
pageable-staging-h2d,14,169,589824,87,6.31398
fread-pinned,14,190,589824,82,6.69898
pageable-pinned,14,190,589824,60,9.15527
pinned-h2d,14,190,589824,30,18.3105
pageable-staging-h2d,14,190,589824,90,6.10352
fread-pinned,14,76,720896,115,5.83815
pageable-pinned,14,76,720896,69,9.73024
pinned-h2d,14,76,720896,35,19.1825
pageable-staging-h2d,14,76,720896,104,6.45564
fread-pinned,14,146,720896,100,6.71387
pageable-pinned,14,146,720896,77,8.71931
pinned-h2d,14,146,720896,35,19.1825
pageable-staging-h2d,14,146,720896,112,5.99452
fread-pinned,14,128,720896,105,6.39416
pageable-pinned,14,128,720896,77,8.71931
pinned-h2d,14,128,720896,36,18.6496
pageable-staging-h2d,14,128,720896,113,5.94148
fread-pinned,14,168,589824,91,6.03644
pageable-pinned,14,168,589824,47,11.6876
pinned-h2d,14,168,589824,30,18.3105
pageable-staging-h2d,14,168,589824,77,7.13398
fread-pinned,14,106,589824,92,5.97083
pageable-pinned,14,106,589824,47,11.6876
pinned-h2d,14,106,589824,30,18.3105
pageable-staging-h2d,14,106,589824,77,7.13398
fread-pinned,14,64,720896,114,5.88936
pageable-pinned,14,64,720896,74,9.07279
pinned-h2d,14,64,720896,36,18.6496
pageable-staging-h2d,14,64,720896,110,6.10352
fread-pinned,14,229,589824,85,6.46255
pageable-pinned,14,229,589824,57,9.63713
pinned-h2d,14,229,589824,31,17.7199
pageable-staging-h2d,14,229,589824,88,6.24223
fread-pinned,14,151,589824,76,7.22785
pageable-pinned,14,151,589824,60,9.15527
pinned-h2d,14,151,589824,29,18.9419
pageable-staging-h2d,14,151,589824,89,6.17209
fread-pinned,14,75,720896,124,5.41441
pageable-pinned,14,75,720896,57,11.7787
pinned-h2d,14,75,720896,35,19.1825
pageable-staging-h2d,14,75,720896,92,7.29768
fread-pinned,14,207,589824,71,7.73685
pageable-pinned,14,207,589824,40,13.7329
pinned-h2d,14,207,589824,31,17.7199
pageable-staging-h2d,14,207,589824,71,7.73685
fread-pinned,14,160,720896,86,7.80682
pageable-pinned,14,160,720896,52,12.9113
pinned-h2d,14,160,720896,36,18.6496
pageable-staging-h2d,14,160,720896,88,7.62939
fread-pinned,14,183,589824,67,8.19875
pageable-pinned,14,183,589824,41,13.398
pinned-h2d,14,183,589824,31,17.7199
pageable-staging-h2d,14,183,589824,72,7.62939
fread-pinned,14,253,589824,85,6.46255
pageable-pinned,14,253,589824,41,13.398
pinned-h2d,14,253,589824,31,17.7199
pageable-staging-h2d,14,253,589824,72,7.62939
fread-pinned,14,112,589824,67,8.19875
pageable-pinned,14,112,589824,38,14.4557
pinned-h2d,14,112,589824,30,18.3105
pageable-staging-h2d,14,112,589824,68,8.07818
fread-pinned,14,180,589824,62,8.85994
pageable-pinned,14,180,589824,33,16.646
pinned-h2d,14,180,589824,30,18.3105
pageable-staging-h2d,14,180,589824,63,8.71931
fread-pinned,14,3,589824,69,7.96111
pageable-pinned,14,3,589824,41,13.398
pinned-h2d,14,3,589824,30,18.3105
pageable-staging-h2d,14,3,589824,71,7.73685
fread-pinned,14,226,589824,69,7.96111
pageable-pinned,14,226,589824,40,13.7329
pinned-h2d,14,226,589824,31,17.7199
pageable-staging-h2d,14,226,589824,71,7.73685
fread-pinned,14,191,720896,79,8.49857
pageable-pinned,14,191,720896,49,13.7018
pinned-h2d,14,191,720896,36,18.6496
pageable-staging-h2d,14,191,720896,85,7.89867
fread-pinned,14,45,589824,83,6.61827
pageable-pinned,14,45,589824,47,11.6876
pinned-h2d,14,45,589824,31,17.7199
pageable-staging-h2d,14,45,589824,78,7.04252
fread-pinned,14,209,589824,67,8.19875
pageable-pinned,14,209,589824,41,13.398
pinned-h2d,14,209,589824,31,17.7199
pageable-staging-h2d,14,209,589824,72,7.62939
fread-pinned,14,217,860160,112,7.15256
pageable-pinned,14,217,860160,64,12.517
pinned-h2d,14,217,860160,43,18.6299
pageable-staging-h2d,14,217,860160,107,7.48679
fread-pinned,14,109,720896,121,5.54865
pageable-pinned,14,109,720896,48,13.9872
pinned-h2d,14,109,720896,37,18.1456
pageable-staging-h2d,14,109,720896,85,7.89867
fread-pinned,14,42,589824,85,6.46255
pageable-pinned,14,42,589824,42,13.079
pinned-h2d,14,42,589824,31,17.7199
pageable-staging-h2d,14,42,589824,73,7.52488
fread-pinned,14,152,589824,93,5.90663
pageable-pinned,14,152,589824,41,13.398
pinned-h2d,14,152,589824,32,17.1661
pageable-staging-h2d,14,152,589824,73,7.52488
fread-pinned,14,105,589824,92,5.97083
pageable-pinned,14,105,589824,44,12.4845
pinned-h2d,14,105,589824,31,17.7199
pageable-staging-h2d,14,105,589824,75,7.32422
fread-pinned,14,140,720896,111,6.04853
pageable-pinned,14,140,720896,50,13.4277
pinned-h2d,14,140,720896,36,18.6496
pageable-staging-h2d,14,140,720896,86,7.80682
fread-pinned,14,58,589824,95,5.78228
pageable-pinned,14,58,589824,58,9.47097
pinned-h2d,14,58,589824,31,17.7199
pageable-staging-h2d,14,58,589824,89,6.17209
fread-pinned,14,103,589824,82,6.69898
pageable-pinned,14,103,589824,56,9.80922
pinned-h2d,14,103,589824,31,17.7199
pageable-staging-h2d,14,103,589824,87,6.31398
fread-pinned,14,26,589824,85,6.46255
pageable-pinned,14,26,589824,47,11.6876
pinned-h2d,14,26,589824,29,18.9419
pageable-staging-h2d,14,26,589824,76,7.22785
fread-pinned,14,177,589824,85,6.46255
pageable-pinned,14,177,589824,60,9.15527
pinned-h2d,14,177,589824,31,17.7199
pageable-staging-h2d,14,177,589824,91,6.03644
fread-pinned,14,22,589824,95,5.78228
pageable-pinned,14,22,589824,58,9.47097
pinned-h2d,14,22,589824,30,18.3105
pageable-staging-h2d,14,22,589824,88,6.24223
fread-pinned,14,139,589824,82,6.69898
pageable-pinned,14,139,589824,53,10.3645
pinned-h2d,14,139,589824,30,18.3105
pageable-staging-h2d,14,139,589824,83,6.61827
fread-pinned,14,49,589824,95,5.78228
pageable-pinned,14,49,589824,65,8.45102
pinned-h2d,14,49,589824,30,18.3105
pageable-staging-h2d,14,49,589824,95,5.78228
fread-pinned,14,157,589824,79,6.95337
pageable-pinned,14,157,589824,59,9.31045
pinned-h2d,14,157,589824,30,18.3105
pageable-staging-h2d,14,157,589824,89,6.17209
fread-pinned,14,24,720896,114,5.88936
pageable-pinned,14,24,720896,67,10.0207
pinned-h2d,14,24,720896,37,18.1456
pageable-staging-h2d,14,24,720896,104,6.45564
fread-pinned,14,73,589824,89,6.17209
pageable-pinned,14,73,589824,51,10.7709
pinned-h2d,14,73,589824,30,18.3105
pageable-staging-h2d,14,73,589824,81,6.78168
fread-pinned,14,130,589824,71,7.73685
pageable-pinned,14,130,589824,48,11.4441
pinned-h2d,14,130,589824,30,18.3105
pageable-staging-h2d,14,130,589824,78,7.04252
fread-pinned,14,250,860160,122,6.56628
pageable-pinned,14,250,860160,66,12.1377
pinned-h2d,14,250,860160,41,19.5387
pageable-staging-h2d,14,250,860160,107,7.48679
fread-pinned,14,242,589824,72,7.62939
pageable-pinned,14,242,589824,40,13.7329
pinned-h2d,14,242,589824,31,17.7199
pageable-staging-h2d,14,242,589824,71,7.73685
fread-pinned,14,241,589824,74,7.42319
pageable-pinned,14,241,589824,47,11.6876
pinned-h2d,14,241,589824,30,18.3105
pageable-staging-h2d,14,241,589824,77,7.13398
fread-pinned,14,62,589824,77,7.13398
pageable-pinned,14,62,589824,35,15.6948
pinned-h2d,14,62,589824,30,18.3105
pageable-staging-h2d,14,62,589824,65,8.45102
fread-pinned,14,6,720896,94,7.14241
pageable-pinned,14,6,720896,54,12.4331
pinned-h2d,14,6,720896,36,18.6496
pageable-staging-h2d,14,6,720896,90,7.45985
fread-pinned,14,11,720896,73,9.19708
pageable-pinned,14,11,720896,41,16.3753
pinned-h2d,14,11,720896,35,19.1825
pageable-staging-h2d,14,11,720896,76,8.83404
fread-pinned,14,57,720896,108,6.21654
pageable-pinned,14,57,720896,54,12.4331
pinned-h2d,14,57,720896,37,18.1456
pageable-staging-h2d,14,57,720896,91,7.37788
fread-pinned,14,28,589824,84,6.53948
pageable-pinned,14,28,589824,36,15.2588
pinned-h2d,14,28,589824,31,17.7199
pageable-staging-h2d,14,28,589824,67,8.19875
fread-pinned,14,123,589824,70,7.84738
pageable-pinned,14,123,589824,42,13.079
pinned-h2d,14,123,589824,31,17.7199
pageable-staging-h2d,14,123,589824,73,7.52488
fread-pinned,14,244,860160,110,7.2826
pageable-pinned,14,244,860160,65,12.3244
pinned-h2d,14,244,860160,41,19.5387
pageable-staging-h2d,14,244,860160,106,7.55742
fread-pinned,14,154,720896,122,5.50317
pageable-pinned,14,154,720896,72,9.32482
pinned-h2d,14,154,720896,35,19.1825
pageable-staging-h2d,14,154,720896,107,6.27464
fread-pinned,14,161,589824,80,6.86646
pageable-pinned,14,161,589824,60,9.15527
pinned-h2d,14,161,589824,30,18.3105
pageable-staging-h2d,14,161,589824,90,6.10352
fread-pinned,14,132,589824,74,7.42319
pageable-pinned,14,132,589824,47,11.6876
pinned-h2d,14,132,589824,31,17.7199
pageable-staging-h2d,14,132,589824,78,7.04252
fread-pinned,14,216,589824,75,7.32422
pageable-pinned,14,216,589824,52,10.5638
pinned-h2d,14,216,589824,30,18.3105
pageable-staging-h2d,14,216,589824,82,6.69898
fread-pinned,14,59,589824,99,5.54865
pageable-pinned,14,59,589824,62,8.85994
pinned-h2d,14,59,589824,29,18.9419
pageable-staging-h2d,14,59,589824,91,6.03644
fread-pinned,14,46,589824,99,5.54865
pageable-pinned,14,46,589824,62,8.85994
pinned-h2d,14,46,589824,30,18.3105
pageable-staging-h2d,14,46,589824,92,5.97083
fread-pinned,14,5,720896,94,7.14241
pageable-pinned,14,5,720896,75,8.95182
pinned-h2d,14,5,720896,36,18.6496
pageable-staging-h2d,14,5,720896,111,6.04853
fread-pinned,14,162,589824,82,6.69898
pageable-pinned,14,162,589824,61,9.00519
pinned-h2d,14,162,589824,31,17.7199
pageable-staging-h2d,14,162,589824,92,5.97083
fread-pinned,14,137,589824,75,7.32422
pageable-pinned,14,137,589824,59,9.31045
pinned-h2d,14,137,589824,30,18.3105
pageable-staging-h2d,14,137,589824,89,6.17209
fread-pinned,14,124,589824,78,7.04252
pageable-pinned,14,124,589824,57,9.63713
pinned-h2d,14,124,589824,31,17.7199
pageable-staging-h2d,14,124,589824,88,6.24223
fread-pinned,14,67,589824,99,5.54865
pageable-pinned,14,67,589824,62,8.85994
pinned-h2d,14,67,589824,31,17.7199
pageable-staging-h2d,14,67,589824,93,5.90663
fread-pinned,14,173,720896,123,5.45843
pageable-pinned,14,173,720896,50,13.4277
pinned-h2d,14,173,720896,35,19.1825
pageable-staging-h2d,14,173,720896,85,7.89867
fread-pinned,14,206,589824,71,7.73685
pageable-pinned,14,206,589824,39,14.085
pinned-h2d,14,206,589824,31,17.7199
pageable-staging-h2d,14,206,589824,70,7.84738
fread-pinned,14,91,589824,76,7.22785
pageable-pinned,14,91,589824,41,13.398
pinned-h2d,14,91,589824,31,17.7199
pageable-staging-h2d,14,91,589824,72,7.62939
fread-pinned,14,179,720896,109,6.15951
pageable-pinned,14,179,720896,52,12.9113
pinned-h2d,14,179,720896,35,19.1825
pageable-staging-h2d,14,179,720896,87,7.71709
fread-pinned,14,187,589824,82,6.69898
pageable-pinned,14,187,589824,44,12.4845
pinned-h2d,14,187,589824,31,17.7199
pageable-staging-h2d,14,187,589824,75,7.32422
fread-pinned,14,215,589824,72,7.62939
pageable-pinned,14,215,589824,44,12.4845
pinned-h2d,14,215,589824,31,17.7199
pageable-staging-h2d,14,215,589824,75,7.32422
fread-pinned,14,108,720896,126,5.32847
pageable-pinned,14,108,720896,73,9.19708
pinned-h2d,14,108,720896,42,15.9854
pageable-staging-h2d,14,108,720896,115,5.83815
fread-pinned,14,84,589824,81,6.78168
pageable-pinned,14,84,589824,61,9.00519
pinned-h2d,14,84,589824,31,17.7199
pageable-staging-h2d,14,84,589824,92,5.97083
fread-pinned,14,107,589824,97,5.66306
pageable-pinned,14,107,589824,54,10.1725
pinned-h2d,14,107,589824,30,18.3105
pageable-staging-h2d,14,107,589824,84,6.53948
fread-pinned,14,85,589824,84,6.53948
pageable-pinned,14,85,589824,64,8.58307
pinned-h2d,14,85,589824,30,18.3105
pageable-staging-h2d,14,85,589824,94,5.84379
fread-pinned,14,93,589824,84,6.53948
pageable-pinned,14,93,589824,63,8.71931
pinned-h2d,14,93,589824,30,18.3105
pageable-staging-h2d,14,93,589824,93,5.90663
fread-pinned,14,35,589824,96,5.72205
pageable-pinned,14,35,589824,57,9.63713
pinned-h2d,14,35,589824,29,18.9419
pageable-staging-h2d,14,35,589824,86,6.3874
fread-pinned,14,166,720896,91,7.37788
pageable-pinned,14,166,720896,61,11.0063
pinned-h2d,14,166,720896,35,19.1825
pageable-staging-h2d,14,166,720896,96,6.99361
fread-pinned,14,163,589824,79,6.95337
pageable-pinned,14,163,589824,58,9.47097
pinned-h2d,14,163,589824,30,18.3105
pageable-staging-h2d,14,163,589824,88,6.24223
fread-pinned,14,221,589824,95,5.78228
pageable-pinned,14,221,589824,59,9.31045
pinned-h2d,14,221,589824,31,17.7199
pageable-staging-h2d,14,221,589824,90,6.10352
fread-pinned,14,149,589824,76,7.22785
pageable-pinned,14,149,589824,62,8.85994
pinned-h2d,14,149,589824,30,18.3105
pageable-staging-h2d,14,149,589824,92,5.97083
fread-pinned,14,17,589824,90,6.10352
pageable-pinned,14,17,589824,42,13.079
pinned-h2d,14,17,589824,30,18.3105
pageable-staging-h2d,14,17,589824,72,7.62939
fread-pinned,14,204,720896,95,7.06723
pageable-pinned,14,204,720896,53,12.6677
pinned-h2d,14,204,720896,37,18.1456
pageable-staging-h2d,14,204,720896,90,7.45985
fread-pinned,14,199,720896,97,6.92151
pageable-pinned,14,199,720896,54,12.4331
pinned-h2d,14,199,720896,37,18.1456
pageable-staging-h2d,14,199,720896,91,7.37788
fread-pinned,14,234,589824,97,5.66306
pageable-pinned,14,234,589824,41,13.398
pinned-h2d,14,234,589824,30,18.3105
pageable-staging-h2d,14,234,589824,71,7.73685
fread-pinned,14,16,589824,87,6.31398
pageable-pinned,14,16,589824,40,13.7329
pinned-h2d,14,16,589824,30,18.3105
pageable-staging-h2d,14,16,589824,70,7.84738
fread-pinned,14,20,589824,85,6.46255
pageable-pinned,14,20,589824,42,13.079
pinned-h2d,14,20,589824,30,18.3105
pageable-staging-h2d,14,20,589824,72,7.62939
fread-pinned,14,87,589824,77,7.13398
pageable-pinned,14,87,589824,59,9.31045
pinned-h2d,14,87,589824,30,18.3105
pageable-staging-h2d,14,87,589824,89,6.17209
fread-pinned,14,68,589824,102,5.38545
pageable-pinned,14,68,589824,62,8.85994
pinned-h2d,14,68,589824,31,17.7199
pageable-staging-h2d,14,68,589824,93,5.90663
fread-pinned,14,122,720896,104,6.45564
pageable-pinned,14,122,720896,81,8.28872
pinned-h2d,14,122,720896,36,18.6496
pageable-staging-h2d,14,122,720896,117,5.73835
fread-pinned,14,97,589824,106,5.18223
pageable-pinned,14,97,589824,62,8.85994
pinned-h2d,14,97,589824,30,18.3105
pageable-staging-h2d,14,97,589824,92,5.97083
fread-pinned,14,94,589824,79,6.95337
pageable-pinned,14,94,589824,56,9.80922
pinned-h2d,14,94,589824,30,18.3105
pageable-staging-h2d,14,94,589824,86,6.3874
fread-pinned,14,235,589824,82,6.69898
pageable-pinned,14,235,589824,60,9.15527
pinned-h2d,14,235,589824,30,18.3105
pageable-staging-h2d,14,235,589824,90,6.10352
fread-pinned,14,47,589824,90,6.10352
pageable-pinned,14,47,589824,57,9.63713
pinned-h2d,14,47,589824,31,17.7199
pageable-staging-h2d,14,47,589824,88,6.24223
fread-pinned,14,8,589824,78,7.04252
pageable-pinned,14,8,589824,55,9.98757
pinned-h2d,14,8,589824,31,17.7199
pageable-staging-h2d,14,8,589824,86,6.3874
fread-pinned,14,92,589824,89,6.17209
pageable-pinned,14,92,589824,60,9.15527
pinned-h2d,14,92,589824,31,17.7199
pageable-staging-h2d,14,92,589824,91,6.03644
fread-pinned,14,31,720896,120,5.59489
pageable-pinned,14,31,720896,78,8.60752
pinned-h2d,14,31,720896,36,18.6496
pageable-staging-h2d,14,31,720896,114,5.88936
fread-pinned,14,155,589824,87,6.31398
pageable-pinned,14,155,589824,43,12.7748
pinned-h2d,14,155,589824,30,18.3105
pageable-staging-h2d,14,155,589824,73,7.52488
fread-pinned,14,240,589824,72,7.62939
pageable-pinned,14,240,589824,42,13.079
pinned-h2d,14,240,589824,30,18.3105
pageable-staging-h2d,14,240,589824,72,7.62939
fread-pinned,14,203,589824,70,7.84738
pageable-pinned,14,203,589824,42,13.079
pinned-h2d,14,203,589824,30,18.3105
pageable-staging-h2d,14,203,589824,72,7.62939
fread-pinned,14,82,720896,107,6.27464
pageable-pinned,14,82,720896,54,12.4331
pinned-h2d,14,82,720896,36,18.6496
pageable-staging-h2d,14,82,720896,90,7.45985
fread-pinned,14,19,720896,89,7.54367
pageable-pinned,14,19,720896,47,14.2848
pinned-h2d,14,19,720896,35,19.1825
pageable-staging-h2d,14,19,720896,82,8.18764
fread-pinned,14,86,589824,70,7.84738
pageable-pinned,14,86,589824,40,13.7329
pinned-h2d,14,86,589824,31,17.7199
pageable-staging-h2d,14,86,589824,71,7.73685
fread-pinned,14,125,589824,91,6.03644
pageable-pinned,14,125,589824,57,9.63713
pinned-h2d,14,125,589824,30,18.3105
pageable-staging-h2d,14,125,589824,87,6.31398
fread-pinned,14,185,720896,97,6.92151
pageable-pinned,14,185,720896,72,9.32482
pinned-h2d,14,185,720896,36,18.6496
pageable-staging-h2d,14,185,720896,108,6.21654
fread-pinned,14,135,589824,81,6.78168
pageable-pinned,14,135,589824,65,8.45102
pinned-h2d,14,135,589824,30,18.3105
pageable-staging-h2d,14,135,589824,95,5.78228
fread-pinned,14,224,720896,108,6.21654
pageable-pinned,14,224,720896,83,8.089
pinned-h2d,14,224,720896,36,18.6496
pageable-staging-h2d,14,224,720896,119,5.64191
fread-pinned,14,196,589824,76,7.22785
pageable-pinned,14,196,589824,57,9.63713
pinned-h2d,14,196,589824,31,17.7199
pageable-staging-h2d,14,196,589824,88,6.24223
fread-pinned,14,116,589824,96,5.72205
pageable-pinned,14,116,589824,64,8.58307
pinned-h2d,14,116,589824,31,17.7199
pageable-staging-h2d,14,116,589824,95,5.78228
fread-pinned,14,83,720896,115,5.83815
pageable-pinned,14,83,720896,82,8.18764
pinned-h2d,14,83,720896,37,18.1456
pageable-staging-h2d,14,83,720896,119,5.64191
fread-pinned,14,9,589824,81,6.78168
pageable-pinned,14,9,589824,59,9.31045
pinned-h2d,14,9,589824,30,18.3105
pageable-staging-h2d,14,9,589824,89,6.17209
fread-pinned,14,10,589824,79,6.95337
pageable-pinned,14,10,589824,60,9.15527
pinned-h2d,14,10,589824,31,17.7199
pageable-staging-h2d,14,10,589824,91,6.03644
fread-pinned,14,34,589824,99,5.54865
pageable-pinned,14,34,589824,69,7.96111
pinned-h2d,14,34,589824,30,18.3105
pageable-staging-h2d,14,34,589824,99,5.54865
fread-pinned,14,60,589824,83,6.61827
pageable-pinned,14,60,589824,46,11.9417
pinned-h2d,14,60,589824,30,18.3105
pageable-staging-h2d,14,60,589824,76,7.22785
fread-pinned,14,79,589824,79,6.95337
pageable-pinned,14,79,589824,40,13.7329
pinned-h2d,14,79,589824,30,18.3105
pageable-staging-h2d,14,79,589824,70,7.84738
fread-pinned,14,25,720896,98,6.85088
pageable-pinned,14,25,720896,55,12.207
pinned-h2d,14,25,720896,35,19.1825
pageable-staging-h2d,14,25,720896,90,7.45985
fread-pinned,14,51,720896,113,5.94148
pageable-pinned,14,51,720896,55,12.207
pinned-h2d,14,51,720896,36,18.6496
pageable-staging-h2d,14,51,720896,91,7.37788
fread-pinned,14,153,720896,82,8.18764
pageable-pinned,14,153,720896,48,13.9872
pinned-h2d,14,153,720896,35,19.1825
pageable-staging-h2d,14,153,720896,83,8.089
fread-pinned,14,113,589824,69,7.96111
pageable-pinned,14,113,589824,40,13.7329
pinned-h2d,14,113,589824,30,18.3105
pageable-staging-h2d,14,113,589824,70,7.84738
fread-pinned,14,27,589824,95,5.78228
pageable-pinned,14,27,589824,64,8.58307
pinned-h2d,14,27,589824,30,18.3105
pageable-staging-h2d,14,27,589824,94,5.84379
fread-pinned,14,101,720896,116,5.78782
pageable-pinned,14,101,720896,76,8.83404
pinned-h2d,14,101,720896,36,18.6496
pageable-staging-h2d,14,101,720896,112,5.99452
fread-pinned,14,184,589824,83,6.61827
pageable-pinned,14,184,589824,62,8.85994
pinned-h2d,14,184,589824,30,18.3105
pageable-staging-h2d,14,184,589824,92,5.97083
fread-pinned,14,147,720896,107,6.27464
pageable-pinned,14,147,720896,75,8.95182
pinned-h2d,14,147,720896,35,19.1825
pageable-staging-h2d,14,147,720896,110,6.10352
fread-pinned,14,129,589824,81,6.78168
pageable-pinned,14,129,589824,58,9.47097
pinned-h2d,14,129,589824,30,18.3105
pageable-staging-h2d,14,129,589824,88,6.24223
fread-pinned,14,239,589824,87,6.31398
pageable-pinned,14,239,589824,62,8.85994
pinned-h2d,14,239,589824,30,18.3105
pageable-staging-h2d,14,239,589824,92,5.97083
fread-pinned,14,119,589824,104,5.28189
pageable-pinned,14,119,589824,59,9.31045
pinned-h2d,14,119,589824,30,18.3105
pageable-staging-h2d,14,119,589824,89,6.17209
fread-pinned,14,232,589824,79,6.95337
pageable-pinned,14,232,589824,58,9.47097
pinned-h2d,14,232,589824,30,18.3105
pageable-staging-h2d,14,232,589824,88,6.24223
fread-pinned,14,255,860160,124,6.46037
pageable-pinned,14,255,860160,85,9.42455
pinned-h2d,14,255,860160,42,19.0735
pageable-staging-h2d,14,255,860160,127,6.30777
fread-pinned,14,2,589824,80,6.86646
pageable-pinned,14,2,589824,60,9.15527
pinned-h2d,14,2,589824,31,17.7199
pageable-staging-h2d,14,2,589824,91,6.03644
fread-pinned,14,15,589824,77,7.13398
pageable-pinned,14,15,589824,70,7.84738
pinned-h2d,14,15,589824,30,18.3105
pageable-staging-h2d,14,15,589824,100,5.49316
fread-pinned,14,138,589824,74,7.42319
pageable-pinned,14,138,589824,43,12.7748
pinned-h2d,14,138,589824,31,17.7199
pageable-staging-h2d,14,138,589824,74,7.42319
fread-pinned,14,181,589824,69,7.96111
pageable-pinned,14,181,589824,40,13.7329
pinned-h2d,14,181,589824,31,17.7199
pageable-staging-h2d,14,181,589824,71,7.73685
fread-pinned,14,131,589824,67,8.19875
pageable-pinned,14,131,589824,40,13.7329
pinned-h2d,14,131,589824,30,18.3105
pageable-staging-h2d,14,131,589824,70,7.84738
fread-pinned,14,40,589824,79,6.95337
pageable-pinned,14,40,589824,38,14.4557
pinned-h2d,14,40,589824,31,17.7199
pageable-staging-h2d,14,40,589824,69,7.96111
fread-pinned,14,38,720896,107,6.27464
pageable-pinned,14,38,720896,55,12.207
pinned-h2d,14,38,720896,41,16.3753
pageable-staging-h2d,14,38,720896,96,6.99361
fread-pinned,14,249,860160,122,6.56628
pageable-pinned,14,249,860160,92,8.70746
pinned-h2d,14,249,860160,41,19.5387
pageable-staging-h2d,14,249,860160,133,6.02321
fread-pinned,14,236,720896,103,6.51832
pageable-pinned,14,236,720896,74,9.07279
pinned-h2d,14,236,720896,35,19.1825
pageable-staging-h2d,14,236,720896,109,6.15951
fread-pinned,14,192,720896,118,5.68972
pageable-pinned,14,192,720896,70,9.59124
pinned-h2d,14,192,720896,36,18.6496
pageable-staging-h2d,14,192,720896,106,6.33384
fread-pinned,14,61,589824,103,5.33317
pageable-pinned,14,61,589824,62,8.85994
pinned-h2d,14,61,589824,30,18.3105
pageable-staging-h2d,14,61,589824,92,5.97083
fread-pinned,14,120,720896,130,5.16451
pageable-pinned,14,120,720896,79,8.49857
pinned-h2d,14,120,720896,36,18.6496
pageable-staging-h2d,14,120,720896,115,5.83815
fread-pinned,14,1,589824,83,6.61827
pageable-pinned,14,1,589824,70,7.84738
pinned-h2d,14,1,589824,31,17.7199
pageable-staging-h2d,14,1,589824,101,5.43878
fread-pinned,14,227,589824,86,6.3874
pageable-pinned,14,227,589824,64,8.58307
pinned-h2d,14,227,589824,31,17.7199
pageable-staging-h2d,14,227,589824,95,5.78228
fread-pinned,14,133,720896,99,6.78168
pageable-pinned,14,133,720896,81,8.28872
pinned-h2d,14,133,720896,35,19.1825
pageable-staging-h2d,14,133,720896,116,5.78782
fread-pinned,14,33,589824,101,5.43878
pageable-pinned,14,33,589824,75,7.32422
pinned-h2d,14,33,589824,30,18.3105
pageable-staging-h2d,14,33,589824,105,5.23158
fread-pinned,14,7,589824,71,7.73685
pageable-pinned,14,7,589824,40,13.7329
pinned-h2d,14,7,589824,31,17.7199
pageable-staging-h2d,14,7,589824,71,7.73685
fread-pinned,14,56,720896,110,6.10352
pageable-pinned,14,56,720896,60,11.1898
pinned-h2d,14,56,720896,36,18.6496
pageable-staging-h2d,14,56,720896,96,6.99361
fread-pinned,14,231,720896,88,7.62939
pageable-pinned,14,231,720896,54,12.4331
pinned-h2d,14,231,720896,36,18.6496
pageable-staging-h2d,14,231,720896,90,7.45985
fread-pinned,14,237,720896,88,7.62939
pageable-pinned,14,237,720896,53,12.6677
pinned-h2d,14,237,720896,35,19.1825
pageable-staging-h2d,14,237,720896,88,7.62939
fread-pinned,14,69,720896,97,6.92151
pageable-pinned,14,69,720896,54,12.4331
pinned-h2d,14,69,720896,36,18.6496
pageable-staging-h2d,14,69,720896,90,7.45985
fread-pinned,14,178,720896,113,5.94148
pageable-pinned,14,178,720896,72,9.32482
pinned-h2d,14,178,720896,35,19.1825
pageable-staging-h2d,14,178,720896,107,6.27464
fread-pinned,14,201,589824,89,6.17209
pageable-pinned,14,201,589824,69,7.96111
pinned-h2d,14,201,589824,29,18.9419
pageable-staging-h2d,14,201,589824,98,5.60527
fread-pinned,14,81,589824,87,6.31398
pageable-pinned,14,81,589824,66,8.32298
pinned-h2d,14,81,589824,30,18.3105
pageable-staging-h2d,14,81,589824,96,5.72205
fread-pinned,14,251,589824,83,6.61827
pageable-pinned,14,251,589824,64,8.58307
pinned-h2d,14,251,589824,30,18.3105
pageable-staging-h2d,14,251,589824,94,5.84379
fread-pinned,14,148,589824,84,6.53948
pageable-pinned,14,148,589824,61,9.00519
pinned-h2d,14,148,589824,30,18.3105
pageable-staging-h2d,14,148,589824,91,6.03644
fread-pinned,14,164,589824,79,6.95337
pageable-pinned,14,164,589824,57,9.63713
pinned-h2d,14,164,589824,31,17.7199
pageable-staging-h2d,14,164,589824,88,6.24223
fread-pinned,14,90,589824,82,6.69898
pageable-pinned,14,90,589824,61,9.00519
pinned-h2d,14,90,589824,29,18.9419
pageable-staging-h2d,14,90,589824,90,6.10352
fread-pinned,14,214,589824,83,6.61827
pageable-pinned,14,214,589824,58,9.47097
pinned-h2d,14,214,589824,31,17.7199
pageable-staging-h2d,14,214,589824,89,6.17209
fread-pinned,14,98,589824,89,6.17209
pageable-pinned,14,98,589824,45,12.207
pinned-h2d,14,98,589824,30,18.3105
pageable-staging-h2d,14,98,589824,75,7.32422
fread-pinned,14,111,589824,92,5.97083
pageable-pinned,14,111,589824,57,9.63713
pinned-h2d,14,111,589824,30,18.3105
pageable-staging-h2d,14,111,589824,87,6.31398
fread-pinned,14,32,720896,116,5.78782
pageable-pinned,14,32,720896,79,8.49857
pinned-h2d,14,32,720896,36,18.6496
pageable-staging-h2d,14,32,720896,115,5.83815
fread-pinned,14,39,589824,89,6.17209
pageable-pinned,14,39,589824,42,13.079
pinned-h2d,14,39,589824,31,17.7199
pageable-staging-h2d,14,39,589824,73,7.52488
fread-pinned,14,189,589824,66,8.32298
pageable-pinned,14,189,589824,38,14.4557
pinned-h2d,14,189,589824,31,17.7199
pageable-staging-h2d,14,189,589824,69,7.96111
fread-pinned,14,126,589824,82,6.69898
pageable-pinned,14,126,589824,40,13.7329
pinned-h2d,14,126,589824,30,18.3105
pageable-staging-h2d,14,126,589824,70,7.84738
fread-pinned,14,13,589824,77,7.13398
pageable-pinned,14,13,589824,42,13.079
pinned-h2d,14,13,589824,30,18.3105
pageable-staging-h2d,14,13,589824,72,7.62939
fread-pinned,14,254,589824,76,7.22785
pageable-pinned,14,254,589824,42,13.079
pinned-h2d,14,254,589824,31,17.7199
pageable-staging-h2d,14,254,589824,73,7.52488
fread-pinned,14,36,589824,91,6.03644
pageable-pinned,14,36,589824,45,12.207
pinned-h2d,14,36,589824,30,18.3105
pageable-staging-h2d,14,36,589824,75,7.32422
fread-pinned,14,156,589824,85,6.46255
pageable-pinned,14,156,589824,62,8.85994
pinned-h2d,14,156,589824,30,18.3105
pageable-staging-h2d,14,156,589824,92,5.97083
fread-pinned,14,198,720896,101,6.64739
pageable-pinned,14,198,720896,77,8.71931
pinned-h2d,14,198,720896,36,18.6496
pageable-staging-h2d,14,198,720896,113,5.94148
fread-pinned,14,200,589824,85,6.46255
pageable-pinned,14,200,589824,61,9.00519
pinned-h2d,14,200,589824,30,18.3105
pageable-staging-h2d,14,200,589824,91,6.03644
fread-pinned,14,88,720896,100,6.71387
pageable-pinned,14,88,720896,76,8.83404
pinned-h2d,14,88,720896,35,19.1825
pageable-staging-h2d,14,88,720896,111,6.04853
fread-pinned,14,220,589824,84,6.53948
pageable-pinned,14,220,589824,59,9.31045
pinned-h2d,14,220,589824,31,17.7199
pageable-staging-h2d,14,220,589824,90,6.10352
fread-pinned,14,43,720896,116,5.78782
pageable-pinned,14,43,720896,68,9.87333
pinned-h2d,14,43,720896,35,19.1825
pageable-staging-h2d,14,43,720896,103,6.51832
fread-pinned,14,134,720896,91,7.37788
pageable-pinned,14,134,720896,73,9.19708
pinned-h2d,14,134,720896,36,18.6496
pageable-staging-h2d,14,134,720896,109,6.15951
fread-pinned,14,176,589824,87,6.31398
pageable-pinned,14,176,589824,62,8.85994
pinned-h2d,14,176,589824,31,17.7199
pageable-staging-h2d,14,176,589824,93,5.90663
fread-pinned,14,175,589824,94,5.84379
pageable-pinned,14,175,589824,54,10.1725
pinned-h2d,14,175,589824,31,17.7199
pageable-staging-h2d,14,175,589824,85,6.46255
fread-pinned,15,63,720896,109,6.15951
pageable-pinned,15,63,720896,70,9.59124
pinned-h2d,15,63,720896,36,18.6496
pageable-staging-h2d,15,63,720896,106,6.33384
fread-pinned,15,134,720896,76,8.83404
pageable-pinned,15,134,720896,46,14.5954
pinned-h2d,15,134,720896,36,18.6496
pageable-staging-h2d,15,134,720896,82,8.18764
fread-pinned,15,64,720896,86,7.80682
pageable-pinned,15,64,720896,39,17.215
pinned-h2d,15,64,720896,36,18.6496
pageable-staging-h2d,15,64,720896,75,8.95182
fread-pinned,15,143,589824,87,6.31398
pageable-pinned,15,143,589824,39,14.085
pinned-h2d,15,143,589824,30,18.3105
pageable-staging-h2d,15,143,589824,69,7.96111
fread-pinned,15,236,720896,88,7.62939
pageable-pinned,15,236,720896,50,13.4277
pinned-h2d,15,236,720896,36,18.6496
pageable-staging-h2d,15,236,720896,86,7.80682
fread-pinned,15,153,720896,81,8.28872
pageable-pinned,15,153,720896,47,14.2848
pinned-h2d,15,153,720896,36,18.6496
pageable-staging-h2d,15,153,720896,83,8.089
fread-pinned,15,72,589824,64,8.58307
pageable-pinned,15,72,589824,30,18.3105
pinned-h2d,15,72,589824,31,17.7199
pageable-staging-h2d,15,72,589824,61,9.00519
fread-pinned,15,250,860160,116,6.90592
pageable-pinned,15,250,860160,55,14.5652
pinned-h2d,15,250,860160,41,19.5387
pageable-staging-h2d,15,250,860160,96,8.34465
fread-pinned,15,73,589824,77,7.13398
pageable-pinned,15,73,589824,39,14.085
pinned-h2d,15,73,589824,31,17.7199
pageable-staging-h2d,15,73,589824,70,7.84738
fread-pinned,15,214,589824,70,7.84738
pageable-pinned,15,214,589824,37,14.8464
pinned-h2d,15,214,589824,30,18.3105
pageable-staging-h2d,15,214,589824,67,8.19875
fread-pinned,15,151,589824,65,8.45102
pageable-pinned,15,151,589824,41,13.398
pinned-h2d,15,151,589824,31,17.7199
pageable-staging-h2d,15,151,589824,72,7.62939
fread-pinned,15,119,589824,92,5.97083
pageable-pinned,15,119,589824,40,13.7329
pinned-h2d,15,119,589824,30,18.3105
pageable-staging-h2d,15,119,589824,70,7.84738
fread-pinned,15,8,589824,65,8.45102
pageable-pinned,15,8,589824,38,14.4557
pinned-h2d,15,8,589824,31,17.7199
pageable-staging-h2d,15,8,589824,69,7.96111
fread-pinned,15,20,589824,83,6.61827
pageable-pinned,15,20,589824,42,13.079
pinned-h2d,15,20,589824,30,18.3105
pageable-staging-h2d,15,20,589824,72,7.62939
fread-pinned,15,170,589824,82,6.69898
pageable-pinned,15,170,589824,32,17.1661
pinned-h2d,15,170,589824,30,18.3105
pageable-staging-h2d,15,170,589824,62,8.85994
fread-pinned,15,252,589824,81,6.78168
pageable-pinned,15,252,589824,38,14.4557
pinned-h2d,15,252,589824,31,17.7199
pageable-staging-h2d,15,252,589824,69,7.96111
fread-pinned,15,78,589824,80,6.86646
pageable-pinned,15,78,589824,44,12.4845
pinned-h2d,15,78,589824,30,18.3105
pageable-staging-h2d,15,78,589824,74,7.42319
fread-pinned,15,166,720896,79,8.49857
pageable-pinned,15,166,720896,51,13.1644
pinned-h2d,15,166,720896,36,18.6496
pageable-staging-h2d,15,166,720896,87,7.71709
fread-pinned,15,195,589824,89,6.17209
pageable-pinned,15,195,589824,54,10.1725
pinned-h2d,15,195,589824,30,18.3105
pageable-staging-h2d,15,195,589824,84,6.53948
fread-pinned,15,22,589824,94,5.84379
pageable-pinned,15,22,589824,64,8.58307
pinned-h2d,15,22,589824,30,18.3105
pageable-staging-h2d,15,22,589824,94,5.84379
fread-pinned,15,190,589824,84,6.53948
pageable-pinned,15,190,589824,60,9.15527
pinned-h2d,15,190,589824,29,18.9419
pageable-staging-h2d,15,190,589824,89,6.17209
fread-pinned,15,29,589824,79,6.95337
pageable-pinned,15,29,589824,43,12.7748
pinned-h2d,15,29,589824,30,18.3105
pageable-staging-h2d,15,29,589824,73,7.52488
fread-pinned,15,84,589824,83,6.61827
pageable-pinned,15,84,589824,62,8.85994
pinned-h2d,15,84,589824,30,18.3105
pageable-staging-h2d,15,84,589824,92,5.97083
fread-pinned,15,70,720896,104,6.45564
pageable-pinned,15,70,720896,57,11.7787
pinned-h2d,15,70,720896,35,19.1825
pageable-staging-h2d,15,70,720896,92,7.29768
fread-pinned,15,102,720896,117,5.73835
pageable-pinned,15,102,720896,72,9.32482
pinned-h2d,15,102,720896,35,19.1825
pageable-staging-h2d,15,102,720896,107,6.27464
fread-pinned,15,42,589824,88,6.24223
pageable-pinned,15,42,589824,58,9.47097
pinned-h2d,15,42,589824,30,18.3105
pageable-staging-h2d,15,42,589824,88,6.24223
fread-pinned,15,171,589824,82,6.69898
pageable-pinned,15,171,589824,47,11.6876
pinned-h2d,15,171,589824,30,18.3105
pageable-staging-h2d,15,171,589824,77,7.13398
fread-pinned,15,124,589824,77,7.13398
pageable-pinned,15,124,589824,57,9.63713
pinned-h2d,15,124,589824,30,18.3105
pageable-staging-h2d,15,124,589824,87,6.31398
fread-pinned,15,131,589824,75,7.32422
pageable-pinned,15,131,589824,58,9.47097
pinned-h2d,15,131,589824,30,18.3105
pageable-staging-h2d,15,131,589824,88,6.24223
fread-pinned,15,137,589824,75,7.32422
pageable-pinned,15,137,589824,37,14.8464
pinned-h2d,15,137,589824,30,18.3105
pageable-staging-h2d,15,137,589824,67,8.19875
fread-pinned,15,240,589824,71,7.73685
pageable-pinned,15,240,589824,42,13.079
pinned-h2d,15,240,589824,31,17.7199
pageable-staging-h2d,15,240,589824,73,7.52488
fread-pinned,15,176,589824,78,7.04252
pageable-pinned,15,176,589824,40,13.7329
pinned-h2d,15,176,589824,30,18.3105
pageable-staging-h2d,15,176,589824,70,7.84738
fread-pinned,15,81,589824,79,6.95337
pageable-pinned,15,81,589824,41,13.398
pinned-h2d,15,81,589824,31,17.7199
pageable-staging-h2d,15,81,589824,72,7.62939
fread-pinned,15,141,720896,91,7.37788
pageable-pinned,15,141,720896,55,12.207
pinned-h2d,15,141,720896,35,19.1825
pageable-staging-h2d,15,141,720896,90,7.45985
fread-pinned,15,217,860160,94,8.5222
pageable-pinned,15,217,860160,61,13.1326
pinned-h2d,15,217,860160,42,19.0735
pageable-staging-h2d,15,217,860160,103,7.77754
fread-pinned,15,230,720896,85,7.89867
pageable-pinned,15,230,720896,64,10.4904
pinned-h2d,15,230,720896,36,18.6496
pageable-staging-h2d,15,230,720896,100,6.71387
fread-pinned,15,212,720896,95,7.06723
pageable-pinned,15,212,720896,52,12.9113
pinned-h2d,15,212,720896,35,19.1825
pageable-staging-h2d,15,212,720896,87,7.71709
fread-pinned,15,34,589824,97,5.66306
pageable-pinned,15,34,589824,60,9.15527
pinned-h2d,15,34,589824,31,17.7199
pageable-staging-h2d,15,34,589824,91,6.03644
fread-pinned,15,52,589824,86,6.3874
pageable-pinned,15,52,589824,52,10.5638
pinned-h2d,15,52,589824,30,18.3105
pageable-staging-h2d,15,52,589824,82,6.69898
fread-pinned,15,157,589824,80,6.86646
pageable-pinned,15,157,589824,59,9.31045
pinned-h2d,15,157,589824,31,17.7199
pageable-staging-h2d,15,157,589824,90,6.10352
fread-pinned,15,161,589824,82,6.69898
pageable-pinned,15,161,589824,60,9.15527
pinned-h2d,15,161,589824,30,18.3105
pageable-staging-h2d,15,161,589824,90,6.10352
fread-pinned,15,5,720896,91,7.37788
pageable-pinned,15,5,720896,63,10.6569
pinned-h2d,15,5,720896,35,19.1825
pageable-staging-h2d,15,5,720896,98,6.85088
fread-pinned,15,66,589824,86,6.3874
pageable-pinned,15,66,589824,44,12.4845
pinned-h2d,15,66,589824,30,18.3105
pageable-staging-h2d,15,66,589824,74,7.42319
fread-pinned,15,113,589824,79,6.95337
pageable-pinned,15,113,589824,58,9.47097
pinned-h2d,15,113,589824,30,18.3105
pageable-staging-h2d,15,113,589824,88,6.24223
fread-pinned,15,225,589824,72,7.62939
pageable-pinned,15,225,589824,48,11.4441
pinned-h2d,15,225,589824,30,18.3105
pageable-staging-h2d,15,225,589824,78,7.04252
fread-pinned,15,47,589824,89,6.17209
pageable-pinned,15,47,589824,57,9.63713
pinned-h2d,15,47,589824,31,17.7199
pageable-staging-h2d,15,47,589824,88,6.24223
fread-pinned,15,33,589824,95,5.78228
pageable-pinned,15,33,589824,43,12.7748
pinned-h2d,15,33,589824,30,18.3105
pageable-staging-h2d,15,33,589824,73,7.52488
fread-pinned,15,57,720896,99,6.78168
pageable-pinned,15,57,720896,52,12.9113
pinned-h2d,15,57,720896,35,19.1825
pageable-staging-h2d,15,57,720896,87,7.71709
fread-pinned,15,205,720896,105,6.39416
pageable-pinned,15,205,720896,53,12.6677
pinned-h2d,15,205,720896,35,19.1825
pageable-staging-h2d,15,205,720896,88,7.62939
fread-pinned,15,207,589824,72,7.62939
pageable-pinned,15,207,589824,39,14.085
pinned-h2d,15,207,589824,30,18.3105
pageable-staging-h2d,15,207,589824,69,7.96111
fread-pinned,15,155,589824,79,6.95337
pageable-pinned,15,155,589824,42,13.079
pinned-h2d,15,155,589824,30,18.3105
pageable-staging-h2d,15,155,589824,72,7.62939
fread-pinned,15,71,589824,79,6.95337
pageable-pinned,15,71,589824,35,15.6948
pinned-h2d,15,71,589824,31,17.7199
pageable-staging-h2d,15,71,589824,66,8.32298
fread-pinned,15,97,589824,105,5.23158
pageable-pinned,15,97,589824,67,8.19875
pinned-h2d,15,97,589824,30,18.3105
pageable-staging-h2d,15,97,589824,97,5.66306
fread-pinned,15,251,589824,81,6.78168
pageable-pinned,15,251,589824,57,9.63713
pinned-h2d,15,251,589824,30,18.3105
pageable-staging-h2d,15,251,589824,87,6.31398
fread-pinned,15,40,589824,88,6.24223
pageable-pinned,15,40,589824,52,10.5638
pinned-h2d,15,40,589824,30,18.3105
pageable-staging-h2d,15,40,589824,82,6.69898
fread-pinned,15,197,589824,68,8.07818
pageable-pinned,15,197,589824,47,11.6876
pinned-h2d,15,197,589824,30,18.3105
pageable-staging-h2d,15,197,589824,77,7.13398
fread-pinned,15,24,720896,115,5.83815
pageable-pinned,15,24,720896,74,9.07279
pinned-h2d,15,24,720896,36,18.6496
pageable-staging-h2d,15,24,720896,110,6.10352
fread-pinned,15,198,720896,96,6.99361
pageable-pinned,15,198,720896,72,9.32482
pinned-h2d,15,198,720896,35,19.1825
pageable-staging-h2d,15,198,720896,107,6.27464
fread-pinned,15,247,589824,72,7.62939
pageable-pinned,15,247,589824,53,10.3645
pinned-h2d,15,247,589824,31,17.7199
pageable-staging-h2d,15,247,589824,84,6.53948
fread-pinned,15,130,589824,70,7.84738
pageable-pinned,15,130,589824,47,11.6876
pinned-h2d,15,130,589824,30,18.3105
pageable-staging-h2d,15,130,589824,77,7.13398
fread-pinned,15,173,720896,124,5.41441
pageable-pinned,15,173,720896,83,8.089
pinned-h2d,15,173,720896,36,18.6496
pageable-staging-h2d,15,173,720896,119,5.64191
fread-pinned,15,196,589824,76,7.22785
pageable-pinned,15,196,589824,53,10.3645
pinned-h2d,15,196,589824,30,18.3105
pageable-staging-h2d,15,196,589824,83,6.61827
fread-pinned,15,222,589824,76,7.22785
pageable-pinned,15,222,589824,47,11.6876
pinned-h2d,15,222,589824,30,18.3105
pageable-staging-h2d,15,222,589824,77,7.13398
fread-pinned,15,36,589824,89,6.17209
pageable-pinned,15,36,589824,44,12.4845
pinned-h2d,15,36,589824,32,17.1661
pageable-staging-h2d,15,36,589824,76,7.22785
fread-pinned,15,100,589824,79,6.95337
pageable-pinned,15,100,589824,34,16.1564
pinned-h2d,15,100,589824,31,17.7199
pageable-staging-h2d,15,100,589824,65,8.45102
fread-pinned,15,82,720896,106,6.33384
pageable-pinned,15,82,720896,55,12.207
pinned-h2d,15,82,720896,36,18.6496
pageable-staging-h2d,15,82,720896,91,7.37788
fread-pinned,15,7,589824,65,8.45102
pageable-pinned,15,7,589824,39,14.085
pinned-h2d,15,7,589824,32,17.1661
pageable-staging-h2d,15,7,589824,71,7.73685
fread-pinned,15,255,860160,102,7.85379
pageable-pinned,15,255,860160,59,13.5777
pinned-h2d,15,255,860160,42,19.0735
pageable-staging-h2d,15,255,860160,101,7.93155
fread-pinned,15,93,589824,72,7.62939
pageable-pinned,15,93,589824,43,12.7748
pinned-h2d,15,93,589824,32,17.1661
pageable-staging-h2d,15,93,589824,75,7.32422
fread-pinned,15,215,589824,71,7.73685
pageable-pinned,15,215,589824,42,13.079
pinned-h2d,15,215,589824,31,17.7199
pageable-staging-h2d,15,215,589824,73,7.52488
fread-pinned,15,200,589824,79,6.95337
pageable-pinned,15,200,589824,42,13.079
pinned-h2d,15,200,589824,31,17.7199
pageable-staging-h2d,15,200,589824,73,7.52488
fread-pinned,15,245,589824,78,7.04252
pageable-pinned,15,245,589824,35,15.6948
pinned-h2d,15,245,589824,30,18.3105
pageable-staging-h2d,15,245,589824,65,8.45102
fread-pinned,15,58,589824,73,7.52488
pageable-pinned,15,58,589824,33,16.646
pinned-h2d,15,58,589824,30,18.3105
pageable-staging-h2d,15,58,589824,63,8.71931
fread-pinned,15,206,589824,70,7.84738
pageable-pinned,15,206,589824,40,13.7329
pinned-h2d,15,206,589824,30,18.3105
pageable-staging-h2d,15,206,589824,70,7.84738
fread-pinned,15,37,720896,82,8.18764
pageable-pinned,15,37,720896,49,13.7018
pinned-h2d,15,37,720896,36,18.6496
pageable-staging-h2d,15,37,720896,85,7.89867
fread-pinned,15,136,589824,95,5.78228
pageable-pinned,15,136,589824,53,10.3645
pinned-h2d,15,136,589824,31,17.7199
pageable-staging-h2d,15,136,589824,84,6.53948
fread-pinned,15,67,589824,99,5.54865
pageable-pinned,15,67,589824,62,8.85994
pinned-h2d,15,67,589824,30,18.3105
pageable-staging-h2d,15,67,589824,92,5.97083
fread-pinned,15,79,589824,87,6.31398
pageable-pinned,15,79,589824,50,10.9863
pinned-h2d,15,79,589824,31,17.7199
pageable-staging-h2d,15,79,589824,81,6.78168
fread-pinned,15,39,589824,99,5.54865
pageable-pinned,15,39,589824,60,9.15527
pinned-h2d,15,39,589824,30,18.3105
pageable-staging-h2d,15,39,589824,90,6.10352
fread-pinned,15,55,589824,97,5.66306
pageable-pinned,15,55,589824,58,9.47097
pinned-h2d,15,55,589824,30,18.3105
pageable-staging-h2d,15,55,589824,88,6.24223
fread-pinned,15,38,720896,121,5.54865
pageable-pinned,15,38,720896,83,8.089
pinned-h2d,15,38,720896,36,18.6496
pageable-staging-h2d,15,38,720896,119,5.64191
fread-pinned,15,204,720896,104,6.45564
pageable-pinned,15,204,720896,75,8.95182
pinned-h2d,15,204,720896,35,19.1825
pageable-staging-h2d,15,204,720896,110,6.10352
fread-pinned,15,199,720896,103,6.51832
pageable-pinned,15,199,720896,81,8.28872
pinned-h2d,15,199,720896,35,19.1825
pageable-staging-h2d,15,199,720896,116,5.78782
fread-pinned,15,54,589824,90,6.10352
pageable-pinned,15,54,589824,52,10.5638
pinned-h2d,15,54,589824,31,17.7199
pageable-staging-h2d,15,54,589824,83,6.61827
fread-pinned,15,41,589824,80,6.86646
pageable-pinned,15,41,589824,49,11.2105
pinned-h2d,15,41,589824,30,18.3105
pageable-staging-h2d,15,41,589824,79,6.95337
fread-pinned,15,147,720896,98,6.85088
pageable-pinned,15,147,720896,53,12.6677
pinned-h2d,15,147,720896,35,19.1825
pageable-staging-h2d,15,147,720896,88,7.62939
fread-pinned,15,12,720896,78,8.60752
pageable-pinned,15,12,720896,50,13.4277
pinned-h2d,15,12,720896,36,18.6496
pageable-staging-h2d,15,12,720896,86,7.80682
fread-pinned,15,117,589824,68,8.07818
pageable-pinned,15,117,589824,35,15.6948
pinned-h2d,15,117,589824,31,17.7199
pageable-staging-h2d,15,117,589824,66,8.32298
fread-pinned,15,44,720896,100,6.71387
pageable-pinned,15,44,720896,47,14.2848
pinned-h2d,15,44,720896,36,18.6496
pageable-staging-h2d,15,44,720896,83,8.089
fread-pinned,15,135,589824,67,8.19875
pageable-pinned,15,135,589824,42,13.079
pinned-h2d,15,135,589824,31,17.7199
pageable-staging-h2d,15,135,589824,73,7.52488
fread-pinned,15,244,860160,111,7.21699
pageable-pinned,15,244,860160,65,12.3244
pinned-h2d,15,244,860160,43,18.6299
pageable-staging-h2d,15,244,860160,108,7.41747
fread-pinned,15,158,589824,65,8.45102
pageable-pinned,15,158,589824,37,14.8464
pinned-h2d,15,158,589824,31,17.7199
pageable-staging-h2d,15,158,589824,68,8.07818
fread-pinned,15,164,589824,67,8.19875
pageable-pinned,15,164,589824,40,13.7329
pinned-h2d,15,164,589824,31,17.7199
pageable-staging-h2d,15,164,589824,71,7.73685
fread-pinned,15,32,720896,101,6.64739
pageable-pinned,15,32,720896,51,13.1644
pinned-h2d,15,32,720896,36,18.6496
pageable-staging-h2d,15,32,720896,87,7.71709
fread-pinned,15,201,589824,79,6.95337
pageable-pinned,15,201,589824,40,13.7329
pinned-h2d,15,201,589824,31,17.7199
pageable-staging-h2d,15,201,589824,71,7.73685
fread-pinned,15,132,589824,61,9.00519
pageable-pinned,15,132,589824,33,16.646
pinned-h2d,15,132,589824,31,17.7199
pageable-staging-h2d,15,132,589824,64,8.58307
fread-pinned,15,133,720896,85,7.89867
pageable-pinned,15,133,720896,50,13.4277
pinned-h2d,15,133,720896,36,18.6496
pageable-staging-h2d,15,133,720896,86,7.80682
fread-pinned,15,125,589824,77,7.13398
pageable-pinned,15,125,589824,40,13.7329
pinned-h2d,15,125,589824,31,17.7199
pageable-staging-h2d,15,125,589824,71,7.73685
fread-pinned,15,1,589824,70,7.84738
pageable-pinned,15,1,589824,44,12.4845
pinned-h2d,15,1,589824,31,17.7199
pageable-staging-h2d,15,1,589824,75,7.32422
fread-pinned,15,53,589824,80,6.86646
pageable-pinned,15,53,589824,38,14.4557
pinned-h2d,15,53,589824,30,18.3105
pageable-staging-h2d,15,53,589824,68,8.07818
fread-pinned,15,115,720896,104,6.45564
pageable-pinned,15,115,720896,50,13.4277
pinned-h2d,15,115,720896,36,18.6496
pageable-staging-h2d,15,115,720896,86,7.80682
fread-pinned,15,232,589824,65,8.45102
pageable-pinned,15,232,589824,40,13.7329
pinned-h2d,15,232,589824,30,18.3105
pageable-staging-h2d,15,232,589824,70,7.84738
fread-pinned,15,90,589824,71,7.73685
pageable-pinned,15,90,589824,38,14.4557
pinned-h2d,15,90,589824,30,18.3105
pageable-staging-h2d,15,90,589824,68,8.07818
fread-pinned,15,175,589824,79,6.95337
pageable-pinned,15,175,589824,35,15.6948
pinned-h2d,15,175,589824,31,17.7199
pageable-staging-h2d,15,175,589824,66,8.32298
fread-pinned,15,191,720896,79,8.49857
pageable-pinned,15,191,720896,48,13.9872
pinned-h2d,15,191,720896,36,18.6496
pageable-staging-h2d,15,191,720896,84,7.9927
fread-pinned,15,183,589824,69,7.96111
pageable-pinned,15,183,589824,44,12.4845
pinned-h2d,15,183,589824,32,17.1661
pageable-staging-h2d,15,183,589824,76,7.22785
fread-pinned,15,86,589824,71,7.73685
pageable-pinned,15,86,589824,43,12.7748
pinned-h2d,15,86,589824,31,17.7199
pageable-staging-h2d,15,86,589824,74,7.42319
fread-pinned,15,122,720896,86,7.80682
pageable-pinned,15,122,720896,54,12.4331
pinned-h2d,15,122,720896,35,19.1825
pageable-staging-h2d,15,122,720896,89,7.54367
fread-pinned,15,192,720896,102,6.58222
pageable-pinned,15,192,720896,48,13.9872
pinned-h2d,15,192,720896,36,18.6496
pageable-staging-h2d,15,192,720896,84,7.9927
fread-pinned,15,110,589824,63,8.71931
pageable-pinned,15,110,589824,34,16.1564
pinned-h2d,15,110,589824,30,18.3105
pageable-staging-h2d,15,110,589824,64,8.58307
fread-pinned,15,237,720896,86,7.80682
pageable-pinned,15,237,720896,50,13.4277
pinned-h2d,15,237,720896,36,18.6496
pageable-staging-h2d,15,237,720896,86,7.80682
fread-pinned,15,103,589824,74,7.42319
pageable-pinned,15,103,589824,39,14.085
pinned-h2d,15,103,589824,30,18.3105
pageable-staging-h2d,15,103,589824,69,7.96111
fread-pinned,15,92,589824,78,7.04252
pageable-pinned,15,92,589824,42,13.079
pinned-h2d,15,92,589824,31,17.7199
pageable-staging-h2d,15,92,589824,73,7.52488
fread-pinned,15,213,589824,76,7.22785
pageable-pinned,15,213,589824,42,13.079
pinned-h2d,15,213,589824,31,17.7199
pageable-staging-h2d,15,213,589824,73,7.52488
fread-pinned,15,243,860160,101,7.93155
pageable-pinned,15,243,860160,79,10.1403
pinned-h2d,15,243,860160,42,19.0735
pageable-staging-h2d,15,243,860160,121,6.62055
fread-pinned,15,209,589824,72,7.62939
pageable-pinned,15,209,589824,47,11.6876
pinned-h2d,15,209,589824,32,17.1661
pageable-staging-h2d,15,209,589824,79,6.95337
fread-pinned,15,21,589824,93,5.90663
pageable-pinned,15,21,589824,60,9.15527
pinned-h2d,15,21,589824,30,18.3105
pageable-staging-h2d,15,21,589824,90,6.10352
fread-pinned,15,156,589824,83,6.61827
pageable-pinned,15,156,589824,59,9.31045
pinned-h2d,15,156,589824,30,18.3105
pageable-staging-h2d,15,156,589824,89,6.17209
fread-pinned,15,179,720896,125,5.37109
pageable-pinned,15,179,720896,76,8.83404
pinned-h2d,15,179,720896,35,19.1825
pageable-staging-h2d,15,179,720896,111,6.04853
fread-pinned,15,180,589824,71,7.73685
pageable-pinned,15,180,589824,42,13.079
pinned-h2d,15,180,589824,31,17.7199
pageable-staging-h2d,15,180,589824,73,7.52488
fread-pinned,15,101,720896,114,5.88936
pageable-pinned,15,101,720896,71,9.45615
pinned-h2d,15,101,720896,36,18.6496
pageable-staging-h2d,15,101,720896,107,6.27464
fread-pinned,15,76,720896,110,6.10352
pageable-pinned,15,76,720896,62,10.8288
pinned-h2d,15,76,720896,35,19.1825
pageable-staging-h2d,15,76,720896,97,6.92151
fread-pinned,15,194,589824,76,7.22785
pageable-pinned,15,194,589824,45,12.207
pinned-h2d,15,194,589824,31,17.7199
pageable-staging-h2d,15,194,589824,76,7.22785
fread-pinned,15,94,589824,79,6.95337
pageable-pinned,15,94,589824,57,9.63713
pinned-h2d,15,94,589824,29,18.9419
pageable-staging-h2d,15,94,589824,86,6.3874
fread-pinned,15,30,720896,109,6.15951
pageable-pinned,15,30,720896,76,8.83404
pinned-h2d,15,30,720896,34,19.7467
pageable-staging-h2d,15,30,720896,110,6.10352
fread-pinned,15,241,589824,73,7.52488
pageable-pinned,15,241,589824,41,13.398
pinned-h2d,15,241,589824,30,18.3105
pageable-staging-h2d,15,241,589824,71,7.73685
fread-pinned,15,111,589824,80,6.86646
pageable-pinned,15,111,589824,36,15.2588
pinned-h2d,15,111,589824,34,16.1564
pageable-staging-h2d,15,111,589824,70,7.84738
fread-pinned,15,109,720896,115,5.83815
pageable-pinned,15,109,720896,45,14.9197
pinned-h2d,15,109,720896,36,18.6496
pageable-staging-h2d,15,109,720896,81,8.28872
fread-pinned,15,208,589824,69,7.96111
pageable-pinned,15,208,589824,41,13.398
pinned-h2d,15,208,589824,31,17.7199
pageable-staging-h2d,15,208,589824,72,7.62939
fread-pinned,15,254,589824,78,7.04252
pageable-pinned,15,254,589824,42,13.079
pinned-h2d,15,254,589824,31,17.7199
pageable-staging-h2d,15,254,589824,73,7.52488
fread-pinned,15,121,720896,94,7.14241
pageable-pinned,15,121,720896,45,14.9197
pinned-h2d,15,121,720896,35,19.1825
pageable-staging-h2d,15,121,720896,80,8.39233
fread-pinned,15,59,589824,86,6.3874
pageable-pinned,15,59,589824,43,12.7748
pinned-h2d,15,59,589824,31,17.7199
pageable-staging-h2d,15,59,589824,74,7.42319
fread-pinned,15,65,589824,78,7.04252
pageable-pinned,15,65,589824,36,15.2588
pinned-h2d,15,65,589824,30,18.3105
pageable-staging-h2d,15,65,589824,66,8.32298
fread-pinned,15,9,589824,65,8.45102
pageable-pinned,15,9,589824,37,14.8464
pinned-h2d,15,9,589824,30,18.3105
pageable-staging-h2d,15,9,589824,67,8.19875
fread-pinned,15,108,720896,110,6.10352
pageable-pinned,15,108,720896,47,14.2848
pinned-h2d,15,108,720896,35,19.1825
pageable-staging-h2d,15,108,720896,82,8.18764
fread-pinned,15,49,589824,86,6.3874
pageable-pinned,15,49,589824,41,13.398
pinned-h2d,15,49,589824,31,17.7199
pageable-staging-h2d,15,49,589824,72,7.62939
fread-pinned,15,95,720896,91,7.37788
pageable-pinned,15,95,720896,55,12.207
pinned-h2d,15,95,720896,36,18.6496
pageable-staging-h2d,15,95,720896,91,7.37788
fread-pinned,15,112,589824,68,8.07818
pageable-pinned,15,112,589824,40,13.7329
pinned-h2d,15,112,589824,31,17.7199
pageable-staging-h2d,15,112,589824,71,7.73685
fread-pinned,15,218,860160,105,7.62939
pageable-pinned,15,218,860160,60,13.3514
pinned-h2d,15,218,860160,42,19.0735
pageable-staging-h2d,15,218,860160,102,7.85379
fread-pinned,15,88,720896,89,7.54367
pageable-pinned,15,88,720896,51,13.1644
pinned-h2d,15,88,720896,36,18.6496
pageable-staging-h2d,15,88,720896,87,7.71709
fread-pinned,15,120,720896,114,5.88936
pageable-pinned,15,120,720896,50,13.4277
pinned-h2d,15,120,720896,37,18.1456
pageable-staging-h2d,15,120,720896,87,7.71709
fread-pinned,15,105,589824,88,6.24223
pageable-pinned,15,105,589824,39,14.085
pinned-h2d,15,105,589824,31,17.7199
pageable-staging-h2d,15,105,589824,70,7.84738
fread-pinned,15,229,589824,83,6.61827
pageable-pinned,15,229,589824,57,9.63713
pinned-h2d,15,229,589824,31,17.7199
pageable-staging-h2d,15,229,589824,88,6.24223
fread-pinned,15,16,589824,97,5.66306
pageable-pinned,15,16,589824,58,9.47097
pinned-h2d,15,16,589824,30,18.3105
pageable-staging-h2d,15,16,589824,88,6.24223
fread-pinned,15,51,720896,124,5.41441
pageable-pinned,15,51,720896,76,8.83404
pinned-h2d,15,51,720896,36,18.6496
pageable-staging-h2d,15,51,720896,112,5.99452
fread-pinned,15,220,589824,79,6.95337
pageable-pinned,15,220,589824,58,9.47097
pinned-h2d,15,220,589824,30,18.3105
pageable-staging-h2d,15,220,589824,88,6.24223
fread-pinned,15,154,720896,132,5.08626
pageable-pinned,15,154,720896,79,8.49857
pinned-h2d,15,154,720896,35,19.1825
pageable-staging-h2d,15,154,720896,114,5.88936
fread-pinned,15,2,589824,78,7.04252
pageable-pinned,15,2,589824,61,9.00519
pinned-h2d,15,2,589824,31,17.7199
pageable-staging-h2d,15,2,589824,92,5.97083
fread-pinned,15,184,589824,81,6.78168
pageable-pinned,15,184,589824,62,8.85994
pinned-h2d,15,184,589824,30,18.3105
pageable-staging-h2d,15,184,589824,92,5.97083
fread-pinned,15,31,720896,121,5.54865
pageable-pinned,15,31,720896,77,8.71931
pinned-h2d,15,31,720896,36,18.6496
pageable-staging-h2d,15,31,720896,113,5.94148
fread-pinned,15,148,589824,81,6.78168
pageable-pinned,15,148,589824,62,8.85994
pinned-h2d,15,148,589824,30,18.3105
pageable-staging-h2d,15,148,589824,92,5.97083
fread-pinned,15,174,589824,101,5.43878
pageable-pinned,15,174,589824,61,9.00519
pinned-h2d,15,174,589824,30,18.3105
pageable-staging-h2d,15,174,589824,91,6.03644
fread-pinned,15,48,589824,76,7.22785
pageable-pinned,15,48,589824,36,15.2588
pinned-h2d,15,48,589824,32,17.1661
pageable-staging-h2d,15,48,589824,68,8.07818
fread-pinned,15,60,589824,84,6.53948
pageable-pinned,15,60,589824,42,13.079
pinned-h2d,15,60,589824,31,17.7199
pageable-staging-h2d,15,60,589824,73,7.52488
fread-pinned,15,181,589824,68,8.07818
pageable-pinned,15,181,589824,40,13.7329
pinned-h2d,15,181,589824,31,17.7199
pageable-staging-h2d,15,181,589824,71,7.73685
fread-pinned,15,238,589824,80,6.86646
pageable-pinned,15,238,589824,39,14.085
pinned-h2d,15,238,589824,31,17.7199
pageable-staging-h2d,15,238,589824,70,7.84738
fread-pinned,15,28,589824,82,6.69898
pageable-pinned,15,28,589824,36,15.2588
pinned-h2d,15,28,589824,31,17.7199
pageable-staging-h2d,15,28,589824,67,8.19875
fread-pinned,15,248,589824,70,7.84738
pageable-pinned,15,248,589824,41,13.398
pinned-h2d,15,248,589824,31,17.7199
pageable-staging-h2d,15,248,589824,72,7.62939
fread-pinned,15,163,589824,71,7.73685
pageable-pinned,15,163,589824,41,13.398
pinned-h2d,15,163,589824,30,18.3105
pageable-staging-h2d,15,163,589824,71,7.73685
fread-pinned,15,227,589824,72,7.62939
pageable-pinned,15,227,589824,40,13.7329
pinned-h2d,15,227,589824,30,18.3105
pageable-staging-h2d,15,227,589824,70,7.84738
fread-pinned,15,145,589824,90,6.10352
pageable-pinned,15,145,589824,40,13.7329
pinned-h2d,15,145,589824,31,17.7199
pageable-staging-h2d,15,145,589824,71,7.73685
fread-pinned,15,223,860160,106,7.55742
pageable-pinned,15,223,860160,65,12.3244
pinned-h2d,15,223,860160,42,19.0735
pageable-staging-h2d,15,223,860160,107,7.48679
fread-pinned,15,233,589824,76,7.22785
pageable-pinned,15,233,589824,43,12.7748
pinned-h2d,15,233,589824,31,17.7199
pageable-staging-h2d,15,233,589824,74,7.42319
fread-pinned,15,203,589824,70,7.84738
pageable-pinned,15,203,589824,41,13.398
pinned-h2d,15,203,589824,30,18.3105
pageable-staging-h2d,15,203,589824,71,7.73685
fread-pinned,15,226,589824,75,7.32422
pageable-pinned,15,226,589824,40,13.7329
pinned-h2d,15,226,589824,31,17.7199
pageable-staging-h2d,15,226,589824,71,7.73685
fread-pinned,15,178,720896,99,6.78168
pageable-pinned,15,178,720896,47,14.2848
pinned-h2d,15,178,720896,37,18.1456
pageable-staging-h2d,15,178,720896,84,7.9927
fread-pinned,15,149,589824,68,8.07818
pageable-pinned,15,149,589824,42,13.079
pinned-h2d,15,149,589824,30,18.3105
pageable-staging-h2d,15,149,589824,72,7.62939
fread-pinned,15,187,589824,80,6.86646
pageable-pinned,15,187,589824,42,13.079
pinned-h2d,15,187,589824,31,17.7199
pageable-staging-h2d,15,187,589824,73,7.52488
fread-pinned,15,19,720896,89,7.54367
pageable-pinned,15,19,720896,47,14.2848
pinned-h2d,15,19,720896,36,18.6496
pageable-staging-h2d,15,19,720896,83,8.089
fread-pinned,15,126,589824,82,6.69898
pageable-pinned,15,126,589824,39,14.085
pinned-h2d,15,126,589824,30,18.3105
pageable-staging-h2d,15,126,589824,69,7.96111
fread-pinned,15,219,589824,70,7.84738
pageable-pinned,15,219,589824,43,12.7748
pinned-h2d,15,219,589824,32,17.1661
pageable-staging-h2d,15,219,589824,75,7.32422
fread-pinned,15,0,589824,64,8.58307
pageable-pinned,15,0,589824,33,16.646
pinned-h2d,15,0,589824,31,17.7199
pageable-staging-h2d,15,0,589824,64,8.58307
fread-pinned,15,129,589824,73,7.52488
pageable-pinned,15,129,589824,41,13.398
pinned-h2d,15,129,589824,31,17.7199
pageable-staging-h2d,15,129,589824,72,7.62939
fread-pinned,15,85,589824,74,7.42319
pageable-pinned,15,85,589824,44,12.4845
pinned-h2d,15,85,589824,30,18.3105
pageable-staging-h2d,15,85,589824,74,7.42319
fread-pinned,15,182,589824,68,8.07818
pageable-pinned,15,182,589824,41,13.398
pinned-h2d,15,182,589824,32,17.1661
pageable-staging-h2d,15,182,589824,73,7.52488
fread-pinned,15,249,860160,107,7.48679
pageable-pinned,15,249,860160,63,12.7157
pinned-h2d,15,249,860160,42,19.0735
pageable-staging-h2d,15,249,860160,105,7.62939
fread-pinned,15,75,720896,107,6.27464
pageable-pinned,15,75,720896,55,12.207
pinned-h2d,15,75,720896,36,18.6496
pageable-staging-h2d,15,75,720896,91,7.37788
fread-pinned,15,165,720896,83,8.089
pageable-pinned,15,165,720896,46,14.5954
pinned-h2d,15,165,720896,34,19.7467
pageable-staging-h2d,15,165,720896,80,8.39233
fread-pinned,15,172,720896,88,7.62939
pageable-pinned,15,172,720896,48,13.9872
pinned-h2d,15,172,720896,36,18.6496
pageable-staging-h2d,15,172,720896,84,7.9927
fread-pinned,15,242,589824,69,7.96111
pageable-pinned,15,242,589824,39,14.085
pinned-h2d,15,242,589824,30,18.3105
pageable-staging-h2d,15,242,589824,69,7.96111
fread-pinned,15,80,589824,79,6.95337
pageable-pinned,15,80,589824,34,16.1564
pinned-h2d,15,80,589824,30,18.3105
pageable-staging-h2d,15,80,589824,64,8.58307
fread-pinned,15,211,720896,75,8.95182
pageable-pinned,15,211,720896,39,17.215
pinned-h2d,15,211,720896,36,18.6496
pageable-staging-h2d,15,211,720896,75,8.95182
fread-pinned,15,216,589824,62,8.85994
pageable-pinned,15,216,589824,36,15.2588
pinned-h2d,15,216,589824,30,18.3105
pageable-staging-h2d,15,216,589824,66,8.32298
fread-pinned,15,87,589824,68,8.07818
pageable-pinned,15,87,589824,41,13.398
pinned-h2d,15,87,589824,31,17.7199
pageable-staging-h2d,15,87,589824,72,7.62939
fread-pinned,15,210,720896,80,8.39233
pageable-pinned,15,210,720896,47,14.2848
pinned-h2d,15,210,720896,36,18.6496
pageable-staging-h2d,15,210,720896,83,8.089
fread-pinned,15,114,720896,85,7.89867
pageable-pinned,15,114,720896,49,13.7018
pinned-h2d,15,114,720896,36,18.6496
pageable-staging-h2d,15,114,720896,85,7.89867
fread-pinned,15,246,589824,66,8.32298
pageable-pinned,15,246,589824,40,13.7329
pinned-h2d,15,246,589824,31,17.7199
pageable-staging-h2d,15,246,589824,71,7.73685
fread-pinned,15,169,589824,94,5.84379
pageable-pinned,15,169,589824,41,13.398
pinned-h2d,15,169,589824,31,17.7199
pageable-staging-h2d,15,169,589824,72,7.62939
fread-pinned,15,221,589824,82,6.69898
pageable-pinned,15,221,589824,46,11.9417
pinned-h2d,15,221,589824,31,17.7199
pageable-staging-h2d,15,221,589824,77,7.13398
fread-pinned,15,96,720896,80,8.39233
pageable-pinned,15,96,720896,49,13.7018
pinned-h2d,15,96,720896,35,19.1825
pageable-staging-h2d,15,96,720896,84,7.9927
fread-pinned,15,98,589824,81,6.78168
pageable-pinned,15,98,589824,32,17.1661
pinned-h2d,15,98,589824,31,17.7199
pageable-staging-h2d,15,98,589824,63,8.71931
fread-pinned,15,185,720896,82,8.18764
pageable-pinned,15,185,720896,49,13.7018
pinned-h2d,15,185,720896,36,18.6496
pageable-staging-h2d,15,185,720896,85,7.89867
fread-pinned,15,231,720896,85,7.89867
pageable-pinned,15,231,720896,52,12.9113
pinned-h2d,15,231,720896,37,18.1456
pageable-staging-h2d,15,231,720896,89,7.54367
fread-pinned,15,35,589824,83,6.61827
pageable-pinned,15,35,589824,39,14.085
pinned-h2d,15,35,589824,31,17.7199
pageable-staging-h2d,15,35,589824,70,7.84738
fread-pinned,15,10,589824,68,8.07818
pageable-pinned,15,10,589824,41,13.398
pinned-h2d,15,10,589824,30,18.3105
pageable-staging-h2d,15,10,589824,71,7.73685
fread-pinned,15,186,720896,80,8.39233
pageable-pinned,15,186,720896,51,13.1644
pinned-h2d,15,186,720896,36,18.6496
pageable-staging-h2d,15,186,720896,87,7.71709
fread-pinned,15,50,720896,104,6.45564
pageable-pinned,15,50,720896,40,16.7847
pinned-h2d,15,50,720896,36,18.6496
pageable-staging-h2d,15,50,720896,76,8.83404
fread-pinned,15,83,720896,99,6.78168
pageable-pinned,15,83,720896,50,13.4277
pinned-h2d,15,83,720896,36,18.6496
pageable-staging-h2d,15,83,720896,86,7.80682
fread-pinned,15,26,589824,75,7.32422
pageable-pinned,15,26,589824,35,15.6948
pinned-h2d,15,26,589824,30,18.3105
pageable-staging-h2d,15,26,589824,65,8.45102
fread-pinned,15,127,720896,70,9.59124
pageable-pinned,15,127,720896,40,16.7847
pinned-h2d,15,127,720896,37,18.1456
pageable-staging-h2d,15,127,720896,77,8.71931
fread-pinned,15,239,589824,80,6.86646
pageable-pinned,15,239,589824,42,13.079
pinned-h2d,15,239,589824,30,18.3105
pageable-staging-h2d,15,239,589824,72,7.62939
fread-pinned,15,150,589824,86,6.3874
pageable-pinned,15,150,589824,34,16.1564
pinned-h2d,15,150,589824,30,18.3105
pageable-staging-h2d,15,150,589824,64,8.58307
fread-pinned,15,6,720896,94,7.14241
pageable-pinned,15,6,720896,54,12.4331
pinned-h2d,15,6,720896,36,18.6496
pageable-staging-h2d,15,6,720896,90,7.45985
fread-pinned,15,168,589824,84,6.53948
pageable-pinned,15,168,589824,35,15.6948
pinned-h2d,15,168,589824,31,17.7199
pageable-staging-h2d,15,168,589824,66,8.32298
fread-pinned,15,128,720896,96,6.99361
pageable-pinned,15,128,720896,59,11.3794
pinned-h2d,15,128,720896,35,19.1825
pageable-staging-h2d,15,128,720896,94,7.14241
fread-pinned,15,139,589824,77,7.13398
pageable-pinned,15,139,589824,37,14.8464
pinned-h2d,15,139,589824,31,17.7199
pageable-staging-h2d,15,139,589824,68,8.07818
fread-pinned,15,45,589824,93,5.90663
pageable-pinned,15,45,589824,49,11.2105
pinned-h2d,15,45,589824,30,18.3105
pageable-staging-h2d,15,45,589824,79,6.95337
fread-pinned,15,13,589824,82,6.69898
pageable-pinned,15,13,589824,61,9.00519
pinned-h2d,15,13,589824,30,18.3105
pageable-staging-h2d,15,13,589824,91,6.03644
fread-pinned,15,43,720896,115,5.83815
pageable-pinned,15,43,720896,69,9.73024
pinned-h2d,15,43,720896,35,19.1825
pageable-staging-h2d,15,43,720896,104,6.45564
fread-pinned,15,99,589824,94,5.84379
pageable-pinned,15,99,589824,56,9.80922
pinned-h2d,15,99,589824,30,18.3105
pageable-staging-h2d,15,99,589824,86,6.3874
fread-pinned,15,4,589824,75,7.32422
pageable-pinned,15,4,589824,59,9.31045
pinned-h2d,15,4,589824,30,18.3105
pageable-staging-h2d,15,4,589824,89,6.17209
fread-pinned,15,118,589824,98,5.60527
pageable-pinned,15,118,589824,59,9.31045
pinned-h2d,15,118,589824,31,17.7199
pageable-staging-h2d,15,118,589824,90,6.10352
fread-pinned,15,152,589824,100,5.49316
pageable-pinned,15,152,589824,61,9.00519
pinned-h2d,15,152,589824,30,18.3105
pageable-staging-h2d,15,152,589824,91,6.03644
fread-pinned,15,188,589824,84,6.53948
pageable-pinned,15,188,589824,60,9.15527
pinned-h2d,15,188,589824,30,18.3105
pageable-staging-h2d,15,188,589824,90,6.10352
fread-pinned,15,144,589824,99,5.54865
pageable-pinned,15,144,589824,59,9.31045
pinned-h2d,15,144,589824,30,18.3105
pageable-staging-h2d,15,144,589824,89,6.17209
fread-pinned,15,68,589824,101,5.43878
pageable-pinned,15,68,589824,59,9.31045
pinned-h2d,15,68,589824,30,18.3105
pageable-staging-h2d,15,68,589824,89,6.17209
fread-pinned,15,61,589824,100,5.49316
pageable-pinned,15,61,589824,64,8.58307
pinned-h2d,15,61,589824,30,18.3105
pageable-staging-h2d,15,61,589824,94,5.84379
fread-pinned,15,224,720896,105,6.39416
pageable-pinned,15,224,720896,78,8.60752
pinned-h2d,15,224,720896,35,19.1825
pageable-staging-h2d,15,224,720896,113,5.94148
fread-pinned,15,142,589824,81,6.78168
pageable-pinned,15,142,589824,57,9.63713
pinned-h2d,15,142,589824,30,18.3105
pageable-staging-h2d,15,142,589824,87,6.31398
fread-pinned,15,189,589824,78,7.04252
pageable-pinned,15,189,589824,53,10.3645
pinned-h2d,15,189,589824,30,18.3105
pageable-staging-h2d,15,189,589824,83,6.61827
fread-pinned,15,104,589824,80,6.86646
pageable-pinned,15,104,589824,53,10.3645
pinned-h2d,15,104,589824,30,18.3105
pageable-staging-h2d,15,104,589824,83,6.61827
fread-pinned,15,177,589824,85,6.46255
pageable-pinned,15,177,589824,60,9.15527
pinned-h2d,15,177,589824,30,18.3105
pageable-staging-h2d,15,177,589824,90,6.10352
fread-pinned,15,46,589824,90,6.10352
pageable-pinned,15,46,589824,45,12.207
pinned-h2d,15,46,589824,30,18.3105
pageable-staging-h2d,15,46,589824,75,7.32422
fread-pinned,15,3,589824,67,8.19875
pageable-pinned,15,3,589824,40,13.7329
pinned-h2d,15,3,589824,29,18.9419
pageable-staging-h2d,15,3,589824,69,7.96111
fread-pinned,15,17,589824,78,7.04252
pageable-pinned,15,17,589824,42,13.079
pinned-h2d,15,17,589824,30,18.3105
pageable-staging-h2d,15,17,589824,72,7.62939
fread-pinned,15,167,720896,83,8.089
pageable-pinned,15,167,720896,56,11.989
pinned-h2d,15,167,720896,36,18.6496
pageable-staging-h2d,15,167,720896,92,7.29768
fread-pinned,15,116,589824,80,6.86646
pageable-pinned,15,116,589824,41,13.398
pinned-h2d,15,116,589824,30,18.3105
pageable-staging-h2d,15,116,589824,71,7.73685
fread-pinned,15,234,589824,97,5.66306
pageable-pinned,15,234,589824,41,13.398
pinned-h2d,15,234,589824,31,17.7199
pageable-staging-h2d,15,234,589824,72,7.62939
fread-pinned,15,106,589824,89,6.17209
pageable-pinned,15,106,589824,35,15.6948
pinned-h2d,15,106,589824,31,17.7199
pageable-staging-h2d,15,106,589824,66,8.32298
fread-pinned,15,193,589824,74,7.42319
pageable-pinned,15,193,589824,38,14.4557
pinned-h2d,15,193,589824,31,17.7199
pageable-staging-h2d,15,193,589824,69,7.96111
fread-pinned,15,23,589824,66,8.32298
pageable-pinned,15,23,589824,31,17.7199
pinned-h2d,15,23,589824,30,18.3105
pageable-staging-h2d,15,23,589824,61,9.00519
fread-pinned,15,160,720896,85,7.89867
pageable-pinned,15,160,720896,49,13.7018
pinned-h2d,15,160,720896,36,18.6496
pageable-staging-h2d,15,160,720896,85,7.89867
fread-pinned,15,140,720896,107,6.27464
pageable-pinned,15,140,720896,49,13.7018
pinned-h2d,15,140,720896,37,18.1456
pageable-staging-h2d,15,140,720896,86,7.80682
fread-pinned,15,235,589824,70,7.84738
pageable-pinned,15,235,589824,51,10.7709
pinned-h2d,15,235,589824,31,17.7199
pageable-staging-h2d,15,235,589824,82,6.69898
fread-pinned,15,18,720896,100,6.71387
pageable-pinned,15,18,720896,70,9.59124
pinned-h2d,15,18,720896,36,18.6496
pageable-staging-h2d,15,18,720896,106,6.33384
fread-pinned,15,89,720896,94,7.14241
pageable-pinned,15,89,720896,70,9.59124
pinned-h2d,15,89,720896,36,18.6496
pageable-staging-h2d,15,89,720896,106,6.33384
fread-pinned,15,138,589824,80,6.86646
pageable-pinned,15,138,589824,61,9.00519
pinned-h2d,15,138,589824,31,17.7199
pageable-staging-h2d,15,138,589824,92,5.97083
fread-pinned,15,159,720896,98,6.85088
pageable-pinned,15,159,720896,76,8.83404
pinned-h2d,15,159,720896,36,18.6496
pageable-staging-h2d,15,159,720896,112,5.99452
fread-pinned,15,146,720896,96,6.99361
pageable-pinned,15,146,720896,69,9.73024
pinned-h2d,15,146,720896,36,18.6496
pageable-staging-h2d,15,146,720896,105,6.39416
fread-pinned,15,15,589824,87,6.31398
pageable-pinned,15,15,589824,56,9.80922
pinned-h2d,15,15,589824,30,18.3105
pageable-staging-h2d,15,15,589824,86,6.3874
fread-pinned,15,253,589824,93,5.90663
pageable-pinned,15,253,589824,59,9.31045
pinned-h2d,15,253,589824,30,18.3105
pageable-staging-h2d,15,253,589824,89,6.17209
fread-pinned,15,107,589824,97,5.66306
pageable-pinned,15,107,589824,50,10.9863
pinned-h2d,15,107,589824,30,18.3105
pageable-staging-h2d,15,107,589824,80,6.86646
fread-pinned,15,14,589824,77,7.13398
pageable-pinned,15,14,589824,50,10.9863
pinned-h2d,15,14,589824,31,17.7199
pageable-staging-h2d,15,14,589824,81,6.78168
fread-pinned,15,27,589824,94,5.84379
pageable-pinned,15,27,589824,64,8.58307
pinned-h2d,15,27,589824,31,17.7199
pageable-staging-h2d,15,27,589824,95,5.78228
fread-pinned,15,56,720896,114,5.88936
pageable-pinned,15,56,720896,60,11.1898
pinned-h2d,15,56,720896,35,19.1825
pageable-staging-h2d,15,56,720896,95,7.06723
fread-pinned,15,162,589824,67,8.19875
pageable-pinned,15,162,589824,43,12.7748
pinned-h2d,15,162,589824,31,17.7199
pageable-staging-h2d,15,162,589824,74,7.42319
fread-pinned,15,74,589824,76,7.22785
pageable-pinned,15,74,589824,42,13.079
pinned-h2d,15,74,589824,31,17.7199
pageable-staging-h2d,15,74,589824,73,7.52488
fread-pinned,15,25,720896,98,6.85088
pageable-pinned,15,25,720896,56,11.989
pinned-h2d,15,25,720896,35,19.1825
pageable-staging-h2d,15,25,720896,91,7.37788
fread-pinned,15,11,720896,73,9.19708
pageable-pinned,15,11,720896,43,15.6136
pinned-h2d,15,11,720896,36,18.6496
pageable-staging-h2d,15,11,720896,79,8.49857
fread-pinned,15,228,589824,67,8.19875
pageable-pinned,15,228,589824,35,15.6948
pinned-h2d,15,228,589824,30,18.3105
pageable-staging-h2d,15,228,589824,65,8.45102
fread-pinned,15,77,720896,126,5.32847
pageable-pinned,15,77,720896,90,7.45985
pinned-h2d,15,77,720896,36,18.6496
pageable-staging-h2d,15,77,720896,126,5.32847
fread-pinned,15,69,720896,111,6.04853
pageable-pinned,15,69,720896,81,8.28872
pinned-h2d,15,69,720896,36,18.6496
pageable-staging-h2d,15,69,720896,117,5.73835
fread-pinned,15,202,589824,100,5.49316
pageable-pinned,15,202,589824,65,8.45102
pinned-h2d,15,202,589824,30,18.3105
pageable-staging-h2d,15,202,589824,95,5.78228
fread-pinned,15,123,589824,84,6.53948
pageable-pinned,15,123,589824,72,7.62939
pinned-h2d,15,123,589824,30,18.3105
pageable-staging-h2d,15,123,589824,102,5.38545
fread-pinned,15,62,589824,89,6.17209
pageable-pinned,15,62,589824,55,9.98757
pinned-h2d,15,62,589824,30,18.3105
pageable-staging-h2d,15,62,589824,85,6.46255
fread-pinned,15,91,589824,88,6.24223
pageable-pinned,15,91,589824,68,8.07818
pinned-h2d,15,91,589824,31,17.7199
pageable-staging-h2d,15,91,589824,99,5.54865
fread-pinned,16,7,589824,63,8.71931
pageable-pinned,16,7,589824,36,15.2588
pinned-h2d,16,7,589824,30,18.3105
pageable-staging-h2d,16,7,589824,66,8.32298
fread-pinned,16,70,720896,105,6.39416
pageable-pinned,16,70,720896,61,11.0063
pinned-h2d,16,70,720896,35,19.1825
pageable-staging-h2d,16,70,720896,96,6.99361
fread-pinned,16,35,589824,97,5.66306
pageable-pinned,16,35,589824,64,8.58307
pinned-h2d,16,35,589824,30,18.3105
pageable-staging-h2d,16,35,589824,94,5.84379
fread-pinned,16,182,589824,84,6.53948
pageable-pinned,16,182,589824,66,8.32298
pinned-h2d,16,182,589824,30,18.3105
pageable-staging-h2d,16,182,589824,96,5.72205
fread-pinned,16,246,589824,73,7.52488
pageable-pinned,16,246,589824,43,12.7748
pinned-h2d,16,246,589824,32,17.1661
pageable-staging-h2d,16,246,589824,75,7.32422
fread-pinned,16,188,589824,78,7.04252
pageable-pinned,16,188,589824,44,12.4845
pinned-h2d,16,188,589824,32,17.1661
pageable-staging-h2d,16,188,589824,76,7.22785
fread-pinned,16,92,589824,80,6.86646
pageable-pinned,16,92,589824,46,11.9417
pinned-h2d,16,92,589824,30,18.3105
pageable-staging-h2d,16,92,589824,76,7.22785
fread-pinned,16,8,589824,60,9.15527
pageable-pinned,16,8,589824,36,15.2588
pinned-h2d,16,8,589824,30,18.3105
pageable-staging-h2d,16,8,589824,66,8.32298
fread-pinned,16,221,589824,80,6.86646
pageable-pinned,16,221,589824,45,12.207
pinned-h2d,16,221,589824,31,17.7199
pageable-staging-h2d,16,221,589824,76,7.22785
fread-pinned,16,201,589824,72,7.62939
pageable-pinned,16,201,589824,39,14.085
pinned-h2d,16,201,589824,31,17.7199
pageable-staging-h2d,16,201,589824,70,7.84738
fread-pinned,16,133,720896,81,8.28872
pageable-pinned,16,133,720896,50,13.4277
pinned-h2d,16,133,720896,36,18.6496
pageable-staging-h2d,16,133,720896,86,7.80682
fread-pinned,16,250,860160,116,6.90592
pageable-pinned,16,250,860160,57,14.0541
pinned-h2d,16,250,860160,41,19.5387
pageable-staging-h2d,16,250,860160,98,8.17435
fread-pinned,16,226,589824,71,7.73685
pageable-pinned,16,226,589824,44,12.4845
pinned-h2d,16,226,589824,31,17.7199
pageable-staging-h2d,16,226,589824,75,7.32422
fread-pinned,16,54,589824,77,7.13398
pageable-pinned,16,54,589824,40,13.7329
pinned-h2d,16,54,589824,31,17.7199
pageable-staging-h2d,16,54,589824,71,7.73685
fread-pinned,16,108,720896,110,6.10352
pageable-pinned,16,108,720896,52,12.9113
pinned-h2d,16,108,720896,36,18.6496
pageable-staging-h2d,16,108,720896,88,7.62939
fread-pinned,16,146,720896,81,8.28872
pageable-pinned,16,146,720896,50,13.4277
pinned-h2d,16,146,720896,36,18.6496
pageable-staging-h2d,16,146,720896,86,7.80682
fread-pinned,16,163,589824,68,8.07818
pageable-pinned,16,163,589824,44,12.4845
pinned-h2d,16,163,589824,30,18.3105
pageable-staging-h2d,16,163,589824,74,7.42319
fread-pinned,16,254,589824,76,7.22785
pageable-pinned,16,254,589824,46,11.9417
pinned-h2d,16,254,589824,31,17.7199
pageable-staging-h2d,16,254,589824,77,7.13398
fread-pinned,16,80,589824,78,7.04252
pageable-pinned,16,80,589824,36,15.2588
pinned-h2d,16,80,589824,30,18.3105
pageable-staging-h2d,16,80,589824,66,8.32298
fread-pinned,16,64,720896,88,7.62939
pageable-pinned,16,64,720896,40,16.7847
pinned-h2d,16,64,720896,36,18.6496
pageable-staging-h2d,16,64,720896,76,8.83404
fread-pinned,16,20,589824,79,6.95337
pageable-pinned,16,20,589824,41,13.398
pinned-h2d,16,20,589824,30,18.3105
pageable-staging-h2d,16,20,589824,71,7.73685
fread-pinned,16,38,720896,91,7.37788
pageable-pinned,16,38,720896,52,12.9113
pinned-h2d,16,38,720896,36,18.6496
pageable-staging-h2d,16,38,720896,88,7.62939
fread-pinned,16,45,589824,93,5.90663
pageable-pinned,16,45,589824,47,11.6876
pinned-h2d,16,45,589824,30,18.3105
pageable-staging-h2d,16,45,589824,77,7.13398
fread-pinned,16,240,589824,76,7.22785
pageable-pinned,16,240,589824,50,10.9863
pinned-h2d,16,240,589824,31,17.7199
pageable-staging-h2d,16,240,589824,81,6.78168
fread-pinned,16,63,720896,107,6.27464
pageable-pinned,16,63,720896,71,9.45615
pinned-h2d,16,63,720896,37,18.1456
pageable-staging-h2d,16,63,720896,108,6.21654
fread-pinned,16,112,589824,81,6.78168
pageable-pinned,16,112,589824,58,9.47097
pinned-h2d,16,112,589824,31,17.7199
pageable-staging-h2d,16,112,589824,89,6.17209
fread-pinned,16,239,589824,88,6.24223
pageable-pinned,16,239,589824,60,9.15527
pinned-h2d,16,239,589824,31,17.7199
pageable-staging-h2d,16,239,589824,91,6.03644
fread-pinned,16,85,589824,84,6.53948
pageable-pinned,16,85,589824,63,8.71931
pinned-h2d,16,85,589824,31,17.7199
pageable-staging-h2d,16,85,589824,94,5.84379
fread-pinned,16,109,720896,126,5.32847
pageable-pinned,16,109,720896,62,10.8288
pinned-h2d,16,109,720896,36,18.6496
pageable-staging-h2d,16,109,720896,98,6.85088
fread-pinned,16,247,589824,70,7.84738
pageable-pinned,16,247,589824,52,10.5638
pinned-h2d,16,247,589824,30,18.3105
pageable-staging-h2d,16,247,589824,82,6.69898
fread-pinned,16,26,589824,83,6.61827
pageable-pinned,16,26,589824,47,11.6876
pinned-h2d,16,26,589824,31,17.7199
pageable-staging-h2d,16,26,589824,78,7.04252
fread-pinned,16,238,589824,86,6.3874
pageable-pinned,16,238,589824,56,9.80922
pinned-h2d,16,238,589824,30,18.3105
pageable-staging-h2d,16,238,589824,86,6.3874
fread-pinned,16,102,720896,119,5.64191
pageable-pinned,16,102,720896,63,10.6569
pinned-h2d,16,102,720896,35,19.1825
pageable-staging-h2d,16,102,720896,98,6.85088
fread-pinned,16,251,589824,57,9.63713
pageable-pinned,16,251,589824,33,16.646
pinned-h2d,16,251,589824,30,18.3105
pageable-staging-h2d,16,251,589824,63,8.71931
fread-pinned,16,223,860160,105,7.62939
pageable-pinned,16,223,860160,65,12.3244
pinned-h2d,16,223,860160,42,19.0735
pageable-staging-h2d,16,223,860160,107,7.48679
fread-pinned,16,179,720896,107,6.27464
pageable-pinned,16,179,720896,51,13.1644
pinned-h2d,16,179,720896,36,18.6496
pageable-staging-h2d,16,179,720896,87,7.71709
fread-pinned,16,50,720896,103,6.51832
pageable-pinned,16,50,720896,40,16.7847
pinned-h2d,16,50,720896,36,18.6496
pageable-staging-h2d,16,50,720896,76,8.83404
fread-pinned,16,103,589824,73,7.52488
pageable-pinned,16,103,589824,38,14.4557
pinned-h2d,16,103,589824,30,18.3105
pageable-staging-h2d,16,103,589824,68,8.07818
fread-pinned,16,220,589824,73,7.52488
pageable-pinned,16,220,589824,57,9.63713
pinned-h2d,16,220,589824,30,18.3105
pageable-staging-h2d,16,220,589824,87,6.31398
fread-pinned,16,125,589824,79,6.95337
pageable-pinned,16,125,589824,44,12.4845
pinned-h2d,16,125,589824,30,18.3105
pageable-staging-h2d,16,125,589824,74,7.42319
fread-pinned,16,25,720896,103,6.51832
pageable-pinned,16,25,720896,72,9.32482
pinned-h2d,16,25,720896,36,18.6496
pageable-staging-h2d,16,25,720896,108,6.21654
fread-pinned,16,30,720896,111,6.04853
pageable-pinned,16,30,720896,74,9.07279
pinned-h2d,16,30,720896,35,19.1825
pageable-staging-h2d,16,30,720896,109,6.15951
fread-pinned,16,0,589824,74,7.42319
pageable-pinned,16,0,589824,43,12.7748
pinned-h2d,16,0,589824,31,17.7199
pageable-staging-h2d,16,0,589824,74,7.42319
fread-pinned,16,234,589824,106,5.18223
pageable-pinned,16,234,589824,60,9.15527
pinned-h2d,16,234,589824,35,15.6948
pageable-staging-h2d,16,234,589824,95,5.78228
fread-pinned,16,123,589824,80,6.86646
pageable-pinned,16,123,589824,61,9.00519
pinned-h2d,16,123,589824,30,18.3105
pageable-staging-h2d,16,123,589824,91,6.03644
fread-pinned,16,34,589824,93,5.90663
pageable-pinned,16,34,589824,73,7.52488
pinned-h2d,16,34,589824,30,18.3105
pageable-staging-h2d,16,34,589824,103,5.33317
fread-pinned,16,124,589824,77,7.13398
pageable-pinned,16,124,589824,56,9.80922
pinned-h2d,16,124,589824,31,17.7199
pageable-staging-h2d,16,124,589824,87,6.31398
fread-pinned,16,66,589824,83,6.61827
pageable-pinned,16,66,589824,45,12.207
pinned-h2d,16,66,589824,30,18.3105
pageable-staging-h2d,16,66,589824,75,7.32422
fread-pinned,16,95,720896,106,6.33384
pageable-pinned,16,95,720896,70,9.59124
pinned-h2d,16,95,720896,35,19.1825
pageable-staging-h2d,16,95,720896,105,6.39416
fread-pinned,16,87,589824,68,8.07818
pageable-pinned,16,87,589824,41,13.398
pinned-h2d,16,87,589824,30,18.3105
pageable-staging-h2d,16,87,589824,71,7.73685
fread-pinned,16,18,720896,93,7.21921
pageable-pinned,16,18,720896,48,13.9872
pinned-h2d,16,18,720896,36,18.6496
pageable-staging-h2d,16,18,720896,84,7.9927
fread-pinned,16,244,860160,109,7.34942
pageable-pinned,16,244,860160,63,12.7157
pinned-h2d,16,244,860160,42,19.0735
pageable-staging-h2d,16,244,860160,105,7.62939
fread-pinned,16,76,720896,104,6.45564
pageable-pinned,16,76,720896,50,13.4277
pinned-h2d,16,76,720896,36,18.6496
pageable-staging-h2d,16,76,720896,86,7.80682
fread-pinned,16,225,589824,61,9.00519
pageable-pinned,16,225,589824,33,16.646
pinned-h2d,16,225,589824,31,17.7199
pageable-staging-h2d,16,225,589824,64,8.58307
fread-pinned,16,148,589824,70,7.84738
pageable-pinned,16,148,589824,61,9.00519
pinned-h2d,16,148,589824,30,18.3105
pageable-staging-h2d,16,148,589824,91,6.03644
fread-pinned,16,156,589824,78,7.04252
pageable-pinned,16,156,589824,57,9.63713
pinned-h2d,16,156,589824,30,18.3105
pageable-staging-h2d,16,156,589824,87,6.31398
fread-pinned,16,171,589824,83,6.61827
pageable-pinned,16,171,589824,47,11.6876
pinned-h2d,16,171,589824,30,18.3105
pageable-staging-h2d,16,171,589824,77,7.13398
fread-pinned,16,211,720896,88,7.62939
pageable-pinned,16,211,720896,47,14.2848
pinned-h2d,16,211,720896,36,18.6496
pageable-staging-h2d,16,211,720896,83,8.089
fread-pinned,16,165,720896,95,7.06723
pageable-pinned,16,165,720896,71,9.45615
pinned-h2d,16,165,720896,35,19.1825
pageable-staging-h2d,16,165,720896,106,6.33384
fread-pinned,16,241,589824,81,6.78168
pageable-pinned,16,241,589824,53,10.3645
pinned-h2d,16,241,589824,30,18.3105
pageable-staging-h2d,16,241,589824,83,6.61827
fread-pinned,16,40,589824,85,6.46255
pageable-pinned,16,40,589824,58,9.47097
pinned-h2d,16,40,589824,31,17.7199
pageable-staging-h2d,16,40,589824,89,6.17209
fread-pinned,16,167,720896,103,6.51832
pageable-pinned,16,167,720896,82,8.18764
pinned-h2d,16,167,720896,35,19.1825
pageable-staging-h2d,16,167,720896,117,5.73835
fread-pinned,16,67,589824,94,5.84379
pageable-pinned,16,67,589824,56,9.80922
pinned-h2d,16,67,589824,30,18.3105
pageable-staging-h2d,16,67,589824,86,6.3874
fread-pinned,16,135,589824,81,6.78168
pageable-pinned,16,135,589824,60,9.15527
pinned-h2d,16,135,589824,30,18.3105
pageable-staging-h2d,16,135,589824,90,6.10352
fread-pinned,16,78,589824,89,6.17209
pageable-pinned,16,78,589824,59,9.31045
pinned-h2d,16,78,589824,29,18.9419
pageable-staging-h2d,16,78,589824,88,6.24223
fread-pinned,16,28,589824,90,6.10352
pageable-pinned,16,28,589824,37,14.8464
pinned-h2d,16,28,589824,31,17.7199
pageable-staging-h2d,16,28,589824,68,8.07818
fread-pinned,16,229,589824,74,7.42319
pageable-pinned,16,229,589824,42,13.079
pinned-h2d,16,229,589824,30,18.3105
pageable-staging-h2d,16,229,589824,72,7.62939
fread-pinned,16,174,589824,93,5.90663
pageable-pinned,16,174,589824,46,11.9417
pinned-h2d,16,174,589824,30,18.3105
pageable-staging-h2d,16,174,589824,76,7.22785
fread-pinned,16,186,720896,81,8.28872
pageable-pinned,16,186,720896,51,13.1644
pinned-h2d,16,186,720896,35,19.1825
pageable-staging-h2d,16,186,720896,86,7.80682
fread-pinned,16,161,589824,69,7.96111
pageable-pinned,16,161,589824,41,13.398
pinned-h2d,16,161,589824,31,17.7199
pageable-staging-h2d,16,161,589824,72,7.62939
fread-pinned,16,11,720896,72,9.32482
pageable-pinned,16,11,720896,41,16.3753
pinned-h2d,16,11,720896,35,19.1825
pageable-staging-h2d,16,11,720896,76,8.83404
fread-pinned,16,194,589824,71,7.73685
pageable-pinned,16,194,589824,35,15.6948
pinned-h2d,16,194,589824,31,17.7199
pageable-staging-h2d,16,194,589824,66,8.32298
fread-pinned,16,145,589824,89,6.17209
pageable-pinned,16,145,589824,39,14.085
pinned-h2d,16,145,589824,31,17.7199
pageable-staging-h2d,16,145,589824,70,7.84738
fread-pinned,16,75,720896,104,6.45564
pageable-pinned,16,75,720896,56,11.989
pinned-h2d,16,75,720896,35,19.1825
pageable-staging-h2d,16,75,720896,91,7.37788
fread-pinned,16,172,720896,88,7.62939
pageable-pinned,16,172,720896,48,13.9872
pinned-h2d,16,172,720896,37,18.1456
pageable-staging-h2d,16,172,720896,85,7.89867
fread-pinned,16,181,589824,68,8.07818
pageable-pinned,16,181,589824,40,13.7329
pinned-h2d,16,181,589824,30,18.3105
pageable-staging-h2d,16,181,589824,70,7.84738
fread-pinned,16,159,720896,90,7.45985
pageable-pinned,16,159,720896,50,13.4277
pinned-h2d,16,159,720896,36,18.6496
pageable-staging-h2d,16,159,720896,86,7.80682
fread-pinned,16,129,589824,83,6.61827
pageable-pinned,16,129,589824,58,9.47097
pinned-h2d,16,129,589824,30,18.3105
pageable-staging-h2d,16,129,589824,88,6.24223
fread-pinned,16,185,720896,102,6.58222
pageable-pinned,16,185,720896,74,9.07279
pinned-h2d,16,185,720896,36,18.6496
pageable-staging-h2d,16,185,720896,110,6.10352
fread-pinned,16,230,720896,89,7.54367
pageable-pinned,16,230,720896,70,9.59124
pinned-h2d,16,230,720896,35,19.1825
pageable-staging-h2d,16,230,720896,105,6.39416
fread-pinned,16,120,720896,127,5.28651
pageable-pinned,16,120,720896,81,8.28872
pinned-h2d,16,120,720896,36,18.6496
pageable-staging-h2d,16,120,720896,117,5.73835
fread-pinned,16,82,720896,114,5.88936
pageable-pinned,16,82,720896,79,8.49857
pinned-h2d,16,82,720896,36,18.6496
pageable-staging-h2d,16,82,720896,115,5.83815
fread-pinned,16,69,720896,112,5.99452
pageable-pinned,16,69,720896,80,8.39233
pinned-h2d,16,69,720896,35,19.1825
pageable-staging-h2d,16,69,720896,115,5.83815
fread-pinned,16,137,589824,73,7.52488
pageable-pinned,16,137,589824,55,9.98757
pinned-h2d,16,137,589824,30,18.3105
pageable-staging-h2d,16,137,589824,85,6.46255
fread-pinned,16,61,589824,103,5.33317
pageable-pinned,16,61,589824,70,7.84738
pinned-h2d,16,61,589824,30,18.3105
pageable-staging-h2d,16,61,589824,100,5.49316
fread-pinned,16,252,589824,93,5.90663
pageable-pinned,16,252,589824,54,10.1725
pinned-h2d,16,252,589824,31,17.7199
pageable-staging-h2d,16,252,589824,85,6.46255
fread-pinned,16,132,589824,72,7.62939
pageable-pinned,16,132,589824,47,11.6876
pinned-h2d,16,132,589824,30,18.3105
pageable-staging-h2d,16,132,589824,77,7.13398
fread-pinned,16,155,589824,81,6.78168
pageable-pinned,16,155,589824,44,12.4845
pinned-h2d,16,155,589824,30,18.3105
pageable-staging-h2d,16,155,589824,74,7.42319
fread-pinned,16,21,589824,79,6.95337
pageable-pinned,16,21,589824,37,14.8464
pinned-h2d,16,21,589824,31,17.7199
pageable-staging-h2d,16,21,589824,68,8.07818
fread-pinned,16,200,589824,77,7.13398
pageable-pinned,16,200,589824,41,13.398
pinned-h2d,16,200,589824,30,18.3105
pageable-staging-h2d,16,200,589824,71,7.73685
fread-pinned,16,130,589824,63,8.71931
pageable-pinned,16,130,589824,34,16.1564
pinned-h2d,16,130,589824,31,17.7199
pageable-staging-h2d,16,130,589824,65,8.45102
fread-pinned,16,114,720896,85,7.89867
pageable-pinned,16,114,720896,49,13.7018
pinned-h2d,16,114,720896,36,18.6496
pageable-staging-h2d,16,114,720896,85,7.89867
fread-pinned,16,149,589824,68,8.07818
pageable-pinned,16,149,589824,42,13.079
pinned-h2d,16,149,589824,31,17.7199
pageable-staging-h2d,16,149,589824,73,7.52488
fread-pinned,16,232,589824,63,8.71931
pageable-pinned,16,232,589824,34,16.1564
pinned-h2d,16,232,589824,29,18.9419
pageable-staging-h2d,16,232,589824,63,8.71931
fread-pinned,16,118,589824,89,6.17209
pageable-pinned,16,118,589824,39,14.085
pinned-h2d,16,118,589824,30,18.3105
pageable-staging-h2d,16,118,589824,69,7.96111
fread-pinned,16,47,589824,76,7.22785
pageable-pinned,16,47,589824,38,14.4557
pinned-h2d,16,47,589824,30,18.3105
pageable-staging-h2d,16,47,589824,68,8.07818
fread-pinned,16,168,589824,81,6.78168
pageable-pinned,16,168,589824,34,16.1564
pinned-h2d,16,168,589824,31,17.7199
pageable-staging-h2d,16,168,589824,65,8.45102
fread-pinned,16,41,589824,72,7.62939
pageable-pinned,16,41,589824,34,16.1564
pinned-h2d,16,41,589824,30,18.3105
pageable-staging-h2d,16,41,589824,64,8.58307
fread-pinned,16,198,720896,80,8.39233
pageable-pinned,16,198,720896,49,13.7018
pinned-h2d,16,198,720896,36,18.6496
pageable-staging-h2d,16,198,720896,85,7.89867
fread-pinned,16,73,589824,80,6.86646
pageable-pinned,16,73,589824,40,13.7329
pinned-h2d,16,73,589824,30,18.3105
pageable-staging-h2d,16,73,589824,70,7.84738
fread-pinned,16,39,589824,85,6.46255
pageable-pinned,16,39,589824,41,13.398
pinned-h2d,16,39,589824,31,17.7199
pageable-staging-h2d,16,39,589824,72,7.62939
fread-pinned,16,192,720896,98,6.85088
pageable-pinned,16,192,720896,51,13.1644
pinned-h2d,16,192,720896,36,18.6496
pageable-staging-h2d,16,192,720896,87,7.71709
fread-pinned,16,212,720896,88,7.62939
pageable-pinned,16,212,720896,42,15.9854
pinned-h2d,16,212,720896,35,19.1825
pageable-staging-h2d,16,212,720896,77,8.71931
fread-pinned,16,162,589824,66,8.32298
pageable-pinned,16,162,589824,40,13.7329
pinned-h2d,16,162,589824,30,18.3105
pageable-staging-h2d,16,162,589824,70,7.84738
fread-pinned,16,111,589824,77,7.13398
pageable-pinned,16,111,589824,37,14.8464
pinned-h2d,16,111,589824,31,17.7199
pageable-staging-h2d,16,111,589824,68,8.07818
fread-pinned,16,150,589824,84,6.53948
pageable-pinned,16,150,589824,51,10.7709
pinned-h2d,16,150,589824,30,18.3105
pageable-staging-h2d,16,150,589824,81,6.78168
fread-pinned,16,228,589824,74,7.42319
pageable-pinned,16,228,589824,44,12.4845
pinned-h2d,16,228,589824,32,17.1661
pageable-staging-h2d,16,228,589824,76,7.22785
fread-pinned,16,189,589824,78,7.04252
pageable-pinned,16,189,589824,54,10.1725
pinned-h2d,16,189,589824,30,18.3105
pageable-staging-h2d,16,189,589824,84,6.53948
fread-pinned,16,90,589824,76,7.22785
pageable-pinned,16,90,589824,49,11.2105
pinned-h2d,16,90,589824,30,18.3105
pageable-staging-h2d,16,90,589824,79,6.95337
fread-pinned,16,46,589824,99,5.54865
pageable-pinned,16,46,589824,64,8.58307
pinned-h2d,16,46,589824,31,17.7199
pageable-staging-h2d,16,46,589824,95,5.78228
fread-pinned,16,22,589824,95,5.78228
pageable-pinned,16,22,589824,67,8.19875
pinned-h2d,16,22,589824,31,17.7199
pageable-staging-h2d,16,22,589824,98,5.60527
fread-pinned,16,243,860160,138,5.80497
pageable-pinned,16,243,860160,94,8.5222
pinned-h2d,16,243,860160,43,18.6299
pageable-staging-h2d,16,243,860160,137,5.84735
fread-pinned,16,147,720896,109,6.15951
pageable-pinned,16,147,720896,78,8.60752
pinned-h2d,16,147,720896,35,19.1825
pageable-staging-h2d,16,147,720896,113,5.94148
fread-pinned,16,33,589824,98,5.60527
pageable-pinned,16,33,589824,67,8.19875
pinned-h2d,16,33,589824,30,18.3105
pageable-staging-h2d,16,33,589824,97,5.66306
fread-pinned,16,166,720896,92,7.29768
pageable-pinned,16,166,720896,68,9.87333
pinned-h2d,16,166,720896,35,19.1825
pageable-staging-h2d,16,166,720896,103,6.51832
fread-pinned,16,170,589824,98,5.60527
pageable-pinned,16,170,589824,35,15.6948
pinned-h2d,16,170,589824,30,18.3105
pageable-staging-h2d,16,170,589824,65,8.45102
fread-pinned,16,72,589824,71,7.73685
pageable-pinned,16,72,589824,33,16.646
pinned-h2d,16,72,589824,30,18.3105
pageable-staging-h2d,16,72,589824,63,8.71931
fread-pinned,16,27,589824,83,6.61827
pageable-pinned,16,27,589824,44,12.4845
pinned-h2d,16,27,589824,31,17.7199
pageable-staging-h2d,16,27,589824,75,7.32422
fread-pinned,16,55,589824,81,6.78168
pageable-pinned,16,55,589824,37,14.8464
pinned-h2d,16,55,589824,30,18.3105
pageable-staging-h2d,16,55,589824,67,8.19875
fread-pinned,16,142,589824,67,8.19875
pageable-pinned,16,142,589824,42,13.079
pinned-h2d,16,142,589824,30,18.3105
pageable-staging-h2d,16,142,589824,72,7.62939
fread-pinned,16,255,860160,99,8.09178
pageable-pinned,16,255,860160,61,13.1326
pinned-h2d,16,255,860160,42,19.0735
pageable-staging-h2d,16,255,860160,103,7.77754
fread-pinned,16,236,720896,87,7.71709
pageable-pinned,16,236,720896,49,13.7018
pinned-h2d,16,236,720896,36,18.6496
pageable-staging-h2d,16,236,720896,85,7.89867
fread-pinned,16,44,720896,99,6.78168
pageable-pinned,16,44,720896,47,14.2848
pinned-h2d,16,44,720896,36,18.6496
pageable-staging-h2d,16,44,720896,83,8.089
fread-pinned,16,53,589824,81,6.78168
pageable-pinned,16,53,589824,37,14.8464
pinned-h2d,16,53,589824,31,17.7199
pageable-staging-h2d,16,53,589824,68,8.07818
fread-pinned,16,152,589824,91,6.03644
pageable-pinned,16,152,589824,40,13.7329
pinned-h2d,16,152,589824,30,18.3105
pageable-staging-h2d,16,152,589824,70,7.84738
fread-pinned,16,196,589824,64,8.58307
pageable-pinned,16,196,589824,37,14.8464
pinned-h2d,16,196,589824,30,18.3105
pageable-staging-h2d,16,196,589824,67,8.19875
fread-pinned,16,13,589824,76,7.22785
pageable-pinned,16,13,589824,42,13.079
pinned-h2d,16,13,589824,30,18.3105
pageable-staging-h2d,16,13,589824,72,7.62939
fread-pinned,16,242,589824,69,7.96111
pageable-pinned,16,242,589824,39,14.085
pinned-h2d,16,242,589824,30,18.3105
pageable-staging-h2d,16,242,589824,69,7.96111
fread-pinned,16,107,589824,98,5.60527
pageable-pinned,16,107,589824,52,10.5638
pinned-h2d,16,107,589824,31,17.7199
pageable-staging-h2d,16,107,589824,83,6.61827
fread-pinned,16,16,589824,97,5.66306
pageable-pinned,16,16,589824,61,9.00519
pinned-h2d,16,16,589824,31,17.7199
pageable-staging-h2d,16,16,589824,92,5.97083
fread-pinned,16,100,589824,90,6.10352
pageable-pinned,16,100,589824,49,11.2105
pinned-h2d,16,100,589824,30,18.3105
pageable-staging-h2d,16,100,589824,79,6.95337
fread-pinned,16,216,589824,78,7.04252
pageable-pinned,16,216,589824,53,10.3645
pinned-h2d,16,216,589824,31,17.7199
pageable-staging-h2d,16,216,589824,84,6.53948
fread-pinned,16,248,589824,79,6.95337
pageable-pinned,16,248,589824,60,9.15527
pinned-h2d,16,248,589824,31,17.7199
pageable-staging-h2d,16,248,589824,91,6.03644
fread-pinned,16,1,589824,86,6.3874
pageable-pinned,16,1,589824,61,9.00519
pinned-h2d,16,1,589824,31,17.7199
pageable-staging-h2d,16,1,589824,92,5.97083
fread-pinned,16,88,720896,99,6.78168
pageable-pinned,16,88,720896,72,9.32482
pinned-h2d,16,88,720896,35,19.1825
pageable-staging-h2d,16,88,720896,107,6.27464
fread-pinned,16,52,589824,90,6.10352
pageable-pinned,16,52,589824,52,10.5638
pinned-h2d,16,52,589824,31,17.7199
pageable-staging-h2d,16,52,589824,83,6.61827
fread-pinned,16,58,589824,83,6.61827
pageable-pinned,16,58,589824,49,11.2105
pinned-h2d,16,58,589824,31,17.7199
pageable-staging-h2d,16,58,589824,80,6.86646
fread-pinned,16,89,720896,96,6.99361
pageable-pinned,16,89,720896,68,9.87333
pinned-h2d,16,89,720896,36,18.6496
pageable-staging-h2d,16,89,720896,104,6.45564
fread-pinned,16,14,589824,82,6.69898
pageable-pinned,16,14,589824,36,15.2588
pinned-h2d,16,14,589824,31,17.7199
pageable-staging-h2d,16,14,589824,67,8.19875
fread-pinned,16,6,720896,94,7.14241
pageable-pinned,16,6,720896,53,12.6677
pinned-h2d,16,6,720896,36,18.6496
pageable-staging-h2d,16,6,720896,89,7.54367
fread-pinned,16,122,720896,84,7.9927
pageable-pinned,16,122,720896,48,13.9872
pinned-h2d,16,122,720896,36,18.6496
pageable-staging-h2d,16,122,720896,84,7.9927
fread-pinned,16,2,589824,67,8.19875
pageable-pinned,16,2,589824,43,12.7748
pinned-h2d,16,2,589824,31,17.7199
pageable-staging-h2d,16,2,589824,74,7.42319
fread-pinned,16,3,589824,66,8.32298
pageable-pinned,16,3,589824,40,13.7329
pinned-h2d,16,3,589824,31,17.7199
pageable-staging-h2d,16,3,589824,71,7.73685
fread-pinned,16,158,589824,62,8.85994
pageable-pinned,16,158,589824,34,16.1564
pinned-h2d,16,158,589824,31,17.7199
pageable-staging-h2d,16,158,589824,65,8.45102
fread-pinned,16,62,589824,76,7.22785
pageable-pinned,16,62,589824,35,15.6948
pinned-h2d,16,62,589824,31,17.7199
pageable-staging-h2d,16,62,589824,66,8.32298
fread-pinned,16,37,720896,85,7.89867
pageable-pinned,16,37,720896,41,16.3753
pinned-h2d,16,37,720896,36,18.6496
pageable-staging-h2d,16,37,720896,77,8.71931
fread-pinned,16,157,589824,68,8.07818
pageable-pinned,16,157,589824,40,13.7329
pinned-h2d,16,157,589824,31,17.7199
pageable-staging-h2d,16,157,589824,71,7.73685
fread-pinned,16,217,860160,98,8.17435
pageable-pinned,16,217,860160,63,12.7157
pinned-h2d,16,217,860160,42,19.0735
pageable-staging-h2d,16,217,860160,105,7.62939
fread-pinned,16,106,589824,85,6.46255
pageable-pinned,16,106,589824,34,16.1564
pinned-h2d,16,106,589824,31,17.7199
pageable-staging-h2d,16,106,589824,65,8.45102
fread-pinned,16,5,720896,76,8.83404
pageable-pinned,16,5,720896,46,14.5954
pinned-h2d,16,5,720896,36,18.6496
pageable-staging-h2d,16,5,720896,82,8.18764
fread-pinned,16,235,589824,70,7.84738
pageable-pinned,16,235,589824,42,13.079
pinned-h2d,16,235,589824,31,17.7199
pageable-staging-h2d,16,235,589824,73,7.52488
fread-pinned,16,231,720896,110,6.10352
pageable-pinned,16,231,720896,79,8.49857
pinned-h2d,16,231,720896,37,18.1456
pageable-staging-h2d,16,231,720896,116,5.78782
fread-pinned,16,245,589824,88,6.24223
pageable-pinned,16,245,589824,50,10.9863
pinned-h2d,16,245,589824,31,17.7199
pageable-staging-h2d,16,245,589824,81,6.78168
fread-pinned,16,191,720896,95,7.06723
pageable-pinned,16,191,720896,71,9.45615
pinned-h2d,16,191,720896,35,19.1825
pageable-staging-h2d,16,191,720896,106,6.33384
fread-pinned,16,49,589824,95,5.78228
pageable-pinned,16,49,589824,59,9.31045
pinned-h2d,16,49,589824,30,18.3105
pageable-staging-h2d,16,49,589824,89,6.17209
fread-pinned,16,206,589824,88,6.24223
pageable-pinned,16,206,589824,65,8.45102
pinned-h2d,16,206,589824,30,18.3105
pageable-staging-h2d,16,206,589824,95,5.78228
fread-pinned,16,210,720896,94,7.14241
pageable-pinned,16,210,720896,76,8.83404
pinned-h2d,16,210,720896,35,19.1825
pageable-staging-h2d,16,210,720896,111,6.04853
fread-pinned,16,51,720896,123,5.45843
pageable-pinned,16,51,720896,80,8.39233
pinned-h2d,16,51,720896,35,19.1825
pageable-staging-h2d,16,51,720896,115,5.83815
fread-pinned,16,154,720896,131,5.12509
pageable-pinned,16,154,720896,78,8.60752
pinned-h2d,16,154,720896,35,19.1825
pageable-staging-h2d,16,154,720896,113,5.94148
fread-pinned,16,36,589824,99,5.54865
pageable-pinned,16,36,589824,66,8.32298
pinned-h2d,16,36,589824,30,18.3105
pageable-staging-h2d,16,36,589824,96,5.72205
fread-pinned,16,190,589824,84,6.53948
pageable-pinned,16,190,589824,41,13.398
pinned-h2d,16,190,589824,30,18.3105
pageable-staging-h2d,16,190,589824,71,7.73685
fread-pinned,16,195,589824,93,5.90663
pageable-pinned,16,195,589824,43,12.7748
pinned-h2d,16,195,589824,31,17.7199
pageable-staging-h2d,16,195,589824,74,7.42319
fread-pinned,16,96,720896,79,8.49857
pageable-pinned,16,96,720896,49,13.7018
pinned-h2d,16,96,720896,34,19.7467
pageable-staging-h2d,16,96,720896,83,8.089
fread-pinned,16,81,589824,77,7.13398
pageable-pinned,16,81,589824,42,13.079
pinned-h2d,16,81,589824,31,17.7199
pageable-staging-h2d,16,81,589824,73,7.52488
fread-pinned,16,180,589824,61,9.00519
pageable-pinned,16,180,589824,31,17.7199
pinned-h2d,16,180,589824,31,17.7199
pageable-staging-h2d,16,180,589824,62,8.85994
fread-pinned,16,138,589824,73,7.52488
pageable-pinned,16,138,589824,42,13.079
pinned-h2d,16,138,589824,30,18.3105
pageable-staging-h2d,16,138,589824,72,7.62939
fread-pinned,16,204,720896,95,7.06723
pageable-pinned,16,204,720896,52,12.9113
pinned-h2d,16,204,720896,35,19.1825
pageable-staging-h2d,16,204,720896,87,7.71709
fread-pinned,16,104,589824,74,7.42319
pageable-pinned,16,104,589824,37,14.8464
pinned-h2d,16,104,589824,31,17.7199
pageable-staging-h2d,16,104,589824,68,8.07818
fread-pinned,16,93,589824,70,7.84738
pageable-pinned,16,93,589824,43,12.7748
pinned-h2d,16,93,589824,31,17.7199
pageable-staging-h2d,16,93,589824,74,7.42319
fread-pinned,16,91,589824,77,7.13398
pageable-pinned,16,91,589824,41,13.398
pinned-h2d,16,91,589824,30,18.3105
pageable-staging-h2d,16,91,589824,71,7.73685
fread-pinned,16,219,589824,69,7.96111
pageable-pinned,16,219,589824,43,12.7748
pinned-h2d,16,219,589824,30,18.3105
pageable-staging-h2d,16,219,589824,73,7.52488
fread-pinned,16,227,589824,71,7.73685
pageable-pinned,16,227,589824,41,13.398
pinned-h2d,16,227,589824,34,16.1564
pageable-staging-h2d,16,227,589824,75,7.32422
fread-pinned,16,15,589824,77,7.13398
pageable-pinned,16,15,589824,39,14.085
pinned-h2d,16,15,589824,30,18.3105
pageable-staging-h2d,16,15,589824,69,7.96111
fread-pinned,16,84,589824,81,6.78168
pageable-pinned,16,84,589824,64,8.58307
pinned-h2d,16,84,589824,30,18.3105
pageable-staging-h2d,16,84,589824,94,5.84379
fread-pinned,16,9,589824,78,7.04252
pageable-pinned,16,9,589824,53,10.3645
pinned-h2d,16,9,589824,30,18.3105
pageable-staging-h2d,16,9,589824,83,6.61827
fread-pinned,16,56,720896,120,5.59489
pageable-pinned,16,56,720896,79,8.49857
pinned-h2d,16,56,720896,35,19.1825
pageable-staging-h2d,16,56,720896,114,5.88936
fread-pinned,16,113,589824,80,6.86646
pageable-pinned,16,113,589824,58,9.47097
pinned-h2d,16,113,589824,31,17.7199
pageable-staging-h2d,16,113,589824,89,6.17209
fread-pinned,16,173,720896,126,5.32847
pageable-pinned,16,173,720896,78,8.60752
pinned-h2d,16,173,720896,37,18.1456
pageable-staging-h2d,16,173,720896,115,5.83815
fread-pinned,16,141,720896,104,6.45564
pageable-pinned,16,141,720896,78,8.60752
pinned-h2d,16,141,720896,35,19.1825
pageable-staging-h2d,16,141,720896,113,5.94148
fread-pinned,16,175,589824,89,6.17209
pageable-pinned,16,175,589824,50,10.9863
pinned-h2d,16,175,589824,31,17.7199
pageable-staging-h2d,16,175,589824,81,6.78168
fread-pinned,16,126,589824,97,5.66306
pageable-pinned,16,126,589824,55,9.98757
pinned-h2d,16,126,589824,30,18.3105
pageable-staging-h2d,16,126,589824,85,6.46255
fread-pinned,16,83,720896,104,6.45564
pageable-pinned,16,83,720896,72,9.32482
pinned-h2d,16,83,720896,35,19.1825
pageable-staging-h2d,16,83,720896,107,6.27464
fread-pinned,16,68,589824,101,5.43878
pageable-pinned,16,68,589824,53,10.3645
pinned-h2d,16,68,589824,30,18.3105
pageable-staging-h2d,16,68,589824,83,6.61827
fread-pinned,16,193,589824,72,7.62939
pageable-pinned,16,193,589824,38,14.4557
pinned-h2d,16,193,589824,31,17.7199
pageable-staging-h2d,16,193,589824,69,7.96111
fread-pinned,16,71,589824,78,7.04252
pageable-pinned,16,71,589824,35,15.6948
pinned-h2d,16,71,589824,30,18.3105
pageable-staging-h2d,16,71,589824,65,8.45102
fread-pinned,16,199,720896,85,7.89867
pageable-pinned,16,199,720896,53,12.6677
pinned-h2d,16,199,720896,36,18.6496
pageable-staging-h2d,16,199,720896,89,7.54367
fread-pinned,16,169,589824,95,5.78228
pageable-pinned,16,169,589824,40,13.7329
pinned-h2d,16,169,589824,31,17.7199
pageable-staging-h2d,16,169,589824,71,7.73685
fread-pinned,16,214,589824,71,7.73685
pageable-pinned,16,214,589824,38,14.4557
pinned-h2d,16,214,589824,30,18.3105
pageable-staging-h2d,16,214,589824,68,8.07818
fread-pinned,16,177,589824,80,6.86646
pageable-pinned,16,177,589824,46,11.9417
pinned-h2d,16,177,589824,31,17.7199
pageable-staging-h2d,16,177,589824,77,7.13398
fread-pinned,16,128,720896,92,7.29768
pageable-pinned,16,128,720896,53,12.6677
pinned-h2d,16,128,720896,36,18.6496
pageable-staging-h2d,16,128,720896,89,7.54367
fread-pinned,16,139,589824,76,7.22785
pageable-pinned,16,139,589824,37,14.8464
pinned-h2d,16,139,589824,31,17.7199
pageable-staging-h2d,16,139,589824,68,8.07818
fread-pinned,16,115,720896,104,6.45564
pageable-pinned,16,115,720896,48,13.9872
pinned-h2d,16,115,720896,35,19.1825
pageable-staging-h2d,16,115,720896,83,8.089
fread-pinned,16,127,720896,70,9.59124
pageable-pinned,16,127,720896,38,17.6681
pinned-h2d,16,127,720896,37,18.1456
pageable-staging-h2d,16,127,720896,75,8.95182
fread-pinned,16,119,589824,99,5.54865
pageable-pinned,16,119,589824,42,13.079
pinned-h2d,16,119,589824,31,17.7199
pageable-staging-h2d,16,119,589824,73,7.52488
fread-pinned,16,59,589824,85,6.46255
pageable-pinned,16,59,589824,43,12.7748
pinned-h2d,16,59,589824,30,18.3105
pageable-staging-h2d,16,59,589824,73,7.52488
fread-pinned,16,101,720896,103,6.51832
pageable-pinned,16,101,720896,54,12.4331
pinned-h2d,16,101,720896,35,19.1825
pageable-staging-h2d,16,101,720896,89,7.54367
fread-pinned,16,121,720896,96,6.99361
pageable-pinned,16,121,720896,40,16.7847
pinned-h2d,16,121,720896,35,19.1825
pageable-staging-h2d,16,121,720896,75,8.95182
fread-pinned,16,134,720896,79,8.49857
pageable-pinned,16,134,720896,48,13.9872
pinned-h2d,16,134,720896,37,18.1456
pageable-staging-h2d,16,134,720896,85,7.89867
fread-pinned,16,99,589824,92,5.97083
pageable-pinned,16,99,589824,41,13.398
pinned-h2d,16,99,589824,31,17.7199
pageable-staging-h2d,16,99,589824,72,7.62939
fread-pinned,16,203,589824,71,7.73685
pageable-pinned,16,203,589824,42,13.079
pinned-h2d,16,203,589824,30,18.3105
pageable-staging-h2d,16,203,589824,72,7.62939
fread-pinned,16,17,589824,83,6.61827
pageable-pinned,16,17,589824,42,13.079
pinned-h2d,16,17,589824,30,18.3105
pageable-staging-h2d,16,17,589824,72,7.62939
fread-pinned,16,187,589824,80,6.86646
pageable-pinned,16,187,589824,42,13.079
pinned-h2d,16,187,589824,30,18.3105
pageable-staging-h2d,16,187,589824,72,7.62939
fread-pinned,16,43,720896,101,6.64739
pageable-pinned,16,43,720896,47,14.2848
pinned-h2d,16,43,720896,36,18.6496
pageable-staging-h2d,16,43,720896,83,8.089
fread-pinned,16,176,589824,75,7.32422
pageable-pinned,16,176,589824,40,13.7329
pinned-h2d,16,176,589824,31,17.7199
pageable-staging-h2d,16,176,589824,71,7.73685
fread-pinned,16,12,720896,78,8.60752
pageable-pinned,16,12,720896,51,13.1644
pinned-h2d,16,12,720896,35,19.1825
pageable-staging-h2d,16,12,720896,86,7.80682
fread-pinned,16,94,589824,66,8.32298
pageable-pinned,16,94,589824,38,14.4557
pinned-h2d,16,94,589824,36,15.2588
pageable-staging-h2d,16,94,589824,74,7.42319
fread-pinned,16,4,589824,80,6.86646
pageable-pinned,16,4,589824,65,8.45102
pinned-h2d,16,4,589824,31,17.7199
pageable-staging-h2d,16,4,589824,96,5.72205
fread-pinned,16,74,589824,87,6.31398
pageable-pinned,16,74,589824,56,9.80922
pinned-h2d,16,74,589824,30,18.3105
pageable-staging-h2d,16,74,589824,86,6.3874
fread-pinned,16,116,589824,94,5.84379
pageable-pinned,16,116,589824,59,9.31045
pinned-h2d,16,116,589824,30,18.3105
pageable-staging-h2d,16,116,589824,89,6.17209
fread-pinned,16,136,589824,96,5.72205
pageable-pinned,16,136,589824,51,10.7709
pinned-h2d,16,136,589824,31,17.7199
pageable-staging-h2d,16,136,589824,82,6.69898
fread-pinned,16,164,589824,77,7.13398
pageable-pinned,16,164,589824,53,10.3645
pinned-h2d,16,164,589824,30,18.3105
pageable-staging-h2d,16,164,589824,83,6.61827
fread-pinned,16,60,589824,96,5.72205
pageable-pinned,16,60,589824,57,9.63713
pinned-h2d,16,60,589824,30,18.3105
pageable-staging-h2d,16,60,589824,87,6.31398
fread-pinned,16,215,589824,80,6.86646
pageable-pinned,16,215,589824,57,9.63713
pinned-h2d,16,215,589824,30,18.3105
pageable-staging-h2d,16,215,589824,87,6.31398
fread-pinned,16,224,720896,105,6.39416
pageable-pinned,16,224,720896,77,8.71931
pinned-h2d,16,224,720896,35,19.1825
pageable-staging-h2d,16,224,720896,112,5.99452
fread-pinned,16,213,589824,85,6.46255
pageable-pinned,16,213,589824,59,9.31045
pinned-h2d,16,213,589824,30,18.3105
pageable-staging-h2d,16,213,589824,89,6.17209
fread-pinned,16,32,720896,110,6.10352
pageable-pinned,16,32,720896,69,9.73024
pinned-h2d,16,32,720896,35,19.1825
pageable-staging-h2d,16,32,720896,104,6.45564
fread-pinned,16,140,720896,120,5.59489
pageable-pinned,16,140,720896,53,12.6677
pinned-h2d,16,140,720896,36,18.6496
pageable-staging-h2d,16,140,720896,89,7.54367
fread-pinned,16,24,720896,100,6.71387
pageable-pinned,16,24,720896,49,13.7018
pinned-h2d,16,24,720896,35,19.1825
pageable-staging-h2d,16,24,720896,84,7.9927
fread-pinned,16,209,589824,61,9.00519
pageable-pinned,16,209,589824,32,17.1661
pinned-h2d,16,209,589824,31,17.7199
pageable-staging-h2d,16,209,589824,63,8.71931
fread-pinned,16,205,720896,107,6.27464
pageable-pinned,16,205,720896,57,11.7787
pinned-h2d,16,205,720896,36,18.6496
pageable-staging-h2d,16,205,720896,93,7.21921
fread-pinned,16,97,589824,95,5.78228
pageable-pinned,16,97,589824,43,12.7748
pinned-h2d,16,97,589824,31,17.7199
pageable-staging-h2d,16,97,589824,74,7.42319
fread-pinned,16,183,589824,64,8.58307
pageable-pinned,16,183,589824,39,14.085
pinned-h2d,16,183,589824,31,17.7199
pageable-staging-h2d,16,183,589824,70,7.84738
fread-pinned,16,65,589824,77,7.13398
pageable-pinned,16,65,589824,37,14.8464
pinned-h2d,16,65,589824,30,18.3105
pageable-staging-h2d,16,65,589824,67,8.19875
fread-pinned,16,153,720896,83,8.089
pageable-pinned,16,153,720896,49,13.7018
pinned-h2d,16,153,720896,36,18.6496
pageable-staging-h2d,16,153,720896,85,7.89867
fread-pinned,16,86,589824,70,7.84738
pageable-pinned,16,86,589824,39,14.085
pinned-h2d,16,86,589824,31,17.7199
pageable-staging-h2d,16,86,589824,70,7.84738
fread-pinned,16,237,720896,84,7.9927
pageable-pinned,16,237,720896,50,13.4277
pinned-h2d,16,237,720896,35,19.1825
pageable-staging-h2d,16,237,720896,85,7.89867
fread-pinned,16,197,589824,60,9.15527
pageable-pinned,16,197,589824,35,15.6948
pinned-h2d,16,197,589824,30,18.3105
pageable-staging-h2d,16,197,589824,65,8.45102
fread-pinned,16,23,589824,66,8.32298
pageable-pinned,16,23,589824,32,17.1661
pinned-h2d,16,23,589824,30,18.3105
pageable-staging-h2d,16,23,589824,62,8.85994
fread-pinned,16,79,589824,76,7.22785
pageable-pinned,16,79,589824,36,15.2588
pinned-h2d,16,79,589824,31,17.7199
pageable-staging-h2d,16,79,589824,67,8.19875
fread-pinned,16,131,589824,67,8.19875
pageable-pinned,16,131,589824,40,13.7329
pinned-h2d,16,131,589824,30,18.3105
pageable-staging-h2d,16,131,589824,70,7.84738
fread-pinned,16,184,589824,69,7.96111
pageable-pinned,16,184,589824,43,12.7748
pinned-h2d,16,184,589824,30,18.3105
pageable-staging-h2d,16,184,589824,73,7.52488
fread-pinned,16,48,589824,77,7.13398
pageable-pinned,16,48,589824,35,15.6948
pinned-h2d,16,48,589824,30,18.3105
pageable-staging-h2d,16,48,589824,65,8.45102
fread-pinned,16,233,589824,76,7.22785
pageable-pinned,16,233,589824,44,12.4845
pinned-h2d,16,233,589824,31,17.7199
pageable-staging-h2d,16,233,589824,75,7.32422
fread-pinned,16,253,589824,85,6.46255
pageable-pinned,16,253,589824,41,13.398
pinned-h2d,16,253,589824,30,18.3105
pageable-staging-h2d,16,253,589824,71,7.73685
fread-pinned,16,42,589824,83,6.61827
pageable-pinned,16,42,589824,42,13.079
pinned-h2d,16,42,589824,31,17.7199
pageable-staging-h2d,16,42,589824,73,7.52488
fread-pinned,16,29,589824,81,6.78168
pageable-pinned,16,29,589824,33,16.646
pinned-h2d,16,29,589824,30,18.3105
pageable-staging-h2d,16,29,589824,63,8.71931
fread-pinned,16,31,720896,109,6.15951
pageable-pinned,16,31,720896,52,12.9113
pinned-h2d,16,31,720896,38,17.6681
pageable-staging-h2d,16,31,720896,90,7.45985
fread-pinned,16,110,589824,64,8.58307
pageable-pinned,16,110,589824,32,17.1661
pinned-h2d,16,110,589824,30,18.3105
pageable-staging-h2d,16,110,589824,62,8.85994
fread-pinned,16,10,589824,64,8.58307
pageable-pinned,16,10,589824,40,13.7329
pinned-h2d,16,10,589824,30,18.3105
pageable-staging-h2d,16,10,589824,70,7.84738
fread-pinned,16,218,860160,106,7.55742
pageable-pinned,16,218,860160,57,14.0541
pinned-h2d,16,218,860160,41,19.5387
pageable-staging-h2d,16,218,860160,98,8.17435
fread-pinned,16,208,589824,68,8.07818
pageable-pinned,16,208,589824,38,14.4557
pinned-h2d,16,208,589824,31,17.7199
pageable-staging-h2d,16,208,589824,69,7.96111
fread-pinned,16,143,589824,98,5.60527
pageable-pinned,16,143,589824,40,13.7329
pinned-h2d,16,143,589824,31,17.7199
pageable-staging-h2d,16,143,589824,71,7.73685
fread-pinned,16,117,589824,69,7.96111
pageable-pinned,16,117,589824,36,15.2588
pinned-h2d,16,117,589824,31,17.7199
pageable-staging-h2d,16,117,589824,67,8.19875
fread-pinned,16,57,720896,101,6.64739
pageable-pinned,16,57,720896,53,12.6677
pinned-h2d,16,57,720896,38,17.6681
pageable-staging-h2d,16,57,720896,91,7.37788
fread-pinned,16,249,860160,106,7.55742
pageable-pinned,16,249,860160,62,12.9207
pinned-h2d,16,249,860160,42,19.0735
pageable-staging-h2d,16,249,860160,104,7.70275
fread-pinned,16,19,720896,89,7.54367
pageable-pinned,16,19,720896,47,14.2848
pinned-h2d,16,19,720896,37,18.1456
pageable-staging-h2d,16,19,720896,84,7.9927
fread-pinned,16,105,589824,88,6.24223
pageable-pinned,16,105,589824,45,12.207
pinned-h2d,16,105,589824,31,17.7199
pageable-staging-h2d,16,105,589824,76,7.22785
fread-pinned,16,98,589824,88,6.24223
pageable-pinned,16,98,589824,43,12.7748
pinned-h2d,16,98,589824,31,17.7199
pageable-staging-h2d,16,98,589824,74,7.42319
fread-pinned,16,202,589824,99,5.54865
pageable-pinned,16,202,589824,58,9.47097
pinned-h2d,16,202,589824,30,18.3105
pageable-staging-h2d,16,202,589824,88,6.24223
fread-pinned,16,160,720896,93,7.21921
pageable-pinned,16,160,720896,71,9.45615
pinned-h2d,16,160,720896,35,19.1825
pageable-staging-h2d,16,160,720896,106,6.33384
fread-pinned,16,178,720896,114,5.88936
pageable-pinned,16,178,720896,67,10.0207
pinned-h2d,16,178,720896,36,18.6496
pageable-staging-h2d,16,178,720896,103,6.51832
fread-pinned,16,222,589824,78,7.04252
pageable-pinned,16,222,589824,53,10.3645
pinned-h2d,16,222,589824,31,17.7199
pageable-staging-h2d,16,222,589824,84,6.53948
fread-pinned,16,151,589824,76,7.22785
pageable-pinned,16,151,589824,59,9.31045
pinned-h2d,16,151,589824,30,18.3105
pageable-staging-h2d,16,151,589824,89,6.17209
fread-pinned,16,77,720896,126,5.32847
pageable-pinned,16,77,720896,81,8.28872
pinned-h2d,16,77,720896,35,19.1825
pageable-staging-h2d,16,77,720896,116,5.78782
fread-pinned,16,207,589824,80,6.86646
pageable-pinned,16,207,589824,56,9.80922
pinned-h2d,16,207,589824,30,18.3105
pageable-staging-h2d,16,207,589824,86,6.3874
fread-pinned,16,144,589824,99,5.54865
pageable-pinned,16,144,589824,59,9.31045
pinned-h2d,16,144,589824,30,18.3105
pageable-staging-h2d,16,144,589824,89,6.17209
fread-pinned,17,190,589824,86,6.3874
pageable-pinned,17,190,589824,60,9.15527
pinned-h2d,17,190,589824,30,18.3105
pageable-staging-h2d,17,190,589824,90,6.10352
fread-pinned,17,185,720896,78,8.60752
pageable-pinned,17,185,720896,48,13.9872
pinned-h2d,17,185,720896,36,18.6496
pageable-staging-h2d,17,185,720896,84,7.9927
fread-pinned,17,191,720896,77,8.71931
pageable-pinned,17,191,720896,47,14.2848
pinned-h2d,17,191,720896,35,19.1825
pageable-staging-h2d,17,191,720896,82,8.18764
fread-pinned,17,182,589824,63,8.71931
pageable-pinned,17,182,589824,34,16.1564
pinned-h2d,17,182,589824,30,18.3105
pageable-staging-h2d,17,182,589824,64,8.58307
fread-pinned,17,188,589824,72,7.62939
pageable-pinned,17,188,589824,38,14.4557
pinned-h2d,17,188,589824,30,18.3105
pageable-staging-h2d,17,188,589824,68,8.07818
fread-pinned,17,47,589824,89,6.17209
pageable-pinned,17,47,589824,38,14.4557
pinned-h2d,17,47,589824,31,17.7199
pageable-staging-h2d,17,47,589824,69,7.96111
fread-pinned,17,4,589824,65,8.45102
pageable-pinned,17,4,589824,42,13.079
pinned-h2d,17,4,589824,30,18.3105
pageable-staging-h2d,17,4,589824,72,7.62939
fread-pinned,17,165,720896,79,8.49857
pageable-pinned,17,165,720896,46,14.5954
pinned-h2d,17,165,720896,35,19.1825
pageable-staging-h2d,17,165,720896,81,8.28872
fread-pinned,17,52,589824,78,7.04252
pageable-pinned,17,52,589824,37,14.8464
pinned-h2d,17,52,589824,30,18.3105
pageable-staging-h2d,17,52,589824,67,8.19875
fread-pinned,17,201,589824,71,7.73685
pageable-pinned,17,201,589824,44,12.4845
pinned-h2d,17,201,589824,30,18.3105
pageable-staging-h2d,17,201,589824,74,7.42319
fread-pinned,17,145,589824,86,6.3874
pageable-pinned,17,145,589824,37,14.8464
pinned-h2d,17,145,589824,31,17.7199
pageable-staging-h2d,17,145,589824,68,8.07818
fread-pinned,17,3,589824,66,8.32298
pageable-pinned,17,3,589824,38,14.4557
pinned-h2d,17,3,589824,30,18.3105
pageable-staging-h2d,17,3,589824,68,8.07818
fread-pinned,17,148,589824,70,7.84738
pageable-pinned,17,148,589824,43,12.7748
pinned-h2d,17,148,589824,31,17.7199
pageable-staging-h2d,17,148,589824,74,7.42319
fread-pinned,17,1,589824,67,8.19875
pageable-pinned,17,1,589824,43,12.7748
pinned-h2d,17,1,589824,30,18.3105
pageable-staging-h2d,17,1,589824,73,7.52488
fread-pinned,17,34,589824,94,5.84379
pageable-pinned,17,34,589824,59,9.31045
pinned-h2d,17,34,589824,30,18.3105
pageable-staging-h2d,17,34,589824,89,6.17209
fread-pinned,17,26,589824,76,7.22785
pageable-pinned,17,26,589824,41,13.398
pinned-h2d,17,26,589824,30,18.3105
pageable-staging-h2d,17,26,589824,71,7.73685
fread-pinned,17,187,589824,87,6.31398
pageable-pinned,17,187,589824,60,9.15527
pinned-h2d,17,187,589824,31,17.7199
pageable-staging-h2d,17,187,589824,91,6.03644
fread-pinned,17,223,860160,121,6.62055
pageable-pinned,17,223,860160,95,8.43249
pinned-h2d,17,223,860160,42,19.0735
pageable-staging-h2d,17,223,860160,137,5.84735
fread-pinned,17,159,720896,88,7.62939
pageable-pinned,17,159,720896,59,11.3794
pinned-h2d,17,159,720896,36,18.6496
pageable-staging-h2d,17,159,720896,95,7.06723
fread-pinned,17,232,589824,69,7.96111
pageable-pinned,17,232,589824,44,12.4845
pinned-h2d,17,232,589824,30,18.3105
pageable-staging-h2d,17,232,589824,74,7.42319
fread-pinned,17,140,720896,115,5.83815
pageable-pinned,17,140,720896,71,9.45615
pinned-h2d,17,140,720896,35,19.1825
pageable-staging-h2d,17,140,720896,106,6.33384
fread-pinned,17,174,589824,92,5.97083
pageable-pinned,17,174,589824,52,10.5638
pinned-h2d,17,174,589824,31,17.7199
pageable-staging-h2d,17,174,589824,83,6.61827
fread-pinned,17,246,589824,70,7.84738
pageable-pinned,17,246,589824,51,10.7709
pinned-h2d,17,246,589824,30,18.3105
pageable-staging-h2d,17,246,589824,81,6.78168
fread-pinned,17,19,720896,96,6.99361
pageable-pinned,17,19,720896,67,10.0207
pinned-h2d,17,19,720896,35,19.1825
pageable-staging-h2d,17,19,720896,102,6.58222
fread-pinned,17,56,720896,121,5.54865
pageable-pinned,17,56,720896,55,12.207
pinned-h2d,17,56,720896,36,18.6496
pageable-staging-h2d,17,56,720896,91,7.37788
fread-pinned,17,239,589824,73,7.52488
pageable-pinned,17,239,589824,36,15.2588
pinned-h2d,17,239,589824,30,18.3105
pageable-staging-h2d,17,239,589824,66,8.32298
fread-pinned,17,173,720896,113,5.94148
pageable-pinned,17,173,720896,48,13.9872
pinned-h2d,17,173,720896,37,18.1456
pageable-staging-h2d,17,173,720896,85,7.89867
fread-pinned,17,74,589824,73,7.52488
pageable-pinned,17,74,589824,37,14.8464
pinned-h2d,17,74,589824,31,17.7199
pageable-staging-h2d,17,74,589824,68,8.07818
fread-pinned,17,249,860160,107,7.48679
pageable-pinned,17,249,860160,66,12.1377
pinned-h2d,17,249,860160,42,19.0735
pageable-staging-h2d,17,249,860160,108,7.41747
fread-pinned,17,253,589824,84,6.53948
pageable-pinned,17,253,589824,51,10.7709
pinned-h2d,17,253,589824,31,17.7199
pageable-staging-h2d,17,253,589824,82,6.69898
fread-pinned,17,35,589824,87,6.31398
pageable-pinned,17,35,589824,51,10.7709
pinned-h2d,17,35,589824,31,17.7199
pageable-staging-h2d,17,35,589824,82,6.69898
fread-pinned,17,17,589824,88,6.24223
pageable-pinned,17,17,589824,64,8.58307
pinned-h2d,17,17,589824,30,18.3105
pageable-staging-h2d,17,17,589824,94,5.84379
fread-pinned,17,154,720896,135,4.97323
pageable-pinned,17,154,720896,81,8.28872
pinned-h2d,17,154,720896,35,19.1825
pageable-staging-h2d,17,154,720896,116,5.78782
fread-pinned,17,157,589824,79,6.95337
pageable-pinned,17,157,589824,57,9.63713
pinned-h2d,17,157,589824,30,18.3105
pageable-staging-h2d,17,157,589824,87,6.31398
fread-pinned,17,33,589824,96,5.72205
pageable-pinned,17,33,589824,63,8.71931
pinned-h2d,17,33,589824,30,18.3105
pageable-staging-h2d,17,33,589824,93,5.90663
fread-pinned,17,98,589824,87,6.31398
pageable-pinned,17,98,589824,42,13.079
pinned-h2d,17,98,589824,30,18.3105
pageable-staging-h2d,17,98,589824,72,7.62939
fread-pinned,17,96,720896,95,7.06723
pageable-pinned,17,96,720896,72,9.32482
pinned-h2d,17,96,720896,35,19.1825
pageable-staging-h2d,17,96,720896,107,6.27464
fread-pinned,17,23,589824,72,7.62939
pageable-pinned,17,23,589824,39,14.085
pinned-h2d,17,23,589824,30,18.3105
pageable-staging-h2d,17,23,589824,69,7.96111
fread-pinned,17,179,720896,118,5.68972
pageable-pinned,17,179,720896,68,9.87333
pinned-h2d,17,179,720896,35,19.1825
pageable-staging-h2d,17,179,720896,103,6.51832
fread-pinned,17,83,720896,107,6.27464
pageable-pinned,17,83,720896,76,8.83404
pinned-h2d,17,83,720896,36,18.6496
pageable-staging-h2d,17,83,720896,112,5.99452
fread-pinned,17,202,589824,88,6.24223
pageable-pinned,17,202,589824,42,13.079
pinned-h2d,17,202,589824,31,17.7199
pageable-staging-h2d,17,202,589824,73,7.52488
fread-pinned,17,124,589824,62,8.85994
pageable-pinned,17,124,589824,37,14.8464
pinned-h2d,17,124,589824,30,18.3105
pageable-staging-h2d,17,124,589824,67,8.19875
fread-pinned,17,27,589824,78,7.04252
pageable-pinned,17,27,589824,42,13.079
pinned-h2d,17,27,589824,30,18.3105
pageable-staging-h2d,17,27,589824,72,7.62939
fread-pinned,17,94,589824,67,8.19875
pageable-pinned,17,94,589824,38,14.4557
pinned-h2d,17,94,589824,30,18.3105
pageable-staging-h2d,17,94,589824,68,8.07818
fread-pinned,17,214,589824,70,7.84738
pageable-pinned,17,214,589824,38,14.4557
pinned-h2d,17,214,589824,30,18.3105
pageable-staging-h2d,17,214,589824,68,8.07818
fread-pinned,17,6,720896,93,7.21921
pageable-pinned,17,6,720896,53,12.6677
pinned-h2d,17,6,720896,37,18.1456
pageable-staging-h2d,17,6,720896,90,7.45985
fread-pinned,17,178,720896,114,5.88936
pageable-pinned,17,178,720896,66,10.1725
pinned-h2d,17,178,720896,37,18.1456
pageable-staging-h2d,17,178,720896,103,6.51832
fread-pinned,17,0,589824,72,7.62939
pageable-pinned,17,0,589824,40,13.7329
pinned-h2d,17,0,589824,30,18.3105
pageable-staging-h2d,17,0,589824,70,7.84738
fread-pinned,17,92,589824,85,6.46255
pageable-pinned,17,92,589824,59,9.31045
pinned-h2d,17,92,589824,30,18.3105
pageable-staging-h2d,17,92,589824,89,6.17209
fread-pinned,17,149,589824,79,6.95337
pageable-pinned,17,149,589824,60,9.15527
pinned-h2d,17,149,589824,31,17.7199
pageable-staging-h2d,17,149,589824,91,6.03644
fread-pinned,17,233,589824,83,6.61827
pageable-pinned,17,233,589824,61,9.00519
pinned-h2d,17,233,589824,30,18.3105
pageable-staging-h2d,17,233,589824,91,6.03644
fread-pinned,17,160,720896,98,6.85088
pageable-pinned,17,160,720896,70,9.59124
pinned-h2d,17,160,720896,36,18.6496
pageable-staging-h2d,17,160,720896,106,6.33384
fread-pinned,17,240,589824,79,6.95337
pageable-pinned,17,240,589824,52,10.5638
pinned-h2d,17,240,589824,31,17.7199
pageable-staging-h2d,17,240,589824,83,6.61827
fread-pinned,17,143,589824,101,5.43878
pageable-pinned,17,143,589824,58,9.47097
pinned-h2d,17,143,589824,30,18.3105
pageable-staging-h2d,17,143,589824,88,6.24223
fread-pinned,17,181,589824,75,7.32422
pageable-pinned,17,181,589824,48,11.4441
pinned-h2d,17,181,589824,30,18.3105
pageable-staging-h2d,17,181,589824,78,7.04252
fread-pinned,17,163,589824,78,7.04252
pageable-pinned,17,163,589824,56,9.80922
pinned-h2d,17,163,589824,29,18.9419
pageable-staging-h2d,17,163,589824,85,6.46255
fread-pinned,17,130,589824,71,7.73685
pageable-pinned,17,130,589824,45,12.207
pinned-h2d,17,130,589824,30,18.3105
pageable-staging-h2d,17,130,589824,75,7.32422
fread-pinned,17,72,589824,68,8.07818
pageable-pinned,17,72,589824,31,17.7199
pinned-h2d,17,72,589824,29,18.9419
pageable-staging-h2d,17,72,589824,60,9.15527
fread-pinned,17,102,720896,109,6.15951
pageable-pinned,17,102,720896,50,13.4277
pinned-h2d,17,102,720896,36,18.6496
pageable-staging-h2d,17,102,720896,86,7.80682
fread-pinned,17,220,589824,67,8.19875
pageable-pinned,17,220,589824,40,13.7329
pinned-h2d,17,220,589824,29,18.9419
pageable-staging-h2d,17,220,589824,69,7.96111
fread-pinned,17,176,589824,73,7.52488
pageable-pinned,17,176,589824,40,13.7329
pinned-h2d,17,176,589824,31,17.7199
pageable-staging-h2d,17,176,589824,71,7.73685
fread-pinned,17,186,720896,76,8.83404
pageable-pinned,17,186,720896,49,13.7018
pinned-h2d,17,186,720896,35,19.1825
pageable-staging-h2d,17,186,720896,84,7.9927
fread-pinned,17,208,589824,71,7.73685
pageable-pinned,17,208,589824,38,14.4557
pinned-h2d,17,208,589824,30,18.3105
pageable-staging-h2d,17,208,589824,68,8.07818
fread-pinned,17,126,589824,81,6.78168
pageable-pinned,17,126,589824,39,14.085
pinned-h2d,17,126,589824,30,18.3105
pageable-staging-h2d,17,126,589824,69,7.96111
fread-pinned,17,144,589824,82,6.69898
pageable-pinned,17,144,589824,35,15.6948
pinned-h2d,17,144,589824,31,17.7199
pageable-staging-h2d,17,144,589824,66,8.32298
fread-pinned,17,207,589824,70,7.84738
pageable-pinned,17,207,589824,38,14.4557
pinned-h2d,17,207,589824,30,18.3105
pageable-staging-h2d,17,207,589824,68,8.07818
fread-pinned,17,247,589824,66,8.32298
pageable-pinned,17,247,589824,37,14.8464
pinned-h2d,17,247,589824,30,18.3105
pageable-staging-h2d,17,247,589824,67,8.19875
fread-pinned,17,123,589824,68,8.07818
pageable-pinned,17,123,589824,42,13.079
pinned-h2d,17,123,589824,30,18.3105
pageable-staging-h2d,17,123,589824,72,7.62939
fread-pinned,17,79,589824,76,7.22785
pageable-pinned,17,79,589824,34,16.1564
pinned-h2d,17,79,589824,30,18.3105
pageable-staging-h2d,17,79,589824,64,8.58307
fread-pinned,17,8,589824,59,9.31045
pageable-pinned,17,8,589824,34,16.1564
pinned-h2d,17,8,589824,30,18.3105
pageable-staging-h2d,17,8,589824,64,8.58307
fread-pinned,17,114,720896,100,6.71387
pageable-pinned,17,114,720896,73,9.19708
pinned-h2d,17,114,720896,35,19.1825
pageable-staging-h2d,17,114,720896,108,6.21654
fread-pinned,17,216,589824,76,7.22785
pageable-pinned,17,216,589824,52,10.5638
pinned-h2d,17,216,589824,30,18.3105
pageable-staging-h2d,17,216,589824,82,6.69898
fread-pinned,17,166,720896,91,7.37788
pageable-pinned,17,166,720896,64,10.4904
pinned-h2d,17,166,720896,35,19.1825
pageable-staging-h2d,17,166,720896,99,6.78168
fread-pinned,17,60,589824,96,5.72205
pageable-pinned,17,60,589824,61,9.00519
pinned-h2d,17,60,589824,30,18.3105
pageable-staging-h2d,17,60,589824,91,6.03644
fread-pinned,17,53,589824,90,6.10352
pageable-pinned,17,53,589824,54,10.1725
pinned-h2d,17,53,589824,30,18.3105
pageable-staging-h2d,17,53,589824,84,6.53948
fread-pinned,17,235,589824,85,6.46255
pageable-pinned,17,235,589824,43,12.7748
pinned-h2d,17,235,589824,30,18.3105
pageable-staging-h2d,17,235,589824,73,7.52488
fread-pinned,17,200,589824,77,7.13398
pageable-pinned,17,200,589824,41,13.398
pinned-h2d,17,200,589824,31,17.7199
pageable-staging-h2d,17,200,589824,72,7.62939
fread-pinned,17,152,589824,90,6.10352
pageable-pinned,17,152,589824,39,14.085
pinned-h2d,17,152,589824,30,18.3105
pageable-staging-h2d,17,152,589824,69,7.96111
fread-pinned,17,209,589824,60,9.15527
pageable-pinned,17,209,589824,33,16.646
pinned-h2d,17,209,589824,30,18.3105
pageable-staging-h2d,17,209,589824,63,8.71931
fread-pinned,17,142,589824,66,8.32298
pageable-pinned,17,142,589824,40,13.7329
pinned-h2d,17,142,589824,29,18.9419
pageable-staging-h2d,17,142,589824,69,7.96111
fread-pinned,17,237,720896,86,7.80682
pageable-pinned,17,237,720896,50,13.4277
pinned-h2d,17,237,720896,36,18.6496
pageable-staging-h2d,17,237,720896,86,7.80682
fread-pinned,17,111,589824,76,7.22785
pageable-pinned,17,111,589824,35,15.6948
pinned-h2d,17,111,589824,31,17.7199
pageable-staging-h2d,17,111,589824,66,8.32298
fread-pinned,17,18,720896,90,7.45985
pageable-pinned,17,18,720896,48,13.9872
pinned-h2d,17,18,720896,36,18.6496
pageable-staging-h2d,17,18,720896,84,7.9927
fread-pinned,17,21,589824,75,7.32422
pageable-pinned,17,21,589824,36,15.2588
pinned-h2d,17,21,589824,30,18.3105
pageable-staging-h2d,17,21,589824,66,8.32298
fread-pinned,17,62,589824,77,7.13398
pageable-pinned,17,62,589824,35,15.6948
pinned-h2d,17,62,589824,31,17.7199
pageable-staging-h2d,17,62,589824,66,8.32298
fread-pinned,17,251,589824,59,9.31045
pageable-pinned,17,251,589824,34,16.1564
pinned-h2d,17,251,589824,29,18.9419
pageable-staging-h2d,17,251,589824,63,8.71931
fread-pinned,17,225,589824,60,9.15527
pageable-pinned,17,225,589824,33,16.646
pinned-h2d,17,225,589824,31,17.7199
pageable-staging-h2d,17,225,589824,64,8.58307
fread-pinned,17,28,589824,82,6.69898
pageable-pinned,17,28,589824,36,15.2588
pinned-h2d,17,28,589824,31,17.7199
pageable-staging-h2d,17,28,589824,67,8.19875
fread-pinned,17,9,589824,66,8.32298
pageable-pinned,17,9,589824,37,14.8464
pinned-h2d,17,9,589824,31,17.7199
pageable-staging-h2d,17,9,589824,68,8.07818
fread-pinned,17,106,589824,85,6.46255
pageable-pinned,17,106,589824,34,16.1564
pinned-h2d,17,106,589824,30,18.3105
pageable-staging-h2d,17,106,589824,64,8.58307
fread-pinned,17,54,589824,82,6.69898
pageable-pinned,17,54,589824,39,14.085
pinned-h2d,17,54,589824,30,18.3105
pageable-staging-h2d,17,54,589824,69,7.96111
fread-pinned,17,175,589824,78,7.04252
pageable-pinned,17,175,589824,36,15.2588
pinned-h2d,17,175,589824,30,18.3105
pageable-staging-h2d,17,175,589824,66,8.32298
fread-pinned,17,171,589824,76,7.22785
pageable-pinned,17,171,589824,34,16.1564
pinned-h2d,17,171,589824,31,17.7199
pageable-staging-h2d,17,171,589824,65,8.45102
fread-pinned,17,167,720896,82,8.18764
pageable-pinned,17,167,720896,52,12.9113
pinned-h2d,17,167,720896,35,19.1825
pageable-staging-h2d,17,167,720896,87,7.71709
fread-pinned,17,64,720896,99,6.78168
pageable-pinned,17,64,720896,41,16.3753
pinned-h2d,17,64,720896,36,18.6496
pageable-staging-h2d,17,64,720896,77,8.71931
fread-pinned,17,41,589824,73,7.52488
pageable-pinned,17,41,589824,34,16.1564
pinned-h2d,17,41,589824,31,17.7199
pageable-staging-h2d,17,41,589824,65,8.45102
fread-pinned,17,77,720896,119,5.64191
pageable-pinned,17,77,720896,54,12.4331
pinned-h2d,17,77,720896,36,18.6496
pageable-staging-h2d,17,77,720896,90,7.45985
fread-pinned,17,38,720896,94,7.14241
pageable-pinned,17,38,720896,50,13.4277
pinned-h2d,17,38,720896,37,18.1456
pageable-staging-h2d,17,38,720896,87,7.71709
fread-pinned,17,37,720896,83,8.089
pageable-pinned,17,37,720896,40,16.7847
pinned-h2d,17,37,720896,35,19.1825
pageable-staging-h2d,17,37,720896,75,8.95182
fread-pinned,17,164,589824,64,8.58307
pageable-pinned,17,164,589824,40,13.7329
pinned-h2d,17,164,589824,30,18.3105
pageable-staging-h2d,17,164,589824,70,7.84738
fread-pinned,17,215,589824,81,6.78168
pageable-pinned,17,215,589824,57,9.63713
pinned-h2d,17,215,589824,30,18.3105
pageable-staging-h2d,17,215,589824,87,6.31398
fread-pinned,17,150,589824,87,6.31398
pageable-pinned,17,150,589824,42,13.079
pinned-h2d,17,150,589824,31,17.7199
pageable-staging-h2d,17,150,589824,73,7.52488
fread-pinned,17,252,589824,91,6.03644
pageable-pinned,17,252,589824,50,10.9863
pinned-h2d,17,252,589824,30,18.3105
pageable-staging-h2d,17,252,589824,80,6.86646
fread-pinned,17,210,720896,91,7.37788
pageable-pinned,17,210,720896,67,10.0207
pinned-h2d,17,210,720896,35,19.1825
pageable-staging-h2d,17,210,720896,102,6.58222
fread-pinned,17,119,589824,103,5.33317
pageable-pinned,17,119,589824,57,9.63713
pinned-h2d,17,119,589824,30,18.3105
pageable-staging-h2d,17,119,589824,87,6.31398
fread-pinned,17,67,589824,94,5.84379
pageable-pinned,17,67,589824,62,8.85994
pinned-h2d,17,67,589824,30,18.3105
pageable-staging-h2d,17,67,589824,92,5.97083
fread-pinned,17,25,720896,106,6.33384
pageable-pinned,17,25,720896,75,8.95182
pinned-h2d,17,25,720896,35,19.1825
pageable-staging-h2d,17,25,720896,110,6.10352
fread-pinned,17,32,720896,110,6.10352
pageable-pinned,17,32,720896,70,9.59124
pinned-h2d,17,32,720896,35,19.1825
pageable-staging-h2d,17,32,720896,105,6.39416
fread-pinned,17,30,720896,110,6.10352
pageable-pinned,17,30,720896,72,9.32482
pinned-h2d,17,30,720896,35,19.1825
pageable-staging-h2d,17,30,720896,107,6.27464
fread-pinned,17,105,589824,96,5.72205
pageable-pinned,17,105,589824,56,9.80922
pinned-h2d,17,105,589824,31,17.7199
pageable-staging-h2d,17,105,589824,87,6.31398
fread-pinned,17,161,589824,75,7.32422
pageable-pinned,17,161,589824,39,14.085
pinned-h2d,17,161,589824,30,18.3105
pageable-staging-h2d,17,161,589824,69,7.96111
fread-pinned,17,88,720896,86,7.80682
pageable-pinned,17,88,720896,50,13.4277
pinned-h2d,17,88,720896,36,18.6496
pageable-staging-h2d,17,88,720896,86,7.80682
fread-pinned,17,107,589824,88,6.24223
pageable-pinned,17,107,589824,35,15.6948
pinned-h2d,17,107,589824,31,17.7199
pageable-staging-h2d,17,107,589824,66,8.32298
fread-pinned,17,221,589824,84,6.53948
pageable-pinned,17,221,589824,42,13.079
pinned-h2d,17,221,589824,31,17.7199
pageable-staging-h2d,17,221,589824,73,7.52488
fread-pinned,17,230,720896,76,8.83404
pageable-pinned,17,230,720896,48,13.9872
pinned-h2d,17,230,720896,35,19.1825
pageable-staging-h2d,17,230,720896,83,8.089
fread-pinned,17,11,720896,88,7.62939
pageable-pinned,17,11,720896,57,11.7787
pinned-h2d,17,11,720896,36,18.6496
pageable-staging-h2d,17,11,720896,93,7.21921
fread-pinned,17,48,589824,89,6.17209
pageable-pinned,17,48,589824,51,10.7709
pinned-h2d,17,48,589824,30,18.3105
pageable-staging-h2d,17,48,589824,81,6.78168
fread-pinned,17,57,720896,113,5.94148
pageable-pinned,17,57,720896,77,8.71931
pinned-h2d,17,57,720896,35,19.1825
pageable-staging-h2d,17,57,720896,112,5.99452
fread-pinned,17,39,589824,98,5.60527
pageable-pinned,17,39,589824,59,9.31045
pinned-h2d,17,39,589824,31,17.7199
pageable-staging-h2d,17,39,589824,90,6.10352
fread-pinned,17,103,589824,79,6.95337
pageable-pinned,17,103,589824,56,9.80922
pinned-h2d,17,103,589824,31,17.7199
pageable-staging-h2d,17,103,589824,87,6.31398
fread-pinned,17,127,720896,87,7.71709
pageable-pinned,17,127,720896,54,12.4331
pinned-h2d,17,127,720896,36,18.6496
pageable-staging-h2d,17,127,720896,90,7.45985
fread-pinned,17,80,589824,92,5.97083
pageable-pinned,17,80,589824,52,10.5638
pinned-h2d,17,80,589824,30,18.3105
pageable-staging-h2d,17,80,589824,82,6.69898
fread-pinned,17,158,589824,71,7.73685
pageable-pinned,17,158,589824,47,11.6876
pinned-h2d,17,158,589824,31,17.7199
pageable-staging-h2d,17,158,589824,78,7.04252
fread-pinned,17,7,589824,70,7.84738
pageable-pinned,17,7,589824,45,12.207
pinned-h2d,17,7,589824,30,18.3105
pageable-staging-h2d,17,7,589824,75,7.32422
fread-pinned,17,132,589824,71,7.73685
pageable-pinned,17,132,589824,44,12.4845
pinned-h2d,17,132,589824,31,17.7199
pageable-staging-h2d,17,132,589824,75,7.32422
fread-pinned,17,146,720896,97,6.92151
pageable-pinned,17,146,720896,71,9.45615
pinned-h2d,17,146,720896,35,19.1825
pageable-staging-h2d,17,146,720896,106,6.33384
fread-pinned,17,244,860160,134,5.97826
pageable-pinned,17,244,860160,90,8.90096
pinned-h2d,17,244,860160,42,19.0735
pageable-staging-h2d,17,244,860160,132,6.06884
fread-pinned,17,51,720896,111,6.04853
pageable-pinned,17,51,720896,51,13.1644
pinned-h2d,17,51,720896,37,18.1456
pageable-staging-h2d,17,51,720896,88,7.62939
fread-pinned,17,156,589824,73,7.52488
pageable-pinned,17,156,589824,40,13.7329
pinned-h2d,17,156,589824,31,17.7199
pageable-staging-h2d,17,156,589824,71,7.73685
fread-pinned,17,100,589824,80,6.86646
pageable-pinned,17,100,589824,36,15.2588
pinned-h2d,17,100,589824,30,18.3105
pageable-staging-h2d,17,100,589824,66,8.32298
fread-pinned,17,118,589824,87,6.31398
pageable-pinned,17,118,589824,43,12.7748
pinned-h2d,17,118,589824,31,17.7199
pageable-staging-h2d,17,118,589824,74,7.42319
fread-pinned,17,16,589824,88,6.24223
pageable-pinned,17,16,589824,43,12.7748
pinned-h2d,17,16,589824,31,17.7199
pageable-staging-h2d,17,16,589824,74,7.42319
fread-pinned,17,241,589824,68,8.07818
pageable-pinned,17,241,589824,36,15.2588
pinned-h2d,17,241,589824,31,17.7199
pageable-staging-h2d,17,241,589824,67,8.19875
fread-pinned,17,217,860160,98,8.17435
pageable-pinned,17,217,860160,62,12.9207
pinned-h2d,17,217,860160,42,19.0735
pageable-staging-h2d,17,217,860160,104,7.70275
fread-pinned,17,42,589824,82,6.69898
pageable-pinned,17,42,589824,40,13.7329
pinned-h2d,17,42,589824,31,17.7199
pageable-staging-h2d,17,42,589824,71,7.73685
fread-pinned,17,129,589824,75,7.32422
pageable-pinned,17,129,589824,39,14.085
pinned-h2d,17,129,589824,31,17.7199
pageable-staging-h2d,17,129,589824,70,7.84738
fread-pinned,17,194,589824,70,7.84738
pageable-pinned,17,194,589824,34,16.1564
pinned-h2d,17,194,589824,31,17.7199
pageable-staging-h2d,17,194,589824,65,8.45102
fread-pinned,17,87,589824,66,8.32298
pageable-pinned,17,87,589824,38,14.4557
pinned-h2d,17,87,589824,30,18.3105
pageable-staging-h2d,17,87,589824,68,8.07818
fread-pinned,17,90,589824,67,8.19875
pageable-pinned,17,90,589824,34,16.1564
pinned-h2d,17,90,589824,29,18.9419
pageable-staging-h2d,17,90,589824,63,8.71931
fread-pinned,17,242,589824,70,7.84738
pageable-pinned,17,242,589824,37,14.8464
pinned-h2d,17,242,589824,30,18.3105
pageable-staging-h2d,17,242,589824,67,8.19875
fread-pinned,17,206,589824,71,7.73685
pageable-pinned,17,206,589824,39,14.085
pinned-h2d,17,206,589824,30,18.3105
pageable-staging-h2d,17,206,589824,69,7.96111
fread-pinned,17,31,720896,106,6.33384
pageable-pinned,17,31,720896,55,12.207
pinned-h2d,17,31,720896,36,18.6496
pageable-staging-h2d,17,31,720896,91,7.37788
fread-pinned,17,12,720896,82,8.18764
pageable-pinned,17,12,720896,55,12.207
pinned-h2d,17,12,720896,36,18.6496
pageable-staging-h2d,17,12,720896,91,7.37788
fread-pinned,17,45,589824,84,6.53948
pageable-pinned,17,45,589824,39,14.085
pinned-h2d,17,45,589824,30,18.3105
pageable-staging-h2d,17,45,589824,69,7.96111
fread-pinned,17,121,720896,97,6.92151
pageable-pinned,17,121,720896,47,14.2848
pinned-h2d,17,121,720896,35,19.1825
pageable-staging-h2d,17,121,720896,82,8.18764
fread-pinned,17,115,720896,103,6.51832
pageable-pinned,17,115,720896,51,13.1644
pinned-h2d,17,115,720896,36,18.6496
pageable-staging-h2d,17,115,720896,87,7.71709
fread-pinned,17,66,589824,75,7.32422
pageable-pinned,17,66,589824,32,17.1661
pinned-h2d,17,66,589824,31,17.7199
pageable-staging-h2d,17,66,589824,63,8.71931
fread-pinned,17,24,720896,100,6.71387
pageable-pinned,17,24,720896,49,13.7018
pinned-h2d,17,24,720896,36,18.6496
pageable-staging-h2d,17,24,720896,85,7.89867
fread-pinned,17,108,720896,116,5.78782
pageable-pinned,17,108,720896,48,13.9872
pinned-h2d,17,108,720896,35,19.1825
pageable-staging-h2d,17,108,720896,83,8.089
fread-pinned,17,99,589824,84,6.53948
pageable-pinned,17,99,589824,37,14.8464
pinned-h2d,17,99,589824,30,18.3105
pageable-staging-h2d,17,99,589824,67,8.19875
fread-pinned,17,112,589824,75,7.32422
pageable-pinned,17,112,589824,53,10.3645
pinned-h2d,17,112,589824,30,18.3105
pageable-staging-h2d,17,112,589824,83,6.61827
fread-pinned,17,169,589824,105,5.23158
pageable-pinned,17,169,589824,59,9.31045
pinned-h2d,17,169,589824,30,18.3105
pageable-staging-h2d,17,169,589824,89,6.17209
fread-pinned,17,84,589824,81,6.78168
pageable-pinned,17,84,589824,62,8.85994
pinned-h2d,17,84,589824,30,18.3105
pageable-staging-h2d,17,84,589824,92,5.97083
fread-pinned,17,101,720896,113,5.94148
pageable-pinned,17,101,720896,73,9.19708
pinned-h2d,17,101,720896,35,19.1825
pageable-staging-h2d,17,101,720896,108,6.21654
fread-pinned,17,183,589824,75,7.32422
pageable-pinned,17,183,589824,56,9.80922
pinned-h2d,17,183,589824,31,17.7199
pageable-staging-h2d,17,183,589824,87,6.31398
fread-pinned,17,255,860160,117,6.84689
pageable-pinned,17,255,860160,83,9.65164
pinned-h2d,17,255,860160,42,19.0735
pageable-staging-h2d,17,255,860160,125,6.40869
fread-pinned,17,250,860160,143,5.602
pageable-pinned,17,250,860160,82,9.76935
pinned-h2d,17,250,860160,40,20.0272
pageable-staging-h2d,17,250,860160,122,6.56628
fread-pinned,17,151,589824,79,6.95337
pageable-pinned,17,151,589824,59,9.31045
pinned-h2d,17,151,589824,31,17.7199
pageable-staging-h2d,17,151,589824,90,6.10352
fread-pinned,17,86,589824,78,7.04252
pageable-pinned,17,86,589824,57,9.63713
pinned-h2d,17,86,589824,30,18.3105
pageable-staging-h2d,17,86,589824,87,6.31398
fread-pinned,17,2,589824,77,7.13398
pageable-pinned,17,2,589824,61,9.00519
pinned-h2d,17,2,589824,30,18.3105
pageable-staging-h2d,17,2,589824,91,6.03644
fread-pinned,17,205,720896,121,5.54865
pageable-pinned,17,205,720896,54,12.4331
pinned-h2d,17,205,720896,35,19.1825
pageable-staging-h2d,17,205,720896,89,7.54367
fread-pinned,17,141,720896,89,7.54367
pageable-pinned,17,141,720896,54,12.4331
pinned-h2d,17,141,720896,35,19.1825
pageable-staging-h2d,17,141,720896,89,7.54367
fread-pinned,17,65,589824,79,6.95337
pageable-pinned,17,65,589824,37,14.8464
pinned-h2d,17,65,589824,30,18.3105
pageable-staging-h2d,17,65,589824,67,8.19875
fread-pinned,17,234,589824,101,5.43878
pageable-pinned,17,234,589824,43,12.7748
pinned-h2d,17,234,589824,30,18.3105
pageable-staging-h2d,17,234,589824,73,7.52488
fread-pinned,17,15,589824,77,7.13398
pageable-pinned,17,15,589824,39,14.085
pinned-h2d,17,15,589824,31,17.7199
pageable-staging-h2d,17,15,589824,70,7.84738
fread-pinned,17,238,589824,79,6.95337
pageable-pinned,17,238,589824,39,14.085
pinned-h2d,17,238,589824,31,17.7199
pageable-staging-h2d,17,238,589824,70,7.84738
fread-pinned,17,184,589824,84,6.53948
pageable-pinned,17,184,589824,61,9.00519
pinned-h2d,17,184,589824,29,18.9419
pageable-staging-h2d,17,184,589824,90,6.10352
fread-pinned,17,172,720896,100,6.71387
pageable-pinned,17,172,720896,71,9.45615
pinned-h2d,17,172,720896,35,19.1825
pageable-staging-h2d,17,172,720896,106,6.33384
fread-pinned,17,75,720896,117,5.73835
pageable-pinned,17,75,720896,78,8.60752
pinned-h2d,17,75,720896,35,19.1825
pageable-staging-h2d,17,75,720896,113,5.94148
fread-pinned,17,248,589824,79,6.95337
pageable-pinned,17,248,589824,58,9.47097
pinned-h2d,17,248,589824,30,18.3105
pageable-staging-h2d,17,248,589824,88,6.24223
fread-pinned,17,228,589824,75,7.32422
pageable-pinned,17,228,589824,47,11.6876
pinned-h2d,17,228,589824,31,17.7199
pageable-staging-h2d,17,228,589824,78,7.04252
fread-pinned,17,212,720896,99,6.78168
pageable-pinned,17,212,720896,55,12.207
pinned-h2d,17,212,720896,35,19.1825
pageable-staging-h2d,17,212,720896,90,7.45985
fread-pinned,17,213,589824,85,6.46255
pageable-pinned,17,213,589824,59,9.31045
pinned-h2d,17,213,589824,33,16.646
pageable-staging-h2d,17,213,589824,92,5.97083
fread-pinned,17,153,720896,95,7.06723
pageable-pinned,17,153,720896,72,9.32482
pinned-h2d,17,153,720896,35,19.1825
pageable-staging-h2d,17,153,720896,107,6.27464
fread-pinned,17,120,720896,127,5.28651
pageable-pinned,17,120,720896,79,8.49857
pinned-h2d,17,120,720896,36,18.6496
pageable-staging-h2d,17,120,720896,115,5.83815
fread-pinned,17,78,589824,92,5.97083
pageable-pinned,17,78,589824,58,9.47097
pinned-h2d,17,78,589824,29,18.9419
pageable-staging-h2d,17,78,589824,87,6.31398
fread-pinned,17,116,589824,83,6.61827
pageable-pinned,17,116,589824,43,12.7748
pinned-h2d,17,116,589824,30,18.3105
pageable-staging-h2d,17,116,589824,73,7.52488
fread-pinned,17,137,589824,59,9.31045
pageable-pinned,17,137,589824,36,15.2588
pinned-h2d,17,137,589824,31,17.7199
pageable-staging-h2d,17,137,589824,67,8.19875
fread-pinned,17,85,589824,74,7.42319
pageable-pinned,17,85,589824,44,12.4845
pinned-h2d,17,85,589824,30,18.3105
pageable-staging-h2d,17,85,589824,74,7.42319
fread-pinned,17,227,589824,71,7.73685
pageable-pinned,17,227,589824,41,13.398
pinned-h2d,17,227,589824,30,18.3105
pageable-staging-h2d,17,227,589824,71,7.73685
fread-pinned,17,46,589824,89,6.17209
pageable-pinned,17,46,589824,42,13.079
pinned-h2d,17,46,589824,30,18.3105
pageable-staging-h2d,17,46,589824,72,7.62939
fread-pinned,17,13,589824,76,7.22785
pageable-pinned,17,13,589824,41,13.398
pinned-h2d,17,13,589824,30,18.3105
pageable-staging-h2d,17,13,589824,71,7.73685
fread-pinned,17,104,589824,75,7.32422
pageable-pinned,17,104,589824,37,14.8464
pinned-h2d,17,104,589824,30,18.3105
pageable-staging-h2d,17,104,589824,67,8.19875
fread-pinned,17,95,720896,94,7.14241
pageable-pinned,17,95,720896,51,13.1644
pinned-h2d,17,95,720896,34,19.7467
pageable-staging-h2d,17,95,720896,85,7.89867
fread-pinned,17,20,589824,84,6.53948
pageable-pinned,17,20,589824,45,12.207
pinned-h2d,17,20,589824,30,18.3105
pageable-staging-h2d,17,20,589824,75,7.32422
fread-pinned,17,113,589824,73,7.52488
pageable-pinned,17,113,589824,42,13.079
pinned-h2d,17,113,589824,31,17.7199
pageable-staging-h2d,17,113,589824,73,7.52488
fread-pinned,17,222,589824,70,7.84738
pageable-pinned,17,222,589824,38,14.4557
pinned-h2d,17,222,589824,30,18.3105
pageable-staging-h2d,17,222,589824,68,8.07818
fread-pinned,17,5,720896,77,8.71931
pageable-pinned,17,5,720896,46,14.5954
pinned-h2d,17,5,720896,36,18.6496
pageable-staging-h2d,17,5,720896,82,8.18764
fread-pinned,17,199,720896,91,7.37788
pageable-pinned,17,199,720896,76,8.83404
pinned-h2d,17,199,720896,36,18.6496
pageable-staging-h2d,17,199,720896,112,5.99452
fread-pinned,17,55,589824,93,5.90663
pageable-pinned,17,55,589824,51,10.7709
pinned-h2d,17,55,589824,30,18.3105
pageable-staging-h2d,17,55,589824,81,6.78168
fread-pinned,17,189,589824,78,7.04252
pageable-pinned,17,189,589824,54,10.1725
pinned-h2d,17,189,589824,30,18.3105
pageable-staging-h2d,17,189,589824,84,6.53948
fread-pinned,17,226,589824,81,6.78168
pageable-pinned,17,226,589824,59,9.31045
pinned-h2d,17,226,589824,30,18.3105
pageable-staging-h2d,17,226,589824,89,6.17209
fread-pinned,17,76,720896,115,5.83815
pageable-pinned,17,76,720896,65,10.329
pinned-h2d,17,76,720896,35,19.1825
pageable-staging-h2d,17,76,720896,100,6.71387
fread-pinned,17,10,589824,75,7.32422
pageable-pinned,17,10,589824,56,9.80922
pinned-h2d,17,10,589824,30,18.3105
pageable-staging-h2d,17,10,589824,86,6.3874
fread-pinned,17,89,720896,92,7.29768
pageable-pinned,17,89,720896,66,10.1725
pinned-h2d,17,89,720896,36,18.6496
pageable-staging-h2d,17,89,720896,102,6.58222
fread-pinned,17,43,720896,114,5.88936
pageable-pinned,17,43,720896,68,9.87333
pinned-h2d,17,43,720896,35,19.1825
pageable-staging-h2d,17,43,720896,103,6.51832
fread-pinned,17,254,589824,84,6.53948
pageable-pinned,17,254,589824,59,9.31045
pinned-h2d,17,254,589824,31,17.7199
pageable-staging-h2d,17,254,589824,90,6.10352
fread-pinned,17,147,720896,103,6.51832
pageable-pinned,17,147,720896,76,8.83404
pinned-h2d,17,147,720896,36,18.6496
pageable-staging-h2d,17,147,720896,112,5.99452
fread-pinned,17,109,720896,128,5.24521
pageable-pinned,17,109,720896,56,11.989
pinned-h2d,17,109,720896,35,19.1825
pageable-staging-h2d,17,109,720896,91,7.37788
fread-pinned,17,195,589824,93,5.90663
pageable-pinned,17,195,589824,42,13.079
pinned-h2d,17,195,589824,30,18.3105
pageable-staging-h2d,17,195,589824,72,7.62939
fread-pinned,17,139,589824,75,7.32422
pageable-pinned,17,139,589824,37,14.8464
pinned-h2d,17,139,589824,31,17.7199
pageable-staging-h2d,17,139,589824,68,8.07818
fread-pinned,17,50,720896,109,6.15951
pageable-pinned,17,50,720896,42,15.9854
pinned-h2d,17,50,720896,36,18.6496
pageable-staging-h2d,17,50,720896,78,8.60752
fread-pinned,17,192,720896,99,6.78168
pageable-pinned,17,192,720896,48,13.9872
pinned-h2d,17,192,720896,36,18.6496
pageable-staging-h2d,17,192,720896,84,7.9927
fread-pinned,17,196,589824,66,8.32298
pageable-pinned,17,196,589824,37,14.8464
pinned-h2d,17,196,589824,30,18.3105
pageable-staging-h2d,17,196,589824,67,8.19875
fread-pinned,17,170,589824,94,5.84379
pageable-pinned,17,170,589824,43,12.7748
pinned-h2d,17,170,589824,30,18.3105
pageable-staging-h2d,17,170,589824,73,7.52488
fread-pinned,17,110,589824,73,7.52488
pageable-pinned,17,110,589824,46,11.9417
pinned-h2d,17,110,589824,31,17.7199
pageable-staging-h2d,17,110,589824,77,7.13398
fread-pinned,17,198,720896,101,6.64739
pageable-pinned,17,198,720896,80,8.39233
pinned-h2d,17,198,720896,37,18.1456
pageable-staging-h2d,17,198,720896,117,5.73835
fread-pinned,17,49,589824,96,5.72205
pageable-pinned,17,49,589824,60,9.15527
pinned-h2d,17,49,589824,31,17.7199
pageable-staging-h2d,17,49,589824,91,6.03644
fread-pinned,17,218,860160,118,6.78887
pageable-pinned,17,218,860160,83,9.65164
pinned-h2d,17,218,860160,42,19.0735
pageable-staging-h2d,17,218,860160,125,6.40869
fread-pinned,17,44,720896,116,5.78782
pageable-pinned,17,44,720896,66,10.1725
pinned-h2d,17,44,720896,37,18.1456
pageable-staging-h2d,17,44,720896,103,6.51832
fread-pinned,17,91,589824,84,6.53948
pageable-pinned,17,91,589824,59,9.31045
pinned-h2d,17,91,589824,31,17.7199
pageable-staging-h2d,17,91,589824,90,6.10352
fread-pinned,17,236,720896,100,6.71387
pageable-pinned,17,236,720896,72,9.32482
pinned-h2d,17,236,720896,35,19.1825
pageable-staging-h2d,17,236,720896,107,6.27464
fread-pinned,17,73,589824,91,6.03644
pageable-pinned,17,73,589824,50,10.9863
pinned-h2d,17,73,589824,30,18.3105
pageable-staging-h2d,17,73,589824,80,6.86646
fread-pinned,17,136,589824,94,5.84379
pageable-pinned,17,136,589824,51,10.7709
pinned-h2d,17,136,589824,30,18.3105
pageable-staging-h2d,17,136,589824,81,6.78168
fread-pinned,17,138,589824,87,6.31398
pageable-pinned,17,138,589824,44,12.4845
pinned-h2d,17,138,589824,31,17.7199
pageable-staging-h2d,17,138,589824,75,7.32422
fread-pinned,17,36,589824,91,6.03644
pageable-pinned,17,36,589824,44,12.4845
pinned-h2d,17,36,589824,31,17.7199
pageable-staging-h2d,17,36,589824,75,7.32422
fread-pinned,17,168,589824,84,6.53948
pageable-pinned,17,168,589824,35,15.6948
pinned-h2d,17,168,589824,31,17.7199
pageable-staging-h2d,17,168,589824,66,8.32298
fread-pinned,17,134,720896,77,8.71931
pageable-pinned,17,134,720896,49,13.7018
pinned-h2d,17,134,720896,37,18.1456
pageable-staging-h2d,17,134,720896,86,7.80682
fread-pinned,17,97,589824,96,5.72205
pageable-pinned,17,97,589824,39,14.085
pinned-h2d,17,97,589824,31,17.7199
pageable-staging-h2d,17,97,589824,70,7.84738
fread-pinned,17,81,589824,76,7.22785
pageable-pinned,17,81,589824,42,13.079
pinned-h2d,17,81,589824,31,17.7199
pageable-staging-h2d,17,81,589824,73,7.52488
fread-pinned,17,122,720896,92,7.29768
pageable-pinned,17,122,720896,71,9.45615
pinned-h2d,17,122,720896,36,18.6496
pageable-staging-h2d,17,122,720896,107,6.27464
fread-pinned,17,211,720896,90,7.45985
pageable-pinned,17,211,720896,52,12.9113
pinned-h2d,17,211,720896,35,19.1825
pageable-staging-h2d,17,211,720896,87,7.71709
fread-pinned,17,204,720896,102,6.58222
pageable-pinned,17,204,720896,75,8.95182
pinned-h2d,17,204,720896,35,19.1825
pageable-staging-h2d,17,204,720896,110,6.10352
fread-pinned,17,224,720896,105,6.39416
pageable-pinned,17,224,720896,76,8.83404
pinned-h2d,17,224,720896,36,18.6496
pageable-staging-h2d,17,224,720896,112,5.99452
fread-pinned,17,117,589824,78,7.04252
pageable-pinned,17,117,589824,50,10.9863
pinned-h2d,17,117,589824,30,18.3105
pageable-staging-h2d,17,117,589824,80,6.86646
fread-pinned,17,63,720896,112,5.99452
pageable-pinned,17,63,720896,72,9.32482
pinned-h2d,17,63,720896,36,18.6496
pageable-staging-h2d,17,63,720896,108,6.21654
fread-pinned,17,128,720896,2197,0.305592
pageable-pinned,17,128,720896,257,2.6124
pinned-h2d,17,128,720896,41,16.3753
pageable-staging-h2d,17,128,720896,298,2.25298
fread-pinned,17,193,589824,77,7.13398
pageable-pinned,17,193,589824,203,2.70599
pinned-h2d,17,193,589824,30,18.3105
pageable-staging-h2d,17,193,589824,233,2.35758
fread-pinned,17,162,589824,64,8.58307
pageable-pinned,17,162,589824,203,2.70599
pinned-h2d,17,162,589824,30,18.3105
pageable-staging-h2d,17,162,589824,233,2.35758
fread-pinned,17,180,589824,64,8.58307
pageable-pinned,17,180,589824,195,2.81701
pinned-h2d,17,180,589824,30,18.3105
pageable-staging-h2d,17,180,589824,225,2.44141
fread-pinned,17,135,589824,70,7.84738
pageable-pinned,17,135,589824,207,2.6537
pinned-h2d,17,135,589824,30,18.3105
pageable-staging-h2d,17,135,589824,237,2.31779
fread-pinned,17,70,720896,110,6.10352
pageable-pinned,17,70,720896,249,2.69633
pinned-h2d,17,70,720896,35,19.1825
pageable-staging-h2d,17,70,720896,284,2.36404
fread-pinned,17,59,589824,99,5.54865
pageable-pinned,17,59,589824,208,2.64094
pinned-h2d,17,59,589824,30,18.3105
pageable-staging-h2d,17,59,589824,238,2.30805
fread-pinned,17,68,589824,102,5.38545
pageable-pinned,17,68,589824,204,2.69273
pinned-h2d,17,68,589824,30,18.3105
pageable-staging-h2d,17,68,589824,234,2.34751
fread-pinned,17,125,589824,81,6.78168
pageable-pinned,17,125,589824,201,2.73292
pinned-h2d,17,125,589824,30,18.3105
pageable-staging-h2d,17,125,589824,231,2.37799
fread-pinned,17,93,589824,71,7.73685
pageable-pinned,17,93,589824,208,2.64094
pinned-h2d,17,93,589824,30,18.3105
pageable-staging-h2d,17,93,589824,238,2.30805
fread-pinned,17,229,589824,76,7.22785
pageable-pinned,17,229,589824,206,2.66658
pinned-h2d,17,229,589824,31,17.7199
pageable-staging-h2d,17,229,589824,237,2.31779
fread-pinned,17,131,589824,76,7.22785
pageable-pinned,17,131,589824,207,2.6537
pinned-h2d,17,131,589824,30,18.3105
pageable-staging-h2d,17,131,589824,237,2.31779
fread-pinned,17,243,860160,117,6.84689
pageable-pinned,17,243,860160,298,2.68821
pinned-h2d,17,243,860160,41,19.5387
pageable-staging-h2d,17,243,860160,339,2.36309
fread-pinned,17,219,589824,81,6.78168
pageable-pinned,17,219,589824,211,2.6034
pinned-h2d,17,219,589824,30,18.3105
pageable-staging-h2d,17,219,589824,241,2.27932
fread-pinned,17,177,589824,80,6.86646
pageable-pinned,17,177,589824,209,2.62831
pinned-h2d,17,177,589824,30,18.3105
pageable-staging-h2d,17,177,589824,239,2.2984
fread-pinned,17,22,589824,86,6.3874
pageable-pinned,17,22,589824,210,2.61579
pinned-h2d,17,22,589824,30,18.3105
pageable-staging-h2d,17,22,589824,240,2.28882
fread-pinned,17,69,720896,96,6.99361
pageable-pinned,17,69,720896,252,2.66423
pinned-h2d,17,69,720896,36,18.6496
pageable-staging-h2d,17,69,720896,288,2.3312
fread-pinned,17,14,589824,73,7.52488
pageable-pinned,17,14,589824,207,2.6537
pinned-h2d,17,14,589824,30,18.3105
pageable-staging-h2d,17,14,589824,237,2.31779
fread-pinned,17,231,720896,88,7.62939
pageable-pinned,17,231,720896,254,2.64325
pinned-h2d,17,231,720896,35,19.1825
pageable-staging-h2d,17,231,720896,289,2.32314
fread-pinned,17,155,589824,79,6.95337
pageable-pinned,17,155,589824,210,2.61579
pinned-h2d,17,155,589824,30,18.3105
pageable-staging-h2d,17,155,589824,240,2.28882
fread-pinned,17,82,720896,98,6.85088
pageable-pinned,17,82,720896,252,2.66423
pinned-h2d,17,82,720896,37,18.1456
pageable-staging-h2d,17,82,720896,289,2.32314
fread-pinned,17,133,720896,84,7.9927
pageable-pinned,17,133,720896,254,2.64325
pinned-h2d,17,133,720896,36,18.6496
pageable-staging-h2d,17,133,720896,290,2.31513
fread-pinned,17,203,589824,72,7.62939
pageable-pinned,17,203,589824,215,2.55496
pinned-h2d,17,203,589824,31,17.7199
pageable-staging-h2d,17,203,589824,246,2.23299
fread-pinned,17,58,589824,86,6.3874
pageable-pinned,17,58,589824,197,2.78841
pinned-h2d,17,58,589824,30,18.3105
pageable-staging-h2d,17,58,589824,227,2.4199
fread-pinned,17,29,589824,86,6.3874
pageable-pinned,17,29,589824,203,2.70599
pinned-h2d,17,29,589824,31,17.7199
pageable-staging-h2d,17,29,589824,234,2.34751
fread-pinned,17,71,589824,89,6.17209
pageable-pinned,17,71,589824,205,2.67959
pinned-h2d,17,71,589824,31,17.7199
pageable-staging-h2d,17,71,589824,236,2.32761
fread-pinned,17,197,589824,62,8.85994
pageable-pinned,17,197,589824,201,2.73292
pinned-h2d,17,197,589824,31,17.7199
pageable-staging-h2d,17,197,589824,232,2.36774
fread-pinned,17,40,589824,79,6.95337
pageable-pinned,17,40,589824,199,2.76038
pinned-h2d,17,40,589824,30,18.3105
pageable-staging-h2d,17,40,589824,229,2.39876
fread-pinned,17,61,589824,93,5.90663
pageable-pinned,17,61,589824,222,2.4744
pinned-h2d,17,61,589824,30,18.3105
pageable-staging-h2d,17,61,589824,252,2.17983
fread-pinned,17,245,589824,91,6.03644
pageable-pinned,17,245,589824,205,2.67959
pinned-h2d,17,245,589824,30,18.3105
pageable-staging-h2d,17,245,589824,235,2.33752
fread-pinned,18,153,720896,99,6.78168
pageable-pinned,18,153,720896,252,2.66423
pinned-h2d,18,153,720896,35,19.1825
pageable-staging-h2d,18,153,720896,287,2.33933
fread-pinned,18,157,589824,78,7.04252
pageable-pinned,18,157,589824,208,2.64094
pinned-h2d,18,157,589824,31,17.7199
pageable-staging-h2d,18,157,589824,239,2.2984
fread-pinned,18,93,589824,71,7.73685
pageable-pinned,18,93,589824,44,12.4845
pinned-h2d,18,93,589824,31,17.7199
pageable-staging-h2d,18,93,589824,75,7.32422
fread-pinned,18,192,720896,100,6.71387
pageable-pinned,18,192,720896,244,2.75158
pinned-h2d,18,192,720896,35,19.1825
pageable-staging-h2d,18,192,720896,279,2.4064
fread-pinned,18,119,589824,90,6.10352
pageable-pinned,18,119,589824,207,2.6537
pinned-h2d,18,119,589824,29,18.9419
pageable-staging-h2d,18,119,589824,236,2.32761
fread-pinned,18,176,589824,80,6.86646
pageable-pinned,18,176,589824,197,2.78841
pinned-h2d,18,176,589824,30,18.3105
pageable-staging-h2d,18,176,589824,227,2.4199
fread-pinned,18,227,589824,84,6.53948
pageable-pinned,18,227,589824,206,2.66658
pinned-h2d,18,227,589824,30,18.3105
pageable-staging-h2d,18,227,589824,236,2.32761
fread-pinned,18,205,720896,124,5.41441
pageable-pinned,18,205,720896,265,2.53353
pinned-h2d,18,205,720896,35,19.1825
pageable-staging-h2d,18,205,720896,300,2.23796
fread-pinned,18,151,589824,66,8.32298
pageable-pinned,18,151,589824,207,2.6537
pinned-h2d,18,151,589824,30,18.3105
pageable-staging-h2d,18,151,589824,237,2.31779
fread-pinned,18,172,720896,88,7.62939
pageable-pinned,18,172,720896,246,2.72921
pinned-h2d,18,172,720896,36,18.6496
pageable-staging-h2d,18,172,720896,282,2.3808
fread-pinned,18,58,589824,77,7.13398
pageable-pinned,18,58,589824,34,16.1564
pinned-h2d,18,58,589824,31,17.7199
pageable-staging-h2d,18,58,589824,65,8.45102
fread-pinned,18,109,720896,123,5.45843
pageable-pinned,18,109,720896,248,2.7072
pinned-h2d,18,109,720896,36,18.6496
pageable-staging-h2d,18,109,720896,284,2.36404
fread-pinned,18,78,589824,91,6.03644
pageable-pinned,18,78,589824,209,2.62831
pinned-h2d,18,78,589824,30,18.3105
pageable-staging-h2d,18,78,589824,239,2.2984
fread-pinned,18,224,720896,108,6.21654
pageable-pinned,18,224,720896,254,2.64325
pinned-h2d,18,224,720896,36,18.6496
pageable-staging-h2d,18,224,720896,290,2.31513
fread-pinned,18,195,589824,92,5.97083
pageable-pinned,18,195,589824,211,2.6034
pinned-h2d,18,195,589824,31,17.7199
pageable-staging-h2d,18,195,589824,242,2.2699
fread-pinned,18,232,589824,57,9.63713
pageable-pinned,18,232,589824,193,2.8462
pinned-h2d,18,232,589824,29,18.9419
pageable-staging-h2d,18,232,589824,222,2.4744
fread-pinned,18,7,589824,60,9.15527
pageable-pinned,18,7,589824,199,2.76038
pinned-h2d,18,7,589824,31,17.7199
pageable-staging-h2d,18,7,589824,230,2.38833
fread-pinned,18,84,589824,87,6.31398
pageable-pinned,18,84,589824,206,2.66658
pinned-h2d,18,84,589824,30,18.3105
pageable-staging-h2d,18,84,589824,236,2.32761
fread-pinned,18,130,589824,71,7.73685
pageable-pinned,18,130,589824,196,2.80263
pinned-h2d,18,130,589824,30,18.3105
pageable-staging-h2d,18,130,589824,226,2.4306
fread-pinned,18,158,589824,72,7.62939
pageable-pinned,18,158,589824,197,2.78841
pinned-h2d,18,158,589824,30,18.3105
pageable-staging-h2d,18,158,589824,227,2.4199
fread-pinned,18,86,589824,84,6.53948
pageable-pinned,18,86,589824,207,2.6537
pinned-h2d,18,86,589824,30,18.3105
pageable-staging-h2d,18,86,589824,237,2.31779
fread-pinned,18,9,589824,65,8.45102
pageable-pinned,18,9,589824,199,2.76038
pinned-h2d,18,9,589824,30,18.3105
pageable-staging-h2d,18,9,589824,229,2.39876
fread-pinned,18,32,720896,89,7.54367
pageable-pinned,18,32,720896,250,2.68555
pinned-h2d,18,32,720896,35,19.1825
pageable-staging-h2d,18,32,720896,285,2.35574
fread-pinned,18,90,589824,73,7.52488
pageable-pinned,18,90,589824,198,2.77433
pinned-h2d,18,90,589824,30,18.3105
pageable-staging-h2d,18,90,589824,228,2.40928
fread-pinned,18,72,589824,74,7.42319
pageable-pinned,18,72,589824,190,2.89114
pinned-h2d,18,72,589824,30,18.3105
pageable-staging-h2d,18,72,589824,220,2.49689
fread-pinned,18,36,589824,99,5.54865
pageable-pinned,18,36,589824,208,2.64094
pinned-h2d,18,36,589824,30,18.3105
pageable-staging-h2d,18,36,589824,238,2.30805
fread-pinned,18,231,720896,103,6.51832
pageable-pinned,18,231,720896,62,10.8288
pinned-h2d,18,231,720896,35,19.1825
pageable-staging-h2d,18,231,720896,97,6.92151
fread-pinned,18,152,589824,82,6.69898
pageable-pinned,18,152,589824,193,2.8462
pinned-h2d,18,152,589824,30,18.3105
pageable-staging-h2d,18,152,589824,223,2.4633
fread-pinned,18,156,589824,74,7.42319
pageable-pinned,18,156,589824,201,2.73292
pinned-h2d,18,156,589824,30,18.3105
pageable-staging-h2d,18,156,589824,231,2.37799
fread-pinned,18,138,589824,72,7.62939
pageable-pinned,18,138,589824,209,2.62831
pinned-h2d,18,138,589824,34,16.1564
pageable-staging-h2d,18,138,589824,243,2.26056
fread-pinned,18,244,860160,134,5.97826
pageable-pinned,18,244,860160,299,2.67922
pinned-h2d,18,244,860160,42,19.0735
pageable-staging-h2d,18,244,860160,341,2.34923
fread-pinned,18,185,720896,95,7.06723
pageable-pinned,18,185,720896,248,2.7072
pinned-h2d,18,185,720896,36,18.6496
pageable-staging-h2d,18,185,720896,284,2.36404
fread-pinned,18,95,720896,112,5.99452
pageable-pinned,18,95,720896,251,2.67485
pinned-h2d,18,95,720896,34,19.7467
pageable-staging-h2d,18,95,720896,285,2.35574
fread-pinned,18,63,720896,99,6.78168
pageable-pinned,18,63,720896,250,2.68555
pinned-h2d,18,63,720896,35,19.1825
pageable-staging-h2d,18,63,720896,285,2.35574
fread-pinned,18,81,589824,78,7.04252
pageable-pinned,18,81,589824,205,2.67959
pinned-h2d,18,81,589824,30,18.3105
pageable-staging-h2d,18,81,589824,235,2.33752
fread-pinned,18,135,589824,80,6.86646
pageable-pinned,18,135,589824,60,9.15527
pinned-h2d,18,135,589824,31,17.7199
pageable-staging-h2d,18,135,589824,91,6.03644
fread-pinned,18,210,720896,92,7.29768
pageable-pinned,18,210,720896,247,2.71816
pinned-h2d,18,210,720896,35,19.1825
pageable-staging-h2d,18,210,720896,282,2.3808
fread-pinned,18,47,589824,85,6.46255
pageable-pinned,18,47,589824,199,2.76038
pinned-h2d,18,47,589824,30,18.3105
pageable-staging-h2d,18,47,589824,229,2.39876
fread-pinned,18,69,720896,107,6.27464
pageable-pinned,18,69,720896,71,9.45615
pinned-h2d,18,69,720896,35,19.1825
pageable-staging-h2d,18,69,720896,106,6.33384
fread-pinned,18,20,589824,93,5.90663
pageable-pinned,18,20,589824,202,2.71939
pinned-h2d,18,20,589824,30,18.3105
pageable-staging-h2d,18,20,589824,232,2.36774
fread-pinned,18,170,589824,96,5.72205
pageable-pinned,18,170,589824,196,2.80263
pinned-h2d,18,170,589824,31,17.7199
pageable-staging-h2d,18,170,589824,227,2.4199
fread-pinned,18,216,589824,76,7.22785
pageable-pinned,18,216,589824,201,2.73292
pinned-h2d,18,216,589824,30,18.3105
pageable-staging-h2d,18,216,589824,231,2.37799
fread-pinned,18,122,720896,86,7.80682
pageable-pinned,18,122,720896,253,2.6537
pinned-h2d,18,122,720896,36,18.6496
pageable-staging-h2d,18,122,720896,289,2.32314
fread-pinned,18,217,860160,100,8.01086
pageable-pinned,18,217,860160,295,2.71555
pinned-h2d,18,217,860160,41,19.5387
pageable-staging-h2d,18,217,860160,336,2.38419
fread-pinned,18,103,589824,74,7.42319
pageable-pinned,18,103,589824,205,2.67959
pinned-h2d,18,103,589824,30,18.3105
pageable-staging-h2d,18,103,589824,235,2.33752
fread-pinned,18,27,589824,85,6.46255
pageable-pinned,18,27,589824,208,2.64094
pinned-h2d,18,27,589824,31,17.7199
pageable-staging-h2d,18,27,589824,239,2.2984
fread-pinned,18,196,589824,80,6.86646
pageable-pinned,18,196,589824,196,2.80263
pinned-h2d,18,196,589824,30,18.3105
pageable-staging-h2d,18,196,589824,226,2.4306
fread-pinned,18,22,589824,97,5.66306
pageable-pinned,18,22,589824,58,9.47097
pinned-h2d,18,22,589824,30,18.3105
pageable-staging-h2d,18,22,589824,88,6.24223
fread-pinned,18,6,720896,90,7.45985
pageable-pinned,18,6,720896,246,2.72921
pinned-h2d,18,6,720896,35,19.1825
pageable-staging-h2d,18,6,720896,281,2.38928
fread-pinned,18,233,589824,71,7.73685
pageable-pinned,18,233,589824,202,2.71939
pinned-h2d,18,233,589824,31,17.7199
pageable-staging-h2d,18,233,589824,233,2.35758
fread-pinned,18,175,589824,78,7.04252
pageable-pinned,18,175,589824,203,2.70599
pinned-h2d,18,175,589824,30,18.3105
pageable-staging-h2d,18,175,589824,233,2.35758
fread-pinned,18,183,589824,64,8.58307
pageable-pinned,18,183,589824,212,2.59112
pinned-h2d,18,183,589824,29,18.9419
pageable-staging-h2d,18,183,589824,241,2.27932
fread-pinned,18,208,589824,63,8.71931
pageable-pinned,18,208,589824,198,2.77433
pinned-h2d,18,208,589824,29,18.9419
pageable-staging-h2d,18,208,589824,227,2.4199
fread-pinned,18,35,589824,78,7.04252
pageable-pinned,18,35,589824,203,2.70599
pinned-h2d,18,35,589824,31,17.7199
pageable-staging-h2d,18,35,589824,234,2.34751
fread-pinned,18,68,589824,102,5.38545
pageable-pinned,18,68,589824,63,8.71931
pinned-h2d,18,68,589824,31,17.7199
pageable-staging-h2d,18,68,589824,94,5.84379
fread-pinned,18,150,589824,87,6.31398
pageable-pinned,18,150,589824,195,2.81701
pinned-h2d,18,150,589824,30,18.3105
pageable-staging-h2d,18,150,589824,225,2.44141
fread-pinned,18,253,589824,93,5.90663
pageable-pinned,18,253,589824,212,2.59112
pinned-h2d,18,253,589824,31,17.7199
pageable-staging-h2d,18,253,589824,243,2.26056
fread-pinned,18,11,720896,89,7.54367
pageable-pinned,18,11,720896,242,2.77433
pinned-h2d,18,11,720896,35,19.1825
pageable-staging-h2d,18,11,720896,277,2.42378
fread-pinned,18,221,589824,84,6.53948
pageable-pinned,18,221,589824,215,2.55496
pinned-h2d,18,221,589824,30,18.3105
pageable-staging-h2d,18,221,589824,245,2.24211
fread-pinned,18,200,589824,78,7.04252
pageable-pinned,18,200,589824,202,2.71939
pinned-h2d,18,200,589824,30,18.3105
pageable-staging-h2d,18,200,589824,232,2.36774
fread-pinned,18,124,589824,63,8.71931
pageable-pinned,18,124,589824,202,2.71939
pinned-h2d,18,124,589824,30,18.3105
pageable-staging-h2d,18,124,589824,232,2.36774
fread-pinned,18,127,720896,83,8.089
pageable-pinned,18,127,720896,235,2.85696
pinned-h2d,18,127,720896,35,19.1825
pageable-staging-h2d,18,127,720896,270,2.48662
fread-pinned,18,102,720896,119,5.64191
pageable-pinned,18,102,720896,251,2.67485
pinned-h2d,18,102,720896,35,19.1825
pageable-staging-h2d,18,102,720896,286,2.34751
fread-pinned,18,56,720896,121,5.54865
pageable-pinned,18,56,720896,256,2.6226
pinned-h2d,18,56,720896,34,19.7467
pageable-staging-h2d,18,56,720896,290,2.31513
fread-pinned,18,80,589824,82,6.69898
pageable-pinned,18,80,589824,205,2.67959
pinned-h2d,18,80,589824,42,13.079
pageable-staging-h2d,18,80,589824,247,2.22395
fread-pinned,18,21,589824,75,7.32422
pageable-pinned,18,21,589824,202,2.71939
pinned-h2d,18,21,589824,30,18.3105
pageable-staging-h2d,18,21,589824,232,2.36774
fread-pinned,18,182,589824,74,7.42319
pageable-pinned,18,182,589824,202,2.71939
pinned-h2d,18,182,589824,29,18.9419
pageable-staging-h2d,18,182,589824,231,2.37799
fread-pinned,18,1,589824,79,6.95337
pageable-pinned,18,1,589824,206,2.66658
pinned-h2d,18,1,589824,30,18.3105
pageable-staging-h2d,18,1,589824,236,2.32761
fread-pinned,18,167,720896,96,6.99361
pageable-pinned,18,167,720896,255,2.63289
pinned-h2d,18,167,720896,36,18.6496
pageable-staging-h2d,18,167,720896,291,2.30717
fread-pinned,18,91,589824,82,6.69898
pageable-pinned,18,91,589824,206,2.66658
pinned-h2d,18,91,589824,31,17.7199
pageable-staging-h2d,18,91,589824,237,2.31779
fread-pinned,18,203,589824,71,7.73685
pageable-pinned,18,203,589824,44,12.4845
pinned-h2d,18,203,589824,31,17.7199
pageable-staging-h2d,18,203,589824,75,7.32422
fread-pinned,18,65,589824,78,7.04252
pageable-pinned,18,65,589824,205,2.67959
pinned-h2d,18,65,589824,30,18.3105
pageable-staging-h2d,18,65,589824,235,2.33752
fread-pinned,18,171,589824,76,7.22785
pageable-pinned,18,171,589824,203,2.70599
pinned-h2d,18,171,589824,29,18.9419
pageable-staging-h2d,18,171,589824,232,2.36774
fread-pinned,18,67,589824,94,5.84379
pageable-pinned,18,67,589824,204,2.69273
pinned-h2d,18,67,589824,30,18.3105
pageable-staging-h2d,18,67,589824,234,2.34751
fread-pinned,18,70,720896,115,5.83815
pageable-pinned,18,70,720896,70,9.59124
pinned-h2d,18,70,720896,35,19.1825
pageable-staging-h2d,18,70,720896,105,6.39416
fread-pinned,18,97,589824,104,5.28189
pageable-pinned,18,97,589824,208,2.64094
pinned-h2d,18,97,589824,30,18.3105
pageable-staging-h2d,18,97,589824,238,2.30805
fread-pinned,18,31,720896,102,6.58222
pageable-pinned,18,31,720896,260,2.58226
pinned-h2d,18,31,720896,36,18.6496
pageable-staging-h2d,18,31,720896,296,2.2682
fread-pinned,18,187,589824,82,6.69898
pageable-pinned,18,187,589824,207,2.6537
pinned-h2d,18,187,589824,30,18.3105
pageable-staging-h2d,18,187,589824,237,2.31779
fread-pinned,18,209,589824,59,9.31045
pageable-pinned,18,209,589824,196,2.80263
pinned-h2d,18,209,589824,31,17.7199
pageable-staging-h2d,18,209,589824,227,2.4199
fread-pinned,18,163,589824,82,6.69898
pageable-pinned,18,163,589824,207,2.6537
pinned-h2d,18,163,589824,29,18.9419
pageable-staging-h2d,18,163,589824,236,2.32761
fread-pinned,18,105,589824,94,5.84379
pageable-pinned,18,105,589824,218,2.5198
pinned-h2d,18,105,589824,32,17.1661
pageable-staging-h2d,18,105,589824,250,2.19727
fread-pinned,18,23,589824,77,7.13398
pageable-pinned,18,23,589824,198,2.77433
pinned-h2d,18,23,589824,30,18.3105
pageable-staging-h2d,18,23,589824,228,2.40928
fread-pinned,18,46,589824,88,6.24223
pageable-pinned,18,46,589824,215,2.55496
pinned-h2d,18,46,589824,30,18.3105
pageable-staging-h2d,18,46,589824,245,2.24211
fread-pinned,18,234,589824,95,5.78228
pageable-pinned,18,234,589824,209,2.62831
pinned-h2d,18,234,589824,30,18.3105
pageable-staging-h2d,18,234,589824,239,2.2984
fread-pinned,18,146,720896,82,8.18764
pageable-pinned,18,146,720896,255,2.63289
pinned-h2d,18,146,720896,35,19.1825
pageable-staging-h2d,18,146,720896,290,2.31513
fread-pinned,18,242,589824,81,6.78168
pageable-pinned,18,242,589824,203,2.70599
pinned-h2d,18,242,589824,31,17.7199
pageable-staging-h2d,18,242,589824,234,2.34751
fread-pinned,18,134,720896,94,7.14241
pageable-pinned,18,134,720896,253,2.6537
pinned-h2d,18,134,720896,36,18.6496
pageable-staging-h2d,18,134,720896,289,2.32314
fread-pinned,18,48,589824,80,6.86646
pageable-pinned,18,48,589824,200,2.74658
pinned-h2d,18,48,589824,31,17.7199
pageable-staging-h2d,18,48,589824,231,2.37799
fread-pinned,18,13,589824,78,7.04252
pageable-pinned,18,13,589824,210,2.61579
pinned-h2d,18,13,589824,30,18.3105
pageable-staging-h2d,18,13,589824,240,2.28882
fread-pinned,18,220,589824,65,8.45102
pageable-pinned,18,220,589824,199,2.76038
pinned-h2d,18,220,589824,30,18.3105
pageable-staging-h2d,18,220,589824,229,2.39876
fread-pinned,18,41,589824,71,7.73685
pageable-pinned,18,41,589824,197,2.78841
pinned-h2d,18,41,589824,30,18.3105
pageable-staging-h2d,18,41,589824,227,2.4199
fread-pinned,18,3,589824,79,6.95337
pageable-pinned,18,3,589824,207,2.6537
pinned-h2d,18,3,589824,30,18.3105
pageable-staging-h2d,18,3,589824,237,2.31779
fread-pinned,18,250,860160,150,5.34058
pageable-pinned,18,250,860160,301,2.66142
pinned-h2d,18,250,860160,41,19.5387
pageable-staging-h2d,18,250,860160,342,2.34236
fread-pinned,18,177,589824,89,6.17209
pageable-pinned,18,177,589824,64,8.58307
pinned-h2d,18,177,589824,31,17.7199
pageable-staging-h2d,18,177,589824,95,5.78228
fread-pinned,18,147,720896,101,6.64739
pageable-pinned,18,147,720896,256,2.6226
pinned-h2d,18,147,720896,36,18.6496
pageable-staging-h2d,18,147,720896,292,2.29927
fread-pinned,18,201,589824,76,7.22785
pageable-pinned,18,201,589824,204,2.69273
pinned-h2d,18,201,589824,30,18.3105
pageable-staging-h2d,18,201,589824,234,2.34751
fread-pinned,18,206,589824,70,7.84738
pageable-pinned,18,206,589824,210,2.61579
pinned-h2d,18,206,589824,30,18.3105
pageable-staging-h2d,18,206,589824,240,2.28882
fread-pinned,18,5,720896,97,6.92151
pageable-pinned,18,5,720896,244,2.75158
pinned-h2d,18,5,720896,34,19.7467
pageable-staging-h2d,18,5,720896,278,2.41506
fread-pinned,18,38,720896,106,6.33384
pageable-pinned,18,38,720896,258,2.60227
pinned-h2d,18,38,720896,35,19.1825
pageable-staging-h2d,18,38,720896,293,2.29142
fread-pinned,18,113,589824,81,6.78168
pageable-pinned,18,113,589824,209,2.62831
pinned-h2d,18,113,589824,31,17.7199
pageable-staging-h2d,18,113,589824,240,2.28882
fread-pinned,18,34,589824,89,6.17209
pageable-pinned,18,34,589824,211,2.6034
pinned-h2d,18,34,589824,30,18.3105
pageable-staging-h2d,18,34,589824,241,2.27932
fread-pinned,18,214,589824,72,7.62939
pageable-pinned,18,214,589824,207,2.6537
pinned-h2d,18,214,589824,30,18.3105
pageable-staging-h2d,18,214,589824,237,2.31779
fread-pinned,18,96,720896,80,8.39233
pageable-pinned,18,96,720896,252,2.66423
pinned-h2d,18,96,720896,36,18.6496
pageable-staging-h2d,18,96,720896,288,2.3312
fread-pinned,18,88,720896,101,6.64739
pageable-pinned,18,88,720896,249,2.69633
pinned-h2d,18,88,720896,35,19.1825
pageable-staging-h2d,18,88,720896,284,2.36404
fread-pinned,18,118,589824,97,5.66306
pageable-pinned,18,118,589824,206,2.66658
pinned-h2d,18,118,589824,30,18.3105
pageable-staging-h2d,18,118,589824,236,2.32761
fread-pinned,18,218,860160,127,6.30777
pageable-pinned,18,218,860160,297,2.69726
pinned-h2d,18,218,860160,42,19.0735
pageable-staging-h2d,18,218,860160,339,2.36309
fread-pinned,18,108,720896,115,5.83815
pageable-pinned,18,108,720896,247,2.71816
pinned-h2d,18,108,720896,36,18.6496
pageable-staging-h2d,18,108,720896,283,2.37239
fread-pinned,18,238,589824,81,6.78168
pageable-pinned,18,238,589824,207,2.6537
pinned-h2d,18,238,589824,30,18.3105
pageable-staging-h2d,18,238,589824,237,2.31779
fread-pinned,18,82,720896,99,6.78168
pageable-pinned,18,82,720896,49,13.7018
pinned-h2d,18,82,720896,36,18.6496
pageable-staging-h2d,18,82,720896,85,7.89867
fread-pinned,18,148,589824,80,6.86646
pageable-pinned,18,148,589824,205,2.67959
pinned-h2d,18,148,589824,30,18.3105
pageable-staging-h2d,18,148,589824,235,2.33752
fread-pinned,18,140,720896,112,5.99452
pageable-pinned,18,140,720896,256,2.6226
pinned-h2d,18,140,720896,36,18.6496
pageable-staging-h2d,18,140,720896,292,2.29927
fread-pinned,18,133,720896,93,7.21921
pageable-pinned,18,133,720896,73,9.19708
pinned-h2d,18,133,720896,35,19.1825
pageable-staging-h2d,18,133,720896,108,6.21654
fread-pinned,18,42,589824,92,5.97083
pageable-pinned,18,42,589824,207,2.6537
pinned-h2d,18,42,589824,30,18.3105
pageable-staging-h2d,18,42,589824,237,2.31779
fread-pinned,18,245,589824,81,6.78168
pageable-pinned,18,245,589824,47,11.6876
pinned-h2d,18,245,589824,30,18.3105
pageable-staging-h2d,18,245,589824,77,7.13398
fread-pinned,18,52,589824,97,5.66306
pageable-pinned,18,52,589824,204,2.69273
pinned-h2d,18,52,589824,30,18.3105
pageable-staging-h2d,18,52,589824,234,2.34751
fread-pinned,18,12,720896,97,6.92151
pageable-pinned,18,12,720896,253,2.6537
pinned-h2d,18,12,720896,35,19.1825
pageable-staging-h2d,18,12,720896,288,2.3312
fread-pinned,18,248,589824,80,6.86646
pageable-pinned,18,248,589824,202,2.71939
pinned-h2d,18,248,589824,30,18.3105
pageable-staging-h2d,18,248,589824,232,2.36774
fread-pinned,18,131,589824,78,7.04252
pageable-pinned,18,131,589824,65,8.45102
pinned-h2d,18,131,589824,29,18.9419
pageable-staging-h2d,18,131,589824,94,5.84379
fread-pinned,18,59,589824,93,5.90663
pageable-pinned,18,59,589824,47,11.6876
pinned-h2d,18,59,589824,30,18.3105
pageable-staging-h2d,18,59,589824,77,7.13398
fread-pinned,18,159,720896,88,7.62939
pageable-pinned,18,159,720896,251,2.67485
pinned-h2d,18,159,720896,35,19.1825
pageable-staging-h2d,18,159,720896,286,2.34751
fread-pinned,18,211,720896,78,8.60752
pageable-pinned,18,211,720896,238,2.82095
pinned-h2d,18,211,720896,35,19.1825
pageable-staging-h2d,18,211,720896,273,2.45929
fread-pinned,18,142,589824,66,8.32298
pageable-pinned,18,142,589824,210,2.61579
pinned-h2d,18,142,589824,30,18.3105
pageable-staging-h2d,18,142,589824,240,2.28882
fread-pinned,18,239,589824,88,6.24223
pageable-pinned,18,239,589824,209,2.62831
pinned-h2d,18,239,589824,30,18.3105
pageable-staging-h2d,18,239,589824,239,2.2984
fread-pinned,18,237,720896,99,6.78168
pageable-pinned,18,237,720896,252,2.66423
pinned-h2d,18,237,720896,35,19.1825
pageable-staging-h2d,18,237,720896,287,2.33933
fread-pinned,18,184,589824,89,6.17209
pageable-pinned,18,184,589824,204,2.69273
pinned-h2d,18,184,589824,30,18.3105
pageable-staging-h2d,18,184,589824,234,2.34751
fread-pinned,18,114,720896,84,7.9927
pageable-pinned,18,114,720896,252,2.66423
pinned-h2d,18,114,720896,36,18.6496
pageable-staging-h2d,18,114,720896,288,2.3312
fread-pinned,18,92,589824,81,6.78168
pageable-pinned,18,92,589824,203,2.70599
pinned-h2d,18,92,589824,31,17.7199
pageable-staging-h2d,18,92,589824,234,2.34751
fread-pinned,18,129,589824,74,7.42319
pageable-pinned,18,129,589824,208,2.64094
pinned-h2d,18,129,589824,30,18.3105
pageable-staging-h2d,18,129,589824,238,2.30805
fread-pinned,18,212,720896,97,6.92151
pageable-pinned,18,212,720896,235,2.85696
pinned-h2d,18,212,720896,36,18.6496
pageable-staging-h2d,18,212,720896,271,2.47744
fread-pinned,18,117,589824,81,6.78168
pageable-pinned,18,117,589824,205,2.67959
pinned-h2d,18,117,589824,31,17.7199
pageable-staging-h2d,18,117,589824,236,2.32761
fread-pinned,18,29,589824,89,6.17209
pageable-pinned,18,29,589824,35,15.6948
pinned-h2d,18,29,589824,31,17.7199
pageable-staging-h2d,18,29,589824,66,8.32298
fread-pinned,18,10,589824,67,8.19875
pageable-pinned,18,10,589824,202,2.71939
pinned-h2d,18,10,589824,30,18.3105
pageable-staging-h2d,18,10,589824,232,2.36774
fread-pinned,18,89,720896,85,7.89867
pageable-pinned,18,89,720896,246,2.72921
pinned-h2d,18,89,720896,36,18.6496
pageable-staging-h2d,18,89,720896,282,2.3808
fread-pinned,18,241,589824,69,7.96111
pageable-pinned,18,241,589824,204,2.69273
pinned-h2d,18,241,589824,29,18.9419
pageable-staging-h2d,18,241,589824,233,2.35758
fread-pinned,18,162,589824,78,7.04252
pageable-pinned,18,162,589824,57,9.63713
pinned-h2d,18,162,589824,29,18.9419
pageable-staging-h2d,18,162,589824,86,6.3874
fread-pinned,18,18,720896,100,6.71387
pageable-pinned,18,18,720896,253,2.6537
pinned-h2d,18,18,720896,36,18.6496
pageable-staging-h2d,18,18,720896,289,2.32314
fread-pinned,18,189,589824,79,6.95337
pageable-pinned,18,189,589824,205,2.67959
pinned-h2d,18,189,589824,31,17.7199
pageable-staging-h2d,18,189,589824,236,2.32761
fread-pinned,18,44,720896,115,5.83815
pageable-pinned,18,44,720896,246,2.72921
pinned-h2d,18,44,720896,34,19.7467
pageable-staging-h2d,18,44,720896,280,2.39781
fread-pinned,18,49,589824,95,5.78228
pageable-pinned,18,49,589824,209,2.62831
pinned-h2d,18,49,589824,30,18.3105
pageable-staging-h2d,18,49,589824,239,2.2984
fread-pinned,18,194,589824,77,7.13398
pageable-pinned,18,194,589824,198,2.77433
pinned-h2d,18,194,589824,30,18.3105
pageable-staging-h2d,18,194,589824,228,2.40928
fread-pinned,18,207,589824,72,7.62939
pageable-pinned,18,207,589824,203,2.70599
pinned-h2d,18,207,589824,30,18.3105
pageable-staging-h2d,18,207,589824,233,2.35758
fread-pinned,18,64,720896,95,7.06723
pageable-pinned,18,64,720896,238,2.82095
pinned-h2d,18,64,720896,41,16.3753
pageable-staging-h2d,18,64,720896,279,2.4064
fread-pinned,18,19,720896,97,6.92151
pageable-pinned,18,19,720896,253,2.6537
pinned-h2d,18,19,720896,36,18.6496
pageable-staging-h2d,18,19,720896,289,2.32314
fread-pinned,18,50,720896,109,6.15951
pageable-pinned,18,50,720896,243,2.76291
pinned-h2d,18,50,720896,35,19.1825
pageable-staging-h2d,18,50,720896,278,2.41506
fread-pinned,18,149,589824,69,7.96111
pageable-pinned,18,149,589824,203,2.70599
pinned-h2d,18,149,589824,30,18.3105
pageable-staging-h2d,18,149,589824,233,2.35758
fread-pinned,18,120,720896,110,6.10352
pageable-pinned,18,120,720896,254,2.64325
pinned-h2d,18,120,720896,36,18.6496
pageable-staging-h2d,18,120,720896,290,2.31513
fread-pinned,18,98,589824,96,5.72205
pageable-pinned,18,98,589824,201,2.73292
pinned-h2d,18,98,589824,30,18.3105
pageable-staging-h2d,18,98,589824,231,2.37799
fread-pinned,18,106,589824,93,5.90663
pageable-pinned,18,106,589824,203,2.70599
pinned-h2d,18,106,589824,30,18.3105
pageable-staging-h2d,18,106,589824,233,2.35758
fread-pinned,18,186,720896,100,6.71387
pageable-pinned,18,186,720896,255,2.63289
pinned-h2d,18,186,720896,34,19.7467
pageable-staging-h2d,18,186,720896,289,2.32314
fread-pinned,18,190,589824,75,7.32422
pageable-pinned,18,190,589824,210,2.61579
pinned-h2d,18,190,589824,30,18.3105
pageable-staging-h2d,18,190,589824,240,2.28882
fread-pinned,18,126,589824,82,6.69898
pageable-pinned,18,126,589824,204,2.69273
pinned-h2d,18,126,589824,30,18.3105
pageable-staging-h2d,18,126,589824,234,2.34751
fread-pinned,18,202,589824,92,5.97083
pageable-pinned,18,202,589824,213,2.57895
pinned-h2d,18,202,589824,30,18.3105
pageable-staging-h2d,18,202,589824,243,2.26056
fread-pinned,18,166,720896,92,7.29768
pageable-pinned,18,166,720896,250,2.68555
pinned-h2d,18,166,720896,34,19.7467
pageable-staging-h2d,18,166,720896,284,2.36404
fread-pinned,18,246,589824,78,7.04252
pageable-pinned,18,246,589824,208,2.64094
pinned-h2d,18,246,589824,30,18.3105
pageable-staging-h2d,18,246,589824,238,2.30805
fread-pinned,18,66,589824,86,6.3874
pageable-pinned,18,66,589824,202,2.71939
pinned-h2d,18,66,589824,30,18.3105
pageable-staging-h2d,18,66,589824,232,2.36774
fread-pinned,18,254,589824,78,7.04252
pageable-pinned,18,254,589824,211,2.6034
pinned-h2d,18,254,589824,30,18.3105
pageable-staging-h2d,18,254,589824,241,2.27932
fread-pinned,18,112,589824,68,8.07818
pageable-pinned,18,112,589824,200,2.74658
pinned-h2d,18,112,589824,31,17.7199
pageable-staging-h2d,18,112,589824,231,2.37799
fread-pinned,18,115,720896,105,6.39416
pageable-pinned,18,115,720896,258,2.60227
pinned-h2d,18,115,720896,36,18.6496
pageable-staging-h2d,18,115,720896,294,2.28363
fread-pinned,18,45,589824,94,5.84379
pageable-pinned,18,45,589824,204,2.69273
pinned-h2d,18,45,589824,30,18.3105
pageable-staging-h2d,18,45,589824,234,2.34751
fread-pinned,18,53,589824,92,5.97083
pageable-pinned,18,53,589824,206,2.66658
pinned-h2d,18,53,589824,29,18.9419
pageable-staging-h2d,18,53,589824,235,2.33752
fread-pinned,18,229,589824,85,6.46255
pageable-pinned,18,229,589824,47,11.6876
pinned-h2d,18,229,589824,31,17.7199
pageable-staging-h2d,18,229,589824,78,7.04252
fread-pinned,18,240,589824,68,8.07818
pageable-pinned,18,240,589824,194,2.83153
pinned-h2d,18,240,589824,30,18.3105
pageable-staging-h2d,18,240,589824,224,2.45231
fread-pinned,18,255,860160,100,8.01086
pageable-pinned,18,255,860160,296,2.70637
pinned-h2d,18,255,860160,41,19.5387
pageable-staging-h2d,18,255,860160,337,2.37711
fread-pinned,18,252,589824,84,6.53948
pageable-pinned,18,252,589824,202,2.71939
pinned-h2d,18,252,589824,31,17.7199
pageable-staging-h2d,18,252,589824,233,2.35758
fread-pinned,18,223,860160,120,6.67572
pageable-pinned,18,223,860160,311,2.57584
pinned-h2d,18,223,860160,41,19.5387
pageable-staging-h2d,18,223,860160,352,2.27581
fread-pinned,18,137,589824,75,7.32422
pageable-pinned,18,137,589824,200,2.74658
pinned-h2d,18,137,589824,30,18.3105
pageable-staging-h2d,18,137,589824,230,2.38833
fread-pinned,18,55,589824,94,5.84379
pageable-pinned,18,55,589824,204,2.69273
pinned-h2d,18,55,589824,30,18.3105
pageable-staging-h2d,18,55,589824,234,2.34751
fread-pinned,18,226,589824,71,7.73685
pageable-pinned,18,226,589824,210,2.61579
pinned-h2d,18,226,589824,30,18.3105
pageable-staging-h2d,18,226,589824,240,2.28882
fread-pinned,18,198,720896,82,8.18764
pageable-pinned,18,198,720896,252,2.66423
pinned-h2d,18,198,720896,36,18.6496
pageable-staging-h2d,18,198,720896,288,2.3312
fread-pinned,18,164,589824,75,7.32422
pageable-pinned,18,164,589824,198,2.77433
pinned-h2d,18,164,589824,30,18.3105
pageable-staging-h2d,18,164,589824,228,2.40928
fread-pinned,18,28,589824,93,5.90663
pageable-pinned,18,28,589824,198,2.77433
pinned-h2d,18,28,589824,31,17.7199
pageable-staging-h2d,18,28,589824,229,2.39876
fread-pinned,18,215,589824,81,6.78168
pageable-pinned,18,215,589824,205,2.67959
pinned-h2d,18,215,589824,30,18.3105
pageable-staging-h2d,18,215,589824,235,2.33752
fread-pinned,18,33,589824,103,5.33317
pageable-pinned,18,33,589824,210,2.61579
pinned-h2d,18,33,589824,31,17.7199
pageable-staging-h2d,18,33,589824,241,2.27932
fread-pinned,18,54,589824,82,6.69898
pageable-pinned,18,54,589824,203,2.70599
pinned-h2d,18,54,589824,30,18.3105
pageable-staging-h2d,18,54,589824,233,2.35758
fread-pinned,18,193,589824,76,7.22785
pageable-pinned,18,193,589824,39,14.085
pinned-h2d,18,193,589824,31,17.7199
pageable-staging-h2d,18,193,589824,70,7.84738
fread-pinned,18,180,589824,63,8.71931
pageable-pinned,18,180,589824,32,17.1661
pinned-h2d,18,180,589824,30,18.3105
pageable-staging-h2d,18,180,589824,62,8.85994
fread-pinned,18,143,589824,91,6.03644
pageable-pinned,18,143,589824,212,2.59112
pinned-h2d,18,143,589824,30,18.3105
pageable-staging-h2d,18,143,589824,242,2.2699
fread-pinned,18,99,589824,95,5.78228
pageable-pinned,18,99,589824,210,2.61579
pinned-h2d,18,99,589824,29,18.9419
pageable-staging-h2d,18,99,589824,239,2.2984
fread-pinned,18,168,589824,94,5.84379
pageable-pinned,18,168,589824,198,2.77433
pinned-h2d,18,168,589824,30,18.3105
pageable-staging-h2d,18,168,589824,228,2.40928
fread-pinned,18,155,589824,86,6.3874
pageable-pinned,18,155,589824,63,8.71931
pinned-h2d,18,155,589824,30,18.3105
pageable-staging-h2d,18,155,589824,93,5.90663
fread-pinned,18,60,589824,84,6.53948
pageable-pinned,18,60,589824,204,2.69273
pinned-h2d,18,60,589824,30,18.3105
pageable-staging-h2d,18,60,589824,234,2.34751
fread-pinned,18,141,720896,92,7.29768
pageable-pinned,18,141,720896,255,2.63289
pinned-h2d,18,141,720896,34,19.7467
pageable-staging-h2d,18,141,720896,289,2.32314
fread-pinned,18,37,720896,84,7.9927
pageable-pinned,18,37,720896,246,2.72921
pinned-h2d,18,37,720896,35,19.1825
pageable-staging-h2d,18,37,720896,281,2.38928
fread-pinned,18,123,589824,79,6.95337
pageable-pinned,18,123,589824,206,2.66658
pinned-h2d,18,123,589824,30,18.3105
pageable-staging-h2d,18,123,589824,236,2.32761
fread-pinned,18,161,589824,81,6.78168
pageable-pinned,18,161,589824,208,2.64094
pinned-h2d,18,161,589824,30,18.3105
pageable-staging-h2d,18,161,589824,238,2.30805
fread-pinned,18,73,589824,91,6.03644
pageable-pinned,18,73,589824,209,2.62831
pinned-h2d,18,73,589824,30,18.3105
pageable-staging-h2d,18,73,589824,239,2.2984
fread-pinned,18,144,589824,84,6.53948
pageable-pinned,18,144,589824,198,2.77433
pinned-h2d,18,144,589824,31,17.7199
pageable-staging-h2d,18,144,589824,229,2.39876
fread-pinned,18,213,589824,77,7.13398
pageable-pinned,18,213,589824,208,2.64094
pinned-h2d,18,213,589824,30,18.3105
pageable-staging-h2d,18,213,589824,238,2.30805
fread-pinned,18,139,589824,76,7.22785
pageable-pinned,18,139,589824,207,2.6537
pinned-h2d,18,139,589824,31,17.7199
pageable-staging-h2d,18,139,589824,238,2.30805
fread-pinned,18,125,589824,88,6.24223
pageable-pinned,18,125,589824,57,9.63713
pinned-h2d,18,125,589824,30,18.3105
pageable-staging-h2d,18,125,589824,87,6.31398
fread-pinned,18,230,720896,94,7.14241
pageable-pinned,18,230,720896,252,2.66423
pinned-h2d,18,230,720896,36,18.6496
pageable-staging-h2d,18,230,720896,288,2.3312
fread-pinned,18,107,589824,98,5.60527
pageable-pinned,18,107,589824,202,2.71939
pinned-h2d,18,107,589824,31,17.7199
pageable-staging-h2d,18,107,589824,233,2.35758
fread-pinned,18,116,589824,96,5.72205
pageable-pinned,18,116,589824,201,2.73292
pinned-h2d,18,116,589824,30,18.3105
pageable-staging-h2d,18,116,589824,231,2.37799
fread-pinned,18,43,720896,115,5.83815
pageable-pinned,18,43,720896,251,2.67485
pinned-h2d,18,43,720896,35,19.1825
pageable-staging-h2d,18,43,720896,286,2.34751
fread-pinned,18,111,589824,90,6.10352
pageable-pinned,18,111,589824,211,2.6034
pinned-h2d,18,111,589824,30,18.3105
pageable-staging-h2d,18,111,589824,241,2.27932
fread-pinned,18,77,720896,116,5.78782
pageable-pinned,18,77,720896,258,2.60227
pinned-h2d,18,77,720896,35,19.1825
pageable-staging-h2d,18,77,720896,293,2.29142
fread-pinned,18,110,589824,64,8.58307
pageable-pinned,18,110,589824,198,2.77433
pinned-h2d,18,110,589824,31,17.7199
pageable-staging-h2d,18,110,589824,229,2.39876
fread-pinned,18,173,720896,120,5.59489
pageable-pinned,18,173,720896,256,2.6226
pinned-h2d,18,173,720896,35,19.1825
pageable-staging-h2d,18,173,720896,291,2.30717
fread-pinned,18,169,589824,106,5.18223
pageable-pinned,18,169,589824,207,2.6537
pinned-h2d,18,169,589824,30,18.3105
pageable-staging-h2d,18,169,589824,237,2.31779
fread-pinned,18,40,589824,89,6.17209
pageable-pinned,18,40,589824,56,9.80922
pinned-h2d,18,40,589824,31,17.7199
pageable-staging-h2d,18,40,589824,87,6.31398
fread-pinned,18,174,589824,102,5.38545
pageable-pinned,18,174,589824,211,2.6034
pinned-h2d,18,174,589824,31,17.7199
pageable-staging-h2d,18,174,589824,242,2.2699
fread-pinned,18,15,589824,85,6.46255
pageable-pinned,18,15,589824,209,2.62831
pinned-h2d,18,15,589824,30,18.3105
pageable-staging-h2d,18,15,589824,239,2.2984
fread-pinned,18,75,720896,105,6.39416
pageable-pinned,18,75,720896,259,2.59223
pinned-h2d,18,75,720896,35,19.1825
pageable-staging-h2d,18,75,720896,294,2.28363
fread-pinned,18,71,589824,79,6.95337
pageable-pinned,18,71,589824,36,15.2588
pinned-h2d,18,71,589824,30,18.3105
pageable-staging-h2d,18,71,589824,66,8.32298
fread-pinned,18,243,860160,118,6.78887
pageable-pinned,18,243,860160,90,8.90096
pinned-h2d,18,243,860160,43,18.6299
pageable-staging-h2d,18,243,860160,133,6.02321
fread-pinned,18,204,720896,104,6.45564
pageable-pinned,18,204,720896,248,2.7072
pinned-h2d,18,204,720896,36,18.6496
pageable-staging-h2d,18,204,720896,284,2.36404
fread-pinned,18,199,720896,99,6.78168
pageable-pinned,18,199,720896,253,2.6537
pinned-h2d,18,199,720896,35,19.1825
pageable-staging-h2d,18,199,720896,288,2.3312
fread-pinned,18,136,589824,95,5.78228
pageable-pinned,18,136,589824,198,2.77433
pinned-h2d,18,136,589824,30,18.3105
pageable-staging-h2d,18,136,589824,228,2.40928
fread-pinned,18,30,720896,98,6.85088
pageable-pinned,18,30,720896,252,2.66423
pinned-h2d,18,30,720896,35,19.1825
pageable-staging-h2d,18,30,720896,287,2.33933
fread-pinned,18,94,589824,68,8.07818
pageable-pinned,18,94,589824,205,2.67959
pinned-h2d,18,94,589824,30,18.3105
pageable-staging-h2d,18,94,589824,235,2.33752
fread-pinned,18,132,589824,75,7.32422
pageable-pinned,18,132,589824,193,2.8462
pinned-h2d,18,132,589824,30,18.3105
pageable-staging-h2d,18,132,589824,223,2.4633
fread-pinned,18,104,589824,82,6.69898
pageable-pinned,18,104,589824,199,2.76038
pinned-h2d,18,104,589824,29,18.9419
pageable-staging-h2d,18,104,589824,228,2.40928
fread-pinned,18,74,589824,92,5.97083
pageable-pinned,18,74,589824,205,2.67959
pinned-h2d,18,74,589824,29,18.9419
pageable-staging-h2d,18,74,589824,234,2.34751
fread-pinned,18,165,720896,105,6.39416
pageable-pinned,18,165,720896,259,2.59223
pinned-h2d,18,165,720896,35,19.1825
pageable-staging-h2d,18,165,720896,294,2.28363
fread-pinned,18,85,589824,77,7.13398
pageable-pinned,18,85,589824,210,2.61579
pinned-h2d,18,85,589824,30,18.3105
pageable-staging-h2d,18,85,589824,240,2.28882
fread-pinned,18,249,860160,110,7.2826
pageable-pinned,18,249,860160,302,2.6526
pinned-h2d,18,249,860160,42,19.0735
pageable-staging-h2d,18,249,860160,344,2.32874
fread-pinned,18,62,589824,78,7.04252
pageable-pinned,18,62,589824,202,2.71939
pinned-h2d,18,62,589824,31,17.7199
pageable-staging-h2d,18,62,589824,233,2.35758
fread-pinned,18,0,589824,65,8.45102
pageable-pinned,18,0,589824,203,2.70599
pinned-h2d,18,0,589824,30,18.3105
pageable-staging-h2d,18,0,589824,233,2.35758
fread-pinned,18,179,720896,107,6.27464
pageable-pinned,18,179,720896,257,2.6124
pinned-h2d,18,179,720896,35,19.1825
pageable-staging-h2d,18,179,720896,292,2.29927
fread-pinned,18,251,589824,74,7.42319
pageable-pinned,18,251,589824,200,2.74658
pinned-h2d,18,251,589824,29,18.9419
pageable-staging-h2d,18,251,589824,229,2.39876
fread-pinned,18,225,589824,74,7.42319
pageable-pinned,18,225,589824,198,2.77433
pinned-h2d,18,225,589824,30,18.3105
pageable-staging-h2d,18,225,589824,228,2.40928
fread-pinned,18,197,589824,73,7.52488
pageable-pinned,18,197,589824,52,10.5638
pinned-h2d,18,197,589824,29,18.9419
pageable-staging-h2d,18,197,589824,81,6.78168
fread-pinned,18,61,589824,101,5.43878
pageable-pinned,18,61,589824,63,8.71931
pinned-h2d,18,61,589824,30,18.3105
pageable-staging-h2d,18,61,589824,93,5.90663
fread-pinned,18,51,720896,122,5.50317
pageable-pinned,18,51,720896,256,2.6226
pinned-h2d,18,51,720896,35,19.1825
pageable-staging-h2d,18,51,720896,291,2.30717
fread-pinned,18,222,589824,78,7.04252
pageable-pinned,18,222,589824,202,2.71939
pinned-h2d,18,222,589824,31,17.7199
pageable-staging-h2d,18,222,589824,233,2.35758
fread-pinned,18,188,589824,98,5.60527
pageable-pinned,18,188,589824,208,2.64094
pinned-h2d,18,188,589824,30,18.3105
pageable-staging-h2d,18,188,589824,238,2.30805
fread-pinned,18,79,589824,78,7.04252
pageable-pinned,18,79,589824,202,2.71939
pinned-h2d,18,79,589824,30,18.3105
pageable-staging-h2d,18,79,589824,232,2.36774
fread-pinned,18,83,720896,101,6.64739
pageable-pinned,18,83,720896,250,2.68555
pinned-h2d,18,83,720896,35,19.1825
pageable-staging-h2d,18,83,720896,285,2.35574
fread-pinned,18,154,720896,125,5.37109
pageable-pinned,18,154,720896,261,2.57236
pinned-h2d,18,154,720896,36,18.6496
pageable-staging-h2d,18,154,720896,297,2.26056
fread-pinned,18,57,720896,110,6.10352
pageable-pinned,18,57,720896,255,2.63289
pinned-h2d,18,57,720896,36,18.6496
pageable-staging-h2d,18,57,720896,291,2.30717
fread-pinned,18,178,720896,117,5.73835
pageable-pinned,18,178,720896,253,2.6537
pinned-h2d,18,178,720896,40,16.7847
pageable-staging-h2d,18,178,720896,293,2.29142
fread-pinned,18,14,589824,75,7.32422
pageable-pinned,18,14,589824,36,15.2588
pinned-h2d,18,14,589824,31,17.7199
pageable-staging-h2d,18,14,589824,67,8.19875
fread-pinned,18,26,589824,82,6.69898
pageable-pinned,18,26,589824,204,2.69273
pinned-h2d,18,26,589824,30,18.3105
pageable-staging-h2d,18,26,589824,234,2.34751
fread-pinned,18,128,720896,97,6.92151
pageable-pinned,18,128,720896,55,12.207
pinned-h2d,18,128,720896,36,18.6496
pageable-staging-h2d,18,128,720896,91,7.37788
fread-pinned,18,181,589824,66,8.32298
pageable-pinned,18,181,589824,199,2.76038
pinned-h2d,18,181,589824,30,18.3105
pageable-staging-h2d,18,181,589824,229,2.39876
fread-pinned,18,191,720896,101,6.64739
pageable-pinned,18,191,720896,254,2.64325
pinned-h2d,18,191,720896,36,18.6496
pageable-staging-h2d,18,191,720896,290,2.31513
fread-pinned,18,4,589824,78,7.04252
pageable-pinned,18,4,589824,210,2.61579
pinned-h2d,18,4,589824,30,18.3105
pageable-staging-h2d,18,4,589824,240,2.28882
fread-pinned,18,2,589824,79,6.95337
pageable-pinned,18,2,589824,210,2.61579
pinned-h2d,18,2,589824,30,18.3105
pageable-staging-h2d,18,2,589824,240,2.28882
fread-pinned,18,24,720896,102,6.58222
pageable-pinned,18,24,720896,246,2.72921
pinned-h2d,18,24,720896,35,19.1825
pageable-staging-h2d,18,24,720896,281,2.38928
fread-pinned,18,160,720896,87,7.71709
pageable-pinned,18,160,720896,245,2.74035
pinned-h2d,18,160,720896,35,19.1825
pageable-staging-h2d,18,160,720896,280,2.39781
fread-pinned,18,219,589824,72,7.62939
pageable-pinned,18,219,589824,44,12.4845
pinned-h2d,18,219,589824,30,18.3105
pageable-staging-h2d,18,219,589824,74,7.42319
fread-pinned,18,100,589824,92,5.97083
pageable-pinned,18,100,589824,197,2.78841
pinned-h2d,18,100,589824,30,18.3105
pageable-staging-h2d,18,100,589824,227,2.4199
fread-pinned,18,121,720896,113,5.94148
pageable-pinned,18,121,720896,244,2.75158
pinned-h2d,18,121,720896,35,19.1825
pageable-staging-h2d,18,121,720896,279,2.4064
fread-pinned,18,16,589824,98,5.60527
pageable-pinned,18,16,589824,207,2.6537
pinned-h2d,18,16,589824,30,18.3105
pageable-staging-h2d,18,16,589824,237,2.31779
fread-pinned,18,39,589824,88,6.24223
pageable-pinned,18,39,589824,212,2.59112
pinned-h2d,18,39,589824,30,18.3105
pageable-staging-h2d,18,39,589824,242,2.2699
fread-pinned,18,17,589824,81,6.78168
pageable-pinned,18,17,589824,213,2.57895
pinned-h2d,18,17,589824,30,18.3105
pageable-staging-h2d,18,17,589824,243,2.26056
fread-pinned,18,235,589824,71,7.73685
pageable-pinned,18,235,589824,208,2.64094
pinned-h2d,18,235,589824,30,18.3105
pageable-staging-h2d,18,235,589824,238,2.30805
fread-pinned,18,87,589824,78,7.04252
pageable-pinned,18,87,589824,203,2.70599
pinned-h2d,18,87,589824,30,18.3105
pageable-staging-h2d,18,87,589824,233,2.35758
fread-pinned,18,8,589824,74,7.42319
pageable-pinned,18,8,589824,204,2.69273
pinned-h2d,18,8,589824,31,17.7199
pageable-staging-h2d,18,8,589824,235,2.33752
fread-pinned,18,236,720896,105,6.39416
pageable-pinned,18,236,720896,251,2.67485
pinned-h2d,18,236,720896,35,19.1825
pageable-staging-h2d,18,236,720896,286,2.34751
fread-pinned,18,25,720896,96,6.99361
pageable-pinned,18,25,720896,254,2.64325
pinned-h2d,18,25,720896,35,19.1825
pageable-staging-h2d,18,25,720896,289,2.32314
fread-pinned,18,145,589824,99,5.54865
pageable-pinned,18,145,589824,206,2.66658
pinned-h2d,18,145,589824,31,17.7199
pageable-staging-h2d,18,145,589824,237,2.31779
fread-pinned,18,247,589824,69,7.96111
pageable-pinned,18,247,589824,205,2.67959
pinned-h2d,18,247,589824,33,16.646
pageable-staging-h2d,18,247,589824,238,2.30805
fread-pinned,18,228,589824,67,8.19875
pageable-pinned,18,228,589824,196,2.80263
pinned-h2d,18,228,589824,30,18.3105
pageable-staging-h2d,18,228,589824,226,2.4306
fread-pinned,18,76,720896,109,6.15951
pageable-pinned,18,76,720896,244,2.75158
pinned-h2d,18,76,720896,35,19.1825
pageable-staging-h2d,18,76,720896,279,2.4064
fread-pinned,18,101,720896,105,6.39416
pageable-pinned,18,101,720896,259,2.59223
pinned-h2d,18,101,720896,36,18.6496
pageable-staging-h2d,18,101,720896,295,2.27589
fread-pinned,19,124,589824,62,8.85994
pageable-pinned,19,124,589824,36,15.2588
pinned-h2d,19,124,589824,31,17.7199
pageable-staging-h2d,19,124,589824,67,8.19875
fread-pinned,19,232,589824,56,9.80922
pageable-pinned,19,232,589824,31,17.7199
pinned-h2d,19,232,589824,30,18.3105
pageable-staging-h2d,19,232,589824,61,9.00519
fread-pinned,19,226,589824,69,7.96111
pageable-pinned,19,226,589824,40,13.7329
pinned-h2d,19,226,589824,30,18.3105
pageable-staging-h2d,19,226,589824,70,7.84738
fread-pinned,19,218,860160,100,8.01086
pageable-pinned,19,218,860160,57,14.0541
pinned-h2d,19,218,860160,41,19.5387
pageable-staging-h2d,19,218,860160,98,8.17435
fread-pinned,19,181,589824,66,8.32298
pageable-pinned,19,181,589824,35,15.6948
pinned-h2d,19,181,589824,30,18.3105
pageable-staging-h2d,19,181,589824,65,8.45102
fread-pinned,19,71,589824,82,6.69898
pageable-pinned,19,71,589824,35,15.6948
pinned-h2d,19,71,589824,30,18.3105
pageable-staging-h2d,19,71,589824,65,8.45102
fread-pinned,19,96,720896,77,8.71931
pageable-pinned,19,96,720896,49,13.7018
pinned-h2d,19,96,720896,35,19.1825
pageable-staging-h2d,19,96,720896,84,7.9927
fread-pinned,19,83,720896,97,6.92151
pageable-pinned,19,83,720896,49,13.7018
pinned-h2d,19,83,720896,36,18.6496
pageable-staging-h2d,19,83,720896,85,7.89867
fread-pinned,19,244,860160,112,7.15256
pageable-pinned,19,244,860160,63,12.7157
pinned-h2d,19,244,860160,41,19.5387
pageable-staging-h2d,19,244,860160,104,7.70275
fread-pinned,19,14,589824,71,7.73685
pageable-pinned,19,14,589824,35,15.6948
pinned-h2d,19,14,589824,31,17.7199
pageable-staging-h2d,19,14,589824,66,8.32298
fread-pinned,19,72,589824,67,8.19875
pageable-pinned,19,72,589824,29,18.9419
pinned-h2d,19,72,589824,31,17.7199
pageable-staging-h2d,19,72,589824,60,9.15527
fread-pinned,19,176,589824,69,7.96111
pageable-pinned,19,176,589824,36,15.2588
pinned-h2d,19,176,589824,30,18.3105
pageable-staging-h2d,19,176,589824,66,8.32298
fread-pinned,19,186,720896,75,8.95182
pageable-pinned,19,186,720896,47,14.2848
pinned-h2d,19,186,720896,36,18.6496
pageable-staging-h2d,19,186,720896,83,8.089
fread-pinned,19,173,720896,113,5.94148
pageable-pinned,19,173,720896,49,13.7018
pinned-h2d,19,173,720896,36,18.6496
pageable-staging-h2d,19,173,720896,85,7.89867
fread-pinned,19,77,720896,113,5.94148
pageable-pinned,19,77,720896,54,12.4331
pinned-h2d,19,77,720896,36,18.6496
pageable-staging-h2d,19,77,720896,90,7.45985
fread-pinned,19,148,589824,71,7.73685
pageable-pinned,19,148,589824,41,13.398
pinned-h2d,19,148,589824,30,18.3105
pageable-staging-h2d,19,148,589824,71,7.73685
fread-pinned,19,51,720896,108,6.21654
pageable-pinned,19,51,720896,63,10.6569
pinned-h2d,19,51,720896,35,19.1825
pageable-staging-h2d,19,51,720896,98,6.85088
fread-pinned,19,4,589824,77,7.13398
pageable-pinned,19,4,589824,60,9.15527
pinned-h2d,19,4,589824,31,17.7199
pageable-staging-h2d,19,4,589824,91,6.03644
fread-pinned,19,70,720896,95,7.06723
pageable-pinned,19,70,720896,51,13.1644
pinned-h2d,19,70,720896,35,19.1825
pageable-staging-h2d,19,70,720896,86,7.80682
fread-pinned,19,20,589824,84,6.53948
pageable-pinned,19,20,589824,52,10.5638
pinned-h2d,19,20,589824,30,18.3105
pageable-staging-h2d,19,20,589824,82,6.69898
fread-pinned,19,45,589824,93,5.90663
pageable-pinned,19,45,589824,53,10.3645
pinned-h2d,19,45,589824,29,18.9419
pageable-staging-h2d,19,45,589824,82,6.69898
fread-pinned,19,208,589824,71,7.73685
pageable-pinned,19,208,589824,48,11.4441
pinned-h2d,19,208,589824,29,18.9419
pageable-staging-h2d,19,208,589824,77,7.13398
fread-pinned,19,94,589824,78,7.04252
pageable-pinned,19,94,589824,55,9.98757
pinned-h2d,19,94,589824,30,18.3105
pageable-staging-h2d,19,94,589824,85,6.46255
fread-pinned,19,126,589824,94,5.84379
pageable-pinned,19,126,589824,57,9.63713
pinned-h2d,19,126,589824,30,18.3105
pageable-staging-h2d,19,126,589824,87,6.31398
fread-pinned,19,248,589824,70,7.84738
pageable-pinned,19,248,589824,42,13.079
pinned-h2d,19,248,589824,30,18.3105
pageable-staging-h2d,19,248,589824,72,7.62939
fread-pinned,19,231,720896,99,6.78168
pageable-pinned,19,231,720896,75,8.95182
pinned-h2d,19,231,720896,35,19.1825
pageable-staging-h2d,19,231,720896,110,6.10352
fread-pinned,19,55,589824,93,5.90663
pageable-pinned,19,55,589824,55,9.98757
pinned-h2d,19,55,589824,31,17.7199
pageable-staging-h2d,19,55,589824,86,6.3874
fread-pinned,19,151,589824,75,7.32422
pageable-pinned,19,151,589824,56,9.80922
pinned-h2d,19,151,589824,30,18.3105
pageable-staging-h2d,19,151,589824,86,6.3874
fread-pinned,19,139,589824,76,7.22785
pageable-pinned,19,139,589824,38,14.4557
pinned-h2d,19,139,589824,31,17.7199
pageable-staging-h2d,19,139,589824,69,7.96111
fread-pinned,19,120,720896,107,6.27464
pageable-pinned,19,120,720896,53,12.6677
pinned-h2d,19,120,720896,38,17.6681
pageable-staging-h2d,19,120,720896,91,7.37788
fread-pinned,19,98,589824,84,6.53948
pageable-pinned,19,98,589824,36,15.2588
pinned-h2d,19,98,589824,31,17.7199
pageable-staging-h2d,19,98,589824,67,8.19875
fread-pinned,19,196,589824,60,9.15527
pageable-pinned,19,196,589824,34,16.1564
pinned-h2d,19,196,589824,30,18.3105
pageable-staging-h2d,19,196,589824,64,8.58307
fread-pinned,19,38,720896,92,7.29768
pageable-pinned,19,38,720896,53,12.6677
pinned-h2d,19,38,720896,36,18.6496
pageable-staging-h2d,19,38,720896,89,7.54367
fread-pinned,19,49,589824,88,6.24223
pageable-pinned,19,49,589824,65,8.45102
pinned-h2d,19,49,589824,31,17.7199
pageable-staging-h2d,19,49,589824,96,5.72205
fread-pinned,19,121,720896,112,5.99452
pageable-pinned,19,121,720896,61,11.0063
pinned-h2d,19,121,720896,36,18.6496
pageable-staging-h2d,19,121,720896,97,6.92151
fread-pinned,19,198,720896,99,6.78168
pageable-pinned,19,198,720896,79,8.49857
pinned-h2d,19,198,720896,36,18.6496
pageable-staging-h2d,19,198,720896,115,5.83815
fread-pinned,19,16,589824,97,5.66306
pageable-pinned,19,16,589824,63,8.71931
pinned-h2d,19,16,589824,30,18.3105
pageable-staging-h2d,19,16,589824,93,5.90663
fread-pinned,19,122,720896,95,7.06723
pageable-pinned,19,122,720896,74,9.07279
pinned-h2d,19,122,720896,36,18.6496
pageable-staging-h2d,19,122,720896,110,6.10352
fread-pinned,19,199,720896,102,6.58222
pageable-pinned,19,199,720896,86,7.80682
pinned-h2d,19,199,720896,35,19.1825
pageable-staging-h2d,19,199,720896,121,5.54865
fread-pinned,19,10,589824,80,6.86646
pageable-pinned,19,10,589824,64,8.58307
pinned-h2d,19,10,589824,32,17.1661
pageable-staging-h2d,19,10,589824,96,5.72205
fread-pinned,19,112,589824,81,6.78168
pageable-pinned,19,112,589824,60,9.15527
pinned-h2d,19,112,589824,31,17.7199
pageable-staging-h2d,19,112,589824,91,6.03644
fread-pinned,19,153,720896,101,6.64739
pageable-pinned,19,153,720896,82,8.18764
pinned-h2d,19,153,720896,35,19.1825
pageable-staging-h2d,19,153,720896,117,5.73835
fread-pinned,19,111,589824,91,6.03644
pageable-pinned,19,111,589824,55,9.98757
pinned-h2d,19,111,589824,32,17.1661
pageable-staging-h2d,19,111,589824,87,6.31398
fread-pinned,19,39,589824,97,5.66306
pageable-pinned,19,39,589824,44,12.4845
pinned-h2d,19,39,589824,31,17.7199
pageable-staging-h2d,19,39,589824,75,7.32422
fread-pinned,19,103,589824,75,7.32422
pageable-pinned,19,103,589824,40,13.7329
pinned-h2d,19,103,589824,30,18.3105
pageable-staging-h2d,19,103,589824,70,7.84738
fread-pinned,19,179,720896,105,6.39416
pageable-pinned,19,179,720896,51,13.1644
pinned-h2d,19,179,720896,36,18.6496
pageable-staging-h2d,19,179,720896,87,7.71709
fread-pinned,19,238,589824,76,7.22785
pageable-pinned,19,238,589824,36,15.2588
pinned-h2d,19,238,589824,30,18.3105
pageable-staging-h2d,19,238,589824,66,8.32298
fread-pinned,19,32,720896,91,7.37788
pageable-pinned,19,32,720896,51,13.1644
pinned-h2d,19,32,720896,36,18.6496
pageable-staging-h2d,19,32,720896,87,7.71709
fread-pinned,19,249,860160,112,7.15256
pageable-pinned,19,249,860160,67,11.9565
pinned-h2d,19,249,860160,47,17.0444
pageable-staging-h2d,19,249,860160,114,7.02707
fread-pinned,19,66,589824,89,6.17209
pageable-pinned,19,66,589824,48,11.4441
pinned-h2d,19,66,589824,31,17.7199
pageable-staging-h2d,19,66,589824,79,6.95337
fread-pinned,19,95,720896,114,5.88936
pageable-pinned,19,95,720896,71,9.45615
pinned-h2d,19,95,720896,34,19.7467
pageable-staging-h2d,19,95,720896,105,6.39416
fread-pinned,19,99,589824,95,5.78228
pageable-pinned,19,99,589824,61,9.00519
pinned-h2d,19,99,589824,31,17.7199
pageable-staging-h2d,19,99,589824,92,5.97083
fread-pinned,19,35,589824,85,6.46255
pageable-pinned,19,35,589824,50,10.9863
pinned-h2d,19,35,589824,30,18.3105
pageable-staging-h2d,19,35,589824,80,6.86646
fread-pinned,19,246,589824,78,7.04252
pageable-pinned,19,246,589824,63,8.71931
pinned-h2d,19,246,589824,30,18.3105
pageable-staging-h2d,19,246,589824,93,5.90663
fread-pinned,19,235,589824,86,6.3874
pageable-pinned,19,235,589824,67,8.19875
pinned-h2d,19,235,589824,30,18.3105
pageable-staging-h2d,19,235,589824,97,5.66306
fread-pinned,19,229,589824,86,6.3874
pageable-pinned,19,229,589824,67,8.19875
pinned-h2d,19,229,589824,30,18.3105
pageable-staging-h2d,19,229,589824,97,5.66306
fread-pinned,19,33,589824,98,5.60527
pageable-pinned,19,33,589824,72,7.62939
pinned-h2d,19,33,589824,31,17.7199
pageable-staging-h2d,19,33,589824,103,5.33317
fread-pinned,19,6,720896,111,6.04853
pageable-pinned,19,6,720896,78,8.60752
pinned-h2d,19,6,720896,35,19.1825
pageable-staging-h2d,19,6,720896,113,5.94148
fread-pinned,19,119,589824,106,5.18223
pageable-pinned,19,119,589824,67,8.19875
pinned-h2d,19,119,589824,31,17.7199
pageable-staging-h2d,19,119,589824,98,5.60527
fread-pinned,19,161,589824,70,7.84738
pageable-pinned,19,161,589824,42,13.079
pinned-h2d,19,161,589824,31,17.7199
pageable-staging-h2d,19,161,589824,73,7.52488
fread-pinned,19,116,589824,82,6.69898
pageable-pinned,19,116,589824,46,11.9417
pinned-h2d,19,116,589824,30,18.3105
pageable-staging-h2d,19,116,589824,76,7.22785
fread-pinned,19,159,720896,88,7.62939
pageable-pinned,19,159,720896,48,13.9872
pinned-h2d,19,159,720896,36,18.6496
pageable-staging-h2d,19,159,720896,84,7.9927
fread-pinned,19,191,720896,84,7.9927
pageable-pinned,19,191,720896,55,12.207
pinned-h2d,19,191,720896,36,18.6496
pageable-staging-h2d,19,191,720896,91,7.37788
fread-pinned,19,3,589824,69,7.96111
pageable-pinned,19,3,589824,40,13.7329
pinned-h2d,19,3,589824,30,18.3105
pageable-staging-h2d,19,3,589824,70,7.84738
fread-pinned,19,251,589824,60,9.15527
pageable-pinned,19,251,589824,35,15.6948
pinned-h2d,19,251,589824,31,17.7199
pageable-staging-h2d,19,251,589824,66,8.32298
fread-pinned,19,97,589824,99,5.54865
pageable-pinned,19,97,589824,43,12.7748
pinned-h2d,19,97,589824,31,17.7199
pageable-staging-h2d,19,97,589824,74,7.42319
fread-pinned,19,91,589824,74,7.42319
pageable-pinned,19,91,589824,39,14.085
pinned-h2d,19,91,589824,31,17.7199
pageable-staging-h2d,19,91,589824,70,7.84738
fread-pinned,19,92,589824,78,7.04252
pageable-pinned,19,92,589824,41,13.398
pinned-h2d,19,92,589824,31,17.7199
pageable-staging-h2d,19,92,589824,72,7.62939
fread-pinned,19,185,720896,79,8.49857
pageable-pinned,19,185,720896,47,14.2848
pinned-h2d,19,185,720896,36,18.6496
pageable-staging-h2d,19,185,720896,83,8.089
fread-pinned,19,67,589824,78,7.04252
pageable-pinned,19,67,589824,37,14.8464
pinned-h2d,19,67,589824,31,17.7199
pageable-staging-h2d,19,67,589824,68,8.07818
fread-pinned,19,241,589824,68,8.07818
pageable-pinned,19,241,589824,36,15.2588
pinned-h2d,19,241,589824,30,18.3105
pageable-staging-h2d,19,241,589824,66,8.32298
fread-pinned,19,79,589824,85,6.46255
pageable-pinned,19,79,589824,52,10.5638
pinned-h2d,19,79,589824,30,18.3105
pageable-staging-h2d,19,79,589824,82,6.69898
fread-pinned,19,204,720896,115,5.83815
pageable-pinned,19,204,720896,81,8.28872
pinned-h2d,19,204,720896,36,18.6496
pageable-staging-h2d,19,204,720896,117,5.73835
fread-pinned,19,183,589824,77,7.13398
pageable-pinned,19,183,589824,57,9.63713
pinned-h2d,19,183,589824,30,18.3105
pageable-staging-h2d,19,183,589824,87,6.31398
fread-pinned,19,184,589824,82,6.69898
pageable-pinned,19,184,589824,63,8.71931
pinned-h2d,19,184,589824,30,18.3105
pageable-staging-h2d,19,184,589824,93,5.90663
fread-pinned,19,42,589824,89,6.17209
pageable-pinned,19,42,589824,58,9.47097
pinned-h2d,19,42,589824,31,17.7199
pageable-staging-h2d,19,42,589824,89,6.17209
fread-pinned,19,170,589824,98,5.60527
pageable-pinned,19,170,589824,50,10.9863
pinned-h2d,19,170,589824,31,17.7199
pageable-staging-h2d,19,170,589824,81,6.78168
fread-pinned,19,233,589824,84,6.53948
pageable-pinned,19,233,589824,59,9.31045
pinned-h2d,19,233,589824,30,18.3105
pageable-staging-h2d,19,233,589824,89,6.17209
fread-pinned,19,52,589824,96,5.72205
pageable-pinned,19,52,589824,61,9.00519
pinned-h2d,19,52,589824,30,18.3105
pageable-staging-h2d,19,52,589824,91,6.03644
fread-pinned,19,188,589824,89,6.17209
pageable-pinned,19,188,589824,61,9.00519
pinned-h2d,19,188,589824,30,18.3105
pageable-staging-h2d,19,188,589824,91,6.03644
fread-pinned,19,31,720896,120,5.59489
pageable-pinned,19,31,720896,85,7.89867
pinned-h2d,19,31,720896,36,18.6496
pageable-staging-h2d,19,31,720896,121,5.54865
fread-pinned,19,36,589824,101,5.43878
pageable-pinned,19,36,589824,45,12.207
pinned-h2d,19,36,589824,31,17.7199
pageable-staging-h2d,19,36,589824,76,7.22785
fread-pinned,19,152,589824,87,6.31398
pageable-pinned,19,152,589824,37,14.8464
pinned-h2d,19,152,589824,30,18.3105
pageable-staging-h2d,19,152,589824,67,8.19875
fread-pinned,19,171,589824,77,7.13398
pageable-pinned,19,171,589824,37,14.8464
pinned-h2d,19,171,589824,30,18.3105
pageable-staging-h2d,19,171,589824,67,8.19875
fread-pinned,19,107,589824,89,6.17209
pageable-pinned,19,107,589824,39,14.085
pinned-h2d,19,107,589824,31,17.7199
pageable-staging-h2d,19,107,589824,70,7.84738
fread-pinned,19,57,720896,99,6.78168
pageable-pinned,19,57,720896,59,11.3794
pinned-h2d,19,57,720896,36,18.6496
pageable-staging-h2d,19,57,720896,95,7.06723
fread-pinned,19,100,589824,81,6.78168
pageable-pinned,19,100,589824,37,14.8464
pinned-h2d,19,100,589824,30,18.3105
pageable-staging-h2d,19,100,589824,67,8.19875
fread-pinned,19,212,720896,97,6.92151
pageable-pinned,19,212,720896,55,12.207
pinned-h2d,19,212,720896,35,19.1825
pageable-staging-h2d,19,212,720896,90,7.45985
fread-pinned,19,64,720896,107,6.27464
pageable-pinned,19,64,720896,62,10.8288
pinned-h2d,19,64,720896,35,19.1825
pageable-staging-h2d,19,64,720896,97,6.92151
fread-pinned,19,209,589824,74,7.42319
pageable-pinned,19,209,589824,50,10.9863
pinned-h2d,19,209,589824,30,18.3105
pageable-staging-h2d,19,209,589824,80,6.86646
fread-pinned,19,240,589824,77,7.13398
pageable-pinned,19,240,589824,52,10.5638
pinned-h2d,19,240,589824,30,18.3105
pageable-staging-h2d,19,240,589824,82,6.69898
fread-pinned,19,82,720896,109,6.15951
pageable-pinned,19,82,720896,68,9.87333
pinned-h2d,19,82,720896,36,18.6496
pageable-staging-h2d,19,82,720896,104,6.45564
fread-pinned,19,140,720896,120,5.59489
pageable-pinned,19,140,720896,76,8.83404
pinned-h2d,19,140,720896,36,18.6496
pageable-staging-h2d,19,140,720896,112,5.99452
fread-pinned,19,54,589824,92,5.97083
pageable-pinned,19,54,589824,60,9.15527
pinned-h2d,19,54,589824,30,18.3105
pageable-staging-h2d,19,54,589824,90,6.10352
fread-pinned,19,104,589824,82,6.69898
pageable-pinned,19,104,589824,54,10.1725
pinned-h2d,19,104,589824,31,17.7199
pageable-staging-h2d,19,104,589824,85,6.46255
fread-pinned,19,200,589824,84,6.53948
pageable-pinned,19,200,589824,57,9.63713
pinned-h2d,19,200,589824,30,18.3105
pageable-staging-h2d,19,200,589824,87,6.31398
fread-pinned,19,193,589824,78,7.04252
pageable-pinned,19,193,589824,54,10.1725
pinned-h2d,19,193,589824,30,18.3105
pageable-staging-h2d,19,193,589824,84,6.53948
fread-pinned,19,160,720896,100,6.71387
pageable-pinned,19,160,720896,76,8.83404
pinned-h2d,19,160,720896,36,18.6496
pageable-staging-h2d,19,160,720896,112,5.99452
fread-pinned,19,129,589824,80,6.86646
pageable-pinned,19,129,589824,58,9.47097
pinned-h2d,19,129,589824,30,18.3105
pageable-staging-h2d,19,129,589824,88,6.24223
fread-pinned,19,118,589824,96,5.72205
pageable-pinned,19,118,589824,55,9.98757
pinned-h2d,19,118,589824,30,18.3105
pageable-staging-h2d,19,118,589824,85,6.46255
fread-pinned,19,146,720896,97,6.92151
pageable-pinned,19,146,720896,71,9.45615
pinned-h2d,19,146,720896,36,18.6496
pageable-staging-h2d,19,146,720896,107,6.27464
fread-pinned,19,164,589824,74,7.42319
pageable-pinned,19,164,589824,50,10.9863
pinned-h2d,19,164,589824,30,18.3105
pageable-staging-h2d,19,164,589824,80,6.86646
fread-pinned,19,18,720896,99,6.78168
pageable-pinned,19,18,720896,70,9.59124
pinned-h2d,19,18,720896,36,18.6496
pageable-staging-h2d,19,18,720896,106,6.33384
fread-pinned,19,128,720896,93,7.21921
pageable-pinned,19,128,720896,52,12.9113
pinned-h2d,19,128,720896,36,18.6496
pageable-staging-h2d,19,128,720896,88,7.62939
fread-pinned,19,46,589824,88,6.24223
pageable-pinned,19,46,589824,43,12.7748
pinned-h2d,19,46,589824,30,18.3105
pageable-staging-h2d,19,46,589824,73,7.52488
fread-pinned,19,28,589824,83,6.61827
pageable-pinned,19,28,589824,38,14.4557
pinned-h2d,19,28,589824,31,17.7199
pageable-staging-h2d,19,28,589824,69,7.96111
fread-pinned,19,114,720896,84,7.9927
pageable-pinned,19,114,720896,49,13.7018
pinned-h2d,19,114,720896,36,18.6496
pageable-staging-h2d,19,114,720896,85,7.89867
fread-pinned,19,41,589824,73,7.52488
pageable-pinned,19,41,589824,33,16.646
pinned-h2d,19,41,589824,30,18.3105
pageable-staging-h2d,19,41,589824,63,8.71931
fread-pinned,19,73,589824,79,6.95337
pageable-pinned,19,73,589824,46,11.9417
pinned-h2d,19,73,589824,31,17.7199
pageable-staging-h2d,19,73,589824,77,7.13398
fread-pinned,19,178,720896,117,5.73835
pageable-pinned,19,178,720896,71,9.45615
pinned-h2d,19,178,720896,35,19.1825
pageable-staging-h2d,19,178,720896,106,6.33384
fread-pinned,19,22,589824,97,5.66306
pageable-pinned,19,22,589824,57,9.63713
pinned-h2d,19,22,589824,30,18.3105
pageable-staging-h2d,19,22,589824,87,6.31398
fread-pinned,19,44,720896,115,5.83815
pageable-pinned,19,44,720896,67,10.0207
pinned-h2d,19,44,720896,35,19.1825
pageable-staging-h2d,19,44,720896,102,6.58222
fread-pinned,19,219,589824,81,6.78168
pageable-pinned,19,219,589824,62,8.85994
pinned-h2d,19,219,589824,30,18.3105
pageable-staging-h2d,19,219,589824,92,5.97083
fread-pinned,19,27,589824,95,5.78228
pageable-pinned,19,27,589824,59,9.31045
pinned-h2d,19,27,589824,31,17.7199
pageable-staging-h2d,19,27,589824,90,6.10352
fread-pinned,19,255,860160,130,6.1622
pageable-pinned,19,255,860160,85,9.42455
pinned-h2d,19,255,860160,42,19.0735
pageable-staging-h2d,19,255,860160,127,6.30777
fread-pinned,19,76,720896,117,5.73835
pageable-pinned,19,76,720896,71,9.45615
pinned-h2d,19,76,720896,36,18.6496
pageable-staging-h2d,19,76,720896,107,6.27464
fread-pinned,19,8,589824,75,7.32422
pageable-pinned,19,8,589824,51,10.7709
pinned-h2d,19,8,589824,30,18.3105
pageable-staging-h2d,19,8,589824,81,6.78168
fread-pinned,19,180,589824,73,7.52488
pageable-pinned,19,180,589824,45,12.207
pinned-h2d,19,180,589824,31,17.7199
pageable-staging-h2d,19,180,589824,76,7.22785
fread-pinned,19,37,720896,99,6.78168
pageable-pinned,19,37,720896,44,15.2588
pinned-h2d,19,37,720896,35,19.1825
pageable-staging-h2d,19,37,720896,79,8.49857
fread-pinned,19,133,720896,81,8.28872
pageable-pinned,19,133,720896,48,13.9872
pinned-h2d,19,133,720896,36,18.6496
pageable-staging-h2d,19,133,720896,84,7.9927
fread-pinned,19,163,589824,66,8.32298
pageable-pinned,19,163,589824,39,14.085
pinned-h2d,19,163,589824,30,18.3105
pageable-staging-h2d,19,163,589824,69,7.96111
fread-pinned,19,243,860160,99,8.09178
pageable-pinned,19,243,860160,61,13.1326
pinned-h2d,19,243,860160,42,19.0735
pageable-staging-h2d,19,243,860160,103,7.77754
fread-pinned,19,252,589824,84,6.53948
pageable-pinned,19,252,589824,36,15.2588
pinned-h2d,19,252,589824,30,18.3105
pageable-staging-h2d,19,252,589824,66,8.32298
fread-pinned,19,34,589824,86,6.3874
pageable-pinned,19,34,589824,42,13.079
pinned-h2d,19,34,589824,30,18.3105
pageable-staging-h2d,19,34,589824,72,7.62939
fread-pinned,19,130,589824,71,7.73685
pageable-pinned,19,130,589824,37,14.8464
pinned-h2d,19,130,589824,31,17.7199
pageable-staging-h2d,19,130,589824,68,8.07818
fread-pinned,19,47,589824,80,6.86646
pageable-pinned,19,47,589824,37,14.8464
pinned-h2d,19,47,589824,30,18.3105
pageable-staging-h2d,19,47,589824,67,8.19875
fread-pinned,19,59,589824,85,6.46255
pageable-pinned,19,59,589824,42,13.079
pinned-h2d,19,59,589824,30,18.3105
pageable-staging-h2d,19,59,589824,72,7.62939
fread-pinned,19,62,589824,76,7.22785
pageable-pinned,19,62,589824,36,15.2588
pinned-h2d,19,62,589824,30,18.3105
pageable-staging-h2d,19,62,589824,66,8.32298
fread-pinned,19,108,720896,116,5.78782
pageable-pinned,19,108,720896,49,13.7018
pinned-h2d,19,108,720896,36,18.6496
pageable-staging-h2d,19,108,720896,85,7.89867
fread-pinned,19,213,589824,75,7.32422
pageable-pinned,19,213,589824,42,13.079
pinned-h2d,19,213,589824,31,17.7199
pageable-staging-h2d,19,213,589824,73,7.52488
fread-pinned,19,0,589824,70,7.84738
pageable-pinned,19,0,589824,45,12.207
pinned-h2d,19,0,589824,30,18.3105
pageable-staging-h2d,19,0,589824,75,7.32422
fread-pinned,19,101,720896,116,5.78782
pageable-pinned,19,101,720896,73,9.19708
pinned-h2d,19,101,720896,34,19.7467
pageable-staging-h2d,19,101,720896,107,6.27464
fread-pinned,19,87,589824,77,7.13398
pageable-pinned,19,87,589824,55,9.98757
pinned-h2d,19,87,589824,30,18.3105
pageable-staging-h2d,19,87,589824,85,6.46255
fread-pinned,19,206,589824,79,6.95337
pageable-pinned,19,206,589824,56,9.80922
pinned-h2d,19,206,589824,30,18.3105
pageable-staging-h2d,19,206,589824,86,6.3874
fread-pinned,19,155,589824,83,6.61827
pageable-pinned,19,155,589824,61,9.00519
pinned-h2d,19,155,589824,29,18.9419
pageable-staging-h2d,19,155,589824,90,6.10352
fread-pinned,19,230,720896,94,7.14241
pageable-pinned,19,230,720896,71,9.45615
pinned-h2d,19,230,720896,35,19.1825
pageable-staging-h2d,19,230,720896,106,6.33384
fread-pinned,19,15,589824,86,6.3874
pageable-pinned,19,15,589824,55,9.98757
pinned-h2d,19,15,589824,31,17.7199
pageable-staging-h2d,19,15,589824,86,6.3874
fread-pinned,19,239,589824,84,6.53948
pageable-pinned,19,239,589824,56,9.80922
pinned-h2d,19,239,589824,29,18.9419
pageable-staging-h2d,19,239,589824,85,6.46255
fread-pinned,19,115,720896,118,5.68972
pageable-pinned,19,115,720896,72,9.32482
pinned-h2d,19,115,720896,35,19.1825
pageable-staging-h2d,19,115,720896,107,6.27464
fread-pinned,19,214,589824,81,6.78168
pageable-pinned,19,214,589824,55,9.98757
pinned-h2d,19,214,589824,30,18.3105
pageable-staging-h2d,19,214,589824,85,6.46255
fread-pinned,19,78,589824,96,5.72205
pageable-pinned,19,78,589824,61,9.00519
pinned-h2d,19,78,589824,29,18.9419
pageable-staging-h2d,19,78,589824,90,6.10352
fread-pinned,19,53,589824,80,6.86646
pageable-pinned,19,53,589824,37,14.8464
pinned-h2d,19,53,589824,30,18.3105
pageable-staging-h2d,19,53,589824,67,8.19875
fread-pinned,19,168,589824,84,6.53948
pageable-pinned,19,168,589824,35,15.6948
pinned-h2d,19,168,589824,30,18.3105
pageable-staging-h2d,19,168,589824,65,8.45102
fread-pinned,19,192,720896,112,5.99452
pageable-pinned,19,192,720896,51,13.1644
pinned-h2d,19,192,720896,36,18.6496
pageable-staging-h2d,19,192,720896,87,7.71709
fread-pinned,19,7,589824,64,8.58307
pageable-pinned,19,7,589824,36,15.2588
pinned-h2d,19,7,589824,31,17.7199
pageable-staging-h2d,19,7,589824,67,8.19875
fread-pinned,19,48,589824,73,7.52488
pageable-pinned,19,48,589824,33,16.646
pinned-h2d,19,48,589824,30,18.3105
pageable-staging-h2d,19,48,589824,63,8.71931
fread-pinned,19,195,589824,98,5.60527
pageable-pinned,19,195,589824,44,12.4845
pinned-h2d,19,195,589824,31,17.7199
pageable-staging-h2d,19,195,589824,75,7.32422
fread-pinned,19,26,589824,91,6.03644
pageable-pinned,19,26,589824,53,10.3645
pinned-h2d,19,26,589824,30,18.3105
pageable-staging-h2d,19,26,589824,83,6.61827
fread-pinned,19,74,589824,91,6.03644
pageable-pinned,19,74,589824,55,9.98757
pinned-h2d,19,74,589824,33,16.646
pageable-staging-h2d,19,74,589824,88,6.24223
fread-pinned,19,154,720896,133,5.04802
pageable-pinned,19,154,720896,79,8.49857
pinned-h2d,19,154,720896,36,18.6496
pageable-staging-h2d,19,154,720896,115,5.83815
fread-pinned,19,68,589824,100,5.49316
pageable-pinned,19,68,589824,60,9.15527
pinned-h2d,19,68,589824,31,17.7199
pageable-staging-h2d,19,68,589824,91,6.03644
fread-pinned,19,89,720896,95,7.06723
pageable-pinned,19,89,720896,70,9.59124
pinned-h2d,19,89,720896,35,19.1825
pageable-staging-h2d,19,89,720896,105,6.39416
fread-pinned,19,136,589824,95,5.78228
pageable-pinned,19,136,589824,51,10.7709
pinned-h2d,19,136,589824,31,17.7199
pageable-staging-h2d,19,136,589824,82,6.69898
fread-pinned,19,113,589824,79,6.95337
pageable-pinned,19,113,589824,58,9.47097
pinned-h2d,19,113,589824,30,18.3105
pageable-staging-h2d,19,113,589824,88,6.24223
fread-pinned,19,86,589824,81,6.78168
pageable-pinned,19,86,589824,59,9.31045
pinned-h2d,19,86,589824,36,15.2588
pageable-staging-h2d,19,86,589824,95,5.78228
fread-pinned,19,165,720896,101,6.64739
pageable-pinned,19,165,720896,85,7.89867
pinned-h2d,19,165,720896,34,19.7467
pageable-staging-h2d,19,165,720896,119,5.64191
fread-pinned,19,162,589824,79,6.95337
pageable-pinned,19,162,589824,57,9.63713
pinned-h2d,19,162,589824,31,17.7199
pageable-staging-h2d,19,162,589824,88,6.24223
fread-pinned,19,205,720896,113,5.94148
pageable-pinned,19,205,720896,53,12.6677
pinned-h2d,19,205,720896,36,18.6496
pageable-staging-h2d,19,205,720896,89,7.54367
fread-pinned,19,23,589824,72,7.62939
pageable-pinned,19,23,589824,33,16.646
pinned-h2d,19,23,589824,30,18.3105
pageable-staging-h2d,19,23,589824,63,8.71931
fread-pinned,19,247,589824,69,7.96111
pageable-pinned,19,247,589824,38,14.4557
pinned-h2d,19,247,589824,30,18.3105
pageable-staging-h2d,19,247,589824,68,8.07818
fread-pinned,19,93,589824,71,7.73685
pageable-pinned,19,93,589824,43,12.7748
pinned-h2d,19,93,589824,31,17.7199
pageable-staging-h2d,19,93,589824,74,7.42319
fread-pinned,19,245,589824,73,7.52488
pageable-pinned,19,245,589824,34,16.1564
pinned-h2d,19,245,589824,29,18.9419
pageable-staging-h2d,19,245,589824,63,8.71931
fread-pinned,19,234,589824,95,5.78228
pageable-pinned,19,234,589824,41,13.398
pinned-h2d,19,234,589824,30,18.3105
pageable-staging-h2d,19,234,589824,71,7.73685
fread-pinned,19,253,589824,97,5.66306
pageable-pinned,19,253,589824,59,9.31045
pinned-h2d,19,253,589824,30,18.3105
pageable-staging-h2d,19,253,589824,89,6.17209
fread-pinned,19,242,589824,80,6.86646
pageable-pinned,19,242,589824,53,10.3645
pinned-h2d,19,242,589824,30,18.3105
pageable-staging-h2d,19,242,589824,83,6.61827
fread-pinned,19,223,860160,124,6.46037
pageable-pinned,19,223,860160,98,8.17435
pinned-h2d,19,223,860160,42,19.0735
pageable-staging-h2d,19,223,860160,140,5.72205
fread-pinned,19,85,589824,83,6.61827
pageable-pinned,19,85,589824,61,9.00519
pinned-h2d,19,85,589824,30,18.3105
pageable-staging-h2d,19,85,589824,91,6.03644
fread-pinned,19,109,720896,132,5.08626
pageable-pinned,19,109,720896,71,9.45615
pinned-h2d,19,109,720896,35,19.1825
pageable-staging-h2d,19,109,720896,106,6.33384
fread-pinned,19,105,589824,97,5.66306
pageable-pinned,19,105,589824,59,9.31045
pinned-h2d,19,105,589824,30,18.3105
pageable-staging-h2d,19,105,589824,89,6.17209
fread-pinned,19,110,589824,74,7.42319
pageable-pinned,19,110,589824,51,10.7709
pinned-h2d,19,110,589824,30,18.3105
pageable-staging-h2d,19,110,589824,81,6.78168
fread-pinned,19,228,589824,74,7.42319
pageable-pinned,19,228,589824,46,11.9417
pinned-h2d,19,228,589824,30,18.3105
pageable-staging-h2d,19,228,589824,76,7.22785
fread-pinned,19,19,720896,99,6.78168
pageable-pinned,19,19,720896,72,9.32482
pinned-h2d,19,19,720896,35,19.1825
pageable-staging-h2d,19,19,720896,107,6.27464
fread-pinned,19,172,720896,104,6.45564
pageable-pinned,19,172,720896,73,9.19708
pinned-h2d,19,172,720896,36,18.6496
pageable-staging-h2d,19,172,720896,109,6.15951
fread-pinned,19,12,720896,79,8.49857
pageable-pinned,19,12,720896,50,13.4277
pinned-h2d,19,12,720896,35,19.1825
pageable-staging-h2d,19,12,720896,85,7.89867
fread-pinned,19,141,720896,88,7.62939
pageable-pinned,19,141,720896,53,12.6677
pinned-h2d,19,141,720896,35,19.1825
pageable-staging-h2d,19,141,720896,88,7.62939
fread-pinned,19,189,589824,65,8.45102
pageable-pinned,19,189,589824,38,14.4557
pinned-h2d,19,189,589824,31,17.7199
pageable-staging-h2d,19,189,589824,69,7.96111
fread-pinned,19,222,589824,72,7.62939
pageable-pinned,19,222,589824,45,12.207
pinned-h2d,19,222,589824,30,18.3105
pageable-staging-h2d,19,222,589824,75,7.32422
fread-pinned,19,17,589824,87,6.31398
pageable-pinned,19,17,589824,46,11.9417
pinned-h2d,19,17,589824,30,18.3105
pageable-staging-h2d,19,17,589824,76,7.22785
fread-pinned,19,25,720896,93,7.21921
pageable-pinned,19,25,720896,49,13.7018
pinned-h2d,19,25,720896,35,19.1825
pageable-staging-h2d,19,25,720896,84,7.9927
fread-pinned,19,134,720896,93,7.21921
pageable-pinned,19,134,720896,72,9.32482
pinned-h2d,19,134,720896,36,18.6496
pageable-staging-h2d,19,134,720896,108,6.21654
fread-pinned,19,157,589824,80,6.86646
pageable-pinned,19,157,589824,59,9.31045
pinned-h2d,19,157,589824,30,18.3105
pageable-staging-h2d,19,157,589824,89,6.17209
fread-pinned,19,169,589824,106,5.18223
pageable-pinned,19,169,589824,65,8.45102
pinned-h2d,19,169,589824,30,18.3105
pageable-staging-h2d,19,169,589824,95,5.78228
fread-pinned,19,80,589824,93,5.90663
pageable-pinned,19,80,589824,53,10.3645
pinned-h2d,19,80,589824,31,17.7199
pageable-staging-h2d,19,80,589824,84,6.53948
fread-pinned,19,237,720896,97,6.92151
pageable-pinned,19,237,720896,74,9.07279
pinned-h2d,19,237,720896,35,19.1825
pageable-staging-h2d,19,237,720896,109,6.15951
fread-pinned,19,194,589824,77,7.13398
pageable-pinned,19,194,589824,48,11.4441
pinned-h2d,19,194,589824,30,18.3105
pageable-staging-h2d,19,194,589824,78,7.04252
fread-pinned,19,40,589824,90,6.10352
pageable-pinned,19,40,589824,53,10.3645
pinned-h2d,19,40,589824,29,18.9419
pageable-staging-h2d,19,40,589824,82,6.69898
fread-pinned,19,190,589824,84,6.53948
pageable-pinned,19,190,589824,61,9.00519
pinned-h2d,19,190,589824,30,18.3105
pageable-staging-h2d,19,190,589824,91,6.03644
fread-pinned,19,2,589824,77,7.13398
pageable-pinned,19,2,589824,60,9.15527
pinned-h2d,19,2,589824,30,18.3105
pageable-staging-h2d,19,2,589824,90,6.10352
fread-pinned,19,24,720896,112,5.99452
pageable-pinned,19,24,720896,72,9.32482
pinned-h2d,19,24,720896,36,18.6496
pageable-staging-h2d,19,24,720896,108,6.21654
fread-pinned,19,84,589824,79,6.95337
pageable-pinned,19,84,589824,43,12.7748
pinned-h2d,19,84,589824,31,17.7199
pageable-staging-h2d,19,84,589824,74,7.42319
fread-pinned,19,30,720896,97,6.92151
pageable-pinned,19,30,720896,48,13.9872
pinned-h2d,19,30,720896,35,19.1825
pageable-staging-h2d,19,30,720896,83,8.089
fread-pinned,19,65,589824,81,6.78168
pageable-pinned,19,65,589824,42,13.079
pinned-h2d,19,65,589824,30,18.3105
pageable-staging-h2d,19,65,589824,72,7.62939
fread-pinned,19,150,589824,85,6.46255
pageable-pinned,19,150,589824,36,15.2588
pinned-h2d,19,150,589824,31,17.7199
pageable-staging-h2d,19,150,589824,67,8.19875
fread-pinned,19,177,589824,79,6.95337
pageable-pinned,19,177,589824,41,13.398
pinned-h2d,19,177,589824,30,18.3105
pageable-staging-h2d,19,177,589824,71,7.73685
fread-pinned,19,182,589824,67,8.19875
pageable-pinned,19,182,589824,37,14.8464
pinned-h2d,19,182,589824,30,18.3105
pageable-staging-h2d,19,182,589824,67,8.19875
fread-pinned,19,207,589824,81,6.78168
pageable-pinned,19,207,589824,54,10.1725
pinned-h2d,19,207,589824,30,18.3105
pageable-staging-h2d,19,207,589824,84,6.53948
fread-pinned,19,174,589824,102,5.38545
pageable-pinned,19,174,589824,57,9.63713
pinned-h2d,19,174,589824,31,17.7199
pageable-staging-h2d,19,174,589824,88,6.24223
fread-pinned,19,175,589824,93,5.90663
pageable-pinned,19,175,589824,52,10.5638
pinned-h2d,19,175,589824,30,18.3105
pageable-staging-h2d,19,175,589824,82,6.69898
fread-pinned,19,149,589824,82,6.69898
pageable-pinned,19,149,589824,64,8.58307
pinned-h2d,19,149,589824,30,18.3105
pageable-staging-h2d,19,149,589824,94,5.84379
fread-pinned,19,147,720896,108,6.21654
pageable-pinned,19,147,720896,78,8.60752
pinned-h2d,19,147,720896,36,18.6496
pageable-staging-h2d,19,147,720896,114,5.88936
fread-pinned,19,102,720896,124,5.41441
pageable-pinned,19,102,720896,74,9.07279
pinned-h2d,19,102,720896,36,18.6496
pageable-staging-h2d,19,102,720896,110,6.10352
fread-pinned,19,220,589824,75,7.32422
pageable-pinned,19,220,589824,56,9.80922
pinned-h2d,19,220,589824,31,17.7199
pageable-staging-h2d,19,220,589824,87,6.31398
fread-pinned,19,225,589824,72,7.62939
pageable-pinned,19,225,589824,47,11.6876
pinned-h2d,19,225,589824,31,17.7199
pageable-staging-h2d,19,225,589824,78,7.04252
fread-pinned,19,203,589824,80,6.86646
pageable-pinned,19,203,589824,60,9.15527
pinned-h2d,19,203,589824,30,18.3105
pageable-staging-h2d,19,203,589824,90,6.10352
fread-pinned,19,254,589824,84,6.53948
pageable-pinned,19,254,589824,59,9.31045
pinned-h2d,19,254,589824,31,17.7199
pageable-staging-h2d,19,254,589824,90,6.10352
fread-pinned,19,88,720896,100,6.71387
pageable-pinned,19,88,720896,74,9.07279
pinned-h2d,19,88,720896,35,19.1825
pageable-staging-h2d,19,88,720896,109,6.15951
fread-pinned,19,127,720896,74,9.07279
pageable-pinned,19,127,720896,43,15.6136
pinned-h2d,19,127,720896,37,18.1456
pageable-staging-h2d,19,127,720896,80,8.39233
fread-pinned,19,138,589824,75,7.32422
pageable-pinned,19,138,589824,42,13.079
pinned-h2d,19,138,589824,31,17.7199
pageable-staging-h2d,19,138,589824,73,7.52488
fread-pinned,19,90,589824,75,7.32422
pageable-pinned,19,90,589824,38,14.4557
pinned-h2d,19,90,589824,30,18.3105
pageable-staging-h2d,19,90,589824,68,8.07818
fread-pinned,19,123,589824,67,8.19875
pageable-pinned,19,123,589824,41,13.398
pinned-h2d,19,123,589824,30,18.3105
pageable-staging-h2d,19,123,589824,71,7.73685
fread-pinned,19,142,589824,65,8.45102
pageable-pinned,19,142,589824,38,14.4557
pinned-h2d,19,142,589824,30,18.3105
pageable-staging-h2d,19,142,589824,68,8.07818
fread-pinned,19,166,720896,76,8.83404
pageable-pinned,19,166,720896,45,14.9197
pinned-h2d,19,166,720896,36,18.6496
pageable-staging-h2d,19,166,720896,81,8.28872
fread-pinned,19,106,589824,88,6.24223
pageable-pinned,19,106,589824,35,15.6948
pinned-h2d,19,106,589824,31,17.7199
pageable-staging-h2d,19,106,589824,66,8.32298
fread-pinned,19,167,720896,82,8.18764
pageable-pinned,19,167,720896,52,12.9113
pinned-h2d,19,167,720896,36,18.6496
pageable-staging-h2d,19,167,720896,88,7.62939
fread-pinned,19,250,860160,121,6.62055
pageable-pinned,19,250,860160,56,14.3051
pinned-h2d,19,250,860160,41,19.5387
pageable-staging-h2d,19,250,860160,97,8.25862
fread-pinned,19,210,720896,85,7.89867
pageable-pinned,19,210,720896,48,13.9872
pinned-h2d,19,210,720896,37,18.1456
pageable-staging-h2d,19,210,720896,85,7.89867
fread-pinned,19,143,589824,95,5.78228
pageable-pinned,19,143,589824,57,9.63713
pinned-h2d,19,143,589824,31,17.7199
pageable-staging-h2d,19,143,589824,88,6.24223
fread-pinned,19,13,589824,80,6.86646
pageable-pinned,19,13,589824,61,9.00519
pinned-h2d,19,13,589824,30,18.3105
pageable-staging-h2d,19,13,589824,91,6.03644
fread-pinned,19,11,720896,87,7.71709
pageable-pinned,19,11,720896,59,11.3794
pinned-h2d,19,11,720896,35,19.1825
pageable-staging-h2d,19,11,720896,94,7.14241
fread-pinned,19,211,720896,91,7.37788
pageable-pinned,19,211,720896,55,12.207
pinned-h2d,19,211,720896,37,18.1456
pageable-staging-h2d,19,211,720896,92,7.29768
fread-pinned,19,132,589824,74,7.42319
pageable-pinned,19,132,589824,49,11.2105
pinned-h2d,19,132,589824,30,18.3105
pageable-staging-h2d,19,132,589824,79,6.95337
fread-pinned,19,227,589824,85,6.46255
pageable-pinned,19,227,589824,62,8.85994
pinned-h2d,19,227,589824,30,18.3105
pageable-staging-h2d,19,227,589824,92,5.97083
fread-pinned,19,60,589824,96,5.72205
pageable-pinned,19,60,589824,57,9.63713
pinned-h2d,19,60,589824,31,17.7199
pageable-staging-h2d,19,60,589824,88,6.24223
fread-pinned,19,61,589824,100,5.49316
pageable-pinned,19,61,589824,59,9.31045
pinned-h2d,19,61,589824,30,18.3105
pageable-staging-h2d,19,61,589824,89,6.17209
fread-pinned,19,1,589824,77,7.13398
pageable-pinned,19,1,589824,61,9.00519
pinned-h2d,19,1,589824,30,18.3105
pageable-staging-h2d,19,1,589824,91,6.03644
fread-pinned,19,5,720896,91,7.37788
pageable-pinned,19,5,720896,67,10.0207
pinned-h2d,19,5,720896,35,19.1825
pageable-staging-h2d,19,5,720896,102,6.58222
fread-pinned,19,217,860160,116,6.90592
pageable-pinned,19,217,860160,90,8.90096
pinned-h2d,19,217,860160,42,19.0735
pageable-staging-h2d,19,217,860160,132,6.06884
fread-pinned,19,215,589824,82,6.69898
pageable-pinned,19,215,589824,58,9.47097
pinned-h2d,19,215,589824,31,17.7199
pageable-staging-h2d,19,215,589824,89,6.17209
fread-pinned,19,117,589824,76,7.22785
pageable-pinned,19,117,589824,35,15.6948
pinned-h2d,19,117,589824,30,18.3105
pageable-staging-h2d,19,117,589824,65,8.45102
fread-pinned,19,43,720896,106,6.33384
pageable-pinned,19,43,720896,47,14.2848
pinned-h2d,19,43,720896,36,18.6496
pageable-staging-h2d,19,43,720896,83,8.089
fread-pinned,19,236,720896,88,7.62939
pageable-pinned,19,236,720896,49,13.7018
pinned-h2d,19,236,720896,35,19.1825
pageable-staging-h2d,19,236,720896,84,7.9927
fread-pinned,19,81,589824,79,6.95337
pageable-pinned,19,81,589824,42,13.079
pinned-h2d,19,81,589824,31,17.7199
pageable-staging-h2d,19,81,589824,73,7.52488
fread-pinned,19,131,589824,65,8.45102
pageable-pinned,19,131,589824,39,14.085
pinned-h2d,19,131,589824,31,17.7199
pageable-staging-h2d,19,131,589824,70,7.84738
fread-pinned,19,158,589824,66,8.32298
pageable-pinned,19,158,589824,38,14.4557
pinned-h2d,19,158,589824,31,17.7199
pageable-staging-h2d,19,158,589824,69,7.96111
fread-pinned,19,145,589824,101,5.43878
pageable-pinned,19,145,589824,41,13.398
pinned-h2d,19,145,589824,30,18.3105
pageable-staging-h2d,19,145,589824,71,7.73685
fread-pinned,19,69,720896,101,6.64739
pageable-pinned,19,69,720896,50,13.4277
pinned-h2d,19,69,720896,35,19.1825
pageable-staging-h2d,19,69,720896,85,7.89867
fread-pinned,19,197,589824,61,9.00519
pageable-pinned,19,197,589824,35,15.6948
pinned-h2d,19,197,589824,30,18.3105
pageable-staging-h2d,19,197,589824,65,8.45102
fread-pinned,19,58,589824,85,6.46255
pageable-pinned,19,58,589824,37,14.8464
pinned-h2d,19,58,589824,31,17.7199
pageable-staging-h2d,19,58,589824,68,8.07818
fread-pinned,19,201,589824,76,7.22785
pageable-pinned,19,201,589824,39,14.085
pinned-h2d,19,201,589824,31,17.7199
pageable-staging-h2d,19,201,589824,70,7.84738
fread-pinned,19,224,720896,100,6.71387
pageable-pinned,19,224,720896,55,12.207
pinned-h2d,19,224,720896,35,19.1825
pageable-staging-h2d,19,224,720896,90,7.45985
fread-pinned,19,56,720896,122,5.50317
pageable-pinned,19,56,720896,78,8.60752
pinned-h2d,19,56,720896,35,19.1825
pageable-staging-h2d,19,56,720896,113,5.94148
fread-pinned,19,221,589824,101,5.43878
pageable-pinned,19,221,589824,66,8.32298
pinned-h2d,19,221,589824,30,18.3105
pageable-staging-h2d,19,221,589824,96,5.72205
fread-pinned,19,29,589824,84,6.53948
pageable-pinned,19,29,589824,50,10.9863
pinned-h2d,19,29,589824,30,18.3105
pageable-staging-h2d,19,29,589824,80,6.86646
fread-pinned,19,135,589824,85,6.46255
pageable-pinned,19,135,589824,66,8.32298
pinned-h2d,19,135,589824,30,18.3105
pageable-staging-h2d,19,135,589824,96,5.72205
fread-pinned,19,187,589824,90,6.10352
pageable-pinned,19,187,589824,62,8.85994
pinned-h2d,19,187,589824,30,18.3105
pageable-staging-h2d,19,187,589824,92,5.97083
fread-pinned,19,125,589824,89,6.17209
pageable-pinned,19,125,589824,49,11.2105
pinned-h2d,19,125,589824,30,18.3105
pageable-staging-h2d,19,125,589824,79,6.95337
fread-pinned,19,216,589824,80,6.86646
pageable-pinned,19,216,589824,56,9.80922
pinned-h2d,19,216,589824,30,18.3105
pageable-staging-h2d,19,216,589824,86,6.3874
fread-pinned,19,9,589824,79,6.95337
pageable-pinned,19,9,589824,59,9.31045
pinned-h2d,19,9,589824,30,18.3105
pageable-staging-h2d,19,9,589824,89,6.17209
fread-pinned,19,137,589824,71,7.73685
pageable-pinned,19,137,589824,50,10.9863
pinned-h2d,19,137,589824,30,18.3105
pageable-staging-h2d,19,137,589824,80,6.86646
fread-pinned,19,63,720896,119,5.64191
pageable-pinned,19,63,720896,75,8.95182
pinned-h2d,19,63,720896,36,18.6496
pageable-staging-h2d,19,63,720896,111,6.04853
fread-pinned,19,50,720896,116,5.78782
pageable-pinned,19,50,720896,45,14.9197
pinned-h2d,19,50,720896,36,18.6496
pageable-staging-h2d,19,50,720896,81,8.28872
fread-pinned,19,144,589824,85,6.46255
pageable-pinned,19,144,589824,35,15.6948
pinned-h2d,19,144,589824,31,17.7199
pageable-staging-h2d,19,144,589824,66,8.32298
fread-pinned,19,75,720896,104,6.45564
pageable-pinned,19,75,720896,55,12.207
pinned-h2d,19,75,720896,35,19.1825
pageable-staging-h2d,19,75,720896,90,7.45985
fread-pinned,19,202,589824,91,6.03644
pageable-pinned,19,202,589824,41,13.398
pinned-h2d,19,202,589824,30,18.3105
pageable-staging-h2d,19,202,589824,71,7.73685
fread-pinned,19,156,589824,77,7.13398
pageable-pinned,19,156,589824,41,13.398
pinned-h2d,19,156,589824,31,17.7199
pageable-staging-h2d,19,156,589824,72,7.62939
fread-pinned,19,21,589824,80,6.86646
pageable-pinned,19,21,589824,39,14.085
pinned-h2d,19,21,589824,30,18.3105
pageable-staging-h2d,19,21,589824,69,7.96111
