row_type,request_idx,repeat_idx,batch_idx,token_idx,phase,layer,k_required,k_hit,k_miss,ssd_read_us,h2d_us,compute_us,stall_us,pred_us,pred_observe_us,pred_score_us,callback_wall_us,topk_d2h_us,slot_ids_h2d_us,slot_table_h2d_us,eamc_rows_scored,eamc_cosine_us,eamc_score_materialize_us,eamc_score_cache_hits,eamc_score_cache_misses,cache_resident_experts,predictor,request_wall_us,request_end_us,predictor_end_us,predictor_save_us,profile_flush_us,sidecar_write_bytes,routes_required,routes_hit,routes_persistent,k_empty_admit,k_victim_admit,k_scratch,route_rank_us,host_cache_hits,host_cache_misses,host_cache_hit_bytes,host_cache_miss_bytes,host_cache_lookup_us,host_cache_fill_us,host_memcpy_us,host_memcpy_bytes,h2d_bytes,pinned_staging_wait_us,ssd_bytes,ssd_reads,route_hash,sere_secondary_routes,sere_rerouted_routes,sere_original_miss_routes,sere_original_unique_required,sere_original_unique_misses,sere_rerouted_miss_routes,sere_threshold_rejects,sere_similarity_sum
layer,1,0,0,0,prefill,0,176,0,176,959058,30568,14975,4815,1,1,0,966825,29,40,0,0,0,0,0,0,60,lru,0,0,0,0,0,0,1024,0,699,60,0,116,32,0,0,0,0,0,0,0,0,334495744,1386,334495744,528,12219648178270828789,0,0,0,0,0,0,0,0
layer,1,0,0,0,prefill,1,182,0,182,1015896,31693,2234,3172,2,2,0,1022910,29,47,0,0,0,0,0,0,60,lru,0,0,0,0,0,0,1024,0,725,60,0,122,34,0,0,0,0,0,0,0,0,345899008,1594,345899008,546,15277931125921217785,0,0,0,0,0,0,0,0
layer,1,0,0,0,prefill,2,206,0,206,973393,31235,7099,3796,1,1,0,981271,18,24,0,0,0,0,0,0,60,lru,0,0,0,0,0,0,1024,0,628,60,0,146,31,0,0,0,0,0,0,0,0,391512064,2212,391512064,618,17145500094531255386,0,0,0,0,0,0,0,0
layer,1,0,0,0,prefill,3,167,0,167,984785,30260,2170,2757,3,3,0,991005,21,50,0,0,0,0,0,0,60,lru,0,0,0,0,0,0,1024,0,821,60,0,107,31,0,0,0,0,0,0,0,0,317390848,1218,317390848,501,1673858601191253994,0,0,0,0,0,0,0,0
layer,1,0,0,0,prefill,4,124,0,124,856121,24717,1835,2088,1,1,0,860755,16,57,0,0,0,0,0,0,60,lru,0,0,0,0,0,0,1024,0,906,60,0,64,22,0,0,0,0,0,0,0,0,235667456,564,235667456,372,14600063501994671226,0,0,0,0,0,0,0,0
layer,1,0,0,0,prefill,5,133,0,133,846252,24852,1851,2310,2,2,0,851189,15,39,0,0,0,0,0,0,60,lru,0,0,0,0,0,0,1024,0,880,60,0,73,23,0,0,0,0,0,0,0,0,252772352,746,252772352,399,9424053262310121956,0,0,0,0,0,0,0,0
layer,1,0,0,0,prefill,6,124,0,124,880385,25252,1837,2895,1,1,0,885315,14,30,0,0,0,0,0,0,60,lru,0,0,0,0,0,0,1024,0,905,60,0,64,21,0,0,0,0,0,0,0,0,235667456,594,235667456,372,14934414221709185757,0,0,0,0,0,0,0,0
layer,1,0,0,0,prefill,7,116,0,116,862496,24658,1735,2067,3,3,0,866924,22,36,0,0,0,0,0,0,60,lru,0,0,0,0,0,0,1024,0,935,60,0,56,24,0,0,0,0,0,0,0,0,220463104,478,220463104,348,7179905249574162474,0,0,0,0,0,0,0,0
layer,1,0,0,0,prefill,8,97,0,97,773383,21246,1648,1781,1,1,0,776866,15,42,0,0,0,0,0,0,60,lru,0,0,0,0,0,0,1024,0,971,60,0,37,19,0,0,0,0,0,0,0,0,184352768,181,184352768,291,4627850918294769679,0,0,0,0,0,0,0,0
layer,1,0,0,0,prefill,9,112,0,112,770979,22983,1715,2012,2,2,0,774929,12,17,0,0,0,0,0,0,60,lru,0,0,0,0,0,0,1024,0,945,60,0,52,19,0,0,0,0,0,0,0,0,212860928,375,212860928,336,4645575692911528739,0,0,0,0,0,0,0,0
layer,1,0,0,0,prefill,10,118,0,118,885474,24968,1626,2140,1,1,0,889679,15,37,0,0,0,0,0,0,60,lru,0,0,0,0,0,0,1024,0,907,60,0,58,20,0,0,0,0,0,0,0,0,224264192,577,224264192,354,16800884933985854512,0,0,0,0,0,0,0,0
layer,1,0,0,0,prefill,11,120,0,120,828663,18528,1828,3634,2,2,0,833317,13,15,0,0,0,0,0,0,60,lru,0,0,0,0,0,0,1024,0,892,60,0,60,21,0,0,0,0,0,0,0,0,228065280,574,228065280,360,17035824358329450958,0,0,0,0,0,0,0,0
layer,1,0,0,0,prefill,12,119,0,119,756409,12969,1839,5241,1,1,0,761491,18,15,0,0,0,0,0,0,60,lru,0,0,0,0,0,0,1024,0,916,60,0,59,23,0,0,0,0,0,0,0,0,226164736,1724,226164736,357,6416490007006528880,0,0,0,0,0,0,0,0
layer,1,0,0,0,prefill,13,112,0,112,747010,12467,1780,4486,2,2,0,751737,19,40,0,0,0,0,0,0,60,lru,0,0,0,0,0,0,1024,0,916,60,0,52,23,0,0,0,0,0,0,0,0,212860928,1021,212860928,336,11463464513360716238,0,0,0,0,0,0,0,0
layer,1,0,0,0,prefill,14,114,0,114,752006,15566,1695,4141,1,1,0,756519,19,20,0,0,0,0,0,0,60,lru,0,0,0,0,0,0,1024,0,937,60,0,54,24,0,0,0,0,0,0,0,0,216662016,446,216662016,342,4325479099591672170,0,0,0,0,0,0,0,0
layer,1,0,0,0,prefill,15,124,0,124,924400,23548,1893,2718,3,3,0,928980,19,61,0,0,0,0,0,0,60,lru,0,0,0,0,0,0,1024,0,930,60,0,64,25,0,0,0,0,0,0,0,0,235667456,1091,235667456,372,970819422327397207,0,0,0,0,0,0,0,0
layer,1,0,0,0,prefill,16,121,0,121,925265,25520,1795,2094,1,1,0,929435,20,27,0,0,0,0,0,0,60,lru,0,0,0,0,0,0,1024,0,909,60,0,61,25,0,0,0,0,0,0,0,0,229965824,552,229965824,363,14380729604006571084,0,0,0,0,0,0,0,0
layer,1,0,0,0,prefill,17,132,0,132,971890,26875,1970,2493,1,1,0,976564,16,43,0,0,0,0,0,0,60,lru,0,0,0,0,0,0,1024,0,872,60,0,72,23,0,0,0,0,0,0,0,0,250871808,681,250871808,396,4671307045581148946,0,0,0,0,0,0,0,0
layer,1,0,0,0,prefill,18,130,0,130,960856,26166,1696,2237,1,1,0,965427,24,32,0,0,0,0,0,0,60,lru,0,0,0,0,0,0,1024,0,866,60,0,70,25,0,0,0,0,0,0,0,0,247070720,703,247070720,390,17898593779164621291,0,0,0,0,0,0,0,0
layer,1,0,0,0,prefill,19,117,0,117,876060,23320,1750,2134,2,2,0,880036,16,25,0,0,0,0,0,0,60,lru,0,0,0,0,0,0,1024,0,922,60,0,57,19,0,0,0,0,0,0,0,0,222363648,545,222363648,351,2163319464759232046,0,0,0,0,0,0,0,0
layer,1,0,0,0,prefill,20,112,0,112,912480,23791,1729,2126,1,1,0,916311,14,26,0,0,0,0,0,0,60,lru,0,0,0,0,0,0,1024,0,942,60,0,52,19,0,0,0,0,0,0,0,0,212860928,465,212860928,336,9921280713898615322,0,0,0,0,0,0,0,0
layer,1,0,0,0,prefill,21,118,0,118,888082,23697,1771,2217,2,2,0,892085,12,14,0,0,0,0,0,0,60,lru,0,0,0,0,0,0,1024,0,936,60,0,58,20,0,0,0,0,0,0,0,0,224264192,572,224264192,354,14809856661791415143,0,0,0,0,0,0,0,0
layer,1,0,0,0,prefill,22,131,0,131,1005210,26912,1709,2277,1,1,0,1009664,13,50,0,0,0,0,0,0,60,lru,0,0,0,0,0,0,1024,0,868,60,0,71,22,0,0,0,0,0,0,0,0,248971264,724,248971264,393,8380014407405543931,0,0,0,0,0,0,0,0
layer,1,0,0,0,prefill,23,135,0,135,723560,29722,1870,2360,2,2,0,728190,12,33,0,0,0,0,0,0,60,lru,0,0,0,0,0,0,1024,0,882,60,0,75,22,0,0,0,0,0,0,0,0,256573440,695,256573440,405,15581967104037421188,0,0,0,0,0,0,0,0
layer,1,0,0,0,prefill,24,123,0,123,678161,27878,1821,2223,2,2,0,682290,16,40,0,0,0,0,0,0,60,lru,0,0,0,0,0,0,1024,0,913,60,0,63,22,0,0,0,0,0,0,0,0,233766912,563,233766912,369,14789694810599579118,0,0,0,0,0,0,0,0
layer,1,0,0,0,prefill,25,127,0,127,665565,26993,1820,2101,2,2,0,669929,15,30,0,0,0,0,0,0,60,lru,0,0,0,0,0,0,1024,0,895,60,0,67,23,0,0,0,0,0,0,0,0,241369088,576,241369088,381,11689160194476348867,0,0,0,0,0,0,0,0
layer,1,0,0,0,prefill,26,135,0,135,746609,26726,1734,2217,1,1,0,751149,14,54,0,0,0,0,0,0,60,lru,0,0,0,0,0,0,1024,0,887,60,0,75,22,0,0,0,0,0,0,0,0,256573440,746,256573440,405,13178241015007328604,0,0,0,0,0,0,0,0
layer,1,0,0,0,prefill,27,132,0,132,730404,29447,1824,2252,2,2,0,734839,13,38,0,0,0,0,0,0,60,lru,0,0,0,0,0,0,1024,0,881,60,0,72,22,0,0,0,0,0,0,0,0,250871808,682,250871808,396,14846368672667771208,0,0,0,0,0,0,0,0
layer,1,0,0,0,prefill,28,129,0,129,632252,23936,1838,2727,1,1,0,636838,14,71,0,0,0,0,0,0,60,lru,0,0,0,0,0,0,1024,0,850,60,0,69,22,0,0,0,0,0,0,0,0,245170176,864,245170176,387,7888169583796691904,0,0,0,0,0,0,0,0
layer,1,0,0,0,prefill,29,137,0,137,561413,27977,1859,2060,2,2,0,566041,13,25,0,0,0,0,0,0,60,lru,0,0,0,0,0,0,1024,0,822,60,0,77,21,0,0,0,0,0,0,0,0,260374528,763,260374528,411,2104717543554312498,0,0,0,0,0,0,0,0
layer,1,0,0,0,prefill,30,147,0,147,629120,29667,1812,2415,1,1,0,634023,13,11,0,0,0,0,0,0,60,lru,0,0,0,0,0,0,1024,0,834,60,0,87,25,0,0,0,0,0,0,0,0,279379968,818,279379968,441,2048301277715180987,0,0,0,0,0,0,0,0
layer,1,0,0,0,prefill,31,128,0,128,546721,26438,1823,2054,2,2,0,551059,13,24,0,0,0,0,0,0,60,lru,0,0,0,0,0,0,1024,0,882,60,0,68,19,0,0,0,0,0,0,0,0,243269632,673,243269632,384,10929869390654555039,0,0,0,0,0,0,0,0
layer,1,0,0,0,prefill,32,138,0,138,598966,29979,1892,2086,1,1,0,603625,12,30,0,0,0,0,0,0,60,lru,0,0,0,0,0,0,1024,0,834,60,0,78,21,0,0,0,0,0,0,0,0,262275072,693,262275072,414,13826025403527238995,0,0,0,0,0,0,0,0
layer,1,0,0,0,prefill,33,146,0,146,596166,28515,1947,2007,2,2,0,601016,13,30,0,0,0,0,0,0,60,lru,0,0,0,0,0,0,1024,0,821,60,0,86,23,0,0,0,0,0,0,0,0,277479424,762,277479424,438,13381094655000008861,0,0,0,0,0,0,0,0
layer,1,0,0,0,prefill,34,153,0,153,639877,32194,6312,2474,1,1,0,645258,16,55,0,0,0,0,0,0,60,lru,0,0,0,0,0,0,1024,0,791,60,0,93,26,0,0,0,0,0,0,0,0,312090624,846,312090624,459,6306605809918136037,0,0,0,0,0,0,0,0
layer,1,0,0,0,prefill,35,138,0,138,594445,29353,1910,2283,3,3,0,599167,24,14,0,0,0,0,0,0,60,lru,0,0,0,0,0,0,1024,0,882,60,0,78,30,0,0,0,0,0,0,0,0,262275072,741,262275072,414,10396090839241596827,0,0,0,0,0,0,0,0
layer,1,0,0,0,prefill,36,145,0,145,596006,31086,1925,2196,1,1,0,600886,16,39,0,0,0,0,0,0,60,lru,0,0,0,0,0,0,1024,0,848,60,0,85,24,0,0,0,0,0,0,0,0,275578880,750,275578880,435,3277203410339951116,0,0,0,0,0,0,0,0
layer,1,0,0,0,prefill,37,134,0,134,570326,28686,1855,1995,2,2,0,574841,16,27,0,0,0,0,0,0,60,lru,0,0,0,0,0,0,1024,0,910,60,0,74,21,0,0,0,0,0,0,0,0,254672896,659,254672896,402,687463232770928696,0,0,0,0,0,0,0,0
layer,1,0,0,0,prefill,38,126,0,126,577331,29486,1743,1942,1,1,0,581625,12,37,0,0,0,0,0,0,60,lru,0,0,0,0,0,0,1024,0,906,60,0,66,21,0,0,0,0,0,0,0,0,257015808,516,257015808,378,3152204717211103003,0,0,0,0,0,0,0,0
layer,1,0,0,0,prefill,39,142,0,142,622341,32194,11831,2204,2,2,0,627113,12,33,0,0,0,0,0,0,60,lru,0,0,0,0,0,0,1024,0,893,60,0,82,23,0,0,0,0,0,0,0,0,289652736,812,289652736,426,18063871893985616342,0,0,0,0,0,0,0,0
request,1,0,0,0,prefill,-1,0,0,0,0,0,0,0,0,0,0,0,0,0,0,0,0,0,0,0,0,,31589916,33187,0,0,26,0,0,0,0,0,0,0,0,0,0,0,0,0,0,0,0,0,0,0,0,0,0,0,0,0,0,0,0,0
layer,2,0,1,128,decode,0,8,3,5,4246,2180,335,1427,56,0,56,5888,42,27,0,0,0,0,0,0,60,lru,0,0,0,0,0,0,8,3,8,0,5,0,3,0,0,0,0,0,0,0,0,9502720,0,9502720,15,7254485698621351976,0,0,0,0,0,0,0,0
layer,2,0,1,128,decode,1,8,4,4,6007,1235,219,227,42,1,41,6362,11,9,0,0,0,0,0,0,60,lru,0,0,0,0,0,0,8,4,8,0,4,0,1,0,0,0,0,0,0,0,0,7602176,0,7602176,12,4328414224302126305,0,0,0,0,0,0,0,0
layer,2,0,1,128,decode,2,8,4,4,4865,570,2044,85,35,0,35,5089,9,4,0,0,0,0,0,0,60,lru,0,0,0,0,0,0,8,4,8,0,4,0,3,0,0,0,0,0,0,0,0,7602176,0,7602176,12,1001171307569698806,0,0,0,0,0,0,0,0
layer,2,0,1,128,decode,3,8,2,6,4784,814,229,172,32,1,31,5079,13,9,0,0,0,0,0,0,60,lru,0,0,0,0,0,0,8,2,8,0,6,0,1,0,0,0,0,0,0,0,0,11403264,0,11403264,18,7879118728736304243,0,0,0,0,0,0,0,0
layer,2,0,1,128,decode,4,8,3,5,4815,696,216,89,23,0,23,5087,9,12,0,0,0,0,0,0,60,lru,0,0,0,0,0,0,8,3,8,0,5,0,2,0,0,0,0,0,0,0,0,9502720,0,9502720,15,8157219622342567720,0,0,0,0,0,0,0,0
layer,2,0,1,128,decode,5,8,5,3,14955,696,204,64,13,1,12,15113,9,3,0,0,0,0,0,0,60,lru,0,0,0,0,0,0,8,5,8,0,3,0,0,0,0,0,0,0,0,0,0,5701632,0,5701632,9,11604806328950607740,0,0,0,0,0,0,0,0
layer,2,0,1,128,decode,6,8,7,1,447,172,201,45,13,0,13,589,9,26,0,0,0,0,0,0,60,lru,0,0,0,0,0,0,8,7,8,0,1,0,2,0,0,0,0,0,0,0,0,1900544,0,1900544,3,9595127914444460934,0,0,0,0,0,0,0,0
layer,2,0,1,128,decode,7,8,7,1,405,169,231,31,18,1,17,532,8,15,0,0,0,0,0,0,60,lru,0,0,0,0,0,0,8,7,8,0,1,0,0,0,0,0,0,0,0,0,0,1900544,0,1900544,3,6110789278621683118,0,0,0,0,0,0,0,0
layer,2,0,1,128,decode,8,8,7,1,394,184,188,20,8,0,8,499,8,9,0,0,0,0,0,0,60,lru,0,0,0,0,0,0,8,7,8,0,1,0,2,0,0,0,0,0,0,0,0,1900544,0,1900544,3,11009270682043261506,0,0,0,0,0,0,0,0
layer,2,0,1,128,decode,9,8,6,2,798,284,220,38,3,1,2,905,8,3,0,0,0,0,0,0,60,lru,0,0,0,0,0,0,8,6,8,0,2,0,0,0,0,0,0,0,0,0,0,3801088,0,3801088,6,11304495276917889214,0,0,0,0,0,0,0,0
layer,2,0,1,128,decode,10,8,4,4,3160,492,189,80,2,0,2,3327,8,3,0,0,0,0,0,0,60,lru,0,0,0,0,0,0,8,4,8,0,4,0,2,0,0,0,0,0,0,0,0,7602176,0,7602176,12,15803557957215100032,0,0,0,0,0,0,0,0
layer,2,0,1,128,decode,11,8,5,3,1028,432,208,44,3,0,3,1163,8,4,0,0,0,0,0,0,60,lru,0,0,0,0,0,0,8,5,8,0,3,0,1,0,0,0,0,0,0,0,0,5701632,0,5701632,9,5515690665552396685,0,0,0,0,0,0,0,0
layer,2,0,1,128,decode,12,8,6,2,701,330,221,57,2,0,2,810,9,4,0,0,0,0,0,0,60,lru,0,0,0,0,0,0,8,6,8,0,2,0,2,0,0,0,0,0,0,0,0,3801088,0,3801088,6,14377724257657132143,0,0,0,0,0,0,0,0
layer,2,0,1,128,decode,13,8,6,2,6001,423,238,92,3,1,2,6172,8,21,0,0,0,0,0,0,60,lru,0,0,0,0,0,0,8,6,8,0,2,0,0,0,0,0,0,0,0,0,0,3801088,0,3801088,6,1307492344527778106,0,0,0,0,0,0,0,0
layer,2,0,1,128,decode,14,8,7,1,416,170,183,16,1,0,1,484,8,4,0,0,0,0,0,0,60,lru,0,0,0,0,0,0,8,7,8,0,1,0,2,0,0,0,0,0,0,0,0,1900544,0,1900544,3,4485037701910013768,0,0,0,0,0,0,0,0
layer,2,0,1,128,decode,15,8,8,0,0,0,260,0,0,0,0,27,8,2,0,0,0,0,0,0,60,lru,0,0,0,0,0,0,8,8,8,0,0,0,4,0,0,0,0,0,0,0,0,0,0,0,0,3980058925024748147,0,0,0,0,0,0,0,0
layer,2,0,1,128,decode,16,8,6,2,914,338,205,56,3,0,3,1033,8,4,0,0,0,0,0,0,60,lru,0,0,0,0,0,0,8,6,8,0,2,0,1,0,0,0,0,0,0,0,0,3801088,0,3801088,6,1520042376657277118,0,0,0,0,0,0,0,0
layer,2,0,1,128,decode,17,8,6,2,700,342,220,68,4,1,3,812,8,5,0,0,0,0,0,0,60,lru,0,0,0,0,0,0,8,6,8,0,2,0,0,0,0,0,0,0,0,0,0,3801088,0,3801088,6,17242286561999112203,0,0,0,0,0,0,0,0
layer,2,0,1,128,decode,18,8,5,3,1115,416,168,64,2,0,2,1262,8,2,0,0,0,0,0,0,60,lru,0,0,0,0,0,0,8,5,8,0,3,0,2,0,0,0,0,0,0,0,0,5701632,0,5701632,9,17477815340518167930,0,0,0,0,0,0,0,0
layer,2,0,1,128,decode,19,8,6,2,8091,438,197,54,3,1,2,8196,8,3,0,0,0,0,0,0,60,lru,0,0,0,0,0,0,8,6,8,0,2,0,0,0,0,0,0,0,0,0,0,3801088,0,3801088,6,7001027055878190830,0,0,0,0,0,0,0,0
layer,2,0,1,128,decode,20,8,6,2,885,271,220,50,2,0,2,1014,9,15,0,0,0,0,0,0,60,lru,0,0,0,0,0,0,8,6,8,0,2,0,2,0,0,0,0,0,0,0,0,3801088,0,3801088,6,2708815735651456751,0,0,0,0,0,0,0,0
layer,2,0,1,128,decode,21,8,7,1,772,148,206,9,3,1,2,837,8,3,0,0,0,0,0,0,60,lru,0,0,0,0,0,0,8,7,8,0,1,0,0,0,0,0,0,0,0,0,0,1900544,0,1900544,3,7704508630103240882,0,0,0,0,0,0,0,0
layer,2,0,1,128,decode,22,8,5,3,4809,407,202,168,2,0,2,4985,8,16,0,0,0,0,0,0,60,lru,0,0,0,0,0,0,8,5,8,0,3,0,2,0,0,0,0,0,0,0,0,5701632,0,5701632,9,1845266412580334140,0,0,0,0,0,0,0,0
layer,2,0,1,128,decode,23,8,6,2,800,332,218,55,4,0,4,933,9,12,0,0,0,0,0,0,60,lru,0,0,0,0,0,0,8,6,8,0,2,0,3,0,0,0,0,0,0,0,0,3801088,0,3801088,6,11423075746881571236,0,0,0,0,0,0,0,0
layer,2,0,1,128,decode,24,8,5,3,7237,391,216,81,3,0,3,7365,8,3,0,0,0,0,0,0,60,lru,0,0,0,0,0,0,8,5,8,0,3,0,0,0,0,0,0,0,0,0,0,5701632,0,5701632,9,12497833297056640796,0,0,0,0,0,0,0,0
layer,2,0,1,128,decode,25,8,4,4,6034,567,217,116,2,0,2,6212,8,4,0,0,0,0,0,0,60,lru,0,0,0,0,0,0,8,4,8,0,4,0,2,0,0,0,0,0,0,0,0,7602176,0,7602176,12,2469130425578470345,0,0,0,0,0,0,0,0
layer,2,0,1,128,decode,26,8,7,1,319,124,200,15,2,0,2,383,8,4,0,0,0,0,0,0,60,lru,0,0,0,0,0,0,8,7,8,0,1,0,0,0,0,0,0,0,0,0,0,1900544,0,1900544,3,1053491816991993220,0,0,0,0,0,0,0,0
layer,2,0,1,128,decode,27,8,4,4,1935,550,210,102,3,1,2,2118,8,7,0,0,0,0,0,0,60,lru,0,0,0,0,0,0,8,4,8,0,4,0,2,0,0,0,0,0,0,0,0,7602176,0,7602176,12,5393886175912153606,0,0,0,0,0,0,0,0
layer,2,0,1,128,decode,28,8,6,2,3429,270,233,38,2,0,2,3567,8,15,0,0,0,0,0,0,60,lru,0,0,0,0,0,0,8,6,8,0,2,0,0,0,0,0,0,0,0,0,0,3801088,0,3801088,6,15332712752622925119,0,0,0,0,0,0,0,0
layer,2,0,1,128,decode,29,8,4,4,5069,567,217,100,2,0,2,5256,8,3,0,0,0,0,0,0,60,lru,0,0,0,0,0,0,8,4,8,0,4,0,2,0,0,0,0,0,0,0,0,7602176,0,7602176,12,13375048892650805854,0,0,0,0,0,0,0,0
layer,2,0,1,128,decode,30,8,6,2,1693,306,190,35,2,0,2,1790,8,3,0,0,0,0,0,0,60,lru,0,0,0,0,0,0,8,6,8,0,2,0,0,0,0,0,0,0,0,0,0,3801088,0,3801088,6,13782977827483029981,0,0,0,0,0,0,0,0
layer,2,0,1,128,decode,31,8,5,3,4196,414,224,64,4,1,3,4340,8,2,0,0,0,0,0,0,60,lru,0,0,0,0,0,0,8,5,8,0,3,0,1,0,0,0,0,0,0,0,0,5701632,0,5701632,9,13939020910911204755,0,0,0,0,0,0,0,0
layer,2,0,1,128,decode,32,8,3,5,3749,663,215,144,2,0,2,3973,8,6,0,0,0,0,0,0,60,lru,0,0,0,0,0,0,8,3,8,0,5,0,0,0,0,0,0,0,0,0,0,9502720,0,9502720,15,5602116782344715367,0,0,0,0,0,0,0,0
layer,2,0,1,128,decode,33,8,4,4,7505,628,231,93,3,0,3,7728,8,18,0,0,0,0,0,0,60,lru,0,0,0,0,0,0,8,4,8,0,4,0,0,0,0,0,0,0,0,0,0,7602176,0,7602176,12,7589832193247832721,0,0,0,0,0,0,0,0
layer,2,0,1,128,decode,34,8,3,5,8363,754,183,113,2,0,2,8562,8,3,0,0,0,0,0,0,60,lru,0,0,0,0,0,0,8,3,8,0,5,0,1,0,0,0,0,0,0,0,0,10199040,0,10199040,15,7064816013019935396,0,0,0,0,0,0,0,0
layer,2,0,1,128,decode,35,8,6,2,4950,416,216,44,2,0,2,5062,9,2,0,0,0,0,0,0,60,lru,0,0,0,0,0,0,8,6,8,0,2,0,2,0,0,0,0,0,0,0,0,3801088,0,3801088,6,9740308546073552789,0,0,0,0,0,0,0,0
layer,2,0,1,128,decode,36,8,3,5,2481,677,214,99,2,0,2,2703,8,6,0,0,0,0,0,0,60,lru,0,0,0,0,0,0,8,3,8,0,5,0,0,0,0,0,0,0,0,0,0,9502720,0,9502720,15,4623111038456450604,0,0,0,0,0,0,0,0
layer,2,0,1,128,decode,37,8,5,3,5441,479,197,75,3,0,3,5610,8,15,0,0,0,0,0,0,60,lru,0,0,0,0,0,0,8,5,8,0,3,0,0,0,0,0,0,0,0,0,0,5701632,0,5701632,9,10094418978732537205,0,0,0,0,0,0,0,0
layer,2,0,1,128,decode,38,8,2,6,5464,799,203,183,2,0,2,5695,8,4,0,0,0,0,0,0,60,lru,0,0,0,0,0,0,8,2,8,0,6,0,2,0,0,0,0,0,0,0,0,12238848,0,12238848,18,6002352678584087619,0,0,0,0,0,0,0,0
layer,2,0,1,128,decode,39,8,3,5,7719,911,691,124,2,0,2,7918,9,4,0,0,0,0,0,0,60,lru,0,0,0,0,0,0,8,3,8,0,5,0,0,0,0,0,0,0,0,0,0,10199040,0,10199040,15,12905355854548117940,0,0,0,0,0,0,0,0
request,2,0,1,0,decode,-1,0,0,0,0,0,0,0,0,0,0,0,0,0,0,0,0,0,0,0,0,,181068,767,0,0,25,0,0,0,0,0,0,0,0,0,0,0,0,0,0,0,0,0,0,0,0,0,0,0,0,0,0,0,0,0
layer,3,0,2,129,decode,0,8,2,6,2268,862,442,160,8,0,8,2537,13,19,0,0,0,0,0,0,60,lru,0,0,0,0,0,0,8,2,8,0,6,0,1,0,0,0,0,0,0,0,0,11403264,0,11403264,18,4009942129221919342,0,0,0,0,0,0,0,0
layer,3,0,2,129,decode,1,8,2,6,7063,905,419,189,7,0,7,7345,10,14,0,0,0,0,0,0,60,lru,0,0,0,0,0,0,8,2,8,0,6,0,0,0,0,0,0,0,0,0,0,11403264,0,11403264,18,18217181162900242125,0,0,0,0,0,0,0,0
layer,3,0,2,129,decode,2,8,7,1,358,198,385,29,7,0,7,464,9,20,0,0,0,0,0,0,60,lru,0,0,0,0,0,0,8,7,8,0,1,0,0,0,0,0,0,0,0,0,0,1900544,0,1900544,3,12103677070006543548,0,0,0,0,0,0,0,0
layer,3,0,2,129,decode,3,8,4,4,2619,529,430,131,6,0,6,2830,9,27,0,0,0,0,0,0,60,lru,0,0,0,0,0,0,8,4,8,0,4,0,0,0,0,0,0,0,0,0,0,7602176,0,7602176,12,9198642985979581907,0,0,0,0,0,0,0,0
layer,3,0,2,129,decode,4,8,6,2,1111,290,404,32,6,0,6,1216,9,3,0,0,0,0,0,0,60,lru,0,0,0,0,0,0,8,6,8,0,2,0,0,0,0,0,0,0,0,0,0,3801088,0,3801088,6,316360594592359844,0,0,0,0,0,0,0,0
layer,3,0,2,129,decode,5,8,5,3,1064,443,613,37,6,0,6,1193,8,5,0,0,0,0,0,0,60,lru,0,0,0,0,0,0,8,5,8,0,3,0,2,0,0,0,0,0,0,0,0,5701632,0,5701632,9,10033590023762998123,0,0,0,0,0,0,0,0
layer,3,0,2,129,decode,6,8,7,1,337,177,392,15,5,0,5,418,11,3,0,0,0,0,0,0,60,lru,0,0,0,0,0,0,8,7,8,0,1,0,1,0,0,0,0,0,0,0,0,1900544,0,1900544,3,15490833820647820463,0,0,0,0,0,0,0,0
layer,3,0,2,129,decode,7,8,8,0,0,0,448,0,0,0,0,31,9,3,0,0,0,0,0,0,60,lru,0,0,0,0,0,0,8,8,8,0,0,0,3,0,0,0,0,0,0,0,0,0,0,0,0,14146416194496846403,0,0,0,0,0,0,0,0
layer,3,0,2,129,decode,8,8,8,0,0,0,443,0,0,0,0,24,8,2,0,0,0,0,0,0,60,lru,0,0,0,0,0,0,8,8,8,0,0,0,2,0,0,0,0,0,0,0,0,0,0,0,0,10079190880169119211,0,0,0,0,0,0,0,0
layer,3,0,2,129,decode,9,8,7,1,317,170,452,43,1,0,1,429,8,16,0,0,0,0,0,0,60,lru,0,0,0,0,0,0,8,7,8,0,1,0,0,0,0,0,0,0,0,0,0,1900544,0,1900544,3,4429355030589802168,0,0,0,0,0,0,0,0
layer,3,0,2,129,decode,10,8,5,3,1002,415,323,68,2,0,2,1126,9,4,0,0,0,0,0,0,60,lru,0,0,0,0,0,0,8,5,8,0,3,0,2,0,0,0,0,0,0,0,0,5701632,0,5701632,9,10057024807057288266,0,0,0,0,0,0,0,0
layer,3,0,2,129,decode,11,8,3,5,3784,702,580,145,1,0,1,3992,9,10,0,0,0,0,0,0,60,lru,0,0,0,0,0,0,8,3,8,0,5,0,2,0,0,0,0,0,0,0,0,9502720,0,9502720,15,15740224724942159143,0,0,0,0,0,0,0,0
layer,3,0,2,129,decode,12,8,5,3,1024,464,436,63,2,0,2,1165,11,5,0,0,0,0,0,0,60,lru,0,0,0,0,0,0,8,5,8,0,3,0,2,0,0,0,0,0,0,0,0,5701632,0,5701632,9,6295255665047525046,0,0,0,0,0,0,0,0
layer,3,0,2,129,decode,13,8,4,4,1381,578,741,86,2,0,2,1549,10,4,0,0,0,0,0,0,60,lru,0,0,0,0,0,0,8,4,8,0,4,0,0,0,0,0,0,0,0,0,0,7602176,0,7602176,12,11415031381658446584,0,0,0,0,0,0,0,0
layer,3,0,2,129,decode,14,8,5,3,6068,488,402,46,2,0,2,6238,12,20,0,0,0,0,0,0,60,lru,0,0,0,0,0,0,8,5,8,0,3,0,1,0,0,0,0,0,0,0,0,5701632,0,5701632,9,11179997196429510639,0,0,0,0,0,0,0,0
layer,3,0,2,129,decode,15,8,5,3,1285,427,407,94,2,0,2,1483,10,22,0,0,0,0,0,0,60,lru,0,0,0,0,0,0,8,5,8,0,3,0,2,0,0,0,0,0,0,0,0,5701632,0,5701632,9,7233078550582138417,0,0,0,0,0,0,0,0
layer,3,0,2,129,decode,16,8,5,3,6257,537,413,79,2,0,2,6459,9,32,0,0,0,0,0,0,60,lru,0,0,0,0,0,0,8,5,8,0,3,0,2,0,0,0,0,0,0,0,0,5701632,0,5701632,9,2510026629505768952,0,0,0,0,0,0,0,0
layer,3,0,2,129,decode,17,8,6,2,838,296,395,26,3,0,3,934,9,3,0,0,0,0,0,0,60,lru,0,0,0,0,0,0,8,6,8,0,2,0,3,0,0,0,0,0,0,0,0,3801088,0,3801088,6,6072427140901157797,0,0,0,0,0,0,0,0
layer,3,0,2,129,decode,18,8,5,3,2734,423,374,70,3,0,3,2887,9,6,0,0,0,0,0,0,60,lru,0,0,0,0,0,0,8,5,8,0,3,0,0,0,0,0,0,0,0,0,0,5701632,0,5701632,9,13196912883624368847,0,0,0,0,0,0,0,0
layer,3,0,2,129,decode,19,8,8,0,0,0,551,0,0,0,0,24,9,3,0,0,0,0,0,0,60,lru,0,0,0,0,0,0,8,8,8,0,0,0,1,0,0,0,0,0,0,0,0,0,0,0,0,7793243685421675599,0,0,0,0,0,0,0,0
layer,3,0,2,129,decode,20,8,8,0,0,0,457,0,0,0,0,25,10,3,0,0,0,0,0,0,60,lru,0,0,0,0,0,0,8,8,8,0,0,0,1,0,0,0,0,0,0,0,0,0,0,0,0,16033453809180578344,0,0,0,0,0,0,0,0
layer,3,0,2,129,decode,21,8,6,2,6019,459,425,58,3,0,3,6198,9,24,0,0,0,0,0,0,60,lru,0,0,0,0,0,0,8,6,8,0,2,0,2,0,0,0,0,0,0,0,0,3801088,0,3801088,6,12405822552386308218,0,0,0,0,0,0,0,0
layer,3,0,2,129,decode,22,8,4,4,1976,564,389,79,3,0,3,2135,9,5,0,0,0,0,0,0,60,lru,0,0,0,0,0,0,8,4,8,0,4,0,2,0,0,0,0,0,0,0,0,7602176,0,7602176,12,2827174252616420466,0,0,0,0,0,0,0,0
layer,3,0,2,129,decode,23,8,1,7,6801,988,377,155,3,0,3,7083,9,5,0,0,0,0,0,0,60,lru,0,0,0,0,0,0,8,1,8,0,7,0,0,0,0,0,0,0,0,0,0,13303808,0,13303808,21,3672429565504879950,0,0,0,0,0,0,0,0
layer,3,0,2,129,decode,24,8,5,3,1159,403,388,52,3,0,3,1280,9,3,0,0,0,0,0,0,60,lru,0,0,0,0,0,0,8,5,8,0,3,0,0,0,0,0,0,0,0,0,0,5701632,0,5701632,9,5993976759942564607,0,0,0,0,0,0,0,0
layer,3,0,2,129,decode,25,8,6,2,623,291,515,28,3,0,3,715,9,2,0,0,0,0,0,0,60,lru,0,0,0,0,0,0,8,6,8,0,2,0,0,0,0,0,0,0,0,0,0,3801088,0,3801088,6,10142880585772523441,0,0,0,0,0,0,0,0
layer,3,0,2,129,decode,26,8,6,2,770,281,373,55,2,0,2,875,10,4,0,0,0,0,0,0,60,lru,0,0,0,0,0,0,8,6,8,0,2,0,2,0,0,0,0,0,0,0,0,3801088,0,3801088,6,823042062324727788,0,0,0,0,0,0,0,0
layer,3,0,2,129,decode,27,8,4,4,1369,572,446,76,2,0,2,1562,9,20,0,0,0,0,0,0,60,lru,0,0,0,0,0,0,8,4,8,0,4,0,0,0,0,0,0,0,0,0,0,7602176,0,7602176,12,17127710065731334612,0,0,0,0,0,0,0,0
layer,3,0,2,129,decode,28,8,5,3,4726,436,400,79,4,0,4,4881,9,13,0,0,0,0,0,0,60,lru,0,0,0,0,0,0,8,5,8,0,3,0,0,0,0,0,0,0,0,0,0,5701632,0,5701632,9,1662305469876609592,0,0,0,0,0,0,0,0
layer,3,0,2,129,decode,29,8,4,4,1550,545,406,54,3,0,3,1704,10,4,0,0,0,0,0,0,60,lru,0,0,0,0,0,0,8,4,8,0,4,0,0,0,0,0,0,0,0,0,0,7602176,0,7602176,12,2941479158524053642,0,0,0,0,0,0,0,0
layer,3,0,2,129,decode,30,8,3,5,5450,726,685,133,3,0,3,5672,10,5,0,0,0,0,0,0,60,lru,0,0,0,0,0,0,8,3,8,0,5,0,0,0,0,0,0,0,0,0,0,9502720,0,9502720,15,2026413415075218670,0,0,0,0,0,0,0,0
layer,3,0,2,129,decode,31,8,2,6,8407,1004,444,179,2,0,2,8672,12,9,0,0,0,0,0,0,60,lru,0,0,0,0,0,0,8,2,8,0,6,0,2,0,0,0,0,0,0,0,0,11403264,0,11403264,18,3826497831044602858,0,0,0,0,0,0,0,0
layer,3,0,2,129,decode,32,8,3,5,3326,699,485,119,2,0,2,3539,10,5,0,0,0,0,0,0,60,lru,0,0,0,0,0,0,8,3,8,0,5,0,2,0,0,0,0,0,0,0,0,9502720,0,9502720,15,11308038024691896505,0,0,0,0,0,0,0,0
layer,3,0,2,129,decode,33,8,2,6,3609,841,409,154,2,0,2,3832,11,6,0,0,0,0,0,0,60,lru,0,0,0,0,0,0,8,2,8,0,6,0,0,0,0,0,0,0,0,0,0,11403264,0,11403264,18,6137498437151561856,0,0,0,0,0,0,0,0
layer,3,0,2,129,decode,34,8,3,5,5825,705,374,92,2,0,2,6030,9,4,0,0,0,0,0,0,60,lru,0,0,0,0,0,0,8,3,8,0,5,0,0,0,0,0,0,0,0,0,0,10199040,0,10199040,15,2924331120764195644,0,0,0,0,0,0,0,0
layer,3,0,2,129,decode,35,8,0,8,7477,1308,403,168,3,0,3,7782,9,4,0,0,0,0,0,0,60,lru,0,0,0,0,0,0,8,0,8,0,8,0,2,0,0,0,0,0,0,0,0,15204352,0,15204352,24,489601649176824821,0,0,0,0,0,0,0,0
layer,3,0,2,129,decode,36,8,4,4,1639,495,415,74,3,0,3,1835,9,16,0,0,0,0,0,0,60,lru,0,0,0,0,0,0,8,4,8,0,4,0,0,0,0,0,0,0,0,0,0,7602176,0,7602176,12,6841763421531395713,0,0,0,0,0,0,0,0
layer,3,0,2,129,decode,37,8,2,6,5758,797,410,126,2,0,2,5988,8,4,0,0,0,0,0,0,60,lru,0,0,0,0,0,0,8,2,8,0,6,0,2,0,0,0,0,0,0,0,0,11403264,0,11403264,18,4838366014700850840,0,0,0,0,0,0,0,0
layer,3,0,2,129,decode,38,8,4,4,1777,619,478,115,2,0,2,1995,8,20,0,0,0,0,0,0,60,lru,0,0,0,0,0,0,8,4,8,0,4,0,2,0,0,0,0,0,0,0,0,8159232,0,8159232,12,12957776315629321224,0,0,0,0,0,0,0,0
layer,3,0,2,129,decode,39,8,3,5,2668,735,806,112,2,0,2,2901,11,19,0,0,0,0,0,0,60,lru,0,0,0,0,0,0,8,3,8,0,5,0,2,0,0,0,0,0,0,0,0,10199040,0,10199040,15,17451067373868649392,0,0,0,0,0,0,0,0
request,3,0,2,0,decode,-1,0,0,0,0,0,0,0,0,0,0,0,0,0,0,0,0,0,0,0,0,,139642,825,0,0,14,0,0,0,0,0,0,0,0,0,0,0,0,0,0,0,0,0,0,0,0,0,0,0,0,0,0,0,0,0
layer,4,0,3,130,decode,0,8,4,4,1702,520,161,155,7,0,7,1938,12,24,0,0,0,0,0,0,60,lru,0,0,0,0,0,0,8,4,8,0,4,0,1,0,0,0,0,0,0,0,0,7602176,0,7602176,12,13078433122374814054,0,0,0,0,0,0,0,0
layer,4,0,3,130,decode,1,8,6,2,689,293,159,42,7,0,7,838,8,27,0,0,0,0,0,0,60,lru,0,0,0,0,0,0,8,6,8,0,2,0,1,0,0,0,0,0,0,0,0,3801088,0,3801088,6,11575009245088819475,0,0,0,0,0,0,0,0
layer,4,0,3,130,decode,2,8,4,4,1456,591,141,138,7,0,7,1642,8,4,0,0,0,0,0,0,60,lru,0,0,0,0,0,0,8,4,8,0,4,0,1,0,0,0,0,0,0,0,0,7602176,0,7602176,12,12775780078486283939,0,0,0,0,0,0,0,0
layer,4,0,3,130,decode,3,8,7,1,339,182,160,54,5,0,5,480,8,26,0,0,0,0,0,0,60,lru,0,0,0,0,0,0,8,7,8,0,1,0,1,0,0,0,0,0,0,0,0,1900544,0,1900544,3,12333402507183870269,0,0,0,0,0,0,0,0
layer,4,0,3,130,decode,4,8,7,1,335,178,155,22,5,0,5,401,8,3,0,0,0,0,0,0,60,lru,0,0,0,0,0,0,8,7,8,0,1,0,0,0,0,0,0,0,0,0,0,1900544,0,1900544,3,1853324992290510841,0,0,0,0,0,0,0,0
layer,4,0,3,130,decode,5,8,6,2,667,297,157,58,5,0,5,775,14,2,0,0,0,0,0,0,60,lru,0,0,0,0,0,0,8,6,8,0,2,0,0,0,0,0,0,0,0,0,0,3801088,0,3801088,6,1770990968771014973,0,0,0,0,0,0,0,0
layer,4,0,3,130,decode,6,8,5,3,1108,454,143,80,4,0,4,1286,8,19,0,0,0,0,0,0,60,lru,0,0,0,0,0,0,8,5,8,0,3,0,1,0,0,0,0,0,0,0,0,5701632,0,5701632,9,1916517387032497030,0,0,0,0,0,0,0,0
layer,4,0,3,130,decode,7,8,7,1,367,179,159,29,6,0,6,450,8,4,0,0,0,0,0,0,60,lru,0,0,0,0,0,0,8,7,8,0,1,0,1,0,0,0,0,0,0,0,0,1900544,0,1900544,3,10163830558002987818,0,0,0,0,0,0,0,0
layer,4,0,3,130,decode,8,8,8,0,0,0,180,0,0,0,0,21,8,2,0,0,0,0,0,0,60,lru,0,0,0,0,0,0,8,8,8,0,0,0,0,0,0,0,0,0,0,0,0,0,0,0,0,570941305267716897,0,0,0,0,0,0,0,0
layer,4,0,3,130,decode,9,8,8,0,0,0,185,0,0,0,0,18,8,2,0,0,0,0,0,0,60,lru,0,0,0,0,0,0,8,8,8,0,0,0,0,0,0,0,0,0,0,0,0,0,0,0,0,4306283493099630016,0,0,0,0,0,0,0,0
layer,4,0,3,130,decode,10,8,8,0,0,0,160,0,0,0,0,17,7,2,0,0,0,0,0,0,60,lru,0,0,0,0,0,0,8,8,8,0,0,0,0,0,0,0,0,0,0,0,0,0,0,0,0,17306499330006666642,0,0,0,0,0,0,0,0
layer,4,0,3,130,decode,11,8,6,2,706,338,160,85,1,0,1,856,7,24,0,0,0,0,0,0,60,lru,0,0,0,0,0,0,8,6,8,0,2,0,0,0,0,0,0,0,0,0,0,3801088,0,3801088,6,18278226633603288318,0,0,0,0,0,0,0,0
layer,4,0,3,130,decode,12,8,6,2,701,322,153,52,3,0,3,838,7,16,0,0,0,0,0,0,60,lru,0,0,0,0,0,0,8,6,8,0,2,0,0,0,0,0,0,0,0,0,0,3801088,0,3801088,6,13138297533184422298,0,0,0,0,0,0,0,0
layer,4,0,3,130,decode,13,8,6,2,711,346,159,46,2,0,2,822,8,3,0,0,0,0,0,0,60,lru,0,0,0,0,0,0,8,6,8,0,2,0,0,0,0,0,0,0,0,0,0,3801088,0,3801088,6,5465802783897839901,0,0,0,0,0,0,0,0
layer,4,0,3,130,decode,14,8,8,0,0,0,162,0,0,0,0,19,8,2,0,0,0,0,0,0,60,lru,0,0,0,0,0,0,8,8,8,0,0,0,0,0,0,0,0,0,0,0,0,0,0,0,0,4328350500800064422,0,0,0,0,0,0,0,0
layer,4,0,3,130,decode,15,8,7,1,351,203,159,18,2,0,2,471,7,15,0,0,0,0,0,0,60,lru,0,0,0,0,0,0,8,7,8,0,1,0,0,0,0,0,0,0,0,0,0,1900544,0,1900544,3,4609160861113935129,0,0,0,0,0,0,0,0
layer,4,0,3,130,decode,16,8,7,1,294,214,154,69,2,0,2,431,8,24,0,0,0,0,0,0,60,lru,0,0,0,0,0,0,8,7,8,0,1,0,0,0,0,0,0,0,0,0,0,1900544,0,1900544,3,17392070569984965743,0,0,0,0,0,0,0,0
layer,4,0,3,130,decode,17,8,5,3,6522,523,160,65,2,0,2,6649,8,3,0,0,0,0,0,0,60,lru,0,0,0,0,0,0,8,5,8,0,3,0,0,0,0,0,0,0,0,0,0,5701632,0,5701632,9,3944703500144734787,0,0,0,0,0,0,0,0
layer,4,0,3,130,decode,18,8,7,1,369,161,142,21,1,0,1,466,8,16,0,0,0,0,0,0,60,lru,0,0,0,0,0,0,8,7,8,0,1,0,0,0,0,0,0,0,0,0,0,1900544,0,1900544,3,2695266850908819127,0,0,0,0,0,0,0,0
layer,4,0,3,130,decode,19,8,6,2,801,279,160,53,2,0,2,901,7,3,0,0,0,0,0,0,60,lru,0,0,0,0,0,0,8,6,8,0,2,0,0,0,0,0,0,0,0,0,0,3801088,0,3801088,6,8376587437975974901,0,0,0,0,0,0,0,0
layer,4,0,3,130,decode,20,8,6,2,675,307,152,32,2,0,2,778,7,5,0,0,0,0,0,0,60,lru,0,0,0,0,0,0,8,6,8,0,2,0,0,0,0,0,0,0,0,0,0,3801088,0,3801088,6,2200470684745981630,0,0,0,0,0,0,0,0
layer,4,0,3,130,decode,21,8,7,1,5529,283,159,30,1,0,1,5608,8,13,0,0,0,0,0,0,60,lru,0,0,0,0,0,0,8,7,8,0,1,0,0,0,0,0,0,0,0,0,0,1900544,0,1900544,3,12736164035895235971,0,0,0,0,0,0,0,0
layer,4,0,3,130,decode,22,8,8,0,0,0,164,0,0,0,0,19,7,2,0,0,0,0,0,0,60,lru,0,0,0,0,0,0,8,8,8,0,0,0,0,0,0,0,0,0,0,0,0,0,0,0,0,6839886252152842960,0,0,0,0,0,0,0,0
layer,4,0,3,130,decode,23,8,4,4,2811,548,156,123,3,0,3,2990,7,16,0,0,0,0,0,0,60,lru,0,0,0,0,0,0,8,4,8,0,4,0,0,0,0,0,0,0,0,0,0,7602176,0,7602176,12,9773553938610774363,0,0,0,0,0,0,0,0
layer,4,0,3,130,decode,24,8,6,2,683,325,151,56,2,0,2,833,8,33,0,0,0,0,0,0,60,lru,0,0,0,0,0,0,8,6,8,0,2,0,0,0,0,0,0,0,0,0,0,3801088,0,3801088,6,11684343790876133667,0,0,0,0,0,0,0,0
layer,4,0,3,130,decode,25,8,4,4,1624,540,161,105,1,0,1,1787,8,3,0,0,0,0,0,0,60,lru,0,0,0,0,0,0,8,4,8,0,4,0,1,0,0,0,0,0,0,0,0,7602176,0,7602176,12,6485053647929682663,0,0,0,0,0,0,0,0
layer,4,0,3,130,decode,26,8,6,2,672,289,141,76,2,0,2,787,7,14,0,0,0,0,0,0,60,lru,0,0,0,0,0,0,8,6,8,0,2,0,1,0,0,0,0,0,0,0,0,3801088,0,3801088,6,14544126732160735497,0,0,0,0,0,0,0,0
layer,4,0,3,130,decode,27,8,5,3,2464,446,158,75,3,0,3,2599,7,3,0,0,0,0,0,0,60,lru,0,0,0,0,0,0,8,5,8,0,3,0,0,0,0,0,0,0,0,0,0,5701632,0,5701632,9,6823690627152988879,0,0,0,0,0,0,0,0
layer,4,0,3,130,decode,28,8,4,4,1598,565,152,121,2,0,2,1764,8,3,0,0,0,0,0,0,60,lru,0,0,0,0,0,0,8,4,8,0,4,0,0,0,0,0,0,0,0,0,0,7602176,0,7602176,12,349486446725407584,0,0,0,0,0,0,0,0
layer,4,0,3,130,decode,29,8,3,5,2304,663,155,126,2,0,2,2500,8,4,0,0,0,0,0,0,60,lru,0,0,0,0,0,0,8,3,8,0,5,0,1,0,0,0,0,0,0,0,0,9502720,0,9502720,15,16199493245887441152,0,0,0,0,0,0,0,0
layer,4,0,3,130,decode,30,8,5,3,1526,416,142,71,2,0,2,1652,8,3,0,0,0,0,0,0,60,lru,0,0,0,0,0,0,8,5,8,0,3,0,1,0,0,0,0,0,0,0,0,5701632,0,5701632,9,1404569545392261074,0,0,0,0,0,0,0,0
layer,4,0,3,130,decode,31,8,3,5,13871,863,158,180,2,0,2,14069,8,4,0,0,0,0,0,0,60,lru,0,0,0,0,0,0,8,3,8,0,5,0,0,0,0,0,0,0,0,0,0,9502720,0,9502720,15,3716655159948314648,0,0,0,0,0,0,0,0
layer,4,0,3,130,decode,32,8,5,3,2454,411,155,84,3,0,3,2615,8,16,0,0,0,0,0,0,60,lru,0,0,0,0,0,0,8,5,8,0,3,0,1,0,0,0,0,0,0,0,0,5701632,0,5701632,9,16475801543602089066,0,0,0,0,0,0,0,0
layer,4,0,3,130,decode,33,8,6,2,1034,290,157,36,2,0,2,1125,8,3,0,0,0,0,0,0,60,lru,0,0,0,0,0,0,8,6,8,0,2,0,0,0,0,0,0,0,0,0,0,3801088,0,3801088,6,773282973272797791,0,0,0,0,0,0,0,0
layer,4,0,3,130,decode,34,8,5,3,2831,424,143,90,2,0,2,2977,8,19,0,0,0,0,0,0,60,lru,0,0,0,0,0,0,8,5,8,0,3,0,0,0,0,0,0,0,0,0,0,6119424,0,6119424,9,11843698614937012962,0,0,0,0,0,0,0,0
layer,4,0,3,130,decode,35,8,3,5,5308,656,157,155,1,0,1,5531,8,24,0,0,0,0,0,0,60,lru,0,0,0,0,0,0,8,3,8,0,5,0,1,0,0,0,0,0,0,0,0,9502720,0,9502720,15,16302463268942012278,0,0,0,0,0,0,0,0
layer,4,0,3,130,decode,36,8,4,4,1733,566,153,100,1,0,1,1893,8,2,0,0,0,0,0,0,60,lru,0,0,0,0,0,0,8,4,8,0,4,0,1,0,0,0,0,0,0,0,0,7602176,0,7602176,12,7018357701807364861,0,0,0,0,0,0,0,0
layer,4,0,3,130,decode,37,8,7,1,324,174,159,14,1,0,1,386,7,3,0,0,0,0,0,0,60,lru,0,0,0,0,0,0,8,7,8,0,1,0,1,0,0,0,0,0,0,0,0,1900544,0,1900544,3,14677570399647814746,0,0,0,0,0,0,0,0
layer,4,0,3,130,decode,38,8,7,1,328,177,146,32,1,0,1,433,8,16,0,0,0,0,0,0,60,lru,0,0,0,0,0,0,8,7,8,0,1,0,0,0,0,0,0,0,0,0,0,2039808,0,2039808,3,1712043294837794992,0,0,0,0,0,0,0,0
layer,4,0,3,130,decode,39,8,8,0,0,0,692,0,0,0,0,20,8,2,0,0,0,0,0,0,60,lru,0,0,0,0,0,0,8,8,8,0,0,0,0,0,0,0,0,0,0,0,0,0,0,0,0,7106163583469583217,0,0,0,0,0,0,0,0
request,4,0,3,0,decode,-1,0,0,0,0,0,0,0,0,0,0,0,0,0,0,0,0,0,0,0,0,,79650,604,0,0,16,0,0,0,0,0,0,0,0,0,0,0,0,0,0,0,0,0,0,0,0,0,0,0,0,0,0,0,0,0
layer,5,0,4,131,decode,0,8,4,4,1487,565,151,133,6,0,6,1667,10,4,0,0,0,0,0,0,60,lru,0,0,0,0,0,0,8,4,8,0,4,0,1,0,0,0,0,0,0,0,0,7602176,0,7602176,12,3400594129893413490,0,0,0,0,0,0,0,0
layer,5,0,4,131,decode,1,8,6,2,691,321,157,69,8,0,8,816,8,3,0,0,0,0,0,0,60,lru,0,0,0,0,0,0,8,6,8,0,2,0,1,0,0,0,0,0,0,0,0,3801088,0,3801088,6,1622631980957341391,0,0,0,0,0,0,0,0
layer,5,0,4,131,decode,2,8,4,4,1459,577,141,121,8,0,8,1662,8,19,0,0,0,0,0,0,60,lru,0,0,0,0,0,0,8,4,8,0,4,0,0,0,0,0,0,0,0,0,0,7602176,0,7602176,12,12151986283871875465,0,0,0,0,0,0,0,0
layer,5,0,4,131,decode,3,8,6,2,683,288,159,37,5,0,5,798,8,2,0,0,0,0,0,0,60,lru,0,0,0,0,0,0,8,6,8,0,2,0,1,0,0,0,0,0,0,0,0,3801088,0,3801088,6,2101872403373501589,0,0,0,0,0,0,0,0
layer,5,0,4,131,decode,4,8,8,0,0,0,180,0,0,0,0,23,8,2,0,0,0,0,0,0,60,lru,0,0,0,0,0,0,8,8,8,0,0,0,1,0,0,0,0,0,0,0,0,0,0,0,0,7622263257878340200,0,0,0,0,0,0,0,0
layer,5,0,4,131,decode,5,8,5,3,1061,430,155,104,6,0,6,1222,7,25,0,0,0,0,0,0,60,lru,0,0,0,0,0,0,8,5,8,0,3,0,0,0,0,0,0,0,0,0,0,5701632,0,5701632,9,10729297848827678899,0,0,0,0,0,0,0,0
layer,5,0,4,131,decode,6,8,7,1,330,169,144,29,3,0,3,432,8,26,0,0,0,0,0,0,60,lru,0,0,0,0,0,0,8,7,8,0,1,0,0,0,0,0,0,0,0,0,0,1900544,0,1900544,3,11233681060087091100,0,0,0,0,0,0,0,0
layer,5,0,4,131,decode,7,8,7,1,326,179,160,20,5,0,5,397,8,3,0,0,0,0,0,0,60,lru,0,0,0,0,0,0,8,7,8,0,1,0,0,0,0,0,0,0,0,0,0,1900544,0,1900544,3,4572866224446575980,0,0,0,0,0,0,0,0
layer,5,0,4,131,decode,8,8,7,1,302,176,153,13,4,0,4,367,9,2,0,0,0,0,0,0,60,lru,0,0,0,0,0,0,8,7,8,0,1,0,1,0,0,0,0,0,0,0,0,1900544,0,1900544,3,11283658301612384115,0,0,0,0,0,0,0,0
layer,5,0,4,131,decode,9,8,8,0,0,0,184,0,0,0,0,22,8,2,0,0,0,0,0,0,60,lru,0,0,0,0,0,0,8,8,8,0,0,0,0,0,0,0,0,0,0,0,0,0,0,0,0,13484504841049574415,0,0,0,0,0,0,0,0
layer,5,0,4,131,decode,10,8,5,3,1002,429,142,89,2,0,2,1144,7,14,0,0,0,0,0,0,60,lru,0,0,0,0,0,0,8,5,8,0,3,0,0,0,0,0,0,0,0,0,0,5701632,0,5701632,9,4476136351447464179,0,0,0,0,0,0,0,0
layer,5,0,4,131,decode,11,8,5,3,4714,440,158,64,3,0,3,4879,8,19,0,0,0,0,0,0,60,lru,0,0,0,0,0,0,8,5,8,0,3,0,1,0,0,0,0,0,0,0,0,5701632,0,5701632,9,17014989646500328597,0,0,0,0,0,0,0,0
layer,5,0,4,131,decode,12,8,8,0,0,0,179,0,0,0,0,19,7,2,0,0,0,0,0,0,60,lru,0,0,0,0,0,0,8,8,8,0,0,0,0,0,0,0,0,0,0,0,0,0,0,0,0,14734794718832227792,0,0,0,0,0,0,0,0
layer,5,0,4,131,decode,13,8,6,2,688,335,160,47,2,0,2,837,7,18,0,0,0,0,0,0,60,lru,0,0,0,0,0,0,8,6,8,0,2,0,0,0,0,0,0,0,0,0,0,3801088,0,3801088,6,12432032490679313371,0,0,0,0,0,0,0,0
layer,5,0,4,131,decode,14,8,6,2,669,302,141,49,3,0,3,764,8,2,0,0,0,0,0,0,60,lru,0,0,0,0,0,0,8,6,8,0,2,0,0,0,0,0,0,0,0,0,0,3801088,0,3801088,6,7247451678034879876,0,0,0,0,0,0,0,0
layer,5,0,4,131,decode,15,8,8,0,0,0,187,0,0,0,0,20,8,2,0,0,0,0,0,0,60,lru,0,0,0,0,0,0,8,8,8,0,0,0,0,0,0,0,0,0,0,0,0,0,0,0,0,2485948199125002668,0,0,0,0,0,0,0,0
layer,5,0,4,131,decode,16,8,7,1,308,180,155,25,1,0,1,382,7,2,0,0,0,0,0,0,60,lru,0,0,0,0,0,0,8,7,8,0,1,0,0,0,0,0,0,0,0,0,0,1900544,0,1900544,3,17102113985525041039,0,0,0,0,0,0,0,0
layer,5,0,4,131,decode,17,8,8,0,0,0,186,0,0,0,0,21,9,2,0,0,0,0,0,0,60,lru,0,0,0,0,0,0,8,8,8,0,0,0,0,0,0,0,0,0,0,0,0,0,0,0,0,17773955284476637701,0,0,0,0,0,0,0,0
layer,5,0,4,131,decode,18,8,4,4,1730,581,139,125,3,0,3,1914,7,4,0,0,0,0,0,0,60,lru,0,0,0,0,0,0,8,4,8,0,4,0,0,0,0,0,0,0,0,0,0,7602176,0,7602176,12,11120440670990586548,0,0,0,0,0,0,0,0
layer,5,0,4,131,decode,19,8,6,2,10934,360,160,51,2,0,2,11037,8,2,0,0,0,0,0,0,60,lru,0,0,0,0,0,0,8,6,8,0,2,0,0,0,0,0,0,0,0,0,0,3801088,0,3801088,6,13643593954083319596,0,0,0,0,0,0,0,0
layer,5,0,4,131,decode,20,8,7,1,411,159,154,19,1,0,1,475,9,2,0,0,0,0,0,0,60,lru,0,0,0,0,0,0,8,7,8,0,1,0,0,0,0,0,0,0,0,0,0,1900544,0,1900544,3,5711267723012969154,0,0,0,0,0,0,0,0
layer,5,0,4,131,decode,21,8,5,3,1269,436,157,109,3,0,3,1437,7,18,0,0,0,0,0,0,60,lru,0,0,0,0,0,0,8,5,8,0,3,0,0,0,0,0,0,0,0,0,0,5701632,0,5701632,9,17202770871405303990,0,0,0,0,0,0,0,0
layer,5,0,4,131,decode,22,8,4,4,1776,578,143,128,2,0,2,1970,8,14,0,0,0,0,0,0,60,lru,0,0,0,0,0,0,8,4,8,0,4,0,0,0,0,0,0,0,0,0,0,7602176,0,7602176,12,11323238682317171693,0,0,0,0,0,0,0,0
layer,5,0,4,131,decode,23,8,5,3,1155,450,157,106,2,0,2,1327,7,14,0,0,0,0,0,0,60,lru,0,0,0,0,0,0,8,5,8,0,3,0,0,0,0,0,0,0,0,0,0,5701632,0,5701632,9,11378169629964095589,0,0,0,0,0,0,0,0
layer,5,0,4,131,decode,24,8,5,3,6216,483,153,70,2,0,2,6354,9,5,0,0,0,0,0,0,60,lru,0,0,0,0,0,0,8,5,8,0,3,0,0,0,0,0,0,0,0,0,0,5701632,0,5701632,9,642737552312861904,0,0,0,0,0,0,0,0
layer,5,0,4,131,decode,25,8,5,3,1271,387,159,117,2,0,2,1428,8,15,0,0,0,0,0,0,60,lru,0,0,0,0,0,0,8,5,8,0,3,0,0,0,0,0,0,0,0,0,0,5701632,0,5701632,9,9591502922984031972,0,0,0,0,0,0,0,0
layer,5,0,4,131,decode,26,8,6,2,659,297,140,80,2,0,2,754,8,3,0,0,0,0,0,0,60,lru,0,0,0,0,0,0,8,6,8,0,2,0,0,0,0,0,0,0,0,0,0,3801088,0,3801088,6,3570844970938285863,0,0,0,0,0,0,0,0
layer,5,0,4,131,decode,27,8,7,1,373,165,160,31,2,0,2,437,8,2,0,0,0,0,0,0,60,lru,0,0,0,0,0,0,8,7,8,0,1,0,1,0,0,0,0,0,0,0,0,1900544,0,1900544,3,2826660912016401295,0,0,0,0,0,0,0,0
layer,5,0,4,131,decode,28,8,6,2,7087,448,153,58,2,0,2,7181,8,2,0,0,0,0,0,0,60,lru,0,0,0,0,0,0,8,6,8,0,2,0,0,0,0,0,0,0,0,0,0,3801088,0,3801088,6,5369409917926287522,0,0,0,0,0,0,0,0
layer,5,0,4,131,decode,29,8,7,1,325,177,160,12,2,0,2,386,8,2,0,0,0,0,0,0,60,lru,0,0,0,0,0,0,8,7,8,0,1,0,1,0,0,0,0,0,0,0,0,1900544,0,1900544,3,15800816171960023548,0,0,0,0,0,0,0,0
layer,5,0,4,131,decode,30,8,6,2,712,321,142,73,2,0,2,852,8,20,0,0,0,0,0,0,60,lru,0,0,0,0,0,0,8,6,8,0,2,0,0,0,0,0,0,0,0,0,0,3801088,0,3801088,6,2480561719036154095,0,0,0,0,0,0,0,0
layer,5,0,4,131,decode,31,8,4,4,2144,535,161,110,3,0,3,2305,8,2,0,0,0,0,0,0,60,lru,0,0,0,0,0,0,8,4,8,0,4,0,0,0,0,0,0,0,0,0,0,7602176,0,7602176,12,9215139832585158939,0,0,0,0,0,0,0,0
layer,5,0,4,131,decode,32,8,6,2,4427,291,154,57,3,0,3,4525,8,4,0,0,0,0,0,0,60,lru,0,0,0,0,0,0,8,6,8,0,2,0,1,0,0,0,0,0,0,0,0,3801088,0,3801088,6,17220145486454433256,0,0,0,0,0,0,0,0
layer,5,0,4,131,decode,33,8,3,5,2016,727,156,146,2,0,2,2203,7,4,0,0,0,0,0,0,60,lru,0,0,0,0,0,0,8,3,8,0,5,0,1,0,0,0,0,0,0,0,0,9502720,0,9502720,15,15656000370138031919,0,0,0,0,0,0,0,0
layer,5,0,4,131,decode,34,8,3,5,10311,871,142,148,2,0,2,10504,7,3,0,0,0,0,0,0,60,lru,0,0,0,0,0,0,8,3,8,0,5,0,1,0,0,0,0,0,0,0,0,10199040,0,10199040,15,17045189215142635089,0,0,0,0,0,0,0,0
layer,5,0,4,131,decode,35,8,4,4,2832,528,158,74,2,0,2,3024,8,17,0,0,0,0,0,0,60,lru,0,0,0,0,0,0,8,4,8,0,4,0,0,0,0,0,0,0,0,0,0,7602176,0,7602176,12,16542348730574328938,0,0,0,0,0,0,0,0
layer,5,0,4,131,decode,36,8,3,5,8652,756,152,161,2,0,2,8861,7,5,0,0,0,0,0,0,60,lru,0,0,0,0,0,0,8,3,8,0,5,0,1,0,0,0,0,0,0,0,0,9502720,0,9502720,15,12910946500875588137,0,0,0,0,0,0,0,0
layer,5,0,4,131,decode,37,8,3,5,9826,825,157,123,2,0,2,10020,7,6,0,0,0,0,0,0,60,lru,0,0,0,0,0,0,8,3,8,0,5,0,1,0,0,0,0,0,0,0,0,9502720,0,9502720,15,33755569310992053,0,0,0,0,0,0,0,0
layer,5,0,4,131,decode,38,8,3,5,12400,972,140,157,3,0,3,12644,8,29,0,0,0,0,0,0,60,lru,0,0,0,0,0,0,8,3,8,0,5,0,0,0,0,0,0,0,0,0,0,10199040,0,10199040,15,10130422597859630102,0,0,0,0,0,0,0,0
layer,5,0,4,131,decode,39,8,3,5,3208,736,677,136,2,0,2,3433,8,21,0,0,0,0,0,0,60,lru,0,0,0,0,0,0,8,3,8,0,5,0,1,0,0,0,0,0,0,0,0,10199040,0,10199040,15,9956223396922161323,0,0,0,0,0,0,0,0
request,5,0,4,0,decode,-1,0,0,0,0,0,0,0,0,0,0,0,0,0,0,0,0,0,0,0,0,,118997,657,0,0,17,0,0,0,0,0,0,0,0,0,0,0,0,0,0,0,0,0,0,0,0,0,0,0,0,0,0,0,0,0
layer,6,0,5,132,decode,0,8,5,3,1109,454,151,103,5,0,5,1241,10,3,0,0,0,0,0,0,60,lru,0,0,0,0,0,0,8,5,8,0,3,0,1,0,0,0,0,0,0,0,0,5701632,0,5701632,9,15610980972694094286,0,0,0,0,0,0,0,0
layer,6,0,5,132,decode,1,8,5,3,1060,454,160,90,4,0,4,1250,8,24,0,0,0,0,0,0,60,lru,0,0,0,0,0,0,8,5,8,0,3,0,1,0,0,0,0,0,0,0,0,5701632,0,5701632,9,17449458381332889499,0,0,0,0,0,0,0,0
layer,6,0,5,132,decode,2,8,6,2,688,302,143,76,5,0,5,818,8,2,0,0,0,0,0,0,60,lru,0,0,0,0,0,0,8,6,8,0,2,0,0,0,0,0,0,0,0,0,0,3801088,0,3801088,6,3134721206627967915,0,0,0,0,0,0,0,0
layer,6,0,5,132,decode,3,8,8,0,0,0,184,0,0,0,0,21,8,2,0,0,0,0,0,0,60,lru,0,0,0,0,0,0,8,8,8,0,0,0,1,0,0,0,0,0,0,0,0,0,0,0,0,14141518789528994308,0,0,0,0,0,0,0,0
layer,6,0,5,132,decode,4,8,6,2,692,312,153,76,5,0,5,833,7,19,0,0,0,0,0,0,60,lru,0,0,0,0,0,0,8,6,8,0,2,0,0,0,0,0,0,0,0,0,0,3801088,0,3801088,6,14448115572799821354,0,0,0,0,0,0,0,0
layer,6,0,5,132,decode,5,8,8,0,0,0,184,0,0,0,0,20,8,2,0,0,0,0,0,0,60,lru,0,0,0,0,0,0,8,8,8,0,0,0,0,0,0,0,0,0,0,0,0,0,0,0,0,8203506850964219102,0,0,0,0,0,0,0,0
layer,6,0,5,132,decode,6,8,7,1,7767,336,145,14,3,0,3,7840,8,2,0,0,0,0,0,0,60,lru,0,0,0,0,0,0,8,7,8,0,1,0,0,0,0,0,0,0,0,0,0,1900544,0,1900544,3,11579425286458805463,0,0,0,0,0,0,0,0
layer,6,0,5,132,decode,7,8,8,0,0,0,185,0,0,0,0,20,8,2,0,0,0,0,0,0,60,lru,0,0,0,0,0,0,8,8,8,0,0,0,0,0,0,0,0,0,0,0,0,0,0,0,0,6325814295367770799,0,0,0,0,0,0,0,0
layer,6,0,5,132,decode,8,8,8,0,0,0,178,0,0,0,0,21,7,2,0,0,0,0,0,0,60,lru,0,0,0,0,0,0,8,8,8,0,0,0,0,0,0,0,0,0,0,0,0,0,0,0,0,11400584751998252283,0,0,0,0,0,0,0,0
layer,6,0,5,132,decode,9,8,8,0,0,0,184,0,0,0,0,21,8,3,0,0,0,0,0,0,60,lru,0,0,0,0,0,0,8,8,8,0,0,0,0,0,0,0,0,0,0,0,0,0,0,0,0,6429075898902660739,0,0,0,0,0,0,0,0
layer,6,0,5,132,decode,10,8,7,1,6042,211,144,28,1,0,1,6132,8,4,0,0,0,0,0,0,60,lru,0,0,0,0,0,0,8,7,8,0,1,0,0,0,0,0,0,0,0,0,0,1900544,0,1900544,3,4990290464386720568,0,0,0,0,0,0,0,0
layer,6,0,5,132,decode,11,8,5,3,1638,445,158,72,2,0,2,1763,8,4,0,0,0,0,0,0,60,lru,0,0,0,0,0,0,8,5,8,0,3,0,0,0,0,0,0,0,0,0,0,5701632,0,5701632,9,15247785501445456939,0,0,0,0,0,0,0,0
layer,6,0,5,132,decode,12,8,8,0,0,0,177,0,0,0,0,18,7,2,0,0,0,0,0,0,60,lru,0,0,0,0,0,0,8,8,8,0,0,0,0,0,0,0,0,0,0,0,0,0,0,0,0,12083231595285628373,0,0,0,0,0,0,0,0
layer,6,0,5,132,decode,13,8,7,1,348,114,159,17,1,0,1,412,7,3,0,0,0,0,0,0,60,lru,0,0,0,0,0,0,8,7,8,0,1,0,0,0,0,0,0,0,0,0,0,1900544,0,1900544,3,2150239712046502437,0,0,0,0,0,0,0,0
layer,6,0,5,132,decode,14,8,8,0,0,0,161,0,0,0,0,18,8,2,0,0,0,0,0,0,60,lru,0,0,0,0,0,0,8,8,8,0,0,0,0,0,0,0,0,0,0,0,0,0,0,0,0,8227976863087740411,0,0,0,0,0,0,0,0
layer,6,0,5,132,decode,15,8,7,1,313,179,160,36,1,0,1,392,7,3,0,0,0,0,0,0,60,lru,0,0,0,0,0,0,8,7,8,0,1,0,0,0,0,0,0,0,0,0,0,1900544,0,1900544,3,5124444076929732141,0,0,0,0,0,0,0,0
layer,6,0,5,132,decode,16,8,8,0,0,0,177,0,0,0,0,18,8,2,0,0,0,0,0,0,60,lru,0,0,0,0,0,0,8,8,8,0,0,0,0,0,0,0,0,0,0,0,0,0,0,0,0,6812146839533705059,0,0,0,0,0,0,0,0
layer,6,0,5,132,decode,17,8,6,2,679,308,159,64,2,0,2,795,8,17,0,0,0,0,0,0,60,lru,0,0,0,0,0,0,8,6,8,0,2,0,0,0,0,0,0,0,0,0,0,3801088,0,3801088,6,2069160170718722868,0,0,0,0,0,0,0,0
layer,6,0,5,132,decode,18,8,7,1,318,177,144,29,3,0,3,388,9,2,0,0,0,0,0,0,60,lru,0,0,0,0,0,0,8,7,8,0,1,0,0,0,0,0,0,0,0,0,0,1900544,0,1900544,3,7859556718041150207,0,0,0,0,0,0,0,0
layer,6,0,5,132,decode,19,8,8,0,0,0,182,0,0,0,0,19,8,2,0,0,0,0,0,0,60,lru,0,0,0,0,0,0,8,8,8,0,0,0,0,0,0,0,0,0,0,0,0,0,0,0,0,15535837585450644883,0,0,0,0,0,0,0,0
layer,6,0,5,132,decode,20,8,8,0,0,0,176,0,0,0,0,16,7,2,0,0,0,0,0,0,60,lru,0,0,0,0,0,0,8,8,8,0,0,0,0,0,0,0,0,0,0,0,0,0,0,0,0,2021764723437341438,0,0,0,0,0,0,0,0
layer,6,0,5,132,decode,21,8,8,0,0,0,183,0,0,0,0,18,8,2,0,0,0,0,0,0,60,lru,0,0,0,0,0,0,8,8,8,0,0,0,0,0,0,0,0,0,0,0,0,0,0,0,0,4652052096528580379,0,0,0,0,0,0,0,0
layer,6,0,5,132,decode,22,8,6,2,699,302,144,35,2,0,2,789,8,2,0,0,0,0,0,0,60,lru,0,0,0,0,0,0,8,6,8,0,2,0,0,0,0,0,0,0,0,0,0,3801088,0,3801088,6,8529610766461585855,0,0,0,0,0,0,0,0
layer,6,0,5,132,decode,23,8,6,2,5016,308,159,69,3,0,3,5126,8,4,0,0,0,0,0,0,60,lru,0,0,0,0,0,0,8,6,8,0,2,0,0,0,0,0,0,0,0,0,0,3801088,0,3801088,6,1046486653385056053,0,0,0,0,0,0,0,0
layer,6,0,5,132,decode,24,8,7,1,355,160,154,18,1,0,1,434,8,6,0,0,0,0,0,0,60,lru,0,0,0,0,0,0,8,7,8,0,1,0,0,0,0,0,0,0,0,0,0,1900544,0,1900544,3,3401751833995839702,0,0,0,0,0,0,0,0
layer,6,0,5,132,decode,25,8,7,1,360,173,160,29,1,0,1,426,8,3,0,0,0,0,0,0,60,lru,0,0,0,0,0,0,8,7,8,0,1,0,0,0,0,0,0,0,0,0,0,1900544,0,1900544,3,1062403057116619292,0,0,0,0,0,0,0,0
layer,6,0,5,132,decode,26,8,6,2,5192,282,141,44,1,0,1,5301,8,2,0,0,0,0,0,0,60,lru,0,0,0,0,0,0,8,6,8,0,2,0,0,0,0,0,0,0,0,0,0,3801088,0,3801088,6,2872612194498199412,0,0,0,0,0,0,0,0
layer,6,0,5,132,decode,27,8,6,2,5783,401,159,74,2,0,2,5926,8,18,0,0,0,0,0,0,60,lru,0,0,0,0,0,0,8,6,8,0,2,0,0,0,0,0,0,0,0,0,0,3801088,0,3801088,6,1568692688379747475,0,0,0,0,0,0,0,0
layer,6,0,5,132,decode,28,8,8,0,0,0,178,0,0,0,0,19,7,2,0,0,0,0,0,0,60,lru,0,0,0,0,0,0,8,8,8,0,0,0,1,0,0,0,0,0,0,0,0,0,0,0,0,5930534549605841630,0,0,0,0,0,0,0,0
layer,6,0,5,132,decode,29,8,7,1,374,170,160,24,2,0,2,453,8,15,0,0,0,0,0,0,60,lru,0,0,0,0,0,0,8,7,8,0,1,0,0,0,0,0,0,0,0,0,0,1900544,0,1900544,3,14838930993592402681,0,0,0,0,0,0,0,0
layer,6,0,5,132,decode,30,8,7,1,320,177,144,19,1,0,1,381,8,3,0,0,0,0,0,0,60,lru,0,0,0,0,0,0,8,7,8,0,1,0,0,0,0,0,0,0,0,0,0,1900544,0,1900544,3,7064570917749200368,0,0,0,0,0,0,0,0
layer,6,0,5,132,decode,31,8,8,0,0,0,186,0,0,0,0,19,8,2,0,0,0,0,0,0,60,lru,0,0,0,0,0,0,8,8,8,0,0,0,0,0,0,0,0,0,0,0,0,0,0,0,0,8541165896115680102,0,0,0,0,0,0,0,0
layer,6,0,5,132,decode,32,8,8,0,0,0,177,0,0,0,0,17,7,2,0,0,0,0,0,0,60,lru,0,0,0,0,0,0,8,8,8,0,0,0,0,0,0,0,0,0,0,0,0,0,0,0,0,6686968503115412807,0,0,0,0,0,0,0,0
layer,6,0,5,132,decode,33,8,8,0,0,0,185,0,0,0,0,17,7,2,0,0,0,0,0,0,60,lru,0,0,0,0,0,0,8,8,8,0,0,0,0,0,0,0,0,0,0,0,0,0,0,0,0,8842024197831265810,0,0,0,0,0,0,0,0
layer,6,0,5,132,decode,34,8,4,4,1517,606,144,120,2,0,2,1679,8,4,0,0,0,0,0,0,60,lru,0,0,0,0,0,0,8,4,8,0,4,0,0,0,0,0,0,0,0,0,0,8159232,0,8159232,12,1202599179270197373,0,0,0,0,0,0,0,0
layer,6,0,5,132,decode,35,8,6,2,643,252,159,53,3,0,3,753,8,3,0,0,0,0,0,0,60,lru,0,0,0,0,0,0,8,6,8,0,2,0,0,0,0,0,0,0,0,0,0,3801088,0,3801088,6,11704363045727962577,0,0,0,0,0,0,0,0
layer,6,0,5,132,decode,36,8,5,3,6508,414,154,96,3,0,3,6679,8,24,0,0,0,0,0,0,60,lru,0,0,0,0,0,0,8,5,8,0,3,0,0,0,0,0,0,0,0,0,0,5701632,0,5701632,9,4953174148768502360,0,0,0,0,0,0,0,0
layer,6,0,5,132,decode,37,8,7,1,354,180,159,15,1,0,1,418,8,3,0,0,0,0,0,0,60,lru,0,0,0,0,0,0,8,7,8,0,1,0,1,0,0,0,0,0,0,0,0,1900544,0,1900544,3,13470316552562324790,0,0,0,0,0,0,0,0
layer,6,0,5,132,decode,38,8,8,0,0,0,163,0,0,0,0,18,7,2,0,0,0,0,0,0,60,lru,0,0,0,0,0,0,8,8,8,0,0,0,0,0,0,0,0,0,0,0,0,0,0,0,0,2130868707840395316,0,0,0,0,0,0,0,0
layer,6,0,5,132,decode,39,8,8,0,0,0,687,0,0,0,0,17,7,2,0,0,0,0,0,0,60,lru,0,0,0,0,0,0,8,8,8,0,0,0,0,0,0,0,0,0,0,0,0,0,0,0,0,15683553157272064484,0,0,0,0,0,0,0,0
request,6,0,5,0,decode,-1,0,0,0,0,0,0,0,0,0,0,0,0,0,0,0,0,0,0,0,0,,59957,431,0,0,18,0,0,0,0,0,0,0,0,0,0,0,0,0,0,0,0,0,0,0,0,0,0,0,0,0,0,0,0,0
layer,7,0,6,133,decode,0,8,8,0,0,0,180,0,0,0,0,23,10,2,0,0,0,0,0,0,60,lru,0,0,0,0,0,0,8,8,8,0,0,0,0,0,0,0,0,0,0,0,0,0,0,0,0,14584634930953829151,0,0,0,0,0,0,0,0
layer,7,0,6,133,decode,1,8,7,1,382,166,160,34,4,0,4,462,7,4,0,0,0,0,0,0,60,lru,0,0,0,0,0,0,8,7,8,0,1,0,0,0,0,0,0,0,0,0,0,1900544,0,1900544,3,1647944905983845704,0,0,0,0,0,0,0,0
layer,7,0,6,133,decode,2,8,8,0,0,0,163,0,0,0,0,27,8,2,0,0,0,0,0,0,60,lru,0,0,0,0,0,0,8,8,8,0,0,0,1,0,0,0,0,0,0,0,0,0,0,0,0,5649771456362739213,0,0,0,0,0,0,0,0
layer,7,0,6,133,decode,3,8,7,1,364,165,161,27,4,0,4,430,8,2,0,0,0,0,0,0,60,lru,0,0,0,0,0,0,8,7,8,0,1,0,0,0,0,0,0,0,0,0,0,1900544,0,1900544,3,14991536876391437219,0,0,0,0,0,0,0,0
layer,7,0,6,133,decode,4,8,6,2,4833,272,154,65,5,0,5,4948,8,14,0,0,0,0,0,0,60,lru,0,0,0,0,0,0,8,6,8,0,2,0,0,0,0,0,0,0,0,0,0,3801088,0,3801088,6,16657590181388164512,0,0,0,0,0,0,0,0
layer,7,0,6,133,decode,5,8,8,0,0,0,181,0,0,0,0,22,9,2,0,0,0,0,0,0,60,lru,0,0,0,0,0,0,8,8,8,0,0,0,1,0,0,0,0,0,0,0,0,0,0,0,0,435518480981471163,0,0,0,0,0,0,0,0
layer,7,0,6,133,decode,6,8,8,0,0,0,161,0,0,0,0,19,8,2,0,0,0,0,0,0,60,lru,0,0,0,0,0,0,8,8,8,0,0,0,0,0,0,0,0,0,0,0,0,0,0,0,0,7928278608462058490,0,0,0,0,0,0,0,0
layer,7,0,6,133,decode,7,8,8,0,0,0,183,0,0,0,0,18,7,2,0,0,0,0,0,0,60,lru,0,0,0,0,0,0,8,8,8,0,0,0,0,0,0,0,0,0,0,0,0,0,0,0,0,18128698979895123948,0,0,0,0,0,0,0,0
layer,7,0,6,133,decode,8,8,8,0,0,0,176,0,0,0,0,18,7,2,0,0,0,0,0,0,60,lru,0,0,0,0,0,0,8,8,8,0,0,0,0,0,0,0,0,0,0,0,0,0,0,0,0,4131410626577318782,0,0,0,0,0,0,0,0
layer,7,0,6,133,decode,9,8,6,2,681,317,157,62,1,0,1,775,7,4,0,0,0,0,0,0,60,lru,0,0,0,0,0,0,8,6,8,0,2,0,0,0,0,0,0,0,0,0,0,3801088,0,3801088,6,11009407805879504475,0,0,0,0,0,0,0,0
layer,7,0,6,133,decode,10,8,7,1,274,172,144,13,1,0,1,348,8,3,0,0,0,0,0,0,60,lru,0,0,0,0,0,0,8,7,8,0,1,0,0,0,0,0,0,0,0,0,0,1900544,0,1900544,3,12060181266177194140,0,0,0,0,0,0,0,0
layer,7,0,6,133,decode,11,8,7,1,310,164,160,20,1,0,1,394,8,16,0,0,0,0,0,0,60,lru,0,0,0,0,0,0,8,7,8,0,1,0,0,0,0,0,0,0,0,0,0,1900544,0,1900544,3,10675719490284056811,0,0,0,0,0,0,0,0
layer,7,0,6,133,decode,12,8,7,1,609,169,153,16,2,0,2,672,8,3,0,0,0,0,0,0,60,lru,0,0,0,0,0,0,8,7,8,0,1,0,0,0,0,0,0,0,0,0,0,1900544,0,1900544,3,422989677180140527,0,0,0,0,0,0,0,0
layer,7,0,6,133,decode,13,8,7,1,321,177,160,10,1,0,1,398,8,14,0,0,0,0,0,0,60,lru,0,0,0,0,0,0,8,7,8,0,1,0,0,0,0,0,0,0,0,0,0,1900544,0,1900544,3,2967113561196638138,0,0,0,0,0,0,0,0
layer,7,0,6,133,decode,14,8,8,0,0,0,160,0,0,0,0,19,8,2,0,0,0,0,0,0,60,lru,0,0,0,0,0,0,8,8,8,0,0,0,0,0,0,0,0,0,0,0,0,0,0,0,0,565337509820912240,0,0,0,0,0,0,0,0
layer,7,0,6,133,decode,15,8,8,0,0,0,180,0,0,0,0,16,7,2,0,0,0,0,0,0,60,lru,0,0,0,0,0,0,8,8,8,0,0,0,0,0,0,0,0,0,0,0,0,0,0,0,0,7469121363658252739,0,0,0,0,0,0,0,0
layer,7,0,6,133,decode,16,8,7,1,326,174,157,7,1,0,1,430,7,16,0,0,0,0,0,0,60,lru,0,0,0,0,0,0,8,7,8,0,1,0,0,0,0,0,0,0,0,0,0,1900544,0,1900544,3,15888924027943339500,0,0,0,0,0,0,0,0
layer,7,0,6,133,decode,17,8,7,1,316,174,159,43,1,0,1,428,9,27,0,0,0,0,0,0,60,lru,0,0,0,0,0,0,8,7,8,0,1,0,0,0,0,0,0,0,0,0,0,1900544,0,1900544,3,2932991562236931347,0,0,0,0,0,0,0,0
layer,7,0,6,133,decode,18,8,6,2,672,304,141,32,2,0,2,763,8,3,0,0,0,0,0,0,60,lru,0,0,0,0,0,0,8,6,8,0,2,0,1,0,0,0,0,0,0,0,0,3801088,0,3801088,6,438982516585210933,0,0,0,0,0,0,0,0
layer,7,0,6,133,decode,19,8,7,1,309,175,159,43,1,0,1,412,8,17,0,0,0,0,0,0,60,lru,0,0,0,0,0,0,8,7,8,0,1,0,0,0,0,0,0,0,0,0,0,1900544,0,1900544,3,18092368337663957141,0,0,0,0,0,0,0,0
layer,7,0,6,133,decode,20,8,8,0,0,0,173,0,0,0,0,20,8,2,0,0,0,0,0,0,60,lru,0,0,0,0,0,0,8,8,8,0,0,0,0,0,0,0,0,0,0,0,0,0,0,0,0,14991146781393439747,0,0,0,0,0,0,0,0
layer,7,0,6,133,decode,21,8,7,1,316,175,158,45,1,0,1,421,7,17,0,0,0,0,0,0,60,lru,0,0,0,0,0,0,8,7,8,0,1,0,0,0,0,0,0,0,0,0,0,1900544,0,1900544,3,6199851057770760871,0,0,0,0,0,0,0,0
layer,7,0,6,133,decode,22,8,7,1,311,176,143,15,1,0,1,370,8,2,0,0,0,0,0,0,60,lru,0,0,0,0,0,0,8,7,8,0,1,0,0,0,0,0,0,0,0,0,0,1900544,0,1900544,3,14284561742359908294,0,0,0,0,0,0,0,0
layer,7,0,6,133,decode,23,8,5,3,1116,422,159,69,2,0,2,1237,7,3,0,0,0,0,0,0,60,lru,0,0,0,0,0,0,8,5,8,0,3,0,0,0,0,0,0,0,0,0,0,5701632,0,5701632,9,10814664558893302466,0,0,0,0,0,0,0,0
layer,7,0,6,133,decode,24,8,8,0,0,0,176,0,0,0,0,18,8,2,0,0,0,0,0,0,60,lru,0,0,0,0,0,0,8,8,8,0,0,0,0,0,0,0,0,0,0,0,0,0,0,0,0,8712422225338211015,0,0,0,0,0,0,0,0
layer,7,0,6,133,decode,25,8,7,1,360,173,160,19,1,0,1,446,7,16,0,0,0,0,0,0,60,lru,0,0,0,0,0,0,8,7,8,0,1,0,0,0,0,0,0,0,0,0,0,1900544,0,1900544,3,15416605658770209341,0,0,0,0,0,0,0,0
layer,7,0,6,133,decode,26,8,6,2,710,300,142,61,2,0,2,800,7,2,0,0,0,0,0,0,60,lru,0,0,0,0,0,0,8,6,8,0,2,0,0,0,0,0,0,0,0,0,0,3801088,0,3801088,6,11469750614060719110,0,0,0,0,0,0,0,0
layer,7,0,6,133,decode,27,8,6,2,702,310,158,59,2,0,2,794,8,2,0,0,0,0,0,0,60,lru,0,0,0,0,0,0,8,6,8,0,2,0,0,0,0,0,0,0,0,0,0,3801088,0,3801088,6,13942063358623379087,0,0,0,0,0,0,0,0
layer,7,0,6,133,decode,28,8,8,0,0,0,175,0,0,0,0,20,8,2,0,0,0,0,0,0,60,lru,0,0,0,0,0,0,8,8,8,0,0,0,1,0,0,0,0,0,0,0,0,0,0,0,0,8555782050677461038,0,0,0,0,0,0,0,0
layer,7,0,6,133,decode,29,8,8,0,0,0,181,0,0,0,0,17,8,2,0,0,0,0,0,0,60,lru,0,0,0,0,0,0,8,8,8,0,0,0,0,0,0,0,0,0,0,0,0,0,0,0,0,17027066038564261589,0,0,0,0,0,0,0,0
layer,7,0,6,133,decode,30,8,6,2,807,293,143,55,2,0,2,900,7,3,0,0,0,0,0,0,60,lru,0,0,0,0,0,0,8,6,8,0,2,0,0,0,0,0,0,0,0,0,0,3801088,0,3801088,6,12205751357098222980,0,0,0,0,0,0,0,0
layer,7,0,6,133,decode,31,8,7,1,298,178,160,18,2,0,2,362,9,2,0,0,0,0,0,0,60,lru,0,0,0,0,0,0,8,7,8,0,1,0,1,0,0,0,0,0,0,0,0,1900544,0,1900544,3,880689372480647987,0,0,0,0,0,0,0,0
layer,7,0,6,133,decode,32,8,7,1,317,167,153,38,2,0,2,412,8,14,0,0,0,0,0,0,60,lru,0,0,0,0,0,0,8,7,8,0,1,0,0,0,0,0,0,0,0,0,0,1900544,0,1900544,3,12594257344383307980,0,0,0,0,0,0,0,0
layer,7,0,6,133,decode,33,8,6,2,764,266,157,81,2,0,2,888,8,4,0,0,0,0,0,0,60,lru,0,0,0,0,0,0,8,6,8,0,2,0,0,0,0,0,0,0,0,0,0,3801088,0,3801088,6,17164091649546952960,0,0,0,0,0,0,0,0
layer,7,0,6,133,decode,34,8,6,2,827,311,145,63,2,0,2,938,8,12,0,0,0,0,0,0,60,lru,0,0,0,0,0,0,8,6,8,0,2,0,0,0,0,0,0,0,0,0,0,4079616,0,4079616,6,4866872266726859318,0,0,0,0,0,0,0,0
layer,7,0,6,133,decode,35,8,8,0,0,0,183,0,0,0,0,19,8,2,0,0,0,0,0,0,60,lru,0,0,0,0,0,0,8,8,8,0,0,0,1,0,0,0,0,0,0,0,0,0,0,0,0,6395385887242432626,0,0,0,0,0,0,0,0
layer,7,0,6,133,decode,36,8,7,1,307,177,154,18,1,0,1,368,8,3,0,0,0,0,0,0,60,lru,0,0,0,0,0,0,8,7,8,0,1,0,0,0,0,0,0,0,0,0,0,1900544,0,1900544,3,9834601265632808400,0,0,0,0,0,0,0,0
layer,7,0,6,133,decode,37,8,8,0,0,0,183,0,0,0,0,18,8,2,0,0,0,0,0,0,60,lru,0,0,0,0,0,0,8,8,8,0,0,0,0,0,0,0,0,0,0,0,0,0,0,0,0,14324612938759395943,0,0,0,0,0,0,0,0
layer,7,0,6,133,decode,38,8,7,1,396,171,146,18,1,0,1,480,7,15,0,0,0,0,0,0,60,lru,0,0,0,0,0,0,8,7,8,0,1,0,0,0,0,0,0,0,0,0,0,2039808,0,2039808,3,15791738384093204411,0,0,0,0,0,0,0,0
layer,7,0,6,133,decode,39,8,8,0,0,0,689,0,0,0,0,19,8,2,0,0,0,0,0,0,60,lru,0,0,0,0,0,0,8,8,8,0,0,0,0,0,0,0,0,0,0,0,0,0,0,0,0,12292635165651795545,0,0,0,0,0,0,0,0
request,7,0,6,0,decode,-1,0,0,0,0,0,0,0,0,0,0,0,0,0,0,0,0,0,0,0,0,,28546,402,0,0,16,0,0,0,0,0,0,0,0,0,0,0,0,0,0,0,0,0,0,0,0,0,0,0,0,0,0,0,0,0
layer,8,0,7,134,decode,0,8,6,2,833,307,153,50,5,0,5,932,9,3,0,0,0,0,0,0,60,lru,0,0,0,0,0,0,8,6,8,0,2,0,1,0,0,0,0,0,0,0,0,3801088,0,3801088,6,10584228295349056680,0,0,0,0,0,0,0,0
layer,8,0,7,134,decode,1,8,5,3,1303,428,159,87,4,0,4,1432,8,4,0,0,0,0,0,0,60,lru,0,0,0,0,0,0,8,5,8,0,3,0,1,0,0,0,0,0,0,0,0,5701632,0,5701632,9,15939984125991845485,0,0,0,0,0,0,0,0
layer,8,0,7,134,decode,2,8,6,2,813,309,143,45,5,0,5,911,7,5,0,0,0,0,0,0,60,lru,0,0,0,0,0,0,8,6,8,0,2,0,1,0,0,0,0,0,0,0,0,3801088,0,3801088,6,15323024625919569060,0,0,0,0,0,0,0,0
layer,8,0,7,134,decode,3,8,7,1,374,168,158,29,3,0,3,438,7,2,0,0,0,0,0,0,60,lru,0,0,0,0,0,0,8,7,8,0,1,0,1,0,0,0,0,0,0,0,0,1900544,0,1900544,3,8976608049551316255,0,0,0,0,0,0,0,0
layer,8,0,7,134,decode,4,8,7,1,359,171,156,19,3,0,3,424,8,3,0,0,0,0,0,0,60,lru,0,0,0,0,0,0,8,7,8,0,1,0,0,0,0,0,0,0,0,0,0,1900544,0,1900544,3,4092171692777884451,0,0,0,0,0,0,0,0
layer,8,0,7,134,decode,5,8,6,2,813,285,155,36,5,0,5,907,8,2,0,0,0,0,0,0,60,lru,0,0,0,0,0,0,8,6,8,0,2,0,0,0,0,0,0,0,0,0,0,3801088,0,3801088,6,7840827915678869346,0,0,0,0,0,0,0,0
layer,8,0,7,134,decode,6,8,8,0,0,0,159,0,0,0,0,20,7,2,0,0,0,0,0,0,60,lru,0,0,0,0,0,0,8,8,8,0,0,0,0,0,0,0,0,0,0,0,0,0,0,0,0,12312684450214220778,0,0,0,0,0,0,0,0
layer,8,0,7,134,decode,7,8,7,1,368,166,161,24,3,0,3,448,7,7,0,0,0,0,0,0,60,lru,0,0,0,0,0,0,8,7,8,0,1,0,0,0,0,0,0,0,0,0,0,1900544,0,1900544,3,15578012894906863435,0,0,0,0,0,0,0,0
layer,8,0,7,134,decode,8,8,8,0,0,0,173,0,0,0,0,18,7,2,0,0,0,0,0,0,60,lru,0,0,0,0,0,0,8,8,8,0,0,0,0,0,0,0,0,0,0,0,0,0,0,0,0,10650603109760930531,0,0,0,0,0,0,0,0
layer,8,0,7,134,decode,9,8,6,2,718,324,159,37,2,0,2,824,7,3,0,0,0,0,0,0,60,lru,0,0,0,0,0,0,8,6,8,0,2,0,0,0,0,0,0,0,0,0,0,3801088,0,3801088,6,13414451235267130697,0,0,0,0,0,0,0,0
layer,8,0,7,134,decode,10,8,7,1,320,175,145,21,1,0,1,409,8,17,0,0,0,0,0,0,60,lru,0,0,0,0,0,0,8,7,8,0,1,0,1,0,0,0,0,0,0,0,0,1900544,0,1900544,3,16578778171222674768,0,0,0,0,0,0,0,0
layer,8,0,7,134,decode,11,8,7,1,331,169,160,34,1,0,1,424,8,16,0,0,0,0,0,0,60,lru,0,0,0,0,0,0,8,7,8,0,1,0,0,0,0,0,0,0,0,0,0,1900544,0,1900544,3,15066477641906294552,0,0,0,0,0,0,0,0
layer,8,0,7,134,decode,12,8,7,1,313,174,154,8,1,0,1,376,8,2,0,0,0,0,0,0,60,lru,0,0,0,0,0,0,8,7,8,0,1,0,0,0,0,0,0,0,0,0,0,1900544,0,1900544,3,9336492097647315758,0,0,0,0,0,0,0,0
layer,8,0,7,134,decode,13,8,7,1,311,156,158,13,1,0,1,406,8,16,0,0,0,0,0,0,60,lru,0,0,0,0,0,0,8,7,8,0,1,0,0,0,0,0,0,0,0,0,0,1900544,0,1900544,3,9835829325990543540,0,0,0,0,0,0,0,0
layer,8,0,7,134,decode,14,8,8,0,0,0,160,0,0,0,0,18,8,2,0,0,0,0,0,0,60,lru,0,0,0,0,0,0,8,8,8,0,0,0,0,0,0,0,0,0,0,0,0,0,0,0,0,14415394135799736092,0,0,0,0,0,0,0,0
layer,8,0,7,134,decode,15,8,7,1,312,170,160,12,1,0,1,369,8,3,0,0,0,0,0,0,60,lru,0,0,0,0,0,0,8,7,8,0,1,0,0,0,0,0,0,0,0,0,0,1900544,0,1900544,3,5309048943857119085,0,0,0,0,0,0,0,0
layer,8,0,7,134,decode,16,8,8,0,0,0,174,0,0,0,0,19,8,2,0,0,0,0,0,0,60,lru,0,0,0,0,0,0,8,8,8,0,0,0,0,0,0,0,0,0,0,0,0,0,0,0,0,13183114929465520962,0,0,0,0,0,0,0,0
layer,8,0,7,134,decode,17,8,6,2,668,301,159,71,2,0,2,794,7,15,0,0,0,0,0,0,60,lru,0,0,0,0,0,0,8,6,8,0,2,0,0,0,0,0,0,0,0,0,0,3801088,0,3801088,6,10442307198488243090,0,0,0,0,0,0,0,0
layer,8,0,7,134,decode,18,8,7,1,320,171,142,35,1,0,1,384,8,2,0,0,0,0,0,0,60,lru,0,0,0,0,0,0,8,7,8,0,1,0,0,0,0,0,0,0,0,0,0,1900544,0,1900544,3,7672228334153086075,0,0,0,0,0,0,0,0
layer,8,0,7,134,decode,19,8,7,1,628,105,160,17,1,0,1,688,8,3,0,0,0,0,0,0,60,lru,0,0,0,0,0,0,8,7,8,0,1,0,0,0,0,0,0,0,0,0,0,1900544,0,1900544,3,10939396380528485044,0,0,0,0,0,0,0,0
layer,8,0,7,134,decode,20,8,7,1,325,124,154,17,1,0,1,387,8,2,0,0,0,0,0,0,60,lru,0,0,0,0,0,0,8,7,8,0,1,0,0,0,0,0,0,0,0,0,0,1900544,0,1900544,3,4979500611407403266,0,0,0,0,0,0,0,0
layer,8,0,7,134,decode,21,8,7,1,310,172,159,16,1,0,1,371,8,3,0,0,0,0,0,0,60,lru,0,0,0,0,0,0,8,7,8,0,1,0,0,0,0,0,0,0,0,0,0,1900544,0,1900544,3,8284952912613219394,0,0,0,0,0,0,0,0
layer,8,0,7,134,decode,22,8,7,1,323,174,144,20,1,0,1,383,8,2,0,0,0,0,0,0,60,lru,0,0,0,0,0,0,8,7,8,0,1,0,0,0,0,0,0,0,0,0,0,1900544,0,1900544,3,6108898310949230812,0,0,0,0,0,0,0,0
layer,8,0,7,134,decode,23,8,6,2,678,234,167,45,2,0,2,783,8,3,0,0,0,0,0,0,60,lru,0,0,0,0,0,0,8,6,8,0,2,0,0,0,0,0,0,0,0,0,0,3801088,0,3801088,6,7708496585225284974,0,0,0,0,0,0,0,0
layer,8,0,7,134,decode,24,8,8,0,0,0,174,0,0,0,0,18,8,2,0,0,0,0,0,0,60,lru,0,0,0,0,0,0,8,8,8,0,0,0,0,0,0,0,0,0,0,0,0,0,0,0,0,11266707633966618677,0,0,0,0,0,0,0,0
layer,8,0,7,134,decode,25,8,8,0,0,0,180,0,0,0,0,16,8,2,0,0,0,0,0,0,60,lru,0,0,0,0,0,0,8,8,8,0,0,0,0,0,0,0,0,0,0,0,0,0,0,0,0,9634221919387521182,0,0,0,0,0,0,0,0
layer,8,0,7,134,decode,26,8,8,0,0,0,160,0,0,0,0,18,8,2,0,0,0,0,0,0,60,lru,0,0,0,0,0,0,8,8,8,0,0,0,0,0,0,0,0,0,0,0,0,0,0,0,0,3040583034836899265,0,0,0,0,0,0,0,0
layer,8,0,7,134,decode,27,8,8,0,0,0,181,0,0,0,0,18,8,2,0,0,0,0,0,0,60,lru,0,0,0,0,0,0,8,8,8,0,0,0,0,0,0,0,0,0,0,0,0,0,0,0,0,10591240856553384771,0,0,0,0,0,0,0,0
layer,8,0,7,134,decode,28,8,7,1,348,174,153,44,2,0,2,447,7,16,0,0,0,0,0,0,60,lru,0,0,0,0,0,0,8,7,8,0,1,0,0,0,0,0,0,0,0,0,0,1900544,0,1900544,3,9868132805214989803,0,0,0,0,0,0,0,0
layer,8,0,7,134,decode,29,8,6,2,820,284,158,65,2,0,2,933,7,13,0,0,0,0,0,0,60,lru,0,0,0,0,0,0,8,6,8,0,2,0,0,0,0,0,0,0,0,0,0,3801088,0,3801088,6,7310913964148800969,0,0,0,0,0,0,0,0
layer,8,0,7,134,decode,30,8,7,1,13327,261,144,39,1,0,1,13392,8,2,0,0,0,0,0,0,60,lru,0,0,0,0,0,0,8,7,8,0,1,0,0,0,0,0,0,0,0,0,0,1900544,0,1900544,3,5627460241545926035,0,0,0,0,0,0,0,0
layer,8,0,7,134,decode,31,8,7,1,302,176,162,22,2,0,2,363,8,2,0,0,0,0,0,0,60,lru,0,0,0,0,0,0,8,7,8,0,1,0,0,0,0,0,0,0,0,0,0,1900544,0,1900544,3,15568273330266943414,0,0,0,0,0,0,0,0
layer,8,0,7,134,decode,32,8,7,1,354,168,155,6,2,0,2,412,7,2,0,0,0,0,0,0,60,lru,0,0,0,0,0,0,8,7,8,0,1,0,0,0,0,0,0,0,0,0,0,1900544,0,1900544,3,3069992924836539479,0,0,0,0,0,0,0,0
layer,8,0,7,134,decode,33,8,7,1,353,175,158,18,1,0,1,416,8,3,0,0,0,0,0,0,60,lru,0,0,0,0,0,0,8,7,8,0,1,0,0,0,0,0,0,0,0,0,0,1900544,0,1900544,3,17798708836369086033,0,0,0,0,0,0,0,0
layer,8,0,7,134,decode,34,8,7,1,349,178,147,10,1,0,1,409,9,2,0,0,0,0,0,0,60,lru,0,0,0,0,0,0,8,7,8,0,1,0,0,0,0,0,0,0,0,0,0,2039808,0,2039808,3,7923786919620892236,0,0,0,0,0,0,0,0
layer,8,0,7,134,decode,35,8,6,2,1123,318,158,36,2,0,2,1215,8,4,0,0,0,0,0,0,60,lru,0,0,0,0,0,0,8,6,8,0,2,0,0,0,0,0,0,0,0,0,0,3801088,0,3801088,6,14164962557392448357,0,0,0,0,0,0,0,0
layer,8,0,7,134,decode,36,8,5,3,4433,447,152,98,3,0,3,4587,8,17,0,0,0,0,0,0,60,lru,0,0,0,0,0,0,8,5,8,0,3,0,0,0,0,0,0,0,0,0,0,5701632,0,5701632,9,9254885118009679634,0,0,0,0,0,0,0,0
layer,8,0,7,134,decode,37,8,7,1,5987,166,159,20,1,0,1,6060,8,2,0,0,0,0,0,0,60,lru,0,0,0,0,0,0,8,7,8,0,1,0,1,0,0,0,0,0,0,0,0,1900544,0,1900544,3,12067841009327274295,0,0,0,0,0,0,0,0
layer,8,0,7,134,decode,38,8,4,4,6774,739,143,186,1,0,1,6989,8,21,0,0,0,0,0,0,60,lru,0,0,0,0,0,0,8,4,8,0,4,0,0,0,0,0,0,0,0,0,0,8159232,0,8159232,12,17444688285806079278,0,0,0,0,0,0,0,0
layer,8,0,7,134,decode,39,8,6,2,773,333,677,36,3,0,3,867,8,2,0,0,0,0,0,0,60,lru,0,0,0,0,0,0,8,6,8,0,2,0,1,0,0,0,0,0,0,0,0,4079616,0,4079616,6,1695413802963611957,0,0,0,0,0,0,0,0
request,8,0,7,0,decode,-1,0,0,0,0,0,0,0,0,0,0,0,0,0,0,0,0,0,0,0,0,,58289,444,0,0,16,0,0,0,0,0,0,0,0,0,0,0,0,0,0,0,0,0,0,0,0,0,0,0,0,0,0,0,0,0
layer,9,0,8,135,decode,0,8,6,2,723,314,152,82,4,0,4,895,9,17,0,0,0,0,0,0,60,lru,0,0,0,0,0,0,8,6,8,0,2,0,1,0,0,0,0,0,0,0,0,3801088,0,3801088,6,17766553607501442278,0,0,0,0,0,0,0,0
layer,9,0,8,135,decode,1,8,5,3,1068,436,158,97,4,0,4,1234,8,15,0,0,0,0,0,0,60,lru,0,0,0,0,0,0,8,5,8,0,3,0,0,0,0,0,0,0,0,0,0,5701632,0,5701632,9,1948492005036949632,0,0,0,0,0,0,0,0
layer,9,0,8,135,decode,2,8,1,7,6261,973,139,202,4,0,4,6584,8,20,0,0,0,0,0,0,60,lru,0,0,0,0,0,0,8,1,8,0,7,0,1,0,0,0,0,0,0,0,0,13303808,0,13303808,21,5006948436406637278,0,0,0,0,0,0,0,0
layer,9,0,8,135,decode,3,8,7,1,554,203,161,16,3,0,3,625,8,2,0,0,0,0,0,0,60,lru,0,0,0,0,0,0,8,7,8,0,1,0,1,0,0,0,0,0,0,0,0,1900544,0,1900544,3,9221909268881073513,0,0,0,0,0,0,0,0
layer,9,0,8,135,decode,4,8,8,0,0,0,173,0,0,0,0,22,8,2,0,0,0,0,0,0,60,lru,0,0,0,0,0,0,8,8,8,0,0,0,1,0,0,0,0,0,0,0,0,0,0,0,0,18426087518387629342,0,0,0,0,0,0,0,0
layer,9,0,8,135,decode,5,8,4,4,1409,516,157,127,4,0,4,1588,7,17,0,0,0,0,0,0,60,lru,0,0,0,0,0,0,8,4,8,0,4,0,0,0,0,0,0,0,0,0,0,7602176,0,7602176,12,5089425193703876880,0,0,0,0,0,0,0,0
layer,9,0,8,135,decode,6,8,6,2,691,290,144,59,3,0,3,790,8,3,0,0,0,0,0,0,60,lru,0,0,0,0,0,0,8,6,8,0,2,0,1,0,0,0,0,0,0,0,0,3801088,0,3801088,6,6485916271933427863,0,0,0,0,0,0,0,0
layer,9,0,8,135,decode,7,8,6,2,588,234,160,38,3,0,3,693,8,2,0,0,0,0,0,0,60,lru,0,0,0,0,0,0,8,6,8,0,2,0,1,0,0,0,0,0,0,0,0,3801088,0,3801088,6,16110661259385771720,0,0,0,0,0,0,0,0
layer,9,0,8,135,decode,8,8,7,1,4394,157,153,19,3,0,3,4460,8,2,0,0,0,0,0,0,60,lru,0,0,0,0,0,0,8,7,8,0,1,0,0,0,0,0,0,0,0,0,0,1900544,0,1900544,3,12312999409685858030,0,0,0,0,0,0,0,0
layer,9,0,8,135,decode,9,8,8,0,0,0,179,0,0,0,0,19,8,2,0,0,0,0,0,0,60,lru,0,0,0,0,0,0,8,8,8,0,0,0,0,0,0,0,0,0,0,0,0,0,0,0,0,1164168202592943972,0,0,0,0,0,0,0,0
layer,9,0,8,135,decode,10,8,7,1,5938,291,145,18,1,0,1,6000,9,3,0,0,0,0,0,0,60,lru,0,0,0,0,0,0,8,7,8,0,1,0,0,0,0,0,0,0,0,0,0,1900544,0,1900544,3,16230882187073323188,0,0,0,0,0,0,0,0
layer,9,0,8,135,decode,11,8,7,1,3463,163,161,32,1,0,1,3552,8,22,0,0,0,0,0,0,60,lru,0,0,0,0,0,0,8,7,8,0,1,0,0,0,0,0,0,0,0,0,0,1900544,0,1900544,3,1311277773683376307,0,0,0,0,0,0,0,0
layer,9,0,8,135,decode,12,8,8,0,0,0,173,0,0,0,0,20,8,2,0,0,0,0,0,0,60,lru,0,0,0,0,0,0,8,8,8,0,0,0,0,0,0,0,0,0,0,0,0,0,0,0,0,2000440737684769920,0,0,0,0,0,0,0,0
layer,9,0,8,135,decode,13,8,6,2,670,297,159,39,2,0,2,758,7,3,0,0,0,0,0,0,60,lru,0,0,0,0,0,0,8,6,8,0,2,0,0,0,0,0,0,0,0,0,0,3801088,0,3801088,6,16223915796982868159,0,0,0,0,0,0,0,0
layer,9,0,8,135,decode,14,8,7,1,325,180,145,41,1,0,1,424,8,19,0,0,0,0,0,0,60,lru,0,0,0,0,0,0,8,7,8,0,1,0,0,0,0,0,0,0,0,0,0,1900544,0,1900544,3,16504138498369643397,0,0,0,0,0,0,0,0
layer,9,0,8,135,decode,15,8,7,1,535,176,158,20,1,0,1,611,8,13,0,0,0,0,0,0,60,lru,0,0,0,0,0,0,8,7,8,0,1,0,0,0,0,0,0,0,0,0,0,1900544,0,1900544,3,17071262489692299336,0,0,0,0,0,0,0,0
layer,9,0,8,135,decode,16,8,5,3,1012,390,153,95,2,0,2,1168,8,26,0,0,0,0,0,0,60,lru,0,0,0,0,0,0,8,5,8,0,3,0,0,0,0,0,0,0,0,0,0,5701632,0,5701632,9,17388171672816517437,0,0,0,0,0,0,0,0
layer,9,0,8,135,decode,17,8,7,1,335,181,161,31,1,0,1,432,8,21,0,0,0,0,0,0,60,lru,0,0,0,0,0,0,8,7,8,0,1,0,0,0,0,0,0,0,0,0,0,1900544,0,1900544,3,10747978746693540413,0,0,0,0,0,0,0,0
layer,9,0,8,135,decode,18,8,7,1,335,159,147,70,1,0,1,455,8,15,0,0,0,0,0,0,60,lru,0,0,0,0,0,0,8,7,8,0,1,0,0,0,0,0,0,0,0,0,0,1900544,0,1900544,3,4294397186138423788,0,0,0,0,0,0,0,0
layer,9,0,8,135,decode,19,8,6,2,1949,286,159,60,2,0,2,2043,8,3,0,0,0,0,0,0,60,lru,0,0,0,0,0,0,8,6,8,0,2,0,0,0,0,0,0,0,0,0,0,3801088,0,3801088,6,3797850060289924163,0,0,0,0,0,0,0,0
layer,9,0,8,135,decode,20,8,4,4,11742,662,152,110,2,0,2,11918,8,13,0,0,0,0,0,0,60,lru,0,0,0,0,0,0,8,4,8,0,4,0,0,0,0,0,0,0,0,0,0,7602176,0,7602176,12,4626246891390398488,0,0,0,0,0,0,0,0
layer,9,0,8,135,decode,21,8,7,1,356,226,160,17,1,0,1,421,8,2,0,0,0,0,0,0,60,lru,0,0,0,0,0,0,8,7,8,0,1,0,0,0,0,0,0,0,0,0,0,1900544,0,1900544,3,13522098140502796080,0,0,0,0,0,0,0,0
layer,9,0,8,135,decode,22,8,8,0,0,0,160,0,0,0,0,18,8,2,0,0,0,0,0,0,60,lru,0,0,0,0,0,0,8,8,8,0,0,0,0,0,0,0,0,0,0,0,0,0,0,0,0,9077293897511741392,0,0,0,0,0,0,0,0
layer,9,0,8,135,decode,23,8,4,4,12729,532,156,105,2,0,2,12883,7,3,0,0,0,0,0,0,60,lru,0,0,0,0,0,0,8,4,8,0,4,0,0,0,0,0,0,0,0,0,0,7602176,0,7602176,12,17165113650498531631,0,0,0,0,0,0,0,0
layer,9,0,8,135,decode,24,8,7,1,289,182,154,23,1,0,1,350,8,2,0,0,0,0,0,0,60,lru,0,0,0,0,0,0,8,7,8,0,1,0,1,0,0,0,0,0,0,0,0,1900544,0,1900544,3,5528112408869666161,0,0,0,0,0,0,0,0
layer,9,0,8,135,decode,25,8,7,1,354,177,162,25,1,0,1,446,7,14,0,0,0,0,0,0,60,lru,0,0,0,0,0,0,8,7,8,0,1,0,0,0,0,0,0,0,0,0,0,1900544,0,1900544,3,5528735021160992526,0,0,0,0,0,0,0,0
layer,9,0,8,135,decode,26,8,4,4,3533,559,138,97,1,0,1,3689,7,3,0,0,0,0,0,0,60,lru,0,0,0,0,0,0,8,4,8,0,4,0,0,0,0,0,0,0,0,0,0,7602176,0,7602176,12,1797920296175844642,0,0,0,0,0,0,0,0
layer,9,0,8,135,decode,27,8,4,4,9811,683,157,138,2,0,2,10016,8,16,0,0,0,0,0,0,60,lru,0,0,0,0,0,0,8,4,8,0,4,0,1,0,0,0,0,0,0,0,0,7602176,0,7602176,12,3349962317741404092,0,0,0,0,0,0,0,0
layer,9,0,8,135,decode,28,8,6,2,3657,284,152,30,2,0,2,3745,8,2,0,0,0,0,0,0,60,lru,0,0,0,0,0,0,8,6,8,0,2,0,1,0,0,0,0,0,0,0,0,3801088,0,3801088,6,18159410097378029887,0,0,0,0,0,0,0,0
layer,9,0,8,135,decode,29,8,5,3,10920,390,159,58,2,0,2,11041,8,2,0,0,0,0,0,0,60,lru,0,0,0,0,0,0,8,5,8,0,3,0,1,0,0,0,0,0,0,0,0,5701632,0,5701632,9,658892802405898656,0,0,0,0,0,0,0,0
layer,9,0,8,135,decode,30,8,8,0,0,0,159,0,0,0,0,18,8,2,0,0,0,0,0,0,60,lru,0,0,0,0,0,0,8,8,8,0,0,0,0,0,0,0,0,0,0,0,0,0,0,0,0,11153524001216942626,0,0,0,0,0,0,0,0
layer,9,0,8,135,decode,31,8,5,3,11058,693,160,50,2,0,2,11190,7,3,0,0,0,0,0,0,60,lru,0,0,0,0,0,0,8,5,8,0,3,0,0,0,0,0,0,0,0,0,0,5701632,0,5701632,9,11043407761051304829,0,0,0,0,0,0,0,0
layer,9,0,8,135,decode,32,8,5,3,10525,437,152,78,3,0,3,10649,9,2,0,0,0,0,0,0,60,lru,0,0,0,0,0,0,8,5,8,0,3,0,1,0,0,0,0,0,0,0,0,5701632,0,5701632,9,3170754579772526432,0,0,0,0,0,0,0,0
layer,9,0,8,135,decode,33,8,2,6,10443,806,154,138,2,0,2,10716,8,23,0,0,0,0,0,0,60,lru,0,0,0,0,0,0,8,2,8,0,6,0,0,0,0,0,0,0,0,0,0,11403264,0,11403264,18,1096828206140903151,0,0,0,0,0,0,0,0
layer,9,0,8,135,decode,34,8,7,1,4022,180,144,10,1,0,1,4084,8,2,0,0,0,0,0,0,60,lru,0,0,0,0,0,0,8,7,8,0,1,0,1,0,0,0,0,0,0,0,0,2039808,0,2039808,3,9983660702439725721,0,0,0,0,0,0,0,0
layer,9,0,8,135,decode,35,8,7,1,337,173,160,28,1,0,1,430,8,27,0,0,0,0,0,0,60,lru,0,0,0,0,0,0,8,7,8,0,1,0,0,0,0,0,0,0,0,0,0,1900544,0,1900544,3,9186746081147970089,0,0,0,0,0,0,0,0
layer,9,0,8,135,decode,36,8,6,2,772,329,153,47,2,0,2,897,7,16,0,0,0,0,0,0,60,lru,0,0,0,0,0,0,8,6,8,0,2,0,0,0,0,0,0,0,0,0,0,3801088,0,3801088,6,168553827873682714,0,0,0,0,0,0,0,0
layer,9,0,8,135,decode,37,8,4,4,5822,693,156,162,2,0,2,6035,7,16,0,0,0,0,0,0,60,lru,0,0,0,0,0,0,8,4,8,0,4,0,0,0,0,0,0,0,0,0,0,7602176,0,7602176,12,7207624911407760740,0,0,0,0,0,0,0,0
layer,9,0,8,135,decode,38,8,5,3,1214,438,142,73,2,0,2,1345,8,3,0,0,0,0,0,0,60,lru,0,0,0,0,0,0,8,5,8,0,3,0,0,0,0,0,0,0,0,0,0,6119424,0,6119424,9,1070291579223744423,0,0,0,0,0,0,0,0
layer,9,0,8,135,decode,39,8,3,5,11365,912,673,149,3,0,3,11594,8,32,0,0,0,0,0,0,60,lru,0,0,0,0,0,0,8,3,8,0,5,0,1,0,0,0,0,0,0,0,0,10199040,0,10199040,15,16930971845087780111,0,0,0,0,0,0,0,0
request,9,0,8,0,decode,-1,0,0,0,0,0,0,0,0,0,0,0,0,0,0,0,0,0,0,0,0,,153959,608,0,0,15,0,0,0,0,0,0,0,0,0,0,0,0,0,0,0,0,0,0,0,0,0,0,0,0,0,0,0,0,0
layer,10,0,9,136,decode,0,8,6,2,1506,296,153,102,4,0,4,1623,10,3,0,0,0,0,0,0,60,lru,0,0,0,0,0,0,8,6,8,0,2,0,1,0,0,0,0,0,0,0,0,3801088,0,3801088,6,256183304317158008,0,0,0,0,0,0,0,0
layer,10,0,9,136,decode,1,8,5,3,1054,404,158,69,4,0,4,1209,8,16,0,0,0,0,0,0,60,lru,0,0,0,0,0,0,8,5,8,0,3,0,1,0,0,0,0,0,0,0,0,5701632,0,5701632,9,4134088012697480474,0,0,0,0,0,0,0,0
layer,10,0,9,136,decode,2,8,6,2,683,292,143,60,4,0,4,782,8,2,0,0,0,0,0,0,60,lru,0,0,0,0,0,0,8,6,8,0,2,0,1,0,0,0,0,0,0,0,0,3801088,0,3801088,6,11054506302481276366,0,0,0,0,0,0,0,0
layer,10,0,9,136,decode,3,8,6,2,662,280,161,47,4,0,4,783,8,12,0,0,0,0,0,0,60,lru,0,0,0,0,0,0,8,6,8,0,2,0,0,0,0,0,0,0,0,0,0,3801088,0,3801088,6,1357185653351558521,0,0,0,0,0,0,0,0
layer,10,0,9,136,decode,4,8,6,2,856,275,155,32,4,0,4,951,8,3,0,0,0,0,0,0,60,lru,0,0,0,0,0,0,8,6,8,0,2,0,0,0,0,0,0,0,0,0,0,3801088,0,3801088,6,7876943170034613391,0,0,0,0,0,0,0,0
layer,10,0,9,136,decode,5,8,6,2,683,285,156,42,4,0,4,807,8,14,0,0,0,0,0,0,60,lru,0,0,0,0,0,0,8,6,8,0,2,0,2,0,0,0,0,0,0,0,0,3801088,0,3801088,6,17879656732256625828,0,0,0,0,0,0,0,0
layer,10,0,9,136,decode,6,8,8,0,0,0,160,0,0,0,0,19,8,2,0,0,0,0,0,0,60,lru,0,0,0,0,0,0,8,8,8,0,0,0,0,0,0,0,0,0,0,0,0,0,0,0,0,1904092008760804848,0,0,0,0,0,0,0,0
layer,10,0,9,136,decode,7,8,8,0,0,0,181,0,0,0,0,18,8,2,0,0,0,0,0,0,60,lru,0,0,0,0,0,0,8,8,8,0,0,0,0,0,0,0,0,0,0,0,0,0,0,0,0,1660091344714187752,0,0,0,0,0,0,0,0
layer,10,0,9,136,decode,8,8,8,0,0,0,174,0,0,0,0,17,8,2,0,0,0,0,0,0,60,lru,0,0,0,0,0,0,8,8,8,0,0,0,0,0,0,0,0,0,0,0,0,0,0,0,0,12283578057002322663,0,0,0,0,0,0,0,0
layer,10,0,9,136,decode,9,8,7,1,321,189,160,13,1,0,1,383,8,3,0,0,0,0,0,0,60,lru,0,0,0,0,0,0,8,7,8,0,1,0,0,0,0,0,0,0,0,0,0,1900544,0,1900544,3,10107830533395532044,0,0,0,0,0,0,0,0
layer,10,0,9,136,decode,10,8,8,0,0,0,159,0,0,0,0,19,8,2,0,0,0,0,0,0,60,lru,0,0,0,0,0,0,8,8,8,0,0,0,0,0,0,0,0,0,0,0,0,0,0,0,0,3901729132458621724,0,0,0,0,0,0,0,0
layer,10,0,9,136,decode,11,8,8,0,0,0,180,0,0,0,0,17,8,2,0,0,0,0,0,0,60,lru,0,0,0,0,0,0,8,8,8,0,0,0,0,0,0,0,0,0,0,0,0,0,0,0,0,13185845533284760550,0,0,0,0,0,0,0,0
layer,10,0,9,136,decode,12,8,8,0,0,0,172,0,0,0,0,16,7,2,0,0,0,0,0,0,60,lru,0,0,0,0,0,0,8,8,8,0,0,0,0,0,0,0,0,0,0,0,0,0,0,0,0,9657029993944277056,0,0,0,0,0,0,0,0
layer,10,0,9,136,decode,13,8,6,2,1766,295,159,61,2,0,2,1861,7,4,0,0,0,0,0,0,60,lru,0,0,0,0,0,0,8,6,8,0,2,0,0,0,0,0,0,0,0,0,0,3801088,0,3801088,6,464341378819426607,0,0,0,0,0,0,0,0
layer,10,0,9,136,decode,14,8,8,0,0,0,159,0,0,0,0,18,7,2,0,0,0,0,0,0,60,lru,0,0,0,0,0,0,8,8,8,0,0,0,0,0,0,0,0,0,0,0,0,0,0,0,0,15418123109660909935,0,0,0,0,0,0,0,0
layer,10,0,9,136,decode,15,8,8,0,0,0,180,0,0,0,0,16,7,2,0,0,0,0,0,0,60,lru,0,0,0,0,0,0,8,8,8,0,0,0,0,0,0,0,0,0,0,0,0,0,0,0,0,7172804628346935676,0,0,0,0,0,0,0,0
layer,10,0,9,136,decode,16,8,8,0,0,0,174,0,0,0,0,17,7,2,0,0,0,0,0,0,60,lru,0,0,0,0,0,0,8,8,8,0,0,0,0,0,0,0,0,0,0,0,0,0,0,0,0,11226013459689102582,0,0,0,0,0,0,0,0
layer,10,0,9,136,decode,17,8,8,0,0,0,178,0,0,0,0,16,7,2,0,0,0,0,0,0,60,lru,0,0,0,0,0,0,8,8,8,0,0,0,0,0,0,0,0,0,0,0,0,0,0,0,0,4958735092814997066,0,0,0,0,0,0,0,0
layer,10,0,9,136,decode,18,8,7,1,318,175,144,25,1,0,1,381,7,2,0,0,0,0,0,0,60,lru,0,0,0,0,0,0,8,7,8,0,1,0,0,0,0,0,0,0,0,0,0,1900544,0,1900544,3,440481565051333190,0,0,0,0,0,0,0,0
layer,10,0,9,136,decode,19,8,7,1,308,180,159,22,1,0,1,367,8,3,0,0,0,0,0,0,60,lru,0,0,0,0,0,0,8,7,8,0,1,0,0,0,0,0,0,0,0,0,0,1900544,0,1900544,3,3636914449266102055,0,0,0,0,0,0,0,0
layer,10,0,9,136,decode,20,8,6,2,648,301,154,62,2,0,2,786,7,17,0,0,0,0,0,0,60,lru,0,0,0,0,0,0,8,6,8,0,2,0,0,0,0,0,0,0,0,0,0,3801088,0,3801088,6,1481640695958228924,0,0,0,0,0,0,0,0
layer,10,0,9,136,decode,21,8,8,0,0,0,178,0,0,0,0,18,8,2,0,0,0,0,0,0,60,lru,0,0,0,0,0,0,8,8,8,0,0,0,0,0,0,0,0,0,0,0,0,0,0,0,0,6372748322243033036,0,0,0,0,0,0,0,0
layer,10,0,9,136,decode,22,8,7,1,321,176,145,20,1,0,1,416,8,30,0,0,0,0,0,0,60,lru,0,0,0,0,0,0,8,7,8,0,1,0,0,0,0,0,0,0,0,0,0,1900544,0,1900544,3,3883574391584390457,0,0,0,0,0,0,0,0
layer,10,0,9,136,decode,23,8,7,1,303,191,161,42,2,0,2,414,8,24,0,0,0,0,0,0,60,lru,0,0,0,0,0,0,8,7,8,0,1,0,0,0,0,0,0,0,0,0,0,1900544,0,1900544,3,16097460006470681003,0,0,0,0,0,0,0,0
layer,10,0,9,136,decode,24,8,8,0,0,0,174,0,0,0,0,18,8,2,0,0,0,0,0,0,60,lru,0,0,0,0,0,0,8,8,8,0,0,0,0,0,0,0,0,0,0,0,0,0,0,0,0,17982123898159918898,0,0,0,0,0,0,0,0
layer,10,0,9,136,decode,25,8,7,1,306,158,161,32,1,0,1,398,7,23,0,0,0,0,0,0,60,lru,0,0,0,0,0,0,8,7,8,0,1,0,0,0,0,0,0,0,0,0,0,1900544,0,1900544,3,11667471829715060801,0,0,0,0,0,0,0,0
layer,10,0,9,136,decode,26,8,8,0,0,0,158,0,0,0,0,19,8,2,0,0,0,0,0,0,60,lru,0,0,0,0,0,0,8,8,8,0,0,0,0,0,0,0,0,0,0,0,0,0,0,0,0,687042300089688261,0,0,0,0,0,0,0,0
layer,10,0,9,136,decode,27,8,8,0,0,0,180,0,0,0,0,17,8,2,0,0,0,0,0,0,60,lru,0,0,0,0,0,0,8,8,8,0,0,0,0,0,0,0,0,0,0,0,0,0,0,0,0,10197804202889524642,0,0,0,0,0,0,0,0
layer,10,0,9,136,decode,28,8,6,2,758,277,154,65,2,0,2,865,7,4,0,0,0,0,0,0,60,lru,0,0,0,0,0,0,8,6,8,0,2,0,0,0,0,0,0,0,0,0,0,3801088,0,3801088,6,862835602802075356,0,0,0,0,0,0,0,0
layer,10,0,9,136,decode,29,8,7,1,4646,203,159,22,1,0,1,4707,7,3,0,0,0,0,0,0,60,lru,0,0,0,0,0,0,8,7,8,0,1,0,1,0,0,0,0,0,0,0,0,1900544,0,1900544,3,8573648783834778450,0,0,0,0,0,0,0,0
layer,10,0,9,136,decode,30,8,7,1,4117,173,144,28,1,0,1,4179,8,2,0,0,0,0,0,0,60,lru,0,0,0,0,0,0,8,7,8,0,1,0,0,0,0,0,0,0,0,0,0,1900544,0,1900544,3,12225414343385928778,0,0,0,0,0,0,0,0
layer,10,0,9,136,decode,31,8,5,3,1580,403,160,76,2,0,2,1707,8,3,0,0,0,0,0,0,60,lru,0,0,0,0,0,0,8,5,8,0,3,0,0,0,0,0,0,0,0,0,0,5701632,0,5701632,9,3136707724217711122,0,0,0,0,0,0,0,0
layer,10,0,9,136,decode,32,8,8,0,0,0,181,0,0,0,0,19,8,2,0,0,0,0,0,0,60,lru,0,0,0,0,0,0,8,8,8,0,0,0,0,0,0,0,0,0,0,0,0,0,0,0,0,12363961511064630396,0,0,0,0,0,0,0,0
layer,10,0,9,136,decode,33,8,6,2,907,301,158,48,2,0,2,1044,7,23,0,0,0,0,0,0,60,lru,0,0,0,0,0,0,8,6,8,0,2,0,0,0,0,0,0,0,0,0,0,3801088,0,3801088,6,8792502867803693197,0,0,0,0,0,0,0,0
layer,10,0,9,136,decode,34,8,7,1,358,177,145,15,1,0,1,418,8,3,0,0,0,0,0,0,60,lru,0,0,0,0,0,0,8,7,8,0,1,0,1,0,0,0,0,0,0,0,0,2039808,0,2039808,3,12417754167355375309,0,0,0,0,0,0,0,0
layer,10,0,9,136,decode,35,8,6,2,5315,394,161,68,2,0,2,5411,8,2,0,0,0,0,0,0,60,lru,0,0,0,0,0,0,8,6,8,0,2,0,0,0,0,0,0,0,0,0,0,3801088,0,3801088,6,11977729599320737797,0,0,0,0,0,0,0,0
layer,10,0,9,136,decode,36,8,6,2,747,289,153,67,2,0,2,865,8,13,0,0,0,0,0,0,60,lru,0,0,0,0,0,0,8,6,8,0,2,0,0,0,0,0,0,0,0,0,0,3801088,0,3801088,6,14295789920659678292,0,0,0,0,0,0,0,0
layer,10,0,9,136,decode,37,8,5,3,1159,407,157,73,2,0,2,1279,8,3,0,0,0,0,0,0,60,lru,0,0,0,0,0,0,8,5,8,0,3,0,0,0,0,0,0,0,0,0,0,5701632,0,5701632,9,12335130773298991040,0,0,0,0,0,0,0,0
layer,10,0,9,136,decode,38,8,5,3,1682,377,144,86,2,0,2,1821,8,16,0,0,0,0,0,0,60,lru,0,0,0,0,0,0,8,5,8,0,3,0,0,0,0,0,0,0,0,0,0,6119424,0,6119424,9,11792382779347442684,0,0,0,0,0,0,0,0
layer,10,0,9,136,decode,39,8,7,1,4110,179,678,69,2,0,2,4246,8,33,0,0,0,0,0,0,60,lru,0,0,0,0,0,0,8,7,8,0,1,0,0,0,0,0,0,0,0,0,0,2039808,0,2039808,3,16832519235363412535,0,0,0,0,0,0,0,0
request,10,0,9,0,decode,-1,0,0,0,0,0,0,0,0,0,0,0,0,0,0,0,0,0,0,0,0,,47154,435,0,0,16,0,0,0,0,0,0,0,0,0,0,0,0,0,0,0,0,0,0,0,0,0,0,0,0,0,0,0,0,0
layer,11,0,10,137,decode,0,8,7,1,360,166,152,32,3,0,3,457,10,14,0,0,0,0,0,0,60,lru,0,0,0,0,0,0,8,7,8,0,1,0,1,0,0,0,0,0,0,0,0,1900544,0,1900544,3,13752061682182859772,0,0,0,0,0,0,0,0
layer,11,0,10,137,decode,1,8,6,2,695,287,160,37,4,0,4,796,8,3,0,0,0,0,0,0,60,lru,0,0,0,0,0,0,8,6,8,0,2,0,1,0,0,0,0,0,0,0,0,3801088,0,3801088,6,3671770091983518084,0,0,0,0,0,0,0,0
layer,11,0,10,137,decode,2,8,4,4,1469,545,142,117,4,0,4,1672,8,30,0,0,0,0,0,0,60,lru,0,0,0,0,0,0,8,4,8,0,4,0,0,0,0,0,0,0,0,0,0,7602176,0,7602176,12,9502492281645903271,0,0,0,0,0,0,0,0
layer,11,0,10,137,decode,3,8,4,4,5138,600,157,99,4,0,4,5298,10,3,0,0,0,0,0,0,60,lru,0,0,0,0,0,0,8,4,8,0,4,0,1,0,0,0,0,0,0,0,0,7602176,0,7602176,12,9784137220707317288,0,0,0,0,0,0,0,0
layer,11,0,10,137,decode,4,8,5,3,5994,402,153,81,4,0,4,6186,8,15,0,0,0,0,0,0,60,lru,0,0,0,0,0,0,8,5,8,0,3,0,1,0,0,0,0,0,0,0,0,5701632,0,5701632,9,3162804470617996141,0,0,0,0,0,0,0,0
layer,11,0,10,137,decode,5,8,6,2,679,288,159,94,4,0,4,828,7,25,0,0,0,0,0,0,60,lru,0,0,0,0,0,0,8,6,8,0,2,0,1,0,0,0,0,0,0,0,0,3801088,0,3801088,6,5209220739066450078,0,0,0,0,0,0,0,0
layer,11,0,10,137,decode,6,8,7,1,343,177,145,14,3,0,3,407,8,3,0,0,0,0,0,0,60,lru,0,0,0,0,0,0,8,7,8,0,1,0,0,0,0,0,0,0,0,0,0,1900544,0,1900544,3,3897460784983115726,0,0,0,0,0,0,0,0
layer,11,0,10,137,decode,7,8,7,1,333,184,161,19,3,0,3,396,8,2,0,0,0,0,0,0,60,lru,0,0,0,0,0,0,8,7,8,0,1,0,0,0,0,0,0,0,0,0,0,1900544,0,1900544,3,10441621081237985884,0,0,0,0,0,0,0,0
layer,11,0,10,137,decode,8,8,6,2,2365,286,153,43,4,0,4,2490,8,15,0,0,0,0,0,0,60,lru,0,0,0,0,0,0,8,6,8,0,2,0,0,0,0,0,0,0,0,0,0,3801088,0,3801088,6,13708950532611813882,0,0,0,0,0,0,0,0
layer,11,0,10,137,decode,9,8,8,0,0,0,180,0,0,0,0,18,8,2,0,0,0,0,0,0,60,lru,0,0,0,0,0,0,8,8,8,0,0,0,0,0,0,0,0,0,0,0,0,0,0,0,0,4495025657307624376,0,0,0,0,0,0,0,0
layer,11,0,10,137,decode,10,8,7,1,1951,175,143,10,1,0,1,2011,8,2,0,0,0,0,0,0,60,lru,0,0,0,0,0,0,8,7,8,0,1,0,0,0,0,0,0,0,0,0,0,1900544,0,1900544,3,4557210866926226125,0,0,0,0,0,0,0,0
layer,11,0,10,137,decode,11,8,6,2,6391,292,169,70,2,0,2,6533,8,23,0,0,0,0,0,0,60,lru,0,0,0,0,0,0,8,6,8,0,2,0,0,0,0,0,0,0,0,0,0,3801088,0,3801088,6,1691102136812413906,0,0,0,0,0,0,0,0
layer,11,0,10,137,decode,12,8,8,0,0,0,173,0,0,0,0,18,8,2,0,0,0,0,0,0,60,lru,0,0,0,0,0,0,8,8,8,0,0,0,0,0,0,0,0,0,0,0,0,0,0,0,0,12997929092757780834,0,0,0,0,0,0,0,0
layer,11,0,10,137,decode,13,8,6,2,5291,279,160,48,2,0,2,5406,8,15,0,0,0,0,0,0,60,lru,0,0,0,0,0,0,8,6,8,0,2,0,0,0,0,0,0,0,0,0,0,3801088,0,3801088,6,9034438458927865456,0,0,0,0,0,0,0,0
layer,11,0,10,137,decode,14,8,7,1,318,168,144,29,1,0,1,406,8,23,0,0,0,0,0,0,60,lru,0,0,0,0,0,0,8,7,8,0,1,0,0,0,0,0,0,0,0,0,0,1900544,0,1900544,3,17170889658984669062,0,0,0,0,0,0,0,0
layer,11,0,10,137,decode,15,8,7,1,367,168,161,19,1,0,1,451,8,14,0,0,0,0,0,0,60,lru,0,0,0,0,0,0,8,7,8,0,1,0,0,0,0,0,0,0,0,0,0,1900544,0,1900544,3,5412050933553075746,0,0,0,0,0,0,0,0
layer,11,0,10,137,decode,16,8,7,1,354,170,154,28,1,0,1,432,7,14,0,0,0,0,0,0,60,lru,0,0,0,0,0,0,8,7,8,0,1,0,0,0,0,0,0,0,0,0,0,1900544,0,1900544,3,11974962715807655381,0,0,0,0,0,0,0,0
layer,11,0,10,137,decode,17,8,7,1,362,165,161,21,1,0,1,437,8,14,0,0,0,0,0,0,60,lru,0,0,0,0,0,0,8,7,8,0,1,0,0,0,0,0,0,0,0,0,0,1900544,0,1900544,3,10794085220456199734,0,0,0,0,0,0,0,0
layer,11,0,10,137,decode,18,8,8,0,0,0,158,0,0,0,0,18,8,2,0,0,0,0,0,0,60,lru,0,0,0,0,0,0,8,8,8,0,0,0,0,0,0,0,0,0,0,0,0,0,0,0,0,15799263491683995394,0,0,0,0,0,0,0,0
layer,11,0,10,137,decode,19,8,7,1,311,176,160,21,1,0,1,370,8,2,0,0,0,0,0,0,60,lru,0,0,0,0,0,0,8,7,8,0,1,0,0,0,0,0,0,0,0,0,0,1900544,0,1900544,3,17988190696867751455,0,0,0,0,0,0,0,0
layer,11,0,10,137,decode,20,8,6,2,5907,338,153,46,2,0,2,6018,8,15,0,0,0,0,0,0,60,lru,0,0,0,0,0,0,8,6,8,0,2,0,0,0,0,0,0,0,0,0,0,3801088,0,3801088,6,4900092950834999578,0,0,0,0,0,0,0,0
layer,11,0,10,137,decode,21,8,8,0,0,0,179,0,0,0,0,18,7,2,0,0,0,0,0,0,60,lru,0,0,0,0,0,0,8,8,8,0,0,0,0,0,0,0,0,0,0,0,0,0,0,0,0,11927863681752624834,0,0,0,0,0,0,0,0
layer,11,0,10,137,decode,22,8,7,1,299,174,144,18,1,0,1,362,7,3,0,0,0,0,0,0,60,lru,0,0,0,0,0,0,8,7,8,0,1,0,0,0,0,0,0,0,0,0,0,1900544,0,1900544,3,10061796546347833215,0,0,0,0,0,0,0,0
layer,11,0,10,137,decode,23,8,7,1,507,182,159,18,2,0,2,568,8,2,0,0,0,0,0,0,60,lru,0,0,0,0,0,0,8,7,8,0,1,0,0,0,0,0,0,0,0,0,0,1900544,0,1900544,3,7040921833537564862,0,0,0,0,0,0,0,0
layer,11,0,10,137,decode,24,8,8,0,0,0,173,0,0,0,0,17,7,2,0,0,0,0,0,0,60,lru,0,0,0,0,0,0,8,8,8,0,0,0,0,0,0,0,0,0,0,0,0,0,0,0,0,5071179296124846802,0,0,0,0,0,0,0,0
layer,11,0,10,137,decode,25,8,6,2,1070,284,159,37,2,0,2,1159,7,3,0,0,0,0,0,0,60,lru,0,0,0,0,0,0,8,6,8,0,2,0,0,0,0,0,0,0,0,0,0,3801088,0,3801088,6,4927969956705875744,0,0,0,0,0,0,0,0
layer,11,0,10,137,decode,26,8,7,1,367,168,144,5,1,0,1,447,8,17,0,0,0,0,0,0,60,lru,0,0,0,0,0,0,8,7,8,0,1,0,0,0,0,0,0,0,0,0,0,1900544,0,1900544,3,15018021186249731840,0,0,0,0,0,0,0,0
layer,11,0,10,137,decode,27,8,7,1,6000,175,161,22,2,0,2,6061,7,3,0,0,0,0,0,0,60,lru,0,0,0,0,0,0,8,7,8,0,1,0,0,0,0,0,0,0,0,0,0,1900544,0,1900544,3,2518858018718407975,0,0,0,0,0,0,0,0
layer,11,0,10,137,decode,28,8,8,0,0,0,173,0,0,0,0,18,8,2,0,0,0,0,0,0,60,lru,0,0,0,0,0,0,8,8,8,0,0,0,0,0,0,0,0,0,0,0,0,0,0,0,0,5095912132651774936,0,0,0,0,0,0,0,0
layer,11,0,10,137,decode,29,8,7,1,4134,178,160,27,1,0,1,4193,7,2,0,0,0,0,0,0,60,lru,0,0,0,0,0,0,8,7,8,0,1,0,0,0,0,0,0,0,0,0,0,1900544,0,1900544,3,3339611026600156272,0,0,0,0,0,0,0,0
layer,11,0,10,137,decode,30,8,6,2,6928,446,140,48,2,0,2,7035,8,4,0,0,0,0,0,0,60,lru,0,0,0,0,0,0,8,6,8,0,2,0,0,0,0,0,0,0,0,0,0,3801088,0,3801088,6,8796630222680208867,0,0,0,0,0,0,0,0
layer,11,0,10,137,decode,31,8,3,5,9607,666,158,137,3,0,3,9835,8,18,0,0,0,0,0,0,60,lru,0,0,0,0,0,0,8,3,8,0,5,0,0,0,0,0,0,0,0,0,0,9502720,0,9502720,15,11407963209129881544,0,0,0,0,0,0,0,0
layer,11,0,10,137,decode,32,8,7,1,368,176,153,36,1,0,1,430,8,4,0,0,0,0,0,0,60,lru,0,0,0,0,0,0,8,7,8,0,1,0,1,0,0,0,0,0,0,0,0,1900544,0,1900544,3,15384330664642553468,0,0,0,0,0,0,0,0
layer,11,0,10,137,decode,33,8,6,2,809,302,158,70,2,0,2,913,8,4,0,0,0,0,0,0,60,lru,0,0,0,0,0,0,8,6,8,0,2,0,0,0,0,0,0,0,0,0,0,3801088,0,3801088,6,9294837972055209873,0,0,0,0,0,0,0,0
layer,11,0,10,137,decode,34,8,4,4,1737,578,143,117,2,0,2,1916,8,9,0,0,0,0,0,0,60,lru,0,0,0,0,0,0,8,4,8,0,4,0,0,0,0,0,0,0,0,0,0,8159232,0,8159232,12,12015607263444812177,0,0,0,0,0,0,0,0
layer,11,0,10,137,decode,35,8,6,2,692,299,159,60,2,0,2,786,8,3,0,0,0,0,0,0,60,lru,0,0,0,0,0,0,8,6,8,0,2,0,0,0,0,0,0,0,0,0,0,3801088,0,3801088,6,3667821792527153563,0,0,0,0,0,0,0,0
layer,11,0,10,137,decode,36,8,7,1,4425,259,154,25,1,0,1,4509,8,13,0,0,0,0,0,0,60,lru,0,0,0,0,0,0,8,7,8,0,1,0,1,0,0,0,0,0,0,0,0,1900544,0,1900544,3,13450369065003021660,0,0,0,0,0,0,0,0
layer,11,0,10,137,decode,37,8,5,3,4311,453,157,72,1,0,1,4447,7,5,0,0,0,0,0,0,60,lru,0,0,0,0,0,0,8,5,8,0,3,0,0,0,0,0,0,0,0,0,0,5701632,0,5701632,9,18107390613545277583,0,0,0,0,0,0,0,0
layer,11,0,10,137,decode,38,8,7,1,332,184,146,28,1,0,1,415,8,15,0,0,0,0,0,0,60,lru,0,0,0,0,0,0,8,7,8,0,1,0,0,0,0,0,0,0,0,0,0,2039808,0,2039808,3,4023038026040428773,0,0,0,0,0,0,0,0
layer,11,0,10,137,decode,39,8,6,2,871,315,675,29,3,0,3,962,8,3,0,0,0,0,0,0,60,lru,0,0,0,0,0,0,8,6,8,0,2,0,0,0,0,0,0,0,0,0,0,4079616,0,4079616,6,13251926240262467553,0,0,0,0,0,0,0,0
request,11,0,10,0,decode,-1,0,0,0,0,0,0,0,0,0,0,0,0,0,0,0,0,0,0,0,0,,94859,498,0,0,12,0,0,0,0,0,0,0,0,0,0,0,0,0,0,0,0,0,0,0,0,0,0,0,0,0,0,0,0,0
layer,12,0,11,138,decode,0,8,6,2,717,283,153,27,4,0,4,852,10,14,0,0,0,0,0,0,60,lru,0,0,0,0,0,0,8,6,8,0,2,0,0,0,0,0,0,0,0,0,0,3801088,0,3801088,6,2925420408621948646,0,0,0,0,0,0,0,0
layer,12,0,11,138,decode,1,8,6,2,681,300,158,54,4,0,4,797,8,14,0,0,0,0,0,0,60,lru,0,0,0,0,0,0,8,6,8,0,2,0,0,0,0,0,0,0,0,0,0,3801088,0,3801088,6,9887708508919463289,0,0,0,0,0,0,0,0
layer,12,0,11,138,decode,2,8,5,3,4615,502,142,116,5,0,5,4835,8,18,0,0,0,0,0,0,60,lru,0,0,0,0,0,0,8,5,8,0,3,0,0,0,0,0,0,0,0,0,0,5701632,0,5701632,9,17354080079687561022,0,0,0,0,0,0,0,0
layer,12,0,11,138,decode,3,8,8,0,0,0,182,0,0,0,0,21,8,2,0,0,0,0,0,0,60,lru,0,0,0,0,0,0,8,8,8,0,0,0,1,0,0,0,0,0,0,0,0,0,0,0,0,804467492284404381,0,0,0,0,0,0,0,0
layer,12,0,11,138,decode,4,8,7,1,493,179,155,9,3,0,3,553,7,5,0,0,0,0,0,0,60,lru,0,0,0,0,0,0,8,7,8,0,1,0,0,0,0,0,0,0,0,0,0,1900544,0,1900544,3,376835580367821545,0,0,0,0,0,0,0,0
layer,12,0,11,138,decode,5,8,5,3,2967,443,157,115,3,0,3,3131,8,17,0,0,0,0,0,0,60,lru,0,0,0,0,0,0,8,5,8,0,3,0,0,0,0,0,0,0,0,0,0,5701632,0,5701632,9,7782803973760838238,0,0,0,0,0,0,0,0
layer,12,0,11,138,decode,6,8,5,3,6231,409,144,79,4,0,4,6373,8,2,0,0,0,0,0,0,60,lru,0,0,0,0,0,0,8,5,8,0,3,0,1,0,0,0,0,0,0,0,0,5701632,0,5701632,9,5807734445174405187,0,0,0,0,0,0,0,0
layer,12,0,11,138,decode,7,8,7,1,338,168,161,32,2,0,2,421,8,14,0,0,0,0,0,0,60,lru,0,0,0,0,0,0,8,7,8,0,1,0,0,0,0,0,0,0,0,0,0,1900544,0,1900544,3,9059665023185837923,0,0,0,0,0,0,0,0
layer,12,0,11,138,decode,8,8,8,0,0,0,174,0,0,0,0,21,8,2,0,0,0,0,0,0,60,lru,0,0,0,0,0,0,8,8,8,0,0,0,0,0,0,0,0,0,0,0,0,0,0,0,0,9584337223041354751,0,0,0,0,0,0,0,0
layer,12,0,11,138,decode,9,8,8,0,0,0,180,0,0,0,0,17,7,2,0,0,0,0,0,0,60,lru,0,0,0,0,0,0,8,8,8,0,0,0,0,0,0,0,0,0,0,0,0,0,0,0,0,17635141348441040057,0,0,0,0,0,0,0,0
layer,12,0,11,138,decode,10,8,7,1,311,172,144,22,1,0,1,370,8,3,0,0,0,0,0,0,60,lru,0,0,0,0,0,0,8,7,8,0,1,0,0,0,0,0,0,0,0,0,0,1900544,0,1900544,3,3049752565942236276,0,0,0,0,0,0,0,0
layer,12,0,11,138,decode,11,8,4,4,1689,493,158,93,2,0,2,1849,8,4,0,0,0,0,0,0,60,lru,0,0,0,0,0,0,8,4,8,0,4,0,0,0,0,0,0,0,0,0,0,7602176,0,7602176,12,4539629512384614638,0,0,0,0,0,0,0,0
layer,12,0,11,138,decode,12,8,7,1,320,206,153,43,1,0,1,439,8,35,0,0,0,0,0,0,60,lru,0,0,0,0,0,0,8,7,8,0,1,0,0,0,0,0,0,0,0,0,0,1900544,0,1900544,3,15495205941748032204,0,0,0,0,0,0,0,0
layer,12,0,11,138,decode,13,8,7,1,332,210,159,23,1,0,1,398,8,3,0,0,0,0,0,0,60,lru,0,0,0,0,0,0,8,7,8,0,1,0,0,0,0,0,0,0,0,0,0,1900544,0,1900544,3,2420161764345620667,0,0,0,0,0,0,0,0
layer,12,0,11,138,decode,14,8,8,0,0,0,160,0,0,0,0,19,8,2,0,0,0,0,0,0,60,lru,0,0,0,0,0,0,8,8,8,0,0,0,0,0,0,0,0,0,0,0,0,0,0,0,0,3110163408323819532,0,0,0,0,0,0,0,0
layer,12,0,11,138,decode,15,8,7,1,319,211,160,26,1,0,1,419,7,28,0,0,0,0,0,0,60,lru,0,0,0,0,0,0,8,7,8,0,1,0,0,0,0,0,0,0,0,0,0,1900544,0,1900544,3,752374720699047118,0,0,0,0,0,0,0,0
layer,12,0,11,138,decode,16,8,5,3,1000,458,152,72,2,0,2,1128,8,2,0,0,0,0,0,0,60,lru,0,0,0,0,0,0,8,5,8,0,3,0,0,0,0,0,0,0,0,0,0,5701632,0,5701632,9,330541059587125001,0,0,0,0,0,0,0,0
layer,12,0,11,138,decode,17,8,6,2,656,325,159,18,2,0,2,761,8,17,0,0,0,0,0,0,60,lru,0,0,0,0,0,0,8,6,8,0,2,0,0,0,0,0,0,0,0,0,0,3801088,0,3801088,6,695229829491849715,0,0,0,0,0,0,0,0
layer,12,0,11,138,decode,18,8,7,1,319,179,142,13,1,0,1,395,8,2,0,0,0,0,0,0,60,lru,0,0,0,0,0,0,8,7,8,0,1,0,0,0,0,0,0,0,0,0,0,1900544,0,1900544,3,14258693106952246754,0,0,0,0,0,0,0,0
layer,12,0,11,138,decode,19,8,6,2,823,303,160,39,2,0,2,916,8,3,0,0,0,0,0,0,60,lru,0,0,0,0,0,0,8,6,8,0,2,0,0,0,0,0,0,0,0,0,0,3801088,0,3801088,6,14762968802316151021,0,0,0,0,0,0,0,0
layer,12,0,11,138,decode,20,8,8,0,0,0,173,0,0,0,0,19,8,2,0,0,0,0,0,0,60,lru,0,0,0,0,0,0,8,8,8,0,0,0,0,0,0,0,0,0,0,0,0,0,0,0,0,13473855817300433707,0,0,0,0,0,0,0,0
layer,12,0,11,138,decode,21,8,7,1,316,157,159,29,1,0,1,389,8,3,0,0,0,0,0,0,60,lru,0,0,0,0,0,0,8,7,8,0,1,0,0,0,0,0,0,0,0,0,0,1900544,0,1900544,3,14008773866500702670,0,0,0,0,0,0,0,0
layer,12,0,11,138,decode,22,8,3,5,1797,691,142,119,2,0,2,1974,8,3,0,0,0,0,0,0,60,lru,0,0,0,0,0,0,8,3,8,0,5,0,0,0,0,0,0,0,0,0,0,9502720,0,9502720,15,14306507909075216808,0,0,0,0,0,0,0,0
layer,12,0,11,138,decode,23,8,4,4,1382,549,156,100,3,0,3,1570,8,15,0,0,0,0,0,0,60,lru,0,0,0,0,0,0,8,4,8,0,4,0,0,0,0,0,0,0,0,0,0,7602176,0,7602176,12,16172545035234477482,0,0,0,0,0,0,0,0
layer,12,0,11,138,decode,24,8,5,3,1147,409,152,85,2,0,2,1274,8,2,0,0,0,0,0,0,60,lru,0,0,0,0,0,0,8,5,8,0,3,0,0,0,0,0,0,0,0,0,0,5701632,0,5701632,9,7004085966657504098,0,0,0,0,0,0,0,0
layer,12,0,11,138,decode,25,8,4,4,1446,555,159,84,2,0,2,1620,8,12,0,0,0,0,0,0,60,lru,0,0,0,0,0,0,8,4,8,0,4,0,0,0,0,0,0,0,0,0,0,7602176,0,7602176,12,2373178049013238061,0,0,0,0,0,0,0,0
layer,12,0,11,138,decode,26,8,5,3,1052,412,141,91,2,0,2,1238,8,16,0,0,0,0,0,0,60,lru,0,0,0,0,0,0,8,5,8,0,3,0,0,0,0,0,0,0,0,0,0,5701632,0,5701632,9,10547415517827096547,0,0,0,0,0,0,0,0
layer,12,0,11,138,decode,27,8,5,3,2176,413,161,74,3,0,3,2330,8,7,0,0,0,0,0,0,60,lru,0,0,0,0,0,0,8,5,8,0,3,0,0,0,0,0,0,0,0,0,0,5701632,0,5701632,9,2953052275567158045,0,0,0,0,0,0,0,0
layer,12,0,11,138,decode,28,8,6,2,614,288,154,72,2,0,2,739,8,21,0,0,0,0,0,0,60,lru,0,0,0,0,0,0,8,6,8,0,2,0,0,0,0,0,0,0,0,0,0,3801088,0,3801088,6,4662998291842586357,0,0,0,0,0,0,0,0
layer,12,0,11,138,decode,29,8,7,1,335,176,159,10,1,0,1,394,7,2,0,0,0,0,0,0,60,lru,0,0,0,0,0,0,8,7,8,0,1,0,0,0,0,0,0,0,0,0,0,1900544,0,1900544,3,3497900685755670332,0,0,0,0,0,0,0,0
layer,12,0,11,138,decode,30,8,5,3,1162,417,142,77,2,0,2,1306,7,16,0,0,0,0,0,0,60,lru,0,0,0,0,0,0,8,5,8,0,3,0,0,0,0,0,0,0,0,0,0,5701632,0,5701632,9,563275370940070350,0,0,0,0,0,0,0,0
layer,12,0,11,138,decode,31,8,6,2,637,303,161,40,2,0,2,746,8,14,0,0,0,0,0,0,60,lru,0,0,0,0,0,0,8,6,8,0,2,0,0,0,0,0,0,0,0,0,0,3801088,0,3801088,6,16954764596290754365,0,0,0,0,0,0,0,0
layer,12,0,11,138,decode,32,8,6,2,723,312,154,70,2,0,2,836,8,12,0,0,0,0,0,0,60,lru,0,0,0,0,0,0,8,6,8,0,2,0,0,0,0,0,0,0,0,0,0,3801088,0,3801088,6,15729722731331330040,0,0,0,0,0,0,0,0
layer,12,0,11,138,decode,33,8,8,0,0,0,181,0,0,0,0,18,7,2,0,0,0,0,0,0,60,lru,0,0,0,0,0,0,8,8,8,0,0,0,0,0,0,0,0,0,0,0,0,0,0,0,0,1893070227974133027,0,0,0,0,0,0,0,0
layer,12,0,11,138,decode,34,8,5,3,1192,433,144,84,1,0,1,1316,7,2,0,0,0,0,0,0,60,lru,0,0,0,0,0,0,8,5,8,0,3,0,0,0,0,0,0,0,0,0,0,6119424,0,6119424,9,5604066476584550301,0,0,0,0,0,0,0,0
layer,12,0,11,138,decode,35,8,7,1,300,149,160,26,1,0,1,360,8,2,0,0,0,0,0,0,60,lru,0,0,0,0,0,0,8,7,8,0,1,0,0,0,0,0,0,0,0,0,0,1900544,0,1900544,3,3526371594911186599,0,0,0,0,0,0,0,0
layer,12,0,11,138,decode,36,8,7,1,348,172,154,22,1,0,1,416,10,2,0,0,0,0,0,0,60,lru,0,0,0,0,0,0,8,7,8,0,1,0,0,0,0,0,0,0,0,0,0,1900544,0,1900544,3,14851266979842628585,0,0,0,0,0,0,0,0
layer,12,0,11,138,decode,37,8,7,1,336,176,159,13,1,0,1,395,7,3,0,0,0,0,0,0,60,lru,0,0,0,0,0,0,8,7,8,0,1,0,0,0,0,0,0,0,0,0,0,1900544,0,1900544,3,3343422524409351015,0,0,0,0,0,0,0,0
layer,12,0,11,138,decode,38,8,7,1,1232,176,146,20,2,0,2,1290,8,3,0,0,0,0,0,0,60,lru,0,0,0,0,0,0,8,7,8,0,1,0,0,0,0,0,0,0,0,0,0,2039808,0,2039808,3,15340493040662021577,0,0,0,0,0,0,0,0
layer,12,0,11,138,decode,39,8,4,4,4353,560,674,100,2,0,2,4539,8,14,0,0,0,0,0,0,60,lru,0,0,0,0,0,0,8,4,8,0,4,0,1,0,0,0,0,0,0,0,0,8159232,0,8159232,12,1243765188256696683,0,0,0,0,0,0,0,0
request,12,0,11,0,decode,-1,0,0,0,0,0,0,0,0,0,0,0,0,0,0,0,0,0,0,0,0,,56639,553,0,0,16,0,0,0,0,0,0,0,0,0,0,0,0,0,0,0,0,0,0,0,0,0,0,0,0,0,0,0,0,0
layer,13,0,12,139,decode,0,8,5,3,1095,406,152,112,4,0,4,1254,10,18,0,0,0,0,0,0,60,lru,0,0,0,0,0,0,8,5,8,0,3,0,1,0,0,0,0,0,0,0,0,5701632,0,5701632,9,2804010877015530291,0,0,0,0,0,0,0,0
layer,13,0,12,139,decode,1,8,6,2,644,311,158,59,4,0,4,743,8,3,0,0,0,0,0,0,60,lru,0,0,0,0,0,0,8,6,8,0,2,0,1,0,0,0,0,0,0,0,0,3801088,0,3801088,6,4164039026231820360,0,0,0,0,0,0,0,0
layer,13,0,12,139,decode,2,8,5,3,1061,413,141,88,4,0,4,1187,8,3,0,0,0,0,0,0,60,lru,0,0,0,0,0,0,8,5,8,0,3,0,0,0,0,0,0,0,0,0,0,5701632,0,5701632,9,16993919656250510382,0,0,0,0,0,0,0,0
layer,13,0,12,139,decode,3,8,4,4,1366,551,157,107,3,0,3,1521,8,4,0,0,0,0,0,0,60,lru,0,0,0,0,0,0,8,4,8,0,4,0,1,0,0,0,0,0,0,0,0,7602176,0,7602176,12,1552387406335549968,0,0,0,0,0,0,0,0
layer,13,0,12,139,decode,4,8,7,1,537,167,154,16,2,0,2,598,7,3,0,0,0,0,0,0,60,lru,0,0,0,0,0,0,8,7,8,0,1,0,0,0,0,0,0,0,0,0,0,1900544,0,1900544,3,16776294665188527234,0,0,0,0,0,0,0,0
layer,13,0,12,139,decode,5,8,6,2,5861,308,160,58,3,0,3,5970,8,8,0,0,0,0,0,0,60,lru,0,0,0,0,0,0,8,6,8,0,2,0,0,0,0,0,0,0,0,0,0,3801088,0,3801088,6,292238580928992469,0,0,0,0,0,0,0,0
layer,13,0,12,139,decode,6,8,2,6,9600,886,140,260,3,0,3,9876,8,22,0,0,0,0,0,0,60,lru,0,0,0,0,0,0,8,2,8,0,6,0,0,0,0,0,0,0,0,0,0,11403264,0,11403264,18,9164662320920743098,0,0,0,0,0,0,0,0
layer,13,0,12,139,decode,7,8,3,5,12079,735,158,129,3,0,3,12330,8,32,0,0,0,0,0,0,60,lru,0,0,0,0,0,0,8,3,8,0,5,0,1,0,0,0,0,0,0,0,0,9502720,0,9502720,15,8363623220503140001,0,0,0,0,0,0,0,0
layer,13,0,12,139,decode,8,8,7,1,3870,160,154,14,3,0,3,3930,8,3,0,0,0,0,0,0,60,lru,0,0,0,0,0,0,8,7,8,0,1,0,1,0,0,0,0,0,0,0,0,1900544,0,1900544,3,5414371520695848725,0,0,0,0,0,0,0,0
layer,13,0,12,139,decode,9,8,8,0,0,0,179,0,0,0,0,20,8,2,0,0,0,0,0,0,60,lru,0,0,0,0,0,0,8,8,8,0,0,0,0,0,0,0,0,0,0,0,0,0,0,0,0,15742495314976161404,0,0,0,0,0,0,0,0
layer,13,0,12,139,decode,10,8,5,3,5600,402,142,71,2,0,2,5723,7,3,0,0,0,0,0,0,60,lru,0,0,0,0,0,0,8,5,8,0,3,0,0,0,0,0,0,0,0,0,0,5701632,0,5701632,9,17211525240165081981,0,0,0,0,0,0,0,0
layer,13,0,12,139,decode,11,8,7,1,317,153,159,14,2,0,2,394,8,17,0,0,0,0,0,0,60,lru,0,0,0,0,0,0,8,7,8,0,1,0,0,0,0,0,0,0,0,0,0,1900544,0,1900544,3,10921424590207672496,0,0,0,0,0,0,0,0
layer,13,0,12,139,decode,12,8,7,1,316,107,154,21,1,0,1,381,8,2,0,0,0,0,0,0,60,lru,0,0,0,0,0,0,8,7,8,0,1,0,0,0,0,0,0,0,0,0,0,1900544,0,1900544,3,5210724411706444136,0,0,0,0,0,0,0,0
layer,13,0,12,139,decode,13,8,7,1,5441,284,160,28,1,0,1,5528,8,13,0,0,0,0,0,0,60,lru,0,0,0,0,0,0,8,7,8,0,1,0,0,0,0,0,0,0,0,0,0,1900544,0,1900544,3,327674040332826121,0,0,0,0,0,0,0,0
layer,13,0,12,139,decode,14,8,8,0,0,0,160,0,0,0,0,18,8,2,0,0,0,0,0,0,60,lru,0,0,0,0,0,0,8,8,8,0,0,0,0,0,0,0,0,0,0,0,0,0,0,0,0,17414570282029139320,0,0,0,0,0,0,0,0
layer,13,0,12,139,decode,15,8,6,2,827,278,159,45,2,0,2,932,7,9,0,0,0,0,0,0,60,lru,0,0,0,0,0,0,8,6,8,0,2,0,0,0,0,0,0,0,0,0,0,3801088,0,3801088,6,15160681020633209173,0,0,0,0,0,0,0,0
layer,13,0,12,139,decode,16,8,8,0,0,0,173,0,0,0,0,19,8,2,0,0,0,0,0,0,60,lru,0,0,0,0,0,0,8,8,8,0,0,0,0,0,0,0,0,0,0,0,0,0,0,0,0,13784008458887917170,0,0,0,0,0,0,0,0
layer,13,0,12,139,decode,17,8,5,3,6235,392,160,56,2,0,2,6370,7,2,0,0,0,0,0,0,60,lru,0,0,0,0,0,0,8,5,8,0,3,0,0,0,0,0,0,0,0,0,0,5701632,0,5701632,9,15928952453164602048,0,0,0,0,0,0,0,0
layer,13,0,12,139,decode,18,8,7,1,390,163,143,9,1,0,1,451,8,3,0,0,0,0,0,0,60,lru,0,0,0,0,0,0,8,7,8,0,1,0,0,0,0,0,0,0,0,0,0,1900544,0,1900544,3,11659428428476558616,0,0,0,0,0,0,0,0
layer,13,0,12,139,decode,19,8,8,0,0,0,182,0,0,0,0,18,8,2,0,0,0,0,0,0,60,lru,0,0,0,0,0,0,8,8,8,0,0,0,0,0,0,0,0,0,0,0,0,0,0,0,0,609660565103615947,0,0,0,0,0,0,0,0
layer,13,0,12,139,decode,20,8,8,0,0,0,173,0,0,0,0,16,7,2,0,0,0,0,0,0,60,lru,0,0,0,0,0,0,8,8,8,0,0,0,0,0,0,0,0,0,0,0,0,0,0,0,0,18219991349954946227,0,0,0,0,0,0,0,0
layer,13,0,12,139,decode,21,8,8,0,0,0,179,0,0,0,0,16,7,2,0,0,0,0,0,0,60,lru,0,0,0,0,0,0,8,8,8,0,0,0,0,0,0,0,0,0,0,0,0,0,0,0,0,5742466552264759791,0,0,0,0,0,0,0,0
layer,13,0,12,139,decode,22,8,7,1,382,168,145,32,1,0,1,446,7,3,0,0,0,0,0,0,60,lru,0,0,0,0,0,0,8,7,8,0,1,0,0,0,0,0,0,0,0,0,0,1900544,0,1900544,3,9685647531861219141,0,0,0,0,0,0,0,0
layer,13,0,12,139,decode,23,8,6,2,659,298,158,50,2,0,2,752,8,2,0,0,0,0,0,0,60,lru,0,0,0,0,0,0,8,6,8,0,2,0,0,0,0,0,0,0,0,0,0,3801088,0,3801088,6,462001347945694075,0,0,0,0,0,0,0,0
layer,13,0,12,139,decode,24,8,4,4,6044,561,152,122,2,0,2,6204,8,4,0,0,0,0,0,0,60,lru,0,0,0,0,0,0,8,4,8,0,4,0,0,0,0,0,0,0,0,0,0,7602176,0,7602176,12,18231518466997388079,0,0,0,0,0,0,0,0
layer,13,0,12,139,decode,25,8,8,0,0,0,181,0,0,0,0,18,8,2,0,0,0,0,0,0,60,lru,0,0,0,0,0,0,8,8,8,0,0,0,1,0,0,0,0,0,0,0,0,0,0,0,0,4098309912790802236,0,0,0,0,0,0,0,0
layer,13,0,12,139,decode,26,8,5,3,1202,432,141,112,2,0,2,1369,8,15,0,0,0,0,0,0,60,lru,0,0,0,0,0,0,8,5,8,0,3,0,0,0,0,0,0,0,0,0,0,5701632,0,5701632,9,17966728721570792965,0,0,0,0,0,0,0,0
layer,13,0,12,139,decode,27,8,5,3,969,398,165,94,3,0,3,1150,7,19,0,0,0,0,0,0,60,lru,0,0,0,0,0,0,8,5,8,0,3,0,0,0,0,0,0,0,0,0,0,5701632,0,5701632,9,17899475511964723300,0,0,0,0,0,0,0,0
layer,13,0,12,139,decode,28,8,5,3,3980,414,152,84,2,0,2,4141,8,15,0,0,0,0,0,0,60,lru,0,0,0,0,0,0,8,5,8,0,3,0,2,0,0,0,0,0,0,0,0,5701632,0,5701632,9,5064137795944651370,0,0,0,0,0,0,0,0
layer,13,0,12,139,decode,29,8,4,4,1780,548,157,87,2,0,2,1940,8,3,0,0,0,0,0,0,60,lru,0,0,0,0,0,0,8,4,8,0,4,0,0,0,0,0,0,0,0,0,0,7602176,0,7602176,12,5767031542529631063,0,0,0,0,0,0,0,0
layer,13,0,12,139,decode,30,8,3,5,1899,691,140,174,2,0,2,2132,8,5,0,0,0,0,0,0,60,lru,0,0,0,0,0,0,8,3,8,0,5,0,0,0,0,0,0,0,0,0,0,9502720,0,9502720,15,11809865416701682763,0,0,0,0,0,0,0,0
layer,13,0,12,139,decode,31,8,4,4,1550,518,159,94,1,0,1,1730,9,20,0,0,0,0,0,0,60,lru,0,0,0,0,0,0,8,4,8,0,4,0,1,0,0,0,0,0,0,0,0,7602176,0,7602176,12,14042410131620984044,0,0,0,0,0,0,0,0
layer,13,0,12,139,decode,32,8,2,6,3875,859,152,220,2,0,2,4174,8,18,0,0,0,0,0,0,60,lru,0,0,0,0,0,0,8,2,8,0,6,0,0,0,0,0,0,0,0,0,0,11403264,0,11403264,18,12297846045545875557,0,0,0,0,0,0,0,0
layer,13,0,12,139,decode,33,8,4,4,1861,560,155,139,2,0,2,2052,7,26,0,0,0,0,0,0,60,lru,0,0,0,0,0,0,8,4,8,0,4,0,1,0,0,0,0,0,0,0,0,7602176,0,7602176,12,11012983270231913751,0,0,0,0,0,0,0,0
layer,13,0,12,139,decode,34,8,5,3,1888,452,144,81,2,0,2,2010,8,2,0,0,0,0,0,0,60,lru,0,0,0,0,0,0,8,5,8,0,3,0,0,0,0,0,0,0,0,0,0,6119424,0,6119424,9,10891250939482263457,0,0,0,0,0,0,0,0
layer,13,0,12,139,decode,35,8,3,5,1896,713,156,155,2,0,2,2139,8,18,0,0,0,0,0,0,60,lru,0,0,0,0,0,0,8,3,8,0,5,0,1,0,0,0,0,0,0,0,0,9502720,0,9502720,15,7072073199939998921,0,0,0,0,0,0,0,0
layer,13,0,12,139,decode,36,8,3,5,6960,814,151,158,2,0,2,7169,8,2,0,0,0,0,0,0,60,lru,0,0,0,0,0,0,8,3,8,0,5,0,1,0,0,0,0,0,0,0,0,9502720,0,9502720,15,14271462306676010264,0,0,0,0,0,0,0,0
layer,13,0,12,139,decode,37,8,4,4,1552,584,158,92,2,0,2,1709,8,4,0,0,0,0,0,0,60,lru,0,0,0,0,0,0,8,4,8,0,4,0,1,0,0,0,0,0,0,0,0,7602176,0,7602176,12,13994197558201529847,0,0,0,0,0,0,0,0
layer,13,0,12,139,decode,38,8,2,6,3468,856,139,190,2,0,2,3729,9,20,0,0,0,0,0,0,60,lru,0,0,0,0,0,0,8,2,8,0,6,0,1,0,0,0,0,0,0,0,0,12238848,0,12238848,18,13906595216178974287,0,0,0,0,0,0,0,0
layer,13,0,12,139,decode,39,8,2,6,2590,851,674,146,3,0,3,2831,8,3,0,0,0,0,0,0,60,lru,0,0,0,0,0,0,8,2,8,0,6,0,1,0,0,0,0,0,0,0,0,12238848,0,12238848,18,3091998757089317231,0,0,0,0,0,0,0,0
request,13,0,12,0,decode,-1,0,0,0,0,0,0,0,0,0,0,0,0,0,0,0,0,0,0,0,0,,113233,698,0,0,19,0,0,0,0,0,0,0,0,0,0,0,0,0,0,0,0,0,0,0,0,0,0,0,0,0,0,0,0,0
layer,14,0,13,140,decode,0,8,1,7,2664,970,150,192,4,0,4,2933,10,4,0,0,0,0,0,0,60,lru,0,0,0,0,0,0,8,1,8,0,7,0,1,0,0,0,0,0,0,0,0,13303808,0,13303808,21,15280028923184617226,0,0,0,0,0,0,0,0
layer,14,0,13,140,decode,1,8,1,7,2552,956,154,190,4,0,4,2814,8,5,0,0,0,0,0,0,60,lru,0,0,0,0,0,0,8,1,8,0,7,0,1,0,0,0,0,0,0,0,0,13303808,0,13303808,21,12901736562199331635,0,0,0,0,0,0,0,0
layer,14,0,13,140,decode,2,8,2,6,2412,982,139,289,4,0,4,2740,8,19,0,0,0,0,0,0,60,lru,0,0,0,0,0,0,8,2,8,0,6,0,1,0,0,0,0,0,0,0,0,11403264,0,11403264,18,10988943446382415439,0,0,0,0,0,0,0,0
layer,14,0,13,140,decode,3,8,5,3,1150,509,159,91,3,0,3,1313,8,5,0,0,0,0,0,0,60,lru,0,0,0,0,0,0,8,5,8,0,3,0,1,0,0,0,0,0,0,0,0,5701632,0,5701632,9,1272460082236187534,0,0,0,0,0,0,0,0
layer,14,0,13,140,decode,4,8,8,0,0,0,175,0,0,0,0,24,8,2,0,0,0,0,0,0,60,lru,0,0,0,0,0,0,8,8,8,0,0,0,1,0,0,0,0,0,0,0,0,0,0,0,0,14476683415071941968,0,0,0,0,0,0,0,0
layer,14,0,13,140,decode,5,8,6,2,748,344,156,115,3,0,3,909,8,15,0,0,0,0,0,0,60,lru,0,0,0,0,0,0,8,6,8,0,2,0,0,0,0,0,0,0,0,0,0,3801088,0,3801088,6,12673474244578503819,0,0,0,0,0,0,0,0
layer,14,0,13,140,decode,6,8,7,1,381,193,145,22,3,0,3,459,8,4,0,0,0,0,0,0,60,lru,0,0,0,0,0,0,8,7,8,0,1,0,1,0,0,0,0,0,0,0,0,1900544,0,1900544,3,15127955982194388276,0,0,0,0,0,0,0,0
layer,14,0,13,140,decode,7,8,8,0,0,0,181,0,0,0,0,20,8,2,0,0,0,0,0,0,60,lru,0,0,0,0,0,0,8,8,8,0,0,0,0,0,0,0,0,0,0,0,0,0,0,0,0,11280854206924731263,0,0,0,0,0,0,0,0
layer,14,0,13,140,decode,8,8,8,0,0,0,174,0,0,0,0,18,8,2,0,0,0,0,0,0,60,lru,0,0,0,0,0,0,8,8,8,0,0,0,0,0,0,0,0,0,0,0,0,0,0,0,0,2402118112520071846,0,0,0,0,0,0,0,0
layer,14,0,13,140,decode,9,8,7,1,350,204,160,24,1,0,1,417,7,5,0,0,0,0,0,0,60,lru,0,0,0,0,0,0,8,7,8,0,1,0,0,0,0,0,0,0,0,0,0,1900544,0,1900544,3,14216046793262966003,0,0,0,0,0,0,0,0
layer,14,0,13,140,decode,10,8,6,2,700,333,143,80,2,0,2,803,9,3,0,0,0,0,0,0,60,lru,0,0,0,0,0,0,8,6,8,0,2,0,0,0,0,0,0,0,0,0,0,3801088,0,3801088,6,1269643723927798447,0,0,0,0,0,0,0,0
layer,14,0,13,140,decode,11,8,8,0,0,0,181,0,0,0,0,18,8,2,0,0,0,0,0,0,60,lru,0,0,0,0,0,0,8,8,8,0,0,0,0,0,0,0,0,0,0,0,0,0,0,0,0,16506955184308949677,0,0,0,0,0,0,0,0
layer,14,0,13,140,decode,12,8,7,1,345,201,154,18,1,0,1,418,7,4,0,0,0,0,0,0,60,lru,0,0,0,0,0,0,8,7,8,0,1,0,0,0,0,0,0,0,0,0,0,1900544,0,1900544,3,9172090364860553648,0,0,0,0,0,0,0,0
layer,14,0,13,140,decode,13,8,8,0,0,0,179,0,0,0,0,18,8,2,0,0,0,0,0,0,60,lru,0,0,0,0,0,0,8,8,8,0,0,0,0,0,0,0,0,0,0,0,0,0,0,0,0,16433790659568587523,0,0,0,0,0,0,0,0
layer,14,0,13,140,decode,14,8,7,1,362,199,145,48,1,0,1,470,7,15,0,0,0,0,0,0,60,lru,0,0,0,0,0,0,8,7,8,0,1,0,0,0,0,0,0,0,0,0,0,1900544,0,1900544,3,5187759903786586547,0,0,0,0,0,0,0,0
layer,14,0,13,140,decode,15,8,8,0,0,0,179,0,0,0,0,18,8,2,0,0,0,0,0,0,60,lru,0,0,0,0,0,0,8,8,8,0,0,0,0,0,0,0,0,0,0,0,0,0,0,0,0,2532699017079394266,0,0,0,0,0,0,0,0
layer,14,0,13,140,decode,16,8,8,0,0,0,173,0,0,0,0,17,8,2,0,0,0,0,0,0,60,lru,0,0,0,0,0,0,8,8,8,0,0,0,0,0,0,0,0,0,0,0,0,0,0,0,0,1619866158111731426,0,0,0,0,0,0,0,0
layer,14,0,13,140,decode,17,8,6,2,819,426,160,73,2,0,2,957,7,18,0,0,0,0,0,0,60,lru,0,0,0,0,0,0,8,6,8,0,2,0,0,0,0,0,0,0,0,0,0,3801088,0,3801088,6,6895829676041732596,0,0,0,0,0,0,0,0
layer,14,0,13,140,decode,18,8,7,1,417,240,143,21,1,0,1,505,8,14,0,0,0,0,0,0,60,lru,0,0,0,0,0,0,8,7,8,0,1,0,1,0,0,0,0,0,0,0,0,1900544,0,1900544,3,5637636799815906960,0,0,0,0,0,0,0,0
layer,14,0,13,140,decode,19,8,8,0,0,0,179,0,0,0,0,18,7,2,0,0,0,0,0,0,60,lru,0,0,0,0,0,0,8,8,8,0,0,0,0,0,0,0,0,0,0,0,0,0,0,0,0,952374718631708536,0,0,0,0,0,0,0,0
layer,14,0,13,140,decode,20,8,8,0,0,0,172,0,0,0,0,16,7,2,0,0,0,0,0,0,60,lru,0,0,0,0,0,0,8,8,8,0,0,0,0,0,0,0,0,0,0,0,0,0,0,0,0,8477839570601519233,0,0,0,0,0,0,0,0
layer,14,0,13,140,decode,21,8,8,0,0,0,178,0,0,0,0,16,7,2,0,0,0,0,0,0,60,lru,0,0,0,0,0,0,8,8,8,0,0,0,0,0,0,0,0,0,0,0,0,0,0,0,0,6454789373194912805,0,0,0,0,0,0,0,0
layer,14,0,13,140,decode,22,8,8,0,0,0,158,0,0,0,0,16,7,2,0,0,0,0,0,0,60,lru,0,0,0,0,0,0,8,8,8,0,0,0,0,0,0,0,0,0,0,0,0,0,0,0,0,14472372796787599687,0,0,0,0,0,0,0,0
layer,14,0,13,140,decode,23,8,7,1,398,221,160,53,2,0,2,503,8,17,0,0,0,0,0,0,60,lru,0,0,0,0,0,0,8,7,8,0,1,0,0,0,0,0,0,0,0,0,0,1900544,0,1900544,3,5342606016296794036,0,0,0,0,0,0,0,0
layer,14,0,13,140,decode,24,8,7,1,412,232,157,19,1,0,1,491,8,5,0,0,0,0,0,0,60,lru,0,0,0,0,0,0,8,7,8,0,1,0,0,0,0,0,0,0,0,0,0,1900544,0,1900544,3,11644509747874091244,0,0,0,0,0,0,0,0
layer,14,0,13,140,decode,25,8,8,0,0,0,179,0,0,0,0,18,8,2,0,0,0,0,0,0,60,lru,0,0,0,0,0,0,8,8,8,0,0,0,0,0,0,0,0,0,0,0,0,0,0,0,0,10391737433996005101,0,0,0,0,0,0,0,0
layer,14,0,13,140,decode,26,8,8,0,0,0,158,0,0,0,0,16,7,2,0,0,0,0,0,0,60,lru,0,0,0,0,0,0,8,8,8,0,0,0,0,0,0,0,0,0,0,0,0,0,0,0,0,12149351643486310314,0,0,0,0,0,0,0,0
layer,14,0,13,140,decode,27,8,7,1,457,225,161,64,2,0,2,568,7,22,0,0,0,0,0,0,60,lru,0,0,0,0,0,0,8,7,8,0,1,0,0,0,0,0,0,0,0,0,0,1900544,0,1900544,3,1848399290460018099,0,0,0,0,0,0,0,0
layer,14,0,13,140,decode,28,8,6,2,5706,433,153,46,2,0,2,5795,8,2,0,0,0,0,0,0,60,lru,0,0,0,0,0,0,8,6,8,0,2,0,0,0,0,0,0,0,0,0,0,3801088,0,3801088,6,5501914046783836097,0,0,0,0,0,0,0,0
layer,14,0,13,140,decode,29,8,6,2,6573,317,160,51,3,0,3,6676,9,5,0,0,0,0,0,0,60,lru,0,0,0,0,0,0,8,6,8,0,2,0,1,0,0,0,0,0,0,0,0,3801088,0,3801088,6,12036821615571551951,0,0,0,0,0,0,0,0
layer,14,0,13,140,decode,30,8,7,1,327,177,143,23,1,0,1,389,8,3,0,0,0,0,0,0,60,lru,0,0,0,0,0,0,8,7,8,0,1,0,1,0,0,0,0,0,0,0,0,1900544,0,1900544,3,4016429110848371030,0,0,0,0,0,0,0,0
layer,14,0,13,140,decode,31,8,5,3,1205,411,159,75,2,0,2,1343,8,5,0,0,0,0,0,0,60,lru,0,0,0,0,0,0,8,5,8,0,3,0,0,0,0,0,0,0,0,0,0,5701632,0,5701632,9,9618375034516897982,0,0,0,0,0,0,0,0
layer,14,0,13,140,decode,32,8,5,3,1123,412,153,67,1,0,1,1279,8,15,0,0,0,0,0,0,60,lru,0,0,0,0,0,0,8,5,8,0,3,0,0,0,0,0,0,0,0,0,0,5701632,0,5701632,9,17246270550419885214,0,0,0,0,0,0,0,0
layer,14,0,13,140,decode,33,8,8,0,0,0,179,0,0,0,0,17,7,2,0,0,0,0,0,0,60,lru,0,0,0,0,0,0,8,8,8,0,0,0,0,0,0,0,0,0,0,0,0,0,0,0,0,928382752092163610,0,0,0,0,0,0,0,0
layer,14,0,13,140,decode,34,8,6,2,796,303,143,54,2,0,2,890,7,3,0,0,0,0,0,0,60,lru,0,0,0,0,0,0,8,6,8,0,2,0,0,0,0,0,0,0,0,0,0,4079616,0,4079616,6,4711119780509730466,0,0,0,0,0,0,0,0
layer,14,0,13,140,decode,35,8,6,2,742,277,158,43,2,0,2,832,8,3,0,0,0,0,0,0,60,lru,0,0,0,0,0,0,8,6,8,0,2,0,1,0,0,0,0,0,0,0,0,3801088,0,3801088,6,3981057481238878642,0,0,0,0,0,0,0,0
layer,14,0,13,140,decode,36,8,8,0,0,0,178,0,0,0,0,17,7,2,0,0,0,0,0,0,60,lru,0,0,0,0,0,0,8,8,8,0,0,0,0,0,0,0,0,0,0,0,0,0,0,0,0,7062774805978062166,0,0,0,0,0,0,0,0
layer,14,0,13,140,decode,37,8,8,0,0,0,181,0,0,0,0,17,7,2,0,0,0,0,0,0,60,lru,0,0,0,0,0,0,8,8,8,0,0,0,0,0,0,0,0,0,0,0,0,0,0,0,0,13259463674230884970,0,0,0,0,0,0,0,0
layer,14,0,13,140,decode,38,8,8,0,0,0,162,0,0,0,0,17,8,2,0,0,0,0,0,0,60,lru,0,0,0,0,0,0,8,8,8,0,0,0,0,0,0,0,0,0,0,0,0,0,0,0,0,14761068292438913531,0,0,0,0,0,0,0,0
layer,14,0,13,140,decode,39,8,7,1,338,188,676,57,1,0,1,466,7,32,0,0,0,0,0,0,60,lru,0,0,0,0,0,0,8,7,8,0,1,0,0,0,0,0,0,0,0,0,0,2039808,0,2039808,3,13135001648053844594,0,0,0,0,0,0,0,0
request,14,0,13,0,decode,-1,0,0,0,0,0,0,0,0,0,0,0,0,0,0,0,0,0,0,0,0,,43603,472,0,0,14,0,0,0,0,0,0,0,0,0,0,0,0,0,0,0,0,0,0,0,0,0,0,0,0,0,0,0,0,0
layer,15,0,14,141,decode,0,8,5,3,1073,397,153,86,4,0,4,1251,10,32,0,0,0,0,0,0,60,lru,0,0,0,0,0,0,8,5,8,0,3,0,1,0,0,0,0,0,0,0,0,5701632,0,5701632,9,15170377481002586248,0,0,0,0,0,0,0,0
layer,15,0,14,141,decode,1,8,4,4,1434,543,157,152,4,0,4,1646,8,15,0,0,0,0,0,0,60,lru,0,0,0,0,0,0,8,4,8,0,4,0,1,0,0,0,0,0,0,0,0,7602176,0,7602176,12,16272717110560352396,0,0,0,0,0,0,0,0
layer,15,0,14,141,decode,2,8,5,3,1054,447,142,69,4,0,4,1181,8,3,0,0,0,0,0,0,60,lru,0,0,0,0,0,0,8,5,8,0,3,0,1,0,0,0,0,0,0,0,0,5701632,0,5701632,9,2265699898249433395,0,0,0,0,0,0,0,0
layer,15,0,14,141,decode,3,8,6,2,670,289,159,32,4,0,4,802,7,18,0,0,0,0,0,0,60,lru,0,0,0,0,0,0,8,6,8,0,2,0,0,0,0,0,0,0,0,0,0,3801088,0,3801088,6,1817477290145278755,0,0,0,0,0,0,0,0
layer,15,0,14,141,decode,4,8,8,0,0,0,175,0,0,0,0,19,8,2,0,0,0,0,0,0,60,lru,0,0,0,0,0,0,8,8,8,0,0,0,1,0,0,0,0,0,0,0,0,0,0,0,0,10477180718409998166,0,0,0,0,0,0,0,0
layer,15,0,14,141,decode,5,8,6,2,682,290,157,26,4,0,4,794,7,15,0,0,0,0,0,0,60,lru,0,0,0,0,0,0,8,6,8,0,2,0,0,0,0,0,0,0,0,0,0,3801088,0,3801088,6,1768288256441977504,0,0,0,0,0,0,0,0
layer,15,0,14,141,decode,6,8,8,0,0,0,160,0,0,0,0,20,8,2,0,0,0,0,0,0,60,lru,0,0,0,0,0,0,8,8,8,0,0,0,0,0,0,0,0,0,0,0,0,0,0,0,0,17953409902936400394,0,0,0,0,0,0,0,0
layer,15,0,14,141,decode,7,8,7,1,316,174,161,14,3,0,3,376,7,2,0,0,0,0,0,0,60,lru,0,0,0,0,0,0,8,7,8,0,1,0,0,0,0,0,0,0,0,0,0,1900544,0,1900544,3,14278067823657321929,0,0,0,0,0,0,0,0
layer,15,0,14,141,decode,8,8,7,1,476,174,154,21,3,0,3,560,8,15,0,0,0,0,0,0,60,lru,0,0,0,0,0,0,8,7,8,0,1,0,0,0,0,0,0,0,0,0,0,1900544,0,1900544,3,9333375128344326688,0,0,0,0,0,0,0,0
layer,15,0,14,141,decode,9,8,8,0,0,0,179,0,0,0,0,18,8,2,0,0,0,0,0,0,60,lru,0,0,0,0,0,0,8,8,8,0,0,0,0,0,0,0,0,0,0,0,0,0,0,0,0,16529854387703937384,0,0,0,0,0,0,0,0
layer,15,0,14,141,decode,10,8,8,0,0,0,159,0,0,0,0,16,7,2,0,0,0,0,0,0,60,lru,0,0,0,0,0,0,8,8,8,0,0,0,0,0,0,0,0,0,0,0,0,0,0,0,0,13638139284505042292,0,0,0,0,0,0,0,0
layer,15,0,14,141,decode,11,8,7,1,4324,247,160,44,2,0,2,4441,8,28,0,0,0,0,0,0,60,lru,0,0,0,0,0,0,8,7,8,0,1,0,0,0,0,0,0,0,0,0,0,1900544,0,1900544,3,3867131792714113769,0,0,0,0,0,0,0,0
layer,15,0,14,141,decode,12,8,7,1,319,178,154,15,1,0,1,379,8,3,0,0,0,0,0,0,60,lru,0,0,0,0,0,0,8,7,8,0,1,0,0,0,0,0,0,0,0,0,0,1900544,0,1900544,3,14296334464204970515,0,0,0,0,0,0,0,0
layer,15,0,14,141,decode,13,8,8,0,0,0,180,0,0,0,0,18,8,2,0,0,0,0,0,0,60,lru,0,0,0,0,0,0,8,8,8,0,0,0,0,0,0,0,0,0,0,0,0,0,0,0,0,13757710437081215841,0,0,0,0,0,0,0,0
layer,15,0,14,141,decode,14,8,7,1,318,176,143,17,1,0,1,375,7,2,0,0,0,0,0,0,60,lru,0,0,0,0,0,0,8,7,8,0,1,0,0,0,0,0,0,0,0,0,0,1900544,0,1900544,3,3030185346388344679,0,0,0,0,0,0,0,0
layer,15,0,14,141,decode,15,8,6,2,643,307,160,42,2,0,2,732,8,3,0,0,0,0,0,0,60,lru,0,0,0,0,0,0,8,6,8,0,2,0,0,0,0,0,0,0,0,0,0,3801088,0,3801088,6,11997874465466029421,0,0,0,0,0,0,0,0
layer,15,0,14,141,decode,16,8,8,0,0,0,175,0,0,0,0,18,7,2,0,0,0,0,0,0,60,lru,0,0,0,0,0,0,8,8,8,0,0,0,0,0,0,0,0,0,0,0,0,0,0,0,0,14435425603913083254,0,0,0,0,0,0,0,0
layer,15,0,14,141,decode,17,8,8,0,0,0,179,0,0,0,0,17,8,2,0,0,0,0,0,0,60,lru,0,0,0,0,0,0,8,8,8,0,0,0,0,0,0,0,0,0,0,0,0,0,0,0,0,4907243752186059368,0,0,0,0,0,0,0,0
layer,15,0,14,141,decode,18,8,7,1,326,184,143,9,1,0,1,385,7,3,0,0,0,0,0,0,60,lru,0,0,0,0,0,0,8,7,8,0,1,0,0,0,0,0,0,0,0,0,0,1900544,0,1900544,3,16322247918087224416,0,0,0,0,0,0,0,0
layer,15,0,14,141,decode,19,8,6,2,640,291,160,57,2,0,2,757,8,15,0,0,0,0,0,0,60,lru,0,0,0,0,0,0,8,6,8,0,2,0,0,0,0,0,0,0,0,0,0,3801088,0,3801088,6,141142743313256166,0,0,0,0,0,0,0,0
layer,15,0,14,141,decode,20,8,8,0,0,0,174,0,0,0,0,18,8,2,0,0,0,0,0,0,60,lru,0,0,0,0,0,0,8,8,8,0,0,0,1,0,0,0,0,0,0,0,0,0,0,0,0,4762125438399218955,0,0,0,0,0,0,0,0
layer,15,0,14,141,decode,21,8,7,1,5486,228,159,25,1,0,1,5584,7,16,0,0,0,0,0,0,60,lru,0,0,0,0,0,0,8,7,8,0,1,0,0,0,0,0,0,0,0,0,0,1900544,0,1900544,3,7340694560285815243,0,0,0,0,0,0,0,0
layer,15,0,14,141,decode,22,8,7,1,380,158,143,7,1,0,1,450,8,2,0,0,0,0,0,0,60,lru,0,0,0,0,0,0,8,7,8,0,1,0,0,0,0,0,0,0,0,0,0,1900544,0,1900544,3,13953141511669370660,0,0,0,0,0,0,0,0
layer,15,0,14,141,decode,23,8,7,1,345,165,159,34,2,0,2,425,8,14,0,0,0,0,0,0,60,lru,0,0,0,0,0,0,8,7,8,0,1,0,0,0,0,0,0,0,0,0,0,1900544,0,1900544,3,4710333689400086742,0,0,0,0,0,0,0,0
layer,15,0,14,141,decode,24,8,8,0,0,0,173,0,0,0,0,18,8,2,0,0,0,0,0,0,60,lru,0,0,0,0,0,0,8,8,8,0,0,0,0,0,0,0,0,0,0,0,0,0,0,0,0,714282391738309167,0,0,0,0,0,0,0,0
layer,15,0,14,141,decode,25,8,8,0,0,0,180,0,0,0,0,16,7,2,0,0,0,0,0,0,60,lru,0,0,0,0,0,0,8,8,8,0,0,0,0,0,0,0,0,0,0,0,0,0,0,0,0,11174499256408956425,0,0,0,0,0,0,0,0
layer,15,0,14,141,decode,26,8,8,0,0,0,158,0,0,0,0,16,7,2,0,0,0,0,0,0,60,lru,0,0,0,0,0,0,8,8,8,0,0,0,0,0,0,0,0,0,0,0,0,0,0,0,0,17533145936259965263,0,0,0,0,0,0,0,0
layer,15,0,14,141,decode,27,8,6,2,8108,415,159,40,1,0,1,8205,9,3,0,0,0,0,0,0,60,lru,0,0,0,0,0,0,8,6,8,0,2,0,0,0,0,0,0,0,0,0,0,3801088,0,3801088,6,7737305617644716882,0,0,0,0,0,0,0,0
layer,15,0,14,141,decode,28,8,6,2,880,291,153,41,2,0,2,1007,7,15,0,0,0,0,0,0,60,lru,0,0,0,0,0,0,8,6,8,0,2,0,0,0,0,0,0,0,0,0,0,3801088,0,3801088,6,5339647326299172940,0,0,0,0,0,0,0,0
layer,15,0,14,141,decode,29,8,7,1,707,162,160,14,1,0,1,767,8,2,0,0,0,0,0,0,60,lru,0,0,0,0,0,0,8,7,8,0,1,0,0,0,0,0,0,0,0,0,0,1900544,0,1900544,3,10373591174722064348,0,0,0,0,0,0,0,0
layer,15,0,14,141,decode,30,8,7,1,318,168,142,21,2,0,2,381,8,3,0,0,0,0,0,0,60,lru,0,0,0,0,0,0,8,7,8,0,1,0,0,0,0,0,0,0,0,0,0,1900544,0,1900544,3,1050583701547396169,0,0,0,0,0,0,0,0
layer,15,0,14,141,decode,31,8,8,0,0,0,180,0,0,0,0,19,8,2,0,0,0,0,0,0,60,lru,0,0,0,0,0,0,8,8,8,0,0,0,1,0,0,0,0,0,0,0,0,0,0,0,0,17434613014746530131,0,0,0,0,0,0,0,0
layer,15,0,14,141,decode,32,8,7,1,355,141,153,12,1,0,1,411,8,3,0,0,0,0,0,0,60,lru,0,0,0,0,0,0,8,7,8,0,1,0,0,0,0,0,0,0,0,0,0,1900544,0,1900544,3,13186789547137445276,0,0,0,0,0,0,0,0
layer,15,0,14,141,decode,33,8,7,1,352,171,160,25,1,0,1,411,8,3,0,0,0,0,0,0,60,lru,0,0,0,0,0,0,8,7,8,0,1,0,0,0,0,0,0,0,0,0,0,1900544,0,1900544,3,2100105494575535508,0,0,0,0,0,0,0,0
layer,15,0,14,141,decode,34,8,8,0,0,0,164,0,0,0,0,18,8,2,0,0,0,0,0,0,60,lru,0,0,0,0,0,0,8,8,8,0,0,0,0,0,0,0,0,0,0,0,0,0,0,0,0,931750596450330415,0,0,0,0,0,0,0,0
layer,15,0,14,141,decode,35,8,6,2,934,282,159,30,2,0,2,1059,7,28,0,0,0,0,0,0,60,lru,0,0,0,0,0,0,8,6,8,0,2,0,0,0,0,0,0,0,0,0,0,3801088,0,3801088,6,6897211952608265178,0,0,0,0,0,0,0,0
layer,15,0,14,141,decode,36,8,7,1,6822,347,153,14,1,0,1,6896,8,2,0,0,0,0,0,0,60,lru,0,0,0,0,0,0,8,7,8,0,1,0,0,0,0,0,0,0,0,0,0,1900544,0,1900544,3,993932240940489099,0,0,0,0,0,0,0,0
layer,15,0,14,141,decode,37,8,7,1,412,174,159,22,1,0,1,474,8,2,0,0,0,0,0,0,60,lru,0,0,0,0,0,0,8,7,8,0,1,0,0,0,0,0,0,0,0,0,0,1900544,0,1900544,3,1975617653437054409,0,0,0,0,0,0,0,0
layer,15,0,14,141,decode,38,8,4,4,5106,567,142,125,2,0,2,5296,7,16,0,0,0,0,0,0,60,lru,0,0,0,0,0,0,8,4,8,0,4,0,0,0,0,0,0,0,0,0,0,8159232,0,8159232,12,16475875082708933767,0,0,0,0,0,0,0,0
layer,15,0,14,141,decode,39,8,7,1,411,182,675,26,1,0,1,479,8,2,0,0,0,0,0,0,60,lru,0,0,0,0,0,0,8,7,8,0,1,0,0,0,0,0,0,0,0,0,0,2039808,0,2039808,3,1034521361195915103,0,0,0,0,0,0,0,0
request,15,0,14,0,decode,-1,0,0,0,0,0,0,0,0,0,0,0,0,0,0,0,0,0,0,0,0,,55190,431,0,0,13,0,0,0,0,0,0,0,0,0,0,0,0,0,0,0,0,0,0,0,0,0,0,0,0,0,0,0,0,0
layer,16,0,15,142,decode,0,8,6,2,726,309,154,30,4,0,4,821,9,3,0,0,0,0,0,0,60,lru,0,0,0,0,0,0,8,6,8,0,2,0,0,0,0,0,0,0,0,0,0,3801088,0,3801088,6,13353212422332558602,0,0,0,0,0,0,0,0
layer,16,0,15,142,decode,1,8,8,0,0,0,180,0,0,0,0,21,8,2,0,0,0,0,0,0,60,lru,0,0,0,0,0,0,8,8,8,0,0,0,1,0,0,0,0,0,0,0,0,0,0,0,0,2265746135549754723,0,0,0,0,0,0,0,0
layer,16,0,15,142,decode,2,8,2,6,2279,849,141,187,4,0,4,2510,8,4,0,0,0,0,0,0,60,lru,0,0,0,0,0,0,8,2,8,0,6,0,0,0,0,0,0,0,0,0,0,11403264,0,11403264,18,16054736498422682943,0,0,0,0,0,0,0,0
layer,16,0,15,142,decode,3,8,7,1,348,210,159,66,3,0,3,463,8,19,0,0,0,0,0,0,60,lru,0,0,0,0,0,0,8,7,8,0,1,0,0,0,0,0,0,0,0,0,0,1900544,0,1900544,3,13961234322818841530,0,0,0,0,0,0,0,0
layer,16,0,15,142,decode,4,8,5,3,6144,510,152,111,4,0,4,6332,8,25,0,0,0,0,0,0,60,lru,0,0,0,0,0,0,8,5,8,0,3,0,1,0,0,0,0,0,0,0,0,5701632,0,5701632,9,6241922138948346404,0,0,0,0,0,0,0,0
layer,16,0,15,142,decode,5,8,4,4,5213,538,156,80,3,0,3,5413,7,21,0,0,0,0,0,0,60,lru,0,0,0,0,0,0,8,4,8,0,4,0,1,0,0,0,0,0,0,0,0,7602176,0,7602176,12,16885375634378422934,0,0,0,0,0,0,0,0
layer,16,0,15,142,decode,6,8,4,4,5213,603,143,85,3,0,3,5417,8,10,0,0,0,0,0,0,60,lru,0,0,0,0,0,0,8,4,8,0,4,0,0,0,0,0,0,0,0,0,0,7602176,0,7602176,12,8011678420713912159,0,0,0,0,0,0,0,0
layer,16,0,15,142,decode,7,8,6,2,1661,265,159,41,4,0,4,1755,8,3,0,0,0,0,0,0,60,lru,0,0,0,0,0,0,8,6,8,0,2,0,0,0,0,0,0,0,0,0,0,3801088,0,3801088,6,13012620163338650893,0,0,0,0,0,0,0,0
layer,16,0,15,142,decode,8,8,4,4,20613,728,153,110,3,0,3,20791,8,2,0,0,0,0,0,0,60,lru,0,0,0,0,0,0,8,4,8,0,4,0,0,0,0,0,0,0,0,0,0,7602176,0,7602176,12,17339578991251255668,0,0,0,0,0,0,0,0
layer,16,0,15,142,decode,9,8,7,1,334,110,159,31,1,0,1,394,8,2,0,0,0,0,0,0,60,lru,0,0,0,0,0,0,8,7,8,0,1,0,1,0,0,0,0,0,0,0,0,1900544,0,1900544,3,4265789037766084104,0,0,0,0,0,0,0,0
layer,16,0,15,142,decode,10,8,2,6,25774,1146,140,168,2,0,2,26002,8,2,0,0,0,0,0,0,60,lru,0,0,0,0,0,0,8,2,8,0,6,0,0,0,0,0,0,0,0,0,0,11403264,0,11403264,18,13969648286022810350,0,0,0,0,0,0,0,0
layer,16,0,15,142,decode,11,8,7,1,811,173,160,12,1,0,1,872,8,3,0,0,0,0,0,0,60,lru,0,0,0,0,0,0,8,7,8,0,1,0,0,0,0,0,0,0,0,0,0,1900544,0,1900544,3,13896260266174886181,0,0,0,0,0,0,0,0
layer,16,0,15,142,decode,12,8,7,1,339,187,154,24,1,0,1,403,7,2,0,0,0,0,0,0,60,lru,0,0,0,0,0,0,8,7,8,0,1,0,0,0,0,0,0,0,0,0,0,1900544,0,1900544,3,12059890876599454000,0,0,0,0,0,0,0,0
layer,16,0,15,142,decode,13,8,7,1,1992,146,169,51,1,0,1,2101,8,17,0,0,0,0,0,0,60,lru,0,0,0,0,0,0,8,7,8,0,1,0,0,0,0,0,0,0,0,0,0,1900544,0,1900544,3,8103364979294136066,0,0,0,0,0,0,0,0
layer,16,0,15,142,decode,14,8,8,0,0,0,159,0,0,0,0,18,8,2,0,0,0,0,0,0,60,lru,0,0,0,0,0,0,8,8,8,0,0,0,0,0,0,0,0,0,0,0,0,0,0,0,0,13167239195700524409,0,0,0,0,0,0,0,0
layer,16,0,15,142,decode,15,8,7,1,6355,296,160,29,1,0,1,6420,7,3,0,0,0,0,0,0,60,lru,0,0,0,0,0,0,8,7,8,0,1,0,0,0,0,0,0,0,0,0,0,1900544,0,1900544,3,14348597156360061954,0,0,0,0,0,0,0,0
layer,16,0,15,142,decode,16,8,6,2,6031,349,154,40,2,0,2,6156,8,26,0,0,0,0,0,0,60,lru,0,0,0,0,0,0,8,6,8,0,2,0,0,0,0,0,0,0,0,0,0,3801088,0,3801088,6,3876531934197508860,0,0,0,0,0,0,0,0
layer,16,0,15,142,decode,17,8,6,2,788,298,158,30,2,0,2,903,8,13,0,0,0,0,0,0,60,lru,0,0,0,0,0,0,8,6,8,0,2,0,0,0,0,0,0,0,0,0,0,3801088,0,3801088,6,10765713057621830888,0,0,0,0,0,0,0,0
layer,16,0,15,142,decode,18,8,6,2,13256,389,142,44,2,0,2,13350,8,2,0,0,0,0,0,0,60,lru,0,0,0,0,0,0,8,6,8,0,2,0,0,0,0,0,0,0,0,0,0,3801088,0,3801088,6,7092818846127486609,0,0,0,0,0,0,0,0
layer,16,0,15,142,decode,19,8,5,3,7733,428,160,99,2,0,2,7910,9,18,0,0,0,0,0,0,60,lru,0,0,0,0,0,0,8,5,8,0,3,0,1,0,0,0,0,0,0,0,0,5701632,0,5701632,9,1509786532497483630,0,0,0,0,0,0,0,0
layer,16,0,15,142,decode,20,8,4,4,11369,607,152,149,2,0,2,11589,8,26,0,0,0,0,0,0,60,lru,0,0,0,0,0,0,8,4,8,0,4,0,1,0,0,0,0,0,0,0,0,7602176,0,7602176,12,17559909640834906067,0,0,0,0,0,0,0,0
layer,16,0,15,142,decode,21,8,5,3,6419,462,157,103,2,0,2,6558,8,4,0,0,0,0,0,0,60,lru,0,0,0,0,0,0,8,5,8,0,3,0,1,0,0,0,0,0,0,0,0,5701632,0,5701632,9,7418773667519865301,0,0,0,0,0,0,0,0
layer,16,0,15,142,decode,22,8,2,6,6453,749,138,167,2,0,2,6681,10,2,0,0,0,0,0,0,60,lru,0,0,0,0,0,0,8,2,8,0,6,0,0,0,0,0,0,0,0,0,0,11403264,0,11403264,18,11733584676837352903,0,0,0,0,0,0,0,0
layer,16,0,15,142,decode,23,8,6,2,10143,412,160,71,2,0,2,10275,8,16,0,0,0,0,0,0,60,lru,0,0,0,0,0,0,8,6,8,0,2,0,0,0,0,0,0,0,0,0,0,3801088,0,3801088,6,4081702346413435563,0,0,0,0,0,0,0,0
layer,16,0,15,142,decode,24,8,4,4,15696,640,152,87,2,0,2,15862,8,14,0,0,0,0,0,0,60,lru,0,0,0,0,0,0,8,4,8,0,4,0,1,0,0,0,0,0,0,0,0,7602176,0,7602176,12,5962391542318802787,0,0,0,0,0,0,0,0
layer,16,0,15,142,decode,25,8,8,0,0,0,183,0,0,0,0,18,8,2,0,0,0,0,0,0,60,lru,0,0,0,0,0,0,8,8,8,0,0,0,1,0,0,0,0,0,0,0,0,0,0,0,0,15787582571403315255,0,0,0,0,0,0,0,0
layer,16,0,15,142,decode,26,8,7,1,28484,294,141,32,1,0,1,28608,8,14,0,0,0,0,0,0,60,lru,0,0,0,0,0,0,8,7,8,0,1,0,0,0,0,0,0,0,0,0,0,1900544,0,1900544,3,209750976994432185,0,0,0,0,0,0,0,0
layer,16,0,15,142,decode,27,8,6,2,25904,286,159,65,3,0,3,26013,8,14,0,0,0,0,0,0,60,lru,0,0,0,0,0,0,8,6,8,0,2,0,0,0,0,0,0,0,0,0,0,3801088,0,3801088,6,13273860763028965888,0,0,0,0,0,0,0,0
layer,16,0,15,142,decode,28,8,7,1,316,174,154,22,1,0,1,377,8,2,0,0,0,0,0,0,60,lru,0,0,0,0,0,0,8,7,8,0,1,0,0,0,0,0,0,0,0,0,0,1900544,0,1900544,3,6573501666054693141,0,0,0,0,0,0,0,0
layer,16,0,15,142,decode,29,8,8,0,0,0,180,0,0,0,0,18,7,2,0,0,0,0,0,0,60,lru,0,0,0,0,0,0,8,8,8,0,0,0,0,0,0,0,0,0,0,0,0,0,0,0,0,10021994009035515532,0,0,0,0,0,0,0,0
layer,16,0,15,142,decode,30,8,7,1,365,171,143,14,2,0,2,422,7,3,0,0,0,0,0,0,60,lru,0,0,0,0,0,0,8,7,8,0,1,0,0,0,0,0,0,0,0,0,0,1900544,0,1900544,3,12145138907635053968,0,0,0,0,0,0,0,0
layer,16,0,15,142,decode,31,8,8,0,0,0,181,0,0,0,0,18,8,2,0,0,0,0,0,0,60,lru,0,0,0,0,0,0,8,8,8,0,0,0,0,0,0,0,0,0,0,0,0,0,0,0,0,16265091179908078636,0,0,0,0,0,0,0,0
layer,16,0,15,142,decode,32,8,6,2,7295,406,163,87,2,0,2,7441,7,17,0,0,0,0,0,0,60,lru,0,0,0,0,0,0,8,6,8,0,2,0,0,0,0,0,0,0,0,0,0,3801088,0,3801088,6,13127897476328220636,0,0,0,0,0,0,0,0
layer,16,0,15,142,decode,33,8,8,0,0,0,180,0,0,0,0,19,8,2,0,0,0,0,0,0,60,lru,0,0,0,0,0,0,8,8,8,0,0,0,1,0,0,0,0,0,0,0,0,0,0,0,0,15880715936103628225,0,0,0,0,0,0,0,0
layer,16,0,15,142,decode,34,8,5,3,4797,503,145,63,2,0,2,4917,7,3,0,0,0,0,0,0,60,lru,0,0,0,0,0,0,8,5,8,0,3,0,0,0,0,0,0,0,0,0,0,6119424,0,6119424,9,15275218878491194367,0,0,0,0,0,0,0,0
layer,16,0,15,142,decode,35,8,5,3,5806,424,159,95,3,0,3,5949,8,3,0,0,0,0,0,0,60,lru,0,0,0,0,0,0,8,5,8,0,3,0,1,0,0,0,0,0,0,0,0,5701632,0,5701632,9,11942124224666716997,0,0,0,0,0,0,0,0
layer,16,0,15,142,decode,36,8,4,4,8175,690,152,96,3,0,3,8326,8,4,0,0,0,0,0,0,60,lru,0,0,0,0,0,0,8,4,8,0,4,0,0,0,0,0,0,0,0,0,0,7602176,0,7602176,12,10391970205351252150,0,0,0,0,0,0,0,0
layer,16,0,15,142,decode,37,8,7,1,416,212,161,15,1,0,1,478,7,3,0,0,0,0,0,0,60,lru,0,0,0,0,0,0,8,7,8,0,1,0,0,0,0,0,0,0,0,0,0,1900544,0,1900544,3,6474314676943778496,0,0,0,0,0,0,0,0
layer,16,0,15,142,decode,38,8,6,2,819,317,144,69,2,0,2,915,8,2,0,0,0,0,0,0,60,lru,0,0,0,0,0,0,8,6,8,0,2,0,0,0,0,0,0,0,0,0,0,4079616,0,4079616,6,8445810111345092679,0,0,0,0,0,0,0,0
layer,16,0,15,142,decode,39,8,5,3,7635,450,673,70,2,0,2,7764,8,2,0,0,0,0,0,0,60,lru,0,0,0,0,0,0,8,5,8,0,3,0,0,0,0,0,0,0,0,0,0,6119424,0,6119424,9,15336358634852594588,0,0,0,0,0,0,0,0
request,16,0,15,0,decode,-1,0,0,0,0,0,0,0,0,0,0,0,0,0,0,0,0,0,0,0,0,,260545,627,0,0,19,0,0,0,0,0,0,0,0,0,0,0,0,0,0,0,0,0,0,0,0,0,0,0,0,0,0,0,0,0
layer,17,0,16,143,decode,0,8,0,8,3088,1110,150,245,3,0,3,3401,9,15,0,0,0,0,0,0,60,lru,0,0,0,0,0,0,8,0,8,0,8,0,1,0,0,0,0,0,0,0,0,15204352,0,15204352,24,6731112273833697849,0,0,0,0,0,0,0,0
layer,17,0,16,143,decode,1,8,1,7,2780,988,153,230,4,0,4,3111,8,18,0,0,0,0,0,0,60,lru,0,0,0,0,0,0,8,1,8,0,7,0,1,0,0,0,0,0,0,0,0,13303808,0,13303808,21,7556537180114517821,0,0,0,0,0,0,0,0
layer,17,0,16,143,decode,2,8,6,2,703,298,143,50,4,0,4,842,8,15,0,0,0,0,0,0,60,lru,0,0,0,0,0,0,8,6,8,0,2,0,1,0,0,0,0,0,0,0,0,3801088,0,3801088,6,4163858685323151748,0,0,0,0,0,0,0,0
layer,17,0,16,143,decode,3,8,6,2,702,332,160,57,3,0,3,815,8,4,0,0,0,0,0,0,60,lru,0,0,0,0,0,0,8,6,8,0,2,0,1,0,0,0,0,0,0,0,0,3801088,0,3801088,6,2032134694375833465,0,0,0,0,0,0,0,0
layer,17,0,16,143,decode,4,8,7,1,387,220,154,26,3,0,3,460,8,5,0,0,0,0,0,0,60,lru,0,0,0,0,0,0,8,7,8,0,1,0,1,0,0,0,0,0,0,0,0,1900544,0,1900544,3,6225266555430094538,0,0,0,0,0,0,0,0
layer,17,0,16,143,decode,5,8,6,2,749,351,159,117,4,0,4,903,8,24,0,0,0,0,0,0,60,lru,0,0,0,0,0,0,8,6,8,0,2,0,0,0,0,0,0,0,0,0,0,3801088,0,3801088,6,3930504545289937559,0,0,0,0,0,0,0,0
layer,17,0,16,143,decode,6,8,4,4,1538,662,142,120,4,0,4,1706,7,3,0,0,0,0,0,0,60,lru,0,0,0,0,0,0,8,4,8,0,4,0,1,0,0,0,0,0,0,0,0,7602176,0,7602176,12,10112472546312832468,0,0,0,0,0,0,0,0
layer,17,0,16,143,decode,7,8,7,1,4760,190,161,14,3,0,3,4831,8,3,0,0,0,0,0,0,60,lru,0,0,0,0,0,0,8,7,8,0,1,0,1,0,0,0,0,0,0,0,0,1900544,0,1900544,3,14163163460282188302,0,0,0,0,0,0,0,0
layer,17,0,16,143,decode,8,8,7,1,326,190,153,14,2,0,2,388,8,2,0,0,0,0,0,0,60,lru,0,0,0,0,0,0,8,7,8,0,1,0,0,0,0,0,0,0,0,0,0,1900544,0,1900544,3,16230172852426279015,0,0,0,0,0,0,0,0
layer,17,0,16,143,decode,9,8,7,1,5335,287,159,17,1,0,1,5443,8,23,0,0,0,0,0,0,60,lru,0,0,0,0,0,0,8,7,8,0,1,0,0,0,0,0,0,0,0,0,0,1900544,0,1900544,3,3062514187066680069,0,0,0,0,0,0,0,0
layer,17,0,16,143,decode,10,8,6,2,825,286,143,44,2,0,2,915,8,3,0,0,0,0,0,0,60,lru,0,0,0,0,0,0,8,6,8,0,2,0,0,0,0,0,0,0,0,0,0,3801088,0,3801088,6,5800745931752175964,0,0,0,0,0,0,0,0
layer,17,0,16,143,decode,11,8,5,3,1175,436,158,42,2,0,2,1301,8,3,0,0,0,0,0,0,60,lru,0,0,0,0,0,0,8,5,8,0,3,0,0,0,0,0,0,0,0,0,0,5701632,0,5701632,9,13914232777020735416,0,0,0,0,0,0,0,0
layer,17,0,16,143,decode,12,8,7,1,323,206,153,26,1,0,1,401,8,4,0,0,0,0,0,0,60,lru,0,0,0,0,0,0,8,7,8,0,1,0,0,0,0,0,0,0,0,0,0,1900544,0,1900544,3,5438226411807768151,0,0,0,0,0,0,0,0
layer,17,0,16,143,decode,13,8,7,1,326,213,159,11,2,0,2,389,8,2,0,0,0,0,0,0,60,lru,0,0,0,0,0,0,8,7,8,0,1,0,0,0,0,0,0,0,0,0,0,1900544,0,1900544,3,11304144223014154896,0,0,0,0,0,0,0,0
layer,17,0,16,143,decode,14,8,6,2,675,238,142,70,2,0,2,776,8,2,0,0,0,0,0,0,60,lru,0,0,0,0,0,0,8,6,8,0,2,0,0,0,0,0,0,0,0,0,0,3801088,0,3801088,6,644248220199061999,0,0,0,0,0,0,0,0
layer,17,0,16,143,decode,15,8,6,2,645,323,159,55,2,0,2,742,9,5,0,0,0,0,0,0,60,lru,0,0,0,0,0,0,8,6,8,0,2,0,0,0,0,0,0,0,0,0,0,3801088,0,3801088,6,11228248018052255611,0,0,0,0,0,0,0,0
layer,17,0,16,143,decode,16,8,7,1,327,204,154,29,1,0,1,389,8,3,0,0,0,0,0,0,60,lru,0,0,0,0,0,0,8,7,8,0,1,0,0,0,0,0,0,0,0,0,0,1900544,0,1900544,3,4834820162344062315,0,0,0,0,0,0,0,0
layer,17,0,16,143,decode,17,8,6,2,6791,462,159,45,2,0,2,6900,8,15,0,0,0,0,0,0,60,lru,0,0,0,0,0,0,8,6,8,0,2,0,0,0,0,0,0,0,0,0,0,3801088,0,3801088,6,9536095959376589973,0,0,0,0,0,0,0,0
layer,17,0,16,143,decode,18,8,8,0,0,0,159,0,0,0,0,19,8,2,0,0,0,0,0,0,60,lru,0,0,0,0,0,0,8,8,8,0,0,0,1,0,0,0,0,0,0,0,0,0,0,0,0,16908288186566416876,0,0,0,0,0,0,0,0
layer,17,0,16,143,decode,19,8,5,3,8480,507,158,105,2,0,2,8648,7,16,0,0,0,0,0,0,60,lru,0,0,0,0,0,0,8,5,8,0,3,0,0,0,0,0,0,0,0,0,0,5701632,0,5701632,9,12875889665982809322,0,0,0,0,0,0,0,0
layer,17,0,16,143,decode,20,8,5,3,1339,413,152,50,2,0,2,1500,8,23,0,0,0,0,0,0,60,lru,0,0,0,0,0,0,8,5,8,0,3,0,0,0,0,0,0,0,0,0,0,5701632,0,5701632,9,10241447722034559854,0,0,0,0,0,0,0,0
layer,17,0,16,143,decode,21,8,7,1,315,180,161,28,1,0,1,377,8,2,0,0,0,0,0,0,60,lru,0,0,0,0,0,0,8,7,8,0,1,0,1,0,0,0,0,0,0,0,0,1900544,0,1900544,3,3284128287809252459,0,0,0,0,0,0,0,0
layer,17,0,16,143,decode,22,8,5,3,1741,409,140,85,2,0,2,1907,8,25,0,0,0,0,0,0,60,lru,0,0,0,0,0,0,8,5,8,0,3,0,0,0,0,0,0,0,0,0,0,5701632,0,5701632,9,12754594762007696671,0,0,0,0,0,0,0,0
layer,17,0,16,143,decode,23,8,5,3,943,404,159,73,2,0,2,1076,8,3,0,0,0,0,0,0,60,lru,0,0,0,0,0,0,8,5,8,0,3,0,0,0,0,0,0,0,0,0,0,5701632,0,5701632,9,208543683902953620,0,0,0,0,0,0,0,0
layer,17,0,16,143,decode,24,8,7,1,322,172,154,27,2,0,2,416,8,14,0,0,0,0,0,0,60,lru,0,0,0,0,0,0,8,7,8,0,1,0,1,0,0,0,0,0,0,0,0,1900544,0,1900544,3,293792984493066743,0,0,0,0,0,0,0,0
layer,17,0,16,143,decode,25,8,8,0,0,0,182,0,0,0,0,18,8,2,0,0,0,0,0,0,60,lru,0,0,0,0,0,0,8,8,8,0,0,0,0,0,0,0,0,0,0,0,0,0,0,0,0,2117805231360428161,0,0,0,0,0,0,0,0
layer,17,0,16,143,decode,26,8,6,2,788,310,141,55,2,0,2,886,8,2,0,0,0,0,0,0,60,lru,0,0,0,0,0,0,8,6,8,0,2,0,0,0,0,0,0,0,0,0,0,3801088,0,3801088,6,17525054320519208547,0,0,0,0,0,0,0,0
layer,17,0,16,143,decode,27,8,7,1,360,207,160,9,1,0,1,430,8,2,0,0,0,0,0,0,60,lru,0,0,0,0,0,0,8,7,8,0,1,0,0,0,0,0,0,0,0,0,0,1900544,0,1900544,3,4018771934439134405,0,0,0,0,0,0,0,0
layer,17,0,16,143,decode,28,8,8,0,0,0,175,0,0,0,0,18,8,2,0,0,0,0,0,0,60,lru,0,0,0,0,0,0,8,8,8,0,0,0,0,0,0,0,0,0,0,0,0,0,0,0,0,13642727919551759442,0,0,0,0,0,0,0,0
layer,17,0,16,143,decode,29,8,5,3,5286,578,158,68,2,0,2,5403,8,2,0,0,0,0,0,0,60,lru,0,0,0,0,0,0,8,5,8,0,3,0,0,0,0,0,0,0,0,0,0,5701632,0,5701632,9,6269457799158836022,0,0,0,0,0,0,0,0
layer,17,0,16,143,decode,30,8,8,0,0,0,163,0,0,0,0,18,8,2,0,0,0,0,0,0,60,lru,0,0,0,0,0,0,8,8,8,0,0,0,0,0,0,0,0,0,0,0,0,0,0,0,0,13912766841781980735,0,0,0,0,0,0,0,0
layer,17,0,16,143,decode,31,8,7,1,312,191,160,27,1,0,1,373,7,3,0,0,0,0,0,0,60,lru,0,0,0,0,0,0,8,7,8,0,1,0,0,0,0,0,0,0,0,0,0,1900544,0,1900544,3,14581777068391917983,0,0,0,0,0,0,0,0
layer,17,0,16,143,decode,32,8,3,5,2166,688,151,126,2,0,2,2362,8,3,0,0,0,0,0,0,60,lru,0,0,0,0,0,0,8,3,8,0,5,0,0,0,0,0,0,0,0,0,0,9502720,0,9502720,15,4946725975569381239,0,0,0,0,0,0,0,0
layer,17,0,16,143,decode,33,8,4,4,1649,566,157,104,2,0,2,1804,8,3,0,0,0,0,0,0,60,lru,0,0,0,0,0,0,8,4,8,0,4,0,1,0,0,0,0,0,0,0,0,7602176,0,7602176,12,5967559010121167644,0,0,0,0,0,0,0,0
layer,17,0,16,143,decode,34,8,5,3,1199,454,144,84,3,0,3,1354,8,16,0,0,0,0,0,0,60,lru,0,0,0,0,0,0,8,5,8,0,3,0,0,0,0,0,0,0,0,0,0,6119424,0,6119424,9,7942688547617361804,0,0,0,0,0,0,0,0
layer,17,0,16,143,decode,35,8,5,3,5266,581,157,105,2,0,2,5425,8,21,0,0,0,0,0,0,60,lru,0,0,0,0,0,0,8,5,8,0,3,0,0,0,0,0,0,0,0,0,0,5701632,0,5701632,9,8982013356315847267,0,0,0,0,0,0,0,0
layer,17,0,16,143,decode,36,8,5,3,1743,422,153,84,3,0,3,1875,8,2,0,0,0,0,0,0,60,lru,0,0,0,0,0,0,8,5,8,0,3,0,1,0,0,0,0,0,0,0,0,5701632,0,5701632,9,7967472705446822838,0,0,0,0,0,0,0,0
layer,17,0,16,143,decode,37,8,1,7,8602,907,155,253,2,0,2,8856,8,3,0,0,0,0,0,0,60,lru,0,0,0,0,0,0,8,1,8,0,7,0,1,0,0,0,0,0,0,0,0,13303808,0,13303808,21,18213062720606978481,0,0,0,0,0,0,0,0
layer,17,0,16,143,decode,38,8,4,4,1658,587,143,129,2,0,2,1859,8,20,0,0,0,0,0,0,60,lru,0,0,0,0,0,0,8,4,8,0,4,0,0,0,0,0,0,0,0,0,0,8159232,0,8159232,12,5075305020169880840,0,0,0,0,0,0,0,0
layer,17,0,16,143,decode,39,8,2,6,6184,880,671,168,2,0,2,6459,8,19,0,0,0,0,0,0,60,lru,0,0,0,0,0,0,8,2,8,0,6,0,0,0,0,0,0,0,0,0,0,12238848,0,12238848,18,4203132320158444510,0,0,0,0,0,0,0,0
request,17,0,16,0,decode,-1,0,0,0,0,0,0,0,0,0,0,0,0,0,0,0,0,0,0,0,0,,95253,659,0,0,17,0,0,0,0,0,0,0,0,0,0,0,0,0,0,0,0,0,0,0,0,0,0,0,0,0,0,0,0,0
