row_type,request_idx,repeat_idx,batch_idx,token_idx,phase,layer,k_required,k_hit,k_miss,ssd_read_us,h2d_us,compute_us,stall_us,pred_us,pred_observe_us,pred_score_us,callback_wall_us,topk_d2h_us,slot_ids_h2d_us,slot_table_h2d_us,eamc_rows_scored,eamc_cosine_us,eamc_score_materialize_us,eamc_score_cache_hits,eamc_score_cache_misses,cache_resident_experts,predictor,request_wall_us,request_end_us,predictor_end_us,predictor_save_us,profile_flush_us,sidecar_write_bytes,routes_required,routes_hit,routes_persistent,k_empty_admit,k_victim_admit,k_scratch,route_rank_us
layer,1,0,0,0,prefill_target,0,155,0,155,132555,68575,5417,8567,2,2,0,144573,29,28,0,0,0,0,0,0,45,lru,0,0,0,0,0,0,1024,0,801,45,0,110,22
layer,1,0,0,0,prefill_target,1,173,0,173,125372,50505,2284,4196,3,3,0,133466,26,11,0,0,0,0,0,0,45,lru,0,0,0,0,0,0,1024,0,726,45,0,128,21
layer,1,0,0,0,prefill_target,2,170,0,170,102352,40277,6972,3534,1,1,0,109083,15,47,0,0,0,0,0,0,45,lru,0,0,0,0,0,0,1024,0,732,45,0,125,20
layer,1,0,0,0,prefill_target,3,125,0,125,79123,30982,1892,2884,2,2,0,83907,17,9,0,0,0,0,0,0,45,lru,0,0,0,0,0,0,1024,0,867,45,0,80,19
layer,1,0,0,0,prefill_target,4,66,0,66,42039,15063,1466,1227,1,1,0,44578,22,37,0,0,0,0,0,0,45,lru,0,0,0,0,0,0,1024,0,1003,45,0,21,10
layer,1,0,0,0,prefill_target,5,78,0,78,47948,17677,1563,1457,2,2,0,50840,13,6,0,0,0,0,0,0,45,lru,0,0,0,0,0,0,1024,0,986,45,0,33,9
layer,1,0,0,0,prefill_target,6,66,0,66,40468,15217,1301,1142,1,1,0,42913,13,31,0,0,0,0,0,0,45,lru,0,0,0,0,0,0,1024,0,997,45,0,21,10
layer,1,0,0,0,prefill_target,7,78,0,78,49172,17567,1566,1281,2,2,0,51969,11,8,0,0,0,0,0,0,45,lru,0,0,0,0,0,0,1024,0,979,45,0,33,10
layer,1,0,0,0,prefill_target,8,76,0,76,47979,17485,1538,1909,1,1,0,51311,11,14,0,0,0,0,0,0,45,lru,0,0,0,0,0,0,1024,0,990,45,0,31,9
layer,1,0,0,0,prefill_target,9,52,0,52,33220,11674,1395,865,2,2,0,35208,13,25,0,0,0,0,0,0,45,lru,0,0,0,0,0,0,1024,0,1017,45,0,7,8
layer,1,0,0,0,prefill_target,10,73,0,73,45030,16358,1343,1333,1,1,0,47655,11,22,0,0,0,0,0,0,45,lru,0,0,0,0,0,0,1024,0,995,45,0,28,9
layer,1,0,0,0,prefill_target,11,71,0,71,47252,15982,1495,1195,2,2,0,49838,11,18,0,0,0,0,0,0,45,lru,0,0,0,0,0,0,1024,0,998,45,0,26,9
layer,1,0,0,0,prefill_target,12,76,0,76,49874,16952,1521,1441,1,1,0,52728,11,31,0,0,0,0,0,0,45,lru,0,0,0,0,0,0,1024,0,987,45,0,31,9
layer,1,0,0,0,prefill_target,13,73,0,73,44607,16392,1507,1384,2,2,0,47172,11,19,0,0,0,0,0,0,45,lru,0,0,0,0,0,0,1024,0,983,45,0,28,9
layer,1,0,0,0,prefill_target,14,74,0,74,37929,17326,1340,1284,1,1,0,40558,12,29,0,0,0,0,0,0,45,lru,0,0,0,0,0,0,1024,0,986,45,0,29,9
layer,1,0,0,0,prefill_target,15,77,0,77,41347,17909,1533,1629,2,2,0,44413,11,48,0,0,0,0,0,0,45,lru,0,0,0,0,0,0,1024,0,984,45,0,32,9
layer,1,0,0,0,prefill_target,16,69,0,69,37510,16219,1476,1301,1,1,0,40020,12,18,0,0,0,0,0,0,45,lru,0,0,0,0,0,0,1024,0,997,45,0,24,8
layer,1,0,0,0,prefill_target,17,65,0,65,36342,15120,1445,1320,2,2,0,38767,11,36,0,0,0,0,0,0,45,lru,0,0,0,0,0,0,1024,0,1002,45,0,20,8
layer,1,0,0,0,prefill_target,18,69,0,69,37300,15859,1301,1240,1,1,0,39815,11,17,0,0,0,0,0,0,45,lru,0,0,0,0,0,0,1024,0,982,45,0,24,8
layer,1,0,0,0,prefill_target,19,71,0,71,41266,16148,1476,1289,2,2,0,43868,11,21,0,0,0,0,0,0,45,lru,0,0,0,0,0,0,1024,0,992,45,0,26,9
layer,1,0,0,0,prefill_target,20,83,0,83,50998,18451,1572,1585,1,1,0,53987,10,42,0,0,0,0,0,0,45,lru,0,0,0,0,0,0,1024,0,964,45,0,38,9
layer,1,0,0,0,prefill_target,21,78,0,78,51771,17451,1524,1420,2,2,0,54563,11,12,0,0,0,0,0,0,45,lru,0,0,0,0,0,0,1024,0,974,45,0,33,10
layer,1,0,0,0,prefill_target,22,89,0,89,52876,20070,1423,1503,1,1,0,56111,10,26,0,0,0,0,0,0,45,lru,0,0,0,0,0,0,1024,0,943,45,0,44,10
layer,1,0,0,0,prefill_target,23,81,0,81,49556,18131,1539,1299,2,2,0,52560,12,23,0,0,0,0,0,0,45,lru,0,0,0,0,0,0,1024,0,974,45,0,36,9
layer,1,0,0,0,prefill_target,24,90,0,90,53864,20373,1714,1947,1,1,0,57497,11,87,0,0,0,0,0,0,45,lru,0,0,0,0,0,0,1024,0,932,45,0,45,10
layer,1,0,0,0,prefill_target,25,79,0,79,45688,17915,1524,1454,3,3,0,48639,22,15,0,0,0,0,0,0,45,lru,0,0,0,0,0,0,1024,0,960,45,0,34,12
layer,1,0,0,0,prefill_target,26,75,0,75,42269,17054,1344,1361,1,1,0,44978,12,27,0,0,0,0,0,0,45,lru,0,0,0,0,0,0,1024,0,978,45,0,30,9
layer,1,0,0,0,prefill_target,27,74,0,74,45400,16361,1508,1213,2,2,0,48085,11,17,0,0,0,0,0,0,45,lru,0,0,0,0,0,0,1024,0,985,45,0,29,11
layer,1,0,0,0,prefill_target,28,64,0,64,37298,14243,1429,1040,1,1,0,39620,10,30,0,0,0,0,0,0,45,lru,0,0,0,0,0,0,1024,0,1005,45,0,19,8
layer,1,0,0,0,prefill_target,29,63,0,63,37105,14243,1423,1006,2,2,0,39340,11,14,0,0,0,0,0,0,45,lru,0,0,0,0,0,0,1024,0,1006,45,0,18,8
layer,1,0,0,0,prefill_target,30,65,0,65,40302,14652,1265,1183,1,1,0,42680,10,37,0,0,0,0,0,0,45,lru,0,0,0,0,0,0,1024,0,989,45,0,20,9
layer,1,0,0,0,prefill_target,31,63,0,63,40328,14085,1428,1065,2,2,0,42609,12,26,0,0,0,0,0,0,45,lru,0,0,0,0,0,0,1024,0,1002,45,0,18,9
layer,1,0,0,0,prefill_target,32,62,0,62,41970,13909,1415,1118,2,2,0,44280,11,26,0,0,0,0,0,0,45,lru,0,0,0,0,0,0,1024,0,1002,45,0,17,10
layer,1,0,0,0,prefill_target,33,60,0,60,38303,13496,1400,1052,2,2,0,40475,11,15,0,0,0,0,0,0,45,lru,0,0,0,0,0,0,1024,0,1009,45,0,15,9
layer,1,0,0,0,prefill_target,34,62,0,62,39101,13862,1244,1039,1,1,0,41430,10,38,0,0,0,0,0,0,45,lru,0,0,0,0,0,0,1024,0,1007,45,0,17,8
layer,1,0,0,0,prefill_target,35,47,0,47,29929,10580,1351,810,2,2,0,31732,11,23,0,0,0,0,0,0,45,lru,0,0,0,0,0,0,1024,0,1022,45,0,2,8
layer,1,0,0,0,prefill_target,36,66,0,66,43159,14605,1430,1057,1,1,0,45528,11,20,0,0,0,0,0,0,45,lru,0,0,0,0,0,0,1024,0,999,45,0,21,8
layer,1,0,0,0,prefill_target,37,61,0,61,38690,13676,1405,1089,2,2,0,40975,10,24,0,0,0,0,0,0,45,lru,0,0,0,0,0,0,1024,0,1007,45,0,16,8
layer,1,0,0,0,prefill_target,38,67,0,67,40304,15087,1269,1161,1,1,0,42795,10,41,0,0,0,0,0,0,45,lru,0,0,0,0,0,0,1024,0,997,45,0,22,8
layer,1,0,0,0,prefill_target,39,79,0,79,48939,17406,7176,1401,2,2,0,51796,11,5,0,0,0,0,0,0,45,lru,0,0,0,0,0,0,1024,0,967,45,0,34,9
request,1,0,0,0,prefill_target,-1,0,0,0,0,0,0,0,0,0,0,0,0,0,0,0,0,0,0,0,0,,2551476,19875,0,0,45,0,0,0,0,0,0,0,0
layer,2,0,0,0,prefill_mtp_process,40,94,0,94,90336,47265,1408,7277,3,3,0,96409,19,14,0,0,0,0,0,0,45,lru,0,0,0,0,0,0,1024,0,926,45,0,49,15
request,2,0,0,0,prefill_mtp_process,-1,0,0,0,0,0,0,0,0,0,0,0,0,0,0,0,0,0,0,0,0,,141152,266,0,0,13,0,0,0,0,0,0,0,0
layer,3,0,1,0,decode_mtp_draft,40,8,7,1,785,402,1238,528,2,0,2,1572,30,4,0,0,0,0,0,0,45,lru,0,0,0,0,0,0,8,7,8,0,1,0,3
request,3,0,1,0,decode_mtp_draft,-1,0,0,0,0,0,0,0,0,0,0,0,0,0,0,0,0,0,0,0,0,,16600,34,0,0,13,0,0,0,0,0,0,0,0
layer,4,0,1,129,decode_target,0,15,7,8,9441,5147,329,899,29,0,29,10396,17,20,0,0,0,0,0,0,45,lru,0,0,0,0,0,0,16,8,16,0,8,0,3
layer,4,0,1,129,decode_target,1,12,8,4,4208,2382,252,506,30,1,29,4763,11,12,0,0,0,0,0,0,45,lru,0,0,0,0,0,0,16,11,16,0,4,0,4
layer,4,0,1,129,decode_target,2,11,8,3,3006,1726,10003,386,16,0,16,3449,9,10,0,0,0,0,0,0,45,lru,0,0,0,0,0,0,16,13,16,0,3,0,1
layer,4,0,1,129,decode_target,3,12,9,3,3077,1786,281,253,18,1,17,3459,14,17,0,0,0,0,0,0,45,lru,0,0,0,0,0,0,16,13,16,0,3,0,3
layer,4,0,1,129,decode_target,4,12,9,3,2873,1749,251,207,28,0,28,3243,10,4,0,0,0,0,0,0,45,lru,0,0,0,0,0,0,16,13,16,0,3,0,2
layer,4,0,1,129,decode_target,5,10,8,2,1839,1111,244,159,19,0,19,2057,9,9,0,0,0,0,0,0,45,lru,0,0,0,0,0,0,16,14,16,0,2,0,2
layer,4,0,1,129,decode_target,6,12,11,1,938,558,227,114,12,0,12,1156,9,6,0,0,0,0,0,0,45,lru,0,0,0,0,0,0,16,15,16,0,1,0,0
layer,4,0,1,129,decode_target,7,14,12,2,1879,1093,263,270,9,1,8,2195,8,6,0,0,0,0,0,0,45,lru,0,0,0,0,0,0,16,14,16,0,2,0,2
layer,4,0,1,129,decode_target,8,13,12,1,843,563,258,96,8,0,8,995,8,8,0,0,0,0,0,0,45,lru,0,0,0,0,0,0,16,15,16,0,1,0,2
layer,4,0,1,129,decode_target,9,11,11,0,0,0,322,0,1,1,0,32,8,2,0,0,0,0,0,0,45,lru,0,0,0,0,0,0,16,16,16,0,0,0,2
layer,4,0,1,129,decode_target,10,10,10,0,0,0,279,0,0,0,0,32,8,2,0,0,0,0,0,0,45,lru,0,0,0,0,0,0,16,16,16,0,0,0,0
layer,4,0,1,129,decode_target,11,12,10,2,1789,1125,251,132,12,1,11,1986,8,10,0,0,0,0,0,0,45,lru,0,0,0,0,0,0,16,14,16,0,2,0,0
layer,4,0,1,129,decode_target,12,11,9,2,1893,1069,248,89,8,0,8,2111,8,9,0,0,0,0,0,0,45,lru,0,0,0,0,0,0,16,14,16,0,2,0,2
layer,4,0,1,129,decode_target,13,11,8,3,2948,1683,283,313,12,1,11,3312,8,9,0,0,0,0,0,0,45,lru,0,0,0,0,0,0,16,13,16,0,3,0,0
layer,4,0,1,129,decode_target,14,10,9,1,943,597,217,58,8,0,8,1125,8,20,0,0,0,0,0,0,45,lru,0,0,0,0,0,0,16,15,16,0,1,0,0
layer,4,0,1,129,decode_target,15,11,10,1,903,550,256,84,9,1,8,1116,8,15,0,0,0,0,0,0,45,lru,0,0,0,0,0,0,16,15,16,0,1,0,2
layer,4,0,1,129,decode_target,16,12,11,1,914,599,253,42,1,0,1,1041,8,12,0,0,0,0,0,0,45,lru,0,0,0,0,0,0,16,15,16,0,1,0,3
layer,4,0,1,129,decode_target,17,11,10,1,891,574,250,112,2,1,1,1004,9,10,0,0,0,0,0,0,45,lru,0,0,0,0,0,0,16,15,16,0,1,0,0
layer,4,0,1,129,decode_target,18,12,10,2,1845,1137,245,371,1,0,1,2236,8,20,0,0,0,0,0,0,45,lru,0,0,0,0,0,0,16,13,16,0,2,0,2
layer,4,0,1,129,decode_target,19,14,14,0,0,0,334,0,1,1,0,25,8,2,0,0,0,0,0,0,45,lru,0,0,0,0,0,0,16,16,16,0,0,0,2
layer,4,0,1,129,decode_target,20,12,10,2,1811,1163,264,206,2,0,2,2079,8,6,0,0,0,0,0,0,45,lru,0,0,0,0,0,0,16,14,16,0,2,0,0
layer,4,0,1,129,decode_target,21,11,11,0,0,0,336,0,1,1,0,24,8,2,0,0,0,0,0,0,45,lru,0,0,0,0,0,0,16,16,16,0,0,0,2
layer,4,0,1,129,decode_target,22,10,9,1,887,579,234,132,2,0,2,1102,8,12,0,0,0,0,0,0,45,lru,0,0,0,0,0,0,16,14,16,0,1,0,2
layer,4,0,1,129,decode_target,23,14,12,2,1799,1129,270,268,2,0,2,2046,8,10,0,0,0,0,0,0,45,lru,0,0,0,0,0,0,16,14,16,0,2,0,0
layer,4,0,1,129,decode_target,24,13,12,1,855,549,259,141,1,0,1,1040,9,7,0,0,0,0,0,0,45,lru,0,0,0,0,0,0,16,15,16,0,1,0,0
layer,4,0,1,129,decode_target,25,12,10,2,1813,1138,254,225,2,0,2,2028,8,9,0,0,0,0,0,0,45,lru,0,0,0,0,0,0,16,14,16,0,2,0,2
layer,4,0,1,129,decode_target,26,11,11,0,0,0,279,0,0,0,0,22,9,2,0,0,0,0,0,0,45,lru,0,0,0,0,0,0,16,16,16,0,0,0,0
layer,4,0,1,129,decode_target,27,11,11,0,0,0,323,0,0,0,0,21,8,2,0,0,0,0,0,0,45,lru,0,0,0,0,0,0,16,16,16,0,0,0,0
layer,4,0,1,129,decode_target,28,11,9,2,1834,1156,249,178,2,0,2,2045,8,16,0,0,0,0,0,0,45,lru,0,0,0,0,0,0,16,14,16,0,2,0,2
layer,4,0,1,129,decode_target,29,12,11,1,894,573,285,158,1,0,1,1089,9,7,0,0,0,0,0,0,45,lru,0,0,0,0,0,0,16,15,16,0,1,0,0
layer,4,0,1,129,decode_target,30,14,12,2,1852,1107,238,358,2,0,2,2146,8,7,0,0,0,0,0,0,45,lru,0,0,0,0,0,0,16,14,16,0,2,0,0
layer,4,0,1,129,decode_target,31,13,11,2,1915,1127,252,209,2,0,2,2159,9,13,0,0,0,0,0,0,45,lru,0,0,0,0,0,0,16,14,16,0,2,0,2
layer,4,0,1,129,decode_target,32,11,10,1,860,561,247,63,1,0,1,1044,8,6,0,0,0,0,0,0,45,lru,0,0,0,0,0,0,16,15,16,0,1,0,0
layer,4,0,1,129,decode_target,33,12,11,1,872,559,258,115,1,0,1,1051,10,10,0,0,0,0,0,0,45,lru,0,0,0,0,0,0,16,15,16,0,1,0,0
layer,4,0,1,129,decode_target,34,13,8,5,4998,3006,232,356,2,0,2,5432,8,15,0,0,0,0,0,0,45,lru,0,0,0,0,0,0,16,11,16,0,5,0,2
layer,4,0,1,129,decode_target,35,10,10,0,0,0,312,0,0,0,0,21,8,2,0,0,0,0,0,0,45,lru,0,0,0,0,0,0,16,16,16,0,0,0,0
layer,4,0,1,129,decode_target,36,11,8,3,2965,1775,263,286,2,0,2,3360,8,10,0,0,0,0,0,0,45,lru,0,0,0,0,0,0,16,12,16,0,3,0,2
layer,4,0,1,129,decode_target,37,11,9,2,1885,1169,248,180,2,0,2,2124,9,9,0,0,0,0,0,0,45,lru,0,0,0,0,0,0,16,14,16,0,2,0,2
layer,4,0,1,129,decode_target,38,13,9,4,3893,2363,233,523,2,0,2,4332,8,12,0,0,0,0,0,0,45,lru,0,0,0,0,0,0,16,12,16,0,4,0,0
layer,4,0,1,129,decode_target,39,11,9,2,1807,1144,955,149,2,0,2,1985,8,11,0,0,0,0,0,0,45,lru,0,0,0,0,0,0,16,14,16,0,2,0,2
request,4,0,1,0,decode_target,-1,0,0,0,0,0,0,0,0,0,0,0,0,0,0,0,0,0,0,0,0,,122210,528,0,0,23,0,0,0,0,0,0,0,0
layer,5,0,1,129,decode_mtp_process,40,13,11,2,1854,1150,121,238,1,0,1,2123,12,23,0,0,0,0,0,0,45,lru,0,0,0,0,0,0,16,14,16,0,2,0,1
request,5,0,1,0,decode_mtp_process,-1,0,0,0,0,0,0,0,0,0,0,0,0,0,0,0,0,0,0,0,0,,3025,30,0,0,8,0,0,0,0,0,0,0,0
layer,6,0,2,129,decode_mtp_draft,40,8,8,0,0,0,904,0,0,0,0,23,11,2,0,0,0,0,0,0,45,lru,0,0,0,0,0,0,8,8,8,0,0,0,1
request,6,0,2,0,decode_mtp_draft,-1,0,0,0,0,0,0,0,0,0,0,0,0,0,0,0,0,0,0,0,0,,1413,21,0,0,7,0,0,0,0,0,0,0,0
layer,7,0,2,132,decode_target,0,11,8,3,2905,1801,555,210,4,0,4,3232,12,10,0,0,0,0,0,0,45,lru,0,0,0,0,0,0,16,12,16,0,3,0,2
layer,7,0,2,132,decode_target,1,10,7,3,2899,1737,409,304,4,0,4,3287,10,8,0,0,0,0,0,0,45,lru,0,0,0,0,0,0,16,12,16,0,3,0,3
layer,7,0,2,132,decode_target,2,9,7,2,1844,1127,436,303,3,0,3,2158,9,15,0,0,0,0,0,0,45,lru,0,0,0,0,0,0,16,12,16,0,2,0,3
layer,7,0,2,132,decode_target,3,10,8,2,1886,1130,437,227,3,0,3,2179,10,9,0,0,0,0,0,0,45,lru,0,0,0,0,0,0,16,13,16,0,2,0,2
layer,7,0,2,132,decode_target,4,11,9,2,1870,1118,664,340,3,0,3,2158,9,12,0,0,0,0,0,0,45,lru,0,0,0,0,0,0,16,14,16,0,2,0,1
layer,7,0,2,132,decode_target,5,10,8,2,1823,1163,452,158,3,0,3,2058,11,9,0,0,0,0,0,0,45,lru,0,0,0,0,0,0,16,14,16,0,2,0,2
layer,7,0,2,132,decode_target,6,10,9,1,962,592,434,158,3,0,3,1185,9,14,0,0,0,0,0,0,45,lru,0,0,0,0,0,0,16,14,16,0,1,0,2
layer,7,0,2,132,decode_target,7,11,10,1,907,580,487,99,2,0,2,1086,9,12,0,0,0,0,0,0,45,lru,0,0,0,0,0,0,16,14,16,0,1,0,1
layer,7,0,2,132,decode_target,8,11,10,1,900,558,552,146,3,0,3,1082,10,14,0,0,0,0,0,0,45,lru,0,0,0,0,0,0,16,14,16,0,1,0,2
layer,7,0,2,132,decode_target,9,10,8,2,1795,1150,520,121,5,0,5,2055,9,9,0,0,0,0,0,0,45,lru,0,0,0,0,0,0,16,14,16,0,2,0,2
layer,7,0,2,132,decode_target,10,10,10,0,0,0,605,0,0,0,0,29,11,3,0,0,0,0,0,0,45,lru,0,0,0,0,0,0,16,16,16,0,0,0,2
layer,7,0,2,132,decode_target,11,9,9,0,0,0,894,0,0,0,0,27,10,3,0,0,0,0,0,0,45,lru,0,0,0,0,0,0,16,16,16,0,0,0,2
layer,7,0,2,132,decode_target,12,9,8,1,901,590,517,74,3,0,3,1049,11,11,0,0,0,0,0,0,45,lru,0,0,0,0,0,0,16,15,16,0,1,0,1
layer,7,0,2,132,decode_target,13,9,6,3,3012,1720,444,168,4,0,4,3338,10,11,0,0,0,0,0,0,45,lru,0,0,0,0,0,0,16,11,16,0,3,0,1
layer,7,0,2,132,decode_target,14,11,10,1,919,575,434,45,3,0,3,1047,9,9,0,0,0,0,0,0,45,lru,0,0,0,0,0,0,16,15,16,0,1,0,1
layer,7,0,2,132,decode_target,15,10,10,0,0,0,666,0,0,0,0,28,11,3,0,0,0,0,0,0,45,lru,0,0,0,0,0,0,16,16,16,0,0,0,1
layer,7,0,2,132,decode_target,16,11,10,1,907,578,535,89,2,0,2,1058,10,13,0,0,0,0,0,0,45,lru,0,0,0,0,0,0,16,15,16,0,1,0,2
layer,7,0,2,132,decode_target,17,11,10,1,903,538,484,144,1,0,1,1069,9,15,0,0,0,0,0,0,45,lru,0,0,0,0,0,0,16,15,16,0,1,0,2
layer,7,0,2,132,decode_target,18,10,9,1,897,556,413,78,2,0,2,1068,12,11,0,0,0,0,0,0,45,lru,0,0,0,0,0,0,16,15,16,0,1,0,1
layer,7,0,2,132,decode_target,19,10,9,1,865,552,459,162,1,0,1,1037,9,12,0,0,0,0,0,0,45,lru,0,0,0,0,0,0,16,15,16,0,1,0,2
layer,7,0,2,132,decode_target,20,11,8,3,2882,1782,500,200,2,0,2,3216,9,6,0,0,0,0,0,0,45,lru,0,0,0,0,0,0,16,13,16,0,3,0,1
layer,7,0,2,132,decode_target,21,8,8,0,0,0,643,0,0,0,0,29,15,2,0,0,0,0,0,0,45,lru,0,0,0,0,0,0,16,16,16,0,0,0,0
layer,7,0,2,132,decode_target,22,10,9,1,868,592,397,165,2,0,2,1004,10,8,0,0,0,0,0,0,45,lru,0,0,0,0,0,0,16,15,16,0,1,0,1
layer,7,0,2,132,decode_target,23,10,9,1,885,579,482,100,1,0,1,1065,9,15,0,0,0,0,0,0,45,lru,0,0,0,0,0,0,16,15,16,0,1,0,2
layer,7,0,2,132,decode_target,24,10,9,1,888,555,529,134,1,0,1,1093,9,13,0,0,0,0,0,0,45,lru,0,0,0,0,0,0,16,15,16,0,1,0,1
layer,7,0,2,132,decode_target,25,10,8,2,1832,1145,749,108,1,0,1,2039,8,12,0,0,0,0,0,0,45,lru,0,0,0,0,0,0,16,14,16,0,2,0,0
layer,7,0,2,132,decode_target,26,10,9,1,908,576,530,105,1,0,1,1102,11,18,0,0,0,0,0,0,45,lru,0,0,0,0,0,0,16,15,16,0,1,0,1
layer,7,0,2,132,decode_target,27,10,9,1,888,573,476,50,2,0,2,1030,10,11,0,0,0,0,0,0,45,lru,0,0,0,0,0,0,16,14,16,0,1,0,2
layer,7,0,2,132,decode_target,28,10,10,0,0,0,595,0,0,0,0,26,10,2,0,0,0,0,0,0,45,lru,0,0,0,0,0,0,16,16,16,0,0,0,1
layer,7,0,2,132,decode_target,29,12,11,1,914,546,557,155,1,0,1,1154,9,11,0,0,0,0,0,0,45,lru,0,0,0,0,0,0,16,15,16,0,1,0,2
layer,7,0,2,132,decode_target,30,11,11,0,0,0,500,0,0,0,0,23,9,2,0,0,0,0,0,0,45,lru,0,0,0,0,0,0,16,16,16,0,0,0,0
layer,7,0,2,132,decode_target,31,10,10,0,0,0,646,0,0,0,0,24,9,2,0,0,0,0,0,0,45,lru,0,0,0,0,0,0,16,16,16,0,0,0,2
layer,7,0,2,132,decode_target,32,10,8,2,1888,1143,466,249,2,0,2,2119,10,8,0,0,0,0,0,0,45,lru,0,0,0,0,0,0,16,14,16,0,2,0,2
layer,7,0,2,132,decode_target,33,9,9,0,0,0,529,0,0,0,0,25,10,2,0,0,0,0,0,0,45,lru,0,0,0,0,0,0,16,16,16,0,0,0,2
layer,7,0,2,132,decode_target,34,10,8,2,1841,1102,444,197,1,0,1,2047,9,7,0,0,0,0,0,0,45,lru,0,0,0,0,0,0,16,13,16,0,2,0,2
layer,7,0,2,132,decode_target,35,9,9,0,0,0,539,0,0,0,0,24,9,2,0,0,0,0,0,0,45,lru,0,0,0,0,0,0,16,16,16,0,0,0,2
layer,7,0,2,132,decode_target,36,10,9,1,869,564,521,70,1,0,1,1029,9,12,0,0,0,0,0,0,45,lru,0,0,0,0,0,0,16,14,16,0,1,0,2
layer,7,0,2,132,decode_target,37,10,10,0,0,0,669,0,0,0,0,24,9,2,0,0,0,0,0,0,45,lru,0,0,0,0,0,0,16,16,16,0,0,0,2
layer,7,0,2,132,decode_target,38,11,9,2,1759,1155,432,156,1,0,1,2093,10,9,0,0,0,0,0,0,45,lru,0,0,0,0,0,0,16,14,16,0,2,0,2
layer,7,0,2,132,decode_target,39,11,10,1,876,585,1044,91,2,0,2,1058,10,9,0,0,0,0,0,0,45,lru,0,0,0,0,0,0,16,15,16,0,1,0,2
request,7,0,2,0,decode_target,-1,0,0,0,0,0,0,0,0,0,0,0,0,0,0,0,0,0,0,0,0,,77488,417,0,0,16,0,0,0,0,0,0,0,0
layer,8,0,2,132,decode_mtp_process,40,9,9,0,0,0,132,0,0,0,0,28,16,2,0,0,0,0,0,0,45,lru,0,0,0,0,0,0,16,16,16,0,0,0,1
request,8,0,2,0,decode_mtp_process,-1,0,0,0,0,0,0,0,0,0,0,0,0,0,0,0,0,0,0,0,0,,680,19,0,0,7,0,0,0,0,0,0,0,0
layer,9,0,3,132,decode_mtp_draft,40,8,7,1,905,574,868,88,1,0,1,1093,11,18,0,0,0,0,0,0,45,lru,0,0,0,0,0,0,8,7,8,0,1,0,1
request,9,0,3,0,decode_mtp_draft,-1,0,0,0,0,0,0,0,0,0,0,0,0,0,0,0,0,0,0,0,0,,2556,23,0,0,7,0,0,0,0,0,0,0,0
layer,10,0,3,135,decode_target,0,14,11,3,2936,1726,238,301,4,0,4,3268,10,7,0,0,0,0,0,0,45,lru,0,0,0,0,0,0,16,13,16,0,3,0,1
layer,10,0,3,135,decode_target,1,12,10,2,1940,1171,217,175,3,0,3,2165,9,4,0,0,0,0,0,0,45,lru,0,0,0,0,0,0,16,14,16,0,2,0,1
layer,10,0,3,135,decode_target,2,13,11,2,1945,1149,202,209,3,0,3,2159,8,16,0,0,0,0,0,0,45,lru,0,0,0,0,0,0,16,14,16,0,2,0,1
layer,10,0,3,135,decode_target,3,13,9,4,3976,2306,215,455,3,0,3,4444,8,10,0,0,0,0,0,0,45,lru,0,0,0,0,0,0,16,12,16,0,4,0,1
layer,10,0,3,135,decode_target,4,12,12,0,0,0,245,0,0,0,0,23,8,2,0,0,0,0,0,0,45,lru,0,0,0,0,0,0,16,16,16,0,0,0,1
layer,10,0,3,135,decode_target,5,12,11,1,929,576,221,150,3,0,3,1155,8,7,0,0,0,0,0,0,45,lru,0,0,0,0,0,0,16,15,16,0,1,0,1
layer,10,0,3,135,decode_target,6,10,10,0,0,0,203,0,0,0,0,22,8,2,0,0,0,0,0,0,45,lru,0,0,0,0,0,0,16,16,16,0,0,0,1
layer,10,0,3,135,decode_target,7,14,14,0,0,0,254,0,0,0,0,23,8,2,0,0,0,0,0,0,45,lru,0,0,0,0,0,0,16,16,16,0,0,0,1
layer,10,0,3,135,decode_target,8,12,12,0,0,0,245,0,0,0,0,21,8,2,0,0,0,0,0,0,45,lru,0,0,0,0,0,0,16,16,16,0,0,0,1
layer,10,0,3,135,decode_target,9,13,11,2,1812,1154,222,360,2,0,2,2126,7,20,0,0,0,0,0,0,45,lru,0,0,0,0,0,0,16,14,16,0,2,0,1
layer,10,0,3,135,decode_target,10,13,12,1,882,577,201,64,5,0,5,1066,8,5,0,0,0,0,0,0,45,lru,0,0,0,0,0,0,16,15,16,0,1,0,1
layer,10,0,3,135,decode_target,11,13,12,1,902,555,218,57,3,0,3,1055,8,10,0,0,0,0,0,0,45,lru,0,0,0,0,0,0,16,15,16,0,1,0,1
layer,10,0,3,135,decode_target,12,13,13,0,0,0,249,0,0,0,0,23,8,2,0,0,0,0,0,0,45,lru,0,0,0,0,0,0,16,16,16,0,0,0,1
layer,10,0,3,135,decode_target,13,14,12,2,1834,1131,228,157,2,0,2,2068,8,13,0,0,0,0,0,0,45,lru,0,0,0,0,0,0,16,14,16,0,2,0,1
layer,10,0,3,135,decode_target,14,13,11,2,1854,1111,195,152,2,0,2,2149,8,11,0,0,0,0,0,0,45,lru,0,0,0,0,0,0,16,14,16,0,2,0,1
layer,10,0,3,135,decode_target,15,15,12,3,2885,1711,229,394,2,0,2,3252,8,14,0,0,0,0,0,0,45,lru,0,0,0,0,0,0,16,13,16,0,3,0,1
layer,10,0,3,135,decode_target,16,13,13,0,0,0,251,0,0,0,0,22,8,2,0,0,0,0,0,0,45,lru,0,0,0,0,0,0,16,16,16,0,0,0,1
layer,10,0,3,135,decode_target,17,13,11,2,1867,1166,221,193,1,0,1,2105,8,5,0,0,0,0,0,0,45,lru,0,0,0,0,0,0,16,14,16,0,2,0,1
layer,10,0,3,135,decode_target,18,14,12,2,1841,1131,205,339,1,0,1,2160,8,14,0,0,0,0,0,0,45,lru,0,0,0,0,0,0,16,14,16,0,2,0,1
layer,10,0,3,135,decode_target,19,15,14,1,891,585,228,86,1,0,1,1029,8,8,0,0,0,0,0,0,45,lru,0,0,0,0,0,0,16,15,16,0,1,0,1
layer,10,0,3,135,decode_target,20,13,10,3,2746,1720,224,239,2,0,2,3071,8,15,0,0,0,0,0,0,45,lru,0,0,0,0,0,0,16,13,16,0,3,0,1
layer,10,0,3,135,decode_target,21,12,10,2,1797,1086,218,123,2,0,2,2053,8,3,0,0,0,0,0,0,45,lru,0,0,0,0,0,0,16,14,16,0,2,0,1
layer,10,0,3,135,decode_target,22,12,10,2,1717,1133,196,312,2,0,2,2085,10,15,0,0,0,0,0,0,45,lru,0,0,0,0,0,0,16,14,16,0,2,0,1
layer,10,0,3,135,decode_target,23,15,13,2,1839,1117,229,276,2,0,2,2059,8,12,0,0,0,0,0,0,45,lru,0,0,0,0,0,0,16,14,16,0,2,0,1
layer,10,0,3,135,decode_target,24,13,11,2,1814,1148,222,238,2,0,2,2063,8,9,0,0,0,0,0,0,45,lru,0,0,0,0,0,0,16,14,16,0,2,0,1
layer,10,0,3,135,decode_target,25,12,11,1,876,595,219,109,1,0,1,1006,8,9,0,0,0,0,0,0,45,lru,0,0,0,0,0,0,16,15,16,0,1,0,1
layer,10,0,3,135,decode_target,26,11,11,0,0,0,206,0,0,0,0,21,8,2,0,0,0,0,0,0,45,lru,0,0,0,0,0,0,16,16,16,0,0,0,1
layer,10,0,3,135,decode_target,27,14,13,1,928,565,229,95,1,0,1,1058,8,12,0,0,0,0,0,0,45,lru,0,0,0,0,0,0,16,15,16,0,1,0,1
layer,10,0,3,135,decode_target,28,11,11,0,0,0,239,0,0,0,0,21,8,2,0,0,0,0,0,0,45,lru,0,0,0,0,0,0,16,16,16,0,0,0,1
layer,10,0,3,135,decode_target,29,12,11,1,893,588,220,31,1,0,1,1036,8,19,0,0,0,0,0,0,45,lru,0,0,0,0,0,0,16,15,16,0,1,0,1
layer,10,0,3,135,decode_target,30,14,13,1,931,569,206,159,1,0,1,1064,8,8,0,0,0,0,0,0,45,lru,0,0,0,0,0,0,16,15,16,0,1,0,1
layer,10,0,3,135,decode_target,31,12,12,0,0,0,242,0,0,0,0,21,8,2,0,0,0,0,0,0,45,lru,0,0,0,0,0,0,16,16,16,0,0,0,1
layer,10,0,3,135,decode_target,32,13,11,2,1879,1101,223,174,2,0,2,2133,8,13,0,0,0,0,0,0,45,lru,0,0,0,0,0,0,16,13,16,0,2,0,1
layer,10,0,3,135,decode_target,33,11,9,2,1762,1120,211,229,1,0,1,2065,9,7,0,0,0,0,0,0,45,lru,0,0,0,0,0,0,16,13,16,0,2,0,1
layer,10,0,3,135,decode_target,34,11,9,2,1972,1139,189,133,2,0,2,2205,8,9,0,0,0,0,0,0,45,lru,0,0,0,0,0,0,16,12,16,0,2,0,1
layer,10,0,3,135,decode_target,35,9,7,2,1815,1176,201,192,2,0,2,2064,8,10,0,0,0,0,0,0,45,lru,0,0,0,0,0,0,16,12,16,0,2,0,1
layer,10,0,3,135,decode_target,36,9,6,3,3018,1677,200,200,2,0,2,3320,8,6,0,0,0,0,0,0,45,lru,0,0,0,0,0,0,16,10,16,0,3,0,1
layer,10,0,3,135,decode_target,37,11,7,4,3830,2258,215,355,2,0,2,4244,8,10,0,0,0,0,0,0,45,lru,0,0,0,0,0,0,16,11,16,0,4,0,1
layer,10,0,3,135,decode_target,38,11,7,4,3841,2318,187,473,1,0,1,4289,9,7,0,0,0,0,0,0,45,lru,0,0,0,0,0,0,16,10,16,0,4,0,1
layer,10,0,3,135,decode_target,39,10,8,2,1839,1071,932,66,2,0,2,2013,8,7,0,0,0,0,0,0,45,lru,0,0,0,0,0,0,16,12,16,0,2,0,1
request,10,0,3,0,decode_target,-1,0,0,0,0,0,0,0,0,0,0,0,0,0,0,0,0,0,0,0,0,,83156,480,0,0,17,0,0,0,0,0,0,0,0
layer,11,0,3,135,decode_mtp_process,40,13,13,0,0,0,148,0,0,0,0,25,11,2,0,0,0,0,0,0,45,lru,0,0,0,0,0,0,16,16,16,0,0,0,1
request,11,0,3,0,decode_mtp_process,-1,0,0,0,0,0,0,0,0,0,0,0,0,0,0,0,0,0,0,0,0,,653,16,0,0,5,0,0,0,0,0,0,0,0
layer,12,0,4,135,decode_mtp_draft,40,8,6,2,1931,1150,873,127,1,0,1,2165,11,5,0,0,0,0,0,0,45,lru,0,0,0,0,0,0,8,6,8,0,2,0,1
request,12,0,4,0,decode_mtp_draft,-1,0,0,0,0,0,0,0,0,0,0,0,0,0,0,0,0,0,0,0,0,,3651,25,0,0,6,0,0,0,0,0,0,0,0
layer,13,0,4,138,decode_target,0,13,10,3,2787,1717,232,237,3,0,3,3116,9,8,0,0,0,0,0,0,45,lru,0,0,0,0,0,0,16,13,16,0,3,0,1
layer,13,0,4,138,decode_target,1,9,9,0,0,0,226,0,0,0,0,23,9,2,0,0,0,0,0,0,45,lru,0,0,0,0,0,0,16,16,16,0,0,0,1
layer,13,0,4,138,decode_target,2,10,10,0,0,0,205,0,0,0,0,19,8,2,0,0,0,0,0,0,45,lru,0,0,0,0,0,0,16,16,16,0,0,0,1
layer,13,0,4,138,decode_target,3,9,7,2,1869,1108,202,113,2,0,2,2085,8,6,0,0,0,0,0,0,45,lru,0,0,0,0,0,0,16,13,16,0,2,0,0
layer,13,0,4,138,decode_target,4,10,9,1,881,578,207,102,3,0,3,1114,8,10,0,0,0,0,0,0,45,lru,0,0,0,0,0,0,16,14,16,0,1,0,1
layer,13,0,4,138,decode_target,5,9,7,2,1796,1133,204,153,3,0,3,2051,8,10,0,0,0,0,0,0,45,lru,0,0,0,0,0,0,16,13,16,0,2,0,1
layer,13,0,4,138,decode_target,6,11,10,1,944,560,191,84,3,0,3,1097,8,11,0,0,0,0,0,0,45,lru,0,0,0,0,0,0,16,15,16,0,1,0,1
layer,13,0,4,138,decode_target,7,11,11,0,0,0,236,0,0,0,0,22,8,2,0,0,0,0,0,0,45,lru,0,0,0,0,0,0,16,16,16,0,0,0,1
layer,13,0,4,138,decode_target,8,11,11,0,0,0,235,0,0,0,0,21,8,2,0,0,0,0,0,0,45,lru,0,0,0,0,0,0,16,16,16,0,0,0,0
layer,13,0,4,138,decode_target,9,11,10,1,855,587,214,60,2,0,2,997,7,13,0,0,0,0,0,0,45,lru,0,0,0,0,0,0,16,15,16,0,1,0,0
layer,13,0,4,138,decode_target,10,11,10,1,872,600,190,51,2,0,2,1003,8,8,0,0,0,0,0,0,45,lru,0,0,0,0,0,0,16,15,16,0,1,0,1
layer,13,0,4,138,decode_target,11,11,10,1,866,580,210,86,2,0,2,1005,8,14,0,0,0,0,0,0,45,lru,0,0,0,0,0,0,16,15,16,0,1,0,0
layer,13,0,4,138,decode_target,12,12,11,1,880,576,218,37,2,0,2,1049,8,22,0,0,0,0,0,0,45,lru,0,0,0,0,0,0,16,15,16,0,1,0,1
layer,13,0,4,138,decode_target,13,9,9,0,0,0,229,0,0,0,0,20,8,2,0,0,0,0,0,0,45,lru,0,0,0,0,0,0,16,16,16,0,0,0,1
layer,13,0,4,138,decode_target,14,11,11,0,0,0,209,0,0,0,0,21,8,2,0,0,0,0,0,0,45,lru,0,0,0,0,0,0,16,16,16,0,0,0,0
layer,13,0,4,138,decode_target,15,9,9,0,0,0,231,0,0,0,0,20,8,1,0,0,0,0,0,0,45,lru,0,0,0,0,0,0,16,16,16,0,0,0,1
layer,13,0,4,138,decode_target,16,10,10,0,0,0,234,0,0,0,0,18,8,2,0,0,0,0,0,0,45,lru,0,0,0,0,0,0,16,16,16,0,0,0,1
layer,13,0,4,138,decode_target,17,11,11,0,0,0,239,0,0,0,0,18,8,1,0,0,0,0,0,0,45,lru,0,0,0,0,0,0,16,16,16,0,0,0,1
layer,13,0,4,138,decode_target,18,11,8,3,2836,1709,190,261,2,0,2,3297,7,15,0,0,0,0,0,0,45,lru,0,0,0,0,0,0,16,12,16,0,3,0,0
layer,13,0,4,138,decode_target,19,9,9,0,0,0,229,0,0,0,0,20,8,2,0,0,0,0,0,0,45,lru,0,0,0,0,0,0,16,16,16,0,0,0,1
layer,13,0,4,138,decode_target,20,12,12,0,0,0,243,0,0,0,0,19,7,2,0,0,0,0,0,0,45,lru,0,0,0,0,0,0,16,16,16,0,0,0,0
layer,13,0,4,138,decode_target,21,9,9,0,0,0,228,0,0,0,0,18,8,1,0,0,0,0,0,0,45,lru,0,0,0,0,0,0,16,16,16,0,0,0,1
layer,13,0,4,138,decode_target,22,11,11,0,0,0,210,0,0,0,0,18,8,2,0,0,0,0,0,0,45,lru,0,0,0,0,0,0,16,16,16,0,0,0,0
layer,13,0,4,138,decode_target,23,11,11,0,0,0,237,0,0,0,0,18,8,2,0,0,0,0,0,0,45,lru,0,0,0,0,0,0,16,16,16,0,0,0,0
layer,13,0,4,138,decode_target,24,12,11,1,907,580,219,114,1,0,1,1067,8,21,0,0,0,0,0,0,45,lru,0,0,0,0,0,0,16,15,16,0,1,0,1
layer,13,0,4,138,decode_target,25,11,9,2,1864,1109,213,250,2,0,2,2136,8,13,0,0,0,0,0,0,45,lru,0,0,0,0,0,0,16,14,16,0,2,0,1
layer,13,0,4,138,decode_target,26,9,9,0,0,0,198,0,0,0,0,20,8,2,0,0,0,0,0,0,45,lru,0,0,0,0,0,0,16,16,16,0,0,0,1
layer,13,0,4,138,decode_target,27,12,12,0,0,0,244,0,0,0,0,19,8,2,0,0,0,0,0,0,45,lru,0,0,0,0,0,0,16,16,16,0,0,0,1
layer,13,0,4,138,decode_target,28,11,10,1,884,571,212,23,1,0,1,993,8,8,0,0,0,0,0,0,45,lru,0,0,0,0,0,0,16,15,16,0,1,0,1
layer,13,0,4,138,decode_target,29,13,13,0,0,0,251,0,0,0,0,20,8,2,0,0,0,0,0,0,45,lru,0,0,0,0,0,0,16,16,16,0,0,0,1
layer,13,0,4,138,decode_target,30,11,11,0,0,0,207,0,0,0,0,18,7,2,0,0,0,0,0,0,45,lru,0,0,0,0,0,0,16,16,16,0,0,0,1
layer,13,0,4,138,decode_target,31,10,10,0,0,0,233,0,0,0,0,18,8,2,0,0,0,0,0,0,45,lru,0,0,0,0,0,0,16,16,16,0,0,0,0
layer,13,0,4,138,decode_target,32,11,11,0,0,0,237,0,0,0,0,18,8,2,0,0,0,0,0,0,45,lru,0,0,0,0,0,0,16,16,16,0,0,0,0
layer,13,0,4,138,decode_target,33,9,9,0,0,0,230,0,0,0,0,18,8,2,0,0,0,0,0,0,45,lru,0,0,0,0,0,0,16,16,16,0,0,0,1
layer,13,0,4,138,decode_target,34,10,9,1,870,539,187,121,1,0,1,1066,7,18,0,0,0,0,0,0,45,lru,0,0,0,0,0,0,16,15,16,0,1,0,0
layer,13,0,4,138,decode_target,35,10,10,0,0,0,238,0,0,0,0,20,8,2,0,0,0,0,0,0,45,lru,0,0,0,0,0,0,16,16,16,0,0,0,1
layer,13,0,4,138,decode_target,36,10,9,1,856,573,208,117,1,0,1,999,8,15,0,0,0,0,0,0,45,lru,0,0,0,0,0,0,16,14,16,0,1,0,0
layer,13,0,4,138,decode_target,37,12,11,1,904,571,221,123,1,0,1,1021,8,13,0,0,0,0,0,0,45,lru,0,0,0,0,0,0,16,15,16,0,1,0,1
layer,13,0,4,138,decode_target,38,8,8,0,0,0,194,0,0,0,0,20,9,2,0,0,0,0,0,0,45,lru,0,0,0,0,0,0,16,16,16,0,0,0,1
layer,13,0,4,138,decode_target,39,10,9,1,847,563,936,106,1,0,1,1037,8,12,0,0,0,0,0,0,45,lru,0,0,0,0,0,0,16,15,16,0,1,0,0
request,13,0,4,0,decode_target,-1,0,0,0,0,0,0,0,0,0,0,0,0,0,0,0,0,0,0,0,0,,38112,308,0,0,17,0,0,0,0,0,0,0,0
layer,14,0,4,138,decode_mtp_process,40,12,11,1,910,569,118,58,1,0,1,1051,11,6,0,0,0,0,0,0,45,lru,0,0,0,0,0,0,16,15,16,0,1,0,1
request,14,0,4,0,decode_mtp_process,-1,0,0,0,0,0,0,0,0,0,0,0,0,0,0,0,0,0,0,0,0,,1820,22,0,0,6,0,0,0,0,0,0,0,0
layer,15,0,5,138,decode_mtp_draft,40,8,8,0,0,0,896,0,0,0,0,21,10,2,0,0,0,0,0,0,45,lru,0,0,0,0,0,0,8,8,8,0,0,0,1
request,15,0,5,0,decode_mtp_draft,-1,0,0,0,0,0,0,0,0,0,0,0,0,0,0,0,0,0,0,0,0,,1344,19,0,0,6,0,0,0,0,0,0,0,0
layer,16,0,5,141,decode_target,0,16,13,3,2822,1731,248,254,2,0,2,3161,10,12,0,0,0,0,0,0,45,lru,0,0,0,0,0,0,16,13,16,0,3,0,1
layer,16,0,5,141,decode_target,1,12,11,1,894,590,219,91,3,0,3,1002,10,9,0,0,0,0,0,0,45,lru,0,0,0,0,0,0,16,15,16,0,1,0,1
layer,16,0,5,141,decode_target,2,10,10,0,0,0,200,0,0,0,0,21,8,2,0,0,0,0,0,0,45,lru,0,0,0,0,0,0,16,16,16,0,0,0,1
layer,16,0,5,141,decode_target,3,12,9,3,2901,1679,212,287,3,0,3,3288,8,11,0,0,0,0,0,0,45,lru,0,0,0,0,0,0,16,12,16,0,3,0,1
layer,16,0,5,141,decode_target,4,11,10,1,881,589,214,79,2,0,2,1073,8,15,0,0,0,0,0,0,45,lru,0,0,0,0,0,0,16,15,16,0,1,0,1
layer,16,0,5,141,decode_target,5,13,11,2,1898,1128,227,170,3,0,3,2167,8,27,0,0,0,0,0,0,45,lru,0,0,0,0,0,0,16,14,16,0,2,0,1
layer,16,0,5,141,decode_target,6,12,11,1,942,562,195,76,2,0,2,1045,8,8,0,0,0,0,0,0,45,lru,0,0,0,0,0,0,16,15,16,0,1,0,1
layer,16,0,5,141,decode_target,7,13,12,1,926,554,219,160,2,0,2,1104,8,11,0,0,0,0,0,0,45,lru,0,0,0,0,0,0,16,15,16,0,1,0,1
layer,16,0,5,141,decode_target,8,13,12,1,855,573,223,60,2,0,2,1015,8,8,0,0,0,0,0,0,45,lru,0,0,0,0,0,0,16,15,16,0,1,0,1
layer,16,0,5,141,decode_target,9,14,10,4,3902,2342,231,332,2,0,2,4329,8,17,0,0,0,0,0,0,45,lru,0,0,0,0,0,0,16,11,16,0,4,0,1
layer,16,0,5,141,decode_target,10,14,11,3,2875,1714,205,334,2,0,2,3252,8,25,0,0,0,0,0,0,45,lru,0,0,0,0,0,0,16,13,16,0,3,0,1
layer,16,0,5,141,decode_target,11,14,13,1,876,577,222,61,2,0,2,1013,10,6,0,0,0,0,0,0,45,lru,0,0,0,0,0,0,16,15,16,0,1,0,1
layer,16,0,5,141,decode_target,12,14,11,3,2829,1727,228,225,3,0,3,3103,8,10,0,0,0,0,0,0,45,lru,0,0,0,0,0,0,16,12,16,0,3,0,1
layer,16,0,5,141,decode_target,13,14,14,0,0,0,249,0,0,0,0,22,8,2,0,0,0,0,0,0,45,lru,0,0,0,0,0,0,16,16,16,0,0,0,1
layer,16,0,5,141,decode_target,14,13,12,1,912,604,198,91,2,0,2,1071,8,11,0,0,0,0,0,0,45,lru,0,0,0,0,0,0,16,15,16,0,1,0,1
layer,16,0,5,141,decode_target,15,14,12,2,1841,1101,223,186,3,0,3,2116,7,13,0,0,0,0,0,0,45,lru,0,0,0,0,0,0,16,14,16,0,2,0,1
layer,16,0,5,141,decode_target,16,11,10,1,932,586,214,149,1,0,1,1088,8,10,0,0,0,0,0,0,45,lru,0,0,0,0,0,0,16,15,16,0,1,0,1
layer,16,0,5,141,decode_target,17,14,13,1,876,566,228,86,1,0,1,1038,8,10,0,0,0,0,0,0,45,lru,0,0,0,0,0,0,16,15,16,0,1,0,1
layer,16,0,5,141,decode_target,18,13,11,2,1869,1109,199,245,1,0,1,2189,8,23,0,0,0,0,0,0,45,lru,0,0,0,0,0,0,16,14,16,0,2,0,1
layer,16,0,5,141,decode_target,19,12,11,1,889,559,215,81,1,0,1,1079,8,10,0,0,0,0,0,0,45,lru,0,0,0,0,0,0,16,15,16,0,1,0,1
layer,16,0,5,141,decode_target,20,11,10,1,863,601,214,47,1,0,1,972,8,6,0,0,0,0,0,0,45,lru,0,0,0,0,0,0,16,15,16,0,1,0,1
layer,16,0,5,141,decode_target,21,12,11,1,864,572,220,82,1,0,1,984,8,13,0,0,0,0,0,0,45,lru,0,0,0,0,0,0,16,15,16,0,1,0,1
layer,16,0,5,141,decode_target,22,12,10,2,1815,1144,195,102,1,0,1,2097,8,11,0,0,0,0,0,0,45,lru,0,0,0,0,0,0,16,14,16,0,2,0,1
layer,16,0,5,141,decode_target,23,15,13,2,1855,1114,226,253,2,0,2,2151,8,15,0,0,0,0,0,0,45,lru,0,0,0,0,0,0,16,14,16,0,2,0,1
layer,16,0,5,141,decode_target,24,14,11,3,2773,1657,227,371,2,0,2,3110,8,8,0,0,0,0,0,0,45,lru,0,0,0,0,0,0,16,13,16,0,3,0,1
layer,16,0,5,141,decode_target,25,12,12,0,0,0,239,0,0,0,0,21,8,2,0,0,0,0,0,0,45,lru,0,0,0,0,0,0,16,16,16,0,0,0,1
layer,16,0,5,141,decode_target,26,11,11,0,0,0,200,0,0,0,0,19,8,2,0,0,0,0,0,0,45,lru,0,0,0,0,0,0,16,16,16,0,0,0,1
layer,16,0,5,141,decode_target,27,14,14,0,0,0,250,0,0,0,0,19,8,2,0,0,0,0,0,0,45,lru,0,0,0,0,0,0,16,16,16,0,0,0,1
layer,16,0,5,141,decode_target,28,12,11,1,894,487,216,96,1,0,1,1028,8,5,0,0,0,0,0,0,45,lru,0,0,0,0,0,0,16,15,16,0,1,0,1
layer,16,0,5,141,decode_target,29,12,10,2,1857,1154,221,125,1,0,1,2104,9,8,0,0,0,0,0,0,45,lru,0,0,0,0,0,0,16,14,16,0,2,0,1
layer,16,0,5,141,decode_target,30,14,13,1,900,552,205,54,1,0,1,1038,8,12,0,0,0,0,0,0,45,lru,0,0,0,0,0,0,16,15,16,0,1,0,1
layer,16,0,5,141,decode_target,31,13,13,0,0,0,242,0,0,0,0,19,8,2,0,0,0,0,0,0,45,lru,0,0,0,0,0,0,16,16,16,0,0,0,1
layer,16,0,5,141,decode_target,32,12,12,0,0,0,240,0,0,0,0,19,8,2,0,0,0,0,0,0,45,lru,0,0,0,0,0,0,16,16,16,0,0,0,1
layer,16,0,5,141,decode_target,33,12,11,1,893,591,220,65,1,0,1,1034,7,9,0,0,0,0,0,0,45,lru,0,0,0,0,0,0,16,15,16,0,1,0,1
layer,16,0,5,141,decode_target,34,11,10,1,861,564,190,131,1,0,1,1081,8,16,0,0,0,0,0,0,45,lru,0,0,0,0,0,0,16,15,16,0,1,0,1
layer,16,0,5,141,decode_target,35,11,10,1,861,573,211,116,1,0,1,980,8,14,0,0,0,0,0,0,45,lru,0,0,0,0,0,0,16,15,16,0,1,0,1
layer,16,0,5,141,decode_target,36,10,10,0,0,0,233,0,0,0,0,20,8,2,0,0,0,0,0,0,45,lru,0,0,0,0,0,0,16,16,16,0,0,0,1
layer,16,0,5,141,decode_target,37,11,10,1,884,564,215,104,1,0,1,1120,9,23,0,0,0,0,0,0,45,lru,0,0,0,0,0,0,16,15,16,0,1,0,1
layer,16,0,5,141,decode_target,38,12,11,1,888,580,194,71,1,0,1,1064,8,9,0,0,0,0,0,0,45,lru,0,0,0,0,0,0,16,15,16,0,1,0,0
layer,16,0,5,141,decode_target,39,11,10,1,870,593,936,210,1,0,1,1056,8,13,0,0,0,0,0,0,45,lru,0,0,0,0,0,0,16,15,16,0,1,0,1
request,16,0,5,0,decode_target,-1,0,0,0,0,0,0,0,0,0,0,0,0,0,0,0,0,0,0,0,0,,69063,436,0,0,28,0,0,0,0,0,0,0,0
layer,17,0,5,141,decode_mtp_process,40,13,13,0,0,0,146,0,0,0,0,23,11,2,0,0,0,0,0,0,45,lru,0,0,0,0,0,0,16,16,16,0,0,0,1
request,17,0,5,0,decode_mtp_process,-1,0,0,0,0,0,0,0,0,0,0,0,0,0,0,0,0,0,0,0,0,,653,17,0,0,6,0,0,0,0,0,0,0,0
layer,18,0,6,141,decode_mtp_draft,40,8,7,1,879,612,867,130,1,0,1,1067,10,12,0,0,0,0,0,0,45,lru,0,0,0,0,0,0,8,7,8,0,1,0,1
request,18,0,6,0,decode_mtp_draft,-1,0,0,0,0,0,0,0,0,0,0,0,0,0,0,0,0,0,0,0,0,,2630,34,0,0,15,0,0,0,0,0,0,0,0
layer,19,0,6,144,decode_target,0,11,10,1,881,591,226,53,2,0,2,982,10,9,0,0,0,0,0,0,45,lru,0,0,0,0,0,0,16,15,16,0,1,0,1
layer,19,0,6,144,decode_target,1,10,10,0,0,0,232,0,0,0,0,30,12,2,0,0,0,0,0,0,45,lru,0,0,0,0,0,0,16,16,16,0,0,0,1
layer,19,0,6,144,decode_target,2,10,9,1,927,567,184,26,2,0,2,1030,8,4,0,0,0,0,0,0,45,lru,0,0,0,0,0,0,16,15,16,0,1,0,1
layer,19,0,6,144,decode_target,3,12,11,1,880,586,218,148,2,0,2,1056,8,7,0,0,0,0,0,0,45,lru,0,0,0,0,0,0,16,15,16,0,1,0,1
layer,19,0,6,144,decode_target,4,11,10,1,871,572,214,104,2,0,2,1029,8,10,0,0,0,0,0,0,45,lru,0,0,0,0,0,0,16,15,16,0,1,0,1
layer,19,0,6,144,decode_target,5,13,10,3,2886,1724,223,246,3,0,3,3205,8,13,0,0,0,0,0,0,45,lru,0,0,0,0,0,0,16,13,16,0,3,0,1
layer,19,0,6,144,decode_target,6,10,9,1,949,561,183,33,1,0,1,1107,8,7,0,0,0,0,0,0,45,lru,0,0,0,0,0,0,16,15,16,0,1,0,1
layer,19,0,6,144,decode_target,7,9,9,0,0,0,224,0,0,0,0,21,8,2,0,0,0,0,0,0,45,lru,0,0,0,0,0,0,16,16,16,0,0,0,1
layer,19,0,6,144,decode_target,8,10,8,2,1858,1163,208,265,3,0,3,2152,8,10,0,0,0,0,0,0,45,lru,0,0,0,0,0,0,16,14,16,0,2,0,0
layer,19,0,6,144,decode_target,9,11,11,0,0,0,236,0,0,0,0,21,8,1,0,0,0,0,0,0,45,lru,0,0,0,0,0,0,16,16,16,0,0,0,1
layer,19,0,6,144,decode_target,10,11,10,1,876,582,190,158,2,0,2,1116,8,18,0,0,0,0,0,0,45,lru,0,0,0,0,0,0,16,15,16,0,1,0,0
layer,19,0,6,144,decode_target,11,11,11,0,0,0,234,0,0,0,0,21,8,2,0,0,0,0,0,0,45,lru,0,0,0,0,0,0,16,16,16,0,0,0,1
layer,19,0,6,144,decode_target,12,10,10,0,0,0,227,0,0,0,0,19,8,2,0,0,0,0,0,0,45,lru,0,0,0,0,0,0,16,16,16,0,0,0,0
layer,19,0,6,144,decode_target,13,11,11,0,0,0,237,0,0,0,0,19,8,2,0,0,0,0,0,0,45,lru,0,0,0,0,0,0,16,16,16,0,0,0,1
layer,19,0,6,144,decode_target,14,10,9,1,888,592,183,176,2,0,2,1095,8,22,0,0,0,0,0,0,45,lru,0,0,0,0,0,0,16,15,16,0,1,0,1
layer,19,0,6,144,decode_target,15,10,10,0,0,0,232,0,0,0,0,20,8,2,0,0,0,0,0,0,45,lru,0,0,0,0,0,0,16,16,16,0,0,0,1
layer,19,0,6,144,decode_target,16,12,11,1,899,548,219,87,1,0,1,1052,8,11,0,0,0,0,0,0,45,lru,0,0,0,0,0,0,16,15,16,0,1,0,1
layer,19,0,6,144,decode_target,17,11,10,1,856,585,214,48,1,0,1,1046,8,17,0,0,0,0,0,0,45,lru,0,0,0,0,0,0,16,15,16,0,1,0,1
layer,19,0,6,144,decode_target,18,10,9,1,858,556,184,160,1,0,1,1090,8,12,0,0,0,0,0,0,45,lru,0,0,0,0,0,0,16,15,16,0,1,0,1
layer,19,0,6,144,decode_target,19,12,10,2,1869,1133,215,141,2,0,2,2099,8,12,0,0,0,0,0,0,45,lru,0,0,0,0,0,0,16,14,16,0,2,0,1
layer,19,0,6,144,decode_target,20,8,8,0,0,0,219,0,0,0,0,20,8,2,0,0,0,0,0,0,45,lru,0,0,0,0,0,0,16,16,16,0,0,0,1
layer,19,0,6,144,decode_target,21,11,11,0,0,0,237,0,0,0,0,18,8,1,0,0,0,0,0,0,45,lru,0,0,0,0,0,0,16,16,16,0,0,0,1
layer,19,0,6,144,decode_target,22,10,9,1,866,560,185,83,1,0,1,974,7,7,0,0,0,0,0,0,45,lru,0,0,0,0,0,0,16,15,16,0,1,0,1
layer,19,0,6,144,decode_target,23,10,9,1,876,539,206,151,1,0,1,1135,8,12,0,0,0,0,0,0,45,lru,0,0,0,0,0,0,16,14,16,0,1,0,0
layer,19,0,6,144,decode_target,24,10,10,0,0,0,228,0,0,0,0,20,8,2,0,0,0,0,0,0,45,lru,0,0,0,0,0,0,16,16,16,0,0,0,0
layer,19,0,6,144,decode_target,25,10,10,0,0,0,232,0,0,0,0,18,8,2,0,0,0,0,0,0,45,lru,0,0,0,0,0,0,16,16,16,0,0,0,0
layer,19,0,6,144,decode_target,26,10,9,1,851,559,183,86,1,0,1,969,8,20,0,0,0,0,0,0,45,lru,0,0,0,0,0,0,16,15,16,0,1,0,1
layer,19,0,6,144,decode_target,27,10,10,0,0,0,233,0,0,0,0,19,8,2,0,0,0,0,0,0,45,lru,0,0,0,0,0,0,16,16,16,0,0,0,1
layer,19,0,6,144,decode_target,28,11,10,1,897,502,221,251,1,0,1,1182,8,6,0,0,0,0,0,0,45,lru,0,0,0,0,0,0,16,15,16,0,1,0,0
layer,19,0,6,144,decode_target,29,11,11,0,0,0,237,0,0,0,0,20,8,2,0,0,0,0,0,0,45,lru,0,0,0,0,0,0,16,16,16,0,0,0,1
layer,19,0,6,144,decode_target,30,11,11,0,0,0,204,0,0,0,0,18,8,2,0,0,0,0,0,0,45,lru,0,0,0,0,0,0,16,16,16,0,0,0,1
layer,19,0,6,144,decode_target,31,12,11,1,912,561,216,107,1,0,1,1054,7,11,0,0,0,0,0,0,45,lru,0,0,0,0,0,0,16,15,16,0,1,0,0
layer,19,0,6,144,decode_target,32,11,11,0,0,0,236,0,0,0,0,19,8,2,0,0,0,0,0,0,45,lru,0,0,0,0,0,0,16,16,16,0,0,0,1
layer,19,0,6,144,decode_target,33,11,9,2,1805,1153,214,245,2,0,2,2074,8,6,0,0,0,0,0,0,45,lru,0,0,0,0,0,0,16,14,16,0,2,0,1
layer,19,0,6,144,decode_target,34,10,8,2,1847,1149,187,158,1,0,1,2084,8,16,0,0,0,0,0,0,45,lru,0,0,0,0,0,0,16,14,16,0,2,0,0
layer,19,0,6,144,decode_target,35,10,10,0,0,0,232,0,0,0,0,20,9,2,0,0,0,0,0,0,45,lru,0,0,0,0,0,0,16,16,16,0,0,0,1
layer,19,0,6,144,decode_target,36,9,7,2,1915,1076,203,140,1,0,1,2100,8,6,0,0,0,0,0,0,45,lru,0,0,0,0,0,0,16,13,16,0,2,0,1
layer,19,0,6,144,decode_target,37,10,9,1,893,577,211,123,1,0,1,1042,8,9,0,0,0,0,0,0,45,lru,0,0,0,0,0,0,16,14,16,0,1,0,0
layer,19,0,6,144,decode_target,38,10,9,1,857,568,187,42,1,0,1,984,7,4,0,0,0,0,0,0,45,lru,0,0,0,0,0,0,16,15,16,0,1,0,1
layer,19,0,6,144,decode_target,39,9,9,0,0,0,945,0,0,0,0,19,8,2,0,0,0,0,0,0,45,lru,0,0,0,0,0,0,16,16,16,0,0,0,1
request,19,0,6,0,decode_target,-1,0,0,0,0,0,0,0,0,0,0,0,0,0,0,0,0,0,0,0,0,,44961,334,0,0,15,0,0,0,0,0,0,0,0
layer,20,0,6,144,decode_mtp_process,40,10,9,1,874,609,109,87,1,0,1,1018,11,20,0,0,0,0,0,0,45,lru,0,0,0,0,0,0,16,15,16,0,1,0,1
request,20,0,6,0,decode_mtp_process,-1,0,0,0,0,0,0,0,0,0,0,0,0,0,0,0,0,0,0,0,0,,1773,19,0,0,5,0,0,0,0,0,0,0,0
layer,21,0,7,144,decode_mtp_draft,40,8,6,2,1948,1120,874,115,1,0,1,2279,10,11,0,0,0,0,0,0,45,lru,0,0,0,0,0,0,8,6,8,0,2,0,1
request,21,0,7,0,decode_mtp_draft,-1,0,0,0,0,0,0,0,0,0,0,0,0,0,0,0,0,0,0,0,0,,3675,25,0,0,6,0,0,0,0,0,0,0,0
layer,22,0,7,147,decode_target,0,14,7,7,7349,4207,237,805,2,0,2,8165,12,10,0,0,0,0,0,0,45,lru,0,0,0,0,0,0,16,9,16,0,7,0,1
layer,22,0,7,147,decode_target,1,12,9,3,3018,1788,216,193,2,0,2,3324,8,10,0,0,0,0,0,0,45,lru,0,0,0,0,0,0,16,13,16,0,3,0,2
layer,22,0,7,147,decode_target,2,11,10,1,926,596,190,68,2,0,2,1076,8,7,0,0,0,0,0,0,45,lru,0,0,0,0,0,0,16,15,16,0,1,0,1
layer,22,0,7,147,decode_target,3,12,11,1,920,559,215,146,2,0,2,1122,8,6,0,0,0,0,0,0,45,lru,0,0,0,0,0,0,16,15,16,0,1,0,1
layer,22,0,7,147,decode_target,4,11,11,0,0,0,233,0,0,0,0,22,8,2,0,0,0,0,0,0,45,lru,0,0,0,0,0,0,16,16,16,0,0,0,1
layer,22,0,7,147,decode_target,5,11,10,1,912,590,216,62,2,0,2,1066,8,9,0,0,0,0,0,0,45,lru,0,0,0,0,0,0,16,15,16,0,1,0,0
layer,22,0,7,147,decode_target,6,11,10,1,933,610,189,100,2,0,2,1103,8,14,0,0,0,0,0,0,45,lru,0,0,0,0,0,0,16,15,16,0,1,0,1
layer,22,0,7,147,decode_target,7,12,11,1,974,564,219,77,2,0,2,1078,8,10,0,0,0,0,0,0,45,lru,0,0,0,0,0,0,16,15,16,0,1,0,1
layer,22,0,7,147,decode_target,8,12,11,1,893,598,218,96,2,0,2,1081,8,16,0,0,0,0,0,0,45,lru,0,0,0,0,0,0,16,15,16,0,1,0,1
layer,22,0,7,147,decode_target,9,13,12,1,854,591,224,65,2,0,2,983,8,7,0,0,0,0,0,0,45,lru,0,0,0,0,0,0,16,15,16,0,1,0,1
layer,22,0,7,147,decode_target,10,14,12,2,1925,1164,205,230,2,0,2,2152,8,17,0,0,0,0,0,0,45,lru,0,0,0,0,0,0,16,14,16,0,2,0,1
layer,22,0,7,147,decode_target,11,12,10,2,1836,1151,214,294,3,0,3,2121,8,12,0,0,0,0,0,0,45,lru,0,0,0,0,0,0,16,14,16,0,2,0,1
layer,22,0,7,147,decode_target,12,12,11,1,863,581,218,129,2,0,2,1011,8,11,0,0,0,0,0,0,45,lru,0,0,0,0,0,0,16,15,16,0,1,0,1
layer,22,0,7,147,decode_target,13,11,11,0,0,0,235,0,0,0,0,20,8,2,0,0,0,0,0,0,45,lru,0,0,0,0,0,0,16,16,16,0,0,0,1
layer,22,0,7,147,decode_target,14,10,10,0,0,0,198,0,0,0,0,20,7,2,0,0,0,0,0,0,45,lru,0,0,0,0,0,0,16,16,16,0,0,0,1
layer,22,0,7,147,decode_target,15,14,13,1,924,601,228,61,2,0,2,1037,7,6,0,0,0,0,0,0,45,lru,0,0,0,0,0,0,16,15,16,0,1,0,0
layer,22,0,7,147,decode_target,16,12,9,3,2945,1728,218,201,1,0,1,3268,8,14,0,0,0,0,0,0,45,lru,0,0,0,0,0,0,16,13,16,0,3,0,1
layer,22,0,7,147,decode_target,17,12,11,1,876,590,218,114,1,0,1,1065,8,8,0,0,0,0,0,0,45,lru,0,0,0,0,0,0,16,15,16,0,1,0,1
layer,22,0,7,147,decode_target,18,13,12,1,963,561,200,74,1,0,1,1078,9,14,0,0,0,0,0,0,45,lru,0,0,0,0,0,0,16,15,16,0,1,0,1
layer,22,0,7,147,decode_target,19,12,11,1,856,583,215,162,1,0,1,1070,8,6,0,0,0,0,0,0,45,lru,0,0,0,0,0,0,16,15,16,0,1,0,1
layer,22,0,7,147,decode_target,20,11,11,0,0,0,232,0,0,0,0,20,8,2,0,0,0,0,0,0,45,lru,0,0,0,0,0,0,16,16,16,0,0,0,1
layer,22,0,7,147,decode_target,21,10,10,0,0,0,231,0,0,0,0,18,8,2,0,0,0,0,0,0,45,lru,0,0,0,0,0,0,16,16,16,0,0,0,0
layer,22,0,7,147,decode_target,22,11,10,1,842,592,193,125,1,0,1,1009,8,9,0,0,0,0,0,0,45,lru,0,0,0,0,0,0,16,15,16,0,1,0,0
layer,22,0,7,147,decode_target,23,11,9,2,1810,1095,208,131,2,0,2,2023,8,22,0,0,0,0,0,0,45,lru,0,0,0,0,0,0,16,14,16,0,2,0,1
layer,22,0,7,147,decode_target,24,12,11,1,842,572,216,41,1,0,1,992,8,5,0,0,0,0,0,0,45,lru,0,0,0,0,0,0,16,15,16,0,1,0,1
layer,22,0,7,147,decode_target,25,11,11,0,0,0,236,0,0,0,0,20,8,2,0,0,0,0,0,0,45,lru,0,0,0,0,0,0,16,16,16,0,0,0,1
layer,22,0,7,147,decode_target,26,10,10,0,0,0,197,0,0,0,0,18,8,2,0,0,0,0,0,0,45,lru,0,0,0,0,0,0,16,16,16,0,0,0,1
layer,22,0,7,147,decode_target,27,10,10,0,0,0,231,0,0,0,0,17,8,1,0,0,0,0,0,0,45,lru,0,0,0,0,0,0,16,16,16,0,0,0,0
layer,22,0,7,147,decode_target,28,11,9,2,1844,1111,212,317,2,0,2,2198,7,8,0,0,0,0,0,0,45,lru,0,0,0,0,0,0,16,14,16,0,2,0,1
layer,22,0,7,147,decode_target,29,12,12,0,0,0,243,0,0,0,0,20,9,2,0,0,0,0,0,0,45,lru,0,0,0,0,0,0,16,16,16,0,0,0,1
layer,22,0,7,147,decode_target,30,12,12,0,0,0,208,0,0,0,0,18,8,2,0,0,0,0,0,0,45,lru,0,0,0,0,0,0,16,16,16,0,0,0,1
layer,22,0,7,147,decode_target,31,13,13,0,0,0,244,0,0,0,0,17,7,2,0,0,0,0,0,0,45,lru,0,0,0,0,0,0,16,16,16,0,0,0,1
layer,22,0,7,147,decode_target,32,11,11,0,0,0,235,0,0,0,0,17,8,2,0,0,0,0,0,0,45,lru,0,0,0,0,0,0,16,16,16,0,0,0,1
layer,22,0,7,147,decode_target,33,11,10,1,859,541,215,150,1,0,1,1069,8,9,0,0,0,0,0,0,45,lru,0,0,0,0,0,0,16,15,16,0,1,0,1
layer,22,0,7,147,decode_target,34,11,11,0,0,0,210,0,0,0,0,19,7,2,0,0,0,0,0,0,45,lru,0,0,0,0,0,0,16,16,16,0,0,0,1
layer,22,0,7,147,decode_target,35,10,10,0,0,0,231,0,0,0,0,18,8,2,0,0,0,0,0,0,45,lru,0,0,0,0,0,0,16,16,16,0,0,0,1
layer,22,0,7,147,decode_target,36,11,11,0,0,0,237,0,0,0,0,20,9,2,0,0,0,0,0,0,45,lru,0,0,0,0,0,0,16,16,16,0,0,0,1
layer,22,0,7,147,decode_target,37,11,11,0,0,0,243,0,0,0,0,23,7,8,0,0,0,0,0,0,45,lru,0,0,0,0,0,0,16,16,16,0,0,0,1
layer,22,0,7,147,decode_target,38,11,11,0,0,0,208,0,0,0,0,18,8,1,0,0,0,0,0,0,45,lru,0,0,0,0,0,0,16,16,16,0,0,0,0
layer,22,0,7,147,decode_target,39,11,10,1,853,577,939,62,2,0,2,995,8,8,0,0,0,0,0,0,45,lru,0,0,0,0,0,0,16,15,16,0,1,0,1
request,22,0,7,0,decode_target,-1,0,0,0,0,0,0,0,0,0,0,0,0,0,0,0,0,0,0,0,0,,54367,368,0,0,18,0,0,0,0,0,0,0,0
layer,23,0,7,147,decode_mtp_process,40,13,12,1,946,548,120,32,1,0,1,1125,11,15,0,0,0,0,0,0,45,lru,0,0,0,0,0,0,16,15,16,0,1,0,1
request,23,0,7,0,decode_mtp_process,-1,0,0,0,0,0,0,0,0,0,0,0,0,0,0,0,0,0,0,0,0,,1859,20,0,0,6,0,0,0,0,0,0,0,0
layer,24,0,8,147,decode_mtp_draft,40,8,8,0,0,0,896,0,0,0,0,22,10,2,0,0,0,0,0,0,45,lru,0,0,0,0,0,0,8,8,8,0,0,0,1
request,24,0,8,0,decode_mtp_draft,-1,0,0,0,0,0,0,0,0,0,0,0,0,0,0,0,0,0,0,0,0,,1358,19,0,0,6,0,0,0,0,0,0,0,0
layer,25,0,8,150,decode_target,0,15,11,4,3950,2373,240,274,2,0,2,4384,10,15,0,0,0,0,0,0,45,lru,0,0,0,0,0,0,16,12,16,0,4,0,1
layer,25,0,8,150,decode_target,1,11,10,1,942,575,216,49,2,0,2,1052,9,6,0,0,0,0,0,0,45,lru,0,0,0,0,0,0,16,15,16,0,1,0,1
layer,25,0,8,150,decode_target,2,12,10,2,1937,1142,197,296,2,0,2,2226,8,7,0,0,0,0,0,0,45,lru,0,0,0,0,0,0,16,14,16,0,2,0,1
layer,25,0,8,150,decode_target,3,11,10,1,943,570,207,102,2,0,2,1118,8,12,0,0,0,0,0,0,45,lru,0,0,0,0,0,0,16,15,16,0,1,0,1
layer,25,0,8,150,decode_target,4,10,8,2,1882,1171,205,160,3,0,3,2046,8,7,0,0,0,0,0,0,45,lru,0,0,0,0,0,0,16,13,16,0,2,0,1
layer,25,0,8,150,decode_target,5,12,10,2,1870,1162,223,237,3,0,3,2097,9,5,0,0,0,0,0,0,45,lru,0,0,0,0,0,0,16,14,16,0,2,0,1
layer,25,0,8,150,decode_target,6,11,9,2,1958,1149,187,247,3,0,3,2266,8,18,0,0,0,0,0,0,45,lru,0,0,0,0,0,0,16,14,16,0,2,0,1
layer,25,0,8,150,decode_target,7,9,8,1,928,575,204,110,2,0,2,1072,8,7,0,0,0,0,0,0,45,lru,0,0,0,0,0,0,16,15,16,0,1,0,1
layer,25,0,8,150,decode_target,8,11,10,1,882,577,215,195,2,0,2,1071,8,19,0,0,0,0,0,0,45,lru,0,0,0,0,0,0,16,15,16,0,1,0,1
layer,25,0,8,150,decode_target,9,10,10,0,0,0,230,0,0,0,0,21,9,2,0,0,0,0,0,0,45,lru,0,0,0,0,0,0,16,16,16,0,0,0,1
layer,25,0,8,150,decode_target,10,13,11,2,1820,1126,203,281,3,0,3,2085,8,7,0,0,0,0,0,0,45,lru,0,0,0,0,0,0,16,14,16,0,2,0,1
layer,25,0,8,150,decode_target,11,11,11,0,0,0,230,0,0,0,0,22,9,2,0,0,0,0,0,0,45,lru,0,0,0,0,0,0,16,16,16,0,0,0,1
layer,25,0,8,150,decode_target,12,12,11,1,945,605,218,45,2,0,2,1053,7,7,0,0,0,0,0,0,45,lru,0,0,0,0,0,0,16,15,16,0,1,0,1
layer,25,0,8,150,decode_target,13,13,13,0,0,0,246,0,0,0,0,22,8,2,0,0,0,0,0,0,45,lru,0,0,0,0,0,0,16,16,16,0,0,0,1
layer,25,0,8,150,decode_target,14,11,11,0,0,0,202,0,0,0,0,20,8,2,0,0,0,0,0,0,45,lru,0,0,0,0,0,0,16,16,16,0,0,0,1
layer,25,0,8,150,decode_target,15,11,11,0,0,0,232,0,0,0,0,19,8,2,0,0,0,0,0,0,45,lru,0,0,0,0,0,0,16,16,16,0,0,0,0
layer,25,0,8,150,decode_target,16,11,11,0,0,0,233,0,0,0,0,19,7,2,0,0,0,0,0,0,45,lru,0,0,0,0,0,0,16,16,16,0,0,0,1
layer,25,0,8,150,decode_target,17,13,11,2,1906,1194,222,150,2,0,2,2163,7,16,0,0,0,0,0,0,45,lru,0,0,0,0,0,0,16,14,16,0,2,0,0
layer,25,0,8,150,decode_target,18,11,10,1,926,584,192,50,1,0,1,1048,7,5,0,0,0,0,0,0,45,lru,0,0,0,0,0,0,16,15,16,0,1,0,1
layer,25,0,8,150,decode_target,19,11,11,0,0,0,230,0,0,0,0,19,8,2,0,0,0,0,0,0,45,lru,0,0,0,0,0,0,16,16,16,0,0,0,0
layer,25,0,8,150,decode_target,20,11,10,1,906,589,214,44,1,0,1,1007,8,13,0,0,0,0,0,0,45,lru,0,0,0,0,0,0,16,15,16,0,1,0,1
layer,25,0,8,150,decode_target,21,11,10,1,891,582,216,96,1,0,1,1051,9,11,0,0,0,0,0,0,45,lru,0,0,0,0,0,0,16,15,16,0,1,0,1
layer,25,0,8,150,decode_target,22,12,12,0,0,0,213,0,0,0,0,21,9,2,0,0,0,0,0,0,45,lru,0,0,0,0,0,0,16,16,16,0,0,0,1
layer,25,0,8,150,decode_target,23,14,13,1,897,559,222,49,1,0,1,1057,8,15,0,0,0,0,0,0,45,lru,0,0,0,0,0,0,16,15,16,0,1,0,1
layer,25,0,8,150,decode_target,24,13,12,1,902,582,223,100,1,0,1,1000,8,10,0,0,0,0,0,0,45,lru,0,0,0,0,0,0,16,15,16,0,1,0,1
layer,25,0,8,150,decode_target,25,12,12,0,0,0,239,0,0,0,0,19,7,2,0,0,0,0,0,0,45,lru,0,0,0,0,0,0,16,16,16,0,0,0,1
layer,25,0,8,150,decode_target,26,11,10,1,910,576,185,36,1,0,1,1014,8,11,0,0,0,0,0,0,45,lru,0,0,0,0,0,0,16,15,16,0,1,0,1
layer,25,0,8,150,decode_target,27,10,10,0,0,0,232,0,0,0,0,20,9,2,0,0,0,0,0,0,45,lru,0,0,0,0,0,0,16,16,16,0,0,0,1
layer,25,0,8,150,decode_target,28,11,11,0,0,0,232,0,0,0,0,18,8,2,0,0,0,0,0,0,45,lru,0,0,0,0,0,0,16,16,16,0,0,0,1
layer,25,0,8,150,decode_target,29,12,12,0,0,0,243,0,0,0,0,18,7,2,0,0,0,0,0,0,45,lru,0,0,0,0,0,0,16,16,16,0,0,0,1
layer,25,0,8,150,decode_target,30,11,11,0,0,0,202,0,0,0,0,18,8,2,0,0,0,0,0,0,45,lru,0,0,0,0,0,0,16,16,16,0,0,0,1
layer,25,0,8,150,decode_target,31,11,11,0,0,0,234,0,0,0,0,21,11,2,0,0,0,0,0,0,45,lru,0,0,0,0,0,0,16,16,16,0,0,0,1
layer,25,0,8,150,decode_target,32,10,10,0,0,0,228,0,0,0,0,18,7,2,0,0,0,0,0,0,45,lru,0,0,0,0,0,0,16,16,16,0,0,0,1
layer,25,0,8,150,decode_target,33,11,10,1,864,589,217,181,1,0,1,1090,8,15,0,0,0,0,0,0,45,lru,0,0,0,0,0,0,16,15,16,0,1,0,1
layer,25,0,8,150,decode_target,34,12,12,0,0,0,215,0,0,0,0,19,8,2,0,0,0,0,0,0,45,lru,0,0,0,0,0,0,16,16,16,0,0,0,1
layer,25,0,8,150,decode_target,35,9,9,0,0,0,226,0,0,0,0,20,9,2,0,0,0,0,0,0,45,lru,0,0,0,0,0,0,16,16,16,0,0,0,1
layer,25,0,8,150,decode_target,36,9,9,0,0,0,227,0,0,0,0,18,8,2,0,0,0,0,0,0,45,lru,0,0,0,0,0,0,16,16,16,0,0,0,1
layer,25,0,8,150,decode_target,37,11,11,0,0,0,242,0,0,0,0,17,8,2,0,0,0,0,0,0,45,lru,0,0,0,0,0,0,16,16,16,0,0,0,1
layer,25,0,8,150,decode_target,38,10,10,0,0,0,204,0,0,0,0,18,8,2,0,0,0,0,0,0,45,lru,0,0,0,0,0,0,16,16,16,0,0,0,1
layer,25,0,8,150,decode_target,39,10,10,0,0,0,949,0,0,0,0,18,8,1,0,0,0,0,0,0,45,lru,0,0,0,0,0,0,16,16,16,0,0,0,0
request,25,0,8,0,decode_target,-1,0,0,0,0,0,0,0,0,0,0,0,0,0,0,0,0,0,0,0,0,,43775,551,0,0,234,0,0,0,0,0,0,0,0
layer,26,0,8,150,decode_mtp_process,40,11,11,0,0,0,136,0,0,0,0,23,11,3,0,0,0,0,0,0,45,lru,0,0,0,0,0,0,16,16,16,0,0,0,1
request,26,0,8,0,decode_mtp_process,-1,0,0,0,0,0,0,0,0,0,0,0,0,0,0,0,0,0,0,0,0,,656,17,0,0,6,0,0,0,0,0,0,0,0
layer,27,0,9,150,decode_mtp_draft,40,8,8,0,0,0,902,0,0,0,0,22,11,2,0,0,0,0,0,0,45,lru,0,0,0,0,0,0,8,8,8,0,0,0,1
request,27,0,9,0,decode_mtp_draft,-1,0,0,0,0,0,0,0,0,0,0,0,0,0,0,0,0,0,0,0,0,,1352,25,0,0,7,0,0,0,0,0,0,0,0
layer,28,0,9,153,decode_target,0,14,11,3,2971,1698,248,302,2,0,2,3336,9,16,0,0,0,0,0,0,45,lru,0,0,0,0,0,0,16,13,16,0,3,0,1
layer,28,0,9,153,decode_target,1,9,9,0,0,0,224,0,0,0,0,21,9,2,0,0,0,0,0,0,45,lru,0,0,0,0,0,0,16,16,16,0,0,0,1
layer,28,0,9,153,decode_target,2,11,10,1,956,544,192,23,2,0,2,1127,8,15,0,0,0,0,0,0,45,lru,0,0,0,0,0,0,16,15,16,0,1,0,1
layer,28,0,9,153,decode_target,3,11,11,0,0,0,233,0,0,0,0,21,8,1,0,0,0,0,0,0,45,lru,0,0,0,0,0,0,16,16,16,0,0,0,1
layer,28,0,9,153,decode_target,4,12,12,0,0,0,238,0,0,0,0,20,8,2,0,0,0,0,0,0,45,lru,0,0,0,0,0,0,16,16,16,0,0,0,1
layer,28,0,9,153,decode_target,5,12,11,1,914,549,220,124,2,0,2,1146,8,10,0,0,0,0,0,0,45,lru,0,0,0,0,0,0,16,14,16,0,1,0,1
layer,28,0,9,153,decode_target,6,10,10,0,0,0,199,0,0,0,0,24,8,2,0,0,0,0,0,0,45,lru,0,0,0,0,0,0,16,16,16,0,0,0,4
layer,28,0,9,153,decode_target,7,10,10,0,0,0,228,0,0,0,0,19,8,2,0,0,0,0,0,0,45,lru,0,0,0,0,0,0,16,16,16,0,0,0,0
layer,28,0,9,153,decode_target,8,11,10,1,994,536,213,77,2,0,2,1208,7,15,0,0,0,0,0,0,45,lru,0,0,0,0,0,0,16,15,16,0,1,0,1
layer,28,0,9,153,decode_target,9,12,11,1,850,546,220,51,2,0,2,963,8,12,0,0,0,0,0,0,45,lru,0,0,0,0,0,0,16,15,16,0,1,0,1
layer,28,0,9,153,decode_target,10,12,10,2,1847,1135,195,181,2,0,2,2052,8,12,0,0,0,0,0,0,45,lru,0,0,0,0,0,0,16,14,16,0,2,0,1
layer,28,0,9,153,decode_target,11,11,11,0,0,0,230,0,0,0,0,21,8,2,0,0,0,0,0,0,45,lru,0,0,0,0,0,0,16,16,16,0,0,0,1
layer,28,0,9,153,decode_target,12,11,11,0,0,0,231,0,0,0,0,20,8,2,0,0,0,0,0,0,45,lru,0,0,0,0,0,0,16,16,16,0,0,0,1
layer,28,0,9,153,decode_target,13,14,13,1,921,590,232,97,2,0,2,1086,8,10,0,0,0,0,0,0,45,lru,0,0,0,0,0,0,16,15,16,0,1,0,1
layer,28,0,9,153,decode_target,14,11,10,1,1173,571,188,40,2,0,2,1371,8,20,0,0,0,0,0,0,45,lru,0,0,0,0,0,0,16,15,16,0,1,0,1
layer,28,0,9,153,decode_target,15,12,11,1,980,602,218,165,2,0,2,1194,8,19,0,0,0,0,0,0,45,lru,0,0,0,0,0,0,16,15,16,0,1,0,1
layer,28,0,9,153,decode_target,16,12,12,0,0,0,238,0,0,0,0,20,8,2,0,0,0,0,0,0,45,lru,0,0,0,0,0,0,16,16,16,0,0,0,1
layer,28,0,9,153,decode_target,17,12,11,1,969,564,219,92,1,0,1,1094,8,10,0,0,0,0,0,0,45,lru,0,0,0,0,0,0,16,15,16,0,1,0,1
layer,28,0,9,153,decode_target,18,11,10,1,928,579,191,135,1,0,1,1079,8,9,0,0,0,0,0,0,45,lru,0,0,0,0,0,0,16,15,16,0,1,0,1
layer,28,0,9,153,decode_target,19,12,11,1,956,566,217,80,1,0,1,1049,8,6,0,0,0,0,0,0,45,lru,0,0,0,0,0,0,16,15,16,0,1,0,1
layer,28,0,9,153,decode_target,20,11,11,0,0,0,234,0,0,0,0,20,8,2,0,0,0,0,0,0,45,lru,0,0,0,0,0,0,16,16,16,0,0,0,1
layer,28,0,9,153,decode_target,21,12,12,0,0,0,240,0,0,0,0,18,8,2,0,0,0,0,0,0,45,lru,0,0,0,0,0,0,16,16,16,0,0,0,1
layer,28,0,9,153,decode_target,22,13,12,1,886,593,202,118,1,0,1,1032,8,7,0,0,0,0,0,0,45,lru,0,0,0,0,0,0,16,15,16,0,1,0,1
layer,28,0,9,153,decode_target,23,12,11,1,892,584,212,33,1,0,1,997,8,10,0,0,0,0,0,0,45,lru,0,0,0,0,0,0,16,15,16,0,1,0,1
layer,28,0,9,153,decode_target,24,10,10,0,0,0,229,0,0,0,0,19,8,2,0,0,0,0,0,0,45,lru,0,0,0,0,0,0,16,16,16,0,0,0,1
layer,28,0,9,153,decode_target,25,11,11,0,0,0,236,0,0,0,0,17,8,2,0,0,0,0,0,0,45,lru,0,0,0,0,0,0,16,16,16,0,0,0,1
layer,28,0,9,153,decode_target,26,10,10,0,0,0,197,0,0,0,0,18,8,2,0,0,0,0,0,0,45,lru,0,0,0,0,0,0,16,16,16,0,0,0,1
layer,28,0,9,153,decode_target,27,10,10,0,0,0,231,0,0,0,0,18,7,2,0,0,0,0,0,0,45,lru,0,0,0,0,0,0,16,16,16,0,0,0,1
layer,28,0,9,153,decode_target,28,10,10,0,0,0,227,0,0,0,0,17,8,2,0,0,0,0,0,0,45,lru,0,0,0,0,0,0,16,16,16,0,0,0,0
layer,28,0,9,153,decode_target,29,12,12,0,0,0,243,0,0,0,0,18,8,2,0,0,0,0,0,0,45,lru,0,0,0,0,0,0,16,16,16,0,0,0,1
layer,28,0,9,153,decode_target,30,12,11,1,919,589,193,148,1,0,1,1080,8,11,0,0,0,0,0,0,45,lru,0,0,0,0,0,0,16,15,16,0,1,0,1
layer,28,0,9,153,decode_target,31,11,11,0,0,0,234,0,0,0,0,20,8,2,0,0,0,0,0,0,45,lru,0,0,0,0,0,0,16,16,16,0,0,0,1
layer,28,0,9,153,decode_target,32,11,11,0,0,0,233,0,0,0,0,19,8,2,0,0,0,0,0,0,45,lru,0,0,0,0,0,0,16,16,16,0,0,0,0
layer,28,0,9,153,decode_target,33,10,8,2,1995,1162,207,224,2,0,2,2235,7,8,0,0,0,0,0,0,45,lru,0,0,0,0,0,0,16,14,16,0,2,0,0
layer,28,0,9,153,decode_target,34,13,13,0,0,0,223,0,0,0,0,21,9,2,0,0,0,0,0,0,45,lru,0,0,0,0,0,0,16,16,16,0,0,0,1
layer,28,0,9,153,decode_target,35,10,9,1,1011,548,204,71,1,0,1,1164,8,6,0,0,0,0,0,0,45,lru,0,0,0,0,0,0,16,15,16,0,1,0,1
layer,28,0,9,153,decode_target,36,10,10,0,0,0,233,0,0,0,0,20,8,2,0,0,0,0,0,0,45,lru,0,0,0,0,0,0,16,16,16,0,0,0,1
layer,28,0,9,153,decode_target,37,10,10,0,0,0,237,0,0,0,0,18,8,2,0,0,0,0,0,0,45,lru,0,0,0,0,0,0,16,16,16,0,0,0,1
layer,28,0,9,153,decode_target,38,11,10,1,880,587,190,123,1,0,1,1036,8,8,0,0,0,0,0,0,45,lru,0,0,0,0,0,0,16,15,16,0,1,0,0
layer,28,0,9,153,decode_target,39,10,9,1,845,555,933,55,1,0,1,982,8,13,0,0,0,0,0,0,45,lru,0,0,0,0,0,0,16,15,16,0,1,0,1
request,28,0,9,0,decode_target,-1,0,0,0,0,0,0,0,0,0,0,0,0,0,0,0,0,0,0,0,0,,38278,307,0,0,20,0,0,0,0,0,0,0,0
layer,29,0,9,153,decode_mtp_process,40,10,9,1,955,556,108,165,1,0,1,1196,11,9,0,0,0,0,0,0,45,lru,0,0,0,0,0,0,16,15,16,0,1,0,1
request,29,0,9,0,decode_mtp_process,-1,0,0,0,0,0,0,0,0,0,0,0,0,0,0,0,0,0,0,0,0,,1895,21,0,0,7,0,0,0,0,0,0,0,0
layer,30,0,11,153,decode_mtp_draft,40,8,7,1,892,563,867,78,1,0,1,1083,11,11,0,0,0,0,0,0,45,lru,0,0,0,0,0,0,8,7,8,0,1,0,1
request,30,0,11,0,decode_mtp_draft,-1,0,0,0,0,0,0,0,0,0,0,0,0,0,0,0,0,0,0,0,0,,2499,22,0,0,6,0,0,0,0,0,0,0,0
layer,31,0,11,156,decode_target,0,12,8,4,4255,2326,228,503,2,0,2,4796,10,15,0,0,0,0,0,0,45,lru,0,0,0,0,0,0,16,12,16,0,4,0,1
layer,31,0,11,156,decode_target,1,12,11,1,944,558,220,112,2,0,2,1095,9,10,0,0,0,0,0,0,45,lru,0,0,0,0,0,0,16,15,16,0,1,0,1
layer,31,0,11,156,decode_target,2,11,10,1,919,590,190,27,2,0,2,1050,8,9,0,0,0,0,0,0,45,lru,0,0,0,0,0,0,16,15,16,0,1,0,1
layer,31,0,11,156,decode_target,3,12,12,0,0,0,238,0,0,0,0,21,8,2,0,0,0,0,0,0,45,lru,0,0,0,0,0,0,16,16,16,0,0,0,1
layer,31,0,11,156,decode_target,4,10,9,1,860,575,206,119,2,0,2,1010,8,13,0,0,0,0,0,0,45,lru,0,0,0,0,0,0,16,15,16,0,1,0,1
layer,31,0,11,156,decode_target,5,11,10,1,893,594,218,130,2,0,2,1110,8,14,0,0,0,0,0,0,45,lru,0,0,0,0,0,0,16,15,16,0,1,0,1
layer,31,0,11,156,decode_target,6,12,11,1,939,530,195,133,2,0,2,1138,8,16,0,0,0,0,0,0,45,lru,0,0,0,0,0,0,16,15,16,0,1,0,1
layer,31,0,11,156,decode_target,7,12,11,1,925,556,216,242,2,0,2,1113,8,26,0,0,0,0,0,0,45,lru,0,0,0,0,0,0,16,15,16,0,1,0,1
layer,31,0,11,156,decode_target,8,10,10,0,0,0,228,0,0,0,0,20,8,2,0,0,0,0,0,0,45,lru,0,0,0,0,0,0,16,16,16,0,0,0,1
layer,31,0,11,156,decode_target,9,14,14,0,0,0,253,0,0,0,0,20,7,2,0,0,0,0,0,0,45,lru,0,0,0,0,0,0,16,16,16,0,0,0,1
layer,31,0,11,156,decode_target,10,11,11,0,0,0,202,0,0,0,0,19,8,2,0,0,0,0,0,0,45,lru,0,0,0,0,0,0,16,16,16,0,0,0,1
layer,31,0,11,156,decode_target,11,12,11,1,894,560,217,127,2,0,2,1021,8,8,0,0,0,0,0,0,45,lru,0,0,0,0,0,0,16,15,16,0,1,0,1
layer,31,0,11,156,decode_target,12,13,11,2,1976,1158,221,172,2,0,2,2193,7,6,0,0,0,0,0,0,45,lru,0,0,0,0,0,0,16,14,16,0,2,0,1
layer,31,0,11,156,decode_target,13,13,10,3,3063,1729,225,303,2,0,2,3342,8,6,0,0,0,0,0,0,45,lru,0,0,0,0,0,0,16,13,16,0,3,0,1
layer,31,0,11,156,decode_target,14,11,11,0,0,0,201,0,0,0,0,21,8,2,0,0,0,0,0,0,45,lru,0,0,0,0,0,0,16,16,16,0,0,0,1
layer,31,0,11,156,decode_target,15,12,12,0,0,0,238,0,0,0,0,20,8,2,0,0,0,0,0,0,45,lru,0,0,0,0,0,0,16,16,16,0,0,0,1
layer,31,0,11,156,decode_target,16,12,11,1,852,605,219,104,1,0,1,1050,7,11,0,0,0,0,0,0,45,lru,0,0,0,0,0,0,16,15,16,0,1,0,1
layer,31,0,11,156,decode_target,17,10,10,0,0,0,228,0,0,0,0,20,9,1,0,0,0,0,0,0,45,lru,0,0,0,0,0,0,16,16,16,0,0,0,1
layer,31,0,11,156,decode_target,18,13,12,1,927,575,205,108,1,0,1,1113,8,11,0,0,0,0,0,0,45,lru,0,0,0,0,0,0,16,15,16,0,1,0,0
layer,31,0,11,156,decode_target,19,11,9,2,1892,1129,206,188,2,0,2,2102,8,16,0,0,0,0,0,0,45,lru,0,0,0,0,0,0,16,14,16,0,2,0,1
layer,31,0,11,156,decode_target,20,11,10,1,901,552,214,97,1,0,1,1042,9,10,0,0,0,0,0,0,45,lru,0,0,0,0,0,0,16,15,16,0,1,0,1
layer,31,0,11,156,decode_target,21,11,11,0,0,0,234,0,0,0,0,20,8,2,0,0,0,0,0,0,45,lru,0,0,0,0,0,0,16,16,16,0,0,0,1
layer,31,0,11,156,decode_target,22,11,10,1,899,563,193,23,1,0,1,1083,8,9,0,0,0,0,0,0,45,lru,0,0,0,0,0,0,16,15,16,0,1,0,1
layer,31,0,11,156,decode_target,23,11,11,0,0,0,231,0,0,0,0,20,8,2,0,0,0,0,0,0,45,lru,0,0,0,0,0,0,16,16,16,0,0,0,1
layer,31,0,11,156,decode_target,24,11,11,0,0,0,233,0,0,0,0,19,8,2,0,0,0,0,0,0,45,lru,0,0,0,0,0,0,16,16,16,0,0,0,0
layer,31,0,11,156,decode_target,25,10,10,0,0,0,229,0,0,0,0,17,7,2,0,0,0,0,0,0,45,lru,0,0,0,0,0,0,16,16,16,0,0,0,0
layer,31,0,11,156,decode_target,26,10,9,1,912,554,183,72,1,0,1,1035,8,9,0,0,0,0,0,0,45,lru,0,0,0,0,0,0,16,14,16,0,1,0,0
layer,31,0,11,156,decode_target,27,10,10,0,0,0,231,0,0,0,0,20,8,2,0,0,0,0,0,0,45,lru,0,0,0,0,0,0,16,16,16,0,0,0,1
layer,31,0,11,156,decode_target,28,10,10,0,0,0,226,0,0,0,0,18,8,2,0,0,0,0,0,0,45,lru,0,0,0,0,0,0,16,16,16,0,0,0,0
layer,31,0,11,156,decode_target,29,11,11,0,0,0,235,0,0,0,0,18,8,2,0,0,0,0,0,0,45,lru,0,0,0,0,0,0,16,16,16,0,0,0,0
layer,31,0,11,156,decode_target,30,11,11,0,0,0,207,0,0,0,0,18,8,2,0,0,0,0,0,0,45,lru,0,0,0,0,0,0,16,16,16,0,0,0,1
layer,31,0,11,156,decode_target,31,11,11,0,0,0,232,0,0,0,0,18,7,2,0,0,0,0,0,0,45,lru,0,0,0,0,0,0,16,16,16,0,0,0,0
layer,31,0,11,156,decode_target,32,12,12,0,0,0,237,0,0,0,0,18,8,2,0,0,0,0,0,0,45,lru,0,0,0,0,0,0,16,16,16,0,0,0,0
layer,31,0,11,156,decode_target,33,11,11,0,0,0,235,0,0,0,0,18,7,2,0,0,0,0,0,0,45,lru,0,0,0,0,0,0,16,16,16,0,0,0,1
layer,31,0,11,156,decode_target,34,11,11,0,0,0,210,0,0,0,0,19,8,2,0,0,0,0,0,0,45,lru,0,0,0,0,0,0,16,16,16,0,0,0,0
layer,31,0,11,156,decode_target,35,10,9,1,845,594,206,176,1,0,1,1042,8,13,0,0,0,0,0,0,45,lru,0,0,0,0,0,0,16,15,16,0,1,0,0
layer,31,0,11,156,decode_target,36,11,11,0,0,0,238,0,0,0,0,20,8,2,0,0,0,0,0,0,45,lru,0,0,0,0,0,0,16,16,16,0,0,0,1
layer,31,0,11,156,decode_target,37,10,10,0,0,0,237,0,0,0,0,18,8,2,0,0,0,0,0,0,45,lru,0,0,0,0,0,0,16,16,16,0,0,0,1
layer,31,0,11,156,decode_target,38,12,12,0,0,0,214,0,0,0,0,17,7,1,0,0,0,0,0,0,45,lru,0,0,0,0,0,0,16,16,16,0,0,0,1
layer,31,0,11,156,decode_target,39,13,13,0,0,0,961,0,0,0,0,18,7,2,0,0,0,0,0,0,45,lru,0,0,0,0,0,0,16,16,16,0,0,0,1
request,31,0,11,0,decode_target,-1,0,0,0,0,0,0,0,0,0,0,0,0,0,0,0,0,0,0,0,0,,39278,311,0,0,17,0,0,0,0,0,0,0,0
layer,32,0,11,156,decode_mtp_process,40,13,13,0,0,0,144,0,0,0,0,23,11,2,0,0,0,0,0,0,45,lru,0,0,0,0,0,0,16,16,16,0,0,0,1
request,32,0,11,0,decode_mtp_process,-1,0,0,0,0,0,0,0,0,0,0,0,0,0,0,0,0,0,0,0,0,,636,18,0,0,6,0,0,0,0,0,0,0,0
layer,33,0,12,156,decode_mtp_draft,40,8,6,2,2035,1143,876,228,1,0,1,2303,11,15,0,0,0,0,0,0,45,lru,0,0,0,0,0,0,8,6,8,0,2,0,1
request,33,0,12,0,decode_mtp_draft,-1,0,0,0,0,0,0,0,0,0,0,0,0,0,0,0,0,0,0,0,0,,3837,25,0,0,6,0,0,0,0,0,0,0,0
layer,34,0,12,159,decode_target,0,12,7,5,5517,2935,228,757,2,0,2,6044,10,8,0,0,0,0,0,0,45,lru,0,0,0,0,0,0,16,10,16,0,5,0,1
layer,34,0,12,159,decode_target,1,11,9,2,2090,1202,214,172,2,0,2,2288,14,8,0,0,0,0,0,0,45,lru,0,0,0,0,0,0,16,14,16,0,2,0,2
layer,34,0,12,159,decode_target,2,13,8,5,5545,2918,197,860,2,0,2,6215,8,9,0,0,0,0,0,0,45,lru,0,0,0,0,0,0,16,11,16,0,5,0,1
layer,34,0,12,159,decode_target,3,14,10,4,4304,2344,220,665,2,0,2,4787,8,13,0,0,0,0,0,0,45,lru,0,0,0,0,0,0,16,12,16,0,4,0,1
layer,34,0,12,159,decode_target,4,12,12,0,0,0,238,0,0,0,0,23,8,2,0,0,0,0,0,0,45,lru,0,0,0,0,0,0,16,16,16,0,0,0,1
layer,34,0,12,159,decode_target,5,11,9,2,1955,1183,214,312,2,0,2,2255,8,7,0,0,0,0,0,0,45,lru,0,0,0,0,0,0,16,14,16,0,2,0,1
layer,34,0,12,159,decode_target,6,12,12,0,0,0,214,0,0,0,0,21,8,2,0,0,0,0,0,0,45,lru,0,0,0,0,0,0,16,16,16,0,0,0,1
layer,34,0,12,159,decode_target,7,15,15,0,0,0,249,0,0,0,0,20,8,2,0,0,0,0,0,0,45,lru,0,0,0,0,0,0,16,16,16,0,0,0,1
layer,34,0,12,159,decode_target,8,10,9,1,959,537,219,89,2,0,2,1200,8,13,0,0,0,0,0,0,45,lru,0,0,0,0,0,0,16,15,16,0,1,0,1
layer,34,0,12,159,decode_target,9,12,11,1,907,600,221,64,2,0,2,1063,8,19,0,0,0,0,0,0,45,lru,0,0,0,0,0,0,16,15,16,0,1,0,1
layer,34,0,12,159,decode_target,10,12,9,3,3032,1757,196,348,2,0,2,3334,8,10,0,0,0,0,0,0,45,lru,0,0,0,0,0,0,16,13,16,0,3,0,1
layer,34,0,12,159,decode_target,11,12,12,0,0,0,235,0,0,0,0,21,8,2,0,0,0,0,0,0,45,lru,0,0,0,0,0,0,16,16,16,0,0,0,1
layer,34,0,12,159,decode_target,12,13,12,1,914,577,223,152,2,0,2,1118,8,6,0,0,0,0,0,0,45,lru,0,0,0,0,0,0,16,15,16,0,1,0,1
layer,34,0,12,159,decode_target,13,10,10,0,0,0,229,0,0,0,0,21,9,2,0,0,0,0,0,0,45,lru,0,0,0,0,0,0,16,16,16,0,0,0,1
layer,34,0,12,159,decode_target,14,14,14,0,0,0,222,0,0,0,0,20,8,2,0,0,0,0,0,0,45,lru,0,0,0,0,0,0,16,16,16,0,0,0,1
layer,34,0,12,159,decode_target,15,15,13,2,2045,1196,228,303,1,0,1,2338,7,10,0,0,0,0,0,0,45,lru,0,0,0,0,0,0,16,14,16,0,2,0,1
layer,34,0,12,159,decode_target,16,14,12,2,2002,1179,228,318,1,0,1,2253,8,8,0,0,0,0,0,0,45,lru,0,0,0,0,0,0,16,14,16,0,2,0,1
layer,34,0,12,159,decode_target,17,12,10,2,1923,1171,219,256,1,0,1,2215,9,13,0,0,0,0,0,0,45,lru,0,0,0,0,0,0,16,14,16,0,2,0,1
layer,34,0,12,159,decode_target,18,10,10,0,0,0,199,0,0,0,0,20,8,2,0,0,0,0,0,0,45,lru,0,0,0,0,0,0,16,16,16,0,0,0,1
layer,34,0,12,159,decode_target,19,14,13,1,935,583,227,88,1,0,1,1037,8,10,0,0,0,0,0,0,45,lru,0,0,0,0,0,0,16,15,16,0,1,0,1
layer,34,0,12,159,decode_target,20,10,9,1,884,618,211,56,1,0,1,1093,8,10,0,0,0,0,0,0,45,lru,0,0,0,0,0,0,16,14,16,0,1,0,1
layer,34,0,12,159,decode_target,21,12,12,0,0,0,242,0,0,0,0,20,8,2,0,0,0,0,0,0,45,lru,0,0,0,0,0,0,16,16,16,0,0,0,1
layer,34,0,12,159,decode_target,22,12,12,0,0,0,211,0,0,0,0,19,8,2,0,0,0,0,0,0,45,lru,0,0,0,0,0,0,16,16,16,0,0,0,1
layer,34,0,12,159,decode_target,23,11,11,0,0,0,231,0,0,0,0,17,8,1,0,0,0,0,0,0,45,lru,0,0,0,0,0,0,16,16,16,0,0,0,1
layer,34,0,12,159,decode_target,24,11,11,0,0,0,233,0,0,0,0,18,7,2,0,0,0,0,0,0,45,lru,0,0,0,0,0,0,16,16,16,0,0,0,1
layer,34,0,12,159,decode_target,25,12,12,0,0,0,239,0,0,0,0,17,7,2,0,0,0,0,0,0,45,lru,0,0,0,0,0,0,16,16,16,0,0,0,1
layer,34,0,12,159,decode_target,26,10,10,0,0,0,197,0,0,0,0,17,7,2,0,0,0,0,0,0,45,lru,0,0,0,0,0,0,16,16,16,0,0,0,1
layer,34,0,12,159,decode_target,27,10,10,0,0,0,231,0,0,0,0,18,8,2,0,0,0,0,0,0,45,lru,0,0,0,0,0,0,16,16,16,0,0,0,1
layer,34,0,12,159,decode_target,28,9,9,0,0,0,222,0,0,0,0,18,8,2,0,0,0,0,0,0,45,lru,0,0,0,0,0,0,16,16,16,0,0,0,1
layer,34,0,12,159,decode_target,29,11,11,0,0,0,239,0,0,0,0,18,8,2,0,0,0,0,0,0,45,lru,0,0,0,0,0,0,16,16,16,0,0,0,1
layer,34,0,12,159,decode_target,30,9,9,0,0,0,195,0,0,0,0,18,8,2,0,0,0,0,0,0,45,lru,0,0,0,0,0,0,16,16,16,0,0,0,0
layer,34,0,12,159,decode_target,31,11,11,0,0,0,236,0,0,0,0,18,8,1,0,0,0,0,0,0,45,lru,0,0,0,0,0,0,16,16,16,0,0,0,1
layer,34,0,12,159,decode_target,32,11,11,0,0,0,232,0,0,0,0,18,8,2,0,0,0,0,0,0,45,lru,0,0,0,0,0,0,16,16,16,0,0,0,0
layer,34,0,12,159,decode_target,33,11,11,0,0,0,237,0,0,0,0,19,9,2,0,0,0,0,0,0,45,lru,0,0,0,0,0,0,16,16,16,0,0,0,1
layer,34,0,12,159,decode_target,34,11,11,0,0,0,208,0,0,0,0,18,8,2,0,0,0,0,0,0,45,lru,0,0,0,0,0,0,16,16,16,0,0,0,1
layer,34,0,12,159,decode_target,35,11,10,1,939,574,214,130,1,0,1,1147,8,17,0,0,0,0,0,0,45,lru,0,0,0,0,0,0,16,15,16,0,1,0,1
layer,34,0,12,159,decode_target,36,13,13,0,0,0,249,0,0,0,0,20,8,2,0,0,0,0,0,0,45,lru,0,0,0,0,0,0,16,16,16,0,0,0,1
layer,34,0,12,159,decode_target,37,10,10,0,0,0,233,0,0,0,0,18,8,2,0,0,0,0,0,0,45,lru,0,0,0,0,0,0,16,16,16,0,0,0,1
layer,34,0,12,159,decode_target,38,13,13,0,0,0,218,0,0,0,0,19,8,2,0,0,0,0,0,0,45,lru,0,0,0,0,0,0,16,16,16,0,0,0,1
layer,34,0,12,159,decode_target,39,11,10,1,903,546,941,188,1,0,1,1197,7,13,0,0,0,0,0,0,45,lru,0,0,0,0,0,0,16,15,16,0,1,0,1
request,34,0,12,0,decode_target,-1,0,0,0,0,0,0,0,0,0,0,0,0,0,0,0,0,0,0,0,0,,52703,352,0,0,16,0,0,0,0,0,0,0,0
layer,35,0,12,159,decode_mtp_process,40,14,14,0,0,0,151,0,0,0,0,23,11,2,0,0,0,0,0,0,45,lru,0,0,0,0,0,0,16,16,16,0,0,0,1
request,35,0,12,0,decode_mtp_process,-1,0,0,0,0,0,0,0,0,0,0,0,0,0,0,0,0,0,0,0,0,,646,16,0,0,5,0,0,0,0,0,0,0,0
layer,36,0,13,159,decode_mtp_draft,40,8,6,2,2192,1159,878,217,2,0,2,2470,10,14,0,0,0,0,0,0,45,lru,0,0,0,0,0,0,8,6,8,0,2,0,1
request,36,0,13,0,decode_mtp_draft,-1,0,0,0,0,0,0,0,0,0,0,0,0,0,0,0,0,0,0,0,0,,3911,24,0,0,6,0,0,0,0,0,0,0,0
layer,37,0,13,162,decode_target,0,15,10,5,5524,2975,241,445,3,0,3,6004,10,13,0,0,0,0,0,0,45,lru,0,0,0,0,0,0,16,11,16,0,5,0,1
layer,37,0,13,162,decode_target,1,13,10,3,3097,1758,223,387,2,0,2,3482,9,11,0,0,0,0,0,0,45,lru,0,0,0,0,0,0,16,13,16,0,3,0,1
layer,37,0,13,162,decode_target,2,11,9,2,2030,1116,188,249,2,0,2,2330,8,4,0,0,0,0,0,0,45,lru,0,0,0,0,0,0,16,14,16,0,2,0,1
layer,37,0,13,162,decode_target,3,14,11,3,3074,1738,224,280,2,0,2,3360,8,11,0,0,0,0,0,0,45,lru,0,0,0,0,0,0,16,13,16,0,3,0,1
layer,37,0,13,162,decode_target,4,10,10,0,0,0,227,0,0,0,0,21,8,2,0,0,0,0,0,0,45,lru,0,0,0,0,0,0,16,16,16,0,0,0,1
layer,37,0,13,162,decode_target,5,9,9,0,0,0,228,0,0,0,0,18,8,2,0,0,0,0,0,0,45,lru,0,0,0,0,0,0,16,16,16,0,0,0,1
layer,37,0,13,162,decode_target,6,10,9,1,956,542,185,57,2,0,2,1226,8,15,0,0,0,0,0,0,45,lru,0,0,0,0,0,0,16,15,16,0,1,0,1
layer,37,0,13,162,decode_target,7,12,12,0,0,0,238,0,0,0,0,22,9,2,0,0,0,0,0,0,45,lru,0,0,0,0,0,0,16,16,16,0,0,0,1
layer,37,0,13,162,decode_target,8,11,11,0,0,0,231,0,0,0,0,20,8,2,0,0,0,0,0,0,45,lru,0,0,0,0,0,0,16,16,16,0,0,0,1
layer,37,0,13,162,decode_target,9,11,10,1,893,575,219,83,2,0,2,1102,7,16,0,0,0,0,0,0,45,lru,0,0,0,0,0,0,16,15,16,0,1,0,1
layer,37,0,13,162,decode_target,10,13,12,1,938,567,238,476,2,0,2,1208,13,51,0,0,0,0,0,0,45,lru,0,0,0,0,0,0,16,15,16,0,1,0,1
layer,37,0,13,162,decode_target,11,13,13,0,0,0,259,0,0,0,0,39,14,4,0,0,0,0,0,0,45,lru,0,0,0,0,0,0,16,16,16,0,0,0,1
layer,37,0,13,162,decode_target,12,11,11,0,0,0,243,0,0,0,0,27,12,3,0,0,0,0,0,0,45,lru,0,0,0,0,0,0,16,16,16,0,0,0,1
layer,37,0,13,162,decode_target,13,11,11,0,0,0,259,0,0,0,0,37,13,4,0,0,0,0,0,0,45,lru,0,0,0,0,0,0,16,16,16,0,0,0,1
layer,37,0,13,162,decode_target,14,10,10,0,0,0,234,0,0,0,0,74,55,6,0,0,0,0,0,0,45,lru,0,0,0,0,0,0,16,16,16,0,0,0,1
layer,37,0,13,162,decode_target,15,11,10,1,1147,536,213,352,2,0,2,1328,9,10,0,0,0,0,0,0,45,lru,0,0,0,0,0,0,16,15,16,0,1,0,1
layer,37,0,13,162,decode_target,16,12,12,0,0,0,239,0,0,0,0,21,8,2,0,0,0,0,0,0,45,lru,0,0,0,0,0,0,16,16,16,0,0,0,1
layer,37,0,13,162,decode_target,17,11,11,0,0,0,232,0,0,0,0,19,8,2,0,0,0,0,0,0,45,lru,0,0,0,0,0,0,16,16,16,0,0,0,1
layer,37,0,13,162,decode_target,18,11,11,0,0,0,205,0,0,0,0,17,7,2,0,0,0,0,0,0,45,lru,0,0,0,0,0,0,16,16,16,0,0,0,0
layer,37,0,13,162,decode_target,19,12,11,1,907,547,218,25,1,0,1,1034,7,9,0,0,0,0,0,0,45,lru,0,0,0,0,0,0,16,15,16,0,1,0,0
layer,37,0,13,162,decode_target,20,12,12,0,0,0,239,0,0,0,0,20,8,2,0,0,0,0,0,0,45,lru,0,0,0,0,0,0,16,16,16,0,0,0,1
layer,37,0,13,162,decode_target,21,12,12,0,0,0,239,0,0,0,0,19,8,2,0,0,0,0,0,0,45,lru,0,0,0,0,0,0,16,16,16,0,0,0,0
layer,37,0,13,162,decode_target,22,11,10,1,895,554,191,40,1,0,1,988,8,10,0,0,0,0,0,0,45,lru,0,0,0,0,0,0,16,15,16,0,1,0,1
layer,37,0,13,162,decode_target,23,13,13,0,0,0,241,0,0,0,0,20,8,2,0,0,0,0,0,0,45,lru,0,0,0,0,0,0,16,16,16,0,0,0,1
layer,37,0,13,162,decode_target,24,11,10,1,905,553,213,45,1,0,1,1026,8,9,0,0,0,0,0,0,45,lru,0,0,0,0,0,0,16,15,16,0,1,0,1
layer,37,0,13,162,decode_target,25,11,10,1,879,538,216,36,1,0,1,1036,8,24,0,0,0,0,0,0,45,lru,0,0,0,0,0,0,16,15,16,0,1,0,1
layer,37,0,13,162,decode_target,26,12,12,0,0,0,207,0,0,0,0,19,8,2,0,0,0,0,0,0,45,lru,0,0,0,0,0,0,16,16,16,0,0,0,1
layer,37,0,13,162,decode_target,27,12,11,1,903,551,216,139,1,0,1,1101,8,18,0,0,0,0,0,0,45,lru,0,0,0,0,0,0,16,15,16,0,1,0,1
layer,37,0,13,162,decode_target,28,11,11,0,0,0,232,0,0,0,0,21,8,2,0,0,0,0,0,0,45,lru,0,0,0,0,0,0,16,16,16,0,0,0,1
layer,37,0,13,162,decode_target,29,11,11,0,0,0,237,0,0,0,0,19,8,2,0,0,0,0,0,0,45,lru,0,0,0,0,0,0,16,16,16,0,0,0,1
layer,37,0,13,162,decode_target,30,11,11,0,0,0,206,0,0,0,0,18,8,2,0,0,0,0,0,0,45,lru,0,0,0,0,0,0,16,16,16,0,0,0,0
layer,37,0,13,162,decode_target,31,12,11,1,914,533,217,211,1,0,1,1152,8,14,0,0,0,0,0,0,45,lru,0,0,0,0,0,0,16,15,16,0,1,0,1
layer,37,0,13,162,decode_target,32,11,11,0,0,0,234,0,0,0,0,21,9,2,0,0,0,0,0,0,45,lru,0,0,0,0,0,0,16,16,16,0,0,0,1
layer,37,0,13,162,decode_target,33,11,11,0,0,0,235,0,0,0,0,18,7,1,0,0,0,0,0,0,45,lru,0,0,0,0,0,0,16,16,16,0,0,0,1
layer,37,0,13,162,decode_target,34,10,10,0,0,0,203,0,0,0,0,18,7,2,0,0,0,0,0,0,45,lru,0,0,0,0,0,0,16,16,16,0,0,0,1
layer,37,0,13,162,decode_target,35,10,9,1,1068,550,209,132,1,0,1,1273,8,13,0,0,0,0,0,0,45,lru,0,0,0,0,0,0,16,15,16,0,1,0,0
layer,37,0,13,162,decode_target,36,10,10,0,0,0,233,0,0,0,0,20,8,2,0,0,0,0,0,0,45,lru,0,0,0,0,0,0,16,16,16,0,0,0,1
layer,37,0,13,162,decode_target,37,12,12,0,0,0,246,0,0,0,0,19,8,2,0,0,0,0,0,0,45,lru,0,0,0,0,0,0,16,16,16,0,0,0,0
layer,37,0,13,162,decode_target,38,11,10,1,889,579,189,97,1,0,1,1048,8,11,0,0,0,0,0,0,45,lru,0,0,0,0,0,0,16,15,16,0,1,0,0
layer,37,0,13,162,decode_target,39,11,10,1,864,563,938,157,1,0,1,1096,9,13,0,0,0,0,0,0,45,lru,0,0,0,0,0,0,16,15,16,0,1,0,1
request,37,0,13,0,decode_target,-1,0,0,0,0,0,0,0,0,0,0,0,0,0,0,0,0,0,0,0,0,,42538,327,0,0,20,0,0,0,0,0,0,0,0
layer,38,0,13,162,decode_mtp_process,40,14,14,0,0,0,162,0,0,0,0,24,11,2,0,0,0,0,0,0,45,lru,0,0,0,0,0,0,16,16,16,0,0,0,1
request,38,0,13,0,decode_mtp_process,-1,0,0,0,0,0,0,0,0,0,0,0,0,0,0,0,0,0,0,0,0,,680,17,0,0,6,0,0,0,0,0,0,0,0
layer,39,0,14,162,decode_mtp_draft,40,8,7,1,901,556,868,116,1,0,1,1096,11,14,0,0,0,0,0,0,45,lru,0,0,0,0,0,0,8,7,8,0,1,0,1
request,39,0,14,0,decode_mtp_draft,-1,0,0,0,0,0,0,0,0,0,0,0,0,0,0,0,0,0,0,0,0,,2517,32,0,0,15,0,0,0,0,0,0,0,0
layer,40,0,14,165,decode_target,0,14,12,2,1842,1162,238,133,2,0,2,2075,10,6,0,0,0,0,0,0,45,lru,0,0,0,0,0,0,16,14,16,0,2,0,1
layer,40,0,14,165,decode_target,1,10,10,0,0,0,229,0,0,0,0,22,9,2,0,0,0,0,0,0,45,lru,0,0,0,0,0,0,16,16,16,0,0,0,1
layer,40,0,14,165,decode_target,2,13,10,3,3104,1717,200,325,2,0,2,3374,8,7,0,0,0,0,0,0,45,lru,0,0,0,0,0,0,16,13,16,0,3,0,1
layer,40,0,14,165,decode_target,3,14,13,1,957,553,222,55,2,0,2,1199,8,13,0,0,0,0,0,0,45,lru,0,0,0,0,0,0,16,15,16,0,1,0,1
layer,40,0,14,165,decode_target,4,10,10,0,0,0,228,0,0,0,0,21,8,2,0,0,0,0,0,0,45,lru,0,0,0,0,0,0,16,16,16,0,0,0,1
layer,40,0,14,165,decode_target,5,11,10,1,925,565,218,24,2,0,2,1084,8,22,0,0,0,0,0,0,45,lru,0,0,0,0,0,0,16,15,16,0,1,0,1
layer,40,0,14,165,decode_target,6,12,12,0,0,0,212,0,0,0,0,21,8,2,0,0,0,0,0,0,45,lru,0,0,0,0,0,0,16,16,16,0,0,0,1
layer,40,0,14,165,decode_target,7,12,11,1,920,562,215,148,2,0,2,1151,8,26,0,0,0,0,0,0,45,lru,0,0,0,0,0,0,16,15,16,0,1,0,1
layer,40,0,14,165,decode_target,8,10,10,0,0,0,227,0,0,0,0,21,8,2,0,0,0,0,0,0,45,lru,0,0,0,0,0,0,16,16,16,0,0,0,1
layer,40,0,14,165,decode_target,9,13,13,0,0,0,247,0,0,0,0,20,8,2,0,0,0,0,0,0,45,lru,0,0,0,0,0,0,16,16,16,0,0,0,1
layer,40,0,14,165,decode_target,10,10,10,0,0,0,198,0,0,0,0,19,8,2,0,0,0,0,0,0,45,lru,0,0,0,0,0,0,16,16,16,0,0,0,1
layer,40,0,14,165,decode_target,11,13,13,0,0,0,247,0,0,0,0,18,8,1,0,0,0,0,0,0,45,lru,0,0,0,0,0,0,16,16,16,0,0,0,1
layer,40,0,14,165,decode_target,12,12,11,1,913,577,218,105,2,0,2,1104,8,23,0,0,0,0,0,0,45,lru,0,0,0,0,0,0,16,15,16,0,1,0,1
layer,40,0,14,165,decode_target,13,11,11,0,0,0,234,0,0,0,0,21,9,2,0,0,0,0,0,0,45,lru,0,0,0,0,0,0,16,16,16,0,0,0,1
layer,40,0,14,165,decode_target,14,11,10,1,930,536,190,95,2,0,2,1121,8,15,0,0,0,0,0,0,45,lru,0,0,0,0,0,0,16,15,16,0,1,0,1
layer,40,0,14,165,decode_target,15,11,11,0,0,0,234,0,0,0,0,21,8,1,0,0,0,0,0,0,45,lru,0,0,0,0,0,0,16,16,16,0,0,0,1
layer,40,0,14,165,decode_target,16,12,12,0,0,0,239,0,0,0,0,18,8,2,0,0,0,0,0,0,45,lru,0,0,0,0,0,0,16,16,16,0,0,0,0
layer,40,0,14,165,decode_target,17,11,10,1,893,542,216,105,1,0,1,1102,8,16,0,0,0,0,0,0,45,lru,0,0,0,0,0,0,16,15,16,0,1,0,1
layer,40,0,14,165,decode_target,18,11,11,0,0,0,205,0,0,0,0,19,8,2,0,0,0,0,0,0,45,lru,0,0,0,0,0,0,16,16,16,0,0,0,1
layer,40,0,14,165,decode_target,19,13,12,1,933,552,222,72,1,0,1,1100,8,15,0,0,0,0,0,0,45,lru,0,0,0,0,0,0,16,15,16,0,1,0,1
layer,40,0,14,165,decode_target,20,12,12,0,0,0,239,0,0,0,0,20,8,2,0,0,0,0,0,0,45,lru,0,0,0,0,0,0,16,16,16,0,0,0,1
layer,40,0,14,165,decode_target,21,14,10,4,4176,2366,228,435,1,0,1,4614,8,8,0,0,0,0,0,0,45,lru,0,0,0,0,0,0,16,12,16,0,4,0,1
layer,40,0,14,165,decode_target,22,13,12,1,904,622,201,58,1,0,1,1034,8,11,0,0,0,0,0,0,45,lru,0,0,0,0,0,0,16,15,16,0,1,0,1
layer,40,0,14,165,decode_target,23,13,13,0,0,0,240,0,0,0,0,20,8,2,0,0,0,0,0,0,45,lru,0,0,0,0,0,0,16,16,16,0,0,0,1
layer,40,0,14,165,decode_target,24,12,11,1,966,589,219,23,1,0,1,1071,8,13,0,0,0,0,0,0,45,lru,0,0,0,0,0,0,16,15,16,0,1,0,1
layer,40,0,14,165,decode_target,25,11,10,1,915,565,215,34,1,0,1,1151,7,23,0,0,0,0,0,0,45,lru,0,0,0,0,0,0,16,15,16,0,1,0,1
layer,40,0,14,165,decode_target,26,12,12,0,0,0,211,0,0,0,0,21,8,2,0,0,0,0,0,0,45,lru,0,0,0,0,0,0,16,16,16,0,0,0,1
layer,40,0,14,165,decode_target,27,11,11,0,0,0,233,0,0,0,0,18,8,2,0,0,0,0,0,0,45,lru,0,0,0,0,0,0,16,16,16,0,0,0,1
layer,40,0,14,165,decode_target,28,10,10,0,0,0,228,0,0,0,0,18,8,2,0,0,0,0,0,0,45,lru,0,0,0,0,0,0,16,16,16,0,0,0,1
layer,40,0,14,165,decode_target,29,11,10,1,980,582,216,6,1,0,1,1093,8,17,0,0,0,0,0,0,45,lru,0,0,0,0,0,0,16,15,16,0,1,0,1
layer,40,0,14,165,decode_target,30,10,9,1,915,586,185,236,1,0,1,1190,8,11,0,0,0,0,0,0,45,lru,0,0,0,0,0,0,16,15,16,0,1,0,1
layer,40,0,14,165,decode_target,31,12,12,0,0,0,239,0,0,0,0,20,8,2,0,0,0,0,0,0,45,lru,0,0,0,0,0,0,16,16,16,0,0,0,1
layer,40,0,14,165,decode_target,32,11,11,0,0,0,233,0,0,0,0,19,9,2,0,0,0,0,0,0,45,lru,0,0,0,0,0,0,16,16,16,0,0,0,1
layer,40,0,14,165,decode_target,33,10,10,0,0,0,230,0,0,0,0,18,8,2,0,0,0,0,0,0,45,lru,0,0,0,0,0,0,16,16,16,0,0,0,1
layer,40,0,14,165,decode_target,34,10,10,0,0,0,204,0,0,0,0,18,8,2,0,0,0,0,0,0,45,lru,0,0,0,0,0,0,16,16,16,0,0,0,1
layer,40,0,14,165,decode_target,35,10,10,0,0,0,232,0,0,0,0,18,8,2,0,0,0,0,0,0,45,lru,0,0,0,0,0,0,16,16,16,0,0,0,0
layer,40,0,14,165,decode_target,36,10,10,0,0,0,233,0,0,0,0,18,8,2,0,0,0,0,0,0,45,lru,0,0,0,0,0,0,16,16,16,0,0,0,0
layer,40,0,14,165,decode_target,37,9,9,0,0,0,230,0,0,0,0,18,8,2,0,0,0,0,0,0,45,lru,0,0,0,0,0,0,16,16,16,0,0,0,1
layer,40,0,14,165,decode_target,38,12,12,0,0,0,215,0,0,0,0,18,8,2,0,0,0,0,0,0,45,lru,0,0,0,0,0,0,16,16,16,0,0,0,0
layer,40,0,14,165,decode_target,39,10,9,1,923,609,933,115,1,0,1,1125,8,19,0,0,0,0,0,0,45,lru,0,0,0,0,0,0,16,15,16,0,1,0,1
request,40,0,14,0,decode_target,-1,0,0,0,0,0,0,0,0,0,0,0,0,0,0,0,0,0,0,0,0,,37303,301,0,0,16,0,0,0,0,0,0,0,0
layer,41,0,14,165,decode_mtp_process,40,14,14,0,0,0,149,0,0,0,0,24,11,2,0,0,0,0,0,0,45,lru,0,0,0,0,0,0,16,16,16,0,0,0,1
request,41,0,14,0,decode_mtp_process,-1,0,0,0,0,0,0,0,0,0,0,0,0,0,0,0,0,0,0,0,0,,642,17,0,0,5,0,0,0,0,0,0,0,0
layer,42,0,16,165,decode_mtp_draft,40,8,7,1,967,569,870,127,1,0,1,1177,14,15,0,0,0,0,0,0,45,lru,0,0,0,0,0,0,8,7,8,0,1,0,1
request,42,0,16,0,decode_mtp_draft,-1,0,0,0,0,0,0,0,0,0,0,0,0,0,0,0,0,0,0,0,0,,2596,23,0,0,7,0,0,0,0,0,0,0,0
layer,43,0,16,168,decode_target,0,16,8,8,8896,4855,247,909,2,0,2,9675,9,13,0,0,0,0,0,0,45,lru,0,0,0,0,0,0,16,8,16,0,8,0,1
layer,43,0,16,168,decode_target,1,12,10,2,2084,1169,218,259,2,0,2,2506,9,7,0,0,0,0,0,0,45,lru,0,0,0,0,0,0,16,14,16,0,2,0,2
layer,43,0,16,168,decode_target,2,13,10,3,3165,1730,201,394,2,0,2,3563,9,8,0,0,0,0,0,0,45,lru,0,0,0,0,0,0,16,13,16,0,3,0,1
layer,43,0,16,168,decode_target,3,14,12,2,2027,1082,218,157,2,0,2,2202,8,9,0,0,0,0,0,0,45,lru,0,0,0,0,0,0,16,14,16,0,2,0,1
layer,43,0,16,168,decode_target,4,11,11,0,0,0,232,0,0,0,0,21,8,2,0,0,0,0,0,0,45,lru,0,0,0,0,0,0,16,16,16,0,0,0,1
layer,43,0,16,168,decode_target,5,12,11,1,916,568,221,57,2,0,2,1041,8,9,0,0,0,0,0,0,45,lru,0,0,0,0,0,0,16,15,16,0,1,0,1
layer,43,0,16,168,decode_target,6,13,13,0,0,0,219,0,0,0,0,21,8,2,0,0,0,0,0,0,45,lru,0,0,0,0,0,0,16,16,16,0,0,0,1
layer,43,0,16,168,decode_target,7,11,11,0,0,0,230,0,0,0,0,18,8,2,0,0,0,0,0,0,45,lru,0,0,0,0,0,0,16,16,16,0,0,0,1
layer,43,0,16,168,decode_target,8,13,11,2,1933,1200,223,226,3,0,3,2212,8,14,0,0,0,0,0,0,45,lru,0,0,0,0,0,0,16,14,16,0,2,0,1
layer,43,0,16,168,decode_target,9,13,13,0,0,0,246,0,0,0,0,21,8,2,0,0,0,0,0,0,45,lru,0,0,0,0,0,0,16,16,16,0,0,0,1
layer,43,0,16,168,decode_target,10,14,13,1,911,556,205,163,2,0,2,1086,8,10,0,0,0,0,0,0,45,lru,0,0,0,0,0,0,16,15,16,0,1,0,1
layer,43,0,16,168,decode_target,11,14,12,2,1924,1129,222,146,3,0,3,2157,8,3,0,0,0,0,0,0,45,lru,0,0,0,0,0,0,16,14,16,0,2,0,1
layer,43,0,16,168,decode_target,12,14,8,6,6361,3437,228,705,3,0,3,7005,8,10,0,0,0,0,0,0,45,lru,0,0,0,0,0,0,16,10,16,0,6,0,1
layer,43,0,16,168,decode_target,13,13,10,3,3036,1660,222,267,3,0,3,3315,8,10,0,0,0,0,0,0,45,lru,0,0,0,0,0,0,16,12,16,0,3,0,1
layer,43,0,16,168,decode_target,14,12,10,2,2007,1145,192,82,3,0,3,2196,8,7,0,0,0,0,0,0,45,lru,0,0,0,0,0,0,16,14,16,0,2,0,1
layer,43,0,16,168,decode_target,15,14,12,2,1937,1105,226,356,3,0,3,2267,8,15,0,0,0,0,0,0,45,lru,0,0,0,0,0,0,16,14,16,0,2,0,1
layer,43,0,16,168,decode_target,16,12,10,2,1902,1111,219,268,2,0,2,2170,8,14,0,0,0,0,0,0,45,lru,0,0,0,0,0,0,16,14,16,0,2,0,1
layer,43,0,16,168,decode_target,17,13,12,1,915,615,222,82,1,0,1,1051,8,9,0,0,0,0,0,0,45,lru,0,0,0,0,0,0,16,15,16,0,1,0,1
layer,43,0,16,168,decode_target,18,11,10,1,925,577,189,38,1,0,1,1097,8,11,0,0,0,0,0,0,45,lru,0,0,0,0,0,0,16,15,16,0,1,0,1
layer,43,0,16,168,decode_target,19,12,12,0,0,0,238,0,0,0,0,20,8,2,0,0,0,0,0,0,45,lru,0,0,0,0,0,0,16,16,16,0,0,0,1
layer,43,0,16,168,decode_target,20,14,10,4,3965,2341,226,410,2,0,2,4343,8,7,0,0,0,0,0,0,45,lru,0,0,0,0,0,0,16,11,16,0,4,0,1
layer,43,0,16,168,decode_target,21,12,10,2,1959,1126,219,227,1,0,1,2216,8,5,0,0,0,0,0,0,45,lru,0,0,0,0,0,0,16,14,16,0,2,0,1
layer,43,0,16,168,decode_target,22,13,11,2,1843,1147,200,99,2,0,2,2049,8,10,0,0,0,0,0,0,45,lru,0,0,0,0,0,0,16,14,16,0,2,0,1
layer,43,0,16,168,decode_target,23,14,13,1,874,570,223,16,1,0,1,979,8,8,0,0,0,0,0,0,45,lru,0,0,0,0,0,0,16,15,16,0,1,0,1
layer,43,0,16,168,decode_target,24,12,12,0,0,0,239,0,0,0,0,20,8,2,0,0,0,0,0,0,45,lru,0,0,0,0,0,0,16,16,16,0,0,0,1
layer,43,0,16,168,decode_target,25,13,10,3,2814,1686,223,228,1,0,1,3123,8,7,0,0,0,0,0,0,45,lru,0,0,0,0,0,0,16,13,16,0,3,0,1
layer,43,0,16,168,decode_target,26,11,11,0,0,0,201,0,0,0,0,19,8,2,0,0,0,0,0,0,45,lru,0,0,0,0,0,0,16,16,16,0,0,0,1
layer,43,0,16,168,decode_target,27,13,9,4,3836,2248,224,540,2,0,2,4293,8,7,0,0,0,0,0,0,45,lru,0,0,0,0,0,0,16,12,16,0,4,0,1
layer,43,0,16,168,decode_target,28,12,11,1,918,581,216,56,1,0,1,1063,9,8,0,0,0,0,0,0,45,lru,0,0,0,0,0,0,16,15,16,0,1,0,1
layer,43,0,16,168,decode_target,29,13,13,0,0,0,245,0,0,0,0,20,9,2,0,0,0,0,0,0,45,lru,0,0,0,0,0,0,16,16,16,0,0,0,1
layer,43,0,16,168,decode_target,30,13,13,0,0,0,215,0,0,0,0,18,7,2,0,0,0,0,0,0,45,lru,0,0,0,0,0,0,16,16,16,0,0,0,1
layer,43,0,16,168,decode_target,31,12,12,0,0,0,236,0,0,0,0,19,9,2,0,0,0,0,0,0,45,lru,0,0,0,0,0,0,16,16,16,0,0,0,1
layer,43,0,16,168,decode_target,32,13,12,1,886,589,224,123,1,0,1,1121,8,10,0,0,0,0,0,0,45,lru,0,0,0,0,0,0,16,15,16,0,1,0,1
layer,43,0,16,168,decode_target,33,11,11,0,0,0,236,0,0,0,0,20,8,2,0,0,0,0,0,0,45,lru,0,0,0,0,0,0,16,16,16,0,0,0,1
layer,43,0,16,168,decode_target,34,11,11,0,0,0,208,0,0,0,0,19,8,2,0,0,0,0,0,0,45,lru,0,0,0,0,0,0,16,16,16,0,0,0,1
layer,43,0,16,168,decode_target,35,10,9,1,857,543,218,162,1,0,1,1135,8,17,0,0,0,0,0,0,45,lru,0,0,0,0,0,0,16,15,16,0,1,0,1
layer,43,0,16,168,decode_target,36,12,12,0,0,0,244,0,0,0,0,20,9,2,0,0,0,0,0,0,45,lru,0,0,0,0,0,0,16,16,16,0,0,0,1
layer,43,0,16,168,decode_target,37,11,10,1,877,564,216,38,1,0,1,987,8,11,0,0,0,0,0,0,45,lru,0,0,0,0,0,0,16,15,16,0,1,0,1
layer,43,0,16,168,decode_target,38,12,11,1,867,564,195,128,1,0,1,1088,8,23,0,0,0,0,0,0,45,lru,0,0,0,0,0,0,16,15,16,0,1,0,1
layer,43,0,16,168,decode_target,39,11,11,0,0,0,951,0,0,0,0,20,8,2,0,0,0,0,0,0,45,lru,0,0,0,0,0,0,16,16,16,0,0,0,1
request,43,0,16,0,decode_target,-1,0,0,0,0,0,0,0,0,0,0,0,0,0,0,0,0,0,0,0,0,,80016,470,0,0,18,0,0,0,0,0,0,0,0
layer,44,0,16,168,decode_mtp_process,40,13,13,0,0,0,146,0,0,0,0,24,11,2,0,0,0,0,0,0,45,lru,0,0,0,0,0,0,16,16,16,0,0,0,1
request,44,0,16,0,decode_mtp_process,-1,0,0,0,0,0,0,0,0,0,0,0,0,0,0,0,0,0,0,0,0,,655,17,0,0,6,0,0,0,0,0,0,0,0
layer,45,0,17,168,decode_mtp_draft,40,8,8,0,0,0,896,0,0,0,0,26,10,2,0,0,0,0,0,0,45,lru,0,0,0,0,0,0,8,8,8,0,0,0,1
request,45,0,17,0,decode_mtp_draft,-1,0,0,0,0,0,0,0,0,0,0,0,0,0,0,0,0,0,0,0,0,,1353,19,0,0,6,0,0,0,0,0,0,0,0
layer,46,0,17,171,decode_target,0,15,13,2,1932,1150,243,156,2,0,2,2106,9,13,0,0,0,0,0,0,45,lru,0,0,0,0,0,0,16,14,16,0,2,0,1
layer,46,0,17,171,decode_target,1,11,11,0,0,0,234,0,0,0,0,22,9,2,0,0,0,0,0,0,45,lru,0,0,0,0,0,0,16,16,16,0,0,0,1
layer,46,0,17,171,decode_target,2,11,11,0,0,0,205,0,0,0,0,19,8,2,0,0,0,0,0,0,45,lru,0,0,0,0,0,0,16,16,16,0,0,0,1
layer,46,0,17,171,decode_target,3,12,12,0,0,0,236,0,0,0,0,19,8,2,0,0,0,0,0,0,45,lru,0,0,0,0,0,0,16,16,16,0,0,0,1
layer,46,0,17,171,decode_target,4,12,11,1,873,595,218,65,2,0,2,1011,8,9,0,0,0,0,0,0,45,lru,0,0,0,0,0,0,16,15,16,0,1,0,1
layer,46,0,17,171,decode_target,5,14,13,1,897,545,231,99,2,0,2,1028,8,15,0,0,0,0,0,0,45,lru,0,0,0,0,0,0,16,15,16,0,1,0,1
layer,46,0,17,171,decode_target,6,12,11,1,906,558,194,71,2,0,2,1080,9,13,0,0,0,0,0,0,45,lru,0,0,0,0,0,0,16,15,16,0,1,0,1
layer,46,0,17,171,decode_target,7,11,10,1,895,518,211,111,1,0,1,1022,8,5,0,0,0,0,0,0,45,lru,0,0,0,0,0,0,16,15,16,0,1,0,1
layer,46,0,17,171,decode_target,8,12,12,0,0,0,239,0,0,0,0,21,8,2,0,0,0,0,0,0,45,lru,0,0,0,0,0,0,16,16,16,0,0,0,1
layer,46,0,17,171,decode_target,9,12,10,2,1797,1105,217,213,2,0,2,2077,8,16,0,0,0,0,0,0,45,lru,0,0,0,0,0,0,16,14,16,0,2,0,1
layer,46,0,17,171,decode_target,10,13,11,2,1797,1080,201,89,3,0,3,1986,8,11,0,0,0,0,0,0,45,lru,0,0,0,0,0,0,16,14,16,0,2,0,1
layer,46,0,17,171,decode_target,11,14,11,3,2788,1714,223,352,3,0,3,3135,8,12,0,0,0,0,0,0,45,lru,0,0,0,0,0,0,16,13,16,0,3,0,1
layer,46,0,17,171,decode_target,12,15,11,4,3819,2255,234,375,3,0,3,4261,8,9,0,0,0,0,0,0,45,lru,0,0,0,0,0,0,16,12,16,0,4,0,1
layer,46,0,17,171,decode_target,13,13,13,0,0,0,243,0,0,0,0,22,8,2,0,0,0,0,0,0,45,lru,0,0,0,0,0,0,16,16,16,0,0,0,1
layer,46,0,17,171,decode_target,14,12,12,0,0,0,205,0,0,0,0,19,7,2,0,0,0,0,0,0,45,lru,0,0,0,0,0,0,16,16,16,0,0,0,1
layer,46,0,17,171,decode_target,15,13,12,1,910,583,222,61,2,0,2,1030,8,14,0,0,0,0,0,0,45,lru,0,0,0,0,0,0,16,15,16,0,1,0,1
layer,46,0,17,171,decode_target,16,14,14,0,0,0,248,0,0,0,0,22,8,2,0,0,0,0,0,0,45,lru,0,0,0,0,0,0,16,16,16,0,0,0,1
layer,46,0,17,171,decode_target,17,11,11,0,0,0,232,0,0,0,0,18,8,2,0,0,0,0,0,0,45,lru,0,0,0,0,0,0,16,16,16,0,0,0,1
layer,46,0,17,171,decode_target,18,13,12,1,900,574,201,166,1,0,1,1111,8,17,0,0,0,0,0,0,45,lru,0,0,0,0,0,0,16,15,16,0,1,0,1
layer,46,0,17,171,decode_target,19,12,11,1,876,587,214,32,1,0,1,982,8,10,0,0,0,0,0,0,45,lru,0,0,0,0,0,0,16,15,16,0,1,0,1
layer,46,0,17,171,decode_target,20,13,11,2,1789,1149,223,164,2,0,2,2062,8,9,0,0,0,0,0,0,45,lru,0,0,0,0,0,0,16,14,16,0,2,0,1
layer,46,0,17,171,decode_target,21,12,11,1,960,552,218,27,1,0,1,1073,8,8,0,0,0,0,0,0,45,lru,0,0,0,0,0,0,16,15,16,0,1,0,1
layer,46,0,17,171,decode_target,22,14,14,0,0,0,222,0,0,0,0,21,8,2,0,0,0,0,0,0,45,lru,0,0,0,0,0,0,16,16,16,0,0,0,1
layer,46,0,17,171,decode_target,23,13,11,2,1893,1034,217,146,2,0,2,2041,8,8,0,0,0,0,0,0,45,lru,0,0,0,0,0,0,16,14,16,0,2,0,1
layer,46,0,17,171,decode_target,24,12,12,0,0,0,237,0,0,0,0,20,8,2,0,0,0,0,0,0,45,lru,0,0,0,0,0,0,16,16,16,0,0,0,1
layer,46,0,17,171,decode_target,25,12,12,0,0,0,239,0,0,0,0,18,8,2,0,0,0,0,0,0,45,lru,0,0,0,0,0,0,16,16,16,0,0,0,1
layer,46,0,17,171,decode_target,26,12,10,2,1915,1032,192,150,2,0,2,2148,7,14,0,0,0,0,0,0,45,lru,0,0,0,0,0,0,16,14,16,0,2,0,1
layer,46,0,17,171,decode_target,27,13,12,1,870,544,222,57,1,0,1,1060,8,10,0,0,0,0,0,0,45,lru,0,0,0,0,0,0,16,15,16,0,1,0,1
layer,46,0,17,171,decode_target,28,11,11,0,0,0,233,0,0,0,0,20,8,2,0,0,0,0,0,0,45,lru,0,0,0,0,0,0,16,16,16,0,0,0,1
layer,46,0,17,171,decode_target,29,11,11,0,0,0,234,0,0,0,0,18,8,2,0,0,0,0,0,0,45,lru,0,0,0,0,0,0,16,16,16,0,0,0,0
layer,46,0,17,171,decode_target,30,10,10,0,0,0,201,0,0,0,0,20,10,2,0,0,0,0,0,0,45,lru,0,0,0,0,0,0,16,16,16,0,0,0,1
layer,46,0,17,171,decode_target,31,12,12,0,0,0,238,0,0,0,0,20,9,2,0,0,0,0,0,0,45,lru,0,0,0,0,0,0,16,16,16,0,0,0,0
layer,46,0,17,171,decode_target,32,12,12,0,0,0,237,0,0,0,0,18,7,2,0,0,0,0,0,0,45,lru,0,0,0,0,0,0,16,16,16,0,0,0,1
layer,46,0,17,171,decode_target,33,11,10,1,1094,539,215,81,1,0,1,1335,8,12,0,0,0,0,0,0,45,lru,0,0,0,0,0,0,16,15,16,0,1,0,1
layer,46,0,17,171,decode_target,34,10,10,0,0,0,204,0,0,0,0,20,8,2,0,0,0,0,0,0,45,lru,0,0,0,0,0,0,16,16,16,0,0,0,1
layer,46,0,17,171,decode_target,35,11,11,0,0,0,240,0,0,0,0,18,8,2,0,0,0,0,0,0,45,lru,0,0,0,0,0,0,16,16,16,0,0,0,1
layer,46,0,17,171,decode_target,36,10,10,0,0,0,273,0,0,0,0,37,14,5,0,0,0,0,0,0,45,lru,0,0,0,0,0,0,16,16,16,0,0,0,1
layer,46,0,17,171,decode_target,37,10,10,0,0,0,262,0,0,0,0,21,9,2,0,0,0,0,0,0,45,lru,0,0,0,0,0,0,16,16,16,0,0,0,1
layer,46,0,17,171,decode_target,38,11,10,1,1197,518,190,344,3,0,3,1390,11,10,0,0,0,0,0,0,45,lru,0,0,0,0,0,0,16,15,16,0,1,0,1
layer,46,0,17,171,decode_target,39,11,11,0,0,0,955,0,0,0,0,21,8,2,0,0,0,0,0,0,45,lru,0,0,0,0,0,0,16,16,16,0,0,0,1
request,46,0,17,0,decode_target,-1,0,0,0,0,0,0,0,0,0,0,0,0,0,0,0,0,0,0,0,0,,45318,339,0,0,20,0,0,0,0,0,0,0,0
layer,47,0,17,171,decode_mtp_process,40,13,13,0,0,0,147,0,0,0,0,24,11,2,0,0,0,0,0,0,45,lru,0,0,0,0,0,0,16,16,16,0,0,0,1
request,47,0,17,0,decode_mtp_process,-1,0,0,0,0,0,0,0,0,0,0,0,0,0,0,0,0,0,0,0,0,,656,17,0,0,6,0,0,0,0,0,0,0,0
layer,48,0,19,171,decode_mtp_draft,40,8,8,0,0,0,897,0,0,0,0,23,11,2,0,0,0,0,0,0,45,lru,0,0,0,0,0,0,8,8,8,0,0,0,1
request,48,0,19,0,decode_mtp_draft,-1,0,0,0,0,0,0,0,0,0,0,0,0,0,0,0,0,0,0,0,0,,1358,20,0,0,7,0,0,0,0,0,0,0,0
layer,49,0,19,174,decode_target,0,16,11,5,5619,2811,248,290,2,0,2,6057,9,14,0,0,0,0,0,0,45,lru,0,0,0,0,0,0,16,11,16,0,5,0,1
layer,49,0,19,174,decode_target,1,13,13,0,0,0,243,0,0,0,0,24,9,2,0,0,0,0,0,0,45,lru,0,0,0,0,0,0,16,16,16,0,0,0,1
layer,49,0,19,174,decode_target,2,10,10,0,0,0,207,0,0,0,0,20,8,2,0,0,0,0,0,0,45,lru,0,0,0,0,0,0,16,16,16,0,0,0,1
layer,49,0,19,174,decode_target,3,14,13,1,933,623,226,29,2,0,2,1055,8,20,0,0,0,0,0,0,45,lru,0,0,0,0,0,0,16,15,16,0,1,0,1
layer,49,0,19,174,decode_target,4,12,11,1,885,564,217,59,2,0,2,1037,8,19,0,0,0,0,0,0,45,lru,0,0,0,0,0,0,16,15,16,0,1,0,1
layer,49,0,19,174,decode_target,5,13,11,2,1925,1187,227,186,3,0,3,2126,7,12,0,0,0,0,0,0,45,lru,0,0,0,0,0,0,16,14,16,0,2,0,1
layer,49,0,19,174,decode_target,6,12,12,0,0,0,210,0,0,0,0,21,8,2,0,0,0,0,0,0,45,lru,0,0,0,0,0,0,16,16,16,0,0,0,1
layer,49,0,19,174,decode_target,7,13,13,0,0,0,241,0,0,0,0,20,8,2,0,0,0,0,0,0,45,lru,0,0,0,0,0,0,16,16,16,0,0,0,1
layer,49,0,19,174,decode_target,8,13,12,1,871,604,222,66,2,0,2,1041,8,25,0,0,0,0,0,0,45,lru,0,0,0,0,0,0,16,15,16,0,1,0,1
layer,49,0,19,174,decode_target,9,14,13,1,877,587,232,53,1,0,1,1016,9,11,0,0,0,0,0,0,45,lru,0,0,0,0,0,0,16,15,16,0,1,0,1
layer,49,0,19,174,decode_target,10,13,11,2,1820,1162,198,156,3,0,3,2046,8,24,0,0,0,0,0,0,45,lru,0,0,0,0,0,0,16,14,16,0,2,0,1
layer,49,0,19,174,decode_target,11,15,14,1,921,570,229,151,2,0,2,1057,9,9,0,0,0,0,0,0,45,lru,0,0,0,0,0,0,16,15,16,0,1,0,1
layer,49,0,19,174,decode_target,12,15,13,2,1833,1163,233,141,3,0,3,2008,8,10,0,0,0,0,0,0,45,lru,0,0,0,0,0,0,16,14,16,0,2,0,1
layer,49,0,19,174,decode_target,13,13,11,2,1856,1225,226,744,3,0,3,2251,8,57,0,0,0,0,0,0,45,lru,0,0,0,0,0,0,16,14,16,0,2,0,1
layer,49,0,19,174,decode_target,14,12,11,1,894,593,193,82,30,0,30,1129,21,31,0,0,0,0,0,0,45,lru,0,0,0,0,0,0,16,15,16,0,1,0,6
layer,49,0,19,174,decode_target,15,14,12,2,1905,1180,226,201,25,0,25,2288,9,24,0,0,0,0,0,0,45,lru,0,0,0,0,0,0,16,14,16,0,2,0,1
layer,49,0,19,174,decode_target,16,13,12,1,903,567,224,82,4,0,4,1106,8,25,0,0,0,0,0,0,45,lru,0,0,0,0,0,0,16,15,16,0,1,0,1
layer,49,0,19,174,decode_target,17,13,13,0,0,0,247,0,1,1,0,30,8,2,0,0,0,0,0,0,45,lru,0,0,0,0,0,0,16,16,16,0,0,0,1
layer,49,0,19,174,decode_target,18,13,12,1,892,570,200,72,6,0,6,1030,8,22,0,0,0,0,0,0,45,lru,0,0,0,0,0,0,16,15,16,0,1,0,1
layer,49,0,19,174,decode_target,19,13,13,0,0,0,240,0,1,1,0,26,8,2,0,0,0,0,0,0,45,lru,0,0,0,0,0,0,16,16,16,0,0,0,1
layer,49,0,19,174,decode_target,20,14,12,2,1793,1183,228,167,2,0,2,2047,8,7,0,0,0,0,0,0,45,lru,0,0,0,0,0,0,16,14,16,0,2,0,1
layer,49,0,19,174,decode_target,21,12,10,2,1800,1189,219,73,5,0,5,2015,8,18,0,0,0,0,0,0,45,lru,0,0,0,0,0,0,16,14,16,0,2,0,1
layer,49,0,19,174,decode_target,22,15,15,0,0,0,232,0,0,0,0,33,9,4,0,0,0,0,0,0,45,lru,0,0,0,0,0,0,16,16,16,0,0,0,1
layer,49,0,19,174,decode_target,23,15,14,1,846,566,228,102,2,0,2,1038,8,16,0,0,0,0,0,0,45,lru,0,0,0,0,0,0,16,15,16,0,1,0,1
layer,49,0,19,174,decode_target,24,13,11,2,1823,1141,221,113,5,0,5,2185,8,17,0,0,0,0,0,0,45,lru,0,0,0,0,0,0,16,14,16,0,2,0,1
layer,49,0,19,174,decode_target,25,13,13,0,0,0,248,0,0,0,0,26,8,2,0,0,0,0,0,0,45,lru,0,0,0,0,0,0,16,16,16,0,0,0,1
layer,49,0,19,174,decode_target,26,11,11,0,0,0,202,0,0,0,0,23,8,2,0,0,0,0,0,0,45,lru,0,0,0,0,0,0,16,16,16,0,0,0,1
layer,49,0,19,174,decode_target,27,14,14,0,0,0,251,0,1,1,0,21,8,1,0,0,0,0,0,0,45,lru,0,0,0,0,0,0,16,16,16,0,0,0,1
layer,49,0,19,174,decode_target,28,13,13,0,0,0,245,0,0,0,0,25,8,2,0,0,0,0,0,0,45,lru,0,0,0,0,0,0,16,16,16,0,0,0,1
layer,49,0,19,174,decode_target,29,11,10,1,949,541,216,108,3,1,2,1108,8,20,0,0,0,0,0,0,45,lru,0,0,0,0,0,0,16,15,16,0,1,0,1
layer,49,0,19,174,decode_target,30,11,11,0,0,0,208,0,0,0,0,23,9,2,0,0,0,0,0,0,45,lru,0,0,0,0,0,0,16,16,16,0,0,0,1
layer,49,0,19,174,decode_target,31,13,12,1,920,562,221,33,4,1,3,1073,8,28,0,0,0,0,0,0,45,lru,0,0,0,0,0,0,16,15,16,0,1,0,1
layer,49,0,19,174,decode_target,32,12,12,0,0,0,238,0,0,0,0,24,7,3,0,0,0,0,0,0,45,lru,0,0,0,0,0,0,16,16,16,0,0,0,1
layer,49,0,19,174,decode_target,33,9,8,1,875,550,203,62,5,1,4,1067,8,52,0,0,0,0,0,0,45,lru,0,0,0,0,0,0,16,14,16,0,1,0,1
layer,49,0,19,174,decode_target,34,12,11,1,862,566,198,105,2,0,2,1068,9,38,0,0,0,0,0,0,45,lru,0,0,0,0,0,0,16,15,16,0,1,0,1
layer,49,0,19,174,decode_target,35,10,9,1,856,573,204,86,3,1,2,1029,8,23,0,0,0,0,0,0,45,lru,0,0,0,0,0,0,16,15,16,0,1,0,1
layer,49,0,19,174,decode_target,36,10,10,0,0,0,236,0,0,0,0,20,8,2,0,0,0,0,0,0,45,lru,0,0,0,0,0,0,16,16,16,0,0,0,1
layer,49,0,19,174,decode_target,37,10,10,0,0,0,238,0,0,0,0,21,8,2,0,0,0,0,0,0,45,lru,0,0,0,0,0,0,16,16,16,0,0,0,1
layer,49,0,19,174,decode_target,38,10,10,0,0,0,204,0,1,1,0,21,8,2,0,0,0,0,0,0,45,lru,0,0,0,0,0,0,16,16,16,0,0,0,1
layer,49,0,19,174,decode_target,39,12,12,0,0,0,966,0,0,0,0,21,7,2,0,0,0,0,0,0,45,lru,0,0,0,0,0,0,16,16,16,0,0,0,1
request,49,0,19,0,decode_target,-1,0,0,0,0,0,0,0,0,0,0,0,0,0,0,0,0,0,0,0,0,,51905,370,0,0,23,0,0,0,0,0,0,0,0
layer,50,0,19,174,decode_mtp_process,40,13,13,0,0,0,171,0,0,0,0,26,13,2,0,0,0,0,0,0,45,lru,0,0,0,0,0,0,16,16,16,0,0,0,1
request,50,0,19,0,decode_mtp_process,-1,0,0,0,0,0,0,0,0,0,0,0,0,0,0,0,0,0,0,0,0,,1319,17,0,0,6,0,0,0,0,0,0,0,0
layer,51,0,21,174,decode_mtp_draft,40,8,8,0,0,0,900,0,0,0,0,25,10,4,0,0,0,0,0,0,45,lru,0,0,0,0,0,0,8,8,8,0,0,0,1
request,51,0,21,0,decode_mtp_draft,-1,0,0,0,0,0,0,0,0,0,0,0,0,0,0,0,0,0,0,0,0,,1369,19,0,0,6,0,0,0,0,0,0,0,0
layer,52,0,21,177,decode_target,0,16,8,8,8836,4794,248,534,9,0,9,9535,10,15,0,0,0,0,0,0,45,lru,0,0,0,0,0,0,16,8,16,0,8,0,1
layer,52,0,21,177,decode_target,1,13,10,3,2988,1782,223,220,15,1,14,3292,9,8,0,0,0,0,0,0,45,lru,0,0,0,0,0,0,16,13,16,0,3,0,1
layer,52,0,21,177,decode_target,2,11,9,2,1847,1141,188,235,14,0,14,2217,8,17,0,0,0,0,0,0,45,lru,0,0,0,0,0,0,16,14,16,0,2,0,1
layer,52,0,21,177,decode_target,3,13,11,2,1888,1113,218,127,8,0,8,2179,8,18,0,0,0,0,0,0,45,lru,0,0,0,0,0,0,16,14,16,0,2,0,1
layer,52,0,21,177,decode_target,4,13,13,0,0,0,246,0,0,0,0,40,9,2,0,0,0,0,0,0,45,lru,0,0,0,0,0,0,16,16,16,0,0,0,1
layer,52,0,21,177,decode_target,5,12,10,2,1845,1124,218,111,11,1,10,2041,8,8,0,0,0,0,0,0,45,lru,0,0,0,0,0,0,16,14,16,0,2,0,1
layer,52,0,21,177,decode_target,6,14,12,2,1886,1141,204,127,11,0,11,2141,9,24,0,0,0,0,0,0,45,lru,0,0,0,0,0,0,16,14,16,0,2,0,1
layer,52,0,21,177,decode_target,7,13,12,1,920,568,220,40,2,0,2,1054,8,16,0,0,0,0,0,0,45,lru,0,0,0,0,0,0,16,15,16,0,1,0,1
layer,52,0,21,177,decode_target,8,12,11,1,853,566,218,41,5,0,5,1014,8,19,0,0,0,0,0,0,45,lru,0,0,0,0,0,0,16,15,16,0,1,0,1
layer,52,0,21,177,decode_target,9,14,11,3,2828,1760,231,230,7,1,6,3130,8,8,0,0,0,0,0,0,45,lru,0,0,0,0,0,0,16,13,16,0,3,0,1
layer,52,0,21,177,decode_target,10,15,13,2,1857,1153,209,136,6,0,6,2050,8,10,0,0,0,0,0,0,45,lru,0,0,0,0,0,0,16,14,16,0,2,0,1
layer,52,0,21,177,decode_target,11,14,10,4,3965,2347,222,212,8,0,8,4347,8,29,0,0,0,0,0,0,45,lru,0,0,0,0,0,0,16,12,16,0,4,0,1
layer,52,0,21,177,decode_target,12,15,13,2,1903,1165,231,120,7,0,7,2097,9,7,0,0,0,0,0,0,45,lru,0,0,0,0,0,0,16,14,16,0,2,0,1
layer,52,0,21,177,decode_target,13,15,13,2,1903,1182,237,179,8,0,8,2169,9,16,0,0,0,0,0,0,45,lru,0,0,0,0,0,0,16,14,16,0,2,0,1
layer,52,0,21,177,decode_target,14,15,11,4,3894,2386,207,340,2,0,2,4344,9,15,0,0,0,0,0,0,45,lru,0,0,0,0,0,0,16,12,16,0,4,0,1
layer,52,0,21,177,decode_target,15,15,14,1,929,607,227,43,2,0,2,1068,8,2,0,0,0,0,0,0,45,lru,0,0,0,0,0,0,16,15,16,0,1,0,1
layer,52,0,21,177,decode_target,16,15,14,1,946,584,234,83,1,0,1,1087,8,14,0,0,0,0,0,0,45,lru,0,0,0,0,0,0,16,15,16,0,1,0,1
layer,52,0,21,177,decode_target,17,14,11,3,2817,1752,229,240,1,0,1,3084,8,14,0,0,0,0,0,0,45,lru,0,0,0,0,0,0,16,13,16,0,3,0,1
layer,52,0,21,177,decode_target,18,14,10,4,4130,2334,204,340,1,0,1,4578,8,11,0,0,0,0,0,0,45,lru,0,0,0,0,0,0,16,12,16,0,4,0,1
layer,52,0,21,177,decode_target,19,15,13,2,1932,1180,229,263,2,0,2,2240,9,27,0,0,0,0,0,0,45,lru,0,0,0,0,0,0,16,14,16,0,2,0,1
layer,52,0,21,177,decode_target,20,16,13,3,2744,1778,238,298,1,0,1,3035,8,10,0,0,0,0,0,0,45,lru,0,0,0,0,0,0,16,13,16,0,3,0,1
layer,52,0,21,177,decode_target,21,15,13,2,1810,1163,234,120,1,0,1,2014,8,15,0,0,0,0,0,0,45,lru,0,0,0,0,0,0,16,14,16,0,2,0,1
layer,52,0,21,177,decode_target,22,16,12,4,3881,2372,215,347,2,0,2,4271,8,13,0,0,0,0,0,0,45,lru,0,0,0,0,0,0,16,12,16,0,4,0,1
layer,52,0,21,177,decode_target,23,15,11,4,3824,2340,225,178,1,0,1,4120,8,10,0,0,0,0,0,0,45,lru,0,0,0,0,0,0,16,12,16,0,4,0,1
layer,52,0,21,177,decode_target,24,16,11,5,4931,2924,237,368,1,0,1,5359,8,20,0,0,0,0,0,0,45,lru,0,0,0,0,0,0,16,11,16,0,5,0,1
layer,52,0,21,177,decode_target,25,16,13,3,2795,1693,238,300,1,0,1,3148,8,11,0,0,0,0,0,0,45,lru,0,0,0,0,0,0,16,13,16,0,3,0,1
layer,52,0,21,177,decode_target,26,16,12,4,3857,2326,214,262,2,0,2,4236,8,8,0,0,0,0,0,0,45,lru,0,0,0,0,0,0,16,12,16,0,4,0,1
layer,52,0,21,177,decode_target,27,16,12,4,3810,2315,229,478,2,0,2,4238,8,13,0,0,0,0,0,0,45,lru,0,0,0,0,0,0,16,12,16,0,4,0,1
layer,52,0,21,177,decode_target,28,15,13,2,1811,1126,232,159,2,0,2,2053,8,10,0,0,0,0,0,0,45,lru,0,0,0,0,0,0,16,14,16,0,2,0,1
layer,52,0,21,177,decode_target,29,14,11,3,2803,1694,225,295,1,0,1,3097,9,12,0,0,0,0,0,0,45,lru,0,0,0,0,0,0,16,13,16,0,3,0,1
layer,52,0,21,177,decode_target,30,11,10,1,892,561,188,49,1,0,1,1013,8,8,0,0,0,0,0,0,45,lru,0,0,0,0,0,0,16,15,16,0,1,0,1
layer,52,0,21,177,decode_target,31,14,13,1,854,564,227,61,1,0,1,1111,8,10,0,0,0,0,0,0,45,lru,0,0,0,0,0,0,16,15,16,0,1,0,1
layer,52,0,21,177,decode_target,32,11,11,0,0,0,234,0,0,0,0,20,8,2,0,0,0,0,0,0,45,lru,0,0,0,0,0,0,16,16,16,0,0,0,1
layer,52,0,21,177,decode_target,33,13,13,0,0,0,246,0,0,0,0,18,8,2,0,0,0,0,0,0,45,lru,0,0,0,0,0,0,16,16,16,0,0,0,0
layer,52,0,21,177,decode_target,34,11,11,0,0,0,203,0,0,0,0,19,8,2,0,0,0,0,0,0,45,lru,0,0,0,0,0,0,16,16,16,0,0,0,1
layer,52,0,21,177,decode_target,35,10,10,0,0,0,230,0,0,0,0,18,8,2,0,0,0,0,0,0,45,lru,0,0,0,0,0,0,16,16,16,0,0,0,0
layer,52,0,21,177,decode_target,36,11,11,0,0,0,239,0,0,0,0,18,8,2,0,0,0,0,0,0,45,lru,0,0,0,0,0,0,16,16,16,0,0,0,0
layer,52,0,21,177,decode_target,37,11,11,0,0,0,236,0,0,0,0,18,8,2,0,0,0,0,0,0,45,lru,0,0,0,0,0,0,16,16,16,0,0,0,1
layer,52,0,21,177,decode_target,38,13,13,0,0,0,219,0,0,0,0,18,8,2,0,0,0,0,0,0,45,lru,0,0,0,0,0,0,16,16,16,0,0,0,0
layer,52,0,21,177,decode_target,39,11,11,0,0,0,946,0,0,0,0,18,7,2,0,0,0,0,0,0,45,lru,0,0,0,0,0,0,16,16,16,0,0,0,1
request,52,0,21,0,decode_target,-1,0,0,0,0,0,0,0,0,0,0,0,0,0,0,0,0,0,0,0,0,,107683,593,0,0,24,0,0,0,0,0,0,0,0
layer,53,0,21,177,decode_mtp_process,40,13,13,0,0,0,148,0,0,0,0,23,11,2,0,0,0,0,0,0,45,lru,0,0,0,0,0,0,16,16,16,0,0,0,1
request,53,0,21,0,decode_mtp_process,-1,0,0,0,0,0,0,0,0,0,0,0,0,0,0,0,0,0,0,0,0,,659,17,0,0,6,0,0,0,0,0,0,0,0
layer,54,0,23,177,decode_mtp_draft,40,8,8,0,0,0,897,0,0,0,0,27,14,4,0,0,0,0,0,0,45,lru,0,0,0,0,0,0,8,8,8,0,0,0,1
request,54,0,23,0,decode_mtp_draft,-1,0,0,0,0,0,0,0,0,0,0,0,0,0,0,0,0,0,0,0,0,,1356,20,0,0,6,0,0,0,0,0,0,0,0
layer,55,0,23,180,decode_target,0,16,12,4,3869,2350,248,188,2,0,2,4193,10,7,0,0,0,0,0,0,45,lru,0,0,0,0,0,0,16,12,16,0,4,0,1
layer,55,0,23,180,decode_target,1,11,11,0,0,0,235,0,0,0,0,24,8,2,0,0,0,0,0,0,45,lru,0,0,0,0,0,0,16,16,16,0,0,0,1
layer,55,0,23,180,decode_target,2,10,10,0,0,0,199,0,0,0,0,19,7,2,0,0,0,0,0,0,45,lru,0,0,0,0,0,0,16,16,16,0,0,0,1
layer,55,0,23,180,decode_target,3,10,9,1,931,570,208,115,2,0,2,1112,8,24,0,0,0,0,0,0,45,lru,0,0,0,0,0,0,16,15,16,0,1,0,1
layer,55,0,23,180,decode_target,4,11,10,1,969,590,210,42,7,0,7,1091,8,11,0,0,0,0,0,0,45,lru,0,0,0,0,0,0,16,15,16,0,1,0,1
layer,55,0,23,180,decode_target,5,12,10,2,1856,1188,221,110,3,0,3,2025,8,10,0,0,0,0,0,0,45,lru,0,0,0,0,0,0,16,14,16,0,2,0,1
layer,55,0,23,180,decode_target,6,8,8,0,0,0,190,0,0,0,0,20,8,2,0,0,0,0,0,0,45,lru,0,0,0,0,0,0,16,16,16,0,0,0,1
layer,55,0,23,180,decode_target,7,11,11,0,0,0,236,0,0,0,0,21,8,2,0,0,0,0,0,0,45,lru,0,0,0,0,0,0,16,16,16,0,0,0,1
layer,55,0,23,180,decode_target,8,9,9,0,0,0,221,0,0,0,0,19,8,2,0,0,0,0,0,0,45,lru,0,0,0,0,0,0,16,16,16,0,0,0,1
layer,55,0,23,180,decode_target,9,9,8,1,844,562,208,34,2,0,2,1002,7,10,0,0,0,0,0,0,45,lru,0,0,0,0,0,0,16,14,16,0,1,0,1
layer,55,0,23,180,decode_target,10,9,9,0,0,0,197,0,0,0,0,19,8,2,0,0,0,0,0,0,45,lru,0,0,0,0,0,0,16,16,16,0,0,0,1
layer,55,0,23,180,decode_target,11,10,9,1,844,562,208,87,2,0,2,1019,8,13,0,0,0,0,0,0,45,lru,0,0,0,0,0,0,16,15,16,0,1,0,1
layer,55,0,23,180,decode_target,12,13,11,2,1767,1132,222,184,2,0,2,2102,8,18,0,0,0,0,0,0,45,lru,0,0,0,0,0,0,16,13,16,0,2,0,1
layer,55,0,23,180,decode_target,13,12,8,4,3881,2292,219,238,2,0,2,4276,8,20,0,0,0,0,0,0,45,lru,0,0,0,0,0,0,16,11,16,0,4,0,1
layer,55,0,23,180,decode_target,14,11,11,0,0,0,204,0,0,0,0,21,8,2,0,0,0,0,0,0,45,lru,0,0,0,0,0,0,16,16,16,0,0,0,1
layer,55,0,23,180,decode_target,15,11,11,0,0,0,232,0,0,0,0,19,8,2,0,0,0,0,0,0,45,lru,0,0,0,0,0,0,16,16,16,0,0,0,1
layer,55,0,23,180,decode_target,16,10,9,1,889,578,209,88,2,0,2,1119,7,26,0,0,0,0,0,0,45,lru,0,0,0,0,0,0,16,15,16,0,1,0,0
layer,55,0,23,180,decode_target,17,11,10,1,874,562,217,83,1,0,1,985,8,7,0,0,0,0,0,0,45,lru,0,0,0,0,0,0,16,15,16,0,1,0,1
layer,55,0,23,180,decode_target,18,12,12,0,0,0,210,0,0,0,0,21,8,2,0,0,0,0,0,0,45,lru,0,0,0,0,0,0,16,16,16,0,0,0,1
layer,55,0,23,180,decode_target,19,11,10,1,964,584,213,35,1,0,1,1140,8,17,0,0,0,0,0,0,45,lru,0,0,0,0,0,0,16,15,16,0,1,0,1
layer,55,0,23,180,decode_target,20,12,11,1,857,593,220,108,1,0,1,987,9,11,0,0,0,0,0,0,45,lru,0,0,0,0,0,0,16,15,16,0,1,0,1
layer,55,0,23,180,decode_target,21,12,12,0,0,0,240,0,0,0,0,20,8,1,0,0,0,0,0,0,45,lru,0,0,0,0,0,0,16,16,16,0,0,0,1
layer,55,0,23,180,decode_target,22,12,11,1,863,581,196,48,1,0,1,995,8,9,0,0,0,0,0,0,45,lru,0,0,0,0,0,0,16,15,16,0,1,0,1
layer,55,0,23,180,decode_target,23,12,12,0,0,0,233,0,0,0,0,20,8,1,0,0,0,0,0,0,45,lru,0,0,0,0,0,0,16,16,16,0,0,0,1
layer,55,0,23,180,decode_target,24,13,12,1,889,586,223,110,1,0,1,1083,8,29,0,0,0,0,0,0,45,lru,0,0,0,0,0,0,16,15,16,0,1,0,1
layer,55,0,23,180,decode_target,25,12,12,0,0,0,238,0,0,0,0,21,8,3,0,0,0,0,0,0,45,lru,0,0,0,0,0,0,16,16,16,0,0,0,1
layer,55,0,23,180,decode_target,26,9,9,0,0,0,194,0,0,0,0,17,8,2,0,0,0,0,0,0,45,lru,0,0,0,0,0,0,16,16,16,0,0,0,1
layer,55,0,23,180,decode_target,27,11,11,0,0,0,234,0,0,0,0,18,8,1,0,0,0,0,0,0,45,lru,0,0,0,0,0,0,16,16,16,0,0,0,1
layer,55,0,23,180,decode_target,28,12,12,0,0,0,238,0,0,0,0,19,8,2,0,0,0,0,0,0,45,lru,0,0,0,0,0,0,16,16,16,0,0,0,1
layer,55,0,23,180,decode_target,29,12,12,0,0,0,238,0,0,0,0,18,8,2,0,0,0,0,0,0,45,lru,0,0,0,0,0,0,16,16,16,0,0,0,1
layer,55,0,23,180,decode_target,30,10,10,0,0,0,199,0,0,0,0,17,7,2,0,0,0,0,0,0,45,lru,0,0,0,0,0,0,16,16,16,0,0,0,1
layer,55,0,23,180,decode_target,31,11,10,1,923,592,214,23,1,0,1,1028,8,10,0,0,0,0,0,0,45,lru,0,0,0,0,0,0,16,15,16,0,1,0,1
layer,55,0,23,180,decode_target,32,12,12,0,0,0,238,0,0,0,0,19,8,2,0,0,0,0,0,0,45,lru,0,0,0,0,0,0,16,16,16,0,0,0,1
layer,55,0,23,180,decode_target,33,10,10,0,0,0,228,0,0,0,0,17,8,2,0,0,0,0,0,0,45,lru,0,0,0,0,0,0,16,16,16,0,0,0,1
layer,55,0,23,180,decode_target,34,11,11,0,0,0,207,0,0,0,0,18,8,2,0,0,0,0,0,0,45,lru,0,0,0,0,0,0,16,16,16,0,0,0,1
layer,55,0,23,180,decode_target,35,9,9,0,0,0,222,0,0,0,0,17,7,2,0,0,0,0,0,0,45,lru,0,0,0,0,0,0,16,16,16,0,0,0,1
layer,55,0,23,180,decode_target,36,9,9,0,0,0,224,0,0,0,0,17,7,2,0,0,0,0,0,0,45,lru,0,0,0,0,0,0,16,16,16,0,0,0,0
layer,55,0,23,180,decode_target,37,10,10,0,0,0,233,0,0,0,0,16,7,2,0,0,0,0,0,0,45,lru,0,0,0,0,0,0,16,16,16,0,0,0,1
layer,55,0,23,180,decode_target,38,11,10,1,883,561,192,98,1,0,1,1038,7,16,0,0,0,0,0,0,45,lru,0,0,0,0,0,0,16,15,16,0,1,0,1
layer,55,0,23,180,decode_target,39,10,10,0,0,0,944,0,0,0,0,19,8,2,0,0,0,0,0,0,45,lru,0,0,0,0,0,0,16,16,16,0,0,0,1
request,55,0,23,0,decode_target,-1,0,0,0,0,0,0,0,0,0,0,0,0,0,0,0,0,0,0,0,0,,38219,316,0,0,19,0,0,0,0,0,0,0,0
layer,56,0,23,180,decode_mtp_process,40,11,11,0,0,0,138,0,0,0,0,23,11,2,0,0,0,0,0,0,45,lru,0,0,0,0,0,0,16,16,16,0,0,0,1
request,56,0,23,0,decode_mtp_process,-1,0,0,0,0,0,0,0,0,0,0,0,0,0,0,0,0,0,0,0,0,,650,17,0,0,6,0,0,0,0,0,0,0,0
layer,57,0,25,180,decode_mtp_draft,40,8,7,1,890,585,867,48,1,0,1,1021,11,9,0,0,0,0,0,0,45,lru,0,0,0,0,0,0,8,7,8,0,1,0,1
request,57,0,25,0,decode_mtp_draft,-1,0,0,0,0,0,0,0,0,0,0,0,0,0,0,0,0,0,0,0,0,,2505,22,0,0,7,0,0,0,0,0,0,0,0
layer,58,0,25,183,decode_target,0,14,6,8,8530,4841,237,728,2,0,2,9238,10,12,0,0,0,0,0,0,45,lru,0,0,0,0,0,0,16,8,16,0,8,0,1
layer,58,0,25,183,decode_target,1,10,10,0,0,0,230,0,0,0,0,21,8,2,0,0,0,0,0,0,45,lru,0,0,0,0,0,0,16,16,16,0,0,0,1
layer,58,0,25,183,decode_target,2,9,9,0,0,0,196,0,0,0,0,18,8,2,0,0,0,0,0,0,45,lru,0,0,0,0,0,0,16,16,16,0,0,0,1
layer,58,0,25,183,decode_target,3,10,9,1,995,610,209,56,2,0,2,1105,8,10,0,0,0,0,0,0,45,lru,0,0,0,0,0,0,16,15,16,0,1,0,0
layer,58,0,25,183,decode_target,4,11,11,0,0,0,234,0,0,0,0,21,8,2,0,0,0,0,0,0,45,lru,0,0,0,0,0,0,16,16,16,0,0,0,1
layer,58,0,25,183,decode_target,5,12,8,4,4203,2439,220,429,3,0,3,4630,8,14,0,0,0,0,0,0,45,lru,0,0,0,0,0,0,16,12,16,0,4,0,0
layer,58,0,25,183,decode_target,6,10,10,0,0,0,199,0,0,0,0,22,8,2,0,0,0,0,0,0,45,lru,0,0,0,0,0,0,16,16,16,0,0,0,1
layer,58,0,25,183,decode_target,7,9,9,0,0,0,225,0,0,0,0,21,8,5,0,0,0,0,0,0,45,lru,0,0,0,0,0,0,16,16,16,0,0,0,1
layer,58,0,25,183,decode_target,8,11,10,1,894,582,214,89,2,0,2,1051,9,5,0,0,0,0,0,0,45,lru,0,0,0,0,0,0,16,15,16,0,1,0,1
layer,58,0,25,183,decode_target,9,10,9,1,878,576,212,101,2,0,2,1084,8,27,0,0,0,0,0,0,45,lru,0,0,0,0,0,0,16,15,16,0,1,0,1
layer,58,0,25,183,decode_target,10,11,11,0,0,0,206,0,0,0,0,22,8,2,0,0,0,0,0,0,45,lru,0,0,0,0,0,0,16,16,16,0,0,0,1
layer,58,0,25,183,decode_target,11,9,9,0,0,0,221,0,0,0,0,18,8,2,0,0,0,0,0,0,45,lru,0,0,0,0,0,0,16,16,16,0,0,0,1
layer,58,0,25,183,decode_target,12,12,12,0,0,0,239,0,0,0,0,20,8,2,0,0,0,0,0,0,45,lru,0,0,0,0,0,0,16,16,16,0,0,0,1
layer,58,0,25,183,decode_target,13,12,12,0,0,0,242,0,0,0,0,18,8,2,0,0,0,0,0,0,45,lru,0,0,0,0,0,0,16,16,16,0,0,0,1
layer,58,0,25,183,decode_target,14,10,9,1,895,602,182,84,2,0,2,1072,8,16,0,0,0,0,0,0,45,lru,0,0,0,0,0,0,16,15,16,0,1,0,1
layer,58,0,25,183,decode_target,15,11,10,1,1008,543,215,112,2,0,2,1171,8,22,0,0,0,0,0,0,45,lru,0,0,0,0,0,0,16,15,16,0,1,0,0
layer,58,0,25,183,decode_target,16,11,10,1,1085,553,212,98,1,0,1,1299,8,12,0,0,0,0,0,0,45,lru,0,0,0,0,0,0,16,15,16,0,1,0,1
layer,58,0,25,183,decode_target,17,12,11,1,885,588,224,38,1,0,1,1040,8,9,0,0,0,0,0,0,45,lru,0,0,0,0,0,0,16,15,16,0,1,0,1
layer,58,0,25,183,decode_target,18,12,12,0,0,0,209,0,0,0,0,20,8,2,0,0,0,0,0,0,45,lru,0,0,0,0,0,0,16,16,16,0,0,0,1
layer,58,0,25,183,decode_target,19,10,10,0,0,0,226,0,0,0,0,18,8,2,0,0,0,0,0,0,45,lru,0,0,0,0,0,0,16,16,16,0,0,0,1
layer,58,0,25,183,decode_target,20,12,12,0,0,0,239,0,0,0,0,18,7,2,0,0,0,0,0,0,45,lru,0,0,0,0,0,0,16,16,16,0,0,0,1
layer,58,0,25,183,decode_target,21,11,10,1,887,587,217,78,1,0,1,1043,7,16,0,0,0,0,0,0,45,lru,0,0,0,0,0,0,16,15,16,0,1,0,1
layer,58,0,25,183,decode_target,22,13,12,1,870,564,201,45,1,0,1,1012,8,20,0,0,0,0,0,0,45,lru,0,0,0,0,0,0,16,15,16,0,1,0,1
layer,58,0,25,183,decode_target,23,12,12,0,0,0,232,0,0,0,0,19,7,2,0,0,0,0,0,0,45,lru,0,0,0,0,0,0,16,16,16,0,0,0,1
layer,58,0,25,183,decode_target,24,12,12,0,0,0,237,0,0,0,0,18,8,2,0,0,0,0,0,0,45,lru,0,0,0,0,0,0,16,16,16,0,0,0,1
layer,58,0,25,183,decode_target,25,12,11,1,883,563,221,50,1,0,1,1111,8,32,0,0,0,0,0,0,45,lru,0,0,0,0,0,0,16,15,16,0,1,0,1
layer,58,0,25,183,decode_target,26,11,11,0,0,0,203,0,0,0,0,20,8,2,0,0,0,0,0,0,45,lru,0,0,0,0,0,0,16,16,16,0,0,0,1
layer,58,0,25,183,decode_target,27,12,12,0,0,0,239,0,0,0,0,18,8,2,0,0,0,0,0,0,45,lru,0,0,0,0,0,0,16,16,16,0,0,0,0
layer,58,0,25,183,decode_target,28,10,10,0,0,0,227,0,0,0,0,19,9,2,0,0,0,0,0,0,45,lru,0,0,0,0,0,0,16,16,16,0,0,0,1
layer,58,0,25,183,decode_target,29,13,13,0,0,0,245,0,0,0,0,18,8,2,0,0,0,0,0,0,45,lru,0,0,0,0,0,0,16,16,16,0,0,0,1
layer,58,0,25,183,decode_target,30,12,12,0,0,0,208,0,0,0,0,17,7,2,0,0,0,0,0,0,45,lru,0,0,0,0,0,0,16,16,16,0,0,0,1
layer,58,0,25,183,decode_target,31,12,11,1,881,601,216,114,1,0,1,1071,8,15,0,0,0,0,0,0,45,lru,0,0,0,0,0,0,16,15,16,0,1,0,0
layer,58,0,25,183,decode_target,32,13,11,2,1867,1114,222,219,1,0,1,2155,8,26,0,0,0,0,0,0,45,lru,0,0,0,0,0,0,16,14,16,0,2,0,1
layer,58,0,25,183,decode_target,33,11,10,1,1047,575,215,109,1,0,1,1177,8,6,0,0,0,0,0,0,45,lru,0,0,0,0,0,0,16,15,16,0,1,0,1
layer,58,0,25,183,decode_target,34,11,11,0,0,0,206,0,0,0,0,20,8,2,0,0,0,0,0,0,45,lru,0,0,0,0,0,0,16,16,16,0,0,0,1
layer,58,0,25,183,decode_target,35,10,9,1,860,565,205,99,1,0,1,1031,8,17,0,0,0,0,0,0,45,lru,0,0,0,0,0,0,16,15,16,0,1,0,1
layer,58,0,25,183,decode_target,36,11,8,3,2812,1711,212,279,2,0,2,3224,8,29,0,0,0,0,0,0,45,lru,0,0,0,0,0,0,16,13,16,0,3,0,1
layer,58,0,25,183,decode_target,37,12,10,2,1920,1123,220,82,2,0,2,2135,8,12,0,0,0,0,0,0,45,lru,0,0,0,0,0,0,16,14,16,0,2,0,1
layer,58,0,25,183,decode_target,38,10,8,2,1901,1139,184,181,2,0,2,2189,8,21,0,0,0,0,0,0,45,lru,0,0,0,0,0,0,16,14,16,0,2,0,1
layer,58,0,25,183,decode_target,39,10,9,1,916,539,938,198,1,0,1,1136,8,19,0,0,0,0,0,0,45,lru,0,0,0,0,0,0,16,15,16,0,1,0,1
request,58,0,25,0,decode_target,-1,0,0,0,0,0,0,0,0,0,0,0,0,0,0,0,0,0,0,0,0,,52005,364,0,0,20,0,0,0,0,0,0,0,0
layer,59,0,25,183,decode_mtp_process,40,12,12,0,0,0,141,0,0,0,0,24,11,2,0,0,0,0,0,0,45,lru,0,0,0,0,0,0,16,16,16,0,0,0,1
request,59,0,25,0,decode_mtp_process,-1,0,0,0,0,0,0,0,0,0,0,0,0,0,0,0,0,0,0,0,0,,652,23,0,0,12,0,0,0,0,0,0,0,0
layer,60,0,27,183,decode_mtp_draft,40,8,8,0,0,0,898,0,0,0,0,22,11,2,0,0,0,0,0,0,45,lru,0,0,0,0,0,0,8,8,8,0,0,0,1
request,60,0,27,0,decode_mtp_draft,-1,0,0,0,0,0,0,0,0,0,0,0,0,0,0,0,0,0,0,0,0,,1354,19,0,0,6,0,0,0,0,0,0,0,0
layer,61,0,27,186,decode_target,0,15,11,4,3916,2422,241,299,2,0,2,4271,9,17,0,0,0,0,0,0,45,lru,0,0,0,0,0,0,16,11,16,0,4,0,1
layer,61,0,27,186,decode_target,1,12,10,2,1844,1147,217,141,2,0,2,2095,8,14,0,0,0,0,0,0,45,lru,0,0,0,0,0,0,16,14,16,0,2,0,1
layer,61,0,27,186,decode_target,2,12,10,2,1954,1118,194,102,3,0,3,2127,8,14,0,0,0,0,0,0,45,lru,0,0,0,0,0,0,16,14,16,0,2,0,1
layer,61,0,27,186,decode_target,3,14,11,3,2912,1735,222,285,3,0,3,3242,8,18,0,0,0,0,0,0,45,lru,0,0,0,0,0,0,16,13,16,0,3,0,1
layer,61,0,27,186,decode_target,4,12,9,3,2770,1739,217,234,3,0,3,3192,8,16,0,0,0,0,0,0,45,lru,0,0,0,0,0,0,16,13,16,0,3,0,1
layer,61,0,27,186,decode_target,5,14,14,0,0,0,250,0,0,0,0,22,8,2,0,0,0,0,0,0,45,lru,0,0,0,0,0,0,16,16,16,0,0,0,1
layer,61,0,27,186,decode_target,6,12,12,0,0,0,209,0,0,0,0,21,9,2,0,0,0,0,0,0,45,lru,0,0,0,0,0,0,16,16,16,0,0,0,1
layer,61,0,27,186,decode_target,7,14,13,1,950,583,226,63,2,0,2,1119,8,17,0,0,0,0,0,0,45,lru,0,0,0,0,0,0,16,15,16,0,1,0,1
layer,61,0,27,186,decode_target,8,14,13,1,849,562,228,89,2,0,2,983,8,13,0,0,0,0,0,0,45,lru,0,0,0,0,0,0,16,15,16,0,1,0,1
layer,61,0,27,186,decode_target,9,13,13,0,0,0,244,0,0,0,0,20,7,2,0,0,0,0,0,0,45,lru,0,0,0,0,0,0,16,16,16,0,0,0,1
layer,61,0,27,186,decode_target,10,13,13,0,0,0,216,0,0,0,0,21,7,2,0,0,0,0,0,0,45,lru,0,0,0,0,0,0,16,16,16,0,0,0,1
layer,61,0,27,186,decode_target,11,14,14,0,0,0,244,0,0,0,0,19,7,2,0,0,0,0,0,0,45,lru,0,0,0,0,0,0,16,16,16,0,0,0,1
layer,61,0,27,186,decode_target,12,15,15,0,0,0,251,0,0,0,0,21,8,2,0,0,0,0,0,0,45,lru,0,0,0,0,0,0,16,16,16,0,0,0,1
layer,61,0,27,186,decode_target,13,14,13,1,884,564,228,70,2,0,2,1041,8,17,0,0,0,0,0,0,45,lru,0,0,0,0,0,0,16,15,16,0,1,0,1
layer,61,0,27,186,decode_target,14,14,12,2,1872,1155,204,96,2,0,2,2073,8,21,0,0,0,0,0,0,45,lru,0,0,0,0,0,0,16,14,16,0,2,0,1
layer,61,0,27,186,decode_target,15,14,13,1,896,579,224,26,1,0,1,1023,9,12,0,0,0,0,0,0,45,lru,0,0,0,0,0,0,16,15,16,0,1,0,1
layer,61,0,27,186,decode_target,16,14,14,0,0,0,249,0,0,0,0,21,8,2,0,0,0,0,0,0,45,lru,0,0,0,0,0,0,16,16,16,0,0,0,1
layer,61,0,27,186,decode_target,17,14,14,0,0,0,249,0,0,0,0,20,8,2,0,0,0,0,0,0,45,lru,0,0,0,0,0,0,16,16,16,0,0,0,1
layer,61,0,27,186,decode_target,18,12,11,1,906,550,193,44,1,0,1,1108,8,22,0,0,0,0,0,0,45,lru,0,0,0,0,0,0,16,15,16,0,1,0,1
layer,61,0,27,186,decode_target,19,13,12,1,901,576,222,23,1,0,1,1019,8,18,0,0,0,0,0,0,45,lru,0,0,0,0,0,0,16,15,16,0,1,0,1
layer,61,0,27,186,decode_target,20,13,11,2,1795,1166,222,200,2,0,2,2033,8,13,0,0,0,0,0,0,45,lru,0,0,0,0,0,0,16,14,16,0,2,0,1
layer,61,0,27,186,decode_target,21,12,12,0,0,0,241,0,0,0,0,20,8,2,0,0,0,0,0,0,45,lru,0,0,0,0,0,0,16,16,16,0,0,0,1
layer,61,0,27,186,decode_target,22,14,11,3,2820,1768,206,204,1,0,1,3102,8,10,0,0,0,0,0,0,45,lru,0,0,0,0,0,0,16,13,16,0,3,0,1
layer,61,0,27,186,decode_target,23,13,13,0,0,0,238,0,0,0,0,20,8,2,0,0,0,0,0,0,45,lru,0,0,0,0,0,0,16,16,16,0,0,0,1
layer,61,0,27,186,decode_target,24,11,11,0,0,0,235,0,0,0,0,19,8,2,0,0,0,0,0,0,45,lru,0,0,0,0,0,0,16,16,16,0,0,0,1
layer,61,0,27,186,decode_target,25,13,12,1,849,571,225,148,1,0,1,1054,7,13,0,0,0,0,0,0,45,lru,0,0,0,0,0,0,16,15,16,0,1,0,1
layer,61,0,27,186,decode_target,26,11,11,0,0,0,201,0,0,0,0,19,8,2,0,0,0,0,0,0,45,lru,0,0,0,0,0,0,16,16,16,0,0,0,1
layer,61,0,27,186,decode_target,27,13,11,2,1784,1113,223,126,2,0,2,1976,9,8,0,0,0,0,0,0,45,lru,0,0,0,0,0,0,16,14,16,0,2,0,1
layer,61,0,27,186,decode_target,28,13,13,0,0,0,242,0,0,0,0,20,8,2,0,0,0,0,0,0,45,lru,0,0,0,0,0,0,16,16,16,0,0,0,0
layer,61,0,27,186,decode_target,29,13,13,0,0,0,246,0,0,0,0,19,8,2,0,0,0,0,0,0,45,lru,0,0,0,0,0,0,16,16,16,0,0,0,1
layer,61,0,27,186,decode_target,30,11,11,0,0,0,203,0,0,0,0,18,8,2,0,0,0,0,0,0,45,lru,0,0,0,0,0,0,16,16,16,0,0,0,1
layer,61,0,27,186,decode_target,31,13,13,0,0,0,241,0,0,0,0,19,8,2,0,0,0,0,0,0,45,lru,0,0,0,0,0,0,16,16,16,0,0,0,1
layer,61,0,27,186,decode_target,32,13,13,0,0,0,243,0,0,0,0,18,7,2,0,0,0,0,0,0,45,lru,0,0,0,0,0,0,16,16,16,0,0,0,1
layer,61,0,27,186,decode_target,33,12,11,1,854,595,218,130,1,0,1,1064,8,18,0,0,0,0,0,0,45,lru,0,0,0,0,0,0,16,15,16,0,1,0,1
layer,61,0,27,186,decode_target,34,11,10,1,861,569,191,58,1,0,1,981,8,8,0,0,0,0,0,0,45,lru,0,0,0,0,0,0,16,15,16,0,1,0,1
layer,61,0,27,186,decode_target,35,11,10,1,864,573,210,121,1,0,1,1010,8,15,0,0,0,0,0,0,45,lru,0,0,0,0,0,0,16,15,16,0,1,0,1
layer,61,0,27,186,decode_target,36,12,11,1,854,565,218,43,1,0,1,993,8,24,0,0,0,0,0,0,45,lru,0,0,0,0,0,0,16,15,16,0,1,0,1
layer,61,0,27,186,decode_target,37,12,12,0,0,0,239,0,0,0,0,23,8,2,0,0,0,0,0,0,45,lru,0,0,0,0,0,0,16,16,16,0,0,0,1
layer,61,0,27,186,decode_target,38,12,10,2,1796,1126,195,116,2,0,2,1997,8,10,0,0,0,0,0,0,45,lru,0,0,0,0,0,0,16,14,16,0,2,0,1
layer,61,0,27,186,decode_target,39,11,11,0,0,0,949,0,0,0,0,20,9,2,0,0,0,0,0,0,45,lru,0,0,0,0,0,0,16,16,16,0,0,0,1
request,61,0,27,0,decode_target,-1,0,0,0,0,0,0,0,0,0,0,0,0,0,0,0,0,0,0,0,0,,51551,360,0,0,17,0,0,0,0,0,0,0,0
layer,62,0,27,186,decode_mtp_process,40,13,12,1,901,559,121,35,1,0,1,1071,12,19,0,0,0,0,0,0,45,lru,0,0,0,0,0,0,16,15,16,0,1,0,1
request,62,0,27,0,decode_mtp_process,-1,0,0,0,0,0,0,0,0,0,0,0,0,0,0,0,0,0,0,0,0,,1809,20,0,0,6,0,0,0,0,0,0,0,0
layer,63,0,29,186,decode_mtp_draft,40,8,7,1,942,541,873,46,1,0,1,1099,10,26,0,0,0,0,0,0,45,lru,0,0,0,0,0,0,8,7,8,0,1,0,1
request,63,0,29,0,decode_mtp_draft,-1,0,0,0,0,0,0,0,0,0,0,0,0,0,0,0,0,0,0,0,0,,2531,23,0,0,7,0,0,0,0,0,0,0,0
layer,64,0,29,189,decode_target,0,15,10,5,5030,2982,244,368,2,0,2,5545,10,9,0,0,0,0,0,0,45,lru,0,0,0,0,0,0,16,11,16,0,5,0,1
layer,64,0,29,189,decode_target,1,9,9,0,0,0,224,0,0,0,0,21,9,2,0,0,0,0,0,0,45,lru,0,0,0,0,0,0,16,16,16,0,0,0,1
layer,64,0,29,189,decode_target,2,11,10,1,937,577,191,110,2,0,2,1111,8,25,0,0,0,0,0,0,45,lru,0,0,0,0,0,0,16,15,16,0,1,0,1
layer,64,0,29,189,decode_target,3,13,11,2,1963,1166,221,86,2,0,2,2174,8,8,0,0,0,0,0,0,45,lru,0,0,0,0,0,0,16,14,16,0,2,0,1
layer,64,0,29,189,decode_target,4,12,9,3,2891,1763,216,204,2,0,2,3232,8,12,0,0,0,0,0,0,45,lru,0,0,0,0,0,0,16,13,16,0,3,0,1
layer,64,0,29,189,decode_target,5,14,13,1,892,589,229,102,2,0,2,1010,8,9,0,0,0,0,0,0,45,lru,0,0,0,0,0,0,16,15,16,0,1,0,1
layer,64,0,29,189,decode_target,6,12,12,0,0,0,211,0,0,0,0,21,8,2,0,0,0,0,0,0,45,lru,0,0,0,0,0,0,16,16,16,0,0,0,1
layer,64,0,29,189,decode_target,7,14,14,0,0,0,244,0,0,0,0,19,7,2,0,0,0,0,0,0,45,lru,0,0,0,0,0,0,16,16,16,0,0,0,1
layer,64,0,29,189,decode_target,8,13,13,0,0,0,242,0,0,0,0,18,8,2,0,0,0,0,0,0,45,lru,0,0,0,0,0,0,16,16,16,0,0,0,1
layer,64,0,29,189,decode_target,9,14,12,2,1861,1163,229,99,2,0,2,2067,7,17,0,0,0,0,0,0,45,lru,0,0,0,0,0,0,16,14,16,0,2,0,1
layer,64,0,29,189,decode_target,10,13,13,0,0,0,217,0,0,0,0,22,9,2,0,0,0,0,0,0,45,lru,0,0,0,0,0,0,16,16,16,0,0,0,1
layer,64,0,29,189,decode_target,11,13,13,0,0,0,238,0,0,0,0,19,8,2,0,0,0,0,0,0,45,lru,0,0,0,0,0,0,16,16,16,0,0,0,1
layer,64,0,29,189,decode_target,12,13,13,0,0,0,244,0,0,0,0,19,8,2,0,0,0,0,0,0,45,lru,0,0,0,0,0,0,16,16,16,0,0,0,1
layer,64,0,29,189,decode_target,13,13,12,1,892,601,225,48,2,0,2,1025,8,9,0,0,0,0,0,0,45,lru,0,0,0,0,0,0,16,15,16,0,1,0,1
layer,64,0,29,189,decode_target,14,11,11,0,0,0,203,0,0,0,0,20,8,2,0,0,0,0,0,0,45,lru,0,0,0,0,0,0,16,16,16,0,0,0,1
layer,64,0,29,189,decode_target,15,12,11,1,917,567,217,41,2,0,2,1031,8,9,0,0,0,0,0,0,45,lru,0,0,0,0,0,0,16,15,16,0,1,0,1
layer,64,0,29,189,decode_target,16,13,12,1,897,590,224,15,1,0,1,1073,8,25,0,0,0,0,0,0,45,lru,0,0,0,0,0,0,16,15,16,0,1,0,1
layer,64,0,29,189,decode_target,17,14,14,0,0,0,250,0,0,0,0,21,8,2,0,0,0,0,0,0,45,lru,0,0,0,0,0,0,16,16,16,0,0,0,1
layer,64,0,29,189,decode_target,18,12,11,1,898,569,196,61,1,0,1,1015,8,10,0,0,0,0,0,0,45,lru,0,0,0,0,0,0,16,15,16,0,1,0,1
layer,64,0,29,189,decode_target,19,14,13,1,901,594,224,22,1,0,1,1029,8,14,0,0,0,0,0,0,45,lru,0,0,0,0,0,0,16,15,16,0,1,0,1
layer,64,0,29,189,decode_target,20,13,12,1,868,569,224,95,1,0,1,1019,8,23,0,0,0,0,0,0,45,lru,0,0,0,0,0,0,16,15,16,0,1,0,1
layer,64,0,29,189,decode_target,21,13,12,1,892,583,224,42,1,0,1,1042,8,10,0,0,0,0,0,0,45,lru,0,0,0,0,0,0,16,15,16,0,1,0,1
layer,64,0,29,189,decode_target,22,13,13,0,0,0,216,0,0,0,0,19,8,2,0,0,0,0,0,0,45,lru,0,0,0,0,0,0,16,16,16,0,0,0,1
layer,64,0,29,189,decode_target,23,13,12,1,898,585,220,48,1,0,1,992,8,9,0,0,0,0,0,0,45,lru,0,0,0,0,0,0,16,15,16,0,1,0,1
layer,64,0,29,189,decode_target,24,12,12,0,0,0,238,0,0,0,0,20,8,2,0,0,0,0,0,0,45,lru,0,0,0,0,0,0,16,16,16,0,0,0,1
layer,64,0,29,189,decode_target,25,15,15,0,0,0,254,0,0,0,0,21,8,2,0,0,0,0,0,0,45,lru,0,0,0,0,0,0,16,16,16,0,0,0,1
layer,64,0,29,189,decode_target,26,11,11,0,0,0,199,0,0,0,0,18,8,2,0,0,0,0,0,0,45,lru,0,0,0,0,0,0,16,16,16,0,0,0,1
layer,64,0,29,189,decode_target,27,12,12,0,0,0,239,0,0,0,0,19,9,2,0,0,0,0,0,0,45,lru,0,0,0,0,0,0,16,16,16,0,0,0,0
layer,64,0,29,189,decode_target,28,12,12,0,0,0,238,0,0,0,0,18,8,2,0,0,0,0,0,0,45,lru,0,0,0,0,0,0,16,16,16,0,0,0,1
layer,64,0,29,189,decode_target,29,10,10,0,0,0,227,0,0,0,0,17,8,2,0,0,0,0,0,0,45,lru,0,0,0,0,0,0,16,16,16,0,0,0,1
layer,64,0,29,189,decode_target,30,9,9,0,0,0,201,0,0,0,0,18,8,2,0,0,0,0,0,0,45,lru,0,0,0,0,0,0,16,16,16,0,0,0,1
layer,64,0,29,189,decode_target,31,12,12,0,0,0,239,0,0,0,0,17,8,2,0,0,0,0,0,0,45,lru,0,0,0,0,0,0,16,16,16,0,0,0,1
layer,64,0,29,189,decode_target,32,11,10,1,900,604,213,80,1,0,1,1064,7,13,0,0,0,0,0,0,45,lru,0,0,0,0,0,0,16,15,16,0,1,0,1
layer,64,0,29,189,decode_target,33,11,10,1,866,560,214,54,1,0,1,1033,8,21,0,0,0,0,0,0,45,lru,0,0,0,0,0,0,16,15,16,0,1,0,1
layer,64,0,29,189,decode_target,34,12,12,0,0,0,214,0,0,0,0,20,8,2,0,0,0,0,0,0,45,lru,0,0,0,0,0,0,16,16,16,0,0,0,1
layer,64,0,29,189,decode_target,35,10,10,0,0,0,227,0,0,0,0,18,8,2,0,0,0,0,0,0,45,lru,0,0,0,0,0,0,16,16,16,0,0,0,1
layer,64,0,29,189,decode_target,36,11,11,0,0,0,234,0,0,0,0,18,8,2,0,0,0,0,0,0,45,lru,0,0,0,0,0,0,16,16,16,0,0,0,1
layer,64,0,29,189,decode_target,37,11,11,0,0,0,237,0,0,0,0,18,8,2,0,0,0,0,0,0,45,lru,0,0,0,0,0,0,16,16,16,0,0,0,1
layer,64,0,29,189,decode_target,38,14,14,0,0,0,223,0,0,0,0,19,7,2,0,0,0,0,0,0,45,lru,0,0,0,0,0,0,16,16,16,0,0,0,1
layer,64,0,29,189,decode_target,39,11,10,1,843,595,936,107,1,0,1,1060,8,23,0,0,0,0,0,0,45,lru,0,0,0,0,0,0,16,15,16,0,1,0,1
request,64,0,29,0,decode_target,-1,0,0,0,0,0,0,0,0,0,0,0,0,0,0,0,0,0,0,0,0,,40037,314,0,0,16,0,0,0,0,0,0,0,0
layer,65,0,29,189,decode_mtp_process,40,13,13,0,0,0,142,0,0,0,0,23,11,2,0,0,0,0,0,0,45,lru,0,0,0,0,0,0,16,16,16,0,0,0,1
request,65,0,29,0,decode_mtp_process,-1,0,0,0,0,0,0,0,0,0,0,0,0,0,0,0,0,0,0,0,0,,643,16,0,0,5,0,0,0,0,0,0,0,0
layer,66,0,31,189,decode_mtp_draft,40,8,8,0,0,0,903,0,0,0,0,22,10,2,0,0,0,0,0,0,45,lru,0,0,0,0,0,0,8,8,8,0,0,0,1
request,66,0,31,0,decode_mtp_draft,-1,0,0,0,0,0,0,0,0,0,0,0,0,0,0,0,0,0,0,0,0,,1358,18,0,0,6,0,0,0,0,0,0,0,0
layer,67,0,31,192,decode_target,0,16,15,1,883,575,248,36,2,0,2,1033,9,11,0,0,0,0,0,0,45,lru,0,0,0,0,0,0,16,15,16,0,1,0,1
layer,67,0,31,192,decode_target,1,13,12,1,868,573,223,17,2,0,2,986,9,11,0,0,0,0,0,0,45,lru,0,0,0,0,0,0,16,15,16,0,1,0,1
layer,67,0,31,192,decode_target,2,13,10,3,2943,1725,198,260,3,0,3,3395,8,29,0,0,0,0,0,0,45,lru,0,0,0,0,0,0,16,13,16,0,3,0,1
layer,67,0,31,192,decode_target,3,15,9,6,6208,3573,226,570,3,0,3,6764,9,12,0,0,0,0,0,0,45,lru,0,0,0,0,0,0,16,10,16,0,6,0,1
layer,67,0,31,192,decode_target,4,13,11,2,1855,1218,221,181,3,0,3,2140,9,24,0,0,0,0,0,0,45,lru,0,0,0,0,0,0,16,14,16,0,2,0,1
layer,67,0,31,192,decode_target,5,12,10,2,1880,1164,219,241,2,0,2,2179,8,14,0,0,0,0,0,0,45,lru,0,0,0,0,0,0,16,14,16,0,2,0,1
layer,67,0,31,192,decode_target,6,13,10,3,2960,1724,200,209,3,0,3,3198,8,10,0,0,0,0,0,0,45,lru,0,0,0,0,0,0,16,13,16,0,3,0,1
layer,67,0,31,192,decode_target,7,13,12,1,944,569,218,83,2,0,2,1106,8,25,0,0,0,0,0,0,45,lru,0,0,0,0,0,0,16,15,16,0,1,0,1
layer,67,0,31,192,decode_target,8,13,12,1,895,559,224,62,2,0,2,1048,8,14,0,0,0,0,0,0,45,lru,0,0,0,0,0,0,16,15,16,0,1,0,1
layer,67,0,31,192,decode_target,9,13,11,2,1771,1137,224,181,3,0,3,2012,8,18,0,0,0,0,0,0,45,lru,0,0,0,0,0,0,16,14,16,0,2,0,1
layer,67,0,31,192,decode_target,10,12,11,1,850,562,195,94,2,0,2,1005,8,22,0,0,0,0,0,0,45,lru,0,0,0,0,0,0,16,15,16,0,1,0,1
layer,67,0,31,192,decode_target,11,12,11,1,965,569,216,60,2,0,2,1152,8,24,0,0,0,0,0,0,45,lru,0,0,0,0,0,0,16,15,16,0,1,0,1
layer,67,0,31,192,decode_target,12,15,15,0,0,0,254,0,0,0,0,22,8,2,0,0,0,0,0,0,45,lru,0,0,0,0,0,0,16,16,16,0,0,0,1
layer,67,0,31,192,decode_target,13,12,11,1,882,584,219,101,2,0,2,1046,8,16,0,0,0,0,0,0,45,lru,0,0,0,0,0,0,16,15,16,0,1,0,1
layer,67,0,31,192,decode_target,14,14,13,1,909,554,207,38,2,0,2,1055,8,24,0,0,0,0,0,0,45,lru,0,0,0,0,0,0,16,15,16,0,1,0,1
layer,67,0,31,192,decode_target,15,13,13,0,0,0,239,0,0,0,0,25,9,2,0,0,0,0,0,0,45,lru,0,0,0,0,0,0,16,16,16,0,0,0,1
layer,67,0,31,192,decode_target,16,12,9,3,2864,1727,221,202,2,0,2,3164,9,27,0,0,0,0,0,0,45,lru,0,0,0,0,0,0,16,13,16,0,3,0,1
layer,67,0,31,192,decode_target,17,13,13,0,0,0,245,0,0,0,0,20,8,2,0,0,0,0,0,0,45,lru,0,0,0,0,0,0,16,16,16,0,0,0,1
layer,67,0,31,192,decode_target,18,13,13,0,0,0,215,0,0,0,0,20,8,2,0,0,0,0,0,0,45,lru,0,0,0,0,0,0,16,16,16,0,0,0,1
layer,67,0,31,192,decode_target,19,12,11,1,890,566,217,40,1,0,1,1020,8,24,0,0,0,0,0,0,45,lru,0,0,0,0,0,0,16,15,16,0,1,0,1
layer,67,0,31,192,decode_target,20,14,13,1,863,583,229,35,1,0,1,976,8,17,0,0,0,0,0,0,45,lru,0,0,0,0,0,0,16,15,16,0,1,0,1
layer,67,0,31,192,decode_target,21,12,10,2,1826,1128,218,176,2,0,2,2073,8,10,0,0,0,0,0,0,45,lru,0,0,0,0,0,0,16,14,16,0,2,0,1
layer,67,0,31,192,decode_target,22,14,11,3,2804,1750,206,129,2,0,2,3048,8,12,0,0,0,0,0,0,45,lru,0,0,0,0,0,0,16,13,16,0,3,0,1
layer,67,0,31,192,decode_target,23,15,11,4,3858,2358,225,223,1,0,1,4193,9,15,0,0,0,0,0,0,45,lru,0,0,0,0,0,0,16,12,16,0,4,0,1
layer,67,0,31,192,decode_target,24,15,14,1,909,596,236,29,1,0,1,1028,8,11,0,0,0,0,0,0,45,lru,0,0,0,0,0,0,16,15,16,0,1,0,1
layer,67,0,31,192,decode_target,25,14,14,0,0,0,247,0,0,0,0,20,8,2,0,0,0,0,0,0,45,lru,0,0,0,0,0,0,16,16,16,0,0,0,1
layer,67,0,31,192,decode_target,26,12,12,0,0,0,205,0,0,0,0,19,9,2,0,0,0,0,0,0,45,lru,0,0,0,0,0,0,16,16,16,0,0,0,1
layer,67,0,31,192,decode_target,27,12,12,0,0,0,239,0,0,0,0,18,8,2,0,0,0,0,0,0,45,lru,0,0,0,0,0,0,16,16,16,0,0,0,1
layer,67,0,31,192,decode_target,28,11,9,2,1818,1161,211,114,2,0,2,2052,7,6,0,0,0,0,0,0,45,lru,0,0,0,0,0,0,16,14,16,0,2,0,1
layer,67,0,31,192,decode_target,29,12,10,2,1835,1134,221,255,1,0,1,2114,8,10,0,0,0,0,0,0,45,lru,0,0,0,0,0,0,16,14,16,0,2,0,1
layer,67,0,31,192,decode_target,30,12,12,0,0,0,210,0,0,0,0,19,7,2,0,0,0,0,0,0,45,lru,0,0,0,0,0,0,16,16,16,0,0,0,1
layer,67,0,31,192,decode_target,31,12,11,1,915,566,216,75,1,0,1,1011,8,8,0,0,0,0,0,0,45,lru,0,0,0,0,0,0,16,15,16,0,1,0,1
layer,67,0,31,192,decode_target,32,12,11,1,912,593,217,34,1,0,1,1021,8,11,0,0,0,0,0,0,45,lru,0,0,0,0,0,0,16,15,16,0,1,0,1
layer,67,0,31,192,decode_target,33,10,10,0,0,0,230,0,0,0,0,19,8,2,0,0,0,0,0,0,45,lru,0,0,0,0,0,0,16,16,16,0,0,0,1
layer,67,0,31,192,decode_target,34,11,11,0,0,0,208,0,0,0,0,19,8,2,0,0,0,0,0,0,45,lru,0,0,0,0,0,0,16,16,16,0,0,0,1
layer,67,0,31,192,decode_target,35,11,10,1,857,607,211,93,1,0,1,987,8,11,0,0,0,0,0,0,45,lru,0,0,0,0,0,0,16,15,16,0,1,0,0
layer,67,0,31,192,decode_target,36,11,9,2,1943,1087,212,168,2,0,2,2133,8,7,0,0,0,0,0,0,45,lru,0,0,0,0,0,0,16,13,16,0,2,0,1
layer,67,0,31,192,decode_target,37,10,7,3,2747,1755,210,231,2,0,2,3076,8,16,0,0,0,0,0,0,45,lru,0,0,0,0,0,0,16,12,16,0,3,0,1
layer,67,0,31,192,decode_target,38,9,8,1,838,564,179,52,1,0,1,969,8,13,0,0,0,0,0,0,45,lru,0,0,0,0,0,0,16,14,16,0,1,0,1
layer,67,0,31,192,decode_target,39,11,10,1,860,550,939,103,1,0,1,1026,8,22,0,0,0,0,0,0,45,lru,0,0,0,0,0,0,16,15,16,0,1,0,1
request,67,0,31,0,decode_target,-1,0,0,0,0,0,0,0,0,0,0,0,0,0,0,0,0,0,0,0,0,,73351,449,0,0,21,0,0,0,0,0,0,0,0
layer,68,0,31,192,decode_mtp_process,40,13,13,0,0,0,146,0,0,0,0,24,11,2,0,0,0,0,0,0,45,lru,0,0,0,0,0,0,16,16,16,0,0,0,1
request,68,0,31,0,decode_mtp_process,-1,0,0,0,0,0,0,0,0,0,0,0,0,0,0,0,0,0,0,0,0,,663,17,0,0,6,0,0,0,0,0,0,0,0
