row_type,request_idx,repeat_idx,batch_idx,token_idx,phase,layer,k_required,k_hit,k_miss,ssd_read_us,h2d_us,compute_us,stall_us,pred_us,pred_observe_us,pred_score_us,callback_wall_us,topk_d2h_us,slot_ids_h2d_us,slot_table_h2d_us,eamc_rows_scored,eamc_cosine_us,eamc_score_materialize_us,eamc_score_cache_hits,eamc_score_cache_misses,cache_resident_experts,predictor,request_wall_us,request_end_us,predictor_end_us,predictor_save_us,profile_flush_us,sidecar_write_bytes,routes_required,routes_hit,routes_persistent,k_empty_admit,k_victim_admit,k_scratch,route_rank_us,host_cache_hits,host_cache_misses,host_cache_hit_bytes,host_cache_miss_bytes,host_cache_lookup_us,host_cache_fill_us,host_memcpy_us,host_memcpy_bytes,h2d_bytes,pinned_staging_wait_us,ssd_bytes,ssd_reads,route_hash,sere_secondary_routes,sere_rerouted_routes,sere_original_miss_routes,sere_original_unique_required,sere_original_unique_misses,sere_rerouted_miss_routes,sere_threshold_rejects,sere_similarity_sum
layer,1,0,0,0,prefill,0,176,0,176,1008328,28339,14550,3179,1,1,0,1015037,29,82,0,0,0,0,0,0,60,lru,0,0,0,0,0,0,1024,0,699,60,0,116,31,0,0,0,0,0,0,0,0,334495744,1544,334495744,528,12219648178270828789,0,0,0,0,0,0,0,0
layer,1,0,0,0,prefill,1,182,0,182,1079506,30228,2302,3804,2,2,0,1086300,21,41,0,0,0,0,0,0,60,lru,0,0,0,0,0,0,1024,0,725,60,0,122,32,0,0,0,0,0,0,0,0,345899008,1981,345899008,546,15277931125921217785,0,0,0,0,0,0,0,0
layer,1,0,0,0,prefill,2,206,0,206,1022873,31007,7484,5684,1,1,0,1032040,22,32,0,0,0,0,0,0,60,lru,0,0,0,0,0,0,1024,0,628,60,0,146,32,0,0,0,0,0,0,0,0,391512064,1958,391512064,618,17145500094531255386,0,0,0,0,0,0,0,0
layer,1,0,0,0,prefill,3,167,0,167,1052872,28917,2168,3148,3,3,0,1058953,27,65,0,0,0,0,0,0,60,lru,0,0,0,0,0,0,1024,0,821,60,0,107,30,0,0,0,0,0,0,0,0,317390848,1436,317390848,501,1673858601191253994,0,0,0,0,0,0,0,0
layer,1,0,0,0,prefill,4,124,0,124,903503,24755,1822,2529,1,1,0,908052,19,51,0,0,0,0,0,0,60,lru,0,0,0,0,0,0,1024,0,906,60,0,64,23,0,0,0,0,0,0,0,0,235667456,598,235667456,372,14600063501994671226,0,0,0,0,0,0,0,0
layer,1,0,0,0,prefill,5,133,0,133,886219,24158,1857,2407,2,2,0,890891,16,52,0,0,0,0,0,0,60,lru,0,0,0,0,0,0,1024,0,880,60,0,73,23,0,0,0,0,0,0,0,0,252772352,806,252772352,399,9424053262310121956,0,0,0,0,0,0,0,0
layer,1,0,0,0,prefill,6,124,0,124,959723,25176,1743,2400,1,1,0,964203,16,47,0,0,0,0,0,0,60,lru,0,0,0,0,0,0,1024,0,905,60,0,64,20,0,0,0,0,0,0,0,0,235667456,634,235667456,372,14934414221709185757,0,0,0,0,0,0,0,0
layer,1,0,0,0,prefill,7,116,0,116,914209,24233,1747,2272,3,3,0,918299,21,49,0,0,0,0,0,0,60,lru,0,0,0,0,0,0,1024,0,935,60,0,56,24,0,0,0,0,0,0,0,0,220463104,549,220463104,348,7179905249574162474,0,0,0,0,0,0,0,0
layer,1,0,0,0,prefill,8,97,0,97,809427,20681,1686,2026,1,1,0,812825,15,39,0,0,0,0,0,0,60,lru,0,0,0,0,0,0,1024,0,971,60,0,37,20,0,0,0,0,0,0,0,0,184352768,317,184352768,291,4627850918294769679,0,0,0,0,0,0,0,0
layer,1,0,0,0,prefill,9,112,0,112,822675,22340,1709,2103,2,2,0,826620,15,28,0,0,0,0,0,0,60,lru,0,0,0,0,0,0,1024,0,945,60,0,52,19,0,0,0,0,0,0,0,0,212860928,433,212860928,336,4645575692911528739,0,0,0,0,0,0,0,0
layer,1,0,0,0,prefill,10,118,0,118,928700,23845,1833,2972,1,1,0,933104,15,48,0,0,0,0,0,0,60,lru,0,0,0,0,0,0,1024,0,907,60,0,58,20,0,0,0,0,0,0,0,0,224264192,710,224264192,354,16800884933985854512,0,0,0,0,0,0,0,0
layer,1,0,0,0,prefill,11,120,0,120,964881,24365,1753,2293,2,2,0,969076,22,40,0,0,0,0,0,0,60,lru,0,0,0,0,0,0,1024,0,892,60,0,60,25,0,0,0,0,0,0,0,0,228065280,634,228065280,360,17035824358329450958,0,0,0,0,0,0,0,0
layer,1,0,0,0,prefill,12,119,0,119,956726,23298,1776,2236,1,1,0,960926,16,59,0,0,0,0,0,0,60,lru,0,0,0,0,0,0,1024,0,916,60,0,59,19,0,0,0,0,0,0,0,0,226164736,647,226164736,357,6416490007006528880,0,0,0,0,0,0,0,0
layer,1,0,0,0,prefill,13,112,0,112,899265,22822,1707,2162,2,2,0,903052,16,47,0,0,0,0,0,0,60,lru,0,0,0,0,0,0,1024,0,916,60,0,52,20,0,0,0,0,0,0,0,0,212860928,476,212860928,336,11463464513360716238,0,0,0,0,0,0,0,0
layer,1,0,0,0,prefill,14,114,0,114,922674,22133,1589,2232,1,1,0,926505,13,30,0,0,0,0,0,0,60,lru,0,0,0,0,0,0,1024,0,937,60,0,54,20,0,0,0,0,0,0,0,0,216662016,568,216662016,342,4325479099591672170,0,0,0,0,0,0,0,0
layer,1,0,0,0,prefill,15,124,0,124,1004053,24669,1830,2526,2,2,0,1008246,14,53,0,0,0,0,0,0,60,lru,0,0,0,0,0,0,1024,0,930,60,0,64,21,0,0,0,0,0,0,0,0,235667456,783,235667456,372,970819422327397207,0,0,0,0,0,0,0,0
layer,1,0,0,0,prefill,16,121,0,121,871837,25270,1803,2308,1,1,0,875945,16,48,0,0,0,0,0,0,60,lru,0,0,0,0,0,0,1024,0,909,60,0,61,21,0,0,0,0,0,0,0,0,229965824,614,229965824,363,14380729604006571084,0,0,0,0,0,0,0,0
layer,1,0,0,0,prefill,17,132,0,132,741916,28445,1880,2271,2,2,0,746474,14,52,0,0,0,0,0,0,60,lru,0,0,0,0,0,0,1024,0,872,60,0,72,21,0,0,0,0,0,0,0,0,250871808,651,250871808,396,4671307045581148946,0,0,0,0,0,0,0,0
layer,1,0,0,0,prefill,18,130,0,130,65855,20308,1699,3997,1,1,0,70944,16,48,0,0,0,0,0,0,60,lru,0,0,0,0,0,0,1024,0,866,60,0,70,21,0,0,0,0,0,0,0,0,247070720,1271,247070720,390,17898593779164621291,0,0,0,0,0,0,0,0
layer,1,0,0,0,prefill,19,117,0,117,58398,17487,1740,2946,2,2,0,62806,11,33,0,0,0,0,0,0,60,lru,0,0,0,0,0,0,1024,0,922,60,0,57,20,0,0,0,0,0,0,0,0,222363648,733,222363648,351,2163319464759232046,0,0,0,0,0,0,0,0
layer,1,0,0,0,prefill,20,112,0,112,54097,16871,1720,2954,1,1,0,58263,13,11,0,0,0,0,0,0,60,lru,0,0,0,0,0,0,1024,0,942,60,0,52,19,0,0,0,0,0,0,0,0,212860928,647,212860928,336,9921280713898615322,0,0,0,0,0,0,0,0
layer,1,0,0,0,prefill,21,118,0,118,44583,18574,1766,2491,2,2,0,48637,11,51,0,0,0,0,0,0,60,lru,0,0,0,0,0,0,1024,0,936,60,0,58,19,0,0,0,0,0,0,0,0,224264192,351,224264192,354,14809856661791415143,0,0,0,0,0,0,0,0
layer,1,0,0,0,prefill,22,131,0,131,46670,20799,1713,2414,1,1,0,51117,12,11,0,0,0,0,0,0,60,lru,0,0,0,0,0,0,1024,0,868,60,0,71,21,0,0,0,0,0,0,0,0,248971264,612,248971264,393,8380014407405543931,0,0,0,0,0,0,0,0
layer,1,0,0,0,prefill,23,135,0,135,696694,28702,1837,2324,2,2,0,701229,11,41,0,0,0,0,0,0,60,lru,0,0,0,0,0,0,1024,0,882,60,0,75,22,0,0,0,0,0,0,0,0,256573440,815,256573440,405,15581967104037421188,0,0,0,0,0,0,0,0
layer,1,0,0,0,prefill,24,123,0,123,758503,26387,1797,2298,1,1,0,762677,12,25,0,0,0,0,0,0,60,lru,0,0,0,0,0,0,1024,0,913,60,0,63,20,0,0,0,0,0,0,0,0,233766912,611,233766912,369,14789694810599579118,0,0,0,0,0,0,0,0
layer,1,0,0,0,prefill,25,127,0,127,687795,26909,1802,2159,2,2,0,692054,13,38,0,0,0,0,0,0,60,lru,0,0,0,0,0,0,1024,0,895,60,0,67,20,0,0,0,0,0,0,0,0,241369088,610,241369088,381,11689160194476348867,0,0,0,0,0,0,0,0
layer,1,0,0,0,prefill,26,135,0,135,720670,27735,1847,2368,1,1,0,725432,14,42,0,0,0,0,0,0,60,lru,0,0,0,0,0,0,1024,0,887,60,0,75,20,0,0,0,0,0,0,0,0,256573440,764,256573440,405,13178241015007328604,0,0,0,0,0,0,0,0
layer,1,0,0,0,prefill,27,132,0,132,746690,29961,1830,2260,3,3,0,751160,20,35,0,0,0,0,0,0,60,lru,0,0,0,0,0,0,1024,0,881,60,0,72,23,0,0,0,0,0,0,0,0,250871808,752,250871808,396,14846368672667771208,0,0,0,0,0,0,0,0
layer,1,0,0,0,prefill,28,129,0,129,654937,29519,1839,2301,1,1,0,659388,15,40,0,0,0,0,0,0,60,lru,0,0,0,0,0,0,1024,0,850,60,0,69,21,0,0,0,0,0,0,0,0,245170176,659,245170176,387,7888169583796691904,0,0,0,0,0,0,0,0
layer,1,0,0,0,prefill,29,137,0,137,580530,28383,1865,2226,2,2,0,585146,14,46,0,0,0,0,0,0,60,lru,0,0,0,0,0,0,1024,0,822,60,0,77,22,0,0,0,0,0,0,0,0,260374528,787,260374528,411,2104717543554312498,0,0,0,0,0,0,0,0
layer,1,0,0,0,prefill,30,147,0,147,640508,31935,1804,2281,1,1,0,645345,14,46,0,0,0,0,0,0,60,lru,0,0,0,0,0,0,1024,0,834,60,0,87,24,0,0,0,0,0,0,0,0,279379968,827,279379968,441,2048301277715180987,0,0,0,0,0,0,0,0
layer,1,0,0,0,prefill,31,128,0,128,569109,26735,1815,2035,2,2,0,573427,14,40,0,0,0,0,0,0,60,lru,0,0,0,0,0,0,1024,0,882,60,0,68,20,0,0,0,0,0,0,0,0,243269632,558,243269632,384,10929869390654555039,0,0,0,0,0,0,0,0
layer,1,0,0,0,prefill,32,138,0,138,619648,29585,1893,2419,1,1,0,624324,13,51,0,0,0,0,0,0,60,lru,0,0,0,0,0,0,1024,0,834,60,0,78,21,0,0,0,0,0,0,0,0,262275072,752,262275072,414,13826025403527238995,0,0,0,0,0,0,0,0
layer,1,0,0,0,prefill,33,146,0,146,600375,29226,1920,2194,2,2,0,605242,11,32,0,0,0,0,0,0,60,lru,0,0,0,0,0,0,1024,0,821,60,0,86,22,0,0,0,0,0,0,0,0,277479424,770,277479424,438,13381094655000008861,0,0,0,0,0,0,0,0
layer,1,0,0,0,prefill,34,153,0,153,655344,30552,6205,2715,1,1,0,660571,13,28,0,0,0,0,0,0,60,lru,0,0,0,0,0,0,1024,0,791,60,0,93,24,0,0,0,0,0,0,0,0,312090624,1070,312090624,459,6306605809918136037,0,0,0,0,0,0,0,0
layer,1,0,0,0,prefill,35,138,0,138,617417,28761,1917,2531,2,2,0,621996,20,41,0,0,0,0,0,0,60,lru,0,0,0,0,0,0,1024,0,882,60,0,78,26,0,0,0,0,0,0,0,0,262275072,968,262275072,414,10396090839241596827,0,0,0,0,0,0,0,0
layer,1,0,0,0,prefill,36,145,0,145,612991,30040,1945,2464,1,1,0,617817,17,37,0,0,0,0,0,0,60,lru,0,0,0,0,0,0,1024,0,848,60,0,85,24,0,0,0,0,0,0,0,0,275578880,881,275578880,435,3277203410339951116,0,0,0,0,0,0,0,0
layer,1,0,0,0,prefill,37,134,0,134,591622,28060,1875,2258,2,2,0,596111,16,50,0,0,0,0,0,0,60,lru,0,0,0,0,0,0,1024,0,910,60,0,74,22,0,0,0,0,0,0,0,0,254672896,761,254672896,402,687463232770928696,0,0,0,0,0,0,0,0
layer,1,0,0,0,prefill,38,126,0,126,600205,29370,1741,2125,1,1,0,604545,16,42,0,0,0,0,0,0,60,lru,0,0,0,0,0,0,1024,0,906,60,0,66,22,0,0,0,0,0,0,0,0,257015808,582,257015808,378,3152204717211103003,0,0,0,0,0,0,0,0
layer,1,0,0,0,prefill,39,142,0,142,628494,31456,11859,2369,2,2,0,633378,15,76,0,0,0,0,0,0,60,lru,0,0,0,0,0,0,1024,0,893,60,0,82,23,0,0,0,0,0,0,0,0,289652736,782,289652736,426,18063871893985616342,0,0,0,0,0,0,0,0
request,1,0,0,0,prefill,-1,0,0,0,0,0,0,0,0,0,0,0,0,0,0,0,0,0,0,0,0,,28523461,32009,0,0,27,0,0,0,0,0,0,0,0,0,0,0,0,0,0,0,0,0,0,0,0,0,0,0,0,0,0,0,0,0
layer,2,0,1,128,decode,0,8,3,5,2262,698,357,893,53,0,53,3360,42,23,0,0,0,0,0,0,60,lru,0,0,0,0,0,0,8,3,8,0,5,0,2,0,0,0,0,0,0,0,0,9502720,0,9502720,15,7254485698621351976,0,0,0,0,0,0,0,0
layer,2,0,1,128,decode,1,8,4,4,4749,608,220,154,46,1,45,5047,11,10,0,0,0,0,0,0,60,lru,0,0,0,0,0,0,8,4,8,0,4,0,2,0,0,0,0,0,0,0,0,7602176,0,7602176,12,4328414224302126305,0,0,0,0,0,0,0,0
layer,2,0,1,128,decode,2,8,4,4,4732,579,2070,98,38,0,38,4979,8,11,0,0,0,0,0,0,60,lru,0,0,0,0,0,0,8,4,8,0,4,0,0,0,0,0,0,0,0,0,0,7602176,0,7602176,12,1001171307569698806,0,0,0,0,0,0,0,0
layer,2,0,1,128,decode,3,8,2,6,4877,843,247,235,28,1,27,5223,13,30,0,0,0,0,0,0,60,lru,0,0,0,0,0,0,8,2,8,0,6,0,3,0,0,0,0,0,0,0,0,11403264,0,11403264,18,7879118728736304243,0,0,0,0,0,0,0,0
layer,2,0,1,128,decode,4,8,3,5,4500,721,238,161,24,0,24,4816,10,33,0,0,0,0,0,0,60,lru,0,0,0,0,0,0,8,3,8,0,5,0,0,0,0,0,0,0,0,0,0,9502720,0,9502720,15,8157219622342567720,0,0,0,0,0,0,0,0
layer,2,0,1,128,decode,5,8,5,3,16338,549,228,83,18,0,18,16505,8,2,0,0,0,0,0,0,60,lru,0,0,0,0,0,0,8,5,8,0,3,0,2,0,0,0,0,0,0,0,0,5701632,0,5701632,9,11604806328950607740,0,0,0,0,0,0,0,0
layer,2,0,1,128,decode,6,8,7,1,406,143,194,34,18,0,18,521,9,3,0,0,0,0,0,0,60,lru,0,0,0,0,0,0,8,7,8,0,1,0,0,0,0,0,0,0,0,0,0,1900544,0,1900544,3,9595127914444460934,0,0,0,0,0,0,0,0
layer,2,0,1,128,decode,7,8,7,1,372,157,223,28,15,1,14,484,8,15,0,0,0,0,0,0,60,lru,0,0,0,0,0,0,8,7,8,0,1,0,2,0,0,0,0,0,0,0,0,1900544,0,1900544,3,6110789278621683118,0,0,0,0,0,0,0,0
layer,2,0,1,128,decode,8,8,7,1,365,159,225,34,8,0,8,478,8,6,0,0,0,0,0,0,60,lru,0,0,0,0,0,0,8,7,8,0,1,0,0,0,0,0,0,0,0,0,0,1900544,0,1900544,3,11009270682043261506,0,0,0,0,0,0,0,0
layer,2,0,1,128,decode,9,8,6,2,674,260,236,82,2,0,2,817,8,18,0,0,0,0,0,0,60,lru,0,0,0,0,0,0,8,6,8,0,2,0,1,0,0,0,0,0,0,0,0,3801088,0,3801088,6,11304495276917889214,0,0,0,0,0,0,0,0
layer,2,0,1,128,decode,10,8,4,4,2551,554,193,176,2,0,2,2782,8,40,0,0,0,0,0,0,60,lru,0,0,0,0,0,0,8,4,8,0,4,0,0,0,0,0,0,0,0,0,0,7602176,0,7602176,12,15803557957215100032,0,0,0,0,0,0,0,0
layer,2,0,1,128,decode,11,8,5,3,1030,449,226,85,2,1,1,1190,8,17,0,0,0,0,0,0,60,lru,0,0,0,0,0,0,8,5,8,0,3,0,2,0,0,0,0,0,0,0,0,5701632,0,5701632,9,5515690665552396685,0,0,0,0,0,0,0,0
layer,2,0,1,128,decode,12,8,6,2,664,300,229,76,6,0,6,817,8,30,0,0,0,0,0,0,60,lru,0,0,0,0,0,0,8,6,8,0,2,0,0,0,0,0,0,0,0,0,0,3801088,0,3801088,6,14377724257657132143,0,0,0,0,0,0,0,0
layer,2,0,1,128,decode,13,8,6,2,5962,340,242,70,2,1,1,6075,8,3,0,0,0,0,0,0,60,lru,0,0,0,0,0,0,8,6,8,0,2,0,2,0,0,0,0,0,0,0,0,3801088,0,3801088,6,1307492344527778106,0,0,0,0,0,0,0,0
layer,2,0,1,128,decode,14,8,7,1,366,147,207,24,1,0,1,463,8,20,0,0,0,0,0,0,60,lru,0,0,0,0,0,0,8,7,8,0,1,0,0,0,0,0,0,0,0,0,0,1900544,0,1900544,3,4485037701910013768,0,0,0,0,0,0,0,0
layer,2,0,1,128,decode,15,8,8,0,0,0,266,0,1,1,0,24,8,2,0,0,0,0,0,0,60,lru,0,0,0,0,0,0,8,8,8,0,0,0,2,0,0,0,0,0,0,0,0,0,0,0,0,3980058925024748147,0,0,0,0,0,0,0,0
layer,2,0,1,128,decode,16,8,6,2,667,303,209,66,2,0,2,780,8,3,0,0,0,0,0,0,60,lru,0,0,0,0,0,0,8,6,8,0,2,0,0,0,0,0,0,0,0,0,0,3801088,0,3801088,6,1520042376657277118,0,0,0,0,0,0,0,0
layer,2,0,1,128,decode,17,8,6,2,790,300,238,73,2,0,2,950,8,37,0,0,0,0,0,0,60,lru,0,0,0,0,0,0,8,6,8,0,2,0,1,0,0,0,0,0,0,0,0,3801088,0,3801088,6,17242286561999112203,0,0,0,0,0,0,0,0
layer,2,0,1,128,decode,18,8,5,3,1329,428,186,114,3,0,3,1506,8,14,0,0,0,0,0,0,60,lru,0,0,0,0,0,0,8,5,8,0,3,0,0,0,0,0,0,0,0,0,0,5701632,0,5701632,9,17477815340518167930,0,0,0,0,0,0,0,0
layer,2,0,1,128,decode,19,8,6,2,693,285,230,65,2,1,1,831,7,19,0,0,0,0,0,0,60,lru,0,0,0,0,0,0,8,6,8,0,2,0,2,0,0,0,0,0,0,0,0,3801088,0,3801088,6,7001027055878190830,0,0,0,0,0,0,0,0
layer,2,0,1,128,decode,20,8,6,2,700,280,236,58,2,0,2,849,8,31,0,0,0,0,0,0,60,lru,0,0,0,0,0,0,8,6,8,0,2,0,2,0,0,0,0,0,0,0,0,3801088,0,3801088,6,2708815735651456751,0,0,0,0,0,0,0,0
layer,2,0,1,128,decode,21,8,7,1,274,188,227,27,1,0,1,382,8,18,0,0,0,0,0,0,60,lru,0,0,0,0,0,0,8,7,8,0,1,0,0,0,0,0,0,0,0,0,0,1900544,0,1900544,3,7704508630103240882,0,0,0,0,0,0,0,0
layer,2,0,1,128,decode,22,8,5,3,1005,427,189,118,3,0,3,1157,8,5,0,0,0,0,0,0,60,lru,0,0,0,0,0,0,8,5,8,0,3,0,2,0,0,0,0,0,0,0,0,5701632,0,5701632,9,1845266412580334140,0,0,0,0,0,0,0,0
layer,2,0,1,128,decode,23,8,6,2,638,305,236,83,4,0,4,782,8,30,0,0,0,0,0,0,60,lru,0,0,0,0,0,0,8,6,8,0,2,0,0,0,0,0,0,0,0,0,0,3801088,0,3801088,6,11423075746881571236,0,0,0,0,0,0,0,0
layer,2,0,1,128,decode,24,8,5,3,1150,365,222,100,2,0,2,1302,8,4,0,0,0,0,0,0,60,lru,0,0,0,0,0,0,8,5,8,0,3,0,1,0,0,0,0,0,0,0,0,5701632,0,5701632,9,12497833297056640796,0,0,0,0,0,0,0,0
layer,2,0,1,128,decode,25,8,4,4,6066,508,236,140,3,0,3,6273,8,11,0,0,0,0,0,0,60,lru,0,0,0,0,0,0,8,4,8,0,4,0,0,0,0,0,0,0,0,0,0,7602176,0,7602176,12,2469130425578470345,0,0,0,0,0,0,0,0
layer,2,0,1,128,decode,26,8,7,1,353,149,209,24,2,0,2,455,8,14,0,0,0,0,0,0,60,lru,0,0,0,0,0,0,8,7,8,0,1,0,2,0,0,0,0,0,0,0,0,1900544,0,1900544,3,1053491816991993220,0,0,0,0,0,0,0,0
layer,2,0,1,128,decode,27,8,4,4,1723,524,234,148,2,0,2,1926,8,18,0,0,0,0,0,0,60,lru,0,0,0,0,0,0,8,4,8,0,4,0,0,0,0,0,0,0,0,0,0,7602176,0,7602176,12,5393886175912153606,0,0,0,0,0,0,0,0
layer,2,0,1,128,decode,28,8,6,2,3934,301,230,63,2,0,2,4068,8,15,0,0,0,0,0,0,60,lru,0,0,0,0,0,0,8,6,8,0,2,0,2,0,0,0,0,0,0,0,0,3801088,0,3801088,6,15332712752622925119,0,0,0,0,0,0,0,0
layer,2,0,1,128,decode,29,8,4,4,5068,515,238,123,2,0,2,5302,8,37,0,0,0,0,0,0,60,lru,0,0,0,0,0,0,8,4,8,0,4,0,0,0,0,0,0,0,0,0,0,7602176,0,7602176,12,13375048892650805854,0,0,0,0,0,0,0,0
layer,2,0,1,128,decode,30,8,6,2,1677,261,210,64,2,0,2,1812,8,18,0,0,0,0,0,0,60,lru,0,0,0,0,0,0,8,6,8,0,2,0,0,0,0,0,0,0,0,0,0,3801088,0,3801088,6,13782977827483029981,0,0,0,0,0,0,0,0
layer,2,0,1,128,decode,31,8,5,3,4039,383,212,122,2,0,2,4168,8,2,0,0,0,0,0,0,60,lru,0,0,0,0,0,0,8,5,8,0,3,0,0,0,0,0,0,0,0,0,0,5701632,0,5701632,9,13939020910911204755,0,0,0,0,0,0,0,0
layer,2,0,1,128,decode,32,8,3,5,3717,674,222,189,2,0,2,3985,8,30,0,0,0,0,0,0,60,lru,0,0,0,0,0,0,8,3,8,0,5,0,2,0,0,0,0,0,0,0,0,9502720,0,9502720,15,5602116782344715367,0,0,0,0,0,0,0,0
layer,2,0,1,128,decode,33,8,4,4,7783,579,232,136,2,0,2,7984,8,16,0,0,0,0,0,0,60,lru,0,0,0,0,0,0,8,4,8,0,4,0,2,0,0,0,0,0,0,0,0,7602176,0,7602176,12,7589832193247832721,0,0,0,0,0,0,0,0
layer,2,0,1,128,decode,34,8,3,5,8312,769,212,155,2,0,2,8509,8,3,0,0,0,0,0,0,60,lru,0,0,0,0,0,0,8,3,8,0,5,0,0,0,0,0,0,0,0,0,0,10199040,0,10199040,15,7064816013019935396,0,0,0,0,0,0,0,0
layer,2,0,1,128,decode,35,8,6,2,5720,441,240,89,2,0,2,5862,9,19,0,0,0,0,0,0,60,lru,0,0,0,0,0,0,8,6,8,0,2,0,2,0,0,0,0,0,0,0,0,3801088,0,3801088,6,9740308546073552789,0,0,0,0,0,0,0,0
layer,2,0,1,128,decode,36,8,3,5,2567,641,243,151,2,0,2,2824,8,34,0,0,0,0,0,0,60,lru,0,0,0,0,0,0,8,3,8,0,5,0,0,0,0,0,0,0,0,0,0,9502720,0,9502720,15,4623111038456450604,0,0,0,0,0,0,0,0
layer,2,0,1,128,decode,37,8,5,3,5430,451,232,127,2,0,2,5621,8,35,0,0,0,0,0,0,60,lru,0,0,0,0,0,0,8,5,8,0,3,0,1,0,0,0,0,0,0,0,0,5701632,0,5701632,9,10094418978732537205,0,0,0,0,0,0,0,0
layer,2,0,1,128,decode,38,8,2,6,5694,876,196,176,2,0,2,5993,8,34,0,0,0,0,0,0,60,lru,0,0,0,0,0,0,8,2,8,0,6,0,0,0,0,0,0,0,0,0,0,12238848,0,12238848,18,6002352678584087619,0,0,0,0,0,0,0,0
layer,2,0,1,128,decode,39,8,3,5,7626,834,706,130,2,0,2,7837,9,2,0,0,0,0,0,0,60,lru,0,0,0,0,0,0,8,3,8,0,5,0,0,0,0,0,0,0,0,0,0,10199040,0,10199040,15,12905355854548117940,0,0,0,0,0,0,0,0
request,2,0,1,0,decode,-1,0,0,0,0,0,0,0,0,0,0,0,0,0,0,0,0,0,0,0,0,,160956,768,0,0,26,0,0,0,0,0,0,0,0,0,0,0,0,0,0,0,0,0,0,0,0,0,0,0,0,0,0,0,0,0
layer,3,0,2,129,decode,0,8,2,6,2286,808,455,208,9,0,9,2563,14,13,0,0,0,0,0,0,60,lru,0,0,0,0,0,0,8,2,8,0,6,0,2,0,0,0,0,0,0,0,0,11403264,0,11403264,18,4009942129221919342,0,0,0,0,0,0,0,0
layer,3,0,2,129,decode,1,8,2,6,7094,779,421,206,7,0,7,7353,10,7,0,0,0,0,0,0,60,lru,0,0,0,0,0,0,8,2,8,0,6,0,2,0,0,0,0,0,0,0,0,11403264,0,11403264,18,18217181162900242125,0,0,0,0,0,0,0,0
layer,3,0,2,129,decode,2,8,7,1,344,154,394,30,7,0,7,459,9,24,0,0,0,0,0,0,60,lru,0,0,0,0,0,0,8,7,8,0,1,0,1,0,0,0,0,0,0,0,0,1900544,0,1900544,3,12103677070006543548,0,0,0,0,0,0,0,0
layer,3,0,2,129,decode,3,8,4,4,2589,571,416,95,6,0,6,2807,9,18,0,0,0,0,0,0,60,lru,0,0,0,0,0,0,8,4,8,0,4,0,2,0,0,0,0,0,0,0,0,7602176,0,7602176,12,9198642985979581907,0,0,0,0,0,0,0,0
layer,3,0,2,129,decode,4,8,6,2,1384,301,405,50,7,0,7,1494,9,2,0,0,0,0,0,0,60,lru,0,0,0,0,0,0,8,6,8,0,2,0,0,0,0,0,0,0,0,0,0,3801088,0,3801088,6,316360594592359844,0,0,0,0,0,0,0,0
layer,3,0,2,129,decode,5,8,5,3,1027,399,603,98,6,0,6,1166,8,4,0,0,0,0,0,0,60,lru,0,0,0,0,0,0,8,5,8,0,3,0,0,0,0,0,0,0,0,0,0,5701632,0,5701632,9,10033590023762998123,0,0,0,0,0,0,0,0
layer,3,0,2,129,decode,6,8,7,1,317,175,386,19,7,0,7,400,11,3,0,0,0,0,0,0,60,lru,0,0,0,0,0,0,8,7,8,0,1,0,3,0,0,0,0,0,0,0,0,1900544,0,1900544,3,15490833820647820463,0,0,0,0,0,0,0,0
layer,3,0,2,129,decode,7,8,8,0,0,0,451,0,0,0,0,26,9,3,0,0,0,0,0,0,60,lru,0,0,0,0,0,0,8,8,8,0,0,0,0,0,0,0,0,0,0,0,0,0,0,0,0,14146416194496846403,0,0,0,0,0,0,0,0
layer,3,0,2,129,decode,8,8,8,0,0,0,444,0,0,0,0,25,8,2,0,0,0,0,0,0,60,lru,0,0,0,0,0,0,8,8,8,0,0,0,1,0,0,0,0,0,0,0,0,0,0,0,0,10079190880169119211,0,0,0,0,0,0,0,0
layer,3,0,2,129,decode,9,8,7,1,313,168,440,32,2,0,2,384,8,3,0,0,0,0,0,0,60,lru,0,0,0,0,0,0,8,7,8,0,1,0,2,0,0,0,0,0,0,0,0,1900544,0,1900544,3,4429355030589802168,0,0,0,0,0,0,0,0
layer,3,0,2,129,decode,10,8,5,3,1012,402,326,89,1,0,1,1141,9,4,0,0,0,0,0,0,60,lru,0,0,0,0,0,0,8,5,8,0,3,0,0,0,0,0,0,0,0,0,0,5701632,0,5701632,9,10057024807057288266,0,0,0,0,0,0,0,0
layer,3,0,2,129,decode,11,8,3,5,3784,713,582,153,1,0,1,3979,9,5,0,0,0,0,0,0,60,lru,0,0,0,0,0,0,8,3,8,0,5,0,0,0,0,0,0,0,0,0,0,9502720,0,9502720,15,15740224724942159143,0,0,0,0,0,0,0,0
layer,3,0,2,129,decode,12,8,5,3,997,392,462,92,2,0,2,1168,11,25,0,0,0,0,0,0,60,lru,0,0,0,0,0,0,8,5,8,0,3,0,0,0,0,0,0,0,0,0,0,5701632,0,5701632,9,6295255665047525046,0,0,0,0,0,0,0,0
layer,3,0,2,129,decode,13,8,4,4,1377,547,766,146,2,0,2,1561,10,17,0,0,0,0,0,0,60,lru,0,0,0,0,0,0,8,4,8,0,4,0,2,0,0,0,0,0,0,0,0,7602176,0,7602176,12,11415031381658446584,0,0,0,0,0,0,0,0
layer,3,0,2,129,decode,14,8,5,3,6506,524,416,106,2,0,2,6689,12,30,0,0,0,0,0,0,60,lru,0,0,0,0,0,0,8,5,8,0,3,0,2,0,0,0,0,0,0,0,0,5701632,0,5701632,9,11179997196429510639,0,0,0,0,0,0,0,0
layer,3,0,2,129,decode,15,8,5,3,1045,441,424,103,2,0,2,1223,9,20,0,0,0,0,0,0,60,lru,0,0,0,0,0,0,8,5,8,0,3,0,0,0,0,0,0,0,0,0,0,5701632,0,5701632,9,7233078550582138417,0,0,0,0,0,0,0,0
layer,3,0,2,129,decode,16,8,5,3,6006,528,409,134,2,0,2,6188,9,20,0,0,0,0,0,0,60,lru,0,0,0,0,0,0,8,5,8,0,3,0,0,0,0,0,0,0,0,0,0,5701632,0,5701632,9,2510026629505768952,0,0,0,0,0,0,0,0
layer,3,0,2,129,decode,17,8,6,2,782,303,403,61,2,0,2,916,9,30,0,0,0,0,0,0,60,lru,0,0,0,0,0,0,8,6,8,0,2,0,0,0,0,0,0,0,0,0,0,3801088,0,3801088,6,6072427140901157797,0,0,0,0,0,0,0,0
layer,3,0,2,129,decode,18,8,5,3,1279,435,368,104,2,0,2,1455,8,27,0,0,0,0,0,0,60,lru,0,0,0,0,0,0,8,5,8,0,3,0,0,0,0,0,0,0,0,0,0,5701632,0,5701632,9,13196912883624368847,0,0,0,0,0,0,0,0
layer,3,0,2,129,decode,19,8,8,0,0,0,555,0,0,0,0,24,9,2,0,0,0,0,0,0,60,lru,0,0,0,0,0,0,8,8,8,0,0,0,2,0,0,0,0,0,0,0,0,0,0,0,0,7793243685421675599,0,0,0,0,0,0,0,0
layer,3,0,2,129,decode,20,8,8,0,0,0,453,0,0,0,0,25,10,2,0,0,0,0,0,0,60,lru,0,0,0,0,0,0,8,8,8,0,0,0,1,0,0,0,0,0,0,0,0,0,0,0,0,16033453809180578344,0,0,0,0,0,0,0,0
layer,3,0,2,129,decode,21,8,6,2,682,301,406,78,3,0,3,783,8,4,0,0,0,0,0,0,60,lru,0,0,0,0,0,0,8,6,8,0,2,0,0,0,0,0,0,0,0,0,0,3801088,0,3801088,6,12405822552386308218,0,0,0,0,0,0,0,0
layer,3,0,2,129,decode,22,8,4,4,1375,524,400,147,3,0,3,1565,9,21,0,0,0,0,0,0,60,lru,0,0,0,0,0,0,8,4,8,0,4,0,0,0,0,0,0,0,0,0,0,7602176,0,7602176,12,2827174252616420466,0,0,0,0,0,0,0,0
layer,3,0,2,129,decode,23,8,1,7,2875,969,388,227,2,0,2,3162,9,10,0,0,0,0,0,0,60,lru,0,0,0,0,0,0,8,1,8,0,7,0,0,0,0,0,0,0,0,0,0,13303808,0,13303808,21,3672429565504879950,0,0,0,0,0,0,0,0
layer,3,0,2,129,decode,24,8,5,3,1291,448,399,104,2,0,2,1447,8,22,0,0,0,0,0,0,60,lru,0,0,0,0,0,0,8,5,8,0,3,0,0,0,0,0,0,0,0,0,0,5701632,0,5701632,9,5993976759942564607,0,0,0,0,0,0,0,0
layer,3,0,2,129,decode,25,8,6,2,681,245,538,32,3,0,3,799,8,4,0,0,0,0,0,0,60,lru,0,0,0,0,0,0,8,6,8,0,2,0,0,0,0,0,0,0,0,0,0,3801088,0,3801088,6,10142880585772523441,0,0,0,0,0,0,0,0
layer,3,0,2,129,decode,26,8,6,2,820,328,357,70,2,0,2,923,10,6,0,0,0,0,0,0,60,lru,0,0,0,0,0,0,8,6,8,0,2,0,0,0,0,0,0,0,0,0,0,3801088,0,3801088,6,823042062324727788,0,0,0,0,0,0,0,0
layer,3,0,2,129,decode,27,8,4,4,1490,560,406,123,2,0,2,1673,9,14,0,0,0,0,0,0,60,lru,0,0,0,0,0,0,8,4,8,0,4,0,2,0,0,0,0,0,0,0,0,7602176,0,7602176,12,17127710065731334612,0,0,0,0,0,0,0,0
layer,3,0,2,129,decode,28,8,5,3,4810,431,403,123,3,0,3,4979,9,29,0,0,0,0,0,0,60,lru,0,0,0,0,0,0,8,5,8,0,3,0,2,0,0,0,0,0,0,0,0,5701632,0,5701632,9,1662305469876609592,0,0,0,0,0,0,0,0
layer,3,0,2,129,decode,29,8,4,4,1586,577,407,122,3,0,3,1759,9,5,0,0,0,0,0,0,60,lru,0,0,0,0,0,0,8,4,8,0,4,0,2,0,0,0,0,0,0,0,0,7602176,0,7602176,12,2941479158524053642,0,0,0,0,0,0,0,0
layer,3,0,2,129,decode,30,8,3,5,5341,770,702,162,2,0,2,5561,9,27,0,0,0,0,0,0,60,lru,0,0,0,0,0,0,8,3,8,0,5,0,2,0,0,0,0,0,0,0,0,9502720,0,9502720,15,2026413415075218670,0,0,0,0,0,0,0,0
layer,3,0,2,129,decode,31,8,2,6,8859,1042,431,245,2,0,2,9126,11,15,0,0,0,0,0,0,60,lru,0,0,0,0,0,0,8,2,8,0,6,0,1,0,0,0,0,0,0,0,0,11403264,0,11403264,18,3826497831044602858,0,0,0,0,0,0,0,0
layer,3,0,2,129,decode,32,8,3,5,3498,707,505,140,2,0,2,3742,12,18,0,0,0,0,0,0,60,lru,0,0,0,0,0,0,8,3,8,0,5,0,2,0,0,0,0,0,0,0,0,9502720,0,9502720,15,11308038024691896505,0,0,0,0,0,0,0,0
layer,3,0,2,129,decode,33,8,2,6,3705,845,427,210,2,0,2,3977,10,19,0,0,0,0,0,0,60,lru,0,0,0,0,0,0,8,2,8,0,6,0,2,0,0,0,0,0,0,0,0,11403264,0,11403264,18,6137498437151561856,0,0,0,0,0,0,0,0
layer,3,0,2,129,decode,34,8,3,5,5776,756,359,154,2,0,2,5973,8,3,0,0,0,0,0,0,60,lru,0,0,0,0,0,0,8,3,8,0,5,0,0,0,0,0,0,0,0,0,0,10199040,0,10199040,15,2924331120764195644,0,0,0,0,0,0,0,0
layer,3,0,2,129,decode,35,8,0,8,7863,1258,409,275,3,0,3,8160,9,5,0,0,0,0,0,0,60,lru,0,0,0,0,0,0,8,0,8,0,8,0,2,0,0,0,0,0,0,0,0,15204352,0,15204352,24,489601649176824821,0,0,0,0,0,0,0,0
layer,3,0,2,129,decode,36,8,4,4,1919,528,391,144,3,0,3,2099,9,5,0,0,0,0,0,0,60,lru,0,0,0,0,0,0,8,4,8,0,4,0,1,0,0,0,0,0,0,0,0,7602176,0,7602176,12,6841763421531395713,0,0,0,0,0,0,0,0
layer,3,0,2,129,decode,37,8,2,6,6116,839,418,204,2,0,2,6398,8,33,0,0,0,0,0,0,60,lru,0,0,0,0,0,0,8,2,8,0,6,0,0,0,0,0,0,0,0,0,0,11403264,0,11403264,18,4838366014700850840,0,0,0,0,0,0,0,0
layer,3,0,2,129,decode,38,8,4,4,1750,593,472,107,3,0,3,1955,9,31,0,0,0,0,0,0,60,lru,0,0,0,0,0,0,8,4,8,0,4,0,0,0,0,0,0,0,0,0,0,8159232,0,8159232,12,12957776315629321224,0,0,0,0,0,0,0,0
layer,3,0,2,129,decode,39,8,3,5,2683,725,787,195,2,0,2,2919,10,12,0,0,0,0,0,0,60,lru,0,0,0,0,0,0,8,3,8,0,5,0,2,0,0,0,0,0,0,0,0,10199040,0,10199040,15,17451067373868649392,0,0,0,0,0,0,0,0
request,3,0,2,0,decode,-1,0,0,0,0,0,0,0,0,0,0,0,0,0,0,0,0,0,0,0,0,,130354,840,0,0,14,0,0,0,0,0,0,0,0,0,0,0,0,0,0,0,0,0,0,0,0,0,0,0,0,0,0,0,0,0
layer,4,0,3,130,decode,0,8,4,4,1744,533,152,127,7,0,7,1947,12,18,0,0,0,0,0,0,60,lru,0,0,0,0,0,0,8,4,8,0,4,0,1,0,0,0,0,0,0,0,0,7602176,0,7602176,12,13078433122374814054,0,0,0,0,0,0,0,0
layer,4,0,3,130,decode,1,8,6,2,808,282,160,73,6,0,6,952,8,20,0,0,0,0,0,0,60,lru,0,0,0,0,0,0,8,6,8,0,2,0,1,0,0,0,0,0,0,0,0,3801088,0,3801088,6,11575009245088819475,0,0,0,0,0,0,0,0
layer,4,0,3,130,decode,2,8,4,4,1782,549,142,102,7,0,7,1984,8,22,0,0,0,0,0,0,60,lru,0,0,0,0,0,0,8,4,8,0,4,0,0,0,0,0,0,0,0,0,0,7602176,0,7602176,12,12775780078486283939,0,0,0,0,0,0,0,0
layer,4,0,3,130,decode,3,8,7,1,374,155,160,26,5,0,5,482,8,28,0,0,0,0,0,0,60,lru,0,0,0,0,0,0,8,7,8,0,1,0,1,0,0,0,0,0,0,0,0,1900544,0,1900544,3,12333402507183870269,0,0,0,0,0,0,0,0
layer,4,0,3,130,decode,4,8,7,1,356,149,155,30,5,0,5,432,8,3,0,0,0,0,0,0,60,lru,0,0,0,0,0,0,8,7,8,0,1,0,0,0,0,0,0,0,0,0,0,1900544,0,1900544,3,1853324992290510841,0,0,0,0,0,0,0,0
layer,4,0,3,130,decode,5,8,6,2,695,301,157,66,6,0,6,823,8,14,0,0,0,0,0,0,60,lru,0,0,0,0,0,0,8,6,8,0,2,0,0,0,0,0,0,0,0,0,0,3801088,0,3801088,6,1770990968771014973,0,0,0,0,0,0,0,0
layer,4,0,3,130,decode,6,8,5,3,1016,407,143,106,5,0,5,1190,8,31,0,0,0,0,0,0,60,lru,0,0,0,0,0,0,8,5,8,0,3,0,1,0,0,0,0,0,0,0,0,5701632,0,5701632,9,1916517387032497030,0,0,0,0,0,0,0,0
layer,4,0,3,130,decode,7,8,7,1,308,169,159,43,6,0,6,422,8,33,0,0,0,0,0,0,60,lru,0,0,0,0,0,0,8,7,8,0,1,0,0,0,0,0,0,0,0,0,0,1900544,0,1900544,3,10163830558002987818,0,0,0,0,0,0,0,0
layer,4,0,3,130,decode,8,8,8,0,0,0,181,0,0,0,0,22,8,2,0,0,0,0,0,0,60,lru,0,0,0,0,0,0,8,8,8,0,0,0,0,0,0,0,0,0,0,0,0,0,0,0,0,570941305267716897,0,0,0,0,0,0,0,0
layer,4,0,3,130,decode,9,8,8,0,0,0,186,0,0,0,0,18,8,2,0,0,0,0,0,0,60,lru,0,0,0,0,0,0,8,8,8,0,0,0,0,0,0,0,0,0,0,0,0,0,0,0,0,4306283493099630016,0,0,0,0,0,0,0,0
layer,4,0,3,130,decode,10,8,8,0,0,0,162,0,0,0,0,18,8,2,0,0,0,0,0,0,60,lru,0,0,0,0,0,0,8,8,8,0,0,0,0,0,0,0,0,0,0,0,0,0,0,0,0,17306499330006666642,0,0,0,0,0,0,0,0
layer,4,0,3,130,decode,11,8,6,2,675,277,177,83,1,0,1,839,8,31,0,0,0,0,0,0,60,lru,0,0,0,0,0,0,8,6,8,0,2,0,0,0,0,0,0,0,0,0,0,3801088,0,3801088,6,18278226633603288318,0,0,0,0,0,0,0,0
layer,4,0,3,130,decode,12,8,6,2,642,283,153,63,2,0,2,769,8,15,0,0,0,0,0,0,60,lru,0,0,0,0,0,0,8,6,8,0,2,0,0,0,0,0,0,0,0,0,0,3801088,0,3801088,6,13138297533184422298,0,0,0,0,0,0,0,0
layer,4,0,3,130,decode,13,8,6,2,638,269,159,55,2,0,2,781,8,28,0,0,0,0,0,0,60,lru,0,0,0,0,0,0,8,6,8,0,2,0,0,0,0,0,0,0,0,0,0,3801088,0,3801088,6,5465802783897839901,0,0,0,0,0,0,0,0
layer,4,0,3,130,decode,14,8,8,0,0,0,163,0,0,0,0,20,8,2,0,0,0,0,0,0,60,lru,0,0,0,0,0,0,8,8,8,0,0,0,0,0,0,0,0,0,0,0,0,0,0,0,0,4328350500800064422,0,0,0,0,0,0,0,0
layer,4,0,3,130,decode,15,8,7,1,310,162,160,44,2,0,2,416,7,31,0,0,0,0,0,0,60,lru,0,0,0,0,0,0,8,7,8,0,1,0,0,0,0,0,0,0,0,0,0,1900544,0,1900544,3,4609160861113935129,0,0,0,0,0,0,0,0
layer,4,0,3,130,decode,16,8,7,1,259,112,168,42,1,0,1,329,8,3,0,0,0,0,0,0,60,lru,0,0,0,0,0,0,8,7,8,0,1,0,0,0,0,0,0,0,0,0,0,1900544,0,1900544,3,17392070569984965743,0,0,0,0,0,0,0,0
layer,4,0,3,130,decode,17,8,5,3,6470,502,161,84,2,0,2,6646,8,21,0,0,0,0,0,0,60,lru,0,0,0,0,0,0,8,5,8,0,3,0,0,0,0,0,0,0,0,0,0,5701632,0,5701632,9,3944703500144734787,0,0,0,0,0,0,0,0
layer,4,0,3,130,decode,18,8,7,1,408,165,142,34,2,0,2,490,8,14,0,0,0,0,0,0,60,lru,0,0,0,0,0,0,8,7,8,0,1,0,0,0,0,0,0,0,0,0,0,1900544,0,1900544,3,2695266850908819127,0,0,0,0,0,0,0,0
layer,4,0,3,130,decode,19,8,6,2,826,263,161,63,2,0,2,947,8,21,0,0,0,0,0,0,60,lru,0,0,0,0,0,0,8,6,8,0,2,0,0,0,0,0,0,0,0,0,0,3801088,0,3801088,6,8376587437975974901,0,0,0,0,0,0,0,0
layer,4,0,3,130,decode,20,8,6,2,782,257,152,64,2,0,2,894,8,3,0,0,0,0,0,0,60,lru,0,0,0,0,0,0,8,6,8,0,2,0,0,0,0,0,0,0,0,0,0,3801088,0,3801088,6,2200470684745981630,0,0,0,0,0,0,0,0
layer,4,0,3,130,decode,21,8,7,1,328,175,159,26,1,0,1,414,8,16,0,0,0,0,0,0,60,lru,0,0,0,0,0,0,8,7,8,0,1,0,0,0,0,0,0,0,0,0,0,1900544,0,1900544,3,12736164035895235971,0,0,0,0,0,0,0,0
layer,4,0,3,130,decode,22,8,8,0,0,0,165,0,0,0,0,19,8,2,0,0,0,0,0,0,60,lru,0,0,0,0,0,0,8,8,8,0,0,0,0,0,0,0,0,0,0,0,0,0,0,0,0,6839886252152842960,0,0,0,0,0,0,0,0
layer,4,0,3,130,decode,23,8,4,4,1326,575,156,149,3,0,3,1523,7,27,0,0,0,0,0,0,60,lru,0,0,0,0,0,0,8,4,8,0,4,0,0,0,0,0,0,0,0,0,0,7602176,0,7602176,12,9773553938610774363,0,0,0,0,0,0,0,0
layer,4,0,3,130,decode,24,8,6,2,684,301,152,80,3,0,3,805,8,17,0,0,0,0,0,0,60,lru,0,0,0,0,0,0,8,6,8,0,2,0,0,0,0,0,0,0,0,0,0,3801088,0,3801088,6,11684343790876133667,0,0,0,0,0,0,0,0
layer,4,0,3,130,decode,25,8,4,4,1626,561,161,110,2,0,2,1829,7,32,0,0,0,0,0,0,60,lru,0,0,0,0,0,0,8,4,8,0,4,0,0,0,0,0,0,0,0,0,0,7602176,0,7602176,12,6485053647929682663,0,0,0,0,0,0,0,0
layer,4,0,3,130,decode,26,8,6,2,667,273,141,54,3,0,3,784,7,3,0,0,0,0,0,0,60,lru,0,0,0,0,0,0,8,6,8,0,2,0,1,0,0,0,0,0,0,0,0,3801088,0,3801088,6,14544126732160735497,0,0,0,0,0,0,0,0
layer,4,0,3,130,decode,27,8,5,3,2593,439,159,98,2,0,2,2774,8,35,0,0,0,0,0,0,60,lru,0,0,0,0,0,0,8,5,8,0,3,0,0,0,0,0,0,0,0,0,0,5701632,0,5701632,9,6823690627152988879,0,0,0,0,0,0,0,0
layer,4,0,3,130,decode,28,8,4,4,1504,548,152,144,2,0,2,1705,8,31,0,0,0,0,0,0,60,lru,0,0,0,0,0,0,8,4,8,0,4,0,0,0,0,0,0,0,0,0,0,7602176,0,7602176,12,349486446725407584,0,0,0,0,0,0,0,0
layer,4,0,3,130,decode,29,8,3,5,2276,663,155,215,2,0,2,2516,8,24,0,0,0,0,0,0,60,lru,0,0,0,0,0,0,8,3,8,0,5,0,0,0,0,0,0,0,0,0,0,9502720,0,9502720,15,16199493245887441152,0,0,0,0,0,0,0,0
layer,4,0,3,130,decode,30,8,5,3,1671,381,142,112,2,0,2,1813,8,4,0,0,0,0,0,0,60,lru,0,0,0,0,0,0,8,5,8,0,3,0,1,0,0,0,0,0,0,0,0,5701632,0,5701632,9,1404569545392261074,0,0,0,0,0,0,0,0
layer,4,0,3,130,decode,31,8,3,5,14057,890,157,151,3,0,3,14262,8,4,0,0,0,0,0,0,60,lru,0,0,0,0,0,0,8,3,8,0,5,0,0,0,0,0,0,0,0,0,0,9502720,0,9502720,15,3716655159948314648,0,0,0,0,0,0,0,0
layer,4,0,3,130,decode,32,8,5,3,2426,404,155,95,2,0,2,2597,8,29,0,0,0,0,0,0,60,lru,0,0,0,0,0,0,8,5,8,0,3,0,1,0,0,0,0,0,0,0,0,5701632,0,5701632,9,16475801543602089066,0,0,0,0,0,0,0,0
layer,4,0,3,130,decode,33,8,6,2,1166,291,157,32,3,0,3,1275,8,8,0,0,0,0,0,0,60,lru,0,0,0,0,0,0,8,6,8,0,2,0,0,0,0,0,0,0,0,0,0,3801088,0,3801088,6,773282973272797791,0,0,0,0,0,0,0,0
layer,4,0,3,130,decode,34,8,5,3,2314,416,143,58,1,0,1,2461,8,12,0,0,0,0,0,0,60,lru,0,0,0,0,0,0,8,5,8,0,3,0,0,0,0,0,0,0,0,0,0,6119424,0,6119424,9,11843698614937012962,0,0,0,0,0,0,0,0
layer,4,0,3,130,decode,35,8,3,5,5255,635,158,180,2,0,2,5454,8,4,0,0,0,0,0,0,60,lru,0,0,0,0,0,0,8,3,8,0,5,0,1,0,0,0,0,0,0,0,0,9502720,0,9502720,15,16302463268942012278,0,0,0,0,0,0,0,0
layer,4,0,3,130,decode,36,8,4,4,1547,560,152,163,3,0,3,1746,7,28,0,0,0,0,0,0,60,lru,0,0,0,0,0,0,8,4,8,0,4,0,1,0,0,0,0,0,0,0,0,7602176,0,7602176,12,7018357701807364861,0,0,0,0,0,0,0,0
layer,4,0,3,130,decode,37,8,7,1,349,162,158,40,1,0,1,442,7,19,0,0,0,0,0,0,60,lru,0,0,0,0,0,0,8,7,8,0,1,0,1,0,0,0,0,0,0,0,0,1900544,0,1900544,3,14677570399647814746,0,0,0,0,0,0,0,0
layer,4,0,3,130,decode,38,8,7,1,398,166,147,37,1,0,1,482,8,18,0,0,0,0,0,0,60,lru,0,0,0,0,0,0,8,7,8,0,1,0,0,0,0,0,0,0,0,0,0,2039808,0,2039808,3,1712043294837794992,0,0,0,0,0,0,0,0
layer,4,0,3,130,decode,39,8,8,0,0,0,694,0,0,0,0,19,8,2,0,0,0,0,0,0,60,lru,0,0,0,0,0,0,8,8,8,0,0,0,0,0,0,0,0,0,0,0,0,0,0,0,0,7106163583469583217,0,0,0,0,0,0,0,0
request,4,0,3,0,decode,-1,0,0,0,0,0,0,0,0,0,0,0,0,0,0,0,0,0,0,0,0,,72729,614,0,0,18,0,0,0,0,0,0,0,0,0,0,0,0,0,0,0,0,0,0,0,0,0,0,0,0,0,0,0,0,0
layer,5,0,4,131,decode,0,8,4,4,1497,562,152,128,6,0,6,1688,10,5,0,0,0,0,0,0,60,lru,0,0,0,0,0,0,8,4,8,0,4,0,1,0,0,0,0,0,0,0,0,7602176,0,7602176,12,3400594129893413490,0,0,0,0,0,0,0,0
layer,5,0,4,131,decode,1,8,6,2,733,343,157,72,7,0,7,864,8,18,0,0,0,0,0,0,60,lru,0,0,0,0,0,0,8,6,8,0,2,0,1,0,0,0,0,0,0,0,0,3801088,0,3801088,6,1622631980957341391,0,0,0,0,0,0,0,0
layer,5,0,4,131,decode,2,8,4,4,1482,540,153,204,8,0,8,1724,8,33,0,0,0,0,0,0,60,lru,0,0,0,0,0,0,8,4,8,0,4,0,0,0,0,0,0,0,0,0,0,7602176,0,7602176,12,12151986283871875465,0,0,0,0,0,0,0,0
layer,5,0,4,131,decode,3,8,6,2,678,300,163,86,6,0,6,849,8,24,0,0,0,0,0,0,60,lru,0,0,0,0,0,0,8,6,8,0,2,0,1,0,0,0,0,0,0,0,0,3801088,0,3801088,6,2101872403373501589,0,0,0,0,0,0,0,0
layer,5,0,4,131,decode,4,8,8,0,0,0,180,0,0,0,0,23,8,2,0,0,0,0,0,0,60,lru,0,0,0,0,0,0,8,8,8,0,0,0,1,0,0,0,0,0,0,0,0,0,0,0,0,7622263257878340200,0,0,0,0,0,0,0,0
layer,5,0,4,131,decode,5,8,5,3,979,428,156,112,6,0,6,1151,7,18,0,0,0,0,0,0,60,lru,0,0,0,0,0,0,8,5,8,0,3,0,0,0,0,0,0,0,0,0,0,5701632,0,5701632,9,10729297848827678899,0,0,0,0,0,0,0,0
layer,5,0,4,131,decode,6,8,7,1,330,171,144,21,5,0,5,449,8,32,0,0,0,0,0,0,60,lru,0,0,0,0,0,0,8,7,8,0,1,0,1,0,0,0,0,0,0,0,0,1900544,0,1900544,3,11233681060087091100,0,0,0,0,0,0,0,0
layer,5,0,4,131,decode,7,8,7,1,317,197,159,43,7,0,7,437,8,37,0,0,0,0,0,0,60,lru,0,0,0,0,0,0,8,7,8,0,1,0,0,0,0,0,0,0,0,0,0,1900544,0,1900544,3,4572866224446575980,0,0,0,0,0,0,0,0
layer,5,0,4,131,decode,8,8,7,1,326,180,153,33,5,0,5,414,7,16,0,0,0,0,0,0,60,lru,0,0,0,0,0,0,8,7,8,0,1,0,0,0,0,0,0,0,0,0,0,1900544,0,1900544,3,11283658301612384115,0,0,0,0,0,0,0,0
layer,5,0,4,131,decode,9,8,8,0,0,0,185,0,0,0,0,19,7,2,0,0,0,0,0,0,60,lru,0,0,0,0,0,0,8,8,8,0,0,0,0,0,0,0,0,0,0,0,0,0,0,0,0,13484504841049574415,0,0,0,0,0,0,0,0
layer,5,0,4,131,decode,10,8,5,3,1012,440,143,145,2,0,2,1199,7,27,0,0,0,0,0,0,60,lru,0,0,0,0,0,0,8,5,8,0,3,0,0,0,0,0,0,0,0,0,0,5701632,0,5701632,9,4476136351447464179,0,0,0,0,0,0,0,0
layer,5,0,4,131,decode,11,8,5,3,4777,408,159,89,2,0,2,4963,8,20,0,0,0,0,0,0,60,lru,0,0,0,0,0,0,8,5,8,0,3,0,0,0,0,0,0,0,0,0,0,5701632,0,5701632,9,17014989646500328597,0,0,0,0,0,0,0,0
layer,5,0,4,131,decode,12,8,8,0,0,0,178,0,0,0,0,20,7,2,0,0,0,0,0,0,60,lru,0,0,0,0,0,0,8,8,8,0,0,0,0,0,0,0,0,0,0,0,0,0,0,0,0,14734794718832227792,0,0,0,0,0,0,0,0
layer,5,0,4,131,decode,13,8,6,2,683,228,164,69,2,0,2,783,7,2,0,0,0,0,0,0,60,lru,0,0,0,0,0,0,8,6,8,0,2,0,0,0,0,0,0,0,0,0,0,3801088,0,3801088,6,12432032490679313371,0,0,0,0,0,0,0,0
layer,5,0,4,131,decode,14,8,6,2,657,281,141,97,3,0,3,793,8,25,0,0,0,0,0,0,60,lru,0,0,0,0,0,0,8,6,8,0,2,0,0,0,0,0,0,0,0,0,0,3801088,0,3801088,6,7247451678034879876,0,0,0,0,0,0,0,0
layer,5,0,4,131,decode,15,8,8,0,0,0,186,0,0,0,0,19,8,2,0,0,0,0,0,0,60,lru,0,0,0,0,0,0,8,8,8,0,0,0,1,0,0,0,0,0,0,0,0,0,0,0,0,2485948199125002668,0,0,0,0,0,0,0,0
layer,5,0,4,131,decode,16,8,7,1,317,193,154,37,1,0,1,421,7,30,0,0,0,0,0,0,60,lru,0,0,0,0,0,0,8,7,8,0,1,0,0,0,0,0,0,0,0,0,0,1900544,0,1900544,3,17102113985525041039,0,0,0,0,0,0,0,0
layer,5,0,4,131,decode,17,8,8,0,0,0,185,0,0,0,0,20,9,2,0,0,0,0,0,0,60,lru,0,0,0,0,0,0,8,8,8,0,0,0,0,0,0,0,0,0,0,0,0,0,0,0,0,17773955284476637701,0,0,0,0,0,0,0,0
layer,5,0,4,131,decode,18,8,4,4,1449,577,139,140,3,0,3,1662,7,34,0,0,0,0,0,0,60,lru,0,0,0,0,0,0,8,4,8,0,4,0,0,0,0,0,0,0,0,0,0,7602176,0,7602176,12,11120440670990586548,0,0,0,0,0,0,0,0
layer,5,0,4,131,decode,19,8,6,2,593,283,165,71,3,0,3,739,8,30,0,0,0,0,0,0,60,lru,0,0,0,0,0,0,8,6,8,0,2,0,0,0,0,0,0,0,0,0,0,3801088,0,3801088,6,13643593954083319596,0,0,0,0,0,0,0,0
layer,5,0,4,131,decode,20,8,7,1,342,169,157,44,2,0,2,463,8,30,0,0,0,0,0,0,60,lru,0,0,0,0,0,0,8,7,8,0,1,0,0,0,0,0,0,0,0,0,0,1900544,0,1900544,3,5711267723012969154,0,0,0,0,0,0,0,0
layer,5,0,4,131,decode,21,8,5,3,1039,447,157,112,2,0,2,1192,8,4,0,0,0,0,0,0,60,lru,0,0,0,0,0,0,8,5,8,0,3,0,0,0,0,0,0,0,0,0,0,5701632,0,5701632,9,17202770871405303990,0,0,0,0,0,0,0,0
layer,5,0,4,131,decode,22,8,4,4,1364,581,143,167,2,0,2,1580,8,32,0,0,0,0,0,0,60,lru,0,0,0,0,0,0,8,4,8,0,4,0,0,0,0,0,0,0,0,0,0,7602176,0,7602176,12,11323238682317171693,0,0,0,0,0,0,0,0
layer,5,0,4,131,decode,23,8,5,3,958,465,157,151,3,0,3,1117,8,25,0,0,0,0,0,0,60,lru,0,0,0,0,0,0,8,5,8,0,3,0,0,0,0,0,0,0,0,0,0,5701632,0,5701632,9,11378169629964095589,0,0,0,0,0,0,0,0
layer,5,0,4,131,decode,24,8,5,3,1197,454,153,95,2,0,2,1357,8,27,0,0,0,0,0,0,60,lru,0,0,0,0,0,0,8,5,8,0,3,0,0,0,0,0,0,0,0,0,0,5701632,0,5701632,9,642737552312861904,0,0,0,0,0,0,0,0
layer,5,0,4,131,decode,25,8,5,3,1011,458,158,88,3,0,3,1172,9,13,0,0,0,0,0,0,60,lru,0,0,0,0,0,0,8,5,8,0,3,0,0,0,0,0,0,0,0,0,0,5701632,0,5701632,9,9591502922984031972,0,0,0,0,0,0,0,0
layer,5,0,4,131,decode,26,8,6,2,752,219,140,68,3,0,3,855,8,3,0,0,0,0,0,0,60,lru,0,0,0,0,0,0,8,6,8,0,2,0,0,0,0,0,0,0,0,0,0,3801088,0,3801088,6,3570844970938285863,0,0,0,0,0,0,0,0
layer,5,0,4,131,decode,27,8,7,1,370,159,160,36,1,0,1,474,8,32,0,0,0,0,0,0,60,lru,0,0,0,0,0,0,8,7,8,0,1,0,0,0,0,0,0,0,0,0,0,1900544,0,1900544,3,2826660912016401295,0,0,0,0,0,0,0,0
layer,5,0,4,131,decode,28,8,6,2,8485,391,153,64,2,0,2,8587,8,3,0,0,0,0,0,0,60,lru,0,0,0,0,0,0,8,6,8,0,2,0,0,0,0,0,0,0,0,0,0,3801088,0,3801088,6,5369409917926287522,0,0,0,0,0,0,0,0
layer,5,0,4,131,decode,29,8,7,1,335,201,160,26,1,0,1,414,8,16,0,0,0,0,0,0,60,lru,0,0,0,0,0,0,8,7,8,0,1,0,0,0,0,0,0,0,0,0,0,1900544,0,1900544,3,15800816171960023548,0,0,0,0,0,0,0,0
layer,5,0,4,131,decode,30,8,6,2,788,277,141,83,3,0,3,901,8,13,0,0,0,0,0,0,60,lru,0,0,0,0,0,0,8,6,8,0,2,0,0,0,0,0,0,0,0,0,0,3801088,0,3801088,6,2480561719036154095,0,0,0,0,0,0,0,0
layer,5,0,4,131,decode,31,8,4,4,2073,554,160,155,3,0,3,2288,8,19,0,0,0,0,0,0,60,lru,0,0,0,0,0,0,8,4,8,0,4,0,0,0,0,0,0,0,0,0,0,7602176,0,7602176,12,9215139832585158939,0,0,0,0,0,0,0,0
layer,5,0,4,131,decode,32,8,6,2,4687,292,153,62,2,0,2,4825,8,29,0,0,0,0,0,0,60,lru,0,0,0,0,0,0,8,6,8,0,2,0,1,0,0,0,0,0,0,0,0,3801088,0,3801088,6,17220145486454433256,0,0,0,0,0,0,0,0
layer,5,0,4,131,decode,33,8,3,5,1982,692,157,142,1,0,1,2187,8,17,0,0,0,0,0,0,60,lru,0,0,0,0,0,0,8,3,8,0,5,0,0,0,0,0,0,0,0,0,0,9502720,0,9502720,15,15656000370138031919,0,0,0,0,0,0,0,0
layer,5,0,4,131,decode,34,8,3,5,10641,822,142,134,2,0,2,10873,8,19,0,0,0,0,0,0,60,lru,0,0,0,0,0,0,8,3,8,0,5,0,1,0,0,0,0,0,0,0,0,10199040,0,10199040,15,17045189215142635089,0,0,0,0,0,0,0,0
layer,5,0,4,131,decode,35,8,4,4,2888,515,158,96,2,0,2,3061,8,3,0,0,0,0,0,0,60,lru,0,0,0,0,0,0,8,4,8,0,4,0,1,0,0,0,0,0,0,0,0,7602176,0,7602176,12,16542348730574328938,0,0,0,0,0,0,0,0
layer,5,0,4,131,decode,36,8,3,5,8137,742,152,216,2,0,2,8374,8,32,0,0,0,0,0,0,60,lru,0,0,0,0,0,0,8,3,8,0,5,0,0,0,0,0,0,0,0,0,0,9502720,0,9502720,15,12910946500875588137,0,0,0,0,0,0,0,0
layer,5,0,4,131,decode,37,8,3,5,9937,788,156,210,2,0,2,10183,8,29,0,0,0,0,0,0,60,lru,0,0,0,0,0,0,8,3,8,0,5,0,1,0,0,0,0,0,0,0,0,9502720,0,9502720,15,33755569310992053,0,0,0,0,0,0,0,0
layer,5,0,4,131,decode,38,8,3,5,12672,923,141,173,2,0,2,12922,8,39,0,0,0,0,0,0,60,lru,0,0,0,0,0,0,8,3,8,0,5,0,1,0,0,0,0,0,0,0,0,10199040,0,10199040,15,10130422597859630102,0,0,0,0,0,0,0,0
layer,5,0,4,131,decode,39,8,3,5,3370,697,678,138,2,0,2,3606,8,28,0,0,0,0,0,0,60,lru,0,0,0,0,0,0,8,3,8,0,5,0,1,0,0,0,0,0,0,0,0,10199040,0,10199040,15,9956223396922161323,0,0,0,0,0,0,0,0
request,5,0,4,0,decode,-1,0,0,0,0,0,0,0,0,0,0,0,0,0,0,0,0,0,0,0,0,,104374,666,0,0,19,0,0,0,0,0,0,0,0,0,0,0,0,0,0,0,0,0,0,0,0,0,0,0,0,0,0,0,0,0
layer,6,0,5,132,decode,0,8,5,3,1103,399,152,129,5,0,5,1296,10,32,0,0,0,0,0,0,60,lru,0,0,0,0,0,0,8,5,8,0,3,0,1,0,0,0,0,0,0,0,0,5701632,0,5701632,9,15610980972694094286,0,0,0,0,0,0,0,0
layer,6,0,5,132,decode,1,8,5,3,1050,405,161,130,5,0,5,1230,8,30,0,0,0,0,0,0,60,lru,0,0,0,0,0,0,8,5,8,0,3,0,1,0,0,0,0,0,0,0,0,5701632,0,5701632,9,17449458381332889499,0,0,0,0,0,0,0,0
layer,6,0,5,132,decode,2,8,6,2,694,296,144,60,4,0,4,841,8,35,0,0,0,0,0,0,60,lru,0,0,0,0,0,0,8,6,8,0,2,0,0,0,0,0,0,0,0,0,0,3801088,0,3801088,6,3134721206627967915,0,0,0,0,0,0,0,0
layer,6,0,5,132,decode,3,8,8,0,0,0,184,0,0,0,0,21,7,2,0,0,0,0,0,0,60,lru,0,0,0,0,0,0,8,8,8,0,0,0,1,0,0,0,0,0,0,0,0,0,0,0,0,14141518789528994308,0,0,0,0,0,0,0,0
layer,6,0,5,132,decode,4,8,6,2,655,292,154,78,6,0,6,791,7,25,0,0,0,0,0,0,60,lru,0,0,0,0,0,0,8,6,8,0,2,0,0,0,0,0,0,0,0,0,0,3801088,0,3801088,6,14448115572799821354,0,0,0,0,0,0,0,0
layer,6,0,5,132,decode,5,8,8,0,0,0,183,0,0,0,0,21,8,2,0,0,0,0,0,0,60,lru,0,0,0,0,0,0,8,8,8,0,0,0,1,0,0,0,0,0,0,0,0,0,0,0,0,8203506850964219102,0,0,0,0,0,0,0,0
layer,6,0,5,132,decode,6,8,7,1,7748,332,145,18,4,0,4,7811,8,2,0,0,0,0,0,0,60,lru,0,0,0,0,0,0,8,7,8,0,1,0,0,0,0,0,0,0,0,0,0,1900544,0,1900544,3,11579425286458805463,0,0,0,0,0,0,0,0
layer,6,0,5,132,decode,7,8,8,0,0,0,185,0,0,0,0,22,8,2,0,0,0,0,0,0,60,lru,0,0,0,0,0,0,8,8,8,0,0,0,0,0,0,0,0,0,0,0,0,0,0,0,0,6325814295367770799,0,0,0,0,0,0,0,0
layer,6,0,5,132,decode,8,8,8,0,0,0,176,0,0,0,0,18,8,2,0,0,0,0,0,0,60,lru,0,0,0,0,0,0,8,8,8,0,0,0,0,0,0,0,0,0,0,0,0,0,0,0,0,11400584751998252283,0,0,0,0,0,0,0,0
layer,6,0,5,132,decode,9,8,8,0,0,0,182,0,0,0,0,17,7,2,0,0,0,0,0,0,60,lru,0,0,0,0,0,0,8,8,8,0,0,0,0,0,0,0,0,0,0,0,0,0,0,0,0,6429075898902660739,0,0,0,0,0,0,0,0
layer,6,0,5,132,decode,10,8,7,1,6047,223,144,25,2,0,2,6122,7,3,0,0,0,0,0,0,60,lru,0,0,0,0,0,0,8,7,8,0,1,0,0,0,0,0,0,0,0,0,0,1900544,0,1900544,3,4990290464386720568,0,0,0,0,0,0,0,0
layer,6,0,5,132,decode,11,8,5,3,1632,389,158,105,2,0,2,1793,8,26,0,0,0,0,0,0,60,lru,0,0,0,0,0,0,8,5,8,0,3,0,0,0,0,0,0,0,0,0,0,5701632,0,5701632,9,15247785501445456939,0,0,0,0,0,0,0,0
layer,6,0,5,132,decode,12,8,8,0,0,0,177,0,0,0,0,19,8,2,0,0,0,0,0,0,60,lru,0,0,0,0,0,0,8,8,8,0,0,0,0,0,0,0,0,0,0,0,0,0,0,0,0,12083231595285628373,0,0,0,0,0,0,0,0
layer,6,0,5,132,decode,13,8,7,1,335,160,159,9,1,0,1,419,7,15,0,0,0,0,0,0,60,lru,0,0,0,0,0,0,8,7,8,0,1,0,0,0,0,0,0,0,0,0,0,1900544,0,1900544,3,2150239712046502437,0,0,0,0,0,0,0,0
layer,6,0,5,132,decode,14,8,8,0,0,0,163,0,0,0,0,19,8,2,0,0,0,0,0,0,60,lru,0,0,0,0,0,0,8,8,8,0,0,0,0,0,0,0,0,0,0,0,0,0,0,0,0,8227976863087740411,0,0,0,0,0,0,0,0
layer,6,0,5,132,decode,15,8,7,1,314,178,160,33,1,0,1,376,8,4,0,0,0,0,0,0,60,lru,0,0,0,0,0,0,8,7,8,0,1,0,0,0,0,0,0,0,0,0,0,1900544,0,1900544,3,5124444076929732141,0,0,0,0,0,0,0,0
layer,6,0,5,132,decode,16,8,8,0,0,0,176,0,0,0,0,19,8,2,0,0,0,0,0,0,60,lru,0,0,0,0,0,0,8,8,8,0,0,0,0,0,0,0,0,0,0,0,0,0,0,0,0,6812146839533705059,0,0,0,0,0,0,0,0
layer,6,0,5,132,decode,17,8,6,2,684,300,159,86,2,0,2,798,8,11,0,0,0,0,0,0,60,lru,0,0,0,0,0,0,8,6,8,0,2,0,0,0,0,0,0,0,0,0,0,3801088,0,3801088,6,2069160170718722868,0,0,0,0,0,0,0,0
layer,6,0,5,132,decode,18,8,7,1,420,185,144,32,2,0,2,508,8,17,0,0,0,0,0,0,60,lru,0,0,0,0,0,0,8,7,8,0,1,0,1,0,0,0,0,0,0,0,0,1900544,0,1900544,3,7859556718041150207,0,0,0,0,0,0,0,0
layer,6,0,5,132,decode,19,8,8,0,0,0,183,0,0,0,0,19,8,2,0,0,0,0,0,0,60,lru,0,0,0,0,0,0,8,8,8,0,0,0,0,0,0,0,0,0,0,0,0,0,0,0,0,15535837585450644883,0,0,0,0,0,0,0,0
layer,6,0,5,132,decode,20,8,8,0,0,0,177,0,0,0,0,16,7,2,0,0,0,0,0,0,60,lru,0,0,0,0,0,0,8,8,8,0,0,0,0,0,0,0,0,0,0,0,0,0,0,0,0,2021764723437341438,0,0,0,0,0,0,0,0
layer,6,0,5,132,decode,21,8,8,0,0,0,182,0,0,0,0,17,8,2,0,0,0,0,0,0,60,lru,0,0,0,0,0,0,8,8,8,0,0,0,0,0,0,0,0,0,0,0,0,0,0,0,0,4652052096528580379,0,0,0,0,0,0,0,0
layer,6,0,5,132,decode,22,8,6,2,723,275,145,52,2,0,2,871,8,31,0,0,0,0,0,0,60,lru,0,0,0,0,0,0,8,6,8,0,2,0,0,0,0,0,0,0,0,0,0,3801088,0,3801088,6,8529610766461585855,0,0,0,0,0,0,0,0
layer,6,0,5,132,decode,23,8,6,2,558,306,158,95,1,0,1,698,8,31,0,0,0,0,0,0,60,lru,0,0,0,0,0,0,8,6,8,0,2,0,0,0,0,0,0,0,0,0,0,3801088,0,3801088,6,1046486653385056053,0,0,0,0,0,0,0,0
layer,6,0,5,132,decode,24,8,7,1,344,191,154,23,1,0,1,446,8,24,0,0,0,0,0,0,60,lru,0,0,0,0,0,0,8,7,8,0,1,0,0,0,0,0,0,0,0,0,0,1900544,0,1900544,3,3401751833995839702,0,0,0,0,0,0,0,0
layer,6,0,5,132,decode,25,8,7,1,388,187,161,25,1,0,1,483,7,16,0,0,0,0,0,0,60,lru,0,0,0,0,0,0,8,7,8,0,1,0,0,0,0,0,0,0,0,0,0,1900544,0,1900544,3,1062403057116619292,0,0,0,0,0,0,0,0
layer,6,0,5,132,decode,26,8,6,2,5189,283,141,75,2,0,2,5280,7,3,0,0,0,0,0,0,60,lru,0,0,0,0,0,0,8,6,8,0,2,0,0,0,0,0,0,0,0,0,0,3801088,0,3801088,6,2872612194498199412,0,0,0,0,0,0,0,0
layer,6,0,5,132,decode,27,8,6,2,6341,366,159,78,3,0,3,6435,8,4,0,0,0,0,0,0,60,lru,0,0,0,0,0,0,8,6,8,0,2,0,0,0,0,0,0,0,0,0,0,3801088,0,3801088,6,1568692688379747475,0,0,0,0,0,0,0,0
layer,6,0,5,132,decode,28,8,8,0,0,0,177,0,0,0,0,18,7,2,0,0,0,0,0,0,60,lru,0,0,0,0,0,0,8,8,8,0,0,0,0,0,0,0,0,0,0,0,0,0,0,0,0,5930534549605841630,0,0,0,0,0,0,0,0
layer,6,0,5,132,decode,29,8,7,1,327,195,160,34,2,0,2,424,7,30,0,0,0,0,0,0,60,lru,0,0,0,0,0,0,8,7,8,0,1,0,0,0,0,0,0,0,0,0,0,1900544,0,1900544,3,14838930993592402681,0,0,0,0,0,0,0,0
layer,6,0,5,132,decode,30,8,7,1,323,199,144,34,1,0,1,390,8,4,0,0,0,0,0,0,60,lru,0,0,0,0,0,0,8,7,8,0,1,0,0,0,0,0,0,0,0,0,0,1900544,0,1900544,3,7064570917749200368,0,0,0,0,0,0,0,0
layer,6,0,5,132,decode,31,8,8,0,0,0,186,0,0,0,0,18,7,2,0,0,0,0,0,0,60,lru,0,0,0,0,0,0,8,8,8,0,0,0,0,0,0,0,0,0,0,0,0,0,0,0,0,8541165896115680102,0,0,0,0,0,0,0,0
layer,6,0,5,132,decode,32,8,8,0,0,0,177,0,0,0,0,17,7,2,0,0,0,0,0,0,60,lru,0,0,0,0,0,0,8,8,8,0,0,0,0,0,0,0,0,0,0,0,0,0,0,0,0,6686968503115412807,0,0,0,0,0,0,0,0
layer,6,0,5,132,decode,33,8,8,0,0,0,184,0,0,0,0,17,7,2,0,0,0,0,0,0,60,lru,0,0,0,0,0,0,8,8,8,0,0,0,0,0,0,0,0,0,0,0,0,0,0,0,0,8842024197831265810,0,0,0,0,0,0,0,0
layer,6,0,5,132,decode,34,8,4,4,1739,590,143,123,2,0,2,1909,8,12,0,0,0,0,0,0,60,lru,0,0,0,0,0,0,8,4,8,0,4,0,0,0,0,0,0,0,0,0,0,8159232,0,8159232,12,1202599179270197373,0,0,0,0,0,0,0,0
layer,6,0,5,132,decode,35,8,6,2,857,287,158,78,2,0,2,994,8,20,0,0,0,0,0,0,60,lru,0,0,0,0,0,0,8,6,8,0,2,0,1,0,0,0,0,0,0,0,0,3801088,0,3801088,6,11704363045727962577,0,0,0,0,0,0,0,0
layer,6,0,5,132,decode,36,8,5,3,6972,411,153,99,3,0,3,7164,8,32,0,0,0,0,0,0,60,lru,0,0,0,0,0,0,8,5,8,0,3,0,0,0,0,0,0,0,0,0,0,5701632,0,5701632,9,4953174148768502360,0,0,0,0,0,0,0,0
layer,6,0,5,132,decode,37,8,7,1,374,166,159,41,1,0,1,471,8,27,0,0,0,0,0,0,60,lru,0,0,0,0,0,0,8,7,8,0,1,0,0,0,0,0,0,0,0,0,0,1900544,0,1900544,3,13470316552562324790,0,0,0,0,0,0,0,0
layer,6,0,5,132,decode,38,8,8,0,0,0,163,0,0,0,0,18,8,2,0,0,0,0,0,0,60,lru,0,0,0,0,0,0,8,8,8,0,0,0,0,0,0,0,0,0,0,0,0,0,0,0,0,2130868707840395316,0,0,0,0,0,0,0,0
layer,6,0,5,132,decode,39,8,8,0,0,0,691,0,0,0,0,17,8,2,0,0,0,0,0,0,60,lru,0,0,0,0,0,0,8,8,8,0,0,0,0,0,0,0,0,0,0,0,0,0,0,0,0,15683553157272064484,0,0,0,0,0,0,0,0
request,6,0,5,0,decode,-1,0,0,0,0,0,0,0,0,0,0,0,0,0,0,0,0,0,0,0,0,,57016,434,0,0,20,0,0,0,0,0,0,0,0,0,0,0,0,0,0,0,0,0,0,0,0,0,0,0,0,0,0,0,0,0
layer,7,0,6,133,decode,0,8,8,0,0,0,174,0,0,0,0,21,10,2,0,0,0,0,0,0,60,lru,0,0,0,0,0,0,8,8,8,0,0,0,1,0,0,0,0,0,0,0,0,0,0,0,0,14584634930953829151,0,0,0,0,0,0,0,0
layer,7,0,6,133,decode,1,8,7,1,358,155,160,33,4,0,4,444,8,14,0,0,0,0,0,0,60,lru,0,0,0,0,0,0,8,7,8,0,1,0,0,0,0,0,0,0,0,0,0,1900544,0,1900544,3,1647944905983845704,0,0,0,0,0,0,0,0
layer,7,0,6,133,decode,2,8,8,0,0,0,161,0,0,0,0,27,8,2,0,0,0,0,0,0,60,lru,0,0,0,0,0,0,8,8,8,0,0,0,1,0,0,0,0,0,0,0,0,0,0,0,0,5649771456362739213,0,0,0,0,0,0,0,0
layer,7,0,6,133,decode,3,8,7,1,324,160,160,40,4,0,4,438,8,28,0,0,0,0,0,0,60,lru,0,0,0,0,0,0,8,7,8,0,1,0,0,0,0,0,0,0,0,0,0,1900544,0,1900544,3,14991536876391437219,0,0,0,0,0,0,0,0
layer,7,0,6,133,decode,4,8,6,2,4838,277,154,66,5,0,5,4944,8,2,0,0,0,0,0,0,60,lru,0,0,0,0,0,0,8,6,8,0,2,0,0,0,0,0,0,0,0,0,0,3801088,0,3801088,6,16657590181388164512,0,0,0,0,0,0,0,0
layer,7,0,6,133,decode,5,8,8,0,0,0,180,0,0,0,0,21,8,2,0,0,0,0,0,0,60,lru,0,0,0,0,0,0,8,8,8,0,0,0,1,0,0,0,0,0,0,0,0,0,0,0,0,435518480981471163,0,0,0,0,0,0,0,0
layer,7,0,6,133,decode,6,8,8,0,0,0,161,0,0,0,0,20,7,2,0,0,0,0,0,0,60,lru,0,0,0,0,0,0,8,8,8,0,0,0,0,0,0,0,0,0,0,0,0,0,0,0,0,7928278608462058490,0,0,0,0,0,0,0,0
layer,7,0,6,133,decode,7,8,8,0,0,0,183,0,0,0,0,19,8,2,0,0,0,0,0,0,60,lru,0,0,0,0,0,0,8,8,8,0,0,0,0,0,0,0,0,0,0,0,0,0,0,0,0,18128698979895123948,0,0,0,0,0,0,0,0
layer,7,0,6,133,decode,8,8,8,0,0,0,176,0,0,0,0,17,8,2,0,0,0,0,0,0,60,lru,0,0,0,0,0,0,8,8,8,0,0,0,0,0,0,0,0,0,0,0,0,0,0,0,0,4131410626577318782,0,0,0,0,0,0,0,0
layer,7,0,6,133,decode,9,8,6,2,696,277,157,60,2,0,2,793,8,4,0,0,0,0,0,0,60,lru,0,0,0,0,0,0,8,6,8,0,2,0,0,0,0,0,0,0,0,0,0,3801088,0,3801088,6,11009407805879504475,0,0,0,0,0,0,0,0
layer,7,0,6,133,decode,10,8,7,1,271,166,143,47,1,0,1,365,8,19,0,0,0,0,0,0,60,lru,0,0,0,0,0,0,8,7,8,0,1,0,0,0,0,0,0,0,0,0,0,1900544,0,1900544,3,12060181266177194140,0,0,0,0,0,0,0,0
layer,7,0,6,133,decode,11,8,7,1,313,171,159,31,1,0,1,411,8,30,0,0,0,0,0,0,60,lru,0,0,0,0,0,0,8,7,8,0,1,0,0,0,0,0,0,0,0,0,0,1900544,0,1900544,3,10675719490284056811,0,0,0,0,0,0,0,0
layer,7,0,6,133,decode,12,8,7,1,630,166,154,23,1,0,1,692,8,3,0,0,0,0,0,0,60,lru,0,0,0,0,0,0,8,7,8,0,1,0,0,0,0,0,0,0,0,0,0,1900544,0,1900544,3,422989677180140527,0,0,0,0,0,0,0,0
layer,7,0,6,133,decode,13,8,7,1,327,161,161,33,1,0,1,393,8,4,0,0,0,0,0,0,60,lru,0,0,0,0,0,0,8,7,8,0,1,0,0,0,0,0,0,0,0,0,0,1900544,0,1900544,3,2967113561196638138,0,0,0,0,0,0,0,0
layer,7,0,6,133,decode,14,8,8,0,0,0,160,0,0,0,0,18,7,2,0,0,0,0,0,0,60,lru,0,0,0,0,0,0,8,8,8,0,0,0,0,0,0,0,0,0,0,0,0,0,0,0,0,565337509820912240,0,0,0,0,0,0,0,0
layer,7,0,6,133,decode,15,8,8,0,0,0,182,0,0,0,0,16,7,2,0,0,0,0,0,0,60,lru,0,0,0,0,0,0,8,8,8,0,0,0,0,0,0,0,0,0,0,0,0,0,0,0,0,7469121363658252739,0,0,0,0,0,0,0,0
layer,7,0,6,133,decode,16,8,7,1,320,172,154,17,1,0,1,382,7,3,0,0,0,0,0,0,60,lru,0,0,0,0,0,0,8,7,8,0,1,0,0,0,0,0,0,0,0,0,0,1900544,0,1900544,3,15888924027943339500,0,0,0,0,0,0,0,0
layer,7,0,6,133,decode,17,8,7,1,310,168,159,37,1,0,1,374,7,4,0,0,0,0,0,0,60,lru,0,0,0,0,0,0,8,7,8,0,1,0,0,0,0,0,0,0,0,0,0,1900544,0,1900544,3,2932991562236931347,0,0,0,0,0,0,0,0
layer,7,0,6,133,decode,18,8,6,2,712,297,141,69,2,0,2,810,9,6,0,0,0,0,0,0,60,lru,0,0,0,0,0,0,8,6,8,0,2,0,0,0,0,0,0,0,0,0,0,3801088,0,3801088,6,438982516585210933,0,0,0,0,0,0,0,0
layer,7,0,6,133,decode,19,8,7,1,352,164,159,39,1,0,1,444,7,13,0,0,0,0,0,0,60,lru,0,0,0,0,0,0,8,7,8,0,1,0,0,0,0,0,0,0,0,0,0,1900544,0,1900544,3,18092368337663957141,0,0,0,0,0,0,0,0
layer,7,0,6,133,decode,20,8,8,0,0,0,176,0,0,0,0,18,8,2,0,0,0,0,0,0,60,lru,0,0,0,0,0,0,8,8,8,0,0,0,0,0,0,0,0,0,0,0,0,0,0,0,0,14991146781393439747,0,0,0,0,0,0,0,0
layer,7,0,6,133,decode,21,8,7,1,359,175,158,45,1,0,1,464,7,35,0,0,0,0,0,0,60,lru,0,0,0,0,0,0,8,7,8,0,1,0,0,0,0,0,0,0,0,0,0,1900544,0,1900544,3,6199851057770760871,0,0,0,0,0,0,0,0
layer,7,0,6,133,decode,22,8,7,1,330,174,143,29,1,0,1,420,7,20,0,0,0,0,0,0,60,lru,0,0,0,0,0,0,8,7,8,0,1,0,0,0,0,0,0,0,0,0,0,1900544,0,1900544,3,14284561742359908294,0,0,0,0,0,0,0,0
layer,7,0,6,133,decode,23,8,5,3,1065,431,159,125,2,0,2,1234,8,37,0,0,0,0,0,0,60,lru,0,0,0,0,0,0,8,5,8,0,3,0,0,0,0,0,0,0,0,0,0,5701632,0,5701632,9,10814664558893302466,0,0,0,0,0,0,0,0
layer,7,0,6,133,decode,24,8,8,0,0,0,175,0,0,0,0,20,8,2,0,0,0,0,0,0,60,lru,0,0,0,0,0,0,8,8,8,0,0,0,0,0,0,0,0,0,0,0,0,0,0,0,0,8712422225338211015,0,0,0,0,0,0,0,0
layer,7,0,6,133,decode,25,8,7,1,369,163,160,29,1,0,1,463,7,32,0,0,0,0,0,0,60,lru,0,0,0,0,0,0,8,7,8,0,1,0,0,0,0,0,0,0,0,0,0,1900544,0,1900544,3,15416605658770209341,0,0,0,0,0,0,0,0
layer,7,0,6,133,decode,26,8,6,2,763,296,143,82,2,0,2,900,8,32,0,0,0,0,0,0,60,lru,0,0,0,0,0,0,8,6,8,0,2,0,0,0,0,0,0,0,0,0,0,3801088,0,3801088,6,11469750614060719110,0,0,0,0,0,0,0,0
layer,7,0,6,133,decode,27,8,6,2,634,312,159,65,2,0,2,742,8,4,0,0,0,0,0,0,60,lru,0,0,0,0,0,0,8,6,8,0,2,0,0,0,0,0,0,0,0,0,0,3801088,0,3801088,6,13942063358623379087,0,0,0,0,0,0,0,0
layer,7,0,6,133,decode,28,8,8,0,0,0,174,0,0,0,0,19,8,2,0,0,0,0,0,0,60,lru,0,0,0,0,0,0,8,8,8,0,0,0,0,0,0,0,0,0,0,0,0,0,0,0,0,8555782050677461038,0,0,0,0,0,0,0,0
layer,7,0,6,133,decode,29,8,8,0,0,0,181,0,0,0,0,16,7,2,0,0,0,0,0,0,60,lru,0,0,0,0,0,0,8,8,8,0,0,0,0,0,0,0,0,0,0,0,0,0,0,0,0,17027066038564261589,0,0,0,0,0,0,0,0
layer,7,0,6,133,decode,30,8,6,2,667,299,143,87,2,0,2,764,8,4,0,0,0,0,0,0,60,lru,0,0,0,0,0,0,8,6,8,0,2,0,0,0,0,0,0,0,0,0,0,3801088,0,3801088,6,12205751357098222980,0,0,0,0,0,0,0,0
layer,7,0,6,133,decode,31,8,7,1,307,168,160,28,2,0,2,375,8,4,0,0,0,0,0,0,60,lru,0,0,0,0,0,0,8,7,8,0,1,0,0,0,0,0,0,0,0,0,0,1900544,0,1900544,3,880689372480647987,0,0,0,0,0,0,0,0
layer,7,0,6,133,decode,32,8,7,1,310,175,154,34,1,0,1,369,8,2,0,0,0,0,0,0,60,lru,0,0,0,0,0,0,8,7,8,0,1,0,0,0,0,0,0,0,0,0,0,1900544,0,1900544,3,12594257344383307980,0,0,0,0,0,0,0,0
layer,7,0,6,133,decode,33,8,6,2,782,280,157,76,3,0,3,911,8,19,0,0,0,0,0,0,60,lru,0,0,0,0,0,0,8,6,8,0,2,0,0,0,0,0,0,0,0,0,0,3801088,0,3801088,6,17164091649546952960,0,0,0,0,0,0,0,0
layer,7,0,6,133,decode,34,8,6,2,876,325,145,84,2,0,2,1023,8,38,0,0,0,0,0,0,60,lru,0,0,0,0,0,0,8,6,8,0,2,0,0,0,0,0,0,0,0,0,0,4079616,0,4079616,6,4866872266726859318,0,0,0,0,0,0,0,0
layer,7,0,6,133,decode,35,8,8,0,0,0,184,0,0,0,0,19,8,2,0,0,0,0,0,0,60,lru,0,0,0,0,0,0,8,8,8,0,0,0,0,0,0,0,0,0,0,0,0,0,0,0,0,6395385887242432626,0,0,0,0,0,0,0,0
layer,7,0,6,133,decode,36,8,7,1,308,166,153,40,1,0,1,395,7,24,0,0,0,0,0,0,60,lru,0,0,0,0,0,0,8,7,8,0,1,0,0,0,0,0,0,0,0,0,0,1900544,0,1900544,3,9834601265632808400,0,0,0,0,0,0,0,0
layer,7,0,6,133,decode,37,8,8,0,0,0,183,0,0,0,0,19,8,2,0,0,0,0,0,0,60,lru,0,0,0,0,0,0,8,8,8,0,0,0,0,0,0,0,0,0,0,0,0,0,0,0,0,14324612938759395943,0,0,0,0,0,0,0,0
layer,7,0,6,133,decode,38,8,7,1,399,176,146,34,1,0,1,458,7,3,0,0,0,0,0,0,60,lru,0,0,0,0,0,0,8,7,8,0,1,0,0,0,0,0,0,0,0,0,0,2039808,0,2039808,3,15791738384093204411,0,0,0,0,0,0,0,0
layer,7,0,6,133,decode,39,8,8,0,0,0,688,0,0,0,0,17,8,2,0,0,0,0,0,0,60,lru,0,0,0,0,0,0,8,8,8,0,0,0,0,0,0,0,0,0,0,0,0,0,0,0,0,12292635165651795545,0,0,0,0,0,0,0,0
request,7,0,6,0,decode,-1,0,0,0,0,0,0,0,0,0,0,0,0,0,0,0,0,0,0,0,0,,28536,393,0,0,13,0,0,0,0,0,0,0,0,0,0,0,0,0,0,0,0,0,0,0,0,0,0,0,0,0,0,0,0,0
layer,8,0,7,134,decode,0,8,6,2,746,282,153,58,4,0,4,888,9,35,0,0,0,0,0,0,60,lru,0,0,0,0,0,0,8,6,8,0,2,0,1,0,0,0,0,0,0,0,0,3801088,0,3801088,6,10584228295349056680,0,0,0,0,0,0,0,0
layer,8,0,7,134,decode,1,8,5,3,1079,402,159,118,4,0,4,1227,8,15,0,0,0,0,0,0,60,lru,0,0,0,0,0,0,8,5,8,0,3,0,1,0,0,0,0,0,0,0,0,5701632,0,5701632,9,15939984125991845485,0,0,0,0,0,0,0,0
layer,8,0,7,134,decode,2,8,6,2,700,287,143,58,4,0,4,798,8,5,0,0,0,0,0,0,60,lru,0,0,0,0,0,0,8,6,8,0,2,0,1,0,0,0,0,0,0,0,0,3801088,0,3801088,6,15323024625919569060,0,0,0,0,0,0,0,0
layer,8,0,7,134,decode,3,8,7,1,332,161,158,32,2,0,2,432,7,30,0,0,0,0,0,0,60,lru,0,0,0,0,0,0,8,7,8,0,1,0,1,0,0,0,0,0,0,0,0,1900544,0,1900544,3,8976608049551316255,0,0,0,0,0,0,0,0
layer,8,0,7,134,decode,4,8,7,1,310,162,157,44,3,0,3,423,8,31,0,0,0,0,0,0,60,lru,0,0,0,0,0,0,8,7,8,0,1,0,0,0,0,0,0,0,0,0,0,1900544,0,1900544,3,4092171692777884451,0,0,0,0,0,0,0,0
layer,8,0,7,134,decode,5,8,6,2,653,260,155,75,5,0,5,774,8,3,0,0,0,0,0,0,60,lru,0,0,0,0,0,0,8,6,8,0,2,0,0,0,0,0,0,0,0,0,0,3801088,0,3801088,6,7840827915678869346,0,0,0,0,0,0,0,0
layer,8,0,7,134,decode,6,8,8,0,0,0,159,0,0,0,0,21,8,2,0,0,0,0,0,0,60,lru,0,0,0,0,0,0,8,8,8,0,0,0,1,0,0,0,0,0,0,0,0,0,0,0,0,12312684450214220778,0,0,0,0,0,0,0,0
layer,8,0,7,134,decode,7,8,7,1,323,179,162,43,4,0,4,415,8,19,0,0,0,0,0,0,60,lru,0,0,0,0,0,0,8,7,8,0,1,0,0,0,0,0,0,0,0,0,0,1900544,0,1900544,3,15578012894906863435,0,0,0,0,0,0,0,0
layer,8,0,7,134,decode,8,8,8,0,0,0,174,0,0,0,0,19,8,2,0,0,0,0,0,0,60,lru,0,0,0,0,0,0,8,8,8,0,0,0,0,0,0,0,0,0,0,0,0,0,0,0,0,10650603109760930531,0,0,0,0,0,0,0,0
layer,8,0,7,134,decode,9,8,6,2,646,290,159,59,2,0,2,740,7,2,0,0,0,0,0,0,60,lru,0,0,0,0,0,0,8,6,8,0,2,0,0,0,0,0,0,0,0,0,0,3801088,0,3801088,6,13414451235267130697,0,0,0,0,0,0,0,0
layer,8,0,7,134,decode,10,8,7,1,313,162,143,48,1,0,1,415,8,21,0,0,0,0,0,0,60,lru,0,0,0,0,0,0,8,7,8,0,1,0,0,0,0,0,0,0,0,0,0,1900544,0,1900544,3,16578778171222674768,0,0,0,0,0,0,0,0
layer,8,0,7,134,decode,11,8,7,1,334,162,160,44,1,0,1,421,8,19,0,0,0,0,0,0,60,lru,0,0,0,0,0,0,8,7,8,0,1,0,0,0,0,0,0,0,0,0,0,1900544,0,1900544,3,15066477641906294552,0,0,0,0,0,0,0,0
layer,8,0,7,134,decode,12,8,7,1,307,170,154,28,1,0,1,371,8,3,0,0,0,0,0,0,60,lru,0,0,0,0,0,0,8,7,8,0,1,0,0,0,0,0,0,0,0,0,0,1900544,0,1900544,3,9336492097647315758,0,0,0,0,0,0,0,0
layer,8,0,7,134,decode,13,8,7,1,317,166,158,41,1,0,1,405,8,19,0,0,0,0,0,0,60,lru,0,0,0,0,0,0,8,7,8,0,1,0,0,0,0,0,0,0,0,0,0,1900544,0,1900544,3,9835829325990543540,0,0,0,0,0,0,0,0
layer,8,0,7,134,decode,14,8,8,0,0,0,159,0,0,0,0,18,8,2,0,0,0,0,0,0,60,lru,0,0,0,0,0,0,8,8,8,0,0,0,0,0,0,0,0,0,0,0,0,0,0,0,0,14415394135799736092,0,0,0,0,0,0,0,0
layer,8,0,7,134,decode,15,8,7,1,311,160,160,43,1,0,1,397,7,19,0,0,0,0,0,0,60,lru,0,0,0,0,0,0,8,7,8,0,1,0,0,0,0,0,0,0,0,0,0,1900544,0,1900544,3,5309048943857119085,0,0,0,0,0,0,0,0
layer,8,0,7,134,decode,16,8,8,0,0,0,174,0,0,0,0,18,8,2,0,0,0,0,0,0,60,lru,0,0,0,0,0,0,8,8,8,0,0,0,0,0,0,0,0,0,0,0,0,0,0,0,0,13183114929465520962,0,0,0,0,0,0,0,0
layer,8,0,7,134,decode,17,8,6,2,630,289,159,43,2,0,2,758,7,30,0,0,0,0,0,0,60,lru,0,0,0,0,0,0,8,6,8,0,2,0,0,0,0,0,0,0,0,0,0,3801088,0,3801088,6,10442307198488243090,0,0,0,0,0,0,0,0
layer,8,0,7,134,decode,18,8,7,1,353,162,143,45,1,0,1,437,8,16,0,0,0,0,0,0,60,lru,0,0,0,0,0,0,8,7,8,0,1,0,0,0,0,0,0,0,0,0,0,1900544,0,1900544,3,7672228334153086075,0,0,0,0,0,0,0,0
layer,8,0,7,134,decode,19,8,7,1,288,180,159,43,1,0,1,405,8,36,0,0,0,0,0,0,60,lru,0,0,0,0,0,0,8,7,8,0,1,0,0,0,0,0,0,0,0,0,0,1900544,0,1900544,3,10939396380528485044,0,0,0,0,0,0,0,0
layer,8,0,7,134,decode,20,8,7,1,352,177,155,28,1,0,1,411,8,3,0,0,0,0,0,0,60,lru,0,0,0,0,0,0,8,7,8,0,1,0,0,0,0,0,0,0,0,0,0,1900544,0,1900544,3,4979500611407403266,0,0,0,0,0,0,0,0
layer,8,0,7,134,decode,21,8,7,1,325,184,160,45,1,0,1,421,8,25,0,0,0,0,0,0,60,lru,0,0,0,0,0,0,8,7,8,0,1,0,0,0,0,0,0,0,0,0,0,1900544,0,1900544,3,8284952912613219394,0,0,0,0,0,0,0,0
layer,8,0,7,134,decode,22,8,7,1,335,169,144,37,1,0,1,438,8,31,0,0,0,0,0,0,60,lru,0,0,0,0,0,0,8,7,8,0,1,0,0,0,0,0,0,0,0,0,0,1900544,0,1900544,3,6108898310949230812,0,0,0,0,0,0,0,0
layer,8,0,7,134,decode,23,8,6,2,664,266,159,83,1,0,1,793,8,25,0,0,0,0,0,0,60,lru,0,0,0,0,0,0,8,6,8,0,2,0,0,0,0,0,0,0,0,0,0,3801088,0,3801088,6,7708496585225284974,0,0,0,0,0,0,0,0
layer,8,0,7,134,decode,24,8,8,0,0,0,173,0,0,0,0,19,8,2,0,0,0,0,0,0,60,lru,0,0,0,0,0,0,8,8,8,0,0,0,0,0,0,0,0,0,0,0,0,0,0,0,0,11266707633966618677,0,0,0,0,0,0,0,0
layer,8,0,7,134,decode,25,8,8,0,0,0,179,0,0,0,0,16,7,2,0,0,0,0,0,0,60,lru,0,0,0,0,0,0,8,8,8,0,0,0,0,0,0,0,0,0,0,0,0,0,0,0,0,9634221919387521182,0,0,0,0,0,0,0,0
layer,8,0,7,134,decode,26,8,8,0,0,0,158,0,0,0,0,16,8,2,0,0,0,0,0,0,60,lru,0,0,0,0,0,0,8,8,8,0,0,0,0,0,0,0,0,0,0,0,0,0,0,0,0,3040583034836899265,0,0,0,0,0,0,0,0
layer,8,0,7,134,decode,27,8,8,0,0,0,179,0,0,0,0,16,7,2,0,0,0,0,0,0,60,lru,0,0,0,0,0,0,8,8,8,0,0,0,0,0,0,0,0,0,0,0,0,0,0,0,0,10591240856553384771,0,0,0,0,0,0,0,0
layer,8,0,7,134,decode,28,8,7,1,310,136,161,33,1,0,1,413,7,41,0,0,0,0,0,0,60,lru,0,0,0,0,0,0,8,7,8,0,1,0,0,0,0,0,0,0,0,0,0,1900544,0,1900544,3,9868132805214989803,0,0,0,0,0,0,0,0
layer,8,0,7,134,decode,29,8,6,2,761,270,158,56,2,0,2,875,8,18,0,0,0,0,0,0,60,lru,0,0,0,0,0,0,8,6,8,0,2,0,0,0,0,0,0,0,0,0,0,3801088,0,3801088,6,7310913964148800969,0,0,0,0,0,0,0,0
layer,8,0,7,134,decode,30,8,7,1,4489,282,143,42,1,0,1,4595,7,39,0,0,0,0,0,0,60,lru,0,0,0,0,0,0,8,7,8,0,1,0,1,0,0,0,0,0,0,0,0,1900544,0,1900544,3,5627460241545926035,0,0,0,0,0,0,0,0
layer,8,0,7,134,decode,31,8,7,1,320,171,161,28,1,0,1,409,8,15,0,0,0,0,0,0,60,lru,0,0,0,0,0,0,8,7,8,0,1,0,0,0,0,0,0,0,0,0,0,1900544,0,1900544,3,15568273330266943414,0,0,0,0,0,0,0,0
layer,8,0,7,134,decode,32,8,7,1,392,181,155,39,1,0,1,478,8,21,0,0,0,0,0,0,60,lru,0,0,0,0,0,0,8,7,8,0,1,0,0,0,0,0,0,0,0,0,0,1900544,0,1900544,3,3069992924836539479,0,0,0,0,0,0,0,0
layer,8,0,7,134,decode,33,8,7,1,391,173,159,19,1,0,1,451,8,4,0,0,0,0,0,0,60,lru,0,0,0,0,0,0,8,7,8,0,1,0,0,0,0,0,0,0,0,0,0,1900544,0,1900544,3,17798708836369086033,0,0,0,0,0,0,0,0
layer,8,0,7,134,decode,34,8,7,1,362,186,146,36,1,0,1,453,9,20,0,0,0,0,0,0,60,lru,0,0,0,0,0,0,8,7,8,0,1,0,0,0,0,0,0,0,0,0,0,2039808,0,2039808,3,7923786919620892236,0,0,0,0,0,0,0,0
layer,8,0,7,134,decode,35,8,6,2,1109,282,158,54,2,0,2,1247,8,26,0,0,0,0,0,0,60,lru,0,0,0,0,0,0,8,6,8,0,2,0,0,0,0,0,0,0,0,0,0,3801088,0,3801088,6,14164962557392448357,0,0,0,0,0,0,0,0
layer,8,0,7,134,decode,36,8,5,3,4808,394,151,119,2,0,2,4969,8,28,0,0,0,0,0,0,60,lru,0,0,0,0,0,0,8,5,8,0,3,0,0,0,0,0,0,0,0,0,0,5701632,0,5701632,9,9254885118009679634,0,0,0,0,0,0,0,0
layer,8,0,7,134,decode,37,8,7,1,5933,180,159,27,1,0,1,6015,8,2,0,0,0,0,0,0,60,lru,0,0,0,0,0,0,8,7,8,0,1,0,1,0,0,0,0,0,0,0,0,1900544,0,1900544,3,12067841009327274295,0,0,0,0,0,0,0,0
layer,8,0,7,134,decode,38,8,4,4,6899,711,143,148,2,0,2,7089,8,26,0,0,0,0,0,0,60,lru,0,0,0,0,0,0,8,4,8,0,4,0,0,0,0,0,0,0,0,0,0,8159232,0,8159232,12,17444688285806079278,0,0,0,0,0,0,0,0
layer,8,0,7,134,decode,39,8,6,2,892,292,679,67,3,0,3,1002,8,12,0,0,0,0,0,0,60,lru,0,0,0,0,0,0,8,6,8,0,2,0,1,0,0,0,0,0,0,0,0,4079616,0,4079616,6,1695413802963611957,0,0,0,0,0,0,0,0
request,8,0,7,0,decode,-1,0,0,0,0,0,0,0,0,0,0,0,0,0,0,0,0,0,0,0,0,,48742,446,0,0,16,0,0,0,0,0,0,0,0,0,0,0,0,0,0,0,0,0,0,0,0,0,0,0,0,0,0,0,0,0
layer,9,0,8,135,decode,0,8,6,2,725,288,152,57,4,0,4,872,16,39,0,0,0,0,0,0,60,lru,0,0,0,0,0,0,8,6,8,0,2,0,0,0,0,0,0,0,0,0,0,3801088,0,3801088,6,17766553607501442278,0,0,0,0,0,0,0,0
layer,9,0,8,135,decode,1,8,5,3,1076,451,158,119,4,0,4,1243,8,28,0,0,0,0,0,0,60,lru,0,0,0,0,0,0,8,5,8,0,3,0,1,0,0,0,0,0,0,0,0,5701632,0,5701632,9,1948492005036949632,0,0,0,0,0,0,0,0
layer,9,0,8,135,decode,2,8,1,7,6317,944,141,258,3,0,3,6617,8,25,0,0,0,0,0,0,60,lru,0,0,0,0,0,0,8,1,8,0,7,0,1,0,0,0,0,0,0,0,0,13303808,0,13303808,21,5006948436406637278,0,0,0,0,0,0,0,0
layer,9,0,8,135,decode,3,8,7,1,544,110,174,38,2,0,2,633,8,8,0,0,0,0,0,0,60,lru,0,0,0,0,0,0,8,7,8,0,1,0,1,0,0,0,0,0,0,0,0,1900544,0,1900544,3,9221909268881073513,0,0,0,0,0,0,0,0
layer,9,0,8,135,decode,4,8,8,0,0,0,173,0,0,0,0,22,8,2,0,0,0,0,0,0,60,lru,0,0,0,0,0,0,8,8,8,0,0,0,0,0,0,0,0,0,0,0,0,0,0,0,0,18426087518387629342,0,0,0,0,0,0,0,0
layer,9,0,8,135,decode,5,8,4,4,1369,560,157,167,4,0,4,1559,7,19,0,0,0,0,0,0,60,lru,0,0,0,0,0,0,8,4,8,0,4,0,0,0,0,0,0,0,0,0,0,7602176,0,7602176,12,5089425193703876880,0,0,0,0,0,0,0,0
layer,9,0,8,135,decode,6,8,6,2,649,288,143,63,4,0,4,749,8,3,0,0,0,0,0,0,60,lru,0,0,0,0,0,0,8,6,8,0,2,0,1,0,0,0,0,0,0,0,0,3801088,0,3801088,6,6485916271933427863,0,0,0,0,0,0,0,0
layer,9,0,8,135,decode,7,8,6,2,552,305,164,82,4,0,4,696,7,38,0,0,0,0,0,0,60,lru,0,0,0,0,0,0,8,6,8,0,2,0,0,0,0,0,0,0,0,0,0,3801088,0,3801088,6,16110661259385771720,0,0,0,0,0,0,0,0
layer,9,0,8,135,decode,8,8,7,1,4399,157,153,20,4,0,4,4495,8,12,0,0,0,0,0,0,60,lru,0,0,0,0,0,0,8,7,8,0,1,0,1,0,0,0,0,0,0,0,0,1900544,0,1900544,3,12312999409685858030,0,0,0,0,0,0,0,0
layer,9,0,8,135,decode,9,8,8,0,0,0,179,0,0,0,0,18,8,2,0,0,0,0,0,0,60,lru,0,0,0,0,0,0,8,8,8,0,0,0,0,0,0,0,0,0,0,0,0,0,0,0,0,1164168202592943972,0,0,0,0,0,0,0,0
layer,9,0,8,135,decode,10,8,7,1,6682,232,145,35,1,0,1,6749,8,2,0,0,0,0,0,0,60,lru,0,0,0,0,0,0,8,7,8,0,1,0,0,0,0,0,0,0,0,0,0,1900544,0,1900544,3,16230882187073323188,0,0,0,0,0,0,0,0
layer,9,0,8,135,decode,11,8,7,1,3688,172,161,25,1,0,1,3769,8,17,0,0,0,0,0,0,60,lru,0,0,0,0,0,0,8,7,8,0,1,0,0,0,0,0,0,0,0,0,0,1900544,0,1900544,3,1311277773683376307,0,0,0,0,0,0,0,0
layer,9,0,8,135,decode,12,8,8,0,0,0,173,0,0,0,0,20,9,2,0,0,0,0,0,0,60,lru,0,0,0,0,0,0,8,8,8,0,0,0,0,0,0,0,0,0,0,0,0,0,0,0,0,2000440737684769920,0,0,0,0,0,0,0,0
layer,9,0,8,135,decode,13,8,6,2,831,273,157,46,2,0,2,968,8,29,0,0,0,0,0,0,60,lru,0,0,0,0,0,0,8,6,8,0,2,0,0,0,0,0,0,0,0,0,0,3801088,0,3801088,6,16223915796982868159,0,0,0,0,0,0,0,0
layer,9,0,8,135,decode,14,8,7,1,369,158,145,27,1,0,1,456,8,18,0,0,0,0,0,0,60,lru,0,0,0,0,0,0,8,7,8,0,1,0,0,0,0,0,0,0,0,0,0,1900544,0,1900544,3,16504138498369643397,0,0,0,0,0,0,0,0
layer,9,0,8,135,decode,15,8,7,1,644,149,158,25,1,0,1,718,8,2,0,0,0,0,0,0,60,lru,0,0,0,0,0,0,8,7,8,0,1,0,0,0,0,0,0,0,0,0,0,1900544,0,1900544,3,17071262489692299336,0,0,0,0,0,0,0,0
layer,9,0,8,135,decode,16,8,5,3,1002,417,152,94,2,0,2,1181,7,31,0,0,0,0,0,0,60,lru,0,0,0,0,0,0,8,5,8,0,3,0,0,0,0,0,0,0,0,0,0,5701632,0,5701632,9,17388171672816517437,0,0,0,0,0,0,0,0
layer,9,0,8,135,decode,17,8,7,1,353,223,161,27,1,0,1,416,8,4,0,0,0,0,0,0,60,lru,0,0,0,0,0,0,8,7,8,0,1,0,1,0,0,0,0,0,0,0,0,1900544,0,1900544,3,10747978746693540413,0,0,0,0,0,0,0,0
layer,9,0,8,135,decode,18,8,7,1,424,169,150,67,1,0,1,566,8,34,0,0,0,0,0,0,60,lru,0,0,0,0,0,0,8,7,8,0,1,0,0,0,0,0,0,0,0,0,0,1900544,0,1900544,3,4294397186138423788,0,0,0,0,0,0,0,0
layer,9,0,8,135,decode,19,8,6,2,713,276,159,81,2,0,2,807,8,4,0,0,0,0,0,0,60,lru,0,0,0,0,0,0,8,6,8,0,2,0,0,0,0,0,0,0,0,0,0,3801088,0,3801088,6,3797850060289924163,0,0,0,0,0,0,0,0
layer,9,0,8,135,decode,20,8,4,4,1672,536,151,133,2,0,2,1859,7,23,0,0,0,0,0,0,60,lru,0,0,0,0,0,0,8,4,8,0,4,0,0,0,0,0,0,0,0,0,0,7602176,0,7602176,12,4626246891390398488,0,0,0,0,0,0,0,0
layer,9,0,8,135,decode,21,8,7,1,376,101,167,19,1,0,1,445,7,4,0,0,0,0,0,0,60,lru,0,0,0,0,0,0,8,7,8,0,1,0,0,0,0,0,0,0,0,0,0,1900544,0,1900544,3,13522098140502796080,0,0,0,0,0,0,0,0
layer,9,0,8,135,decode,22,8,8,0,0,0,161,0,0,0,0,18,8,2,0,0,0,0,0,0,60,lru,0,0,0,0,0,0,8,8,8,0,0,0,0,0,0,0,0,0,0,0,0,0,0,0,0,9077293897511741392,0,0,0,0,0,0,0,0
layer,9,0,8,135,decode,23,8,4,4,1294,568,156,154,2,0,2,1488,8,25,0,0,0,0,0,0,60,lru,0,0,0,0,0,0,8,4,8,0,4,0,0,0,0,0,0,0,0,0,0,7602176,0,7602176,12,17165113650498531631,0,0,0,0,0,0,0,0
layer,9,0,8,135,decode,24,8,7,1,298,161,154,20,1,0,1,361,8,2,0,0,0,0,0,0,60,lru,0,0,0,0,0,0,8,7,8,0,1,0,0,0,0,0,0,0,0,0,0,1900544,0,1900544,3,5528112408869666161,0,0,0,0,0,0,0,0
layer,9,0,8,135,decode,25,8,7,1,356,158,162,25,1,0,1,439,8,16,0,0,0,0,0,0,60,lru,0,0,0,0,0,0,8,7,8,0,1,0,0,0,0,0,0,0,0,0,0,1900544,0,1900544,3,5528735021160992526,0,0,0,0,0,0,0,0
layer,9,0,8,135,decode,26,8,4,4,3350,552,139,113,1,0,1,3555,8,32,0,0,0,0,0,0,60,lru,0,0,0,0,0,0,8,4,8,0,4,0,0,0,0,0,0,0,0,0,0,7602176,0,7602176,12,1797920296175844642,0,0,0,0,0,0,0,0
layer,9,0,8,135,decode,27,8,4,4,9742,635,158,202,2,0,2,9955,8,20,0,0,0,0,0,0,60,lru,0,0,0,0,0,0,8,4,8,0,4,0,0,0,0,0,0,0,0,0,0,7602176,0,7602176,12,3349962317741404092,0,0,0,0,0,0,0,0
layer,9,0,8,135,decode,28,8,6,2,3635,291,152,47,2,0,2,3776,8,30,0,0,0,0,0,0,60,lru,0,0,0,0,0,0,8,6,8,0,2,0,0,0,0,0,0,0,0,0,0,3801088,0,3801088,6,18159410097378029887,0,0,0,0,0,0,0,0
layer,9,0,8,135,decode,29,8,5,3,11058,396,159,83,2,0,2,11208,8,20,0,0,0,0,0,0,60,lru,0,0,0,0,0,0,8,5,8,0,3,0,0,0,0,0,0,0,0,0,0,5701632,0,5701632,9,658892802405898656,0,0,0,0,0,0,0,0
layer,9,0,8,135,decode,30,8,8,0,0,0,159,0,0,0,0,18,8,2,0,0,0,0,0,0,60,lru,0,0,0,0,0,0,8,8,8,0,0,0,0,0,0,0,0,0,0,0,0,0,0,0,0,11153524001216942626,0,0,0,0,0,0,0,0
layer,9,0,8,135,decode,31,8,5,3,11098,609,160,82,2,0,2,11258,7,29,0,0,0,0,0,0,60,lru,0,0,0,0,0,0,8,5,8,0,3,0,0,0,0,0,0,0,0,0,0,5701632,0,5701632,9,11043407761051304829,0,0,0,0,0,0,0,0
layer,9,0,8,135,decode,32,8,5,3,11321,446,152,52,2,0,2,11473,8,24,0,0,0,0,0,0,60,lru,0,0,0,0,0,0,8,5,8,0,3,0,0,0,0,0,0,0,0,0,0,5701632,0,5701632,9,3170754579772526432,0,0,0,0,0,0,0,0
layer,9,0,8,135,decode,33,8,2,6,10794,763,155,216,1,0,1,11025,8,4,0,0,0,0,0,0,60,lru,0,0,0,0,0,0,8,2,8,0,6,0,0,0,0,0,0,0,0,0,0,11403264,0,11403264,18,1096828206140903151,0,0,0,0,0,0,0,0
layer,9,0,8,135,decode,34,8,7,1,4109,173,146,17,1,0,1,4169,8,3,0,0,0,0,0,0,60,lru,0,0,0,0,0,0,8,7,8,0,1,0,0,0,0,0,0,0,0,0,0,2039808,0,2039808,3,9983660702439725721,0,0,0,0,0,0,0,0
layer,9,0,8,135,decode,35,8,7,1,321,163,175,47,1,0,1,454,8,36,0,0,0,0,0,0,60,lru,0,0,0,0,0,0,8,7,8,0,1,0,0,0,0,0,0,0,0,0,0,1900544,0,1900544,3,9186746081147970089,0,0,0,0,0,0,0,0
layer,9,0,8,135,decode,36,8,6,2,738,298,153,44,2,0,2,851,8,16,0,0,0,0,0,0,60,lru,0,0,0,0,0,0,8,6,8,0,2,0,0,0,0,0,0,0,0,0,0,3801088,0,3801088,6,168553827873682714,0,0,0,0,0,0,0,0
layer,9,0,8,135,decode,37,8,4,4,6227,634,156,125,2,0,2,6420,8,27,0,0,0,0,0,0,60,lru,0,0,0,0,0,0,8,4,8,0,4,0,0,0,0,0,0,0,0,0,0,7602176,0,7602176,12,7207624911407760740,0,0,0,0,0,0,0,0
layer,9,0,8,135,decode,38,8,5,3,1183,431,142,104,3,0,3,1346,14,24,0,0,0,0,0,0,60,lru,0,0,0,0,0,0,8,5,8,0,3,0,1,0,0,0,0,0,0,0,0,6119424,0,6119424,9,1070291579223744423,0,0,0,0,0,0,0,0
layer,9,0,8,135,decode,39,8,3,5,11506,778,675,148,3,0,3,11754,8,27,0,0,0,0,0,0,60,lru,0,0,0,0,0,0,8,3,8,0,5,0,0,0,0,0,0,0,0,0,0,10199040,0,10199040,15,16930971845087780111,0,0,0,0,0,0,0,0
request,9,0,8,0,decode,-1,0,0,0,0,0,0,0,0,0,0,0,0,0,0,0,0,0,0,0,0,,134119,616,0,0,19,0,0,0,0,0,0,0,0,0,0,0,0,0,0,0,0,0,0,0,0,0,0,0,0,0,0,0,0,0
layer,10,0,9,136,decode,0,8,6,2,1658,298,153,39,3,0,3,1764,9,3,0,0,0,0,0,0,60,lru,0,0,0,0,0,0,8,6,8,0,2,0,0,0,0,0,0,0,0,0,0,3801088,0,3801088,6,256183304317158008,0,0,0,0,0,0,0,0
layer,10,0,9,136,decode,1,8,5,3,1091,431,158,85,4,0,4,1259,8,20,0,0,0,0,0,0,60,lru,0,0,0,0,0,0,8,5,8,0,3,0,0,0,0,0,0,0,0,0,0,5701632,0,5701632,9,4134088012697480474,0,0,0,0,0,0,0,0
layer,10,0,9,136,decode,2,8,6,2,710,274,143,80,4,0,4,836,8,18,0,0,0,0,0,0,60,lru,0,0,0,0,0,0,8,6,8,0,2,0,0,0,0,0,0,0,0,0,0,3801088,0,3801088,6,11054506302481276366,0,0,0,0,0,0,0,0
layer,10,0,9,136,decode,3,8,6,2,677,293,165,77,3,0,3,803,8,18,0,0,0,0,0,0,60,lru,0,0,0,0,0,0,8,6,8,0,2,0,0,0,0,0,0,0,0,0,0,3801088,0,3801088,6,1357185653351558521,0,0,0,0,0,0,0,0
layer,10,0,9,136,decode,4,8,6,2,810,243,164,82,4,0,4,941,8,29,0,0,0,0,0,0,60,lru,0,0,0,0,0,0,8,6,8,0,2,0,1,0,0,0,0,0,0,0,0,3801088,0,3801088,6,7876943170034613391,0,0,0,0,0,0,0,0
layer,10,0,9,136,decode,5,8,6,2,646,293,156,68,4,0,4,749,8,4,0,0,0,0,0,0,60,lru,0,0,0,0,0,0,8,6,8,0,2,0,0,0,0,0,0,0,0,0,0,3801088,0,3801088,6,17879656732256625828,0,0,0,0,0,0,0,0
layer,10,0,9,136,decode,6,8,8,0,0,0,160,0,0,0,0,19,8,2,0,0,0,0,0,0,60,lru,0,0,0,0,0,0,8,8,8,0,0,0,1,0,0,0,0,0,0,0,0,0,0,0,0,1904092008760804848,0,0,0,0,0,0,0,0
layer,10,0,9,136,decode,7,8,8,0,0,0,186,0,0,0,0,18,8,2,0,0,0,0,0,0,60,lru,0,0,0,0,0,0,8,8,8,0,0,0,0,0,0,0,0,0,0,0,0,0,0,0,0,1660091344714187752,0,0,0,0,0,0,0,0
layer,10,0,9,136,decode,8,8,8,0,0,0,173,0,0,0,0,17,8,2,0,0,0,0,0,0,60,lru,0,0,0,0,0,0,8,8,8,0,0,0,0,0,0,0,0,0,0,0,0,0,0,0,0,12283578057002322663,0,0,0,0,0,0,0,0
layer,10,0,9,136,decode,9,8,7,1,327,198,160,41,1,0,1,411,7,4,0,0,0,0,0,0,60,lru,0,0,0,0,0,0,8,7,8,0,1,0,0,0,0,0,0,0,0,0,0,1900544,0,1900544,3,10107830533395532044,0,0,0,0,0,0,0,0
layer,10,0,9,136,decode,10,8,8,0,0,0,158,0,0,0,0,18,8,2,0,0,0,0,0,0,60,lru,0,0,0,0,0,0,8,8,8,0,0,0,0,0,0,0,0,0,0,0,0,0,0,0,0,3901729132458621724,0,0,0,0,0,0,0,0
layer,10,0,9,136,decode,11,8,8,0,0,0,181,0,0,0,0,17,7,2,0,0,0,0,0,0,60,lru,0,0,0,0,0,0,8,8,8,0,0,0,0,0,0,0,0,0,0,0,0,0,0,0,0,13185845533284760550,0,0,0,0,0,0,0,0
layer,10,0,9,136,decode,12,8,8,0,0,0,172,0,0,0,0,16,7,2,0,0,0,0,0,0,60,lru,0,0,0,0,0,0,8,8,8,0,0,0,0,0,0,0,0,0,0,0,0,0,0,0,0,9657029993944277056,0,0,0,0,0,0,0,0
layer,10,0,9,136,decode,13,8,6,2,1714,267,159,48,2,0,2,1812,7,3,0,0,0,0,0,0,60,lru,0,0,0,0,0,0,8,6,8,0,2,0,0,0,0,0,0,0,0,0,0,3801088,0,3801088,6,464341378819426607,0,0,0,0,0,0,0,0
layer,10,0,9,136,decode,14,8,8,0,0,0,159,0,0,0,0,19,8,2,0,0,0,0,0,0,60,lru,0,0,0,0,0,0,8,8,8,0,0,0,0,0,0,0,0,0,0,0,0,0,0,0,0,15418123109660909935,0,0,0,0,0,0,0,0
layer,10,0,9,136,decode,15,8,8,0,0,0,180,0,0,0,0,17,7,2,0,0,0,0,0,0,60,lru,0,0,0,0,0,0,8,8,8,0,0,0,0,0,0,0,0,0,0,0,0,0,0,0,0,7172804628346935676,0,0,0,0,0,0,0,0
layer,10,0,9,136,decode,16,8,8,0,0,0,174,0,0,0,0,16,7,2,0,0,0,0,0,0,60,lru,0,0,0,0,0,0,8,8,8,0,0,0,0,0,0,0,0,0,0,0,0,0,0,0,0,11226013459689102582,0,0,0,0,0,0,0,0
layer,10,0,9,136,decode,17,8,8,0,0,0,179,0,0,0,0,16,7,2,0,0,0,0,0,0,60,lru,0,0,0,0,0,0,8,8,8,0,0,0,0,0,0,0,0,0,0,0,0,0,0,0,0,4958735092814997066,0,0,0,0,0,0,0,0
layer,10,0,9,136,decode,18,8,7,1,349,158,148,14,1,0,1,474,7,34,0,0,0,0,0,0,60,lru,0,0,0,0,0,0,8,7,8,0,1,0,0,0,0,0,0,0,0,0,0,1900544,0,1900544,3,440481565051333190,0,0,0,0,0,0,0,0
layer,10,0,9,136,decode,19,8,7,1,348,158,159,23,1,0,1,440,7,21,0,0,0,0,0,0,60,lru,0,0,0,0,0,0,8,7,8,0,1,0,0,0,0,0,0,0,0,0,0,1900544,0,1900544,3,3636914449266102055,0,0,0,0,0,0,0,0
layer,10,0,9,136,decode,20,8,6,2,685,289,153,72,2,0,2,816,8,28,0,0,0,0,0,0,60,lru,0,0,0,0,0,0,8,6,8,0,2,0,0,0,0,0,0,0,0,0,0,3801088,0,3801088,6,1481640695958228924,0,0,0,0,0,0,0,0
layer,10,0,9,136,decode,21,8,8,0,0,0,180,0,0,0,0,18,8,2,0,0,0,0,0,0,60,lru,0,0,0,0,0,0,8,8,8,0,0,0,0,0,0,0,0,0,0,0,0,0,0,0,0,6372748322243033036,0,0,0,0,0,0,0,0
layer,10,0,9,136,decode,22,8,7,1,336,189,144,50,1,0,1,451,8,30,0,0,0,0,0,0,60,lru,0,0,0,0,0,0,8,7,8,0,1,0,0,0,0,0,0,0,0,0,0,1900544,0,1900544,3,3883574391584390457,0,0,0,0,0,0,0,0
layer,10,0,9,136,decode,23,8,7,1,306,188,160,49,1,0,1,423,8,18,0,0,0,0,0,0,60,lru,0,0,0,0,0,0,8,7,8,0,1,0,0,0,0,0,0,0,0,0,0,1900544,0,1900544,3,16097460006470681003,0,0,0,0,0,0,0,0
layer,10,0,9,136,decode,24,8,8,0,0,0,173,0,0,0,0,18,8,2,0,0,0,0,0,0,60,lru,0,0,0,0,0,0,8,8,8,0,0,0,0,0,0,0,0,0,0,0,0,0,0,0,0,17982123898159918898,0,0,0,0,0,0,0,0
layer,10,0,9,136,decode,25,8,7,1,313,186,161,47,1,0,1,424,7,27,0,0,0,0,0,0,60,lru,0,0,0,0,0,0,8,7,8,0,1,0,0,0,0,0,0,0,0,0,0,1900544,0,1900544,3,11667471829715060801,0,0,0,0,0,0,0,0
layer,10,0,9,136,decode,26,8,8,0,0,0,157,0,0,0,0,18,8,2,0,0,0,0,0,0,60,lru,0,0,0,0,0,0,8,8,8,0,0,0,0,0,0,0,0,0,0,0,0,0,0,0,0,687042300089688261,0,0,0,0,0,0,0,0
layer,10,0,9,136,decode,27,8,8,0,0,0,181,0,0,0,0,16,7,2,0,0,0,0,0,0,60,lru,0,0,0,0,0,0,8,8,8,0,0,0,0,0,0,0,0,0,0,0,0,0,0,0,0,10197804202889524642,0,0,0,0,0,0,0,0
layer,10,0,9,136,decode,28,8,6,2,764,263,154,61,2,0,2,864,12,4,0,0,0,0,0,0,60,lru,0,0,0,0,0,0,8,6,8,0,2,0,0,0,0,0,0,0,0,0,0,3801088,0,3801088,6,862835602802075356,0,0,0,0,0,0,0,0
layer,10,0,9,136,decode,29,8,7,1,4423,267,159,32,1,0,1,4490,8,4,0,0,0,0,0,0,60,lru,0,0,0,0,0,0,8,7,8,0,1,0,0,0,0,0,0,0,0,0,0,1900544,0,1900544,3,8573648783834778450,0,0,0,0,0,0,0,0
layer,10,0,9,136,decode,30,8,7,1,4194,156,143,29,1,0,1,4256,8,3,0,0,0,0,0,0,60,lru,0,0,0,0,0,0,8,7,8,0,1,0,0,0,0,0,0,0,0,0,0,1900544,0,1900544,3,12225414343385928778,0,0,0,0,0,0,0,0
layer,10,0,9,136,decode,31,8,5,3,1591,401,161,106,2,0,2,1744,8,22,0,0,0,0,0,0,60,lru,0,0,0,0,0,0,8,5,8,0,3,0,0,0,0,0,0,0,0,0,0,5701632,0,5701632,9,3136707724217711122,0,0,0,0,0,0,0,0
layer,10,0,9,136,decode,32,8,8,0,0,0,176,0,0,0,0,18,8,2,0,0,0,0,0,0,60,lru,0,0,0,0,0,0,8,8,8,0,0,0,0,0,0,0,0,0,0,0,0,0,0,0,0,12363961511064630396,0,0,0,0,0,0,0,0
layer,10,0,9,136,decode,33,8,6,2,904,309,158,71,2,0,2,1032,8,19,0,0,0,0,0,0,60,lru,0,0,0,0,0,0,8,6,8,0,2,0,0,0,0,0,0,0,0,0,0,3801088,0,3801088,6,8792502867803693197,0,0,0,0,0,0,0,0
layer,10,0,9,136,decode,34,8,7,1,387,186,144,19,1,0,1,484,8,18,0,0,0,0,0,0,60,lru,0,0,0,0,0,0,8,7,8,0,1,0,0,0,0,0,0,0,0,0,0,2039808,0,2039808,3,12417754167355375309,0,0,0,0,0,0,0,0
layer,10,0,9,136,decode,35,8,6,2,5431,413,161,61,1,0,1,5529,8,9,0,0,0,0,0,0,60,lru,0,0,0,0,0,0,8,6,8,0,2,0,0,0,0,0,0,0,0,0,0,3801088,0,3801088,6,11977729599320737797,0,0,0,0,0,0,0,0
layer,10,0,9,136,decode,36,8,6,2,815,289,152,68,2,0,2,950,8,15,0,0,0,0,0,0,60,lru,0,0,0,0,0,0,8,6,8,0,2,0,1,0,0,0,0,0,0,0,0,3801088,0,3801088,6,14295789920659678292,0,0,0,0,0,0,0,0
layer,10,0,9,136,decode,37,8,5,3,1105,386,158,109,2,0,2,1261,7,17,0,0,0,0,0,0,60,lru,0,0,0,0,0,0,8,5,8,0,3,0,0,0,0,0,0,0,0,0,0,5701632,0,5701632,9,12335130773298991040,0,0,0,0,0,0,0,0
layer,10,0,9,136,decode,38,8,5,3,1936,414,144,86,2,0,2,2100,8,29,0,0,0,0,0,0,60,lru,0,0,0,0,0,0,8,5,8,0,3,0,0,0,0,0,0,0,0,0,0,6119424,0,6119424,9,11792382779347442684,0,0,0,0,0,0,0,0
layer,10,0,9,136,decode,39,8,7,1,4190,173,676,12,1,0,1,4291,8,29,0,0,0,0,0,0,60,lru,0,0,0,0,0,0,8,7,8,0,1,0,0,0,0,0,0,0,0,0,0,2039808,0,2039808,3,16832519235363412535,0,0,0,0,0,0,0,0
request,10,0,9,0,decode,-1,0,0,0,0,0,0,0,0,0,0,0,0,0,0,0,0,0,0,0,0,,48008,435,0,0,17,0,0,0,0,0,0,0,0,0,0,0,0,0,0,0,0,0,0,0,0,0,0,0,0,0,0,0,0,0
layer,11,0,10,137,decode,0,8,7,1,362,186,153,31,3,0,3,443,10,11,0,0,0,0,0,0,60,lru,0,0,0,0,0,0,8,7,8,0,1,0,1,0,0,0,0,0,0,0,0,1900544,0,1900544,3,13752061682182859772,0,0,0,0,0,0,0,0
layer,11,0,10,137,decode,1,8,6,2,716,291,161,83,4,0,4,857,8,22,0,0,0,0,0,0,60,lru,0,0,0,0,0,0,8,6,8,0,2,0,0,0,0,0,0,0,0,0,0,3801088,0,3801088,6,3671770091983518084,0,0,0,0,0,0,0,0
layer,11,0,10,137,decode,2,8,4,4,1474,543,142,162,4,0,4,1653,8,10,0,0,0,0,0,0,60,lru,0,0,0,0,0,0,8,4,8,0,4,0,1,0,0,0,0,0,0,0,0,7602176,0,7602176,12,9502492281645903271,0,0,0,0,0,0,0,0
layer,11,0,10,137,decode,3,8,4,4,5008,606,157,211,3,0,3,5211,8,28,0,0,0,0,0,0,60,lru,0,0,0,0,0,0,8,4,8,0,4,0,1,0,0,0,0,0,0,0,0,7602176,0,7602176,12,9784137220707317288,0,0,0,0,0,0,0,0
layer,11,0,10,137,decode,4,8,5,3,7131,389,154,83,4,0,4,7292,7,16,0,0,0,0,0,0,60,lru,0,0,0,0,0,0,8,5,8,0,3,0,0,0,0,0,0,0,0,0,0,5701632,0,5701632,9,3162804470617996141,0,0,0,0,0,0,0,0
layer,11,0,10,137,decode,5,8,6,2,789,274,163,69,4,0,4,910,10,15,0,0,0,0,0,0,60,lru,0,0,0,0,0,0,8,6,8,0,2,0,1,0,0,0,0,0,0,0,0,3801088,0,3801088,6,5209220739066450078,0,0,0,0,0,0,0,0
layer,11,0,10,137,decode,6,8,7,1,398,169,145,33,3,0,3,482,7,13,0,0,0,0,0,0,60,lru,0,0,0,0,0,0,8,7,8,0,1,0,1,0,0,0,0,0,0,0,0,1900544,0,1900544,3,3897460784983115726,0,0,0,0,0,0,0,0
layer,11,0,10,137,decode,7,8,7,1,331,185,161,33,3,0,3,426,8,19,0,0,0,0,0,0,60,lru,0,0,0,0,0,0,8,7,8,0,1,0,0,0,0,0,0,0,0,0,0,1900544,0,1900544,3,10441621081237985884,0,0,0,0,0,0,0,0
layer,11,0,10,137,decode,8,8,6,2,2808,214,160,70,4,0,4,2918,8,2,0,0,0,0,0,0,60,lru,0,0,0,0,0,0,8,6,8,0,2,0,0,0,0,0,0,0,0,0,0,3801088,0,3801088,6,13708950532611813882,0,0,0,0,0,0,0,0
layer,11,0,10,137,decode,9,8,8,0,0,0,179,0,0,0,0,18,8,2,0,0,0,0,0,0,60,lru,0,0,0,0,0,0,8,8,8,0,0,0,1,0,0,0,0,0,0,0,0,0,0,0,0,4495025657307624376,0,0,0,0,0,0,0,0
layer,11,0,10,137,decode,10,8,7,1,2233,126,144,25,1,0,1,2291,8,2,0,0,0,0,0,0,60,lru,0,0,0,0,0,0,8,7,8,0,1,0,0,0,0,0,0,0,0,0,0,1900544,0,1900544,3,4557210866926226125,0,0,0,0,0,0,0,0
layer,11,0,10,137,decode,11,8,6,2,7147,373,161,88,2,0,2,7299,8,26,0,0,0,0,0,0,60,lru,0,0,0,0,0,0,8,6,8,0,2,0,0,0,0,0,0,0,0,0,0,3801088,0,3801088,6,1691102136812413906,0,0,0,0,0,0,0,0
layer,11,0,10,137,decode,12,8,8,0,0,0,173,0,0,0,0,18,8,2,0,0,0,0,0,0,60,lru,0,0,0,0,0,0,8,8,8,0,0,0,1,0,0,0,0,0,0,0,0,0,0,0,0,12997929092757780834,0,0,0,0,0,0,0,0
layer,11,0,10,137,decode,13,8,6,2,5435,232,165,71,2,0,2,5552,7,18,0,0,0,0,0,0,60,lru,0,0,0,0,0,0,8,6,8,0,2,0,0,0,0,0,0,0,0,0,0,3801088,0,3801088,6,9034438458927865456,0,0,0,0,0,0,0,0
layer,11,0,10,137,decode,14,8,7,1,331,161,144,36,1,0,1,441,8,35,0,0,0,0,0,0,60,lru,0,0,0,0,0,0,8,7,8,0,1,0,0,0,0,0,0,0,0,0,0,1900544,0,1900544,3,17170889658984669062,0,0,0,0,0,0,0,0
layer,11,0,10,137,decode,15,8,7,1,317,167,161,43,1,0,1,381,8,3,0,0,0,0,0,0,60,lru,0,0,0,0,0,0,8,7,8,0,1,0,0,0,0,0,0,0,0,0,0,1900544,0,1900544,3,5412050933553075746,0,0,0,0,0,0,0,0
layer,11,0,10,137,decode,16,8,7,1,305,156,154,38,1,0,1,401,8,18,0,0,0,0,0,0,60,lru,0,0,0,0,0,0,8,7,8,0,1,0,0,0,0,0,0,0,0,0,0,1900544,0,1900544,3,11974962715807655381,0,0,0,0,0,0,0,0
layer,11,0,10,137,decode,17,8,7,1,299,171,161,30,1,0,1,364,8,3,0,0,0,0,0,0,60,lru,0,0,0,0,0,0,8,7,8,0,1,0,1,0,0,0,0,0,0,0,0,1900544,0,1900544,3,10794085220456199734,0,0,0,0,0,0,0,0
layer,11,0,10,137,decode,18,8,8,0,0,0,158,0,0,0,0,18,8,2,0,0,0,0,0,0,60,lru,0,0,0,0,0,0,8,8,8,0,0,0,0,0,0,0,0,0,0,0,0,0,0,0,0,15799263491683995394,0,0,0,0,0,0,0,0
layer,11,0,10,137,decode,19,8,7,1,345,159,160,43,1,0,1,437,7,19,0,0,0,0,0,0,60,lru,0,0,0,0,0,0,8,7,8,0,1,0,0,0,0,0,0,0,0,0,0,1900544,0,1900544,3,17988190696867751455,0,0,0,0,0,0,0,0
layer,11,0,10,137,decode,20,8,6,2,656,298,152,68,2,0,2,796,7,39,0,0,0,0,0,0,60,lru,0,0,0,0,0,0,8,6,8,0,2,0,0,0,0,0,0,0,0,0,0,3801088,0,3801088,6,4900092950834999578,0,0,0,0,0,0,0,0
layer,11,0,10,137,decode,21,8,8,0,0,0,180,0,0,0,0,17,7,2,0,0,0,0,0,0,60,lru,0,0,0,0,0,0,8,8,8,0,0,0,1,0,0,0,0,0,0,0,0,0,0,0,0,11927863681752624834,0,0,0,0,0,0,0,0
layer,11,0,10,137,decode,22,8,7,1,282,204,144,24,1,0,1,341,7,4,0,0,0,0,0,0,60,lru,0,0,0,0,0,0,8,7,8,0,1,0,0,0,0,0,0,0,0,0,0,1900544,0,1900544,3,10061796546347833215,0,0,0,0,0,0,0,0
layer,11,0,10,137,decode,23,8,7,1,260,192,159,52,1,0,1,370,8,39,0,0,0,0,0,0,60,lru,0,0,0,0,0,0,8,7,8,0,1,0,0,0,0,0,0,0,0,0,0,1900544,0,1900544,3,7040921833537564862,0,0,0,0,0,0,0,0
layer,11,0,10,137,decode,24,8,8,0,0,0,174,0,0,0,0,18,8,2,0,0,0,0,0,0,60,lru,0,0,0,0,0,0,8,8,8,0,0,0,0,0,0,0,0,0,0,0,0,0,0,0,0,5071179296124846802,0,0,0,0,0,0,0,0
layer,11,0,10,137,decode,25,8,6,2,1112,261,159,61,2,0,2,1237,8,23,0,0,0,0,0,0,60,lru,0,0,0,0,0,0,8,6,8,0,2,0,0,0,0,0,0,0,0,0,0,3801088,0,3801088,6,4927969956705875744,0,0,0,0,0,0,0,0
layer,11,0,10,137,decode,26,8,7,1,346,155,143,40,1,0,1,448,8,35,0,0,0,0,0,0,60,lru,0,0,0,0,0,0,8,7,8,0,1,0,1,0,0,0,0,0,0,0,0,1900544,0,1900544,3,15018021186249731840,0,0,0,0,0,0,0,0
layer,11,0,10,137,decode,27,8,7,1,5428,174,161,17,1,0,1,5487,8,2,0,0,0,0,0,0,60,lru,0,0,0,0,0,0,8,7,8,0,1,0,0,0,0,0,0,0,0,0,0,1900544,0,1900544,3,2518858018718407975,0,0,0,0,0,0,0,0
layer,11,0,10,137,decode,28,8,8,0,0,0,174,0,0,0,0,18,8,2,0,0,0,0,0,0,60,lru,0,0,0,0,0,0,8,8,8,0,0,0,0,0,0,0,0,0,0,0,0,0,0,0,0,5095912132651774936,0,0,0,0,0,0,0,0
layer,11,0,10,137,decode,29,8,7,1,4136,175,160,21,1,0,1,4192,8,2,0,0,0,0,0,0,60,lru,0,0,0,0,0,0,8,7,8,0,1,0,0,0,0,0,0,0,0,0,0,1900544,0,1900544,3,3339611026600156272,0,0,0,0,0,0,0,0
layer,11,0,10,137,decode,30,8,6,2,7315,400,141,50,2,0,2,7453,8,23,0,0,0,0,0,0,60,lru,0,0,0,0,0,0,8,6,8,0,2,0,0,0,0,0,0,0,0,0,0,3801088,0,3801088,6,8796630222680208867,0,0,0,0,0,0,0,0
layer,11,0,10,137,decode,31,8,3,5,9685,572,158,161,2,0,2,9892,8,2,0,0,0,0,0,0,60,lru,0,0,0,0,0,0,8,3,8,0,5,0,0,0,0,0,0,0,0,0,0,9502720,0,9502720,15,11407963209129881544,0,0,0,0,0,0,0,0
layer,11,0,10,137,decode,32,8,7,1,368,157,154,35,1,0,1,443,8,7,0,0,0,0,0,0,60,lru,0,0,0,0,0,0,8,7,8,0,1,0,1,0,0,0,0,0,0,0,0,1900544,0,1900544,3,15384330664642553468,0,0,0,0,0,0,0,0
layer,11,0,10,137,decode,33,8,6,2,766,266,159,61,2,0,2,899,8,30,0,0,0,0,0,0,60,lru,0,0,0,0,0,0,8,6,8,0,2,0,0,0,0,0,0,0,0,0,0,3801088,0,3801088,6,9294837972055209873,0,0,0,0,0,0,0,0
layer,11,0,10,137,decode,34,8,4,4,1457,557,143,171,2,0,2,1668,8,29,0,0,0,0,0,0,60,lru,0,0,0,0,0,0,8,4,8,0,4,0,1,0,0,0,0,0,0,0,0,8159232,0,8159232,12,12015607263444812177,0,0,0,0,0,0,0,0
layer,11,0,10,137,decode,35,8,6,2,589,318,159,84,2,0,2,682,8,3,0,0,0,0,0,0,60,lru,0,0,0,0,0,0,8,6,8,0,2,0,0,0,0,0,0,0,0,0,0,3801088,0,3801088,6,3667821792527153563,0,0,0,0,0,0,0,0
layer,11,0,10,137,decode,36,8,7,1,4581,312,154,38,2,0,2,4687,8,32,0,0,0,0,0,0,60,lru,0,0,0,0,0,0,8,7,8,0,1,0,1,0,0,0,0,0,0,0,0,1900544,0,1900544,3,13450369065003021660,0,0,0,0,0,0,0,0
layer,11,0,10,137,decode,37,8,5,3,4679,427,157,104,2,0,2,4822,7,17,0,0,0,0,0,0,60,lru,0,0,0,0,0,0,8,5,8,0,3,0,0,0,0,0,0,0,0,0,0,5701632,0,5701632,9,18107390613545277583,0,0,0,0,0,0,0,0
layer,11,0,10,137,decode,38,8,7,1,335,173,146,54,1,0,1,441,8,31,0,0,0,0,0,0,60,lru,0,0,0,0,0,0,8,7,8,0,1,0,0,0,0,0,0,0,0,0,0,2039808,0,2039808,3,4023038026040428773,0,0,0,0,0,0,0,0
layer,11,0,10,137,decode,39,8,6,2,887,307,676,52,2,0,2,1026,8,30,0,0,0,0,0,0,60,lru,0,0,0,0,0,0,8,6,8,0,2,0,0,0,0,0,0,0,0,0,0,4079616,0,4079616,6,13251926240262467553,0,0,0,0,0,0,0,0
request,11,0,10,0,decode,-1,0,0,0,0,0,0,0,0,0,0,0,0,0,0,0,0,0,0,0,0,,91902,507,0,0,15,0,0,0,0,0,0,0,0,0,0,0,0,0,0,0,0,0,0,0,0,0,0,0,0,0,0,0,0,0
layer,12,0,11,138,decode,0,8,6,2,730,292,153,68,4,0,4,879,10,22,0,0,0,0,0,0,60,lru,0,0,0,0,0,0,8,6,8,0,2,0,0,0,0,0,0,0,0,0,0,3801088,0,3801088,6,2925420408621948646,0,0,0,0,0,0,0,0
layer,12,0,11,138,decode,1,8,6,2,687,272,159,72,3,0,3,812,8,14,0,0,0,0,0,0,60,lru,0,0,0,0,0,0,8,6,8,0,2,0,1,0,0,0,0,0,0,0,0,3801088,0,3801088,6,9887708508919463289,0,0,0,0,0,0,0,0
layer,12,0,11,138,decode,2,8,5,3,4276,471,142,131,4,0,4,4433,8,18,0,0,0,0,0,0,60,lru,0,0,0,0,0,0,8,5,8,0,3,0,0,0,0,0,0,0,0,0,0,5701632,0,5701632,9,17354080079687561022,0,0,0,0,0,0,0,0
layer,12,0,11,138,decode,3,8,8,0,0,0,182,0,0,0,0,21,8,2,0,0,0,0,0,0,60,lru,0,0,0,0,0,0,8,8,8,0,0,0,1,0,0,0,0,0,0,0,0,0,0,0,0,804467492284404381,0,0,0,0,0,0,0,0
layer,12,0,11,138,decode,4,8,7,1,594,179,154,23,2,0,2,690,7,21,0,0,0,0,0,0,60,lru,0,0,0,0,0,0,8,7,8,0,1,0,0,0,0,0,0,0,0,0,0,1900544,0,1900544,3,376835580367821545,0,0,0,0,0,0,0,0
layer,12,0,11,138,decode,5,8,5,3,2879,385,156,105,3,0,3,3071,8,34,0,0,0,0,0,0,60,lru,0,0,0,0,0,0,8,5,8,0,3,0,0,0,0,0,0,0,0,0,0,5701632,0,5701632,9,7782803973760838238,0,0,0,0,0,0,0,0
layer,12,0,11,138,decode,6,8,5,3,6073,397,142,91,4,0,4,6200,8,3,0,0,0,0,0,0,60,lru,0,0,0,0,0,0,8,5,8,0,3,0,1,0,0,0,0,0,0,0,0,5701632,0,5701632,9,5807734445174405187,0,0,0,0,0,0,0,0
layer,12,0,11,138,decode,7,8,7,1,329,184,162,33,3,0,3,435,7,21,0,0,0,0,0,0,60,lru,0,0,0,0,0,0,8,7,8,0,1,0,1,0,0,0,0,0,0,0,0,1900544,0,1900544,3,9059665023185837923,0,0,0,0,0,0,0,0
layer,12,0,11,138,decode,8,8,8,0,0,0,174,0,0,0,0,19,8,2,0,0,0,0,0,0,60,lru,0,0,0,0,0,0,8,8,8,0,0,0,0,0,0,0,0,0,0,0,0,0,0,0,0,9584337223041354751,0,0,0,0,0,0,0,0
layer,12,0,11,138,decode,9,8,8,0,0,0,181,0,0,0,0,16,7,2,0,0,0,0,0,0,60,lru,0,0,0,0,0,0,8,8,8,0,0,0,0,0,0,0,0,0,0,0,0,0,0,0,0,17635141348441040057,0,0,0,0,0,0,0,0
layer,12,0,11,138,decode,10,8,7,1,338,190,143,53,1,0,1,451,8,36,0,0,0,0,0,0,60,lru,0,0,0,0,0,0,8,7,8,0,1,0,0,0,0,0,0,0,0,0,0,1900544,0,1900544,3,3049752565942236276,0,0,0,0,0,0,0,0
layer,12,0,11,138,decode,11,8,4,4,1671,515,158,130,2,0,2,1864,8,31,0,0,0,0,0,0,60,lru,0,0,0,0,0,0,8,4,8,0,4,0,0,0,0,0,0,0,0,0,0,7602176,0,7602176,12,4539629512384614638,0,0,0,0,0,0,0,0
layer,12,0,11,138,decode,12,8,7,1,313,150,157,44,1,0,1,428,8,30,0,0,0,0,0,0,60,lru,0,0,0,0,0,0,8,7,8,0,1,0,0,0,0,0,0,0,0,0,0,1900544,0,1900544,3,15495205941748032204,0,0,0,0,0,0,0,0
layer,12,0,11,138,decode,13,8,7,1,320,162,170,73,1,0,1,454,8,30,0,0,0,0,0,0,60,lru,0,0,0,0,0,0,8,7,8,0,1,0,0,0,0,0,0,0,0,0,0,1900544,0,1900544,3,2420161764345620667,0,0,0,0,0,0,0,0
layer,12,0,11,138,decode,14,8,8,0,0,0,159,0,0,0,0,18,8,2,0,0,0,0,0,0,60,lru,0,0,0,0,0,0,8,8,8,0,0,0,0,0,0,0,0,0,0,0,0,0,0,0,0,3110163408323819532,0,0,0,0,0,0,0,0
layer,12,0,11,138,decode,15,8,7,1,322,105,167,40,1,0,1,390,8,2,0,0,0,0,0,0,60,lru,0,0,0,0,0,0,8,7,8,0,1,0,0,0,0,0,0,0,0,0,0,1900544,0,1900544,3,752374720699047118,0,0,0,0,0,0,0,0
layer,12,0,11,138,decode,16,8,5,3,983,399,152,92,2,0,2,1150,8,24,0,0,0,0,0,0,60,lru,0,0,0,0,0,0,8,5,8,0,3,0,0,0,0,0,0,0,0,0,0,5701632,0,5701632,9,330541059587125001,0,0,0,0,0,0,0,0
layer,12,0,11,138,decode,17,8,6,2,650,299,159,91,2,0,2,795,8,38,0,0,0,0,0,0,60,lru,0,0,0,0,0,0,8,6,8,0,2,0,0,0,0,0,0,0,0,0,0,3801088,0,3801088,6,695229829491849715,0,0,0,0,0,0,0,0
layer,12,0,11,138,decode,18,8,7,1,391,174,142,28,1,0,1,454,8,3,0,0,0,0,0,0,60,lru,0,0,0,0,0,0,8,7,8,0,1,0,0,0,0,0,0,0,0,0,0,1900544,0,1900544,3,14258693106952246754,0,0,0,0,0,0,0,0
layer,12,0,11,138,decode,19,8,6,2,814,289,160,76,2,0,2,950,8,34,0,0,0,0,0,0,60,lru,0,0,0,0,0,0,8,6,8,0,2,0,0,0,0,0,0,0,0,0,0,3801088,0,3801088,6,14762968802316151021,0,0,0,0,0,0,0,0
layer,12,0,11,138,decode,20,8,8,0,0,0,174,0,0,0,0,18,8,2,0,0,0,0,0,0,60,lru,0,0,0,0,0,0,8,8,8,0,0,0,0,0,0,0,0,0,0,0,0,0,0,0,0,13473855817300433707,0,0,0,0,0,0,0,0
layer,12,0,11,138,decode,21,8,7,1,411,155,159,37,1,0,1,504,7,14,0,0,0,0,0,0,60,lru,0,0,0,0,0,0,8,7,8,0,1,0,0,0,0,0,0,0,0,0,0,1900544,0,1900544,3,14008773866500702670,0,0,0,0,0,0,0,0
layer,12,0,11,138,decode,22,8,3,5,2021,683,142,165,2,0,2,2215,8,4,0,0,0,0,0,0,60,lru,0,0,0,0,0,0,8,3,8,0,5,0,0,0,0,0,0,0,0,0,0,9502720,0,9502720,15,14306507909075216808,0,0,0,0,0,0,0,0
layer,12,0,11,138,decode,23,8,4,4,1413,521,156,139,2,0,2,1585,8,10,0,0,0,0,0,0,60,lru,0,0,0,0,0,0,8,4,8,0,4,0,0,0,0,0,0,0,0,0,0,7602176,0,7602176,12,16172545035234477482,0,0,0,0,0,0,0,0
layer,12,0,11,138,decode,24,8,5,3,1109,390,152,75,2,0,2,1284,8,32,0,0,0,0,0,0,60,lru,0,0,0,0,0,0,8,5,8,0,3,0,0,0,0,0,0,0,0,0,0,5701632,0,5701632,9,7004085966657504098,0,0,0,0,0,0,0,0
layer,12,0,11,138,decode,25,8,4,4,1441,553,159,141,2,0,2,1634,8,22,0,0,0,0,0,0,60,lru,0,0,0,0,0,0,8,4,8,0,4,0,0,0,0,0,0,0,0,0,0,7602176,0,7602176,12,2373178049013238061,0,0,0,0,0,0,0,0
layer,12,0,11,138,decode,26,8,5,3,1109,399,141,126,2,0,2,1278,8,31,0,0,0,0,0,0,60,lru,0,0,0,0,0,0,8,5,8,0,3,0,0,0,0,0,0,0,0,0,0,5701632,0,5701632,9,10547415517827096547,0,0,0,0,0,0,0,0
layer,12,0,11,138,decode,27,8,5,3,2267,440,161,112,2,0,2,2404,8,6,0,0,0,0,0,0,60,lru,0,0,0,0,0,0,8,5,8,0,3,0,0,0,0,0,0,0,0,0,0,5701632,0,5701632,9,2953052275567158045,0,0,0,0,0,0,0,0
layer,12,0,11,138,decode,28,8,6,2,780,276,154,69,2,0,2,886,8,6,0,0,0,0,0,0,60,lru,0,0,0,0,0,0,8,6,8,0,2,0,0,0,0,0,0,0,0,0,0,3801088,0,3801088,6,4662998291842586357,0,0,0,0,0,0,0,0
layer,12,0,11,138,decode,29,8,7,1,353,159,159,24,1,0,1,429,7,3,0,0,0,0,0,0,60,lru,0,0,0,0,0,0,8,7,8,0,1,0,0,0,0,0,0,0,0,0,0,1900544,0,1900544,3,3497900685755670332,0,0,0,0,0,0,0,0
layer,12,0,11,138,decode,30,8,5,3,1002,401,142,112,2,0,2,1166,8,30,0,0,0,0,0,0,60,lru,0,0,0,0,0,0,8,5,8,0,3,0,0,0,0,0,0,0,0,0,0,5701632,0,5701632,9,563275370940070350,0,0,0,0,0,0,0,0
layer,12,0,11,138,decode,31,8,6,2,841,302,161,71,2,0,2,973,8,21,0,0,0,0,0,0,60,lru,0,0,0,0,0,0,8,6,8,0,2,0,1,0,0,0,0,0,0,0,0,3801088,0,3801088,6,16954764596290754365,0,0,0,0,0,0,0,0
layer,12,0,11,138,decode,32,8,6,2,753,301,153,96,2,0,2,893,8,29,0,0,0,0,0,0,60,lru,0,0,0,0,0,0,8,6,8,0,2,0,0,0,0,0,0,0,0,0,0,3801088,0,3801088,6,15729722731331330040,0,0,0,0,0,0,0,0
layer,12,0,11,138,decode,33,8,8,0,0,0,180,0,0,0,0,18,8,2,0,0,0,0,0,0,60,lru,0,0,0,0,0,0,8,8,8,0,0,0,0,0,0,0,0,0,0,0,0,0,0,0,0,1893070227974133027,0,0,0,0,0,0,0,0
layer,12,0,11,138,decode,34,8,5,3,1257,416,143,103,2,0,2,1414,8,19,0,0,0,0,0,0,60,lru,0,0,0,0,0,0,8,5,8,0,3,0,0,0,0,0,0,0,0,0,0,6119424,0,6119424,9,5604066476584550301,0,0,0,0,0,0,0,0
layer,12,0,11,138,decode,35,8,7,1,353,167,161,24,1,0,1,460,8,36,0,0,0,0,0,0,60,lru,0,0,0,0,0,0,8,7,8,0,1,0,1,0,0,0,0,0,0,0,0,1900544,0,1900544,3,3526371594911186599,0,0,0,0,0,0,0,0
layer,12,0,11,138,decode,36,8,7,1,333,174,154,35,1,0,1,394,8,2,0,0,0,0,0,0,60,lru,0,0,0,0,0,0,8,7,8,0,1,0,0,0,0,0,0,0,0,0,0,1900544,0,1900544,3,14851266979842628585,0,0,0,0,0,0,0,0
layer,12,0,11,138,decode,37,8,7,1,302,169,159,33,1,0,1,380,8,14,0,0,0,0,0,0,60,lru,0,0,0,0,0,0,8,7,8,0,1,0,0,0,0,0,0,0,0,0,0,1900544,0,1900544,3,3343422524409351015,0,0,0,0,0,0,0,0
layer,12,0,11,138,decode,38,8,7,1,1247,172,145,23,2,0,2,1342,10,27,0,0,0,0,0,0,60,lru,0,0,0,0,0,0,8,7,8,0,1,0,0,0,0,0,0,0,0,0,0,2039808,0,2039808,3,15340493040662021577,0,0,0,0,0,0,0,0
layer,12,0,11,138,decode,39,8,4,4,4264,546,676,129,2,0,2,4443,8,18,0,0,0,0,0,0,60,lru,0,0,0,0,0,0,8,4,8,0,4,0,0,0,0,0,0,0,0,0,0,8159232,0,8159232,12,1243765188256696683,0,0,0,0,0,0,0,0
request,12,0,11,0,decode,-1,0,0,0,0,0,0,0,0,0,0,0,0,0,0,0,0,0,0,0,0,,56735,556,0,0,17,0,0,0,0,0,0,0,0,0,0,0,0,0,0,0,0,0,0,0,0,0,0,0,0,0,0,0,0,0
layer,13,0,12,139,decode,0,8,5,3,1123,432,152,91,4,0,4,1293,9,32,0,0,0,0,0,0,60,lru,0,0,0,0,0,0,8,5,8,0,3,0,0,0,0,0,0,0,0,0,0,5701632,0,5701632,9,2804010877015530291,0,0,0,0,0,0,0,0
layer,13,0,12,139,decode,1,8,6,2,668,299,158,97,4,0,4,808,8,31,0,0,0,0,0,0,60,lru,0,0,0,0,0,0,8,6,8,0,2,0,1,0,0,0,0,0,0,0,0,3801088,0,3801088,6,4164039026231820360,0,0,0,0,0,0,0,0
layer,13,0,12,139,decode,2,8,5,3,1098,424,141,126,4,0,4,1261,8,25,0,0,0,0,0,0,60,lru,0,0,0,0,0,0,8,5,8,0,3,0,0,0,0,0,0,0,0,0,0,5701632,0,5701632,9,16993919656250510382,0,0,0,0,0,0,0,0
layer,13,0,12,139,decode,3,8,4,4,1370,522,157,102,3,0,3,1531,8,4,0,0,0,0,0,0,60,lru,0,0,0,0,0,0,8,4,8,0,4,0,3,0,0,0,0,0,0,0,0,7602176,0,7602176,12,1552387406335549968,0,0,0,0,0,0,0,0
layer,13,0,12,139,decode,4,8,7,1,524,157,154,28,3,0,3,600,8,2,0,0,0,0,0,0,60,lru,0,0,0,0,0,0,8,7,8,0,1,0,1,0,0,0,0,0,0,0,0,1900544,0,1900544,3,16776294665188527234,0,0,0,0,0,0,0,0
layer,13,0,12,139,decode,5,8,6,2,6639,223,159,32,3,0,3,6734,8,4,0,0,0,0,0,0,60,lru,0,0,0,0,0,0,8,6,8,0,2,0,1,0,0,0,0,0,0,0,0,3801088,0,3801088,6,292238580928992469,0,0,0,0,0,0,0,0
layer,13,0,12,139,decode,6,8,2,6,9951,801,140,205,4,0,4,10216,8,23,0,0,0,0,0,0,60,lru,0,0,0,0,0,0,8,2,8,0,6,0,0,0,0,0,0,0,0,0,0,11403264,0,11403264,18,9164662320920743098,0,0,0,0,0,0,0,0
layer,13,0,12,139,decode,7,8,3,5,12311,735,159,192,4,0,4,12559,8,36,0,0,0,0,0,0,60,lru,0,0,0,0,0,0,8,3,8,0,5,0,1,0,0,0,0,0,0,0,0,9502720,0,9502720,15,8363623220503140001,0,0,0,0,0,0,0,0
layer,13,0,12,139,decode,8,8,7,1,3765,151,154,29,3,0,3,3841,7,4,0,0,0,0,0,0,60,lru,0,0,0,0,0,0,8,7,8,0,1,0,1,0,0,0,0,0,0,0,0,1900544,0,1900544,3,5414371520695848725,0,0,0,0,0,0,0,0
layer,13,0,12,139,decode,9,8,8,0,0,0,179,0,0,0,0,18,8,2,0,0,0,0,0,0,60,lru,0,0,0,0,0,0,8,8,8,0,0,0,0,0,0,0,0,0,0,0,0,0,0,0,0,15742495314976161404,0,0,0,0,0,0,0,0
layer,13,0,12,139,decode,10,8,5,3,5397,375,142,114,2,0,2,5547,8,13,0,0,0,0,0,0,60,lru,0,0,0,0,0,0,8,5,8,0,3,0,0,0,0,0,0,0,0,0,0,5701632,0,5701632,9,17211525240165081981,0,0,0,0,0,0,0,0
layer,13,0,12,139,decode,11,8,7,1,336,174,159,16,1,0,1,422,8,13,0,0,0,0,0,0,60,lru,0,0,0,0,0,0,8,7,8,0,1,0,0,0,0,0,0,0,0,0,0,1900544,0,1900544,3,10921424590207672496,0,0,0,0,0,0,0,0
layer,13,0,12,139,decode,12,8,7,1,325,192,154,17,1,0,1,417,8,18,0,0,0,0,0,0,60,lru,0,0,0,0,0,0,8,7,8,0,1,0,0,0,0,0,0,0,0,0,0,1900544,0,1900544,3,5210724411706444136,0,0,0,0,0,0,0,0
layer,13,0,12,139,decode,13,8,7,1,5603,282,159,18,1,0,1,5682,8,11,0,0,0,0,0,0,60,lru,0,0,0,0,0,0,8,7,8,0,1,0,0,0,0,0,0,0,0,0,0,1900544,0,1900544,3,327674040332826121,0,0,0,0,0,0,0,0
layer,13,0,12,139,decode,14,8,8,0,0,0,159,0,0,0,0,17,8,2,0,0,0,0,0,0,60,lru,0,0,0,0,0,0,8,8,8,0,0,0,0,0,0,0,0,0,0,0,0,0,0,0,0,17414570282029139320,0,0,0,0,0,0,0,0
layer,13,0,12,139,decode,15,8,6,2,900,253,158,65,2,0,2,1006,7,6,0,0,0,0,0,0,60,lru,0,0,0,0,0,0,8,6,8,0,2,0,0,0,0,0,0,0,0,0,0,3801088,0,3801088,6,15160681020633209173,0,0,0,0,0,0,0,0
layer,13,0,12,139,decode,16,8,8,0,0,0,174,0,0,0,0,18,8,2,0,0,0,0,0,0,60,lru,0,0,0,0,0,0,8,8,8,0,0,0,0,0,0,0,0,0,0,0,0,0,0,0,0,13784008458887917170,0,0,0,0,0,0,0,0
layer,13,0,12,139,decode,17,8,5,3,6027,384,160,90,2,0,2,6154,7,2,0,0,0,0,0,0,60,lru,0,0,0,0,0,0,8,5,8,0,3,0,0,0,0,0,0,0,0,0,0,5701632,0,5701632,9,15928952453164602048,0,0,0,0,0,0,0,0
layer,13,0,12,139,decode,18,8,7,1,411,106,143,24,1,0,1,484,7,7,0,0,0,0,0,0,60,lru,0,0,0,0,0,0,8,7,8,0,1,0,1,0,0,0,0,0,0,0,0,1900544,0,1900544,3,11659428428476558616,0,0,0,0,0,0,0,0
layer,13,0,12,139,decode,19,8,8,0,0,0,181,0,0,0,0,22,12,2,0,0,0,0,0,0,60,lru,0,0,0,0,0,0,8,8,8,0,0,0,0,0,0,0,0,0,0,0,0,0,0,0,0,609660565103615947,0,0,0,0,0,0,0,0
layer,13,0,12,139,decode,20,8,8,0,0,0,173,0,0,0,0,16,7,2,0,0,0,0,0,0,60,lru,0,0,0,0,0,0,8,8,8,0,0,0,0,0,0,0,0,0,0,0,0,0,0,0,0,18219991349954946227,0,0,0,0,0,0,0,0
layer,13,0,12,139,decode,21,8,8,0,0,0,180,0,0,0,0,15,7,2,0,0,0,0,0,0,60,lru,0,0,0,0,0,0,8,8,8,0,0,0,0,0,0,0,0,0,0,0,0,0,0,0,0,5742466552264759791,0,0,0,0,0,0,0,0
layer,13,0,12,139,decode,22,8,7,1,395,154,144,41,1,0,1,476,7,15,0,0,0,0,0,0,60,lru,0,0,0,0,0,0,8,7,8,0,1,0,0,0,0,0,0,0,0,0,0,1900544,0,1900544,3,9685647531861219141,0,0,0,0,0,0,0,0
layer,13,0,12,139,decode,23,8,6,2,652,290,159,92,3,0,3,790,8,23,0,0,0,0,0,0,60,lru,0,0,0,0,0,0,8,6,8,0,2,0,0,0,0,0,0,0,0,0,0,3801088,0,3801088,6,462001347945694075,0,0,0,0,0,0,0,0
layer,13,0,12,139,decode,24,8,4,4,1635,508,152,131,2,0,2,1802,8,5,0,0,0,0,0,0,60,lru,0,0,0,0,0,0,8,4,8,0,4,0,0,0,0,0,0,0,0,0,0,7602176,0,7602176,12,18231518466997388079,0,0,0,0,0,0,0,0
layer,13,0,12,139,decode,25,8,8,0,0,0,181,0,0,0,0,17,7,2,0,0,0,0,0,0,60,lru,0,0,0,0,0,0,8,8,8,0,0,0,0,0,0,0,0,0,0,0,0,0,0,0,0,4098309912790802236,0,0,0,0,0,0,0,0
layer,13,0,12,139,decode,26,8,5,3,1039,400,140,107,2,0,2,1179,8,3,0,0,0,0,0,0,60,lru,0,0,0,0,0,0,8,5,8,0,3,0,0,0,0,0,0,0,0,0,0,5701632,0,5701632,9,17966728721570792965,0,0,0,0,0,0,0,0
layer,13,0,12,139,decode,27,8,5,3,1190,406,158,100,3,0,3,1362,8,14,0,0,0,0,0,0,60,lru,0,0,0,0,0,0,8,5,8,0,3,0,0,0,0,0,0,0,0,0,0,5701632,0,5701632,9,17899475511964723300,0,0,0,0,0,0,0,0
layer,13,0,12,139,decode,28,8,5,3,4029,369,153,106,2,0,2,4189,8,13,0,0,0,0,0,0,60,lru,0,0,0,0,0,0,8,5,8,0,3,0,0,0,0,0,0,0,0,0,0,5701632,0,5701632,9,5064137795944651370,0,0,0,0,0,0,0,0
layer,13,0,12,139,decode,29,8,4,4,1931,524,157,126,2,0,2,2134,8,35,0,0,0,0,0,0,60,lru,0,0,0,0,0,0,8,4,8,0,4,0,1,0,0,0,0,0,0,0,0,7602176,0,7602176,12,5767031542529631063,0,0,0,0,0,0,0,0
layer,13,0,12,139,decode,30,8,3,5,1997,652,140,196,1,0,1,2223,8,19,0,0,0,0,0,0,60,lru,0,0,0,0,0,0,8,3,8,0,5,0,0,0,0,0,0,0,0,0,0,9502720,0,9502720,15,11809865416701682763,0,0,0,0,0,0,0,0
layer,13,0,12,139,decode,31,8,4,4,1426,553,159,196,2,0,2,1622,8,29,0,0,0,0,0,0,60,lru,0,0,0,0,0,0,8,4,8,0,4,0,1,0,0,0,0,0,0,0,0,7602176,0,7602176,12,14042410131620984044,0,0,0,0,0,0,0,0
layer,13,0,12,139,decode,32,8,2,6,4133,797,152,236,1,0,1,4413,8,29,0,0,0,0,0,0,60,lru,0,0,0,0,0,0,8,2,8,0,6,0,1,0,0,0,0,0,0,0,0,11403264,0,11403264,18,12297846045545875557,0,0,0,0,0,0,0,0
layer,13,0,12,139,decode,33,8,4,4,2220,526,155,138,1,0,1,2410,8,15,0,0,0,0,0,0,60,lru,0,0,0,0,0,0,8,4,8,0,4,0,1,0,0,0,0,0,0,0,0,7602176,0,7602176,12,11012983270231913751,0,0,0,0,0,0,0,0
layer,13,0,12,139,decode,34,8,5,3,1924,430,144,77,2,0,2,2090,8,31,0,0,0,0,0,0,60,lru,0,0,0,0,0,0,8,5,8,0,3,0,0,0,0,0,0,0,0,0,0,6119424,0,6119424,9,10891250939482263457,0,0,0,0,0,0,0,0
layer,13,0,12,139,decode,35,8,3,5,1899,674,156,212,1,0,1,2101,8,11,0,0,0,0,0,0,60,lru,0,0,0,0,0,0,8,3,8,0,5,0,1,0,0,0,0,0,0,0,0,9502720,0,9502720,15,7072073199939998921,0,0,0,0,0,0,0,0
layer,13,0,12,139,decode,36,8,3,5,7868,828,150,191,2,0,2,8110,8,28,0,0,0,0,0,0,60,lru,0,0,0,0,0,0,8,3,8,0,5,0,1,0,0,0,0,0,0,0,0,9502720,0,9502720,15,14271462306676010264,0,0,0,0,0,0,0,0
layer,13,0,12,139,decode,37,8,4,4,1596,523,158,122,2,0,2,1794,7,29,0,0,0,0,0,0,60,lru,0,0,0,0,0,0,8,4,8,0,4,0,1,0,0,0,0,0,0,0,0,7602176,0,7602176,12,13994197558201529847,0,0,0,0,0,0,0,0
layer,13,0,12,139,decode,38,8,2,6,3504,787,139,217,2,0,2,3760,9,15,0,0,0,0,0,0,60,lru,0,0,0,0,0,0,8,2,8,0,6,0,0,0,0,0,0,0,0,0,0,12238848,0,12238848,18,13906595216178974287,0,0,0,0,0,0,0,0
layer,13,0,12,139,decode,39,8,2,6,2642,811,672,258,3,0,3,2913,8,18,0,0,0,0,0,0,60,lru,0,0,0,0,0,0,8,2,8,0,6,0,0,0,0,0,0,0,0,0,0,12238848,0,12238848,18,3091998757089317231,0,0,0,0,0,0,0,0
request,13,0,12,0,decode,-1,0,0,0,0,0,0,0,0,0,0,0,0,0,0,0,0,0,0,0,0,,111527,690,0,0,18,0,0,0,0,0,0,0,0,0,0,0,0,0,0,0,0,0,0,0,0,0,0,0,0,0,0,0,0,0
layer,14,0,13,140,decode,0,8,1,7,2668,965,150,307,4,0,4,2994,9,36,0,0,0,0,0,0,60,lru,0,0,0,0,0,0,8,1,8,0,7,0,0,0,0,0,0,0,0,0,0,13303808,0,13303808,21,15280028923184617226,0,0,0,0,0,0,0,0
layer,14,0,13,140,decode,1,8,1,7,2565,935,155,297,3,0,3,2861,8,19,0,0,0,0,0,0,60,lru,0,0,0,0,0,0,8,1,8,0,7,0,1,0,0,0,0,0,0,0,0,13303808,0,13303808,21,12901736562199331635,0,0,0,0,0,0,0,0
layer,14,0,13,140,decode,2,8,2,6,2212,783,139,226,4,0,4,2451,8,6,0,0,0,0,0,0,60,lru,0,0,0,0,0,0,8,2,8,0,6,0,1,0,0,0,0,0,0,0,0,11403264,0,11403264,18,10988943446382415439,0,0,0,0,0,0,0,0
layer,14,0,13,140,decode,3,8,5,3,1035,410,158,80,3,0,3,1164,8,4,0,0,0,0,0,0,60,lru,0,0,0,0,0,0,8,5,8,0,3,0,0,0,0,0,0,0,0,0,0,5701632,0,5701632,9,1272460082236187534,0,0,0,0,0,0,0,0
layer,14,0,13,140,decode,4,8,8,0,0,0,174,0,0,0,0,20,8,2,0,0,0,0,0,0,60,lru,0,0,0,0,0,0,8,8,8,0,0,0,1,0,0,0,0,0,0,0,0,0,0,0,0,14476683415071941968,0,0,0,0,0,0,0,0
layer,14,0,13,140,decode,5,8,6,2,662,316,156,76,3,0,3,811,8,34,0,0,0,0,0,0,60,lru,0,0,0,0,0,0,8,6,8,0,2,0,0,0,0,0,0,0,0,0,0,3801088,0,3801088,6,12673474244578503819,0,0,0,0,0,0,0,0
layer,14,0,13,140,decode,6,8,7,1,333,192,145,28,3,0,3,435,8,26,0,0,0,0,0,0,60,lru,0,0,0,0,0,0,8,7,8,0,1,0,1,0,0,0,0,0,0,0,0,1900544,0,1900544,3,15127955982194388276,0,0,0,0,0,0,0,0
layer,14,0,13,140,decode,7,8,8,0,0,0,181,0,0,0,0,19,8,2,0,0,0,0,0,0,60,lru,0,0,0,0,0,0,8,8,8,0,0,0,0,0,0,0,0,0,0,0,0,0,0,0,0,11280854206924731263,0,0,0,0,0,0,0,0
layer,14,0,13,140,decode,8,8,8,0,0,0,174,0,0,0,0,18,8,2,0,0,0,0,0,0,60,lru,0,0,0,0,0,0,8,8,8,0,0,0,0,0,0,0,0,0,0,0,0,0,0,0,0,2402118112520071846,0,0,0,0,0,0,0,0
layer,14,0,13,140,decode,9,8,7,1,330,210,160,33,1,0,1,410,7,4,0,0,0,0,0,0,60,lru,0,0,0,0,0,0,8,7,8,0,1,0,0,0,0,0,0,0,0,0,0,1900544,0,1900544,3,14216046793262966003,0,0,0,0,0,0,0,0
layer,14,0,13,140,decode,10,8,6,2,666,298,143,54,2,0,2,786,8,21,0,0,0,0,0,0,60,lru,0,0,0,0,0,0,8,6,8,0,2,0,0,0,0,0,0,0,0,0,0,3801088,0,3801088,6,1269643723927798447,0,0,0,0,0,0,0,0
layer,14,0,13,140,decode,11,8,8,0,0,0,179,0,0,0,0,18,8,2,0,0,0,0,0,0,60,lru,0,0,0,0,0,0,8,8,8,0,0,0,0,0,0,0,0,0,0,0,0,0,0,0,0,16506955184308949677,0,0,0,0,0,0,0,0
layer,14,0,13,140,decode,12,8,7,1,327,197,154,38,1,0,1,389,7,3,0,0,0,0,0,0,60,lru,0,0,0,0,0,0,8,7,8,0,1,0,0,0,0,0,0,0,0,0,0,1900544,0,1900544,3,9172090364860553648,0,0,0,0,0,0,0,0
layer,14,0,13,140,decode,13,8,8,0,0,0,179,0,0,0,0,18,8,2,0,0,0,0,0,0,60,lru,0,0,0,0,0,0,8,8,8,0,0,0,0,0,0,0,0,0,0,0,0,0,0,0,0,16433790659568587523,0,0,0,0,0,0,0,0
layer,14,0,13,140,decode,14,8,7,1,334,186,145,30,1,0,1,439,7,35,0,0,0,0,0,0,60,lru,0,0,0,0,0,0,8,7,8,0,1,0,0,0,0,0,0,0,0,0,0,1900544,0,1900544,3,5187759903786586547,0,0,0,0,0,0,0,0
layer,14,0,13,140,decode,15,8,8,0,0,0,180,0,0,0,0,18,8,2,0,0,0,0,0,0,60,lru,0,0,0,0,0,0,8,8,8,0,0,0,0,0,0,0,0,0,0,0,0,0,0,0,0,2532699017079394266,0,0,0,0,0,0,0,0
layer,14,0,13,140,decode,16,8,8,0,0,0,174,0,0,0,0,16,7,2,0,0,0,0,0,0,60,lru,0,0,0,0,0,0,8,8,8,0,0,0,0,0,0,0,0,0,0,0,0,0,0,0,0,1619866158111731426,0,0,0,0,0,0,0,0
layer,14,0,13,140,decode,17,8,6,2,651,306,159,102,2,0,2,783,7,29,0,0,0,0,0,0,60,lru,0,0,0,0,0,0,8,6,8,0,2,0,0,0,0,0,0,0,0,0,0,3801088,0,3801088,6,6895829676041732596,0,0,0,0,0,0,0,0
layer,14,0,13,140,decode,18,8,7,1,350,183,143,38,1,0,1,452,8,17,0,0,0,0,0,0,60,lru,0,0,0,0,0,0,8,7,8,0,1,0,0,0,0,0,0,0,0,0,0,1900544,0,1900544,3,5637636799815906960,0,0,0,0,0,0,0,0
layer,14,0,13,140,decode,19,8,8,0,0,0,179,0,0,0,0,18,8,2,0,0,0,0,0,0,60,lru,0,0,0,0,0,0,8,8,8,0,0,0,0,0,0,0,0,0,0,0,0,0,0,0,0,952374718631708536,0,0,0,0,0,0,0,0
layer,14,0,13,140,decode,20,8,8,0,0,0,174,0,0,0,0,16,7,2,0,0,0,0,0,0,60,lru,0,0,0,0,0,0,8,8,8,0,0,0,0,0,0,0,0,0,0,0,0,0,0,0,0,8477839570601519233,0,0,0,0,0,0,0,0
layer,14,0,13,140,decode,21,8,8,0,0,0,179,0,0,0,0,16,7,2,0,0,0,0,0,0,60,lru,0,0,0,0,0,0,8,8,8,0,0,0,0,0,0,0,0,0,0,0,0,0,0,0,0,6454789373194912805,0,0,0,0,0,0,0,0
layer,14,0,13,140,decode,22,8,8,0,0,0,159,0,0,0,0,16,7,2,0,0,0,0,0,0,60,lru,0,0,0,0,0,0,8,8,8,0,0,0,0,0,0,0,0,0,0,0,0,0,0,0,0,14472372796787599687,0,0,0,0,0,0,0,0
layer,14,0,13,140,decode,23,8,7,1,319,200,161,24,1,0,1,383,8,6,0,0,0,0,0,0,60,lru,0,0,0,0,0,0,8,7,8,0,1,0,0,0,0,0,0,0,0,0,0,1900544,0,1900544,3,5342606016296794036,0,0,0,0,0,0,0,0
layer,14,0,13,140,decode,24,8,7,1,312,200,153,32,1,0,1,377,8,4,0,0,0,0,0,0,60,lru,0,0,0,0,0,0,8,7,8,0,1,0,0,0,0,0,0,0,0,0,0,1900544,0,1900544,3,11644509747874091244,0,0,0,0,0,0,0,0
layer,14,0,13,140,decode,25,8,8,0,0,0,180,0,0,0,0,17,8,2,0,0,0,0,0,0,60,lru,0,0,0,0,0,0,8,8,8,0,0,0,0,0,0,0,0,0,0,0,0,0,0,0,0,10391737433996005101,0,0,0,0,0,0,0,0
layer,14,0,13,140,decode,26,8,8,0,0,0,158,0,0,0,0,16,8,2,0,0,0,0,0,0,60,lru,0,0,0,0,0,0,8,8,8,0,0,0,0,0,0,0,0,0,0,0,0,0,0,0,0,12149351643486310314,0,0,0,0,0,0,0,0
layer,14,0,13,140,decode,27,8,7,1,385,178,160,28,1,0,1,485,7,32,0,0,0,0,0,0,60,lru,0,0,0,0,0,0,8,7,8,0,1,0,0,0,0,0,0,0,0,0,0,1900544,0,1900544,3,1848399290460018099,0,0,0,0,0,0,0,0
layer,14,0,13,140,decode,28,8,6,2,5585,388,154,75,2,0,2,5684,8,3,0,0,0,0,0,0,60,lru,0,0,0,0,0,0,8,6,8,0,2,0,0,0,0,0,0,0,0,0,0,3801088,0,3801088,6,5501914046783836097,0,0,0,0,0,0,0,0
layer,14,0,13,140,decode,29,8,6,2,6343,407,159,37,2,0,2,6441,7,3,0,0,0,0,0,0,60,lru,0,0,0,0,0,0,8,6,8,0,2,0,0,0,0,0,0,0,0,0,0,3801088,0,3801088,6,12036821615571551951,0,0,0,0,0,0,0,0
layer,14,0,13,140,decode,30,8,7,1,340,190,144,23,1,0,1,448,8,21,0,0,0,0,0,0,60,lru,0,0,0,0,0,0,8,7,8,0,1,0,1,0,0,0,0,0,0,0,0,1900544,0,1900544,3,4016429110848371030,0,0,0,0,0,0,0,0
layer,14,0,13,140,decode,31,8,5,3,1267,381,158,79,2,0,2,1432,10,28,0,0,0,0,0,0,60,lru,0,0,0,0,0,0,8,5,8,0,3,0,0,0,0,0,0,0,0,0,0,5701632,0,5701632,9,9618375034516897982,0,0,0,0,0,0,0,0
layer,14,0,13,140,decode,32,8,5,3,1008,408,153,125,2,0,2,1178,8,15,0,0,0,0,0,0,60,lru,0,0,0,0,0,0,8,5,8,0,3,0,0,0,0,0,0,0,0,0,0,5701632,0,5701632,9,17246270550419885214,0,0,0,0,0,0,0,0
layer,14,0,13,140,decode,33,8,8,0,0,0,181,0,0,0,0,18,8,2,0,0,0,0,0,0,60,lru,0,0,0,0,0,0,8,8,8,0,0,0,0,0,0,0,0,0,0,0,0,0,0,0,0,928382752092163610,0,0,0,0,0,0,0,0
layer,14,0,13,140,decode,34,8,6,2,862,304,143,69,3,0,3,976,7,17,0,0,0,0,0,0,60,lru,0,0,0,0,0,0,8,6,8,0,2,0,0,0,0,0,0,0,0,0,0,4079616,0,4079616,6,4711119780509730466,0,0,0,0,0,0,0,0
layer,14,0,13,140,decode,35,8,6,2,752,303,158,60,3,0,3,894,8,37,0,0,0,0,0,0,60,lru,0,0,0,0,0,0,8,6,8,0,2,0,0,0,0,0,0,0,0,0,0,3801088,0,3801088,6,3981057481238878642,0,0,0,0,0,0,0,0
layer,14,0,13,140,decode,36,8,8,0,0,0,176,0,0,0,0,18,8,2,0,0,0,0,0,0,60,lru,0,0,0,0,0,0,8,8,8,0,0,0,1,0,0,0,0,0,0,0,0,0,0,0,0,7062774805978062166,0,0,0,0,0,0,0,0
layer,14,0,13,140,decode,37,8,8,0,0,0,182,0,0,0,0,16,8,2,0,0,0,0,0,0,60,lru,0,0,0,0,0,0,8,8,8,0,0,0,0,0,0,0,0,0,0,0,0,0,0,0,0,13259463674230884970,0,0,0,0,0,0,0,0
layer,14,0,13,140,decode,38,8,8,0,0,0,163,0,0,0,0,16,8,2,0,0,0,0,0,0,60,lru,0,0,0,0,0,0,8,8,8,0,0,0,0,0,0,0,0,0,0,0,0,0,0,0,0,14761068292438913531,0,0,0,0,0,0,0,0
layer,14,0,13,140,decode,39,8,7,1,426,185,677,30,1,0,1,527,8,33,0,0,0,0,0,0,60,lru,0,0,0,0,0,0,8,7,8,0,1,0,0,0,0,0,0,0,0,0,0,2039808,0,2039808,3,13135001648053844594,0,0,0,0,0,0,0,0
request,14,0,13,0,decode,-1,0,0,0,0,0,0,0,0,0,0,0,0,0,0,0,0,0,0,0,0,,42486,479,0,0,15,0,0,0,0,0,0,0,0,0,0,0,0,0,0,0,0,0,0,0,0,0,0,0,0,0,0,0,0,0
layer,15,0,14,141,decode,0,8,5,3,1076,381,153,90,4,0,4,1242,9,29,0,0,0,0,0,0,60,lru,0,0,0,0,0,0,8,5,8,0,3,0,0,0,0,0,0,0,0,0,0,5701632,0,5701632,9,15170377481002586248,0,0,0,0,0,0,0,0
layer,15,0,14,141,decode,1,8,4,4,1420,494,170,159,4,0,4,1620,8,28,0,0,0,0,0,0,60,lru,0,0,0,0,0,0,8,4,8,0,4,0,1,0,0,0,0,0,0,0,0,7602176,0,7602176,12,16272717110560352396,0,0,0,0,0,0,0,0
layer,15,0,14,141,decode,2,8,5,3,1087,424,143,102,4,0,4,1267,8,39,0,0,0,0,0,0,60,lru,0,0,0,0,0,0,8,5,8,0,3,0,0,0,0,0,0,0,0,0,0,5701632,0,5701632,9,2265699898249433395,0,0,0,0,0,0,0,0
layer,15,0,14,141,decode,3,8,6,2,702,305,159,98,2,0,2,864,7,33,0,0,0,0,0,0,60,lru,0,0,0,0,0,0,8,6,8,0,2,0,0,0,0,0,0,0,0,0,0,3801088,0,3801088,6,1817477290145278755,0,0,0,0,0,0,0,0
layer,15,0,14,141,decode,4,8,8,0,0,0,175,0,0,0,0,19,8,2,0,0,0,0,0,0,60,lru,0,0,0,0,0,0,8,8,8,0,0,0,1,0,0,0,0,0,0,0,0,0,0,0,0,10477180718409998166,0,0,0,0,0,0,0,0
layer,15,0,14,141,decode,5,8,6,2,646,302,156,79,4,0,4,783,7,36,0,0,0,0,0,0,60,lru,0,0,0,0,0,0,8,6,8,0,2,0,0,0,0,0,0,0,0,0,0,3801088,0,3801088,6,1768288256441977504,0,0,0,0,0,0,0,0
layer,15,0,14,141,decode,6,8,8,0,0,0,160,0,0,0,0,24,12,2,0,0,0,0,0,0,60,lru,0,0,0,0,0,0,8,8,8,0,0,0,1,0,0,0,0,0,0,0,0,0,0,0,0,17953409902936400394,0,0,0,0,0,0,0,0
layer,15,0,14,141,decode,7,8,7,1,324,189,161,60,3,0,3,420,7,17,0,0,0,0,0,0,60,lru,0,0,0,0,0,0,8,7,8,0,1,0,0,0,0,0,0,0,0,0,0,1900544,0,1900544,3,14278067823657321929,0,0,0,0,0,0,0,0
layer,15,0,14,141,decode,8,8,7,1,496,188,154,36,3,0,3,594,8,19,0,0,0,0,0,0,60,lru,0,0,0,0,0,0,8,7,8,0,1,0,0,0,0,0,0,0,0,0,0,1900544,0,1900544,3,9333375128344326688,0,0,0,0,0,0,0,0
layer,15,0,14,141,decode,9,8,8,0,0,0,178,0,0,0,0,18,8,2,0,0,0,0,0,0,60,lru,0,0,0,0,0,0,8,8,8,0,0,0,0,0,0,0,0,0,0,0,0,0,0,0,0,16529854387703937384,0,0,0,0,0,0,0,0
layer,15,0,14,141,decode,10,8,8,0,0,0,159,0,0,0,0,17,8,2,0,0,0,0,0,0,60,lru,0,0,0,0,0,0,8,8,8,0,0,0,0,0,0,0,0,0,0,0,0,0,0,0,0,13638139284505042292,0,0,0,0,0,0,0,0
layer,15,0,14,141,decode,11,8,7,1,4639,299,161,42,2,0,2,4726,8,19,0,0,0,0,0,0,60,lru,0,0,0,0,0,0,8,7,8,0,1,0,0,0,0,0,0,0,0,0,0,1900544,0,1900544,3,3867131792714113769,0,0,0,0,0,0,0,0
layer,15,0,14,141,decode,12,8,7,1,405,179,154,24,1,0,1,488,8,17,0,0,0,0,0,0,60,lru,0,0,0,0,0,0,8,7,8,0,1,0,0,0,0,0,0,0,0,0,0,1900544,0,1900544,3,14296334464204970515,0,0,0,0,0,0,0,0
layer,15,0,14,141,decode,13,8,8,0,0,0,180,0,0,0,0,18,8,2,0,0,0,0,0,0,60,lru,0,0,0,0,0,0,8,8,8,0,0,0,0,0,0,0,0,0,0,0,0,0,0,0,0,13757710437081215841,0,0,0,0,0,0,0,0
layer,15,0,14,141,decode,14,8,7,1,411,190,143,36,1,0,1,488,7,16,0,0,0,0,0,0,60,lru,0,0,0,0,0,0,8,7,8,0,1,0,0,0,0,0,0,0,0,0,0,1900544,0,1900544,3,3030185346388344679,0,0,0,0,0,0,0,0
layer,15,0,14,141,decode,15,8,6,2,711,310,159,100,2,0,2,864,8,29,0,0,0,0,0,0,60,lru,0,0,0,0,0,0,8,6,8,0,2,0,0,0,0,0,0,0,0,0,0,3801088,0,3801088,6,11997874465466029421,0,0,0,0,0,0,0,0
layer,15,0,14,141,decode,16,8,8,0,0,0,175,0,0,0,0,19,8,2,0,0,0,0,0,0,60,lru,0,0,0,0,0,0,8,8,8,0,0,0,0,0,0,0,0,0,0,0,0,0,0,0,0,14435425603913083254,0,0,0,0,0,0,0,0
layer,15,0,14,141,decode,17,8,8,0,0,0,178,0,0,0,0,16,7,2,0,0,0,0,0,0,60,lru,0,0,0,0,0,0,8,8,8,0,0,0,0,0,0,0,0,0,0,0,0,0,0,0,0,4907243752186059368,0,0,0,0,0,0,0,0
layer,15,0,14,141,decode,18,8,7,1,353,194,144,33,1,0,1,429,8,13,0,0,0,0,0,0,60,lru,0,0,0,0,0,0,8,7,8,0,1,0,0,0,0,0,0,0,0,0,0,1900544,0,1900544,3,16322247918087224416,0,0,0,0,0,0,0,0
layer,15,0,14,141,decode,19,8,6,2,708,297,160,61,2,0,2,823,8,16,0,0,0,0,0,0,60,lru,0,0,0,0,0,0,8,6,8,0,2,0,0,0,0,0,0,0,0,0,0,3801088,0,3801088,6,141142743313256166,0,0,0,0,0,0,0,0
layer,15,0,14,141,decode,20,8,8,0,0,0,174,0,0,0,0,19,8,2,0,0,0,0,0,0,60,lru,0,0,0,0,0,0,8,8,8,0,0,0,1,0,0,0,0,0,0,0,0,0,0,0,0,4762125438399218955,0,0,0,0,0,0,0,0
layer,15,0,14,141,decode,21,8,7,1,310,186,159,25,1,0,1,403,7,28,0,0,0,0,0,0,60,lru,0,0,0,0,0,0,8,7,8,0,1,0,0,0,0,0,0,0,0,0,0,1900544,0,1900544,3,7340694560285815243,0,0,0,0,0,0,0,0
layer,15,0,14,141,decode,22,8,7,1,337,194,143,34,1,0,1,431,8,28,0,0,0,0,0,0,60,lru,0,0,0,0,0,0,8,7,8,0,1,0,0,0,0,0,0,0,0,0,0,1900544,0,1900544,3,13953141511669370660,0,0,0,0,0,0,0,0
layer,15,0,14,141,decode,23,8,7,1,311,192,160,47,1,0,1,430,8,35,0,0,0,0,0,0,60,lru,0,0,0,0,0,0,8,7,8,0,1,0,0,0,0,0,0,0,0,0,0,1900544,0,1900544,3,4710333689400086742,0,0,0,0,0,0,0,0
layer,15,0,14,141,decode,24,8,8,0,0,0,173,0,0,0,0,18,8,2,0,0,0,0,0,0,60,lru,0,0,0,0,0,0,8,8,8,0,0,0,0,0,0,0,0,0,0,0,0,0,0,0,0,714282391738309167,0,0,0,0,0,0,0,0
layer,15,0,14,141,decode,25,8,8,0,0,0,181,0,0,0,0,16,8,2,0,0,0,0,0,0,60,lru,0,0,0,0,0,0,8,8,8,0,0,0,0,0,0,0,0,0,0,0,0,0,0,0,0,11174499256408956425,0,0,0,0,0,0,0,0
layer,15,0,14,141,decode,26,8,8,0,0,0,156,0,0,0,0,15,7,2,0,0,0,0,0,0,60,lru,0,0,0,0,0,0,8,8,8,0,0,0,0,0,0,0,0,0,0,0,0,0,0,0,0,17533145936259965263,0,0,0,0,0,0,0,0
layer,15,0,14,141,decode,27,8,6,2,9469,416,159,43,2,0,2,9590,9,27,0,0,0,0,0,0,60,lru,0,0,0,0,0,0,8,6,8,0,2,0,0,0,0,0,0,0,0,0,0,3801088,0,3801088,6,7737305617644716882,0,0,0,0,0,0,0,0
layer,15,0,14,141,decode,28,8,6,2,1060,290,154,24,2,0,2,1154,8,2,0,0,0,0,0,0,60,lru,0,0,0,0,0,0,8,6,8,0,2,0,0,0,0,0,0,0,0,0,0,3801088,0,3801088,6,5339647326299172940,0,0,0,0,0,0,0,0
layer,15,0,14,141,decode,29,8,7,1,760,175,159,22,1,0,1,821,8,2,0,0,0,0,0,0,60,lru,0,0,0,0,0,0,8,7,8,0,1,0,0,0,0,0,0,0,0,0,0,1900544,0,1900544,3,10373591174722064348,0,0,0,0,0,0,0,0
layer,15,0,14,141,decode,30,8,7,1,320,193,142,30,1,0,1,389,8,2,0,0,0,0,0,0,60,lru,0,0,0,0,0,0,8,7,8,0,1,0,0,0,0,0,0,0,0,0,0,1900544,0,1900544,3,1050583701547396169,0,0,0,0,0,0,0,0
layer,15,0,14,141,decode,31,8,8,0,0,0,181,0,0,0,0,18,8,2,0,0,0,0,0,0,60,lru,0,0,0,0,0,0,8,8,8,0,0,0,0,0,0,0,0,0,0,0,0,0,0,0,0,17434613014746530131,0,0,0,0,0,0,0,0
layer,15,0,14,141,decode,32,8,7,1,404,152,162,44,2,0,2,503,8,31,0,0,0,0,0,0,60,lru,0,0,0,0,0,0,8,7,8,0,1,0,0,0,0,0,0,0,0,0,0,1900544,0,1900544,3,13186789547137445276,0,0,0,0,0,0,0,0
layer,15,0,14,141,decode,33,8,7,1,379,169,160,18,1,0,1,444,8,4,0,0,0,0,0,0,60,lru,0,0,0,0,0,0,8,7,8,0,1,0,0,0,0,0,0,0,0,0,0,1900544,0,1900544,3,2100105494575535508,0,0,0,0,0,0,0,0
layer,15,0,14,141,decode,34,8,8,0,0,0,162,0,0,0,0,18,8,2,0,0,0,0,0,0,60,lru,0,0,0,0,0,0,8,8,8,0,0,0,0,0,0,0,0,0,0,0,0,0,0,0,0,931750596450330415,0,0,0,0,0,0,0,0
layer,15,0,14,141,decode,35,8,6,2,971,293,158,77,2,0,2,1101,8,24,0,0,0,0,0,0,60,lru,0,0,0,0,0,0,8,6,8,0,2,0,0,0,0,0,0,0,0,0,0,3801088,0,3801088,6,6897211952608265178,0,0,0,0,0,0,0,0
layer,15,0,14,141,decode,36,8,7,1,6655,341,153,19,1,0,1,6712,8,2,0,0,0,0,0,0,60,lru,0,0,0,0,0,0,8,7,8,0,1,0,0,0,0,0,0,0,0,0,0,1900544,0,1900544,3,993932240940489099,0,0,0,0,0,0,0,0
layer,15,0,14,141,decode,37,8,7,1,336,190,159,33,2,0,2,405,7,4,0,0,0,0,0,0,60,lru,0,0,0,0,0,0,8,7,8,0,1,0,0,0,0,0,0,0,0,0,0,1900544,0,1900544,3,1975617653437054409,0,0,0,0,0,0,0,0
layer,15,0,14,141,decode,38,8,4,4,4912,545,142,113,2,0,2,5104,8,29,0,0,0,0,0,0,60,lru,0,0,0,0,0,0,8,4,8,0,4,0,0,0,0,0,0,0,0,0,0,8159232,0,8159232,12,16475875082708933767,0,0,0,0,0,0,0,0
layer,15,0,14,141,decode,39,8,7,1,364,170,679,44,1,0,1,466,8,27,0,0,0,0,0,0,60,lru,0,0,0,0,0,0,8,7,8,0,1,0,1,0,0,0,0,0,0,0,0,2039808,0,2039808,3,1034521361195915103,0,0,0,0,0,0,0,0
request,15,0,14,0,decode,-1,0,0,0,0,0,0,0,0,0,0,0,0,0,0,0,0,0,0,0,0,,52137,427,0,0,13,0,0,0,0,0,0,0,0,0,0,0,0,0,0,0,0,0,0,0,0,0,0,0,0,0,0,0,0,0
layer,16,0,15,142,decode,0,8,6,2,724,261,162,101,4,0,4,883,10,25,0,0,0,0,0,0,60,lru,0,0,0,0,0,0,8,6,8,0,2,0,0,0,0,0,0,0,0,0,0,3801088,0,3801088,6,13353212422332558602,0,0,0,0,0,0,0,0
layer,16,0,15,142,decode,1,8,8,0,0,0,180,0,0,0,0,20,8,2,0,0,0,0,0,0,60,lru,0,0,0,0,0,0,8,8,8,0,0,0,0,0,0,0,0,0,0,0,0,0,0,0,0,2265746135549754723,0,0,0,0,0,0,0,0
layer,16,0,15,142,decode,2,8,2,6,2264,792,142,212,4,0,4,2523,8,23,0,0,0,0,0,0,60,lru,0,0,0,0,0,0,8,2,8,0,6,0,0,0,0,0,0,0,0,0,0,11403264,0,11403264,18,16054736498422682943,0,0,0,0,0,0,0,0
layer,16,0,15,142,decode,3,8,7,1,327,163,159,27,2,0,2,437,8,32,0,0,0,0,0,0,60,lru,0,0,0,0,0,0,8,7,8,0,1,0,1,0,0,0,0,0,0,0,0,1900544,0,1900544,3,13961234322818841530,0,0,0,0,0,0,0,0
layer,16,0,15,142,decode,4,8,5,3,5964,561,153,104,4,0,4,6112,8,5,0,0,0,0,0,0,60,lru,0,0,0,0,0,0,8,5,8,0,3,0,1,0,0,0,0,0,0,0,0,5701632,0,5701632,9,6241922138948346404,0,0,0,0,0,0,0,0
layer,16,0,15,142,decode,5,8,4,4,5177,472,156,104,3,0,3,5343,8,3,0,0,0,0,0,0,60,lru,0,0,0,0,0,0,8,4,8,0,4,0,0,0,0,0,0,0,0,0,0,7602176,0,7602176,12,16885375634378422934,0,0,0,0,0,0,0,0
layer,16,0,15,142,decode,6,8,4,4,5259,586,144,187,4,0,4,5474,8,24,0,0,0,0,0,0,60,lru,0,0,0,0,0,0,8,4,8,0,4,0,2,0,0,0,0,0,0,0,0,7602176,0,7602176,12,8011678420713912159,0,0,0,0,0,0,0,0
layer,16,0,15,142,decode,7,8,6,2,1435,271,159,49,3,0,3,1534,8,2,0,0,0,0,0,0,60,lru,0,0,0,0,0,0,8,6,8,0,2,0,1,0,0,0,0,0,0,0,0,3801088,0,3801088,6,13012620163338650893,0,0,0,0,0,0,0,0
layer,16,0,15,142,decode,8,8,4,4,20825,736,154,126,3,0,3,20985,8,2,0,0,0,0,0,0,60,lru,0,0,0,0,0,0,8,4,8,0,4,0,0,0,0,0,0,0,0,0,0,7602176,0,7602176,12,17339578991251255668,0,0,0,0,0,0,0,0
layer,16,0,15,142,decode,9,8,7,1,354,145,159,25,1,0,1,439,8,17,0,0,0,0,0,0,60,lru,0,0,0,0,0,0,8,7,8,0,1,0,1,0,0,0,0,0,0,0,0,1900544,0,1900544,3,4265789037766084104,0,0,0,0,0,0,0,0
layer,16,0,15,142,decode,10,8,2,6,28601,1174,140,170,2,0,2,28858,8,30,0,0,0,0,0,0,60,lru,0,0,0,0,0,0,8,2,8,0,6,0,0,0,0,0,0,0,0,0,0,11403264,0,11403264,18,13969648286022810350,0,0,0,0,0,0,0,0
layer,16,0,15,142,decode,11,8,7,1,781,151,162,18,1,0,1,860,8,12,0,0,0,0,0,0,60,lru,0,0,0,0,0,0,8,7,8,0,1,0,0,0,0,0,0,0,0,0,0,1900544,0,1900544,3,13896260266174886181,0,0,0,0,0,0,0,0
layer,16,0,15,142,decode,12,8,7,1,330,150,154,38,1,0,1,399,8,3,0,0,0,0,0,0,60,lru,0,0,0,0,0,0,8,7,8,0,1,0,0,0,0,0,0,0,0,0,0,1900544,0,1900544,3,12059890876599454000,0,0,0,0,0,0,0,0
layer,16,0,15,142,decode,13,8,7,1,2066,159,159,11,1,0,1,2147,8,14,0,0,0,0,0,0,60,lru,0,0,0,0,0,0,8,7,8,0,1,0,0,0,0,0,0,0,0,0,0,1900544,0,1900544,3,8103364979294136066,0,0,0,0,0,0,0,0
layer,16,0,15,142,decode,14,8,8,0,0,0,159,0,0,0,0,17,8,2,0,0,0,0,0,0,60,lru,0,0,0,0,0,0,8,8,8,0,0,0,0,0,0,0,0,0,0,0,0,0,0,0,0,13167239195700524409,0,0,0,0,0,0,0,0
layer,16,0,15,142,decode,15,8,7,1,6154,257,159,24,1,0,1,6254,8,31,0,0,0,0,0,0,60,lru,0,0,0,0,0,0,8,7,8,0,1,0,0,0,0,0,0,0,0,0,0,1900544,0,1900544,3,14348597156360061954,0,0,0,0,0,0,0,0
layer,16,0,15,142,decode,16,8,6,2,5956,323,154,103,2,0,2,6085,8,18,0,0,0,0,0,0,60,lru,0,0,0,0,0,0,8,6,8,0,2,0,0,0,0,0,0,0,0,0,0,3801088,0,3801088,6,3876531934197508860,0,0,0,0,0,0,0,0
layer,16,0,15,142,decode,17,8,6,2,758,277,158,51,2,0,2,850,8,2,0,0,0,0,0,0,60,lru,0,0,0,0,0,0,8,6,8,0,2,0,0,0,0,0,0,0,0,0,0,3801088,0,3801088,6,10765713057621830888,0,0,0,0,0,0,0,0
layer,16,0,15,142,decode,18,8,6,2,592,281,142,90,2,0,2,739,7,23,0,0,0,0,0,0,60,lru,0,0,0,0,0,0,8,6,8,0,2,0,0,0,0,0,0,0,0,0,0,3801088,0,3801088,6,7092818846127486609,0,0,0,0,0,0,0,0
layer,16,0,15,142,decode,19,8,5,3,981,439,159,145,2,0,2,1161,8,40,0,0,0,0,0,0,60,lru,0,0,0,0,0,0,8,5,8,0,3,0,0,0,0,0,0,0,0,0,0,5701632,0,5701632,9,1509786532497483630,0,0,0,0,0,0,0,0
layer,16,0,15,142,decode,20,8,4,4,1249,592,153,188,2,0,2,1450,8,28,0,0,0,0,0,0,60,lru,0,0,0,0,0,0,8,4,8,0,4,0,0,0,0,0,0,0,0,0,0,7602176,0,7602176,12,17559909640834906067,0,0,0,0,0,0,0,0
layer,16,0,15,142,decode,21,8,5,3,969,432,157,138,1,0,1,1132,8,27,0,0,0,0,0,0,60,lru,0,0,0,0,0,0,8,5,8,0,3,0,1,0,0,0,0,0,0,0,0,5701632,0,5701632,9,7418773667519865301,0,0,0,0,0,0,0,0
layer,16,0,15,142,decode,22,8,2,6,2026,826,138,259,2,0,2,2291,8,26,0,0,0,0,0,0,60,lru,0,0,0,0,0,0,8,2,8,0,6,0,0,0,0,0,0,0,0,0,0,11403264,0,11403264,18,11733584676837352903,0,0,0,0,0,0,0,0
layer,16,0,15,142,decode,23,8,6,2,544,295,160,100,3,0,3,660,8,13,0,0,0,0,0,0,60,lru,0,0,0,0,0,0,8,6,8,0,2,0,0,0,0,0,0,0,0,0,0,3801088,0,3801088,6,4081702346413435563,0,0,0,0,0,0,0,0
layer,16,0,15,142,decode,24,8,4,4,1502,549,151,120,2,0,2,1692,9,28,0,0,0,0,0,0,60,lru,0,0,0,0,0,0,8,4,8,0,4,0,0,0,0,0,0,0,0,0,0,7602176,0,7602176,12,5962391542318802787,0,0,0,0,0,0,0,0
layer,16,0,15,142,decode,25,8,8,0,0,0,182,0,0,0,0,18,8,2,0,0,0,0,0,0,60,lru,0,0,0,0,0,0,8,8,8,0,0,0,1,0,0,0,0,0,0,0,0,0,0,0,0,15787582571403315255,0,0,0,0,0,0,0,0
layer,16,0,15,142,decode,26,8,7,1,5769,229,141,42,1,0,1,5855,7,16,0,0,0,0,0,0,60,lru,0,0,0,0,0,0,8,7,8,0,1,0,0,0,0,0,0,0,0,0,0,1900544,0,1900544,3,209750976994432185,0,0,0,0,0,0,0,0
layer,16,0,15,142,decode,27,8,6,2,10822,270,159,65,3,0,3,10950,8,29,0,0,0,0,0,0,60,lru,0,0,0,0,0,0,8,6,8,0,2,0,0,0,0,0,0,0,0,0,0,3801088,0,3801088,6,13273860763028965888,0,0,0,0,0,0,0,0
layer,16,0,15,142,decode,28,8,7,1,315,164,153,44,2,0,2,417,8,24,0,0,0,0,0,0,60,lru,0,0,0,0,0,0,8,7,8,0,1,0,0,0,0,0,0,0,0,0,0,1900544,0,1900544,3,6573501666054693141,0,0,0,0,0,0,0,0
layer,16,0,15,142,decode,29,8,8,0,0,0,180,0,0,0,0,18,8,2,0,0,0,0,0,0,60,lru,0,0,0,0,0,0,8,8,8,0,0,0,0,0,0,0,0,0,0,0,0,0,0,0,0,10021994009035515532,0,0,0,0,0,0,0,0
layer,16,0,15,142,decode,30,8,7,1,339,174,144,23,1,0,1,399,7,3,0,0,0,0,0,0,60,lru,0,0,0,0,0,0,8,7,8,0,1,0,0,0,0,0,0,0,0,0,0,1900544,0,1900544,3,12145138907635053968,0,0,0,0,0,0,0,0
layer,16,0,15,142,decode,31,8,8,0,0,0,180,0,0,0,0,24,8,2,0,0,0,0,0,0,60,lru,0,0,0,0,0,0,8,8,8,0,0,0,0,0,0,0,0,0,0,0,0,0,0,0,0,16265091179908078636,0,0,0,0,0,0,0,0
layer,16,0,15,142,decode,32,8,6,2,7295,436,153,92,3,0,3,7436,7,28,0,0,0,0,0,0,60,lru,0,0,0,0,0,0,8,6,8,0,2,0,0,0,0,0,0,0,0,0,0,3801088,0,3801088,6,13127897476328220636,0,0,0,0,0,0,0,0
layer,16,0,15,142,decode,33,8,8,0,0,0,179,0,0,0,0,18,8,2,0,0,0,0,0,0,60,lru,0,0,0,0,0,0,8,8,8,0,0,0,0,0,0,0,0,0,0,0,0,0,0,0,0,15880715936103628225,0,0,0,0,0,0,0,0
layer,16,0,15,142,decode,34,8,5,3,4909,442,145,86,2,0,2,5036,7,3,0,0,0,0,0,0,60,lru,0,0,0,0,0,0,8,5,8,0,3,0,0,0,0,0,0,0,0,0,0,6119424,0,6119424,9,15275218878491194367,0,0,0,0,0,0,0,0
layer,16,0,15,142,decode,35,8,5,3,10344,411,159,82,2,0,2,10473,8,4,0,0,0,0,0,0,60,lru,0,0,0,0,0,0,8,5,8,0,3,0,0,0,0,0,0,0,0,0,0,5701632,0,5701632,9,11942124224666716997,0,0,0,0,0,0,0,0
layer,16,0,15,142,decode,36,8,4,4,8134,626,152,172,2,0,2,8327,8,27,0,0,0,0,0,0,60,lru,0,0,0,0,0,0,8,4,8,0,4,0,0,0,0,0,0,0,0,0,0,7602176,0,7602176,12,10391970205351252150,0,0,0,0,0,0,0,0
layer,16,0,15,142,decode,37,8,7,1,386,163,161,37,1,0,1,473,8,15,0,0,0,0,0,0,60,lru,0,0,0,0,0,0,8,7,8,0,1,0,0,0,0,0,0,0,0,0,0,1900544,0,1900544,3,6474314676943778496,0,0,0,0,0,0,0,0
layer,16,0,15,142,decode,38,8,6,2,860,296,144,65,2,0,2,1004,8,28,0,0,0,0,0,0,60,lru,0,0,0,0,0,0,8,6,8,0,2,0,0,0,0,0,0,0,0,0,0,4079616,0,4079616,6,8445810111345092679,0,0,0,0,0,0,0,0
layer,16,0,15,142,decode,39,8,5,3,8404,401,674,94,2,0,2,8533,8,2,0,0,0,0,0,0,60,lru,0,0,0,0,0,0,8,5,8,0,3,0,0,0,0,0,0,0,0,0,0,6119424,0,6119424,9,15336358634852594588,0,0,0,0,0,0,0,0
request,16,0,15,0,decode,-1,0,0,0,0,0,0,0,0,0,0,0,0,0,0,0,0,0,0,0,0,,167026,635,0,0,17,0,0,0,0,0,0,0,0,0,0,0,0,0,0,0,0,0,0,0,0,0,0,0,0,0,0,0,0,0
layer,17,0,16,143,decode,0,8,0,8,3140,1095,150,336,4,0,4,3448,9,8,0,0,0,0,0,0,60,lru,0,0,0,0,0,0,8,0,8,0,8,0,0,0,0,0,0,0,0,0,0,15204352,0,15204352,24,6731112273833697849,0,0,0,0,0,0,0,0
layer,17,0,16,143,decode,1,8,1,7,3455,942,153,268,3,0,3,3754,8,15,0,0,0,0,0,0,60,lru,0,0,0,0,0,0,8,1,8,0,7,0,1,0,0,0,0,0,0,0,0,13303808,0,13303808,21,7556537180114517821,0,0,0,0,0,0,0,0
layer,17,0,16,143,decode,2,8,6,2,792,282,143,64,4,0,4,895,8,3,0,0,0,0,0,0,60,lru,0,0,0,0,0,0,8,6,8,0,2,0,1,0,0,0,0,0,0,0,0,3801088,0,3801088,6,4163858685323151748,0,0,0,0,0,0,0,0
layer,17,0,16,143,decode,3,8,6,2,787,278,160,68,3,0,3,911,8,18,0,0,0,0,0,0,60,lru,0,0,0,0,0,0,8,6,8,0,2,0,1,0,0,0,0,0,0,0,0,3801088,0,3801088,6,2032134694375833465,0,0,0,0,0,0,0,0
layer,17,0,16,143,decode,4,8,7,1,356,154,154,25,3,0,3,437,8,12,0,0,0,0,0,0,60,lru,0,0,0,0,0,0,8,7,8,0,1,0,1,0,0,0,0,0,0,0,0,1900544,0,1900544,3,6225266555430094538,0,0,0,0,0,0,0,0
layer,17,0,16,143,decode,5,8,6,2,668,305,159,68,3,0,3,765,7,3,0,0,0,0,0,0,60,lru,0,0,0,0,0,0,8,6,8,0,2,0,0,0,0,0,0,0,0,0,0,3801088,0,3801088,6,3930504545289937559,0,0,0,0,0,0,0,0
layer,17,0,16,143,decode,6,8,4,4,1304,523,142,154,4,0,4,1495,8,18,0,0,0,0,0,0,60,lru,0,0,0,0,0,0,8,4,8,0,4,0,0,0,0,0,0,0,0,0,0,7602176,0,7602176,12,10112472546312832468,0,0,0,0,0,0,0,0
layer,17,0,16,143,decode,7,8,7,1,5034,170,162,25,2,0,2,5112,8,13,0,0,0,0,0,0,60,lru,0,0,0,0,0,0,8,7,8,0,1,0,0,0,0,0,0,0,0,0,0,1900544,0,1900544,3,14163163460282188302,0,0,0,0,0,0,0,0
layer,17,0,16,143,decode,8,8,7,1,325,161,154,46,2,0,2,416,8,16,0,0,0,0,0,0,60,lru,0,0,0,0,0,0,8,7,8,0,1,0,0,0,0,0,0,0,0,0,0,1900544,0,1900544,3,16230172852426279015,0,0,0,0,0,0,0,0
layer,17,0,16,143,decode,9,8,7,1,5025,261,160,28,1,0,1,5116,8,21,0,0,0,0,0,0,60,lru,0,0,0,0,0,0,8,7,8,0,1,0,0,0,0,0,0,0,0,0,0,1900544,0,1900544,3,3062514187066680069,0,0,0,0,0,0,0,0
layer,17,0,16,143,decode,10,8,6,2,687,303,142,71,2,0,2,819,7,31,0,0,0,0,0,0,60,lru,0,0,0,0,0,0,8,6,8,0,2,0,0,0,0,0,0,0,0,0,0,3801088,0,3801088,6,5800745931752175964,0,0,0,0,0,0,0,0
layer,17,0,16,143,decode,11,8,5,3,1032,402,158,127,3,0,3,1217,8,34,0,0,0,0,0,0,60,lru,0,0,0,0,0,0,8,5,8,0,3,0,0,0,0,0,0,0,0,0,0,5701632,0,5701632,9,13914232777020735416,0,0,0,0,0,0,0,0
layer,17,0,16,143,decode,12,8,7,1,319,172,153,24,1,0,1,392,8,3,0,0,0,0,0,0,60,lru,0,0,0,0,0,0,8,7,8,0,1,0,1,0,0,0,0,0,0,0,0,1900544,0,1900544,3,5438226411807768151,0,0,0,0,0,0,0,0
layer,17,0,16,143,decode,13,8,7,1,313,171,160,50,2,0,2,422,8,26,0,0,0,0,0,0,60,lru,0,0,0,0,0,0,8,7,8,0,1,0,0,0,0,0,0,0,0,0,0,1900544,0,1900544,3,11304144223014154896,0,0,0,0,0,0,0,0
layer,17,0,16,143,decode,14,8,6,2,645,274,141,64,2,0,2,783,8,23,0,0,0,0,0,0,60,lru,0,0,0,0,0,0,8,6,8,0,2,0,0,0,0,0,0,0,0,0,0,3801088,0,3801088,6,644248220199061999,0,0,0,0,0,0,0,0
layer,17,0,16,143,decode,15,8,6,2,623,275,158,73,2,0,2,753,9,29,0,0,0,0,0,0,60,lru,0,0,0,0,0,0,8,6,8,0,2,0,0,0,0,0,0,0,0,0,0,3801088,0,3801088,6,11228248018052255611,0,0,0,0,0,0,0,0
layer,17,0,16,143,decode,16,8,7,1,311,171,154,50,1,0,1,411,8,22,0,0,0,0,0,0,60,lru,0,0,0,0,0,0,8,7,8,0,1,0,0,0,0,0,0,0,0,0,0,1900544,0,1900544,3,4834820162344062315,0,0,0,0,0,0,0,0
layer,17,0,16,143,decode,17,8,6,2,6037,368,158,68,2,0,2,6182,8,19,0,0,0,0,0,0,60,lru,0,0,0,0,0,0,8,6,8,0,2,0,0,0,0,0,0,0,0,0,0,3801088,0,3801088,6,9536095959376589973,0,0,0,0,0,0,0,0
layer,17,0,16,143,decode,18,8,8,0,0,0,158,0,0,0,0,19,8,2,0,0,0,0,0,0,60,lru,0,0,0,0,0,0,8,8,8,0,0,0,0,0,0,0,0,0,0,0,0,0,0,0,0,16908288186566416876,0,0,0,0,0,0,0,0
layer,17,0,16,143,decode,19,8,5,3,1269,411,159,123,1,0,1,1417,8,13,0,0,0,0,0,0,60,lru,0,0,0,0,0,0,8,5,8,0,3,0,0,0,0,0,0,0,0,0,0,5701632,0,5701632,9,12875889665982809322,0,0,0,0,0,0,0,0
layer,17,0,16,143,decode,20,8,5,3,1221,397,152,111,2,0,2,1366,8,15,0,0,0,0,0,0,60,lru,0,0,0,0,0,0,8,5,8,0,3,0,0,0,0,0,0,0,0,0,0,5701632,0,5701632,9,10241447722034559854,0,0,0,0,0,0,0,0
layer,17,0,16,143,decode,21,8,7,1,387,100,161,26,1,0,1,456,8,3,0,0,0,0,0,0,60,lru,0,0,0,0,0,0,8,7,8,0,1,0,0,0,0,0,0,0,0,0,0,1900544,0,1900544,3,3284128287809252459,0,0,0,0,0,0,0,0
layer,17,0,16,143,decode,22,8,5,3,1016,423,139,120,3,0,3,1200,8,36,0,0,0,0,0,0,60,lru,0,0,0,0,0,0,8,5,8,0,3,0,0,0,0,0,0,0,0,0,0,5701632,0,5701632,9,12754594762007696671,0,0,0,0,0,0,0,0
layer,17,0,16,143,decode,23,8,5,3,1024,406,159,103,2,0,2,1188,8,20,0,0,0,0,0,0,60,lru,0,0,0,0,0,0,8,5,8,0,3,0,0,0,0,0,0,0,0,0,0,5701632,0,5701632,9,208543683902953620,0,0,0,0,0,0,0,0
layer,17,0,16,143,decode,24,8,7,1,348,159,153,26,1,0,1,447,7,20,0,0,0,0,0,0,60,lru,0,0,0,0,0,0,8,7,8,0,1,0,0,0,0,0,0,0,0,0,0,1900544,0,1900544,3,293792984493066743,0,0,0,0,0,0,0,0
layer,17,0,16,143,decode,25,8,8,0,0,0,181,0,0,0,0,18,8,2,0,0,0,0,0,0,60,lru,0,0,0,0,0,0,8,8,8,0,0,0,0,0,0,0,0,0,0,0,0,0,0,0,0,2117805231360428161,0,0,0,0,0,0,0,0
layer,17,0,16,143,decode,26,8,6,2,711,261,141,70,2,0,2,824,8,15,0,0,0,0,0,0,60,lru,0,0,0,0,0,0,8,6,8,0,2,0,0,0,0,0,0,0,0,0,0,3801088,0,3801088,6,17525054320519208547,0,0,0,0,0,0,0,0
layer,17,0,16,143,decode,27,8,7,1,300,165,161,41,1,0,1,366,8,2,0,0,0,0,0,0,60,lru,0,0,0,0,0,0,8,7,8,0,1,0,0,0,0,0,0,0,0,0,0,1900544,0,1900544,3,4018771934439134405,0,0,0,0,0,0,0,0
layer,17,0,16,143,decode,28,8,8,0,0,0,175,0,0,0,0,23,13,2,0,0,0,0,0,0,60,lru,0,0,0,0,0,0,8,8,8,0,0,0,0,0,0,0,0,0,0,0,0,0,0,0,0,13642727919551759442,0,0,0,0,0,0,0,0
layer,17,0,16,143,decode,29,8,5,3,5869,543,158,106,2,0,2,6054,7,38,0,0,0,0,0,0,60,lru,0,0,0,0,0,0,8,5,8,0,3,0,0,0,0,0,0,0,0,0,0,5701632,0,5701632,9,6269457799158836022,0,0,0,0,0,0,0,0
layer,17,0,16,143,decode,30,8,8,0,0,0,158,0,0,0,0,18,8,2,0,0,0,0,0,0,60,lru,0,0,0,0,0,0,8,8,8,0,0,0,0,0,0,0,0,0,0,0,0,0,0,0,0,13912766841781980735,0,0,0,0,0,0,0,0
layer,17,0,16,143,decode,31,8,7,1,321,196,160,69,1,0,1,441,7,20,0,0,0,0,0,0,60,lru,0,0,0,0,0,0,8,7,8,0,1,0,0,0,0,0,0,0,0,0,0,1900544,0,1900544,3,14581777068391917983,0,0,0,0,0,0,0,0
layer,17,0,16,143,decode,32,8,3,5,2193,673,151,173,3,0,3,2384,8,5,0,0,0,0,0,0,60,lru,0,0,0,0,0,0,8,3,8,0,5,0,0,0,0,0,0,0,0,0,0,9502720,0,9502720,15,4946725975569381239,0,0,0,0,0,0,0,0
layer,17,0,16,143,decode,33,8,4,4,1538,514,157,178,2,0,2,1719,8,19,0,0,0,0,0,0,60,lru,0,0,0,0,0,0,8,4,8,0,4,0,0,0,0,0,0,0,0,0,0,7602176,0,7602176,12,5967559010121167644,0,0,0,0,0,0,0,0
layer,17,0,16,143,decode,34,8,5,3,1119,418,144,111,2,0,2,1272,7,21,0,0,0,0,0,0,60,lru,0,0,0,0,0,0,8,5,8,0,3,0,1,0,0,0,0,0,0,0,0,6119424,0,6119424,9,7942688547617361804,0,0,0,0,0,0,0,0
layer,17,0,16,143,decode,35,8,5,3,5209,493,157,101,2,0,2,5368,7,22,0,0,0,0,0,0,60,lru,0,0,0,0,0,0,8,5,8,0,3,0,0,0,0,0,0,0,0,0,0,5701632,0,5701632,9,8982013356315847267,0,0,0,0,0,0,0,0
layer,17,0,16,143,decode,36,8,5,3,1605,378,153,91,2,0,2,1746,7,12,0,0,0,0,0,0,60,lru,0,0,0,0,0,0,8,5,8,0,3,0,0,0,0,0,0,0,0,0,0,5701632,0,5701632,9,7967472705446822838,0,0,0,0,0,0,0,0
layer,17,0,16,143,decode,37,8,1,7,8493,1010,155,241,2,0,2,8747,8,2,0,0,0,0,0,0,60,lru,0,0,0,0,0,0,8,1,8,0,7,0,0,0,0,0,0,0,0,0,0,13303808,0,13303808,21,18213062720606978481,0,0,0,0,0,0,0,0
layer,17,0,16,143,decode,38,8,4,4,1998,600,142,136,2,0,2,2182,8,5,0,0,0,0,0,0,60,lru,0,0,0,0,0,0,8,4,8,0,4,0,0,0,0,0,0,0,0,0,0,8159232,0,8159232,12,5075305020169880840,0,0,0,0,0,0,0,0
layer,17,0,16,143,decode,39,8,2,6,6004,879,680,208,2,0,2,6279,8,32,0,0,0,0,0,0,60,lru,0,0,0,0,0,0,8,2,8,0,6,0,1,0,0,0,0,0,0,0,0,12238848,0,12238848,18,4203132320158444510,0,0,0,0,0,0,0,0
request,17,0,16,0,decode,-1,0,0,0,0,0,0,0,0,0,0,0,0,0,0,0,0,0,0,0,0,,86665,659,0,0,17,0,0,0,0,0,0,0,0,0,0,0,0,0,0,0,0,0,0,0,0,0,0,0,0,0,0,0,0,0
