row_type,request_idx,repeat_idx,batch_idx,token_idx,phase,layer,k_required,k_hit,k_miss,ssd_read_us,h2d_us,compute_us,stall_us,pred_us,pred_observe_us,pred_score_us,callback_wall_us,topk_d2h_us,slot_ids_h2d_us,slot_table_h2d_us,eamc_rows_scored,eamc_cosine_us,eamc_score_materialize_us,eamc_score_cache_hits,eamc_score_cache_misses,cache_resident_experts,predictor,request_wall_us,request_end_us,predictor_end_us,predictor_save_us,profile_flush_us,sidecar_write_bytes,routes_required,routes_hit,routes_persistent,k_empty_admit,k_victim_admit,k_scratch,route_rank_us,host_cache_hits,host_cache_misses,host_cache_hit_bytes,host_cache_miss_bytes,host_cache_lookup_us,host_cache_fill_us,host_memcpy_us,host_memcpy_bytes,h2d_bytes,pinned_staging_wait_us,ssd_bytes,ssd_reads,route_hash,sere_secondary_routes,sere_rerouted_routes,sere_original_miss_routes,sere_original_unique_required,sere_original_unique_misses,sere_rerouted_miss_routes,sere_threshold_rejects,sere_similarity_sum
layer,1,0,0,0,prefill,0,176,0,176,973352,29706,14627,3187,2,2,0,980094,37,68,0,0,0,0,0,0,60,lru,0,0,0,0,0,0,1024,0,699,60,0,116,34,0,0,0,0,0,0,0,0,334495744,1512,334495744,528,12219648178270828789,0,0,0,0,0,0,0,0
layer,1,0,0,0,prefill,1,182,0,182,1002671,31303,2266,3128,2,2,0,1009572,23,45,0,0,0,0,0,0,60,lru,0,0,0,0,0,0,1024,0,725,60,0,122,31,0,0,0,0,0,0,0,0,345899008,1420,345899008,546,15277931125921217785,0,0,0,0,0,0,0,0
layer,1,0,0,0,prefill,2,206,0,206,982724,31784,7129,3977,1,1,0,990352,19,78,0,0,0,0,0,0,60,lru,0,0,0,0,0,0,1024,0,628,60,0,146,33,0,0,0,0,0,0,0,0,391512064,2037,391512064,618,17145500094531255386,0,0,0,0,0,0,0,0
layer,1,0,0,0,prefill,3,167,0,167,993320,30781,2181,2896,2,2,0,999290,21,54,0,0,0,0,0,0,60,lru,0,0,0,0,0,0,1024,0,821,60,0,107,29,0,0,0,0,0,0,0,0,317390848,1228,317390848,501,1673858601191253994,0,0,0,0,0,0,0,0
layer,1,0,0,0,prefill,4,124,0,124,887710,25060,1981,3783,1,1,0,892760,16,24,0,0,0,0,0,0,60,lru,0,0,0,0,0,0,1024,0,906,60,0,64,22,0,0,0,0,0,0,0,0,235667456,2011,235667456,372,14600063501994671226,0,0,0,0,0,0,0,0
layer,1,0,0,0,prefill,5,133,0,133,839169,25019,1831,2262,3,3,0,844024,24,30,0,0,0,0,0,0,60,lru,0,0,0,0,0,0,1024,0,880,60,0,73,25,0,0,0,0,0,0,0,0,252772352,732,252772352,399,9424053262310121956,0,0,0,0,0,0,0,0
layer,1,0,0,0,prefill,6,124,0,124,907663,25719,1760,2826,1,1,0,912485,16,47,0,0,0,0,0,0,60,lru,0,0,0,0,0,0,1024,0,905,60,0,64,21,0,0,0,0,0,0,0,0,235667456,1028,235667456,372,14934414221709185757,0,0,0,0,0,0,0,0
layer,1,0,0,0,prefill,7,116,0,116,857540,25052,1811,2615,2,2,0,861611,17,46,0,0,0,0,0,0,60,lru,0,0,0,0,0,0,1024,0,935,60,0,56,22,0,0,0,0,0,0,0,0,220463104,532,220463104,348,7179905249574162474,0,0,0,0,0,0,0,0
layer,1,0,0,0,prefill,8,97,0,97,761965,21403,1696,1858,1,1,0,765348,20,21,0,0,0,0,0,0,60,lru,0,0,0,0,0,0,1024,0,971,60,0,37,23,0,0,0,0,0,0,0,0,184352768,198,184352768,291,4627850918294769679,0,0,0,0,0,0,0,0
layer,1,0,0,0,prefill,9,112,0,112,770555,22657,1793,2262,2,2,0,774565,17,50,0,0,0,0,0,0,60,lru,0,0,0,0,0,0,1024,0,945,60,0,52,22,0,0,0,0,0,0,0,0,212860928,380,212860928,336,4645575692911528739,0,0,0,0,0,0,0,0
layer,1,0,0,0,prefill,10,118,0,118,890542,24547,1757,2329,1,1,0,895019,21,72,0,0,0,0,0,0,60,lru,0,0,0,0,0,0,1024,0,907,60,0,58,22,0,0,0,0,0,0,0,0,224264192,561,224264192,354,16800884933985854512,0,0,0,0,0,0,0,0
layer,1,0,0,0,prefill,11,120,0,120,995545,24154,1778,2409,3,3,0,1000031,24,50,0,0,0,0,0,0,60,lru,0,0,0,0,0,0,1024,0,892,60,0,60,24,0,0,0,0,0,0,0,0,228065280,497,228065280,360,17035824358329450958,0,0,0,0,0,0,0,0
layer,1,0,0,0,prefill,12,119,0,119,909038,23922,1764,2232,1,1,0,913268,18,45,0,0,0,0,0,0,60,lru,0,0,0,0,0,0,1024,0,916,60,0,59,21,0,0,0,0,0,0,0,0,226164736,569,226164736,357,6416490007006528880,0,0,0,0,0,0,0,0
layer,1,0,0,0,prefill,13,112,0,112,856669,23108,1780,2149,2,2,0,860619,15,49,0,0,0,0,0,0,60,lru,0,0,0,0,0,0,1024,0,916,60,0,52,20,0,0,0,0,0,0,0,0,212860928,527,212860928,336,11463464513360716238,0,0,0,0,0,0,0,0
layer,1,0,0,0,prefill,14,114,0,114,868494,23822,1682,2622,2,2,0,872638,16,54,0,0,0,0,0,0,60,lru,0,0,0,0,0,0,1024,0,937,60,0,54,21,0,0,0,0,0,0,0,0,216662016,786,216662016,342,4325479099591672170,0,0,0,0,0,0,0,0
layer,1,0,0,0,prefill,15,124,0,124,953496,25609,1849,2534,3,3,0,957808,20,55,0,0,0,0,0,0,60,lru,0,0,0,0,0,0,1024,0,930,60,0,64,23,0,0,0,0,0,0,0,0,235667456,608,235667456,372,970819422327397207,0,0,0,0,0,0,0,0
layer,1,0,0,0,prefill,16,121,0,121,930105,25019,1828,2195,1,1,0,934294,18,33,0,0,0,0,0,0,60,lru,0,0,0,0,0,0,1024,0,909,60,0,61,22,0,0,0,0,0,0,0,0,229965824,566,229965824,363,14380729604006571084,0,0,0,0,0,0,0,0
layer,1,0,0,0,prefill,17,132,0,132,971453,26492,1842,2426,2,2,0,976094,18,26,0,0,0,0,0,0,60,lru,0,0,0,0,0,0,1024,0,872,60,0,72,24,0,0,0,0,0,0,0,0,250871808,753,250871808,396,4671307045581148946,0,0,0,0,0,0,0,0
layer,1,0,0,0,prefill,18,130,0,130,969027,25533,1849,2877,1,1,0,973744,14,68,0,0,0,0,0,0,60,lru,0,0,0,0,0,0,1024,0,866,60,0,70,22,0,0,0,0,0,0,0,0,247070720,761,247070720,390,17898593779164621291,0,0,0,0,0,0,0,0
layer,1,0,0,0,prefill,19,117,0,117,872805,23219,1759,2251,2,2,0,876921,25,34,0,0,0,0,0,0,60,lru,0,0,0,0,0,0,1024,0,922,60,0,57,24,0,0,0,0,0,0,0,0,222363648,591,222363648,351,2163319464759232046,0,0,0,0,0,0,0,0
layer,1,0,0,0,prefill,20,112,0,112,911397,22856,1724,2182,2,2,0,915237,17,43,0,0,0,0,0,0,60,lru,0,0,0,0,0,0,1024,0,942,60,0,52,20,0,0,0,0,0,0,0,0,212860928,450,212860928,336,9921280713898615322,0,0,0,0,0,0,0,0
layer,1,0,0,0,prefill,21,118,0,118,890822,23489,1799,2299,2,2,0,894898,12,39,0,0,0,0,0,0,60,lru,0,0,0,0,0,0,1024,0,936,60,0,58,20,0,0,0,0,0,0,0,0,224264192,612,224264192,354,14809856661791415143,0,0,0,0,0,0,0,0
layer,1,0,0,0,prefill,22,131,0,131,890637,27246,1806,2437,1,1,0,895198,13,53,0,0,0,0,0,0,60,lru,0,0,0,0,0,0,1024,0,868,60,0,71,23,0,0,0,0,0,0,0,0,248971264,724,248971264,393,8380014407405543931,0,0,0,0,0,0,0,0
layer,1,0,0,0,prefill,23,135,0,135,721836,30431,1886,2271,3,3,0,726602,19,13,0,0,0,0,0,0,60,lru,0,0,0,0,0,0,1024,0,882,60,0,75,25,0,0,0,0,0,0,0,0,256573440,754,256573440,405,15581967104037421188,0,0,0,0,0,0,0,0
layer,1,0,0,0,prefill,24,123,0,123,680007,27988,1800,2042,1,1,0,684273,16,41,0,0,0,0,0,0,60,lru,0,0,0,0,0,0,1024,0,913,60,0,63,23,0,0,0,0,0,0,0,0,233766912,567,233766912,369,14789694810599579118,0,0,0,0,0,0,0,0
layer,1,0,0,0,prefill,25,127,0,127,665938,26964,1840,2302,2,2,0,670417,13,59,0,0,0,0,0,0,60,lru,0,0,0,0,0,0,1024,0,895,60,0,67,21,0,0,0,0,0,0,0,0,241369088,551,241369088,381,11689160194476348867,0,0,0,0,0,0,0,0
layer,1,0,0,0,prefill,26,135,0,135,696896,27787,1712,2194,1,1,0,701633,13,37,0,0,0,0,0,0,60,lru,0,0,0,0,0,0,1024,0,887,60,0,75,22,0,0,0,0,0,0,0,0,256573440,644,256573440,405,13178241015007328604,0,0,0,0,0,0,0,0
layer,1,0,0,0,prefill,27,132,0,132,724586,29577,1847,2507,3,3,0,729287,14,32,0,0,0,0,0,0,60,lru,0,0,0,0,0,0,1024,0,881,60,0,72,23,0,0,0,0,0,0,0,0,250871808,817,250871808,396,14846368672667771208,0,0,0,0,0,0,0,0
layer,1,0,0,0,prefill,28,129,0,129,629098,30341,1888,2483,1,1,0,633516,15,54,0,0,0,0,0,0,60,lru,0,0,0,0,0,0,1024,0,850,60,0,69,22,0,0,0,0,0,0,0,0,245170176,580,245170176,387,7888169583796691904,0,0,0,0,0,0,0,0
layer,1,0,0,0,prefill,29,137,0,137,564626,28316,1881,2259,2,2,0,569392,21,40,0,0,0,0,0,0,60,lru,0,0,0,0,0,0,1024,0,822,60,0,77,24,0,0,0,0,0,0,0,0,260374528,643,260374528,411,2104717543554312498,0,0,0,0,0,0,0,0
layer,1,0,0,0,prefill,30,147,0,147,628185,31808,1807,2217,1,1,0,633119,17,26,0,0,0,0,0,0,60,lru,0,0,0,0,0,0,1024,0,834,60,0,87,26,0,0,0,0,0,0,0,0,279379968,789,279379968,441,2048301277715180987,0,0,0,0,0,0,0,0
layer,1,0,0,0,prefill,31,128,0,128,544331,27270,1895,2329,2,2,0,548839,13,19,0,0,0,0,0,0,60,lru,0,0,0,0,0,0,1024,0,882,60,0,68,22,0,0,0,0,0,0,0,0,243269632,860,243269632,384,10929869390654555039,0,0,0,0,0,0,0,0
layer,1,0,0,0,prefill,32,138,0,138,599014,30216,1886,2258,2,2,0,603667,20,37,0,0,0,0,0,0,60,lru,0,0,0,0,0,0,1024,0,834,60,0,78,26,0,0,0,0,0,0,0,0,262275072,748,262275072,414,13826025403527238995,0,0,0,0,0,0,0,0
layer,1,0,0,0,prefill,33,146,0,146,590326,29231,1944,2128,2,2,0,595300,14,44,0,0,0,0,0,0,60,lru,0,0,0,0,0,0,1024,0,821,60,0,86,23,0,0,0,0,0,0,0,0,277479424,774,277479424,438,13381094655000008861,0,0,0,0,0,0,0,0
layer,1,0,0,0,prefill,34,153,0,153,635607,32175,6179,2124,1,1,0,640747,12,38,0,0,0,0,0,0,60,lru,0,0,0,0,0,0,1024,0,791,60,0,93,24,0,0,0,0,0,0,0,0,312090624,814,312090624,459,6306605809918136037,0,0,0,0,0,0,0,0
layer,1,0,0,0,prefill,35,138,0,138,595109,28742,1868,2230,3,3,0,599694,20,32,0,0,0,0,0,0,60,lru,0,0,0,0,0,0,1024,0,882,60,0,78,26,0,0,0,0,0,0,0,0,262275072,726,262275072,414,10396090839241596827,0,0,0,0,0,0,0,0
layer,1,0,0,0,prefill,36,145,0,145,598418,30955,1911,2375,1,1,0,603327,13,31,0,0,0,0,0,0,60,lru,0,0,0,0,0,0,1024,0,848,60,0,85,23,0,0,0,0,0,0,0,0,275578880,861,275578880,435,3277203410339951116,0,0,0,0,0,0,0,0
layer,1,0,0,0,prefill,37,134,0,134,570966,28621,1901,2158,2,2,0,575469,12,42,0,0,0,0,0,0,60,lru,0,0,0,0,0,0,1024,0,910,60,0,74,23,0,0,0,0,0,0,0,0,254672896,631,254672896,402,687463232770928696,0,0,0,0,0,0,0,0
layer,1,0,0,0,prefill,38,126,0,126,598514,29671,1726,1995,1,1,0,602794,14,24,0,0,0,0,0,0,60,lru,0,0,0,0,0,0,1024,0,906,60,0,66,22,0,0,0,0,0,0,0,0,257015808,506,257015808,378,3152204717211103003,0,0,0,0,0,0,0,0
layer,1,0,0,0,prefill,39,142,0,142,620430,31262,11877,2282,2,2,0,625219,12,61,0,0,0,0,0,0,60,lru,0,0,0,0,0,0,1024,0,893,60,0,82,23,0,0,0,0,0,0,0,0,289652736,786,289652736,426,18063871893985616342,0,0,0,0,0,0,0,0
request,1,0,0,0,prefill,-1,0,0,0,0,0,0,0,0,0,0,0,0,0,0,0,0,0,0,0,0,,32074608,33900,0,0,20,0,0,0,0,0,0,0,0,0,0,0,0,0,0,0,0,0,0,0,0,0,0,0,0,0,0,0,0,0
layer,2,0,1,128,decode,0,8,3,5,4237,2058,350,1307,44,0,44,6022,44,20,0,0,0,0,0,0,60,lru,0,0,0,0,0,0,8,3,8,0,5,0,61,0,0,0,0,0,0,0,0,9502720,0,9502720,15,7254485698621351976,0,0,5,8,5,0,0,0
layer,2,0,1,128,decode,1,8,4,4,5984,1163,231,421,28,1,27,6439,11,12,0,0,0,0,0,0,60,lru,0,0,0,0,0,0,8,4,8,0,4,0,34,0,0,0,0,0,0,0,0,7602176,0,7602176,12,4328414224302126305,0,0,4,8,4,0,0,0
layer,2,0,1,128,decode,2,8,4,4,4602,543,2062,132,35,0,35,4870,15,4,0,0,0,0,0,0,60,lru,0,0,0,0,0,0,8,4,8,0,4,0,29,0,0,0,0,0,0,0,0,7602176,0,7602176,12,1001171307569698806,0,0,4,8,4,0,0,0
layer,2,0,1,128,decode,3,8,2,6,4357,807,243,153,24,1,23,4678,13,8,0,0,0,0,0,0,60,lru,0,0,0,0,0,0,8,2,8,0,6,0,27,0,0,0,0,0,0,0,0,11403264,0,11403264,18,7879118728736304243,0,0,6,8,6,0,0,0
layer,2,0,1,128,decode,4,8,3,5,5098,678,223,86,17,0,17,5371,9,11,0,0,0,0,0,0,60,lru,0,0,0,0,0,0,8,3,8,0,5,0,18,0,0,0,0,0,0,0,0,9502720,0,9502720,15,8157219622342567720,0,0,5,8,5,0,0,0
layer,2,0,1,128,decode,5,8,5,3,14976,649,222,50,19,0,19,15145,8,4,0,0,0,0,0,0,60,lru,0,0,0,0,0,0,8,5,8,0,3,0,16,0,0,0,0,0,0,0,0,5701632,0,5701632,9,11604806328950607740,0,0,3,8,3,0,0,0
layer,2,0,1,128,decode,6,8,7,1,439,133,218,21,9,0,9,572,8,14,0,0,0,0,0,0,60,lru,0,0,0,0,0,0,8,7,8,0,1,0,12,0,0,0,0,0,0,0,0,1900544,0,1900544,3,9595127914444460934,0,0,1,8,1,0,0,0
layer,2,0,1,128,decode,7,8,7,1,381,158,225,22,13,0,13,480,8,3,0,0,0,0,0,0,60,lru,0,0,0,0,0,0,8,7,8,0,1,0,10,0,0,0,0,0,0,0,0,1900544,0,1900544,3,6110789278621683118,0,0,1,8,1,0,0,0
layer,2,0,1,128,decode,8,8,7,1,373,100,233,15,7,0,7,459,7,4,0,0,0,0,0,0,60,lru,0,0,0,0,0,0,8,7,8,0,1,0,14,0,0,0,0,0,0,0,0,1900544,0,1900544,3,11009270682043261506,0,0,1,8,1,0,0,0
layer,2,0,1,128,decode,9,8,6,2,686,286,227,46,2,0,2,808,8,4,0,0,0,0,0,0,60,lru,0,0,0,0,0,0,8,6,8,0,2,0,11,0,0,0,0,0,0,0,0,3801088,0,3801088,6,11304495276917889214,0,0,2,8,2,0,0,0
layer,2,0,1,128,decode,10,8,4,4,2632,559,188,112,2,0,2,2813,8,7,0,0,0,0,0,0,60,lru,0,0,0,0,0,0,8,4,8,0,4,0,6,0,0,0,0,0,0,0,0,7602176,0,7602176,12,15803557957215100032,0,0,4,8,4,0,0,0
layer,2,0,1,128,decode,11,8,5,3,1056,344,243,58,3,1,2,1188,8,3,0,0,0,0,0,0,60,lru,0,0,0,0,0,0,8,5,8,0,3,0,5,0,0,0,0,0,0,0,0,5701632,0,5701632,9,5515690665552396685,0,0,3,8,3,0,0,0
layer,2,0,1,128,decode,12,8,6,2,663,277,227,61,3,0,3,797,8,5,0,0,0,0,0,0,60,lru,0,0,0,0,0,0,8,6,8,0,2,0,8,0,0,0,0,0,0,0,0,3801088,0,3801088,6,14377724257657132143,0,0,2,8,2,0,0,0
layer,2,0,1,128,decode,13,8,6,2,6076,361,221,49,2,1,1,6196,8,5,0,0,0,0,0,0,60,lru,0,0,0,0,0,0,8,6,8,0,2,0,6,0,0,0,0,0,0,0,0,3801088,0,3801088,6,1307492344527778106,0,0,2,8,2,0,0,0
layer,2,0,1,128,decode,14,8,7,1,379,158,193,22,1,0,1,460,8,3,0,0,0,0,0,0,60,lru,0,0,0,0,0,0,8,7,8,0,1,0,4,0,0,0,0,0,0,0,0,1900544,0,1900544,3,4485037701910013768,0,0,1,8,1,0,0,0
layer,2,0,1,128,decode,15,8,8,0,0,0,261,0,1,1,0,28,8,2,0,0,0,0,0,0,60,lru,0,0,0,0,0,0,8,8,8,0,0,0,8,0,0,0,0,0,0,0,0,0,0,0,0,3980058925024748147,0,0,0,8,0,0,0,0
layer,2,0,1,128,decode,16,8,6,2,824,257,210,50,4,0,4,923,8,3,0,0,0,0,0,0,60,lru,0,0,0,0,0,0,8,6,8,0,2,0,4,0,0,0,0,0,0,0,0,3801088,0,3801088,6,1520042376657277118,0,0,2,8,2,0,0,0
layer,2,0,1,128,decode,17,8,6,2,678,264,237,45,5,1,4,803,8,6,0,0,0,0,0,0,60,lru,0,0,0,0,0,0,8,6,8,0,2,0,6,0,0,0,0,0,0,0,0,3801088,0,3801088,6,17242286561999112203,0,0,2,8,2,0,0,0
layer,2,0,1,128,decode,18,8,5,3,1042,413,189,76,2,0,2,1203,8,14,0,0,0,0,0,0,60,lru,0,0,0,0,0,0,8,5,8,0,3,0,3,0,0,0,0,0,0,0,0,5701632,0,5701632,9,17477815340518167930,0,0,3,8,3,0,0,0
layer,2,0,1,128,decode,19,8,6,2,8316,406,228,47,3,1,2,8437,8,3,0,0,0,0,0,0,60,lru,0,0,0,0,0,0,8,6,8,0,2,0,4,0,0,0,0,0,0,0,0,3801088,0,3801088,6,7001027055878190830,0,0,2,8,2,0,0,0
layer,2,0,1,128,decode,20,8,6,2,700,321,242,58,2,0,2,843,9,24,0,0,0,0,0,0,60,lru,0,0,0,0,0,0,8,6,8,0,2,0,3,0,0,0,0,0,0,0,0,3801088,0,3801088,6,2708815735651456751,0,0,2,8,2,0,0,0
layer,2,0,1,128,decode,21,8,7,1,660,191,218,15,2,1,1,740,8,2,0,0,0,0,0,0,60,lru,0,0,0,0,0,0,8,7,8,0,1,0,7,0,0,0,0,0,0,0,0,1900544,0,1900544,3,7704508630103240882,0,0,1,8,1,0,0,0
layer,2,0,1,128,decode,22,8,5,3,4656,397,186,73,2,0,2,4790,8,4,0,0,0,0,0,0,60,lru,0,0,0,0,0,0,8,5,8,0,3,0,4,0,0,0,0,0,0,0,0,5701632,0,5701632,9,1845266412580334140,0,0,3,8,3,0,0,0
layer,2,0,1,128,decode,23,8,6,2,663,275,230,52,4,1,3,795,9,6,0,0,0,0,0,0,60,lru,0,0,0,0,0,0,8,6,8,0,2,0,2,0,0,0,0,0,0,0,0,3801088,0,3801088,6,11423075746881571236,0,0,2,8,2,0,0,0
layer,2,0,1,128,decode,24,8,5,3,7714,430,207,48,2,0,2,7849,8,8,0,0,0,0,0,0,60,lru,0,0,0,0,0,0,8,5,8,0,3,0,4,0,0,0,0,0,0,0,0,5701632,0,5701632,9,12497833297056640796,0,0,3,8,3,0,0,0
layer,2,0,1,128,decode,25,8,4,4,6187,529,221,108,3,1,2,6357,8,4,0,0,0,0,0,0,60,lru,0,0,0,0,0,0,8,4,8,0,4,0,3,0,0,0,0,0,0,0,0,7602176,0,7602176,12,2469130425578470345,0,0,4,8,4,0,0,0
layer,2,0,1,128,decode,26,8,7,1,372,150,207,12,2,0,2,482,8,17,0,0,0,0,0,0,60,lru,0,0,0,0,0,0,8,7,8,0,1,0,6,0,0,0,0,0,0,0,0,1900544,0,1900544,3,1053491816991993220,0,0,1,8,1,0,0,0
layer,2,0,1,128,decode,27,8,4,4,1725,461,234,93,3,0,3,1887,8,6,0,0,0,0,0,0,60,lru,0,0,0,0,0,0,8,4,8,0,4,0,3,0,0,0,0,0,0,0,0,7602176,0,7602176,12,5393886175912153606,0,0,4,8,4,0,0,0
layer,2,0,1,128,decode,28,8,6,2,3562,281,232,42,3,0,3,3691,8,16,0,0,0,0,0,0,60,lru,0,0,0,0,0,0,8,6,8,0,2,0,5,0,0,0,0,0,0,0,0,3801088,0,3801088,6,15332712752622925119,0,0,2,8,2,0,0,0
layer,2,0,1,128,decode,29,8,4,4,5091,513,220,74,3,1,2,5274,7,4,0,0,0,0,0,0,60,lru,0,0,0,0,0,0,8,4,8,0,4,0,2,0,0,0,0,0,0,0,0,7602176,0,7602176,12,13375048892650805854,0,0,4,8,4,0,0,0
layer,2,0,1,128,decode,30,8,6,2,1676,262,192,25,3,0,3,1774,7,4,0,0,0,0,0,0,60,lru,0,0,0,0,0,0,8,6,8,0,2,0,4,0,0,0,0,0,0,0,0,3801088,0,3801088,6,13782977827483029981,0,0,2,8,2,0,0,0
layer,2,0,1,128,decode,31,8,5,3,4175,449,209,81,2,0,2,4300,8,3,0,0,0,0,0,0,60,lru,0,0,0,0,0,0,8,5,8,0,3,0,2,0,0,0,0,0,0,0,0,5701632,0,5701632,9,13939020910911204755,0,0,3,8,3,0,0,0
layer,2,0,1,128,decode,32,8,3,5,3909,650,231,132,2,0,2,4160,8,14,0,0,0,0,0,0,60,lru,0,0,0,0,0,0,8,3,8,0,5,0,4,0,0,0,0,0,0,0,0,9502720,0,9502720,15,5602116782344715367,0,0,5,8,5,0,0,0
layer,2,0,1,128,decode,33,8,4,4,7449,588,221,86,2,0,2,7624,8,3,0,0,0,0,0,0,60,lru,0,0,0,0,0,0,8,4,8,0,4,0,6,0,0,0,0,0,0,0,0,7602176,0,7602176,12,7589832193247832721,0,0,4,8,4,0,0,0
layer,2,0,1,128,decode,34,8,3,5,8393,798,219,142,2,0,2,8656,8,19,0,0,0,0,0,0,60,lru,0,0,0,0,0,0,8,3,8,0,5,0,3,0,0,0,0,0,0,0,0,10199040,0,10199040,15,7064816013019935396,0,0,5,8,5,0,0,0
layer,2,0,1,128,decode,35,8,6,2,5299,454,223,52,3,0,3,5422,9,4,0,0,0,0,0,0,60,lru,0,0,0,0,0,0,8,6,8,0,2,0,4,0,0,0,0,0,0,0,0,3801088,0,3801088,6,9740308546073552789,0,0,2,8,2,0,0,0
layer,2,0,1,128,decode,36,8,3,5,2409,643,208,44,4,0,4,2603,8,4,0,0,0,0,0,0,60,lru,0,0,0,0,0,0,8,3,8,0,5,0,3,0,0,0,0,0,0,0,0,9502720,0,9502720,15,4623111038456450604,0,0,5,8,5,0,0,0
layer,2,0,1,128,decode,37,8,5,3,5203,492,230,60,3,0,3,5418,8,18,0,0,0,0,0,0,60,lru,0,0,0,0,0,0,8,5,8,0,3,0,5,0,0,0,0,0,0,0,0,5701632,0,5701632,9,10094418978732537205,0,0,3,8,3,0,0,0
layer,2,0,1,128,decode,38,8,2,6,5894,842,189,135,2,0,2,6131,8,7,0,0,0,0,0,0,60,lru,0,0,0,0,0,0,8,2,8,0,6,0,3,0,0,0,0,0,0,0,0,12238848,0,12238848,18,6002352678584087619,0,0,6,8,6,0,0,0
layer,2,0,1,128,decode,39,8,3,5,9557,772,727,157,2,0,2,9793,8,14,0,0,0,0,0,0,60,lru,0,0,0,0,0,0,8,3,8,0,5,0,3,0,0,0,0,0,0,0,0,10199040,0,10199040,15,12905355854548117940,0,0,5,8,5,0,0,0
request,2,0,1,0,decode,-1,0,0,0,0,0,0,0,0,0,0,0,0,0,0,0,0,0,0,0,0,,182948,775,0,0,27,0,0,0,0,0,0,0,0,0,0,0,0,0,0,0,0,0,0,0,0,0,0,0,0,0,0,0,0,0
layer,3,0,2,129,decode,0,8,2,6,2282,802,454,217,6,0,6,2574,12,17,0,0,0,0,0,0,60,lru,0,0,0,0,0,0,8,2,8,0,6,0,11,0,0,0,0,0,0,0,0,11403264,0,11403264,18,4009942129221919342,0,0,6,8,6,0,0,0
layer,3,0,2,129,decode,1,8,2,6,7140,813,431,191,7,0,7,7413,10,11,0,0,0,0,0,0,60,lru,0,0,0,0,0,0,8,2,8,0,6,0,10,0,0,0,0,0,0,0,0,11403264,0,11403264,18,18217181162900242125,0,0,6,8,6,0,0,0
layer,3,0,2,129,decode,2,8,7,1,344,151,404,55,7,0,7,480,9,28,0,0,0,0,0,0,60,lru,0,0,0,0,0,0,8,7,8,0,1,0,8,0,0,0,0,0,0,0,0,1900544,0,1900544,3,12103677070006543548,0,0,1,8,1,0,0,0
layer,3,0,2,129,decode,3,8,4,4,2659,485,463,147,6,0,6,2869,9,7,0,0,0,0,0,0,60,lru,0,0,0,0,0,0,8,4,8,0,4,0,6,0,0,0,0,0,0,0,0,7602176,0,7602176,12,9198642985979581907,0,0,4,8,4,0,0,0
layer,3,0,2,129,decode,4,8,6,2,1222,254,418,26,6,0,6,1336,9,5,0,0,0,0,0,0,60,lru,0,0,0,0,0,0,8,6,8,0,2,0,7,0,0,0,0,0,0,0,0,3801088,0,3801088,6,316360594592359844,0,0,2,8,2,0,0,0
layer,3,0,2,129,decode,5,8,5,3,1108,421,621,64,6,0,6,1253,9,3,0,0,0,0,0,0,60,lru,0,0,0,0,0,0,8,5,8,0,3,0,7,0,0,0,0,0,0,0,0,5701632,0,5701632,9,10033590023762998123,0,0,3,8,3,0,0,0
layer,3,0,2,129,decode,6,8,7,1,366,187,402,17,5,0,5,464,11,4,0,0,0,0,0,0,60,lru,0,0,0,0,0,0,8,7,8,0,1,0,9,0,0,0,0,0,0,0,0,1900544,0,1900544,3,15490833820647820463,0,0,1,8,1,0,0,0
layer,3,0,2,129,decode,7,8,8,0,0,0,468,0,0,0,0,33,9,2,0,0,0,0,0,0,60,lru,0,0,0,0,0,0,8,8,8,0,0,0,6,0,0,0,0,0,0,0,0,0,0,0,0,14146416194496846403,0,0,0,8,0,0,0,0
layer,3,0,2,129,decode,8,8,8,0,0,0,449,0,0,0,0,28,9,2,0,0,0,0,0,0,60,lru,0,0,0,0,0,0,8,8,8,0,0,0,6,0,0,0,0,0,0,0,0,0,0,0,0,10079190880169119211,0,0,0,8,0,0,0,0
layer,3,0,2,129,decode,9,8,7,1,336,171,438,15,2,0,2,414,8,3,0,0,0,0,0,0,60,lru,0,0,0,0,0,0,8,7,8,0,1,0,6,0,0,0,0,0,0,0,0,1900544,0,1900544,3,4429355030589802168,0,0,1,8,1,0,0,0
layer,3,0,2,129,decode,10,8,5,3,1045,422,339,104,1,0,1,1218,9,15,0,0,0,0,0,0,60,lru,0,0,0,0,0,0,8,5,8,0,3,0,6,0,0,0,0,0,0,0,0,5701632,0,5701632,9,10057024807057288266,0,0,3,8,3,0,0,0
layer,3,0,2,129,decode,11,8,3,5,3946,661,577,179,3,0,3,4182,9,16,0,0,0,0,0,0,60,lru,0,0,0,0,0,0,8,3,8,0,5,0,5,0,0,0,0,0,0,0,0,9502720,0,9502720,15,15740224724942159143,0,0,5,8,5,0,0,0
layer,3,0,2,129,decode,12,8,5,3,1007,401,451,67,2,0,2,1145,11,4,0,0,0,0,0,0,60,lru,0,0,0,0,0,0,8,5,8,0,3,0,7,0,0,0,0,0,0,0,0,5701632,0,5701632,9,6295255665047525046,0,0,3,8,3,0,0,0
layer,3,0,2,129,decode,13,8,4,4,1367,533,747,118,2,0,2,1560,10,15,0,0,0,0,0,0,60,lru,0,0,0,0,0,0,8,4,8,0,4,0,7,0,0,0,0,0,0,0,0,7602176,0,7602176,12,11415031381658446584,0,0,4,8,4,0,0,0
layer,3,0,2,129,decode,14,8,5,3,6187,547,403,63,2,0,2,6359,12,13,0,0,0,0,0,0,60,lru,0,0,0,0,0,0,8,5,8,0,3,0,7,0,0,0,0,0,0,0,0,5701632,0,5701632,9,11179997196429510639,0,0,3,8,3,0,0,0
layer,3,0,2,129,decode,15,8,5,3,1017,399,426,90,1,0,1,1177,10,15,0,0,0,0,0,0,60,lru,0,0,0,0,0,0,8,5,8,0,3,0,4,0,0,0,0,0,0,0,0,5701632,0,5701632,9,7233078550582138417,0,0,3,8,3,0,0,0
layer,3,0,2,129,decode,16,8,5,3,6334,499,407,98,1,0,1,6510,9,13,0,0,0,0,0,0,60,lru,0,0,0,0,0,0,8,5,8,0,3,0,4,0,0,0,0,0,0,0,0,5701632,0,5701632,9,2510026629505768952,0,0,3,8,3,0,0,0
layer,3,0,2,129,decode,17,8,6,2,803,286,406,76,2,0,2,925,9,15,0,0,0,0,0,0,60,lru,0,0,0,0,0,0,8,6,8,0,2,0,5,0,0,0,0,0,0,0,0,3801088,0,3801088,6,6072427140901157797,0,0,2,8,2,0,0,0
layer,3,0,2,129,decode,18,8,5,3,2688,421,381,78,2,0,2,2849,9,14,0,0,0,0,0,0,60,lru,0,0,0,0,0,0,8,5,8,0,3,0,6,0,0,0,0,0,0,0,0,5701632,0,5701632,9,13196912883624368847,0,0,3,8,3,0,0,0
layer,3,0,2,129,decode,19,8,8,0,0,0,564,0,0,0,0,28,9,3,0,0,0,0,0,0,60,lru,0,0,0,0,0,0,8,8,8,0,0,0,6,0,0,0,0,0,0,0,0,0,0,0,0,7793243685421675599,0,0,0,8,0,0,0,0
layer,3,0,2,129,decode,20,8,8,0,0,0,445,0,0,0,0,29,10,2,0,0,0,0,0,0,60,lru,0,0,0,0,0,0,8,8,8,0,0,0,6,0,0,0,0,0,0,0,0,0,0,0,0,16033453809180578344,0,0,0,8,0,0,0,0
layer,3,0,2,129,decode,21,8,6,2,5885,395,419,35,2,0,2,6015,8,12,0,0,0,0,0,0,60,lru,0,0,0,0,0,0,8,6,8,0,2,0,5,0,0,0,0,0,0,0,0,3801088,0,3801088,6,12405822552386308218,0,0,2,8,2,0,0,0
layer,3,0,2,129,decode,22,8,4,4,2031,521,398,135,2,0,2,2231,9,18,0,0,0,0,0,0,60,lru,0,0,0,0,0,0,8,4,8,0,4,0,4,0,0,0,0,0,0,0,0,7602176,0,7602176,12,2827174252616420466,0,0,4,8,4,0,0,0
layer,3,0,2,129,decode,23,8,1,7,6835,899,394,233,3,0,3,7141,9,4,0,0,0,0,0,0,60,lru,0,0,0,0,0,0,8,1,8,0,7,0,5,0,0,0,0,0,0,0,0,13303808,0,13303808,21,3672429565504879950,0,0,7,8,7,0,0,0
layer,3,0,2,129,decode,24,8,5,3,1256,449,386,124,3,0,3,1408,9,6,0,0,0,0,0,0,60,lru,0,0,0,0,0,0,8,5,8,0,3,0,8,0,0,0,0,0,0,0,0,5701632,0,5701632,9,5993976759942564607,0,0,3,8,3,0,0,0
layer,3,0,2,129,decode,25,8,6,2,682,285,496,40,3,0,3,790,9,3,0,0,0,0,0,0,60,lru,0,0,0,0,0,0,8,6,8,0,2,0,5,0,0,0,0,0,0,0,0,3801088,0,3801088,6,10142880585772523441,0,0,2,8,2,0,0,0
layer,3,0,2,129,decode,26,8,6,2,772,312,362,36,2,0,2,884,10,5,0,0,0,0,0,0,60,lru,0,0,0,0,0,0,8,6,8,0,2,0,6,0,0,0,0,0,0,0,0,3801088,0,3801088,6,823042062324727788,0,0,2,8,2,0,0,0
layer,3,0,2,129,decode,27,8,4,4,1441,500,425,106,2,0,2,1610,9,3,0,0,0,0,0,0,60,lru,0,0,0,0,0,0,8,4,8,0,4,0,5,0,0,0,0,0,0,0,0,7602176,0,7602176,12,17127710065731334612,0,0,4,8,4,0,0,0
layer,3,0,2,129,decode,28,8,5,3,4688,334,419,89,3,0,3,4830,10,3,0,0,0,0,0,0,60,lru,0,0,0,0,0,0,8,5,8,0,3,0,6,0,0,0,0,0,0,0,0,5701632,0,5701632,9,1662305469876609592,0,0,3,8,3,0,0,0
layer,3,0,2,129,decode,29,8,4,4,1576,561,410,103,2,0,2,1761,9,15,0,0,0,0,0,0,60,lru,0,0,0,0,0,0,8,4,8,0,4,0,5,0,0,0,0,0,0,0,0,7602176,0,7602176,12,2941479158524053642,0,0,4,8,4,0,0,0
layer,3,0,2,129,decode,30,8,3,5,5240,697,696,185,2,0,2,5476,9,20,0,0,0,0,0,0,60,lru,0,0,0,0,0,0,8,3,8,0,5,0,5,0,0,0,0,0,0,0,0,9502720,0,9502720,15,2026413415075218670,0,0,5,8,5,0,0,0
layer,3,0,2,129,decode,31,8,2,6,7964,954,445,221,2,0,2,8239,11,13,0,0,0,0,0,0,60,lru,0,0,0,0,0,0,8,2,8,0,6,0,5,0,0,0,0,0,0,0,0,11403264,0,11403264,18,3826497831044602858,0,0,6,8,6,0,0,0
layer,3,0,2,129,decode,32,8,3,5,3342,656,507,149,3,0,3,3604,10,19,0,0,0,0,0,0,60,lru,0,0,0,0,0,0,8,3,8,0,5,0,4,0,0,0,0,0,0,0,0,9502720,0,9502720,15,11308038024691896505,0,0,5,8,5,0,0,0
layer,3,0,2,129,decode,33,8,2,6,3578,812,407,122,2,0,2,3816,10,4,0,0,0,0,0,0,60,lru,0,0,0,0,0,0,8,2,8,0,6,0,6,0,0,0,0,0,0,0,0,11403264,0,11403264,18,6137498437151561856,0,0,6,8,6,0,0,0
layer,3,0,2,129,decode,34,8,3,5,5744,703,370,132,2,0,2,5942,10,3,0,0,0,0,0,0,60,lru,0,0,0,0,0,0,8,3,8,0,5,0,5,0,0,0,0,0,0,0,0,10199040,0,10199040,15,2924331120764195644,0,0,5,8,5,0,0,0
layer,3,0,2,129,decode,35,8,0,8,7690,1229,405,260,1,0,1,8014,9,8,0,0,0,0,0,0,60,lru,0,0,0,0,0,0,8,0,8,0,8,0,4,0,0,0,0,0,0,0,0,15204352,0,15204352,24,489601649176824821,0,0,8,8,8,0,0,0
layer,3,0,2,129,decode,36,8,4,4,1727,538,398,115,3,0,3,1935,9,16,0,0,0,0,0,0,60,lru,0,0,0,0,0,0,8,4,8,0,4,0,7,0,0,0,0,0,0,0,0,7602176,0,7602176,12,6841763421531395713,0,0,4,8,4,0,0,0
layer,3,0,2,129,decode,37,8,2,6,5900,772,412,171,1,0,1,6129,9,7,0,0,0,0,0,0,60,lru,0,0,0,0,0,0,8,2,8,0,6,0,5,0,0,0,0,0,0,0,0,11403264,0,11403264,18,4838366014700850840,0,0,6,8,6,0,0,0
layer,3,0,2,129,decode,38,8,4,4,1883,581,470,109,3,0,3,2066,9,4,0,0,0,0,0,0,60,lru,0,0,0,0,0,0,8,4,8,0,4,0,4,0,0,0,0,0,0,0,0,8159232,0,8159232,12,12957776315629321224,0,0,4,8,4,0,0,0
layer,3,0,2,129,decode,39,8,3,5,2627,641,816,87,2,0,2,2827,10,4,0,0,0,0,0,0,60,lru,0,0,0,0,0,0,8,3,8,0,5,0,5,0,0,0,0,0,0,0,0,10199040,0,10199040,15,17451067373868649392,0,0,5,8,5,0,0,0
request,3,0,2,0,decode,-1,0,0,0,0,0,0,0,0,0,0,0,0,0,0,0,0,0,0,0,0,,139691,829,0,0,16,0,0,0,0,0,0,0,0,0,0,0,0,0,0,0,0,0,0,0,0,0,0,0,0,0,0,0,0,0
layer,4,0,3,130,decode,0,8,4,4,1696,497,151,146,5,0,5,1900,11,10,0,0,0,0,0,0,60,lru,0,0,0,0,0,0,8,4,8,0,4,0,10,0,0,0,0,0,0,0,0,7602176,0,7602176,12,13078433122374814054,0,0,4,8,4,0,0,0
layer,4,0,3,130,decode,1,8,6,2,705,286,158,52,6,0,6,812,8,3,0,0,0,0,0,0,60,lru,0,0,0,0,0,0,8,6,8,0,2,0,7,0,0,0,0,0,0,0,0,3801088,0,3801088,6,11575009245088819475,0,0,2,8,2,0,0,0
layer,4,0,3,130,decode,2,8,4,4,1435,526,142,153,7,0,7,1610,8,3,0,0,0,0,0,0,60,lru,0,0,0,0,0,0,8,4,8,0,4,0,7,0,0,0,0,0,0,0,0,7602176,0,7602176,12,12775780078486283939,0,0,4,8,4,0,0,0
layer,4,0,3,130,decode,3,8,7,1,331,103,167,35,6,0,6,418,8,3,0,0,0,0,0,0,60,lru,0,0,0,0,0,0,8,7,8,0,1,0,6,0,0,0,0,0,0,0,0,1900544,0,1900544,3,12333402507183870269,0,0,1,8,1,0,0,0
layer,4,0,3,130,decode,4,8,7,1,344,172,155,26,4,0,4,414,8,2,0,0,0,0,0,0,60,lru,0,0,0,0,0,0,8,7,8,0,1,0,6,0,0,0,0,0,0,0,0,1900544,0,1900544,3,1853324992290510841,0,0,1,8,1,0,0,0
layer,4,0,3,130,decode,5,8,6,2,679,308,157,70,5,0,5,789,8,4,0,0,0,0,0,0,60,lru,0,0,0,0,0,0,8,6,8,0,2,0,6,0,0,0,0,0,0,0,0,3801088,0,3801088,6,1770990968771014973,0,0,2,8,2,0,0,0
layer,4,0,3,130,decode,6,8,5,3,1065,402,143,76,5,0,5,1224,8,9,0,0,0,0,0,0,60,lru,0,0,0,0,0,0,8,5,8,0,3,0,6,0,0,0,0,0,0,0,0,5701632,0,5701632,9,1916517387032497030,0,0,3,8,3,0,0,0
layer,4,0,3,130,decode,7,8,7,1,318,168,160,16,5,0,5,391,8,2,0,0,0,0,0,0,60,lru,0,0,0,0,0,0,8,7,8,0,1,0,6,0,0,0,0,0,0,0,0,1900544,0,1900544,3,10163830558002987818,0,0,1,8,1,0,0,0
layer,4,0,3,130,decode,8,8,8,0,0,0,180,0,0,0,0,26,8,2,0,0,0,0,0,0,60,lru,0,0,0,0,0,0,8,8,8,0,0,0,6,0,0,0,0,0,0,0,0,0,0,0,0,570941305267716897,0,0,0,8,0,0,0,0
layer,4,0,3,130,decode,9,8,8,0,0,0,185,0,0,0,0,22,7,2,0,0,0,0,0,0,60,lru,0,0,0,0,0,0,8,8,8,0,0,0,5,0,0,0,0,0,0,0,0,0,0,0,0,4306283493099630016,0,0,0,8,0,0,0,0
layer,4,0,3,130,decode,10,8,8,0,0,0,162,0,0,0,0,18,7,2,0,0,0,0,0,0,60,lru,0,0,0,0,0,0,8,8,8,0,0,0,3,0,0,0,0,0,0,0,0,0,0,0,0,17306499330006666642,0,0,0,8,0,0,0,0
layer,4,0,3,130,decode,11,8,6,2,632,289,160,61,3,0,3,722,7,2,0,0,0,0,0,0,60,lru,0,0,0,0,0,0,8,6,8,0,2,0,3,0,0,0,0,0,0,0,0,3801088,0,3801088,6,18278226633603288318,0,0,2,8,2,0,0,0
layer,4,0,3,130,decode,12,8,6,2,620,278,152,101,2,0,2,762,7,19,0,0,0,0,0,0,60,lru,0,0,0,0,0,0,8,6,8,0,2,0,4,0,0,0,0,0,0,0,0,3801088,0,3801088,6,13138297533184422298,0,0,2,8,2,0,0,0
layer,4,0,3,130,decode,13,8,6,2,635,283,159,60,3,0,3,734,7,3,0,0,0,0,0,0,60,lru,0,0,0,0,0,0,8,6,8,0,2,0,3,0,0,0,0,0,0,0,0,3801088,0,3801088,6,5465802783897839901,0,0,2,8,2,0,0,0
layer,4,0,3,130,decode,14,8,8,0,0,0,163,0,0,0,0,21,8,2,0,0,0,0,0,0,60,lru,0,0,0,0,0,0,8,8,8,0,0,0,3,0,0,0,0,0,0,0,0,0,0,0,0,4328350500800064422,0,0,0,8,0,0,0,0
layer,4,0,3,130,decode,15,8,7,1,308,170,160,33,2,0,2,420,7,18,0,0,0,0,0,0,60,lru,0,0,0,0,0,0,8,7,8,0,1,0,3,0,0,0,0,0,0,0,0,1900544,0,1900544,3,4609160861113935129,0,0,1,8,1,0,0,0
layer,4,0,3,130,decode,16,8,7,1,267,165,154,47,1,0,1,360,8,17,0,0,0,0,0,0,60,lru,0,0,0,0,0,0,8,7,8,0,1,0,2,0,0,0,0,0,0,0,0,1900544,0,1900544,3,17392070569984965743,0,0,1,8,1,0,0,0
layer,4,0,3,130,decode,17,8,5,3,6354,499,160,94,2,0,2,6494,8,3,0,0,0,0,0,0,60,lru,0,0,0,0,0,0,8,5,8,0,3,0,3,0,0,0,0,0,0,0,0,5701632,0,5701632,9,3944703500144734787,0,0,3,8,3,0,0,0
layer,4,0,3,130,decode,18,8,7,1,421,214,143,15,1,0,1,500,8,4,0,0,0,0,0,0,60,lru,0,0,0,0,0,0,8,7,8,0,1,0,3,0,0,0,0,0,0,0,0,1900544,0,1900544,3,2695266850908819127,0,0,1,8,1,0,0,0
layer,4,0,3,130,decode,19,8,6,2,810,284,160,24,2,0,2,902,8,4,0,0,0,0,0,0,60,lru,0,0,0,0,0,0,8,6,8,0,2,0,2,0,0,0,0,0,0,0,0,3801088,0,3801088,6,8376587437975974901,0,0,2,8,2,0,0,0
layer,4,0,3,130,decode,20,8,6,2,670,317,153,57,2,0,2,801,7,17,0,0,0,0,0,0,60,lru,0,0,0,0,0,0,8,6,8,0,2,0,3,0,0,0,0,0,0,0,0,3801088,0,3801088,6,2200470684745981630,0,0,2,8,2,0,0,0
layer,4,0,3,130,decode,21,8,7,1,5419,301,159,25,1,0,1,5485,8,4,0,0,0,0,0,0,60,lru,0,0,0,0,0,0,8,7,8,0,1,0,2,0,0,0,0,0,0,0,0,1900544,0,1900544,3,12736164035895235971,0,0,1,8,1,0,0,0
layer,4,0,3,130,decode,22,8,8,0,0,0,163,0,0,0,0,20,8,2,0,0,0,0,0,0,60,lru,0,0,0,0,0,0,8,8,8,0,0,0,2,0,0,0,0,0,0,0,0,0,0,0,0,6839886252152842960,0,0,0,8,0,0,0,0
layer,4,0,3,130,decode,23,8,4,4,2880,492,155,104,3,0,3,3032,8,4,0,0,0,0,0,0,60,lru,0,0,0,0,0,0,8,4,8,0,4,0,3,0,0,0,0,0,0,0,0,7602176,0,7602176,12,9773553938610774363,0,0,4,8,4,0,0,0
layer,4,0,3,130,decode,24,8,6,2,679,294,152,48,3,0,3,800,8,8,0,0,0,0,0,0,60,lru,0,0,0,0,0,0,8,6,8,0,2,0,3,0,0,0,0,0,0,0,0,3801088,0,3801088,6,11684343790876133667,0,0,2,8,2,0,0,0
layer,4,0,3,130,decode,25,8,4,4,1614,535,160,94,2,0,2,1773,8,3,0,0,0,0,0,0,60,lru,0,0,0,0,0,0,8,4,8,0,4,0,3,0,0,0,0,0,0,0,0,7602176,0,7602176,12,6485053647929682663,0,0,4,8,4,0,0,0
layer,4,0,3,130,decode,26,8,6,2,686,281,141,25,2,0,2,827,8,19,0,0,0,0,0,0,60,lru,0,0,0,0,0,0,8,6,8,0,2,0,3,0,0,0,0,0,0,0,0,3801088,0,3801088,6,14544126732160735497,0,0,2,8,2,0,0,0
layer,4,0,3,130,decode,27,8,5,3,2424,431,159,69,2,0,2,2553,8,3,0,0,0,0,0,0,60,lru,0,0,0,0,0,0,8,5,8,0,3,0,2,0,0,0,0,0,0,0,0,5701632,0,5701632,9,6823690627152988879,0,0,3,8,3,0,0,0
layer,4,0,3,130,decode,28,8,4,4,1580,489,152,113,2,0,2,1746,7,2,0,0,0,0,0,0,60,lru,0,0,0,0,0,0,8,4,8,0,4,0,2,0,0,0,0,0,0,0,0,7602176,0,7602176,12,349486446725407584,0,0,4,8,4,0,0,0
layer,4,0,3,130,decode,29,8,3,5,2183,663,155,117,2,0,2,2379,8,3,0,0,0,0,0,0,60,lru,0,0,0,0,0,0,8,3,8,0,5,0,3,0,0,0,0,0,0,0,0,9502720,0,9502720,15,16199493245887441152,0,0,5,8,5,0,0,0
layer,4,0,3,130,decode,30,8,5,3,1483,448,141,93,1,0,1,1615,8,2,0,0,0,0,0,0,60,lru,0,0,0,0,0,0,8,5,8,0,3,0,2,0,0,0,0,0,0,0,0,5701632,0,5701632,9,1404569545392261074,0,0,3,8,3,0,0,0
layer,4,0,3,130,decode,31,8,3,5,14082,778,162,180,2,0,2,14281,8,3,0,0,0,0,0,0,60,lru,0,0,0,0,0,0,8,3,8,0,5,0,2,0,0,0,0,0,0,0,0,9502720,0,9502720,15,3716655159948314648,0,0,5,8,5,0,0,0
layer,4,0,3,130,decode,32,8,5,3,2577,401,155,65,2,0,2,2712,8,10,0,0,0,0,0,0,60,lru,0,0,0,0,0,0,8,5,8,0,3,0,3,0,0,0,0,0,0,0,0,5701632,0,5701632,9,16475801543602089066,0,0,3,8,3,0,0,0
layer,4,0,3,130,decode,33,8,6,2,1034,280,157,16,1,0,1,1140,8,3,0,0,0,0,0,0,60,lru,0,0,0,0,0,0,8,6,8,0,2,0,4,0,0,0,0,0,0,0,0,3801088,0,3801088,6,773282973272797791,0,0,2,8,2,0,0,0
layer,4,0,3,130,decode,34,8,5,3,2576,428,143,73,3,0,3,2731,8,16,0,0,0,0,0,0,60,lru,0,0,0,0,0,0,8,5,8,0,3,0,2,0,0,0,0,0,0,0,0,6119424,0,6119424,9,11843698614937012962,0,0,3,8,3,0,0,0
layer,4,0,3,130,decode,35,8,3,5,5272,624,157,130,2,0,2,5489,8,16,0,0,0,0,0,0,60,lru,0,0,0,0,0,0,8,3,8,0,5,0,3,0,0,0,0,0,0,0,0,9502720,0,9502720,15,16302463268942012278,0,0,5,8,5,0,0,0
layer,4,0,3,130,decode,36,8,4,4,1588,548,152,72,3,0,3,1766,7,7,0,0,0,0,0,0,60,lru,0,0,0,0,0,0,8,4,8,0,4,0,3,0,0,0,0,0,0,0,0,7602176,0,7602176,12,7018357701807364861,0,0,4,8,4,0,0,0
layer,4,0,3,130,decode,37,8,7,1,363,168,158,9,2,0,2,424,8,3,0,0,0,0,0,0,60,lru,0,0,0,0,0,0,8,7,8,0,1,0,2,0,0,0,0,0,0,0,0,1900544,0,1900544,3,14677570399647814746,0,0,1,8,1,0,0,0
layer,4,0,3,130,decode,38,8,7,1,341,115,147,17,2,0,2,404,7,3,0,0,0,0,0,0,60,lru,0,0,0,0,0,0,8,7,8,0,1,0,3,0,0,0,0,0,0,0,0,2039808,0,2039808,3,1712043294837794992,0,0,1,8,1,0,0,0
layer,4,0,3,130,decode,39,8,8,0,0,0,693,0,0,0,0,21,8,2,0,0,0,0,0,0,60,lru,0,0,0,0,0,0,8,8,8,0,0,0,2,0,0,0,0,0,0,0,0,0,0,0,0,7106163583469583217,0,0,0,8,0,0,0,0
request,4,0,3,0,decode,-1,0,0,0,0,0,0,0,0,0,0,0,0,0,0,0,0,0,0,0,0,,78714,615,0,0,18,0,0,0,0,0,0,0,0,0,0,0,0,0,0,0,0,0,0,0,0,0,0,0,0,0,0,0,0,0
layer,5,0,4,131,decode,0,8,4,4,1487,561,152,148,6,0,6,1677,10,18,0,0,0,0,0,0,60,lru,0,0,0,0,0,0,8,4,8,0,4,0,8,0,0,0,0,0,0,0,0,7602176,0,7602176,12,3400594129893413490,0,0,4,8,4,0,0,0
layer,5,0,4,131,decode,1,8,6,2,703,309,157,27,6,0,6,875,8,17,0,0,0,0,0,0,60,lru,0,0,0,0,0,0,8,6,8,0,2,0,6,0,0,0,0,0,0,0,0,3801088,0,3801088,6,1622631980957341391,0,0,2,8,2,0,0,0
layer,5,0,4,131,decode,2,8,4,4,1453,568,141,127,7,0,7,1675,8,34,0,0,0,0,0,0,60,lru,0,0,0,0,0,0,8,4,8,0,4,0,7,0,0,0,0,0,0,0,0,7602176,0,7602176,12,12151986283871875465,0,0,4,8,4,0,0,0
layer,5,0,4,131,decode,3,8,6,2,685,272,159,51,5,0,5,800,8,2,0,0,0,0,0,0,60,lru,0,0,0,0,0,0,8,6,8,0,2,0,6,0,0,0,0,0,0,0,0,3801088,0,3801088,6,2101872403373501589,0,0,2,8,2,0,0,0
layer,5,0,4,131,decode,4,8,8,0,0,0,181,0,0,0,0,27,8,2,0,0,0,0,0,0,60,lru,0,0,0,0,0,0,8,8,8,0,0,0,5,0,0,0,0,0,0,0,0,0,0,0,0,7622263257878340200,0,0,0,8,0,0,0,0
layer,5,0,4,131,decode,5,8,5,3,1040,452,155,112,5,0,5,1176,7,4,0,0,0,0,0,0,60,lru,0,0,0,0,0,0,8,5,8,0,3,0,6,0,0,0,0,0,0,0,0,5701632,0,5701632,9,10729297848827678899,0,0,3,8,3,0,0,0
layer,5,0,4,131,decode,6,8,7,1,353,200,144,28,5,0,5,476,13,25,0,0,0,0,0,0,60,lru,0,0,0,0,0,0,8,7,8,0,1,0,6,0,0,0,0,0,0,0,0,1900544,0,1900544,3,11233681060087091100,0,0,1,8,1,0,0,0
layer,5,0,4,131,decode,7,8,7,1,334,206,160,29,5,0,5,430,8,7,0,0,0,0,0,0,60,lru,0,0,0,0,0,0,8,7,8,0,1,0,6,0,0,0,0,0,0,0,0,1900544,0,1900544,3,4572866224446575980,0,0,1,8,1,0,0,0
layer,5,0,4,131,decode,8,8,7,1,325,211,153,24,5,0,5,400,8,3,0,0,0,0,0,0,60,lru,0,0,0,0,0,0,8,7,8,0,1,0,6,0,0,0,0,0,0,0,0,1900544,0,1900544,3,11283658301612384115,0,0,1,8,1,0,0,0
layer,5,0,4,131,decode,9,8,8,0,0,0,185,0,0,0,0,25,8,2,0,0,0,0,0,0,60,lru,0,0,0,0,0,0,8,8,8,0,0,0,5,0,0,0,0,0,0,0,0,0,0,0,0,13484504841049574415,0,0,0,8,0,0,0,0
layer,5,0,4,131,decode,10,8,5,3,1034,358,143,92,2,0,2,1164,8,3,0,0,0,0,0,0,60,lru,0,0,0,0,0,0,8,5,8,0,3,0,3,0,0,0,0,0,0,0,0,5701632,0,5701632,9,4476136351447464179,0,0,3,8,3,0,0,0
layer,5,0,4,131,decode,11,8,5,3,4702,466,159,122,3,0,3,4888,8,15,0,0,0,0,0,0,60,lru,0,0,0,0,0,0,8,5,8,0,3,0,3,0,0,0,0,0,0,0,0,5701632,0,5701632,9,17014989646500328597,0,0,3,8,3,0,0,0
layer,5,0,4,131,decode,12,8,8,0,0,0,178,0,0,0,0,24,7,2,0,0,0,0,0,0,60,lru,0,0,0,0,0,0,8,8,8,0,0,0,5,0,0,0,0,0,0,0,0,0,0,0,0,14734794718832227792,0,0,0,8,0,0,0,0
layer,5,0,4,131,decode,13,8,6,2,711,309,160,100,2,0,2,841,7,16,0,0,0,0,0,0,60,lru,0,0,0,0,0,0,8,6,8,0,2,0,3,0,0,0,0,0,0,0,0,3801088,0,3801088,6,12432032490679313371,0,0,2,8,2,0,0,0
layer,5,0,4,131,decode,14,8,6,2,693,347,141,64,2,0,2,789,8,4,0,0,0,0,0,0,60,lru,0,0,0,0,0,0,8,6,8,0,2,0,3,0,0,0,0,0,0,0,0,3801088,0,3801088,6,7247451678034879876,0,0,2,8,2,0,0,0
layer,5,0,4,131,decode,15,8,8,0,0,0,187,0,0,0,0,21,8,2,0,0,0,0,0,0,60,lru,0,0,0,0,0,0,8,8,8,0,0,0,3,0,0,0,0,0,0,0,0,0,0,0,0,2485948199125002668,0,0,0,8,0,0,0,0
layer,5,0,4,131,decode,16,8,7,1,324,223,154,39,1,0,1,404,8,19,0,0,0,0,0,0,60,lru,0,0,0,0,0,0,8,7,8,0,1,0,2,0,0,0,0,0,0,0,0,1900544,0,1900544,3,17102113985525041039,0,0,1,8,1,0,0,0
layer,5,0,4,131,decode,17,8,8,0,0,0,187,0,0,0,0,22,8,2,0,0,0,0,0,0,60,lru,0,0,0,0,0,0,8,8,8,0,0,0,3,0,0,0,0,0,0,0,0,0,0,0,0,17773955284476637701,0,0,0,8,0,0,0,0
layer,5,0,4,131,decode,18,8,4,4,1755,577,139,148,2,0,2,1969,7,15,0,0,0,0,0,0,60,lru,0,0,0,0,0,0,8,4,8,0,4,0,2,0,0,0,0,0,0,0,0,7602176,0,7602176,12,11120440670990586548,0,0,4,8,4,0,0,0
layer,5,0,4,131,decode,19,8,6,2,11042,338,161,51,2,0,2,11168,8,26,0,0,0,0,0,0,60,lru,0,0,0,0,0,0,8,6,8,0,2,0,2,0,0,0,0,0,0,0,0,3801088,0,3801088,6,13643593954083319596,0,0,2,8,2,0,0,0
layer,5,0,4,131,decode,20,8,7,1,400,161,153,14,1,0,1,488,8,20,0,0,0,0,0,0,60,lru,0,0,0,0,0,0,8,7,8,0,1,0,2,0,0,0,0,0,0,0,0,1900544,0,1900544,3,5711267723012969154,0,0,1,8,1,0,0,0
layer,5,0,4,131,decode,21,8,5,3,1287,415,157,80,2,0,2,1426,7,3,0,0,0,0,0,0,60,lru,0,0,0,0,0,0,8,5,8,0,3,0,3,0,0,0,0,0,0,0,0,5701632,0,5701632,9,17202770871405303990,0,0,3,8,3,0,0,0
layer,5,0,4,131,decode,22,8,4,4,1737,573,143,81,2,0,2,1895,8,4,0,0,0,0,0,0,60,lru,0,0,0,0,0,0,8,4,8,0,4,0,2,0,0,0,0,0,0,0,0,7602176,0,7602176,12,11323238682317171693,0,0,4,8,4,0,0,0
layer,5,0,4,131,decode,23,8,5,3,1274,430,157,66,3,0,3,1408,8,5,0,0,0,0,0,0,60,lru,0,0,0,0,0,0,8,5,8,0,3,0,2,0,0,0,0,0,0,0,0,5701632,0,5701632,9,11378169629964095589,0,0,3,8,3,0,0,0
layer,5,0,4,131,decode,24,8,5,3,6285,517,152,100,3,0,3,6482,8,21,0,0,0,0,0,0,60,lru,0,0,0,0,0,0,8,5,8,0,3,0,2,0,0,0,0,0,0,0,0,5701632,0,5701632,9,642737552312861904,0,0,3,8,3,0,0,0
layer,5,0,4,131,decode,25,8,5,3,1176,427,158,78,2,0,2,1349,8,19,0,0,0,0,0,0,60,lru,0,0,0,0,0,0,8,5,8,0,3,0,3,0,0,0,0,0,0,0,0,5701632,0,5701632,9,9591502922984031972,0,0,3,8,3,0,0,0
layer,5,0,4,131,decode,26,8,6,2,750,280,141,40,2,0,2,844,8,4,0,0,0,0,0,0,60,lru,0,0,0,0,0,0,8,6,8,0,2,0,3,0,0,0,0,0,0,0,0,3801088,0,3801088,6,3570844970938285863,0,0,2,8,2,0,0,0
layer,5,0,4,131,decode,27,8,7,1,326,159,160,21,1,0,1,387,8,3,0,0,0,0,0,0,60,lru,0,0,0,0,0,0,8,7,8,0,1,0,2,0,0,0,0,0,0,0,0,1900544,0,1900544,3,2826660912016401295,0,0,1,8,1,0,0,0
layer,5,0,4,131,decode,28,8,6,2,6712,456,154,78,2,0,2,6828,8,15,0,0,0,0,0,0,60,lru,0,0,0,0,0,0,8,6,8,0,2,0,2,0,0,0,0,0,0,0,0,3801088,0,3801088,6,5369409917926287522,0,0,2,8,2,0,0,0
layer,5,0,4,131,decode,29,8,7,1,338,138,162,18,1,0,1,415,8,7,0,0,0,0,0,0,60,lru,0,0,0,0,0,0,8,7,8,0,1,0,4,0,0,0,0,0,0,0,0,1900544,0,1900544,3,15800816171960023548,0,0,1,8,1,0,0,0
layer,5,0,4,131,decode,30,8,6,2,786,285,142,28,2,0,2,896,8,4,0,0,0,0,0,0,60,lru,0,0,0,0,0,0,8,6,8,0,2,0,2,0,0,0,0,0,0,0,0,3801088,0,3801088,6,2480561719036154095,0,0,2,8,2,0,0,0
layer,5,0,4,131,decode,31,8,4,4,2069,562,159,76,2,0,2,2263,8,20,0,0,0,0,0,0,60,lru,0,0,0,0,0,0,8,4,8,0,4,0,2,0,0,0,0,0,0,0,0,7602176,0,7602176,12,9215139832585158939,0,0,4,8,4,0,0,0
layer,5,0,4,131,decode,32,8,6,2,4669,339,153,44,2,0,2,4770,8,4,0,0,0,0,0,0,60,lru,0,0,0,0,0,0,8,6,8,0,2,0,3,0,0,0,0,0,0,0,0,3801088,0,3801088,6,17220145486454433256,0,0,2,8,2,0,0,0
layer,5,0,4,131,decode,33,8,3,5,2119,657,156,163,2,0,2,2341,8,14,0,0,0,0,0,0,60,lru,0,0,0,0,0,0,8,3,8,0,5,0,3,0,0,0,0,0,0,0,0,9502720,0,9502720,15,15656000370138031919,0,0,5,8,5,0,0,0
layer,5,0,4,131,decode,34,8,3,5,12731,858,143,141,3,0,3,12922,8,4,0,0,0,0,0,0,60,lru,0,0,0,0,0,0,8,3,8,0,5,0,2,0,0,0,0,0,0,0,0,10199040,0,10199040,15,17045189215142635089,0,0,5,8,5,0,0,0
layer,5,0,4,131,decode,35,8,4,4,2557,561,158,116,2,0,2,2756,8,20,0,0,0,0,0,0,60,lru,0,0,0,0,0,0,8,4,8,0,4,0,5,0,0,0,0,0,0,0,0,7602176,0,7602176,12,16542348730574328938,0,0,4,8,4,0,0,0
layer,5,0,4,131,decode,36,8,3,5,8283,709,152,178,2,0,2,8474,8,4,0,0,0,0,0,0,60,lru,0,0,0,0,0,0,8,3,8,0,5,0,4,0,0,0,0,0,0,0,0,9502720,0,9502720,15,12910946500875588137,0,0,5,8,5,0,0,0
layer,5,0,4,131,decode,37,8,3,5,10016,845,156,106,1,0,1,10207,8,3,0,0,0,0,0,0,60,lru,0,0,0,0,0,0,8,3,8,0,5,0,2,0,0,0,0,0,0,0,0,9502720,0,9502720,15,33755569310992053,0,0,5,8,5,0,0,0
layer,5,0,4,131,decode,38,8,3,5,12277,1008,141,94,3,0,3,12470,8,9,0,0,0,0,0,0,60,lru,0,0,0,0,0,0,8,3,8,0,5,0,2,0,0,0,0,0,0,0,0,10199040,0,10199040,15,10130422597859630102,0,0,5,8,5,0,0,0
layer,5,0,4,131,decode,39,8,3,5,3301,695,675,96,2,0,2,3506,8,6,0,0,0,0,0,0,60,lru,0,0,0,0,0,0,8,3,8,0,5,0,2,0,0,0,0,0,0,0,0,10199040,0,10199040,15,9956223396922161323,0,0,5,8,5,0,0,0
request,5,0,4,0,decode,-1,0,0,0,0,0,0,0,0,0,0,0,0,0,0,0,0,0,0,0,0,,121545,672,0,0,21,0,0,0,0,0,0,0,0,0,0,0,0,0,0,0,0,0,0,0,0,0,0,0,0,0,0,0,0,0
layer,6,0,5,132,decode,0,8,5,3,1100,396,151,94,4,0,4,1264,10,13,0,0,0,0,0,0,60,lru,0,0,0,0,0,0,8,5,8,0,3,0,6,0,0,0,0,0,0,0,0,5701632,0,5701632,9,15610980972694094286,0,0,3,8,3,0,0,0
layer,6,0,5,132,decode,1,8,5,3,1043,419,161,70,4,0,4,1171,8,3,0,0,0,0,0,0,60,lru,0,0,0,0,0,0,8,5,8,0,3,0,5,0,0,0,0,0,0,0,0,5701632,0,5701632,9,17449458381332889499,0,0,3,8,3,0,0,0
layer,6,0,5,132,decode,2,8,6,2,698,278,144,82,5,0,5,860,8,18,0,0,0,0,0,0,60,lru,0,0,0,0,0,0,8,6,8,0,2,0,4,0,0,0,0,0,0,0,0,3801088,0,3801088,6,3134721206627967915,0,0,2,8,2,0,0,0
layer,6,0,5,132,decode,3,8,8,0,0,0,185,0,0,0,0,24,7,2,0,0,0,0,0,0,60,lru,0,0,0,0,0,0,8,8,8,0,0,0,4,0,0,0,0,0,0,0,0,0,0,0,0,14141518789528994308,0,0,0,8,0,0,0,0
layer,6,0,5,132,decode,4,8,6,2,697,282,154,52,4,0,4,839,8,17,0,0,0,0,0,0,60,lru,0,0,0,0,0,0,8,6,8,0,2,0,4,0,0,0,0,0,0,0,0,3801088,0,3801088,6,14448115572799821354,0,0,2,8,2,0,0,0
layer,6,0,5,132,decode,5,8,8,0,0,0,182,0,0,0,0,24,8,2,0,0,0,0,0,0,60,lru,0,0,0,0,0,0,8,8,8,0,0,0,4,0,0,0,0,0,0,0,0,0,0,0,0,8203506850964219102,0,0,0,8,0,0,0,0
layer,6,0,5,132,decode,6,8,7,1,8371,322,144,13,3,0,3,8435,7,2,0,0,0,0,0,0,60,lru,0,0,0,0,0,0,8,7,8,0,1,0,4,0,0,0,0,0,0,0,0,1900544,0,1900544,3,11579425286458805463,0,0,1,8,1,0,0,0
layer,6,0,5,132,decode,7,8,8,0,0,0,185,0,0,0,0,25,8,2,0,0,0,0,0,0,60,lru,0,0,0,0,0,0,8,8,8,0,0,0,4,0,0,0,0,0,0,0,0,0,0,0,0,6325814295367770799,0,0,0,8,0,0,0,0
layer,6,0,5,132,decode,8,8,8,0,0,0,177,0,0,0,0,24,7,2,0,0,0,0,0,0,60,lru,0,0,0,0,0,0,8,8,8,0,0,0,4,0,0,0,0,0,0,0,0,0,0,0,0,11400584751998252283,0,0,0,8,0,0,0,0
layer,6,0,5,132,decode,9,8,8,0,0,0,183,0,0,0,0,20,7,2,0,0,0,0,0,0,60,lru,0,0,0,0,0,0,8,8,8,0,0,0,3,0,0,0,0,0,0,0,0,0,0,0,0,6429075898902660739,0,0,0,8,0,0,0,0
layer,6,0,5,132,decode,10,8,7,1,6084,259,144,25,1,0,1,6159,7,2,0,0,0,0,0,0,60,lru,0,0,0,0,0,0,8,7,8,0,1,0,3,0,0,0,0,0,0,0,0,1900544,0,1900544,3,4990290464386720568,0,0,1,8,1,0,0,0
layer,6,0,5,132,decode,11,8,5,3,1668,402,158,73,2,0,2,1795,8,3,0,0,0,0,0,0,60,lru,0,0,0,0,0,0,8,5,8,0,3,0,2,0,0,0,0,0,0,0,0,5701632,0,5701632,9,15247785501445456939,0,0,3,8,3,0,0,0
layer,6,0,5,132,decode,12,8,8,0,0,0,175,0,0,0,0,20,7,2,0,0,0,0,0,0,60,lru,0,0,0,0,0,0,8,8,8,0,0,0,3,0,0,0,0,0,0,0,0,0,0,0,0,12083231595285628373,0,0,0,8,0,0,0,0
layer,6,0,5,132,decode,13,8,7,1,368,168,158,23,1,0,1,438,7,3,0,0,0,0,0,0,60,lru,0,0,0,0,0,0,8,7,8,0,1,0,2,0,0,0,0,0,0,0,0,1900544,0,1900544,3,2150239712046502437,0,0,1,8,1,0,0,0
layer,6,0,5,132,decode,14,8,8,0,0,0,162,0,0,0,0,20,8,2,0,0,0,0,0,0,60,lru,0,0,0,0,0,0,8,8,8,0,0,0,2,0,0,0,0,0,0,0,0,0,0,0,0,8227976863087740411,0,0,0,8,0,0,0,0
layer,6,0,5,132,decode,15,8,7,1,375,171,160,15,2,0,2,453,7,2,0,0,0,0,0,0,60,lru,0,0,0,0,0,0,8,7,8,0,1,0,2,0,0,0,0,0,0,0,0,1900544,0,1900544,3,5124444076929732141,0,0,1,8,1,0,0,0
layer,6,0,5,132,decode,16,8,8,0,0,0,176,0,0,0,0,19,7,2,0,0,0,0,0,0,60,lru,0,0,0,0,0,0,8,8,8,0,0,0,2,0,0,0,0,0,0,0,0,0,0,0,0,6812146839533705059,0,0,0,8,0,0,0,0
layer,6,0,5,132,decode,17,8,6,2,662,324,159,54,3,0,3,765,7,6,0,0,0,0,0,0,60,lru,0,0,0,0,0,0,8,6,8,0,2,0,2,0,0,0,0,0,0,0,0,3801088,0,3801088,6,2069160170718722868,0,0,2,8,2,0,0,0
layer,6,0,5,132,decode,18,8,7,1,335,176,144,30,1,0,1,398,8,2,0,0,0,0,0,0,60,lru,0,0,0,0,0,0,8,7,8,0,1,0,2,0,0,0,0,0,0,0,0,1900544,0,1900544,3,7859556718041150207,0,0,1,8,1,0,0,0
layer,6,0,5,132,decode,19,8,8,0,0,0,184,0,0,0,0,20,8,2,0,0,0,0,0,0,60,lru,0,0,0,0,0,0,8,8,8,0,0,0,2,0,0,0,0,0,0,0,0,0,0,0,0,15535837585450644883,0,0,0,8,0,0,0,0
layer,6,0,5,132,decode,20,8,8,0,0,0,176,0,0,0,0,19,7,2,0,0,0,0,0,0,60,lru,0,0,0,0,0,0,8,8,8,0,0,0,2,0,0,0,0,0,0,0,0,0,0,0,0,2021764723437341438,0,0,0,8,0,0,0,0
layer,6,0,5,132,decode,21,8,8,0,0,0,180,0,0,0,0,18,8,2,0,0,0,0,0,0,60,lru,0,0,0,0,0,0,8,8,8,0,0,0,2,0,0,0,0,0,0,0,0,0,0,0,0,4652052096528580379,0,0,0,8,0,0,0,0
layer,6,0,5,132,decode,22,8,6,2,699,290,144,48,2,0,2,820,8,14,0,0,0,0,0,0,60,lru,0,0,0,0,0,0,8,6,8,0,2,0,2,0,0,0,0,0,0,0,0,3801088,0,3801088,6,8529610766461585855,0,0,2,8,2,0,0,0
layer,6,0,5,132,decode,23,8,6,2,5013,293,158,72,3,0,3,5175,8,21,0,0,0,0,0,0,60,lru,0,0,0,0,0,0,8,6,8,0,2,0,2,0,0,0,0,0,0,0,0,3801088,0,3801088,6,1046486653385056053,0,0,2,8,2,0,0,0
layer,6,0,5,132,decode,24,8,7,1,311,196,155,57,1,0,1,451,8,32,0,0,0,0,0,0,60,lru,0,0,0,0,0,0,8,7,8,0,1,0,2,0,0,0,0,0,0,0,0,1900544,0,1900544,3,3401751833995839702,0,0,1,8,1,0,0,0
layer,6,0,5,132,decode,25,8,7,1,388,163,160,37,1,0,1,452,8,3,0,0,0,0,0,0,60,lru,0,0,0,0,0,0,8,7,8,0,1,0,2,0,0,0,0,0,0,0,0,1900544,0,1900544,3,1062403057116619292,0,0,1,8,1,0,0,0
layer,6,0,5,132,decode,26,8,6,2,5214,279,140,42,2,0,2,5343,8,13,0,0,0,0,0,0,60,lru,0,0,0,0,0,0,8,6,8,0,2,0,2,0,0,0,0,0,0,0,0,3801088,0,3801088,6,2872612194498199412,0,0,2,8,2,0,0,0
layer,6,0,5,132,decode,27,8,6,2,5723,382,159,71,2,0,2,5878,8,16,0,0,0,0,0,0,60,lru,0,0,0,0,0,0,8,6,8,0,2,0,2,0,0,0,0,0,0,0,0,3801088,0,3801088,6,1568692688379747475,0,0,2,8,2,0,0,0
layer,6,0,5,132,decode,28,8,8,0,0,0,177,0,0,0,0,20,8,2,0,0,0,0,0,0,60,lru,0,0,0,0,0,0,8,8,8,0,0,0,2,0,0,0,0,0,0,0,0,0,0,0,0,5930534549605841630,0,0,0,8,0,0,0,0
layer,6,0,5,132,decode,29,8,7,1,395,160,159,27,1,0,1,465,7,4,0,0,0,0,0,0,60,lru,0,0,0,0,0,0,8,7,8,0,1,0,2,0,0,0,0,0,0,0,0,1900544,0,1900544,3,14838930993592402681,0,0,1,8,1,0,0,0
layer,6,0,5,132,decode,30,8,7,1,345,176,143,21,1,0,1,429,7,14,0,0,0,0,0,0,60,lru,0,0,0,0,0,0,8,7,8,0,1,0,2,0,0,0,0,0,0,0,0,1900544,0,1900544,3,7064570917749200368,0,0,1,8,1,0,0,0
layer,6,0,5,132,decode,31,8,8,0,0,0,186,0,0,0,0,19,8,2,0,0,0,0,0,0,60,lru,0,0,0,0,0,0,8,8,8,0,0,0,2,0,0,0,0,0,0,0,0,0,0,0,0,8541165896115680102,0,0,0,8,0,0,0,0
layer,6,0,5,132,decode,32,8,8,0,0,0,178,0,0,0,0,19,7,2,0,0,0,0,0,0,60,lru,0,0,0,0,0,0,8,8,8,0,0,0,2,0,0,0,0,0,0,0,0,0,0,0,0,6686968503115412807,0,0,0,8,0,0,0,0
layer,6,0,5,132,decode,33,8,8,0,0,0,184,0,0,0,0,19,7,2,0,0,0,0,0,0,60,lru,0,0,0,0,0,0,8,8,8,0,0,0,2,0,0,0,0,0,0,0,0,0,0,0,0,8842024197831265810,0,0,0,8,0,0,0,0
layer,6,0,5,132,decode,34,8,4,4,1516,608,143,132,3,0,3,1719,8,19,0,0,0,0,0,0,60,lru,0,0,0,0,0,0,8,4,8,0,4,0,2,0,0,0,0,0,0,0,0,8159232,0,8159232,12,1202599179270197373,0,0,4,8,4,0,0,0
layer,6,0,5,132,decode,35,8,6,2,649,292,158,38,1,0,1,771,8,14,0,0,0,0,0,0,60,lru,0,0,0,0,0,0,8,6,8,0,2,0,3,0,0,0,0,0,0,0,0,3801088,0,3801088,6,11704363045727962577,0,0,2,8,2,0,0,0
layer,6,0,5,132,decode,36,8,5,3,6376,424,153,73,2,0,2,6501,8,3,0,0,0,0,0,0,60,lru,0,0,0,0,0,0,8,5,8,0,3,0,3,0,0,0,0,0,0,0,0,5701632,0,5701632,9,4953174148768502360,0,0,3,8,3,0,0,0
layer,6,0,5,132,decode,37,8,7,1,319,167,159,34,1,0,1,383,8,3,0,0,0,0,0,0,60,lru,0,0,0,0,0,0,8,7,8,0,1,0,3,0,0,0,0,0,0,0,0,1900544,0,1900544,3,13470316552562324790,0,0,1,8,1,0,0,0
layer,6,0,5,132,decode,38,8,8,0,0,0,163,0,0,0,0,20,8,2,0,0,0,0,0,0,60,lru,0,0,0,0,0,0,8,8,8,0,0,0,2,0,0,0,0,0,0,0,0,0,0,0,0,2130868707840395316,0,0,0,8,0,0,0,0
layer,6,0,5,132,decode,39,8,8,0,0,0,691,0,0,0,0,20,8,2,0,0,0,0,0,0,60,lru,0,0,0,0,0,0,8,8,8,0,0,0,2,0,0,0,0,0,0,0,0,0,0,0,0,15683553157272064484,0,0,0,8,0,0,0,0
request,6,0,5,0,decode,-1,0,0,0,0,0,0,0,0,0,0,0,0,0,0,0,0,0,0,0,0,,60514,431,0,0,20,0,0,0,0,0,0,0,0,0,0,0,0,0,0,0,0,0,0,0,0,0,0,0,0,0,0,0,0,0
layer,7,0,6,133,decode,0,8,8,0,0,0,175,0,0,0,0,25,10,2,0,0,0,0,0,0,60,lru,0,0,0,0,0,0,8,8,8,0,0,0,5,0,0,0,0,0,0,0,0,0,0,0,0,14584634930953829151,0,0,0,8,0,0,0,0
layer,7,0,6,133,decode,1,8,7,1,349,175,160,15,3,0,3,423,8,4,0,0,0,0,0,0,60,lru,0,0,0,0,0,0,8,7,8,0,1,0,4,0,0,0,0,0,0,0,0,1900544,0,1900544,3,1647944905983845704,0,0,1,8,1,0,0,0
layer,7,0,6,133,decode,2,8,8,0,0,0,161,0,0,0,0,31,8,2,0,0,0,0,0,0,60,lru,0,0,0,0,0,0,8,8,8,0,0,0,4,0,0,0,0,0,0,0,0,0,0,0,0,5649771456362739213,0,0,0,8,0,0,0,0
layer,7,0,6,133,decode,3,8,7,1,333,163,161,34,4,0,4,409,8,3,0,0,0,0,0,0,60,lru,0,0,0,0,0,0,8,7,8,0,1,0,4,0,0,0,0,0,0,0,0,1900544,0,1900544,3,14991536876391437219,0,0,1,8,1,0,0,0
layer,7,0,6,133,decode,4,8,6,2,4810,321,154,52,5,0,5,4916,7,10,0,0,0,0,0,0,60,lru,0,0,0,0,0,0,8,6,8,0,2,0,3,0,0,0,0,0,0,0,0,3801088,0,3801088,6,16657590181388164512,0,0,2,8,2,0,0,0
layer,7,0,6,133,decode,5,8,8,0,0,0,180,0,0,0,0,24,9,2,0,0,0,0,0,0,60,lru,0,0,0,0,0,0,8,8,8,0,0,0,3,0,0,0,0,0,0,0,0,0,0,0,0,435518480981471163,0,0,0,8,0,0,0,0
layer,7,0,6,133,decode,6,8,8,0,0,0,160,0,0,0,0,21,7,2,0,0,0,0,0,0,60,lru,0,0,0,0,0,0,8,8,8,0,0,0,3,0,0,0,0,0,0,0,0,0,0,0,0,7928278608462058490,0,0,0,8,0,0,0,0
layer,7,0,6,133,decode,7,8,8,0,0,0,183,0,0,0,0,23,8,2,0,0,0,0,0,0,60,lru,0,0,0,0,0,0,8,8,8,0,0,0,3,0,0,0,0,0,0,0,0,0,0,0,0,18128698979895123948,0,0,0,8,0,0,0,0
layer,7,0,6,133,decode,8,8,8,0,0,0,175,0,0,0,0,20,7,2,0,0,0,0,0,0,60,lru,0,0,0,0,0,0,8,8,8,0,0,0,3,0,0,0,0,0,0,0,0,0,0,0,0,4131410626577318782,0,0,0,8,0,0,0,0
layer,7,0,6,133,decode,9,8,6,2,703,306,157,90,3,0,3,850,7,20,0,0,0,0,0,0,60,lru,0,0,0,0,0,0,8,6,8,0,2,0,3,0,0,0,0,0,0,0,0,3801088,0,3801088,6,11009407805879504475,0,0,2,8,2,0,0,0
layer,7,0,6,133,decode,10,8,7,1,278,171,144,27,1,0,1,356,8,4,0,0,0,0,0,0,60,lru,0,0,0,0,0,0,8,7,8,0,1,0,2,0,0,0,0,0,0,0,0,1900544,0,1900544,3,12060181266177194140,0,0,1,8,1,0,0,0
layer,7,0,6,133,decode,11,8,7,1,314,161,160,63,1,0,1,428,8,19,0,0,0,0,0,0,60,lru,0,0,0,0,0,0,8,7,8,0,1,0,2,0,0,0,0,0,0,0,0,1900544,0,1900544,3,10675719490284056811,0,0,1,8,1,0,0,0
layer,7,0,6,133,decode,12,8,7,1,615,97,154,15,1,0,1,678,8,3,0,0,0,0,0,0,60,lru,0,0,0,0,0,0,8,7,8,0,1,0,2,0,0,0,0,0,0,0,0,1900544,0,1900544,3,422989677180140527,0,0,1,8,1,0,0,0
layer,7,0,6,133,decode,13,8,7,1,316,121,160,12,1,0,1,381,8,3,0,0,0,0,0,0,60,lru,0,0,0,0,0,0,8,7,8,0,1,0,2,0,0,0,0,0,0,0,0,1900544,0,1900544,3,2967113561196638138,0,0,1,8,1,0,0,0
layer,7,0,6,133,decode,14,8,8,0,0,0,160,0,0,0,0,20,8,2,0,0,0,0,0,0,60,lru,0,0,0,0,0,0,8,8,8,0,0,0,2,0,0,0,0,0,0,0,0,0,0,0,0,565337509820912240,0,0,0,8,0,0,0,0
layer,7,0,6,133,decode,15,8,8,0,0,0,181,0,0,0,0,20,9,2,0,0,0,0,0,0,60,lru,0,0,0,0,0,0,8,8,8,0,0,0,2,0,0,0,0,0,0,0,0,0,0,0,0,7469121363658252739,0,0,0,8,0,0,0,0
layer,7,0,6,133,decode,16,8,7,1,313,131,155,28,1,0,1,376,7,4,0,0,0,0,0,0,60,lru,0,0,0,0,0,0,8,7,8,0,1,0,1,0,0,0,0,0,0,0,0,1900544,0,1900544,3,15888924027943339500,0,0,1,8,1,0,0,0
layer,7,0,6,133,decode,17,8,7,1,323,172,158,27,1,0,1,439,7,24,0,0,0,0,0,0,60,lru,0,0,0,0,0,0,8,7,8,0,1,0,2,0,0,0,0,0,0,0,0,1900544,0,1900544,3,2932991562236931347,0,0,1,8,1,0,0,0
layer,7,0,6,133,decode,18,8,6,2,697,328,142,42,2,0,2,839,7,24,0,0,0,0,0,0,60,lru,0,0,0,0,0,0,8,6,8,0,2,0,2,0,0,0,0,0,0,0,0,3801088,0,3801088,6,438982516585210933,0,0,2,8,2,0,0,0
layer,7,0,6,133,decode,19,8,7,1,330,205,159,59,1,0,1,454,8,16,0,0,0,0,0,0,60,lru,0,0,0,0,0,0,8,7,8,0,1,0,2,0,0,0,0,0,0,0,0,1900544,0,1900544,3,18092368337663957141,0,0,1,8,1,0,0,0
layer,7,0,6,133,decode,20,8,8,0,0,0,174,0,0,0,0,19,8,2,0,0,0,0,0,0,60,lru,0,0,0,0,0,0,8,8,8,0,0,0,2,0,0,0,0,0,0,0,0,0,0,0,0,14991146781393439747,0,0,0,8,0,0,0,0
layer,7,0,6,133,decode,21,8,7,1,335,200,159,26,1,0,1,407,7,3,0,0,0,0,0,0,60,lru,0,0,0,0,0,0,8,7,8,0,1,0,2,0,0,0,0,0,0,0,0,1900544,0,1900544,3,6199851057770760871,0,0,1,8,1,0,0,0
layer,7,0,6,133,decode,22,8,7,1,333,218,143,75,1,0,1,472,8,34,0,0,0,0,0,0,60,lru,0,0,0,0,0,0,8,7,8,0,1,0,2,0,0,0,0,0,0,0,0,1900544,0,1900544,3,14284561742359908294,0,0,1,8,1,0,0,0
layer,7,0,6,133,decode,23,8,5,3,1087,435,160,102,2,0,2,1212,8,3,0,0,0,0,0,0,60,lru,0,0,0,0,0,0,8,5,8,0,3,0,2,0,0,0,0,0,0,0,0,5701632,0,5701632,9,10814664558893302466,0,0,3,8,3,0,0,0
layer,7,0,6,133,decode,24,8,8,0,0,0,174,0,0,0,0,19,8,2,0,0,0,0,0,0,60,lru,0,0,0,0,0,0,8,8,8,0,0,0,2,0,0,0,0,0,0,0,0,0,0,0,0,8712422225338211015,0,0,0,8,0,0,0,0
layer,7,0,6,133,decode,25,8,7,1,364,170,160,17,1,0,1,430,8,2,0,0,0,0,0,0,60,lru,0,0,0,0,0,0,8,7,8,0,1,0,2,0,0,0,0,0,0,0,0,1900544,0,1900544,3,15416605658770209341,0,0,1,8,1,0,0,0
layer,7,0,6,133,decode,26,8,6,2,735,281,143,76,2,0,2,842,7,4,0,0,0,0,0,0,60,lru,0,0,0,0,0,0,8,6,8,0,2,0,2,0,0,0,0,0,0,0,0,3801088,0,3801088,6,11469750614060719110,0,0,2,8,2,0,0,0
layer,7,0,6,133,decode,27,8,6,2,634,298,159,36,2,0,2,752,8,16,0,0,0,0,0,0,60,lru,0,0,0,0,0,0,8,6,8,0,2,0,2,0,0,0,0,0,0,0,0,3801088,0,3801088,6,13942063358623379087,0,0,2,8,2,0,0,0
layer,7,0,6,133,decode,28,8,8,0,0,0,176,0,0,0,0,20,8,2,0,0,0,0,0,0,60,lru,0,0,0,0,0,0,8,8,8,0,0,0,2,0,0,0,0,0,0,0,0,0,0,0,0,8555782050677461038,0,0,0,8,0,0,0,0
layer,7,0,6,133,decode,29,8,8,0,0,0,182,0,0,0,0,17,7,2,0,0,0,0,0,0,60,lru,0,0,0,0,0,0,8,8,8,0,0,0,2,0,0,0,0,0,0,0,0,0,0,0,0,17027066038564261589,0,0,0,8,0,0,0,0
layer,7,0,6,133,decode,30,8,6,2,679,276,142,71,2,0,2,786,7,3,0,0,0,0,0,0,60,lru,0,0,0,0,0,0,8,6,8,0,2,0,1,0,0,0,0,0,0,0,0,3801088,0,3801088,6,12205751357098222980,0,0,2,8,2,0,0,0
layer,7,0,6,133,decode,31,8,7,1,308,159,165,43,1,0,1,417,8,16,0,0,0,0,0,0,60,lru,0,0,0,0,0,0,8,7,8,0,1,0,2,0,0,0,0,0,0,0,0,1900544,0,1900544,3,880689372480647987,0,0,1,8,1,0,0,0
layer,7,0,6,133,decode,32,8,7,1,359,175,153,11,1,0,1,422,8,3,0,0,0,0,0,0,60,lru,0,0,0,0,0,0,8,7,8,0,1,0,2,0,0,0,0,0,0,0,0,1900544,0,1900544,3,12594257344383307980,0,0,1,8,1,0,0,0
layer,7,0,6,133,decode,33,8,6,2,743,297,157,65,3,0,3,878,8,26,0,0,0,0,0,0,60,lru,0,0,0,0,0,0,8,6,8,0,2,0,2,0,0,0,0,0,0,0,0,3801088,0,3801088,6,17164091649546952960,0,0,2,8,2,0,0,0
layer,7,0,6,133,decode,34,8,6,2,691,299,145,34,3,0,3,777,7,4,0,0,0,0,0,0,60,lru,0,0,0,0,0,0,8,6,8,0,2,0,2,0,0,0,0,0,0,0,0,4079616,0,4079616,6,4866872266726859318,0,0,2,8,2,0,0,0
layer,7,0,6,133,decode,35,8,8,0,0,0,185,0,0,0,0,21,8,2,0,0,0,0,0,0,60,lru,0,0,0,0,0,0,8,8,8,0,0,0,3,0,0,0,0,0,0,0,0,0,0,0,0,6395385887242432626,0,0,0,8,0,0,0,0
layer,7,0,6,133,decode,36,8,7,1,308,171,154,25,1,0,1,391,7,3,0,0,0,0,0,0,60,lru,0,0,0,0,0,0,8,7,8,0,1,0,2,0,0,0,0,0,0,0,0,1900544,0,1900544,3,9834601265632808400,0,0,1,8,1,0,0,0
layer,7,0,6,133,decode,37,8,8,0,0,0,183,0,0,0,0,19,8,2,0,0,0,0,0,0,60,lru,0,0,0,0,0,0,8,8,8,0,0,0,2,0,0,0,0,0,0,0,0,0,0,0,0,14324612938759395943,0,0,0,8,0,0,0,0
layer,7,0,6,133,decode,38,8,7,1,405,170,146,20,1,0,1,465,7,2,0,0,0,0,0,0,60,lru,0,0,0,0,0,0,8,7,8,0,1,0,2,0,0,0,0,0,0,0,0,2039808,0,2039808,3,15791738384093204411,0,0,1,8,1,0,0,0
layer,7,0,6,133,decode,39,8,8,0,0,0,691,0,0,0,0,20,8,2,0,0,0,0,0,0,60,lru,0,0,0,0,0,0,8,8,8,0,0,0,2,0,0,0,0,0,0,0,0,0,0,0,0,12292635165651795545,0,0,0,8,0,0,0,0
request,7,0,6,0,decode,-1,0,0,0,0,0,0,0,0,0,0,0,0,0,0,0,0,0,0,0,0,,28297,389,0,0,14,0,0,0,0,0,0,0,0,0,0,0,0,0,0,0,0,0,0,0,0,0,0,0,0,0,0,0,0,0
layer,8,0,7,134,decode,0,8,6,2,819,276,153,42,4,0,4,917,10,6,0,0,0,0,0,0,60,lru,0,0,0,0,0,0,8,6,8,0,2,0,4,0,0,0,0,0,0,0,0,3801088,0,3801088,6,10584228295349056680,0,0,2,8,2,0,0,0
layer,8,0,7,134,decode,1,8,5,3,1290,437,159,62,3,0,3,1414,8,3,0,0,0,0,0,0,60,lru,0,0,0,0,0,0,8,5,8,0,3,0,3,0,0,0,0,0,0,0,0,5701632,0,5701632,9,15939984125991845485,0,0,3,8,3,0,0,0
layer,8,0,7,134,decode,2,8,6,2,883,304,143,61,4,0,4,985,7,3,0,0,0,0,0,0,60,lru,0,0,0,0,0,0,8,6,8,0,2,0,3,0,0,0,0,0,0,0,0,3801088,0,3801088,6,15323024625919569060,0,0,2,8,2,0,0,0
layer,8,0,7,134,decode,3,8,7,1,381,164,158,32,3,0,3,474,7,15,0,0,0,0,0,0,60,lru,0,0,0,0,0,0,8,7,8,0,1,0,3,0,0,0,0,0,0,0,0,1900544,0,1900544,3,8976608049551316255,0,0,1,8,1,0,0,0
layer,8,0,7,134,decode,4,8,7,1,367,160,156,7,2,0,2,458,8,15,0,0,0,0,0,0,60,lru,0,0,0,0,0,0,8,7,8,0,1,0,3,0,0,0,0,0,0,0,0,1900544,0,1900544,3,4092171692777884451,0,0,1,8,1,0,0,0
layer,8,0,7,134,decode,5,8,6,2,865,329,155,28,5,0,5,965,8,4,0,0,0,0,0,0,60,lru,0,0,0,0,0,0,8,6,8,0,2,0,3,0,0,0,0,0,0,0,0,3801088,0,3801088,6,7840827915678869346,0,0,2,8,2,0,0,0
layer,8,0,7,134,decode,6,8,8,0,0,0,160,0,0,0,0,23,8,2,0,0,0,0,0,0,60,lru,0,0,0,0,0,0,8,8,8,0,0,0,3,0,0,0,0,0,0,0,0,0,0,0,0,12312684450214220778,0,0,0,8,0,0,0,0
layer,8,0,7,134,decode,7,8,7,1,400,159,161,28,4,0,4,504,8,17,0,0,0,0,0,0,60,lru,0,0,0,0,0,0,8,7,8,0,1,0,3,0,0,0,0,0,0,0,0,1900544,0,1900544,3,15578012894906863435,0,0,1,8,1,0,0,0
layer,8,0,7,134,decode,8,8,8,0,0,0,174,0,0,0,0,21,8,2,0,0,0,0,0,0,60,lru,0,0,0,0,0,0,8,8,8,0,0,0,3,0,0,0,0,0,0,0,0,0,0,0,0,10650603109760930531,0,0,0,8,0,0,0,0
layer,8,0,7,134,decode,9,8,6,2,698,296,158,73,2,0,2,795,7,3,0,0,0,0,0,0,60,lru,0,0,0,0,0,0,8,6,8,0,2,0,2,0,0,0,0,0,0,0,0,3801088,0,3801088,6,13414451235267130697,0,0,2,8,2,0,0,0
layer,8,0,7,134,decode,10,8,7,1,313,168,144,19,1,0,1,376,8,3,0,0,0,0,0,0,60,lru,0,0,0,0,0,0,8,7,8,0,1,0,2,0,0,0,0,0,0,0,0,1900544,0,1900544,3,16578778171222674768,0,0,1,8,1,0,0,0
layer,8,0,7,134,decode,11,8,7,1,335,163,160,31,1,0,1,429,7,21,0,0,0,0,0,0,60,lru,0,0,0,0,0,0,8,7,8,0,1,0,2,0,0,0,0,0,0,0,0,1900544,0,1900544,3,15066477641906294552,0,0,1,8,1,0,0,0
layer,8,0,7,134,decode,12,8,7,1,306,156,162,35,1,0,1,426,8,16,0,0,0,0,0,0,60,lru,0,0,0,0,0,0,8,7,8,0,1,0,2,0,0,0,0,0,0,0,0,1900544,0,1900544,3,9336492097647315758,0,0,1,8,1,0,0,0
layer,8,0,7,134,decode,13,8,7,1,308,168,159,17,1,0,1,367,8,2,0,0,0,0,0,0,60,lru,0,0,0,0,0,0,8,7,8,0,1,0,2,0,0,0,0,0,0,0,0,1900544,0,1900544,3,9835829325990543540,0,0,1,8,1,0,0,0
layer,8,0,7,134,decode,14,8,8,0,0,0,160,0,0,0,0,19,8,2,0,0,0,0,0,0,60,lru,0,0,0,0,0,0,8,8,8,0,0,0,2,0,0,0,0,0,0,0,0,0,0,0,0,14415394135799736092,0,0,0,8,0,0,0,0
layer,8,0,7,134,decode,15,8,7,1,311,165,160,14,2,0,2,373,7,2,0,0,0,0,0,0,60,lru,0,0,0,0,0,0,8,7,8,0,1,0,2,0,0,0,0,0,0,0,0,1900544,0,1900544,3,5309048943857119085,0,0,1,8,1,0,0,0
layer,8,0,7,134,decode,16,8,8,0,0,0,174,0,0,0,0,19,8,2,0,0,0,0,0,0,60,lru,0,0,0,0,0,0,8,8,8,0,0,0,1,0,0,0,0,0,0,0,0,0,0,0,0,13183114929465520962,0,0,0,8,0,0,0,0
layer,8,0,7,134,decode,17,8,6,2,711,312,160,93,2,0,2,809,8,4,0,0,0,0,0,0,60,lru,0,0,0,0,0,0,8,6,8,0,2,0,2,0,0,0,0,0,0,0,0,3801088,0,3801088,6,10442307198488243090,0,0,2,8,2,0,0,0
layer,8,0,7,134,decode,18,8,7,1,333,200,142,46,1,0,1,450,8,21,0,0,0,0,0,0,60,lru,0,0,0,0,0,0,8,7,8,0,1,0,2,0,0,0,0,0,0,0,0,1900544,0,1900544,3,7672228334153086075,0,0,1,8,1,0,0,0
layer,8,0,7,134,decode,19,8,7,1,644,161,160,15,1,0,1,711,8,4,0,0,0,0,0,0,60,lru,0,0,0,0,0,0,8,7,8,0,1,0,2,0,0,0,0,0,0,0,0,1900544,0,1900544,3,10939396380528485044,0,0,1,8,1,0,0,0
layer,8,0,7,134,decode,20,8,7,1,429,203,155,16,1,0,1,494,8,3,0,0,0,0,0,0,60,lru,0,0,0,0,0,0,8,7,8,0,1,0,2,0,0,0,0,0,0,0,0,1900544,0,1900544,3,4979500611407403266,0,0,1,8,1,0,0,0
layer,8,0,7,134,decode,21,8,7,1,407,196,160,45,1,0,1,517,8,19,0,0,0,0,0,0,60,lru,0,0,0,0,0,0,8,7,8,0,1,0,2,0,0,0,0,0,0,0,0,1900544,0,1900544,3,8284952912613219394,0,0,1,8,1,0,0,0
layer,8,0,7,134,decode,22,8,7,1,410,154,144,10,1,0,1,487,7,4,0,0,0,0,0,0,60,lru,0,0,0,0,0,0,8,7,8,0,1,0,1,0,0,0,0,0,0,0,0,1900544,0,1900544,3,6108898310949230812,0,0,1,8,1,0,0,0
layer,8,0,7,134,decode,23,8,6,2,697,316,159,102,2,0,2,854,8,19,0,0,0,0,0,0,60,lru,0,0,0,0,0,0,8,6,8,0,2,0,2,0,0,0,0,0,0,0,0,3801088,0,3801088,6,7708496585225284974,0,0,2,8,2,0,0,0
layer,8,0,7,134,decode,24,8,8,0,0,0,172,0,0,0,0,19,7,2,0,0,0,0,0,0,60,lru,0,0,0,0,0,0,8,8,8,0,0,0,2,0,0,0,0,0,0,0,0,0,0,0,0,11266707633966618677,0,0,0,8,0,0,0,0
layer,8,0,7,134,decode,25,8,8,0,0,0,179,0,0,0,0,17,7,2,0,0,0,0,0,0,60,lru,0,0,0,0,0,0,8,8,8,0,0,0,1,0,0,0,0,0,0,0,0,0,0,0,0,9634221919387521182,0,0,0,8,0,0,0,0
layer,8,0,7,134,decode,26,8,8,0,0,0,158,0,0,0,0,17,7,2,0,0,0,0,0,0,60,lru,0,0,0,0,0,0,8,8,8,0,0,0,2,0,0,0,0,0,0,0,0,0,0,0,0,3040583034836899265,0,0,0,8,0,0,0,0
layer,8,0,7,134,decode,27,8,8,0,0,0,179,0,0,0,0,17,7,2,0,0,0,0,0,0,60,lru,0,0,0,0,0,0,8,8,8,0,0,0,2,0,0,0,0,0,0,0,0,0,0,0,0,10591240856553384771,0,0,0,8,0,0,0,0
layer,8,0,7,134,decode,28,8,7,1,312,172,154,25,2,0,2,381,7,7,0,0,0,0,0,0,60,lru,0,0,0,0,0,0,8,7,8,0,1,0,2,0,0,0,0,0,0,0,0,1900544,0,1900544,3,9868132805214989803,0,0,1,8,1,0,0,0
layer,8,0,7,134,decode,29,8,6,2,785,325,159,117,2,0,2,939,8,18,0,0,0,0,0,0,60,lru,0,0,0,0,0,0,8,6,8,0,2,0,2,0,0,0,0,0,0,0,0,3801088,0,3801088,6,7310913964148800969,0,0,2,8,2,0,0,0
layer,8,0,7,134,decode,30,8,7,1,4328,255,143,21,1,0,1,4411,7,12,0,0,0,0,0,0,60,lru,0,0,0,0,0,0,8,7,8,0,1,0,2,0,0,0,0,0,0,0,0,1900544,0,1900544,3,5627460241545926035,0,0,1,8,1,0,0,0
layer,8,0,7,134,decode,31,8,7,1,346,207,161,18,1,0,1,414,8,5,0,0,0,0,0,0,60,lru,0,0,0,0,0,0,8,7,8,0,1,0,2,0,0,0,0,0,0,0,0,1900544,0,1900544,3,15568273330266943414,0,0,1,8,1,0,0,0
layer,8,0,7,134,decode,32,8,7,1,398,197,155,9,1,0,1,528,8,18,0,0,0,0,0,0,60,lru,0,0,0,0,0,0,8,7,8,0,1,0,2,0,0,0,0,0,0,0,0,1900544,0,1900544,3,3069992924836539479,0,0,1,8,1,0,0,0
layer,8,0,7,134,decode,33,8,7,1,393,185,158,16,1,0,1,458,8,4,0,0,0,0,0,0,60,lru,0,0,0,0,0,0,8,7,8,0,1,0,2,0,0,0,0,0,0,0,0,1900544,0,1900544,3,17798708836369086033,0,0,1,8,1,0,0,0
layer,8,0,7,134,decode,34,8,7,1,347,210,147,16,1,0,1,423,9,4,0,0,0,0,0,0,60,lru,0,0,0,0,0,0,8,7,8,0,1,0,2,0,0,0,0,0,0,0,0,2039808,0,2039808,3,7923786919620892236,0,0,1,8,1,0,0,0
layer,8,0,7,134,decode,35,8,6,2,1277,287,159,41,2,0,2,1368,8,3,0,0,0,0,0,0,60,lru,0,0,0,0,0,0,8,6,8,0,2,0,3,0,0,0,0,0,0,0,0,3801088,0,3801088,6,14164962557392448357,0,0,2,8,2,0,0,0
layer,8,0,7,134,decode,36,8,5,3,4628,422,151,81,2,0,2,4788,8,20,0,0,0,0,0,0,60,lru,0,0,0,0,0,0,8,5,8,0,3,0,3,0,0,0,0,0,0,0,0,5701632,0,5701632,9,9254885118009679634,0,0,3,8,3,0,0,0
layer,8,0,7,134,decode,37,8,7,1,6682,95,162,15,1,0,1,6738,7,2,0,0,0,0,0,0,60,lru,0,0,0,0,0,0,8,7,8,0,1,0,2,0,0,0,0,0,0,0,0,1900544,0,1900544,3,12067841009327274295,0,0,1,8,1,0,0,0
layer,8,0,7,134,decode,38,8,4,4,7078,722,142,134,2,0,2,7264,8,18,0,0,0,0,0,0,60,lru,0,0,0,0,0,0,8,4,8,0,4,0,2,0,0,0,0,0,0,0,0,8159232,0,8159232,12,17444688285806079278,0,0,4,8,4,0,0,0
layer,8,0,7,134,decode,39,8,6,2,782,328,680,65,2,0,2,889,8,3,0,0,0,0,0,0,60,lru,0,0,0,0,0,0,8,6,8,0,2,0,2,0,0,0,0,0,0,0,0,4079616,0,4079616,6,1695413802963611957,0,0,2,8,2,0,0,0
request,8,0,7,0,decode,-1,0,0,0,0,0,0,0,0,0,0,0,0,0,0,0,0,0,0,0,0,,51359,453,0,0,19,0,0,0,0,0,0,0,0,0,0,0,0,0,0,0,0,0,0,0,0,0,0,0,0,0,0,0,0,0
layer,9,0,8,135,decode,0,8,6,2,740,303,152,57,4,0,4,852,10,4,0,0,0,0,0,0,60,lru,0,0,0,0,0,0,8,6,8,0,2,0,4,0,0,0,0,0,0,0,0,3801088,0,3801088,6,17766553607501442278,0,0,2,8,2,0,0,0
layer,9,0,8,135,decode,1,8,5,3,1077,460,158,63,3,0,3,1218,8,12,0,0,0,0,0,0,60,lru,0,0,0,0,0,0,8,5,8,0,3,0,4,0,0,0,0,0,0,0,0,5701632,0,5701632,9,1948492005036949632,0,0,3,8,3,0,0,0
layer,9,0,8,135,decode,2,8,1,7,6544,942,138,222,4,0,4,6829,8,21,0,0,0,0,0,0,60,lru,0,0,0,0,0,0,8,1,8,0,7,0,3,0,0,0,0,0,0,0,0,13303808,0,13303808,21,5006948436406637278,0,0,7,8,7,0,0,0
layer,9,0,8,135,decode,3,8,7,1,569,172,161,27,3,0,3,636,8,3,0,0,0,0,0,0,60,lru,0,0,0,0,0,0,8,7,8,0,1,0,3,0,0,0,0,0,0,0,0,1900544,0,1900544,3,9221909268881073513,0,0,1,8,1,0,0,0
layer,9,0,8,135,decode,4,8,8,0,0,0,174,0,0,0,0,23,8,2,0,0,0,0,0,0,60,lru,0,0,0,0,0,0,8,8,8,0,0,0,3,0,0,0,0,0,0,0,0,0,0,0,0,18426087518387629342,0,0,0,8,0,0,0,0
layer,9,0,8,135,decode,5,8,4,4,1473,538,156,130,4,0,4,1651,7,7,0,0,0,0,0,0,60,lru,0,0,0,0,0,0,8,4,8,0,4,0,4,0,0,0,0,0,0,0,0,7602176,0,7602176,12,5089425193703876880,0,0,4,8,4,0,0,0
layer,9,0,8,135,decode,6,8,6,2,683,278,144,68,4,0,4,842,8,18,0,0,0,0,0,0,60,lru,0,0,0,0,0,0,8,6,8,0,2,0,4,0,0,0,0,0,0,0,0,3801088,0,3801088,6,6485916271933427863,0,0,2,8,2,0,0,0
layer,9,0,8,135,decode,7,8,6,2,571,285,160,50,4,0,4,683,8,13,0,0,0,0,0,0,60,lru,0,0,0,0,0,0,8,6,8,0,2,0,3,0,0,0,0,0,0,0,0,3801088,0,3801088,6,16110661259385771720,0,0,2,8,2,0,0,0
layer,9,0,8,135,decode,8,8,7,1,5950,161,154,10,3,0,3,6019,9,3,0,0,0,0,0,0,60,lru,0,0,0,0,0,0,8,7,8,0,1,0,3,0,0,0,0,0,0,0,0,1900544,0,1900544,3,12312999409685858030,0,0,1,8,1,0,0,0
layer,9,0,8,135,decode,9,8,8,0,0,0,179,0,0,0,0,21,8,2,0,0,0,0,0,0,60,lru,0,0,0,0,0,0,8,8,8,0,0,0,3,0,0,0,0,0,0,0,0,0,0,0,0,1164168202592943972,0,0,0,8,0,0,0,0
layer,9,0,8,135,decode,10,8,7,1,5604,228,144,49,1,0,1,5686,7,12,0,0,0,0,0,0,60,lru,0,0,0,0,0,0,8,7,8,0,1,0,2,0,0,0,0,0,0,0,0,1900544,0,1900544,3,16230882187073323188,0,0,1,8,1,0,0,0
layer,9,0,8,135,decode,11,8,7,1,3674,181,161,40,1,0,1,3772,8,13,0,0,0,0,0,0,60,lru,0,0,0,0,0,0,8,7,8,0,1,0,2,0,0,0,0,0,0,0,0,1900544,0,1900544,3,1311277773683376307,0,0,1,8,1,0,0,0
layer,9,0,8,135,decode,12,8,8,0,0,0,172,0,0,0,0,20,7,2,0,0,0,0,0,0,60,lru,0,0,0,0,0,0,8,8,8,0,0,0,2,0,0,0,0,0,0,0,0,0,0,0,0,2000440737684769920,0,0,0,8,0,0,0,0
layer,9,0,8,135,decode,13,8,6,2,678,281,158,81,2,0,2,806,7,15,0,0,0,0,0,0,60,lru,0,0,0,0,0,0,8,6,8,0,2,0,2,0,0,0,0,0,0,0,0,3801088,0,3801088,6,16223915796982868159,0,0,2,8,2,0,0,0
layer,9,0,8,135,decode,14,8,7,1,325,173,146,38,1,0,1,387,8,2,0,0,0,0,0,0,60,lru,0,0,0,0,0,0,8,7,8,0,1,0,2,0,0,0,0,0,0,0,0,1900544,0,1900544,3,16504138498369643397,0,0,1,8,1,0,0,0
layer,9,0,8,135,decode,15,8,7,1,527,170,158,32,1,0,1,638,8,32,0,0,0,0,0,0,60,lru,0,0,0,0,0,0,8,7,8,0,1,0,2,0,0,0,0,0,0,0,0,1900544,0,1900544,3,17071262489692299336,0,0,1,8,1,0,0,0
layer,9,0,8,135,decode,16,8,5,3,1012,424,153,102,2,0,2,1184,8,17,0,0,0,0,0,0,60,lru,0,0,0,0,0,0,8,5,8,0,3,0,1,0,0,0,0,0,0,0,0,5701632,0,5701632,9,17388171672816517437,0,0,3,8,3,0,0,0
layer,9,0,8,135,decode,17,8,7,1,319,175,161,21,1,0,1,380,8,2,0,0,0,0,0,0,60,lru,0,0,0,0,0,0,8,7,8,0,1,0,2,0,0,0,0,0,0,0,0,1900544,0,1900544,3,10747978746693540413,0,0,1,8,1,0,0,0
layer,9,0,8,135,decode,18,8,7,1,314,169,143,41,1,0,1,417,8,17,0,0,0,0,0,0,60,lru,0,0,0,0,0,0,8,7,8,0,1,0,1,0,0,0,0,0,0,0,0,1900544,0,1900544,3,4294397186138423788,0,0,1,8,1,0,0,0
layer,9,0,8,135,decode,19,8,6,2,2076,234,158,43,2,0,2,2168,8,3,0,0,0,0,0,0,60,lru,0,0,0,0,0,0,8,6,8,0,2,0,2,0,0,0,0,0,0,0,0,3801088,0,3801088,6,3797850060289924163,0,0,2,8,2,0,0,0
layer,9,0,8,135,decode,20,8,4,4,11913,647,151,114,2,0,2,12065,7,3,0,0,0,0,0,0,60,lru,0,0,0,0,0,0,8,4,8,0,4,0,2,0,0,0,0,0,0,0,0,7602176,0,7602176,12,4626246891390398488,0,0,4,8,4,0,0,0
layer,9,0,8,135,decode,21,8,7,1,414,164,160,49,1,0,1,523,8,18,0,0,0,0,0,0,60,lru,0,0,0,0,0,0,8,7,8,0,1,0,2,0,0,0,0,0,0,0,0,1900544,0,1900544,3,13522098140502796080,0,0,1,8,1,0,0,0
layer,9,0,8,135,decode,22,8,8,0,0,0,160,0,0,0,0,18,8,2,0,0,0,0,0,0,60,lru,0,0,0,0,0,0,8,8,8,0,0,0,1,0,0,0,0,0,0,0,0,0,0,0,0,9077293897511741392,0,0,0,8,0,0,0,0
layer,9,0,8,135,decode,23,8,4,4,16417,612,157,120,1,0,1,16583,7,4,0,0,0,0,0,0,60,lru,0,0,0,0,0,0,8,4,8,0,4,0,2,0,0,0,0,0,0,0,0,7602176,0,7602176,12,17165113650498531631,0,0,4,8,4,0,0,0
layer,9,0,8,135,decode,24,8,7,1,326,165,154,27,1,0,1,390,8,2,0,0,0,0,0,0,60,lru,0,0,0,0,0,0,8,7,8,0,1,0,3,0,0,0,0,0,0,0,0,1900544,0,1900544,3,5528112408869666161,0,0,1,8,1,0,0,0
layer,9,0,8,135,decode,25,8,7,1,365,167,163,18,1,0,1,424,8,3,0,0,0,0,0,0,60,lru,0,0,0,0,0,0,8,7,8,0,1,0,1,0,0,0,0,0,0,0,0,1900544,0,1900544,3,5528735021160992526,0,0,1,8,1,0,0,0
layer,9,0,8,135,decode,26,8,4,4,3477,523,139,104,2,0,2,3630,7,3,0,0,0,0,0,0,60,lru,0,0,0,0,0,0,8,4,8,0,4,0,2,0,0,0,0,0,0,0,0,7602176,0,7602176,12,1797920296175844642,0,0,4,8,4,0,0,0
layer,9,0,8,135,decode,27,8,4,4,9944,577,157,134,2,0,2,10107,7,3,0,0,0,0,0,0,60,lru,0,0,0,0,0,0,8,4,8,0,4,0,2,0,0,0,0,0,0,0,0,7602176,0,7602176,12,3349962317741404092,0,0,4,8,4,0,0,0
layer,9,0,8,135,decode,28,8,6,2,3724,257,163,42,2,0,2,3862,8,18,0,0,0,0,0,0,60,lru,0,0,0,0,0,0,8,6,8,0,2,0,2,0,0,0,0,0,0,0,0,3801088,0,3801088,6,18159410097378029887,0,0,2,8,2,0,0,0
layer,9,0,8,135,decode,29,8,5,3,11114,376,159,77,2,0,2,11272,8,19,0,0,0,0,0,0,60,lru,0,0,0,0,0,0,8,5,8,0,3,0,2,0,0,0,0,0,0,0,0,5701632,0,5701632,9,658892802405898656,0,0,3,8,3,0,0,0
layer,9,0,8,135,decode,30,8,8,0,0,0,160,0,0,0,0,19,8,2,0,0,0,0,0,0,60,lru,0,0,0,0,0,0,8,8,8,0,0,0,2,0,0,0,0,0,0,0,0,0,0,0,0,11153524001216942626,0,0,0,8,0,0,0,0
layer,9,0,8,135,decode,31,8,5,3,11027,640,160,112,2,0,2,11201,8,18,0,0,0,0,0,0,60,lru,0,0,0,0,0,0,8,5,8,0,3,0,2,0,0,0,0,0,0,0,0,5701632,0,5701632,9,11043407761051304829,0,0,3,8,3,0,0,0
layer,9,0,8,135,decode,32,8,5,3,10785,440,152,58,2,0,2,10922,7,16,0,0,0,0,0,0,60,lru,0,0,0,0,0,0,8,5,8,0,3,0,2,0,0,0,0,0,0,0,0,5701632,0,5701632,9,3170754579772526432,0,0,3,8,3,0,0,0
layer,9,0,8,135,decode,33,8,2,6,10626,775,155,155,2,0,2,10837,7,3,0,0,0,0,0,0,60,lru,0,0,0,0,0,0,8,2,8,0,6,0,2,0,0,0,0,0,0,0,0,11403264,0,11403264,18,1096828206140903151,0,0,6,8,6,0,0,0
layer,9,0,8,135,decode,34,8,7,1,4152,169,145,30,1,0,1,4262,8,30,0,0,0,0,0,0,60,lru,0,0,0,0,0,0,8,7,8,0,1,0,2,0,0,0,0,0,0,0,0,2039808,0,2039808,3,9983660702439725721,0,0,1,8,1,0,0,0
layer,9,0,8,135,decode,35,8,7,1,315,179,160,17,1,0,1,378,8,3,0,0,0,0,0,0,60,lru,0,0,0,0,0,0,8,7,8,0,1,0,2,0,0,0,0,0,0,0,0,1900544,0,1900544,3,9186746081147970089,0,0,1,8,1,0,0,0
layer,9,0,8,135,decode,36,8,6,2,708,324,153,42,2,0,2,799,8,4,0,0,0,0,0,0,60,lru,0,0,0,0,0,0,8,6,8,0,2,0,2,0,0,0,0,0,0,0,0,3801088,0,3801088,6,168553827873682714,0,0,2,8,2,0,0,0
layer,9,0,8,135,decode,37,8,4,4,6165,606,155,111,2,0,2,6344,8,3,0,0,0,0,0,0,60,lru,0,0,0,0,0,0,8,4,8,0,4,0,2,0,0,0,0,0,0,0,0,7602176,0,7602176,12,7207624911407760740,0,0,4,8,4,0,0,0
layer,9,0,8,135,decode,38,8,5,3,1305,414,143,65,2,0,2,1425,8,3,0,0,0,0,0,0,60,lru,0,0,0,0,0,0,8,5,8,0,3,0,2,0,0,0,0,0,0,0,0,6119424,0,6119424,9,1070291579223744423,0,0,3,8,3,0,0,0
layer,9,0,8,135,decode,39,8,3,5,11398,768,676,120,3,0,3,11612,8,13,0,0,0,0,0,0,60,lru,0,0,0,0,0,0,8,3,8,0,5,0,2,0,0,0,0,0,0,0,0,10199040,0,10199040,15,16930971845087780111,0,0,5,8,5,0,0,0
request,9,0,8,0,decode,-1,0,0,0,0,0,0,0,0,0,0,0,0,0,0,0,0,0,0,0,0,,160762,624,0,0,21,0,0,0,0,0,0,0,0,0,0,0,0,0,0,0,0,0,0,0,0,0,0,0,0,0,0,0,0,0
layer,10,0,9,136,decode,0,8,6,2,1633,309,152,43,4,0,4,1785,10,16,0,0,0,0,0,0,60,lru,0,0,0,0,0,0,8,6,8,0,2,0,4,0,0,0,0,0,0,0,0,3801088,0,3801088,6,256183304317158008,0,0,2,8,2,0,0,0
layer,10,0,9,136,decode,1,8,5,3,1083,421,158,125,4,0,4,1261,8,16,0,0,0,0,0,0,60,lru,0,0,0,0,0,0,8,5,8,0,3,0,4,0,0,0,0,0,0,0,0,5701632,0,5701632,9,4134088012697480474,0,0,3,8,3,0,0,0
layer,10,0,9,136,decode,2,8,6,2,699,311,142,64,4,0,4,848,8,22,0,0,0,0,0,0,60,lru,0,0,0,0,0,0,8,6,8,0,2,0,3,0,0,0,0,0,0,0,0,3801088,0,3801088,6,11054506302481276366,0,0,2,8,2,0,0,0
layer,10,0,9,136,decode,3,8,6,2,714,301,162,61,3,0,3,829,7,9,0,0,0,0,0,0,60,lru,0,0,0,0,0,0,8,6,8,0,2,0,4,0,0,0,0,0,0,0,0,3801088,0,3801088,6,1357185653351558521,0,0,2,8,2,0,0,0
layer,10,0,9,136,decode,4,8,6,2,884,290,155,53,3,0,3,1043,8,17,0,0,0,0,0,0,60,lru,0,0,0,0,0,0,8,6,8,0,2,0,3,0,0,0,0,0,0,0,0,3801088,0,3801088,6,7876943170034613391,0,0,2,8,2,0,0,0
layer,10,0,9,136,decode,5,8,6,2,716,250,163,54,4,0,4,830,7,3,0,0,0,0,0,0,60,lru,0,0,0,0,0,0,8,6,8,0,2,0,4,0,0,0,0,0,0,0,0,3801088,0,3801088,6,17879656732256625828,0,0,2,8,2,0,0,0
layer,10,0,9,136,decode,6,8,8,0,0,0,160,0,0,0,0,22,8,2,0,0,0,0,0,0,60,lru,0,0,0,0,0,0,8,8,8,0,0,0,3,0,0,0,0,0,0,0,0,0,0,0,0,1904092008760804848,0,0,0,8,0,0,0,0
layer,10,0,9,136,decode,7,8,8,0,0,0,181,0,0,0,0,21,8,2,0,0,0,0,0,0,60,lru,0,0,0,0,0,0,8,8,8,0,0,0,3,0,0,0,0,0,0,0,0,0,0,0,0,1660091344714187752,0,0,0,8,0,0,0,0
layer,10,0,9,136,decode,8,8,8,0,0,0,174,0,0,0,0,20,7,2,0,0,0,0,0,0,60,lru,0,0,0,0,0,0,8,8,8,0,0,0,3,0,0,0,0,0,0,0,0,0,0,0,0,12283578057002322663,0,0,0,8,0,0,0,0
layer,10,0,9,136,decode,9,8,7,1,318,175,160,5,1,0,1,383,8,3,0,0,0,0,0,0,60,lru,0,0,0,0,0,0,8,7,8,0,1,0,2,0,0,0,0,0,0,0,0,1900544,0,1900544,3,10107830533395532044,0,0,1,8,1,0,0,0
layer,10,0,9,136,decode,10,8,8,0,0,0,158,0,0,0,0,20,8,2,0,0,0,0,0,0,60,lru,0,0,0,0,0,0,8,8,8,0,0,0,2,0,0,0,0,0,0,0,0,0,0,0,0,3901729132458621724,0,0,0,8,0,0,0,0
layer,10,0,9,136,decode,11,8,8,0,0,0,180,0,0,0,0,18,7,2,0,0,0,0,0,0,60,lru,0,0,0,0,0,0,8,8,8,0,0,0,2,0,0,0,0,0,0,0,0,0,0,0,0,13185845533284760550,0,0,0,8,0,0,0,0
layer,10,0,9,136,decode,12,8,8,0,0,0,173,0,0,0,0,18,8,2,0,0,0,0,0,0,60,lru,0,0,0,0,0,0,8,8,8,0,0,0,2,0,0,0,0,0,0,0,0,0,0,0,0,9657029993944277056,0,0,0,8,0,0,0,0
layer,10,0,9,136,decode,13,8,6,2,1718,296,159,61,2,0,2,1865,7,17,0,0,0,0,0,0,60,lru,0,0,0,0,0,0,8,6,8,0,2,0,2,0,0,0,0,0,0,0,0,3801088,0,3801088,6,464341378819426607,0,0,2,8,2,0,0,0
layer,10,0,9,136,decode,14,8,8,0,0,0,161,0,0,0,0,20,8,2,0,0,0,0,0,0,60,lru,0,0,0,0,0,0,8,8,8,0,0,0,2,0,0,0,0,0,0,0,0,0,0,0,0,15418123109660909935,0,0,0,8,0,0,0,0
layer,10,0,9,136,decode,15,8,8,0,0,0,179,0,0,0,0,22,11,2,0,0,0,0,0,0,60,lru,0,0,0,0,0,0,8,8,8,0,0,0,2,0,0,0,0,0,0,0,0,0,0,0,0,7172804628346935676,0,0,0,8,0,0,0,0
layer,10,0,9,136,decode,16,8,8,0,0,0,174,0,0,0,0,18,7,2,0,0,0,0,0,0,60,lru,0,0,0,0,0,0,8,8,8,0,0,0,2,0,0,0,0,0,0,0,0,0,0,0,0,11226013459689102582,0,0,0,8,0,0,0,0
layer,10,0,9,136,decode,17,8,8,0,0,0,180,0,0,0,0,18,7,2,0,0,0,0,0,0,60,lru,0,0,0,0,0,0,8,8,8,0,0,0,2,0,0,0,0,0,0,0,0,0,0,0,0,4958735092814997066,0,0,0,8,0,0,0,0
layer,10,0,9,136,decode,18,8,7,1,387,162,144,19,1,0,1,472,7,18,0,0,0,0,0,0,60,lru,0,0,0,0,0,0,8,7,8,0,1,0,2,0,0,0,0,0,0,0,0,1900544,0,1900544,3,440481565051333190,0,0,1,8,1,0,0,0
layer,10,0,9,136,decode,19,8,7,1,353,169,161,24,1,0,1,413,7,2,0,0,0,0,0,0,60,lru,0,0,0,0,0,0,8,7,8,0,1,0,2,0,0,0,0,0,0,0,0,1900544,0,1900544,3,3636914449266102055,0,0,1,8,1,0,0,0
layer,10,0,9,136,decode,20,8,6,2,738,275,154,74,2,0,2,882,8,17,0,0,0,0,0,0,60,lru,0,0,0,0,0,0,8,6,8,0,2,0,1,0,0,0,0,0,0,0,0,3801088,0,3801088,6,1481640695958228924,0,0,2,8,2,0,0,0
layer,10,0,9,136,decode,21,8,8,0,0,0,180,0,0,0,0,20,8,2,0,0,0,0,0,0,60,lru,0,0,0,0,0,0,8,8,8,0,0,0,2,0,0,0,0,0,0,0,0,0,0,0,0,6372748322243033036,0,0,0,8,0,0,0,0
layer,10,0,9,136,decode,22,8,7,1,324,170,144,32,1,0,1,401,8,3,0,0,0,0,0,0,60,lru,0,0,0,0,0,0,8,7,8,0,1,0,2,0,0,0,0,0,0,0,0,1900544,0,1900544,3,3883574391584390457,0,0,1,8,1,0,0,0
layer,10,0,9,136,decode,23,8,7,1,350,169,160,11,1,0,1,411,8,3,0,0,0,0,0,0,60,lru,0,0,0,0,0,0,8,7,8,0,1,0,2,0,0,0,0,0,0,0,0,1900544,0,1900544,3,16097460006470681003,0,0,1,8,1,0,0,0
layer,10,0,9,136,decode,24,8,8,0,0,0,175,0,0,0,0,19,7,2,0,0,0,0,0,0,60,lru,0,0,0,0,0,0,8,8,8,0,0,0,2,0,0,0,0,0,0,0,0,0,0,0,0,17982123898159918898,0,0,0,8,0,0,0,0
layer,10,0,9,136,decode,25,8,7,1,362,164,162,20,1,0,1,422,7,3,0,0,0,0,0,0,60,lru,0,0,0,0,0,0,8,7,8,0,1,0,1,0,0,0,0,0,0,0,0,1900544,0,1900544,3,11667471829715060801,0,0,1,8,1,0,0,0
layer,10,0,9,136,decode,26,8,8,0,0,0,159,0,0,0,0,19,8,2,0,0,0,0,0,0,60,lru,0,0,0,0,0,0,8,8,8,0,0,0,2,0,0,0,0,0,0,0,0,0,0,0,0,687042300089688261,0,0,0,8,0,0,0,0
layer,10,0,9,136,decode,27,8,8,0,0,0,182,0,0,0,0,17,7,2,0,0,0,0,0,0,60,lru,0,0,0,0,0,0,8,8,8,0,0,0,2,0,0,0,0,0,0,0,0,0,0,0,0,10197804202889524642,0,0,0,8,0,0,0,0
layer,10,0,9,136,decode,28,8,6,2,625,303,153,62,2,0,2,761,7,20,0,0,0,0,0,0,60,lru,0,0,0,0,0,0,8,6,8,0,2,0,2,0,0,0,0,0,0,0,0,3801088,0,3801088,6,862835602802075356,0,0,2,8,2,0,0,0
layer,10,0,9,136,decode,29,8,7,1,4413,291,160,28,1,0,1,4475,8,2,0,0,0,0,0,0,60,lru,0,0,0,0,0,0,8,7,8,0,1,0,2,0,0,0,0,0,0,0,0,1900544,0,1900544,3,8573648783834778450,0,0,1,8,1,0,0,0
layer,10,0,9,136,decode,30,8,7,1,4192,169,144,27,1,0,1,4251,8,2,0,0,0,0,0,0,60,lru,0,0,0,0,0,0,8,7,8,0,1,0,1,0,0,0,0,0,0,0,0,1900544,0,1900544,3,12225414343385928778,0,0,1,8,1,0,0,0
layer,10,0,9,136,decode,31,8,5,3,1632,438,160,109,2,0,2,1786,8,17,0,0,0,0,0,0,60,lru,0,0,0,0,0,0,8,5,8,0,3,0,2,0,0,0,0,0,0,0,0,5701632,0,5701632,9,3136707724217711122,0,0,3,8,3,0,0,0
layer,10,0,9,136,decode,32,8,8,0,0,0,175,0,0,0,0,18,7,2,0,0,0,0,0,0,60,lru,0,0,0,0,0,0,8,8,8,0,0,0,2,0,0,0,0,0,0,0,0,0,0,0,0,12363961511064630396,0,0,0,8,0,0,0,0
layer,10,0,9,136,decode,33,8,6,2,973,295,158,68,3,0,3,1073,7,3,0,0,0,0,0,0,60,lru,0,0,0,0,0,0,8,6,8,0,2,0,2,0,0,0,0,0,0,0,0,3801088,0,3801088,6,8792502867803693197,0,0,2,8,2,0,0,0
layer,10,0,9,136,decode,34,8,7,1,336,133,145,18,2,0,2,398,8,3,0,0,0,0,0,0,60,lru,0,0,0,0,0,0,8,7,8,0,1,0,2,0,0,0,0,0,0,0,0,2039808,0,2039808,3,12417754167355375309,0,0,1,8,1,0,0,0
layer,10,0,9,136,decode,35,8,6,2,5497,441,161,49,2,0,2,5646,8,18,0,0,0,0,0,0,60,lru,0,0,0,0,0,0,8,6,8,0,2,0,2,0,0,0,0,0,0,0,0,3801088,0,3801088,6,11977729599320737797,0,0,2,8,2,0,0,0
layer,10,0,9,136,decode,36,8,6,2,798,238,153,50,2,0,2,903,8,3,0,0,0,0,0,0,60,lru,0,0,0,0,0,0,8,6,8,0,2,0,2,0,0,0,0,0,0,0,0,3801088,0,3801088,6,14295789920659678292,0,0,2,8,2,0,0,0
layer,10,0,9,136,decode,37,8,5,3,1205,425,157,62,3,0,3,1329,8,3,0,0,0,0,0,0,60,lru,0,0,0,0,0,0,8,5,8,0,3,0,2,0,0,0,0,0,0,0,0,5701632,0,5701632,9,12335130773298991040,0,0,3,8,3,0,0,0
layer,10,0,9,136,decode,38,8,5,3,2026,438,144,83,2,0,2,2202,8,19,0,0,0,0,0,0,60,lru,0,0,0,0,0,0,8,5,8,0,3,0,2,0,0,0,0,0,0,0,0,6119424,0,6119424,9,11792382779347442684,0,0,3,8,3,0,0,0
layer,10,0,9,136,decode,39,8,7,1,4224,156,677,12,1,0,1,4289,8,2,0,0,0,0,0,0,60,lru,0,0,0,0,0,0,8,7,8,0,1,0,2,0,0,0,0,0,0,0,0,2039808,0,2039808,3,16832519235363412535,0,0,1,8,1,0,0,0
request,10,0,9,0,decode,-1,0,0,0,0,0,0,0,0,0,0,0,0,0,0,0,0,0,0,0,0,,48445,438,0,0,17,0,0,0,0,0,0,0,0,0,0,0,0,0,0,0,0,0,0,0,0,0,0,0,0,0,0,0,0,0
layer,11,0,10,137,decode,0,8,7,1,358,165,164,51,3,0,3,498,9,18,0,0,0,0,0,0,60,lru,0,0,0,0,0,0,8,7,8,0,1,0,4,0,0,0,0,0,0,0,0,1900544,0,1900544,3,13752061682182859772,0,0,1,8,1,0,0,0
layer,11,0,10,137,decode,1,8,6,2,723,271,173,76,4,0,4,882,9,38,0,0,0,0,0,0,60,lru,0,0,0,0,0,0,8,6,8,0,2,0,4,0,0,0,0,0,0,0,0,3801088,0,3801088,6,3671770091983518084,0,0,2,8,2,0,0,0
layer,11,0,10,137,decode,2,8,4,4,1487,562,141,101,4,0,4,1683,8,25,0,0,0,0,0,0,60,lru,0,0,0,0,0,0,8,4,8,0,4,0,3,0,0,0,0,0,0,0,0,7602176,0,7602176,12,9502492281645903271,0,0,4,8,4,0,0,0
layer,11,0,10,137,decode,3,8,4,4,5138,535,157,124,4,0,4,5302,8,3,0,0,0,0,0,0,60,lru,0,0,0,0,0,0,8,4,8,0,4,0,4,0,0,0,0,0,0,0,0,7602176,0,7602176,12,9784137220707317288,0,0,4,8,4,0,0,0
layer,11,0,10,137,decode,4,8,5,3,6715,329,158,88,3,0,3,6852,7,3,0,0,0,0,0,0,60,lru,0,0,0,0,0,0,8,5,8,0,3,0,3,0,0,0,0,0,0,0,0,5701632,0,5701632,9,3162804470617996141,0,0,3,8,3,0,0,0
layer,11,0,10,137,decode,5,8,6,2,708,319,158,85,4,0,4,865,8,18,0,0,0,0,0,0,60,lru,0,0,0,0,0,0,8,6,8,0,2,0,4,0,0,0,0,0,0,0,0,3801088,0,3801088,6,5209220739066450078,0,0,2,8,2,0,0,0
layer,11,0,10,137,decode,6,8,7,1,348,162,145,25,3,0,3,417,7,3,0,0,0,0,0,0,60,lru,0,0,0,0,0,0,8,7,8,0,1,0,3,0,0,0,0,0,0,0,0,1900544,0,1900544,3,3897460784983115726,0,0,1,8,1,0,0,0
layer,11,0,10,137,decode,7,8,7,1,323,169,160,29,3,0,3,390,8,3,0,0,0,0,0,0,60,lru,0,0,0,0,0,0,8,7,8,0,1,0,3,0,0,0,0,0,0,0,0,1900544,0,1900544,3,10441621081237985884,0,0,1,8,1,0,0,0
layer,11,0,10,137,decode,8,8,6,2,2562,295,153,35,4,0,4,2658,8,4,0,0,0,0,0,0,60,lru,0,0,0,0,0,0,8,6,8,0,2,0,3,0,0,0,0,0,0,0,0,3801088,0,3801088,6,13708950532611813882,0,0,2,8,2,0,0,0
layer,11,0,10,137,decode,9,8,8,0,0,0,180,0,0,0,0,20,8,2,0,0,0,0,0,0,60,lru,0,0,0,0,0,0,8,8,8,0,0,0,3,0,0,0,0,0,0,0,0,0,0,0,0,4495025657307624376,0,0,0,8,0,0,0,0
layer,11,0,10,137,decode,10,8,7,1,2186,166,144,22,1,0,1,2246,7,3,0,0,0,0,0,0,60,lru,0,0,0,0,0,0,8,7,8,0,1,0,2,0,0,0,0,0,0,0,0,1900544,0,1900544,3,4557210866926226125,0,0,1,8,1,0,0,0
layer,11,0,10,137,decode,11,8,6,2,6407,397,160,85,2,0,2,6546,8,18,0,0,0,0,0,0,60,lru,0,0,0,0,0,0,8,6,8,0,2,0,2,0,0,0,0,0,0,0,0,3801088,0,3801088,6,1691102136812413906,0,0,2,8,2,0,0,0
layer,11,0,10,137,decode,12,8,8,0,0,0,174,0,0,0,0,19,8,2,0,0,0,0,0,0,60,lru,0,0,0,0,0,0,8,8,8,0,0,0,2,0,0,0,0,0,0,0,0,0,0,0,0,12997929092757780834,0,0,0,8,0,0,0,0
layer,11,0,10,137,decode,13,8,6,2,5261,214,160,63,2,0,2,5349,7,2,0,0,0,0,0,0,60,lru,0,0,0,0,0,0,8,6,8,0,2,0,2,0,0,0,0,0,0,0,0,3801088,0,3801088,6,9034438458927865456,0,0,2,8,2,0,0,0
layer,11,0,10,137,decode,14,8,7,1,374,162,144,26,1,0,1,437,8,3,0,0,0,0,0,0,60,lru,0,0,0,0,0,0,8,7,8,0,1,0,2,0,0,0,0,0,0,0,0,1900544,0,1900544,3,17170889658984669062,0,0,1,8,1,0,0,0
layer,11,0,10,137,decode,15,8,7,1,371,161,160,34,1,0,1,462,8,15,0,0,0,0,0,0,60,lru,0,0,0,0,0,0,8,7,8,0,1,0,2,0,0,0,0,0,0,0,0,1900544,0,1900544,3,5412050933553075746,0,0,1,8,1,0,0,0
layer,11,0,10,137,decode,16,8,7,1,330,160,163,50,1,0,1,458,7,21,0,0,0,0,0,0,60,lru,0,0,0,0,0,0,8,7,8,0,1,0,1,0,0,0,0,0,0,0,0,1900544,0,1900544,3,11974962715807655381,0,0,1,8,1,0,0,0
layer,11,0,10,137,decode,17,8,7,1,312,178,161,22,1,0,1,377,8,3,0,0,0,0,0,0,60,lru,0,0,0,0,0,0,8,7,8,0,1,0,2,0,0,0,0,0,0,0,0,1900544,0,1900544,3,10794085220456199734,0,0,1,8,1,0,0,0
layer,11,0,10,137,decode,18,8,8,0,0,0,157,0,0,0,0,19,8,2,0,0,0,0,0,0,60,lru,0,0,0,0,0,0,8,8,8,0,0,0,1,0,0,0,0,0,0,0,0,0,0,0,0,15799263491683995394,0,0,0,8,0,0,0,0
layer,11,0,10,137,decode,19,8,7,1,321,169,160,27,1,0,1,379,7,2,0,0,0,0,0,0,60,lru,0,0,0,0,0,0,8,7,8,0,1,0,2,0,0,0,0,0,0,0,0,1900544,0,1900544,3,17988190696867751455,0,0,1,8,1,0,0,0
layer,11,0,10,137,decode,20,8,6,2,5824,402,153,63,2,0,2,5923,8,4,0,0,0,0,0,0,60,lru,0,0,0,0,0,0,8,6,8,0,2,0,2,0,0,0,0,0,0,0,0,3801088,0,3801088,6,4900092950834999578,0,0,2,8,2,0,0,0
layer,11,0,10,137,decode,21,8,8,0,0,0,179,0,0,0,0,20,7,2,0,0,0,0,0,0,60,lru,0,0,0,0,0,0,8,8,8,0,0,0,2,0,0,0,0,0,0,0,0,0,0,0,0,11927863681752624834,0,0,0,8,0,0,0,0
layer,11,0,10,137,decode,22,8,7,1,335,164,144,38,1,0,1,425,7,17,0,0,0,0,0,0,60,lru,0,0,0,0,0,0,8,7,8,0,1,0,1,0,0,0,0,0,0,0,0,1900544,0,1900544,3,10061796546347833215,0,0,1,8,1,0,0,0
layer,11,0,10,137,decode,23,8,7,1,560,169,159,15,1,0,1,622,8,2,0,0,0,0,0,0,60,lru,0,0,0,0,0,0,8,7,8,0,1,0,2,0,0,0,0,0,0,0,0,1900544,0,1900544,3,7040921833537564862,0,0,1,8,1,0,0,0
layer,11,0,10,137,decode,24,8,8,0,0,0,174,0,0,0,0,19,8,2,0,0,0,0,0,0,60,lru,0,0,0,0,0,0,8,8,8,0,0,0,2,0,0,0,0,0,0,0,0,0,0,0,0,5071179296124846802,0,0,0,8,0,0,0,0
layer,11,0,10,137,decode,25,8,6,2,1162,242,160,45,2,0,2,1256,7,3,0,0,0,0,0,0,60,lru,0,0,0,0,0,0,8,6,8,0,2,0,2,0,0,0,0,0,0,0,0,3801088,0,3801088,6,4927969956705875744,0,0,2,8,2,0,0,0
layer,11,0,10,137,decode,26,8,7,1,362,172,143,20,1,0,1,420,8,2,0,0,0,0,0,0,60,lru,0,0,0,0,0,0,8,7,8,0,1,0,2,0,0,0,0,0,0,0,0,1900544,0,1900544,3,15018021186249731840,0,0,1,8,1,0,0,0
layer,11,0,10,137,decode,27,8,7,1,5667,170,161,13,1,0,1,5727,8,3,0,0,0,0,0,0,60,lru,0,0,0,0,0,0,8,7,8,0,1,0,1,0,0,0,0,0,0,0,0,1900544,0,1900544,3,2518858018718407975,0,0,1,8,1,0,0,0
layer,11,0,10,137,decode,28,8,8,0,0,0,173,0,0,0,0,20,8,2,0,0,0,0,0,0,60,lru,0,0,0,0,0,0,8,8,8,0,0,0,2,0,0,0,0,0,0,0,0,0,0,0,0,5095912132651774936,0,0,0,8,0,0,0,0
layer,11,0,10,137,decode,29,8,7,1,4198,141,160,39,1,0,1,4296,7,17,0,0,0,0,0,0,60,lru,0,0,0,0,0,0,8,7,8,0,1,0,1,0,0,0,0,0,0,0,0,1900544,0,1900544,3,3339611026600156272,0,0,1,8,1,0,0,0
layer,11,0,10,137,decode,30,8,6,2,6972,421,141,49,2,0,2,7123,8,16,0,0,0,0,0,0,60,lru,0,0,0,0,0,0,8,6,8,0,2,0,1,0,0,0,0,0,0,0,0,3801088,0,3801088,6,8796630222680208867,0,0,2,8,2,0,0,0
layer,11,0,10,137,decode,31,8,3,5,9753,617,159,107,2,0,2,9985,8,22,0,0,0,0,0,0,60,lru,0,0,0,0,0,0,8,3,8,0,5,0,2,0,0,0,0,0,0,0,0,9502720,0,9502720,15,11407963209129881544,0,0,5,8,5,0,0,0
layer,11,0,10,137,decode,32,8,7,1,369,170,154,23,1,0,1,452,8,22,0,0,0,0,0,0,60,lru,0,0,0,0,0,0,8,7,8,0,1,0,2,0,0,0,0,0,0,0,0,1900544,0,1900544,3,15384330664642553468,0,0,1,8,1,0,0,0
layer,11,0,10,137,decode,33,8,6,2,645,285,158,61,2,0,2,764,8,16,0,0,0,0,0,0,60,lru,0,0,0,0,0,0,8,6,8,0,2,0,2,0,0,0,0,0,0,0,0,3801088,0,3801088,6,9294837972055209873,0,0,2,8,2,0,0,0
layer,11,0,10,137,decode,34,8,4,4,1794,575,143,93,2,0,2,1947,7,5,0,0,0,0,0,0,60,lru,0,0,0,0,0,0,8,4,8,0,4,0,2,0,0,0,0,0,0,0,0,8159232,0,8159232,12,12015607263444812177,0,0,4,8,4,0,0,0
layer,11,0,10,137,decode,35,8,6,2,584,315,159,62,2,0,2,729,8,16,0,0,0,0,0,0,60,lru,0,0,0,0,0,0,8,6,8,0,2,0,3,0,0,0,0,0,0,0,0,3801088,0,3801088,6,3667821792527153563,0,0,2,8,2,0,0,0
layer,11,0,10,137,decode,36,8,7,1,4440,293,157,64,1,0,1,4568,7,20,0,0,0,0,0,0,60,lru,0,0,0,0,0,0,8,7,8,0,1,0,2,0,0,0,0,0,0,0,0,1900544,0,1900544,3,13450369065003021660,0,0,1,8,1,0,0,0
layer,11,0,10,137,decode,37,8,5,3,4330,408,156,99,2,0,2,4480,7,10,0,0,0,0,0,0,60,lru,0,0,0,0,0,0,8,5,8,0,3,0,2,0,0,0,0,0,0,0,0,5701632,0,5701632,9,18107390613545277583,0,0,3,8,3,0,0,0
layer,11,0,10,137,decode,38,8,7,1,335,184,145,8,1,0,1,407,8,3,0,0,0,0,0,0,60,lru,0,0,0,0,0,0,8,7,8,0,1,0,2,0,0,0,0,0,0,0,0,2039808,0,2039808,3,4023038026040428773,0,0,1,8,1,0,0,0
layer,11,0,10,137,decode,39,8,6,2,819,334,674,35,2,0,2,915,8,4,0,0,0,0,0,0,60,lru,0,0,0,0,0,0,8,6,8,0,2,0,2,0,0,0,0,0,0,0,0,4079616,0,4079616,6,13251926240262467553,0,0,2,8,2,0,0,0
request,11,0,10,0,decode,-1,0,0,0,0,0,0,0,0,0,0,0,0,0,0,0,0,0,0,0,0,,95622,508,0,0,14,0,0,0,0,0,0,0,0,0,0,0,0,0,0,0,0,0,0,0,0,0,0,0,0,0,0,0,0,0
layer,12,0,11,138,decode,0,8,6,2,829,271,153,35,4,0,4,937,10,4,0,0,0,0,0,0,60,lru,0,0,0,0,0,0,8,6,8,0,2,0,5,0,0,0,0,0,0,0,0,3801088,0,3801088,6,2925420408621948646,0,0,2,8,2,0,0,0
layer,12,0,11,138,decode,1,8,6,2,753,284,159,53,3,0,3,852,8,4,0,0,0,0,0,0,60,lru,0,0,0,0,0,0,8,6,8,0,2,0,4,0,0,0,0,0,0,0,0,3801088,0,3801088,6,9887708508919463289,0,0,2,8,2,0,0,0
layer,12,0,11,138,decode,2,8,5,3,4627,443,143,74,4,0,4,4779,8,9,0,0,0,0,0,0,60,lru,0,0,0,0,0,0,8,5,8,0,3,0,4,0,0,0,0,0,0,0,0,5701632,0,5701632,9,17354080079687561022,0,0,3,8,3,0,0,0
layer,12,0,11,138,decode,3,8,8,0,0,0,181,0,0,0,0,24,7,2,0,0,0,0,0,0,60,lru,0,0,0,0,0,0,8,8,8,0,0,0,4,0,0,0,0,0,0,0,0,0,0,0,0,804467492284404381,0,0,0,8,0,0,0,0
layer,12,0,11,138,decode,4,8,7,1,519,191,154,17,2,0,2,585,8,4,0,0,0,0,0,0,60,lru,0,0,0,0,0,0,8,7,8,0,1,0,3,0,0,0,0,0,0,0,0,1900544,0,1900544,3,376835580367821545,0,0,1,8,1,0,0,0
layer,12,0,11,138,decode,5,8,5,3,2712,399,156,99,4,0,4,2891,8,11,0,0,0,0,0,0,60,lru,0,0,0,0,0,0,8,5,8,0,3,0,3,0,0,0,0,0,0,0,0,5701632,0,5701632,9,7782803973760838238,0,0,3,8,3,0,0,0
layer,12,0,11,138,decode,6,8,5,3,6126,431,142,134,3,0,3,6298,8,16,0,0,0,0,0,0,60,lru,0,0,0,0,0,0,8,5,8,0,3,0,3,0,0,0,0,0,0,0,0,5701632,0,5701632,9,5807734445174405187,0,0,3,8,3,0,0,0
layer,12,0,11,138,decode,7,8,7,1,330,178,162,12,3,0,3,406,8,4,0,0,0,0,0,0,60,lru,0,0,0,0,0,0,8,7,8,0,1,0,5,0,0,0,0,0,0,0,0,1900544,0,1900544,3,9059665023185837923,0,0,1,8,1,0,0,0
layer,12,0,11,138,decode,8,8,8,0,0,0,175,0,0,0,0,21,8,2,0,0,0,0,0,0,60,lru,0,0,0,0,0,0,8,8,8,0,0,0,3,0,0,0,0,0,0,0,0,0,0,0,0,9584337223041354751,0,0,0,8,0,0,0,0
layer,12,0,11,138,decode,9,8,8,0,0,0,180,0,0,0,0,18,8,2,0,0,0,0,0,0,60,lru,0,0,0,0,0,0,8,8,8,0,0,0,3,0,0,0,0,0,0,0,0,0,0,0,0,17635141348441040057,0,0,0,8,0,0,0,0
layer,12,0,11,138,decode,10,8,7,1,328,198,144,26,1,0,1,403,8,3,0,0,0,0,0,0,60,lru,0,0,0,0,0,0,8,7,8,0,1,0,3,0,0,0,0,0,0,0,0,1900544,0,1900544,3,3049752565942236276,0,0,1,8,1,0,0,0
layer,12,0,11,138,decode,11,8,4,4,1670,527,158,107,2,0,2,1826,8,4,0,0,0,0,0,0,60,lru,0,0,0,0,0,0,8,4,8,0,4,0,2,0,0,0,0,0,0,0,0,7602176,0,7602176,12,4539629512384614638,0,0,4,8,4,0,0,0
layer,12,0,11,138,decode,12,8,7,1,312,176,152,25,1,0,1,418,7,19,0,0,0,0,0,0,60,lru,0,0,0,0,0,0,8,7,8,0,1,0,2,0,0,0,0,0,0,0,0,1900544,0,1900544,3,15495205941748032204,0,0,1,8,1,0,0,0
layer,12,0,11,138,decode,13,8,7,1,317,172,159,14,1,0,1,396,8,3,0,0,0,0,0,0,60,lru,0,0,0,0,0,0,8,7,8,0,1,0,2,0,0,0,0,0,0,0,0,1900544,0,1900544,3,2420161764345620667,0,0,1,8,1,0,0,0
layer,12,0,11,138,decode,14,8,8,0,0,0,159,0,0,0,0,20,8,2,0,0,0,0,0,0,60,lru,0,0,0,0,0,0,8,8,8,0,0,0,2,0,0,0,0,0,0,0,0,0,0,0,0,3110163408323819532,0,0,0,8,0,0,0,0
layer,12,0,11,138,decode,15,8,7,1,311,175,160,20,2,0,2,370,8,2,0,0,0,0,0,0,60,lru,0,0,0,0,0,0,8,7,8,0,1,0,2,0,0,0,0,0,0,0,0,1900544,0,1900544,3,752374720699047118,0,0,1,8,1,0,0,0
layer,12,0,11,138,decode,16,8,5,3,977,403,153,105,2,0,2,1134,8,24,0,0,0,0,0,0,60,lru,0,0,0,0,0,0,8,5,8,0,3,0,2,0,0,0,0,0,0,0,0,5701632,0,5701632,9,330541059587125001,0,0,3,8,3,0,0,0
layer,12,0,11,138,decode,17,8,6,2,648,262,158,50,2,0,2,766,8,14,0,0,0,0,0,0,60,lru,0,0,0,0,0,0,8,6,8,0,2,0,3,0,0,0,0,0,0,0,0,3801088,0,3801088,6,695229829491849715,0,0,2,8,2,0,0,0
layer,12,0,11,138,decode,18,8,7,1,319,180,143,15,1,0,1,378,8,4,0,0,0,0,0,0,60,lru,0,0,0,0,0,0,8,7,8,0,1,0,2,0,0,0,0,0,0,0,0,1900544,0,1900544,3,14258693106952246754,0,0,1,8,1,0,0,0
layer,12,0,11,138,decode,19,8,6,2,815,290,160,47,2,0,2,916,8,4,0,0,0,0,0,0,60,lru,0,0,0,0,0,0,8,6,8,0,2,0,2,0,0,0,0,0,0,0,0,3801088,0,3801088,6,14762968802316151021,0,0,2,8,2,0,0,0
layer,12,0,11,138,decode,20,8,8,0,0,0,174,0,0,0,0,19,8,2,0,0,0,0,0,0,60,lru,0,0,0,0,0,0,8,8,8,0,0,0,2,0,0,0,0,0,0,0,0,0,0,0,0,13473855817300433707,0,0,0,8,0,0,0,0
layer,12,0,11,138,decode,21,8,7,1,320,171,159,23,1,0,1,381,7,2,0,0,0,0,0,0,60,lru,0,0,0,0,0,0,8,7,8,0,1,0,2,0,0,0,0,0,0,0,0,1900544,0,1900544,3,14008773866500702670,0,0,1,8,1,0,0,0
layer,12,0,11,138,decode,22,8,3,5,1759,685,142,150,2,0,2,1989,8,18,0,0,0,0,0,0,60,lru,0,0,0,0,0,0,8,3,8,0,5,0,2,0,0,0,0,0,0,0,0,9502720,0,9502720,15,14306507909075216808,0,0,5,8,5,0,0,0
layer,12,0,11,138,decode,23,8,4,4,1584,526,156,94,2,0,2,1761,8,6,0,0,0,0,0,0,60,lru,0,0,0,0,0,0,8,4,8,0,4,0,2,0,0,0,0,0,0,0,0,7602176,0,7602176,12,16172545035234477482,0,0,4,8,4,0,0,0
layer,12,0,11,138,decode,24,8,5,3,982,396,152,126,2,0,2,1149,7,8,0,0,0,0,0,0,60,lru,0,0,0,0,0,0,8,5,8,0,3,0,2,0,0,0,0,0,0,0,0,5701632,0,5701632,9,7004085966657504098,0,0,3,8,3,0,0,0
layer,12,0,11,138,decode,25,8,4,4,1641,558,158,102,2,0,2,1818,8,19,0,0,0,0,0,0,60,lru,0,0,0,0,0,0,8,4,8,0,4,0,2,0,0,0,0,0,0,0,0,7602176,0,7602176,12,2373178049013238061,0,0,4,8,4,0,0,0
layer,12,0,11,138,decode,26,8,5,3,1036,439,141,71,2,0,2,1192,8,21,0,0,0,0,0,0,60,lru,0,0,0,0,0,0,8,5,8,0,3,0,2,0,0,0,0,0,0,0,0,5701632,0,5701632,9,10547415517827096547,0,0,3,8,3,0,0,0
layer,12,0,11,138,decode,27,8,5,3,2346,426,161,58,2,0,2,2505,7,8,0,0,0,0,0,0,60,lru,0,0,0,0,0,0,8,5,8,0,3,0,2,0,0,0,0,0,0,0,0,5701632,0,5701632,9,2953052275567158045,0,0,3,8,3,0,0,0
layer,12,0,11,138,decode,28,8,6,2,763,309,154,36,3,0,3,854,8,3,0,0,0,0,0,0,60,lru,0,0,0,0,0,0,8,6,8,0,2,0,2,0,0,0,0,0,0,0,0,3801088,0,3801088,6,4662998291842586357,0,0,2,8,2,0,0,0
layer,12,0,11,138,decode,29,8,7,1,361,177,159,22,1,0,1,427,7,3,0,0,0,0,0,0,60,lru,0,0,0,0,0,0,8,7,8,0,1,0,2,0,0,0,0,0,0,0,0,1900544,0,1900544,3,3497900685755670332,0,0,1,8,1,0,0,0
layer,12,0,11,138,decode,30,8,5,3,994,449,142,62,2,0,2,1125,8,10,0,0,0,0,0,0,60,lru,0,0,0,0,0,0,8,5,8,0,3,0,2,0,0,0,0,0,0,0,0,5701632,0,5701632,9,563275370940070350,0,0,3,8,3,0,0,0
layer,12,0,11,138,decode,31,8,6,2,765,290,160,45,2,0,2,855,8,2,0,0,0,0,0,0,60,lru,0,0,0,0,0,0,8,6,8,0,2,0,2,0,0,0,0,0,0,0,0,3801088,0,3801088,6,16954764596290754365,0,0,2,8,2,0,0,0
layer,12,0,11,138,decode,32,8,6,2,674,303,153,78,2,0,2,814,7,29,0,0,0,0,0,0,60,lru,0,0,0,0,0,0,8,6,8,0,2,0,2,0,0,0,0,0,0,0,0,3801088,0,3801088,6,15729722731331330040,0,0,2,8,2,0,0,0
layer,12,0,11,138,decode,33,8,8,0,0,0,181,0,0,0,0,19,8,2,0,0,0,0,0,0,60,lru,0,0,0,0,0,0,8,8,8,0,0,0,2,0,0,0,0,0,0,0,0,0,0,0,0,1893070227974133027,0,0,0,8,0,0,0,0
layer,12,0,11,138,decode,34,8,5,3,1071,433,144,57,2,0,2,1194,9,4,0,0,0,0,0,0,60,lru,0,0,0,0,0,0,8,5,8,0,3,0,2,0,0,0,0,0,0,0,0,6119424,0,6119424,9,5604066476584550301,0,0,3,8,3,0,0,0
layer,12,0,11,138,decode,35,8,7,1,301,164,167,65,1,0,1,427,8,22,0,0,0,0,0,0,60,lru,0,0,0,0,0,0,8,7,8,0,1,0,2,0,0,0,0,0,0,0,0,1900544,0,1900544,3,3526371594911186599,0,0,1,8,1,0,0,0
layer,12,0,11,138,decode,36,8,7,1,306,175,154,30,1,0,1,374,8,2,0,0,0,0,0,0,60,lru,0,0,0,0,0,0,8,7,8,0,1,0,2,0,0,0,0,0,0,0,0,1900544,0,1900544,3,14851266979842628585,0,0,1,8,1,0,0,0
layer,12,0,11,138,decode,37,8,7,1,341,168,159,22,1,0,1,402,8,2,0,0,0,0,0,0,60,lru,0,0,0,0,0,0,8,7,8,0,1,0,1,0,0,0,0,0,0,0,0,1900544,0,1900544,3,3343422524409351015,0,0,1,8,1,0,0,0
layer,12,0,11,138,decode,38,8,7,1,1323,132,145,17,5,0,5,1411,8,16,0,0,0,0,0,0,60,lru,0,0,0,0,0,0,8,7,8,0,1,0,2,0,0,0,0,0,0,0,0,2039808,0,2039808,3,15340493040662021577,0,0,1,8,1,0,0,0
layer,12,0,11,138,decode,39,8,4,4,4145,598,679,120,2,0,2,4350,8,20,0,0,0,0,0,0,60,lru,0,0,0,0,0,0,8,4,8,0,4,0,2,0,0,0,0,0,0,0,0,8159232,0,8159232,12,1243765188256696683,0,0,4,8,4,0,0,0
request,12,0,11,0,decode,-1,0,0,0,0,0,0,0,0,0,0,0,0,0,0,0,0,0,0,0,0,,56633,565,0,0,15,0,0,0,0,0,0,0,0,0,0,0,0,0,0,0,0,0,0,0,0,0,0,0,0,0,0,0,0,0
layer,13,0,12,139,decode,0,8,5,3,1098,409,152,99,4,0,4,1274,10,20,0,0,0,0,0,0,60,lru,0,0,0,0,0,0,8,5,8,0,3,0,4,0,0,0,0,0,0,0,0,5701632,0,5701632,9,2804010877015530291,0,0,3,8,3,0,0,0
layer,13,0,12,139,decode,1,8,6,2,654,303,158,41,4,0,4,758,7,4,0,0,0,0,0,0,60,lru,0,0,0,0,0,0,8,6,8,0,2,0,4,0,0,0,0,0,0,0,0,3801088,0,3801088,6,4164039026231820360,0,0,2,8,2,0,0,0
layer,13,0,12,139,decode,2,8,5,3,1061,429,141,105,4,0,4,1218,8,13,0,0,0,0,0,0,60,lru,0,0,0,0,0,0,8,5,8,0,3,0,3,0,0,0,0,0,0,0,0,5701632,0,5701632,9,16993919656250510382,0,0,3,8,3,0,0,0
layer,13,0,12,139,decode,3,8,4,4,1402,519,158,151,7,0,7,1612,7,19,0,0,0,0,0,0,60,lru,0,0,0,0,0,0,8,4,8,0,4,0,3,0,0,0,0,0,0,0,0,7602176,0,7602176,12,1552387406335549968,0,0,4,8,4,0,0,0
layer,13,0,12,139,decode,4,8,7,1,540,162,154,17,2,0,2,630,8,18,0,0,0,0,0,0,60,lru,0,0,0,0,0,0,8,7,8,0,1,0,4,0,0,0,0,0,0,0,0,1900544,0,1900544,3,16776294665188527234,0,0,1,8,1,0,0,0
layer,13,0,12,139,decode,5,8,6,2,5897,282,159,56,4,0,4,6024,8,17,0,0,0,0,0,0,60,lru,0,0,0,0,0,0,8,6,8,0,2,0,3,0,0,0,0,0,0,0,0,3801088,0,3801088,6,292238580928992469,0,0,2,8,2,0,0,0
layer,13,0,12,139,decode,6,8,2,6,9651,923,140,193,3,0,3,9909,8,15,0,0,0,0,0,0,60,lru,0,0,0,0,0,0,8,2,8,0,6,0,3,0,0,0,0,0,0,0,0,11403264,0,11403264,18,9164662320920743098,0,0,6,8,6,0,0,0
layer,13,0,12,139,decode,7,8,3,5,12336,753,159,143,3,0,3,12561,8,9,0,0,0,0,0,0,60,lru,0,0,0,0,0,0,8,3,8,0,5,0,4,0,0,0,0,0,0,0,0,9502720,0,9502720,15,8363623220503140001,0,0,5,8,5,0,0,0
layer,13,0,12,139,decode,8,8,7,1,3887,121,154,18,3,0,3,3954,8,3,0,0,0,0,0,0,60,lru,0,0,0,0,0,0,8,7,8,0,1,0,3,0,0,0,0,0,0,0,0,1900544,0,1900544,3,5414371520695848725,0,0,1,8,1,0,0,0
layer,13,0,12,139,decode,9,8,8,0,0,0,180,0,0,0,0,21,8,2,0,0,0,0,0,0,60,lru,0,0,0,0,0,0,8,8,8,0,0,0,3,0,0,0,0,0,0,0,0,0,0,0,0,15742495314976161404,0,0,0,8,0,0,0,0
layer,13,0,12,139,decode,10,8,5,3,5519,424,142,48,2,0,2,5645,8,4,0,0,0,0,0,0,60,lru,0,0,0,0,0,0,8,5,8,0,3,0,3,0,0,0,0,0,0,0,0,5701632,0,5701632,9,17211525240165081981,0,0,3,8,3,0,0,0
layer,13,0,12,139,decode,11,8,7,1,424,178,159,15,1,0,1,488,8,3,0,0,0,0,0,0,60,lru,0,0,0,0,0,0,8,7,8,0,1,0,2,0,0,0,0,0,0,0,0,1900544,0,1900544,3,10921424590207672496,0,0,1,8,1,0,0,0
layer,13,0,12,139,decode,12,8,7,1,398,198,154,16,1,0,1,467,7,12,0,0,0,0,0,0,60,lru,0,0,0,0,0,0,8,7,8,0,1,0,2,0,0,0,0,0,0,0,0,1900544,0,1900544,3,5210724411706444136,0,0,1,8,1,0,0,0
layer,13,0,12,139,decode,13,8,7,1,6164,185,162,14,1,0,1,6242,8,2,0,0,0,0,0,0,60,lru,0,0,0,0,0,0,8,7,8,0,1,0,2,0,0,0,0,0,0,0,0,1900544,0,1900544,3,327674040332826121,0,0,1,8,1,0,0,0
layer,13,0,12,139,decode,14,8,8,0,0,0,159,0,0,0,0,19,8,2,0,0,0,0,0,0,60,lru,0,0,0,0,0,0,8,8,8,0,0,0,2,0,0,0,0,0,0,0,0,0,0,0,0,17414570282029139320,0,0,0,8,0,0,0,0
layer,13,0,12,139,decode,15,8,6,2,879,285,158,37,2,0,2,980,7,6,0,0,0,0,0,0,60,lru,0,0,0,0,0,0,8,6,8,0,2,0,2,0,0,0,0,0,0,0,0,3801088,0,3801088,6,15160681020633209173,0,0,2,8,2,0,0,0
layer,13,0,12,139,decode,16,8,8,0,0,0,173,0,0,0,0,20,8,2,0,0,0,0,0,0,60,lru,0,0,0,0,0,0,8,8,8,0,0,0,2,0,0,0,0,0,0,0,0,0,0,0,0,13784008458887917170,0,0,0,8,0,0,0,0
layer,13,0,12,139,decode,17,8,5,3,6015,419,160,56,2,0,2,6139,7,3,0,0,0,0,0,0,60,lru,0,0,0,0,0,0,8,5,8,0,3,0,2,0,0,0,0,0,0,0,0,5701632,0,5701632,9,15928952453164602048,0,0,3,8,3,0,0,0
layer,13,0,12,139,decode,18,8,7,1,406,172,143,11,1,0,1,466,8,3,0,0,0,0,0,0,60,lru,0,0,0,0,0,0,8,7,8,0,1,0,2,0,0,0,0,0,0,0,0,1900544,0,1900544,3,11659428428476558616,0,0,1,8,1,0,0,0
layer,13,0,12,139,decode,19,8,8,0,0,0,182,0,0,0,0,19,8,2,0,0,0,0,0,0,60,lru,0,0,0,0,0,0,8,8,8,0,0,0,2,0,0,0,0,0,0,0,0,0,0,0,0,609660565103615947,0,0,0,8,0,0,0,0
layer,13,0,12,139,decode,20,8,8,0,0,0,174,0,0,0,0,17,7,2,0,0,0,0,0,0,60,lru,0,0,0,0,0,0,8,8,8,0,0,0,1,0,0,0,0,0,0,0,0,0,0,0,0,18219991349954946227,0,0,0,8,0,0,0,0
layer,13,0,12,139,decode,21,8,8,0,0,0,179,0,0,0,0,17,7,2,0,0,0,0,0,0,60,lru,0,0,0,0,0,0,8,8,8,0,0,0,2,0,0,0,0,0,0,0,0,0,0,0,0,5742466552264759791,0,0,0,8,0,0,0,0
layer,13,0,12,139,decode,22,8,7,1,379,171,145,12,1,0,1,435,7,3,0,0,0,0,0,0,60,lru,0,0,0,0,0,0,8,7,8,0,1,0,1,0,0,0,0,0,0,0,0,1900544,0,1900544,3,9685647531861219141,0,0,1,8,1,0,0,0
layer,13,0,12,139,decode,23,8,6,2,652,305,158,73,2,0,2,781,7,29,0,0,0,0,0,0,60,lru,0,0,0,0,0,0,8,6,8,0,2,0,2,0,0,0,0,0,0,0,0,3801088,0,3801088,6,462001347945694075,0,0,2,8,2,0,0,0
layer,13,0,12,139,decode,24,8,4,4,6139,534,152,109,2,0,2,6295,8,2,0,0,0,0,0,0,60,lru,0,0,0,0,0,0,8,4,8,0,4,0,2,0,0,0,0,0,0,0,0,7602176,0,7602176,12,18231518466997388079,0,0,4,8,4,0,0,0
layer,13,0,12,139,decode,25,8,8,0,0,0,180,0,0,0,0,19,8,2,0,0,0,0,0,0,60,lru,0,0,0,0,0,0,8,8,8,0,0,0,2,0,0,0,0,0,0,0,0,0,0,0,0,4098309912790802236,0,0,0,8,0,0,0,0
layer,13,0,12,139,decode,26,8,5,3,1110,433,141,73,2,0,2,1232,8,4,0,0,0,0,0,0,60,lru,0,0,0,0,0,0,8,5,8,0,3,0,2,0,0,0,0,0,0,0,0,5701632,0,5701632,9,17966728721570792965,0,0,3,8,3,0,0,0
layer,13,0,12,139,decode,27,8,5,3,1135,425,158,105,2,0,2,1320,8,18,0,0,0,0,0,0,60,lru,0,0,0,0,0,0,8,5,8,0,3,0,2,0,0,0,0,0,0,0,0,5701632,0,5701632,9,17899475511964723300,0,0,3,8,3,0,0,0
layer,13,0,12,139,decode,28,8,5,3,4121,430,152,96,2,0,2,4282,8,24,0,0,0,0,0,0,60,lru,0,0,0,0,0,0,8,5,8,0,3,0,2,0,0,0,0,0,0,0,0,5701632,0,5701632,9,5064137795944651370,0,0,3,8,3,0,0,0
layer,13,0,12,139,decode,29,8,4,4,1799,544,157,147,2,0,2,2010,8,18,0,0,0,0,0,0,60,lru,0,0,0,0,0,0,8,4,8,0,4,0,2,0,0,0,0,0,0,0,0,7602176,0,7602176,12,5767031542529631063,0,0,4,8,4,0,0,0
layer,13,0,12,139,decode,30,8,3,5,1914,664,140,93,2,0,2,2112,8,4,0,0,0,0,0,0,60,lru,0,0,0,0,0,0,8,3,8,0,5,0,2,0,0,0,0,0,0,0,0,9502720,0,9502720,15,11809865416701682763,0,0,5,8,5,0,0,0
layer,13,0,12,139,decode,31,8,4,4,1431,542,159,109,2,0,2,1595,9,10,0,0,0,0,0,0,60,lru,0,0,0,0,0,0,8,4,8,0,4,0,2,0,0,0,0,0,0,0,0,7602176,0,7602176,12,14042410131620984044,0,0,4,8,4,0,0,0
layer,13,0,12,139,decode,32,8,2,6,3985,778,152,191,2,0,2,4197,8,4,0,0,0,0,0,0,60,lru,0,0,0,0,0,0,8,2,8,0,6,0,2,0,0,0,0,0,0,0,0,11403264,0,11403264,18,12297846045545875557,0,0,6,8,6,0,0,0
layer,13,0,12,139,decode,33,8,4,4,1730,563,156,99,1,0,1,1886,8,3,0,0,0,0,0,0,60,lru,0,0,0,0,0,0,8,4,8,0,4,0,2,0,0,0,0,0,0,0,0,7602176,0,7602176,12,11012983270231913751,0,0,4,8,4,0,0,0
layer,13,0,12,139,decode,34,8,5,3,1824,449,145,60,1,0,1,1970,8,3,0,0,0,0,0,0,60,lru,0,0,0,0,0,0,8,5,8,0,3,0,2,0,0,0,0,0,0,0,0,6119424,0,6119424,9,10891250939482263457,0,0,3,8,3,0,0,0
layer,13,0,12,139,decode,35,8,3,5,1788,710,156,163,2,0,2,2038,8,19,0,0,0,0,0,0,60,lru,0,0,0,0,0,0,8,3,8,0,5,0,2,0,0,0,0,0,0,0,0,9502720,0,9502720,15,7072073199939998921,0,0,5,8,5,0,0,0
layer,13,0,12,139,decode,36,8,3,5,7053,735,151,163,2,0,2,7290,8,16,0,0,0,0,0,0,60,lru,0,0,0,0,0,0,8,3,8,0,5,0,2,0,0,0,0,0,0,0,0,9502720,0,9502720,15,14271462306676010264,0,0,5,8,5,0,0,0
layer,13,0,12,139,decode,37,8,4,4,1699,519,157,118,1,0,1,1859,7,2,0,0,0,0,0,0,60,lru,0,0,0,0,0,0,8,4,8,0,4,0,2,0,0,0,0,0,0,0,0,7602176,0,7602176,12,13994197558201529847,0,0,4,8,4,0,0,0
layer,13,0,12,139,decode,38,8,2,6,3345,858,139,151,1,0,1,3584,8,9,0,0,0,0,0,0,60,lru,0,0,0,0,0,0,8,2,8,0,6,0,2,0,0,0,0,0,0,0,0,12238848,0,12238848,18,13906595216178974287,0,0,6,8,6,0,0,0
layer,13,0,12,139,decode,39,8,2,6,2772,822,675,117,1,0,1,2992,8,4,0,0,0,0,0,0,60,lru,0,0,0,0,0,0,8,2,8,0,6,0,3,0,0,0,0,0,0,0,0,12238848,0,12238848,18,3091998757089317231,0,0,6,8,6,0,0,0
request,13,0,12,0,decode,-1,0,0,0,0,0,0,0,0,0,0,0,0,0,0,0,0,0,0,0,0,,114620,693,0,0,21,0,0,0,0,0,0,0,0,0,0,0,0,0,0,0,0,0,0,0,0,0,0,0,0,0,0,0,0,0
layer,14,0,13,140,decode,0,8,1,7,2684,967,150,208,3,0,3,2954,10,4,0,0,0,0,0,0,60,lru,0,0,0,0,0,0,8,1,8,0,7,0,5,0,0,0,0,0,0,0,0,13303808,0,13303808,21,15280028923184617226,0,0,7,8,7,0,0,0
layer,14,0,13,140,decode,1,8,1,7,2580,918,154,268,4,0,4,2896,8,27,0,0,0,0,0,0,60,lru,0,0,0,0,0,0,8,1,8,0,7,0,4,0,0,0,0,0,0,0,0,13303808,0,13303808,21,12901736562199331635,0,0,7,8,7,0,0,0
layer,14,0,13,140,decode,2,8,2,6,2357,784,139,249,4,0,4,2625,8,15,0,0,0,0,0,0,60,lru,0,0,0,0,0,0,8,2,8,0,6,0,4,0,0,0,0,0,0,0,0,11403264,0,11403264,18,10988943446382415439,0,0,6,8,6,0,0,0
layer,14,0,13,140,decode,3,8,5,3,1153,440,159,95,3,0,3,1289,8,3,0,0,0,0,0,0,60,lru,0,0,0,0,0,0,8,5,8,0,3,0,3,0,0,0,0,0,0,0,0,5701632,0,5701632,9,1272460082236187534,0,0,3,8,3,0,0,0
layer,14,0,13,140,decode,4,8,8,0,0,0,175,0,0,0,0,22,8,2,0,0,0,0,0,0,60,lru,0,0,0,0,0,0,8,8,8,0,0,0,3,0,0,0,0,0,0,0,0,0,0,0,0,14476683415071941968,0,0,0,8,0,0,0,0
layer,14,0,13,140,decode,5,8,6,2,728,305,157,74,3,0,3,845,7,16,0,0,0,0,0,0,60,lru,0,0,0,0,0,0,8,6,8,0,2,0,3,0,0,0,0,0,0,0,0,3801088,0,3801088,6,12673474244578503819,0,0,2,8,2,0,0,0
layer,14,0,13,140,decode,6,8,7,1,347,179,144,16,2,0,2,412,7,3,0,0,0,0,0,0,60,lru,0,0,0,0,0,0,8,7,8,0,1,0,3,0,0,0,0,0,0,0,0,1900544,0,1900544,3,15127955982194388276,0,0,1,8,1,0,0,0
layer,14,0,13,140,decode,7,8,8,0,0,0,186,0,0,0,0,22,8,2,0,0,0,0,0,0,60,lru,0,0,0,0,0,0,8,8,8,0,0,0,3,0,0,0,0,0,0,0,0,0,0,0,0,11280854206924731263,0,0,0,8,0,0,0,0
layer,14,0,13,140,decode,8,8,8,0,0,0,174,0,0,0,0,20,7,2,0,0,0,0,0,0,60,lru,0,0,0,0,0,0,8,8,8,0,0,0,3,0,0,0,0,0,0,0,0,0,0,0,0,2402118112520071846,0,0,0,8,0,0,0,0
layer,14,0,13,140,decode,9,8,7,1,323,155,172,50,1,0,1,449,7,19,0,0,0,0,0,0,60,lru,0,0,0,0,0,0,8,7,8,0,1,0,2,0,0,0,0,0,0,0,0,1900544,0,1900544,3,14216046793262966003,0,0,1,8,1,0,0,0
layer,14,0,13,140,decode,10,8,6,2,672,328,142,96,2,0,2,830,8,22,0,0,0,0,0,0,60,lru,0,0,0,0,0,0,8,6,8,0,2,0,2,0,0,0,0,0,0,0,0,3801088,0,3801088,6,1269643723927798447,0,0,2,8,2,0,0,0
layer,14,0,13,140,decode,11,8,8,0,0,0,180,0,0,0,0,21,8,2,0,0,0,0,0,0,60,lru,0,0,0,0,0,0,8,8,8,0,0,0,2,0,0,0,0,0,0,0,0,0,0,0,0,16506955184308949677,0,0,0,8,0,0,0,0
layer,14,0,13,140,decode,12,8,7,1,328,197,154,8,1,0,1,389,7,4,0,0,0,0,0,0,60,lru,0,0,0,0,0,0,8,7,8,0,1,0,2,0,0,0,0,0,0,0,0,1900544,0,1900544,3,9172090364860553648,0,0,1,8,1,0,0,0
layer,14,0,13,140,decode,13,8,8,0,0,0,178,0,0,0,0,19,8,2,0,0,0,0,0,0,60,lru,0,0,0,0,0,0,8,8,8,0,0,0,2,0,0,0,0,0,0,0,0,0,0,0,0,16433790659568587523,0,0,0,8,0,0,0,0
layer,14,0,13,140,decode,14,8,7,1,344,178,145,14,1,0,1,422,7,4,0,0,0,0,0,0,60,lru,0,0,0,0,0,0,8,7,8,0,1,0,2,0,0,0,0,0,0,0,0,1900544,0,1900544,3,5187759903786586547,0,0,1,8,1,0,0,0
layer,14,0,13,140,decode,15,8,8,0,0,0,180,0,0,0,0,20,8,2,0,0,0,0,0,0,60,lru,0,0,0,0,0,0,8,8,8,0,0,0,2,0,0,0,0,0,0,0,0,0,0,0,0,2532699017079394266,0,0,0,8,0,0,0,0
layer,14,0,13,140,decode,16,8,8,0,0,0,175,0,0,0,0,17,7,2,0,0,0,0,0,0,60,lru,0,0,0,0,0,0,8,8,8,0,0,0,2,0,0,0,0,0,0,0,0,0,0,0,0,1619866158111731426,0,0,0,8,0,0,0,0
layer,14,0,13,140,decode,17,8,6,2,708,298,159,60,2,0,2,847,8,19,0,0,0,0,0,0,60,lru,0,0,0,0,0,0,8,6,8,0,2,0,2,0,0,0,0,0,0,0,0,3801088,0,3801088,6,6895829676041732596,0,0,2,8,2,0,0,0
layer,14,0,13,140,decode,18,8,7,1,330,175,143,13,1,0,1,428,8,21,0,0,0,0,0,0,60,lru,0,0,0,0,0,0,8,7,8,0,1,0,2,0,0,0,0,0,0,0,0,1900544,0,1900544,3,5637636799815906960,0,0,1,8,1,0,0,0
layer,14,0,13,140,decode,19,8,8,0,0,0,180,0,0,0,0,20,8,2,0,0,0,0,0,0,60,lru,0,0,0,0,0,0,8,8,8,0,0,0,2,0,0,0,0,0,0,0,0,0,0,0,0,952374718631708536,0,0,0,8,0,0,0,0
layer,14,0,13,140,decode,20,8,8,0,0,0,173,0,0,0,0,18,8,2,0,0,0,0,0,0,60,lru,0,0,0,0,0,0,8,8,8,0,0,0,2,0,0,0,0,0,0,0,0,0,0,0,0,8477839570601519233,0,0,0,8,0,0,0,0
layer,14,0,13,140,decode,21,8,8,0,0,0,179,0,0,0,0,18,7,2,0,0,0,0,0,0,60,lru,0,0,0,0,0,0,8,8,8,0,0,0,2,0,0,0,0,0,0,0,0,0,0,0,0,6454789373194912805,0,0,0,8,0,0,0,0
layer,14,0,13,140,decode,22,8,8,0,0,0,159,0,0,0,0,17,7,2,0,0,0,0,0,0,60,lru,0,0,0,0,0,0,8,8,8,0,0,0,1,0,0,0,0,0,0,0,0,0,0,0,0,14472372796787599687,0,0,0,8,0,0,0,0
layer,14,0,13,140,decode,23,8,7,1,334,185,160,16,1,0,1,406,8,3,0,0,0,0,0,0,60,lru,0,0,0,0,0,0,8,7,8,0,1,0,2,0,0,0,0,0,0,0,0,1900544,0,1900544,3,5342606016296794036,0,0,1,8,1,0,0,0
layer,14,0,13,140,decode,24,8,7,1,370,170,154,19,1,0,1,442,8,8,0,0,0,0,0,0,60,lru,0,0,0,0,0,0,8,7,8,0,1,0,1,0,0,0,0,0,0,0,0,1900544,0,1900544,3,11644509747874091244,0,0,1,8,1,0,0,0
layer,14,0,13,140,decode,25,8,8,0,0,0,180,0,0,0,0,18,7,2,0,0,0,0,0,0,60,lru,0,0,0,0,0,0,8,8,8,0,0,0,1,0,0,0,0,0,0,0,0,0,0,0,0,10391737433996005101,0,0,0,8,0,0,0,0
layer,14,0,13,140,decode,26,8,8,0,0,0,159,0,0,0,0,18,7,2,0,0,0,0,0,0,60,lru,0,0,0,0,0,0,8,8,8,0,0,0,2,0,0,0,0,0,0,0,0,0,0,0,0,12149351643486310314,0,0,0,8,0,0,0,0
layer,14,0,13,140,decode,27,8,7,1,384,162,161,31,1,0,1,465,9,8,0,0,0,0,0,0,60,lru,0,0,0,0,0,0,8,7,8,0,1,0,1,0,0,0,0,0,0,0,0,1900544,0,1900544,3,1848399290460018099,0,0,1,8,1,0,0,0
layer,14,0,13,140,decode,28,8,6,2,5542,370,154,53,2,0,2,5646,8,3,0,0,0,0,0,0,60,lru,0,0,0,0,0,0,8,6,8,0,2,0,2,0,0,0,0,0,0,0,0,3801088,0,3801088,6,5501914046783836097,0,0,2,8,2,0,0,0
layer,14,0,13,140,decode,29,8,6,2,6450,446,158,38,2,0,2,6539,7,2,0,0,0,0,0,0,60,lru,0,0,0,0,0,0,8,6,8,0,2,0,2,0,0,0,0,0,0,0,0,3801088,0,3801088,6,12036821615571551951,0,0,2,8,2,0,0,0
layer,14,0,13,140,decode,30,8,7,1,325,166,143,31,1,0,1,406,8,14,0,0,0,0,0,0,60,lru,0,0,0,0,0,0,8,7,8,0,1,0,2,0,0,0,0,0,0,0,0,1900544,0,1900544,3,4016429110848371030,0,0,1,8,1,0,0,0
layer,14,0,13,140,decode,31,8,5,3,1326,393,158,71,2,0,2,1491,8,16,0,0,0,0,0,0,60,lru,0,0,0,0,0,0,8,5,8,0,3,0,2,0,0,0,0,0,0,0,0,5701632,0,5701632,9,9618375034516897982,0,0,3,8,3,0,0,0
layer,14,0,13,140,decode,32,8,5,3,1089,427,153,79,2,0,2,1216,8,3,0,0,0,0,0,0,60,lru,0,0,0,0,0,0,8,5,8,0,3,0,2,0,0,0,0,0,0,0,0,5701632,0,5701632,9,17246270550419885214,0,0,3,8,3,0,0,0
layer,14,0,13,140,decode,33,8,8,0,0,0,181,0,0,0,0,20,8,2,0,0,0,0,0,0,60,lru,0,0,0,0,0,0,8,8,8,0,0,0,2,0,0,0,0,0,0,0,0,0,0,0,0,928382752092163610,0,0,0,8,0,0,0,0
layer,14,0,13,140,decode,34,8,6,2,880,324,144,28,1,0,1,988,7,11,0,0,0,0,0,0,60,lru,0,0,0,0,0,0,8,6,8,0,2,0,1,0,0,0,0,0,0,0,0,4079616,0,4079616,6,4711119780509730466,0,0,2,8,2,0,0,0
layer,14,0,13,140,decode,35,8,6,2,774,307,159,54,2,0,2,866,8,5,0,0,0,0,0,0,60,lru,0,0,0,0,0,0,8,6,8,0,2,0,2,0,0,0,0,0,0,0,0,3801088,0,3801088,6,3981057481238878642,0,0,2,8,2,0,0,0
layer,14,0,13,140,decode,36,8,8,0,0,0,183,0,0,0,0,19,8,2,0,0,0,0,0,0,60,lru,0,0,0,0,0,0,8,8,8,0,0,0,2,0,0,0,0,0,0,0,0,0,0,0,0,7062774805978062166,0,0,0,8,0,0,0,0
layer,14,0,13,140,decode,37,8,8,0,0,0,183,0,0,0,0,17,7,2,0,0,0,0,0,0,60,lru,0,0,0,0,0,0,8,8,8,0,0,0,2,0,0,0,0,0,0,0,0,0,0,0,0,13259463674230884970,0,0,0,8,0,0,0,0
layer,14,0,13,140,decode,38,8,8,0,0,0,162,0,0,0,0,18,7,2,0,0,0,0,0,0,60,lru,0,0,0,0,0,0,8,8,8,0,0,0,2,0,0,0,0,0,0,0,0,0,0,0,0,14761068292438913531,0,0,0,8,0,0,0,0
layer,14,0,13,140,decode,39,8,7,1,407,163,678,20,1,0,1,489,8,18,0,0,0,0,0,0,60,lru,0,0,0,0,0,0,8,7,8,0,1,0,2,0,0,0,0,0,0,0,0,2039808,0,2039808,3,13135001648053844594,0,0,1,8,1,0,0,0
request,14,0,13,0,decode,-1,0,0,0,0,0,0,0,0,0,0,0,0,0,0,0,0,0,0,0,0,,43058,479,0,0,18,0,0,0,0,0,0,0,0,0,0,0,0,0,0,0,0,0,0,0,0,0,0,0,0,0,0,0,0,0
layer,15,0,14,141,decode,0,8,5,3,1332,392,152,68,3,0,3,1464,9,3,0,0,0,0,0,0,60,lru,0,0,0,0,0,0,8,5,8,0,3,0,4,0,0,0,0,0,0,0,0,5701632,0,5701632,9,15170377481002586248,0,0,3,8,3,0,0,0
layer,15,0,14,141,decode,1,8,4,4,1783,520,157,85,3,0,3,1952,9,5,0,0,0,0,0,0,60,lru,0,0,0,0,0,0,8,4,8,0,4,0,4,0,0,0,0,0,0,0,0,7602176,0,7602176,12,16272717110560352396,0,0,4,8,4,0,0,0
layer,15,0,14,141,decode,2,8,5,3,1365,452,142,102,4,0,4,1532,8,18,0,0,0,0,0,0,60,lru,0,0,0,0,0,0,8,5,8,0,3,0,4,0,0,0,0,0,0,0,0,5701632,0,5701632,9,2265699898249433395,0,0,3,8,3,0,0,0
layer,15,0,14,141,decode,3,8,6,2,921,344,159,40,2,0,2,1049,8,21,0,0,0,0,0,0,60,lru,0,0,0,0,0,0,8,6,8,0,2,0,3,0,0,0,0,0,0,0,0,3801088,0,3801088,6,1817477290145278755,0,0,2,8,2,0,0,0
layer,15,0,14,141,decode,4,8,8,0,0,0,175,0,0,0,0,22,8,2,0,0,0,0,0,0,60,lru,0,0,0,0,0,0,8,8,8,0,0,0,3,0,0,0,0,0,0,0,0,0,0,0,0,10477180718409998166,0,0,0,8,0,0,0,0
layer,15,0,14,141,decode,5,8,6,2,913,348,157,59,4,0,4,1015,7,4,0,0,0,0,0,0,60,lru,0,0,0,0,0,0,8,6,8,0,2,0,3,0,0,0,0,0,0,0,0,3801088,0,3801088,6,1768288256441977504,0,0,2,8,2,0,0,0
layer,15,0,14,141,decode,6,8,8,0,0,0,160,0,0,0,0,22,7,2,0,0,0,0,0,0,60,lru,0,0,0,0,0,0,8,8,8,0,0,0,3,0,0,0,0,0,0,0,0,0,0,0,0,17953409902936400394,0,0,0,8,0,0,0,0
layer,15,0,14,141,decode,7,8,7,1,439,210,161,52,2,0,2,534,7,5,0,0,0,0,0,0,60,lru,0,0,0,0,0,0,8,7,8,0,1,0,3,0,0,0,0,0,0,0,0,1900544,0,1900544,3,14278067823657321929,0,0,1,8,1,0,0,0
layer,15,0,14,141,decode,8,8,7,1,599,197,154,18,3,0,3,693,8,16,0,0,0,0,0,0,60,lru,0,0,0,0,0,0,8,7,8,0,1,0,3,0,0,0,0,0,0,0,0,1900544,0,1900544,3,9333375128344326688,0,0,1,8,1,0,0,0
layer,15,0,14,141,decode,9,8,8,0,0,0,179,0,0,0,0,20,8,2,0,0,0,0,0,0,60,lru,0,0,0,0,0,0,8,8,8,0,0,0,3,0,0,0,0,0,0,0,0,0,0,0,0,16529854387703937384,0,0,0,8,0,0,0,0
layer,15,0,14,141,decode,10,8,8,0,0,0,159,0,0,0,0,18,7,2,0,0,0,0,0,0,60,lru,0,0,0,0,0,0,8,8,8,0,0,0,2,0,0,0,0,0,0,0,0,0,0,0,0,13638139284505042292,0,0,0,8,0,0,0,0
layer,15,0,14,141,decode,11,8,7,1,4752,295,160,90,1,0,1,4888,8,21,0,0,0,0,0,0,60,lru,0,0,0,0,0,0,8,7,8,0,1,0,2,0,0,0,0,0,0,0,0,1900544,0,1900544,3,3867131792714113769,0,0,1,8,1,0,0,0
layer,15,0,14,141,decode,12,8,7,1,395,178,153,27,1,0,1,459,8,3,0,0,0,0,0,0,60,lru,0,0,0,0,0,0,8,7,8,0,1,0,2,0,0,0,0,0,0,0,0,1900544,0,1900544,3,14296334464204970515,0,0,1,8,1,0,0,0
layer,15,0,14,141,decode,13,8,8,0,0,0,180,0,0,0,0,20,8,2,0,0,0,0,0,0,60,lru,0,0,0,0,0,0,8,8,8,0,0,0,2,0,0,0,0,0,0,0,0,0,0,0,0,13757710437081215841,0,0,0,8,0,0,0,0
layer,15,0,14,141,decode,14,8,7,1,400,175,143,35,1,0,1,481,7,10,0,0,0,0,0,0,60,lru,0,0,0,0,0,0,8,7,8,0,1,0,2,0,0,0,0,0,0,0,0,1900544,0,1900544,3,3030185346388344679,0,0,1,8,1,0,0,0
layer,15,0,14,141,decode,15,8,6,2,751,297,160,40,3,0,3,873,8,26,0,0,0,0,0,0,60,lru,0,0,0,0,0,0,8,6,8,0,2,0,2,0,0,0,0,0,0,0,0,3801088,0,3801088,6,11997874465466029421,0,0,2,8,2,0,0,0
layer,15,0,14,141,decode,16,8,8,0,0,0,175,0,0,0,0,20,8,2,0,0,0,0,0,0,60,lru,0,0,0,0,0,0,8,8,8,0,0,0,2,0,0,0,0,0,0,0,0,0,0,0,0,14435425603913083254,0,0,0,8,0,0,0,0
layer,15,0,14,141,decode,17,8,8,0,0,0,180,0,0,0,0,18,7,2,0,0,0,0,0,0,60,lru,0,0,0,0,0,0,8,8,8,0,0,0,2,0,0,0,0,0,0,0,0,0,0,0,0,4907243752186059368,0,0,0,8,0,0,0,0
layer,15,0,14,141,decode,18,8,7,1,324,177,143,27,1,0,1,383,7,3,0,0,0,0,0,0,60,lru,0,0,0,0,0,0,8,7,8,0,1,0,2,0,0,0,0,0,0,0,0,1900544,0,1900544,3,16322247918087224416,0,0,1,8,1,0,0,0
layer,15,0,14,141,decode,19,8,6,2,661,304,161,55,2,0,2,792,8,16,0,0,0,0,0,0,60,lru,0,0,0,0,0,0,8,6,8,0,2,0,2,0,0,0,0,0,0,0,0,3801088,0,3801088,6,141142743313256166,0,0,2,8,2,0,0,0
layer,15,0,14,141,decode,20,8,8,0,0,0,173,0,0,0,0,19,7,2,0,0,0,0,0,0,60,lru,0,0,0,0,0,0,8,8,8,0,0,0,2,0,0,0,0,0,0,0,0,0,0,0,0,4762125438399218955,0,0,0,8,0,0,0,0
layer,15,0,14,141,decode,21,8,7,1,5234,273,160,29,1,0,1,5304,7,3,0,0,0,0,0,0,60,lru,0,0,0,0,0,0,8,7,8,0,1,0,2,0,0,0,0,0,0,0,0,1900544,0,1900544,3,7340694560285815243,0,0,1,8,1,0,0,0
layer,15,0,14,141,decode,22,8,7,1,410,191,143,9,1,0,1,476,8,3,0,0,0,0,0,0,60,lru,0,0,0,0,0,0,8,7,8,0,1,0,1,0,0,0,0,0,0,0,0,1900544,0,1900544,3,13953141511669370660,0,0,1,8,1,0,0,0
layer,15,0,14,141,decode,23,8,7,1,377,170,159,31,1,0,1,439,8,2,0,0,0,0,0,0,60,lru,0,0,0,0,0,0,8,7,8,0,1,0,2,0,0,0,0,0,0,0,0,1900544,0,1900544,3,4710333689400086742,0,0,1,8,1,0,0,0
layer,15,0,14,141,decode,24,8,8,0,0,0,174,0,0,0,0,18,7,2,0,0,0,0,0,0,60,lru,0,0,0,0,0,0,8,8,8,0,0,0,1,0,0,0,0,0,0,0,0,0,0,0,0,714282391738309167,0,0,0,8,0,0,0,0
layer,15,0,14,141,decode,25,8,8,0,0,0,180,0,0,0,0,17,7,2,0,0,0,0,0,0,60,lru,0,0,0,0,0,0,8,8,8,0,0,0,1,0,0,0,0,0,0,0,0,0,0,0,0,11174499256408956425,0,0,0,8,0,0,0,0
layer,15,0,14,141,decode,26,8,8,0,0,0,158,0,0,0,0,17,7,2,0,0,0,0,0,0,60,lru,0,0,0,0,0,0,8,8,8,0,0,0,2,0,0,0,0,0,0,0,0,0,0,0,0,17533145936259965263,0,0,0,8,0,0,0,0
layer,15,0,14,141,decode,27,8,6,2,8270,457,159,25,1,0,1,8359,9,2,0,0,0,0,0,0,60,lru,0,0,0,0,0,0,8,6,8,0,2,0,2,0,0,0,0,0,0,0,0,3801088,0,3801088,6,7737305617644716882,0,0,2,8,2,0,0,0
layer,15,0,14,141,decode,28,8,6,2,931,303,154,34,1,0,1,1057,8,18,0,0,0,0,0,0,60,lru,0,0,0,0,0,0,8,6,8,0,2,0,2,0,0,0,0,0,0,0,0,3801088,0,3801088,6,5339647326299172940,0,0,2,8,2,0,0,0
layer,15,0,14,141,decode,29,8,7,1,701,180,159,19,1,0,1,789,8,10,0,0,0,0,0,0,60,lru,0,0,0,0,0,0,8,7,8,0,1,0,2,0,0,0,0,0,0,0,0,1900544,0,1900544,3,10373591174722064348,0,0,1,8,1,0,0,0
layer,15,0,14,141,decode,30,8,7,1,351,182,143,32,1,0,1,412,8,2,0,0,0,0,0,0,60,lru,0,0,0,0,0,0,8,7,8,0,1,0,1,0,0,0,0,0,0,0,0,1900544,0,1900544,3,1050583701547396169,0,0,1,8,1,0,0,0
layer,15,0,14,141,decode,31,8,8,0,0,0,180,0,0,0,0,19,7,2,0,0,0,0,0,0,60,lru,0,0,0,0,0,0,8,8,8,0,0,0,2,0,0,0,0,0,0,0,0,0,0,0,0,17434613014746530131,0,0,0,8,0,0,0,0
layer,15,0,14,141,decode,32,8,7,1,385,197,153,45,1,0,1,483,7,9,0,0,0,0,0,0,60,lru,0,0,0,0,0,0,8,7,8,0,1,0,2,0,0,0,0,0,0,0,0,1900544,0,1900544,3,13186789547137445276,0,0,1,8,1,0,0,0
layer,15,0,14,141,decode,33,8,7,1,392,171,159,19,1,0,1,454,8,4,0,0,0,0,0,0,60,lru,0,0,0,0,0,0,8,7,8,0,1,0,2,0,0,0,0,0,0,0,0,1900544,0,1900544,3,2100105494575535508,0,0,1,8,1,0,0,0
layer,15,0,14,141,decode,34,8,8,0,0,0,162,0,0,0,0,19,8,2,0,0,0,0,0,0,60,lru,0,0,0,0,0,0,8,8,8,0,0,0,1,0,0,0,0,0,0,0,0,0,0,0,0,931750596450330415,0,0,0,8,0,0,0,0
layer,15,0,14,141,decode,35,8,6,2,953,305,160,68,2,0,2,1052,7,3,0,0,0,0,0,0,60,lru,0,0,0,0,0,0,8,6,8,0,2,0,2,0,0,0,0,0,0,0,0,3801088,0,3801088,6,6897211952608265178,0,0,2,8,2,0,0,0
layer,15,0,14,141,decode,36,8,7,1,6825,259,155,19,1,0,1,6882,8,2,0,0,0,0,0,0,60,lru,0,0,0,0,0,0,8,7,8,0,1,0,2,0,0,0,0,0,0,0,0,1900544,0,1900544,3,993932240940489099,0,0,1,8,1,0,0,0
layer,15,0,14,141,decode,37,8,7,1,338,159,171,60,1,0,1,464,8,19,0,0,0,0,0,0,60,lru,0,0,0,0,0,0,8,7,8,0,1,0,1,0,0,0,0,0,0,0,0,1900544,0,1900544,3,1975617653437054409,0,0,1,8,1,0,0,0
layer,15,0,14,141,decode,38,8,4,4,5342,563,142,77,2,0,2,5493,8,4,0,0,0,0,0,0,60,lru,0,0,0,0,0,0,8,4,8,0,4,0,2,0,0,0,0,0,0,0,0,8159232,0,8159232,12,16475875082708933767,0,0,4,8,4,0,0,0
layer,15,0,14,141,decode,39,8,7,1,417,114,678,16,1,0,1,487,8,5,0,0,0,0,0,0,60,lru,0,0,0,0,0,0,8,7,8,0,1,0,2,0,0,0,0,0,0,0,0,2039808,0,2039808,3,1034521361195915103,0,0,1,8,1,0,0,0
request,15,0,14,0,decode,-1,0,0,0,0,0,0,0,0,0,0,0,0,0,0,0,0,0,0,0,0,,58030,436,0,0,18,0,0,0,0,0,0,0,0,0,0,0,0,0,0,0,0,0,0,0,0,0,0,0,0,0,0,0,0,0
layer,16,0,15,142,decode,0,8,6,2,829,283,154,48,4,0,4,949,10,11,0,0,0,0,0,0,60,lru,0,0,0,0,0,0,8,6,8,0,2,0,4,0,0,0,0,0,0,0,0,3801088,0,3801088,6,13353212422332558602,0,0,2,8,2,0,0,0
layer,16,0,15,142,decode,1,8,8,0,0,0,179,0,0,0,0,23,8,2,0,0,0,0,0,0,60,lru,0,0,0,0,0,0,8,8,8,0,0,0,4,0,0,0,0,0,0,0,0,0,0,0,0,2265746135549754723,0,0,0,8,0,0,0,0
layer,16,0,15,142,decode,2,8,2,6,2249,782,141,222,4,0,4,2484,8,8,0,0,0,0,0,0,60,lru,0,0,0,0,0,0,8,2,8,0,6,0,3,0,0,0,0,0,0,0,0,11403264,0,11403264,18,16054736498422682943,0,0,6,8,6,0,0,0
layer,16,0,15,142,decode,3,8,7,1,337,165,160,49,2,0,2,459,8,23,0,0,0,0,0,0,60,lru,0,0,0,0,0,0,8,7,8,0,1,0,3,0,0,0,0,0,0,0,0,1900544,0,1900544,3,13961234322818841530,0,0,1,8,1,0,0,0
layer,16,0,15,142,decode,4,8,5,3,6105,559,152,78,3,0,3,6251,8,14,0,0,0,0,0,0,60,lru,0,0,0,0,0,0,8,5,8,0,3,0,3,0,0,0,0,0,0,0,0,5701632,0,5701632,9,6241922138948346404,0,0,3,8,3,0,0,0
layer,16,0,15,142,decode,5,8,4,4,5231,490,156,84,3,0,3,5414,8,7,0,0,0,0,0,0,60,lru,0,0,0,0,0,0,8,4,8,0,4,0,6,0,0,0,0,0,0,0,0,7602176,0,7602176,12,16885375634378422934,0,0,4,8,4,0,0,0
layer,16,0,15,142,decode,6,8,4,4,5940,585,144,126,4,0,4,6123,7,13,0,0,0,0,0,0,60,lru,0,0,0,0,0,0,8,4,8,0,4,0,3,0,0,0,0,0,0,0,0,7602176,0,7602176,12,8011678420713912159,0,0,4,8,4,0,0,0
layer,16,0,15,142,decode,7,8,6,2,1667,282,159,31,2,0,2,1774,8,2,0,0,0,0,0,0,60,lru,0,0,0,0,0,0,8,6,8,0,2,0,3,0,0,0,0,0,0,0,0,3801088,0,3801088,6,13012620163338650893,0,0,2,8,2,0,0,0
layer,16,0,15,142,decode,8,8,4,4,20618,772,154,81,3,0,3,20774,8,2,0,0,0,0,0,0,60,lru,0,0,0,0,0,0,8,4,8,0,4,0,3,0,0,0,0,0,0,0,0,7602176,0,7602176,12,17339578991251255668,0,0,4,8,4,0,0,0
layer,16,0,15,142,decode,9,8,7,1,438,190,159,32,1,0,1,549,8,22,0,0,0,0,0,0,60,lru,0,0,0,0,0,0,8,7,8,0,1,0,3,0,0,0,0,0,0,0,0,1900544,0,1900544,3,4265789037766084104,0,0,1,8,1,0,0,0
layer,16,0,15,142,decode,10,8,2,6,26900,1191,140,207,1,0,1,27171,7,17,0,0,0,0,0,0,60,lru,0,0,0,0,0,0,8,2,8,0,6,0,2,0,0,0,0,0,0,0,0,11403264,0,11403264,18,13969648286022810350,0,0,6,8,6,0,0,0
layer,16,0,15,142,decode,11,8,7,1,756,161,166,9,1,0,1,814,8,3,0,0,0,0,0,0,60,lru,0,0,0,0,0,0,8,7,8,0,1,0,2,0,0,0,0,0,0,0,0,1900544,0,1900544,3,13896260266174886181,0,0,1,8,1,0,0,0
layer,16,0,15,142,decode,12,8,7,1,335,175,153,38,1,0,1,439,8,14,0,0,0,0,0,0,60,lru,0,0,0,0,0,0,8,7,8,0,1,0,2,0,0,0,0,0,0,0,0,1900544,0,1900544,3,12059890876599454000,0,0,1,8,1,0,0,0
layer,16,0,15,142,decode,13,8,7,1,2086,172,159,21,1,0,1,2146,8,3,0,0,0,0,0,0,60,lru,0,0,0,0,0,0,8,7,8,0,1,0,2,0,0,0,0,0,0,0,0,1900544,0,1900544,3,8103364979294136066,0,0,1,8,1,0,0,0
layer,16,0,15,142,decode,14,8,8,0,0,0,161,0,0,0,0,19,8,2,0,0,0,0,0,0,60,lru,0,0,0,0,0,0,8,8,8,0,0,0,2,0,0,0,0,0,0,0,0,0,0,0,0,13167239195700524409,0,0,0,8,0,0,0,0
layer,16,0,15,142,decode,15,8,7,1,6051,285,160,22,1,0,1,6132,8,11,0,0,0,0,0,0,60,lru,0,0,0,0,0,0,8,7,8,0,1,0,2,0,0,0,0,0,0,0,0,1900544,0,1900544,3,14348597156360061954,0,0,1,8,1,0,0,0
layer,16,0,15,142,decode,16,8,6,2,5891,383,154,45,2,0,2,6025,7,21,0,0,0,0,0,0,60,lru,0,0,0,0,0,0,8,6,8,0,2,0,2,0,0,0,0,0,0,0,0,3801088,0,3801088,6,3876531934197508860,0,0,2,8,2,0,0,0
layer,16,0,15,142,decode,17,8,6,2,623,308,158,54,2,0,2,721,8,6,0,0,0,0,0,0,60,lru,0,0,0,0,0,0,8,6,8,0,2,0,2,0,0,0,0,0,0,0,0,3801088,0,3801088,6,10765713057621830888,0,0,2,8,2,0,0,0
layer,16,0,15,142,decode,18,8,6,2,13532,357,144,40,2,0,2,13674,8,30,0,0,0,0,0,0,60,lru,0,0,0,0,0,0,8,6,8,0,2,0,2,0,0,0,0,0,0,0,0,3801088,0,3801088,6,7092818846127486609,0,0,2,8,2,0,0,0
layer,16,0,15,142,decode,19,8,5,3,7371,430,159,77,2,0,2,7504,12,5,0,0,0,0,0,0,60,lru,0,0,0,0,0,0,8,5,8,0,3,0,2,0,0,0,0,0,0,0,0,5701632,0,5701632,9,1509786532497483630,0,0,3,8,3,0,0,0
layer,16,0,15,142,decode,20,8,4,4,11784,580,152,134,2,0,2,11983,9,18,0,0,0,0,0,0,60,lru,0,0,0,0,0,0,8,4,8,0,4,0,3,0,0,0,0,0,0,0,0,7602176,0,7602176,12,17559909640834906067,0,0,4,8,4,0,0,0
layer,16,0,15,142,decode,21,8,5,3,6414,481,157,66,2,0,2,6549,8,5,0,0,0,0,0,0,60,lru,0,0,0,0,0,0,8,5,8,0,3,0,2,0,0,0,0,0,0,0,0,5701632,0,5701632,9,7418773667519865301,0,0,3,8,3,0,0,0
layer,16,0,15,142,decode,22,8,2,6,6122,764,138,160,2,0,2,6364,8,6,0,0,0,0,0,0,60,lru,0,0,0,0,0,0,8,2,8,0,6,0,2,0,0,0,0,0,0,0,0,11403264,0,11403264,18,11733584676837352903,0,0,6,8,6,0,0,0
layer,16,0,15,142,decode,23,8,6,2,9802,436,159,42,2,0,2,9893,8,3,0,0,0,0,0,0,60,lru,0,0,0,0,0,0,8,6,8,0,2,0,2,0,0,0,0,0,0,0,0,3801088,0,3801088,6,4081702346413435563,0,0,2,8,2,0,0,0
layer,16,0,15,142,decode,24,8,4,4,13224,628,152,128,2,0,2,13436,8,33,0,0,0,0,0,0,60,lru,0,0,0,0,0,0,8,4,8,0,4,0,2,0,0,0,0,0,0,0,0,7602176,0,7602176,12,5962391542318802787,0,0,4,8,4,0,0,0
layer,16,0,15,142,decode,25,8,8,0,0,0,183,0,0,0,0,19,8,2,0,0,0,0,0,0,60,lru,0,0,0,0,0,0,8,8,8,0,0,0,2,0,0,0,0,0,0,0,0,0,0,0,0,15787582571403315255,0,0,0,8,0,0,0,0
layer,16,0,15,142,decode,26,8,7,1,5788,271,147,65,1,0,1,5921,7,23,0,0,0,0,0,0,60,lru,0,0,0,0,0,0,8,7,8,0,1,0,2,0,0,0,0,0,0,0,0,1900544,0,1900544,3,209750976994432185,0,0,1,8,1,0,0,0
layer,16,0,15,142,decode,27,8,6,2,10856,205,168,45,2,0,2,10956,8,3,0,0,0,0,0,0,60,lru,0,0,0,0,0,0,8,6,8,0,2,0,2,0,0,0,0,0,0,0,0,3801088,0,3801088,6,13273860763028965888,0,0,2,8,2,0,0,0
layer,16,0,15,142,decode,28,8,7,1,342,164,153,23,1,0,1,420,8,5,0,0,0,0,0,0,60,lru,0,0,0,0,0,0,8,7,8,0,1,0,2,0,0,0,0,0,0,0,0,1900544,0,1900544,3,6573501666054693141,0,0,1,8,1,0,0,0
layer,16,0,15,142,decode,29,8,8,0,0,0,180,0,0,0,0,20,8,2,0,0,0,0,0,0,60,lru,0,0,0,0,0,0,8,8,8,0,0,0,2,0,0,0,0,0,0,0,0,0,0,0,0,10021994009035515532,0,0,0,8,0,0,0,0
layer,16,0,15,142,decode,30,8,7,1,313,172,144,34,1,0,1,377,7,3,0,0,0,0,0,0,60,lru,0,0,0,0,0,0,8,7,8,0,1,0,2,0,0,0,0,0,0,0,0,1900544,0,1900544,3,12145138907635053968,0,0,1,8,1,0,0,0
layer,16,0,15,142,decode,31,8,8,0,0,0,182,0,0,0,0,19,8,2,0,0,0,0,0,0,60,lru,0,0,0,0,0,0,8,8,8,0,0,0,2,0,0,0,0,0,0,0,0,0,0,0,0,16265091179908078636,0,0,0,8,0,0,0,0
layer,16,0,15,142,decode,32,8,6,2,7413,446,152,57,2,0,2,7530,7,3,0,0,0,0,0,0,60,lru,0,0,0,0,0,0,8,6,8,0,2,0,2,0,0,0,0,0,0,0,0,3801088,0,3801088,6,13127897476328220636,0,0,2,8,2,0,0,0
layer,16,0,15,142,decode,33,8,8,0,0,0,181,0,0,0,0,19,8,2,0,0,0,0,0,0,60,lru,0,0,0,0,0,0,8,8,8,0,0,0,2,0,0,0,0,0,0,0,0,0,0,0,0,15880715936103628225,0,0,0,8,0,0,0,0
layer,16,0,15,142,decode,34,8,5,3,4671,529,145,85,1,0,1,4799,7,7,0,0,0,0,0,0,60,lru,0,0,0,0,0,0,8,5,8,0,3,0,2,0,0,0,0,0,0,0,0,6119424,0,6119424,9,15275218878491194367,0,0,3,8,3,0,0,0
layer,16,0,15,142,decode,35,8,5,3,5976,367,164,132,2,0,2,6152,8,16,0,0,0,0,0,0,60,lru,0,0,0,0,0,0,8,5,8,0,3,0,2,0,0,0,0,0,0,0,0,5701632,0,5701632,9,11942124224666716997,0,0,3,8,3,0,0,0
layer,16,0,15,142,decode,36,8,4,4,8156,634,153,135,1,0,1,8325,8,2,0,0,0,0,0,0,60,lru,0,0,0,0,0,0,8,4,8,0,4,0,2,0,0,0,0,0,0,0,0,7602176,0,7602176,12,10391970205351252150,0,0,4,8,4,0,0,0
layer,16,0,15,142,decode,37,8,7,1,377,167,160,30,1,0,1,466,8,20,0,0,0,0,0,0,60,lru,0,0,0,0,0,0,8,7,8,0,1,0,2,0,0,0,0,0,0,0,0,1900544,0,1900544,3,6474314676943778496,0,0,1,8,1,0,0,0
layer,16,0,15,142,decode,38,8,6,2,849,317,144,77,2,0,2,1004,7,19,0,0,0,0,0,0,60,lru,0,0,0,0,0,0,8,6,8,0,2,0,2,0,0,0,0,0,0,0,0,4079616,0,4079616,6,8445810111345092679,0,0,2,8,2,0,0,0
layer,16,0,15,142,decode,39,8,5,3,7490,448,680,63,2,0,2,7641,8,16,0,0,0,0,0,0,60,lru,0,0,0,0,0,0,8,5,8,0,3,0,2,0,0,0,0,0,0,0,0,6119424,0,6119424,9,15336358634852594588,0,0,3,8,3,0,0,0
request,16,0,15,0,decode,-1,0,0,0,0,0,0,0,0,0,0,0,0,0,0,0,0,0,0,0,0,,221327,633,0,0,20,0,0,0,0,0,0,0,0,0,0,0,0,0,0,0,0,0,0,0,0,0,0,0,0,0,0,0,0,0
layer,17,0,16,143,decode,0,8,0,8,3125,1110,150,238,4,0,4,3411,9,3,0,0,0,0,0,0,60,lru,0,0,0,0,0,0,8,0,8,0,8,0,4,0,0,0,0,0,0,0,0,15204352,0,15204352,24,6731112273833697849,0,0,8,8,8,0,0,0
layer,17,0,16,143,decode,1,8,1,7,2737,960,154,192,3,0,3,3016,8,11,0,0,0,0,0,0,60,lru,0,0,0,0,0,0,8,1,8,0,7,0,4,0,0,0,0,0,0,0,0,13303808,0,13303808,21,7556537180114517821,0,0,7,8,7,0,0,0
layer,17,0,16,143,decode,2,8,6,2,686,294,143,16,4,0,4,832,8,20,0,0,0,0,0,0,60,lru,0,0,0,0,0,0,8,6,8,0,2,0,4,0,0,0,0,0,0,0,0,3801088,0,3801088,6,4163858685323151748,0,0,2,8,2,0,0,0
layer,17,0,16,143,decode,3,8,6,2,683,269,160,46,4,0,4,818,8,21,0,0,0,0,0,0,60,lru,0,0,0,0,0,0,8,6,8,0,2,0,3,0,0,0,0,0,0,0,0,3801088,0,3801088,6,2032134694375833465,0,0,2,8,2,0,0,0
layer,17,0,16,143,decode,4,8,7,1,328,164,155,33,2,0,2,409,8,4,0,0,0,0,0,0,60,lru,0,0,0,0,0,0,8,7,8,0,1,0,3,0,0,0,0,0,0,0,0,1900544,0,1900544,3,6225266555430094538,0,0,1,8,1,0,0,0
layer,17,0,16,143,decode,5,8,6,2,680,303,159,63,3,0,3,779,8,5,0,0,0,0,0,0,60,lru,0,0,0,0,0,0,8,6,8,0,2,0,4,0,0,0,0,0,0,0,0,3801088,0,3801088,6,3930504545289937559,0,0,2,8,2,0,0,0
layer,17,0,16,143,decode,6,8,4,4,1502,588,149,188,3,0,3,1760,7,21,0,0,0,0,0,0,60,lru,0,0,0,0,0,0,8,4,8,0,4,0,3,0,0,0,0,0,0,0,0,7602176,0,7602176,12,10112472546312832468,0,0,4,8,4,0,0,0
layer,17,0,16,143,decode,7,8,7,1,5081,168,174,76,2,0,2,5222,8,20,0,0,0,0,0,0,60,lru,0,0,0,0,0,0,8,7,8,0,1,0,6,0,0,0,0,0,0,0,0,1900544,0,1900544,3,14163163460282188302,0,0,1,8,1,0,0,0
layer,17,0,16,143,decode,8,8,7,1,327,168,154,58,2,0,2,441,8,17,0,0,0,0,0,0,60,lru,0,0,0,0,0,0,8,7,8,0,1,0,4,0,0,0,0,0,0,0,0,1900544,0,1900544,3,16230172852426279015,0,0,1,8,1,0,0,0
layer,17,0,16,143,decode,9,8,7,1,5235,264,159,24,1,0,1,5312,8,5,0,0,0,0,0,0,60,lru,0,0,0,0,0,0,8,7,8,0,1,0,3,0,0,0,0,0,0,0,0,1900544,0,1900544,3,3062514187066680069,0,0,1,8,1,0,0,0
layer,17,0,16,143,decode,10,8,6,2,831,279,142,53,1,0,1,931,8,6,0,0,0,0,0,0,60,lru,0,0,0,0,0,0,8,6,8,0,2,0,2,0,0,0,0,0,0,0,0,3801088,0,3801088,6,5800745931752175964,0,0,2,8,2,0,0,0
layer,17,0,16,143,decode,11,8,5,3,1039,415,157,54,2,0,2,1170,8,5,0,0,0,0,0,0,60,lru,0,0,0,0,0,0,8,5,8,0,3,0,2,0,0,0,0,0,0,0,0,5701632,0,5701632,9,13914232777020735416,0,0,3,8,3,0,0,0
layer,17,0,16,143,decode,12,8,7,1,317,170,154,27,1,0,1,397,7,3,0,0,0,0,0,0,60,lru,0,0,0,0,0,0,8,7,8,0,1,0,3,0,0,0,0,0,0,0,0,1900544,0,1900544,3,5438226411807768151,0,0,1,8,1,0,0,0
layer,17,0,16,143,decode,13,8,7,1,311,168,160,27,1,0,1,383,8,3,0,0,0,0,0,0,60,lru,0,0,0,0,0,0,8,7,8,0,1,0,2,0,0,0,0,0,0,0,0,1900544,0,1900544,3,11304144223014154896,0,0,1,8,1,0,0,0
layer,17,0,16,143,decode,14,8,6,2,643,275,142,66,2,0,2,748,8,3,0,0,0,0,0,0,60,lru,0,0,0,0,0,0,8,6,8,0,2,0,2,0,0,0,0,0,0,0,0,3801088,0,3801088,6,644248220199061999,0,0,2,8,2,0,0,0
layer,17,0,16,143,decode,15,8,6,2,624,279,159,90,2,0,2,768,8,19,0,0,0,0,0,0,60,lru,0,0,0,0,0,0,8,6,8,0,2,0,2,0,0,0,0,0,0,0,0,3801088,0,3801088,6,11228248018052255611,0,0,2,8,2,0,0,0
layer,17,0,16,143,decode,16,8,7,1,308,177,153,17,2,0,2,370,8,2,0,0,0,0,0,0,60,lru,0,0,0,0,0,0,8,7,8,0,1,0,2,0,0,0,0,0,0,0,0,1900544,0,1900544,3,4834820162344062315,0,0,1,8,1,0,0,0
layer,17,0,16,143,decode,17,8,6,2,5968,397,158,87,2,0,2,6114,8,18,0,0,0,0,0,0,60,lru,0,0,0,0,0,0,8,6,8,0,2,0,2,0,0,0,0,0,0,0,0,3801088,0,3801088,6,9536095959376589973,0,0,2,8,2,0,0,0
layer,17,0,16,143,decode,18,8,8,0,0,0,159,0,0,0,0,19,8,2,0,0,0,0,0,0,60,lru,0,0,0,0,0,0,8,8,8,0,0,0,2,0,0,0,0,0,0,0,0,0,0,0,0,16908288186566416876,0,0,0,8,0,0,0,0
layer,17,0,16,143,decode,19,8,5,3,8387,495,159,107,2,0,2,8555,8,8,0,0,0,0,0,0,60,lru,0,0,0,0,0,0,8,5,8,0,3,0,2,0,0,0,0,0,0,0,0,5701632,0,5701632,9,12875889665982809322,0,0,3,8,3,0,0,0
layer,17,0,16,143,decode,20,8,5,3,1346,397,152,98,2,0,2,1517,8,18,0,0,0,0,0,0,60,lru,0,0,0,0,0,0,8,5,8,0,3,0,2,0,0,0,0,0,0,0,0,5701632,0,5701632,9,10241447722034559854,0,0,3,8,3,0,0,0
layer,17,0,16,143,decode,21,8,7,1,318,170,161,24,1,0,1,387,7,3,0,0,0,0,0,0,60,lru,0,0,0,0,0,0,8,7,8,0,1,0,2,0,0,0,0,0,0,0,0,1900544,0,1900544,3,3284128287809252459,0,0,1,8,1,0,0,0
layer,17,0,16,143,decode,22,8,5,3,1510,402,139,80,2,0,2,1643,11,4,0,0,0,0,0,0,60,lru,0,0,0,0,0,0,8,5,8,0,3,0,1,0,0,0,0,0,0,0,0,5701632,0,5701632,9,12754594762007696671,0,0,3,8,3,0,0,0
layer,17,0,16,143,decode,23,8,5,3,1084,410,160,55,2,0,2,1223,8,3,0,0,0,0,0,0,60,lru,0,0,0,0,0,0,8,5,8,0,3,0,3,0,0,0,0,0,0,0,0,5701632,0,5701632,9,208543683902953620,0,0,3,8,3,0,0,0
layer,17,0,16,143,decode,24,8,7,1,358,173,154,12,1,0,1,416,7,2,0,0,0,0,0,0,60,lru,0,0,0,0,0,0,8,7,8,0,1,0,2,0,0,0,0,0,0,0,0,1900544,0,1900544,3,293792984493066743,0,0,1,8,1,0,0,0
layer,17,0,16,143,decode,25,8,8,0,0,0,183,0,0,0,0,19,8,2,0,0,0,0,0,0,60,lru,0,0,0,0,0,0,8,8,8,0,0,0,1,0,0,0,0,0,0,0,0,0,0,0,0,2117805231360428161,0,0,0,8,0,0,0,0
layer,17,0,16,143,decode,26,8,6,2,625,271,140,55,2,0,2,759,8,25,0,0,0,0,0,0,60,lru,0,0,0,0,0,0,8,6,8,0,2,0,2,0,0,0,0,0,0,0,0,3801088,0,3801088,6,17525054320519208547,0,0,2,8,2,0,0,0
layer,17,0,16,143,decode,27,8,7,1,340,164,160,32,1,0,1,425,8,17,0,0,0,0,0,0,60,lru,0,0,0,0,0,0,8,7,8,0,1,0,2,0,0,0,0,0,0,0,0,1900544,0,1900544,3,4018771934439134405,0,0,1,8,1,0,0,0
layer,17,0,16,143,decode,28,8,8,0,0,0,176,0,0,0,0,20,8,2,0,0,0,0,0,0,60,lru,0,0,0,0,0,0,8,8,8,0,0,0,2,0,0,0,0,0,0,0,0,0,0,0,0,13642727919551759442,0,0,0,8,0,0,0,0
layer,17,0,16,143,decode,29,8,5,3,5341,458,157,65,2,0,2,5462,8,3,0,0,0,0,0,0,60,lru,0,0,0,0,0,0,8,5,8,0,3,0,2,0,0,0,0,0,0,0,0,5701632,0,5701632,9,6269457799158836022,0,0,3,8,3,0,0,0
layer,17,0,16,143,decode,30,8,8,0,0,0,159,0,0,0,0,19,8,2,0,0,0,0,0,0,60,lru,0,0,0,0,0,0,8,8,8,0,0,0,2,0,0,0,0,0,0,0,0,0,0,0,0,13912766841781980735,0,0,0,8,0,0,0,0
layer,17,0,16,143,decode,31,8,7,1,311,164,160,33,1,0,1,377,8,3,0,0,0,0,0,0,60,lru,0,0,0,0,0,0,8,7,8,0,1,0,2,0,0,0,0,0,0,0,0,1900544,0,1900544,3,14581777068391917983,0,0,1,8,1,0,0,0
layer,17,0,16,143,decode,32,8,3,5,2135,679,150,140,2,0,2,2368,8,17,0,0,0,0,0,0,60,lru,0,0,0,0,0,0,8,3,8,0,5,0,2,0,0,0,0,0,0,0,0,9502720,0,9502720,15,4946725975569381239,0,0,5,8,5,0,0,0
layer,17,0,16,143,decode,33,8,4,4,1493,526,157,94,2,0,2,1648,7,3,0,0,0,0,0,0,60,lru,0,0,0,0,0,0,8,4,8,0,4,0,2,0,0,0,0,0,0,0,0,7602176,0,7602176,12,5967559010121167644,0,0,4,8,4,0,0,0
layer,17,0,16,143,decode,34,8,5,3,1146,437,143,124,2,0,2,1347,7,18,0,0,0,0,0,0,60,lru,0,0,0,0,0,0,8,5,8,0,3,0,2,0,0,0,0,0,0,0,0,6119424,0,6119424,9,7942688547617361804,0,0,3,8,3,0,0,0
layer,17,0,16,143,decode,35,8,5,3,5346,497,157,92,2,0,2,5474,7,3,0,0,0,0,0,0,60,lru,0,0,0,0,0,0,8,5,8,0,3,0,2,0,0,0,0,0,0,0,0,5701632,0,5701632,9,8982013356315847267,0,0,3,8,3,0,0,0
layer,17,0,16,143,decode,36,8,5,3,1675,349,154,64,2,0,2,1797,8,3,0,0,0,0,0,0,60,lru,0,0,0,0,0,0,8,5,8,0,3,0,2,0,0,0,0,0,0,0,0,5701632,0,5701632,9,7967472705446822838,0,0,3,8,3,0,0,0
layer,17,0,16,143,decode,37,8,1,7,8464,1020,156,212,2,0,2,8734,8,4,0,0,0,0,0,0,60,lru,0,0,0,0,0,0,8,1,8,0,7,0,1,0,0,0,0,0,0,0,0,13303808,0,13303808,21,18213062720606978481,0,0,7,8,7,0,0,0
layer,17,0,16,143,decode,38,8,4,4,1925,607,142,124,2,0,2,2134,7,19,0,0,0,0,0,0,60,lru,0,0,0,0,0,0,8,4,8,0,4,0,2,0,0,0,0,0,0,0,0,8159232,0,8159232,12,5075305020169880840,0,0,4,8,4,0,0,0
layer,17,0,16,143,decode,39,8,2,6,6051,853,673,150,2,0,2,6307,8,23,0,0,0,0,0,0,60,lru,0,0,0,0,0,0,8,2,8,0,6,0,2,0,0,0,0,0,0,0,0,12238848,0,12238848,18,4203132320158444510,0,0,6,8,6,0,0,0
request,17,0,16,0,decode,-1,0,0,0,0,0,0,0,0,0,0,0,0,0,0,0,0,0,0,0,0,,93546,669,0,0,19,0,0,0,0,0,0,0,0,0,0,0,0,0,0,0,0,0,0,0,0,0,0,0,0,0,0,0,0,0
