row_type,request_idx,repeat_idx,batch_idx,token_idx,phase,layer,k_required,k_hit,k_miss,ssd_read_us,h2d_us,compute_us,stall_us,pred_us,pred_observe_us,pred_score_us,callback_wall_us,topk_d2h_us,slot_ids_h2d_us,slot_table_h2d_us,eamc_rows_scored,eamc_cosine_us,eamc_score_materialize_us,eamc_score_cache_hits,eamc_score_cache_misses,cache_resident_experts,predictor,request_wall_us,request_end_us,predictor_end_us,predictor_save_us,profile_flush_us,sidecar_write_bytes,routes_required,routes_hit,routes_persistent,k_empty_admit,k_victim_admit,k_scratch,route_rank_us,host_cache_hits,host_cache_misses,host_cache_hit_bytes,host_cache_miss_bytes,host_cache_lookup_us,host_cache_fill_us,host_memcpy_us,host_memcpy_bytes,h2d_bytes,pinned_staging_wait_us,ssd_bytes,ssd_reads,route_hash
layer,1,0,0,0,prefill,0,44,0,44,85471,10724,116041,4496,0,0,0,101222,28,54,0,0,0,0,0,0,44,lru,0,0,0,0,0,0,64,0,64,44,0,0,18,0,132,0,83623936,49,85497,11837,83623936,83623936,0,83623936,132,3293325228528914294
layer,1,0,0,0,prefill,1,37,0,37,74944,9845,420,4271,2,2,0,87380,24,51,0,0,0,0,0,0,37,lru,0,0,0,0,0,0,64,0,64,37,0,0,10,0,111,0,70320128,31,74970,9001,70320128,70320128,0,70320128,111,11763988761166500694
layer,1,0,0,0,prefill,2,41,0,41,56950,7032,5623,2691,0,0,0,66338,11,12,0,0,0,0,0,0,41,lru,0,0,0,0,0,0,64,0,64,41,0,0,4,0,123,0,77922304,19,56975,6887,77922304,77922304,0,77922304,123,18267588653435647843
layer,1,0,0,0,prefill,3,34,0,34,48038,5737,409,2145,1,1,0,55644,15,38,0,0,0,0,0,0,34,lru,0,0,0,0,0,0,64,0,64,34,0,0,5,0,102,0,64618496,15,48053,5526,64618496,64618496,0,64618496,102,16366311324672195943
layer,1,0,0,0,prefill,4,33,0,33,40359,4601,400,1662,0,0,0,46610,11,27,0,0,0,0,0,0,33,lru,0,0,0,0,0,0,64,0,64,33,0,0,4,0,99,0,62717952,13,40369,4393,62717952,62717952,0,62717952,99,1973317037080763258
layer,1,0,0,0,prefill,5,34,0,34,38670,4112,382,1164,1,1,0,44228,9,12,0,0,0,0,0,0,34,lru,0,0,0,0,0,0,64,0,64,34,0,0,3,0,102,0,64618496,9,38680,3965,64618496,64618496,0,64618496,102,10208374901468835697
layer,1,0,0,0,prefill,6,33,0,33,35429,3526,309,821,0,0,0,40346,10,4,0,0,0,0,0,0,33,lru,0,0,0,0,0,0,64,0,64,33,0,0,3,0,99,0,62717952,9,35433,3504,62717952,62717952,0,62717952,99,2997033079327025676
layer,1,0,0,0,prefill,7,38,0,38,40219,4017,387,990,1,1,0,46122,9,6,0,0,0,0,0,0,38,lru,0,0,0,0,0,0,64,0,64,38,0,0,4,0,114,0,72220672,7,40226,4331,72220672,72220672,0,72220672,114,4279733366878589426
layer,1,0,0,0,prefill,8,30,0,30,31648,3193,359,805,0,0,0,36164,9,4,0,0,0,0,0,0,30,lru,0,0,0,0,0,0,64,0,64,30,0,0,4,0,90,0,57016320,8,31656,3222,57016320,57016320,0,57016320,90,17371375831701825259
layer,1,0,0,0,prefill,9,35,0,35,37267,3735,375,958,1,1,0,42763,8,5,0,0,0,0,0,0,35,lru,0,0,0,0,0,0,64,0,64,35,0,0,4,0,105,0,66519040,6,37283,3971,66519040,66519040,0,66519040,105,14756317654227599628
layer,1,0,0,0,prefill,10,36,0,36,38243,3790,324,948,0,0,0,43687,9,20,0,0,0,0,0,0,36,lru,0,0,0,0,0,0,64,0,64,36,0,0,4,0,108,0,68419584,9,38249,3944,68419584,68419584,0,68419584,108,16361053239288350339
layer,1,0,0,0,prefill,11,41,0,41,43182,4397,391,1163,1,1,0,49787,9,7,0,0,0,0,0,0,41,lru,0,0,0,0,0,0,64,0,64,41,0,0,4,0,123,0,77922304,8,43194,4838,77922304,77922304,0,77922304,123,12857022228771309429
layer,1,0,0,0,prefill,12,39,0,39,40228,4202,392,978,0,0,0,46016,9,27,0,0,0,0,0,0,39,lru,0,0,0,0,0,0,64,0,64,39,0,0,3,0,117,0,74121216,10,40239,4120,74121216,74121216,0,74121216,117,11134475753282102401
layer,1,0,0,0,prefill,13,35,0,35,35912,3698,371,1003,1,1,0,40753,9,4,0,0,0,0,0,0,35,lru,0,0,0,0,0,0,64,0,64,35,0,0,3,0,105,0,66519040,9,35928,3363,66519040,66519040,0,66519040,105,16779698245546938986
layer,1,0,0,0,prefill,14,37,0,37,38458,3857,342,1063,0,0,0,43791,9,13,0,0,0,0,0,0,37,lru,0,0,0,0,0,0,64,0,64,37,0,0,3,0,111,0,70320128,7,38468,3781,70320128,70320128,0,70320128,111,16663343049215851087
layer,1,0,0,0,prefill,15,39,0,39,40068,4152,392,1181,1,1,0,45591,9,17,0,0,0,0,0,0,39,lru,0,0,0,0,0,0,64,0,64,39,0,0,3,0,117,0,74121216,9,40080,3849,74121216,74121216,0,74121216,117,10224571627785906670
layer,1,0,0,0,prefill,16,33,0,33,33646,3475,377,893,0,0,0,38131,9,8,0,0,0,0,0,0,33,lru,0,0,0,0,0,0,64,0,64,33,0,0,3,0,99,0,62717952,7,33654,3098,62717952,62717952,0,62717952,99,11861470778623149775
layer,1,0,0,0,prefill,17,31,0,31,31523,3259,374,851,1,1,0,35694,8,4,0,0,0,0,0,0,31,lru,0,0,0,0,0,0,64,0,64,31,0,0,3,0,93,0,58916864,7,31533,2886,58916864,58916864,0,58916864,93,9122990691134598737
layer,1,0,0,0,prefill,18,37,0,37,38320,3887,328,1076,0,0,0,43329,8,4,0,0,0,0,0,0,37,lru,0,0,0,0,0,0,64,0,64,37,0,0,3,0,111,0,70320128,5,38331,3496,70320128,70320128,0,70320128,111,3784149798059167740
layer,1,0,0,0,prefill,19,34,0,34,34822,3600,345,980,1,1,0,39395,9,3,0,0,0,0,0,0,34,lru,0,0,0,0,0,0,64,0,64,34,0,0,3,0,102,0,64618496,7,34836,3193,64618496,64618496,0,64618496,102,1866702091792289679
layer,1,0,0,0,prefill,20,39,0,39,40607,4168,382,1075,0,0,0,46192,9,4,0,0,0,0,0,0,39,lru,0,0,0,0,0,0,64,0,64,39,0,0,3,0,117,0,74121216,7,40619,3979,74121216,74121216,0,74121216,117,150966478342431433
layer,1,0,0,0,prefill,21,34,0,34,36587,3661,373,1107,1,1,0,41797,9,20,0,0,0,0,0,0,34,lru,0,0,0,0,0,0,64,0,64,34,0,0,3,0,102,0,64618496,8,36596,3741,64618496,64618496,0,64618496,102,4611860579560334458
layer,1,0,0,0,prefill,22,34,0,34,36633,3567,338,930,0,0,0,41504,9,4,0,0,0,0,0,0,34,lru,0,0,0,0,0,0,64,0,64,34,0,0,4,0,102,0,64618496,9,36643,3481,64618496,64618496,0,64618496,102,8048007820580508778
layer,1,0,0,0,prefill,23,36,0,36,37047,3811,377,1093,1,1,0,42298,8,28,0,0,0,0,0,0,36,lru,0,0,0,0,0,0,64,0,64,36,0,0,3,0,108,0,68419584,5,37060,3741,68419584,68419584,0,68419584,108,1366027027120771344
layer,1,0,0,0,prefill,24,30,0,30,30764,3192,351,827,0,0,0,35016,8,4,0,0,0,0,0,0,30,lru,0,0,0,0,0,0,64,0,64,30,0,0,3,0,90,0,57016320,13,30772,2976,57016320,57016320,0,57016320,90,16941741474838672535
layer,1,0,0,0,prefill,25,36,0,36,37392,3811,411,1113,1,1,0,42796,8,28,0,0,0,0,0,0,36,lru,0,0,0,0,0,0,64,0,64,36,0,0,3,0,108,0,68419584,5,37411,3863,68419584,68419584,0,68419584,108,15583732811717171467
layer,1,0,0,0,prefill,26,38,0,38,38123,4089,331,1201,0,0,0,44067,9,25,0,0,0,0,0,0,38,lru,0,0,0,0,0,0,64,0,64,38,0,0,3,0,114,0,72220672,7,38131,4306,72220672,72220672,0,72220672,114,11490715657799219223
layer,1,0,0,0,prefill,27,41,0,41,42639,4360,387,1300,1,1,0,48724,9,15,0,0,0,0,0,0,41,lru,0,0,0,0,0,0,64,0,64,41,0,0,4,0,123,0,77922304,6,42648,4401,77922304,77922304,0,77922304,123,14516107783241388328
layer,1,0,0,0,prefill,28,35,0,35,36141,3801,376,1181,0,0,0,41280,9,18,0,0,0,0,0,0,35,lru,0,0,0,0,0,0,64,0,64,35,0,0,3,0,105,0,66519040,7,36149,3655,66519040,66519040,0,66519040,105,12795266909995215369
layer,1,0,0,0,prefill,29,36,0,36,39773,3836,394,1034,1,1,0,45521,9,4,0,0,0,0,0,0,36,lru,0,0,0,0,0,0,64,0,64,36,0,0,3,0,108,0,68419584,12,39783,4267,68419584,68419584,0,68419584,108,9154480471160444325
layer,1,0,0,0,prefill,30,35,0,35,33716,3796,327,944,0,0,0,39516,10,24,0,0,0,0,0,0,35,lru,0,0,0,0,0,0,64,0,64,35,0,0,3,0,105,0,66519040,5,33728,4309,66519040,66519040,0,66519040,105,215544110313091029
layer,1,0,0,0,prefill,31,31,0,31,31924,3316,359,945,1,1,0,36440,9,15,0,0,0,0,0,0,31,lru,0,0,0,0,0,0,64,0,64,31,0,0,4,0,93,0,58916864,6,31936,3183,58916864,58916864,0,58916864,93,12831629292484007162
layer,1,0,0,0,prefill,32,34,0,34,36691,3620,380,1030,0,0,0,41656,8,4,0,0,0,0,0,0,34,lru,0,0,0,0,0,0,64,0,64,34,0,0,4,0,102,0,64618496,7,36701,3508,64618496,64618496,0,64618496,102,16430129035145035588
layer,1,0,0,0,prefill,33,38,0,38,40240,4034,387,1104,1,1,0,45767,9,11,0,0,0,0,0,0,38,lru,0,0,0,0,0,0,64,0,64,38,0,0,3,0,114,0,72220672,6,40254,3930,72220672,72220672,0,72220672,114,11718820361409711579
layer,1,0,0,0,prefill,34,38,0,38,43747,4342,350,1131,0,0,0,50513,9,11,0,0,0,0,0,0,38,lru,0,0,0,0,0,0,64,0,64,38,0,0,3,0,114,0,77512704,10,43758,5157,77512704,77512704,0,77512704,114,8393375420822053651
layer,1,0,0,0,prefill,35,33,0,33,33060,3516,388,920,1,1,0,37540,10,22,0,0,0,0,0,0,33,lru,0,0,0,0,0,0,64,0,64,33,0,0,4,0,99,0,62717952,6,33073,3129,62717952,62717952,0,62717952,99,5405466669696483191
layer,1,0,0,0,prefill,36,34,0,34,35689,3582,358,969,0,0,0,40368,10,5,0,0,0,0,0,0,34,lru,0,0,0,0,0,0,64,0,64,34,0,0,3,0,102,0,64618496,7,35697,3312,64618496,64618496,0,64618496,102,14826621790135385422
layer,1,0,0,0,prefill,37,33,0,33,32975,3452,370,989,1,1,0,37726,9,8,0,0,0,0,0,0,33,lru,0,0,0,0,0,0,64,0,64,33,0,0,3,0,99,0,62717952,6,32992,3381,62717952,62717952,0,62717952,99,24498880280141080
layer,1,0,0,0,prefill,38,30,0,30,33948,3346,333,729,0,0,0,38714,8,16,0,0,0,0,0,0,30,lru,0,0,0,0,0,0,64,0,64,30,0,0,3,0,90,0,61194240,8,33957,3518,61194240,61194240,0,61194240,90,10002470428589311871
layer,1,0,0,0,prefill,39,28,0,28,31871,3202,2281,935,0,0,0,36557,9,14,0,0,0,0,0,0,28,lru,0,0,0,0,0,0,64,0,64,28,0,0,2,0,84,0,57114624,8,31878,3463,57114624,57114624,0,57114624,84,5240975813727380791
layer,1,0,0,8,prefill,0,48,16,32,37896,3778,362,1046,0,0,0,43324,12,4,0,0,0,0,0,0,76,lru,0,0,0,0,0,0,64,24,64,32,0,0,4,0,96,0,60817408,0,37908,3950,60817408,60817408,0,60817408,96,9822112761952514038
layer,1,0,0,8,prefill,1,45,15,30,33866,3285,372,946,0,0,0,38707,9,12,0,0,0,0,0,0,67,lru,0,0,0,0,0,0,64,29,64,30,0,0,5,0,90,0,57016320,0,33877,3464,57016320,57016320,0,57016320,90,226707667759415640
layer,1,0,0,8,prefill,2,50,15,35,38356,3735,7485,1004,0,0,0,44119,9,21,0,0,0,0,0,0,76,lru,0,0,0,0,0,0,64,24,64,35,0,0,5,0,105,0,66519040,0,38371,4256,66519040,66519040,0,66519040,105,16806805194774015207
layer,1,0,0,8,prefill,3,39,14,25,33526,3871,372,1520,0,0,0,38632,17,27,0,0,0,0,0,0,59,lru,0,0,0,0,0,0,64,33,64,25,0,0,4,0,75,0,47513600,0,33543,3618,47513600,47513600,0,47513600,75,8997229647367371067
layer,1,0,0,8,prefill,4,32,16,16,21343,2381,362,1439,0,0,0,24474,11,7,0,0,0,0,0,0,49,lru,0,0,0,0,0,0,64,40,64,16,0,0,4,0,48,0,30408704,0,21349,2137,30408704,30408704,0,30408704,48,15231902631224434210
layer,1,0,0,8,prefill,5,39,18,21,25817,2946,357,930,0,0,0,29702,11,24,0,0,0,0,0,0,55,lru,0,0,0,0,0,0,64,38,64,21,0,0,7,0,63,0,39911424,0,25828,2707,39911424,39911424,0,39911424,63,9736972530096237617
layer,1,0,0,8,prefill,6,27,8,19,22681,2401,713,689,0,0,0,25838,9,7,0,0,0,0,0,0,52,lru,0,0,0,0,0,0,64,34,64,19,0,0,4,0,57,0,36110336,0,22688,2240,36110336,36110336,0,36110336,57,5563804072953099745
layer,1,0,0,8,prefill,7,33,16,17,20097,2000,320,651,0,0,0,22793,12,6,0,0,0,0,0,0,55,lru,0,0,0,0,0,0,64,42,64,17,0,0,3,0,51,0,32309248,0,20099,1904,32309248,32309248,0,32309248,51,207094809715991431
layer,1,0,0,8,prefill,8,24,15,9,9989,1056,302,287,0,0,0,11390,9,4,0,0,0,0,0,0,39,lru,0,0,0,0,0,0,64,51,64,9,0,0,4,0,27,0,17104896,0,9993,934,17104896,17104896,0,17104896,27,2302138880439809811
layer,1,0,0,8,prefill,9,19,10,9,10272,1078,295,281,0,0,0,11691,8,4,0,0,0,0,0,0,44,lru,0,0,0,0,0,0,64,45,64,9,0,0,6,0,27,0,17104896,2,10278,953,17104896,17104896,0,17104896,27,6141791043513573865
layer,1,0,0,8,prefill,10,36,14,22,24280,2424,711,652,0,0,0,27649,8,16,0,0,0,0,0,0,58,lru,0,0,0,0,0,0,64,34,64,22,0,0,6,0,66,0,41811968,0,24290,2315,41811968,41811968,0,41811968,66,3285741211418025486
layer,1,0,0,8,prefill,11,37,15,22,23418,2389,342,597,0,0,0,26662,11,20,0,0,0,0,0,0,63,lru,0,0,0,0,0,0,64,34,64,22,0,0,6,0,66,0,41811968,0,23429,2208,41811968,41811968,0,41811968,66,8892719449548461463
layer,1,0,0,8,prefill,12,31,16,15,15301,1568,320,432,0,0,0,17379,16,5,0,0,0,0,0,0,54,lru,0,0,0,0,0,0,64,36,64,15,0,0,5,0,45,0,28508160,0,15306,1421,28508160,28508160,0,28508160,45,14846981790635176625
layer,1,0,0,8,prefill,13,29,15,14,14134,1483,335,391,0,0,0,16213,9,21,0,0,0,0,0,0,49,lru,0,0,0,0,0,0,64,44,64,14,0,0,4,0,42,0,26607616,0,14140,1354,26607616,26607616,0,26607616,42,4108865327006903890
layer,1,0,0,8,prefill,14,31,16,15,15326,1594,664,411,0,0,0,17403,8,21,0,0,0,0,0,0,52,lru,0,0,0,0,0,0,64,41,64,15,0,0,4,0,45,0,28508160,0,15330,1410,28508160,28508160,0,28508160,45,9445785639877016247
layer,1,0,0,8,prefill,15,29,15,14,14118,1497,324,444,0,0,0,16062,11,23,0,0,0,0,0,0,53,lru,0,0,0,0,0,0,64,43,64,14,0,0,5,0,42,0,26607616,0,14125,1263,26607616,26607616,0,26607616,42,7159520080094529619
layer,1,0,0,8,prefill,16,36,19,17,17335,1782,325,460,0,0,0,19690,9,5,0,0,0,0,0,0,50,lru,0,0,0,0,0,0,64,42,64,17,0,0,5,0,51,0,32309248,0,17341,1636,32309248,32309248,0,32309248,51,10902646480748711181
layer,1,0,0,8,prefill,17,29,13,16,16307,1708,309,457,0,0,0,18473,8,11,0,0,0,0,0,0,47,lru,0,0,0,0,0,0,64,37,64,16,0,0,4,0,48,0,30408704,0,16310,1472,30408704,30408704,0,30408704,48,16510814748804352109
layer,1,0,0,8,prefill,18,32,12,20,20552,2110,683,538,0,0,0,23337,8,20,0,0,0,0,0,0,57,lru,0,0,0,0,0,0,64,33,64,20,0,0,4,0,60,0,38010880,0,20558,1906,38010880,38010880,0,38010880,60,7123295911721594019
layer,1,0,0,8,prefill,19,30,13,17,17283,1801,324,540,0,0,0,19612,11,21,0,0,0,0,0,0,51,lru,0,0,0,0,0,0,64,42,64,17,0,0,4,0,51,0,32309248,0,17288,1567,32309248,32309248,0,32309248,51,15904136970317237213
layer,1,0,0,8,prefill,20,28,13,15,15346,1605,306,407,0,0,0,17376,9,7,0,0,0,0,0,0,54,lru,0,0,0,0,0,0,64,44,64,15,0,0,4,0,45,0,28508160,0,15352,1375,28508160,28508160,0,28508160,45,16414320687484306473
layer,1,0,0,8,prefill,21,24,11,13,13252,1400,301,411,0,0,0,14998,8,11,0,0,0,0,0,0,47,lru,0,0,0,0,0,0,64,44,64,13,0,0,3,0,39,0,24707072,0,13257,1178,24707072,24707072,0,24707072,39,9312013191892651249
layer,1,0,0,8,prefill,22,36,11,25,26752,2683,2453,1271,0,0,0,30608,8,90,0,0,0,0,0,0,59,lru,0,0,0,0,0,0,64,31,64,25,0,0,4,0,75,0,47513600,0,26764,2643,47513600,47513600,0,47513600,75,896705841517386248
layer,1,0,0,8,prefill,23,45,15,30,34783,3641,570,3817,1,1,0,40485,46,43,0,0,0,0,0,0,66,lru,0,0,0,0,0,0,64,30,64,30,0,0,16,0,90,0,57016320,0,34799,4033,57016320,57016320,0,57016320,90,11376592927755218251
layer,1,0,0,8,prefill,24,35,11,24,26440,2668,441,1684,0,0,0,30263,24,41,0,0,0,0,0,0,54,lru,0,0,0,0,0,0,64,31,64,24,0,0,13,0,72,0,45613056,0,26449,2520,45613056,45613056,0,45613056,72,481580638916396032
layer,1,0,0,8,prefill,25,29,14,15,15893,1607,366,875,0,0,0,18067,16,19,0,0,0,0,0,0,51,lru,0,0,0,0,0,0,64,39,64,15,0,0,9,0,45,0,28508160,0,15896,1405,28508160,28508160,0,28508160,45,17644825301584181143
layer,1,0,0,8,prefill,26,35,15,20,20022,2156,982,1283,0,0,0,23100,14,21,0,0,0,0,0,0,58,lru,0,0,0,0,0,0,64,36,64,20,0,0,9,0,60,0,38010880,0,20026,2041,38010880,38010880,0,38010880,60,5336325027964949488
layer,1,0,0,8,prefill,27,27,13,14,14865,1556,394,846,0,0,0,17032,21,28,0,0,0,0,0,0,55,lru,0,0,0,0,0,0,64,42,64,14,0,0,8,0,42,0,26607616,0,14869,1417,26607616,26607616,0,26607616,42,17754794742317650876
layer,1,0,0,8,prefill,28,32,13,19,19651,2067,351,729,0,0,0,22510,17,18,0,0,0,0,0,0,54,lru,0,0,0,0,0,0,64,32,64,19,0,0,7,0,57,0,36110336,1,19656,1908,36110336,36110336,0,36110336,57,3491765303536609238
layer,1,0,0,8,prefill,29,29,8,21,21806,2225,350,673,0,0,0,24830,14,15,0,0,0,0,0,0,57,lru,0,0,0,0,0,0,64,32,64,21,0,0,6,0,63,0,39911424,0,21810,2016,39911424,39911424,0,39911424,63,9343312317066475088
layer,1,0,0,8,prefill,30,34,10,24,22937,2563,830,682,0,0,0,26556,14,20,0,0,0,0,0,0,59,lru,0,0,0,0,0,0,64,24,64,24,0,0,8,0,72,0,45613056,0,22943,2443,45613056,45613056,0,45613056,72,17412426279118122042
layer,1,0,0,8,prefill,31,31,11,20,20597,2231,396,576,0,0,0,23496,17,17,0,0,0,0,0,0,51,lru,0,0,0,0,0,0,64,30,64,20,0,0,4,0,60,0,38010880,4,20602,1882,38010880,38010880,0,38010880,60,13196121360757348107
layer,1,0,0,8,prefill,32,38,16,22,22922,2366,376,587,0,0,0,26107,13,17,0,0,0,0,0,0,56,lru,0,0,0,0,0,0,64,32,64,22,0,0,6,0,66,0,41811968,0,22932,2067,41811968,41811968,0,41811968,66,2925061271219234358
layer,1,0,0,8,prefill,33,37,18,19,19040,2035,358,496,0,0,0,21602,11,18,0,0,0,0,0,0,57,lru,0,0,0,0,0,0,64,39,64,19,0,0,4,0,57,0,36110336,0,19048,1652,36110336,36110336,0,36110336,57,5251773258708774174
layer,1,0,0,8,prefill,34,35,17,18,20663,2059,848,559,0,0,0,23545,12,17,0,0,0,0,0,0,56,lru,0,0,0,0,0,0,64,33,64,18,0,0,5,0,54,0,36716544,0,20668,1998,36716544,36716544,0,36716544,54,2748340532549493493
layer,1,0,0,8,prefill,35,27,9,18,19210,2040,346,483,0,0,0,21836,18,31,0,0,0,0,0,0,51,lru,0,0,0,0,0,0,64,26,64,18,0,0,5,0,54,0,34209792,0,19213,1665,34209792,34209792,0,34209792,54,6097108901947930233
layer,1,0,0,8,prefill,36,28,13,15,15808,1619,318,409,0,0,0,17953,15,16,0,0,0,0,0,0,49,lru,0,0,0,0,0,0,64,29,64,15,0,0,6,0,45,0,28508160,0,15814,1391,28508160,28508160,0,28508160,45,8849146870997195318
layer,1,0,0,8,prefill,37,28,12,16,16127,1678,350,497,0,0,0,18457,12,6,0,0,0,0,0,0,49,lru,0,0,0,0,0,0,64,30,64,16,0,0,5,0,48,0,30408704,0,16130,1541,30408704,30408704,0,30408704,48,17120656644065548201
layer,1,0,0,8,prefill,38,24,12,12,13563,1303,753,397,0,0,0,15514,12,6,0,0,0,0,0,0,42,lru,0,0,0,0,0,0,64,42,64,12,0,0,4,0,36,0,24477696,0,13566,1349,24477696,24477696,0,24477696,36,8842429318192745758
layer,1,0,0,8,prefill,39,20,15,5,5869,578,1020,104,0,0,0,6795,15,27,0,0,0,0,0,0,33,lru,0,0,0,0,0,0,64,52,64,5,0,0,5,0,15,0,10199040,0,5871,602,10199040,10199040,0,10199040,15,11308549130706112057
layer,1,0,0,16,prefill,0,49,24,25,27349,2794,1015,1484,3,0,3,32400,13,33,0,0,0,0,0,0,81,lru,0,0,0,0,0,0,64,30,64,5,20,0,8,0,75,0,47513600,0,27362,3019,47513600,47513600,0,47513600,75,9764428059992136496
layer,1,0,0,16,prefill,1,49,20,29,31955,3216,1252,895,10,0,10,37071,20,11,0,0,0,0,0,0,81,lru,0,0,0,0,0,0,64,32,64,14,15,0,6,0,87,0,55115776,4,31963,3582,55115776,55115776,0,55115776,87,2809192914108737460
layer,1,0,0,16,prefill,2,50,20,30,34839,3334,295,967,10,0,10,40183,18,27,0,0,0,0,0,0,81,lru,0,0,0,0,0,0,64,26,64,5,25,0,7,0,90,0,57016320,0,34856,3784,57016320,57016320,0,57016320,90,4019583143312990406
layer,1,0,0,16,prefill,3,37,17,20,21283,2160,864,1343,0,0,0,24260,13,22,0,0,0,0,0,0,79,lru,0,0,0,0,0,0,64,35,64,20,0,0,7,0,60,0,38010880,1,21293,1991,38010880,38010880,0,38010880,60,12425181411785409553
layer,1,0,0,16,prefill,4,37,18,19,20339,2135,781,625,0,0,0,23343,17,17,0,0,0,0,0,0,68,lru,0,0,0,0,0,0,64,41,64,19,0,0,4,0,57,0,36110336,0,20342,1965,36110336,36110336,0,36110336,57,3188894859686378907
layer,1,0,0,16,prefill,5,38,15,23,24477,2538,785,800,0,0,0,28145,15,27,0,0,0,0,0,0,78,lru,0,0,0,0,0,0,64,34,64,23,0,0,5,0,69,0,43712512,0,24486,2444,43712512,43712512,0,43712512,69,13085730969696195899
layer,1,0,0,16,prefill,6,28,15,13,13641,1414,245,354,0,0,0,15617,17,24,0,0,0,0,0,0,65,lru,0,0,0,0,0,0,64,40,64,13,0,0,4,0,39,0,24707072,0,13646,1274,24707072,24707072,0,24707072,39,11247457847441798038
layer,1,0,0,16,prefill,7,28,16,12,12682,1322,740,337,0,0,0,14483,13,14,0,0,0,0,0,0,67,lru,0,0,0,0,0,0,64,48,64,12,0,0,5,0,36,0,22806528,0,12686,1166,22806528,22806528,0,22806528,36,17833474685817428811
layer,1,0,0,16,prefill,8,25,12,13,13892,1402,878,1332,0,0,0,15809,16,20,0,0,0,0,0,0,52,lru,0,0,0,0,0,0,64,37,64,13,0,0,4,0,39,0,24707072,0,13897,1212,24707072,24707072,0,24707072,39,12473161348803737518
layer,1,0,0,16,prefill,9,28,15,13,14420,1435,798,407,0,0,0,16528,16,18,0,0,0,0,0,0,57,lru,0,0,0,0,0,0,64,43,64,13,0,0,3,0,39,0,24707072,1,14425,1299,24707072,24707072,0,24707072,39,10342483317814343546
layer,1,0,0,16,prefill,10,31,9,22,24238,2460,266,698,0,0,0,27642,15,20,0,0,0,0,0,0,80,lru,0,0,0,0,0,0,64,18,64,22,0,0,6,0,66,0,41811968,3,24246,2239,41811968,41811968,0,41811968,66,5663605094367668239
layer,1,0,0,16,prefill,11,33,17,16,17282,1689,837,497,0,0,0,19750,12,37,0,0,0,0,0,0,79,lru,0,0,0,0,0,0,64,35,64,16,0,0,4,0,48,0,30408704,0,17286,1633,30408704,30408704,0,30408704,48,17733764393849778524
layer,1,0,0,16,prefill,12,30,17,13,13214,1416,818,383,0,0,0,15139,17,34,0,0,0,0,0,0,67,lru,0,0,0,0,0,0,64,43,64,13,0,0,6,0,39,0,24707072,1,13219,1225,24707072,24707072,0,24707072,39,103031361063844374
layer,1,0,0,16,prefill,13,30,16,14,14603,1588,728,412,0,0,0,16778,16,25,0,0,0,0,0,0,63,lru,0,0,0,0,0,0,64,44,64,14,0,0,5,0,42,0,26607616,1,14610,1374,26607616,26607616,0,26607616,42,17719990088667668607
layer,1,0,0,16,prefill,14,26,17,9,9382,1020,242,879,0,0,0,10763,16,23,0,0,0,0,0,0,61,lru,0,0,0,0,0,0,64,47,64,9,0,0,4,0,27,0,17104896,0,9386,861,17104896,17104896,0,17104896,27,5194048258851154671
layer,1,0,0,16,prefill,15,31,15,16,16451,1749,934,629,0,0,0,18869,12,17,0,0,0,0,0,0,69,lru,0,0,0,0,0,0,64,38,64,16,0,0,7,0,48,0,30408704,3,16458,1544,30408704,30408704,0,30408704,48,18170721377247755989
layer,1,0,0,16,prefill,16,29,12,17,17840,1873,808,568,0,0,0,20341,19,12,0,0,0,0,0,0,67,lru,0,0,0,0,0,0,64,25,64,17,0,0,5,0,51,0,32309248,0,17849,1629,32309248,32309248,0,32309248,51,10229211416610432864
layer,1,0,0,16,prefill,17,33,11,22,23933,2486,874,675,0,0,0,27367,17,36,0,0,0,0,0,0,69,lru,0,0,0,0,0,0,64,19,64,22,0,0,6,0,66,0,41811968,2,23945,2207,41811968,41811968,0,41811968,66,17203408337625024409
layer,1,0,0,16,prefill,18,29,15,14,15412,1556,286,443,0,0,0,17617,19,16,0,0,0,0,0,0,71,lru,0,0,0,0,0,0,64,34,64,14,0,0,5,0,42,0,26607616,0,15421,1404,26607616,26607616,0,26607616,42,14550977080982958205
layer,1,0,0,16,prefill,19,33,13,20,21019,2784,832,1476,0,0,0,24707,13,29,0,0,0,0,0,0,71,lru,0,0,0,0,0,0,64,35,64,20,0,0,5,0,60,0,38010880,0,21023,2055,38010880,38010880,0,38010880,60,3092148786001870326
layer,1,0,0,16,prefill,20,24,12,12,13128,1387,781,398,0,0,0,15142,20,19,0,0,0,0,0,0,66,lru,0,0,0,0,0,0,64,38,64,12,0,0,7,0,36,0,22806528,2,13131,1302,22806528,22806528,0,22806528,36,12906487157378065723
layer,1,0,0,16,prefill,21,27,12,15,15830,1765,1135,523,0,0,0,18260,17,22,0,0,0,0,0,0,62,lru,0,0,0,0,0,0,64,34,64,15,0,0,6,0,45,0,28508160,0,15835,1561,28508160,28508160,0,28508160,45,9486980334643873046
layer,1,0,0,16,prefill,22,29,13,16,16973,1810,242,519,0,0,0,19382,18,31,0,0,0,0,0,0,75,lru,0,0,0,0,0,0,64,31,64,16,0,0,5,0,48,0,30408704,0,16980,1557,30408704,30408704,0,30408704,48,17596522503111261359
layer,1,0,0,16,prefill,23,35,18,17,17371,1840,843,461,9,0,9,19896,13,25,0,0,0,0,0,0,81,lru,0,0,0,0,0,0,64,35,64,15,2,0,5,0,51,0,32309248,0,17374,1626,32309248,32309248,0,32309248,51,4442257380969637555
layer,1,0,0,16,prefill,24,25,13,12,12463,1312,799,347,0,0,0,14237,18,99,0,0,0,0,0,0,66,lru,0,0,0,0,0,0,64,36,64,12,0,0,5,0,36,0,22806528,0,12466,1078,22806528,22806528,0,22806528,36,7905132572270119190
layer,1,0,0,16,prefill,25,22,11,11,11965,1887,787,1037,0,0,0,14415,16,31,0,0,0,0,0,0,62,lru,0,0,0,0,0,0,64,45,64,11,0,0,5,0,33,0,20905984,1,11968,1103,20905984,20905984,0,20905984,33,12555165384681370117
layer,1,0,0,16,prefill,26,26,10,16,16661,1869,253,524,0,0,0,19249,18,17,0,0,0,0,0,0,74,lru,0,0,0,0,0,0,64,33,64,16,0,0,6,0,48,0,30408704,0,16668,1651,30408704,30408704,0,30408704,48,7920636833452722424
layer,1,0,0,16,prefill,27,31,12,19,19802,2148,783,562,0,0,0,22740,12,17,0,0,0,0,0,0,74,lru,0,0,0,0,0,0,64,32,64,19,0,0,4,0,57,0,36110336,0,19809,1904,36110336,36110336,0,36110336,57,6099141612428370294
layer,1,0,0,16,prefill,28,28,9,19,19233,2055,706,619,0,0,0,21930,16,25,0,0,0,0,0,0,73,lru,0,0,0,0,0,0,64,27,64,19,0,0,4,0,57,0,36110336,1,19236,1733,36110336,36110336,0,36110336,57,5169654753000406794
layer,1,0,0,16,prefill,29,29,10,19,20593,2033,836,578,0,0,0,23315,26,24,0,0,0,0,0,0,76,lru,0,0,0,0,0,0,64,31,64,19,0,0,5,0,57,0,36110336,0,20602,1785,36110336,36110336,0,36110336,57,14625686914578514252
layer,1,0,0,16,prefill,30,25,9,16,16262,1813,239,1183,0,0,0,18786,17,18,0,0,0,0,0,0,75,lru,0,0,0,0,0,0,64,30,64,16,0,0,5,0,48,0,30408704,1,16267,1621,30408704,30408704,0,30408704,48,15067955384833784813
layer,1,0,0,16,prefill,31,26,11,15,15610,1565,764,415,0,0,0,17702,12,5,0,0,0,0,0,0,66,lru,0,0,0,0,0,0,64,36,64,15,0,0,4,0,45,0,28508160,0,15617,1388,28508160,28508160,0,28508160,45,12650120498170352818
layer,1,0,0,16,prefill,32,31,15,16,16930,1651,784,409,0,0,0,19340,14,7,0,0,0,0,0,0,72,lru,0,0,0,0,0,0,64,33,64,16,0,0,4,0,48,0,30408704,0,16938,1642,30408704,30408704,0,30408704,48,2854695396346661520
layer,1,0,0,16,prefill,33,32,18,14,14265,1531,697,411,0,0,0,16285,15,27,0,0,0,0,0,0,71,lru,0,0,0,0,0,0,64,38,64,14,0,0,3,0,42,0,26607616,0,14267,1304,26607616,26607616,0,26607616,42,3840809467070169501
layer,1,0,0,16,prefill,34,34,15,19,21761,2162,262,526,0,0,0,25080,15,18,0,0,0,0,0,0,75,lru,0,0,0,0,0,0,64,35,64,19,0,0,6,0,57,0,38756352,0,21770,2322,38756352,38756352,0,38756352,57,17283997303686832393
layer,1,0,0,16,prefill,35,21,13,8,8259,899,754,255,0,0,0,9445,13,16,0,0,0,0,0,0,59,lru,0,0,0,0,0,0,64,48,64,8,0,0,5,0,24,0,15204352,0,8260,747,15204352,15204352,0,15204352,24,18079364963644057392
layer,1,0,0,16,prefill,36,26,13,13,12675,1818,901,1207,0,0,0,14852,15,29,0,0,0,0,0,0,62,lru,0,0,0,0,0,0,64,42,64,13,0,0,3,0,39,0,24707072,0,12680,1129,24707072,24707072,0,24707072,39,3330851971448357904
layer,1,0,0,16,prefill,37,29,16,13,13092,1499,752,473,0,0,0,15094,18,23,0,0,0,0,0,0,62,lru,0,0,0,0,0,0,64,47,64,13,0,0,8,0,39,0,24707072,0,13100,1226,24707072,24707072,0,24707072,39,2265595132577711305
layer,1,0,0,16,prefill,38,24,13,11,13055,1328,252,321,0,0,0,14968,15,29,0,0,0,0,0,0,53,lru,0,0,0,0,0,0,64,43,64,11,0,0,3,0,33,0,22437888,0,13058,1265,22437888,22437888,0,22437888,33,1654924466682562635
layer,1,0,0,16,prefill,39,25,12,13,15561,1572,430,408,0,0,0,17764,13,6,0,0,0,0,0,0,46,lru,0,0,0,0,0,0,64,40,64,13,0,0,4,0,39,0,26517504,0,15569,1499,26517504,26517504,0,26517504,39,17497361415704341933
layer,1,0,0,24,prefill,0,45,33,12,12500,1262,353,345,5,0,5,14558,10,19,0,0,0,0,0,0,81,lru,0,0,0,0,0,0,64,51,64,0,12,0,5,3,33,1900544,20905984,0,12505,1424,22806528,22806528,0,20905984,33,765712025436299254
layer,1,0,0,24,prefill,1,42,23,19,18540,2066,318,512,8,0,8,21895,11,16,0,0,0,0,0,0,81,lru,0,0,0,0,0,0,64,41,64,0,19,0,6,6,51,3801088,32309248,0,18543,2408,36110336,36110336,0,32309248,51,17353699005255203331
layer,1,0,0,24,prefill,2,43,26,17,15340,1860,276,1602,8,0,8,18499,12,15,0,0,0,0,0,0,81,lru,0,0,0,0,0,0,64,40,64,0,17,0,6,9,42,5701632,26607616,0,15342,2307,32309248,32309248,0,26607616,42,13747272201484486553
layer,1,0,0,24,prefill,3,43,29,14,14480,1512,303,381,11,0,11,16561,12,10,0,0,0,0,0,0,81,lru,0,0,0,0,0,0,64,50,64,2,12,0,6,0,42,0,26607616,1,14490,1350,26607616,26607616,0,26607616,42,15303065207267330691
layer,1,0,0,24,prefill,4,34,28,6,6199,682,305,181,0,0,0,7131,11,18,0,0,0,0,0,0,74,lru,0,0,0,0,0,0,64,57,64,6,0,0,5,0,18,0,11403264,0,6200,566,11403264,11403264,0,11403264,18,12313387108575120968
layer,1,0,0,24,prefill,5,35,27,8,8384,880,311,211,8,0,8,9606,10,17,0,0,0,0,0,0,81,lru,0,0,0,0,0,0,64,54,64,3,5,0,4,0,24,0,15204352,0,8388,759,15204352,15204352,0,15204352,24,17033809303325472401
layer,1,0,0,24,prefill,6,29,23,6,6354,690,238,156,0,0,0,7271,10,8,0,0,0,0,0,0,71,lru,0,0,0,0,0,0,64,53,64,6,0,0,4,0,18,0,11403264,0,6357,556,11403264,11403264,0,11403264,18,3046168179418329298
layer,1,0,0,24,prefill,7,27,21,6,6241,684,265,153,0,0,0,7147,9,8,0,0,0,0,0,0,73,lru,0,0,0,0,0,0,64,56,64,6,0,0,3,0,18,0,11403264,0,6243,562,11403264,11403264,0,11403264,18,2113525577408053022
layer,1,0,0,24,prefill,8,30,22,8,8762,853,354,270,0,0,0,10046,10,7,0,0,0,0,0,0,60,lru,0,0,0,0,0,0,64,56,64,8,0,0,6,0,24,0,15204352,0,8764,794,15204352,15204352,0,15204352,24,14544064699093504816
layer,1,0,0,24,prefill,9,31,22,9,9842,991,281,290,0,0,0,11226,11,13,0,0,0,0,0,0,66,lru,0,0,0,0,0,0,64,52,64,9,0,0,4,0,27,0,17104896,0,9844,872,17104896,17104896,0,17104896,27,2244448504469299970
layer,1,0,0,24,prefill,10,30,23,7,7632,783,241,229,9,0,9,8696,11,11,0,0,0,0,0,0,81,lru,0,0,0,0,0,0,64,52,64,1,6,0,5,0,21,0,13303808,0,7637,655,13303808,13303808,0,13303808,21,16470375764607088105
layer,1,0,0,24,prefill,11,35,26,9,9578,976,299,245,10,0,10,10900,11,15,0,0,0,0,0,0,81,lru,0,0,0,0,0,0,64,53,64,2,7,0,5,0,27,0,17104896,0,9582,824,17104896,17104896,0,17104896,27,12599394216146433643
layer,1,0,0,24,prefill,12,26,22,4,4299,479,264,90,0,0,0,4911,10,16,0,0,0,0,0,0,71,lru,0,0,0,0,0,0,64,56,64,4,0,0,4,0,12,0,7602176,0,4300,362,7602176,7602176,0,7602176,12,2173856891380757548
layer,1,0,0,24,prefill,13,28,22,6,6379,1199,282,1165,0,0,0,7852,10,23,0,0,0,0,0,0,69,lru,0,0,0,0,0,0,64,56,64,6,0,0,3,0,18,0,11403264,0,6381,554,11403264,11403264,0,11403264,18,5068818800052113402
layer,1,0,0,24,prefill,14,25,20,5,5302,585,229,109,0,0,0,6087,11,15,0,0,0,0,0,0,66,lru,0,0,0,0,0,0,64,57,64,5,0,0,4,0,15,0,9502720,0,5307,491,9502720,9502720,0,9502720,15,15294541548480622244
layer,1,0,0,24,prefill,15,30,21,9,9554,1044,277,247,0,0,0,10925,10,18,0,0,0,0,0,0,78,lru,0,0,0,0,0,0,64,51,64,9,0,0,4,0,27,0,17104896,0,9557,882,17104896,17104896,0,17104896,27,12379800877292573315
layer,1,0,0,24,prefill,16,25,21,4,4241,496,268,118,0,0,0,4917,11,19,0,0,0,0,0,0,71,lru,0,0,0,0,0,0,64,55,64,4,0,0,3,0,12,0,7602176,0,4241,401,7602176,7602176,0,7602176,12,7156744106428837222
layer,1,0,0,24,prefill,17,29,22,7,7258,842,276,227,0,0,0,8356,10,24,0,0,0,0,0,0,76,lru,0,0,0,0,0,0,64,56,64,7,0,0,3,0,21,0,13303808,0,7259,678,13303808,13303808,0,13303808,21,18081601528983581651
layer,1,0,0,24,prefill,18,30,22,8,8660,943,245,243,0,0,0,10004,11,7,0,0,0,0,0,0,79,lru,0,0,0,0,0,0,64,55,64,8,0,0,4,0,24,0,15204352,0,8666,846,15204352,15204352,0,15204352,24,16487866962635371224
layer,1,0,0,24,prefill,19,24,20,4,4220,500,265,134,0,0,0,4892,10,13,0,0,0,0,0,0,75,lru,0,0,0,0,0,0,64,60,64,4,0,0,3,0,12,0,7602176,0,4223,396,7602176,7602176,0,7602176,12,4209374607602021695
layer,1,0,0,24,prefill,20,24,20,4,4092,482,269,120,0,0,0,4737,11,28,0,0,0,0,0,0,70,lru,0,0,0,0,0,0,64,60,64,4,0,0,3,0,12,0,7602176,0,4094,365,7602176,7602176,0,7602176,12,8793475974097225591
layer,1,0,0,24,prefill,21,24,20,4,4181,483,262,113,0,0,0,4823,11,15,0,0,0,0,0,0,66,lru,0,0,0,0,0,0,64,60,64,4,0,0,3,0,12,0,7602176,0,4182,376,7602176,7602176,0,7602176,12,5373203720581233291
layer,1,0,0,24,prefill,22,31,22,9,9090,984,260,225,8,0,8,10404,11,12,0,0,0,0,0,0,81,lru,0,0,0,0,0,0,64,50,64,6,3,0,4,0,27,0,17104896,1,9094,827,17104896,17104896,0,17104896,27,5339359701286244086
layer,1,0,0,24,prefill,23,33,23,10,10121,1125,278,332,6,0,6,11611,10,19,0,0,0,0,0,0,81,lru,0,0,0,0,0,0,64,51,64,0,10,0,4,0,30,0,19005440,0,10122,945,19005440,19005440,0,19005440,30,12864219441707652481
layer,1,0,0,24,prefill,24,24,21,3,2918,362,258,62,0,0,0,3374,10,12,0,0,0,0,0,0,69,lru,0,0,0,0,0,0,64,59,64,3,0,0,4,0,9,0,5701632,0,2918,258,5701632,5701632,0,5701632,9,9128176281824969338
layer,1,0,0,24,prefill,25,23,18,5,5110,587,264,148,0,0,0,5832,9,12,0,0,0,0,0,0,67,lru,0,0,0,0,0,0,64,57,64,5,0,0,3,0,15,0,9502720,0,5113,444,9502720,9502720,0,9502720,15,4869250161338889370
layer,1,0,0,24,prefill,26,21,14,7,6837,811,227,221,0,0,0,7933,10,15,0,0,0,0,0,0,81,lru,0,0,0,0,0,0,64,56,64,7,0,0,3,0,21,0,13303808,0,6837,630,13303808,13303808,0,13303808,21,7562070223249332527
layer,1,0,0,24,prefill,27,37,30,7,7659,792,289,216,0,0,0,8691,10,15,0,0,0,0,0,0,81,lru,0,0,0,0,0,0,64,56,64,7,0,0,4,0,21,0,13303808,0,7661,651,13303808,13303808,0,13303808,21,2526034842334682848
layer,1,0,0,24,prefill,28,27,24,3,3152,321,305,106,0,0,0,4221,10,5,0,0,0,0,0,0,76,lru,0,0,0,0,0,0,64,58,64,3,0,0,4,0,9,0,5701632,0,3156,267,5701632,5701632,0,5701632,9,14832451111842192705
layer,1,0,0,24,prefill,29,27,22,5,5414,586,268,134,0,0,0,6154,10,15,0,0,0,0,0,0,81,lru,0,0,0,0,0,0,64,56,64,5,0,0,4,0,15,0,9502720,0,5414,460,9502720,9502720,0,9502720,15,6690329465610468214
layer,1,0,0,24,prefill,30,31,22,9,9047,1037,244,226,4,0,4,10477,24,7,0,0,0,0,0,0,81,lru,0,0,0,0,0,0,64,52,64,6,3,0,5,0,27,0,17104896,0,9049,923,17104896,17104896,0,17104896,27,11275927734793667677
layer,1,0,0,24,prefill,31,25,20,5,5586,587,263,164,0,0,0,6379,9,18,0,0,0,0,0,0,71,lru,0,0,0,0,0,0,64,59,64,5,0,0,3,0,15,0,9502720,0,5587,483,9502720,9502720,0,9502720,15,550003586476747430
layer,1,0,0,24,prefill,32,34,26,8,8698,879,306,199,0,0,0,9922,10,9,0,0,0,0,0,0,80,lru,0,0,0,0,0,0,64,56,64,8,0,0,4,0,24,0,15204352,0,8700,762,15204352,15204352,0,15204352,24,13392758410833494652
layer,1,0,0,24,prefill,33,31,26,5,5184,559,285,128,0,0,0,5926,9,17,0,0,0,0,0,0,76,lru,0,0,0,0,0,0,64,59,64,5,0,0,4,0,15,0,9502720,1,5188,454,9502720,9502720,0,9502720,15,10411710570288059266
layer,1,0,0,24,prefill,34,25,21,4,4522,493,242,88,0,0,0,5219,10,7,0,0,0,0,0,0,79,lru,0,0,0,0,0,0,64,60,64,4,0,0,3,0,12,0,8159232,0,4523,447,8159232,8159232,0,8159232,12,10077015212826007546
layer,1,0,0,24,prefill,35,18,15,3,3200,367,251,68,0,0,0,3716,10,14,0,0,0,0,0,0,62,lru,0,0,0,0,0,0,64,60,64,3,0,0,2,0,9,0,5701632,0,3200,286,5701632,5701632,0,5701632,9,7127504994995995786
layer,1,0,0,24,prefill,36,21,18,3,3040,373,257,78,0,0,0,3507,10,12,0,0,0,0,0,0,65,lru,0,0,0,0,0,0,64,60,64,3,0,0,3,0,9,0,5701632,0,3041,274,5701632,5701632,0,5701632,9,11908088902841945787
layer,1,0,0,24,prefill,37,19,17,2,1996,267,259,49,0,0,0,2354,10,12,0,0,0,0,0,0,64,lru,0,0,0,0,0,0,64,60,64,2,0,0,2,0,6,0,3801088,0,1997,192,3801088,3801088,0,3801088,6,5681219189866487361
layer,1,0,0,24,prefill,38,23,20,3,3437,410,236,120,0,0,0,4034,10,16,0,0,0,0,0,0,56,lru,0,0,0,0,0,0,64,61,64,3,0,0,6,0,9,0,6119424,0,3439,367,6119424,6119424,0,6119424,9,1775499677653726097
layer,1,0,0,24,prefill,39,15,13,2,2416,285,400,72,0,0,0,2833,10,14,0,0,0,0,0,0,48,lru,0,0,0,0,0,0,64,62,64,2,0,0,2,0,6,0,4079616,0,2416,246,4079616,4079616,0,4079616,6,6649792656183310297
layer,1,0,0,32,prefill,0,44,30,14,11223,1656,330,464,6,0,6,14099,9,5,0,0,0,0,0,0,81,lru,0,0,0,0,0,0,64,50,64,0,14,0,7,12,30,7602176,19005440,0,11226,2122,26607616,26607616,0,19005440,30,5352243634209493102
layer,1,0,0,32,prefill,1,43,29,14,9003,1675,474,982,7,0,7,11984,10,43,0,0,0,0,0,0,81,lru,0,0,0,0,0,0,64,50,64,0,14,0,5,18,24,11403264,15204352,0,9007,2200,26607616,26607616,0,15204352,24,4162468070229883167
layer,1,0,0,32,prefill,2,45,28,17,11931,1996,1503,1334,46,1,45,15478,35,39,0,0,0,0,0,0,81,lru,0,0,0,0,0,0,64,43,64,0,17,0,20,18,33,11403264,20905984,0,11935,2604,32309248,32309248,0,20905984,33,10911647842871436092
layer,1,0,0,32,prefill,3,38,25,13,13293,1568,327,960,34,0,34,15604,26,21,0,0,0,0,0,0,81,lru,0,0,0,0,0,0,64,51,64,0,13,0,19,3,36,1900544,22806528,0,13300,1523,24707072,24707072,0,22806528,36,12256431011283751416
layer,1,0,0,32,prefill,4,35,25,10,10940,1196,348,603,13,0,13,12548,13,10,0,0,0,0,0,0,81,lru,0,0,0,0,0,0,64,51,64,7,3,0,12,0,30,0,19005440,0,10943,1014,19005440,19005440,0,19005440,30,2425703612295068509
layer,1,0,0,32,prefill,5,42,35,7,6816,876,357,476,19,0,19,8093,12,14,0,0,0,0,0,0,81,lru,0,0,0,0,0,0,64,55,64,0,7,0,20,3,18,1900544,11403264,0,6817,804,13303808,13303808,0,11403264,18,565483115263260879
layer,1,0,0,32,prefill,6,39,25,14,16270,1682,274,1834,17,0,17,18543,12,17,0,0,0,0,0,0,81,lru,0,0,0,0,0,0,64,46,64,10,4,0,9,0,42,0,26607616,0,16273,1540,26607616,26607616,0,26607616,42,6188789598944958864
layer,1,0,0,32,prefill,7,35,26,9,9835,1002,325,564,8,0,8,11229,12,15,0,0,0,0,0,0,81,lru,0,0,0,0,0,0,64,51,64,8,1,0,10,0,27,0,17104896,0,9839,926,17104896,17104896,0,17104896,27,5519839644603740272
layer,1,0,0,32,prefill,8,34,24,10,10608,1149,282,616,0,0,0,12115,10,17,0,0,0,0,0,0,70,lru,0,0,0,0,0,0,64,51,64,10,0,0,13,0,30,0,19005440,0,10612,985,19005440,19005440,0,19005440,30,20551502332154311
layer,1,0,0,32,prefill,9,29,20,9,9563,980,275,573,0,0,0,10847,9,10,0,0,0,0,0,0,75,lru,0,0,0,0,0,0,64,52,64,9,0,0,7,0,27,0,17104896,0,9568,862,17104896,17104896,0,17104896,27,14223436094718072639
layer,1,0,0,32,prefill,10,42,35,7,6455,796,321,439,11,0,11,7602,9,13,0,0,0,0,0,0,81,lru,0,0,0,0,0,0,64,54,64,0,7,0,11,3,18,1900544,11403264,0,6459,736,13303808,13303808,0,11403264,18,10614932199285528542
layer,1,0,0,32,prefill,11,43,33,10,9348,1109,349,1204,11,0,11,11095,9,20,0,0,0,0,0,0,81,lru,0,0,0,0,0,0,64,52,64,0,10,0,9,3,27,1900544,17104896,0,9356,1035,19005440,19005440,0,17104896,27,2091533422903481593
layer,1,0,0,32,prefill,12,36,24,12,12354,1278,289,499,10,0,10,13978,11,5,0,0,0,0,0,0,81,lru,0,0,0,0,0,0,64,48,64,10,2,0,8,0,36,0,22806528,0,12357,1102,22806528,22806528,0,22806528,36,5108926369951014183
layer,1,0,0,32,prefill,13,39,26,13,13362,1401,299,281,7,0,7,15084,11,3,0,0,0,0,0,0,81,lru,0,0,0,0,0,0,64,42,64,12,1,0,9,0,39,0,24707072,0,13367,1177,24707072,24707072,0,24707072,39,15634351543380030122
layer,1,0,0,32,prefill,14,40,25,15,15686,1608,266,306,0,0,0,17737,8,21,0,0,0,0,0,0,81,lru,0,0,0,0,0,0,64,45,64,15,0,0,6,0,45,0,28508160,0,15689,1425,28508160,28508160,0,28508160,45,16585472910360643521
layer,1,0,0,32,prefill,15,33,29,4,4162,476,273,85,7,0,7,4748,8,4,0,0,0,0,0,0,81,lru,0,0,0,0,0,0,64,58,64,3,1,0,5,0,12,0,7602176,0,4163,364,7602176,7602176,0,7602176,12,1127110455206493982
layer,1,0,0,32,prefill,16,35,27,8,8475,865,293,139,0,0,0,9630,8,19,0,0,0,0,0,0,79,lru,0,0,0,0,0,0,64,53,64,8,0,0,6,0,24,0,15204352,0,8476,762,15204352,15204352,0,15204352,24,17063558204588667410
layer,1,0,0,32,prefill,17,34,24,10,10546,1093,282,220,7,0,7,11958,7,15,0,0,0,0,0,0,81,lru,0,0,0,0,0,0,64,50,64,5,5,0,10,0,30,0,19005440,0,10549,953,19005440,19005440,0,19005440,30,9865873190889755904
layer,1,0,0,32,prefill,18,37,26,11,11657,1162,259,227,9,0,9,13217,8,3,0,0,0,0,0,0,81,lru,0,0,0,0,0,0,64,46,64,2,9,0,6,0,33,0,20905984,0,11660,1072,20905984,20905984,0,20905984,33,17687508607659385456
layer,1,0,0,32,prefill,19,34,26,8,8022,886,278,184,7,0,7,9136,7,3,0,0,0,0,0,0,81,lru,0,0,0,0,0,0,64,53,64,6,2,0,4,0,24,0,15204352,0,8024,734,15204352,15204352,0,15204352,24,9053239286991127885
layer,1,0,0,32,prefill,20,32,27,5,5068,559,692,115,0,0,0,5805,8,3,0,0,0,0,0,0,75,lru,0,0,0,0,0,0,64,57,64,5,0,0,4,0,15,0,9502720,0,5069,475,9502720,9502720,0,9502720,15,2121835569385549356
layer,1,0,0,32,prefill,21,28,21,7,7182,762,267,133,0,0,0,8197,10,3,0,0,0,0,0,0,73,lru,0,0,0,0,0,0,64,56,64,7,0,0,9,0,21,0,13303808,0,7184,670,13303808,13303808,0,13303808,21,38127540119263099
layer,1,0,0,32,prefill,22,43,29,14,13651,1522,273,278,9,0,9,15727,11,3,0,0,0,0,0,0,81,lru,0,0,0,0,0,0,64,50,64,0,14,0,5,3,39,1900544,24707072,0,13656,1488,26607616,26607616,0,24707072,39,17318346209943416316
layer,1,0,0,32,prefill,23,39,30,9,8992,988,296,187,8,0,8,10221,7,9,0,0,0,0,0,0,81,lru,0,0,0,0,0,0,64,50,64,0,9,0,8,0,27,0,17104896,0,8993,813,17104896,17104896,0,17104896,27,6150902250807708444
layer,1,0,0,32,prefill,24,39,27,12,12194,1262,307,240,0,0,0,13817,7,8,0,0,0,0,0,0,81,lru,0,0,0,0,0,0,64,48,64,12,0,0,4,0,36,0,22806528,0,12198,1100,22806528,22806528,0,22806528,36,3010439524221981304
layer,1,0,0,32,prefill,25,35,21,14,14272,1490,285,267,0,0,0,16122,7,15,0,0,0,0,0,0,81,lru,0,0,0,0,0,0,64,41,64,14,0,0,5,0,42,0,26607616,0,14279,1260,26607616,26607616,0,26607616,42,12116909831124478446
layer,1,0,0,32,prefill,26,37,23,14,14326,1497,260,293,9,0,9,16228,7,3,0,0,0,0,0,0,81,lru,0,0,0,0,0,0,64,45,64,0,14,0,5,0,42,0,26607616,0,14328,1322,26607616,26607616,0,26607616,42,2348448576928590267
layer,1,0,0,32,prefill,27,38,27,11,11855,1182,287,202,8,0,8,13371,8,4,0,0,0,0,0,0,81,lru,0,0,0,0,0,0,64,48,64,0,11,0,5,0,33,0,20905984,0,11859,1022,20905984,20905984,0,20905984,33,4346672373283162941
layer,1,0,0,32,prefill,28,34,23,11,11710,1209,292,1242,7,0,7,13523,8,13,0,0,0,0,0,0,81,lru,0,0,0,0,0,0,64,49,64,5,6,0,4,0,33,0,20905984,0,11714,1019,20905984,20905984,0,20905984,33,2976591333231542057
layer,1,0,0,32,prefill,29,44,29,15,15998,1582,318,302,6,0,6,18190,9,25,0,0,0,0,0,0,81,lru,0,0,0,0,0,0,64,45,64,0,15,0,8,0,45,0,28508160,0,16001,1516,28508160,28508160,0,28508160,45,2862038121222427090
layer,1,0,0,32,prefill,30,37,23,14,13240,1496,258,299,5,0,5,15213,8,2,0,0,0,0,0,0,81,lru,0,0,0,0,0,0,64,40,64,0,14,0,5,0,42,0,26607616,0,13243,1375,26607616,26607616,0,26607616,42,10206162875561043297
layer,1,0,0,32,prefill,31,36,28,8,8045,855,300,179,0,0,0,9158,7,9,0,0,0,0,0,0,79,lru,0,0,0,0,0,0,64,54,64,8,0,0,4,0,24,0,15204352,0,8049,732,15204352,15204352,0,15204352,24,472114457409924747
layer,1,0,0,32,prefill,32,35,27,8,8356,880,283,138,3,0,3,9472,7,3,0,0,0,0,0,0,81,lru,0,0,0,0,0,0,64,56,64,1,7,0,4,0,24,0,15204352,0,8361,764,15204352,15204352,0,15204352,24,1326498336610716142
layer,1,0,0,32,prefill,33,38,32,6,6169,673,292,103,3,0,3,7002,7,5,0,0,0,0,0,0,81,lru,0,0,0,0,0,0,64,58,64,5,1,0,6,0,18,0,11403264,0,6174,553,11403264,11403264,0,11403264,18,11588981158090202000
layer,1,0,0,32,prefill,34,37,29,8,9111,929,266,123,3,0,3,10367,7,2,0,0,0,0,0,0,81,lru,0,0,0,0,0,0,64,55,64,2,6,0,4,0,24,0,16318464,0,9115,916,16318464,16318464,0,16318464,24,10799385037065395534
layer,1,0,0,32,prefill,35,29,23,6,6066,681,267,88,0,0,0,6893,7,5,0,0,0,0,0,0,68,lru,0,0,0,0,0,0,64,56,64,6,0,0,5,0,18,0,11403264,0,6067,539,11403264,11403264,0,11403264,18,12188913321514872423
layer,1,0,0,32,prefill,36,34,28,6,5722,677,283,125,0,0,0,6517,7,3,0,0,0,0,0,0,71,lru,0,0,0,0,0,0,64,58,64,6,0,0,4,0,18,0,11403264,0,5726,501,11403264,11403264,0,11403264,18,6638962955528714760
layer,1,0,0,32,prefill,37,22,21,1,910,161,256,17,0,0,0,1108,8,2,0,0,0,0,0,0,65,lru,0,0,0,0,0,0,64,63,64,1,0,0,5,0,3,0,1900544,0,910,84,1900544,1900544,0,1900544,3,17801028292175999715
layer,1,0,0,32,prefill,38,23,22,1,1090,122,238,13,0,0,0,1268,8,4,0,0,0,0,0,0,57,lru,0,0,0,0,0,0,64,63,64,1,0,0,3,0,3,0,2039808,0,1090,102,2039808,2039808,0,2039808,3,9911748684619246127
layer,1,0,0,32,prefill,39,18,17,1,1186,174,406,27,0,0,0,1396,7,3,0,0,0,0,0,0,49,lru,0,0,0,0,0,0,64,63,64,1,0,0,2,0,3,0,2039808,0,1186,121,2039808,2039808,0,2039808,3,3257664175834650569
layer,1,0,0,40,prefill,0,54,38,16,11253,1889,358,502,4,0,4,14513,8,27,0,0,0,0,0,0,81,lru,0,0,0,0,0,0,64,47,64,0,16,0,7,18,30,11403264,19005440,0,11256,2539,30408704,30408704,0,19005440,30,6155697645389698817
layer,1,0,0,40,prefill,1,46,31,15,9375,1839,315,1544,8,0,8,13204,7,18,0,0,0,0,0,0,81,lru,0,0,0,0,0,0,64,49,64,0,15,0,6,21,24,13303808,15204352,0,9376,2452,28508160,28508160,0,15204352,24,1422590680957286993
layer,1,0,0,40,prefill,2,51,31,20,14229,2394,309,602,11,0,11,18678,9,23,0,0,0,0,0,0,81,lru,0,0,0,0,0,0,64,38,64,0,20,0,6,24,36,15204352,22806528,0,14233,3551,38010880,38010880,0,22806528,36,11561843442989552727
layer,1,0,0,40,prefill,3,34,27,7,6554,823,279,192,9,0,9,7730,8,3,0,0,0,0,0,0,81,lru,0,0,0,0,0,0,64,57,64,0,7,0,5,3,18,1900544,11403264,0,6554,836,13303808,13303808,0,11403264,18,7405349243024902833
layer,1,0,0,40,prefill,4,32,27,5,5617,587,293,142,8,0,8,6420,9,9,0,0,0,0,0,0,81,lru,0,0,0,0,0,0,64,56,64,0,5,0,4,0,15,0,9502720,0,5619,500,9502720,9502720,0,9502720,15,1945220717770301132
layer,1,0,0,40,prefill,5,40,34,6,6669,726,296,123,7,0,7,7633,7,15,0,0,0,0,0,0,81,lru,0,0,0,0,0,0,64,57,64,0,6,0,5,0,18,0,11403264,0,6670,632,11403264,11403264,0,11403264,18,4179615296984203595
layer,1,0,0,40,prefill,6,31,25,6,6748,706,259,131,9,0,9,7714,8,8,0,0,0,0,0,0,81,lru,0,0,0,0,0,0,64,54,64,0,6,0,5,0,18,0,11403264,0,6749,605,11403264,11403264,0,11403264,18,2338288534384227079
layer,1,0,0,40,prefill,7,31,28,3,3254,346,300,90,8,0,8,3757,7,12,0,0,0,0,0,0,81,lru,0,0,0,0,0,0,64,61,64,0,3,0,3,0,9,0,5701632,0,3256,292,5701632,5701632,0,5701632,9,14429730245609434541
layer,1,0,0,40,prefill,8,27,24,3,3146,380,270,80,0,0,0,3598,7,3,0,0,0,0,0,0,73,lru,0,0,0,0,0,0,64,61,64,3,0,0,3,0,9,0,5701632,0,3147,287,5701632,5701632,0,5701632,9,10890059615551164692
layer,1,0,0,40,prefill,9,27,21,6,6547,708,267,138,0,0,0,7472,8,5,0,0,0,0,0,0,81,lru,0,0,0,0,0,0,64,57,64,6,0,0,5,0,18,0,11403264,0,6548,624,11403264,11403264,0,11403264,18,5338599498249334890
layer,1,0,0,40,prefill,10,30,26,4,4395,490,238,135,7,0,7,5051,8,15,0,0,0,0,0,0,81,lru,0,0,0,0,0,0,64,55,64,0,4,0,3,0,12,0,7602176,0,4396,387,7602176,7602176,0,7602176,12,7091115176311040549
layer,1,0,0,40,prefill,11,31,29,2,2107,273,275,52,9,0,9,2446,8,3,0,0,0,0,0,0,81,lru,0,0,0,0,0,0,64,62,64,0,2,0,3,0,6,0,3801088,0,2107,187,3801088,3801088,0,3801088,6,11930783817822493158
layer,1,0,0,40,prefill,12,34,29,5,5081,565,282,81,7,0,7,5794,7,4,0,0,0,0,0,0,81,lru,0,0,0,0,0,0,64,58,64,0,5,0,5,0,15,0,9502720,0,5082,471,9502720,9502720,0,9502720,15,13947983018279383360
layer,1,0,0,40,prefill,13,34,30,4,4211,482,283,135,8,0,8,4868,7,5,0,0,0,0,0,0,81,lru,0,0,0,0,0,0,64,56,64,0,4,0,4,0,12,0,7602176,0,4212,389,7602176,7602176,0,7602176,12,12055542820904332970
layer,1,0,0,40,prefill,14,26,21,5,5327,613,229,105,10,0,10,6120,8,3,0,0,0,0,0,0,81,lru,0,0,0,0,0,0,64,54,64,0,5,0,3,0,15,0,9502720,0,5328,511,9502720,9502720,0,9502720,15,13185208539971015795
layer,1,0,0,40,prefill,15,24,22,2,2150,282,256,46,9,0,9,2485,7,2,0,0,0,0,0,0,81,lru,0,0,0,0,0,0,64,61,64,0,2,0,5,0,6,0,3801088,0,2151,199,3801088,3801088,0,3801088,6,4513090802071973425
layer,1,0,0,40,prefill,16,29,24,5,5333,692,302,1217,10,0,10,6264,7,23,0,0,0,0,0,0,81,lru,0,0,0,0,0,0,64,54,64,2,3,0,3,0,15,0,9502720,0,5333,492,9502720,9502720,0,9502720,15,16739888472122398429
layer,1,0,0,40,prefill,17,35,27,8,7631,957,286,245,8,0,8,8973,9,8,0,0,0,0,0,0,81,lru,0,0,0,0,0,0,64,52,64,0,8,0,6,3,21,1900544,13303808,0,7631,928,15204352,15204352,0,13303808,21,13517667967115165520
layer,1,0,0,40,prefill,18,26,16,10,8688,1202,233,267,8,0,8,10430,8,3,0,0,0,0,0,0,81,lru,0,0,0,0,0,0,64,47,64,0,10,0,4,6,24,3801088,15204352,0,8690,1302,19005440,19005440,0,15204352,24,11288405306565120482
layer,1,0,0,40,prefill,19,29,25,4,4104,501,270,93,8,0,8,4734,7,15,0,0,0,0,0,0,81,lru,0,0,0,0,0,0,64,58,64,0,4,0,6,0,12,0,7602176,0,4105,376,7602176,7602176,0,7602176,12,11627119533819015082
layer,1,0,0,40,prefill,20,26,18,8,8505,942,261,166,7,0,7,9674,8,4,0,0,0,0,0,0,81,lru,0,0,0,0,0,0,64,53,64,6,2,0,3,0,24,0,15204352,0,8507,782,15204352,15204352,0,15204352,24,14587296899806392560
layer,1,0,0,40,prefill,21,25,18,7,7375,828,261,130,0,0,0,8389,8,4,0,0,0,0,0,0,80,lru,0,0,0,0,0,0,64,56,64,7,0,0,3,0,21,0,13303808,0,7378,657,13303808,13303808,0,13303808,21,8587057005327272111
layer,1,0,0,40,prefill,22,22,21,1,1092,172,228,14,7,0,7,1289,8,3,0,0,0,0,0,0,81,lru,0,0,0,0,0,0,64,62,64,0,1,0,5,0,3,0,1900544,0,1092,89,1900544,1900544,0,1900544,3,16189251629050050800
layer,1,0,0,40,prefill,23,32,29,3,2264,387,290,83,8,0,8,2900,7,8,0,0,0,0,0,0,81,lru,0,0,0,0,0,0,64,60,64,0,3,0,3,3,6,1900544,3801088,0,2264,427,5701632,5701632,0,3801088,6,11073372437228815524
layer,1,0,0,40,prefill,24,29,24,5,5601,609,266,128,9,0,9,6383,7,14,0,0,0,0,0,0,81,lru,0,0,0,0,0,0,64,57,64,0,5,0,3,0,15,0,9502720,0,5602,486,9502720,9502720,0,9502720,15,9797754188101876082
layer,1,0,0,40,prefill,25,27,23,4,4516,510,270,86,9,0,9,5164,7,4,0,0,0,0,0,0,81,lru,0,0,0,0,0,0,64,57,64,0,4,0,5,0,12,0,7602176,0,4516,388,7602176,7602176,0,7602176,12,4159587270184877341
layer,1,0,0,40,prefill,26,26,22,4,4214,475,230,95,10,0,10,4812,7,3,0,0,0,0,0,0,81,lru,0,0,0,0,0,0,64,55,64,0,4,0,3,0,12,0,7602176,0,4215,383,7602176,7602176,0,7602176,12,1658289874767246921
layer,1,0,0,40,prefill,27,28,22,6,6725,686,266,173,9,0,9,7668,7,3,0,0,0,0,0,0,81,lru,0,0,0,0,0,0,64,51,64,0,6,0,3,0,18,0,11403264,0,6725,617,11403264,11403264,0,11403264,18,651860103267222235
layer,1,0,0,40,prefill,28,29,22,7,6479,813,269,172,7,0,7,7583,7,2,0,0,0,0,0,0,81,lru,0,0,0,0,0,0,64,52,64,0,7,0,4,3,18,1900544,11403264,0,6480,782,13303808,13303808,0,11403264,18,11187171230062639009
layer,1,0,0,40,prefill,29,32,29,3,3335,393,278,66,6,0,6,3812,8,3,0,0,0,0,0,0,81,lru,0,0,0,0,0,0,64,60,64,0,3,0,8,0,9,0,5701632,0,3336,282,5701632,5701632,0,5701632,9,10519478993624003216
layer,1,0,0,40,prefill,30,35,25,10,9368,1147,252,264,9,0,9,11489,7,4,0,0,0,0,0,0,81,lru,0,0,0,0,0,0,64,53,64,0,10,0,4,3,27,1900544,17104896,0,9372,1644,19005440,19005440,0,17104896,27,4205496075066919841
layer,1,0,0,40,prefill,31,26,23,3,3083,363,259,49,4,0,4,3531,7,5,0,0,0,0,0,0,81,lru,0,0,0,0,0,0,64,58,64,2,1,0,3,0,9,0,5701632,0,3085,276,5701632,5701632,0,5701632,9,9015596851491272892
layer,1,0,0,40,prefill,32,32,28,4,4388,738,287,1007,5,0,5,5327,7,16,0,0,0,0,0,0,81,lru,0,0,0,0,0,0,64,60,64,0,4,0,3,0,12,0,7602176,0,4389,411,7602176,7602176,0,7602176,12,7061265746794452812
layer,1,0,0,40,prefill,33,38,33,5,5375,625,292,109,6,0,6,6201,9,8,0,0,0,0,0,0,81,lru,0,0,0,0,0,0,64,58,64,0,5,0,7,0,15,0,9502720,0,5375,471,9502720,9502720,0,9502720,15,8659070465328090745
layer,1,0,0,40,prefill,34,30,28,2,2337,275,248,32,4,0,4,2720,8,2,0,0,0,0,0,0,81,lru,0,0,0,0,0,0,64,62,64,0,2,0,4,0,6,0,4079616,0,2337,224,4079616,4079616,0,4079616,6,13426049037268620270
layer,1,0,0,40,prefill,35,30,23,7,7438,814,276,152,0,0,0,8481,14,18,0,0,0,0,0,0,75,lru,0,0,0,0,0,0,64,56,64,7,0,0,3,0,21,0,13303808,0,7439,677,13303808,13303808,0,13303808,21,17891513037480021773
layer,1,0,0,40,prefill,36,30,24,6,6177,706,272,154,0,0,0,7048,8,11,0,0,0,0,0,0,77,lru,0,0,0,0,0,0,64,56,64,6,0,0,3,0,18,0,11403264,0,6178,569,11403264,11403264,0,11403264,18,8916491821758760885
layer,1,0,0,40,prefill,37,22,20,2,2088,265,299,80,0,0,0,2477,7,17,0,0,0,0,0,0,67,lru,0,0,0,0,0,0,64,62,64,2,0,0,4,0,6,0,3801088,0,2088,203,3801088,3801088,0,3801088,6,2203742015942935897
layer,1,0,0,40,prefill,38,25,18,7,8046,816,238,142,0,0,0,9183,10,6,0,0,0,0,0,0,64,lru,0,0,0,0,0,0,64,55,64,7,0,0,3,0,21,0,14278656,0,8048,791,14278656,14278656,0,14278656,21,2770319414848276486
layer,1,0,0,40,prefill,39,23,17,6,6897,753,394,181,0,0,0,7931,9,10,0,0,0,0,0,0,55,lru,0,0,0,0,0,0,64,57,64,6,0,0,6,0,18,0,12238848,0,6902,695,12238848,12238848,0,12238848,18,13069839770816571938
layer,1,0,0,48,prefill,0,48,30,18,8905,2200,330,451,5,0,5,13307,7,24,0,0,0,0,0,0,81,lru,0,0,0,0,0,0,64,42,64,0,18,0,5,30,24,19005440,15204352,0,8908,3596,34209792,34209792,0,15204352,24,12036287305111824427
layer,1,0,0,48,prefill,1,46,27,19,7789,2242,316,479,8,0,8,12146,8,3,0,0,0,0,0,0,81,lru,0,0,0,0,0,0,64,42,64,0,19,0,5,36,21,22806528,13303808,0,7792,3607,36110336,36110336,0,13303808,21,353895327788531017
layer,1,0,0,48,prefill,2,51,25,26,17428,2959,295,626,8,0,8,22670,7,4,0,0,0,0,0,0,81,lru,0,0,0,0,0,0,64,35,64,0,26,0,5,30,48,19005440,30408704,0,17431,4228,49414144,49414144,0,30408704,48,8717155803199113765
layer,1,0,0,48,prefill,3,35,29,6,4346,659,295,122,9,0,9,5489,8,3,0,0,0,0,0,0,81,lru,0,0,0,0,0,0,64,57,64,0,6,0,5,6,12,3801088,7602176,0,4348,865,11403264,11403264,0,7602176,12,4613891468504995353
layer,1,0,0,48,prefill,4,32,26,6,6641,1066,278,1156,6,0,6,7966,7,15,0,0,0,0,0,0,81,lru,0,0,0,0,0,0,64,57,64,0,6,0,4,0,18,0,11403264,0,6643,611,11403264,11403264,0,11403264,18,7682858104487228597
layer,1,0,0,48,prefill,5,35,28,7,5679,890,291,282,9,0,9,7038,10,16,0,0,0,0,0,0,81,lru,0,0,0,0,0,0,64,53,64,0,7,0,6,6,15,3801088,9502720,0,5683,912,13303808,13303808,0,9502720,15,16913900154952291718
layer,1,0,0,48,prefill,6,26,24,2,2268,279,232,39,11,0,11,2622,8,3,0,0,0,0,0,0,81,lru,0,0,0,0,0,0,64,62,64,0,2,0,4,0,6,0,3801088,0,2268,215,3801088,3801088,0,3801088,6,17519426019592038249
layer,1,0,0,48,prefill,7,28,22,6,6389,741,268,115,9,0,9,7309,8,5,0,0,0,0,0,0,81,lru,0,0,0,0,0,0,64,54,64,0,6,0,3,0,18,0,11403264,0,6391,593,11403264,11403264,0,11403264,18,2338209771398934420
layer,1,0,0,48,prefill,8,22,19,3,3275,381,260,87,0,0,0,3756,7,3,0,0,0,0,0,0,76,lru,0,0,0,0,0,0,64,53,64,3,0,0,4,0,9,0,5701632,0,3276,299,5701632,5701632,0,5701632,9,7664197658221795765
layer,1,0,0,48,prefill,9,25,21,4,4403,510,263,104,7,0,7,5107,7,16,0,0,0,0,0,0,81,lru,0,0,0,0,0,0,64,56,64,0,4,0,3,0,12,0,7602176,0,4405,439,7602176,7602176,0,7602176,12,6564885569477858373
layer,1,0,0,48,prefill,10,30,27,3,3274,384,244,49,6,0,6,3781,7,3,0,0,0,0,0,0,81,lru,0,0,0,0,0,0,64,59,64,0,3,0,3,0,9,0,5701632,1,3276,304,5701632,5701632,0,5701632,9,9636755417452830589
layer,1,0,0,48,prefill,11,30,28,2,2158,284,274,38,8,0,8,2501,8,3,0,0,0,0,0,0,81,lru,0,0,0,0,0,0,64,62,64,0,2,0,6,0,6,0,3801088,0,2159,204,3801088,3801088,0,3801088,6,640100614486094261
layer,1,0,0,48,prefill,12,28,24,4,4252,494,268,117,10,0,10,4860,7,5,0,0,0,0,0,0,81,lru,0,0,0,0,0,0,64,59,64,0,4,0,3,0,12,0,7602176,0,4252,389,7602176,7602176,0,7602176,12,13334369426789905196
layer,1,0,0,48,prefill,13,30,30,0,0,0,300,0,0,0,0,37,8,2,0,0,0,0,0,0,81,lru,0,0,0,0,0,0,64,64,64,0,0,0,3,0,0,0,0,0,0,0,0,0,0,0,0,9650939370034959345
layer,1,0,0,48,prefill,14,29,26,3,3250,392,242,75,8,0,8,3796,7,19,0,0,0,0,0,0,81,lru,0,0,0,0,0,0,64,61,64,0,3,0,5,0,9,0,5701632,0,3251,303,5701632,5701632,0,5701632,9,10714415961677328248
layer,1,0,0,48,prefill,15,30,23,7,8034,864,268,186,8,0,8,9132,8,4,0,0,0,0,0,0,81,lru,0,0,0,0,0,0,64,56,64,0,7,0,3,0,21,0,13303808,0,8036,729,13303808,13303808,0,13303808,21,1986865082860181000
layer,1,0,0,48,prefill,16,33,30,3,3214,400,361,81,9,0,9,3821,9,4,0,0,0,0,0,0,81,lru,0,0,0,0,0,0,64,61,64,0,3,0,6,0,9,0,5701632,0,3216,292,5701632,5701632,0,5701632,9,5436150417952554787
layer,1,0,0,48,prefill,17,40,34,6,6561,701,306,175,9,0,9,7489,8,4,0,0,0,0,0,0,81,lru,0,0,0,0,0,0,64,54,64,0,6,0,5,0,18,0,11403264,0,6563,590,11403264,11403264,0,11403264,18,5260429838404756720
layer,1,0,0,48,prefill,18,30,26,4,3337,529,235,128,10,0,10,4099,7,13,0,0,0,0,0,0,81,lru,0,0,0,0,0,0,64,57,64,0,4,0,4,3,9,1900544,5701632,0,3337,502,7602176,7602176,0,5701632,9,9452996795982957946
layer,1,0,0,48,prefill,19,29,28,1,1084,170,267,42,6,0,6,1324,7,13,0,0,0,0,0,0,81,lru,0,0,0,0,0,0,64,60,64,0,1,0,3,0,3,0,1900544,0,1084,99,1900544,1900544,0,1900544,3,3330756424877970420
layer,1,0,0,48,prefill,20,27,24,3,3410,367,269,78,8,0,8,3917,8,3,0,0,0,0,0,0,81,lru,0,0,0,0,0,0,64,58,64,0,3,0,3,0,9,0,5701632,0,3412,323,5701632,5701632,0,5701632,9,5232923715625180933
layer,1,0,0,48,prefill,21,25,23,2,2230,289,265,87,7,0,7,2627,8,8,0,0,0,0,0,0,81,lru,0,0,0,0,0,0,64,58,64,1,1,0,3,0,6,0,3801088,0,2231,210,3801088,3801088,0,3801088,6,2885032905614392605
layer,1,0,0,48,prefill,22,26,22,4,3512,551,235,83,8,0,8,4285,7,10,0,0,0,0,0,0,81,lru,0,0,0,0,0,0,64,58,64,0,4,0,3,3,9,1900544,5701632,0,3513,538,7602176,7602176,0,5701632,9,12273840095593524348
layer,1,0,0,48,prefill,23,29,28,1,0,188,268,44,7,0,7,401,7,11,0,0,0,0,0,0,81,lru,0,0,0,0,0,0,64,63,64,0,1,0,3,3,0,1900544,0,0,0,261,1900544,1900544,0,0,0,14342365737019401928
layer,1,0,0,48,prefill,24,27,25,2,2200,308,267,46,9,0,9,2574,8,4,0,0,0,0,0,0,81,lru,0,0,0,0,0,0,64,62,64,0,2,0,3,0,6,0,3801088,0,2201,200,3801088,3801088,0,3801088,6,3078478015538231836
layer,1,0,0,48,prefill,25,28,26,2,2309,290,267,36,9,0,9,2677,7,3,0,0,0,0,0,0,81,lru,0,0,0,0,0,0,64,61,64,0,2,0,3,0,6,0,3801088,0,2309,215,3801088,3801088,0,3801088,6,14610824407839761568
layer,1,0,0,48,prefill,26,25,23,2,2116,311,229,41,8,0,8,2515,8,15,0,0,0,0,0,0,81,lru,0,0,0,0,0,0,64,62,64,0,2,0,3,0,6,0,3801088,0,2118,204,3801088,3801088,0,3801088,6,17697263001825745658
layer,1,0,0,48,prefill,27,29,27,2,2285,307,282,100,10,0,10,2712,7,15,0,0,0,0,0,0,81,lru,0,0,0,0,0,0,64,62,64,0,2,0,3,0,6,0,3801088,0,2286,220,3801088,3801088,0,3801088,6,6796467048580665348
layer,1,0,0,48,prefill,28,27,26,1,1097,159,265,19,6,0,6,1319,8,6,0,0,0,0,0,0,81,lru,0,0,0,0,0,0,64,63,64,0,1,0,3,0,3,0,1900544,0,1098,109,1900544,1900544,0,1900544,3,14503174216097934196
layer,1,0,0,48,prefill,29,34,28,6,7595,824,302,976,5,0,5,8879,8,19,0,0,0,0,0,0,81,lru,0,0,0,0,0,0,64,51,64,0,6,0,4,0,18,0,11403264,0,7597,699,11403264,11403264,0,11403264,18,9796629825163046983
layer,1,0,0,48,prefill,30,33,30,3,1042,379,270,97,9,0,9,2989,9,3,0,0,0,0,0,0,81,lru,0,0,0,0,0,0,64,60,64,0,3,0,5,6,3,3801088,1900544,0,1042,1744,5701632,5701632,0,1900544,3,7040933256672471023
layer,1,0,0,48,prefill,31,28,27,1,1248,185,264,16,5,0,5,1479,7,3,0,0,0,0,0,0,81,lru,0,0,0,0,0,0,64,63,64,0,1,0,3,0,3,0,1900544,0,1248,116,1900544,1900544,0,1900544,3,11947903587578757607
layer,1,0,0,48,prefill,32,31,28,3,3838,445,275,113,5,0,5,4388,8,4,0,0,0,0,0,0,81,lru,0,0,0,0,0,0,64,60,64,0,3,0,3,0,9,0,5701632,0,3839,362,5701632,5701632,0,5701632,9,15625938302001810537
layer,1,0,0,48,prefill,33,37,32,5,6489,708,309,256,4,0,4,7438,8,13,0,0,0,0,0,0,81,lru,0,0,0,0,0,0,64,58,64,0,5,0,3,0,15,0,9502720,0,6489,599,9502720,9502720,0,9502720,15,5775812619875570704
layer,1,0,0,48,prefill,34,36,33,3,4108,479,264,169,5,0,5,4746,8,11,0,0,0,0,0,0,81,lru,0,0,0,0,0,0,64,61,64,0,3,0,4,0,9,0,6119424,0,4109,414,6119424,6119424,0,6119424,9,4605682343672981855
layer,1,0,0,48,prefill,35,28,25,3,3855,465,264,96,0,0,0,4441,8,9,0,0,0,0,0,0,78,lru,0,0,0,0,0,0,64,61,64,3,0,0,3,0,9,0,5701632,0,3856,356,5701632,5701632,0,5701632,9,10815635627235994594
layer,1,0,0,48,prefill,36,29,24,5,6243,712,279,235,3,0,3,7181,7,9,0,0,0,0,0,0,81,lru,0,0,0,0,0,0,64,59,64,4,1,0,3,0,15,0,9502720,0,6245,600,9502720,9502720,0,9502720,15,10999100480967264781
layer,1,0,0,48,prefill,37,26,23,3,3675,449,274,140,0,0,0,4280,7,14,0,0,0,0,0,0,70,lru,0,0,0,0,0,0,64,60,64,3,0,0,3,0,9,0,5701632,0,3675,355,5701632,5701632,0,5701632,9,5783781074371506954
layer,1,0,0,48,prefill,38,24,22,2,2883,313,237,94,0,0,0,3336,8,4,0,0,0,0,0,0,66,lru,0,0,0,0,0,0,64,62,64,2,0,0,3,0,6,0,4079616,0,2884,291,4079616,4079616,0,4079616,6,10065197360353886949
layer,1,0,0,48,prefill,39,22,21,1,1342,195,383,38,0,0,0,1572,7,4,0,0,0,0,0,0,56,lru,0,0,0,0,0,0,64,63,64,1,0,0,3,0,3,0,2039808,0,1342,141,2039808,2039808,0,2039808,3,16741193537568784394
layer,1,0,0,56,prefill,0,53,25,28,9228,4643,355,1434,4,0,4,17356,7,18,0,0,0,0,0,0,81,lru,0,0,0,0,0,0,64,32,64,0,28,0,8,63,21,39911424,13303808,0,9231,6736,53215232,53215232,0,13303808,21,1433232406475313935
layer,1,0,0,56,prefill,1,42,22,20,16181,2942,304,918,6,0,6,20502,7,5,0,0,0,0,0,0,81,lru,0,0,0,0,0,0,64,40,64,0,20,0,5,21,39,13303808,24707072,0,16188,3353,38010880,38010880,0,24707072,39,5915300477965421909
layer,1,0,0,56,prefill,2,45,14,31,13555,4557,279,1294,6,0,6,21359,7,14,0,0,0,0,0,0,81,lru,0,0,0,0,0,0,64,16,64,0,31,0,4,60,33,38010880,20905984,0,13557,6455,58916864,58916864,0,20905984,33,2283748560508445266
layer,1,0,0,56,prefill,3,34,24,10,7164,2076,310,1317,9,0,9,10158,7,19,0,0,0,0,0,0,81,lru,0,0,0,0,0,0,64,45,64,0,10,0,4,12,18,7602176,11403264,0,7165,1727,19005440,19005440,0,11403264,18,8176907416369588630
layer,1,0,0,56,prefill,4,33,25,8,3669,1205,280,260,8,0,8,5634,9,13,0,0,0,0,0,0,81,lru,0,0,0,0,0,0,64,49,64,0,8,0,7,15,9,9502720,5701632,0,3669,1528,15204352,15204352,0,5701632,9,18442126226174706180
layer,1,0,0,56,prefill,5,30,19,11,8545,1545,273,458,7,0,7,10957,7,6,0,0,0,0,0,0,81,lru,0,0,0,0,0,0,64,46,64,0,11,0,3,12,21,7602176,13303808,0,8547,1872,20905984,20905984,0,13303808,21,17999432223061679306
layer,1,0,0,56,prefill,6,31,22,9,9389,1183,245,248,10,0,10,10998,9,17,0,0,0,0,0,0,81,lru,0,0,0,0,0,0,64,52,64,0,9,0,4,3,24,1900544,15204352,0,9391,1114,17104896,17104896,0,15204352,24,7375252185329713173
layer,1,0,0,56,prefill,7,23,19,4,3492,539,271,127,10,0,10,4337,8,19,0,0,0,0,0,0,81,lru,0,0,0,0,0,0,64,58,64,0,4,0,4,3,9,1900544,5701632,0,3493,554,7602176,7602176,0,5701632,9,5300856224761634553
layer,1,0,0,56,prefill,8,23,19,4,4658,542,279,197,0,0,0,5384,7,17,0,0,0,0,0,0,80,lru,0,0,0,0,0,0,64,59,64,4,0,0,3,0,12,0,7602176,0,4660,435,7602176,7602176,0,7602176,12,9601075788757473771
layer,1,0,0,56,prefill,9,30,21,9,8307,1163,283,376,8,0,8,9997,7,19,0,0,0,0,0,0,81,lru,0,0,0,0,0,0,64,53,64,0,9,0,3,6,21,3801088,13303808,0,8307,1209,17104896,17104896,0,13303808,21,6531410329463230205
layer,1,0,0,56,prefill,10,30,19,11,4975,1460,251,399,6,0,6,7565,7,5,0,0,0,0,0,0,81,lru,0,0,0,0,0,0,64,42,64,0,11,0,5,21,12,13303808,7602176,0,4976,2071,20905984,20905984,0,7602176,12,783330343709130209
layer,1,0,0,56,prefill,11,36,26,10,8155,1299,306,376,7,0,7,10060,7,15,0,0,0,0,0,0,81,lru,0,0,0,0,0,0,64,46,64,0,10,0,5,9,21,5701632,13303808,0,8158,1374,19005440,19005440,0,13303808,21,16446663687477704647
layer,1,0,0,56,prefill,12,26,18,8,7645,970,265,227,8,0,8,9041,7,26,0,0,0,0,0,0,81,lru,0,0,0,0,0,0,64,52,64,0,8,0,4,3,21,1900544,13303808,0,7646,980,15204352,15204352,0,13303808,21,17927313585695411782
layer,1,0,0,56,prefill,13,31,26,5,3366,655,297,195,8,0,8,4430,7,17,0,0,0,0,0,0,81,lru,0,0,0,0,0,0,64,57,64,0,5,0,4,6,9,3801088,5701632,0,3367,744,9502720,9502720,0,5701632,9,5003325155615762508
layer,1,0,0,56,prefill,14,27,21,6,4594,736,245,233,9,0,9,5810,8,16,0,0,0,0,0,0,81,lru,0,0,0,0,0,0,64,52,64,0,6,0,4,6,12,3801088,7602176,0,4596,889,11403264,11403264,0,7602176,12,322365589485019392
layer,1,0,0,56,prefill,15,29,23,6,5404,750,267,211,9,0,9,6459,7,12,0,0,0,0,0,0,81,lru,0,0,0,0,0,0,64,56,64,0,6,0,4,3,15,1900544,9502720,0,5405,721,11403264,11403264,0,9502720,15,9897240703449922268
layer,1,0,0,56,prefill,16,28,20,8,6683,1013,276,1176,10,0,10,8922,7,7,0,0,0,0,0,0,81,lru,0,0,0,0,0,0,64,52,64,0,8,0,3,6,18,3801088,11403264,0,6686,1044,15204352,15204352,0,11403264,18,1427954413830573126
layer,1,0,0,56,prefill,17,33,22,11,8873,1383,283,360,7,0,7,10872,9,4,0,0,0,0,0,0,81,lru,0,0,0,0,0,0,64,45,64,0,11,0,7,9,24,5701632,15204352,0,8876,1455,20905984,20905984,0,15204352,24,1059228635326195278
layer,1,0,0,56,prefill,18,31,21,10,8937,1252,274,287,10,0,10,10812,7,11,0,0,0,0,0,0,81,lru,0,0,0,0,0,0,64,48,64,0,10,0,4,6,24,3801088,15204352,0,8944,1289,19005440,19005440,0,15204352,24,649472524240722654
layer,1,0,0,56,prefill,19,26,22,4,4210,512,262,74,9,0,9,4860,8,16,0,0,0,0,0,0,81,lru,0,0,0,0,0,0,64,59,64,0,4,0,3,0,12,0,7602176,0,4211,389,7602176,7602176,0,7602176,12,12219977127593918790
layer,1,0,0,56,prefill,20,28,23,5,5310,621,266,107,9,0,9,6093,7,16,0,0,0,0,0,0,81,lru,0,0,0,0,0,0,64,53,64,0,5,0,3,0,15,0,9502720,0,5315,481,9502720,9502720,0,9502720,15,4292372238070486436
layer,1,0,0,56,prefill,21,30,22,8,8640,981,271,260,8,0,8,9834,8,4,0,0,0,0,0,0,81,lru,0,0,0,0,0,0,64,54,64,0,8,0,4,0,24,0,15204352,0,8643,784,15204352,15204352,0,15204352,24,16309509184223682186
layer,1,0,0,56,prefill,22,37,23,14,11299,1756,256,485,8,0,8,13899,7,3,0,0,0,0,0,0,81,lru,0,0,0,0,0,0,64,43,64,0,14,0,4,12,30,7602176,19005440,0,11304,1923,26607616,26607616,0,19005440,30,5942051632245065675
layer,1,0,0,56,prefill,23,40,25,15,11156,1781,294,368,8,0,8,13947,7,4,0,0,0,0,0,0,81,lru,0,0,0,0,0,0,64,44,64,0,15,0,6,15,30,9502720,19005440,0,11168,2128,28508160,28508160,0,19005440,30,8205447461000182159
layer,1,0,0,56,prefill,24,33,24,9,8530,991,279,176,10,0,10,9922,7,17,0,0,0,0,0,0,81,lru,0,0,0,0,0,0,64,50,64,0,9,0,5,3,24,1900544,15204352,0,8533,980,17104896,17104896,0,15204352,24,13975410061883474177
layer,1,0,0,56,prefill,25,33,24,9,8509,1011,280,184,9,0,9,9825,8,4,0,0,0,0,0,0,81,lru,0,0,0,0,0,0,64,55,64,0,9,0,4,3,24,1900544,15204352,0,8510,911,17104896,17104896,0,15204352,24,9193124821806418640
layer,1,0,0,56,prefill,26,31,23,8,4181,908,266,223,9,0,9,6211,7,10,0,0,0,0,0,0,81,lru,0,0,0,0,0,0,64,48,64,0,8,0,4,12,12,7602176,7602176,0,4182,1631,15204352,15204352,0,7602176,12,17363657733284747705
layer,1,0,0,56,prefill,27,38,26,12,8575,1392,302,255,10,0,10,13216,7,19,0,0,0,0,0,0,81,lru,0,0,0,0,0,0,64,48,64,0,12,0,4,12,24,7602176,15204352,0,8577,3486,22806528,22806528,0,15204352,24,12008900524817252154
layer,1,0,0,56,prefill,28,34,22,12,10905,1360,280,706,8,0,8,13881,9,5,0,0,0,0,0,0,81,lru,0,0,0,0,0,0,64,42,64,0,12,0,7,6,30,3801088,19005440,0,10910,2420,22806528,22806528,0,19005440,30,11975018065014461966
layer,1,0,0,56,prefill,29,38,26,12,7192,1251,293,211,8,0,8,11840,8,15,0,0,0,0,0,0,81,lru,0,0,0,0,0,0,64,42,64,0,12,0,5,15,21,9502720,13303808,0,7195,4151,22806528,22806528,0,13303808,21,14913572028493226639
layer,1,0,0,56,prefill,30,33,16,17,9293,1793,247,350,6,0,6,15850,8,5,0,0,0,0,0,0,81,lru,0,0,0,0,0,0,64,34,64,0,17,0,4,21,30,13303808,19005440,0,9295,5904,32309248,32309248,0,19005440,30,7481057000055478689
layer,1,0,0,56,prefill,31,34,23,11,11313,1177,286,266,5,0,5,12884,8,16,0,0,0,0,0,0,81,lru,0,0,0,0,0,0,64,51,64,0,11,0,4,0,33,0,20905984,0,11315,1060,20905984,20905984,0,20905984,33,12338317042706991718
layer,1,0,0,56,prefill,32,40,26,14,10479,1487,322,296,5,0,5,14833,7,25,0,0,0,0,0,0,81,lru,0,0,0,0,0,0,64,40,64,0,14,0,4,12,30,7602176,19005440,0,10481,3742,26607616,26607616,0,19005440,30,4932154642023395418
layer,1,0,0,56,prefill,33,43,27,16,11119,1684,305,291,11,0,11,16320,7,3,0,0,0,0,0,0,81,lru,0,0,0,0,0,0,64,40,64,0,16,0,5,15,33,9502720,20905984,0,11122,4594,30408704,30408704,0,20905984,33,4364773976476330897
layer,1,0,0,56,prefill,34,35,23,12,9335,1739,266,1232,6,0,6,14136,8,18,0,0,0,0,0,0,81,lru,0,0,0,0,0,0,64,42,64,0,12,0,5,12,24,8159232,16318464,0,9336,3912,24477696,24477696,0,16318464,24,7253412087873653385
layer,1,0,0,56,prefill,35,39,29,10,10617,1088,290,202,7,0,7,11983,9,3,0,0,0,0,0,0,81,lru,0,0,0,0,0,0,64,52,64,3,7,0,9,0,30,0,19005440,0,10620,924,19005440,19005440,0,19005440,30,15768096071045690440
layer,1,0,0,56,prefill,36,37,29,8,8378,871,289,143,7,0,7,9445,8,4,0,0,0,0,0,0,81,lru,0,0,0,0,0,0,64,53,64,0,8,0,5,0,24,0,15204352,0,8381,720,15204352,15204352,0,15204352,24,5650128688389816279
layer,1,0,0,56,prefill,37,33,24,9,8912,974,280,180,0,0,0,10155,8,2,0,0,0,0,0,0,79,lru,0,0,0,0,0,0,64,54,64,9,0,0,4,0,27,0,17104896,0,8914,850,17104896,17104896,0,17104896,27,4523657108479528375
layer,1,0,0,56,prefill,38,31,22,9,10112,1041,250,176,0,0,0,11446,7,3,0,0,0,0,0,0,75,lru,0,0,0,0,0,0,64,53,64,9,0,0,4,0,27,0,18358272,0,10118,949,18358272,18358272,0,18358272,27,2794488507382492902
layer,1,0,0,56,prefill,39,31,21,10,11306,1162,397,209,0,0,0,12857,8,2,0,0,0,0,0,0,66,lru,0,0,0,0,0,0,64,50,64,10,0,0,4,0,30,0,20398080,0,11307,1121,20398080,20398080,0,20398080,30,1664207207105057450
layer,1,0,0,64,prefill,0,35,22,13,4460,1520,283,294,5,0,5,7374,8,25,0,0,0,0,0,0,81,lru,0,0,0,0,0,0,64,44,64,0,13,0,5,27,12,17104896,7602176,0,4461,2346,24707072,24707072,0,7602176,12,4762894683845650729
layer,1,0,0,64,prefill,1,38,22,16,6545,1879,297,371,9,0,9,9878,8,4,0,0,0,0,0,0,81,lru,0,0,0,0,0,0,64,45,64,0,16,0,4,30,18,19005440,11403264,0,6548,2693,30408704,30408704,0,11403264,18,2410462418170496244
layer,1,0,0,64,prefill,2,42,20,22,6479,2605,273,515,8,0,8,11817,7,4,0,0,0,0,0,0,81,lru,0,0,0,0,0,0,64,32,64,0,22,0,5,48,18,30408704,11403264,0,6484,4494,41811968,41811968,0,11403264,18,10295053442336540000
layer,1,0,0,64,prefill,3,29,24,5,3267,610,266,139,11,0,11,4219,7,5,0,0,0,0,0,0,81,lru,0,0,0,0,0,0,64,57,64,0,5,0,4,6,9,3801088,5701632,0,3268,715,9502720,9502720,0,5701632,9,10810176500365901021
layer,1,0,0,64,prefill,4,31,25,6,4476,726,272,123,6,0,6,5562,8,3,0,0,0,0,0,0,81,lru,0,0,0,0,0,0,64,57,64,0,6,0,4,6,12,3801088,7602176,0,4476,794,11403264,11403264,0,7602176,12,14438749216228611158
layer,1,0,0,64,prefill,5,31,24,7,5653,810,318,1102,8,0,8,7644,7,5,0,0,0,0,0,0,81,lru,0,0,0,0,0,0,64,53,64,0,7,0,4,6,15,3801088,9502720,0,5654,983,13303808,13303808,0,9502720,15,8672776457780813863
layer,1,0,0,64,prefill,6,28,20,8,6708,944,235,232,11,0,11,8108,9,17,0,0,0,0,0,0,81,lru,0,0,0,0,0,0,64,51,64,0,8,0,5,6,18,3801088,11403264,0,6708,985,15204352,15204352,0,11403264,18,13553992464158560232
layer,1,0,0,64,prefill,7,24,19,5,5512,585,258,98,8,0,8,6274,9,13,0,0,0,0,0,0,81,lru,0,0,0,0,0,0,64,55,64,0,5,0,4,0,15,0,9502720,0,5514,495,9502720,9502720,0,9502720,15,5256716206936373986
layer,1,0,0,64,prefill,8,23,17,6,6727,715,256,141,8,0,8,7671,7,3,0,0,0,0,0,0,81,lru,0,0,0,0,0,0,64,52,64,1,5,0,4,0,18,0,11403264,0,6729,616,11403264,11403264,0,11403264,18,7971942411827281192
layer,1,0,0,64,prefill,9,22,22,0,0,0,288,0,0,0,0,37,10,2,0,0,0,0,0,0,81,lru,0,0,0,0,0,0,64,64,64,0,0,0,4,0,0,0,0,0,0,0,0,0,0,0,0,17305108976231345890
layer,1,0,0,64,prefill,10,28,26,2,0,280,235,60,8,0,8,622,7,12,0,0,0,0,0,0,81,lru,0,0,0,0,0,0,64,61,64,0,2,0,2,6,0,3801088,0,0,0,468,3801088,3801088,0,0,0,14476283178055526382
layer,1,0,0,64,prefill,11,31,25,6,4694,761,273,193,8,0,8,5770,7,4,0,0,0,0,0,0,81,lru,0,0,0,0,0,0,64,57,64,0,6,0,3,6,12,3801088,7602176,0,4694,779,11403264,11403264,0,7602176,12,14840371034489643531
layer,1,0,0,64,prefill,12,30,28,2,2353,267,274,63,8,0,8,2705,7,3,0,0,0,0,0,0,81,lru,0,0,0,0,0,0,64,61,64,0,2,0,4,0,6,0,3801088,0,2354,214,3801088,3801088,0,3801088,6,14830699609952808029
layer,1,0,0,64,prefill,13,28,24,4,4568,480,270,85,11,0,11,5234,8,7,0,0,0,0,0,0,81,lru,0,0,0,0,0,0,64,58,64,0,4,0,4,0,12,0,7602176,0,4569,418,7602176,7602176,0,7602176,12,7776365702093843427
layer,1,0,0,64,prefill,14,27,21,6,5601,727,230,136,9,0,9,6591,7,4,0,0,0,0,0,0,81,lru,0,0,0,0,0,0,64,58,64,0,6,0,3,3,15,1900544,9502720,0,5602,701,11403264,11403264,0,9502720,15,486305693556682301
layer,1,0,0,64,prefill,15,28,25,3,2159,414,269,91,7,0,7,2780,8,3,0,0,0,0,0,0,81,lru,0,0,0,0,0,0,64,60,64,0,3,0,3,3,6,1900544,3801088,0,2161,430,5701632,5701632,0,3801088,6,1180699506862187389
layer,1,0,0,64,prefill,16,28,20,8,8473,902,285,225,9,0,9,9681,7,13,0,0,0,0,0,0,81,lru,0,0,0,0,0,0,64,51,64,0,8,0,3,0,24,0,15204352,0,8473,806,15204352,15204352,0,15204352,24,16276050961651096904
layer,1,0,0,64,prefill,17,28,22,6,3334,745,269,156,10,0,10,4600,7,3,0,0,0,0,0,0,81,lru,0,0,0,0,0,0,64,56,64,0,6,0,5,9,9,5701632,5701632,0,3334,982,11403264,11403264,0,5701632,9,8746889886155162900
layer,1,0,0,64,prefill,18,27,20,7,4551,837,236,178,10,0,10,6021,7,12,0,0,0,0,0,0,81,lru,0,0,0,0,0,0,64,53,64,0,7,0,6,9,12,5701632,7602176,0,4551,1122,13303808,13303808,0,7602176,12,17562216203268574966
layer,1,0,0,64,prefill,19,27,23,4,4343,492,263,89,8,0,8,5000,8,3,0,0,0,0,0,0,81,lru,0,0,0,0,0,0,64,52,64,0,4,0,3,0,12,0,7602176,0,4345,394,7602176,7602176,0,7602176,12,17078790730709351056
layer,1,0,0,64,prefill,20,21,19,2,2185,263,261,45,8,0,8,2537,8,3,0,0,0,0,0,0,81,lru,0,0,0,0,0,0,64,61,64,0,2,0,3,0,6,0,3801088,0,2185,200,3801088,3801088,0,3801088,6,1180443830586960718
layer,1,0,0,64,prefill,21,26,22,4,4440,454,262,141,8,0,8,5082,8,4,0,0,0,0,0,0,81,lru,0,0,0,0,0,0,64,57,64,0,4,0,3,0,12,0,7602176,0,4440,408,7602176,7602176,0,7602176,12,1615125902512667257
layer,1,0,0,64,prefill,22,31,20,11,6696,1347,240,243,8,0,8,9126,7,5,0,0,0,0,0,0,81,lru,0,0,0,0,0,0,64,51,64,0,11,0,6,15,18,9502720,11403264,0,6696,1949,20905984,20905984,0,11403264,18,6046457595097694716
layer,1,0,0,64,prefill,23,34,28,6,3303,785,278,181,9,0,9,4589,8,9,0,0,0,0,0,0,81,lru,0,0,0,0,0,0,64,57,64,0,6,0,4,9,9,5701632,5701632,0,3305,973,11403264,11403264,0,5701632,9,1962196168769573065
layer,1,0,0,64,prefill,24,26,23,3,2212,386,268,64,9,0,9,3314,8,3,0,0,0,0,0,0,81,lru,0,0,0,0,0,0,64,60,64,0,3,0,3,3,6,1900544,3801088,0,2213,929,5701632,5701632,0,3801088,6,4467428158223718074
layer,1,0,0,64,prefill,25,30,27,3,2162,392,270,63,7,0,7,3261,7,4,0,0,0,0,0,0,81,lru,0,0,0,0,0,0,64,60,64,0,3,0,3,3,6,1900544,3801088,0,2163,908,5701632,5701632,0,3801088,6,213691037543035931
layer,1,0,0,64,prefill,26,31,25,6,4064,735,241,1055,9,0,9,6681,8,19,0,0,0,0,0,0,81,lru,0,0,0,0,0,0,64,57,64,0,6,0,3,6,12,3801088,7602176,0,4066,1848,11403264,11403264,0,7602176,12,11762560046692671862
layer,1,0,0,64,prefill,27,28,26,2,1039,285,267,27,11,0,11,2022,8,3,0,0,0,0,0,0,81,lru,0,0,0,0,0,0,64,62,64,0,2,0,5,3,3,1900544,1900544,0,1039,837,3801088,3801088,0,1900544,3,351357997639654127
layer,1,0,0,64,prefill,28,32,23,9,7522,1072,279,190,8,0,8,10196,8,10,0,0,0,0,0,0,81,lru,0,0,0,0,0,0,64,51,64,0,9,0,4,6,21,3801088,13303808,0,7526,2230,17104896,17104896,0,13303808,21,13405553615857051776
layer,1,0,0,64,prefill,29,29,23,6,5611,733,269,145,8,0,8,7227,8,17,0,0,0,0,0,0,81,lru,0,0,0,0,0,0,64,53,64,0,6,0,4,3,15,1900544,9502720,0,5615,1301,11403264,11403264,0,9502720,15,3566098839309615535
layer,1,0,0,64,prefill,30,31,20,11,6926,1310,240,290,8,0,8,11217,8,4,0,0,0,0,0,0,81,lru,0,0,0,0,0,0,64,50,64,0,11,0,4,12,21,7602176,13303808,0,6927,3782,20905984,20905984,0,13303808,21,1531134409843136453
layer,1,0,0,64,prefill,31,30,26,4,4503,533,267,99,5,0,5,5159,7,6,0,0,0,0,0,0,81,lru,0,0,0,0,0,0,64,53,64,0,4,0,4,0,12,0,7602176,0,4505,409,7602176,7602176,0,7602176,12,18370533222262047383
layer,1,0,0,64,prefill,32,29,21,8,5521,964,272,222,7,0,7,8644,7,11,0,0,0,0,0,0,81,lru,0,0,0,0,0,0,64,55,64,0,8,0,3,9,15,5701632,9502720,1,5521,2702,15204352,15204352,0,9502720,15,13646200936716559963
layer,1,0,0,64,prefill,33,37,28,9,6876,1107,289,239,6,0,6,9609,8,3,0,0,0,0,0,0,81,lru,0,0,0,0,0,0,64,55,64,0,9,0,6,9,18,5701632,11403264,0,6878,2304,17104896,17104896,0,11403264,18,9177953030173163357
layer,1,0,0,64,prefill,34,32,24,8,6035,1002,252,199,6,0,6,9469,7,15,0,0,0,0,0,0,81,lru,0,0,0,0,0,0,64,55,64,0,8,0,4,9,15,6119424,10199040,0,6037,3023,16318464,16318464,0,10199040,15,3176096519026480735
layer,1,0,0,64,prefill,35,24,20,4,3250,495,258,117,4,0,4,4522,7,3,0,0,0,0,0,0,81,lru,0,0,0,0,0,0,64,58,64,0,4,0,5,3,9,1900544,5701632,0,3250,1039,7602176,7602176,0,5701632,9,13440384159256727152
layer,1,0,0,64,prefill,36,26,21,5,5234,566,262,147,6,0,6,6017,7,23,0,0,0,0,0,0,81,lru,0,0,0,0,0,0,64,59,64,0,5,0,3,0,15,0,9502720,0,5235,496,9502720,9502720,0,9502720,15,17403764065311264236
layer,1,0,0,64,prefill,37,20,17,3,2967,379,259,57,4,0,4,3447,7,3,0,0,0,0,0,0,81,lru,0,0,0,0,0,0,64,61,64,2,1,0,3,0,9,0,5701632,0,2968,276,5701632,5701632,0,5701632,9,11022742198142144612
layer,1,0,0,64,prefill,38,19,18,1,1207,166,229,16,0,0,0,1441,8,14,0,0,0,0,0,0,76,lru,0,0,0,0,0,0,64,62,64,1,0,0,2,0,3,0,2039808,0,1207,116,2039808,2039808,0,2039808,3,15230182416358631977
layer,1,0,0,64,prefill,39,16,16,0,0,0,389,0,0,0,0,32,13,2,0,0,0,0,0,0,66,lru,0,0,0,0,0,0,64,64,64,0,0,0,4,0,0,0,0,0,0,0,0,0,0,0,0,16051411226745908176
layer,1,0,0,72,prefill,0,45,30,15,4546,1880,313,458,6,0,6,8190,7,4,0,0,0,0,0,0,81,lru,0,0,0,0,0,0,64,47,64,0,15,0,4,33,12,20905984,7602176,0,4546,3013,28508160,28508160,0,7602176,12,3680875707520377561
layer,1,0,0,72,prefill,1,42,24,18,6580,2245,1304,558,6,0,6,10887,7,19,0,0,0,0,0,0,81,lru,0,0,0,0,0,0,64,41,64,0,18,0,5,36,18,22806528,11403264,0,6581,3541,34209792,34209792,0,11403264,18,3022779515530772567
layer,1,0,0,72,prefill,2,48,23,25,10181,3118,286,730,11,0,11,16797,11,17,0,0,0,0,0,0,81,lru,0,0,0,0,0,0,64,36,64,0,25,0,16,48,27,30408704,17104896,0,10185,5548,47513600,47513600,0,17104896,27,17646877106366859201
layer,1,0,0,72,prefill,3,34,23,11,4489,1445,279,321,8,0,8,6968,8,3,0,0,0,0,0,0,81,lru,0,0,0,0,0,0,64,50,64,0,11,0,5,21,12,13303808,7602176,0,4490,1971,20905984,20905984,0,7602176,12,8566860552323069789
layer,1,0,0,72,prefill,4,30,28,2,2306,286,270,64,7,0,7,2655,8,2,0,0,0,0,0,0,81,lru,0,0,0,0,0,0,64,62,64,0,2,0,4,0,6,0,3801088,0,2306,196,3801088,3801088,0,3801088,6,13504479343208600147
layer,1,0,0,72,prefill,5,30,23,7,4550,891,273,197,8,0,8,5862,7,18,0,0,0,0,0,0,81,lru,0,0,0,0,0,0,64,56,64,0,7,0,3,9,12,5701632,7602176,0,4550,952,13303808,13303808,0,7602176,12,11024318072815162074
layer,1,0,0,72,prefill,6,29,25,4,4409,484,235,121,9,0,9,5090,8,4,0,0,0,0,0,0,81,lru,0,0,0,0,0,0,64,56,64,0,4,0,3,0,12,0,7602176,0,4409,426,7602176,7602176,0,7602176,12,12276871567110278622
layer,1,0,0,72,prefill,7,22,21,1,1066,159,264,59,7,0,7,1301,8,11,0,0,0,0,0,0,81,lru,0,0,0,0,0,0,64,63,64,0,1,0,3,0,3,0,1900544,0,1066,94,1900544,1900544,0,1900544,3,11461385593027689190
layer,1,0,0,72,prefill,8,23,22,1,1120,170,263,14,6,0,6,1325,9,4,0,0,0,0,0,0,81,lru,0,0,0,0,0,0,64,63,64,0,1,0,2,0,3,0,1900544,0,1120,103,1900544,1900544,0,1900544,3,16795207747603006631
layer,1,0,0,72,prefill,9,25,23,2,2063,267,263,59,6,0,6,2389,7,2,0,0,0,0,0,0,81,lru,0,0,0,0,0,0,64,60,64,0,2,0,3,0,6,0,3801088,0,2064,191,3801088,3801088,0,3801088,6,1248142679954090726
layer,1,0,0,72,prefill,10,28,23,5,4527,640,236,133,9,0,9,5481,7,12,0,0,0,0,0,0,81,lru,0,0,0,0,0,0,64,57,64,0,5,0,5,3,12,1900544,7602176,0,4529,664,9502720,9502720,0,7602176,12,11342474677546680428
layer,1,0,0,72,prefill,11,26,22,4,2505,542,264,138,9,0,9,3443,7,3,0,0,0,0,0,0,81,lru,0,0,0,0,0,0,64,58,64,0,4,0,3,6,6,3801088,3801088,0,2505,696,7602176,7602176,0,3801088,6,12795100682236007603
layer,1,0,0,72,prefill,12,25,21,4,3658,520,260,135,8,0,8,4434,8,4,0,0,0,0,0,0,81,lru,0,0,0,0,0,0,64,57,64,0,4,0,3,3,9,1900544,5701632,0,3660,545,7602176,7602176,0,5701632,9,2315889825415889957
layer,1,0,0,72,prefill,13,27,22,5,6102,658,267,160,8,0,8,6940,8,3,0,0,0,0,0,0,81,lru,0,0,0,0,0,0,64,56,64,0,5,0,5,0,15,0,9502720,0,6103,569,9502720,9502720,0,9502720,15,14671182083738636973
layer,1,0,0,72,prefill,14,24,23,1,1285,170,233,17,6,0,6,1520,7,14,0,0,0,0,0,0,81,lru,0,0,0,0,0,0,64,63,64,0,1,0,3,0,3,0,1900544,0,1286,116,1900544,1900544,0,1900544,3,7064602264454742126
layer,1,0,0,72,prefill,15,24,18,6,7148,768,266,194,9,0,9,8176,7,5,0,0,0,0,0,0,81,lru,0,0,0,0,0,0,64,52,64,0,6,0,2,0,18,0,11403264,0,7151,674,11403264,11403264,0,11403264,18,593358835867470887
layer,1,0,0,72,prefill,16,28,26,2,1232,316,287,101,9,0,9,1771,7,7,0,0,0,0,0,0,81,lru,0,0,0,0,0,0,64,61,64,0,2,0,3,3,3,1900544,1900544,0,1232,337,3801088,3801088,0,1900544,3,12644306855865962826
layer,1,0,0,72,prefill,17,32,24,8,7408,1051,277,285,7,0,7,9003,7,4,0,0,0,0,0,0,81,lru,0,0,0,0,0,0,64,50,64,0,8,0,4,6,18,3801088,11403264,0,7412,1170,15204352,15204352,0,11403264,18,7352659065856000322
layer,1,0,0,72,prefill,18,27,23,4,2575,599,242,189,10,0,10,3545,8,18,0,0,0,0,0,0,81,lru,0,0,0,0,0,0,64,58,64,0,4,0,9,6,6,3801088,3801088,0,2575,676,7602176,7602176,0,3801088,6,4709689585458270130
layer,1,0,0,72,prefill,19,29,25,4,4877,543,267,134,10,0,10,5561,7,3,0,0,0,0,0,0,81,lru,0,0,0,0,0,0,64,58,64,0,4,0,3,0,12,0,7602176,0,4881,444,7602176,7602176,0,7602176,12,8901154622834794302
layer,1,0,0,72,prefill,20,22,17,5,5687,651,269,208,8,0,8,6569,7,18,0,0,0,0,0,0,81,lru,0,0,0,0,0,0,64,58,64,0,5,0,2,0,15,0,9502720,0,5687,544,9502720,9502720,0,9502720,15,12193221731637203627
layer,1,0,0,72,prefill,21,22,18,4,4549,539,253,140,7,0,7,5258,7,12,0,0,0,0,0,0,81,lru,0,0,0,0,0,0,64,59,64,0,4,0,7,0,12,0,7602176,0,4551,440,7602176,7602176,0,7602176,12,871649900865681879
layer,1,0,0,72,prefill,22,26,21,5,1212,1453,257,1384,9,0,9,3315,7,19,0,0,0,0,0,0,81,lru,0,0,0,0,0,0,64,58,64,0,5,0,3,12,3,7602176,1900544,0,1212,1039,9502720,9502720,0,1900544,3,8813933042384351112
layer,1,0,0,72,prefill,23,31,25,6,3477,804,274,232,12,0,12,4862,9,19,0,0,0,0,0,0,81,lru,0,0,0,0,0,0,64,52,64,0,6,0,5,9,9,5701632,5701632,0,3477,1033,11403264,11403264,0,5701632,9,12116635467817461063
layer,1,0,0,72,prefill,24,25,22,3,3468,418,282,135,11,0,11,4081,7,13,0,0,0,0,0,0,81,lru,0,0,0,0,0,0,64,60,64,0,3,0,6,0,9,0,5701632,0,3469,346,5701632,5701632,0,5701632,9,5901592684316854552
layer,1,0,0,72,prefill,25,24,20,4,4743,565,260,179,8,0,8,5493,7,6,0,0,0,0,0,0,81,lru,0,0,0,0,0,0,64,60,64,0,4,0,3,0,12,0,7602176,0,4744,457,7602176,7602176,0,7602176,12,16176371746550505566
layer,1,0,0,72,prefill,26,29,26,3,2203,421,236,106,10,0,10,3447,7,4,0,0,0,0,0,0,81,lru,0,0,0,0,0,0,64,60,64,0,3,0,3,3,6,1900544,3801088,0,2203,1044,5701632,5701632,0,3801088,6,13467164624010658601
layer,1,0,0,72,prefill,27,24,20,4,3653,545,280,162,9,0,9,5118,8,7,0,0,0,0,0,0,81,lru,0,0,0,0,0,0,64,58,64,0,4,0,5,3,9,1900544,5701632,0,3653,1171,7602176,7602176,0,5701632,9,14167024011539991912
layer,1,0,0,72,prefill,28,25,22,3,1124,418,281,123,7,0,7,3045,7,16,0,0,0,0,0,0,81,lru,0,0,0,0,0,0,64,58,64,0,3,0,3,6,3,3801088,1900544,0,1124,1688,5701632,5701632,0,1900544,3,6898642610236883715
layer,1,0,0,72,prefill,29,28,24,4,2413,572,299,95,7,0,7,4669,8,15,0,0,0,0,0,0,81,lru,0,0,0,0,0,0,64,54,64,0,4,0,3,6,6,3801088,3801088,0,2414,1966,7602176,7602176,0,3801088,6,16686923664395143882
layer,1,0,0,72,prefill,30,24,22,2,2230,312,224,103,8,0,8,2635,7,5,0,0,0,0,0,0,81,lru,0,0,0,0,0,0,64,60,64,0,2,0,5,0,6,0,3801088,0,2230,237,3801088,3801088,0,3801088,6,16591504656650157971
layer,1,0,0,72,prefill,31,30,28,2,2439,321,271,86,6,0,6,2834,7,6,0,0,0,0,0,0,81,lru,0,0,0,0,0,0,64,60,64,0,2,0,4,0,6,0,3801088,0,2439,241,3801088,3801088,0,3801088,6,12172016762526845838
layer,1,0,0,72,prefill,32,35,26,9,7500,1267,306,450,5,0,5,10783,8,18,0,0,0,0,0,0,81,lru,0,0,0,0,0,0,64,51,64,0,9,0,4,9,18,5701632,11403264,0,7502,2759,17104896,17104896,0,11403264,18,12861890180519234704
layer,1,0,0,72,prefill,33,36,31,5,2393,755,287,253,6,0,6,4920,7,12,0,0,0,0,0,0,81,lru,0,0,0,0,0,0,64,58,64,0,5,0,5,9,6,5701632,3801088,0,2393,2221,9502720,9502720,0,3801088,6,2737328591706580723
layer,1,0,0,72,prefill,34,35,29,6,7991,883,276,272,6,0,6,9270,8,11,0,0,0,0,0,0,81,lru,0,0,0,0,0,0,64,57,64,0,6,0,4,0,18,0,12238848,0,7993,873,12238848,12238848,0,12238848,18,2259700210155556463
layer,1,0,0,72,prefill,35,22,18,4,4835,554,278,230,5,0,5,5651,7,11,0,0,0,0,0,0,81,lru,0,0,0,0,0,0,64,59,64,0,4,0,5,0,12,0,7602176,0,4836,531,7602176,7602176,0,7602176,12,6260531648506965207
layer,1,0,0,72,prefill,36,28,24,4,4783,577,282,154,6,0,6,5597,8,19,0,0,0,0,0,0,81,lru,0,0,0,0,0,0,64,59,64,0,4,0,3,0,12,0,7602176,0,4783,511,7602176,7602176,0,7602176,12,6660019711306707824
layer,1,0,0,72,prefill,37,29,23,6,6876,853,270,229,5,0,5,7957,8,17,0,0,0,0,0,0,81,lru,0,0,0,0,0,0,64,56,64,0,6,0,3,0,18,0,11403264,0,6878,711,11403264,11403264,0,11403264,18,384918118760535178
layer,1,0,0,72,prefill,38,34,25,9,12489,1308,258,443,4,0,4,14321,8,9,0,0,0,0,0,0,81,lru,0,0,0,0,0,0,64,54,64,5,4,0,5,0,27,0,18358272,0,12497,1276,18358272,18358272,0,18358272,27,17971642081024002016
layer,1,0,0,72,prefill,39,33,18,15,19969,2304,402,1854,0,0,0,24021,7,18,0,0,0,0,0,0,81,lru,0,0,0,0,0,0,64,47,64,15,0,0,4,0,45,0,30597120,0,19974,2284,30597120,30597120,0,30597120,45,4083038366221675502
layer,1,0,0,80,prefill,0,50,29,21,4856,3022,325,883,7,0,7,10666,9,24,0,0,0,0,0,0,81,lru,0,0,0,0,0,0,64,43,64,0,21,0,8,51,12,32309248,7602176,0,4857,4866,39911424,39911424,0,7602176,12,15078062385425452368
layer,1,0,0,80,prefill,1,45,30,15,1159,2277,313,639,12,0,12,4779,8,10,0,0,0,0,0,0,81,lru,0,0,0,0,0,0,64,48,64,0,15,0,5,42,3,26607616,1900544,5,1159,2982,28508160,28508160,0,1900544,3,13410597330093235541
layer,1,0,0,80,prefill,2,51,20,31,4713,4468,295,1244,8,0,8,13703,10,19,0,0,0,0,0,0,81,lru,0,0,0,0,0,0,64,29,64,0,31,0,5,81,12,51314688,7602176,0,4714,7679,58916864,58916864,0,7602176,12,4503459499844360505
layer,1,0,0,80,prefill,3,41,29,12,8116,1588,320,481,9,0,9,10768,7,29,0,0,0,0,0,0,81,lru,0,0,0,0,0,0,64,52,64,0,12,0,5,15,21,9502720,13303808,0,8120,2025,22806528,22806528,0,13303808,21,13257267445810388613
layer,1,0,0,80,prefill,4,39,34,5,3495,698,295,163,9,0,9,4537,7,7,0,0,0,0,0,0,81,lru,0,0,0,0,0,0,64,59,64,0,5,0,4,6,9,3801088,5701632,0,3495,768,9502720,9502720,0,5701632,9,16938883312263743429
layer,1,0,0,80,prefill,5,35,32,3,1134,449,284,136,8,0,8,1919,7,7,0,0,0,0,0,0,81,lru,0,0,0,0,0,0,64,61,64,0,3,0,5,6,3,3801088,1900544,0,1134,589,5701632,5701632,0,1900544,3,14959507355359697456
layer,1,0,0,80,prefill,6,32,31,1,0,192,244,19,6,0,6,368,8,3,0,0,0,0,0,0,81,lru,0,0,0,0,0,0,64,63,64,0,1,0,3,3,0,1900544,0,0,0,272,1900544,1900544,0,0,0,15154511406612659672
layer,1,0,0,80,prefill,7,28,27,1,1204,119,287,47,6,0,6,1443,7,5,0,0,0,0,0,0,81,lru,0,0,0,0,0,0,64,63,64,0,1,0,3,0,3,0,1900544,0,1204,125,1900544,1900544,0,1900544,3,14954278033483324655
layer,1,0,0,80,prefill,8,25,25,0,0,0,291,0,0,0,0,30,8,2,0,0,0,0,0,0,81,lru,0,0,0,0,0,0,64,64,64,0,0,0,3,0,0,0,0,0,0,0,0,0,0,0,0,6687230262549672232
layer,1,0,0,80,prefill,9,31,28,3,3494,443,272,143,7,0,7,4086,8,16,0,0,0,0,0,0,81,lru,0,0,0,0,0,0,64,61,64,0,3,0,3,0,9,0,5701632,0,3494,344,5701632,5701632,0,5701632,9,3275673697580846159
layer,1,0,0,80,prefill,10,35,35,0,0,0,275,0,0,0,0,42,7,2,0,0,0,0,0,0,81,lru,0,0,0,0,0,0,64,64,64,0,0,0,9,0,0,0,0,0,0,0,0,0,0,0,0,18142645179677216658
layer,1,0,0,80,prefill,11,38,36,2,0,361,311,135,9,0,9,587,7,19,0,0,0,0,0,0,81,lru,0,0,0,0,0,0,64,62,64,0,2,0,4,6,0,3801088,0,0,0,391,3801088,3801088,0,0,0,17881848984770845105
layer,1,0,0,80,prefill,12,31,27,4,4787,576,288,141,7,0,7,5566,7,13,0,0,0,0,0,0,81,lru,0,0,0,0,0,0,64,60,64,0,4,0,3,0,12,0,7602176,0,4787,467,7602176,7602176,0,7602176,12,1747984862110264089
layer,1,0,0,80,prefill,13,34,32,2,2662,330,284,104,7,0,7,3115,7,12,0,0,0,0,0,0,81,lru,0,0,0,0,0,0,64,62,64,0,2,0,5,0,6,0,3801088,0,2662,261,3801088,3801088,0,3801088,6,8666668060905975737
layer,1,0,0,80,prefill,14,33,30,3,2605,499,247,155,8,0,8,3311,8,8,0,0,0,0,0,0,81,lru,0,0,0,0,0,0,64,61,64,0,3,0,4,3,6,1900544,3801088,0,2605,483,5701632,5701632,0,3801088,6,15416299231048188076
layer,1,0,0,80,prefill,15,31,27,4,2669,669,289,275,7,0,7,3770,8,12,0,0,0,0,0,0,81,lru,0,0,0,0,0,0,64,60,64,0,4,0,3,6,6,3801088,3801088,0,2671,794,7602176,7602176,0,3801088,6,7514995031434341278
layer,1,0,0,80,prefill,16,35,32,3,1328,519,293,167,10,0,10,2146,7,6,0,0,0,0,0,0,81,lru,0,0,0,0,0,0,64,61,64,0,3,0,6,6,3,3801088,1900544,0,1328,612,5701632,5701632,0,1900544,3,15509503112609047627
layer,1,0,0,80,prefill,17,37,33,4,0,740,304,268,7,0,7,1109,7,3,0,0,0,0,0,0,81,lru,0,0,0,0,0,0,64,60,64,0,4,0,4,12,0,7602176,0,0,0,869,7602176,7602176,0,0,0,16627564836636034740
layer,1,0,0,80,prefill,18,37,33,4,2673,722,269,306,6,0,6,3806,8,14,0,0,0,0,0,0,81,lru,0,0,0,0,0,0,64,60,64,0,4,0,4,6,6,3801088,3801088,0,2675,802,7602176,7602176,0,3801088,6,5205153589273186069
layer,1,0,0,80,prefill,19,36,32,4,2720,747,292,299,7,0,7,3834,7,11,0,0,0,0,0,0,81,lru,0,0,0,0,0,0,64,60,64,0,4,0,6,6,6,3801088,3801088,0,2720,792,7602176,7602176,0,3801088,6,7297332083327472291
layer,1,0,0,80,prefill,20,28,26,2,2749,362,1319,155,9,0,9,3263,8,8,0,0,0,0,0,0,81,lru,0,0,0,0,0,0,64,62,64,0,2,0,3,0,6,0,3801088,0,2751,269,3801088,3801088,0,3801088,6,6309633898939668621
layer,1,0,0,80,prefill,21,30,26,4,4703,778,294,327,9,0,9,5803,11,15,0,0,0,0,0,0,81,lru,0,0,0,0,0,0,64,60,64,0,4,0,12,3,9,1900544,5701632,0,4706,731,7602176,7602176,0,5701632,9,6558079152362632854
layer,1,0,0,80,prefill,22,39,35,4,1565,718,263,290,10,0,10,5394,8,5,0,0,0,0,0,0,81,lru,0,0,0,0,0,0,64,60,64,0,4,0,6,9,3,5701632,1900544,0,1566,3517,7602176,7602176,0,1900544,3,1460182427026177975
layer,1,0,0,80,prefill,23,41,34,7,6287,1227,323,451,9,0,9,10768,8,2,0,0,0,0,0,0,81,lru,0,0,0,0,0,0,64,56,64,0,7,0,4,9,12,5701632,7602176,0,6289,3935,13303808,13303808,0,7602176,12,6609007211365028440
layer,1,0,0,80,prefill,24,37,30,7,8812,1249,309,513,9,0,9,11425,8,15,0,0,0,0,0,0,81,lru,0,0,0,0,0,0,64,57,64,0,7,0,7,3,18,1900544,11403264,0,8817,2068,13303808,13303808,0,11403264,18,596569742676353044
layer,1,0,0,80,prefill,25,37,34,3,2875,524,309,209,7,0,7,4467,7,21,0,0,0,0,0,0,81,lru,0,0,0,0,0,0,64,61,64,0,3,0,4,3,6,1900544,3801088,0,2875,1306,5701632,5701632,0,3801088,6,11156546936106907534
layer,1,0,0,80,prefill,26,34,30,4,3997,703,251,299,7,0,7,5787,8,22,0,0,0,0,0,0,81,lru,0,0,0,0,0,0,64,60,64,0,4,0,4,3,9,1900544,5701632,0,3998,1472,7602176,7602176,0,5701632,9,12111175231204904614
layer,1,0,0,80,prefill,27,36,29,7,7019,1176,297,424,8,0,8,10290,8,18,0,0,0,0,0,0,81,lru,0,0,0,0,0,0,64,56,64,0,7,0,4,6,15,3801088,9502720,0,7022,2764,13303808,13303808,0,9502720,15,23261546184996331
layer,1,0,0,80,prefill,28,34,29,5,1360,851,302,373,7,0,7,5933,8,6,0,0,0,0,0,0,81,lru,0,0,0,0,0,0,64,56,64,0,5,0,4,12,3,7602176,1900544,0,1360,4182,9502720,9502720,0,1900544,3,1854531048986742467
layer,1,0,0,80,prefill,29,38,32,6,2925,994,320,335,6,0,6,7760,8,2,0,0,0,0,0,0,81,lru,0,0,0,0,0,0,64,57,64,0,6,0,4,12,6,7602176,3801088,0,2927,4426,11403264,11403264,0,3801088,6,1986398350412620204
layer,1,0,0,80,prefill,30,38,30,8,5159,1335,265,487,7,0,7,10486,8,16,0,0,0,0,0,0,81,lru,0,0,0,0,0,0,64,56,64,0,8,0,7,12,12,7602176,7602176,0,5160,4737,15204352,15204352,0,7602176,12,17629393767743008271
layer,1,0,0,80,prefill,31,38,30,8,6906,1285,314,397,6,0,6,11111,8,28,0,0,0,0,0,0,81,lru,0,0,0,0,0,0,64,55,64,0,8,0,4,9,15,5701632,9502720,0,6911,3691,15204352,15204352,0,9502720,15,8885757853273657243
layer,1,0,0,80,prefill,32,43,31,12,5475,1972,308,656,5,0,5,13076,8,13,0,0,0,0,0,0,81,lru,0,0,0,0,0,0,64,51,64,0,12,0,6,24,12,15204352,7602176,0,5476,6934,22806528,22806528,0,7602176,12,17004974318606579522
layer,1,0,0,80,prefill,33,43,33,10,6376,1555,340,464,6,0,6,11157,8,18,0,0,0,0,0,0,81,lru,0,0,0,0,0,0,64,54,64,0,10,0,4,15,15,9502720,9502720,0,6376,4068,19005440,19005440,0,9502720,15,2563373394325405209
layer,1,0,0,80,prefill,34,43,38,5,5784,870,285,241,8,0,8,7050,9,12,0,0,0,0,0,0,81,lru,0,0,0,0,0,0,64,59,64,0,5,0,10,3,12,2039808,8159232,0,5785,918,10199040,10199040,0,8159232,12,14754183763477460246
layer,1,0,0,80,prefill,35,34,28,6,5537,927,300,273,6,0,6,8359,8,13,0,0,0,0,0,0,81,lru,0,0,0,0,0,0,64,57,64,0,6,0,4,6,12,3801088,7602176,0,5538,2417,11403264,11403264,0,7602176,12,7153352719819081150
layer,1,0,0,80,prefill,36,39,30,9,9636,1363,294,522,5,0,5,13121,8,5,0,0,0,0,0,0,81,lru,0,0,0,0,0,0,64,55,64,0,9,0,6,6,21,3801088,13303808,0,9637,2958,17104896,17104896,0,13303808,21,13922684035459502059
layer,1,0,0,80,prefill,37,29,22,7,7526,1043,268,294,9,0,9,9723,7,6,0,0,0,0,0,0,81,lru,0,0,0,0,0,0,64,57,64,0,7,0,3,3,18,1900544,11403264,0,7530,1699,13303808,13303808,0,11403264,18,3462278370767298310
layer,1,0,0,80,prefill,38,33,24,9,10729,1300,268,310,7,0,7,13368,8,17,0,0,0,0,0,0,81,lru,0,0,0,0,0,0,64,55,64,0,9,0,3,3,24,2039808,16318464,0,10733,2124,18358272,18358272,0,16318464,24,16987730987896617635
layer,1,0,0,80,prefill,39,31,22,9,11894,1303,392,352,4,0,4,13676,7,14,0,0,0,0,0,0,81,lru,0,0,0,0,0,0,64,55,64,0,9,0,4,0,27,0,18358272,0,11897,1272,18358272,18358272,0,18358272,27,6382256026452872057
layer,1,0,0,88,prefill,0,53,25,28,8777,4473,355,1374,5,0,5,16728,7,5,0,0,0,0,0,0,81,lru,0,0,0,0,0,0,64,36,64,0,28,0,5,63,21,39911424,13303808,0,8782,6609,53215232,53215232,0,13303808,21,15658934725714901677
layer,1,0,0,88,prefill,1,42,21,21,6176,3194,306,801,8,0,8,11479,7,5,0,0,0,0,0,0,81,lru,0,0,0,0,0,0,64,38,64,0,21,0,5,48,15,30408704,9502720,0,6177,4387,39911424,39911424,0,9502720,15,10406613441897489022
layer,1,0,0,88,prefill,2,46,23,23,5117,3457,297,1938,8,0,8,12310,8,35,0,0,0,0,0,0,81,lru,0,0,0,0,0,0,64,35,64,0,23,0,5,57,12,36110336,7602176,0,5119,5228,43712512,43712512,0,7602176,12,4622233735469145920
layer,1,0,0,88,prefill,3,36,23,13,13463,1863,284,538,8,0,8,16018,9,16,0,0,0,0,0,0,81,lru,0,0,0,0,0,0,64,46,64,0,13,0,5,6,33,3801088,20905984,0,13467,1823,24707072,24707072,0,20905984,33,2355569012020176895
layer,1,0,0,88,prefill,4,32,25,7,4855,1095,274,266,8,0,8,6472,8,7,0,0,0,0,0,0,81,lru,0,0,0,0,0,0,64,55,64,0,7,0,4,9,12,5701632,7602176,0,4855,1224,13303808,13303808,0,7602176,12,15636517785402941822
layer,1,0,0,88,prefill,5,31,26,5,1232,786,294,219,8,0,8,2619,7,15,0,0,0,0,0,0,81,lru,0,0,0,0,0,0,64,57,64,0,5,0,4,12,3,7602176,1900544,0,1232,1061,9502720,9502720,0,1900544,3,6190779055939823198
layer,1,0,0,88,prefill,6,30,28,2,1198,335,252,82,8,0,8,1739,8,15,0,0,0,0,0,0,81,lru,0,0,0,0,0,0,64,62,64,0,2,0,3,3,3,1900544,1900544,0,1198,337,3801088,3801088,0,1900544,3,16926246920578384694
layer,1,0,0,88,prefill,7,28,24,4,2551,615,266,169,7,0,7,3567,7,17,0,0,0,0,0,0,81,lru,0,0,0,0,0,0,64,60,64,0,4,0,3,6,6,3801088,3801088,0,2553,745,7602176,7602176,0,3801088,6,4892917540493485243
layer,1,0,0,88,prefill,8,28,26,2,2698,329,267,91,8,0,8,3127,8,4,0,0,0,0,0,0,81,lru,0,0,0,0,0,0,64,60,64,0,2,0,3,0,6,0,3801088,0,2698,254,3801088,3801088,0,3801088,6,13979779732859285124
layer,1,0,0,88,prefill,9,30,26,4,3981,639,270,161,7,0,7,4887,8,4,0,0,0,0,0,0,81,lru,0,0,0,0,0,0,64,60,64,0,4,0,3,3,9,1900544,5701632,0,3982,632,7602176,7602176,0,5701632,9,5532405687517207791
layer,1,0,0,88,prefill,10,32,24,8,4124,1280,241,486,7,0,7,6250,9,7,0,0,0,0,0,0,81,lru,0,0,0,0,0,0,64,55,64,0,8,0,4,15,9,9502720,5701632,0,4125,1674,15204352,15204352,0,5701632,9,11804384518055787192
layer,1,0,0,88,prefill,11,34,27,7,4132,1124,302,441,9,0,9,6068,8,11,0,0,0,0,0,0,81,lru,0,0,0,0,0,0,64,55,64,0,7,0,6,12,9,7602176,5701632,0,4134,1485,13303808,13303808,0,5701632,9,5356732014431138391
layer,1,0,0,88,prefill,12,35,27,8,3962,1321,282,318,7,0,7,5949,8,15,0,0,0,0,0,0,81,lru,0,0,0,0,0,0,64,51,64,0,8,0,4,15,9,9502720,5701632,0,3964,1530,15204352,15204352,0,5701632,9,14410544457018362106
layer,1,0,0,88,prefill,13,32,29,3,2645,475,281,163,7,0,7,3411,8,9,0,0,0,0,0,0,81,lru,0,0,0,0,0,0,64,61,64,0,3,0,4,3,6,1900544,3801088,0,2646,511,5701632,5701632,0,3801088,6,12072048902418027828
layer,1,0,0,88,prefill,14,28,26,2,2686,344,233,74,9,0,9,3108,7,8,0,0,0,0,0,0,81,lru,0,0,0,0,0,0,64,60,64,0,2,0,4,0,6,0,3801088,0,2688,254,3801088,3801088,0,3801088,6,17751993848831445235
layer,1,0,0,88,prefill,15,31,26,5,4089,790,289,202,8,0,8,5323,8,17,0,0,0,0,0,0,81,lru,0,0,0,0,0,0,64,59,64,0,5,0,5,6,9,3801088,5701632,0,4092,886,9502720,9502720,0,5701632,9,7128855342406258689
layer,1,0,0,88,prefill,16,30,24,6,6843,927,282,285,9,0,9,8196,7,18,0,0,0,0,0,0,81,lru,0,0,0,0,0,0,64,56,64,0,6,0,3,3,15,1900544,9502720,0,6845,925,11403264,11403264,0,9502720,15,5893979123652337466
layer,1,0,0,88,prefill,17,36,27,9,5351,1469,290,452,8,0,8,7650,7,6,0,0,0,0,0,0,81,lru,0,0,0,0,0,0,64,53,64,0,9,0,6,15,12,9502720,7602176,0,5352,1824,17104896,17104896,0,7602176,12,12338963111206726404
layer,1,0,0,88,prefill,18,34,27,7,5330,1105,258,319,6,0,6,7071,7,16,0,0,0,0,0,0,81,lru,0,0,0,0,0,0,64,55,64,0,7,0,4,9,12,5701632,7602176,0,5330,1281,13303808,13303808,0,7602176,12,1454871398310527998
layer,1,0,0,88,prefill,19,34,29,5,3809,799,277,235,7,0,7,4988,7,13,0,0,0,0,0,0,81,lru,0,0,0,0,0,0,64,58,64,0,5,0,4,6,9,3801088,5701632,0,3810,842,9502720,9502720,0,5701632,9,12927651768292827938
layer,1,0,0,88,prefill,20,30,27,3,2478,486,277,184,9,0,9,3226,9,18,0,0,0,0,0,0,81,lru,0,0,0,0,0,0,64,60,64,0,3,0,13,3,6,1900544,3801088,0,2478,466,5701632,5701632,0,3801088,6,16135472850441051071
layer,1,0,0,88,prefill,21,32,24,8,6345,1157,276,374,8,0,8,10172,8,10,0,0,0,0,0,0,81,lru,0,0,0,0,0,0,64,56,64,0,8,0,3,9,15,5701632,9502720,0,6346,3378,15204352,15204352,0,9502720,15,8439738635228482844
layer,1,0,0,88,prefill,22,36,28,8,6278,1149,271,325,9,0,9,10116,7,15,0,0,0,0,0,0,81,lru,0,0,0,0,0,0,64,49,64,0,8,0,6,9,15,5701632,9502720,0,6279,3337,15204352,15204352,0,9502720,15,2339013216649526381
layer,1,0,0,88,prefill,23,38,30,8,7334,1156,312,349,9,0,9,10324,7,9,0,0,0,0,0,0,81,lru,0,0,0,0,0,0,64,54,64,0,8,0,4,6,18,3801088,11403264,0,7336,2468,15204352,15204352,0,11403264,18,2001169273248152875
layer,1,0,0,88,prefill,24,37,30,7,4801,919,291,248,9,0,9,8136,7,15,0,0,0,0,0,0,81,lru,0,0,0,0,0,0,64,56,64,0,7,0,7,9,12,5701632,7602176,0,4802,2949,13303808,13303808,0,7602176,12,12577132106459518232
layer,1,0,0,88,prefill,25,35,24,11,8287,1443,284,464,7,0,7,13071,7,25,0,0,0,0,0,0,81,lru,0,0,0,0,0,0,64,49,64,0,11,0,4,12,21,7602176,13303808,0,8288,4224,20905984,20905984,0,13303808,21,14970472310285076018
layer,1,0,0,88,prefill,26,36,28,8,5449,1046,254,278,7,0,7,8795,7,14,0,0,0,0,0,0,81,lru,0,0,0,0,0,0,64,55,64,0,8,0,3,9,15,5701632,9502720,0,5453,2923,15204352,15204352,0,9502720,15,17559078134484723099
layer,1,0,0,88,prefill,27,36,28,8,2245,1008,311,277,9,0,9,7610,7,17,0,0,0,0,0,0,81,lru,0,0,0,0,0,0,64,55,64,0,8,0,6,18,6,11403264,3801088,0,2246,4920,15204352,15204352,0,3801088,6,5461141700165626010
layer,1,0,0,88,prefill,28,38,32,6,3477,768,313,202,8,0,8,6594,7,19,0,0,0,0,0,0,81,lru,0,0,0,0,0,0,64,55,64,0,6,0,3,9,9,5701632,5701632,0,3478,2749,11403264,11403264,0,5701632,9,397882975913305149
layer,1,0,0,88,prefill,29,42,31,11,3585,1344,306,339,9,0,9,11007,8,21,0,0,0,0,0,0,81,lru,0,0,0,0,0,0,64,50,64,0,11,0,7,24,9,15204352,5701632,0,3586,6905,20905984,20905984,0,5701632,9,15180272254879638151
layer,1,0,0,88,prefill,30,40,25,15,7205,1953,266,564,8,0,8,14211,7,13,0,0,0,0,0,0,81,lru,0,0,0,0,0,0,64,44,64,0,15,0,4,24,21,15204352,13303808,0,7207,6263,28508160,28508160,0,13303808,21,722040081419776614
layer,1,0,0,88,prefill,31,35,25,10,7569,1282,320,291,6,0,6,11680,7,30,0,0,0,0,0,0,81,lru,0,0,0,0,0,0,64,53,64,0,10,0,3,9,21,5701632,13303808,0,7570,3003,19005440,19005440,0,13303808,21,11548054595730902281
layer,1,0,0,88,prefill,32,43,26,17,8057,2120,307,470,10,0,10,15695,9,6,0,0,0,0,0,0,81,lru,0,0,0,0,0,0,64,41,64,0,17,0,7,30,21,19005440,13303808,0,8058,6903,32309248,32309248,0,13303808,21,8728164264557763858
layer,1,0,0,88,prefill,33,39,18,21,13284,2564,296,591,12,0,12,21157,8,4,0,0,0,0,0,0,81,lru,0,0,0,0,0,0,64,36,64,0,21,0,4,27,36,17104896,22806528,0,13289,6975,39911424,39911424,0,22806528,36,1479401222292464088
layer,1,0,0,88,prefill,34,42,18,24,19262,2887,282,564,6,0,6,29030,7,3,0,0,0,0,0,0,81,lru,0,0,0,0,0,0,64,30,64,0,24,0,4,24,48,16318464,32636928,0,19266,8809,48955392,48955392,0,32636928,48,2122260281301044500
layer,1,0,0,88,prefill,35,39,26,13,11542,1409,291,238,6,0,6,14573,10,3,0,0,0,0,0,0,81,lru,0,0,0,0,0,0,64,47,64,0,13,0,3,6,33,3801088,20905984,0,11546,2470,24707072,24707072,0,20905984,33,8991313129355179352
layer,1,0,0,88,prefill,36,40,21,19,17534,2059,307,1233,6,0,6,21431,8,21,0,0,0,0,0,0,81,lru,0,0,0,0,0,0,64,38,64,0,19,0,4,9,48,5701632,30408704,0,17534,2804,36110336,36110336,0,30408704,48,308481756609259362
layer,1,0,0,88,prefill,37,30,15,15,14273,1594,272,329,8,0,8,16925,9,3,0,0,0,0,0,0,81,lru,0,0,0,0,0,0,64,33,64,0,15,0,5,3,42,1900544,26607616,0,14277,2050,28508160,28508160,0,26607616,42,10648082403031660094
layer,1,0,0,88,prefill,38,31,10,21,20432,2340,256,369,8,0,8,25646,8,4,0,0,0,0,0,0,81,lru,0,0,0,0,0,0,64,20,64,0,21,0,3,9,54,6119424,36716544,0,20436,4403,42835968,42835968,0,36716544,54,17670283171994996899
layer,1,0,0,88,prefill,39,38,13,25,28000,2809,424,571,6,0,6,32133,8,5,0,0,0,0,0,0,81,lru,0,0,0,0,0,0,64,14,64,0,25,0,5,0,75,0,50995200,0,28016,3107,50995200,50995200,0,50995200,75,8573639772347020424
layer,1,0,0,96,prefill,0,51,34,17,2014,2008,335,462,7,0,7,6020,8,11,0,0,0,0,0,0,81,lru,0,0,0,0,0,0,64,47,64,0,17,0,5,45,6,28508160,3801088,0,2014,3366,32309248,32309248,0,3801088,6,3788290259744874111
layer,1,0,0,96,prefill,1,47,31,16,6612,1839,319,413,7,0,7,10144,8,4,0,0,0,0,0,0,81,lru,0,0,0,0,0,0,64,45,64,0,16,0,5,30,18,19005440,11403264,0,6614,2926,30408704,30408704,0,11403264,18,17745703452698455299
layer,1,0,0,96,prefill,2,50,28,22,8692,2503,303,1216,8,0,8,13586,8,16,0,0,0,0,0,0,81,lru,0,0,0,0,0,0,64,37,64,0,22,0,4,42,24,26607616,15204352,0,8697,3982,41811968,41811968,0,15204352,24,2077281836189204833
layer,1,0,0,96,prefill,3,42,22,20,9414,2274,301,422,10,0,10,13403,9,3,0,0,0,0,0,0,81,lru,0,0,0,0,0,0,64,44,64,0,20,0,5,33,27,20905984,17104896,0,9414,3223,38010880,38010880,0,17104896,27,4400239435584786907
layer,1,0,0,96,prefill,4,36,29,7,3339,844,286,167,8,0,8,4758,8,3,0,0,0,0,0,0,81,lru,0,0,0,0,0,0,64,57,64,0,7,0,3,12,9,7602176,5701632,0,3340,1108,13303808,13303808,0,5701632,9,10396693394216311085
layer,1,0,0,96,prefill,5,33,24,9,3308,1080,280,202,8,0,8,5221,7,3,0,0,0,0,0,0,81,lru,0,0,0,0,0,0,64,53,64,0,9,0,3,18,9,11403264,5701632,0,3309,1528,17104896,17104896,0,5701632,9,3678954889273171720
layer,1,0,0,96,prefill,6,28,20,8,4600,941,234,164,9,0,9,6207,8,3,0,0,0,0,0,0,81,lru,0,0,0,0,0,0,64,47,64,0,8,0,4,12,12,7602176,7602176,0,4601,1271,15204352,15204352,0,7602176,12,8559489387226676946
layer,1,0,0,96,prefill,7,31,20,11,10853,1209,270,221,7,0,7,12451,7,3,0,0,0,0,0,0,81,lru,0,0,0,0,0,0,64,45,64,0,11,0,3,3,30,1900544,19005440,0,10856,1135,20905984,20905984,0,19005440,30,15047978337222208907
layer,1,0,0,96,prefill,8,31,23,8,8497,879,278,135,7,0,7,9671,8,2,0,0,0,0,0,0,81,lru,0,0,0,0,0,0,64,55,64,0,8,0,3,0,24,0,15204352,0,8501,791,15204352,15204352,0,15204352,24,5443579991539797103
layer,1,0,0,96,prefill,9,30,21,9,6485,998,302,213,7,0,7,8084,7,22,0,0,0,0,0,0,81,lru,0,0,0,0,0,0,64,52,64,0,9,0,7,9,18,5701632,11403264,0,6486,1182,17104896,17104896,0,11403264,18,14562245946279819103
layer,1,0,0,96,prefill,10,30,23,7,2158,819,238,180,7,0,7,3827,8,3,0,0,0,0,0,0,81,lru,0,0,0,0,0,0,64,53,64,0,7,0,3,15,6,9502720,3801088,0,2158,1376,13303808,13303808,0,3801088,6,11877065239830424847
layer,1,0,0,96,prefill,11,32,27,5,2184,621,278,98,8,0,8,3216,8,15,0,0,0,0,0,0,81,lru,0,0,0,0,0,0,64,59,64,0,5,0,8,9,6,5701632,3801088,0,2185,775,9502720,9502720,0,3801088,6,2497345357113088197
layer,1,0,0,96,prefill,12,33,23,10,3138,1220,278,237,10,0,10,5196,8,3,0,0,0,0,0,0,81,lru,0,0,0,0,0,0,64,49,64,0,10,0,3,21,9,13303808,5701632,0,3139,1653,19005440,19005440,0,5701632,9,672750718694315891
layer,1,0,0,96,prefill,13,28,23,5,4215,612,266,112,8,0,8,5042,8,3,0,0,0,0,0,0,81,lru,0,0,0,0,0,0,64,57,64,0,5,0,3,3,12,1900544,7602176,0,4216,582,9502720,9502720,0,7602176,12,9332695662684461294
layer,1,0,0,96,prefill,14,29,22,7,1108,884,237,195,8,0,8,2920,7,4,0,0,0,0,0,0,81,lru,0,0,0,0,0,0,64,54,64,0,7,0,3,18,3,11403264,1900544,0,1108,1455,13303808,13303808,0,1900544,3,7650228495691957572
layer,1,0,0,96,prefill,15,31,24,7,7343,797,274,175,8,0,8,8368,7,15,0,0,0,0,0,0,81,lru,0,0,0,0,0,0,64,56,64,0,7,0,3,0,21,0,13303808,0,7347,661,13303808,13303808,0,13303808,21,88480287164282116
layer,1,0,0,96,prefill,16,30,28,2,2051,282,270,46,8,0,8,2399,7,10,0,0,0,0,0,0,81,lru,0,0,0,0,0,0,64,62,64,0,2,0,4,0,6,0,3801088,0,2052,185,3801088,3801088,0,3801088,6,517808435089484637
layer,1,0,0,96,prefill,17,30,25,5,5443,531,297,109,7,0,7,6177,7,4,0,0,0,0,0,0,81,lru,0,0,0,0,0,0,64,58,64,0,5,0,5,0,15,0,9502720,0,5444,484,9502720,9502720,0,9502720,15,13861839386762031180
layer,1,0,0,96,prefill,18,23,19,4,1136,515,227,110,8,0,8,2145,7,2,0,0,0,0,0,0,81,lru,0,0,0,0,0,0,64,56,64,0,4,0,3,9,3,5701632,1900544,0,1136,816,7602176,7602176,0,1900544,3,13732163846023569221
layer,1,0,0,96,prefill,19,30,24,6,3229,1679,278,1282,7,0,7,6955,7,19,0,0,0,0,0,0,81,lru,0,0,0,0,0,0,64,56,64,0,6,0,3,9,9,5701632,5701632,0,3231,2404,11403264,11403264,0,5701632,9,1830048886365396871
layer,1,0,0,96,prefill,20,35,27,8,7792,948,288,250,8,0,8,9602,9,7,0,0,0,0,0,0,81,lru,0,0,0,0,0,0,64,53,64,0,8,0,8,3,21,1900544,13303808,0,7795,1396,15204352,15204352,0,13303808,21,747542028332889990
layer,1,0,0,96,prefill,21,32,26,6,5784,728,277,164,8,0,8,7382,8,25,0,0,0,0,0,0,81,lru,0,0,0,0,0,0,64,56,64,0,6,0,4,3,15,1900544,9502720,0,5787,1276,11403264,11403264,0,9502720,15,17389871508126280179
layer,1,0,0,96,prefill,22,28,22,6,2406,724,235,142,8,0,8,5877,8,4,0,0,0,0,0,0,81,lru,0,0,0,0,0,0,64,56,64,0,6,0,5,12,6,7602176,3801088,0,2407,3194,11403264,11403264,0,3801088,6,14915477813427162336
layer,1,0,0,96,prefill,23,33,27,6,2221,721,276,159,9,0,9,5693,7,6,0,0,0,0,0,0,81,lru,0,0,0,0,0,0,64,54,64,0,6,0,3,12,6,7602176,3801088,0,2223,3184,11403264,11403264,0,3801088,6,430999488973980934
layer,1,0,0,96,prefill,24,30,25,5,1126,619,270,127,9,0,9,4528,7,20,0,0,0,0,0,0,81,lru,0,0,0,0,0,0,64,57,64,0,5,0,5,12,3,7602176,1900544,0,1128,3137,9502720,9502720,0,1900544,3,9398911933563785260
layer,1,0,0,96,prefill,25,28,19,9,7989,1058,274,204,8,0,8,10631,7,4,0,0,0,0,0,0,81,lru,0,0,0,0,0,0,64,52,64,0,9,0,2,6,21,3801088,13303808,0,7991,2230,17104896,17104896,0,13303808,21,7134279914493978340
layer,1,0,0,96,prefill,26,29,21,8,3169,940,240,219,8,0,8,7621,7,8,0,0,0,0,0,0,81,lru,0,0,0,0,0,0,64,51,64,0,8,0,3,15,9,9502720,5701632,0,3171,4059,15204352,15204352,0,5701632,9,17751732856262362685
layer,1,0,0,96,prefill,27,29,21,8,5576,958,270,208,8,0,8,8667,7,19,0,0,0,0,0,0,81,lru,0,0,0,0,0,0,64,52,64,0,8,0,3,9,15,5701632,9502720,0,5576,2674,15204352,15204352,0,9502720,15,16333453345706324640
layer,1,0,0,96,prefill,28,35,23,12,7485,1418,297,292,6,0,6,12347,8,17,0,0,0,0,0,0,81,lru,0,0,0,0,0,0,64,46,64,0,12,0,4,15,21,9502720,13303808,0,7486,4274,22806528,22806528,0,13303808,21,10176723758630261444
layer,1,0,0,96,prefill,29,37,25,12,7967,1400,291,251,10,0,10,12851,7,3,0,0,0,0,0,0,81,lru,0,0,0,0,0,0,64,48,64,0,12,0,5,15,21,9502720,13303808,0,7970,4368,22806528,22806528,0,13303808,21,310908258940385985
layer,1,0,0,96,prefill,30,32,26,6,924,678,245,104,9,0,9,4801,8,3,0,0,0,0,0,0,81,lru,0,0,0,0,0,0,64,54,64,0,6,0,4,15,3,9502720,1900544,0,924,3610,11403264,11403264,0,1900544,3,13801644863623764337
layer,1,0,0,96,prefill,31,35,23,12,4127,2225,283,1352,7,0,7,11406,8,28,0,0,0,0,0,0,81,lru,0,0,0,0,0,0,64,48,64,0,12,0,5,24,12,15204352,7602176,0,4128,5836,22806528,22806528,0,7602176,12,12497142885383807000
layer,1,0,0,96,prefill,32,37,21,16,6686,1917,401,420,9,0,9,14111,9,12,0,0,0,0,0,0,81,lru,0,0,0,0,0,0,64,45,64,0,16,0,8,30,18,19005440,11403264,0,6686,6606,30408704,30408704,0,11403264,18,17027555628131053183
layer,1,0,0,96,prefill,33,37,24,13,8790,1559,293,351,8,0,8,13477,8,22,0,0,0,0,0,0,81,lru,0,0,0,0,0,0,64,46,64,0,13,0,4,15,24,9502720,15204352,0,8792,4034,24707072,24707072,0,15204352,24,12146220670853709894
layer,1,0,0,96,prefill,34,39,24,15,11863,1860,276,340,6,0,6,15476,7,14,0,0,0,0,0,0,81,lru,0,0,0,0,0,0,64,41,64,0,15,0,4,15,30,10199040,20398080,0,11867,2955,30597120,30597120,0,20398080,30,11187964509888254572
layer,1,0,0,96,prefill,35,36,23,13,10684,1457,284,348,6,0,6,13892,7,4,0,0,0,0,0,0,81,lru,0,0,0,0,0,0,64,40,64,0,13,0,4,9,30,5701632,19005440,0,10687,2661,24707072,24707072,0,19005440,30,18201947285513254115
layer,1,0,0,96,prefill,36,32,19,13,13203,1400,277,265,7,0,7,14920,7,9,0,0,0,0,0,0,81,lru,0,0,0,0,0,0,64,38,64,0,13,0,3,0,39,0,24707072,0,13208,1174,24707072,24707072,0,24707072,39,2365571906301198194
layer,1,0,0,96,prefill,37,28,16,12,9336,1311,267,258,8,0,8,11631,7,6,0,0,0,0,0,0,81,lru,0,0,0,0,0,0,64,40,64,0,12,0,3,6,30,3801088,19005440,0,9340,1765,22806528,22806528,0,19005440,30,4173331258111533449
layer,1,0,0,96,prefill,38,28,15,13,12377,1494,244,256,10,0,10,15015,7,3,0,0,0,0,0,0,81,lru,0,0,0,0,0,0,64,44,64,0,13,0,3,6,33,4079616,22437888,0,12380,2121,26517504,26517504,0,22437888,33,4507823932326334241
layer,1,0,0,96,prefill,39,32,20,12,12792,2232,421,1176,6,0,6,15674,8,17,0,0,0,0,0,0,81,lru,0,0,0,0,0,0,64,46,64,0,12,0,3,3,33,2039808,22437888,0,12795,1444,24477696,24477696,0,22437888,33,10573858626336254693
layer,1,0,0,104,prefill,0,44,34,10,1217,1247,310,326,7,0,7,3811,8,25,0,0,0,0,0,0,81,lru,0,0,0,0,0,0,64,52,64,0,10,0,5,27,3,17104896,1900544,0,1217,2157,19005440,19005440,0,1900544,3,9649982086472005441
layer,1,0,0,104,prefill,1,44,33,11,1172,1360,309,269,8,0,8,3801,7,4,0,0,0,0,0,0,81,lru,0,0,0,0,0,0,64,50,64,0,11,0,5,30,3,19005440,1900544,0,1172,2189,20905984,20905984,0,1900544,3,3633975427219571199
layer,1,0,0,104,prefill,2,45,23,22,3492,2756,278,678,9,0,9,9177,8,15,0,0,0,0,0,0,81,lru,0,0,0,0,0,0,64,36,64,0,22,0,5,57,9,36110336,5701632,0,3493,4807,41811968,41811968,0,5701632,9,2951330039315232266
layer,1,0,0,104,prefill,3,39,27,12,9102,1422,291,283,7,0,7,11304,7,4,0,0,0,0,0,0,81,lru,0,0,0,0,0,0,64,49,64,0,12,0,4,12,24,7602176,15204352,0,9106,1675,22806528,22806528,0,15204352,24,603047585867415114
layer,1,0,0,104,prefill,4,34,28,6,6778,686,281,120,7,0,7,7672,8,4,0,0,0,0,0,0,81,lru,0,0,0,0,0,0,64,56,64,0,6,0,4,0,18,0,11403264,0,6779,598,11403264,11403264,0,11403264,18,1430874650015172314
layer,1,0,0,104,prefill,5,28,21,7,5666,838,271,152,7,0,7,6940,8,2,0,0,0,0,0,0,81,lru,0,0,0,0,0,0,64,55,64,0,7,0,3,6,15,3801088,9502720,0,5668,922,13303808,13303808,0,9502720,15,3586889475329078247
layer,1,0,0,104,prefill,6,21,19,2,1125,273,237,30,8,0,8,1648,8,8,0,0,0,0,0,0,81,lru,0,0,0,0,0,0,64,62,64,0,2,0,3,3,3,1900544,1900544,0,1125,341,3801088,3801088,0,1900544,3,11476911150026894572
layer,1,0,0,104,prefill,7,23,18,5,3290,606,259,140,8,0,8,4235,7,2,0,0,0,0,0,0,81,lru,0,0,0,0,0,0,64,54,64,0,5,0,3,6,9,3801088,5701632,0,3291,704,9502720,9502720,0,5701632,9,16754461843682181661
layer,1,0,0,104,prefill,8,22,20,2,0,301,254,78,8,0,8,664,7,12,0,0,0,0,0,0,81,lru,0,0,0,0,0,0,64,62,64,0,2,0,3,6,0,3801088,0,0,0,503,3801088,3801088,0,0,0,15889166494543805440
layer,1,0,0,104,prefill,9,27,20,7,4592,886,266,226,8,0,8,5981,6,4,0,0,0,0,0,0,81,lru,0,0,0,0,0,0,64,54,64,0,7,0,3,9,12,5701632,7602176,0,4594,1066,13303808,13303808,0,7602176,12,13712267602476732099
layer,1,0,0,104,prefill,10,26,22,4,2214,527,233,113,8,0,8,3060,7,3,0,0,0,0,0,0,81,lru,0,0,0,0,0,0,64,60,64,0,4,0,3,6,6,3801088,3801088,0,2214,630,7602176,7602176,0,3801088,6,1382258769555435812
layer,1,0,0,104,prefill,11,28,26,2,0,287,270,61,8,0,8,659,8,6,0,0,0,0,0,0,81,lru,0,0,0,0,0,0,64,61,64,0,2,0,3,6,0,3801088,0,0,0,511,3801088,3801088,0,0,0,13342704076080695745
layer,1,0,0,104,prefill,12,25,23,2,2143,260,284,70,9,0,9,2523,8,20,0,0,0,0,0,0,81,lru,0,0,0,0,0,0,64,61,64,0,2,0,3,0,6,0,3801088,0,2144,194,3801088,3801088,0,3801088,6,12605836574225989696
layer,1,0,0,104,prefill,13,24,19,5,4382,613,261,162,9,0,9,5266,7,14,0,0,0,0,0,0,81,lru,0,0,0,0,0,0,64,53,64,0,5,0,3,3,12,1900544,7602176,0,4384,595,9502720,9502720,0,7602176,12,16057012248249810339
layer,1,0,0,104,prefill,14,31,24,7,4548,953,243,239,7,0,7,5958,7,11,0,0,0,0,0,0,81,lru,0,0,0,0,0,0,64,55,64,0,7,0,4,9,12,5701632,7602176,0,4550,1045,13303808,13303808,0,7602176,12,13276664202887691852
layer,1,0,0,104,prefill,15,23,20,3,2367,389,270,67,9,0,9,3019,7,16,0,0,0,0,0,0,81,lru,0,0,0,0,0,0,64,61,64,0,3,0,4,3,6,1900544,3801088,0,2368,449,5701632,5701632,0,3801088,6,5976587557495553002
layer,1,0,0,104,prefill,16,29,22,7,4640,965,271,187,9,0,9,6072,7,10,0,0,0,0,0,0,81,lru,0,0,0,0,0,0,64,56,64,0,7,0,3,9,12,5701632,7602176,0,4643,1040,13303808,13303808,0,7602176,12,17964101698933607368
layer,1,0,0,104,prefill,17,25,21,4,2267,515,281,171,9,0,9,4335,7,10,0,0,0,0,0,0,81,lru,0,0,0,0,0,0,64,57,64,0,4,0,4,6,6,3801088,3801088,0,2268,1792,7602176,7602176,0,3801088,6,2082281898728968031
layer,1,0,0,104,prefill,18,30,27,3,1081,401,243,68,9,0,9,2875,7,11,0,0,0,0,0,0,81,lru,0,0,0,0,0,0,64,61,64,0,3,0,4,6,3,3801088,1900544,0,1081,1596,5701632,5701632,0,1900544,3,5928043469540834732
layer,1,0,0,104,prefill,19,27,24,3,1081,414,267,1253,9,0,9,3805,7,21,0,0,0,0,0,0,81,lru,0,0,0,0,0,0,64,61,64,0,3,0,3,6,3,3801088,1900544,0,1082,1566,5701632,5701632,0,1900544,3,18213112321088795720
layer,1,0,0,104,prefill,20,26,20,6,3451,773,285,258,10,0,10,6446,8,17,0,0,0,0,0,0,81,lru,0,0,0,0,0,0,64,55,64,0,6,0,4,9,9,5701632,5701632,0,3453,2618,11403264,11403264,0,5701632,9,2231353335222633040
layer,1,0,0,104,prefill,21,25,20,5,4827,650,287,170,9,0,9,6409,8,2,0,0,0,0,0,0,81,lru,0,0,0,0,0,0,64,52,64,0,5,0,4,3,12,1900544,7602176,0,4828,1266,9502720,9502720,0,7602176,12,17987405703910795266
layer,1,0,0,104,prefill,22,27,20,7,3501,922,234,234,11,0,11,7555,7,19,0,0,0,0,0,0,81,lru,0,0,0,0,0,0,64,49,64,0,7,0,3,12,9,7602176,5701632,0,3502,3670,13303808,13303808,0,5701632,9,8328616303026048039
layer,1,0,0,104,prefill,23,31,25,6,2335,809,274,217,9,0,9,6226,7,4,0,0,0,0,0,0,81,lru,0,0,0,0,0,0,64,57,64,0,6,0,4,12,6,7602176,3801088,0,2336,3557,11403264,11403264,0,3801088,6,17213402237245819809
layer,1,0,0,104,prefill,24,32,26,6,6140,814,276,223,8,0,8,7914,7,5,0,0,0,0,0,0,81,lru,0,0,0,0,0,0,64,58,64,0,6,0,3,3,15,1900544,9502720,0,6141,1447,11403264,11403264,0,9502720,15,4722708487982190618
layer,1,0,0,104,prefill,25,26,22,4,1168,549,284,122,9,0,9,3979,7,10,0,0,0,0,0,0,81,lru,0,0,0,0,0,0,64,60,64,0,4,0,4,9,3,5701632,1900544,0,1168,2532,7602176,7602176,0,1900544,3,17893576783898334568
layer,1,0,0,104,prefill,26,29,21,8,5710,1056,240,305,10,0,10,9195,7,9,0,0,0,0,0,0,81,lru,0,0,0,0,0,0,64,54,64,0,8,0,3,9,15,5701632,9502720,0,5712,3040,15204352,15204352,0,9502720,15,12535027048772651580
layer,1,0,0,104,prefill,27,20,17,3,2535,425,275,127,8,0,8,3814,8,11,0,0,0,0,0,0,81,lru,0,0,0,0,0,0,64,59,64,0,3,0,4,3,6,1900544,3801088,0,2536,1043,5701632,5701632,0,3801088,6,11883005629835785046
layer,1,0,0,104,prefill,28,32,27,5,1225,670,297,163,7,0,7,4879,9,18,0,0,0,0,0,0,81,lru,0,0,0,0,0,0,64,58,64,0,5,0,3,12,3,7602176,1900544,0,1226,3334,9502720,9502720,0,1900544,3,9105350010834400951
layer,1,0,0,104,prefill,29,30,22,8,4985,1082,289,309,7,0,7,8647,7,14,0,0,0,0,0,0,81,lru,0,0,0,0,0,0,64,49,64,0,8,0,4,12,12,7602176,7602176,0,4988,3211,15204352,15204352,0,7602176,12,3100218308736090110
layer,1,0,0,104,prefill,30,25,24,1,1116,190,235,39,6,0,6,1337,8,3,0,0,0,0,0,0,81,lru,0,0,0,0,0,0,64,62,64,0,1,0,2,0,3,0,1900544,0,1116,117,1900544,1900544,0,1900544,3,96102659001554398
layer,1,0,0,104,prefill,31,30,24,6,4901,858,271,197,7,0,7,6744,8,16,0,0,0,0,0,0,81,lru,0,0,0,0,0,0,64,52,64,0,6,0,3,6,12,3801088,7602176,0,4903,1480,11403264,11403264,0,7602176,12,1551196370908016008
layer,1,0,0,104,prefill,32,32,27,5,2434,692,304,254,6,0,6,4889,7,10,0,0,0,0,0,0,81,lru,0,0,0,0,0,0,64,58,64,0,5,0,4,9,6,5701632,3801088,0,2434,2126,9502720,9502720,0,3801088,6,978598983349419352
layer,1,0,0,104,prefill,33,34,27,7,2429,1019,301,239,6,0,6,5404,7,18,0,0,0,0,0,0,81,lru,0,0,0,0,0,0,64,53,64,0,7,0,4,15,6,9502720,3801088,0,2429,2577,13303808,13303808,0,3801088,6,2345204743460946464
layer,1,0,0,104,prefill,34,36,29,7,3785,1003,300,250,5,0,5,7629,7,14,0,0,0,0,0,0,81,lru,0,0,0,0,0,0,64,54,64,0,7,0,5,12,9,8159232,6119424,0,3785,3420,14278656,14278656,0,6119424,9,6844977411531450719
layer,1,0,0,104,prefill,35,26,20,6,4774,845,276,230,6,0,6,6712,7,18,0,0,0,0,0,0,81,lru,0,0,0,0,0,0,64,56,64,0,6,0,3,6,12,3801088,7602176,0,4776,1548,11403264,11403264,0,7602176,12,9703406911443137705
layer,1,0,0,104,prefill,36,28,26,2,2221,289,1172,53,7,0,7,2610,7,11,0,0,0,0,0,0,81,lru,0,0,0,0,0,0,64,60,64,0,2,0,2,0,6,0,3801088,0,2221,221,3801088,3801088,0,3801088,6,15149622733502071747
layer,1,0,0,104,prefill,37,26,21,5,4698,775,276,219,11,0,11,5791,10,17,0,0,0,0,0,0,81,lru,0,0,0,0,0,0,64,52,64,0,5,0,10,3,12,1900544,7602176,0,4700,733,9502720,9502720,0,7602176,12,17813974140771983180
layer,1,0,0,104,prefill,38,27,24,3,1385,543,256,215,9,0,9,2265,8,15,0,0,0,0,0,0,81,lru,0,0,0,0,0,0,64,61,64,0,3,0,3,6,3,4079616,2039808,0,1385,629,6119424,6119424,0,2039808,3,9800433346704635611
layer,1,0,0,104,prefill,39,29,24,5,5378,832,391,186,8,0,8,6513,7,10,0,0,0,0,0,0,81,lru,0,0,0,0,0,0,64,57,64,0,5,0,3,3,12,2039808,8159232,0,5381,822,10199040,10199040,0,8159232,12,16964849918813639486
layer,1,0,0,112,prefill,0,59,39,20,9189,3191,365,1038,7,0,7,14621,8,4,0,0,0,0,0,0,81,lru,0,0,0,0,0,0,64,44,64,0,20,0,5,39,21,24707072,13303808,0,9193,4473,38010880,38010880,0,13303808,21,10587053771957484439
layer,1,0,0,112,prefill,1,56,37,19,6456,3188,344,923,9,0,9,11180,7,9,0,0,0,0,0,0,81,lru,0,0,0,0,0,0,64,43,64,0,19,0,6,42,15,26607616,9502720,0,6456,3811,36110336,36110336,0,9502720,15,4439353126860113925
layer,1,0,0,112,prefill,2,55,37,18,1198,2909,321,945,10,0,10,6284,7,22,0,0,0,0,0,0,81,lru,0,0,0,0,0,0,64,44,64,0,18,0,4,51,3,32309248,1900544,0,1198,4217,34209792,34209792,0,1900544,3,2597150424461701360
layer,1,0,0,112,prefill,3,42,28,14,6381,2160,299,721,6,0,6,9842,7,5,0,0,0,0,0,0,81,lru,0,0,0,0,0,0,64,46,64,0,14,0,5,27,15,17104896,9502720,0,6385,2750,26607616,26607616,0,9502720,15,1552739930906808856
layer,1,0,0,112,prefill,4,40,33,7,5326,1043,296,287,7,0,7,6905,8,4,0,0,0,0,0,0,81,lru,0,0,0,0,0,0,64,56,64,0,7,0,4,9,12,5701632,7602176,0,5328,1197,13303808,13303808,0,7602176,12,2252878191159013120
layer,1,0,0,112,prefill,5,38,33,5,2685,786,293,244,7,0,7,4017,8,15,0,0,0,0,0,0,81,lru,0,0,0,0,0,0,64,57,64,0,5,0,5,9,6,5701632,3801088,0,2685,1006,9502720,9502720,0,3801088,6,11111757860279537909
layer,1,0,0,112,prefill,6,32,25,7,5406,1064,245,241,6,0,6,6975,8,13,0,0,0,0,0,0,81,lru,0,0,0,0,0,0,64,57,64,0,7,0,4,9,12,5701632,7602176,0,5407,1171,13303808,13303808,0,7602176,12,673232869823314822
layer,1,0,0,112,prefill,7,28,26,2,1350,343,283,130,8,0,8,1936,7,14,0,0,0,0,0,0,81,lru,0,0,0,0,0,0,64,61,64,0,2,0,4,3,3,1900544,1900544,0,1352,369,3801088,3801088,0,1900544,3,6278095491648467598
layer,1,0,0,112,prefill,8,29,28,1,0,207,269,14,5,0,5,389,7,8,0,0,0,0,0,0,81,lru,0,0,0,0,0,0,64,63,64,0,1,0,3,3,0,1900544,0,0,0,276,1900544,1900544,0,0,0,3151534752394244421
layer,1,0,0,112,prefill,9,27,23,4,0,714,269,159,7,0,7,1040,7,12,0,0,0,0,0,0,81,lru,0,0,0,0,0,0,64,58,64,0,4,0,3,12,0,7602176,0,0,0,793,7602176,7602176,0,0,0,14562218029044418180
layer,1,0,0,112,prefill,10,29,27,2,0,389,235,114,7,0,7,546,8,5,0,0,0,0,0,0,81,lru,0,0,0,0,0,0,64,62,64,0,2,0,3,6,0,3801088,0,0,0,395,3801088,3801088,0,0,0,4517286349166065450
layer,1,0,0,112,prefill,11,34,29,5,1316,844,308,312,7,0,7,2753,8,2,0,0,0,0,0,0,81,lru,0,0,0,0,0,0,64,59,64,0,5,0,4,12,3,7602176,1900544,0,1316,1088,9502720,9502720,0,1900544,3,17819040029722357396
layer,1,0,0,112,prefill,12,32,25,7,3902,1130,293,335,6,0,6,5719,7,19,0,0,0,0,0,0,81,lru,0,0,0,0,0,0,64,54,64,0,7,0,3,12,9,7602176,5701632,0,3902,1393,13303808,13303808,0,5701632,9,12387939423763752238
layer,1,0,0,112,prefill,13,27,24,3,2667,493,288,203,9,0,9,3494,9,8,0,0,0,0,0,0,81,lru,0,0,0,0,0,0,64,61,64,0,3,0,4,3,6,1900544,3801088,1,2668,546,5701632,5701632,0,3801088,6,11832739354366956965
layer,1,0,0,112,prefill,14,30,25,5,6612,789,238,258,7,0,7,7623,8,14,0,0,0,0,0,0,81,lru,0,0,0,0,0,0,64,59,64,0,5,0,3,0,15,0,9502720,0,6614,671,9502720,9502720,0,9502720,15,14653125374423071429
layer,1,0,0,112,prefill,15,30,24,6,5338,1007,288,303,8,0,8,6745,7,17,0,0,0,0,0,0,81,lru,0,0,0,0,0,0,64,57,64,0,6,0,3,6,12,3801088,7602176,0,5338,985,11403264,11403264,0,7602176,12,14730703195368107414
layer,1,0,0,112,prefill,16,35,26,9,6734,1455,314,1447,8,0,8,12454,7,21,0,0,0,0,0,0,81,lru,0,0,0,0,0,0,64,54,64,0,9,0,4,12,15,7602176,9502720,0,6737,4493,17104896,17104896,0,9502720,15,16118784506461880600
layer,1,0,0,112,prefill,17,31,25,6,4099,914,297,338,8,0,8,7859,9,14,0,0,0,0,0,0,81,lru,0,0,0,0,0,0,64,57,64,0,6,0,5,9,9,5701632,5701632,0,4101,3339,11403264,11403264,0,5701632,9,6866760003363348647
layer,1,0,0,112,prefill,18,35,25,10,8013,1509,251,498,8,0,8,13117,8,16,0,0,0,0,0,0,81,lru,0,0,0,0,0,0,64,52,64,0,10,0,4,12,18,7602176,11403264,0,8018,4487,19005440,19005440,0,11403264,18,1082555276020642611
layer,1,0,0,112,prefill,19,33,24,9,6307,1345,292,492,8,0,8,11137,7,14,0,0,0,0,0,0,81,lru,0,0,0,0,0,0,64,53,64,0,9,0,4,12,15,7602176,9502720,0,6309,4222,17104896,17104896,0,9502720,15,5957942451194257405
layer,1,0,0,112,prefill,20,29,22,7,3755,1062,268,339,9,0,9,8120,7,18,0,0,0,0,0,0,81,lru,0,0,0,0,0,0,64,55,64,0,7,0,4,12,9,7602176,5701632,0,3757,3916,13303808,13303808,0,5701632,9,932058493352978515
layer,1,0,0,112,prefill,21,30,25,5,3774,734,292,287,7,0,7,6216,7,11,0,0,0,0,0,0,81,lru,0,0,0,0,0,0,64,58,64,0,5,0,3,6,9,3801088,5701632,1,3776,2078,9502720,9502720,0,5701632,9,10486171468413962138
layer,1,0,0,112,prefill,22,34,29,5,1217,720,250,148,7,0,7,4983,7,12,0,0,0,0,0,0,81,lru,0,0,0,0,0,0,64,58,64,0,5,0,4,12,3,7602176,1900544,0,1217,3487,9502720,9502720,0,1900544,3,6050184084572655240
layer,1,0,0,112,prefill,23,40,31,9,2451,1163,314,360,8,0,8,9131,7,7,0,0,0,0,0,0,81,lru,0,0,0,0,0,0,64,55,64,0,9,0,6,21,6,13303808,3801088,0,2453,6228,17104896,17104896,0,3801088,6,8376071949287279077
layer,1,0,0,112,prefill,24,38,34,4,1291,576,292,156,7,0,7,4193,7,8,0,0,0,0,0,0,81,lru,0,0,0,0,0,0,64,60,64,0,4,0,6,9,3,5701632,1900544,0,1291,2667,7602176,7602176,0,1900544,3,5287337538481051302
layer,1,0,0,112,prefill,25,35,25,10,9103,1377,284,302,7,0,7,13125,7,16,0,0,0,0,0,0,81,lru,0,0,0,0,0,0,64,52,64,0,10,0,4,9,21,5701632,13303808,0,9105,3464,19005440,19005440,0,13303808,21,4770350854763967158
layer,1,0,0,112,prefill,26,28,20,8,3765,1132,234,323,8,0,8,8230,7,9,0,0,0,0,0,0,81,lru,0,0,0,0,0,0,64,54,64,0,8,0,4,15,9,9502720,5701632,0,3766,4019,15204352,15204352,0,5701632,9,9395921948971826110
layer,1,0,0,112,prefill,27,29,24,5,2439,710,267,194,8,0,8,5407,7,6,0,0,0,0,0,0,81,lru,0,0,0,0,0,0,64,58,64,0,5,0,3,9,6,5701632,3801088,0,2439,2676,9502720,9502720,0,3801088,6,7363361596536677766
layer,1,0,0,112,prefill,28,33,28,5,2460,752,300,1208,7,0,7,6145,8,15,0,0,0,0,0,0,81,lru,0,0,0,0,0,0,64,57,64,0,5,0,4,9,6,5701632,3801088,0,2460,2847,9502720,9502720,0,3801088,6,6553617022361855086
layer,1,0,0,112,prefill,29,31,26,5,2342,694,276,196,11,0,11,5449,9,5,0,0,0,0,0,0,81,lru,0,0,0,0,0,0,64,58,64,0,5,0,6,9,6,5701632,3801088,0,2343,2803,9502720,9502720,0,3801088,6,16025777975439736253
layer,1,0,0,112,prefill,30,40,33,7,2258,1017,284,321,9,0,9,5448,8,11,0,0,0,0,0,0,81,lru,0,0,0,0,0,0,64,57,64,0,7,0,5,15,6,9502720,3801088,0,2258,2783,13303808,13303808,0,3801088,6,11313001548877461430
layer,1,0,0,112,prefill,31,32,28,4,2517,629,278,144,8,0,8,3467,7,9,0,0,0,0,0,0,81,lru,0,0,0,0,0,0,64,60,64,0,4,0,4,6,6,3801088,3801088,0,2518,700,7602176,7602176,0,3801088,6,166551856241079221
layer,1,0,0,112,prefill,32,33,28,5,1208,791,300,163,7,0,7,3199,7,19,0,0,0,0,0,0,81,lru,0,0,0,0,0,0,64,59,64,0,5,0,3,12,3,7602176,1900544,0,1208,1684,9502720,9502720,0,1900544,3,1705067194145914492
layer,1,0,0,112,prefill,33,37,33,4,2544,598,294,133,6,0,6,4220,7,13,0,0,0,0,0,0,81,lru,0,0,0,0,0,0,64,59,64,0,4,0,4,6,6,3801088,3801088,0,2547,1403,7602176,7602176,0,3801088,6,2138823847571005220
layer,1,0,0,112,prefill,34,38,32,6,5553,995,272,206,5,0,5,7016,7,7,0,0,0,0,0,0,81,lru,0,0,0,0,0,0,64,58,64,0,6,0,4,6,12,4079616,8159232,0,5555,1104,12238848,12238848,0,8159232,12,18059587598216848737
layer,1,0,0,112,prefill,35,31,28,3,2481,463,271,152,5,0,5,3852,8,5,0,0,0,0,0,0,81,lru,0,0,0,0,0,0,64,61,64,0,3,0,4,3,6,1900544,3801088,0,2482,1151,5701632,5701632,0,3801088,6,8604443247396874284
layer,1,0,0,112,prefill,36,35,32,3,1244,515,284,84,6,0,6,2054,8,17,0,0,0,0,0,0,81,lru,0,0,0,0,0,0,64,61,64,0,3,0,4,6,3,3801088,1900544,0,1244,601,5701632,5701632,0,1900544,3,9851948930767552480
layer,1,0,0,112,prefill,37,28,24,4,3611,610,265,167,7,0,7,5172,7,12,0,0,0,0,0,0,81,lru,0,0,0,0,0,0,64,60,64,0,4,0,3,3,9,1900544,5701632,0,3611,1300,7602176,7602176,0,5701632,9,17788307506449111363
layer,1,0,0,112,prefill,38,27,25,2,2788,348,252,121,7,0,7,3315,8,9,0,0,0,0,0,0,81,lru,0,0,0,0,0,0,64,62,64,0,2,0,3,0,6,0,4079616,0,2788,310,4079616,4079616,0,4079616,6,16790601630275632821
layer,1,0,0,112,prefill,39,35,33,2,2822,351,2312,142,6,0,6,3369,8,16,0,0,0,0,0,0,81,lru,0,0,0,0,0,0,64,62,64,0,2,0,4,0,6,0,4079616,0,2823,326,4079616,4079616,0,4079616,6,963239747490621888
layer,1,0,0,120,prefill,0,48,21,27,0,5366,348,1997,7,0,7,7659,11,21,0,0,0,0,0,0,81,lru,0,0,0,0,0,0,64,36,64,0,27,0,5,81,0,51314688,0,0,0,6324,51314688,51314688,0,0,0,4056084998729907822
layer,1,0,0,120,prefill,1,48,20,28,1378,5803,320,2317,8,0,8,10118,8,19,0,0,0,0,0,0,81,lru,0,0,0,0,0,0,64,31,64,0,28,0,5,81,3,51314688,1900544,0,1378,7304,53215232,53215232,0,1900544,3,7424101195624515981
layer,1,0,0,120,prefill,2,50,21,29,2805,5810,307,2343,8,0,8,12002,8,30,0,0,0,0,0,0,81,lru,0,0,0,0,0,0,64,29,64,0,29,0,6,81,6,51314688,3801088,0,2806,7628,55115776,55115776,0,3801088,6,371161802781161693
layer,1,0,0,120,prefill,3,43,23,20,1442,3983,328,1662,8,0,8,7918,8,6,0,0,0,0,0,0,81,lru,0,0,0,0,0,0,64,42,64,0,20,0,4,57,3,36110336,1900544,0,1443,5344,38010880,38010880,0,1900544,3,2374556431038508872
layer,1,0,0,120,prefill,4,37,31,6,0,1271,307,679,7,0,7,1850,8,15,0,0,0,0,0,0,81,lru,0,0,0,0,0,0,64,56,64,0,6,0,6,18,0,11403264,0,0,0,1429,11403264,11403264,0,0,0,10095493148891729854
layer,1,0,0,120,prefill,5,38,28,10,4674,1932,313,855,7,0,7,7698,7,17,0,0,0,0,0,0,81,lru,0,0,0,0,0,0,64,51,64,0,10,0,5,21,9,13303808,5701632,0,4677,2371,19005440,19005440,0,5701632,9,17068972548366483387
layer,1,0,0,120,prefill,6,40,35,5,4548,950,295,1392,7,0,7,5910,7,8,0,0,0,0,0,0,81,lru,0,0,0,0,0,0,64,58,64,0,5,0,5,6,9,3801088,5701632,0,4550,970,9502720,9502720,0,5701632,9,6162258075785885011
layer,1,0,0,120,prefill,7,29,25,4,1550,821,268,310,10,0,10,2785,9,14,0,0,0,0,0,0,81,lru,0,0,0,0,0,0,64,60,64,0,4,0,7,9,3,5701632,1900544,0,1550,938,7602176,7602176,0,1900544,3,14312608012665742640
layer,1,0,0,120,prefill,8,33,33,0,0,0,307,0,0,0,0,37,7,2,0,0,0,0,0,0,81,lru,0,0,0,0,0,0,64,64,64,0,0,0,4,0,0,0,0,0,0,0,0,0,0,0,0,12350308554249092553
layer,1,0,0,120,prefill,9,32,27,5,1530,995,302,378,6,0,6,3169,7,10,0,0,0,0,0,0,81,lru,0,0,0,0,0,0,64,59,64,0,5,0,4,12,3,7602176,1900544,0,1531,1281,9502720,9502720,0,1900544,3,5620733008427051324
layer,1,0,0,120,prefill,10,39,31,8,3025,1589,284,615,7,0,7,5582,7,3,0,0,0,0,0,0,81,lru,0,0,0,0,0,0,64,55,64,0,8,0,5,18,6,11403264,3801088,0,3025,1988,15204352,15204352,0,3801088,6,7121559874030330268
layer,1,0,0,120,prefill,11,39,32,7,1598,1492,304,518,7,0,7,3990,7,14,0,0,0,0,0,0,81,lru,0,0,0,0,0,0,64,54,64,0,7,0,4,18,3,11403264,1900544,0,1599,1908,13303808,13303808,0,1900544,3,3788812388482235250
layer,1,0,0,120,prefill,12,29,26,3,1532,639,270,255,7,0,7,2498,8,13,0,0,0,0,0,0,81,lru,0,0,0,0,0,0,64,59,64,0,3,0,5,6,3,3801088,1900544,0,1532,702,5701632,5701632,0,1900544,3,9173149187080575381
layer,1,0,0,120,prefill,13,34,28,6,4649,1197,284,399,8,0,8,6469,7,19,0,0,0,0,0,0,81,lru,0,0,0,0,0,0,64,56,64,0,6,0,4,9,9,5701632,5701632,0,4649,1387,11403264,11403264,0,5701632,9,7565900974243741170
layer,1,0,0,120,prefill,14,35,31,4,3066,726,263,286,8,0,8,5915,8,13,0,0,0,0,0,0,81,lru,0,0,0,0,0,0,64,57,64,0,4,0,8,6,6,3801088,3801088,0,3066,2487,7602176,7602176,0,3801088,6,14396456525229930132
layer,1,0,0,120,prefill,15,34,29,5,6064,905,278,279,8,0,8,8203,7,15,0,0,0,0,0,0,81,lru,0,0,0,0,0,0,64,57,64,0,5,0,4,3,12,1900544,7602176,0,6066,1739,9502720,9502720,0,7602176,12,13188598940327978950
layer,1,0,0,120,prefill,16,36,32,4,3113,680,306,204,8,0,8,5891,7,6,0,0,0,0,0,0,81,lru,0,0,0,0,0,0,64,58,64,0,4,0,4,6,6,3801088,3801088,0,3113,2468,7602176,7602176,0,3801088,6,3599742320455995278
layer,1,0,0,120,prefill,17,36,30,6,2955,1045,312,433,6,0,6,8037,7,11,0,0,0,0,0,0,81,lru,0,0,0,0,0,0,64,55,64,0,6,0,4,12,6,7602176,3801088,0,2958,4638,11403264,11403264,0,3801088,6,16489151001994601558
layer,1,0,0,120,prefill,18,37,27,10,7069,1658,280,631,8,0,8,13625,7,15,0,0,0,0,0,0,81,lru,0,0,0,0,0,0,64,53,64,0,10,0,4,15,15,9502720,9502720,0,7072,5898,19005440,19005440,0,9502720,15,6220288267011103318
layer,1,0,0,120,prefill,19,34,28,6,5555,1024,296,358,7,0,7,8627,7,12,0,0,0,0,0,0,81,lru,0,0,0,0,0,0,64,57,64,0,6,0,3,6,12,3801088,7602176,0,5557,2623,11403264,11403264,0,7602176,12,2428151632534151731
layer,1,0,0,120,prefill,20,33,33,0,0,0,304,0,0,0,0,39,7,2,0,0,0,0,0,0,81,lru,0,0,0,0,0,0,64,64,64,0,0,0,6,0,0,0,0,0,0,0,0,0,0,0,0,2615863728085977926
layer,1,0,0,120,prefill,21,30,27,3,1378,521,282,177,7,0,7,3873,9,12,0,0,0,0,0,0,81,lru,0,0,0,0,0,0,64,60,64,0,3,0,4,6,3,3801088,1900544,0,1378,2227,5701632,5701632,0,1900544,3,5260642011594873595
layer,1,0,0,120,prefill,22,36,28,8,0,1326,253,398,9,0,9,8681,7,13,0,0,0,0,0,0,81,lru,0,0,0,0,0,0,64,56,64,0,8,0,4,24,0,15204352,0,0,0,8228,15204352,15204352,0,0,0,9283686438478052394
layer,1,0,0,120,prefill,23,36,33,3,0,523,294,157,8,0,8,3307,7,16,0,0,0,0,0,0,81,lru,0,0,0,0,0,0,64,60,64,0,3,0,6,9,0,5701632,0,0,0,3033,5701632,5701632,0,0,0,16696626834741708739
layer,1,0,0,120,prefill,24,32,29,3,1406,524,293,200,8,0,8,3905,7,12,0,0,0,0,0,0,81,lru,0,0,0,0,0,0,64,58,64,0,3,0,4,6,3,3801088,1900544,0,1406,2220,5701632,5701632,0,1900544,3,1020574207049104524
layer,1,0,0,120,prefill,25,35,25,10,5802,2351,287,1580,6,0,6,13953,7,16,0,0,0,0,0,0,81,lru,0,0,0,0,0,0,64,49,64,0,10,0,6,18,12,11403264,7602176,0,5806,6812,19005440,19005440,0,7602176,12,15545661358465967943
layer,1,0,0,120,prefill,26,36,31,5,7138,838,263,349,11,0,11,8280,8,11,0,0,0,0,0,0,81,lru,0,0,0,0,0,0,64,59,64,0,5,0,5,0,15,0,9502720,0,7139,757,9502720,9502720,0,9502720,15,2311728677490576701
layer,1,0,0,120,prefill,27,37,30,7,5741,1202,289,405,9,0,9,9203,7,4,0,0,0,0,0,0,81,lru,0,0,0,0,0,0,64,55,64,0,7,0,4,9,12,5701632,7602176,0,5745,2962,13303808,13303808,0,7602176,12,5965537801550005679
layer,1,0,0,120,prefill,28,39,30,9,6940,1552,324,649,6,0,6,10031,7,2,0,0,0,0,0,0,81,lru,0,0,0,0,0,0,64,52,64,0,9,0,6,12,15,7602176,9502720,0,6941,2522,17104896,17104896,0,9502720,15,16086154240368557672
layer,1,0,0,120,prefill,29,39,24,15,4180,2464,299,759,8,0,8,14432,7,13,0,0,0,0,0,0,81,lru,0,0,0,0,0,0,64,43,64,0,15,0,4,36,9,22806528,5701632,0,4181,9478,28508160,28508160,0,5701632,9,14034507659038126430
layer,1,0,0,120,prefill,30,43,30,13,7209,2038,281,777,8,0,8,13202,7,14,0,0,0,0,0,0,81,lru,0,0,0,0,0,0,64,45,64,0,13,0,4,21,18,13303808,11403264,0,7211,5238,24707072,24707072,0,11403264,18,17632416779984943534
layer,1,0,0,120,prefill,31,44,32,12,6192,1867,324,625,8,0,8,11823,7,18,0,0,0,0,0,0,81,lru,0,0,0,0,0,0,64,50,64,0,12,0,4,21,15,13303808,9502720,0,6196,4909,22806528,22806528,0,9502720,15,3237212756208100201
layer,1,0,0,120,prefill,32,43,26,17,2478,2796,307,922,7,0,7,7992,8,7,0,0,0,0,0,0,81,lru,0,0,0,0,0,0,64,43,64,0,17,0,4,45,6,28508160,3801088,0,2478,4702,32309248,32309248,0,3801088,6,12762747962945513954
layer,1,0,0,120,prefill,33,47,25,22,8635,3258,336,936,6,0,6,19386,7,27,0,0,0,0,0,0,81,lru,0,0,0,0,0,0,64,39,64,0,22,0,5,45,21,28508160,13303808,1,8637,9692,41811968,41811968,0,13303808,21,9019196455286968370
layer,1,0,0,120,prefill,34,47,24,23,9690,3479,296,2144,6,0,6,20606,7,7,0,0,0,0,0,0,81,lru,0,0,0,0,0,0,64,34,64,0,23,0,5,48,21,32636928,14278656,0,9693,9749,46915584,46915584,0,14278656,21,7183439607676768467
layer,1,0,0,120,prefill,35,50,33,17,12317,2205,340,579,8,0,8,17707,9,15,0,0,0,0,0,0,81,lru,0,0,0,0,0,0,64,46,64,0,17,0,5,21,30,13303808,19005440,0,12318,4553,32309248,32309248,0,19005440,30,4545913852363865182
layer,1,0,0,120,prefill,36,44,25,19,11807,2442,327,597,8,0,8,19161,8,16,0,0,0,0,0,0,81,lru,0,0,0,0,0,0,64,39,64,0,19,0,4,27,30,17104896,19005440,0,11809,6461,36110336,36110336,0,19005440,30,2824027143507890392
layer,1,0,0,120,prefill,37,41,29,12,8459,1461,323,343,8,0,8,12582,8,24,0,0,0,0,0,0,81,lru,0,0,0,0,0,0,64,50,64,0,12,0,4,12,24,7602176,15204352,0,8461,3541,22806528,22806528,0,15204352,24,15413351074396260973
layer,1,0,0,120,prefill,38,40,29,11,4918,1474,275,324,7,0,7,8815,7,24,0,0,0,0,0,0,81,lru,0,0,0,0,0,0,64,51,64,0,11,0,4,21,12,14278656,8159232,0,4920,3385,22437888,22437888,0,8159232,12,10346802454072516487
layer,1,0,0,120,prefill,39,47,28,19,12331,2555,904,613,7,0,7,16728,8,3,0,0,0,0,0,0,81,lru,0,0,0,0,0,0,64,44,64,0,19,0,4,27,30,18358272,20398080,0,12333,3588,38756352,38756352,0,20398080,30,1461853788210622956
request,1,0,0,0,prefill,-1,0,0,0,0,0,0,0,0,0,0,0,0,0,0,0,0,0,0,0,0,,8102914,42302,0,0,17,0,0,0,0,0,0,0,0,0,0,0,0,0,0,0,0,0,0,0,0,0
layer,2,0,1,128,decode,0,8,3,5,0,2089,332,1552,6,0,6,4585,40,8,0,0,0,0,0,0,81,lru,0,0,0,0,0,0,8,3,8,0,5,0,3,15,0,9502720,0,0,0,2397,9502720,9502720,0,0,0,7254485698621351976
layer,2,0,1,128,decode,1,8,3,5,2463,1908,235,1282,6,0,6,5128,10,5,0,0,0,0,0,0,81,lru,0,0,0,0,0,0,8,3,8,0,5,0,2,12,3,7602176,1900544,0,2464,2078,9502720,9502720,0,1900544,3,4328414224302126305
layer,2,0,1,128,decode,2,8,5,3,2516,1107,2264,571,7,0,7,4060,10,6,0,0,0,0,0,0,81,lru,0,0,0,0,0,0,8,5,8,0,3,0,1,6,3,3801088,1900544,0,2516,1150,5701632,5701632,0,1900544,3,1001171307569698806
layer,2,0,1,128,decode,3,8,3,5,4878,1881,248,1377,8,0,8,7473,12,12,0,0,0,0,0,0,81,lru,0,0,0,0,0,0,8,3,8,0,5,0,3,9,6,5701632,3801088,0,4880,1927,9502720,9502720,0,3801088,6,7879118728736304243
layer,2,0,1,128,decode,4,8,4,4,2492,1524,231,911,8,0,8,4610,10,4,0,0,0,0,0,0,81,lru,0,0,0,0,0,0,8,4,8,0,4,0,1,9,3,5701632,1900544,0,2494,1608,7602176,7602176,0,1900544,3,8157219622342567720
layer,2,0,1,128,decode,5,8,5,3,7363,957,227,587,8,0,8,8678,8,15,0,0,0,0,0,0,81,lru,0,0,0,0,0,0,8,5,8,0,3,0,1,0,9,0,5701632,0,7366,833,5701632,5701632,0,5701632,9,11604806328950607740
layer,2,0,1,128,decode,6,8,8,0,0,0,201,0,0,0,0,21,8,2,0,0,0,0,0,0,81,lru,0,0,0,0,0,0,8,8,8,0,0,0,1,0,0,0,0,0,0,0,0,0,0,0,0,10756411289320984982
layer,2,0,1,128,decode,7,8,8,0,0,0,234,0,0,0,0,19,7,2,0,0,0,0,0,0,81,lru,0,0,0,0,0,0,8,8,8,0,0,0,0,0,0,0,0,0,0,0,0,0,0,0,0,17792476004934109598
layer,2,0,1,128,decode,8,8,8,0,0,0,224,0,0,0,0,20,7,1,0,0,0,0,0,0,81,lru,0,0,0,0,0,0,8,8,8,0,0,0,0,0,0,0,0,0,0,0,0,0,0,0,0,11009270682043261506
layer,2,0,1,128,decode,9,8,7,1,0,390,234,327,6,0,6,680,7,8,0,0,0,0,0,0,81,lru,0,0,0,0,0,0,8,7,8,0,1,0,0,3,0,1900544,0,0,0,459,1900544,1900544,0,0,0,11304495276917889214
layer,2,0,1,128,decode,10,8,7,1,2348,338,205,266,6,0,6,2928,8,2,0,0,0,0,0,0,81,lru,0,0,0,0,0,0,8,7,8,0,1,0,0,0,3,0,1900544,0,2349,301,1900544,1900544,0,1900544,3,8838765537271913104
layer,2,0,1,128,decode,11,8,8,0,0,0,245,0,0,0,0,21,7,2,0,0,0,0,0,0,81,lru,0,0,0,0,0,0,8,8,8,0,0,0,0,0,0,0,0,0,0,0,0,0,0,0,0,5515690665552396685
layer,2,0,1,128,decode,12,8,7,1,0,323,231,272,6,0,6,2096,7,2,0,0,0,0,0,0,81,lru,0,0,0,0,0,0,8,7,8,0,1,0,0,3,0,1900544,0,0,0,1881,1900544,1900544,0,0,0,14377724257657132143
layer,2,0,1,128,decode,13,8,7,1,2355,331,219,248,6,0,6,2849,8,10,0,0,0,0,0,0,81,lru,0,0,0,0,0,0,8,7,8,0,1,0,0,0,3,0,1900544,0,2356,278,1900544,1900544,0,1900544,3,17962509790924132698
layer,2,0,1,128,decode,14,8,8,0,0,0,202,0,0,0,0,20,8,2,0,0,0,0,0,0,81,lru,0,0,0,0,0,0,8,8,8,0,0,0,0,0,0,0,0,0,0,0,0,0,0,0,0,1486617948270311032
layer,2,0,1,128,decode,15,8,8,0,0,0,234,0,0,0,0,21,7,2,0,0,0,0,0,0,81,lru,0,0,0,0,0,0,8,8,8,0,0,0,0,0,0,0,0,0,0,0,0,0,0,0,0,17528228697928942180
layer,2,0,1,128,decode,16,8,8,0,0,0,223,0,0,0,0,20,7,1,0,0,0,0,0,0,81,lru,0,0,0,0,0,0,8,8,8,0,0,0,0,0,0,0,0,0,0,0,0,0,0,0,0,10628563396822429126
layer,2,0,1,128,decode,17,8,7,1,0,336,209,199,6,0,6,2057,7,6,0,0,0,0,0,0,81,lru,0,0,0,0,0,0,8,7,8,0,1,0,0,3,0,1900544,0,0,0,1883,1900544,1900544,0,0,0,8778135869447492667
layer,2,0,1,128,decode,18,8,8,0,0,0,206,0,0,0,0,21,8,2,0,0,0,0,0,0,81,lru,0,0,0,0,0,0,8,8,8,0,0,0,0,0,0,0,0,0,0,0,0,0,0,0,0,10570784199256386947
layer,2,0,1,128,decode,19,8,8,0,0,0,232,0,0,0,0,19,7,2,0,0,0,0,0,0,81,lru,0,0,0,0,0,0,8,8,8,0,0,0,0,0,0,0,0,0,0,0,0,0,0,0,0,2310814838151178206
layer,2,0,1,128,decode,20,8,7,1,0,328,222,143,7,0,7,2113,7,10,0,0,0,0,0,0,81,lru,0,0,0,0,0,0,8,7,8,0,1,0,0,3,0,1900544,0,0,0,1856,1900544,1900544,0,0,0,16023382854116851283
layer,2,0,1,128,decode,21,8,7,1,2408,328,231,260,7,0,7,2915,8,2,0,0,0,0,0,0,81,lru,0,0,0,0,0,0,8,7,8,0,1,0,0,0,3,0,1900544,0,2408,286,1900544,1900544,0,1900544,3,13617119276253491490
layer,2,0,1,128,decode,22,8,7,1,0,323,203,266,8,0,8,2168,7,2,0,0,0,0,0,0,81,lru,0,0,0,0,0,0,8,7,8,0,1,0,0,3,0,1900544,0,0,0,1952,1900544,1900544,0,0,0,18242690728427331087
layer,2,0,1,128,decode,23,8,6,2,0,625,223,468,8,0,8,4209,8,8,0,0,0,0,0,0,81,lru,0,0,0,0,0,0,8,6,8,0,2,0,0,6,0,3801088,0,0,0,3852,3801088,3801088,0,0,0,6458732944983550445
layer,2,0,1,128,decode,24,8,5,3,4773,1006,225,651,8,0,8,6140,7,5,0,0,0,0,0,0,81,lru,0,0,0,0,0,0,8,5,8,0,3,0,0,3,6,1900544,3801088,0,4776,954,5701632,5701632,0,3801088,6,15760839132457030067
layer,2,0,1,128,decode,25,8,5,3,2462,1032,224,559,7,0,7,5520,9,2,0,0,0,0,0,0,81,lru,0,0,0,0,0,0,8,5,8,0,3,0,0,6,3,3801088,1900544,0,2464,2649,5701632,5701632,0,1900544,3,13996851060151682222
layer,2,0,1,128,decode,26,8,5,3,0,1029,198,574,8,0,8,4637,7,2,0,0,0,0,0,0,81,lru,0,0,0,0,0,0,8,5,8,0,3,0,1,9,0,5701632,0,0,0,4257,5701632,5701632,0,0,0,3396845668669269950
layer,2,0,1,128,decode,27,8,7,1,2397,329,233,262,8,0,8,2913,8,2,0,0,0,0,0,0,81,lru,0,0,0,0,0,0,8,7,8,0,1,0,0,0,3,0,1900544,0,2398,294,1900544,1900544,0,1900544,3,7466576702096499382
layer,2,0,1,128,decode,28,8,5,3,0,996,205,522,7,0,7,4721,8,11,0,0,0,0,0,0,81,lru,0,0,0,0,0,0,8,5,8,0,3,0,0,9,0,5701632,0,0,0,4338,5701632,5701632,0,0,0,7268592884941858175
layer,2,0,1,128,decode,29,8,5,3,0,1091,220,656,8,0,8,3168,8,14,0,0,0,0,0,0,81,lru,0,0,0,0,0,0,8,5,8,0,3,0,1,9,0,5701632,0,0,0,2790,5701632,5701632,0,0,0,1313384181105426990
layer,2,0,1,128,decode,30,8,5,3,2164,1149,189,640,7,0,7,3792,8,6,0,0,0,0,0,0,81,lru,0,0,0,0,0,0,8,5,8,0,3,0,1,6,3,3801088,1900544,0,2165,1225,5701632,5701632,0,1900544,3,17304551704676508001
layer,2,0,1,128,decode,31,8,7,1,2328,336,224,256,6,0,6,2851,7,13,0,0,0,0,0,0,81,lru,0,0,0,0,0,0,8,7,8,0,1,0,0,0,3,0,1900544,0,2328,293,1900544,1900544,0,1900544,3,726377888123870350
layer,2,0,1,128,decode,32,8,3,5,7156,1676,209,824,6,0,6,11053,8,13,0,0,0,0,0,0,81,lru,0,0,0,0,0,0,8,3,8,0,5,0,0,6,9,3801088,5701632,0,7159,3323,9502720,9502720,0,5701632,9,9574510090547440813
layer,2,0,1,128,decode,33,8,3,5,4551,1687,222,1179,7,0,7,6830,8,8,0,0,0,0,0,0,81,lru,0,0,0,0,0,0,8,3,8,0,5,0,1,9,6,5701632,3801088,0,4551,1738,9502720,9502720,0,3801088,6,16825068399356462302
layer,2,0,1,128,decode,34,8,2,6,4662,2022,199,880,6,0,6,8985,7,12,0,0,0,0,0,0,81,lru,0,0,0,0,0,0,8,2,8,0,6,0,1,12,6,8159232,4079616,0,4662,3777,12238848,12238848,0,4079616,6,17627824091277712078
layer,2,0,1,128,decode,35,8,6,2,2178,650,230,327,4,0,4,3108,8,11,0,0,0,0,0,0,81,lru,0,0,0,0,0,0,8,6,8,0,2,0,0,3,3,1900544,1900544,0,2178,643,3801088,3801088,0,1900544,3,10822020483529277611
layer,2,0,1,128,decode,36,8,4,4,2097,1283,222,784,6,0,6,5471,8,8,0,0,0,0,0,0,81,lru,0,0,0,0,0,0,8,4,8,0,4,0,0,9,3,5701632,1900544,0,2097,2882,7602176,7602176,0,1900544,3,3719025492257186892
layer,2,0,1,128,decode,37,8,5,3,2038,848,200,371,6,0,6,6023,8,9,0,0,0,0,0,0,81,lru,0,0,0,0,0,0,8,5,8,0,3,0,1,6,3,3801088,1900544,0,2038,3689,5701632,5701632,0,1900544,3,5041388120082046067
layer,2,0,1,128,decode,38,8,4,4,2318,1412,197,821,7,0,7,4419,8,2,0,0,0,0,0,0,81,lru,0,0,0,0,0,0,8,4,8,0,4,0,0,9,3,6119424,2039808,0,2319,1579,8159232,8159232,0,2039808,3,6000743292024460670
layer,2,0,1,128,decode,39,8,1,7,4721,2461,726,2331,5,0,5,8191,8,4,0,0,0,0,0,0,81,lru,0,0,0,0,0,0,8,1,8,0,7,0,1,15,6,10199040,4079616,0,4722,2760,14278656,14278656,0,4079616,6,3484023674540811384
request,2,0,1,0,decode,-1,0,0,0,0,0,0,0,0,0,0,0,0,0,0,0,0,0,0,0,0,,167888,591,0,0,23,0,0,0,0,0,0,0,0,0,0,0,0,0,0,0,0,0,0,0,0,0
layer,3,0,2,129,decode,0,8,2,6,2011,1877,446,1192,4,0,4,4657,11,3,0,0,0,0,0,0,81,lru,0,0,0,0,0,0,8,2,8,0,6,0,1,15,3,9502720,1900544,0,2013,2091,11403264,11403264,0,1900544,3,4009942129221919342
layer,3,0,2,129,decode,1,8,4,4,2062,1259,470,843,5,0,5,3891,9,6,0,0,0,0,0,0,81,lru,0,0,0,0,0,0,8,4,8,0,4,0,1,9,3,5701632,1900544,0,2063,1395,7602176,7602176,0,1900544,3,18217181162900242125
layer,3,0,2,129,decode,2,8,6,2,0,708,371,424,6,0,6,1083,9,3,0,0,0,0,0,0,81,lru,0,0,0,0,0,0,8,6,8,0,2,0,1,6,0,3801088,0,0,0,803,3801088,3801088,0,0,0,12103677070006543548
layer,3,0,2,129,decode,3,8,5,3,2180,1033,372,679,5,0,5,3545,9,13,0,0,0,0,0,0,81,lru,0,0,0,0,0,0,8,5,8,0,3,0,0,6,3,3801088,1900544,0,2180,1066,5701632,5701632,0,1900544,3,9198642985979581907
layer,3,0,2,129,decode,4,8,6,2,4241,593,419,352,6,0,6,5080,9,15,0,0,0,0,0,0,81,lru,0,0,0,0,0,0,8,6,8,0,2,0,0,0,6,0,3801088,0,4243,501,3801088,3801088,0,3801088,6,316360594592359844
layer,3,0,2,129,decode,5,8,6,2,0,688,408,405,6,0,6,1118,9,3,0,0,0,0,0,0,81,lru,0,0,0,0,0,0,8,6,8,0,2,0,0,6,0,3801088,0,0,0,793,3801088,3801088,0,0,0,10033590023762998123
layer,3,0,2,129,decode,6,8,8,0,0,0,365,0,0,0,0,25,8,6,0,0,0,0,0,0,81,lru,0,0,0,0,0,0,8,8,8,0,0,0,0,0,0,0,0,0,0,0,0,0,0,0,0,15490833820647820463
layer,3,0,2,129,decode,7,8,8,0,0,0,434,0,0,0,0,21,8,2,0,0,0,0,0,0,81,lru,0,0,0,0,0,0,8,8,8,0,0,0,0,0,0,0,0,0,0,0,0,0,0,0,0,3658439989594127827
layer,3,0,2,129,decode,8,8,8,0,0,0,395,0,0,0,0,20,8,2,0,0,0,0,0,0,81,lru,0,0,0,0,0,0,8,8,8,0,0,0,0,0,0,0,0,0,0,0,0,0,0,0,0,8446332264666970283
layer,3,0,2,129,decode,9,8,8,0,0,0,417,0,0,0,0,20,8,2,0,0,0,0,0,0,81,lru,0,0,0,0,0,0,8,8,8,0,0,0,0,0,0,0,0,0,0,0,0,0,0,0,0,4429355030589802168
layer,3,0,2,129,decode,10,8,8,0,0,0,343,0,0,0,0,22,8,2,0,0,0,0,0,0,81,lru,0,0,0,0,0,0,8,8,8,0,0,0,0,0,0,0,0,0,0,0,0,0,0,0,0,10148805572609833866
layer,3,0,2,129,decode,11,8,6,2,2161,642,421,437,8,0,8,3079,8,9,0,0,0,0,0,0,81,lru,0,0,0,0,0,0,8,6,8,0,2,0,0,3,3,1900544,1900544,0,2161,636,3801088,3801088,0,1900544,3,17798617555215189660
layer,3,0,2,129,decode,12,8,6,2,2341,595,413,404,7,0,7,4696,9,2,0,0,0,0,0,0,81,lru,0,0,0,0,0,0,8,6,8,0,2,0,0,3,3,1900544,1900544,0,2343,2080,3801088,3801088,0,1900544,3,16027898248924925846
layer,3,0,2,129,decode,13,8,6,2,0,632,414,476,7,0,7,4095,8,3,0,0,0,0,0,0,81,lru,0,0,0,0,0,0,8,6,8,0,2,0,0,6,0,3801088,0,0,0,3802,3801088,3801088,0,0,0,12606609931843135000
layer,3,0,2,129,decode,14,8,5,3,4764,950,383,648,8,0,8,7647,11,3,0,0,0,0,0,0,81,lru,0,0,0,0,0,0,8,5,8,0,3,0,0,3,6,1900544,3801088,0,4765,2458,5701632,5701632,0,3801088,6,7188084674154171343
layer,3,0,2,129,decode,15,8,7,1,0,329,421,192,7,0,7,2106,9,3,0,0,0,0,0,0,81,lru,0,0,0,0,0,0,8,7,8,0,1,0,1,3,0,1900544,0,0,0,1878,1900544,1900544,0,0,0,4563786940439505496
layer,3,0,2,129,decode,16,8,8,0,0,0,395,0,0,0,0,22,8,2,0,0,0,0,0,0,81,lru,0,0,0,0,0,0,8,8,8,0,0,0,0,0,0,0,0,0,0,0,0,0,0,0,0,17438000474342179067
layer,3,0,2,129,decode,17,8,6,2,0,632,402,422,6,0,6,4094,8,17,0,0,0,0,0,0,81,lru,0,0,0,0,0,0,8,6,8,0,2,0,0,6,0,3801088,0,0,0,3748,3801088,3801088,0,0,0,16525174884514094085
layer,3,0,2,129,decode,18,8,5,3,2344,932,407,507,8,0,8,6975,8,11,0,0,0,0,0,0,81,lru,0,0,0,0,0,0,8,5,8,0,3,0,0,6,3,3801088,1900544,0,2344,4228,5701632,5701632,0,1900544,3,15445757525280002735
layer,3,0,2,129,decode,19,8,8,0,0,0,456,0,0,0,0,27,11,2,0,0,0,0,0,0,81,lru,0,0,0,0,0,0,8,8,8,0,0,0,1,0,0,0,0,0,0,0,0,0,0,0,0,5130704959684145034
layer,3,0,2,129,decode,20,8,8,0,0,0,407,0,0,0,0,24,9,3,0,0,0,0,0,0,81,lru,0,0,0,0,0,0,8,8,8,0,0,0,1,0,0,0,0,0,0,0,0,0,0,0,0,14257681479693571912
layer,3,0,2,129,decode,21,8,6,2,2349,635,414,418,7,0,7,4790,12,3,0,0,0,0,0,0,81,lru,0,0,0,0,0,0,8,6,8,0,2,0,0,3,3,1900544,1900544,0,2351,2138,3801088,3801088,0,1900544,3,3081288331651047942
layer,3,0,2,129,decode,22,8,6,2,2346,610,373,447,7,0,7,4849,9,4,0,0,0,0,0,0,81,lru,0,0,0,0,0,0,8,6,8,0,2,0,1,3,3,1900544,1900544,0,2347,2207,3801088,3801088,0,1900544,3,2827174252616420466
layer,3,0,2,129,decode,23,8,4,4,2346,1257,393,658,6,0,6,8929,8,17,0,0,0,0,0,0,81,lru,0,0,0,0,0,0,8,4,8,0,4,0,0,9,3,5701632,1900544,0,2346,6057,7602176,7602176,0,1900544,3,9270623211851739294
layer,3,0,2,129,decode,24,8,7,1,0,330,390,240,6,0,6,2144,9,19,0,0,0,0,0,0,81,lru,0,0,0,0,0,0,8,7,8,0,1,0,0,3,0,1900544,0,0,0,1886,1900544,1900544,0,0,0,5993976759942564607
layer,3,0,2,129,decode,25,8,6,2,0,689,414,517,7,0,7,2632,8,4,0,0,0,0,0,0,81,lru,0,0,0,0,0,0,8,6,8,0,2,0,0,6,0,3801088,0,0,0,2343,3801088,3801088,0,0,0,12482185608330471329
layer,3,0,2,129,decode,26,8,6,2,0,680,370,470,7,0,7,2597,9,2,0,0,0,0,0,0,81,lru,0,0,0,0,0,0,8,6,8,0,2,0,0,6,0,3801088,0,0,0,2311,3801088,3801088,0,0,0,823042062324727788
layer,3,0,2,129,decode,27,8,5,3,0,944,402,502,8,0,8,6028,8,18,0,0,0,0,0,0,81,lru,0,0,0,0,0,0,8,5,8,0,3,0,1,9,0,5701632,0,0,0,5624,5701632,5701632,0,0,0,10589353364600350420
layer,3,0,2,129,decode,28,8,6,2,2342,748,408,437,7,0,7,3370,8,3,0,0,0,0,0,0,81,lru,0,0,0,0,0,0,8,6,8,0,2,0,1,3,3,1900544,1900544,0,2342,742,3801088,3801088,0,1900544,3,1662305469876609592
layer,3,0,2,129,decode,29,8,5,3,0,1077,392,541,7,0,7,3208,8,22,0,0,0,0,0,0,81,lru,0,0,0,0,0,0,8,5,8,0,3,0,0,9,0,5701632,0,0,0,2854,5701632,5701632,0,0,0,12242835494196493078
layer,3,0,2,129,decode,30,8,6,2,0,794,379,546,7,0,7,1145,8,20,0,0,0,0,0,0,81,lru,0,0,0,0,0,0,8,6,8,0,2,0,0,6,0,3801088,0,0,0,851,3801088,3801088,0,0,0,2026413415075218670
layer,3,0,2,129,decode,31,8,5,3,2485,1109,485,1739,7,0,7,4011,9,16,0,0,0,0,0,0,81,lru,0,0,0,0,0,0,8,5,8,0,3,0,1,6,3,3801088,1900544,0,2486,1124,5701632,5701632,0,1900544,3,7267669887026063146
layer,3,0,2,129,decode,32,8,6,2,4695,651,410,416,7,0,7,5607,9,10,0,0,0,0,0,0,81,lru,0,0,0,0,0,0,8,6,8,0,2,0,1,0,6,0,3801088,0,4696,553,3801088,3801088,0,3801088,6,11308038024691896505
layer,3,0,2,129,decode,33,8,4,4,2414,1509,408,1106,6,0,6,4636,9,5,0,0,0,0,0,0,81,lru,0,0,0,0,0,0,8,4,8,0,4,0,0,9,3,5701632,1900544,0,2414,1632,7602176,7602176,0,1900544,3,8766645698509514240
layer,3,0,2,129,decode,34,8,4,4,7616,1353,369,628,7,0,7,11150,9,13,0,0,0,0,0,0,81,lru,0,0,0,0,0,0,8,4,8,0,4,0,0,3,9,2039808,6119424,0,7619,2972,8159232,8159232,0,6119424,9,2924331120764195644
layer,3,0,2,129,decode,35,8,8,0,0,0,415,0,0,0,0,24,8,2,0,0,0,0,0,0,81,lru,0,0,0,0,0,0,8,8,8,0,0,0,0,0,0,0,0,0,0,0,0,0,0,0,0,6781207287943769845
layer,3,0,2,129,decode,36,8,5,3,0,1056,404,542,6,0,6,3321,9,3,0,0,0,0,0,0,81,lru,0,0,0,0,0,0,8,5,8,0,3,0,0,9,0,5701632,0,0,0,2834,5701632,5701632,0,0,0,9236088615942054166
layer,3,0,2,129,decode,37,8,4,4,4290,1247,410,682,8,0,8,9197,9,3,0,0,0,0,0,0,81,lru,0,0,0,0,0,0,8,4,8,0,4,0,0,6,6,3801088,3801088,0,4293,4412,7602176,7602176,0,3801088,6,17261845747889575480
layer,3,0,2,129,decode,38,8,6,2,0,814,396,358,10,0,10,1238,8,3,0,0,0,0,0,0,81,lru,0,0,0,0,0,0,8,6,8,0,2,0,0,6,0,4079616,0,0,0,936,4079616,4079616,0,0,0,5303005181027132760
layer,3,0,2,129,decode,39,8,4,4,2477,1540,816,869,6,0,6,5400,9,3,0,0,0,0,0,0,81,lru,0,0,0,0,0,0,8,4,8,0,4,0,0,9,3,6119424,2039808,0,2478,2393,8159232,8159232,0,2039808,3,15679752177834787760
request,3,0,2,0,decode,-1,0,0,0,0,0,0,0,0,0,0,0,0,0,0,0,0,0,0,0,0,,154259,564,0,0,27,0,0,0,0,0,0,0,0,0,0,0,0,0,0,0,0,0,0,0,0,0
layer,4,0,3,130,decode,0,8,5,3,2430,1081,180,682,3,0,3,3996,10,2,0,0,0,0,0,0,81,lru,0,0,0,0,0,0,8,5,8,0,3,0,3,6,3,3801088,1900544,0,2431,1170,5701632,5701632,0,1900544,3,13078433122374814054
layer,4,0,3,130,decode,1,8,6,2,0,792,182,508,4,0,4,1210,8,2,0,0,0,0,0,0,81,lru,0,0,0,0,0,0,8,6,8,0,2,0,1,6,0,3801088,0,0,0,878,3801088,3801088,0,0,0,11575009245088819475
layer,4,0,3,130,decode,2,8,3,5,0,1928,157,1232,4,0,4,2874,8,2,0,0,0,0,0,0,81,lru,0,0,0,0,0,0,8,3,8,0,5,0,1,15,0,9502720,0,0,0,2197,9502720,9502720,0,0,0,12907753507254637771
layer,4,0,3,130,decode,3,8,4,4,0,1566,181,1120,4,0,4,2269,8,8,0,0,0,0,0,0,81,lru,0,0,0,0,0,0,8,4,8,0,4,0,1,12,0,7602176,0,0,0,1791,7602176,7602176,0,0,0,12609346949154064645
layer,4,0,3,130,decode,4,8,8,0,0,0,179,0,0,0,0,22,7,2,0,0,0,0,0,0,81,lru,0,0,0,0,0,0,8,8,8,0,0,0,1,0,0,0,0,0,0,0,0,0,0,0,0,11404695399834183942
layer,4,0,3,130,decode,5,8,7,1,0,398,183,368,4,0,4,649,7,2,0,0,0,0,0,0,81,lru,0,0,0,0,0,0,8,7,8,0,1,0,1,3,0,1900544,0,0,0,448,1900544,1900544,0,0,0,9251609066118110445
layer,4,0,3,130,decode,6,8,6,2,0,795,161,611,5,0,5,1165,7,2,0,0,0,0,0,0,81,lru,0,0,0,0,0,0,8,6,8,0,2,0,1,6,0,3801088,0,0,0,849,3801088,3801088,0,0,0,6580334782856982722
layer,4,0,3,130,decode,7,8,8,0,0,0,187,0,0,0,0,20,7,2,0,0,0,0,0,0,81,lru,0,0,0,0,0,0,8,8,8,0,0,0,1,0,0,0,0,0,0,0,0,0,0,0,0,12020418179786193290
layer,4,0,3,130,decode,8,8,8,0,0,0,180,0,0,0,0,17,6,1,0,0,0,0,0,0,81,lru,0,0,0,0,0,0,8,8,8,0,0,0,0,0,0,0,0,0,0,0,0,0,0,0,0,8892128920982071680
layer,4,0,3,130,decode,9,8,8,0,0,0,182,0,0,0,0,17,6,1,0,0,0,0,0,0,81,lru,0,0,0,0,0,0,8,8,8,0,0,0,0,0,0,0,0,0,0,0,0,0,0,0,0,13683383520107934272
layer,4,0,3,130,decode,10,8,8,0,0,0,161,0,0,0,0,18,7,2,0,0,0,0,0,0,81,lru,0,0,0,0,0,0,8,8,8,0,0,0,0,0,0,0,0,0,0,0,0,0,0,0,0,17306499330006666642
layer,4,0,3,130,decode,11,8,7,1,0,333,161,119,5,0,5,2101,6,7,0,0,0,0,0,0,81,lru,0,0,0,0,0,0,8,7,8,0,1,0,0,3,0,1900544,0,0,0,1896,1900544,1900544,0,0,0,18170248373701907910
layer,4,0,3,130,decode,12,8,8,0,0,0,178,0,0,0,0,20,7,2,0,0,0,0,0,0,81,lru,0,0,0,0,0,0,8,8,8,0,0,0,0,0,0,0,0,0,0,0,0,0,0,0,0,1106852819675158730
layer,4,0,3,130,decode,13,8,7,1,0,320,182,170,5,0,5,2130,8,2,0,0,0,0,0,0,81,lru,0,0,0,0,0,0,8,7,8,0,1,0,1,3,0,1900544,0,0,0,1927,1900544,1900544,0,0,0,8126865348345656525
layer,4,0,3,130,decode,14,8,8,0,0,0,161,0,0,0,0,18,7,2,0,0,0,0,0,0,81,lru,0,0,0,0,0,0,8,8,8,0,0,0,0,0,0,0,0,0,0,0,0,0,0,0,0,6549928746192412118
layer,4,0,3,130,decode,15,8,8,0,0,0,185,0,0,0,0,18,7,2,0,0,0,0,0,0,81,lru,0,0,0,0,0,0,8,8,8,0,0,0,0,0,0,0,0,0,0,0,0,0,0,0,0,4609160861113935129
layer,4,0,3,130,decode,16,8,7,1,2356,348,167,238,6,0,6,2848,6,16,0,0,0,0,0,0,81,lru,0,0,0,0,0,0,8,7,8,0,1,0,0,0,3,0,1900544,0,2356,254,1900544,1900544,0,1900544,3,14801705155303827327
layer,4,0,3,130,decode,17,8,7,1,2448,329,174,164,5,0,5,2945,7,8,0,0,0,0,0,0,81,lru,0,0,0,0,0,0,8,7,8,0,1,0,0,0,3,0,1900544,0,2448,268,1900544,1900544,0,1900544,3,17168446777832274695
layer,4,0,3,130,decode,18,8,8,0,0,0,160,0,0,0,0,17,7,1,0,0,0,0,0,0,81,lru,0,0,0,0,0,0,8,8,8,0,0,0,1,0,0,0,0,0,0,0,0,0,0,0,0,5456263982663416919
layer,4,0,3,130,decode,19,8,8,0,0,0,185,0,0,0,0,16,6,1,0,0,0,0,0,0,81,lru,0,0,0,0,0,0,8,8,8,0,0,0,0,0,0,0,0,0,0,0,0,0,0,0,0,6786952819699673671
layer,4,0,3,130,decode,20,8,7,1,0,315,162,232,6,0,6,2132,7,6,0,0,0,0,0,0,81,lru,0,0,0,0,0,0,8,7,8,0,1,0,1,3,0,1900544,0,0,0,1910,1900544,1900544,0,0,0,4859460548112927514
layer,4,0,3,130,decode,21,8,8,0,0,0,181,0,0,0,0,18,7,2,0,0,0,0,0,0,81,lru,0,0,0,0,0,0,8,8,8,0,0,0,0,0,0,0,0,0,0,0,0,0,0,0,0,9682954374034628763
layer,4,0,3,130,decode,22,8,8,0,0,0,160,0,0,0,0,17,6,1,0,0,0,0,0,0,81,lru,0,0,0,0,0,0,8,8,8,0,0,0,0,0,0,0,0,0,0,0,0,0,0,0,0,6839807262544848025
layer,4,0,3,130,decode,23,8,6,2,2516,633,176,431,6,0,6,5021,7,9,0,0,0,0,0,0,81,lru,0,0,0,0,0,0,8,6,8,0,2,0,0,3,3,1900544,1900544,0,2516,2195,3801088,3801088,0,1900544,3,10358842729152361995
layer,4,0,3,130,decode,24,8,8,0,0,0,177,0,0,0,0,20,8,2,0,0,0,0,0,0,81,lru,0,0,0,0,0,0,8,8,8,0,0,0,1,0,0,0,0,0,0,0,0,0,0,0,0,13511824937369837678
layer,4,0,3,130,decode,25,8,7,1,2515,334,182,280,4,0,4,3045,7,6,0,0,0,0,0,0,81,lru,0,0,0,0,0,0,8,7,8,0,1,0,0,0,3,0,1900544,0,2515,288,1900544,1900544,0,1900544,3,10203126963969142493
layer,4,0,3,130,decode,26,8,8,0,0,0,161,0,0,0,0,19,8,1,0,0,0,0,0,0,81,lru,0,0,0,0,0,0,8,8,8,0,0,0,1,0,0,0,0,0,0,0,0,0,0,0,0,7226721687729994043
layer,4,0,3,130,decode,27,8,7,1,2433,328,185,239,5,0,5,2913,7,2,0,0,0,0,0,0,81,lru,0,0,0,0,0,0,8,7,8,0,1,0,0,0,3,0,1900544,0,2434,273,1900544,1900544,0,1900544,3,8160244166863115418
layer,4,0,3,130,decode,28,8,7,1,2503,336,164,158,4,0,4,2991,8,17,0,0,0,0,0,0,81,lru,0,0,0,0,0,0,8,7,8,0,1,0,1,0,3,0,1900544,0,2504,273,1900544,1900544,0,1900544,3,9753542865287106294
layer,4,0,3,130,decode,29,8,8,0,0,0,183,0,0,0,0,18,7,2,0,0,0,0,0,0,81,lru,0,0,0,0,0,0,8,8,8,0,0,0,1,0,0,0,0,0,0,0,0,0,0,0,0,8133661253519097582
layer,4,0,3,130,decode,30,8,4,4,4409,1330,153,781,6,0,6,7866,7,11,0,0,0,0,0,0,81,lru,0,0,0,0,0,0,8,4,8,0,4,0,0,6,6,3801088,3801088,0,4410,2968,7602176,7602176,0,3801088,6,6844573480092683033
layer,4,0,3,130,decode,31,8,5,3,7597,962,175,663,5,0,5,8877,8,10,0,0,0,0,0,0,81,lru,0,0,0,0,0,0,8,5,8,0,3,0,1,0,9,0,5701632,0,7598,836,5701632,5701632,0,5701632,9,15242765617276209364
layer,4,0,3,130,decode,32,8,7,1,0,357,179,183,5,0,5,621,7,2,0,0,0,0,0,0,81,lru,0,0,0,0,0,0,8,7,8,0,1,0,1,3,0,1900544,0,0,0,423,1900544,1900544,0,0,0,14039049857755159297
layer,4,0,3,130,decode,33,8,6,2,0,669,184,1593,5,0,5,2831,7,4,0,0,0,0,0,0,81,lru,0,0,0,0,0,0,8,6,8,0,2,0,0,6,0,3801088,0,0,0,2126,3801088,3801088,0,0,0,6982565298659176708
layer,4,0,3,130,decode,34,8,3,5,4862,1597,148,915,6,0,6,10172,8,14,0,0,0,0,0,0,81,lru,0,0,0,0,0,0,8,3,8,0,5,0,2,9,6,6119424,4079616,0,4863,4719,10199040,10199040,0,4079616,6,9461371004959841221
layer,4,0,3,130,decode,35,8,5,3,4511,912,176,630,5,0,5,5805,7,14,0,0,0,0,0,0,81,lru,0,0,0,0,0,0,8,5,8,0,3,0,1,3,6,1900544,3801088,0,4513,907,5701632,5701632,0,3801088,6,16354834114519084411
layer,4,0,3,130,decode,36,8,5,3,2255,994,171,596,6,0,6,3686,7,9,0,0,0,0,0,0,81,lru,0,0,0,0,0,0,8,5,8,0,3,0,1,6,3,3801088,1900544,0,2255,1071,5701632,5701632,0,1900544,3,9098942036739147161
layer,4,0,3,130,decode,37,8,7,1,2132,304,173,218,5,0,5,2586,7,14,0,0,0,0,0,0,81,lru,0,0,0,0,0,0,8,7,8,0,1,0,1,0,3,0,1900544,0,2133,252,1900544,1900544,0,1900544,3,1559749147095420058
layer,4,0,3,130,decode,38,8,7,1,0,386,161,195,4,0,4,624,8,2,0,0,0,0,0,0,81,lru,0,0,0,0,0,0,8,7,8,0,1,0,0,3,0,2039808,0,0,0,425,2039808,2039808,0,0,0,127438978501905680
layer,4,0,3,130,decode,39,8,8,0,0,0,691,0,0,0,0,19,8,2,0,0,0,0,0,0,81,lru,0,0,0,0,0,0,8,8,8,0,0,0,1,0,0,0,0,0,0,0,0,0,0,0,0,12373315661456253281
request,4,0,3,0,decode,-1,0,0,0,0,0,0,0,0,0,0,0,0,0,0,0,0,0,0,0,0,,89800,426,0,0,24,0,0,0,0,0,0,0,0,0,0,0,0,0,0,0,0,0,0,0,0,0
layer,5,0,4,131,decode,0,8,5,3,0,1047,179,719,3,0,3,1539,10,3,0,0,0,0,0,0,81,lru,0,0,0,0,0,0,8,5,8,0,3,0,1,9,0,5701632,0,0,0,1196,5701632,5701632,0,0,0,3400594129893413490
layer,5,0,4,131,decode,1,8,7,1,0,364,180,277,4,0,4,579,8,2,0,0,0,0,0,0,81,lru,0,0,0,0,0,0,8,7,8,0,1,0,1,3,0,1900544,0,0,0,378,1900544,1900544,0,0,0,1622631980957341391
layer,5,0,4,131,decode,2,8,4,4,0,1587,157,1146,5,0,5,2257,7,2,0,0,0,0,0,0,81,lru,0,0,0,0,0,0,8,4,8,0,4,0,1,12,0,7602176,0,0,0,1792,7602176,7602176,0,0,0,12151986283871875465
layer,5,0,4,131,decode,3,8,6,2,0,775,184,537,4,0,4,1211,7,2,0,0,0,0,0,0,81,lru,0,0,0,0,0,0,8,6,8,0,2,0,1,6,0,3801088,0,0,0,872,3801088,3801088,0,0,0,12341074881266466805
layer,5,0,4,131,decode,4,8,8,0,0,0,178,0,0,0,0,19,7,2,0,0,0,0,0,0,81,lru,0,0,0,0,0,0,8,8,8,0,0,0,1,0,0,0,0,0,0,0,0,0,0,0,0,2506018360687074440
layer,5,0,4,131,decode,5,8,5,3,0,1171,180,901,4,0,4,1731,7,2,0,0,0,0,0,0,81,lru,0,0,0,0,0,0,8,5,8,0,3,0,0,9,0,5701632,0,0,0,1315,5701632,5701632,0,0,0,10729297848827678899
layer,5,0,4,131,decode,6,8,7,1,0,387,160,357,4,0,4,647,8,2,0,0,0,0,0,0,81,lru,0,0,0,0,0,0,8,7,8,0,1,0,1,3,0,1900544,0,0,0,421,1900544,1900544,0,0,0,9600502533202473292
layer,5,0,4,131,decode,7,8,7,1,0,386,186,371,6,0,6,641,8,2,0,0,0,0,0,0,81,lru,0,0,0,0,0,0,8,7,8,0,1,0,1,3,0,1900544,0,0,0,429,1900544,1900544,0,0,0,4572866224446575980
layer,5,0,4,131,decode,8,8,8,0,0,0,178,0,0,0,0,21,10,1,0,0,0,0,0,0,81,lru,0,0,0,0,0,0,8,8,8,0,0,0,1,0,0,0,0,0,0,0,0,0,0,0,0,11283658301612384115
layer,5,0,4,131,decode,9,8,8,0,0,0,181,0,0,0,0,17,7,2,0,0,0,0,0,0,81,lru,0,0,0,0,0,0,8,8,8,0,0,0,0,0,0,0,0,0,0,0,0,0,0,0,0,7954538798605452079
layer,5,0,4,131,decode,10,8,5,3,0,1170,157,814,6,0,6,1732,7,2,0,0,0,0,0,0,81,lru,0,0,0,0,0,0,8,5,8,0,3,0,0,9,0,5701632,0,0,0,1320,5701632,5701632,0,0,0,4476136351447464179
layer,5,0,4,131,decode,11,8,5,3,2442,937,180,507,5,0,5,6925,8,9,0,0,0,0,0,0,81,lru,0,0,0,0,0,0,8,5,8,0,3,0,1,6,3,3801088,1900544,0,2445,4083,5701632,5701632,0,1900544,3,12305229345366204053
layer,5,0,4,131,decode,12,8,7,1,0,328,167,273,4,0,4,2128,7,4,0,0,0,0,0,0,81,lru,0,0,0,0,0,0,8,7,8,0,1,0,1,3,0,1900544,0,0,0,1908,1900544,1900544,0,0,0,674209001830046304
layer,5,0,4,131,decode,13,8,7,1,0,324,172,250,3,0,3,2106,7,15,0,0,0,0,0,0,81,lru,0,0,0,0,0,0,8,7,8,0,1,0,1,3,0,1900544,0,0,0,1881,1900544,1900544,0,0,0,10621975677353983707
layer,5,0,4,131,decode,14,8,8,0,0,0,159,0,0,0,0,18,7,2,0,0,0,0,0,0,81,lru,0,0,0,0,0,0,8,8,8,0,0,0,1,0,0,0,0,0,0,0,0,0,0,0,0,10032712996047201571
layer,5,0,4,131,decode,15,8,8,0,0,0,183,0,0,0,0,17,7,1,0,0,0,0,0,0,81,lru,0,0,0,0,0,0,8,8,8,0,0,0,0,0,0,0,0,0,0,0,0,0,0,0,0,3821469977260338716
layer,5,0,4,131,decode,16,8,8,0,0,0,174,0,0,0,0,17,6,1,0,0,0,0,0,0,81,lru,0,0,0,0,0,0,8,8,8,0,0,0,0,0,0,0,0,0,0,0,0,0,0,0,0,17102113985525041039
layer,5,0,4,131,decode,17,8,8,0,0,0,178,0,0,0,0,17,7,2,0,0,0,0,0,0,81,lru,0,0,0,0,0,0,8,8,8,0,0,0,1,0,0,0,0,0,0,0,0,0,0,0,0,1845169323396939186
layer,5,0,4,131,decode,18,8,7,1,2478,328,159,277,5,0,5,2982,7,2,0,0,0,0,0,0,81,lru,0,0,0,0,0,0,8,7,8,0,1,0,1,0,3,0,1900544,0,2479,282,1900544,1900544,0,1900544,3,10161477231028350625
layer,5,0,4,131,decode,19,8,7,1,2614,336,176,185,5,0,5,3118,8,5,0,0,0,0,0,0,81,lru,0,0,0,0,0,0,8,7,8,0,1,0,1,0,3,0,1900544,0,2614,276,1900544,1900544,0,1900544,3,16015396173374938594
layer,5,0,4,131,decode,20,8,7,1,2397,333,168,261,4,0,4,2903,8,8,0,0,0,0,0,0,81,lru,0,0,0,0,0,0,8,7,8,0,1,0,1,0,3,0,1900544,0,2397,277,1900544,1900544,0,1900544,3,10555294688143819155
layer,5,0,4,131,decode,21,8,6,2,0,633,179,509,6,0,6,4090,8,2,0,0,0,0,0,0,81,lru,0,0,0,0,0,0,8,6,8,0,2,0,1,6,0,3801088,0,0,0,3794,3801088,3801088,0,0,0,17202770871405303990
layer,5,0,4,131,decode,22,8,6,2,0,611,158,477,6,0,6,4055,7,2,0,0,0,0,0,0,81,lru,0,0,0,0,0,0,8,6,8,0,2,0,1,6,0,3801088,0,0,0,3748,3801088,3801088,0,0,0,6862690929624161946
layer,5,0,4,131,decode,23,8,5,3,2346,947,174,631,4,0,4,6938,7,14,0,0,0,0,0,0,81,lru,0,0,0,0,0,0,8,5,8,0,3,0,1,6,3,3801088,1900544,0,2349,4195,5701632,5701632,0,1900544,3,2437090091894207931
layer,5,0,4,131,decode,24,8,7,1,2366,334,153,163,6,0,6,2814,7,12,0,0,0,0,0,0,81,lru,0,0,0,0,0,0,8,7,8,0,1,0,1,0,3,0,1900544,0,2366,260,1900544,1900544,0,1900544,3,642737552312861904
layer,5,0,4,131,decode,25,8,7,1,0,326,174,175,3,0,3,2158,7,15,0,0,0,0,0,0,81,lru,0,0,0,0,0,0,8,7,8,0,1,0,0,3,0,1900544,0,0,0,1951,1900544,1900544,0,0,0,9591502922984031972
layer,5,0,4,131,decode,26,8,6,2,0,625,150,507,5,0,5,4109,7,8,0,0,0,0,0,0,81,lru,0,0,0,0,0,0,8,6,8,0,2,0,1,6,0,3801088,0,0,0,3822,3801088,3801088,0,0,0,5551000324578441340
layer,5,0,4,131,decode,27,8,7,1,0,391,176,228,4,0,4,640,8,16,0,0,0,0,0,0,81,lru,0,0,0,0,0,0,8,7,8,0,1,0,1,3,0,1900544,0,0,0,422,1900544,1900544,0,0,0,2826660912016401295
layer,5,0,4,131,decode,28,8,7,1,0,393,169,93,4,0,4,614,7,11,0,0,0,0,0,0,81,lru,0,0,0,0,0,0,8,7,8,0,1,0,1,3,0,1900544,0,0,0,421,1900544,1900544,0,0,0,10291425329409101986
layer,5,0,4,131,decode,29,8,6,2,2365,640,182,471,6,0,6,4913,7,2,0,0,0,0,0,0,81,lru,0,0,0,0,0,0,8,6,8,0,2,0,1,3,3,1900544,1900544,0,2365,2175,3801088,3801088,0,1900544,3,7459114641912653338
layer,5,0,4,131,decode,30,8,5,3,2186,1104,162,891,5,0,5,3800,7,2,0,0,0,0,0,0,81,lru,0,0,0,0,0,0,8,5,8,0,3,0,1,6,3,3801088,1900544,0,2186,1185,5701632,5701632,0,1900544,3,16294624001559716061
layer,5,0,4,131,decode,31,8,7,1,0,381,169,261,5,0,5,620,7,11,0,0,0,0,0,0,81,lru,0,0,0,0,0,0,8,7,8,0,1,0,1,3,0,1900544,0,0,0,413,1900544,1900544,0,0,0,6716396713571597783
layer,5,0,4,131,decode,32,8,3,5,2363,1637,177,942,5,0,5,9459,7,5,0,0,0,0,0,0,81,lru,0,0,0,0,0,0,8,3,8,0,5,0,1,12,3,7602176,1900544,0,2364,6503,9502720,9502720,0,1900544,3,17409451627972000648
layer,5,0,4,131,decode,33,8,4,4,0,1332,153,1865,4,0,4,6385,7,15,0,0,0,0,0,0,81,lru,0,0,0,0,0,0,8,4,8,0,4,0,1,12,0,7602176,0,0,0,5986,7602176,7602176,0,0,0,8165267924542480431
layer,5,0,4,131,decode,34,8,3,5,2351,1554,147,805,5,0,5,9052,8,12,0,0,0,0,0,0,81,lru,0,0,0,0,0,0,8,3,8,0,5,0,2,12,3,8159232,2039808,0,2352,6199,10199040,10199040,0,2039808,3,2182675244674531585
layer,5,0,4,131,decode,35,8,5,3,2066,850,174,406,5,0,5,6272,7,25,0,0,0,0,0,0,81,lru,0,0,0,0,0,0,8,5,8,0,3,0,1,6,3,3801088,1900544,0,2068,3817,5701632,5701632,0,1900544,3,16007097350524618186
layer,5,0,4,131,decode,36,8,6,2,4347,594,156,279,5,0,5,5096,8,14,0,0,0,0,0,0,81,lru,0,0,0,0,0,0,8,6,8,0,2,0,1,0,6,0,3801088,0,4350,465,3801088,3801088,0,3801088,6,10172199073422771033
layer,5,0,4,131,decode,37,8,5,3,6073,871,173,321,6,0,6,7179,7,7,0,0,0,0,0,0,81,lru,0,0,0,0,0,0,8,5,8,0,3,0,1,0,9,0,5701632,0,6077,725,5701632,5701632,0,5701632,9,12384779241559111674
layer,5,0,4,131,decode,38,8,4,4,6952,1291,157,683,5,0,5,8727,7,7,0,0,0,0,0,0,81,lru,0,0,0,0,0,0,8,4,8,0,4,0,1,3,9,2039808,6119424,0,6958,1321,8159232,8159232,0,6119424,9,14111442529069353350
layer,5,0,4,131,decode,39,8,5,3,2298,1028,679,444,4,0,4,3772,7,9,0,0,0,0,0,0,81,lru,0,0,0,0,0,0,8,5,8,0,3,0,1,6,3,4079616,2039808,0,2298,1142,6119424,6119424,0,2039808,3,679094334492250907
request,5,0,4,0,decode,-1,0,0,0,0,0,0,0,0,0,0,0,0,0,0,0,0,0,0,0,0,,129476,515,0,0,25,0,0,0,0,0,0,0,0,0,0,0,0,0,0,0,0,0,0,0,0,0
layer,6,0,5,132,decode,0,8,4,4,0,1276,173,705,3,0,3,1843,9,2,0,0,0,0,0,0,81,lru,0,0,0,0,0,0,8,4,8,0,4,0,1,12,0,7602176,0,0,0,1432,7602176,7602176,0,0,0,15610980972694094286
layer,6,0,5,132,decode,1,8,4,4,0,1310,175,871,3,0,3,1834,8,3,0,0,0,0,0,0,81,lru,0,0,0,0,0,0,8,4,8,0,4,0,1,12,0,7602176,0,0,0,1442,7602176,7602176,0,0,0,17449458381332889499
layer,6,0,5,132,decode,2,8,4,4,0,1268,155,925,3,0,3,1882,7,2,0,0,0,0,0,0,81,lru,0,0,0,0,0,0,8,4,8,0,4,0,1,12,0,7602176,0,0,0,1398,7602176,7602176,0,0,0,3134721206627967915
layer,6,0,5,132,decode,3,8,8,0,0,0,181,0,0,0,0,18,8,2,0,0,0,0,0,0,81,lru,0,0,0,0,0,0,8,8,8,0,0,0,1,0,0,0,0,0,0,0,0,0,0,0,0,14141518789528994308
layer,6,0,5,132,decode,4,8,7,1,0,304,172,232,4,0,4,523,7,2,0,0,0,0,0,0,81,lru,0,0,0,0,0,0,8,7,8,0,1,0,1,3,0,1900544,0,0,0,328,1900544,1900544,0,0,0,14448115572799821354
layer,6,0,5,132,decode,5,8,8,0,0,0,178,0,0,0,0,18,7,1,0,0,0,0,0,0,81,lru,0,0,0,0,0,0,8,8,8,0,0,0,1,0,0,0,0,0,0,0,0,0,0,0,0,8203506850964219102
layer,6,0,5,132,decode,6,8,7,1,2181,334,156,283,3,0,3,2686,6,2,0,0,0,0,0,0,81,lru,0,0,0,0,0,0,8,7,8,0,1,0,1,0,3,0,1900544,0,2181,291,1900544,1900544,0,1900544,3,11579425286458805463
layer,6,0,5,132,decode,7,8,8,0,0,0,180,0,0,0,0,18,7,2,0,0,0,0,0,0,81,lru,0,0,0,0,0,0,8,8,8,0,0,0,0,0,0,0,0,0,0,0,0,0,0,0,0,6325814295367770799
layer,6,0,5,132,decode,8,8,8,0,0,0,172,0,0,0,0,17,6,1,0,0,0,0,0,0,81,lru,0,0,0,0,0,0,8,8,8,0,0,0,0,0,0,0,0,0,0,0,0,0,0,0,0,11400584751998252283
layer,6,0,5,132,decode,9,8,8,0,0,0,177,0,0,0,0,15,7,1,0,0,0,0,0,0,81,lru,0,0,0,0,0,0,8,8,8,0,0,0,0,0,0,0,0,0,0,0,0,0,0,0,0,6429075898902660739
layer,6,0,5,132,decode,10,8,7,1,0,318,159,274,3,0,3,2168,7,4,0,0,0,0,0,0,81,lru,0,0,0,0,0,0,8,7,8,0,1,0,0,3,0,1900544,0,0,0,1951,1900544,1900544,0,0,0,4990290464386720568
layer,6,0,5,132,decode,11,8,6,2,2332,618,181,161,4,0,4,4859,8,2,0,0,0,0,0,0,81,lru,0,0,0,0,0,0,8,6,8,0,2,0,1,3,3,1900544,1900544,0,2333,2225,3801088,3801088,0,1900544,3,15334409382187701579
layer,6,0,5,132,decode,12,8,8,0,0,0,176,0,0,0,0,18,7,1,0,0,0,0,0,0,81,lru,0,0,0,0,0,0,8,8,8,0,0,0,1,0,0,0,0,0,0,0,0,0,0,0,0,12083231595285628373
layer,6,0,5,132,decode,13,8,8,0,0,0,177,0,0,0,0,17,7,1,0,0,0,0,0,0,81,lru,0,0,0,0,0,0,8,8,8,0,0,0,0,0,0,0,0,0,0,0,0,0,0,0,0,15104754869179062661
layer,6,0,5,132,decode,14,8,7,1,0,328,149,205,5,0,5,2192,7,15,0,0,0,0,0,0,81,lru,0,0,0,0,0,0,8,7,8,0,1,0,0,3,0,1900544,0,0,0,1937,1900544,1900544,0,0,0,10335333560073724906
layer,6,0,5,132,decode,15,8,8,0,0,0,180,0,0,0,0,18,7,1,0,0,0,0,0,0,81,lru,0,0,0,0,0,0,8,8,8,0,0,0,0,0,0,0,0,0,0,0,0,0,0,0,0,5617133048718716781
layer,6,0,5,132,decode,16,8,8,0,0,0,172,0,0,0,0,16,7,1,0,0,0,0,0,0,81,lru,0,0,0,0,0,0,8,8,8,0,0,0,0,0,0,0,0,0,0,0,0,0,0,0,0,6812146839533705059
layer,6,0,5,132,decode,17,8,7,1,0,327,170,184,3,0,3,2075,6,13,0,0,0,0,0,0,81,lru,0,0,0,0,0,0,8,7,8,0,1,0,0,3,0,1900544,0,0,0,1868,1900544,1900544,0,0,0,10045742557803815140
layer,6,0,5,132,decode,18,8,7,1,0,329,157,282,4,0,4,2121,7,2,0,0,0,0,0,0,81,lru,0,0,0,0,0,0,8,7,8,0,1,0,0,3,0,1900544,0,0,0,1856,1900544,1900544,0,0,0,4262380469720153231
layer,6,0,5,132,decode,19,8,8,0,0,0,181,0,0,0,0,17,7,1,0,0,0,0,0,0,81,lru,0,0,0,0,0,0,8,8,8,0,0,0,0,0,0,0,0,0,0,0,0,0,0,0,0,2323020600770967950
layer,6,0,5,132,decode,20,8,8,0,0,0,174,0,0,0,0,17,7,2,0,0,0,0,0,0,81,lru,0,0,0,0,0,0,8,8,8,0,0,0,0,0,0,0,0,0,0,0,0,0,0,0,0,2021764723437341438
layer,6,0,5,132,decode,21,8,8,0,0,0,178,0,0,0,0,16,6,1,0,0,0,0,0,0,81,lru,0,0,0,0,0,0,8,8,8,0,0,0,0,0,0,0,0,0,0,0,0,0,0,0,0,11751044588726148754
layer,6,0,5,132,decode,22,8,8,0,0,0,157,0,0,0,0,16,7,1,0,0,0,0,0,0,81,lru,0,0,0,0,0,0,8,8,8,0,0,0,0,0,0,0,0,0,0,0,0,0,0,0,0,4661244496475663791
layer,6,0,5,132,decode,23,8,6,2,2429,635,162,341,4,0,4,5038,7,7,0,0,0,0,0,0,81,lru,0,0,0,0,0,0,8,6,8,0,2,0,0,3,3,1900544,1900544,0,2429,2266,3801088,3801088,0,1900544,3,10465959522192788405
layer,6,0,5,132,decode,24,8,7,1,0,318,176,270,5,0,5,2165,7,2,0,0,0,0,0,0,81,lru,0,0,0,0,0,0,8,7,8,0,1,0,1,3,0,1900544,0,0,0,1948,1900544,1900544,0,0,0,3401751833995839702
layer,6,0,5,132,decode,25,8,6,2,0,607,180,460,4,0,4,4121,7,2,0,0,0,0,0,0,81,lru,0,0,0,0,0,0,8,6,8,0,2,0,0,6,0,3801088,0,0,0,3815,3801088,3801088,0,0,0,1251529134195814060
layer,6,0,5,132,decode,26,8,7,1,0,390,161,241,4,0,4,616,7,2,0,0,0,0,0,0,81,lru,0,0,0,0,0,0,8,7,8,0,1,0,1,3,0,1900544,0,0,0,425,1900544,1900544,0,0,0,2662696864503180384
layer,6,0,5,132,decode,27,8,6,2,0,630,183,414,5,0,5,4154,8,10,0,0,0,0,0,0,81,lru,0,0,0,0,0,0,8,6,8,0,2,0,1,6,0,3801088,0,0,0,3823,3801088,3801088,0,0,0,7934986124015746979
layer,6,0,5,132,decode,28,8,8,0,0,0,178,0,0,0,0,19,7,1,0,0,0,0,0,0,81,lru,0,0,0,0,0,0,8,8,8,0,0,0,1,0,0,0,0,0,0,0,0,0,0,0,0,12945887743470059390
layer,6,0,5,132,decode,29,8,7,1,0,320,184,234,4,0,4,2109,6,2,0,0,0,0,0,0,81,lru,0,0,0,0,0,0,8,7,8,0,1,0,0,3,0,1900544,0,0,0,1911,1900544,1900544,0,0,0,13971955151067609316
layer,6,0,5,132,decode,30,8,8,0,0,0,162,0,0,0,0,18,7,2,0,0,0,0,0,0,81,lru,0,0,0,0,0,0,8,8,8,0,0,0,0,0,0,0,0,0,0,0,0,0,0,0,0,14825267218496920733
layer,6,0,5,132,decode,31,8,7,1,2377,329,184,148,4,0,4,2870,7,2,0,0,0,0,0,0,81,lru,0,0,0,0,0,0,8,7,8,0,1,0,0,0,3,0,1900544,0,2377,276,1900544,1900544,0,1900544,3,13796032357007398300
layer,6,0,5,132,decode,32,8,8,0,0,0,178,0,0,0,0,18,7,2,0,0,0,0,0,0,81,lru,0,0,0,0,0,0,8,8,8,0,0,0,1,0,0,0,0,0,0,0,0,0,0,0,0,6686968503115412807
layer,6,0,5,132,decode,33,8,5,3,0,930,178,380,4,0,4,6154,7,2,0,0,0,0,0,0,81,lru,0,0,0,0,0,0,8,5,8,0,3,0,0,9,0,5701632,0,0,0,5771,5701632,5701632,0,0,0,2573851650540144962
layer,6,0,5,132,decode,34,8,6,2,0,657,157,390,4,0,4,4342,7,8,0,0,0,0,0,0,81,lru,0,0,0,0,0,0,8,6,8,0,2,0,1,6,0,4079616,0,0,0,4055,4079616,4079616,0,0,0,1339172356843280349
layer,6,0,5,132,decode,35,8,6,2,0,690,182,476,4,0,4,2863,7,5,0,0,0,0,0,0,81,lru,0,0,0,0,0,0,8,6,8,0,2,0,1,6,0,3801088,0,0,0,2537,3801088,3801088,0,0,0,13094860871854659639
layer,6,0,5,132,decode,36,8,5,3,4705,942,167,670,4,0,4,7703,7,12,0,0,0,0,0,0,81,lru,0,0,0,0,0,0,8,5,8,0,3,0,1,3,6,1900544,3801088,0,4706,2599,5701632,5701632,0,3801088,6,9350591809582728136
layer,6,0,5,132,decode,37,8,7,1,0,324,179,1436,4,0,4,2133,8,14,0,0,0,0,0,0,81,lru,0,0,0,0,0,0,8,7,8,0,1,0,1,3,0,1900544,0,0,0,1938,1900544,1900544,0,0,0,12898914800841505556
layer,6,0,5,132,decode,38,8,7,1,0,397,162,279,5,0,5,668,8,4,0,0,0,0,0,0,81,lru,0,0,0,0,0,0,8,7,8,0,1,0,2,3,0,2039808,0,0,0,454,2039808,2039808,0,0,0,17860620098061832612
layer,6,0,5,132,decode,39,8,6,2,0,760,688,524,5,0,5,1935,8,2,0,0,0,0,0,0,81,lru,0,0,0,0,0,0,8,6,8,0,2,0,0,6,0,4079616,0,0,0,1568,4079616,4079616,0,0,0,15683553157272064484
request,6,0,5,0,decode,-1,0,0,0,0,0,0,0,0,0,0,0,0,0,0,0,0,0,0,0,0,,77285,391,0,0,18,0,0,0,0,0,0,0,0,0,0,0,0,0,0,0,0,0,0,0,0,0
layer,7,0,6,133,decode,0,8,7,1,0,398,174,330,3,0,3,641,9,2,0,0,0,0,0,0,81,lru,0,0,0,0,0,0,8,7,8,0,1,0,1,3,0,1900544,0,0,0,420,1900544,1900544,0,0,0,14584634930953829151
layer,7,0,6,133,decode,1,8,7,1,0,397,177,235,3,0,3,645,10,2,0,0,0,0,0,0,81,lru,0,0,0,0,0,0,8,7,8,0,1,0,1,3,0,1900544,0,0,0,431,1900544,1900544,0,0,0,1647944905983845704
layer,7,0,6,133,decode,2,8,8,0,0,0,158,0,0,0,0,18,7,1,0,0,0,0,0,0,81,lru,0,0,0,0,0,0,8,8,8,0,0,0,1,0,0,0,0,0,0,0,0,0,0,0,0,5649771456362739213
layer,7,0,6,133,decode,3,8,7,1,0,397,182,269,3,0,3,645,7,2,0,0,0,0,0,0,81,lru,0,0,0,0,0,0,8,7,8,0,1,0,0,3,0,1900544,0,0,0,434,1900544,1900544,0,0,0,14991536876391437219
layer,7,0,6,133,decode,4,8,6,2,2369,706,174,486,4,0,4,3398,7,2,0,0,0,0,0,0,81,lru,0,0,0,0,0,0,8,6,8,0,2,0,0,3,3,1900544,1900544,0,2369,681,3801088,3801088,0,1900544,3,16657590181388164512
layer,7,0,6,133,decode,5,8,8,0,0,0,177,0,0,0,0,18,7,2,0,0,0,0,0,0,81,lru,0,0,0,0,0,0,8,8,8,0,0,0,1,0,0,0,0,0,0,0,0,0,0,0,0,435518480981471163
layer,7,0,6,133,decode,6,8,8,0,0,0,157,0,0,0,0,17,7,2,0,0,0,0,0,0,81,lru,0,0,0,0,0,0,8,8,8,0,0,0,0,0,0,0,0,0,0,0,0,0,0,0,0,7928278608462058490
layer,7,0,6,133,decode,7,8,8,0,0,0,180,0,0,0,0,16,7,2,0,0,0,0,0,0,81,lru,0,0,0,0,0,0,8,8,8,0,0,0,0,0,0,0,0,0,0,0,0,0,0,0,0,18128698979895123948
layer,7,0,6,133,decode,8,8,8,0,0,0,172,0,0,0,0,17,7,1,0,0,0,0,0,0,81,lru,0,0,0,0,0,0,8,8,8,0,0,0,0,0,0,0,0,0,0,0,0,0,0,0,0,3191247571793193934
layer,7,0,6,133,decode,9,8,8,0,0,0,178,0,0,0,0,16,7,1,0,0,0,0,0,0,81,lru,0,0,0,0,0,0,8,8,8,0,0,0,0,0,0,0,0,0,0,0,0,0,0,0,0,11009407805879504475
layer,7,0,6,133,decode,10,8,6,2,2392,624,148,353,4,0,4,4983,6,6,0,0,0,0,0,0,81,lru,0,0,0,0,0,0,8,6,8,0,2,0,0,3,3,1900544,1900544,0,2392,2240,3801088,3801088,0,1900544,3,8842963143998824316
layer,7,0,6,133,decode,11,8,8,0,0,0,181,0,0,0,0,19,8,1,0,0,0,0,0,0,81,lru,0,0,0,0,0,0,8,8,8,0,0,0,1,0,0,0,0,0,0,0,0,0,0,0,0,3231676148658988507
layer,7,0,6,133,decode,12,8,7,1,2356,335,153,159,3,0,3,2812,7,5,0,0,0,0,0,0,81,lru,0,0,0,0,0,0,8,7,8,0,1,0,0,0,3,0,1900544,0,2358,281,1900544,1900544,0,1900544,3,422989677180140527
layer,7,0,6,133,decode,13,8,8,0,0,0,176,0,0,0,0,19,8,1,0,0,0,0,0,0,81,lru,0,0,0,0,0,0,8,8,8,0,0,0,1,0,0,0,0,0,0,0,0,0,0,0,0,2967113561196638138
layer,7,0,6,133,decode,14,8,8,0,0,0,157,0,0,0,0,17,7,1,0,0,0,0,0,0,81,lru,0,0,0,0,0,0,8,8,8,0,0,0,0,0,0,0,0,0,0,0,0,0,0,0,0,9160441289571219280
layer,7,0,6,133,decode,15,8,8,0,0,0,179,0,0,0,0,17,7,1,0,0,0,0,0,0,81,lru,0,0,0,0,0,0,8,8,8,0,0,0,1,0,0,0,0,0,0,0,0,0,0,0,0,9990375172849719827
layer,7,0,6,133,decode,16,8,8,0,0,0,172,0,0,0,0,17,7,1,0,0,0,0,0,0,81,lru,0,0,0,0,0,0,8,8,8,0,0,0,0,0,0,0,0,0,0,0,0,0,0,0,0,15888924027943339500
layer,7,0,6,133,decode,17,8,6,2,0,627,177,302,4,0,4,4198,6,4,0,0,0,0,0,0,81,lru,0,0,0,0,0,0,8,6,8,0,2,0,0,6,0,3801088,0,0,0,3923,3801088,3801088,0,0,0,14623047588539251939
layer,7,0,6,133,decode,18,8,3,5,0,1549,140,867,4,0,4,10068,8,14,0,0,0,0,0,0,81,lru,0,0,0,0,0,0,8,3,8,0,5,0,1,15,0,9502720,0,0,0,9524,9502720,9502720,0,0,0,9270674279105333165
layer,7,0,6,133,decode,19,8,7,1,0,318,181,276,3,0,3,2094,8,2,0,0,0,0,0,0,81,lru,0,0,0,0,0,0,8,7,8,0,1,0,1,3,0,1900544,0,0,0,1882,1900544,1900544,0,0,0,3439065619668124981
layer,7,0,6,133,decode,20,8,8,0,0,0,173,0,0,0,0,19,8,2,0,0,0,0,0,0,81,lru,0,0,0,0,0,0,8,8,8,0,0,0,0,0,0,0,0,0,0,0,0,0,0,0,0,2660953895937476483
layer,7,0,6,133,decode,21,8,7,1,2377,339,169,248,3,0,3,2885,7,12,0,0,0,0,0,0,81,lru,0,0,0,0,0,0,8,7,8,0,1,0,0,0,3,0,1900544,0,2377,277,1900544,1900544,0,1900544,3,3219897889847361551
layer,7,0,6,133,decode,22,8,6,2,0,627,157,493,5,0,5,4175,8,2,0,0,0,0,0,0,81,lru,0,0,0,0,0,0,8,6,8,0,2,0,1,6,0,3801088,0,0,0,3849,3801088,3801088,0,0,0,857148066361257574
layer,7,0,6,133,decode,23,8,5,3,0,1068,178,710,4,0,4,3263,7,2,0,0,0,0,0,0,81,lru,0,0,0,0,0,0,8,5,8,0,3,0,1,9,0,5701632,0,0,0,2817,5701632,5701632,0,0,0,6481020503337922658
layer,7,0,6,133,decode,24,8,8,0,0,0,173,0,0,0,0,19,7,2,0,0,0,0,0,0,81,lru,0,0,0,0,0,0,8,8,8,0,0,0,1,0,0,0,0,0,0,0,0,0,0,0,0,18304718424876721429
layer,7,0,6,133,decode,25,8,7,1,0,394,178,223,3,0,3,632,6,10,0,0,0,0,0,0,81,lru,0,0,0,0,0,0,8,7,8,0,1,0,0,3,0,1900544,0,0,0,418,1900544,1900544,0,0,0,15416605658770209341
layer,7,0,6,133,decode,26,8,7,1,0,398,150,299,3,0,3,636,7,5,0,0,0,0,0,0,81,lru,0,0,0,0,0,0,8,7,8,0,1,0,0,3,0,1900544,0,0,0,420,1900544,1900544,0,0,0,11469750614060719110
layer,7,0,6,133,decode,27,8,6,2,0,701,173,472,4,0,4,2675,8,14,0,0,0,0,0,0,81,lru,0,0,0,0,0,0,8,6,8,0,2,0,1,6,0,3801088,0,0,0,2385,3801088,3801088,0,0,0,6029347236902501151
layer,7,0,6,133,decode,28,8,8,0,0,0,174,0,0,0,0,19,7,1,0,0,0,0,0,0,81,lru,0,0,0,0,0,0,8,8,8,0,0,0,1,0,0,0,0,0,0,0,0,0,0,0,0,17429485464900790622
layer,7,0,6,133,decode,29,8,6,2,0,702,179,508,4,0,4,2719,8,2,0,0,0,0,0,0,81,lru,0,0,0,0,0,0,8,6,8,0,2,0,0,6,0,3801088,0,0,0,2364,3801088,3801088,0,0,0,4366549469075179717
layer,7,0,6,133,decode,30,8,5,3,2144,1010,159,717,5,0,5,5173,7,2,0,0,0,0,0,0,81,lru,0,0,0,0,0,0,8,5,8,0,3,0,1,6,3,3801088,1900544,0,2144,2632,5701632,5701632,0,1900544,3,17727947208599988196
layer,7,0,6,133,decode,31,8,6,2,0,627,182,320,5,0,5,4164,7,2,0,0,0,0,0,0,81,lru,0,0,0,0,0,0,8,6,8,0,2,0,1,6,0,3801088,0,0,0,3871,3801088,3801088,0,0,0,10122057785985653863
layer,7,0,6,133,decode,32,8,8,0,0,0,177,0,0,0,0,19,7,2,0,0,0,0,0,0,81,lru,0,0,0,0,0,0,8,8,8,0,0,0,1,0,0,0,0,0,0,0,0,0,0,0,0,16324851868397671228
layer,7,0,6,133,decode,33,8,5,3,0,1063,178,857,4,0,4,3194,7,2,0,0,0,0,0,0,81,lru,0,0,0,0,0,0,8,5,8,0,3,0,0,9,0,5701632,0,0,0,2750,5701632,5701632,0,0,0,3447870899391948095
layer,7,0,6,133,decode,34,8,5,3,0,1141,158,725,4,0,4,3401,8,2,0,0,0,0,0,0,81,lru,0,0,0,0,0,0,8,5,8,0,3,0,1,9,0,6119424,0,0,0,3001,6119424,6119424,0,0,0,4866872266726859318
layer,7,0,6,133,decode,35,8,7,1,0,396,174,210,3,0,3,642,8,9,0,0,0,0,0,0,81,lru,0,0,0,0,0,0,8,7,8,0,1,0,1,3,0,1900544,0,0,0,424,1900544,1900544,0,0,0,12749646494326849250
layer,7,0,6,133,decode,36,8,8,0,0,0,177,0,0,0,0,19,8,1,0,0,0,0,0,0,81,lru,0,0,0,0,0,0,8,8,8,0,0,0,1,0,0,0,0,0,0,0,0,0,0,0,0,9834601265632808400
layer,7,0,6,133,decode,37,8,8,0,0,0,179,0,0,0,0,17,7,1,0,0,0,0,0,0,81,lru,0,0,0,0,0,0,8,8,8,0,0,0,0,0,0,0,0,0,0,0,0,0,0,0,0,10099505250204060313
layer,7,0,6,133,decode,38,8,6,2,0,727,160,580,5,0,5,2826,7,2,0,0,0,0,0,0,81,lru,0,0,0,0,0,0,8,6,8,0,2,0,0,6,0,4079616,0,0,0,2520,4079616,4079616,0,0,0,51594090160155035
layer,7,0,6,133,decode,39,8,8,0,0,0,691,0,0,0,0,18,8,2,0,0,0,0,0,0,81,lru,0,0,0,0,0,0,8,8,8,0,0,0,1,0,0,0,0,0,0,0,0,0,0,0,0,31437985425977197
request,7,0,6,0,decode,-1,0,0,0,0,0,0,0,0,0,0,0,0,0,0,0,0,0,0,0,0,,74135,385,0,0,17,0,0,0,0,0,0,0,0,0,0,0,0,0,0,0,0,0,0,0,0,0
layer,8,0,7,134,decode,0,8,6,2,0,785,164,591,3,0,3,1195,9,6,0,0,0,0,0,0,81,lru,0,0,0,0,0,0,8,6,8,0,2,0,2,6,0,3801088,0,0,0,862,3801088,3801088,0,0,0,10584228295349056680
layer,8,0,7,134,decode,1,8,4,4,0,1580,176,1275,4,0,4,2267,7,2,0,0,0,0,0,0,81,lru,0,0,0,0,0,0,8,4,8,0,4,0,1,12,0,7602176,0,0,0,1769,7602176,7602176,0,0,0,15939984125991845485
layer,8,0,7,134,decode,2,8,5,3,0,1169,155,1018,3,0,3,1734,7,2,0,0,0,0,0,0,81,lru,0,0,0,0,0,0,8,5,8,0,3,0,1,9,0,5701632,0,0,0,1319,5701632,5701632,0,0,0,15323024625919569060
layer,8,0,7,134,decode,3,8,6,2,0,757,178,540,4,0,4,1207,7,2,0,0,0,0,0,0,81,lru,0,0,0,0,0,0,8,6,8,0,2,0,1,6,0,3801088,0,0,0,852,3801088,3801088,0,0,0,14067943765549833759
layer,8,0,7,134,decode,4,8,8,0,0,0,172,0,0,0,0,18,7,1,0,0,0,0,0,0,81,lru,0,0,0,0,0,0,8,8,8,0,0,0,0,0,0,0,0,0,0,0,0,0,0,0,0,4092171692777884451
layer,8,0,7,134,decode,5,8,7,1,0,395,177,354,3,0,3,650,7,2,0,0,0,0,0,0,81,lru,0,0,0,0,0,0,8,7,8,0,1,0,0,3,0,1900544,0,0,0,427,1900544,1900544,0,0,0,7840827915678869346
layer,8,0,7,134,decode,6,8,8,0,0,0,157,0,0,0,0,18,7,2,0,0,0,0,0,0,81,lru,0,0,0,0,0,0,8,8,8,0,0,0,0,0,0,0,0,0,0,0,0,0,0,0,0,4073769945124917258
layer,8,0,7,134,decode,7,8,8,0,0,0,180,0,0,0,0,16,7,1,0,0,0,0,0,0,81,lru,0,0,0,0,0,0,8,8,8,0,0,0,0,0,0,0,0,0,0,0,0,0,0,0,0,4038299962459092802
layer,8,0,7,134,decode,8,8,8,0,0,0,172,0,0,0,0,15,6,1,0,0,0,0,0,0,81,lru,0,0,0,0,0,0,8,8,8,0,0,0,0,0,0,0,0,0,0,0,0,0,0,0,0,7939347142139583875
layer,8,0,7,134,decode,9,8,7,1,2286,331,177,273,3,0,3,2807,6,2,0,0,0,0,0,0,81,lru,0,0,0,0,0,0,8,7,8,0,1,0,0,0,3,0,1900544,0,2287,307,1900544,1900544,0,1900544,3,9102427240572141783
layer,8,0,7,134,decode,10,8,7,1,0,320,156,255,3,0,3,2117,7,2,0,0,0,0,0,0,81,lru,0,0,0,0,0,0,8,7,8,0,1,0,0,3,0,1900544,0,0,0,1912,1900544,1900544,0,0,0,7328577176761290553
layer,8,0,7,134,decode,11,8,7,1,0,323,179,189,3,0,3,2085,7,2,0,0,0,0,0,0,81,lru,0,0,0,0,0,0,8,7,8,0,1,0,0,3,0,1900544,0,0,0,1880,1900544,1900544,0,0,0,7259371736885930376
layer,8,0,7,134,decode,12,8,8,0,0,0,172,0,0,0,0,16,7,1,0,0,0,0,0,0,81,lru,0,0,0,0,0,0,8,8,8,0,0,0,0,0,0,0,0,0,0,0,0,0,0,0,0,9336492097647315758
layer,8,0,7,134,decode,13,8,8,0,0,0,176,0,0,0,0,15,7,1,0,0,0,0,0,0,81,lru,0,0,0,0,0,0,8,8,8,0,0,0,0,0,0,0,0,0,0,0,0,0,0,0,0,1413549373626815028
layer,8,0,7,134,decode,14,8,7,1,0,326,158,186,3,0,3,2137,7,2,0,0,0,0,0,0,81,lru,0,0,0,0,0,0,8,7,8,0,1,0,0,3,0,1900544,0,0,0,1924,1900544,1900544,0,0,0,10990119994825921444
layer,8,0,7,134,decode,15,8,8,0,0,0,180,0,0,0,0,17,7,2,0,0,0,0,0,0,81,lru,0,0,0,0,0,0,8,8,8,0,0,0,0,0,0,0,0,0,0,0,0,0,0,0,0,9038487127731518637
layer,8,0,7,134,decode,16,8,8,0,0,0,173,0,0,0,0,17,7,1,0,0,0,0,0,0,81,lru,0,0,0,0,0,0,8,8,8,0,0,0,0,0,0,0,0,0,0,0,0,0,0,0,0,17575845031981776372
layer,8,0,7,134,decode,17,8,5,3,0,934,176,643,4,0,4,6119,7,2,0,0,0,0,0,0,81,lru,0,0,0,0,0,0,8,5,8,0,3,0,0,9,0,5701632,0,0,0,5692,5701632,5701632,0,0,0,10442307198488243090
layer,8,0,7,134,decode,18,8,5,3,0,934,156,719,4,0,4,6095,7,6,0,0,0,0,0,0,81,lru,0,0,0,0,0,0,8,5,8,0,3,0,1,9,0,5701632,0,0,0,5658,5701632,5701632,0,0,0,7201699221276680715
layer,8,0,7,134,decode,19,8,7,1,0,331,162,1303,3,0,3,2130,7,13,0,0,0,0,0,0,81,lru,0,0,0,0,0,0,8,7,8,0,1,0,1,3,0,1900544,0,0,0,1892,1900544,1900544,0,0,0,5036658814527395197
layer,8,0,7,134,decode,20,8,7,1,0,321,174,269,4,0,4,2112,8,2,0,0,0,0,0,0,81,lru,0,0,0,0,0,0,8,7,8,0,1,0,2,3,0,1900544,0,0,0,1900,1900544,1900544,0,0,0,15862049677953568652
layer,8,0,7,134,decode,21,8,8,0,0,0,176,0,0,0,0,17,7,2,0,0,0,0,0,0,81,lru,0,0,0,0,0,0,8,8,8,0,0,0,0,0,0,0,0,0,0,0,0,0,0,0,0,15024017871806186409
layer,8,0,7,134,decode,22,8,8,0,0,0,157,0,0,0,0,16,7,1,0,0,0,0,0,0,81,lru,0,0,0,0,0,0,8,8,8,0,0,0,0,0,0,0,0,0,0,0,0,0,0,0,0,6108898310949230812
layer,8,0,7,134,decode,23,8,7,1,0,325,180,264,3,0,3,2088,7,2,0,0,0,0,0,0,81,lru,0,0,0,0,0,0,8,7,8,0,1,0,0,3,0,1900544,0,0,0,1876,1900544,1900544,0,0,0,10710116052990533630
layer,8,0,7,134,decode,24,8,7,1,0,326,173,284,4,0,4,2169,8,2,0,0,0,0,0,0,81,lru,0,0,0,0,0,0,8,7,8,0,1,0,0,3,0,1900544,0,0,0,1951,1900544,1900544,0,0,0,13979997698630530021
layer,8,0,7,134,decode,25,8,6,2,0,688,167,504,4,0,4,2665,7,16,0,0,0,0,0,0,81,lru,0,0,0,0,0,0,8,6,8,0,2,0,0,6,0,3801088,0,0,0,2374,3801088,3801088,0,0,0,7829639219118375022
layer,8,0,7,134,decode,26,8,7,1,0,329,156,280,3,0,3,2122,7,2,0,0,0,0,0,0,81,lru,0,0,0,0,0,0,8,7,8,0,1,0,1,3,0,1900544,0,0,0,1867,1900544,1900544,0,0,0,1909251474130270321
layer,8,0,7,134,decode,27,8,8,0,0,0,180,0,0,0,0,17,7,1,0,0,0,0,0,0,81,lru,0,0,0,0,0,0,8,8,8,0,0,0,0,0,0,0,0,0,0,0,0,0,0,0,0,10591240856553384771
layer,8,0,7,134,decode,28,8,6,2,0,689,173,523,4,0,4,2622,7,2,0,0,0,0,0,0,81,lru,0,0,0,0,0,0,8,6,8,0,2,0,0,6,0,3801088,0,0,0,2322,3801088,3801088,0,0,0,13779360036970008347
layer,8,0,7,134,decode,29,8,6,2,0,696,176,556,4,0,4,2622,7,2,0,0,0,0,0,0,81,lru,0,0,0,0,0,0,8,6,8,0,2,0,1,6,0,3801088,0,0,0,2327,3801088,3801088,0,0,0,11367489115705562201
layer,8,0,7,134,decode,30,8,7,1,0,388,158,213,3,0,3,638,7,8,0,0,0,0,0,0,81,lru,0,0,0,0,0,0,8,7,8,0,1,0,1,3,0,1900544,0,0,0,424,1900544,1900544,0,0,0,275516316303934045
layer,8,0,7,134,decode,31,8,7,1,2369,317,180,228,3,0,3,2846,7,2,0,0,0,0,0,0,81,lru,0,0,0,0,0,0,8,7,8,0,1,0,0,0,3,0,1900544,0,2370,279,1900544,1900544,0,1900544,3,7422124499327072854
layer,8,0,7,134,decode,32,8,8,0,0,0,177,0,0,0,0,16,6,1,0,0,0,0,0,0,81,lru,0,0,0,0,0,0,8,8,8,0,0,0,0,0,0,0,0,0,0,0,0,0,0,0,0,2323716451503049687
layer,8,0,7,134,decode,33,8,7,1,0,378,179,330,3,0,3,681,6,2,0,0,0,0,0,0,81,lru,0,0,0,0,0,0,8,7,8,0,1,0,0,3,0,1900544,0,0,0,426,1900544,1900544,0,0,0,17798708836369086033
layer,8,0,7,134,decode,34,8,7,1,0,338,152,84,3,0,3,2222,10,10,0,0,0,0,0,0,81,lru,0,0,0,0,0,0,8,7,8,0,1,0,0,3,0,2039808,0,0,0,2018,2039808,2039808,0,0,0,5480331212675727084
layer,8,0,7,134,decode,35,8,7,1,2416,338,180,243,3,0,3,2963,6,2,0,0,0,0,0,0,81,lru,0,0,0,0,0,0,8,7,8,0,1,0,0,0,3,0,1900544,0,2418,271,1900544,1900544,0,1900544,3,16896947715216611999
layer,8,0,7,134,decode,36,8,6,2,2304,740,176,515,3,0,3,3348,7,2,0,0,0,0,0,0,81,lru,0,0,0,0,0,0,8,6,8,0,2,0,0,3,3,1900544,1900544,0,2304,726,3801088,3801088,0,1900544,3,10383114996599201478
layer,8,0,7,134,decode,37,8,6,2,2252,742,180,459,5,0,5,3310,7,2,0,0,0,0,0,0,81,lru,0,0,0,0,0,0,8,6,8,0,2,0,1,3,3,1900544,1900544,0,2253,741,3801088,3801088,0,1900544,3,62155649118386055
layer,8,0,7,134,decode,38,8,5,3,7645,1007,158,754,4,0,4,9009,7,2,0,0,0,0,0,0,81,lru,0,0,0,0,0,0,8,5,8,0,3,0,1,0,9,0,6119424,0,7646,926,6119424,6119424,0,6119424,9,1854328560223836062
layer,8,0,7,134,decode,39,8,7,1,0,420,689,82,3,0,3,693,7,2,0,0,0,0,0,0,81,lru,0,0,0,0,0,0,8,7,8,0,1,0,0,3,0,2039808,0,0,0,482,2039808,2039808,0,0,0,7683169519917208801
request,8,0,7,0,decode,-1,0,0,0,0,0,0,0,0,0,0,0,0,0,0,0,0,0,0,0,0,,80733,399,0,0,15,0,0,0,0,0,0,0,0,0,0,0,0,0,0,0,0,0,0,0,0,0
layer,9,0,8,135,decode,0,8,5,3,0,1141,170,849,4,0,4,1734,8,2,0,0,0,0,0,0,81,lru,0,0,0,0,0,0,8,5,8,0,3,0,1,9,0,5701632,0,0,0,1316,5701632,5701632,0,0,0,17766553607501442278
layer,9,0,8,135,decode,1,8,6,2,0,786,166,491,4,0,4,1186,7,19,0,0,0,0,0,0,81,lru,0,0,0,0,0,0,8,6,8,0,2,0,1,6,0,3801088,0,0,0,887,3801088,3801088,0,0,0,1948492005036949632
layer,9,0,8,135,decode,2,8,4,4,2420,1524,144,1035,4,0,4,4483,7,13,0,0,0,0,0,0,81,lru,0,0,0,0,0,0,8,4,8,0,4,0,1,9,3,5701632,1900544,0,2421,1593,7602176,7602176,0,1900544,3,5006948436406637278
layer,9,0,8,135,decode,3,8,7,1,2344,338,172,263,3,0,3,2863,8,7,0,0,0,0,0,0,81,lru,0,0,0,0,0,0,8,7,8,0,1,0,1,0,3,0,1900544,0,2346,290,1900544,1900544,0,1900544,3,4592461697132054249
layer,9,0,8,135,decode,4,8,8,0,0,0,172,0,0,0,0,17,7,1,0,0,0,0,0,0,81,lru,0,0,0,0,0,0,8,8,8,0,0,0,1,0,0,0,0,0,0,0,0,0,0,0,0,18426087518387629342
layer,9,0,8,135,decode,5,8,5,3,0,1186,174,776,4,0,4,1742,7,2,0,0,0,0,0,0,81,lru,0,0,0,0,0,0,8,5,8,0,3,0,1,9,0,5701632,0,0,0,1330,5701632,5701632,0,0,0,5089425193703876880
layer,9,0,8,135,decode,6,8,6,2,0,798,155,655,4,0,4,1168,8,2,0,0,0,0,0,0,81,lru,0,0,0,0,0,0,8,6,8,0,2,0,1,6,0,3801088,0,0,0,880,3801088,3801088,0,0,0,7837835001347558743
layer,9,0,8,135,decode,7,8,6,2,2353,737,180,429,4,0,4,3407,7,9,0,0,0,0,0,0,81,lru,0,0,0,0,0,0,8,6,8,0,2,0,1,3,3,1900544,1900544,0,2354,744,3801088,3801088,0,1900544,3,10820901291157374216
layer,9,0,8,135,decode,8,8,8,0,0,0,174,0,0,0,0,18,7,1,0,0,0,0,0,0,81,lru,0,0,0,0,0,0,8,8,8,0,0,0,1,0,0,0,0,0,0,0,0,0,0,0,0,11436820767518881406
layer,9,0,8,135,decode,9,8,8,0,0,0,176,0,0,0,0,16,6,2,0,0,0,0,0,0,81,lru,0,0,0,0,0,0,8,8,8,0,0,0,0,0,0,0,0,0,0,0,0,0,0,0,0,1164168202592943972
layer,9,0,8,135,decode,10,8,7,1,2454,337,157,272,3,0,3,2954,6,3,0,0,0,0,0,0,81,lru,0,0,0,0,0,0,8,7,8,0,1,0,1,0,3,0,1900544,0,2455,276,1900544,1900544,0,1900544,3,9220222709181233908
layer,9,0,8,135,decode,11,8,7,1,2391,337,169,251,3,0,3,2873,8,7,0,0,0,0,0,0,81,lru,0,0,0,0,0,0,8,7,8,0,1,0,1,0,3,0,1900544,0,2392,263,1900544,1900544,0,1900544,3,1311277773683376307
layer,9,0,8,135,decode,12,8,8,0,0,0,171,0,0,0,0,18,7,1,0,0,0,0,0,0,81,lru,0,0,0,0,0,0,8,8,8,0,0,0,1,0,0,0,0,0,0,0,0,0,0,0,0,2000440737684769920
layer,9,0,8,135,decode,13,8,8,0,0,0,177,0,0,0,0,16,7,1,0,0,0,0,0,0,81,lru,0,0,0,0,0,0,8,8,8,0,0,0,0,0,0,0,0,0,0,0,0,0,0,0,0,11204950664198944879
layer,9,0,8,135,decode,14,8,8,0,0,0,156,0,0,0,0,16,7,1,0,0,0,0,0,0,81,lru,0,0,0,0,0,0,8,8,8,0,0,0,0,0,0,0,0,0,0,0,0,0,0,0,0,3936076934666538677
layer,9,0,8,135,decode,15,8,8,0,0,0,178,0,0,0,0,16,7,1,0,0,0,0,0,0,81,lru,0,0,0,0,0,0,8,8,8,0,0,0,0,0,0,0,0,0,0,0,0,0,0,0,0,5611605155216758695
layer,9,0,8,135,decode,16,8,8,0,0,0,172,0,0,0,0,16,7,1,0,0,0,0,0,0,81,lru,0,0,0,0,0,0,8,8,8,0,0,0,1,0,0,0,0,0,0,0,0,0,0,0,0,4136314243319857197
layer,9,0,8,135,decode,17,8,7,1,0,324,167,157,3,0,3,2167,6,11,0,0,0,0,0,0,81,lru,0,0,0,0,0,0,8,7,8,0,1,0,0,3,0,1900544,0,0,0,1964,1900544,1900544,0,0,0,10795969084427487261
layer,9,0,8,135,decode,18,8,7,1,0,325,157,195,3,0,3,2158,8,2,0,0,0,0,0,0,81,lru,0,0,0,0,0,0,8,7,8,0,1,0,1,3,0,1900544,0,0,0,1942,1900544,1900544,0,0,0,18139486195445423639
layer,9,0,8,135,decode,19,8,6,2,4700,648,179,425,4,0,4,5577,8,9,0,0,0,0,0,0,81,lru,0,0,0,0,0,0,8,6,8,0,2,0,0,0,6,0,3801088,0,4702,561,3801088,3801088,0,3801088,6,4665248663898638419
layer,9,0,8,135,decode,20,8,6,2,2404,639,164,346,4,0,4,4876,8,10,0,0,0,0,0,0,81,lru,0,0,0,0,0,0,8,6,8,0,2,0,1,3,3,1900544,1900544,0,2405,2168,3801088,3801088,0,1900544,3,888903721516532847
layer,9,0,8,135,decode,21,8,8,0,0,0,175,0,0,0,0,21,7,2,0,0,0,0,0,0,81,lru,0,0,0,0,0,0,8,8,8,0,0,0,1,0,0,0,0,0,0,0,0,0,0,0,0,2547405077024683986
layer,9,0,8,135,decode,22,8,8,0,0,0,156,0,0,0,0,16,7,1,0,0,0,0,0,0,81,lru,0,0,0,0,0,0,8,8,8,0,0,0,0,0,0,0,0,0,0,0,0,0,0,0,0,9329243170614962344
layer,9,0,8,135,decode,23,8,5,3,4756,1056,167,646,4,0,4,6202,7,8,0,0,0,0,0,0,81,lru,0,0,0,0,0,0,8,5,8,0,3,0,0,3,6,1900544,3801088,0,4760,1023,5701632,5701632,0,3801088,6,2337895861932479443
layer,9,0,8,135,decode,24,8,7,1,2300,337,173,289,4,0,4,2805,7,2,0,0,0,0,0,0,81,lru,0,0,0,0,0,0,8,7,8,0,1,0,1,0,3,0,1900544,0,2302,285,1900544,1900544,0,1900544,3,2270593935789586961
layer,9,0,8,135,decode,25,8,7,1,0,392,177,353,3,0,3,661,7,2,0,0,0,0,0,0,81,lru,0,0,0,0,0,0,8,7,8,0,1,0,1,3,0,1900544,0,0,0,453,1900544,1900544,0,0,0,10916667042118379614
layer,9,0,8,135,decode,26,8,5,3,4301,960,156,725,4,0,4,7196,7,9,0,0,0,0,0,0,81,lru,0,0,0,0,0,0,8,5,8,0,3,0,0,3,6,1900544,3801088,0,4302,2492,5701632,5701632,0,3801088,6,15754179075883669812
layer,9,0,8,135,decode,27,8,4,4,9185,1208,174,631,4,0,4,10680,7,17,0,0,0,0,0,0,81,lru,0,0,0,0,0,0,8,4,8,0,4,0,1,0,12,0,7602176,0,9189,1046,7602176,7602176,0,7602176,12,2362328523610360789
layer,9,0,8,135,decode,28,8,6,2,2191,660,164,301,4,0,4,3144,8,9,0,0,0,0,0,0,81,lru,0,0,0,0,0,0,8,6,8,0,2,0,1,3,3,1900544,1900544,0,2192,663,3801088,3801088,0,1900544,3,6498114849240719321
layer,9,0,8,135,decode,29,8,5,3,6547,876,155,399,4,0,4,7620,7,8,0,0,0,0,0,0,81,lru,0,0,0,0,0,0,8,5,8,0,3,0,1,0,9,0,5701632,0,6549,746,5701632,5701632,0,5701632,9,17841745369087788761
layer,9,0,8,135,decode,30,8,7,1,1927,293,145,209,3,0,3,2355,7,8,0,0,0,0,0,0,81,lru,0,0,0,0,0,0,8,7,8,0,1,0,1,0,3,0,1900544,0,1927,245,1900544,1900544,0,1900544,3,9990383732946124177
layer,9,0,8,135,decode,31,8,6,2,4376,589,169,390,4,0,4,5176,7,14,0,0,0,0,0,0,81,lru,0,0,0,0,0,0,8,6,8,0,2,0,0,0,6,0,3801088,0,4379,523,3801088,3801088,0,3801088,6,5251011880594408093
layer,9,0,8,135,decode,32,8,4,4,8401,1131,164,614,4,0,4,9904,7,9,0,0,0,0,0,0,81,lru,0,0,0,0,0,0,8,4,8,0,4,0,1,0,12,0,7602176,0,8405,939,7602176,7602176,0,7602176,12,11059091779237039280
layer,9,0,8,135,decode,33,8,4,4,6120,1137,168,578,4,0,4,7544,7,9,0,0,0,0,0,0,81,lru,0,0,0,0,0,0,8,4,8,0,4,0,0,3,9,1900544,5701632,0,6122,1026,7602176,7602176,0,5701632,9,17569975123507609336
layer,9,0,8,135,decode,34,8,6,2,2180,635,149,391,4,0,4,3081,7,14,0,0,0,0,0,0,81,lru,0,0,0,0,0,0,8,6,8,0,2,0,1,3,3,2039808,2039808,0,2180,644,4079616,4079616,0,2039808,3,17116503491007308558
layer,9,0,8,135,decode,35,8,6,2,3922,544,159,240,3,0,3,4624,8,12,0,0,0,0,0,0,81,lru,0,0,0,0,0,0,8,6,8,0,2,0,1,0,6,0,3801088,0,3924,453,3801088,3801088,0,3801088,6,1052728928406428982
layer,9,0,8,135,decode,36,8,7,1,1857,286,164,111,2,0,2,2283,7,14,0,0,0,0,0,0,81,lru,0,0,0,0,0,0,8,7,8,0,1,0,1,0,3,0,1900544,0,1857,238,1900544,1900544,0,1900544,3,13889786909272235282
layer,9,0,8,135,decode,37,8,6,2,3687,545,178,331,4,0,4,4456,8,9,0,0,0,0,0,0,81,lru,0,0,0,0,0,0,8,6,8,0,2,0,0,0,6,0,3801088,0,3687,445,3801088,3801088,0,3801088,6,11159795696572737967
layer,9,0,8,135,decode,38,8,6,2,0,660,144,259,4,0,4,1013,7,17,0,0,0,0,0,0,81,lru,0,0,0,0,0,0,8,6,8,0,2,0,1,6,0,4079616,0,0,0,791,4079616,4079616,0,0,0,17908870639656982660
layer,9,0,8,135,decode,39,8,5,3,4308,919,687,517,4,0,4,5598,7,8,0,0,0,0,0,0,81,lru,0,0,0,0,0,0,8,5,8,0,3,0,1,3,6,2039808,4079616,0,4313,907,6119424,6119424,0,4079616,6,5455914698240310886
request,9,0,8,0,decode,-1,0,0,0,0,0,0,0,0,0,0,0,0,0,0,0,0,0,0,0,0,,129681,471,0,0,17,0,0,0,0,0,0,0,0,0,0,0,0,0,0,0,0,0,0,0,0,0
layer,10,0,9,136,decode,0,8,6,2,2014,589,166,318,4,0,4,2835,9,17,0,0,0,0,0,0,81,lru,0,0,0,0,0,0,8,6,8,0,2,0,1,3,3,1900544,1900544,0,2014,567,3801088,3801088,0,1900544,3,256183304317158008
layer,10,0,9,136,decode,1,8,4,4,0,1319,166,788,4,0,4,1851,7,10,0,0,0,0,0,0,81,lru,0,0,0,0,0,0,8,4,8,0,4,0,1,12,0,7602176,0,0,0,1478,7602176,7602176,0,0,0,4134088012697480474
layer,10,0,9,136,decode,2,8,5,3,0,1013,154,654,4,0,4,1510,7,4,0,0,0,0,0,0,81,lru,0,0,0,0,0,0,8,5,8,0,3,0,1,9,0,5701632,0,0,0,1100,5701632,5701632,0,0,0,11054506302481276366
layer,10,0,9,136,decode,3,8,5,3,0,1073,168,617,4,0,4,1542,8,8,0,0,0,0,0,0,81,lru,0,0,0,0,0,0,8,5,8,0,3,0,1,9,0,5701632,0,0,0,1199,5701632,5701632,0,0,0,1357185653351558521
layer,10,0,9,136,decode,4,8,6,2,2141,666,171,438,4,0,4,3084,7,2,0,0,0,0,0,0,81,lru,0,0,0,0,0,0,8,6,8,0,2,0,1,3,3,1900544,1900544,0,2142,654,3801088,3801088,0,1900544,3,7876943170034613391
layer,10,0,9,136,decode,5,8,7,1,0,358,168,241,3,0,3,581,7,11,0,0,0,0,0,0,81,lru,0,0,0,0,0,0,8,7,8,0,1,0,1,3,0,1900544,0,0,0,387,1900544,1900544,0,0,0,2789438613935032100
layer,10,0,9,136,decode,6,8,8,0,0,0,155,0,0,0,0,17,7,2,0,0,0,0,0,0,81,lru,0,0,0,0,0,0,8,8,8,0,0,0,1,0,0,0,0,0,0,0,0,0,0,0,0,1904092008760804848
layer,10,0,9,136,decode,7,8,8,0,0,0,180,0,0,0,0,16,7,2,0,0,0,0,0,0,81,lru,0,0,0,0,0,0,8,8,8,0,0,0,0,0,0,0,0,0,0,0,0,0,0,0,0,3628117425985174664
layer,10,0,9,136,decode,8,8,8,0,0,0,172,0,0,0,0,15,7,1,0,0,0,0,0,0,81,lru,0,0,0,0,0,0,8,8,8,0,0,0,1,0,0,0,0,0,0,0,0,0,0,0,0,12283578057002322663
layer,10,0,9,136,decode,9,8,8,0,0,0,177,0,0,0,0,22,7,8,0,0,0,0,0,0,81,lru,0,0,0,0,0,0,8,8,8,0,0,0,1,0,0,0,0,0,0,0,0,0,0,0,0,10107830533395532044
layer,10,0,9,136,decode,10,8,8,0,0,0,156,0,0,0,0,15,6,2,0,0,0,0,0,0,81,lru,0,0,0,0,0,0,8,8,8,0,0,0,1,0,0,0,0,0,0,0,0,0,0,0,0,14967505582715896714
layer,10,0,9,136,decode,11,8,8,0,0,0,179,0,0,0,0,17,7,1,0,0,0,0,0,0,81,lru,0,0,0,0,0,0,8,8,8,0,0,0,0,0,0,0,0,0,0,0,0,0,0,0,0,13185845533284760550
layer,10,0,9,136,decode,12,8,8,0,0,0,171,0,0,0,0,16,7,2,0,0,0,0,0,0,81,lru,0,0,0,0,0,0,8,8,8,0,0,0,0,0,0,0,0,0,0,0,0,0,0,0,0,16020705377308949744
layer,10,0,9,136,decode,13,8,6,2,2200,598,167,313,4,0,4,4576,7,10,0,0,0,0,0,0,81,lru,0,0,0,0,0,0,8,6,8,0,2,0,1,3,3,1900544,1900544,0,2201,2082,3801088,3801088,0,1900544,3,464341378819426607
layer,10,0,9,136,decode,14,8,8,0,0,0,157,0,0,0,0,18,8,1,0,0,0,0,0,0,81,lru,0,0,0,0,0,0,8,8,8,0,0,0,1,0,0,0,0,0,0,0,0,0,0,0,0,16618559914465556047
layer,10,0,9,136,decode,15,8,8,0,0,0,180,0,0,0,0,16,7,2,0,0,0,0,0,0,81,lru,0,0,0,0,0,0,8,8,8,0,0,0,0,0,0,0,0,0,0,0,0,0,0,0,0,312590681848396204
layer,10,0,9,136,decode,16,8,8,0,0,0,172,0,0,0,0,15,6,1,0,0,0,0,0,0,81,lru,0,0,0,0,0,0,8,8,8,0,0,0,0,0,0,0,0,0,0,0,0,0,0,0,0,8891676187445877689
layer,10,0,9,136,decode,17,8,8,0,0,0,177,0,0,0,0,15,6,1,0,0,0,0,0,0,81,lru,0,0,0,0,0,0,8,8,8,0,0,0,0,0,0,0,0,0,0,0,0,0,0,0,0,2048431109470316394
layer,10,0,9,136,decode,18,8,6,2,0,616,149,534,4,0,4,4164,6,14,0,0,0,0,0,0,81,lru,0,0,0,0,0,0,8,6,8,0,2,0,0,6,0,3801088,0,0,0,3878,3801088,3801088,0,0,0,5105908781035959330
layer,10,0,9,136,decode,19,8,8,0,0,0,179,0,0,0,0,18,8,2,0,0,0,0,0,0,81,lru,0,0,0,0,0,0,8,8,8,0,0,0,1,0,0,0,0,0,0,0,0,0,0,0,0,3636914449266102055
layer,10,0,9,136,decode,20,8,8,0,0,0,172,0,0,0,0,17,7,2,0,0,0,0,0,0,81,lru,0,0,0,0,0,0,8,8,8,0,0,0,0,0,0,0,0,0,0,0,0,0,0,0,0,7378481345217215354
layer,10,0,9,136,decode,21,8,8,0,0,0,176,0,0,0,0,16,7,1,0,0,0,0,0,0,81,lru,0,0,0,0,0,0,8,8,8,0,0,0,0,0,0,0,0,0,0,0,0,0,0,0,0,11810886050295892972
layer,10,0,9,136,decode,22,8,8,0,0,0,157,0,0,0,0,15,6,1,0,0,0,0,0,0,81,lru,0,0,0,0,0,0,8,8,8,0,0,0,0,0,0,0,0,0,0,0,0,0,0,0,0,11187754886100483433
layer,10,0,9,136,decode,23,8,7,1,0,389,180,366,3,0,3,650,7,2,0,0,0,0,0,0,81,lru,0,0,0,0,0,0,8,7,8,0,1,0,1,3,0,1900544,0,0,0,418,1900544,1900544,0,0,0,16097460006470681003
layer,10,0,9,136,decode,24,8,8,0,0,0,172,0,0,0,0,19,8,1,0,0,0,0,0,0,81,lru,0,0,0,0,0,0,8,8,8,0,0,0,0,0,0,0,0,0,0,0,0,0,0,0,0,4919453144770343839
layer,10,0,9,136,decode,25,8,7,1,0,326,177,289,3,0,3,2129,6,4,0,0,0,0,0,0,81,lru,0,0,0,0,0,0,8,7,8,0,1,0,0,3,0,1900544,0,0,0,1924,1900544,1900544,0,0,0,3620813023895103817
layer,10,0,9,136,decode,26,8,7,1,0,326,157,200,3,0,3,2125,8,2,0,0,0,0,0,0,81,lru,0,0,0,0,0,0,8,7,8,0,1,0,0,3,0,1900544,0,0,0,1905,1900544,1900544,0,0,0,7016487022720243301
layer,10,0,9,136,decode,27,8,8,0,0,0,180,0,0,0,0,18,8,1,0,0,0,0,0,0,81,lru,0,0,0,0,0,0,8,8,8,0,0,0,0,0,0,0,0,0,0,0,0,0,0,0,0,15158303609301460194
layer,10,0,9,136,decode,28,8,7,1,0,329,173,289,3,0,3,2074,6,2,0,0,0,0,0,0,81,lru,0,0,0,0,0,0,8,7,8,0,1,0,0,3,0,1900544,0,0,0,1862,1900544,1900544,0,0,0,3237418061125779420
layer,10,0,9,136,decode,29,8,8,0,0,0,176,0,0,0,0,17,7,2,0,0,0,0,0,0,81,lru,0,0,0,0,0,0,8,8,8,0,0,0,1,0,0,0,0,0,0,0,0,0,0,0,0,2131734468679617929
layer,10,0,9,136,decode,30,8,7,1,2114,339,150,154,3,0,3,2648,7,14,0,0,0,0,0,0,81,lru,0,0,0,0,0,0,8,7,8,0,1,0,0,0,3,0,1900544,0,2114,276,1900544,1900544,0,1900544,3,14549415168149315312
layer,10,0,9,136,decode,31,8,6,2,2394,704,179,463,3,0,3,3403,8,2,0,0,0,0,0,0,81,lru,0,0,0,0,0,0,8,6,8,0,2,0,0,3,3,1900544,1900544,0,2395,699,3801088,3801088,0,1900544,3,6539492118205714906
layer,10,0,9,136,decode,32,8,8,0,0,0,174,0,0,0,0,17,7,2,0,0,0,0,0,0,81,lru,0,0,0,0,0,0,8,8,8,0,0,0,1,0,0,0,0,0,0,0,0,0,0,0,0,16243599632239120236
layer,10,0,9,136,decode,33,8,6,2,2468,722,167,501,4,0,4,3482,6,13,0,0,0,0,0,0,81,lru,0,0,0,0,0,0,8,6,8,0,2,0,0,3,3,1900544,1900544,0,2468,723,3801088,3801088,0,1900544,3,10902319024673288910
layer,10,0,9,136,decode,34,8,7,1,2586,367,164,1318,3,0,3,3413,7,3,0,0,0,0,0,0,81,lru,0,0,0,0,0,0,8,7,8,0,1,0,0,0,3,0,2039808,0,2587,305,2039808,2039808,0,2039808,3,12417754167355375309
layer,10,0,9,136,decode,35,8,6,2,4803,664,159,452,5,0,5,5648,8,14,0,0,0,0,0,0,81,lru,0,0,0,0,0,0,8,6,8,0,2,0,1,0,6,0,3801088,0,4806,533,3801088,3801088,0,3801088,6,14601239936375273708
layer,10,0,9,136,decode,36,8,8,0,0,0,175,0,0,0,0,18,7,1,0,0,0,0,0,0,81,lru,0,0,0,0,0,0,8,8,8,0,0,0,1,0,0,0,0,0,0,0,0,0,0,0,0,17417706286672176804
layer,10,0,9,136,decode,37,8,5,3,2071,1159,178,764,4,0,4,3697,6,9,0,0,0,0,0,0,81,lru,0,0,0,0,0,0,8,5,8,0,3,0,0,6,3,3801088,1900544,0,2072,1224,5701632,5701632,0,1900544,3,367583876762641024
layer,10,0,9,136,decode,38,8,6,2,2622,731,149,441,4,0,4,3742,7,8,0,0,0,0,0,0,81,lru,0,0,0,0,0,0,8,6,8,0,2,0,1,3,3,2039808,2039808,0,2622,754,4079616,4079616,0,2039808,3,4154182689912960147
layer,10,0,9,136,decode,39,8,6,2,5123,691,676,423,4,0,4,6049,7,6,0,0,0,0,0,0,81,lru,0,0,0,0,0,0,8,6,8,0,2,0,1,0,6,0,4079616,0,5124,604,4079616,4079616,0,4079616,6,1995011773296495685
request,10,0,9,0,decode,-1,0,0,0,0,0,0,0,0,0,0,0,0,0,0,0,0,0,0,0,0,,67410,368,0,0,16,0,0,0,0,0,0,0,0,0,0,0,0,0,0,0,0,0,0,0,0,0
layer,11,0,10,137,decode,0,8,7,1,0,395,173,340,2,0,2,660,8,3,0,0,0,0,0,0,81,lru,0,0,0,0,0,0,8,7,8,0,1,0,1,3,0,1900544,0,0,0,436,1900544,1900544,0,0,0,13752061682182859772
layer,11,0,10,137,decode,1,8,7,1,0,396,177,368,3,0,3,652,8,2,0,0,0,0,0,0,81,lru,0,0,0,0,0,0,8,7,8,0,1,0,1,3,0,1900544,0,0,0,435,1900544,1900544,0,0,0,3671770091983518084
layer,11,0,10,137,decode,2,8,4,4,0,1525,154,1222,4,0,4,2330,8,2,0,0,0,0,0,0,81,lru,0,0,0,0,0,0,8,4,8,0,4,0,1,12,0,7602176,0,0,0,1732,7602176,7602176,0,0,0,9502492281645903271
layer,11,0,10,137,decode,3,8,4,4,4637,1417,159,1085,4,0,4,6498,7,11,0,0,0,0,0,0,81,lru,0,0,0,0,0,0,8,4,8,0,4,0,1,6,6,3801088,3801088,0,4638,1369,7602176,7602176,0,3801088,6,9784137220707317288
layer,11,0,10,137,decode,4,8,5,3,4714,1047,171,739,4,0,4,6140,8,11,0,0,0,0,0,0,81,lru,0,0,0,0,0,0,8,5,8,0,3,0,1,3,6,1900544,3801088,0,4717,977,5701632,5701632,0,3801088,6,3162804470617996141
layer,11,0,10,137,decode,5,8,7,1,0,387,178,331,3,0,3,669,7,2,0,0,0,0,0,0,81,lru,0,0,0,0,0,0,8,7,8,0,1,0,1,3,0,1900544,0,0,0,444,1900544,1900544,0,0,0,3703389588861937550
layer,11,0,10,137,decode,6,8,8,0,0,0,157,0,0,0,0,18,8,2,0,0,0,0,0,0,81,lru,0,0,0,0,0,0,8,8,8,0,0,0,0,0,0,0,0,0,0,0,0,0,0,0,0,11345518503722118030
layer,11,0,10,137,decode,7,8,7,1,0,399,180,339,3,0,3,633,6,14,0,0,0,0,0,0,81,lru,0,0,0,0,0,0,8,7,8,0,1,0,0,3,0,1900544,0,0,0,431,1900544,1900544,0,0,0,18258271596746002364
layer,11,0,10,137,decode,8,8,7,1,2385,333,173,279,4,0,4,2884,7,2,0,0,0,0,0,0,81,lru,0,0,0,0,0,0,8,7,8,0,1,0,1,0,3,0,1900544,0,2385,277,1900544,1900544,0,1900544,3,6927192323813516986
layer,11,0,10,137,decode,9,8,7,1,0,308,176,264,3,0,3,2154,7,2,0,0,0,0,0,0,81,lru,0,0,0,0,0,0,8,7,8,0,1,0,0,3,0,1900544,0,0,0,1917,1900544,1900544,0,0,0,4495025657307624376
layer,11,0,10,137,decode,10,8,6,2,2418,635,148,402,4,0,4,4915,6,15,0,0,0,0,0,0,81,lru,0,0,0,0,0,0,8,6,8,0,2,0,1,3,3,1900544,1900544,0,2418,2194,3801088,3801088,0,1900544,3,918413432847772397
layer,11,0,10,137,decode,11,8,6,2,4677,658,179,507,4,0,4,5584,7,2,0,0,0,0,0,0,81,lru,0,0,0,0,0,0,8,6,8,0,2,0,1,0,6,0,3801088,0,4679,531,3801088,3801088,0,3801088,6,1691102136812413906
layer,11,0,10,137,decode,12,8,8,0,0,0,172,0,0,0,0,17,7,1,0,0,0,0,0,0,81,lru,0,0,0,0,0,0,8,8,8,0,0,0,1,0,0,0,0,0,0,0,0,0,0,0,0,12997929092757780834
layer,11,0,10,137,decode,13,8,7,1,0,326,166,231,3,0,3,2182,6,8,0,0,0,0,0,0,81,lru,0,0,0,0,0,0,8,7,8,0,1,0,0,3,0,1900544,0,0,0,1933,1900544,1900544,0,0,0,6628115680083720291
layer,11,0,10,137,decode,14,8,8,0,0,0,156,0,0,0,0,18,8,1,0,0,0,0,0,0,81,lru,0,0,0,0,0,0,8,8,8,0,0,0,1,0,0,0,0,0,0,0,0,0,0,0,0,16657022429908308378
layer,11,0,10,137,decode,15,8,7,1,0,323,171,145,5,0,5,2101,7,18,0,0,0,0,0,0,81,lru,0,0,0,0,0,0,8,7,8,0,1,0,0,3,0,1900544,0,0,0,1905,1900544,1900544,0,0,0,13361579617530402918
layer,11,0,10,137,decode,16,8,7,1,0,331,164,263,3,0,3,2116,8,7,0,0,0,0,0,0,81,lru,0,0,0,0,0,0,8,7,8,0,1,0,1,3,0,1900544,0,0,0,1874,1900544,1900544,0,0,0,11188413083129340357
layer,11,0,10,137,decode,17,8,7,1,0,329,167,281,3,0,3,2077,8,9,0,0,0,0,0,0,81,lru,0,0,0,0,0,0,8,7,8,0,1,0,0,3,0,1900544,0,0,0,1869,1900544,1900544,0,0,0,4464489194277874854
layer,11,0,10,137,decode,18,8,8,0,0,0,156,0,0,0,0,17,7,2,0,0,0,0,0,0,81,lru,0,0,0,0,0,0,8,8,8,0,0,0,1,0,0,0,0,0,0,0,0,0,0,0,0,15799263491683995394
layer,11,0,10,137,decode,19,8,8,0,0,0,179,0,0,0,0,17,7,1,0,0,0,0,0,0,81,lru,0,0,0,0,0,0,8,8,8,0,0,0,0,0,0,0,0,0,0,0,0,0,0,0,0,5745133746298240927
layer,11,0,10,137,decode,20,8,7,1,2317,333,158,246,3,0,3,2781,11,12,0,0,0,0,0,0,81,lru,0,0,0,0,0,0,8,7,8,0,1,0,0,0,3,0,1900544,0,2317,254,1900544,1900544,0,1900544,3,2629241282691021952
layer,11,0,10,137,decode,21,8,8,0,0,0,176,0,0,0,0,17,7,2,0,0,0,0,0,0,81,lru,0,0,0,0,0,0,8,8,8,0,0,0,1,0,0,0,0,0,0,0,0,0,0,0,0,12841874716920736358
layer,11,0,10,137,decode,22,8,6,2,2328,646,156,427,5,0,5,4915,6,4,0,0,0,0,0,0,81,lru,0,0,0,0,0,0,8,6,8,0,2,0,0,3,3,1900544,1900544,0,2329,2205,3801088,3801088,0,1900544,3,4118415700380730673
layer,11,0,10,137,decode,23,8,7,1,2286,316,180,215,3,0,3,2778,7,2,0,0,0,0,0,0,81,lru,0,0,0,0,0,0,8,7,8,0,1,0,1,0,3,0,1900544,0,2286,292,1900544,1900544,0,1900544,3,7040921833537564862
layer,11,0,10,137,decode,24,8,8,0,0,0,171,0,0,0,0,17,7,2,0,0,0,0,0,0,81,lru,0,0,0,0,0,0,8,8,8,0,0,0,0,0,0,0,0,0,0,0,0,0,0,0,0,10521366298222003925
layer,11,0,10,137,decode,25,8,6,2,2349,624,176,521,4,0,4,4925,7,2,0,0,0,0,0,0,81,lru,0,0,0,0,0,0,8,6,8,0,2,0,0,3,3,1900544,1900544,0,2349,2240,3801088,3801088,0,1900544,3,4927969956705875744
layer,11,0,10,137,decode,26,8,8,0,0,0,157,0,0,0,0,18,8,2,0,0,0,0,0,0,81,lru,0,0,0,0,0,0,8,8,8,0,0,0,1,0,0,0,0,0,0,0,0,0,0,0,0,17244380198591576325
layer,11,0,10,137,decode,27,8,7,1,2380,334,172,158,3,0,3,2853,7,8,0,0,0,0,0,0,81,lru,0,0,0,0,0,0,8,7,8,0,1,0,1,0,3,0,1900544,0,2380,252,1900544,1900544,0,1900544,3,9245925393477888278
layer,11,0,10,137,decode,28,8,8,0,0,0,172,0,0,0,0,16,7,1,0,0,0,0,0,0,81,lru,0,0,0,0,0,0,8,8,8,0,0,0,1,0,0,0,0,0,0,0,0,0,0,0,0,8573404004850666024
layer,11,0,10,137,decode,29,8,7,1,0,393,167,141,3,0,3,646,7,9,0,0,0,0,0,0,81,lru,0,0,0,0,0,0,8,7,8,0,1,0,1,3,0,1900544,0,0,0,456,1900544,1900544,0,0,0,2106395883138324048
layer,11,0,10,137,decode,30,8,6,2,4408,664,146,257,4,0,4,5298,7,15,0,0,0,0,0,0,81,lru,0,0,0,0,0,0,8,6,8,0,2,0,0,0,6,0,3801088,0,4411,566,3801088,3801088,0,3801088,6,11690781888353365715
layer,11,0,10,137,decode,31,8,3,5,7587,1664,178,1056,4,0,4,11454,7,2,0,0,0,0,0,0,81,lru,0,0,0,0,0,0,8,3,8,0,5,0,1,6,9,3801088,5701632,0,7590,3288,9502720,9502720,0,5701632,9,11407963209129881544
layer,11,0,10,137,decode,32,8,7,1,0,362,174,316,3,0,3,604,7,2,0,0,0,0,0,0,81,lru,0,0,0,0,0,0,8,7,8,0,1,0,1,3,0,1900544,0,0,0,398,1900544,1900544,0,0,0,7600375690078336444
layer,11,0,10,137,decode,33,8,8,0,0,0,176,0,0,0,0,17,7,2,0,0,0,0,0,0,81,lru,0,0,0,0,0,0,8,8,8,0,0,0,0,0,0,0,0,0,0,0,0,0,0,0,0,13684147806900180274
layer,11,0,10,137,decode,34,8,6,2,0,686,150,466,4,0,4,2523,7,11,0,0,0,0,0,0,81,lru,0,0,0,0,0,0,8,6,8,0,2,0,0,6,0,4079616,0,0,0,2250,4079616,4079616,0,0,0,4575263927242272929
layer,11,0,10,137,decode,35,8,7,1,2282,306,1202,238,2,0,2,2733,7,2,0,0,0,0,0,0,81,lru,0,0,0,0,0,0,8,7,8,0,1,0,1,0,3,0,1900544,0,2282,248,1900544,1900544,0,1900544,3,12522670905085547131
layer,11,0,10,137,decode,36,8,6,2,4737,613,178,274,4,0,4,5562,9,2,0,0,0,0,0,0,81,lru,0,0,0,0,0,0,8,6,8,0,2,0,3,0,6,0,3801088,0,4738,514,3801088,3801088,0,3801088,6,1073614289736372332
layer,11,0,10,137,decode,37,8,6,2,2407,700,177,463,5,0,5,3447,8,2,0,0,0,0,0,0,81,lru,0,0,0,0,0,0,8,6,8,0,2,0,1,3,3,1900544,1900544,0,2408,741,3801088,3801088,0,1900544,3,5488973289005295032
layer,11,0,10,137,decode,38,8,6,2,0,801,158,606,5,0,5,1254,7,2,0,0,0,0,0,0,81,lru,0,0,0,0,0,0,8,6,8,0,2,0,1,6,0,4079616,0,0,0,958,4079616,4079616,0,0,0,16325696204059947074
layer,11,0,10,137,decode,39,8,6,2,0,810,684,655,4,0,4,1260,7,2,0,0,0,0,0,0,81,lru,0,0,0,0,0,0,8,6,8,0,2,0,1,6,0,4079616,0,0,0,939,4079616,4079616,0,0,0,11705756433113179252
request,11,0,10,0,decode,-1,0,0,0,0,0,0,0,0,0,0,0,0,0,0,0,0,0,0,0,0,,103701,425,0,0,17,0,0,0,0,0,0,0,0,0,0,0,0,0,0,0,0,0,0,0,0,0
layer,12,0,11,138,decode,0,8,6,2,0,783,173,722,4,0,4,1191,8,2,0,0,0,0,0,0,81,lru,0,0,0,0,0,0,8,6,8,0,2,0,1,6,0,3801088,0,0,0,871,3801088,3801088,0,0,0,2925420408621948646
layer,12,0,11,138,decode,1,8,6,2,0,790,167,492,4,0,4,1201,7,10,0,0,0,0,0,0,81,lru,0,0,0,0,0,0,8,6,8,0,2,0,1,6,0,3801088,0,0,0,878,3801088,3801088,0,0,0,9887708508919463289
layer,12,0,11,138,decode,2,8,5,3,2523,1110,149,805,4,0,4,4067,8,16,0,0,0,0,0,0,81,lru,0,0,0,0,0,0,8,5,8,0,3,0,1,6,3,3801088,1900544,15,2525,1136,5701632,5701632,0,1900544,3,17354080079687561022
layer,12,0,11,138,decode,3,8,8,0,0,0,180,0,0,0,0,18,8,2,0,0,0,0,0,0,81,lru,0,0,0,0,0,0,8,8,8,0,0,0,1,0,0,0,0,0,0,0,0,0,0,0,0,804467492284404381
layer,12,0,11,138,decode,4,8,7,1,2479,346,162,234,3,0,3,2983,7,13,0,0,0,0,0,0,81,lru,0,0,0,0,0,0,8,7,8,0,1,0,0,0,3,0,1900544,0,2481,274,1900544,1900544,0,1900544,3,376835580367821545
layer,12,0,11,138,decode,5,8,6,2,2491,752,168,512,4,0,4,3564,8,13,0,0,0,0,0,0,81,lru,0,0,0,0,0,0,8,6,8,0,2,0,1,3,3,1900544,1900544,0,2491,758,3801088,3801088,0,1900544,3,7782803973760838238
layer,12,0,11,138,decode,6,8,5,3,7455,965,140,711,4,0,4,8695,7,11,0,0,0,0,0,0,81,lru,0,0,0,0,0,0,8,5,8,0,3,0,1,0,9,0,5701632,0,7457,820,5701632,5701632,0,5701632,9,11055829441331812355
layer,12,0,11,138,decode,7,8,7,1,0,321,181,163,3,0,3,2112,7,2,0,0,0,0,0,0,81,lru,0,0,0,0,0,0,8,7,8,0,1,0,1,3,0,1900544,0,0,0,1906,1900544,1900544,0,0,0,5052270793613212172
layer,12,0,11,138,decode,8,8,7,1,0,329,172,293,4,0,4,2101,7,2,0,0,0,0,0,0,81,lru,0,0,0,0,0,0,8,7,8,0,1,0,1,3,0,1900544,0,0,0,1881,1900544,1900544,0,0,0,9584337223041354751
layer,12,0,11,138,decode,9,8,8,0,0,0,177,0,0,0,0,16,7,1,0,0,0,0,0,0,81,lru,0,0,0,0,0,0,8,8,8,0,0,0,1,0,0,0,0,0,0,0,0,0,0,0,0,17635141348441040057
layer,12,0,11,138,decode,10,8,7,1,0,308,156,179,2,0,2,2183,6,2,0,0,0,0,0,0,81,lru,0,0,0,0,0,0,8,7,8,0,1,0,1,3,0,1900544,0,0,0,1944,1900544,1900544,0,0,0,3049752565942236276
layer,12,0,11,138,decode,11,8,5,3,2451,927,184,749,4,0,4,6981,8,2,0,0,0,0,0,0,81,lru,0,0,0,0,0,0,8,5,8,0,3,0,0,6,3,3801088,1900544,0,2451,4156,5701632,5701632,0,1900544,3,4539629512384614638
layer,12,0,11,138,decode,12,8,8,0,0,0,173,0,0,0,0,17,7,2,0,0,0,0,0,0,81,lru,0,0,0,0,0,0,8,8,8,0,0,0,1,0,0,0,0,0,0,0,0,0,0,0,0,15495205941748032204
layer,12,0,11,138,decode,13,8,8,0,0,0,177,0,0,0,0,15,7,1,0,0,0,0,0,0,81,lru,0,0,0,0,0,0,8,8,8,0,0,0,0,0,0,0,0,0,0,0,0,0,0,0,0,2420161764345620667
layer,12,0,11,138,decode,14,8,8,0,0,0,156,0,0,0,0,15,7,1,0,0,0,0,0,0,81,lru,0,0,0,0,0,0,8,8,8,0,0,0,0,0,0,0,0,0,0,0,0,0,0,0,0,403866227912417708
layer,12,0,11,138,decode,15,8,6,2,0,638,179,517,6,0,6,4101,6,2,0,0,0,0,0,0,81,lru,0,0,0,0,0,0,8,6,8,0,2,0,0,6,0,3801088,0,0,0,3787,3801088,3801088,0,0,0,12832570973226608638
layer,12,0,11,138,decode,16,8,8,0,0,0,172,0,0,0,0,18,7,1,0,0,0,0,0,0,81,lru,0,0,0,0,0,0,8,8,8,0,0,0,1,0,0,0,0,0,0,0,0,0,0,0,0,330541059587125001
layer,12,0,11,138,decode,17,8,7,1,0,328,177,110,3,0,3,2061,7,2,0,0,0,0,0,0,81,lru,0,0,0,0,0,0,8,7,8,0,1,0,0,3,0,1900544,0,0,0,1861,1900544,1900544,0,0,0,12370293308037522867
layer,12,0,11,138,decode,18,8,7,1,2518,329,149,236,3,0,3,3030,7,10,0,0,0,0,0,0,81,lru,0,0,0,0,0,0,8,7,8,0,1,0,0,0,3,0,1900544,0,2519,299,1900544,1900544,0,1900544,3,13753443287965646990
layer,12,0,11,138,decode,19,8,6,2,2382,625,179,367,4,0,4,4992,7,5,0,0,0,0,0,0,81,lru,0,0,0,0,0,0,8,6,8,0,2,0,0,3,3,1900544,1900544,0,2383,2269,3801088,3801088,0,1900544,3,9931412479792116061
layer,12,0,11,138,decode,20,8,8,0,0,0,173,0,0,0,0,18,7,2,0,0,0,0,0,0,81,lru,0,0,0,0,0,0,8,8,8,0,0,0,1,0,0,0,0,0,0,0,0,0,0,0,0,3584588347280479947
layer,12,0,11,138,decode,21,8,8,0,0,0,177,0,0,0,0,15,7,1,0,0,0,0,0,0,81,lru,0,0,0,0,0,0,8,8,8,0,0,0,0,0,0,0,0,0,0,0,0,0,0,0,0,14008773866500702670
layer,12,0,11,138,decode,22,8,6,2,0,788,156,538,4,0,4,1173,6,2,0,0,0,0,0,0,81,lru,0,0,0,0,0,0,8,6,8,0,2,0,0,6,0,3801088,0,0,0,867,3801088,3801088,0,0,0,2658816716726065767
layer,12,0,11,138,decode,23,8,5,3,0,1103,178,811,5,0,5,3235,7,2,0,0,0,0,0,0,81,lru,0,0,0,0,0,0,8,5,8,0,3,0,1,9,0,5701632,0,0,0,2824,5701632,5701632,0,0,0,16172545035234477482
layer,12,0,11,138,decode,24,8,7,1,0,400,153,214,3,0,3,566,7,7,0,0,0,0,0,0,81,lru,0,0,0,0,0,0,8,7,8,0,1,0,1,3,0,1900544,0,0,0,421,1900544,1900544,0,0,0,16008120157453550290
layer,12,0,11,138,decode,25,8,4,4,0,1236,165,904,4,0,4,8120,7,12,0,0,0,0,0,0,81,lru,0,0,0,0,0,0,8,4,8,0,4,0,0,12,0,7602176,0,0,0,7641,7602176,7602176,0,0,0,2373178049013238061
layer,12,0,11,138,decode,26,8,5,3,0,1024,157,847,4,0,4,4657,7,4,0,0,0,0,0,0,81,lru,0,0,0,0,0,0,8,5,8,0,3,0,1,9,0,5701632,0,0,0,4279,5701632,5701632,0,0,0,10547415517827096547
layer,12,0,11,138,decode,27,8,6,2,2483,746,177,601,4,0,4,3538,8,2,0,0,0,0,0,0,81,lru,0,0,0,0,0,0,8,6,8,0,2,0,1,3,3,1900544,1900544,0,2483,731,3801088,3801088,0,1900544,3,16869157978175198189
layer,12,0,11,138,decode,28,8,8,0,0,0,173,0,0,0,0,18,7,1,0,0,0,0,0,0,81,lru,0,0,0,0,0,0,8,8,8,0,0,0,1,0,0,0,0,0,0,0,0,0,0,0,0,10263817363762733685
layer,12,0,11,138,decode,29,8,7,1,0,324,178,200,3,0,3,2156,6,2,0,0,0,0,0,0,81,lru,0,0,0,0,0,0,8,7,8,0,1,0,0,3,0,1900544,0,0,0,1941,1900544,1900544,0,0,0,3497900685755670332
layer,12,0,11,138,decode,30,8,5,3,0,1076,154,803,4,0,4,3153,7,2,0,0,0,0,0,0,81,lru,0,0,0,0,0,0,8,5,8,0,3,0,0,9,0,5701632,0,0,0,2755,5701632,5701632,0,0,0,8122502036456526030
layer,12,0,11,138,decode,31,8,5,3,0,1008,177,821,4,0,4,4643,7,2,0,0,0,0,0,0,81,lru,0,0,0,0,0,0,8,5,8,0,3,0,1,9,0,5701632,0,0,0,4268,5701632,5701632,0,0,0,3982768858512156477
layer,12,0,11,138,decode,32,8,5,3,2518,1032,172,643,4,0,4,5523,7,2,0,0,0,0,0,0,81,lru,0,0,0,0,0,0,8,5,8,0,3,0,1,6,3,3801088,1900544,0,2519,2610,5701632,5701632,0,1900544,3,10015480733711780568
layer,12,0,11,138,decode,33,8,7,1,0,393,178,359,2,0,2,644,7,2,0,0,0,0,0,0,81,lru,0,0,0,0,0,0,8,7,8,0,1,0,1,3,0,1900544,0,0,0,433,1900544,1900544,0,0,0,15119555042443297379
layer,12,0,11,138,decode,34,8,5,3,0,1037,147,763,4,0,4,5010,7,18,0,0,0,0,0,0,81,lru,0,0,0,0,0,0,8,5,8,0,3,0,0,9,0,6119424,0,0,0,4554,6119424,6119424,0,0,0,5604066476584550301
layer,12,0,11,138,decode,35,8,7,1,0,399,172,213,3,0,3,633,7,8,0,0,0,0,0,0,81,lru,0,0,0,0,0,0,8,7,8,0,1,0,1,3,0,1900544,0,0,0,419,1900544,1900544,0,0,0,7965231178260725452
layer,12,0,11,138,decode,36,8,7,1,0,396,176,259,3,0,3,644,7,2,0,0,0,0,0,0,81,lru,0,0,0,0,0,0,8,7,8,0,1,0,1,3,0,1900544,0,0,0,421,1900544,1900544,0,0,0,1743794152301133071
layer,12,0,11,138,decode,37,8,7,1,0,329,183,187,3,0,3,3180,7,4,0,0,0,0,0,0,81,lru,0,0,0,0,0,0,8,7,8,0,1,0,0,3,0,1900544,0,0,0,1943,1900544,1900544,0,0,0,17043761214243764311
layer,12,0,11,138,decode,38,8,7,1,2614,348,145,181,4,0,4,3152,8,6,0,0,0,0,0,0,81,lru,0,0,0,0,0,0,8,7,8,0,1,0,2,0,3,0,2039808,0,2615,319,2039808,2039808,0,2039808,3,12215057210421366793
layer,12,0,11,138,decode,39,8,5,3,5316,1101,678,607,4,0,4,6889,8,8,0,0,0,0,0,0,81,lru,0,0,0,0,0,0,8,5,8,0,3,0,1,3,6,2039808,4079616,0,5317,1078,6119424,6119424,0,4079616,6,7734114200106212603
request,12,0,11,0,decode,-1,0,0,0,0,0,0,0,0,0,0,0,0,0,0,0,0,0,0,0,0,,114323,459,0,0,17,0,0,0,0,0,0,0,0,0,0,0,0,0,0,0,0,0,0,0,0,0
layer,13,0,12,139,decode,0,8,4,4,0,1576,172,952,4,0,4,2270,8,4,0,0,0,0,0,0,81,lru,0,0,0,0,0,0,8,4,8,0,4,0,1,12,0,7602176,0,0,0,1793,7602176,7602176,0,0,0,2804010877015530291
layer,13,0,12,139,decode,1,8,6,2,2452,705,169,506,4,0,4,3467,7,14,0,0,0,0,0,0,81,lru,0,0,0,0,0,0,8,6,8,0,2,0,1,3,3,1900544,1900544,0,2452,706,3801088,3801088,0,1900544,3,4164039026231820360
layer,13,0,12,139,decode,2,8,5,3,0,1156,154,783,4,0,4,1759,7,2,0,0,0,0,0,0,81,lru,0,0,0,0,0,0,8,5,8,0,3,0,1,9,0,5701632,0,0,0,1334,5701632,5701632,0,0,0,16993919656250510382
layer,13,0,12,139,decode,3,8,3,5,2354,1885,178,1449,4,0,4,5034,8,2,0,0,0,0,0,0,81,lru,0,0,0,0,0,0,8,3,8,0,5,0,1,12,3,7602176,1900544,0,2354,2008,9502720,9502720,0,1900544,3,1552387406335549968
layer,13,0,12,139,decode,4,8,6,2,2464,676,172,454,4,0,4,3465,7,2,0,0,0,0,0,0,81,lru,0,0,0,0,0,0,8,6,8,0,2,0,1,3,3,1900544,1900544,0,2464,694,3801088,3801088,0,1900544,3,11842236394951131490
layer,13,0,12,139,decode,5,8,5,3,2364,1120,168,632,4,0,4,3969,7,12,0,0,0,0,0,0,81,lru,0,0,0,0,0,0,8,5,8,0,3,0,1,6,3,3801088,1900544,0,2364,1202,5701632,5701632,0,1900544,3,292238580928992469
layer,13,0,12,139,decode,6,8,3,5,9363,1528,145,856,4,0,4,12856,8,14,0,0,0,0,0,0,81,lru,0,0,0,0,0,0,8,3,8,0,5,0,1,3,12,1900544,7602176,0,9368,2901,9502720,9502720,0,7602176,12,21909895139896633
layer,13,0,12,139,decode,7,8,3,5,8830,1416,179,783,4,0,4,12097,8,4,0,0,0,0,0,0,81,lru,0,0,0,0,0,0,8,3,8,0,5,0,1,3,12,1900544,7602176,0,8834,2708,9502720,9502720,0,7602176,12,12840336414053802395
layer,13,0,12,139,decode,8,8,7,1,2188,303,164,161,3,0,3,2649,7,7,0,0,0,0,0,0,81,lru,0,0,0,0,0,0,8,7,8,0,1,0,1,0,3,0,1900544,0,2189,253,1900544,1900544,0,1900544,3,5414371520695848725
layer,13,0,12,139,decode,9,8,8,0,0,0,178,0,0,0,0,16,7,1,0,0,0,0,0,0,81,lru,0,0,0,0,0,0,8,8,8,0,0,0,1,0,0,0,0,0,0,0,0,0,0,0,0,15742495314976161404
layer,13,0,12,139,decode,10,8,5,3,2149,824,155,571,4,0,4,6367,7,2,0,0,0,0,0,0,81,lru,0,0,0,0,0,0,8,5,8,0,3,0,0,6,3,3801088,1900544,0,2149,3808,5701632,5701632,0,1900544,3,14613241110385149424
layer,13,0,12,139,decode,11,8,6,2,0,562,178,294,4,0,4,3692,8,4,0,0,0,0,0,0,81,lru,0,0,0,0,0,0,8,6,8,0,2,0,1,6,0,3801088,0,0,0,3432,3801088,3801088,0,0,0,14033959521222211584
layer,13,0,12,139,decode,12,8,7,1,0,302,162,228,3,0,3,1871,7,13,0,0,0,0,0,0,81,lru,0,0,0,0,0,0,8,7,8,0,1,0,1,3,0,1900544,0,0,0,1672,1900544,1900544,0,0,0,342013226188060520
layer,13,0,12,139,decode,13,8,8,0,0,0,176,0,0,0,0,18,8,2,0,0,0,0,0,0,81,lru,0,0,0,0,0,0,8,8,8,0,0,0,1,0,0,0,0,0,0,0,0,0,0,0,0,14011865530961586249
layer,13,0,12,139,decode,14,8,7,1,0,299,157,232,3,0,3,1892,7,8,0,0,0,0,0,0,81,lru,0,0,0,0,0,0,8,7,8,0,1,0,1,3,0,1900544,0,0,0,1694,1900544,1900544,0,0,0,974953952891141762
layer,13,0,12,139,decode,15,8,6,2,2247,573,171,420,4,0,4,4500,8,9,0,0,0,0,0,0,81,lru,0,0,0,0,0,0,8,6,8,0,2,0,1,3,3,1900544,1900544,0,2247,1967,3801088,3801088,0,1900544,3,2751724682909803914
layer,13,0,12,139,decode,16,8,7,1,0,301,173,61,4,0,4,1942,7,4,0,0,0,0,0,0,81,lru,0,0,0,0,0,0,8,7,8,0,1,0,0,3,0,1900544,0,0,0,1746,1900544,1900544,0,0,0,9833044203381240068
layer,13,0,12,139,decode,17,8,5,3,4449,880,165,761,3,0,3,7067,6,15,0,0,0,0,0,0,81,lru,0,0,0,0,0,0,8,5,8,0,3,0,0,3,6,1900544,3801088,0,4450,2191,5701632,5701632,0,3801088,6,18183930472178235904
layer,13,0,12,139,decode,18,8,6,2,0,574,148,340,5,0,5,3639,8,9,0,0,0,0,0,0,81,lru,0,0,0,0,0,0,8,6,8,0,2,0,1,6,0,3801088,0,0,0,3370,3801088,3801088,0,0,0,6782614033765057990
layer,13,0,12,139,decode,19,8,6,2,0,562,160,385,4,0,4,3705,7,7,0,0,0,0,0,0,81,lru,0,0,0,0,0,0,8,6,8,0,2,0,1,6,0,3801088,0,0,0,3425,3801088,3801088,0,0,0,7664121033041028907
layer,13,0,12,139,decode,20,8,8,0,0,0,173,0,0,0,0,18,7,2,0,0,0,0,0,0,81,lru,0,0,0,0,0,0,8,8,8,0,0,0,1,0,0,0,0,0,0,0,0,0,0,0,0,11342923656544182963
layer,13,0,12,139,decode,21,8,7,1,0,287,175,141,3,0,3,1855,7,2,0,0,0,0,0,0,81,lru,0,0,0,0,0,0,8,7,8,0,1,0,1,3,0,1900544,0,0,0,1669,1900544,1900544,0,0,0,12253840897312652383
layer,13,0,12,139,decode,22,8,8,0,0,0,157,0,0,0,0,17,8,1,0,0,0,0,0,0,81,lru,0,0,0,0,0,0,8,8,8,0,0,0,0,0,0,0,0,0,0,0,0,0,0,0,0,6093506511287489852
layer,13,0,12,139,decode,23,8,6,2,2124,576,180,261,4,0,4,4332,7,3,0,0,0,0,0,0,81,lru,0,0,0,0,0,0,8,6,8,0,2,0,0,3,3,1900544,1900544,0,2124,1933,3801088,3801088,0,1900544,3,9148289310787471295
layer,13,0,12,139,decode,24,8,6,2,2131,586,164,350,4,0,4,4369,8,7,0,0,0,0,0,0,81,lru,0,0,0,0,0,0,8,6,8,0,2,0,1,3,3,1900544,1900544,0,2132,1942,3801088,3801088,0,1900544,3,8103655803521380309
layer,13,0,12,139,decode,25,8,7,1,0,310,181,1628,3,0,3,3340,7,4,0,0,0,0,0,0,81,lru,0,0,0,0,0,0,8,7,8,0,1,0,1,3,0,1900544,0,0,0,1739,1900544,1900544,0,0,0,6196879222433621244
layer,13,0,12,139,decode,26,8,4,4,0,1201,155,667,5,0,5,7861,8,3,0,0,0,0,0,0,81,lru,0,0,0,0,0,0,8,4,8,0,4,0,2,12,0,7602176,0,0,0,7412,7602176,7602176,0,0,0,3456433843823631717
layer,13,0,12,139,decode,27,8,4,4,2238,1181,169,871,5,0,5,8504,7,14,0,0,0,0,0,0,81,lru,0,0,0,0,0,0,8,4,8,0,4,0,1,9,3,5701632,1900544,0,2238,5791,7602176,7602176,0,1900544,3,5707203916109610652
layer,13,0,12,139,decode,28,8,5,3,2166,940,164,626,4,0,4,4844,7,8,0,0,0,0,0,0,81,lru,0,0,0,0,0,0,8,5,8,0,3,0,1,6,3,3801088,1900544,0,2167,2326,5701632,5701632,0,1900544,3,14858579170172533914
layer,13,0,12,139,decode,29,8,6,2,0,619,166,503,4,0,4,2380,7,12,0,0,0,0,0,0,81,lru,0,0,0,0,0,0,8,6,8,0,2,0,1,6,0,3801088,0,0,0,2119,3801088,3801088,0,0,0,10134229859809513739
layer,13,0,12,139,decode,30,8,5,3,0,836,147,539,4,0,4,5475,7,5,0,0,0,0,0,0,81,lru,0,0,0,0,0,0,8,5,8,0,3,0,1,9,0,5701632,0,0,0,5129,5701632,5701632,0,0,0,14342897214310727378
layer,13,0,12,139,decode,31,8,6,2,2175,545,177,367,5,0,5,4441,8,2,0,0,0,0,0,0,81,lru,0,0,0,0,0,0,8,6,8,0,2,0,1,3,3,1900544,1900544,0,2175,2004,3801088,3801088,0,1900544,3,8379363388696938277
layer,13,0,12,139,decode,32,8,4,4,0,1316,162,754,4,0,4,3367,7,10,0,0,0,0,0,0,81,lru,0,0,0,0,0,0,8,4,8,0,4,0,1,12,0,7602176,0,0,0,2906,7602176,7602176,0,0,0,8889183089761769575
layer,13,0,12,139,decode,33,8,5,3,2229,940,176,652,4,0,4,4966,7,2,0,0,0,0,0,0,81,lru,0,0,0,0,0,0,8,5,8,0,3,0,1,6,3,3801088,1900544,0,2230,2373,5701632,5701632,0,1900544,3,14798201202283037959
layer,13,0,12,139,decode,34,8,6,2,2320,690,157,381,3,0,3,3357,7,2,0,0,0,0,0,0,81,lru,0,0,0,0,0,0,8,6,8,0,2,0,1,3,3,2039808,2039808,0,2320,736,4079616,4079616,0,2039808,3,2160039423539342705
layer,13,0,12,139,decode,35,8,5,3,0,1061,179,359,4,0,4,1522,8,2,0,0,0,0,0,0,81,lru,0,0,0,0,0,0,8,5,8,0,3,0,1,9,0,5701632,0,0,0,1192,5701632,5701632,0,0,0,2412142018729215588
layer,13,0,12,139,decode,36,8,5,3,2135,1013,173,707,4,0,4,3540,7,3,0,0,0,0,0,0,81,lru,0,0,0,0,0,0,8,5,8,0,3,0,1,6,3,3801088,1900544,0,2136,1044,5701632,5701632,0,1900544,3,4934113217703110692
layer,13,0,12,139,decode,37,8,4,4,2058,1298,167,831,4,0,4,5263,8,7,0,0,0,0,0,0,81,lru,0,0,0,0,0,0,8,4,8,0,4,0,1,9,3,5701632,1900544,0,2058,2779,7602176,7602176,0,1900544,3,2466482210187245926
layer,13,0,12,139,decode,38,8,5,3,2291,1021,150,730,4,0,4,3902,7,7,0,0,0,0,0,0,81,lru,0,0,0,0,0,0,8,5,8,0,3,0,1,6,3,4079616,2039808,0,2292,1169,6119424,6119424,0,2039808,3,6975568906050219880
layer,13,0,12,139,decode,39,8,3,5,0,1853,687,885,4,0,4,2660,7,2,0,0,0,0,0,0,81,lru,0,0,0,0,0,0,8,3,8,0,5,0,1,15,0,10199040,0,0,0,2166,10199040,10199040,0,0,0,4696765120298322015
request,13,0,12,0,decode,-1,0,0,0,0,0,0,0,0,0,0,0,0,0,0,0,0,0,0,0,0,,166351,614,0,0,25,0,0,0,0,0,0,0,0,0,0,0,0,0,0,0,0,0,0,0,0,0
layer,14,0,13,140,decode,0,8,1,7,0,2464,151,1580,5,0,5,3490,8,11,0,0,0,0,0,0,81,lru,0,0,0,0,0,0,8,1,8,0,7,0,1,21,0,13303808,0,0,0,2795,13303808,13303808,0,0,0,15280028923184617226
layer,14,0,13,140,decode,1,8,4,4,0,1405,175,1035,4,0,4,2076,8,2,0,0,0,0,0,0,81,lru,0,0,0,0,0,0,8,4,8,0,4,0,1,12,0,7602176,0,0,0,1569,7602176,7602176,0,0,0,12901736562199331635
layer,14,0,13,140,decode,2,8,4,4,0,1447,155,1108,4,0,4,2013,7,2,0,0,0,0,0,0,81,lru,0,0,0,0,0,0,8,4,8,0,4,0,1,12,0,7602176,0,0,0,1606,7602176,7602176,0,0,0,10988943446382415439
layer,14,0,13,140,decode,3,8,5,3,0,1091,178,473,4,0,4,1644,7,2,0,0,0,0,0,0,81,lru,0,0,0,0,0,0,8,5,8,0,3,0,1,9,0,5701632,0,0,0,1223,5701632,5701632,0,0,0,18419935760561676494
layer,14,0,13,140,decode,4,8,8,0,0,0,172,0,0,0,0,18,7,1,0,0,0,0,0,0,81,lru,0,0,0,0,0,0,8,8,8,0,0,0,1,0,0,0,0,0,0,0,0,0,0,0,0,14476683415071941968
layer,14,0,13,140,decode,5,8,6,2,0,790,175,441,5,0,5,1165,7,2,0,0,0,0,0,0,81,lru,0,0,0,0,0,0,8,6,8,0,2,0,1,6,0,3801088,0,0,0,878,3801088,3801088,0,0,0,13868847152651537019
layer,14,0,13,140,decode,6,8,7,1,0,326,157,295,3,0,3,2088,7,2,0,0,0,0,0,0,81,lru,0,0,0,0,0,0,8,7,8,0,1,0,1,3,0,1900544,0,0,0,1880,1900544,1900544,0,0,0,15127955982194388276
layer,14,0,13,140,decode,7,8,7,1,0,328,172,260,3,0,3,2104,7,14,0,0,0,0,0,0,81,lru,0,0,0,0,0,0,8,7,8,0,1,0,0,3,0,1900544,0,0,0,1896,1900544,1900544,0,0,0,190284648280174111
layer,14,0,13,140,decode,8,8,8,0,0,0,171,0,0,0,0,17,7,1,0,0,0,0,0,0,81,lru,0,0,0,0,0,0,8,8,8,0,0,0,0,0,0,0,0,0,0,0,0,0,0,0,0,9004434411980080838
layer,14,0,13,140,decode,9,8,7,1,0,317,177,210,3,0,3,2144,6,2,0,0,0,0,0,0,81,lru,0,0,0,0,0,0,8,7,8,0,1,0,0,3,0,1900544,0,0,0,1927,1900544,1900544,0,0,0,9672875980660490211
layer,14,0,13,140,decode,10,8,8,0,0,0,157,0,0,0,0,16,7,2,0,0,0,0,0,0,81,lru,0,0,0,0,0,0,8,8,8,0,0,0,0,0,0,0,0,0,0,0,0,0,0,0,0,1269643723927798447
layer,14,0,13,140,decode,11,8,8,0,0,0,179,0,0,0,0,16,7,2,0,0,0,0,0,0,81,lru,0,0,0,0,0,0,8,8,8,0,0,0,0,0,0,0,0,0,0,0,0,0,0,0,0,16506955184308949677
layer,14,0,13,140,decode,12,8,7,1,0,321,173,252,3,0,3,2145,7,2,0,0,0,0,0,0,81,lru,0,0,0,0,0,0,8,7,8,0,1,0,0,3,0,1900544,0,0,0,1946,1900544,1900544,0,0,0,6909738599218249027
layer,14,0,13,140,decode,13,8,8,0,0,0,176,0,0,0,0,17,7,1,0,0,0,0,0,0,81,lru,0,0,0,0,0,0,8,8,8,0,0,0,0,0,0,0,0,0,0,0,0,0,0,0,0,11007745073898709731
layer,14,0,13,140,decode,14,8,7,1,0,323,150,177,4,0,4,2078,6,12,0,0,0,0,0,0,81,lru,0,0,0,0,0,0,8,7,8,0,1,0,0,3,0,1900544,0,0,0,1881,1900544,1900544,0,0,0,5187759903786586547
layer,14,0,13,140,decode,15,8,8,0,0,0,179,0,0,0,0,18,7,2,0,0,0,0,0,0,81,lru,0,0,0,0,0,0,8,8,8,0,0,0,0,0,0,0,0,0,0,0,0,0,0,0,0,306340004737549781
layer,14,0,13,140,decode,16,8,7,1,0,322,173,271,4,0,4,2094,6,2,0,0,0,0,0,0,81,lru,0,0,0,0,0,0,8,7,8,0,1,0,0,3,0,1900544,0,0,0,1881,1900544,1900544,0,0,0,14982724111926421762
layer,14,0,13,140,decode,17,8,7,1,0,326,177,286,3,0,3,2127,7,2,0,0,0,0,0,0,81,lru,0,0,0,0,0,0,8,7,8,0,1,0,0,3,0,1900544,0,0,0,1915,1900544,1900544,0,0,0,16182808207182435332
layer,14,0,13,140,decode,18,8,8,0,0,0,161,0,0,0,0,17,7,2,0,0,0,0,0,0,81,lru,0,0,0,0,0,0,8,8,8,0,0,0,1,0,0,0,0,0,0,0,0,0,0,0,0,17031926441344259120
layer,14,0,13,140,decode,19,8,8,0,0,0,181,0,0,0,0,17,7,1,0,0,0,0,0,0,81,lru,0,0,0,0,0,0,8,8,8,0,0,0,0,0,0,0,0,0,0,0,0,0,0,0,0,8155356202394600210
layer,14,0,13,140,decode,20,8,8,0,0,0,173,0,0,0,0,17,7,2,0,0,0,0,0,0,81,lru,0,0,0,0,0,0,8,8,8,0,0,0,0,0,0,0,0,0,0,0,0,0,0,0,0,8477839570601519233
layer,14,0,13,140,decode,21,8,8,0,0,0,176,0,0,0,0,14,6,1,0,0,0,0,0,0,81,lru,0,0,0,0,0,0,8,8,8,0,0,0,0,0,0,0,0,0,0,0,0,0,0,0,0,5807097558758658309
layer,14,0,13,140,decode,22,8,7,1,0,321,158,283,3,0,3,2091,6,2,0,0,0,0,0,0,81,lru,0,0,0,0,0,0,8,7,8,0,1,0,0,3,0,1900544,0,0,0,1877,1900544,1900544,0,0,0,2587374434222892871
layer,14,0,13,140,decode,23,8,7,1,0,319,180,257,3,0,3,2135,7,8,0,0,0,0,0,0,81,lru,0,0,0,0,0,0,8,7,8,0,1,0,0,3,0,1900544,0,0,0,1936,1900544,1900544,0,0,0,5342606016296794036
layer,14,0,13,140,decode,24,8,8,0,0,0,172,0,0,0,0,18,7,2,0,0,0,0,0,0,81,lru,0,0,0,0,0,0,8,8,8,0,0,0,0,0,0,0,0,0,0,0,0,0,0,0,0,16882381278922422033
layer,14,0,13,140,decode,25,8,8,0,0,0,177,0,0,0,0,15,6,2,0,0,0,0,0,0,81,lru,0,0,0,0,0,0,8,8,8,0,0,0,0,0,0,0,0,0,0,0,0,0,0,0,0,10391737433996005101
layer,14,0,13,140,decode,26,8,8,0,0,0,157,0,0,0,0,16,6,2,0,0,0,0,0,0,81,lru,0,0,0,0,0,0,8,8,8,0,0,0,0,0,0,0,0,0,0,0,0,0,0,0,0,5226265342449333404
layer,14,0,13,140,decode,27,8,8,0,0,0,180,0,0,0,0,16,7,1,0,0,0,0,0,0,81,lru,0,0,0,0,0,0,8,8,8,0,0,0,0,0,0,0,0,0,0,0,0,0,0,0,0,16934123819153353075
layer,14,0,13,140,decode,28,8,7,1,0,373,165,185,3,0,3,672,7,10,0,0,0,0,0,0,81,lru,0,0,0,0,0,0,8,7,8,0,1,0,0,3,0,1900544,0,0,0,416,1900544,1900544,0,0,0,16741687368394438930
layer,14,0,13,140,decode,29,8,7,1,0,390,158,181,3,0,3,618,7,8,0,0,0,0,0,0,81,lru,0,0,0,0,0,0,8,7,8,0,1,0,0,3,0,1900544,0,0,0,420,1900544,1900544,0,0,0,7105727887384897657
layer,14,0,13,140,decode,30,8,8,0,0,0,158,0,0,0,0,17,7,2,0,0,0,0,0,0,81,lru,0,0,0,0,0,0,8,8,8,0,0,0,0,0,0,0,0,0,0,0,0,0,0,0,0,12302017500716061922
layer,14,0,13,140,decode,31,8,6,2,0,724,156,560,4,0,4,2643,7,15,0,0,0,0,0,0,81,lru,0,0,0,0,0,0,8,6,8,0,2,0,0,6,0,3801088,0,0,0,2373,3801088,3801088,0,0,0,15444680616167473790
layer,14,0,13,140,decode,32,8,5,3,0,1184,171,903,4,0,4,1740,7,2,0,0,0,0,0,0,81,lru,0,0,0,0,0,0,8,5,8,0,3,0,1,9,0,5701632,0,0,0,1350,5701632,5701632,0,0,0,4775158152250374558
layer,14,0,13,140,decode,33,8,7,1,0,323,167,262,2,0,2,2094,7,8,0,0,0,0,0,0,81,lru,0,0,0,0,0,0,8,7,8,0,1,0,1,3,0,1900544,0,0,0,1886,1900544,1900544,0,0,0,7778303346619470363
layer,14,0,13,140,decode,34,8,6,2,0,750,155,593,4,0,4,2822,7,12,0,0,0,0,0,0,81,lru,0,0,0,0,0,0,8,6,8,0,2,0,0,6,0,4079616,0,0,0,2517,4079616,4079616,0,0,0,5400043926514445602
layer,14,0,13,140,decode,35,8,4,4,0,1493,184,4721,4,0,4,6578,8,4,0,0,0,0,0,0,81,lru,0,0,0,0,0,0,8,4,8,0,4,0,1,12,0,7602176,0,0,0,3327,7602176,7602176,0,0,0,2623322526229897506
layer,14,0,13,140,decode,36,8,8,0,0,0,175,0,0,0,0,20,8,2,0,0,0,0,0,0,81,lru,0,0,0,0,0,0,8,8,8,0,0,0,2,0,0,0,0,0,0,0,0,0,0,0,0,8190885727130793686
layer,14,0,13,140,decode,37,8,6,2,4353,658,171,416,5,0,5,5202,7,20,0,0,0,0,0,0,81,lru,0,0,0,0,0,0,8,6,8,0,2,0,0,0,6,0,3801088,0,4355,528,3801088,3801088,0,3801088,6,2838917917573507829
layer,14,0,13,140,decode,38,8,8,0,0,0,160,0,0,0,0,19,8,1,0,0,0,0,0,0,81,lru,0,0,0,0,0,0,8,8,8,0,0,0,1,0,0,0,0,0,0,0,0,0,0,0,0,11943848338537756683
layer,14,0,13,140,decode,39,8,6,2,0,808,687,613,4,0,4,1236,7,2,0,0,0,0,0,0,81,lru,0,0,0,0,0,0,8,6,8,0,2,0,0,6,0,4079616,0,0,0,974,4079616,4079616,0,0,0,2013055601573678236
request,14,0,13,0,decode,-1,0,0,0,0,0,0,0,0,0,0,0,0,0,0,0,0,0,0,0,0,,61172,403,0,0,15,0,0,0,0,0,0,0,0,0,0,0,0,0,0,0,0,0,0,0,0,0
layer,15,0,14,141,decode,0,8,6,2,0,794,176,346,3,0,3,1177,9,3,0,0,0,0,0,0,81,lru,0,0,0,0,0,0,8,6,8,0,2,0,1,6,0,3801088,0,0,0,880,3801088,3801088,0,0,0,15170377481002586248
layer,15,0,14,141,decode,1,8,7,1,0,397,173,359,3,0,3,638,7,12,0,0,0,0,0,0,81,lru,0,0,0,0,0,0,8,7,8,0,1,0,1,3,0,1900544,0,0,0,420,1900544,1900544,0,0,0,16272717110560352396
layer,15,0,14,141,decode,2,8,5,3,0,1177,157,826,4,0,4,1714,7,2,0,0,0,0,0,0,81,lru,0,0,0,0,0,0,8,5,8,0,3,0,1,9,0,5701632,0,0,0,1338,5701632,5701632,0,0,0,2265699898249433395
layer,15,0,14,141,decode,3,8,8,0,0,0,182,0,0,0,0,19,8,2,0,0,0,0,0,0,81,lru,0,0,0,0,0,0,8,8,8,0,0,0,1,0,0,0,0,0,0,0,0,0,0,0,0,2029760702431853171
layer,15,0,14,141,decode,4,8,7,1,0,388,167,205,3,0,3,639,8,12,0,0,0,0,0,0,81,lru,0,0,0,0,0,0,8,7,8,0,1,0,1,3,0,1900544,0,0,0,419,1900544,1900544,0,0,0,10477180718409998166
layer,15,0,14,141,decode,5,8,5,3,0,1089,169,585,4,0,4,3200,8,12,0,0,0,0,0,0,81,lru,0,0,0,0,0,0,8,5,8,0,3,0,1,9,0,5701632,0,0,0,2808,5701632,5701632,0,0,0,1768288256441977504
layer,15,0,14,141,decode,6,8,8,0,0,0,162,0,0,0,0,21,8,2,0,0,0,0,0,0,81,lru,0,0,0,0,0,0,8,8,8,0,0,0,1,0,0,0,0,0,0,0,0,0,0,0,0,17953409902936400394
layer,15,0,14,141,decode,7,8,8,0,0,0,184,0,0,0,0,18,7,2,0,0,0,0,0,0,81,lru,0,0,0,0,0,0,8,8,8,0,0,0,1,0,0,0,0,0,0,0,0,0,0,0,0,18358169437393182169
layer,15,0,14,141,decode,8,8,7,1,2288,323,168,93,4,0,4,2786,7,9,0,0,0,0,0,0,81,lru,0,0,0,0,0,0,8,7,8,0,1,0,0,0,3,0,1900544,0,2288,290,1900544,1900544,0,1900544,3,9333375128344326688
layer,15,0,14,141,decode,9,8,8,0,0,0,180,0,0,0,0,19,8,2,0,0,0,0,0,0,81,lru,0,0,0,0,0,0,8,8,8,0,0,0,1,0,0,0,0,0,0,0,0,0,0,0,0,16529854387703937384
layer,15,0,14,141,decode,10,8,7,1,0,320,160,179,4,0,4,2145,7,3,0,0,0,0,0,0,81,lru,0,0,0,0,0,0,8,7,8,0,1,0,0,3,0,1900544,0,0,0,1932,1900544,1900544,0,0,0,15300730845602655220
layer,15,0,14,141,decode,11,8,7,1,2341,339,170,249,4,0,4,2883,8,8,0,0,0,0,0,0,81,lru,0,0,0,0,0,0,8,7,8,0,1,0,1,0,3,0,1900544,0,2342,273,1900544,1900544,0,1900544,3,3867131792714113769
layer,15,0,14,141,decode,12,8,8,0,0,0,174,0,0,0,0,24,12,2,0,0,0,0,0,0,81,lru,0,0,0,0,0,0,8,8,8,0,0,0,1,0,0,0,0,0,0,0,0,0,0,0,0,7305320231908782548
layer,15,0,14,141,decode,13,8,8,0,0,0,181,0,0,0,0,18,7,3,0,0,0,0,0,0,81,lru,0,0,0,0,0,0,8,8,8,0,0,0,0,0,0,0,0,0,0,0,0,0,0,0,0,11578905889415096305
layer,15,0,14,141,decode,14,8,7,1,0,326,161,205,5,0,5,2117,7,3,0,0,0,0,0,0,81,lru,0,0,0,0,0,0,8,7,8,0,1,0,0,3,0,1900544,0,0,0,1896,1900544,1900544,0,0,0,1265944088382196167
layer,15,0,14,141,decode,15,8,6,2,0,638,182,491,7,0,7,4031,7,3,0,0,0,0,0,0,81,lru,0,0,0,0,0,0,8,6,8,0,2,0,1,6,0,3801088,0,0,0,3746,3801088,3801088,0,0,0,11536360710762392777
layer,15,0,14,141,decode,16,8,8,0,0,0,173,0,0,0,0,21,7,2,0,0,0,0,0,0,81,lru,0,0,0,0,0,0,8,8,8,0,0,0,1,0,0,0,0,0,0,0,0,0,0,0,0,14435425603913083254
layer,15,0,14,141,decode,17,8,8,0,0,0,178,0,0,0,0,16,6,2,0,0,0,0,0,0,81,lru,0,0,0,0,0,0,8,8,8,0,0,0,0,0,0,0,0,0,0,0,0,0,0,0,0,11029370105152480472
layer,15,0,14,141,decode,18,8,7,1,0,330,148,262,3,0,3,2167,8,13,0,0,0,0,0,0,81,lru,0,0,0,0,0,0,8,7,8,0,1,0,1,3,0,1900544,0,0,0,1958,1900544,1900544,0,0,0,7044886751281758404
layer,15,0,14,141,decode,19,8,6,2,2400,638,182,510,5,0,5,4913,8,2,0,0,0,0,0,0,81,lru,0,0,0,0,0,0,8,6,8,0,2,0,1,3,3,1900544,1900544,0,2401,2208,3801088,3801088,0,1900544,3,15653753572586154952
layer,15,0,14,141,decode,20,8,8,0,0,0,175,0,0,0,0,22,7,2,0,0,0,0,0,0,81,lru,0,0,0,0,0,0,8,8,8,0,0,0,1,0,0,0,0,0,0,0,0,0,0,0,0,4462868113306420395
layer,15,0,14,141,decode,21,8,7,1,2419,333,166,251,4,0,4,2910,7,7,0,0,0,0,0,0,81,lru,0,0,0,0,0,0,8,7,8,0,1,0,0,0,3,0,1900544,0,2420,276,1900544,1900544,0,1900544,3,16689763059742703664
layer,15,0,14,141,decode,22,8,7,1,0,322,156,163,4,0,4,2129,7,3,0,0,0,0,0,0,81,lru,0,0,0,0,0,0,8,7,8,0,1,0,0,3,0,1900544,0,0,0,1908,1900544,1900544,0,0,0,16473483740222638021
layer,15,0,14,141,decode,23,8,8,0,0,0,179,0,0,0,0,17,7,1,0,0,0,0,0,0,81,lru,0,0,0,0,0,0,8,8,8,0,0,0,0,0,0,0,0,0,0,0,0,0,0,0,0,2751977245646137281
layer,15,0,14,141,decode,24,8,8,0,0,0,171,0,0,0,0,16,6,1,0,0,0,0,0,0,81,lru,0,0,0,0,0,0,8,8,8,0,0,0,1,0,0,0,0,0,0,0,0,0,0,0,0,15470475914859074703
layer,15,0,14,141,decode,25,8,8,0,0,0,177,0,0,0,0,15,6,1,0,0,0,0,0,0,81,lru,0,0,0,0,0,0,8,8,8,0,0,0,0,0,0,0,0,0,0,0,0,0,0,0,0,3037777834340563447
layer,15,0,14,141,decode,26,8,8,0,0,0,155,0,0,0,0,16,7,2,0,0,0,0,0,0,81,lru,0,0,0,0,0,0,8,8,8,0,0,0,0,0,0,0,0,0,0,0,0,0,0,0,0,13248394093645090261
layer,15,0,14,141,decode,27,8,6,2,4683,656,172,400,4,0,4,5517,6,12,0,0,0,0,0,0,81,lru,0,0,0,0,0,0,8,6,8,0,2,0,0,0,6,0,3801088,0,4685,538,3801088,3801088,0,3801088,6,17843716006701244518
layer,15,0,14,141,decode,28,8,6,2,4725,641,153,272,3,0,3,5589,7,11,0,0,0,0,0,0,81,lru,0,0,0,0,0,0,8,6,8,0,2,0,1,0,6,0,3801088,0,4726,571,3801088,3801088,0,3801088,6,13233334927687070835
layer,15,0,14,141,decode,29,8,7,1,0,396,176,104,3,0,3,654,7,2,0,0,0,0,0,0,81,lru,0,0,0,0,0,0,8,7,8,0,1,0,1,3,0,1900544,0,0,0,437,1900544,1900544,0,0,0,1764428021855479644
layer,15,0,14,141,decode,30,8,8,0,0,0,158,0,0,0,0,17,7,2,0,0,0,0,0,0,81,lru,0,0,0,0,0,0,8,8,8,0,0,0,0,0,0,0,0,0,0,0,0,0,0,0,0,16683638038902584067
layer,15,0,14,141,decode,31,8,8,0,0,0,179,0,0,0,0,16,7,2,0,0,0,0,0,0,81,lru,0,0,0,0,0,0,8,8,8,0,0,0,0,0,0,0,0,0,0,0,0,0,0,0,0,397738587987809262
layer,15,0,14,141,decode,32,8,8,0,0,0,173,0,0,0,0,16,7,2,0,0,0,0,0,0,81,lru,0,0,0,0,0,0,8,8,8,0,0,0,0,0,0,0,0,0,0,0,0,0,0,0,0,13532773076602757260
layer,15,0,14,141,decode,33,8,8,0,0,0,178,0,0,0,0,15,6,1,0,0,0,0,0,0,81,lru,0,0,0,0,0,0,8,8,8,0,0,0,1,0,0,0,0,0,0,0,0,0,0,0,0,9587951792896772387
layer,15,0,14,141,decode,34,8,7,1,0,417,149,338,3,0,3,674,6,12,0,0,0,0,0,0,81,lru,0,0,0,0,0,0,8,7,8,0,1,0,0,3,0,2039808,0,0,0,450,2039808,2039808,0,0,0,16774084555390210822
layer,15,0,14,141,decode,35,8,6,2,2430,684,158,386,4,0,4,3369,7,14,0,0,0,0,0,0,81,lru,0,0,0,0,0,0,8,6,8,0,2,0,1,3,3,1900544,1900544,0,2430,670,3801088,3801088,0,1900544,3,9712793155699646385
layer,15,0,14,141,decode,36,8,7,1,0,411,175,93,3,0,3,647,7,12,0,0,0,0,0,0,81,lru,0,0,0,0,0,0,8,7,8,0,1,0,1,3,0,1900544,0,0,0,441,1900544,1900544,0,0,0,14374493686943179998
layer,15,0,14,141,decode,37,8,7,1,0,392,179,260,3,0,3,644,8,2,0,0,0,0,0,0,81,lru,0,0,0,0,0,0,8,7,8,0,1,0,1,3,0,1900544,0,0,0,429,1900544,1900544,0,0,0,13485020107773576477
layer,15,0,14,141,decode,38,8,5,3,5080,1067,143,610,4,0,4,6610,8,13,0,0,0,0,0,0,81,lru,0,0,0,0,0,0,8,5,8,0,3,0,0,3,6,2039808,4079616,0,5083,1132,6119424,6119424,0,4079616,6,13909636155377141758
layer,15,0,14,141,decode,39,8,7,1,0,405,676,299,3,0,3,664,8,7,0,0,0,0,0,0,81,lru,0,0,0,0,0,0,8,7,8,0,1,0,1,3,0,2039808,0,0,0,460,2039808,2039808,0,0,0,16353945473988450574
request,15,0,14,0,decode,-1,0,0,0,0,0,0,0,0,0,0,0,0,0,0,0,0,0,0,0,0,,66011,358,0,0,17,0,0,0,0,0,0,0,0,0,0,0,0,0,0,0,0,0,0,0,0,0
layer,16,0,15,142,decode,0,8,6,2,0,793,174,551,3,0,3,1200,8,2,0,0,0,0,0,0,81,lru,0,0,0,0,0,0,8,6,8,0,2,0,1,6,0,3801088,0,0,0,896,3801088,3801088,0,0,0,13353212422332558602
layer,16,0,15,142,decode,1,8,8,0,0,0,176,0,0,0,0,19,8,2,0,0,0,0,0,0,81,lru,0,0,0,0,0,0,8,8,8,0,0,0,1,0,0,0,0,0,0,0,0,0,0,0,0,2265746135549754723
layer,16,0,15,142,decode,2,8,3,5,0,1949,154,1111,4,0,4,2805,7,2,0,0,0,0,0,0,81,lru,0,0,0,0,0,0,8,3,8,0,5,0,0,15,0,9502720,0,0,0,2240,9502720,9502720,0,0,0,16054736498422682943
layer,16,0,15,142,decode,3,8,7,1,0,377,181,338,3,0,3,643,8,2,0,0,0,0,0,0,81,lru,0,0,0,0,0,0,8,7,8,0,1,0,1,3,0,1900544,0,0,0,429,1900544,1900544,0,0,0,13961234322818841530
layer,16,0,15,142,decode,4,8,5,3,4787,1013,156,768,4,0,4,6168,7,14,0,0,0,0,0,0,81,lru,0,0,0,0,0,0,8,5,8,0,3,0,0,3,6,1900544,3801088,0,4789,948,5701632,5701632,0,3801088,6,6241922138948346404
layer,16,0,15,142,decode,5,8,4,4,9617,1285,166,847,4,0,4,11252,7,6,0,0,0,0,0,0,81,lru,0,0,0,0,0,0,8,4,8,0,4,0,1,0,12,0,7602176,0,9618,1111,7602176,7602176,0,7602176,12,13508365197876231878
layer,16,0,15,142,decode,6,8,4,4,6756,1209,161,2019,4,0,4,11086,7,4,0,0,0,0,0,0,81,lru,0,0,0,0,0,0,8,4,8,0,4,0,1,3,9,1900544,5701632,0,6759,2658,7602176,7602176,0,5701632,9,6280768772395041759
layer,16,0,15,142,decode,7,8,5,3,6483,871,181,496,5,0,5,7638,8,2,0,0,0,0,0,0,81,lru,0,0,0,0,0,0,8,5,8,0,3,0,2,0,9,0,5701632,0,6487,776,5701632,5701632,0,5701632,9,17609309201224180407
layer,16,0,15,142,decode,8,8,4,4,8598,1144,162,798,4,0,4,10015,7,16,0,0,0,0,0,0,81,lru,0,0,0,0,0,0,8,4,8,0,4,0,1,0,12,0,7602176,0,8600,945,7602176,7602176,0,7602176,12,17339578991251255668
layer,16,0,15,142,decode,9,8,8,0,0,0,175,0,0,0,0,18,7,1,0,0,0,0,0,0,81,lru,0,0,0,0,0,0,8,8,8,0,0,0,1,0,0,0,0,0,0,0,0,0,0,0,0,4265789037766084104
layer,16,0,15,142,decode,10,8,2,6,13017,1708,154,721,4,0,4,15139,6,2,0,0,0,0,0,0,81,lru,0,0,0,0,0,0,8,2,8,0,6,0,0,0,18,0,11403264,0,13020,1461,11403264,11403264,0,11403264,18,8741752911134124430
layer,16,0,15,142,decode,11,8,7,1,0,293,179,248,3,0,3,1860,7,2,0,0,0,0,0,0,81,lru,0,0,0,0,0,0,8,7,8,0,1,0,1,3,0,1900544,0,0,0,1662,1900544,1900544,0,0,0,16302583045019031346
layer,16,0,15,142,decode,12,8,7,1,0,277,172,206,3,0,3,1749,7,2,0,0,0,0,0,0,81,lru,0,0,0,0,0,0,8,7,8,0,1,0,1,3,0,1900544,0,0,0,1571,1900544,1900544,0,0,0,16440623394682222698
layer,16,0,15,142,decode,13,8,7,1,1924,286,177,221,3,0,3,2341,7,2,0,0,0,0,0,0,81,lru,0,0,0,0,0,0,8,7,8,0,1,0,0,0,3,0,1900544,0,1924,222,1900544,1900544,0,1900544,3,10747002529661390514
layer,16,0,15,142,decode,14,8,8,0,0,0,158,0,0,0,0,17,7,1,0,0,0,0,0,0,81,lru,0,0,0,0,0,0,8,8,8,0,0,0,1,0,0,0,0,0,0,0,0,0,0,0,0,8630538079982428455
layer,16,0,15,142,decode,15,8,6,2,1903,533,179,226,4,0,4,3960,7,2,0,0,0,0,0,0,81,lru,0,0,0,0,0,0,8,6,8,0,2,0,0,3,3,1900544,1900544,0,1903,1799,3801088,3801088,0,1900544,3,11792754363843910418
layer,16,0,15,142,decode,16,8,7,1,1979,290,173,137,3,0,3,2392,7,11,0,0,0,0,0,0,81,lru,0,0,0,0,0,0,8,7,8,0,1,0,1,0,3,0,1900544,0,1979,213,1900544,1900544,0,1900544,3,13596021709701088636
layer,16,0,15,142,decode,17,8,6,2,1932,528,182,333,6,0,6,4078,8,3,0,0,0,0,0,0,81,lru,0,0,0,0,0,0,8,6,8,0,2,0,1,3,3,1900544,1900544,0,1932,1816,3801088,3801088,0,1900544,3,10233584182426495312
layer,16,0,15,142,decode,18,8,6,2,4054,540,142,312,7,0,7,4753,9,7,0,0,0,0,0,0,81,lru,0,0,0,0,0,0,8,6,8,0,2,0,1,0,6,0,3801088,0,4056,449,3801088,3801088,0,3801088,6,464880622857024545
layer,16,0,15,142,decode,19,8,6,2,4016,550,160,281,6,0,6,4657,8,10,0,0,0,0,0,0,81,lru,0,0,0,0,0,0,8,6,8,0,2,0,1,0,6,0,3801088,0,4018,444,3801088,3801088,0,3801088,6,2281609957852825086
layer,16,0,15,142,decode,20,8,4,4,7881,1061,172,736,9,0,9,9213,9,8,0,0,0,0,0,0,81,lru,0,0,0,0,0,0,8,4,8,0,4,0,1,0,12,0,7602176,0,7885,848,7602176,7602176,0,7602176,12,10840729391177954163
layer,16,0,15,142,decode,21,8,6,2,1960,534,173,361,7,0,7,4052,8,13,0,0,0,0,0,0,81,lru,0,0,0,0,0,0,8,6,8,0,2,0,1,3,3,1900544,1900544,0,1961,1793,3801088,3801088,0,1900544,3,8541527683669356773
layer,16,0,15,142,decode,22,8,4,4,4033,1024,159,554,6,0,6,8022,8,8,0,0,0,0,0,0,81,lru,0,0,0,0,0,0,8,4,8,0,4,0,1,6,6,3801088,3801088,0,4034,3535,7602176,7602176,0,3801088,6,5452281836146143925
layer,16,0,15,142,decode,23,8,6,2,3927,540,175,268,4,0,4,4632,8,10,0,0,0,0,0,0,81,lru,0,0,0,0,0,0,8,6,8,0,2,0,1,0,6,0,3801088,0,3929,426,3801088,3801088,0,3801088,6,3234899044960747632
layer,16,0,15,142,decode,24,8,4,4,5639,967,176,618,5,0,5,8152,8,3,0,0,0,0,0,0,81,lru,0,0,0,0,0,0,8,4,8,0,4,0,1,3,9,1900544,5701632,0,5640,2077,7602176,7602176,0,5701632,9,2567031878571679020
layer,16,0,15,142,decode,25,8,8,0,0,0,178,0,0,0,0,19,7,2,0,0,0,0,0,0,81,lru,0,0,0,0,0,0,8,8,8,0,0,0,1,0,0,0,0,0,0,0,0,0,0,0,0,15787582571403315255
layer,16,0,15,142,decode,26,8,7,1,1705,276,149,62,4,0,4,2102,7,9,0,0,0,0,0,0,81,lru,0,0,0,0,0,0,8,7,8,0,1,0,0,0,3,0,1900544,0,1706,202,1900544,1900544,0,1900544,3,113770301526538489
layer,16,0,15,142,decode,27,8,6,2,3718,516,159,262,4,0,4,4320,8,7,0,0,0,0,0,0,81,lru,0,0,0,0,0,0,8,6,8,0,2,0,1,0,6,0,3801088,0,3719,387,3801088,3801088,0,3801088,6,1200375180920349112
layer,16,0,15,142,decode,28,8,6,2,1766,498,178,311,4,0,4,3657,8,3,0,0,0,0,0,0,81,lru,0,0,0,0,0,0,8,6,8,0,2,0,1,3,3,1900544,1900544,0,1767,1629,3801088,3801088,0,1900544,3,1695490637733916325
layer,16,0,15,142,decode,29,8,8,0,0,0,180,0,0,0,0,21,8,2,0,0,0,0,0,0,81,lru,0,0,0,0,0,0,8,8,8,0,0,0,1,0,0,0,0,0,0,0,0,0,0,0,0,14237926227174764679
layer,16,0,15,142,decode,30,8,7,1,0,254,153,167,4,0,4,1587,7,13,0,0,0,0,0,0,81,lru,0,0,0,0,0,0,8,7,8,0,1,0,1,3,0,1900544,0,0,0,1411,1900544,1900544,0,0,0,12145138907635053968
layer,16,0,15,142,decode,31,8,7,1,1820,275,188,1416,3,0,3,3172,8,5,0,0,0,0,0,0,81,lru,0,0,0,0,0,0,8,7,8,0,1,0,0,0,3,0,1900544,0,1821,191,1900544,1900544,0,1900544,3,14304415574078060492
layer,16,0,15,142,decode,32,8,7,1,1854,267,180,199,5,0,5,2250,9,3,0,0,0,0,0,0,81,lru,0,0,0,0,0,0,8,7,8,0,1,0,1,0,3,0,1900544,0,1854,194,1900544,1900544,0,1900544,3,3491458862274245515
layer,16,0,15,142,decode,33,8,7,1,1749,266,157,146,4,0,4,2114,7,15,0,0,0,0,0,0,81,lru,0,0,0,0,0,0,8,7,8,0,1,0,1,0,3,0,1900544,0,1749,213,1900544,1900544,0,1900544,3,1229402416672845350
layer,16,0,15,142,decode,34,8,5,3,2139,912,144,381,5,0,5,3427,8,7,0,0,0,0,0,0,81,lru,0,0,0,0,0,0,8,5,8,0,3,0,1,6,3,4079616,2039808,0,2140,976,6119424,6119424,0,2039808,3,1189072382064006207
layer,16,0,15,142,decode,35,8,5,3,4067,784,158,470,5,0,5,6412,8,6,0,0,0,0,0,0,81,lru,0,0,0,0,0,0,8,5,8,0,3,0,1,3,6,1900544,3801088,0,4067,2068,5701632,5701632,0,3801088,6,12023886807715209093
layer,16,0,15,142,decode,36,8,5,3,3837,855,164,308,5,0,5,5008,8,8,0,0,0,0,0,0,81,lru,0,0,0,0,0,0,8,5,8,0,3,0,1,3,6,1900544,3801088,0,3838,846,5701632,5701632,0,3801088,6,5512169402048324789
layer,16,0,15,142,decode,37,8,8,0,0,0,180,0,0,0,0,19,7,3,0,0,0,0,0,0,81,lru,0,0,0,0,0,0,8,8,8,0,0,0,1,0,0,0,0,0,0,0,0,0,0,0,0,259929541354286531
layer,16,0,15,142,decode,38,8,6,2,0,668,152,338,5,0,5,1054,7,13,0,0,0,0,0,0,81,lru,0,0,0,0,0,0,8,6,8,0,2,0,1,6,0,4079616,0,0,0,815,4079616,4079616,0,0,0,2705459601606802487
layer,16,0,15,142,decode,39,8,5,3,4305,922,679,534,5,0,5,5550,8,15,0,0,0,0,0,0,81,lru,0,0,0,0,0,0,8,5,8,0,3,0,1,3,6,2039808,4079616,0,4307,909,6119424,6119424,0,4079616,6,16150341112447199324
request,16,0,15,0,decode,-1,0,0,0,0,0,0,0,0,0,0,0,0,0,0,0,0,0,0,0,0,,174866,550,0,0,21,0,0,0,0,0,0,0,0,0,0,0,0,0,0,0,0,0,0,0,0,0
layer,17,0,16,143,decode,0,8,3,5,0,1602,164,1067,4,0,4,2326,8,11,0,0,0,0,0,0,81,lru,0,0,0,0,0,0,8,3,8,0,5,0,1,15,0,9502720,0,0,0,1798,9502720,9502720,0,0,0,6731112273833697849
layer,17,0,16,143,decode,1,8,3,5,1988,1570,174,999,3,0,3,4160,7,2,0,0,0,0,0,0,81,lru,0,0,0,0,0,0,8,3,8,0,5,0,1,12,3,7602176,1900544,0,1988,1707,9502720,9502720,0,1900544,3,7556537180114517821
layer,17,0,16,143,decode,2,8,6,2,0,636,140,358,4,0,4,949,7,8,0,0,0,0,0,0,81,lru,0,0,0,0,0,0,8,6,8,0,2,0,1,6,0,3801088,0,0,0,732,3801088,3801088,0,0,0,4163858685323151748
layer,17,0,16,143,decode,3,8,5,3,0,1062,179,663,4,0,4,1547,8,2,0,0,0,0,0,0,81,lru,0,0,0,0,0,0,8,5,8,0,3,0,1,9,0,5701632,0,0,0,1205,5701632,5701632,0,0,0,2032134694375833465
layer,17,0,16,143,decode,4,8,7,1,0,289,166,160,3,0,3,1947,7,10,0,0,0,0,0,0,81,lru,0,0,0,0,0,0,8,7,8,0,1,0,1,3,0,1900544,0,0,0,1751,1900544,1900544,0,0,0,6225266555430094538
layer,17,0,16,143,decode,5,8,6,2,0,589,177,465,4,0,4,3653,7,11,0,0,0,0,0,0,81,lru,0,0,0,0,0,0,8,6,8,0,2,0,0,6,0,3801088,0,0,0,3362,3801088,3801088,0,0,0,3930504545289937559
layer,17,0,16,143,decode,6,8,4,4,2083,1114,155,667,4,0,4,7999,8,2,0,0,0,0,0,0,81,lru,0,0,0,0,0,0,8,4,8,0,4,0,1,9,3,5701632,1900544,0,2083,5390,7602176,7602176,0,1900544,3,6656215184493806932
layer,17,0,16,143,decode,7,8,6,2,2256,579,169,408,4,0,4,4519,7,10,0,0,0,0,0,0,81,lru,0,0,0,0,0,0,8,6,8,0,2,0,1,3,3,1900544,1900544,0,2257,1975,3801088,3801088,0,1900544,3,5059979255717271774
layer,17,0,16,143,decode,8,8,8,0,0,0,172,0,0,0,0,18,7,2,0,0,0,0,0,0,81,lru,0,0,0,0,0,0,8,8,8,0,0,0,1,0,0,0,0,0,0,0,0,0,0,0,0,16230172852426279015
layer,17,0,16,143,decode,9,8,7,1,2261,282,178,115,3,0,3,2701,7,2,0,0,0,0,0,0,81,lru,0,0,0,0,0,0,8,7,8,0,1,0,1,0,3,0,1900544,0,2261,251,1900544,1900544,0,1900544,3,3062514187066680069
layer,17,0,16,143,decode,10,8,6,2,0,572,154,426,4,0,4,3741,7,2,0,0,0,0,0,0,81,lru,0,0,0,0,0,0,8,6,8,0,2,0,1,6,0,3801088,0,0,0,3476,3801088,3801088,0,0,0,13724237823072128523
layer,17,0,16,143,decode,11,8,5,3,0,845,158,520,4,0,4,5490,7,14,0,0,0,0,0,0,81,lru,0,0,0,0,0,0,8,5,8,0,3,0,0,9,0,5701632,0,0,0,5214,5701632,5701632,0,0,0,14854650217350850856
layer,17,0,16,143,decode,12,8,7,1,0,293,153,225,3,0,3,1874,7,5,0,0,0,0,0,0,81,lru,0,0,0,0,0,0,8,7,8,0,1,0,1,3,0,1900544,0,0,0,1695,1900544,1900544,0,0,0,637385032913606167
layer,17,0,16,143,decode,13,8,8,0,0,0,177,0,0,0,0,16,7,2,0,0,0,0,0,0,81,lru,0,0,0,0,0,0,8,8,8,0,0,0,1,0,0,0,0,0,0,0,0,0,0,0,0,11304144223014154896
layer,17,0,16,143,decode,14,8,7,1,0,296,156,247,3,0,3,1877,7,2,0,0,0,0,0,0,81,lru,0,0,0,0,0,0,8,7,8,0,1,0,0,3,0,1900544,0,0,0,1678,1900544,1900544,0,0,0,8440180129354529295
layer,17,0,16,143,decode,15,8,6,2,0,575,172,383,4,0,4,3743,8,16,0,0,0,0,0,0,81,lru,0,0,0,0,0,0,8,6,8,0,2,0,1,6,0,3801088,0,0,0,3440,3801088,3801088,0,0,0,10903851577490972347
layer,17,0,16,143,decode,16,8,7,1,0,297,163,144,3,0,3,1953,7,13,0,0,0,0,0,0,81,lru,0,0,0,0,0,0,8,7,8,0,1,0,1,3,0,1900544,0,0,0,1758,1900544,1900544,0,0,0,9628392182034106267
layer,17,0,16,143,decode,17,8,6,2,2272,565,175,273,4,0,4,4559,7,2,0,0,0,0,0,0,81,lru,0,0,0,0,0,0,8,6,8,0,2,0,0,3,3,1900544,1900544,0,2272,2009,3801088,3801088,0,1900544,3,10466122516927932613
layer,17,0,16,143,decode,18,8,7,1,0,303,150,212,3,0,3,1883,7,16,0,0,0,0,0,0,81,lru,0,0,0,0,0,0,8,7,8,0,1,0,1,3,0,1900544,0,0,0,1679,1900544,1900544,0,0,0,16908288186566416876
layer,17,0,16,143,decode,19,8,5,3,2145,842,159,415,4,0,4,6354,7,14,0,0,0,0,0,0,81,lru,0,0,0,0,0,0,8,5,8,0,3,0,1,6,3,3801088,1900544,0,2146,3801,5701632,5701632,0,1900544,3,12875889665982809322
layer,17,0,16,143,decode,20,8,6,2,4449,577,159,393,4,0,4,5216,7,8,0,0,0,0,0,0,81,lru,0,0,0,0,0,0,8,6,8,0,2,0,1,0,6,0,3801088,0,4450,510,3801088,3801088,0,3801088,6,1533062703220058883
layer,17,0,16,143,decode,21,8,5,3,0,777,176,404,4,0,4,4970,7,2,0,0,0,0,0,0,81,lru,0,0,0,0,0,0,8,5,8,0,3,0,1,9,0,5701632,0,0,0,4596,5701632,5701632,0,0,0,3284128287809252459
layer,17,0,16,143,decode,22,8,5,3,2090,780,153,517,4,0,4,5764,7,7,0,0,0,0,0,0,81,lru,0,0,0,0,0,0,8,5,8,0,3,0,1,6,3,3801088,1900544,0,2091,3341,5701632,5701632,0,1900544,3,12754594762007696671
layer,17,0,16,143,decode,23,8,6,2,0,582,176,1585,4,0,4,2213,8,27,0,0,0,0,0,0,81,lru,0,0,0,0,0,0,8,6,8,0,2,0,1,6,0,3801088,0,0,0,1979,3801088,3801088,0,0,0,14187115512924812510
layer,17,0,16,143,decode,24,8,7,1,0,285,164,201,4,0,4,1713,8,9,0,0,0,0,0,0,81,lru,0,0,0,0,0,0,8,7,8,0,1,0,1,3,0,1900544,0,0,0,1526,1900544,1900544,0,0,0,293792984493066743
layer,17,0,16,143,decode,25,8,8,0,0,0,176,0,0,0,0,19,7,2,0,0,0,0,0,0,81,lru,0,0,0,0,0,0,8,8,8,0,0,0,1,0,0,0,0,0,0,0,0,0,0,0,0,4546431912534877073
layer,17,0,16,143,decode,26,8,6,2,0,531,155,333,4,0,4,3281,6,3,0,0,0,0,0,0,81,lru,0,0,0,0,0,0,8,6,8,0,2,0,0,6,0,3801088,0,0,0,3020,3801088,3801088,0,0,0,11516770603289441075
layer,17,0,16,143,decode,27,8,7,1,0,347,181,271,3,0,3,546,7,2,0,0,0,0,0,0,81,lru,0,0,0,0,0,0,8,7,8,0,1,0,1,3,0,1900544,0,0,0,348,1900544,1900544,0,0,0,4331941092368202629
layer,17,0,16,143,decode,28,8,7,1,0,325,164,92,3,0,3,508,8,17,0,0,0,0,0,0,81,lru,0,0,0,0,0,0,8,7,8,0,1,0,1,3,0,1900544,0,0,0,346,1900544,1900544,0,0,0,5215377771207917618
layer,17,0,16,143,decode,29,8,5,3,2285,933,156,490,4,0,4,4934,8,8,0,0,0,0,0,0,81,lru,0,0,0,0,0,0,8,5,8,0,3,0,1,6,3,3801088,1900544,0,2285,2329,5701632,5701632,0,1900544,3,6269457799158836022
layer,17,0,16,143,decode,30,8,8,0,0,0,157,0,0,0,0,17,7,2,0,0,0,0,0,0,81,lru,0,0,0,0,0,0,8,8,8,0,0,0,0,0,0,0,0,0,0,0,0,0,0,0,0,13912766841781980735
layer,17,0,16,143,decode,31,8,7,1,0,368,180,212,3,0,3,590,7,3,0,0,0,0,0,0,81,lru,0,0,0,0,0,0,8,7,8,0,1,0,0,3,0,1900544,0,0,0,389,1900544,1900544,0,0,0,14581777068391917983
layer,17,0,16,143,decode,32,8,3,5,2232,1687,172,686,4,0,4,4681,7,2,0,0,0,0,0,0,81,lru,0,0,0,0,0,0,8,3,8,0,5,0,0,12,3,7602176,1900544,0,2233,1854,9502720,9502720,0,1900544,3,4946725975569381239
layer,17,0,16,143,decode,33,8,4,4,0,1342,160,1023,4,0,4,3283,7,19,0,0,0,0,0,0,81,lru,0,0,0,0,0,0,8,4,8,0,4,0,1,12,0,7602176,0,0,0,2903,7602176,7602176,0,0,0,5967559010121167644
layer,17,0,16,143,decode,34,8,6,2,0,718,145,418,4,0,4,1121,7,13,0,0,0,0,0,0,81,lru,0,0,0,0,0,0,8,6,8,0,2,0,1,6,0,4079616,0,0,0,866,4079616,4079616,0,0,0,7942688547617361804
layer,17,0,16,143,decode,35,8,5,3,2237,972,157,411,4,0,4,3662,7,15,0,0,0,0,0,0,81,lru,0,0,0,0,0,0,8,5,8,0,3,0,1,6,3,3801088,1900544,0,2238,1035,5701632,5701632,0,1900544,3,11528673604100191763
layer,17,0,16,143,decode,36,8,4,4,4597,1278,165,716,3,0,3,6398,7,13,0,0,0,0,0,0,81,lru,0,0,0,0,0,0,8,4,8,0,4,0,1,6,6,3801088,3801088,0,4599,1285,7602176,7602176,0,3801088,6,12638715872081882790
layer,17,0,16,143,decode,37,8,1,7,5914,2178,176,1333,4,0,4,8931,7,2,0,0,0,0,0,0,81,lru,0,0,0,0,0,0,8,1,8,0,7,0,1,12,9,7602176,5701632,0,5917,2340,13303808,13303808,0,5701632,9,18213062720606978481
layer,17,0,16,143,decode,38,8,4,4,0,1377,157,940,4,0,4,1956,8,2,0,0,0,0,0,0,81,lru,0,0,0,0,0,0,8,4,8,0,4,0,1,12,0,8159232,0,0,0,1582,8159232,8159232,0,0,0,5075305020169880840
layer,17,0,16,143,decode,39,8,3,5,0,1704,670,779,4,0,4,2335,8,14,0,0,0,0,0,0,81,lru,0,0,0,0,0,0,8,3,8,0,5,0,1,15,0,10199040,0,0,0,1953,10199040,10199040,0,0,0,18125172862583386884
request,17,0,16,0,decode,-1,0,0,0,0,0,0,0,0,0,0,0,0,0,0,0,0,0,0,0,0,,131645,581,0,0,17,0,0,0,0,0,0,0,0,0,0,0,0,0,0,0,0,0,0,0,0,0
layer,18,0,17,144,decode,0,8,5,3,0,1045,152,718,4,0,4,1495,9,8,0,0,0,0,0,0,81,lru,0,0,0,0,0,0,8,5,8,0,3,0,1,9,0,5701632,0,0,0,1140,5701632,5701632,0,0,0,11832871748040183417
layer,18,0,17,144,decode,1,8,6,2,0,710,177,582,4,0,4,1058,7,3,0,0,0,0,0,0,81,lru,0,0,0,0,0,0,8,6,8,0,2,0,1,6,0,3801088,0,0,0,806,3801088,3801088,0,0,0,10127448206122070645
layer,18,0,17,144,decode,2,8,3,5,0,1795,146,1046,4,0,4,2491,7,15,0,0,0,0,0,0,81,lru,0,0,0,0,0,0,8,3,8,0,5,0,1,15,0,9502720,0,0,0,2000,9502720,9502720,0,0,0,8868398460179218860
layer,18,0,17,144,decode,3,8,5,3,0,1056,171,586,4,0,4,1546,7,15,0,0,0,0,0,0,81,lru,0,0,0,0,0,0,8,5,8,0,3,0,1,9,0,5701632,0,0,0,1190,5701632,5701632,0,0,0,7649990159115136417
layer,18,0,17,144,decode,4,8,7,1,0,302,159,220,3,0,3,1897,7,13,0,0,0,0,0,0,81,lru,0,0,0,0,0,0,8,7,8,0,1,0,1,3,0,1900544,0,0,0,1706,1900544,1900544,0,0,0,21402719890304003
layer,18,0,17,144,decode,5,8,6,2,0,576,159,408,4,0,4,3673,7,12,0,0,0,0,0,0,81,lru,0,0,0,0,0,0,8,6,8,0,2,0,0,6,0,3801088,0,0,0,3422,3801088,3801088,0,0,0,14731280874521588232
layer,18,0,17,144,decode,6,8,7,1,0,294,150,143,3,0,3,1927,7,5,0,0,0,0,0,0,81,lru,0,0,0,0,0,0,8,7,8,0,1,0,0,3,0,1900544,0,0,0,1732,1900544,1900544,0,0,0,13117236113081488475
layer,18,0,17,144,decode,7,8,8,0,0,0,179,0,0,0,0,17,7,2,0,0,0,0,0,0,81,lru,0,0,0,0,0,0,8,8,8,0,0,0,0,0,0,0,0,0,0,0,0,0,0,0,0,17521907173700573609
layer,18,0,17,144,decode,8,8,8,0,0,0,172,0,0,0,0,15,6,2,0,0,0,0,0,0,81,lru,0,0,0,0,0,0,8,8,8,0,0,0,0,0,0,0,0,0,0,0,0,0,0,0,0,18339332500347093954
layer,18,0,17,144,decode,9,8,6,2,2208,558,177,374,4,0,4,4429,6,2,0,0,0,0,0,0,81,lru,0,0,0,0,0,0,8,6,8,0,2,0,0,3,3,1900544,1900544,0,2208,1958,3801088,3801088,0,1900544,3,4273745730285620043
layer,18,0,17,144,decode,10,8,7,1,0,299,157,233,3,0,3,1956,7,2,0,0,0,0,0,0,81,lru,0,0,0,0,0,0,8,7,8,0,1,0,1,3,0,1900544,0,0,0,1762,1900544,1900544,0,0,0,2601450044335521049
layer,18,0,17,144,decode,11,8,8,0,0,0,179,0,0,0,0,17,7,2,0,0,0,0,0,0,81,lru,0,0,0,0,0,0,8,8,8,0,0,0,1,0,0,0,0,0,0,0,0,0,0,0,0,2009927446277217624
layer,18,0,17,144,decode,12,8,8,0,0,0,173,0,0,0,0,14,6,1,0,0,0,0,0,0,81,lru,0,0,0,0,0,0,8,8,8,0,0,0,0,0,0,0,0,0,0,0,0,0,0,0,0,13760846217894966851
layer,18,0,17,144,decode,13,8,8,0,0,0,175,0,0,0,0,15,7,1,0,0,0,0,0,0,81,lru,0,0,0,0,0,0,8,8,8,0,0,0,1,0,0,0,0,0,0,0,0,0,0,0,0,10402269455951438199
layer,18,0,17,144,decode,14,8,8,0,0,0,157,0,0,0,0,15,6,1,0,0,0,0,0,0,81,lru,0,0,0,0,0,0,8,8,8,0,0,0,0,0,0,0,0,0,0,0,0,0,0,0,0,546406715231302627
layer,18,0,17,144,decode,15,8,8,0,0,0,180,0,0,0,0,15,7,1,0,0,0,0,0,0,81,lru,0,0,0,0,0,0,8,8,8,0,0,0,0,0,0,0,0,0,0,0,0,0,0,0,0,8332274127624036315
layer,18,0,17,144,decode,16,8,8,0,0,0,171,0,0,0,0,16,7,1,0,0,0,0,0,0,81,lru,0,0,0,0,0,0,8,8,8,0,0,0,1,0,0,0,0,0,0,0,0,0,0,0,0,6287408654633536486
layer,18,0,17,144,decode,17,8,8,0,0,0,176,0,0,0,0,15,6,1,0,0,0,0,0,0,81,lru,0,0,0,0,0,0,8,8,8,0,0,0,0,0,0,0,0,0,0,0,0,0,0,0,0,14062458551439543705
layer,18,0,17,144,decode,18,8,8,0,0,0,156,0,0,0,0,15,6,1,0,0,0,0,0,0,81,lru,0,0,0,0,0,0,8,8,8,0,0,0,0,0,0,0,0,0,0,0,0,0,0,0,0,494313461103838778
layer,18,0,17,144,decode,19,8,7,1,2218,309,173,224,3,0,3,2680,7,9,0,0,0,0,0,0,81,lru,0,0,0,0,0,0,8,7,8,0,1,0,0,0,3,0,1900544,0,2218,255,1900544,1900544,0,1900544,3,15410820729715136163
layer,18,0,17,144,decode,20,8,8,0,0,0,174,0,0,0,0,18,7,2,0,0,0,0,0,0,81,lru,0,0,0,0,0,0,8,8,8,0,0,0,1,0,0,0,0,0,0,0,0,0,0,0,0,8891273419466188540
layer,18,0,17,144,decode,21,8,7,1,0,303,168,142,3,0,3,1879,7,7,0,0,0,0,0,0,81,lru,0,0,0,0,0,0,8,7,8,0,1,0,0,3,0,1900544,0,0,0,1658,1900544,1900544,0,0,0,16208115574709411476
layer,18,0,17,144,decode,22,8,7,1,0,313,157,269,3,0,3,1887,7,2,0,0,0,0,0,0,81,lru,0,0,0,0,0,0,8,7,8,0,1,0,0,3,0,1900544,0,0,0,1671,1900544,1900544,0,0,0,18398824163202556634
layer,18,0,17,144,decode,23,8,7,1,0,326,179,263,3,0,3,2105,7,2,0,0,0,0,0,0,81,lru,0,0,0,0,0,0,8,7,8,0,1,0,0,3,0,1900544,0,0,0,1904,1900544,1900544,0,0,0,631749291615869961
layer,18,0,17,144,decode,24,8,8,0,0,0,171,0,0,0,0,16,7,1,0,0,0,0,0,0,81,lru,0,0,0,0,0,0,8,8,8,0,0,0,0,0,0,0,0,0,0,0,0,0,0,0,0,10024297653075464442
layer,18,0,17,144,decode,25,8,8,0,0,0,176,0,0,0,0,15,6,1,0,0,0,0,0,0,81,lru,0,0,0,0,0,0,8,8,8,0,0,0,0,0,0,0,0,0,0,0,0,0,0,0,0,15601680054539589178
layer,18,0,17,144,decode,26,8,8,0,0,0,156,0,0,0,0,15,6,1,0,0,0,0,0,0,81,lru,0,0,0,0,0,0,8,8,8,0,0,0,0,0,0,0,0,0,0,0,0,0,0,0,0,9141527897048060244
layer,18,0,17,144,decode,27,8,7,1,0,397,163,194,3,0,3,641,6,13,0,0,0,0,0,0,81,lru,0,0,0,0,0,0,8,7,8,0,1,0,0,3,0,1900544,0,0,0,432,1900544,1900544,0,0,0,4297267085818610700
layer,18,0,17,144,decode,28,8,8,0,0,0,173,0,0,0,0,17,7,1,0,0,0,0,0,0,81,lru,0,0,0,0,0,0,8,8,8,0,0,0,0,0,0,0,0,0,0,0,0,0,0,0,0,13606177219346669515
layer,18,0,17,144,decode,29,8,8,0,0,0,176,0,0,0,0,22,7,7,0,0,0,0,0,0,81,lru,0,0,0,0,0,0,8,8,8,0,0,0,0,0,0,0,0,0,0,0,0,0,0,0,0,10319101328817958808
layer,18,0,17,144,decode,30,8,8,0,0,0,158,0,0,0,0,15,6,2,0,0,0,0,0,0,81,lru,0,0,0,0,0,0,8,8,8,0,0,0,0,0,0,0,0,0,0,0,0,0,0,0,0,18037960085530997184
layer,18,0,17,144,decode,31,8,7,1,0,397,167,285,3,0,3,629,6,14,0,0,0,0,0,0,81,lru,0,0,0,0,0,0,8,7,8,0,1,0,0,3,0,1900544,0,0,0,418,1900544,1900544,0,0,0,8406995377554847032
layer,18,0,17,144,decode,32,8,8,0,0,0,173,0,0,0,0,17,7,2,0,0,0,0,0,0,81,lru,0,0,0,0,0,0,8,8,8,0,0,0,0,0,0,0,0,0,0,0,0,0,0,0,0,12379731752173835003
layer,18,0,17,144,decode,33,8,8,0,0,0,176,0,0,0,0,16,6,2,0,0,0,0,0,0,81,lru,0,0,0,0,0,0,8,8,8,0,0,0,0,0,0,0,0,0,0,0,0,0,0,0,0,5927821984253614569
layer,18,0,17,144,decode,34,8,7,1,2531,344,150,248,3,0,3,3129,7,18,0,0,0,0,0,0,81,lru,0,0,0,0,0,0,8,7,8,0,1,0,0,0,3,0,2039808,0,2532,358,2039808,2039808,0,2039808,3,15208041602580341186
layer,18,0,17,144,decode,35,8,7,1,0,397,179,201,3,0,3,633,7,7,0,0,0,0,0,0,81,lru,0,0,0,0,0,0,8,7,8,0,1,0,1,3,0,1900544,0,0,0,433,1900544,1900544,0,0,0,7376885075483766883
layer,18,0,17,144,decode,36,8,6,2,2488,685,167,422,4,0,4,3516,7,21,0,0,0,0,0,0,81,lru,0,0,0,0,0,0,8,6,8,0,2,0,0,3,3,1900544,1900544,0,2488,744,3801088,3801088,0,1900544,3,6280309954372806889
layer,18,0,17,144,decode,37,8,6,2,2304,747,169,501,4,0,4,3352,7,15,0,0,0,0,0,0,81,lru,0,0,0,0,0,0,8,6,8,0,2,0,1,3,3,1900544,1900544,0,2304,758,3801088,3801088,0,1900544,3,6905661901325569263
layer,18,0,17,144,decode,38,8,6,2,0,759,159,521,4,0,4,2826,7,2,0,0,0,0,0,0,81,lru,0,0,0,0,0,0,8,6,8,0,2,0,1,6,0,4079616,0,0,0,2543,4079616,4079616,0,0,0,12686769364672574659
layer,18,0,17,144,decode,39,8,6,2,0,805,686,390,4,0,4,1265,8,2,0,0,0,0,0,0,81,lru,0,0,0,0,0,0,8,6,8,0,2,0,1,6,0,4079616,0,0,0,916,4079616,4079616,0,0,0,12320066654931900962
request,18,0,17,0,decode,-1,0,0,0,0,0,0,0,0,0,0,0,0,0,0,0,0,0,0,0,0,,53168,364,0,0,20,0,0,0,0,0,0,0,0,0,0,0,0,0,0,0,0,0,0,0,0,0
layer,19,0,18,145,decode,0,8,8,0,0,0,172,0,0,0,0,17,8,2,0,0,0,0,0,0,81,lru,0,0,0,0,0,0,8,8,8,0,0,0,1,0,0,0,0,0,0,0,0,0,0,0,0,404131313611377956
layer,19,0,18,145,decode,1,8,7,1,0,395,177,310,3,0,3,640,6,2,0,0,0,0,0,0,81,lru,0,0,0,0,0,0,8,7,8,0,1,0,1,3,0,1900544,0,0,0,430,1900544,1900544,0,0,0,11568821862146508076
layer,19,0,18,145,decode,2,8,5,3,0,1182,147,861,4,0,4,1741,7,6,0,0,0,0,0,0,81,lru,0,0,0,0,0,0,8,5,8,0,3,0,1,9,0,5701632,0,0,0,1332,5701632,5701632,0,0,0,17097164066402061493
layer,19,0,18,145,decode,3,8,8,0,0,0,179,0,0,0,0,18,8,1,0,0,0,0,0,0,81,lru,0,0,0,0,0,0,8,8,8,0,0,0,1,0,0,0,0,0,0,0,0,0,0,0,0,15806944216679223757
layer,19,0,18,145,decode,4,8,8,0,0,0,171,0,0,0,0,15,6,2,0,0,0,0,0,0,81,lru,0,0,0,0,0,0,8,8,8,0,0,0,0,0,0,0,0,0,0,0,0,0,0,0,0,8801883574905393771
layer,19,0,18,145,decode,5,8,6,2,2422,639,176,488,4,0,4,4907,7,2,0,0,0,0,0,0,81,lru,0,0,0,0,0,0,8,6,8,0,2,0,0,3,3,1900544,1900544,0,2423,2185,3801088,3801088,0,1900544,3,2902006960802731305
layer,19,0,18,145,decode,6,8,4,4,2345,1287,161,2346,4,0,4,9788,7,4,0,0,0,0,0,0,81,lru,0,0,0,0,0,0,8,4,8,0,4,0,0,9,3,5701632,1900544,0,2346,6019,7602176,7602176,0,1900544,3,11972423690324431413
layer,19,0,18,145,decode,7,8,8,0,0,0,181,0,0,0,0,21,8,2,0,0,0,0,0,0,81,lru,0,0,0,0,0,0,8,8,8,0,0,0,1,0,0,0,0,0,0,0,0,0,0,0,0,14016428814721635507
layer,19,0,18,145,decode,8,8,8,0,0,0,173,0,0,0,0,18,7,1,0,0,0,0,0,0,81,lru,0,0,0,0,0,0,8,8,8,0,0,0,1,0,0,0,0,0,0,0,0,0,0,0,0,16378632060931110824
layer,19,0,18,145,decode,9,8,8,0,0,0,176,0,0,0,0,17,7,1,0,0,0,0,0,0,81,lru,0,0,0,0,0,0,8,8,8,0,0,0,0,0,0,0,0,0,0,0,0,0,0,0,0,10075544368283370907
layer,19,0,18,145,decode,10,8,8,0,0,0,156,0,0,0,0,16,7,1,0,0,0,0,0,0,81,lru,0,0,0,0,0,0,8,8,8,0,0,0,0,0,0,0,0,0,0,0,0,0,0,0,0,13735686659661906620
layer,19,0,18,145,decode,11,8,8,0,0,0,178,0,0,0,0,16,7,2,0,0,0,0,0,0,81,lru,0,0,0,0,0,0,8,8,8,0,0,0,0,0,0,0,0,0,0,0,0,0,0,0,0,17471528293247064905
layer,19,0,18,145,decode,12,8,8,0,0,0,171,0,0,0,0,15,7,1,0,0,0,0,0,0,81,lru,0,0,0,0,0,0,8,8,8,0,0,0,1,0,0,0,0,0,0,0,0,0,0,0,0,180839547953429324
layer,19,0,18,145,decode,13,8,7,1,2414,321,177,243,3,0,3,2895,7,2,0,0,0,0,0,0,81,lru,0,0,0,0,0,0,8,7,8,0,1,0,0,0,3,0,1900544,0,2415,284,1900544,1900544,0,1900544,3,4353209636722000424
layer,19,0,18,145,decode,14,8,8,0,0,0,157,0,0,0,0,18,7,1,0,0,0,0,0,0,81,lru,0,0,0,0,0,0,8,8,8,0,0,0,0,0,0,0,0,0,0,0,0,0,0,0,0,13193502661530093377
layer,19,0,18,145,decode,15,8,7,1,2379,332,178,177,4,0,4,2879,7,2,0,0,0,0,0,0,81,lru,0,0,0,0,0,0,8,7,8,0,1,0,0,0,3,0,1900544,0,2380,287,1900544,1900544,0,1900544,3,11715415767355232868
layer,19,0,18,145,decode,16,8,8,0,0,0,174,0,0,0,0,17,7,1,0,0,0,0,0,0,81,lru,0,0,0,0,0,0,8,8,8,0,0,0,1,0,0,0,0,0,0,0,0,0,0,0,0,9193181078485668647
layer,19,0,18,145,decode,17,8,8,0,0,0,176,0,0,0,0,22,7,8,0,0,0,0,0,0,81,lru,0,0,0,0,0,0,8,8,8,0,0,0,0,0,0,0,0,0,0,0,0,0,0,0,0,4907332632792811292
layer,19,0,18,145,decode,18,8,7,1,2436,343,142,236,3,0,3,2916,7,17,0,0,0,0,0,0,81,lru,0,0,0,0,0,0,8,7,8,0,1,0,0,0,3,0,1900544,0,2436,278,1900544,1900544,0,1900544,3,6505952118077620347
layer,19,0,18,145,decode,19,8,8,0,0,0,179,0,0,0,0,18,7,2,0,0,0,0,0,0,81,lru,0,0,0,0,0,0,8,8,8,0,0,0,1,0,0,0,0,0,0,0,0,0,0,0,0,3048542985957444537
layer,19,0,18,145,decode,20,8,6,2,2431,643,174,394,4,0,4,4932,6,2,0,0,0,0,0,0,81,lru,0,0,0,0,0,0,8,6,8,0,2,0,1,3,3,1900544,1900544,0,2431,2157,3801088,3801088,0,1900544,3,15684045172931014632
layer,19,0,18,145,decode,21,8,7,1,0,404,176,235,3,0,3,646,7,2,0,0,0,0,0,0,81,lru,0,0,0,0,0,0,8,7,8,0,1,0,1,3,0,1900544,0,0,0,440,1900544,1900544,0,0,0,9151484075720354867
layer,19,0,18,145,decode,22,8,5,3,4812,945,144,645,4,0,4,7672,7,5,0,0,0,0,0,0,81,lru,0,0,0,0,0,0,8,5,8,0,3,0,1,3,6,1900544,3801088,0,4814,2476,5701632,5701632,0,3801088,6,12858395588743312540
layer,19,0,18,145,decode,23,8,7,1,2413,313,180,216,3,0,3,2881,7,2,0,0,0,0,0,0,81,lru,0,0,0,0,0,0,8,7,8,0,1,0,1,0,3,0,1900544,0,2414,257,1900544,1900544,0,1900544,3,13724063585025870779
layer,19,0,18,145,decode,24,8,6,2,2383,632,171,385,4,0,4,4930,7,2,0,0,0,0,0,0,81,lru,0,0,0,0,0,0,8,6,8,0,2,0,1,3,3,1900544,1900544,0,2384,2246,3801088,3801088,0,1900544,3,3202677953642117241
layer,19,0,18,145,decode,25,8,8,0,0,0,176,0,0,0,0,17,7,2,0,0,0,0,0,0,81,lru,0,0,0,0,0,0,8,8,8,0,0,0,1,0,0,0,0,0,0,0,0,0,0,0,0,4838705628456409287
layer,19,0,18,145,decode,26,8,8,0,0,0,156,0,0,0,0,16,6,2,0,0,0,0,0,0,81,lru,0,0,0,0,0,0,8,8,8,0,0,0,0,0,0,0,0,0,0,0,0,0,0,0,0,7213488503656751496
layer,19,0,18,145,decode,27,8,8,0,0,0,179,0,0,0,0,19,10,1,0,0,0,0,0,0,81,lru,0,0,0,0,0,0,8,8,8,0,0,0,0,0,0,0,0,0,0,0,0,0,0,0,0,8501909261634250395
layer,19,0,18,145,decode,28,8,8,0,0,0,171,0,0,0,0,14,6,1,0,0,0,0,0,0,81,lru,0,0,0,0,0,0,8,8,8,0,0,0,0,0,0,0,0,0,0,0,0,0,0,0,0,5519571028205245910
layer,19,0,18,145,decode,29,8,6,2,2356,732,176,355,4,0,4,3413,6,2,0,0,0,0,0,0,81,lru,0,0,0,0,0,0,8,6,8,0,2,0,0,3,3,1900544,1900544,0,2356,738,3801088,3801088,0,1900544,3,3982911857599044948
layer,19,0,18,145,decode,30,8,8,0,0,0,157,0,0,0,0,18,7,2,0,0,0,0,0,0,81,lru,0,0,0,0,0,0,8,8,8,0,0,0,1,0,0,0,0,0,0,0,0,0,0,0,0,8379951941416784896
layer,19,0,18,145,decode,31,8,6,2,2436,706,172,531,4,0,4,3492,7,10,0,0,0,0,0,0,81,lru,0,0,0,0,0,0,8,6,8,0,2,0,0,3,3,1900544,1900544,0,2437,744,3801088,3801088,0,1900544,3,3393825692475601534
layer,19,0,18,145,decode,32,8,6,2,2348,619,175,505,4,0,4,4875,7,2,0,0,0,0,0,0,81,lru,0,0,0,0,0,0,8,6,8,0,2,0,1,3,3,1900544,1900544,0,2348,2201,3801088,3801088,0,1900544,3,774472535940417632
layer,19,0,18,145,decode,33,8,7,1,0,325,177,58,2,0,2,2090,7,3,0,0,0,0,0,0,81,lru,0,0,0,0,0,0,8,7,8,0,1,0,1,3,0,1900544,0,0,0,1886,1900544,1900544,0,0,0,10789176487457106439
layer,19,0,18,145,decode,34,8,7,1,0,315,157,231,2,0,2,2217,7,2,0,0,0,0,0,0,81,lru,0,0,0,0,0,0,8,7,8,0,1,0,0,3,0,2039808,0,0,0,2026,2039808,2039808,0,0,0,12606482388897353208
layer,19,0,18,145,decode,35,8,7,1,2395,340,160,164,3,0,3,2863,8,10,0,0,0,0,0,0,81,lru,0,0,0,0,0,0,8,7,8,0,1,0,1,0,3,0,1900544,0,2396,277,1900544,1900544,0,1900544,3,1527144146552788450
layer,19,0,18,145,decode,36,8,8,0,0,0,175,0,0,0,0,17,7,1,0,0,0,0,0,0,81,lru,0,0,0,0,0,0,8,8,8,0,0,0,1,0,0,0,0,0,0,0,0,0,0,0,0,13063744475615868994
layer,19,0,18,145,decode,37,8,7,1,2185,338,158,164,3,0,3,2684,7,6,0,0,0,0,0,0,81,lru,0,0,0,0,0,0,8,7,8,0,1,0,0,0,3,0,1900544,0,2186,307,1900544,1900544,0,1900544,3,9858922749620528199
layer,19,0,18,145,decode,38,8,7,1,2532,348,151,183,3,0,3,3078,8,13,0,0,0,0,0,0,81,lru,0,0,0,0,0,0,8,7,8,0,1,0,0,0,3,0,2039808,0,2534,325,2039808,2039808,0,2039808,3,14423997159259563709
layer,19,0,18,145,decode,39,8,6,2,2758,750,686,354,4,0,4,3887,8,2,0,0,0,0,0,0,81,lru,0,0,0,0,0,0,8,6,8,0,2,0,1,3,3,2039808,2039808,0,2759,819,4079616,4079616,0,2039808,3,14743899539721409204
request,19,0,18,0,decode,-1,0,0,0,0,0,0,0,0,0,0,0,0,0,0,0,0,0,0,0,0,,83601,353,0,0,16,0,0,0,0,0,0,0,0,0,0,0,0,0,0,0,0,0,0,0,0,0
layer,20,0,19,146,decode,0,8,6,2,2435,746,153,482,3,0,3,3400,8,8,0,0,0,0,0,0,81,lru,0,0,0,0,0,0,8,6,8,0,2,0,1,3,3,1900544,1900544,0,2436,723,3801088,3801088,0,1900544,3,17868593723140259226
layer,20,0,19,146,decode,1,8,5,3,0,1165,176,629,3,0,3,1736,7,2,0,0,0,0,0,0,81,lru,0,0,0,0,0,0,8,5,8,0,3,0,1,9,0,5701632,0,0,0,1326,5701632,5701632,0,0,0,539807019157603266
layer,20,0,19,146,decode,2,8,6,2,0,783,155,444,4,0,4,1181,7,2,0,0,0,0,0,0,81,lru,0,0,0,0,0,0,8,6,8,0,2,0,1,6,0,3801088,0,0,0,870,3801088,3801088,0,0,0,2255363034148423347
layer,20,0,19,146,decode,3,8,7,1,0,403,180,364,3,0,3,636,7,2,0,0,0,0,0,0,81,lru,0,0,0,0,0,0,8,7,8,0,1,0,1,3,0,1900544,0,0,0,426,1900544,1900544,0,0,0,14879945159405365891
layer,20,0,19,146,decode,4,8,7,1,0,324,173,181,3,0,3,2125,7,6,0,0,0,0,0,0,81,lru,0,0,0,0,0,0,8,7,8,0,1,0,0,3,0,1900544,0,0,0,1916,1900544,1900544,0,0,0,2320516454296663246
layer,20,0,19,146,decode,5,8,7,1,2350,327,166,220,3,0,3,2831,7,10,0,0,0,0,0,0,81,lru,0,0,0,0,0,0,8,7,8,0,1,0,0,0,3,0,1900544,0,2351,277,1900544,1900544,0,1900544,3,13455044944964207822
layer,20,0,19,146,decode,6,8,7,1,0,333,157,256,3,0,3,2086,7,2,0,0,0,0,0,0,81,lru,0,0,0,0,0,0,8,7,8,0,1,0,0,3,0,1900544,0,0,0,1875,1900544,1900544,0,0,0,10660424346879814578
layer,20,0,19,146,decode,7,8,8,0,0,0,180,0,0,0,0,17,7,2,0,0,0,0,0,0,81,lru,0,0,0,0,0,0,8,8,8,0,0,0,0,0,0,0,0,0,0,0,0,0,0,0,0,13311827198562702592
layer,20,0,19,146,decode,8,8,8,0,0,0,172,0,0,0,0,15,6,1,0,0,0,0,0,0,81,lru,0,0,0,0,0,0,8,8,8,0,0,0,0,0,0,0,0,0,0,0,0,0,0,0,0,3147796800564972055
layer,20,0,19,146,decode,9,8,7,1,0,324,168,177,2,0,2,2085,6,14,0,0,0,0,0,0,81,lru,0,0,0,0,0,0,8,7,8,0,1,0,0,3,0,1900544,0,0,0,1884,1900544,1900544,0,0,0,3127940804623922864
layer,20,0,19,146,decode,10,8,8,0,0,0,157,0,0,0,0,18,7,2,0,0,0,0,0,0,81,lru,0,0,0,0,0,0,8,8,8,0,0,0,0,0,0,0,0,0,0,0,0,0,0,0,0,12273733802833375981
layer,20,0,19,146,decode,11,8,7,1,0,321,178,263,3,0,3,2161,7,2,0,0,0,0,0,0,81,lru,0,0,0,0,0,0,8,7,8,0,1,0,1,3,0,1900544,0,0,0,1952,1900544,1900544,0,0,0,14718018163118711859
layer,20,0,19,146,decode,12,8,8,0,0,0,171,0,0,0,0,16,7,1,0,0,0,0,0,0,81,lru,0,0,0,0,0,0,8,8,8,0,0,0,0,0,0,0,0,0,0,0,0,0,0,0,0,7482190899355517457
layer,20,0,19,146,decode,13,8,8,0,0,0,177,0,0,0,0,15,7,1,0,0,0,0,0,0,81,lru,0,0,0,0,0,0,8,8,8,0,0,0,0,0,0,0,0,0,0,0,0,0,0,0,0,11623909289418688378
layer,20,0,19,146,decode,14,8,8,0,0,0,157,0,0,0,0,15,7,1,0,0,0,0,0,0,81,lru,0,0,0,0,0,0,8,8,8,0,0,0,0,0,0,0,0,0,0,0,0,0,0,0,0,1895044097451286540
layer,20,0,19,146,decode,15,8,7,1,0,329,172,240,4,0,4,2111,7,12,0,0,0,0,0,0,81,lru,0,0,0,0,0,0,8,7,8,0,1,0,0,3,0,1900544,0,0,0,1906,1900544,1900544,0,0,0,8821086446430740341
layer,20,0,19,146,decode,16,8,8,0,0,0,172,0,0,0,0,17,7,1,0,0,0,0,0,0,81,lru,0,0,0,0,0,0,8,8,8,0,0,0,0,0,0,0,0,0,0,0,0,0,0,0,0,17427366941841106091
layer,20,0,19,146,decode,17,8,7,1,0,324,169,240,3,0,3,2150,7,13,0,0,0,0,0,0,81,lru,0,0,0,0,0,0,8,7,8,0,1,0,0,3,0,1900544,0,0,0,1942,1900544,1900544,0,0,0,9697863790366553219
layer,20,0,19,146,decode,18,8,7,1,0,324,157,269,3,0,3,2127,7,2,0,0,0,0,0,0,81,lru,0,0,0,0,0,0,8,7,8,0,1,0,1,3,0,1900544,0,0,0,1926,1900544,1900544,0,0,0,15486136310849656195
layer,20,0,19,146,decode,19,8,7,1,2357,340,164,163,3,0,3,2850,7,11,0,0,0,0,0,0,81,lru,0,0,0,0,0,0,8,7,8,0,1,0,0,0,3,0,1900544,0,2357,278,1900544,1900544,0,1900544,3,13804433584441163848
layer,20,0,19,146,decode,20,8,8,0,0,0,173,0,0,0,0,17,7,1,0,0,0,0,0,0,81,lru,0,0,0,0,0,0,8,8,8,0,0,0,0,0,0,0,0,0,0,0,0,0,0,0,0,7465136254571188358
layer,20,0,19,146,decode,21,8,8,0,0,0,176,0,0,0,0,15,6,2,0,0,0,0,0,0,81,lru,0,0,0,0,0,0,8,8,8,0,0,0,0,0,0,0,0,0,0,0,0,0,0,0,0,8931171052107969355
layer,20,0,19,146,decode,22,8,7,1,0,321,156,197,3,0,3,2184,7,2,0,0,0,0,0,0,81,lru,0,0,0,0,0,0,8,7,8,0,1,0,0,3,0,1900544,0,0,0,1970,1900544,1900544,0,0,0,9043844350501191769
layer,20,0,19,146,decode,23,8,7,1,0,404,180,361,3,0,3,636,7,2,0,0,0,0,0,0,81,lru,0,0,0,0,0,0,8,7,8,0,1,0,1,3,0,1900544,0,0,0,427,1900544,1900544,0,0,0,6306749381206260372
layer,20,0,19,146,decode,24,8,8,0,0,0,172,0,0,0,0,16,7,1,0,0,0,0,0,0,81,lru,0,0,0,0,0,0,8,8,8,0,0,0,0,0,0,0,0,0,0,0,0,0,0,0,0,13747554342364886897
layer,20,0,19,146,decode,25,8,8,0,0,0,177,0,0,0,0,15,6,2,0,0,0,0,0,0,81,lru,0,0,0,0,0,0,8,8,8,0,0,0,0,0,0,0,0,0,0,0,0,0,0,0,0,12842889434290276716
layer,20,0,19,146,decode,26,8,6,2,2163,649,154,2166,4,0,4,4705,6,13,0,0,0,0,0,0,81,lru,0,0,0,0,0,0,8,6,8,0,2,0,0,3,3,1900544,1900544,0,2163,2257,3801088,3801088,0,1900544,3,12486057997760470585
layer,20,0,19,146,decode,27,8,7,1,0,373,172,299,4,0,4,686,8,10,0,0,0,0,0,0,81,lru,0,0,0,0,0,0,8,7,8,0,1,0,1,3,0,1900544,0,0,0,418,1900544,1900544,0,0,0,10541240900536148909
layer,20,0,19,146,decode,28,8,7,1,0,396,163,296,3,0,3,630,7,12,0,0,0,0,0,0,81,lru,0,0,0,0,0,0,8,7,8,0,1,0,0,3,0,1900544,0,0,0,425,1900544,1900544,0,0,0,5289705796547284774
layer,20,0,19,146,decode,29,8,6,2,2368,633,166,478,4,0,4,4882,7,6,0,0,0,0,0,0,81,lru,0,0,0,0,0,0,8,6,8,0,2,0,0,3,3,1900544,1900544,0,2368,2165,3801088,3801088,0,1900544,3,18101897525330929684
layer,20,0,19,146,decode,30,8,7,1,2144,335,148,231,3,0,3,2609,7,6,0,0,0,0,0,0,81,lru,0,0,0,0,0,0,8,7,8,0,1,0,1,0,3,0,1900544,0,2146,253,1900544,1900544,0,1900544,3,9548493039294342172
layer,20,0,19,146,decode,31,8,8,0,0,0,179,0,0,0,0,17,7,2,0,0,0,0,0,0,81,lru,0,0,0,0,0,0,8,8,8,0,0,0,0,0,0,0,0,0,0,0,0,0,0,0,0,10686646958761649756
layer,20,0,19,146,decode,32,8,8,0,0,0,174,0,0,0,0,15,6,1,0,0,0,0,0,0,81,lru,0,0,0,0,0,0,8,8,8,0,0,0,0,0,0,0,0,0,0,0,0,0,0,0,0,6092560805797929514
layer,20,0,19,146,decode,33,8,8,0,0,0,175,0,0,0,0,15,6,2,0,0,0,0,0,0,81,lru,0,0,0,0,0,0,8,8,8,0,0,0,0,0,0,0,0,0,0,0,0,0,0,0,0,5392857548348687251
layer,20,0,19,146,decode,34,8,8,0,0,0,157,0,0,0,0,14,6,1,0,0,0,0,0,0,81,lru,0,0,0,0,0,0,8,8,8,0,0,0,0,0,0,0,0,0,0,0,0,0,0,0,0,8373699283131774077
layer,20,0,19,146,decode,35,8,6,2,2393,731,158,364,4,0,4,3383,7,11,0,0,0,0,0,0,81,lru,0,0,0,0,0,0,8,6,8,0,2,0,0,3,3,1900544,1900544,0,2393,724,3801088,3801088,0,1900544,3,935451454013100965
layer,20,0,19,146,decode,36,8,8,0,0,0,173,0,0,0,0,17,7,1,0,0,0,0,0,0,81,lru,0,0,0,0,0,0,8,8,8,0,0,0,1,0,0,0,0,0,0,0,0,0,0,0,0,1270552060976734237
layer,20,0,19,146,decode,37,8,8,0,0,0,178,0,0,0,0,15,7,1,0,0,0,0,0,0,81,lru,0,0,0,0,0,0,8,8,8,0,0,0,0,0,0,0,0,0,0,0,0,0,0,0,0,12189923023188664982
layer,20,0,19,146,decode,38,8,7,1,2498,361,142,254,3,0,3,3016,7,8,0,0,0,0,0,0,81,lru,0,0,0,0,0,0,8,7,8,0,1,0,0,0,3,0,2039808,0,2498,312,2039808,2039808,0,2039808,3,4558176447709002430
layer,20,0,19,146,decode,39,8,7,1,2582,352,687,167,3,0,3,3113,7,2,0,0,0,0,0,0,81,lru,0,0,0,0,0,0,8,7,8,0,1,0,0,0,3,0,2039808,0,2584,304,2039808,2039808,0,2039808,3,7920899401723690488
request,20,0,19,0,decode,-1,0,0,0,0,0,0,0,0,0,0,0,0,0,0,0,0,0,0,0,0,,61461,340,0,0,18,0,0,0,0,0,0,0,0,0,0,0,0,0,0,0,0,0,0,0,0,0
layer,21,0,20,147,decode,0,8,7,1,0,391,173,374,3,0,3,666,8,2,0,0,0,0,0,0,81,lru,0,0,0,0,0,0,8,7,8,0,1,0,1,3,0,1900544,0,0,0,446,1900544,1900544,0,0,0,4331985101846566076
layer,21,0,20,147,decode,1,8,7,1,0,388,169,173,3,0,3,663,7,19,0,0,0,0,0,0,81,lru,0,0,0,0,0,0,8,7,8,0,1,0,1,3,0,1900544,0,0,0,418,1900544,1900544,0,0,0,4416015067081575313
layer,21,0,20,147,decode,2,8,3,5,0,1810,152,1156,4,0,4,5708,7,2,0,0,0,0,0,0,81,lru,0,0,0,0,0,0,8,3,8,0,5,0,1,15,0,9502720,0,0,0,5166,9502720,9502720,0,0,0,2862270682595891191
layer,21,0,20,147,decode,3,8,7,1,0,327,165,217,3,0,3,2091,8,12,0,0,0,0,0,0,81,lru,0,0,0,0,0,0,8,7,8,0,1,0,1,3,0,1900544,0,0,0,1884,1900544,1900544,0,0,0,7363303791391394164
layer,21,0,20,147,decode,4,8,7,1,0,294,172,142,3,0,3,2101,7,2,0,0,0,0,0,0,81,lru,0,0,0,0,0,0,8,7,8,0,1,0,1,3,0,1900544,0,0,0,1864,1900544,1900544,0,0,0,1773171954800679535
layer,21,0,20,147,decode,5,8,8,0,0,0,177,0,0,0,0,17,8,2,0,0,0,0,0,0,81,lru,0,0,0,0,0,0,8,8,8,0,0,0,0,0,0,0,0,0,0,0,0,0,0,0,0,4695115153810065226
layer,21,0,20,147,decode,6,8,8,0,0,0,155,0,0,0,0,15,7,1,0,0,0,0,0,0,81,lru,0,0,0,0,0,0,8,8,8,0,0,0,0,0,0,0,0,0,0,0,0,0,0,0,0,12625571800659359290
layer,21,0,20,147,decode,7,8,7,1,0,323,181,254,3,0,3,2073,7,4,0,0,0,0,0,0,81,lru,0,0,0,0,0,0,8,7,8,0,1,0,1,3,0,1900544,0,0,0,1870,1900544,1900544,0,0,0,13853668321977026070
layer,21,0,20,147,decode,8,8,6,2,4814,657,153,363,4,0,4,5677,7,13,0,0,0,0,0,0,81,lru,0,0,0,0,0,0,8,6,8,0,2,0,0,0,6,0,3801088,0,4816,542,3801088,3801088,0,3801088,6,13003310199449198054
layer,21,0,20,147,decode,9,8,7,1,2382,333,169,186,2,0,2,2884,7,10,0,0,0,0,0,0,81,lru,0,0,0,0,0,0,8,7,8,0,1,0,1,0,3,0,1900544,0,2383,288,1900544,1900544,0,1900544,3,17725237646576974718
layer,21,0,20,147,decode,10,8,7,1,2386,333,156,267,3,0,3,2922,7,2,0,0,0,0,0,0,81,lru,0,0,0,0,0,0,8,7,8,0,1,0,0,0,3,0,1900544,0,2388,262,1900544,1900544,0,1900544,3,1240919925943171201
layer,21,0,20,147,decode,11,8,7,1,0,323,169,266,3,0,3,2130,7,9,0,0,0,0,0,0,81,lru,0,0,0,0,0,0,8,7,8,0,1,0,0,3,0,1900544,0,0,0,1931,1900544,1900544,0,0,0,3187604367365740300
layer,21,0,20,147,decode,12,8,8,0,0,0,172,0,0,0,0,18,7,2,0,0,0,0,0,0,81,lru,0,0,0,0,0,0,8,8,8,0,0,0,0,0,0,0,0,0,0,0,0,0,0,0,0,8407152653329171425
layer,21,0,20,147,decode,13,8,7,1,2358,315,176,153,3,0,3,2842,7,2,0,0,0,0,0,0,81,lru,0,0,0,0,0,0,8,7,8,0,1,0,0,0,3,0,1900544,0,2359,285,1900544,1900544,0,1900544,3,15589846825491990553
layer,21,0,20,147,decode,14,8,8,0,0,0,156,0,0,0,0,16,7,1,0,0,0,0,0,0,81,lru,0,0,0,0,0,0,8,8,8,0,0,0,0,0,0,0,0,0,0,0,0,0,0,0,0,14227127167252441508
layer,21,0,20,147,decode,15,8,7,1,0,323,172,105,3,0,3,2131,6,8,0,0,0,0,0,0,81,lru,0,0,0,0,0,0,8,7,8,0,1,0,0,3,0,1900544,0,0,0,1927,1900544,1900544,0,0,0,4363613906712493441
layer,21,0,20,147,decode,16,8,6,2,0,636,172,507,4,0,4,4019,7,2,0,0,0,0,0,0,81,lru,0,0,0,0,0,0,8,6,8,0,2,0,1,6,0,3801088,0,0,0,3734,3801088,3801088,0,0,0,7315387619066455762
layer,21,0,20,147,decode,17,8,7,1,2379,333,178,280,3,0,3,2876,7,2,0,0,0,0,0,0,81,lru,0,0,0,0,0,0,8,7,8,0,1,0,0,0,3,0,1900544,0,2379,260,1900544,1900544,0,1900544,3,5573080416194293772
layer,21,0,20,147,decode,18,8,8,0,0,0,156,0,0,0,0,17,7,1,0,0,0,0,0,0,81,lru,0,0,0,0,0,0,8,8,8,0,0,0,0,0,0,0,0,0,0,0,0,0,0,0,0,2327933259912204631
layer,21,0,20,147,decode,19,8,8,0,0,0,179,0,0,0,0,16,7,1,0,0,0,0,0,0,81,lru,0,0,0,0,0,0,8,8,8,0,0,0,0,0,0,0,0,0,0,0,0,0,0,0,0,10290399652505764010
layer,21,0,20,147,decode,20,8,8,0,0,0,174,0,0,0,0,15,6,2,0,0,0,0,0,0,81,lru,0,0,0,0,0,0,8,8,8,0,0,0,0,0,0,0,0,0,0,0,0,0,0,0,0,17196993182001899782
layer,21,0,20,147,decode,21,8,7,1,2390,338,168,310,3,0,3,2893,6,8,0,0,0,0,0,0,81,lru,0,0,0,0,0,0,8,7,8,0,1,0,0,0,3,0,1900544,0,2390,279,1900544,1900544,0,1900544,3,2767438299766898495
layer,21,0,20,147,decode,22,8,8,0,0,0,156,0,0,0,0,17,7,1,0,0,0,0,0,0,81,lru,0,0,0,0,0,0,8,8,8,0,0,0,0,0,0,0,0,0,0,0,0,0,0,0,0,17917251148117891871
layer,21,0,20,147,decode,23,8,7,1,2442,331,159,237,3,0,3,2947,7,13,0,0,0,0,0,0,81,lru,0,0,0,0,0,0,8,7,8,0,1,0,0,0,3,0,1900544,0,2442,298,1900544,1900544,0,1900544,3,9762254487190482761
layer,21,0,20,147,decode,24,8,6,2,2526,637,173,451,4,0,4,5029,7,2,0,0,0,0,0,0,81,lru,0,0,0,0,0,0,8,6,8,0,2,0,0,3,3,1900544,1900544,0,2526,2201,3801088,3801088,0,1900544,3,16419808482011103680
layer,21,0,20,147,decode,25,8,8,0,0,0,177,0,0,0,0,18,7,2,0,0,0,0,0,0,81,lru,0,0,0,0,0,0,8,8,8,0,0,0,1,0,0,0,0,0,0,0,0,0,0,0,0,1182611186532521228
layer,21,0,20,147,decode,26,8,7,1,2326,328,148,196,3,0,3,2797,7,14,0,0,0,0,0,0,81,lru,0,0,0,0,0,0,8,7,8,0,1,0,1,0,3,0,1900544,0,2327,270,1900544,1900544,0,1900544,3,6089413679280088326
layer,21,0,20,147,decode,27,8,8,0,0,0,179,0,0,0,0,18,8,2,0,0,0,0,0,0,81,lru,0,0,0,0,0,0,8,8,8,0,0,0,0,0,0,0,0,0,0,0,0,0,0,0,0,14645116327641585079
layer,21,0,20,147,decode,28,8,8,0,0,0,173,0,0,0,0,15,7,1,0,0,0,0,0,0,81,lru,0,0,0,0,0,0,8,8,8,0,0,0,0,0,0,0,0,0,0,0,0,0,0,0,0,15126915840249438651
layer,21,0,20,147,decode,29,8,8,0,0,0,175,0,0,0,0,16,7,1,0,0,0,0,0,0,81,lru,0,0,0,0,0,0,8,8,8,0,0,0,0,0,0,0,0,0,0,0,0,0,0,0,0,4470845708760114020
layer,21,0,20,147,decode,30,8,8,0,0,0,156,0,0,0,0,16,7,1,0,0,0,0,0,0,81,lru,0,0,0,0,0,0,8,8,8,0,0,0,1,0,0,0,0,0,0,0,0,0,0,0,0,13040716118613888109
layer,21,0,20,147,decode,31,8,7,1,2404,334,179,263,2,0,2,2895,7,6,0,0,0,0,0,0,81,lru,0,0,0,0,0,0,8,7,8,0,1,0,1,0,3,0,1900544,0,2405,279,1900544,1900544,0,1900544,3,7747087351497386343
layer,21,0,20,147,decode,32,8,8,0,0,0,171,0,0,0,0,17,7,1,0,0,0,0,0,0,81,lru,0,0,0,0,0,0,8,8,8,0,0,0,0,0,0,0,0,0,0,0,0,0,0,0,0,1060052798687865929
layer,21,0,20,147,decode,33,8,8,0,0,0,177,0,0,0,0,15,7,1,0,0,0,0,0,0,81,lru,0,0,0,0,0,0,8,8,8,0,0,0,1,0,0,0,0,0,0,0,0,0,0,0,0,3229433867122284291
layer,21,0,20,147,decode,34,8,7,1,2597,346,147,254,3,0,3,3151,7,11,0,0,0,0,0,0,81,lru,0,0,0,0,0,0,8,7,8,0,1,0,0,0,3,0,2039808,0,2599,339,2039808,2039808,0,2039808,3,7627199817496750427
layer,21,0,20,147,decode,35,8,6,2,2457,687,178,446,4,0,4,3499,8,2,0,0,0,0,0,0,81,lru,0,0,0,0,0,0,8,6,8,0,2,0,1,3,3,1900544,1900544,0,2458,745,3801088,3801088,0,1900544,3,7354213998497682320
layer,21,0,20,147,decode,36,8,8,0,0,0,175,0,0,0,0,16,7,1,0,0,0,0,0,0,81,lru,0,0,0,0,0,0,8,8,8,0,0,0,1,0,0,0,0,0,0,0,0,0,0,0,0,5509704316446093721
layer,21,0,20,147,decode,37,8,8,0,0,0,178,0,0,0,0,15,6,1,0,0,0,0,0,0,81,lru,0,0,0,0,0,0,8,8,8,0,0,0,0,0,0,0,0,0,0,0,0,0,0,0,0,382854874593570401
layer,21,0,20,147,decode,38,8,6,2,5231,682,151,467,4,0,4,6181,7,13,0,0,0,0,0,0,81,lru,0,0,0,0,0,0,8,6,8,0,2,0,0,0,6,0,4079616,0,5233,636,4079616,4079616,0,4079616,6,13436041624121824104
layer,21,0,20,147,decode,39,8,7,1,2615,352,677,232,2,0,2,3105,8,12,0,0,0,0,0,0,81,lru,0,0,0,0,0,0,8,7,8,0,1,0,0,0,3,0,2039808,0,2616,289,2039808,2039808,0,2039808,3,880721782076045185
request,21,0,20,0,decode,-1,0,0,0,0,0,0,0,0,0,0,0,0,0,0,0,0,0,0,0,0,,79407,354,0,0,19,0,0,0,0,0,0,0,0,0,0,0,0,0,0,0,0,0,0,0,0,0
layer,22,0,21,148,decode,0,8,6,2,0,798,163,426,3,0,3,1182,9,10,0,0,0,0,0,0,81,lru,0,0,0,0,0,0,8,6,8,0,2,0,1,6,0,3801088,0,0,0,900,3801088,3801088,0,0,0,10104216623715375174
layer,22,0,21,148,decode,1,8,5,3,2410,1103,177,812,3,0,3,4020,8,6,0,0,0,0,0,0,81,lru,0,0,0,0,0,0,8,5,8,0,3,0,1,6,3,3801088,1900544,0,2412,1194,5701632,5701632,0,1900544,3,5885884239709642015
layer,22,0,21,148,decode,2,8,4,4,0,1390,160,2344,3,0,3,5167,8,6,0,0,0,0,0,0,81,lru,0,0,0,0,0,0,8,4,8,0,4,0,1,12,0,7602176,0,0,0,4792,7602176,7602176,0,0,0,15068687461316689333
layer,22,0,21,148,decode,3,8,6,2,0,627,179,395,5,0,5,4062,9,2,0,0,0,0,0,0,81,lru,0,0,0,0,0,0,8,6,8,0,2,0,1,6,0,3801088,0,0,0,3753,3801088,3801088,0,0,0,14013864327568325618
layer,22,0,21,148,decode,4,8,7,1,2364,337,160,17,3,0,3,2861,8,7,0,0,0,0,0,0,81,lru,0,0,0,0,0,0,8,7,8,0,1,0,1,0,3,0,1900544,0,2366,279,1900544,1900544,0,1900544,3,5514129056242739028
layer,22,0,21,148,decode,5,8,6,2,0,623,176,392,4,0,4,4125,7,2,0,0,0,0,0,0,81,lru,0,0,0,0,0,0,8,6,8,0,2,0,1,6,0,3801088,0,0,0,3783,3801088,3801088,0,0,0,17482897878052325742
layer,22,0,21,148,decode,6,8,6,2,2381,637,149,260,4,0,4,4843,7,7,0,0,0,0,0,0,81,lru,0,0,0,0,0,0,8,6,8,0,2,0,1,3,3,1900544,1900544,0,2381,2151,3801088,3801088,0,1900544,3,2423751824060574943
layer,22,0,21,148,decode,7,8,7,1,2385,329,181,267,3,0,3,2895,7,2,0,0,0,0,0,0,81,lru,0,0,0,0,0,0,8,7,8,0,1,0,1,0,3,0,1900544,0,2385,284,1900544,1900544,0,1900544,3,5655200240828263814
layer,22,0,21,148,decode,8,8,7,1,2347,349,175,275,3,0,3,2875,7,2,0,0,0,0,0,0,81,lru,0,0,0,0,0,0,8,7,8,0,1,0,1,0,3,0,1900544,0,2350,292,1900544,1900544,0,1900544,3,8577776281820236764
layer,22,0,21,148,decode,9,8,7,1,2333,342,155,260,3,0,3,2833,7,6,0,0,0,0,0,0,81,lru,0,0,0,0,0,0,8,7,8,0,1,0,1,0,3,0,1900544,0,2333,294,1900544,1900544,0,1900544,3,13874945125796939185
layer,22,0,21,148,decode,10,8,8,0,0,0,157,0,0,0,0,18,7,2,0,0,0,0,0,0,81,lru,0,0,0,0,0,0,8,8,8,0,0,0,1,0,0,0,0,0,0,0,0,0,0,0,0,6228254769092659153
layer,22,0,21,148,decode,11,8,6,2,4758,644,180,370,4,0,4,5634,7,11,0,0,0,0,0,0,81,lru,0,0,0,0,0,0,8,6,8,0,2,0,0,0,6,0,3801088,0,4759,567,3801088,3801088,0,3801088,6,7759898108433560363
layer,22,0,21,148,decode,12,8,8,0,0,0,172,0,0,0,0,18,8,2,0,0,0,0,0,0,81,lru,0,0,0,0,0,0,8,8,8,0,0,0,1,0,0,0,0,0,0,0,0,0,0,0,0,1395127607358073224
layer,22,0,21,148,decode,13,8,8,0,0,0,176,0,0,0,0,17,7,1,0,0,0,0,0,0,81,lru,0,0,0,0,0,0,8,8,8,0,0,0,0,0,0,0,0,0,0,0,0,0,0,0,0,5381633232248539987
layer,22,0,21,148,decode,14,8,8,0,0,0,158,0,0,0,0,16,7,2,0,0,0,0,0,0,81,lru,0,0,0,0,0,0,8,8,8,0,0,0,0,0,0,0,0,0,0,0,0,0,0,0,0,309414757722834184
layer,22,0,21,148,decode,15,8,5,3,4722,946,169,560,4,0,4,7566,7,8,0,0,0,0,0,0,81,lru,0,0,0,0,0,0,8,5,8,0,3,0,0,3,6,1900544,3801088,0,4724,2445,5701632,5701632,0,3801088,6,5704605708698168169
layer,22,0,21,148,decode,16,8,8,0,0,0,172,0,0,0,0,18,8,1,0,0,0,0,0,0,81,lru,0,0,0,0,0,0,8,8,8,0,0,0,1,0,0,0,0,0,0,0,0,0,0,0,0,16492636301049525284
layer,22,0,21,148,decode,17,8,7,1,0,313,169,263,3,0,3,2152,7,8,0,0,0,0,0,0,81,lru,0,0,0,0,0,0,8,7,8,0,1,0,1,3,0,1900544,0,0,0,1946,1900544,1900544,0,0,0,15485558565250184139
layer,22,0,21,148,decode,18,8,7,1,2449,327,157,145,3,0,3,2946,8,4,0,0,0,0,0,0,81,lru,0,0,0,0,0,0,8,7,8,0,1,0,1,0,3,0,1900544,0,2449,284,1900544,1900544,0,1900544,3,7014307681363623518
layer,22,0,21,148,decode,19,8,6,2,4744,668,172,420,4,0,4,5607,8,10,0,0,0,0,0,0,81,lru,0,0,0,0,0,0,8,6,8,0,2,0,1,0,6,0,3801088,0,4745,537,3801088,3801088,0,3801088,6,3808759873964791244
layer,22,0,21,148,decode,20,8,7,1,2356,330,164,268,3,0,3,2835,8,6,0,0,0,0,0,0,81,lru,0,0,0,0,0,0,8,7,8,0,1,0,1,0,3,0,1900544,0,2356,273,1900544,1900544,0,1900544,3,4170570914337373613
layer,22,0,21,148,decode,21,8,8,0,0,0,176,0,0,0,0,17,7,2,0,0,0,0,0,0,81,lru,0,0,0,0,0,0,8,8,8,0,0,0,0,0,0,0,0,0,0,0,0,0,0,0,0,14594799011688367265
layer,22,0,21,148,decode,22,8,8,0,0,0,156,0,0,0,0,15,6,1,0,0,0,0,0,0,81,lru,0,0,0,0,0,0,8,8,8,0,0,0,0,0,0,0,0,0,0,0,0,0,0,0,0,9710702317606844590
layer,22,0,21,148,decode,23,8,7,1,0,394,181,231,3,0,3,665,7,2,0,0,0,0,0,0,81,lru,0,0,0,0,0,0,8,7,8,0,1,0,1,3,0,1900544,0,0,0,449,1900544,1900544,0,0,0,10447345053610196061
layer,22,0,21,148,decode,24,8,8,0,0,0,172,0,0,0,0,18,7,2,0,0,0,0,0,0,81,lru,0,0,0,0,0,0,8,8,8,0,0,0,1,0,0,0,0,0,0,0,0,0,0,0,0,8292496311486805420
layer,22,0,21,148,decode,25,8,8,0,0,0,176,0,0,0,0,15,6,2,0,0,0,0,0,0,81,lru,0,0,0,0,0,0,8,8,8,0,0,0,0,0,0,0,0,0,0,0,0,0,0,0,0,17083392768947128551
layer,22,0,21,148,decode,26,8,7,1,0,320,151,256,3,0,3,2127,7,21,0,0,0,0,0,0,81,lru,0,0,0,0,0,0,8,7,8,0,1,0,0,3,0,1900544,0,0,0,1919,1900544,1900544,0,0,0,5498950207378566518
layer,22,0,21,148,decode,27,8,4,4,7163,1267,168,651,4,0,4,10472,8,7,0,0,0,0,0,0,81,lru,0,0,0,0,0,0,8,4,8,0,4,0,0,3,9,1900544,5701632,0,7164,2747,7602176,7602176,0,5701632,9,13436388655322839750
layer,22,0,21,148,decode,28,8,8,0,0,0,173,0,0,0,0,18,7,2,0,0,0,0,0,0,81,lru,0,0,0,0,0,0,8,8,8,0,0,0,1,0,0,0,0,0,0,0,0,0,0,0,0,11432829311149920150
layer,22,0,21,148,decode,29,8,5,3,4980,937,165,521,4,0,4,8062,7,16,0,0,0,0,0,0,81,lru,0,0,0,0,0,0,8,5,8,0,3,0,0,3,6,1900544,3801088,0,4983,2570,5701632,5701632,0,3801088,6,2785338904079037184
layer,22,0,21,148,decode,30,8,6,2,0,690,148,462,4,0,4,2674,8,16,0,0,0,0,0,0,81,lru,0,0,0,0,0,0,8,6,8,0,2,0,1,6,0,3801088,0,0,0,2383,3801088,3801088,0,0,0,15238941238288544076
layer,22,0,21,148,decode,31,8,7,1,2452,328,179,158,3,0,3,2945,8,2,0,0,0,0,0,0,81,lru,0,0,0,0,0,0,8,7,8,0,1,0,1,0,3,0,1900544,0,2453,279,1900544,1900544,0,1900544,3,3805761529825002947
layer,22,0,21,148,decode,32,8,6,2,5090,652,155,370,5,0,5,5925,8,12,0,0,0,0,0,0,81,lru,0,0,0,0,0,0,8,6,8,0,2,0,0,0,6,0,3801088,0,5091,556,3801088,3801088,0,3801088,6,16780124515317670294
layer,22,0,21,148,decode,33,8,7,1,2571,334,167,236,3,0,3,3056,7,11,0,0,0,0,0,0,81,lru,0,0,0,0,0,0,8,7,8,0,1,0,1,0,3,0,1900544,0,2571,280,1900544,1900544,0,1900544,3,4244657637644412344
layer,22,0,21,148,decode,34,8,7,1,2672,343,157,258,3,0,3,3185,7,2,0,0,0,0,0,0,81,lru,0,0,0,0,0,0,8,7,8,0,1,0,0,0,3,0,2039808,0,2673,297,2039808,2039808,0,2039808,3,13080106831607653004
layer,22,0,21,148,decode,35,8,6,2,4891,644,171,236,4,0,4,5848,7,16,0,0,0,0,0,0,81,lru,0,0,0,0,0,0,8,6,8,0,2,0,1,0,6,0,3801088,0,4894,585,3801088,3801088,0,3801088,6,6349010739260640475
layer,22,0,21,148,decode,36,8,6,2,4927,635,164,378,4,0,4,5822,7,11,0,0,0,0,0,0,81,lru,0,0,0,0,0,0,8,6,8,0,2,0,1,0,6,0,3801088,0,4929,577,3801088,3801088,0,3801088,6,634058295973438571
layer,22,0,21,148,decode,37,8,7,1,2247,336,164,1957,3,0,3,2724,7,7,0,0,0,0,0,0,81,lru,0,0,0,0,0,0,8,7,8,0,1,0,1,0,3,0,1900544,0,2249,282,1900544,1900544,0,1900544,3,14939387983987308356
layer,22,0,21,148,decode,38,8,8,0,0,0,158,0,0,0,0,20,8,2,0,0,0,0,0,0,81,lru,0,0,0,0,0,0,8,8,8,0,0,0,1,0,0,0,0,0,0,0,0,0,0,0,0,10348403853792418130
layer,22,0,21,148,decode,39,8,7,1,2671,355,678,191,3,0,3,3210,7,10,0,0,0,0,0,0,81,lru,0,0,0,0,0,0,8,7,8,0,1,0,0,0,3,0,2039808,0,2672,326,2039808,2039808,0,2039808,3,7689844362723916031
request,22,0,21,0,decode,-1,0,0,0,0,0,0,0,0,0,0,0,0,0,0,0,0,0,0,0,0,,126407,422,0,0,19,0,0,0,0,0,0,0,0,0,0,0,0,0,0,0,0,0,0,0,0,0
layer,23,0,22,149,decode,0,8,4,4,0,1588,173,1206,4,0,4,2315,8,3,0,0,0,0,0,0,81,lru,0,0,0,0,0,0,8,4,8,0,4,0,1,12,0,7602176,0,0,0,1824,7602176,7602176,0,0,0,16156006610313934966
layer,23,0,22,149,decode,1,8,4,4,0,1493,175,1021,4,0,4,3743,7,5,0,0,0,0,0,0,81,lru,0,0,0,0,0,0,8,4,8,0,4,0,1,12,0,7602176,0,0,0,3286,7602176,7602176,0,0,0,16311923764000474002
layer,23,0,22,149,decode,2,8,8,0,0,0,156,0,0,0,0,18,7,1,0,0,0,0,0,0,81,lru,0,0,0,0,0,0,8,8,8,0,0,0,1,0,0,0,0,0,0,0,0,0,0,0,0,3526742185842547351
layer,23,0,22,149,decode,3,8,7,1,0,325,173,115,3,0,3,2061,7,16,0,0,0,0,0,0,81,lru,0,0,0,0,0,0,8,7,8,0,1,0,0,3,0,1900544,0,0,0,1857,1900544,1900544,0,0,0,15478059203915060000
layer,23,0,22,149,decode,4,8,7,1,0,323,173,137,3,0,3,2205,8,5,0,0,0,0,0,0,81,lru,0,0,0,0,0,0,8,7,8,0,1,0,0,3,0,1900544,0,0,0,1946,1900544,1900544,0,0,0,123695180234794855
layer,23,0,22,149,decode,5,8,8,0,0,0,176,0,0,0,0,17,7,2,0,0,0,0,0,0,81,lru,0,0,0,0,0,0,8,8,8,0,0,0,1,0,0,0,0,0,0,0,0,0,0,0,0,1426108761531615352
layer,23,0,22,149,decode,6,8,8,0,0,0,157,0,0,0,0,16,7,2,0,0,0,0,0,0,81,lru,0,0,0,0,0,0,8,8,8,0,0,0,0,0,0,0,0,0,0,0,0,0,0,0,0,18041306260656531239
layer,23,0,22,149,decode,7,8,6,2,4888,644,172,418,4,0,4,5754,7,12,0,0,0,0,0,0,81,lru,0,0,0,0,0,0,8,6,8,0,2,0,0,0,6,0,3801088,0,4890,561,3801088,3801088,0,3801088,6,11166070976428530032
layer,23,0,22,149,decode,8,8,8,0,0,0,173,0,0,0,0,18,7,2,0,0,0,0,0,0,81,lru,0,0,0,0,0,0,8,8,8,0,0,0,1,0,0,0,0,0,0,0,0,0,0,0,0,14951346873033854780
layer,23,0,22,149,decode,9,8,7,1,2387,336,168,169,3,0,3,2903,7,5,0,0,0,0,0,0,81,lru,0,0,0,0,0,0,8,7,8,0,1,0,0,0,3,0,1900544,0,2388,292,1900544,1900544,0,1900544,3,543546009012999721
layer,23,0,22,149,decode,10,8,8,0,0,0,160,0,0,0,0,17,8,2,0,0,0,0,0,0,81,lru,0,0,0,0,0,0,8,8,8,0,0,0,1,0,0,0,0,0,0,0,0,0,0,0,0,12999323718187108595
layer,23,0,22,149,decode,11,8,8,0,0,0,179,0,0,0,0,16,7,2,0,0,0,0,0,0,81,lru,0,0,0,0,0,0,8,8,8,0,0,0,0,0,0,0,0,0,0,0,0,0,0,0,0,12349271921694710743
layer,23,0,22,149,decode,12,8,8,0,0,0,171,0,0,0,0,17,7,2,0,0,0,0,0,0,81,lru,0,0,0,0,0,0,8,8,8,0,0,0,0,0,0,0,0,0,0,0,0,0,0,0,0,8527383183496130883
layer,23,0,22,149,decode,13,8,8,0,0,0,177,0,0,0,0,15,7,1,0,0,0,0,0,0,81,lru,0,0,0,0,0,0,8,8,8,0,0,0,0,0,0,0,0,0,0,0,0,0,0,0,0,437083947281062510
layer,23,0,22,149,decode,14,8,7,1,0,327,149,182,3,0,3,2145,7,15,0,0,0,0,0,0,81,lru,0,0,0,0,0,0,8,7,8,0,1,0,0,3,0,1900544,0,0,0,1922,1900544,1900544,0,0,0,8043559984805309432
layer,23,0,22,149,decode,15,8,7,1,0,335,172,267,4,0,4,2081,8,8,0,0,0,0,0,0,81,lru,0,0,0,0,0,0,8,7,8,0,1,0,1,3,0,1900544,0,0,0,1871,1900544,1900544,0,0,0,159316284144748565
layer,23,0,22,149,decode,16,8,8,0,0,0,172,0,0,0,0,17,7,1,0,0,0,0,0,0,81,lru,0,0,0,0,0,0,8,8,8,0,0,0,1,0,0,0,0,0,0,0,0,0,0,0,0,3097123828523011762
layer,23,0,22,149,decode,17,8,8,0,0,0,177,0,0,0,0,15,6,2,0,0,0,0,0,0,81,lru,0,0,0,0,0,0,8,8,8,0,0,0,0,0,0,0,0,0,0,0,0,0,0,0,0,13030218077545724777
layer,23,0,22,149,decode,18,8,7,1,2393,334,142,80,3,0,3,2916,7,13,0,0,0,0,0,0,81,lru,0,0,0,0,0,0,8,7,8,0,1,0,0,0,3,0,1900544,0,2394,278,1900544,1900544,0,1900544,3,15453699030978815096
layer,23,0,22,149,decode,19,8,7,1,0,329,179,185,3,0,3,2087,8,2,0,0,0,0,0,0,81,lru,0,0,0,0,0,0,8,7,8,0,1,0,1,3,0,1900544,0,0,0,1872,1900544,1900544,0,0,0,15346172117106561959
layer,23,0,22,149,decode,20,8,8,0,0,0,173,0,0,0,0,18,7,2,0,0,0,0,0,0,81,lru,0,0,0,0,0,0,8,8,8,0,0,0,0,0,0,0,0,0,0,0,0,0,0,0,0,8610973747310275916
layer,23,0,22,149,decode,21,8,8,0,0,0,177,0,0,0,0,16,7,1,0,0,0,0,0,0,81,lru,0,0,0,0,0,0,8,8,8,0,0,0,1,0,0,0,0,0,0,0,0,0,0,0,0,3452898843719248360
layer,23,0,22,149,decode,22,8,7,1,0,335,157,116,3,0,3,2075,7,2,0,0,0,0,0,0,81,lru,0,0,0,0,0,0,8,7,8,0,1,0,0,3,0,1900544,0,0,0,1860,1900544,1900544,0,0,0,6177468720636837997
layer,23,0,22,149,decode,23,8,6,2,4765,654,162,407,4,0,4,5602,8,6,0,0,0,0,0,0,81,lru,0,0,0,0,0,0,8,6,8,0,2,0,0,0,6,0,3801088,0,4766,527,3801088,3801088,0,3801088,6,17918764664871902221
layer,23,0,22,149,decode,24,8,6,2,2390,629,161,328,4,0,4,4859,7,14,0,0,0,0,0,0,81,lru,0,0,0,0,0,0,8,6,8,0,2,0,1,3,3,1900544,1900544,0,2390,2186,3801088,3801088,0,1900544,3,1762807855834449122
layer,23,0,22,149,decode,25,8,8,0,0,0,177,0,0,0,0,17,7,2,0,0,0,0,0,0,81,lru,0,0,0,0,0,0,8,8,8,0,0,0,1,0,0,0,0,0,0,0,0,0,0,0,0,14554649316650143614
layer,23,0,22,149,decode,26,8,8,0,0,0,157,0,0,0,0,15,7,1,0,0,0,0,0,0,81,lru,0,0,0,0,0,0,8,8,8,0,0,0,0,0,0,0,0,0,0,0,0,0,0,0,0,13272209577011250717
layer,23,0,22,149,decode,27,8,7,1,0,328,181,86,3,0,3,2128,7,2,0,0,0,0,0,0,81,lru,0,0,0,0,0,0,8,7,8,0,1,0,0,3,0,1900544,0,0,0,1913,1900544,1900544,0,0,0,8712645456481483277
layer,23,0,22,149,decode,28,8,7,1,0,336,156,255,3,0,3,2067,7,8,0,0,0,0,0,0,81,lru,0,0,0,0,0,0,8,7,8,0,1,0,0,3,0,1900544,0,0,0,1860,1900544,1900544,0,0,0,15995912461196556261
layer,23,0,22,149,decode,29,8,8,0,0,0,176,0,0,0,0,18,8,2,0,0,0,0,0,0,81,lru,0,0,0,0,0,0,8,8,8,0,0,0,1,0,0,0,0,0,0,0,0,0,0,0,0,17101502952291965813
layer,23,0,22,149,decode,30,8,6,2,2135,697,147,413,4,0,4,3087,7,13,0,0,0,0,0,0,81,lru,0,0,0,0,0,0,8,6,8,0,2,0,0,3,3,1900544,1900544,0,2135,673,3801088,3801088,0,1900544,3,10521783027446129935
layer,23,0,22,149,decode,31,8,7,1,2348,337,170,145,3,0,3,2848,8,10,0,0,0,0,0,0,81,lru,0,0,0,0,0,0,8,7,8,0,1,0,1,0,3,0,1900544,0,2349,279,1900544,1900544,0,1900544,3,5203188464772961100
layer,23,0,22,149,decode,32,8,8,0,0,0,172,0,0,0,0,16,7,1,0,0,0,0,0,0,81,lru,0,0,0,0,0,0,8,8,8,0,0,0,1,0,0,0,0,0,0,0,0,0,0,0,0,1927919162884527933
layer,23,0,22,149,decode,33,8,7,1,2401,334,164,79,3,0,3,2910,6,8,0,0,0,0,0,0,81,lru,0,0,0,0,0,0,8,7,8,0,1,0,0,0,3,0,1900544,0,2401,288,1900544,1900544,0,1900544,3,9784644940803249460
layer,23,0,22,149,decode,34,8,6,2,5048,680,157,227,3,0,3,5988,7,3,0,0,0,0,0,0,81,lru,0,0,0,0,0,0,8,6,8,0,2,0,0,0,6,0,4079616,0,5051,632,4079616,4079616,0,4079616,6,9133929450153665786
layer,23,0,22,149,decode,35,8,8,0,0,0,179,0,0,0,0,18,8,2,0,0,0,0,0,0,81,lru,0,0,0,0,0,0,8,8,8,0,0,0,1,0,0,0,0,0,0,0,0,0,0,0,0,15236749089911554170
layer,23,0,22,149,decode,36,8,6,2,0,775,172,500,4,0,4,1146,6,2,0,0,0,0,0,0,81,lru,0,0,0,0,0,0,8,6,8,0,2,0,0,6,0,3801088,0,0,0,866,3801088,3801088,0,0,0,3056816572017508341
layer,23,0,22,149,decode,37,8,8,0,0,0,178,0,0,0,0,17,8,1,0,0,0,0,0,0,81,lru,0,0,0,0,0,0,8,8,8,0,0,0,0,0,0,0,0,0,0,0,0,0,0,0,0,16381656976823064046
layer,23,0,22,149,decode,38,8,7,1,2469,347,160,196,3,0,3,3008,7,2,0,0,0,0,0,0,81,lru,0,0,0,0,0,0,8,7,8,0,1,0,0,0,3,0,2039808,0,2469,321,2039808,2039808,0,2039808,3,10218651779425893111
layer,23,0,22,149,decode,39,8,5,3,2550,1173,684,535,4,0,4,4288,7,2,0,0,0,0,0,0,81,lru,0,0,0,0,0,0,8,5,8,0,3,0,1,6,3,4079616,2039808,0,2551,1278,6119424,6119424,0,2039808,3,16768992826622072452
request,23,0,22,0,decode,-1,0,0,0,0,0,0,0,0,0,0,0,0,0,0,0,0,0,0,0,0,,76337,358,0,0,16,0,0,0,0,0,0,0,0,0,0,0,0,0,0,0,0,0,0,0,0,0
layer,24,0,23,150,decode,0,8,6,2,2438,712,162,431,4,0,4,3423,8,10,0,0,0,0,0,0,81,lru,0,0,0,0,0,0,8,6,8,0,2,0,1,3,3,1900544,1900544,0,2439,683,3801088,3801088,0,1900544,3,1623390803678911545
layer,24,0,23,150,decode,1,8,6,2,0,696,177,449,4,0,4,2624,7,2,0,0,0,0,0,0,81,lru,0,0,0,0,0,0,8,6,8,0,2,0,1,6,0,3801088,0,0,0,2334,3801088,3801088,0,0,0,4950863520546506143
layer,24,0,23,150,decode,2,8,1,7,0,2505,153,1398,5,0,5,8350,7,2,0,0,0,0,0,0,81,lru,0,0,0,0,0,0,8,1,8,0,7,0,1,21,0,13303808,0,0,0,7655,13303808,13303808,0,0,0,3074829750837386315
layer,24,0,23,150,decode,3,8,4,4,2260,1207,178,716,4,0,4,8724,8,10,0,0,0,0,0,0,81,lru,0,0,0,0,0,0,8,4,8,0,4,0,1,9,3,5701632,1900544,0,2260,5962,7602176,7602176,0,1900544,3,14704066859588813196
layer,24,0,23,150,decode,4,8,8,0,0,0,172,0,0,0,0,17,7,1,0,0,0,0,0,0,81,lru,0,0,0,0,0,0,8,8,8,0,0,0,1,0,0,0,0,0,0,0,0,0,0,0,0,10585834815864129770
layer,24,0,23,150,decode,5,8,7,1,2182,308,164,107,3,0,3,2625,7,15,0,0,0,0,0,0,81,lru,0,0,0,0,0,0,8,7,8,0,1,0,0,0,3,0,1900544,0,2183,241,1900544,1900544,0,1900544,3,4612197467815729121
layer,24,0,23,150,decode,6,8,8,0,0,0,157,0,0,0,0,18,8,2,0,0,0,0,0,0,81,lru,0,0,0,0,0,0,8,8,8,0,0,0,1,0,0,0,0,0,0,0,0,0,0,0,0,7808095231828369295
layer,24,0,23,150,decode,7,8,7,1,0,304,185,2072,3,0,3,3266,7,4,0,0,0,0,0,0,81,lru,0,0,0,0,0,0,8,7,8,0,1,0,0,3,0,1900544,0,0,0,1730,1900544,1900544,0,0,0,6285629735580200602
layer,24,0,23,150,decode,8,8,7,1,2153,324,164,253,4,0,4,2643,8,13,0,0,0,0,0,0,81,lru,0,0,0,0,0,0,8,7,8,0,1,0,1,0,3,0,1900544,0,2153,267,1900544,1900544,0,1900544,3,15942405129722635973
layer,24,0,23,150,decode,9,8,7,1,0,323,178,249,3,0,3,2136,7,2,0,0,0,0,0,0,81,lru,0,0,0,0,0,0,8,7,8,0,1,0,1,3,0,1900544,0,0,0,1927,1900544,1900544,0,0,0,2337274805970117867
layer,24,0,23,150,decode,10,8,8,0,0,0,156,0,0,0,0,17,7,1,0,0,0,0,0,0,81,lru,0,0,0,0,0,0,8,8,8,0,0,0,1,0,0,0,0,0,0,0,0,0,0,0,0,6446522934168600154
layer,24,0,23,150,decode,11,8,8,0,0,0,178,0,0,0,0,16,7,1,0,0,0,0,0,0,81,lru,0,0,0,0,0,0,8,8,8,0,0,0,0,0,0,0,0,0,0,0,0,0,0,0,0,7415205537309651944
layer,24,0,23,150,decode,12,8,8,0,0,0,172,0,0,0,0,17,7,1,0,0,0,0,0,0,81,lru,0,0,0,0,0,0,8,8,8,0,0,0,1,0,0,0,0,0,0,0,0,0,0,0,0,8190236335166982470
layer,24,0,23,150,decode,13,8,8,0,0,0,176,0,0,0,0,15,7,1,0,0,0,0,0,0,81,lru,0,0,0,0,0,0,8,8,8,0,0,0,0,0,0,0,0,0,0,0,0,0,0,0,0,4226311570758415731
layer,24,0,23,150,decode,14,8,8,0,0,0,157,0,0,0,0,16,7,1,0,0,0,0,0,0,81,lru,0,0,0,0,0,0,8,8,8,0,0,0,0,0,0,0,0,0,0,0,0,0,0,0,0,5300257912441266415
layer,24,0,23,150,decode,15,8,8,0,0,0,178,0,0,0,0,16,7,1,0,0,0,0,0,0,81,lru,0,0,0,0,0,0,8,8,8,0,0,0,0,0,0,0,0,0,0,0,0,0,0,0,0,16014903445129988720
layer,24,0,23,150,decode,16,8,8,0,0,0,171,0,0,0,0,15,6,1,0,0,0,0,0,0,81,lru,0,0,0,0,0,0,8,8,8,0,0,0,0,0,0,0,0,0,0,0,0,0,0,0,0,14670454780909879609
layer,24,0,23,150,decode,17,8,8,0,0,0,176,0,0,0,0,15,7,1,0,0,0,0,0,0,81,lru,0,0,0,0,0,0,8,8,8,0,0,0,0,0,0,0,0,0,0,0,0,0,0,0,0,1351446169443065096
layer,24,0,23,150,decode,18,8,7,1,0,330,149,265,3,0,3,2062,7,6,0,0,0,0,0,0,81,lru,0,0,0,0,0,0,8,7,8,0,1,0,0,3,0,1900544,0,0,0,1861,1900544,1900544,0,0,0,1436876972161951688
layer,24,0,23,150,decode,19,8,8,0,0,0,179,0,0,0,0,18,8,1,0,0,0,0,0,0,81,lru,0,0,0,0,0,0,8,8,8,0,0,0,1,0,0,0,0,0,0,0,0,0,0,0,0,1022105682816283153
layer,24,0,23,150,decode,20,8,8,0,0,0,173,0,0,0,0,16,6,2,0,0,0,0,0,0,81,lru,0,0,0,0,0,0,8,8,8,0,0,0,0,0,0,0,0,0,0,0,0,0,0,0,0,12825825986380666167
layer,24,0,23,150,decode,21,8,8,0,0,0,175,0,0,0,0,15,6,1,0,0,0,0,0,0,81,lru,0,0,0,0,0,0,8,8,8,0,0,0,0,0,0,0,0,0,0,0,0,0,0,0,0,18114612781967223724
layer,24,0,23,150,decode,22,8,8,0,0,0,156,0,0,0,0,16,7,1,0,0,0,0,0,0,81,lru,0,0,0,0,0,0,8,8,8,0,0,0,0,0,0,0,0,0,0,0,0,0,0,0,0,7739622794234132850
layer,24,0,23,150,decode,23,8,5,3,0,1116,167,743,4,0,4,3165,7,14,0,0,0,0,0,0,81,lru,0,0,0,0,0,0,8,5,8,0,3,0,0,9,0,5701632,0,0,0,2779,5701632,5701632,0,0,0,7653159114282471690
layer,24,0,23,150,decode,24,8,8,0,0,0,171,0,0,0,0,17,7,2,0,0,0,0,0,0,81,lru,0,0,0,0,0,0,8,8,8,0,0,0,1,0,0,0,0,0,0,0,0,0,0,0,0,10217728863424128893
layer,24,0,23,150,decode,25,8,8,0,0,0,176,0,0,0,0,16,7,2,0,0,0,0,0,0,81,lru,0,0,0,0,0,0,8,8,8,0,0,0,1,0,0,0,0,0,0,0,0,0,0,0,0,17073499430591549396
layer,24,0,23,150,decode,26,8,8,0,0,0,156,0,0,0,0,16,6,2,0,0,0,0,0,0,81,lru,0,0,0,0,0,0,8,8,8,0,0,0,1,0,0,0,0,0,0,0,0,0,0,0,0,2548761955233449921
layer,24,0,23,150,decode,27,8,6,2,4718,657,161,299,4,0,4,5592,7,12,0,0,0,0,0,0,81,lru,0,0,0,0,0,0,8,6,8,0,2,0,0,0,6,0,3801088,0,4721,591,3801088,3801088,0,3801088,6,14082936293192288416
layer,24,0,23,150,decode,28,8,8,0,0,0,173,0,0,0,0,17,7,1,0,0,0,0,0,0,81,lru,0,0,0,0,0,0,8,8,8,0,0,0,1,0,0,0,0,0,0,0,0,0,0,0,0,7860498767343465201
layer,24,0,23,150,decode,29,8,8,0,0,0,177,0,0,0,0,16,7,1,0,0,0,0,0,0,81,lru,0,0,0,0,0,0,8,8,8,0,0,0,0,0,0,0,0,0,0,0,0,0,0,0,0,9580272063346184041
layer,24,0,23,150,decode,30,8,8,0,0,0,157,0,0,0,0,15,7,2,0,0,0,0,0,0,81,lru,0,0,0,0,0,0,8,8,8,0,0,0,0,0,0,0,0,0,0,0,0,0,0,0,0,2492871887489857335
layer,24,0,23,150,decode,31,8,8,0,0,0,178,0,0,0,0,15,7,1,0,0,0,0,0,0,81,lru,0,0,0,0,0,0,8,8,8,0,0,0,0,0,0,0,0,0,0,0,0,0,0,0,0,2637932001667224784
layer,24,0,23,150,decode,32,8,7,1,0,397,166,310,3,0,3,654,7,8,0,0,0,0,0,0,81,lru,0,0,0,0,0,0,8,7,8,0,1,0,0,3,0,1900544,0,0,0,434,1900544,1900544,0,0,0,13163828021503365743
layer,24,0,23,150,decode,33,8,8,0,0,0,176,0,0,0,0,17,8,2,0,0,0,0,0,0,81,lru,0,0,0,0,0,0,8,8,8,0,0,0,0,0,0,0,0,0,0,0,0,0,0,0,0,16796118162302646065
layer,24,0,23,150,decode,34,8,7,1,0,425,148,369,3,0,3,676,7,11,0,0,0,0,0,0,81,lru,0,0,0,0,0,0,8,7,8,0,1,0,0,3,0,2039808,0,0,0,455,2039808,2039808,0,0,0,3948494410861307116
layer,24,0,23,150,decode,35,8,8,0,0,0,179,0,0,0,0,21,11,1,0,0,0,0,0,0,81,lru,0,0,0,0,0,0,8,8,8,0,0,0,1,0,0,0,0,0,0,0,0,0,0,0,0,6870351316876393027
layer,24,0,23,150,decode,36,8,8,0,0,0,173,0,0,0,0,15,7,1,0,0,0,0,0,0,81,lru,0,0,0,0,0,0,8,8,8,0,0,0,0,0,0,0,0,0,0,0,0,0,0,0,0,13345896245508074915
layer,24,0,23,150,decode,37,8,5,3,6487,969,155,524,4,0,4,7676,7,12,0,0,0,0,0,0,81,lru,0,0,0,0,0,0,8,5,8,0,3,0,0,0,9,0,5701632,0,6491,778,5701632,5701632,0,5701632,9,17699467646912265961
layer,24,0,23,150,decode,38,8,7,1,2458,350,151,166,3,0,3,3003,8,8,0,0,0,0,0,0,81,lru,0,0,0,0,0,0,8,7,8,0,1,0,1,0,3,0,2039808,0,2459,316,2039808,2039808,0,2039808,3,4826661089846243207
layer,24,0,23,150,decode,39,8,8,0,0,0,685,0,0,0,0,17,7,1,0,0,0,0,0,0,81,lru,0,0,0,0,0,0,8,8,8,0,0,0,0,0,0,0,0,0,0,0,0,0,0,0,0,15306976360526644782
request,24,0,23,0,decode,-1,0,0,0,0,0,0,0,0,0,0,0,0,0,0,0,0,0,0,0,0,,64855,344,0,0,17,0,0,0,0,0,0,0,0,0,0,0,0,0,0,0,0,0,0,0,0,0
layer,25,0,24,151,decode,0,8,0,8,0,3129,168,2377,4,0,4,4483,8,9,0,0,0,0,0,0,81,lru,0,0,0,0,0,0,8,0,8,0,8,0,1,24,0,15204352,0,0,0,3649,15204352,15204352,0,0,0,13342899250847047043
layer,25,0,24,151,decode,1,8,3,5,0,1603,175,1050,4,0,4,8654,7,3,0,0,0,0,0,0,81,lru,0,0,0,0,0,0,8,3,8,0,5,0,1,15,0,9502720,0,0,0,8002,9502720,9502720,0,0,0,9648284937776467649
layer,25,0,24,151,decode,2,8,1,7,0,2163,142,1487,4,0,4,14080,7,13,0,0,0,0,0,0,81,lru,0,0,0,0,0,0,8,1,8,0,7,0,1,21,0,13303808,0,0,0,13314,13303808,13303808,0,0,0,10668796270815863134
layer,25,0,24,151,decode,3,8,5,3,0,851,170,489,4,0,4,5522,8,14,0,0,0,0,0,0,81,lru,0,0,0,0,0,0,8,5,8,0,3,0,1,9,0,5701632,0,0,0,5152,5701632,5701632,0,0,0,7467498711147668689
layer,25,0,24,151,decode,4,8,7,1,2030,316,164,153,3,0,3,2545,7,7,0,0,0,0,0,0,81,lru,0,0,0,0,0,0,8,7,8,0,1,0,1,0,3,0,1900544,0,2031,260,1900544,1900544,0,1900544,3,585248447690591663
layer,25,0,24,151,decode,5,8,6,2,2155,580,169,255,4,0,4,4435,7,16,0,0,0,0,0,0,81,lru,0,0,0,0,0,0,8,6,8,0,2,0,1,3,3,1900544,1900544,0,2155,2015,3801088,3801088,0,1900544,3,9871914735258260593
layer,25,0,24,151,decode,6,8,7,1,0,303,157,117,3,0,3,1895,7,13,0,0,0,0,0,0,81,lru,0,0,0,0,0,0,8,7,8,0,1,0,1,3,0,1900544,0,0,0,1696,1900544,1900544,0,0,0,13323754377846750644
layer,25,0,24,151,decode,7,8,8,0,0,0,180,0,0,0,0,18,7,2,0,0,0,0,0,0,81,lru,0,0,0,0,0,0,8,8,8,0,0,0,1,0,0,0,0,0,0,0,0,0,0,0,0,8045930353160245654
layer,25,0,24,151,decode,8,8,6,2,4307,595,153,269,4,0,4,5153,6,13,0,0,0,0,0,0,81,lru,0,0,0,0,0,0,8,6,8,0,2,0,0,0,6,0,3801088,0,4309,521,3801088,3801088,0,3801088,6,3817045795288393444
layer,25,0,24,151,decode,9,8,7,1,2112,302,157,125,3,0,3,2565,8,7,0,0,0,0,0,0,81,lru,0,0,0,0,0,0,8,7,8,0,1,0,1,0,3,0,1900544,0,2112,247,1900544,1900544,0,1900544,3,15185780289145723817
layer,25,0,24,151,decode,10,8,8,0,0,0,156,0,0,0,0,17,7,2,0,0,0,0,0,0,81,lru,0,0,0,0,0,0,8,8,8,0,0,0,0,0,0,0,0,0,0,0,0,0,0,0,0,1714596789838907416
layer,25,0,24,151,decode,11,8,8,0,0,0,179,0,0,0,0,16,7,2,0,0,0,0,0,0,81,lru,0,0,0,0,0,0,8,8,8,0,0,0,0,0,0,0,0,0,0,0,0,0,0,0,0,5853683638659016241
layer,25,0,24,151,decode,12,8,8,0,0,0,171,0,0,0,0,16,6,2,0,0,0,0,0,0,81,lru,0,0,0,0,0,0,8,8,8,0,0,0,0,0,0,0,0,0,0,0,0,0,0,0,0,17491424258475385089
layer,25,0,24,151,decode,13,8,6,2,4280,593,166,358,4,0,4,5073,7,13,0,0,0,0,0,0,81,lru,0,0,0,0,0,0,8,6,8,0,2,0,0,0,6,0,3801088,0,4280,499,3801088,3801088,0,3801088,6,13358531354307147973
layer,25,0,24,151,decode,14,8,7,1,0,301,157,167,3,0,3,1897,7,2,0,0,0,0,0,0,81,lru,0,0,0,0,0,0,8,7,8,0,1,0,1,3,0,1900544,0,0,0,1680,1900544,1900544,0,0,0,16316829738669905869
layer,25,0,24,151,decode,15,8,8,0,0,0,180,0,0,0,0,22,7,7,0,0,0,0,0,0,81,lru,0,0,0,0,0,0,8,8,8,0,0,0,0,0,0,0,0,0,0,0,0,0,0,0,0,10438359294007564999
layer,25,0,24,151,decode,16,8,8,0,0,0,172,0,0,0,0,15,6,1,0,0,0,0,0,0,81,lru,0,0,0,0,0,0,8,8,8,0,0,0,1,0,0,0,0,0,0,0,0,0,0,0,0,7402963193279001324
layer,25,0,24,151,decode,17,8,8,0,0,0,176,0,0,0,0,15,6,2,0,0,0,0,0,0,81,lru,0,0,0,0,0,0,8,8,8,0,0,0,0,0,0,0,0,0,0,0,0,0,0,0,0,15969098413009871228
layer,25,0,24,151,decode,18,8,8,0,0,0,155,0,0,0,0,15,6,1,0,0,0,0,0,0,81,lru,0,0,0,0,0,0,8,8,8,0,0,0,0,0,0,0,0,0,0,0,0,0,0,0,0,12007832188070657864
layer,25,0,24,151,decode,19,8,8,0,0,0,179,0,0,0,0,16,7,1,0,0,0,0,0,0,81,lru,0,0,0,0,0,0,8,8,8,0,0,0,1,0,0,0,0,0,0,0,0,0,0,0,0,7260146954748022396
layer,25,0,24,151,decode,20,8,8,0,0,0,173,0,0,0,0,15,6,2,0,0,0,0,0,0,81,lru,0,0,0,0,0,0,8,8,8,0,0,0,1,0,0,0,0,0,0,0,0,0,0,0,0,3766977994985187709
layer,25,0,24,151,decode,21,8,7,1,0,295,168,128,3,0,3,1895,6,10,0,0,0,0,0,0,81,lru,0,0,0,0,0,0,8,7,8,0,1,0,0,3,0,1900544,0,0,0,1704,1900544,1900544,0,0,0,16692840193573191806
layer,25,0,24,151,decode,22,8,7,1,2177,308,149,135,3,0,3,2621,7,12,0,0,0,0,0,0,81,lru,0,0,0,0,0,0,8,7,8,0,1,0,1,0,3,0,1900544,0,2177,241,1900544,1900544,0,1900544,3,16878714875585346613
layer,25,0,24,151,decode,23,8,6,2,0,625,178,403,4,0,4,2403,8,2,0,0,0,0,0,0,81,lru,0,0,0,0,0,0,8,6,8,0,2,0,1,6,0,3801088,0,0,0,2138,3801088,3801088,0,0,0,12206697335677062057
layer,25,0,24,151,decode,24,8,6,2,2305,603,164,239,4,0,4,4703,8,8,0,0,0,0,0,0,81,lru,0,0,0,0,0,0,8,6,8,0,2,0,1,3,3,1900544,1900544,0,2305,2088,3801088,3801088,0,1900544,3,17317054498389390338
layer,25,0,24,151,decode,25,8,7,1,0,324,177,249,3,0,3,2091,7,2,0,0,0,0,0,0,81,lru,0,0,0,0,0,0,8,7,8,0,1,0,1,3,0,1900544,0,0,0,1880,1900544,1900544,0,0,0,226989576942286772
layer,25,0,24,151,decode,26,8,8,0,0,0,156,0,0,0,0,18,7,2,0,0,0,0,0,0,81,lru,0,0,0,0,0,0,8,8,8,0,0,0,1,0,0,0,0,0,0,0,0,0,0,0,0,11933541775964107078
layer,25,0,24,151,decode,27,8,5,3,0,1131,178,2323,4,0,4,3136,7,12,0,0,0,0,0,0,81,lru,0,0,0,0,0,0,8,5,8,0,3,0,0,9,0,5701632,0,0,0,2802,5701632,5701632,0,0,0,5766374967991140383
layer,25,0,24,151,decode,28,8,7,1,0,399,174,118,4,0,4,656,8,2,0,0,0,0,0,0,81,lru,0,0,0,0,0,0,8,7,8,0,1,0,1,3,0,1900544,0,0,0,416,1900544,1900544,0,0,0,3056283171000750514
layer,25,0,24,151,decode,29,8,7,1,0,387,168,255,3,0,3,646,8,16,0,0,0,0,0,0,81,lru,0,0,0,0,0,0,8,7,8,0,1,0,1,3,0,1900544,0,0,0,439,1900544,1900544,0,0,0,9864361426519821059
layer,25,0,24,151,decode,30,8,6,2,0,697,155,508,4,0,4,2602,7,2,0,0,0,0,0,0,81,lru,0,0,0,0,0,0,8,6,8,0,2,0,1,6,0,3801088,0,0,0,2330,3801088,3801088,0,0,0,12417400140632577099
layer,25,0,24,151,decode,31,8,6,2,2440,701,171,530,4,0,4,3454,7,16,0,0,0,0,0,0,81,lru,0,0,0,0,0,0,8,6,8,0,2,0,1,3,3,1900544,1900544,0,2440,708,3801088,3801088,0,1900544,3,17162667625207576292
layer,25,0,24,151,decode,32,8,6,2,2478,704,154,419,4,0,4,3398,7,11,0,0,0,0,0,0,81,lru,0,0,0,0,0,0,8,6,8,0,2,0,1,3,3,1900544,1900544,0,2478,644,3801088,3801088,0,1900544,3,2997016825668523017
layer,25,0,24,151,decode,33,8,6,2,2448,700,175,543,4,0,4,3465,7,2,0,0,0,0,0,0,81,lru,0,0,0,0,0,0,8,6,8,0,2,0,1,3,3,1900544,1900544,0,2449,720,3801088,3801088,0,1900544,3,5420331734402435510
layer,25,0,24,151,decode,34,8,6,2,0,740,157,472,3,0,3,2832,8,2,0,0,0,0,0,0,81,lru,0,0,0,0,0,0,8,6,8,0,2,0,1,6,0,4079616,0,0,0,2529,4079616,4079616,0,0,0,8079127042744638473
layer,25,0,24,151,decode,35,8,5,3,2390,933,177,519,4,0,4,6843,8,5,0,0,0,0,0,0,81,lru,0,0,0,0,0,0,8,5,8,0,3,0,1,6,3,3801088,1900544,0,2391,4070,5701632,5701632,0,1900544,3,9194333845551701832
layer,25,0,24,151,decode,36,8,8,0,0,0,174,0,0,0,0,19,7,2,0,0,0,0,0,0,81,lru,0,0,0,0,0,0,8,8,8,0,0,0,1,0,0,0,0,0,0,0,0,0,0,0,0,7743437641016924293
layer,25,0,24,151,decode,37,8,7,1,0,327,180,109,3,0,3,2120,7,7,0,0,0,0,0,0,81,lru,0,0,0,0,0,0,8,7,8,0,1,0,1,3,0,1900544,0,0,0,1914,1900544,1900544,0,0,0,7019120587368978807
layer,25,0,24,151,decode,38,8,6,2,2472,774,149,477,4,0,4,3617,7,17,0,0,0,0,0,0,81,lru,0,0,0,0,0,0,8,6,8,0,2,0,0,3,3,2039808,2039808,0,2473,829,4079616,4079616,0,2039808,3,599566311865785538
layer,25,0,24,151,decode,39,8,5,3,2635,1171,682,833,4,0,4,4336,7,2,0,0,0,0,0,0,81,lru,0,0,0,0,0,0,8,5,8,0,3,0,1,6,3,4079616,2039808,0,2635,1282,6119424,6119424,0,2039808,3,9581298036942549072
request,25,0,24,0,decode,-1,0,0,0,0,0,0,0,0,0,0,0,0,0,0,0,0,0,0,0,0,,115247,474,0,0,22,0,0,0,0,0,0,0,0,0,0,0,0,0,0,0,0,0,0,0,0,0
layer,26,0,25,152,decode,0,8,0,8,2343,2919,162,1921,3,0,3,9586,9,16,0,0,0,0,0,0,81,lru,0,0,0,0,0,0,8,0,8,0,8,0,1,21,3,13303808,1900544,0,2344,6400,15204352,15204352,0,1900544,3,5711318425435782833
layer,26,0,25,152,decode,1,8,5,3,0,987,166,579,4,0,4,4654,8,11,0,0,0,0,0,0,81,lru,0,0,0,0,0,0,8,5,8,0,3,0,1,9,0,5701632,0,0,0,4295,5701632,5701632,0,0,0,4774099820790601008
layer,26,0,25,152,decode,2,8,2,6,2355,1818,145,1019,4,0,4,12682,7,5,0,0,0,0,0,0,81,lru,0,0,0,0,0,0,8,2,8,0,6,0,1,15,3,9502720,1900544,0,2355,9709,11403264,11403264,0,1900544,3,8343072802079167420
layer,26,0,25,152,decode,3,8,6,2,0,571,178,376,5,0,5,3632,8,2,0,0,0,0,0,0,81,lru,0,0,0,0,0,0,8,6,8,0,2,0,1,6,0,3801088,0,0,0,3360,3801088,3801088,0,0,0,12618404544957205129
layer,26,0,25,152,decode,4,8,7,1,0,295,172,237,3,0,3,1856,7,5,0,0,0,0,0,0,81,lru,0,0,0,0,0,0,8,7,8,0,1,0,1,3,0,1900544,0,0,0,1665,1900544,1900544,0,0,0,17130440262405362776
layer,26,0,25,152,decode,5,8,6,2,2101,568,178,391,4,0,4,4362,8,2,0,0,0,0,0,0,81,lru,0,0,0,0,0,0,8,6,8,0,2,0,1,3,3,1900544,1900544,0,2101,1954,3801088,3801088,0,1900544,3,391639236224593074
layer,26,0,25,152,decode,6,8,4,4,2057,1131,139,547,4,0,4,7807,7,6,0,0,0,0,0,0,81,lru,0,0,0,0,0,0,8,4,8,0,4,0,1,9,3,5701632,1900544,0,2058,5345,7602176,7602176,0,1900544,3,17853425652317199033
layer,26,0,25,152,decode,7,8,6,2,0,566,171,384,3,0,3,3643,7,12,0,0,0,0,0,0,81,lru,0,0,0,0,0,0,8,6,8,0,2,0,1,6,0,3801088,0,0,0,3377,3801088,3801088,0,0,0,3283758492786393723
layer,26,0,25,152,decode,8,8,8,0,0,0,173,0,0,0,0,17,7,2,0,0,0,0,0,0,81,lru,0,0,0,0,0,0,8,8,8,0,0,0,1,0,0,0,0,0,0,0,0,0,0,0,0,7934284237310222634
layer,26,0,25,152,decode,9,8,4,4,2116,1126,164,722,4,0,4,7950,7,17,0,0,0,0,0,0,81,lru,0,0,0,0,0,0,8,4,8,0,4,0,0,9,3,5701632,1900544,0,2117,5376,7602176,7602176,0,1900544,3,5561454334486036760
layer,26,0,25,152,decode,10,8,8,0,0,0,156,0,0,0,0,17,7,2,0,0,0,0,0,0,81,lru,0,0,0,0,0,0,8,8,8,0,0,0,1,0,0,0,0,0,0,0,0,0,0,0,0,8516987901995392494
layer,26,0,25,152,decode,11,8,8,0,0,0,180,0,0,0,0,16,7,1,0,0,0,0,0,0,81,lru,0,0,0,0,0,0,8,8,8,0,0,0,1,0,0,0,0,0,0,0,0,0,0,0,0,5954758225666240232
layer,26,0,25,152,decode,12,8,7,1,0,308,157,200,3,0,3,1865,7,15,0,0,0,0,0,0,81,lru,0,0,0,0,0,0,8,7,8,0,1,0,0,3,0,1900544,0,0,0,1685,1900544,1900544,0,0,0,14355181289776896660
layer,26,0,25,152,decode,13,8,7,1,2066,310,176,243,3,0,3,2529,8,2,0,0,0,0,0,0,81,lru,0,0,0,0,0,0,8,7,8,0,1,0,0,0,3,0,1900544,0,2067,258,1900544,1900544,0,1900544,3,10568745295582765896
layer,26,0,25,152,decode,14,8,7,1,0,298,157,232,3,0,3,1904,7,2,0,0,0,0,0,0,81,lru,0,0,0,0,0,0,8,7,8,0,1,0,0,3,0,1900544,0,0,0,1703,1900544,1900544,0,0,0,7369212453035112676
layer,26,0,25,152,decode,15,8,8,0,0,0,179,0,0,0,0,17,7,2,0,0,0,0,0,0,81,lru,0,0,0,0,0,0,8,8,8,0,0,0,0,0,0,0,0,0,0,0,0,0,0,0,0,14385692951191384583
layer,26,0,25,152,decode,16,8,6,2,0,577,171,405,5,0,5,3702,7,2,0,0,0,0,0,0,81,lru,0,0,0,0,0,0,8,6,8,0,2,0,0,6,0,3801088,0,0,0,3353,3801088,3801088,0,0,0,1371938803904216095
layer,26,0,25,152,decode,17,8,8,0,0,0,176,0,0,0,0,17,7,2,0,0,0,0,0,0,81,lru,0,0,0,0,0,0,8,8,8,0,0,0,1,0,0,0,0,0,0,0,0,0,0,0,0,16058995578603639597
layer,26,0,25,152,decode,18,8,8,0,0,0,156,0,0,0,0,17,7,1,0,0,0,0,0,0,81,lru,0,0,0,0,0,0,8,8,8,0,0,0,0,0,0,0,0,0,0,0,0,0,0,0,0,5122465006063721064
layer,26,0,25,152,decode,19,8,7,1,0,309,171,228,3,0,3,1859,7,18,0,0,0,0,0,0,81,lru,0,0,0,0,0,0,8,7,8,0,1,0,0,3,0,1900544,0,0,0,1652,1900544,1900544,0,0,0,4043143669940881122
layer,26,0,25,152,decode,20,8,8,0,0,0,173,0,0,0,0,18,7,2,0,0,0,0,0,0,81,lru,0,0,0,0,0,0,8,8,8,0,0,0,0,0,0,0,0,0,0,0,0,0,0,0,0,411546589501663495
layer,26,0,25,152,decode,21,8,6,2,0,617,172,331,4,0,4,4929,7,17,0,0,0,0,0,0,81,lru,0,0,0,0,0,0,8,6,8,0,2,0,0,6,0,3801088,0,0,0,3378,3801088,3801088,0,0,0,1476315676781153411
layer,26,0,25,152,decode,22,8,8,0,0,0,156,0,0,0,0,21,9,2,0,0,0,0,0,0,81,lru,0,0,0,0,0,0,8,8,8,0,0,0,1,0,0,0,0,0,0,0,0,0,0,0,0,15691889511254654321
layer,26,0,25,152,decode,23,8,6,2,0,604,169,429,5,0,5,3936,7,15,0,0,0,0,0,0,81,lru,0,0,0,0,0,0,8,6,8,0,2,0,1,6,0,3801088,0,0,0,3619,3801088,3801088,0,0,0,9372546522381505440
layer,26,0,25,152,decode,24,8,8,0,0,0,171,0,0,0,0,18,7,1,0,0,0,0,0,0,81,lru,0,0,0,0,0,0,8,8,8,0,0,0,1,0,0,0,0,0,0,0,0,0,0,0,0,1842387744818807897
layer,26,0,25,152,decode,25,8,8,0,0,0,177,0,0,0,0,15,6,2,0,0,0,0,0,0,81,lru,0,0,0,0,0,0,8,8,8,0,0,0,0,0,0,0,0,0,0,0,0,0,0,0,0,7041260187433395372
layer,26,0,25,152,decode,26,8,8,0,0,0,156,0,0,0,0,15,6,1,0,0,0,0,0,0,81,lru,0,0,0,0,0,0,8,8,8,0,0,0,0,0,0,0,0,0,0,0,0,0,0,0,0,772968619196794463
layer,26,0,25,152,decode,27,8,8,0,0,0,180,0,0,0,0,16,7,1,0,0,0,0,0,0,81,lru,0,0,0,0,0,0,8,8,8,0,0,0,0,0,0,0,0,0,0,0,0,0,0,0,0,4772745426918186512
layer,26,0,25,152,decode,28,8,7,1,0,301,173,234,3,0,3,2126,6,2,0,0,0,0,0,0,81,lru,0,0,0,0,0,0,8,7,8,0,1,0,0,3,0,1900544,0,0,0,1938,1900544,1900544,0,0,0,3623648597580730791
layer,26,0,25,152,decode,29,8,6,2,2508,714,171,398,4,0,4,3567,7,14,0,0,0,0,0,0,81,lru,0,0,0,0,0,0,8,6,8,0,2,0,1,3,3,1900544,1900544,0,2510,704,3801088,3801088,0,1900544,3,6804655591762903213
layer,26,0,25,152,decode,30,8,8,0,0,0,157,0,0,0,0,18,7,2,0,0,0,0,0,0,81,lru,0,0,0,0,0,0,8,8,8,0,0,0,1,0,0,0,0,0,0,0,0,0,0,0,0,6010401130370905393
layer,26,0,25,152,decode,31,8,6,2,2394,735,168,451,4,0,4,3401,7,8,0,0,0,0,0,0,81,lru,0,0,0,0,0,0,8,6,8,0,2,0,0,3,3,1900544,1900544,0,2394,701,3801088,3801088,0,1900544,3,12794310184464084636
layer,26,0,25,152,decode,32,8,3,5,0,1882,161,1326,4,0,4,4335,7,16,0,0,0,0,0,0,81,lru,0,0,0,0,0,0,8,3,8,0,5,0,1,15,0,9502720,0,0,0,3726,9502720,9502720,0,0,0,1494651646152338909
layer,26,0,25,152,decode,33,8,2,6,2362,2200,175,1486,4,0,4,7053,8,2,0,0,0,0,0,0,81,lru,0,0,0,0,0,0,8,2,8,0,6,0,1,15,3,9502720,1900544,0,2363,4042,11403264,11403264,0,1900544,3,13867100719239006166
layer,26,0,25,152,decode,34,8,4,4,2529,1488,155,915,3,0,3,6371,7,8,0,0,0,0,0,0,81,lru,0,0,0,0,0,0,8,4,8,0,4,0,1,9,3,6119424,2039808,0,2530,3352,8159232,8159232,0,2039808,3,7463436970371631924
layer,26,0,25,152,decode,35,8,6,2,0,642,177,422,4,0,4,2444,7,2,0,0,0,0,0,0,81,lru,0,0,0,0,0,0,8,6,8,0,2,0,1,6,0,3801088,0,0,0,2093,3801088,3801088,0,0,0,14231458892909851886
layer,26,0,25,152,decode,36,8,5,3,0,850,163,636,4,0,4,5611,7,12,0,0,0,0,0,0,81,lru,0,0,0,0,0,0,8,5,8,0,3,0,1,9,0,5701632,0,0,0,5257,5701632,5701632,0,0,0,11451197829615806200
layer,26,0,25,152,decode,37,8,6,2,0,712,176,493,4,0,4,1078,8,2,0,0,0,0,0,0,81,lru,0,0,0,0,0,0,8,6,8,0,2,0,1,6,0,3801088,0,0,0,779,3801088,3801088,0,0,0,8564570701875975226
layer,26,0,25,152,decode,38,8,6,2,2367,690,140,217,4,0,4,3303,7,6,0,0,0,0,0,0,81,lru,0,0,0,0,0,0,8,6,8,0,2,0,1,3,3,2039808,2039808,0,2367,649,4079616,4079616,0,2039808,3,9017308428396376915
layer,26,0,25,152,decode,39,8,7,1,0,388,678,185,3,0,3,623,8,15,0,0,0,0,0,0,81,lru,0,0,0,0,0,0,8,7,8,0,1,0,1,3,0,2039808,0,0,0,423,2039808,2039808,0,0,0,8379014947585943047
request,26,0,25,0,decode,-1,0,0,0,0,0,0,0,0,0,0,0,0,0,0,0,0,0,0,0,0,,124982,499,0,0,14,0,0,0,0,0,0,0,0,0,0,0,0,0,0,0,0,0,0,0,0,0
layer,27,0,26,153,decode,0,8,4,4,0,1133,163,599,4,0,4,7522,8,12,0,0,0,0,0,0,81,lru,0,0,0,0,0,0,8,4,8,0,4,0,0,12,0,7602176,0,0,0,7039,7602176,7602176,0,0,0,3049285207342793864
layer,27,0,26,153,decode,1,8,7,1,0,322,176,261,3,0,3,2095,7,5,0,0,0,0,0,0,81,lru,0,0,0,0,0,0,8,7,8,0,1,0,1,3,0,1900544,0,0,0,1875,1900544,1900544,0,0,0,5746812912340876750
layer,27,0,26,153,decode,2,8,1,7,0,2157,154,1290,4,0,4,14094,7,2,0,0,0,0,0,0,81,lru,0,0,0,0,0,0,8,1,8,0,7,0,1,21,0,13303808,0,0,0,13396,13303808,13303808,0,0,0,11020508222790147278
layer,27,0,26,153,decode,3,8,4,4,4317,1152,178,715,4,0,4,8853,7,2,0,0,0,0,0,0,81,lru,0,0,0,0,0,0,8,4,8,0,4,0,1,6,6,3801088,3801088,0,4318,4003,7602176,7602176,0,3801088,6,9146343479267190914
layer,27,0,26,153,decode,4,8,6,2,0,566,163,434,4,0,4,3657,7,6,0,0,0,0,0,0,81,lru,0,0,0,0,0,0,8,6,8,0,2,0,1,6,0,3801088,0,0,0,3381,3801088,3801088,0,0,0,14885384746972014233
layer,27,0,26,153,decode,5,8,5,3,0,847,177,568,5,0,5,5402,7,2,0,0,0,0,0,0,81,lru,0,0,0,0,0,0,8,5,8,0,3,0,1,9,0,5701632,0,0,0,5061,5701632,5701632,0,0,0,15004094978132387782
layer,27,0,26,153,decode,6,8,5,3,0,838,154,606,4,0,4,5544,7,2,0,0,0,0,0,0,81,lru,0,0,0,0,0,0,8,5,8,0,3,0,0,9,0,5701632,0,0,0,5120,5701632,5701632,0,0,0,15810702620006782613
layer,27,0,26,153,decode,7,8,7,1,2109,293,167,202,3,0,3,2522,7,10,0,0,0,0,0,0,81,lru,0,0,0,0,0,0,8,7,8,0,1,0,1,0,3,0,1900544,0,2109,230,1900544,1900544,0,1900544,3,15802106666511980707
layer,27,0,26,153,decode,8,8,8,0,0,0,173,0,0,0,0,16,7,1,0,0,0,0,0,0,81,lru,0,0,0,0,0,0,8,8,8,0,0,0,1,0,0,0,0,0,0,0,0,0,0,0,0,12175838832512030888
layer,27,0,26,153,decode,9,8,8,0,0,0,176,0,0,0,0,15,6,1,0,0,0,0,0,0,81,lru,0,0,0,0,0,0,8,8,8,0,0,0,0,0,0,0,0,0,0,0,0,0,0,0,0,1105029715129682943
layer,27,0,26,153,decode,10,8,6,2,2206,569,156,254,4,0,4,4463,6,2,0,0,0,0,0,0,81,lru,0,0,0,0,0,0,8,6,8,0,2,0,0,3,3,1900544,1900544,0,2207,1953,3801088,3801088,0,1900544,3,15127719541622009232
layer,27,0,26,153,decode,11,8,7,1,2139,296,182,72,3,0,3,3343,7,3,0,0,0,0,0,0,81,lru,0,0,0,0,0,0,8,7,8,0,1,0,0,0,3,0,1900544,0,2139,231,1900544,1900544,0,1900544,3,14077832710357056777
layer,27,0,26,153,decode,12,8,8,0,0,0,172,0,0,0,0,19,8,2,0,0,0,0,0,0,81,lru,0,0,0,0,0,0,8,8,8,0,0,0,1,0,0,0,0,0,0,0,0,0,0,0,0,14404034970321360887
layer,27,0,26,153,decode,13,8,8,0,0,0,176,0,0,0,0,17,7,1,0,0,0,0,0,0,81,lru,0,0,0,0,0,0,8,8,8,0,0,0,1,0,0,0,0,0,0,0,0,0,0,0,0,5234570979585971858
layer,27,0,26,153,decode,14,8,8,0,0,0,157,0,0,0,0,15,7,1,0,0,0,0,0,0,81,lru,0,0,0,0,0,0,8,8,8,0,0,0,0,0,0,0,0,0,0,0,0,0,0,0,0,11813753270238380835
layer,27,0,26,153,decode,15,8,8,0,0,0,179,0,0,0,0,16,7,2,0,0,0,0,0,0,81,lru,0,0,0,0,0,0,8,8,8,0,0,0,0,0,0,0,0,0,0,0,0,0,0,0,0,8243025295931562569
layer,27,0,26,153,decode,16,8,8,0,0,0,172,0,0,0,0,15,6,1,0,0,0,0,0,0,81,lru,0,0,0,0,0,0,8,8,8,0,0,0,0,0,0,0,0,0,0,0,0,0,0,0,0,11913512939878302985
layer,27,0,26,153,decode,17,8,8,0,0,0,177,0,0,0,0,15,6,1,0,0,0,0,0,0,81,lru,0,0,0,0,0,0,8,8,8,0,0,0,0,0,0,0,0,0,0,0,0,0,0,0,0,6101990732799061315
layer,27,0,26,153,decode,18,8,7,1,0,276,156,193,4,0,4,1899,7,2,0,0,0,0,0,0,81,lru,0,0,0,0,0,0,8,7,8,0,1,0,0,3,0,1900544,0,0,0,1705,1900544,1900544,0,0,0,5206755471994303937
layer,27,0,26,153,decode,19,8,8,0,0,0,180,0,0,0,0,17,8,1,0,0,0,0,0,0,81,lru,0,0,0,0,0,0,8,8,8,0,0,0,0,0,0,0,0,0,0,0,0,0,0,0,0,779035450441266319
layer,27,0,26,153,decode,20,8,8,0,0,0,172,0,0,0,0,16,7,2,0,0,0,0,0,0,81,lru,0,0,0,0,0,0,8,8,8,0,0,0,0,0,0,0,0,0,0,0,0,0,0,0,0,9640575251529207654
layer,27,0,26,153,decode,21,8,8,0,0,0,176,0,0,0,0,15,7,1,0,0,0,0,0,0,81,lru,0,0,0,0,0,0,8,8,8,0,0,0,0,0,0,0,0,0,0,0,0,0,0,0,0,6612494968336894056
layer,27,0,26,153,decode,22,8,7,1,0,296,149,139,3,0,3,1939,7,14,0,0,0,0,0,0,81,lru,0,0,0,0,0,0,8,7,8,0,1,0,0,3,0,1900544,0,0,0,1746,1900544,1900544,0,0,0,11125334887531098149
layer,27,0,26,153,decode,23,8,7,1,0,294,180,246,4,0,4,1925,7,2,0,0,0,0,0,0,81,lru,0,0,0,0,0,0,8,7,8,0,1,0,0,3,0,1900544,0,0,0,1733,1900544,1900544,0,0,0,15648709383993010131
layer,27,0,26,153,decode,24,8,7,1,0,362,163,304,3,0,3,571,7,8,0,0,0,0,0,0,81,lru,0,0,0,0,0,0,8,7,8,0,1,0,0,3,0,1900544,0,0,0,380,1900544,1900544,0,0,0,16746953693377915613
layer,27,0,26,153,decode,25,8,8,0,0,0,177,0,0,0,0,17,7,2,0,0,0,0,0,0,81,lru,0,0,0,0,0,0,8,8,8,0,0,0,1,0,0,0,0,0,0,0,0,0,0,0,0,12156515289550459519
layer,27,0,26,153,decode,26,8,7,1,0,394,158,373,3,0,3,639,7,2,0,0,0,0,0,0,81,lru,0,0,0,0,0,0,8,7,8,0,1,0,0,3,0,1900544,0,0,0,429,1900544,1900544,0,0,0,10597437063634968732
layer,27,0,26,153,decode,27,8,6,2,0,780,179,345,4,0,4,1206,7,2,0,0,0,0,0,0,81,lru,0,0,0,0,0,0,8,6,8,0,2,0,0,6,0,3801088,0,0,0,859,3801088,3801088,0,0,0,4640657221647810387
layer,27,0,26,153,decode,28,8,8,0,0,0,172,0,0,0,0,17,7,1,0,0,0,0,0,0,81,lru,0,0,0,0,0,0,8,8,8,0,0,0,1,0,0,0,0,0,0,0,0,0,0,0,0,15975867468111765625
layer,27,0,26,153,decode,29,8,7,1,0,328,168,181,3,0,3,2074,6,15,0,0,0,0,0,0,81,lru,0,0,0,0,0,0,8,7,8,0,1,0,1,3,0,1900544,0,0,0,1869,1900544,1900544,0,0,0,15681215317930033852
layer,27,0,26,153,decode,30,8,5,3,0,1020,147,708,4,0,4,4598,7,12,0,0,0,0,0,0,81,lru,0,0,0,0,0,0,8,5,8,0,3,0,1,9,0,5701632,0,0,0,4237,5701632,5701632,0,0,0,281940841337417891
layer,27,0,26,153,decode,31,8,7,1,0,396,179,187,3,0,3,625,7,2,0,0,0,0,0,0,81,lru,0,0,0,0,0,0,8,7,8,0,1,0,1,3,0,1900544,0,0,0,409,1900544,1900544,0,0,0,17288780882128605507
layer,27,0,26,153,decode,32,8,6,2,2484,719,171,546,4,0,4,3478,7,2,0,0,0,0,0,0,81,lru,0,0,0,0,0,0,8,6,8,0,2,0,1,3,3,1900544,1900544,0,2486,699,3801088,3801088,0,1900544,3,13655543578052763006
layer,27,0,26,153,decode,33,8,8,0,0,0,178,0,0,0,0,16,7,2,0,0,0,0,0,0,81,lru,0,0,0,0,0,0,8,8,8,0,0,0,0,0,0,0,0,0,0,0,0,0,0,0,0,10817035811875363276
layer,27,0,26,153,decode,34,8,5,3,0,1144,148,737,3,0,3,3404,6,6,0,0,0,0,0,0,81,lru,0,0,0,0,0,0,8,5,8,0,3,0,1,9,0,6119424,0,0,0,2998,6119424,6119424,0,0,0,9939404100851430435
layer,27,0,26,153,decode,35,8,4,4,4801,1355,169,798,4,0,4,8234,7,16,0,0,0,0,0,0,81,lru,0,0,0,0,0,0,8,4,8,0,4,0,1,6,6,3801088,3801088,0,4801,2902,7602176,7602176,0,3801088,6,10044799704985113650
layer,27,0,26,153,decode,36,8,6,2,0,789,172,609,4,0,4,1203,7,2,0,0,0,0,0,0,81,lru,0,0,0,0,0,0,8,6,8,0,2,0,1,6,0,3801088,0,0,0,900,3801088,3801088,0,0,0,11476288923996387243
layer,27,0,26,153,decode,37,8,4,4,2058,1496,168,935,4,0,4,4208,7,10,0,0,0,0,0,0,81,lru,0,0,0,0,0,0,8,4,8,0,4,0,1,9,3,5701632,1900544,0,2058,1599,7602176,7602176,0,1900544,3,8340149774485651426
layer,27,0,26,153,decode,38,8,6,2,2512,745,147,566,3,0,3,3570,7,14,0,0,0,0,0,0,81,lru,0,0,0,0,0,0,8,6,8,0,2,0,1,3,3,2039808,2039808,0,2512,754,4079616,4079616,0,2039808,3,12480348698042885123
layer,27,0,26,153,decode,39,8,4,4,5261,1545,677,934,4,0,4,7339,7,11,0,0,0,0,0,0,81,lru,0,0,0,0,0,0,8,4,8,0,4,0,1,6,6,4079616,4079616,0,5261,1609,8159232,8159232,0,4079616,6,14632045546257376818
request,27,0,26,0,decode,-1,0,0,0,0,0,0,0,0,0,0,0,0,0,0,0,0,0,0,0,0,,112549,462,0,0,21,0,0,0,0,0,0,0,0,0,0,0,0,0,0,0,0,0,0,0,0,0
layer,28,0,27,154,decode,0,8,4,4,0,1235,164,789,4,0,4,8345,8,13,0,0,0,0,0,0,81,lru,0,0,0,0,0,0,8,4,8,0,4,0,0,12,0,7602176,0,0,0,7804,7602176,7602176,0,0,0,16300886087441398501
layer,28,0,27,154,decode,1,8,4,4,0,1235,164,812,4,0,4,8370,7,16,0,0,0,0,0,0,81,lru,0,0,0,0,0,0,8,4,8,0,4,0,1,12,0,7602176,0,0,0,7872,7602176,7602176,0,0,0,5599020540175782143
layer,28,0,27,154,decode,2,8,2,6,7281,1818,144,1013,4,0,4,14428,7,11,0,0,0,0,0,0,81,lru,0,0,0,0,0,0,8,2,8,0,6,0,1,9,9,5701632,5701632,0,7285,6469,11403264,11403264,0,5701632,9,10867217338407210095
layer,28,0,27,154,decode,3,8,3,5,4453,1392,169,566,4,0,4,10625,7,12,0,0,0,0,0,0,81,lru,0,0,0,0,0,0,8,3,8,0,5,0,1,9,6,5701632,3801088,0,4455,5670,9502720,9502720,0,3801088,6,17553720135522962967
layer,28,0,27,154,decode,4,8,7,1,2245,315,163,173,3,0,3,2705,7,9,0,0,0,0,0,0,81,lru,0,0,0,0,0,0,8,7,8,0,1,0,1,0,3,0,1900544,0,2245,253,1900544,1900544,0,1900544,3,9215714801244858365
layer,28,0,27,154,decode,5,8,5,3,4483,853,167,625,4,0,4,7147,7,7,0,0,0,0,0,0,81,lru,0,0,0,0,0,0,8,5,8,0,3,0,0,3,6,1900544,3801088,0,4485,2269,5701632,5701632,0,3801088,6,12552856477220122705
layer,28,0,27,154,decode,6,8,7,1,0,304,158,192,3,0,3,1929,7,2,0,0,0,0,0,0,81,lru,0,0,0,0,0,0,8,7,8,0,1,0,1,3,0,1900544,0,0,0,1700,1900544,1900544,0,0,0,1909527003677766494
layer,28,0,27,154,decode,7,8,8,0,0,0,180,0,0,0,0,16,7,2,0,0,0,0,0,0,81,lru,0,0,0,0,0,0,8,8,8,0,0,0,0,0,0,0,0,0,0,0,0,0,0,0,0,425882996795242999
layer,28,0,27,154,decode,8,8,8,0,0,0,172,0,0,0,0,16,6,1,0,0,0,0,0,0,81,lru,0,0,0,0,0,0,8,8,8,0,0,0,0,0,0,0,0,0,0,0,0,0,0,0,0,1833475113014944707
layer,28,0,27,154,decode,9,8,8,0,0,0,177,0,0,0,0,15,6,1,0,0,0,0,0,0,81,lru,0,0,0,0,0,0,8,8,8,0,0,0,0,0,0,0,0,0,0,0,0,0,0,0,0,7368469091895229099
layer,28,0,27,154,decode,10,8,6,2,2284,585,163,1544,4,0,4,4740,7,7,0,0,0,0,0,0,81,lru,0,0,0,0,0,0,8,6,8,0,2,0,0,3,3,1900544,1900544,8,2284,2065,3801088,3801088,0,1900544,3,18064604073423361307
layer,28,0,27,154,decode,11,8,7,1,2235,301,180,235,4,0,4,2687,9,3,0,0,0,0,0,0,81,lru,0,0,0,0,0,0,8,7,8,0,1,0,1,0,3,0,1900544,0,2235,253,1900544,1900544,0,1900544,3,2710025925904848013
layer,28,0,27,154,decode,12,8,8,0,0,0,171,0,0,0,0,18,7,2,0,0,0,0,0,0,81,lru,0,0,0,0,0,0,8,8,8,0,0,0,1,0,0,0,0,0,0,0,0,0,0,0,0,8369343122702688098
layer,28,0,27,154,decode,13,8,8,0,0,0,177,0,0,0,0,16,7,1,0,0,0,0,0,0,81,lru,0,0,0,0,0,0,8,8,8,0,0,0,0,0,0,0,0,0,0,0,0,0,0,0,0,4346179372992242703
layer,28,0,27,154,decode,14,8,8,0,0,0,157,0,0,0,0,15,7,1,0,0,0,0,0,0,81,lru,0,0,0,0,0,0,8,8,8,0,0,0,0,0,0,0,0,0,0,0,0,0,0,0,0,2507602190859107844
layer,28,0,27,154,decode,15,8,8,0,0,0,179,0,0,0,0,16,7,1,0,0,0,0,0,0,81,lru,0,0,0,0,0,0,8,8,8,0,0,0,0,0,0,0,0,0,0,0,0,0,0,0,0,7272522284762443400
layer,28,0,27,154,decode,16,8,6,2,2181,584,164,198,5,0,5,4425,6,10,0,0,0,0,0,0,81,lru,0,0,0,0,0,0,8,6,8,0,2,0,0,3,3,1900544,1900544,0,2181,1975,3801088,3801088,0,1900544,3,41966770021528166
layer,28,0,27,154,decode,17,8,7,1,0,306,169,245,3,0,3,1884,7,9,0,0,0,0,0,0,81,lru,0,0,0,0,0,0,8,7,8,0,1,0,0,3,0,1900544,0,0,0,1688,1900544,1900544,0,0,0,4997253786737306547
layer,28,0,27,154,decode,18,8,8,0,0,0,156,0,0,0,0,17,7,1,0,0,0,0,0,0,81,lru,0,0,0,0,0,0,8,8,8,0,0,0,0,0,0,0,0,0,0,0,0,0,0,0,0,4862115970302725144
layer,28,0,27,154,decode,19,8,7,1,2166,314,172,58,3,0,3,2623,7,15,0,0,0,0,0,0,81,lru,0,0,0,0,0,0,8,7,8,0,1,0,0,0,3,0,1900544,0,2166,247,1900544,1900544,0,1900544,3,7134384077522401476
layer,28,0,27,154,decode,20,8,8,0,0,0,173,0,0,0,0,18,7,2,0,0,0,0,0,0,81,lru,0,0,0,0,0,0,8,8,8,0,0,0,0,0,0,0,0,0,0,0,0,0,0,0,0,11727403306423980691
layer,28,0,27,154,decode,21,8,8,0,0,0,176,0,0,0,0,15,7,1,0,0,0,0,0,0,81,lru,0,0,0,0,0,0,8,8,8,0,0,0,0,0,0,0,0,0,0,0,0,0,0,0,0,12979183054842479374
layer,28,0,27,154,decode,22,8,8,0,0,0,157,0,0,0,0,22,13,1,0,0,0,0,0,0,81,lru,0,0,0,0,0,0,8,8,8,0,0,0,0,0,0,0,0,0,0,0,0,0,0,0,0,10632240018259733492
layer,28,0,27,154,decode,23,8,7,1,0,362,181,271,3,0,3,599,7,2,0,0,0,0,0,0,81,lru,0,0,0,0,0,0,8,7,8,0,1,0,1,3,0,1900544,0,0,0,408,1900544,1900544,0,0,0,17986595790658149142
layer,28,0,27,154,decode,24,8,7,1,0,300,174,119,3,0,3,1929,7,6,0,0,0,0,0,0,81,lru,0,0,0,0,0,0,8,7,8,0,1,0,1,3,0,1900544,0,0,0,1725,1900544,1900544,0,0,0,9770641562313128347
layer,28,0,27,154,decode,25,8,7,1,2189,310,176,242,3,0,3,2641,7,2,0,0,0,0,0,0,81,lru,0,0,0,0,0,0,8,7,8,0,1,0,0,0,3,0,1900544,0,2190,250,1900544,1900544,0,1900544,3,14860896097317587249
layer,28,0,27,154,decode,26,8,6,2,0,784,157,576,4,0,4,1209,7,2,0,0,0,0,0,0,81,lru,0,0,0,0,0,0,8,6,8,0,2,0,0,6,0,3801088,0,0,0,895,3801088,3801088,0,0,0,3010619501709238672
layer,28,0,27,154,decode,27,8,6,2,2392,631,180,479,4,0,4,4857,7,2,0,0,0,0,0,0,81,lru,0,0,0,0,0,0,8,6,8,0,2,0,1,3,3,1900544,1900544,0,2393,2172,3801088,3801088,0,1900544,3,827841151535196834
layer,28,0,27,154,decode,28,8,8,0,0,0,173,0,0,0,0,18,7,1,0,0,0,0,0,0,81,lru,0,0,0,0,0,0,8,8,8,0,0,0,1,0,0,0,0,0,0,0,0,0,0,0,0,13957075572826796494
layer,28,0,27,154,decode,29,8,6,2,0,788,175,683,4,0,4,1188,7,2,0,0,0,0,0,0,81,lru,0,0,0,0,0,0,8,6,8,0,2,0,0,6,0,3801088,0,0,0,885,3801088,3801088,0,0,0,18075938155198574817
layer,28,0,27,154,decode,30,8,6,2,0,794,157,532,4,0,4,1179,7,2,0,0,0,0,0,0,81,lru,0,0,0,0,0,0,8,6,8,0,2,0,0,6,0,3801088,0,0,0,877,3801088,3801088,0,0,0,829771228247104985
layer,28,0,27,154,decode,31,8,6,2,0,775,167,567,4,0,4,1224,7,15,0,0,0,0,0,0,81,lru,0,0,0,0,0,0,8,6,8,0,2,0,0,6,0,3801088,0,0,0,868,3801088,3801088,0,0,0,18131977474183783756
layer,28,0,27,154,decode,32,8,3,5,0,1682,162,946,4,0,4,7131,7,18,0,0,0,0,0,0,81,lru,0,0,0,0,0,0,8,3,8,0,5,0,1,15,0,9502720,0,2,0,6585,9502720,9502720,0,0,0,14109755336798895480
layer,28,0,27,154,decode,33,8,6,2,0,777,176,520,4,0,4,1205,7,2,0,0,0,0,0,0,81,lru,0,0,0,0,0,0,8,6,8,0,2,0,1,6,0,3801088,0,0,0,892,3801088,3801088,0,0,0,10050491631874251361
layer,28,0,27,154,decode,34,8,6,2,0,822,146,593,3,0,3,1226,7,14,0,0,0,0,0,0,81,lru,0,0,0,0,0,0,8,6,8,0,2,0,1,6,0,4079616,0,0,0,952,4079616,4079616,0,0,0,3182600703503947111
layer,28,0,27,154,decode,35,8,5,3,0,1022,179,550,3,0,3,4591,7,2,0,0,0,0,0,0,81,lru,0,0,0,0,0,0,8,5,8,0,3,0,0,9,0,5701632,0,0,0,4226,5701632,5701632,0,0,0,7354816813562201349
layer,28,0,27,154,decode,36,8,7,1,0,325,165,239,3,0,3,2220,6,8,0,0,0,0,0,0,81,lru,0,0,0,0,0,0,8,7,8,0,1,0,1,3,0,1900544,0,0,0,1975,1900544,1900544,0,0,0,6765769139146727323
layer,28,0,27,154,decode,37,8,6,2,0,692,177,447,4,0,4,2706,7,2,0,0,0,0,0,0,81,lru,0,0,0,0,0,0,8,6,8,0,2,0,0,6,0,3801088,0,0,0,2407,3801088,3801088,0,0,0,1129862083503964722
layer,28,0,27,154,decode,38,8,8,0,0,0,158,0,0,0,0,17,7,2,0,0,0,0,0,0,81,lru,0,0,0,0,0,0,8,8,8,0,0,0,1,0,0,0,0,0,0,0,0,0,0,0,0,14585651329267671126
layer,28,0,27,154,decode,39,8,7,1,2532,358,679,207,3,0,3,3097,7,8,0,0,0,0,0,0,81,lru,0,0,0,0,0,0,8,7,8,0,1,0,1,0,3,0,2039808,0,2533,311,2039808,2039808,0,2039808,3,7449491143702380896
request,28,0,27,0,decode,-1,0,0,0,0,0,0,0,0,0,0,0,0,0,0,0,0,0,0,0,0,,115069,467,0,0,23,0,0,0,0,0,0,0,0,0,0,0,0,0,0,0,0,0,0,0,0,0
layer,29,0,28,155,decode,0,8,2,6,0,1854,170,1186,3,0,3,12396,9,8,0,0,0,0,0,0,81,lru,0,0,0,0,0,0,8,2,8,0,6,0,1,18,0,11403264,0,0,0,11679,11403264,11403264,0,0,0,4327362494703572281
layer,29,0,28,155,decode,1,8,6,2,0,625,166,350,4,0,4,4160,8,15,0,0,0,0,0,0,81,lru,0,0,0,0,0,0,8,6,8,0,2,0,1,6,0,3801088,0,0,0,3871,3801088,3801088,0,0,0,14065102358346027718
layer,29,0,28,155,decode,2,8,2,6,0,1811,139,1095,4,0,4,11836,7,13,0,0,0,0,0,0,81,lru,0,0,0,0,0,0,8,2,8,0,6,0,1,18,0,11403264,0,0,0,11217,11403264,11403264,0,0,0,3516340092067838953
layer,29,0,28,155,decode,3,8,4,4,0,1115,181,717,4,0,4,7124,8,2,0,0,0,0,0,0,81,lru,0,0,0,0,0,0,8,4,8,0,4,0,1,12,0,7602176,0,0,0,6739,7602176,7602176,0,0,0,1100802198320965907
layer,29,0,28,155,decode,4,8,7,1,0,299,173,174,3,0,3,1883,7,2,0,0,0,0,0,0,81,lru,0,0,0,0,0,0,8,7,8,0,1,0,1,3,0,1900544,0,0,0,1688,1900544,1900544,0,0,0,11106909211241539403
layer,29,0,28,155,decode,5,8,7,1,2247,310,156,23,3,0,3,2625,7,7,0,0,0,0,0,0,81,lru,0,0,0,0,0,0,8,7,8,0,1,0,1,0,3,0,1900544,0,2247,251,1900544,1900544,0,1900544,3,14578264709131415160
layer,29,0,28,155,decode,6,8,8,0,0,0,156,0,0,0,0,18,7,2,0,0,0,0,0,0,81,lru,0,0,0,0,0,0,8,8,8,0,0,0,1,0,0,0,0,0,0,0,0,0,0,0,0,17005983831065096336
layer,29,0,28,155,decode,7,8,6,2,0,560,180,391,4,0,4,3623,7,2,0,0,0,0,0,0,81,lru,0,0,0,0,0,0,8,6,8,0,2,0,1,6,0,3801088,0,0,0,3366,3801088,3801088,0,0,0,2714976930446626693
layer,29,0,28,155,decode,8,8,8,0,0,0,172,0,0,0,0,18,8,1,0,0,0,0,0,0,81,lru,0,0,0,0,0,0,8,8,8,0,0,0,1,0,0,0,0,0,0,0,0,0,0,0,0,11132951618123021528
layer,29,0,28,155,decode,9,8,8,0,0,0,175,0,0,0,0,15,7,1,0,0,0,0,0,0,81,lru,0,0,0,0,0,0,8,8,8,0,0,0,0,0,0,0,0,0,0,0,0,0,0,0,0,3225413154929933903
layer,29,0,28,155,decode,10,8,8,0,0,0,157,0,0,0,0,15,6,1,0,0,0,0,0,0,81,lru,0,0,0,0,0,0,8,8,8,0,0,0,0,0,0,0,0,0,0,0,0,0,0,0,0,2822747955567341141
layer,29,0,28,155,decode,11,8,7,1,0,310,173,128,3,0,3,1856,7,17,0,0,0,0,0,0,81,lru,0,0,0,0,0,0,8,7,8,0,1,0,0,3,0,1900544,0,0,0,1666,1900544,1900544,0,0,0,18375021326118626046
layer,29,0,28,155,decode,12,8,8,0,0,0,172,0,0,0,0,18,8,1,0,0,0,0,0,0,81,lru,0,0,0,0,0,0,8,8,8,0,0,0,0,0,0,0,0,0,0,0,0,0,0,0,0,11049100600372902594
layer,29,0,28,155,decode,13,8,6,2,0,573,166,383,4,0,4,3620,6,15,0,0,0,0,0,0,81,lru,0,0,0,0,0,0,8,6,8,0,2,0,0,6,0,3801088,0,0,0,3335,3801088,3801088,0,0,0,4735333354128521725
layer,29,0,28,155,decode,14,8,7,1,0,297,157,229,3,0,3,1865,8,2,0,0,0,0,0,0,81,lru,0,0,0,0,0,0,8,7,8,0,1,0,1,3,0,1900544,0,0,0,1666,1900544,1900544,0,0,0,16110059113154180803
layer,29,0,28,155,decode,15,8,7,1,0,305,172,240,3,0,3,1870,7,5,0,0,0,0,0,0,81,lru,0,0,0,0,0,0,8,7,8,0,1,0,0,3,0,1900544,0,0,0,1664,1900544,1900544,0,0,0,14765736589967948972
layer,29,0,28,155,decode,16,8,7,1,0,304,172,61,3,0,3,1849,7,2,0,0,0,0,0,0,81,lru,0,0,0,0,0,0,8,7,8,0,1,0,0,3,0,1900544,0,0,0,1661,1900544,1900544,0,0,0,10360473660820749374
layer,29,0,28,155,decode,17,8,7,1,0,307,177,199,3,0,3,1907,7,2,0,0,0,0,0,0,81,lru,0,0,0,0,0,0,8,7,8,0,1,0,0,3,0,1900544,0,0,0,1667,1900544,1900544,0,0,0,16601726865547117481
layer,29,0,28,155,decode,18,8,8,0,0,0,157,0,0,0,0,17,7,1,0,0,0,0,0,0,81,lru,0,0,0,0,0,0,8,8,8,0,0,0,0,0,0,0,0,0,0,0,0,0,0,0,0,14164314764381025160
layer,29,0,28,155,decode,19,8,7,1,0,307,168,218,3,0,3,1859,7,8,0,0,0,0,0,0,81,lru,0,0,0,0,0,0,8,7,8,0,1,0,0,3,0,1900544,0,0,0,1666,1900544,1900544,0,0,0,911189445372973722
layer,29,0,28,155,decode,20,8,7,1,0,301,165,217,3,0,3,1852,8,14,0,0,0,0,0,0,81,lru,0,0,0,0,0,0,8,7,8,0,1,0,0,3,0,1900544,0,0,0,1661,1900544,1900544,0,0,0,2754220678570831200
layer,29,0,28,155,decode,21,8,7,1,2294,301,165,194,3,0,3,2741,7,14,0,0,0,0,0,0,81,lru,0,0,0,0,0,0,8,7,8,0,1,0,0,0,3,0,1900544,0,2294,257,1900544,1900544,0,1900544,3,10149547650728098955
layer,29,0,28,155,decode,22,8,5,3,2305,979,157,614,5,0,5,3714,7,2,0,0,0,0,0,0,81,lru,0,0,0,0,0,0,8,5,8,0,3,0,1,6,3,3801088,1900544,0,2306,1063,5701632,5701632,0,1900544,3,17948046909083251175
layer,29,0,28,155,decode,23,8,7,1,2249,311,168,217,3,0,3,2682,7,9,0,0,0,0,0,0,81,lru,0,0,0,0,0,0,8,7,8,0,1,0,1,0,3,0,1900544,0,2249,239,1900544,1900544,0,1900544,3,9008476741154429313
layer,29,0,28,155,decode,24,8,6,2,0,676,172,426,4,0,4,1108,7,2,0,0,0,0,0,0,81,lru,0,0,0,0,0,0,8,6,8,0,2,0,1,6,0,3801088,0,0,0,766,3801088,3801088,0,0,0,16433223345083778128
layer,29,0,28,155,decode,25,8,6,2,2216,642,177,404,4,0,4,3187,7,2,0,0,0,0,0,0,81,lru,0,0,0,0,0,0,8,6,8,0,2,0,1,3,3,1900544,1900544,0,2217,624,3801088,3801088,0,1900544,3,11974481517862027609
layer,29,0,28,155,decode,26,8,8,0,0,0,157,0,0,0,0,18,7,1,0,0,0,0,0,0,81,lru,0,0,0,0,0,0,8,8,8,0,0,0,1,0,0,0,0,0,0,0,0,0,0,0,0,279265234733812504
layer,29,0,28,155,decode,27,8,7,1,0,347,173,267,3,0,3,593,7,11,0,0,0,0,0,0,81,lru,0,0,0,0,0,0,8,7,8,0,1,0,0,3,0,1900544,0,0,0,407,1900544,1900544,0,0,0,16361068397593813664
layer,29,0,28,155,decode,28,8,7,1,0,301,164,133,2,0,2,1873,7,6,0,0,0,0,0,0,81,lru,0,0,0,0,0,0,8,7,8,0,1,0,1,3,0,1900544,0,0,0,1680,1900544,1900544,0,0,0,13882578010468255114
layer,29,0,28,155,decode,29,8,7,1,0,341,174,284,3,0,3,577,7,2,0,0,0,0,0,0,81,lru,0,0,0,0,0,0,8,7,8,0,1,0,1,3,0,1900544,0,0,0,378,1900544,1900544,0,0,0,14626689432520093507
layer,29,0,28,155,decode,30,8,6,2,0,721,156,521,4,0,4,1061,7,9,0,0,0,0,0,0,81,lru,0,0,0,0,0,0,8,6,8,0,2,0,0,6,0,3801088,0,0,0,791,3801088,3801088,0,0,0,18144490261284190211
layer,29,0,28,155,decode,31,8,6,2,0,633,171,330,4,0,4,2334,8,15,0,0,0,0,0,0,81,lru,0,0,0,0,0,0,8,6,8,0,2,0,1,6,0,3801088,0,0,0,2050,3801088,3801088,0,0,0,10424976313557680089
layer,29,0,28,155,decode,32,8,5,3,2420,1055,340,2432,4,0,4,5492,8,37,0,0,0,0,0,0,81,lru,0,0,0,0,0,0,8,5,8,0,3,0,1,6,3,3801088,1900544,12,2422,2530,5701632,5701632,0,1900544,3,16767283283399087973
layer,29,0,28,155,decode,33,8,7,1,0,341,266,254,98,1,97,2347,14,16,0,0,0,0,0,0,81,lru,0,0,0,0,0,0,8,7,8,0,1,0,18,3,0,1900544,0,3,0,1935,1900544,1900544,0,0,0,631841491194771163
layer,29,0,28,155,decode,34,8,8,0,0,0,229,0,0,0,0,73,11,2,0,0,0,0,0,0,81,lru,0,0,0,0,0,0,8,8,8,0,0,0,1,0,0,0,0,0,0,0,0,0,0,0,0,7801976448211184615
layer,29,0,28,155,decode,35,8,6,2,0,692,254,405,41,1,40,2719,7,6,0,0,0,0,0,0,81,lru,0,0,0,0,0,0,8,6,8,0,2,0,0,6,0,3801088,0,11,0,2284,3801088,3801088,0,0,0,3545376627965178161
layer,29,0,28,155,decode,36,8,5,3,4811,996,251,715,35,0,35,6393,7,2,0,0,0,0,0,0,81,lru,0,0,0,0,0,0,8,5,8,0,3,0,1,3,6,1900544,3801088,4,4814,1026,5701632,5701632,0,3801088,6,15365636683677819498
layer,29,0,28,155,decode,37,8,7,1,2218,335,259,278,51,0,51,2806,7,5,0,0,0,0,0,0,81,lru,0,0,0,0,0,0,8,7,8,0,1,0,2,0,3,0,1900544,3,2218,285,1900544,1900544,0,1900544,3,13645016677498903529
layer,29,0,28,155,decode,38,8,5,3,2520,1082,184,491,44,0,44,5828,7,3,0,0,0,0,0,0,81,lru,0,0,0,0,0,0,8,5,8,0,3,0,0,6,3,4079616,2039808,17,2520,2841,6119424,6119424,0,2039808,3,9470184524785509108
layer,29,0,28,155,decode,39,8,5,3,0,1264,716,775,17,0,17,1907,8,2,0,0,0,0,0,0,81,lru,0,0,0,0,0,0,8,5,8,0,3,0,3,9,0,6119424,0,17,0,1449,6119424,6119424,0,0,0,8449362666641358316
request,29,0,28,0,decode,-1,0,0,0,0,0,0,0,0,0,0,0,0,0,0,0,0,0,0,0,0,,116529,500,0,0,17,0,0,0,0,0,0,0,0,0,0,0,0,0,0,0,0,0,0,0,0,0
layer,30,0,29,156,decode,0,8,3,5,0,1555,253,1035,21,1,20,10366,9,4,0,0,0,0,0,0,81,lru,0,0,0,0,0,0,8,3,8,0,5,0,2,15,0,9502720,0,16,0,9742,9502720,9502720,0,0,0,17523580035839821793
layer,30,0,29,156,decode,1,8,6,2,2554,629,250,371,19,0,19,5061,8,16,0,0,0,0,0,0,81,lru,0,0,0,0,0,0,8,6,8,0,2,0,2,3,3,1900544,1900544,6,2555,2155,3801088,3801088,0,1900544,3,6184346355392901091
layer,30,0,29,156,decode,2,8,7,1,0,315,195,166,20,0,20,2176,7,15,0,0,0,0,0,0,81,lru,0,0,0,0,0,0,8,7,8,0,1,0,2,3,0,1900544,0,10,0,1936,1900544,1900544,0,0,0,6424457148373236086
layer,30,0,29,156,decode,3,8,8,0,0,0,259,0,0,0,0,27,7,2,0,0,0,0,0,0,81,lru,0,0,0,0,0,0,8,8,8,0,0,0,0,0,0,0,0,0,0,0,0,0,0,0,0,13113817236723571387
layer,30,0,29,156,decode,4,8,7,1,0,325,258,284,14,0,14,2118,6,2,0,0,0,0,0,0,81,lru,0,0,0,0,0,0,8,7,8,0,1,0,0,3,0,1900544,0,4,0,1876,1900544,1900544,0,0,0,17075149254274789227
layer,30,0,29,156,decode,5,8,8,0,0,0,266,0,1,1,0,37,7,2,0,0,0,0,0,0,81,lru,0,0,0,0,0,0,8,8,8,0,0,0,0,0,0,0,0,0,0,0,0,0,0,0,0,8944703699118164224
layer,30,0,29,156,decode,6,8,6,2,0,632,180,374,17,0,17,4112,7,15,0,0,0,0,0,0,81,lru,0,0,0,0,0,0,8,6,8,0,2,0,0,6,0,3801088,0,10,0,3788,3801088,3801088,0,0,0,3438107162016372854
layer,30,0,29,156,decode,7,8,8,0,0,0,257,0,0,0,0,24,7,2,0,0,0,0,0,0,81,lru,0,0,0,0,0,0,8,8,8,0,0,0,0,0,0,0,0,0,0,0,0,0,0,0,0,6807750601820297120
layer,30,0,29,156,decode,8,8,8,0,0,0,256,0,0,0,0,32,6,1,0,0,0,0,0,0,81,lru,0,0,0,0,0,0,8,8,8,0,0,0,0,0,0,0,0,0,0,0,0,0,0,0,0,10151785294779109484
layer,30,0,29,156,decode,9,8,6,2,2487,625,257,393,16,1,15,5060,6,8,0,0,0,0,0,0,81,lru,0,0,0,0,0,0,8,6,8,0,2,0,0,3,3,1900544,1900544,7,2487,2232,3801088,3801088,0,1900544,3,8341965225974552022
layer,30,0,29,156,decode,10,8,7,1,0,332,190,200,11,0,11,2130,7,16,0,0,0,0,0,0,81,lru,0,0,0,0,0,0,8,7,8,0,1,0,6,3,0,1900544,0,4,0,1886,1900544,1900544,0,0,0,3495372929333211680
layer,30,0,29,156,decode,11,8,7,1,0,324,247,102,13,0,13,2106,7,5,0,0,0,0,0,0,81,lru,0,0,0,0,0,0,8,7,8,0,1,0,0,3,0,1900544,0,3,0,1868,1900544,1900544,0,0,0,4749455521397869406
layer,30,0,29,156,decode,12,8,6,2,2426,628,251,400,17,0,17,4945,7,2,0,0,0,0,0,0,81,lru,0,0,0,0,0,0,8,6,8,0,2,0,0,3,3,1900544,1900544,3,2427,2190,3801088,3801088,0,1900544,3,6820318762359880774
layer,30,0,29,156,decode,13,8,8,0,0,0,261,0,1,1,0,27,7,2,0,0,0,0,0,0,81,lru,0,0,0,0,0,0,8,8,8,0,0,0,0,0,0,0,0,0,0,0,0,0,0,0,0,17174183548535293473
layer,30,0,29,156,decode,14,8,8,0,0,0,194,0,0,0,0,22,7,2,0,0,0,0,0,0,81,lru,0,0,0,0,0,0,8,8,8,0,0,0,0,0,0,0,0,0,0,0,0,0,0,0,0,4363036352735551254
layer,30,0,29,156,decode,15,8,8,0,0,0,244,0,0,0,0,27,7,1,0,0,0,0,0,0,81,lru,0,0,0,0,0,0,8,8,8,0,0,0,0,0,0,0,0,0,0,0,0,0,0,0,0,851375649587016041
layer,30,0,29,156,decode,16,8,8,0,0,0,239,0,0,0,0,43,6,1,0,0,0,0,0,0,81,lru,0,0,0,0,0,0,8,8,8,0,0,0,0,0,0,0,0,0,0,0,0,0,0,0,0,2398935448043324944
layer,30,0,29,156,decode,17,8,7,1,0,336,245,301,19,0,19,2127,7,2,0,0,0,0,0,0,81,lru,0,0,0,0,0,0,8,7,8,0,1,0,0,3,0,1900544,0,3,0,1854,1900544,1900544,0,0,0,10655258432195790166
layer,30,0,29,156,decode,18,8,6,2,0,263,143,53,12,0,12,1462,7,3,0,0,0,0,0,0,81,lru,0,0,0,0,0,0,8,6,8,0,2,0,0,6,0,3801088,0,3,0,1348,3801088,3801088,0,0,0,5178959338059657566
layer,30,0,29,156,decode,19,8,8,0,0,0,259,0,1,1,0,28,7,2,0,0,0,0,0,0,81,lru,0,0,0,0,0,0,8,8,8,0,0,0,1,0,0,0,0,0,0,0,0,0,0,0,0,15101824762450851748
layer,30,0,29,156,decode,20,8,7,1,0,156,238,34,10,0,10,774,7,18,0,0,0,0,0,0,81,lru,0,0,0,0,0,0,8,7,8,0,1,0,1,3,0,1900544,0,1,0,648,1900544,1900544,0,0,0,13667883714972172919
layer,30,0,29,156,decode,21,8,8,0,0,0,252,0,0,0,0,24,8,1,0,0,0,0,0,0,81,lru,0,0,0,0,0,0,8,8,8,0,0,0,0,0,0,0,0,0,0,0,0,0,0,0,0,16218632599716730239
layer,30,0,29,156,decode,22,8,8,0,0,0,224,0,0,0,0,19,7,2,0,0,0,0,0,0,81,lru,0,0,0,0,0,0,8,8,8,0,0,0,1,0,0,0,0,0,0,0,0,0,0,0,0,14301877394303883572
layer,30,0,29,156,decode,23,8,6,2,0,242,249,52,8,1,7,1494,7,4,0,0,0,0,0,0,81,lru,0,0,0,0,0,0,8,6,8,0,2,0,0,6,0,3801088,0,2,0,1357,3801088,3801088,0,0,0,9533867927609123348
layer,30,0,29,156,decode,24,8,6,2,1126,276,190,44,15,0,15,1565,7,3,0,0,0,0,0,0,81,lru,0,0,0,0,0,0,8,6,8,0,2,0,1,3,3,1900544,1900544,2,1126,320,3801088,3801088,0,1900544,3,6300985459132580045
layer,30,0,29,156,decode,25,8,8,0,0,0,247,0,0,0,0,23,6,3,0,0,0,0,0,0,81,lru,0,0,0,0,0,0,8,8,8,0,0,0,1,0,0,0,0,0,0,0,0,0,0,0,0,11742699764268741098
layer,30,0,29,156,decode,26,8,7,1,0,179,183,14,11,0,11,252,6,3,0,0,0,0,0,0,81,lru,0,0,0,0,0,0,8,7,8,0,1,0,0,3,0,1900544,0,1,0,171,1900544,1900544,0,0,0,287351134832596228
layer,30,0,29,156,decode,27,8,6,2,0,275,239,56,14,1,13,959,7,12,0,0,0,0,0,0,81,lru,0,0,0,0,0,0,8,6,8,0,2,0,0,6,0,3801088,0,2,0,814,3801088,3801088,0,0,0,11673234590575832024
layer,30,0,29,156,decode,28,8,6,2,992,259,217,77,7,0,7,1873,7,11,0,0,0,0,0,0,81,lru,0,0,0,0,0,0,8,6,8,0,2,0,1,3,3,1900544,1900544,2,992,752,3801088,3801088,0,1900544,3,9329331861515249223
layer,30,0,29,156,decode,29,8,7,1,0,159,248,60,10,0,10,303,7,15,0,0,0,0,0,0,81,lru,0,0,0,0,0,0,8,7,8,0,1,0,2,3,0,1900544,0,1,0,169,1900544,1900544,0,0,0,5253982561450243122
layer,30,0,29,156,decode,30,8,5,3,950,369,176,100,10,0,10,2095,8,4,0,0,0,0,0,0,81,lru,0,0,0,0,0,0,8,5,8,0,3,0,1,6,3,3801088,1900544,2,950,1001,5701632,5701632,0,1900544,3,1627554471182449465
layer,30,0,29,156,decode,31,8,7,1,0,163,201,46,6,0,6,347,7,9,0,0,0,0,0,0,81,lru,0,0,0,0,0,0,8,7,8,0,1,0,1,3,0,1900544,0,1,0,248,1900544,1900544,0,0,0,15313555288479736759
layer,30,0,29,156,decode,32,8,7,1,0,156,158,50,7,0,7,799,8,12,0,0,0,0,0,0,81,lru,0,0,0,0,0,0,8,7,8,0,1,0,0,3,0,1900544,0,1,0,671,1900544,1900544,0,0,0,9262822929975711836
layer,30,0,29,156,decode,33,8,5,3,0,426,157,156,5,0,5,675,7,20,0,0,0,0,0,0,81,lru,0,0,0,0,0,0,8,5,8,0,3,0,0,9,0,5701632,0,2,0,497,5701632,5701632,0,0,0,517818554675038151
layer,30,0,29,156,decode,34,8,5,3,0,386,138,87,6,0,6,1830,7,2,0,0,0,0,0,0,81,lru,0,0,0,0,0,0,8,5,8,0,3,0,1,9,0,6119424,0,3,0,1689,6119424,6119424,0,0,0,16660431127752240180
layer,30,0,29,156,decode,35,8,6,2,1039,277,158,48,5,0,5,1449,7,3,0,0,0,0,0,0,81,lru,0,0,0,0,0,0,8,6,8,0,2,0,1,3,3,1900544,1900544,3,1040,306,3801088,3801088,0,1900544,3,5466588226369031291
layer,30,0,29,156,decode,36,8,7,1,0,122,154,32,4,0,4,332,7,4,0,0,0,0,0,0,81,lru,0,0,0,0,0,0,8,7,8,0,1,0,1,3,0,1900544,0,1,0,247,1900544,1900544,0,0,0,14757644977150965184
layer,30,0,29,156,decode,37,8,8,0,0,0,179,0,0,0,0,20,7,2,0,0,0,0,0,0,81,lru,0,0,0,0,0,0,8,8,8,0,0,0,0,0,0,0,0,0,0,0,0,0,0,0,0,11755304408270584569
layer,30,0,29,156,decode,38,8,5,3,0,469,140,165,5,0,5,1045,6,13,0,0,0,0,0,0,81,lru,0,0,0,0,0,0,8,5,8,0,3,0,0,9,0,6119424,0,4,0,857,6119424,6119424,0,0,0,15286739392697688090
layer,30,0,29,156,decode,39,8,3,5,1258,773,674,318,4,0,4,2656,7,15,0,0,0,0,0,0,81,lru,0,0,0,0,0,0,8,3,8,0,5,0,1,12,3,8159232,2039808,3,1259,1114,10199040,10199040,0,2039808,3,9301126696179834170
request,30,0,29,0,decode,-1,0,0,0,0,0,0,0,0,0,0,0,0,0,0,0,0,0,0,0,0,,71077,425,0,0,20,0,0,0,0,0,0,0,0,0,0,0,0,0,0,0,0,0,0,0,0,0
layer,31,0,30,157,decode,0,8,5,3,1146,403,164,144,4,0,4,3116,8,11,0,0,0,0,0,0,81,lru,0,0,0,0,0,0,8,5,8,0,3,0,1,6,3,3801088,1900544,3,1146,1761,5701632,5701632,0,1900544,3,12944704289130698458
layer,31,0,30,157,decode,1,8,4,4,1263,594,172,248,4,0,4,4385,7,18,0,0,0,0,0,0,81,lru,0,0,0,0,0,0,8,4,8,0,4,0,1,9,3,5701632,1900544,1,1263,2829,7602176,7602176,0,1900544,3,10326164742685971516
layer,31,0,30,157,decode,2,8,6,2,0,337,150,170,4,0,4,2028,7,8,0,0,0,0,0,0,81,lru,0,0,0,0,0,0,8,6,8,0,2,0,1,6,0,3801088,0,2,0,1830,3801088,3801088,0,0,0,1044174136657270508
layer,31,0,30,157,decode,3,8,7,1,0,187,174,105,5,0,5,1079,7,14,0,0,0,0,0,0,81,lru,0,0,0,0,0,0,8,7,8,0,1,0,1,3,0,1900544,0,2,0,925,1900544,1900544,0,0,0,11346485438199217298
layer,31,0,30,157,decode,4,8,6,2,1245,334,151,139,4,0,4,2474,7,10,0,0,0,0,0,0,81,lru,0,0,0,0,0,0,8,6,8,0,2,0,0,3,3,1900544,1900544,1,1245,1057,3801088,3801088,0,1900544,3,1065746407283624772
layer,31,0,30,157,decode,5,8,8,0,0,0,177,0,0,0,0,17,7,1,0,0,0,0,0,0,81,lru,0,0,0,0,0,0,8,8,8,0,0,0,1,0,0,0,0,0,0,0,0,0,0,0,0,3116134182675604477
layer,31,0,30,157,decode,6,8,7,1,0,198,148,125,3,0,3,1071,7,16,0,0,0,0,0,0,81,lru,0,0,0,0,0,0,8,7,8,0,1,0,0,3,0,1900544,0,1,0,916,1900544,1900544,0,0,0,4793476751043010474
layer,31,0,30,157,decode,7,8,8,0,0,0,181,0,0,0,0,19,7,1,0,0,0,0,0,0,81,lru,0,0,0,0,0,0,8,8,8,0,0,0,0,0,0,0,0,0,0,0,0,0,0,0,0,10493714531619943539
layer,31,0,30,157,decode,8,8,8,0,0,0,172,0,0,0,0,16,6,1,0,0,0,0,0,0,81,lru,0,0,0,0,0,0,8,8,8,0,0,0,0,0,0,0,0,0,0,0,0,0,0,0,0,8019672730351483826
layer,31,0,30,157,decode,9,8,7,1,1267,187,167,118,4,0,4,1551,7,12,0,0,0,0,0,0,81,lru,0,0,0,0,0,0,8,7,8,0,1,0,0,0,3,0,1900544,2,1267,129,1900544,1900544,0,1900544,3,12567511791441773127
layer,31,0,30,157,decode,10,8,8,0,0,0,157,0,0,0,0,19,7,2,0,0,0,0,0,0,81,lru,0,0,0,0,0,0,8,8,8,0,0,0,1,0,0,0,0,0,0,0,0,0,0,0,0,6745081430912354534
layer,31,0,30,157,decode,11,8,6,2,1306,287,160,135,5,0,5,2483,7,3,0,0,0,0,0,0,81,lru,0,0,0,0,0,0,8,6,8,0,2,0,0,3,3,1900544,1900544,3,1306,1046,3801088,3801088,0,1900544,3,10893262406097199153
layer,31,0,30,157,decode,12,8,8,0,0,0,173,0,0,0,0,18,7,1,0,0,0,0,0,0,81,lru,0,0,0,0,0,0,8,8,8,0,0,0,1,0,0,0,0,0,0,0,0,0,0,0,0,8611506343742534173
layer,31,0,30,157,decode,13,8,7,1,1290,191,157,87,6,0,6,1552,7,9,0,0,0,0,0,0,81,lru,0,0,0,0,0,0,8,7,8,0,1,0,0,0,3,0,1900544,2,1291,131,1900544,1900544,0,1900544,3,12928902233460933208
layer,31,0,30,157,decode,14,8,7,1,0,192,149,115,7,0,7,1086,7,15,0,0,0,0,0,0,81,lru,0,0,0,0,0,0,8,7,8,0,1,0,0,3,0,1900544,0,2,0,924,1900544,1900544,0,0,0,5171531937733593886
layer,31,0,30,157,decode,15,8,6,2,1266,344,171,141,8,0,8,2541,7,16,0,0,0,0,0,0,81,lru,0,0,0,0,0,0,8,6,8,0,2,0,1,3,3,1900544,1900544,5,1266,1056,3801088,3801088,0,1900544,3,18130524057566604269
layer,31,0,30,157,decode,16,8,7,1,1336,176,164,92,10,0,10,1618,7,4,0,0,0,0,0,0,81,lru,0,0,0,0,0,0,8,7,8,0,1,0,1,0,3,0,1900544,2,1337,151,1900544,1900544,0,1900544,3,12307731322954573697
layer,31,0,30,157,decode,17,8,7,1,1434,204,156,58,3,0,3,1723,7,22,0,0,0,0,0,0,81,lru,0,0,0,0,0,0,8,7,8,0,1,0,1,0,3,0,1900544,2,1434,155,1900544,1900544,0,1900544,3,17962534492864015241
layer,31,0,30,157,decode,18,8,7,1,1383,205,141,41,3,0,3,1653,7,5,0,0,0,0,0,0,81,lru,0,0,0,0,0,0,8,7,8,0,1,0,0,0,3,0,1900544,2,1384,154,1900544,1900544,0,1900544,3,17841572681277818539
layer,31,0,30,157,decode,19,8,7,1,0,211,181,156,6,0,6,1167,7,5,0,0,0,0,0,0,81,lru,0,0,0,0,0,0,8,7,8,0,1,0,2,3,0,1900544,0,2,0,992,1900544,1900544,0,0,0,12054085319611429537
layer,31,0,30,157,decode,20,8,7,1,0,207,164,119,4,0,4,1175,7,9,0,0,0,0,0,0,81,lru,0,0,0,0,0,0,8,7,8,0,1,0,0,3,0,1900544,0,2,0,1014,1900544,1900544,0,0,0,725489566463211679
layer,31,0,30,157,decode,21,8,7,1,0,237,172,93,8,0,8,392,7,20,0,0,0,0,0,0,81,lru,0,0,0,0,0,0,8,7,8,0,1,0,1,3,0,1900544,0,2,0,234,1900544,1900544,0,0,0,3167736374249894115
layer,31,0,30,157,decode,22,8,7,1,1372,215,142,126,7,0,7,1677,7,12,0,0,0,0,0,0,81,lru,0,0,0,0,0,0,8,7,8,0,1,0,1,0,3,0,1900544,2,1373,144,1900544,1900544,0,1900544,3,5852963978556453400
layer,31,0,30,157,decode,23,8,6,2,0,420,761,211,5,0,5,1623,8,15,0,0,0,0,0,0,81,lru,0,0,0,0,0,0,8,6,8,0,2,0,1,6,0,3801088,0,2,0,1425,3801088,3801088,0,0,0,10305115297471061982
layer,31,0,30,157,decode,24,8,7,1,0,213,169,134,5,0,5,1260,9,14,0,0,0,0,0,0,81,lru,0,0,0,0,0,0,8,7,8,0,1,0,3,3,0,1900544,0,2,0,1062,1900544,1900544,0,0,0,4377713100159629644
layer,31,0,30,157,decode,25,8,6,2,2915,356,169,224,8,0,8,3439,7,16,0,0,0,0,0,0,81,lru,0,0,0,0,0,0,8,6,8,0,2,0,1,0,6,0,3801088,3,2915,309,3801088,3801088,0,3801088,6,16506316937886677633
layer,31,0,30,157,decode,26,8,7,1,0,244,152,165,5,0,5,481,7,12,0,0,0,0,0,0,81,lru,0,0,0,0,0,0,8,7,8,0,1,0,1,3,0,1900544,0,0,0,306,1900544,1900544,0,0,0,6245917230318749796
layer,31,0,30,157,decode,27,8,7,1,0,240,160,90,4,0,4,420,7,13,0,0,0,0,0,0,81,lru,0,0,0,0,0,0,8,7,8,0,1,0,0,3,0,1900544,0,2,0,305,1900544,1900544,0,0,0,11166773931759999322
layer,31,0,30,157,decode,28,8,8,0,0,0,173,0,0,0,0,18,7,1,0,0,0,0,0,0,81,lru,0,0,0,0,0,0,8,8,8,0,0,0,0,0,0,0,0,0,0,0,0,0,0,0,0,7351932592125760206
layer,31,0,30,157,decode,29,8,7,1,1637,240,178,183,4,0,4,2007,7,12,0,0,0,0,0,0,81,lru,0,0,0,0,0,0,8,7,8,0,1,0,0,0,3,0,1900544,1,1638,177,1900544,1900544,0,1900544,3,17410232495903692600
layer,31,0,30,157,decode,30,8,6,2,1587,430,141,257,5,0,5,3227,8,14,0,0,0,0,0,0,81,lru,0,0,0,0,0,0,8,6,8,0,2,0,0,3,3,1900544,1900544,6,1589,1404,3801088,3801088,0,1900544,3,17899508019312529278
layer,31,0,30,157,decode,31,8,7,1,0,276,160,177,4,0,4,462,8,11,0,0,0,0,0,0,81,lru,0,0,0,0,0,0,8,7,8,0,1,0,1,3,0,1900544,0,2,0,303,1900544,1900544,0,0,0,17558894339551091428
layer,31,0,30,157,decode,32,8,5,3,1767,722,164,443,4,0,4,2898,7,20,0,0,0,0,0,0,81,lru,0,0,0,0,0,0,8,5,8,0,3,0,1,6,3,3801088,1900544,6,1768,822,5701632,5701632,0,1900544,3,14074173150395503240
layer,31,0,30,157,decode,33,8,6,2,1716,481,167,307,4,0,4,2439,7,7,0,0,0,0,0,0,81,lru,0,0,0,0,0,0,8,6,8,0,2,0,1,3,3,1900544,1900544,2,1717,478,3801088,3801088,0,1900544,3,6467429072678156056
layer,31,0,30,157,decode,34,8,8,0,0,0,156,0,0,0,0,18,7,1,0,0,0,0,0,0,81,lru,0,0,0,0,0,0,8,8,8,0,0,0,1,0,0,0,0,0,0,0,0,0,0,0,0,7468438205510871942
layer,31,0,30,157,decode,35,8,5,3,0,668,173,377,4,0,4,3050,7,8,0,0,0,0,0,0,81,lru,0,0,0,0,0,0,8,5,8,0,3,0,1,9,0,5701632,0,2,0,2739,5701632,5701632,0,0,0,12167308195743835685
layer,31,0,30,157,decode,36,8,6,2,0,474,164,318,4,0,4,1801,7,12,0,0,0,0,0,0,81,lru,0,0,0,0,0,0,8,6,8,0,2,0,1,6,0,3801088,0,6,0,1562,3801088,3801088,0,0,0,6239493711271807094
layer,31,0,30,157,decode,37,8,6,2,0,470,169,300,5,0,5,1803,7,3,0,0,0,0,0,0,81,lru,0,0,0,0,0,0,8,6,8,0,2,0,1,6,0,3801088,0,4,0,1573,3801088,3801088,0,0,0,9546485115511014990
layer,31,0,30,157,decode,38,8,5,3,0,746,159,485,4,0,4,2259,7,3,0,0,0,0,0,0,81,lru,0,0,0,0,0,0,8,5,8,0,3,0,1,9,0,6119424,0,0,0,1952,6119424,6119424,0,0,0,9767766432684545707
layer,31,0,30,157,decode,39,8,6,2,0,584,678,372,4,0,4,899,7,16,0,0,0,0,0,0,81,lru,0,0,0,0,0,0,8,6,8,0,2,0,1,6,0,4079616,0,0,0,641,4079616,4079616,0,0,0,2472992898450568808
request,31,0,30,0,decode,-1,0,0,0,0,0,0,0,0,0,0,0,0,0,0,0,0,0,0,0,0,,69658,462,0,0,16,0,0,0,0,0,0,0,0,0,0,0,0,0,0,0,0,0,0,0,0,0
layer,32,0,31,158,decode,0,8,1,7,1709,1529,164,782,4,0,4,10678,10,19,0,0,0,0,0,0,81,lru,0,0,0,0,0,0,8,1,8,0,7,0,1,18,3,11403264,1900544,0,1710,8433,13303808,13303808,0,1900544,3,15808816615478129269
layer,32,0,31,158,decode,1,8,6,2,0,485,168,183,5,0,5,3089,7,13,0,0,0,0,0,0,81,lru,0,0,0,0,0,0,8,6,8,0,2,0,1,6,0,3801088,0,3,0,2858,3801088,3801088,0,0,0,10979078387247938302
layer,32,0,31,158,decode,2,8,4,4,0,910,158,436,3,0,3,5990,7,2,0,0,0,0,0,0,81,lru,0,0,0,0,0,0,8,4,8,0,4,0,1,12,0,7602176,0,7,0,5647,7602176,7602176,0,0,0,515379276025732962
layer,32,0,31,158,decode,3,8,6,2,1822,488,158,304,5,0,5,3703,7,20,0,0,0,0,0,0,81,lru,0,0,0,0,0,0,8,6,8,0,2,0,1,3,3,1900544,1900544,5,1822,1637,3801088,3801088,0,1900544,3,5615506454994525646
layer,32,0,31,158,decode,4,8,6,2,0,476,171,347,4,0,4,3078,7,3,0,0,0,0,0,0,81,lru,0,0,0,0,0,0,8,6,8,0,2,0,1,6,0,3801088,0,3,0,2844,3801088,3801088,0,0,0,13782968737879707935
layer,32,0,31,158,decode,5,8,3,5,0,1144,156,677,8,0,8,7435,7,17,0,0,0,0,0,0,81,lru,0,0,0,0,0,0,8,3,8,0,5,0,1,15,0,9502720,0,14,0,6998,9502720,9502720,0,0,0,9934156551069696316
layer,32,0,31,158,decode,6,8,7,1,0,264,158,191,4,0,4,1632,7,5,0,0,0,0,0,0,81,lru,0,0,0,0,0,0,8,7,8,0,1,0,1,3,0,1900544,0,2,0,1450,1900544,1900544,0,0,0,12240917425322687077
layer,32,0,31,158,decode,7,8,7,1,1830,269,173,195,7,0,7,2231,7,7,0,0,0,0,0,0,81,lru,0,0,0,0,0,0,8,7,8,0,1,0,1,0,3,0,1900544,2,1830,196,1900544,1900544,0,1900544,3,5194734341849355224
layer,32,0,31,158,decode,8,8,8,0,0,0,173,0,0,0,0,19,7,3,0,0,0,0,0,0,81,lru,0,0,0,0,0,0,8,8,8,0,0,0,1,0,0,0,0,0,0,0,0,0,0,0,0,17889509975080601272
layer,32,0,31,158,decode,9,8,7,1,1779,275,164,109,3,0,3,2175,6,16,0,0,0,0,0,0,81,lru,0,0,0,0,0,0,8,7,8,0,1,0,0,0,3,0,1900544,0,1780,205,1900544,1900544,0,1900544,3,7879985426684016927
layer,32,0,31,158,decode,10,8,5,3,0,688,147,413,4,0,4,4525,7,11,0,0,0,0,0,0,81,lru,0,0,0,0,0,0,8,5,8,0,3,0,0,9,0,5701632,0,9,0,4238,5701632,5701632,0,0,0,536520718448063357
layer,32,0,31,158,decode,11,8,6,2,0,493,168,201,5,0,5,3033,7,17,0,0,0,0,0,0,81,lru,0,0,0,0,0,0,8,6,8,0,2,0,1,6,0,3801088,0,5,0,2790,3801088,3801088,0,0,0,1447519874280288445
layer,32,0,31,158,decode,12,8,7,1,0,269,164,98,3,0,3,1558,7,8,0,0,0,0,0,0,81,lru,0,0,0,0,0,0,8,7,8,0,1,0,1,3,0,1900544,0,3,0,1377,1900544,1900544,0,0,0,17805220420414151492
layer,32,0,31,158,decode,13,8,8,0,0,0,176,0,0,0,0,18,7,2,0,0,0,0,0,0,81,lru,0,0,0,0,0,0,8,8,8,0,0,0,0,0,0,0,0,0,0,0,0,0,0,0,0,7844150792356576387
layer,32,0,31,158,decode,14,8,8,0,0,0,156,0,0,0,0,15,7,1,0,0,0,0,0,0,81,lru,0,0,0,0,0,0,8,8,8,0,0,0,0,0,0,0,0,0,0,0,0,0,0,0,0,6963363480203661801
layer,32,0,31,158,decode,15,8,7,1,0,262,180,160,3,0,3,1581,6,2,0,0,0,0,0,0,81,lru,0,0,0,0,0,0,8,7,8,0,1,0,0,3,0,1900544,0,3,0,1375,1900544,1900544,0,0,0,17210229762711959413
layer,32,0,31,158,decode,16,8,7,1,0,271,165,49,4,0,4,1574,7,13,0,0,0,0,0,0,81,lru,0,0,0,0,0,0,8,7,8,0,1,0,1,3,0,1900544,0,0,0,1366,1900544,1900544,0,0,0,194804909320031517
layer,32,0,31,158,decode,17,8,5,3,0,776,175,374,5,0,5,3458,7,2,0,0,0,0,0,0,81,lru,0,0,0,0,0,0,8,5,8,0,3,0,0,9,0,5701632,0,7,0,3137,5701632,5701632,0,0,0,14680344897556804713
layer,32,0,31,158,decode,18,8,7,1,0,291,149,198,4,0,4,1670,7,8,0,0,0,0,0,0,81,lru,0,0,0,0,0,0,8,7,8,0,1,0,1,3,0,1900544,0,2,0,1473,1900544,1900544,0,0,0,9589190613037090446
layer,32,0,31,158,decode,19,8,8,0,0,0,183,0,0,0,0,19,7,1,0,0,0,0,0,0,81,lru,0,0,0,0,0,0,8,8,8,0,0,0,1,0,0,0,0,0,0,0,0,0,0,0,0,4432404565697164401
layer,32,0,31,158,decode,20,8,8,0,0,0,173,0,0,0,0,15,6,1,0,0,0,0,0,0,81,lru,0,0,0,0,0,0,8,8,8,0,0,0,0,0,0,0,0,0,0,0,0,0,0,0,0,4423934420107682596
layer,32,0,31,158,decode,21,8,5,3,2004,773,166,465,5,0,5,5749,7,12,0,0,0,0,0,0,81,lru,0,0,0,0,0,0,8,5,8,0,3,0,0,6,3,3801088,1900544,12,2004,3384,5701632,5701632,0,1900544,3,16730744642475123519
layer,32,0,31,158,decode,22,8,7,1,0,283,157,220,4,0,4,1776,7,2,0,0,0,0,0,0,81,lru,0,0,0,0,0,0,8,7,8,0,1,0,1,3,0,1900544,0,3,0,1571,1900544,1900544,0,0,0,4655246486170223140
layer,32,0,31,158,decode,23,8,4,4,0,1067,172,561,5,0,5,5438,7,16,0,0,0,0,0,0,81,lru,0,0,0,0,0,0,8,4,8,0,4,0,0,12,0,7602176,0,5,0,5053,7602176,7602176,0,0,0,6235452450200085332
layer,32,0,31,158,decode,24,8,7,1,0,284,152,111,3,0,3,1664,6,12,0,0,0,0,0,0,81,lru,0,0,0,0,0,0,8,7,8,0,1,0,1,3,0,1900544,0,3,0,1533,1900544,1900544,0,0,0,11441345126052380786
layer,32,0,31,158,decode,25,8,7,1,0,302,177,156,3,0,3,555,8,2,0,0,0,0,0,0,81,lru,0,0,0,0,0,0,8,7,8,0,1,0,0,3,0,1900544,0,3,0,375,1900544,1900544,0,0,0,2548401665693408611
layer,32,0,31,158,decode,26,8,7,1,0,330,142,182,4,0,4,556,7,9,0,0,0,0,0,0,81,lru,0,0,0,0,0,0,8,7,8,0,1,0,0,3,0,1900544,0,3,0,370,1900544,1900544,0,0,0,1072486013108652883
layer,32,0,31,158,decode,27,8,6,2,0,580,180,440,5,0,5,2159,7,2,0,0,0,0,0,0,81,lru,0,0,0,0,0,0,8,6,8,0,2,0,0,6,0,3801088,0,3,0,1904,3801088,3801088,0,0,0,9394731208701082490
layer,32,0,31,158,decode,28,8,6,2,0,512,163,272,4,0,4,3373,7,6,0,0,0,0,0,0,81,lru,0,0,0,0,0,0,8,6,8,0,2,0,1,6,0,3801088,0,7,0,3088,3801088,3801088,0,0,0,15205938263536873159
layer,32,0,31,158,decode,29,8,4,4,0,1205,164,610,4,0,4,3031,7,12,0,0,0,0,0,0,81,lru,0,0,0,0,0,0,8,4,8,0,4,0,1,12,0,7602176,0,11,0,2622,7602176,7602176,0,0,0,181887054793438163
layer,32,0,31,158,decode,30,8,3,5,0,1450,154,849,3,0,3,4705,7,3,0,0,0,0,0,0,81,lru,0,0,0,0,0,0,8,3,8,0,5,0,1,15,0,9502720,0,0,0,4174,9502720,9502720,0,0,0,14466959341403278604
layer,32,0,31,158,decode,31,8,6,2,0,577,171,454,5,0,5,2143,7,16,0,0,0,0,0,0,81,lru,0,0,0,0,0,0,8,6,8,0,2,0,1,6,0,3801088,0,3,0,1872,3801088,3801088,0,0,0,3691562398955384304
layer,32,0,31,158,decode,32,8,4,4,0,1143,151,762,4,0,4,4216,7,15,0,0,0,0,0,0,81,lru,0,0,0,0,0,0,8,4,8,0,4,0,1,12,0,7602176,0,13,0,3800,7602176,7602176,0,0,0,8664070151395821319
layer,32,0,31,158,decode,33,8,6,2,2008,622,176,317,4,0,4,2904,7,2,0,0,0,0,0,0,81,lru,0,0,0,0,0,0,8,6,8,0,2,0,1,3,3,1900544,1900544,3,2009,614,3801088,3801088,0,1900544,3,16617855543706558523
layer,32,0,31,158,decode,34,8,5,3,0,1025,145,632,4,0,4,1498,7,9,0,0,0,0,0,0,81,lru,0,0,0,0,0,0,8,5,8,0,3,0,1,9,0,6119424,0,9,0,1170,6119424,6119424,0,0,0,17927879143080991239
layer,32,0,31,158,decode,35,8,7,1,0,273,173,209,3,0,3,1716,7,17,0,0,0,0,0,0,81,lru,0,0,0,0,0,0,8,7,8,0,1,0,1,3,0,1900544,0,0,0,1532,1900544,1900544,0,0,0,12546594267824659158
layer,32,0,31,158,decode,36,8,7,1,0,276,165,200,3,0,3,1748,7,6,0,0,0,0,0,0,81,lru,0,0,0,0,0,0,8,7,8,0,1,0,0,3,0,1900544,0,0,0,1562,1900544,1900544,0,0,0,16855226772458681060
layer,32,0,31,158,decode,37,8,8,0,0,0,176,0,0,0,0,19,7,2,0,0,0,0,0,0,81,lru,0,0,0,0,0,0,8,8,8,0,0,0,0,0,0,0,0,0,0,0,0,0,0,0,0,15601708737587765913
layer,32,0,31,158,decode,38,8,6,2,0,539,143,164,4,0,4,3549,7,24,0,0,0,0,0,0,81,lru,0,0,0,0,0,0,8,6,8,0,2,0,0,6,0,4079616,0,3,0,3329,4079616,4079616,0,0,0,13693664320298803619
layer,32,0,31,158,decode,39,8,7,1,0,358,678,239,3,0,3,558,7,21,0,0,0,0,0,0,81,lru,0,0,0,0,0,0,8,7,8,0,1,0,1,3,0,2039808,0,0,0,374,2039808,2039808,0,0,0,11124589295609613061
request,32,0,31,0,decode,-1,0,0,0,0,0,0,0,0,0,0,0,0,0,0,0,0,0,0,0,0,,112911,537,0,0,20,0,0,0,0,0,0,0,0,0,0,0,0,0,0,0,0,0,0,0,0,0
layer,33,0,32,159,decode,0,8,1,7,0,1807,150,961,4,0,4,11885,10,14,0,0,0,0,0,0,81,lru,0,0,0,0,0,0,8,1,8,0,7,0,1,21,0,13303808,0,5,0,11226,13303808,13303808,0,0,0,18093055266975665747
layer,33,0,32,159,decode,1,8,5,3,0,840,173,521,4,0,4,5553,7,15,0,0,0,0,0,0,81,lru,0,0,0,0,0,0,8,5,8,0,3,0,1,9,0,5701632,0,0,0,5172,5701632,5701632,0,0,0,14965142563109688436
layer,33,0,32,159,decode,2,8,6,2,0,563,154,395,4,0,4,3681,7,18,0,0,0,0,0,0,81,lru,0,0,0,0,0,0,8,6,8,0,2,0,2,6,0,3801088,0,0,0,3413,3801088,3801088,0,0,0,9393102862537498379
layer,33,0,32,159,decode,3,8,5,3,0,844,186,531,4,0,4,5475,7,4,0,0,0,0,0,0,81,lru,0,0,0,0,0,0,8,5,8,0,3,0,1,9,0,5701632,0,10,0,5107,5701632,5701632,0,0,0,6292748660797550393
layer,33,0,32,159,decode,4,8,6,2,0,572,181,332,4,0,4,3662,7,2,0,0,0,0,0,0,81,lru,0,0,0,0,0,0,8,6,8,0,2,0,1,6,0,3801088,0,0,0,3396,3801088,3801088,0,0,0,4372705765044511003
layer,33,0,32,159,decode,5,8,6,2,0,570,183,444,4,0,4,3693,7,4,0,0,0,0,0,0,81,lru,0,0,0,0,0,0,8,6,8,0,2,0,1,6,0,3801088,0,0,0,3391,3801088,3801088,0,0,0,15140723932870991195
layer,33,0,32,159,decode,6,8,6,2,0,570,162,315,4,0,4,3680,8,2,0,0,0,0,0,0,81,lru,0,0,0,0,0,0,8,6,8,0,2,0,1,6,0,3801088,0,7,0,3403,3801088,3801088,0,0,0,15829370070344539698
layer,33,0,32,159,decode,7,8,7,1,0,304,190,260,3,0,3,1928,8,2,0,0,0,0,0,0,81,lru,0,0,0,0,0,0,8,7,8,0,1,0,0,3,0,1900544,0,3,0,1723,1900544,1900544,0,0,0,7756904650482136497
layer,33,0,32,159,decode,8,8,8,0,0,0,179,0,0,0,0,17,7,1,0,0,0,0,0,0,81,lru,0,0,0,0,0,0,8,8,8,0,0,0,1,0,0,0,0,0,0,0,0,0,0,0,0,5823628412327829463
layer,33,0,32,159,decode,9,8,8,0,0,0,185,0,0,0,0,16,7,1,0,0,0,0,0,0,81,lru,0,0,0,0,0,0,8,8,8,0,0,0,0,0,0,0,0,0,0,0,0,0,0,0,0,5051036960650788497
layer,33,0,32,159,decode,10,8,4,4,0,1104,152,626,4,0,4,7287,7,13,0,0,0,0,0,0,81,lru,0,0,0,0,0,0,8,4,8,0,4,0,0,12,0,7602176,0,3,0,6856,7602176,7602176,0,0,0,17022935933313560925
layer,33,0,32,159,decode,11,8,5,3,0,851,179,456,4,0,4,5411,7,16,0,0,0,0,0,0,81,lru,0,0,0,0,0,0,8,5,8,0,3,0,1,9,0,5701632,0,8,0,5050,5701632,5701632,0,0,0,6359183660961029717
layer,33,0,32,159,decode,12,8,7,1,0,304,172,222,3,0,3,1866,7,23,0,0,0,0,0,0,81,lru,0,0,0,0,0,0,8,7,8,0,1,0,1,3,0,1900544,0,3,0,1668,1900544,1900544,0,0,0,7968655512569852300
layer,33,0,32,159,decode,13,8,7,1,0,306,184,244,3,0,3,1883,7,2,0,0,0,0,0,0,81,lru,0,0,0,0,0,0,8,7,8,0,1,0,0,3,0,1900544,0,3,0,1674,1900544,1900544,0,0,0,17684540679348883693
layer,33,0,32,159,decode,14,8,8,0,0,0,163,0,0,0,0,17,7,1,0,0,0,0,0,0,81,lru,0,0,0,0,0,0,8,8,8,0,0,0,0,0,0,0,0,0,0,0,0,0,0,0,0,5867416775280811651
layer,33,0,32,159,decode,15,8,7,1,0,300,175,222,3,0,3,1862,7,11,0,0,0,0,0,0,81,lru,0,0,0,0,0,0,8,7,8,0,1,0,0,3,0,1900544,0,0,0,1680,1900544,1900544,0,0,0,10036160911342723504
layer,33,0,32,159,decode,16,8,8,0,0,0,180,0,0,0,0,16,7,1,0,0,0,0,0,0,81,lru,0,0,0,0,0,0,8,8,8,0,0,0,0,0,0,0,0,0,0,0,0,0,0,0,0,17765898702312658230
layer,33,0,32,159,decode,17,8,7,1,0,303,182,240,4,0,4,1875,6,2,0,0,0,0,0,0,81,lru,0,0,0,0,0,0,8,7,8,0,1,0,0,3,0,1900544,0,0,0,1675,1900544,1900544,0,0,0,17749331022424033011
layer,33,0,32,159,decode,18,8,6,2,0,633,163,351,4,0,4,2346,7,2,0,0,0,0,0,0,81,lru,0,0,0,0,0,0,8,6,8,0,2,0,0,6,0,3801088,0,8,0,2068,3801088,3801088,0,0,0,17182105244818039279
layer,33,0,32,159,decode,19,8,7,1,2107,313,159,148,3,0,3,2541,7,13,0,0,0,0,0,0,81,lru,0,0,0,0,0,0,8,7,8,0,1,0,1,0,3,0,1900544,2,2107,249,1900544,1900544,0,1900544,3,16331797639737549799
layer,33,0,32,159,decode,20,8,7,1,0,298,175,212,3,0,3,1871,7,8,0,0,0,0,0,0,81,lru,0,0,0,0,0,0,8,7,8,0,1,0,0,3,0,1900544,0,3,0,1679,1900544,1900544,0,0,0,7955200163920972655
layer,33,0,32,159,decode,21,8,8,0,0,0,185,0,0,0,0,19,7,2,0,0,0,0,0,0,81,lru,0,0,0,0,0,0,8,8,8,0,0,0,0,0,0,0,0,0,0,0,0,0,0,0,0,3867102570447507477
layer,33,0,32,159,decode,22,8,5,3,2234,997,151,551,4,0,4,3618,7,15,0,0,0,0,0,0,81,lru,0,0,0,0,0,0,8,5,8,0,3,0,0,6,3,3801088,1900544,0,2235,1048,5701632,5701632,0,1900544,3,15401454947544451825
layer,33,0,32,159,decode,23,8,5,3,0,841,176,604,4,0,4,5509,7,14,0,0,0,0,0,0,81,lru,0,0,0,0,0,0,8,5,8,0,3,0,1,9,0,5701632,0,0,0,5184,5701632,5701632,0,0,0,6371162552802342647
layer,33,0,32,159,decode,24,8,7,1,0,375,173,319,3,0,3,582,7,9,0,0,0,0,0,0,81,lru,0,0,0,0,0,0,8,7,8,0,1,0,1,3,0,1900544,0,3,0,380,1900544,1900544,0,0,0,5997048287674713525
layer,33,0,32,159,decode,25,8,7,1,0,369,185,201,4,0,4,591,7,2,0,0,0,0,0,0,81,lru,0,0,0,0,0,0,8,7,8,0,1,0,0,3,0,1900544,0,0,0,385,1900544,1900544,0,0,0,2529082696524865028
layer,33,0,32,159,decode,26,8,8,0,0,0,164,0,0,0,0,18,7,2,0,0,0,0,0,0,81,lru,0,0,0,0,0,0,8,8,8,0,0,0,0,0,0,0,0,0,0,0,0,0,0,0,0,3675578014440511719
layer,33,0,32,159,decode,27,8,8,0,0,0,188,0,0,0,0,16,7,1,0,0,0,0,0,0,81,lru,0,0,0,0,0,0,8,8,8,0,0,0,0,0,0,0,0,0,0,0,0,0,0,0,0,4483947317865574246
layer,33,0,32,159,decode,28,8,7,1,0,355,180,293,3,0,3,592,7,2,0,0,0,0,0,0,81,lru,0,0,0,0,0,0,8,7,8,0,1,0,0,3,0,1900544,0,3,0,370,1900544,1900544,0,0,0,4279110847327690509
layer,33,0,32,159,decode,29,8,6,2,2267,642,183,278,4,0,4,3145,7,2,0,0,0,0,0,0,81,lru,0,0,0,0,0,0,8,6,8,0,2,0,1,3,3,1900544,1900544,0,2268,639,3801088,3801088,0,1900544,3,17802719025502922389
layer,33,0,32,159,decode,30,8,7,1,0,343,162,271,3,0,3,583,7,2,0,0,0,0,0,0,81,lru,0,0,0,0,0,0,8,7,8,0,1,0,1,3,0,1900544,0,0,0,401,1900544,1900544,0,0,0,6448911732283336229
layer,33,0,32,159,decode,31,8,5,3,0,936,178,603,4,0,4,4108,7,7,0,0,0,0,0,0,81,lru,0,0,0,0,0,0,8,5,8,0,3,0,0,9,0,5701632,0,0,0,3770,5701632,5701632,0,0,0,7026846658341438714
layer,33,0,32,159,decode,32,8,5,3,0,1173,171,848,4,0,4,1685,7,11,0,0,0,0,0,0,81,lru,0,0,0,0,0,0,8,5,8,0,3,0,1,9,0,5701632,0,0,0,1320,5701632,5701632,0,0,0,1362090572944881167
layer,33,0,32,159,decode,33,8,3,5,0,1828,180,1215,4,0,4,5745,6,6,0,0,0,0,0,0,81,lru,0,0,0,0,0,0,8,3,8,0,5,0,0,15,0,9502720,0,0,0,5167,9502720,9502720,0,0,0,16886839176619771419
layer,33,0,32,159,decode,34,8,4,4,2419,1408,159,890,4,0,4,7757,7,6,0,0,0,0,0,0,81,lru,0,0,0,0,0,0,8,4,8,0,4,0,1,9,3,6119424,2039808,8,2420,4874,8159232,8159232,0,2039808,3,8060742886781892385
layer,33,0,32,159,decode,35,8,7,1,0,402,179,97,3,0,3,639,7,14,0,0,0,0,0,0,81,lru,0,0,0,0,0,0,8,7,8,0,1,0,1,3,0,1900544,0,0,0,423,1900544,1900544,0,0,0,10446531525826360174
layer,33,0,32,159,decode,36,8,7,1,0,326,181,286,3,0,3,2159,7,6,0,0,0,0,0,0,81,lru,0,0,0,0,0,0,8,7,8,0,1,0,0,3,0,1900544,0,0,0,1948,1900544,1900544,0,0,0,12243380398358618842
layer,33,0,32,159,decode,37,8,5,3,0,1090,178,791,4,0,4,3209,7,5,0,0,0,0,0,0,81,lru,0,0,0,0,0,0,8,5,8,0,3,0,0,9,0,5701632,0,8,0,2811,5701632,5701632,0,0,0,8365081325597089697
layer,33,0,32,159,decode,38,8,5,3,0,1060,161,539,4,0,4,4924,7,2,0,0,0,0,0,0,81,lru,0,0,0,0,0,0,8,5,8,0,3,0,1,9,0,6119424,0,5,0,4543,6119424,6119424,0,0,0,5345880453053522787
layer,33,0,32,159,decode,39,8,5,3,0,1228,689,805,4,0,4,1878,7,2,0,0,0,0,0,0,81,lru,0,0,0,0,0,0,8,5,8,0,3,0,1,9,0,6119424,0,0,0,1391,6119424,6119424,0,0,0,14019979831370740021
request,33,0,32,0,decode,-1,0,0,0,0,0,0,0,0,0,0,0,0,0,0,0,0,0,0,0,0,,121625,517,0,0,18,0,0,0,0,0,0,0,0,0,0,0,0,0,0,0,0,0,0,0,0,0
layer,34,0,33,160,decode,0,8,4,4,0,1235,164,742,4,0,4,8186,11,16,0,0,0,0,0,0,81,lru,0,0,0,0,0,0,8,4,8,0,4,0,1,12,0,7602176,0,0,0,7709,7602176,7602176,0,0,0,77475190878183069
layer,34,0,33,160,decode,1,8,4,4,0,1225,173,852,4,0,4,8159,7,4,0,0,0,0,0,0,81,lru,0,0,0,0,0,0,8,4,8,0,4,0,1,12,0,7602176,0,0,0,7701,7602176,7602176,0,0,0,13195879188743237971
layer,34,0,33,160,decode,2,8,5,3,0,947,153,1756,4,0,4,6572,7,17,0,0,0,0,0,0,81,lru,0,0,0,0,0,0,8,5,8,0,3,0,1,9,0,5701632,0,0,0,5536,5701632,5701632,0,0,0,1204119846435472158
layer,34,0,33,160,decode,3,8,6,2,0,569,180,448,5,0,5,3601,8,2,0,0,0,0,0,0,81,lru,0,0,0,0,0,0,8,6,8,0,2,0,2,6,0,3801088,0,0,0,3336,3801088,3801088,0,0,0,6825228007507086658
layer,34,0,33,160,decode,4,8,6,2,0,575,158,337,5,0,5,3637,7,14,0,0,0,0,0,0,81,lru,0,0,0,0,0,0,8,6,8,0,2,0,1,6,0,3801088,0,4,0,3357,3801088,3801088,0,0,0,8212508759390639305
layer,34,0,33,160,decode,5,8,6,2,0,574,165,354,5,0,5,3709,7,14,0,0,0,0,0,0,81,lru,0,0,0,0,0,0,8,6,8,0,2,0,1,6,0,3801088,0,0,0,3411,3801088,3801088,0,0,0,1577631422963552612
layer,34,0,33,160,decode,6,8,7,1,0,302,158,228,3,0,3,1880,7,8,0,0,0,0,0,0,81,lru,0,0,0,0,0,0,8,7,8,0,1,0,1,3,0,1900544,0,0,0,1694,1900544,1900544,0,0,0,11696549513812584562
layer,34,0,33,160,decode,7,8,7,1,2176,303,181,244,3,0,3,2626,7,2,0,0,0,0,0,0,81,lru,0,0,0,0,0,0,8,7,8,0,1,0,1,0,3,0,1900544,3,2178,243,1900544,1900544,0,1900544,3,1276897072787502265
layer,34,0,33,160,decode,8,8,8,0,0,0,172,0,0,0,0,17,7,1,0,0,0,0,0,0,81,lru,0,0,0,0,0,0,8,8,8,0,0,0,0,0,0,0,0,0,0,0,0,0,0,0,0,5355314526103367183
layer,34,0,33,160,decode,9,8,8,0,0,0,176,0,0,0,0,16,7,2,0,0,0,0,0,0,81,lru,0,0,0,0,0,0,8,8,8,0,0,0,0,0,0,0,0,0,0,0,0,0,0,0,0,7504697221614781211
layer,34,0,33,160,decode,10,8,8,0,0,0,157,0,0,0,0,16,7,2,0,0,0,0,0,0,81,lru,0,0,0,0,0,0,8,8,8,0,0,0,0,0,0,0,0,0,0,0,0,0,0,0,0,9381700010541581912
layer,34,0,33,160,decode,11,8,6,2,0,567,166,309,4,0,4,3781,6,15,0,0,0,0,0,0,81,lru,0,0,0,0,0,0,8,6,8,0,2,0,0,6,0,3801088,0,5,0,3473,3801088,3801088,0,0,0,11246801765014676794
layer,34,0,33,160,decode,12,8,8,0,0,0,171,0,0,0,0,18,8,2,0,0,0,0,0,0,81,lru,0,0,0,0,0,0,8,8,8,0,0,0,1,0,0,0,0,0,0,0,0,0,0,0,0,13505696800682017384
layer,34,0,33,160,decode,13,8,7,1,0,300,177,171,3,0,3,1891,7,3,0,0,0,0,0,0,81,lru,0,0,0,0,0,0,8,7,8,0,1,0,0,3,0,1900544,0,3,0,1689,1900544,1900544,0,0,0,1020222074763206852
layer,34,0,33,160,decode,14,8,8,0,0,0,158,0,0,0,0,17,7,1,0,0,0,0,0,0,81,lru,0,0,0,0,0,0,8,8,8,0,0,0,1,0,0,0,0,0,0,0,0,0,0,0,0,730905936676022210
layer,34,0,33,160,decode,15,8,6,2,4390,583,171,398,4,0,4,5154,7,10,0,0,0,0,0,0,81,lru,0,0,0,0,0,0,8,6,8,0,2,0,0,0,6,0,3801088,10,4393,482,3801088,3801088,0,3801088,6,12097743328631759082
layer,34,0,33,160,decode,16,8,7,1,2078,310,173,247,3,0,3,2564,7,2,0,0,0,0,0,0,81,lru,0,0,0,0,0,0,8,7,8,0,1,0,1,0,3,0,1900544,3,2078,271,1900544,1900544,0,1900544,3,4826886509001206747
layer,34,0,33,160,decode,17,8,7,1,0,303,179,248,3,0,3,1879,7,2,0,0,0,0,0,0,81,lru,0,0,0,0,0,0,8,7,8,0,1,0,0,3,0,1900544,0,0,0,1681,1900544,1900544,0,0,0,1457921562954301169
layer,34,0,33,160,decode,18,8,6,2,2227,676,147,282,4,0,4,3152,8,16,0,0,0,0,0,0,81,lru,0,0,0,0,0,0,8,6,8,0,2,0,1,3,3,1900544,1900544,0,2227,653,3801088,3801088,0,1900544,3,7952181761117760710
layer,34,0,33,160,decode,19,8,8,0,0,0,180,0,0,0,0,20,7,1,0,0,0,0,0,0,81,lru,0,0,0,0,0,0,8,8,8,0,0,0,1,0,0,0,0,0,0,0,0,0,0,0,0,8510940187175848398
layer,34,0,33,160,decode,20,8,8,0,0,0,174,0,0,0,0,16,6,2,0,0,0,0,0,0,81,lru,0,0,0,0,0,0,8,8,8,0,0,0,1,0,0,0,0,0,0,0,0,0,0,0,0,14087156002124727799
layer,34,0,33,160,decode,21,8,8,0,0,0,176,0,0,0,0,14,6,1,0,0,0,0,0,0,81,lru,0,0,0,0,0,0,8,8,8,0,0,0,0,0,0,0,0,0,0,0,0,0,0,0,0,18025594966351666216
layer,34,0,33,160,decode,22,8,6,2,0,630,149,420,4,0,4,2404,6,18,0,0,0,0,0,0,81,lru,0,0,0,0,0,0,8,6,8,0,2,0,0,6,0,3801088,0,0,0,2143,3801088,3801088,0,0,0,10368152404764350399
layer,34,0,33,160,decode,23,8,8,0,0,0,180,0,0,0,0,18,7,1,0,0,0,0,0,0,81,lru,0,0,0,0,0,0,8,8,8,0,0,0,1,0,0,0,0,0,0,0,0,0,0,0,0,4731944282991376213
layer,34,0,33,160,decode,24,8,7,1,0,328,173,248,3,0,3,564,6,2,0,0,0,0,0,0,81,lru,0,0,0,0,0,0,8,7,8,0,1,0,0,3,0,1900544,0,0,0,391,1900544,1900544,0,0,0,18246835103317810686
layer,34,0,33,160,decode,25,8,7,1,0,360,177,322,4,0,4,577,7,2,0,0,0,0,0,0,81,lru,0,0,0,0,0,0,8,7,8,0,1,0,1,3,0,1900544,0,0,0,383,1900544,1900544,0,0,0,4061134692255995376
layer,34,0,33,160,decode,26,8,7,1,1952,307,148,161,3,0,3,2420,7,9,0,0,0,0,0,0,81,lru,0,0,0,0,0,0,8,7,8,0,1,0,1,0,3,0,1900544,4,1952,267,1900544,1900544,0,1900544,3,11305175126269894254
layer,34,0,33,160,decode,27,8,6,2,2251,633,179,475,4,0,4,3218,7,3,0,0,0,0,0,0,81,lru,0,0,0,0,0,0,8,6,8,0,2,0,0,3,3,1900544,1900544,4,2251,656,3801088,3801088,0,1900544,3,7814895502874859435
layer,34,0,33,160,decode,28,8,7,1,0,355,173,194,3,0,3,586,7,2,0,0,0,0,0,0,81,lru,0,0,0,0,0,0,8,7,8,0,1,0,1,3,0,1900544,0,0,0,397,1900544,1900544,0,0,0,13847030739171327491
layer,34,0,33,160,decode,29,8,6,2,0,724,177,397,4,0,4,1064,7,2,0,0,0,0,0,0,81,lru,0,0,0,0,0,0,8,6,8,0,2,0,0,6,0,3801088,0,4,0,793,3801088,3801088,0,0,0,18216411805503220583
layer,34,0,33,160,decode,30,8,6,2,2059,737,154,567,4,0,4,3101,7,2,0,0,0,0,0,0,81,lru,0,0,0,0,0,0,8,6,8,0,2,0,1,3,3,1900544,1900544,0,2060,737,3801088,3801088,0,1900544,3,1744397366228774035
layer,34,0,33,160,decode,31,8,8,0,0,0,179,0,0,0,0,17,7,1,0,0,0,0,0,0,81,lru,0,0,0,0,0,0,8,8,8,0,0,0,1,0,0,0,0,0,0,0,0,0,0,0,0,7930578793192582518
layer,34,0,33,160,decode,32,8,5,3,0,1083,155,675,4,0,4,3217,6,17,0,0,0,0,0,0,81,lru,0,0,0,0,0,0,8,5,8,0,3,0,0,9,0,5701632,0,0,0,2833,5701632,5701632,0,0,0,3337212792983935117
layer,34,0,33,160,decode,33,8,8,0,0,0,175,0,0,0,0,17,7,2,0,0,0,0,0,0,81,lru,0,0,0,0,0,0,8,8,8,0,0,0,1,0,0,0,0,0,0,0,0,0,0,0,0,11232647664787099148
layer,34,0,33,160,decode,34,8,6,2,0,821,156,281,4,0,4,1262,7,2,0,0,0,0,0,0,81,lru,0,0,0,0,0,0,8,6,8,0,2,0,0,6,0,4079616,0,0,0,939,4079616,4079616,0,0,0,240823327940220638
layer,34,0,33,160,decode,35,8,6,2,2544,643,177,419,4,0,4,5045,7,8,0,0,0,0,0,0,81,lru,0,0,0,0,0,0,8,6,8,0,2,0,0,3,3,1900544,1900544,0,2545,2178,3801088,3801088,0,1900544,3,16330500933546716232
layer,34,0,33,160,decode,36,8,4,4,4826,1248,163,823,4,0,4,9857,7,11,0,0,0,0,0,0,81,lru,0,0,0,0,0,0,8,4,8,0,4,0,0,6,6,3801088,3801088,9,4826,4489,7602176,7602176,0,3801088,6,3126214174929532165
layer,34,0,33,160,decode,37,8,7,1,0,327,158,231,3,0,3,2205,7,13,0,0,0,0,0,0,81,lru,0,0,0,0,0,0,8,7,8,0,1,0,1,3,0,1900544,0,0,0,1960,1900544,1900544,0,0,0,11848588458957694149
layer,34,0,33,160,decode,38,8,7,1,0,406,150,133,3,0,3,687,7,9,0,0,0,0,0,0,81,lru,0,0,0,0,0,0,8,7,8,0,1,0,1,3,0,2039808,0,0,0,488,2039808,2039808,0,0,0,8302889023037975338
layer,34,0,33,160,decode,39,8,8,0,0,0,686,0,0,0,0,17,7,1,0,0,0,0,0,0,81,lru,0,0,0,0,0,0,8,8,8,0,0,0,0,0,0,0,0,0,0,0,0,0,0,0,0,16522769435076618063
request,34,0,33,0,decode,-1,0,0,0,0,0,0,0,0,0,0,0,0,0,0,0,0,0,0,0,0,,101093,433,0,0,18,0,0,0,0,0,0,0,0,0,0,0,0,0,0,0,0,0,0,0,0,0
layer,35,0,34,161,decode,0,8,2,6,4728,1854,170,1171,5,0,5,13558,8,2,0,0,0,0,0,0,81,lru,0,0,0,0,0,0,8,2,8,0,6,0,1,12,6,7602176,3801088,0,4728,8189,11403264,11403264,0,3801088,6,3599341072973047683
layer,35,0,34,161,decode,1,8,6,2,2190,566,176,350,4,0,4,4493,7,8,0,0,0,0,0,0,81,lru,0,0,0,0,0,0,8,6,8,0,2,0,1,3,3,1900544,1900544,0,2191,2026,3801088,3801088,0,1900544,3,13717042403505790688
layer,35,0,34,161,decode,2,8,5,3,0,829,149,418,4,0,4,5457,7,10,0,0,0,0,0,0,81,lru,0,0,0,0,0,0,8,5,8,0,3,0,1,9,0,5701632,0,0,0,5085,5701632,5701632,0,0,0,8172861782400102203
layer,35,0,34,161,decode,3,8,6,2,0,573,179,421,4,0,4,3701,7,10,0,0,0,0,0,0,81,lru,0,0,0,0,0,0,8,6,8,0,2,0,1,6,0,3801088,0,3,0,3422,3801088,3801088,0,0,0,13233069634193704639
layer,35,0,34,161,decode,4,8,6,2,2088,562,172,410,4,0,4,4300,7,2,0,0,0,0,0,0,81,lru,0,0,0,0,0,0,8,6,8,0,2,0,0,3,3,1900544,1900544,0,2089,1944,3801088,3801088,0,1900544,3,5376664661551035866
layer,35,0,34,161,decode,5,8,5,3,6690,852,177,351,4,0,4,7793,7,2,0,0,0,0,0,0,81,lru,0,0,0,0,0,0,8,5,8,0,3,0,0,0,9,0,5701632,7,6694,742,5701632,5701632,0,5701632,9,18073848222721451172
layer,35,0,34,161,decode,6,8,8,0,0,0,157,0,0,0,0,18,7,2,0,0,0,0,0,0,81,lru,0,0,0,0,0,0,8,8,8,0,0,0,1,0,0,0,0,0,0,0,0,0,0,0,0,1066400439013477810
layer,35,0,34,161,decode,7,8,6,2,0,562,172,329,4,0,4,3683,7,21,0,0,0,0,0,0,81,lru,0,0,0,0,0,0,8,6,8,0,2,0,1,6,0,3801088,0,0,0,3391,3801088,3801088,0,0,0,9554233591488886980
layer,35,0,34,161,decode,8,8,8,0,0,0,172,0,0,0,0,17,7,1,0,0,0,0,0,0,81,lru,0,0,0,0,0,0,8,8,8,0,0,0,1,0,0,0,0,0,0,0,0,0,0,0,0,15412207520755186597
layer,35,0,34,161,decode,9,8,7,1,2109,313,157,131,3,0,3,2553,6,11,0,0,0,0,0,0,81,lru,0,0,0,0,0,0,8,7,8,0,1,0,1,0,3,0,1900544,3,2110,247,1900544,1900544,0,1900544,3,8202460224091879083
layer,35,0,34,161,decode,10,8,5,3,0,842,140,615,4,0,4,5409,7,16,0,0,0,0,0,0,81,lru,0,0,0,0,0,0,8,5,8,0,3,0,1,9,0,5701632,0,7,0,5040,5701632,5701632,0,0,0,15008272656571034241
layer,35,0,34,161,decode,11,8,7,1,0,305,178,155,3,0,3,1869,7,2,0,0,0,0,0,0,81,lru,0,0,0,0,0,0,8,7,8,0,1,0,1,3,0,1900544,0,0,0,1677,1900544,1900544,0,0,0,15195446909578457989
layer,35,0,34,161,decode,12,8,8,0,0,0,172,0,0,0,0,17,7,2,0,0,0,0,0,0,81,lru,0,0,0,0,0,0,8,8,8,0,0,0,1,0,0,0,0,0,0,0,0,0,0,0,0,5516189389881979816
layer,35,0,34,161,decode,13,8,7,1,0,302,167,239,3,0,3,1894,7,7,0,0,0,0,0,0,81,lru,0,0,0,0,0,0,8,7,8,0,1,0,0,3,0,1900544,0,3,0,1689,1900544,1900544,0,0,0,14923254721750410789
layer,35,0,34,161,decode,14,8,8,0,0,0,156,0,0,0,0,17,7,1,0,0,0,0,0,0,81,lru,0,0,0,0,0,0,8,8,8,0,0,0,0,0,0,0,0,0,0,0,0,0,0,0,0,14182524758442253021
layer,35,0,34,161,decode,15,8,6,2,0,570,178,362,4,0,4,3628,6,2,0,0,0,0,0,0,81,lru,0,0,0,0,0,0,8,6,8,0,2,0,0,6,0,3801088,0,2,0,3343,3801088,3801088,0,0,0,16575760560199362487
layer,35,0,34,161,decode,16,8,8,0,0,0,173,0,0,0,0,17,7,1,0,0,0,0,0,0,81,lru,0,0,0,0,0,0,8,8,8,0,0,0,0,0,0,0,0,0,0,0,0,0,0,0,0,14114368721823348237
layer,35,0,34,161,decode,17,8,8,0,0,0,176,0,0,0,0,16,6,1,0,0,0,0,0,0,81,lru,0,0,0,0,0,0,8,8,8,0,0,0,0,0,0,0,0,0,0,0,0,0,0,0,0,2963049814065989350
layer,35,0,34,161,decode,18,8,5,3,0,899,161,644,4,0,4,6720,7,4,0,0,0,0,0,0,81,lru,0,0,0,0,0,0,8,5,8,0,3,0,0,9,0,5701632,0,3,0,5292,5701632,5701632,0,0,0,12492993011404158617
layer,35,0,34,161,decode,19,8,6,2,2317,635,167,391,5,0,5,4766,8,18,0,0,0,0,0,0,81,lru,0,0,0,0,0,0,8,6,8,0,2,0,1,3,3,1900544,1900544,0,2317,2162,3801088,3801088,0,1900544,3,3263235765109701769
layer,35,0,34,161,decode,20,8,7,1,0,327,164,236,4,0,4,2090,7,12,0,0,0,0,0,0,81,lru,0,0,0,0,0,0,8,7,8,0,1,0,1,3,0,1900544,0,0,0,1883,1900544,1900544,0,0,0,4905001856062847235
layer,35,0,34,161,decode,21,8,5,3,2474,932,167,736,5,0,5,7008,7,6,0,0,0,0,0,0,81,lru,0,0,0,0,0,0,8,5,8,0,3,0,0,6,3,3801088,1900544,3,2474,4149,5701632,5701632,0,1900544,3,4119714306020556686
layer,35,0,34,161,decode,22,8,6,2,0,688,148,162,4,0,4,2668,7,27,0,0,0,0,0,0,81,lru,0,0,0,0,0,0,8,6,8,0,2,0,1,6,0,3801088,0,3,0,2383,3801088,3801088,0,0,0,10603856038253776171
layer,35,0,34,161,decode,23,8,4,4,0,1427,165,1172,4,0,4,5237,7,14,0,0,0,0,0,0,81,lru,0,0,0,0,0,0,8,4,8,0,4,0,1,12,0,7602176,0,0,0,4793,7602176,7602176,0,0,0,8883112442203481644
layer,35,0,34,161,decode,24,8,7,1,0,314,173,261,3,0,3,2166,7,2,0,0,0,0,0,0,81,lru,0,0,0,0,0,0,8,7,8,0,1,0,1,3,0,1900544,0,0,0,1960,1900544,1900544,0,0,0,8620404304115984227
layer,35,0,34,161,decode,25,8,8,0,0,0,177,0,0,0,0,18,7,2,0,0,0,0,0,0,81,lru,0,0,0,0,0,0,8,8,8,0,0,0,0,0,0,0,0,0,0,0,0,0,0,0,0,221792047319294191
layer,35,0,34,161,decode,26,8,7,1,2181,323,157,267,3,0,3,2664,7,2,0,0,0,0,0,0,81,lru,0,0,0,0,0,0,8,7,8,0,1,0,0,0,3,0,1900544,0,2182,269,1900544,1900544,0,1900544,3,13893198714259309841
layer,35,0,34,161,decode,27,8,6,2,0,636,168,504,4,0,4,4020,8,10,0,0,0,0,0,0,81,lru,0,0,0,0,0,0,8,6,8,0,2,0,0,6,0,3801088,0,0,0,3742,3801088,3801088,0,0,0,5342497931263621730
layer,35,0,34,161,decode,28,8,6,2,0,793,172,469,3,0,3,1183,7,2,0,0,0,0,0,0,81,lru,0,0,0,0,0,0,8,6,8,0,2,0,1,6,0,3801088,0,7,0,877,3801088,3801088,0,0,0,12144101959647179521
layer,35,0,34,161,decode,29,8,5,3,3719,988,167,548,4,0,4,6788,7,6,0,0,0,0,0,0,81,lru,0,0,0,0,0,0,8,5,8,0,3,0,0,6,3,3801088,1900544,9,3720,2674,5701632,5701632,0,1900544,3,14053851184490448839
layer,35,0,34,161,decode,30,8,6,2,1404,390,157,171,4,0,4,2923,9,6,0,0,0,0,0,0,81,lru,0,0,0,0,0,0,8,6,8,0,2,0,1,3,3,1900544,1900544,0,1405,1316,3801088,3801088,0,1900544,3,16652743846831245108
layer,35,0,34,161,decode,31,8,5,3,3750,642,160,394,3,0,3,4649,7,15,0,0,0,0,0,0,81,lru,0,0,0,0,0,0,8,5,8,0,3,0,1,3,6,1900544,3801088,2,3751,611,5701632,5701632,0,3801088,6,6658746933183023462
layer,35,0,34,161,decode,32,8,4,4,0,1116,171,695,4,0,4,2852,7,2,0,0,0,0,0,0,81,lru,0,0,0,0,0,0,8,4,8,0,4,0,1,12,0,7602176,0,0,0,2475,7602176,7602176,0,0,0,6629158508640746937
layer,35,0,34,161,decode,33,8,6,2,1767,469,157,210,4,0,4,2450,7,7,0,0,0,0,0,0,81,lru,0,0,0,0,0,0,8,6,8,0,2,0,1,3,3,1900544,1900544,0,1768,464,3801088,3801088,0,1900544,3,16440138552846702158
layer,35,0,34,161,decode,34,8,7,1,1863,252,158,124,3,0,3,2234,7,7,0,0,0,0,0,0,81,lru,0,0,0,0,0,0,8,7,8,0,1,0,1,0,3,0,2039808,0,1865,201,2039808,2039808,0,2039808,3,12275423910952893749
layer,35,0,34,161,decode,35,8,5,3,3624,680,157,205,4,0,4,5615,7,11,0,0,0,0,0,0,81,lru,0,0,0,0,0,0,8,5,8,0,3,0,0,3,6,1900544,3801088,0,3624,1702,5701632,5701632,0,3801088,6,12034981659807873364
layer,35,0,34,161,decode,36,8,6,2,1670,452,166,260,4,0,4,3465,7,17,0,0,0,0,0,0,81,lru,0,0,0,0,0,0,8,6,8,0,2,0,1,3,3,1900544,1900544,3,1671,1548,3801088,3801088,0,1900544,3,1932456891872267115
layer,35,0,34,161,decode,37,8,8,0,0,0,176,0,0,0,0,18,7,2,0,0,0,0,0,0,81,lru,0,0,0,0,0,0,8,8,8,0,0,0,0,0,0,0,0,0,0,0,0,0,0,0,0,1522583068468533294
layer,35,0,34,161,decode,38,8,8,0,0,0,156,0,0,0,0,15,6,2,0,0,0,0,0,0,81,lru,0,0,0,0,0,0,8,8,8,0,0,0,0,0,0,0,0,0,0,0,0,0,0,0,0,14472354439200460537
layer,35,0,34,161,decode,39,8,8,0,0,0,687,0,0,0,0,15,7,2,0,0,0,0,0,0,81,lru,0,0,0,0,0,0,8,8,8,0,0,0,0,0,0,0,0,0,0,0,0,0,0,0,0,12431581707970178111
request,35,0,34,0,decode,-1,0,0,0,0,0,0,0,0,0,0,0,0,0,0,0,0,0,0,0,0,,135965,498,0,0,21,0,0,0,0,0,0,0,0,0,0,0,0,0,0,0,0,0,0,0,0,0
layer,36,0,35,162,decode,0,8,4,4,0,978,172,596,4,0,4,6150,8,5,0,0,0,0,0,0,81,lru,0,0,0,0,0,0,8,4,8,0,4,0,0,12,0,7602176,0,0,0,5782,7602176,7602176,0,0,0,10440276727765642568
layer,36,0,35,162,decode,1,8,5,3,0,769,164,528,4,0,4,4917,7,12,0,0,0,0,0,0,81,lru,0,0,0,0,0,0,8,5,8,0,3,0,1,9,0,5701632,0,0,0,4600,5701632,5701632,0,0,0,7891431400580741848
layer,36,0,35,162,decode,2,8,5,3,0,759,148,342,4,0,4,4987,7,15,0,0,0,0,0,0,81,lru,0,0,0,0,0,0,8,5,8,0,3,0,1,9,0,5701632,0,0,0,4648,5701632,5701632,0,0,0,14533990896628962246
layer,36,0,35,162,decode,3,8,8,0,0,0,180,0,0,0,0,18,7,1,0,0,0,0,0,0,81,lru,0,0,0,0,0,0,8,8,8,0,0,0,1,0,0,0,0,0,0,0,0,0,0,0,0,13578200055856917045
layer,36,0,35,162,decode,4,8,7,1,0,275,158,193,3,0,3,1710,7,10,0,0,0,0,0,0,81,lru,0,0,0,0,0,0,8,7,8,0,1,0,0,3,0,1900544,0,0,0,1542,1900544,1900544,0,0,0,13837776870490549934
layer,36,0,35,162,decode,5,8,8,0,0,0,176,0,0,0,0,19,7,2,0,0,0,0,0,0,81,lru,0,0,0,0,0,0,8,8,8,0,0,0,0,0,0,0,0,0,0,0,0,0,0,0,0,9250106198812606999
layer,36,0,35,162,decode,6,8,6,2,2166,529,147,312,4,0,4,4179,6,12,0,0,0,0,0,0,81,lru,0,0,0,0,0,0,8,6,8,0,2,0,0,3,3,1900544,1900544,6,2166,1756,3801088,3801088,0,1900544,3,501690061693260141
layer,36,0,35,162,decode,7,8,4,4,2008,1030,171,568,4,0,4,7262,7,7,0,0,0,0,0,0,81,lru,0,0,0,0,0,0,8,4,8,0,4,0,1,9,3,5701632,1900544,9,2008,4833,7602176,7602176,0,1900544,3,3740572685458445556
layer,36,0,35,162,decode,8,8,7,1,0,274,165,191,4,0,4,1753,7,15,0,0,0,0,0,0,81,lru,0,0,0,0,0,0,8,7,8,0,1,0,1,3,0,1900544,0,3,0,1559,1900544,1900544,0,0,0,11190912105530148528
layer,36,0,35,162,decode,9,8,7,1,3290,293,157,121,3,0,3,3683,6,15,0,0,0,0,0,0,81,lru,0,0,0,0,0,0,8,7,8,0,1,0,1,0,3,0,1900544,0,3291,223,1900544,1900544,0,1900544,3,11959336009159962761
layer,36,0,35,162,decode,10,8,6,2,1569,413,141,148,4,0,4,3064,7,14,0,0,0,0,0,0,81,lru,0,0,0,0,0,0,8,6,8,0,2,0,1,3,3,1900544,1900544,0,1569,1293,3801088,3801088,0,1900544,3,17677817784096908103
layer,36,0,35,162,decode,11,8,4,4,3430,797,159,353,4,0,4,6516,7,11,0,0,0,0,0,0,81,lru,0,0,0,0,0,0,8,4,8,0,4,0,0,6,6,3801088,3801088,0,3430,2769,7602176,7602176,0,3801088,6,10269092292249990174
layer,36,0,35,162,decode,12,8,8,0,0,0,172,0,0,0,0,18,7,2,0,0,0,0,0,0,81,lru,0,0,0,0,0,0,8,8,8,0,0,0,0,0,0,0,0,0,0,0,0,0,0,0,0,3339864594459449259
layer,36,0,35,162,decode,13,8,5,3,1832,689,174,391,4,0,4,5133,7,2,0,0,0,0,0,0,81,lru,0,0,0,0,0,0,8,5,8,0,3,0,0,6,3,3801088,1900544,8,1834,3012,5701632,5701632,0,1900544,3,4509468450407588889
layer,36,0,35,162,decode,14,8,6,2,0,463,147,330,4,0,4,2944,7,14,0,0,0,0,0,0,81,lru,0,0,0,0,0,0,8,6,8,0,2,0,1,6,0,3801088,0,4,0,2709,3801088,3801088,0,0,0,11886042798591309792
layer,36,0,35,162,decode,15,8,7,1,0,252,180,187,3,0,3,1458,7,7,0,0,0,0,0,0,81,lru,0,0,0,0,0,0,8,7,8,0,1,0,0,3,0,1900544,0,2,0,1272,1900544,1900544,0,0,0,1050951614938822910
layer,36,0,35,162,decode,16,8,6,2,0,454,172,257,5,0,5,2776,7,2,0,0,0,0,0,0,81,lru,0,0,0,0,0,0,8,6,8,0,2,0,0,6,0,3801088,0,5,0,2544,3801088,3801088,0,0,0,8690430467144714825
layer,36,0,35,162,decode,17,8,7,1,0,243,169,177,3,0,3,1496,7,9,0,0,0,0,0,0,81,lru,0,0,0,0,0,0,8,7,8,0,1,0,0,3,0,1900544,0,0,0,1328,1900544,1900544,0,0,0,14589578831790518207
layer,36,0,35,162,decode,18,8,4,4,1693,871,140,429,4,0,4,6038,7,7,0,0,0,0,0,0,81,lru,0,0,0,0,0,0,8,4,8,0,4,0,0,9,3,5701632,1900544,2,1694,4053,7602176,7602176,0,1900544,3,1885581415024913837
layer,36,0,35,162,decode,19,8,5,3,1763,676,172,1748,4,0,4,4851,7,18,0,0,0,0,0,0,81,lru,0,0,0,0,0,0,8,5,8,0,3,0,1,6,3,3801088,1900544,2,1763,2795,5701632,5701632,0,1900544,3,13949770915680112539
layer,36,0,35,162,decode,20,8,5,3,5378,685,161,397,5,0,5,6258,8,14,0,0,0,0,0,0,81,lru,0,0,0,0,0,0,8,5,8,0,3,0,1,0,9,0,5701632,4,5379,565,5701632,5701632,0,5701632,9,3701844851938739691
layer,36,0,35,162,decode,21,8,7,1,1877,253,168,174,4,0,4,2281,6,12,0,0,0,0,0,0,81,lru,0,0,0,0,0,0,8,7,8,0,1,0,1,0,3,0,1900544,2,1877,211,1900544,1900544,0,1900544,3,16322945228621538836
layer,36,0,35,162,decode,22,8,7,1,1800,251,150,184,4,0,4,2199,7,12,0,0,0,0,0,0,81,lru,0,0,0,0,0,0,8,7,8,0,1,0,0,0,3,0,1900544,0,1800,210,1900544,1900544,0,1900544,3,2061950024147398978
layer,36,0,35,162,decode,23,8,6,2,3561,459,181,306,4,0,4,4198,7,2,0,0,0,0,0,0,81,lru,0,0,0,0,0,0,8,6,8,0,2,0,0,0,6,0,3801088,0,3564,389,3801088,3801088,0,3801088,6,4932879616493972
layer,36,0,35,162,decode,24,8,8,0,0,0,173,0,0,0,0,18,7,2,0,0,0,0,0,0,81,lru,0,0,0,0,0,0,8,8,8,0,0,0,0,0,0,0,0,0,0,0,0,0,0,0,0,11866066401256153433
layer,36,0,35,162,decode,25,8,6,2,0,502,176,332,4,0,4,1849,6,2,0,0,0,0,0,0,81,lru,0,0,0,0,0,0,8,6,8,0,2,0,0,6,0,3801088,0,3,0,1612,3801088,3801088,0,0,0,2822724274367507410
layer,36,0,35,162,decode,26,8,6,2,1914,460,149,224,4,0,4,3685,7,13,0,0,0,0,0,0,81,lru,0,0,0,0,0,0,8,6,8,0,2,0,0,3,3,1900544,1900544,2,1914,1497,3801088,3801088,0,1900544,3,128480427875718884
layer,36,0,35,162,decode,27,8,7,1,1794,244,171,171,3,0,3,2148,7,11,0,0,0,0,0,0,81,lru,0,0,0,0,0,0,8,7,8,0,1,0,1,0,3,0,1900544,0,1794,183,1900544,1900544,0,1900544,3,12337723000855786247
layer,36,0,35,162,decode,28,8,8,0,0,0,173,0,0,0,0,17,7,1,0,0,0,0,0,0,81,lru,0,0,0,0,0,0,8,8,8,0,0,0,0,0,0,0,0,0,0,0,0,0,0,0,0,6334154399001263552
layer,36,0,35,162,decode,29,8,7,1,0,301,176,229,3,0,3,490,7,2,0,0,0,0,0,0,81,lru,0,0,0,0,0,0,8,7,8,0,1,0,0,3,0,1900544,0,0,0,302,1900544,1900544,0,0,0,4747326450208126025
layer,36,0,35,162,decode,30,8,7,1,0,237,149,124,3,0,3,1500,7,12,0,0,0,0,0,0,81,lru,0,0,0,0,0,0,8,7,8,0,1,0,0,3,0,1900544,0,0,0,1333,1900544,1900544,0,0,0,16684593933676196935
layer,36,0,35,162,decode,31,8,8,0,0,0,179,0,0,0,0,18,7,2,0,0,0,0,0,0,81,lru,0,0,0,0,0,0,8,8,8,0,0,0,0,0,0,0,0,0,0,0,0,0,0,0,0,1728562237073244052
layer,36,0,35,162,decode,32,8,5,3,0,753,172,495,4,0,4,2234,6,2,0,0,0,0,0,0,81,lru,0,0,0,0,0,0,8,5,8,0,3,0,0,9,0,5701632,0,6,0,1955,5701632,5701632,0,0,0,3930625730228491356
layer,36,0,35,162,decode,33,8,7,1,0,251,164,193,3,0,3,1503,7,17,0,0,0,0,0,0,81,lru,0,0,0,0,0,0,8,7,8,0,1,0,1,3,0,1900544,0,1,0,1334,1900544,1900544,0,0,0,14756639069627883517
layer,36,0,35,162,decode,34,8,6,2,4165,497,157,336,4,0,4,4876,7,2,0,0,0,0,0,0,81,lru,0,0,0,0,0,0,8,6,8,0,2,0,0,0,6,0,4079616,0,4165,465,4079616,4079616,0,4079616,6,11770606137852248995
layer,36,0,35,162,decode,35,8,7,1,1938,269,172,97,3,0,3,2325,7,10,0,0,0,0,0,0,81,lru,0,0,0,0,0,0,8,7,8,0,1,0,1,0,3,0,1900544,0,1938,201,1900544,1900544,0,1900544,3,15552834170277625344
layer,36,0,35,162,decode,36,8,6,2,0,624,171,379,5,0,5,903,7,2,0,0,0,0,0,0,81,lru,0,0,0,0,0,0,8,6,8,0,2,0,0,6,0,3801088,0,0,0,663,3801088,3801088,0,0,0,8024274458174327242
layer,36,0,35,162,decode,37,8,6,2,0,544,176,378,4,0,4,1984,7,7,0,0,0,0,0,0,81,lru,0,0,0,0,0,0,8,6,8,0,2,0,1,6,0,3801088,0,0,0,1750,3801088,3801088,0,0,0,965230982003762345
layer,36,0,35,162,decode,38,8,7,1,2133,288,144,178,3,0,3,2550,7,7,0,0,0,0,0,0,81,lru,0,0,0,0,0,0,8,7,8,0,1,0,1,0,3,0,2039808,0,2134,240,2039808,2039808,0,2039808,3,4157646929830486998
layer,36,0,35,162,decode,39,8,7,1,2208,287,677,176,2,0,2,2629,7,14,0,0,0,0,0,0,81,lru,0,0,0,0,0,0,8,7,8,0,1,0,0,0,3,0,2039808,0,2210,237,2039808,2039808,0,2039808,3,5515952977102526181
request,36,0,35,0,decode,-1,0,0,0,0,0,0,0,0,0,0,0,0,0,0,0,0,0,0,0,0,,120652,493,0,0,16,0,0,0,0,0,0,0,0,0,0,0,0,0,0,0,0,0,0,0,0,0
layer,37,0,36,163,decode,0,8,2,6,2156,1481,151,1235,5,0,5,11275,8,15,0,0,0,0,0,0,81,lru,0,0,0,0,0,0,8,2,8,0,6,0,0,15,3,9502720,1900544,0,2156,8585,11403264,11403264,0,1900544,3,9384966570237353259
layer,37,0,36,163,decode,1,8,2,6,3798,1440,170,792,6,0,6,10565,28,11,0,0,0,0,0,0,81,lru,0,0,0,0,0,0,8,2,8,0,6,0,1,12,6,7602176,3801088,0,3799,6208,11403264,11403264,0,3801088,6,16695939498514766238
layer,37,0,36,163,decode,2,8,4,4,0,931,144,472,5,0,5,6086,7,16,0,0,0,0,0,0,81,lru,0,0,0,0,0,0,8,4,8,0,4,0,1,12,0,7602176,0,3,0,5726,7602176,7602176,0,0,0,17374177206656630571
layer,37,0,36,163,decode,3,8,6,2,1894,471,178,310,4,0,4,3763,7,10,0,0,0,0,0,0,81,lru,0,0,0,0,0,0,8,6,8,0,2,0,1,3,3,1900544,1900544,0,1894,1641,3801088,3801088,0,1900544,3,18093592987255715193
layer,37,0,36,163,decode,4,8,7,1,0,259,174,150,3,0,3,1605,7,2,0,0,0,0,0,0,81,lru,0,0,0,0,0,0,8,7,8,0,1,0,1,3,0,1900544,0,3,0,1414,1900544,1900544,0,0,0,11962908521254326487
layer,37,0,36,163,decode,5,8,7,1,3136,266,157,102,4,0,4,3515,7,6,0,0,0,0,0,0,81,lru,0,0,0,0,0,0,8,7,8,0,1,0,0,0,3,0,1900544,0,3137,205,1900544,1900544,0,1900544,3,8486758120131946004
layer,37,0,36,163,decode,6,8,6,2,0,380,142,212,4,0,4,2507,7,7,0,0,0,0,0,0,81,lru,0,0,0,0,0,0,8,6,8,0,2,0,1,6,0,3801088,0,2,0,2311,3801088,3801088,0,0,0,11718347022338609732
layer,37,0,36,163,decode,7,8,7,1,1639,233,161,59,3,0,3,1926,7,11,0,0,0,0,0,0,81,lru,0,0,0,0,0,0,8,7,8,0,1,0,1,0,3,0,1900544,0,1639,164,1900544,1900544,0,1900544,3,2560729934829782734
layer,37,0,36,163,decode,8,8,5,3,0,578,163,354,4,0,4,3651,8,8,0,0,0,0,0,0,81,lru,0,0,0,0,0,0,8,5,8,0,3,0,0,9,0,5701632,0,6,0,3386,5701632,5701632,0,0,0,5774623593389149272
layer,37,0,36,163,decode,9,8,8,0,0,0,177,0,0,0,0,16,7,1,0,0,0,0,0,0,81,lru,0,0,0,0,0,0,8,8,8,0,0,0,1,0,0,0,0,0,0,0,0,0,0,0,0,11713892741278071567
layer,37,0,36,163,decode,10,8,6,2,1806,455,156,201,4,0,4,3589,6,9,0,0,0,0,0,0,81,lru,0,0,0,0,0,0,8,6,8,0,2,0,0,3,3,1900544,1900544,0,1807,1540,3801088,3801088,0,1900544,3,5322067866939448381
layer,37,0,36,163,decode,11,8,7,1,0,229,160,101,3,0,3,1465,8,7,0,0,0,0,0,0,81,lru,0,0,0,0,0,0,8,7,8,0,1,0,0,3,0,1900544,0,0,0,1330,1900544,1900544,0,0,0,16581890650440566607
layer,37,0,36,163,decode,12,8,8,0,0,0,171,0,0,0,0,17,7,1,0,0,0,0,0,0,81,lru,0,0,0,0,0,0,8,8,8,0,0,0,0,0,0,0,0,0,0,0,0,0,0,0,0,4007239945333301386
layer,37,0,36,163,decode,13,8,8,0,0,0,177,0,0,0,0,15,7,2,0,0,0,0,0,0,81,lru,0,0,0,0,0,0,8,8,8,0,0,0,0,0,0,0,0,0,0,0,0,0,0,0,0,18169349930066349026
layer,37,0,36,163,decode,14,8,7,1,0,245,149,178,3,0,3,1477,6,8,0,0,0,0,0,0,81,lru,0,0,0,0,0,0,8,7,8,0,1,0,0,3,0,1900544,0,0,0,1272,1900544,1900544,0,0,0,18263261152153500803
layer,37,0,36,163,decode,15,8,7,1,0,248,181,189,3,0,3,1450,7,2,0,0,0,0,0,0,81,lru,0,0,0,0,0,0,8,7,8,0,1,0,1,3,0,1900544,0,0,0,1275,1900544,1900544,0,0,0,16667719517013531730
layer,37,0,36,163,decode,16,8,8,0,0,0,173,0,0,0,0,19,7,1,0,0,0,0,0,0,81,lru,0,0,0,0,0,0,8,8,8,0,0,0,1,0,0,0,0,0,0,0,0,0,0,0,0,9642553112557727424
layer,37,0,36,163,decode,17,8,5,3,0,663,167,366,4,0,4,4219,7,9,0,0,0,0,0,0,81,lru,0,0,0,0,0,0,8,5,8,0,3,0,0,9,0,5701632,0,2,0,3918,5701632,5701632,0,0,0,1779589812626584557
layer,37,0,36,163,decode,18,8,8,0,0,0,156,0,0,0,0,17,7,1,0,0,0,0,0,0,81,lru,0,0,0,0,0,0,8,8,8,0,0,0,1,0,0,0,0,0,0,0,0,0,0,0,0,4772060950240637683
layer,37,0,36,163,decode,19,8,8,0,0,0,180,0,0,0,0,16,7,1,0,0,0,0,0,0,81,lru,0,0,0,0,0,0,8,8,8,0,0,0,0,0,0,0,0,0,0,0,0,0,0,0,0,6381846822124120462
layer,37,0,36,163,decode,20,8,6,2,0,465,159,230,5,0,5,2775,6,10,0,0,0,0,0,0,81,lru,0,0,0,0,0,0,8,6,8,0,2,0,0,6,0,3801088,0,0,0,2542,3801088,3801088,0,0,0,7148974874064122015
layer,37,0,36,163,decode,21,8,8,0,0,0,176,0,0,0,0,18,8,2,0,0,0,0,0,0,81,lru,0,0,0,0,0,0,8,8,8,0,0,0,0,0,0,0,0,0,0,0,0,0,0,0,0,13017036668005818390
layer,37,0,36,163,decode,22,8,8,0,0,0,157,0,0,0,0,16,7,1,0,0,0,0,0,0,81,lru,0,0,0,0,0,0,8,8,8,0,0,0,0,0,0,0,0,0,0,0,0,0,0,0,0,15755896170448577654
layer,37,0,36,163,decode,23,8,6,2,0,574,179,339,4,0,4,838,7,2,0,0,0,0,0,0,81,lru,0,0,0,0,0,0,8,6,8,0,2,0,0,6,0,3801088,0,0,0,599,3801088,3801088,0,0,0,6448578752374128547
layer,37,0,36,163,decode,24,8,8,0,0,0,172,0,0,0,0,18,7,1,0,0,0,0,0,0,81,lru,0,0,0,0,0,0,8,8,8,0,0,0,1,0,0,0,0,0,0,0,0,0,0,0,0,9159812502471516044
layer,37,0,36,163,decode,25,8,7,1,0,264,177,193,3,0,3,1543,6,2,0,0,0,0,0,0,81,lru,0,0,0,0,0,0,8,7,8,0,1,0,1,3,0,1900544,0,0,0,1351,1900544,1900544,0,0,0,11855962460750036296
layer,37,0,36,163,decode,26,8,7,1,0,282,158,195,3,0,3,500,7,2,0,0,0,0,0,0,81,lru,0,0,0,0,0,0,8,7,8,0,1,0,0,3,0,1900544,0,3,0,343,1900544,1900544,0,0,0,16499131359536025886
layer,37,0,36,163,decode,27,8,8,0,0,0,178,0,0,0,0,16,7,1,0,0,0,0,0,0,81,lru,0,0,0,0,0,0,8,8,8,0,0,0,1,0,0,0,0,0,0,0,0,0,0,0,0,15363128974965437252
layer,37,0,36,163,decode,28,8,7,1,0,271,164,189,3,0,3,1572,6,12,0,0,0,0,0,0,81,lru,0,0,0,0,0,0,8,7,8,0,1,0,0,3,0,1900544,0,0,0,1402,1900544,1900544,0,0,0,8868525701033250395
layer,37,0,36,163,decode,29,8,7,1,0,317,167,249,3,0,3,500,7,9,0,0,0,0,0,0,81,lru,0,0,0,0,0,0,8,7,8,0,1,0,0,3,0,1900544,0,0,0,313,1900544,1900544,0,0,0,45424770582243263
layer,37,0,36,163,decode,30,8,7,1,0,319,156,187,3,0,3,504,7,2,0,0,0,0,0,0,81,lru,0,0,0,0,0,0,8,7,8,0,1,0,1,3,0,1900544,0,0,0,315,1900544,1900544,0,0,0,10486043955320266956
layer,37,0,36,163,decode,31,8,8,0,0,0,178,0,0,0,0,17,7,2,0,0,0,0,0,0,81,lru,0,0,0,0,0,0,8,8,8,0,0,0,0,0,0,0,0,0,0,0,0,0,0,0,0,6596540708934648210
layer,37,0,36,163,decode,32,8,7,1,0,315,164,75,3,0,3,503,7,10,0,0,0,0,0,0,81,lru,0,0,0,0,0,0,8,7,8,0,1,0,1,3,0,1900544,0,0,0,325,1900544,1900544,0,0,0,3289488508292946544
layer,37,0,36,163,decode,33,8,6,2,0,604,166,289,4,0,4,888,7,11,0,0,0,0,0,0,81,lru,0,0,0,0,0,0,8,6,8,0,2,0,1,6,0,3801088,0,0,0,640,3801088,3801088,0,0,0,14500947503381181946
layer,37,0,36,163,decode,34,8,6,2,0,536,154,285,4,0,4,2047,7,2,0,0,0,0,0,0,81,lru,0,0,0,0,0,0,8,6,8,0,2,0,1,6,0,4079616,0,0,0,1831,4079616,4079616,0,0,0,7497796648852638795
layer,37,0,36,163,decode,35,8,6,2,0,621,179,517,4,0,4,2216,7,2,0,0,0,0,0,0,81,lru,0,0,0,0,0,0,8,6,8,0,2,0,1,6,0,3801088,0,2,0,1938,3801088,3801088,0,0,0,11605138189622098621
layer,37,0,36,163,decode,36,8,5,3,0,896,162,503,4,0,4,4229,7,7,0,0,0,0,0,0,81,lru,0,0,0,0,0,0,8,5,8,0,3,0,1,9,0,5701632,0,0,0,3899,5701632,5701632,0,0,0,10460267045003727631
layer,37,0,36,163,decode,37,8,5,3,0,978,164,718,3,0,3,2819,7,11,0,0,0,0,0,0,81,lru,0,0,0,0,0,0,8,5,8,0,3,0,1,9,0,5701632,0,0,0,2510,5701632,5701632,0,0,0,13118484072985661019
layer,37,0,36,163,decode,38,8,4,4,2600,1180,150,1953,4,0,4,8873,7,16,0,0,0,0,0,0,81,lru,0,0,0,0,0,0,8,4,8,0,4,0,0,9,3,6119424,2039808,0,2601,5829,8159232,8159232,0,2039808,3,11132284917110028265
layer,37,0,36,163,decode,39,8,7,1,0,318,677,225,3,0,3,1992,8,10,0,0,0,0,0,0,81,lru,0,0,0,0,0,0,8,7,8,0,1,0,2,3,0,2039808,0,0,0,1800,2039808,2039808,0,0,0,3088408659501240241
request,37,0,36,0,decode,-1,0,0,0,0,0,0,0,0,0,0,0,0,0,0,0,0,0,0,0,0,,97090,462,0,0,18,0,0,0,0,0,0,0,0,0,0,0,0,0,0,0,0,0,0,0,0,0
layer,38,0,37,164,decode,0,8,5,3,3737,775,173,435,5,0,5,7377,8,7,0,0,0,0,0,0,81,lru,0,0,0,0,0,0,8,5,8,0,3,0,1,6,3,3801088,1900544,0,3738,3304,5701632,5701632,0,1900544,3,1891588383504695724
layer,38,0,37,164,decode,1,8,6,2,0,394,176,246,5,0,5,2575,7,2,0,0,0,0,0,0,81,lru,0,0,0,0,0,0,8,6,8,0,2,0,1,6,0,3801088,0,2,0,2344,3801088,3801088,0,0,0,7336696374003781058
layer,38,0,37,164,decode,2,8,4,4,0,818,145,493,4,0,4,5194,7,9,0,0,0,0,0,0,81,lru,0,0,0,0,0,0,8,4,8,0,4,0,1,12,0,7602176,0,0,0,4860,7602176,7602176,0,0,0,1340341527044412503
layer,38,0,37,164,decode,3,8,7,1,0,266,179,209,3,0,3,1701,7,2,0,0,0,0,0,0,81,lru,0,0,0,0,0,0,8,7,8,0,1,0,1,3,0,1900544,0,0,0,1526,1900544,1900544,0,0,0,10538416636747250197
layer,38,0,37,164,decode,4,8,7,1,2065,266,153,172,3,0,3,2441,7,13,0,0,0,0,0,0,81,lru,0,0,0,0,0,0,8,7,8,0,1,0,0,0,3,0,1900544,0,2065,220,1900544,1900544,0,1900544,3,8618827988987370091
layer,38,0,37,164,decode,5,8,7,1,1759,254,157,85,3,0,3,2105,6,12,0,0,0,0,0,0,81,lru,0,0,0,0,0,0,8,7,8,0,1,0,0,0,3,0,1900544,0,1760,203,1900544,1900544,0,1900544,3,10167282946379488224
layer,38,0,37,164,decode,6,8,6,2,0,453,140,241,4,0,4,2931,7,14,0,0,0,0,0,0,81,lru,0,0,0,0,0,0,8,6,8,0,2,0,0,6,0,3801088,0,0,0,2693,3801088,3801088,0,0,0,14933699909489967027
layer,38,0,37,164,decode,7,8,6,2,1831,425,180,279,4,0,4,3542,7,2,0,0,0,0,0,0,81,lru,0,0,0,0,0,0,8,6,8,0,2,0,1,3,3,1900544,1900544,4,1831,1494,3801088,3801088,0,1900544,3,11156865769451935320
layer,38,0,37,164,decode,8,8,6,2,1837,450,163,240,4,0,4,3570,7,9,0,0,0,0,0,0,81,lru,0,0,0,0,0,0,8,6,8,0,2,0,0,3,3,1900544,1900544,0,1837,1499,3801088,3801088,0,1900544,3,8805764566859194426
layer,38,0,37,164,decode,9,8,6,2,1753,460,176,308,4,0,4,3555,6,3,0,0,0,0,0,0,81,lru,0,0,0,0,0,0,8,6,8,0,2,0,0,3,3,1900544,1900544,6,1753,1556,3801088,3801088,0,1900544,3,657749089914457326
layer,38,0,37,164,decode,10,8,5,3,3811,667,141,323,4,0,4,5847,7,13,0,0,0,0,0,0,81,lru,0,0,0,0,0,0,8,5,8,0,3,0,0,3,6,1900544,3801088,0,3812,1756,5701632,5701632,0,3801088,6,9698210137599261098
layer,38,0,37,164,decode,11,8,5,3,1712,670,179,382,4,0,4,4809,7,2,0,0,0,0,0,0,81,lru,0,0,0,0,0,0,8,5,8,0,3,0,1,6,3,3801088,1900544,0,1712,2784,5701632,5701632,0,1900544,3,16307079682692039571
layer,38,0,37,164,decode,12,8,6,2,0,451,163,283,3,0,3,2812,7,8,0,0,0,0,0,0,81,lru,0,0,0,0,0,0,8,6,8,0,2,0,1,6,0,3801088,0,0,0,2585,3801088,3801088,0,0,0,14728894076229786441
layer,38,0,37,164,decode,13,8,6,2,0,453,163,265,3,0,3,2816,8,7,0,0,0,0,0,0,81,lru,0,0,0,0,0,0,8,6,8,0,2,0,1,6,0,3801088,0,5,0,2592,3801088,3801088,0,0,0,8459422445195154380
layer,38,0,37,164,decode,14,8,6,2,1727,450,147,287,4,0,4,3508,7,13,0,0,0,0,0,0,81,lru,0,0,0,0,0,0,8,6,8,0,2,0,1,3,3,1900544,1900544,4,1727,1543,3801088,3801088,0,1900544,3,15098015216168268002
layer,38,0,37,164,decode,15,8,6,2,1710,455,158,211,4,0,4,3478,7,11,0,0,0,0,0,0,81,lru,0,0,0,0,0,0,8,6,8,0,2,0,0,3,3,1900544,1900544,0,1710,1548,3801088,3801088,0,1900544,3,3754955824284842804
layer,38,0,37,164,decode,16,8,7,1,1755,249,164,189,3,0,3,2132,7,13,0,0,0,0,0,0,81,lru,0,0,0,0,0,0,8,7,8,0,1,0,1,0,3,0,1900544,0,1755,195,1900544,1900544,0,1900544,3,10706879239034417332
layer,38,0,37,164,decode,17,8,5,3,0,654,175,449,4,0,4,4248,8,2,0,0,0,0,0,0,81,lru,0,0,0,0,0,0,8,5,8,0,3,0,0,9,0,5701632,0,0,0,3954,5701632,5701632,0,0,0,1680000097646531312
layer,38,0,37,164,decode,18,8,6,2,0,490,156,322,4,0,4,1805,7,2,0,0,0,0,0,0,81,lru,0,0,0,0,0,0,8,6,8,0,2,0,0,6,0,3801088,0,0,0,1565,3801088,3801088,0,0,0,6570705196284309514
layer,38,0,37,164,decode,19,8,6,2,1758,501,179,314,3,0,3,2501,7,3,0,0,0,0,0,0,81,lru,0,0,0,0,0,0,8,6,8,0,2,0,0,3,3,1900544,1900544,6,1758,496,3801088,3801088,0,1900544,3,4491858422103335318
layer,38,0,37,164,decode,20,8,7,1,0,246,165,73,4,0,4,1478,7,8,0,0,0,0,0,0,81,lru,0,0,0,0,0,0,8,7,8,0,1,0,0,3,0,1900544,0,0,0,1300,1900544,1900544,0,0,0,5707506913851864699
layer,38,0,37,164,decode,21,8,7,1,0,302,165,211,3,0,3,470,7,17,0,0,0,0,0,0,81,lru,0,0,0,0,0,0,8,7,8,0,1,0,0,3,0,1900544,0,0,0,291,1900544,1900544,0,0,0,9202917718763877136
layer,38,0,37,164,decode,22,8,4,4,0,958,142,573,4,0,4,3691,7,9,0,0,0,0,0,0,81,lru,0,0,0,0,0,0,8,4,8,0,4,0,0,12,0,7602176,0,4,0,3307,7602176,7602176,0,0,0,15591296566396911756
layer,38,0,37,164,decode,23,8,6,2,1734,457,172,286,4,0,4,3497,7,11,0,0,0,0,0,0,81,lru,0,0,0,0,0,0,8,6,8,0,2,0,1,3,3,1900544,1900544,0,1735,1520,3801088,3801088,0,1900544,3,4222097166057844983
layer,38,0,37,164,decode,24,8,8,0,0,0,172,0,0,0,0,18,7,2,0,0,0,0,0,0,81,lru,0,0,0,0,0,0,8,8,8,0,0,0,0,0,0,0,0,0,0,0,0,0,0,0,0,10837661884415750152
layer,38,0,37,164,decode,25,8,8,0,0,0,182,0,0,0,0,17,7,2,0,0,0,0,0,0,81,lru,0,0,0,0,0,0,8,8,8,0,0,0,0,0,0,0,0,0,0,0,0,0,0,0,0,1787783652974131665
layer,38,0,37,164,decode,26,8,6,2,0,458,149,297,4,0,4,2879,7,15,0,0,0,0,0,0,81,lru,0,0,0,0,0,0,8,6,8,0,2,0,0,6,0,3801088,0,0,0,2609,3801088,3801088,0,0,0,16041259703103244761
layer,38,0,37,164,decode,27,8,6,2,1724,516,163,313,4,0,4,2486,7,10,0,0,0,0,0,0,81,lru,0,0,0,0,0,0,8,6,8,0,2,0,1,3,3,1900544,1900544,0,1725,530,3801088,3801088,0,1900544,3,7901142944576592102
layer,38,0,37,164,decode,28,8,8,0,0,0,171,0,0,0,0,17,7,1,0,0,0,0,0,0,81,lru,0,0,0,0,0,0,8,8,8,0,0,0,0,0,0,0,0,0,0,0,0,0,0,0,0,13500077902375856219
layer,38,0,37,164,decode,29,8,4,4,1811,1011,167,476,4,0,4,4397,7,10,0,0,0,0,0,0,81,lru,0,0,0,0,0,0,8,4,8,0,4,0,0,9,3,5701632,1900544,0,1811,2218,7602176,7602176,0,1900544,3,15630623595545809317
layer,38,0,37,164,decode,30,8,8,0,0,0,157,0,0,0,0,17,7,2,0,0,0,0,0,0,81,lru,0,0,0,0,0,0,8,8,8,0,0,0,1,0,0,0,0,0,0,0,0,0,0,0,0,2907733927271098348
layer,38,0,37,164,decode,31,8,6,2,0,537,179,412,4,0,4,1971,7,2,0,0,0,0,0,0,81,lru,0,0,0,0,0,0,8,6,8,0,2,0,0,6,0,3801088,0,3,0,1722,3801088,3801088,0,0,0,3546293921422274736
layer,38,0,37,164,decode,32,8,7,1,0,309,173,122,3,0,3,502,7,2,0,0,0,0,0,0,81,lru,0,0,0,0,0,0,8,7,8,0,1,0,1,3,0,1900544,0,0,0,315,1900544,1900544,0,0,0,14352278870805829994
layer,38,0,37,164,decode,33,8,6,2,0,489,176,267,4,0,4,3146,7,11,0,0,0,0,0,0,81,lru,0,0,0,0,0,0,8,6,8,0,2,0,0,6,0,3801088,0,0,0,2898,3801088,3801088,0,0,0,13126102651807528798
layer,38,0,37,164,decode,34,8,6,2,0,516,158,334,4,0,4,3280,7,2,0,0,0,0,0,0,81,lru,0,0,0,0,0,0,8,6,8,0,2,0,1,6,0,4079616,0,0,0,3041,4079616,4079616,0,0,0,582379313189762411
layer,38,0,37,164,decode,35,8,6,2,0,484,170,324,4,0,4,3062,7,11,0,0,0,0,0,0,81,lru,0,0,0,0,0,0,8,6,8,0,2,0,0,6,0,3801088,0,0,0,2833,3801088,3801088,0,0,0,11792939384866182840
layer,38,0,37,164,decode,36,8,7,1,0,251,164,193,3,0,3,1626,7,8,0,0,0,0,0,0,81,lru,0,0,0,0,0,0,8,7,8,0,1,0,0,3,0,1900544,0,0,0,1455,1900544,1900544,0,0,0,13923232535111734270
layer,38,0,37,164,decode,37,8,7,1,1784,264,169,168,3,0,3,2184,7,11,0,0,0,0,0,0,81,lru,0,0,0,0,0,0,8,7,8,0,1,0,0,0,3,0,1900544,2,1786,216,1900544,1900544,0,1900544,3,4313654294641304229
layer,38,0,37,164,decode,38,8,7,1,0,266,150,135,3,0,3,1705,6,4,0,0,0,0,0,0,81,lru,0,0,0,0,0,0,8,7,8,0,1,0,1,3,0,2039808,0,0,0,1521,2039808,2039808,0,0,0,11865433290721139134
layer,38,0,37,164,decode,39,8,8,0,0,0,687,0,0,0,0,17,7,1,0,0,0,0,0,0,81,lru,0,0,0,0,0,0,8,8,8,0,0,0,0,0,0,0,0,0,0,0,0,0,0,0,0,3482916374331600157
request,38,0,37,0,decode,-1,0,0,0,0,0,0,0,0,0,0,0,0,0,0,0,0,0,0,0,0,,113392,500,0,0,16,0,0,0,0,0,0,0,0,0,0,0,0,0,0,0,0,0,0,0,0,0
layer,39,0,38,165,decode,0,8,2,6,8152,1562,156,896,4,0,4,12799,9,16,0,0,0,0,0,0,81,lru,0,0,0,0,0,0,8,2,8,0,6,0,1,6,12,3801088,7602176,0,8155,4064,11403264,11403264,0,7602176,12,13181134350783116630
layer,39,0,38,165,decode,1,8,4,4,0,1015,173,619,4,0,4,6458,8,3,0,0,0,0,0,0,81,lru,0,0,0,0,0,0,8,4,8,0,4,0,1,12,0,7602176,0,0,0,6069,7602176,7602176,0,0,0,6471132275404201673
layer,39,0,38,165,decode,2,8,3,5,0,1268,144,562,4,0,4,8381,7,17,0,0,0,0,0,0,81,lru,0,0,0,0,0,0,8,3,8,0,5,0,1,15,0,9502720,0,0,0,7839,9502720,9502720,0,0,0,2149737787837125043
layer,39,0,38,165,decode,3,8,6,2,1984,515,184,1654,4,0,4,3973,7,5,0,0,0,0,0,0,81,lru,0,0,0,0,0,0,8,6,8,0,2,0,1,3,3,1900544,1900544,0,1984,1759,3801088,3801088,0,1900544,3,8438935042510679807
layer,39,0,38,165,decode,4,8,5,3,5589,724,162,423,5,0,5,6569,14,11,0,0,0,0,0,0,81,lru,0,0,0,0,0,0,8,5,8,0,3,0,1,0,9,0,5701632,3,5591,645,5701632,5701632,0,5701632,9,9653767998711965323
layer,39,0,38,165,decode,5,8,4,4,3789,934,164,638,4,0,4,7544,7,12,0,0,0,0,0,0,81,lru,0,0,0,0,0,0,8,4,8,0,4,0,1,6,6,3801088,3801088,0,3789,3333,7602176,7602176,0,3801088,6,3860647724351344406
layer,39,0,38,165,decode,6,8,8,0,0,0,156,0,0,0,0,18,7,1,0,0,0,0,0,0,81,lru,0,0,0,0,0,0,8,8,8,0,0,0,1,0,0,0,0,0,0,0,0,0,0,0,0,18324007761872962324
layer,39,0,38,165,decode,7,8,6,2,0,488,180,362,4,0,4,3056,7,2,0,0,0,0,0,0,81,lru,0,0,0,0,0,0,8,6,8,0,2,0,0,6,0,3801088,0,0,0,2817,3801088,3801088,0,0,0,5555623684722906667
layer,39,0,38,165,decode,8,8,8,0,0,0,172,0,0,0,0,18,8,1,0,0,0,0,0,0,81,lru,0,0,0,0,0,0,8,8,8,0,0,0,1,0,0,0,0,0,0,0,0,0,0,0,0,7693576520556329958
layer,39,0,38,165,decode,9,8,7,1,1942,272,157,123,3,0,3,2326,7,15,0,0,0,0,0,0,81,lru,0,0,0,0,0,0,8,7,8,0,1,0,0,0,3,0,1900544,0,1942,218,1900544,1900544,0,1900544,3,7754694515455844715
layer,39,0,38,165,decode,10,8,6,2,0,451,144,277,4,0,4,3073,7,7,0,0,0,0,0,0,81,lru,0,0,0,0,0,0,8,6,8,0,2,0,0,6,0,3801088,0,2,0,2870,3801088,3801088,0,0,0,8402131940369467267
layer,39,0,38,165,decode,11,8,7,1,1843,269,173,207,3,0,3,2253,7,8,0,0,0,0,0,0,81,lru,0,0,0,0,0,0,8,7,8,0,1,0,1,0,3,0,1900544,0,1844,213,1900544,1900544,0,1900544,3,15794370646649314940
layer,39,0,38,165,decode,12,8,6,2,1876,480,166,256,4,0,4,3715,7,13,0,0,0,0,0,0,81,lru,0,0,0,0,0,0,8,6,8,0,2,0,0,3,3,1900544,1900544,4,1877,1596,3801088,3801088,0,1900544,3,14288866505986555954
layer,39,0,38,165,decode,13,8,6,2,0,481,166,294,4,0,4,3029,7,7,0,0,0,0,0,0,81,lru,0,0,0,0,0,0,8,6,8,0,2,0,1,6,0,3801088,0,0,0,2794,3801088,3801088,0,0,0,652783745008769759
layer,39,0,38,165,decode,14,8,8,0,0,0,157,0,0,0,0,17,7,2,0,0,0,0,0,0,81,lru,0,0,0,0,0,0,8,8,8,0,0,0,0,0,0,0,0,0,0,0,0,0,0,0,0,1337174102130413639
layer,39,0,38,165,decode,15,8,6,2,1801,499,169,289,4,0,4,3646,6,14,0,0,0,0,0,0,81,lru,0,0,0,0,0,0,8,6,8,0,2,0,0,3,3,1900544,1900544,0,1802,1600,3801088,3801088,0,1900544,3,17802059185983402269
layer,39,0,38,165,decode,16,8,6,2,0,494,163,287,4,0,4,3095,7,11,0,0,0,0,0,0,81,lru,0,0,0,0,0,0,8,6,8,0,2,0,1,6,0,3801088,0,7,0,2846,3801088,3801088,0,0,0,2175724850497937612
layer,39,0,38,165,decode,17,8,7,1,0,258,169,195,3,0,3,1578,7,12,0,0,0,0,0,0,81,lru,0,0,0,0,0,0,8,7,8,0,1,0,1,3,0,1900544,0,0,0,1376,1900544,1900544,0,0,0,14331462787848576014
layer,39,0,38,165,decode,18,8,7,1,0,261,157,208,3,0,3,1543,7,2,0,0,0,0,0,0,81,lru,0,0,0,0,0,0,8,7,8,0,1,0,0,3,0,1900544,0,0,0,1374,1900544,1900544,0,0,0,17716629571262998496
layer,39,0,38,165,decode,19,8,7,1,0,259,172,167,3,0,3,1569,7,11,0,0,0,0,0,0,81,lru,0,0,0,0,0,0,8,7,8,0,1,0,0,3,0,1900544,0,0,0,1396,1900544,1900544,0,0,0,17255260255428146262
layer,39,0,38,165,decode,20,8,7,1,1754,264,160,174,3,0,3,2148,7,13,0,0,0,0,0,0,81,lru,0,0,0,0,0,0,8,7,8,0,1,0,0,0,3,0,1900544,2,1755,211,1900544,1900544,0,1900544,3,14030425842739419331
layer,39,0,38,165,decode,21,8,6,2,1861,559,177,381,4,0,4,2669,7,2,0,0,0,0,0,0,81,lru,0,0,0,0,0,0,8,6,8,0,2,0,0,3,3,1900544,1900544,0,1862,570,3801088,3801088,0,1900544,3,7842309879358809024
layer,39,0,38,165,decode,22,8,7,1,0,309,148,213,3,0,3,537,7,9,0,0,0,0,0,0,81,lru,0,0,0,0,0,0,8,7,8,0,1,0,1,3,0,1900544,0,3,0,351,1900544,1900544,0,0,0,10902207868244247984
layer,39,0,38,165,decode,23,8,7,1,0,315,180,265,3,0,3,511,7,2,0,0,0,0,0,0,81,lru,0,0,0,0,0,0,8,7,8,0,1,0,0,3,0,1900544,0,0,0,340,1900544,1900544,0,0,0,18062863650728158542
layer,39,0,38,165,decode,24,8,6,2,0,553,156,360,4,0,4,2006,7,16,0,0,0,0,0,0,81,lru,0,0,0,0,0,0,8,6,8,0,2,0,1,6,0,3801088,0,3,0,1774,3801088,3801088,0,0,0,14965227988618624379
layer,39,0,38,165,decode,25,8,8,0,0,0,177,0,0,0,0,16,6,2,0,0,0,0,0,0,81,lru,0,0,0,0,0,0,8,8,8,0,0,0,0,0,0,0,0,0,0,0,0,0,0,0,0,14939364178696311223
layer,39,0,38,165,decode,26,8,7,1,0,257,149,160,3,0,3,1604,7,16,0,0,0,0,0,0,81,lru,0,0,0,0,0,0,8,7,8,0,1,0,0,3,0,1900544,0,2,0,1431,1900544,1900544,0,0,0,4349590420327805916
layer,39,0,38,165,decode,27,8,6,2,0,533,168,227,4,0,4,1986,7,15,0,0,0,0,0,0,81,lru,0,0,0,0,0,0,8,6,8,0,2,0,0,6,0,3801088,0,0,0,1754,3801088,3801088,0,0,0,18345469758520009653
layer,39,0,38,165,decode,28,8,7,1,0,307,172,212,3,0,3,535,7,2,0,0,0,0,0,0,81,lru,0,0,0,0,0,0,8,7,8,0,1,0,0,3,0,1900544,0,0,0,346,1900544,1900544,0,0,0,1352526766178717998
layer,39,0,38,165,decode,29,8,6,2,1918,500,177,359,4,0,4,3864,7,2,0,0,0,0,0,0,81,lru,0,0,0,0,0,0,8,6,8,0,2,0,0,3,3,1900544,1900544,0,1918,1701,3801088,3801088,0,1900544,3,531427714669169486
layer,39,0,38,165,decode,30,8,8,0,0,0,156,0,0,0,0,16,7,2,0,0,0,0,0,0,81,lru,0,0,0,0,0,0,8,8,8,0,0,0,0,0,0,0,0,0,0,0,0,0,0,0,0,1607374853780070244
layer,39,0,38,165,decode,31,8,5,3,0,972,169,690,4,0,4,1431,7,10,0,0,0,0,0,0,81,lru,0,0,0,0,0,0,8,5,8,0,3,0,0,9,0,5701632,0,0,0,1062,5701632,5701632,0,0,0,8549609334900419734
layer,39,0,38,165,decode,32,8,7,1,0,276,173,225,3,0,3,1722,7,2,0,0,0,0,0,0,81,lru,0,0,0,0,0,0,8,7,8,0,1,0,1,3,0,1900544,0,0,0,1535,1900544,1900544,0,0,0,10211622797027805558
layer,39,0,38,165,decode,33,8,5,3,0,848,174,491,4,0,4,3786,7,2,0,0,0,0,0,0,81,lru,0,0,0,0,0,0,8,5,8,0,3,0,0,9,0,5701632,0,0,0,3470,5701632,5701632,0,0,0,4595955619986476909
layer,39,0,38,165,decode,34,8,6,2,2162,613,155,302,3,0,3,3090,7,13,0,0,0,0,0,0,81,lru,0,0,0,0,0,0,8,6,8,0,2,0,1,3,3,2039808,2039808,0,2162,659,4079616,4079616,0,2039808,3,2439304234202689859
layer,39,0,38,165,decode,35,8,7,1,0,339,172,188,3,0,3,549,7,12,0,0,0,0,0,0,81,lru,0,0,0,0,0,0,8,7,8,0,1,0,0,3,0,1900544,0,0,0,368,1900544,1900544,0,0,0,4463765567492808419
layer,39,0,38,165,decode,36,8,8,0,0,0,172,0,0,0,0,16,7,2,0,0,0,0,0,0,81,lru,0,0,0,0,0,0,8,8,8,0,0,0,0,0,0,0,0,0,0,0,0,0,0,0,0,12629285007031670375
layer,39,0,38,165,decode,37,8,6,2,0,528,177,398,4,0,4,3349,7,3,0,0,0,0,0,0,81,lru,0,0,0,0,0,0,8,6,8,0,2,0,0,6,0,3801088,0,0,0,3098,3801088,3801088,0,0,0,2650423900726445644
layer,39,0,38,165,decode,38,8,7,1,0,282,150,132,3,0,3,1855,7,8,0,0,0,0,0,0,81,lru,0,0,0,0,0,0,8,7,8,0,1,0,1,3,0,2039808,0,0,0,1687,2039808,2039808,0,0,0,7694725419092560997
layer,39,0,38,165,decode,39,8,8,0,0,0,687,0,0,0,0,17,8,1,0,0,0,0,0,0,81,lru,0,0,0,0,0,0,8,8,8,0,0,0,0,0,0,0,0,0,0,0,0,0,0,0,0,9679444861915787484
request,39,0,38,0,decode,-1,0,0,0,0,0,0,0,0,0,0,0,0,0,0,0,0,0,0,0,0,,114299,486,0,0,19,0,0,0,0,0,0,0,0,0,0,0,0,0,0,0,0,0,0,0,0,0
layer,40,0,39,166,decode,0,8,4,4,0,1122,161,471,5,0,5,7380,8,16,0,0,0,0,0,0,81,lru,0,0,0,0,0,0,8,4,8,0,4,0,1,12,0,7602176,0,0,0,6907,7602176,7602176,0,0,0,17782870728204402244
layer,40,0,39,166,decode,1,8,4,4,0,1108,165,357,4,0,4,7245,8,14,0,0,0,0,0,0,81,lru,0,0,0,0,0,0,8,4,8,0,4,0,1,12,0,7602176,0,0,0,6823,7602176,7602176,0,0,0,13242117988303977722
layer,40,0,39,166,decode,2,8,6,2,0,555,154,251,4,0,4,3665,7,3,0,0,0,0,0,0,81,lru,0,0,0,0,0,0,8,6,8,0,2,0,1,6,0,3801088,0,0,0,3397,3801088,3801088,0,0,0,15988960366709116803
layer,40,0,39,166,decode,3,8,5,3,2083,837,171,330,4,0,4,6163,7,14,0,0,0,0,0,0,81,lru,0,0,0,0,0,0,8,5,8,0,3,0,2,6,3,3801088,1900544,0,2084,3686,5701632,5701632,0,1900544,3,15162843157427257822
layer,40,0,39,166,decode,4,8,7,1,0,274,173,202,3,0,3,1864,7,2,0,0,0,0,0,0,81,lru,0,0,0,0,0,0,8,7,8,0,1,0,1,3,0,1900544,0,0,0,1678,1900544,1900544,0,0,0,1244609633488267941
layer,40,0,39,166,decode,5,8,6,2,0,573,173,310,4,0,4,3618,7,2,0,0,0,0,0,0,81,lru,0,0,0,0,0,0,8,6,8,0,2,0,0,6,0,3801088,0,0,0,3322,3801088,3801088,0,0,0,6173244160284705296
layer,40,0,39,166,decode,6,8,8,0,0,0,157,0,0,0,0,18,7,2,0,0,0,0,0,0,81,lru,0,0,0,0,0,0,8,8,8,0,0,0,0,0,0,0,0,0,0,0,0,0,0,0,0,1030189703413442052
layer,40,0,39,166,decode,7,8,8,0,0,0,181,0,0,0,0,16,7,2,0,0,0,0,0,0,81,lru,0,0,0,0,0,0,8,8,8,0,0,0,0,0,0,0,0,0,0,0,0,0,0,0,0,15370614462175620601
layer,40,0,39,166,decode,8,8,7,1,2092,284,173,200,3,0,3,2517,7,2,0,0,0,0,0,0,81,lru,0,0,0,0,0,0,8,7,8,0,1,0,0,0,3,0,1900544,3,2094,247,1900544,1900544,0,1900544,3,14034139519498397502
layer,40,0,39,166,decode,9,8,8,0,0,0,177,0,0,0,0,16,7,1,0,0,0,0,0,0,81,lru,0,0,0,0,0,0,8,8,8,0,0,0,0,0,0,0,0,0,0,0,0,0,0,0,0,14855972434776422221
layer,40,0,39,166,decode,10,8,7,1,0,287,157,224,3,0,3,1928,7,2,0,0,0,0,0,0,81,lru,0,0,0,0,0,0,8,7,8,0,1,0,0,3,0,1900544,0,0,0,1736,1900544,1900544,0,0,0,2644189828239371041
layer,40,0,39,166,decode,11,8,8,0,0,0,179,0,0,0,0,17,7,2,0,0,0,0,0,0,81,lru,0,0,0,0,0,0,8,8,8,0,0,0,0,0,0,0,0,0,0,0,0,0,0,0,0,10387889335329811525
layer,40,0,39,166,decode,12,8,8,0,0,0,171,0,0,0,0,16,7,1,0,0,0,0,0,0,81,lru,0,0,0,0,0,0,8,8,8,0,0,0,0,0,0,0,0,0,0,0,0,0,0,0,0,695395482339914736
layer,40,0,39,166,decode,13,8,8,0,0,0,176,0,0,0,0,16,7,1,0,0,0,0,0,0,81,lru,0,0,0,0,0,0,8,8,8,0,0,0,0,0,0,0,0,0,0,0,0,0,0,0,0,14823961138845798478
layer,40,0,39,166,decode,14,8,8,0,0,0,157,0,0,0,0,16,7,1,0,0,0,0,0,0,81,lru,0,0,0,0,0,0,8,8,8,0,0,0,0,0,0,0,0,0,0,0,0,0,0,0,0,2777917139706713797
layer,40,0,39,166,decode,15,8,8,0,0,0,179,0,0,0,0,15,7,1,0,0,0,0,0,0,81,lru,0,0,0,0,0,0,8,8,8,0,0,0,0,0,0,0,0,0,0,0,0,0,0,0,0,6145041858287485122
layer,40,0,39,166,decode,16,8,8,0,0,0,172,0,0,0,0,15,6,1,0,0,0,0,0,0,81,lru,0,0,0,0,0,0,8,8,8,0,0,0,0,0,0,0,0,0,0,0,0,0,0,0,0,9943469737118879774
layer,40,0,39,166,decode,17,8,7,1,0,298,168,205,3,0,3,1850,7,16,0,0,0,0,0,0,81,lru,0,0,0,0,0,0,8,7,8,0,1,0,0,3,0,1900544,0,0,0,1664,1900544,1900544,0,0,0,2141602929215981098
layer,40,0,39,166,decode,18,8,8,0,0,0,157,0,0,0,0,17,7,1,0,0,0,0,0,0,81,lru,0,0,0,0,0,0,8,8,8,0,0,0,0,0,0,0,0,0,0,0,0,0,0,0,0,7791136887959068747
layer,40,0,39,166,decode,19,8,6,2,0,642,179,433,4,0,4,2398,7,2,0,0,0,0,0,0,81,lru,0,0,0,0,0,0,8,6,8,0,2,0,0,6,0,3801088,0,0,0,2126,3801088,3801088,0,0,0,12665118931120789170
layer,40,0,39,166,decode,20,8,8,0,0,0,172,0,0,0,0,18,7,1,0,0,0,0,0,0,81,lru,0,0,0,0,0,0,8,8,8,0,0,0,1,0,0,0,0,0,0,0,0,0,0,0,0,17520536222761073703
layer,40,0,39,166,decode,21,8,8,0,0,0,176,0,0,0,0,16,7,1,0,0,0,0,0,0,81,lru,0,0,0,0,0,0,8,8,8,0,0,0,0,0,0,0,0,0,0,0,0,0,0,0,0,13258169916809408460
layer,40,0,39,166,decode,22,8,7,1,0,400,158,353,3,0,3,636,6,4,0,0,0,0,0,0,81,lru,0,0,0,0,0,0,8,7,8,0,1,0,0,3,0,1900544,0,0,0,420,1900544,1900544,0,0,0,2228048328827089921
layer,40,0,39,166,decode,23,8,7,1,0,389,180,334,3,0,3,641,7,2,0,0,0,0,0,0,81,lru,0,0,0,0,0,0,8,7,8,0,1,0,1,3,0,1900544,0,0,0,423,1900544,1900544,0,0,0,4615133191536373196
layer,40,0,39,166,decode,24,8,8,0,0,0,173,0,0,0,0,18,7,1,0,0,0,0,0,0,81,lru,0,0,0,0,0,0,8,8,8,0,0,0,0,0,0,0,0,0,0,0,0,0,0,0,0,2426817633764411224
layer,40,0,39,166,decode,25,8,8,0,0,0,176,0,0,0,0,16,7,2,0,0,0,0,0,0,81,lru,0,0,0,0,0,0,8,8,8,0,0,0,0,0,0,0,0,0,0,0,0,0,0,0,0,3649078711483361702
layer,40,0,39,166,decode,26,8,7,1,2379,338,150,176,3,0,3,2883,6,6,0,0,0,0,0,0,81,lru,0,0,0,0,0,0,8,7,8,0,1,0,0,0,3,0,1900544,0,2382,289,1900544,1900544,0,1900544,3,13086785329765371046
layer,40,0,39,166,decode,27,8,7,1,2406,340,184,1687,3,0,3,3815,7,4,0,0,0,0,0,0,81,lru,0,0,0,0,0,0,8,7,8,0,1,0,0,0,3,0,1900544,0,2407,266,1900544,1900544,0,1900544,3,17141881267765970006
layer,40,0,39,166,decode,28,8,7,1,0,401,173,322,3,0,3,665,7,2,0,0,0,0,0,0,81,lru,0,0,0,0,0,0,8,7,8,0,1,0,1,3,0,1900544,0,0,0,441,1900544,1900544,0,0,0,3106156070190206001
layer,40,0,39,166,decode,29,8,7,1,0,330,159,170,4,0,4,2114,7,14,0,0,0,0,0,0,81,lru,0,0,0,0,0,0,8,7,8,0,1,0,0,3,0,1900544,0,0,0,1922,1900544,1900544,0,0,0,10178911625498326100
layer,40,0,39,166,decode,30,8,8,0,0,0,157,0,0,0,0,17,7,2,0,0,0,0,0,0,81,lru,0,0,0,0,0,0,8,8,8,0,0,0,0,0,0,0,0,0,0,0,0,0,0,0,0,17275434877025119904
layer,40,0,39,166,decode,31,8,8,0,0,0,179,0,0,0,0,16,7,2,0,0,0,0,0,0,81,lru,0,0,0,0,0,0,8,8,8,0,0,0,0,0,0,0,0,0,0,0,0,0,0,0,0,1299485107434748284
layer,40,0,39,166,decode,32,8,6,2,0,786,173,697,4,0,4,1204,6,2,0,0,0,0,0,0,81,lru,0,0,0,0,0,0,8,6,8,0,2,0,0,6,0,3801088,0,0,0,888,3801088,3801088,0,0,0,6527954868934909122
layer,40,0,39,166,decode,33,8,6,2,0,790,169,687,4,0,4,1197,7,18,0,0,0,0,0,0,81,lru,0,0,0,0,0,0,8,6,8,0,2,0,0,6,0,3801088,0,0,0,876,3801088,3801088,0,0,0,5255932486342700245
layer,40,0,39,166,decode,34,8,7,1,0,415,156,320,2,0,2,660,7,2,0,0,0,0,0,0,81,lru,0,0,0,0,0,0,8,7,8,0,1,0,1,3,0,2039808,0,0,0,459,2039808,2039808,0,0,0,8937282606115733510
layer,40,0,39,166,decode,35,8,8,0,0,0,180,0,0,0,0,16,7,1,0,0,0,0,0,0,81,lru,0,0,0,0,0,0,8,8,8,0,0,0,0,0,0,0,0,0,0,0,0,0,0,0,0,12211060496764796540
layer,40,0,39,166,decode,36,8,7,1,0,328,161,261,3,0,3,2076,7,9,0,0,0,0,0,0,81,lru,0,0,0,0,0,0,8,7,8,0,1,0,0,3,0,1900544,0,0,0,1881,1900544,1900544,0,0,0,11053203795636536436
layer,40,0,39,166,decode,37,8,6,2,2155,621,169,434,4,0,4,4678,7,10,0,0,0,0,0,0,81,lru,0,0,0,0,0,0,8,6,8,0,2,0,0,3,3,1900544,1900544,0,2156,2245,3801088,3801088,0,1900544,3,4835406531095830989
layer,40,0,39,166,decode,38,8,8,0,0,0,158,0,0,0,0,17,7,2,0,0,0,0,0,0,81,lru,0,0,0,0,0,0,8,8,8,0,0,0,0,0,0,0,0,0,0,0,0,0,0,0,0,2040514114077143782
layer,40,0,39,166,decode,39,8,7,1,2598,348,678,226,3,0,3,3131,7,7,0,0,0,0,0,0,81,lru,0,0,0,0,0,0,8,7,8,0,1,0,0,0,3,0,2039808,0,2599,315,2039808,2039808,0,2039808,3,12193123419872602202
request,40,0,39,0,decode,-1,0,0,0,0,0,0,0,0,0,0,0,0,0,0,0,0,0,0,0,0,,70453,360,0,0,15,0,0,0,0,0,0,0,0,0,0,0,0,0,0,0,0,0,0,0,0,0
layer,41,0,40,167,decode,0,8,4,4,0,1242,164,802,5,0,5,8103,8,17,0,0,0,0,0,0,81,lru,0,0,0,0,0,0,8,4,8,0,4,0,1,12,0,7602176,0,0,0,7625,7602176,7602176,0,0,0,627588454145734681
layer,41,0,40,167,decode,1,8,6,2,2351,634,177,351,4,0,4,4841,7,10,0,0,0,0,0,0,81,lru,0,0,0,0,0,0,8,6,8,0,2,0,1,3,3,1900544,1900544,0,2351,2197,3801088,3801088,0,1900544,3,18177397980615546137
layer,41,0,40,167,decode,2,8,8,0,0,0,156,0,0,0,0,17,7,1,0,0,0,0,0,0,81,lru,0,0,0,0,0,0,8,8,8,0,0,0,0,0,0,0,0,0,0,0,0,0,0,0,0,10006300450180001965
layer,41,0,40,167,decode,3,8,8,0,0,0,180,0,0,0,0,15,7,2,0,0,0,0,0,0,81,lru,0,0,0,0,0,0,8,8,8,0,0,0,0,0,0,0,0,0,0,0,0,0,0,0,0,7045343217457974448
layer,41,0,40,167,decode,4,8,7,1,0,335,164,274,3,0,3,2111,6,10,0,0,0,0,0,0,81,lru,0,0,0,0,0,0,8,7,8,0,1,0,1,3,0,1900544,0,0,0,1892,1900544,1900544,0,0,0,3209805608592955505
layer,41,0,40,167,decode,5,8,7,1,0,334,168,189,3,0,3,2069,7,21,0,0,0,0,0,0,81,lru,0,0,0,0,0,0,8,7,8,0,1,0,1,3,0,1900544,0,0,0,1861,1900544,1900544,0,0,0,2306505345496278213
layer,41,0,40,167,decode,6,8,8,0,0,0,157,0,0,0,0,18,7,2,0,0,0,0,0,0,81,lru,0,0,0,0,0,0,8,8,8,0,0,0,1,0,0,0,0,0,0,0,0,0,0,0,0,4793845167821253382
layer,41,0,40,167,decode,7,8,8,0,0,0,180,0,0,0,0,16,7,2,0,0,0,0,0,0,81,lru,0,0,0,0,0,0,8,8,8,0,0,0,0,0,0,0,0,0,0,0,0,0,0,0,0,11128432088914496326
layer,41,0,40,167,decode,8,8,8,0,0,0,172,0,0,0,0,15,6,1,0,0,0,0,0,0,81,lru,0,0,0,0,0,0,8,8,8,0,0,0,0,0,0,0,0,0,0,0,0,0,0,0,0,15421863933798405574
layer,41,0,40,167,decode,9,8,7,1,0,334,176,289,3,0,3,2100,7,4,0,0,0,0,0,0,81,lru,0,0,0,0,0,0,8,7,8,0,1,0,0,3,0,1900544,0,0,0,1877,1900544,1900544,0,0,0,16199169844292229297
layer,41,0,40,167,decode,10,8,6,2,0,616,142,399,4,0,4,4144,7,16,0,0,0,0,0,0,81,lru,0,0,0,0,0,0,8,6,8,0,2,0,0,6,0,3801088,0,0,0,3839,3801088,3801088,0,0,0,18030860505442137297
layer,41,0,40,167,decode,11,8,8,0,0,0,179,0,0,0,0,17,7,2,0,0,0,0,0,0,81,lru,0,0,0,0,0,0,8,8,8,0,0,0,1,0,0,0,0,0,0,0,0,0,0,0,0,668501831620464988
layer,41,0,40,167,decode,12,8,8,0,0,0,171,0,0,0,0,16,7,1,0,0,0,0,0,0,81,lru,0,0,0,0,0,0,8,8,8,0,0,0,0,0,0,0,0,0,0,0,0,0,0,0,0,16503811863287622625
layer,41,0,40,167,decode,13,8,8,0,0,0,176,0,0,0,0,15,6,1,0,0,0,0,0,0,81,lru,0,0,0,0,0,0,8,8,8,0,0,0,0,0,0,0,0,0,0,0,0,0,0,0,0,16567402125708701021
layer,41,0,40,167,decode,14,8,7,1,0,321,158,204,3,0,3,2095,6,2,0,0,0,0,0,0,81,lru,0,0,0,0,0,0,8,7,8,0,1,0,0,3,0,1900544,0,0,0,1890,1900544,1900544,0,0,0,7281390969414316870
layer,41,0,40,167,decode,15,8,8,0,0,0,179,0,0,0,0,17,7,1,0,0,0,0,0,0,81,lru,0,0,0,0,0,0,8,8,8,0,0,0,1,0,0,0,0,0,0,0,0,0,0,0,0,11067130423115656220
layer,41,0,40,167,decode,16,8,8,0,0,0,172,0,0,0,0,19,6,3,0,0,0,0,0,0,81,lru,0,0,0,0,0,0,8,8,8,0,0,0,0,0,0,0,0,0,0,0,0,0,0,0,0,4583692921157408203
layer,41,0,40,167,decode,17,8,7,1,0,330,178,193,3,0,3,2088,6,2,0,0,0,0,0,0,81,lru,0,0,0,0,0,0,8,7,8,0,1,0,0,3,0,1900544,0,0,0,1875,1900544,1900544,0,0,0,9313203161967161217
layer,41,0,40,167,decode,18,8,7,1,2419,316,157,229,3,0,3,2894,7,2,0,0,0,0,0,0,81,lru,0,0,0,0,0,0,8,7,8,0,1,0,0,0,3,0,1900544,0,2419,267,1900544,1900544,0,1900544,3,17965984452042430566
layer,41,0,40,167,decode,19,8,7,1,0,327,171,184,3,0,3,2080,7,10,0,0,0,0,0,0,81,lru,0,0,0,0,0,0,8,7,8,0,1,0,0,3,0,1900544,0,0,0,1878,1900544,1900544,0,0,0,12118722560232726008
layer,41,0,40,167,decode,20,8,6,2,0,717,165,548,4,0,4,2598,7,13,0,0,0,0,0,0,81,lru,0,0,0,0,0,0,8,6,8,0,2,0,0,6,0,3801088,0,0,0,2295,3801088,3801088,0,0,0,6026151665189344745
layer,41,0,40,167,decode,21,8,7,1,0,386,155,208,3,0,3,647,7,15,0,0,0,0,0,0,81,lru,0,0,0,0,0,0,8,7,8,0,1,0,1,3,0,1900544,0,0,0,435,1900544,1900544,0,0,0,2389282476253054309
layer,41,0,40,167,decode,22,8,8,0,0,0,157,0,0,0,0,17,7,1,0,0,0,0,0,0,81,lru,0,0,0,0,0,0,8,8,8,0,0,0,1,0,0,0,0,0,0,0,0,0,0,0,0,15188811719126053734
layer,41,0,40,167,decode,23,8,8,0,0,0,179,0,0,0,0,15,6,2,0,0,0,0,0,0,81,lru,0,0,0,0,0,0,8,8,8,0,0,0,0,0,0,0,0,0,0,0,0,0,0,0,0,2295869927317132745
layer,41,0,40,167,decode,24,8,6,2,0,622,173,337,4,0,4,4160,6,15,0,0,0,0,0,0,81,lru,0,0,0,0,0,0,8,6,8,0,2,0,0,6,0,3801088,0,0,0,3871,3801088,3801088,0,0,0,2321686784744993896
layer,41,0,40,167,decode,25,8,6,2,0,634,169,428,4,0,4,4088,7,8,0,0,0,0,0,0,81,lru,0,0,0,0,0,0,8,6,8,0,2,0,2,6,0,3801088,0,3,0,3788,3801088,3801088,0,0,0,4250483514631303965
layer,41,0,40,167,decode,26,8,7,1,0,328,148,235,3,0,3,2067,7,15,0,0,0,0,0,0,81,lru,0,0,0,0,0,0,8,7,8,0,1,0,1,3,0,1900544,0,0,0,1862,1900544,1900544,0,0,0,1512277658709544363
layer,41,0,40,167,decode,27,8,7,1,0,329,173,177,3,0,3,2100,7,8,0,0,0,0,0,0,81,lru,0,0,0,0,0,0,8,7,8,0,1,0,0,3,0,1900544,0,0,0,1885,1900544,1900544,0,0,0,17454585868601573253
layer,41,0,40,167,decode,28,8,7,1,0,309,171,153,3,0,3,2062,7,2,0,0,0,0,0,0,81,lru,0,0,0,0,0,0,8,7,8,0,1,0,1,3,0,1900544,0,0,0,1864,1900544,1900544,0,0,0,6808128615592678149
layer,41,0,40,167,decode,29,8,7,1,0,331,167,278,3,0,3,2084,6,9,0,0,0,0,0,0,81,lru,0,0,0,0,0,0,8,7,8,0,1,0,0,3,0,1900544,0,3,0,1871,1900544,1900544,0,0,0,1083421116717593531
layer,41,0,40,167,decode,30,8,5,3,0,1191,148,733,4,0,4,1677,7,10,0,0,0,0,0,0,81,lru,0,0,0,0,0,0,8,5,8,0,3,0,1,9,0,5701632,0,3,0,1277,5701632,5701632,0,0,0,7403521229118935228
layer,41,0,40,167,decode,31,8,6,2,0,675,169,452,4,0,4,2639,7,10,0,0,0,0,0,0,81,lru,0,0,0,0,0,0,8,6,8,0,2,0,1,6,0,3801088,0,0,0,2317,3801088,3801088,0,0,0,2888420596280395198
layer,41,0,40,167,decode,32,8,7,1,0,332,173,283,3,0,3,2197,6,2,0,0,0,0,0,0,81,lru,0,0,0,0,0,0,8,7,8,0,1,0,1,3,0,1900544,0,0,0,1936,1900544,1900544,0,0,0,1498108252177263691
layer,41,0,40,167,decode,33,8,8,0,0,0,177,0,0,0,0,17,7,2,0,0,0,0,0,0,81,lru,0,0,0,0,0,0,8,8,8,0,0,0,0,0,0,0,0,0,0,0,0,0,0,0,0,5910081676190662517
layer,41,0,40,167,decode,34,8,7,1,0,345,155,261,3,0,3,2198,6,3,0,0,0,0,0,0,81,lru,0,0,0,0,0,0,8,7,8,0,1,0,1,3,0,2039808,0,0,0,1994,2039808,2039808,0,0,0,9300058327289250227
layer,41,0,40,167,decode,35,8,6,2,2305,636,179,168,4,0,4,4845,7,2,0,0,0,0,0,0,81,lru,0,0,0,0,0,0,8,6,8,0,2,0,0,3,3,1900544,1900544,0,2305,2250,3801088,3801088,0,1900544,3,16675893471146631160
layer,41,0,40,167,decode,36,8,7,1,0,397,172,301,3,0,3,628,7,2,0,0,0,0,0,0,81,lru,0,0,0,0,0,0,8,7,8,0,1,0,1,3,0,1900544,0,0,0,423,1900544,1900544,0,0,0,5439086197659663890
layer,41,0,40,167,decode,37,8,8,0,0,0,177,0,0,0,0,17,7,2,0,0,0,0,0,0,81,lru,0,0,0,0,0,0,8,8,8,0,0,0,0,0,0,0,0,0,0,0,0,0,0,0,0,10253637490142307210
layer,41,0,40,167,decode,38,8,7,1,0,340,151,213,3,0,3,2236,7,7,0,0,0,0,0,0,81,lru,0,0,0,0,0,0,8,7,8,0,1,0,0,3,0,2039808,0,0,0,2039,2039808,2039808,0,0,0,4952044313776733098
layer,41,0,40,167,decode,39,8,8,0,0,0,687,0,0,0,0,17,7,2,0,0,0,0,0,0,81,lru,0,0,0,0,0,0,8,8,8,0,0,0,1,0,0,0,0,0,0,0,0,0,0,0,0,8822931505285120441
request,41,0,40,0,decode,-1,0,0,0,0,0,0,0,0,0,0,0,0,0,0,0,0,0,0,0,0,,76823,369,0,0,19,0,0,0,0,0,0,0,0,0,0,0,0,0,0,0,0,0,0,0,0,0
layer,42,0,41,168,decode,0,8,5,3,0,930,178,550,5,0,5,6124,8,2,0,0,0,0,0,0,81,lru,0,0,0,0,0,0,8,5,8,0,3,0,1,9,0,5701632,0,0,0,5737,5701632,5701632,0,0,0,5530281980315748232
layer,42,0,41,168,decode,1,8,7,1,2427,331,167,159,3,0,3,2990,7,9,0,0,0,0,0,0,81,lru,0,0,0,0,0,0,8,7,8,0,1,0,1,0,3,0,1900544,0,2429,282,1900544,1900544,0,1900544,3,7762489333771440294
layer,42,0,41,168,decode,2,8,7,1,0,393,156,117,3,0,3,654,7,2,0,0,0,0,0,0,81,lru,0,0,0,0,0,0,8,7,8,0,1,0,1,3,0,1900544,0,0,0,440,1900544,1900544,0,0,0,16479800007160031340
layer,42,0,41,168,decode,3,8,6,2,0,630,171,455,4,0,4,4129,7,12,0,0,0,0,0,0,81,lru,0,0,0,0,0,0,8,6,8,0,2,0,1,6,0,3801088,0,0,0,3846,3801088,3801088,0,0,0,16670486617344541741
layer,42,0,41,168,decode,4,8,7,1,2436,334,153,80,3,0,3,2918,7,7,0,0,0,0,0,0,81,lru,0,0,0,0,0,0,8,7,8,0,1,0,1,0,3,0,1900544,0,2436,286,1900544,1900544,0,1900544,3,5488561612790934226
layer,42,0,41,168,decode,5,8,7,1,2402,334,157,245,3,0,3,2887,7,9,0,0,0,0,0,0,81,lru,0,0,0,0,0,0,8,7,8,0,1,0,1,0,3,0,1900544,0,2402,285,1900544,1900544,0,1900544,3,13287625941156365789
layer,42,0,41,168,decode,6,8,7,1,0,325,155,285,3,0,3,2114,7,2,0,0,0,0,0,0,81,lru,0,0,0,0,0,0,8,7,8,0,1,0,1,3,0,1900544,0,0,0,1912,1900544,1900544,0,0,0,12130667188290302072
layer,42,0,41,168,decode,7,8,8,0,0,0,180,0,0,0,0,18,7,2,0,0,0,0,0,0,81,lru,0,0,0,0,0,0,8,8,8,0,0,0,1,0,0,0,0,0,0,0,0,0,0,0,0,8318502763356351890
layer,42,0,41,168,decode,8,8,8,0,0,0,172,0,0,0,0,16,7,1,0,0,0,0,0,0,81,lru,0,0,0,0,0,0,8,8,8,0,0,0,0,0,0,0,0,0,0,0,0,0,0,0,0,4102132053930553544
layer,42,0,41,168,decode,9,8,8,0,0,0,177,0,0,0,0,15,6,1,0,0,0,0,0,0,81,lru,0,0,0,0,0,0,8,8,8,0,0,0,0,0,0,0,0,0,0,0,0,0,0,0,0,4771338468573473493
layer,42,0,41,168,decode,10,8,8,0,0,0,156,0,0,0,0,16,7,2,0,0,0,0,0,0,81,lru,0,0,0,0,0,0,8,8,8,0,0,0,1,0,0,0,0,0,0,0,0,0,0,0,0,17609054014822908411
layer,42,0,41,168,decode,11,8,7,1,0,404,178,228,3,0,3,636,7,2,0,0,0,0,0,0,81,lru,0,0,0,0,0,0,8,7,8,0,1,0,0,3,0,1900544,0,0,0,424,1900544,1900544,0,0,0,3444465026062860606
layer,42,0,41,168,decode,12,8,7,1,0,331,172,90,3,0,3,2091,7,2,0,0,0,0,0,0,81,lru,0,0,0,0,0,0,8,7,8,0,1,0,1,3,0,1900544,0,0,0,1882,1900544,1900544,0,0,0,3500283662682500464
layer,42,0,41,168,decode,13,8,8,0,0,0,176,0,0,0,0,17,7,2,0,0,0,0,0,0,81,lru,0,0,0,0,0,0,8,8,8,0,0,0,1,0,0,0,0,0,0,0,0,0,0,0,0,14825858375522067814
layer,42,0,41,168,decode,14,8,8,0,0,0,156,0,0,0,0,16,7,1,0,0,0,0,0,0,81,lru,0,0,0,0,0,0,8,8,8,0,0,0,0,0,0,0,0,0,0,0,0,0,0,0,0,5613844580118265976
layer,42,0,41,168,decode,15,8,8,0,0,0,179,0,0,0,0,15,7,1,0,0,0,0,0,0,81,lru,0,0,0,0,0,0,8,8,8,0,0,0,1,0,0,0,0,0,0,0,0,0,0,0,0,7961191752466200710
layer,42,0,41,168,decode,16,8,8,0,0,0,173,0,0,0,0,15,6,2,0,0,0,0,0,0,81,lru,0,0,0,0,0,0,8,8,8,0,0,0,0,0,0,0,0,0,0,0,0,0,0,0,0,4748114207527739498
layer,42,0,41,168,decode,17,8,8,0,0,0,175,0,0,0,0,15,6,1,0,0,0,0,0,0,81,lru,0,0,0,0,0,0,8,8,8,0,0,0,1,0,0,0,0,0,0,0,0,0,0,0,0,12274455727580736644
layer,42,0,41,168,decode,18,8,6,2,0,629,148,387,4,0,4,4095,7,15,0,0,0,0,0,0,81,lru,0,0,0,0,0,0,8,6,8,0,2,0,1,6,0,3801088,0,0,0,3733,3801088,3801088,0,0,0,3323898218806714554
layer,42,0,41,168,decode,19,8,6,2,2337,644,170,486,4,0,4,4823,7,15,0,0,0,0,0,0,81,lru,0,0,0,0,0,0,8,6,8,0,2,0,1,3,3,1900544,1900544,0,2337,2169,3801088,3801088,0,1900544,3,13681400350827361517
layer,42,0,41,168,decode,20,8,8,0,0,0,173,0,0,0,0,18,7,2,0,0,0,0,0,0,81,lru,0,0,0,0,0,0,8,8,8,0,0,0,1,0,0,0,0,0,0,0,0,0,0,0,0,2477284157559144969
layer,42,0,41,168,decode,21,8,8,0,0,0,176,0,0,0,0,16,6,2,0,0,0,0,0,0,81,lru,0,0,0,0,0,0,8,8,8,0,0,0,1,0,0,0,0,0,0,0,0,0,0,0,0,9635664685553187447
layer,42,0,41,168,decode,22,8,8,0,0,0,156,0,0,0,0,14,6,1,0,0,0,0,0,0,81,lru,0,0,0,0,0,0,8,8,8,0,0,0,0,0,0,0,0,0,0,0,0,0,0,0,0,12520140267508532896
layer,42,0,41,168,decode,23,8,7,1,0,321,179,248,3,0,3,2165,7,3,0,0,0,0,0,0,81,lru,0,0,0,0,0,0,8,7,8,0,1,0,1,3,0,1900544,0,0,0,1950,1900544,1900544,0,0,0,4430481042509797173
layer,42,0,41,168,decode,24,8,7,1,0,332,173,184,3,0,3,2094,7,2,0,0,0,0,0,0,81,lru,0,0,0,0,0,0,8,7,8,0,1,0,1,3,0,1900544,0,0,0,1875,1900544,1900544,0,0,0,7343765467812586208
layer,42,0,41,168,decode,25,8,8,0,0,0,177,0,0,0,0,17,7,2,0,0,0,0,0,0,81,lru,0,0,0,0,0,0,8,8,8,0,0,0,1,0,0,0,0,0,0,0,0,0,0,0,0,7152589870372038334
layer,42,0,41,168,decode,26,8,6,2,2228,646,160,1652,4,0,4,5142,7,4,0,0,0,0,0,0,81,lru,0,0,0,0,0,0,8,6,8,0,2,0,1,3,3,1900544,1900544,8,2229,2173,3801088,3801088,0,1900544,3,16989542636002099251
layer,42,0,41,168,decode,27,8,7,1,0,400,181,258,4,0,4,670,8,3,0,0,0,0,0,0,81,lru,0,0,0,0,0,0,8,7,8,0,1,0,2,3,0,1900544,0,0,0,432,1900544,1900544,0,0,0,3034182983906981015
layer,42,0,41,168,decode,28,8,7,1,0,325,173,288,3,0,3,2151,7,2,0,0,0,0,0,0,81,lru,0,0,0,0,0,0,8,7,8,0,1,0,1,3,0,1900544,0,0,0,1929,1900544,1900544,0,0,0,10402961949781881238
layer,42,0,41,168,decode,29,8,4,4,0,1521,174,969,4,0,4,3763,7,2,0,0,0,0,0,0,81,lru,0,0,0,0,0,0,8,4,8,0,4,0,1,12,0,7602176,0,0,0,3202,7602176,7602176,0,0,0,14859761380851437146
layer,42,0,41,168,decode,30,8,7,1,0,396,156,115,3,0,3,635,8,2,0,0,0,0,0,0,81,lru,0,0,0,0,0,0,8,7,8,0,1,0,1,3,0,1900544,0,0,0,422,1900544,1900544,0,0,0,2606931818850629502
layer,42,0,41,168,decode,31,8,4,4,0,1335,187,879,4,0,4,6568,8,4,0,0,0,0,0,0,81,lru,0,0,0,0,0,0,8,4,8,0,4,0,1,12,0,7602176,0,8,0,6097,7602176,7602176,0,0,0,2702576801638218174
layer,42,0,41,168,decode,32,8,4,4,0,1411,185,1831,4,0,4,5695,7,4,0,0,0,0,0,0,81,lru,0,0,0,0,0,0,8,4,8,0,4,0,1,12,0,7602176,0,1,0,5017,7602176,7602176,0,0,0,13505730467245236011
layer,42,0,41,168,decode,33,8,4,4,0,1294,183,1549,4,0,4,7472,10,3,0,0,0,0,0,0,81,lru,0,0,0,0,0,0,8,4,8,0,4,0,2,12,0,7602176,0,0,0,6794,7602176,7602176,0,0,0,11538245165878751943
layer,42,0,41,168,decode,34,8,4,4,0,1506,155,1400,8,0,8,4964,8,3,0,0,0,0,0,0,81,lru,0,0,0,0,0,0,8,4,8,0,4,0,1,12,0,8159232,0,0,0,4485,8159232,8159232,0,0,0,56119166961181323
layer,42,0,41,168,decode,35,8,4,4,0,1214,174,1348,4,0,4,6161,8,8,0,0,0,0,0,0,81,lru,0,0,0,0,0,0,8,4,8,0,4,0,1,12,0,7602176,0,14,0,5695,7602176,7602176,0,0,0,6310392605007525936
layer,42,0,41,168,decode,36,8,7,1,0,303,173,299,6,0,6,2107,10,6,0,0,0,0,0,0,81,lru,0,0,0,0,0,0,8,7,8,0,1,0,2,3,0,1900544,0,2,0,1893,1900544,1900544,0,0,0,10558631403818004309
layer,42,0,41,168,decode,37,8,7,1,0,300,180,343,3,0,3,2108,7,4,0,0,0,0,0,0,81,lru,0,0,0,0,0,0,8,7,8,0,1,0,1,3,0,1900544,0,0,0,1902,1900544,1900544,0,0,0,9641787794759893426
layer,42,0,41,168,decode,38,8,6,2,0,587,174,1331,4,0,4,6564,10,4,0,0,0,0,0,0,81,lru,0,0,0,0,0,0,8,6,8,0,2,0,1,6,0,4079616,0,0,0,6213,4079616,4079616,0,0,0,18279084044170690365
layer,42,0,41,168,decode,39,8,5,3,0,915,699,2669,11,0,11,11842,11,4,0,0,0,0,0,0,81,lru,0,0,0,0,0,0,8,5,8,0,3,0,2,9,0,6119424,0,2,0,11292,6119424,6119424,0,0,0,14992989028548568453
request,42,0,41,0,decode,-1,0,0,0,0,0,0,0,0,0,0,0,0,0,0,0,0,0,0,0,0,,112021,722,0,0,25,0,0,0,0,0,0,0,0,0,0,0,0,0,0,0,0,0,0,0,0,0
layer,43,0,42,169,decode,0,8,1,7,0,2011,171,4589,15,0,15,19538,13,4,0,0,0,0,0,0,81,lru,0,0,0,0,0,0,8,1,8,0,7,0,2,21,0,13303808,0,7,0,18419,13303808,13303808,0,0,0,12374667650622195748
layer,43,0,42,169,decode,1,8,2,6,0,1615,196,4769,4,0,4,19722,8,5,0,0,0,0,0,0,81,lru,0,0,0,0,0,0,8,2,8,0,6,0,1,18,0,11403264,0,0,0,18878,11403264,11403264,0,0,0,12264035691562997023
layer,43,0,42,169,decode,2,8,4,4,3325,969,175,3711,14,0,14,13036,13,5,0,0,0,0,0,0,81,lru,0,0,0,0,0,0,8,4,8,0,4,0,3,9,3,5701632,1900544,13,3328,9082,7602176,7602176,0,1900544,3,18161175249741016740
layer,43,0,42,169,decode,3,8,8,0,0,0,203,0,0,0,0,33,11,5,0,0,0,0,0,0,81,lru,0,0,0,0,0,0,8,8,8,0,0,0,3,0,0,0,0,0,0,0,0,0,0,0,0,708211876915802425
layer,43,0,42,169,decode,4,8,7,1,0,245,198,937,7,0,7,3033,12,5,0,0,0,0,0,0,81,lru,0,0,0,0,0,0,8,7,8,0,1,0,1,3,0,1900544,0,0,0,2797,1900544,1900544,0,0,0,18301504405319092465
layer,43,0,42,169,decode,5,8,7,1,0,230,186,304,3,0,3,1736,8,3,0,0,0,0,0,0,81,lru,0,0,0,0,0,0,8,7,8,0,1,0,1,3,0,1900544,0,0,0,1563,1900544,1900544,0,0,0,12022831216225511788
layer,43,0,42,169,decode,6,8,8,0,0,0,177,0,0,0,0,31,11,4,0,0,0,0,0,0,81,lru,0,0,0,0,0,0,8,8,8,0,0,0,2,0,0,0,0,0,0,0,0,0,0,0,0,17037642630456000699
layer,43,0,42,169,decode,7,8,8,0,0,0,192,0,0,0,0,29,11,4,0,0,0,0,0,0,81,lru,0,0,0,0,0,0,8,8,8,0,0,0,1,0,0,0,0,0,0,0,0,0,0,0,0,17283250714622195674
layer,43,0,42,169,decode,8,8,8,0,0,0,174,0,0,0,0,17,7,2,0,0,0,0,0,0,81,lru,0,0,0,0,0,0,8,8,8,0,0,0,0,0,0,0,0,0,0,0,0,0,0,0,0,16516701210747971259
layer,43,0,42,169,decode,9,8,7,1,1875,260,165,201,4,0,4,2256,8,8,0,0,0,0,0,0,81,lru,0,0,0,0,0,0,8,7,8,0,1,0,0,0,3,0,1900544,0,1875,193,1900544,1900544,0,1900544,3,1120262931777337717
layer,43,0,42,169,decode,10,8,8,0,0,0,175,0,0,0,0,26,10,3,0,0,0,0,0,0,81,lru,0,0,0,0,0,0,8,8,8,0,0,0,1,0,0,0,0,0,0,0,0,0,0,0,0,2996575172650935312
layer,43,0,42,169,decode,11,8,8,0,0,0,193,0,0,0,0,28,8,4,0,0,0,0,0,0,81,lru,0,0,0,0,0,0,8,8,8,0,0,0,1,0,0,0,0,0,0,0,0,0,0,0,0,5079542772660167036
layer,43,0,42,169,decode,12,8,6,2,2852,505,179,1109,7,0,7,5636,10,15,0,0,0,0,0,0,81,lru,0,0,0,0,0,0,8,6,8,0,2,0,0,3,3,1900544,1900544,6,2852,2436,3801088,3801088,0,1900544,3,1746335050375884977
layer,43,0,42,169,decode,13,8,7,1,0,264,187,340,7,0,7,1929,9,2,0,0,0,0,0,0,81,lru,0,0,0,0,0,0,8,7,8,0,1,0,1,3,0,1900544,0,0,0,1722,1900544,1900544,0,0,0,6082698341795386544
layer,43,0,42,169,decode,14,8,8,0,0,0,166,0,0,0,0,26,9,3,0,0,0,0,0,0,81,lru,0,0,0,0,0,0,8,8,8,0,0,0,1,0,0,0,0,0,0,0,0,0,0,0,0,6640597407229301456
layer,43,0,42,169,decode,15,8,8,0,0,0,184,0,0,0,0,22,9,2,0,0,0,0,0,0,81,lru,0,0,0,0,0,0,8,8,8,0,0,0,1,0,0,0,0,0,0,0,0,0,0,0,0,14552685426936783877
layer,43,0,42,169,decode,16,8,8,0,0,0,171,0,0,0,0,17,7,1,0,0,0,0,0,0,81,lru,0,0,0,0,0,0,8,8,8,0,0,0,1,0,0,0,0,0,0,0,0,0,0,0,0,10794986923005664767
layer,43,0,42,169,decode,17,8,6,2,0,569,190,2902,7,0,7,6547,8,8,0,0,0,0,0,0,81,lru,0,0,0,0,0,0,8,6,8,0,2,0,1,6,0,3801088,0,0,0,6173,3801088,3801088,0,0,0,4290326643571509793
layer,43,0,42,169,decode,18,8,6,2,0,527,179,1399,7,0,7,6115,12,6,0,0,0,0,0,0,81,lru,0,0,0,0,0,0,8,6,8,0,2,0,4,6,0,3801088,0,16,0,5762,3801088,3801088,0,0,0,6936779840828679304
layer,43,0,42,169,decode,19,8,7,1,0,269,207,688,8,0,8,3282,14,6,0,0,0,0,0,0,81,lru,0,0,0,0,0,0,8,7,8,0,1,0,3,3,0,1900544,0,11,0,3018,1900544,1900544,0,0,0,1828805786893852084
layer,43,0,42,169,decode,20,8,8,0,0,0,201,0,0,0,0,35,14,4,0,0,0,0,0,0,81,lru,0,0,0,0,0,0,8,8,8,0,0,0,1,0,0,0,0,0,0,0,0,0,0,0,0,2412950764126378427
layer,43,0,42,169,decode,21,8,8,0,0,0,203,0,0,0,0,35,13,3,0,0,0,0,0,0,81,lru,0,0,0,0,0,0,8,8,8,0,0,0,1,0,0,0,0,0,0,0,0,0,0,0,0,3963001553685261843
layer,43,0,42,169,decode,22,8,5,3,4190,839,176,1796,14,0,14,6503,12,28,0,0,0,0,0,0,81,lru,0,0,0,0,0,0,8,5,8,0,3,0,1,6,3,3801088,1900544,6,4190,1796,5701632,5701632,0,1900544,3,6027215369871958694
layer,43,0,42,169,decode,23,8,7,1,0,302,166,145,4,0,4,562,11,11,0,0,0,0,0,0,81,lru,0,0,0,0,0,0,8,7,8,0,1,0,2,3,0,1900544,0,0,0,375,1900544,1900544,0,0,0,15788861018588197970
layer,43,0,42,169,decode,24,8,6,2,0,543,154,340,5,0,5,1999,7,11,0,0,0,0,0,0,81,lru,0,0,0,0,0,0,8,6,8,0,2,0,1,6,0,3801088,0,0,0,1770,3801088,3801088,0,0,0,12275416104454290840
layer,43,0,42,169,decode,25,8,7,1,1833,248,183,193,3,0,3,2216,7,2,0,0,0,0,0,0,81,lru,0,0,0,0,0,0,8,7,8,0,1,0,1,0,3,0,1900544,0,1833,209,1900544,1900544,0,1900544,3,16205464458673382439
layer,43,0,42,169,decode,26,8,7,1,0,299,164,282,4,0,4,606,7,3,0,0,0,0,0,0,81,lru,0,0,0,0,0,0,8,7,8,0,1,0,1,3,0,1900544,0,0,0,396,1900544,1900544,0,0,0,16559434189126431500
layer,43,0,42,169,decode,27,8,7,1,1846,253,183,163,4,0,4,2247,7,2,0,0,0,0,0,0,81,lru,0,0,0,0,0,0,8,7,8,0,1,0,1,0,3,0,1900544,0,1846,219,1900544,1900544,0,1900544,3,14909469409204932109
layer,43,0,42,169,decode,28,8,8,0,0,0,174,0,0,0,0,18,7,2,0,0,0,0,0,0,81,lru,0,0,0,0,0,0,8,8,8,0,0,0,1,0,0,0,0,0,0,0,0,0,0,0,0,8401622991621579768
layer,43,0,42,169,decode,29,8,6,2,0,576,175,970,4,0,4,4040,6,3,0,0,0,0,0,0,81,lru,0,0,0,0,0,0,8,6,8,0,2,0,0,6,0,3801088,0,0,0,3717,3801088,3801088,0,0,0,8946644135836725960
layer,43,0,42,169,decode,30,8,5,3,0,887,181,733,4,0,4,3356,7,6,0,0,0,0,0,0,81,lru,0,0,0,0,0,0,8,5,8,0,3,0,1,9,0,5701632,0,0,0,3022,5701632,5701632,0,0,0,2329962901284036957
layer,43,0,42,169,decode,31,8,7,1,0,309,196,385,7,0,7,919,14,2,0,0,0,0,0,0,81,lru,0,0,0,0,0,0,8,7,8,0,1,0,3,3,0,1900544,0,0,0,674,1900544,1900544,0,0,0,6425260294632315781
layer,43,0,42,169,decode,32,8,7,1,0,280,177,415,7,0,7,2791,11,3,0,0,0,0,0,0,81,lru,0,0,0,0,0,0,8,7,8,0,1,0,2,3,0,1900544,0,0,0,2580,1900544,1900544,0,0,0,10221855663376948965
layer,43,0,42,169,decode,33,8,7,1,0,295,183,195,3,0,3,638,7,2,0,0,0,0,0,0,81,lru,0,0,0,0,0,0,8,7,8,0,1,0,1,3,0,1900544,0,0,0,441,1900544,1900544,0,0,0,15850326322480849812
layer,43,0,42,169,decode,34,8,7,1,0,296,164,407,3,0,3,2703,11,5,0,0,0,0,0,0,81,lru,0,0,0,0,0,0,8,7,8,0,1,0,1,3,0,2039808,0,0,0,2437,2039808,2039808,0,0,0,17681367894451677116
layer,43,0,42,169,decode,35,8,7,1,0,331,205,253,7,0,7,993,13,6,0,0,0,0,0,0,81,lru,0,0,0,0,0,0,8,7,8,0,1,0,2,3,0,1900544,0,0,0,718,1900544,1900544,0,0,0,7044755314975839288
layer,43,0,42,169,decode,36,8,8,0,0,0,173,0,0,0,0,17,7,2,0,0,0,0,0,0,81,lru,0,0,0,0,0,0,8,8,8,0,0,0,1,0,0,0,0,0,0,0,0,0,0,0,0,10711776230378646912
layer,43,0,42,169,decode,37,8,8,0,0,0,177,0,0,0,0,15,7,1,0,0,0,0,0,0,81,lru,0,0,0,0,0,0,8,8,8,0,0,0,0,0,0,0,0,0,0,0,0,0,0,0,0,7322028034232860408
layer,43,0,42,169,decode,38,8,7,1,0,298,184,371,3,0,3,2614,7,5,0,0,0,0,0,0,81,lru,0,0,0,0,0,0,8,7,8,0,1,0,1,3,0,2039808,0,0,0,2395,2039808,2039808,0,0,0,16280824487206421279
layer,43,0,42,169,decode,39,8,8,0,0,0,702,0,0,0,0,33,13,4,0,0,0,0,0,0,81,lru,0,0,0,0,0,0,8,8,8,0,0,0,2,0,0,0,0,0,0,0,0,0,0,0,0,3773127815012155152
request,43,0,42,0,decode,-1,0,0,0,0,0,0,0,0,0,0,0,0,0,0,0,0,0,0,0,0,,124293,935,0,0,41,0,0,0,0,0,0,0,0,0,0,0,0,0,0,0,0,0,0,0,0,0
layer,44,0,43,170,decode,0,8,5,3,0,983,204,1806,15,0,15,10438,16,7,0,0,0,0,0,0,81,lru,0,0,0,0,0,0,8,5,8,0,3,0,2,9,0,5701632,0,2,0,9805,5701632,5701632,0,0,0,6113189371054398432
layer,44,0,43,170,decode,1,8,6,2,0,633,209,1296,13,0,13,9793,14,7,0,0,0,0,0,0,81,lru,0,0,0,0,0,0,8,6,8,0,2,0,3,6,0,3801088,0,2,0,9318,3801088,3801088,0,0,0,13640874008559902686
layer,44,0,43,170,decode,2,8,6,2,0,627,184,1273,13,0,13,9341,13,6,0,0,0,0,0,0,81,lru,0,0,0,0,0,0,8,6,8,0,2,0,2,6,0,3801088,0,8,0,8790,3801088,3801088,0,0,0,13386122410435357245
layer,44,0,43,170,decode,3,8,7,1,0,280,181,288,9,0,9,2775,13,3,0,0,0,0,0,0,81,lru,0,0,0,0,0,0,8,7,8,0,1,0,2,3,0,1900544,0,2,0,2555,1900544,1900544,0,0,0,12141415087720698571
layer,44,0,43,170,decode,4,8,6,2,3490,553,203,986,4,0,4,7773,7,5,0,0,0,0,0,0,81,lru,0,0,0,0,0,0,8,6,8,0,2,0,1,3,3,1900544,1900544,0,3494,3881,3801088,3801088,0,1900544,3,1700462566768544128
layer,44,0,43,170,decode,5,8,3,5,0,1274,172,1612,16,0,16,13854,13,20,0,0,0,0,0,0,81,lru,0,0,0,0,0,0,8,3,8,0,5,0,3,15,0,9502720,0,7,0,13225,9502720,9502720,0,0,0,219311671578475508
layer,44,0,43,170,decode,6,8,7,1,0,231,156,146,5,0,5,1590,7,2,0,0,0,0,0,0,81,lru,0,0,0,0,0,0,8,7,8,0,1,0,1,3,0,1900544,0,0,0,1400,1900544,1900544,0,0,0,10695708782359104396
layer,44,0,43,170,decode,7,8,7,1,0,257,181,235,3,0,3,2132,9,2,0,0,0,0,0,0,81,lru,0,0,0,0,0,0,8,7,8,0,1,0,1,3,0,1900544,0,0,0,1950,1900544,1900544,0,0,0,15781144981281496378
layer,44,0,43,170,decode,8,8,8,0,0,0,172,0,0,0,0,17,7,1,0,0,0,0,0,0,81,lru,0,0,0,0,0,0,8,8,8,0,0,0,1,0,0,0,0,0,0,0,0,0,0,0,0,13643195846777383632
layer,44,0,43,170,decode,9,8,6,2,0,494,177,385,4,0,4,3234,7,2,0,0,0,0,0,0,81,lru,0,0,0,0,0,0,8,6,8,0,2,0,1,6,0,3801088,0,0,0,2930,3801088,3801088,0,0,0,64315371495461685
layer,44,0,43,170,decode,10,8,4,4,0,944,181,1009,4,0,4,8190,7,6,0,0,0,0,0,0,81,lru,0,0,0,0,0,0,8,4,8,0,4,0,1,12,0,7602176,0,0,0,7728,7602176,7602176,0,0,0,15962970988090269558
layer,44,0,43,170,decode,11,8,5,3,4413,748,210,1780,16,0,16,12778,14,7,0,0,0,0,0,0,81,lru,0,0,0,0,0,0,8,5,8,0,3,0,3,6,3,3801088,1900544,7,4419,7834,5701632,5701632,0,1900544,3,3241515458133959954
layer,44,0,43,170,decode,12,8,6,2,0,482,202,1021,13,0,13,6714,13,6,0,0,0,0,0,0,81,lru,0,0,0,0,0,0,8,6,8,0,2,0,3,6,0,3801088,0,6,0,6338,3801088,3801088,0,0,0,4984574668048145011
layer,44,0,43,170,decode,13,8,7,1,3633,277,181,2412,8,0,8,4326,14,7,0,0,0,0,0,0,81,lru,0,0,0,0,0,0,8,7,8,0,1,0,3,0,3,0,1900544,1,3634,412,1900544,1900544,0,1900544,3,4757695319969124701
layer,44,0,43,170,decode,14,8,7,1,1821,248,161,229,4,0,4,2220,8,3,0,0,0,0,0,0,81,lru,0,0,0,0,0,0,8,7,8,0,1,0,1,0,3,0,1900544,3,1822,206,1900544,1900544,0,1900544,3,14014371522774919811
layer,44,0,43,170,decode,15,8,6,2,0,450,159,179,5,0,5,3049,8,7,0,0,0,0,0,0,81,lru,0,0,0,0,0,0,8,6,8,0,2,0,1,6,0,3801088,0,0,0,2879,3801088,3801088,0,0,0,14319332671226120235
layer,44,0,43,170,decode,16,8,6,2,0,445,207,373,4,0,4,3954,7,32,0,0,0,0,0,0,81,lru,0,0,0,0,0,0,8,6,8,0,2,0,1,6,0,3801088,0,0,0,3699,3801088,3801088,0,0,0,5664830859520270737
layer,44,0,43,170,decode,17,8,6,2,0,489,208,868,11,0,11,6065,14,7,0,0,0,0,0,0,81,lru,0,0,0,0,0,0,8,6,8,0,2,0,2,6,0,3801088,0,13,0,5682,3801088,3801088,0,0,0,2681279739621577388
layer,44,0,43,170,decode,18,8,6,2,0,490,183,943,12,0,12,6049,12,6,0,0,0,0,0,0,81,lru,0,0,0,0,0,0,8,6,8,0,2,0,3,6,0,3801088,0,6,0,5664,3801088,3801088,0,0,0,13615801041529211356
layer,44,0,43,170,decode,19,8,5,3,0,736,206,1127,15,0,15,6657,14,6,0,0,0,0,0,0,81,lru,0,0,0,0,0,0,8,5,8,0,3,0,3,9,0,5701632,0,5,0,6152,5701632,5701632,0,0,0,2148275805534763786
layer,44,0,43,170,decode,20,8,7,1,0,273,198,234,9,0,9,825,14,39,0,0,0,0,0,0,81,lru,0,0,0,0,0,0,8,7,8,0,1,0,3,3,0,1900544,0,1,0,587,1900544,1900544,0,0,0,14618767984649461860
layer,44,0,43,170,decode,21,8,7,1,0,244,207,296,10,0,10,844,13,6,0,0,0,0,0,0,81,lru,0,0,0,0,0,0,8,7,8,0,1,0,2,3,0,1900544,0,1,0,591,1900544,1900544,0,0,0,15508431730551157068
layer,44,0,43,170,decode,22,8,4,4,0,970,184,1042,17,0,17,2898,12,6,0,0,0,0,0,0,81,lru,0,0,0,0,0,0,8,4,8,0,4,0,2,12,0,7602176,0,11,0,2284,7602176,7602176,0,0,0,8419416392964021727
layer,44,0,43,170,decode,23,8,7,1,0,231,179,250,8,0,8,2078,14,8,0,0,0,0,0,0,81,lru,0,0,0,0,0,0,8,7,8,0,1,0,3,3,0,1900544,0,0,0,1887,1900544,1900544,0,0,0,16780015086236031644
layer,44,0,43,170,decode,24,8,6,2,0,437,163,321,4,0,4,3147,7,14,0,0,0,0,0,0,81,lru,0,0,0,0,0,0,8,6,8,0,2,0,1,6,0,3801088,0,0,0,2866,3801088,3801088,0,0,0,14082357160200443472
layer,44,0,43,170,decode,25,8,7,1,0,249,170,110,4,0,4,1513,7,16,0,0,0,0,0,0,81,lru,0,0,0,0,0,0,8,7,8,0,1,0,1,3,0,1900544,0,0,0,1344,1900544,1900544,0,0,0,17695936393700634240
layer,44,0,43,170,decode,26,8,5,3,2118,730,147,689,4,0,4,4877,7,12,0,0,0,0,0,0,81,lru,0,0,0,0,0,0,8,5,8,0,3,0,1,6,3,3801088,1900544,0,2120,2422,5701632,5701632,0,1900544,3,17237849015301020969
layer,44,0,43,170,decode,27,8,6,2,0,480,179,339,4,0,4,1865,8,3,0,0,0,0,0,0,81,lru,0,0,0,0,0,0,8,6,8,0,2,0,1,6,0,3801088,0,0,0,1637,3801088,3801088,0,0,0,1885220886898479504
layer,44,0,43,170,decode,28,8,5,3,0,675,189,767,4,0,4,4749,10,5,0,0,0,0,0,0,81,lru,0,0,0,0,0,0,8,5,8,0,3,0,1,9,0,5701632,0,6,0,4389,5701632,5701632,0,0,0,7335916063263489255
layer,44,0,43,170,decode,29,8,6,2,0,445,166,272,5,0,5,2837,7,12,0,0,0,0,0,0,81,lru,0,0,0,0,0,0,8,6,8,0,2,0,1,6,0,3801088,0,0,0,2614,3801088,3801088,0,0,0,17029946430850940575
layer,44,0,43,170,decode,30,8,5,3,1695,691,149,445,4,0,4,3933,7,9,0,0,0,0,0,0,81,lru,0,0,0,0,0,0,8,5,8,0,3,0,1,6,3,3801088,1900544,0,1697,1903,5701632,5701632,0,1900544,3,11452436016894466113
layer,44,0,43,170,decode,31,8,5,3,0,711,179,418,4,0,4,3157,7,3,0,0,0,0,0,0,81,lru,0,0,0,0,0,0,8,5,8,0,3,0,1,9,0,5701632,0,0,0,2874,5701632,5701632,0,0,0,3138509013808864131
layer,44,0,43,170,decode,32,8,6,2,1776,506,157,298,4,0,4,2531,7,11,0,0,0,0,0,0,81,lru,0,0,0,0,0,0,8,6,8,0,2,0,1,3,3,1900544,1900544,0,1777,522,3801088,3801088,0,1900544,3,11877997264840602640
layer,44,0,43,170,decode,33,8,5,3,0,809,175,443,4,0,4,1315,7,2,0,0,0,0,0,0,81,lru,0,0,0,0,0,0,8,5,8,0,3,0,1,9,0,5701632,0,0,0,1012,5701632,5701632,0,0,0,6568412729617983798
layer,44,0,43,170,decode,34,8,5,3,0,876,142,547,4,0,4,1253,7,15,0,0,0,0,0,0,81,lru,0,0,0,0,0,0,8,5,8,0,3,0,1,9,0,6119424,0,0,0,974,6119424,6119424,0,0,0,3285489264998722863
layer,44,0,43,170,decode,35,8,4,4,0,914,171,588,4,0,4,4980,7,15,0,0,0,0,0,0,81,lru,0,0,0,0,0,0,8,4,8,0,4,0,1,12,0,7602176,0,0,0,4635,7602176,7602176,0,0,0,7411725671639116647
layer,44,0,43,170,decode,36,8,6,2,0,447,163,289,5,0,5,2895,7,16,0,0,0,0,0,0,81,lru,0,0,0,0,0,0,8,6,8,0,2,0,1,6,0,3801088,0,0,0,2668,3801088,3801088,0,0,0,16223168131467096342
layer,44,0,43,170,decode,37,8,4,4,0,865,167,390,4,0,4,5694,7,16,0,0,0,0,0,0,81,lru,0,0,0,0,0,0,8,4,8,0,4,0,1,12,0,7602176,0,0,0,5360,7602176,7602176,0,0,0,1526487307835516181
layer,44,0,43,170,decode,38,8,7,1,0,254,159,166,3,0,3,1603,7,2,0,0,0,0,0,0,81,lru,0,0,0,0,0,0,8,7,8,0,1,0,1,3,0,2039808,0,0,0,1431,2039808,2039808,0,0,0,10618136957201066235
layer,44,0,43,170,decode,39,8,7,1,0,252,676,78,3,0,3,1551,7,13,0,0,0,0,0,0,81,lru,0,0,0,0,0,0,8,7,8,0,1,0,1,3,0,2039808,0,0,0,1384,2039808,2039808,0,0,0,2891272856713469067
request,44,0,43,0,decode,-1,0,0,0,0,0,0,0,0,0,0,0,0,0,0,0,0,0,0,0,0,,184100,577,0,0,21,0,0,0,0,0,0,0,0,0,0,0,0,0,0,0,0,0,0,0,0,0
layer,45,0,44,171,decode,0,8,2,6,0,1360,171,696,4,0,4,8744,7,9,0,0,0,0,0,0,81,lru,0,0,0,0,0,0,8,2,8,0,6,0,1,18,0,11403264,0,0,0,8276,11403264,11403264,0,0,0,2235322489967694846
layer,45,0,44,171,decode,1,8,6,2,0,481,167,231,4,0,4,3079,7,14,0,0,0,0,0,0,81,lru,0,0,0,0,0,0,8,6,8,0,2,0,1,6,0,3801088,0,0,0,2839,3801088,3801088,0,0,0,553567541282408281
layer,45,0,44,171,decode,2,8,0,8,0,1830,139,952,4,0,4,11794,7,13,0,0,0,0,0,0,81,lru,0,0,0,0,0,0,8,0,8,0,8,0,1,24,0,15204352,0,0,0,11216,15204352,15204352,0,0,0,367119924609476252
layer,45,0,44,171,decode,3,8,5,3,0,664,178,416,4,0,4,4194,7,2,0,0,0,0,0,0,81,lru,0,0,0,0,0,0,8,5,8,0,3,0,1,9,0,5701632,0,0,0,3902,5701632,5701632,0,0,0,2697388694912137979
layer,45,0,44,171,decode,4,8,5,3,0,667,162,350,4,0,4,4198,7,20,0,0,0,0,0,0,81,lru,0,0,0,0,0,0,8,5,8,0,3,0,1,9,0,5701632,0,0,0,3894,5701632,5701632,0,0,0,11968150956762920369
layer,45,0,44,171,decode,5,8,5,3,0,652,176,276,4,0,4,4189,7,2,0,0,0,0,0,0,81,lru,0,0,0,0,0,0,8,5,8,0,3,0,1,9,0,5701632,0,0,0,3900,5701632,5701632,0,0,0,17576411246985354860
layer,45,0,44,171,decode,6,8,6,2,1713,411,155,258,4,0,4,3431,7,2,0,0,0,0,0,0,81,lru,0,0,0,0,0,0,8,6,8,0,2,0,1,3,3,1900544,1900544,0,1715,1519,3801088,3801088,0,1900544,3,17785770747861723430
layer,45,0,44,171,decode,7,8,8,0,0,0,180,0,0,0,0,21,10,2,0,0,0,0,0,0,81,lru,0,0,0,0,0,0,8,8,8,0,0,0,1,0,0,0,0,0,0,0,0,0,0,0,0,5434490185492771829
layer,45,0,44,171,decode,8,8,7,1,1702,254,161,171,3,0,3,2082,6,7,0,0,0,0,0,0,81,lru,0,0,0,0,0,0,8,7,8,0,1,0,0,0,3,0,1900544,0,1703,194,1900544,1900544,0,1900544,3,18303155450008228738
layer,45,0,44,171,decode,9,8,7,1,0,242,170,135,3,0,3,1512,7,4,0,0,0,0,0,0,81,lru,0,0,0,0,0,0,8,7,8,0,1,0,0,3,0,1900544,0,0,0,1340,1900544,1900544,0,0,0,7030221383491608308
layer,45,0,44,171,decode,10,8,6,2,0,454,149,291,4,0,4,2856,7,7,0,0,0,0,0,0,81,lru,0,0,0,0,0,0,8,6,8,0,2,0,0,6,0,3801088,0,0,0,2625,3801088,3801088,0,0,0,14660359415347173813
layer,45,0,44,171,decode,11,8,4,4,1760,923,185,1693,4,0,4,5284,7,4,0,0,0,0,0,0,81,lru,0,0,0,0,0,0,8,4,8,0,4,0,1,9,3,5701632,1900544,0,1760,3174,7602176,7602176,0,1900544,3,14130181657076717844
layer,45,0,44,171,decode,12,8,7,1,0,233,152,127,4,0,4,1469,8,7,0,0,0,0,0,0,81,lru,0,0,0,0,0,0,8,7,8,0,1,0,1,3,0,1900544,0,0,0,1298,1900544,1900544,0,0,0,841631778585389176
layer,45,0,44,171,decode,13,8,7,1,0,245,176,126,3,0,3,1452,7,2,0,0,0,0,0,0,81,lru,0,0,0,0,0,0,8,7,8,0,1,0,0,3,0,1900544,0,0,0,1281,1900544,1900544,0,0,0,608590742322566129
layer,45,0,44,171,decode,14,8,8,0,0,0,157,0,0,0,0,17,7,2,0,0,0,0,0,0,81,lru,0,0,0,0,0,0,8,8,8,0,0,0,0,0,0,0,0,0,0,0,0,0,0,0,0,819994771061995889
layer,45,0,44,171,decode,15,8,6,2,0,454,180,161,4,0,4,2775,6,3,0,0,0,0,0,0,81,lru,0,0,0,0,0,0,8,6,8,0,2,0,0,6,0,3801088,0,0,0,2547,3801088,3801088,0,0,0,14675902135220462341
layer,45,0,44,171,decode,16,8,6,2,6067,349,153,117,4,0,4,7159,7,2,0,0,0,0,0,0,81,lru,0,0,0,0,0,0,8,6,8,0,2,0,0,3,3,1900544,1900544,0,6068,971,3801088,3801088,0,1900544,3,17795222864037329684
layer,45,0,44,171,decode,17,8,6,2,1130,257,155,54,4,0,4,2008,7,12,0,0,0,0,0,0,81,lru,0,0,0,0,0,0,8,6,8,0,2,0,0,3,3,1900544,1900544,0,1130,749,3801088,3801088,0,1900544,3,14583653552209792252
layer,45,0,44,171,decode,18,8,5,3,0,360,141,82,4,0,4,1718,7,4,0,0,0,0,0,0,81,lru,0,0,0,0,0,0,8,5,8,0,3,0,0,9,0,5701632,0,0,0,1573,5701632,5701632,0,0,0,486221569871379223
layer,45,0,44,171,decode,19,8,8,0,0,0,180,0,0,0,0,18,7,1,0,0,0,0,0,0,81,lru,0,0,0,0,0,0,8,8,8,0,0,0,1,0,0,0,0,0,0,0,0,0,0,0,0,15373294836090375232
layer,45,0,44,171,decode,20,8,5,3,1007,353,153,78,5,0,5,2599,7,17,0,0,0,0,0,0,81,lru,0,0,0,0,0,0,8,5,8,0,3,0,0,6,3,3801088,1900544,0,1007,1432,5701632,5701632,0,1900544,3,1907698165746088881
layer,45,0,44,171,decode,21,8,8,0,0,0,175,0,0,0,0,19,8,2,0,0,0,0,0,0,81,lru,0,0,0,0,0,0,8,8,8,0,0,0,2,0,0,0,0,0,0,0,0,0,0,0,0,7745413625220791754
layer,45,0,44,171,decode,22,8,4,4,0,486,140,113,6,0,6,2357,7,22,0,0,0,0,0,0,81,lru,0,0,0,0,0,0,8,4,8,0,4,0,0,12,0,7602176,0,0,0,2176,7602176,7602176,0,0,0,2980418088415100125
layer,45,0,44,171,decode,23,8,4,4,1091,475,158,137,4,0,4,2983,7,16,0,0,0,0,0,0,81,lru,0,0,0,0,0,0,8,4,8,0,4,0,1,9,3,5701632,1900544,1,1091,1701,7602176,7602176,0,1900544,3,7854007976669339411
layer,45,0,44,171,decode,24,8,5,3,975,352,151,105,4,0,4,2542,7,4,0,0,0,0,0,0,81,lru,0,0,0,0,0,0,8,5,8,0,3,0,1,6,3,3801088,1900544,0,976,1435,5701632,5701632,0,1900544,3,10794523075917861968
layer,45,0,44,171,decode,25,8,8,0,0,0,175,0,0,0,0,18,7,2,0,0,0,0,0,0,81,lru,0,0,0,0,0,0,8,8,8,0,0,0,1,0,0,0,0,0,0,0,0,0,0,0,0,15456913539086893412
layer,45,0,44,171,decode,26,8,5,3,0,401,140,126,4,0,4,1144,6,3,0,0,0,0,0,0,81,lru,0,0,0,0,0,0,8,5,8,0,3,0,0,9,0,5701632,0,0,0,1022,5701632,5701632,0,0,0,11928224990284774254
layer,45,0,44,171,decode,27,8,6,2,0,278,160,91,4,0,4,951,7,18,0,0,0,0,0,0,81,lru,0,0,0,0,0,0,8,6,8,0,2,0,1,6,0,3801088,0,0,0,827,3801088,3801088,0,0,0,16719368810728901440
layer,45,0,44,171,decode,28,8,7,1,0,184,154,36,2,0,2,230,7,2,0,0,0,0,0,0,81,lru,0,0,0,0,0,0,8,7,8,0,1,0,0,3,0,1900544,0,0,0,164,1900544,1900544,0,0,0,17534107294331288997
layer,45,0,44,171,decode,29,8,5,3,0,392,165,135,4,0,4,1180,7,18,0,0,0,0,0,0,81,lru,0,0,0,0,0,0,8,5,8,0,3,0,0,9,0,5701632,0,0,0,1001,5701632,5701632,0,0,0,2691526438722275258
layer,45,0,44,171,decode,30,8,6,2,906,277,142,92,4,0,4,1335,7,8,0,0,0,0,0,0,81,lru,0,0,0,0,0,0,8,6,8,0,2,0,2,3,3,1900544,1900544,0,906,313,3801088,3801088,0,1900544,3,840808611027198712
layer,45,0,44,171,decode,31,8,7,1,0,166,159,31,3,0,3,340,7,17,0,0,0,0,0,0,81,lru,0,0,0,0,0,0,8,7,8,0,1,0,0,3,0,1900544,0,0,0,248,1900544,1900544,0,0,0,10792066055073576995
layer,45,0,44,171,decode,32,8,7,1,0,168,155,42,3,0,3,345,7,13,0,0,0,0,0,0,81,lru,0,0,0,0,0,0,8,7,8,0,1,0,0,3,0,1900544,0,0,0,247,1900544,1900544,0,0,0,18176147872703231614
layer,45,0,44,171,decode,33,8,6,2,0,301,155,107,4,0,4,460,7,2,0,0,0,0,0,0,81,lru,0,0,0,0,0,0,8,6,8,0,2,0,0,6,0,3801088,0,0,0,374,3801088,3801088,0,0,0,4161145916907067268
layer,45,0,44,171,decode,34,8,5,3,0,445,140,133,4,0,4,697,7,6,0,0,0,0,0,0,81,lru,0,0,0,0,0,0,8,5,8,0,3,0,0,9,0,6119424,0,0,0,544,6119424,6119424,0,0,0,4429529188978962207
layer,45,0,44,171,decode,35,8,8,0,0,0,180,0,0,0,0,18,7,1,0,0,0,0,0,0,81,lru,0,0,0,0,0,0,8,8,8,0,0,0,0,0,0,0,0,0,0,0,0,0,0,0,0,8881287553591906360
layer,45,0,44,171,decode,36,8,7,1,0,113,166,29,3,0,3,849,7,6,0,0,0,0,0,0,81,lru,0,0,0,0,0,0,8,7,8,0,1,0,0,3,0,1900544,0,0,0,753,1900544,1900544,0,0,0,8838866674134717325
layer,45,0,44,171,decode,37,8,6,2,0,252,156,46,4,0,4,1554,7,13,0,0,0,0,0,0,81,lru,0,0,0,0,0,0,8,6,8,0,2,0,1,6,0,3801088,0,0,0,1437,3801088,3801088,0,0,0,17042580941353958137
layer,45,0,44,171,decode,38,8,8,0,0,0,158,0,0,0,0,17,7,2,0,0,0,0,0,0,81,lru,0,0,0,0,0,0,8,8,8,0,0,0,0,0,0,0,0,0,0,0,0,0,0,0,0,15951021217351013201
layer,45,0,44,171,decode,39,8,7,1,0,152,677,23,2,0,2,801,7,14,0,0,0,0,0,0,81,lru,0,0,0,0,0,0,8,7,8,0,1,0,0,3,0,2039808,0,0,0,707,2039808,2039808,0,0,0,11212719255244289212
request,45,0,44,0,decode,-1,0,0,0,0,0,0,0,0,0,0,0,0,0,0,0,0,0,0,0,0,,97199,551,0,0,18,0,0,0,0,0,0,0,0,0,0,0,0,0,0,0,0,0,0,0,0,0
layer,46,0,45,172,decode,0,8,6,2,0,272,153,48,4,0,4,991,9,9,0,0,0,0,0,0,81,lru,0,0,0,0,0,0,8,6,8,0,2,0,1,6,0,3801088,0,0,0,863,3801088,3801088,0,0,0,11217853793496474709
layer,46,0,45,172,decode,1,8,5,3,0,350,156,68,4,0,4,2244,7,19,0,0,0,0,0,0,81,lru,0,0,0,0,0,0,8,5,8,0,3,0,1,9,0,5701632,0,0,0,2087,5701632,5701632,0,0,0,14855563644032901721
layer,46,0,45,172,decode,2,8,5,3,0,353,140,116,3,0,3,2139,7,13,0,0,0,0,0,0,81,lru,0,0,0,0,0,0,8,5,8,0,3,0,1,9,0,5701632,0,0,0,1991,5701632,5701632,0,0,0,11281835915854228934
layer,46,0,45,172,decode,3,8,6,2,0,257,159,77,4,0,4,1452,7,20,0,0,0,0,0,0,81,lru,0,0,0,0,0,0,8,6,8,0,2,0,1,6,0,3801088,0,0,0,1299,3801088,3801088,0,0,0,11070788457604788526
layer,46,0,45,172,decode,4,8,6,2,1014,255,153,71,4,0,4,1897,7,5,0,0,0,0,0,0,81,lru,0,0,0,0,0,0,8,6,8,0,2,0,1,3,3,1900544,1900544,0,1014,755,3801088,3801088,0,1900544,3,17520680108374368017
layer,46,0,45,172,decode,5,8,6,2,0,260,157,54,4,0,4,1430,7,4,0,0,0,0,0,0,81,lru,0,0,0,0,0,0,8,6,8,0,2,0,1,6,0,3801088,0,0,0,1329,3801088,3801088,0,0,0,8626367416226424117
layer,46,0,45,172,decode,6,8,4,4,0,449,139,111,4,0,4,2896,6,2,0,0,0,0,0,0,81,lru,0,0,0,0,0,0,8,4,8,0,4,0,0,12,0,7602176,0,0,0,2726,7602176,7602176,0,0,0,16392304184176422414
layer,46,0,45,172,decode,7,8,8,0,0,0,179,0,0,0,0,17,7,2,0,0,0,0,0,0,81,lru,0,0,0,0,0,0,8,8,8,0,0,0,1,0,0,0,0,0,0,0,0,0,0,0,0,11340351482142109027
layer,46,0,45,172,decode,8,8,8,0,0,0,172,0,0,0,0,15,6,1,0,0,0,0,0,0,81,lru,0,0,0,0,0,0,8,8,8,0,0,0,0,0,0,0,0,0,0,0,0,0,0,0,0,7100541567239451694
layer,46,0,45,172,decode,9,8,7,1,0,159,157,24,3,0,3,769,6,3,0,0,0,0,0,0,81,lru,0,0,0,0,0,0,8,7,8,0,1,0,0,3,0,1900544,0,0,0,701,1900544,1900544,0,0,0,12562297231365612286
layer,46,0,45,172,decode,10,8,5,3,1024,365,141,81,4,0,4,2628,7,2,0,0,0,0,0,0,81,lru,0,0,0,0,0,0,8,5,8,0,3,0,1,6,3,3801088,1900544,0,1024,1469,5701632,5701632,0,1900544,3,438064851365908746
layer,46,0,45,172,decode,11,8,5,3,1012,376,158,126,4,0,4,2094,7,9,0,0,0,0,0,0,81,lru,0,0,0,0,0,0,8,5,8,0,3,0,0,6,3,3801088,1900544,0,1012,942,5701632,5701632,0,1900544,3,15609579729030098351
layer,46,0,45,172,decode,12,8,6,2,1051,255,152,33,4,0,4,1936,7,3,0,0,0,0,0,0,81,lru,0,0,0,0,0,0,8,6,8,0,2,0,1,3,3,1900544,1900544,0,1051,782,3801088,3801088,0,1900544,3,3797766092599506247
layer,46,0,45,172,decode,13,8,7,1,0,147,156,41,3,0,3,801,7,14,0,0,0,0,0,0,81,lru,0,0,0,0,0,0,8,7,8,0,1,0,1,3,0,1900544,0,0,0,701,1900544,1900544,0,0,0,11179878581983589132
layer,46,0,45,172,decode,14,8,8,0,0,0,157,0,0,0,0,17,7,2,0,0,0,0,0,0,81,lru,0,0,0,0,0,0,8,8,8,0,0,0,1,0,0,0,0,0,0,0,0,0,0,0,0,8709728564270899359
layer,46,0,45,172,decode,15,8,8,0,0,0,179,0,0,0,0,16,7,1,0,0,0,0,0,0,81,lru,0,0,0,0,0,0,8,8,8,0,0,0,0,0,0,0,0,0,0,0,0,0,0,0,0,3683494005137430751
layer,46,0,45,172,decode,16,8,6,2,0,260,151,53,4,0,4,1406,6,4,0,0,0,0,0,0,81,lru,0,0,0,0,0,0,8,6,8,0,2,0,0,6,0,3801088,0,0,0,1308,3801088,3801088,0,0,0,13995420971726878264
layer,46,0,45,172,decode,17,8,5,3,0,374,156,79,4,0,4,1615,6,2,0,0,0,0,0,0,81,lru,0,0,0,0,0,0,8,5,8,0,3,0,1,9,0,5701632,0,1,0,1491,5701632,5701632,0,0,0,6609728305153000573
layer,46,0,45,172,decode,18,8,8,0,0,0,157,0,0,0,0,17,7,2,0,0,0,0,0,0,81,lru,0,0,0,0,0,0,8,8,8,0,0,0,1,0,0,0,0,0,0,0,0,0,0,0,0,18356330239658875172
layer,46,0,45,172,decode,19,8,8,0,0,0,179,0,0,0,0,16,7,2,0,0,0,0,0,0,81,lru,0,0,0,0,0,0,8,8,8,0,0,0,0,0,0,0,0,0,0,0,0,0,0,0,0,2811499494306999508
layer,46,0,45,172,decode,20,8,8,0,0,0,174,0,0,0,0,16,7,2,0,0,0,0,0,0,81,lru,0,0,0,0,0,0,8,8,8,0,0,0,0,0,0,0,0,0,0,0,0,0,0,0,0,5243299833989879515
layer,46,0,45,172,decode,21,8,8,0,0,0,175,0,0,0,0,15,6,1,0,0,0,0,0,0,81,lru,0,0,0,0,0,0,8,8,8,0,0,0,0,0,0,0,0,0,0,0,0,0,0,0,0,4855250090037075906
layer,46,0,45,172,decode,22,8,8,0,0,0,157,0,0,0,0,15,6,1,0,0,0,0,0,0,81,lru,0,0,0,0,0,0,8,8,8,0,0,0,0,0,0,0,0,0,0,0,0,0,0,0,0,3552193155951129994
layer,46,0,45,172,decode,23,8,5,3,0,401,159,60,4,0,4,1155,7,2,0,0,0,0,0,0,81,lru,0,0,0,0,0,0,8,5,8,0,3,0,0,9,0,5701632,0,0,0,1036,5701632,5701632,0,0,0,6144563146994468802
layer,46,0,45,172,decode,24,8,7,1,0,172,154,77,3,0,3,282,7,15,0,0,0,0,0,0,81,lru,0,0,0,0,0,0,8,7,8,0,1,0,1,3,0,1900544,0,0,0,166,1900544,1900544,0,0,0,13147937586610941415
layer,46,0,45,172,decode,25,8,8,0,0,0,176,0,0,0,0,18,7,2,0,0,0,0,0,0,81,lru,0,0,0,0,0,0,8,8,8,0,0,0,0,0,0,0,0,0,0,0,0,0,0,0,0,14324334701280769893
layer,46,0,45,172,decode,26,8,8,0,0,0,158,0,0,0,0,16,6,2,0,0,0,0,0,0,81,lru,0,0,0,0,0,0,8,8,8,0,0,0,1,0,0,0,0,0,0,0,0,0,0,0,0,1504879395595690996
layer,46,0,45,172,decode,27,8,7,1,0,122,160,30,3,0,3,226,7,2,0,0,0,0,0,0,81,lru,0,0,0,0,0,0,8,7,8,0,1,0,0,3,0,1900544,0,0,0,166,1900544,1900544,0,0,0,5044099524745875575
layer,46,0,45,172,decode,28,8,7,1,0,148,156,33,3,0,3,753,7,19,0,0,0,0,0,0,81,lru,0,0,0,0,0,0,8,7,8,0,1,0,0,3,0,1900544,0,0,0,653,1900544,1900544,0,0,0,14973409341779207262
layer,46,0,45,172,decode,29,8,6,2,0,277,156,59,4,0,4,941,9,4,0,0,0,0,0,0,81,lru,0,0,0,0,0,0,8,6,8,0,2,0,1,6,0,3801088,0,0,0,845,3801088,3801088,0,0,0,10436180323957183426
layer,46,0,45,172,decode,30,8,6,2,0,298,140,61,4,0,4,422,7,2,0,0,0,0,0,0,81,lru,0,0,0,0,0,0,8,6,8,0,2,0,1,6,0,3801088,0,0,0,333,3801088,3801088,0,0,0,11273099135220380885
layer,46,0,45,172,decode,31,8,6,2,0,294,159,96,4,0,4,458,7,14,0,0,0,0,0,0,81,lru,0,0,0,0,0,0,8,6,8,0,2,0,0,6,0,3801088,0,0,0,329,3801088,3801088,0,0,0,3480257860261459134
layer,46,0,45,172,decode,32,8,6,2,0,281,154,76,4,0,4,934,7,3,0,0,0,0,0,0,81,lru,0,0,0,0,0,0,8,6,8,0,2,0,0,6,0,3801088,0,0,0,847,3801088,3801088,0,0,0,13996047917107984021
layer,46,0,45,172,decode,33,8,7,1,0,180,157,32,3,0,3,262,7,18,0,0,0,0,0,0,81,lru,0,0,0,0,0,0,8,7,8,0,1,0,0,3,0,1900544,0,0,0,163,1900544,1900544,0,0,0,17446041881423160838
layer,46,0,45,172,decode,34,8,6,2,0,271,140,37,4,0,4,1531,7,3,0,0,0,0,0,0,81,lru,0,0,0,0,0,0,8,6,8,0,2,0,0,6,0,4079616,0,0,0,1426,4079616,4079616,0,0,0,8001271994618927682
layer,46,0,45,172,decode,35,8,8,0,0,0,180,0,0,0,0,16,7,1,0,0,0,0,0,0,81,lru,0,0,0,0,0,0,8,8,8,0,0,0,0,0,0,0,0,0,0,0,0,0,0,0,0,2556158260002085631
layer,46,0,45,172,decode,36,8,5,3,0,346,153,90,3,0,3,2237,7,12,0,0,0,0,0,0,81,lru,0,0,0,0,0,0,8,5,8,0,3,0,0,9,0,5701632,0,0,0,2088,5701632,5701632,0,0,0,3062868210720419616
layer,46,0,45,172,decode,37,8,8,0,0,0,177,0,0,0,0,18,8,2,0,0,0,0,0,0,81,lru,0,0,0,0,0,0,8,8,8,0,0,0,0,0,0,0,0,0,0,0,0,0,0,0,0,4281894081289452446
layer,46,0,45,172,decode,38,8,7,1,0,164,143,31,2,0,2,833,6,12,0,0,0,0,0,0,81,lru,0,0,0,0,0,0,8,7,8,0,1,0,0,3,0,2039808,0,0,0,745,2039808,2039808,0,0,0,6837373312311340533
layer,46,0,45,172,decode,39,8,8,0,0,0,687,0,0,0,0,17,7,1,0,0,0,0,0,0,81,lru,0,0,0,0,0,0,8,8,8,0,0,0,0,0,0,0,0,0,0,0,0,0,0,0,0,4034577386442346597
request,46,0,45,0,decode,-1,0,0,0,0,0,0,0,0,0,0,0,0,0,0,0,0,0,0,0,0,,43428,430,0,0,15,0,0,0,0,0,0,0,0,0,0,0,0,0,0,0,0,0,0,0,0,0
layer,47,0,46,173,decode,0,8,7,1,0,180,154,50,4,0,4,235,8,3,0,0,0,0,0,0,81,lru,0,0,0,0,0,0,8,7,8,0,1,0,0,3,0,1900544,0,0,0,168,1900544,1900544,0,0,0,11827225480647409543
layer,47,0,46,173,decode,1,8,3,5,1017,554,154,102,4,0,4,4011,7,3,0,0,0,0,0,0,81,lru,0,0,0,0,0,0,8,3,8,0,5,0,1,12,3,7602176,1900544,0,1018,2807,9502720,9502720,0,1900544,3,3152379064516830585
layer,47,0,46,173,decode,2,8,5,3,0,363,140,124,4,0,4,2219,7,16,0,0,0,0,0,0,81,lru,0,0,0,0,0,0,8,5,8,0,3,0,1,9,0,5701632,0,0,0,2028,5701632,5701632,0,0,0,17934212566368001430
layer,47,0,46,173,decode,3,8,7,1,1099,160,160,63,3,0,3,1333,7,19,0,0,0,0,0,0,81,lru,0,0,0,0,0,0,8,7,8,0,1,0,1,0,3,0,1900544,0,1100,117,1900544,1900544,0,1900544,3,15128679899538896537
layer,47,0,46,173,decode,4,8,7,1,0,170,153,51,3,0,3,924,7,13,0,0,0,0,0,0,81,lru,0,0,0,0,0,0,8,7,8,0,1,0,1,3,0,1900544,0,0,0,808,1900544,1900544,0,0,0,6851732679894374441
layer,47,0,46,173,decode,5,8,6,2,0,291,166,102,4,0,4,1718,7,16,0,0,0,0,0,0,81,lru,0,0,0,0,0,0,8,6,8,0,2,0,0,6,0,3801088,0,0,0,1539,3801088,3801088,0,0,0,13279895861105215323
layer,47,0,46,173,decode,6,8,8,0,0,0,156,0,0,0,0,17,7,2,0,0,0,0,0,0,81,lru,0,0,0,0,0,0,8,8,8,0,0,0,1,0,0,0,0,0,0,0,0,0,0,0,0,4175269176275539237
layer,47,0,46,173,decode,7,8,7,1,0,170,172,93,3,0,3,922,7,15,0,0,0,0,0,0,81,lru,0,0,0,0,0,0,8,7,8,0,1,0,0,3,0,1900544,0,0,0,780,1900544,1900544,0,0,0,3925240134889050748
layer,47,0,46,173,decode,8,8,8,0,0,0,172,0,0,0,0,17,7,1,0,0,0,0,0,0,81,lru,0,0,0,0,0,0,8,8,8,0,0,0,1,0,0,0,0,0,0,0,0,0,0,0,0,16055889537880442159
layer,47,0,46,173,decode,9,8,6,2,0,289,163,129,4,0,4,1628,7,9,0,0,0,0,0,0,81,lru,0,0,0,0,0,0,8,6,8,0,2,0,0,6,0,3801088,0,0,0,1472,3801088,3801088,0,0,0,11828382139003390799
layer,47,0,46,173,decode,10,8,6,2,1118,289,143,116,4,0,4,2208,7,15,0,0,0,0,0,0,81,lru,0,0,0,0,0,0,8,6,8,0,2,0,1,3,3,1900544,1900544,0,1118,912,3801088,3801088,0,1900544,3,12745699989642936549
layer,47,0,46,173,decode,11,8,6,2,1221,314,159,116,3,0,3,2369,8,4,0,0,0,0,0,0,81,lru,0,0,0,0,0,0,8,6,8,0,2,0,1,3,3,1900544,1900544,0,1221,1019,3801088,3801088,0,1900544,3,17993471372377680096
layer,47,0,46,173,decode,12,8,8,0,0,0,174,0,0,0,0,18,7,2,0,0,0,0,0,0,81,lru,0,0,0,0,0,0,8,8,8,0,0,0,1,0,0,0,0,0,0,0,0,0,0,0,0,430081951544079295
layer,47,0,46,173,decode,13,8,8,0,0,0,175,0,0,0,0,16,7,1,0,0,0,0,0,0,81,lru,0,0,0,0,0,0,8,8,8,0,0,0,0,0,0,0,0,0,0,0,0,0,0,0,0,8013788485129761858
layer,47,0,46,173,decode,14,8,6,2,0,303,147,146,4,0,4,1853,6,12,0,0,0,0,0,0,81,lru,0,0,0,0,0,0,8,6,8,0,2,0,0,6,0,3801088,0,0,0,1677,3801088,3801088,0,0,0,5967892659073387958
layer,47,0,46,173,decode,15,8,8,0,0,0,179,0,0,0,0,16,7,1,0,0,0,0,0,0,81,lru,0,0,0,0,0,0,8,8,8,0,0,0,1,0,0,0,0,0,0,0,0,0,0,0,0,4822152771861018951
layer,47,0,46,173,decode,16,8,8,0,0,0,173,0,0,0,0,17,6,1,0,0,0,0,0,0,81,lru,0,0,0,0,0,0,8,8,8,0,0,0,0,0,0,0,0,0,0,0,0,0,0,0,0,10420715282442422828
layer,47,0,46,173,decode,17,8,8,0,0,0,176,0,0,0,0,15,6,1,0,0,0,0,0,0,81,lru,0,0,0,0,0,0,8,8,8,0,0,0,0,0,0,0,0,0,0,0,0,0,0,0,0,13578790220872656126
layer,47,0,46,173,decode,18,8,7,1,1196,187,142,37,3,0,3,1403,6,4,0,0,0,0,0,0,81,lru,0,0,0,0,0,0,8,7,8,0,1,0,0,0,3,0,1900544,0,1196,120,1900544,1900544,0,1900544,3,2948228264433097009
layer,47,0,46,173,decode,19,8,8,0,0,0,180,0,0,0,0,18,8,2,0,0,0,0,0,0,81,lru,0,0,0,0,0,0,8,8,8,0,0,0,0,0,0,0,0,0,0,0,0,0,0,0,0,12379867788297461766
layer,47,0,46,173,decode,20,8,8,0,0,0,173,0,0,0,0,15,6,1,0,0,0,0,0,0,81,lru,0,0,0,0,0,0,8,8,8,0,0,0,0,0,0,0,0,0,0,0,0,0,0,0,0,12568751593587937606
layer,47,0,46,173,decode,21,8,7,1,0,183,167,101,3,0,3,1010,7,16,0,0,0,0,0,0,81,lru,0,0,0,0,0,0,8,7,8,0,1,0,0,3,0,1900544,0,0,0,865,1900544,1900544,0,0,0,13358105842551539241
layer,47,0,46,173,decode,22,8,7,1,0,210,149,105,3,0,3,344,7,12,0,0,0,0,0,0,81,lru,0,0,0,0,0,0,8,7,8,0,1,0,0,3,0,1900544,0,0,0,192,1900544,1900544,0,0,0,14156673699443139694
layer,47,0,46,173,decode,23,8,6,2,0,382,173,168,4,0,4,577,7,17,0,0,0,0,0,0,81,lru,0,0,0,0,0,0,8,6,8,0,2,0,1,6,0,3801088,0,0,0,395,3801088,3801088,0,0,0,5188168656332261850
layer,47,0,46,173,decode,24,8,8,0,0,0,173,0,0,0,0,17,7,1,0,0,0,0,0,0,81,lru,0,0,0,0,0,0,8,8,8,0,0,0,1,0,0,0,0,0,0,0,0,0,0,0,0,9353864556601262065
layer,47,0,46,173,decode,25,8,8,0,0,0,175,0,0,0,0,15,6,2,0,0,0,0,0,0,81,lru,0,0,0,0,0,0,8,8,8,0,0,0,0,0,0,0,0,0,0,0,0,0,0,0,0,11246583926408961323
layer,47,0,46,173,decode,26,8,8,0,0,0,157,0,0,0,0,15,7,2,0,0,0,0,0,0,81,lru,0,0,0,0,0,0,8,8,8,0,0,0,0,0,0,0,0,0,0,0,0,0,0,0,0,12003470265845146474
layer,47,0,46,173,decode,27,8,6,2,0,400,164,185,9,0,9,1440,7,7,0,0,0,0,0,0,81,lru,0,0,0,0,0,0,8,6,8,0,2,0,0,6,0,3801088,0,1,0,1250,3801088,3801088,0,0,0,269637332143527532
layer,47,0,46,173,decode,28,8,6,2,0,407,173,270,4,0,4,1507,7,2,0,0,0,0,0,0,81,lru,0,0,0,0,0,0,8,6,8,0,2,0,1,6,0,3801088,0,0,0,1303,3801088,3801088,0,0,0,218325181766783098
layer,47,0,46,173,decode,29,8,8,0,0,0,177,0,0,0,0,17,7,2,0,0,0,0,0,0,81,lru,0,0,0,0,0,0,8,8,8,0,0,0,1,0,0,0,0,0,0,0,0,0,0,0,0,2090736750479542293
layer,47,0,46,173,decode,30,8,5,3,0,591,141,311,4,0,4,1811,6,11,0,0,0,0,0,0,81,lru,0,0,0,0,0,0,8,5,8,0,3,0,0,9,0,5701632,0,0,0,1588,5701632,5701632,0,0,0,5627157131553931993
layer,47,0,46,173,decode,31,8,8,0,0,0,179,0,0,0,0,19,7,2,0,0,0,0,0,0,81,lru,0,0,0,0,0,0,8,8,8,0,0,0,1,0,0,0,0,0,0,0,0,0,0,0,0,14617958439193313670
layer,47,0,46,173,decode,32,8,6,2,0,372,156,248,4,0,4,1406,6,7,0,0,0,0,0,0,81,lru,0,0,0,0,0,0,8,6,8,0,2,0,0,6,0,3801088,0,0,0,1245,3801088,3801088,0,0,0,7123456564952329157
layer,47,0,46,173,decode,33,8,8,0,0,0,176,0,0,0,0,18,7,2,0,0,0,0,0,0,81,lru,0,0,0,0,0,0,8,8,8,0,0,0,1,0,0,0,0,0,0,0,0,0,0,0,0,711653100376292825
layer,47,0,46,173,decode,34,8,8,0,0,0,156,0,0,0,0,15,7,1,0,0,0,0,0,0,81,lru,0,0,0,0,0,0,8,8,8,0,0,0,0,0,0,0,0,0,0,0,0,0,0,0,0,10901467542764988732
layer,47,0,46,173,decode,35,8,8,0,0,0,179,0,0,0,0,16,7,1,0,0,0,0,0,0,81,lru,0,0,0,0,0,0,8,8,8,0,0,0,1,0,0,0,0,0,0,0,0,0,0,0,0,13574350431851161418
layer,47,0,46,173,decode,36,8,7,1,0,210,163,113,3,0,3,1208,7,10,0,0,0,0,0,0,81,lru,0,0,0,0,0,0,8,7,8,0,1,0,0,3,0,1900544,0,0,0,1054,1900544,1900544,0,0,0,16543512763587761026
layer,47,0,46,173,decode,37,8,8,0,0,0,177,0,0,0,0,18,7,1,0,0,0,0,0,0,81,lru,0,0,0,0,0,0,8,8,8,0,0,0,0,0,0,0,0,0,0,0,0,0,0,0,0,2554265568252754110
layer,47,0,46,173,decode,38,8,8,0,0,0,157,0,0,0,0,16,7,2,0,0,0,0,0,0,81,lru,0,0,0,0,0,0,8,8,8,0,0,0,0,0,0,0,0,0,0,0,0,0,0,0,0,17415344885992071191
layer,47,0,46,173,decode,39,8,8,0,0,0,683,0,0,0,0,15,7,2,0,0,0,0,0,0,81,lru,0,0,0,0,0,0,8,8,8,0,0,0,0,0,0,0,0,0,0,0,0,0,0,0,0,6630954358677802947
request,47,0,46,0,decode,-1,0,0,0,0,0,0,0,0,0,0,0,0,0,0,0,0,0,0,0,0,,38540,365,0,0,17,0,0,0,0,0,0,0,0,0,0,0,0,0,0,0,0,0,0,0,0,0
layer,48,0,47,174,decode,0,8,6,2,0,425,164,254,4,0,4,2588,8,14,0,0,0,0,0,0,81,lru,0,0,0,0,0,0,8,6,8,0,2,0,1,6,0,3801088,0,0,0,2380,3801088,3801088,0,0,0,12741226066365486312
layer,48,0,47,174,decode,1,8,6,2,1635,434,157,108,4,0,4,3170,7,16,0,0,0,0,0,0,81,lru,0,0,0,0,0,0,8,6,8,0,2,0,1,3,3,1900544,1900544,0,1635,1372,3801088,3801088,0,1900544,3,4823236514929710417
layer,48,0,47,174,decode,2,8,7,1,0,239,148,114,3,0,3,1361,7,15,0,0,0,0,0,0,81,lru,0,0,0,0,0,0,8,7,8,0,1,0,1,3,0,1900544,0,0,0,1196,1900544,1900544,0,0,0,14481537899093226623
layer,48,0,47,174,decode,3,8,7,1,0,233,1524,107,3,0,3,1344,7,15,0,0,0,0,0,0,81,lru,0,0,0,0,0,0,8,7,8,0,1,0,1,3,0,1900544,0,0,0,1176,1900544,1900544,0,0,0,9947275504472592381
layer,48,0,47,174,decode,4,8,7,1,0,261,169,193,4,0,4,1602,10,9,0,0,0,0,0,0,81,lru,0,0,0,0,0,0,8,7,8,0,1,0,3,3,0,1900544,0,0,0,1401,1900544,1900544,0,0,0,9988172922838398188
layer,48,0,47,174,decode,5,8,7,1,0,260,168,184,4,0,4,1565,7,14,0,0,0,0,0,0,81,lru,0,0,0,0,0,0,8,7,8,0,1,0,1,3,0,1900544,0,0,0,1386,1900544,1900544,0,0,0,11697265703305408041
layer,48,0,47,174,decode,6,8,8,0,0,0,156,0,0,0,0,17,7,2,0,0,0,0,0,0,81,lru,0,0,0,0,0,0,8,8,8,0,0,0,1,0,0,0,0,0,0,0,0,0,0,0,0,3631465737908839383
layer,48,0,47,174,decode,7,8,7,1,0,270,179,161,3,0,3,1555,7,2,0,0,0,0,0,0,81,lru,0,0,0,0,0,0,8,7,8,0,1,0,0,3,0,1900544,0,0,0,1372,1900544,1900544,0,0,0,5231018964433001159
layer,48,0,47,174,decode,8,8,8,0,0,0,171,0,0,0,0,18,8,1,0,0,0,0,0,0,81,lru,0,0,0,0,0,0,8,8,8,0,0,0,1,0,0,0,0,0,0,0,0,0,0,0,0,910455190405785978
layer,48,0,47,174,decode,9,8,7,1,0,264,176,209,3,0,3,1359,7,4,0,0,0,0,0,0,81,lru,0,0,0,0,0,0,8,7,8,0,1,0,1,3,0,1900544,0,0,0,1184,1900544,1900544,0,0,0,15967472685319193023
layer,48,0,47,174,decode,10,8,7,1,0,241,156,173,3,0,3,1598,7,2,0,0,0,0,0,0,81,lru,0,0,0,0,0,0,8,7,8,0,1,0,1,3,0,1900544,0,0,0,1436,1900544,1900544,0,0,0,12609269548085814788
layer,48,0,47,174,decode,11,8,5,3,0,841,179,440,4,0,4,5386,7,7,0,0,0,0,0,0,81,lru,0,0,0,0,0,0,8,5,8,0,3,0,1,9,0,5701632,0,0,0,5008,5701632,5701632,0,0,0,14304972749746093896
layer,48,0,47,174,decode,12,8,6,2,0,570,163,341,4,0,4,3640,7,13,0,0,0,0,0,0,81,lru,0,0,0,0,0,0,8,6,8,0,2,0,1,6,0,3801088,0,0,0,3380,3801088,3801088,0,0,0,14548788249813378691
layer,48,0,47,174,decode,13,8,8,0,0,0,176,0,0,0,0,18,7,2,0,0,0,0,0,0,81,lru,0,0,0,0,0,0,8,8,8,0,0,0,1,0,0,0,0,0,0,0,0,0,0,0,0,1518577632733215966
layer,48,0,47,174,decode,14,8,7,1,0,303,158,252,3,0,3,1839,7,2,0,0,0,0,0,0,81,lru,0,0,0,0,0,0,8,7,8,0,1,0,0,3,0,1900544,0,0,0,1640,1900544,1900544,0,0,0,5755520942027391478
layer,48,0,47,174,decode,15,8,8,0,0,0,179,0,0,0,0,18,7,2,0,0,0,0,0,0,81,lru,0,0,0,0,0,0,8,8,8,0,0,0,1,0,0,0,0,0,0,0,0,0,0,0,0,8474700639722352077
layer,48,0,47,174,decode,16,8,7,1,0,296,173,74,3,0,3,1895,7,2,0,0,0,0,0,0,81,lru,0,0,0,0,0,0,8,7,8,0,1,0,1,3,0,1900544,0,0,0,1697,1900544,1900544,0,0,0,8315256888492906414
layer,48,0,47,174,decode,17,8,4,4,4324,1195,165,813,4,0,4,7359,7,8,0,0,0,0,0,0,81,lru,0,0,0,0,0,0,8,4,8,0,4,0,1,6,6,3801088,3801088,0,4328,2586,7602176,7602176,0,3801088,6,4018953939211416590
layer,48,0,47,174,decode,18,8,7,1,0,342,143,178,3,0,3,593,7,8,0,0,0,0,0,0,81,lru,0,0,0,0,0,0,8,7,8,0,1,0,1,3,0,1900544,0,0,0,408,1900544,1900544,0,0,0,17347482874169816554
layer,48,0,47,174,decode,19,8,7,1,0,359,160,262,3,0,3,565,7,12,0,0,0,0,0,0,81,lru,0,0,0,0,0,0,8,7,8,0,1,0,1,3,0,1900544,0,0,0,392,1900544,1900544,0,0,0,8220368486621440981
layer,48,0,47,174,decode,20,8,8,0,0,0,172,0,0,0,0,17,7,2,0,0,0,0,0,0,81,lru,0,0,0,0,0,0,8,8,8,0,0,0,1,0,0,0,0,0,0,0,0,0,0,0,0,3980387704687252642
layer,48,0,47,174,decode,21,8,7,1,0,308,175,232,3,0,3,1868,6,2,0,0,0,0,0,0,81,lru,0,0,0,0,0,0,8,7,8,0,1,0,0,3,0,1900544,0,4,0,1669,1900544,1900544,0,0,0,7422349237231746236
layer,48,0,47,174,decode,22,8,7,1,0,365,156,263,3,0,3,577,7,2,0,0,0,0,0,0,81,lru,0,0,0,0,0,0,8,7,8,0,1,0,1,3,0,1900544,0,0,0,384,1900544,1900544,0,0,0,465889736490273811
layer,48,0,47,174,decode,23,8,5,3,0,993,163,700,4,0,4,2795,7,14,0,0,0,0,0,0,81,lru,0,0,0,0,0,0,8,5,8,0,3,0,1,9,0,5701632,0,0,0,2465,5701632,5701632,0,0,0,1333597879345435983
layer,48,0,47,174,decode,24,8,7,1,0,298,165,224,3,0,3,1959,7,15,0,0,0,0,0,0,81,lru,0,0,0,0,0,0,8,7,8,0,1,0,1,3,0,1900544,0,0,0,1759,1900544,1900544,0,0,0,1870009949345074540
layer,48,0,47,174,decode,25,8,8,0,0,0,175,0,0,0,0,17,7,2,0,0,0,0,0,0,81,lru,0,0,0,0,0,0,8,8,8,0,0,0,1,0,0,0,0,0,0,0,0,0,0,0,0,11013483184483888567
layer,48,0,47,174,decode,26,8,8,0,0,0,159,0,0,0,0,16,7,2,0,0,0,0,0,0,81,lru,0,0,0,0,0,0,8,8,8,0,0,0,0,0,0,0,0,0,0,0,0,0,0,0,0,8343506502503846333
layer,48,0,47,174,decode,27,8,8,0,0,0,180,0,0,0,0,16,7,1,0,0,0,0,0,0,81,lru,0,0,0,0,0,0,8,8,8,0,0,0,0,0,0,0,0,0,0,0,0,0,0,0,0,10609724859820284431
layer,48,0,47,174,decode,28,8,6,2,0,636,172,370,4,0,4,4080,7,2,0,0,0,0,0,0,81,lru,0,0,0,0,0,0,8,6,8,0,2,0,0,6,0,3801088,0,0,0,3780,3801088,3801088,0,0,0,9925320194464073957
layer,48,0,47,174,decode,29,8,6,2,0,793,176,624,4,0,4,1195,8,2,0,0,0,0,0,0,81,lru,0,0,0,0,0,0,8,6,8,0,2,0,1,6,0,3801088,0,0,0,911,3801088,3801088,0,0,0,9714053322766743420
layer,48,0,47,174,decode,30,8,7,1,0,391,157,351,3,0,3,638,7,2,0,0,0,0,0,0,81,lru,0,0,0,0,0,0,8,7,8,0,1,0,1,3,0,1900544,0,0,0,431,1900544,1900544,0,0,0,1581160248161363500
layer,48,0,47,174,decode,31,8,8,0,0,0,179,0,0,0,0,17,7,2,0,0,0,0,0,0,81,lru,0,0,0,0,0,0,8,8,8,0,0,0,1,0,0,0,0,0,0,0,0,0,0,0,0,16947749205679259717
layer,48,0,47,174,decode,32,8,6,2,0,807,164,626,4,0,4,1164,6,9,0,0,0,0,0,0,81,lru,0,0,0,0,0,0,8,6,8,0,2,0,0,6,0,3801088,0,0,0,887,3801088,3801088,0,0,0,13089388964271896382
layer,48,0,47,174,decode,33,8,5,3,0,1200,165,971,4,0,4,1712,7,11,0,0,0,0,0,0,81,lru,0,0,0,0,0,0,8,5,8,0,3,0,1,9,0,5701632,0,0,0,1330,5701632,5701632,0,0,0,11970121392780345211
layer,48,0,47,174,decode,34,8,7,1,0,344,157,275,3,0,3,2223,7,2,0,0,0,0,0,0,81,lru,0,0,0,0,0,0,8,7,8,0,1,0,1,3,0,2039808,0,0,0,2028,2039808,2039808,0,0,0,14451260413542062884
layer,48,0,47,174,decode,35,8,8,0,0,0,180,0,0,0,0,17,7,1,0,0,0,0,0,0,81,lru,0,0,0,0,0,0,8,8,8,0,0,0,1,0,0,0,0,0,0,0,0,0,0,0,0,17170260795316580762
layer,48,0,47,174,decode,36,8,7,1,0,322,164,251,3,0,3,2076,7,7,0,0,0,0,0,0,81,lru,0,0,0,0,0,0,8,7,8,0,1,0,0,3,0,1900544,0,0,0,1874,1900544,1900544,0,0,0,17126368389063998357
layer,48,0,47,174,decode,37,8,8,0,0,0,177,0,0,0,0,17,8,2,0,0,0,0,0,0,81,lru,0,0,0,0,0,0,8,8,8,0,0,0,0,0,0,0,0,0,0,0,0,0,0,0,0,9615769045449730608
layer,48,0,47,174,decode,38,8,8,0,0,0,157,0,0,0,0,14,6,2,0,0,0,0,0,0,81,lru,0,0,0,0,0,0,8,8,8,0,0,0,0,0,0,0,0,0,0,0,0,0,0,0,0,10341606947140992571
layer,48,0,47,174,decode,39,8,8,0,0,0,684,0,0,0,0,15,7,1,0,0,0,0,0,0,81,lru,0,0,0,0,0,0,8,8,8,0,0,0,0,0,0,0,0,0,0,0,0,0,0,0,0,5054708433438813059
request,48,0,47,0,decode,-1,0,0,0,0,0,0,0,0,0,0,0,0,0,0,0,0,0,0,0,0,,67149,386,0,0,20,0,0,0,0,0,0,0,0,0,0,0,0,0,0,0,0,0,0,0,0,0
layer,49,0,48,175,decode,0,8,7,1,0,332,152,137,4,0,4,2069,8,20,0,0,0,0,0,0,81,lru,0,0,0,0,0,0,8,7,8,0,1,0,1,3,0,1900544,0,0,0,1905,1900544,1900544,0,0,0,14022133699582690395
layer,49,0,48,175,decode,1,8,5,3,0,920,175,417,4,0,4,6079,7,2,0,0,0,0,0,0,81,lru,0,0,0,0,0,0,8,5,8,0,3,0,1,9,0,5701632,0,0,0,5689,5701632,5701632,0,0,0,12468655404469607737
layer,49,0,48,175,decode,2,8,6,2,0,618,155,492,4,0,4,4092,7,2,0,0,0,0,0,0,81,lru,0,0,0,0,0,0,8,6,8,0,2,0,1,6,0,3801088,0,0,0,3827,3801088,3801088,0,0,0,7121644589253650844
layer,49,0,48,175,decode,3,8,6,2,2368,637,170,398,4,0,4,4823,7,4,0,0,0,0,0,0,81,lru,0,0,0,0,0,0,8,6,8,0,2,0,1,3,3,1900544,1900544,0,2368,2166,3801088,3801088,0,1900544,3,2618108343238098281
layer,49,0,48,175,decode,4,8,8,0,0,0,172,0,0,0,0,17,7,2,0,0,0,0,0,0,81,lru,0,0,0,0,0,0,8,8,8,0,0,0,0,0,0,0,0,0,0,0,0,0,0,0,0,13630140388402076121
layer,49,0,48,175,decode,5,8,7,1,0,327,177,274,3,0,3,2077,6,2,0,0,0,0,0,0,81,lru,0,0,0,0,0,0,8,7,8,0,1,0,1,3,0,1900544,0,0,0,1872,1900544,1900544,0,0,0,12146782849705021577
layer,49,0,48,175,decode,6,8,8,0,0,0,156,0,0,0,0,17,8,2,0,0,0,0,0,0,81,lru,0,0,0,0,0,0,8,8,8,0,0,0,1,0,0,0,0,0,0,0,0,0,0,0,0,7006711416449253412
layer,49,0,48,175,decode,7,8,6,2,0,634,179,354,4,0,4,4016,7,3,0,0,0,0,0,0,81,lru,0,0,0,0,0,0,8,6,8,0,2,0,1,6,0,3801088,0,0,0,3740,3801088,3801088,0,0,0,11099389111238163024
layer,49,0,48,175,decode,8,8,8,0,0,0,172,0,0,0,0,17,7,2,0,0,0,0,0,0,81,lru,0,0,0,0,0,0,8,8,8,0,0,0,0,0,0,0,0,0,0,0,0,0,0,0,0,7672341944369930955
layer,49,0,48,175,decode,9,8,8,0,0,0,177,0,0,0,0,15,7,1,0,0,0,0,0,0,81,lru,0,0,0,0,0,0,8,8,8,0,0,0,0,0,0,0,0,0,0,0,0,0,0,0,0,17805881408273118342
layer,49,0,48,175,decode,10,8,7,1,0,396,156,231,3,0,3,638,7,2,0,0,0,0,0,0,81,lru,0,0,0,0,0,0,8,7,8,0,1,0,0,3,0,1900544,0,0,0,421,1900544,1900544,0,0,0,8942259292279153859
layer,49,0,48,175,decode,11,8,6,2,0,603,177,427,4,0,4,4025,7,2,0,0,0,0,0,0,81,lru,0,0,0,0,0,0,8,6,8,0,2,0,1,6,0,3801088,0,0,0,3748,3801088,3801088,0,0,0,7423191677387057253
layer,49,0,48,175,decode,12,8,7,1,0,327,174,120,3,0,3,2078,7,3,0,0,0,0,0,0,81,lru,0,0,0,0,0,0,8,7,8,0,1,0,1,3,0,1900544,0,0,0,1869,1900544,1900544,0,0,0,10116933990728838067
layer,49,0,48,175,decode,13,8,8,0,0,0,176,0,0,0,0,16,7,2,0,0,0,0,0,0,81,lru,0,0,0,0,0,0,8,8,8,0,0,0,0,0,0,0,0,0,0,0,0,0,0,0,0,14608153270352438032
layer,49,0,48,175,decode,14,8,8,0,0,0,156,0,0,0,0,15,6,2,0,0,0,0,0,0,81,lru,0,0,0,0,0,0,8,8,8,0,0,0,0,0,0,0,0,0,0,0,0,0,0,0,0,3306090453369849062
layer,49,0,48,175,decode,15,8,7,1,0,323,172,195,3,0,3,2081,6,7,0,0,0,0,0,0,81,lru,0,0,0,0,0,0,8,7,8,0,1,0,0,3,0,1900544,0,0,0,1882,1900544,1900544,0,0,0,4224558702580187952
layer,49,0,48,175,decode,16,8,8,0,0,0,172,0,0,0,0,17,7,1,0,0,0,0,0,0,81,lru,0,0,0,0,0,0,8,8,8,0,0,0,0,0,0,0,0,0,0,0,0,0,0,0,0,1174593067895439394
layer,49,0,48,175,decode,17,8,7,1,0,330,168,295,3,0,3,2086,7,9,0,0,0,0,0,0,81,lru,0,0,0,0,0,0,8,7,8,0,1,0,0,3,0,1900544,0,0,0,1874,1900544,1900544,0,0,0,16800383456505626670
layer,49,0,48,175,decode,18,8,7,1,0,382,151,310,3,0,3,641,8,14,0,0,0,0,0,0,81,lru,0,0,0,0,0,0,8,7,8,0,1,0,1,3,0,1900544,0,0,0,435,1900544,1900544,0,0,0,15756194404088254398
layer,49,0,48,175,decode,19,8,8,0,0,0,178,0,0,0,0,17,7,1,0,0,0,0,0,0,81,lru,0,0,0,0,0,0,8,8,8,0,0,0,0,0,0,0,0,0,0,0,0,0,0,0,0,15413350940791146291
layer,49,0,48,175,decode,20,8,8,0,0,0,172,0,0,0,0,15,7,1,0,0,0,0,0,0,81,lru,0,0,0,0,0,0,8,8,8,0,0,0,0,0,0,0,0,0,0,0,0,0,0,0,0,7575783006657374330
layer,49,0,48,175,decode,21,8,7,1,0,327,175,274,3,0,3,2060,6,2,0,0,0,0,0,0,81,lru,0,0,0,0,0,0,8,7,8,0,1,0,0,3,0,1900544,0,0,0,1858,1900544,1900544,0,0,0,18069833207396514299
layer,49,0,48,175,decode,22,8,8,0,0,0,157,0,0,0,0,17,7,1,0,0,0,0,0,0,81,lru,0,0,0,0,0,0,8,8,8,0,0,0,1,0,0,0,0,0,0,0,0,0,0,0,0,15517569166700951798
layer,49,0,48,175,decode,23,8,7,1,0,327,179,273,3,0,3,2188,7,2,0,0,0,0,0,0,81,lru,0,0,0,0,0,0,8,7,8,0,1,0,0,3,0,1900544,0,0,0,1933,1900544,1900544,0,0,0,9938662994659314143
layer,49,0,48,175,decode,24,8,8,0,0,0,172,0,0,0,0,18,7,2,0,0,0,0,0,0,81,lru,0,0,0,0,0,0,8,8,8,0,0,0,0,0,0,0,0,0,0,0,0,0,0,0,0,5442769847241684228
layer,49,0,48,175,decode,25,8,8,0,0,0,176,0,0,0,0,16,7,2,0,0,0,0,0,0,81,lru,0,0,0,0,0,0,8,8,8,0,0,0,0,0,0,0,0,0,0,0,0,0,0,0,0,16127002271328780745
layer,49,0,48,175,decode,26,8,8,0,0,0,156,0,0,0,0,15,6,2,0,0,0,0,0,0,81,lru,0,0,0,0,0,0,8,8,8,0,0,0,0,0,0,0,0,0,0,0,0,0,0,0,0,5867829754297981516
layer,49,0,48,175,decode,27,8,7,1,2431,340,171,159,3,0,3,2915,7,17,0,0,0,0,0,0,81,lru,0,0,0,0,0,0,8,7,8,0,1,0,0,0,3,0,1900544,0,2431,270,1900544,1900544,0,1900544,3,5055388277943857452
layer,49,0,48,175,decode,28,8,7,1,0,315,166,171,3,0,3,2138,7,13,0,0,0,0,0,0,81,lru,0,0,0,0,0,0,8,7,8,0,1,0,0,3,0,1900544,0,0,0,1938,1900544,1900544,0,0,0,1528195870958198224
layer,49,0,48,175,decode,29,8,8,0,0,0,175,0,0,0,0,16,7,2,0,0,0,0,0,0,81,lru,0,0,0,0,0,0,8,8,8,0,0,0,0,0,0,0,0,0,0,0,0,0,0,0,0,7626682328451668027
layer,49,0,48,175,decode,30,8,6,2,0,627,155,450,4,0,4,4096,6,4,0,0,0,0,0,0,81,lru,0,0,0,0,0,0,8,6,8,0,2,0,0,6,0,3801088,0,0,0,3806,3801088,3801088,0,0,0,6080012719121882071
layer,49,0,48,175,decode,31,8,7,1,0,335,179,252,3,0,3,2063,7,2,0,0,0,0,0,0,81,lru,0,0,0,0,0,0,8,7,8,0,1,0,1,3,0,1900544,0,0,0,1858,1900544,1900544,0,0,0,12013282615399709404
layer,49,0,48,175,decode,32,8,7,1,0,403,174,324,3,0,3,634,7,12,0,0,0,0,0,0,81,lru,0,0,0,0,0,0,8,7,8,0,1,0,1,3,0,1900544,0,0,0,424,1900544,1900544,0,0,0,11473423524847879067
layer,49,0,48,175,decode,33,8,7,1,0,399,156,152,3,0,3,607,7,17,0,0,0,0,0,0,81,lru,0,0,0,0,0,0,8,7,8,0,1,0,0,3,0,1900544,0,0,0,426,1900544,1900544,0,0,0,11168526597456368800
layer,49,0,48,175,decode,34,8,8,0,0,0,156,0,0,0,0,17,7,2,0,0,0,0,0,0,81,lru,0,0,0,0,0,0,8,8,8,0,0,0,0,0,0,0,0,0,0,0,0,0,0,0,0,2090538949106047745
layer,49,0,48,175,decode,35,8,7,1,0,325,180,225,3,0,3,2098,6,2,0,0,0,0,0,0,81,lru,0,0,0,0,0,0,8,7,8,0,1,0,0,3,0,1900544,0,0,0,1897,1900544,1900544,0,0,0,15895493169888380690
layer,49,0,48,175,decode,36,8,8,0,0,0,173,0,0,0,0,16,7,1,0,0,0,0,0,0,81,lru,0,0,0,0,0,0,8,8,8,0,0,0,1,0,0,0,0,0,0,0,0,0,0,0,0,4003014272292622045
layer,49,0,48,175,decode,37,8,8,0,0,0,178,0,0,0,0,15,7,2,0,0,0,0,0,0,81,lru,0,0,0,0,0,0,8,8,8,0,0,0,0,0,0,0,0,0,0,0,0,0,0,0,0,11572793562409880831
layer,49,0,48,175,decode,38,8,8,0,0,0,157,0,0,0,0,16,7,2,0,0,0,0,0,0,81,lru,0,0,0,0,0,0,8,8,8,0,0,0,0,0,0,0,0,0,0,0,0,0,0,0,0,11693762066521971041
layer,49,0,48,175,decode,39,8,8,0,0,0,688,0,0,0,0,14,6,1,0,0,0,0,0,0,81,lru,0,0,0,0,0,0,8,8,8,0,0,0,0,0,0,0,0,0,0,0,0,0,0,0,0,17598818987380181374
request,49,0,48,0,decode,-1,0,0,0,0,0,0,0,0,0,0,0,0,0,0,0,0,0,0,0,0,,61648,330,0,0,14,0,0,0,0,0,0,0,0,0,0,0,0,0,0,0,0,0,0,0,0,0
layer,50,0,49,176,decode,0,8,6,2,0,617,163,395,4,0,4,4185,8,21,0,0,0,0,0,0,81,lru,0,0,0,0,0,0,8,6,8,0,2,0,1,6,0,3801088,0,0,0,3845,3801088,3801088,0,0,0,6947540430818704019
layer,50,0,49,176,decode,1,8,7,1,0,330,177,262,3,0,3,2104,7,2,0,0,0,0,0,0,81,lru,0,0,0,0,0,0,8,7,8,0,1,0,1,3,0,1900544,0,0,0,1886,1900544,1900544,0,0,0,14845490881257081009
layer,50,0,49,176,decode,2,8,5,3,2410,1058,146,644,4,0,4,5422,7,8,0,0,0,0,0,0,81,lru,0,0,0,0,0,0,8,5,8,0,3,0,1,6,3,3801088,1900544,0,2412,2610,5701632,5701632,0,1900544,3,1269415573455884600
layer,50,0,49,176,decode,3,8,4,4,2365,1241,174,847,4,0,4,8781,7,18,0,0,0,0,0,0,81,lru,0,0,0,0,0,0,8,4,8,0,4,0,1,9,3,5701632,1900544,0,2365,5947,7602176,7602176,0,1900544,3,14765455766581772405
layer,50,0,49,176,decode,4,8,8,0,0,0,173,0,0,0,0,18,7,2,0,0,0,0,0,0,81,lru,0,0,0,0,0,0,8,8,8,0,0,0,1,0,0,0,0,0,0,0,0,0,0,0,0,1731559289904494358
layer,50,0,49,176,decode,5,8,7,1,2324,345,180,1657,3,0,3,4024,7,4,0,0,0,0,0,0,81,lru,0,0,0,0,0,0,8,7,8,0,1,0,0,0,3,0,1900544,3,2324,289,1900544,1900544,0,1900544,3,15508291310990947028
layer,50,0,49,176,decode,6,8,8,0,0,0,157,0,0,0,0,19,8,2,0,0,0,0,0,0,81,lru,0,0,0,0,0,0,8,8,8,0,0,0,2,0,0,0,0,0,0,0,0,0,0,0,0,14933270749774372361
layer,50,0,49,176,decode,7,8,7,1,0,321,176,208,4,0,4,2119,7,10,0,0,0,0,0,0,81,lru,0,0,0,0,0,0,8,7,8,0,1,0,1,3,0,1900544,0,0,0,1867,1900544,1900544,0,0,0,1049548808644749289
layer,50,0,49,176,decode,8,8,8,0,0,0,172,0,0,0,0,17,7,1,0,0,0,0,0,0,81,lru,0,0,0,0,0,0,8,8,8,0,0,0,0,0,0,0,0,0,0,0,0,0,0,0,0,17996207035340832253
layer,50,0,49,176,decode,9,8,8,0,0,0,177,0,0,0,0,15,6,2,0,0,0,0,0,0,81,lru,0,0,0,0,0,0,8,8,8,0,0,0,0,0,0,0,0,0,0,0,0,0,0,0,0,3260209947264167988
layer,50,0,49,176,decode,10,8,8,0,0,0,158,0,0,0,0,15,6,2,0,0,0,0,0,0,81,lru,0,0,0,0,0,0,8,8,8,0,0,0,0,0,0,0,0,0,0,0,0,0,0,0,0,15644683351443701657
layer,50,0,49,176,decode,11,8,8,0,0,0,178,0,0,0,0,15,6,2,0,0,0,0,0,0,81,lru,0,0,0,0,0,0,8,8,8,0,0,0,0,0,0,0,0,0,0,0,0,0,0,0,0,7268644407051909887
layer,50,0,49,176,decode,12,8,8,0,0,0,173,0,0,0,0,15,6,1,0,0,0,0,0,0,81,lru,0,0,0,0,0,0,8,8,8,0,0,0,0,0,0,0,0,0,0,0,0,0,0,0,0,12661775922090834909
layer,50,0,49,176,decode,13,8,8,0,0,0,175,0,0,0,0,16,7,1,0,0,0,0,0,0,81,lru,0,0,0,0,0,0,8,8,8,0,0,0,0,0,0,0,0,0,0,0,0,0,0,0,0,8167782093465226606
layer,50,0,49,176,decode,14,8,8,0,0,0,156,0,0,0,0,14,6,2,0,0,0,0,0,0,81,lru,0,0,0,0,0,0,8,8,8,0,0,0,0,0,0,0,0,0,0,0,0,0,0,0,0,13327354413434566186
layer,50,0,49,176,decode,15,8,7,1,0,383,179,346,3,0,3,645,7,2,0,0,0,0,0,0,81,lru,0,0,0,0,0,0,8,7,8,0,1,0,0,3,0,1900544,0,0,0,420,1900544,1900544,0,0,0,2181905039380241730
layer,50,0,49,176,decode,16,8,7,1,0,318,172,281,3,0,3,2055,7,2,0,0,0,0,0,0,81,lru,0,0,0,0,0,0,8,7,8,0,1,0,0,3,0,1900544,0,0,0,1866,1900544,1900544,0,0,0,15619235271919439963
layer,50,0,49,176,decode,17,8,8,0,0,0,176,0,0,0,0,17,7,2,0,0,0,0,0,0,81,lru,0,0,0,0,0,0,8,8,8,0,0,0,0,0,0,0,0,0,0,0,0,0,0,0,0,14056708210064651625
layer,50,0,49,176,decode,18,8,6,2,0,732,140,403,4,0,4,2457,6,11,0,0,0,0,0,0,81,lru,0,0,0,0,0,0,8,6,8,0,2,0,0,6,0,3801088,0,0,0,2176,3801088,3801088,0,0,0,11871046657679603612
layer,50,0,49,176,decode,19,8,8,0,0,0,179,0,0,0,0,17,7,2,0,0,0,0,0,0,81,lru,0,0,0,0,0,0,8,8,8,0,0,0,1,0,0,0,0,0,0,0,0,0,0,0,0,15681775368834256531
layer,50,0,49,176,decode,20,8,7,1,0,378,175,222,3,0,3,645,7,2,0,0,0,0,0,0,81,lru,0,0,0,0,0,0,8,7,8,0,1,0,0,3,0,1900544,0,0,0,437,1900544,1900544,0,0,0,9914891544811154550
layer,50,0,49,176,decode,21,8,6,2,2393,635,167,404,4,0,4,4850,7,10,0,0,0,0,0,0,81,lru,0,0,0,0,0,0,8,6,8,0,2,0,0,3,3,1900544,1900544,0,2393,2156,3801088,3801088,0,1900544,3,17736490609395772909
layer,50,0,49,176,decode,22,8,8,0,0,0,157,0,0,0,0,16,7,1,0,0,0,0,0,0,81,lru,0,0,0,0,0,0,8,8,8,0,0,0,1,0,0,0,0,0,0,0,0,0,0,0,0,14787214365339738751
layer,50,0,49,176,decode,23,8,8,0,0,0,179,0,0,0,0,15,6,2,0,0,0,0,0,0,81,lru,0,0,0,0,0,0,8,8,8,0,0,0,0,0,0,0,0,0,0,0,0,0,0,0,0,8735614780727908803
layer,50,0,49,176,decode,24,8,7,1,0,379,175,300,3,0,3,636,6,2,0,0,0,0,0,0,81,lru,0,0,0,0,0,0,8,7,8,0,1,0,0,3,0,1900544,0,0,0,433,1900544,1900544,0,0,0,577032690573724409
layer,50,0,49,176,decode,25,8,7,1,0,391,176,370,3,0,3,641,7,2,0,0,0,0,0,0,81,lru,0,0,0,0,0,0,8,7,8,0,1,0,0,3,0,1900544,0,0,0,422,1900544,1900544,0,0,0,15618084362272598834
layer,50,0,49,176,decode,26,8,7,1,0,326,149,258,3,0,3,2072,7,14,0,0,0,0,0,0,81,lru,0,0,0,0,0,0,8,7,8,0,1,0,0,3,0,1900544,0,0,0,1880,1900544,1900544,0,0,0,10010335653912733368
layer,50,0,49,176,decode,27,8,8,0,0,0,180,0,0,0,0,17,7,2,0,0,0,0,0,0,81,lru,0,0,0,0,0,0,8,8,8,0,0,0,1,0,0,0,0,0,0,0,0,0,0,0,0,9346921619674274280
layer,50,0,49,176,decode,28,8,6,2,0,788,172,579,4,0,4,1188,7,2,0,0,0,0,0,0,81,lru,0,0,0,0,0,0,8,6,8,0,2,0,0,6,0,3801088,0,0,0,879,3801088,3801088,0,0,0,17358751464265274433
layer,50,0,49,176,decode,29,8,6,2,2455,744,167,476,4,0,4,3466,7,12,0,0,0,0,0,0,81,lru,0,0,0,0,0,0,8,6,8,0,2,0,0,3,3,1900544,1900544,0,2456,711,3801088,3801088,0,1900544,3,14009937471849584449
layer,50,0,49,176,decode,30,8,6,2,0,799,162,692,4,0,4,1190,7,2,0,0,0,0,0,0,81,lru,0,0,0,0,0,0,8,6,8,0,2,0,1,6,0,3801088,0,0,0,907,3801088,3801088,0,0,0,4343365382886053198
layer,50,0,49,176,decode,31,8,8,0,0,0,178,0,0,0,0,17,7,2,0,0,0,0,0,0,81,lru,0,0,0,0,0,0,8,8,8,0,0,0,0,0,0,0,0,0,0,0,0,0,0,0,0,13163937772459187158
layer,50,0,49,176,decode,32,8,4,4,0,1480,171,921,4,0,4,3741,6,2,0,0,0,0,0,0,81,lru,0,0,0,0,0,0,8,4,8,0,4,0,1,12,0,7602176,0,0,0,3182,7602176,7602176,0,0,0,10588575465538161768
layer,50,0,49,176,decode,33,8,7,1,0,400,176,354,3,0,3,640,7,2,0,0,0,0,0,0,81,lru,0,0,0,0,0,0,8,7,8,0,1,0,1,3,0,1900544,0,0,0,428,1900544,1900544,0,0,0,9621943759620726482
layer,50,0,49,176,decode,34,8,7,1,0,341,149,180,3,0,3,2220,7,9,0,0,0,0,0,0,81,lru,0,0,0,0,0,0,8,7,8,0,1,0,0,3,0,2039808,0,0,0,2020,2039808,2039808,0,0,0,1380737322109914182
layer,50,0,49,176,decode,35,8,7,1,0,327,180,273,3,0,3,2109,7,7,0,0,0,0,0,0,81,lru,0,0,0,0,0,0,8,7,8,0,1,0,1,3,0,1900544,0,0,0,1904,1900544,1900544,0,0,0,12664060013704788020
layer,50,0,49,176,decode,36,8,6,2,0,604,171,311,4,0,4,4113,7,2,0,0,0,0,0,0,81,lru,0,0,0,0,0,0,8,6,8,0,2,0,0,6,0,3801088,0,0,0,3792,3801088,3801088,0,0,0,5619903599179972917
layer,50,0,49,176,decode,37,8,7,1,0,314,177,247,3,0,3,2060,6,2,0,0,0,0,0,0,81,lru,0,0,0,0,0,0,8,7,8,0,1,0,1,3,0,1900544,0,0,0,1872,1900544,1900544,0,0,0,10660814882632158188
layer,50,0,49,176,decode,38,8,7,1,0,336,158,253,3,0,3,2222,7,5,0,0,0,0,0,0,81,lru,0,0,0,0,0,0,8,7,8,0,1,0,0,3,0,2039808,0,0,0,2021,2039808,2039808,0,0,0,6988119241048728547
layer,50,0,49,176,decode,39,8,7,1,0,322,684,218,3,0,3,2216,7,2,0,0,0,0,0,0,81,lru,0,0,0,0,0,0,8,7,8,0,1,0,0,3,0,2039808,0,0,0,2021,2039808,2039808,0,0,0,3879631655926981159
request,50,0,49,0,decode,-1,0,0,0,0,0,0,0,0,0,0,0,0,0,0,0,0,0,0,0,0,,73933,376,0,0,18,0,0,0,0,0,0,0,0,0,0,0,0,0,0,0,0,0,0,0,0,0
layer,51,0,50,177,decode,0,8,5,3,0,942,163,457,5,0,5,6046,8,16,0,0,0,0,0,0,81,lru,0,0,0,0,0,0,8,5,8,0,3,0,1,9,0,5701632,0,0,0,5670,5701632,5701632,0,0,0,453378176881219548
layer,51,0,50,177,decode,1,8,5,3,0,930,173,695,4,0,4,6088,7,2,0,0,0,0,0,0,81,lru,0,0,0,0,0,0,8,5,8,0,3,0,1,9,0,5701632,0,0,0,5719,5701632,5701632,0,0,0,12019314579378074124
layer,51,0,50,177,decode,2,8,4,4,4896,1242,139,852,4,0,4,9810,7,9,0,0,0,0,0,0,81,lru,0,0,0,0,0,0,8,4,8,0,4,0,1,6,6,3801088,3801088,0,4898,4421,7602176,7602176,0,3801088,6,18091416102697085404
layer,51,0,50,177,decode,3,8,7,1,0,326,180,262,3,0,3,2065,8,2,0,0,0,0,0,0,81,lru,0,0,0,0,0,0,8,7,8,0,1,0,1,3,0,1900544,0,0,0,1841,1900544,1900544,0,0,0,2876721881841134834
layer,51,0,50,177,decode,4,8,6,2,0,572,161,295,4,0,4,3688,7,15,0,0,0,0,0,0,81,lru,0,0,0,0,0,0,8,6,8,0,2,0,1,6,0,3801088,0,0,0,3416,3801088,3801088,0,0,0,124678189001665
layer,51,0,50,177,decode,5,8,6,2,2305,575,159,408,4,0,4,4524,7,14,0,0,0,0,0,0,81,lru,0,0,0,0,0,0,8,6,8,0,2,0,1,3,3,1900544,1900544,0,2306,1957,3801088,3801088,0,1900544,3,6600018786033010154
layer,51,0,50,177,decode,6,8,8,0,0,0,156,0,0,0,0,17,8,1,0,0,0,0,0,0,81,lru,0,0,0,0,0,0,8,8,8,0,0,0,1,0,0,0,0,0,0,0,0,0,0,0,0,11079520477206428847
layer,51,0,50,177,decode,7,8,6,2,0,579,163,381,4,0,4,3671,7,8,0,0,0,0,0,0,81,lru,0,0,0,0,0,0,8,6,8,0,2,0,1,6,0,3801088,0,0,0,3413,3801088,3801088,0,0,0,17320539584383788135
layer,51,0,50,177,decode,8,8,8,0,0,0,173,0,0,0,0,17,7,1,0,0,0,0,0,0,81,lru,0,0,0,0,0,0,8,8,8,0,0,0,1,0,0,0,0,0,0,0,0,0,0,0,0,11147686868599394692
layer,51,0,50,177,decode,9,8,8,0,0,0,178,0,0,0,0,16,7,1,0,0,0,0,0,0,81,lru,0,0,0,0,0,0,8,8,8,0,0,0,0,0,0,0,0,0,0,0,0,0,0,0,0,8159834657496126401
layer,51,0,50,177,decode,10,8,8,0,0,0,157,0,0,0,0,16,7,2,0,0,0,0,0,0,81,lru,0,0,0,0,0,0,8,8,8,0,0,0,1,0,0,0,0,0,0,0,0,0,0,0,0,12277597950851552486
layer,51,0,50,177,decode,11,8,7,1,0,303,172,154,3,0,3,1912,7,17,0,0,0,0,0,0,81,lru,0,0,0,0,0,0,8,7,8,0,1,0,1,3,0,1900544,0,0,0,1696,1900544,1900544,0,0,0,15663930024091803301
layer,51,0,50,177,decode,12,8,8,0,0,0,170,0,0,0,0,17,7,1,0,0,0,0,0,0,81,lru,0,0,0,0,0,0,8,8,8,0,0,0,1,0,0,0,0,0,0,0,0,0,0,0,0,10587745702878975328
layer,51,0,50,177,decode,13,8,8,0,0,0,176,0,0,0,0,15,6,1,0,0,0,0,0,0,81,lru,0,0,0,0,0,0,8,8,8,0,0,0,0,0,0,0,0,0,0,0,0,0,0,0,0,12515855763315654690
layer,51,0,50,177,decode,14,8,8,0,0,0,155,0,0,0,0,15,6,2,0,0,0,0,0,0,81,lru,0,0,0,0,0,0,8,8,8,0,0,0,0,0,0,0,0,0,0,0,0,0,0,0,0,8655751929233891722
layer,51,0,50,177,decode,15,8,7,1,0,301,173,236,3,0,3,1857,7,20,0,0,0,0,0,0,81,lru,0,0,0,0,0,0,8,7,8,0,1,0,0,3,0,1900544,0,0,0,1664,1900544,1900544,0,0,0,4978108509850897408
layer,51,0,50,177,decode,16,8,8,0,0,0,173,0,0,0,0,18,8,2,0,0,0,0,0,0,81,lru,0,0,0,0,0,0,8,8,8,0,0,0,1,0,0,0,0,0,0,0,0,0,0,0,0,5033221419381317799
layer,51,0,50,177,decode,17,8,7,1,0,304,168,221,3,0,3,1566,6,6,0,0,0,0,0,0,81,lru,0,0,0,0,0,0,8,7,8,0,1,0,0,3,0,1900544,0,0,0,1377,1900544,1900544,0,0,0,6193916447796701940
layer,51,0,50,177,decode,18,8,7,1,0,331,148,257,3,0,3,2109,7,16,0,0,0,0,0,0,81,lru,0,0,0,0,0,0,8,7,8,0,1,0,1,3,0,1900544,0,0,0,1901,1900544,1900544,0,0,0,1998352549311400542
layer,51,0,50,177,decode,19,8,8,0,0,0,180,0,0,0,0,17,7,1,0,0,0,0,0,0,81,lru,0,0,0,0,0,0,8,8,8,0,0,0,1,0,0,0,0,0,0,0,0,0,0,0,0,2127776791199677780
layer,51,0,50,177,decode,20,8,8,0,0,0,175,0,0,0,0,17,7,1,0,0,0,0,0,0,81,lru,0,0,0,0,0,0,8,8,8,0,0,0,0,0,0,0,0,0,0,0,0,0,0,0,0,12861833301901955482
layer,51,0,50,177,decode,21,8,8,0,0,0,189,0,0,0,0,25,10,3,0,0,0,0,0,0,81,lru,0,0,0,0,0,0,8,8,8,0,0,0,0,0,0,0,0,0,0,0,0,0,0,0,0,7482556507403474020
layer,51,0,50,177,decode,22,8,8,0,0,0,169,0,0,0,0,23,9,3,0,0,0,0,0,0,81,lru,0,0,0,0,0,0,8,8,8,0,0,0,1,0,0,0,0,0,0,0,0,0,0,0,0,17784794438617496024
layer,51,0,50,177,decode,23,8,7,1,0,377,195,428,5,0,5,985,9,4,0,0,0,0,0,0,81,lru,0,0,0,0,0,0,8,7,8,0,1,0,2,3,0,1900544,0,0,0,697,1900544,1900544,0,0,0,14025685531933969807
layer,51,0,50,177,decode,24,8,8,0,0,0,178,0,0,0,0,26,11,4,0,0,0,0,0,0,81,lru,0,0,0,0,0,0,8,8,8,0,0,0,2,0,0,0,0,0,0,0,0,0,0,0,0,7184209621747594961
layer,51,0,50,177,decode,25,8,8,0,0,0,178,0,0,0,0,16,7,2,0,0,0,0,0,0,81,lru,0,0,0,0,0,0,8,8,8,0,0,0,1,0,0,0,0,0,0,0,0,0,0,0,0,14943647030183474131
layer,51,0,50,177,decode,26,8,8,0,0,0,167,0,0,0,0,25,9,3,0,0,0,0,0,0,81,lru,0,0,0,0,0,0,8,8,8,0,0,0,1,0,0,0,0,0,0,0,0,0,0,0,0,872169471921498518
layer,51,0,50,177,decode,27,8,8,0,0,0,194,0,0,0,0,26,9,3,0,0,0,0,0,0,81,lru,0,0,0,0,0,0,8,8,8,0,0,0,2,0,0,0,0,0,0,0,0,0,0,0,0,133900869589579152
layer,51,0,50,177,decode,28,8,5,3,0,1077,188,1382,9,0,9,6192,9,4,0,0,0,0,0,0,81,lru,0,0,0,0,0,0,8,5,8,0,3,0,1,9,0,5701632,0,0,0,5605,5701632,5701632,0,0,0,2164173201457272542
layer,51,0,50,177,decode,29,8,3,5,11914,1643,175,3572,11,0,11,18374,11,3,0,0,0,0,0,0,81,lru,0,0,0,0,0,0,8,3,8,0,5,0,2,6,9,3801088,5701632,10,11924,5595,9502720,9502720,0,5701632,9,11489245156393927035
layer,51,0,50,177,decode,30,8,6,2,0,606,157,565,5,1,4,3213,8,2,0,0,0,0,0,0,81,lru,0,0,0,0,0,0,8,6,8,0,2,0,1,6,0,3801088,0,0,0,2934,3801088,3801088,0,0,0,1685493604483664583
layer,51,0,50,177,decode,31,8,8,0,0,0,186,0,0,0,0,21,8,2,0,0,0,0,0,0,81,lru,0,0,0,0,0,0,8,8,8,0,0,0,1,0,0,0,0,0,0,0,0,0,0,0,0,12928172919710472291
layer,51,0,50,177,decode,32,8,7,1,0,280,174,333,4,0,4,2539,6,2,0,0,0,0,0,0,81,lru,0,0,0,0,0,0,8,7,8,0,1,0,1,3,0,1900544,0,0,0,2347,1900544,1900544,0,0,0,12528205582814660301
layer,51,0,50,177,decode,33,8,7,1,3574,291,187,858,5,0,5,4214,8,4,0,0,0,0,0,0,81,lru,0,0,0,0,0,0,8,7,8,0,1,0,1,0,3,0,1900544,0,3574,417,1900544,1900544,0,1900544,3,7878626644321744904
layer,51,0,50,177,decode,34,8,8,0,0,0,159,0,0,0,0,18,8,1,0,0,0,0,0,0,81,lru,0,0,0,0,0,0,8,8,8,0,0,0,1,0,0,0,0,0,0,0,0,0,0,0,0,1431223111095947329
layer,51,0,50,177,decode,35,8,8,0,0,0,182,0,0,0,0,15,7,1,0,0,0,0,0,0,81,lru,0,0,0,0,0,0,8,8,8,0,0,0,0,0,0,0,0,0,0,0,0,0,0,0,0,13585827691584226756
layer,51,0,50,177,decode,36,8,8,0,0,0,173,0,0,0,0,17,9,1,0,0,0,0,0,0,81,lru,0,0,0,0,0,0,8,8,8,0,0,0,0,0,0,0,0,0,0,0,0,0,0,0,0,1892711938616087997
layer,51,0,50,177,decode,37,8,8,0,0,0,181,0,0,0,0,17,8,1,0,0,0,0,0,0,81,lru,0,0,0,0,0,0,8,8,8,0,0,0,1,0,0,0,0,0,0,0,0,0,0,0,0,14502427532431669613
layer,51,0,50,177,decode,38,8,7,1,0,342,172,782,3,0,3,3688,7,4,0,0,0,0,0,0,81,lru,0,0,0,0,0,0,8,7,8,0,1,0,0,3,0,2039808,0,0,0,3430,2039808,2039808,0,0,0,5758550366717652634
layer,51,0,50,177,decode,39,8,8,0,0,0,698,0,0,0,0,26,10,2,0,0,0,0,0,0,81,lru,0,0,0,0,0,0,8,8,8,0,0,0,2,0,0,0,0,0,0,0,0,0,0,0,0,12601119957045918477
request,51,0,50,0,decode,-1,0,0,0,0,0,0,0,0,0,0,0,0,0,0,0,0,0,0,0,0,,91037,488,0,0,26,0,0,0,0,0,0,0,0,0,0,0,0,0,0,0,0,0,0,0,0,0
layer,52,0,51,178,decode,0,8,4,4,0,1393,192,2646,9,0,9,5711,11,6,0,0,0,0,0,0,81,lru,0,0,0,0,0,0,8,4,8,0,4,0,1,12,0,7602176,0,0,0,5139,7602176,7602176,0,0,0,9004235553419279144
layer,52,0,51,178,decode,1,8,4,4,0,1301,190,2509,10,0,10,11442,13,4,0,0,0,0,0,0,81,lru,0,0,0,0,0,0,8,4,8,0,4,0,4,12,0,7602176,0,0,0,10777,7602176,7602176,0,0,0,16330717215660840995
layer,52,0,51,178,decode,2,8,2,6,0,1915,173,3315,14,0,14,15225,12,33,0,0,0,0,0,0,81,lru,0,0,0,0,0,0,8,2,8,0,6,0,2,18,0,11403264,0,14,0,14207,11403264,11403264,0,0,0,4657709820956953429
layer,52,0,51,178,decode,3,8,7,1,0,305,200,983,7,0,7,3833,13,4,0,0,0,0,0,0,81,lru,0,0,0,0,0,0,8,7,8,0,1,0,2,3,0,1900544,0,2,0,3580,1900544,1900544,0,0,0,12680701963923980766
layer,52,0,51,178,decode,4,8,3,5,4290,1442,194,5001,12,0,12,19300,11,5,0,0,0,0,0,0,81,lru,0,0,0,0,0,0,8,3,8,0,5,0,2,12,3,7602176,1900544,2,4290,14088,9502720,9502720,0,1900544,3,18218656822994876862
layer,52,0,51,178,decode,5,8,5,3,3896,772,201,3056,12,0,12,10831,11,54,0,0,0,0,0,0,81,lru,0,0,0,0,0,0,8,5,8,0,3,0,3,6,3,3801088,1900544,2,3898,6462,5701632,5701632,0,1900544,3,9279684521658954251
layer,52,0,51,178,decode,6,8,6,2,3989,519,177,2207,10,0,10,7932,14,5,0,0,0,0,0,0,81,lru,0,0,0,0,0,0,8,6,8,0,2,0,3,3,3,1900544,1900544,9,3991,3517,3801088,3801088,0,1900544,3,14738343550678417889
layer,52,0,51,178,decode,7,8,6,2,0,485,204,1737,10,0,10,6020,12,5,0,0,0,0,0,0,81,lru,0,0,0,0,0,0,8,6,8,0,2,0,2,6,0,3801088,0,2,0,5672,3801088,3801088,0,0,0,12876064322147000420
layer,52,0,51,178,decode,8,8,8,0,0,0,196,0,0,0,0,34,12,4,0,0,0,0,0,0,81,lru,0,0,0,0,0,0,8,8,8,0,0,0,3,0,0,0,0,0,0,0,0,0,0,0,0,7126161441435876600
layer,52,0,51,178,decode,9,8,6,2,0,476,194,1680,10,0,10,5874,12,31,0,0,0,0,0,0,81,lru,0,0,0,0,0,0,8,6,8,0,2,0,1,6,0,3801088,0,0,0,5542,3801088,3801088,0,0,0,6163116916438190687
layer,52,0,51,178,decode,10,8,5,3,0,699,179,2416,13,0,13,8731,12,5,0,0,0,0,0,0,81,lru,0,0,0,0,0,0,8,5,8,0,3,0,2,9,0,5701632,0,1,0,8233,5701632,5701632,0,0,0,1131809175655086873
layer,52,0,51,178,decode,11,8,6,2,0,502,202,931,11,0,11,3647,13,5,0,0,0,0,0,0,81,lru,0,0,0,0,0,0,8,6,8,0,2,0,2,6,0,3801088,0,7,0,3308,3801088,3801088,0,0,0,10974425444868032338
layer,52,0,51,178,decode,12,8,7,1,0,237,200,717,8,0,8,2986,13,5,0,0,0,0,0,0,81,lru,0,0,0,0,0,0,8,7,8,0,1,0,4,3,0,1900544,0,4,0,2750,1900544,1900544,0,0,0,2977324074260772744
layer,52,0,51,178,decode,13,8,6,2,3651,489,204,1596,11,0,11,7225,12,5,0,0,0,0,0,0,81,lru,0,0,0,0,0,0,8,6,8,0,2,0,2,3,3,1900544,1900544,7,3652,3178,3801088,3801088,0,1900544,3,2346909990179316806
layer,52,0,51,178,decode,14,8,6,2,0,472,180,1196,10,0,10,5854,13,6,0,0,0,0,0,0,81,lru,0,0,0,0,0,0,8,6,8,0,2,0,3,6,0,3801088,0,0,0,5496,3801088,3801088,0,0,0,11802570839082523954
layer,52,0,51,178,decode,15,8,8,0,0,0,205,0,0,0,0,33,13,4,0,0,0,0,0,0,81,lru,0,0,0,0,0,0,8,8,8,0,0,0,2,0,0,0,0,0,0,0,0,0,0,0,0,16435112071437423270
layer,52,0,51,178,decode,16,8,5,3,0,732,200,1487,15,0,15,6335,13,5,0,0,0,0,0,0,81,lru,0,0,0,0,0,0,8,5,8,0,3,0,1,9,0,5701632,0,1,0,5869,5701632,5701632,0,0,0,16797472724425287197
layer,52,0,51,178,decode,17,8,6,2,0,473,205,1322,12,0,12,5857,12,5,0,0,0,0,0,0,81,lru,0,0,0,0,0,0,8,6,8,0,2,0,3,6,0,3801088,0,6,0,5521,3801088,3801088,0,0,0,6017955483040136892
layer,52,0,51,178,decode,18,8,1,7,3858,1641,192,5275,18,0,18,19525,13,19,0,0,0,0,0,0,81,lru,0,0,0,0,0,0,8,1,8,0,7,0,2,18,3,11403264,1900544,11,3860,14647,13303808,13303808,0,1900544,3,2150990421014842750
layer,52,0,51,178,decode,19,8,5,3,6640,675,212,1679,13,0,13,8704,12,7,0,0,0,0,0,0,81,lru,0,0,0,0,0,0,8,5,8,0,3,0,3,3,6,1900544,3801088,10,6640,1552,5701632,5701632,0,3801088,6,3103744557339688000
layer,52,0,51,178,decode,20,8,7,1,3351,232,205,713,10,0,10,4019,14,6,0,0,0,0,0,0,81,lru,0,0,0,0,0,0,8,7,8,0,1,0,4,0,3,0,1900544,0,3355,406,1900544,1900544,0,1900544,3,14322367597726317594
layer,52,0,51,178,decode,21,8,6,2,3445,445,208,920,12,0,12,4808,13,7,0,0,0,0,0,0,81,lru,0,0,0,0,0,0,8,6,8,0,2,0,2,3,3,1900544,1900544,9,3449,997,3801088,3801088,0,1900544,3,7359970633531128887
layer,52,0,51,178,decode,22,8,5,3,3501,696,185,1196,14,0,14,5623,13,6,0,0,0,0,0,0,81,lru,0,0,0,0,0,0,8,5,8,0,3,0,3,6,3,3801088,1900544,11,3502,1650,5701632,5701632,0,1900544,3,4187818388719620768
layer,52,0,51,178,decode,23,8,5,3,0,638,208,853,14,0,14,3848,13,6,0,0,0,0,0,0,81,lru,0,0,0,0,0,0,8,5,8,0,3,0,2,9,0,5701632,0,5,0,3432,5701632,5701632,0,0,0,14740363344357344362
layer,52,0,51,178,decode,24,8,6,2,0,482,208,398,14,0,14,1438,13,50,0,0,0,0,0,0,81,lru,0,0,0,0,0,0,8,6,8,0,2,0,2,6,0,3801088,0,0,0,1075,3801088,3801088,0,0,0,16563622165672437027
layer,52,0,51,178,decode,25,8,5,3,3482,626,207,1388,13,0,13,9296,13,7,0,0,0,0,0,0,81,lru,0,0,0,0,0,0,8,5,8,0,3,0,2,6,3,3801088,1900544,10,3482,5315,5701632,5701632,0,1900544,3,4311245375535304597
layer,52,0,51,178,decode,26,8,4,4,0,808,187,1337,16,0,16,8083,13,20,0,0,0,0,0,0,81,lru,0,0,0,0,0,0,8,4,8,0,4,0,2,12,0,7602176,0,0,0,7545,7602176,7602176,0,0,0,3210552454230953873
layer,52,0,51,178,decode,27,8,8,0,0,0,213,0,0,0,0,39,14,5,0,0,0,0,0,0,81,lru,0,0,0,0,0,0,8,8,8,0,0,0,3,0,0,0,0,0,0,0,0,0,0,0,0,166079787724727328
layer,52,0,51,178,decode,28,8,6,2,0,401,208,780,12,0,12,4871,12,57,0,0,0,0,0,0,81,lru,0,0,0,0,0,0,8,6,8,0,2,0,2,6,0,3801088,0,0,0,4537,3801088,3801088,0,0,0,2161098642769724435
layer,52,0,51,178,decode,29,8,7,1,0,217,209,157,9,0,9,699,14,21,0,0,0,0,0,0,81,lru,0,0,0,0,0,0,8,7,8,0,1,0,2,3,0,1900544,0,1,0,486,1900544,1900544,0,0,0,464533116497837434
layer,52,0,51,178,decode,30,8,7,1,0,232,186,192,8,0,8,715,13,33,0,0,0,0,0,0,81,lru,0,0,0,0,0,0,8,7,8,0,1,0,2,3,0,1900544,0,0,0,492,1900544,1900544,0,0,0,1847502939122413038
layer,52,0,51,178,decode,31,8,7,1,0,216,209,253,7,0,7,715,14,6,0,0,0,0,0,0,81,lru,0,0,0,0,0,0,8,7,8,0,1,0,2,3,0,1900544,0,1,0,498,1900544,1900544,0,0,0,484033514494949160
layer,52,0,51,178,decode,32,8,7,1,0,194,205,427,8,0,8,2495,13,6,0,0,0,0,0,0,81,lru,0,0,0,0,0,0,8,7,8,0,1,0,2,3,0,1900544,0,1,0,2287,1900544,1900544,0,0,0,17295751594861206562
layer,52,0,51,178,decode,33,8,7,1,0,226,209,442,8,0,8,2535,14,41,0,0,0,0,0,0,81,lru,0,0,0,0,0,0,8,7,8,0,1,0,2,3,0,1900544,0,0,0,2304,1900544,1900544,0,0,0,5338369869364365402
layer,52,0,51,178,decode,34,8,6,2,0,387,182,769,12,0,12,5136,13,6,0,0,0,0,0,0,81,lru,0,0,0,0,0,0,8,6,8,0,2,0,2,6,0,4079616,0,10,0,4847,4079616,4079616,0,0,0,11205347355607443888
layer,52,0,51,178,decode,35,8,8,0,0,0,208,0,0,0,0,39,13,4,0,0,0,0,0,0,81,lru,0,0,0,0,0,0,8,8,8,0,0,0,2,0,0,0,0,0,0,0,0,0,0,0,0,6109304309482245062
layer,52,0,51,178,decode,36,8,5,3,3443,618,205,1451,14,0,14,9292,12,7,0,0,0,0,0,0,81,lru,0,0,0,0,0,0,8,5,8,0,3,0,1,6,3,3801088,1900544,6,3444,5368,5701632,5701632,0,1900544,3,6644430971788004612
layer,52,0,51,178,decode,37,8,7,1,0,226,207,424,7,0,7,2643,14,6,0,0,0,0,0,0,81,lru,0,0,0,0,0,0,8,7,8,0,1,0,2,3,0,1900544,0,4,0,2414,1900544,1900544,0,0,0,6059526536512500768
layer,52,0,51,178,decode,38,8,7,1,0,208,183,431,8,0,8,2912,12,6,0,0,0,0,0,0,81,lru,0,0,0,0,0,0,8,7,8,0,1,0,2,3,0,2039808,0,0,0,2702,2039808,2039808,0,0,0,10850898672145537470
layer,52,0,51,178,decode,39,8,5,3,0,639,704,1290,13,0,13,8370,13,6,0,0,0,0,0,0,81,lru,0,0,0,0,0,0,8,5,8,0,3,0,1,9,0,6119424,0,0,0,7930,6119424,6119424,0,0,0,11617823561073851391
request,52,0,51,0,decode,-1,0,0,0,0,0,0,0,0,0,0,0,0,0,0,0,0,0,0,0,0,,242513,1369,0,0,41,0,0,0,0,0,0,0,0,0,0,0,0,0,0,0,0,0,0,0,0,0
layer,53,0,52,179,decode,0,8,7,1,0,222,204,442,10,0,10,2611,16,5,0,0,0,0,0,0,81,lru,0,0,0,0,0,0,8,7,8,0,1,0,3,3,0,1900544,0,1,0,2374,1900544,1900544,0,0,0,14469270211595156117
layer,53,0,52,179,decode,1,8,6,2,3859,479,210,1073,13,0,13,7489,11,6,0,0,0,0,0,0,81,lru,0,0,0,0,0,0,8,6,8,0,2,0,2,3,3,1900544,1900544,12,3862,3236,3801088,3801088,0,1900544,3,14601646935706121262
layer,53,0,52,179,decode,2,8,5,3,7759,755,172,1478,15,0,15,10010,13,26,0,0,0,0,0,0,81,lru,0,0,0,0,0,0,8,5,8,0,3,0,3,3,6,1900544,3801088,12,7769,1615,5701632,5701632,0,3801088,6,11032451219966807176
layer,53,0,52,179,decode,3,8,5,3,3622,686,208,1586,14,0,14,10071,14,6,0,0,0,0,0,0,81,lru,0,0,0,0,0,0,8,5,8,0,3,0,3,6,3,3801088,1900544,2,3624,5945,5701632,5701632,0,1900544,3,10767112361648521643
layer,53,0,52,179,decode,4,8,8,0,0,0,199,0,0,0,0,37,13,5,0,0,0,0,0,0,81,lru,0,0,0,0,0,0,8,8,8,0,0,0,3,0,0,0,0,0,0,0,0,0,0,0,0,3806901536306777511
layer,53,0,52,179,decode,5,8,7,1,0,240,214,435,3,0,3,2988,7,35,0,0,0,0,0,0,81,lru,0,0,0,0,0,0,8,7,8,0,1,0,1,3,0,1900544,0,0,0,2780,1900544,1900544,0,0,0,8737572252806584049
layer,53,0,52,179,decode,6,8,8,0,0,0,182,0,0,0,0,38,13,4,0,0,0,0,0,0,81,lru,0,0,0,0,0,0,8,8,8,0,0,0,2,0,0,0,0,0,0,0,0,0,0,0,0,4247029578974506000
layer,53,0,52,179,decode,7,8,8,0,0,0,209,0,0,0,0,33,12,4,0,0,0,0,0,0,81,lru,0,0,0,0,0,0,8,8,8,0,0,0,1,0,0,0,0,0,0,0,0,0,0,0,0,16854416852574128677
layer,53,0,52,179,decode,8,8,7,1,3614,222,2857,685,8,0,8,4316,12,6,0,0,0,0,0,0,81,lru,0,0,0,0,0,0,8,7,8,0,1,0,1,0,3,0,1900544,1,3614,462,1900544,1900544,0,1900544,3,16122389728937205954
layer,53,0,52,179,decode,9,8,7,1,3837,252,215,782,10,0,10,4634,18,7,0,0,0,0,0,0,81,lru,0,0,0,0,0,0,8,7,8,0,1,0,7,0,3,0,1900544,0,3841,510,1900544,1900544,0,1900544,3,7186374491644176785
layer,53,0,52,179,decode,10,8,7,1,0,283,184,584,9,0,9,4567,14,7,0,0,0,0,0,0,81,lru,0,0,0,0,0,0,8,7,8,0,1,0,3,3,0,1900544,0,0,0,4278,1900544,1900544,0,0,0,18045288361569614781
layer,53,0,52,179,decode,11,8,7,1,0,308,210,603,9,0,9,4124,13,6,0,0,0,0,0,0,81,lru,0,0,0,0,0,0,8,7,8,0,1,0,2,3,0,1900544,0,0,0,3837,1900544,1900544,0,0,0,18440078347022891275
layer,53,0,52,179,decode,12,8,7,1,0,292,202,652,9,0,9,4345,13,6,0,0,0,0,0,0,81,lru,0,0,0,0,0,0,8,7,8,0,1,0,2,3,0,1900544,0,2,0,4001,1900544,1900544,0,0,0,5144431704540268163
layer,53,0,52,179,decode,13,8,7,1,4512,311,206,883,8,0,8,5465,13,6,0,0,0,0,0,0,81,lru,0,0,0,0,0,0,8,7,8,0,1,0,2,0,3,0,1900544,2,4516,640,1900544,1900544,0,1900544,3,12693827932014460370
layer,53,0,52,179,decode,14,8,8,0,0,0,180,0,0,0,0,36,12,5,0,0,0,0,0,0,81,lru,0,0,0,0,0,0,8,8,8,0,0,0,2,0,0,0,0,0,0,0,0,0,0,0,0,7969518636291965967
layer,53,0,52,179,decode,15,8,8,0,0,0,208,0,0,0,0,34,13,4,0,0,0,0,0,0,81,lru,0,0,0,0,0,0,8,8,8,0,0,0,2,0,0,0,0,0,0,0,0,0,0,0,0,10778621400558674170
layer,53,0,52,179,decode,16,8,8,0,0,0,205,0,0,0,0,34,12,4,0,0,0,0,0,0,81,lru,0,0,0,0,0,0,8,8,8,0,0,0,2,0,0,0,0,0,0,0,0,0,0,0,0,12493410797859041074
layer,53,0,52,179,decode,17,8,8,0,0,0,204,0,0,0,0,33,12,4,0,0,0,0,0,0,81,lru,0,0,0,0,0,0,8,8,8,0,0,0,1,0,0,0,0,0,0,0,0,0,0,0,0,909053130891644732
layer,53,0,52,179,decode,18,8,8,0,0,0,181,0,0,0,0,38,12,8,0,0,0,0,0,0,81,lru,0,0,0,0,0,0,8,8,8,0,0,0,2,0,0,0,0,0,0,0,0,0,0,0,0,750561363098186940
layer,53,0,52,179,decode,19,8,8,0,0,0,208,0,0,0,0,31,13,3,0,0,0,0,0,0,81,lru,0,0,0,0,0,0,8,8,8,0,0,0,2,0,0,0,0,0,0,0,0,0,0,0,0,7717342725693780589
layer,53,0,52,179,decode,20,8,8,0,0,0,203,0,0,0,0,34,12,4,0,0,0,0,0,0,81,lru,0,0,0,0,0,0,8,8,8,0,0,0,1,0,0,0,0,0,0,0,0,0,0,0,0,14141769099754136510
layer,53,0,52,179,decode,21,8,7,1,0,312,208,308,8,0,8,1105,12,7,0,0,0,0,0,0,81,lru,0,0,0,0,0,0,8,7,8,0,1,0,2,3,0,1900544,0,2,0,823,1900544,1900544,0,0,0,1261413694864179594
layer,53,0,52,179,decode,22,8,6,2,0,599,185,937,13,0,13,5265,14,5,0,0,0,0,0,0,81,lru,0,0,0,0,0,0,8,6,8,0,2,0,2,6,0,3801088,0,2,0,4813,3801088,3801088,0,0,0,11603664397602803210
layer,53,0,52,179,decode,23,8,5,3,4986,993,209,1650,15,0,15,11891,14,7,0,0,0,0,0,0,81,lru,0,0,0,0,0,0,8,5,8,0,3,0,2,6,3,3801088,1900544,0,4988,6240,5701632,5701632,0,1900544,3,14774820046638691190
layer,53,0,52,179,decode,24,8,8,0,0,0,201,0,0,0,0,36,13,5,0,0,0,0,0,0,81,lru,0,0,0,0,0,0,8,8,8,0,0,0,2,0,0,0,0,0,0,0,0,0,0,0,0,154117961128962559
layer,53,0,52,179,decode,25,8,6,2,4531,645,203,1146,12,0,12,6539,12,6,0,0,0,0,0,0,81,lru,0,0,0,0,0,0,8,6,8,0,2,0,1,3,3,1900544,1900544,17,4535,1487,3801088,3801088,0,1900544,3,9889780787850793705
layer,53,0,52,179,decode,26,8,8,0,0,0,182,0,0,0,0,29,9,5,0,0,0,0,0,0,81,lru,0,0,0,0,0,0,8,8,8,0,0,0,3,0,0,0,0,0,0,0,0,0,0,0,0,8296655459409537113
layer,53,0,52,179,decode,27,8,7,1,0,292,212,615,10,0,10,4417,12,7,0,0,0,0,0,0,81,lru,0,0,0,0,0,0,8,7,8,0,1,0,2,3,0,1900544,0,2,0,4132,1900544,1900544,0,0,0,16822126067325972699
layer,53,0,52,179,decode,28,8,8,0,0,0,203,0,0,0,0,35,14,4,0,0,0,0,0,0,81,lru,0,0,0,0,0,0,8,8,8,0,0,0,2,0,0,0,0,0,0,0,0,0,0,0,0,8273884724714112951
layer,53,0,52,179,decode,29,8,8,0,0,0,204,0,0,0,0,33,12,4,0,0,0,0,0,0,81,lru,0,0,0,0,0,0,8,8,8,0,0,0,1,0,0,0,0,0,0,0,0,0,0,0,0,18077342619777661623
layer,53,0,52,179,decode,30,8,6,2,4519,605,182,1514,11,0,11,9761,12,6,0,0,0,0,0,0,81,lru,0,0,0,0,0,0,8,6,8,0,2,0,1,3,3,1900544,1900544,2,4519,4729,3801088,3801088,0,1900544,3,5447738011709917123
layer,53,0,52,179,decode,31,8,8,0,0,0,207,0,0,0,0,36,14,4,0,0,0,0,0,0,81,lru,0,0,0,0,0,0,8,8,8,0,0,0,2,0,0,0,0,0,0,0,0,0,0,0,0,11567342601959259288
layer,53,0,52,179,decode,32,8,7,1,0,302,205,637,8,0,8,4154,13,6,0,0,0,0,0,0,81,lru,0,0,0,0,0,0,8,7,8,0,1,0,1,3,0,1900544,0,2,0,3864,1900544,1900544,0,0,0,7710566798660556368
layer,53,0,52,179,decode,33,8,7,1,0,295,207,596,8,0,8,4318,13,7,0,0,0,0,0,0,81,lru,0,0,0,0,0,0,8,7,8,0,1,0,2,3,0,1900544,0,2,0,4039,1900544,1900544,0,0,0,4328342302364522118
layer,53,0,52,179,decode,34,8,8,0,0,0,182,0,0,0,0,36,13,5,0,0,0,0,0,0,81,lru,0,0,0,0,0,0,8,8,8,0,0,0,2,0,0,0,0,0,0,0,0,0,0,0,0,18399184734574599024
layer,53,0,52,179,decode,35,8,8,0,0,0,207,0,0,0,0,33,12,4,0,0,0,0,0,0,81,lru,0,0,0,0,0,0,8,8,8,0,0,0,1,0,0,0,0,0,0,0,0,0,0,0,0,11938378347556746223
layer,53,0,52,179,decode,36,8,8,0,0,0,202,0,0,0,0,33,12,4,0,0,0,0,0,0,81,lru,0,0,0,0,0,0,8,8,8,0,0,0,1,0,0,0,0,0,0,0,0,0,0,0,0,81396957850110564
layer,53,0,52,179,decode,37,8,8,0,0,0,205,0,0,0,0,33,12,4,0,0,0,0,0,0,81,lru,0,0,0,0,0,0,8,8,8,0,0,0,2,0,0,0,0,0,0,0,0,0,0,0,0,2467602862159660137
layer,53,0,52,179,decode,38,8,8,0,0,0,184,0,0,0,0,34,12,4,0,0,0,0,0,0,81,lru,0,0,0,0,0,0,8,8,8,0,0,0,2,0,0,0,0,0,0,0,0,0,0,0,0,2335799178297498013
layer,53,0,52,179,decode,39,8,8,0,0,0,707,0,0,0,0,34,13,4,0,0,0,0,0,0,81,lru,0,0,0,0,0,0,8,8,8,0,0,0,2,0,0,0,0,0,0,0,0,0,0,0,0,7419078839763090196
request,53,0,52,0,decode,-1,0,0,0,0,0,0,0,0,0,0,0,0,0,0,0,0,0,0,0,0,,120832,749,0,0,34,0,0,0,0,0,0,0,0,0,0,0,0,0,0,0,0,0,0,0,0,0
layer,54,0,53,180,decode,0,8,6,2,0,633,205,1187,12,0,12,9739,16,4,0,0,0,0,0,0,81,lru,0,0,0,0,0,0,8,6,8,0,2,0,3,6,0,3801088,0,15,0,9209,3801088,3801088,0,0,0,16707879988680004561
layer,54,0,53,180,decode,1,8,6,2,0,683,208,1328,11,0,11,10453,13,6,0,0,0,0,0,0,81,lru,0,0,0,0,0,0,8,6,8,0,2,0,3,6,0,3801088,0,2,0,9884,3801088,3801088,0,0,0,17420920213437731599
layer,54,0,53,180,decode,2,8,5,3,0,941,180,1967,14,0,14,14508,14,7,0,0,0,0,0,0,81,lru,0,0,0,0,0,0,8,5,8,0,3,0,3,9,0,5701632,0,0,0,13837,5701632,5701632,0,0,0,6366258211103560951
layer,54,0,53,180,decode,3,8,6,2,0,575,210,1195,11,0,11,8867,14,6,0,0,0,0,0,0,81,lru,0,0,0,0,0,0,8,6,8,0,2,0,3,6,0,3801088,0,9,0,8387,3801088,3801088,0,0,0,9880001926921678760
layer,54,0,53,180,decode,4,8,5,3,0,832,211,1563,16,0,16,12507,12,9,0,0,0,0,0,0,81,lru,0,0,0,0,0,0,8,5,8,0,3,0,3,9,0,5701632,0,2,0,11965,5701632,5701632,0,0,0,3954194586176273950
layer,54,0,53,180,decode,5,8,4,4,0,1049,179,2141,18,0,18,11969,15,2,0,0,0,0,0,0,81,lru,0,0,0,0,0,0,8,4,8,0,4,0,5,12,0,7602176,0,13,0,11341,7602176,7602176,0,0,0,6635476445181693364
layer,54,0,53,180,decode,6,8,5,3,3824,708,182,1537,15,0,15,11082,13,6,0,0,0,0,0,0,81,lru,0,0,0,0,0,0,8,5,8,0,3,0,3,6,3,3801088,1900544,0,3826,6707,5701632,5701632,0,1900544,3,7660681907732134303
layer,54,0,53,180,decode,7,8,7,1,0,243,187,509,8,0,8,3039,14,6,0,0,0,0,0,0,81,lru,0,0,0,0,0,0,8,7,8,0,1,0,3,3,0,1900544,0,6,0,2779,1900544,1900544,0,0,0,10050529949519034157
layer,54,0,53,180,decode,8,8,5,3,10665,694,204,2148,15,0,15,12580,12,6,0,0,0,0,0,0,81,lru,0,0,0,0,0,0,8,5,8,0,3,0,2,0,9,0,5701632,16,10684,1349,5701632,5701632,0,5701632,9,8532659956405356540
layer,54,0,53,180,decode,9,8,6,2,0,425,205,990,11,0,11,5671,12,6,0,0,0,0,0,0,81,lru,0,0,0,0,0,0,8,6,8,0,2,0,2,6,0,3801088,0,11,0,5320,3801088,3801088,0,0,0,5252384187979679110
layer,54,0,53,180,decode,10,8,6,2,0,407,182,845,10,0,10,5147,14,7,0,0,0,0,0,0,81,lru,0,0,0,0,0,0,8,6,8,0,2,0,2,6,0,3801088,0,4,0,4818,3801088,3801088,0,0,0,11462473776967951003
layer,54,0,53,180,decode,11,8,6,2,0,398,211,874,11,0,11,5228,13,6,0,0,0,0,0,0,81,lru,0,0,0,0,0,0,8,6,8,0,2,0,2,6,0,3801088,0,5,0,4900,3801088,3801088,0,0,0,15134690188041513710
layer,54,0,53,180,decode,12,8,7,1,0,241,209,426,10,0,10,2673,12,12,0,0,0,0,0,0,81,lru,0,0,0,0,0,0,8,7,8,0,1,0,2,3,0,1900544,0,0,0,2406,1900544,1900544,0,0,0,7375177539817145322
layer,54,0,53,180,decode,13,8,5,3,10019,637,207,1905,14,0,14,11761,13,6,0,0,0,0,0,0,81,lru,0,0,0,0,0,0,8,5,8,0,3,0,2,0,9,0,5701632,14,10020,1218,5701632,5701632,0,5701632,9,2600918989233848299
layer,54,0,53,180,decode,14,8,6,2,3298,416,184,1060,12,0,12,6416,13,6,0,0,0,0,0,0,81,lru,0,0,0,0,0,0,8,6,8,0,2,0,2,3,3,1900544,1900544,1,3299,2761,3801088,3801088,0,1900544,3,11296481765359290304
layer,54,0,53,180,decode,15,8,5,3,3292,568,209,1536,15,0,15,8705,13,7,0,0,0,0,0,0,81,lru,0,0,0,0,0,0,8,5,8,0,3,0,2,6,3,3801088,1900544,9,3292,4986,5701632,5701632,0,1900544,3,8406588261607101205
layer,54,0,53,180,decode,16,8,6,2,3080,384,200,1039,13,0,13,5983,12,41,0,0,0,0,0,0,81,lru,0,0,0,0,0,0,8,6,8,0,2,0,3,3,3,1900544,1900544,0,3080,2577,3801088,3801088,0,1900544,3,9407213880374677858
layer,54,0,53,180,decode,17,8,8,0,0,0,204,0,0,0,0,38,14,4,0,0,0,0,0,0,81,lru,0,0,0,0,0,0,8,8,8,0,0,0,2,0,0,0,0,0,0,0,0,0,0,0,0,14731533340074152517
layer,54,0,53,180,decode,18,8,7,1,0,228,169,169,8,0,8,720,12,36,0,0,0,0,0,0,81,lru,0,0,0,0,0,0,8,7,8,0,1,0,1,3,0,1900544,0,1,0,514,1900544,1900544,0,0,0,1525965767086971319
layer,54,0,53,180,decode,19,8,8,0,0,0,202,0,0,0,0,18,8,1,0,0,0,0,0,0,81,lru,0,0,0,0,0,0,8,8,8,0,0,0,1,0,0,0,0,0,0,0,0,0,0,0,0,11882157351724453096
layer,54,0,53,180,decode,20,8,7,1,0,198,206,368,9,0,9,2337,13,7,0,0,0,0,0,0,81,lru,0,0,0,0,0,0,8,7,8,0,1,0,2,3,0,1900544,0,0,0,2126,1900544,1900544,0,0,0,13612496525235954721
layer,54,0,53,180,decode,21,8,7,1,0,205,207,465,8,0,8,2507,13,6,0,0,0,0,0,0,81,lru,0,0,0,0,0,0,8,7,8,0,1,0,3,3,0,1900544,0,0,0,2278,1900544,1900544,0,0,0,8428495947550684692
layer,54,0,53,180,decode,22,8,5,3,3297,602,181,1265,13,0,13,6875,14,6,0,0,0,0,0,0,81,lru,0,0,0,0,0,0,8,5,8,0,3,0,2,6,3,3801088,1900544,0,3298,3131,5701632,5701632,0,1900544,3,11544664870539734033
layer,54,0,53,180,decode,23,8,7,1,0,203,213,411,8,0,8,2451,12,6,0,0,0,0,0,0,81,lru,0,0,0,0,0,0,8,7,8,0,1,0,4,3,0,1900544,0,1,0,2233,1900544,1900544,0,0,0,8682248705232399243
layer,54,0,53,180,decode,24,8,7,1,3132,226,205,576,9,0,9,3734,13,43,0,0,0,0,0,0,81,lru,0,0,0,0,0,0,8,7,8,0,1,0,2,0,3,0,1900544,0,3134,364,1900544,1900544,0,1900544,3,5376302654297679231
layer,54,0,53,180,decode,25,8,4,4,0,779,205,1375,17,0,17,7781,13,6,0,0,0,0,0,0,81,lru,0,0,0,0,0,0,8,4,8,0,4,0,2,12,0,7602176,0,4,0,7264,7602176,7602176,0,0,0,11018690058568796095
layer,54,0,53,180,decode,26,8,7,1,0,225,184,254,8,0,8,714,13,6,0,0,0,0,0,0,81,lru,0,0,0,0,0,0,8,7,8,0,1,0,3,3,0,1900544,0,1,0,498,1900544,1900544,0,0,0,555261254390186333
layer,54,0,53,180,decode,27,8,7,1,0,208,212,456,8,0,8,2551,14,5,0,0,0,0,0,0,81,lru,0,0,0,0,0,0,8,7,8,0,1,0,2,3,0,1900544,0,0,0,2324,1900544,1900544,0,0,0,4889070749015043489
layer,54,0,53,180,decode,28,8,6,2,0,410,201,892,12,0,12,4935,13,39,0,0,0,0,0,0,81,lru,0,0,0,0,0,0,8,6,8,0,2,0,2,6,0,3801088,0,12,0,4602,3801088,3801088,0,0,0,17098749864447135822
layer,54,0,53,180,decode,29,8,8,0,0,0,206,0,0,0,0,37,13,4,0,0,0,0,0,0,81,lru,0,0,0,0,0,0,8,8,8,0,0,0,2,0,0,0,0,0,0,0,0,0,0,0,0,6687382832400804434
layer,54,0,53,180,decode,30,8,7,1,0,216,185,466,5,0,5,2490,13,6,0,0,0,0,0,0,81,lru,0,0,0,0,0,0,8,7,8,0,1,0,2,3,0,1900544,0,0,0,2270,1900544,1900544,0,0,0,4030037390301408495
layer,54,0,53,180,decode,31,8,7,1,0,212,208,178,8,0,8,731,14,6,0,0,0,0,0,0,81,lru,0,0,0,0,0,0,8,7,8,0,1,0,2,3,0,1900544,0,0,0,511,1900544,1900544,0,0,0,17416791922479044137
layer,54,0,53,180,decode,32,8,6,2,0,408,212,2677,10,0,10,5751,14,10,0,0,0,0,0,0,81,lru,0,0,0,0,0,0,8,6,8,0,2,0,2,6,0,3801088,0,4,0,4633,3801088,3801088,0,0,0,5040036889400254860
layer,54,0,53,180,decode,33,8,5,3,0,584,204,968,14,0,14,7299,14,6,0,0,0,0,0,0,81,lru,0,0,0,0,0,0,8,5,8,0,3,0,5,9,0,5701632,0,1,0,6878,5701632,5701632,0,0,0,2432065723031005779
layer,54,0,53,180,decode,34,8,7,1,3421,231,186,699,8,0,8,4070,13,6,0,0,0,0,0,0,81,lru,0,0,0,0,0,0,8,7,8,0,1,0,3,0,3,0,2039808,5,3425,403,2039808,2039808,0,2039808,3,2419507695171176989
layer,54,0,53,180,decode,35,8,8,0,0,0,210,0,0,0,0,37,14,4,0,0,0,0,0,0,81,lru,0,0,0,0,0,0,8,8,8,0,0,0,2,0,0,0,0,0,0,0,0,0,0,0,0,17629900850623935047
layer,54,0,53,180,decode,36,8,8,0,0,0,203,0,0,0,0,33,12,3,0,0,0,0,0,0,81,lru,0,0,0,0,0,0,8,8,8,0,0,0,2,0,0,0,0,0,0,0,0,0,0,0,0,6456074911911107717
layer,54,0,53,180,decode,37,8,8,0,0,0,207,0,0,0,0,35,12,5,0,0,0,0,0,0,81,lru,0,0,0,0,0,0,8,8,8,0,0,0,2,0,0,0,0,0,0,0,0,0,0,0,0,8374972141262713135
layer,54,0,53,180,decode,38,8,7,1,0,230,184,498,8,0,8,2858,12,6,0,0,0,0,0,0,81,lru,0,0,0,0,0,0,8,7,8,0,1,0,2,3,0,2039808,0,0,0,2624,2039808,2039808,0,0,0,14376949573837644247
layer,54,0,53,180,decode,39,8,8,0,0,0,703,0,0,0,0,36,14,4,0,0,0,0,0,0,81,lru,0,0,0,0,0,0,8,8,8,0,0,0,2,0,0,0,0,0,0,0,0,0,0,0,0,14145225831553965086
request,54,0,53,0,decode,-1,0,0,0,0,0,0,0,0,0,0,0,0,0,0,0,0,0,0,0,0,,214078,1127,0,0,38,0,0,0,0,0,0,0,0,0,0,0,0,0,0,0,0,0,0,0,0,0
layer,55,0,54,181,decode,0,8,8,0,0,0,203,0,0,0,0,37,14,4,0,0,0,0,0,0,81,lru,0,0,0,0,0,0,8,8,8,0,0,0,3,0,0,0,0,0,0,0,0,0,0,0,0,5671437701942704623
layer,55,0,54,181,decode,1,8,4,4,0,1054,211,2242,13,0,13,15327,12,7,0,0,0,0,0,0,81,lru,0,0,0,0,0,0,8,4,8,0,4,0,2,12,0,7602176,0,7,0,14598,7602176,7602176,0,0,0,8516642578381455517
layer,55,0,54,181,decode,2,8,5,3,4105,846,183,1678,14,0,14,9645,13,6,0,0,0,0,0,0,81,lru,0,0,0,0,0,0,8,5,8,0,3,0,4,6,3,3801088,1900544,2,4107,4897,5701632,5701632,0,1900544,3,3507931913130607112
layer,55,0,54,181,decode,3,8,6,2,0,503,214,1168,12,0,12,7054,14,44,0,0,0,0,0,0,81,lru,0,0,0,0,0,0,8,6,8,0,2,0,3,6,0,3801088,0,0,0,6698,3801088,3801088,0,0,0,15272020869384384800
layer,55,0,54,181,decode,4,8,7,1,0,259,204,545,8,0,8,3109,13,6,0,0,0,0,0,0,81,lru,0,0,0,0,0,0,8,7,8,0,1,0,2,3,0,1900544,0,0,0,2841,1900544,1900544,0,0,0,1510043604241484023
layer,55,0,54,181,decode,5,8,7,1,0,239,208,479,9,0,9,3286,12,6,0,0,0,0,0,0,81,lru,0,0,0,0,0,0,8,7,8,0,1,0,2,3,0,1900544,0,2,0,3041,1900544,1900544,0,0,0,14505327554428519704
layer,55,0,54,181,decode,6,8,7,1,0,230,183,504,8,0,8,3223,14,6,0,0,0,0,0,0,81,lru,0,0,0,0,0,0,8,7,8,0,1,0,2,3,0,1900544,0,0,0,3005,1900544,1900544,0,0,0,18368474900609962401
layer,55,0,54,181,decode,7,8,8,0,0,0,210,0,0,0,0,34,13,4,0,0,0,0,0,0,81,lru,0,0,0,0,0,0,8,8,8,0,0,0,2,0,0,0,0,0,0,0,0,0,0,0,0,7468653161776629509
layer,55,0,54,181,decode,8,8,7,1,0,261,203,506,8,0,8,3126,14,6,0,0,0,0,0,0,81,lru,0,0,0,0,0,0,8,7,8,0,1,0,2,3,0,1900544,0,0,0,2876,1900544,1900544,0,0,0,1700931433711494739
layer,55,0,54,181,decode,9,8,8,0,0,0,205,0,0,0,0,35,13,5,0,0,0,0,0,0,81,lru,0,0,0,0,0,0,8,8,8,0,0,0,2,0,0,0,0,0,0,0,0,0,0,0,0,12838345703652435997
layer,55,0,54,181,decode,10,8,7,1,0,244,183,496,8,0,8,3111,12,6,0,0,0,0,0,0,81,lru,0,0,0,0,0,0,8,7,8,0,1,0,2,3,0,1900544,0,0,0,2860,1900544,1900544,0,0,0,5837083384923275886
layer,55,0,54,181,decode,11,8,8,0,0,0,209,0,0,0,0,34,12,5,0,0,0,0,0,0,81,lru,0,0,0,0,0,0,8,8,8,0,0,0,2,0,0,0,0,0,0,0,0,0,0,0,0,9172333581485713163
layer,55,0,54,181,decode,12,8,6,2,0,485,203,1076,12,0,12,6415,13,5,0,0,0,0,0,0,81,lru,0,0,0,0,0,0,8,6,8,0,2,0,2,6,0,3801088,0,5,0,6041,3801088,3801088,0,0,0,3052382523096787371
layer,55,0,54,181,decode,13,8,5,3,0,734,207,1552,14,0,14,10361,13,6,0,0,0,0,0,0,81,lru,0,0,0,0,0,0,8,5,8,0,3,0,3,9,0,5701632,0,0,0,9844,5701632,5701632,0,0,0,9496723748551692722
layer,55,0,54,181,decode,14,8,7,1,0,245,185,516,8,0,8,3215,18,6,0,0,0,0,0,0,81,lru,0,0,0,0,0,0,8,7,8,0,1,0,3,3,0,1900544,0,0,0,2965,1900544,1900544,0,0,0,14038114622594487304
layer,55,0,54,181,decode,15,8,7,1,0,238,211,493,8,0,8,3012,13,6,0,0,0,0,0,0,81,lru,0,0,0,0,0,0,8,7,8,0,1,0,2,3,0,1900544,0,0,0,2778,1900544,1900544,0,0,0,13233733354920005443
layer,55,0,54,181,decode,16,8,4,4,3840,937,203,1936,18,0,18,13879,13,44,0,0,0,0,0,0,81,lru,0,0,0,0,0,0,8,4,8,0,4,0,2,9,3,5701632,1900544,0,3841,9359,7602176,7602176,0,1900544,3,6214878384990448402
layer,55,0,54,181,decode,17,8,6,2,0,448,207,921,12,0,12,6019,13,6,0,0,0,0,0,0,81,lru,0,0,0,0,0,0,8,6,8,0,2,0,3,6,0,3801088,0,6,0,5648,3801088,3801088,0,0,0,6867952441021052280
layer,55,0,54,181,decode,18,8,6,2,0,426,182,933,12,0,12,5605,13,5,0,0,0,0,0,0,81,lru,0,0,0,0,0,0,8,6,8,0,2,0,2,6,0,3801088,0,0,0,5254,3801088,3801088,0,0,0,14392301542278421718
layer,55,0,54,181,decode,19,8,7,1,0,238,211,522,8,0,8,2852,14,6,0,0,0,0,0,0,81,lru,0,0,0,0,0,0,8,7,8,0,1,0,2,3,0,1900544,0,1,0,2608,1900544,1900544,0,0,0,13445266390719370222
layer,55,0,54,181,decode,20,8,8,0,0,0,204,0,0,0,0,40,18,4,0,0,0,0,0,0,81,lru,0,0,0,0,0,0,8,8,8,0,0,0,2,0,0,0,0,0,0,0,0,0,0,0,0,8451307802148367739
layer,55,0,54,181,decode,21,8,8,0,0,0,206,0,0,0,0,35,12,4,0,0,0,0,0,0,81,lru,0,0,0,0,0,0,8,8,8,0,0,0,4,0,0,0,0,0,0,0,0,0,0,0,0,5746263435149764958
layer,55,0,54,181,decode,22,8,7,1,0,228,185,505,8,0,8,2765,13,6,0,0,0,0,0,0,81,lru,0,0,0,0,0,0,8,7,8,0,1,0,1,3,0,1900544,0,1,0,2540,1900544,1900544,0,0,0,10021907390877390115
layer,55,0,54,181,decode,23,8,8,0,0,0,207,0,0,0,0,35,14,4,0,0,0,0,0,0,81,lru,0,0,0,0,0,0,8,8,8,0,0,0,2,0,0,0,0,0,0,0,0,0,0,0,0,13653076457841749876
layer,55,0,54,181,decode,24,8,8,0,0,0,202,0,0,0,0,34,13,5,0,0,0,0,0,0,81,lru,0,0,0,0,0,0,8,8,8,0,0,0,1,0,0,0,0,0,0,0,0,0,0,0,0,14857022005946142611
layer,55,0,54,181,decode,25,8,8,0,0,0,206,0,0,0,0,36,13,4,0,0,0,0,0,0,81,lru,0,0,0,0,0,0,8,8,8,0,0,0,2,0,0,0,0,0,0,0,0,0,0,0,0,8386885969165644235
layer,55,0,54,181,decode,26,8,8,0,0,0,184,0,0,0,0,35,12,4,0,0,0,0,0,0,81,lru,0,0,0,0,0,0,8,8,8,0,0,0,2,0,0,0,0,0,0,0,0,0,0,0,0,1541790577588566871
layer,55,0,54,181,decode,27,8,7,1,0,216,213,518,9,0,9,2976,12,6,0,0,0,0,0,0,81,lru,0,0,0,0,0,0,8,7,8,0,1,0,2,3,0,1900544,0,0,0,2758,1900544,1900544,0,0,0,12302828226299132267
layer,55,0,54,181,decode,28,8,7,1,3568,256,205,787,7,0,7,4283,14,6,0,0,0,0,0,0,81,lru,0,0,0,0,0,0,8,7,8,0,1,0,2,0,3,0,1900544,1,3573,442,1900544,1900544,0,1900544,3,282310647707080034
layer,55,0,54,181,decode,29,8,8,0,0,0,204,0,0,0,0,34,13,4,0,0,0,0,0,0,81,lru,0,0,0,0,0,0,8,8,8,0,0,0,2,0,0,0,0,0,0,0,0,0,0,0,0,7621106880327351718
layer,55,0,54,181,decode,30,8,6,2,0,502,191,2720,9,0,9,6167,13,9,0,0,0,0,0,0,81,lru,0,0,0,0,0,0,8,6,8,0,2,0,0,6,0,3801088,0,0,0,5694,3801088,3801088,0,0,0,4816836146106234845
layer,55,0,54,181,decode,31,8,6,2,0,487,198,1015,14,0,14,6419,14,4,0,0,0,0,0,0,81,lru,0,0,0,0,0,0,8,6,8,0,2,0,6,6,0,3801088,0,0,0,6048,3801088,3801088,0,0,0,13113807273803453119
layer,55,0,54,181,decode,32,8,7,1,0,261,204,545,9,0,9,3264,14,7,0,0,0,0,0,0,81,lru,0,0,0,0,0,0,8,7,8,0,1,0,3,3,0,1900544,0,0,0,2978,1900544,1900544,0,0,0,13897373884287992985
layer,55,0,54,181,decode,33,8,8,0,0,0,207,0,0,0,0,36,13,5,0,0,0,0,0,0,81,lru,0,0,0,0,0,0,8,8,8,0,0,0,2,0,0,0,0,0,0,0,0,0,0,0,0,14507915533006780047
layer,55,0,54,181,decode,34,8,8,0,0,0,182,0,0,0,0,36,12,4,0,0,0,0,0,0,81,lru,0,0,0,0,0,0,8,8,8,0,0,0,2,0,0,0,0,0,0,0,0,0,0,0,0,5682270970308124015
layer,55,0,54,181,decode,35,8,7,1,0,234,211,488,8,0,8,3160,13,5,0,0,0,0,0,0,81,lru,0,0,0,0,0,0,8,7,8,0,1,0,2,3,0,1900544,0,0,0,2923,1900544,1900544,0,0,0,11697202936999853418
layer,55,0,54,181,decode,36,8,8,0,0,0,201,0,0,0,0,34,13,4,0,0,0,0,0,0,81,lru,0,0,0,0,0,0,8,8,8,0,0,0,2,0,0,0,0,0,0,0,0,0,0,0,0,10541342016496961848
layer,55,0,54,181,decode,37,8,8,0,0,0,208,0,0,0,0,33,12,4,0,0,0,0,0,0,81,lru,0,0,0,0,0,0,8,8,8,0,0,0,2,0,0,0,0,0,0,0,0,0,0,0,0,4624009813937689090
layer,55,0,54,181,decode,38,8,7,1,0,258,184,561,7,0,7,3451,12,6,0,0,0,0,0,0,81,lru,0,0,0,0,0,0,8,7,8,0,1,0,2,3,0,2039808,0,0,0,3204,2039808,2039808,0,0,0,309449759336603066
layer,55,0,54,181,decode,39,8,8,0,0,0,701,0,0,0,0,36,15,4,0,0,0,0,0,0,81,lru,0,0,0,0,0,0,8,8,8,0,0,0,2,0,0,0,0,0,0,0,0,0,0,0,0,14990701480784667573
request,55,0,54,0,decode,-1,0,0,0,0,0,0,0,0,0,0,0,0,0,0,0,0,0,0,0,0,,141673,771,0,0,30,0,0,0,0,0,0,0,0,0,0,0,0,0,0,0,0,0,0,0,0,0
layer,56,0,55,182,decode,0,8,5,3,4232,810,205,1700,14,0,14,12803,15,6,0,0,0,0,0,0,81,lru,0,0,0,0,0,0,8,5,8,0,3,0,2,6,3,3801088,1900544,11,4233,7965,5701632,5701632,0,1900544,3,15693369991435434553
layer,56,0,55,182,decode,1,8,5,3,0,771,207,1643,15,0,15,11042,13,6,0,0,0,0,0,0,81,lru,0,0,0,0,0,0,8,5,8,0,3,0,2,9,0,5701632,0,7,0,10465,5701632,5701632,0,0,0,6244897861512613812
layer,56,0,55,182,decode,2,8,6,2,3740,498,183,1158,10,0,10,7996,13,5,0,0,0,0,0,0,81,lru,0,0,0,0,0,0,8,6,8,0,2,0,4,3,3,1900544,1900544,0,3740,3861,3801088,3801088,0,1900544,3,18403043064288002985
layer,56,0,55,182,decode,3,8,6,2,0,511,210,712,12,0,12,4129,14,6,0,0,0,0,0,0,81,lru,0,0,0,0,0,0,8,6,8,0,2,0,2,6,0,3801088,0,12,0,3741,3801088,3801088,0,0,0,4987602655223407300
layer,56,0,55,182,decode,4,8,7,1,0,235,204,481,8,0,8,3051,13,6,0,0,0,0,0,0,81,lru,0,0,0,0,0,0,8,7,8,0,1,0,2,3,0,1900544,0,0,0,2799,1900544,1900544,0,0,0,2752510790526379343
layer,56,0,55,182,decode,5,8,7,1,0,236,209,506,8,0,8,3137,14,6,0,0,0,0,0,0,81,lru,0,0,0,0,0,0,8,7,8,0,1,0,2,3,0,1900544,0,1,0,2901,1900544,1900544,0,0,0,7094966701926468694
layer,56,0,55,182,decode,6,8,7,1,0,228,185,433,8,0,8,3398,14,7,0,0,0,0,0,0,81,lru,0,0,0,0,0,0,8,7,8,0,1,0,2,3,0,1900544,0,1,0,3162,1900544,1900544,0,0,0,5786396853154155474
layer,56,0,55,182,decode,7,8,6,2,0,465,209,878,12,0,12,6161,12,5,0,0,0,0,0,0,81,lru,0,0,0,0,0,0,8,6,8,0,2,0,2,6,0,3801088,0,0,0,5806,3801088,3801088,0,0,0,15304646124368539093
layer,56,0,55,182,decode,8,8,8,0,0,0,201,0,0,0,0,35,12,4,0,0,0,0,0,0,81,lru,0,0,0,0,0,0,8,8,8,0,0,0,2,0,0,0,0,0,0,0,0,0,0,0,0,14506500668583663882
layer,56,0,55,182,decode,9,8,7,1,0,250,207,399,7,0,7,2748,13,6,0,0,0,0,0,0,81,lru,0,0,0,0,0,0,8,7,8,0,1,0,2,3,0,1900544,0,2,0,2497,1900544,1900544,0,0,0,9359297553567934243
layer,56,0,55,182,decode,10,8,7,1,0,262,185,216,8,0,8,858,14,6,0,0,0,0,0,0,81,lru,0,0,0,0,0,0,8,7,8,0,1,0,2,3,0,1900544,0,0,0,631,1900544,1900544,0,0,0,11296314451864187019
layer,56,0,55,182,decode,11,8,7,1,0,233,209,537,9,0,9,3468,13,6,0,0,0,0,0,0,81,lru,0,0,0,0,0,0,8,7,8,0,1,0,2,3,0,1900544,0,0,0,3220,1900544,1900544,0,0,0,12566591116392487280
layer,56,0,55,182,decode,12,8,8,0,0,0,202,0,0,0,0,35,13,4,0,0,0,0,0,0,81,lru,0,0,0,0,0,0,8,8,8,0,0,0,2,0,0,0,0,0,0,0,0,0,0,0,0,1250178649606561399
layer,56,0,55,182,decode,13,8,8,0,0,0,201,0,0,0,0,32,12,4,0,0,0,0,0,0,81,lru,0,0,0,0,0,0,8,8,8,0,0,0,1,0,0,0,0,0,0,0,0,0,0,0,0,1276946453328979491
layer,56,0,55,182,decode,14,8,7,1,0,243,182,426,8,0,8,3144,12,6,0,0,0,0,0,0,81,lru,0,0,0,0,0,0,8,7,8,0,1,0,1,3,0,1900544,0,0,0,2901,1900544,1900544,0,0,0,16864240182264547252
layer,56,0,55,182,decode,15,8,8,0,0,0,207,0,0,0,0,37,14,4,0,0,0,0,0,0,81,lru,0,0,0,0,0,0,8,8,8,0,0,0,2,0,0,0,0,0,0,0,0,0,0,0,0,11473344464379609821
layer,56,0,55,182,decode,16,8,7,1,0,317,204,352,8,0,8,982,13,6,0,0,0,0,0,0,81,lru,0,0,0,0,0,0,8,7,8,0,1,0,2,3,0,1900544,0,0,0,702,1900544,1900544,0,0,0,13877704602932880999
layer,56,0,55,182,decode,17,8,6,2,0,513,206,1319,12,0,12,7516,14,6,0,0,0,0,0,0,81,lru,0,0,0,0,0,0,8,6,8,0,2,0,2,6,0,3801088,0,0,0,7114,3801088,3801088,0,0,0,11815644933858479612
layer,56,0,55,182,decode,18,8,8,0,0,0,162,0,0,0,0,37,14,4,0,0,0,0,0,0,81,lru,0,0,0,0,0,0,8,8,8,0,0,0,3,0,0,0,0,0,0,0,0,0,0,0,0,9518925891905123000
layer,56,0,55,182,decode,19,8,7,1,4031,269,211,750,8,0,8,4864,12,5,0,0,0,0,0,0,81,lru,0,0,0,0,0,0,8,7,8,0,1,0,2,0,3,0,1900544,2,4032,556,1900544,1900544,0,1900544,3,8160706483666463510
layer,56,0,55,182,decode,20,8,7,1,0,280,205,631,11,0,11,3515,14,6,0,0,0,0,0,0,81,lru,0,0,0,0,0,0,8,7,8,0,1,0,2,3,0,1900544,0,0,0,3226,1900544,1900544,0,0,0,12483713468890799993
layer,56,0,55,182,decode,21,8,7,1,0,269,206,485,8,0,8,3398,13,5,0,0,0,0,0,0,81,lru,0,0,0,0,0,0,8,7,8,0,1,0,2,3,0,1900544,0,0,0,3144,1900544,1900544,0,0,0,2937802724400801648
layer,56,0,55,182,decode,22,8,6,2,0,599,180,542,12,0,12,1835,12,5,0,0,0,0,0,0,81,lru,0,0,0,0,0,0,8,6,8,0,2,0,1,6,0,3801088,0,2,0,1385,3801088,3801088,0,0,0,13018314275169911490
layer,56,0,55,182,decode,23,8,7,1,0,268,211,663,9,0,9,4086,13,6,0,0,0,0,0,0,81,lru,0,0,0,0,0,0,8,7,8,0,1,0,2,3,0,1900544,0,2,0,3810,1900544,1900544,0,0,0,7008274678225270040
layer,56,0,55,182,decode,24,8,7,1,0,286,206,629,9,0,9,4018,13,37,0,0,0,0,0,0,81,lru,0,0,0,0,0,0,8,7,8,0,1,0,2,3,0,1900544,0,0,0,3744,1900544,1900544,0,0,0,4409825580722110328
layer,56,0,55,182,decode,25,8,7,1,0,269,207,608,8,0,8,3471,14,6,0,0,0,0,0,0,81,lru,0,0,0,0,0,0,8,7,8,0,1,0,2,3,0,1900544,0,2,0,3205,1900544,1900544,0,0,0,7324749037054727120
layer,56,0,55,182,decode,26,8,7,1,0,304,182,256,8,0,8,959,13,6,0,0,0,0,0,0,81,lru,0,0,0,0,0,0,8,7,8,0,1,0,2,3,0,1900544,0,2,0,685,1900544,1900544,0,0,0,7529080602356017622
layer,56,0,55,182,decode,27,8,8,0,0,0,208,0,0,0,0,35,14,4,0,0,0,0,0,0,81,lru,0,0,0,0,0,0,8,8,8,0,0,0,2,0,0,0,0,0,0,0,0,0,0,0,0,6254715286940683483
layer,56,0,55,182,decode,28,8,8,0,0,0,201,0,0,0,0,34,12,4,0,0,0,0,0,0,81,lru,0,0,0,0,0,0,8,8,8,0,0,0,2,0,0,0,0,0,0,0,0,0,0,0,0,14257734090045502421
layer,56,0,55,182,decode,29,8,7,1,0,306,207,325,8,0,8,960,12,7,0,0,0,0,0,0,81,lru,0,0,0,0,0,0,8,7,8,0,1,0,2,3,0,1900544,0,2,0,700,1900544,1900544,0,0,0,8207606049351971962
layer,56,0,55,182,decode,30,8,8,0,0,0,179,0,0,0,0,35,13,5,0,0,0,0,0,0,81,lru,0,0,0,0,0,0,8,8,8,0,0,0,2,0,0,0,0,0,0,0,0,0,0,0,0,13468330260034999436
layer,56,0,55,182,decode,31,8,7,1,4375,279,208,789,8,0,8,5273,12,6,0,0,0,0,0,0,81,lru,0,0,0,0,0,0,8,7,8,0,1,0,2,0,3,0,1900544,7,4379,605,1900544,1900544,0,1900544,3,9694836302058846786
layer,56,0,55,182,decode,32,8,5,3,0,810,215,3498,15,0,15,12052,14,10,0,0,0,0,0,0,81,lru,0,0,0,0,0,0,8,5,8,0,3,0,2,9,0,5701632,0,0,0,11497,5701632,5701632,0,0,0,11840234706071262569
layer,56,0,55,182,decode,33,8,8,0,0,0,207,0,0,0,0,45,15,5,0,0,0,0,0,0,81,lru,0,0,0,0,0,0,8,8,8,0,0,0,7,0,0,0,0,0,0,0,0,0,0,0,0,18401890814336216833
layer,56,0,55,182,decode,34,8,7,1,0,276,183,480,9,0,9,3697,13,7,0,0,0,0,0,0,81,lru,0,0,0,0,0,0,8,7,8,0,1,0,3,3,0,2039808,0,0,0,3436,2039808,2039808,0,0,0,7322262234778892868
layer,56,0,55,182,decode,35,8,8,0,0,0,208,0,0,0,0,38,14,4,0,0,0,0,0,0,81,lru,0,0,0,0,0,0,8,8,8,0,0,0,2,0,0,0,0,0,0,0,0,0,0,0,0,2331498781762299903
layer,56,0,55,182,decode,36,8,6,2,0,517,204,1162,12,0,12,7473,13,5,0,0,0,0,0,0,81,lru,0,0,0,0,0,0,8,6,8,0,2,0,2,6,0,3801088,0,0,0,7077,3801088,3801088,0,0,0,17863887459134317340
layer,56,0,55,182,decode,37,8,8,0,0,0,207,0,0,0,0,35,13,4,0,0,0,0,0,0,81,lru,0,0,0,0,0,0,8,8,8,0,0,0,3,0,0,0,0,0,0,0,0,0,0,0,0,17560600480339608686
layer,56,0,55,182,decode,38,8,7,1,0,290,174,634,8,0,8,3835,12,5,0,0,0,0,0,0,81,lru,0,0,0,0,0,0,8,7,8,0,1,0,2,3,0,2039808,0,2,0,3557,2039808,2039808,0,0,0,14801742134999877174
layer,56,0,55,182,decode,39,8,8,0,0,0,706,0,0,0,0,36,14,4,0,0,0,0,0,0,81,lru,0,0,0,0,0,0,8,8,8,0,0,0,2,0,0,0,0,0,0,0,0,0,0,0,0,10918903639962323051
request,56,0,55,0,decode,-1,0,0,0,0,0,0,0,0,0,0,0,0,0,0,0,0,0,0,0,0,,139784,877,0,0,34,0,0,0,0,0,0,0,0,0,0,0,0,0,0,0,0,0,0,0,0,0
layer,57,0,56,183,decode,0,8,6,2,0,548,208,1177,14,0,14,6973,16,7,0,0,0,0,0,0,81,lru,0,0,0,0,0,0,8,6,8,0,2,0,2,6,0,3801088,0,11,0,6493,3801088,3801088,0,0,0,12275736424996694888
layer,57,0,56,183,decode,1,8,8,0,0,0,207,0,0,0,0,38,12,5,0,0,0,0,0,0,81,lru,0,0,0,0,0,0,8,8,8,0,0,0,3,0,0,0,0,0,0,0,0,0,0,0,0,2628438270936421490
layer,57,0,56,183,decode,2,8,2,6,13432,1749,182,3873,17,0,17,26332,12,7,0,0,0,0,0,0,81,lru,0,0,0,0,0,0,8,2,8,0,6,0,2,9,9,5701632,5701632,20,13439,11741,11403264,11403264,0,5701632,9,7500950176712217611
layer,57,0,56,183,decode,3,8,6,2,0,520,215,1247,14,0,14,7648,14,7,0,0,0,0,0,0,81,lru,0,0,0,0,0,0,8,6,8,0,2,0,3,6,0,3801088,0,2,0,7227,3801088,3801088,0,0,0,10452936741457912530
layer,57,0,56,183,decode,4,8,6,2,0,532,207,1141,12,0,12,7083,13,8,0,0,0,0,0,0,81,lru,0,0,0,0,0,0,8,6,8,0,2,0,2,6,0,3801088,0,0,0,6686,3801088,3801088,0,0,0,14568036820450305867
layer,57,0,56,183,decode,5,8,6,2,3852,479,210,1193,12,0,12,7685,14,6,0,0,0,0,0,0,81,lru,0,0,0,0,0,0,8,6,8,0,2,0,2,3,3,1900544,1900544,7,3855,3431,3801088,3801088,0,1900544,3,2639761137352548251
layer,57,0,56,183,decode,6,8,8,0,0,0,185,0,0,0,0,36,13,5,0,0,0,0,0,0,81,lru,0,0,0,0,0,0,8,8,8,0,0,0,2,0,0,0,0,0,0,0,0,0,0,0,0,4200416392379480539
layer,57,0,56,183,decode,7,8,8,0,0,0,212,0,0,0,0,36,13,5,0,0,0,0,0,0,81,lru,0,0,0,0,0,0,8,8,8,0,0,0,2,0,0,0,0,0,0,0,0,0,0,0,0,16982642120430566328
layer,57,0,56,183,decode,8,8,8,0,0,0,206,0,0,0,0,33,13,4,0,0,0,0,0,0,81,lru,0,0,0,0,0,0,8,8,8,0,0,0,2,0,0,0,0,0,0,0,0,0,0,0,0,17772419260077524469
layer,57,0,56,183,decode,9,8,8,0,0,0,205,0,0,0,0,35,12,5,0,0,0,0,0,0,81,lru,0,0,0,0,0,0,8,8,8,0,0,0,2,0,0,0,0,0,0,0,0,0,0,0,0,12988313394495945573
layer,57,0,56,183,decode,10,8,6,2,0,523,168,1106,12,0,12,7191,12,24,0,0,0,0,0,0,81,lru,0,0,0,0,0,0,8,6,8,0,2,0,2,6,0,3801088,0,0,0,6818,3801088,3801088,0,0,0,11575229507300793603
layer,57,0,56,183,decode,11,8,6,2,0,481,211,1146,25,0,25,7172,14,7,0,0,0,0,0,0,81,lru,0,0,0,0,0,0,8,6,8,0,2,0,2,6,0,3801088,0,1,0,6775,3801088,3801088,0,0,0,4967645767684495764
layer,57,0,56,183,decode,12,8,8,0,0,0,203,0,0,0,0,37,15,5,0,0,0,0,0,0,81,lru,0,0,0,0,0,0,8,8,8,0,0,0,3,0,0,0,0,0,0,0,0,0,0,0,0,7298949009547179609
layer,57,0,56,183,decode,13,8,7,1,3729,276,207,680,8,0,8,4513,12,7,0,0,0,0,0,0,81,lru,0,0,0,0,0,0,8,7,8,0,1,0,2,0,3,0,1900544,0,3731,488,1900544,1900544,0,1900544,3,17701351079694387022
layer,57,0,56,183,decode,14,8,7,1,3778,268,186,679,8,0,8,4544,13,6,0,0,0,0,0,0,81,lru,0,0,0,0,0,0,8,7,8,0,1,0,2,0,3,0,1900544,1,3778,480,1900544,1900544,0,1900544,3,18002855809631103623
layer,57,0,56,183,decode,15,8,8,0,0,0,201,0,0,0,0,37,14,5,0,0,0,0,0,0,81,lru,0,0,0,0,0,0,8,8,8,0,0,0,2,0,0,0,0,0,0,0,0,0,0,0,0,2015431081933720528
layer,57,0,56,183,decode,16,8,7,1,3926,276,206,713,8,0,8,4709,14,6,0,0,0,0,0,0,81,lru,0,0,0,0,0,0,8,7,8,0,1,0,2,0,3,0,1900544,0,3926,498,1900544,1900544,0,1900544,3,1715297919922146538
layer,57,0,56,183,decode,17,8,7,1,0,240,207,291,8,0,8,2085,13,6,0,0,0,0,0,0,81,lru,0,0,0,0,0,0,8,7,8,0,1,0,2,3,0,1900544,0,0,0,1847,1900544,1900544,0,0,0,838041709500209919
layer,57,0,56,183,decode,18,8,5,3,0,751,165,1007,15,0,15,6515,13,15,0,0,0,0,0,0,81,lru,0,0,0,0,0,0,8,5,8,0,3,0,2,9,0,5701632,0,6,0,6026,5701632,5701632,0,0,0,123882322326142049
layer,57,0,56,183,decode,19,8,8,0,0,0,179,0,0,0,0,19,8,2,0,0,0,0,0,0,81,lru,0,0,0,0,0,0,8,8,8,0,0,0,1,0,0,0,0,0,0,0,0,0,0,0,0,2383586646861562948
layer,57,0,56,183,decode,20,8,6,2,0,440,204,443,5,0,5,3393,7,7,0,0,0,0,0,0,81,lru,0,0,0,0,0,0,8,6,8,0,2,0,1,6,0,3801088,0,0,0,3145,3801088,3801088,0,0,0,10040515320099057858
layer,57,0,56,183,decode,21,8,7,1,3184,267,168,512,8,0,8,3801,13,9,0,0,0,0,0,0,81,lru,0,0,0,0,0,0,8,7,8,0,1,0,2,0,3,0,1900544,1,3186,379,1900544,1900544,0,1900544,3,10334577245313939141
layer,57,0,56,183,decode,22,8,7,1,0,248,150,129,3,0,3,1632,7,17,0,0,0,0,0,0,81,lru,0,0,0,0,0,0,8,7,8,0,1,0,1,3,0,1900544,0,0,0,1479,1900544,1900544,0,0,0,15082807081549557914
layer,57,0,56,183,decode,23,8,4,4,3554,980,180,1646,11,0,11,9660,9,5,0,0,0,0,0,0,81,lru,0,0,0,0,0,0,8,4,8,0,4,0,1,9,3,5701632,1900544,0,3554,5526,7602176,7602176,0,1900544,3,1651257249083889685
layer,57,0,56,183,decode,24,8,7,1,3406,317,214,2774,6,0,6,5337,8,35,0,0,0,0,0,0,81,lru,0,0,0,0,0,0,8,7,8,0,1,0,1,0,3,0,1900544,0,3406,513,1900544,1900544,0,1900544,3,13657402518683546340
layer,57,0,56,183,decode,25,8,6,2,3455,494,207,974,13,0,13,6826,8,6,0,0,0,0,0,0,81,lru,0,0,0,0,0,0,8,6,8,0,2,0,2,3,3,1900544,1900544,1,3455,3031,3801088,3801088,0,1900544,3,11671726304391146406
layer,57,0,56,183,decode,26,8,7,1,0,282,151,511,8,0,8,3455,12,10,0,0,0,0,0,0,81,lru,0,0,0,0,0,0,8,7,8,0,1,0,3,3,0,1900544,0,0,0,3186,1900544,1900544,0,0,0,17097771613050366628
layer,57,0,56,183,decode,27,8,6,2,3178,480,167,844,6,0,6,6160,7,14,0,0,0,0,0,0,81,lru,0,0,0,0,0,0,8,6,8,0,2,0,1,3,3,1900544,1900544,2,3180,2642,3801088,3801088,0,1900544,3,151260088762934254
layer,57,0,56,183,decode,28,8,7,1,0,263,203,199,8,0,8,612,7,6,0,0,0,0,0,0,81,lru,0,0,0,0,0,0,8,7,8,0,1,0,3,3,0,1900544,0,0,0,413,1900544,1900544,0,0,0,3311798537784740945
layer,57,0,56,183,decode,29,8,4,4,3826,949,166,1756,19,0,19,13211,13,12,0,0,0,0,0,0,81,lru,0,0,0,0,0,0,8,4,8,0,4,0,3,9,3,5701632,1900544,0,3829,8747,7602176,7602176,0,1900544,3,15536712633811936510
layer,57,0,56,183,decode,30,8,4,4,3503,840,146,1642,5,0,5,11268,7,7,0,0,0,0,0,0,81,lru,0,0,0,0,0,0,8,4,8,0,4,0,1,9,3,5701632,1900544,3,3505,7201,7602176,7602176,0,1900544,3,6480224995876600189
layer,57,0,56,183,decode,31,8,5,3,2982,598,207,1089,4,0,4,7655,6,6,0,0,0,0,0,0,81,lru,0,0,0,0,0,0,8,5,8,0,3,0,1,6,3,3801088,1900544,9,2985,4303,5701632,5701632,0,1900544,3,17533288920491372679
layer,57,0,56,183,decode,32,8,6,2,2850,419,201,846,4,0,4,5849,7,7,0,0,0,0,0,0,81,lru,0,0,0,0,0,0,8,6,8,0,2,0,1,3,3,1900544,1900544,4,2851,2684,3801088,3801088,0,1900544,3,12421380012285484720
layer,57,0,56,183,decode,33,8,7,1,0,216,187,207,8,0,8,1749,13,30,0,0,0,0,0,0,81,lru,0,0,0,0,0,0,8,7,8,0,1,0,3,3,0,1900544,0,0,0,1560,1900544,1900544,0,0,0,15386918474132921357
layer,57,0,56,183,decode,34,8,6,2,0,406,173,385,4,0,4,3595,7,4,0,0,0,0,0,0,81,lru,0,0,0,0,0,0,8,6,8,0,2,0,1,6,0,4079616,0,4,0,3357,4079616,4079616,0,0,0,16351756159662799001
layer,57,0,56,183,decode,35,8,8,0,0,0,204,0,0,0,0,40,14,5,0,0,0,0,0,0,81,lru,0,0,0,0,0,0,8,8,8,0,0,0,2,0,0,0,0,0,0,0,0,0,0,0,0,1561900554804364155
layer,57,0,56,183,decode,36,8,8,0,0,0,173,0,0,0,0,15,6,1,0,0,0,0,0,0,81,lru,0,0,0,0,0,0,8,8,8,0,0,0,0,0,0,0,0,0,0,0,0,0,0,0,0,3689425455738321728
layer,57,0,56,183,decode,37,8,8,0,0,0,178,0,0,0,0,15,6,2,0,0,0,0,0,0,81,lru,0,0,0,0,0,0,8,8,8,0,0,0,0,0,0,0,0,0,0,0,0,0,0,0,0,751323653863833518
layer,57,0,56,183,decode,38,8,8,0,0,0,171,0,0,0,0,21,9,1,0,0,0,0,0,0,81,lru,0,0,0,0,0,0,8,8,8,0,0,0,2,0,0,0,0,0,0,0,0,0,0,0,0,15900085274985712526
layer,57,0,56,183,decode,39,8,7,1,0,232,688,195,4,0,4,2007,7,6,0,0,0,0,0,0,81,lru,0,0,0,0,0,0,8,7,8,0,1,0,0,3,0,2039808,0,5,0,1824,2039808,2039808,0,0,0,13441583826619074590
request,57,0,56,0,decode,-1,0,0,0,0,0,0,0,0,0,0,0,0,0,0,0,0,0,0,0,0,,187833,496,0,0,32,0,0,0,0,0,0,0,0,0,0,0,0,0,0,0,0,0,0,0,0,0
layer,58,0,57,184,decode,0,8,7,1,1668,216,204,210,4,0,4,2124,8,7,0,0,0,0,0,0,81,lru,0,0,0,0,0,0,8,7,8,0,1,0,1,0,3,0,1900544,0,1669,257,1900544,1900544,0,1900544,3,15318858185666821098
layer,58,0,57,184,decode,1,8,5,3,7222,703,178,671,5,0,5,8301,8,3,0,0,0,0,0,0,81,lru,0,0,0,0,0,0,8,5,8,0,3,0,1,3,6,1900544,3801088,0,7224,771,5701632,5701632,0,3801088,6,4961612171716095723
layer,58,0,57,184,decode,2,8,2,6,0,1346,152,655,6,0,6,8842,7,9,0,0,0,0,0,0,81,lru,0,0,0,0,0,0,8,2,8,0,6,0,1,18,0,11403264,0,0,0,8371,11403264,11403264,0,0,0,17920034836463442296
layer,58,0,57,184,decode,3,8,5,3,3738,671,161,317,4,0,4,5741,7,12,0,0,0,0,0,0,81,lru,0,0,0,0,0,0,8,5,8,0,3,0,1,3,6,1900544,3801088,0,3739,1710,5701632,5701632,0,3801088,6,5357023717669872984
layer,58,0,57,184,decode,4,8,4,4,1743,872,152,506,4,0,4,6444,8,13,0,0,0,0,0,0,81,lru,0,0,0,0,0,0,8,4,8,0,4,0,1,9,3,5701632,1900544,0,1744,4333,7602176,7602176,0,1900544,3,10579580086438101258
layer,58,0,57,184,decode,5,8,8,0,0,0,178,0,0,0,0,19,8,2,0,0,0,0,0,0,81,lru,0,0,0,0,0,0,8,8,8,0,0,0,1,0,0,0,0,0,0,0,0,0,0,0,0,7871426980622223162
layer,58,0,57,184,decode,6,8,8,0,0,0,156,0,0,0,0,16,7,2,0,0,0,0,0,0,81,lru,0,0,0,0,0,0,8,8,8,0,0,0,1,0,0,0,0,0,0,0,0,0,0,0,0,15939503741772149248
layer,58,0,57,184,decode,7,8,6,2,1994,459,159,290,4,0,4,3754,6,13,0,0,0,0,0,0,81,lru,0,0,0,0,0,0,8,6,8,0,2,0,0,3,3,1900544,1900544,0,1994,1530,3801088,3801088,0,1900544,3,16282291820912476002
layer,58,0,57,184,decode,8,8,8,0,0,0,173,0,0,0,0,18,7,1,0,0,0,0,0,0,81,lru,0,0,0,0,0,0,8,8,8,0,0,0,1,0,0,0,0,0,0,0,0,0,0,0,0,13323645357350654300
layer,58,0,57,184,decode,9,8,8,0,0,0,176,0,0,0,0,16,7,2,0,0,0,0,0,0,81,lru,0,0,0,0,0,0,8,8,8,0,0,0,0,0,0,0,0,0,0,0,0,0,0,0,0,2750695329243398759
layer,58,0,57,184,decode,10,8,7,1,1888,252,142,162,3,0,3,2270,7,8,0,0,0,0,0,0,81,lru,0,0,0,0,0,0,8,7,8,0,1,0,1,0,3,0,1900544,0,1888,200,1900544,1900544,0,1900544,3,11636672629881501110
layer,58,0,57,184,decode,11,8,7,1,0,239,174,123,3,0,3,1526,7,13,0,0,0,0,0,0,81,lru,0,0,0,0,0,0,8,7,8,0,1,0,1,3,0,1900544,0,0,0,1355,1900544,1900544,0,0,0,3974006844689864140
layer,58,0,57,184,decode,12,8,6,2,1869,456,163,178,4,0,4,3643,7,21,0,0,0,0,0,0,81,lru,0,0,0,0,0,0,8,6,8,0,2,0,1,3,3,1900544,1900544,0,1869,1529,3801088,3801088,0,1900544,3,15807417233632892811
layer,58,0,57,184,decode,13,8,4,4,1816,864,167,474,4,0,4,6381,7,8,0,0,0,0,0,0,81,lru,0,0,0,0,0,0,8,4,8,0,4,0,1,9,3,5701632,1900544,0,1817,4209,7602176,7602176,0,1900544,3,14299721934779123068
layer,58,0,57,184,decode,14,8,8,0,0,0,157,0,0,0,0,17,7,1,0,0,0,0,0,0,81,lru,0,0,0,0,0,0,8,8,8,0,0,0,1,0,0,0,0,0,0,0,0,0,0,0,0,1189638674882073053
layer,58,0,57,184,decode,15,8,8,0,0,0,183,0,0,0,0,16,7,1,0,0,0,0,0,0,81,lru,0,0,0,0,0,0,8,8,8,0,0,0,1,0,0,0,0,0,0,0,0,0,0,0,0,1330968994794800615
layer,58,0,57,184,decode,16,8,7,1,0,223,174,129,3,0,3,1481,6,2,0,0,0,0,0,0,81,lru,0,0,0,0,0,0,8,7,8,0,1,0,0,3,0,1900544,0,0,0,1298,1900544,1900544,0,0,0,2825679779286434335
layer,58,0,57,184,decode,17,8,8,0,0,0,175,0,0,0,0,18,8,2,0,0,0,0,0,0,81,lru,0,0,0,0,0,0,8,8,8,0,0,0,1,0,0,0,0,0,0,0,0,0,0,0,0,2327702897709855583
layer,58,0,57,184,decode,18,8,8,0,0,0,157,0,0,0,0,15,6,1,0,0,0,0,0,0,81,lru,0,0,0,0,0,0,8,8,8,0,0,0,0,0,0,0,0,0,0,0,0,0,0,0,0,16311334263068114237
layer,58,0,57,184,decode,19,8,8,0,0,0,179,0,0,0,0,16,7,1,0,0,0,0,0,0,81,lru,0,0,0,0,0,0,8,8,8,0,0,0,0,0,0,0,0,0,0,0,0,0,0,0,0,17143956188419358629
layer,58,0,57,184,decode,20,8,7,1,0,249,154,81,3,0,3,1434,7,19,0,0,0,0,0,0,81,lru,0,0,0,0,0,0,8,7,8,0,1,0,1,3,0,1900544,0,0,0,1307,1900544,1900544,0,0,0,17749056265314666070
layer,58,0,57,184,decode,21,8,8,0,0,0,176,0,0,0,0,17,7,1,0,0,0,0,0,0,81,lru,0,0,0,0,0,0,8,8,8,0,0,0,0,0,0,0,0,0,0,0,0,0,0,0,0,9820453359288043538
layer,58,0,57,184,decode,22,8,7,1,0,238,156,139,3,0,3,1443,7,2,0,0,0,0,0,0,81,lru,0,0,0,0,0,0,8,7,8,0,1,0,0,3,0,1900544,0,0,0,1272,1900544,1900544,0,0,0,18221450913198834337
layer,58,0,57,184,decode,23,8,7,1,0,268,169,176,3,0,3,1581,7,18,0,0,0,0,0,0,81,lru,0,0,0,0,0,0,8,7,8,0,1,0,1,3,0,1900544,0,0,0,1399,1900544,1900544,0,0,0,13435459489132190767
layer,58,0,57,184,decode,24,8,7,1,0,319,164,145,3,0,3,504,7,11,0,0,0,0,0,0,81,lru,0,0,0,0,0,0,8,7,8,0,1,0,1,3,0,1900544,0,0,0,314,1900544,1900544,0,0,0,17344914768160319658
layer,58,0,57,184,decode,25,8,8,0,0,0,176,0,0,0,0,17,7,2,0,0,0,0,0,0,81,lru,0,0,0,0,0,0,8,8,8,0,0,0,1,0,0,0,0,0,0,0,0,0,0,0,0,3612355073155085187
layer,58,0,57,184,decode,26,8,8,0,0,0,157,0,0,0,0,16,7,2,0,0,0,0,0,0,81,lru,0,0,0,0,0,0,8,8,8,0,0,0,0,0,0,0,0,0,0,0,0,0,0,0,0,17944938827232548469
layer,58,0,57,184,decode,27,8,8,0,0,0,180,0,0,0,0,15,7,1,0,0,0,0,0,0,81,lru,0,0,0,0,0,0,8,8,8,0,0,0,0,0,0,0,0,0,0,0,0,0,0,0,0,11593666241184988704
layer,58,0,57,184,decode,28,8,8,0,0,0,173,0,0,0,0,15,7,1,0,0,0,0,0,0,81,lru,0,0,0,0,0,0,8,8,8,0,0,0,0,0,0,0,0,0,0,0,0,0,0,0,0,12631322211977817856
layer,58,0,57,184,decode,29,8,8,0,0,0,177,0,0,0,0,15,7,1,0,0,0,0,0,0,81,lru,0,0,0,0,0,0,8,8,8,0,0,0,1,0,0,0,0,0,0,0,0,0,0,0,0,13678145184195639740
layer,58,0,57,184,decode,30,8,6,2,1802,499,146,307,4,0,4,3685,7,18,0,0,0,0,0,0,81,lru,0,0,0,0,0,0,8,6,8,0,2,0,0,3,3,1900544,1900544,0,1802,1646,3801088,3801088,0,1900544,3,12843823427420986807
layer,58,0,57,184,decode,31,8,8,0,0,0,178,0,0,0,0,18,8,2,0,0,0,0,0,0,81,lru,0,0,0,0,0,0,8,8,8,0,0,0,1,0,0,0,0,0,0,0,0,0,0,0,0,11549866535776932479
layer,58,0,57,184,decode,32,8,8,0,0,0,173,0,0,0,0,15,6,1,0,0,0,0,0,0,81,lru,0,0,0,0,0,0,8,8,8,0,0,0,1,0,0,0,0,0,0,0,0,0,0,0,0,16307898199261823205
layer,58,0,57,184,decode,33,8,8,0,0,0,176,0,0,0,0,14,6,1,0,0,0,0,0,0,81,lru,0,0,0,0,0,0,8,8,8,0,0,0,0,0,0,0,0,0,0,0,0,0,0,0,0,12151727361613336694
layer,58,0,57,184,decode,34,8,6,2,0,525,157,200,4,0,4,3367,7,2,0,0,0,0,0,0,81,lru,0,0,0,0,0,0,8,6,8,0,2,0,0,6,0,4079616,0,0,0,3125,4079616,4079616,0,0,0,6057113169416299165
layer,58,0,57,184,decode,35,8,8,0,0,0,179,0,0,0,0,17,7,1,0,0,0,0,0,0,81,lru,0,0,0,0,0,0,8,8,8,0,0,0,1,0,0,0,0,0,0,0,0,0,0,0,0,10115941432584842531
layer,58,0,57,184,decode,36,8,8,0,0,0,171,0,0,0,0,15,7,1,0,0,0,0,0,0,81,lru,0,0,0,0,0,0,8,8,8,0,0,0,0,0,0,0,0,0,0,0,0,0,0,0,0,822710214115874248
layer,58,0,57,184,decode,37,8,8,0,0,0,1251,0,0,0,0,15,7,1,0,0,0,0,0,0,81,lru,0,0,0,0,0,0,8,8,8,0,0,0,0,0,0,0,0,0,0,0,0,0,0,0,0,4778589770732649881
layer,58,0,57,184,decode,38,8,8,0,0,0,161,0,0,0,0,24,9,2,0,0,0,0,0,0,81,lru,0,0,0,0,0,0,8,8,8,0,0,0,2,0,0,0,0,0,0,0,0,0,0,0,0,8190475629920801079
layer,58,0,57,184,decode,39,8,8,0,0,0,685,0,0,0,0,16,7,2,0,0,0,0,0,0,81,lru,0,0,0,0,0,0,8,8,8,0,0,0,1,0,0,0,0,0,0,0,0,0,0,0,0,12988610580725412721
request,58,0,57,0,decode,-1,0,0,0,0,0,0,0,0,0,0,0,0,0,0,0,0,0,0,0,0,,71892,368,0,0,24,0,0,0,0,0,0,0,0,0,0,0,0,0,0,0,0,0,0,0,0,0
layer,59,0,58,185,decode,0,8,8,0,0,0,171,0,0,0,0,17,8,2,0,0,0,0,0,0,81,lru,0,0,0,0,0,0,8,8,8,0,0,0,1,0,0,0,0,0,0,0,0,0,0,0,0,10314400321447975462
layer,59,0,58,185,decode,1,8,7,1,2269,308,158,155,3,0,3,2675,7,8,0,0,0,0,0,0,81,lru,0,0,0,0,0,0,8,7,8,0,1,0,1,0,3,0,1900544,0,2270,250,1900544,1900544,0,1900544,3,13493839082753769973
layer,59,0,58,185,decode,2,8,8,0,0,0,156,0,0,0,0,17,7,2,0,0,0,0,0,0,81,lru,0,0,0,0,0,0,8,8,8,0,0,0,1,0,0,0,0,0,0,0,0,0,0,0,0,9381131065153765263
layer,59,0,58,185,decode,3,8,7,1,0,291,172,146,3,0,3,1902,6,9,0,0,0,0,0,0,81,lru,0,0,0,0,0,0,8,7,8,0,1,0,1,3,0,1900544,0,0,0,1684,1900544,1900544,0,0,0,2025966654654412899
layer,59,0,58,185,decode,4,8,8,0,0,0,171,0,0,0,0,17,7,1,0,0,0,0,0,0,81,lru,0,0,0,0,0,0,8,8,8,0,0,0,1,0,0,0,0,0,0,0,0,0,0,0,0,10980340262672656600
layer,59,0,58,185,decode,5,8,8,0,0,0,177,0,0,0,0,16,7,2,0,0,0,0,0,0,81,lru,0,0,0,0,0,0,8,8,8,0,0,0,1,0,0,0,0,0,0,0,0,0,0,0,0,17032932887309233326
layer,59,0,58,185,decode,6,8,7,1,0,320,156,170,3,0,3,2079,7,2,0,0,0,0,0,0,81,lru,0,0,0,0,0,0,8,7,8,0,1,0,0,3,0,1900544,0,0,0,1872,1900544,1900544,0,0,0,3813428919005045342
layer,59,0,58,185,decode,7,8,7,1,2553,335,172,268,3,0,3,3054,8,6,0,0,0,0,0,0,81,lru,0,0,0,0,0,0,8,7,8,0,1,0,1,0,3,0,1900544,0,2553,279,1900544,1900544,0,1900544,3,13454448032244919831
layer,59,0,58,185,decode,8,8,8,0,0,0,172,0,0,0,0,17,7,1,0,0,0,0,0,0,81,lru,0,0,0,0,0,0,8,8,8,0,0,0,1,0,0,0,0,0,0,0,0,0,0,0,0,6860919479238382023
layer,59,0,58,185,decode,9,8,8,0,0,0,176,0,0,0,0,15,7,1,0,0,0,0,0,0,81,lru,0,0,0,0,0,0,8,8,8,0,0,0,0,0,0,0,0,0,0,0,0,0,0,0,0,17540466908933599958
layer,59,0,58,185,decode,10,8,8,0,0,0,156,0,0,0,0,15,7,2,0,0,0,0,0,0,81,lru,0,0,0,0,0,0,8,8,8,0,0,0,0,0,0,0,0,0,0,0,0,0,0,0,0,10212630300449473963
layer,59,0,58,185,decode,11,8,8,0,0,0,179,0,0,0,0,16,7,2,0,0,0,0,0,0,81,lru,0,0,0,0,0,0,8,8,8,0,0,0,1,0,0,0,0,0,0,0,0,0,0,0,0,8859897748603163331
layer,59,0,58,185,decode,12,8,8,0,0,0,172,0,0,0,0,15,6,1,0,0,0,0,0,0,81,lru,0,0,0,0,0,0,8,8,8,0,0,0,0,0,0,0,0,0,0,0,0,0,0,0,0,7359961965876046290
layer,59,0,58,185,decode,13,8,8,0,0,0,176,0,0,0,0,14,6,2,0,0,0,0,0,0,81,lru,0,0,0,0,0,0,8,8,8,0,0,0,0,0,0,0,0,0,0,0,0,0,0,0,0,2500113573971857259
layer,59,0,58,185,decode,14,8,8,0,0,0,157,0,0,0,0,15,7,1,0,0,0,0,0,0,81,lru,0,0,0,0,0,0,8,8,8,0,0,0,0,0,0,0,0,0,0,0,0,0,0,0,0,13649425833673164156
layer,59,0,58,185,decode,15,8,8,0,0,0,177,0,0,0,0,15,7,1,0,0,0,0,0,0,81,lru,0,0,0,0,0,0,8,8,8,0,0,0,0,0,0,0,0,0,0,0,0,0,0,0,0,8539046328844076752
layer,59,0,58,185,decode,16,8,7,1,0,325,173,249,3,0,3,2096,6,10,0,0,0,0,0,0,81,lru,0,0,0,0,0,0,8,7,8,0,1,0,0,3,0,1900544,0,0,0,1894,1900544,1900544,0,0,0,5592536534996989609
layer,59,0,58,185,decode,17,8,8,0,0,0,176,0,0,0,0,18,8,1,0,0,0,0,0,0,81,lru,0,0,0,0,0,0,8,8,8,0,0,0,1,0,0,0,0,0,0,0,0,0,0,0,0,2951604986904076914
layer,59,0,58,185,decode,18,8,8,0,0,0,157,0,0,0,0,15,6,1,0,0,0,0,0,0,81,lru,0,0,0,0,0,0,8,8,8,0,0,0,0,0,0,0,0,0,0,0,0,0,0,0,0,760391168412162333
layer,59,0,58,185,decode,19,8,8,0,0,0,178,0,0,0,0,15,7,1,0,0,0,0,0,0,81,lru,0,0,0,0,0,0,8,8,8,0,0,0,0,0,0,0,0,0,0,0,0,0,0,0,0,7031281601056182183
layer,59,0,58,185,decode,20,8,8,0,0,0,172,0,0,0,0,15,7,1,0,0,0,0,0,0,81,lru,0,0,0,0,0,0,8,8,8,0,0,0,0,0,0,0,0,0,0,0,0,0,0,0,0,1418795200278431271
layer,59,0,58,185,decode,21,8,8,0,0,0,176,0,0,0,0,15,6,1,0,0,0,0,0,0,81,lru,0,0,0,0,0,0,8,8,8,0,0,0,0,0,0,0,0,0,0,0,0,0,0,0,0,5360126229502897208
layer,59,0,58,185,decode,22,8,8,0,0,0,157,0,0,0,0,15,7,1,0,0,0,0,0,0,81,lru,0,0,0,0,0,0,8,8,8,0,0,0,1,0,0,0,0,0,0,0,0,0,0,0,0,3996364680383582125
layer,59,0,58,185,decode,23,8,8,0,0,0,179,0,0,0,0,15,7,1,0,0,0,0,0,0,81,lru,0,0,0,0,0,0,8,8,8,0,0,0,0,0,0,0,0,0,0,0,0,0,0,0,0,12032652306724388090
layer,59,0,58,185,decode,24,8,7,1,0,397,164,314,3,0,3,647,6,17,0,0,0,0,0,0,81,lru,0,0,0,0,0,0,8,7,8,0,1,0,0,3,0,1900544,0,0,0,416,1900544,1900544,0,0,0,17050424701108186911
layer,59,0,58,185,decode,25,8,8,0,0,0,177,0,0,0,0,17,7,2,0,0,0,0,0,0,81,lru,0,0,0,0,0,0,8,8,8,0,0,0,1,0,0,0,0,0,0,0,0,0,0,0,0,18077801447492008983
layer,59,0,58,185,decode,26,8,8,0,0,0,157,0,0,0,0,15,6,2,0,0,0,0,0,0,81,lru,0,0,0,0,0,0,8,8,8,0,0,0,0,0,0,0,0,0,0,0,0,0,0,0,0,13635627623261556257
layer,59,0,58,185,decode,27,8,8,0,0,0,179,0,0,0,0,14,6,1,0,0,0,0,0,0,81,lru,0,0,0,0,0,0,8,8,8,0,0,0,0,0,0,0,0,0,0,0,0,0,0,0,0,17871531393223785184
layer,59,0,58,185,decode,28,8,7,1,0,398,174,365,3,0,3,648,7,2,0,0,0,0,0,0,81,lru,0,0,0,0,0,0,8,7,8,0,1,0,0,3,0,1900544,0,0,0,433,1900544,1900544,0,0,0,7009795040061918321
layer,59,0,58,185,decode,29,8,8,0,0,0,177,0,0,0,0,16,7,1,0,0,0,0,0,0,81,lru,0,0,0,0,0,0,8,8,8,0,0,0,0,0,0,0,0,0,0,0,0,0,0,0,0,8086275609671331740
layer,59,0,58,185,decode,30,8,7,1,0,321,147,237,3,0,3,2098,7,11,0,0,0,0,0,0,81,lru,0,0,0,0,0,0,8,7,8,0,1,0,0,3,0,1900544,0,0,0,1902,1900544,1900544,0,0,0,12503677884549844390
layer,59,0,58,185,decode,31,8,8,0,0,0,179,0,0,0,0,17,7,2,0,0,0,0,0,0,81,lru,0,0,0,0,0,0,8,8,8,0,0,0,0,0,0,0,0,0,0,0,0,0,0,0,0,13679545037623980657
layer,59,0,58,185,decode,32,8,7,1,0,331,165,261,3,0,3,2101,6,4,0,0,0,0,0,0,81,lru,0,0,0,0,0,0,8,7,8,0,1,0,0,3,0,1900544,0,0,0,1889,1900544,1900544,0,0,0,15741779635970566686
layer,59,0,58,185,decode,33,8,8,0,0,0,177,0,0,0,0,17,7,2,0,0,0,0,0,0,81,lru,0,0,0,0,0,0,8,8,8,0,0,0,1,0,0,0,0,0,0,0,0,0,0,0,0,10549133725399708399
layer,59,0,58,185,decode,34,8,8,0,0,0,155,0,0,0,0,15,7,1,0,0,0,0,0,0,81,lru,0,0,0,0,0,0,8,8,8,0,0,0,0,0,0,0,0,0,0,0,0,0,0,0,0,9786602575316563766
layer,59,0,58,185,decode,35,8,8,0,0,0,179,0,0,0,0,16,7,1,0,0,0,0,0,0,81,lru,0,0,0,0,0,0,8,8,8,0,0,0,0,0,0,0,0,0,0,0,0,0,0,0,0,10882479312945895105
layer,59,0,58,185,decode,36,8,8,0,0,0,172,0,0,0,0,15,7,1,0,0,0,0,0,0,81,lru,0,0,0,0,0,0,8,8,8,0,0,0,0,0,0,0,0,0,0,0,0,0,0,0,0,16825170779944819228
layer,59,0,58,185,decode,37,8,8,0,0,0,177,0,0,0,0,15,7,1,0,0,0,0,0,0,81,lru,0,0,0,0,0,0,8,8,8,0,0,0,0,0,0,0,0,0,0,0,0,0,0,0,0,2025438963889014646
layer,59,0,58,185,decode,38,8,8,0,0,0,157,0,0,0,0,15,7,1,0,0,0,0,0,0,81,lru,0,0,0,0,0,0,8,8,8,0,0,0,0,0,0,0,0,0,0,0,0,0,0,0,0,8214699185121045565
layer,59,0,58,185,decode,39,8,8,0,0,0,683,0,0,0,0,15,7,1,0,0,0,0,0,0,81,lru,0,0,0,0,0,0,8,8,8,0,0,0,0,0,0,0,0,0,0,0,0,0,0,0,0,11852606629714436762
request,59,0,58,0,decode,-1,0,0,0,0,0,0,0,0,0,0,0,0,0,0,0,0,0,0,0,0,,25542,254,0,0,17,0,0,0,0,0,0,0,0,0,0,0,0,0,0,0,0,0,0,0,0,0
layer,60,0,59,186,decode,0,8,7,1,0,378,172,226,4,0,4,631,8,2,0,0,0,0,0,0,81,lru,0,0,0,0,0,0,8,7,8,0,1,0,1,3,0,1900544,0,0,0,422,1900544,1900544,0,0,0,8279594083737492340
layer,60,0,59,186,decode,1,8,6,2,0,632,157,305,3,0,3,4069,7,20,0,0,0,0,0,0,81,lru,0,0,0,0,0,0,8,6,8,0,2,0,1,6,0,3801088,0,0,0,3808,3801088,3801088,0,0,0,5270682521453895540
layer,60,0,59,186,decode,2,8,8,0,0,0,157,0,0,0,0,17,7,1,0,0,0,0,0,0,81,lru,0,0,0,0,0,0,8,8,8,0,0,0,1,0,0,0,0,0,0,0,0,0,0,0,0,14910015825855891148
layer,60,0,59,186,decode,3,8,6,2,0,629,180,434,3,0,3,4095,7,2,0,0,0,0,0,0,81,lru,0,0,0,0,0,0,8,6,8,0,2,0,1,6,0,3801088,0,0,0,3809,3801088,3801088,0,0,0,1232663408432065327
layer,60,0,59,186,decode,4,8,8,0,0,0,172,0,0,0,0,17,7,2,0,0,0,0,0,0,81,lru,0,0,0,0,0,0,8,8,8,0,0,0,1,0,0,0,0,0,0,0,0,0,0,0,0,4837025443676586169
layer,60,0,59,186,decode,5,8,8,0,0,0,176,0,0,0,0,15,6,1,0,0,0,0,0,0,81,lru,0,0,0,0,0,0,8,8,8,0,0,0,0,0,0,0,0,0,0,0,0,0,0,0,0,9300753530361353550
layer,60,0,59,186,decode,6,8,8,0,0,0,156,0,0,0,0,15,6,2,0,0,0,0,0,0,81,lru,0,0,0,0,0,0,8,8,8,0,0,0,0,0,0,0,0,0,0,0,0,0,0,0,0,17997352513903531439
layer,60,0,59,186,decode,7,8,8,0,0,0,181,0,0,0,0,15,7,2,0,0,0,0,0,0,81,lru,0,0,0,0,0,0,8,8,8,0,0,0,0,0,0,0,0,0,0,0,0,0,0,0,0,16030166652581108393
layer,60,0,59,186,decode,8,8,7,1,2562,325,164,261,3,0,3,3061,7,11,0,0,0,0,0,0,81,lru,0,0,0,0,0,0,8,7,8,0,1,0,0,0,3,0,1900544,0,2562,283,1900544,1900544,0,1900544,3,17842929866712359039
layer,60,0,59,186,decode,9,8,8,0,0,0,176,0,0,0,0,17,7,1,0,0,0,0,0,0,81,lru,0,0,0,0,0,0,8,8,8,0,0,0,1,0,0,0,0,0,0,0,0,0,0,0,0,14752432981541594083
layer,60,0,59,186,decode,10,8,8,0,0,0,157,0,0,0,0,15,7,2,0,0,0,0,0,0,81,lru,0,0,0,0,0,0,8,8,8,0,0,0,0,0,0,0,0,0,0,0,0,0,0,0,0,14442965263796083283
layer,60,0,59,186,decode,11,8,8,0,0,0,179,0,0,0,0,15,6,1,0,0,0,0,0,0,81,lru,0,0,0,0,0,0,8,8,8,0,0,0,0,0,0,0,0,0,0,0,0,0,0,0,0,4326825083408771051
layer,60,0,59,186,decode,12,8,8,0,0,0,172,0,0,0,0,14,7,1,0,0,0,0,0,0,81,lru,0,0,0,0,0,0,8,8,8,0,0,0,0,0,0,0,0,0,0,0,0,0,0,0,0,8274945152301534366
layer,60,0,59,186,decode,13,8,6,2,0,632,168,450,4,0,4,4110,6,13,0,0,0,0,0,0,81,lru,0,0,0,0,0,0,8,6,8,0,2,0,0,6,0,3801088,0,0,0,3823,3801088,3801088,0,0,0,18121460448093871124
layer,60,0,59,186,decode,14,8,6,2,2565,619,155,370,4,0,4,4995,7,2,0,0,0,0,0,0,81,lru,0,0,0,0,0,0,8,6,8,0,2,0,1,3,3,1900544,1900544,0,2565,2154,3801088,3801088,0,1900544,3,615750561434999925
layer,60,0,59,186,decode,15,8,8,0,0,0,180,0,0,0,0,16,7,1,0,0,0,0,0,0,81,lru,0,0,0,0,0,0,8,8,8,0,0,0,1,0,0,0,0,0,0,0,0,0,0,0,0,7369970429072623608
layer,60,0,59,186,decode,16,8,8,0,0,0,172,0,0,0,0,14,7,1,0,0,0,0,0,0,81,lru,0,0,0,0,0,0,8,8,8,0,0,0,0,0,0,0,0,0,0,0,0,0,0,0,0,8213436353720776407
layer,60,0,59,186,decode,17,8,8,0,0,0,176,0,0,0,0,16,7,2,0,0,0,0,0,0,81,lru,0,0,0,0,0,0,8,8,8,0,0,0,1,0,0,0,0,0,0,0,0,0,0,0,0,11966060476671659843
layer,60,0,59,186,decode,18,8,4,4,0,1565,154,978,4,0,4,2221,6,2,0,0,0,0,0,0,81,lru,0,0,0,0,0,0,8,4,8,0,4,0,0,12,0,7602176,0,0,0,1724,7602176,7602176,0,0,0,17528834859533780877
layer,60,0,59,186,decode,19,8,6,2,0,724,171,523,4,0,4,2631,7,14,0,0,0,0,0,0,81,lru,0,0,0,0,0,0,8,6,8,0,2,0,1,6,0,3801088,0,0,0,2331,3801088,3801088,0,0,0,10891492489338133834
layer,60,0,59,186,decode,20,8,8,0,0,0,174,0,0,0,0,17,7,1,0,0,0,0,0,0,81,lru,0,0,0,0,0,0,8,8,8,0,0,0,1,0,0,0,0,0,0,0,0,0,0,0,0,11639616971944519866
layer,60,0,59,186,decode,21,8,8,0,0,0,178,0,0,0,0,15,6,1,0,0,0,0,0,0,81,lru,0,0,0,0,0,0,8,8,8,0,0,0,1,0,0,0,0,0,0,0,0,0,0,0,0,7881061560808087147
layer,60,0,59,186,decode,22,8,8,0,0,0,156,0,0,0,0,16,7,2,0,0,0,0,0,0,81,lru,0,0,0,0,0,0,8,8,8,0,0,0,0,0,0,0,0,0,0,0,0,0,0,0,0,4454623717708364424
layer,60,0,59,186,decode,23,8,7,1,0,329,172,219,3,0,3,2073,6,16,0,0,0,0,0,0,81,lru,0,0,0,0,0,0,8,7,8,0,1,0,0,3,0,1900544,0,0,0,1876,1900544,1900544,0,0,0,9802334518531125282
layer,60,0,59,186,decode,24,8,8,0,0,0,172,0,0,0,0,18,8,2,0,0,0,0,0,0,81,lru,0,0,0,0,0,0,8,8,8,0,0,0,1,0,0,0,0,0,0,0,0,0,0,0,0,16458930984440167879
layer,60,0,59,186,decode,25,8,7,1,0,320,157,227,3,0,3,2054,7,10,0,0,0,0,0,0,81,lru,0,0,0,0,0,0,8,7,8,0,1,0,0,3,0,1900544,0,0,0,1871,1900544,1900544,0,0,0,14266721270323711767
layer,60,0,59,186,decode,26,8,8,0,0,0,156,0,0,0,0,17,7,2,0,0,0,0,0,0,81,lru,0,0,0,0,0,0,8,8,8,0,0,0,1,0,0,0,0,0,0,0,0,0,0,0,0,1620767864771366139
layer,60,0,59,186,decode,27,8,8,0,0,0,179,0,0,0,0,14,6,1,0,0,0,0,0,0,81,lru,0,0,0,0,0,0,8,8,8,0,0,0,0,0,0,0,0,0,0,0,0,0,0,0,0,859058136381172297
layer,60,0,59,186,decode,28,8,8,0,0,0,172,0,0,0,0,15,7,1,0,0,0,0,0,0,81,lru,0,0,0,0,0,0,8,8,8,0,0,0,0,0,0,0,0,0,0,0,0,0,0,0,0,18046774853329104183
layer,60,0,59,186,decode,29,8,7,1,0,328,177,206,3,0,3,2079,6,2,0,0,0,0,0,0,81,lru,0,0,0,0,0,0,8,7,8,0,1,0,0,3,0,1900544,0,0,0,1867,1900544,1900544,0,0,0,17334337371392638889
layer,60,0,59,186,decode,30,8,6,2,0,624,155,403,4,0,4,4073,7,2,0,0,0,0,0,0,81,lru,0,0,0,0,0,0,8,6,8,0,2,0,1,6,0,3801088,0,0,0,3782,3801088,3801088,0,0,0,17600162655282447312
layer,60,0,59,186,decode,31,8,7,1,2503,331,171,71,3,0,3,2988,7,7,0,0,0,0,0,0,81,lru,0,0,0,0,0,0,8,7,8,0,1,0,1,0,3,0,1900544,0,2504,274,1900544,1900544,0,1900544,3,7279602245268696698
layer,60,0,59,186,decode,32,8,8,0,0,0,172,0,0,0,0,17,7,2,0,0,0,0,0,0,81,lru,0,0,0,0,0,0,8,8,8,0,0,0,1,0,0,0,0,0,0,0,0,0,0,0,0,1065527367381836838
layer,60,0,59,186,decode,33,8,8,0,0,0,176,0,0,0,0,16,7,2,0,0,0,0,0,0,81,lru,0,0,0,0,0,0,8,8,8,0,0,0,1,0,0,0,0,0,0,0,0,0,0,0,0,10861437364113673463
layer,60,0,59,186,decode,34,8,8,0,0,0,156,0,0,0,0,15,7,1,0,0,0,0,0,0,81,lru,0,0,0,0,0,0,8,8,8,0,0,0,0,0,0,0,0,0,0,0,0,0,0,0,0,15506988721398220086
layer,60,0,59,186,decode,35,8,8,0,0,0,179,0,0,0,0,15,7,1,0,0,0,0,0,0,81,lru,0,0,0,0,0,0,8,8,8,0,0,0,0,0,0,0,0,0,0,0,0,0,0,0,0,16999128788560789507
layer,60,0,59,186,decode,36,8,8,0,0,0,171,0,0,0,0,14,6,1,0,0,0,0,0,0,81,lru,0,0,0,0,0,0,8,8,8,0,0,0,0,0,0,0,0,0,0,0,0,0,0,0,0,6031062741108341175
layer,60,0,59,186,decode,37,8,8,0,0,0,178,0,0,0,0,15,7,1,0,0,0,0,0,0,81,lru,0,0,0,0,0,0,8,8,8,0,0,0,0,0,0,0,0,0,0,0,0,0,0,0,0,14966419287773982144
layer,60,0,59,186,decode,38,8,7,1,0,310,159,138,3,0,3,2295,7,2,0,0,0,0,0,0,81,lru,0,0,0,0,0,0,8,7,8,0,1,0,1,3,0,2039808,0,0,0,2109,2039808,2039808,0,0,0,2974541431278706355
layer,60,0,59,186,decode,39,8,8,0,0,0,686,0,0,0,0,16,7,1,0,0,0,0,0,0,81,lru,0,0,0,0,0,0,8,8,8,0,0,0,1,0,0,0,0,0,0,0,0,0,0,0,0,7718664778721751521
request,60,0,59,0,decode,-1,0,0,0,0,0,0,0,0,0,0,0,0,0,0,0,0,0,0,0,0,,49584,306,0,0,15,0,0,0,0,0,0,0,0,0,0,0,0,0,0,0,0,0,0,0,0,0
layer,61,0,60,187,decode,0,8,5,3,0,1181,176,808,4,0,4,1701,8,2,0,0,0,0,0,0,81,lru,0,0,0,0,0,0,8,5,8,0,3,0,1,9,0,5701632,0,0,0,1337,5701632,5701632,0,0,0,3425926960477093704
layer,61,0,60,187,decode,1,8,6,2,0,632,176,440,4,0,4,4085,7,2,0,0,0,0,0,0,81,lru,0,0,0,0,0,0,8,6,8,0,2,0,1,6,0,3801088,0,0,0,3797,3801088,3801088,0,0,0,6669066954842783339
layer,61,0,60,187,decode,2,8,2,6,2400,1850,153,1143,4,0,4,12891,7,2,0,0,0,0,0,0,81,lru,0,0,0,0,0,0,8,2,8,0,6,0,1,15,3,9502720,1900544,0,2401,9762,11403264,11403264,0,1900544,3,12555627153178045095
layer,61,0,60,187,decode,3,8,5,3,0,926,168,702,4,0,4,5898,7,6,0,0,0,0,0,0,81,lru,0,0,0,0,0,0,8,5,8,0,3,0,1,9,0,5701632,0,0,0,5535,5701632,5701632,0,0,0,10456187404253074057
layer,61,0,60,187,decode,4,8,8,0,0,0,172,0,0,0,0,18,7,2,0,0,0,0,0,0,81,lru,0,0,0,0,0,0,8,8,8,0,0,0,1,0,0,0,0,0,0,0,0,0,0,0,0,14061345350562001821
layer,61,0,60,187,decode,5,8,7,1,0,301,176,250,3,0,3,1887,6,2,0,0,0,0,0,0,81,lru,0,0,0,0,0,0,8,7,8,0,1,0,0,3,0,1900544,0,0,0,1682,1900544,1900544,0,0,0,18402116224503042761
layer,61,0,60,187,decode,6,8,7,1,2251,309,149,140,3,0,3,2704,7,10,0,0,0,0,0,0,81,lru,0,0,0,0,0,0,8,7,8,0,1,0,0,0,3,0,1900544,0,2252,250,1900544,1900544,0,1900544,3,2574797705243484877
layer,61,0,60,187,decode,7,8,8,0,0,0,180,0,0,0,0,16,7,2,0,0,0,0,0,0,81,lru,0,0,0,0,0,0,8,8,8,0,0,0,0,0,0,0,0,0,0,0,0,0,0,0,0,18209163300167291882
layer,61,0,60,187,decode,8,8,8,0,0,0,172,0,0,0,0,15,6,1,0,0,0,0,0,0,81,lru,0,0,0,0,0,0,8,8,8,0,0,0,0,0,0,0,0,0,0,0,0,0,0,0,0,12595383045875472620
layer,61,0,60,187,decode,9,8,8,0,0,0,176,0,0,0,0,15,6,1,0,0,0,0,0,0,81,lru,0,0,0,0,0,0,8,8,8,0,0,0,0,0,0,0,0,0,0,0,0,0,0,0,0,16343831020508688092
layer,61,0,60,187,decode,10,8,6,2,0,572,149,361,3,0,3,3720,6,12,0,0,0,0,0,0,81,lru,0,0,0,0,0,0,8,6,8,0,2,0,0,6,0,3801088,0,0,0,3446,3801088,3801088,0,0,0,9427621443570967283
layer,61,0,60,187,decode,11,8,7,1,0,386,178,237,3,0,3,651,7,2,0,0,0,0,0,0,81,lru,0,0,0,0,0,0,8,7,8,0,1,0,1,3,0,1900544,0,0,0,422,1900544,1900544,0,0,0,14223009043911565269
layer,61,0,60,187,decode,12,8,7,1,2498,334,162,252,3,0,3,2973,7,10,0,0,0,0,0,0,81,lru,0,0,0,0,0,0,8,7,8,0,1,0,1,0,3,0,1900544,0,2498,266,1900544,1900544,0,1900544,3,485227762414951672
layer,61,0,60,187,decode,13,8,8,0,0,0,176,0,0,0,0,16,6,2,0,0,0,0,0,0,81,lru,0,0,0,0,0,0,8,8,8,0,0,0,0,0,0,0,0,0,0,0,0,0,0,0,0,9679152694024285900
layer,61,0,60,187,decode,14,8,8,0,0,0,156,0,0,0,0,15,6,2,0,0,0,0,0,0,81,lru,0,0,0,0,0,0,8,8,8,0,0,0,0,0,0,0,0,0,0,0,0,0,0,0,0,4858517151554993131
layer,61,0,60,187,decode,15,8,8,0,0,0,179,0,0,0,0,15,7,1,0,0,0,0,0,0,81,lru,0,0,0,0,0,0,8,8,8,0,0,0,0,0,0,0,0,0,0,0,0,0,0,0,0,2397029236981290321
layer,61,0,60,187,decode,16,8,8,0,0,0,173,0,0,0,0,15,7,1,0,0,0,0,0,0,81,lru,0,0,0,0,0,0,8,8,8,0,0,0,0,0,0,0,0,0,0,0,0,0,0,0,0,2850061634363569450
layer,61,0,60,187,decode,17,8,8,0,0,0,177,0,0,0,0,14,6,1,0,0,0,0,0,0,81,lru,0,0,0,0,0,0,8,8,8,0,0,0,0,0,0,0,0,0,0,0,0,0,0,0,0,18435451078957985732
layer,61,0,60,187,decode,18,8,8,0,0,0,156,0,0,0,0,15,6,2,0,0,0,0,0,0,81,lru,0,0,0,0,0,0,8,8,8,0,0,0,0,0,0,0,0,0,0,0,0,0,0,0,0,15751584840673061464
layer,61,0,60,187,decode,19,8,8,0,0,0,180,0,0,0,0,16,7,1,0,0,0,0,0,0,81,lru,0,0,0,0,0,0,8,8,8,0,0,0,0,0,0,0,0,0,0,0,0,0,0,0,0,11141779384044151666
layer,61,0,60,187,decode,20,8,7,1,0,324,174,254,3,0,3,2087,6,2,0,0,0,0,0,0,81,lru,0,0,0,0,0,0,8,7,8,0,1,0,1,3,0,1900544,0,0,0,1881,1900544,1900544,0,0,0,16512836505140215123
layer,61,0,60,187,decode,21,8,8,0,0,0,176,0,0,0,0,17,7,1,0,0,0,0,0,0,81,lru,0,0,0,0,0,0,8,8,8,0,0,0,1,0,0,0,0,0,0,0,0,0,0,0,0,1051322071015501632
layer,61,0,60,187,decode,22,8,7,1,0,327,150,162,3,0,3,2120,7,9,0,0,0,0,0,0,81,lru,0,0,0,0,0,0,8,7,8,0,1,0,0,3,0,1900544,0,0,0,1915,1900544,1900544,0,0,0,10222532366805333471
layer,61,0,60,187,decode,23,8,8,0,0,0,178,0,0,0,0,17,7,1,0,0,0,0,0,0,81,lru,0,0,0,0,0,0,8,8,8,0,0,0,1,0,0,0,0,0,0,0,0,0,0,0,0,14828190083378814545
layer,61,0,60,187,decode,24,8,7,1,0,325,173,206,3,0,3,2099,6,2,0,0,0,0,0,0,81,lru,0,0,0,0,0,0,8,7,8,0,1,0,1,3,0,1900544,0,0,0,1895,1900544,1900544,0,0,0,14717112685317507693
layer,61,0,60,187,decode,25,8,8,0,0,0,176,0,0,0,0,17,7,1,0,0,0,0,0,0,81,lru,0,0,0,0,0,0,8,8,8,0,0,0,1,0,0,0,0,0,0,0,0,0,0,0,0,11424423751240833320
layer,61,0,60,187,decode,26,8,8,0,0,0,156,0,0,0,0,15,6,2,0,0,0,0,0,0,81,lru,0,0,0,0,0,0,8,8,8,0,0,0,0,0,0,0,0,0,0,0,0,0,0,0,0,11985590404235284472
layer,61,0,60,187,decode,27,8,7,1,0,390,181,344,3,0,3,658,7,2,0,0,0,0,0,0,81,lru,0,0,0,0,0,0,8,7,8,0,1,0,0,3,0,1900544,0,0,0,437,1900544,1900544,0,0,0,4768966460924108893
layer,61,0,60,187,decode,28,8,8,0,0,0,172,0,0,0,0,16,7,2,0,0,0,0,0,0,81,lru,0,0,0,0,0,0,8,8,8,0,0,0,0,0,0,0,0,0,0,0,0,0,0,0,0,103085549696715627
layer,61,0,60,187,decode,29,8,8,0,0,0,176,0,0,0,0,15,7,1,0,0,0,0,0,0,81,lru,0,0,0,0,0,0,8,8,8,0,0,0,0,0,0,0,0,0,0,0,0,0,0,0,0,1053946649969590027
layer,61,0,60,187,decode,30,8,8,0,0,0,157,0,0,0,0,15,6,1,0,0,0,0,0,0,81,lru,0,0,0,0,0,0,8,8,8,0,0,0,0,0,0,0,0,0,0,0,0,0,0,0,0,14595786065677746269
layer,61,0,60,187,decode,31,8,8,0,0,0,178,0,0,0,0,15,6,2,0,0,0,0,0,0,81,lru,0,0,0,0,0,0,8,8,8,0,0,0,0,0,0,0,0,0,0,0,0,0,0,0,0,18396039391752306308
layer,61,0,60,187,decode,32,8,7,1,0,329,164,256,3,0,3,2086,6,18,0,0,0,0,0,0,81,lru,0,0,0,0,0,0,8,7,8,0,1,0,0,3,0,1900544,0,0,0,1876,1900544,1900544,0,0,0,12045758890586951070
layer,61,0,60,187,decode,33,8,7,1,0,332,169,268,3,0,3,2127,6,9,0,0,0,0,0,0,81,lru,0,0,0,0,0,0,8,7,8,0,1,0,0,3,0,1900544,0,0,0,1927,1900544,1900544,0,0,0,6827929589536394705
layer,61,0,60,187,decode,34,8,8,0,0,0,158,0,0,0,0,16,7,1,0,0,0,0,0,0,81,lru,0,0,0,0,0,0,8,8,8,0,0,0,1,0,0,0,0,0,0,0,0,0,0,0,0,11022186149462556466
layer,61,0,60,187,decode,35,8,8,0,0,0,179,0,0,0,0,15,7,1,0,0,0,0,0,0,81,lru,0,0,0,0,0,0,8,8,8,0,0,0,0,0,0,0,0,0,0,0,0,0,0,0,0,8659666125551199093
layer,61,0,60,187,decode,36,8,8,0,0,0,172,0,0,0,0,14,6,2,0,0,0,0,0,0,81,lru,0,0,0,0,0,0,8,8,8,0,0,0,0,0,0,0,0,0,0,0,0,0,0,0,0,1390940519963519797
layer,61,0,60,187,decode,37,8,8,0,0,0,177,0,0,0,0,14,6,1,0,0,0,0,0,0,81,lru,0,0,0,0,0,0,8,8,8,0,0,0,0,0,0,0,0,0,0,0,0,0,0,0,0,15942719229643281230
layer,61,0,60,187,decode,38,8,8,0,0,0,158,0,0,0,0,15,7,1,0,0,0,0,0,0,81,lru,0,0,0,0,0,0,8,8,8,0,0,0,0,0,0,0,0,0,0,0,0,0,0,0,0,17417142106238847775
layer,61,0,60,187,decode,39,8,8,0,0,0,685,0,0,0,0,15,6,1,0,0,0,0,0,0,81,lru,0,0,0,0,0,0,8,8,8,0,0,0,0,0,0,0,0,0,0,0,0,0,0,0,0,15663766514227893134
request,61,0,60,0,decode,-1,0,0,0,0,0,0,0,0,0,0,0,0,0,0,0,0,0,0,0,0,,55844,317,0,0,15,0,0,0,0,0,0,0,0,0,0,0,0,0,0,0,0,0,0,0,0,0
layer,62,0,61,188,decode,0,8,7,1,0,324,174,152,4,0,4,2109,8,2,0,0,0,0,0,0,81,lru,0,0,0,0,0,0,8,7,8,0,1,0,1,3,0,1900544,0,0,0,1910,1900544,1900544,0,0,0,7086908719932831058
layer,62,0,61,188,decode,1,8,5,3,4968,1020,155,556,4,0,4,6394,7,7,0,0,0,0,0,0,81,lru,0,0,0,0,0,0,8,5,8,0,3,0,1,3,6,1900544,3801088,0,4970,962,5701632,5701632,0,3801088,6,10144725804293816156
layer,62,0,61,188,decode,2,8,5,3,0,1088,159,1570,4,0,4,3174,7,7,0,0,0,0,0,0,81,lru,0,0,0,0,0,0,8,5,8,0,3,0,1,9,0,5701632,0,0,0,2821,5701632,5701632,0,0,0,10131685916121196784
layer,62,0,61,188,decode,3,8,7,1,2458,345,160,54,4,0,4,2944,8,17,0,0,0,0,0,0,81,lru,0,0,0,0,0,0,8,7,8,0,1,0,1,0,3,0,1900544,0,2459,278,1900544,1900544,0,1900544,3,1649423894276358800
layer,62,0,61,188,decode,4,8,7,1,2496,311,171,224,4,0,4,2962,7,2,0,0,0,0,0,0,81,lru,0,0,0,0,0,0,8,7,8,0,1,0,1,0,3,0,1900544,0,2496,261,1900544,1900544,0,1900544,3,11967626924069800814
layer,62,0,61,188,decode,5,8,8,0,0,0,177,0,0,0,0,17,7,2,0,0,0,0,0,0,81,lru,0,0,0,0,0,0,8,8,8,0,0,0,1,0,0,0,0,0,0,0,0,0,0,0,0,13224532596697922011
layer,62,0,61,188,decode,6,8,7,1,0,318,157,261,3,0,3,2117,6,2,0,0,0,0,0,0,81,lru,0,0,0,0,0,0,8,7,8,0,1,0,0,3,0,1900544,0,0,0,1910,1900544,1900544,0,0,0,8966753773296314542
layer,62,0,61,188,decode,7,8,7,1,2499,330,172,266,3,0,3,3011,7,10,0,0,0,0,0,0,81,lru,0,0,0,0,0,0,8,7,8,0,1,0,1,0,3,0,1900544,0,2501,282,1900544,1900544,0,1900544,3,894085320691814974
layer,62,0,61,188,decode,8,8,7,1,0,332,165,255,3,0,3,2112,7,7,0,0,0,0,0,0,81,lru,0,0,0,0,0,0,8,7,8,0,1,0,1,3,0,1900544,0,0,0,1899,1900544,1900544,0,0,0,6860726767688979302
layer,62,0,61,188,decode,9,8,8,0,0,0,177,0,0,0,0,17,7,1,0,0,0,0,0,0,81,lru,0,0,0,0,0,0,8,8,8,0,0,0,1,0,0,0,0,0,0,0,0,0,0,0,0,2126738702653510849
layer,62,0,61,188,decode,10,8,8,0,0,0,157,0,0,0,0,15,7,2,0,0,0,0,0,0,81,lru,0,0,0,0,0,0,8,8,8,0,0,0,1,0,0,0,0,0,0,0,0,0,0,0,0,1619745234425837155
layer,62,0,61,188,decode,11,8,7,1,0,328,179,258,3,0,3,2089,7,2,0,0,0,0,0,0,81,lru,0,0,0,0,0,0,8,7,8,0,1,0,0,3,0,1900544,0,0,0,1880,1900544,1900544,0,0,0,8379833390733000511
layer,62,0,61,188,decode,12,8,7,1,0,325,163,169,3,0,3,2163,7,11,0,0,0,0,0,0,81,lru,0,0,0,0,0,0,8,7,8,0,1,0,1,3,0,1900544,0,0,0,1951,1900544,1900544,0,0,0,1300604768623122024
layer,62,0,61,188,decode,13,8,7,1,0,327,177,292,3,0,3,2108,7,2,0,0,0,0,0,0,81,lru,0,0,0,0,0,0,8,7,8,0,1,0,1,3,0,1900544,0,0,0,1900,1900544,1900544,0,0,0,14971656937262815038
layer,62,0,61,188,decode,14,8,8,0,0,0,159,0,0,0,0,17,7,1,0,0,0,0,0,0,81,lru,0,0,0,0,0,0,8,8,8,0,0,0,1,0,0,0,0,0,0,0,0,0,0,0,0,11891722908375098196
layer,62,0,61,188,decode,15,8,7,1,0,328,168,213,3,0,3,2093,6,19,0,0,0,0,0,0,81,lru,0,0,0,0,0,0,8,7,8,0,1,0,0,3,0,1900544,0,0,0,1893,1900544,1900544,0,0,0,6078388416926241701
layer,62,0,61,188,decode,16,8,8,0,0,0,172,0,0,0,0,17,7,2,0,0,0,0,0,0,81,lru,0,0,0,0,0,0,8,8,8,0,0,0,0,0,0,0,0,0,0,0,0,0,0,0,0,10226452164702033253
layer,62,0,61,188,decode,17,8,8,0,0,0,176,0,0,0,0,15,6,1,0,0,0,0,0,0,81,lru,0,0,0,0,0,0,8,8,8,0,0,0,0,0,0,0,0,0,0,0,0,0,0,0,0,11149672773344059002
layer,62,0,61,188,decode,18,8,6,2,0,631,150,411,4,0,4,4126,6,22,0,0,0,0,0,0,81,lru,0,0,0,0,0,0,8,6,8,0,2,0,0,6,0,3801088,0,0,0,3732,3801088,3801088,0,0,0,4501622009124529092
layer,62,0,61,188,decode,19,8,8,0,0,0,179,0,0,0,0,18,8,1,0,0,0,0,0,0,81,lru,0,0,0,0,0,0,8,8,8,0,0,0,1,0,0,0,0,0,0,0,0,0,0,0,0,5653036096980120973
layer,62,0,61,188,decode,20,8,7,1,0,327,174,274,3,0,3,2073,6,2,0,0,0,0,0,0,81,lru,0,0,0,0,0,0,8,7,8,0,1,0,1,3,0,1900544,0,0,0,1869,1900544,1900544,0,0,0,11183193213369652162
layer,62,0,61,188,decode,21,8,8,0,0,0,176,0,0,0,0,17,7,2,0,0,0,0,0,0,81,lru,0,0,0,0,0,0,8,8,8,0,0,0,1,0,0,0,0,0,0,0,0,0,0,0,0,17083463387461390210
layer,62,0,61,188,decode,22,8,7,1,0,327,157,163,3,0,3,2111,11,2,0,0,0,0,0,0,81,lru,0,0,0,0,0,0,8,7,8,0,1,0,0,3,0,1900544,0,0,0,1899,1900544,1900544,0,0,0,1692596194237827375
layer,62,0,61,188,decode,23,8,7,1,0,323,180,160,3,0,3,2108,12,2,0,0,0,0,0,0,81,lru,0,0,0,0,0,0,8,7,8,0,1,0,1,3,0,1900544,0,0,0,1894,1900544,1900544,0,0,0,3417966604078045380
layer,62,0,61,188,decode,24,8,7,1,0,326,152,93,3,0,3,2148,7,17,0,0,0,0,0,0,81,lru,0,0,0,0,0,0,8,7,8,0,1,0,0,3,0,1900544,0,0,0,1962,1900544,1900544,0,0,0,6948488236254951542
layer,62,0,61,188,decode,25,8,7,1,2452,332,176,183,3,0,3,2961,7,9,0,0,0,0,0,0,81,lru,0,0,0,0,0,0,8,7,8,0,1,0,1,0,3,0,1900544,0,2453,280,1900544,1900544,0,1900544,3,12370930104296972900
layer,62,0,61,188,decode,26,8,8,0,0,0,157,0,0,0,0,16,7,2,0,0,0,0,0,0,81,lru,0,0,0,0,0,0,8,8,8,0,0,0,1,0,0,0,0,0,0,0,0,0,0,0,0,16600122324172449752
layer,62,0,61,188,decode,27,8,7,1,2475,335,170,263,3,0,3,2977,7,7,0,0,0,0,0,0,81,lru,0,0,0,0,0,0,8,7,8,0,1,0,0,0,3,0,1900544,0,2476,281,1900544,1900544,0,1900544,3,7818971771789143616
layer,62,0,61,188,decode,28,8,6,2,2425,612,172,287,4,0,4,4955,7,2,0,0,0,0,0,0,81,lru,0,0,0,0,0,0,8,6,8,0,2,0,1,3,3,1900544,1900544,0,2426,2214,3801088,3801088,0,1900544,3,7544312169227249566
layer,62,0,61,188,decode,29,8,8,0,0,0,177,0,0,0,0,17,7,2,0,0,0,0,0,0,81,lru,0,0,0,0,0,0,8,8,8,0,0,0,1,0,0,0,0,0,0,0,0,0,0,0,0,4328222165400342616
layer,62,0,61,188,decode,30,8,8,0,0,0,156,0,0,0,0,15,7,2,0,0,0,0,0,0,81,lru,0,0,0,0,0,0,8,8,8,0,0,0,0,0,0,0,0,0,0,0,0,0,0,0,0,8728707010360157503
layer,62,0,61,188,decode,31,8,8,0,0,0,177,0,0,0,0,15,7,2,0,0,0,0,0,0,81,lru,0,0,0,0,0,0,8,8,8,0,0,0,0,0,0,0,0,0,0,0,0,0,0,0,0,542051284039499610
layer,62,0,61,188,decode,32,8,7,1,0,324,173,262,3,0,3,2107,7,2,0,0,0,0,0,0,81,lru,0,0,0,0,0,0,8,7,8,0,1,0,0,3,0,1900544,0,0,0,1908,1900544,1900544,0,0,0,6720991817300587073
layer,62,0,61,188,decode,33,8,7,1,0,319,175,200,3,0,3,2082,7,2,0,0,0,0,0,0,81,lru,0,0,0,0,0,0,8,7,8,0,1,0,1,3,0,1900544,0,0,0,1878,1900544,1900544,0,0,0,11542642300025058533
layer,62,0,61,188,decode,34,8,5,3,0,982,155,653,4,0,4,6593,7,2,0,0,0,0,0,0,81,lru,0,0,0,0,0,0,8,5,8,0,3,0,1,9,0,6119424,0,0,0,6241,6119424,6119424,0,0,0,4553252503309957726
layer,62,0,61,188,decode,35,8,7,1,0,322,180,113,3,0,3,2055,7,2,0,0,0,0,0,0,81,lru,0,0,0,0,0,0,8,7,8,0,1,0,1,3,0,1900544,0,0,0,1855,1900544,1900544,0,0,0,1093839828163611056
layer,62,0,61,188,decode,36,8,6,2,0,629,153,453,4,0,4,4130,6,13,0,0,0,0,0,0,81,lru,0,0,0,0,0,0,8,6,8,0,2,0,1,6,0,3801088,0,0,0,3863,3801088,3801088,0,0,0,441095610246672660
layer,62,0,61,188,decode,37,8,6,2,0,622,176,409,4,0,4,4110,7,2,0,0,0,0,0,0,81,lru,0,0,0,0,0,0,8,6,8,0,2,0,1,6,0,3801088,0,0,0,3831,3801088,3801088,0,0,0,15788324835115307200
layer,62,0,61,188,decode,38,8,8,0,0,0,158,0,0,0,0,18,7,2,0,0,0,0,0,0,81,lru,0,0,0,0,0,0,8,8,8,0,0,0,1,0,0,0,0,0,0,0,0,0,0,0,0,7815127585034063908
layer,62,0,61,188,decode,39,8,7,1,0,345,675,88,3,0,3,2278,7,7,0,0,0,0,0,0,81,lru,0,0,0,0,0,0,8,7,8,0,1,0,1,3,0,2039808,0,0,0,2072,2039808,2039808,0,0,0,1817780556694547975
request,62,0,61,0,decode,-1,0,0,0,0,0,0,0,0,0,0,0,0,0,0,0,0,0,0,0,0,,88188,366,0,0,15,0,0,0,0,0,0,0,0,0,0,0,0,0,0,0,0,0,0,0,0,0
layer,63,0,62,189,decode,0,8,4,4,0,1473,173,1131,5,0,5,3729,8,2,0,0,0,0,0,0,81,lru,0,0,0,0,0,0,8,4,8,0,4,0,1,12,0,7602176,0,0,0,3182,7602176,7602176,0,0,0,15245150293330709179
layer,63,0,62,189,decode,1,8,4,4,4874,1252,174,683,4,0,4,9793,7,2,0,0,0,0,0,0,81,lru,0,0,0,0,0,0,8,4,8,0,4,0,1,6,6,3801088,3801088,0,4874,4418,7602176,7602176,0,3801088,6,9011240893013336993
layer,63,0,62,189,decode,2,8,5,3,0,1092,152,645,4,0,4,3126,7,6,0,0,0,0,0,0,81,lru,0,0,0,0,0,0,8,5,8,0,3,0,1,9,0,5701632,0,0,0,2761,5701632,5701632,0,0,0,6620399518152094849
layer,63,0,62,189,decode,3,8,5,3,4795,951,179,527,4,0,4,7726,7,2,0,0,0,0,0,0,81,lru,0,0,0,0,0,0,8,5,8,0,3,0,1,3,6,1900544,3801088,0,4796,2459,5701632,5701632,0,3801088,6,4977770759330156602
layer,63,0,62,189,decode,4,8,7,1,2202,308,161,245,3,0,3,2657,7,12,0,0,0,0,0,0,81,lru,0,0,0,0,0,0,8,7,8,0,1,0,1,0,3,0,1900544,0,2203,249,1900544,1900544,0,1900544,3,274671278916825821
layer,63,0,62,189,decode,5,8,8,0,0,0,176,0,0,0,0,17,7,2,0,0,0,0,0,0,81,lru,0,0,0,0,0,0,8,8,8,0,0,0,1,0,0,0,0,0,0,0,0,0,0,0,0,8667801281860705609
layer,63,0,62,189,decode,6,8,8,0,0,0,156,0,0,0,0,15,6,2,0,0,0,0,0,0,81,lru,0,0,0,0,0,0,8,8,8,0,0,0,1,0,0,0,0,0,0,0,0,0,0,0,0,17674613863144598059
layer,63,0,62,189,decode,7,8,6,2,0,586,173,260,4,0,4,3674,6,10,0,0,0,0,0,0,81,lru,0,0,0,0,0,0,8,6,8,0,2,0,1,6,0,3801088,0,0,0,3385,3801088,3801088,0,0,0,8191677812219655794
layer,63,0,62,189,decode,8,8,7,1,0,302,172,239,3,0,3,1879,7,2,0,0,0,0,0,0,81,lru,0,0,0,0,0,0,8,7,8,0,1,0,1,3,0,1900544,0,0,0,1671,1900544,1900544,0,0,0,17456317563711831205
layer,63,0,62,189,decode,9,8,8,0,0,0,176,0,0,0,0,16,7,1,0,0,0,0,0,0,81,lru,0,0,0,0,0,0,8,8,8,0,0,0,1,0,0,0,0,0,0,0,0,0,0,0,0,6779603809781524299
layer,63,0,62,189,decode,10,8,7,1,0,314,143,228,3,0,3,1965,6,10,0,0,0,0,0,0,81,lru,0,0,0,0,0,0,8,7,8,0,1,0,0,3,0,1900544,0,0,0,1784,1900544,1900544,0,0,0,223600714910940894
layer,63,0,62,189,decode,11,8,8,0,0,0,178,0,0,0,0,17,7,2,0,0,0,0,0,0,81,lru,0,0,0,0,0,0,8,8,8,0,0,0,1,0,0,0,0,0,0,0,0,0,0,0,0,6080695602279430247
layer,63,0,62,189,decode,12,8,8,0,0,0,172,0,0,0,0,15,7,2,0,0,0,0,0,0,81,lru,0,0,0,0,0,0,8,8,8,0,0,0,0,0,0,0,0,0,0,0,0,0,0,0,0,18301729450839612637
layer,63,0,62,189,decode,13,8,7,1,0,329,169,187,3,0,3,2086,7,8,0,0,0,0,0,0,81,lru,0,0,0,0,0,0,8,7,8,0,1,0,1,3,0,1900544,0,0,0,1883,1900544,1900544,0,0,0,11397882757923459809
layer,63,0,62,189,decode,14,8,8,0,0,0,156,0,0,0,0,17,8,1,0,0,0,0,0,0,81,lru,0,0,0,0,0,0,8,8,8,0,0,0,1,0,0,0,0,0,0,0,0,0,0,0,0,15402750742781078810
layer,63,0,62,189,decode,15,8,8,0,0,0,179,0,0,0,0,16,7,1,0,0,0,0,0,0,81,lru,0,0,0,0,0,0,8,8,8,0,0,0,0,0,0,0,0,0,0,0,0,0,0,0,0,14305585699571402506
layer,63,0,62,189,decode,16,8,8,0,0,0,172,0,0,0,0,15,7,1,0,0,0,0,0,0,81,lru,0,0,0,0,0,0,8,8,8,0,0,0,1,0,0,0,0,0,0,0,0,0,0,0,0,831473695759401239
layer,63,0,62,189,decode,17,8,7,1,0,398,176,362,3,0,3,642,7,2,0,0,0,0,0,0,81,lru,0,0,0,0,0,0,8,7,8,0,1,0,1,3,0,1900544,0,0,0,433,1900544,1900544,0,0,0,9505836398005358542
layer,63,0,62,189,decode,18,8,8,0,0,0,156,0,0,0,0,17,7,1,0,0,0,0,0,0,81,lru,0,0,0,0,0,0,8,8,8,0,0,0,1,0,0,0,0,0,0,0,0,0,0,0,0,7200409578775998644
layer,63,0,62,189,decode,19,8,8,0,0,0,180,0,0,0,0,16,8,1,0,0,0,0,0,0,81,lru,0,0,0,0,0,0,8,8,8,0,0,0,0,0,0,0,0,0,0,0,0,0,0,0,0,14934713650524955214
layer,63,0,62,189,decode,20,8,8,0,0,0,172,0,0,0,0,16,7,1,0,0,0,0,0,0,81,lru,0,0,0,0,0,0,8,8,8,0,0,0,0,0,0,0,0,0,0,0,0,0,0,0,0,962773333561370566
layer,63,0,62,189,decode,21,8,8,0,0,0,177,0,0,0,0,16,7,1,0,0,0,0,0,0,81,lru,0,0,0,0,0,0,8,8,8,0,0,0,0,0,0,0,0,0,0,0,0,0,0,0,0,411393012916920183
layer,63,0,62,189,decode,22,8,8,0,0,0,156,0,0,0,0,15,6,1,0,0,0,0,0,0,81,lru,0,0,0,0,0,0,8,8,8,0,0,0,0,0,0,0,0,0,0,0,0,0,0,0,0,418938695709409378
layer,63,0,62,189,decode,23,8,8,0,0,0,179,0,0,0,0,15,7,1,0,0,0,0,0,0,81,lru,0,0,0,0,0,0,8,8,8,0,0,0,0,0,0,0,0,0,0,0,0,0,0,0,0,7819082330116243641
layer,63,0,62,189,decode,24,8,8,0,0,0,172,0,0,0,0,15,6,1,0,0,0,0,0,0,81,lru,0,0,0,0,0,0,8,8,8,0,0,0,0,0,0,0,0,0,0,0,0,0,0,0,0,6711664368157311822
layer,63,0,62,189,decode,25,8,8,0,0,0,176,0,0,0,0,16,7,2,0,0,0,0,0,0,81,lru,0,0,0,0,0,0,8,8,8,0,0,0,1,0,0,0,0,0,0,0,0,0,0,0,0,172302395910395788
layer,63,0,62,189,decode,26,8,7,1,2190,333,157,186,3,0,3,2678,7,5,0,0,0,0,0,0,81,lru,0,0,0,0,0,0,8,7,8,0,1,0,0,0,3,0,1900544,0,2190,276,1900544,1900544,0,1900544,3,14300939749433627786
layer,63,0,62,189,decode,27,8,7,1,2370,336,171,183,3,0,3,2878,7,8,0,0,0,0,0,0,81,lru,0,0,0,0,0,0,8,7,8,0,1,0,1,0,3,0,1900544,0,2371,287,1900544,1900544,0,1900544,3,13291394531196862254
layer,63,0,62,189,decode,28,8,7,1,0,330,166,256,3,0,3,2103,6,15,0,0,0,0,0,0,81,lru,0,0,0,0,0,0,8,7,8,0,1,0,1,3,0,1900544,0,0,0,1895,1900544,1900544,0,0,0,9077617005414010578
layer,63,0,62,189,decode,29,8,8,0,0,0,176,0,0,0,0,16,7,1,0,0,0,0,0,0,81,lru,0,0,0,0,0,0,8,8,8,0,0,0,1,0,0,0,0,0,0,0,0,0,0,0,0,7339152011761817405
layer,63,0,62,189,decode,30,8,7,1,0,329,159,271,3,0,3,2086,6,2,0,0,0,0,0,0,81,lru,0,0,0,0,0,0,8,7,8,0,1,0,0,3,0,1900544,0,0,0,1873,1900544,1900544,0,0,0,13630820454104055378
layer,63,0,62,189,decode,31,8,8,0,0,0,179,0,0,0,0,17,8,2,0,0,0,0,0,0,81,lru,0,0,0,0,0,0,8,8,8,0,0,0,1,0,0,0,0,0,0,0,0,0,0,0,0,13436154697736045468
layer,63,0,62,189,decode,32,8,7,1,0,320,176,182,3,0,3,2141,6,2,0,0,0,0,0,0,81,lru,0,0,0,0,0,0,8,7,8,0,1,0,0,3,0,1900544,0,0,0,1940,1900544,1900544,0,0,0,11967442509408635014
layer,63,0,62,189,decode,33,8,8,0,0,0,176,0,0,0,0,17,7,2,0,0,0,0,0,0,81,lru,0,0,0,0,0,0,8,8,8,0,0,0,1,0,0,0,0,0,0,0,0,0,0,0,0,10982787851420269043
layer,63,0,62,189,decode,34,8,6,2,0,671,155,529,4,0,4,4436,7,2,0,0,0,0,0,0,81,lru,0,0,0,0,0,0,8,6,8,0,2,0,0,6,0,4079616,0,0,0,4134,4079616,4079616,0,0,0,17971549396914188836
layer,63,0,62,189,decode,35,8,7,1,0,324,173,280,3,0,3,2159,7,15,0,0,0,0,0,0,81,lru,0,0,0,0,0,0,8,7,8,0,1,0,1,3,0,1900544,0,0,0,1940,1900544,1900544,0,0,0,9641590160050427423
layer,63,0,62,189,decode,36,8,7,1,0,329,163,243,3,0,3,2125,7,19,0,0,0,0,0,0,81,lru,0,0,0,0,0,0,8,7,8,0,1,0,1,3,0,1900544,0,0,0,1923,1900544,1900544,0,0,0,17966251386011017429
layer,63,0,62,189,decode,37,8,7,1,0,360,174,1170,3,0,3,2525,7,12,0,0,0,0,0,0,81,lru,0,0,0,0,0,0,8,7,8,0,1,0,1,3,0,1900544,0,0,0,1889,1900544,1900544,0,0,0,15162625304134148732
layer,63,0,62,189,decode,38,8,8,0,0,0,158,0,0,0,0,19,8,2,0,0,0,0,0,0,81,lru,0,0,0,0,0,0,8,8,8,0,0,0,1,0,0,0,0,0,0,0,0,0,0,0,0,10783651380960853414
layer,63,0,62,189,decode,39,8,6,2,2591,674,675,321,5,0,5,5229,7,13,0,0,0,0,0,0,81,lru,0,0,0,0,0,0,8,6,8,0,2,0,1,3,3,2039808,2039808,0,2592,2350,4079616,4079616,0,2039808,3,12518917277304758221
request,63,0,62,0,decode,-1,0,0,0,0,0,0,0,0,0,0,0,0,0,0,0,0,0,0,0,0,,73780,356,0,0,16,0,0,0,0,0,0,0,0,0,0,0,0,0,0,0,0,0,0,0,0,0
layer,64,0,63,190,decode,0,8,5,3,2414,1049,152,698,4,0,4,5456,8,10,0,0,0,0,0,0,81,lru,0,0,0,0,0,0,8,5,8,0,3,0,1,6,3,3801088,1900544,0,2415,2631,5701632,5701632,0,1900544,3,15658123748142296014
layer,64,0,63,190,decode,1,8,5,3,0,986,175,634,3,0,3,4720,7,2,0,0,0,0,0,0,81,lru,0,0,0,0,0,0,8,5,8,0,3,0,13,9,0,5701632,0,0,0,4323,5701632,5701632,0,0,0,15970478607184255018
layer,64,0,63,190,decode,2,8,7,1,0,398,140,200,3,0,3,566,7,21,0,0,0,0,0,0,81,lru,0,0,0,0,0,0,8,7,8,0,1,0,1,3,0,1900544,0,0,0,399,1900544,1900544,0,0,0,9464823614910184106
layer,64,0,63,190,decode,3,8,6,2,0,686,179,435,4,0,4,2772,7,2,0,0,0,0,0,0,81,lru,0,0,0,0,0,0,8,6,8,0,2,0,1,6,0,3801088,0,0,0,2476,3801088,3801088,0,0,0,3472439737344131862
layer,64,0,63,190,decode,4,8,6,2,0,637,162,462,4,0,4,4100,7,15,0,0,0,0,0,0,81,lru,0,0,0,0,0,0,8,6,8,0,2,0,1,6,0,3801088,0,0,0,3812,3801088,3801088,0,0,0,7243724198824118337
layer,64,0,63,190,decode,5,8,6,2,0,630,176,329,4,0,4,4127,7,2,0,0,0,0,0,0,81,lru,0,0,0,0,0,0,8,6,8,0,2,0,1,6,0,3801088,0,0,0,3830,3801088,3801088,0,0,0,12606066369465752375
layer,64,0,63,190,decode,6,8,7,1,0,324,141,182,3,0,3,2090,7,10,0,0,0,0,0,0,81,lru,0,0,0,0,0,0,8,7,8,0,1,0,1,3,0,1900544,0,0,0,1897,1900544,1900544,0,0,0,9218506093492847931
layer,64,0,63,190,decode,7,8,8,0,0,0,180,0,0,0,0,17,7,2,0,0,0,0,0,0,81,lru,0,0,0,0,0,0,8,8,8,0,0,0,1,0,0,0,0,0,0,0,0,0,0,0,0,9051524765926476849
layer,64,0,63,190,decode,8,8,8,0,0,0,172,0,0,0,0,15,7,1,0,0,0,0,0,0,81,lru,0,0,0,0,0,0,8,8,8,0,0,0,1,0,0,0,0,0,0,0,0,0,0,0,0,9736718155235612346
layer,64,0,63,190,decode,9,8,8,0,0,0,177,0,0,0,0,15,7,1,0,0,0,0,0,0,81,lru,0,0,0,0,0,0,8,8,8,0,0,0,0,0,0,0,0,0,0,0,0,0,0,0,0,14550048765250888989
layer,64,0,63,190,decode,10,8,8,0,0,0,156,0,0,0,0,16,7,2,0,0,0,0,0,0,81,lru,0,0,0,0,0,0,8,8,8,0,0,0,1,0,0,0,0,0,0,0,0,0,0,0,0,15171328001843698942
layer,64,0,63,190,decode,11,8,8,0,0,0,179,0,0,0,0,16,7,2,0,0,0,0,0,0,81,lru,0,0,0,0,0,0,8,8,8,0,0,0,1,0,0,0,0,0,0,0,0,0,0,0,0,12053078803880647395
layer,64,0,63,190,decode,12,8,8,0,0,0,172,0,0,0,0,15,7,1,0,0,0,0,0,0,81,lru,0,0,0,0,0,0,8,8,8,0,0,0,0,0,0,0,0,0,0,0,0,0,0,0,0,5934471431540456646
layer,64,0,63,190,decode,13,8,8,0,0,0,177,0,0,0,0,15,7,1,0,0,0,0,0,0,81,lru,0,0,0,0,0,0,8,8,8,0,0,0,0,0,0,0,0,0,0,0,0,0,0,0,0,2101999312055177365
layer,64,0,63,190,decode,14,8,8,0,0,0,156,0,0,0,0,15,7,1,0,0,0,0,0,0,81,lru,0,0,0,0,0,0,8,8,8,0,0,0,0,0,0,0,0,0,0,0,0,0,0,0,0,13667851955742860008
layer,64,0,63,190,decode,15,8,8,0,0,0,178,0,0,0,0,15,7,1,0,0,0,0,0,0,81,lru,0,0,0,0,0,0,8,8,8,0,0,0,0,0,0,0,0,0,0,0,0,0,0,0,0,8012688754980632643
layer,64,0,63,190,decode,16,8,7,1,0,322,164,236,3,0,3,2083,7,16,0,0,0,0,0,0,81,lru,0,0,0,0,0,0,8,7,8,0,1,0,0,3,0,1900544,0,0,0,1883,1900544,1900544,0,0,0,15238725861484629519
layer,64,0,63,190,decode,17,8,8,0,0,0,176,0,0,0,0,17,7,2,0,0,0,0,0,0,81,lru,0,0,0,0,0,0,8,8,8,0,0,0,1,0,0,0,0,0,0,0,0,0,0,0,0,9276244503128846338
layer,64,0,63,190,decode,18,8,7,1,2464,328,157,237,3,0,3,2967,6,2,0,0,0,0,0,0,81,lru,0,0,0,0,0,0,8,7,8,0,1,0,0,0,3,0,1900544,0,2467,280,1900544,1900544,0,1900544,3,11267420214597418641
layer,64,0,63,190,decode,19,8,8,0,0,0,179,0,0,0,0,17,7,1,0,0,0,0,0,0,81,lru,0,0,0,0,0,0,8,8,8,0,0,0,1,0,0,0,0,0,0,0,0,0,0,0,0,15342956164705718392
layer,64,0,63,190,decode,20,8,8,0,0,0,172,0,0,0,0,16,7,2,0,0,0,0,0,0,81,lru,0,0,0,0,0,0,8,8,8,0,0,0,0,0,0,0,0,0,0,0,0,0,0,0,0,14557809534745029102
layer,64,0,63,190,decode,21,8,7,1,0,329,170,233,3,0,3,2085,7,19,0,0,0,0,0,0,81,lru,0,0,0,0,0,0,8,7,8,0,1,0,0,3,0,1900544,0,0,0,1872,1900544,1900544,0,0,0,8889968576305697926
layer,64,0,63,190,decode,22,8,8,0,0,0,156,0,0,0,0,17,7,1,0,0,0,0,0,0,81,lru,0,0,0,0,0,0,8,8,8,0,0,0,1,0,0,0,0,0,0,0,0,0,0,0,0,8710501491070630717
layer,64,0,63,190,decode,23,8,6,2,0,728,178,445,4,0,4,2620,6,2,0,0,0,0,0,0,81,lru,0,0,0,0,0,0,8,6,8,0,2,0,0,6,0,3801088,0,0,0,2317,3801088,3801088,0,0,0,565893024931133484
layer,64,0,63,190,decode,24,8,8,0,0,0,172,0,0,0,0,18,7,2,0,0,0,0,0,0,81,lru,0,0,0,0,0,0,8,8,8,0,0,0,1,0,0,0,0,0,0,0,0,0,0,0,0,3619740929908678541
layer,64,0,63,190,decode,25,8,7,1,0,325,168,271,3,0,3,2129,7,12,0,0,0,0,0,0,81,lru,0,0,0,0,0,0,8,7,8,0,1,0,0,3,0,1900544,0,0,0,1929,1900544,1900544,0,0,0,8851119442772592265
layer,64,0,63,190,decode,26,8,8,0,0,0,157,0,0,0,0,18,7,1,0,0,0,0,0,0,81,lru,0,0,0,0,0,0,8,8,8,0,0,0,0,0,0,0,0,0,0,0,0,0,0,0,0,15049571569971185438
layer,64,0,63,190,decode,27,8,7,1,2408,342,179,286,3,0,3,2923,7,2,0,0,0,0,0,0,81,lru,0,0,0,0,0,0,8,7,8,0,1,0,1,0,3,0,1900544,0,2408,287,1900544,1900544,0,1900544,3,17337573860596964728
layer,64,0,63,190,decode,28,8,8,0,0,0,172,0,0,0,0,17,7,2,0,0,0,0,0,0,81,lru,0,0,0,0,0,0,8,8,8,0,0,0,1,0,0,0,0,0,0,0,0,0,0,0,0,3615180691930545736
layer,64,0,63,190,decode,29,8,7,1,0,300,175,114,3,0,3,2142,7,2,0,0,0,0,0,0,81,lru,0,0,0,0,0,0,8,7,8,0,1,0,0,3,0,1900544,0,0,0,1947,1900544,1900544,0,0,0,12662422835734456266
layer,64,0,63,190,decode,30,8,8,0,0,0,156,0,0,0,0,16,7,2,0,0,0,0,0,0,81,lru,0,0,0,0,0,0,8,8,8,0,0,0,1,0,0,0,0,0,0,0,0,0,0,0,0,211664467593452990
layer,64,0,63,190,decode,31,8,8,0,0,0,177,0,0,0,0,15,7,2,0,0,0,0,0,0,81,lru,0,0,0,0,0,0,8,8,8,0,0,0,0,0,0,0,0,0,0,0,0,0,0,0,0,7238306194203716229
layer,64,0,63,190,decode,32,8,7,1,0,326,157,251,3,0,3,2127,6,6,0,0,0,0,0,0,81,lru,0,0,0,0,0,0,8,7,8,0,1,0,0,3,0,1900544,0,0,0,1930,1900544,1900544,0,0,0,2816553292154778331
layer,64,0,63,190,decode,33,8,7,1,0,318,176,271,3,0,3,2107,8,2,0,0,0,0,0,0,81,lru,0,0,0,0,0,0,8,7,8,0,1,0,1,3,0,1900544,0,0,0,1898,1900544,1900544,0,0,0,3940454973911790003
layer,64,0,63,190,decode,34,8,8,0,0,0,157,0,0,0,0,17,7,1,0,0,0,0,0,0,81,lru,0,0,0,0,0,0,8,8,8,0,0,0,1,0,0,0,0,0,0,0,0,0,0,0,0,13599310629328162341
layer,64,0,63,190,decode,35,8,8,0,0,0,179,0,0,0,0,20,7,2,0,0,0,0,0,0,81,lru,0,0,0,0,0,0,8,8,8,0,0,0,0,0,0,0,0,0,0,0,0,0,0,0,0,11111275211723463766
layer,64,0,63,190,decode,36,8,8,0,0,0,172,0,0,0,0,15,7,1,0,0,0,0,0,0,81,lru,0,0,0,0,0,0,8,8,8,0,0,0,1,0,0,0,0,0,0,0,0,0,0,0,0,5668300464432175480
layer,64,0,63,190,decode,37,8,7,1,0,327,168,245,3,0,3,2064,7,6,0,0,0,0,0,0,81,lru,0,0,0,0,0,0,8,7,8,0,1,0,0,3,0,1900544,0,0,0,1871,1900544,1900544,0,0,0,13062815389087497292
layer,64,0,63,190,decode,38,8,8,0,0,0,157,0,0,0,0,17,7,2,0,0,0,0,0,0,81,lru,0,0,0,0,0,0,8,8,8,0,0,0,1,0,0,0,0,0,0,0,0,0,0,0,0,14761847025685826288
layer,64,0,63,190,decode,39,8,8,0,0,0,687,0,0,0,0,16,7,2,0,0,0,0,0,0,81,lru,0,0,0,0,0,0,8,8,8,0,0,0,0,0,0,0,0,0,0,0,0,0,0,0,0,12323842691858084945
request,64,0,63,0,decode,-1,0,0,0,0,0,0,0,0,0,0,0,0,0,0,0,0,0,0,0,0,,55271,314,0,0,15,0,0,0,0,0,0,0,0,0,0,0,0,0,0,0,0,0,0,0,0,0
layer,65,0,64,191,decode,0,8,1,7,0,2151,162,1396,5,0,5,14231,8,15,0,0,0,0,0,0,81,lru,0,0,0,0,0,0,8,1,8,0,7,0,1,21,0,13303808,0,0,0,13515,13303808,13303808,0,0,0,3556322052931339219
layer,65,0,64,191,decode,1,8,2,6,0,2192,161,1477,4,0,4,6199,7,15,0,0,0,0,0,0,81,lru,0,0,0,0,0,0,8,2,8,0,6,0,1,18,0,11403264,0,0,0,5590,11403264,11403264,0,0,0,11259801089649280897
layer,65,0,64,191,decode,2,8,4,4,0,1473,155,1236,4,0,4,3725,7,2,0,0,0,0,0,0,81,lru,0,0,0,0,0,0,8,4,8,0,4,0,1,12,0,7602176,0,0,0,3173,7602176,7602176,0,0,0,3010819832214283082
layer,65,0,64,191,decode,3,8,5,3,0,1018,178,758,4,0,4,4602,7,2,0,0,0,0,0,0,81,lru,0,0,0,0,0,0,8,5,8,0,3,0,1,9,0,5701632,0,0,0,4183,5701632,5701632,0,0,0,13424295514518905185
layer,65,0,64,191,decode,4,8,3,5,0,1538,172,972,3,0,3,10018,7,2,0,0,0,0,0,0,81,lru,0,0,0,0,0,0,8,3,8,0,5,0,3,15,0,9502720,0,0,0,9481,9502720,9502720,0,0,0,898000555298440692
layer,65,0,64,191,decode,5,8,3,5,0,1511,175,1058,4,0,4,8086,7,2,0,0,0,0,0,0,81,lru,0,0,0,0,0,0,8,3,8,0,5,0,1,15,0,9502720,0,0,0,7581,9502720,9502720,0,0,0,14013167322281470367
layer,65,0,64,191,decode,6,8,8,0,0,0,157,0,0,0,0,17,7,2,0,0,0,0,0,0,81,lru,0,0,0,0,0,0,8,8,8,0,0,0,1,0,0,0,0,0,0,0,0,0,0,0,0,14973355962156457917
layer,65,0,64,191,decode,7,8,8,0,0,0,180,0,0,0,0,16,7,2,0,0,0,0,0,0,81,lru,0,0,0,0,0,0,8,8,8,0,0,0,1,0,0,0,0,0,0,0,0,0,0,0,0,1362299005707541823
layer,65,0,64,191,decode,8,8,8,0,0,0,172,0,0,0,0,14,6,1,0,0,0,0,0,0,81,lru,0,0,0,0,0,0,8,8,8,0,0,0,0,0,0,0,0,0,0,0,0,0,0,0,0,4473588316288480178
layer,65,0,64,191,decode,9,8,8,0,0,0,176,0,0,0,0,16,7,2,0,0,0,0,0,0,81,lru,0,0,0,0,0,0,8,8,8,0,0,0,0,0,0,0,0,0,0,0,0,0,0,0,0,15038893809298869592
layer,65,0,64,191,decode,10,8,6,2,0,569,149,220,4,0,4,3698,6,10,0,0,0,0,0,0,81,lru,0,0,0,0,0,0,8,6,8,0,2,0,0,6,0,3801088,0,0,0,3382,3801088,3801088,0,0,0,12636774293332500395
layer,65,0,64,191,decode,11,8,6,2,0,577,171,402,4,0,4,3597,7,14,0,0,0,0,0,0,81,lru,0,0,0,0,0,0,8,6,8,0,2,0,1,6,0,3801088,0,0,0,3334,3801088,3801088,0,0,0,12403023188162683042
layer,65,0,64,191,decode,12,8,8,0,0,0,172,0,0,0,0,16,6,1,0,0,0,0,0,0,81,lru,0,0,0,0,0,0,8,8,8,0,0,0,1,0,0,0,0,0,0,0,0,0,0,0,0,9513566209033038950
layer,65,0,64,191,decode,13,8,7,1,0,301,170,225,3,0,3,1919,7,18,0,0,0,0,0,0,81,lru,0,0,0,0,0,0,8,7,8,0,1,0,0,3,0,1900544,0,0,0,1727,1900544,1900544,0,0,0,5705268596128623814
layer,65,0,64,191,decode,14,8,8,0,0,0,157,0,0,0,0,16,7,2,0,0,0,0,0,0,81,lru,0,0,0,0,0,0,8,8,8,0,0,0,1,0,0,0,0,0,0,0,0,0,0,0,0,9641468367565954076
layer,65,0,64,191,decode,15,8,8,0,0,0,179,0,0,0,0,15,7,1,0,0,0,0,0,0,81,lru,0,0,0,0,0,0,8,8,8,0,0,0,0,0,0,0,0,0,0,0,0,0,0,0,0,11508635690350544122
layer,65,0,64,191,decode,16,8,8,0,0,0,173,0,0,0,0,15,7,1,0,0,0,0,0,0,81,lru,0,0,0,0,0,0,8,8,8,0,0,0,0,0,0,0,0,0,0,0,0,0,0,0,0,6543519636972189371
layer,65,0,64,191,decode,17,8,8,0,0,0,176,0,0,0,0,15,7,2,0,0,0,0,0,0,81,lru,0,0,0,0,0,0,8,8,8,0,0,0,0,0,0,0,0,0,0,0,0,0,0,0,0,15538074235623177980
layer,65,0,64,191,decode,18,8,6,2,0,568,156,327,4,0,4,3717,7,2,0,0,0,0,0,0,81,lru,0,0,0,0,0,0,8,6,8,0,2,0,1,6,0,3801088,0,0,0,3438,3801088,3801088,0,0,0,11756190582517207416
layer,65,0,64,191,decode,19,8,6,2,2295,625,178,466,4,0,4,4769,7,2,0,0,0,0,0,0,81,lru,0,0,0,0,0,0,8,6,8,0,2,0,1,3,3,1900544,1900544,0,2295,2185,3801088,3801088,0,1900544,3,18214673850092703072
layer,65,0,64,191,decode,20,8,8,0,0,0,172,0,0,0,0,17,7,1,0,0,0,0,0,0,81,lru,0,0,0,0,0,0,8,8,8,0,0,0,1,0,0,0,0,0,0,0,0,0,0,0,0,16635493014458628060
layer,65,0,64,191,decode,21,8,8,0,0,0,177,0,0,0,0,15,6,1,0,0,0,0,0,0,81,lru,0,0,0,0,0,0,8,8,8,0,0,0,1,0,0,0,0,0,0,0,0,0,0,0,0,1639466879574457249
layer,65,0,64,191,decode,22,8,7,1,0,323,156,258,3,0,3,2088,6,4,0,0,0,0,0,0,81,lru,0,0,0,0,0,0,8,7,8,0,1,0,1,3,0,1900544,0,0,0,1878,1900544,1900544,0,0,0,1569175508013430317
layer,65,0,64,191,decode,23,8,5,3,0,1090,177,745,3,0,3,3131,7,2,0,0,0,0,0,0,81,lru,0,0,0,0,0,0,8,5,8,0,3,0,1,9,0,5701632,0,0,0,2747,5701632,5701632,0,0,0,14722147731770257499
layer,65,0,64,191,decode,24,8,8,0,0,0,171,0,0,0,0,17,7,2,0,0,0,0,0,0,81,lru,0,0,0,0,0,0,8,8,8,0,0,0,1,0,0,0,0,0,0,0,0,0,0,0,0,4037666582850942461
layer,65,0,64,191,decode,25,8,8,0,0,0,176,0,0,0,0,15,6,2,0,0,0,0,0,0,81,lru,0,0,0,0,0,0,8,8,8,0,0,0,0,0,0,0,0,0,0,0,0,0,0,0,0,7670781632491095795
layer,65,0,64,191,decode,26,8,7,1,0,331,148,273,3,0,3,2105,6,9,0,0,0,0,0,0,81,lru,0,0,0,0,0,0,8,7,8,0,1,0,0,3,0,1900544,0,0,0,1898,1900544,1900544,0,0,0,4532589460976526350
layer,65,0,64,191,decode,27,8,5,3,0,933,176,1809,4,0,4,6134,7,13,0,0,0,0,0,0,81,lru,0,0,0,0,0,0,8,5,8,0,3,0,1,9,0,5701632,0,0,0,5790,5701632,5701632,0,0,0,8938117282078497224
layer,65,0,64,191,decode,28,8,6,2,0,625,172,402,4,0,4,4220,8,2,0,0,0,0,0,0,81,lru,0,0,0,0,0,0,8,6,8,0,2,0,3,6,0,3801088,0,0,0,3850,3801088,3801088,0,0,0,9295695201270107247
layer,65,0,64,191,decode,29,8,6,2,0,624,175,498,4,0,4,4114,7,2,0,0,0,0,0,0,81,lru,0,0,0,0,0,0,8,6,8,0,2,0,2,6,0,3801088,0,0,0,3828,3801088,3801088,0,0,0,7644535711328649243
layer,65,0,64,191,decode,30,8,6,2,0,608,156,397,4,0,4,4066,7,2,0,0,0,0,0,0,81,lru,0,0,0,0,0,0,8,6,8,0,2,0,1,6,0,3801088,0,0,0,3794,3801088,3801088,0,0,0,12997911425790341846
layer,65,0,64,191,decode,31,8,6,2,0,610,177,457,4,0,4,4064,7,2,0,0,0,0,0,0,81,lru,0,0,0,0,0,0,8,6,8,0,2,0,1,6,0,3801088,0,0,0,3791,3801088,3801088,0,0,0,12878677238732591951
layer,65,0,64,191,decode,32,8,6,2,0,622,183,583,4,0,4,4573,7,2,0,0,0,0,0,0,81,lru,0,0,0,0,0,0,8,6,8,0,2,0,1,6,0,3801088,0,0,0,4240,3801088,3801088,0,0,0,17316009540954998393
layer,65,0,64,191,decode,33,8,8,0,0,0,187,0,0,0,0,20,8,2,0,0,0,0,0,0,81,lru,0,0,0,0,0,0,8,8,8,0,0,0,1,0,0,0,0,0,0,0,0,0,0,0,0,345563880570371735
layer,65,0,64,191,decode,34,8,5,3,0,983,149,1935,6,0,6,10162,7,9,0,0,0,0,0,0,81,lru,0,0,0,0,0,0,8,5,8,0,3,0,1,9,0,6119424,0,2,0,9588,6119424,6119424,0,0,0,8187702022160057494
layer,65,0,64,191,decode,35,8,8,0,0,0,183,0,0,0,0,23,8,3,0,0,0,0,0,0,81,lru,0,0,0,0,0,0,8,8,8,0,0,0,2,0,0,0,0,0,0,0,0,0,0,0,0,10716535519745712689
layer,65,0,64,191,decode,36,8,8,0,0,0,177,0,0,0,0,18,9,2,0,0,0,0,0,0,81,lru,0,0,0,0,0,0,8,8,8,0,0,0,0,0,0,0,0,0,0,0,0,0,0,0,0,15273073322123029702
layer,65,0,64,191,decode,37,8,8,0,0,0,176,0,0,0,0,20,8,3,0,0,0,0,0,0,81,lru,0,0,0,0,0,0,8,8,8,0,0,0,1,0,0,0,0,0,0,0,0,0,0,0,0,11990383397801082499
layer,65,0,64,191,decode,38,8,8,0,0,0,164,0,0,0,0,16,7,2,0,0,0,0,0,0,81,lru,0,0,0,0,0,0,8,8,8,0,0,0,1,0,0,0,0,0,0,0,0,0,0,0,0,14581129681919156407
layer,65,0,64,191,decode,39,8,8,0,0,0,690,0,0,0,0,20,9,3,0,0,0,0,0,0,81,lru,0,0,0,0,0,0,8,8,8,0,0,0,1,0,0,0,0,0,0,0,0,0,0,0,0,11311376907171736550
request,65,0,64,0,decode,-1,0,0,0,0,0,0,0,0,0,0,0,0,0,0,0,0,0,0,0,0,,117565,534,0,0,20,0,0,0,0,0,0,0,0,0,0,0,0,0,0,0,0,0,0,0,0,0
