row_type,request_idx,repeat_idx,batch_idx,token_idx,phase,layer,k_required,k_hit,k_miss,ssd_read_us,h2d_us,compute_us,stall_us,pred_us,pred_observe_us,pred_score_us,callback_wall_us,topk_d2h_us,slot_ids_h2d_us,slot_table_h2d_us,eamc_rows_scored,eamc_cosine_us,eamc_score_materialize_us,eamc_score_cache_hits,eamc_score_cache_misses,cache_resident_experts,predictor,request_wall_us,request_end_us,predictor_end_us,predictor_save_us,profile_flush_us,sidecar_write_bytes,routes_required,routes_hit,routes_persistent,k_empty_admit,k_victim_admit,k_scratch,route_rank_us,spec_routes_required,spec_unique_experts,spec_only_experts,spec_only_hits,spec_only_misses,spec_only_ssd_bytes
layer,1,0,0,0,prefill,0,27,0,27,15997,10652,10065,4266,0,0,0,18677,19,65,0,0,0,0,0,0,27,lru,0,0,0,0,0,0,512,0,512,27,0,0,6,0,0,0,0,0,0
layer,1,0,0,0,prefill,1,27,0,27,15205,10457,907,4786,0,0,0,17886,15,39,0,0,0,0,0,0,27,lru,0,0,0,0,0,0,512,0,512,27,0,0,5,0,0,0,0,0,0
layer,1,0,0,0,prefill,2,24,0,24,12756,9351,3865,1722,0,0,0,14554,10,21,0,0,0,0,0,0,24,lru,0,0,0,0,0,0,512,0,512,24,0,0,5,0,0,0,0,0,0
layer,1,0,0,0,prefill,3,35,0,35,19754,13206,924,4015,0,0,0,22801,14,24,0,0,0,0,0,0,35,lru,0,0,0,0,0,0,512,0,512,35,0,0,7,0,0,0,0,0,0
layer,1,0,0,0,prefill,4,30,0,30,14795,10434,891,3012,0,0,0,17077,11,19,0,0,0,0,0,0,30,lru,0,0,0,0,0,0,512,0,512,30,0,0,5,0,0,0,0,0,0
layer,1,0,0,0,prefill,5,28,0,28,12794,9224,880,2406,0,0,0,14830,10,18,0,0,0,0,0,0,28,lru,0,0,0,0,0,0,512,0,512,28,0,0,4,0,0,0,0,0,0
layer,1,0,0,0,prefill,6,42,0,42,18981,12671,846,3092,0,0,0,21938,9,23,0,0,0,0,0,0,42,lru,0,0,0,0,0,0,512,0,512,42,0,0,6,0,0,0,0,0,0
layer,1,0,0,0,prefill,7,45,0,45,19014,12516,948,3195,0,0,0,21712,9,23,0,0,0,0,0,0,45,lru,0,0,0,0,0,0,512,0,512,45,0,0,6,0,0,0,0,0,0
layer,1,0,0,0,prefill,8,41,0,41,15869,10400,1119,3189,1,1,0,18291,10,36,0,0,0,0,0,0,41,lru,0,0,0,0,0,0,512,0,512,41,0,0,6,0,0,0,0,0,0
layer,1,0,0,0,prefill,9,41,0,41,15103,10289,1031,6047,2,2,0,17723,38,21,0,0,0,0,0,0,41,lru,0,0,0,0,0,0,512,0,512,41,0,0,21,0,0,0,0,0,0
layer,1,0,0,0,prefill,10,39,0,39,14610,9708,914,5478,1,1,0,17114,23,14,0,0,0,0,0,0,39,lru,0,0,0,0,0,0,512,0,512,39,0,0,20,0,0,0,0,0,0
layer,1,0,0,0,prefill,11,44,0,44,15696,10507,997,4872,1,1,0,18343,18,13,0,0,0,0,0,0,44,lru,0,0,0,0,0,0,512,0,512,44,0,0,17,0,0,0,0,0,0
layer,1,0,0,0,prefill,12,44,0,44,15124,10405,962,5205,1,1,0,17599,15,30,0,0,0,0,0,0,44,lru,0,0,0,0,0,0,512,0,512,44,0,0,12,0,0,0,0,0,0
layer,1,0,0,0,prefill,13,44,0,44,15495,10385,994,5539,1,1,0,17876,13,11,0,0,0,0,0,0,44,lru,0,0,0,0,0,0,512,0,512,44,0,0,11,0,0,0,0,0,0
layer,1,0,0,0,prefill,14,47,0,47,16408,10743,1095,7325,0,0,0,19938,12,32,0,0,0,0,0,0,47,lru,0,0,0,0,0,0,512,0,512,47,0,0,11,0,0,0,0,0,0
layer,1,0,0,0,prefill,15,63,0,63,23807,14677,1111,5712,2,2,0,28059,24,19,0,0,0,0,0,0,60,lru,0,0,0,0,0,0,512,0,509,60,0,3,17,0,0,0,0,0,0
layer,1,0,0,0,prefill,16,48,0,48,17389,11026,997,2469,1,1,0,20291,14,9,0,0,0,0,0,0,48,lru,0,0,0,0,0,0,512,0,512,48,0,0,11,0,0,0,0,0,0
layer,1,0,0,0,prefill,17,49,0,49,16673,10693,1000,2362,0,0,0,19761,11,15,0,0,0,0,0,0,49,lru,0,0,0,0,0,0,512,0,512,49,0,0,11,0,0,0,0,0,0
layer,1,0,0,0,prefill,18,68,0,68,23925,13894,1033,2877,1,1,0,27812,10,12,0,0,0,0,0,0,60,lru,0,0,0,0,0,0,512,0,504,60,0,8,10,0,0,0,0,0,0
layer,1,0,0,0,prefill,19,51,0,51,16307,10134,1002,2175,0,0,0,19120,10,13,0,0,0,0,0,0,51,lru,0,0,0,0,0,0,512,0,512,51,0,0,6,0,0,0,0,0,0
layer,1,0,0,0,prefill,20,54,0,54,16850,10483,1022,2161,1,1,0,19804,10,16,0,0,0,0,0,0,54,lru,0,0,0,0,0,0,512,0,512,54,0,0,8,0,0,0,0,0,0
layer,1,0,0,0,prefill,21,57,0,57,18532,10903,1041,2140,1,1,0,21626,10,9,0,0,0,0,0,0,57,lru,0,0,0,0,0,0,512,0,512,57,0,0,7,0,0,0,0,0,0
layer,1,0,0,0,prefill,22,58,0,58,18290,10394,949,2261,1,1,0,21264,10,16,0,0,0,0,0,0,58,lru,0,0,0,0,0,0,512,0,512,58,0,0,7,0,0,0,0,0,0
layer,1,0,0,0,prefill,23,67,0,67,20686,12210,1117,2637,0,0,0,24278,9,20,0,0,0,0,0,0,60,lru,0,0,0,0,0,0,512,0,505,60,0,7,7,0,0,0,0,0,0
layer,1,0,0,0,prefill,24,63,0,63,19195,11002,1091,2276,1,1,0,22367,10,14,0,0,0,0,0,0,60,lru,0,0,0,0,0,0,512,0,509,60,0,3,7,0,0,0,0,0,0
layer,1,0,0,0,prefill,25,56,0,56,16464,9622,1049,1947,0,0,0,19178,10,11,0,0,0,0,0,0,56,lru,0,0,0,0,0,0,512,0,512,56,0,0,6,0,0,0,0,0,0
layer,1,0,0,0,prefill,26,63,0,63,18943,10105,1004,2153,1,1,0,22056,10,15,0,0,0,0,0,0,60,lru,0,0,0,0,0,0,512,0,509,60,0,3,7,0,0,0,0,0,0
layer,1,0,0,0,prefill,27,61,0,61,17741,9982,1083,2081,0,0,0,20657,10,13,0,0,0,0,0,0,60,lru,0,0,0,0,0,0,512,0,511,60,0,1,9,0,0,0,0,0,0
layer,1,0,0,0,prefill,28,56,0,56,15201,8670,1037,1727,1,1,0,17751,10,6,0,0,0,0,0,0,56,lru,0,0,0,0,0,0,512,0,512,56,0,0,6,0,0,0,0,0,0
layer,1,0,0,0,prefill,29,57,0,57,15653,8096,1039,1661,0,0,0,18131,10,10,0,0,0,0,0,0,57,lru,0,0,0,0,0,0,512,0,512,57,0,0,7,0,0,0,0,0,0
layer,1,0,0,0,prefill,30,70,0,70,19850,9268,1022,1850,1,1,0,22644,10,7,0,0,0,0,0,0,60,lru,0,0,0,0,0,0,512,0,502,60,0,10,7,0,0,0,0,0,0
layer,1,0,0,0,prefill,31,53,0,53,13926,6704,1019,1275,1,1,0,15923,10,6,0,0,0,0,0,0,53,lru,0,0,0,0,0,0,512,0,512,53,0,0,8,0,0,0,0,0,0
layer,1,0,0,0,prefill,32,43,0,43,10720,5241,973,971,1,1,0,12301,10,7,0,0,0,0,0,0,43,lru,0,0,0,0,0,0,512,0,512,43,0,0,5,0,0,0,0,0,0
layer,1,0,0,0,prefill,33,52,0,52,13593,6347,1016,1160,1,1,0,15548,9,6,0,0,0,0,0,0,52,lru,0,0,0,0,0,0,512,0,512,52,0,0,5,0,0,0,0,0,0
layer,1,0,0,0,prefill,34,56,0,56,16633,7326,5593,1201,2,2,0,18779,10,9,0,0,0,0,0,0,56,lru,0,0,0,0,0,0,512,0,512,56,0,0,7,0,0,0,0,0,0
layer,1,0,0,0,prefill,35,51,0,51,14661,7878,1027,1468,1,1,0,17042,14,10,0,0,0,0,0,0,51,lru,0,0,0,0,0,0,512,0,512,51,0,0,8,0,0,0,0,0,0
layer,1,0,0,0,prefill,36,41,0,41,11482,6258,970,1201,1,1,0,13424,10,6,0,0,0,0,0,0,41,lru,0,0,0,0,0,0,512,0,512,41,0,0,8,0,0,0,0,0,0
layer,1,0,0,0,prefill,37,32,0,32,8887,4716,935,986,0,0,0,10384,9,5,0,0,0,0,0,0,32,lru,0,0,0,0,0,0,512,0,512,32,0,0,4,0,0,0,0,0,0
layer,1,0,0,0,prefill,38,28,0,28,8198,4376,833,846,1,1,0,9400,9,7,0,0,0,0,0,0,28,lru,0,0,0,0,0,0,512,0,512,28,0,0,4,0,0,0,0,0,0
layer,1,0,0,0,prefill,39,33,0,33,10059,5429,1362,1446,0,0,0,11851,9,7,0,0,0,0,0,0,33,lru,0,0,0,0,0,0,512,0,512,33,0,0,5,0,0,0,0,0,0
request,1,0,0,0,prefill,-1,0,0,0,0,0,0,0,0,0,0,0,0,0,0,0,0,0,0,0,0,,897248,11439,0,0,46,0,0,0,0,0,0,0,0,0,0,0,0,0,0
layer,2,0,1,64,decode,0,8,4,4,1655,1140,321,249,1,1,0,2057,44,13,0,0,0,0,0,0,31,lru,0,0,0,0,0,0,8,4,8,4,0,0,2,0,0,0,0,0,0
layer,2,0,1,64,decode,1,8,6,2,817,615,204,471,0,0,0,1325,9,12,0,0,0,0,0,0,29,lru,0,0,0,0,0,0,8,6,8,2,0,0,1,0,0,0,0,0,0
layer,2,0,1,64,decode,2,8,7,1,385,320,1734,60,0,0,0,544,8,29,0,0,0,0,0,0,25,lru,0,0,0,0,0,0,8,7,8,1,0,0,0,0,0,0,0,0,0
layer,2,0,1,64,decode,3,8,2,6,2383,1719,214,256,0,0,0,2855,11,17,0,0,0,0,0,0,41,lru,0,0,0,0,0,0,8,2,8,6,0,0,1,0,0,0,0,0,0
layer,2,0,1,64,decode,4,8,6,2,982,764,198,164,1,1,0,1211,8,10,0,0,0,0,0,0,32,lru,0,0,0,0,0,0,8,6,8,2,0,0,3,0,0,0,0,0,0
layer,2,0,1,64,decode,5,8,6,2,1016,798,197,166,0,0,0,1269,7,20,0,0,0,0,0,0,30,lru,0,0,0,0,0,0,8,6,8,2,0,0,1,0,0,0,0,0,0
layer,2,0,1,64,decode,6,8,6,2,1014,767,172,200,1,1,0,1249,7,5,0,0,0,0,0,0,44,lru,0,0,0,0,0,0,8,6,8,2,0,0,0,0,0,0,0,0,0
layer,2,0,1,64,decode,7,8,6,2,1000,790,191,172,0,0,0,1224,7,13,0,0,0,0,0,0,47,lru,0,0,0,0,0,0,8,6,8,2,0,0,0,0,0,0,0,0,0
layer,2,0,1,64,decode,8,8,8,0,0,0,250,0,0,0,0,28,8,2,0,0,0,0,0,0,41,lru,0,0,0,0,0,0,8,8,8,0,0,0,0,0,0,0,0,0,0
layer,2,0,1,64,decode,9,8,7,1,489,379,248,135,0,0,0,687,7,15,0,0,0,0,0,0,42,lru,0,0,0,0,0,0,8,7,8,1,0,0,0,0,0,0,0,0,0
layer,2,0,1,64,decode,10,8,8,0,0,0,222,0,0,0,0,27,7,2,0,0,0,0,0,0,39,lru,0,0,0,0,0,0,8,8,8,0,0,0,0,0,0,0,0,0,0
layer,2,0,1,64,decode,11,8,7,1,488,379,242,112,0,0,0,680,7,15,0,0,0,0,0,0,45,lru,0,0,0,0,0,0,8,7,8,1,0,0,0,0,0,0,0,0,0
layer,2,0,1,64,decode,12,8,6,2,1011,780,184,205,1,1,0,1320,8,16,0,0,0,0,0,0,46,lru,0,0,0,0,0,0,8,6,8,2,0,0,0,0,0,0,0,0,0
layer,2,0,1,64,decode,13,8,6,2,974,790,192,120,0,0,0,1209,8,12,0,0,0,0,0,0,46,lru,0,0,0,0,0,0,8,6,8,2,0,0,1,0,0,0,0,0,0
layer,2,0,1,64,decode,14,8,7,1,516,393,189,47,0,0,0,690,7,14,0,0,0,0,0,0,48,lru,0,0,0,0,0,0,8,7,8,1,0,0,0,0,0,0,0,0,0
layer,2,0,1,64,decode,15,8,6,2,989,767,201,230,7,0,7,1268,7,10,0,0,0,0,0,0,60,lru,0,0,0,0,0,0,8,6,8,0,2,0,0,0,0,0,0,0,0
layer,2,0,1,64,decode,16,8,6,2,974,787,185,305,0,0,0,1274,8,18,0,0,0,0,0,0,50,lru,0,0,0,0,0,0,8,6,8,2,0,0,0,0,0,0,0,0,0
layer,2,0,1,64,decode,17,8,7,1,501,383,223,161,0,0,0,663,7,12,0,0,0,0,0,0,50,lru,0,0,0,0,0,0,8,7,8,1,0,0,0,0,0,0,0,0,0
layer,2,0,1,64,decode,18,8,7,1,540,386,170,66,5,0,5,692,7,18,0,0,0,0,0,0,60,lru,0,0,0,0,0,0,8,7,8,0,1,0,0,0,0,0,0,0,0
layer,2,0,1,64,decode,19,8,7,1,485,395,259,166,0,0,0,692,8,2,0,0,0,0,0,0,52,lru,0,0,0,0,0,0,8,7,8,1,0,0,0,0,0,0,0,0,0
layer,2,0,1,64,decode,20,8,6,2,989,785,192,162,0,0,0,1269,7,17,0,0,0,0,0,0,56,lru,0,0,0,0,0,0,8,6,8,2,0,0,0,0,0,0,0,0,0
layer,2,0,1,64,decode,21,8,7,1,494,408,192,70,0,0,0,623,7,13,0,0,0,0,0,0,58,lru,0,0,0,0,0,0,8,7,8,1,0,0,0,0,0,0,0,0,0
layer,2,0,1,64,decode,22,8,7,1,518,381,172,3,0,0,0,678,7,10,0,0,0,0,0,0,59,lru,0,0,0,0,0,0,8,7,8,1,0,0,0,0,0,0,0,0,0
layer,2,0,1,64,decode,23,8,6,2,1004,784,189,239,2,0,2,1265,7,14,0,0,0,0,0,0,60,lru,0,0,0,0,0,0,8,6,8,0,2,0,0,0,0,0,0,0,0
layer,2,0,1,64,decode,24,8,8,0,0,0,250,0,0,0,0,19,7,2,0,0,0,0,0,0,60,lru,0,0,0,0,0,0,8,8,8,0,0,0,0,0,0,0,0,0,0
layer,2,0,1,64,decode,25,8,6,2,1040,751,244,141,0,0,0,1322,7,34,0,0,0,0,0,0,58,lru,0,0,0,0,0,0,8,6,8,2,0,0,0,0,0,0,0,0,0
layer,2,0,1,64,decode,26,8,8,0,0,0,219,0,0,0,0,19,8,1,0,0,0,0,0,0,60,lru,0,0,0,0,0,0,8,8,8,0,0,0,0,0,0,0,0,0,0
layer,2,0,1,64,decode,27,8,7,1,515,408,249,152,1,0,1,729,7,19,0,0,0,0,0,0,60,lru,0,0,0,0,0,0,8,7,8,0,1,0,0,0,0,0,0,0,0
layer,2,0,1,64,decode,28,8,7,1,477,374,194,75,0,0,0,648,8,6,0,0,0,0,0,0,57,lru,0,0,0,0,0,0,8,7,8,1,0,0,0,0,0,0,0,0,0
layer,2,0,1,64,decode,29,8,8,0,0,0,257,0,0,0,0,18,7,1,0,0,0,0,0,0,57,lru,0,0,0,0,0,0,8,8,8,0,0,0,0,0,0,0,0,0,0
layer,2,0,1,64,decode,30,8,7,1,492,404,171,67,1,0,1,606,9,5,0,0,0,0,0,0,60,lru,0,0,0,0,0,0,8,7,8,0,1,0,0,0,0,0,0,0,0
layer,2,0,1,64,decode,31,8,8,0,0,0,254,0,0,0,0,18,7,1,0,0,0,0,0,0,53,lru,0,0,0,0,0,0,8,8,8,0,0,0,0,0,0,0,0,0,0
layer,2,0,1,64,decode,32,8,7,1,500,415,188,121,0,0,0,661,7,15,0,0,0,0,0,0,44,lru,0,0,0,0,0,0,8,7,8,1,0,0,0,0,0,0,0,0,0
layer,2,0,1,64,decode,33,8,8,0,0,0,254,0,0,0,0,19,8,1,0,0,0,0,0,0,52,lru,0,0,0,0,0,0,8,8,8,0,0,0,0,0,0,0,0,0,0
layer,2,0,1,64,decode,34,8,7,1,544,419,180,102,0,0,0,675,7,15,0,0,0,0,0,0,57,lru,0,0,0,0,0,0,8,7,8,1,0,0,0,0,0,0,0,0,0
layer,2,0,1,64,decode,35,8,7,1,494,385,192,84,0,0,0,687,8,17,0,0,0,0,0,0,52,lru,0,0,0,0,0,0,8,7,8,1,0,0,0,0,0,0,0,0,0
layer,2,0,1,64,decode,36,8,7,1,489,389,232,72,0,0,0,699,7,16,0,0,0,0,0,0,42,lru,0,0,0,0,0,0,8,7,8,1,0,0,0,0,0,0,0,0,0
layer,2,0,1,64,decode,37,8,7,1,523,381,193,143,0,0,0,677,7,14,0,0,0,0,0,0,33,lru,0,0,0,0,0,0,8,7,8,1,0,0,0,0,0,0,0,0,0
layer,2,0,1,64,decode,38,8,7,1,529,416,171,65,0,0,0,654,7,3,0,0,0,0,0,0,29,lru,0,0,0,0,0,0,8,7,8,1,0,0,0,0,0,0,0,0,0
layer,2,0,1,64,decode,39,8,6,2,1136,836,689,153,0,0,0,1355,7,27,0,0,0,0,0,0,35,lru,0,0,0,0,0,0,8,6,8,2,0,0,2,0,0,0,0,0,0
request,2,0,1,0,decode,-1,0,0,0,0,0,0,0,0,0,0,0,0,0,0,0,0,0,0,0,0,,49817,459,0,0,22,0,0,0,0,0,0,0,0,0,0,0,0,0,0
layer,3,0,2,65,decode,0,8,0,8,4200,3116,440,810,0,0,0,4992,11,12,0,0,0,0,0,0,39,lru,0,0,0,0,0,0,8,0,8,8,0,0,2,0,0,0,0,0,0
layer,3,0,2,65,decode,1,8,5,3,1518,1133,444,267,0,0,0,1896,10,9,0,0,0,0,0,0,32,lru,0,0,0,0,0,0,8,5,8,3,0,0,2,0,0,0,0,0,0
layer,3,0,2,65,decode,2,8,1,7,3607,2698,377,594,0,0,0,4373,9,26,0,0,0,0,0,0,32,lru,0,0,0,0,0,0,8,1,8,7,0,0,0,0,0,0,0,0,0
layer,3,0,2,65,decode,3,8,5,3,1510,1166,438,253,0,0,0,1823,9,22,0,0,0,0,0,0,44,lru,0,0,0,0,0,0,8,5,8,3,0,0,1,0,0,0,0,0,0
layer,3,0,2,65,decode,4,8,6,2,1035,756,420,133,0,0,0,1270,9,15,0,0,0,0,0,0,34,lru,0,0,0,0,0,0,8,6,8,2,0,0,2,0,0,0,0,0,0
layer,3,0,2,65,decode,5,8,6,2,1000,759,687,198,0,0,0,1327,8,28,0,0,0,0,0,0,32,lru,0,0,0,0,0,0,8,6,8,2,0,0,0,0,0,0,0,0,0
layer,3,0,2,65,decode,6,8,6,2,1004,781,375,190,0,0,0,1233,10,12,0,0,0,0,0,0,46,lru,0,0,0,0,0,0,8,6,8,2,0,0,2,0,0,0,0,0,0
layer,3,0,2,65,decode,7,8,6,2,992,784,458,294,0,0,0,1262,9,19,0,0,0,0,0,0,49,lru,0,0,0,0,0,0,8,6,8,2,0,0,2,0,0,0,0,0,0
layer,3,0,2,65,decode,8,8,8,0,0,0,443,0,0,0,0,23,8,2,0,0,0,0,0,0,41,lru,0,0,0,0,0,0,8,8,8,0,0,0,0,0,0,0,0,0,0
layer,3,0,2,65,decode,9,8,5,3,1504,1165,445,407,0,0,0,1879,7,12,0,0,0,0,0,0,45,lru,0,0,0,0,0,0,8,5,8,3,0,0,2,0,0,0,0,0,0
layer,3,0,2,65,decode,10,8,7,1,497,391,386,93,0,0,0,652,8,20,0,0,0,0,0,0,40,lru,0,0,0,0,0,0,8,7,8,1,0,0,0,0,0,0,0,0,0
layer,3,0,2,65,decode,11,8,7,1,482,374,571,174,0,0,0,707,8,21,0,0,0,0,0,0,46,lru,0,0,0,0,0,0,8,7,8,1,0,0,2,0,0,0,0,0,0
layer,3,0,2,65,decode,12,8,6,2,979,790,509,195,0,0,0,1213,9,27,0,0,0,0,0,0,48,lru,0,0,0,0,0,0,8,6,8,2,0,0,0,0,0,0,0,0,0
layer,3,0,2,65,decode,13,8,7,1,497,395,762,83,0,0,0,669,9,23,0,0,0,0,0,0,47,lru,0,0,0,0,0,0,8,7,8,1,0,0,2,0,0,0,0,0,0
layer,3,0,2,65,decode,14,8,7,1,501,386,414,80,0,0,0,720,11,22,0,0,0,0,0,0,49,lru,0,0,0,0,0,0,8,7,8,1,0,0,1,0,0,0,0,0,0
layer,3,0,2,65,decode,15,8,7,1,489,398,447,163,6,0,6,676,9,12,0,0,0,0,0,0,60,lru,0,0,0,0,0,0,8,7,8,0,1,0,2,0,0,0,0,0,0
layer,3,0,2,65,decode,16,8,6,2,967,741,413,333,0,0,0,1334,9,16,0,0,0,0,0,0,52,lru,0,0,0,0,0,0,8,6,8,2,0,0,2,0,0,0,0,0,0
layer,3,0,2,65,decode,17,8,3,5,2533,1955,431,542,0,0,0,3036,8,12,0,0,0,0,0,0,55,lru,0,0,0,0,0,0,8,3,8,5,0,0,0,0,0,0,0,0,0
layer,3,0,2,65,decode,18,8,7,1,497,369,500,85,4,0,4,697,8,17,0,0,0,0,0,0,60,lru,0,0,0,0,0,0,8,7,8,0,1,0,2,0,0,0,0,0,0
layer,3,0,2,65,decode,19,8,6,2,983,786,432,192,0,0,0,1235,9,17,0,0,0,0,0,0,54,lru,0,0,0,0,0,0,8,6,8,2,0,0,0,0,0,0,0,0,0
layer,3,0,2,65,decode,20,8,6,2,964,769,413,239,0,0,0,1273,8,8,0,0,0,0,0,0,58,lru,0,0,0,0,0,0,8,6,8,2,0,0,2,0,0,0,0,0,0
layer,3,0,2,65,decode,21,8,6,2,981,747,449,373,0,0,0,1362,8,13,0,0,0,0,0,0,60,lru,0,0,0,0,0,0,8,6,8,2,0,0,0,0,0,0,0,0,0
layer,3,0,2,65,decode,22,8,8,0,0,0,421,0,0,0,0,21,8,2,0,0,0,0,0,0,59,lru,0,0,0,0,0,0,8,8,8,0,0,0,0,0,0,0,0,0,0
layer,3,0,2,65,decode,23,8,7,1,469,386,469,185,2,0,2,739,8,13,0,0,0,0,0,0,60,lru,0,0,0,0,0,0,8,7,8,0,1,0,2,0,0,0,0,0,0
layer,3,0,2,65,decode,24,8,4,4,2203,1504,441,458,3,0,3,2741,9,32,0,0,0,0,0,0,60,lru,0,0,0,0,0,0,8,4,8,0,4,0,0,0,0,0,0,0,0
layer,3,0,2,65,decode,25,8,6,2,1004,767,556,209,0,0,0,1252,8,17,0,0,0,0,0,0,60,lru,0,0,0,0,0,0,8,6,8,2,0,0,0,0,0,0,0,0,0
layer,3,0,2,65,decode,26,8,7,1,504,380,378,83,1,0,1,754,9,17,0,0,0,0,0,0,60,lru,0,0,0,0,0,0,8,7,8,0,1,0,0,0,0,0,0,0,0
layer,3,0,2,65,decode,27,8,6,2,1008,774,495,193,2,0,2,1311,9,24,0,0,0,0,0,0,60,lru,0,0,0,0,0,0,8,6,8,0,2,0,0,0,0,0,0,0,0
layer,3,0,2,65,decode,28,8,6,2,988,771,400,140,0,0,0,1229,8,16,0,0,0,0,0,0,59,lru,0,0,0,0,0,0,8,6,8,2,0,0,0,0,0,0,0,0,0
layer,3,0,2,65,decode,29,8,7,1,509,401,788,68,0,0,0,666,9,16,0,0,0,0,0,0,58,lru,0,0,0,0,0,0,8,7,8,1,0,0,0,0,0,0,0,0,0
layer,3,0,2,65,decode,30,8,7,1,482,390,390,116,2,0,2,658,11,23,0,0,0,0,0,0,60,lru,0,0,0,0,0,0,8,7,8,0,1,0,2,0,0,0,0,0,0
layer,3,0,2,65,decode,31,8,6,2,1013,796,506,140,0,0,0,1238,9,18,0,0,0,0,0,0,55,lru,0,0,0,0,0,0,8,6,8,2,0,0,0,0,0,0,0,0,0
layer,3,0,2,65,decode,32,8,7,1,500,374,402,148,0,0,0,703,10,20,0,0,0,0,0,0,45,lru,0,0,0,0,0,0,8,7,8,1,0,0,2,0,0,0,0,0,0
layer,3,0,2,65,decode,33,8,7,1,503,368,450,76,0,0,0,730,9,17,0,0,0,0,0,0,53,lru,0,0,0,0,0,0,8,7,8,1,0,0,0,0,0,0,0,0,0
layer,3,0,2,65,decode,34,8,6,2,1093,827,385,200,0,0,0,1330,7,17,0,0,0,0,0,0,59,lru,0,0,0,0,0,0,8,6,8,2,0,0,2,0,0,0,0,0,0
layer,3,0,2,65,decode,35,8,8,0,0,0,463,0,0,0,0,20,8,2,0,0,0,0,0,0,52,lru,0,0,0,0,0,0,8,8,8,0,0,0,0,0,0,0,0,0,0
layer,3,0,2,65,decode,36,8,6,2,1013,742,457,342,0,0,0,1365,8,8,0,0,0,0,0,0,44,lru,0,0,0,0,0,0,8,6,8,2,0,0,2,0,0,0,0,0,0
layer,3,0,2,65,decode,37,8,6,2,1068,782,410,289,0,0,0,1294,8,15,0,0,0,0,0,0,35,lru,0,0,0,0,0,0,8,6,8,2,0,0,2,0,0,0,0,0,0
layer,3,0,2,65,decode,38,8,6,2,1122,821,493,158,0,0,0,1375,8,18,0,0,0,0,0,0,31,lru,0,0,0,0,0,0,8,6,8,2,0,0,0,0,0,0,0,0,0
layer,3,0,2,65,decode,39,8,4,4,2285,1647,827,375,0,0,0,2751,10,18,0,0,0,0,0,0,39,lru,0,0,0,0,0,0,8,4,8,4,0,0,2,0,0,0,0,0,0
request,3,0,2,0,decode,-1,0,0,0,0,0,0,0,0,0,0,0,0,0,0,0,0,0,0,0,0,,75645,530,0,0,13,0,0,0,0,0,0,0,0,0,0,0,0,0,0
layer,4,0,3,66,decode,0,8,0,8,4199,3055,150,706,0,0,0,5120,11,29,0,0,0,0,0,0,47,lru,0,0,0,0,0,0,8,0,8,8,0,0,1,0,0,0,0,0,0
layer,4,0,3,66,decode,1,8,5,3,1497,1144,161,325,0,0,0,1797,7,15,0,0,0,0,0,0,35,lru,0,0,0,0,0,0,8,5,8,3,0,0,1,0,0,0,0,0,0
layer,4,0,3,66,decode,2,8,7,1,513,393,146,161,0,0,0,665,7,20,0,0,0,0,0,0,33,lru,0,0,0,0,0,0,8,7,8,1,0,0,0,0,0,0,0,0,0
layer,4,0,3,66,decode,3,8,5,3,1731,1100,166,201,0,0,0,2118,7,8,0,0,0,0,0,0,47,lru,0,0,0,0,0,0,8,5,8,3,0,0,0,0,0,0,0,0,0
layer,4,0,3,66,decode,4,8,5,3,1551,1152,174,346,0,0,0,1915,7,17,0,0,0,0,0,0,37,lru,0,0,0,0,0,0,8,5,8,3,0,0,0,0,0,0,0,0,0
layer,4,0,3,66,decode,5,8,4,4,1989,1544,160,380,0,0,0,2457,7,12,0,0,0,0,0,0,36,lru,0,0,0,0,0,0,8,4,8,4,0,0,0,0,0,0,0,0,0
layer,4,0,3,66,decode,6,8,7,1,560,380,145,95,0,0,0,721,7,16,0,0,0,0,0,0,47,lru,0,0,0,0,0,0,8,7,8,1,0,0,1,0,0,0,0,0,0
layer,4,0,3,66,decode,7,8,5,3,1795,1092,186,415,0,0,0,2129,7,2,0,0,0,0,0,0,52,lru,0,0,0,0,0,0,8,5,8,3,0,0,0,0,0,0,0,0,0
layer,4,0,3,66,decode,8,8,5,3,1771,1136,155,208,0,0,0,2077,7,4,0,0,0,0,0,0,44,lru,0,0,0,0,0,0,8,5,8,3,0,0,0,0,0,0,0,0,0
layer,4,0,3,66,decode,9,8,4,4,2260,1501,159,339,0,0,0,2715,7,11,0,0,0,0,0,0,49,lru,0,0,0,0,0,0,8,4,8,4,0,0,1,0,0,0,0,0,0
layer,4,0,3,66,decode,10,8,5,3,1534,1139,152,343,0,0,0,1971,7,26,0,0,0,0,0,0,43,lru,0,0,0,0,0,0,8,5,8,3,0,0,0,0,0,0,0,0,0
layer,4,0,3,66,decode,11,8,6,2,972,781,161,135,0,0,0,1195,7,7,0,0,0,0,0,0,48,lru,0,0,0,0,0,0,8,6,8,2,0,0,0,0,0,0,0,0,0
layer,4,0,3,66,decode,12,8,4,4,2003,1540,153,402,0,0,0,2487,7,7,0,0,0,0,0,0,52,lru,0,0,0,0,0,0,8,4,8,4,0,0,0,0,0,0,0,0,0
layer,4,0,3,66,decode,13,8,7,1,486,387,174,101,0,0,0,682,7,15,0,0,0,0,0,0,48,lru,0,0,0,0,0,0,8,7,8,1,0,0,1,0,0,0,0,0,0
layer,4,0,3,66,decode,14,8,7,1,493,404,145,196,0,0,0,688,7,33,0,0,0,0,0,0,50,lru,0,0,0,0,0,0,8,7,8,1,0,0,0,0,0,0,0,0,0
layer,4,0,3,66,decode,15,8,5,3,1469,1175,159,332,5,0,5,1786,7,8,0,0,0,0,0,0,60,lru,0,0,0,0,0,0,8,5,8,0,3,0,0,0,0,0,0,0,0
layer,4,0,3,66,decode,16,8,6,2,1220,767,155,105,0,0,0,1457,7,32,0,0,0,0,0,0,54,lru,0,0,0,0,0,0,8,6,8,2,0,0,0,0,0,0,0,0,0
layer,4,0,3,66,decode,17,8,4,4,2028,1587,160,293,0,0,0,2343,7,13,0,0,0,0,0,0,59,lru,0,0,0,0,0,0,8,4,8,4,0,0,0,0,0,0,0,0,0
layer,4,0,3,66,decode,18,8,5,3,1579,1127,143,169,5,0,5,1938,7,6,0,0,0,0,0,0,60,lru,0,0,0,0,0,0,8,5,8,0,3,0,1,0,0,0,0,0,0
layer,4,0,3,66,decode,19,8,5,3,1477,1160,159,491,0,0,0,1848,7,17,0,0,0,0,0,0,57,lru,0,0,0,0,0,0,8,5,8,3,0,0,0,0,0,0,0,0,0
layer,4,0,3,66,decode,20,8,6,2,967,783,154,241,0,0,0,1225,7,13,0,0,0,0,0,0,60,lru,0,0,0,0,0,0,8,6,8,2,0,0,1,0,0,0,0,0,0
layer,4,0,3,66,decode,21,8,5,3,1491,1151,162,229,2,0,2,1867,7,14,0,0,0,0,0,0,60,lru,0,0,0,0,0,0,8,5,8,0,3,0,1,0,0,0,0,0,0
layer,4,0,3,66,decode,22,8,5,3,1548,1157,154,515,1,0,1,1965,7,20,0,0,0,0,0,0,60,lru,0,0,0,0,0,0,8,5,8,1,2,0,0,0,0,0,0,0,0
layer,4,0,3,66,decode,23,8,6,2,975,778,160,171,2,0,2,1221,13,7,0,0,0,0,0,0,60,lru,0,0,0,0,0,0,8,6,8,0,2,0,1,0,0,0,0,0,0
layer,4,0,3,66,decode,24,8,5,3,1483,1176,156,308,2,0,2,1795,7,4,0,0,0,0,0,0,60,lru,0,0,0,0,0,0,8,5,8,0,3,0,0,0,0,0,0,0,0
layer,4,0,3,66,decode,25,8,5,3,1743,1126,159,458,2,0,2,2110,7,14,0,0,0,0,0,0,60,lru,0,0,0,0,0,0,8,5,8,0,3,0,0,0,0,0,0,0,0
layer,4,0,3,66,decode,26,8,4,4,2132,1522,142,357,1,0,1,2566,7,11,0,0,0,0,0,0,60,lru,0,0,0,0,0,0,8,4,8,0,4,0,1,0,0,0,0,0,0
layer,4,0,3,66,decode,27,8,6,2,991,775,164,226,1,0,1,1221,7,12,0,0,0,0,0,0,60,lru,0,0,0,0,0,0,8,6,8,0,2,0,3,0,0,0,0,0,0
layer,4,0,3,66,decode,28,8,3,5,2518,1937,153,527,1,0,1,3063,7,10,0,0,0,0,0,0,60,lru,0,0,0,0,0,0,8,3,8,1,4,0,0,0,0,0,0,0,0
layer,4,0,3,66,decode,29,8,6,2,1011,761,162,216,0,0,0,1264,7,9,0,0,0,0,0,0,60,lru,0,0,0,0,0,0,8,6,8,2,0,0,0,0,0,0,0,0,0
layer,4,0,3,66,decode,30,8,7,1,503,392,143,175,1,0,1,645,7,15,0,0,0,0,0,0,60,lru,0,0,0,0,0,0,8,7,8,0,1,0,3,0,0,0,0,0,0
layer,4,0,3,66,decode,31,8,6,2,1010,780,160,170,0,0,0,1198,7,6,0,0,0,0,0,0,57,lru,0,0,0,0,0,0,8,6,8,2,0,0,0,0,0,0,0,0,0
layer,4,0,3,66,decode,32,8,6,2,1001,780,156,142,0,0,0,1218,7,18,0,0,0,0,0,0,47,lru,0,0,0,0,0,0,8,6,8,2,0,0,0,0,0,0,0,0,0
layer,4,0,3,66,decode,33,8,3,5,2603,1917,160,644,0,0,0,3192,7,12,0,0,0,0,0,0,58,lru,0,0,0,0,0,0,8,3,8,5,0,0,0,0,0,0,0,0,0
layer,4,0,3,66,decode,34,8,6,2,1068,813,144,104,1,0,1,1278,7,7,0,0,0,0,0,0,60,lru,0,0,0,0,0,0,8,6,8,1,1,0,0,0,0,0,0,0,0
layer,4,0,3,66,decode,35,8,7,1,477,388,172,99,0,0,0,702,7,22,0,0,0,0,0,0,53,lru,0,0,0,0,0,0,8,7,8,1,0,0,2,0,0,0,0,0,0
layer,4,0,3,66,decode,36,8,6,2,1018,764,156,146,0,0,0,1273,7,20,0,0,0,0,0,0,46,lru,0,0,0,0,0,0,8,6,8,2,0,0,0,0,0,0,0,0,0
layer,4,0,3,66,decode,37,8,4,4,2115,1548,162,377,0,0,0,2492,7,17,0,0,0,0,0,0,39,lru,0,0,0,0,0,0,8,4,8,4,0,0,0,0,0,0,0,0,0
layer,4,0,3,66,decode,38,8,4,4,2189,1656,143,239,0,0,0,2523,7,14,0,0,0,0,0,0,35,lru,0,0,0,0,0,0,8,4,8,4,0,0,0,0,0,0,0,0,0
layer,4,0,3,66,decode,39,8,1,7,3932,2863,671,595,0,0,0,4586,8,14,0,0,0,0,0,0,46,lru,0,0,0,0,0,0,8,1,8,7,0,0,0,0,0,0,0,0,0
request,4,0,3,0,decode,-1,0,0,0,0,0,0,0,0,0,0,0,0,0,0,0,0,0,0,0,0,,85547,669,0,0,21,0,0,0,0,0,0,0,0,0,0,0,0,0,0
layer,5,0,4,67,decode,0,8,6,2,1054,731,180,159,0,0,0,1388,10,3,0,0,0,0,0,0,49,lru,0,0,0,0,0,0,8,6,8,2,0,0,1,0,0,0,0,0,0
layer,5,0,4,67,decode,1,8,7,1,504,383,160,100,0,0,0,647,8,13,0,0,0,0,0,0,36,lru,0,0,0,0,0,0,8,7,8,1,0,0,1,0,0,0,0,0,0
layer,5,0,4,67,decode,2,8,6,2,1042,773,143,195,0,0,0,1285,7,11,0,0,0,0,0,0,35,lru,0,0,0,0,0,0,8,6,8,2,0,0,0,0,0,0,0,0,0
layer,5,0,4,67,decode,3,8,6,2,986,753,161,293,0,0,0,1275,8,5,0,0,0,0,0,0,49,lru,0,0,0,0,0,0,8,6,8,2,0,0,0,0,0,0,0,0,0
layer,5,0,4,67,decode,4,8,5,3,1551,1153,155,223,0,0,0,1887,7,4,0,0,0,0,0,0,40,lru,0,0,0,0,0,0,8,5,8,3,0,0,0,0,0,0,0,0,0
layer,5,0,4,67,decode,5,8,7,1,496,387,161,87,0,0,0,640,7,14,0,0,0,0,0,0,37,lru,0,0,0,0,0,0,8,7,8,1,0,0,0,0,0,0,0,0,0
layer,5,0,4,67,decode,6,8,7,1,519,412,155,186,0,0,0,732,7,24,0,0,0,0,0,0,48,lru,0,0,0,0,0,0,8,7,8,1,0,0,0,0,0,0,0,0,0
layer,5,0,4,67,decode,7,8,7,1,521,423,162,106,0,0,0,680,8,17,0,0,0,0,0,0,53,lru,0,0,0,0,0,0,8,7,8,1,0,0,0,0,0,0,0,0,0
layer,5,0,4,67,decode,8,8,5,3,1548,1184,154,445,0,0,0,1901,7,10,0,0,0,0,0,0,47,lru,0,0,0,0,0,0,8,5,8,3,0,0,0,0,0,0,0,0,0
layer,5,0,4,67,decode,9,8,5,3,1499,1152,162,373,0,0,0,1897,7,17,0,0,0,0,0,0,52,lru,0,0,0,0,0,0,8,5,8,3,0,0,0,0,0,0,0,0,0
layer,5,0,4,67,decode,10,8,8,0,0,0,163,0,0,0,0,19,7,2,0,0,0,0,0,0,43,lru,0,0,0,0,0,0,8,8,8,0,0,0,0,0,0,0,0,0,0
layer,5,0,4,67,decode,11,8,7,1,487,395,161,115,0,0,0,596,7,12,0,0,0,0,0,0,49,lru,0,0,0,0,0,0,8,7,8,1,0,0,0,0,0,0,0,0,0
layer,5,0,4,67,decode,12,8,7,1,486,385,182,76,0,0,0,673,7,15,0,0,0,0,0,0,53,lru,0,0,0,0,0,0,8,7,8,1,0,0,0,0,0,0,0,0,0
layer,5,0,4,67,decode,13,8,5,3,1484,1161,160,478,0,0,0,1824,7,20,0,0,0,0,0,0,51,lru,0,0,0,0,0,0,8,5,8,3,0,0,0,0,0,0,0,0,0
layer,5,0,4,67,decode,14,8,7,1,500,398,145,77,0,0,0,618,7,14,0,0,0,0,0,0,51,lru,0,0,0,0,0,0,8,7,8,1,0,0,0,0,0,0,0,0,0
layer,5,0,4,67,decode,15,8,6,2,1235,756,161,257,5,0,5,1496,7,6,0,0,0,0,0,0,60,lru,0,0,0,0,0,0,8,6,8,0,2,0,0,0,0,0,0,0,0
layer,5,0,4,67,decode,16,8,8,0,0,0,181,0,0,0,0,19,7,2,0,0,0,0,0,0,54,lru,0,0,0,0,0,0,8,8,8,0,0,0,1,0,0,0,0,0,0
layer,5,0,4,67,decode,17,8,8,0,0,0,186,0,0,0,0,16,7,2,0,0,0,0,0,0,59,lru,0,0,0,0,0,0,8,8,8,0,0,0,0,0,0,0,0,0,0
layer,5,0,4,67,decode,18,8,8,0,0,0,165,0,0,0,0,17,7,2,0,0,0,0,0,0,60,lru,0,0,0,0,0,0,8,8,8,0,0,0,0,0,0,0,0,0,0
layer,5,0,4,67,decode,19,8,8,0,0,0,186,0,0,0,0,17,8,2,0,0,0,0,0,0,57,lru,0,0,0,0,0,0,8,8,8,0,0,0,0,0,0,0,0,0,0
layer,5,0,4,67,decode,20,8,8,0,0,0,181,0,0,0,0,15,7,1,0,0,0,0,0,0,60,lru,0,0,0,0,0,0,8,8,8,0,0,0,0,0,0,0,0,0,0
layer,5,0,4,67,decode,21,8,6,2,1013,788,162,223,2,0,2,1260,6,15,0,0,0,0,0,0,60,lru,0,0,0,0,0,0,8,6,8,0,2,0,0,0,0,0,0,0,0
layer,5,0,4,67,decode,22,8,8,0,0,0,164,0,0,0,0,18,7,2,0,0,0,0,0,0,60,lru,0,0,0,0,0,0,8,8,8,0,0,0,0,0,0,0,0,0,0
layer,5,0,4,67,decode,23,8,6,2,1246,734,161,93,1,0,1,1484,7,16,0,0,0,0,0,0,60,lru,0,0,0,0,0,0,8,6,8,0,2,0,0,0,0,0,0,0,0
layer,5,0,4,67,decode,24,8,7,1,489,404,156,112,1,0,1,611,7,8,0,0,0,0,0,0,60,lru,0,0,0,0,0,0,8,7,8,0,1,0,0,0,0,0,0,0,0
layer,5,0,4,67,decode,25,8,7,1,500,370,187,147,1,0,1,727,7,2,0,0,0,0,0,0,60,lru,0,0,0,0,0,0,8,7,8,0,1,0,0,0,0,0,0,0,0
layer,5,0,4,67,decode,26,8,8,0,0,0,164,0,0,0,0,17,7,1,0,0,0,0,0,0,60,lru,0,0,0,0,0,0,8,8,8,0,0,0,0,0,0,0,0,0,0
layer,5,0,4,67,decode,27,8,7,1,480,382,161,172,1,0,1,667,6,17,0,0,0,0,0,0,60,lru,0,0,0,0,0,0,8,7,8,0,1,0,0,0,0,0,0,0,0
layer,5,0,4,67,decode,28,8,7,1,494,386,174,157,1,0,1,692,7,19,0,0,0,0,0,0,60,lru,0,0,0,0,0,0,8,7,8,0,1,0,0,0,0,0,0,0,0
layer,5,0,4,67,decode,29,8,7,1,541,385,162,105,1,0,1,710,7,18,0,0,0,0,0,0,60,lru,0,0,0,0,0,0,8,7,8,0,1,0,0,0,0,0,0,0,0
layer,5,0,4,67,decode,30,8,6,2,1065,790,141,141,1,0,1,1308,7,21,0,0,0,0,0,0,60,lru,0,0,0,0,0,0,8,6,8,0,2,0,0,0,0,0,0,0,0
layer,5,0,4,67,decode,31,8,8,0,0,0,188,0,0,0,0,17,7,1,0,0,0,0,0,0,57,lru,0,0,0,0,0,0,8,8,8,0,0,0,0,0,0,0,0,0,0
layer,5,0,4,67,decode,32,8,7,1,516,405,156,73,0,0,0,651,6,5,0,0,0,0,0,0,48,lru,0,0,0,0,0,0,8,7,8,1,0,0,0,0,0,0,0,0,0
layer,5,0,4,67,decode,33,8,8,0,0,0,188,0,0,0,0,17,7,1,0,0,0,0,0,0,58,lru,0,0,0,0,0,0,8,8,8,0,0,0,0,0,0,0,0,0,0
layer,5,0,4,67,decode,34,8,7,1,591,364,155,141,1,0,1,913,6,23,0,0,0,0,0,0,60,lru,0,0,0,0,0,0,8,7,8,0,1,0,0,0,0,0,0,0,0
layer,5,0,4,67,decode,35,8,6,2,1254,713,161,278,0,0,0,1512,8,33,0,0,0,0,0,0,55,lru,0,0,0,0,0,0,8,6,8,2,0,0,0,0,0,0,0,0,0
layer,5,0,4,67,decode,36,8,6,2,1045,738,181,377,0,0,0,1352,7,13,0,0,0,0,0,0,48,lru,0,0,0,0,0,0,8,6,8,2,0,0,0,0,0,0,0,0,0
layer,5,0,4,67,decode,37,8,7,1,516,389,181,156,0,0,0,703,7,26,0,0,0,0,0,0,40,lru,0,0,0,0,0,0,8,7,8,1,0,0,0,0,0,0,0,0,0
layer,5,0,4,67,decode,38,8,7,1,511,403,145,208,0,0,0,722,7,34,0,0,0,0,0,0,36,lru,0,0,0,0,0,0,8,7,8,1,0,0,0,0,0,0,0,0,0
layer,5,0,4,67,decode,39,8,6,2,1120,745,690,344,0,0,0,1478,7,2,0,0,0,0,0,0,48,lru,0,0,0,0,0,0,8,6,8,2,0,0,0,0,0,0,0,0,0
request,5,0,4,0,decode,-1,0,0,0,0,0,0,0,0,0,0,0,0,0,0,0,0,0,0,0,0,,41447,391,0,0,18,0,0,0,0,0,0,0,0,0,0,0,0,0,0
layer,6,0,5,68,decode,0,8,5,3,1771,1080,155,359,0,0,0,2120,10,20,0,0,0,0,0,0,52,lru,0,0,0,0,0,0,8,5,8,3,0,0,1,0,0,0,0,0,0
layer,6,0,5,68,decode,1,8,8,0,0,0,182,0,0,0,0,22,8,2,0,0,0,0,0,0,36,lru,0,0,0,0,0,0,8,8,8,0,0,0,1,0,0,0,0,0,0
layer,6,0,5,68,decode,2,8,8,0,0,0,162,0,0,0,0,17,7,2,0,0,0,0,0,0,35,lru,0,0,0,0,0,0,8,8,8,0,0,0,0,0,0,0,0,0,0
layer,6,0,5,68,decode,3,8,5,3,1531,1107,172,655,0,0,0,1980,7,22,0,0,0,0,0,0,52,lru,0,0,0,0,0,0,8,5,8,3,0,0,0,0,0,0,0,0,0
layer,6,0,5,68,decode,4,8,4,4,2312,1441,156,513,0,0,0,2799,7,21,0,0,0,0,0,0,44,lru,0,0,0,0,0,0,8,4,8,4,0,0,0,0,0,0,0,0,0
layer,6,0,5,68,decode,5,8,7,1,506,365,169,119,0,0,0,763,7,33,0,0,0,0,0,0,38,lru,0,0,0,0,0,0,8,7,8,1,0,0,0,0,0,0,0,0,0
layer,6,0,5,68,decode,6,8,7,1,522,378,151,205,0,0,0,708,7,18,0,0,0,0,0,0,49,lru,0,0,0,0,0,0,8,7,8,1,0,0,0,0,0,0,0,0,0
layer,6,0,5,68,decode,7,8,7,1,498,385,161,39,0,0,0,648,7,31,0,0,0,0,0,0,54,lru,0,0,0,0,0,0,8,7,8,1,0,0,0,0,0,0,0,0,0
layer,6,0,5,68,decode,8,8,5,3,1509,1143,156,550,0,0,0,1916,7,27,0,0,0,0,0,0,50,lru,0,0,0,0,0,0,8,5,8,3,0,0,0,0,0,0,0,0,0
layer,6,0,5,68,decode,9,8,6,2,974,736,180,282,0,0,0,1281,7,2,0,0,0,0,0,0,54,lru,0,0,0,0,0,0,8,6,8,2,0,0,0,0,0,0,0,0,0
layer,6,0,5,68,decode,10,8,7,1,494,366,145,202,0,0,0,726,7,33,0,0,0,0,0,0,44,lru,0,0,0,0,0,0,8,7,8,1,0,0,0,0,0,0,0,0,0
layer,6,0,5,68,decode,11,8,7,1,483,398,162,98,0,0,0,662,7,35,0,0,0,0,0,0,50,lru,0,0,0,0,0,0,8,7,8,1,0,0,0,0,0,0,0,0,0
layer,6,0,5,68,decode,12,8,7,1,483,383,155,167,0,0,0,684,7,34,0,0,0,0,0,0,54,lru,0,0,0,0,0,0,8,7,8,1,0,0,0,0,0,0,0,0,0
layer,6,0,5,68,decode,13,8,6,2,990,761,161,285,0,0,0,1300,7,33,0,0,0,0,0,0,53,lru,0,0,0,0,0,0,8,6,8,2,0,0,0,0,0,0,0,0,0
layer,6,0,5,68,decode,14,8,8,0,0,0,161,0,0,0,0,18,7,2,0,0,0,0,0,0,51,lru,0,0,0,0,0,0,8,8,8,0,0,0,0,0,0,0,0,0,0
layer,6,0,5,68,decode,15,8,8,0,0,0,182,0,0,0,0,16,7,2,0,0,0,0,0,0,60,lru,0,0,0,0,0,0,8,8,8,0,0,0,0,0,0,0,0,0,0
layer,6,0,5,68,decode,16,8,8,0,0,0,176,0,0,0,0,19,8,1,0,0,0,0,0,0,54,lru,0,0,0,0,0,0,8,8,8,0,0,0,0,0,0,0,0,0,0
layer,6,0,5,68,decode,17,8,7,1,490,398,162,104,0,0,0,653,7,17,0,0,0,0,0,0,60,lru,0,0,0,0,0,0,8,7,8,1,0,0,0,0,0,0,0,0,0
layer,6,0,5,68,decode,18,8,7,1,495,366,152,157,3,0,3,741,13,17,0,0,0,0,0,0,60,lru,0,0,0,0,0,0,8,7,8,0,1,0,0,0,0,0,0,0,0
layer,6,0,5,68,decode,19,8,7,1,705,356,166,117,0,0,0,930,7,26,0,0,0,0,0,0,58,lru,0,0,0,0,0,0,8,7,8,1,0,0,0,0,0,0,0,0,0
layer,6,0,5,68,decode,20,8,6,2,1020,780,156,356,2,0,2,1274,7,18,0,0,0,0,0,0,60,lru,0,0,0,0,0,0,8,6,8,0,2,0,0,0,0,0,0,0,0
layer,6,0,5,68,decode,21,8,7,1,499,387,173,164,1,0,1,697,7,18,0,0,0,0,0,0,60,lru,0,0,0,0,0,0,8,7,8,0,1,0,0,0,0,0,0,0,0
layer,6,0,5,68,decode,22,8,8,0,0,0,160,0,0,0,0,16,7,2,0,0,0,0,0,0,60,lru,0,0,0,0,0,0,8,8,8,0,0,0,0,0,0,0,0,0,0
layer,6,0,5,68,decode,23,8,8,0,0,0,182,0,0,0,0,15,7,1,0,0,0,0,0,0,60,lru,0,0,0,0,0,0,8,8,8,0,0,0,0,0,0,0,0,0,0
layer,6,0,5,68,decode,24,8,7,1,484,365,169,81,1,0,1,733,7,28,0,0,0,0,0,0,60,lru,0,0,0,0,0,0,8,7,8,0,1,0,0,0,0,0,0,0,0
layer,6,0,5,68,decode,25,8,5,3,1509,1130,174,516,1,0,1,1947,7,19,0,0,0,0,0,0,60,lru,0,0,0,0,0,0,8,5,8,0,3,0,0,0,0,0,0,0,0
layer,6,0,5,68,decode,26,8,8,0,0,0,159,0,0,0,0,17,7,2,0,0,0,0,0,0,60,lru,0,0,0,0,0,0,8,8,8,0,0,0,0,0,0,0,0,0,0
layer,6,0,5,68,decode,27,8,7,1,503,383,163,204,1,0,1,679,7,24,0,0,0,0,0,0,60,lru,0,0,0,0,0,0,8,7,8,0,1,0,0,0,0,0,0,0,0
layer,6,0,5,68,decode,28,8,6,2,975,755,155,279,2,0,2,1295,7,22,0,0,0,0,0,0,60,lru,0,0,0,0,0,0,8,6,8,0,2,0,0,0,0,0,0,0,0
layer,6,0,5,68,decode,29,8,8,0,0,0,183,0,0,0,0,17,7,2,0,0,0,0,0,0,60,lru,0,0,0,0,0,0,8,8,8,0,0,0,0,0,0,0,0,0,0
layer,6,0,5,68,decode,30,8,7,1,489,393,143,132,1,0,1,669,6,38,0,0,0,0,0,0,60,lru,0,0,0,0,0,0,8,7,8,0,1,0,0,0,0,0,0,0,0
layer,6,0,5,68,decode,31,8,8,0,0,0,183,0,0,0,0,18,7,1,0,0,0,0,0,0,57,lru,0,0,0,0,0,0,8,8,8,0,0,0,0,0,0,0,0,0,0
layer,6,0,5,68,decode,32,8,7,1,488,378,161,161,0,0,0,723,6,30,0,0,0,0,0,0,49,lru,0,0,0,0,0,0,8,7,8,1,0,0,0,0,0,0,0,0,0
layer,6,0,5,68,decode,33,8,7,1,527,352,172,161,0,0,0,761,7,18,0,0,0,0,0,0,59,lru,0,0,0,0,0,0,8,7,8,1,0,0,0,0,0,0,0,0,0
layer,6,0,5,68,decode,34,8,7,1,567,393,145,101,1,0,1,772,7,21,0,0,0,0,0,0,60,lru,0,0,0,0,0,0,8,7,8,0,1,0,0,0,0,0,0,0,0
layer,6,0,5,68,decode,35,8,8,0,0,0,186,0,0,0,0,17,7,1,0,0,0,0,0,0,55,lru,0,0,0,0,0,0,8,8,8,0,0,0,0,0,0,0,0,0,0
layer,6,0,5,68,decode,36,8,8,0,0,0,179,0,0,0,0,16,6,2,0,0,0,0,0,0,48,lru,0,0,0,0,0,0,8,8,8,0,0,0,0,0,0,0,0,0,0
layer,6,0,5,68,decode,37,8,4,4,2109,1479,185,790,0,0,0,2685,6,2,0,0,0,0,0,0,44,lru,0,0,0,0,0,0,8,4,8,4,0,0,0,0,0,0,0,0,0
layer,6,0,5,68,decode,38,8,6,2,1070,789,143,311,0,0,0,1366,7,18,0,0,0,0,0,0,38,lru,0,0,0,0,0,0,8,6,8,2,0,0,0,0,0,0,0,0,0
layer,6,0,5,68,decode,39,8,2,6,3682,2240,685,882,0,0,0,4457,7,2,0,0,0,0,0,0,54,lru,0,0,0,0,0,0,8,2,8,6,0,0,0,0,0,0,0,0,0
request,6,0,5,0,decode,-1,0,0,0,0,0,0,0,0,0,0,0,0,0,0,0,0,0,0,0,0,,44634,395,0,0,16,0,0,0,0,0,0,0,0,0,0,0,0,0,0
layer,7,0,6,69,decode,0,8,0,8,4670,2882,151,891,0,0,0,5628,9,31,0,0,0,0,0,0,60,lru,0,0,0,0,0,0,8,0,8,8,0,0,0,0,0,0,0,0,0
layer,7,0,6,69,decode,1,8,2,6,3087,2252,157,803,0,0,0,3751,8,34,0,0,0,0,0,0,42,lru,0,0,0,0,0,0,8,2,8,6,0,0,1,0,0,0,0,0,0
layer,7,0,6,69,decode,2,8,8,0,0,0,159,0,0,0,0,22,7,6,0,0,0,0,0,0,35,lru,0,0,0,0,0,0,8,8,8,0,0,0,1,0,0,0,0,0,0
layer,7,0,6,69,decode,3,8,5,3,1750,1072,181,379,0,0,0,2132,7,2,0,0,0,0,0,0,55,lru,0,0,0,0,0,0,8,5,8,3,0,0,0,0,0,0,0,0,0
layer,7,0,6,69,decode,4,8,7,1,771,358,157,96,0,0,0,921,7,24,0,0,0,0,0,0,45,lru,0,0,0,0,0,0,8,7,8,1,0,0,0,0,0,0,0,0,0
layer,7,0,6,69,decode,5,8,7,1,496,360,162,154,0,0,0,749,7,29,0,0,0,0,0,0,39,lru,0,0,0,0,0,0,8,7,8,1,0,0,0,0,0,0,0,0,0
layer,7,0,6,69,decode,6,8,6,2,996,748,144,369,0,0,0,1284,7,28,0,0,0,0,0,0,51,lru,0,0,0,0,0,0,8,6,8,2,0,0,0,0,0,0,0,0,0
layer,7,0,6,69,decode,7,8,6,2,1213,721,162,305,0,0,0,1584,8,31,0,0,0,0,0,0,56,lru,0,0,0,0,0,0,8,6,8,2,0,0,0,0,0,0,0,0,0
layer,7,0,6,69,decode,8,8,6,2,984,768,155,255,0,0,0,1254,7,26,0,0,0,0,0,0,52,lru,0,0,0,0,0,0,8,6,8,2,0,0,0,0,0,0,0,0,0
layer,7,0,6,69,decode,9,8,7,1,495,376,173,215,0,0,0,712,7,36,0,0,0,0,0,0,55,lru,0,0,0,0,0,0,8,7,8,1,0,0,0,0,0,0,0,0,0
layer,7,0,6,69,decode,10,8,6,2,1003,756,145,264,0,0,0,1294,7,12,0,0,0,0,0,0,46,lru,0,0,0,0,0,0,8,6,8,2,0,0,0,0,0,0,0,0,0
layer,7,0,6,69,decode,11,8,6,2,1006,763,169,395,0,0,0,1305,7,32,0,0,0,0,0,0,52,lru,0,0,0,0,0,0,8,6,8,2,0,0,0,0,0,0,0,0,0
layer,7,0,6,69,decode,12,8,6,2,939,757,155,374,0,0,0,1272,7,15,0,0,0,0,0,0,56,lru,0,0,0,0,0,0,8,6,8,2,0,0,0,0,0,0,0,0,0
layer,7,0,6,69,decode,13,8,5,3,1481,1088,172,556,0,0,0,1961,7,10,0,0,0,0,0,0,56,lru,0,0,0,0,0,0,8,5,8,3,0,0,0,0,0,0,0,0,0
layer,7,0,6,69,decode,14,8,5,3,1506,1123,150,556,0,0,0,1871,7,13,0,0,0,0,0,0,54,lru,0,0,0,0,0,0,8,5,8,3,0,0,0,0,0,0,0,0,0
layer,7,0,6,69,decode,15,8,6,2,989,769,161,404,3,0,3,1274,7,29,0,0,0,0,0,0,60,lru,0,0,0,0,0,0,8,6,8,0,2,0,0,0,0,0,0,0,0
layer,7,0,6,69,decode,16,8,6,2,960,768,156,293,0,0,0,1280,8,33,0,0,0,0,0,0,56,lru,0,0,0,0,0,0,8,6,8,2,0,0,0,0,0,0,0,0,0
layer,7,0,6,69,decode,17,8,6,2,977,778,162,213,5,0,5,1266,7,27,0,0,0,0,0,0,60,lru,0,0,0,0,0,0,8,6,8,0,2,0,0,0,0,0,0,0,0
layer,7,0,6,69,decode,18,8,6,2,1016,742,141,192,3,0,3,1313,7,31,0,0,0,0,0,0,60,lru,0,0,0,0,0,0,8,6,8,0,2,0,1,0,0,0,0,0,0
layer,7,0,6,69,decode,19,8,7,1,493,383,174,195,0,0,0,712,7,32,0,0,0,0,0,0,59,lru,0,0,0,0,0,0,8,7,8,1,0,0,0,0,0,0,0,0,0
layer,7,0,6,69,decode,20,8,7,1,468,362,156,157,1,0,1,649,7,15,0,0,0,0,0,0,60,lru,0,0,0,0,0,0,8,7,8,0,1,0,0,0,0,0,0,0,0
layer,7,0,6,69,decode,21,8,8,0,0,0,183,0,0,0,0,17,7,2,0,0,0,0,0,0,60,lru,0,0,0,0,0,0,8,8,8,0,0,0,0,0,0,0,0,0,0
layer,7,0,6,69,decode,22,8,4,4,2060,1483,141,654,2,0,2,2636,6,33,0,0,0,0,0,0,60,lru,0,0,0,0,0,0,8,4,8,0,4,0,0,0,0,0,0,0,0
layer,7,0,6,69,decode,23,8,6,2,1234,739,161,257,2,0,2,1531,7,26,0,0,0,0,0,0,60,lru,0,0,0,0,0,0,8,6,8,0,2,0,0,0,0,0,0,0,0
layer,7,0,6,69,decode,24,8,5,3,1460,1107,175,583,2,0,2,1988,7,2,0,0,0,0,0,0,60,lru,0,0,0,0,0,0,8,5,8,0,3,0,0,0,0,0,0,0,0
layer,7,0,6,69,decode,25,8,6,2,986,734,162,372,2,0,2,1354,7,27,0,0,0,0,0,0,60,lru,0,0,0,0,0,0,8,6,8,0,2,0,0,0,0,0,0,0,0
layer,7,0,6,69,decode,26,8,4,4,2096,1485,142,660,2,0,2,2621,7,19,0,0,0,0,0,0,60,lru,0,0,0,0,0,0,8,4,8,0,4,0,0,0,0,0,0,0,0
layer,7,0,6,69,decode,27,8,6,2,978,768,160,339,1,0,1,1280,8,34,0,0,0,0,0,0,60,lru,0,0,0,0,0,0,8,6,8,0,2,0,0,0,0,0,0,0,0
layer,7,0,6,69,decode,28,8,7,1,478,366,156,180,1,0,1,719,7,18,0,0,0,0,0,0,60,lru,0,0,0,0,0,0,8,7,8,0,1,0,0,0,0,0,0,0,0
layer,7,0,6,69,decode,29,8,6,2,1017,759,173,230,2,0,2,1310,7,20,0,0,0,0,0,0,60,lru,0,0,0,0,0,0,8,6,8,0,2,0,0,0,0,0,0,0,0
layer,7,0,6,69,decode,30,8,5,3,1482,1122,159,282,2,0,2,1927,7,2,0,0,0,0,0,0,60,lru,0,0,0,0,0,0,8,5,8,0,3,0,0,0,0,0,0,0,0
layer,7,0,6,69,decode,31,8,7,1,479,370,163,218,0,0,0,731,7,33,0,0,0,0,0,0,58,lru,0,0,0,0,0,0,8,7,8,1,0,0,0,0,0,0,0,0,0
layer,7,0,6,69,decode,32,8,4,4,1962,1506,155,574,0,0,0,2579,7,29,0,0,0,0,0,0,53,lru,0,0,0,0,0,0,8,4,8,4,0,0,0,0,0,0,0,0,0
layer,7,0,6,69,decode,33,8,6,2,1031,737,161,262,1,0,1,1342,7,30,0,0,0,0,0,0,60,lru,0,0,0,0,0,0,8,6,8,1,1,0,0,0,0,0,0,0,0
layer,7,0,6,69,decode,34,8,7,1,526,362,145,203,1,0,1,693,7,12,0,0,0,0,0,0,60,lru,0,0,0,0,0,0,8,7,8,0,1,0,0,0,0,0,0,0,0
layer,7,0,6,69,decode,35,8,7,1,490,377,178,183,0,0,0,710,7,22,0,0,0,0,0,0,56,lru,0,0,0,0,0,0,8,7,8,1,0,0,0,0,0,0,0,0,0
layer,7,0,6,69,decode,36,8,7,1,554,378,156,104,0,0,0,711,7,16,0,0,0,0,0,0,49,lru,0,0,0,0,0,0,8,7,8,1,0,0,0,0,0,0,0,0,0
layer,7,0,6,69,decode,37,8,5,3,1617,1120,161,435,0,0,0,2032,7,14,0,0,0,0,0,0,47,lru,0,0,0,0,0,0,8,5,8,3,0,0,0,0,0,0,0,0,0
layer,7,0,6,69,decode,38,8,5,3,1595,1152,143,398,0,0,0,2017,7,20,0,0,0,0,0,0,41,lru,0,0,0,0,0,0,8,5,8,3,0,0,1,0,0,0,0,0,0
layer,7,0,6,69,decode,39,8,7,1,541,399,674,149,0,0,0,703,7,29,0,0,0,0,0,0,55,lru,0,0,0,0,0,0,8,7,8,1,0,0,0,0,0,0,0,0,0
request,7,0,6,0,decode,-1,0,0,0,0,0,0,0,0,0,0,0,0,0,0,0,0,0,0,0,0,,68152,551,0,0,16,0,0,0,0,0,0,0,0,0,0,0,0,0,0
layer,8,0,7,70,decode,0,8,3,5,2563,1874,152,593,6,0,6,3212,10,30,0,0,0,0,0,0,60,lru,0,0,0,0,0,0,8,3,8,0,5,0,0,0,0,0,0,0,0
layer,8,0,7,70,decode,1,8,4,4,2013,1493,160,562,0,0,0,2584,7,34,0,0,0,0,0,0,46,lru,0,0,0,0,0,0,8,4,8,4,0,0,1,0,0,0,0,0,0
layer,8,0,7,70,decode,2,8,4,4,2026,1459,147,474,0,0,0,2633,7,33,0,0,0,0,0,0,39,lru,0,0,0,0,0,0,8,4,8,4,0,0,0,0,0,0,0,0,0
layer,8,0,7,70,decode,3,8,5,3,1510,1121,160,398,0,0,0,1958,7,19,0,0,0,0,0,0,58,lru,0,0,0,0,0,0,8,5,8,3,0,0,0,0,0,0,0,0,0
layer,8,0,7,70,decode,4,8,7,1,504,372,156,198,0,0,0,712,7,30,0,0,0,0,0,0,46,lru,0,0,0,0,0,0,8,7,8,1,0,0,0,0,0,0,0,0,0
layer,8,0,7,70,decode,5,8,4,4,1960,1516,165,662,0,0,0,2552,6,34,0,0,0,0,0,0,43,lru,0,0,0,0,0,0,8,4,8,4,0,0,0,0,0,0,0,0,0
layer,8,0,7,70,decode,6,8,6,2,975,745,143,326,0,0,0,1276,7,12,0,0,0,0,0,0,53,lru,0,0,0,0,0,0,8,6,8,2,0,0,0,0,0,0,0,0,0
layer,8,0,7,70,decode,7,8,6,2,970,761,163,340,0,0,0,1303,7,32,0,0,0,0,0,0,58,lru,0,0,0,0,0,0,8,6,8,2,0,0,0,0,0,0,0,0,0
layer,8,0,7,70,decode,8,8,6,2,973,774,160,301,0,0,0,1250,7,24,0,0,0,0,0,0,54,lru,0,0,0,0,0,0,8,6,8,2,0,0,0,0,0,0,0,0,0
layer,8,0,7,70,decode,9,8,7,1,462,363,163,126,0,0,0,706,7,8,0,0,0,0,0,0,56,lru,0,0,0,0,0,0,8,7,8,1,0,0,0,0,0,0,0,0,0
layer,8,0,7,70,decode,10,8,4,4,2074,1498,153,462,0,0,0,2551,9,2,0,0,0,0,0,0,50,lru,0,0,0,0,0,0,8,4,8,4,0,0,0,0,0,0,0,0,0
layer,8,0,7,70,decode,11,8,4,4,2043,1482,160,679,0,0,0,2595,7,28,0,0,0,0,0,0,56,lru,0,0,0,0,0,0,8,4,8,4,0,0,1,0,0,0,0,0,0
layer,8,0,7,70,decode,12,8,5,3,1613,1099,174,449,0,0,0,2039,7,2,0,0,0,0,0,0,59,lru,0,0,0,0,0,0,8,5,8,3,0,0,0,0,0,0,0,0,0
layer,8,0,7,70,decode,13,8,6,2,981,765,164,282,0,0,0,1269,7,16,0,0,0,0,0,0,58,lru,0,0,0,0,0,0,8,6,8,2,0,0,1,0,0,0,0,0,0
layer,8,0,7,70,decode,14,8,7,1,502,392,142,130,0,0,0,693,7,19,0,0,0,0,0,0,55,lru,0,0,0,0,0,0,8,7,8,1,0,0,0,0,0,0,0,0,0
layer,8,0,7,70,decode,15,8,6,2,990,788,163,269,3,0,3,1236,7,30,0,0,0,0,0,0,60,lru,0,0,0,0,0,0,8,6,8,0,2,0,0,0,0,0,0,0,0
layer,8,0,7,70,decode,16,8,8,0,0,0,176,0,0,0,0,20,8,2,0,0,0,0,0,0,56,lru,0,0,0,0,0,0,8,8,8,0,0,0,0,0,0,0,0,0,0
layer,8,0,7,70,decode,17,8,8,0,0,0,184,0,0,0,0,17,7,1,0,0,0,0,0,0,60,lru,0,0,0,0,0,0,8,8,8,0,0,0,0,0,0,0,0,0,0
layer,8,0,7,70,decode,18,8,5,3,1529,1124,156,476,3,0,3,1983,6,2,0,0,0,0,0,0,60,lru,0,0,0,0,0,0,8,5,8,0,3,0,0,0,0,0,0,0,0
layer,8,0,7,70,decode,19,8,7,1,479,379,174,137,0,0,0,691,8,21,0,0,0,0,0,0,60,lru,0,0,0,0,0,0,8,7,8,1,0,0,0,0,0,0,0,0,0
layer,8,0,7,70,decode,20,8,7,1,494,381,168,91,1,0,1,678,7,29,0,0,0,0,0,0,60,lru,0,0,0,0,0,0,8,7,8,0,1,0,1,0,0,0,0,0,0
layer,8,0,7,70,decode,21,8,7,1,488,389,162,172,1,0,1,669,7,17,0,0,0,0,0,0,60,lru,0,0,0,0,0,0,8,7,8,0,1,0,0,0,0,0,0,0,0
layer,8,0,7,70,decode,22,8,7,1,524,398,145,218,1,0,1,709,6,32,0,0,0,0,0,0,60,lru,0,0,0,0,0,0,8,7,8,0,1,0,0,0,0,0,0,0,0
layer,8,0,7,70,decode,23,8,6,2,986,760,174,279,2,0,2,1282,7,29,0,0,0,0,0,0,60,lru,0,0,0,0,0,0,8,6,8,0,2,0,0,0,0,0,0,0,0
layer,8,0,7,70,decode,24,8,4,4,1999,1543,154,684,2,0,2,2513,7,25,0,0,0,0,0,0,60,lru,0,0,0,0,0,0,8,4,8,0,4,0,0,0,0,0,0,0,0
layer,8,0,7,70,decode,25,8,8,0,0,0,183,0,0,0,0,18,7,1,0,0,0,0,0,0,60,lru,0,0,0,0,0,0,8,8,8,0,0,0,0,0,0,0,0,0,0
layer,8,0,7,70,decode,26,8,6,2,1028,749,159,300,2,0,2,1316,7,15,0,0,0,0,0,0,60,lru,0,0,0,0,0,0,8,6,8,0,2,0,0,0,0,0,0,0,0
layer,8,0,7,70,decode,27,8,5,3,1492,1152,174,448,2,0,2,1892,8,29,0,0,0,0,0,0,60,lru,0,0,0,0,0,0,8,5,8,0,3,0,0,0,0,0,0,0,0
layer,8,0,7,70,decode,28,8,7,1,482,376,177,286,1,0,1,690,7,2,0,0,0,0,0,0,60,lru,0,0,0,0,0,0,8,7,8,0,1,0,0,0,0,0,0,0,0
layer,8,0,7,70,decode,29,8,7,1,495,381,174,146,1,0,1,729,7,33,0,0,0,0,0,0,60,lru,0,0,0,0,0,0,8,7,8,0,1,0,0,0,0,0,0,0,0
layer,8,0,7,70,decode,30,8,3,5,2524,1874,140,836,2,0,2,3256,7,33,0,0,0,0,0,0,60,lru,0,0,0,0,0,0,8,3,8,0,5,0,0,0,0,0,0,0,0
layer,8,0,7,70,decode,31,8,8,0,0,0,184,0,0,0,0,18,8,1,0,0,0,0,0,0,58,lru,0,0,0,0,0,0,8,8,8,0,0,0,1,0,0,0,0,0,0
layer,8,0,7,70,decode,32,8,8,0,0,0,176,0,0,0,0,15,7,1,0,0,0,0,0,0,53,lru,0,0,0,0,0,0,8,8,8,0,0,0,0,0,0,0,0,0,0
layer,8,0,7,70,decode,33,8,6,2,1042,775,184,337,3,0,3,1362,7,12,0,0,0,0,0,0,60,lru,0,0,0,0,0,0,8,6,8,0,2,0,0,0,0,0,0,0,0
layer,8,0,7,70,decode,34,8,7,1,524,395,144,71,1,0,1,700,7,28,0,0,0,0,0,0,60,lru,0,0,0,0,0,0,8,7,8,0,1,0,0,0,0,0,0,0,0
layer,8,0,7,70,decode,35,8,8,0,0,0,185,0,0,0,0,17,8,2,0,0,0,0,0,0,56,lru,0,0,0,0,0,0,8,8,8,0,0,0,0,0,0,0,0,0,0
layer,8,0,7,70,decode,36,8,7,1,498,385,157,167,0,0,0,665,6,19,0,0,0,0,0,0,50,lru,0,0,0,0,0,0,8,7,8,1,0,0,0,0,0,0,0,0,0
layer,8,0,7,70,decode,37,8,2,6,3178,2239,157,908,0,0,0,3920,7,29,0,0,0,0,0,0,53,lru,0,0,0,0,0,0,8,2,8,6,0,0,0,0,0,0,0,0,0
layer,8,0,7,70,decode,38,8,3,5,2719,1954,162,838,0,0,0,3466,7,13,0,0,0,0,0,0,46,lru,0,0,0,0,0,0,8,3,8,5,0,0,1,0,0,0,0,0,0
layer,8,0,7,70,decode,39,8,5,3,1661,1196,685,631,0,0,0,2080,8,2,0,0,0,0,0,0,58,lru,0,0,0,0,0,0,8,5,8,3,0,0,1,0,0,0,0,0,0
request,8,0,7,0,decode,-1,0,0,0,0,0,0,0,0,0,0,0,0,0,0,0,0,0,0,0,0,,65966,545,0,0,18,0,0,0,0,0,0,0,0,0,0,0,0,0,0
layer,9,0,8,71,decode,0,8,0,8,4203,3024,150,1089,4,0,4,5126,10,23,0,0,0,0,0,0,60,lru,0,0,0,0,0,0,8,0,8,0,8,0,1,0,0,0,0,0,0
layer,9,0,8,71,decode,1,8,2,6,3059,2265,168,868,0,0,0,3787,7,19,0,0,0,0,0,0,52,lru,0,0,0,0,0,0,8,2,8,6,0,0,1,0,0,0,0,0,0
layer,9,0,8,71,decode,2,8,3,5,2546,1850,141,949,0,0,0,3269,7,34,0,0,0,0,0,0,44,lru,0,0,0,0,0,0,8,3,8,5,0,0,1,0,0,0,0,0,0
layer,9,0,8,71,decode,3,8,7,1,497,368,174,122,0,0,0,716,8,25,0,0,0,0,0,0,59,lru,0,0,0,0,0,0,8,7,8,1,0,0,0,0,0,0,0,0,0
layer,9,0,8,71,decode,4,8,5,3,1507,1107,154,520,0,0,0,1983,7,19,0,0,0,0,0,0,49,lru,0,0,0,0,0,0,8,5,8,3,0,0,0,0,0,0,0,0,0
layer,9,0,8,71,decode,5,8,4,4,1982,1473,172,497,0,0,0,2635,7,29,0,0,0,0,0,0,47,lru,0,0,0,0,0,0,8,4,8,4,0,0,0,0,0,0,0,0,0
layer,9,0,8,71,decode,6,8,6,2,1036,751,145,267,0,0,0,1282,7,18,0,0,0,0,0,0,55,lru,0,0,0,0,0,0,8,6,8,2,0,0,0,0,0,0,0,0,0
layer,9,0,8,71,decode,7,8,7,1,501,374,177,198,0,0,0,723,7,27,0,0,0,0,0,0,59,lru,0,0,0,0,0,0,8,7,8,1,0,0,0,0,0,0,0,0,0
layer,9,0,8,71,decode,8,8,6,2,985,769,154,317,0,0,0,1277,8,36,0,0,0,0,0,0,56,lru,0,0,0,0,0,0,8,6,8,2,0,0,0,0,0,0,0,0,0
layer,9,0,8,71,decode,9,8,7,1,491,382,163,159,0,0,0,675,7,19,0,0,0,0,0,0,57,lru,0,0,0,0,0,0,8,7,8,1,0,0,0,0,0,0,0,0,0
layer,9,0,8,71,decode,10,8,8,0,0,0,161,0,0,0,0,18,7,1,0,0,0,0,0,0,50,lru,0,0,0,0,0,0,8,8,8,0,0,0,0,0,0,0,0,0,0
layer,9,0,8,71,decode,11,8,5,3,1505,1123,170,496,0,0,0,1978,7,18,0,0,0,0,0,0,59,lru,0,0,0,0,0,0,8,5,8,3,0,0,0,0,0,0,0,0,0
layer,9,0,8,71,decode,12,8,5,3,1530,1112,173,530,10,0,10,1988,7,2,0,0,0,0,0,0,60,lru,0,0,0,0,0,0,8,5,8,1,2,0,0,0,0,0,0,0,0
layer,9,0,8,71,decode,13,8,8,0,0,0,183,0,0,0,0,17,7,1,0,0,0,0,0,0,58,lru,0,0,0,0,0,0,8,8,8,0,0,0,1,0,0,0,0,0,0
layer,9,0,8,71,decode,14,8,5,3,1770,1092,141,432,0,0,0,2224,6,26,0,0,0,0,0,0,58,lru,0,0,0,0,0,0,8,5,8,3,0,0,0,0,0,0,0,0,0
layer,9,0,8,71,decode,15,8,5,3,1505,1147,181,451,3,0,3,1948,7,8,0,0,0,0,0,0,60,lru,0,0,0,0,0,0,8,5,8,0,3,0,0,0,0,0,0,0,0
layer,9,0,8,71,decode,16,8,4,4,1987,1532,176,631,0,0,0,2516,7,4,0,0,0,0,0,0,60,lru,0,0,0,0,0,0,8,4,8,4,0,0,1,0,0,0,0,0,0
layer,9,0,8,71,decode,17,8,8,0,0,0,185,0,0,0,0,19,8,1,0,0,0,0,0,0,60,lru,0,0,0,0,0,0,8,8,8,0,0,0,1,0,0,0,0,0,0
layer,9,0,8,71,decode,18,8,7,1,524,381,143,164,2,0,2,709,7,20,0,0,0,0,0,0,60,lru,0,0,0,0,0,0,8,7,8,0,1,0,0,0,0,0,0,0,0
layer,9,0,8,71,decode,19,8,8,0,0,0,181,0,0,0,0,17,7,1,0,0,0,0,0,0,60,lru,0,0,0,0,0,0,8,8,8,0,0,0,0,0,0,0,0,0,0
layer,9,0,8,71,decode,20,8,7,1,493,375,165,139,1,0,1,684,7,32,0,0,0,0,0,0,60,lru,0,0,0,0,0,0,8,7,8,0,1,0,0,0,0,0,0,0,0
layer,9,0,8,71,decode,21,8,6,2,1008,755,172,267,2,0,2,1340,7,19,0,0,0,0,0,0,60,lru,0,0,0,0,0,0,8,6,8,0,2,0,0,0,0,0,0,0,0
layer,9,0,8,71,decode,22,8,6,2,1058,731,158,252,3,0,3,1332,8,2,0,0,0,0,0,0,60,lru,0,0,0,0,0,0,8,6,8,0,2,0,0,0,0,0,0,0,0
layer,9,0,8,71,decode,23,8,5,3,1491,1107,165,395,2,0,2,2018,8,16,0,0,0,0,0,0,60,lru,0,0,0,0,0,0,8,5,8,0,3,0,0,0,0,0,0,0,0
layer,9,0,8,71,decode,24,8,6,2,1027,775,155,259,2,0,2,1259,7,24,0,0,0,0,0,0,60,lru,0,0,0,0,0,0,8,6,8,0,2,0,0,0,0,0,0,0,0
layer,9,0,8,71,decode,25,8,7,1,480,377,162,126,1,0,1,672,7,29,0,0,0,0,0,0,60,lru,0,0,0,0,0,0,8,7,8,0,1,0,0,0,0,0,0,0,0
layer,9,0,8,71,decode,26,8,6,2,1049,752,147,355,2,0,2,1396,7,27,0,0,0,0,0,0,60,lru,0,0,0,0,0,0,8,6,8,0,2,0,0,0,0,0,0,0,0
layer,9,0,8,71,decode,27,8,6,2,989,725,176,317,2,0,2,1396,7,35,0,0,0,0,0,0,60,lru,0,0,0,0,0,0,8,6,8,0,2,0,0,0,0,0,0,0,0
layer,9,0,8,71,decode,28,8,4,4,2060,1501,166,538,1,0,1,2618,7,31,0,0,0,0,0,0,60,lru,0,0,0,0,0,0,8,4,8,0,4,0,0,0,0,0,0,0,0
layer,9,0,8,71,decode,29,8,7,1,495,377,195,127,1,0,1,1040,7,359,0,0,0,0,0,0,60,lru,0,0,0,0,0,0,8,7,8,0,1,0,0,0,0,0,0,0,0
layer,9,0,8,71,decode,30,8,7,1,486,367,155,83,1,0,1,705,8,31,0,0,0,0,0,0,60,lru,0,0,0,0,0,0,8,7,8,0,1,0,1,0,0,0,0,0,0
layer,9,0,8,71,decode,31,8,7,1,505,390,161,132,0,0,0,670,7,32,0,0,0,0,0,0,59,lru,0,0,0,0,0,0,8,7,8,1,0,0,0,0,0,0,0,0,0
layer,9,0,8,71,decode,32,8,6,2,1016,773,156,233,0,0,0,1269,7,11,0,0,0,0,0,0,55,lru,0,0,0,0,0,0,8,6,8,2,0,0,0,0,0,0,0,0,0
layer,9,0,8,71,decode,33,8,6,2,1049,750,163,214,2,0,2,1343,7,25,0,0,0,0,0,0,60,lru,0,0,0,0,0,0,8,6,8,0,2,0,0,0,0,0,0,0,0
layer,9,0,8,71,decode,34,8,5,3,1620,1204,143,478,2,0,2,2005,7,21,0,0,0,0,0,0,60,lru,0,0,0,0,0,0,8,5,8,0,3,0,0,0,0,0,0,0,0
layer,9,0,8,71,decode,35,8,8,0,0,0,190,0,0,0,0,18,7,2,0,0,0,0,0,0,56,lru,0,0,0,0,0,0,8,8,8,0,0,0,1,0,0,0,0,0,0
layer,9,0,8,71,decode,36,8,6,2,986,734,175,427,0,0,0,1337,6,29,0,0,0,0,0,0,52,lru,0,0,0,0,0,0,8,6,8,2,0,0,0,0,0,0,0,0,0
layer,9,0,8,71,decode,37,8,6,2,1060,765,193,491,0,0,0,1415,7,14,0,0,0,0,0,0,55,lru,0,0,0,0,0,0,8,6,8,2,0,0,0,0,0,0,0,0,0
layer,9,0,8,71,decode,38,8,5,3,1665,1174,154,335,0,0,0,2113,7,19,0,0,0,0,0,0,49,lru,0,0,0,0,0,0,8,5,8,3,0,0,1,0,0,0,0,0,0
layer,9,0,8,71,decode,39,8,7,1,550,405,682,95,0,0,0,770,8,20,0,0,0,0,0,0,59,lru,0,0,0,0,0,0,8,7,8,1,0,0,1,0,0,0,0,0,0
request,9,0,8,0,decode,-1,0,0,0,0,0,0,0,0,0,0,0,0,0,0,0,0,0,0,0,0,,66963,550,0,0,20,0,0,0,0,0,0,0,0,0,0,0,0,0,0
layer,10,0,9,72,decode,0,8,4,4,2059,1453,184,584,3,0,3,2598,9,3,0,0,0,0,0,0,60,lru,0,0,0,0,0,0,8,4,8,0,4,0,1,0,0,0,0,0,0
layer,10,0,9,72,decode,1,8,2,6,3056,2228,186,978,0,0,0,3865,7,2,0,0,0,0,0,0,58,lru,0,0,0,0,0,0,8,2,8,6,0,0,1,0,0,0,0,0,0
layer,10,0,9,72,decode,2,8,3,5,2520,1877,140,610,0,0,0,3103,7,25,0,0,0,0,0,0,49,lru,0,0,0,0,0,0,8,3,8,5,0,0,1,0,0,0,0,0,0
layer,10,0,9,72,decode,3,8,4,4,2013,1488,172,682,4,0,4,2573,9,34,0,0,0,0,0,0,60,lru,0,0,0,0,0,0,8,4,8,1,3,0,0,0,0,0,0,0,0
layer,10,0,9,72,decode,4,8,6,2,1004,761,157,280,0,0,0,1267,7,22,0,0,0,0,0,0,51,lru,0,0,0,0,0,0,8,6,8,2,0,0,0,0,0,0,0,0,0
layer,10,0,9,72,decode,5,8,7,1,749,352,161,119,0,0,0,943,7,29,0,0,0,0,0,0,48,lru,0,0,0,0,0,0,8,7,8,1,0,0,0,0,0,0,0,0,0
layer,10,0,9,72,decode,6,8,7,1,474,384,145,180,0,0,0,635,8,11,0,0,0,0,0,0,56,lru,0,0,0,0,0,0,8,7,8,1,0,0,0,0,0,0,0,0,0
layer,10,0,9,72,decode,7,8,7,1,486,379,181,116,0,0,0,692,7,25,0,0,0,0,0,0,60,lru,0,0,0,0,0,0,8,7,8,1,0,0,0,0,0,0,0,0,0
layer,10,0,9,72,decode,8,8,8,0,0,0,186,0,0,0,0,17,7,1,0,0,0,0,0,0,56,lru,0,0,0,0,0,0,8,8,8,0,0,0,0,0,0,0,0,0,0
layer,10,0,9,72,decode,9,8,7,1,495,365,193,125,0,0,0,672,6,8,0,0,0,0,0,0,58,lru,0,0,0,0,0,0,8,7,8,1,0,0,0,0,0,0,0,0,0
layer,10,0,9,72,decode,10,8,5,3,1511,1099,156,555,0,0,0,2010,7,17,0,0,0,0,0,0,53,lru,0,0,0,0,0,0,8,5,8,3,0,0,0,0,0,0,0,0,0
layer,10,0,9,72,decode,11,8,7,1,488,365,183,126,0,0,0,702,7,26,0,0,0,0,0,0,60,lru,0,0,0,0,0,0,8,7,8,1,0,0,0,0,0,0,0,0,0
layer,10,0,9,72,decode,12,8,7,1,473,366,179,215,4,0,4,730,7,28,0,0,0,0,0,0,60,lru,0,0,0,0,0,0,8,7,8,0,1,0,1,0,0,0,0,0,0
layer,10,0,9,72,decode,13,8,7,1,502,387,163,151,0,0,0,650,8,21,0,0,0,0,0,0,59,lru,0,0,0,0,0,0,8,7,8,1,0,0,1,0,0,0,0,0,0
layer,10,0,9,72,decode,14,8,7,1,492,394,144,169,0,0,0,690,7,31,0,0,0,0,0,0,59,lru,0,0,0,0,0,0,8,7,8,1,0,0,0,0,0,0,0,0,0
layer,10,0,9,72,decode,15,8,7,1,494,379,179,135,2,0,2,667,7,26,0,0,0,0,0,0,60,lru,0,0,0,0,0,0,8,7,8,0,1,0,0,0,0,0,0,0,0
layer,10,0,9,72,decode,16,8,7,1,713,362,163,130,4,0,4,934,8,34,0,0,0,0,0,0,60,lru,0,0,0,0,0,0,8,7,8,0,1,0,0,0,0,0,0,0,0
layer,10,0,9,72,decode,17,8,7,1,739,352,181,194,4,0,4,929,7,29,0,0,0,0,0,0,60,lru,0,0,0,0,0,0,8,7,8,0,1,0,0,0,0,0,0,0,0
layer,10,0,9,72,decode,18,8,6,2,1006,761,152,175,3,0,3,1296,7,23,0,0,0,0,0,0,60,lru,0,0,0,0,0,0,8,6,8,0,2,0,0,0,0,0,0,0,0
layer,10,0,9,72,decode,19,8,6,2,957,742,181,311,3,0,3,1311,7,35,0,0,0,0,0,0,60,lru,0,0,0,0,0,0,8,6,8,0,2,0,0,0,0,0,0,0,0
layer,10,0,9,72,decode,20,8,7,1,473,385,156,228,1,0,1,662,7,19,0,0,0,0,0,0,60,lru,0,0,0,0,0,0,8,7,8,0,1,0,0,0,0,0,0,0,0
layer,10,0,9,72,decode,21,8,8,0,0,0,190,0,0,0,0,17,7,2,0,0,0,0,0,0,60,lru,0,0,0,0,0,0,8,8,8,0,0,0,0,0,0,0,0,0,0
layer,10,0,9,72,decode,22,8,7,1,508,375,145,183,1,0,1,715,7,20,0,0,0,0,0,0,60,lru,0,0,0,0,0,0,8,7,8,0,1,0,0,0,0,0,0,0,0
layer,10,0,9,72,decode,23,8,8,0,0,0,187,0,0,0,0,16,7,1,0,0,0,0,0,0,60,lru,0,0,0,0,0,0,8,8,8,0,0,0,0,0,0,0,0,0,0
layer,10,0,9,72,decode,24,8,8,0,0,0,183,0,0,0,0,17,8,1,0,0,0,0,0,0,60,lru,0,0,0,0,0,0,8,8,8,0,0,0,0,0,0,0,0,0,0
layer,10,0,9,72,decode,25,8,7,1,496,371,182,173,1,0,1,703,7,33,0,0,0,0,0,0,60,lru,0,0,0,0,0,0,8,7,8,0,1,0,0,0,0,0,0,0,0
layer,10,0,9,72,decode,26,8,8,0,0,0,165,0,0,0,0,17,8,2,0,0,0,0,0,0,60,lru,0,0,0,0,0,0,8,8,8,0,0,0,0,0,0,0,0,0,0
layer,10,0,9,72,decode,27,8,6,2,980,768,161,256,2,0,2,1271,7,22,0,0,0,0,0,0,60,lru,0,0,0,0,0,0,8,6,8,0,2,0,0,0,0,0,0,0,0
layer,10,0,9,72,decode,28,8,8,0,0,0,182,0,0,0,0,17,8,2,0,0,0,0,0,0,60,lru,0,0,0,0,0,0,8,8,8,0,0,0,0,0,0,0,0,0,0
layer,10,0,9,72,decode,29,8,6,2,997,745,161,293,2,0,2,1362,7,21,0,0,0,0,0,0,60,lru,0,0,0,0,0,0,8,6,8,0,2,0,0,0,0,0,0,0,0
layer,10,0,9,72,decode,30,8,7,1,483,397,145,121,1,0,1,625,8,34,0,0,0,0,0,0,60,lru,0,0,0,0,0,0,8,7,8,0,1,0,0,0,0,0,0,0,0
layer,10,0,9,72,decode,31,8,8,0,0,0,183,0,0,0,0,17,7,2,0,0,0,0,0,0,59,lru,0,0,0,0,0,0,8,8,8,0,0,0,0,0,0,0,0,0,0
layer,10,0,9,72,decode,32,8,8,0,0,0,176,0,0,0,0,15,6,1,0,0,0,0,0,0,55,lru,0,0,0,0,0,0,8,8,8,0,0,0,0,0,0,0,0,0,0
layer,10,0,9,72,decode,33,8,7,1,512,384,163,156,1,0,1,677,6,25,0,0,0,0,0,0,60,lru,0,0,0,0,0,0,8,7,8,0,1,0,0,0,0,0,0,0,0
layer,10,0,9,72,decode,34,8,8,0,0,0,161,0,0,0,0,16,7,2,0,0,0,0,0,0,60,lru,0,0,0,0,0,0,8,8,8,0,0,0,0,0,0,0,0,0,0
layer,10,0,9,72,decode,35,8,8,0,0,0,184,0,0,0,0,15,7,1,0,0,0,0,0,0,56,lru,0,0,0,0,0,0,8,8,8,0,0,0,0,0,0,0,0,0,0
layer,10,0,9,72,decode,36,8,7,1,481,393,156,249,0,0,0,690,7,25,0,0,0,0,0,0,53,lru,0,0,0,0,0,0,8,7,8,1,0,0,0,0,0,0,0,0,0
layer,10,0,9,72,decode,37,8,5,3,1575,1129,184,428,0,0,0,2017,7,2,0,0,0,0,0,0,58,lru,0,0,0,0,0,0,8,5,8,3,0,0,0,0,0,0,0,0,0
layer,10,0,9,72,decode,38,8,7,1,536,396,146,160,0,0,0,712,7,25,0,0,0,0,0,0,50,lru,0,0,0,0,0,0,8,7,8,1,0,0,0,0,0,0,0,0,0
layer,10,0,9,72,decode,39,8,6,2,1087,803,677,244,1,0,1,1364,7,29,0,0,0,0,0,0,60,lru,0,0,0,0,0,0,8,6,8,1,1,0,0,0,0,0,0,0,0
request,10,0,9,0,decode,-1,0,0,0,0,0,0,0,0,0,0,0,0,0,0,0,0,0,0,0,0,,46581,985,0,0,585,0,0,0,0,0,0,0,0,0,0,0,0,0,0
layer,11,0,10,73,decode,0,8,2,6,3227,2242,152,842,3,0,3,4050,11,33,0,0,0,0,0,0,60,lru,0,0,0,0,0,0,8,2,8,0,6,0,1,0,0,0,0,0,0
layer,11,0,10,73,decode,1,8,6,2,1027,741,181,408,0,0,0,1317,8,3,0,0,0,0,0,0,60,lru,0,0,0,0,0,0,8,6,8,2,0,0,1,0,0,0,0,0,0
layer,11,0,10,73,decode,2,8,3,5,2605,1825,146,1075,0,0,0,3299,7,34,0,0,0,0,0,0,54,lru,0,0,0,0,0,0,8,3,8,5,0,0,0,0,0,0,0,0,0
layer,11,0,10,73,decode,3,8,5,3,1489,1140,161,479,3,0,3,1818,7,25,0,0,0,0,0,0,60,lru,0,0,0,0,0,0,8,5,8,0,3,0,1,0,0,0,0,0,0
layer,11,0,10,73,decode,4,8,6,2,1004,749,167,369,0,0,0,1324,6,5,0,0,0,0,0,0,53,lru,0,0,0,0,0,0,8,6,8,2,0,0,1,0,0,0,0,0,0
layer,11,0,10,73,decode,5,8,6,2,972,744,169,371,0,0,0,1317,7,18,0,0,0,0,0,0,50,lru,0,0,0,0,0,0,8,6,8,2,0,0,0,0,0,0,0,0,0
layer,11,0,10,73,decode,6,8,8,0,0,0,160,0,0,0,0,22,11,2,0,0,0,0,0,0,56,lru,0,0,0,0,0,0,8,8,8,0,0,0,0,0,0,0,0,0,0
layer,11,0,10,73,decode,7,8,8,0,0,0,183,0,0,0,0,16,7,2,0,0,0,0,0,0,60,lru,0,0,0,0,0,0,8,8,8,0,0,0,0,0,0,0,0,0,0
layer,11,0,10,73,decode,8,8,7,1,480,399,156,205,0,0,0,686,7,32,0,0,0,0,0,0,57,lru,0,0,0,0,0,0,8,7,8,1,0,0,0,0,0,0,0,0,0
layer,11,0,10,73,decode,9,8,8,0,0,0,183,0,0,0,0,19,8,2,0,0,0,0,0,0,58,lru,0,0,0,0,0,0,8,8,8,0,0,0,0,0,0,0,0,0,0
layer,11,0,10,73,decode,10,8,7,1,747,344,152,196,0,0,0,968,7,26,0,0,0,0,0,0,54,lru,0,0,0,0,0,0,8,7,8,1,0,0,0,0,0,0,0,0,0
layer,11,0,10,73,decode,11,8,6,2,990,775,159,445,7,0,7,1281,8,32,0,0,0,0,0,0,60,lru,0,0,0,0,0,0,8,6,8,0,2,0,0,0,0,0,0,0,0
layer,11,0,10,73,decode,12,8,8,0,0,0,175,0,0,0,0,19,7,2,0,0,0,0,0,0,60,lru,0,0,0,0,0,0,8,8,8,0,0,0,0,0,0,0,0,0,0
layer,11,0,10,73,decode,13,8,8,0,0,0,183,0,0,0,0,16,7,1,0,0,0,0,0,0,59,lru,0,0,0,0,0,0,8,8,8,0,0,0,0,0,0,0,0,0,0
layer,11,0,10,73,decode,14,8,7,1,503,383,145,88,0,0,0,684,6,26,0,0,0,0,0,0,60,lru,0,0,0,0,0,0,8,7,8,1,0,0,0,0,0,0,0,0,0
layer,11,0,10,73,decode,15,8,8,0,0,0,182,0,0,0,0,18,7,2,0,0,0,0,0,0,60,lru,0,0,0,0,0,0,8,8,8,0,0,0,1,0,0,0,0,0,0
layer,11,0,10,73,decode,16,8,5,3,1447,1142,154,514,3,0,3,1943,7,16,0,0,0,0,0,0,60,lru,0,0,0,0,0,0,8,5,8,0,3,0,0,0,0,0,0,0,0
layer,11,0,10,73,decode,17,8,6,2,999,758,183,422,4,0,4,1360,7,10,0,0,0,0,0,0,60,lru,0,0,0,0,0,0,8,6,8,0,2,0,0,0,0,0,0,0,0
layer,11,0,10,73,decode,18,8,6,2,1012,746,149,290,3,0,3,1326,7,19,0,0,0,0,0,0,60,lru,0,0,0,0,0,0,8,6,8,0,2,0,0,0,0,0,0,0,0
layer,11,0,10,73,decode,19,8,6,2,1066,778,160,276,3,0,3,1376,7,21,0,0,0,0,0,0,60,lru,0,0,0,0,0,0,8,6,8,0,2,0,0,0,0,0,0,0,0
layer,11,0,10,73,decode,20,8,4,4,1954,1519,165,795,2,0,2,2515,7,31,0,0,0,0,0,0,60,lru,0,0,0,0,0,0,8,4,8,0,4,0,0,0,0,0,0,0,0
layer,11,0,10,73,decode,21,8,7,1,493,368,164,189,1,0,1,720,7,30,0,0,0,0,0,0,60,lru,0,0,0,0,0,0,8,7,8,0,1,0,0,0,0,0,0,0,0
layer,11,0,10,73,decode,22,8,7,1,744,362,143,86,1,0,1,912,7,19,0,0,0,0,0,0,60,lru,0,0,0,0,0,0,8,7,8,0,1,0,0,0,0,0,0,0,0
layer,11,0,10,73,decode,23,8,6,2,988,781,172,389,2,0,2,1287,7,32,0,0,0,0,0,0,60,lru,0,0,0,0,0,0,8,6,8,0,2,0,0,0,0,0,0,0,0
layer,11,0,10,73,decode,24,8,7,1,487,394,156,100,1,0,1,635,7,23,0,0,0,0,0,0,60,lru,0,0,0,0,0,0,8,7,8,0,1,0,0,0,0,0,0,0,0
layer,11,0,10,73,decode,25,8,7,1,489,363,167,209,1,0,1,771,7,32,0,0,0,0,0,0,60,lru,0,0,0,0,0,0,8,7,8,0,1,0,0,0,0,0,0,0,0
layer,11,0,10,73,decode,26,8,6,2,1095,753,143,412,2,0,2,1440,7,25,0,0,0,0,0,0,60,lru,0,0,0,0,0,0,8,6,8,0,2,0,0,0,0,0,0,0,0
layer,11,0,10,73,decode,27,8,5,3,1469,1136,184,376,2,0,2,1908,7,2,0,0,0,0,0,0,60,lru,0,0,0,0,0,0,8,5,8,0,3,0,0,0,0,0,0,0,0
layer,11,0,10,73,decode,28,8,7,1,478,386,156,133,1,0,1,652,7,18,0,0,0,0,0,0,60,lru,0,0,0,0,0,0,8,7,8,0,1,0,0,0,0,0,0,0,0
layer,11,0,10,73,decode,29,8,8,0,0,0,182,0,0,0,0,17,7,2,0,0,0,0,0,0,60,lru,0,0,0,0,0,0,8,8,8,0,0,0,0,0,0,0,0,0,0
layer,11,0,10,73,decode,30,8,8,0,0,0,160,0,0,0,0,15,6,1,0,0,0,0,0,0,60,lru,0,0,0,0,0,0,8,8,8,0,0,0,0,0,0,0,0,0,0
layer,11,0,10,73,decode,31,8,8,0,0,0,182,0,0,0,0,15,7,1,0,0,0,0,0,0,59,lru,0,0,0,0,0,0,8,8,8,0,0,0,0,0,0,0,0,0,0
layer,11,0,10,73,decode,32,8,8,0,0,0,177,0,0,0,0,15,7,1,0,0,0,0,0,0,55,lru,0,0,0,0,0,0,8,8,8,0,0,0,0,0,0,0,0,0,0
layer,11,0,10,73,decode,33,8,8,0,0,0,182,0,0,0,0,14,6,1,0,0,0,0,0,0,60,lru,0,0,0,0,0,0,8,8,8,0,0,0,0,0,0,0,0,0,0
layer,11,0,10,73,decode,34,8,6,2,1063,788,154,404,2,0,2,1382,7,27,0,0,0,0,0,0,60,lru,0,0,0,0,0,0,8,6,8,0,2,0,0,0,0,0,0,0,0
layer,11,0,10,73,decode,35,8,8,0,0,0,184,0,0,0,0,18,8,2,0,0,0,0,0,0,56,lru,0,0,0,0,0,0,8,8,8,0,0,0,0,0,0,0,0,0,0
layer,11,0,10,73,decode,36,8,7,1,503,374,163,77,0,0,0,712,9,33,0,0,0,0,0,0,54,lru,0,0,0,0,0,0,8,7,8,1,0,0,0,0,0,0,0,0,0
layer,11,0,10,73,decode,37,8,7,1,522,377,179,155,0,0,0,705,7,15,0,0,0,0,0,0,59,lru,0,0,0,0,0,0,8,7,8,1,0,0,0,0,0,0,0,0,0
layer,11,0,10,73,decode,38,8,7,1,531,379,155,116,0,0,0,771,7,31,0,0,0,0,0,0,51,lru,0,0,0,0,0,0,8,7,8,1,0,0,0,0,0,0,0,0,0
layer,11,0,10,73,decode,39,8,5,3,1656,1202,679,564,2,0,2,2023,7,21,0,0,0,0,0,0,60,lru,0,0,0,0,0,0,8,5,8,0,3,0,0,0,0,0,0,0,0
request,11,0,10,0,decode,-1,0,0,0,0,0,0,0,0,0,0,0,0,0,0,0,0,0,0,0,0,,47657,432,0,0,18,0,0,0,0,0,0,0,0,0,0,0,0,0,0
layer,12,0,11,74,decode,0,8,5,3,1532,1115,175,376,3,0,3,1893,9,2,0,0,0,0,0,0,60,lru,0,0,0,0,0,0,8,5,8,0,3,0,0,0,0,0,0,0,0
layer,12,0,11,74,decode,1,8,7,1,499,367,163,185,5,0,5,733,7,31,0,0,0,0,0,0,60,lru,0,0,0,0,0,0,8,7,8,0,1,0,0,0,0,0,0,0,0
layer,12,0,11,74,decode,2,8,5,3,1503,1098,140,495,0,0,0,1949,8,19,0,0,0,0,0,0,57,lru,0,0,0,0,0,0,8,5,8,3,0,0,0,0,0,0,0,0,0
layer,12,0,11,74,decode,3,8,6,2,1020,763,161,331,4,0,4,1290,7,13,0,0,0,0,0,0,60,lru,0,0,0,0,0,0,8,6,8,0,2,0,0,0,0,0,0,0,0
layer,12,0,11,74,decode,4,8,7,1,489,387,156,122,0,0,0,644,7,30,0,0,0,0,0,0,54,lru,0,0,0,0,0,0,8,7,8,1,0,0,0,0,0,0,0,0,0
layer,12,0,11,74,decode,5,8,5,3,1519,1109,174,413,0,0,0,1952,6,28,0,0,0,0,0,0,53,lru,0,0,0,0,0,0,8,5,8,3,0,0,0,0,0,0,0,0,0
layer,12,0,11,74,decode,6,8,8,0,0,0,159,0,0,0,0,17,7,2,0,0,0,0,0,0,56,lru,0,0,0,0,0,0,8,8,8,0,0,0,0,0,0,0,0,0,0
layer,12,0,11,74,decode,7,8,7,1,479,387,162,185,6,0,6,711,7,27,0,0,0,0,0,0,60,lru,0,0,0,0,0,0,8,7,8,0,1,0,0,0,0,0,0,0,0
layer,12,0,11,74,decode,8,8,6,2,991,737,177,293,0,0,0,1289,7,2,0,0,0,0,0,0,59,lru,0,0,0,0,0,0,8,6,8,2,0,0,0,0,0,0,0,0,0
layer,12,0,11,74,decode,9,8,8,0,0,0,180,0,0,0,0,16,7,2,0,0,0,0,0,0,58,lru,0,0,0,0,0,0,8,8,8,0,0,0,0,0,0,0,0,0,0
layer,12,0,11,74,decode,10,8,8,0,0,0,160,0,0,0,0,16,7,2,0,0,0,0,0,0,54,lru,0,0,0,0,0,0,8,8,8,0,0,0,0,0,0,0,0,0,0
layer,12,0,11,74,decode,11,8,6,2,979,750,161,289,4,0,4,1271,7,30,0,0,0,0,0,0,60,lru,0,0,0,0,0,0,8,6,8,0,2,0,0,0,0,0,0,0,0
layer,12,0,11,74,decode,12,8,8,0,0,0,176,0,0,0,0,19,9,2,0,0,0,0,0,0,60,lru,0,0,0,0,0,0,8,8,8,0,0,0,0,0,0,0,0,0,0
layer,12,0,11,74,decode,13,8,8,0,0,0,182,0,0,0,0,16,6,2,0,0,0,0,0,0,59,lru,0,0,0,0,0,0,8,8,8,0,0,0,0,0,0,0,0,0,0
layer,12,0,11,74,decode,14,8,7,1,505,370,161,119,4,0,4,698,7,3,0,0,0,0,0,0,60,lru,0,0,0,0,0,0,8,7,8,0,1,0,0,0,0,0,0,0,0
layer,12,0,11,74,decode,15,8,8,0,0,0,182,0,0,0,0,18,8,1,0,0,0,0,0,0,60,lru,0,0,0,0,0,0,8,8,8,0,0,0,0,0,0,0,0,0,0
layer,12,0,11,74,decode,16,8,8,0,0,0,177,0,0,0,0,16,7,2,0,0,0,0,0,0,60,lru,0,0,0,0,0,0,8,8,8,0,0,0,0,0,0,0,0,0,0
layer,12,0,11,74,decode,17,8,8,0,0,0,182,0,0,0,0,16,7,1,0,0,0,0,0,0,60,lru,0,0,0,0,0,0,8,8,8,0,0,0,0,0,0,0,0,0,0
layer,12,0,11,74,decode,18,8,7,1,539,367,160,201,2,0,2,750,6,14,0,0,0,0,0,0,60,lru,0,0,0,0,0,0,8,7,8,0,1,0,0,0,0,0,0,0,0
layer,12,0,11,74,decode,19,8,6,2,1233,724,184,243,1,0,1,1576,7,18,0,0,0,0,0,0,60,lru,0,0,0,0,0,0,8,6,8,0,2,0,0,0,0,0,0,0,0
layer,12,0,11,74,decode,20,8,5,3,1506,1142,156,482,2,0,2,1915,7,15,0,0,0,0,0,0,60,lru,0,0,0,0,0,0,8,5,8,0,3,0,0,0,0,0,0,0,0
layer,12,0,11,74,decode,21,8,8,0,0,0,183,0,0,0,0,16,7,1,0,0,0,0,0,0,60,lru,0,0,0,0,0,0,8,8,8,0,0,0,0,0,0,0,0,0,0
layer,12,0,11,74,decode,22,8,8,0,0,0,158,0,0,0,0,15,7,1,0,0,0,0,0,0,60,lru,0,0,0,0,0,0,8,8,8,0,0,0,0,0,0,0,0,0,0
layer,12,0,11,74,decode,23,8,6,2,974,756,182,233,2,0,2,1308,7,3,0,0,0,0,0,0,60,lru,0,0,0,0,0,0,8,6,8,0,2,0,0,0,0,0,0,0,0
layer,12,0,11,74,decode,24,8,7,1,478,375,176,186,1,0,1,685,8,2,0,0,0,0,0,0,60,lru,0,0,0,0,0,0,8,7,8,0,1,0,0,0,0,0,0,0,0
layer,12,0,11,74,decode,25,8,5,3,1470,1129,161,400,2,0,2,1942,8,35,0,0,0,0,0,0,60,lru,0,0,0,0,0,0,8,5,8,0,3,0,0,0,0,0,0,0,0
layer,12,0,11,74,decode,26,8,7,1,520,381,152,154,1,0,1,698,8,18,0,0,0,0,0,0,60,lru,0,0,0,0,0,0,8,7,8,0,1,0,0,0,0,0,0,0,0
layer,12,0,11,74,decode,27,8,5,3,1485,1126,159,454,2,0,2,1911,7,13,0,0,0,0,0,0,60,lru,0,0,0,0,0,0,8,5,8,0,3,0,0,0,0,0,0,0,0
layer,12,0,11,74,decode,28,8,8,0,0,0,177,0,0,0,0,18,7,2,0,0,0,0,0,0,60,lru,0,0,0,0,0,0,8,8,8,0,0,0,0,0,0,0,0,0,0
layer,12,0,11,74,decode,29,8,7,1,509,378,163,135,1,0,1,676,7,25,0,0,0,0,0,0,60,lru,0,0,0,0,0,0,8,7,8,0,1,0,0,0,0,0,0,0,0
layer,12,0,11,74,decode,30,8,7,1,474,378,144,158,1,0,1,685,8,17,0,0,0,0,0,0,60,lru,0,0,0,0,0,0,8,7,8,0,1,0,0,0,0,0,0,0,0
layer,12,0,11,74,decode,31,8,8,0,0,0,183,0,0,0,0,17,8,1,0,0,0,0,0,0,59,lru,0,0,0,0,0,0,8,8,8,0,0,0,0,0,0,0,0,0,0
layer,12,0,11,74,decode,32,8,8,0,0,0,176,0,0,0,0,15,7,1,0,0,0,0,0,0,55,lru,0,0,0,0,0,0,8,8,8,0,0,0,0,0,0,0,0,0,0
layer,12,0,11,74,decode,33,8,8,0,0,0,184,0,0,0,0,15,7,2,0,0,0,0,0,0,60,lru,0,0,0,0,0,0,8,8,8,0,0,0,0,0,0,0,0,0,0
layer,12,0,11,74,decode,34,8,6,2,1067,808,142,210,2,0,2,1307,7,29,0,0,0,0,0,0,60,lru,0,0,0,0,0,0,8,6,8,0,2,0,0,0,0,0,0,0,0
layer,12,0,11,74,decode,35,8,8,0,0,0,184,0,0,0,0,18,8,1,0,0,0,0,0,0,56,lru,0,0,0,0,0,0,8,8,8,0,0,0,0,0,0,0,0,0,0
layer,12,0,11,74,decode,36,8,8,0,0,0,176,0,0,0,0,15,6,2,0,0,0,0,0,0,54,lru,0,0,0,0,0,0,8,8,8,0,0,0,0,0,0,0,0,0,0
layer,12,0,11,74,decode,37,8,6,2,1043,767,163,315,1,0,1,1356,6,31,0,0,0,0,0,0,60,lru,0,0,0,0,0,0,8,6,8,1,1,0,0,0,0,0,0,0,0
layer,12,0,11,74,decode,38,8,7,1,514,407,145,100,0,0,0,671,7,28,0,0,0,0,0,0,52,lru,0,0,0,0,0,0,8,7,8,1,0,0,1,0,0,0,0,0,0
layer,12,0,11,74,decode,39,8,5,3,1655,1173,689,495,2,0,2,2115,7,2,0,0,0,0,0,0,60,lru,0,0,0,0,0,0,8,5,8,0,3,0,0,0,0,0,0,0,0
request,12,0,11,0,decode,-1,0,0,0,0,0,0,0,0,0,0,0,0,0,0,0,0,0,0,0,0,,38655,374,0,0,16,0,0,0,0,0,0,0,0,0,0,0,0,0,0
layer,13,0,12,75,decode,0,8,3,5,2701,1930,166,652,3,0,3,3265,9,34,0,0,0,0,0,0,60,lru,0,0,0,0,0,0,8,3,8,0,5,0,1,0,0,0,0,0,0
layer,13,0,12,75,decode,1,8,7,1,503,372,174,274,2,0,2,719,7,14,0,0,0,0,0,0,60,lru,0,0,0,0,0,0,8,7,8,0,1,0,1,0,0,0,0,0,0
layer,13,0,12,75,decode,2,8,8,0,0,0,159,0,0,0,0,18,7,1,0,0,0,0,0,0,57,lru,0,0,0,0,0,0,8,8,8,0,0,0,0,0,0,0,0,0,0
layer,13,0,12,75,decode,3,8,6,2,998,757,174,234,3,0,3,1260,7,17,0,0,0,0,0,0,60,lru,0,0,0,0,0,0,8,6,8,0,2,0,0,0,0,0,0,0,0
layer,13,0,12,75,decode,4,8,8,0,0,0,177,0,0,0,0,17,7,2,0,0,0,0,0,0,54,lru,0,0,0,0,0,0,8,8,8,0,0,0,0,0,0,0,0,0,0
layer,13,0,12,75,decode,5,8,6,2,983,736,162,399,0,0,0,1314,7,29,0,0,0,0,0,0,55,lru,0,0,0,0,0,0,8,6,8,2,0,0,0,0,0,0,0,0,0
layer,13,0,12,75,decode,6,8,7,1,488,377,153,81,0,0,0,675,7,28,0,0,0,0,0,0,57,lru,0,0,0,0,0,0,8,7,8,1,0,0,0,0,0,0,0,0,0
layer,13,0,12,75,decode,7,8,8,0,0,0,182,0,0,0,0,16,7,1,0,0,0,0,0,0,60,lru,0,0,0,0,0,0,8,8,8,0,0,0,0,0,0,0,0,0,0
layer,13,0,12,75,decode,8,8,8,0,0,0,174,0,0,0,0,15,7,2,0,0,0,0,0,0,59,lru,0,0,0,0,0,0,8,8,8,0,0,0,0,0,0,0,0,0,0
layer,13,0,12,75,decode,9,8,8,0,0,0,183,0,0,0,0,17,7,1,0,0,0,0,0,0,58,lru,0,0,0,0,0,0,8,8,8,0,0,0,0,0,0,0,0,0,0
layer,13,0,12,75,decode,10,8,7,1,496,376,152,85,0,0,0,716,6,20,0,0,0,0,0,0,55,lru,0,0,0,0,0,0,8,7,8,1,0,0,0,0,0,0,0,0,0
layer,13,0,12,75,decode,11,8,5,3,1718,1156,180,452,3,0,3,2129,8,15,0,0,0,0,0,0,60,lru,0,0,0,0,0,0,8,5,8,0,3,0,0,0,0,0,0,0,0
layer,13,0,12,75,decode,12,8,6,2,985,753,165,348,4,0,4,1332,7,32,0,0,0,0,0,0,60,lru,0,0,0,0,0,0,8,6,8,0,2,0,1,0,0,0,0,0,0
layer,13,0,12,75,decode,13,8,8,0,0,0,182,0,0,0,0,17,7,1,0,0,0,0,0,0,59,lru,0,0,0,0,0,0,8,8,8,0,0,0,0,0,0,0,0,0,0
layer,13,0,12,75,decode,14,8,8,0,0,0,160,0,0,0,0,16,6,2,0,0,0,0,0,0,60,lru,0,0,0,0,0,0,8,8,8,0,0,0,0,0,0,0,0,0,0
layer,13,0,12,75,decode,15,8,8,0,0,0,182,0,0,0,0,15,7,1,0,0,0,0,0,0,60,lru,0,0,0,0,0,0,8,8,8,0,0,0,0,0,0,0,0,0,0
layer,13,0,12,75,decode,16,8,7,1,476,391,155,151,3,0,3,640,7,31,0,0,0,0,0,0,60,lru,0,0,0,0,0,0,8,7,8,0,1,0,0,0,0,0,0,0,0
layer,13,0,12,75,decode,17,8,8,0,0,0,183,0,0,0,0,17,7,1,0,0,0,0,0,0,60,lru,0,0,0,0,0,0,8,8,8,0,0,0,0,0,0,0,0,0,0
layer,13,0,12,75,decode,18,8,7,1,524,391,144,114,2,0,2,691,7,20,0,0,0,0,0,0,60,lru,0,0,0,0,0,0,8,7,8,0,1,0,0,0,0,0,0,0,0
layer,13,0,12,75,decode,19,8,5,3,1486,1165,164,454,1,0,1,1816,8,27,0,0,0,0,0,0,60,lru,0,0,0,0,0,0,8,5,8,0,3,0,0,0,0,0,0,0,0
layer,13,0,12,75,decode,20,8,7,1,485,390,156,149,1,0,1,637,7,32,0,0,0,0,0,0,60,lru,0,0,0,0,0,0,8,7,8,0,1,0,0,0,0,0,0,0,0
layer,13,0,12,75,decode,21,8,8,0,0,0,183,0,0,0,0,16,7,1,0,0,0,0,0,0,60,lru,0,0,0,0,0,0,8,8,8,0,0,0,0,0,0,0,0,0,0
layer,13,0,12,75,decode,22,8,7,1,502,385,144,154,1,0,1,692,7,31,0,0,0,0,0,0,60,lru,0,0,0,0,0,0,8,7,8,0,1,0,0,0,0,0,0,0,0
layer,13,0,12,75,decode,23,8,6,2,976,737,180,434,2,0,2,1310,8,2,0,0,0,0,0,0,60,lru,0,0,0,0,0,0,8,6,8,0,2,0,0,0,0,0,0,0,0
layer,13,0,12,75,decode,24,8,6,2,988,782,156,236,2,0,2,1211,7,21,0,0,0,0,0,0,60,lru,0,0,0,0,0,0,8,6,8,0,2,0,0,0,0,0,0,0,0
layer,13,0,12,75,decode,25,8,8,0,0,0,183,0,0,0,0,16,7,1,0,0,0,0,0,0,60,lru,0,0,0,0,0,0,8,8,8,0,0,0,0,0,0,0,0,0,0
layer,13,0,12,75,decode,26,8,7,1,491,383,144,208,1,0,1,721,7,20,0,0,0,0,0,0,60,lru,0,0,0,0,0,0,8,7,8,0,1,0,0,0,0,0,0,0,0
layer,13,0,12,75,decode,27,8,7,1,490,393,162,193,1,0,1,630,8,26,0,0,0,0,0,0,60,lru,0,0,0,0,0,0,8,7,8,0,1,0,0,0,0,0,0,0,0
layer,13,0,12,75,decode,28,8,7,1,495,390,158,175,1,0,1,715,7,31,0,0,0,0,0,0,60,lru,0,0,0,0,0,0,8,7,8,0,1,0,0,0,0,0,0,0,0
layer,13,0,12,75,decode,29,8,7,1,493,386,167,154,1,0,1,713,9,31,0,0,0,0,0,0,60,lru,0,0,0,0,0,0,8,7,8,0,1,0,0,0,0,0,0,0,0
layer,13,0,12,75,decode,30,8,8,0,0,0,159,0,0,0,0,16,7,1,0,0,0,0,0,0,60,lru,0,0,0,0,0,0,8,8,8,0,0,0,0,0,0,0,0,0,0
layer,13,0,12,75,decode,31,8,8,0,0,0,183,0,0,0,0,15,7,1,0,0,0,0,0,0,59,lru,0,0,0,0,0,0,8,8,8,0,0,0,0,0,0,0,0,0,0
layer,13,0,12,75,decode,32,8,7,1,483,377,155,154,0,0,0,699,6,19,0,0,0,0,0,0,56,lru,0,0,0,0,0,0,8,7,8,1,0,0,0,0,0,0,0,0,0
layer,13,0,12,75,decode,33,8,8,0,0,0,185,0,0,0,0,17,7,1,0,0,0,0,0,0,60,lru,0,0,0,0,0,0,8,8,8,0,0,0,0,0,0,0,0,0,0
layer,13,0,12,75,decode,34,8,7,1,525,408,144,140,1,0,1,705,7,23,0,0,0,0,0,0,60,lru,0,0,0,0,0,0,8,7,8,0,1,0,0,0,0,0,0,0,0
layer,13,0,12,75,decode,35,8,7,1,498,380,169,170,0,0,0,722,8,33,0,0,0,0,0,0,57,lru,0,0,0,0,0,0,8,7,8,1,0,0,0,0,0,0,0,0,0
layer,13,0,12,75,decode,36,8,5,3,1559,1097,178,473,0,0,0,2057,7,2,0,0,0,0,0,0,57,lru,0,0,0,0,0,0,8,5,8,3,0,0,0,0,0,0,0,0,0
layer,13,0,12,75,decode,37,8,5,3,1729,1117,161,387,3,0,3,2079,7,20,0,0,0,0,0,0,60,lru,0,0,0,0,0,0,8,5,8,0,3,0,0,0,0,0,0,0,0
layer,13,0,12,75,decode,38,8,5,3,1610,1176,152,465,0,0,0,2027,7,32,0,0,0,0,0,0,55,lru,0,0,0,0,0,0,8,5,8,3,0,0,0,0,0,0,0,0,0
layer,13,0,12,75,decode,39,8,4,4,2187,1568,675,641,2,0,2,2712,7,17,0,0,0,0,0,0,60,lru,0,0,0,0,0,0,8,4,8,0,4,0,0,0,0,0,0,0,0
request,13,0,12,0,decode,-1,0,0,0,0,0,0,0,0,0,0,0,0,0,0,0,0,0,0,0,0,,40776,387,0,0,16,0,0,0,0,0,0,0,0,0,0,0,0,0,0
layer,14,0,13,76,decode,0,8,4,4,2077,1525,166,805,3,0,3,2599,10,33,0,0,0,0,0,0,60,lru,0,0,0,0,0,0,8,4,8,0,4,0,1,0,0,0,0,0,0
layer,14,0,13,76,decode,1,8,6,2,1028,786,160,369,3,0,3,1323,8,34,0,0,0,0,0,0,60,lru,0,0,0,0,0,0,8,6,8,0,2,0,1,0,0,0,0,0,0
layer,14,0,13,76,decode,2,8,7,1,485,372,144,193,0,0,0,714,7,22,0,0,0,0,0,0,58,lru,0,0,0,0,0,0,8,7,8,1,0,0,0,0,0,0,0,0,0
layer,14,0,13,76,decode,3,8,7,1,487,360,183,219,2,0,2,710,8,2,0,0,0,0,0,0,60,lru,0,0,0,0,0,0,8,7,8,0,1,0,0,0,0,0,0,0,0
layer,14,0,13,76,decode,4,8,6,2,995,738,174,301,0,0,0,1299,7,13,0,0,0,0,0,0,56,lru,0,0,0,0,0,0,8,6,8,2,0,0,0,0,0,0,0,0,0
layer,14,0,13,76,decode,5,8,6,2,1015,750,161,296,0,0,0,1307,7,31,0,0,0,0,0,0,57,lru,0,0,0,0,0,0,8,6,8,2,0,0,0,0,0,0,0,0,0
layer,14,0,13,76,decode,6,8,7,1,491,374,148,188,0,0,0,676,7,19,0,0,0,0,0,0,58,lru,0,0,0,0,0,0,8,7,8,1,0,0,0,0,0,0,0,0,0
layer,14,0,13,76,decode,7,8,8,0,0,0,183,0,0,0,0,17,7,1,0,0,0,0,0,0,60,lru,0,0,0,0,0,0,8,8,8,0,0,0,0,0,0,0,0,0,0
layer,14,0,13,76,decode,8,8,7,1,496,398,156,118,0,0,0,668,7,26,0,0,0,0,0,0,60,lru,0,0,0,0,0,0,8,7,8,1,0,0,0,0,0,0,0,0,0
layer,14,0,13,76,decode,9,8,5,3,1484,1147,160,371,4,0,4,1875,8,19,0,0,0,0,0,0,60,lru,0,0,0,0,0,0,8,5,8,2,1,0,0,0,0,0,0,0,0
layer,14,0,13,76,decode,10,8,8,0,0,0,158,0,0,0,0,18,7,2,0,0,0,0,0,0,55,lru,0,0,0,0,0,0,8,8,8,0,0,0,1,0,0,0,0,0,0
layer,14,0,13,76,decode,11,8,6,2,986,760,182,503,3,0,3,1355,7,2,0,0,0,0,0,0,60,lru,0,0,0,0,0,0,8,6,8,0,2,0,0,0,0,0,0,0,0
layer,14,0,13,76,decode,12,8,7,1,478,387,155,164,3,0,3,663,7,33,0,0,0,0,0,0,60,lru,0,0,0,0,0,0,8,7,8,0,1,0,0,0,0,0,0,0,0
layer,14,0,13,76,decode,13,8,7,1,493,401,162,36,0,0,0,641,7,29,0,0,0,0,0,0,60,lru,0,0,0,0,0,0,8,7,8,1,0,0,0,0,0,0,0,0,0
layer,14,0,13,76,decode,14,8,6,2,1011,752,149,250,4,0,4,1350,7,17,0,0,0,0,0,0,60,lru,0,0,0,0,0,0,8,6,8,0,2,0,0,0,0,0,0,0,0
layer,14,0,13,76,decode,15,8,5,3,1475,1151,180,591,4,0,4,1908,7,2,0,0,0,0,0,0,60,lru,0,0,0,0,0,0,8,5,8,0,3,0,0,0,0,0,0,0,0
layer,14,0,13,76,decode,16,8,6,2,969,771,155,226,4,0,4,1255,8,31,0,0,0,0,0,0,60,lru,0,0,0,0,0,0,8,6,8,0,2,0,1,0,0,0,0,0,0
layer,14,0,13,76,decode,17,8,7,1,492,373,172,235,3,0,3,700,7,21,0,0,0,0,0,0,60,lru,0,0,0,0,0,0,8,7,8,0,1,0,0,0,0,0,0,0,0
layer,14,0,13,76,decode,18,8,4,4,2025,1520,142,746,3,0,3,2544,7,26,0,0,0,0,0,0,60,lru,0,0,0,0,0,0,8,4,8,0,4,0,0,0,0,0,0,0,0
layer,14,0,13,76,decode,19,8,6,2,968,756,160,251,2,0,2,1297,7,23,0,0,0,0,0,0,60,lru,0,0,0,0,0,0,8,6,8,0,2,0,1,0,0,0,0,0,0
layer,14,0,13,76,decode,20,8,8,0,0,0,177,0,0,0,0,17,7,2,0,0,0,0,0,0,60,lru,0,0,0,0,0,0,8,8,8,0,0,0,0,0,0,0,0,0,0
layer,14,0,13,76,decode,21,8,7,1,480,376,163,208,1,0,1,686,6,18,0,0,0,0,0,0,60,lru,0,0,0,0,0,0,8,7,8,0,1,0,0,0,0,0,0,0,0
layer,14,0,13,76,decode,22,8,6,2,1028,766,151,349,2,0,2,1342,7,33,0,0,0,0,0,0,60,lru,0,0,0,0,0,0,8,6,8,0,2,0,0,0,0,0,0,0,0
layer,14,0,13,76,decode,23,8,8,0,0,0,181,0,0,0,0,17,7,1,0,0,0,0,0,0,60,lru,0,0,0,0,0,0,8,8,8,0,0,0,0,0,0,0,0,0,0
layer,14,0,13,76,decode,24,8,5,3,1472,1152,165,581,2,0,2,1893,6,31,0,0,0,0,0,0,60,lru,0,0,0,0,0,0,8,5,8,0,3,0,0,0,0,0,0,0,0
layer,14,0,13,76,decode,25,8,7,1,488,378,163,161,1,0,1,675,7,20,0,0,0,0,0,0,60,lru,0,0,0,0,0,0,8,7,8,0,1,0,0,0,0,0,0,0,0
layer,14,0,13,76,decode,26,8,5,3,1582,1126,156,434,2,0,2,1971,7,2,0,0,0,0,0,0,60,lru,0,0,0,0,0,0,8,5,8,0,3,0,0,0,0,0,0,0,0
layer,14,0,13,76,decode,27,8,6,2,972,752,162,184,2,0,2,1237,8,17,0,0,0,0,0,0,60,lru,0,0,0,0,0,0,8,6,8,0,2,0,0,0,0,0,0,0,0
layer,14,0,13,76,decode,28,8,3,5,2488,1885,154,1087,2,0,2,3219,7,27,0,0,0,0,0,0,60,lru,0,0,0,0,0,0,8,3,8,0,5,0,0,0,0,0,0,0,0
layer,14,0,13,76,decode,29,8,6,2,1007,743,179,284,2,0,2,1362,7,21,0,0,0,0,0,0,60,lru,0,0,0,0,0,0,8,6,8,0,2,0,0,0,0,0,0,0,0
layer,14,0,13,76,decode,30,8,3,5,2535,1861,141,967,2,0,2,3208,7,14,0,0,0,0,0,0,60,lru,0,0,0,0,0,0,8,3,8,0,5,0,0,0,0,0,0,0,0
layer,14,0,13,76,decode,31,8,5,3,1479,1148,160,660,1,0,1,1894,7,29,0,0,0,0,0,0,60,lru,0,0,0,0,0,0,8,5,8,1,2,0,0,0,0,0,0,0,0
layer,14,0,13,76,decode,32,8,5,3,1480,1141,168,448,0,0,0,1957,7,26,0,0,0,0,0,0,59,lru,0,0,0,0,0,0,8,5,8,3,0,0,1,0,0,0,0,0,0
layer,14,0,13,76,decode,33,8,7,1,519,386,165,142,1,0,1,697,7,18,0,0,0,0,0,0,60,lru,0,0,0,0,0,0,8,7,8,0,1,0,0,0,0,0,0,0,0
layer,14,0,13,76,decode,34,8,6,2,1047,777,151,278,2,0,2,1365,7,15,0,0,0,0,0,0,60,lru,0,0,0,0,0,0,8,6,8,0,2,0,0,0,0,0,0,0,0
layer,14,0,13,76,decode,35,8,5,3,1505,1148,181,454,0,0,0,1852,8,2,0,0,0,0,0,0,60,lru,0,0,0,0,0,0,8,5,8,3,0,0,0,0,0,0,0,0,0
layer,14,0,13,76,decode,36,8,6,2,974,748,155,458,0,0,0,1333,7,34,0,0,0,0,0,0,59,lru,0,0,0,0,0,0,8,6,8,2,0,0,0,0,0,0,0,0,0
layer,14,0,13,76,decode,37,8,5,3,1570,1136,160,364,2,0,2,1974,7,17,0,0,0,0,0,0,60,lru,0,0,0,0,0,0,8,5,8,0,3,0,0,0,0,0,0,0,0
layer,14,0,13,76,decode,38,8,5,3,1581,1179,160,572,0,0,0,2045,7,2,0,0,0,0,0,0,58,lru,0,0,0,0,0,0,8,5,8,3,0,0,0,0,0,0,0,0,0
layer,14,0,13,76,decode,39,8,4,4,2203,1572,682,927,2,0,2,2725,8,11,0,0,0,0,0,0,60,lru,0,0,0,0,0,0,8,4,8,0,4,0,0,0,0,0,0,0,0
request,14,0,13,0,decode,-1,0,0,0,0,0,0,0,0,0,0,0,0,0,0,0,0,0,0,0,0,,62840,525,0,0,16,0,0,0,0,0,0,0,0,0,0,0,0,0,0
layer,15,0,14,77,decode,0,8,4,4,2052,1468,170,438,3,0,3,2610,10,28,0,0,0,0,0,0,60,lru,0,0,0,0,0,0,8,4,8,0,4,0,1,0,0,0,0,0,0
layer,15,0,14,77,decode,1,8,6,2,1026,751,159,289,3,0,3,1348,8,27,0,0,0,0,0,0,60,lru,0,0,0,0,0,0,8,6,8,0,2,0,1,0,0,0,0,0,0
layer,15,0,14,77,decode,2,8,7,1,488,363,144,201,0,0,0,685,8,24,0,0,0,0,0,0,59,lru,0,0,0,0,0,0,8,7,8,1,0,0,1,0,0,0,0,0,0
layer,15,0,14,77,decode,3,8,5,3,1471,1126,168,372,4,0,4,1913,7,23,0,0,0,0,0,0,60,lru,0,0,0,0,0,0,8,5,8,0,3,0,0,0,0,0,0,0,0
layer,15,0,14,77,decode,4,8,8,0,0,0,176,0,0,0,0,19,7,2,0,0,0,0,0,0,56,lru,0,0,0,0,0,0,8,8,8,0,0,0,0,0,0,0,0,0,0
layer,15,0,14,77,decode,5,8,8,0,0,0,182,0,0,0,0,16,7,1,0,0,0,0,0,0,57,lru,0,0,0,0,0,0,8,8,8,0,0,0,0,0,0,0,0,0,0
layer,15,0,14,77,decode,6,8,8,0,0,0,160,0,0,0,0,16,7,2,0,0,0,0,0,0,58,lru,0,0,0,0,0,0,8,8,8,0,0,0,0,0,0,0,0,0,0
layer,15,0,14,77,decode,7,8,8,0,0,0,184,0,0,0,0,16,7,1,0,0,0,0,0,0,60,lru,0,0,0,0,0,0,8,8,8,0,0,0,0,0,0,0,0,0,0
layer,15,0,14,77,decode,8,8,7,1,528,380,156,172,4,0,4,713,7,28,0,0,0,0,0,0,60,lru,0,0,0,0,0,0,8,7,8,0,1,0,0,0,0,0,0,0,0
layer,15,0,14,77,decode,9,8,8,0,0,0,181,0,0,0,0,18,8,2,0,0,0,0,0,0,60,lru,0,0,0,0,0,0,8,8,8,0,0,0,0,0,0,0,0,0,0
layer,15,0,14,77,decode,10,8,6,2,973,734,145,335,0,0,0,1289,6,33,0,0,0,0,0,0,57,lru,0,0,0,0,0,0,8,6,8,2,0,0,0,0,0,0,0,0,0
layer,15,0,14,77,decode,11,8,6,2,982,758,171,362,3,0,3,1289,7,29,0,0,0,0,0,0,60,lru,0,0,0,0,0,0,8,6,8,0,2,0,0,0,0,0,0,0,0
layer,15,0,14,77,decode,12,8,7,1,490,379,155,176,3,0,3,708,7,20,0,0,0,0,0,0,60,lru,0,0,0,0,0,0,8,7,8,0,1,0,0,0,0,0,0,0,0
layer,15,0,14,77,decode,13,8,7,1,484,384,162,152,4,0,4,681,6,35,0,0,0,0,0,0,60,lru,0,0,0,0,0,0,8,7,8,0,1,0,0,0,0,0,0,0,0
layer,15,0,14,77,decode,14,8,8,0,0,0,159,0,0,0,0,18,7,2,0,0,0,0,0,0,60,lru,0,0,0,0,0,0,8,8,8,0,0,0,0,0,0,0,0,0,0
layer,15,0,14,77,decode,15,8,6,2,1004,775,175,360,3,0,3,1276,7,28,0,0,0,0,0,0,60,lru,0,0,0,0,0,0,8,6,8,0,2,0,0,0,0,0,0,0,0
layer,15,0,14,77,decode,16,8,7,1,485,375,157,160,3,0,3,672,7,26,0,0,0,0,0,0,60,lru,0,0,0,0,0,0,8,7,8,0,1,0,0,0,0,0,0,0,0
layer,15,0,14,77,decode,17,8,6,2,1043,732,159,282,3,0,3,1357,6,32,0,0,0,0,0,0,60,lru,0,0,0,0,0,0,8,6,8,0,2,0,0,0,0,0,0,0,0
layer,15,0,14,77,decode,18,8,6,2,988,756,144,380,3,0,3,1313,7,30,0,0,0,0,0,0,60,lru,0,0,0,0,0,0,8,6,8,0,2,0,0,0,0,0,0,0,0
layer,15,0,14,77,decode,19,8,5,3,1463,1119,172,523,3,0,3,1923,7,20,0,0,0,0,0,0,60,lru,0,0,0,0,0,0,8,5,8,0,3,0,0,0,0,0,0,0,0
layer,15,0,14,77,decode,20,8,6,2,1212,750,155,218,1,0,1,1450,7,26,0,0,0,0,0,0,60,lru,0,0,0,0,0,0,8,6,8,0,2,0,0,0,0,0,0,0,0
layer,15,0,14,77,decode,21,8,6,2,1016,748,169,177,2,0,2,1345,7,35,0,0,0,0,0,0,60,lru,0,0,0,0,0,0,8,6,8,0,2,0,0,0,0,0,0,0,0
layer,15,0,14,77,decode,22,8,4,4,2040,1519,139,654,2,0,2,2511,10,22,0,0,0,0,0,0,60,lru,0,0,0,0,0,0,8,4,8,0,4,0,0,0,0,0,0,0,0
layer,15,0,14,77,decode,23,8,4,4,1978,1525,160,752,2,0,2,2513,8,22,0,0,0,0,0,0,60,lru,0,0,0,0,0,0,8,4,8,0,4,0,0,0,0,0,0,0,0
layer,15,0,14,77,decode,24,8,4,4,1968,1502,154,551,2,0,2,2519,7,30,0,0,0,0,0,0,60,lru,0,0,0,0,0,0,8,4,8,0,4,0,0,0,0,0,0,0,0
layer,15,0,14,77,decode,25,8,7,1,500,399,161,139,1,0,1,640,7,21,0,0,0,0,0,0,60,lru,0,0,0,0,0,0,8,7,8,0,1,0,1,0,0,0,0,0,0
layer,15,0,14,77,decode,26,8,6,2,1025,750,145,218,2,0,2,1363,7,22,0,0,0,0,0,0,60,lru,0,0,0,0,0,0,8,6,8,0,2,0,0,0,0,0,0,0,0
layer,15,0,14,77,decode,27,8,4,4,2004,1501,160,818,2,0,2,2586,7,22,0,0,0,0,0,0,60,lru,0,0,0,0,0,0,8,4,8,0,4,0,0,0,0,0,0,0,0
layer,15,0,14,77,decode,28,8,6,2,978,745,177,375,2,0,2,1363,8,2,0,0,0,0,0,0,60,lru,0,0,0,0,0,0,8,6,8,0,2,0,0,0,0,0,0,0,0
layer,15,0,14,77,decode,29,8,4,4,2274,1453,158,593,2,0,2,2806,7,31,0,0,0,0,0,0,60,lru,0,0,0,0,0,0,8,4,8,0,4,0,0,0,0,0,0,0,0
layer,15,0,14,77,decode,30,8,6,2,1003,745,143,329,2,0,2,1316,7,24,0,0,0,0,0,0,60,lru,0,0,0,0,0,0,8,6,8,0,2,0,0,0,0,0,0,0,0
layer,15,0,14,77,decode,31,8,6,2,977,753,161,265,1,0,1,1298,8,28,0,0,0,0,0,0,60,lru,0,0,0,0,0,0,8,6,8,0,2,0,0,0,0,0,0,0,0
layer,15,0,14,77,decode,32,8,5,3,1466,1115,155,482,1,0,1,1940,7,20,0,0,0,0,0,0,60,lru,0,0,0,0,0,0,8,5,8,1,2,0,0,0,0,0,0,0,0
layer,15,0,14,77,decode,33,8,3,5,2782,1831,159,719,2,0,2,3474,7,32,0,0,0,0,0,0,60,lru,0,0,0,0,0,0,8,3,8,0,5,0,1,0,0,0,0,0,0
layer,15,0,14,77,decode,34,8,4,4,2145,1590,142,537,2,0,2,2632,7,33,0,0,0,0,0,0,60,lru,0,0,0,0,0,0,8,4,8,0,4,0,1,0,0,0,0,0,0
layer,15,0,14,77,decode,35,8,3,5,2494,1864,172,1116,2,0,2,3251,7,28,0,0,0,0,0,0,60,lru,0,0,0,0,0,0,8,3,8,0,5,0,0,0,0,0,0,0,0
layer,15,0,14,77,decode,36,8,5,3,1492,1123,177,469,2,0,2,1955,7,7,0,0,0,0,0,0,60,lru,0,0,0,0,0,0,8,5,8,1,2,0,0,0,0,0,0,0,0
layer,15,0,14,77,decode,37,8,5,3,1582,1147,161,424,2,0,2,1925,7,11,0,0,0,0,0,0,60,lru,0,0,0,0,0,0,8,5,8,0,3,0,1,0,0,0,0,0,0
layer,15,0,14,77,decode,38,8,6,2,1087,790,145,284,0,0,0,1369,7,30,0,0,0,0,0,0,60,lru,0,0,0,0,0,0,8,6,8,2,0,0,0,0,0,0,0,0,0
layer,15,0,14,77,decode,39,8,7,1,552,384,687,155,1,0,1,753,7,2,0,0,0,0,0,0,60,lru,0,0,0,0,0,0,8,7,8,0,1,0,0,0,0,0,0,0,0
request,15,0,14,0,decode,-1,0,0,0,0,0,0,0,0,0,0,0,0,0,0,0,0,0,0,0,0,,65453,544,0,0,18,0,0,0,0,0,0,0,0,0,0,0,0,0,0
layer,16,0,15,78,decode,0,8,6,2,988,737,155,179,3,0,3,1303,9,29,0,0,0,0,0,0,60,lru,0,0,0,0,0,0,8,6,8,0,2,0,1,0,0,0,0,0,0
layer,16,0,15,78,decode,1,8,5,3,1502,1088,184,482,3,0,3,1962,7,2,0,0,0,0,0,0,60,lru,0,0,0,0,0,0,8,5,8,0,3,0,0,0,0,0,0,0,0
layer,16,0,15,78,decode,2,8,6,2,988,729,143,346,2,0,2,1362,7,34,0,0,0,0,0,0,60,lru,0,0,0,0,0,0,8,6,8,1,1,0,0,0,0,0,0,0,0
layer,16,0,15,78,decode,3,8,7,1,483,367,163,153,2,0,2,704,7,19,0,0,0,0,0,0,60,lru,0,0,0,0,0,0,8,7,8,0,1,0,0,0,0,0,0,0,0
layer,16,0,15,78,decode,4,8,6,2,983,738,169,185,0,0,0,1282,7,26,0,0,0,0,0,0,58,lru,0,0,0,0,0,0,8,6,8,2,0,0,0,0,0,0,0,0,0
layer,16,0,15,78,decode,5,8,5,3,1472,1092,180,475,0,0,0,1895,7,2,0,0,0,0,0,0,60,lru,0,0,0,0,0,0,8,5,8,3,0,0,0,0,0,0,0,0,0
layer,16,0,15,78,decode,6,8,5,3,1737,1120,142,388,3,0,3,2117,7,31,0,0,0,0,0,0,60,lru,0,0,0,0,0,0,8,5,8,2,1,0,1,0,0,0,0,0,0
layer,16,0,15,78,decode,7,8,8,0,0,0,183,0,0,0,0,17,7,2,0,0,0,0,0,0,60,lru,0,0,0,0,0,0,8,8,8,0,0,0,1,0,0,0,0,0,0
layer,16,0,15,78,decode,8,8,8,0,0,0,177,0,0,0,0,16,7,1,0,0,0,0,0,0,60,lru,0,0,0,0,0,0,8,8,8,0,0,0,0,0,0,0,0,0,0
layer,16,0,15,78,decode,9,8,7,1,488,377,161,145,4,0,4,676,7,30,0,0,0,0,0,0,60,lru,0,0,0,0,0,0,8,7,8,0,1,0,1,0,0,0,0,0,0
layer,16,0,15,78,decode,10,8,5,3,1516,1124,149,463,0,0,0,1953,8,23,0,0,0,0,0,0,60,lru,0,0,0,0,0,0,8,5,8,3,0,0,0,0,0,0,0,0,0
layer,16,0,15,78,decode,11,8,6,2,997,764,172,287,3,0,3,1316,7,27,0,0,0,0,0,0,60,lru,0,0,0,0,0,0,8,6,8,0,2,0,1,0,0,0,0,0,0
layer,16,0,15,78,decode,12,8,7,1,473,379,166,182,3,0,3,711,7,13,0,0,0,0,0,0,60,lru,0,0,0,0,0,0,8,7,8,0,1,0,0,0,0,0,0,0,0
layer,16,0,15,78,decode,13,8,8,0,0,0,184,0,0,0,0,18,7,1,0,0,0,0,0,0,60,lru,0,0,0,0,0,0,8,8,8,0,0,0,0,0,0,0,0,0,0
layer,16,0,15,78,decode,14,8,8,0,0,0,159,0,0,0,0,16,6,2,0,0,0,0,0,0,60,lru,0,0,0,0,0,0,8,8,8,0,0,0,0,0,0,0,0,0,0
layer,16,0,15,78,decode,15,8,5,3,1712,1117,160,353,2,0,2,2071,7,20,0,0,0,0,0,0,60,lru,0,0,0,0,0,0,8,5,8,0,3,0,0,0,0,0,0,0,0
layer,16,0,15,78,decode,16,8,6,2,968,750,156,286,2,0,2,1315,7,24,0,0,0,0,0,0,60,lru,0,0,0,0,0,0,8,6,8,0,2,0,1,0,0,0,0,0,0
layer,16,0,15,78,decode,17,8,6,2,975,756,162,356,3,0,3,1288,7,28,0,0,0,0,0,0,60,lru,0,0,0,0,0,0,8,6,8,0,2,0,0,0,0,0,0,0,0
layer,16,0,15,78,decode,18,8,6,2,1002,776,142,165,3,0,3,1285,7,32,0,0,0,0,0,0,60,lru,0,0,0,0,0,0,8,6,8,0,2,0,0,0,0,0,0,0,0
layer,16,0,15,78,decode,19,8,5,3,1471,1164,186,428,3,0,3,1905,8,11,0,0,0,0,0,0,60,lru,0,0,0,0,0,0,8,5,8,0,3,0,0,0,0,0,0,0,0
layer,16,0,15,78,decode,20,8,6,2,1225,739,166,309,2,0,2,1491,7,31,0,0,0,0,0,0,60,lru,0,0,0,0,0,0,8,6,8,0,2,0,0,0,0,0,0,0,0
layer,16,0,15,78,decode,21,8,6,2,977,770,163,233,2,0,2,1307,7,18,0,0,0,0,0,0,60,lru,0,0,0,0,0,0,8,6,8,0,2,0,0,0,0,0,0,0,0
layer,16,0,15,78,decode,22,8,6,2,1018,764,151,280,2,0,2,1287,7,33,0,0,0,0,0,0,60,lru,0,0,0,0,0,0,8,6,8,0,2,0,0,0,0,0,0,0,0
layer,16,0,15,78,decode,23,8,6,2,985,778,160,230,3,0,3,1292,7,34,0,0,0,0,0,0,60,lru,0,0,0,0,0,0,8,6,8,0,2,0,0,0,0,0,0,0,0
layer,16,0,15,78,decode,24,8,5,3,1519,1126,175,438,1,0,1,1932,7,2,0,0,0,0,0,0,60,lru,0,0,0,0,0,0,8,5,8,0,3,0,0,0,0,0,0,0,0
layer,16,0,15,78,decode,25,8,6,2,985,770,160,289,2,0,2,1293,7,19,0,0,0,0,0,0,60,lru,0,0,0,0,0,0,8,6,8,0,2,0,0,0,0,0,0,0,0
layer,16,0,15,78,decode,26,8,4,4,2112,1490,142,663,2,0,2,2640,7,18,0,0,0,0,0,0,60,lru,0,0,0,0,0,0,8,4,8,0,4,0,0,0,0,0,0,0,0
layer,16,0,15,78,decode,27,8,5,3,1492,1136,180,327,2,0,2,1869,7,2,0,0,0,0,0,0,60,lru,0,0,0,0,0,0,8,5,8,0,3,0,0,0,0,0,0,0,0
layer,16,0,15,78,decode,28,8,5,3,1458,1130,175,655,2,0,2,1959,7,12,0,0,0,0,0,0,60,lru,0,0,0,0,0,0,8,5,8,0,3,0,0,0,0,0,0,0,0
layer,16,0,15,78,decode,29,8,4,4,1987,1469,160,569,2,0,2,2599,7,26,0,0,0,0,0,0,60,lru,0,0,0,0,0,0,8,4,8,0,4,0,0,0,0,0,0,0,0
layer,16,0,15,78,decode,30,8,5,3,1483,1130,148,453,2,0,2,1893,7,20,0,0,0,0,0,0,60,lru,0,0,0,0,0,0,8,5,8,0,3,0,0,0,0,0,0,0,0
layer,16,0,15,78,decode,31,8,4,4,1990,1500,159,712,2,0,2,2618,7,26,0,0,0,0,0,0,60,lru,0,0,0,0,0,0,8,4,8,0,4,0,0,0,0,0,0,0,0
layer,16,0,15,78,decode,32,8,7,1,470,386,177,149,1,0,1,732,7,2,0,0,0,0,0,0,60,lru,0,0,0,0,0,0,8,7,8,0,1,0,0,0,0,0,0,0,0
layer,16,0,15,78,decode,33,8,6,2,1025,765,161,318,2,0,2,1286,7,28,0,0,0,0,0,0,60,lru,0,0,0,0,0,0,8,6,8,0,2,0,1,0,0,0,0,0,0
layer,16,0,15,78,decode,34,8,4,4,2132,1555,159,554,2,0,2,2696,7,2,0,0,0,0,0,0,60,lru,0,0,0,0,0,0,8,4,8,0,4,0,0,0,0,0,0,0,0
layer,16,0,15,78,decode,35,8,5,3,1490,1137,161,518,2,0,2,1915,7,18,0,0,0,0,0,0,60,lru,0,0,0,0,0,0,8,5,8,0,3,0,0,0,0,0,0,0,0
layer,16,0,15,78,decode,36,8,7,1,505,368,177,118,1,0,1,696,7,2,0,0,0,0,0,0,60,lru,0,0,0,0,0,0,8,7,8,0,1,0,0,0,0,0,0,0,0
layer,16,0,15,78,decode,37,8,7,1,609,393,163,138,1,0,1,785,7,33,0,0,0,0,0,0,60,lru,0,0,0,0,0,0,8,7,8,0,1,0,0,0,0,0,0,0,0
layer,16,0,15,78,decode,38,8,8,0,0,0,164,0,0,0,0,17,7,2,0,0,0,0,0,0,60,lru,0,0,0,0,0,0,8,8,8,0,0,0,0,0,0,0,0,0,0
layer,16,0,15,78,decode,39,8,6,2,1107,812,675,224,2,0,2,1322,6,31,0,0,0,0,0,0,60,lru,0,0,0,0,0,0,8,6,8,0,2,0,0,0,0,0,0,0,0
request,16,0,15,0,decode,-1,0,0,0,0,0,0,0,0,0,0,0,0,0,0,0,0,0,0,0,0,,63503,527,0,0,15,0,0,0,0,0,0,0,0,0,0,0,0,0,0
layer,17,0,16,79,decode,0,8,5,3,1512,1120,166,417,2,0,2,1976,9,16,0,0,0,0,0,0,60,lru,0,0,0,0,0,0,8,5,8,0,3,0,0,0,0,0,0,0,0
layer,17,0,16,79,decode,1,8,4,4,2022,1463,170,869,2,0,2,2620,8,19,0,0,0,0,0,0,60,lru,0,0,0,0,0,0,8,4,8,0,4,0,0,0,0,0,0,0,0
layer,17,0,16,79,decode,2,8,7,1,499,372,153,93,2,0,2,685,7,19,0,0,0,0,0,0,60,lru,0,0,0,0,0,0,8,7,8,0,1,0,1,0,0,0,0,0,0
layer,17,0,16,79,decode,3,8,4,4,1997,1473,180,704,3,0,3,2603,7,2,0,0,0,0,0,0,60,lru,0,0,0,0,0,0,8,4,8,0,4,0,0,0,0,0,0,0,0
layer,17,0,16,79,decode,4,8,6,2,992,730,167,277,0,0,0,1396,7,26,0,0,0,0,0,0,60,lru,0,0,0,0,0,0,8,6,8,2,0,0,0,0,0,0,0,0,0
layer,17,0,16,79,decode,5,8,7,1,497,352,183,161,5,0,5,709,8,2,0,0,0,0,0,0,60,lru,0,0,0,0,0,0,8,7,8,0,1,0,0,0,0,0,0,0,0
layer,17,0,16,79,decode,6,8,6,2,1239,736,147,391,5,0,5,1532,7,18,0,0,0,0,0,0,60,lru,0,0,0,0,0,0,8,6,8,0,2,0,0,0,0,0,0,0,0
layer,17,0,16,79,decode,7,8,7,1,490,380,174,137,3,0,3,724,8,29,0,0,0,0,0,0,60,lru,0,0,0,0,0,0,8,7,8,0,1,0,1,0,0,0,0,0,0
layer,17,0,16,79,decode,8,8,7,1,493,393,155,143,3,0,3,677,7,27,0,0,0,0,0,0,60,lru,0,0,0,0,0,0,8,7,8,0,1,0,0,0,0,0,0,0,0
layer,17,0,16,79,decode,9,8,7,1,506,370,176,141,3,0,3,725,7,28,0,0,0,0,0,0,60,lru,0,0,0,0,0,0,8,7,8,0,1,0,0,0,0,0,0,0,0
layer,17,0,16,79,decode,10,8,7,1,503,376,150,200,3,0,3,686,7,32,0,0,0,0,0,0,60,lru,0,0,0,0,0,0,8,7,8,0,1,0,0,0,0,0,0,0,0
layer,17,0,16,79,decode,11,8,6,2,980,753,161,218,2,0,2,1281,8,6,0,0,0,0,0,0,60,lru,0,0,0,0,0,0,8,6,8,0,2,0,0,0,0,0,0,0,0
layer,17,0,16,79,decode,12,8,8,0,0,0,176,0,0,0,0,18,7,2,0,0,0,0,0,0,60,lru,0,0,0,0,0,0,8,8,8,0,0,0,0,0,0,0,0,0,0
layer,17,0,16,79,decode,13,8,7,1,509,393,163,157,3,0,3,684,6,22,0,0,0,0,0,0,60,lru,0,0,0,0,0,0,8,7,8,0,1,0,0,0,0,0,0,0,0
layer,17,0,16,79,decode,14,8,7,1,499,392,143,115,2,0,2,652,7,18,0,0,0,0,0,0,60,lru,0,0,0,0,0,0,8,7,8,0,1,0,1,0,0,0,0,0,0
layer,17,0,16,79,decode,15,8,4,4,1992,1533,171,514,3,0,3,2543,9,24,0,0,0,0,0,0,60,lru,0,0,0,0,0,0,8,4,8,0,4,0,0,0,0,0,0,0,0
layer,17,0,16,79,decode,16,8,6,2,965,737,174,403,2,0,2,1369,7,2,0,0,0,0,0,0,60,lru,0,0,0,0,0,0,8,6,8,0,2,0,1,0,0,0,0,0,0
layer,17,0,16,79,decode,17,8,5,3,1498,1123,180,741,4,0,4,1938,8,2,0,0,0,0,0,0,60,lru,0,0,0,0,0,0,8,5,8,0,3,0,0,0,0,0,0,0,0
layer,17,0,16,79,decode,18,8,3,5,2563,1870,140,761,3,0,3,3192,7,29,0,0,0,0,0,0,60,lru,0,0,0,0,0,0,8,3,8,0,5,0,0,0,0,0,0,0,0
layer,17,0,16,79,decode,19,8,6,2,980,757,180,369,2,0,2,1295,7,2,0,0,0,0,0,0,60,lru,0,0,0,0,0,0,8,6,8,0,2,0,1,0,0,0,0,0,0
layer,17,0,16,79,decode,20,8,6,2,971,771,161,400,2,0,2,1294,7,22,0,0,0,0,0,0,60,lru,0,0,0,0,0,0,8,6,8,0,2,0,0,0,0,0,0,0,0
layer,17,0,16,79,decode,21,8,5,3,1470,1107,184,649,2,0,2,1978,7,2,0,0,0,0,0,0,60,lru,0,0,0,0,0,0,8,5,8,0,3,0,0,0,0,0,0,0,0
layer,17,0,16,79,decode,22,8,3,5,2792,1835,147,705,2,0,2,3377,7,16,0,0,0,0,0,0,60,lru,0,0,0,0,0,0,8,3,8,0,5,0,0,0,0,0,0,0,0
layer,17,0,16,79,decode,23,8,4,4,1979,1512,161,609,1,0,1,2532,7,34,0,0,0,0,0,0,60,lru,0,0,0,0,0,0,8,4,8,0,4,0,0,0,0,0,0,0,0
layer,17,0,16,79,decode,24,8,6,2,967,743,155,321,2,0,2,1306,7,19,0,0,0,0,0,0,60,lru,0,0,0,0,0,0,8,6,8,0,2,0,0,0,0,0,0,0,0
layer,17,0,16,79,decode,25,8,6,2,1022,756,174,403,1,0,1,1348,7,15,0,0,0,0,0,0,60,lru,0,0,0,0,0,0,8,6,8,0,2,0,0,0,0,0,0,0,0
layer,17,0,16,79,decode,26,8,6,2,1048,738,145,327,2,0,2,1362,7,18,0,0,0,0,0,0,60,lru,0,0,0,0,0,0,8,6,8,0,2,0,0,0,0,0,0,0,0
layer,17,0,16,79,decode,27,8,6,2,985,738,173,337,2,0,2,1276,7,16,0,0,0,0,0,0,60,lru,0,0,0,0,0,0,8,6,8,0,2,0,0,0,0,0,0,0,0
layer,17,0,16,79,decode,28,8,6,2,1000,753,167,393,2,0,2,1294,7,20,0,0,0,0,0,0,60,lru,0,0,0,0,0,0,8,6,8,0,2,0,0,0,0,0,0,0,0
layer,17,0,16,79,decode,29,8,7,1,494,386,160,97,2,0,2,722,7,21,0,0,0,0,0,0,60,lru,0,0,0,0,0,0,8,7,8,0,1,0,0,0,0,0,0,0,0
layer,17,0,16,79,decode,30,8,8,0,0,0,160,0,0,0,0,16,7,2,0,0,0,0,0,0,60,lru,0,0,0,0,0,0,8,8,8,0,0,0,0,0,0,0,0,0,0
layer,17,0,16,79,decode,31,8,7,1,503,394,163,192,1,0,1,670,7,32,0,0,0,0,0,0,60,lru,0,0,0,0,0,0,8,7,8,0,1,0,0,0,0,0,0,0,0
layer,17,0,16,79,decode,32,8,5,3,1505,1096,167,512,2,0,2,1990,8,15,0,0,0,0,0,0,60,lru,0,0,0,0,0,0,8,5,8,0,3,0,0,0,0,0,0,0,0
layer,17,0,16,79,decode,33,8,4,4,2065,1518,178,819,2,0,2,2608,6,2,0,0,0,0,0,0,60,lru,0,0,0,0,0,0,8,4,8,0,4,0,0,0,0,0,0,0,0
layer,17,0,16,79,decode,34,8,4,4,2124,1580,143,821,2,0,2,2730,7,19,0,0,0,0,0,0,60,lru,0,0,0,0,0,0,8,4,8,0,4,0,0,0,0,0,0,0,0
layer,17,0,16,79,decode,35,8,3,5,2559,1872,169,816,2,0,2,3212,7,21,0,0,0,0,0,0,60,lru,0,0,0,0,0,0,8,3,8,0,5,0,0,0,0,0,0,0,0
layer,17,0,16,79,decode,36,8,3,5,2550,1902,154,835,2,0,2,3135,7,33,0,0,0,0,0,0,60,lru,0,0,0,0,0,0,8,3,8,0,5,0,1,0,0,0,0,0,0
layer,17,0,16,79,decode,37,8,5,3,1563,1101,165,473,2,0,2,2061,7,31,0,0,0,0,0,0,60,lru,0,0,0,0,0,0,8,5,8,0,3,0,1,0,0,0,0,0,0
layer,17,0,16,79,decode,38,8,3,5,2658,1969,146,759,1,0,1,3299,7,26,0,0,0,0,0,0,60,lru,0,0,0,0,0,0,8,3,8,0,5,0,0,0,0,0,0,0,0
layer,17,0,16,79,decode,39,8,2,6,3312,2392,679,1227,1,0,1,4013,7,2,0,0,0,0,0,0,60,lru,0,0,0,0,0,0,8,2,8,0,6,0,0,0,0,0,0,0,0
request,17,0,16,0,decode,-1,0,0,0,0,0,0,0,0,0,0,0,0,0,0,0,0,0,0,0,0,,76052,599,0,0,16,0,0,0,0,0,0,0,0,0,0,0,0,0,0
layer,18,0,17,80,decode,0,8,4,4,2095,1466,165,574,2,0,2,2623,9,12,0,0,0,0,0,0,60,lru,0,0,0,0,0,0,8,4,8,0,4,0,1,0,0,0,0,0,0
layer,18,0,17,80,decode,1,8,5,3,1536,1123,159,467,3,0,3,1901,7,18,0,0,0,0,0,0,60,lru,0,0,0,0,0,0,8,5,8,0,3,0,1,0,0,0,0,0,0
layer,18,0,17,80,decode,2,8,8,0,0,0,159,0,0,0,0,18,7,2,0,0,0,0,0,0,60,lru,0,0,0,0,0,0,8,8,8,0,0,0,0,0,0,0,0,0,0
layer,18,0,17,80,decode,3,8,5,3,1476,1112,181,479,3,0,3,1963,7,2,0,0,0,0,0,0,60,lru,0,0,0,0,0,0,8,5,8,0,3,0,0,0,0,0,0,0,0
layer,18,0,17,80,decode,4,8,5,3,1735,1101,158,445,4,0,4,2124,7,29,0,0,0,0,0,0,60,lru,0,0,0,0,0,0,8,5,8,0,3,0,0,0,0,0,0,0,0
layer,18,0,17,80,decode,5,8,5,3,1522,1142,171,467,4,0,4,1861,7,23,0,0,0,0,0,0,60,lru,0,0,0,0,0,0,8,5,8,0,3,0,0,0,0,0,0,0,0
layer,18,0,17,80,decode,6,8,4,4,1994,1501,149,693,5,0,5,2530,7,33,0,0,0,0,0,0,60,lru,0,0,0,0,0,0,8,4,8,0,4,0,0,0,0,0,0,0,0
layer,18,0,17,80,decode,7,8,3,5,2511,1876,159,569,3,0,3,3164,7,32,0,0,0,0,0,0,60,lru,0,0,0,0,0,0,8,3,8,0,5,0,1,0,0,0,0,0,0
layer,18,0,17,80,decode,8,8,5,3,1534,1126,159,355,4,0,4,1918,8,27,0,0,0,0,0,0,60,lru,0,0,0,0,0,0,8,5,8,0,3,0,1,0,0,0,0,0,0
layer,18,0,17,80,decode,9,8,5,3,1486,1136,171,514,5,0,5,1895,7,20,0,0,0,0,0,0,60,lru,0,0,0,0,0,0,8,5,8,0,3,0,0,0,0,0,0,0,0
layer,18,0,17,80,decode,10,8,5,3,1746,1110,143,411,4,0,4,2150,7,33,0,0,0,0,0,0,60,lru,0,0,0,0,0,0,8,5,8,0,3,0,0,0,0,0,0,0,0
layer,18,0,17,80,decode,11,8,5,3,1467,1108,160,512,3,0,3,1964,7,17,0,0,0,0,0,0,60,lru,0,0,0,0,0,0,8,5,8,0,3,0,0,0,0,0,0,0,0
layer,18,0,17,80,decode,12,8,7,1,502,390,156,85,3,0,3,660,7,19,0,0,0,0,0,0,60,lru,0,0,0,0,0,0,8,7,8,0,1,0,0,0,0,0,0,0,0
layer,18,0,17,80,decode,13,8,8,0,0,0,183,0,0,0,0,17,7,1,0,0,0,0,0,0,60,lru,0,0,0,0,0,0,8,8,8,0,0,0,0,0,0,0,0,0,0
layer,18,0,17,80,decode,14,8,6,2,1047,751,150,316,3,0,3,1364,6,23,0,0,0,0,0,0,60,lru,0,0,0,0,0,0,8,6,8,0,2,0,0,0,0,0,0,0,0
layer,18,0,17,80,decode,15,8,8,0,0,0,182,0,0,0,0,19,8,1,0,0,0,0,0,0,60,lru,0,0,0,0,0,0,8,8,8,0,0,0,0,0,0,0,0,0,0
layer,18,0,17,80,decode,16,8,6,2,965,769,156,331,4,0,4,1253,7,22,0,0,0,0,0,0,60,lru,0,0,0,0,0,0,8,6,8,0,2,0,0,0,0,0,0,0,0
layer,18,0,17,80,decode,17,8,5,3,1524,1151,163,416,3,0,3,1948,7,18,0,0,0,0,0,0,60,lru,0,0,0,0,0,0,8,5,8,0,3,0,0,0,0,0,0,0,0
layer,18,0,17,80,decode,18,8,7,1,547,373,159,156,2,0,2,734,7,2,0,0,0,0,0,0,60,lru,0,0,0,0,0,0,8,7,8,0,1,0,1,0,0,0,0,0,0
layer,18,0,17,80,decode,19,8,8,0,0,0,181,0,0,0,0,17,7,2,0,0,0,0,0,0,60,lru,0,0,0,0,0,0,8,8,8,0,0,0,0,0,0,0,0,0,0
layer,18,0,17,80,decode,20,8,7,1,497,385,157,137,1,0,1,701,7,34,0,0,0,0,0,0,60,lru,0,0,0,0,0,0,8,7,8,0,1,0,0,0,0,0,0,0,0
layer,18,0,17,80,decode,21,8,8,0,0,0,183,0,0,0,0,16,7,2,0,0,0,0,0,0,60,lru,0,0,0,0,0,0,8,8,8,0,0,0,0,0,0,0,0,0,0
layer,18,0,17,80,decode,22,8,6,2,1245,721,149,270,3,0,3,1572,7,23,0,0,0,0,0,0,60,lru,0,0,0,0,0,0,8,6,8,0,2,0,0,0,0,0,0,0,0
layer,18,0,17,80,decode,23,8,7,1,486,387,161,121,1,0,1,678,8,41,0,0,0,0,0,0,60,lru,0,0,0,0,0,0,8,7,8,0,1,0,0,0,0,0,0,0,0
layer,18,0,17,80,decode,24,8,7,1,465,390,156,153,1,0,1,693,7,20,0,0,0,0,0,0,60,lru,0,0,0,0,0,0,8,7,8,0,1,0,0,0,0,0,0,0,0
layer,18,0,17,80,decode,25,8,8,0,0,0,182,0,0,0,0,17,7,2,0,0,0,0,0,0,60,lru,0,0,0,0,0,0,8,8,8,0,0,0,0,0,0,0,0,0,0
layer,18,0,17,80,decode,26,8,5,3,1832,1058,164,672,2,0,2,2412,7,7,0,0,0,0,0,0,60,lru,0,0,0,0,0,0,8,5,8,0,3,0,0,0,0,0,0,0,0
layer,18,0,17,80,decode,27,8,7,1,494,396,167,200,1,0,1,679,9,33,0,0,0,0,0,0,60,lru,0,0,0,0,0,0,8,7,8,0,1,0,1,0,0,0,0,0,0
layer,18,0,17,80,decode,28,8,7,1,508,405,157,198,2,0,2,665,7,33,0,0,0,0,0,0,60,lru,0,0,0,0,0,0,8,7,8,0,1,0,0,0,0,0,0,0,0
layer,18,0,17,80,decode,29,8,6,2,1019,767,160,271,2,0,2,1281,7,19,0,0,0,0,0,0,60,lru,0,0,0,0,0,0,8,6,8,0,2,0,0,0,0,0,0,0,0
layer,18,0,17,80,decode,30,8,6,2,1033,770,157,265,2,0,2,1309,7,25,0,0,0,0,0,0,60,lru,0,0,0,0,0,0,8,6,8,0,2,0,0,0,0,0,0,0,0
layer,18,0,17,80,decode,31,8,6,2,997,750,181,275,2,0,2,1337,8,2,0,0,0,0,0,0,60,lru,0,0,0,0,0,0,8,6,8,0,2,0,1,0,0,0,0,0,0
layer,18,0,17,80,decode,32,8,6,2,974,746,168,304,1,0,1,1273,7,25,0,0,0,0,0,0,60,lru,0,0,0,0,0,0,8,6,8,0,2,0,0,0,0,0,0,0,0
layer,18,0,17,80,decode,33,8,7,1,500,381,162,129,1,0,1,699,7,35,0,0,0,0,0,0,60,lru,0,0,0,0,0,0,8,7,8,0,1,0,0,0,0,0,0,0,0
layer,18,0,17,80,decode,34,8,6,2,1083,804,145,363,2,0,2,1366,7,33,0,0,0,0,0,0,60,lru,0,0,0,0,0,0,8,6,8,0,2,0,0,0,0,0,0,0,0
layer,18,0,17,80,decode,35,8,8,0,0,0,183,0,0,0,0,17,7,2,0,0,0,0,0,0,60,lru,0,0,0,0,0,0,8,8,8,0,0,0,0,0,0,0,0,0,0
layer,18,0,17,80,decode,36,8,6,2,1009,764,155,308,2,0,2,1266,6,33,0,0,0,0,0,0,60,lru,0,0,0,0,0,0,8,6,8,0,2,0,0,0,0,0,0,0,0
layer,18,0,17,80,decode,37,8,6,2,1053,764,161,320,3,0,3,1342,7,21,0,0,0,0,0,0,60,lru,0,0,0,0,0,0,8,6,8,0,2,0,0,0,0,0,0,0,0
layer,18,0,17,80,decode,38,8,4,4,2110,1558,145,687,1,0,1,2702,7,33,0,0,0,0,0,0,60,lru,0,0,0,0,0,0,8,4,8,0,4,0,0,0,0,0,0,0,0
layer,18,0,17,80,decode,39,8,2,6,3295,2390,678,1222,1,0,1,4119,7,28,0,0,0,0,0,0,60,lru,0,0,0,0,0,0,8,2,8,0,6,0,0,0,0,0,0,0,0
request,18,0,17,0,decode,-1,0,0,0,0,0,0,0,0,0,0,0,0,0,0,0,0,0,0,0,0,,62839,519,0,0,18,0,0,0,0,0,0,0,0,0,0,0,0,0,0
layer,19,0,18,81,decode,0,8,3,5,2782,1804,177,880,2,0,2,3532,10,3,0,0,0,0,0,0,60,lru,0,0,0,0,0,0,8,3,8,0,5,0,1,0,0,0,0,0,0
layer,19,0,18,81,decode,1,8,3,5,2532,1851,168,623,2,0,2,3130,8,20,0,0,0,0,0,0,60,lru,0,0,0,0,0,0,8,3,8,0,5,0,1,0,0,0,0,0,0
layer,19,0,18,81,decode,2,8,3,5,2794,1819,141,771,3,0,3,3464,7,34,0,0,0,0,0,0,60,lru,0,0,0,0,0,0,8,3,8,0,5,0,0,0,0,0,0,0,0
layer,19,0,18,81,decode,3,8,4,4,1978,1470,173,913,3,0,3,2634,7,23,0,0,0,0,0,0,60,lru,0,0,0,0,0,0,8,4,8,0,4,0,0,0,0,0,0,0,0
layer,19,0,18,81,decode,4,8,4,4,2081,1519,155,627,4,0,4,2441,8,19,0,0,0,0,0,0,60,lru,0,0,0,0,0,0,8,4,8,0,4,0,1,0,0,0,0,0,0
layer,19,0,18,81,decode,5,8,5,3,1712,1086,157,375,4,0,4,2131,8,23,0,0,0,0,0,0,60,lru,0,0,0,0,0,0,8,5,8,0,3,0,1,0,0,0,0,0,0
layer,19,0,18,81,decode,6,8,4,4,2013,1513,143,644,4,0,4,2549,6,30,0,0,0,0,0,0,60,lru,0,0,0,0,0,0,8,4,8,0,4,0,0,0,0,0,0,0,0
layer,19,0,18,81,decode,7,8,6,2,965,739,162,287,3,0,3,1320,7,22,0,0,0,0,0,0,60,lru,0,0,0,0,0,0,8,6,8,0,2,0,1,0,0,0,0,0,0
layer,19,0,18,81,decode,8,8,5,3,1525,1145,155,452,4,0,4,1907,9,20,0,0,0,0,0,0,60,lru,0,0,0,0,0,0,8,5,8,0,3,0,0,0,0,0,0,0,0
layer,19,0,18,81,decode,9,8,8,0,0,0,183,0,0,0,0,17,7,2,0,0,0,0,0,0,60,lru,0,0,0,0,0,0,8,8,8,0,0,0,0,0,0,0,0,0,0
layer,19,0,18,81,decode,10,8,4,4,2025,1529,140,867,4,0,4,2541,6,18,0,0,0,0,0,0,60,lru,0,0,0,0,0,0,8,4,8,0,4,0,0,0,0,0,0,0,0
layer,19,0,18,81,decode,11,8,4,4,2190,1499,159,778,3,0,3,2736,7,33,0,0,0,0,0,0,60,lru,0,0,0,0,0,0,8,4,8,0,4,0,0,0,0,0,0,0,0
layer,19,0,18,81,decode,12,8,5,3,1497,1160,155,408,4,0,4,1882,7,33,0,0,0,0,0,0,60,lru,0,0,0,0,0,0,8,5,8,0,3,0,0,0,0,0,0,0,0
layer,19,0,18,81,decode,13,8,7,1,487,391,161,169,3,0,3,664,7,19,0,0,0,0,0,0,60,lru,0,0,0,0,0,0,8,7,8,0,1,0,0,0,0,0,0,0,0
layer,19,0,18,81,decode,14,8,8,0,0,0,160,0,0,0,0,18,7,2,0,0,0,0,0,0,60,lru,0,0,0,0,0,0,8,8,8,0,0,0,0,0,0,0,0,0,0
layer,19,0,18,81,decode,15,8,7,1,477,362,174,173,3,0,3,751,7,28,0,0,0,0,0,0,60,lru,0,0,0,0,0,0,8,7,8,0,1,0,0,0,0,0,0,0,0
layer,19,0,18,81,decode,16,8,7,1,481,398,156,205,2,0,2,658,7,18,0,0,0,0,0,0,60,lru,0,0,0,0,0,0,8,7,8,0,1,0,2,0,0,0,0,0,0
layer,19,0,18,81,decode,17,8,7,1,497,388,162,145,2,0,2,686,7,36,0,0,0,0,0,0,60,lru,0,0,0,0,0,0,8,7,8,0,1,0,0,0,0,0,0,0,0
layer,19,0,18,81,decode,18,8,7,1,488,373,159,260,2,0,2,707,7,7,0,0,0,0,0,0,60,lru,0,0,0,0,0,0,8,7,8,0,1,0,0,0,0,0,0,0,0
layer,19,0,18,81,decode,19,8,7,1,483,401,160,87,2,0,2,637,7,33,0,0,0,0,0,0,60,lru,0,0,0,0,0,0,8,7,8,0,1,0,0,0,0,0,0,0,0
layer,19,0,18,81,decode,20,8,7,1,478,365,168,191,1,0,1,729,7,35,0,0,0,0,0,0,60,lru,0,0,0,0,0,0,8,7,8,0,1,0,0,0,0,0,0,0,0
layer,19,0,18,81,decode,21,8,8,0,0,0,183,0,0,0,0,17,7,1,0,0,0,0,0,0,60,lru,0,0,0,0,0,0,8,8,8,0,0,0,0,0,0,0,0,0,0
layer,19,0,18,81,decode,22,8,8,0,0,0,159,0,0,0,0,14,6,1,0,0,0,0,0,0,60,lru,0,0,0,0,0,0,8,8,8,0,0,0,0,0,0,0,0,0,0
layer,19,0,18,81,decode,23,8,6,2,995,766,161,378,2,0,2,1269,7,20,0,0,0,0,0,0,60,lru,0,0,0,0,0,0,8,6,8,0,2,0,0,0,0,0,0,0,0
layer,19,0,18,81,decode,24,8,6,2,966,751,164,201,1,0,1,1292,7,18,0,0,0,0,0,0,60,lru,0,0,0,0,0,0,8,6,8,0,2,0,0,0,0,0,0,0,0
layer,19,0,18,81,decode,25,8,8,0,0,0,182,0,0,0,0,16,7,2,0,0,0,0,0,0,60,lru,0,0,0,0,0,0,8,8,8,0,0,0,0,0,0,0,0,0,0
layer,19,0,18,81,decode,26,8,7,1,502,387,144,136,1,0,1,712,7,20,0,0,0,0,0,0,60,lru,0,0,0,0,0,0,8,7,8,0,1,0,0,0,0,0,0,0,0
layer,19,0,18,81,decode,27,8,7,1,499,380,161,176,1,0,1,687,8,19,0,0,0,0,0,0,60,lru,0,0,0,0,0,0,8,7,8,0,1,0,0,0,0,0,0,0,0
layer,19,0,18,81,decode,28,8,6,2,987,766,154,195,1,0,1,1254,7,30,0,0,0,0,0,0,60,lru,0,0,0,0,0,0,8,6,8,0,2,0,0,0,0,0,0,0,0
layer,19,0,18,81,decode,29,8,5,3,1550,1097,181,621,2,0,2,2021,7,16,0,0,0,0,0,0,60,lru,0,0,0,0,0,0,8,5,8,0,3,0,0,0,0,0,0,0,0
layer,19,0,18,81,decode,30,8,5,3,1476,1117,158,588,2,0,2,2035,7,3,0,0,0,0,0,0,60,lru,0,0,0,0,0,0,8,5,8,0,3,0,1,0,0,0,0,0,0
layer,19,0,18,81,decode,31,8,7,1,486,380,174,144,1,0,1,713,7,27,0,0,0,0,0,0,60,lru,0,0,0,0,0,0,8,7,8,0,1,0,0,0,0,0,0,0,0
layer,19,0,18,81,decode,32,8,4,4,1983,1486,153,722,3,0,3,2560,7,32,0,0,0,0,0,0,60,lru,0,0,0,0,0,0,8,4,8,0,4,0,0,0,0,0,0,0,0
layer,19,0,18,81,decode,33,8,6,2,1041,758,162,196,2,0,2,1342,6,30,0,0,0,0,0,0,60,lru,0,0,0,0,0,0,8,6,8,0,2,0,0,0,0,0,0,0,0
layer,19,0,18,81,decode,34,8,3,5,2673,1995,142,697,2,0,2,3297,7,27,0,0,0,0,0,0,60,lru,0,0,0,0,0,0,8,3,8,0,5,0,0,0,0,0,0,0,0
layer,19,0,18,81,decode,35,8,4,4,2035,1507,166,654,1,0,1,2571,7,26,0,0,0,0,0,0,60,lru,0,0,0,0,0,0,8,4,8,0,4,0,0,0,0,0,0,0,0
layer,19,0,18,81,decode,36,8,4,4,2017,1505,167,574,1,0,1,2585,7,42,0,0,0,0,0,0,60,lru,0,0,0,0,0,0,8,4,8,0,4,0,0,0,0,0,0,0,0
layer,19,0,18,81,decode,37,8,4,4,2114,1465,180,499,2,0,2,2738,7,2,0,0,0,0,0,0,60,lru,0,0,0,0,0,0,8,4,8,0,4,0,0,0,0,0,0,0,0
layer,19,0,18,81,decode,38,8,5,3,1630,1186,153,502,1,0,1,2002,7,23,0,0,0,0,0,0,60,lru,0,0,0,0,0,0,8,5,8,0,3,0,1,0,0,0,0,0,0
layer,19,0,18,81,decode,39,8,4,4,2209,1600,672,712,2,0,2,2682,7,20,0,0,0,0,0,0,60,lru,0,0,0,0,0,0,8,4,8,0,4,0,0,0,0,0,0,0,0
request,19,0,18,0,decode,-1,0,0,0,0,0,0,0,0,0,0,0,0,0,0,0,0,0,0,0,0,,73661,587,0,0,17,0,0,0,0,0,0,0,0,0,0,0,0,0,0
layer,20,0,19,82,decode,0,8,6,2,1060,751,177,310,2,0,2,1381,9,8,0,0,0,0,0,0,60,lru,0,0,0,0,0,0,8,6,8,0,2,0,1,0,0,0,0,0,0
layer,20,0,19,82,decode,1,8,4,4,2014,1480,162,756,2,0,2,2550,7,18,0,0,0,0,0,0,60,lru,0,0,0,0,0,0,8,4,8,0,4,0,1,0,0,0,0,0,0
layer,20,0,19,82,decode,2,8,3,5,2509,1845,142,805,2,0,2,3232,7,31,0,0,0,0,0,0,60,lru,0,0,0,0,0,0,8,3,8,0,5,0,0,0,0,0,0,0,0
layer,20,0,19,82,decode,3,8,6,2,978,719,163,357,2,0,2,1324,7,23,0,0,0,0,0,0,60,lru,0,0,0,0,0,0,8,6,8,0,2,0,0,0,0,0,0,0,0
layer,20,0,19,82,decode,4,8,4,4,2022,1510,165,563,4,0,4,2528,7,20,0,0,0,0,0,0,60,lru,0,0,0,0,0,0,8,4,8,0,4,0,0,0,0,0,0,0,0
layer,20,0,19,82,decode,5,8,8,0,0,0,183,0,0,0,0,17,6,2,0,0,0,0,0,0,60,lru,0,0,0,0,0,0,8,8,8,0,0,0,0,0,0,0,0,0,0
layer,20,0,19,82,decode,6,8,8,0,0,0,160,0,0,0,0,15,6,2,0,0,0,0,0,0,60,lru,0,0,0,0,0,0,8,8,8,0,0,0,0,0,0,0,0,0,0
layer,20,0,19,82,decode,7,8,6,2,1237,736,182,406,3,0,3,1537,7,2,0,0,0,0,0,0,60,lru,0,0,0,0,0,0,8,6,8,0,2,0,0,0,0,0,0,0,0
layer,20,0,19,82,decode,8,8,8,0,0,0,175,0,0,0,0,18,8,1,0,0,0,0,0,0,60,lru,0,0,0,0,0,0,8,8,8,0,0,0,1,0,0,0,0,0,0
layer,20,0,19,82,decode,9,8,7,1,499,386,163,154,3,0,3,633,7,20,0,0,0,0,0,0,60,lru,0,0,0,0,0,0,8,7,8,0,1,0,0,0,0,0,0,0,0
layer,20,0,19,82,decode,10,8,7,1,496,374,145,153,3,0,3,699,7,26,0,0,0,0,0,0,60,lru,0,0,0,0,0,0,8,7,8,0,1,0,0,0,0,0,0,0,0
layer,20,0,19,82,decode,11,8,5,3,1452,1132,158,413,3,0,3,1901,7,32,0,0,0,0,0,0,60,lru,0,0,0,0,0,0,8,5,8,0,3,0,0,0,0,0,0,0,0
layer,20,0,19,82,decode,12,8,7,1,478,377,167,189,3,0,3,693,7,23,0,0,0,0,0,0,60,lru,0,0,0,0,0,0,8,7,8,0,1,0,1,0,0,0,0,0,0
layer,20,0,19,82,decode,13,8,8,0,0,0,182,0,0,0,0,17,7,1,0,0,0,0,0,0,60,lru,0,0,0,0,0,0,8,8,8,0,0,0,0,0,0,0,0,0,0
layer,20,0,19,82,decode,14,8,8,0,0,0,160,0,0,0,0,15,7,2,0,0,0,0,0,0,60,lru,0,0,0,0,0,0,8,8,8,0,0,0,0,0,0,0,0,0,0
layer,20,0,19,82,decode,15,8,7,1,494,385,161,144,3,0,3,677,7,29,0,0,0,0,0,0,60,lru,0,0,0,0,0,0,8,7,8,0,1,0,0,0,0,0,0,0,0
layer,20,0,19,82,decode,16,8,6,2,995,773,169,381,3,0,3,1305,7,18,0,0,0,0,0,0,60,lru,0,0,0,0,0,0,8,6,8,0,2,0,0,0,0,0,0,0,0
layer,20,0,19,82,decode,17,8,7,1,501,392,164,140,2,0,2,707,7,31,0,0,0,0,0,0,60,lru,0,0,0,0,0,0,8,7,8,0,1,0,0,0,0,0,0,0,0
layer,20,0,19,82,decode,18,8,7,1,508,389,157,133,2,0,2,697,8,2,0,0,0,0,0,0,60,lru,0,0,0,0,0,0,8,7,8,0,1,0,0,0,0,0,0,0,0
layer,20,0,19,82,decode,19,8,6,2,976,745,174,381,3,0,3,1319,7,6,0,0,0,0,0,0,60,lru,0,0,0,0,0,0,8,6,8,0,2,0,0,0,0,0,0,0,0
layer,20,0,19,82,decode,20,8,8,0,0,0,177,0,0,0,0,16,7,2,0,0,0,0,0,0,60,lru,0,0,0,0,0,0,8,8,8,0,0,0,0,0,0,0,0,0,0
layer,20,0,19,82,decode,21,8,6,2,1028,758,174,190,2,0,2,1374,6,17,0,0,0,0,0,0,60,lru,0,0,0,0,0,0,8,6,8,0,2,0,0,0,0,0,0,0,0
layer,20,0,19,82,decode,22,8,6,2,1046,739,143,226,3,0,3,1323,7,6,0,0,0,0,0,0,60,lru,0,0,0,0,0,0,8,6,8,0,2,0,0,0,0,0,0,0,0
layer,20,0,19,82,decode,23,8,5,3,1496,1172,172,438,2,0,2,1898,7,19,0,0,0,0,0,0,60,lru,0,0,0,0,0,0,8,5,8,0,3,0,0,0,0,0,0,0,0
layer,20,0,19,82,decode,24,8,5,3,1478,1159,155,411,1,0,1,1914,8,32,0,0,0,0,0,0,60,lru,0,0,0,0,0,0,8,5,8,0,3,0,0,0,0,0,0,0,0
layer,20,0,19,82,decode,25,8,6,2,1025,748,160,316,2,0,2,1282,7,11,0,0,0,0,0,0,60,lru,0,0,0,0,0,0,8,6,8,0,2,0,0,0,0,0,0,0,0
layer,20,0,19,82,decode,26,8,7,1,519,371,160,123,1,0,1,687,7,8,0,0,0,0,0,0,60,lru,0,0,0,0,0,0,8,7,8,0,1,0,0,0,0,0,0,0,0
layer,20,0,19,82,decode,27,8,7,1,483,376,162,213,1,0,1,713,8,28,0,0,0,0,0,0,60,lru,0,0,0,0,0,0,8,7,8,0,1,0,0,0,0,0,0,0,0
layer,20,0,19,82,decode,28,8,7,1,506,381,157,180,1,0,1,734,7,33,0,0,0,0,0,0,60,lru,0,0,0,0,0,0,8,7,8,0,1,0,0,0,0,0,0,0,0
layer,20,0,19,82,decode,29,8,7,1,503,373,182,218,2,0,2,695,7,2,0,0,0,0,0,0,60,lru,0,0,0,0,0,0,8,7,8,0,1,0,0,0,0,0,0,0,0
layer,20,0,19,82,decode,30,8,6,2,976,744,158,209,2,0,2,1320,7,5,0,0,0,0,0,0,60,lru,0,0,0,0,0,0,8,6,8,0,2,0,0,0,0,0,0,0,0
layer,20,0,19,82,decode,31,8,8,0,0,0,182,0,0,0,0,16,7,1,0,0,0,0,0,0,60,lru,0,0,0,0,0,0,8,8,8,0,0,0,0,0,0,0,0,0,0
layer,20,0,19,82,decode,32,8,7,1,477,389,157,165,1,0,1,706,7,30,0,0,0,0,0,0,60,lru,0,0,0,0,0,0,8,7,8,0,1,0,0,0,0,0,0,0,0
layer,20,0,19,82,decode,33,8,5,3,1581,1144,174,505,1,0,1,1943,8,22,0,0,0,0,0,0,60,lru,0,0,0,0,0,0,8,5,8,0,3,0,0,0,0,0,0,0,0
layer,20,0,19,82,decode,34,8,4,4,2162,1577,141,561,2,0,2,2704,8,32,0,0,0,0,0,0,60,lru,0,0,0,0,0,0,8,4,8,0,4,0,1,0,0,0,0,0,0
layer,20,0,19,82,decode,35,8,4,4,2029,1488,179,840,2,0,2,2601,7,2,0,0,0,0,0,0,60,lru,0,0,0,0,0,0,8,4,8,0,4,0,0,0,0,0,0,0,0
layer,20,0,19,82,decode,36,8,4,4,2013,1493,167,678,1,0,1,2598,7,22,0,0,0,0,0,0,60,lru,0,0,0,0,0,0,8,4,8,0,4,0,0,0,0,0,0,0,0
layer,20,0,19,82,decode,37,8,7,1,519,392,161,114,1,0,1,660,7,29,0,0,0,0,0,0,60,lru,0,0,0,0,0,0,8,7,8,0,1,0,0,0,0,0,0,0,0
layer,20,0,19,82,decode,38,8,6,2,1062,785,161,236,2,0,2,1368,7,18,0,0,0,0,0,0,60,lru,0,0,0,0,0,0,8,6,8,0,2,0,0,0,0,0,0,0,0
layer,20,0,19,82,decode,39,8,6,2,1089,788,679,326,2,0,2,1420,7,19,0,0,0,0,0,0,60,lru,0,0,0,0,0,0,8,6,8,0,2,0,0,0,0,0,0,0,0
request,20,0,19,0,decode,-1,0,0,0,0,0,0,0,0,0,0,0,0,0,0,0,0,0,0,0,0,,55704,484,0,0,19,0,0,0,0,0,0,0,0,0,0,0,0,0,0
layer,21,0,20,83,decode,0,8,5,3,1578,1139,174,481,3,0,3,2047,9,23,0,0,0,0,0,0,60,lru,0,0,0,0,0,0,8,5,8,0,3,0,1,0,0,0,0,0,0
layer,21,0,20,83,decode,1,8,6,2,1016,769,163,217,3,0,3,1249,8,27,0,0,0,0,0,0,60,lru,0,0,0,0,0,0,8,6,8,0,2,0,1,0,0,0,0,0,0
layer,21,0,20,83,decode,2,8,5,3,1513,1106,143,492,3,0,3,1937,9,18,0,0,0,0,0,0,60,lru,0,0,0,0,0,0,8,5,8,0,3,0,0,0,0,0,0,0,0
layer,21,0,20,83,decode,3,8,7,1,490,346,183,178,2,0,2,702,7,2,0,0,0,0,0,0,60,lru,0,0,0,0,0,0,8,7,8,0,1,0,0,0,0,0,0,0,0
layer,21,0,20,83,decode,4,8,8,0,0,0,177,0,0,0,0,17,7,2,0,0,0,0,0,0,60,lru,0,0,0,0,0,0,8,8,8,0,0,0,0,0,0,0,0,0,0
layer,21,0,20,83,decode,5,8,8,0,0,0,182,0,0,0,0,15,6,1,0,0,0,0,0,0,60,lru,0,0,0,0,0,0,8,8,8,0,0,0,0,0,0,0,0,0,0
layer,21,0,20,83,decode,6,8,8,0,0,0,161,0,0,0,0,16,7,2,0,0,0,0,0,0,60,lru,0,0,0,0,0,0,8,8,8,0,0,0,0,0,0,0,0,0,0
layer,21,0,20,83,decode,7,8,8,0,0,0,182,0,0,0,0,15,7,1,0,0,0,0,0,0,60,lru,0,0,0,0,0,0,8,8,8,0,0,0,0,0,0,0,0,0,0
layer,21,0,20,83,decode,8,8,8,0,0,0,175,0,0,0,0,15,7,1,0,0,0,0,0,0,60,lru,0,0,0,0,0,0,8,8,8,0,0,0,0,0,0,0,0,0,0
layer,21,0,20,83,decode,9,8,8,0,0,0,183,0,0,0,0,15,7,1,0,0,0,0,0,0,60,lru,0,0,0,0,0,0,8,8,8,0,0,0,0,0,0,0,0,0,0
layer,21,0,20,83,decode,10,8,8,0,0,0,159,0,0,0,0,15,6,1,0,0,0,0,0,0,60,lru,0,0,0,0,0,0,8,8,8,0,0,0,0,0,0,0,0,0,0
layer,21,0,20,83,decode,11,8,7,1,484,386,182,123,2,0,2,706,7,13,0,0,0,0,0,0,60,lru,0,0,0,0,0,0,8,7,8,0,1,0,0,0,0,0,0,0,0
layer,21,0,20,83,decode,12,8,7,1,491,398,155,154,3,0,3,660,7,31,0,0,0,0,0,0,60,lru,0,0,0,0,0,0,8,7,8,0,1,0,0,0,0,0,0,0,0
layer,21,0,20,83,decode,13,8,8,0,0,0,182,0,0,0,0,17,7,2,0,0,0,0,0,0,60,lru,0,0,0,0,0,0,8,8,8,0,0,0,0,0,0,0,0,0,0
layer,21,0,20,83,decode,14,8,7,1,505,374,146,84,2,0,2,693,6,18,0,0,0,0,0,0,60,lru,0,0,0,0,0,0,8,7,8,0,1,0,0,0,0,0,0,0,0
layer,21,0,20,83,decode,15,8,7,1,484,392,162,154,2,0,2,686,7,34,0,0,0,0,0,0,60,lru,0,0,0,0,0,0,8,7,8,0,1,0,1,0,0,0,0,0,0
layer,21,0,20,83,decode,16,8,7,1,478,386,163,150,2,0,2,698,7,33,0,0,0,0,0,0,60,lru,0,0,0,0,0,0,8,7,8,0,1,0,0,0,0,0,0,0,0
layer,21,0,20,83,decode,17,8,8,0,0,0,183,0,0,0,0,17,7,1,0,0,0,0,0,0,60,lru,0,0,0,0,0,0,8,8,8,0,0,0,0,0,0,0,0,0,0
layer,21,0,20,83,decode,18,8,7,1,498,392,144,158,2,0,2,663,7,29,0,0,0,0,0,0,60,lru,0,0,0,0,0,0,8,7,8,0,1,0,0,0,0,0,0,0,0
layer,21,0,20,83,decode,19,8,8,0,0,0,181,0,0,0,0,17,7,1,0,0,0,0,0,0,60,lru,0,0,0,0,0,0,8,8,8,0,0,0,0,0,0,0,0,0,0
layer,21,0,20,83,decode,20,8,7,1,736,370,156,143,1,0,1,918,6,21,0,0,0,0,0,0,60,lru,0,0,0,0,0,0,8,7,8,0,1,0,0,0,0,0,0,0,0
layer,21,0,20,83,decode,21,8,8,0,0,0,183,0,0,0,0,17,8,1,0,0,0,0,0,0,60,lru,0,0,0,0,0,0,8,8,8,0,0,0,0,0,0,0,0,0,0
layer,21,0,20,83,decode,22,8,8,0,0,0,159,0,0,0,0,14,6,1,0,0,0,0,0,0,60,lru,0,0,0,0,0,0,8,8,8,0,0,0,0,0,0,0,0,0,0
layer,21,0,20,83,decode,23,8,6,2,979,750,180,302,3,0,3,1330,7,2,0,0,0,0,0,0,60,lru,0,0,0,0,0,0,8,6,8,0,2,0,0,0,0,0,0,0,0
layer,21,0,20,83,decode,24,8,8,0,0,0,176,0,0,0,0,17,7,1,0,0,0,0,0,0,60,lru,0,0,0,0,0,0,8,8,8,0,0,0,0,0,0,0,0,0,0
layer,21,0,20,83,decode,25,8,8,0,0,0,182,0,0,0,0,14,6,1,0,0,0,0,0,0,60,lru,0,0,0,0,0,0,8,8,8,0,0,0,0,0,0,0,0,0,0
layer,21,0,20,83,decode,26,8,8,0,0,0,159,0,0,0,0,14,6,1,0,0,0,0,0,0,60,lru,0,0,0,0,0,0,8,8,8,0,0,0,0,0,0,0,0,0,0
layer,21,0,20,83,decode,27,8,8,0,0,0,182,0,0,0,0,15,7,1,0,0,0,0,0,0,60,lru,0,0,0,0,0,0,8,8,8,0,0,0,0,0,0,0,0,0,0
layer,21,0,20,83,decode,28,8,7,1,471,370,156,130,1,0,1,727,6,31,0,0,0,0,0,0,60,lru,0,0,0,0,0,0,8,7,8,0,1,0,0,0,0,0,0,0,0
layer,21,0,20,83,decode,29,8,8,0,0,0,181,0,0,0,0,16,7,1,0,0,0,0,0,0,60,lru,0,0,0,0,0,0,8,8,8,0,0,0,0,0,0,0,0,0,0
layer,21,0,20,83,decode,30,8,7,1,482,385,150,180,1,0,1,675,7,16,0,0,0,0,0,0,60,lru,0,0,0,0,0,0,8,7,8,0,1,0,0,0,0,0,0,0,0
layer,21,0,20,83,decode,31,8,6,2,998,746,182,306,2,0,2,1275,7,2,0,0,0,0,0,0,60,lru,0,0,0,0,0,0,8,6,8,0,2,0,0,0,0,0,0,0,0
layer,21,0,20,83,decode,32,8,8,0,0,0,177,0,0,0,0,16,7,1,0,0,0,0,0,0,60,lru,0,0,0,0,0,0,8,8,8,0,0,0,0,0,0,0,0,0,0
layer,21,0,20,83,decode,33,8,7,1,513,389,163,233,1,0,1,733,7,28,0,0,0,0,0,0,60,lru,0,0,0,0,0,0,8,7,8,0,1,0,0,0,0,0,0,0,0
layer,21,0,20,83,decode,34,8,6,2,1052,770,161,318,2,0,2,1394,7,2,0,0,0,0,0,0,60,lru,0,0,0,0,0,0,8,6,8,0,2,0,0,0,0,0,0,0,0
layer,21,0,20,83,decode,35,8,8,0,0,0,183,0,0,0,0,16,7,1,0,0,0,0,0,0,60,lru,0,0,0,0,0,0,8,8,8,0,0,0,0,0,0,0,0,0,0
layer,21,0,20,83,decode,36,8,7,1,469,370,177,126,1,0,1,737,7,8,0,0,0,0,0,0,60,lru,0,0,0,0,0,0,8,7,8,0,1,0,0,0,0,0,0,0,0
layer,21,0,20,83,decode,37,8,6,2,1040,758,162,305,2,0,2,1347,8,19,0,0,0,0,0,0,60,lru,0,0,0,0,0,0,8,6,8,0,2,0,0,0,0,0,0,0,0
layer,21,0,20,83,decode,38,8,6,2,1077,807,155,334,3,0,3,1389,7,16,0,0,0,0,0,0,60,lru,0,0,0,0,0,0,8,6,8,0,2,0,0,0,0,0,0,0,0
layer,21,0,20,83,decode,39,8,6,2,1101,787,672,303,2,0,2,1402,7,30,0,0,0,0,0,0,60,lru,0,0,0,0,0,0,8,6,8,0,2,0,0,0,0,0,0,0,0
request,21,0,20,0,decode,-1,0,0,0,0,0,0,0,0,0,0,0,0,0,0,0,0,0,0,0,0,,30445,331,0,0,15,0,0,0,0,0,0,0,0,0,0,0,0,0,0
layer,22,0,21,84,decode,0,8,4,4,2309,1436,154,573,3,0,3,2870,9,28,0,0,0,0,0,0,60,lru,0,0,0,0,0,0,8,4,8,0,4,0,1,0,0,0,0,0,0
layer,22,0,21,84,decode,1,8,8,0,0,0,182,0,0,0,0,20,10,2,0,0,0,0,0,0,60,lru,0,0,0,0,0,0,8,8,8,0,0,0,1,0,0,0,0,0,0
layer,22,0,21,84,decode,2,8,6,2,995,767,142,377,2,0,2,1307,7,17,0,0,0,0,0,0,60,lru,0,0,0,0,0,0,8,6,8,0,2,0,0,0,0,0,0,0,0
layer,22,0,21,84,decode,3,8,7,1,486,378,163,110,2,0,2,664,7,27,0,0,0,0,0,0,60,lru,0,0,0,0,0,0,8,7,8,0,1,0,0,0,0,0,0,0,0
layer,22,0,21,84,decode,4,8,7,1,502,389,158,186,2,0,2,662,7,31,0,0,0,0,0,0,60,lru,0,0,0,0,0,0,8,7,8,0,1,0,0,0,0,0,0,0,0
layer,22,0,21,84,decode,5,8,8,0,0,0,183,0,0,0,0,17,7,1,0,0,0,0,0,0,60,lru,0,0,0,0,0,0,8,8,8,0,0,0,0,0,0,0,0,0,0
layer,22,0,21,84,decode,6,8,7,1,491,370,145,195,3,0,3,700,6,20,0,0,0,0,0,0,60,lru,0,0,0,0,0,0,8,7,8,0,1,0,0,0,0,0,0,0,0
layer,22,0,21,84,decode,7,8,8,0,0,0,181,0,0,0,0,17,7,2,0,0,0,0,0,0,60,lru,0,0,0,0,0,0,8,8,8,0,0,0,0,0,0,0,0,0,0
layer,22,0,21,84,decode,8,8,8,0,0,0,176,0,0,0,0,15,7,1,0,0,0,0,0,0,60,lru,0,0,0,0,0,0,8,8,8,0,0,0,0,0,0,0,0,0,0
layer,22,0,21,84,decode,9,8,8,0,0,0,183,0,0,0,0,15,6,1,0,0,0,0,0,0,60,lru,0,0,0,0,0,0,8,8,8,0,0,0,0,0,0,0,0,0,0
layer,22,0,21,84,decode,10,8,8,0,0,0,159,0,0,0,0,15,6,1,0,0,0,0,0,0,60,lru,0,0,0,0,0,0,8,8,8,0,0,0,0,0,0,0,0,0,0
layer,22,0,21,84,decode,11,8,7,1,481,376,162,151,2,0,2,677,7,34,0,0,0,0,0,0,60,lru,0,0,0,0,0,0,8,7,8,0,1,0,0,0,0,0,0,0,0
layer,22,0,21,84,decode,12,8,8,0,0,0,175,0,0,0,0,17,7,2,0,0,0,0,0,0,60,lru,0,0,0,0,0,0,8,8,8,0,0,0,0,0,0,0,0,0,0
layer,22,0,21,84,decode,13,8,8,0,0,0,182,0,0,0,0,15,6,1,0,0,0,0,0,0,60,lru,0,0,0,0,0,0,8,8,8,0,0,0,0,0,0,0,0,0,0
layer,22,0,21,84,decode,14,8,8,0,0,0,161,0,0,0,0,16,7,1,0,0,0,0,0,0,60,lru,0,0,0,0,0,0,8,8,8,0,0,0,0,0,0,0,0,0,0
layer,22,0,21,84,decode,15,8,8,0,0,0,182,0,0,0,0,15,7,1,0,0,0,0,0,0,60,lru,0,0,0,0,0,0,8,8,8,0,0,0,0,0,0,0,0,0,0
layer,22,0,21,84,decode,16,8,8,0,0,0,176,0,0,0,0,15,7,1,0,0,0,0,0,0,60,lru,0,0,0,0,0,0,8,8,8,0,0,0,0,0,0,0,0,0,0
layer,22,0,21,84,decode,17,8,8,0,0,0,182,0,0,0,0,15,6,1,0,0,0,0,0,0,60,lru,0,0,0,0,0,0,8,8,8,0,0,0,0,0,0,0,0,0,0
layer,22,0,21,84,decode,18,8,8,0,0,0,160,0,0,0,0,15,7,2,0,0,0,0,0,0,60,lru,0,0,0,0,0,0,8,8,8,0,0,0,0,0,0,0,0,0,0
layer,22,0,21,84,decode,19,8,8,0,0,0,181,0,0,0,0,15,6,1,0,0,0,0,0,0,60,lru,0,0,0,0,0,0,8,8,8,0,0,0,0,0,0,0,0,0,0
layer,22,0,21,84,decode,20,8,8,0,0,0,176,0,0,0,0,14,6,1,0,0,0,0,0,0,60,lru,0,0,0,0,0,0,8,8,8,0,0,0,0,0,0,0,0,0,0
layer,22,0,21,84,decode,21,8,7,1,502,377,165,160,1,0,1,733,8,32,0,0,0,0,0,0,60,lru,0,0,0,0,0,0,8,7,8,0,1,0,0,0,0,0,0,0,0
layer,22,0,21,84,decode,22,8,7,1,494,389,144,119,2,0,2,679,7,32,0,0,0,0,0,0,60,lru,0,0,0,0,0,0,8,7,8,0,1,0,0,0,0,0,0,0,0
layer,22,0,21,84,decode,23,8,8,0,0,0,181,0,0,0,0,16,7,1,0,0,0,0,0,0,60,lru,0,0,0,0,0,0,8,8,8,0,0,0,0,0,0,0,0,0,0
layer,22,0,21,84,decode,24,8,7,1,479,374,157,148,1,0,1,679,6,27,0,0,0,0,0,0,60,lru,0,0,0,0,0,0,8,7,8,0,1,0,0,0,0,0,0,0,0
layer,22,0,21,84,decode,25,8,8,0,0,0,182,0,0,0,0,16,7,1,0,0,0,0,0,0,60,lru,0,0,0,0,0,0,8,8,8,0,0,0,0,0,0,0,0,0,0
layer,22,0,21,84,decode,26,8,7,1,512,360,160,198,2,0,2,766,7,2,0,0,0,0,0,0,60,lru,0,0,0,0,0,0,8,7,8,0,1,0,0,0,0,0,0,0,0
layer,22,0,21,84,decode,27,8,8,0,0,0,181,0,0,0,0,17,8,2,0,0,0,0,0,0,60,lru,0,0,0,0,0,0,8,8,8,0,0,0,0,0,0,0,0,0,0
layer,22,0,21,84,decode,28,8,8,0,0,0,177,0,0,0,0,15,7,2,0,0,0,0,0,0,60,lru,0,0,0,0,0,0,8,8,8,0,0,0,0,0,0,0,0,0,0
layer,22,0,21,84,decode,29,8,8,0,0,0,182,0,0,0,0,15,7,1,0,0,0,0,0,0,60,lru,0,0,0,0,0,0,8,8,8,0,0,0,0,0,0,0,0,0,0
layer,22,0,21,84,decode,30,8,8,0,0,0,157,0,0,0,0,14,7,1,0,0,0,0,0,0,60,lru,0,0,0,0,0,0,8,8,8,0,0,0,0,0,0,0,0,0,0
layer,22,0,21,84,decode,31,8,8,0,0,0,182,0,0,0,0,14,7,1,0,0,0,0,0,0,60,lru,0,0,0,0,0,0,8,8,8,0,0,0,0,0,0,0,0,0,0
layer,22,0,21,84,decode,32,8,8,0,0,0,176,0,0,0,0,15,7,1,0,0,0,0,0,0,60,lru,0,0,0,0,0,0,8,8,8,0,0,0,0,0,0,0,0,0,0
layer,22,0,21,84,decode,33,8,8,0,0,0,183,0,0,0,0,15,7,1,0,0,0,0,0,0,60,lru,0,0,0,0,0,0,8,8,8,0,0,0,0,0,0,0,0,0,0
layer,22,0,21,84,decode,34,8,7,1,524,396,145,105,1,0,1,689,7,33,0,0,0,0,0,0,60,lru,0,0,0,0,0,0,8,7,8,0,1,0,0,0,0,0,0,0,0
layer,22,0,21,84,decode,35,8,8,0,0,0,182,0,0,0,0,20,11,1,0,0,0,0,0,0,60,lru,0,0,0,0,0,0,8,8,8,0,0,0,0,0,0,0,0,0,0
layer,22,0,21,84,decode,36,8,8,0,0,0,177,0,0,0,0,15,6,2,0,0,0,0,0,0,60,lru,0,0,0,0,0,0,8,8,8,0,0,0,0,0,0,0,0,0,0
layer,22,0,21,84,decode,37,8,8,0,0,0,189,0,0,0,0,14,6,1,0,0,0,0,0,0,60,lru,0,0,0,0,0,0,8,8,8,0,0,0,0,0,0,0,0,0,0
layer,22,0,21,84,decode,38,8,7,1,518,399,154,169,1,0,1,775,6,29,0,0,0,0,0,0,60,lru,0,0,0,0,0,0,8,7,8,0,1,0,0,0,0,0,0,0,0
layer,22,0,21,84,decode,39,8,2,6,3302,2340,673,1111,2,0,2,4123,7,30,0,0,0,0,0,0,60,lru,0,0,0,0,0,0,8,2,8,0,6,0,0,0,0,0,0,0,0
request,22,0,21,0,decode,-1,0,0,0,0,0,0,0,0,0,0,0,0,0,0,0,0,0,0,0,0,,23942,275,0,0,14,0,0,0,0,0,0,0,0,0,0,0,0,0,0
layer,23,0,22,85,decode,0,8,3,5,2655,1873,175,910,2,0,2,3345,9,3,0,0,0,0,0,0,60,lru,0,0,0,0,0,0,8,3,8,0,5,0,1,0,0,0,0,0,0
layer,23,0,22,85,decode,1,8,6,2,1042,767,173,282,3,0,3,1321,7,28,0,0,0,0,0,0,60,lru,0,0,0,0,0,0,8,6,8,0,2,0,1,0,0,0,0,0,0
layer,23,0,22,85,decode,2,8,6,2,999,741,160,169,3,0,3,1297,7,2,0,0,0,0,0,0,60,lru,0,0,0,0,0,0,8,6,8,0,2,0,0,0,0,0,0,0,0
layer,23,0,22,85,decode,3,8,4,4,2058,1504,159,627,3,0,3,2592,7,19,0,0,0,0,0,0,60,lru,0,0,0,0,0,0,8,4,8,0,4,0,0,0,0,0,0,0,0
layer,23,0,22,85,decode,4,8,6,2,1016,758,155,307,3,0,3,1281,7,34,0,0,0,0,0,0,60,lru,0,0,0,0,0,0,8,6,8,0,2,0,1,0,0,0,0,0,0
layer,23,0,22,85,decode,5,8,6,2,1018,740,167,331,3,0,3,1346,7,20,0,0,0,0,0,0,60,lru,0,0,0,0,0,0,8,6,8,0,2,0,0,0,0,0,0,0,0
layer,23,0,22,85,decode,6,8,7,1,500,383,144,182,2,0,2,687,7,17,0,0,0,0,0,0,60,lru,0,0,0,0,0,0,8,7,8,0,1,0,0,0,0,0,0,0,0
layer,23,0,22,85,decode,7,8,7,1,508,389,162,127,2,0,2,703,7,34,0,0,0,0,0,0,60,lru,0,0,0,0,0,0,8,7,8,0,1,0,0,0,0,0,0,0,0
layer,23,0,22,85,decode,8,8,8,0,0,0,178,0,0,0,0,18,7,2,0,0,0,0,0,0,60,lru,0,0,0,0,0,0,8,8,8,0,0,0,0,0,0,0,0,0,0
layer,23,0,22,85,decode,9,8,8,0,0,0,185,0,0,0,0,15,6,1,0,0,0,0,0,0,60,lru,0,0,0,0,0,0,8,8,8,0,0,0,0,0,0,0,0,0,0
layer,23,0,22,85,decode,10,8,7,1,518,378,145,97,3,0,3,726,7,26,0,0,0,0,0,0,60,lru,0,0,0,0,0,0,8,7,8,0,1,0,0,0,0,0,0,0,0
layer,23,0,22,85,decode,11,8,8,0,0,0,182,0,0,0,0,17,7,2,0,0,0,0,0,0,60,lru,0,0,0,0,0,0,8,8,8,0,0,0,0,0,0,0,0,0,0
layer,23,0,22,85,decode,12,8,7,1,500,386,155,121,3,0,3,632,7,15,0,0,0,0,0,0,60,lru,0,0,0,0,0,0,8,7,8,0,1,0,0,0,0,0,0,0,0
layer,23,0,22,85,decode,13,8,8,0,0,0,183,0,0,0,0,16,7,1,0,0,0,0,0,0,60,lru,0,0,0,0,0,0,8,8,8,0,0,0,0,0,0,0,0,0,0
layer,23,0,22,85,decode,14,8,8,0,0,0,159,0,0,0,0,15,7,2,0,0,0,0,0,0,60,lru,0,0,0,0,0,0,8,8,8,0,0,0,0,0,0,0,0,0,0
layer,23,0,22,85,decode,15,8,8,0,0,0,183,0,0,0,0,14,7,1,0,0,0,0,0,0,60,lru,0,0,0,0,0,0,8,8,8,0,0,0,0,0,0,0,0,0,0
layer,23,0,22,85,decode,16,8,8,0,0,0,176,0,0,0,0,15,6,2,0,0,0,0,0,0,60,lru,0,0,0,0,0,0,8,8,8,0,0,0,0,0,0,0,0,0,0
layer,23,0,22,85,decode,17,8,7,1,496,380,184,72,2,0,2,668,7,2,0,0,0,0,0,0,60,lru,0,0,0,0,0,0,8,7,8,0,1,0,0,0,0,0,0,0,0
layer,23,0,22,85,decode,18,8,8,0,0,0,159,0,0,0,0,18,8,2,0,0,0,0,0,0,60,lru,0,0,0,0,0,0,8,8,8,0,0,0,0,0,0,0,0,0,0
layer,23,0,22,85,decode,19,8,7,1,473,364,181,169,2,0,2,714,7,14,0,0,0,0,0,0,60,lru,0,0,0,0,0,0,8,7,8,0,1,0,0,0,0,0,0,0,0
layer,23,0,22,85,decode,20,8,7,1,476,365,156,125,2,0,2,683,7,23,0,0,0,0,0,0,60,lru,0,0,0,0,0,0,8,7,8,0,1,0,0,0,0,0,0,0,0
layer,23,0,22,85,decode,21,8,8,0,0,0,183,0,0,0,0,15,7,1,0,0,0,0,0,0,60,lru,0,0,0,0,0,0,8,8,8,0,0,0,0,0,0,0,0,0,0
layer,23,0,22,85,decode,22,8,7,1,493,390,143,140,1,0,1,682,6,20,0,0,0,0,0,0,60,lru,0,0,0,0,0,0,8,7,8,0,1,0,0,0,0,0,0,0,0
layer,23,0,22,85,decode,23,8,8,0,0,0,181,0,0,0,0,18,8,1,0,0,0,0,0,0,60,lru,0,0,0,0,0,0,8,8,8,0,0,0,0,0,0,0,0,0,0
layer,23,0,22,85,decode,24,8,7,1,502,376,162,160,1,0,1,691,7,30,0,0,0,0,0,0,60,lru,0,0,0,0,0,0,8,7,8,0,1,0,0,0,0,0,0,0,0
layer,23,0,22,85,decode,25,8,8,0,0,0,183,0,0,0,0,16,7,1,0,0,0,0,0,0,60,lru,0,0,0,0,0,0,8,8,8,0,0,0,0,0,0,0,0,0,0
layer,23,0,22,85,decode,26,8,8,0,0,0,159,0,0,0,0,15,7,1,0,0,0,0,0,0,60,lru,0,0,0,0,0,0,8,8,8,0,0,0,0,0,0,0,0,0,0
layer,23,0,22,85,decode,27,8,8,0,0,0,181,0,0,0,0,15,7,1,0,0,0,0,0,0,60,lru,0,0,0,0,0,0,8,8,8,0,0,0,0,0,0,0,0,0,0
layer,23,0,22,85,decode,28,8,8,0,0,0,176,0,0,0,0,14,6,1,0,0,0,0,0,0,60,lru,0,0,0,0,0,0,8,8,8,0,0,0,0,0,0,0,0,0,0
layer,23,0,22,85,decode,29,8,6,2,1024,751,162,301,1,0,1,1386,6,34,0,0,0,0,0,0,60,lru,0,0,0,0,0,0,8,6,8,0,2,0,0,0,0,0,0,0,0
layer,23,0,22,85,decode,30,8,8,0,0,0,158,0,0,0,0,17,7,1,0,0,0,0,0,0,60,lru,0,0,0,0,0,0,8,8,8,0,0,0,0,0,0,0,0,0,0
layer,23,0,22,85,decode,31,8,7,1,493,390,161,204,1,0,1,702,7,26,0,0,0,0,0,0,60,lru,0,0,0,0,0,0,8,7,8,0,1,0,0,0,0,0,0,0,0
layer,23,0,22,85,decode,32,8,7,1,489,371,176,172,2,0,2,742,7,17,0,0,0,0,0,0,60,lru,0,0,0,0,0,0,8,7,8,0,1,0,0,0,0,0,0,0,0
layer,23,0,22,85,decode,33,8,8,0,0,0,183,0,0,0,0,17,8,1,0,0,0,0,0,0,60,lru,0,0,0,0,0,0,8,8,8,0,0,0,0,0,0,0,0,0,0
layer,23,0,22,85,decode,34,8,8,0,0,0,161,0,0,0,0,15,7,2,0,0,0,0,0,0,60,lru,0,0,0,0,0,0,8,8,8,0,0,0,0,0,0,0,0,0,0
layer,23,0,22,85,decode,35,8,8,0,0,0,183,0,0,0,0,15,7,1,0,0,0,0,0,0,60,lru,0,0,0,0,0,0,8,8,8,0,0,0,0,0,0,0,0,0,0
layer,23,0,22,85,decode,36,8,7,1,512,394,155,158,1,0,1,653,7,25,0,0,0,0,0,0,60,lru,0,0,0,0,0,0,8,7,8,0,1,0,0,0,0,0,0,0,0
layer,23,0,22,85,decode,37,8,8,0,0,0,184,0,0,0,0,17,7,2,0,0,0,0,0,0,60,lru,0,0,0,0,0,0,8,8,8,0,0,0,0,0,0,0,0,0,0
layer,23,0,22,85,decode,38,8,6,2,1080,789,155,275,2,0,2,1409,7,32,0,0,0,0,0,0,60,lru,0,0,0,0,0,0,8,6,8,0,2,0,0,0,0,0,0,0,0
layer,23,0,22,85,decode,39,8,8,0,0,0,686,0,0,0,0,17,8,1,0,0,0,0,0,0,60,lru,0,0,0,0,0,0,8,8,8,0,0,0,0,0,0,0,0,0,0
request,23,0,22,0,decode,-1,0,0,0,0,0,0,0,0,0,0,0,0,0,0,0,0,0,0,0,0,,30931,329,0,0,15,0,0,0,0,0,0,0,0,0,0,0,0,0,0
layer,24,0,23,86,decode,0,8,8,0,0,0,177,0,0,0,0,19,9,2,0,0,0,0,0,0,60,lru,0,0,0,0,0,0,8,8,8,0,0,0,1,0,0,0,0,0,0
layer,24,0,23,86,decode,1,8,7,1,500,383,163,104,2,0,2,699,7,29,0,0,0,0,0,0,60,lru,0,0,0,0,0,0,8,7,8,0,1,0,0,0,0,0,0,0,0
layer,24,0,23,86,decode,2,8,8,0,0,0,159,0,0,0,0,18,8,2,0,0,0,0,0,0,60,lru,0,0,0,0,0,0,8,8,8,0,0,0,0,0,0,0,0,0,0
layer,24,0,23,86,decode,3,8,8,0,0,0,183,0,0,0,0,16,7,1,0,0,0,0,0,0,60,lru,0,0,0,0,0,0,8,8,8,0,0,0,0,0,0,0,0,0,0
layer,24,0,23,86,decode,4,8,7,1,515,407,155,39,2,0,2,648,6,28,0,0,0,0,0,0,60,lru,0,0,0,0,0,0,8,7,8,0,1,0,0,0,0,0,0,0,0
layer,24,0,23,86,decode,5,8,8,0,0,0,183,0,0,0,0,16,7,1,0,0,0,0,0,0,60,lru,0,0,0,0,0,0,8,8,8,0,0,0,0,0,0,0,0,0,0
layer,24,0,23,86,decode,6,8,8,0,0,0,160,0,0,0,0,16,6,2,0,0,0,0,0,0,60,lru,0,0,0,0,0,0,8,8,8,0,0,0,0,0,0,0,0,0,0
layer,24,0,23,86,decode,7,8,7,1,474,374,162,108,2,0,2,691,7,33,0,0,0,0,0,0,60,lru,0,0,0,0,0,0,8,7,8,0,1,0,0,0,0,0,0,0,0
layer,24,0,23,86,decode,8,8,7,1,486,378,156,107,3,0,3,698,7,27,0,0,0,0,0,0,60,lru,0,0,0,0,0,0,8,7,8,0,1,0,0,0,0,0,0,0,0
layer,24,0,23,86,decode,9,8,7,1,512,368,163,118,3,0,3,726,7,19,0,0,0,0,0,0,60,lru,0,0,0,0,0,0,8,7,8,0,1,0,0,0,0,0,0,0,0
layer,24,0,23,86,decode,10,8,7,1,492,380,144,102,3,0,3,674,8,27,0,0,0,0,0,0,60,lru,0,0,0,0,0,0,8,7,8,0,1,0,0,0,0,0,0,0,0
layer,24,0,23,86,decode,11,8,8,0,0,0,182,0,0,0,0,17,7,1,0,0,0,0,0,0,60,lru,0,0,0,0,0,0,8,8,8,0,0,0,0,0,0,0,0,0,0
layer,24,0,23,86,decode,12,8,7,1,478,382,156,145,3,0,3,670,7,25,0,0,0,0,0,0,60,lru,0,0,0,0,0,0,8,7,8,0,1,0,0,0,0,0,0,0,0
layer,24,0,23,86,decode,13,8,6,2,1003,766,175,331,4,0,4,1338,7,21,0,0,0,0,0,0,60,lru,0,0,0,0,0,0,8,6,8,0,2,0,0,0,0,0,0,0,0
layer,24,0,23,86,decode,14,8,7,1,509,392,151,105,2,0,2,700,7,20,0,0,0,0,0,0,60,lru,0,0,0,0,0,0,8,7,8,0,1,0,1,0,0,0,0,0,0
layer,24,0,23,86,decode,15,8,5,3,1538,1138,171,389,3,0,3,1996,8,18,0,0,0,0,0,0,60,lru,0,0,0,0,0,0,8,5,8,0,3,0,0,0,0,0,0,0,0
layer,24,0,23,86,decode,16,8,3,5,2497,1884,153,727,3,0,3,3155,7,24,0,0,0,0,0,0,60,lru,0,0,0,0,0,0,8,3,8,0,5,0,0,0,0,0,0,0,0
layer,24,0,23,86,decode,17,8,7,1,489,380,161,145,2,0,2,693,7,20,0,0,0,0,0,0,60,lru,0,0,0,0,0,0,8,7,8,0,1,0,1,0,0,0,0,0,0
layer,24,0,23,86,decode,18,8,7,1,508,380,145,115,2,0,2,710,7,34,0,0,0,0,0,0,60,lru,0,0,0,0,0,0,8,7,8,0,1,0,0,0,0,0,0,0,0
layer,24,0,23,86,decode,19,8,7,1,496,389,173,212,2,0,2,707,7,31,0,0,0,0,0,0,60,lru,0,0,0,0,0,0,8,7,8,0,1,0,0,0,0,0,0,0,0
layer,24,0,23,86,decode,20,8,6,2,1005,742,168,345,3,0,3,1295,7,30,0,0,0,0,0,0,60,lru,0,0,0,0,0,0,8,6,8,0,2,0,0,0,0,0,0,0,0
layer,24,0,23,86,decode,21,8,8,0,0,0,184,0,0,0,0,16,7,1,0,0,0,0,0,0,60,lru,0,0,0,0,0,0,8,8,8,0,0,0,0,0,0,0,0,0,0
layer,24,0,23,86,decode,22,8,6,2,1017,751,155,259,2,0,2,1322,6,2,0,0,0,0,0,0,60,lru,0,0,0,0,0,0,8,6,8,0,2,0,0,0,0,0,0,0,0
layer,24,0,23,86,decode,23,8,8,0,0,0,182,0,0,0,0,17,7,1,0,0,0,0,0,0,60,lru,0,0,0,0,0,0,8,8,8,0,0,0,0,0,0,0,0,0,0
layer,24,0,23,86,decode,24,8,4,4,2039,1518,167,666,2,0,2,2534,7,9,0,0,0,0,0,0,60,lru,0,0,0,0,0,0,8,4,8,0,4,0,0,0,0,0,0,0,0
layer,24,0,23,86,decode,25,8,7,1,494,373,165,100,1,0,1,711,7,21,0,0,0,0,0,0,60,lru,0,0,0,0,0,0,8,7,8,0,1,0,0,0,0,0,0,0,0
layer,24,0,23,86,decode,26,8,7,1,519,372,152,170,1,0,1,726,7,36,0,0,0,0,0,0,60,lru,0,0,0,0,0,0,8,7,8,0,1,0,0,0,0,0,0,0,0
layer,24,0,23,86,decode,27,8,5,3,1489,1128,181,542,2,0,2,1932,7,2,0,0,0,0,0,0,60,lru,0,0,0,0,0,0,8,5,8,0,3,0,0,0,0,0,0,0,0
layer,24,0,23,86,decode,28,8,7,1,485,400,164,238,1,0,1,716,7,34,0,0,0,0,0,0,60,lru,0,0,0,0,0,0,8,7,8,0,1,0,0,0,0,0,0,0,0
layer,24,0,23,86,decode,29,8,8,0,0,0,181,0,0,0,0,17,7,2,0,0,0,0,0,0,60,lru,0,0,0,0,0,0,8,8,8,0,0,0,0,0,0,0,0,0,0
layer,24,0,23,86,decode,30,8,7,1,479,395,150,147,1,0,1,703,7,23,0,0,0,0,0,0,60,lru,0,0,0,0,0,0,8,7,8,0,1,0,0,0,0,0,0,0,0
layer,24,0,23,86,decode,31,8,7,1,498,380,161,167,1,0,1,715,7,33,0,0,0,0,0,0,60,lru,0,0,0,0,0,0,8,7,8,0,1,0,0,0,0,0,0,0,0
layer,24,0,23,86,decode,32,8,5,3,1535,1149,160,536,2,0,2,1975,7,32,0,0,0,0,0,0,60,lru,0,0,0,0,0,0,8,5,8,0,3,0,0,0,0,0,0,0,0
layer,24,0,23,86,decode,33,8,5,3,1565,1112,174,376,2,0,2,2019,7,32,0,0,0,0,0,0,60,lru,0,0,0,0,0,0,8,5,8,0,3,0,0,0,0,0,0,0,0
layer,24,0,23,86,decode,34,8,6,2,1068,788,159,296,1,0,1,1394,7,2,0,0,0,0,0,0,60,lru,0,0,0,0,0,0,8,6,8,0,2,0,0,0,0,0,0,0,0
layer,24,0,23,86,decode,35,8,6,2,1005,776,160,313,2,0,2,1244,8,25,0,0,0,0,0,0,60,lru,0,0,0,0,0,0,8,6,8,0,2,0,0,0,0,0,0,0,0
layer,24,0,23,86,decode,36,8,8,0,0,0,175,0,0,0,0,16,7,2,0,0,0,0,0,0,60,lru,0,0,0,0,0,0,8,8,8,0,0,0,0,0,0,0,0,0,0
layer,24,0,23,86,decode,37,8,8,0,0,0,184,0,0,0,0,15,6,2,0,0,0,0,0,0,60,lru,0,0,0,0,0,0,8,8,8,0,0,0,0,0,0,0,0,0,0
layer,24,0,23,86,decode,38,8,5,3,1588,1197,144,315,2,0,2,2042,6,22,0,0,0,0,0,0,60,lru,0,0,0,0,0,0,8,5,8,0,3,0,0,0,0,0,0,0,0
layer,24,0,23,86,decode,39,8,5,3,1694,1208,674,385,2,0,2,2001,8,21,0,0,0,0,0,0,60,lru,0,0,0,0,0,0,8,5,8,0,3,0,0,0,0,0,0,0,0
request,24,0,23,0,decode,-1,0,0,0,0,0,0,0,0,0,0,0,0,0,0,0,0,0,0,0,0,,44094,408,0,0,16,0,0,0,0,0,0,0,0,0,0,0,0,0,0
layer,25,0,24,87,decode,0,8,1,7,3989,2598,152,1055,3,0,3,4807,9,19,0,0,0,0,0,0,60,lru,0,0,0,0,0,0,8,1,8,0,7,0,1,0,0,0,0,0,0
layer,25,0,24,87,decode,1,8,4,4,1988,1495,168,573,4,0,4,2577,7,20,0,0,0,0,0,0,60,lru,0,0,0,0,0,0,8,4,8,0,4,0,1,0,0,0,0,0,0
layer,25,0,24,87,decode,2,8,7,1,506,373,152,201,2,0,2,714,7,28,0,0,0,0,0,0,60,lru,0,0,0,0,0,0,8,7,8,0,1,0,0,0,0,0,0,0,0
layer,25,0,24,87,decode,3,8,4,4,1988,1490,160,644,3,0,3,2490,7,19,0,0,0,0,0,0,60,lru,0,0,0,0,0,0,8,4,8,0,4,0,0,0,0,0,0,0,0
layer,25,0,24,87,decode,4,8,5,3,1712,1063,154,581,3,0,3,2224,6,19,0,0,0,0,0,0,60,lru,0,0,0,0,0,0,8,5,8,0,3,0,0,0,0,0,0,0,0
layer,25,0,24,87,decode,5,8,5,3,1525,1134,180,495,3,0,3,1889,7,2,0,0,0,0,0,0,60,lru,0,0,0,0,0,0,8,5,8,0,3,0,1,0,0,0,0,0,0
layer,25,0,24,87,decode,6,8,2,6,3038,2224,155,868,3,0,3,3834,7,2,0,0,0,0,0,0,60,lru,0,0,0,0,0,0,8,2,8,0,6,0,0,0,0,0,0,0,0
layer,25,0,24,87,decode,7,8,2,6,2985,2259,179,896,3,0,3,3692,7,12,0,0,0,0,0,0,60,lru,0,0,0,0,0,0,8,2,8,0,6,0,1,0,0,0,0,0,0
layer,25,0,24,87,decode,8,8,7,1,476,386,177,177,2,0,2,718,7,2,0,0,0,0,0,0,60,lru,0,0,0,0,0,0,8,7,8,0,1,0,1,0,0,0,0,0,0
layer,25,0,24,87,decode,9,8,6,2,988,753,180,424,4,0,4,1270,7,2,0,0,0,0,0,0,60,lru,0,0,0,0,0,0,8,6,8,0,2,0,0,0,0,0,0,0,0
layer,25,0,24,87,decode,10,8,3,5,2564,1894,140,823,4,0,4,3163,6,23,0,0,0,0,0,0,60,lru,0,0,0,0,0,0,8,3,8,0,5,0,0,0,0,0,0,0,0
layer,25,0,24,87,decode,11,8,6,2,1206,725,161,393,3,0,3,1556,7,31,0,0,0,0,0,0,60,lru,0,0,0,0,0,0,8,6,8,0,2,0,1,0,0,0,0,0,0
layer,25,0,24,87,decode,12,8,5,3,1467,1146,158,269,4,0,4,1871,7,23,0,0,0,0,0,0,60,lru,0,0,0,0,0,0,8,5,8,0,3,0,0,0,0,0,0,0,0
layer,25,0,24,87,decode,13,8,6,2,1190,731,162,364,4,0,4,1558,7,19,0,0,0,0,0,0,60,lru,0,0,0,0,0,0,8,6,8,0,2,0,0,0,0,0,0,0,0
layer,25,0,24,87,decode,14,8,7,1,494,372,158,170,2,0,2,717,7,2,0,0,0,0,0,0,60,lru,0,0,0,0,0,0,8,7,8,0,1,0,0,0,0,0,0,0,0
layer,25,0,24,87,decode,15,8,6,2,1012,760,181,440,3,0,3,1327,7,6,0,0,0,0,0,0,60,lru,0,0,0,0,0,0,8,6,8,0,2,0,0,0,0,0,0,0,0
layer,25,0,24,87,decode,16,8,7,1,483,378,176,125,2,0,2,674,7,24,0,0,0,0,0,0,60,lru,0,0,0,0,0,0,8,7,8,0,1,0,0,0,0,0,0,0,0
layer,25,0,24,87,decode,17,8,5,3,1457,1102,181,469,3,0,3,1963,7,2,0,0,0,0,0,0,60,lru,0,0,0,0,0,0,8,5,8,0,3,0,0,0,0,0,0,0,0
layer,25,0,24,87,decode,18,8,6,2,1020,767,143,222,3,0,3,1291,7,24,0,0,0,0,0,0,60,lru,0,0,0,0,0,0,8,6,8,0,2,0,0,0,0,0,0,0,0
layer,25,0,24,87,decode,19,8,6,2,977,766,171,178,3,0,3,1344,7,10,0,0,0,0,0,0,60,lru,0,0,0,0,0,0,8,6,8,0,2,0,0,0,0,0,0,0,0
layer,25,0,24,87,decode,20,8,8,0,0,0,175,0,0,0,0,21,11,1,0,0,0,0,0,0,60,lru,0,0,0,0,0,0,8,8,8,0,0,0,0,0,0,0,0,0,0
layer,25,0,24,87,decode,21,8,7,1,488,386,163,105,1,0,1,678,7,29,0,0,0,0,0,0,60,lru,0,0,0,0,0,0,8,7,8,0,1,0,0,0,0,0,0,0,0
layer,25,0,24,87,decode,22,8,5,3,1584,1146,148,478,1,0,1,1966,7,26,0,0,0,0,0,0,60,lru,0,0,0,0,0,0,8,5,8,0,3,0,0,0,0,0,0,0,0
layer,25,0,24,87,decode,23,8,7,1,739,363,161,158,2,0,2,928,8,37,0,0,0,0,0,0,60,lru,0,0,0,0,0,0,8,7,8,0,1,0,0,0,0,0,0,0,0
layer,25,0,24,87,decode,24,8,6,2,998,765,155,364,2,0,2,1303,7,31,0,0,0,0,0,0,60,lru,0,0,0,0,0,0,8,6,8,0,2,0,0,0,0,0,0,0,0
layer,25,0,24,87,decode,25,8,5,3,1536,1159,159,472,2,0,2,1906,7,32,0,0,0,0,0,0,60,lru,0,0,0,0,0,0,8,5,8,0,3,0,0,0,0,0,0,0,0
layer,25,0,24,87,decode,26,8,5,3,1560,1107,150,470,3,0,3,2039,7,32,0,0,0,0,0,0,60,lru,0,0,0,0,0,0,8,5,8,0,3,0,0,0,0,0,0,0,0
layer,25,0,24,87,decode,27,8,6,2,993,771,160,352,2,0,2,1330,8,29,0,0,0,0,0,0,60,lru,0,0,0,0,0,0,8,6,8,0,2,0,0,0,0,0,0,0,0
layer,25,0,24,87,decode,28,8,4,4,2008,1522,175,647,1,0,1,2516,7,2,0,0,0,0,0,0,60,lru,0,0,0,0,0,0,8,4,8,0,4,0,0,0,0,0,0,0,0
layer,25,0,24,87,decode,29,8,4,4,2268,1515,158,586,1,0,1,2714,7,19,0,0,0,0,0,0,60,lru,0,0,0,0,0,0,8,4,8,0,4,0,0,0,0,0,0,0,0
layer,25,0,24,87,decode,30,8,4,4,2187,1475,141,636,2,0,2,2736,7,25,0,0,0,0,0,0,60,lru,0,0,0,0,0,0,8,4,8,0,4,0,0,0,0,0,0,0,0
layer,25,0,24,87,decode,31,8,5,3,1501,1140,180,633,2,0,2,1990,7,2,0,0,0,0,0,0,60,lru,0,0,0,0,0,0,8,5,8,0,3,0,0,0,0,0,0,0,0
layer,25,0,24,87,decode,32,8,4,4,1984,1512,174,705,2,0,2,2501,6,2,0,0,0,0,0,0,60,lru,0,0,0,0,0,0,8,4,8,0,4,0,0,0,0,0,0,0,0
layer,25,0,24,87,decode,33,8,3,5,2593,1887,173,971,1,0,1,3224,7,39,0,0,0,0,0,0,60,lru,0,0,0,0,0,0,8,3,8,0,5,0,0,0,0,0,0,0,0
layer,25,0,24,87,decode,34,8,3,5,2672,2006,139,951,2,0,2,3273,7,35,0,0,0,0,0,0,60,lru,0,0,0,0,0,0,8,3,8,0,5,0,0,0,0,0,0,0,0
layer,25,0,24,87,decode,35,8,3,5,2894,1867,171,569,2,0,2,3549,7,25,0,0,0,0,0,0,60,lru,0,0,0,0,0,0,8,3,8,0,5,0,0,0,0,0,0,0,0
layer,25,0,24,87,decode,36,8,5,3,1539,1133,167,493,3,0,3,1965,7,19,0,0,0,0,0,0,60,lru,0,0,0,0,0,0,8,5,8,0,3,0,0,0,0,0,0,0,0
layer,25,0,24,87,decode,37,8,6,2,1038,729,181,263,3,0,3,1302,7,2,0,0,0,0,0,0,60,lru,0,0,0,0,0,0,8,6,8,0,2,0,0,0,0,0,0,0,0
layer,25,0,24,87,decode,38,8,3,5,2619,1981,141,984,1,0,1,3362,7,18,0,0,0,0,0,0,60,lru,0,0,0,0,0,0,8,3,8,0,5,0,1,0,0,0,0,0,0
layer,25,0,24,87,decode,39,8,4,4,2246,1621,674,563,3,0,3,2676,7,12,0,0,0,0,0,0,60,lru,0,0,0,0,0,0,8,4,8,0,4,0,0,0,0,0,0,0,0
request,25,0,24,0,decode,-1,0,0,0,0,0,0,0,0,0,0,0,0,0,0,0,0,0,0,0,0,,90246,692,0,0,19,0,0,0,0,0,0,0,0,0,0,0,0,0,0
layer,26,0,25,88,decode,0,8,4,4,2105,1520,175,661,2,0,2,2615,9,8,0,0,0,0,0,0,60,lru,0,0,0,0,0,0,8,4,8,0,4,0,0,0,0,0,0,0,0
layer,26,0,25,88,decode,1,8,4,4,2216,1432,159,606,2,0,2,2825,8,33,0,0,0,0,0,0,60,lru,0,0,0,0,0,0,8,4,8,0,4,0,1,0,0,0,0,0,0
layer,26,0,25,88,decode,2,8,5,3,1520,1139,142,429,2,0,2,1935,7,12,0,0,0,0,0,0,60,lru,0,0,0,0,0,0,8,5,8,0,3,0,0,0,0,0,0,0,0
layer,26,0,25,88,decode,3,8,4,4,1980,1485,172,512,2,0,2,2528,8,28,0,0,0,0,0,0,60,lru,0,0,0,0,0,0,8,4,8,0,4,0,0,0,0,0,0,0,0
layer,26,0,25,88,decode,4,8,5,3,1739,1070,166,526,2,0,2,2124,8,20,0,0,0,0,0,0,60,lru,0,0,0,0,0,0,8,5,8,0,3,0,0,0,0,0,0,0,0
layer,26,0,25,88,decode,5,8,7,1,482,392,161,141,2,0,2,659,7,33,0,0,0,0,0,0,60,lru,0,0,0,0,0,0,8,7,8,0,1,0,1,0,0,0,0,0,0
layer,26,0,25,88,decode,6,8,8,0,0,0,160,0,0,0,0,17,6,2,0,0,0,0,0,0,60,lru,0,0,0,0,0,0,8,8,8,0,0,0,0,0,0,0,0,0,0
layer,26,0,25,88,decode,7,8,8,0,0,0,182,0,0,0,0,15,6,1,0,0,0,0,0,0,60,lru,0,0,0,0,0,0,8,8,8,0,0,0,0,0,0,0,0,0,0
layer,26,0,25,88,decode,8,8,8,0,0,0,175,0,0,0,0,14,6,1,0,0,0,0,0,0,60,lru,0,0,0,0,0,0,8,8,8,0,0,0,0,0,0,0,0,0,0
layer,26,0,25,88,decode,9,8,8,0,0,0,183,0,0,0,0,15,6,1,0,0,0,0,0,0,60,lru,0,0,0,0,0,0,8,8,8,0,0,0,0,0,0,0,0,0,0
layer,26,0,25,88,decode,10,8,6,2,996,736,158,359,3,0,3,1322,7,4,0,0,0,0,0,0,60,lru,0,0,0,0,0,0,8,6,8,0,2,0,0,0,0,0,0,0,0
layer,26,0,25,88,decode,11,8,5,3,1583,1090,179,505,3,0,3,2156,7,3,0,0,0,0,0,0,60,lru,0,0,0,0,0,0,8,5,8,0,3,0,1,0,0,0,0,0,0
layer,26,0,25,88,decode,12,8,7,1,467,374,177,232,3,0,3,732,7,12,0,0,0,0,0,0,60,lru,0,0,0,0,0,0,8,7,8,0,1,0,1,0,0,0,0,0,0
layer,26,0,25,88,decode,13,8,8,0,0,0,183,0,0,0,0,17,7,2,0,0,0,0,0,0,60,lru,0,0,0,0,0,0,8,8,8,0,0,0,0,0,0,0,0,0,0
layer,26,0,25,88,decode,14,8,7,1,616,353,145,151,2,0,2,791,7,10,0,0,0,0,0,0,60,lru,0,0,0,0,0,0,8,7,8,0,1,0,0,0,0,0,0,0,0
layer,26,0,25,88,decode,15,8,8,0,0,0,181,0,0,0,0,17,7,2,0,0,0,0,0,0,60,lru,0,0,0,0,0,0,8,8,8,0,0,0,0,0,0,0,0,0,0
layer,26,0,25,88,decode,16,8,7,1,474,376,157,154,2,0,2,701,7,31,0,0,0,0,0,0,60,lru,0,0,0,0,0,0,8,7,8,0,1,0,0,0,0,0,0,0,0
layer,26,0,25,88,decode,17,8,8,0,0,0,184,0,0,0,0,18,8,1,0,0,0,0,0,0,60,lru,0,0,0,0,0,0,8,8,8,0,0,0,0,0,0,0,0,0,0
layer,26,0,25,88,decode,18,8,7,1,499,382,142,160,2,0,2,672,7,22,0,0,0,0,0,0,60,lru,0,0,0,0,0,0,8,7,8,0,1,0,0,0,0,0,0,0,0
layer,26,0,25,88,decode,19,8,7,1,477,376,160,151,2,0,2,684,7,25,0,0,0,0,0,0,60,lru,0,0,0,0,0,0,8,7,8,0,1,0,0,0,0,0,0,0,0
layer,26,0,25,88,decode,20,8,7,1,488,394,158,125,2,0,2,714,7,34,0,0,0,0,0,0,60,lru,0,0,0,0,0,0,8,7,8,0,1,0,0,0,0,0,0,0,0
layer,26,0,25,88,decode,21,8,7,1,484,378,171,241,1,0,1,708,7,18,0,0,0,0,0,0,60,lru,0,0,0,0,0,0,8,7,8,0,1,0,0,0,0,0,0,0,0
layer,26,0,25,88,decode,22,8,7,1,507,388,143,85,2,0,2,665,7,20,0,0,0,0,0,0,60,lru,0,0,0,0,0,0,8,7,8,0,1,0,0,0,0,0,0,0,0
layer,26,0,25,88,decode,23,8,7,1,494,379,171,164,2,0,2,697,7,32,0,0,0,0,0,0,60,lru,0,0,0,0,0,0,8,7,8,0,1,0,0,0,0,0,0,0,0
layer,26,0,25,88,decode,24,8,8,0,0,0,176,0,0,0,0,17,7,2,0,0,0,0,0,0,60,lru,0,0,0,0,0,0,8,8,8,0,0,0,0,0,0,0,0,0,0
layer,26,0,25,88,decode,25,8,6,2,999,743,164,209,2,0,2,1303,6,21,0,0,0,0,0,0,60,lru,0,0,0,0,0,0,8,6,8,0,2,0,0,0,0,0,0,0,0
layer,26,0,25,88,decode,26,8,7,1,513,394,145,200,1,0,1,684,7,31,0,0,0,0,0,0,60,lru,0,0,0,0,0,0,8,7,8,0,1,0,0,0,0,0,0,0,0
layer,26,0,25,88,decode,27,8,7,1,470,369,161,234,1,0,1,711,8,24,0,0,0,0,0,0,60,lru,0,0,0,0,0,0,8,7,8,0,1,0,0,0,0,0,0,0,0
layer,26,0,25,88,decode,28,8,7,1,491,388,157,111,1,0,1,666,7,24,0,0,0,0,0,0,60,lru,0,0,0,0,0,0,8,7,8,0,1,0,0,0,0,0,0,0,0
layer,26,0,25,88,decode,29,8,7,1,505,378,179,131,1,0,1,705,7,2,0,0,0,0,0,0,60,lru,0,0,0,0,0,0,8,7,8,0,1,0,0,0,0,0,0,0,0
layer,26,0,25,88,decode,30,8,6,2,959,752,142,399,2,0,2,1291,7,32,0,0,0,0,0,0,60,lru,0,0,0,0,0,0,8,6,8,0,2,0,0,0,0,0,0,0,0
layer,26,0,25,88,decode,31,8,7,1,489,393,161,109,1,0,1,675,7,23,0,0,0,0,0,0,60,lru,0,0,0,0,0,0,8,7,8,0,1,0,0,0,0,0,0,0,0
layer,26,0,25,88,decode,32,8,5,3,1503,1146,154,595,2,0,2,1915,7,32,0,0,0,0,0,0,60,lru,0,0,0,0,0,0,8,5,8,0,3,0,0,0,0,0,0,0,0
layer,26,0,25,88,decode,33,8,3,5,2798,1835,160,952,3,0,3,3455,7,20,0,0,0,0,0,0,60,lru,0,0,0,0,0,0,8,3,8,0,5,0,1,0,0,0,0,0,0
layer,26,0,25,88,decode,34,8,5,3,1871,1145,143,592,2,0,2,2283,8,18,0,0,0,0,0,0,60,lru,0,0,0,0,0,0,8,5,8,0,3,0,0,0,0,0,0,0,0
layer,26,0,25,88,decode,35,8,7,1,501,377,182,138,2,0,2,706,7,12,0,0,0,0,0,0,60,lru,0,0,0,0,0,0,8,7,8,0,1,0,0,0,0,0,0,0,0
layer,26,0,25,88,decode,36,8,4,4,2037,1505,155,584,2,0,2,2564,8,23,0,0,0,0,0,0,60,lru,0,0,0,0,0,0,8,4,8,0,4,0,0,0,0,0,0,0,0
layer,26,0,25,88,decode,37,8,4,4,2085,1481,159,895,2,0,2,2680,7,17,0,0,0,0,0,0,60,lru,0,0,0,0,0,0,8,4,8,0,4,0,0,0,0,0,0,0,0
layer,26,0,25,88,decode,38,8,1,7,3858,2793,140,1368,2,0,2,4673,7,18,0,0,0,0,0,0,60,lru,0,0,0,0,0,0,8,1,8,0,7,0,0,0,0,0,0,0,0
layer,26,0,25,88,decode,39,8,1,7,3874,2785,672,1354,3,0,3,4682,7,23,0,0,0,0,0,0,60,lru,0,0,0,0,0,0,8,1,8,0,7,0,1,0,0,0,0,0,0
request,26,0,25,0,decode,-1,0,0,0,0,0,0,0,0,0,0,0,0,0,0,0,0,0,0,0,0,,60263,496,0,0,20,0,0,0,0,0,0,0,0,0,0,0,0,0,0
layer,27,0,26,89,decode,0,8,1,7,3673,2610,152,978,2,0,2,4554,9,32,0,0,0,0,0,0,60,lru,0,0,0,0,0,0,8,1,8,0,7,0,0,0,0,0,0,0,0
layer,27,0,26,89,decode,1,8,4,4,2011,1442,159,647,3,0,3,2489,8,9,0,0,0,0,0,0,60,lru,0,0,0,0,0,0,8,4,8,0,4,0,1,0,0,0,0,0,0
layer,27,0,26,89,decode,2,8,5,3,1506,1118,141,534,2,0,2,1951,7,17,0,0,0,0,0,0,60,lru,0,0,0,0,0,0,8,5,8,0,3,0,1,0,0,0,0,0,0
layer,27,0,26,89,decode,3,8,4,4,1977,1485,160,600,3,0,3,2589,7,33,0,0,0,0,0,0,60,lru,0,0,0,0,0,0,8,4,8,0,4,0,0,0,0,0,0,0,0
layer,27,0,26,89,decode,4,8,5,3,1522,1137,158,573,3,0,3,1893,7,33,0,0,0,0,0,0,60,lru,0,0,0,0,0,0,8,5,8,0,3,0,0,0,0,0,0,0,0
layer,27,0,26,89,decode,5,8,5,3,1465,1111,160,515,2,0,2,1891,7,32,0,0,0,0,0,0,60,lru,0,0,0,0,0,0,8,5,8,0,3,0,1,0,0,0,0,0,0
layer,27,0,26,89,decode,6,8,6,2,1004,776,144,329,2,0,2,1278,7,20,0,0,0,0,0,0,60,lru,0,0,0,0,0,0,8,6,8,0,2,0,0,0,0,0,0,0,0
layer,27,0,26,89,decode,7,8,4,4,1983,1496,167,724,2,0,2,2556,7,32,0,0,0,0,0,0,60,lru,0,0,0,0,0,0,8,4,8,0,4,0,1,0,0,0,0,0,0
layer,27,0,26,89,decode,8,8,5,3,1488,1153,154,488,4,0,4,1829,7,16,0,0,0,0,0,0,60,lru,0,0,0,0,0,0,8,5,8,0,3,0,4,0,0,0,0,0,0
layer,27,0,26,89,decode,9,8,6,2,992,762,175,288,4,0,4,1335,7,37,0,0,0,0,0,0,60,lru,0,0,0,0,0,0,8,6,8,0,2,0,0,0,0,0,0,0,0
layer,27,0,26,89,decode,10,8,3,5,2524,1900,138,867,3,0,3,3159,8,22,0,0,0,0,0,0,60,lru,0,0,0,0,0,0,8,3,8,0,5,0,0,0,0,0,0,0,0
layer,27,0,26,89,decode,11,8,4,4,2302,1487,160,576,3,0,3,2733,7,19,0,0,0,0,0,0,60,lru,0,0,0,0,0,0,8,4,8,0,4,0,1,0,0,0,0,0,0
layer,27,0,26,89,decode,12,8,6,2,977,744,157,317,4,0,4,1303,7,26,0,0,0,0,0,0,60,lru,0,0,0,0,0,0,8,6,8,0,2,0,1,0,0,0,0,0,0
layer,27,0,26,89,decode,13,8,5,3,1608,1138,162,458,4,0,4,2000,7,31,0,0,0,0,0,0,60,lru,0,0,0,0,0,0,8,5,8,0,3,0,0,0,0,0,0,0,0
layer,27,0,26,89,decode,14,8,6,2,1014,754,142,249,3,0,3,1256,7,17,0,0,0,0,0,0,60,lru,0,0,0,0,0,0,8,6,8,0,2,0,1,0,0,0,0,0,0
layer,27,0,26,89,decode,15,8,4,4,1970,1501,171,821,3,0,3,2563,8,17,0,0,0,0,0,0,60,lru,0,0,0,0,0,0,8,4,8,0,4,0,0,0,0,0,0,0,0
layer,27,0,26,89,decode,16,8,7,1,481,385,174,290,2,0,2,709,7,2,0,0,0,0,0,0,60,lru,0,0,0,0,0,0,8,7,8,0,1,0,1,0,0,0,0,0,0
layer,27,0,26,89,decode,17,8,1,7,3568,2628,177,1083,2,0,2,4455,7,2,0,0,0,0,0,0,60,lru,0,0,0,0,0,0,8,1,8,0,7,0,1,0,0,0,0,0,0
layer,27,0,26,89,decode,18,8,4,4,2158,1487,149,579,4,0,4,2714,7,27,0,0,0,0,0,0,60,lru,0,0,0,0,0,0,8,4,8,0,4,0,1,0,0,0,0,0,0
layer,27,0,26,89,decode,19,8,4,4,1990,1529,178,907,3,0,3,2492,8,11,0,0,0,0,0,0,60,lru,0,0,0,0,0,0,8,4,8,0,4,0,1,0,0,0,0,0,0
layer,27,0,26,89,decode,20,8,6,2,1005,782,156,414,1,0,1,1250,7,22,0,0,0,0,0,0,60,lru,0,0,0,0,0,0,8,6,8,0,2,0,1,0,0,0,0,0,0
layer,27,0,26,89,decode,21,8,5,3,1498,1110,160,367,2,0,2,1977,7,17,0,0,0,0,0,0,60,lru,0,0,0,0,0,0,8,5,8,0,3,0,0,0,0,0,0,0,0
layer,27,0,26,89,decode,22,8,5,3,1556,1133,149,564,3,0,3,1990,7,11,0,0,0,0,0,0,60,lru,0,0,0,0,0,0,8,5,8,0,3,0,0,0,0,0,0,0,0
layer,27,0,26,89,decode,23,8,4,4,2206,1501,159,688,2,0,2,2656,7,17,0,0,0,0,0,0,60,lru,0,0,0,0,0,0,8,4,8,0,4,0,0,0,0,0,0,0,0
layer,27,0,26,89,decode,24,8,6,2,952,755,157,264,3,0,3,1265,7,32,0,0,0,0,0,0,60,lru,0,0,0,0,0,0,8,6,8,0,2,0,0,0,0,0,0,0,0
layer,27,0,26,89,decode,25,8,6,2,996,768,162,438,2,0,2,1296,7,21,0,0,0,0,0,0,60,lru,0,0,0,0,0,0,8,6,8,0,2,0,0,0,0,0,0,0,0
layer,27,0,26,89,decode,26,8,7,1,524,371,160,215,1,0,1,711,7,14,0,0,0,0,0,0,60,lru,0,0,0,0,0,0,8,7,8,0,1,0,0,0,0,0,0,0,0
layer,27,0,26,89,decode,27,8,7,1,482,382,172,166,1,0,1,729,7,35,0,0,0,0,0,0,60,lru,0,0,0,0,0,0,8,7,8,0,1,0,0,0,0,0,0,0,0
layer,27,0,26,89,decode,28,8,4,4,1996,1505,162,862,3,0,3,2589,7,19,0,0,0,0,0,0,60,lru,0,0,0,0,0,0,8,4,8,0,4,0,0,0,0,0,0,0,0
layer,27,0,26,89,decode,29,8,4,4,2097,1511,174,804,2,0,2,2687,7,34,0,0,0,0,0,0,60,lru,0,0,0,0,0,0,8,4,8,0,4,0,0,0,0,0,0,0,0
layer,27,0,26,89,decode,30,8,4,4,1984,1504,156,679,2,0,2,2580,7,2,0,0,0,0,0,0,60,lru,0,0,0,0,0,0,8,4,8,0,4,0,1,0,0,0,0,0,0
layer,27,0,26,89,decode,31,8,5,3,1486,1118,172,383,3,0,3,1879,7,26,0,0,0,0,0,0,60,lru,0,0,0,0,0,0,8,5,8,0,3,0,0,0,0,0,0,0,0
layer,27,0,26,89,decode,32,8,6,2,1062,754,155,405,2,0,2,1408,7,22,0,0,0,0,0,0,60,lru,0,0,0,0,0,0,8,6,8,0,2,0,0,0,0,0,0,0,0
layer,27,0,26,89,decode,33,8,4,4,2284,1480,172,559,2,0,2,2739,7,15,0,0,0,0,0,0,60,lru,0,0,0,0,0,0,8,4,8,0,4,0,0,0,0,0,0,0,0
layer,27,0,26,89,decode,34,8,3,5,2686,2035,151,955,2,0,2,3226,7,22,0,0,0,0,0,0,60,lru,0,0,0,0,0,0,8,3,8,0,5,0,0,0,0,0,0,0,0
layer,27,0,26,89,decode,35,8,6,2,1020,729,164,281,3,0,3,1328,7,33,0,0,0,0,0,0,60,lru,0,0,0,0,0,0,8,6,8,0,2,0,1,0,0,0,0,0,0
layer,27,0,26,89,decode,36,8,3,5,2535,1868,154,758,3,0,3,3212,7,28,0,0,0,0,0,0,60,lru,0,0,0,0,0,0,8,3,8,0,5,0,0,0,0,0,0,0,0
layer,27,0,26,89,decode,37,8,4,4,2063,1472,182,785,3,0,3,2683,7,2,0,0,0,0,0,0,60,lru,0,0,0,0,0,0,8,4,8,0,4,0,0,0,0,0,0,0,0
layer,27,0,26,89,decode,38,8,5,3,1596,1213,143,367,2,0,2,1929,7,31,0,0,0,0,0,0,60,lru,0,0,0,0,0,0,8,5,8,0,3,0,0,0,0,0,0,0,0
layer,27,0,26,89,decode,39,8,3,5,2732,1964,676,864,2,0,2,3450,7,32,0,0,0,0,0,0,60,lru,0,0,0,0,0,0,8,3,8,0,5,0,1,0,0,0,0,0,0
request,27,0,26,0,decode,-1,0,0,0,0,0,0,0,0,0,0,0,0,0,0,0,0,0,0,0,0,,96132,734,0,0,20,0,0,0,0,0,0,0,0,0,0,0,0,0,0
layer,28,0,27,90,decode,0,8,0,8,4288,3054,152,1336,2,0,2,5155,10,30,0,0,0,0,0,0,60,lru,0,0,0,0,0,0,8,0,8,0,8,0,1,0,0,0,0,0,0
layer,28,0,27,90,decode,1,8,7,1,505,390,169,176,2,0,2,688,8,19,0,0,0,0,0,0,60,lru,0,0,0,0,0,0,8,7,8,0,1,0,0,0,0,0,0,0,0
layer,28,0,27,90,decode,2,8,3,5,2532,1882,147,918,3,0,3,3173,7,29,0,0,0,0,0,0,60,lru,0,0,0,0,0,0,8,3,8,0,5,0,0,0,0,0,0,0,0
layer,28,0,27,90,decode,3,8,6,2,982,742,181,277,3,0,3,1296,8,9,0,0,0,0,0,0,60,lru,0,0,0,0,0,0,8,6,8,0,2,0,1,0,0,0,0,0,0
layer,28,0,27,90,decode,4,8,5,3,1492,1113,156,459,3,0,3,1947,7,32,0,0,0,0,0,0,60,lru,0,0,0,0,0,0,8,5,8,0,3,0,0,0,0,0,0,0,0
layer,28,0,27,90,decode,5,8,6,2,977,751,160,295,3,0,3,1262,7,33,0,0,0,0,0,0,60,lru,0,0,0,0,0,0,8,6,8,0,2,0,0,0,0,0,0,0,0
layer,28,0,27,90,decode,6,8,7,1,488,384,152,316,2,0,2,708,7,14,0,0,0,0,0,0,60,lru,0,0,0,0,0,0,8,7,8,0,1,0,0,0,0,0,0,0,0
layer,28,0,27,90,decode,7,8,5,3,1471,1158,161,487,2,0,2,1859,13,17,0,0,0,0,0,0,60,lru,0,0,0,0,0,0,8,5,8,0,3,0,1,0,0,0,0,0,0
layer,28,0,27,90,decode,8,8,8,0,0,0,177,0,0,0,0,17,7,2,0,0,0,0,0,0,60,lru,0,0,0,0,0,0,8,8,8,0,0,0,1,0,0,0,0,0,0
layer,28,0,27,90,decode,9,8,7,1,473,386,163,156,3,0,3,687,6,18,0,0,0,0,0,0,60,lru,0,0,0,0,0,0,8,7,8,0,1,0,0,0,0,0,0,0,0
layer,28,0,27,90,decode,10,8,7,1,507,388,143,155,3,0,3,663,7,26,0,0,0,0,0,0,60,lru,0,0,0,0,0,0,8,7,8,0,1,0,0,0,0,0,0,0,0
layer,28,0,27,90,decode,11,8,7,1,466,370,162,139,2,0,2,686,11,14,0,0,0,0,0,0,60,lru,0,0,0,0,0,0,8,7,8,0,1,0,0,0,0,0,0,0,0
layer,28,0,27,90,decode,12,8,6,2,999,795,154,345,4,0,4,1274,7,34,0,0,0,0,0,0,60,lru,0,0,0,0,0,0,8,6,8,0,2,0,0,0,0,0,0,0,0
layer,28,0,27,90,decode,13,8,7,1,483,379,183,223,2,0,2,704,7,2,0,0,0,0,0,0,60,lru,0,0,0,0,0,0,8,7,8,0,1,0,0,0,0,0,0,0,0
layer,28,0,27,90,decode,14,8,6,2,1004,747,159,285,3,0,3,1376,7,13,0,0,0,0,0,0,60,lru,0,0,0,0,0,0,8,6,8,0,2,0,0,0,0,0,0,0,0
layer,28,0,27,90,decode,15,8,5,3,1512,1147,161,516,4,0,4,1905,7,19,0,0,0,0,0,0,60,lru,0,0,0,0,0,0,8,5,8,0,3,0,0,0,0,0,0,0,0
layer,28,0,27,90,decode,16,8,6,2,998,750,163,397,3,0,3,1328,7,32,0,0,0,0,0,0,60,lru,0,0,0,0,0,0,8,6,8,0,2,0,0,0,0,0,0,0,0
layer,28,0,27,90,decode,17,8,4,4,1981,1503,182,696,3,0,3,2496,6,2,0,0,0,0,0,0,60,lru,0,0,0,0,0,0,8,4,8,0,4,0,0,0,0,0,0,0,0
layer,28,0,27,90,decode,18,8,4,4,2019,1518,147,622,3,0,3,2582,7,33,0,0,0,0,0,0,60,lru,0,0,0,0,0,0,8,4,8,0,4,0,0,0,0,0,0,0,0
layer,28,0,27,90,decode,19,8,6,2,969,757,180,345,3,0,3,1290,7,2,0,0,0,0,0,0,60,lru,0,0,0,0,0,0,8,6,8,0,2,0,0,0,0,0,0,0,0
layer,28,0,27,90,decode,20,8,7,1,475,381,177,186,1,0,1,689,7,15,0,0,0,0,0,0,60,lru,0,0,0,0,0,0,8,7,8,0,1,0,0,0,0,0,0,0,0
layer,28,0,27,90,decode,21,8,5,3,1494,1134,162,502,3,0,3,1939,7,21,0,0,0,0,0,0,60,lru,0,0,0,0,0,0,8,5,8,0,3,0,0,0,0,0,0,0,0
layer,28,0,27,90,decode,22,8,5,3,1546,1135,158,780,3,0,3,1938,7,3,0,0,0,0,0,0,60,lru,0,0,0,0,0,0,8,5,8,0,3,0,0,0,0,0,0,0,0
layer,28,0,27,90,decode,23,8,6,2,949,758,162,433,2,0,2,1283,7,34,0,0,0,0,0,0,60,lru,0,0,0,0,0,0,8,6,8,0,2,0,0,0,0,0,0,0,0
layer,28,0,27,90,decode,24,8,4,4,2023,1553,155,599,2,0,2,2447,7,18,0,0,0,0,0,0,60,lru,0,0,0,0,0,0,8,4,8,0,4,0,0,0,0,0,0,0,0
layer,28,0,27,90,decode,25,8,7,1,494,389,175,125,1,0,1,703,7,27,0,0,0,0,0,0,60,lru,0,0,0,0,0,0,8,7,8,0,1,0,1,0,0,0,0,0,0
layer,28,0,27,90,decode,26,8,7,1,516,371,160,244,1,0,1,743,7,10,0,0,0,0,0,0,60,lru,0,0,0,0,0,0,8,7,8,0,1,0,0,0,0,0,0,0,0
layer,28,0,27,90,decode,27,8,6,2,999,764,171,276,2,0,2,1317,7,19,0,0,0,0,0,0,60,lru,0,0,0,0,0,0,8,6,8,0,2,0,0,0,0,0,0,0,0
layer,28,0,27,90,decode,28,8,3,5,2485,1904,159,1050,2,0,2,3131,7,32,0,0,0,0,0,0,60,lru,0,0,0,0,0,0,8,3,8,0,5,0,0,0,0,0,0,0,0
layer,28,0,27,90,decode,29,8,3,5,2510,1867,171,631,3,0,3,3243,7,24,0,0,0,0,0,0,60,lru,0,0,0,0,0,0,8,3,8,0,5,0,0,0,0,0,0,0,0
layer,28,0,27,90,decode,30,8,3,5,2450,1895,140,869,3,0,3,3126,7,32,0,0,0,0,0,0,60,lru,0,0,0,0,0,0,8,3,8,0,5,0,1,0,0,0,0,0,0
layer,28,0,27,90,decode,31,8,3,5,2470,1881,158,884,2,0,2,3099,7,9,0,0,0,0,0,0,60,lru,0,0,0,0,0,0,8,3,8,0,5,0,0,0,0,0,0,0,0
layer,28,0,27,90,decode,32,8,2,6,2999,2262,165,858,3,0,3,3790,6,20,0,0,0,0,0,0,60,lru,0,0,0,0,0,0,8,2,8,0,6,0,0,0,0,0,0,0,0
layer,28,0,27,90,decode,33,8,2,6,3126,2246,171,1027,2,0,2,3877,7,19,0,0,0,0,0,0,60,lru,0,0,0,0,0,0,8,2,8,0,6,0,0,0,0,0,0,0,0
layer,28,0,27,90,decode,34,8,2,6,3185,2384,157,1289,1,0,1,3955,7,16,0,0,0,0,0,0,60,lru,0,0,0,0,0,0,8,2,8,0,6,0,0,0,0,0,0,0,0
layer,28,0,27,90,decode,35,8,4,4,1982,1514,159,804,2,0,2,2562,7,34,0,0,0,0,0,0,60,lru,0,0,0,0,0,0,8,4,8,0,4,0,0,0,0,0,0,0,0
layer,28,0,27,90,decode,36,8,3,5,2511,1866,155,794,2,0,2,3195,7,18,0,0,0,0,0,0,60,lru,0,0,0,0,0,0,8,3,8,0,5,0,0,0,0,0,0,0,0
layer,28,0,27,90,decode,37,8,3,5,2610,1865,170,760,1,0,1,3296,7,32,0,0,0,0,0,0,60,lru,0,0,0,0,0,0,8,3,8,0,5,0,0,0,0,0,0,0,0
layer,28,0,27,90,decode,38,8,4,4,2140,1591,143,837,2,0,2,2649,12,27,0,0,0,0,0,0,60,lru,0,0,0,0,0,0,8,4,8,0,4,0,0,0,0,0,0,0,0
layer,28,0,27,90,decode,39,8,3,5,2741,1978,675,843,1,0,1,3391,7,24,0,0,0,0,0,0,60,lru,0,0,0,0,0,0,8,3,8,0,5,0,0,0,0,0,0,0,0
request,28,0,27,0,decode,-1,0,0,0,0,0,0,0,0,0,0,0,0,0,0,0,0,0,0,0,0,,90258,697,0,0,19,0,0,0,0,0,0,0,0,0,0,0,0,0,0
layer,29,0,28,91,decode,0,8,2,6,3061,2204,153,1003,2,0,2,4001,9,37,0,0,0,0,0,0,60,lru,0,0,0,0,0,0,8,2,8,0,6,0,1,0,0,0,0,0,0
layer,29,0,28,91,decode,1,8,4,4,2009,1458,181,605,3,0,3,2535,7,3,0,0,0,0,0,0,60,lru,0,0,0,0,0,0,8,4,8,0,4,0,1,0,0,0,0,0,0
layer,29,0,28,91,decode,2,8,3,5,2503,1875,155,706,2,0,2,3165,7,2,0,0,0,0,0,0,60,lru,0,0,0,0,0,0,8,3,8,0,5,0,0,0,0,0,0,0,0
layer,29,0,28,91,decode,3,8,3,5,2474,1855,168,1049,3,0,3,3112,7,30,0,0,0,0,0,0,60,lru,0,0,0,0,0,0,8,3,8,0,5,0,0,0,0,0,0,0,0
layer,29,0,28,91,decode,4,8,5,3,1460,1100,162,571,3,0,3,1904,7,10,0,0,0,0,0,0,60,lru,0,0,0,0,0,0,8,5,8,0,3,0,0,0,0,0,0,0,0
layer,29,0,28,91,decode,5,8,5,3,1488,1134,181,461,3,0,3,1884,7,2,0,0,0,0,0,0,60,lru,0,0,0,0,0,0,8,5,8,0,3,0,0,0,0,0,0,0,0
layer,29,0,28,91,decode,6,8,4,4,2027,1509,150,606,3,0,3,2566,7,33,0,0,0,0,0,0,60,lru,0,0,0,0,0,0,8,4,8,0,4,0,1,0,0,0,0,0,0
layer,29,0,28,91,decode,7,8,8,0,0,0,182,0,0,0,0,17,7,1,0,0,0,0,0,0,60,lru,0,0,0,0,0,0,8,8,8,0,0,0,1,0,0,0,0,0,0
layer,29,0,28,91,decode,8,8,8,0,0,0,176,0,0,0,0,16,6,2,0,0,0,0,0,0,60,lru,0,0,0,0,0,0,8,8,8,0,0,0,0,0,0,0,0,0,0
layer,29,0,28,91,decode,9,8,8,0,0,0,182,0,0,0,0,16,6,1,0,0,0,0,0,0,60,lru,0,0,0,0,0,0,8,8,8,0,0,0,0,0,0,0,0,0,0
layer,29,0,28,91,decode,10,8,8,0,0,0,159,0,0,0,0,15,7,2,0,0,0,0,0,0,60,lru,0,0,0,0,0,0,8,8,8,0,0,0,0,0,0,0,0,0,0
layer,29,0,28,91,decode,11,8,2,6,3005,2254,158,934,3,0,3,3775,6,34,0,0,0,0,0,0,60,lru,0,0,0,0,0,0,8,2,8,0,6,0,0,0,0,0,0,0,0
layer,29,0,28,91,decode,12,8,7,1,462,375,156,135,3,0,3,701,7,18,0,0,0,0,0,0,60,lru,0,0,0,0,0,0,8,7,8,0,1,0,1,0,0,0,0,0,0
layer,29,0,28,91,decode,13,8,7,1,566,367,176,173,3,0,3,779,7,34,0,0,0,0,0,0,60,lru,0,0,0,0,0,0,8,7,8,0,1,0,0,0,0,0,0,0,0
layer,29,0,28,91,decode,14,8,8,0,0,0,160,0,0,0,0,18,7,2,0,0,0,0,0,0,60,lru,0,0,0,0,0,0,8,8,8,0,0,0,0,0,0,0,0,0,0
layer,29,0,28,91,decode,15,8,7,1,489,387,167,185,3,0,3,697,7,32,0,0,0,0,0,0,60,lru,0,0,0,0,0,0,8,7,8,0,1,0,0,0,0,0,0,0,0
layer,29,0,28,91,decode,16,8,8,0,0,0,176,0,0,0,0,17,7,2,0,0,0,0,0,0,60,lru,0,0,0,0,0,0,8,8,8,0,0,0,0,0,0,0,0,0,0
layer,29,0,28,91,decode,17,8,6,2,986,754,175,353,3,0,3,1292,6,33,0,0,0,0,0,0,60,lru,0,0,0,0,0,0,8,6,8,0,2,0,0,0,0,0,0,0,0
layer,29,0,28,91,decode,18,8,7,1,512,398,143,101,3,0,3,659,7,23,0,0,0,0,0,0,60,lru,0,0,0,0,0,0,8,7,8,0,1,0,0,0,0,0,0,0,0
layer,29,0,28,91,decode,19,8,7,1,479,389,181,153,2,0,2,696,7,36,0,0,0,0,0,0,60,lru,0,0,0,0,0,0,8,7,8,0,1,0,0,0,0,0,0,0,0
layer,29,0,28,91,decode,20,8,7,1,475,390,157,32,2,0,2,672,7,33,0,0,0,0,0,0,60,lru,0,0,0,0,0,0,8,7,8,0,1,0,0,0,0,0,0,0,0
layer,29,0,28,91,decode,21,8,5,3,1546,1144,161,465,2,0,2,1953,7,32,0,0,0,0,0,0,60,lru,0,0,0,0,0,0,8,5,8,0,3,0,0,0,0,0,0,0,0
layer,29,0,28,91,decode,22,8,6,2,1225,706,151,322,3,0,3,1572,7,22,0,0,0,0,0,0,60,lru,0,0,0,0,0,0,8,6,8,0,2,0,0,0,0,0,0,0,0
layer,29,0,28,91,decode,23,8,5,3,1567,1103,180,497,3,0,3,2053,7,2,0,0,0,0,0,0,60,lru,0,0,0,0,0,0,8,5,8,0,3,0,0,0,0,0,0,0,0
layer,29,0,28,91,decode,24,8,3,5,2468,1908,160,1061,2,0,2,3103,7,34,0,0,0,0,0,0,60,lru,0,0,0,0,0,0,8,3,8,0,5,0,0,0,0,0,0,0,0
layer,29,0,28,91,decode,25,8,5,3,1512,1140,160,563,2,0,2,1952,7,31,0,0,0,0,0,0,60,lru,0,0,0,0,0,0,8,5,8,0,3,0,0,0,0,0,0,0,0
layer,29,0,28,91,decode,26,8,6,2,1020,745,152,222,2,0,2,1378,7,23,0,0,0,0,0,0,60,lru,0,0,0,0,0,0,8,6,8,0,2,0,1,0,0,0,0,0,0
layer,29,0,28,91,decode,27,8,5,3,1765,1117,174,298,1,0,1,2092,7,16,0,0,0,0,0,0,60,lru,0,0,0,0,0,0,8,5,8,0,3,0,0,0,0,0,0,0,0
layer,29,0,28,91,decode,28,8,5,3,1485,1154,176,589,2,0,2,1906,7,3,0,0,0,0,0,0,60,lru,0,0,0,0,0,0,8,5,8,0,3,0,0,0,0,0,0,0,0
layer,29,0,28,91,decode,29,8,6,2,988,742,160,295,3,0,3,1343,7,35,0,0,0,0,0,0,60,lru,0,0,0,0,0,0,8,6,8,0,2,0,0,0,0,0,0,0,0
layer,29,0,28,91,decode,30,8,5,3,1473,1112,157,738,2,0,2,2008,7,13,0,0,0,0,0,0,60,lru,0,0,0,0,0,0,8,5,8,0,3,0,0,0,0,0,0,0,0
layer,29,0,28,91,decode,31,8,5,3,1486,1142,180,394,1,0,1,1871,7,2,0,0,0,0,0,0,60,lru,0,0,0,0,0,0,8,5,8,0,3,0,1,0,0,0,0,0,0
layer,29,0,28,91,decode,32,8,6,2,1008,792,166,288,1,0,1,1273,7,19,0,0,0,0,0,0,60,lru,0,0,0,0,0,0,8,6,8,0,2,0,0,0,0,0,0,0,0
layer,29,0,28,91,decode,33,8,4,4,2063,1511,158,587,3,0,3,2572,7,23,0,0,0,0,0,0,60,lru,0,0,0,0,0,0,8,4,8,0,4,0,0,0,0,0,0,0,0
layer,29,0,28,91,decode,34,8,3,5,2648,1990,156,693,2,0,2,3361,7,16,0,0,0,0,0,0,60,lru,0,0,0,0,0,0,8,3,8,0,5,0,0,0,0,0,0,0,0
layer,29,0,28,91,decode,35,8,4,4,2025,1516,160,593,1,0,1,2559,7,30,0,0,0,0,0,0,60,lru,0,0,0,0,0,0,8,4,8,0,4,0,1,0,0,0,0,0,0
layer,29,0,28,91,decode,36,8,4,4,1984,1461,162,674,2,0,2,2649,7,32,0,0,0,0,0,0,60,lru,0,0,0,0,0,0,8,4,8,0,4,0,0,0,0,0,0,0,0
layer,29,0,28,91,decode,37,8,4,4,2109,1491,165,615,1,0,1,2637,7,33,0,0,0,0,0,0,60,lru,0,0,0,0,0,0,8,4,8,0,4,0,1,0,0,0,0,0,0
layer,29,0,28,91,decode,38,8,4,4,2142,1608,145,587,1,0,1,2628,7,18,0,0,0,0,0,0,60,lru,0,0,0,0,0,0,8,4,8,0,4,0,0,0,0,0,0,0,0
layer,29,0,28,91,decode,39,8,3,5,2763,1963,682,783,2,0,2,3380,7,5,0,0,0,0,0,0,60,lru,0,0,0,0,0,0,8,3,8,0,5,0,0,0,0,0,0,0,0
request,29,0,28,0,decode,-1,0,0,0,0,0,0,0,0,0,0,0,0,0,0,0,0,0,0,0,0,,79355,626,0,0,17,0,0,0,0,0,0,0,0,0,0,0,0,0,0
layer,30,0,29,92,decode,0,8,2,6,3153,2285,153,928,2,0,2,3848,10,41,0,0,0,0,0,0,60,lru,0,0,0,0,0,0,8,2,8,0,6,0,1,0,0,0,0,0,0
layer,30,0,29,92,decode,1,8,3,5,2522,1897,179,847,2,0,2,3106,8,2,0,0,0,0,0,0,60,lru,0,0,0,0,0,0,8,3,8,0,5,0,1,0,0,0,0,0,0
layer,30,0,29,92,decode,2,8,1,7,3525,2620,139,864,3,0,3,4341,7,17,0,0,0,0,0,0,60,lru,0,0,0,0,0,0,8,1,8,0,7,0,1,0,0,0,0,0,0
layer,30,0,29,92,decode,3,8,2,6,3008,2240,162,989,3,0,3,3679,7,23,0,0,0,0,0,0,60,lru,0,0,0,0,0,0,8,2,8,0,6,0,1,0,0,0,0,0,0
layer,30,0,29,92,decode,4,8,6,2,980,758,156,377,3,0,3,1309,7,25,0,0,0,0,0,0,60,lru,0,0,0,0,0,0,8,6,8,0,2,0,0,0,0,0,0,0,0
layer,30,0,29,92,decode,5,8,6,2,977,744,159,221,3,0,3,1287,7,27,0,0,0,0,0,0,60,lru,0,0,0,0,0,0,8,6,8,0,2,0,0,0,0,0,0,0,0
layer,30,0,29,92,decode,6,8,7,1,498,385,160,143,2,0,2,678,6,19,0,0,0,0,0,0,60,lru,0,0,0,0,0,0,8,7,8,0,1,0,1,0,0,0,0,0,0
layer,30,0,29,92,decode,7,8,6,2,957,749,174,332,3,0,3,1311,7,18,0,0,0,0,0,0,60,lru,0,0,0,0,0,0,8,6,8,0,2,0,0,0,0,0,0,0,0
layer,30,0,29,92,decode,8,8,7,1,479,387,156,135,3,0,3,651,7,32,0,0,0,0,0,0,60,lru,0,0,0,0,0,0,8,7,8,0,1,0,0,0,0,0,0,0,0
layer,30,0,29,92,decode,9,8,7,1,481,388,180,194,3,0,3,712,7,28,0,0,0,0,0,0,60,lru,0,0,0,0,0,0,8,7,8,0,1,0,0,0,0,0,0,0,0
layer,30,0,29,92,decode,10,8,7,1,493,381,153,104,3,0,3,699,8,29,0,0,0,0,0,0,60,lru,0,0,0,0,0,0,8,7,8,0,1,0,0,0,0,0,0,0,0
layer,30,0,29,92,decode,11,8,4,4,2026,1520,160,630,2,0,2,2586,7,28,0,0,0,0,0,0,60,lru,0,0,0,0,0,0,8,4,8,0,4,0,0,0,0,0,0,0,0
layer,30,0,29,92,decode,12,8,6,2,1226,735,160,281,4,0,4,1544,7,32,0,0,0,0,0,0,60,lru,0,0,0,0,0,0,8,6,8,0,2,0,1,0,0,0,0,0,0
layer,30,0,29,92,decode,13,8,8,0,0,0,185,0,0,0,0,17,7,2,0,0,0,0,0,0,60,lru,0,0,0,0,0,0,8,8,8,0,0,0,0,0,0,0,0,0,0
layer,30,0,29,92,decode,14,8,7,1,501,392,142,95,2,0,2,658,7,36,0,0,0,0,0,0,60,lru,0,0,0,0,0,0,8,7,8,0,1,0,0,0,0,0,0,0,0
layer,30,0,29,92,decode,15,8,5,3,1472,1148,165,494,4,0,4,1925,7,30,0,0,0,0,0,0,60,lru,0,0,0,0,0,0,8,5,8,0,3,0,0,0,0,0,0,0,0
layer,30,0,29,92,decode,16,8,6,2,990,773,155,169,3,0,3,1289,7,33,0,0,0,0,0,0,60,lru,0,0,0,0,0,0,8,6,8,0,2,0,0,0,0,0,0,0,0
layer,30,0,29,92,decode,17,8,6,2,984,775,161,238,3,0,3,1287,7,33,0,0,0,0,0,0,60,lru,0,0,0,0,0,0,8,6,8,0,2,0,0,0,0,0,0,0,0
layer,30,0,29,92,decode,18,8,7,1,496,360,150,209,3,0,3,737,7,23,0,0,0,0,0,0,60,lru,0,0,0,0,0,0,8,7,8,0,1,0,0,0,0,0,0,0,0
layer,30,0,29,92,decode,19,8,7,1,470,354,171,185,2,0,2,725,7,32,0,0,0,0,0,0,60,lru,0,0,0,0,0,0,8,7,8,0,1,0,0,0,0,0,0,0,0
layer,30,0,29,92,decode,20,8,8,0,0,0,176,0,0,0,0,17,7,2,0,0,0,0,0,0,60,lru,0,0,0,0,0,0,8,8,8,0,0,0,0,0,0,0,0,0,0
layer,30,0,29,92,decode,21,8,8,0,0,0,183,0,0,0,0,15,7,2,0,0,0,0,0,0,60,lru,0,0,0,0,0,0,8,8,8,0,0,0,0,0,0,0,0,0,0
layer,30,0,29,92,decode,22,8,3,5,2577,1864,155,747,3,0,3,3282,6,12,0,0,0,0,0,0,60,lru,0,0,0,0,0,0,8,3,8,0,5,0,0,0,0,0,0,0,0
layer,30,0,29,92,decode,23,8,5,3,1500,1125,170,471,3,0,3,2006,8,19,0,0,0,0,0,0,60,lru,0,0,0,0,0,0,8,5,8,0,3,0,0,0,0,0,0,0,0
layer,30,0,29,92,decode,24,8,6,2,1083,740,176,295,3,0,3,1359,7,2,0,0,0,0,0,0,60,lru,0,0,0,0,0,0,8,6,8,0,2,0,0,0,0,0,0,0,0
layer,30,0,29,92,decode,25,8,6,2,1001,782,164,343,2,0,2,1346,7,30,0,0,0,0,0,0,60,lru,0,0,0,0,0,0,8,6,8,0,2,0,0,0,0,0,0,0,0
layer,30,0,29,92,decode,26,8,6,2,1131,736,145,156,2,0,2,1424,7,28,0,0,0,0,0,0,60,lru,0,0,0,0,0,0,8,6,8,0,2,0,0,0,0,0,0,0,0
layer,30,0,29,92,decode,27,8,6,2,980,766,161,231,2,0,2,1207,8,23,0,0,0,0,0,0,60,lru,0,0,0,0,0,0,8,6,8,0,2,0,0,0,0,0,0,0,0
layer,30,0,29,92,decode,28,8,5,3,1483,1155,159,408,3,0,3,1876,7,24,0,0,0,0,0,0,60,lru,0,0,0,0,0,0,8,5,8,0,3,0,1,0,0,0,0,0,0
layer,30,0,29,92,decode,29,8,3,5,2592,1889,157,730,2,0,2,3207,7,20,0,0,0,0,0,0,60,lru,0,0,0,0,0,0,8,3,8,0,5,0,0,0,0,0,0,0,0
layer,30,0,29,92,decode,30,8,3,5,2528,1880,140,727,3,0,3,3198,9,33,0,0,0,0,0,0,60,lru,0,0,0,0,0,0,8,3,8,0,5,0,0,0,0,0,0,0,0
layer,30,0,29,92,decode,31,8,4,4,1990,1512,159,741,2,0,2,2526,7,10,0,0,0,0,0,0,60,lru,0,0,0,0,0,0,8,4,8,0,4,0,0,0,0,0,0,0,0
layer,30,0,29,92,decode,32,8,4,4,2014,1534,174,492,3,0,3,2500,7,29,0,0,0,0,0,0,60,lru,0,0,0,0,0,0,8,4,8,0,4,0,1,0,0,0,0,0,0
layer,30,0,29,92,decode,33,8,4,4,2026,1490,161,642,1,0,1,2583,7,31,0,0,0,0,0,0,60,lru,0,0,0,0,0,0,8,4,8,0,4,0,1,0,0,0,0,0,0
layer,30,0,29,92,decode,34,8,5,3,1550,1151,160,605,2,0,2,2077,8,2,0,0,0,0,0,0,60,lru,0,0,0,0,0,0,8,5,8,0,3,0,1,0,0,0,0,0,0
layer,30,0,29,92,decode,35,8,8,0,0,0,181,0,0,0,0,17,8,2,0,0,0,0,0,0,60,lru,0,0,0,0,0,0,8,8,8,0,0,0,0,0,0,0,0,0,0
layer,30,0,29,92,decode,36,8,5,3,1504,1140,172,475,2,0,2,1926,7,16,0,0,0,0,0,0,60,lru,0,0,0,0,0,0,8,5,8,0,3,0,0,0,0,0,0,0,0
layer,30,0,29,92,decode,37,8,3,5,2629,1875,178,711,2,0,2,3324,7,8,0,0,0,0,0,0,60,lru,0,0,0,0,0,0,8,3,8,0,5,0,0,0,0,0,0,0,0
layer,30,0,29,92,decode,38,8,3,5,2769,2014,143,771,2,0,2,3332,7,30,0,0,0,0,0,0,60,lru,0,0,0,0,0,0,8,3,8,0,5,0,1,0,0,0,0,0,0
layer,30,0,29,92,decode,39,8,1,7,3897,2785,674,1184,3,0,3,4647,7,34,0,0,0,0,0,0,60,lru,0,0,0,0,0,0,8,1,8,0,7,0,0,0,0,0,0,0,0
request,30,0,29,0,decode,-1,0,0,0,0,0,0,0,0,0,0,0,0,0,0,0,0,0,0,0,0,,83086,650,0,0,20,0,0,0,0,0,0,0,0,0,0,0,0,0,0
layer,31,0,30,93,decode,0,8,1,7,3637,2642,162,1178,2,0,2,4454,9,33,0,0,0,0,0,0,60,lru,0,0,0,0,0,0,8,1,8,0,7,0,1,0,0,0,0,0,0
layer,31,0,30,93,decode,1,8,2,6,2999,2225,161,960,2,0,2,3753,7,30,0,0,0,0,0,0,60,lru,0,0,0,0,0,0,8,2,8,0,6,0,1,0,0,0,0,0,0
layer,31,0,30,93,decode,2,8,4,4,2009,1469,155,627,2,0,2,2591,7,2,0,0,0,0,0,0,60,lru,0,0,0,0,0,0,8,4,8,0,4,0,1,0,0,0,0,0,0
layer,31,0,30,93,decode,3,8,5,3,1490,1085,182,263,3,0,3,1883,8,2,0,0,0,0,0,0,60,lru,0,0,0,0,0,0,8,5,8,0,3,0,1,0,0,0,0,0,0
layer,31,0,30,93,decode,4,8,3,5,2471,1877,153,650,3,0,3,3077,7,23,0,0,0,0,0,0,60,lru,0,0,0,0,0,0,8,3,8,0,5,0,0,0,0,0,0,0,0
layer,31,0,30,93,decode,5,8,5,3,1741,1070,178,560,3,0,3,2158,7,2,0,0,0,0,0,0,60,lru,0,0,0,0,0,0,8,5,8,0,3,0,1,0,0,0,0,0,0
layer,31,0,30,93,decode,6,8,4,4,2255,1492,148,740,3,0,3,2810,7,23,0,0,0,0,0,0,60,lru,0,0,0,0,0,0,8,4,8,0,4,0,0,0,0,0,0,0,0
layer,31,0,30,93,decode,7,8,6,2,973,741,173,404,3,0,3,1304,7,9,0,0,0,0,0,0,60,lru,0,0,0,0,0,0,8,6,8,0,2,0,1,0,0,0,0,0,0
layer,31,0,30,93,decode,8,8,3,5,2441,1907,155,791,4,0,4,3034,7,32,0,0,0,0,0,0,60,lru,0,0,0,0,0,0,8,3,8,0,5,0,1,0,0,0,0,0,0
layer,31,0,30,93,decode,9,8,6,2,981,754,161,265,3,0,3,1297,7,37,0,0,0,0,0,0,60,lru,0,0,0,0,0,0,8,6,8,0,2,0,1,0,0,0,0,0,0
layer,31,0,30,93,decode,10,8,3,5,2538,1877,139,710,3,0,3,3194,7,33,0,0,0,0,0,0,60,lru,0,0,0,0,0,0,8,3,8,0,5,0,1,0,0,0,0,0,0
layer,31,0,30,93,decode,11,8,4,4,2059,1537,167,583,3,0,3,2582,8,26,0,0,0,0,0,0,60,lru,0,0,0,0,0,0,8,4,8,0,4,0,0,0,0,0,0,0,0
layer,31,0,30,93,decode,12,8,7,1,560,379,159,223,2,0,2,783,7,32,0,0,0,0,0,0,60,lru,0,0,0,0,0,0,8,7,8,0,1,0,1,0,0,0,0,0,0
layer,31,0,30,93,decode,13,8,6,2,997,759,164,202,3,0,3,1353,7,22,0,0,0,0,0,0,60,lru,0,0,0,0,0,0,8,6,8,0,2,0,0,0,0,0,0,0,0
layer,31,0,30,93,decode,14,8,6,2,1090,757,141,256,3,0,3,1339,7,33,0,0,0,0,0,0,60,lru,0,0,0,0,0,0,8,6,8,0,2,0,1,0,0,0,0,0,0
layer,31,0,30,93,decode,15,8,8,0,0,0,182,0,0,0,0,18,8,1,0,0,0,0,0,0,60,lru,0,0,0,0,0,0,8,8,8,0,0,0,1,0,0,0,0,0,0
layer,31,0,30,93,decode,16,8,5,3,1473,1145,154,519,4,0,4,1931,7,19,0,0,0,0,0,0,60,lru,0,0,0,0,0,0,8,5,8,0,3,0,0,0,0,0,0,0,0
layer,31,0,30,93,decode,17,8,6,2,1057,748,163,354,3,0,3,1355,7,23,0,0,0,0,0,0,60,lru,0,0,0,0,0,0,8,6,8,0,2,0,0,0,0,0,0,0,0
layer,31,0,30,93,decode,18,8,5,3,1523,1147,156,434,3,0,3,1999,7,2,0,0,0,0,0,0,60,lru,0,0,0,0,0,0,8,5,8,0,3,0,1,0,0,0,0,0,0
layer,31,0,30,93,decode,19,8,6,2,986,764,180,249,3,0,3,1251,7,2,0,0,0,0,0,0,60,lru,0,0,0,0,0,0,8,6,8,0,2,0,1,0,0,0,0,0,0
layer,31,0,30,93,decode,20,8,5,3,1479,1139,155,509,3,0,3,1951,7,27,0,0,0,0,0,0,60,lru,0,0,0,0,0,0,8,5,8,0,3,0,0,0,0,0,0,0,0
layer,31,0,30,93,decode,21,8,7,1,493,385,163,161,2,0,2,668,8,23,0,0,0,0,0,0,60,lru,0,0,0,0,0,0,8,7,8,0,1,0,0,0,0,0,0,0,0
layer,31,0,30,93,decode,22,8,4,4,2041,1498,156,708,3,0,3,2662,7,2,0,0,0,0,0,0,60,lru,0,0,0,0,0,0,8,4,8,0,4,0,0,0,0,0,0,0,0
layer,31,0,30,93,decode,23,8,4,4,2086,1518,178,446,3,0,3,2573,8,11,0,0,0,0,0,0,60,lru,0,0,0,0,0,0,8,4,8,0,4,0,0,0,0,0,0,0,0
layer,31,0,30,93,decode,24,8,7,1,480,396,155,210,2,0,2,680,7,29,0,0,0,0,0,0,60,lru,0,0,0,0,0,0,8,7,8,0,1,0,0,0,0,0,0,0,0
layer,31,0,30,93,decode,25,8,6,2,996,744,175,287,3,0,3,1349,7,19,0,0,0,0,0,0,60,lru,0,0,0,0,0,0,8,6,8,0,2,0,0,0,0,0,0,0,0
layer,31,0,30,93,decode,26,8,7,1,527,383,150,150,1,0,1,702,7,32,0,0,0,0,0,0,60,lru,0,0,0,0,0,0,8,7,8,0,1,0,1,0,0,0,0,0,0
layer,31,0,30,93,decode,27,8,7,1,489,387,160,135,1,0,1,666,7,30,0,0,0,0,0,0,60,lru,0,0,0,0,0,0,8,7,8,0,1,0,0,0,0,0,0,0,0
layer,31,0,30,93,decode,28,8,6,2,975,763,158,273,2,0,2,1284,7,32,0,0,0,0,0,0,60,lru,0,0,0,0,0,0,8,6,8,0,2,0,0,0,0,0,0,0,0
layer,31,0,30,93,decode,29,8,4,4,2017,1485,179,751,2,0,2,2620,7,2,0,0,0,0,0,0,60,lru,0,0,0,0,0,0,8,4,8,0,4,0,0,0,0,0,0,0,0
layer,31,0,30,93,decode,30,8,4,4,2041,1530,155,811,3,0,3,2526,7,8,0,0,0,0,0,0,60,lru,0,0,0,0,0,0,8,4,8,0,4,0,0,0,0,0,0,0,0
layer,31,0,30,93,decode,31,8,5,3,1698,1111,160,453,2,0,2,2081,8,30,0,0,0,0,0,0,60,lru,0,0,0,0,0,0,8,5,8,0,3,0,1,0,0,0,0,0,0
layer,31,0,30,93,decode,32,8,6,2,1016,754,155,413,2,0,2,1367,7,24,0,0,0,0,0,0,60,lru,0,0,0,0,0,0,8,6,8,0,2,0,0,0,0,0,0,0,0
layer,31,0,30,93,decode,33,8,3,5,2571,1915,159,798,1,0,1,3132,6,33,0,0,0,0,0,0,60,lru,0,0,0,0,0,0,8,3,8,0,5,0,0,0,0,0,0,0,0
layer,31,0,30,93,decode,34,8,4,4,2137,1610,151,686,3,0,3,2680,7,34,0,0,0,0,0,0,60,lru,0,0,0,0,0,0,8,4,8,0,4,0,1,0,0,0,0,0,0
layer,31,0,30,93,decode,35,8,6,2,998,748,172,370,2,0,2,1313,7,24,0,0,0,0,0,0,60,lru,0,0,0,0,0,0,8,6,8,0,2,0,0,0,0,0,0,0,0
layer,31,0,30,93,decode,36,8,4,4,2022,1511,168,637,2,0,2,2572,7,15,0,0,0,0,0,0,60,lru,0,0,0,0,0,0,8,4,8,0,4,0,0,0,0,0,0,0,0
layer,31,0,30,93,decode,37,8,4,4,2068,1480,159,664,1,0,1,2602,7,27,0,0,0,0,0,0,60,lru,0,0,0,0,0,0,8,4,8,0,4,0,0,0,0,0,0,0,0
layer,31,0,30,93,decode,38,8,4,4,2173,1615,142,697,1,0,1,2655,7,33,0,0,0,0,0,0,60,lru,0,0,0,0,0,0,8,4,8,0,4,0,0,0,0,0,0,0,0
layer,31,0,30,93,decode,39,8,2,6,3237,2349,672,840,2,0,2,4130,8,34,0,0,0,0,0,0,60,lru,0,0,0,0,0,0,8,2,8,0,6,0,0,0,0,0,0,0,0
request,31,0,30,0,decode,-1,0,0,0,0,0,0,0,0,0,0,0,0,0,0,0,0,0,0,0,0,,91105,703,0,0,19,0,0,0,0,0,0,0,0,0,0,0,0,0,0
layer,32,0,31,94,decode,0,8,1,7,3893,2616,166,1143,2,0,2,4749,10,27,0,0,0,0,0,0,60,lru,0,0,0,0,0,0,8,1,8,0,7,0,1,0,0,0,0,0,0
layer,32,0,31,94,decode,1,8,1,7,3542,2611,171,1246,2,0,2,4382,7,22,0,0,0,0,0,0,60,lru,0,0,0,0,0,0,8,1,8,0,7,0,1,0,0,0,0,0,0
layer,32,0,31,94,decode,2,8,4,4,1992,1480,143,577,3,0,3,2524,7,22,0,0,0,0,0,0,60,lru,0,0,0,0,0,0,8,4,8,0,4,0,1,0,0,0,0,0,0
layer,32,0,31,94,decode,3,8,4,4,1968,1460,180,541,3,0,3,2459,7,2,0,0,0,0,0,0,60,lru,0,0,0,0,0,0,8,4,8,0,4,0,0,0,0,0,0,0,0
layer,32,0,31,94,decode,4,8,6,2,1001,763,164,508,3,0,3,1329,7,31,0,0,0,0,0,0,60,lru,0,0,0,0,0,0,8,6,8,0,2,0,0,0,0,0,0,0,0
layer,32,0,31,94,decode,5,8,6,2,971,754,160,352,3,0,3,1242,7,33,0,0,0,0,0,0,60,lru,0,0,0,0,0,0,8,6,8,0,2,0,0,0,0,0,0,0,0
layer,32,0,31,94,decode,6,8,7,1,475,375,151,211,2,0,2,729,7,34,0,0,0,0,0,0,60,lru,0,0,0,0,0,0,8,7,8,0,1,0,0,0,0,0,0,0,0
layer,32,0,31,94,decode,7,8,8,0,0,0,182,0,0,0,0,18,8,2,0,0,0,0,0,0,60,lru,0,0,0,0,0,0,8,8,8,0,0,0,0,0,0,0,0,0,0
layer,32,0,31,94,decode,8,8,8,0,0,0,176,0,0,0,0,15,7,1,0,0,0,0,0,0,60,lru,0,0,0,0,0,0,8,8,8,0,0,0,0,0,0,0,0,0,0
layer,32,0,31,94,decode,9,8,8,0,0,0,184,0,0,0,0,15,7,1,0,0,0,0,0,0,60,lru,0,0,0,0,0,0,8,8,8,0,0,0,0,0,0,0,0,0,0
layer,32,0,31,94,decode,10,8,8,0,0,0,158,0,0,0,0,16,6,2,0,0,0,0,0,0,60,lru,0,0,0,0,0,0,8,8,8,0,0,0,0,0,0,0,0,0,0
layer,32,0,31,94,decode,11,8,8,0,0,0,182,0,0,0,0,16,7,1,0,0,0,0,0,0,60,lru,0,0,0,0,0,0,8,8,8,0,0,0,0,0,0,0,0,0,0
layer,32,0,31,94,decode,12,8,7,1,484,396,157,16,3,0,3,636,7,16,0,0,0,0,0,0,60,lru,0,0,0,0,0,0,8,7,8,0,1,0,0,0,0,0,0,0,0
layer,32,0,31,94,decode,13,8,8,0,0,0,186,0,0,0,0,18,7,1,0,0,0,0,0,0,60,lru,0,0,0,0,0,0,8,8,8,0,0,0,0,0,0,0,0,0,0
layer,32,0,31,94,decode,14,8,7,1,543,385,151,191,2,0,2,761,7,31,0,0,0,0,0,0,60,lru,0,0,0,0,0,0,8,7,8,0,1,0,0,0,0,0,0,0,0
layer,32,0,31,94,decode,15,8,7,1,468,370,182,154,2,0,2,673,8,2,0,0,0,0,0,0,60,lru,0,0,0,0,0,0,8,7,8,0,1,0,0,0,0,0,0,0,0
layer,32,0,31,94,decode,16,8,8,0,0,0,176,0,0,0,0,18,7,1,0,0,0,0,0,0,60,lru,0,0,0,0,0,0,8,8,8,0,0,0,0,0,0,0,0,0,0
layer,32,0,31,94,decode,17,8,7,1,491,368,185,163,2,0,2,669,7,2,0,0,0,0,0,0,60,lru,0,0,0,0,0,0,8,7,8,0,1,0,0,0,0,0,0,0,0
layer,32,0,31,94,decode,18,8,6,2,1044,773,142,289,4,0,4,1337,7,29,0,0,0,0,0,0,60,lru,0,0,0,0,0,0,8,6,8,0,2,0,0,0,0,0,0,0,0
layer,32,0,31,94,decode,19,8,6,2,972,758,172,366,3,0,3,1271,8,30,0,0,0,0,0,0,60,lru,0,0,0,0,0,0,8,6,8,0,2,0,0,0,0,0,0,0,0
layer,32,0,31,94,decode,20,8,7,1,490,390,156,132,2,0,2,678,7,30,0,0,0,0,0,0,60,lru,0,0,0,0,0,0,8,7,8,0,1,0,0,0,0,0,0,0,0
layer,32,0,31,94,decode,21,8,8,0,0,0,182,0,0,0,0,17,7,1,0,0,0,0,0,0,60,lru,0,0,0,0,0,0,8,8,8,0,0,0,0,0,0,0,0,0,0
layer,32,0,31,94,decode,22,8,6,2,1072,751,143,299,3,0,3,1356,7,30,0,0,0,0,0,0,60,lru,0,0,0,0,0,0,8,6,8,0,2,0,0,0,0,0,0,0,0
layer,32,0,31,94,decode,23,8,7,1,483,381,160,174,2,0,2,687,8,29,0,0,0,0,0,0,60,lru,0,0,0,0,0,0,8,7,8,0,1,0,0,0,0,0,0,0,0
layer,32,0,31,94,decode,24,8,7,1,492,379,169,138,1,0,1,712,7,38,0,0,0,0,0,0,60,lru,0,0,0,0,0,0,8,7,8,0,1,0,0,0,0,0,0,0,0
layer,32,0,31,94,decode,25,8,5,3,1514,1113,183,588,2,0,2,1979,7,2,0,0,0,0,0,0,60,lru,0,0,0,0,0,0,8,5,8,0,3,0,0,0,0,0,0,0,0
layer,32,0,31,94,decode,26,8,8,0,0,0,160,0,0,0,0,17,7,1,0,0,0,0,0,0,60,lru,0,0,0,0,0,0,8,8,8,0,0,0,0,0,0,0,0,0,0
layer,32,0,31,94,decode,27,8,7,1,488,380,165,103,1,0,1,656,7,29,0,0,0,0,0,0,60,lru,0,0,0,0,0,0,8,7,8,0,1,0,0,0,0,0,0,0,0
layer,32,0,31,94,decode,28,8,7,1,480,374,169,160,2,0,2,705,7,29,0,0,0,0,0,0,60,lru,0,0,0,0,0,0,8,7,8,0,1,0,0,0,0,0,0,0,0
layer,32,0,31,94,decode,29,8,6,2,1011,763,180,356,3,0,3,1394,7,2,0,0,0,0,0,0,60,lru,0,0,0,0,0,0,8,6,8,0,2,0,0,0,0,0,0,0,0
layer,32,0,31,94,decode,30,8,6,2,994,770,144,305,3,0,3,1241,7,33,0,0,0,0,0,0,60,lru,0,0,0,0,0,0,8,6,8,0,2,0,0,0,0,0,0,0,0
layer,32,0,31,94,decode,31,8,8,0,0,0,182,0,0,0,0,16,7,1,0,0,0,0,0,0,60,lru,0,0,0,0,0,0,8,8,8,0,0,0,0,0,0,0,0,0,0
layer,32,0,31,94,decode,32,8,7,1,495,380,176,232,2,0,2,687,7,2,0,0,0,0,0,0,60,lru,0,0,0,0,0,0,8,7,8,0,1,0,0,0,0,0,0,0,0
layer,32,0,31,94,decode,33,8,7,1,497,362,182,210,2,0,2,738,8,6,0,0,0,0,0,0,60,lru,0,0,0,0,0,0,8,7,8,0,1,0,0,0,0,0,0,0,0
layer,32,0,31,94,decode,34,8,7,1,523,392,152,143,2,0,2,717,7,23,0,0,0,0,0,0,60,lru,0,0,0,0,0,0,8,7,8,0,1,0,0,0,0,0,0,0,0
layer,32,0,31,94,decode,35,8,7,1,505,394,161,226,2,0,2,685,7,28,0,0,0,0,0,0,60,lru,0,0,0,0,0,0,8,7,8,0,1,0,0,0,0,0,0,0,0
layer,32,0,31,94,decode,36,8,8,0,0,0,177,0,0,0,0,16,7,2,0,0,0,0,0,0,60,lru,0,0,0,0,0,0,8,8,8,0,0,0,0,0,0,0,0,0,0
layer,32,0,31,94,decode,37,8,7,1,509,377,183,117,1,0,1,720,7,2,0,0,0,0,0,0,60,lru,0,0,0,0,0,0,8,7,8,0,1,0,0,0,0,0,0,0,0
layer,32,0,31,94,decode,38,8,7,1,529,392,163,126,1,0,1,717,7,2,0,0,0,0,0,0,60,lru,0,0,0,0,0,0,8,7,8,0,1,0,0,0,0,0,0,0,0
layer,32,0,31,94,decode,39,8,7,1,532,390,679,184,2,0,2,781,7,25,0,0,0,0,0,0,60,lru,0,0,0,0,0,0,8,7,8,0,1,0,0,0,0,0,0,0,0
request,32,0,31,0,decode,-1,0,0,0,0,0,0,0,0,0,0,0,0,0,0,0,0,0,0,0,0,,45663,424,0,0,17,0,0,0,0,0,0,0,0,0,0,0,0,0,0
layer,33,0,32,95,decode,0,8,2,6,3102,2225,175,858,2,0,2,3874,9,2,0,0,0,0,0,0,60,lru,0,0,0,0,0,0,8,2,8,0,6,0,1,0,0,0,0,0,0
layer,33,0,32,95,decode,1,8,4,4,1982,1471,160,581,3,0,3,2457,7,19,0,0,0,0,0,0,60,lru,0,0,0,0,0,0,8,4,8,0,4,0,0,0,0,0,0,0,0
layer,33,0,32,95,decode,2,8,5,3,1524,1137,144,460,2,0,2,1913,7,26,0,0,0,0,0,0,60,lru,0,0,0,0,0,0,8,5,8,0,3,0,0,0,0,0,0,0,0
layer,33,0,32,95,decode,3,8,4,4,1975,1503,160,578,4,0,4,2523,7,26,0,0,0,0,0,0,60,lru,0,0,0,0,0,0,8,4,8,0,4,0,0,0,0,0,0,0,0
layer,33,0,32,95,decode,4,8,4,4,2000,1483,164,612,3,0,3,2548,7,14,0,0,0,0,0,0,60,lru,0,0,0,0,0,0,8,4,8,0,4,0,0,0,0,0,0,0,0
layer,33,0,32,95,decode,5,8,4,4,1945,1504,160,606,3,0,3,2498,7,31,0,0,0,0,0,0,60,lru,0,0,0,0,0,0,8,4,8,0,4,0,0,0,0,0,0,0,0
layer,33,0,32,95,decode,6,8,5,3,1485,1143,148,367,4,0,4,1901,7,28,0,0,0,0,0,0,60,lru,0,0,0,0,0,0,8,5,8,0,3,0,0,0,0,0,0,0,0
layer,33,0,32,95,decode,7,8,6,2,983,744,173,244,3,0,3,1394,7,19,0,0,0,0,0,0,60,lru,0,0,0,0,0,0,8,6,8,0,2,0,0,0,0,0,0,0,0
layer,33,0,32,95,decode,8,8,7,1,477,384,160,69,2,0,2,694,7,19,0,0,0,0,0,0,60,lru,0,0,0,0,0,0,8,7,8,0,1,0,0,0,0,0,0,0,0
layer,33,0,32,95,decode,9,8,5,3,1459,1119,159,525,4,0,4,1926,7,19,0,0,0,0,0,0,60,lru,0,0,0,0,0,0,8,5,8,0,3,0,0,0,0,0,0,0,0
layer,33,0,32,95,decode,10,8,6,2,1052,732,143,292,4,0,4,1350,7,23,0,0,0,0,0,0,60,lru,0,0,0,0,0,0,8,6,8,0,2,0,0,0,0,0,0,0,0
layer,33,0,32,95,decode,11,8,7,1,484,372,175,200,2,0,2,729,7,30,0,0,0,0,0,0,60,lru,0,0,0,0,0,0,8,7,8,0,1,0,0,0,0,0,0,0,0
layer,33,0,32,95,decode,12,8,6,2,984,771,166,289,3,0,3,1241,7,27,0,0,0,0,0,0,60,lru,0,0,0,0,0,0,8,6,8,0,2,0,0,0,0,0,0,0,0
layer,33,0,32,95,decode,13,8,6,2,998,769,161,141,3,0,3,1288,7,23,0,0,0,0,0,0,60,lru,0,0,0,0,0,0,8,6,8,0,2,0,1,0,0,0,0,0,0
layer,33,0,32,95,decode,14,8,6,2,997,743,158,205,3,0,3,1295,7,12,0,0,0,0,0,0,60,lru,0,0,0,0,0,0,8,6,8,0,2,0,1,0,0,0,0,0,0
layer,33,0,32,95,decode,15,8,7,1,486,380,182,121,2,0,2,683,7,15,0,0,0,0,0,0,60,lru,0,0,0,0,0,0,8,7,8,0,1,0,0,0,0,0,0,0,0
layer,33,0,32,95,decode,16,8,7,1,484,380,156,159,2,0,2,667,7,27,0,0,0,0,0,0,60,lru,0,0,0,0,0,0,8,7,8,0,1,0,0,0,0,0,0,0,0
layer,33,0,32,95,decode,17,8,6,2,998,768,163,354,3,0,3,1293,7,34,0,0,0,0,0,0,60,lru,0,0,0,0,0,0,8,6,8,0,2,0,0,0,0,0,0,0,0
layer,33,0,32,95,decode,18,8,6,2,1012,770,142,186,3,0,3,1282,7,33,0,0,0,0,0,0,60,lru,0,0,0,0,0,0,8,6,8,0,2,0,0,0,0,0,0,0,0
layer,33,0,32,95,decode,19,8,6,2,988,758,160,314,3,0,3,1297,7,30,0,0,0,0,0,0,60,lru,0,0,0,0,0,0,8,6,8,0,2,0,0,0,0,0,0,0,0
layer,33,0,32,95,decode,20,8,8,0,0,0,175,0,0,0,0,17,7,1,0,0,0,0,0,0,60,lru,0,0,0,0,0,0,8,8,8,0,0,0,0,0,0,0,0,0,0
layer,33,0,32,95,decode,21,8,8,0,0,0,184,0,0,0,0,15,7,1,0,0,0,0,0,0,60,lru,0,0,0,0,0,0,8,8,8,0,0,0,0,0,0,0,0,0,0
layer,33,0,32,95,decode,22,8,5,3,1551,1144,144,445,3,0,3,1962,7,24,0,0,0,0,0,0,60,lru,0,0,0,0,0,0,8,5,8,0,3,0,0,0,0,0,0,0,0
layer,33,0,32,95,decode,23,8,3,5,2490,1872,171,756,3,0,3,3179,8,29,0,0,0,0,0,0,60,lru,0,0,0,0,0,0,8,3,8,0,5,0,0,0,0,0,0,0,0
layer,33,0,32,95,decode,24,8,6,2,998,760,155,303,3,0,3,1282,7,15,0,0,0,0,0,0,60,lru,0,0,0,0,0,0,8,6,8,0,2,0,1,0,0,0,0,0,0
layer,33,0,32,95,decode,25,8,5,3,1499,1130,180,594,2,0,2,1921,7,2,0,0,0,0,0,0,60,lru,0,0,0,0,0,0,8,5,8,0,3,0,0,0,0,0,0,0,0
layer,33,0,32,95,decode,26,8,6,2,1039,737,144,268,1,0,1,1319,7,20,0,0,0,0,0,0,60,lru,0,0,0,0,0,0,8,6,8,0,2,0,0,0,0,0,0,0,0
layer,33,0,32,95,decode,27,8,6,2,986,741,161,430,3,0,3,1326,7,32,0,0,0,0,0,0,60,lru,0,0,0,0,0,0,8,6,8,0,2,0,0,0,0,0,0,0,0
layer,33,0,32,95,decode,28,8,4,4,2109,1535,155,782,3,0,3,2523,8,10,0,0,0,0,0,0,60,lru,0,0,0,0,0,0,8,4,8,0,4,0,0,0,0,0,0,0,0
layer,33,0,32,95,decode,29,8,4,4,2095,1491,162,622,3,0,3,2630,7,19,0,0,0,0,0,0,60,lru,0,0,0,0,0,0,8,4,8,0,4,0,1,0,0,0,0,0,0
layer,33,0,32,95,decode,30,8,4,4,1997,1533,141,686,1,0,1,2533,7,35,0,0,0,0,0,0,60,lru,0,0,0,0,0,0,8,4,8,0,4,0,0,0,0,0,0,0,0
layer,33,0,32,95,decode,31,8,4,4,1996,1522,160,662,2,0,2,2526,7,30,0,0,0,0,0,0,60,lru,0,0,0,0,0,0,8,4,8,0,4,0,0,0,0,0,0,0,0
layer,33,0,32,95,decode,32,8,4,4,1962,1492,153,566,2,0,2,2592,7,26,0,0,0,0,0,0,60,lru,0,0,0,0,0,0,8,4,8,0,4,0,0,0,0,0,0,0,0
layer,33,0,32,95,decode,33,8,4,4,2074,1500,160,560,2,0,2,2581,7,22,0,0,0,0,0,0,60,lru,0,0,0,0,0,0,8,4,8,0,4,0,0,0,0,0,0,0,0
layer,33,0,32,95,decode,34,8,3,5,2650,1987,139,751,2,0,2,3350,7,30,0,0,0,0,0,0,60,lru,0,0,0,0,0,0,8,3,8,0,5,0,0,0,0,0,0,0,0
layer,33,0,32,95,decode,35,8,2,6,3057,2285,169,802,2,0,2,3789,7,22,0,0,0,0,0,0,60,lru,0,0,0,0,0,0,8,2,8,0,6,0,0,0,0,0,0,0,0
layer,33,0,32,95,decode,36,8,4,4,2003,1512,156,597,3,0,3,2567,7,31,0,0,0,0,0,0,60,lru,0,0,0,0,0,0,8,4,8,0,4,0,0,0,0,0,0,0,0
layer,33,0,32,95,decode,37,8,8,0,0,0,183,0,0,0,0,17,7,2,0,0,0,0,0,0,60,lru,0,0,0,0,0,0,8,8,8,0,0,0,0,0,0,0,0,0,0
layer,33,0,32,95,decode,38,8,7,1,518,388,146,219,1,0,1,719,7,30,0,0,0,0,0,0,60,lru,0,0,0,0,0,0,8,7,8,0,1,0,0,0,0,0,0,0,0
layer,33,0,32,95,decode,39,8,8,0,0,0,685,0,0,0,0,18,8,2,0,0,0,0,0,0,60,lru,0,0,0,0,0,0,8,8,8,0,0,0,0,0,0,0,0,0,0
request,33,0,32,0,decode,-1,0,0,0,0,0,0,0,0,0,0,0,0,0,0,0,0,0,0,0,0,,78446,632,0,0,16,0,0,0,0,0,0,0,0,0,0,0,0,0,0
layer,34,0,33,96,decode,0,8,3,5,2547,1849,445,629,2,0,2,3230,10,32,0,0,0,0,0,0,60,lru,0,0,0,0,0,0,8,3,8,0,5,0,1,0,0,0,0,0,0
layer,34,0,33,96,decode,1,8,3,5,2543,1944,215,840,19,1,18,3428,35,34,0,0,0,0,0,0,60,lru,0,0,0,0,0,0,8,3,8,0,5,0,6,0,0,0,0,0,0
layer,34,0,33,96,decode,2,8,6,2,986,756,154,362,16,0,16,1327,10,17,0,0,0,0,0,0,60,lru,0,0,0,0,0,0,8,6,8,0,2,0,1,0,0,0,0,0,0
layer,34,0,33,96,decode,3,8,4,4,1984,1505,160,779,20,0,20,2519,8,30,0,0,0,0,0,0,60,lru,0,0,0,0,0,0,8,4,8,0,4,0,0,0,0,0,0,0,0
layer,34,0,33,96,decode,4,8,4,4,1994,1553,159,599,18,0,18,2541,9,48,0,0,0,0,0,0,60,lru,0,0,0,0,0,0,8,4,8,0,4,0,1,0,0,0,0,0,0
layer,34,0,33,96,decode,5,8,3,5,2489,1886,193,1113,15,0,15,3289,7,34,0,0,0,0,0,0,60,lru,0,0,0,0,0,0,8,3,8,0,5,0,0,0,0,0,0,0,0
layer,34,0,33,96,decode,6,8,7,1,488,395,166,163,18,0,18,748,7,37,0,0,0,0,0,0,60,lru,0,0,0,0,0,0,8,7,8,0,1,0,1,0,0,0,0,0,0
layer,34,0,33,96,decode,7,8,7,1,486,381,193,218,16,0,16,778,10,31,0,0,0,0,0,0,60,lru,0,0,0,0,0,0,8,7,8,0,1,0,0,0,0,0,0,0,0
layer,34,0,33,96,decode,8,8,5,3,1461,1146,197,453,17,1,16,1881,7,2,0,0,0,0,0,0,60,lru,0,0,0,0,0,0,8,5,8,0,3,0,0,0,0,0,0,0,0
layer,34,0,33,96,decode,9,8,6,2,985,758,161,168,14,0,14,1307,7,51,0,0,0,0,0,0,60,lru,0,0,0,0,0,0,8,6,8,0,2,0,0,0,0,0,0,0,0
layer,34,0,33,96,decode,10,8,6,2,994,758,151,242,15,0,15,1309,7,22,0,0,0,0,0,0,60,lru,0,0,0,0,0,0,8,6,8,0,2,0,0,0,0,0,0,0,0
layer,34,0,33,96,decode,11,8,4,4,1943,1503,193,673,12,0,12,2515,7,34,0,0,0,0,0,0,60,lru,0,0,0,0,0,0,8,4,8,0,4,0,0,0,0,0,0,0,0
layer,34,0,33,96,decode,12,8,4,4,2035,1510,199,500,25,0,25,2530,7,2,0,0,0,0,0,0,60,lru,0,0,0,0,0,0,8,4,8,0,4,0,1,0,0,0,0,0,0
layer,34,0,33,96,decode,13,8,6,2,975,762,163,276,7,0,7,1297,7,30,0,0,0,0,0,0,60,lru,0,0,0,0,0,0,8,6,8,0,2,0,0,0,0,0,0,0,0
layer,34,0,33,96,decode,14,8,5,3,1498,1143,174,693,10,0,10,1998,7,3,0,0,0,0,0,0,60,lru,0,0,0,0,0,0,8,5,8,0,3,0,1,0,0,0,0,0,0
layer,34,0,33,96,decode,15,8,6,2,954,775,202,411,12,0,12,1344,7,8,0,0,0,0,0,0,60,lru,0,0,0,0,0,0,8,6,8,0,2,0,0,0,0,0,0,0,0
layer,34,0,33,96,decode,16,8,5,3,1532,1115,195,511,11,0,11,1974,7,2,0,0,0,0,0,0,60,lru,0,0,0,0,0,0,8,5,8,0,3,0,1,0,0,0,0,0,0
layer,34,0,33,96,decode,17,8,4,4,2250,1474,159,675,7,0,7,2858,7,34,0,0,0,0,0,0,60,lru,0,0,0,0,0,0,8,4,8,0,4,0,1,0,0,0,0,0,0
layer,34,0,33,96,decode,18,8,5,3,1597,1106,164,644,11,0,11,2144,7,26,0,0,0,0,0,0,60,lru,0,0,0,0,0,0,8,5,8,0,3,0,0,0,0,0,0,0,0
layer,34,0,33,96,decode,19,8,4,4,1972,1506,194,729,5,0,5,2551,7,29,0,0,0,0,0,0,60,lru,0,0,0,0,0,0,8,4,8,0,4,0,1,0,0,0,0,0,0
layer,34,0,33,96,decode,20,8,8,0,0,0,196,0,0,0,0,19,7,2,0,0,0,0,0,0,60,lru,0,0,0,0,0,0,8,8,8,0,0,0,1,0,0,0,0,0,0
layer,34,0,33,96,decode,21,8,4,4,2059,1511,193,504,3,0,3,2659,7,34,0,0,0,0,0,0,60,lru,0,0,0,0,0,0,8,4,8,0,4,0,0,0,0,0,0,0,0
layer,34,0,33,96,decode,22,8,6,2,1007,737,143,351,6,1,5,1331,7,34,0,0,0,0,0,0,60,lru,0,0,0,0,0,0,8,6,8,0,2,0,0,0,0,0,0,0,0
layer,34,0,33,96,decode,23,8,7,1,479,381,179,163,3,0,3,683,7,35,0,0,0,0,0,0,60,lru,0,0,0,0,0,0,8,7,8,0,1,0,0,0,0,0,0,0,0
layer,34,0,33,96,decode,24,8,6,2,1081,754,158,246,3,0,3,1363,7,38,0,0,0,0,0,0,60,lru,0,0,0,0,0,0,8,6,8,0,2,0,0,0,0,0,0,0,0
layer,34,0,33,96,decode,25,8,4,4,2174,1507,159,693,3,0,3,2650,7,35,0,0,0,0,0,0,60,lru,0,0,0,0,0,0,8,4,8,0,4,0,0,0,0,0,0,0,0
layer,34,0,33,96,decode,26,8,5,3,1559,1113,174,311,2,0,2,2069,7,19,0,0,0,0,0,0,60,lru,0,0,0,0,0,0,8,5,8,0,3,0,0,0,0,0,0,0,0
layer,34,0,33,96,decode,27,8,5,3,1480,1156,172,522,3,0,3,1898,8,22,0,0,0,0,0,0,60,lru,0,0,0,0,0,0,8,5,8,0,3,0,0,0,0,0,0,0,0
layer,34,0,33,96,decode,28,8,6,2,1070,739,197,294,2,0,2,1392,7,5,0,0,0,0,0,0,60,lru,0,0,0,0,0,0,8,6,8,0,2,0,0,0,0,0,0,0,0
layer,34,0,33,96,decode,29,8,5,3,1675,1113,171,322,3,0,3,2094,7,34,0,0,0,0,0,0,60,lru,0,0,0,0,0,0,8,5,8,0,3,0,0,0,0,0,0,0,0
layer,34,0,33,96,decode,30,8,5,3,1537,1091,153,534,3,0,3,2097,8,32,0,0,0,0,0,0,60,lru,0,0,0,0,0,0,8,5,8,0,3,0,0,0,0,0,0,0,0
layer,34,0,33,96,decode,31,8,5,3,1491,1128,160,571,1,0,1,1936,7,34,0,0,0,0,0,0,60,lru,0,0,0,0,0,0,8,5,8,0,3,0,0,0,0,0,0,0,0
layer,34,0,33,96,decode,32,8,4,4,1977,1486,182,541,4,1,3,2557,8,30,0,0,0,0,0,0,60,lru,0,0,0,0,0,0,8,4,8,0,4,0,0,0,0,0,0,0,0
layer,34,0,33,96,decode,33,8,4,4,2012,1449,195,736,2,0,2,2649,7,27,0,0,0,0,0,0,60,lru,0,0,0,0,0,0,8,4,8,0,4,0,0,0,0,0,0,0,0
layer,34,0,33,96,decode,34,8,6,2,1067,793,180,458,2,0,2,1366,6,2,0,0,0,0,0,0,60,lru,0,0,0,0,0,0,8,6,8,0,2,0,0,0,0,0,0,0,0
layer,34,0,33,96,decode,35,8,6,2,1002,752,186,110,2,0,2,1278,7,36,0,0,0,0,0,0,60,lru,0,0,0,0,0,0,8,6,8,0,2,0,0,0,0,0,0,0,0
layer,34,0,33,96,decode,36,8,3,5,2747,1857,186,913,3,0,3,3349,7,34,0,0,0,0,0,0,60,lru,0,0,0,0,0,0,8,3,8,0,5,0,0,0,0,0,0,0,0
layer,34,0,33,96,decode,37,8,6,2,1040,737,201,319,2,0,2,1347,7,2,0,0,0,0,0,0,60,lru,0,0,0,0,0,0,8,6,8,0,2,0,0,0,0,0,0,0,0
layer,34,0,33,96,decode,38,8,3,5,2663,1992,142,1052,3,1,2,3305,7,16,0,0,0,0,0,0,60,lru,0,0,0,0,0,0,8,3,8,0,5,0,1,0,0,0,0,0,0
layer,34,0,33,96,decode,39,8,5,3,1635,1184,701,444,2,0,2,2063,8,2,0,0,0,0,0,0,60,lru,0,0,0,0,0,0,8,5,8,0,3,0,1,0,0,0,0,0,0
request,34,0,33,0,decode,-1,0,0,0,0,0,0,0,0,0,0,0,0,0,0,0,0,0,0,0,0,,89203,685,0,0,20,0,0,0,0,0,0,0,0,0,0,0,0,0,0
layer,35,0,34,97,decode,0,8,1,7,3746,2635,172,990,4,0,4,4631,12,20,0,0,0,0,0,0,60,lru,0,0,0,0,0,0,8,1,8,0,7,0,0,0,0,0,0,0,0
layer,35,0,34,97,decode,1,8,5,3,1502,1124,173,536,4,0,4,1960,7,23,0,0,0,0,0,0,60,lru,0,0,0,0,0,0,8,5,8,0,3,0,0,0,0,0,0,0,0
layer,35,0,34,97,decode,2,8,3,5,2807,1861,156,880,3,0,3,3432,7,12,0,0,0,0,0,0,60,lru,0,0,0,0,0,0,8,3,8,0,5,0,1,0,0,0,0,0,0
layer,35,0,34,97,decode,3,8,5,3,1483,1114,161,438,3,0,3,1949,7,23,0,0,0,0,0,0,60,lru,0,0,0,0,0,0,8,5,8,0,3,0,1,0,0,0,0,0,0
layer,35,0,34,97,decode,4,8,5,3,1491,1106,164,416,3,0,3,1969,7,19,0,0,0,0,0,0,60,lru,0,0,0,0,0,0,8,5,8,0,3,0,0,0,0,0,0,0,0
layer,35,0,34,97,decode,5,8,7,1,483,390,171,100,2,0,2,669,7,27,0,0,0,0,0,0,60,lru,0,0,0,0,0,0,8,7,8,0,1,0,1,0,0,0,0,0,0
layer,35,0,34,97,decode,6,8,7,1,506,388,147,234,3,0,3,684,7,33,0,0,0,0,0,0,60,lru,0,0,0,0,0,0,8,7,8,0,1,0,0,0,0,0,0,0,0
layer,35,0,34,97,decode,7,8,7,1,477,371,167,171,2,0,2,690,9,21,0,0,0,0,0,0,60,lru,0,0,0,0,0,0,8,7,8,0,1,0,0,0,0,0,0,0,0
layer,35,0,34,97,decode,8,8,8,0,0,0,176,0,0,0,0,17,7,1,0,0,0,0,0,0,60,lru,0,0,0,0,0,0,8,8,8,0,0,0,0,0,0,0,0,0,0
layer,35,0,34,97,decode,9,8,7,1,475,374,163,155,3,0,3,678,7,25,0,0,0,0,0,0,60,lru,0,0,0,0,0,0,8,7,8,0,1,0,0,0,0,0,0,0,0
layer,35,0,34,97,decode,10,8,5,3,1526,1122,157,677,2,0,2,1996,7,3,0,0,0,0,0,0,60,lru,0,0,0,0,0,0,8,5,8,0,3,0,0,0,0,0,0,0,0
layer,35,0,34,97,decode,11,8,8,0,0,0,182,0,0,0,0,17,8,1,0,0,0,0,0,0,60,lru,0,0,0,0,0,0,8,8,8,0,0,0,0,0,0,0,0,0,0
layer,35,0,34,97,decode,12,8,7,1,482,389,156,120,2,0,2,690,7,23,0,0,0,0,0,0,60,lru,0,0,0,0,0,0,8,7,8,0,1,0,0,0,0,0,0,0,0
layer,35,0,34,97,decode,13,8,7,1,495,387,171,174,2,0,2,703,8,23,0,0,0,0,0,0,60,lru,0,0,0,0,0,0,8,7,8,0,1,0,1,0,0,0,0,0,0
layer,35,0,34,97,decode,14,8,7,1,479,402,143,125,2,0,2,660,7,18,0,0,0,0,0,0,60,lru,0,0,0,0,0,0,8,7,8,0,1,0,0,0,0,0,0,0,0
layer,35,0,34,97,decode,15,8,8,0,0,0,182,0,0,0,0,17,7,1,0,0,0,0,0,0,60,lru,0,0,0,0,0,0,8,8,8,0,0,0,0,0,0,0,0,0,0
layer,35,0,34,97,decode,16,8,7,1,484,389,157,110,3,0,3,668,7,23,0,0,0,0,0,0,60,lru,0,0,0,0,0,0,8,7,8,0,1,0,0,0,0,0,0,0,0
layer,35,0,34,97,decode,17,8,8,0,0,0,181,0,0,0,0,20,9,1,0,0,0,0,0,0,60,lru,0,0,0,0,0,0,8,8,8,0,0,0,0,0,0,0,0,0,0
layer,35,0,34,97,decode,18,8,7,1,504,379,154,160,2,0,2,765,6,41,0,0,0,0,0,0,60,lru,0,0,0,0,0,0,8,7,8,0,1,0,0,0,0,0,0,0,0
layer,35,0,34,97,decode,19,8,8,0,0,0,181,0,0,0,0,17,8,1,0,0,0,0,0,0,60,lru,0,0,0,0,0,0,8,8,8,0,0,0,0,0,0,0,0,0,0
layer,35,0,34,97,decode,20,8,8,0,0,0,176,0,0,0,0,15,7,1,0,0,0,0,0,0,60,lru,0,0,0,0,0,0,8,8,8,0,0,0,0,0,0,0,0,0,0
layer,35,0,34,97,decode,21,8,6,2,1003,749,181,351,3,0,3,1332,7,2,0,0,0,0,0,0,60,lru,0,0,0,0,0,0,8,6,8,0,2,0,0,0,0,0,0,0,0
layer,35,0,34,97,decode,22,8,6,2,1244,731,144,337,3,0,3,1543,7,28,0,0,0,0,0,0,60,lru,0,0,0,0,0,0,8,6,8,0,2,0,0,0,0,0,0,0,0
layer,35,0,34,97,decode,23,8,7,1,489,382,161,173,2,0,2,678,7,26,0,0,0,0,0,0,60,lru,0,0,0,0,0,0,8,7,8,0,1,0,0,0,0,0,0,0,0
layer,35,0,34,97,decode,24,8,6,2,986,780,155,394,2,0,2,1281,7,12,0,0,0,0,0,0,60,lru,0,0,0,0,0,0,8,6,8,0,2,0,0,0,0,0,0,0,0
layer,35,0,34,97,decode,25,8,7,1,510,370,181,144,1,0,1,693,7,3,0,0,0,0,0,0,60,lru,0,0,0,0,0,0,8,7,8,0,1,0,0,0,0,0,0,0,0
layer,35,0,34,97,decode,26,8,7,1,495,364,149,156,1,0,1,722,8,21,0,0,0,0,0,0,60,lru,0,0,0,0,0,0,8,7,8,0,1,0,0,0,0,0,0,0,0
layer,35,0,34,97,decode,27,8,7,1,494,360,183,169,2,0,2,714,9,2,0,0,0,0,0,0,60,lru,0,0,0,0,0,0,8,7,8,0,1,0,0,0,0,0,0,0,0
layer,35,0,34,97,decode,28,8,7,1,482,387,169,189,1,0,1,689,7,28,0,0,0,0,0,0,60,lru,0,0,0,0,0,0,8,7,8,0,1,0,0,0,0,0,0,0,0
layer,35,0,34,97,decode,29,8,6,2,1010,750,166,410,3,0,3,1333,7,19,0,0,0,0,0,0,60,lru,0,0,0,0,0,0,8,6,8,0,2,0,0,0,0,0,0,0,0
layer,35,0,34,97,decode,30,8,5,3,1573,1136,143,566,3,0,3,2023,7,26,0,0,0,0,0,0,60,lru,0,0,0,0,0,0,8,5,8,0,3,0,0,0,0,0,0,0,0
layer,35,0,34,97,decode,31,8,6,2,999,758,173,266,2,0,2,1267,7,26,0,0,0,0,0,0,60,lru,0,0,0,0,0,0,8,6,8,0,2,0,0,0,0,0,0,0,0
layer,35,0,34,97,decode,32,8,5,3,1514,1136,155,420,3,0,3,1934,6,20,0,0,0,0,0,0,60,lru,0,0,0,0,0,0,8,5,8,0,3,0,0,0,0,0,0,0,0
layer,35,0,34,97,decode,33,8,5,3,1539,1127,181,405,2,0,2,1971,7,19,0,0,0,0,0,0,60,lru,0,0,0,0,0,0,8,5,8,0,3,0,0,0,0,0,0,0,0
layer,35,0,34,97,decode,34,8,6,2,1057,791,148,254,1,0,1,1385,7,21,0,0,0,0,0,0,60,lru,0,0,0,0,0,0,8,6,8,0,2,0,0,0,0,0,0,0,0
layer,35,0,34,97,decode,35,8,7,1,493,383,163,260,1,0,1,732,7,28,0,0,0,0,0,0,60,lru,0,0,0,0,0,0,8,7,8,0,1,0,0,0,0,0,0,0,0
layer,35,0,34,97,decode,36,8,7,1,498,368,166,144,2,0,2,676,7,31,0,0,0,0,0,0,60,lru,0,0,0,0,0,0,8,7,8,0,1,0,0,0,0,0,0,0,0
layer,35,0,34,97,decode,37,8,6,2,1043,746,183,396,2,0,2,1352,7,2,0,0,0,0,0,0,60,lru,0,0,0,0,0,0,8,6,8,0,2,0,0,0,0,0,0,0,0
layer,35,0,34,97,decode,38,8,4,4,2130,1611,143,613,1,0,1,2550,7,11,0,0,0,0,0,0,60,lru,0,0,0,0,0,0,8,4,8,0,4,0,0,0,0,0,0,0,0
layer,35,0,34,97,decode,39,8,4,4,2157,1582,677,824,2,0,2,2769,7,31,0,0,0,0,0,0,60,lru,0,0,0,0,0,0,8,4,8,0,4,0,0,0,0,0,0,0,0
request,35,0,34,0,decode,-1,0,0,0,0,0,0,0,0,0,0,0,0,0,0,0,0,0,0,0,0,,56430,486,0,0,17,0,0,0,0,0,0,0,0,0,0,0,0,0,0
layer,36,0,35,98,decode,0,8,1,7,3704,2665,153,1011,2,0,2,4545,9,30,0,0,0,0,0,0,60,lru,0,0,0,0,0,0,8,1,8,0,7,0,0,0,0,0,0,0,0
layer,36,0,35,98,decode,1,8,3,5,2501,1842,168,679,3,0,3,3208,8,33,0,0,0,0,0,0,60,lru,0,0,0,0,0,0,8,3,8,0,5,0,1,0,0,0,0,0,0
layer,36,0,35,98,decode,2,8,7,1,488,366,159,204,2,0,2,697,7,3,0,0,0,0,0,0,60,lru,0,0,0,0,0,0,8,7,8,0,1,0,1,0,0,0,0,0,0
layer,36,0,35,98,decode,3,8,7,1,498,371,162,168,2,0,2,679,7,30,0,0,0,0,0,0,60,lru,0,0,0,0,0,0,8,7,8,0,1,0,0,0,0,0,0,0,0
layer,36,0,35,98,decode,4,8,7,1,492,390,158,44,2,0,2,659,7,22,0,0,0,0,0,0,60,lru,0,0,0,0,0,0,8,7,8,0,1,0,0,0,0,0,0,0,0
layer,36,0,35,98,decode,5,8,5,3,1484,1122,179,458,3,0,3,1937,7,2,0,0,0,0,0,0,60,lru,0,0,0,0,0,0,8,5,8,0,3,0,0,0,0,0,0,0,0
layer,36,0,35,98,decode,6,8,7,1,525,379,160,184,3,0,3,755,7,13,0,0,0,0,0,0,60,lru,0,0,0,0,0,0,8,7,8,0,1,0,0,0,0,0,0,0,0
layer,36,0,35,98,decode,7,8,8,0,0,0,182,0,0,0,0,18,8,2,0,0,0,0,0,0,60,lru,0,0,0,0,0,0,8,8,8,0,0,0,0,0,0,0,0,0,0
layer,36,0,35,98,decode,8,8,7,1,479,380,156,142,2,0,2,700,6,34,0,0,0,0,0,0,60,lru,0,0,0,0,0,0,8,7,8,0,1,0,0,0,0,0,0,0,0
layer,36,0,35,98,decode,9,8,7,1,473,372,162,162,2,0,2,694,7,24,0,0,0,0,0,0,60,lru,0,0,0,0,0,0,8,7,8,0,1,0,0,0,0,0,0,0,0
layer,36,0,35,98,decode,10,8,6,2,996,734,158,278,3,0,3,1329,7,2,0,0,0,0,0,0,60,lru,0,0,0,0,0,0,8,6,8,0,2,0,0,0,0,0,0,0,0
layer,36,0,35,98,decode,11,8,6,2,990,766,160,245,3,0,3,1264,7,22,0,0,0,0,0,0,60,lru,0,0,0,0,0,0,8,6,8,0,2,0,0,0,0,0,0,0,0
layer,36,0,35,98,decode,12,8,5,3,1480,1136,173,464,4,0,4,1922,7,8,0,0,0,0,0,0,60,lru,0,0,0,0,0,0,8,5,8,0,3,0,0,0,0,0,0,0,0
layer,36,0,35,98,decode,13,8,8,0,0,0,183,0,0,0,0,19,7,1,0,0,0,0,0,0,60,lru,0,0,0,0,0,0,8,8,8,0,0,0,0,0,0,0,0,0,0
layer,36,0,35,98,decode,14,8,8,0,0,0,160,0,0,0,0,18,7,2,0,0,0,0,0,0,60,lru,0,0,0,0,0,0,8,8,8,0,0,0,0,0,0,0,0,0,0
layer,36,0,35,98,decode,15,8,8,0,0,0,183,0,0,0,0,15,7,1,0,0,0,0,0,0,60,lru,0,0,0,0,0,0,8,8,8,0,0,0,0,0,0,0,0,0,0
layer,36,0,35,98,decode,16,8,8,0,0,0,177,0,0,0,0,18,6,1,0,0,0,0,0,0,60,lru,0,0,0,0,0,0,8,8,8,0,0,0,0,0,0,0,0,0,0
layer,36,0,35,98,decode,17,8,7,1,507,380,170,123,2,0,2,691,6,33,0,0,0,0,0,0,60,lru,0,0,0,0,0,0,8,7,8,0,1,0,0,0,0,0,0,0,0
layer,36,0,35,98,decode,18,8,7,1,521,375,158,231,3,0,3,724,7,12,0,0,0,0,0,0,60,lru,0,0,0,0,0,0,8,7,8,0,1,0,0,0,0,0,0,0,0
layer,36,0,35,98,decode,19,8,6,2,973,754,172,244,3,0,3,1273,7,20,0,0,0,0,0,0,60,lru,0,0,0,0,0,0,8,6,8,0,2,0,0,0,0,0,0,0,0
layer,36,0,35,98,decode,20,8,7,1,498,382,156,170,1,0,1,676,7,26,0,0,0,0,0,0,60,lru,0,0,0,0,0,0,8,7,8,0,1,0,0,0,0,0,0,0,0
layer,36,0,35,98,decode,21,8,7,1,499,373,174,123,1,0,1,736,7,32,0,0,0,0,0,0,60,lru,0,0,0,0,0,0,8,7,8,0,1,0,0,0,0,0,0,0,0
layer,36,0,35,98,decode,22,8,8,0,0,0,159,0,0,0,0,17,7,1,0,0,0,0,0,0,60,lru,0,0,0,0,0,0,8,8,8,0,0,0,0,0,0,0,0,0,0
layer,36,0,35,98,decode,23,8,6,2,995,757,173,220,3,0,3,1297,7,26,0,0,0,0,0,0,60,lru,0,0,0,0,0,0,8,6,8,0,2,0,0,0,0,0,0,0,0
layer,36,0,35,98,decode,24,8,7,1,486,396,156,156,2,0,2,663,7,36,0,0,0,0,0,0,60,lru,0,0,0,0,0,0,8,7,8,0,1,0,0,0,0,0,0,0,0
layer,36,0,35,98,decode,25,8,7,1,524,380,167,72,1,0,1,705,7,32,0,0,0,0,0,0,60,lru,0,0,0,0,0,0,8,7,8,0,1,0,0,0,0,0,0,0,0
layer,36,0,35,98,decode,26,8,8,0,0,0,160,0,0,0,0,16,7,2,0,0,0,0,0,0,60,lru,0,0,0,0,0,0,8,8,8,0,0,0,0,0,0,0,0,0,0
layer,36,0,35,98,decode,27,8,8,0,0,0,181,0,0,0,0,15,7,1,0,0,0,0,0,0,60,lru,0,0,0,0,0,0,8,8,8,0,0,0,0,0,0,0,0,0,0
layer,36,0,35,98,decode,28,8,7,1,485,375,157,118,2,0,2,729,7,31,0,0,0,0,0,0,60,lru,0,0,0,0,0,0,8,7,8,0,1,0,0,0,0,0,0,0,0
layer,36,0,35,98,decode,29,8,7,1,520,378,181,166,1,0,1,700,7,19,0,0,0,0,0,0,60,lru,0,0,0,0,0,0,8,7,8,0,1,0,0,0,0,0,0,0,0
layer,36,0,35,98,decode,30,8,7,1,495,385,143,100,2,0,2,698,7,33,0,0,0,0,0,0,60,lru,0,0,0,0,0,0,8,7,8,0,1,0,0,0,0,0,0,0,0
layer,36,0,35,98,decode,31,8,8,0,0,0,183,0,0,0,0,16,7,1,0,0,0,0,0,0,60,lru,0,0,0,0,0,0,8,8,8,0,0,0,0,0,0,0,0,0,0
layer,36,0,35,98,decode,32,8,6,2,1026,765,166,267,3,0,3,1338,7,23,0,0,0,0,0,0,60,lru,0,0,0,0,0,0,8,6,8,0,2,0,0,0,0,0,0,0,0
layer,36,0,35,98,decode,33,8,6,2,1038,764,162,322,3,0,3,1339,7,35,0,0,0,0,0,0,60,lru,0,0,0,0,0,0,8,6,8,0,2,0,1,0,0,0,0,0,0
layer,36,0,35,98,decode,34,8,7,1,530,400,144,26,1,0,1,710,7,27,0,0,0,0,0,0,60,lru,0,0,0,0,0,0,8,7,8,0,1,0,0,0,0,0,0,0,0
layer,36,0,35,98,decode,35,8,7,1,517,379,174,161,1,0,1,737,8,20,0,0,0,0,0,0,60,lru,0,0,0,0,0,0,8,7,8,0,1,0,0,0,0,0,0,0,0
layer,36,0,35,98,decode,36,8,7,1,494,385,160,193,2,0,2,702,8,33,0,0,0,0,0,0,60,lru,0,0,0,0,0,0,8,7,8,0,1,0,0,0,0,0,0,0,0
layer,36,0,35,98,decode,37,8,5,3,1598,1126,165,440,2,0,2,2028,7,35,0,0,0,0,0,0,60,lru,0,0,0,0,0,0,8,5,8,0,3,0,0,0,0,0,0,0,0
layer,36,0,35,98,decode,38,8,3,5,2884,1959,143,812,3,0,3,3541,7,34,0,0,0,0,0,0,60,lru,0,0,0,0,0,0,8,3,8,0,5,0,0,0,0,0,0,0,0
layer,36,0,35,98,decode,39,8,6,2,1106,796,675,420,3,0,3,1404,7,29,0,0,0,0,0,0,60,lru,0,0,0,0,0,0,8,6,8,0,2,0,0,0,0,0,0,0,0
request,36,0,35,0,decode,-1,0,0,0,0,0,0,0,0,0,0,0,0,0,0,0,0,0,0,0,0,,47666,428,0,0,16,0,0,0,0,0,0,0,0,0,0,0,0,0,0
layer,37,0,36,99,decode,0,8,1,7,3786,2630,173,1105,3,0,3,4624,9,14,0,0,0,0,0,0,60,lru,0,0,0,0,0,0,8,1,8,0,7,0,1,0,0,0,0,0,0
layer,37,0,36,99,decode,1,8,4,4,2015,1491,168,499,3,0,3,2464,7,26,0,0,0,0,0,0,60,lru,0,0,0,0,0,0,8,4,8,0,4,0,0,0,0,0,0,0,0
layer,37,0,36,99,decode,2,8,6,2,1037,752,151,349,3,0,3,1394,7,20,0,0,0,0,0,0,60,lru,0,0,0,0,0,0,8,6,8,0,2,0,0,0,0,0,0,0,0
layer,37,0,36,99,decode,3,8,5,3,1477,1102,173,467,3,0,3,1901,7,16,0,0,0,0,0,0,60,lru,0,0,0,0,0,0,8,5,8,0,3,0,0,0,0,0,0,0,0
layer,37,0,36,99,decode,4,8,6,2,1012,740,175,373,2,0,2,1304,7,2,0,0,0,0,0,0,60,lru,0,0,0,0,0,0,8,6,8,0,2,0,0,0,0,0,0,0,0
layer,37,0,36,99,decode,5,8,8,0,0,0,182,0,0,0,0,17,7,2,0,0,0,0,0,0,60,lru,0,0,0,0,0,0,8,8,8,0,0,0,0,0,0,0,0,0,0
layer,37,0,36,99,decode,6,8,8,0,0,0,159,0,0,0,0,16,6,2,0,0,0,0,0,0,60,lru,0,0,0,0,0,0,8,8,8,0,0,0,0,0,0,0,0,0,0
layer,37,0,36,99,decode,7,8,8,0,0,0,182,0,0,0,0,16,6,1,0,0,0,0,0,0,60,lru,0,0,0,0,0,0,8,8,8,0,0,0,0,0,0,0,0,0,0
layer,37,0,36,99,decode,8,8,8,0,0,0,176,0,0,0,0,14,6,1,0,0,0,0,0,0,60,lru,0,0,0,0,0,0,8,8,8,0,0,0,0,0,0,0,0,0,0
layer,37,0,36,99,decode,9,8,8,0,0,0,183,0,0,0,0,17,7,1,0,0,0,0,0,0,60,lru,0,0,0,0,0,0,8,8,8,0,0,0,0,0,0,0,0,0,0
layer,37,0,36,99,decode,10,8,8,0,0,0,159,0,0,0,0,15,7,1,0,0,0,0,0,0,60,lru,0,0,0,0,0,0,8,8,8,0,0,0,0,0,0,0,0,0,0
layer,37,0,36,99,decode,11,8,5,3,1493,1139,180,472,3,0,3,1954,7,2,0,0,0,0,0,0,60,lru,0,0,0,0,0,0,8,5,8,0,3,0,0,0,0,0,0,0,0
layer,37,0,36,99,decode,12,8,7,1,493,386,155,107,2,0,2,682,7,32,0,0,0,0,0,0,60,lru,0,0,0,0,0,0,8,7,8,0,1,0,0,0,0,0,0,0,0
layer,37,0,36,99,decode,13,8,5,3,1488,1117,168,505,3,0,3,1954,7,23,0,0,0,0,0,0,60,lru,0,0,0,0,0,0,8,5,8,0,3,0,0,0,0,0,0,0,0
layer,37,0,36,99,decode,14,8,6,2,1112,748,142,203,3,0,3,1319,7,26,0,0,0,0,0,0,60,lru,0,0,0,0,0,0,8,6,8,0,2,0,0,0,0,0,0,0,0
layer,37,0,36,99,decode,15,8,7,1,483,387,168,202,3,0,3,694,7,33,0,0,0,0,0,0,60,lru,0,0,0,0,0,0,8,7,8,0,1,0,0,0,0,0,0,0,0
layer,37,0,36,99,decode,16,8,7,1,490,383,155,79,2,0,2,673,7,34,0,0,0,0,0,0,60,lru,0,0,0,0,0,0,8,7,8,0,1,0,0,0,0,0,0,0,0
layer,37,0,36,99,decode,17,8,7,1,506,403,164,118,2,0,2,680,7,24,0,0,0,0,0,0,60,lru,0,0,0,0,0,0,8,7,8,0,1,0,0,0,0,0,0,0,0
layer,37,0,36,99,decode,18,8,6,2,1028,768,141,201,3,0,3,1272,7,18,0,0,0,0,0,0,60,lru,0,0,0,0,0,0,8,6,8,0,2,0,0,0,0,0,0,0,0
layer,37,0,36,99,decode,19,8,6,2,978,767,160,152,2,0,2,1309,7,32,0,0,0,0,0,0,60,lru,0,0,0,0,0,0,8,6,8,0,2,0,0,0,0,0,0,0,0
layer,37,0,36,99,decode,20,8,7,1,495,391,160,161,1,0,1,704,9,25,0,0,0,0,0,0,60,lru,0,0,0,0,0,0,8,7,8,0,1,0,0,0,0,0,0,0,0
layer,37,0,36,99,decode,21,8,7,1,561,355,164,138,1,0,1,748,7,14,0,0,0,0,0,0,60,lru,0,0,0,0,0,0,8,7,8,0,1,0,0,0,0,0,0,0,0
layer,37,0,36,99,decode,22,8,5,3,1548,1105,157,295,3,0,3,1986,7,2,0,0,0,0,0,0,60,lru,0,0,0,0,0,0,8,5,8,0,3,0,0,0,0,0,0,0,0
layer,37,0,36,99,decode,23,8,3,5,2641,1871,167,898,3,0,3,3330,8,16,0,0,0,0,0,0,60,lru,0,0,0,0,0,0,8,3,8,0,5,0,0,0,0,0,0,0,0
layer,37,0,36,99,decode,24,8,6,2,1010,783,156,276,3,0,3,1260,7,29,0,0,0,0,0,0,60,lru,0,0,0,0,0,0,8,6,8,0,2,0,0,0,0,0,0,0,0
layer,37,0,36,99,decode,25,8,7,1,518,376,173,175,2,0,2,698,7,23,0,0,0,0,0,0,60,lru,0,0,0,0,0,0,8,7,8,0,1,0,0,0,0,0,0,0,0
layer,37,0,36,99,decode,26,8,7,1,530,366,161,159,1,0,1,747,8,3,0,0,0,0,0,0,60,lru,0,0,0,0,0,0,8,7,8,0,1,0,0,0,0,0,0,0,0
layer,37,0,36,99,decode,27,8,7,1,490,377,161,148,2,0,2,670,8,21,0,0,0,0,0,0,60,lru,0,0,0,0,0,0,8,7,8,0,1,0,0,0,0,0,0,0,0
layer,37,0,36,99,decode,28,8,8,0,0,0,177,0,0,0,0,16,7,2,0,0,0,0,0,0,60,lru,0,0,0,0,0,0,8,8,8,0,0,0,0,0,0,0,0,0,0
layer,37,0,36,99,decode,29,8,8,0,0,0,181,0,0,0,0,15,6,1,0,0,0,0,0,0,60,lru,0,0,0,0,0,0,8,8,8,0,0,0,0,0,0,0,0,0,0
layer,37,0,36,99,decode,30,8,8,0,0,0,159,0,0,0,0,15,6,1,0,0,0,0,0,0,60,lru,0,0,0,0,0,0,8,8,8,0,0,0,0,0,0,0,0,0,0
layer,37,0,36,99,decode,31,8,7,1,497,373,174,183,1,0,1,796,7,23,0,0,0,0,0,0,60,lru,0,0,0,0,0,0,8,7,8,0,1,0,0,0,0,0,0,0,0
layer,37,0,36,99,decode,32,8,7,1,513,396,178,225,2,0,2,728,7,2,0,0,0,0,0,0,60,lru,0,0,0,0,0,0,8,7,8,0,1,0,0,0,0,0,0,0,0
layer,37,0,36,99,decode,33,8,7,1,523,386,165,147,2,0,2,754,9,32,0,0,0,0,0,0,60,lru,0,0,0,0,0,0,8,7,8,0,1,0,0,0,0,0,0,0,0
layer,37,0,36,99,decode,34,8,6,2,1072,804,143,216,2,0,2,1362,7,27,0,0,0,0,0,0,60,lru,0,0,0,0,0,0,8,6,8,0,2,0,0,0,0,0,0,0,0
layer,37,0,36,99,decode,35,8,7,1,481,369,162,270,1,0,1,706,7,15,0,0,0,0,0,0,60,lru,0,0,0,0,0,0,8,7,8,0,1,0,0,0,0,0,0,0,0
layer,37,0,36,99,decode,36,8,8,0,0,0,177,0,0,0,0,17,7,2,0,0,0,0,0,0,60,lru,0,0,0,0,0,0,8,8,8,0,0,0,0,0,0,0,0,0,0
layer,37,0,36,99,decode,37,8,8,0,0,0,186,0,0,0,0,14,7,2,0,0,0,0,0,0,60,lru,0,0,0,0,0,0,8,8,8,0,0,0,0,0,0,0,0,0,0
layer,37,0,36,99,decode,38,8,7,1,544,402,146,132,2,0,2,718,6,18,0,0,0,0,0,0,60,lru,0,0,0,0,0,0,8,7,8,0,1,0,0,0,0,0,0,0,0
layer,37,0,36,99,decode,39,8,6,2,1089,796,682,388,3,0,3,1451,7,2,0,0,0,0,0,0,60,lru,0,0,0,0,0,0,8,6,8,0,2,0,0,0,0,0,0,0,0
request,37,0,36,0,decode,-1,0,0,0,0,0,0,0,0,0,0,0,0,0,0,0,0,0,0,0,0,,47379,436,0,0,20,0,0,0,0,0,0,0,0,0,0,0,0,0,0
layer,38,0,37,100,decode,0,8,4,4,2147,1534,155,558,4,0,4,2602,9,26,0,0,0,0,0,0,60,lru,0,0,0,0,0,0,8,4,8,0,4,0,1,0,0,0,0,0,0
layer,38,0,37,100,decode,1,8,4,4,2040,1483,172,443,3,0,3,2587,7,32,0,0,0,0,0,0,60,lru,0,0,0,0,0,0,8,4,8,0,4,0,1,0,0,0,0,0,0
layer,38,0,37,100,decode,2,8,4,4,2037,1508,149,619,3,0,3,2518,7,28,0,0,0,0,0,0,60,lru,0,0,0,0,0,0,8,4,8,0,4,0,1,0,0,0,0,0,0
layer,38,0,37,100,decode,3,8,4,4,2046,1493,160,591,3,0,3,2590,8,18,0,0,0,0,0,0,60,lru,0,0,0,0,0,0,8,4,8,0,4,0,0,0,0,0,0,0,0
layer,38,0,37,100,decode,4,8,6,2,1038,779,154,154,3,0,3,1287,7,34,0,0,0,0,0,0,60,lru,0,0,0,0,0,0,8,6,8,0,2,0,0,0,0,0,0,0,0
layer,38,0,37,100,decode,5,8,6,2,981,747,162,358,3,0,3,1287,7,20,0,0,0,0,0,0,60,lru,0,0,0,0,0,0,8,6,8,0,2,0,0,0,0,0,0,0,0
layer,38,0,37,100,decode,6,8,8,0,0,0,164,0,0,0,0,17,7,2,0,0,0,0,0,0,60,lru,0,0,0,0,0,0,8,8,8,0,0,0,0,0,0,0,0,0,0
layer,38,0,37,100,decode,7,8,7,1,517,382,175,139,3,0,3,710,9,24,0,0,0,0,0,0,60,lru,0,0,0,0,0,0,8,7,8,0,1,0,0,0,0,0,0,0,0
layer,38,0,37,100,decode,8,8,7,1,488,394,156,139,2,0,2,650,7,21,0,0,0,0,0,0,60,lru,0,0,0,0,0,0,8,7,8,0,1,0,0,0,0,0,0,0,0
layer,38,0,37,100,decode,9,8,7,1,489,383,185,198,2,0,2,680,7,3,0,0,0,0,0,0,60,lru,0,0,0,0,0,0,8,7,8,0,1,0,0,0,0,0,0,0,0
layer,38,0,37,100,decode,10,8,8,0,0,0,160,0,0,0,0,17,7,2,0,0,0,0,0,0,60,lru,0,0,0,0,0,0,8,8,8,0,0,0,0,0,0,0,0,0,0
layer,38,0,37,100,decode,11,8,7,1,479,393,161,80,2,0,2,658,7,32,0,0,0,0,0,0,60,lru,0,0,0,0,0,0,8,7,8,0,1,0,0,0,0,0,0,0,0
layer,38,0,37,100,decode,12,8,6,2,983,736,166,275,3,0,3,1347,7,31,0,0,0,0,0,0,60,lru,0,0,0,0,0,0,8,6,8,0,2,0,0,0,0,0,0,0,0
layer,38,0,37,100,decode,13,8,7,1,565,375,162,228,2,0,2,762,7,18,0,0,0,0,0,0,60,lru,0,0,0,0,0,0,8,7,8,0,1,0,0,0,0,0,0,0,0
layer,38,0,37,100,decode,14,8,8,0,0,0,160,0,0,0,0,17,7,2,0,0,0,0,0,0,60,lru,0,0,0,0,0,0,8,8,8,0,0,0,0,0,0,0,0,0,0
layer,38,0,37,100,decode,15,8,7,1,485,381,175,143,3,0,3,712,7,32,0,0,0,0,0,0,60,lru,0,0,0,0,0,0,8,7,8,0,1,0,0,0,0,0,0,0,0
layer,38,0,37,100,decode,16,8,7,1,547,379,156,203,2,0,2,759,8,35,0,0,0,0,0,0,60,lru,0,0,0,0,0,0,8,7,8,0,1,0,0,0,0,0,0,0,0
layer,38,0,37,100,decode,17,8,8,0,0,0,184,0,0,0,0,17,7,1,0,0,0,0,0,0,60,lru,0,0,0,0,0,0,8,8,8,0,0,0,0,0,0,0,0,0,0
layer,38,0,37,100,decode,18,8,8,0,0,0,159,0,0,0,0,15,6,1,0,0,0,0,0,0,60,lru,0,0,0,0,0,0,8,8,8,0,0,0,0,0,0,0,0,0,0
layer,38,0,37,100,decode,19,8,7,1,485,380,171,168,2,0,2,720,6,9,0,0,0,0,0,0,60,lru,0,0,0,0,0,0,8,7,8,0,1,0,0,0,0,0,0,0,0
layer,38,0,37,100,decode,20,8,8,0,0,0,175,0,0,0,0,17,7,2,0,0,0,0,0,0,60,lru,0,0,0,0,0,0,8,8,8,0,0,0,0,0,0,0,0,0,0
layer,38,0,37,100,decode,21,8,7,1,481,376,176,152,1,0,1,729,6,32,0,0,0,0,0,0,60,lru,0,0,0,0,0,0,8,7,8,0,1,0,0,0,0,0,0,0,0
layer,38,0,37,100,decode,22,8,7,1,509,403,144,156,2,0,2,669,7,31,0,0,0,0,0,0,60,lru,0,0,0,0,0,0,8,7,8,0,1,0,0,0,0,0,0,0,0
layer,38,0,37,100,decode,23,8,7,1,491,382,180,74,2,0,2,670,7,11,0,0,0,0,0,0,60,lru,0,0,0,0,0,0,8,7,8,0,1,0,0,0,0,0,0,0,0
layer,38,0,37,100,decode,24,8,7,1,493,400,169,205,2,0,2,688,7,39,0,0,0,0,0,0,60,lru,0,0,0,0,0,0,8,7,8,0,1,0,0,0,0,0,0,0,0
layer,38,0,37,100,decode,25,8,8,0,0,0,182,0,0,0,0,17,7,1,0,0,0,0,0,0,60,lru,0,0,0,0,0,0,8,8,8,0,0,0,0,0,0,0,0,0,0
layer,38,0,37,100,decode,26,8,8,0,0,0,160,0,0,0,0,14,6,2,0,0,0,0,0,0,60,lru,0,0,0,0,0,0,8,8,8,0,0,0,0,0,0,0,0,0,0
layer,38,0,37,100,decode,27,8,8,0,0,0,182,0,0,0,0,15,7,2,0,0,0,0,0,0,60,lru,0,0,0,0,0,0,8,8,8,0,0,0,0,0,0,0,0,0,0
layer,38,0,37,100,decode,28,8,7,1,494,387,158,120,1,0,1,649,7,19,0,0,0,0,0,0,60,lru,0,0,0,0,0,0,8,7,8,0,1,0,0,0,0,0,0,0,0
layer,38,0,37,100,decode,29,8,7,1,501,371,162,170,1,0,1,700,7,26,0,0,0,0,0,0,60,lru,0,0,0,0,0,0,8,7,8,0,1,0,0,0,0,0,0,0,0
layer,38,0,37,100,decode,30,8,8,0,0,0,160,0,0,0,0,17,7,1,0,0,0,0,0,0,60,lru,0,0,0,0,0,0,8,8,8,0,0,0,0,0,0,0,0,0,0
layer,38,0,37,100,decode,31,8,5,3,1508,1155,161,300,2,0,2,1868,7,30,0,0,0,0,0,0,60,lru,0,0,0,0,0,0,8,5,8,0,3,0,0,0,0,0,0,0,0
layer,38,0,37,100,decode,32,8,8,0,0,0,177,0,0,0,0,16,7,1,0,0,0,0,0,0,60,lru,0,0,0,0,0,0,8,8,8,0,0,0,0,0,0,0,0,0,0
layer,38,0,37,100,decode,33,8,8,0,0,0,183,0,0,0,0,15,7,1,0,0,0,0,0,0,60,lru,0,0,0,0,0,0,8,8,8,0,0,0,0,0,0,0,0,0,0
layer,38,0,37,100,decode,34,8,7,1,543,415,145,137,1,0,1,739,7,34,0,0,0,0,0,0,60,lru,0,0,0,0,0,0,8,7,8,0,1,0,0,0,0,0,0,0,0
layer,38,0,37,100,decode,35,8,8,0,0,0,181,0,0,0,0,17,7,2,0,0,0,0,0,0,60,lru,0,0,0,0,0,0,8,8,8,0,0,0,0,0,0,0,0,0,0
layer,38,0,37,100,decode,36,8,8,0,0,0,177,0,0,0,0,15,6,2,0,0,0,0,0,0,60,lru,0,0,0,0,0,0,8,8,8,0,0,0,0,0,0,0,0,0,0
layer,38,0,37,100,decode,37,8,7,1,529,374,175,129,1,0,1,707,7,23,0,0,0,0,0,0,60,lru,0,0,0,0,0,0,8,7,8,0,1,0,0,0,0,0,0,0,0
layer,38,0,37,100,decode,38,8,6,2,1044,763,152,325,3,0,3,1452,8,26,0,0,0,0,0,0,60,lru,0,0,0,0,0,0,8,6,8,0,2,0,0,0,0,0,0,0,0
layer,38,0,37,100,decode,39,8,6,2,1109,789,676,308,2,0,2,1458,13,25,0,0,0,0,0,0,60,lru,0,0,0,0,0,0,8,6,8,0,2,0,0,0,0,0,0,0,0
request,38,0,37,0,decode,-1,0,0,0,0,0,0,0,0,0,0,0,0,0,0,0,0,0,0,0,0,,38729,382,0,0,16,0,0,0,0,0,0,0,0,0,0,0,0,0,0
layer,39,0,38,101,decode,0,8,7,1,525,389,155,103,2,0,2,702,9,33,0,0,0,0,0,0,60,lru,0,0,0,0,0,0,8,7,8,0,1,0,1,0,0,0,0,0,0
layer,39,0,38,101,decode,1,8,6,2,1015,753,174,220,3,0,3,1291,7,34,0,0,0,0,0,0,60,lru,0,0,0,0,0,0,8,6,8,0,2,0,1,0,0,0,0,0,0
layer,39,0,38,101,decode,2,8,7,1,499,375,151,188,2,0,2,721,7,20,0,0,0,0,0,0,60,lru,0,0,0,0,0,0,8,7,8,0,1,0,0,0,0,0,0,0,0
layer,39,0,38,101,decode,3,8,7,1,472,360,175,223,2,0,2,743,7,21,0,0,0,0,0,0,60,lru,0,0,0,0,0,0,8,7,8,0,1,0,0,0,0,0,0,0,0
layer,39,0,38,101,decode,4,8,6,2,985,776,156,256,3,0,3,1240,7,19,0,0,0,0,0,0,60,lru,0,0,0,0,0,0,8,6,8,0,2,0,0,0,0,0,0,0,0
layer,39,0,38,101,decode,5,8,8,0,0,0,182,0,0,0,0,19,7,2,0,0,0,0,0,0,60,lru,0,0,0,0,0,0,8,8,8,0,0,0,0,0,0,0,0,0,0
layer,39,0,38,101,decode,6,8,8,0,0,0,160,0,0,0,0,16,7,2,0,0,0,0,0,0,60,lru,0,0,0,0,0,0,8,8,8,0,0,0,0,0,0,0,0,0,0
layer,39,0,38,101,decode,7,8,6,2,981,742,181,370,3,0,3,1408,7,2,0,0,0,0,0,0,60,lru,0,0,0,0,0,0,8,6,8,0,2,0,0,0,0,0,0,0,0
layer,39,0,38,101,decode,8,8,7,1,487,387,171,251,2,0,2,690,7,24,0,0,0,0,0,0,60,lru,0,0,0,0,0,0,8,7,8,0,1,0,0,0,0,0,0,0,0
layer,39,0,38,101,decode,9,8,8,0,0,0,181,0,0,0,0,17,7,1,0,0,0,0,0,0,60,lru,0,0,0,0,0,0,8,8,8,0,0,0,0,0,0,0,0,0,0
layer,39,0,38,101,decode,10,8,8,0,0,0,160,0,0,0,0,15,7,2,0,0,0,0,0,0,60,lru,0,0,0,0,0,0,8,8,8,0,0,0,0,0,0,0,0,0,0
layer,39,0,38,101,decode,11,8,8,0,0,0,182,0,0,0,0,16,7,2,0,0,0,0,0,0,60,lru,0,0,0,0,0,0,8,8,8,0,0,0,0,0,0,0,0,0,0
layer,39,0,38,101,decode,12,8,8,0,0,0,176,0,0,0,0,16,7,1,0,0,0,0,0,0,60,lru,0,0,0,0,0,0,8,8,8,0,0,0,0,0,0,0,0,0,0
layer,39,0,38,101,decode,13,8,8,0,0,0,184,0,0,0,0,17,8,1,0,0,0,0,0,0,60,lru,0,0,0,0,0,0,8,8,8,0,0,0,0,0,0,0,0,0,0
layer,39,0,38,101,decode,14,8,8,0,0,0,158,0,0,0,0,16,7,1,0,0,0,0,0,0,60,lru,0,0,0,0,0,0,8,8,8,0,0,0,0,0,0,0,0,0,0
layer,39,0,38,101,decode,15,8,8,0,0,0,181,0,0,0,0,15,7,1,0,0,0,0,0,0,60,lru,0,0,0,0,0,0,8,8,8,0,0,0,0,0,0,0,0,0,0
layer,39,0,38,101,decode,16,8,7,1,479,376,156,82,2,0,2,689,6,18,0,0,0,0,0,0,60,lru,0,0,0,0,0,0,8,7,8,0,1,0,0,0,0,0,0,0,0
layer,39,0,38,101,decode,17,8,8,0,0,0,183,0,0,0,0,18,8,1,0,0,0,0,0,0,60,lru,0,0,0,0,0,0,8,8,8,0,0,0,0,0,0,0,0,0,0
layer,39,0,38,101,decode,18,8,8,0,0,0,158,0,0,0,0,15,6,2,0,0,0,0,0,0,60,lru,0,0,0,0,0,0,8,8,8,0,0,0,0,0,0,0,0,0,0
layer,39,0,38,101,decode,19,8,8,0,0,0,180,0,0,0,0,15,7,1,0,0,0,0,0,0,60,lru,0,0,0,0,0,0,8,8,8,0,0,0,0,0,0,0,0,0,0
layer,39,0,38,101,decode,20,8,8,0,0,0,175,0,0,0,0,15,6,2,0,0,0,0,0,0,60,lru,0,0,0,0,0,0,8,8,8,0,0,0,0,0,0,0,0,0,0
layer,39,0,38,101,decode,21,8,7,1,496,391,169,77,2,0,2,678,7,27,0,0,0,0,0,0,60,lru,0,0,0,0,0,0,8,7,8,0,1,0,0,0,0,0,0,0,0
layer,39,0,38,101,decode,22,8,7,1,521,394,145,11,2,0,2,704,7,34,0,0,0,0,0,0,60,lru,0,0,0,0,0,0,8,7,8,0,1,0,0,0,0,0,0,0,0
layer,39,0,38,101,decode,23,8,8,0,0,0,181,0,0,0,0,18,8,1,0,0,0,0,0,0,60,lru,0,0,0,0,0,0,8,8,8,0,0,0,0,0,0,0,0,0,0
layer,39,0,38,101,decode,24,8,8,0,0,0,177,0,0,0,0,15,7,1,0,0,0,0,0,0,60,lru,0,0,0,0,0,0,8,8,8,0,0,0,0,0,0,0,0,0,0
layer,39,0,38,101,decode,25,8,8,0,0,0,182,0,0,0,0,15,7,1,0,0,0,0,0,0,60,lru,0,0,0,0,0,0,8,8,8,0,0,0,0,0,0,0,0,0,0
layer,39,0,38,101,decode,26,8,6,2,1032,744,145,337,1,0,1,1370,7,18,0,0,0,0,0,0,60,lru,0,0,0,0,0,0,8,6,8,0,2,0,0,0,0,0,0,0,0
layer,39,0,38,101,decode,27,8,8,0,0,0,181,0,0,0,0,17,7,1,0,0,0,0,0,0,60,lru,0,0,0,0,0,0,8,8,8,0,0,0,0,0,0,0,0,0,0
layer,39,0,38,101,decode,28,8,8,0,0,0,177,0,0,0,0,15,6,2,0,0,0,0,0,0,60,lru,0,0,0,0,0,0,8,8,8,0,0,0,0,0,0,0,0,0,0
layer,39,0,38,101,decode,29,8,8,0,0,0,180,0,0,0,0,15,7,1,0,0,0,0,0,0,60,lru,0,0,0,0,0,0,8,8,8,0,0,0,0,0,0,0,0,0,0
layer,39,0,38,101,decode,30,8,8,0,0,0,160,0,0,0,0,15,7,1,0,0,0,0,0,0,60,lru,0,0,0,0,0,0,8,8,8,0,0,0,0,0,0,0,0,0,0
layer,39,0,38,101,decode,31,8,7,1,492,377,168,122,1,0,1,706,7,34,0,0,0,0,0,0,60,lru,0,0,0,0,0,0,8,7,8,0,1,0,0,0,0,0,0,0,0
layer,39,0,38,101,decode,32,8,5,3,1520,1147,157,600,2,0,2,1976,7,32,0,0,0,0,0,0,60,lru,0,0,0,0,0,0,8,5,8,0,3,0,0,0,0,0,0,0,0
layer,39,0,38,101,decode,33,8,7,1,484,379,176,229,2,0,2,743,7,22,0,0,0,0,0,0,60,lru,0,0,0,0,0,0,8,7,8,0,1,0,0,0,0,0,0,0,0
layer,39,0,38,101,decode,34,8,7,1,527,405,152,187,1,0,1,744,7,24,0,0,0,0,0,0,60,lru,0,0,0,0,0,0,8,7,8,0,1,0,0,0,0,0,0,0,0
layer,39,0,38,101,decode,35,8,8,0,0,0,184,0,0,0,0,16,7,1,0,0,0,0,0,0,60,lru,0,0,0,0,0,0,8,8,8,0,0,0,0,0,0,0,0,0,0
layer,39,0,38,101,decode,36,8,8,0,0,0,177,0,0,0,0,15,7,2,0,0,0,0,0,0,60,lru,0,0,0,0,0,0,8,8,8,0,0,0,0,0,0,0,0,0,0
layer,39,0,38,101,decode,37,8,8,0,0,0,182,0,0,0,0,19,7,1,0,0,0,0,0,0,60,lru,0,0,0,0,0,0,8,8,8,0,0,0,4,0,0,0,0,0,0
layer,39,0,38,101,decode,38,8,8,0,0,0,163,0,0,0,0,16,7,2,0,0,0,0,0,0,60,lru,0,0,0,0,0,0,8,8,8,0,0,0,0,0,0,0,0,0,0
layer,39,0,38,101,decode,39,8,6,2,1121,802,676,228,2,0,2,1422,7,24,0,0,0,0,0,0,60,lru,0,0,0,0,0,0,8,6,8,0,2,0,0,0,0,0,0,0,0
request,39,0,38,0,decode,-1,0,0,0,0,0,0,0,0,0,0,0,0,0,0,0,0,0,0,0,0,,24328,293,0,0,17,0,0,0,0,0,0,0,0,0,0,0,0,0,0
layer,40,0,39,102,decode,0,8,2,6,3140,2222,177,769,4,0,4,3942,9,2,0,0,0,0,0,0,60,lru,0,0,0,0,0,0,8,2,8,0,6,0,0,0,0,0,0,0,0
layer,40,0,39,102,decode,1,8,5,3,1534,1124,177,374,3,0,3,1999,7,10,0,0,0,0,0,0,60,lru,0,0,0,0,0,0,8,5,8,0,3,0,1,0,0,0,0,0,0
layer,40,0,39,102,decode,2,8,4,4,2021,1481,147,659,2,0,2,2616,7,26,0,0,0,0,0,0,60,lru,0,0,0,0,0,0,8,4,8,0,4,0,1,0,0,0,0,0,0
layer,40,0,39,102,decode,3,8,4,4,2029,1517,173,774,3,0,3,2570,7,28,0,0,0,0,0,0,60,lru,0,0,0,0,0,0,8,4,8,0,4,0,1,0,0,0,0,0,0
layer,40,0,39,102,decode,4,8,5,3,1506,1123,161,424,3,0,3,1911,7,21,0,0,0,0,0,0,60,lru,0,0,0,0,0,0,8,5,8,0,3,0,1,0,0,0,0,0,0
layer,40,0,39,102,decode,5,8,8,0,0,0,183,0,0,0,0,19,7,2,0,0,0,0,0,0,60,lru,0,0,0,0,0,0,8,8,8,0,0,0,1,0,0,0,0,0,0
layer,40,0,39,102,decode,6,8,8,0,0,0,161,0,0,0,0,16,6,1,0,0,0,0,0,0,60,lru,0,0,0,0,0,0,8,8,8,0,0,0,0,0,0,0,0,0,0
layer,40,0,39,102,decode,7,8,6,2,976,754,161,357,3,0,3,1297,7,32,0,0,0,0,0,0,60,lru,0,0,0,0,0,0,8,6,8,0,2,0,0,0,0,0,0,0,0
layer,40,0,39,102,decode,8,8,7,1,480,382,155,184,2,0,2,664,6,20,0,0,0,0,0,0,60,lru,0,0,0,0,0,0,8,7,8,0,1,0,0,0,0,0,0,0,0
layer,40,0,39,102,decode,9,8,7,1,477,384,183,235,2,0,2,736,6,12,0,0,0,0,0,0,60,lru,0,0,0,0,0,0,8,7,8,0,1,0,0,0,0,0,0,0,0
layer,40,0,39,102,decode,10,8,7,1,501,377,150,116,3,0,3,695,7,27,0,0,0,0,0,0,60,lru,0,0,0,0,0,0,8,7,8,0,1,0,0,0,0,0,0,0,0
layer,40,0,39,102,decode,11,8,8,0,0,0,181,0,0,0,0,18,8,2,0,0,0,0,0,0,60,lru,0,0,0,0,0,0,8,8,8,0,0,0,0,0,0,0,0,0,0
layer,40,0,39,102,decode,12,8,7,1,494,378,176,112,2,0,2,674,7,2,0,0,0,0,0,0,60,lru,0,0,0,0,0,0,8,7,8,0,1,0,0,0,0,0,0,0,0
layer,40,0,39,102,decode,13,8,6,2,982,746,184,484,3,0,3,1381,7,2,0,0,0,0,0,0,60,lru,0,0,0,0,0,0,8,6,8,0,2,0,0,0,0,0,0,0,0
layer,40,0,39,102,decode,14,8,8,0,0,0,157,0,0,0,0,20,7,2,0,0,0,0,0,0,60,lru,0,0,0,0,0,0,8,8,8,0,0,0,1,0,0,0,0,0,0
layer,40,0,39,102,decode,15,8,6,2,984,773,161,222,3,0,3,1247,7,18,0,0,0,0,0,0,60,lru,0,0,0,0,0,0,8,6,8,0,2,0,0,0,0,0,0,0,0
layer,40,0,39,102,decode,16,8,6,2,1019,771,154,283,3,0,3,1347,7,32,0,0,0,0,0,0,60,lru,0,0,0,0,0,0,8,6,8,0,2,0,1,0,0,0,0,0,0
layer,40,0,39,102,decode,17,8,7,1,491,394,161,81,2,0,2,652,7,28,0,0,0,0,0,0,60,lru,0,0,0,0,0,0,8,7,8,0,1,0,0,0,0,0,0,0,0
layer,40,0,39,102,decode,18,8,5,3,1512,1122,158,425,3,0,3,1986,7,2,0,0,0,0,0,0,60,lru,0,0,0,0,0,0,8,5,8,0,3,0,1,0,0,0,0,0,0
layer,40,0,39,102,decode,19,8,8,0,0,0,181,0,0,0,0,18,8,1,0,0,0,0,0,0,60,lru,0,0,0,0,0,0,8,8,8,0,0,0,0,0,0,0,0,0,0
layer,40,0,39,102,decode,20,8,7,1,484,364,154,162,2,0,2,722,6,21,0,0,0,0,0,0,60,lru,0,0,0,0,0,0,8,7,8,0,1,0,0,0,0,0,0,0,0
layer,40,0,39,102,decode,21,8,5,3,1501,1147,162,484,2,0,2,1907,7,18,0,0,0,0,0,0,60,lru,0,0,0,0,0,0,8,5,8,0,3,0,0,0,0,0,0,0,0
layer,40,0,39,102,decode,22,8,6,2,1049,762,142,353,3,0,3,1311,7,18,0,0,0,0,0,0,60,lru,0,0,0,0,0,0,8,6,8,0,2,0,0,0,0,0,0,0,0
layer,40,0,39,102,decode,23,8,5,3,1468,1135,161,553,3,0,3,1897,8,21,0,0,0,0,0,0,60,lru,0,0,0,0,0,0,8,5,8,0,3,0,0,0,0,0,0,0,0
layer,40,0,39,102,decode,24,8,5,3,1541,1111,174,429,2,0,2,1946,7,16,0,0,0,0,0,0,60,lru,0,0,0,0,0,0,8,5,8,0,3,0,0,0,0,0,0,0,0
layer,40,0,39,102,decode,25,8,4,4,2037,1507,178,562,3,0,3,2524,7,2,0,0,0,0,0,0,60,lru,0,0,0,0,0,0,8,4,8,0,4,0,0,0,0,0,0,0,0
layer,40,0,39,102,decode,26,8,6,2,1053,770,145,289,2,0,2,1298,7,27,0,0,0,0,0,0,60,lru,0,0,0,0,0,0,8,6,8,0,2,0,0,0,0,0,0,0,0
layer,40,0,39,102,decode,27,8,5,3,1489,1152,180,374,1,0,1,1910,7,2,0,0,0,0,0,0,60,lru,0,0,0,0,0,0,8,5,8,0,3,0,0,0,0,0,0,0,0
layer,40,0,39,102,decode,28,8,7,1,491,392,156,70,1,0,1,671,7,19,0,0,0,0,0,0,60,lru,0,0,0,0,0,0,8,7,8,0,1,0,0,0,0,0,0,0,0
layer,40,0,39,102,decode,29,8,6,2,1054,751,160,315,3,0,3,1339,7,20,0,0,0,0,0,0,60,lru,0,0,0,0,0,0,8,6,8,0,2,0,0,0,0,0,0,0,0
layer,40,0,39,102,decode,30,8,7,1,488,386,152,177,2,0,2,698,7,21,0,0,0,0,0,0,60,lru,0,0,0,0,0,0,8,7,8,0,1,0,0,0,0,0,0,0,0
layer,40,0,39,102,decode,31,8,7,1,504,400,161,101,1,0,1,633,8,26,0,0,0,0,0,0,60,lru,0,0,0,0,0,0,8,7,8,0,1,0,0,0,0,0,0,0,0
layer,40,0,39,102,decode,32,8,6,2,1025,755,179,352,2,0,2,1325,7,4,0,0,0,0,0,0,60,lru,0,0,0,0,0,0,8,6,8,0,2,0,0,0,0,0,0,0,0
layer,40,0,39,102,decode,33,8,7,1,488,368,184,102,2,0,2,724,7,2,0,0,0,0,0,0,60,lru,0,0,0,0,0,0,8,7,8,0,1,0,0,0,0,0,0,0,0
layer,40,0,39,102,decode,34,8,6,2,1080,805,143,307,2,0,2,1343,7,20,0,0,0,0,0,0,60,lru,0,0,0,0,0,0,8,6,8,0,2,0,0,0,0,0,0,0,0
layer,40,0,39,102,decode,35,8,6,2,1011,763,162,306,3,0,3,1284,7,31,0,0,0,0,0,0,60,lru,0,0,0,0,0,0,8,6,8,0,2,0,0,0,0,0,0,0,0
layer,40,0,39,102,decode,36,8,8,0,0,0,177,0,0,0,0,18,7,2,0,0,0,0,0,0,60,lru,0,0,0,0,0,0,8,8,8,0,0,0,0,0,0,0,0,0,0
layer,40,0,39,102,decode,37,8,7,1,516,394,161,155,1,0,1,679,6,18,0,0,0,0,0,0,60,lru,0,0,0,0,0,0,8,7,8,0,1,0,0,0,0,0,0,0,0
layer,40,0,39,102,decode,38,8,8,0,0,0,163,0,0,0,0,19,7,2,0,0,0,0,0,0,60,lru,0,0,0,0,0,0,8,8,8,0,0,0,0,0,0,0,0,0,0
layer,40,0,39,102,decode,39,8,7,1,544,410,685,198,1,0,1,731,7,2,0,0,0,0,0,0,60,lru,0,0,0,0,0,0,8,7,8,0,1,0,0,0,0,0,0,0,0
request,40,0,39,0,decode,-1,0,0,0,0,0,0,0,0,0,0,0,0,0,0,0,0,0,0,0,0,,55377,497,0,0,18,0,0,0,0,0,0,0,0,0,0,0,0,0,0
layer,41,0,40,103,decode,0,8,2,6,3225,2316,165,1086,4,0,4,3863,9,26,0,0,0,0,0,0,60,lru,0,0,0,0,0,0,8,2,8,0,6,0,0,0,0,0,0,0,0
layer,41,0,40,103,decode,1,8,2,6,3051,2190,165,905,3,0,3,3816,8,20,0,0,0,0,0,0,60,lru,0,0,0,0,0,0,8,2,8,0,6,0,0,0,0,0,0,0,0
layer,41,0,40,103,decode,2,8,4,4,2251,1431,148,761,3,0,3,2917,7,21,0,0,0,0,0,0,60,lru,0,0,0,0,0,0,8,4,8,0,4,0,1,0,0,0,0,0,0
layer,41,0,40,103,decode,3,8,7,1,531,372,175,206,2,0,2,747,7,24,0,0,0,0,0,0,60,lru,0,0,0,0,0,0,8,7,8,0,1,0,0,0,0,0,0,0,0
layer,41,0,40,103,decode,4,8,8,0,0,0,177,0,0,0,0,17,7,2,0,0,0,0,0,0,60,lru,0,0,0,0,0,0,8,8,8,0,0,0,0,0,0,0,0,0,0
layer,41,0,40,103,decode,5,8,6,2,985,756,173,210,3,0,3,1236,7,27,0,0,0,0,0,0,60,lru,0,0,0,0,0,0,8,6,8,0,2,0,0,0,0,0,0,0,0
layer,41,0,40,103,decode,6,8,5,3,1473,1108,142,486,4,0,4,1978,8,19,0,0,0,0,0,0,60,lru,0,0,0,0,0,0,8,5,8,0,3,0,0,0,0,0,0,0,0
layer,41,0,40,103,decode,7,8,7,1,482,363,161,135,2,0,2,695,7,32,0,0,0,0,0,0,60,lru,0,0,0,0,0,0,8,7,8,0,1,0,0,0,0,0,0,0,0
layer,41,0,40,103,decode,8,8,8,0,0,0,175,0,0,0,0,17,7,1,0,0,0,0,0,0,60,lru,0,0,0,0,0,0,8,8,8,0,0,0,0,0,0,0,0,0,0
layer,41,0,40,103,decode,9,8,6,2,966,763,174,225,3,0,3,1340,7,30,0,0,0,0,0,0,60,lru,0,0,0,0,0,0,8,6,8,0,2,0,0,0,0,0,0,0,0
layer,41,0,40,103,decode,10,8,5,3,1512,1119,142,556,4,0,4,1953,7,20,0,0,0,0,0,0,60,lru,0,0,0,0,0,0,8,5,8,0,3,0,0,0,0,0,0,0,0
layer,41,0,40,103,decode,11,8,5,3,1463,1139,160,432,3,0,3,1851,7,21,0,0,0,0,0,0,60,lru,0,0,0,0,0,0,8,5,8,0,3,0,1,0,0,0,0,0,0
layer,41,0,40,103,decode,12,8,7,1,577,378,164,180,2,0,2,788,7,33,0,0,0,0,0,0,60,lru,0,0,0,0,0,0,8,7,8,0,1,0,0,0,0,0,0,0,0
layer,41,0,40,103,decode,13,8,6,2,1057,771,161,404,3,0,3,1323,7,32,0,0,0,0,0,0,60,lru,0,0,0,0,0,0,8,6,8,0,2,0,0,0,0,0,0,0,0
layer,41,0,40,103,decode,14,8,7,1,581,354,153,120,2,0,2,864,7,18,0,0,0,0,0,0,60,lru,0,0,0,0,0,0,8,7,8,0,1,0,0,0,0,0,0,0,0
layer,41,0,40,103,decode,15,8,6,2,980,771,160,364,3,0,3,1286,7,18,0,0,0,0,0,0,60,lru,0,0,0,0,0,0,8,6,8,0,2,0,0,0,0,0,0,0,0
layer,41,0,40,103,decode,16,8,4,4,2087,1478,166,597,3,0,3,2722,7,27,0,0,0,0,0,0,60,lru,0,0,0,0,0,0,8,4,8,0,4,0,0,0,0,0,0,0,0
layer,41,0,40,103,decode,17,8,7,1,484,386,162,161,2,0,2,679,7,34,0,0,0,0,0,0,60,lru,0,0,0,0,0,0,8,7,8,0,1,0,0,0,0,0,0,0,0
layer,41,0,40,103,decode,18,8,7,1,499,405,143,105,2,0,2,643,7,29,0,0,0,0,0,0,60,lru,0,0,0,0,0,0,8,7,8,0,1,0,0,0,0,0,0,0,0
layer,41,0,40,103,decode,19,8,7,1,484,376,174,204,2,0,2,695,7,29,0,0,0,0,0,0,60,lru,0,0,0,0,0,0,8,7,8,0,1,0,0,0,0,0,0,0,0
layer,41,0,40,103,decode,20,8,5,3,1455,1127,159,406,3,0,3,1912,7,20,0,0,0,0,0,0,60,lru,0,0,0,0,0,0,8,5,8,0,3,0,0,0,0,0,0,0,0
layer,41,0,40,103,decode,21,8,7,1,502,390,164,209,2,0,2,691,7,26,0,0,0,0,0,0,60,lru,0,0,0,0,0,0,8,7,8,0,1,0,0,0,0,0,0,0,0
layer,41,0,40,103,decode,22,8,7,1,502,364,158,144,2,0,2,725,7,25,0,0,0,0,0,0,60,lru,0,0,0,0,0,0,8,7,8,0,1,0,0,0,0,0,0,0,0
layer,41,0,40,103,decode,23,8,6,2,976,751,167,390,3,0,3,1321,8,32,0,0,0,0,0,0,60,lru,0,0,0,0,0,0,8,6,8,0,2,0,0,0,0,0,0,0,0
layer,41,0,40,103,decode,24,8,6,2,991,750,169,217,1,0,1,1275,7,13,0,0,0,0,0,0,60,lru,0,0,0,0,0,0,8,6,8,0,2,0,1,0,0,0,0,0,0
layer,41,0,40,103,decode,25,8,5,3,1524,1155,158,412,3,0,3,1860,7,19,0,0,0,0,0,0,60,lru,0,0,0,0,0,0,8,5,8,0,3,0,0,0,0,0,0,0,0
layer,41,0,40,103,decode,26,8,8,0,0,0,160,0,0,0,0,17,7,2,0,0,0,0,0,0,60,lru,0,0,0,0,0,0,8,8,8,0,0,0,0,0,0,0,0,0,0
layer,41,0,40,103,decode,27,8,8,0,0,0,181,0,0,0,0,15,7,1,0,0,0,0,0,0,60,lru,0,0,0,0,0,0,8,8,8,0,0,0,0,0,0,0,0,0,0
layer,41,0,40,103,decode,28,8,8,0,0,0,176,0,0,0,0,15,7,1,0,0,0,0,0,0,60,lru,0,0,0,0,0,0,8,8,8,0,0,0,0,0,0,0,0,0,0
layer,41,0,40,103,decode,29,8,6,2,1005,753,163,398,3,0,3,1286,7,20,0,0,0,0,0,0,60,lru,0,0,0,0,0,0,8,6,8,0,2,0,0,0,0,0,0,0,0
layer,41,0,40,103,decode,30,8,7,1,489,393,144,177,1,0,1,663,8,34,0,0,0,0,0,0,60,lru,0,0,0,0,0,0,8,7,8,0,1,0,0,0,0,0,0,0,0
layer,41,0,40,103,decode,31,8,8,0,0,0,182,0,0,0,0,16,7,1,0,0,0,0,0,0,60,lru,0,0,0,0,0,0,8,8,8,0,0,0,0,0,0,0,0,0,0
layer,41,0,40,103,decode,32,8,6,2,1026,756,155,291,3,0,3,1267,6,25,0,0,0,0,0,0,60,lru,0,0,0,0,0,0,8,6,8,0,2,0,0,0,0,0,0,0,0
layer,41,0,40,103,decode,33,8,8,0,0,0,182,0,0,0,0,16,7,1,0,0,0,0,0,0,60,lru,0,0,0,0,0,0,8,8,8,0,0,0,0,0,0,0,0,0,0
layer,41,0,40,103,decode,34,8,7,1,529,369,160,235,1,0,1,770,6,2,0,0,0,0,0,0,60,lru,0,0,0,0,0,0,8,7,8,0,1,0,0,0,0,0,0,0,0
layer,41,0,40,103,decode,35,8,6,2,1003,756,161,254,1,0,1,1287,8,29,0,0,0,0,0,0,60,lru,0,0,0,0,0,0,8,6,8,0,2,0,0,0,0,0,0,0,0
layer,41,0,40,103,decode,36,8,6,2,997,740,155,266,3,0,3,1356,7,34,0,0,0,0,0,0,60,lru,0,0,0,0,0,0,8,6,8,0,2,0,0,0,0,0,0,0,0
layer,41,0,40,103,decode,37,8,6,2,1060,758,160,319,2,0,2,1299,7,27,0,0,0,0,0,0,60,lru,0,0,0,0,0,0,8,6,8,0,2,0,0,0,0,0,0,0,0
layer,41,0,40,103,decode,38,8,5,3,1623,1193,151,397,3,0,3,2062,7,34,0,0,0,0,0,0,60,lru,0,0,0,0,0,0,8,5,8,0,3,0,0,0,0,0,0,0,0
layer,41,0,40,103,decode,39,8,2,6,3424,2317,671,1044,3,0,3,4241,8,19,0,0,0,0,0,0,60,lru,0,0,0,0,0,0,8,2,8,0,6,0,0,0,0,0,0,0,0
request,41,0,40,0,decode,-1,0,0,0,0,0,0,0,0,0,0,0,0,0,0,0,0,0,0,0,0,,60027,500,0,0,16,0,0,0,0,0,0,0,0,0,0,0,0,0,0
layer,42,0,41,104,decode,0,8,3,5,2568,1852,166,821,2,0,2,3292,9,26,0,0,0,0,0,0,60,lru,0,0,0,0,0,0,8,3,8,0,5,0,0,0,0,0,0,0,0
layer,42,0,41,104,decode,1,8,2,6,3026,2228,171,1117,3,0,3,3790,7,30,0,0,0,0,0,0,60,lru,0,0,0,0,0,0,8,2,8,0,6,0,1,0,0,0,0,0,0
layer,42,0,41,104,decode,2,8,2,6,3036,2263,139,836,3,0,3,3708,7,30,0,0,0,0,0,0,60,lru,0,0,0,0,0,0,8,2,8,0,6,0,0,0,0,0,0,0,0
layer,42,0,41,104,decode,3,8,1,7,3531,2603,168,890,2,0,2,4426,7,23,0,0,0,0,0,0,60,lru,0,0,0,0,0,0,8,1,8,0,7,0,1,0,0,0,0,0,0
layer,42,0,41,104,decode,4,8,7,1,480,381,166,175,2,0,2,719,6,15,0,0,0,0,0,0,60,lru,0,0,0,0,0,0,8,7,8,0,1,0,1,0,0,0,0,0,0
layer,42,0,41,104,decode,5,8,4,4,1997,1487,181,675,3,0,3,2533,6,7,0,0,0,0,0,0,60,lru,0,0,0,0,0,0,8,4,8,0,4,0,0,0,0,0,0,0,0
layer,42,0,41,104,decode,6,8,7,1,490,367,151,189,3,0,3,702,7,28,0,0,0,0,0,0,60,lru,0,0,0,0,0,0,8,7,8,0,1,0,0,0,0,0,0,0,0
layer,42,0,41,104,decode,7,8,7,1,480,375,162,123,2,0,2,663,7,30,0,0,0,0,0,0,60,lru,0,0,0,0,0,0,8,7,8,0,1,0,0,0,0,0,0,0,0
layer,42,0,41,104,decode,8,8,8,0,0,0,176,0,0,0,0,19,7,2,0,0,0,0,0,0,60,lru,0,0,0,0,0,0,8,8,8,0,0,0,0,0,0,0,0,0,0
layer,42,0,41,104,decode,9,8,7,1,483,379,182,159,2,0,2,703,6,2,0,0,0,0,0,0,60,lru,0,0,0,0,0,0,8,7,8,0,1,0,0,0,0,0,0,0,0
layer,42,0,41,104,decode,10,8,8,0,0,0,157,0,0,0,0,17,8,2,0,0,0,0,0,0,60,lru,0,0,0,0,0,0,8,8,8,0,0,0,0,0,0,0,0,0,0
layer,42,0,41,104,decode,11,8,5,3,1475,1131,173,393,3,0,3,1814,7,29,0,0,0,0,0,0,60,lru,0,0,0,0,0,0,8,5,8,0,3,0,0,0,0,0,0,0,0
layer,42,0,41,104,decode,12,8,6,2,1106,773,155,295,3,0,3,1368,7,28,0,0,0,0,0,0,60,lru,0,0,0,0,0,0,8,6,8,0,2,0,1,0,0,0,0,0,0
layer,42,0,41,104,decode,13,8,6,2,976,757,183,309,3,0,3,1301,7,28,0,0,0,0,0,0,60,lru,0,0,0,0,0,0,8,6,8,0,2,0,0,0,0,0,0,0,0
layer,42,0,41,104,decode,14,8,7,1,522,390,160,45,2,0,2,741,7,2,0,0,0,0,0,0,60,lru,0,0,0,0,0,0,8,7,8,0,1,0,0,0,0,0,0,0,0
layer,42,0,41,104,decode,15,8,6,2,976,757,181,281,3,0,3,1280,8,2,0,0,0,0,0,0,60,lru,0,0,0,0,0,0,8,6,8,0,2,0,0,0,0,0,0,0,0
layer,42,0,41,104,decode,16,8,7,1,493,377,176,237,2,0,2,683,8,2,0,0,0,0,0,0,60,lru,0,0,0,0,0,0,8,7,8,0,1,0,0,0,0,0,0,0,0
layer,42,0,41,104,decode,17,8,6,2,1040,740,183,361,3,0,3,1412,7,11,0,0,0,0,0,0,60,lru,0,0,0,0,0,0,8,6,8,0,2,0,0,0,0,0,0,0,0
layer,42,0,41,104,decode,18,8,6,2,1040,761,143,271,3,0,3,1323,7,19,0,0,0,0,0,0,60,lru,0,0,0,0,0,0,8,6,8,0,2,0,0,0,0,0,0,0,0
layer,42,0,41,104,decode,19,8,7,1,482,356,172,142,2,0,2,766,7,32,0,0,0,0,0,0,60,lru,0,0,0,0,0,0,8,7,8,0,1,0,0,0,0,0,0,0,0
layer,42,0,41,104,decode,20,8,5,3,1509,1174,166,390,2,0,2,1849,7,10,0,0,0,0,0,0,60,lru,0,0,0,0,0,0,8,5,8,0,3,0,0,0,0,0,0,0,0
layer,42,0,41,104,decode,21,8,8,0,0,0,183,0,0,0,0,17,7,1,0,0,0,0,0,0,60,lru,0,0,0,0,0,0,8,8,8,0,0,0,0,0,0,0,0,0,0
layer,42,0,41,104,decode,22,8,6,2,1025,749,156,384,3,0,3,1364,6,2,0,0,0,0,0,0,60,lru,0,0,0,0,0,0,8,6,8,0,2,0,0,0,0,0,0,0,0
layer,42,0,41,104,decode,23,8,5,3,1457,1112,162,479,3,0,3,1964,7,19,0,0,0,0,0,0,60,lru,0,0,0,0,0,0,8,5,8,0,3,0,0,0,0,0,0,0,0
layer,42,0,41,104,decode,24,8,7,1,482,377,168,116,1,0,1,692,7,32,0,0,0,0,0,0,60,lru,0,0,0,0,0,0,8,7,8,0,1,0,0,0,0,0,0,0,0
layer,42,0,41,104,decode,25,8,8,0,0,0,182,0,0,0,0,16,7,1,0,0,0,0,0,0,60,lru,0,0,0,0,0,0,8,8,8,0,0,0,0,0,0,0,0,0,0
layer,42,0,41,104,decode,26,8,6,2,1051,756,144,285,3,0,3,1333,6,30,0,0,0,0,0,0,60,lru,0,0,0,0,0,0,8,6,8,0,2,0,0,0,0,0,0,0,0
layer,42,0,41,104,decode,27,8,7,1,525,378,174,169,1,0,1,741,8,31,0,0,0,0,0,0,60,lru,0,0,0,0,0,0,8,7,8,0,1,0,0,0,0,0,0,0,0
layer,42,0,41,104,decode,28,8,7,1,488,378,177,83,2,0,2,735,8,14,0,0,0,0,0,0,60,lru,0,0,0,0,0,0,8,7,8,0,1,0,0,0,0,0,0,0,0
layer,42,0,41,104,decode,29,8,7,1,516,372,183,193,2,0,2,709,7,2,0,0,0,0,0,0,60,lru,0,0,0,0,0,0,8,7,8,0,1,0,0,0,0,0,0,0,0
layer,42,0,41,104,decode,30,8,7,1,491,365,158,94,2,0,2,664,7,2,0,0,0,0,0,0,60,lru,0,0,0,0,0,0,8,7,8,0,1,0,0,0,0,0,0,0,0
layer,42,0,41,104,decode,31,8,6,2,1002,758,161,262,2,0,2,1319,7,19,0,0,0,0,0,0,60,lru,0,0,0,0,0,0,8,6,8,0,2,0,0,0,0,0,0,0,0
layer,42,0,41,104,decode,32,8,4,4,1977,1506,155,620,2,0,2,2553,7,31,0,0,0,0,0,0,60,lru,0,0,0,0,0,0,8,4,8,0,4,0,0,0,0,0,0,0,0
layer,42,0,41,104,decode,33,8,5,3,1652,1120,181,464,2,0,2,2016,8,2,0,0,0,0,0,0,60,lru,0,0,0,0,0,0,8,5,8,0,3,0,0,0,0,0,0,0,0
layer,42,0,41,104,decode,34,8,6,2,1075,772,160,280,3,0,3,1395,7,2,0,0,0,0,0,0,60,lru,0,0,0,0,0,0,8,6,8,0,2,0,1,0,0,0,0,0,0
layer,42,0,41,104,decode,35,8,7,1,509,390,167,111,1,0,1,688,7,19,0,0,0,0,0,0,60,lru,0,0,0,0,0,0,8,7,8,0,1,0,0,0,0,0,0,0,0
layer,42,0,41,104,decode,36,8,7,1,505,377,176,180,2,0,2,718,7,2,0,0,0,0,0,0,60,lru,0,0,0,0,0,0,8,7,8,0,1,0,0,0,0,0,0,0,0
layer,42,0,41,104,decode,37,8,7,1,523,375,175,187,1,0,1,774,7,21,0,0,0,0,0,0,60,lru,0,0,0,0,0,0,8,7,8,0,1,0,0,0,0,0,0,0,0
layer,42,0,41,104,decode,38,8,8,0,0,0,162,0,0,0,0,17,7,2,0,0,0,0,0,0,60,lru,0,0,0,0,0,0,8,8,8,0,0,0,0,0,0,0,0,0,0
layer,42,0,41,104,decode,39,8,5,3,1655,1171,672,477,3,0,3,2072,9,9,0,0,0,0,0,0,60,lru,0,0,0,0,0,0,8,5,8,0,3,0,0,0,0,0,0,0,0
request,42,0,41,0,decode,-1,0,0,0,0,0,0,0,0,0,0,0,0,0,0,0,0,0,0,0,0,,61222,524,0,0,19,0,0,0,0,0,0,0,0,0,0,0,0,0,0
layer,43,0,42,105,decode,0,8,4,4,2037,1518,153,544,2,0,2,2481,9,30,0,0,0,0,0,0,60,lru,0,0,0,0,0,0,8,4,8,0,4,0,0,0,0,0,0,0,0
layer,43,0,42,105,decode,1,8,4,4,1991,1483,174,523,2,0,2,2502,7,20,0,0,0,0,0,0,60,lru,0,0,0,0,0,0,8,4,8,0,4,0,1,0,0,0,0,0,0
layer,43,0,42,105,decode,2,8,4,4,2023,1500,140,669,3,0,3,2532,7,26,0,0,0,0,0,0,60,lru,0,0,0,0,0,0,8,4,8,0,4,0,1,0,0,0,0,0,0
layer,43,0,42,105,decode,3,8,5,3,1514,1126,173,487,3,0,3,1957,7,18,0,0,0,0,0,0,60,lru,0,0,0,0,0,0,8,5,8,0,3,0,0,0,0,0,0,0,0
layer,43,0,42,105,decode,4,8,5,3,1504,1124,179,404,3,0,3,1924,7,2,0,0,0,0,0,0,60,lru,0,0,0,0,0,0,8,5,8,0,3,0,1,0,0,0,0,0,0
layer,43,0,42,105,decode,5,8,7,1,492,370,173,144,2,0,2,742,8,33,0,0,0,0,0,0,60,lru,0,0,0,0,0,0,8,7,8,0,1,0,0,0,0,0,0,0,0
layer,43,0,42,105,decode,6,8,7,1,481,381,144,130,3,0,3,681,7,29,0,0,0,0,0,0,60,lru,0,0,0,0,0,0,8,7,8,0,1,0,0,0,0,0,0,0,0
layer,43,0,42,105,decode,7,8,7,1,487,370,173,197,2,0,2,698,7,15,0,0,0,0,0,0,60,lru,0,0,0,0,0,0,8,7,8,0,1,0,0,0,0,0,0,0,0
layer,43,0,42,105,decode,8,8,8,0,0,0,177,0,0,0,0,16,7,2,0,0,0,0,0,0,60,lru,0,0,0,0,0,0,8,8,8,0,0,0,0,0,0,0,0,0,0
layer,43,0,42,105,decode,9,8,7,1,480,397,163,204,2,0,2,684,6,22,0,0,0,0,0,0,60,lru,0,0,0,0,0,0,8,7,8,0,1,0,0,0,0,0,0,0,0
layer,43,0,42,105,decode,10,8,7,1,512,381,144,111,3,0,3,672,8,28,0,0,0,0,0,0,60,lru,0,0,0,0,0,0,8,7,8,0,1,0,0,0,0,0,0,0,0
layer,43,0,42,105,decode,11,8,5,3,1470,1135,161,531,3,0,3,1833,7,10,0,0,0,0,0,0,60,lru,0,0,0,0,0,0,8,5,8,0,3,0,0,0,0,0,0,0,0
layer,43,0,42,105,decode,12,8,4,4,2027,1499,163,640,3,0,3,2564,7,18,0,0,0,0,0,0,60,lru,0,0,0,0,0,0,8,4,8,0,4,0,1,0,0,0,0,0,0
layer,43,0,42,105,decode,13,8,6,2,994,747,163,298,3,0,3,1337,7,21,0,0,0,0,0,0,60,lru,0,0,0,0,0,0,8,6,8,0,2,0,0,0,0,0,0,0,0
layer,43,0,42,105,decode,14,8,5,3,1515,1127,158,424,3,0,3,1953,7,2,0,0,0,0,0,0,60,lru,0,0,0,0,0,0,8,5,8,0,3,0,1,0,0,0,0,0,0
layer,43,0,42,105,decode,15,8,8,0,0,0,182,0,0,0,0,17,7,1,0,0,0,0,0,0,60,lru,0,0,0,0,0,0,8,8,8,0,0,0,0,0,0,0,0,0,0
layer,43,0,42,105,decode,16,8,7,1,483,388,156,60,2,0,2,647,6,18,0,0,0,0,0,0,60,lru,0,0,0,0,0,0,8,7,8,0,1,0,0,0,0,0,0,0,0
layer,43,0,42,105,decode,17,8,6,2,978,740,174,237,3,0,3,1313,7,23,0,0,0,0,0,0,60,lru,0,0,0,0,0,0,8,6,8,0,2,0,0,0,0,0,0,0,0
layer,43,0,42,105,decode,18,8,7,1,520,391,145,135,2,0,2,676,7,30,0,0,0,0,0,0,60,lru,0,0,0,0,0,0,8,7,8,0,1,0,0,0,0,0,0,0,0
layer,43,0,42,105,decode,19,8,8,0,0,0,181,0,0,0,0,18,7,2,0,0,0,0,0,0,60,lru,0,0,0,0,0,0,8,8,8,0,0,0,0,0,0,0,0,0,0
layer,43,0,42,105,decode,20,8,6,2,972,775,156,277,2,0,2,1214,7,32,0,0,0,0,0,0,60,lru,0,0,0,0,0,0,8,6,8,0,2,0,0,0,0,0,0,0,0
layer,43,0,42,105,decode,21,8,5,3,1517,1138,162,436,1,0,1,1988,7,19,0,0,0,0,0,0,60,lru,0,0,0,0,0,0,8,5,8,0,3,0,0,0,0,0,0,0,0
layer,43,0,42,105,decode,22,8,7,1,506,392,143,114,2,0,2,685,7,28,0,0,0,0,0,0,60,lru,0,0,0,0,0,0,8,7,8,0,1,0,1,0,0,0,0,0,0
layer,43,0,42,105,decode,23,8,6,2,981,746,175,436,2,0,2,1317,7,19,0,0,0,0,0,0,60,lru,0,0,0,0,0,0,8,6,8,0,2,0,0,0,0,0,0,0,0
layer,43,0,42,105,decode,24,8,5,3,1501,1145,167,397,1,0,1,1904,7,25,0,0,0,0,0,0,60,lru,0,0,0,0,0,0,8,5,8,0,3,0,1,0,0,0,0,0,0
layer,43,0,42,105,decode,25,8,7,1,478,371,184,138,1,0,1,690,7,2,0,0,0,0,0,0,60,lru,0,0,0,0,0,0,8,7,8,0,1,0,0,0,0,0,0,0,0
layer,43,0,42,105,decode,26,8,8,0,0,0,160,0,0,0,0,17,7,1,0,0,0,0,0,0,60,lru,0,0,0,0,0,0,8,8,8,0,0,0,0,0,0,0,0,0,0
layer,43,0,42,105,decode,27,8,6,2,992,767,161,162,2,0,2,1243,7,33,0,0,0,0,0,0,60,lru,0,0,0,0,0,0,8,6,8,0,2,0,0,0,0,0,0,0,0
layer,43,0,42,105,decode,28,8,7,1,467,377,156,223,2,0,2,710,8,23,0,0,0,0,0,0,60,lru,0,0,0,0,0,0,8,7,8,0,1,0,0,0,0,0,0,0,0
layer,43,0,42,105,decode,29,8,8,0,0,0,183,0,0,0,0,17,7,2,0,0,0,0,0,0,60,lru,0,0,0,0,0,0,8,8,8,0,0,0,0,0,0,0,0,0,0
layer,43,0,42,105,decode,30,8,8,0,0,0,159,0,0,0,0,14,6,2,0,0,0,0,0,0,60,lru,0,0,0,0,0,0,8,8,8,0,0,0,0,0,0,0,0,0,0
layer,43,0,42,105,decode,31,8,7,1,491,394,162,179,1,0,1,650,7,27,0,0,0,0,0,0,60,lru,0,0,0,0,0,0,8,7,8,0,1,0,0,0,0,0,0,0,0
layer,43,0,42,105,decode,32,8,6,2,1008,786,156,357,2,0,2,1309,7,28,0,0,0,0,0,0,60,lru,0,0,0,0,0,0,8,6,8,0,2,0,0,0,0,0,0,0,0
layer,43,0,42,105,decode,33,8,6,2,1022,754,161,208,3,0,3,1340,7,29,0,0,0,0,0,0,60,lru,0,0,0,0,0,0,8,6,8,0,2,0,0,0,0,0,0,0,0
layer,43,0,42,105,decode,34,8,7,1,539,403,147,110,1,0,1,704,7,32,0,0,0,0,0,0,60,lru,0,0,0,0,0,0,8,7,8,0,1,0,0,0,0,0,0,0,0
layer,43,0,42,105,decode,35,8,6,2,1016,773,182,335,2,0,2,1295,7,9,0,0,0,0,0,0,60,lru,0,0,0,0,0,0,8,6,8,0,2,0,0,0,0,0,0,0,0
layer,43,0,42,105,decode,36,8,6,2,970,710,159,279,2,0,2,1423,7,12,0,0,0,0,0,0,60,lru,0,0,0,0,0,0,8,6,8,0,2,0,0,0,0,0,0,0,0
layer,43,0,42,105,decode,37,8,8,0,0,0,183,0,0,0,0,18,7,2,0,0,0,0,0,0,60,lru,0,0,0,0,0,0,8,8,8,0,0,0,0,0,0,0,0,0,0
layer,43,0,42,105,decode,38,8,5,3,1608,1206,161,417,2,0,2,1989,7,2,0,0,0,0,0,0,60,lru,0,0,0,0,0,0,8,5,8,0,3,0,0,0,0,0,0,0,0
layer,43,0,42,105,decode,39,8,7,1,543,411,677,100,1,0,1,745,7,31,0,0,0,0,0,0,60,lru,0,0,0,0,0,0,8,7,8,0,1,0,0,0,0,0,0,0,0
request,43,0,42,0,decode,-1,0,0,0,0,0,0,0,0,0,0,0,0,0,0,0,0,0,0,0,0,,53054,472,0,0,16,0,0,0,0,0,0,0,0,0,0,0,0,0,0
layer,44,0,43,106,decode,0,8,0,8,4231,3061,167,1305,2,0,2,5226,9,27,0,0,0,0,0,0,60,lru,0,0,0,0,0,0,8,0,8,0,8,0,0,0,0,0,0,0,0
layer,44,0,43,106,decode,1,8,3,5,2502,1848,165,675,3,0,3,3191,8,19,0,0,0,0,0,0,60,lru,0,0,0,0,0,0,8,3,8,0,5,0,1,0,0,0,0,0,0
layer,44,0,43,106,decode,2,8,2,6,3051,2260,139,869,3,0,3,3736,7,20,0,0,0,0,0,0,60,lru,0,0,0,0,0,0,8,2,8,0,6,0,1,0,0,0,0,0,0
layer,44,0,43,106,decode,3,8,4,4,1988,1489,171,596,3,0,3,2549,8,19,0,0,0,0,0,0,60,lru,0,0,0,0,0,0,8,4,8,0,4,0,0,0,0,0,0,0,0
layer,44,0,43,106,decode,4,8,7,1,481,366,157,199,2,0,2,688,7,26,0,0,0,0,0,0,60,lru,0,0,0,0,0,0,8,7,8,0,1,0,0,0,0,0,0,0,0
layer,44,0,43,106,decode,5,8,5,3,1498,1136,172,433,3,0,3,1932,14,27,0,0,0,0,0,0,60,lru,0,0,0,0,0,0,8,5,8,0,3,0,0,0,0,0,0,0,0
layer,44,0,43,106,decode,6,8,8,0,0,0,161,0,0,0,0,18,7,2,0,0,0,0,0,0,60,lru,0,0,0,0,0,0,8,8,8,0,0,0,1,0,0,0,0,0,0
layer,44,0,43,106,decode,7,8,8,0,0,0,182,0,0,0,0,15,6,1,0,0,0,0,0,0,60,lru,0,0,0,0,0,0,8,8,8,0,0,0,0,0,0,0,0,0,0
layer,44,0,43,106,decode,8,8,8,0,0,0,176,0,0,0,0,15,6,1,0,0,0,0,0,0,60,lru,0,0,0,0,0,0,8,8,8,0,0,0,0,0,0,0,0,0,0
layer,44,0,43,106,decode,9,8,7,1,480,385,162,187,2,0,2,658,7,34,0,0,0,0,0,0,60,lru,0,0,0,0,0,0,8,7,8,0,1,0,0,0,0,0,0,0,0
layer,44,0,43,106,decode,10,8,7,1,501,390,160,184,3,0,3,724,7,2,0,0,0,0,0,0,60,lru,0,0,0,0,0,0,8,7,8,0,1,0,0,0,0,0,0,0,0
layer,44,0,43,106,decode,11,8,7,1,490,380,161,155,2,0,2,692,8,20,0,0,0,0,0,0,60,lru,0,0,0,0,0,0,8,7,8,0,1,0,0,0,0,0,0,0,0
layer,44,0,43,106,decode,12,8,6,2,975,757,167,317,3,0,3,1297,7,19,0,0,0,0,0,0,60,lru,0,0,0,0,0,0,8,6,8,0,2,0,0,0,0,0,0,0,0
layer,44,0,43,106,decode,13,8,8,0,0,0,185,0,0,0,0,17,7,1,0,0,0,0,0,0,60,lru,0,0,0,0,0,0,8,8,8,0,0,0,0,0,0,0,0,0,0
layer,44,0,43,106,decode,14,8,7,1,501,386,144,80,2,0,2,677,13,33,0,0,0,0,0,0,60,lru,0,0,0,0,0,0,8,7,8,0,1,0,0,0,0,0,0,0,0
layer,44,0,43,106,decode,15,8,7,1,475,388,161,102,2,0,2,650,7,22,0,0,0,0,0,0,60,lru,0,0,0,0,0,0,8,7,8,0,1,0,0,0,0,0,0,0,0
layer,44,0,43,106,decode,16,8,6,2,996,766,154,355,3,0,3,1355,7,10,0,0,0,0,0,0,60,lru,0,0,0,0,0,0,8,6,8,0,2,0,0,0,0,0,0,0,0
layer,44,0,43,106,decode,17,8,6,2,959,718,164,299,3,0,3,1378,7,34,0,0,0,0,0,0,60,lru,0,0,0,0,0,0,8,6,8,0,2,0,0,0,0,0,0,0,0
layer,44,0,43,106,decode,18,8,8,0,0,0,160,0,0,0,0,17,7,2,0,0,0,0,0,0,60,lru,0,0,0,0,0,0,8,8,8,0,0,0,0,0,0,0,0,0,0
layer,44,0,43,106,decode,19,8,6,2,1091,750,175,384,3,0,3,1453,7,20,0,0,0,0,0,0,60,lru,0,0,0,0,0,0,8,6,8,0,2,0,0,0,0,0,0,0,0
layer,44,0,43,106,decode,20,8,8,0,0,0,177,0,0,0,0,19,8,2,0,0,0,0,0,0,60,lru,0,0,0,0,0,0,8,8,8,0,0,0,2,0,0,0,0,0,0
layer,44,0,43,106,decode,21,8,8,0,0,0,183,0,0,0,0,14,6,1,0,0,0,0,0,0,60,lru,0,0,0,0,0,0,8,8,8,0,0,0,0,0,0,0,0,0,0
layer,44,0,43,106,decode,22,8,8,0,0,0,161,0,0,0,0,15,6,2,0,0,0,0,0,0,60,lru,0,0,0,0,0,0,8,8,8,0,0,0,0,0,0,0,0,0,0
layer,44,0,43,106,decode,23,8,5,3,1480,1155,169,545,3,0,3,1872,7,18,0,0,0,0,0,0,60,lru,0,0,0,0,0,0,8,5,8,0,3,0,0,0,0,0,0,0,0
layer,44,0,43,106,decode,24,8,6,2,974,752,160,383,1,0,1,1314,7,33,0,0,0,0,0,0,60,lru,0,0,0,0,0,0,8,6,8,0,2,0,0,0,0,0,0,0,0
layer,44,0,43,106,decode,25,8,6,2,986,770,168,366,2,0,2,1352,7,28,0,0,0,0,0,0,60,lru,0,0,0,0,0,0,8,6,8,0,2,0,1,0,0,0,0,0,0
layer,44,0,43,106,decode,26,8,7,1,519,378,160,189,2,0,2,710,7,26,0,0,0,0,0,0,60,lru,0,0,0,0,0,0,8,7,8,0,1,0,0,0,0,0,0,0,0
layer,44,0,43,106,decode,27,8,7,1,476,368,181,157,1,0,1,711,8,2,0,0,0,0,0,0,60,lru,0,0,0,0,0,0,8,7,8,0,1,0,0,0,0,0,0,0,0
layer,44,0,43,106,decode,28,8,7,1,476,372,155,96,2,0,2,722,8,32,0,0,0,0,0,0,60,lru,0,0,0,0,0,0,8,7,8,0,1,0,0,0,0,0,0,0,0
layer,44,0,43,106,decode,29,8,8,0,0,0,182,0,0,0,0,16,7,2,0,0,0,0,0,0,60,lru,0,0,0,0,0,0,8,8,8,0,0,0,0,0,0,0,0,0,0
layer,44,0,43,106,decode,30,8,7,1,484,392,146,119,1,0,1,674,6,32,0,0,0,0,0,0,60,lru,0,0,0,0,0,0,8,7,8,0,1,0,0,0,0,0,0,0,0
layer,44,0,43,106,decode,31,8,7,1,496,397,163,203,1,0,1,634,7,13,0,0,0,0,0,0,60,lru,0,0,0,0,0,0,8,7,8,0,1,0,0,0,0,0,0,0,0
layer,44,0,43,106,decode,32,8,5,3,1496,1098,155,461,2,0,2,1963,9,23,0,0,0,0,0,0,60,lru,0,0,0,0,0,0,8,5,8,0,3,0,0,0,0,0,0,0,0
layer,44,0,43,106,decode,33,8,8,0,0,0,182,0,0,0,0,16,7,2,0,0,0,0,0,0,60,lru,0,0,0,0,0,0,8,8,8,0,0,0,0,0,0,0,0,0,0
layer,44,0,43,106,decode,34,8,7,1,586,398,148,157,1,0,1,759,7,34,0,0,0,0,0,0,60,lru,0,0,0,0,0,0,8,7,8,0,1,0,0,0,0,0,0,0,0
layer,44,0,43,106,decode,35,8,5,3,1520,1157,172,575,3,0,3,2003,8,17,0,0,0,0,0,0,60,lru,0,0,0,0,0,0,8,5,8,0,3,0,0,0,0,0,0,0,0
layer,44,0,43,106,decode,36,8,6,2,995,747,169,354,2,0,2,1348,7,20,0,0,0,0,0,0,60,lru,0,0,0,0,0,0,8,6,8,0,2,0,0,0,0,0,0,0,0
layer,44,0,43,106,decode,37,8,5,3,1564,1107,182,582,2,0,2,2026,7,2,0,0,0,0,0,0,60,lru,0,0,0,0,0,0,8,5,8,0,3,0,0,0,0,0,0,0,0
layer,44,0,43,106,decode,38,8,7,1,526,410,146,204,1,0,1,710,8,22,0,0,0,0,0,0,60,lru,0,0,0,0,0,0,8,7,8,0,1,0,0,0,0,0,0,0,0
layer,44,0,43,106,decode,39,8,6,2,1090,806,674,288,2,0,2,1354,8,32,0,0,0,0,0,0,60,lru,0,0,0,0,0,0,8,6,8,0,2,0,0,0,0,0,0,0,0
request,44,0,43,0,decode,-1,0,0,0,0,0,0,0,0,0,0,0,0,0,0,0,0,0,0,0,0,,52927,471,0,0,20,0,0,0,0,0,0,0,0,0,0,0,0,0,0
layer,45,0,44,107,decode,0,8,2,6,3075,2234,157,1121,2,0,2,3877,9,33,0,0,0,0,0,0,60,lru,0,0,0,0,0,0,8,2,8,0,6,0,0,0,0,0,0,0,0
layer,45,0,44,107,decode,1,8,1,7,3511,2589,173,1274,3,0,3,4343,7,27,0,0,0,0,0,0,60,lru,0,0,0,0,0,0,8,1,8,0,7,0,1,0,0,0,0,0,0
layer,45,0,44,107,decode,2,8,1,7,3561,2614,156,1035,3,0,3,4333,7,13,0,0,0,0,0,0,60,lru,0,0,0,0,0,0,8,1,8,0,7,0,0,0,0,0,0,0,0
layer,45,0,44,107,decode,3,8,3,5,2492,1860,160,733,3,0,3,3136,7,18,0,0,0,0,0,0,60,lru,0,0,0,0,0,0,8,3,8,0,5,0,0,0,0,0,0,0,0
layer,45,0,44,107,decode,4,8,8,0,0,0,176,0,0,0,0,18,7,2,0,0,0,0,0,0,60,lru,0,0,0,0,0,0,8,8,8,0,0,0,0,0,0,0,0,0,0
layer,45,0,44,107,decode,5,8,8,0,0,0,182,0,0,0,0,16,7,2,0,0,0,0,0,0,60,lru,0,0,0,0,0,0,8,8,8,0,0,0,0,0,0,0,0,0,0
layer,45,0,44,107,decode,6,8,6,2,999,742,161,304,3,0,3,1295,7,4,0,0,0,0,0,0,60,lru,0,0,0,0,0,0,8,6,8,0,2,0,0,0,0,0,0,0,0
layer,45,0,44,107,decode,7,8,8,0,0,0,183,0,0,0,0,17,7,1,0,0,0,0,0,0,60,lru,0,0,0,0,0,0,8,8,8,0,0,0,1,0,0,0,0,0,0
layer,45,0,44,107,decode,8,8,8,0,0,0,176,0,0,0,0,16,7,1,0,0,0,0,0,0,60,lru,0,0,0,0,0,0,8,8,8,0,0,0,0,0,0,0,0,0,0
layer,45,0,44,107,decode,9,8,6,2,1004,751,169,268,2,0,2,1333,7,23,0,0,0,0,0,0,60,lru,0,0,0,0,0,0,8,6,8,0,2,0,0,0,0,0,0,0,0
layer,45,0,44,107,decode,10,8,6,2,985,756,144,264,3,0,3,1263,7,20,0,0,0,0,0,0,60,lru,0,0,0,0,0,0,8,6,8,0,2,0,0,0,0,0,0,0,0
layer,45,0,44,107,decode,11,8,7,1,542,390,162,89,2,0,2,720,7,33,0,0,0,0,0,0,60,lru,0,0,0,0,0,0,8,7,8,0,1,0,0,0,0,0,0,0,0
layer,45,0,44,107,decode,12,8,8,0,0,0,176,0,0,0,0,18,7,2,0,0,0,0,0,0,60,lru,0,0,0,0,0,0,8,8,8,0,0,0,0,0,0,0,0,0,0
layer,45,0,44,107,decode,13,8,6,2,1016,749,183,271,3,0,3,1325,7,2,0,0,0,0,0,0,60,lru,0,0,0,0,0,0,8,6,8,0,2,0,0,0,0,0,0,0,0
layer,45,0,44,107,decode,14,8,7,1,493,372,147,53,2,0,2,709,7,35,0,0,0,0,0,0,60,lru,0,0,0,0,0,0,8,7,8,0,1,0,0,0,0,0,0,0,0
layer,45,0,44,107,decode,15,8,8,0,0,0,183,0,0,0,0,17,7,1,0,0,0,0,0,0,60,lru,0,0,0,0,0,0,8,8,8,0,0,0,0,0,0,0,0,0,0
layer,45,0,44,107,decode,16,8,6,2,975,747,154,329,3,0,3,1358,7,24,0,0,0,0,0,0,60,lru,0,0,0,0,0,0,8,6,8,0,2,0,0,0,0,0,0,0,0
layer,45,0,44,107,decode,17,8,7,1,478,366,163,188,3,0,3,728,7,34,0,0,0,0,0,0,60,lru,0,0,0,0,0,0,8,7,8,0,1,0,0,0,0,0,0,0,0
layer,45,0,44,107,decode,18,8,6,2,1009,779,144,145,4,0,4,1334,7,25,0,0,0,0,0,0,60,lru,0,0,0,0,0,0,8,6,8,0,2,0,0,0,0,0,0,0,0
layer,45,0,44,107,decode,19,8,6,2,977,758,174,392,3,0,3,1307,7,20,0,0,0,0,0,0,60,lru,0,0,0,0,0,0,8,6,8,0,2,0,0,0,0,0,0,0,0
layer,45,0,44,107,decode,20,8,7,1,492,399,156,185,1,0,1,647,7,27,0,0,0,0,0,0,60,lru,0,0,0,0,0,0,8,7,8,0,1,0,1,0,0,0,0,0,0
layer,45,0,44,107,decode,21,8,7,1,490,386,163,157,1,0,1,668,7,34,0,0,0,0,0,0,60,lru,0,0,0,0,0,0,8,7,8,0,1,0,0,0,0,0,0,0,0
layer,45,0,44,107,decode,22,8,8,0,0,0,159,0,0,0,0,16,7,1,0,0,0,0,0,0,60,lru,0,0,0,0,0,0,8,8,8,0,0,0,0,0,0,0,0,0,0
layer,45,0,44,107,decode,23,8,5,3,1470,1133,164,523,2,0,2,1904,7,14,0,0,0,0,0,0,60,lru,0,0,0,0,0,0,8,5,8,0,3,0,0,0,0,0,0,0,0
layer,45,0,44,107,decode,24,8,7,1,481,389,155,161,2,0,2,673,7,26,0,0,0,0,0,0,60,lru,0,0,0,0,0,0,8,7,8,0,1,0,0,0,0,0,0,0,0
layer,45,0,44,107,decode,25,8,7,1,487,403,164,289,1,0,1,686,7,34,0,0,0,0,0,0,60,lru,0,0,0,0,0,0,8,7,8,0,1,0,0,0,0,0,0,0,0
layer,45,0,44,107,decode,26,8,7,1,577,373,145,217,2,0,2,754,8,18,0,0,0,0,0,0,60,lru,0,0,0,0,0,0,8,7,8,0,1,0,0,0,0,0,0,0,0
layer,45,0,44,107,decode,27,8,6,2,999,765,162,288,3,0,3,1307,7,35,0,0,0,0,0,0,60,lru,0,0,0,0,0,0,8,6,8,0,2,0,0,0,0,0,0,0,0
layer,45,0,44,107,decode,28,8,7,1,478,392,168,311,1,0,1,715,7,12,0,0,0,0,0,0,60,lru,0,0,0,0,0,0,8,7,8,0,1,0,0,0,0,0,0,0,0
layer,45,0,44,107,decode,29,8,8,0,0,0,183,0,0,0,0,16,7,1,0,0,0,0,0,0,60,lru,0,0,0,0,0,0,8,8,8,0,0,0,0,0,0,0,0,0,0
layer,45,0,44,107,decode,30,8,7,1,484,398,143,110,2,0,2,641,6,19,0,0,0,0,0,0,60,lru,0,0,0,0,0,0,8,7,8,0,1,0,0,0,0,0,0,0,0
layer,45,0,44,107,decode,31,8,7,1,492,397,163,90,1,0,1,674,7,32,0,0,0,0,0,0,60,lru,0,0,0,0,0,0,8,7,8,0,1,0,0,0,0,0,0,0,0
layer,45,0,44,107,decode,32,8,6,2,976,764,155,438,2,0,2,1310,7,27,0,0,0,0,0,0,60,lru,0,0,0,0,0,0,8,6,8,0,2,0,0,0,0,0,0,0,0
layer,45,0,44,107,decode,33,8,6,2,1008,732,162,191,3,0,3,1365,7,22,0,0,0,0,0,0,60,lru,0,0,0,0,0,0,8,6,8,0,2,0,0,0,0,0,0,0,0
layer,45,0,44,107,decode,34,8,8,0,0,0,160,0,0,0,0,16,7,2,0,0,0,0,0,0,60,lru,0,0,0,0,0,0,8,8,8,0,0,0,0,0,0,0,0,0,0
layer,45,0,44,107,decode,35,8,8,0,0,0,182,0,0,0,0,15,7,1,0,0,0,0,0,0,60,lru,0,0,0,0,0,0,8,8,8,0,0,0,0,0,0,0,0,0,0
layer,45,0,44,107,decode,36,8,7,1,486,392,157,217,1,0,1,670,6,20,0,0,0,0,0,0,60,lru,0,0,0,0,0,0,8,7,8,0,1,0,0,0,0,0,0,0,0
layer,45,0,44,107,decode,37,8,8,0,0,0,182,0,0,0,0,18,7,2,0,0,0,0,0,0,60,lru,0,0,0,0,0,0,8,8,8,0,0,0,0,0,0,0,0,0,0
layer,45,0,44,107,decode,38,8,8,0,0,0,161,0,0,0,0,16,7,2,0,0,0,0,0,0,60,lru,0,0,0,0,0,0,8,8,8,0,0,0,0,0,0,0,0,0,0
layer,45,0,44,107,decode,39,8,5,3,1627,1169,683,542,2,0,2,2078,7,2,0,0,0,0,0,0,60,lru,0,0,0,0,0,0,8,5,8,0,3,0,0,0,0,0,0,0,0
request,45,0,44,0,decode,-1,0,0,0,0,0,0,0,0,0,0,0,0,0,0,0,0,0,0,0,0,,49860,446,0,0,15,0,0,0,0,0,0,0,0,0,0,0,0,0,0
layer,46,0,45,108,decode,0,8,4,4,2015,1498,160,525,3,0,3,2461,9,12,0,0,0,0,0,0,60,lru,0,0,0,0,0,0,8,4,8,0,4,0,0,0,0,0,0,0,0
layer,46,0,45,108,decode,1,8,5,3,1499,1118,161,483,3,0,3,1913,7,31,0,0,0,0,0,0,60,lru,0,0,0,0,0,0,8,5,8,0,3,0,0,0,0,0,0,0,0
layer,46,0,45,108,decode,2,8,5,3,1518,1118,143,456,3,0,3,1965,7,20,0,0,0,0,0,0,60,lru,0,0,0,0,0,0,8,5,8,0,3,0,0,0,0,0,0,0,0
layer,46,0,45,108,decode,3,8,5,3,1461,1122,181,638,3,0,3,1954,7,2,0,0,0,0,0,0,60,lru,0,0,0,0,0,0,8,5,8,0,3,0,0,0,0,0,0,0,0
layer,46,0,45,108,decode,4,8,8,0,0,0,177,0,0,0,0,18,7,2,0,0,0,0,0,0,60,lru,0,0,0,0,0,0,8,8,8,0,0,0,0,0,0,0,0,0,0
layer,46,0,45,108,decode,5,8,5,3,1466,1112,164,307,3,0,3,1883,7,23,0,0,0,0,0,0,60,lru,0,0,0,0,0,0,8,5,8,0,3,0,0,0,0,0,0,0,0
layer,46,0,45,108,decode,6,8,8,0,0,0,159,0,0,0,0,17,7,2,0,0,0,0,0,0,60,lru,0,0,0,0,0,0,8,8,8,0,0,0,0,0,0,0,0,0,0
layer,46,0,45,108,decode,7,8,6,2,1022,751,171,335,3,0,3,1326,6,11,0,0,0,0,0,0,60,lru,0,0,0,0,0,0,8,6,8,0,2,0,0,0,0,0,0,0,0
layer,46,0,45,108,decode,8,8,4,4,1978,1539,155,503,3,0,3,2374,7,32,0,0,0,0,0,0,60,lru,0,0,0,0,0,0,8,4,8,0,4,0,0,0,0,0,0,0,0
layer,46,0,45,108,decode,9,8,8,0,0,0,181,0,0,0,0,17,7,1,0,0,0,0,0,0,60,lru,0,0,0,0,0,0,8,8,8,0,0,0,1,0,0,0,0,0,0
layer,46,0,45,108,decode,10,8,7,1,500,379,152,133,3,0,3,707,7,23,0,0,0,0,0,0,60,lru,0,0,0,0,0,0,8,7,8,0,1,0,0,0,0,0,0,0,0
layer,46,0,45,108,decode,11,8,7,1,486,380,168,130,2,0,2,662,7,26,0,0,0,0,0,0,60,lru,0,0,0,0,0,0,8,7,8,0,1,0,0,0,0,0,0,0,0
layer,46,0,45,108,decode,12,8,8,0,0,0,175,0,0,0,0,17,7,1,0,0,0,0,0,0,60,lru,0,0,0,0,0,0,8,8,8,0,0,0,0,0,0,0,0,0,0
layer,46,0,45,108,decode,13,8,6,2,971,743,184,321,3,0,3,1379,7,13,0,0,0,0,0,0,60,lru,0,0,0,0,0,0,8,6,8,0,2,0,0,0,0,0,0,0,0
layer,46,0,45,108,decode,14,8,7,1,492,385,144,101,2,0,2,680,7,33,0,0,0,0,0,0,60,lru,0,0,0,0,0,0,8,7,8,0,1,0,0,0,0,0,0,0,0
layer,46,0,45,108,decode,15,8,7,1,481,378,175,133,2,0,2,699,7,30,0,0,0,0,0,0,60,lru,0,0,0,0,0,0,8,7,8,0,1,0,0,0,0,0,0,0,0
layer,46,0,45,108,decode,16,8,8,0,0,0,176,0,0,0,0,17,7,2,0,0,0,0,0,0,60,lru,0,0,0,0,0,0,8,8,8,0,0,0,0,0,0,0,0,0,0
layer,46,0,45,108,decode,17,8,7,1,474,378,177,180,2,0,2,711,7,27,0,0,0,0,0,0,60,lru,0,0,0,0,0,0,8,7,8,0,1,0,0,0,0,0,0,0,0
layer,46,0,45,108,decode,18,8,5,3,1505,1140,143,348,9,0,9,1932,8,22,0,0,0,0,0,0,60,lru,0,0,0,0,0,0,8,5,8,0,3,0,0,0,0,0,0,0,0
layer,46,0,45,108,decode,19,8,6,2,976,782,174,210,3,0,3,1265,8,24,0,0,0,0,0,0,60,lru,0,0,0,0,0,0,8,6,8,0,2,0,0,0,0,0,0,0,0
layer,46,0,45,108,decode,20,8,6,2,1208,735,157,353,3,0,3,1537,7,22,0,0,0,0,0,0,60,lru,0,0,0,0,0,0,8,6,8,0,2,0,1,0,0,0,0,0,0
layer,46,0,45,108,decode,21,8,8,0,0,0,183,0,0,0,0,17,8,1,0,0,0,0,0,0,60,lru,0,0,0,0,0,0,8,8,8,0,0,0,0,0,0,0,0,0,0
layer,46,0,45,108,decode,22,8,7,1,510,386,143,161,2,0,2,670,7,29,0,0,0,0,0,0,60,lru,0,0,0,0,0,0,8,7,8,0,1,0,0,0,0,0,0,0,0
layer,46,0,45,108,decode,23,8,6,2,965,760,161,294,3,0,3,1302,7,30,0,0,0,0,0,0,60,lru,0,0,0,0,0,0,8,6,8,0,2,0,0,0,0,0,0,0,0
layer,46,0,45,108,decode,24,8,7,1,492,378,155,134,1,0,1,707,7,36,0,0,0,0,0,0,60,lru,0,0,0,0,0,0,8,7,8,0,1,0,0,0,0,0,0,0,0
layer,46,0,45,108,decode,25,8,7,1,485,386,174,188,1,0,1,698,7,19,0,0,0,0,0,0,60,lru,0,0,0,0,0,0,8,7,8,0,1,0,0,0,0,0,0,0,0
layer,46,0,45,108,decode,26,8,6,2,1025,738,148,245,3,0,3,1352,9,20,0,0,0,0,0,0,60,lru,0,0,0,0,0,0,8,6,8,0,2,0,0,0,0,0,0,0,0
layer,46,0,45,108,decode,27,8,6,2,989,754,169,345,1,0,1,1287,7,30,0,0,0,0,0,0,60,lru,0,0,0,0,0,0,8,6,8,0,2,0,0,0,0,0,0,0,0
layer,46,0,45,108,decode,28,8,7,1,492,389,157,98,1,0,1,662,7,34,0,0,0,0,0,0,60,lru,0,0,0,0,0,0,8,7,8,0,1,0,0,0,0,0,0,0,0
layer,46,0,45,108,decode,29,8,5,3,1514,1134,161,662,3,0,3,1991,7,9,0,0,0,0,0,0,60,lru,0,0,0,0,0,0,8,5,8,0,3,0,0,0,0,0,0,0,0
layer,46,0,45,108,decode,30,8,6,2,969,742,142,288,3,0,3,1281,7,18,0,0,0,0,0,0,60,lru,0,0,0,0,0,0,8,6,8,0,2,0,0,0,0,0,0,0,0
layer,46,0,45,108,decode,31,8,7,1,495,412,162,169,1,0,1,631,7,32,0,0,0,0,0,0,60,lru,0,0,0,0,0,0,8,7,8,0,1,0,0,0,0,0,0,0,0
layer,46,0,45,108,decode,32,8,7,1,487,371,167,162,1,0,1,707,7,32,0,0,0,0,0,0,60,lru,0,0,0,0,0,0,8,7,8,0,1,0,0,0,0,0,0,0,0
layer,46,0,45,108,decode,33,8,8,0,0,0,183,0,0,0,0,16,7,1,0,0,0,0,0,0,60,lru,0,0,0,0,0,0,8,8,8,0,0,0,0,0,0,0,0,0,0
layer,46,0,45,108,decode,34,8,5,3,1623,1180,159,270,2,0,2,2081,7,14,0,0,0,0,0,0,60,lru,0,0,0,0,0,0,8,5,8,0,3,0,0,0,0,0,0,0,0
layer,46,0,45,108,decode,35,8,8,0,0,0,181,0,0,0,0,17,8,2,0,0,0,0,0,0,60,lru,0,0,0,0,0,0,8,8,8,0,0,0,0,0,0,0,0,0,0
layer,46,0,45,108,decode,36,8,6,2,982,755,156,254,1,0,1,1322,7,20,0,0,0,0,0,0,60,lru,0,0,0,0,0,0,8,6,8,0,2,0,0,0,0,0,0,0,0
layer,46,0,45,108,decode,37,8,6,2,1055,755,164,321,3,0,3,1356,7,21,0,0,0,0,0,0,60,lru,0,0,0,0,0,0,8,6,8,0,2,0,0,0,0,0,0,0,0
layer,46,0,45,108,decode,38,8,8,0,0,0,163,0,0,0,0,17,7,2,0,0,0,0,0,0,60,lru,0,0,0,0,0,0,8,8,8,0,0,0,0,0,0,0,0,0,0
layer,46,0,45,108,decode,39,8,6,2,1135,799,674,238,2,0,2,1361,7,32,0,0,0,0,0,0,60,lru,0,0,0,0,0,0,8,6,8,0,2,0,0,0,0,0,0,0,0
request,46,0,45,0,decode,-1,0,0,0,0,0,0,0,0,0,0,0,0,0,0,0,0,0,0,0,0,,49497,444,0,0,14,0,0,0,0,0,0,0,0,0,0,0,0,0,0
layer,47,0,46,109,decode,0,8,0,8,4203,3029,151,1121,3,0,3,5104,9,26,0,0,0,0,0,0,60,lru,0,0,0,0,0,0,8,0,8,0,8,0,0,0,0,0,0,0,0
layer,47,0,46,109,decode,1,8,1,7,3509,2577,177,963,3,0,3,4313,7,2,0,0,0,0,0,0,60,lru,0,0,0,0,0,0,8,1,8,0,7,0,1,0,0,0,0,0,0
layer,47,0,46,109,decode,2,8,4,4,2000,1475,142,830,3,0,3,2619,7,32,0,0,0,0,0,0,60,lru,0,0,0,0,0,0,8,4,8,0,4,0,1,0,0,0,0,0,0
layer,47,0,46,109,decode,3,8,4,4,2001,1484,171,668,3,0,3,2560,8,29,0,0,0,0,0,0,60,lru,0,0,0,0,0,0,8,4,8,0,4,0,1,0,0,0,0,0,0
layer,47,0,46,109,decode,4,8,5,3,1485,1131,155,499,3,0,3,1868,7,28,0,0,0,0,0,0,60,lru,0,0,0,0,0,0,8,5,8,0,3,0,0,0,0,0,0,0,0
layer,47,0,46,109,decode,5,8,6,2,970,713,162,512,3,0,3,1261,7,11,0,0,0,0,0,0,60,lru,0,0,0,0,0,0,8,6,8,0,2,0,0,0,0,0,0,0,0
layer,47,0,46,109,decode,6,8,7,1,489,351,145,149,2,0,2,650,7,9,0,0,0,0,0,0,60,lru,0,0,0,0,0,0,8,7,8,0,1,0,0,0,0,0,0,0,0
layer,47,0,46,109,decode,7,8,8,0,0,0,182,0,0,0,0,18,7,2,0,0,0,0,0,0,60,lru,0,0,0,0,0,0,8,8,8,0,0,0,0,0,0,0,0,0,0
layer,47,0,46,109,decode,8,8,8,0,0,0,175,0,0,0,0,15,6,1,0,0,0,0,0,0,60,lru,0,0,0,0,0,0,8,8,8,0,0,0,0,0,0,0,0,0,0
layer,47,0,46,109,decode,9,8,6,2,999,761,162,409,3,0,3,1292,7,19,0,0,0,0,0,0,60,lru,0,0,0,0,0,0,8,6,8,0,2,0,0,0,0,0,0,0,0
layer,47,0,46,109,decode,10,8,6,2,1016,752,143,204,3,0,3,1295,7,30,0,0,0,0,0,0,60,lru,0,0,0,0,0,0,8,6,8,0,2,0,0,0,0,0,0,0,0
layer,47,0,46,109,decode,11,8,7,1,469,392,163,160,2,0,2,671,7,34,0,0,0,0,0,0,60,lru,0,0,0,0,0,0,8,7,8,0,1,0,1,0,0,0,0,0,0
layer,47,0,46,109,decode,12,8,8,0,0,0,176,0,0,0,0,18,8,1,0,0,0,0,0,0,60,lru,0,0,0,0,0,0,8,8,8,0,0,0,0,0,0,0,0,0,0
layer,47,0,46,109,decode,13,8,7,1,485,379,173,160,2,0,2,678,7,32,0,0,0,0,0,0,60,lru,0,0,0,0,0,0,8,7,8,0,1,0,0,0,0,0,0,0,0
layer,47,0,46,109,decode,14,8,5,3,1497,1111,154,642,3,0,3,2025,7,2,0,0,0,0,0,0,60,lru,0,0,0,0,0,0,8,5,8,0,3,0,0,0,0,0,0,0,0
layer,47,0,46,109,decode,15,8,8,0,0,0,182,0,0,0,0,17,7,1,0,0,0,0,0,0,60,lru,0,0,0,0,0,0,8,8,8,0,0,0,0,0,0,0,0,0,0
layer,47,0,46,109,decode,16,8,8,0,0,0,174,0,0,0,0,15,6,1,0,0,0,0,0,0,60,lru,0,0,0,0,0,0,8,8,8,0,0,0,0,0,0,0,0,0,0
layer,47,0,46,109,decode,17,8,6,2,1057,750,161,244,3,0,3,1322,6,20,0,0,0,0,0,0,60,lru,0,0,0,0,0,0,8,6,8,0,2,0,0,0,0,0,0,0,0
layer,47,0,46,109,decode,18,8,6,2,1033,738,144,347,3,0,3,1384,7,7,0,0,0,0,0,0,60,lru,0,0,0,0,0,0,8,6,8,0,2,0,0,0,0,0,0,0,0
layer,47,0,46,109,decode,19,8,7,1,501,388,169,167,2,0,2,683,9,34,0,0,0,0,0,0,60,lru,0,0,0,0,0,0,8,7,8,0,1,0,3,0,0,0,0,0,0
layer,47,0,46,109,decode,20,8,6,2,1002,759,153,251,2,0,2,1343,8,26,0,0,0,0,0,0,60,lru,0,0,0,0,0,0,8,6,8,0,2,0,0,0,0,0,0,0,0
layer,47,0,46,109,decode,21,8,7,1,470,380,163,159,2,0,2,687,7,24,0,0,0,0,0,0,60,lru,0,0,0,0,0,0,8,7,8,0,1,0,0,0,0,0,0,0,0
layer,47,0,46,109,decode,22,8,5,3,1552,1129,157,625,3,0,3,1999,7,2,0,0,0,0,0,0,60,lru,0,0,0,0,0,0,8,5,8,0,3,0,0,0,0,0,0,0,0
layer,47,0,46,109,decode,23,8,7,1,498,392,161,258,2,0,2,712,7,23,0,0,0,0,0,0,60,lru,0,0,0,0,0,0,8,7,8,0,1,0,0,0,0,0,0,0,0
layer,47,0,46,109,decode,24,8,7,1,486,381,155,71,2,0,2,678,7,28,0,0,0,0,0,0,60,lru,0,0,0,0,0,0,8,7,8,0,1,0,0,0,0,0,0,0,0
layer,47,0,46,109,decode,25,8,7,1,502,384,163,78,2,0,2,655,7,25,0,0,0,0,0,0,60,lru,0,0,0,0,0,0,8,7,8,0,1,0,0,0,0,0,0,0,0
layer,47,0,46,109,decode,26,8,7,1,502,380,154,187,1,0,1,758,7,27,0,0,0,0,0,0,60,lru,0,0,0,0,0,0,8,7,8,0,1,0,0,0,0,0,0,0,0
layer,47,0,46,109,decode,27,8,6,2,980,750,180,418,2,0,2,1314,7,2,0,0,0,0,0,0,60,lru,0,0,0,0,0,0,8,6,8,0,2,0,0,0,0,0,0,0,0
layer,47,0,46,109,decode,28,8,7,1,484,359,156,124,1,0,1,667,7,21,0,0,0,0,0,0,60,lru,0,0,0,0,0,0,8,7,8,0,1,0,0,0,0,0,0,0,0
layer,47,0,46,109,decode,29,8,4,4,2028,1519,160,602,3,0,3,2542,7,25,0,0,0,0,0,0,60,lru,0,0,0,0,0,0,8,4,8,0,4,0,0,0,0,0,0,0,0
layer,47,0,46,109,decode,30,8,4,4,1996,1483,157,744,3,0,3,2561,8,2,0,0,0,0,0,0,60,lru,0,0,0,0,0,0,8,4,8,0,4,0,0,0,0,0,0,0,0
layer,47,0,46,109,decode,31,8,5,3,1483,1146,160,416,3,0,3,1909,8,22,0,0,0,0,0,0,60,lru,0,0,0,0,0,0,8,5,8,0,3,0,0,0,0,0,0,0,0
layer,47,0,46,109,decode,32,8,2,6,3022,2271,160,1140,3,0,3,3878,7,24,0,0,0,0,0,0,60,lru,0,0,0,0,0,0,8,2,8,0,6,0,0,0,0,0,0,0,0
layer,47,0,46,109,decode,33,8,1,7,3612,2647,158,1001,3,0,3,4436,7,32,0,0,0,0,0,0,60,lru,0,0,0,0,0,0,8,1,8,0,7,0,0,0,0,0,0,0,0
layer,47,0,46,109,decode,34,8,4,4,2142,1578,144,604,2,0,2,2678,7,33,0,0,0,0,0,0,60,lru,0,0,0,0,0,0,8,4,8,0,4,0,0,0,0,0,0,0,0
layer,47,0,46,109,decode,35,8,5,3,1518,1137,181,513,2,0,2,1883,10,15,0,0,0,0,0,0,60,lru,0,0,0,0,0,0,8,5,8,0,3,0,0,0,0,0,0,0,0
layer,47,0,46,109,decode,36,8,2,6,3049,2254,152,1093,2,0,2,3783,7,19,0,0,0,0,0,0,60,lru,0,0,0,0,0,0,8,2,8,0,6,0,0,0,0,0,0,0,0
layer,47,0,46,109,decode,37,8,1,7,3705,2629,172,956,3,0,3,4493,7,33,0,0,0,0,0,0,60,lru,0,0,0,0,0,0,8,1,8,0,7,0,0,0,0,0,0,0,0
layer,47,0,46,109,decode,38,8,1,7,3877,2747,144,1117,2,0,2,4727,7,36,0,0,0,0,0,0,60,lru,0,0,0,0,0,0,8,1,8,0,7,0,1,0,0,0,0,0,0
layer,47,0,46,109,decode,39,8,0,8,4417,3187,683,1159,1,0,1,5376,7,10,0,0,0,0,0,0,60,lru,0,0,0,0,0,0,8,0,8,0,8,0,1,0,0,0,0,0,0
request,47,0,46,0,decode,-1,0,0,0,0,0,0,0,0,0,0,0,0,0,0,0,0,0,0,0,0,,83581,656,0,0,22,0,0,0,0,0,0,0,0,0,0,0,0,0,0
layer,48,0,47,110,decode,0,8,0,8,4148,3028,168,1183,2,0,2,5114,10,34,0,0,0,0,0,0,60,lru,0,0,0,0,0,0,8,0,8,0,8,0,1,0,0,0,0,0,0
layer,48,0,47,110,decode,1,8,0,8,3991,2940,158,1391,2,0,2,4984,8,19,0,0,0,0,0,0,60,lru,0,0,0,0,0,0,8,0,8,0,8,0,1,0,0,0,0,0,0
layer,48,0,47,110,decode,2,8,5,3,1527,1112,156,433,2,0,2,1958,7,2,0,0,0,0,0,0,60,lru,0,0,0,0,0,0,8,5,8,0,3,0,1,0,0,0,0,0,0
layer,48,0,47,110,decode,3,8,2,6,2979,2243,163,977,2,0,2,3741,7,31,0,0,0,0,0,0,60,lru,0,0,0,0,0,0,8,2,8,0,6,0,0,0,0,0,0,0,0
layer,48,0,47,110,decode,4,8,0,8,4031,2971,166,1486,3,0,3,4998,7,16,0,0,0,0,0,0,60,lru,0,0,0,0,0,0,8,0,8,0,8,0,1,0,0,0,0,0,0
layer,48,0,47,110,decode,5,8,2,6,2976,2249,167,906,3,0,3,3728,7,18,0,0,0,0,0,0,60,lru,0,0,0,0,0,0,8,2,8,0,6,0,0,0,0,0,0,0,0
layer,48,0,47,110,decode,6,8,5,3,1499,1130,157,513,2,0,2,1957,7,2,0,0,0,0,0,0,60,lru,0,0,0,0,0,0,8,5,8,0,3,0,0,0,0,0,0,0,0
layer,48,0,47,110,decode,7,8,6,2,984,749,172,330,2,0,2,1309,7,19,0,0,0,0,0,0,60,lru,0,0,0,0,0,0,8,6,8,0,2,0,1,0,0,0,0,0,0
layer,48,0,47,110,decode,8,8,8,0,0,0,176,0,0,0,0,17,6,2,0,0,0,0,0,0,60,lru,0,0,0,0,0,0,8,8,8,0,0,0,1,0,0,0,0,0,0
layer,48,0,47,110,decode,9,8,7,1,497,389,182,202,2,0,2,727,6,16,0,0,0,0,0,0,60,lru,0,0,0,0,0,0,8,7,8,0,1,0,0,0,0,0,0,0,0
layer,48,0,47,110,decode,10,8,5,3,1510,1140,151,492,4,0,4,1910,7,29,0,0,0,0,0,0,60,lru,0,0,0,0,0,0,8,5,8,0,3,0,0,0,0,0,0,0,0
layer,48,0,47,110,decode,11,8,6,2,979,749,162,366,3,0,3,1386,7,33,0,0,0,0,0,0,60,lru,0,0,0,0,0,0,8,6,8,0,2,0,1,0,0,0,0,0,0
layer,48,0,47,110,decode,12,8,7,1,479,390,154,56,2,0,2,650,7,33,0,0,0,0,0,0,60,lru,0,0,0,0,0,0,8,7,8,0,1,0,0,0,0,0,0,0,0
layer,48,0,47,110,decode,13,8,7,1,480,380,166,207,2,0,2,698,7,33,0,0,0,0,0,0,60,lru,0,0,0,0,0,0,8,7,8,0,1,0,0,0,0,0,0,0,0
layer,48,0,47,110,decode,14,8,8,0,0,0,159,0,0,0,0,19,7,2,0,0,0,0,0,0,60,lru,0,0,0,0,0,0,8,8,8,0,0,0,0,0,0,0,0,0,0
layer,48,0,47,110,decode,15,8,7,1,470,370,176,229,3,0,3,729,7,22,0,0,0,0,0,0,60,lru,0,0,0,0,0,0,8,7,8,0,1,0,0,0,0,0,0,0,0
layer,48,0,47,110,decode,16,8,7,1,479,378,159,142,2,0,2,662,7,30,0,0,0,0,0,0,60,lru,0,0,0,0,0,0,8,7,8,0,1,0,0,0,0,0,0,0,0
layer,48,0,47,110,decode,17,8,6,2,997,767,181,345,3,0,3,1303,7,27,0,0,0,0,0,0,60,lru,0,0,0,0,0,0,8,6,8,0,2,0,0,0,0,0,0,0,0
layer,48,0,47,110,decode,18,8,5,3,1500,1112,160,457,3,0,3,1998,7,2,0,0,0,0,0,0,60,lru,0,0,0,0,0,0,8,5,8,0,3,0,0,0,0,0,0,0,0
layer,48,0,47,110,decode,19,8,6,2,958,740,161,388,3,0,3,1331,9,28,0,0,0,0,0,0,60,lru,0,0,0,0,0,0,8,6,8,0,2,0,0,0,0,0,0,0,0
layer,48,0,47,110,decode,20,8,7,1,463,374,156,107,1,0,1,676,7,29,0,0,0,0,0,0,60,lru,0,0,0,0,0,0,8,7,8,0,1,0,0,0,0,0,0,0,0
layer,48,0,47,110,decode,21,8,8,0,0,0,183,0,0,0,0,16,7,1,0,0,0,0,0,0,60,lru,0,0,0,0,0,0,8,8,8,0,0,0,0,0,0,0,0,0,0
layer,48,0,47,110,decode,22,8,5,3,1546,1118,143,477,3,0,3,2055,7,32,0,0,0,0,0,0,60,lru,0,0,0,0,0,0,8,5,8,0,3,0,0,0,0,0,0,0,0
layer,48,0,47,110,decode,23,8,4,4,1984,1533,180,574,3,0,3,2522,8,28,0,0,0,0,0,0,60,lru,0,0,0,0,0,0,8,4,8,0,4,0,0,0,0,0,0,0,0
layer,48,0,47,110,decode,24,8,8,0,0,0,176,0,0,0,0,17,7,1,0,0,0,0,0,0,60,lru,0,0,0,0,0,0,8,8,8,0,0,0,0,0,0,0,0,0,0
layer,48,0,47,110,decode,25,8,5,3,1514,1147,173,599,3,0,3,1949,6,14,0,0,0,0,0,0,60,lru,0,0,0,0,0,0,8,5,8,0,3,0,0,0,0,0,0,0,0
layer,48,0,47,110,decode,26,8,7,1,504,380,153,213,1,0,1,738,7,31,0,0,0,0,0,0,60,lru,0,0,0,0,0,0,8,7,8,0,1,0,0,0,0,0,0,0,0
layer,48,0,47,110,decode,27,8,7,1,486,390,172,182,2,0,2,710,7,21,0,0,0,0,0,0,60,lru,0,0,0,0,0,0,8,7,8,0,1,0,0,0,0,0,0,0,0
layer,48,0,47,110,decode,28,8,6,2,986,773,157,220,1,0,1,1267,6,27,0,0,0,0,0,0,60,lru,0,0,0,0,0,0,8,6,8,0,2,0,0,0,0,0,0,0,0
layer,48,0,47,110,decode,29,8,6,2,996,749,160,281,2,0,2,1323,7,18,0,0,0,0,0,0,60,lru,0,0,0,0,0,0,8,6,8,0,2,0,0,0,0,0,0,0,0
layer,48,0,47,110,decode,30,8,7,1,476,377,144,91,2,0,2,665,7,30,0,0,0,0,0,0,60,lru,0,0,0,0,0,0,8,7,8,0,1,0,0,0,0,0,0,0,0
layer,48,0,47,110,decode,31,8,7,1,495,391,174,129,1,0,1,695,7,14,0,0,0,0,0,0,60,lru,0,0,0,0,0,0,8,7,8,0,1,0,0,0,0,0,0,0,0
layer,48,0,47,110,decode,32,8,6,2,990,762,156,354,2,0,2,1281,8,32,0,0,0,0,0,0,60,lru,0,0,0,0,0,0,8,6,8,0,2,0,0,0,0,0,0,0,0
layer,48,0,47,110,decode,33,8,7,1,503,384,183,108,2,0,2,696,7,13,0,0,0,0,0,0,60,lru,0,0,0,0,0,0,8,7,8,0,1,0,0,0,0,0,0,0,0
layer,48,0,47,110,decode,34,8,6,2,1056,785,159,399,2,0,2,1368,7,6,0,0,0,0,0,0,60,lru,0,0,0,0,0,0,8,6,8,0,2,0,0,0,0,0,0,0,0
layer,48,0,47,110,decode,35,8,5,3,1525,1155,164,549,3,0,3,1935,7,18,0,0,0,0,0,0,60,lru,0,0,0,0,0,0,8,5,8,0,3,0,0,0,0,0,0,0,0
layer,48,0,47,110,decode,36,8,5,3,1523,1114,154,491,3,0,3,1967,7,24,0,0,0,0,0,0,60,lru,0,0,0,0,0,0,8,5,8,0,3,0,0,0,0,0,0,0,0
layer,48,0,47,110,decode,37,8,4,4,2096,1483,173,752,3,0,3,2684,7,32,0,0,0,0,0,0,60,lru,0,0,0,0,0,0,8,4,8,0,4,0,0,0,0,0,0,0,0
layer,48,0,47,110,decode,38,8,3,5,2694,2011,142,683,2,0,2,3258,7,24,0,0,0,0,0,0,60,lru,0,0,0,0,0,0,8,3,8,0,5,0,0,0,0,0,0,0,0
layer,48,0,47,110,decode,39,8,3,5,2774,1967,673,761,2,0,2,3451,7,35,0,0,0,0,0,0,60,lru,0,0,0,0,0,0,8,3,8,0,5,0,1,0,0,0,0,0,0
request,48,0,47,0,decode,-1,0,0,0,0,0,0,0,0,0,0,0,0,0,0,0,0,0,0,0,0,,77040,625,0,0,19,0,0,0,0,0,0,0,0,0,0,0,0,0,0
layer,49,0,48,111,decode,0,8,3,5,2639,1864,175,800,2,0,2,3271,9,3,0,0,0,0,0,0,60,lru,0,0,0,0,0,0,8,3,8,0,5,0,1,0,0,0,0,0,0
layer,49,0,48,111,decode,1,8,5,3,1493,1074,187,410,2,0,2,1934,8,2,0,0,0,0,0,0,60,lru,0,0,0,0,0,0,8,5,8,0,3,0,1,0,0,0,0,0,0
layer,49,0,48,111,decode,2,8,5,3,1533,1144,148,498,2,0,2,1919,7,33,0,0,0,0,0,0,60,lru,0,0,0,0,0,0,8,5,8,0,3,0,0,0,0,0,0,0,0
layer,49,0,48,111,decode,3,8,7,1,498,377,163,132,2,0,2,651,7,28,0,0,0,0,0,0,60,lru,0,0,0,0,0,0,8,7,8,0,1,0,0,0,0,0,0,0,0
layer,49,0,48,111,decode,4,8,2,6,3000,2229,163,1145,2,0,2,3807,7,34,0,0,0,0,0,0,60,lru,0,0,0,0,0,0,8,2,8,0,6,0,0,0,0,0,0,0,0
layer,49,0,48,111,decode,5,8,2,6,2964,2255,167,1077,3,0,3,3625,7,16,0,0,0,0,0,0,60,lru,0,0,0,0,0,0,8,2,8,0,6,0,1,0,0,0,0,0,0
layer,49,0,48,111,decode,6,8,2,6,2996,2238,138,768,3,0,3,3765,7,17,0,0,0,0,0,0,60,lru,0,0,0,0,0,0,8,2,8,0,6,0,0,0,0,0,0,0,0
layer,49,0,48,111,decode,7,8,5,3,1489,1140,167,291,3,0,3,1872,7,22,0,0,0,0,0,0,60,lru,0,0,0,0,0,0,8,5,8,0,3,0,1,0,0,0,0,0,0
layer,49,0,48,111,decode,8,8,8,0,0,0,177,0,0,0,0,18,7,2,0,0,0,0,0,0,60,lru,0,0,0,0,0,0,8,8,8,0,0,0,0,0,0,0,0,0,0
layer,49,0,48,111,decode,9,8,7,1,476,391,163,148,2,0,2,670,7,32,0,0,0,0,0,0,60,lru,0,0,0,0,0,0,8,7,8,0,1,0,0,0,0,0,0,0,0
layer,49,0,48,111,decode,10,8,5,3,1517,1128,155,490,4,0,4,1934,7,2,0,0,0,0,0,0,60,lru,0,0,0,0,0,0,8,5,8,0,3,0,0,0,0,0,0,0,0
layer,49,0,48,111,decode,11,8,5,3,1527,1123,182,484,3,0,3,1908,7,2,0,0,0,0,0,0,60,lru,0,0,0,0,0,0,8,5,8,0,3,0,0,0,0,0,0,0,0
layer,49,0,48,111,decode,12,8,6,2,970,752,159,359,3,0,3,1343,7,18,0,0,0,0,0,0,60,lru,0,0,0,0,0,0,8,6,8,0,2,0,0,0,0,0,0,0,0
layer,49,0,48,111,decode,13,8,7,1,587,376,163,151,2,0,2,749,7,27,0,0,0,0,0,0,60,lru,0,0,0,0,0,0,8,7,8,0,1,0,0,0,0,0,0,0,0
layer,49,0,48,111,decode,14,8,8,0,0,0,160,0,0,0,0,17,7,2,0,0,0,0,0,0,60,lru,0,0,0,0,0,0,8,8,8,0,0,0,0,0,0,0,0,0,0
layer,49,0,48,111,decode,15,8,7,1,484,385,183,212,2,0,2,726,7,2,0,0,0,0,0,0,60,lru,0,0,0,0,0,0,8,7,8,0,1,0,0,0,0,0,0,0,0
layer,49,0,48,111,decode,16,8,8,0,0,0,176,0,0,0,0,18,7,2,0,0,0,0,0,0,60,lru,0,0,0,0,0,0,8,8,8,0,0,0,0,0,0,0,0,0,0
layer,49,0,48,111,decode,17,8,8,0,0,0,184,0,0,0,0,15,6,1,0,0,0,0,0,0,60,lru,0,0,0,0,0,0,8,8,8,0,0,0,0,0,0,0,0,0,0
layer,49,0,48,111,decode,18,8,7,1,483,385,143,77,3,0,3,650,6,31,0,0,0,0,0,0,60,lru,0,0,0,0,0,0,8,7,8,0,1,0,0,0,0,0,0,0,0
layer,49,0,48,111,decode,19,8,7,1,480,371,181,181,2,0,2,705,7,2,0,0,0,0,0,0,60,lru,0,0,0,0,0,0,8,7,8,0,1,0,0,0,0,0,0,0,0
layer,49,0,48,111,decode,20,8,7,1,496,370,167,155,2,0,2,688,7,24,0,0,0,0,0,0,60,lru,0,0,0,0,0,0,8,7,8,0,1,0,0,0,0,0,0,0,0
layer,49,0,48,111,decode,21,8,8,0,0,0,186,0,0,0,0,16,7,1,0,0,0,0,0,0,60,lru,0,0,0,0,0,0,8,8,8,0,0,0,0,0,0,0,0,0,0
layer,49,0,48,111,decode,22,8,5,3,1520,1130,157,502,3,0,3,2012,8,10,0,0,0,0,0,0,60,lru,0,0,0,0,0,0,8,5,8,0,3,0,0,0,0,0,0,0,0
layer,49,0,48,111,decode,23,8,5,3,1459,1127,181,397,3,0,3,1941,8,14,0,0,0,0,0,0,60,lru,0,0,0,0,0,0,8,5,8,0,3,0,0,0,0,0,0,0,0
layer,49,0,48,111,decode,24,8,5,3,1456,1119,154,315,2,0,2,1936,7,30,0,0,0,0,0,0,60,lru,0,0,0,0,0,0,8,5,8,0,3,0,1,0,0,0,0,0,0
layer,49,0,48,111,decode,25,8,6,2,991,756,161,372,2,0,2,1266,7,18,0,0,0,0,0,0,60,lru,0,0,0,0,0,0,8,6,8,0,2,0,0,0,0,0,0,0,0
layer,49,0,48,111,decode,26,8,6,2,1031,755,144,292,2,0,2,1329,7,26,0,0,0,0,0,0,60,lru,0,0,0,0,0,0,8,6,8,0,2,0,0,0,0,0,0,0,0
layer,49,0,48,111,decode,27,8,7,1,483,389,160,189,2,0,2,656,7,22,0,0,0,0,0,0,60,lru,0,0,0,0,0,0,8,7,8,0,1,0,0,0,0,0,0,0,0
layer,49,0,48,111,decode,28,8,5,3,1497,1131,167,502,3,0,3,1995,7,29,0,0,0,0,0,0,60,lru,0,0,0,0,0,0,8,5,8,0,3,0,0,0,0,0,0,0,0
layer,49,0,48,111,decode,29,8,7,1,540,359,173,148,2,0,2,754,7,27,0,0,0,0,0,0,60,lru,0,0,0,0,0,0,8,7,8,0,1,0,1,0,0,0,0,0,0
layer,49,0,48,111,decode,30,8,7,1,480,385,145,121,2,0,2,645,7,19,0,0,0,0,0,0,60,lru,0,0,0,0,0,0,8,7,8,0,1,0,0,0,0,0,0,0,0
layer,49,0,48,111,decode,31,8,6,2,994,759,162,343,2,0,2,1320,7,32,0,0,0,0,0,0,60,lru,0,0,0,0,0,0,8,6,8,0,2,0,0,0,0,0,0,0,0
layer,49,0,48,111,decode,32,8,7,1,491,393,155,95,2,0,2,669,7,20,0,0,0,0,0,0,60,lru,0,0,0,0,0,0,8,7,8,0,1,0,0,0,0,0,0,0,0
layer,49,0,48,111,decode,33,8,6,2,1025,774,162,406,2,0,2,1283,7,20,0,0,0,0,0,0,60,lru,0,0,0,0,0,0,8,6,8,0,2,0,0,0,0,0,0,0,0
layer,49,0,48,111,decode,34,8,7,1,511,400,146,136,2,0,2,721,7,33,0,0,0,0,0,0,60,lru,0,0,0,0,0,0,8,7,8,0,1,0,0,0,0,0,0,0,0
layer,49,0,48,111,decode,35,8,6,2,1023,771,162,450,3,0,3,1323,7,23,0,0,0,0,0,0,60,lru,0,0,0,0,0,0,8,6,8,0,2,0,0,0,0,0,0,0,0
layer,49,0,48,111,decode,36,8,7,1,494,373,177,112,2,0,2,714,7,9,0,0,0,0,0,0,60,lru,0,0,0,0,0,0,8,7,8,0,1,0,0,0,0,0,0,0,0
layer,49,0,48,111,decode,37,8,7,1,516,386,164,174,1,0,1,684,7,20,0,0,0,0,0,0,60,lru,0,0,0,0,0,0,8,7,8,0,1,0,0,0,0,0,0,0,0
layer,49,0,48,111,decode,38,8,7,1,538,381,155,156,2,0,2,774,7,31,0,0,0,0,0,0,60,lru,0,0,0,0,0,0,8,7,8,0,1,0,0,0,0,0,0,0,0
layer,49,0,48,111,decode,39,8,6,2,1073,799,674,246,2,0,2,1301,7,30,0,0,0,0,0,0,60,lru,0,0,0,0,0,0,8,6,8,0,2,0,0,0,0,0,0,0,0
request,49,0,48,0,decode,-1,0,0,0,0,0,0,0,0,0,0,0,0,0,0,0,0,0,0,0,0,,60377,519,0,0,20,0,0,0,0,0,0,0,0,0,0,0,0,0,0
layer,50,0,49,112,decode,0,8,3,5,2555,1891,163,652,2,0,2,3163,9,54,0,0,0,0,0,0,60,lru,0,0,0,0,0,0,8,3,8,0,5,0,1,0,0,0,0,0,0
layer,50,0,49,112,decode,1,8,1,7,3575,2628,157,1116,2,0,2,4423,8,26,0,0,0,0,0,0,60,lru,0,0,0,0,0,0,8,1,8,0,7,0,1,0,0,0,0,0,0
layer,50,0,49,112,decode,2,8,1,7,3501,2615,140,954,3,0,3,4328,7,23,0,0,0,0,0,0,60,lru,0,0,0,0,0,0,8,1,8,0,7,0,1,0,0,0,0,0,0
layer,50,0,49,112,decode,3,8,1,7,3487,2608,157,1075,3,0,3,4348,7,29,0,0,0,0,0,0,60,lru,0,0,0,0,0,0,8,1,8,0,7,0,0,0,0,0,0,0,0
layer,50,0,49,112,decode,4,8,2,6,3033,2221,154,1041,2,0,2,3849,7,32,0,0,0,0,0,0,60,lru,0,0,0,0,0,0,8,2,8,0,6,0,0,0,0,0,0,0,0
layer,50,0,49,112,decode,5,8,3,5,2481,1875,157,568,3,0,3,3028,7,32,0,0,0,0,0,0,60,lru,0,0,0,0,0,0,8,3,8,0,5,0,1,0,0,0,0,0,0
layer,50,0,49,112,decode,6,8,7,1,500,377,152,206,2,0,2,729,7,25,0,0,0,0,0,0,60,lru,0,0,0,0,0,0,8,7,8,0,1,0,1,0,0,0,0,0,0
layer,50,0,49,112,decode,7,8,5,3,1474,1137,180,657,3,0,3,1901,7,2,0,0,0,0,0,0,60,lru,0,0,0,0,0,0,8,5,8,0,3,0,0,0,0,0,0,0,0
layer,50,0,49,112,decode,8,8,7,1,496,388,176,228,2,0,2,699,7,7,0,0,0,0,0,0,60,lru,0,0,0,0,0,0,8,7,8,0,1,0,0,0,0,0,0,0,0
layer,50,0,49,112,decode,9,8,8,0,0,0,184,0,0,0,0,18,7,2,0,0,0,0,0,0,60,lru,0,0,0,0,0,0,8,8,8,0,0,0,0,0,0,0,0,0,0
layer,50,0,49,112,decode,10,8,6,2,1002,766,151,322,4,0,4,1279,6,20,0,0,0,0,0,0,60,lru,0,0,0,0,0,0,8,6,8,0,2,0,0,0,0,0,0,0,0
layer,50,0,49,112,decode,11,8,3,5,2539,1864,177,769,3,0,3,3223,8,2,0,0,0,0,0,0,60,lru,0,0,0,0,0,0,8,3,8,0,5,0,0,0,0,0,0,0,0
layer,50,0,49,112,decode,12,8,5,3,1502,1167,181,538,3,0,3,1883,7,2,0,0,0,0,0,0,60,lru,0,0,0,0,0,0,8,5,8,0,3,0,1,0,0,0,0,0,0
layer,50,0,49,112,decode,13,8,6,2,1056,732,179,334,3,0,3,1409,7,2,0,0,0,0,0,0,60,lru,0,0,0,0,0,0,8,6,8,0,2,0,1,0,0,0,0,0,0
layer,50,0,49,112,decode,14,8,5,3,1554,1120,143,454,3,0,3,1971,7,32,0,0,0,0,0,0,60,lru,0,0,0,0,0,0,8,5,8,0,3,0,0,0,0,0,0,0,0
layer,50,0,49,112,decode,15,8,7,1,561,376,161,112,2,0,2,784,7,32,0,0,0,0,0,0,60,lru,0,0,0,0,0,0,8,7,8,0,1,0,0,0,0,0,0,0,0
layer,50,0,49,112,decode,16,8,5,3,1465,1105,160,572,3,0,3,2030,7,19,0,0,0,0,0,0,60,lru,0,0,0,0,0,0,8,5,8,0,3,0,0,0,0,0,0,0,0
layer,50,0,49,112,decode,17,8,5,3,1515,1149,174,380,3,0,3,1865,7,14,0,0,0,0,0,0,60,lru,0,0,0,0,0,0,8,5,8,0,3,0,0,0,0,0,0,0,0
layer,50,0,49,112,decode,18,8,7,1,489,377,143,230,3,0,3,679,7,18,0,0,0,0,0,0,60,lru,0,0,0,0,0,0,8,7,8,0,1,0,0,0,0,0,0,0,0
layer,50,0,49,112,decode,19,8,6,2,1027,750,180,189,3,0,3,1302,7,2,0,0,0,0,0,0,60,lru,0,0,0,0,0,0,8,6,8,0,2,0,0,0,0,0,0,0,0
layer,50,0,49,112,decode,20,8,6,2,979,749,177,443,3,0,3,1336,7,3,0,0,0,0,0,0,60,lru,0,0,0,0,0,0,8,6,8,0,2,0,1,0,0,0,0,0,0
layer,50,0,49,112,decode,21,8,5,3,1491,1149,160,395,2,0,2,1845,7,31,0,0,0,0,0,0,60,lru,0,0,0,0,0,0,8,5,8,0,3,0,0,0,0,0,0,0,0
layer,50,0,49,112,decode,22,8,4,4,2300,1499,143,575,3,0,3,2794,7,34,0,0,0,0,0,0,60,lru,0,0,0,0,0,0,8,4,8,0,4,0,0,0,0,0,0,0,0
layer,50,0,49,112,decode,23,8,4,4,2029,1513,179,619,3,0,3,2538,7,16,0,0,0,0,0,0,60,lru,0,0,0,0,0,0,8,4,8,0,4,0,0,0,0,0,0,0,0
layer,50,0,49,112,decode,24,8,5,3,1479,1162,154,291,1,0,1,1843,7,20,0,0,0,0,0,0,60,lru,0,0,0,0,0,0,8,5,8,0,3,0,0,0,0,0,0,0,0
layer,50,0,49,112,decode,25,8,6,2,1012,778,182,341,2,0,2,1341,7,2,0,0,0,0,0,0,60,lru,0,0,0,0,0,0,8,6,8,0,2,0,0,0,0,0,0,0,0
layer,50,0,49,112,decode,26,8,4,4,2080,1480,157,649,2,0,2,2696,7,2,0,0,0,0,0,0,60,lru,0,0,0,0,0,0,8,4,8,0,4,0,0,0,0,0,0,0,0
layer,50,0,49,112,decode,27,8,5,3,1492,1147,182,578,3,0,3,1923,8,2,0,0,0,0,0,0,60,lru,0,0,0,0,0,0,8,5,8,0,3,0,0,0,0,0,0,0,0
layer,50,0,49,112,decode,28,8,6,2,977,753,176,454,3,0,3,1343,7,2,0,0,0,0,0,0,60,lru,0,0,0,0,0,0,8,6,8,0,2,0,0,0,0,0,0,0,0
layer,50,0,49,112,decode,29,8,5,3,1505,1113,181,569,3,0,3,1992,7,2,0,0,0,0,0,0,60,lru,0,0,0,0,0,0,8,5,8,0,3,0,0,0,0,0,0,0,0
layer,50,0,49,112,decode,30,8,6,2,955,753,141,272,3,0,3,1288,7,21,0,0,0,0,0,0,60,lru,0,0,0,0,0,0,8,6,8,0,2,0,0,0,0,0,0,0,0
layer,50,0,49,112,decode,31,8,5,3,1591,1108,172,433,3,0,3,2043,7,30,0,0,0,0,0,0,60,lru,0,0,0,0,0,0,8,5,8,0,3,0,0,0,0,0,0,0,0
layer,50,0,49,112,decode,32,8,1,7,3492,2683,165,979,2,0,2,4307,7,28,0,0,0,0,0,0,60,lru,0,0,0,0,0,0,8,1,8,0,7,0,0,0,0,0,0,0,0
layer,50,0,49,112,decode,33,8,4,4,2011,1474,162,612,3,0,3,2654,7,28,0,0,0,0,0,0,60,lru,0,0,0,0,0,0,8,4,8,0,4,0,0,0,0,0,0,0,0
layer,50,0,49,112,decode,34,8,2,6,3215,2419,139,738,2,0,2,3916,7,31,0,0,0,0,0,0,60,lru,0,0,0,0,0,0,8,2,8,0,6,0,0,0,0,0,0,0,0
layer,50,0,49,112,decode,35,8,5,3,1514,1128,178,604,3,0,3,1961,7,11,0,0,0,0,0,0,60,lru,0,0,0,0,0,0,8,5,8,0,3,0,1,0,0,0,0,0,0
layer,50,0,49,112,decode,36,8,5,3,1534,1163,174,614,3,0,3,1900,7,12,0,0,0,0,0,0,60,lru,0,0,0,0,0,0,8,5,8,0,3,0,0,0,0,0,0,0,0
layer,50,0,49,112,decode,37,8,5,3,1564,1113,182,483,3,0,3,2045,7,2,0,0,0,0,0,0,60,lru,0,0,0,0,0,0,8,5,8,0,3,0,0,0,0,0,0,0,0
layer,50,0,49,112,decode,38,8,6,2,1063,803,151,407,2,0,2,1377,7,18,0,0,0,0,0,0,60,lru,0,0,0,0,0,0,8,6,8,0,2,0,0,0,0,0,0,0,0
layer,50,0,49,112,decode,39,8,4,4,2193,1577,684,613,2,0,2,2788,7,11,0,0,0,0,0,0,60,lru,0,0,0,0,0,0,8,4,8,0,4,0,0,0,0,0,0,0,0
request,50,0,49,0,decode,-1,0,0,0,0,0,0,0,0,0,0,0,0,0,0,0,0,0,0,0,0,,95795,1048,0,0,26,0,0,0,0,0,0,0,0,0,0,0,0,0,0
layer,51,0,50,113,decode,0,8,0,8,4141,3010,184,1404,11,0,11,5172,13,28,0,0,0,0,0,0,60,lru,0,0,0,0,0,0,8,0,8,0,8,0,1,0,0,0,0,0,0
layer,51,0,50,113,decode,1,8,2,6,3012,2258,159,1038,9,0,9,3772,16,13,0,0,0,0,0,0,60,lru,0,0,0,0,0,0,8,2,8,0,6,0,1,0,0,0,0,0,0
layer,51,0,50,113,decode,2,8,5,3,1495,1113,147,512,4,0,4,1887,7,33,0,0,0,0,0,0,60,lru,0,0,0,0,0,0,8,5,8,0,3,0,1,0,0,0,0,0,0
layer,51,0,50,113,decode,3,8,2,6,3009,2236,189,735,5,0,5,3714,7,8,0,0,0,0,0,0,60,lru,0,0,0,0,0,0,8,2,8,0,6,0,0,0,0,0,0,0,0
layer,51,0,50,113,decode,4,8,3,5,2502,1830,182,845,4,0,4,3218,8,20,0,0,0,0,0,0,60,lru,0,0,0,0,0,0,8,3,8,0,5,0,0,0,0,0,0,0,0
layer,51,0,50,113,decode,5,8,7,1,486,369,185,196,4,0,4,728,7,29,0,0,0,0,0,0,60,lru,0,0,0,0,0,0,8,7,8,0,1,0,1,0,0,0,0,0,0
layer,51,0,50,113,decode,6,8,4,4,2013,1521,158,700,4,0,4,2534,7,17,0,0,0,0,0,0,60,lru,0,0,0,0,0,0,8,4,8,0,4,0,0,0,0,0,0,0,0
layer,51,0,50,113,decode,7,8,4,4,1960,1473,190,614,4,0,4,2596,7,2,0,0,0,0,0,0,60,lru,0,0,0,0,0,0,8,4,8,0,4,0,0,0,0,0,0,0,0
layer,51,0,50,113,decode,8,8,7,1,494,381,178,115,2,0,2,715,7,27,0,0,0,0,0,0,60,lru,0,0,0,0,0,0,8,7,8,0,1,0,0,0,0,0,0,0,0
layer,51,0,50,113,decode,9,8,7,1,503,387,184,138,2,0,2,700,7,34,0,0,0,0,0,0,60,lru,0,0,0,0,0,0,8,7,8,0,1,0,0,0,0,0,0,0,0
layer,51,0,50,113,decode,10,8,6,2,1016,778,143,216,4,0,4,1256,7,21,0,0,0,0,0,0,60,lru,0,0,0,0,0,0,8,6,8,0,2,0,0,0,0,0,0,0,0
layer,51,0,50,113,decode,11,8,5,3,1519,1131,162,343,3,0,3,1929,8,17,0,0,0,0,0,0,60,lru,0,0,0,0,0,0,8,5,8,0,3,0,0,0,0,0,0,0,0
layer,51,0,50,113,decode,12,8,6,2,981,774,155,194,3,0,3,1286,7,13,0,0,0,0,0,0,60,lru,0,0,0,0,0,0,8,6,8,0,2,0,0,0,0,0,0,0,0
layer,51,0,50,113,decode,13,8,7,1,476,383,163,142,2,0,2,693,7,34,0,0,0,0,0,0,60,lru,0,0,0,0,0,0,8,7,8,0,1,0,0,0,0,0,0,0,0
layer,51,0,50,113,decode,14,8,8,0,0,0,172,0,0,0,0,18,7,2,0,0,0,0,0,0,60,lru,0,0,0,0,0,0,8,8,8,0,0,0,0,0,0,0,0,0,0
layer,51,0,50,113,decode,15,8,6,2,989,755,186,317,3,0,3,1338,7,32,0,0,0,0,0,0,60,lru,0,0,0,0,0,0,8,6,8,0,2,0,0,0,0,0,0,0,0
layer,51,0,50,113,decode,16,8,7,1,487,389,155,130,3,0,3,680,7,20,0,0,0,0,0,0,60,lru,0,0,0,0,0,0,8,7,8,0,1,0,0,0,0,0,0,0,0
layer,51,0,50,113,decode,17,8,7,1,491,392,165,78,2,0,2,654,7,29,0,0,0,0,0,0,60,lru,0,0,0,0,0,0,8,7,8,0,1,0,0,0,0,0,0,0,0
layer,51,0,50,113,decode,18,8,7,1,512,383,164,121,4,0,4,745,7,25,0,0,0,0,0,0,60,lru,0,0,0,0,0,0,8,7,8,0,1,0,0,0,0,0,0,0,0
layer,51,0,50,113,decode,19,8,7,1,492,396,161,56,3,0,3,644,8,23,0,0,0,0,0,0,60,lru,0,0,0,0,0,0,8,7,8,0,1,0,1,0,0,0,0,0,0
layer,51,0,50,113,decode,20,8,8,0,0,0,188,0,0,0,0,19,7,2,0,0,0,0,0,0,60,lru,0,0,0,0,0,0,8,8,8,0,0,0,0,0,0,0,0,0,0
layer,51,0,50,113,decode,21,8,8,0,0,0,196,0,0,0,0,16,7,1,0,0,0,0,0,0,60,lru,0,0,0,0,0,0,8,8,8,0,0,0,0,0,0,0,0,0,0
layer,51,0,50,113,decode,22,8,4,4,2064,1532,139,699,3,0,3,2560,7,32,0,0,0,0,0,0,60,lru,0,0,0,0,0,0,8,4,8,0,4,0,0,0,0,0,0,0,0
layer,51,0,50,113,decode,23,8,5,3,1505,1109,175,472,3,0,3,2029,7,25,0,0,0,0,0,0,60,lru,0,0,0,0,0,0,8,5,8,0,3,0,0,0,0,0,0,0,0
layer,51,0,50,113,decode,24,8,6,2,995,770,189,487,3,0,3,1358,7,10,0,0,0,0,0,0,60,lru,0,0,0,0,0,0,8,6,8,0,2,0,0,0,0,0,0,0,0
layer,51,0,50,113,decode,25,8,6,2,1016,778,195,273,2,0,2,1312,7,13,0,0,0,0,0,0,60,lru,0,0,0,0,0,0,8,6,8,0,2,0,0,0,0,0,0,0,0
layer,51,0,50,113,decode,26,8,8,0,0,0,172,0,0,0,0,18,7,1,0,0,0,0,0,0,60,lru,0,0,0,0,0,0,8,8,8,0,0,0,0,0,0,0,0,0,0
layer,51,0,50,113,decode,27,8,7,1,483,368,194,174,2,0,2,704,7,15,0,0,0,0,0,0,60,lru,0,0,0,0,0,0,8,7,8,0,1,0,0,0,0,0,0,0,0
layer,51,0,50,113,decode,28,8,5,3,1500,1135,188,656,3,0,3,1971,7,8,0,0,0,0,0,0,60,lru,0,0,0,0,0,0,8,5,8,0,3,0,0,0,0,0,0,0,0
layer,51,0,50,113,decode,29,8,6,2,1014,748,181,234,4,0,4,1341,7,28,0,0,0,0,0,0,60,lru,0,0,0,0,0,0,8,6,8,0,2,0,0,0,0,0,0,0,0
layer,51,0,50,113,decode,30,8,6,2,1010,789,143,266,2,0,2,1242,7,29,0,0,0,0,0,0,60,lru,0,0,0,0,0,0,8,6,8,0,2,0,0,0,0,0,0,0,0
layer,51,0,50,113,decode,31,8,5,3,1510,1111,192,438,2,0,2,1959,7,6,0,0,0,0,0,0,60,lru,0,0,0,0,0,0,8,5,8,0,3,0,0,0,0,0,0,0,0
layer,51,0,50,113,decode,32,8,6,2,995,769,155,259,2,0,2,1255,7,22,0,0,0,0,0,0,60,lru,0,0,0,0,0,0,8,6,8,0,2,0,0,0,0,0,0,0,0
layer,51,0,50,113,decode,33,8,5,3,1570,1169,196,564,4,0,4,1920,7,13,0,0,0,0,0,0,60,lru,0,0,0,0,0,0,8,5,8,0,3,0,0,0,0,0,0,0,0
layer,51,0,50,113,decode,34,8,6,2,1050,799,142,262,2,0,2,1327,7,29,0,0,0,0,0,0,60,lru,0,0,0,0,0,0,8,6,8,0,2,0,0,0,0,0,0,0,0
layer,51,0,50,113,decode,35,8,6,2,1027,768,161,214,1,0,1,1294,7,27,0,0,0,0,0,0,60,lru,0,0,0,0,0,0,8,6,8,0,2,0,0,0,0,0,0,0,0
layer,51,0,50,113,decode,36,8,7,1,495,380,155,178,2,0,2,710,7,32,0,0,0,0,0,0,60,lru,0,0,0,0,0,0,8,7,8,0,1,0,1,0,0,0,0,0,0
layer,51,0,50,113,decode,37,8,6,2,1054,735,176,228,3,0,3,1356,7,24,0,0,0,0,0,0,60,lru,0,0,0,0,0,0,8,6,8,0,2,0,0,0,0,0,0,0,0
layer,51,0,50,113,decode,38,8,6,2,1105,791,152,332,1,0,1,1397,8,19,0,0,0,0,0,0,60,lru,0,0,0,0,0,0,8,6,8,0,2,0,0,0,0,0,0,0,0
layer,51,0,50,113,decode,39,8,5,3,1703,1191,694,371,3,0,3,2123,7,2,0,0,0,0,0,0,60,lru,0,0,0,0,0,0,8,5,8,0,3,0,0,0,0,0,0,0,0
request,51,0,50,0,decode,-1,0,0,0,0,0,0,0,0,0,0,0,0,0,0,0,0,0,0,0,0,,69285,567,0,0,17,0,0,0,0,0,0,0,0,0,0,0,0,0,0
layer,52,0,51,114,decode,0,8,2,6,3228,2303,155,858,2,0,2,3876,9,24,0,0,0,0,0,0,60,lru,0,0,0,0,0,0,8,2,8,0,6,0,1,0,0,0,0,0,0
layer,52,0,51,114,decode,1,8,4,4,2005,1505,158,684,3,0,3,2522,7,33,0,0,0,0,0,0,60,lru,0,0,0,0,0,0,8,4,8,0,4,0,0,0,0,0,0,0,0
layer,52,0,51,114,decode,2,8,4,4,2298,1466,158,777,2,0,2,2838,7,2,0,0,0,0,0,0,60,lru,0,0,0,0,0,0,8,4,8,0,4,0,0,0,0,0,0,0,0
layer,52,0,51,114,decode,3,8,4,4,1997,1499,172,672,2,0,2,2586,7,11,0,0,0,0,0,0,60,lru,0,0,0,0,0,0,8,4,8,0,4,0,0,0,0,0,0,0,0
layer,52,0,51,114,decode,4,8,4,4,2025,1512,165,741,2,0,2,2570,7,31,0,0,0,0,0,0,60,lru,0,0,0,0,0,0,8,4,8,0,4,0,0,0,0,0,0,0,0
layer,52,0,51,114,decode,5,8,5,3,1488,1115,158,437,2,0,2,1908,7,29,0,0,0,0,0,0,60,lru,0,0,0,0,0,0,8,5,8,0,3,0,1,0,0,0,0,0,0
layer,52,0,51,114,decode,6,8,5,3,1506,1104,143,305,2,0,2,1938,7,9,0,0,0,0,0,0,60,lru,0,0,0,0,0,0,8,5,8,0,3,0,0,0,0,0,0,0,0
layer,52,0,51,114,decode,7,8,4,4,2003,1519,179,957,3,0,3,2571,7,21,0,0,0,0,0,0,60,lru,0,0,0,0,0,0,8,4,8,0,4,0,1,0,0,0,0,0,0
layer,52,0,51,114,decode,8,8,8,0,0,0,177,0,0,0,0,17,7,1,0,0,0,0,0,0,60,lru,0,0,0,0,0,0,8,8,8,0,0,0,0,0,0,0,0,0,0
layer,52,0,51,114,decode,9,8,8,0,0,0,183,0,0,0,0,16,6,1,0,0,0,0,0,0,60,lru,0,0,0,0,0,0,8,8,8,0,0,0,0,0,0,0,0,0,0
layer,52,0,51,114,decode,10,8,7,1,503,374,144,213,2,0,2,716,7,31,0,0,0,0,0,0,60,lru,0,0,0,0,0,0,8,7,8,0,1,0,0,0,0,0,0,0,0
layer,52,0,51,114,decode,11,8,6,2,1205,736,161,219,3,0,3,1532,8,23,0,0,0,0,0,0,60,lru,0,0,0,0,0,0,8,6,8,0,2,0,0,0,0,0,0,0,0
layer,52,0,51,114,decode,12,8,7,1,484,385,157,64,2,0,2,692,7,33,0,0,0,0,0,0,60,lru,0,0,0,0,0,0,8,7,8,0,1,0,0,0,0,0,0,0,0
layer,52,0,51,114,decode,13,8,6,2,1060,750,182,318,3,0,3,1449,7,17,0,0,0,0,0,0,60,lru,0,0,0,0,0,0,8,6,8,0,2,0,0,0,0,0,0,0,0
layer,52,0,51,114,decode,14,8,6,2,1007,764,150,330,3,0,3,1323,7,24,0,0,0,0,0,0,60,lru,0,0,0,0,0,0,8,6,8,0,2,0,0,0,0,0,0,0,0
layer,52,0,51,114,decode,15,8,7,1,496,402,174,124,2,0,2,685,7,35,0,0,0,0,0,0,60,lru,0,0,0,0,0,0,8,7,8,0,1,0,0,0,0,0,0,0,0
layer,52,0,51,114,decode,16,8,8,0,0,0,176,0,0,0,0,19,7,1,0,0,0,0,0,0,60,lru,0,0,0,0,0,0,8,8,8,0,0,0,0,0,0,0,0,0,0
layer,52,0,51,114,decode,17,8,7,1,479,365,185,256,2,0,2,729,7,2,0,0,0,0,0,0,60,lru,0,0,0,0,0,0,8,7,8,0,1,0,0,0,0,0,0,0,0
layer,52,0,51,114,decode,18,8,7,1,501,381,144,100,2,0,2,680,7,13,0,0,0,0,0,0,60,lru,0,0,0,0,0,0,8,7,8,0,1,0,0,0,0,0,0,0,0
layer,52,0,51,114,decode,19,8,8,0,0,0,181,0,0,0,0,17,7,1,0,0,0,0,0,0,60,lru,0,0,0,0,0,0,8,8,8,0,0,0,0,0,0,0,0,0,0
layer,52,0,51,114,decode,20,8,6,2,989,768,156,281,2,0,2,1312,7,24,0,0,0,0,0,0,60,lru,0,0,0,0,0,0,8,6,8,0,2,0,0,0,0,0,0,0,0
layer,52,0,51,114,decode,21,8,7,1,493,378,175,165,2,0,2,719,7,31,0,0,0,0,0,0,60,lru,0,0,0,0,0,0,8,7,8,0,1,0,0,0,0,0,0,0,0
layer,52,0,51,114,decode,22,8,7,1,484,364,150,201,2,0,2,713,7,19,0,0,0,0,0,0,60,lru,0,0,0,0,0,0,8,7,8,0,1,0,0,0,0,0,0,0,0
layer,52,0,51,114,decode,23,8,5,3,1496,1149,180,569,3,0,3,1904,7,12,0,0,0,0,0,0,60,lru,0,0,0,0,0,0,8,5,8,0,3,0,0,0,0,0,0,0,0
layer,52,0,51,114,decode,24,8,8,0,0,0,177,0,0,0,0,17,7,1,0,0,0,0,0,0,60,lru,0,0,0,0,0,0,8,8,8,0,0,0,0,0,0,0,0,0,0
layer,52,0,51,114,decode,25,8,8,0,0,0,182,0,0,0,0,15,7,2,0,0,0,0,0,0,60,lru,0,0,0,0,0,0,8,8,8,0,0,0,0,0,0,0,0,0,0
layer,52,0,51,114,decode,26,8,8,0,0,0,160,0,0,0,0,15,7,1,0,0,0,0,0,0,60,lru,0,0,0,0,0,0,8,8,8,0,0,0,0,0,0,0,0,0,0
layer,52,0,51,114,decode,27,8,8,0,0,0,181,0,0,0,0,15,7,1,0,0,0,0,0,0,60,lru,0,0,0,0,0,0,8,8,8,0,0,0,0,0,0,0,0,0,0
layer,52,0,51,114,decode,28,8,8,0,0,0,177,0,0,0,0,15,6,2,0,0,0,0,0,0,60,lru,0,0,0,0,0,0,8,8,8,0,0,0,0,0,0,0,0,0,0
layer,52,0,51,114,decode,29,8,7,1,484,398,161,168,2,0,2,671,6,33,0,0,0,0,0,0,60,lru,0,0,0,0,0,0,8,7,8,0,1,0,0,0,0,0,0,0,0
layer,52,0,51,114,decode,30,8,8,0,0,0,156,0,0,0,0,17,7,1,0,0,0,0,0,0,60,lru,0,0,0,0,0,0,8,8,8,0,0,0,0,0,0,0,0,0,0
layer,52,0,51,114,decode,31,8,7,1,487,372,162,155,1,0,1,681,6,11,0,0,0,0,0,0,60,lru,0,0,0,0,0,0,8,7,8,0,1,0,0,0,0,0,0,0,0
layer,52,0,51,114,decode,32,8,8,0,0,0,176,0,0,0,0,16,7,1,0,0,0,0,0,0,60,lru,0,0,0,0,0,0,8,8,8,0,0,0,0,0,0,0,0,0,0
layer,52,0,51,114,decode,33,8,6,2,1051,779,160,478,3,0,3,1336,7,21,0,0,0,0,0,0,60,lru,0,0,0,0,0,0,8,6,8,0,2,0,0,0,0,0,0,0,0
layer,52,0,51,114,decode,34,8,8,0,0,0,160,0,0,0,0,17,7,2,0,0,0,0,0,0,60,lru,0,0,0,0,0,0,8,8,8,0,0,0,0,0,0,0,0,0,0
layer,52,0,51,114,decode,35,8,8,0,0,0,181,0,0,0,0,15,7,1,0,0,0,0,0,0,60,lru,0,0,0,0,0,0,8,8,8,0,0,0,0,0,0,0,0,0,0
layer,52,0,51,114,decode,36,8,8,0,0,0,175,0,0,0,0,15,6,2,0,0,0,0,0,0,60,lru,0,0,0,0,0,0,8,8,8,0,0,0,0,0,0,0,0,0,0
layer,52,0,51,114,decode,37,8,8,0,0,0,182,0,0,0,0,14,6,1,0,0,0,0,0,0,60,lru,0,0,0,0,0,0,8,8,8,0,0,0,0,0,0,0,0,0,0
layer,52,0,51,114,decode,38,8,7,1,514,401,146,107,2,0,2,725,6,32,0,0,0,0,0,0,60,lru,0,0,0,0,0,0,8,7,8,0,1,0,0,0,0,0,0,0,0
layer,52,0,51,114,decode,39,8,7,1,534,419,676,261,2,0,2,731,7,35,0,0,0,0,0,0,60,lru,0,0,0,0,0,0,8,7,8,0,1,0,0,0,0,0,0,0,0
request,52,0,51,0,decode,-1,0,0,0,0,0,0,0,0,0,0,0,0,0,0,0,0,0,0,0,0,,46019,425,0,0,16,0,0,0,0,0,0,0,0,0,0,0,0,0,0
layer,53,0,52,115,decode,0,8,2,6,3199,2278,153,878,2,0,2,3957,9,32,0,0,0,0,0,0,60,lru,0,0,0,0,0,0,8,2,8,0,6,0,0,0,0,0,0,0,0
layer,53,0,52,115,decode,1,8,2,6,3088,2244,181,804,3,0,3,3777,8,2,0,0,0,0,0,0,60,lru,0,0,0,0,0,0,8,2,8,0,6,0,1,0,0,0,0,0,0
layer,53,0,52,115,decode,2,8,4,4,1993,1487,157,740,2,0,2,2596,7,11,0,0,0,0,0,0,60,lru,0,0,0,0,0,0,8,4,8,0,4,0,0,0,0,0,0,0,0
layer,53,0,52,115,decode,3,8,3,5,2520,1888,179,747,2,0,2,3101,7,8,0,0,0,0,0,0,60,lru,0,0,0,0,0,0,8,3,8,0,5,0,1,0,0,0,0,0,0
layer,53,0,52,115,decode,4,8,6,2,991,761,154,313,3,0,3,1306,7,20,0,0,0,0,0,0,60,lru,0,0,0,0,0,0,8,6,8,0,2,0,0,0,0,0,0,0,0
layer,53,0,52,115,decode,5,8,2,6,2995,2259,169,914,3,0,3,3808,7,26,0,0,0,0,0,0,60,lru,0,0,0,0,0,0,8,2,8,0,6,0,0,0,0,0,0,0,0
layer,53,0,52,115,decode,6,8,4,4,2011,1517,150,676,3,0,3,2521,7,16,0,0,0,0,0,0,60,lru,0,0,0,0,0,0,8,4,8,0,4,0,1,0,0,0,0,0,0
layer,53,0,52,115,decode,7,8,6,2,985,748,182,308,3,0,3,1319,7,14,0,0,0,0,0,0,60,lru,0,0,0,0,0,0,8,6,8,0,2,0,1,0,0,0,0,0,0
layer,53,0,52,115,decode,8,8,8,0,0,0,175,0,0,0,0,18,7,1,0,0,0,0,0,0,60,lru,0,0,0,0,0,0,8,8,8,0,0,0,1,0,0,0,0,0,0
layer,53,0,52,115,decode,9,8,8,0,0,0,184,0,0,0,0,15,6,2,0,0,0,0,0,0,60,lru,0,0,0,0,0,0,8,8,8,0,0,0,0,0,0,0,0,0,0
layer,53,0,52,115,decode,10,8,5,3,1518,1118,143,534,3,0,3,1947,7,22,0,0,0,0,0,0,60,lru,0,0,0,0,0,0,8,5,8,0,3,0,0,0,0,0,0,0,0
layer,53,0,52,115,decode,11,8,6,2,981,760,172,306,3,0,3,1318,8,28,0,0,0,0,0,0,60,lru,0,0,0,0,0,0,8,6,8,0,2,0,0,0,0,0,0,0,0
layer,53,0,52,115,decode,12,8,8,0,0,0,176,0,0,0,0,18,7,2,0,0,0,0,0,0,60,lru,0,0,0,0,0,0,8,8,8,0,0,0,0,0,0,0,0,0,0
layer,53,0,52,115,decode,13,8,7,1,486,382,175,183,2,0,2,712,6,33,0,0,0,0,0,0,60,lru,0,0,0,0,0,0,8,7,8,0,1,0,0,0,0,0,0,0,0
layer,53,0,52,115,decode,14,8,7,1,504,381,150,122,2,0,2,740,7,33,0,0,0,0,0,0,60,lru,0,0,0,0,0,0,8,7,8,0,1,0,0,0,0,0,0,0,0
layer,53,0,52,115,decode,15,8,7,1,485,391,161,133,2,0,2,661,9,31,0,0,0,0,0,0,60,lru,0,0,0,0,0,0,8,7,8,0,1,0,0,0,0,0,0,0,0
layer,53,0,52,115,decode,16,8,8,0,0,0,176,0,0,0,0,17,7,1,0,0,0,0,0,0,60,lru,0,0,0,0,0,0,8,8,8,0,0,0,0,0,0,0,0,0,0
layer,53,0,52,115,decode,17,8,5,3,1476,1116,173,484,3,0,3,1946,7,23,0,0,0,0,0,0,60,lru,0,0,0,0,0,0,8,5,8,0,3,0,0,0,0,0,0,0,0
layer,53,0,52,115,decode,18,8,8,0,0,0,160,0,0,0,0,18,8,2,0,0,0,0,0,0,60,lru,0,0,0,0,0,0,8,8,8,0,0,0,1,0,0,0,0,0,0
layer,53,0,52,115,decode,19,8,6,2,985,792,160,284,3,0,3,1229,7,32,0,0,0,0,0,0,60,lru,0,0,0,0,0,0,8,6,8,0,2,0,0,0,0,0,0,0,0
layer,53,0,52,115,decode,20,8,8,0,0,0,175,0,0,0,0,17,7,1,0,0,0,0,0,0,60,lru,0,0,0,0,0,0,8,8,8,0,0,0,0,0,0,0,0,0,0
layer,53,0,52,115,decode,21,8,8,0,0,0,182,0,0,0,0,15,7,1,0,0,0,0,0,0,60,lru,0,0,0,0,0,0,8,8,8,0,0,0,0,0,0,0,0,0,0
layer,53,0,52,115,decode,22,8,7,1,513,380,150,231,2,0,2,739,7,31,0,0,0,0,0,0,60,lru,0,0,0,0,0,0,8,7,8,0,1,0,0,0,0,0,0,0,0
layer,53,0,52,115,decode,23,8,8,0,0,0,182,0,0,0,0,17,8,1,0,0,0,0,0,0,60,lru,0,0,0,0,0,0,8,8,8,0,0,0,0,0,0,0,0,0,0
layer,53,0,52,115,decode,24,8,8,0,0,0,177,0,0,0,0,15,6,1,0,0,0,0,0,0,60,lru,0,0,0,0,0,0,8,8,8,0,0,0,0,0,0,0,0,0,0
layer,53,0,52,115,decode,25,8,7,1,490,372,174,163,2,0,2,708,7,33,0,0,0,0,0,0,60,lru,0,0,0,0,0,0,8,7,8,0,1,0,0,0,0,0,0,0,0
layer,53,0,52,115,decode,26,8,6,2,1059,723,160,357,1,0,1,1360,7,2,0,0,0,0,0,0,60,lru,0,0,0,0,0,0,8,6,8,0,2,0,0,0,0,0,0,0,0
layer,53,0,52,115,decode,27,8,7,1,477,394,161,240,2,0,2,676,7,19,0,0,0,0,0,0,60,lru,0,0,0,0,0,0,8,7,8,0,1,0,0,0,0,0,0,0,0
layer,53,0,52,115,decode,28,8,6,2,994,759,164,292,3,0,3,1287,7,31,0,0,0,0,0,0,60,lru,0,0,0,0,0,0,8,6,8,0,2,0,0,0,0,0,0,0,0
layer,53,0,52,115,decode,29,8,6,2,1020,761,160,313,3,0,3,1330,7,34,0,0,0,0,0,0,60,lru,0,0,0,0,0,0,8,6,8,0,2,0,0,0,0,0,0,0,0
layer,53,0,52,115,decode,30,8,7,1,487,391,144,163,2,0,2,649,7,20,0,0,0,0,0,0,60,lru,0,0,0,0,0,0,8,7,8,0,1,0,0,0,0,0,0,0,0
layer,53,0,52,115,decode,31,8,6,2,1009,766,181,334,2,0,2,1348,7,2,0,0,0,0,0,0,60,lru,0,0,0,0,0,0,8,6,8,0,2,0,0,0,0,0,0,0,0
layer,53,0,52,115,decode,32,8,4,4,1992,1526,162,648,2,0,2,2531,7,20,0,0,0,0,0,0,60,lru,0,0,0,0,0,0,8,4,8,0,4,0,0,0,0,0,0,0,0
layer,53,0,52,115,decode,33,8,7,1,490,380,162,172,2,0,2,713,7,34,0,0,0,0,0,0,60,lru,0,0,0,0,0,0,8,7,8,0,1,0,0,0,0,0,0,0,0
layer,53,0,52,115,decode,34,8,7,1,517,375,160,230,1,0,1,745,7,3,0,0,0,0,0,0,60,lru,0,0,0,0,0,0,8,7,8,0,1,0,0,0,0,0,0,0,0
layer,53,0,52,115,decode,35,8,7,1,515,382,173,112,2,0,2,695,8,30,0,0,0,0,0,0,60,lru,0,0,0,0,0,0,8,7,8,0,1,0,0,0,0,0,0,0,0
layer,53,0,52,115,decode,36,8,6,2,1003,761,155,439,3,0,3,1325,7,23,0,0,0,0,0,0,60,lru,0,0,0,0,0,0,8,6,8,0,2,0,0,0,0,0,0,0,0
layer,53,0,52,115,decode,37,8,7,1,541,401,163,66,2,0,2,675,7,31,0,0,0,0,0,0,60,lru,0,0,0,0,0,0,8,7,8,0,1,0,0,0,0,0,0,0,0
layer,53,0,52,115,decode,38,8,6,2,1049,775,144,348,2,0,2,1418,8,21,0,0,0,0,0,0,60,lru,0,0,0,0,0,0,8,6,8,0,2,0,0,0,0,0,0,0,0
layer,53,0,52,115,decode,39,8,4,4,2210,1588,674,686,2,0,2,2761,7,19,0,0,0,0,0,0,60,lru,0,0,0,0,0,0,8,4,8,0,4,0,0,0,0,0,0,0,0
request,53,0,52,0,decode,-1,0,0,0,0,0,0,0,0,0,0,0,0,0,0,0,0,0,0,0,0,,58424,515,0,0,30,0,0,0,0,0,0,0,0,0,0,0,0,0,0
layer,54,0,53,116,decode,0,8,0,8,4173,3006,176,1464,2,0,2,5193,10,7,0,0,0,0,0,0,60,lru,0,0,0,0,0,0,8,0,8,0,8,0,1,0,0,0,0,0,0
layer,54,0,53,116,decode,1,8,2,6,3064,2281,158,951,3,0,3,3711,8,30,0,0,0,0,0,0,60,lru,0,0,0,0,0,0,8,2,8,0,6,0,0,0,0,0,0,0,0
layer,54,0,53,116,decode,2,8,2,6,3125,2250,148,905,2,0,2,3859,7,27,0,0,0,0,0,0,60,lru,0,0,0,0,0,0,8,2,8,0,6,0,2,0,0,0,0,0,0
layer,54,0,53,116,decode,3,8,3,5,2495,1892,158,894,3,0,3,3092,8,32,0,0,0,0,0,0,60,lru,0,0,0,0,0,0,8,3,8,0,5,0,0,0,0,0,0,0,0
layer,54,0,53,116,decode,4,8,3,5,2516,1829,173,776,3,0,3,3233,7,2,0,0,0,0,0,0,60,lru,0,0,0,0,0,0,8,3,8,0,5,0,1,0,0,0,0,0,0
layer,54,0,53,116,decode,5,8,4,4,2054,1505,171,654,3,0,3,2550,7,19,0,0,0,0,0,0,60,lru,0,0,0,0,0,0,8,4,8,0,4,0,1,0,0,0,0,0,0
layer,54,0,53,116,decode,6,8,3,5,2513,1858,142,868,3,0,3,3202,7,32,0,0,0,0,0,0,60,lru,0,0,0,0,0,0,8,3,8,0,5,0,0,0,0,0,0,0,0
layer,54,0,53,116,decode,7,8,6,2,982,758,162,262,3,0,3,1301,7,27,0,0,0,0,0,0,60,lru,0,0,0,0,0,0,8,6,8,0,2,0,1,0,0,0,0,0,0
layer,54,0,53,116,decode,8,8,8,0,0,0,175,0,0,0,0,18,7,2,0,0,0,0,0,0,60,lru,0,0,0,0,0,0,8,8,8,0,0,0,2,0,0,0,0,0,0
layer,54,0,53,116,decode,9,8,6,2,1227,727,182,433,3,0,3,1542,7,2,0,0,0,0,0,0,60,lru,0,0,0,0,0,0,8,6,8,0,2,0,0,0,0,0,0,0,0
layer,54,0,53,116,decode,10,8,7,1,491,370,144,182,2,0,2,724,7,16,0,0,0,0,0,0,60,lru,0,0,0,0,0,0,8,7,8,0,1,0,0,0,0,0,0,0,0
layer,54,0,53,116,decode,11,8,3,5,2431,1872,180,921,3,0,3,3114,7,3,0,0,0,0,0,0,60,lru,0,0,0,0,0,0,8,3,8,0,5,0,0,0,0,0,0,0,0
layer,54,0,53,116,decode,12,8,5,3,1465,1142,166,533,3,0,3,1895,7,21,0,0,0,0,0,0,60,lru,0,0,0,0,0,0,8,5,8,0,3,0,0,0,0,0,0,0,0
layer,54,0,53,116,decode,13,8,7,1,489,407,164,208,2,0,2,651,8,31,0,0,0,0,0,0,60,lru,0,0,0,0,0,0,8,7,8,0,1,0,0,0,0,0,0,0,0
layer,54,0,53,116,decode,14,8,6,2,1031,740,165,330,3,0,3,1401,8,31,0,0,0,0,0,0,60,lru,0,0,0,0,0,0,8,6,8,0,2,0,0,0,0,0,0,0,0
layer,54,0,53,116,decode,15,8,7,1,508,388,162,168,3,0,3,721,10,24,0,0,0,0,0,0,60,lru,0,0,0,0,0,0,8,7,8,0,1,0,2,0,0,0,0,0,0
layer,54,0,53,116,decode,16,8,6,2,1014,771,156,385,4,0,4,1318,8,34,0,0,0,0,0,0,60,lru,0,0,0,0,0,0,8,6,8,0,2,0,1,0,0,0,0,0,0
layer,54,0,53,116,decode,17,8,6,2,1037,750,164,198,4,0,4,1342,7,26,0,0,0,0,0,0,60,lru,0,0,0,0,0,0,8,6,8,0,2,0,0,0,0,0,0,0,0
layer,54,0,53,116,decode,18,8,6,2,1056,760,156,247,4,0,4,1332,7,2,0,0,0,0,0,0,60,lru,0,0,0,0,0,0,8,6,8,0,2,0,0,0,0,0,0,0,0
layer,54,0,53,116,decode,19,8,6,2,974,755,172,369,3,0,3,1314,7,25,0,0,0,0,0,0,60,lru,0,0,0,0,0,0,8,6,8,0,2,0,0,0,0,0,0,0,0
layer,54,0,53,116,decode,20,8,7,1,488,373,157,192,2,0,2,706,7,19,0,0,0,0,0,0,60,lru,0,0,0,0,0,0,8,7,8,0,1,0,0,0,0,0,0,0,0
layer,54,0,53,116,decode,21,8,7,1,497,393,161,151,2,0,2,651,7,21,0,0,0,0,0,0,60,lru,0,0,0,0,0,0,8,7,8,0,1,0,0,0,0,0,0,0,0
layer,54,0,53,116,decode,22,8,6,2,1033,734,161,300,3,0,3,1423,7,2,0,0,0,0,0,0,60,lru,0,0,0,0,0,0,8,6,8,0,2,0,0,0,0,0,0,0,0
layer,54,0,53,116,decode,23,8,3,5,2475,1886,160,857,3,0,3,3182,7,18,0,0,0,0,0,0,60,lru,0,0,0,0,0,0,8,3,8,0,5,0,0,0,0,0,0,0,0
layer,54,0,53,116,decode,24,8,7,1,496,395,168,75,2,0,2,693,7,30,0,0,0,0,0,0,60,lru,0,0,0,0,0,0,8,7,8,0,1,0,1,0,0,0,0,0,0
layer,54,0,53,116,decode,25,8,7,1,511,380,182,198,1,0,1,724,7,3,0,0,0,0,0,0,60,lru,0,0,0,0,0,0,8,7,8,0,1,0,0,0,0,0,0,0,0
layer,54,0,53,116,decode,26,8,6,2,1052,747,152,358,3,0,3,1339,7,22,0,0,0,0,0,0,60,lru,0,0,0,0,0,0,8,6,8,0,2,0,0,0,0,0,0,0,0
layer,54,0,53,116,decode,27,8,8,0,0,0,181,0,0,0,0,17,7,2,0,0,0,0,0,0,60,lru,0,0,0,0,0,0,8,8,8,0,0,0,0,0,0,0,0,0,0
layer,54,0,53,116,decode,28,8,4,4,2041,1517,167,507,3,0,3,2573,6,13,0,0,0,0,0,0,60,lru,0,0,0,0,0,0,8,4,8,0,4,0,0,0,0,0,0,0,0
layer,54,0,53,116,decode,29,8,6,2,1073,738,182,399,3,0,3,1421,7,2,0,0,0,0,0,0,60,lru,0,0,0,0,0,0,8,6,8,0,2,0,0,0,0,0,0,0,0
layer,54,0,53,116,decode,30,8,7,1,493,382,144,249,2,0,2,698,7,39,0,0,0,0,0,0,60,lru,0,0,0,0,0,0,8,7,8,0,1,0,0,0,0,0,0,0,0
layer,54,0,53,116,decode,31,8,4,4,2041,1500,173,656,3,0,3,2653,7,13,0,0,0,0,0,0,60,lru,0,0,0,0,0,0,8,4,8,0,4,0,0,0,0,0,0,0,0
layer,54,0,53,116,decode,32,8,4,4,2001,1507,165,729,3,0,3,2558,7,16,0,0,0,0,0,0,60,lru,0,0,0,0,0,0,8,4,8,0,4,0,0,0,0,0,0,0,0
layer,54,0,53,116,decode,33,8,3,5,2575,1884,179,1002,3,0,3,3283,7,2,0,0,0,0,0,0,60,lru,0,0,0,0,0,0,8,3,8,0,5,0,0,0,0,0,0,0,0
layer,54,0,53,116,decode,34,8,5,3,1639,1221,143,469,2,0,2,1982,7,19,0,0,0,0,0,0,60,lru,0,0,0,0,0,0,8,5,8,0,3,0,1,0,0,0,0,0,0
layer,54,0,53,116,decode,35,8,7,1,521,395,161,119,1,0,1,672,8,17,0,0,0,0,0,0,60,lru,0,0,0,0,0,0,8,7,8,0,1,0,0,0,0,0,0,0,0
layer,54,0,53,116,decode,36,8,5,3,1538,1124,176,648,2,0,2,2073,7,2,0,0,0,0,0,0,60,lru,0,0,0,0,0,0,8,5,8,0,3,0,0,0,0,0,0,0,0
layer,54,0,53,116,decode,37,8,6,2,1055,768,183,473,3,0,3,1356,7,2,0,0,0,0,0,0,60,lru,0,0,0,0,0,0,8,6,8,0,2,0,0,0,0,0,0,0,0
layer,54,0,53,116,decode,38,8,6,2,1074,772,158,292,3,0,3,1432,8,28,0,0,0,0,0,0,60,lru,0,0,0,0,0,0,8,6,8,0,2,0,0,0,0,0,0,0,0
layer,54,0,53,116,decode,39,8,2,6,3343,2355,684,1202,2,0,2,4165,8,2,0,0,0,0,0,0,60,lru,0,0,0,0,0,0,8,2,8,0,6,0,0,0,0,0,0,0,0
request,54,0,53,0,decode,-1,0,0,0,0,0,0,0,0,0,0,0,0,0,0,0,0,0,0,0,0,,83769,653,0,0,17,0,0,0,0,0,0,0,0,0,0,0,0,0,0
layer,55,0,54,117,decode,0,8,0,8,4189,3010,152,1035,2,0,2,5104,9,26,0,0,0,0,0,0,60,lru,0,0,0,0,0,0,8,0,8,0,8,0,1,0,0,0,0,0,0
layer,55,0,54,117,decode,1,8,2,6,3057,2255,158,976,2,0,2,3835,8,19,0,0,0,0,0,0,60,lru,0,0,0,0,0,0,8,2,8,0,6,0,1,0,0,0,0,0,0
layer,55,0,54,117,decode,2,8,1,7,3585,2653,140,864,3,0,3,4352,8,31,0,0,0,0,0,0,60,lru,0,0,0,0,0,0,8,1,8,0,7,0,0,0,0,0,0,0,0
layer,55,0,54,117,decode,3,8,3,5,2524,1856,179,780,3,0,3,3199,7,2,0,0,0,0,0,0,60,lru,0,0,0,0,0,0,8,3,8,0,5,0,0,0,0,0,0,0,0
layer,55,0,54,117,decode,4,8,3,5,2520,1898,155,768,3,0,3,3051,7,25,0,0,0,0,0,0,60,lru,0,0,0,0,0,0,8,3,8,0,5,0,1,0,0,0,0,0,0
layer,55,0,54,117,decode,5,8,6,2,977,742,158,245,3,0,3,1323,7,35,0,0,0,0,0,0,60,lru,0,0,0,0,0,0,8,6,8,0,2,0,1,0,0,0,0,0,0
layer,55,0,54,117,decode,6,8,8,0,0,0,162,0,0,0,0,19,7,2,0,0,0,0,0,0,60,lru,0,0,0,0,0,0,8,8,8,0,0,0,2,0,0,0,0,0,0
layer,55,0,54,117,decode,7,8,8,0,0,0,182,0,0,0,0,17,7,2,0,0,0,0,0,0,60,lru,0,0,0,0,0,0,8,8,8,0,0,0,0,0,0,0,0,0,0
layer,55,0,54,117,decode,8,8,8,0,0,0,177,0,0,0,0,16,7,1,0,0,0,0,0,0,60,lru,0,0,0,0,0,0,8,8,8,0,0,0,0,0,0,0,0,0,0
layer,55,0,54,117,decode,9,8,6,2,1022,764,161,322,3,0,3,1234,7,26,0,0,0,0,0,0,60,lru,0,0,0,0,0,0,8,6,8,0,2,0,0,0,0,0,0,0,0
layer,55,0,54,117,decode,10,8,8,0,0,0,159,0,0,0,0,18,8,2,0,0,0,0,0,0,60,lru,0,0,0,0,0,0,8,8,8,0,0,0,1,0,0,0,0,0,0
layer,55,0,54,117,decode,11,8,8,0,0,0,182,0,0,0,0,15,7,1,0,0,0,0,0,0,60,lru,0,0,0,0,0,0,8,8,8,0,0,0,0,0,0,0,0,0,0
layer,55,0,54,117,decode,12,8,8,0,0,0,175,0,0,0,0,16,7,2,0,0,0,0,0,0,60,lru,0,0,0,0,0,0,8,8,8,0,0,0,0,0,0,0,0,0,0
layer,55,0,54,117,decode,13,8,7,1,503,372,183,192,2,0,2,741,6,2,0,0,0,0,0,0,60,lru,0,0,0,0,0,0,8,7,8,0,1,0,0,0,0,0,0,0,0
layer,55,0,54,117,decode,14,8,6,2,1069,745,143,269,3,0,3,1350,7,27,0,0,0,0,0,0,60,lru,0,0,0,0,0,0,8,6,8,0,2,0,0,0,0,0,0,0,0
layer,55,0,54,117,decode,15,8,8,0,0,0,183,0,0,0,0,17,7,2,0,0,0,0,0,0,60,lru,0,0,0,0,0,0,8,8,8,0,0,0,1,0,0,0,0,0,0
layer,55,0,54,117,decode,16,8,7,1,501,365,168,217,2,0,2,737,6,28,0,0,0,0,0,0,60,lru,0,0,0,0,0,0,8,7,8,0,1,0,0,0,0,0,0,0,0
layer,55,0,54,117,decode,17,8,8,0,0,0,185,0,0,0,0,17,7,1,0,0,0,0,0,0,60,lru,0,0,0,0,0,0,8,8,8,0,0,0,0,0,0,0,0,0,0
layer,55,0,54,117,decode,18,8,8,0,0,0,157,0,0,0,0,16,7,1,0,0,0,0,0,0,60,lru,0,0,0,0,0,0,8,8,8,0,0,0,0,0,0,0,0,0,0
layer,55,0,54,117,decode,19,8,6,2,985,766,159,315,3,0,3,1256,7,22,0,0,0,0,0,0,60,lru,0,0,0,0,0,0,8,6,8,0,2,0,0,0,0,0,0,0,0
layer,55,0,54,117,decode,20,8,8,0,0,0,175,0,0,0,0,18,7,2,0,0,0,0,0,0,60,lru,0,0,0,0,0,0,8,8,8,0,0,0,1,0,0,0,0,0,0
layer,55,0,54,117,decode,21,8,8,0,0,0,184,0,0,0,0,16,7,1,0,0,0,0,0,0,60,lru,0,0,0,0,0,0,8,8,8,0,0,0,0,0,0,0,0,0,0
layer,55,0,54,117,decode,22,8,8,0,0,0,159,0,0,0,0,14,6,1,0,0,0,0,0,0,60,lru,0,0,0,0,0,0,8,8,8,0,0,0,0,0,0,0,0,0,0
layer,55,0,54,117,decode,23,8,7,1,486,376,160,132,2,0,2,689,7,33,0,0,0,0,0,0,60,lru,0,0,0,0,0,0,8,7,8,0,1,0,0,0,0,0,0,0,0
layer,55,0,54,117,decode,24,8,6,2,968,763,155,347,3,0,3,1281,8,31,0,0,0,0,0,0,60,lru,0,0,0,0,0,0,8,6,8,0,2,0,0,0,0,0,0,0,0
layer,55,0,54,117,decode,25,8,7,1,496,397,162,109,2,0,2,667,7,25,0,0,0,0,0,0,60,lru,0,0,0,0,0,0,8,7,8,0,1,0,0,0,0,0,0,0,0
layer,55,0,54,117,decode,26,8,7,1,523,363,148,105,1,0,1,763,7,33,0,0,0,0,0,0,60,lru,0,0,0,0,0,0,8,7,8,0,1,0,0,0,0,0,0,0,0
layer,55,0,54,117,decode,27,8,7,1,474,369,175,104,2,0,2,702,8,31,0,0,0,0,0,0,60,lru,0,0,0,0,0,0,8,7,8,0,1,0,0,0,0,0,0,0,0
layer,55,0,54,117,decode,28,8,7,1,492,386,168,184,1,0,1,694,7,41,0,0,0,0,0,0,60,lru,0,0,0,0,0,0,8,7,8,0,1,0,0,0,0,0,0,0,0
layer,55,0,54,117,decode,29,8,7,1,479,375,182,232,2,0,2,740,7,22,0,0,0,0,0,0,60,lru,0,0,0,0,0,0,8,7,8,0,1,0,0,0,0,0,0,0,0
layer,55,0,54,117,decode,30,8,7,1,483,381,143,56,2,0,2,659,7,28,0,0,0,0,0,0,60,lru,0,0,0,0,0,0,8,7,8,0,1,0,0,0,0,0,0,0,0
layer,55,0,54,117,decode,31,8,7,1,486,392,162,168,1,0,1,669,7,25,0,0,0,0,0,0,60,lru,0,0,0,0,0,0,8,7,8,0,1,0,0,0,0,0,0,0,0
layer,55,0,54,117,decode,32,8,4,4,2092,1494,165,777,2,0,2,2658,7,12,0,0,0,0,0,0,60,lru,0,0,0,0,0,0,8,4,8,0,4,0,0,0,0,0,0,0,0
layer,55,0,54,117,decode,33,8,5,3,1567,1152,162,478,3,0,3,1953,7,32,0,0,0,0,0,0,60,lru,0,0,0,0,0,0,8,5,8,0,3,0,0,0,0,0,0,0,0
layer,55,0,54,117,decode,34,8,8,0,0,0,160,0,0,0,0,17,7,2,0,0,0,0,0,0,60,lru,0,0,0,0,0,0,8,8,8,0,0,0,0,0,0,0,0,0,0
layer,55,0,54,117,decode,35,8,8,0,0,0,182,0,0,0,0,14,6,2,0,0,0,0,0,0,60,lru,0,0,0,0,0,0,8,8,8,0,0,0,0,0,0,0,0,0,0
layer,55,0,54,117,decode,36,8,8,0,0,0,176,0,0,0,0,14,7,2,0,0,0,0,0,0,60,lru,0,0,0,0,0,0,8,8,8,0,0,0,0,0,0,0,0,0,0
layer,55,0,54,117,decode,37,8,8,0,0,0,182,0,0,0,0,15,6,1,0,0,0,0,0,0,60,lru,0,0,0,0,0,0,8,8,8,0,0,0,0,0,0,0,0,0,0
layer,55,0,54,117,decode,38,8,8,0,0,0,160,0,0,0,0,16,7,2,0,0,0,0,0,0,60,lru,0,0,0,0,0,0,8,8,8,0,0,0,0,0,0,0,0,0,0
layer,55,0,54,117,decode,39,8,5,3,1673,1185,683,491,3,0,3,2096,7,2,0,0,0,0,0,0,60,lru,0,0,0,0,0,0,8,5,8,0,3,0,0,0,0,0,0,0,0
request,55,0,54,0,decode,-1,0,0,0,0,0,0,0,0,0,0,0,0,0,0,0,0,0,0,0,0,,48448,452,0,0,16,0,0,0,0,0,0,0,0,0,0,0,0,0,0
layer,56,0,55,118,decode,0,8,7,1,525,380,163,128,2,0,2,708,10,34,0,0,0,0,0,0,60,lru,0,0,0,0,0,0,8,7,8,0,1,0,1,0,0,0,0,0,0
layer,56,0,55,118,decode,1,8,2,6,3050,2244,157,864,2,0,2,3788,8,22,0,0,0,0,0,0,60,lru,0,0,0,0,0,0,8,2,8,0,6,0,1,0,0,0,0,0,0
layer,56,0,55,118,decode,2,8,3,5,2550,1861,142,730,3,0,3,3237,7,30,0,0,0,0,0,0,60,lru,0,0,0,0,0,0,8,3,8,0,5,0,1,0,0,0,0,0,0
layer,56,0,55,118,decode,3,8,4,4,2035,1489,160,585,3,0,3,2584,7,32,0,0,0,0,0,0,60,lru,0,0,0,0,0,0,8,4,8,0,4,0,1,0,0,0,0,0,0
layer,56,0,55,118,decode,4,8,6,2,966,771,156,266,3,0,3,1220,7,26,0,0,0,0,0,0,60,lru,0,0,0,0,0,0,8,6,8,0,2,0,0,0,0,0,0,0,0
layer,56,0,55,118,decode,5,8,7,1,488,357,174,190,2,0,2,762,7,29,0,0,0,0,0,0,60,lru,0,0,0,0,0,0,8,7,8,0,1,0,0,0,0,0,0,0,0
layer,56,0,55,118,decode,6,8,6,2,984,772,144,232,4,0,4,1243,7,23,0,0,0,0,0,0,60,lru,0,0,0,0,0,0,8,6,8,0,2,0,0,0,0,0,0,0,0
layer,56,0,55,118,decode,7,8,6,2,975,754,168,338,3,0,3,1300,7,26,0,0,0,0,0,0,60,lru,0,0,0,0,0,0,8,6,8,0,2,0,0,0,0,0,0,0,0
layer,56,0,55,118,decode,8,8,7,1,512,372,168,307,2,0,2,748,7,27,0,0,0,0,0,0,60,lru,0,0,0,0,0,0,8,7,8,0,1,0,0,0,0,0,0,0,0
layer,56,0,55,118,decode,9,8,8,0,0,0,182,0,0,0,0,17,7,2,0,0,0,0,0,0,60,lru,0,0,0,0,0,0,8,8,8,0,0,0,0,0,0,0,0,0,0
layer,56,0,55,118,decode,10,8,7,1,492,360,144,173,3,0,3,708,7,32,0,0,0,0,0,0,60,lru,0,0,0,0,0,0,8,7,8,0,1,0,0,0,0,0,0,0,0
layer,56,0,55,118,decode,11,8,8,0,0,0,181,0,0,0,0,17,8,1,0,0,0,0,0,0,60,lru,0,0,0,0,0,0,8,8,8,0,0,0,0,0,0,0,0,0,0
layer,56,0,55,118,decode,12,8,4,4,1994,1515,152,682,3,0,3,2539,6,31,0,0,0,0,0,0,60,lru,0,0,0,0,0,0,8,4,8,0,4,0,0,0,0,0,0,0,0
layer,56,0,55,118,decode,13,8,7,1,561,368,175,107,2,0,2,753,7,26,0,0,0,0,0,0,60,lru,0,0,0,0,0,0,8,7,8,0,1,0,0,0,0,0,0,0,0
layer,56,0,55,118,decode,14,8,7,1,584,386,145,185,2,0,2,783,7,34,0,0,0,0,0,0,60,lru,0,0,0,0,0,0,8,7,8,0,1,0,0,0,0,0,0,0,0
layer,56,0,55,118,decode,15,8,7,1,494,372,181,183,2,0,2,680,7,2,0,0,0,0,0,0,60,lru,0,0,0,0,0,0,8,7,8,0,1,0,0,0,0,0,0,0,0
layer,56,0,55,118,decode,16,8,6,2,1016,764,154,165,3,0,3,1288,7,31,0,0,0,0,0,0,60,lru,0,0,0,0,0,0,8,6,8,0,2,0,0,0,0,0,0,0,0
layer,56,0,55,118,decode,17,8,7,1,583,369,179,153,2,0,2,798,7,19,0,0,0,0,0,0,60,lru,0,0,0,0,0,0,8,7,8,0,1,0,0,0,0,0,0,0,0
layer,56,0,55,118,decode,18,8,7,1,499,368,158,95,2,0,2,723,7,2,0,0,0,0,0,0,60,lru,0,0,0,0,0,0,8,7,8,0,1,0,0,0,0,0,0,0,0
layer,56,0,55,118,decode,19,8,7,1,477,381,161,74,2,0,2,677,7,27,0,0,0,0,0,0,60,lru,0,0,0,0,0,0,8,7,8,0,1,0,0,0,0,0,0,0,0
layer,56,0,55,118,decode,20,8,8,0,0,0,175,0,0,0,0,16,7,1,0,0,0,0,0,0,60,lru,0,0,0,0,0,0,8,8,8,0,0,0,0,0,0,0,0,0,0
layer,56,0,55,118,decode,21,8,6,2,1040,752,169,326,3,0,3,1379,7,28,0,0,0,0,0,0,60,lru,0,0,0,0,0,0,8,6,8,0,2,0,0,0,0,0,0,0,0
layer,56,0,55,118,decode,22,8,7,1,503,373,151,203,2,0,2,732,7,29,0,0,0,0,0,0,60,lru,0,0,0,0,0,0,8,7,8,0,1,0,0,0,0,0,0,0,0
layer,56,0,55,118,decode,23,8,8,0,0,0,181,0,0,0,0,16,7,2,0,0,0,0,0,0,60,lru,0,0,0,0,0,0,8,8,8,0,0,0,0,0,0,0,0,0,0
layer,56,0,55,118,decode,24,8,8,0,0,0,176,0,0,0,0,15,7,2,0,0,0,0,0,0,60,lru,0,0,0,0,0,0,8,8,8,0,0,0,0,0,0,0,0,0,0
layer,56,0,55,118,decode,25,8,7,1,504,374,175,143,2,0,2,730,6,25,0,0,0,0,0,0,60,lru,0,0,0,0,0,0,8,7,8,0,1,0,0,0,0,0,0,0,0
layer,56,0,55,118,decode,26,8,7,1,494,347,145,123,1,0,1,734,7,47,0,0,0,0,0,0,60,lru,0,0,0,0,0,0,8,7,8,0,1,0,0,0,0,0,0,0,0
layer,56,0,55,118,decode,27,8,7,1,582,371,161,200,2,0,2,770,7,19,0,0,0,0,0,0,60,lru,0,0,0,0,0,0,8,7,8,0,1,0,0,0,0,0,0,0,0
layer,56,0,55,118,decode,28,8,8,0,0,0,177,0,0,0,0,16,7,2,0,0,0,0,0,0,60,lru,0,0,0,0,0,0,8,8,8,0,0,0,0,0,0,0,0,0,0
layer,56,0,55,118,decode,29,8,8,0,0,0,182,0,0,0,0,15,7,2,0,0,0,0,0,0,60,lru,0,0,0,0,0,0,8,8,8,0,0,0,0,0,0,0,0,0,0
layer,56,0,55,118,decode,30,8,8,0,0,0,158,0,0,0,0,16,7,2,0,0,0,0,0,0,60,lru,0,0,0,0,0,0,8,8,8,0,0,0,0,0,0,0,0,0,0
layer,56,0,55,118,decode,31,8,8,0,0,0,183,0,0,0,0,15,7,1,0,0,0,0,0,0,60,lru,0,0,0,0,0,0,8,8,8,0,0,0,0,0,0,0,0,0,0
layer,56,0,55,118,decode,32,8,8,0,0,0,175,0,0,0,0,16,7,1,0,0,0,0,0,0,60,lru,0,0,0,0,0,0,8,8,8,0,0,0,0,0,0,0,0,0,0
layer,56,0,55,118,decode,33,8,8,0,0,0,180,0,0,0,0,14,7,1,0,0,0,0,0,0,60,lru,0,0,0,0,0,0,8,8,8,0,0,0,0,0,0,0,0,0,0
layer,56,0,55,118,decode,34,8,8,0,0,0,161,0,0,0,0,15,7,1,0,0,0,0,0,0,60,lru,0,0,0,0,0,0,8,8,8,0,0,0,0,0,0,0,0,0,0
layer,56,0,55,118,decode,35,8,8,0,0,0,181,0,0,0,0,14,7,1,0,0,0,0,0,0,60,lru,0,0,0,0,0,0,8,8,8,0,0,0,0,0,0,0,0,0,0
layer,56,0,55,118,decode,36,8,8,0,0,0,176,0,0,0,0,15,7,2,0,0,0,0,0,0,60,lru,0,0,0,0,0,0,8,8,8,0,0,0,0,0,0,0,0,0,0
layer,56,0,55,118,decode,37,8,8,0,0,0,183,0,0,0,0,14,6,1,0,0,0,0,0,0,60,lru,0,0,0,0,0,0,8,8,8,0,0,0,0,0,0,0,0,0,0
layer,56,0,55,118,decode,38,8,8,0,0,0,161,0,0,0,0,15,6,1,0,0,0,0,0,0,60,lru,0,0,0,0,0,0,8,8,8,0,0,0,0,0,0,0,0,0,0
layer,56,0,55,118,decode,39,8,8,0,0,0,685,0,0,0,0,15,7,1,0,0,0,0,0,0,60,lru,0,0,0,0,0,0,8,8,8,0,0,0,0,0,0,0,0,0,0
request,56,0,55,0,decode,-1,0,0,0,0,0,0,0,0,0,0,0,0,0,0,0,0,0,0,0,0,,37430,385,0,0,17,0,0,0,0,0,0,0,0,0,0,0,0,0,0
layer,57,0,56,119,decode,0,8,6,2,1047,772,169,246,2,0,2,1319,9,34,0,0,0,0,0,0,60,lru,0,0,0,0,0,0,8,6,8,0,2,0,1,0,0,0,0,0,0
layer,57,0,56,119,decode,1,8,5,3,1514,1121,167,424,2,0,2,1949,7,20,0,0,0,0,0,0,60,lru,0,0,0,0,0,0,8,5,8,0,3,0,1,0,0,0,0,0,0
layer,57,0,56,119,decode,2,8,6,2,988,721,144,307,2,0,2,1244,7,10,0,0,0,0,0,0,60,lru,0,0,0,0,0,0,8,6,8,0,2,0,1,0,0,0,0,0,0
layer,57,0,56,119,decode,3,8,2,6,2985,2239,160,896,2,0,2,3746,7,28,0,0,0,0,0,0,60,lru,0,0,0,0,0,0,8,2,8,0,6,0,0,0,0,0,0,0,0
layer,57,0,56,119,decode,4,8,7,1,514,386,168,277,2,0,2,715,7,30,0,0,0,0,0,0,60,lru,0,0,0,0,0,0,8,7,8,0,1,0,0,0,0,0,0,0,0
layer,57,0,56,119,decode,5,8,6,2,972,731,181,311,3,0,3,1300,8,5,0,0,0,0,0,0,60,lru,0,0,0,0,0,0,8,6,8,0,2,0,0,0,0,0,0,0,0
layer,57,0,56,119,decode,6,8,5,3,1488,1123,144,642,3,0,3,2007,7,20,0,0,0,0,0,0,60,lru,0,0,0,0,0,0,8,5,8,0,3,0,0,0,0,0,0,0,0
layer,57,0,56,119,decode,7,8,7,1,478,386,162,146,2,0,2,676,7,34,0,0,0,0,0,0,60,lru,0,0,0,0,0,0,8,7,8,0,1,0,0,0,0,0,0,0,0
layer,57,0,56,119,decode,8,8,4,4,1994,1508,164,655,3,0,3,2553,7,31,0,0,0,0,0,0,60,lru,0,0,0,0,0,0,8,4,8,0,4,0,0,0,0,0,0,0,0
layer,57,0,56,119,decode,9,8,7,1,489,381,162,141,2,0,2,673,7,26,0,0,0,0,0,0,60,lru,0,0,0,0,0,0,8,7,8,0,1,0,0,0,0,0,0,0,0
layer,57,0,56,119,decode,10,8,6,2,1022,758,147,396,3,0,3,1338,7,18,0,0,0,0,0,0,60,lru,0,0,0,0,0,0,8,6,8,0,2,0,0,0,0,0,0,0,0
layer,57,0,56,119,decode,11,8,8,0,0,0,183,0,0,0,0,17,7,1,0,0,0,0,0,0,60,lru,0,0,0,0,0,0,8,8,8,0,0,0,0,0,0,0,0,0,0
layer,57,0,56,119,decode,12,8,8,0,0,0,176,0,0,0,0,16,6,2,0,0,0,0,0,0,60,lru,0,0,0,0,0,0,8,8,8,0,0,0,0,0,0,0,0,0,0
layer,57,0,56,119,decode,13,8,8,0,0,0,185,0,0,0,0,16,7,1,0,0,0,0,0,0,60,lru,0,0,0,0,0,0,8,8,8,0,0,0,0,0,0,0,0,0,0
layer,57,0,56,119,decode,14,8,7,1,496,386,143,175,2,0,2,665,6,18,0,0,0,0,0,0,60,lru,0,0,0,0,0,0,8,7,8,0,1,0,0,0,0,0,0,0,0
layer,57,0,56,119,decode,15,8,7,1,494,374,173,164,2,0,2,705,7,21,0,0,0,0,0,0,60,lru,0,0,0,0,0,0,8,7,8,0,1,0,0,0,0,0,0,0,0
layer,57,0,56,119,decode,16,8,5,3,1487,1154,166,591,3,0,3,1926,7,20,0,0,0,0,0,0,60,lru,0,0,0,0,0,0,8,5,8,0,3,0,0,0,0,0,0,0,0
layer,57,0,56,119,decode,17,8,8,0,0,0,185,0,0,0,0,17,7,1,0,0,0,0,0,0,60,lru,0,0,0,0,0,0,8,8,8,0,0,0,0,0,0,0,0,0,0
layer,57,0,56,119,decode,18,8,6,2,1233,722,158,423,3,0,3,1603,7,3,0,0,0,0,0,0,60,lru,0,0,0,0,0,0,8,6,8,0,2,0,0,0,0,0,0,0,0
layer,57,0,56,119,decode,19,8,8,0,0,0,181,0,0,0,0,18,7,1,0,0,0,0,0,0,60,lru,0,0,0,0,0,0,8,8,8,0,0,0,0,0,0,0,0,0,0
layer,57,0,56,119,decode,20,8,6,2,966,760,168,375,3,0,3,1267,7,26,0,0,0,0,0,0,60,lru,0,0,0,0,0,0,8,6,8,0,2,0,0,0,0,0,0,0,0
layer,57,0,56,119,decode,21,8,7,1,727,353,175,146,1,0,1,942,7,25,0,0,0,0,0,0,60,lru,0,0,0,0,0,0,8,7,8,0,1,0,1,0,0,0,0,0,0
layer,57,0,56,119,decode,22,8,7,1,498,390,150,154,2,0,2,702,7,30,0,0,0,0,0,0,60,lru,0,0,0,0,0,0,8,7,8,0,1,0,0,0,0,0,0,0,0
layer,57,0,56,119,decode,23,8,8,0,0,0,181,0,0,0,0,17,8,2,0,0,0,0,0,0,60,lru,0,0,0,0,0,0,8,8,8,0,0,0,0,0,0,0,0,0,0
layer,57,0,56,119,decode,24,8,8,0,0,0,176,0,0,0,0,15,7,1,0,0,0,0,0,0,60,lru,0,0,0,0,0,0,8,8,8,0,0,0,0,0,0,0,0,0,0
layer,57,0,56,119,decode,25,8,7,1,505,368,182,83,2,0,2,688,7,2,0,0,0,0,0,0,60,lru,0,0,0,0,0,0,8,7,8,0,1,0,0,0,0,0,0,0,0
layer,57,0,56,119,decode,26,8,4,4,2142,1506,159,827,2,0,2,2648,7,34,0,0,0,0,0,0,60,lru,0,0,0,0,0,0,8,4,8,0,4,0,0,0,0,0,0,0,0
layer,57,0,56,119,decode,27,8,6,2,982,743,173,344,3,0,3,1367,7,24,0,0,0,0,0,0,60,lru,0,0,0,0,0,0,8,6,8,0,2,0,0,0,0,0,0,0,0
layer,57,0,56,119,decode,28,8,8,0,0,0,177,0,0,0,0,17,7,2,0,0,0,0,0,0,60,lru,0,0,0,0,0,0,8,8,8,0,0,0,0,0,0,0,0,0,0
layer,57,0,56,119,decode,29,8,7,1,486,392,160,180,2,0,2,685,6,33,0,0,0,0,0,0,60,lru,0,0,0,0,0,0,8,7,8,0,1,0,0,0,0,0,0,0,0
layer,57,0,56,119,decode,30,8,6,2,971,754,150,390,2,0,2,1329,7,22,0,0,0,0,0,0,60,lru,0,0,0,0,0,0,8,6,8,0,2,0,0,0,0,0,0,0,0
layer,57,0,56,119,decode,31,8,7,1,499,390,162,176,2,0,2,686,7,33,0,0,0,0,0,0,60,lru,0,0,0,0,0,0,8,7,8,0,1,0,0,0,0,0,0,0,0
layer,57,0,56,119,decode,32,8,5,3,1478,1147,155,506,2,0,2,1927,7,25,0,0,0,0,0,0,60,lru,0,0,0,0,0,0,8,5,8,0,3,0,0,0,0,0,0,0,0
layer,57,0,56,119,decode,33,8,7,1,509,350,182,124,2,0,2,732,7,2,0,0,0,0,0,0,60,lru,0,0,0,0,0,0,8,7,8,0,1,0,0,0,0,0,0,0,0
layer,57,0,56,119,decode,34,8,7,1,517,380,161,131,2,0,2,740,7,2,0,0,0,0,0,0,60,lru,0,0,0,0,0,0,8,7,8,0,1,0,0,0,0,0,0,0,0
layer,57,0,56,119,decode,35,8,5,3,1519,1148,168,428,2,0,2,1909,8,23,0,0,0,0,0,0,60,lru,0,0,0,0,0,0,8,5,8,0,3,0,0,0,0,0,0,0,0
layer,57,0,56,119,decode,36,8,7,1,493,376,157,47,1,0,1,702,8,36,0,0,0,0,0,0,60,lru,0,0,0,0,0,0,8,7,8,0,1,0,1,0,0,0,0,0,0
layer,57,0,56,119,decode,37,8,6,2,1047,737,181,316,3,0,3,1334,7,16,0,0,0,0,0,0,60,lru,0,0,0,0,0,0,8,6,8,0,2,0,0,0,0,0,0,0,0
layer,57,0,56,119,decode,38,8,7,1,517,396,146,165,2,0,2,716,7,29,0,0,0,0,0,0,60,lru,0,0,0,0,0,0,8,7,8,0,1,0,0,0,0,0,0,0,0
layer,57,0,56,119,decode,39,8,7,1,547,383,676,146,1,0,1,777,8,10,0,0,0,0,0,0,60,lru,0,0,0,0,0,0,8,7,8,0,1,0,0,0,0,0,0,0,0
request,57,0,56,0,decode,-1,0,0,0,0,0,0,0,0,0,0,0,0,0,0,0,0,0,0,0,0,,50068,456,0,0,17,0,0,0,0,0,0,0,0,0,0,0,0,0,0
layer,58,0,57,120,decode,0,8,7,1,521,383,156,113,2,0,2,709,9,34,0,0,0,0,0,0,60,lru,0,0,0,0,0,0,8,7,8,0,1,0,1,0,0,0,0,0,0
layer,58,0,57,120,decode,1,8,4,4,2016,1506,180,602,3,0,3,2492,8,2,0,0,0,0,0,0,60,lru,0,0,0,0,0,0,8,4,8,0,4,0,0,0,0,0,0,0,0
layer,58,0,57,120,decode,2,8,4,4,1997,1485,143,607,3,0,3,2562,7,25,0,0,0,0,0,0,60,lru,0,0,0,0,0,0,8,4,8,0,4,0,1,0,0,0,0,0,0
layer,58,0,57,120,decode,3,8,6,2,998,757,163,289,3,0,3,1308,7,32,0,0,0,0,0,0,60,lru,0,0,0,0,0,0,8,6,8,0,2,0,0,0,0,0,0,0,0
layer,58,0,57,120,decode,4,8,7,1,481,362,178,191,2,0,2,698,7,2,0,0,0,0,0,0,60,lru,0,0,0,0,0,0,8,7,8,0,1,0,1,0,0,0,0,0,0
layer,58,0,57,120,decode,5,8,6,2,1000,743,161,338,3,0,3,1354,7,33,0,0,0,0,0,0,60,lru,0,0,0,0,0,0,8,6,8,0,2,0,0,0,0,0,0,0,0
layer,58,0,57,120,decode,6,8,8,0,0,0,161,0,0,0,0,17,7,2,0,0,0,0,0,0,60,lru,0,0,0,0,0,0,8,8,8,0,0,0,0,0,0,0,0,0,0
layer,58,0,57,120,decode,7,8,8,0,0,0,183,0,0,0,0,15,7,1,0,0,0,0,0,0,60,lru,0,0,0,0,0,0,8,8,8,0,0,0,0,0,0,0,0,0,0
layer,58,0,57,120,decode,8,8,8,0,0,0,176,0,0,0,0,15,6,2,0,0,0,0,0,0,60,lru,0,0,0,0,0,0,8,8,8,0,0,0,0,0,0,0,0,0,0
layer,58,0,57,120,decode,9,8,8,0,0,0,183,0,0,0,0,15,7,2,0,0,0,0,0,0,60,lru,0,0,0,0,0,0,8,8,8,0,0,0,0,0,0,0,0,0,0
layer,58,0,57,120,decode,10,8,6,2,1247,729,143,282,3,0,3,1507,7,27,0,0,0,0,0,0,60,lru,0,0,0,0,0,0,8,6,8,0,2,0,0,0,0,0,0,0,0
layer,58,0,57,120,decode,11,8,6,2,995,779,160,379,3,0,3,1291,7,19,0,0,0,0,0,0,60,lru,0,0,0,0,0,0,8,6,8,0,2,0,0,0,0,0,0,0,0
layer,58,0,57,120,decode,12,8,8,0,0,0,175,0,0,0,0,18,7,2,0,0,0,0,0,0,60,lru,0,0,0,0,0,0,8,8,8,0,0,0,0,0,0,0,0,0,0
layer,58,0,57,120,decode,13,8,7,1,478,383,163,140,2,0,2,688,7,18,0,0,0,0,0,0,60,lru,0,0,0,0,0,0,8,7,8,0,1,0,0,0,0,0,0,0,0
layer,58,0,57,120,decode,14,8,8,0,0,0,160,0,0,0,0,18,7,2,0,0,0,0,0,0,60,lru,0,0,0,0,0,0,8,8,8,0,0,0,0,0,0,0,0,0,0
layer,58,0,57,120,decode,15,8,6,2,1013,761,161,375,3,0,3,1343,7,21,0,0,0,0,0,0,60,lru,0,0,0,0,0,0,8,6,8,0,2,0,0,0,0,0,0,0,0
layer,58,0,57,120,decode,16,8,8,0,0,0,176,0,0,0,0,17,7,2,0,0,0,0,0,0,60,lru,0,0,0,0,0,0,8,8,8,0,0,0,0,0,0,0,0,0,0
layer,58,0,57,120,decode,17,8,8,0,0,0,183,0,0,0,0,15,6,1,0,0,0,0,0,0,60,lru,0,0,0,0,0,0,8,8,8,0,0,0,0,0,0,0,0,0,0
layer,58,0,57,120,decode,18,8,7,1,507,395,144,122,2,0,2,655,7,23,0,0,0,0,0,0,60,lru,0,0,0,0,0,0,8,7,8,0,1,0,0,0,0,0,0,0,0
layer,58,0,57,120,decode,19,8,8,0,0,0,181,0,0,0,0,17,7,2,0,0,0,0,0,0,60,lru,0,0,0,0,0,0,8,8,8,0,0,0,0,0,0,0,0,0,0
layer,58,0,57,120,decode,20,8,8,0,0,0,176,0,0,0,0,15,7,1,0,0,0,0,0,0,60,lru,0,0,0,0,0,0,8,8,8,0,0,0,0,0,0,0,0,0,0
layer,58,0,57,120,decode,21,8,8,0,0,0,183,0,0,0,0,14,6,1,0,0,0,0,0,0,60,lru,0,0,0,0,0,0,8,8,8,0,0,0,0,0,0,0,0,0,0
layer,58,0,57,120,decode,22,8,8,0,0,0,158,0,0,0,0,15,7,1,0,0,0,0,0,0,60,lru,0,0,0,0,0,0,8,8,8,0,0,0,0,0,0,0,0,0,0
layer,58,0,57,120,decode,23,8,8,0,0,0,181,0,0,0,0,14,7,1,0,0,0,0,0,0,60,lru,0,0,0,0,0,0,8,8,8,0,0,0,0,0,0,0,0,0,0
layer,58,0,57,120,decode,24,8,7,1,500,379,175,177,2,0,2,725,6,24,0,0,0,0,0,0,60,lru,0,0,0,0,0,0,8,7,8,0,1,0,0,0,0,0,0,0,0
layer,58,0,57,120,decode,25,8,8,0,0,0,183,0,0,0,0,17,7,1,0,0,0,0,0,0,60,lru,0,0,0,0,0,0,8,8,8,0,0,0,0,0,0,0,0,0,0
layer,58,0,57,120,decode,26,8,7,1,526,391,145,87,1,0,1,675,7,25,0,0,0,0,0,0,60,lru,0,0,0,0,0,0,8,7,8,0,1,0,0,0,0,0,0,0,0
layer,58,0,57,120,decode,27,8,7,1,498,355,182,142,2,0,2,737,7,2,0,0,0,0,0,0,60,lru,0,0,0,0,0,0,8,7,8,0,1,0,0,0,0,0,0,0,0
layer,58,0,57,120,decode,28,8,7,1,491,387,169,173,2,0,2,710,7,35,0,0,0,0,0,0,60,lru,0,0,0,0,0,0,8,7,8,0,1,0,0,0,0,0,0,0,0
layer,58,0,57,120,decode,29,8,6,2,1012,764,160,200,1,0,1,1295,7,27,0,0,0,0,0,0,60,lru,0,0,0,0,0,0,8,6,8,0,2,0,0,0,0,0,0,0,0
layer,58,0,57,120,decode,30,8,7,1,498,398,143,108,2,0,2,685,7,33,0,0,0,0,0,0,60,lru,0,0,0,0,0,0,8,7,8,0,1,0,0,0,0,0,0,0,0
layer,58,0,57,120,decode,31,8,7,1,501,400,162,142,1,0,1,647,7,24,0,0,0,0,0,0,60,lru,0,0,0,0,0,0,8,7,8,0,1,0,0,0,0,0,0,0,0
layer,58,0,57,120,decode,32,8,7,1,497,397,157,36,1,0,1,645,7,36,0,0,0,0,0,0,60,lru,0,0,0,0,0,0,8,7,8,0,1,0,0,0,0,0,0,0,0
layer,58,0,57,120,decode,33,8,8,0,0,0,182,0,0,0,0,17,7,2,0,0,0,0,0,0,60,lru,0,0,0,0,0,0,8,8,8,0,0,0,0,0,0,0,0,0,0
layer,58,0,57,120,decode,34,8,8,0,0,0,160,0,0,0,0,15,7,2,0,0,0,0,0,0,60,lru,0,0,0,0,0,0,8,8,8,0,0,0,0,0,0,0,0,0,0
layer,58,0,57,120,decode,35,8,8,0,0,0,182,0,0,0,0,15,7,1,0,0,0,0,0,0,60,lru,0,0,0,0,0,0,8,8,8,0,0,0,0,0,0,0,0,0,0
layer,58,0,57,120,decode,36,8,8,0,0,0,175,0,0,0,0,15,7,2,0,0,0,0,0,0,60,lru,0,0,0,0,0,0,8,8,8,0,0,0,0,0,0,0,0,0,0
layer,58,0,57,120,decode,37,8,8,0,0,0,182,0,0,0,0,14,6,1,0,0,0,0,0,0,60,lru,0,0,0,0,0,0,8,8,8,0,0,0,0,0,0,0,0,0,0
layer,58,0,57,120,decode,38,8,7,1,540,411,146,126,2,0,2,684,6,33,0,0,0,0,0,0,60,lru,0,0,0,0,0,0,8,7,8,0,1,0,0,0,0,0,0,0,0
layer,58,0,57,120,decode,39,8,7,1,654,378,687,89,2,0,2,860,7,3,0,0,0,0,0,0,60,lru,0,0,0,0,0,0,8,7,8,0,1,0,0,0,0,0,0,0,0
request,58,0,57,0,decode,-1,0,0,0,0,0,0,0,0,0,0,0,0,0,0,0,0,0,0,0,0,,30921,333,0,0,16,0,0,0,0,0,0,0,0,0,0,0,0,0,0
layer,59,0,58,121,decode,0,8,5,3,1595,1080,161,474,2,0,2,2120,9,14,0,0,0,0,0,0,60,lru,0,0,0,0,0,0,8,5,8,0,3,0,0,0,0,0,0,0,0
layer,59,0,58,121,decode,1,8,5,3,1524,1118,178,472,3,0,3,1942,7,2,0,0,0,0,0,0,60,lru,0,0,0,0,0,0,8,5,8,0,3,0,1,0,0,0,0,0,0
layer,59,0,58,121,decode,2,8,5,3,1502,1122,144,453,3,0,3,1966,7,27,0,0,0,0,0,0,60,lru,0,0,0,0,0,0,8,5,8,0,3,0,0,0,0,0,0,0,0
layer,59,0,58,121,decode,3,8,2,6,3022,2229,158,924,3,0,3,3822,7,32,0,0,0,0,0,0,60,lru,0,0,0,0,0,0,8,2,8,0,6,0,0,0,0,0,0,0,0
layer,59,0,58,121,decode,4,8,7,1,485,381,157,76,2,0,2,663,7,27,0,0,0,0,0,0,60,lru,0,0,0,0,0,0,8,7,8,0,1,0,1,0,0,0,0,0,0
layer,59,0,58,121,decode,5,8,7,1,490,366,175,192,2,0,2,734,7,29,0,0,0,0,0,0,60,lru,0,0,0,0,0,0,8,7,8,0,1,0,0,0,0,0,0,0,0
layer,59,0,58,121,decode,6,8,8,0,0,0,160,0,0,0,0,18,7,2,0,0,0,0,0,0,60,lru,0,0,0,0,0,0,8,8,8,0,0,0,0,0,0,0,0,0,0
layer,59,0,58,121,decode,7,8,7,1,489,374,175,215,2,0,2,682,6,8,0,0,0,0,0,0,60,lru,0,0,0,0,0,0,8,7,8,0,1,0,0,0,0,0,0,0,0
layer,59,0,58,121,decode,8,8,6,2,967,759,156,219,3,0,3,1300,7,25,0,0,0,0,0,0,60,lru,0,0,0,0,0,0,8,6,8,0,2,0,0,0,0,0,0,0,0
layer,59,0,58,121,decode,9,8,6,2,1027,780,182,277,3,0,3,1269,7,2,0,0,0,0,0,0,60,lru,0,0,0,0,0,0,8,6,8,0,2,0,0,0,0,0,0,0,0
layer,59,0,58,121,decode,10,8,7,1,523,343,160,162,2,0,2,738,8,2,0,0,0,0,0,0,60,lru,0,0,0,0,0,0,8,7,8,0,1,0,0,0,0,0,0,0,0
layer,59,0,58,121,decode,11,8,8,0,0,0,182,0,0,0,0,17,7,1,0,0,0,0,0,0,60,lru,0,0,0,0,0,0,8,8,8,0,0,0,0,0,0,0,0,0,0
layer,59,0,58,121,decode,12,8,8,0,0,0,175,0,0,0,0,16,7,2,0,0,0,0,0,0,60,lru,0,0,0,0,0,0,8,8,8,0,0,0,0,0,0,0,0,0,0
layer,59,0,58,121,decode,13,8,7,1,498,371,162,186,2,0,2,706,6,25,0,0,0,0,0,0,60,lru,0,0,0,0,0,0,8,7,8,0,1,0,0,0,0,0,0,0,0
layer,59,0,58,121,decode,14,8,6,2,981,755,143,331,2,0,2,1299,7,30,0,0,0,0,0,0,60,lru,0,0,0,0,0,0,8,6,8,0,2,0,0,0,0,0,0,0,0
layer,59,0,58,121,decode,15,8,7,1,491,377,173,213,2,0,2,721,7,31,0,0,0,0,0,0,60,lru,0,0,0,0,0,0,8,7,8,0,1,0,0,0,0,0,0,0,0
layer,59,0,58,121,decode,16,8,8,0,0,0,175,0,0,0,0,17,6,2,0,0,0,0,0,0,60,lru,0,0,0,0,0,0,8,8,8,0,0,0,0,0,0,0,0,0,0
layer,59,0,58,121,decode,17,8,8,0,0,0,184,0,0,0,0,14,6,1,0,0,0,0,0,0,60,lru,0,0,0,0,0,0,8,8,8,0,0,0,0,0,0,0,0,0,0
layer,59,0,58,121,decode,18,8,8,0,0,0,157,0,0,0,0,16,6,1,0,0,0,0,0,0,60,lru,0,0,0,0,0,0,8,8,8,0,0,0,0,0,0,0,0,0,0
layer,59,0,58,121,decode,19,8,7,1,477,376,169,137,2,0,2,681,7,18,0,0,0,0,0,0,60,lru,0,0,0,0,0,0,8,7,8,0,1,0,0,0,0,0,0,0,0
layer,59,0,58,121,decode,20,8,7,1,480,389,156,184,2,0,2,683,8,28,0,0,0,0,0,0,60,lru,0,0,0,0,0,0,8,7,8,0,1,0,0,0,0,0,0,0,0
layer,59,0,58,121,decode,21,8,7,1,493,369,176,222,1,0,1,711,7,19,0,0,0,0,0,0,60,lru,0,0,0,0,0,0,8,7,8,0,1,0,0,0,0,0,0,0,0
layer,59,0,58,121,decode,22,8,8,0,0,0,160,0,0,0,0,17,7,1,0,0,0,0,0,0,60,lru,0,0,0,0,0,0,8,8,8,0,0,0,0,0,0,0,0,0,0
layer,59,0,58,121,decode,23,8,7,1,484,384,173,170,2,0,2,730,7,19,0,0,0,0,0,0,60,lru,0,0,0,0,0,0,8,7,8,0,1,0,0,0,0,0,0,0,0
layer,59,0,58,121,decode,24,8,7,1,489,391,156,147,2,0,2,674,7,28,0,0,0,0,0,0,60,lru,0,0,0,0,0,0,8,7,8,0,1,0,0,0,0,0,0,0,0
layer,59,0,58,121,decode,25,8,8,0,0,0,182,0,0,0,0,17,7,1,0,0,0,0,0,0,60,lru,0,0,0,0,0,0,8,8,8,0,0,0,0,0,0,0,0,0,0
layer,59,0,58,121,decode,26,8,8,0,0,0,160,0,0,0,0,15,7,2,0,0,0,0,0,0,60,lru,0,0,0,0,0,0,8,8,8,0,0,0,0,0,0,0,0,0,0
layer,59,0,58,121,decode,27,8,7,1,481,379,161,137,2,0,2,707,6,21,0,0,0,0,0,0,60,lru,0,0,0,0,0,0,8,7,8,0,1,0,0,0,0,0,0,0,0
layer,59,0,58,121,decode,28,8,7,1,497,402,156,68,2,0,2,654,7,30,0,0,0,0,0,0,60,lru,0,0,0,0,0,0,8,7,8,0,1,0,0,0,0,0,0,0,0
layer,59,0,58,121,decode,29,8,8,0,0,0,184,0,0,0,0,16,7,1,0,0,0,0,0,0,60,lru,0,0,0,0,0,0,8,8,8,0,0,0,0,0,0,0,0,0,0
layer,59,0,58,121,decode,30,8,7,1,564,370,150,118,2,0,2,747,6,30,0,0,0,0,0,0,60,lru,0,0,0,0,0,0,8,7,8,0,1,0,0,0,0,0,0,0,0
layer,59,0,58,121,decode,31,8,7,1,487,374,168,167,1,0,1,705,7,30,0,0,0,0,0,0,60,lru,0,0,0,0,0,0,8,7,8,0,1,0,0,0,0,0,0,0,0
layer,59,0,58,121,decode,32,8,8,0,0,0,176,0,0,0,0,16,6,2,0,0,0,0,0,0,60,lru,0,0,0,0,0,0,8,8,8,0,0,0,0,0,0,0,0,0,0
layer,59,0,58,121,decode,33,8,8,0,0,0,181,0,0,0,0,15,7,1,0,0,0,0,0,0,60,lru,0,0,0,0,0,0,8,8,8,0,0,0,0,0,0,0,0,0,0
layer,59,0,58,121,decode,34,8,8,0,0,0,161,0,0,0,0,15,6,1,0,0,0,0,0,0,60,lru,0,0,0,0,0,0,8,8,8,0,0,0,0,0,0,0,0,0,0
layer,59,0,58,121,decode,35,8,8,0,0,0,181,0,0,0,0,15,7,1,0,0,0,0,0,0,60,lru,0,0,0,0,0,0,8,8,8,0,0,0,0,0,0,0,0,0,0
layer,59,0,58,121,decode,36,8,8,0,0,0,176,0,0,0,0,15,7,2,0,0,0,0,0,0,60,lru,0,0,0,0,0,0,8,8,8,0,0,0,0,0,0,0,0,0,0
layer,59,0,58,121,decode,37,8,8,0,0,0,183,0,0,0,0,15,6,1,0,0,0,0,0,0,60,lru,0,0,0,0,0,0,8,8,8,0,0,0,0,0,0,0,0,0,0
layer,59,0,58,121,decode,38,8,7,1,511,400,146,143,2,0,2,692,6,19,0,0,0,0,0,0,60,lru,0,0,0,0,0,0,8,7,8,0,1,0,0,0,0,0,0,0,0
layer,59,0,58,121,decode,39,8,8,0,0,0,686,0,0,0,0,16,7,1,0,0,0,0,0,0,60,lru,0,0,0,0,0,0,8,8,8,0,0,0,0,0,0,0,0,0,0
request,59,0,58,0,decode,-1,0,0,0,0,0,0,0,0,0,0,0,0,0,0,0,0,0,0,0,0,,33475,355,0,0,21,0,0,0,0,0,0,0,0,0,0,0,0,0,0
layer,60,0,59,122,decode,0,8,6,2,1347,730,176,333,2,0,2,1636,10,3,0,0,0,0,0,0,60,lru,0,0,0,0,0,0,8,6,8,0,2,0,0,0,0,0,0,0,0
layer,60,0,59,122,decode,1,8,6,2,990,744,163,308,3,0,3,1268,7,32,0,0,0,0,0,0,60,lru,0,0,0,0,0,0,8,6,8,0,2,0,1,0,0,0,0,0,0
layer,60,0,59,122,decode,2,8,4,4,2012,1496,141,794,3,0,3,2578,7,29,0,0,0,0,0,0,60,lru,0,0,0,0,0,0,8,4,8,0,4,0,0,0,0,0,0,0,0
layer,60,0,59,122,decode,3,8,8,0,0,0,182,0,0,0,0,17,7,2,0,0,0,0,0,0,60,lru,0,0,0,0,0,0,8,8,8,0,0,0,0,0,0,0,0,0,0
layer,60,0,59,122,decode,4,8,4,4,2233,1448,164,640,3,0,3,2770,7,19,0,0,0,0,0,0,60,lru,0,0,0,0,0,0,8,4,8,0,4,0,0,0,0,0,0,0,0
layer,60,0,59,122,decode,5,8,7,1,492,369,162,156,2,0,2,673,7,21,0,0,0,0,0,0,60,lru,0,0,0,0,0,0,8,7,8,0,1,0,1,0,0,0,0,0,0
layer,60,0,59,122,decode,6,8,7,1,485,389,152,178,2,0,2,718,7,33,0,0,0,0,0,0,60,lru,0,0,0,0,0,0,8,7,8,0,1,0,0,0,0,0,0,0,0
layer,60,0,59,122,decode,7,8,8,0,0,0,183,0,0,0,0,16,7,1,0,0,0,0,0,0,60,lru,0,0,0,0,0,0,8,8,8,0,0,0,0,0,0,0,0,0,0
layer,60,0,59,122,decode,8,8,8,0,0,0,176,0,0,0,0,16,7,1,0,0,0,0,0,0,60,lru,0,0,0,0,0,0,8,8,8,0,0,0,0,0,0,0,0,0,0
layer,60,0,59,122,decode,9,8,8,0,0,0,183,0,0,0,0,15,7,1,0,0,0,0,0,0,60,lru,0,0,0,0,0,0,8,8,8,0,0,0,0,0,0,0,0,0,0
layer,60,0,59,122,decode,10,8,8,0,0,0,159,0,0,0,0,16,7,2,0,0,0,0,0,0,60,lru,0,0,0,0,0,0,8,8,8,0,0,0,0,0,0,0,0,0,0
layer,60,0,59,122,decode,11,8,7,1,476,386,161,185,2,0,2,685,7,32,0,0,0,0,0,0,60,lru,0,0,0,0,0,0,8,7,8,0,1,0,0,0,0,0,0,0,0
layer,60,0,59,122,decode,12,8,7,1,490,386,156,120,2,0,2,666,7,19,0,0,0,0,0,0,60,lru,0,0,0,0,0,0,8,7,8,0,1,0,0,0,0,0,0,0,0
layer,60,0,59,122,decode,13,8,8,0,0,0,183,0,0,0,0,17,7,1,0,0,0,0,0,0,60,lru,0,0,0,0,0,0,8,8,8,0,0,0,0,0,0,0,0,0,0
layer,60,0,59,122,decode,14,8,6,2,1295,742,143,329,3,0,3,1623,7,28,0,0,0,0,0,0,60,lru,0,0,0,0,0,0,8,6,8,0,2,0,0,0,0,0,0,0,0
layer,60,0,59,122,decode,15,8,6,2,1233,746,162,350,3,0,3,1499,7,26,0,0,0,0,0,0,60,lru,0,0,0,0,0,0,8,6,8,0,2,0,1,0,0,0,0,0,0
layer,60,0,59,122,decode,16,8,6,2,1058,729,177,356,4,0,4,1407,7,2,0,0,0,0,0,0,60,lru,0,0,0,0,0,0,8,6,8,0,2,0,0,0,0,0,0,0,0
layer,60,0,59,122,decode,17,8,8,0,0,0,184,0,0,0,0,17,7,1,0,0,0,0,0,0,60,lru,0,0,0,0,0,0,8,8,8,0,0,0,0,0,0,0,0,0,0
layer,60,0,59,122,decode,18,8,8,0,0,0,158,0,0,0,0,16,7,1,0,0,0,0,0,0,60,lru,0,0,0,0,0,0,8,8,8,0,0,0,0,0,0,0,0,0,0
layer,60,0,59,122,decode,19,8,8,0,0,0,180,0,0,0,0,16,7,1,0,0,0,0,0,0,60,lru,0,0,0,0,0,0,8,8,8,0,0,0,0,0,0,0,0,0,0
layer,60,0,59,122,decode,20,8,8,0,0,0,175,0,0,0,0,15,7,1,0,0,0,0,0,0,60,lru,0,0,0,0,0,0,8,8,8,0,0,0,0,0,0,0,0,0,0
layer,60,0,59,122,decode,21,8,8,0,0,0,184,0,0,0,0,15,6,1,0,0,0,0,0,0,60,lru,0,0,0,0,0,0,8,8,8,0,0,0,0,0,0,0,0,0,0
layer,60,0,59,122,decode,22,8,7,1,514,368,160,197,2,0,2,742,7,2,0,0,0,0,0,0,60,lru,0,0,0,0,0,0,8,7,8,0,1,0,0,0,0,0,0,0,0
layer,60,0,59,122,decode,23,8,7,1,485,369,161,146,2,0,2,689,7,17,0,0,0,0,0,0,60,lru,0,0,0,0,0,0,8,7,8,0,1,0,0,0,0,0,0,0,0
layer,60,0,59,122,decode,24,8,8,0,0,0,176,0,0,0,0,17,7,1,0,0,0,0,0,0,60,lru,0,0,0,0,0,0,8,8,8,0,0,0,0,0,0,0,0,0,0
layer,60,0,59,122,decode,25,8,8,0,0,0,181,0,0,0,0,15,6,1,0,0,0,0,0,0,60,lru,0,0,0,0,0,0,8,8,8,0,0,0,0,0,0,0,0,0,0
layer,60,0,59,122,decode,26,8,8,0,0,0,159,0,0,0,0,15,6,1,0,0,0,0,0,0,60,lru,0,0,0,0,0,0,8,8,8,0,0,0,0,0,0,0,0,0,0
layer,60,0,59,122,decode,27,8,7,1,478,399,159,193,1,0,1,675,6,32,0,0,0,0,0,0,60,lru,0,0,0,0,0,0,8,7,8,0,1,0,0,0,0,0,0,0,0
layer,60,0,59,122,decode,28,8,7,1,494,388,157,96,2,0,2,674,7,35,0,0,0,0,0,0,60,lru,0,0,0,0,0,0,8,7,8,0,1,0,0,0,0,0,0,0,0
layer,60,0,59,122,decode,29,8,8,0,0,0,182,0,0,0,0,16,7,1,0,0,0,0,0,0,60,lru,0,0,0,0,0,0,8,8,8,0,0,0,0,0,0,0,0,0,0
layer,60,0,59,122,decode,30,8,8,0,0,0,157,0,0,0,0,15,7,1,0,0,0,0,0,0,60,lru,0,0,0,0,0,0,8,8,8,0,0,0,0,0,0,0,0,0,0
layer,60,0,59,122,decode,31,8,8,0,0,0,181,0,0,0,0,15,7,1,0,0,0,0,0,0,60,lru,0,0,0,0,0,0,8,8,8,0,0,0,0,0,0,0,0,0,0
layer,60,0,59,122,decode,32,8,8,0,0,0,176,0,0,0,0,15,7,1,0,0,0,0,0,0,60,lru,0,0,0,0,0,0,8,8,8,0,0,0,0,0,0,0,0,0,0
layer,60,0,59,122,decode,33,8,8,0,0,0,182,0,0,0,0,15,7,1,0,0,0,0,0,0,60,lru,0,0,0,0,0,0,8,8,8,0,0,0,0,0,0,0,0,0,0
layer,60,0,59,122,decode,34,8,8,0,0,0,160,0,0,0,0,15,6,1,0,0,0,0,0,0,60,lru,0,0,0,0,0,0,8,8,8,0,0,0,0,0,0,0,0,0,0
layer,60,0,59,122,decode,35,8,8,0,0,0,182,0,0,0,0,16,7,1,0,0,0,0,0,0,60,lru,0,0,0,0,0,0,8,8,8,0,0,0,0,0,0,0,0,0,0
layer,60,0,59,122,decode,36,8,8,0,0,0,176,0,0,0,0,15,6,2,0,0,0,0,0,0,60,lru,0,0,0,0,0,0,8,8,8,0,0,0,0,0,0,0,0,0,0
layer,60,0,59,122,decode,37,8,8,0,0,0,183,0,0,0,0,14,6,1,0,0,0,0,0,0,60,lru,0,0,0,0,0,0,8,8,8,0,0,0,0,0,0,0,0,0,0
layer,60,0,59,122,decode,38,8,8,0,0,0,162,0,0,0,0,15,6,2,0,0,0,0,0,0,60,lru,0,0,0,0,0,0,8,8,8,0,0,0,0,0,0,0,0,0,0
layer,60,0,59,122,decode,39,8,8,0,0,0,685,0,0,0,0,15,7,1,0,0,0,0,0,0,60,lru,0,0,0,0,0,0,8,8,8,0,0,0,0,0,0,0,0,0,0
request,60,0,59,0,decode,-1,0,0,0,0,0,0,0,0,0,0,0,0,0,0,0,0,0,0,0,0,,26843,304,0,0,16,0,0,0,0,0,0,0,0,0,0,0,0,0,0
layer,61,0,60,123,decode,0,8,3,5,2588,1898,176,811,2,0,2,3191,9,3,0,0,0,0,0,0,60,lru,0,0,0,0,0,0,8,3,8,0,5,0,0,0,0,0,0,0,0
layer,61,0,60,123,decode,1,8,1,7,3597,2564,157,960,2,0,2,4424,7,30,0,0,0,0,0,0,60,lru,0,0,0,0,0,0,8,1,8,0,7,0,1,0,0,0,0,0,0
layer,61,0,60,123,decode,2,8,5,3,1572,1140,148,401,3,0,3,2042,7,20,0,0,0,0,0,0,60,lru,0,0,0,0,0,0,8,5,8,0,3,0,1,0,0,0,0,0,0
layer,61,0,60,123,decode,3,8,6,2,979,754,174,319,3,0,3,1253,8,32,0,0,0,0,0,0,60,lru,0,0,0,0,0,0,8,6,8,0,2,0,0,0,0,0,0,0,0
layer,61,0,60,123,decode,4,8,5,3,1531,1097,174,467,3,0,3,2005,7,2,0,0,0,0,0,0,60,lru,0,0,0,0,0,0,8,5,8,0,3,0,0,0,0,0,0,0,0
layer,61,0,60,123,decode,5,8,6,2,978,747,160,228,2,0,2,1251,7,21,0,0,0,0,0,0,60,lru,0,0,0,0,0,0,8,6,8,0,2,0,0,0,0,0,0,0,0
layer,61,0,60,123,decode,6,8,7,1,494,377,161,236,2,0,2,717,7,2,0,0,0,0,0,0,60,lru,0,0,0,0,0,0,8,7,8,0,1,0,1,0,0,0,0,0,0
layer,61,0,60,123,decode,7,8,7,1,496,383,162,109,2,0,2,656,7,29,0,0,0,0,0,0,60,lru,0,0,0,0,0,0,8,7,8,0,1,0,0,0,0,0,0,0,0
layer,61,0,60,123,decode,8,8,5,3,1623,1124,156,451,3,0,3,2023,7,17,0,0,0,0,0,0,60,lru,0,0,0,0,0,0,8,5,8,0,3,0,0,0,0,0,0,0,0
layer,61,0,60,123,decode,9,8,8,0,0,0,183,0,0,0,0,17,7,1,0,0,0,0,0,0,60,lru,0,0,0,0,0,0,8,8,8,0,0,0,0,0,0,0,0,0,0
layer,61,0,60,123,decode,10,8,8,0,0,0,159,0,0,0,0,15,7,2,0,0,0,0,0,0,60,lru,0,0,0,0,0,0,8,8,8,0,0,0,0,0,0,0,0,0,0
layer,61,0,60,123,decode,11,8,7,1,497,383,167,197,2,0,2,689,7,23,0,0,0,0,0,0,60,lru,0,0,0,0,0,0,8,7,8,0,1,0,0,0,0,0,0,0,0
layer,61,0,60,123,decode,12,8,6,2,994,737,158,284,2,0,2,1366,8,23,0,0,0,0,0,0,60,lru,0,0,0,0,0,0,8,6,8,0,2,0,0,0,0,0,0,0,0
layer,61,0,60,123,decode,13,8,6,2,1005,749,181,270,3,0,3,1305,7,2,0,0,0,0,0,0,60,lru,0,0,0,0,0,0,8,6,8,0,2,0,0,0,0,0,0,0,0
layer,61,0,60,123,decode,14,8,7,1,509,380,150,203,2,0,2,730,7,32,0,0,0,0,0,0,60,lru,0,0,0,0,0,0,8,7,8,0,1,0,0,0,0,0,0,0,0
layer,61,0,60,123,decode,15,8,8,0,0,0,182,0,0,0,0,17,7,1,0,0,0,0,0,0,60,lru,0,0,0,0,0,0,8,8,8,0,0,0,0,0,0,0,0,0,0
layer,61,0,60,123,decode,16,8,6,2,982,770,157,371,2,0,2,1265,6,30,0,0,0,0,0,0,60,lru,0,0,0,0,0,0,8,6,8,0,2,0,0,0,0,0,0,0,0
layer,61,0,60,123,decode,17,8,7,1,494,396,165,152,2,0,2,685,7,28,0,0,0,0,0,0,60,lru,0,0,0,0,0,0,8,7,8,0,1,0,0,0,0,0,0,0,0
layer,61,0,60,123,decode,18,8,8,0,0,0,159,0,0,0,0,17,7,2,0,0,0,0,0,0,60,lru,0,0,0,0,0,0,8,8,8,0,0,0,0,0,0,0,0,0,0
layer,61,0,60,123,decode,19,8,8,0,0,0,180,0,0,0,0,16,7,2,0,0,0,0,0,0,60,lru,0,0,0,0,0,0,8,8,8,0,0,0,0,0,0,0,0,0,0
layer,61,0,60,123,decode,20,8,7,1,481,370,176,148,1,0,1,700,7,29,0,0,0,0,0,0,60,lru,0,0,0,0,0,0,8,7,8,0,1,0,0,0,0,0,0,0,0
layer,61,0,60,123,decode,21,8,8,0,0,0,183,0,0,0,0,16,7,2,0,0,0,0,0,0,60,lru,0,0,0,0,0,0,8,8,8,0,0,0,0,0,0,0,0,0,0
layer,61,0,60,123,decode,22,8,6,2,1017,726,143,208,3,0,3,1365,7,22,0,0,0,0,0,0,60,lru,0,0,0,0,0,0,8,6,8,0,2,0,0,0,0,0,0,0,0
layer,61,0,60,123,decode,23,8,7,1,505,388,182,286,2,0,2,734,7,11,0,0,0,0,0,0,60,lru,0,0,0,0,0,0,8,7,8,0,1,0,0,0,0,0,0,0,0
layer,61,0,60,123,decode,24,8,7,1,488,384,156,185,2,0,2,711,8,18,0,0,0,0,0,0,60,lru,0,0,0,0,0,0,8,7,8,0,1,0,0,0,0,0,0,0,0
layer,61,0,60,123,decode,25,8,7,1,505,345,182,210,1,0,1,742,7,15,0,0,0,0,0,0,60,lru,0,0,0,0,0,0,8,7,8,0,1,0,0,0,0,0,0,0,0
layer,61,0,60,123,decode,26,8,7,1,527,384,145,87,1,0,1,688,7,31,0,0,0,0,0,0,60,lru,0,0,0,0,0,0,8,7,8,0,1,0,0,0,0,0,0,0,0
layer,61,0,60,123,decode,27,8,8,0,0,0,180,0,0,0,0,17,8,1,0,0,0,0,0,0,60,lru,0,0,0,0,0,0,8,8,8,0,0,0,0,0,0,0,0,0,0
layer,61,0,60,123,decode,28,8,7,1,476,368,156,178,2,0,2,706,7,18,0,0,0,0,0,0,60,lru,0,0,0,0,0,0,8,7,8,0,1,0,0,0,0,0,0,0,0
layer,61,0,60,123,decode,29,8,8,0,0,0,180,0,0,0,0,17,8,2,0,0,0,0,0,0,60,lru,0,0,0,0,0,0,8,8,8,0,0,0,0,0,0,0,0,0,0
layer,61,0,60,123,decode,30,8,6,2,1006,780,158,163,3,0,3,1282,7,7,0,0,0,0,0,0,60,lru,0,0,0,0,0,0,8,6,8,0,2,0,0,0,0,0,0,0,0
layer,61,0,60,123,decode,31,8,7,1,499,384,161,173,1,0,1,682,7,20,0,0,0,0,0,0,60,lru,0,0,0,0,0,0,8,7,8,0,1,0,0,0,0,0,0,0,0
layer,61,0,60,123,decode,32,8,7,1,497,374,155,117,1,0,1,679,7,24,0,0,0,0,0,0,60,lru,0,0,0,0,0,0,8,7,8,0,1,0,0,0,0,0,0,0,0
layer,61,0,60,123,decode,33,8,7,1,522,376,176,244,2,0,2,716,7,22,0,0,0,0,0,0,60,lru,0,0,0,0,0,0,8,7,8,0,1,0,0,0,0,0,0,0,0
layer,61,0,60,123,decode,34,8,4,4,2154,1588,141,482,3,0,3,2718,7,32,0,0,0,0,0,0,60,lru,0,0,0,0,0,0,8,4,8,0,4,0,0,0,0,0,0,0,0
layer,61,0,60,123,decode,35,8,8,0,0,0,182,0,0,0,0,17,8,2,0,0,0,0,0,0,60,lru,0,0,0,0,0,0,8,8,8,0,0,0,0,0,0,0,0,0,0
layer,61,0,60,123,decode,36,8,6,2,1020,769,155,293,3,0,3,1239,7,28,0,0,0,0,0,0,60,lru,0,0,0,0,0,0,8,6,8,0,2,0,0,0,0,0,0,0,0
layer,61,0,60,123,decode,37,8,8,0,0,0,182,0,0,0,0,17,7,1,0,0,0,0,0,0,60,lru,0,0,0,0,0,0,8,8,8,0,0,0,0,0,0,0,0,0,0
layer,61,0,60,123,decode,38,8,8,0,0,0,160,0,0,0,0,15,7,2,0,0,0,0,0,0,60,lru,0,0,0,0,0,0,8,8,8,0,0,0,0,0,0,0,0,0,0
layer,61,0,60,123,decode,39,8,7,1,540,411,677,241,2,0,2,752,7,30,0,0,0,0,0,0,60,lru,0,0,0,0,0,0,8,7,8,0,1,0,0,0,0,0,0,0,0
request,61,0,60,0,decode,-1,0,0,0,0,0,0,0,0,0,0,0,0,0,0,0,0,0,0,0,0,,45775,424,0,0,15,0,0,0,0,0,0,0,0,0,0,0,0,0,0
layer,62,0,61,124,decode,0,8,2,6,3169,2287,154,728,3,0,3,3941,9,20,0,0,0,0,0,0,60,lru,0,0,0,0,0,0,8,2,8,0,6,0,1,0,0,0,0,0,0
layer,62,0,61,124,decode,1,8,1,7,3547,2581,156,980,2,0,2,4379,7,33,0,0,0,0,0,0,60,lru,0,0,0,0,0,0,8,1,8,0,7,0,0,0,0,0,0,0,0
layer,62,0,61,124,decode,2,8,6,2,981,729,143,252,2,0,2,1304,7,24,0,0,0,0,0,0,60,lru,0,0,0,0,0,0,8,6,8,0,2,0,0,0,0,0,0,0,0
layer,62,0,61,124,decode,3,8,4,4,1972,1462,161,735,3,0,3,2611,7,22,0,0,0,0,0,0,60,lru,0,0,0,0,0,0,8,4,8,0,4,0,1,0,0,0,0,0,0
layer,62,0,61,124,decode,4,8,5,3,1500,1134,158,545,3,0,3,1956,7,12,0,0,0,0,0,0,60,lru,0,0,0,0,0,0,8,5,8,0,3,0,0,0,0,0,0,0,0
layer,62,0,61,124,decode,5,8,6,2,989,733,179,292,2,0,2,1307,7,2,0,0,0,0,0,0,60,lru,0,0,0,0,0,0,8,6,8,0,2,0,0,0,0,0,0,0,0
layer,62,0,61,124,decode,6,8,7,1,495,390,161,185,2,0,2,679,7,11,0,0,0,0,0,0,60,lru,0,0,0,0,0,0,8,7,8,0,1,0,0,0,0,0,0,0,0
layer,62,0,61,124,decode,7,8,5,3,1449,1142,180,442,2,0,2,1885,8,7,0,0,0,0,0,0,60,lru,0,0,0,0,0,0,8,5,8,0,3,0,0,0,0,0,0,0,0
layer,62,0,61,124,decode,8,8,5,3,1523,1152,173,553,3,0,3,1873,7,2,0,0,0,0,0,0,60,lru,0,0,0,0,0,0,8,5,8,0,3,0,0,0,0,0,0,0,0
layer,62,0,61,124,decode,9,8,5,3,1468,1118,181,507,3,0,3,1922,7,3,0,0,0,0,0,0,60,lru,0,0,0,0,0,0,8,5,8,0,3,0,1,0,0,0,0,0,0
layer,62,0,61,124,decode,10,8,7,1,495,355,159,178,2,0,2,725,7,2,0,0,0,0,0,0,60,lru,0,0,0,0,0,0,8,7,8,0,1,0,0,0,0,0,0,0,0
layer,62,0,61,124,decode,11,8,8,0,0,0,181,0,0,0,0,17,7,2,0,0,0,0,0,0,60,lru,0,0,0,0,0,0,8,8,8,0,0,0,0,0,0,0,0,0,0
layer,62,0,61,124,decode,12,8,7,1,481,377,176,234,2,0,2,685,7,13,0,0,0,0,0,0,60,lru,0,0,0,0,0,0,8,7,8,0,1,0,0,0,0,0,0,0,0
layer,62,0,61,124,decode,13,8,6,2,1002,778,161,371,3,0,3,1297,8,19,0,0,0,0,0,0,60,lru,0,0,0,0,0,0,8,6,8,0,2,0,0,0,0,0,0,0,0
layer,62,0,61,124,decode,14,8,5,3,1511,1119,151,489,3,0,3,1975,8,31,0,0,0,0,0,0,60,lru,0,0,0,0,0,0,8,5,8,0,3,0,0,0,0,0,0,0,0
layer,62,0,61,124,decode,15,8,6,2,974,782,180,376,3,0,3,1291,7,2,0,0,0,0,0,0,60,lru,0,0,0,0,0,0,8,6,8,0,2,0,1,0,0,0,0,0,0
layer,62,0,61,124,decode,16,8,5,3,1459,1109,175,384,3,0,3,1951,7,2,0,0,0,0,0,0,60,lru,0,0,0,0,0,0,8,5,8,0,3,0,0,0,0,0,0,0,0
layer,62,0,61,124,decode,17,8,5,3,1488,1137,182,465,3,0,3,1914,7,2,0,0,0,0,0,0,60,lru,0,0,0,0,0,0,8,5,8,0,3,0,0,0,0,0,0,0,0
layer,62,0,61,124,decode,18,8,6,2,1017,748,156,367,3,0,3,1356,7,2,0,0,0,0,0,0,60,lru,0,0,0,0,0,0,8,6,8,0,2,0,0,0,0,0,0,0,0
layer,62,0,61,124,decode,19,8,8,0,0,0,181,0,0,0,0,17,7,2,0,0,0,0,0,0,60,lru,0,0,0,0,0,0,8,8,8,0,0,0,0,0,0,0,0,0,0
layer,62,0,61,124,decode,20,8,7,1,484,387,155,57,2,0,2,653,7,19,0,0,0,0,0,0,60,lru,0,0,0,0,0,0,8,7,8,0,1,0,0,0,0,0,0,0,0
layer,62,0,61,124,decode,21,8,8,0,0,0,184,0,0,0,0,17,7,1,0,0,0,0,0,0,60,lru,0,0,0,0,0,0,8,8,8,0,0,0,0,0,0,0,0,0,0
layer,62,0,61,124,decode,22,8,6,2,1024,774,143,395,3,0,3,1280,6,26,0,0,0,0,0,0,60,lru,0,0,0,0,0,0,8,6,8,0,2,0,0,0,0,0,0,0,0
layer,62,0,61,124,decode,23,8,6,2,1024,790,172,354,3,0,3,1275,7,15,0,0,0,0,0,0,60,lru,0,0,0,0,0,0,8,6,8,0,2,0,0,0,0,0,0,0,0
layer,62,0,61,124,decode,24,8,7,1,485,398,167,161,2,0,2,711,7,21,0,0,0,0,0,0,60,lru,0,0,0,0,0,0,8,7,8,0,1,0,1,0,0,0,0,0,0
layer,62,0,61,124,decode,25,8,7,1,503,381,182,150,1,0,1,684,7,2,0,0,0,0,0,0,60,lru,0,0,0,0,0,0,8,7,8,0,1,0,0,0,0,0,0,0,0
layer,62,0,61,124,decode,26,8,7,1,519,380,159,199,1,0,1,761,7,2,0,0,0,0,0,0,60,lru,0,0,0,0,0,0,8,7,8,0,1,0,0,0,0,0,0,0,0
layer,62,0,61,124,decode,27,8,7,1,488,392,161,187,2,0,2,685,8,17,0,0,0,0,0,0,60,lru,0,0,0,0,0,0,8,7,8,0,1,0,0,0,0,0,0,0,0
layer,62,0,61,124,decode,28,8,7,1,489,392,159,146,1,0,1,695,7,33,0,0,0,0,0,0,60,lru,0,0,0,0,0,0,8,7,8,0,1,0,0,0,0,0,0,0,0
layer,62,0,61,124,decode,29,8,7,1,501,368,181,182,1,0,1,717,7,2,0,0,0,0,0,0,60,lru,0,0,0,0,0,0,8,7,8,0,1,0,0,0,0,0,0,0,0
layer,62,0,61,124,decode,30,8,6,2,1013,758,156,317,2,0,2,1328,7,2,0,0,0,0,0,0,60,lru,0,0,0,0,0,0,8,6,8,0,2,0,0,0,0,0,0,0,0
layer,62,0,61,124,decode,31,8,7,1,492,384,174,180,2,0,2,680,7,27,0,0,0,0,0,0,60,lru,0,0,0,0,0,0,8,7,8,0,1,0,0,0,0,0,0,0,0
layer,62,0,61,124,decode,32,8,5,3,1514,1138,165,545,1,0,1,1959,7,35,0,0,0,0,0,0,60,lru,0,0,0,0,0,0,8,5,8,0,3,0,0,0,0,0,0,0,0
layer,62,0,61,124,decode,33,8,6,2,1056,753,162,246,3,0,3,1333,7,24,0,0,0,0,0,0,60,lru,0,0,0,0,0,0,8,6,8,0,2,0,0,0,0,0,0,0,0
layer,62,0,61,124,decode,34,8,5,3,1616,1188,158,505,3,0,3,2035,7,3,0,0,0,0,0,0,60,lru,0,0,0,0,0,0,8,5,8,0,3,0,0,0,0,0,0,0,0
layer,62,0,61,124,decode,35,8,5,3,1539,1107,180,492,2,0,2,1977,8,2,0,0,0,0,0,0,60,lru,0,0,0,0,0,0,8,5,8,0,3,0,0,0,0,0,0,0,0
layer,62,0,61,124,decode,36,8,4,4,2016,1526,165,549,2,0,2,2605,7,34,0,0,0,0,0,0,60,lru,0,0,0,0,0,0,8,4,8,0,4,0,0,0,0,0,0,0,0
layer,62,0,61,124,decode,37,8,5,3,1598,1146,180,400,2,0,2,1946,6,9,0,0,0,0,0,0,60,lru,0,0,0,0,0,0,8,5,8,0,3,0,0,0,0,0,0,0,0
layer,62,0,61,124,decode,38,8,2,6,3279,2419,143,900,3,0,3,3945,7,23,0,0,0,0,0,0,60,lru,0,0,0,0,0,0,8,2,8,0,6,0,0,0,0,0,0,0,0
layer,62,0,61,124,decode,39,8,0,8,4456,3165,670,1138,2,0,2,5442,7,22,0,0,0,0,0,0,60,lru,0,0,0,0,0,0,8,0,8,0,8,0,3,0,0,0,0,0,0
request,62,0,61,0,decode,-1,0,0,0,0,0,0,0,0,0,0,0,0,0,0,0,0,0,0,0,0,,72214,582,0,0,19,0,0,0,0,0,0,0,0,0,0,0,0,0,0
layer,63,0,62,125,decode,0,8,1,7,3647,2638,152,1001,2,0,2,4567,9,36,0,0,0,0,0,0,60,lru,0,0,0,0,0,0,8,1,8,0,7,0,1,0,0,0,0,0,0
layer,63,0,62,125,decode,1,8,4,4,2004,1499,161,420,3,0,3,2461,8,19,0,0,0,0,0,0,60,lru,0,0,0,0,0,0,8,4,8,0,4,0,1,0,0,0,0,0,0
layer,63,0,62,125,decode,2,8,7,1,502,396,149,163,2,0,2,725,7,27,0,0,0,0,0,0,60,lru,0,0,0,0,0,0,8,7,8,0,1,0,0,0,0,0,0,0,0
layer,63,0,62,125,decode,3,8,6,2,982,730,162,216,3,0,3,1316,8,24,0,0,0,0,0,0,60,lru,0,0,0,0,0,0,8,6,8,0,2,0,0,0,0,0,0,0,0
layer,63,0,62,125,decode,4,8,7,1,492,382,178,180,2,0,2,689,7,3,0,0,0,0,0,0,60,lru,0,0,0,0,0,0,8,7,8,0,1,0,1,0,0,0,0,0,0
layer,63,0,62,125,decode,5,8,7,1,483,371,183,270,2,0,2,735,7,2,0,0,0,0,0,0,60,lru,0,0,0,0,0,0,8,7,8,0,1,0,0,0,0,0,0,0,0
layer,63,0,62,125,decode,6,8,7,1,496,376,146,66,2,0,2,682,7,31,0,0,0,0,0,0,60,lru,0,0,0,0,0,0,8,7,8,0,1,0,0,0,0,0,0,0,0
layer,63,0,62,125,decode,7,8,7,1,488,378,183,124,2,0,2,671,7,2,0,0,0,0,0,0,60,lru,0,0,0,0,0,0,8,7,8,0,1,0,0,0,0,0,0,0,0
layer,63,0,62,125,decode,8,8,6,2,1018,749,167,330,3,0,3,1300,7,11,0,0,0,0,0,0,60,lru,0,0,0,0,0,0,8,6,8,0,2,0,0,0,0,0,0,0,0
layer,63,0,62,125,decode,9,8,7,1,481,373,181,135,2,0,2,691,8,14,0,0,0,0,0,0,60,lru,0,0,0,0,0,0,8,7,8,0,1,0,0,0,0,0,0,0,0
layer,63,0,62,125,decode,10,8,7,1,497,377,159,21,2,0,2,684,7,2,0,0,0,0,0,0,60,lru,0,0,0,0,0,0,8,7,8,0,1,0,0,0,0,0,0,0,0
layer,63,0,62,125,decode,11,8,7,1,507,395,182,218,2,0,2,727,7,2,0,0,0,0,0,0,60,lru,0,0,0,0,0,0,8,7,8,0,1,0,0,0,0,0,0,0,0
layer,63,0,62,125,decode,12,8,8,0,0,0,175,0,0,0,0,18,8,2,0,0,0,0,0,0,60,lru,0,0,0,0,0,0,8,8,8,0,0,0,0,0,0,0,0,0,0
layer,63,0,62,125,decode,13,8,8,0,0,0,185,0,0,0,0,16,6,2,0,0,0,0,0,0,60,lru,0,0,0,0,0,0,8,8,8,0,0,0,0,0,0,0,0,0,0
layer,63,0,62,125,decode,14,8,8,0,0,0,159,0,0,0,0,16,6,1,0,0,0,0,0,0,60,lru,0,0,0,0,0,0,8,8,8,0,0,0,0,0,0,0,0,0,0
layer,63,0,62,125,decode,15,8,8,0,0,0,182,0,0,0,0,15,6,1,0,0,0,0,0,0,60,lru,0,0,0,0,0,0,8,8,8,0,0,0,0,0,0,0,0,0,0
layer,63,0,62,125,decode,16,8,8,0,0,0,176,0,0,0,0,15,6,1,0,0,0,0,0,0,60,lru,0,0,0,0,0,0,8,8,8,0,0,0,0,0,0,0,0,0,0
layer,63,0,62,125,decode,17,8,8,0,0,0,185,0,0,0,0,14,7,1,0,0,0,0,0,0,60,lru,0,0,0,0,0,0,8,8,8,0,0,0,0,0,0,0,0,0,0
layer,63,0,62,125,decode,18,8,7,1,503,380,140,63,2,0,2,661,6,23,0,0,0,0,0,0,60,lru,0,0,0,0,0,0,8,7,8,0,1,0,0,0,0,0,0,0,0
layer,63,0,62,125,decode,19,8,7,1,490,378,175,146,2,0,2,700,7,11,0,0,0,0,0,0,60,lru,0,0,0,0,0,0,8,7,8,0,1,0,0,0,0,0,0,0,0
layer,63,0,62,125,decode,20,8,8,0,0,0,175,0,0,0,0,17,7,2,0,0,0,0,0,0,60,lru,0,0,0,0,0,0,8,8,8,0,0,0,0,0,0,0,0,0,0
layer,63,0,62,125,decode,21,8,8,0,0,0,184,0,0,0,0,15,6,1,0,0,0,0,0,0,60,lru,0,0,0,0,0,0,8,8,8,0,0,0,0,0,0,0,0,0,0
layer,63,0,62,125,decode,22,8,7,1,646,368,152,191,2,0,2,838,6,27,0,0,0,0,0,0,60,lru,0,0,0,0,0,0,8,7,8,0,1,0,0,0,0,0,0,0,0
layer,63,0,62,125,decode,23,8,7,1,491,391,163,143,2,0,2,701,8,32,0,0,0,0,0,0,60,lru,0,0,0,0,0,0,8,7,8,0,1,0,0,0,0,0,0,0,0
layer,63,0,62,125,decode,24,8,7,1,493,367,176,243,2,0,2,720,7,11,0,0,0,0,0,0,60,lru,0,0,0,0,0,0,8,7,8,0,1,0,0,0,0,0,0,0,0
layer,63,0,62,125,decode,25,8,7,1,494,370,175,152,1,0,1,698,8,15,0,0,0,0,0,0,60,lru,0,0,0,0,0,0,8,7,8,0,1,0,0,0,0,0,0,0,0
layer,63,0,62,125,decode,26,8,7,1,520,372,161,169,1,0,1,739,7,2,0,0,0,0,0,0,60,lru,0,0,0,0,0,0,8,7,8,0,1,0,0,0,0,0,0,0,0
layer,63,0,62,125,decode,27,8,8,0,0,0,186,0,0,0,0,16,7,1,0,0,0,0,0,0,60,lru,0,0,0,0,0,0,8,8,8,0,0,0,0,0,0,0,0,0,0
layer,63,0,62,125,decode,28,8,7,1,495,380,157,109,2,0,2,681,7,20,0,0,0,0,0,0,60,lru,0,0,0,0,0,0,8,7,8,0,1,0,0,0,0,0,0,0,0
layer,63,0,62,125,decode,29,8,7,1,496,384,172,167,1,0,1,714,7,32,0,0,0,0,0,0,60,lru,0,0,0,0,0,0,8,7,8,0,1,0,0,0,0,0,0,0,0
layer,63,0,62,125,decode,30,8,7,1,487,396,144,122,2,0,2,652,7,32,0,0,0,0,0,0,60,lru,0,0,0,0,0,0,8,7,8,0,1,0,0,0,0,0,0,0,0
layer,63,0,62,125,decode,31,8,8,0,0,0,181,0,0,0,0,16,6,1,0,0,0,0,0,0,60,lru,0,0,0,0,0,0,8,8,8,0,0,0,0,0,0,0,0,0,0
layer,63,0,62,125,decode,32,8,8,0,0,0,176,0,0,0,0,15,7,1,0,0,0,0,0,0,60,lru,0,0,0,0,0,0,8,8,8,0,0,0,0,0,0,0,0,0,0
layer,63,0,62,125,decode,33,8,6,2,1014,752,181,377,2,0,2,1371,7,2,0,0,0,0,0,0,60,lru,0,0,0,0,0,0,8,6,8,0,2,0,0,0,0,0,0,0,0
layer,63,0,62,125,decode,34,8,7,1,499,382,153,144,2,0,2,780,7,34,0,0,0,0,0,0,60,lru,0,0,0,0,0,0,8,7,8,0,1,0,0,0,0,0,0,0,0
layer,63,0,62,125,decode,35,8,8,0,0,0,181,0,0,0,0,17,7,1,0,0,0,0,0,0,60,lru,0,0,0,0,0,0,8,8,8,0,0,0,0,0,0,0,0,0,0
layer,63,0,62,125,decode,36,8,8,0,0,0,177,0,0,0,0,15,7,2,0,0,0,0,0,0,60,lru,0,0,0,0,0,0,8,8,8,0,0,0,0,0,0,0,0,0,0
layer,63,0,62,125,decode,37,8,8,0,0,0,182,0,0,0,0,15,7,1,0,0,0,0,0,0,60,lru,0,0,0,0,0,0,8,8,8,0,0,0,0,0,0,0,0,0,0
layer,63,0,62,125,decode,38,8,8,0,0,0,161,0,0,0,0,16,7,2,0,0,0,0,0,0,60,lru,0,0,0,0,0,0,8,8,8,0,0,0,0,0,0,0,0,0,0
layer,63,0,62,125,decode,39,8,8,0,0,0,685,0,0,0,0,14,7,1,0,0,0,0,0,0,60,lru,0,0,0,0,0,0,8,8,8,0,0,0,0,0,0,0,0,0,0
request,63,0,62,0,decode,-1,0,0,0,0,0,0,0,0,0,0,0,0,0,0,0,0,0,0,0,0,,32894,345,0,0,16,0,0,0,0,0,0,0,0,0,0,0,0,0,0
layer,64,0,63,126,decode,0,8,5,3,1511,1102,166,390,3,0,3,1968,9,16,0,0,0,0,0,0,60,lru,0,0,0,0,0,0,8,5,8,0,3,0,1,0,0,0,0,0,0
layer,64,0,63,126,decode,1,8,7,1,507,366,176,140,2,0,2,674,7,33,0,0,0,0,0,0,60,lru,0,0,0,0,0,0,8,7,8,0,1,0,0,0,0,0,0,0,0
layer,64,0,63,126,decode,2,8,3,5,2518,1878,145,882,3,0,3,3158,7,26,0,0,0,0,0,0,60,lru,0,0,0,0,0,0,8,3,8,0,5,0,0,0,0,0,0,0,0
layer,64,0,63,126,decode,3,8,7,1,492,363,162,191,2,0,2,693,7,20,0,0,0,0,0,0,60,lru,0,0,0,0,0,0,8,7,8,0,1,0,1,0,0,0,0,0,0
layer,64,0,63,126,decode,4,8,5,3,1463,1120,174,365,3,0,3,1903,7,2,0,0,0,0,0,0,60,lru,0,0,0,0,0,0,8,5,8,0,3,0,0,0,0,0,0,0,0
layer,64,0,63,126,decode,5,8,7,1,483,383,167,239,2,0,2,725,7,18,0,0,0,0,0,0,60,lru,0,0,0,0,0,0,8,7,8,0,1,0,0,0,0,0,0,0,0
layer,64,0,63,126,decode,6,8,7,1,495,380,152,126,2,0,2,678,7,19,0,0,0,0,0,0,60,lru,0,0,0,0,0,0,8,7,8,0,1,0,0,0,0,0,0,0,0
layer,64,0,63,126,decode,7,8,6,2,1031,755,169,294,3,0,3,1329,6,22,0,0,0,0,0,0,60,lru,0,0,0,0,0,0,8,6,8,0,2,0,0,0,0,0,0,0,0
layer,64,0,63,126,decode,8,8,8,0,0,0,177,0,0,0,0,17,7,2,0,0,0,0,0,0,60,lru,0,0,0,0,0,0,8,8,8,0,0,0,0,0,0,0,0,0,0
layer,64,0,63,126,decode,9,8,8,0,0,0,182,0,0,0,0,15,7,1,0,0,0,0,0,0,60,lru,0,0,0,0,0,0,8,8,8,0,0,0,0,0,0,0,0,0,0
layer,64,0,63,126,decode,10,8,6,2,1067,745,147,369,3,0,3,1367,7,19,0,0,0,0,0,0,60,lru,0,0,0,0,0,0,8,6,8,0,2,0,0,0,0,0,0,0,0
layer,64,0,63,126,decode,11,8,6,2,1027,718,162,312,3,0,3,1394,7,26,0,0,0,0,0,0,60,lru,0,0,0,0,0,0,8,6,8,0,2,0,0,0,0,0,0,0,0
layer,64,0,63,126,decode,12,8,7,1,476,377,155,196,2,0,2,678,8,29,0,0,0,0,0,0,60,lru,0,0,0,0,0,0,8,7,8,0,1,0,0,0,0,0,0,0,0
layer,64,0,63,126,decode,13,8,7,1,485,379,162,159,2,0,2,697,7,30,0,0,0,0,0,0,60,lru,0,0,0,0,0,0,8,7,8,0,1,0,0,0,0,0,0,0,0
layer,64,0,63,126,decode,14,8,8,0,0,0,161,0,0,0,0,17,7,2,0,0,0,0,0,0,60,lru,0,0,0,0,0,0,8,8,8,0,0,0,0,0,0,0,0,0,0
layer,64,0,63,126,decode,15,8,8,0,0,0,183,0,0,0,0,16,7,2,0,0,0,0,0,0,60,lru,0,0,0,0,0,0,8,8,8,0,0,0,0,0,0,0,0,0,0
layer,64,0,63,126,decode,16,8,6,2,981,769,155,339,3,0,3,1284,7,32,0,0,0,0,0,0,60,lru,0,0,0,0,0,0,8,6,8,0,2,0,0,0,0,0,0,0,0
layer,64,0,63,126,decode,17,8,7,1,494,387,177,213,2,0,2,691,7,25,0,0,0,0,0,0,60,lru,0,0,0,0,0,0,8,7,8,0,1,0,0,0,0,0,0,0,0
layer,64,0,63,126,decode,18,8,7,1,490,391,145,112,2,0,2,702,7,28,0,0,0,0,0,0,60,lru,0,0,0,0,0,0,8,7,8,0,1,0,0,0,0,0,0,0,0
layer,64,0,63,126,decode,19,8,6,2,971,760,162,270,3,0,3,1257,8,17,0,0,0,0,0,0,60,lru,0,0,0,0,0,0,8,6,8,0,2,0,0,0,0,0,0,0,0
layer,64,0,63,126,decode,20,8,8,0,0,0,176,0,0,0,0,17,7,2,0,0,0,0,0,0,60,lru,0,0,0,0,0,0,8,8,8,0,0,0,1,0,0,0,0,0,0
layer,64,0,63,126,decode,21,8,8,0,0,0,184,0,0,0,0,16,6,2,0,0,0,0,0,0,60,lru,0,0,0,0,0,0,8,8,8,0,0,0,0,0,0,0,0,0,0
layer,64,0,63,126,decode,22,8,5,3,1576,1132,148,531,3,0,3,2040,6,30,0,0,0,0,0,0,60,lru,0,0,0,0,0,0,8,5,8,0,3,0,0,0,0,0,0,0,0
layer,64,0,63,126,decode,23,8,4,4,1994,1524,158,682,3,0,3,2521,7,26,0,0,0,0,0,0,60,lru,0,0,0,0,0,0,8,4,8,0,4,0,0,0,0,0,0,0,0
layer,64,0,63,126,decode,24,8,6,2,985,775,157,343,3,0,3,1280,6,29,0,0,0,0,0,0,60,lru,0,0,0,0,0,0,8,6,8,0,2,0,0,0,0,0,0,0,0
layer,64,0,63,126,decode,25,8,6,2,991,744,171,329,2,0,2,1355,7,30,0,0,0,0,0,0,60,lru,0,0,0,0,0,0,8,6,8,0,2,0,0,0,0,0,0,0,0
layer,64,0,63,126,decode,26,8,7,1,516,392,145,127,1,0,1,687,7,26,0,0,0,0,0,0,60,lru,0,0,0,0,0,0,8,7,8,0,1,0,0,0,0,0,0,0,0
layer,64,0,63,126,decode,27,8,6,2,981,770,160,220,3,0,3,1237,8,29,0,0,0,0,0,0,60,lru,0,0,0,0,0,0,8,6,8,0,2,0,0,0,0,0,0,0,0
layer,64,0,63,126,decode,28,8,7,1,492,374,166,24,1,0,1,708,7,31,0,0,0,0,0,0,60,lru,0,0,0,0,0,0,8,7,8,0,1,0,0,0,0,0,0,0,0
layer,64,0,63,126,decode,29,8,8,0,0,0,181,0,0,0,0,17,7,1,0,0,0,0,0,0,60,lru,0,0,0,0,0,0,8,8,8,0,0,0,0,0,0,0,0,0,0
layer,64,0,63,126,decode,30,8,7,1,488,383,145,193,2,0,2,701,6,27,0,0,0,0,0,0,60,lru,0,0,0,0,0,0,8,7,8,0,1,0,0,0,0,0,0,0,0
layer,64,0,63,126,decode,31,8,8,0,0,0,182,0,0,0,0,17,7,1,0,0,0,0,0,0,60,lru,0,0,0,0,0,0,8,8,8,0,0,0,0,0,0,0,0,0,0
layer,64,0,63,126,decode,32,8,7,1,488,379,156,145,2,0,2,675,6,31,0,0,0,0,0,0,60,lru,0,0,0,0,0,0,8,7,8,0,1,0,0,0,0,0,0,0,0
layer,64,0,63,126,decode,33,8,8,0,0,0,183,0,0,0,0,16,7,1,0,0,0,0,0,0,60,lru,0,0,0,0,0,0,8,8,8,0,0,0,0,0,0,0,0,0,0
layer,64,0,63,126,decode,34,8,8,0,0,0,160,0,0,0,0,15,7,2,0,0,0,0,0,0,60,lru,0,0,0,0,0,0,8,8,8,0,0,0,0,0,0,0,0,0,0
layer,64,0,63,126,decode,35,8,8,0,0,0,183,0,0,0,0,15,7,2,0,0,0,0,0,0,60,lru,0,0,0,0,0,0,8,8,8,0,0,0,0,0,0,0,0,0,0
layer,64,0,63,126,decode,36,8,6,2,992,761,156,345,2,0,2,1281,7,19,0,0,0,0,0,0,60,lru,0,0,0,0,0,0,8,6,8,0,2,0,0,0,0,0,0,0,0
layer,64,0,63,126,decode,37,8,8,0,0,0,184,0,0,0,0,17,7,1,0,0,0,0,0,0,60,lru,0,0,0,0,0,0,8,8,8,0,0,0,0,0,0,0,0,0,0
layer,64,0,63,126,decode,38,8,7,1,530,400,146,129,2,0,2,749,6,25,0,0,0,0,0,0,60,lru,0,0,0,0,0,0,8,7,8,0,1,0,0,0,0,0,0,0,0
layer,64,0,63,126,decode,39,8,7,1,530,404,678,179,1,0,1,774,8,26,0,0,0,0,0,0,60,lru,0,0,0,0,0,0,8,7,8,0,1,0,0,0,0,0,0,0,0
request,64,0,63,0,decode,-1,0,0,0,0,0,0,0,0,0,0,0,0,0,0,0,0,0,0,0,0,,41859,403,0,0,20,0,0,0,0,0,0,0,0,0,0,0,0,0,0
layer,65,0,64,127,decode,0,8,1,7,3602,2644,167,1038,2,0,2,4482,9,39,0,0,0,0,0,0,60,lru,0,0,0,0,0,0,8,1,8,0,7,0,1,0,0,0,0,0,0
layer,65,0,64,127,decode,1,8,0,8,4018,2961,177,1356,3,0,3,5007,7,14,0,0,0,0,0,0,60,lru,0,0,0,0,0,0,8,0,8,0,8,0,1,0,0,0,0,0,0
layer,65,0,64,127,decode,2,8,4,4,2011,1493,142,596,2,0,2,2556,7,34,0,0,0,0,0,0,60,lru,0,0,0,0,0,0,8,4,8,0,4,0,1,0,0,0,0,0,0
layer,65,0,64,127,decode,3,8,3,5,2474,1842,178,658,3,0,3,3133,7,12,0,0,0,0,0,0,60,lru,0,0,0,0,0,0,8,3,8,0,5,0,1,0,0,0,0,0,0
layer,65,0,64,127,decode,4,8,2,6,2990,2248,172,1165,3,0,3,3717,7,3,0,0,0,0,0,0,60,lru,0,0,0,0,0,0,8,2,8,0,6,0,1,0,0,0,0,0,0
layer,65,0,64,127,decode,5,8,7,1,489,389,162,176,2,0,2,665,7,19,0,0,0,0,0,0,60,lru,0,0,0,0,0,0,8,7,8,0,1,0,0,0,0,0,0,0,0
layer,65,0,64,127,decode,6,8,8,0,0,0,160,0,0,0,0,18,7,2,0,0,0,0,0,0,60,lru,0,0,0,0,0,0,8,8,8,0,0,0,0,0,0,0,0,0,0
layer,65,0,64,127,decode,7,8,8,0,0,0,183,0,0,0,0,15,7,1,0,0,0,0,0,0,60,lru,0,0,0,0,0,0,8,8,8,0,0,0,0,0,0,0,0,0,0
layer,65,0,64,127,decode,8,8,8,0,0,0,175,0,0,0,0,15,7,1,0,0,0,0,0,0,60,lru,0,0,0,0,0,0,8,8,8,0,0,0,0,0,0,0,0,0,0
layer,65,0,64,127,decode,9,8,8,0,0,0,183,0,0,0,0,15,7,1,0,0,0,0,0,0,60,lru,0,0,0,0,0,0,8,8,8,0,0,0,0,0,0,0,0,0,0
layer,65,0,64,127,decode,10,8,7,1,486,374,153,188,2,0,2,729,7,22,0,0,0,0,0,0,60,lru,0,0,0,0,0,0,8,7,8,0,1,0,0,0,0,0,0,0,0
layer,65,0,64,127,decode,11,8,8,0,0,0,182,0,0,0,0,18,8,1,0,0,0,0,0,0,60,lru,0,0,0,0,0,0,8,8,8,0,0,0,0,0,0,0,0,0,0
layer,65,0,64,127,decode,12,8,8,0,0,0,175,0,0,0,0,16,7,1,0,0,0,0,0,0,60,lru,0,0,0,0,0,0,8,8,8,0,0,0,0,0,0,0,0,0,0
layer,65,0,64,127,decode,13,8,8,0,0,0,185,0,0,0,0,15,6,1,0,0,0,0,0,0,60,lru,0,0,0,0,0,0,8,8,8,0,0,0,0,0,0,0,0,0,0
layer,65,0,64,127,decode,14,8,6,2,1169,725,142,275,3,0,3,1487,6,20,0,0,0,0,0,0,60,lru,0,0,0,0,0,0,8,6,8,0,2,0,0,0,0,0,0,0,0
layer,65,0,64,127,decode,15,8,8,0,0,0,183,0,0,0,0,17,7,1,0,0,0,0,0,0,60,lru,0,0,0,0,0,0,8,8,8,0,0,0,0,0,0,0,0,0,0
layer,65,0,64,127,decode,16,8,6,2,993,758,176,434,3,0,3,1301,6,2,0,0,0,0,0,0,60,lru,0,0,0,0,0,0,8,6,8,0,2,0,0,0,0,0,0,0,0
layer,65,0,64,127,decode,17,8,8,0,0,0,184,0,0,0,0,17,8,2,0,0,0,0,0,0,60,lru,0,0,0,0,0,0,8,8,8,0,0,0,0,0,0,0,0,0,0
layer,65,0,64,127,decode,18,8,8,0,0,0,158,0,0,0,0,16,7,2,0,0,0,0,0,0,60,lru,0,0,0,0,0,0,8,8,8,0,0,0,0,0,0,0,0,0,0
layer,65,0,64,127,decode,19,8,7,1,490,385,169,95,2,0,2,690,7,28,0,0,0,0,0,0,60,lru,0,0,0,0,0,0,8,7,8,0,1,0,0,0,0,0,0,0,0
layer,65,0,64,127,decode,20,8,8,0,0,0,175,0,0,0,0,16,7,1,0,0,0,0,0,0,60,lru,0,0,0,0,0,0,8,8,8,0,0,0,0,0,0,0,0,0,0
layer,65,0,64,127,decode,21,8,8,0,0,0,182,0,0,0,0,14,6,1,0,0,0,0,0,0,60,lru,0,0,0,0,0,0,8,8,8,0,0,0,0,0,0,0,0,0,0
layer,65,0,64,127,decode,22,8,7,1,501,398,145,107,2,0,2,686,6,34,0,0,0,0,0,0,60,lru,0,0,0,0,0,0,8,7,8,0,1,0,0,0,0,0,0,0,0
layer,65,0,64,127,decode,23,8,7,1,476,372,182,186,2,0,2,707,8,6,0,0,0,0,0,0,60,lru,0,0,0,0,0,0,8,7,8,0,1,0,0,0,0,0,0,0,0
layer,65,0,64,127,decode,24,8,8,0,0,0,176,0,0,0,0,17,7,1,0,0,0,0,0,0,60,lru,0,0,0,0,0,0,8,8,8,0,0,0,0,0,0,0,0,0,0
layer,65,0,64,127,decode,25,8,8,0,0,0,182,0,0,0,0,15,7,1,0,0,0,0,0,0,60,lru,0,0,0,0,0,0,8,8,8,0,0,0,0,0,0,0,0,0,0
layer,65,0,64,127,decode,26,8,8,0,0,0,159,0,0,0,0,15,7,1,0,0,0,0,0,0,60,lru,0,0,0,0,0,0,8,8,8,0,0,0,0,0,0,0,0,0,0
layer,65,0,64,127,decode,27,8,8,0,0,0,181,0,0,0,0,15,7,1,0,0,0,0,0,0,60,lru,0,0,0,0,0,0,8,8,8,0,0,0,0,0,0,0,0,0,0
layer,65,0,64,127,decode,28,8,7,1,494,383,156,192,1,0,1,722,6,29,0,0,0,0,0,0,60,lru,0,0,0,0,0,0,8,7,8,0,1,0,0,0,0,0,0,0,0
layer,65,0,64,127,decode,29,8,7,1,493,384,161,90,2,0,2,689,7,32,0,0,0,0,0,0,60,lru,0,0,0,0,0,0,8,7,8,0,1,0,0,0,0,0,0,0,0
layer,65,0,64,127,decode,30,8,6,2,1028,739,144,304,3,0,3,1322,7,18,0,0,0,0,0,0,60,lru,0,0,0,0,0,0,8,6,8,0,2,0,0,0,0,0,0,0,0
layer,65,0,64,127,decode,31,8,8,0,0,0,182,0,0,0,0,16,7,1,0,0,0,0,0,0,60,lru,0,0,0,0,0,0,8,8,8,0,0,0,0,0,0,0,0,0,0
layer,65,0,64,127,decode,32,8,6,2,1008,771,155,322,3,0,3,1315,7,22,0,0,0,0,0,0,60,lru,0,0,0,0,0,0,8,6,8,0,2,0,0,0,0,0,0,0,0
layer,65,0,64,127,decode,33,8,8,0,0,0,182,0,0,0,0,17,8,1,0,0,0,0,0,0,60,lru,0,0,0,0,0,0,8,8,8,0,0,0,0,0,0,0,0,0,0
layer,65,0,64,127,decode,34,8,6,2,1045,788,143,300,2,0,2,1324,7,18,0,0,0,0,0,0,60,lru,0,0,0,0,0,0,8,6,8,0,2,0,0,0,0,0,0,0,0
layer,65,0,64,127,decode,35,8,7,1,484,390,174,156,1,0,1,721,8,32,0,0,0,0,0,0,60,lru,0,0,0,0,0,0,8,7,8,0,1,0,0,0,0,0,0,0,0
layer,65,0,64,127,decode,36,8,6,2,1020,771,156,165,3,0,3,1244,8,29,0,0,0,0,0,0,60,lru,0,0,0,0,0,0,8,6,8,0,2,0,0,0,0,0,0,0,0
layer,65,0,64,127,decode,37,8,6,2,1033,732,173,416,2,0,2,1385,8,17,0,0,0,0,0,0,60,lru,0,0,0,0,0,0,8,6,8,0,2,0,0,0,0,0,0,0,0
layer,65,0,64,127,decode,38,8,6,2,1136,781,151,205,2,0,2,1405,7,23,0,0,0,0,0,0,60,lru,0,0,0,0,0,0,8,6,8,0,2,0,0,0,0,0,0,0,0
layer,65,0,64,127,decode,39,8,6,2,1108,789,677,315,1,0,1,1345,7,8,0,0,0,0,0,0,60,lru,0,0,0,0,0,0,8,6,8,0,2,0,0,0,0,0,0,0,0
request,65,0,64,0,decode,-1,0,0,0,0,0,0,0,0,0,0,0,0,0,0,0,0,0,0,0,0,,45241,424,0,0,16,0,0,0,0,0,0,0,0,0,0,0,0,0,0
