row_type,request_idx,repeat_idx,batch_idx,token_idx,phase,layer,k_required,k_hit,k_miss,ssd_read_us,h2d_us,compute_us,stall_us,pred_us,pred_observe_us,pred_score_us,callback_wall_us,topk_d2h_us,slot_ids_h2d_us,slot_table_h2d_us,eamc_rows_scored,eamc_cosine_us,eamc_score_materialize_us,eamc_score_cache_hits,eamc_score_cache_misses,cache_resident_experts,predictor,request_wall_us,request_end_us,predictor_end_us,predictor_save_us,profile_flush_us,sidecar_write_bytes,routes_required,routes_hit,routes_persistent,k_empty_admit,k_victim_admit,k_scratch,route_rank_us,host_cache_hits,host_cache_misses,host_cache_hit_bytes,host_cache_miss_bytes,host_cache_lookup_us,host_cache_fill_us,host_memcpy_us,host_memcpy_bytes,h2d_bytes,pinned_staging_wait_us,ssd_bytes,ssd_reads,route_hash,sere_secondary_routes,sere_rerouted_routes,sere_original_miss_routes,sere_original_unique_required,sere_original_unique_misses,sere_rerouted_miss_routes,sere_threshold_rejects,sere_similarity_sum
layer,1,0,0,0,prefill,0,176,0,176,973928,30105,15006,5456,1,1,0,981277,28,34,0,0,0,0,0,0,60,lru,0,0,0,0,0,0,1024,0,699,60,0,116,32,0,0,0,0,0,0,0,0,334495744,1542,334495744,528,12219648178270828789,0,0,0,0,0,0,0,0
layer,1,0,0,0,prefill,1,182,0,182,1006058,32014,2274,3781,3,3,0,1013130,27,74,0,0,0,0,0,0,60,lru,0,0,0,0,0,0,1024,0,725,60,0,122,32,0,0,0,0,0,0,0,0,345899008,1870,345899008,546,15277931125921217785,0,0,0,0,0,0,0,0
layer,1,0,0,0,prefill,2,206,0,206,979653,31661,7141,5261,1,1,0,987459,18,26,0,0,0,0,0,0,60,lru,0,0,0,0,0,0,1024,0,628,60,0,146,31,0,0,0,0,0,0,0,0,391512064,2646,391512064,618,17145500094531255386,0,0,0,0,0,0,0,0
layer,1,0,0,0,prefill,3,167,0,167,1003143,30453,2185,3401,2,2,0,1009418,21,72,0,0,0,0,0,0,60,lru,0,0,0,0,0,0,1024,0,821,60,0,107,32,0,0,0,0,0,0,0,0,317390848,1480,317390848,501,1673858601191253994,0,0,0,0,0,0,0,0
layer,1,0,0,0,prefill,4,124,0,124,897671,25365,1850,3176,1,1,0,902676,17,65,0,0,0,0,0,0,60,lru,0,0,0,0,0,0,1024,0,906,60,0,64,22,0,0,0,0,0,0,0,0,235667456,1180,235667456,372,14600063501994671226,0,0,0,0,0,0,0,0
layer,1,0,0,0,prefill,5,133,0,133,837810,24911,1844,2644,2,2,0,842926,16,39,0,0,0,0,0,0,60,lru,0,0,0,0,0,0,1024,0,880,60,0,73,23,0,0,0,0,0,0,0,0,252772352,853,252772352,399,9424053262310121956,0,0,0,0,0,0,0,0
layer,1,0,0,0,prefill,6,124,0,124,908419,26052,1795,2386,1,1,0,913339,14,17,0,0,0,0,0,0,60,lru,0,0,0,0,0,0,1024,0,905,60,0,64,20,0,0,0,0,0,0,0,0,235667456,708,235667456,372,14934414221709185757,0,0,0,0,0,0,0,0
layer,1,0,0,0,prefill,7,116,0,116,855957,25401,1725,2117,3,3,0,860247,21,43,0,0,0,0,0,0,60,lru,0,0,0,0,0,0,1024,0,935,60,0,56,22,0,0,0,0,0,0,0,0,220463104,480,220463104,348,7179905249574162474,0,0,0,0,0,0,0,0
layer,1,0,0,0,prefill,8,97,0,97,757367,22177,1654,1843,1,1,0,760778,14,24,0,0,0,0,0,0,60,lru,0,0,0,0,0,0,1024,0,971,60,0,37,20,0,0,0,0,0,0,0,0,184352768,235,184352768,291,4627850918294769679,0,0,0,0,0,0,0,0
layer,1,0,0,0,prefill,9,112,0,112,772602,23645,1746,2229,2,2,0,776548,13,37,0,0,0,0,0,0,60,lru,0,0,0,0,0,0,1024,0,945,60,0,52,19,0,0,0,0,0,0,0,0,212860928,608,212860928,336,4645575692911528739,0,0,0,0,0,0,0,0
layer,1,0,0,0,prefill,10,118,0,118,889369,24976,1603,2269,1,1,0,893416,13,24,0,0,0,0,0,0,60,lru,0,0,0,0,0,0,1024,0,907,60,0,58,20,0,0,0,0,0,0,0,0,224264192,573,224264192,354,16800884933985854512,0,0,0,0,0,0,0,0
layer,1,0,0,0,prefill,11,120,0,120,927073,25371,1785,2388,2,2,0,931360,12,72,0,0,0,0,0,0,60,lru,0,0,0,0,0,0,1024,0,892,60,0,60,21,0,0,0,0,0,0,0,0,228065280,539,228065280,360,17035824358329450958,0,0,0,0,0,0,0,0
layer,1,0,0,0,prefill,12,119,0,119,899029,24112,1750,2412,1,1,0,903344,12,24,0,0,0,0,0,0,60,lru,0,0,0,0,0,0,1024,0,916,60,0,59,19,0,0,0,0,0,0,0,0,226164736,648,226164736,357,6416490007006528880,0,0,0,0,0,0,0,0
layer,1,0,0,0,prefill,13,112,0,112,852039,23749,1704,2211,2,2,0,855923,13,32,0,0,0,0,0,0,60,lru,0,0,0,0,0,0,1024,0,916,60,0,52,19,0,0,0,0,0,0,0,0,212860928,451,212860928,336,11463464513360716238,0,0,0,0,0,0,0,0
layer,1,0,0,0,prefill,14,114,0,114,871318,24101,1678,2370,1,1,0,875411,12,68,0,0,0,0,0,0,60,lru,0,0,0,0,0,0,1024,0,937,60,0,54,18,0,0,0,0,0,0,0,0,216662016,442,216662016,342,4325479099591672170,0,0,0,0,0,0,0,0
layer,1,0,0,0,prefill,15,124,0,124,941692,25999,1798,2348,2,2,0,946089,20,27,0,0,0,0,0,0,60,lru,0,0,0,0,0,0,1024,0,930,60,0,64,22,0,0,0,0,0,0,0,0,235667456,639,235667456,372,970819422327397207,0,0,0,0,0,0,0,0
layer,1,0,0,0,prefill,16,121,0,121,940859,24966,1818,2608,1,1,0,945266,14,44,0,0,0,0,0,0,60,lru,0,0,0,0,0,0,1024,0,909,60,0,61,21,0,0,0,0,0,0,0,0,229965824,742,229965824,363,14380729604006571084,0,0,0,0,0,0,0,0
layer,1,0,0,0,prefill,17,132,0,132,998903,26148,1883,2886,3,3,0,1003791,15,52,0,0,0,0,0,0,60,lru,0,0,0,0,0,0,1024,0,872,60,0,72,21,0,0,0,0,0,0,0,0,250871808,838,250871808,396,4671307045581148946,0,0,0,0,0,0,0,0
layer,1,0,0,0,prefill,18,130,0,130,961649,26241,1717,2823,1,1,0,966156,14,24,0,0,0,0,0,0,60,lru,0,0,0,0,0,0,1024,0,866,60,0,70,22,0,0,0,0,0,0,0,0,247070720,940,247070720,390,17898593779164621291,0,0,0,0,0,0,0,0
layer,1,0,0,0,prefill,19,117,0,117,862429,23011,1754,2496,2,2,0,866597,13,28,0,0,0,0,0,0,60,lru,0,0,0,0,0,0,1024,0,922,60,0,57,20,0,0,0,0,0,0,0,0,222363648,567,222363648,351,2163319464759232046,0,0,0,0,0,0,0,0
layer,1,0,0,0,prefill,20,112,0,112,901692,23789,1732,2417,1,1,0,905689,12,46,0,0,0,0,0,0,60,lru,0,0,0,0,0,0,1024,0,942,60,0,52,18,0,0,0,0,0,0,0,0,212860928,481,212860928,336,9921280713898615322,0,0,0,0,0,0,0,0
layer,1,0,0,0,prefill,21,118,0,118,899274,23379,1806,2938,2,2,0,903611,12,67,0,0,0,0,0,0,60,lru,0,0,0,0,0,0,1024,0,936,60,0,58,19,0,0,0,0,0,0,0,0,224264192,772,224264192,354,14809856661791415143,0,0,0,0,0,0,0,0
layer,1,0,0,0,prefill,22,131,0,131,1003645,27041,1729,2789,1,1,0,1008375,14,45,0,0,0,0,0,0,60,lru,0,0,0,0,0,0,1024,0,868,60,0,71,21,0,0,0,0,0,0,0,0,248971264,797,248971264,393,8380014407405543931,0,0,0,0,0,0,0,0
layer,1,0,0,0,prefill,23,135,0,135,852854,28914,1860,2688,2,2,0,857715,12,34,0,0,0,0,0,0,60,lru,0,0,0,0,0,0,1024,0,882,60,0,75,22,0,0,0,0,0,0,0,0,256573440,962,256573440,405,15581967104037421188,0,0,0,0,0,0,0,0
layer,1,0,0,0,prefill,24,123,0,123,680896,28009,1820,2535,1,1,0,685246,13,29,0,0,0,0,0,0,60,lru,0,0,0,0,0,0,1024,0,913,60,0,63,21,0,0,0,0,0,0,0,0,233766912,785,233766912,369,14789694810599579118,0,0,0,0,0,0,0,0
layer,1,0,0,0,prefill,25,127,0,127,665917,27937,1881,2386,2,2,0,670582,16,72,0,0,0,0,0,0,60,lru,0,0,0,0,0,0,1024,0,895,60,0,67,21,0,0,0,0,0,0,0,0,241369088,682,241369088,381,11689160194476348867,0,0,0,0,0,0,0,0
layer,1,0,0,0,prefill,26,135,0,135,700476,28060,1738,2233,2,2,0,705235,20,37,0,0,0,0,0,0,60,lru,0,0,0,0,0,0,1024,0,887,60,0,75,23,0,0,0,0,0,0,0,0,256573440,749,256573440,405,13178241015007328604,0,0,0,0,0,0,0,0
layer,1,0,0,0,prefill,27,132,0,132,721091,30600,1830,2471,2,2,0,725700,14,35,0,0,0,0,0,0,60,lru,0,0,0,0,0,0,1024,0,881,60,0,72,22,0,0,0,0,0,0,0,0,250871808,851,250871808,396,14846368672667771208,0,0,0,0,0,0,0,0
layer,1,0,0,0,prefill,28,129,0,129,629349,30694,1823,2169,0,0,0,633925,13,46,0,0,0,0,0,0,60,lru,0,0,0,0,0,0,1024,0,850,60,0,69,22,0,0,0,0,0,0,0,0,245170176,651,245170176,387,7888169583796691904,0,0,0,0,0,0,0,0
layer,1,0,0,0,prefill,29,137,0,137,562999,28806,1863,2330,2,2,0,567783,12,48,0,0,0,0,0,0,60,lru,0,0,0,0,0,0,1024,0,822,60,0,77,21,0,0,0,0,0,0,0,0,260374528,816,260374528,411,2104717543554312498,0,0,0,0,0,0,0,0
layer,1,0,0,0,prefill,30,147,0,147,628106,32277,1803,2522,1,1,0,633143,13,33,0,0,0,0,0,0,60,lru,0,0,0,0,0,0,1024,0,834,60,0,87,25,0,0,0,0,0,0,0,0,279379968,989,279379968,441,2048301277715180987,0,0,0,0,0,0,0,0
layer,1,0,0,0,prefill,31,128,0,128,546243,27301,1858,2525,2,2,0,550771,13,54,0,0,0,0,0,0,60,lru,0,0,0,0,0,0,1024,0,882,60,0,68,20,0,0,0,0,0,0,0,0,243269632,843,243269632,384,10929869390654555039,0,0,0,0,0,0,0,0
layer,1,0,0,0,prefill,32,138,0,138,593614,30994,1917,2595,1,1,0,598415,14,32,0,0,0,0,0,0,60,lru,0,0,0,0,0,0,1024,0,834,60,0,78,22,0,0,0,0,0,0,0,0,262275072,909,262275072,414,13826025403527238995,0,0,0,0,0,0,0,0
layer,1,0,0,0,prefill,33,146,0,146,588905,29134,1929,2531,2,2,0,594110,17,46,0,0,0,0,0,0,60,lru,0,0,0,0,0,0,1024,0,821,60,0,86,24,0,0,0,0,0,0,0,0,277479424,891,277479424,438,13381094655000008861,0,0,0,0,0,0,0,0
layer,1,0,0,0,prefill,34,153,0,153,637565,32417,6159,2584,1,1,0,642863,14,38,0,0,0,0,0,0,60,lru,0,0,0,0,0,0,1024,0,791,60,0,93,25,0,0,0,0,0,0,0,0,312090624,1020,312090624,459,6306605809918136037,0,0,0,0,0,0,0,0
layer,1,0,0,0,prefill,35,138,0,138,594730,29013,1887,2555,2,2,0,599527,19,48,0,0,0,0,0,0,60,lru,0,0,0,0,0,0,1024,0,882,60,0,78,26,0,0,0,0,0,0,0,0,262275072,821,262275072,414,10396090839241596827,0,0,0,0,0,0,0,0
layer,1,0,0,0,prefill,36,145,0,145,604826,30894,1932,2563,1,1,0,609994,15,28,0,0,0,0,0,0,60,lru,0,0,0,0,0,0,1024,0,848,60,0,85,24,0,0,0,0,0,0,0,0,275578880,958,275578880,435,3277203410339951116,0,0,0,0,0,0,0,0
layer,1,0,0,0,prefill,37,134,0,134,574130,28256,1895,2556,2,2,0,578871,14,80,0,0,0,0,0,0,60,lru,0,0,0,0,0,0,1024,0,910,60,0,74,22,0,0,0,0,0,0,0,0,254672896,989,254672896,402,687463232770928696,0,0,0,0,0,0,0,0
layer,1,0,0,0,prefill,38,126,0,126,580741,29109,1740,2186,1,1,0,585266,18,27,0,0,0,0,0,0,60,lru,0,0,0,0,0,0,1024,0,906,60,0,66,22,0,0,0,0,0,0,0,0,257015808,662,257015808,378,3152204717211103003,0,0,0,0,0,0,0,0
layer,1,0,0,0,prefill,39,142,0,142,621073,31994,11910,2469,2,2,0,626110,14,26,0,0,0,0,0,0,60,lru,0,0,0,0,0,0,1024,0,893,60,0,82,25,0,0,0,0,0,0,0,0,289652736,913,289652736,426,18063871893985616342,0,0,0,0,0,0,0,0
request,1,0,0,0,prefill,-1,0,0,0,0,0,0,0,0,0,0,0,0,0,0,0,0,0,0,0,0,,32251371,32878,0,0,27,0,0,0,0,0,0,0,0,0,0,0,0,0,0,0,0,0,0,0,0,0,0,0,0,0,0,0,0,0
layer,2,0,1,128,decode,0,8,3,5,2426,694,352,980,43,0,43,3640,42,20,0,0,0,0,0,0,60,lru,0,0,0,0,0,0,8,3,8,0,5,0,68,0,0,0,0,0,0,0,0,9502720,0,9502720,15,7254485698621351976,4,4,5,8,5,4,0,3.8
layer,2,0,1,128,decode,1,8,4,4,4997,627,233,136,36,1,35,5303,11,4,0,0,0,0,0,0,60,lru,0,0,0,0,0,0,8,4,8,0,4,0,37,0,0,0,0,0,0,0,0,7602176,0,7602176,12,4328414224302126305,4,4,4,8,4,2,0,3.8
layer,2,0,1,128,decode,2,8,4,4,4950,522,2084,167,36,0,36,5213,9,4,0,0,0,0,0,0,60,lru,0,0,0,0,0,0,8,4,8,0,4,0,34,0,0,0,0,0,0,0,0,7602176,0,7602176,12,1001171307569698806,4,4,4,8,4,1,0,3.8
layer,2,0,1,128,decode,3,8,2,6,4734,837,244,241,19,1,18,5086,13,17,0,0,0,0,0,0,60,lru,0,0,0,0,0,0,8,2,8,0,6,0,29,0,0,0,0,0,0,0,0,11403264,0,11403264,18,7879118728736304243,4,4,6,8,6,3,0,3.8
layer,2,0,1,128,decode,4,8,3,5,4748,662,227,189,16,0,16,5025,10,14,0,0,0,0,0,0,60,lru,0,0,0,0,0,0,8,3,8,0,5,0,19,0,0,0,0,0,0,0,0,9502720,0,9502720,15,8157219622342567720,4,4,5,8,5,3,0,3.8
layer,2,0,1,128,decode,5,8,5,3,14897,479,226,90,13,0,13,15096,8,3,0,0,0,0,0,0,60,lru,0,0,0,0,0,0,8,5,8,0,3,0,22,0,0,0,0,0,0,0,0,5701632,0,5701632,9,11604806328950607740,4,4,3,8,3,3,0,3.8
layer,2,0,1,128,decode,6,8,7,1,419,152,193,31,15,0,15,539,8,4,0,0,0,0,0,0,60,lru,0,0,0,0,0,0,8,7,8,0,1,0,19,0,0,0,0,0,0,0,0,1900544,0,1900544,3,9595127914444460934,4,4,1,8,1,1,0,3.8
layer,2,0,1,128,decode,7,8,7,1,398,140,234,39,14,0,14,518,9,2,0,0,0,0,0,0,60,lru,0,0,0,0,0,0,8,7,8,0,1,0,16,0,0,0,0,0,0,0,0,1900544,0,1900544,3,6110789278621683118,4,4,1,8,1,1,0,3.8
layer,2,0,1,128,decode,8,8,7,1,369,151,211,31,13,0,13,476,8,3,0,0,0,0,0,0,60,lru,0,0,0,0,0,0,8,7,8,0,1,0,16,0,0,0,0,0,0,0,0,1900544,0,1900544,3,11009270682043261506,4,4,1,8,1,1,0,3.8
layer,2,0,1,128,decode,9,8,6,2,829,286,231,81,2,0,2,983,8,17,0,0,0,0,0,0,60,lru,0,0,0,0,0,0,8,6,8,0,2,0,15,0,0,0,0,0,0,0,0,3801088,0,3801088,6,11304495276917889214,4,4,2,8,2,2,0,3.8
layer,2,0,1,128,decode,10,8,4,4,2636,522,209,170,2,0,2,2836,8,3,0,0,0,0,0,0,60,lru,0,0,0,0,0,0,8,4,8,0,4,0,8,0,0,0,0,0,0,0,0,7602176,0,7602176,12,15803557957215100032,4,4,4,8,4,2,0,3.8
layer,2,0,1,128,decode,11,8,5,3,988,391,239,92,2,0,2,1184,8,15,0,0,0,0,0,0,60,lru,0,0,0,0,0,0,8,5,8,0,3,0,9,0,0,0,0,0,0,0,0,5701632,0,5701632,9,5515690665552396685,4,4,3,8,3,2,0,3.8
layer,2,0,1,128,decode,12,8,6,2,645,269,241,101,2,0,2,813,8,9,0,0,0,0,0,0,60,lru,0,0,0,0,0,0,8,6,8,0,2,0,12,0,0,0,0,0,0,0,0,3801088,0,3801088,6,14377724257657132143,4,4,2,8,2,2,0,3.8
layer,2,0,1,128,decode,13,8,6,2,5740,339,219,69,3,1,2,5866,8,3,0,0,0,0,0,0,60,lru,0,0,0,0,0,0,8,6,8,0,2,0,11,0,0,0,0,0,0,0,0,3801088,0,3801088,6,1307492344527778106,4,4,2,8,2,1,0,3.8
layer,2,0,1,128,decode,14,8,7,1,382,155,188,35,2,0,2,474,8,3,0,0,0,0,0,0,60,lru,0,0,0,0,0,0,8,7,8,0,1,0,9,0,0,0,0,0,0,0,0,1900544,0,1900544,3,4485037701910013768,4,4,1,8,1,0,0,3.8
layer,2,0,1,128,decode,15,8,8,0,0,0,261,0,0,0,0,31,8,2,0,0,0,0,0,0,60,lru,0,0,0,0,0,0,8,8,8,0,0,0,9,0,0,0,0,0,0,0,0,0,0,0,0,3980058925024748147,4,4,0,8,0,0,0,3.8
layer,2,0,1,128,decode,16,8,6,2,676,279,194,64,2,0,2,785,8,3,0,0,0,0,0,0,60,lru,0,0,0,0,0,0,8,6,8,0,2,0,8,0,0,0,0,0,0,0,0,3801088,0,3801088,6,1520042376657277118,4,4,2,8,2,2,0,3.8
layer,2,0,1,128,decode,17,8,6,2,656,250,226,78,2,0,2,774,8,3,0,0,0,0,0,0,60,lru,0,0,0,0,0,0,8,6,8,0,2,0,9,0,0,0,0,0,0,0,0,3801088,0,3801088,6,17242286561999112203,4,4,2,8,2,1,0,3.8
layer,2,0,1,128,decode,18,8,5,3,1012,388,201,149,2,0,2,1191,8,10,0,0,0,0,0,0,60,lru,0,0,0,0,0,0,8,5,8,0,3,0,9,0,0,0,0,0,0,0,0,5701632,0,5701632,9,17477815340518167930,4,4,3,8,3,2,0,3.8
layer,2,0,1,128,decode,19,8,6,2,8323,391,223,40,3,1,2,8434,8,2,0,0,0,0,0,0,60,lru,0,0,0,0,0,0,8,6,8,0,2,0,9,0,0,0,0,0,0,0,0,3801088,0,3801088,6,7001027055878190830,4,4,2,8,2,2,0,3.8
layer,2,0,1,128,decode,20,8,6,2,702,267,207,98,3,0,3,820,8,3,0,0,0,0,0,0,60,lru,0,0,0,0,0,0,8,6,8,0,2,0,12,0,0,0,0,0,0,0,0,3801088,0,3801088,6,2708815735651456751,4,4,2,8,2,1,0,3.8
layer,2,0,1,128,decode,21,8,7,1,632,148,235,33,2,0,2,724,8,2,0,0,0,0,0,0,60,lru,0,0,0,0,0,0,8,7,8,0,1,0,9,0,0,0,0,0,0,0,0,1900544,0,1900544,3,7704508630103240882,4,4,1,8,1,0,0,3.8
layer,2,0,1,128,decode,22,8,5,3,4690,403,198,72,2,0,2,4871,8,19,0,0,0,0,0,0,60,lru,0,0,0,0,0,0,8,5,8,0,3,0,7,0,0,0,0,0,0,0,0,5701632,0,5701632,9,1845266412580334140,4,4,3,8,3,2,0,3.8
layer,2,0,1,128,decode,23,8,6,2,694,286,210,68,1,0,1,803,8,3,0,0,0,0,0,0,60,lru,0,0,0,0,0,0,8,6,8,0,2,0,9,0,0,0,0,0,0,0,0,3801088,0,3801088,6,11423075746881571236,4,4,2,8,2,1,0,3.8
layer,2,0,1,128,decode,24,8,5,3,7353,393,222,84,3,0,3,7514,8,8,0,0,0,0,0,0,60,lru,0,0,0,0,0,0,8,5,8,0,3,0,8,0,0,0,0,0,0,0,0,5701632,0,5701632,9,12497833297056640796,4,4,3,8,3,2,0,3.8
layer,2,0,1,128,decode,25,8,4,4,6076,557,226,144,3,0,3,6305,8,34,0,0,0,0,0,0,60,lru,0,0,0,0,0,0,8,4,8,0,4,0,9,0,0,0,0,0,0,0,0,7602176,0,7602176,12,2469130425578470345,4,4,4,8,4,3,0,3.8
layer,2,0,1,128,decode,26,8,7,1,368,163,187,35,2,0,2,460,8,14,0,0,0,0,0,0,60,lru,0,0,0,0,0,0,8,7,8,0,1,0,8,0,0,0,0,0,0,0,0,1900544,0,1900544,3,1053491816991993220,4,4,1,8,1,1,0,3.8
layer,2,0,1,128,decode,27,8,4,4,1780,518,240,166,3,0,3,2003,8,16,0,0,0,0,0,0,60,lru,0,0,0,0,0,0,8,4,8,0,4,0,8,0,0,0,0,0,0,0,0,7602176,0,7602176,12,5393886175912153606,4,4,4,8,4,2,0,3.8
layer,2,0,1,128,decode,28,8,6,2,3593,273,236,98,2,0,2,3735,8,14,0,0,0,0,0,0,60,lru,0,0,0,0,0,0,8,6,8,0,2,0,8,0,0,0,0,0,0,0,0,3801088,0,3801088,6,15332712752622925119,4,4,2,8,2,1,0,3.8
layer,2,0,1,128,decode,29,8,4,4,5080,547,223,118,2,0,2,5295,8,16,0,0,0,0,0,0,60,lru,0,0,0,0,0,0,8,4,8,0,4,0,9,0,0,0,0,0,0,0,0,7602176,0,7602176,12,13375048892650805854,4,4,4,8,4,2,0,3.8
layer,2,0,1,128,decode,30,8,6,2,1727,300,188,58,2,0,2,1836,8,4,0,0,0,0,0,0,60,lru,0,0,0,0,0,0,8,6,8,0,2,0,10,0,0,0,0,0,0,0,0,3801088,0,3801088,6,13782977827483029981,4,4,2,8,2,2,0,3.8
layer,2,0,1,128,decode,31,8,5,3,4443,396,229,88,3,0,3,4605,8,14,0,0,0,0,0,0,60,lru,0,0,0,0,0,0,8,5,8,0,3,0,9,0,0,0,0,0,0,0,0,5701632,0,5701632,9,13939020910911204755,4,4,3,8,3,1,0,3.8
layer,2,0,1,128,decode,32,8,3,5,3810,680,226,168,2,0,2,4055,8,18,0,0,0,0,0,0,60,lru,0,0,0,0,0,0,8,3,8,0,5,0,9,0,0,0,0,0,0,0,0,9502720,0,9502720,15,5602116782344715367,4,4,5,8,5,3,0,3.8
layer,2,0,1,128,decode,33,8,4,4,7571,582,237,175,2,0,2,7805,8,7,0,0,0,0,0,0,60,lru,0,0,0,0,0,0,8,4,8,0,4,0,9,0,0,0,0,0,0,0,0,7602176,0,7602176,12,7589832193247832721,4,4,4,8,4,2,0,3.8
layer,2,0,1,128,decode,34,8,3,5,8356,794,215,136,2,0,2,8604,8,18,0,0,0,0,0,0,60,lru,0,0,0,0,0,0,8,3,8,0,5,0,10,0,0,0,0,0,0,0,0,10199040,0,10199040,15,7064816013019935396,4,4,5,8,5,1,0,3.8
layer,2,0,1,128,decode,35,8,6,2,4975,453,237,100,2,0,2,5117,9,14,0,0,0,0,0,0,60,lru,0,0,0,0,0,0,8,6,8,0,2,0,8,0,0,0,0,0,0,0,0,3801088,0,3801088,6,9740308546073552789,4,4,2,8,2,1,0,3.8
layer,2,0,1,128,decode,36,8,3,5,2446,675,218,166,2,0,2,2687,8,6,0,0,0,0,0,0,60,lru,0,0,0,0,0,0,8,3,8,0,5,0,10,0,0,0,0,0,0,0,0,9502720,0,9502720,15,4623111038456450604,4,4,5,8,5,3,0,3.8
layer,2,0,1,128,decode,37,8,5,3,5475,558,225,105,3,0,3,5643,8,15,0,0,0,0,0,0,60,lru,0,0,0,0,0,0,8,5,8,0,3,0,7,0,0,0,0,0,0,0,0,5701632,0,5701632,9,10094418978732537205,4,4,3,8,3,2,0,3.8
layer,2,0,1,128,decode,38,8,2,6,5498,902,190,281,1,0,1,5783,8,15,0,0,0,0,0,0,60,lru,0,0,0,0,0,0,8,2,8,0,6,0,9,0,0,0,0,0,0,0,0,12238848,0,12238848,18,6002352678584087619,4,4,6,8,6,4,0,3.8
layer,2,0,1,128,decode,39,8,3,5,7419,883,693,207,2,0,2,7640,8,3,0,0,0,0,0,0,60,lru,0,0,0,0,0,0,8,3,8,0,5,0,8,0,0,0,0,0,0,0,0,10199040,0,10199040,15,12905355854548117940,4,4,5,8,5,3,0,3.8
request,2,0,1,0,decode,-1,0,0,0,0,0,0,0,0,0,0,0,0,0,0,0,0,0,0,0,0,,177067,778,0,0,27,0,0,0,0,0,0,0,0,0,0,0,0,0,0,0,0,0,0,0,0,0,0,0,0,0,0,0,0,0
layer,3,0,2,129,decode,0,8,2,6,2316,835,449,185,6,0,6,2580,12,4,0,0,0,0,0,0,60,lru,0,0,0,0,0,0,8,2,8,0,6,0,15,0,0,0,0,0,0,0,0,11403264,0,11403264,18,4009942129221919342,4,4,6,8,6,2,0,3.8
layer,3,0,2,129,decode,1,8,2,6,7149,823,425,262,6,0,6,7464,10,21,0,0,0,0,0,0,60,lru,0,0,0,0,0,0,8,2,8,0,6,0,13,0,0,0,0,0,0,0,0,11403264,0,11403264,18,18217181162900242125,4,4,6,8,6,4,0,3.8
layer,3,0,2,129,decode,2,8,7,1,347,163,378,20,8,0,8,448,9,4,0,0,0,0,0,0,60,lru,0,0,0,0,0,0,8,7,8,0,1,0,11,0,0,0,0,0,0,0,0,1900544,0,1900544,3,12103677070006543548,4,4,1,8,1,0,0,3.8
layer,3,0,2,129,decode,3,8,4,4,2966,514,429,86,6,0,6,3160,9,3,0,0,0,0,0,0,60,lru,0,0,0,0,0,0,8,4,8,0,4,0,11,0,0,0,0,0,0,0,0,7602176,0,7602176,12,9198642985979581907,4,4,4,8,4,3,0,3.8
layer,3,0,2,129,decode,4,8,6,2,1137,292,413,43,6,0,6,1258,9,3,0,0,0,0,0,0,60,lru,0,0,0,0,0,0,8,6,8,0,2,0,13,0,0,0,0,0,0,0,0,3801088,0,3801088,6,316360594592359844,4,4,2,8,2,1,0,3.8
layer,3,0,2,129,decode,5,8,5,3,1107,403,628,113,6,0,6,1277,8,4,0,0,0,0,0,0,60,lru,0,0,0,0,0,0,8,5,8,0,3,0,12,0,0,0,0,0,0,0,0,5701632,0,5701632,9,10033590023762998123,4,4,3,8,3,2,0,3.8
layer,3,0,2,129,decode,6,8,7,1,346,170,411,44,6,0,6,466,11,15,0,0,0,0,0,0,60,lru,0,0,0,0,0,0,8,7,8,0,1,0,13,0,0,0,0,0,0,0,0,1900544,0,1900544,3,15490833820647820463,4,4,1,8,1,0,0,3.8
layer,3,0,2,129,decode,7,8,8,0,0,0,458,0,0,0,0,38,9,3,0,0,0,0,0,0,60,lru,0,0,0,0,0,0,8,8,8,0,0,0,12,0,0,0,0,0,0,0,0,0,0,0,0,14146416194496846403,4,4,0,8,0,0,0,3.8
layer,3,0,2,129,decode,8,8,8,0,0,0,448,0,0,0,0,37,9,3,0,0,0,0,0,0,60,lru,0,0,0,0,0,0,8,8,8,0,0,0,14,0,0,0,0,0,0,0,0,0,0,0,0,10079190880169119211,4,4,0,8,0,0,0,3.8
layer,3,0,2,129,decode,9,8,7,1,324,166,482,45,2,0,2,453,8,18,0,0,0,0,0,0,60,lru,0,0,0,0,0,0,8,7,8,0,1,0,12,0,0,0,0,0,0,0,0,1900544,0,1900544,3,4429355030589802168,4,4,1,8,1,0,0,3.8
layer,3,0,2,129,decode,10,8,5,3,1022,426,327,99,2,0,2,1171,9,6,0,0,0,0,0,0,60,lru,0,0,0,0,0,0,8,5,8,0,3,0,9,0,0,0,0,0,0,0,0,5701632,0,5701632,9,10057024807057288266,4,4,3,8,3,2,0,3.8
layer,3,0,2,129,decode,11,8,3,5,3753,713,578,207,2,0,2,3970,9,4,0,0,0,0,0,0,60,lru,0,0,0,0,0,0,8,3,8,0,5,0,6,0,0,0,0,0,0,0,0,9502720,0,9502720,15,15740224724942159143,4,4,5,8,5,3,0,3.8
layer,3,0,2,129,decode,12,8,5,3,1025,453,469,113,2,0,2,1181,11,4,0,0,0,0,0,0,60,lru,0,0,0,0,0,0,8,5,8,0,3,0,13,0,0,0,0,0,0,0,0,5701632,0,5701632,9,6295255665047525046,4,4,3,8,3,1,0,3.8
layer,3,0,2,129,decode,13,8,4,4,1387,549,747,133,2,0,2,1570,10,5,0,0,0,0,0,0,60,lru,0,0,0,0,0,0,8,4,8,0,4,0,10,0,0,0,0,0,0,0,0,7602176,0,7602176,12,11415031381658446584,4,4,4,8,4,3,0,3.8
layer,3,0,2,129,decode,14,8,5,3,6145,523,409,129,2,0,2,6333,12,15,0,0,0,0,0,0,60,lru,0,0,0,0,0,0,8,5,8,0,3,0,10,0,0,0,0,0,0,0,0,5701632,0,5701632,9,11179997196429510639,4,4,3,8,3,3,0,3.8
layer,3,0,2,129,decode,15,8,5,3,1253,385,406,98,2,0,2,1428,10,14,0,0,0,0,0,0,60,lru,0,0,0,0,0,0,8,5,8,0,3,0,10,0,0,0,0,0,0,0,0,5701632,0,5701632,9,7233078550582138417,4,4,3,8,3,2,0,3.8
layer,3,0,2,129,decode,16,8,5,3,6215,466,412,102,3,0,3,6397,9,14,0,0,0,0,0,0,60,lru,0,0,0,0,0,0,8,5,8,0,3,0,9,0,0,0,0,0,0,0,0,5701632,0,5701632,9,2510026629505768952,4,4,3,8,3,2,0,3.8
layer,3,0,2,129,decode,17,8,6,2,672,282,407,71,3,0,3,809,9,15,0,0,0,0,0,0,60,lru,0,0,0,0,0,0,8,6,8,0,2,0,10,0,0,0,0,0,0,0,0,3801088,0,3801088,6,6072427140901157797,4,4,2,8,2,1,0,3.8
layer,3,0,2,129,decode,18,8,5,3,2588,402,386,85,2,0,2,2745,9,14,0,0,0,0,0,0,60,lru,0,0,0,0,0,0,8,5,8,0,3,0,7,0,0,0,0,0,0,0,0,5701632,0,5701632,9,13196912883624368847,4,4,3,8,3,1,0,3.8
layer,3,0,2,129,decode,19,8,8,0,0,0,549,0,0,0,0,35,9,3,0,0,0,0,0,0,60,lru,0,0,0,0,0,0,8,8,8,0,0,0,13,0,0,0,0,0,0,0,0,0,0,0,0,7793243685421675599,4,4,0,8,0,0,0,3.8
layer,3,0,2,129,decode,20,8,8,0,0,0,448,0,0,0,0,32,9,3,0,0,0,0,0,0,60,lru,0,0,0,0,0,0,8,8,8,0,0,0,9,0,0,0,0,0,0,0,0,0,0,0,0,16033453809180578344,4,4,0,8,0,0,0,3.8
layer,3,0,2,129,decode,21,8,6,2,5940,366,426,42,3,0,3,6073,9,14,0,0,0,0,0,0,60,lru,0,0,0,0,0,0,8,6,8,0,2,0,11,0,0,0,0,0,0,0,0,3801088,0,3801088,6,12405822552386308218,4,4,2,8,2,0,0,3.8
layer,3,0,2,129,decode,22,8,4,4,1741,545,376,148,2,0,2,1945,9,5,0,0,0,0,0,0,60,lru,0,0,0,0,0,0,8,4,8,0,4,0,11,0,0,0,0,0,0,0,0,7602176,0,7602176,12,2827174252616420466,4,4,4,8,4,2,0,3.8
layer,3,0,2,129,decode,23,8,1,7,7214,856,438,333,3,0,3,7506,9,3,0,0,0,0,0,0,60,lru,0,0,0,0,0,0,8,1,8,0,7,0,8,0,0,0,0,0,0,0,0,13303808,0,13303808,21,3672429565504879950,4,4,7,8,7,4,0,3.8
layer,3,0,2,129,decode,24,8,5,3,1284,331,417,96,3,0,3,1428,8,3,0,0,0,0,0,0,60,lru,0,0,0,0,0,0,8,5,8,0,3,0,9,0,0,0,0,0,0,0,0,5701632,0,5701632,9,5993976759942564607,4,4,3,8,3,1,0,3.8
layer,3,0,2,129,decode,25,8,6,2,665,283,512,68,3,0,3,771,9,3,0,0,0,0,0,0,60,lru,0,0,0,0,0,0,8,6,8,0,2,0,9,0,0,0,0,0,0,0,0,3801088,0,3801088,6,10142880585772523441,4,4,2,8,2,2,0,3.8
layer,3,0,2,129,decode,26,8,6,2,769,272,390,66,2,0,2,908,10,15,0,0,0,0,0,0,60,lru,0,0,0,0,0,0,8,6,8,0,2,0,11,0,0,0,0,0,0,0,0,3801088,0,3801088,6,823042062324727788,4,4,2,8,2,1,0,3.8
layer,3,0,2,129,decode,27,8,4,4,1511,539,420,217,2,0,2,1734,9,16,0,0,0,0,0,0,60,lru,0,0,0,0,0,0,8,4,8,0,4,0,8,0,0,0,0,0,0,0,0,7602176,0,7602176,12,17127710065731334612,4,4,4,8,4,2,0,3.8
layer,3,0,2,129,decode,28,8,5,3,4858,433,404,81,3,0,3,5007,9,3,0,0,0,0,0,0,60,lru,0,0,0,0,0,0,8,5,8,0,3,0,9,0,0,0,0,0,0,0,0,5701632,0,5701632,9,1662305469876609592,4,4,3,8,3,2,0,3.8
layer,3,0,2,129,decode,29,8,4,4,1609,504,408,163,2,0,2,1793,10,4,0,0,0,0,0,0,60,lru,0,0,0,0,0,0,8,4,8,0,4,0,8,0,0,0,0,0,0,0,0,7602176,0,7602176,12,2941479158524053642,4,4,4,8,4,2,0,3.8
layer,3,0,2,129,decode,30,8,3,5,5292,707,709,189,3,0,3,5529,9,15,0,0,0,0,0,0,60,lru,0,0,0,0,0,0,8,3,8,0,5,0,9,0,0,0,0,0,0,0,0,9502720,0,9502720,15,2026413415075218670,4,4,5,8,5,3,0,3.8
layer,3,0,2,129,decode,31,8,2,6,8078,968,442,258,3,0,3,8374,13,19,0,0,0,0,0,0,60,lru,0,0,0,0,0,0,8,2,8,0,6,0,11,0,0,0,0,0,0,0,0,11403264,0,11403264,18,3826497831044602858,4,4,6,8,6,3,0,3.8
layer,3,0,2,129,decode,32,8,3,5,3471,627,513,139,3,0,3,3708,10,17,0,0,0,0,0,0,60,lru,0,0,0,0,0,0,8,3,8,0,5,0,9,0,0,0,0,0,0,0,0,9502720,0,9502720,15,11308038024691896505,4,4,5,8,5,3,0,3.8
layer,3,0,2,129,decode,33,8,2,6,3605,801,429,209,1,0,1,3859,11,4,0,0,0,0,0,0,60,lru,0,0,0,0,0,0,8,2,8,0,6,0,10,0,0,0,0,0,0,0,0,11403264,0,11403264,18,6137498437151561856,4,4,6,8,6,4,0,3.8
layer,3,0,2,129,decode,34,8,3,5,5711,670,399,146,2,0,2,5944,9,16,0,0,0,0,0,0,60,lru,0,0,0,0,0,0,8,3,8,0,5,0,9,0,0,0,0,0,0,0,0,10199040,0,10199040,15,2924331120764195644,4,4,5,8,5,3,0,3.8
layer,3,0,2,129,decode,35,8,0,8,7562,1269,420,217,2,0,2,7881,9,8,0,0,0,0,0,0,60,lru,0,0,0,0,0,0,8,0,8,0,8,0,11,0,0,0,0,0,0,0,0,15204352,0,15204352,24,489601649176824821,4,4,8,8,8,4,0,3.8
layer,3,0,2,129,decode,36,8,4,4,1669,575,413,144,2,0,2,1888,9,16,0,0,0,0,0,0,60,lru,0,0,0,0,0,0,8,4,8,0,4,0,10,0,0,0,0,0,0,0,0,7602176,0,7602176,12,6841763421531395713,4,4,4,8,4,3,0,3.8
layer,3,0,2,129,decode,37,8,2,6,5812,769,444,208,2,0,2,6092,8,11,0,0,0,0,0,0,60,lru,0,0,0,0,0,0,8,2,8,0,6,0,10,0,0,0,0,0,0,0,0,11403264,0,11403264,18,4838366014700850840,4,4,6,8,6,4,0,3.8
layer,3,0,2,129,decode,38,8,4,4,1943,589,489,115,3,0,3,2150,9,3,0,0,0,0,0,0,60,lru,0,0,0,0,0,0,8,4,8,0,4,0,10,0,0,0,0,0,0,0,0,8159232,0,8159232,12,12957776315629321224,4,4,4,8,4,2,0,3.8
layer,3,0,2,129,decode,39,8,3,5,2565,755,797,207,2,0,2,2816,10,29,0,0,0,0,0,0,60,lru,0,0,0,0,0,0,8,3,8,0,5,0,10,0,0,0,0,0,0,0,0,10199040,0,10199040,15,17451067373868649392,4,4,5,8,5,3,0,3.8
request,3,0,2,0,decode,-1,0,0,0,0,0,0,0,0,0,0,0,0,0,0,0,0,0,0,0,0,,140580,832,0,0,15,0,0,0,0,0,0,0,0,0,0,0,0,0,0,0,0,0,0,0,0,0,0,0,0,0,0,0,0,0
layer,4,0,3,130,decode,0,8,4,4,1882,531,152,127,6,0,6,2085,12,4,0,0,0,0,0,0,60,lru,0,0,0,0,0,0,8,4,8,0,4,0,13,0,0,0,0,0,0,0,0,7602176,0,7602176,12,13078433122374814054,4,4,4,8,4,3,0,3.8
layer,4,0,3,130,decode,1,8,6,2,791,306,159,52,6,0,6,907,8,3,0,0,0,0,0,0,60,lru,0,0,0,0,0,0,8,6,8,0,2,0,11,0,0,0,0,0,0,0,0,3801088,0,3801088,6,11575009245088819475,4,4,2,8,2,2,0,3.8
layer,4,0,3,130,decode,2,8,4,4,1550,629,141,178,7,0,7,1743,8,4,0,0,0,0,0,0,60,lru,0,0,0,0,0,0,8,4,8,0,4,0,10,0,0,0,0,0,0,0,0,7602176,0,7602176,12,12775780078486283939,4,4,4,8,4,2,0,3.8
layer,4,0,3,130,decode,3,8,7,1,373,197,160,52,5,0,5,504,8,14,0,0,0,0,0,0,60,lru,0,0,0,0,0,0,8,7,8,0,1,0,10,0,0,0,0,0,0,0,0,1900544,0,1900544,3,12333402507183870269,4,4,1,8,1,0,0,3.8
layer,4,0,3,130,decode,4,8,7,1,373,193,156,44,6,0,6,510,8,14,0,0,0,0,0,0,60,lru,0,0,0,0,0,0,8,7,8,0,1,0,10,0,0,0,0,0,0,0,0,1900544,0,1900544,3,1853324992290510841,4,4,1,8,1,1,0,3.8
layer,4,0,3,130,decode,5,8,6,2,763,315,157,127,5,0,5,916,8,16,0,0,0,0,0,0,60,lru,0,0,0,0,0,0,8,6,8,0,2,0,10,0,0,0,0,0,0,0,0,3801088,0,3801088,6,1770990968771014973,4,4,2,8,2,2,0,3.8
layer,4,0,3,130,decode,6,8,5,3,1194,478,142,149,5,0,5,1400,8,20,0,0,0,0,0,0,60,lru,0,0,0,0,0,0,8,5,8,0,3,0,10,0,0,0,0,0,0,0,0,5701632,0,5701632,9,1916517387032497030,4,4,3,8,3,1,0,3.8
layer,4,0,3,130,decode,7,8,7,1,378,194,160,25,5,0,5,463,8,3,0,0,0,0,0,0,60,lru,0,0,0,0,0,0,8,7,8,0,1,0,10,0,0,0,0,0,0,0,0,1900544,0,1900544,3,10163830558002987818,4,4,1,8,1,0,0,3.8
layer,4,0,3,130,decode,8,8,8,0,0,0,181,0,0,0,0,29,7,2,0,0,0,0,0,0,60,lru,0,0,0,0,0,0,8,8,8,0,0,0,10,0,0,0,0,0,0,0,0,0,0,0,0,570941305267716897,4,4,0,8,0,0,0,3.8
layer,4,0,3,130,decode,9,8,8,0,0,0,186,0,0,0,0,26,7,2,0,0,0,0,0,0,60,lru,0,0,0,0,0,0,8,8,8,0,0,0,8,0,0,0,0,0,0,0,0,0,0,0,0,4306283493099630016,4,4,0,8,0,0,0,3.8
layer,4,0,3,130,decode,10,8,8,0,0,0,162,0,0,0,0,23,7,2,0,0,0,0,0,0,60,lru,0,0,0,0,0,0,8,8,8,0,0,0,6,0,0,0,0,0,0,0,0,0,0,0,0,17306499330006666642,4,4,0,8,0,0,0,3.8
layer,4,0,3,130,decode,11,8,6,2,724,352,159,89,2,0,2,881,7,17,0,0,0,0,0,0,60,lru,0,0,0,0,0,0,8,6,8,0,2,0,4,0,0,0,0,0,0,0,0,3801088,0,3801088,6,18278226633603288318,4,4,2,8,2,1,0,3.8
layer,4,0,3,130,decode,12,8,6,2,711,339,154,102,2,0,2,888,8,11,0,0,0,0,0,0,60,lru,0,0,0,0,0,0,8,6,8,0,2,0,8,0,0,0,0,0,0,0,0,3801088,0,3801088,6,13138297533184422298,4,4,2,8,2,1,0,3.8
layer,4,0,3,130,decode,13,8,6,2,723,337,159,130,1,0,1,858,8,6,0,0,0,0,0,0,60,lru,0,0,0,0,0,0,8,6,8,0,2,0,6,0,0,0,0,0,0,0,0,3801088,0,3801088,6,5465802783897839901,4,4,2,8,2,1,0,3.8
layer,4,0,3,130,decode,14,8,8,0,0,0,163,0,0,0,0,24,8,2,0,0,0,0,0,0,60,lru,0,0,0,0,0,0,8,8,8,0,0,0,5,0,0,0,0,0,0,0,0,0,0,0,0,4328350500800064422,4,4,0,8,0,0,0,3.8
layer,4,0,3,130,decode,15,8,7,1,349,184,160,54,1,0,1,459,8,13,0,0,0,0,0,0,60,lru,0,0,0,0,0,0,8,7,8,0,1,0,7,0,0,0,0,0,0,0,0,1900544,0,1900544,3,4609160861113935129,4,4,1,8,1,0,0,3.8
layer,4,0,3,130,decode,16,8,7,1,354,204,155,80,2,0,2,453,8,5,0,0,0,0,0,0,60,lru,0,0,0,0,0,0,8,7,8,0,1,0,4,0,0,0,0,0,0,0,0,1900544,0,1900544,3,17392070569984965743,4,4,1,8,1,0,0,3.8
layer,4,0,3,130,decode,17,8,5,3,6624,546,160,115,2,0,2,6809,8,15,0,0,0,0,0,0,60,lru,0,0,0,0,0,0,8,5,8,0,3,0,7,0,0,0,0,0,0,0,0,5701632,0,5701632,9,3944703500144734787,4,4,3,8,3,1,0,3.8
layer,4,0,3,130,decode,18,8,7,1,376,163,143,34,1,0,1,471,8,15,0,0,0,0,0,0,60,lru,0,0,0,0,0,0,8,7,8,0,1,0,6,0,0,0,0,0,0,0,0,1900544,0,1900544,3,2695266850908819127,4,4,1,8,1,0,0,3.8
layer,4,0,3,130,decode,19,8,6,2,770,270,160,81,1,0,1,895,8,15,0,0,0,0,0,0,60,lru,0,0,0,0,0,0,8,6,8,0,2,0,6,0,0,0,0,0,0,0,0,3801088,0,3801088,6,8376587437975974901,4,4,2,8,2,2,0,3.8
layer,4,0,3,130,decode,20,8,6,2,684,283,153,82,1,0,1,820,8,17,0,0,0,0,0,0,60,lru,0,0,0,0,0,0,8,6,8,0,2,0,7,0,0,0,0,0,0,0,0,3801088,0,3801088,6,2200470684745981630,4,4,2,8,2,2,0,3.8
layer,4,0,3,130,decode,21,8,7,1,5445,257,159,31,2,0,2,5527,8,8,0,0,0,0,0,0,60,lru,0,0,0,0,0,0,8,7,8,0,1,0,6,0,0,0,0,0,0,0,0,1900544,0,1900544,3,12736164035895235971,4,4,1,8,1,1,0,3.8
layer,4,0,3,130,decode,22,8,8,0,0,0,166,0,0,0,0,25,8,2,0,0,0,0,0,0,60,lru,0,0,0,0,0,0,8,8,8,0,0,0,6,0,0,0,0,0,0,0,0,0,0,0,0,6839886252152842960,4,4,0,8,0,0,0,3.8
layer,4,0,3,130,decode,23,8,4,4,2710,543,155,157,3,0,3,2915,8,18,0,0,0,0,0,0,60,lru,0,0,0,0,0,0,8,4,8,0,4,0,6,0,0,0,0,0,0,0,0,7602176,0,7602176,12,9773553938610774363,4,4,4,8,4,2,0,3.8
layer,4,0,3,130,decode,24,8,6,2,653,303,153,60,3,0,3,787,8,16,0,0,0,0,0,0,60,lru,0,0,0,0,0,0,8,6,8,0,2,0,7,0,0,0,0,0,0,0,0,3801088,0,3801088,6,11684343790876133667,4,4,2,8,2,1,0,3.8
layer,4,0,3,130,decode,25,8,4,4,1641,539,160,170,1,0,1,1836,8,17,0,0,0,0,0,0,60,lru,0,0,0,0,0,0,8,4,8,0,4,0,6,0,0,0,0,0,0,0,0,7602176,0,7602176,12,6485053647929682663,4,4,4,8,4,1,0,3.8
layer,4,0,3,130,decode,26,8,6,2,665,277,141,73,1,0,1,788,8,10,0,0,0,0,0,0,60,lru,0,0,0,0,0,0,8,6,8,0,2,0,6,0,0,0,0,0,0,0,0,3801088,0,3801088,6,14544126732160735497,4,4,2,8,2,1,0,3.8
layer,4,0,3,130,decode,27,8,5,3,2359,457,159,113,1,0,1,2527,13,13,0,0,0,0,0,0,60,lru,0,0,0,0,0,0,8,5,8,0,3,0,7,0,0,0,0,0,0,0,0,5701632,0,5701632,9,6823690627152988879,4,4,3,8,3,3,0,3.8
layer,4,0,3,130,decode,28,8,4,4,1649,542,152,156,3,0,3,1838,8,8,0,0,0,0,0,0,60,lru,0,0,0,0,0,0,8,4,8,0,4,0,7,0,0,0,0,0,0,0,0,7602176,0,7602176,12,349486446725407584,4,4,4,8,4,3,0,3.8
layer,4,0,3,130,decode,29,8,3,5,2318,693,156,124,1,0,1,2550,8,22,0,0,0,0,0,0,60,lru,0,0,0,0,0,0,8,3,8,0,5,0,7,0,0,0,0,0,0,0,0,9502720,0,9502720,15,16199493245887441152,4,4,5,8,5,3,0,3.8
layer,4,0,3,130,decode,30,8,5,3,1338,397,143,115,1,0,1,1467,8,3,0,0,0,0,0,0,60,lru,0,0,0,0,0,0,8,5,8,0,3,0,6,0,0,0,0,0,0,0,0,5701632,0,5701632,9,1404569545392261074,4,4,3,8,3,2,0,3.8
layer,4,0,3,130,decode,31,8,3,5,14242,927,157,167,1,0,1,14461,8,3,0,0,0,0,0,0,60,lru,0,0,0,0,0,0,8,3,8,0,5,0,7,0,0,0,0,0,0,0,0,9502720,0,9502720,15,3716655159948314648,4,4,5,8,5,4,0,3.8
layer,4,0,3,130,decode,32,8,5,3,2345,419,155,84,2,0,2,2518,8,15,0,0,0,0,0,0,60,lru,0,0,0,0,0,0,8,5,8,0,3,0,7,0,0,0,0,0,0,0,0,5701632,0,5701632,9,16475801543602089066,4,4,3,8,3,3,0,3.8
layer,4,0,3,130,decode,33,8,6,2,1041,291,157,65,2,0,2,1193,8,14,0,0,0,0,0,0,60,lru,0,0,0,0,0,0,8,6,8,0,2,0,7,0,0,0,0,0,0,0,0,3801088,0,3801088,6,773282973272797791,4,4,2,8,2,1,0,3.8
layer,4,0,3,130,decode,34,8,5,3,2853,417,142,115,2,0,2,3006,7,14,0,0,0,0,0,0,60,lru,0,0,0,0,0,0,8,5,8,0,3,0,6,0,0,0,0,0,0,0,0,6119424,0,6119424,9,11843698614937012962,4,4,3,8,3,3,0,3.8
layer,4,0,3,130,decode,35,8,3,5,5216,671,157,166,1,0,1,5443,7,12,0,0,0,0,0,0,60,lru,0,0,0,0,0,0,8,3,8,0,5,0,6,0,0,0,0,0,0,0,0,9502720,0,9502720,15,16302463268942012278,4,4,5,8,5,3,0,3.8
layer,4,0,3,130,decode,36,8,4,4,1734,543,153,171,1,0,1,1923,8,9,0,0,0,0,0,0,60,lru,0,0,0,0,0,0,8,4,8,0,4,0,7,0,0,0,0,0,0,0,0,7602176,0,7602176,12,7018357701807364861,4,4,4,8,4,3,0,3.8
layer,4,0,3,130,decode,37,8,7,1,343,170,158,50,1,0,1,448,8,16,0,0,0,0,0,0,60,lru,0,0,0,0,0,0,8,7,8,0,1,0,6,0,0,0,0,0,0,0,0,1900544,0,1900544,3,14677570399647814746,4,4,1,8,1,1,0,3.8
layer,4,0,3,130,decode,38,8,7,1,339,182,147,45,1,0,1,428,8,9,0,0,0,0,0,0,60,lru,0,0,0,0,0,0,8,7,8,0,1,0,7,0,0,0,0,0,0,0,0,2039808,0,2039808,3,1712043294837794992,4,4,1,8,1,1,0,3.8
layer,4,0,3,130,decode,39,8,8,0,0,0,694,0,0,0,0,24,8,2,0,0,0,0,0,0,60,lru,0,0,0,0,0,0,8,8,8,0,0,0,5,0,0,0,0,0,0,0,0,0,0,0,0,7106163583469583217,4,4,0,8,0,0,0,3.8
request,4,0,3,0,decode,-1,0,0,0,0,0,0,0,0,0,0,0,0,0,0,0,0,0,0,0,0,,80686,621,0,0,20,0,0,0,0,0,0,0,0,0,0,0,0,0,0,0,0,0,0,0,0,0,0,0,0,0,0,0,0,0
layer,5,0,4,131,decode,0,8,4,4,1511,542,152,133,6,0,6,1708,10,4,0,0,0,0,0,0,60,lru,0,0,0,0,0,0,8,4,8,0,4,0,12,0,0,0,0,0,0,0,0,7602176,0,7602176,12,3400594129893413490,4,4,4,8,4,2,0,3.8
layer,5,0,4,131,decode,1,8,6,2,701,314,156,77,5,0,5,848,8,17,0,0,0,0,0,0,60,lru,0,0,0,0,0,0,8,6,8,0,2,0,11,0,0,0,0,0,0,0,0,3801088,0,3801088,6,1622631980957341391,4,4,2,8,2,0,0,3.8
layer,5,0,4,131,decode,2,8,4,4,1494,584,141,171,6,0,6,1709,7,5,0,0,0,0,0,0,60,lru,0,0,0,0,0,0,8,4,8,0,4,0,10,0,0,0,0,0,0,0,0,7602176,0,7602176,12,12151986283871875465,4,4,4,8,4,2,0,3.8
layer,5,0,4,131,decode,3,8,6,2,704,288,160,94,6,0,6,841,7,11,0,0,0,0,0,0,60,lru,0,0,0,0,0,0,8,6,8,0,2,0,9,0,0,0,0,0,0,0,0,3801088,0,3801088,6,2101872403373501589,4,4,2,8,2,1,0,3.8
layer,5,0,4,131,decode,4,8,8,0,0,0,182,0,0,0,0,30,7,2,0,0,0,0,0,0,60,lru,0,0,0,0,0,0,8,8,8,0,0,0,8,0,0,0,0,0,0,0,0,0,0,0,0,7622263257878340200,4,4,0,8,0,0,0,3.8
layer,5,0,4,131,decode,5,8,5,3,1077,412,159,131,6,0,6,1251,7,16,0,0,0,0,0,0,60,lru,0,0,0,0,0,0,8,5,8,0,3,0,10,0,0,0,0,0,0,0,0,5701632,0,5701632,9,10729297848827678899,4,4,3,8,3,2,0,3.8
layer,5,0,4,131,decode,6,8,7,1,342,155,144,47,5,0,5,448,8,16,0,0,0,0,0,0,60,lru,0,0,0,0,0,0,8,7,8,0,1,0,10,0,0,0,0,0,0,0,0,1900544,0,1900544,3,11233681060087091100,4,4,1,8,1,1,0,3.8
layer,5,0,4,131,decode,7,8,7,1,335,164,160,57,5,0,5,458,8,14,0,0,0,0,0,0,60,lru,0,0,0,0,0,0,8,7,8,0,1,0,8,0,0,0,0,0,0,0,0,1900544,0,1900544,3,4572866224446575980,4,4,1,8,1,0,0,3.8
layer,5,0,4,131,decode,8,8,7,1,321,173,153,34,5,0,5,396,7,2,0,0,0,0,0,0,60,lru,0,0,0,0,0,0,8,7,8,0,1,0,9,0,0,0,0,0,0,0,0,1900544,0,1900544,3,11283658301612384115,4,4,1,8,1,0,0,3.8
layer,5,0,4,131,decode,9,8,8,0,0,0,186,0,0,0,0,25,8,2,0,0,0,0,0,0,60,lru,0,0,0,0,0,0,8,8,8,0,0,0,6,0,0,0,0,0,0,0,0,0,0,0,0,13484504841049574415,4,4,0,8,0,0,0,3.8
layer,5,0,4,131,decode,10,8,5,3,1011,415,143,78,2,0,2,1154,8,3,0,0,0,0,0,0,60,lru,0,0,0,0,0,0,8,5,8,0,3,0,7,0,0,0,0,0,0,0,0,5701632,0,5701632,9,4476136351447464179,4,4,3,8,3,2,0,3.8
layer,5,0,4,131,decode,11,8,5,3,4709,434,159,100,2,0,2,4851,8,2,0,0,0,0,0,0,60,lru,0,0,0,0,0,0,8,5,8,0,3,0,6,0,0,0,0,0,0,0,0,5701632,0,5701632,9,17014989646500328597,4,4,3,8,3,1,0,3.8
layer,5,0,4,131,decode,12,8,8,0,0,0,179,0,0,0,0,27,8,2,0,0,0,0,0,0,60,lru,0,0,0,0,0,0,8,8,8,0,0,0,8,0,0,0,0,0,0,0,0,0,0,0,0,14734794718832227792,4,4,0,8,0,0,0,3.8
layer,5,0,4,131,decode,13,8,6,2,679,296,160,74,3,0,3,815,7,13,0,0,0,0,0,0,60,lru,0,0,0,0,0,0,8,6,8,0,2,0,6,0,0,0,0,0,0,0,0,3801088,0,3801088,6,12432032490679313371,4,4,2,8,2,1,0,3.8
layer,5,0,4,131,decode,14,8,6,2,661,284,140,93,3,0,3,780,8,13,0,0,0,0,0,0,60,lru,0,0,0,0,0,0,8,6,8,0,2,0,5,0,0,0,0,0,0,0,0,3801088,0,3801088,6,7247451678034879876,4,4,2,8,2,1,0,3.8
layer,5,0,4,131,decode,15,8,8,0,0,0,186,0,0,0,0,22,8,2,0,0,0,0,0,0,60,lru,0,0,0,0,0,0,8,8,8,0,0,0,4,0,0,0,0,0,0,0,0,0,0,0,0,2485948199125002668,4,4,0,8,0,0,0,3.8
layer,5,0,4,131,decode,16,8,7,1,318,172,155,61,1,0,1,428,7,14,0,0,0,0,0,0,60,lru,0,0,0,0,0,0,8,7,8,0,1,0,5,0,0,0,0,0,0,0,0,1900544,0,1900544,3,17102113985525041039,4,4,1,8,1,1,0,3.8
layer,5,0,4,131,decode,17,8,8,0,0,0,186,0,0,0,0,26,8,2,0,0,0,0,0,0,60,lru,0,0,0,0,0,0,8,8,8,0,0,0,6,0,0,0,0,0,0,0,0,0,0,0,0,17773955284476637701,4,4,0,8,0,0,0,3.8
layer,5,0,4,131,decode,18,8,4,4,1770,572,139,122,3,0,3,1957,8,10,0,0,0,0,0,0,60,lru,0,0,0,0,0,0,8,4,8,0,4,0,5,0,0,0,0,0,0,0,0,7602176,0,7602176,12,11120440670990586548,4,4,4,8,4,3,0,3.8
layer,5,0,4,131,decode,19,8,6,2,11184,376,160,43,2,0,2,11307,8,3,0,0,0,0,0,0,60,lru,0,0,0,0,0,0,8,6,8,0,2,0,2,0,0,0,0,0,0,0,0,3801088,0,3801088,6,13643593954083319596,4,4,2,8,2,1,0,3.8
layer,5,0,4,131,decode,20,8,7,1,337,167,153,32,1,0,1,434,8,15,0,0,0,0,0,0,60,lru,0,0,0,0,0,0,8,7,8,0,1,0,4,0,0,0,0,0,0,0,0,1900544,0,1900544,3,5711267723012969154,4,4,1,8,1,0,0,3.8
layer,5,0,4,131,decode,21,8,5,3,1076,443,157,96,3,0,3,1253,8,6,0,0,0,0,0,0,60,lru,0,0,0,0,0,0,8,5,8,0,3,0,4,0,0,0,0,0,0,0,0,5701632,0,5701632,9,17202770871405303990,4,4,3,8,3,2,0,3.8
layer,5,0,4,131,decode,22,8,4,4,1775,564,142,186,3,0,3,1993,8,17,0,0,0,0,0,0,60,lru,0,0,0,0,0,0,8,4,8,0,4,0,7,0,0,0,0,0,0,0,0,7602176,0,7602176,12,11323238682317171693,4,4,4,8,4,4,0,3.8
layer,5,0,4,131,decode,23,8,5,3,1457,398,157,99,2,0,2,1602,8,3,0,0,0,0,0,0,60,lru,0,0,0,0,0,0,8,5,8,0,3,0,8,0,0,0,0,0,0,0,0,5701632,0,5701632,9,11378169629964095589,4,4,3,8,3,1,0,3.8
layer,5,0,4,131,decode,24,8,5,3,5935,464,153,126,2,0,2,6087,9,6,0,0,0,0,0,0,60,lru,0,0,0,0,0,0,8,5,8,0,3,0,4,0,0,0,0,0,0,0,0,5701632,0,5701632,9,642737552312861904,4,4,3,8,3,2,0,3.8
layer,5,0,4,131,decode,25,8,5,3,1237,440,158,84,2,0,2,1413,8,21,0,0,0,0,0,0,60,lru,0,0,0,0,0,0,8,5,8,0,3,0,7,0,0,0,0,0,0,0,0,5701632,0,5701632,9,9591502922984031972,4,4,3,8,3,3,0,3.8
layer,5,0,4,131,decode,26,8,6,2,672,282,139,109,2,0,2,786,8,4,0,0,0,0,0,0,60,lru,0,0,0,0,0,0,8,6,8,0,2,0,6,0,0,0,0,0,0,0,0,3801088,0,3801088,6,3570844970938285863,4,4,2,8,2,1,0,3.8
layer,5,0,4,131,decode,27,8,7,1,377,162,160,32,1,0,1,456,8,7,0,0,0,0,0,0,60,lru,0,0,0,0,0,0,8,7,8,0,1,0,5,0,0,0,0,0,0,0,0,1900544,0,1900544,3,2826660912016401295,4,4,1,8,1,1,0,3.8
layer,5,0,4,131,decode,28,8,6,2,7021,414,153,76,3,0,3,7137,8,2,0,0,0,0,0,0,60,lru,0,0,0,0,0,0,8,6,8,0,2,0,5,0,0,0,0,0,0,0,0,3801088,0,3801088,6,5369409917926287522,4,4,2,8,2,1,0,3.8
layer,5,0,4,131,decode,29,8,7,1,315,174,160,37,1,0,1,384,8,2,0,0,0,0,0,0,60,lru,0,0,0,0,0,0,8,7,8,0,1,0,6,0,0,0,0,0,0,0,0,1900544,0,1900544,3,15800816171960023548,4,4,1,8,1,0,0,3.8
layer,5,0,4,131,decode,30,8,6,2,742,285,142,29,2,0,2,843,8,3,0,0,0,0,0,0,60,lru,0,0,0,0,0,0,8,6,8,0,2,0,5,0,0,0,0,0,0,0,0,3801088,0,3801088,6,2480561719036154095,4,4,2,8,2,1,0,3.8
layer,5,0,4,131,decode,31,8,4,4,2075,572,160,96,1,0,1,2243,8,3,0,0,0,0,0,0,60,lru,0,0,0,0,0,0,8,4,8,0,4,0,4,0,0,0,0,0,0,0,0,7602176,0,7602176,12,9215139832585158939,4,4,4,8,4,3,0,3.8
layer,5,0,4,131,decode,32,8,6,2,4575,283,154,62,2,0,2,4713,8,14,0,0,0,0,0,0,60,lru,0,0,0,0,0,0,8,6,8,0,2,0,6,0,0,0,0,0,0,0,0,3801088,0,3801088,6,17220145486454433256,4,4,2,8,2,1,0,3.8
layer,5,0,4,131,decode,33,8,3,5,2122,677,157,193,1,0,1,2344,8,8,0,0,0,0,0,0,60,lru,0,0,0,0,0,0,8,3,8,0,5,0,6,0,0,0,0,0,0,0,0,9502720,0,9502720,15,15656000370138031919,4,4,5,8,5,2,0,3.8
layer,5,0,4,131,decode,34,8,3,5,10299,897,142,146,1,0,1,10515,8,2,0,0,0,0,0,0,60,lru,0,0,0,0,0,0,8,3,8,0,5,0,7,0,0,0,0,0,0,0,0,10199040,0,10199040,15,17045189215142635089,4,4,5,8,5,4,0,3.8
layer,5,0,4,131,decode,35,8,4,4,2553,536,158,174,1,0,1,2753,8,20,0,0,0,0,0,0,60,lru,0,0,0,0,0,0,8,4,8,0,4,0,6,0,0,0,0,0,0,0,0,7602176,0,7602176,12,16542348730574328938,4,4,4,8,4,1,0,3.8
layer,5,0,4,131,decode,36,8,3,5,8501,748,152,208,1,0,1,8730,8,9,0,0,0,0,0,0,60,lru,0,0,0,0,0,0,8,3,8,0,5,0,7,0,0,0,0,0,0,0,0,9502720,0,9502720,15,12910946500875588137,4,4,5,8,5,3,0,3.8
layer,5,0,4,131,decode,37,8,3,5,9852,805,156,202,1,0,1,10065,8,3,0,0,0,0,0,0,60,lru,0,0,0,0,0,0,8,3,8,0,5,0,7,0,0,0,0,0,0,0,0,9502720,0,9502720,15,33755569310992053,4,4,5,8,5,4,0,3.8
layer,5,0,4,131,decode,38,8,3,5,12509,929,141,174,1,0,1,12742,8,7,0,0,0,0,0,0,60,lru,0,0,0,0,0,0,8,3,8,0,5,0,8,0,0,0,0,0,0,0,0,10199040,0,10199040,15,10130422597859630102,4,4,5,8,5,4,0,3.8
layer,5,0,4,131,decode,39,8,3,5,3243,729,675,219,1,0,1,3497,8,15,0,0,0,0,0,0,60,lru,0,0,0,0,0,0,8,3,8,0,5,0,7,0,0,0,0,0,0,0,0,10199040,0,10199040,15,9956223396922161323,4,4,5,8,5,4,0,3.8
request,5,0,4,0,decode,-1,0,0,0,0,0,0,0,0,0,0,0,0,0,0,0,0,0,0,0,0,,119319,673,0,0,20,0,0,0,0,0,0,0,0,0,0,0,0,0,0,0,0,0,0,0,0,0,0,0,0,0,0,0,0,0
layer,6,0,5,132,decode,0,8,5,3,1115,425,151,98,3,0,3,1262,10,4,0,0,0,0,0,0,60,lru,0,0,0,0,0,0,8,5,8,0,3,0,9,0,0,0,0,0,0,0,0,5701632,0,5701632,9,15610980972694094286,4,4,3,8,3,3,0,3.8
layer,6,0,5,132,decode,1,8,5,3,1069,441,161,81,4,0,4,1211,8,4,0,0,0,0,0,0,60,lru,0,0,0,0,0,0,8,5,8,0,3,0,7,0,0,0,0,0,0,0,0,5701632,0,5701632,9,17449458381332889499,4,4,3,8,3,0,0,3.8
layer,6,0,5,132,decode,2,8,6,2,710,298,143,96,6,0,6,862,8,16,0,0,0,0,0,0,60,lru,0,0,0,0,0,0,8,6,8,0,2,0,8,0,0,0,0,0,0,0,0,3801088,0,3801088,6,3134721206627967915,4,4,2,8,2,1,0,3.8
layer,6,0,5,132,decode,3,8,8,0,0,0,186,0,0,0,0,28,8,2,0,0,0,0,0,0,60,lru,0,0,0,0,0,0,8,8,8,0,0,0,8,0,0,0,0,0,0,0,0,0,0,0,0,14141518789528994308,4,4,0,8,0,0,0,3.8
layer,6,0,5,132,decode,4,8,6,2,704,299,154,69,6,0,6,810,7,3,0,0,0,0,0,0,60,lru,0,0,0,0,0,0,8,6,8,0,2,0,6,0,0,0,0,0,0,0,0,3801088,0,3801088,6,14448115572799821354,4,4,2,8,2,1,0,3.8
layer,6,0,5,132,decode,5,8,8,0,0,0,182,0,0,0,0,27,9,2,0,0,0,0,0,0,60,lru,0,0,0,0,0,0,8,8,8,0,0,0,7,0,0,0,0,0,0,0,0,0,0,0,0,8203506850964219102,4,4,0,8,0,0,0,3.8
layer,6,0,5,132,decode,6,8,7,1,7748,318,145,27,4,0,4,7826,8,2,0,0,0,0,0,0,60,lru,0,0,0,0,0,0,8,7,8,0,1,0,7,0,0,0,0,0,0,0,0,1900544,0,1900544,3,11579425286458805463,4,4,1,8,1,1,0,3.8
layer,6,0,5,132,decode,7,8,8,0,0,0,185,0,0,0,0,27,8,2,0,0,0,0,0,0,60,lru,0,0,0,0,0,0,8,8,8,0,0,0,7,0,0,0,0,0,0,0,0,0,0,0,0,6325814295367770799,4,4,0,8,0,0,0,3.8
layer,6,0,5,132,decode,8,8,8,0,0,0,178,0,0,0,0,26,8,2,0,0,0,0,0,0,60,lru,0,0,0,0,0,0,8,8,8,0,0,0,7,0,0,0,0,0,0,0,0,0,0,0,0,11400584751998252283,4,4,0,8,0,0,0,3.8
layer,6,0,5,132,decode,9,8,8,0,0,0,184,0,0,0,0,25,7,2,0,0,0,0,0,0,60,lru,0,0,0,0,0,0,8,8,8,0,0,0,8,0,0,0,0,0,0,0,0,0,0,0,0,6429075898902660739,4,4,0,8,0,0,0,3.8
layer,6,0,5,132,decode,10,8,7,1,6059,203,144,31,1,0,1,6131,8,2,0,0,0,0,0,0,60,lru,0,0,0,0,0,0,8,7,8,0,1,0,5,0,0,0,0,0,0,0,0,1900544,0,1900544,3,4990290464386720568,4,4,1,8,1,1,0,3.8
layer,6,0,5,132,decode,11,8,5,3,1643,411,158,105,2,0,2,1808,8,16,0,0,0,0,0,0,60,lru,0,0,0,0,0,0,8,5,8,0,3,0,6,0,0,0,0,0,0,0,0,5701632,0,5701632,9,15247785501445456939,4,4,3,8,3,2,0,3.8
layer,6,0,5,132,decode,12,8,8,0,0,0,178,0,0,0,0,24,7,2,0,0,0,0,0,0,60,lru,0,0,0,0,0,0,8,8,8,0,0,0,6,0,0,0,0,0,0,0,0,0,0,0,0,12083231595285628373,4,4,0,8,0,0,0,3.8
layer,6,0,5,132,decode,13,8,7,1,378,168,159,35,1,0,1,466,7,14,0,0,0,0,0,0,60,lru,0,0,0,0,0,0,8,7,8,0,1,0,5,0,0,0,0,0,0,0,0,1900544,0,1900544,3,2150239712046502437,4,4,1,8,1,1,0,3.8
layer,6,0,5,132,decode,14,8,8,0,0,0,163,0,0,0,0,22,7,2,0,0,0,0,0,0,60,lru,0,0,0,0,0,0,8,8,8,0,0,0,4,0,0,0,0,0,0,0,0,0,0,0,0,8227976863087740411,4,4,0,8,0,0,0,3.8
layer,6,0,5,132,decode,15,8,7,1,345,170,160,42,2,0,2,451,7,14,0,0,0,0,0,0,60,lru,0,0,0,0,0,0,8,7,8,0,1,0,5,0,0,0,0,0,0,0,0,1900544,0,1900544,3,5124444076929732141,4,4,1,8,1,1,0,3.8
layer,6,0,5,132,decode,16,8,8,0,0,0,177,0,0,0,0,23,8,2,0,0,0,0,0,0,60,lru,0,0,0,0,0,0,8,8,8,0,0,0,5,0,0,0,0,0,0,0,0,0,0,0,0,6812146839533705059,4,4,0,8,0,0,0,3.8
layer,6,0,5,132,decode,17,8,6,2,671,298,159,86,2,0,2,803,8,14,0,0,0,0,0,0,60,lru,0,0,0,0,0,0,8,6,8,0,2,0,6,0,0,0,0,0,0,0,0,3801088,0,3801088,6,2069160170718722868,4,4,2,8,2,2,0,3.8
layer,6,0,5,132,decode,18,8,7,1,328,163,144,32,1,0,1,446,8,14,0,0,0,0,0,0,60,lru,0,0,0,0,0,0,8,7,8,0,1,0,6,0,0,0,0,0,0,0,0,1900544,0,1900544,3,7859556718041150207,4,4,1,8,1,1,0,3.8
layer,6,0,5,132,decode,19,8,8,0,0,0,183,0,0,0,0,24,8,2,0,0,0,0,0,0,60,lru,0,0,0,0,0,0,8,8,8,0,0,0,5,0,0,0,0,0,0,0,0,0,0,0,0,15535837585450644883,4,4,0,8,0,0,0,3.8
layer,6,0,5,132,decode,20,8,8,0,0,0,177,0,0,0,0,21,8,2,0,0,0,0,0,0,60,lru,0,0,0,0,0,0,8,8,8,0,0,0,5,0,0,0,0,0,0,0,0,0,0,0,0,2021764723437341438,4,4,0,8,0,0,0,3.8
layer,6,0,5,132,decode,21,8,8,0,0,0,181,0,0,0,0,23,8,2,0,0,0,0,0,0,60,lru,0,0,0,0,0,0,8,8,8,0,0,0,6,0,0,0,0,0,0,0,0,0,0,0,0,4652052096528580379,4,4,0,8,0,0,0,3.8
layer,6,0,5,132,decode,22,8,6,2,700,286,144,70,3,0,3,800,8,3,0,0,0,0,0,0,60,lru,0,0,0,0,0,0,8,6,8,0,2,0,5,0,0,0,0,0,0,0,0,3801088,0,3801088,6,8529610766461585855,4,4,2,8,2,2,0,3.8
layer,6,0,5,132,decode,23,8,6,2,5005,287,158,77,3,0,3,5129,8,5,0,0,0,0,0,0,60,lru,0,0,0,0,0,0,8,6,8,0,2,0,5,0,0,0,0,0,0,0,0,3801088,0,3801088,6,1046486653385056053,4,4,2,8,2,1,0,3.8
layer,6,0,5,132,decode,24,8,7,1,308,170,155,41,1,0,1,416,8,14,0,0,0,0,0,0,60,lru,0,0,0,0,0,0,8,7,8,0,1,0,5,0,0,0,0,0,0,0,0,1900544,0,1900544,3,3401751833995839702,4,4,1,8,1,1,0,3.8
layer,6,0,5,132,decode,25,8,7,1,323,174,160,42,2,0,2,420,8,16,0,0,0,0,0,0,60,lru,0,0,0,0,0,0,8,7,8,0,1,0,5,0,0,0,0,0,0,0,0,1900544,0,1900544,3,1062403057116619292,4,4,1,8,1,1,0,3.8
layer,6,0,5,132,decode,26,8,6,2,5174,279,141,53,2,0,2,5285,8,3,0,0,0,0,0,0,60,lru,0,0,0,0,0,0,8,6,8,0,2,0,5,0,0,0,0,0,0,0,0,3801088,0,3801088,6,2872612194498199412,4,4,2,8,2,2,0,3.8
layer,6,0,5,132,decode,27,8,6,2,5880,415,158,76,2,0,2,6001,8,15,0,0,0,0,0,0,60,lru,0,0,0,0,0,0,8,6,8,0,2,0,3,0,0,0,0,0,0,0,0,3801088,0,3801088,6,1568692688379747475,4,4,2,8,2,2,0,3.8
layer,6,0,5,132,decode,28,8,8,0,0,0,178,0,0,0,0,23,8,2,0,0,0,0,0,0,60,lru,0,0,0,0,0,0,8,8,8,0,0,0,5,0,0,0,0,0,0,0,0,0,0,0,0,5930534549605841630,4,4,0,8,0,0,0,3.8
layer,6,0,5,132,decode,29,8,7,1,332,178,159,35,1,0,1,398,7,3,0,0,0,0,0,0,60,lru,0,0,0,0,0,0,8,7,8,0,1,0,5,0,0,0,0,0,0,0,0,1900544,0,1900544,3,14838930993592402681,4,4,1,8,1,1,0,3.8
layer,6,0,5,132,decode,30,8,7,1,270,159,143,37,1,0,1,348,8,6,0,0,0,0,0,0,60,lru,0,0,0,0,0,0,8,7,8,0,1,0,5,0,0,0,0,0,0,0,0,1900544,0,1900544,3,7064570917749200368,4,4,1,8,1,1,0,3.8
layer,6,0,5,132,decode,31,8,8,0,0,0,187,0,0,0,0,23,8,2,0,0,0,0,0,0,60,lru,0,0,0,0,0,0,8,8,8,0,0,0,5,0,0,0,0,0,0,0,0,0,0,0,0,8541165896115680102,4,4,0,8,0,0,0,3.8
layer,6,0,5,132,decode,32,8,8,0,0,0,177,0,0,0,0,20,8,2,0,0,0,0,0,0,60,lru,0,0,0,0,0,0,8,8,8,0,0,0,3,0,0,0,0,0,0,0,0,0,0,0,0,6686968503115412807,4,4,0,8,0,0,0,3.8
layer,6,0,5,132,decode,33,8,8,0,0,0,183,0,0,0,0,24,8,2,0,0,0,0,0,0,60,lru,0,0,0,0,0,0,8,8,8,0,0,0,6,0,0,0,0,0,0,0,0,0,0,0,0,8842024197831265810,4,4,0,8,0,0,0,3.8
layer,6,0,5,132,decode,34,8,4,4,1592,591,144,133,3,0,3,1786,7,17,0,0,0,0,0,0,60,lru,0,0,0,0,0,0,8,4,8,0,4,0,5,0,0,0,0,0,0,0,0,8159232,0,8159232,12,1202599179270197373,4,4,4,8,4,3,0,3.8
layer,6,0,5,132,decode,35,8,6,2,636,297,159,63,1,0,1,753,8,3,0,0,0,0,0,0,60,lru,0,0,0,0,0,0,8,6,8,0,2,0,6,0,0,0,0,0,0,0,0,3801088,0,3801088,6,11704363045727962577,4,4,2,8,2,1,0,3.8
layer,6,0,5,132,decode,36,8,5,3,6504,345,155,100,2,0,2,6641,8,3,0,0,0,0,0,0,60,lru,0,0,0,0,0,0,8,5,8,0,3,0,6,0,0,0,0,0,0,0,0,5701632,0,5701632,9,4953174148768502360,4,4,3,8,3,2,0,3.8
layer,6,0,5,132,decode,37,8,7,1,363,161,159,29,1,0,1,457,8,17,0,0,0,0,0,0,60,lru,0,0,0,0,0,0,8,7,8,0,1,0,6,0,0,0,0,0,0,0,0,1900544,0,1900544,3,13470316552562324790,4,4,1,8,1,1,0,3.8
layer,6,0,5,132,decode,38,8,8,0,0,0,165,0,0,0,0,22,8,2,0,0,0,0,0,0,60,lru,0,0,0,0,0,0,8,8,8,0,0,0,4,0,0,0,0,0,0,0,0,0,0,0,0,2130868707840395316,4,4,0,8,0,0,0,3.8
layer,6,0,5,132,decode,39,8,8,0,0,0,688,0,0,0,0,21,8,2,0,0,0,0,0,0,60,lru,0,0,0,0,0,0,8,8,8,0,0,0,4,0,0,0,0,0,0,0,0,0,0,0,0,15683553157272064484,4,4,0,8,0,0,0,3.8
request,6,0,5,0,decode,-1,0,0,0,0,0,0,0,0,0,0,0,0,0,0,0,0,0,0,0,0,,60104,441,0,0,23,0,0,0,0,0,0,0,0,0,0,0,0,0,0,0,0,0,0,0,0,0,0,0,0,0,0,0,0,0
layer,7,0,6,133,decode,0,8,8,0,0,0,176,0,0,0,0,29,10,2,0,0,0,0,0,0,60,lru,0,0,0,0,0,0,8,8,8,0,0,0,8,0,0,0,0,0,0,0,0,0,0,0,0,14584634930953829151,4,4,0,8,0,0,0,3.8
layer,7,0,6,133,decode,1,8,7,1,419,162,160,26,3,0,3,521,8,15,0,0,0,0,0,0,60,lru,0,0,0,0,0,0,8,7,8,0,1,0,6,0,0,0,0,0,0,0,0,1900544,0,1900544,3,1647944905983845704,4,4,1,8,1,1,0,3.8
layer,7,0,6,133,decode,2,8,8,0,0,0,162,0,0,0,0,32,8,2,0,0,0,0,0,0,60,lru,0,0,0,0,0,0,8,8,8,0,0,0,6,0,0,0,0,0,0,0,0,0,0,0,0,5649771456362739213,4,4,0,8,0,0,0,3.8
layer,7,0,6,133,decode,3,8,7,1,374,158,161,21,4,0,4,465,8,16,0,0,0,0,0,0,60,lru,0,0,0,0,0,0,8,7,8,0,1,0,5,0,0,0,0,0,0,0,0,1900544,0,1900544,3,14991536876391437219,4,4,1,8,1,1,0,3.8
layer,7,0,6,133,decode,4,8,6,2,4921,269,154,65,5,0,5,5039,8,3,0,0,0,0,0,0,60,lru,0,0,0,0,0,0,8,6,8,0,2,0,8,0,0,0,0,0,0,0,0,3801088,0,3801088,6,16657590181388164512,4,4,2,8,2,2,0,3.8
layer,7,0,6,133,decode,5,8,8,0,0,0,181,0,0,0,0,26,8,2,0,0,0,0,0,0,60,lru,0,0,0,0,0,0,8,8,8,0,0,0,6,0,0,0,0,0,0,0,0,0,0,0,0,435518480981471163,4,4,0,8,0,0,0,3.8
layer,7,0,6,133,decode,6,8,8,0,0,0,160,0,0,0,0,26,7,2,0,0,0,0,0,0,60,lru,0,0,0,0,0,0,8,8,8,0,0,0,8,0,0,0,0,0,0,0,0,0,0,0,0,7928278608462058490,4,4,0,8,0,0,0,3.8
layer,7,0,6,133,decode,7,8,8,0,0,0,182,0,0,0,0,24,7,2,0,0,0,0,0,0,60,lru,0,0,0,0,0,0,8,8,8,0,0,0,6,0,0,0,0,0,0,0,0,0,0,0,0,18128698979895123948,4,4,0,8,0,0,0,3.8
layer,7,0,6,133,decode,8,8,8,0,0,0,177,0,0,0,0,25,7,2,0,0,0,0,0,0,60,lru,0,0,0,0,0,0,8,8,8,0,0,0,6,0,0,0,0,0,0,0,0,0,0,0,0,4131410626577318782,4,4,0,8,0,0,0,3.8
layer,7,0,6,133,decode,9,8,6,2,689,286,158,59,3,0,3,792,7,3,0,0,0,0,0,0,60,lru,0,0,0,0,0,0,8,6,8,0,2,0,7,0,0,0,0,0,0,0,0,3801088,0,3801088,6,11009407805879504475,4,4,2,8,2,2,0,3.8
layer,7,0,6,133,decode,10,8,7,1,274,176,144,47,1,0,1,379,8,14,0,0,0,0,0,0,60,lru,0,0,0,0,0,0,8,7,8,0,1,0,5,0,0,0,0,0,0,0,0,1900544,0,1900544,3,12060181266177194140,4,4,1,8,1,1,0,3.8
layer,7,0,6,133,decode,11,8,7,1,310,174,160,35,1,0,1,377,8,2,0,0,0,0,0,0,60,lru,0,0,0,0,0,0,8,7,8,0,1,0,5,0,0,0,0,0,0,0,0,1900544,0,1900544,3,10675719490284056811,4,4,1,8,1,1,0,3.8
layer,7,0,6,133,decode,12,8,7,1,619,126,164,36,1,0,1,726,8,14,0,0,0,0,0,0,60,lru,0,0,0,0,0,0,8,7,8,0,1,0,5,0,0,0,0,0,0,0,0,1900544,0,1900544,3,422989677180140527,4,4,1,8,1,1,0,3.8
layer,7,0,6,133,decode,13,8,7,1,332,161,160,43,1,0,1,415,8,3,0,0,0,0,0,0,60,lru,0,0,0,0,0,0,8,7,8,0,1,0,7,0,0,0,0,0,0,0,0,1900544,0,1900544,3,2967113561196638138,4,4,1,8,1,1,0,3.8
layer,7,0,6,133,decode,14,8,8,0,0,0,161,0,0,0,0,24,8,2,0,0,0,0,0,0,60,lru,0,0,0,0,0,0,8,8,8,0,0,0,5,0,0,0,0,0,0,0,0,0,0,0,0,565337509820912240,4,4,0,8,0,0,0,3.8
layer,7,0,6,133,decode,15,8,8,0,0,0,181,0,0,0,0,21,8,2,0,0,0,0,0,0,60,lru,0,0,0,0,0,0,8,8,8,0,0,0,5,0,0,0,0,0,0,0,0,0,0,0,0,7469121363658252739,4,4,0,8,0,0,0,3.8
layer,7,0,6,133,decode,16,8,7,1,330,164,153,17,1,0,1,417,8,17,0,0,0,0,0,0,60,lru,0,0,0,0,0,0,8,7,8,0,1,0,4,0,0,0,0,0,0,0,0,1900544,0,1900544,3,15888924027943339500,4,4,1,8,1,1,0,3.8
layer,7,0,6,133,decode,17,8,7,1,326,164,159,33,1,0,1,415,8,16,0,0,0,0,0,0,60,lru,0,0,0,0,0,0,8,7,8,0,1,0,2,0,0,0,0,0,0,0,0,1900544,0,1900544,3,2932991562236931347,4,4,1,8,1,0,0,3.8
layer,7,0,6,133,decode,18,8,6,2,664,277,141,59,2,0,2,786,9,14,0,0,0,0,0,0,60,lru,0,0,0,0,0,0,8,6,8,0,2,0,3,0,0,0,0,0,0,0,0,3801088,0,3801088,6,438982516585210933,4,4,2,8,2,1,0,3.8
layer,7,0,6,133,decode,19,8,7,1,318,171,159,27,2,0,2,399,8,3,0,0,0,0,0,0,60,lru,0,0,0,0,0,0,8,7,8,0,1,0,4,0,0,0,0,0,0,0,0,1900544,0,1900544,3,18092368337663957141,4,4,1,8,1,1,0,3.8
layer,7,0,6,133,decode,20,8,8,0,0,0,175,0,0,0,0,22,8,2,0,0,0,0,0,0,60,lru,0,0,0,0,0,0,8,8,8,0,0,0,4,0,0,0,0,0,0,0,0,0,0,0,0,14991146781393439747,4,4,0,8,0,0,0,3.8
layer,7,0,6,133,decode,21,8,7,1,322,166,158,23,2,0,2,386,7,3,0,0,0,0,0,0,60,lru,0,0,0,0,0,0,8,7,8,0,1,0,4,0,0,0,0,0,0,0,0,1900544,0,1900544,3,6199851057770760871,4,4,1,8,1,1,0,3.8
layer,7,0,6,133,decode,22,8,7,1,317,167,143,13,1,0,1,385,8,3,0,0,0,0,0,0,60,lru,0,0,0,0,0,0,8,7,8,0,1,0,4,0,0,0,0,0,0,0,0,1900544,0,1900544,3,14284561742359908294,4,4,1,8,1,0,0,3.8
layer,7,0,6,133,decode,23,8,5,3,1025,420,159,133,2,0,2,1180,8,15,0,0,0,0,0,0,60,lru,0,0,0,0,0,0,8,5,8,0,3,0,4,0,0,0,0,0,0,0,0,5701632,0,5701632,9,10814664558893302466,4,4,3,8,3,2,0,3.8
layer,7,0,6,133,decode,24,8,8,0,0,0,174,0,0,0,0,23,8,2,0,0,0,0,0,0,60,lru,0,0,0,0,0,0,8,8,8,0,0,0,5,0,0,0,0,0,0,0,0,0,0,0,0,8712422225338211015,4,4,0,8,0,0,0,3.8
layer,7,0,6,133,decode,25,8,7,1,309,173,160,32,1,0,1,402,7,15,0,0,0,0,0,0,60,lru,0,0,0,0,0,0,8,7,8,0,1,0,6,0,0,0,0,0,0,0,0,1900544,0,1900544,3,15416605658770209341,4,4,1,8,1,1,0,3.8
layer,7,0,6,133,decode,26,8,6,2,794,274,143,52,2,0,2,909,8,7,0,0,0,0,0,0,60,lru,0,0,0,0,0,0,8,6,8,0,2,0,5,0,0,0,0,0,0,0,0,3801088,0,3801088,6,11469750614060719110,4,4,2,8,2,1,0,3.8
layer,7,0,6,133,decode,27,8,6,2,774,300,158,93,2,0,2,898,8,6,0,0,0,0,0,0,60,lru,0,0,0,0,0,0,8,6,8,0,2,0,5,0,0,0,0,0,0,0,0,3801088,0,3801088,6,13942063358623379087,4,4,2,8,2,0,0,3.8
layer,7,0,6,133,decode,28,8,8,0,0,0,175,0,0,0,0,21,8,2,0,0,0,0,0,0,60,lru,0,0,0,0,0,0,8,8,8,0,0,0,3,0,0,0,0,0,0,0,0,0,0,0,0,8555782050677461038,4,4,0,8,0,0,0,3.8
layer,7,0,6,133,decode,29,8,8,0,0,0,183,0,0,0,0,18,8,2,0,0,0,0,0,0,60,lru,0,0,0,0,0,0,8,8,8,0,0,0,2,0,0,0,0,0,0,0,0,0,0,0,0,17027066038564261589,4,4,0,8,0,0,0,3.8
layer,7,0,6,133,decode,30,8,6,2,708,289,143,66,2,0,2,827,8,14,0,0,0,0,0,0,60,lru,0,0,0,0,0,0,8,6,8,0,2,0,5,0,0,0,0,0,0,0,0,3801088,0,3801088,6,12205751357098222980,4,4,2,8,2,1,0,3.8
layer,7,0,6,133,decode,31,8,7,1,354,170,160,25,1,0,1,450,8,15,0,0,0,0,0,0,60,lru,0,0,0,0,0,0,8,7,8,0,1,0,4,0,0,0,0,0,0,0,0,1900544,0,1900544,3,880689372480647987,4,4,1,8,1,1,0,3.8
layer,7,0,6,133,decode,32,8,7,1,364,160,154,30,1,0,1,456,8,14,0,0,0,0,0,0,60,lru,0,0,0,0,0,0,8,7,8,0,1,0,4,0,0,0,0,0,0,0,0,1900544,0,1900544,3,12594257344383307980,4,4,1,8,1,0,0,3.8
layer,7,0,6,133,decode,33,8,6,2,683,309,157,77,2,0,2,830,8,17,0,0,0,0,0,0,60,lru,0,0,0,0,0,0,8,6,8,0,2,0,4,0,0,0,0,0,0,0,0,3801088,0,3801088,6,17164091649546952960,4,4,2,8,2,0,0,3.8
layer,7,0,6,133,decode,34,8,6,2,852,300,145,60,1,0,1,983,8,14,0,0,0,0,0,0,60,lru,0,0,0,0,0,0,8,6,8,0,2,0,3,0,0,0,0,0,0,0,0,4079616,0,4079616,6,4866872266726859318,4,4,2,8,2,2,0,3.8
layer,7,0,6,133,decode,35,8,8,0,0,0,185,0,0,0,0,23,8,2,0,0,0,0,0,0,60,lru,0,0,0,0,0,0,8,8,8,0,0,0,5,0,0,0,0,0,0,0,0,0,0,0,0,6395385887242432626,4,4,0,8,0,0,0,3.8
layer,7,0,6,133,decode,36,8,7,1,357,151,154,30,1,0,1,434,8,3,0,0,0,0,0,0,60,lru,0,0,0,0,0,0,8,7,8,0,1,0,5,0,0,0,0,0,0,0,0,1900544,0,1900544,3,9834601265632808400,4,4,1,8,1,0,0,3.8
layer,7,0,6,133,decode,37,8,8,0,0,0,184,0,0,0,0,22,8,2,0,0,0,0,0,0,60,lru,0,0,0,0,0,0,8,8,8,0,0,0,4,0,0,0,0,0,0,0,0,0,0,0,0,14324612938759395943,4,4,0,8,0,0,0,3.8
layer,7,0,6,133,decode,38,8,7,1,345,165,146,31,1,0,1,439,7,15,0,0,0,0,0,0,60,lru,0,0,0,0,0,0,8,7,8,0,1,0,4,0,0,0,0,0,0,0,0,2039808,0,2039808,3,15791738384093204411,4,4,1,8,1,0,0,3.8
layer,7,0,6,133,decode,39,8,8,0,0,0,688,0,0,0,0,22,8,2,0,0,0,0,0,0,60,lru,0,0,0,0,0,0,8,8,8,0,0,0,4,0,0,0,0,0,0,0,0,0,0,0,0,12292635165651795545,4,4,0,8,0,0,0,3.8
request,7,0,6,0,decode,-1,0,0,0,0,0,0,0,0,0,0,0,0,0,0,0,0,0,0,0,0,,28733,394,0,0,15,0,0,0,0,0,0,0,0,0,0,0,0,0,0,0,0,0,0,0,0,0,0,0,0,0,0,0,0,0
layer,8,0,7,134,decode,0,8,6,2,719,313,153,67,4,0,4,840,10,7,0,0,0,0,0,0,60,lru,0,0,0,0,0,0,8,6,8,0,2,0,6,0,0,0,0,0,0,0,0,3801088,0,3801088,6,10584228295349056680,4,4,2,8,2,1,0,3.8
layer,8,0,7,134,decode,1,8,5,3,1082,419,159,115,4,0,4,1231,7,3,0,0,0,0,0,0,60,lru,0,0,0,0,0,0,8,5,8,0,3,0,7,0,0,0,0,0,0,0,0,5701632,0,5701632,9,15939984125991845485,4,4,3,8,3,2,0,3.8
layer,8,0,7,134,decode,2,8,6,2,707,278,143,84,5,0,5,863,8,18,0,0,0,0,0,0,60,lru,0,0,0,0,0,0,8,6,8,0,2,0,7,0,0,0,0,0,0,0,0,3801088,0,3801088,6,15323024625919569060,4,4,2,8,2,2,0,3.8
layer,8,0,7,134,decode,3,8,7,1,340,168,159,42,2,0,2,428,7,13,0,0,0,0,0,0,60,lru,0,0,0,0,0,0,8,7,8,0,1,0,5,0,0,0,0,0,0,0,0,1900544,0,1900544,3,8976608049551316255,4,4,1,8,1,0,0,3.8
layer,8,0,7,134,decode,4,8,7,1,337,168,156,30,3,0,3,418,8,7,0,0,0,0,0,0,60,lru,0,0,0,0,0,0,8,7,8,0,1,0,5,0,0,0,0,0,0,0,0,1900544,0,1900544,3,4092171692777884451,4,4,1,8,1,1,0,3.8
layer,8,0,7,134,decode,5,8,6,2,692,264,157,50,4,0,4,836,8,16,0,0,0,0,0,0,60,lru,0,0,0,0,0,0,8,6,8,0,2,0,4,0,0,0,0,0,0,0,0,3801088,0,3801088,6,7840827915678869346,4,4,2,8,2,1,0,3.8
layer,8,0,7,134,decode,6,8,8,0,0,0,159,0,0,0,0,23,8,2,0,0,0,0,0,0,60,lru,0,0,0,0,0,0,8,8,8,0,0,0,4,0,0,0,0,0,0,0,0,0,0,0,0,12312684450214220778,4,4,0,8,0,0,0,3.8
layer,8,0,7,134,decode,7,8,7,1,335,168,162,44,4,0,4,419,8,6,0,0,0,0,0,0,60,lru,0,0,0,0,0,0,8,7,8,0,1,0,5,0,0,0,0,0,0,0,0,1900544,0,1900544,3,15578012894906863435,4,4,1,8,1,1,0,3.8
layer,8,0,7,134,decode,8,8,8,0,0,0,174,0,0,0,0,24,8,2,0,0,0,0,0,0,60,lru,0,0,0,0,0,0,8,8,8,0,0,0,5,0,0,0,0,0,0,0,0,0,0,0,0,10650603109760930531,4,4,0,8,0,0,0,3.8
layer,8,0,7,134,decode,9,8,6,2,668,286,159,61,2,0,2,773,8,2,0,0,0,0,0,0,60,lru,0,0,0,0,0,0,8,6,8,0,2,0,5,0,0,0,0,0,0,0,0,3801088,0,3801088,6,13414451235267130697,4,4,2,8,2,2,0,3.8
layer,8,0,7,134,decode,10,8,7,1,313,167,143,36,1,0,1,395,8,13,0,0,0,0,0,0,60,lru,0,0,0,0,0,0,8,7,8,0,1,0,2,0,0,0,0,0,0,0,0,1900544,0,1900544,3,16578778171222674768,4,4,1,8,1,1,0,3.8
layer,8,0,7,134,decode,11,8,7,1,336,170,161,37,1,0,1,421,8,13,0,0,0,0,0,0,60,lru,0,0,0,0,0,0,8,7,8,0,1,0,4,0,0,0,0,0,0,0,0,1900544,0,1900544,3,15066477641906294552,4,4,1,8,1,1,0,3.8
layer,8,0,7,134,decode,12,8,7,1,317,167,154,44,1,0,1,427,8,16,0,0,0,0,0,0,60,lru,0,0,0,0,0,0,8,7,8,0,1,0,6,0,0,0,0,0,0,0,0,1900544,0,1900544,3,9336492097647315758,4,4,1,8,1,1,0,3.8
layer,8,0,7,134,decode,13,8,7,1,313,171,159,27,1,0,1,377,8,2,0,0,0,0,0,0,60,lru,0,0,0,0,0,0,8,7,8,0,1,0,3,0,0,0,0,0,0,0,0,1900544,0,1900544,3,9835829325990543540,4,4,1,8,1,1,0,3.8
layer,8,0,7,134,decode,14,8,8,0,0,0,159,0,0,0,0,20,8,2,0,0,0,0,0,0,60,lru,0,0,0,0,0,0,8,8,8,0,0,0,3,0,0,0,0,0,0,0,0,0,0,0,0,14415394135799736092,4,4,0,8,0,0,0,3.8
layer,8,0,7,134,decode,15,8,7,1,313,172,160,29,2,0,2,408,8,14,0,0,0,0,0,0,60,lru,0,0,0,0,0,0,8,7,8,0,1,0,4,0,0,0,0,0,0,0,0,1900544,0,1900544,3,5309048943857119085,4,4,1,8,1,1,0,3.8
layer,8,0,7,134,decode,16,8,8,0,0,0,174,0,0,0,0,22,8,2,0,0,0,0,0,0,60,lru,0,0,0,0,0,0,8,8,8,0,0,0,4,0,0,0,0,0,0,0,0,0,0,0,0,13183114929465520962,4,4,0,8,0,0,0,3.8
layer,8,0,7,134,decode,17,8,6,2,663,284,159,85,2,0,2,796,7,17,0,0,0,0,0,0,60,lru,0,0,0,0,0,0,8,6,8,0,2,0,5,0,0,0,0,0,0,0,0,3801088,0,3801088,6,10442307198488243090,4,4,2,8,2,2,0,3.8
layer,8,0,7,134,decode,18,8,7,1,316,167,143,30,1,0,1,395,8,7,0,0,0,0,0,0,60,lru,0,0,0,0,0,0,8,7,8,0,1,0,6,0,0,0,0,0,0,0,0,1900544,0,1900544,3,7672228334153086075,4,4,1,8,1,0,0,3.8
layer,8,0,7,134,decode,19,8,7,1,642,117,162,32,1,0,1,730,8,15,0,0,0,0,0,0,60,lru,0,0,0,0,0,0,8,7,8,0,1,0,4,0,0,0,0,0,0,0,0,1900544,0,1900544,3,10939396380528485044,4,4,1,8,1,1,0,3.8
layer,8,0,7,134,decode,20,8,7,1,382,165,154,17,1,0,1,474,8,15,0,0,0,0,0,0,60,lru,0,0,0,0,0,0,8,7,8,0,1,0,4,0,0,0,0,0,0,0,0,1900544,0,1900544,3,4979500611407403266,4,4,1,8,1,1,0,3.8
layer,8,0,7,134,decode,21,8,7,1,365,166,159,31,1,0,1,458,8,16,0,0,0,0,0,0,60,lru,0,0,0,0,0,0,8,7,8,0,1,0,3,0,0,0,0,0,0,0,0,1900544,0,1900544,3,8284952912613219394,4,4,1,8,1,1,0,3.8
layer,8,0,7,134,decode,22,8,7,1,368,129,144,35,1,0,1,451,7,17,0,0,0,0,0,0,60,lru,0,0,0,0,0,0,8,7,8,0,1,0,2,0,0,0,0,0,0,0,0,1900544,0,1900544,3,6108898310949230812,4,4,1,8,1,1,0,3.8
layer,8,0,7,134,decode,23,8,6,2,673,313,159,92,2,0,2,801,8,14,0,0,0,0,0,0,60,lru,0,0,0,0,0,0,8,6,8,0,2,0,4,0,0,0,0,0,0,0,0,3801088,0,3801088,6,7708496585225284974,4,4,2,8,2,2,0,3.8
layer,8,0,7,134,decode,24,8,8,0,0,0,175,0,0,0,0,21,8,2,0,0,0,0,0,0,60,lru,0,0,0,0,0,0,8,8,8,0,0,0,3,0,0,0,0,0,0,0,0,0,0,0,0,11266707633966618677,4,4,0,8,0,0,0,3.8
layer,8,0,7,134,decode,25,8,8,0,0,0,181,0,0,0,0,20,8,2,0,0,0,0,0,0,60,lru,0,0,0,0,0,0,8,8,8,0,0,0,4,0,0,0,0,0,0,0,0,0,0,0,0,9634221919387521182,4,4,0,8,0,0,0,3.8
layer,8,0,7,134,decode,26,8,8,0,0,0,159,0,0,0,0,18,7,2,0,0,0,0,0,0,60,lru,0,0,0,0,0,0,8,8,8,0,0,0,2,0,0,0,0,0,0,0,0,0,0,0,0,3040583034836899265,4,4,0,8,0,0,0,3.8
layer,8,0,7,134,decode,27,8,8,0,0,0,180,0,0,0,0,20,7,2,0,0,0,0,0,0,60,lru,0,0,0,0,0,0,8,8,8,0,0,0,4,0,0,0,0,0,0,0,0,0,0,0,0,10591240856553384771,4,4,0,8,0,0,0,3.8
layer,8,0,7,134,decode,28,8,7,1,311,166,153,26,1,0,1,382,7,3,0,0,0,0,0,0,60,lru,0,0,0,0,0,0,8,7,8,0,1,0,6,0,0,0,0,0,0,0,0,1900544,0,1900544,3,9868132805214989803,4,4,1,8,1,1,0,3.8
layer,8,0,7,134,decode,29,8,6,2,694,272,159,61,2,0,2,813,7,15,0,0,0,0,0,0,60,lru,0,0,0,0,0,0,8,6,8,0,2,0,4,0,0,0,0,0,0,0,0,3801088,0,3801088,6,7310913964148800969,4,4,2,8,2,2,0,3.8
layer,8,0,7,134,decode,30,8,7,1,4554,256,143,34,1,0,1,4641,8,16,0,0,0,0,0,0,60,lru,0,0,0,0,0,0,8,7,8,0,1,0,5,0,0,0,0,0,0,0,0,1900544,0,1900544,3,5627460241545926035,4,4,1,8,1,1,0,3.8
layer,8,0,7,134,decode,31,8,7,1,313,162,162,38,1,0,1,395,8,14,0,0,0,0,0,0,60,lru,0,0,0,0,0,0,8,7,8,0,1,0,2,0,0,0,0,0,0,0,0,1900544,0,1900544,3,15568273330266943414,4,4,1,8,1,1,0,3.8
layer,8,0,7,134,decode,32,8,7,1,365,111,155,40,1,0,1,434,8,2,0,0,0,0,0,0,60,lru,0,0,0,0,0,0,8,7,8,0,1,0,3,0,0,0,0,0,0,0,0,1900544,0,1900544,3,3069992924836539479,4,4,1,8,1,1,0,3.8
layer,8,0,7,134,decode,33,8,7,1,355,158,158,39,1,0,1,446,8,15,0,0,0,0,0,0,60,lru,0,0,0,0,0,0,8,7,8,0,1,0,5,0,0,0,0,0,0,0,0,1900544,0,1900544,3,17798708836369086033,4,4,1,8,1,0,0,3.8
layer,8,0,7,134,decode,34,8,7,1,335,164,146,33,1,0,1,418,9,11,0,0,0,0,0,0,60,lru,0,0,0,0,0,0,8,7,8,0,1,0,3,0,0,0,0,0,0,0,0,2039808,0,2039808,3,7923786919620892236,4,4,1,8,1,1,0,3.8
layer,8,0,7,134,decode,35,8,6,2,1143,282,159,61,2,0,2,1243,8,2,0,0,0,0,0,0,60,lru,0,0,0,0,0,0,8,6,8,0,2,0,5,0,0,0,0,0,0,0,0,3801088,0,3801088,6,14164962557392448357,4,4,2,8,2,2,0,3.8
layer,8,0,7,134,decode,36,8,5,3,4476,421,152,102,2,0,2,4640,8,4,0,0,0,0,0,0,60,lru,0,0,0,0,0,0,8,5,8,0,3,0,5,0,0,0,0,0,0,0,0,5701632,0,5701632,9,9254885118009679634,4,4,3,8,3,2,0,3.8
layer,8,0,7,134,decode,37,8,7,1,5967,168,162,19,1,0,1,6029,8,2,0,0,0,0,0,0,60,lru,0,0,0,0,0,0,8,7,8,0,1,0,3,0,0,0,0,0,0,0,0,1900544,0,1900544,3,12067841009327274295,4,4,1,8,1,0,0,3.8
layer,8,0,7,134,decode,38,8,4,4,6933,717,142,174,2,0,2,7148,8,19,0,0,0,0,0,0,60,lru,0,0,0,0,0,0,8,4,8,0,4,0,6,0,0,0,0,0,0,0,0,8159232,0,8159232,12,17444688285806079278,4,4,4,8,4,3,0,3.8
layer,8,0,7,134,decode,39,8,6,2,872,314,679,48,1,0,1,993,8,10,0,0,0,0,0,0,60,lru,0,0,0,0,0,0,8,6,8,0,2,0,4,0,0,0,0,0,0,0,0,4079616,0,4079616,6,1695413802963611957,4,4,2,8,2,2,0,3.8
request,8,0,7,0,decode,-1,0,0,0,0,0,0,0,0,0,0,0,0,0,0,0,0,0,0,0,0,,49119,452,0,0,17,0,0,0,0,0,0,0,0,0,0,0,0,0,0,0,0,0,0,0,0,0,0,0,0,0,0,0,0,0
layer,9,0,8,135,decode,0,8,6,2,740,221,153,60,4,0,4,853,10,3,0,0,0,0,0,0,60,lru,0,0,0,0,0,0,8,6,8,0,2,0,7,0,0,0,0,0,0,0,0,3801088,0,3801088,6,17766553607501442278,4,4,2,8,2,1,0,3.8
layer,9,0,8,135,decode,1,8,5,3,1069,432,158,130,4,0,4,1242,8,15,0,0,0,0,0,0,60,lru,0,0,0,0,0,0,8,5,8,0,3,0,8,0,0,0,0,0,0,0,0,5701632,0,5701632,9,1948492005036949632,4,4,3,8,3,2,0,3.8
layer,9,0,8,135,decode,2,8,1,7,6304,981,139,324,4,0,4,6620,8,21,0,0,0,0,0,0,60,lru,0,0,0,0,0,0,8,1,8,0,7,0,7,0,0,0,0,0,0,0,0,13303808,0,13303808,21,5006948436406637278,4,4,7,8,7,4,0,3.8
layer,9,0,8,135,decode,3,8,7,1,552,166,161,19,2,0,2,630,8,3,0,0,0,0,0,0,60,lru,0,0,0,0,0,0,8,7,8,0,1,0,8,0,0,0,0,0,0,0,0,1900544,0,1900544,3,9221909268881073513,4,4,1,8,1,1,0,3.8
layer,9,0,8,135,decode,4,8,8,0,0,0,174,0,0,0,0,26,8,2,0,0,0,0,0,0,60,lru,0,0,0,0,0,0,8,8,8,0,0,0,5,0,0,0,0,0,0,0,0,0,0,0,0,18426087518387629342,4,4,0,8,0,0,0,3.8
layer,9,0,8,135,decode,5,8,4,4,1450,554,157,154,3,0,3,1627,7,3,0,0,0,0,0,0,60,lru,0,0,0,0,0,0,8,4,8,0,4,0,4,0,0,0,0,0,0,0,0,7602176,0,7602176,12,5089425193703876880,4,4,4,8,4,2,0,3.8
layer,9,0,8,135,decode,6,8,6,2,710,307,144,64,4,0,4,840,8,19,0,0,0,0,0,0,60,lru,0,0,0,0,0,0,8,6,8,0,2,0,6,0,0,0,0,0,0,0,0,3801088,0,3801088,6,6485916271933427863,4,4,2,8,2,1,0,3.8
layer,9,0,8,135,decode,7,8,6,2,616,283,159,55,4,0,4,757,8,16,0,0,0,0,0,0,60,lru,0,0,0,0,0,0,8,6,8,0,2,0,8,0,0,0,0,0,0,0,0,3801088,0,3801088,6,16110661259385771720,4,4,2,8,2,2,0,3.8
layer,9,0,8,135,decode,8,8,7,1,4898,163,153,25,4,0,4,5004,8,2,0,0,0,0,0,0,60,lru,0,0,0,0,0,0,8,7,8,0,1,0,7,0,0,0,0,0,0,0,0,1900544,0,1900544,3,12312999409685858030,4,4,1,8,1,1,0,3.8
layer,9,0,8,135,decode,9,8,8,0,0,0,181,0,0,0,0,23,8,2,0,0,0,0,0,0,60,lru,0,0,0,0,0,0,8,8,8,0,0,0,5,0,0,0,0,0,0,0,0,0,0,0,0,1164168202592943972,4,4,0,8,0,0,0,3.8
layer,9,0,8,135,decode,10,8,7,1,5929,274,145,19,1,0,1,6012,7,12,0,0,0,0,0,0,60,lru,0,0,0,0,0,0,8,7,8,0,1,0,4,0,0,0,0,0,0,0,0,1900544,0,1900544,3,16230882187073323188,4,4,1,8,1,1,0,3.8
layer,9,0,8,135,decode,11,8,7,1,3553,169,161,41,1,0,1,3640,9,15,0,0,0,0,0,0,60,lru,0,0,0,0,0,0,8,7,8,0,1,0,3,0,0,0,0,0,0,0,0,1900544,0,1900544,3,1311277773683376307,4,4,1,8,1,1,0,3.8
layer,9,0,8,135,decode,12,8,8,0,0,0,174,0,0,0,0,21,8,2,0,0,0,0,0,0,60,lru,0,0,0,0,0,0,8,8,8,0,0,0,3,0,0,0,0,0,0,0,0,0,0,0,0,2000440737684769920,4,4,0,8,0,0,0,3.8
layer,9,0,8,135,decode,13,8,6,2,848,293,158,65,2,0,2,949,8,3,0,0,0,0,0,0,60,lru,0,0,0,0,0,0,8,6,8,0,2,0,4,0,0,0,0,0,0,0,0,3801088,0,3801088,6,16223915796982868159,4,4,2,8,2,1,0,3.8
layer,9,0,8,135,decode,14,8,7,1,382,158,145,37,1,0,1,453,8,3,0,0,0,0,0,0,60,lru,0,0,0,0,0,0,8,7,8,0,1,0,4,0,0,0,0,0,0,0,0,1900544,0,1900544,3,16504138498369643397,4,4,1,8,1,1,0,3.8
layer,9,0,8,135,decode,15,8,7,1,533,168,158,30,1,0,1,623,8,12,0,0,0,0,0,0,60,lru,0,0,0,0,0,0,8,7,8,0,1,0,3,0,0,0,0,0,0,0,0,1900544,0,1900544,3,17071262489692299336,4,4,1,8,1,0,0,3.8
layer,9,0,8,135,decode,16,8,5,3,1045,376,153,95,2,0,2,1178,8,4,0,0,0,0,0,0,60,lru,0,0,0,0,0,0,8,5,8,0,3,0,4,0,0,0,0,0,0,0,0,5701632,0,5701632,9,17388171672816517437,4,4,3,8,3,2,0,3.8
layer,9,0,8,135,decode,17,8,7,1,326,173,161,29,1,0,1,414,8,14,0,0,0,0,0,0,60,lru,0,0,0,0,0,0,8,7,8,0,1,0,4,0,0,0,0,0,0,0,0,1900544,0,1900544,3,10747978746693540413,4,4,1,8,1,1,0,3.8
layer,9,0,8,135,decode,18,8,7,1,323,170,143,41,1,0,1,425,8,14,0,0,0,0,0,0,60,lru,0,0,0,0,0,0,8,7,8,0,1,0,4,0,0,0,0,0,0,0,0,1900544,0,1900544,3,4294397186138423788,4,4,1,8,1,1,0,3.8
layer,9,0,8,135,decode,19,8,6,2,2064,244,158,55,2,0,2,2162,8,2,0,0,0,0,0,0,60,lru,0,0,0,0,0,0,8,6,8,0,2,0,2,0,0,0,0,0,0,0,0,3801088,0,3801088,6,3797850060289924163,4,4,2,8,2,2,0,3.8
layer,9,0,8,135,decode,20,8,4,4,11909,638,152,126,2,0,2,12090,8,13,0,0,0,0,0,0,60,lru,0,0,0,0,0,0,8,4,8,0,4,0,4,0,0,0,0,0,0,0,0,7602176,0,7602176,12,4626246891390398488,4,4,4,8,4,3,0,3.8
layer,9,0,8,135,decode,21,8,7,1,352,168,166,84,1,0,1,475,8,13,0,0,0,0,0,0,60,lru,0,0,0,0,0,0,8,7,8,0,1,0,4,0,0,0,0,0,0,0,0,1900544,0,1900544,3,13522098140502796080,4,4,1,8,1,1,0,3.8
layer,9,0,8,135,decode,22,8,8,0,0,0,160,0,0,0,0,20,7,2,0,0,0,0,0,0,60,lru,0,0,0,0,0,0,8,8,8,0,0,0,4,0,0,0,0,0,0,0,0,0,0,0,0,9077293897511741392,4,4,0,8,0,0,0,3.8
layer,9,0,8,135,decode,23,8,4,4,12840,637,156,153,1,0,1,13031,7,13,0,0,0,0,0,0,60,lru,0,0,0,0,0,0,8,4,8,0,4,0,3,0,0,0,0,0,0,0,0,7602176,0,7602176,12,17165113650498531631,4,4,4,8,4,2,0,3.8
layer,9,0,8,135,decode,24,8,7,1,334,170,154,45,1,0,1,439,8,21,0,0,0,0,0,0,60,lru,0,0,0,0,0,0,8,7,8,0,1,0,5,0,0,0,0,0,0,0,0,1900544,0,1900544,3,5528112408869666161,4,4,1,8,1,1,0,3.8
layer,9,0,8,135,decode,25,8,7,1,377,178,163,21,1,0,1,445,7,3,0,0,0,0,0,0,60,lru,0,0,0,0,0,0,8,7,8,0,1,0,3,0,0,0,0,0,0,0,0,1900544,0,1900544,3,5528735021160992526,4,4,1,8,1,1,0,3.8
layer,9,0,8,135,decode,26,8,4,4,3583,540,138,141,1,0,1,3776,8,15,0,0,0,0,0,0,60,lru,0,0,0,0,0,0,8,4,8,0,4,0,4,0,0,0,0,0,0,0,0,7602176,0,7602176,12,1797920296175844642,4,4,4,8,4,2,0,3.8
layer,9,0,8,135,decode,27,8,4,4,9972,692,157,148,2,0,2,10172,8,14,0,0,0,0,0,0,60,lru,0,0,0,0,0,0,8,4,8,0,4,0,4,0,0,0,0,0,0,0,0,7602176,0,7602176,12,3349962317741404092,4,4,4,8,4,2,0,3.8
layer,9,0,8,135,decode,28,8,6,2,3585,292,153,77,2,0,2,3726,8,9,0,0,0,0,0,0,60,lru,0,0,0,0,0,0,8,6,8,0,2,0,7,0,0,0,0,0,0,0,0,3801088,0,3801088,6,18159410097378029887,4,4,2,8,2,2,0,3.8
layer,9,0,8,135,decode,29,8,5,3,11162,411,159,71,2,0,2,11318,8,16,0,0,0,0,0,0,60,lru,0,0,0,0,0,0,8,5,8,0,3,0,3,0,0,0,0,0,0,0,0,5701632,0,5701632,9,658892802405898656,4,4,3,8,3,1,0,3.8
layer,9,0,8,135,decode,30,8,8,0,0,0,159,0,0,0,0,21,8,2,0,0,0,0,0,0,60,lru,0,0,0,0,0,0,8,8,8,0,0,0,4,0,0,0,0,0,0,0,0,0,0,0,0,11153524001216942626,4,4,0,8,0,0,0,3.8
layer,9,0,8,135,decode,31,8,5,3,10967,652,160,87,2,0,2,11110,8,3,0,0,0,0,0,0,60,lru,0,0,0,0,0,0,8,5,8,0,3,0,5,0,0,0,0,0,0,0,0,5701632,0,5701632,9,11043407761051304829,4,4,3,8,3,1,0,3.8
layer,9,0,8,135,decode,32,8,5,3,10613,440,152,89,2,0,2,10749,8,2,0,0,0,0,0,0,60,lru,0,0,0,0,0,0,8,5,8,0,3,0,4,0,0,0,0,0,0,0,0,5701632,0,5701632,9,3170754579772526432,4,4,3,8,3,1,0,3.8
layer,9,0,8,135,decode,33,8,2,6,10527,770,155,227,2,0,2,10767,7,4,0,0,0,0,0,0,60,lru,0,0,0,0,0,0,8,2,8,0,6,0,6,0,0,0,0,0,0,0,0,11403264,0,11403264,18,1096828206140903151,4,4,6,8,6,3,0,3.8
layer,9,0,8,135,decode,34,8,7,1,4109,168,145,35,1,0,1,4195,7,7,0,0,0,0,0,0,60,lru,0,0,0,0,0,0,8,7,8,0,1,0,2,0,0,0,0,0,0,0,0,2039808,0,2039808,3,9983660702439725721,4,4,1,8,1,0,0,3.8
layer,9,0,8,135,decode,35,8,7,1,342,169,160,30,2,0,2,430,8,6,0,0,0,0,0,0,60,lru,0,0,0,0,0,0,8,7,8,0,1,0,2,0,0,0,0,0,0,0,0,1900544,0,1900544,3,9186746081147970089,4,4,1,8,1,0,0,3.8
layer,9,0,8,135,decode,36,8,6,2,763,304,153,76,2,0,2,888,8,17,0,0,0,0,0,0,60,lru,0,0,0,0,0,0,8,6,8,0,2,0,4,0,0,0,0,0,0,0,0,3801088,0,3801088,6,168553827873682714,4,4,2,8,2,1,0,3.8
layer,9,0,8,135,decode,37,8,4,4,5826,615,156,164,2,0,2,6018,8,3,0,0,0,0,0,0,60,lru,0,0,0,0,0,0,8,4,8,0,4,0,5,0,0,0,0,0,0,0,0,7602176,0,7602176,12,7207624911407760740,4,4,4,8,4,3,0,3.8
layer,9,0,8,135,decode,38,8,5,3,1227,454,142,99,3,0,3,1381,8,15,0,0,0,0,0,0,60,lru,0,0,0,0,0,0,8,5,8,0,3,0,3,0,0,0,0,0,0,0,0,6119424,0,6119424,9,1070291579223744423,4,4,3,8,3,2,0,3.8
layer,9,0,8,135,decode,39,8,3,5,11359,887,674,144,2,0,2,11561,8,3,0,0,0,0,0,0,60,lru,0,0,0,0,0,0,8,3,8,0,5,0,6,0,0,0,0,0,0,0,0,10199040,0,10199040,15,16930971845087780111,4,4,5,8,5,4,0,3.8
request,9,0,8,0,decode,-1,0,0,0,0,0,0,0,0,0,0,0,0,0,0,0,0,0,0,0,0,,156139,631,0,0,20,0,0,0,0,0,0,0,0,0,0,0,0,0,0,0,0,0,0,0,0,0,0,0,0,0,0,0,0,0
layer,10,0,9,136,decode,0,8,6,2,1526,284,153,40,4,0,4,1649,10,3,0,0,0,0,0,0,60,lru,0,0,0,0,0,0,8,6,8,0,2,0,9,0,0,0,0,0,0,0,0,3801088,0,3801088,6,256183304317158008,4,4,2,8,2,2,0,3.8
layer,10,0,9,136,decode,1,8,5,3,1081,403,158,140,4,0,4,1247,8,9,0,0,0,0,0,0,60,lru,0,0,0,0,0,0,8,5,8,0,3,0,6,0,0,0,0,0,0,0,0,5701632,0,5701632,9,4134088012697480474,4,4,3,8,3,1,0,3.8
layer,10,0,9,136,decode,2,8,6,2,708,295,143,66,5,0,5,828,8,6,0,0,0,0,0,0,60,lru,0,0,0,0,0,0,8,6,8,0,2,0,7,0,0,0,0,0,0,0,0,3801088,0,3801088,6,11054506302481276366,4,4,2,8,2,1,0,3.8
layer,10,0,9,136,decode,3,8,6,2,694,295,161,74,3,0,3,812,8,7,0,0,0,0,0,0,60,lru,0,0,0,0,0,0,8,6,8,0,2,0,6,0,0,0,0,0,0,0,0,3801088,0,3801088,6,1357185653351558521,4,4,2,8,2,2,0,3.8
layer,10,0,9,136,decode,4,8,6,2,883,296,155,57,4,0,4,1007,8,14,0,0,0,0,0,0,60,lru,0,0,0,0,0,0,8,6,8,0,2,0,5,0,0,0,0,0,0,0,0,3801088,0,3801088,6,7876943170034613391,4,4,2,8,2,1,0,3.8
layer,10,0,9,136,decode,5,8,6,2,700,277,156,82,4,0,4,822,7,4,0,0,0,0,0,0,60,lru,0,0,0,0,0,0,8,6,8,0,2,0,5,0,0,0,0,0,0,0,0,3801088,0,3801088,6,17879656732256625828,4,4,2,8,2,1,0,3.8
layer,10,0,9,136,decode,6,8,8,0,0,0,160,0,0,0,0,25,8,2,0,0,0,0,0,0,60,lru,0,0,0,0,0,0,8,8,8,0,0,0,6,0,0,0,0,0,0,0,0,0,0,0,0,1904092008760804848,4,4,0,8,0,0,0,3.8
layer,10,0,9,136,decode,7,8,8,0,0,0,183,0,0,0,0,21,7,2,0,0,0,0,0,0,60,lru,0,0,0,0,0,0,8,8,8,0,0,0,4,0,0,0,0,0,0,0,0,0,0,0,0,1660091344714187752,4,4,0,8,0,0,0,3.8
layer,10,0,9,136,decode,8,8,8,0,0,0,175,0,0,0,0,19,8,2,0,0,0,0,0,0,60,lru,0,0,0,0,0,0,8,8,8,0,0,0,3,0,0,0,0,0,0,0,0,0,0,0,0,12283578057002322663,4,4,0,8,0,0,0,3.8
layer,10,0,9,136,decode,9,8,7,1,321,167,160,47,1,0,1,422,8,12,0,0,0,0,0,0,60,lru,0,0,0,0,0,0,8,7,8,0,1,0,4,0,0,0,0,0,0,0,0,1900544,0,1900544,3,10107830533395532044,4,4,1,8,1,1,0,3.8
layer,10,0,9,136,decode,10,8,8,0,0,0,159,0,0,0,0,22,8,2,0,0,0,0,0,0,60,lru,0,0,0,0,0,0,8,8,8,0,0,0,4,0,0,0,0,0,0,0,0,0,0,0,0,3901729132458621724,4,4,0,8,0,0,0,3.8
layer,10,0,9,136,decode,11,8,8,0,0,0,180,0,0,0,0,20,7,2,0,0,0,0,0,0,60,lru,0,0,0,0,0,0,8,8,8,0,0,0,4,0,0,0,0,0,0,0,0,0,0,0,0,13185845533284760550,4,4,0,8,0,0,0,3.8
layer,10,0,9,136,decode,12,8,8,0,0,0,173,0,0,0,0,19,7,2,0,0,0,0,0,0,60,lru,0,0,0,0,0,0,8,8,8,0,0,0,4,0,0,0,0,0,0,0,0,0,0,0,0,9657029993944277056,4,4,0,8,0,0,0,3.8
layer,10,0,9,136,decode,13,8,6,2,1780,282,159,88,2,0,2,1897,7,4,0,0,0,0,0,0,60,lru,0,0,0,0,0,0,8,6,8,0,2,0,4,0,0,0,0,0,0,0,0,3801088,0,3801088,6,464341378819426607,4,4,2,8,2,1,0,3.8
layer,10,0,9,136,decode,14,8,8,0,0,0,159,0,0,0,0,23,7,2,0,0,0,0,0,0,60,lru,0,0,0,0,0,0,8,8,8,0,0,0,5,0,0,0,0,0,0,0,0,0,0,0,0,15418123109660909935,4,4,0,8,0,0,0,3.8
layer,10,0,9,136,decode,15,8,8,0,0,0,180,0,0,0,0,21,8,2,0,0,0,0,0,0,60,lru,0,0,0,0,0,0,8,8,8,0,0,0,5,0,0,0,0,0,0,0,0,0,0,0,0,7172804628346935676,4,4,0,8,0,0,0,3.8
layer,10,0,9,136,decode,16,8,8,0,0,0,174,0,0,0,0,19,7,2,0,0,0,0,0,0,60,lru,0,0,0,0,0,0,8,8,8,0,0,0,4,0,0,0,0,0,0,0,0,0,0,0,0,11226013459689102582,4,4,0,8,0,0,0,3.8
layer,10,0,9,136,decode,17,8,8,0,0,0,180,0,0,0,0,21,7,2,0,0,0,0,0,0,60,lru,0,0,0,0,0,0,8,8,8,0,0,0,5,0,0,0,0,0,0,0,0,0,0,0,0,4958735092814997066,4,4,0,8,0,0,0,3.8
layer,10,0,9,136,decode,18,8,7,1,333,172,144,44,1,0,1,431,7,15,0,0,0,0,0,0,60,lru,0,0,0,0,0,0,8,7,8,0,1,0,4,0,0,0,0,0,0,0,0,1900544,0,1900544,3,440481565051333190,4,4,1,8,1,1,0,3.8
layer,10,0,9,136,decode,19,8,7,1,318,173,160,28,1,0,1,384,8,3,0,0,0,0,0,0,60,lru,0,0,0,0,0,0,8,7,8,0,1,0,5,0,0,0,0,0,0,0,0,1900544,0,1900544,3,3636914449266102055,4,4,1,8,1,1,0,3.8
layer,10,0,9,136,decode,20,8,6,2,661,220,162,71,2,0,2,763,7,2,0,0,0,0,0,0,60,lru,0,0,0,0,0,0,8,6,8,0,2,0,3,0,0,0,0,0,0,0,0,3801088,0,3801088,6,1481640695958228924,4,4,2,8,2,2,0,3.8
layer,10,0,9,136,decode,21,8,8,0,0,0,179,0,0,0,0,21,8,2,0,0,0,0,0,0,60,lru,0,0,0,0,0,0,8,8,8,0,0,0,3,0,0,0,0,0,0,0,0,0,0,0,0,6372748322243033036,4,4,0,8,0,0,0,3.8
layer,10,0,9,136,decode,22,8,7,1,326,157,144,38,1,0,1,415,9,15,0,0,0,0,0,0,60,lru,0,0,0,0,0,0,8,7,8,0,1,0,3,0,0,0,0,0,0,0,0,1900544,0,1900544,3,3883574391584390457,4,4,1,8,1,1,0,3.8
layer,10,0,9,136,decode,23,8,7,1,318,174,161,21,1,0,1,385,8,2,0,0,0,0,0,0,60,lru,0,0,0,0,0,0,8,7,8,0,1,0,3,0,0,0,0,0,0,0,0,1900544,0,1900544,3,16097460006470681003,4,4,1,8,1,1,0,3.8
layer,10,0,9,136,decode,24,8,8,0,0,0,175,0,0,0,0,20,8,2,0,0,0,0,0,0,60,lru,0,0,0,0,0,0,8,8,8,0,0,0,2,0,0,0,0,0,0,0,0,0,0,0,0,17982123898159918898,4,4,0,8,0,0,0,3.8
layer,10,0,9,136,decode,25,8,7,1,307,168,162,20,1,0,1,369,7,3,0,0,0,0,0,0,60,lru,0,0,0,0,0,0,8,7,8,0,1,0,3,0,0,0,0,0,0,0,0,1900544,0,1900544,3,11667471829715060801,4,4,1,8,1,1,0,3.8
layer,10,0,9,136,decode,26,8,8,0,0,0,158,0,0,0,0,23,8,2,0,0,0,0,0,0,60,lru,0,0,0,0,0,0,8,8,8,0,0,0,5,0,0,0,0,0,0,0,0,0,0,0,0,687042300089688261,4,4,0,8,0,0,0,3.8
layer,10,0,9,136,decode,27,8,8,0,0,0,181,0,0,0,0,19,8,2,0,0,0,0,0,0,60,lru,0,0,0,0,0,0,8,8,8,0,0,0,2,0,0,0,0,0,0,0,0,0,0,0,0,10197804202889524642,4,4,0,8,0,0,0,3.8
layer,10,0,9,136,decode,28,8,6,2,776,282,154,71,2,0,2,878,7,3,0,0,0,0,0,0,60,lru,0,0,0,0,0,0,8,6,8,0,2,0,4,0,0,0,0,0,0,0,0,3801088,0,3801088,6,862835602802075356,4,4,2,8,2,1,0,3.8
layer,10,0,9,136,decode,29,8,7,1,4641,275,160,41,1,0,1,4725,7,14,0,0,0,0,0,0,60,lru,0,0,0,0,0,0,8,7,8,0,1,0,4,0,0,0,0,0,0,0,0,1900544,0,1900544,3,8573648783834778450,4,4,1,8,1,1,0,3.8
layer,10,0,9,136,decode,30,8,7,1,4140,161,144,32,1,0,1,4231,8,13,0,0,0,0,0,0,60,lru,0,0,0,0,0,0,8,7,8,0,1,0,3,0,0,0,0,0,0,0,0,1900544,0,1900544,3,12225414343385928778,4,4,1,8,1,1,0,3.8
layer,10,0,9,136,decode,31,8,5,3,1639,388,160,137,1,0,1,1803,8,13,0,0,0,0,0,0,60,lru,0,0,0,0,0,0,8,5,8,0,3,0,4,0,0,0,0,0,0,0,0,5701632,0,5701632,9,3136707724217711122,4,4,3,8,3,2,0,3.8
layer,10,0,9,136,decode,32,8,8,0,0,0,176,0,0,0,0,21,8,2,0,0,0,0,0,0,60,lru,0,0,0,0,0,0,8,8,8,0,0,0,3,0,0,0,0,0,0,0,0,0,0,0,0,12363961511064630396,4,4,0,8,0,0,0,3.8
layer,10,0,9,136,decode,33,8,6,2,926,291,159,56,2,0,2,1051,7,6,0,0,0,0,0,0,60,lru,0,0,0,0,0,0,8,6,8,0,2,0,3,0,0,0,0,0,0,0,0,3801088,0,3801088,6,8792502867803693197,4,4,2,8,2,2,0,3.8
layer,10,0,9,136,decode,34,8,7,1,398,167,144,34,1,0,1,479,8,14,0,0,0,0,0,0,60,lru,0,0,0,0,0,0,8,7,8,0,1,0,2,0,0,0,0,0,0,0,0,2039808,0,2039808,3,12417754167355375309,4,4,1,8,1,1,0,3.8
layer,10,0,9,136,decode,35,8,6,2,5408,427,160,67,1,0,1,5506,7,3,0,0,0,0,0,0,60,lru,0,0,0,0,0,0,8,6,8,0,2,0,4,0,0,0,0,0,0,0,0,3801088,0,3801088,6,11977729599320737797,4,4,2,8,2,2,0,3.8
layer,10,0,9,136,decode,36,8,6,2,674,292,153,68,2,0,2,798,8,15,0,0,0,0,0,0,60,lru,0,0,0,0,0,0,8,6,8,0,2,0,5,0,0,0,0,0,0,0,0,3801088,0,3801088,6,14295789920659678292,4,4,2,8,2,2,0,3.8
layer,10,0,9,136,decode,37,8,5,3,1178,398,157,86,2,0,2,1319,8,5,0,0,0,0,0,0,60,lru,0,0,0,0,0,0,8,5,8,0,3,0,3,0,0,0,0,0,0,0,0,5701632,0,5701632,9,12335130773298991040,4,4,3,8,3,2,0,3.8
layer,10,0,9,136,decode,38,8,5,3,1871,438,144,103,1,0,1,2041,7,18,0,0,0,0,0,0,60,lru,0,0,0,0,0,0,8,5,8,0,3,0,5,0,0,0,0,0,0,0,0,6119424,0,6119424,9,11792382779347442684,4,4,3,8,3,3,0,3.8
layer,10,0,9,136,decode,39,8,7,1,4095,179,676,33,1,0,1,4183,8,14,0,0,0,0,0,0,60,lru,0,0,0,0,0,0,8,7,8,0,1,0,4,0,0,0,0,0,0,0,0,2039808,0,2039808,3,16832519235363412535,4,4,1,8,1,1,0,3.8
request,10,0,9,0,decode,-1,0,0,0,0,0,0,0,0,0,0,0,0,0,0,0,0,0,0,0,0,,48037,442,0,0,17,0,0,0,0,0,0,0,0,0,0,0,0,0,0,0,0,0,0,0,0,0,0,0,0,0,0,0,0,0
layer,11,0,10,137,decode,0,8,7,1,356,165,152,11,3,0,3,427,10,3,0,0,0,0,0,0,60,lru,0,0,0,0,0,0,8,7,8,0,1,0,6,0,0,0,0,0,0,0,0,1900544,0,1900544,3,13752061682182859772,4,4,1,8,1,1,0,3.8
layer,11,0,10,137,decode,1,8,6,2,699,282,160,69,4,0,4,814,8,7,0,0,0,0,0,0,60,lru,0,0,0,0,0,0,8,6,8,0,2,0,6,0,0,0,0,0,0,0,0,3801088,0,3801088,6,3671770091983518084,4,4,2,8,2,2,0,3.8
layer,11,0,10,137,decode,2,8,4,4,1512,572,142,148,3,0,3,1685,8,3,0,0,0,0,0,0,60,lru,0,0,0,0,0,0,8,4,8,0,4,0,5,0,0,0,0,0,0,0,0,7602176,0,7602176,12,9502492281645903271,4,4,4,8,4,3,0,3.8
layer,11,0,10,137,decode,3,8,4,4,5169,574,157,144,3,0,3,5346,7,2,0,0,0,0,0,0,60,lru,0,0,0,0,0,0,8,4,8,0,4,0,6,0,0,0,0,0,0,0,0,7602176,0,7602176,12,9784137220707317288,4,4,4,8,4,3,0,3.8
layer,11,0,10,137,decode,4,8,5,3,6459,417,154,75,3,0,3,6612,9,3,0,0,0,0,0,0,60,lru,0,0,0,0,0,0,8,5,8,0,3,0,5,0,0,0,0,0,0,0,0,5701632,0,5701632,9,3162804470617996141,4,4,3,8,3,2,0,3.8
layer,11,0,10,137,decode,5,8,6,2,710,284,159,83,3,0,3,830,8,7,0,0,0,0,0,0,60,lru,0,0,0,0,0,0,8,6,8,0,2,0,6,0,0,0,0,0,0,0,0,3801088,0,3801088,6,5209220739066450078,4,4,2,8,2,2,0,3.8
layer,11,0,10,137,decode,6,8,7,1,343,169,145,29,3,0,3,435,8,14,0,0,0,0,0,0,60,lru,0,0,0,0,0,0,8,7,8,0,1,0,5,0,0,0,0,0,0,0,0,1900544,0,1900544,3,3897460784983115726,4,4,1,8,1,1,0,3.8
layer,11,0,10,137,decode,7,8,7,1,391,105,169,54,3,0,3,470,8,3,0,0,0,0,0,0,60,lru,0,0,0,0,0,0,8,7,8,0,1,0,4,0,0,0,0,0,0,0,0,1900544,0,1900544,3,10441621081237985884,4,4,1,8,1,1,0,3.8
layer,11,0,10,137,decode,8,8,6,2,4224,293,153,58,4,0,4,4332,7,3,0,0,0,0,0,0,60,lru,0,0,0,0,0,0,8,6,8,0,2,0,4,0,0,0,0,0,0,0,0,3801088,0,3801088,6,13708950532611813882,4,4,2,8,2,1,0,3.8
layer,11,0,10,137,decode,9,8,8,0,0,0,179,0,0,0,0,22,7,2,0,0,0,0,0,0,60,lru,0,0,0,0,0,0,8,8,8,0,0,0,5,0,0,0,0,0,0,0,0,0,0,0,0,4495025657307624376,4,4,0,8,0,0,0,3.8
layer,11,0,10,137,decode,10,8,7,1,1952,171,144,18,1,0,1,2038,8,15,0,0,0,0,0,0,60,lru,0,0,0,0,0,0,8,7,8,0,1,0,4,0,0,0,0,0,0,0,0,1900544,0,1900544,3,4557210866926226125,4,4,1,8,1,0,0,3.8
layer,11,0,10,137,decode,11,8,6,2,6356,338,160,60,1,0,1,6461,8,3,0,0,0,0,0,0,60,lru,0,0,0,0,0,0,8,6,8,0,2,0,4,0,0,0,0,0,0,0,0,3801088,0,3801088,6,1691102136812413906,4,4,2,8,2,2,0,3.8
layer,11,0,10,137,decode,12,8,8,0,0,0,174,0,0,0,0,21,7,2,0,0,0,0,0,0,60,lru,0,0,0,0,0,0,8,8,8,0,0,0,4,0,0,0,0,0,0,0,0,0,0,0,0,12997929092757780834,4,4,0,8,0,0,0,3.8
layer,11,0,10,137,decode,13,8,6,2,5155,278,160,72,2,0,2,5273,7,11,0,0,0,0,0,0,60,lru,0,0,0,0,0,0,8,6,8,0,2,0,5,0,0,0,0,0,0,0,0,3801088,0,3801088,6,9034438458927865456,4,4,2,8,2,2,0,3.8
layer,11,0,10,137,decode,14,8,7,1,343,155,145,34,1,0,1,434,8,15,0,0,0,0,0,0,60,lru,0,0,0,0,0,0,8,7,8,0,1,0,5,0,0,0,0,0,0,0,0,1900544,0,1900544,3,17170889658984669062,4,4,1,8,1,1,0,3.8
layer,11,0,10,137,decode,15,8,7,1,317,163,161,18,1,0,1,397,8,8,0,0,0,0,0,0,60,lru,0,0,0,0,0,0,8,7,8,0,1,0,5,0,0,0,0,0,0,0,0,1900544,0,1900544,3,5412050933553075746,4,4,1,8,1,1,0,3.8
layer,11,0,10,137,decode,16,8,7,1,318,159,154,41,1,0,1,396,8,4,0,0,0,0,0,0,60,lru,0,0,0,0,0,0,8,7,8,0,1,0,3,0,0,0,0,0,0,0,0,1900544,0,1900544,3,11974962715807655381,4,4,1,8,1,1,0,3.8
layer,11,0,10,137,decode,17,8,7,1,319,162,161,44,1,0,1,396,8,10,0,0,0,0,0,0,60,lru,0,0,0,0,0,0,8,7,8,0,1,0,3,0,0,0,0,0,0,0,0,1900544,0,1900544,3,10794085220456199734,4,4,1,8,1,1,0,3.8
layer,11,0,10,137,decode,18,8,8,0,0,0,159,0,0,0,0,21,8,2,0,0,0,0,0,0,60,lru,0,0,0,0,0,0,8,8,8,0,0,0,4,0,0,0,0,0,0,0,0,0,0,0,0,15799263491683995394,4,4,0,8,0,0,0,3.8
layer,11,0,10,137,decode,19,8,7,1,317,159,161,46,1,0,1,386,8,3,0,0,0,0,0,0,60,lru,0,0,0,0,0,0,8,7,8,0,1,0,2,0,0,0,0,0,0,0,0,1900544,0,1900544,3,17988190696867751455,4,4,1,8,1,0,0,3.8
layer,11,0,10,137,decode,20,8,6,2,5959,386,153,75,2,0,2,6079,8,14,0,0,0,0,0,0,60,lru,0,0,0,0,0,0,8,6,8,0,2,0,3,0,0,0,0,0,0,0,0,3801088,0,3801088,6,4900092950834999578,4,4,2,8,2,1,0,3.8
layer,11,0,10,137,decode,21,8,8,0,0,0,180,0,0,0,0,22,8,2,0,0,0,0,0,0,60,lru,0,0,0,0,0,0,8,8,8,0,0,0,4,0,0,0,0,0,0,0,0,0,0,0,0,11927863681752624834,4,4,0,8,0,0,0,3.8
layer,11,0,10,137,decode,22,8,7,1,351,164,144,10,1,0,1,414,8,3,0,0,0,0,0,0,60,lru,0,0,0,0,0,0,8,7,8,0,1,0,3,0,0,0,0,0,0,0,0,1900544,0,1900544,3,10061796546347833215,4,4,1,8,1,1,0,3.8
layer,11,0,10,137,decode,23,8,7,1,645,167,159,12,1,0,1,706,8,3,0,0,0,0,0,0,60,lru,0,0,0,0,0,0,8,7,8,0,1,0,2,0,0,0,0,0,0,0,0,1900544,0,1900544,3,7040921833537564862,4,4,1,8,1,0,0,3.8
layer,11,0,10,137,decode,24,8,8,0,0,0,174,0,0,0,0,19,8,2,0,0,0,0,0,0,60,lru,0,0,0,0,0,0,8,8,8,0,0,0,2,0,0,0,0,0,0,0,0,0,0,0,0,5071179296124846802,4,4,0,8,0,0,0,3.8
layer,11,0,10,137,decode,25,8,6,2,1060,264,159,58,2,0,2,1158,7,3,0,0,0,0,0,0,60,lru,0,0,0,0,0,0,8,6,8,0,2,0,2,0,0,0,0,0,0,0,0,3801088,0,3801088,6,4927969956705875744,4,4,2,8,2,2,0,3.8
layer,11,0,10,137,decode,26,8,7,1,401,165,144,15,1,0,1,487,8,15,0,0,0,0,0,0,60,lru,0,0,0,0,0,0,8,7,8,0,1,0,4,0,0,0,0,0,0,0,0,1900544,0,1900544,3,15018021186249731840,4,4,1,8,1,1,0,3.8
layer,11,0,10,137,decode,27,8,7,1,5865,174,161,32,1,0,1,5957,8,15,0,0,0,0,0,0,60,lru,0,0,0,0,0,0,8,7,8,0,1,0,4,0,0,0,0,0,0,0,0,1900544,0,1900544,3,2518858018718407975,4,4,1,8,1,1,0,3.8
layer,11,0,10,137,decode,28,8,8,0,0,0,174,0,0,0,0,19,8,2,0,0,0,0,0,0,60,lru,0,0,0,0,0,0,8,8,8,0,0,0,2,0,0,0,0,0,0,0,0,0,0,0,0,5095912132651774936,4,4,0,8,0,0,0,3.8
layer,11,0,10,137,decode,29,8,7,1,4143,117,160,33,1,0,1,4225,8,17,0,0,0,0,0,0,60,lru,0,0,0,0,0,0,8,7,8,0,1,0,3,0,0,0,0,0,0,0,0,1900544,0,1900544,3,3339611026600156272,4,4,1,8,1,0,0,3.8
layer,11,0,10,137,decode,30,8,6,2,6888,416,141,40,2,0,2,6995,8,5,0,0,0,0,0,0,60,lru,0,0,0,0,0,0,8,6,8,0,2,0,4,0,0,0,0,0,0,0,0,3801088,0,3801088,6,8796630222680208867,4,4,2,8,2,1,0,3.8
layer,11,0,10,137,decode,31,8,3,5,9872,657,159,157,2,0,2,10107,8,15,0,0,0,0,0,0,60,lru,0,0,0,0,0,0,8,3,8,0,5,0,4,0,0,0,0,0,0,0,0,9502720,0,9502720,15,11407963209129881544,4,4,5,8,5,4,0,3.8
layer,11,0,10,137,decode,32,8,7,1,374,163,153,21,1,0,1,459,8,15,0,0,0,0,0,0,60,lru,0,0,0,0,0,0,8,7,8,0,1,0,5,0,0,0,0,0,0,0,0,1900544,0,1900544,3,15384330664642553468,4,4,1,8,1,0,0,3.8
layer,11,0,10,137,decode,33,8,6,2,763,324,159,61,2,0,2,903,8,16,0,0,0,0,0,0,60,lru,0,0,0,0,0,0,8,6,8,0,2,0,5,0,0,0,0,0,0,0,0,3801088,0,3801088,6,9294837972055209873,4,4,2,8,2,2,0,3.8
layer,11,0,10,137,decode,34,8,4,4,1817,571,143,115,2,0,2,2000,8,2,0,0,0,0,0,0,60,lru,0,0,0,0,0,0,8,4,8,0,4,0,5,0,0,0,0,0,0,0,0,8159232,0,8159232,12,12015607263444812177,4,4,4,8,4,3,0,3.8
layer,11,0,10,137,decode,35,8,6,2,657,294,160,69,2,0,2,785,8,11,0,0,0,0,0,0,60,lru,0,0,0,0,0,0,8,6,8,0,2,0,3,0,0,0,0,0,0,0,0,3801088,0,3801088,6,3667821792527153563,4,4,2,8,2,1,0,3.8
layer,11,0,10,137,decode,36,8,7,1,4407,235,160,49,1,0,1,4502,8,9,0,0,0,0,0,0,60,lru,0,0,0,0,0,0,8,7,8,0,1,0,4,0,0,0,0,0,0,0,0,1900544,0,1900544,3,13450369065003021660,4,4,1,8,1,1,0,3.8
layer,11,0,10,137,decode,37,8,5,3,4384,372,157,78,2,0,2,4538,8,18,0,0,0,0,0,0,60,lru,0,0,0,0,0,0,8,5,8,0,3,0,4,0,0,0,0,0,0,0,0,5701632,0,5701632,9,18107390613545277583,4,4,3,8,3,2,0,3.8
layer,11,0,10,137,decode,38,8,7,1,386,175,145,52,1,0,1,490,8,15,0,0,0,0,0,0,60,lru,0,0,0,0,0,0,8,7,8,0,1,0,3,0,0,0,0,0,0,0,0,2039808,0,2039808,3,4023038026040428773,4,4,1,8,1,1,0,3.8
layer,11,0,10,137,decode,39,8,6,2,798,344,674,55,2,0,2,905,8,8,0,0,0,0,0,0,60,lru,0,0,0,0,0,0,8,6,8,0,2,0,2,0,0,0,0,0,0,0,0,4079616,0,4079616,6,13251926240262467553,4,4,2,8,2,0,0,3.8
request,11,0,10,0,decode,-1,0,0,0,0,0,0,0,0,0,0,0,0,0,0,0,0,0,0,0,0,,97360,517,0,0,20,0,0,0,0,0,0,0,0,0,0,0,0,0,0,0,0,0,0,0,0,0,0,0,0,0,0,0,0,0
layer,12,0,11,138,decode,0,8,6,2,742,278,153,58,4,0,4,872,10,3,0,0,0,0,0,0,60,lru,0,0,0,0,0,0,8,6,8,0,2,0,5,0,0,0,0,0,0,0,0,3801088,0,3801088,6,2925420408621948646,4,4,2,8,2,2,0,3.8
layer,12,0,11,138,decode,1,8,6,2,691,296,159,114,4,0,4,840,9,14,0,0,0,0,0,0,60,lru,0,0,0,0,0,0,8,6,8,0,2,0,5,0,0,0,0,0,0,0,0,3801088,0,3801088,6,9887708508919463289,4,4,2,8,2,2,0,3.8
layer,12,0,11,138,decode,2,8,5,3,4701,480,142,102,4,0,4,4867,8,8,0,0,0,0,0,0,60,lru,0,0,0,0,0,0,8,5,8,0,3,0,5,0,0,0,0,0,0,0,0,5701632,0,5701632,9,17354080079687561022,4,4,3,8,3,3,0,3.8
layer,12,0,11,138,decode,3,8,8,0,0,0,182,0,0,0,0,23,8,2,0,0,0,0,0,0,60,lru,0,0,0,0,0,0,8,8,8,0,0,0,4,0,0,0,0,0,0,0,0,0,0,0,0,804467492284404381,4,4,0,8,0,0,0,3.8
layer,12,0,11,138,decode,4,8,7,1,568,161,154,43,3,0,3,659,8,12,0,0,0,0,0,0,60,lru,0,0,0,0,0,0,8,7,8,0,1,0,5,0,0,0,0,0,0,0,0,1900544,0,1900544,3,376835580367821545,4,4,1,8,1,0,0,3.8
layer,12,0,11,138,decode,5,8,5,3,2969,434,157,118,4,0,4,3118,8,3,0,0,0,0,0,0,60,lru,0,0,0,0,0,0,8,5,8,0,3,0,7,0,0,0,0,0,0,0,0,5701632,0,5701632,9,7782803973760838238,4,4,3,8,3,2,0,3.8
layer,12,0,11,138,decode,6,8,5,3,5885,422,143,114,4,0,4,6046,8,14,0,0,0,0,0,0,60,lru,0,0,0,0,0,0,8,5,8,0,3,0,6,0,0,0,0,0,0,0,0,5701632,0,5701632,9,5807734445174405187,4,4,3,8,3,1,0,3.8
layer,12,0,11,138,decode,7,8,7,1,359,172,161,25,3,0,3,430,8,3,0,0,0,0,0,0,60,lru,0,0,0,0,0,0,8,7,8,0,1,0,5,0,0,0,0,0,0,0,0,1900544,0,1900544,3,9059665023185837923,4,4,1,8,1,1,0,3.8
layer,12,0,11,138,decode,8,8,8,0,0,0,174,0,0,0,0,22,8,2,0,0,0,0,0,0,60,lru,0,0,0,0,0,0,8,8,8,0,0,0,3,0,0,0,0,0,0,0,0,0,0,0,0,9584337223041354751,4,4,0,8,0,0,0,3.8
layer,12,0,11,138,decode,9,8,8,0,0,0,180,0,0,0,0,23,7,2,0,0,0,0,0,0,60,lru,0,0,0,0,0,0,8,8,8,0,0,0,6,0,0,0,0,0,0,0,0,0,0,0,0,17635141348441040057,4,4,0,8,0,0,0,3.8
layer,12,0,11,138,decode,10,8,7,1,326,169,144,34,1,0,1,418,8,16,0,0,0,0,0,0,60,lru,0,0,0,0,0,0,8,7,8,0,1,0,5,0,0,0,0,0,0,0,0,1900544,0,1900544,3,3049752565942236276,4,4,1,8,1,1,0,3.8
layer,12,0,11,138,decode,11,8,4,4,1719,568,158,166,2,0,2,1906,8,14,0,0,0,0,0,0,60,lru,0,0,0,0,0,0,8,4,8,0,4,0,4,0,0,0,0,0,0,0,0,7602176,0,7602176,12,4539629512384614638,4,4,4,8,4,2,0,3.8
layer,12,0,11,138,decode,12,8,7,1,320,170,152,42,1,0,1,398,8,7,0,0,0,0,0,0,60,lru,0,0,0,0,0,0,8,7,8,0,1,0,4,0,0,0,0,0,0,0,0,1900544,0,1900544,3,15495205941748032204,4,4,1,8,1,0,0,3.8
layer,12,0,11,138,decode,13,8,7,1,320,168,158,43,1,0,1,399,8,12,0,0,0,0,0,0,60,lru,0,0,0,0,0,0,8,7,8,0,1,0,3,0,0,0,0,0,0,0,0,1900544,0,1900544,3,2420161764345620667,4,4,1,8,1,1,0,3.8
layer,12,0,11,138,decode,14,8,8,0,0,0,159,0,0,0,0,21,8,2,0,0,0,0,0,0,60,lru,0,0,0,0,0,0,8,8,8,0,0,0,4,0,0,0,0,0,0,0,0,0,0,0,0,3110163408323819532,4,4,0,8,0,0,0,3.8
layer,12,0,11,138,decode,15,8,7,1,314,170,160,41,1,0,1,416,7,14,0,0,0,0,0,0,60,lru,0,0,0,0,0,0,8,7,8,0,1,0,4,0,0,0,0,0,0,0,0,1900544,0,1900544,3,752374720699047118,4,4,1,8,1,0,0,3.8
layer,12,0,11,138,decode,16,8,5,3,1021,416,152,126,2,0,2,1170,8,7,0,0,0,0,0,0,60,lru,0,0,0,0,0,0,8,5,8,0,3,0,6,0,0,0,0,0,0,0,0,5701632,0,5701632,9,330541059587125001,4,4,3,8,3,2,0,3.8
layer,12,0,11,138,decode,17,8,6,2,674,299,159,88,2,0,2,808,7,18,0,0,0,0,0,0,60,lru,0,0,0,0,0,0,8,6,8,0,2,0,4,0,0,0,0,0,0,0,0,3801088,0,3801088,6,695229829491849715,4,4,2,8,2,1,0,3.8
layer,12,0,11,138,decode,18,8,7,1,320,171,142,45,1,0,1,405,8,15,0,0,0,0,0,0,60,lru,0,0,0,0,0,0,8,7,8,0,1,0,4,0,0,0,0,0,0,0,0,1900544,0,1900544,3,14258693106952246754,4,4,1,8,1,0,0,3.8
layer,12,0,11,138,decode,19,8,6,2,837,292,161,50,2,0,2,973,8,21,0,0,0,0,0,0,60,lru,0,0,0,0,0,0,8,6,8,0,2,0,5,0,0,0,0,0,0,0,0,3801088,0,3801088,6,14762968802316151021,4,4,2,8,2,2,0,3.8
layer,12,0,11,138,decode,20,8,8,0,0,0,174,0,0,0,0,22,8,2,0,0,0,0,0,0,60,lru,0,0,0,0,0,0,8,8,8,0,0,0,4,0,0,0,0,0,0,0,0,0,0,0,0,13473855817300433707,4,4,0,8,0,0,0,3.8
layer,12,0,11,138,decode,21,8,7,1,325,145,159,39,1,0,1,392,7,3,0,0,0,0,0,0,60,lru,0,0,0,0,0,0,8,7,8,0,1,0,6,0,0,0,0,0,0,0,0,1900544,0,1900544,3,14008773866500702670,4,4,1,8,1,1,0,3.8
layer,12,0,11,138,decode,22,8,3,5,1834,691,142,195,2,0,2,2067,8,13,0,0,0,0,0,0,60,lru,0,0,0,0,0,0,8,3,8,0,5,0,6,0,0,0,0,0,0,0,0,9502720,0,9502720,15,14306507909075216808,4,4,5,8,5,4,0,3.8
layer,12,0,11,138,decode,23,8,4,4,1347,564,156,163,2,0,2,1536,8,9,0,0,0,0,0,0,60,lru,0,0,0,0,0,0,8,4,8,0,4,0,2,0,0,0,0,0,0,0,0,7602176,0,7602176,12,16172545035234477482,4,4,4,8,4,2,0,3.8
layer,12,0,11,138,decode,24,8,5,3,971,423,152,105,2,0,2,1108,8,3,0,0,0,0,0,0,60,lru,0,0,0,0,0,0,8,5,8,0,3,0,5,0,0,0,0,0,0,0,0,5701632,0,5701632,9,7004085966657504098,4,4,3,8,3,2,0,3.8
layer,12,0,11,138,decode,25,8,4,4,1649,519,158,118,2,0,2,1833,8,14,0,0,0,0,0,0,60,lru,0,0,0,0,0,0,8,4,8,0,4,0,4,0,0,0,0,0,0,0,0,7602176,0,7602176,12,2373178049013238061,4,4,4,8,4,3,0,3.8
layer,12,0,11,138,decode,26,8,5,3,995,362,142,127,2,0,2,1143,8,12,0,0,0,0,0,0,60,lru,0,0,0,0,0,0,8,5,8,0,3,0,2,0,0,0,0,0,0,0,0,5701632,0,5701632,9,10547415517827096547,4,4,3,8,3,2,0,3.8
layer,12,0,11,138,decode,27,8,5,3,2170,370,160,116,2,0,2,2325,7,12,0,0,0,0,0,0,60,lru,0,0,0,0,0,0,8,5,8,0,3,0,4,0,0,0,0,0,0,0,0,5701632,0,5701632,9,2953052275567158045,4,4,3,8,3,3,0,3.8
layer,12,0,11,138,decode,28,8,6,2,708,305,154,54,2,0,2,809,8,2,0,0,0,0,0,0,60,lru,0,0,0,0,0,0,8,6,8,0,2,0,4,0,0,0,0,0,0,0,0,3801088,0,3801088,6,4662998291842586357,4,4,2,8,2,2,0,3.8
layer,12,0,11,138,decode,29,8,7,1,371,172,159,21,1,0,1,467,7,13,0,0,0,0,0,0,60,lru,0,0,0,0,0,0,8,7,8,0,1,0,2,0,0,0,0,0,0,0,0,1900544,0,1900544,3,3497900685755670332,4,4,1,8,1,1,0,3.8
layer,12,0,11,138,decode,30,8,5,3,1096,398,143,135,2,0,2,1253,8,14,0,0,0,0,0,0,60,lru,0,0,0,0,0,0,8,5,8,0,3,0,3,0,0,0,0,0,0,0,0,5701632,0,5701632,9,563275370940070350,4,4,3,8,3,2,0,3.8
layer,12,0,11,138,decode,31,8,6,2,712,267,162,67,2,0,2,817,8,3,0,0,0,0,0,0,60,lru,0,0,0,0,0,0,8,6,8,0,2,0,3,0,0,0,0,0,0,0,0,3801088,0,3801088,6,16954764596290754365,4,4,2,8,2,2,0,3.8
layer,12,0,11,138,decode,32,8,6,2,689,278,153,67,2,0,2,786,7,3,0,0,0,0,0,0,60,lru,0,0,0,0,0,0,8,6,8,0,2,0,4,0,0,0,0,0,0,0,0,3801088,0,3801088,6,15729722731331330040,4,4,2,8,2,2,0,3.8
layer,12,0,11,138,decode,33,8,8,0,0,0,180,0,0,0,0,20,8,2,0,0,0,0,0,0,60,lru,0,0,0,0,0,0,8,8,8,0,0,0,2,0,0,0,0,0,0,0,0,0,0,0,0,1893070227974133027,4,4,0,8,0,0,0,3.8
layer,12,0,11,138,decode,34,8,5,3,1072,450,144,120,2,0,2,1236,8,14,0,0,0,0,0,0,60,lru,0,0,0,0,0,0,8,5,8,0,3,0,5,0,0,0,0,0,0,0,0,6119424,0,6119424,9,5604066476584550301,4,4,3,8,3,2,0,3.8
layer,12,0,11,138,decode,35,8,7,1,312,178,161,18,1,0,1,383,8,2,0,0,0,0,0,0,60,lru,0,0,0,0,0,0,8,7,8,0,1,0,4,0,0,0,0,0,0,0,0,1900544,0,1900544,3,3526371594911186599,4,4,1,8,1,1,0,3.8
layer,12,0,11,138,decode,36,8,7,1,374,168,155,31,1,0,1,456,8,15,0,0,0,0,0,0,60,lru,0,0,0,0,0,0,8,7,8,0,1,0,4,0,0,0,0,0,0,0,0,1900544,0,1900544,3,14851266979842628585,4,4,1,8,1,1,0,3.8
layer,12,0,11,138,decode,37,8,7,1,345,167,159,39,1,0,1,438,9,12,0,0,0,0,0,0,60,lru,0,0,0,0,0,0,8,7,8,0,1,0,5,0,0,0,0,0,0,0,0,1900544,0,1900544,3,3343422524409351015,4,4,1,8,1,1,0,3.8
layer,12,0,11,138,decode,38,8,7,1,1176,178,145,33,1,0,1,1246,8,2,0,0,0,0,0,0,60,lru,0,0,0,0,0,0,8,7,8,0,1,0,3,0,0,0,0,0,0,0,0,2039808,0,2039808,3,15340493040662021577,4,4,1,8,1,1,0,3.8
layer,12,0,11,138,decode,39,8,4,4,4256,551,675,108,2,0,2,4453,8,21,0,0,0,0,0,0,60,lru,0,0,0,0,0,0,8,4,8,0,4,0,3,0,0,0,0,0,0,0,0,8159232,0,8159232,12,1243765188256696683,4,4,4,8,4,1,0,3.8
request,12,0,11,0,decode,-1,0,0,0,0,0,0,0,0,0,0,0,0,0,0,0,0,0,0,0,0,,56459,577,0,0,17,0,0,0,0,0,0,0,0,0,0,0,0,0,0,0,0,0,0,0,0,0,0,0,0,0,0,0,0,0
layer,13,0,12,139,decode,0,8,5,3,1101,392,152,108,4,0,4,1254,10,6,0,0,0,0,0,0,60,lru,0,0,0,0,0,0,8,5,8,0,3,0,7,0,0,0,0,0,0,0,0,5701632,0,5701632,9,2804010877015530291,4,4,3,8,3,2,0,3.8
layer,13,0,12,139,decode,1,8,6,2,639,275,158,83,3,0,3,775,8,15,0,0,0,0,0,0,60,lru,0,0,0,0,0,0,8,6,8,0,2,0,5,0,0,0,0,0,0,0,0,3801088,0,3801088,6,4164039026231820360,4,4,2,8,2,2,0,3.8
layer,13,0,12,139,decode,2,8,5,3,1060,374,142,141,4,0,4,1211,7,2,0,0,0,0,0,0,60,lru,0,0,0,0,0,0,8,5,8,0,3,0,5,0,0,0,0,0,0,0,0,5701632,0,5701632,9,16993919656250510382,4,4,3,8,3,0,0,3.8
layer,13,0,12,139,decode,3,8,4,4,1397,561,157,180,3,0,3,1603,8,17,0,0,0,0,0,0,60,lru,0,0,0,0,0,0,8,4,8,0,4,0,7,0,0,0,0,0,0,0,0,7602176,0,7602176,12,1552387406335549968,4,4,4,8,4,3,0,3.8
layer,13,0,12,139,decode,4,8,7,1,556,164,155,22,3,0,3,643,8,14,0,0,0,0,0,0,60,lru,0,0,0,0,0,0,8,7,8,0,1,0,5,0,0,0,0,0,0,0,0,1900544,0,1900544,3,16776294665188527234,4,4,1,8,1,0,0,3.8
layer,13,0,12,139,decode,5,8,6,2,5824,307,159,70,4,0,4,5954,8,17,0,0,0,0,0,0,60,lru,0,0,0,0,0,0,8,6,8,0,2,0,4,0,0,0,0,0,0,0,0,3801088,0,3801088,6,292238580928992469,4,4,2,8,2,1,0,3.8
layer,13,0,12,139,decode,6,8,2,6,9406,913,140,204,4,0,4,9651,8,3,0,0,0,0,0,0,60,lru,0,0,0,0,0,0,8,2,8,0,6,0,6,0,0,0,0,0,0,0,0,11403264,0,11403264,18,9164662320920743098,4,4,6,8,6,4,0,3.8
layer,13,0,12,139,decode,7,8,3,5,12402,786,159,231,4,0,4,12630,8,9,0,0,0,0,0,0,60,lru,0,0,0,0,0,0,8,3,8,0,5,0,7,0,0,0,0,0,0,0,0,9502720,0,9502720,15,8363623220503140001,4,4,5,8,5,4,0,3.8
layer,13,0,12,139,decode,8,8,7,1,3766,157,154,22,4,0,4,3858,8,17,0,0,0,0,0,0,60,lru,0,0,0,0,0,0,8,7,8,0,1,0,6,0,0,0,0,0,0,0,0,1900544,0,1900544,3,5414371520695848725,4,4,1,8,1,1,0,3.8
layer,13,0,12,139,decode,9,8,8,0,0,0,179,0,0,0,0,22,8,2,0,0,0,0,0,0,60,lru,0,0,0,0,0,0,8,8,8,0,0,0,4,0,0,0,0,0,0,0,0,0,0,0,0,15742495314976161404,4,4,0,8,0,0,0,3.8
layer,13,0,12,139,decode,10,8,5,3,5430,406,141,57,2,0,2,5607,8,17,0,0,0,0,0,0,60,lru,0,0,0,0,0,0,8,5,8,0,3,0,4,0,0,0,0,0,0,0,0,5701632,0,5701632,9,17211525240165081981,4,4,3,8,3,1,0,3.8
layer,13,0,12,139,decode,11,8,7,1,353,114,160,42,1,0,1,433,8,10,0,0,0,0,0,0,60,lru,0,0,0,0,0,0,8,7,8,0,1,0,5,0,0,0,0,0,0,0,0,1900544,0,1900544,3,10921424590207672496,4,4,1,8,1,1,0,3.8
layer,13,0,12,139,decode,12,8,7,1,377,154,154,34,1,0,1,444,8,3,0,0,0,0,0,0,60,lru,0,0,0,0,0,0,8,7,8,0,1,0,4,0,0,0,0,0,0,0,0,1900544,0,1900544,3,5210724411706444136,4,4,1,8,1,1,0,3.8
layer,13,0,12,139,decode,13,8,7,1,5626,268,160,26,1,0,1,5691,8,2,0,0,0,0,0,0,60,lru,0,0,0,0,0,0,8,7,8,0,1,0,3,0,0,0,0,0,0,0,0,1900544,0,1900544,3,327674040332826121,4,4,1,8,1,1,0,3.8
layer,13,0,12,139,decode,14,8,8,0,0,0,158,0,0,0,0,22,8,2,0,0,0,0,0,0,60,lru,0,0,0,0,0,0,8,8,8,0,0,0,4,0,0,0,0,0,0,0,0,0,0,0,0,17414570282029139320,4,4,0,8,0,0,0,3.8
layer,13,0,12,139,decode,15,8,6,2,849,274,159,55,2,0,2,946,8,3,0,0,0,0,0,0,60,lru,0,0,0,0,0,0,8,6,8,0,2,0,4,0,0,0,0,0,0,0,0,3801088,0,3801088,6,15160681020633209173,4,4,2,8,2,1,0,3.8
layer,13,0,12,139,decode,16,8,8,0,0,0,174,0,0,0,0,19,8,2,0,0,0,0,0,0,60,lru,0,0,0,0,0,0,8,8,8,0,0,0,2,0,0,0,0,0,0,0,0,0,0,0,0,13784008458887917170,4,4,0,8,0,0,0,3.8
layer,13,0,12,139,decode,17,8,5,3,6527,397,160,93,2,0,2,6678,7,14,0,0,0,0,0,0,60,lru,0,0,0,0,0,0,8,5,8,0,3,0,5,0,0,0,0,0,0,0,0,5701632,0,5701632,9,15928952453164602048,4,4,3,8,3,3,0,3.8
layer,13,0,12,139,decode,18,8,7,1,397,167,143,27,1,0,1,483,9,15,0,0,0,0,0,0,60,lru,0,0,0,0,0,0,8,7,8,0,1,0,4,0,0,0,0,0,0,0,0,1900544,0,1900544,3,11659428428476558616,4,4,1,8,1,1,0,3.8
layer,13,0,12,139,decode,19,8,8,0,0,0,183,0,0,0,0,22,8,2,0,0,0,0,0,0,60,lru,0,0,0,0,0,0,8,8,8,0,0,0,4,0,0,0,0,0,0,0,0,0,0,0,0,609660565103615947,4,4,0,8,0,0,0,3.8
layer,13,0,12,139,decode,20,8,8,0,0,0,174,0,0,0,0,18,7,2,0,0,0,0,0,0,60,lru,0,0,0,0,0,0,8,8,8,0,0,0,2,0,0,0,0,0,0,0,0,0,0,0,0,18219991349954946227,4,4,0,8,0,0,0,3.8
layer,13,0,12,139,decode,21,8,8,0,0,0,179,0,0,0,0,19,7,2,0,0,0,0,0,0,60,lru,0,0,0,0,0,0,8,8,8,0,0,0,3,0,0,0,0,0,0,0,0,0,0,0,0,5742466552264759791,4,4,0,8,0,0,0,3.8
layer,13,0,12,139,decode,22,8,7,1,382,155,145,26,1,0,1,468,7,15,0,0,0,0,0,0,60,lru,0,0,0,0,0,0,8,7,8,0,1,0,4,0,0,0,0,0,0,0,0,1900544,0,1900544,3,9685647531861219141,4,4,1,8,1,1,0,3.8
layer,13,0,12,139,decode,23,8,6,2,662,285,160,94,2,0,2,811,8,16,0,0,0,0,0,0,60,lru,0,0,0,0,0,0,8,6,8,0,2,0,5,0,0,0,0,0,0,0,0,3801088,0,3801088,6,462001347945694075,4,4,2,8,2,1,0,3.8
layer,13,0,12,139,decode,24,8,4,4,5975,549,152,160,2,0,2,6158,8,15,0,0,0,0,0,0,60,lru,0,0,0,0,0,0,8,4,8,0,4,0,5,0,0,0,0,0,0,0,0,7602176,0,7602176,12,18231518466997388079,4,4,4,8,4,3,0,3.8
layer,13,0,12,139,decode,25,8,8,0,0,0,181,0,0,0,0,22,8,2,0,0,0,0,0,0,60,lru,0,0,0,0,0,0,8,8,8,0,0,0,4,0,0,0,0,0,0,0,0,0,0,0,0,4098309912790802236,4,4,0,8,0,0,0,3.8
layer,13,0,12,139,decode,26,8,5,3,1101,422,140,134,2,0,2,1268,8,6,0,0,0,0,0,0,60,lru,0,0,0,0,0,0,8,5,8,0,3,0,5,0,0,0,0,0,0,0,0,5701632,0,5701632,9,17966728721570792965,4,4,3,8,3,1,0,3.8
layer,13,0,12,139,decode,27,8,5,3,1132,419,159,90,2,0,2,1292,8,16,0,0,0,0,0,0,60,lru,0,0,0,0,0,0,8,5,8,0,3,0,5,0,0,0,0,0,0,0,0,5701632,0,5701632,9,17899475511964723300,4,4,3,8,3,3,0,3.8
layer,13,0,12,139,decode,28,8,5,3,3723,418,152,114,2,0,2,3867,8,5,0,0,0,0,0,0,60,lru,0,0,0,0,0,0,8,5,8,0,3,0,3,0,0,0,0,0,0,0,0,5701632,0,5701632,9,5064137795944651370,4,4,3,8,3,2,0,3.8
layer,13,0,12,139,decode,29,8,4,4,1770,534,158,111,1,0,1,1954,7,3,0,0,0,0,0,0,60,lru,0,0,0,0,0,0,8,4,8,0,4,0,3,0,0,0,0,0,0,0,0,7602176,0,7602176,12,5767031542529631063,4,4,4,8,4,2,0,3.8
layer,13,0,12,139,decode,30,8,3,5,2001,687,140,180,1,0,1,2226,8,10,0,0,0,0,0,0,60,lru,0,0,0,0,0,0,8,3,8,0,5,0,5,0,0,0,0,0,0,0,0,9502720,0,9502720,15,11809865416701682763,4,4,5,8,5,4,0,3.8
layer,13,0,12,139,decode,31,8,4,4,1662,547,160,157,1,0,1,1837,9,3,0,0,0,0,0,0,60,lru,0,0,0,0,0,0,8,4,8,0,4,0,4,0,0,0,0,0,0,0,0,7602176,0,7602176,12,14042410131620984044,4,4,4,8,4,1,0,3.8
layer,13,0,12,139,decode,32,8,2,6,3869,859,152,235,1,0,1,4109,7,4,0,0,0,0,0,0,60,lru,0,0,0,0,0,0,8,2,8,0,6,0,5,0,0,0,0,0,0,0,0,11403264,0,11403264,18,12297846045545875557,4,4,6,8,6,4,0,3.8
layer,13,0,12,139,decode,33,8,4,4,1936,531,156,165,1,0,1,2107,8,3,0,0,0,0,0,0,60,lru,0,0,0,0,0,0,8,4,8,0,4,0,3,0,0,0,0,0,0,0,0,7602176,0,7602176,12,11012983270231913751,4,4,4,8,4,1,0,3.8
layer,13,0,12,139,decode,34,8,5,3,2011,432,144,93,1,0,1,2155,8,6,0,0,0,0,0,0,60,lru,0,0,0,0,0,0,8,5,8,0,3,0,5,0,0,0,0,0,0,0,0,6119424,0,6119424,9,10891250939482263457,4,4,3,8,3,2,0,3.8
layer,13,0,12,139,decode,35,8,3,5,1958,696,156,162,2,0,2,2179,8,12,0,0,0,0,0,0,60,lru,0,0,0,0,0,0,8,3,8,0,5,0,6,0,0,0,0,0,0,0,0,9502720,0,9502720,15,7072073199939998921,4,4,5,8,5,2,0,3.8
layer,13,0,12,139,decode,36,8,3,5,6932,788,153,183,2,0,2,7156,8,6,0,0,0,0,0,0,60,lru,0,0,0,0,0,0,8,3,8,0,5,0,4,0,0,0,0,0,0,0,0,9502720,0,9502720,15,14271462306676010264,4,4,5,8,5,2,0,3.8
layer,13,0,12,139,decode,37,8,4,4,1564,560,158,149,2,0,2,1739,8,10,0,0,0,0,0,0,60,lru,0,0,0,0,0,0,8,4,8,0,4,0,3,0,0,0,0,0,0,0,0,7602176,0,7602176,12,13994197558201529847,4,4,4,8,4,0,0,3.8
layer,13,0,12,139,decode,38,8,2,6,3420,878,139,227,2,0,2,3695,9,19,0,0,0,0,0,0,60,lru,0,0,0,0,0,0,8,2,8,0,6,0,4,0,0,0,0,0,0,0,0,12238848,0,12238848,18,13906595216178974287,4,4,6,8,6,2,0,3.8
layer,13,0,12,139,decode,39,8,2,6,2713,893,675,217,2,0,2,2981,8,9,0,0,0,0,0,0,60,lru,0,0,0,0,0,0,8,2,8,0,6,0,2,0,0,0,0,0,0,0,0,12238848,0,12238848,18,3091998757089317231,4,4,6,8,6,3,0,3.8
request,13,0,12,0,decode,-1,0,0,0,0,0,0,0,0,0,0,0,0,0,0,0,0,0,0,0,0,,114162,700,0,0,19,0,0,0,0,0,0,0,0,0,0,0,0,0,0,0,0,0,0,0,0,0,0,0,0,0,0,0,0,0
layer,14,0,13,140,decode,0,8,1,7,2788,964,150,363,4,0,4,3105,9,20,0,0,0,0,0,0,60,lru,0,0,0,0,0,0,8,1,8,0,7,0,8,0,0,0,0,0,0,0,0,13303808,0,13303808,21,15280028923184617226,4,4,7,8,7,3,0,3.8
layer,14,0,13,140,decode,1,8,1,7,2791,1053,154,336,4,0,4,3100,8,12,0,0,0,0,0,0,60,lru,0,0,0,0,0,0,8,1,8,0,7,0,5,0,0,0,0,0,0,0,0,13303808,0,13303808,21,12901736562199331635,4,4,7,8,7,3,0,3.8
layer,14,0,13,140,decode,2,8,2,6,2464,979,143,322,4,0,4,2764,8,15,0,0,0,0,0,0,60,lru,0,0,0,0,0,0,8,2,8,0,6,0,7,0,0,0,0,0,0,0,0,11403264,0,11403264,18,10988943446382415439,4,4,6,8,6,2,0,3.8
layer,14,0,13,140,decode,3,8,5,3,1167,492,159,126,4,0,4,1331,8,3,0,0,0,0,0,0,60,lru,0,0,0,0,0,0,8,5,8,0,3,0,5,0,0,0,0,0,0,0,0,5701632,0,5701632,9,1272460082236187534,4,4,3,8,3,2,0,3.8
layer,14,0,13,140,decode,4,8,8,0,0,0,175,0,0,0,0,23,8,2,0,0,0,0,0,0,60,lru,0,0,0,0,0,0,8,8,8,0,0,0,4,0,0,0,0,0,0,0,0,0,0,0,0,14476683415071941968,4,4,0,8,0,0,0,3.8
layer,14,0,13,140,decode,5,8,6,2,765,336,156,99,4,0,4,918,7,13,0,0,0,0,0,0,60,lru,0,0,0,0,0,0,8,6,8,0,2,0,4,0,0,0,0,0,0,0,0,3801088,0,3801088,6,12673474244578503819,4,4,2,8,2,1,0,3.8
layer,14,0,13,140,decode,6,8,7,1,380,192,145,52,3,0,3,477,8,14,0,0,0,0,0,0,60,lru,0,0,0,0,0,0,8,7,8,0,1,0,6,0,0,0,0,0,0,0,0,1900544,0,1900544,3,15127955982194388276,4,4,1,8,1,1,0,3.8
layer,14,0,13,140,decode,7,8,8,0,0,0,181,0,0,0,0,24,8,2,0,0,0,0,0,0,60,lru,0,0,0,0,0,0,8,8,8,0,0,0,5,0,0,0,0,0,0,0,0,0,0,0,0,11280854206924731263,4,4,0,8,0,0,0,3.8
layer,14,0,13,140,decode,8,8,8,0,0,0,174,0,0,0,0,23,8,2,0,0,0,0,0,0,60,lru,0,0,0,0,0,0,8,8,8,0,0,0,5,0,0,0,0,0,0,0,0,0,0,0,0,2402118112520071846,4,4,0,8,0,0,0,3.8
layer,14,0,13,140,decode,9,8,7,1,357,197,159,57,1,0,1,471,7,18,0,0,0,0,0,0,60,lru,0,0,0,0,0,0,8,7,8,0,1,0,4,0,0,0,0,0,0,0,0,1900544,0,1900544,3,14216046793262966003,4,4,1,8,1,1,0,3.8
layer,14,0,13,140,decode,10,8,6,2,715,275,143,123,2,0,2,838,8,3,0,0,0,0,0,0,60,lru,0,0,0,0,0,0,8,6,8,0,2,0,6,0,0,0,0,0,0,0,0,3801088,0,3801088,6,1269643723927798447,4,4,2,8,2,2,0,3.8
layer,14,0,13,140,decode,11,8,8,0,0,0,181,0,0,0,0,23,8,2,0,0,0,0,0,0,60,lru,0,0,0,0,0,0,8,8,8,0,0,0,5,0,0,0,0,0,0,0,0,0,0,0,0,16506955184308949677,4,4,0,8,0,0,0,3.8
layer,14,0,13,140,decode,12,8,7,1,401,219,153,35,1,0,1,502,8,13,0,0,0,0,0,0,60,lru,0,0,0,0,0,0,8,7,8,0,1,0,3,0,0,0,0,0,0,0,0,1900544,0,1900544,3,9172090364860553648,4,4,1,8,1,1,0,3.8
layer,14,0,13,140,decode,13,8,8,0,0,0,179,0,0,0,0,19,8,2,0,0,0,0,0,0,60,lru,0,0,0,0,0,0,8,8,8,0,0,0,2,0,0,0,0,0,0,0,0,0,0,0,0,16433790659568587523,4,4,0,8,0,0,0,3.8
layer,14,0,13,140,decode,14,8,7,1,406,226,145,75,2,0,2,507,8,15,0,0,0,0,0,0,60,lru,0,0,0,0,0,0,8,7,8,0,1,0,3,0,0,0,0,0,0,0,0,1900544,0,1900544,3,5187759903786586547,4,4,1,8,1,1,0,3.8
layer,14,0,13,140,decode,15,8,8,0,0,0,181,0,0,0,0,22,9,2,0,0,0,0,0,0,60,lru,0,0,0,0,0,0,8,8,8,0,0,0,4,0,0,0,0,0,0,0,0,0,0,0,0,2532699017079394266,4,4,0,8,0,0,0,3.8
layer,14,0,13,140,decode,16,8,8,0,0,0,175,0,0,0,0,17,7,2,0,0,0,0,0,0,60,lru,0,0,0,0,0,0,8,8,8,0,0,0,2,0,0,0,0,0,0,0,0,0,0,0,0,1619866158111731426,4,4,0,8,0,0,0,3.8
layer,14,0,13,140,decode,17,8,6,2,827,399,159,62,2,0,2,954,8,3,0,0,0,0,0,0,60,lru,0,0,0,0,0,0,8,6,8,0,2,0,3,0,0,0,0,0,0,0,0,3801088,0,3801088,6,6895829676041732596,4,4,2,8,2,1,0,3.8
layer,14,0,13,140,decode,18,8,7,1,398,224,143,71,1,0,1,524,8,13,0,0,0,0,0,0,60,lru,0,0,0,0,0,0,8,7,8,0,1,0,5,0,0,0,0,0,0,0,0,1900544,0,1900544,3,5637636799815906960,4,4,1,8,1,0,0,3.8
layer,14,0,13,140,decode,19,8,8,0,0,0,181,0,0,0,0,20,8,2,0,0,0,0,0,0,60,lru,0,0,0,0,0,0,8,8,8,0,0,0,3,0,0,0,0,0,0,0,0,0,0,0,0,952374718631708536,4,4,0,8,0,0,0,3.8
layer,14,0,13,140,decode,20,8,8,0,0,0,174,0,0,0,0,19,8,2,0,0,0,0,0,0,60,lru,0,0,0,0,0,0,8,8,8,0,0,0,3,0,0,0,0,0,0,0,0,0,0,0,0,8477839570601519233,4,4,0,8,0,0,0,3.8
layer,14,0,13,140,decode,21,8,8,0,0,0,179,0,0,0,0,18,8,2,0,0,0,0,0,0,60,lru,0,0,0,0,0,0,8,8,8,0,0,0,2,0,0,0,0,0,0,0,0,0,0,0,0,6454789373194912805,4,4,0,8,0,0,0,3.8
layer,14,0,13,140,decode,22,8,8,0,0,0,159,0,0,0,0,17,7,2,0,0,0,0,0,0,60,lru,0,0,0,0,0,0,8,8,8,0,0,0,2,0,0,0,0,0,0,0,0,0,0,0,0,14472372796787599687,4,4,0,8,0,0,0,3.8
layer,14,0,13,140,decode,23,8,7,1,400,223,160,89,1,0,1,521,7,11,0,0,0,0,0,0,60,lru,0,0,0,0,0,0,8,7,8,0,1,0,4,0,0,0,0,0,0,0,0,1900544,0,1900544,3,5342606016296794036,4,4,1,8,1,0,0,3.8
layer,14,0,13,140,decode,24,8,7,1,382,215,154,57,1,0,1,473,8,9,0,0,0,0,0,0,60,lru,0,0,0,0,0,0,8,7,8,0,1,0,3,0,0,0,0,0,0,0,0,1900544,0,1900544,3,11644509747874091244,4,4,1,8,1,1,0,3.8
layer,14,0,13,140,decode,25,8,8,0,0,0,180,0,0,0,0,23,8,2,0,0,0,0,0,0,60,lru,0,0,0,0,0,0,8,8,8,0,0,0,4,0,0,0,0,0,0,0,0,0,0,0,0,10391737433996005101,4,4,0,8,0,0,0,3.8
layer,14,0,13,140,decode,26,8,8,0,0,0,159,0,0,0,0,19,7,2,0,0,0,0,0,0,60,lru,0,0,0,0,0,0,8,8,8,0,0,0,3,0,0,0,0,0,0,0,0,0,0,0,0,12149351643486310314,4,4,0,8,0,0,0,3.8
layer,14,0,13,140,decode,27,8,7,1,401,218,161,56,1,0,1,513,7,16,0,0,0,0,0,0,60,lru,0,0,0,0,0,0,8,7,8,0,1,0,4,0,0,0,0,0,0,0,0,1900544,0,1900544,3,1848399290460018099,4,4,1,8,1,1,0,3.8
layer,14,0,13,140,decode,28,8,6,2,5608,411,154,80,2,0,2,5711,7,2,0,0,0,0,0,0,60,lru,0,0,0,0,0,0,8,6,8,0,2,0,4,0,0,0,0,0,0,0,0,3801088,0,3801088,6,5501914046783836097,4,4,2,8,2,2,0,3.8
layer,14,0,13,140,decode,29,8,6,2,6298,410,163,41,2,0,2,6398,8,2,0,0,0,0,0,0,60,lru,0,0,0,0,0,0,8,6,8,0,2,0,6,0,0,0,0,0,0,0,0,3801088,0,3801088,6,12036821615571551951,4,4,2,8,2,1,0,3.8
layer,14,0,13,140,decode,30,8,7,1,334,170,144,57,1,0,1,480,9,20,0,0,0,0,0,0,60,lru,0,0,0,0,0,0,8,7,8,0,1,0,4,0,0,0,0,0,0,0,0,1900544,0,1900544,3,4016429110848371030,4,4,1,8,1,1,0,3.8
layer,14,0,13,140,decode,31,8,5,3,1266,393,158,108,2,0,2,1425,8,14,0,0,0,0,0,0,60,lru,0,0,0,0,0,0,8,5,8,0,3,0,3,0,0,0,0,0,0,0,0,5701632,0,5701632,9,9618375034516897982,4,4,3,8,3,2,0,3.8
layer,14,0,13,140,decode,32,8,5,3,982,368,155,100,2,0,2,1132,8,11,0,0,0,0,0,0,60,lru,0,0,0,0,0,0,8,5,8,0,3,0,3,0,0,0,0,0,0,0,0,5701632,0,5701632,9,17246270550419885214,4,4,3,8,3,1,0,3.8
layer,14,0,13,140,decode,33,8,8,0,0,0,180,0,0,0,0,22,8,2,0,0,0,0,0,0,60,lru,0,0,0,0,0,0,8,8,8,0,0,0,4,0,0,0,0,0,0,0,0,0,0,0,0,928382752092163610,4,4,0,8,0,0,0,3.8
layer,14,0,13,140,decode,34,8,6,2,829,280,143,63,2,0,2,936,8,5,0,0,0,0,0,0,60,lru,0,0,0,0,0,0,8,6,8,0,2,0,3,0,0,0,0,0,0,0,0,4079616,0,4079616,6,4711119780509730466,4,4,2,8,2,0,0,3.8
layer,14,0,13,140,decode,35,8,6,2,705,273,158,78,2,0,2,826,8,14,0,0,0,0,0,0,60,lru,0,0,0,0,0,0,8,6,8,0,2,0,3,0,0,0,0,0,0,0,0,3801088,0,3801088,6,3981057481238878642,4,4,2,8,2,1,0,3.8
layer,14,0,13,140,decode,36,8,8,0,0,0,178,0,0,0,0,21,8,2,0,0,0,0,0,0,60,lru,0,0,0,0,0,0,8,8,8,0,0,0,3,0,0,0,0,0,0,0,0,0,0,0,0,7062774805978062166,4,4,0,8,0,0,0,3.8
layer,14,0,13,140,decode,37,8,8,0,0,0,182,0,0,0,0,18,7,2,0,0,0,0,0,0,60,lru,0,0,0,0,0,0,8,8,8,0,0,0,3,0,0,0,0,0,0,0,0,0,0,0,0,13259463674230884970,4,4,0,8,0,0,0,3.8
layer,14,0,13,140,decode,38,8,8,0,0,0,163,0,0,0,0,21,8,2,0,0,0,0,0,0,60,lru,0,0,0,0,0,0,8,8,8,0,0,0,4,0,0,0,0,0,0,0,0,0,0,0,0,14761068292438913531,4,4,0,8,0,0,0,3.8
layer,14,0,13,140,decode,39,8,7,1,418,173,677,10,1,0,1,479,8,2,0,0,0,0,0,0,60,lru,0,0,0,0,0,0,8,7,8,0,1,0,2,0,0,0,0,0,0,0,0,2039808,0,2039808,3,13135001648053844594,4,4,1,8,1,0,0,3.8
request,14,0,13,0,decode,-1,0,0,0,0,0,0,0,0,0,0,0,0,0,0,0,0,0,0,0,0,,43857,481,0,0,17,0,0,0,0,0,0,0,0,0,0,0,0,0,0,0,0,0,0,0,0,0,0,0,0,0,0,0,0,0
layer,15,0,14,141,decode,0,8,5,3,1081,389,152,102,4,0,4,1230,10,5,0,0,0,0,0,0,60,lru,0,0,0,0,0,0,8,5,8,0,3,0,5,0,0,0,0,0,0,0,0,5701632,0,5701632,9,15170377481002586248,4,4,3,8,3,2,0,3.8
layer,15,0,14,141,decode,1,8,4,4,1447,568,157,173,4,0,4,1643,8,7,0,0,0,0,0,0,60,lru,0,0,0,0,0,0,8,4,8,0,4,0,7,0,0,0,0,0,0,0,0,7602176,0,7602176,12,16272717110560352396,4,4,4,8,4,4,0,3.8
layer,15,0,14,141,decode,2,8,5,3,1089,414,142,117,4,0,4,1255,8,15,0,0,0,0,0,0,60,lru,0,0,0,0,0,0,8,5,8,0,3,0,6,0,0,0,0,0,0,0,0,5701632,0,5701632,9,2265699898249433395,4,4,3,8,3,1,0,3.8
layer,15,0,14,141,decode,3,8,6,2,685,261,160,59,2,0,2,809,8,10,0,0,0,0,0,0,60,lru,0,0,0,0,0,0,8,6,8,0,2,0,8,0,0,0,0,0,0,0,0,3801088,0,3801088,6,1817477290145278755,4,4,2,8,2,2,0,3.8
layer,15,0,14,141,decode,4,8,8,0,0,0,175,0,0,0,0,24,8,2,0,0,0,0,0,0,60,lru,0,0,0,0,0,0,8,8,8,0,0,0,5,0,0,0,0,0,0,0,0,0,0,0,0,10477180718409998166,4,4,0,8,0,0,0,3.8
layer,15,0,14,141,decode,5,8,6,2,682,286,156,87,4,0,4,815,7,7,0,0,0,0,0,0,60,lru,0,0,0,0,0,0,8,6,8,0,2,0,5,0,0,0,0,0,0,0,0,3801088,0,3801088,6,1768288256441977504,4,4,2,8,2,1,0,3.8
layer,15,0,14,141,decode,6,8,8,0,0,0,160,0,0,0,0,23,8,2,0,0,0,0,0,0,60,lru,0,0,0,0,0,0,8,8,8,0,0,0,4,0,0,0,0,0,0,0,0,0,0,0,0,17953409902936400394,4,4,0,8,0,0,0,3.8
layer,15,0,14,141,decode,7,8,7,1,342,166,162,36,3,0,3,438,8,14,0,0,0,0,0,0,60,lru,0,0,0,0,0,0,8,7,8,0,1,0,3,0,0,0,0,0,0,0,0,1900544,0,1900544,3,14278067823657321929,4,4,1,8,1,1,0,3.8
layer,15,0,14,141,decode,8,8,7,1,505,167,155,14,4,0,4,600,8,15,0,0,0,0,0,0,60,lru,0,0,0,0,0,0,8,7,8,0,1,0,3,0,0,0,0,0,0,0,0,1900544,0,1900544,3,9333375128344326688,4,4,1,8,1,1,0,3.8
layer,15,0,14,141,decode,9,8,8,0,0,0,179,0,0,0,0,22,8,2,0,0,0,0,0,0,60,lru,0,0,0,0,0,0,8,8,8,0,0,0,5,0,0,0,0,0,0,0,0,0,0,0,0,16529854387703937384,4,4,0,8,0,0,0,3.8
layer,15,0,14,141,decode,10,8,8,0,0,0,159,0,0,0,0,19,7,2,0,0,0,0,0,0,60,lru,0,0,0,0,0,0,8,8,8,0,0,0,3,0,0,0,0,0,0,0,0,0,0,0,0,13638139284505042292,4,4,0,8,0,0,0,3.8
layer,15,0,14,141,decode,11,8,7,1,5055,265,163,62,1,0,1,5166,7,13,0,0,0,0,0,0,60,lru,0,0,0,0,0,0,8,7,8,0,1,0,2,0,0,0,0,0,0,0,0,1900544,0,1900544,3,3867131792714113769,4,4,1,8,1,1,0,3.8
layer,15,0,14,141,decode,12,8,7,1,336,171,154,22,1,0,1,403,8,2,0,0,0,0,0,0,60,lru,0,0,0,0,0,0,8,7,8,0,1,0,4,0,0,0,0,0,0,0,0,1900544,0,1900544,3,14296334464204970515,4,4,1,8,1,1,0,3.8
layer,15,0,14,141,decode,13,8,8,0,0,0,180,0,0,0,0,20,8,2,0,0,0,0,0,0,60,lru,0,0,0,0,0,0,8,8,8,0,0,0,2,0,0,0,0,0,0,0,0,0,0,0,0,13757710437081215841,4,4,0,8,0,0,0,3.8
layer,15,0,14,141,decode,14,8,7,1,376,152,142,30,1,0,1,470,8,15,0,0,0,0,0,0,60,lru,0,0,0,0,0,0,8,7,8,0,1,0,3,0,0,0,0,0,0,0,0,1900544,0,1900544,3,3030185346388344679,4,4,1,8,1,0,0,3.8
layer,15,0,14,141,decode,15,8,6,2,817,266,159,75,2,0,2,934,8,13,0,0,0,0,0,0,60,lru,0,0,0,0,0,0,8,6,8,0,2,0,4,0,0,0,0,0,0,0,0,3801088,0,3801088,6,11997874465466029421,4,4,2,8,2,2,0,3.8
layer,15,0,14,141,decode,16,8,8,0,0,0,177,0,0,0,0,22,8,2,0,0,0,0,0,0,60,lru,0,0,0,0,0,0,8,8,8,0,0,0,3,0,0,0,0,0,0,0,0,0,0,0,0,14435425603913083254,4,4,0,8,0,0,0,3.8
layer,15,0,14,141,decode,17,8,8,0,0,0,180,0,0,0,0,20,8,2,0,0,0,0,0,0,60,lru,0,0,0,0,0,0,8,8,8,0,0,0,4,0,0,0,0,0,0,0,0,0,0,0,0,4907243752186059368,4,4,0,8,0,0,0,3.8
layer,15,0,14,141,decode,18,8,7,1,336,166,144,33,1,0,1,400,7,3,0,0,0,0,0,0,60,lru,0,0,0,0,0,0,8,7,8,0,1,0,2,0,0,0,0,0,0,0,0,1900544,0,1900544,3,16322247918087224416,4,4,1,8,1,1,0,3.8
layer,15,0,14,141,decode,19,8,6,2,754,265,160,56,2,0,2,863,8,6,0,0,0,0,0,0,60,lru,0,0,0,0,0,0,8,6,8,0,2,0,3,0,0,0,0,0,0,0,0,3801088,0,3801088,6,141142743313256166,4,4,2,8,2,2,0,3.8
layer,15,0,14,141,decode,20,8,8,0,0,0,174,0,0,0,0,20,8,2,0,0,0,0,0,0,60,lru,0,0,0,0,0,0,8,8,8,0,0,0,2,0,0,0,0,0,0,0,0,0,0,0,0,4762125438399218955,4,4,0,8,0,0,0,3.8
layer,15,0,14,141,decode,21,8,7,1,5494,234,160,30,1,0,1,5572,7,7,0,0,0,0,0,0,60,lru,0,0,0,0,0,0,8,7,8,0,1,0,4,0,0,0,0,0,0,0,0,1900544,0,1900544,3,7340694560285815243,4,4,1,8,1,1,0,3.8
layer,15,0,14,141,decode,22,8,7,1,385,160,143,13,1,0,1,479,8,16,0,0,0,0,0,0,60,lru,0,0,0,0,0,0,8,7,8,0,1,0,4,0,0,0,0,0,0,0,0,1900544,0,1900544,3,13953141511669370660,4,4,1,8,1,1,0,3.8
layer,15,0,14,141,decode,23,8,7,1,359,163,160,42,1,0,1,455,8,21,0,0,0,0,0,0,60,lru,0,0,0,0,0,0,8,7,8,0,1,0,3,0,0,0,0,0,0,0,0,1900544,0,1900544,3,4710333689400086742,4,4,1,8,1,1,0,3.8
layer,15,0,14,141,decode,24,8,8,0,0,0,173,0,0,0,0,21,8,2,0,0,0,0,0,0,60,lru,0,0,0,0,0,0,8,8,8,0,0,0,3,0,0,0,0,0,0,0,0,0,0,0,0,714282391738309167,4,4,0,8,0,0,0,3.8
layer,15,0,14,141,decode,25,8,8,0,0,0,182,0,0,0,0,19,8,2,0,0,0,0,0,0,60,lru,0,0,0,0,0,0,8,8,8,0,0,0,3,0,0,0,0,0,0,0,0,0,0,0,0,11174499256408956425,4,4,0,8,0,0,0,3.8
layer,15,0,14,141,decode,26,8,8,0,0,0,158,0,0,0,0,19,8,2,0,0,0,0,0,0,60,lru,0,0,0,0,0,0,8,8,8,0,0,0,3,0,0,0,0,0,0,0,0,0,0,0,0,17533145936259965263,4,4,0,8,0,0,0,3.8
layer,15,0,14,141,decode,27,8,6,2,8244,395,159,54,1,0,1,8346,8,2,0,0,0,0,0,0,60,lru,0,0,0,0,0,0,8,6,8,0,2,0,4,0,0,0,0,0,0,0,0,3801088,0,3801088,6,7737305617644716882,4,4,2,8,2,0,0,3.8
layer,15,0,14,141,decode,28,8,6,2,920,261,153,50,1,0,1,1027,8,2,0,0,0,0,0,0,60,lru,0,0,0,0,0,0,8,6,8,0,2,0,4,0,0,0,0,0,0,0,0,3801088,0,3801088,6,5339647326299172940,4,4,2,8,2,2,0,3.8
layer,15,0,14,141,decode,29,8,7,1,683,168,159,16,1,0,1,752,8,2,0,0,0,0,0,0,60,lru,0,0,0,0,0,0,8,7,8,0,1,0,3,0,0,0,0,0,0,0,0,1900544,0,1900544,3,10373591174722064348,4,4,1,8,1,0,0,3.8
layer,15,0,14,141,decode,30,8,7,1,330,170,143,27,1,0,1,423,8,14,0,0,0,0,0,0,60,lru,0,0,0,0,0,0,8,7,8,0,1,0,5,0,0,0,0,0,0,0,0,1900544,0,1900544,3,1050583701547396169,4,4,1,8,1,1,0,3.8
layer,15,0,14,141,decode,31,8,8,0,0,0,182,0,0,0,0,21,8,2,0,0,0,0,0,0,60,lru,0,0,0,0,0,0,8,8,8,0,0,0,4,0,0,0,0,0,0,0,0,0,0,0,0,17434613014746530131,4,4,0,8,0,0,0,3.8
layer,15,0,14,141,decode,32,8,7,1,360,129,153,37,1,0,1,434,8,8,0,0,0,0,0,0,60,lru,0,0,0,0,0,0,8,7,8,0,1,0,3,0,0,0,0,0,0,0,0,1900544,0,1900544,3,13186789547137445276,4,4,1,8,1,0,0,3.8
layer,15,0,14,141,decode,33,8,7,1,360,162,159,40,1,0,1,452,8,16,0,0,0,0,0,0,60,lru,0,0,0,0,0,0,8,7,8,0,1,0,3,0,0,0,0,0,0,0,0,1900544,0,1900544,3,2100105494575535508,4,4,1,8,1,1,0,3.8
layer,15,0,14,141,decode,34,8,8,0,0,0,163,0,0,0,0,19,8,2,0,0,0,0,0,0,60,lru,0,0,0,0,0,0,8,8,8,0,0,0,2,0,0,0,0,0,0,0,0,0,0,0,0,931750596450330415,4,4,0,8,0,0,0,3.8
layer,15,0,14,141,decode,35,8,6,2,951,274,159,81,2,0,2,1057,8,2,0,0,0,0,0,0,60,lru,0,0,0,0,0,0,8,6,8,0,2,0,3,0,0,0,0,0,0,0,0,3801088,0,3801088,6,6897211952608265178,4,4,2,8,2,0,0,3.8
layer,15,0,14,141,decode,36,8,7,1,6655,335,153,28,1,0,1,6721,8,2,0,0,0,0,0,0,60,lru,0,0,0,0,0,0,8,7,8,0,1,0,4,0,0,0,0,0,0,0,0,1900544,0,1900544,3,993932240940489099,4,4,1,8,1,0,0,3.8
layer,15,0,14,141,decode,37,8,7,1,337,163,159,48,1,0,1,423,7,10,0,0,0,0,0,0,60,lru,0,0,0,0,0,0,8,7,8,0,1,0,2,0,0,0,0,0,0,0,0,1900544,0,1900544,3,1975617653437054409,4,4,1,8,1,1,0,3.8
layer,15,0,14,141,decode,38,8,4,4,4947,575,142,116,2,0,2,5143,8,15,0,0,0,0,0,0,60,lru,0,0,0,0,0,0,8,4,8,0,4,0,3,0,0,0,0,0,0,0,0,8159232,0,8159232,12,16475875082708933767,4,4,4,8,4,2,0,3.8
layer,15,0,14,141,decode,39,8,7,1,378,167,676,30,1,0,1,445,8,3,0,0,0,0,0,0,60,lru,0,0,0,0,0,0,8,7,8,0,1,0,4,0,0,0,0,0,0,0,0,2039808,0,2039808,3,1034521361195915103,4,4,1,8,1,0,0,3.8
request,15,0,14,0,decode,-1,0,0,0,0,0,0,0,0,0,0,0,0,0,0,0,0,0,0,0,0,,56290,439,0,0,17,0,0,0,0,0,0,0,0,0,0,0,0,0,0,0,0,0,0,0,0,0,0,0,0,0,0,0,0,0
layer,16,0,15,142,decode,0,8,6,2,751,303,154,82,4,0,4,860,9,3,0,0,0,0,0,0,60,lru,0,0,0,0,0,0,8,6,8,0,2,0,7,0,0,0,0,0,0,0,0,3801088,0,3801088,6,13353212422332558602,4,4,2,8,2,2,0,3.8
layer,16,0,15,142,decode,1,8,8,0,0,0,180,0,0,0,0,23,8,2,0,0,0,0,0,0,60,lru,0,0,0,0,0,0,8,8,8,0,0,0,4,0,0,0,0,0,0,0,0,0,0,0,0,2265746135549754723,4,4,0,8,0,0,0,3.8
layer,16,0,15,142,decode,2,8,2,6,2329,816,142,255,4,0,4,2586,8,13,0,0,0,0,0,0,60,lru,0,0,0,0,0,0,8,2,8,0,6,0,7,0,0,0,0,0,0,0,0,11403264,0,11403264,18,16054736498422682943,4,4,6,8,6,3,0,3.8
layer,16,0,15,142,decode,3,8,7,1,390,161,160,36,2,0,2,478,8,2,0,0,0,0,0,0,60,lru,0,0,0,0,0,0,8,7,8,0,1,0,5,0,0,0,0,0,0,0,0,1900544,0,1900544,3,13961234322818841530,4,4,1,8,1,1,0,3.8
layer,16,0,15,142,decode,4,8,5,3,6715,518,153,157,4,0,4,6901,8,15,0,0,0,0,0,0,60,lru,0,0,0,0,0,0,8,5,8,0,3,0,6,0,0,0,0,0,0,0,0,5701632,0,5701632,9,6241922138948346404,4,4,3,8,3,2,0,3.8
layer,16,0,15,142,decode,5,8,4,4,5233,546,156,88,4,0,4,5429,8,14,0,0,0,0,0,0,60,lru,0,0,0,0,0,0,8,4,8,0,4,0,6,0,0,0,0,0,0,0,0,7602176,0,7602176,12,16885375634378422934,4,4,4,8,4,4,0,3.8
layer,16,0,15,142,decode,6,8,4,4,5634,476,144,130,4,0,4,5804,8,3,0,0,0,0,0,0,60,lru,0,0,0,0,0,0,8,4,8,0,4,0,4,0,0,0,0,0,0,0,0,7602176,0,7602176,12,8011678420713912159,4,4,4,8,4,3,0,3.8
layer,16,0,15,142,decode,7,8,6,2,1903,292,159,61,4,0,4,2009,7,2,0,0,0,0,0,0,60,lru,0,0,0,0,0,0,8,6,8,0,2,0,5,0,0,0,0,0,0,0,0,3801088,0,3801088,6,13012620163338650893,4,4,2,8,2,1,0,3.8
layer,16,0,15,142,decode,8,8,4,4,20490,770,154,153,4,0,4,20673,8,10,0,0,0,0,0,0,60,lru,0,0,0,0,0,0,8,4,8,0,4,0,6,0,0,0,0,0,0,0,0,7602176,0,7602176,12,17339578991251255668,4,4,4,8,4,3,0,3.8
layer,16,0,15,142,decode,9,8,7,1,392,169,159,28,2,0,2,474,8,11,0,0,0,0,0,0,60,lru,0,0,0,0,0,0,8,7,8,0,1,0,5,0,0,0,0,0,0,0,0,1900544,0,1900544,3,4265789037766084104,4,4,1,8,1,1,0,3.8
layer,16,0,15,142,decode,10,8,2,6,25856,1203,140,212,2,0,2,26120,8,29,0,0,0,0,0,0,60,lru,0,0,0,0,0,0,8,2,8,0,6,0,5,0,0,0,0,0,0,0,0,11403264,0,11403264,18,13969648286022810350,4,4,6,8,6,4,0,3.8
layer,16,0,15,142,decode,11,8,7,1,820,153,161,19,1,0,1,890,8,2,0,0,0,0,0,0,60,lru,0,0,0,0,0,0,8,7,8,0,1,0,4,0,0,0,0,0,0,0,0,1900544,0,1900544,3,13896260266174886181,4,4,1,8,1,1,0,3.8
layer,16,0,15,142,decode,12,8,7,1,337,171,153,17,1,0,1,424,7,14,0,0,0,0,0,0,60,lru,0,0,0,0,0,0,8,7,8,0,1,0,4,0,0,0,0,0,0,0,0,1900544,0,1900544,3,12059890876599454000,4,4,1,8,1,1,0,3.8
layer,16,0,15,142,decode,13,8,7,1,1994,162,159,34,1,0,1,2093,8,17,0,0,0,0,0,0,60,lru,0,0,0,0,0,0,8,7,8,0,1,0,2,0,0,0,0,0,0,0,0,1900544,0,1900544,3,8103364979294136066,4,4,1,8,1,1,0,3.8
layer,16,0,15,142,decode,14,8,8,0,0,0,159,0,0,0,0,21,8,2,0,0,0,0,0,0,60,lru,0,0,0,0,0,0,8,8,8,0,0,0,3,0,0,0,0,0,0,0,0,0,0,0,0,13167239195700524409,4,4,0,8,0,0,0,3.8
layer,16,0,15,142,decode,15,8,7,1,6377,272,160,25,1,0,1,6462,8,9,0,0,0,0,0,0,60,lru,0,0,0,0,0,0,8,7,8,0,1,0,4,0,0,0,0,0,0,0,0,1900544,0,1900544,3,14348597156360061954,4,4,1,8,1,1,0,3.8
layer,16,0,15,142,decode,16,8,6,2,5996,392,153,67,2,0,2,6128,8,12,0,0,0,0,0,0,60,lru,0,0,0,0,0,0,8,6,8,0,2,0,4,0,0,0,0,0,0,0,0,3801088,0,3801088,6,3876531934197508860,4,4,2,8,2,1,0,3.8
layer,16,0,15,142,decode,17,8,6,2,790,313,158,64,2,0,2,895,7,3,0,0,0,0,0,0,60,lru,0,0,0,0,0,0,8,6,8,0,2,0,5,0,0,0,0,0,0,0,0,3801088,0,3801088,6,10765713057621830888,4,4,2,8,2,2,0,3.8
layer,16,0,15,142,decode,18,8,6,2,13266,263,142,50,2,0,2,13377,8,7,0,0,0,0,0,0,60,lru,0,0,0,0,0,0,8,6,8,0,2,0,5,0,0,0,0,0,0,0,0,3801088,0,3801088,6,7092818846127486609,4,4,2,8,2,2,0,3.8
layer,16,0,15,142,decode,19,8,5,3,7806,430,159,101,2,0,2,7972,8,12,0,0,0,0,0,0,60,lru,0,0,0,0,0,0,8,5,8,0,3,0,5,0,0,0,0,0,0,0,0,5701632,0,5701632,9,1509786532497483630,4,4,3,8,3,2,0,3.8
layer,16,0,15,142,decode,20,8,4,4,11387,613,153,118,2,0,2,11550,8,3,0,0,0,0,0,0,60,lru,0,0,0,0,0,0,8,4,8,0,4,0,4,0,0,0,0,0,0,0,0,7602176,0,7602176,12,17559909640834906067,4,4,4,8,4,2,0,3.8
layer,16,0,15,142,decode,21,8,5,3,6455,447,157,126,2,0,2,6612,8,13,0,0,0,0,0,0,60,lru,0,0,0,0,0,0,8,5,8,0,3,0,3,0,0,0,0,0,0,0,0,5701632,0,5701632,9,7418773667519865301,4,4,3,8,3,2,0,3.8
layer,16,0,15,142,decode,22,8,2,6,6503,774,138,182,2,0,2,6750,8,3,0,0,0,0,0,0,60,lru,0,0,0,0,0,0,8,2,8,0,6,0,6,0,0,0,0,0,0,0,0,11403264,0,11403264,18,11733584676837352903,4,4,6,8,6,3,0,3.8
layer,16,0,15,142,decode,23,8,6,2,9779,437,160,86,2,0,2,9918,9,12,0,0,0,0,0,0,60,lru,0,0,0,0,0,0,8,6,8,0,2,0,3,0,0,0,0,0,0,0,0,3801088,0,3801088,6,4081702346413435563,4,4,2,8,2,2,0,3.8
layer,16,0,15,142,decode,24,8,4,4,13462,634,152,167,2,0,2,13643,8,12,0,0,0,0,0,0,60,lru,0,0,0,0,0,0,8,4,8,0,4,0,3,0,0,0,0,0,0,0,0,7602176,0,7602176,12,5962391542318802787,4,4,4,8,4,3,0,3.8
layer,16,0,15,142,decode,25,8,8,0,0,0,184,0,0,0,0,22,8,2,0,0,0,0,0,0,60,lru,0,0,0,0,0,0,8,8,8,0,0,0,4,0,0,0,0,0,0,0,0,0,0,0,0,15787582571403315255,4,4,0,8,0,0,0,3.8
layer,16,0,15,142,decode,26,8,7,1,5425,270,141,36,2,0,2,5520,8,16,0,0,0,0,0,0,60,lru,0,0,0,0,0,0,8,7,8,0,1,0,3,0,0,0,0,0,0,0,0,1900544,0,1900544,3,209750976994432185,4,4,1,8,1,1,0,3.8
layer,16,0,15,142,decode,27,8,6,2,10777,266,160,55,2,0,2,10893,8,13,0,0,0,0,0,0,60,lru,0,0,0,0,0,0,8,6,8,0,2,0,2,0,0,0,0,0,0,0,0,3801088,0,3801088,6,13273860763028965888,4,4,2,8,2,1,0,3.8
layer,16,0,15,142,decode,28,8,7,1,369,154,153,44,1,0,1,466,8,16,0,0,0,0,0,0,60,lru,0,0,0,0,0,0,8,7,8,0,1,0,4,0,0,0,0,0,0,0,0,1900544,0,1900544,3,6573501666054693141,4,4,1,8,1,0,0,3.8
layer,16,0,15,142,decode,29,8,8,0,0,0,182,0,0,0,0,24,8,2,0,0,0,0,0,0,60,lru,0,0,0,0,0,0,8,8,8,0,0,0,5,0,0,0,0,0,0,0,0,0,0,0,0,10021994009035515532,4,4,0,8,0,0,0,3.8
layer,16,0,15,142,decode,30,8,7,1,314,166,144,27,1,0,1,396,8,13,0,0,0,0,0,0,60,lru,0,0,0,0,0,0,8,7,8,0,1,0,4,0,0,0,0,0,0,0,0,1900544,0,1900544,3,12145138907635053968,4,4,1,8,1,1,0,3.8
layer,16,0,15,142,decode,31,8,8,0,0,0,184,0,0,0,0,20,8,2,0,0,0,0,0,0,60,lru,0,0,0,0,0,0,8,8,8,0,0,0,2,0,0,0,0,0,0,0,0,0,0,0,0,16265091179908078636,4,4,0,8,0,0,0,3.8
layer,16,0,15,142,decode,32,8,6,2,7308,403,154,87,2,0,2,7406,8,3,0,0,0,0,0,0,60,lru,0,0,0,0,0,0,8,6,8,0,2,0,2,0,0,0,0,0,0,0,0,3801088,0,3801088,6,13127897476328220636,4,4,2,8,2,1,0,3.8
layer,16,0,15,142,decode,33,8,8,0,0,0,181,0,0,0,0,22,8,2,0,0,0,0,0,0,60,lru,0,0,0,0,0,0,8,8,8,0,0,0,4,0,0,0,0,0,0,0,0,0,0,0,0,15880715936103628225,4,4,0,8,0,0,0,3.8
layer,16,0,15,142,decode,34,8,5,3,4604,526,145,86,2,0,2,4732,8,2,0,0,0,0,0,0,60,lru,0,0,0,0,0,0,8,5,8,0,3,0,4,0,0,0,0,0,0,0,0,6119424,0,6119424,9,15275218878491194367,4,4,3,8,3,2,0,3.8
layer,16,0,15,142,decode,35,8,5,3,5896,401,159,84,2,0,2,6033,8,2,0,0,0,0,0,0,60,lru,0,0,0,0,0,0,8,5,8,0,3,0,5,0,0,0,0,0,0,0,0,5701632,0,5701632,9,11942124224666716997,4,4,3,8,3,2,0,3.8
layer,16,0,15,142,decode,36,8,4,4,8377,689,152,149,2,0,2,8565,8,20,0,0,0,0,0,0,60,lru,0,0,0,0,0,0,8,4,8,0,4,0,4,0,0,0,0,0,0,0,0,7602176,0,7602176,12,10391970205351252150,4,4,4,8,4,3,0,3.8
layer,16,0,15,142,decode,37,8,7,1,395,159,161,38,1,0,1,464,8,2,0,0,0,0,0,0,60,lru,0,0,0,0,0,0,8,7,8,0,1,0,4,0,0,0,0,0,0,0,0,1900544,0,1900544,3,6474314676943778496,4,4,1,8,1,1,0,3.8
layer,16,0,15,142,decode,38,8,6,2,871,241,143,52,1,0,1,967,7,2,0,0,0,0,0,0,60,lru,0,0,0,0,0,0,8,6,8,0,2,0,2,0,0,0,0,0,0,0,0,4079616,0,4079616,6,8445810111345092679,4,4,2,8,2,1,0,3.8
layer,16,0,15,142,decode,39,8,5,3,7836,446,675,73,2,0,2,7980,8,2,0,0,0,0,0,0,60,lru,0,0,0,0,0,0,8,5,8,0,3,0,2,0,0,0,0,0,0,0,0,6119424,0,6119424,9,15336358634852594588,4,4,3,8,3,1,0,3.8
request,16,0,15,0,decode,-1,0,0,0,0,0,0,0,0,0,0,0,0,0,0,0,0,0,0,0,0,,221608,635,0,0,24,0,0,0,0,0,0,0,0,0,0,0,0,0,0,0,0,0,0,0,0,0,0,0,0,0,0,0,0,0
layer,17,0,16,143,decode,0,8,0,8,3319,1106,150,349,3,0,3,3663,10,18,0,0,0,0,0,0,60,lru,0,0,0,0,0,0,8,0,8,0,8,0,15,0,0,0,0,0,0,0,0,15204352,0,15204352,24,6731112273833697849,4,4,8,8,8,4,0,3.8
layer,17,0,16,143,decode,1,8,1,7,2816,949,153,296,4,0,4,3135,8,19,0,0,0,0,0,0,60,lru,0,0,0,0,0,0,8,1,8,0,7,0,5,0,0,0,0,0,0,0,0,13303808,0,13303808,21,7556537180114517821,4,4,7,8,7,3,0,3.8
layer,17,0,16,143,decode,2,8,6,2,708,289,143,60,4,0,4,832,8,14,0,0,0,0,0,0,60,lru,0,0,0,0,0,0,8,6,8,0,2,0,6,0,0,0,0,0,0,0,0,3801088,0,3801088,6,4163858685323151748,4,4,2,8,2,0,0,3.8
layer,17,0,16,143,decode,3,8,6,2,693,307,159,82,3,0,3,838,8,17,0,0,0,0,0,0,60,lru,0,0,0,0,0,0,8,6,8,0,2,0,6,0,0,0,0,0,0,0,0,3801088,0,3801088,6,2032134694375833465,4,4,2,8,2,1,0,3.8
layer,17,0,16,143,decode,4,8,7,1,333,167,155,54,3,0,3,437,7,14,0,0,0,0,0,0,60,lru,0,0,0,0,0,0,8,7,8,0,1,0,4,0,0,0,0,0,0,0,0,1900544,0,1900544,3,6225266555430094538,4,4,1,8,1,1,0,3.8
layer,17,0,16,143,decode,5,8,6,2,681,291,164,47,4,0,4,780,8,3,0,0,0,0,0,0,60,lru,0,0,0,0,0,0,8,6,8,0,2,0,4,0,0,0,0,0,0,0,0,3801088,0,3801088,6,3930504545289937559,4,4,2,8,2,2,0,3.8
layer,17,0,16,143,decode,6,8,4,4,1429,567,143,166,4,0,4,1621,8,7,0,0,0,0,0,0,60,lru,0,0,0,0,0,0,8,4,8,0,4,0,6,0,0,0,0,0,0,0,0,7602176,0,7602176,12,10112472546312832468,4,4,4,8,4,3,0,3.8
layer,17,0,16,143,decode,7,8,7,1,4771,183,161,54,3,0,3,4878,8,12,0,0,0,0,0,0,60,lru,0,0,0,0,0,0,8,7,8,0,1,0,4,0,0,0,0,0,0,0,0,1900544,0,1900544,3,14163163460282188302,4,4,1,8,1,0,0,3.8
layer,17,0,16,143,decode,8,8,7,1,355,179,154,60,3,0,3,459,8,13,0,0,0,0,0,0,60,lru,0,0,0,0,0,0,8,7,8,0,1,0,4,0,0,0,0,0,0,0,0,1900544,0,1900544,3,16230172852426279015,4,4,1,8,1,1,0,3.8
layer,17,0,16,143,decode,9,8,7,1,5386,234,159,28,1,0,1,5453,8,3,0,0,0,0,0,0,60,lru,0,0,0,0,0,0,8,7,8,0,1,0,3,0,0,0,0,0,0,0,0,1900544,0,1900544,3,3062514187066680069,4,4,1,8,1,1,0,3.8
layer,17,0,16,143,decode,10,8,6,2,866,262,142,54,2,0,2,970,8,3,0,0,0,0,0,0,60,lru,0,0,0,0,0,0,8,6,8,0,2,0,2,0,0,0,0,0,0,0,0,3801088,0,3801088,6,5800745931752175964,4,4,2,8,2,1,0,3.8
layer,17,0,16,143,decode,11,8,5,3,1197,405,158,132,2,0,2,1378,8,15,0,0,0,0,0,0,60,lru,0,0,0,0,0,0,8,5,8,0,3,0,5,0,0,0,0,0,0,0,0,5701632,0,5701632,9,13914232777020735416,4,4,3,8,3,2,0,3.8
layer,17,0,16,143,decode,12,8,7,1,320,171,153,39,1,0,1,414,8,15,0,0,0,0,0,0,60,lru,0,0,0,0,0,0,8,7,8,0,1,0,4,0,0,0,0,0,0,0,0,1900544,0,1900544,3,5438226411807768151,4,4,1,8,1,0,0,3.8
layer,17,0,16,143,decode,13,8,7,1,339,162,161,54,1,0,1,415,8,5,0,0,0,0,0,0,60,lru,0,0,0,0,0,0,8,7,8,0,1,0,3,0,0,0,0,0,0,0,0,1900544,0,1900544,3,11304144223014154896,4,4,1,8,1,0,0,3.8
layer,17,0,16,143,decode,14,8,6,2,682,328,142,65,2,0,2,782,8,4,0,0,0,0,0,0,60,lru,0,0,0,0,0,0,8,6,8,0,2,0,2,0,0,0,0,0,0,0,0,3801088,0,3801088,6,644248220199061999,4,4,2,8,2,1,0,3.8
layer,17,0,16,143,decode,15,8,6,2,662,234,159,66,2,0,2,769,9,3,0,0,0,0,0,0,60,lru,0,0,0,0,0,0,8,6,8,0,2,0,2,0,0,0,0,0,0,0,0,3801088,0,3801088,6,11228248018052255611,4,4,2,8,2,1,0,3.8
layer,17,0,16,143,decode,16,8,7,1,314,171,153,44,1,0,1,418,8,23,0,0,0,0,0,0,60,lru,0,0,0,0,0,0,8,7,8,0,1,0,4,0,0,0,0,0,0,0,0,1900544,0,1900544,3,4834820162344062315,4,4,1,8,1,0,0,3.8
layer,17,0,16,143,decode,17,8,6,2,5878,423,158,77,2,0,2,5992,8,8,0,0,0,0,0,0,60,lru,0,0,0,0,0,0,8,6,8,0,2,0,3,0,0,0,0,0,0,0,0,3801088,0,3801088,6,9536095959376589973,4,4,2,8,2,1,0,3.8
layer,17,0,16,143,decode,18,8,8,0,0,0,160,0,0,0,0,20,8,2,0,0,0,0,0,0,60,lru,0,0,0,0,0,0,8,8,8,0,0,0,2,0,0,0,0,0,0,0,0,0,0,0,0,16908288186566416876,4,4,0,8,0,0,0,3.8
layer,17,0,16,143,decode,19,8,5,3,8944,481,159,101,1,0,1,9097,8,6,0,0,0,0,0,0,60,lru,0,0,0,0,0,0,8,5,8,0,3,0,3,0,0,0,0,0,0,0,0,5701632,0,5701632,9,12875889665982809322,4,4,3,8,3,1,0,3.8
layer,17,0,16,143,decode,20,8,5,3,1353,433,152,90,2,0,2,1524,8,16,0,0,0,0,0,0,60,lru,0,0,0,0,0,0,8,5,8,0,3,0,2,0,0,0,0,0,0,0,0,5701632,0,5701632,9,10241447722034559854,4,4,3,8,3,1,0,3.8
layer,17,0,16,143,decode,21,8,7,1,325,171,164,40,1,0,1,448,7,24,0,0,0,0,0,0,60,lru,0,0,0,0,0,0,8,7,8,0,1,0,4,0,0,0,0,0,0,0,0,1900544,0,1900544,3,3284128287809252459,4,4,1,8,1,0,0,3.8
layer,17,0,16,143,decode,22,8,5,3,1681,401,140,137,3,0,3,1858,7,8,0,0,0,0,0,0,60,lru,0,0,0,0,0,0,8,5,8,0,3,0,3,0,0,0,0,0,0,0,0,5701632,0,5701632,9,12754594762007696671,4,4,3,8,3,1,0,3.8
layer,17,0,16,143,decode,23,8,5,3,980,398,160,152,2,0,2,1126,8,9,0,0,0,0,0,0,60,lru,0,0,0,0,0,0,8,5,8,0,3,0,4,0,0,0,0,0,0,0,0,5701632,0,5701632,9,208543683902953620,4,4,3,8,3,1,0,3.8
layer,17,0,16,143,decode,24,8,7,1,303,178,154,40,1,0,1,372,8,3,0,0,0,0,0,0,60,lru,0,0,0,0,0,0,8,7,8,0,1,0,4,0,0,0,0,0,0,0,0,1900544,0,1900544,3,293792984493066743,4,4,1,8,1,0,0,3.8
layer,17,0,16,143,decode,25,8,8,0,0,0,182,0,0,0,0,21,8,2,0,0,0,0,0,0,60,lru,0,0,0,0,0,0,8,8,8,0,0,0,3,0,0,0,0,0,0,0,0,0,0,0,0,2117805231360428161,4,4,0,8,0,0,0,3.8
layer,17,0,16,143,decode,26,8,6,2,793,319,141,66,2,0,2,916,8,17,0,0,0,0,0,0,60,lru,0,0,0,0,0,0,8,6,8,0,2,0,3,0,0,0,0,0,0,0,0,3801088,0,3801088,6,17525054320519208547,4,4,2,8,2,1,0,3.8
layer,17,0,16,143,decode,27,8,7,1,365,168,161,37,1,0,1,457,8,16,0,0,0,0,0,0,60,lru,0,0,0,0,0,0,8,7,8,0,1,0,3,0,0,0,0,0,0,0,0,1900544,0,1900544,3,4018771934439134405,4,4,1,8,1,0,0,3.8
layer,17,0,16,143,decode,28,8,8,0,0,0,176,0,0,0,0,22,8,2,0,0,0,0,0,0,60,lru,0,0,0,0,0,0,8,8,8,0,0,0,4,0,0,0,0,0,0,0,0,0,0,0,0,13642727919551759442,4,4,0,8,0,0,0,3.8
layer,17,0,16,143,decode,29,8,5,3,5407,480,158,165,2,0,2,5562,8,15,0,0,0,0,0,0,60,lru,0,0,0,0,0,0,8,5,8,0,3,0,4,0,0,0,0,0,0,0,0,5701632,0,5701632,9,6269457799158836022,4,4,3,8,3,2,0,3.8
layer,17,0,16,143,decode,30,8,8,0,0,0,160,0,0,0,0,20,8,2,0,0,0,0,0,0,60,lru,0,0,0,0,0,0,8,8,8,0,0,0,2,0,0,0,0,0,0,0,0,0,0,0,0,13912766841781980735,4,4,0,8,0,0,0,3.8
layer,17,0,16,143,decode,31,8,7,1,347,167,161,41,1,0,1,436,8,15,0,0,0,0,0,0,60,lru,0,0,0,0,0,0,8,7,8,0,1,0,5,0,0,0,0,0,0,0,0,1900544,0,1900544,3,14581777068391917983,4,4,1,8,1,0,0,3.8
layer,17,0,16,143,decode,32,8,3,5,2075,670,151,193,3,0,3,2296,8,14,0,0,0,0,0,0,60,lru,0,0,0,0,0,0,8,3,8,0,5,0,4,0,0,0,0,0,0,0,0,9502720,0,9502720,15,4946725975569381239,4,4,5,8,5,1,0,3.8
layer,17,0,16,143,decode,33,8,4,4,1716,571,157,148,2,0,2,1909,8,17,0,0,0,0,0,0,60,lru,0,0,0,0,0,0,8,4,8,0,4,0,3,0,0,0,0,0,0,0,0,7602176,0,7602176,12,5967559010121167644,4,4,4,8,4,2,0,3.8
layer,17,0,16,143,decode,34,8,5,3,1116,441,144,119,2,0,2,1273,8,14,0,0,0,0,0,0,60,lru,0,0,0,0,0,0,8,5,8,0,3,0,5,0,0,0,0,0,0,0,0,6119424,0,6119424,9,7942688547617361804,4,4,3,8,3,2,0,3.8
layer,17,0,16,143,decode,35,8,5,3,5243,582,157,153,2,0,2,5409,8,18,0,0,0,0,0,0,60,lru,0,0,0,0,0,0,8,5,8,0,3,0,4,0,0,0,0,0,0,0,0,5701632,0,5701632,9,8982013356315847267,4,4,3,8,3,1,0,3.8
layer,17,0,16,143,decode,36,8,5,3,1938,403,153,106,2,0,2,2071,8,3,0,0,0,0,0,0,60,lru,0,0,0,0,0,0,8,5,8,0,3,0,6,0,0,0,0,0,0,0,0,5701632,0,5701632,9,7967472705446822838,4,4,3,8,3,2,0,3.8
layer,17,0,16,143,decode,37,8,1,7,8337,995,155,305,2,0,2,8619,8,7,0,0,0,0,0,0,60,lru,0,0,0,0,0,0,8,1,8,0,7,0,5,0,0,0,0,0,0,0,0,13303808,0,13303808,21,18213062720606978481,4,4,7,8,7,3,0,3.8
layer,17,0,16,143,decode,38,8,4,4,1529,582,143,155,3,0,3,1689,8,3,0,0,0,0,0,0,60,lru,0,0,0,0,0,0,8,4,8,0,4,0,2,0,0,0,0,0,0,0,0,8159232,0,8159232,12,5075305020169880840,4,4,4,8,4,1,0,3.8
layer,17,0,16,143,decode,39,8,2,6,5995,852,671,267,2,0,2,6247,8,6,0,0,0,0,0,0,60,lru,0,0,0,0,0,0,8,2,8,0,6,0,5,0,0,0,0,0,0,0,0,12238848,0,12238848,18,4203132320158444510,4,4,6,8,6,3,0,3.8
request,17,0,16,0,decode,-1,0,0,0,0,0,0,0,0,0,0,0,0,0,0,0,0,0,0,0,0,,94820,672,0,0,18,0,0,0,0,0,0,0,0,0,0,0,0,0,0,0,0,0,0,0,0,0,0,0,0,0,0,0,0,0
