row_type,request_idx,repeat_idx,batch_idx,token_idx,phase,layer,k_required,k_hit,k_miss,ssd_read_us,h2d_us,compute_us,stall_us,pred_us,pred_observe_us,pred_score_us,callback_wall_us,topk_d2h_us,slot_ids_h2d_us,slot_table_h2d_us,eamc_rows_scored,eamc_cosine_us,eamc_score_materialize_us,eamc_score_cache_hits,eamc_score_cache_misses,cache_resident_experts,predictor,request_wall_us,request_end_us,predictor_end_us,predictor_save_us,profile_flush_us,sidecar_write_bytes,routes_required,routes_hit,routes_persistent,k_empty_admit,k_victim_admit,k_scratch,route_rank_us,host_cache_hits,host_cache_misses,host_cache_hit_bytes,host_cache_miss_bytes,host_cache_lookup_us,host_cache_fill_us,host_memcpy_us,host_memcpy_bytes,h2d_bytes,pinned_staging_wait_us,ssd_bytes,ssd_reads,route_hash,sere_secondary_routes,sere_rerouted_routes,sere_original_miss_routes,sere_original_unique_required,sere_original_unique_misses,sere_rerouted_miss_routes,sere_threshold_rejects,sere_similarity_sum
layer,1,0,0,0,prefill,0,176,0,176,972672,31056,27122,2391,1,1,0,978846,27,66,0,0,0,0,0,0,60,lru,0,0,0,0,0,0,1024,0,699,60,0,116,38,0,0,0,0,0,0,0,0,334495744,1150,334495744,528,12219648178270828789,0,0,0,0,0,0,0,0
layer,1,0,0,0,prefill,1,182,0,182,1001182,33897,6847,2906,3,3,0,1007780,23,71,0,0,0,0,0,0,60,lru,0,0,0,0,0,0,1024,0,725,60,0,122,31,0,0,0,0,0,0,0,0,345899008,1410,345899008,546,15277931125921217785,0,0,0,0,0,0,0,0
layer,1,0,0,0,prefill,2,206,0,206,976597,32844,13706,3409,1,1,0,984031,21,34,0,0,0,0,0,0,60,lru,0,0,0,0,0,0,1024,0,628,60,0,146,31,0,0,0,0,0,0,0,0,391512064,1790,391512064,618,17145500094531255386,0,0,0,0,0,0,0,0
layer,1,0,0,0,prefill,3,167,0,167,991015,31124,6700,3031,3,3,0,996955,28,68,0,0,0,0,0,0,60,lru,0,0,0,0,0,0,1024,0,821,60,0,107,31,0,0,0,0,0,0,0,0,317390848,1390,317390848,501,1673858601191253994,0,0,0,0,0,0,0,0
layer,1,0,0,0,prefill,4,124,0,124,877155,27126,4027,2788,1,1,0,881297,21,43,0,0,0,0,0,0,60,lru,0,0,0,0,0,0,1024,0,906,60,0,64,22,0,0,0,0,0,0,0,0,235667456,748,235667456,372,14600063501994671226,0,0,0,0,0,0,0,0
layer,1,0,0,0,prefill,5,133,0,133,845935,25382,4070,3221,2,2,0,850674,15,50,0,0,0,0,0,0,60,lru,0,0,0,0,0,0,1024,0,880,60,0,73,22,0,0,0,0,0,0,0,0,252772352,930,252772352,399,9424053262310121956,0,0,0,0,0,0,0,0
layer,1,0,0,0,prefill,6,124,0,124,796946,28564,3919,2684,2,2,0,801248,16,12,0,0,0,0,0,0,60,lru,0,0,0,0,0,0,1024,0,905,60,0,64,22,0,0,0,0,0,0,0,0,235667456,792,235667456,372,14934414221709185757,0,0,0,0,0,0,0,0
layer,1,0,0,0,prefill,7,116,0,116,646070,30332,3964,2473,2,2,0,650008,15,79,0,0,0,0,0,0,60,lru,0,0,0,0,0,0,1024,0,935,60,0,56,21,0,0,0,0,0,0,0,0,220463104,693,220463104,348,7179905249574162474,0,0,0,0,0,0,0,0
layer,1,0,0,0,prefill,8,97,0,97,575366,26212,3898,2000,1,1,0,578612,14,36,0,0,0,0,0,0,60,lru,0,0,0,0,0,0,1024,0,971,60,0,37,20,0,0,0,0,0,0,0,0,184352768,240,184352768,291,4627850918294769679,0,0,0,0,0,0,0,0
layer,1,0,0,0,prefill,9,112,0,112,616782,25392,3956,2070,2,2,0,620781,13,62,0,0,0,0,0,0,60,lru,0,0,0,0,0,0,1024,0,945,60,0,52,20,0,0,0,0,0,0,0,0,212860928,376,212860928,336,4645575692911528739,0,0,0,0,0,0,0,0
layer,1,0,0,0,prefill,10,118,0,118,646884,29196,2314,2784,2,2,0,650795,22,29,0,0,0,0,0,0,60,lru,0,0,0,0,0,0,1024,0,907,60,0,58,25,0,0,0,0,0,0,0,0,224264192,826,224264192,354,16800884933985854512,0,0,0,0,0,0,0,0
layer,1,0,0,0,prefill,11,120,0,120,666084,29328,4004,3293,2,2,0,669961,16,60,0,0,0,0,0,0,60,lru,0,0,0,0,0,0,1024,0,892,60,0,60,22,0,0,0,0,0,0,0,0,228065280,834,228065280,360,17035824358329450958,0,0,0,0,0,0,0,0
layer,1,0,0,0,prefill,12,119,0,119,658478,29121,1722,2964,1,1,0,662355,13,35,0,0,0,0,0,0,60,lru,0,0,0,0,0,0,1024,0,916,60,0,59,20,0,0,0,0,0,0,0,0,226164736,718,226164736,357,6416490007006528880,0,0,0,0,0,0,0,0
layer,1,0,0,0,prefill,13,112,0,112,622283,26615,3937,2867,2,2,0,625870,14,43,0,0,0,0,0,0,60,lru,0,0,0,0,0,0,1024,0,916,60,0,52,20,0,0,0,0,0,0,0,0,212860928,760,212860928,336,11463464513360716238,0,0,0,0,0,0,0,0
layer,1,0,0,0,prefill,14,114,0,114,625161,26968,3848,2732,1,1,0,628741,14,46,0,0,0,0,0,0,60,lru,0,0,0,0,0,0,1024,0,937,60,0,54,20,0,0,0,0,0,0,0,0,216662016,930,216662016,342,4325479099591672170,0,0,0,0,0,0,0,0
layer,1,0,0,0,prefill,15,124,0,124,679350,30146,4050,2730,2,2,0,683336,16,64,0,0,0,0,0,0,60,lru,0,0,0,0,0,0,1024,0,930,60,0,64,22,0,0,0,0,0,0,0,0,235667456,958,235667456,372,970819422327397207,0,0,0,0,0,0,0,0
layer,1,0,0,0,prefill,16,121,0,121,660757,29402,4036,2715,1,1,0,664602,18,39,0,0,0,0,0,0,60,lru,0,0,0,0,0,0,1024,0,909,60,0,61,22,0,0,0,0,0,0,0,0,229965824,786,229965824,363,14380729604006571084,0,0,0,0,0,0,0,0
layer,1,0,0,0,prefill,17,132,0,132,701584,31505,2799,2979,2,2,0,705846,19,31,0,0,0,0,0,0,60,lru,0,0,0,0,0,0,1024,0,872,60,0,72,23,0,0,0,0,0,0,0,0,250871808,1067,250871808,396,4671307045581148946,0,0,0,0,0,0,0,0
layer,1,0,0,0,prefill,18,130,0,130,696948,29562,3962,3090,1,1,0,701449,15,59,0,0,0,0,0,0,60,lru,0,0,0,0,0,0,1024,0,866,60,0,70,22,0,0,0,0,0,0,0,0,247070720,1339,247070720,390,17898593779164621291,0,0,0,0,0,0,0,0
layer,1,0,0,0,prefill,19,117,0,117,641685,26960,3998,2354,3,3,0,645709,25,31,0,0,0,0,0,0,60,lru,0,0,0,0,0,0,1024,0,922,60,0,57,22,0,0,0,0,0,0,0,0,222363648,538,222363648,351,2163319464759232046,0,0,0,0,0,0,0,0
layer,1,0,0,0,prefill,20,112,0,112,646325,28602,3961,2239,1,1,0,650111,15,47,0,0,0,0,0,0,60,lru,0,0,0,0,0,0,1024,0,942,60,0,52,20,0,0,0,0,0,0,0,0,212860928,454,212860928,336,9921280713898615322,0,0,0,0,0,0,0,0
layer,1,0,0,0,prefill,21,118,0,118,640134,27957,4008,2406,2,2,0,644048,16,39,0,0,0,0,0,0,60,lru,0,0,0,0,0,0,1024,0,936,60,0,58,21,0,0,0,0,0,0,0,0,224264192,561,224264192,354,14809856661791415143,0,0,0,0,0,0,0,0
layer,1,0,0,0,prefill,22,131,0,131,718220,31007,3959,2426,1,1,0,722572,15,42,0,0,0,0,0,0,60,lru,0,0,0,0,0,0,1024,0,868,60,0,71,23,0,0,0,0,0,0,0,0,248971264,763,248971264,393,8380014407405543931,0,0,0,0,0,0,0,0
layer,1,0,0,0,prefill,23,135,0,135,722385,33206,4091,2833,2,2,0,726869,14,51,0,0,0,0,0,0,60,lru,0,0,0,0,0,0,1024,0,882,60,0,75,24,0,0,0,0,0,0,0,0,256573440,899,256573440,405,15581967104037421188,0,0,0,0,0,0,0,0
layer,1,0,0,0,prefill,24,123,0,123,678706,30263,4032,2245,1,1,0,682680,17,65,0,0,0,0,0,0,60,lru,0,0,0,0,0,0,1024,0,913,60,0,63,22,0,0,0,0,0,0,0,0,233766912,632,233766912,369,14789694810599579118,0,0,0,0,0,0,0,0
layer,1,0,0,0,prefill,25,127,0,127,663478,30189,4057,1884,3,3,0,667631,19,52,0,0,0,0,0,0,60,lru,0,0,0,0,0,0,1024,0,895,60,0,67,22,0,0,0,0,0,0,0,0,241369088,487,241369088,381,11689160194476348867,0,0,0,0,0,0,0,0
layer,1,0,0,0,prefill,26,135,0,135,704838,29914,3977,1904,1,1,0,709160,16,64,0,0,0,0,0,0,60,lru,0,0,0,0,0,0,1024,0,887,60,0,75,22,0,0,0,0,0,0,0,0,256573440,507,256573440,405,13178241015007328604,0,0,0,0,0,0,0,0
layer,1,0,0,0,prefill,27,132,0,132,733913,31683,4078,2213,2,2,0,738242,13,58,0,0,0,0,0,0,60,lru,0,0,0,0,0,0,1024,0,881,60,0,72,22,0,0,0,0,0,0,0,0,250871808,618,250871808,396,14846368672667771208,0,0,0,0,0,0,0,0
layer,1,0,0,0,prefill,28,129,0,129,787463,26417,4015,2172,1,1,0,792085,14,14,0,0,0,0,0,0,60,lru,0,0,0,0,0,0,1024,0,850,60,0,69,21,0,0,0,0,0,0,0,0,245170176,646,245170176,387,7888169583796691904,0,0,0,0,0,0,0,0
layer,1,0,0,0,prefill,29,137,0,137,684340,25409,4108,6347,2,2,0,689377,17,42,0,0,0,0,0,0,60,lru,0,0,0,0,0,0,1024,0,822,60,0,77,23,0,0,0,0,0,0,0,0,260374528,903,260374528,411,2104717543554312498,0,0,0,0,0,0,0,0
layer,1,0,0,0,prefill,30,147,0,147,766651,29070,4049,18662,1,1,0,772658,17,41,0,0,0,0,0,0,60,lru,0,0,0,0,0,0,1024,0,834,60,0,87,25,0,0,0,0,0,0,0,0,279379968,1189,279379968,441,2048301277715180987,0,0,0,0,0,0,0,0
layer,1,0,0,0,prefill,31,128,0,128,656936,23501,4017,6004,3,3,0,662263,15,78,0,0,0,0,0,0,60,lru,0,0,0,0,0,0,1024,0,882,60,0,68,21,0,0,0,0,0,0,0,0,243269632,2688,243269632,384,10929869390654555039,0,0,0,0,0,0,0,0
layer,1,0,0,0,prefill,32,138,0,138,694100,28655,4115,3495,2,2,0,699120,32,84,0,0,0,0,0,0,60,lru,0,0,0,0,0,0,1024,0,834,60,0,78,27,0,0,0,0,0,0,0,0,262275072,1620,262275072,414,13826025403527238995,0,0,0,0,0,0,0,0
layer,1,0,0,0,prefill,33,146,0,146,708786,29166,4178,3941,2,2,0,713631,22,96,0,0,0,0,0,0,60,lru,0,0,0,0,0,0,1024,0,821,60,0,86,26,0,0,0,0,0,0,0,0,277479424,1341,277479424,438,13381094655000008861,0,0,0,0,0,0,0,0
layer,1,0,0,0,prefill,34,153,0,153,698539,23268,10884,6083,2,2,0,704412,25,15,0,0,0,0,0,0,60,lru,0,0,0,0,0,0,1024,0,791,60,0,93,30,0,0,0,0,0,0,0,0,312090624,1889,312090624,459,6306605809918136037,0,0,0,0,0,0,0,0
layer,1,0,0,0,prefill,35,138,0,138,695305,14899,4161,6283,2,2,0,701110,21,16,0,0,0,0,0,0,60,lru,0,0,0,0,0,0,1024,0,882,60,0,78,30,0,0,0,0,0,0,0,0,262275072,2528,262275072,414,10396090839241596827,0,0,0,0,0,0,0,0
layer,1,0,0,0,prefill,36,145,0,145,705906,16340,4163,7485,1,1,0,711871,19,67,0,0,0,0,0,0,60,lru,0,0,0,0,0,0,1024,0,848,60,0,85,24,0,0,0,0,0,0,0,0,275578880,2919,275578880,435,3277203410339951116,0,0,0,0,0,0,0,0
layer,1,0,0,0,prefill,37,134,0,134,673875,28535,1960,3351,4,4,0,678401,31,40,0,0,0,0,0,0,60,lru,0,0,0,0,0,0,1024,0,910,60,0,74,52,0,0,0,0,0,0,0,0,254672896,1837,254672896,402,687463232770928696,0,0,0,0,0,0,0,0
layer,1,0,0,0,prefill,38,126,0,126,692808,29227,3990,1991,1,1,0,697022,17,49,0,0,0,0,0,0,60,lru,0,0,0,0,0,0,1024,0,906,60,0,66,23,0,0,0,0,0,0,0,0,257015808,560,257015808,378,3152204717211103003,0,0,0,0,0,0,0,0
layer,1,0,0,0,prefill,39,142,0,142,748531,31359,10904,2748,2,2,0,753344,15,63,0,0,0,0,0,0,60,lru,0,0,0,0,0,0,1024,0,893,60,0,82,24,0,0,0,0,0,0,0,0,289652736,864,289652736,426,18063871893985616342,0,0,0,0,0,0,0,0
request,1,0,0,0,prefill,-1,0,0,0,0,0,0,0,0,0,0,0,0,0,0,0,0,0,0,0,0,,29532189,32518,0,0,19,0,0,0,0,0,0,0,0,0,0,0,0,0,0,0,0,0,0,0,0,0,0,0,0,0,0,0,0,0
layer,2,0,1,128,decode,0,8,3,5,4020,1821,2492,1689,42,0,42,5846,40,30,0,0,0,0,0,0,60,lru,0,0,0,0,0,0,8,3,8,0,5,0,57,0,0,0,0,0,0,0,0,9502720,0,9502720,15,7254485698621351976,0,0,5,8,5,0,0,0
layer,2,0,1,128,decode,1,8,4,4,5975,1046,2509,353,29,1,28,6385,11,30,0,0,0,0,0,0,60,lru,0,0,0,0,0,0,8,4,8,0,4,0,37,0,0,0,0,0,0,0,0,7602176,0,7602176,12,4328414224302126305,0,0,4,8,4,0,0,0
layer,2,0,1,128,decode,2,8,4,4,6866,561,7033,73,31,0,31,7083,8,3,0,0,0,0,0,0,60,lru,0,0,0,0,0,0,8,4,8,0,4,0,23,0,0,0,0,0,0,0,0,7602176,0,7602176,12,1001171307569698806,0,0,4,8,4,0,0,0
layer,2,0,1,128,decode,3,8,2,6,4324,808,2488,181,21,1,20,4612,14,4,0,0,0,0,0,0,60,lru,0,0,0,0,0,0,8,2,8,0,6,0,32,0,0,0,0,0,0,0,0,11403264,0,11403264,18,7879118728736304243,0,0,6,8,6,0,0,0
layer,2,0,1,128,decode,4,8,3,5,5130,713,2472,189,13,0,13,5350,9,4,0,0,0,0,0,0,60,lru,0,0,0,0,0,0,8,3,8,0,5,0,19,0,0,0,0,0,0,0,0,9502720,0,9502720,15,8157219622342567720,0,0,5,8,5,0,0,0
layer,2,0,1,128,decode,5,8,5,3,18776,554,2476,109,16,0,16,18952,8,3,0,0,0,0,0,0,60,lru,0,0,0,0,0,0,8,5,8,0,3,0,17,0,0,0,0,0,0,0,0,5701632,0,5701632,9,11604806328950607740,0,0,3,8,3,0,0,0
layer,2,0,1,128,decode,6,8,7,1,319,165,2446,18,11,0,11,452,9,24,0,0,0,0,0,0,60,lru,0,0,0,0,0,0,8,7,8,0,1,0,20,0,0,0,0,0,0,0,0,1900544,0,1900544,3,9595127914444460934,0,0,1,8,1,0,0,0
layer,2,0,1,128,decode,7,8,7,1,298,164,2477,14,17,0,17,395,8,5,0,0,0,0,0,0,60,lru,0,0,0,0,0,0,8,7,8,0,1,0,14,0,0,0,0,0,0,0,0,1900544,0,1900544,3,6110789278621683118,0,0,1,8,1,0,0,0
layer,2,0,1,128,decode,8,8,7,1,298,218,2485,6,10,0,10,374,8,2,0,0,0,0,0,0,60,lru,0,0,0,0,0,0,8,7,8,0,1,0,11,0,0,0,0,0,0,0,0,1900544,0,1900544,3,11009270682043261506,0,0,1,8,1,0,0,0
layer,2,0,1,128,decode,9,8,6,2,677,206,2486,48,2,0,2,786,8,4,0,0,0,0,0,0,60,lru,0,0,0,0,0,0,8,6,8,0,2,0,12,0,0,0,0,0,0,0,0,3801088,0,3801088,6,11304495276917889214,0,0,2,8,2,0,0,0
layer,2,0,1,128,decode,10,8,4,4,2663,478,2447,105,3,0,3,2877,8,3,0,0,0,0,0,0,60,lru,0,0,0,0,0,0,8,4,8,0,4,0,6,0,0,0,0,0,0,0,0,7602176,0,7602176,12,15803557957215100032,0,0,4,8,4,0,0,0
layer,2,0,1,128,decode,11,8,5,3,1112,448,2484,97,2,0,2,1257,7,6,0,0,0,0,0,0,60,lru,0,0,0,0,0,0,8,5,8,0,3,0,7,0,0,0,0,0,0,0,0,5701632,0,5701632,9,5515690665552396685,0,0,3,8,3,0,0,0
layer,2,0,1,128,decode,12,8,6,2,668,300,2475,126,2,0,2,789,8,4,0,0,0,0,0,0,60,lru,0,0,0,0,0,0,8,6,8,0,2,0,13,0,0,0,0,0,0,0,0,3801088,0,3801088,6,14377724257657132143,0,0,2,8,2,0,0,0
layer,2,0,1,128,decode,13,8,6,2,8718,428,2462,55,2,0,2,8835,8,4,0,0,0,0,0,0,60,lru,0,0,0,0,0,0,8,6,8,0,2,0,7,0,0,0,0,0,0,0,0,3801088,0,3801088,6,1307492344527778106,0,0,2,8,2,0,0,0
layer,2,0,1,128,decode,14,8,7,1,299,152,2469,21,2,0,2,397,8,11,0,0,0,0,0,0,60,lru,0,0,0,0,0,0,8,7,8,0,1,0,7,0,0,0,0,0,0,0,0,1900544,0,1900544,3,4485037701910013768,0,0,1,8,1,0,0,0
layer,2,0,1,128,decode,15,8,8,0,0,0,2491,0,1,1,0,26,8,2,0,0,0,0,0,0,60,lru,0,0,0,0,0,0,8,8,8,0,0,0,4,0,0,0,0,0,0,0,0,0,0,0,0,3980058925024748147,0,0,0,8,0,0,0,0
layer,2,0,1,128,decode,16,8,6,2,589,273,2467,29,3,0,3,679,7,4,0,0,0,0,0,0,60,lru,0,0,0,0,0,0,8,6,8,0,2,0,6,0,0,0,0,0,0,0,0,3801088,0,3801088,6,1520042376657277118,0,0,2,8,2,0,0,0
layer,2,0,1,128,decode,17,8,6,2,650,260,2486,91,4,0,4,811,8,43,0,0,0,0,0,0,60,lru,0,0,0,0,0,0,8,6,8,0,2,0,5,0,0,0,0,0,0,0,0,3801088,0,3801088,6,17242286561999112203,0,0,2,8,2,0,0,0
layer,2,0,1,128,decode,18,8,5,3,1032,412,2464,68,3,0,3,1188,8,11,0,0,0,0,0,0,60,lru,0,0,0,0,0,0,8,5,8,0,3,0,8,0,0,0,0,0,0,0,0,5701632,0,5701632,9,17477815340518167930,0,0,3,8,3,0,0,0
layer,2,0,1,128,decode,19,8,6,2,12824,413,2470,1889,3,1,2,12990,8,50,0,0,0,0,0,0,60,lru,0,0,0,0,0,0,8,6,8,0,2,0,5,0,0,0,0,0,0,0,0,3801088,0,3801088,6,7001027055878190830,0,0,2,8,2,0,0,0
layer,2,0,1,128,decode,20,8,6,2,726,245,2465,119,4,0,4,857,8,11,0,0,0,0,0,0,60,lru,0,0,0,0,0,0,8,6,8,0,2,0,6,0,0,0,0,0,0,0,0,3801088,0,3801088,6,2708815735651456751,0,0,2,8,2,0,0,0
layer,2,0,1,128,decode,21,8,7,1,843,166,2476,228,4,1,3,973,11,5,0,0,0,0,0,0,60,lru,0,0,0,0,0,0,8,7,8,0,1,0,8,0,0,0,0,0,0,0,0,1900544,0,1900544,3,7704508630103240882,0,0,1,8,1,0,0,0
layer,2,0,1,128,decode,22,8,5,3,3738,394,2447,404,4,0,4,3949,11,18,0,0,0,0,0,0,60,lru,0,0,0,0,0,0,8,5,8,0,3,0,7,0,0,0,0,0,0,0,0,5701632,0,5701632,9,1845266412580334140,0,0,3,8,3,0,0,0
layer,2,0,1,128,decode,23,8,6,2,598,252,2421,63,3,0,3,740,8,29,0,0,0,0,0,0,60,lru,0,0,0,0,0,0,8,6,8,0,2,0,5,0,0,0,0,0,0,0,0,3801088,0,3801088,6,11423075746881571236,0,0,2,8,2,0,0,0
layer,2,0,1,128,decode,24,8,5,3,7766,383,2414,2162,5,0,5,7988,11,29,0,0,0,0,0,0,60,lru,0,0,0,0,0,0,8,5,8,0,3,0,5,0,0,0,0,0,0,0,0,5701632,0,5701632,9,12497833297056640796,0,0,3,8,3,0,0,0
layer,2,0,1,128,decode,25,8,4,4,5903,575,2476,344,8,0,8,6087,13,4,0,0,0,0,0,0,60,lru,0,0,0,0,0,0,8,4,8,0,4,0,9,0,0,0,0,0,0,0,0,7602176,0,7602176,12,2469130425578470345,0,0,4,8,4,0,0,0
layer,2,0,1,128,decode,26,8,7,1,341,171,2446,6,2,0,2,439,9,20,0,0,0,0,0,0,60,lru,0,0,0,0,0,0,8,7,8,0,1,0,7,0,0,0,0,0,0,0,0,1900544,0,1900544,3,1053491816991993220,0,0,1,8,1,0,0,0
layer,2,0,1,128,decode,27,8,4,4,1568,522,2481,93,3,1,2,1720,8,4,0,0,0,0,0,0,60,lru,0,0,0,0,0,0,8,4,8,0,4,0,6,0,0,0,0,0,0,0,0,7602176,0,7602176,12,5393886175912153606,0,0,4,8,4,0,0,0
layer,2,0,1,128,decode,28,8,6,2,3352,319,2481,32,1,0,1,3477,8,29,0,0,0,0,0,0,60,lru,0,0,0,0,0,0,8,6,8,0,2,0,8,0,0,0,0,0,0,0,0,3801088,0,3801088,6,15332712752622925119,0,0,2,8,2,0,0,0
layer,2,0,1,128,decode,29,8,4,4,5223,487,2483,549,2,1,1,5454,8,24,0,0,0,0,0,0,60,lru,0,0,0,0,0,0,8,4,8,0,4,0,4,0,0,0,0,0,0,0,0,7602176,0,7602176,12,13375048892650805854,0,0,4,8,4,0,0,0
layer,2,0,1,128,decode,30,8,6,2,1685,286,1631,321,3,0,3,1818,10,3,0,0,0,0,0,0,60,lru,0,0,0,0,0,0,8,6,8,0,2,0,4,0,0,0,0,0,0,0,0,3801088,0,3801088,6,13782977827483029981,0,0,2,8,2,0,0,0
layer,2,0,1,128,decode,31,8,5,3,4541,332,2637,1332,6,0,6,4772,13,3,0,0,0,0,0,0,60,lru,0,0,0,0,0,0,8,5,8,0,3,0,10,0,0,0,0,0,0,0,0,5701632,0,5701632,9,13939020910911204755,0,0,3,8,3,0,0,0
layer,2,0,1,128,decode,32,8,3,5,4344,590,2442,1326,4,0,4,4712,12,23,0,0,0,0,0,0,60,lru,0,0,0,0,0,0,8,3,8,0,5,0,7,0,0,0,0,0,0,0,0,9502720,0,9502720,15,5602116782344715367,0,0,5,8,5,0,0,0
layer,2,0,1,128,decode,33,8,4,4,8075,520,2473,2385,5,0,5,8307,8,4,0,0,0,0,0,0,60,lru,0,0,0,0,0,0,8,4,8,0,4,0,4,0,0,0,0,0,0,0,0,7602176,0,7602176,12,7589832193247832721,0,0,4,8,4,0,0,0
layer,2,0,1,128,decode,34,8,3,5,8950,699,2399,2386,6,0,6,9235,12,5,0,0,0,0,0,0,60,lru,0,0,0,0,0,0,8,3,8,0,5,0,9,0,0,0,0,0,0,0,0,10199040,0,10199040,15,7064816013019935396,0,0,5,8,5,0,0,0
layer,2,0,1,128,decode,35,8,6,2,4945,347,2479,246,3,0,3,5123,8,33,0,0,0,0,0,0,60,lru,0,0,0,0,0,0,8,6,8,0,2,0,5,0,0,0,0,0,0,0,0,3801088,0,3801088,6,9740308546073552789,0,0,2,8,2,0,0,0
layer,2,0,1,128,decode,36,8,3,5,2401,582,2477,197,2,0,2,2613,8,14,0,0,0,0,0,0,60,lru,0,0,0,0,0,0,8,3,8,0,5,0,6,0,0,0,0,0,0,0,0,9502720,0,9502720,15,4623111038456450604,0,0,5,8,5,0,0,0
layer,2,0,1,128,decode,37,8,5,3,7569,494,2413,81,3,0,3,7692,8,3,0,0,0,0,0,0,60,lru,0,0,0,0,0,0,8,5,8,0,3,0,3,0,0,0,0,0,0,0,0,5701632,0,5701632,9,10094418978732537205,0,0,3,8,3,0,0,0
layer,2,0,1,128,decode,38,8,2,6,6027,745,168,153,2,0,2,6260,8,5,0,0,0,0,0,0,60,lru,0,0,0,0,0,0,8,2,8,0,6,0,6,0,0,0,0,0,0,0,0,12238848,0,12238848,18,6002352678584087619,0,0,6,8,6,0,0,0
layer,2,0,1,128,decode,39,8,3,5,11240,758,776,130,2,0,2,11490,8,31,0,0,0,0,0,0,60,lru,0,0,0,0,0,0,8,3,8,0,5,0,3,0,0,0,0,0,0,0,0,10199040,0,10199040,15,12905355854548117940,0,0,5,8,5,0,0,0
request,2,0,1,0,decode,-1,0,0,0,0,0,0,0,0,0,0,0,0,0,0,0,0,0,0,0,0,,267575,759,0,0,26,0,0,0,0,0,0,0,0,0,0,0,0,0,0,0,0,0,0,0,0,0,0,0,0,0,0,0,0,0
layer,3,0,2,129,decode,0,8,2,6,2190,903,2448,187,8,0,8,2441,15,6,0,0,0,0,0,0,60,lru,0,0,0,0,0,0,8,2,8,0,6,0,12,0,0,0,0,0,0,0,0,11403264,0,11403264,18,4009942129221919342,0,0,6,8,6,0,0,0
layer,3,0,2,129,decode,1,8,2,6,8373,968,2445,377,8,0,8,8711,15,35,0,0,0,0,0,0,60,lru,0,0,0,0,0,0,8,2,8,0,6,0,11,0,0,0,0,0,0,0,0,11403264,0,11403264,18,18217181162900242125,0,0,6,8,6,0,0,0
layer,3,0,2,129,decode,2,8,7,1,379,171,2370,18,8,0,8,498,13,16,0,0,0,0,0,0,60,lru,0,0,0,0,0,0,8,7,8,0,1,0,13,0,0,0,0,0,0,0,0,1900544,0,1900544,3,12103677070006543548,0,0,1,8,1,0,0,0
layer,3,0,2,129,decode,3,8,4,4,2715,485,330,71,7,0,7,2883,9,4,0,0,0,0,0,0,60,lru,0,0,0,0,0,0,8,4,8,0,4,0,10,0,0,0,0,0,0,0,0,7602176,0,7602176,12,9198642985979581907,0,0,4,8,4,0,0,0
layer,3,0,2,129,decode,4,8,6,2,1188,233,380,40,7,0,7,1309,9,13,0,0,0,0,0,0,60,lru,0,0,0,0,0,0,8,6,8,0,2,0,10,0,0,0,0,0,0,0,0,3801088,0,3801088,6,316360594592359844,0,0,2,8,2,0,0,0
layer,3,0,2,129,decode,5,8,5,3,944,377,2907,80,7,0,7,1135,9,29,0,0,0,0,0,0,60,lru,0,0,0,0,0,0,8,5,8,0,3,0,9,0,0,0,0,0,0,0,0,5701632,0,5701632,9,10033590023762998123,0,0,3,8,3,0,0,0
layer,3,0,2,129,decode,6,8,7,1,313,207,2445,6,6,0,6,394,10,3,0,0,0,0,0,0,60,lru,0,0,0,0,0,0,8,7,8,0,1,0,12,0,0,0,0,0,0,0,0,1900544,0,1900544,3,15490833820647820463,0,0,1,8,1,0,0,0
layer,3,0,2,129,decode,7,8,8,0,0,0,2445,0,0,0,0,34,9,2,0,0,0,0,0,0,60,lru,0,0,0,0,0,0,8,8,8,0,0,0,8,0,0,0,0,0,0,0,0,0,0,0,0,14146416194496846403,0,0,0,8,0,0,0,0
layer,3,0,2,129,decode,8,8,8,0,0,0,2386,0,0,0,0,34,10,3,0,0,0,0,0,0,60,lru,0,0,0,0,0,0,8,8,8,0,0,0,8,0,0,0,0,0,0,0,0,0,0,0,0,10079190880169119211,0,0,0,8,0,0,0,0
layer,3,0,2,129,decode,9,8,7,1,320,166,2443,7,2,0,2,392,9,4,0,0,0,0,0,0,60,lru,0,0,0,0,0,0,8,7,8,0,1,0,9,0,0,0,0,0,0,0,0,1900544,0,1900544,3,4429355030589802168,0,0,1,8,1,0,0,0
layer,3,0,2,129,decode,10,8,5,3,981,421,2445,72,2,0,2,1165,8,25,0,0,0,0,0,0,60,lru,0,0,0,0,0,0,8,5,8,0,3,0,6,0,0,0,0,0,0,0,0,5701632,0,5701632,9,10057024807057288266,0,0,3,8,3,0,0,0
layer,3,0,2,129,decode,11,8,3,5,3904,708,4670,155,3,0,3,4144,8,15,0,0,0,0,0,0,60,lru,0,0,0,0,0,0,8,3,8,0,5,0,4,0,0,0,0,0,0,0,0,9502720,0,9502720,15,15740224724942159143,0,0,5,8,5,0,0,0
layer,3,0,2,129,decode,12,8,5,3,1074,480,2460,103,2,0,2,1229,13,14,0,0,0,0,0,0,60,lru,0,0,0,0,0,0,8,5,8,0,3,0,10,0,0,0,0,0,0,0,0,5701632,0,5701632,9,6295255665047525046,0,0,3,8,3,0,0,0
layer,3,0,2,129,decode,13,8,4,4,1785,766,4661,143,2,0,2,2014,15,15,0,0,0,0,0,0,60,lru,0,0,0,0,0,0,8,4,8,0,4,0,11,0,0,0,0,0,0,0,0,7602176,0,7602176,12,11415031381658446584,0,0,4,8,4,0,0,0
layer,3,0,2,129,decode,14,8,5,3,8136,594,2415,60,1,0,1,8301,13,29,0,0,0,0,0,0,60,lru,0,0,0,0,0,0,8,5,8,0,3,0,6,0,0,0,0,0,0,0,0,5701632,0,5701632,9,11179997196429510639,0,0,3,8,3,0,0,0
layer,3,0,2,129,decode,15,8,5,3,1029,334,2441,89,2,0,2,1162,10,4,0,0,0,0,0,0,60,lru,0,0,0,0,0,0,8,5,8,0,3,0,7,0,0,0,0,0,0,0,0,5701632,0,5701632,9,7233078550582138417,0,0,3,8,3,0,0,0
layer,3,0,2,129,decode,16,8,5,3,8070,513,2402,91,2,0,2,8266,9,21,0,0,0,0,0,0,60,lru,0,0,0,0,0,0,8,5,8,0,3,0,5,0,0,0,0,0,0,0,0,5701632,0,5701632,9,2510026629505768952,0,0,3,8,3,0,0,0
layer,3,0,2,129,decode,17,8,6,2,767,303,2473,27,1,0,1,855,9,4,0,0,0,0,0,0,60,lru,0,0,0,0,0,0,8,6,8,0,2,0,4,0,0,0,0,0,0,0,0,3801088,0,3801088,6,6072427140901157797,0,0,2,8,2,0,0,0
layer,3,0,2,129,decode,18,8,5,3,2632,390,269,64,1,0,1,2751,9,5,0,0,0,0,0,0,60,lru,0,0,0,0,0,0,8,5,8,0,3,0,5,0,0,0,0,0,0,0,0,5701632,0,5701632,9,13196912883624368847,0,0,3,8,3,0,0,0
layer,3,0,2,129,decode,19,8,8,0,0,0,551,0,0,0,0,29,9,2,0,0,0,0,0,0,60,lru,0,0,0,0,0,0,8,8,8,0,0,0,6,0,0,0,0,0,0,0,0,0,0,0,0,7793243685421675599,0,0,0,8,0,0,0,0
layer,3,0,2,129,decode,20,8,8,0,0,0,360,0,0,0,0,28,10,3,0,0,0,0,0,0,60,lru,0,0,0,0,0,0,8,8,8,0,0,0,5,0,0,0,0,0,0,0,0,0,0,0,0,16033453809180578344,0,0,0,8,0,0,0,0
layer,3,0,2,129,decode,21,8,6,2,8851,403,2452,53,3,0,3,8965,9,5,0,0,0,0,0,0,60,lru,0,0,0,0,0,0,8,6,8,0,2,0,4,0,0,0,0,0,0,0,0,3801088,0,3801088,6,12405822552386308218,0,0,2,8,2,0,0,0
layer,3,0,2,129,decode,22,8,4,4,1610,518,2439,72,2,0,2,1764,8,5,0,0,0,0,0,0,60,lru,0,0,0,0,0,0,8,4,8,0,4,0,7,0,0,0,0,0,0,0,0,7602176,0,7602176,12,2827174252616420466,0,0,4,8,4,0,0,0
layer,3,0,2,129,decode,23,8,1,7,8728,829,2439,115,3,0,3,8959,10,5,0,0,0,0,0,0,60,lru,0,0,0,0,0,0,8,1,8,0,7,0,4,0,0,0,0,0,0,0,0,13303808,0,13303808,21,3672429565504879950,0,0,7,8,7,0,0,0
layer,3,0,2,129,decode,24,8,5,3,879,442,2406,56,3,0,3,989,9,2,0,0,0,0,0,0,60,lru,0,0,0,0,0,0,8,5,8,0,3,0,4,0,0,0,0,0,0,0,0,5701632,0,5701632,9,5993976759942564607,0,0,3,8,3,0,0,0
layer,3,0,2,129,decode,25,8,6,2,591,298,2478,42,3,0,3,681,8,2,0,0,0,0,0,0,60,lru,0,0,0,0,0,0,8,6,8,0,2,0,5,0,0,0,0,0,0,0,0,3801088,0,3801088,6,10142880585772523441,0,0,2,8,2,0,0,0
layer,3,0,2,129,decode,26,8,6,2,583,304,2436,19,2,0,2,677,11,5,0,0,0,0,0,0,60,lru,0,0,0,0,0,0,8,6,8,0,2,0,8,0,0,0,0,0,0,0,0,3801088,0,3801088,6,823042062324727788,0,0,2,8,2,0,0,0
layer,3,0,2,129,decode,27,8,4,4,1180,561,2438,86,3,0,3,1323,9,3,0,0,0,0,0,0,60,lru,0,0,0,0,0,0,8,4,8,0,4,0,5,0,0,0,0,0,0,0,0,7602176,0,7602176,12,17127710065731334612,0,0,4,8,4,0,0,0
layer,3,0,2,129,decode,28,8,5,3,5477,353,2462,71,3,0,3,5609,9,6,0,0,0,0,0,0,60,lru,0,0,0,0,0,0,8,5,8,0,3,0,6,0,0,0,0,0,0,0,0,5701632,0,5701632,9,1662305469876609592,0,0,3,8,3,0,0,0
layer,3,0,2,129,decode,29,8,4,4,1288,529,2439,94,3,0,3,1491,10,23,0,0,0,0,0,0,60,lru,0,0,0,0,0,0,8,4,8,0,4,0,5,0,0,0,0,0,0,0,0,7602176,0,7602176,12,2941479158524053642,0,0,4,8,4,0,0,0
layer,3,0,2,129,decode,30,8,3,5,7018,645,1497,131,2,0,2,7236,8,29,0,0,0,0,0,0,60,lru,0,0,0,0,0,0,8,3,8,0,5,0,5,0,0,0,0,0,0,0,0,9502720,0,9502720,15,2026413415075218670,0,0,5,8,5,0,0,0
layer,3,0,2,129,decode,31,8,2,6,10402,881,2445,142,2,0,2,10632,12,5,0,0,0,0,0,0,60,lru,0,0,0,0,0,0,8,2,8,0,6,0,8,0,0,0,0,0,0,0,0,11403264,0,11403264,18,3826497831044602858,0,0,6,8,6,0,0,0
layer,3,0,2,129,decode,32,8,3,5,3388,622,2458,107,3,0,3,3624,9,40,0,0,0,0,0,0,60,lru,0,0,0,0,0,0,8,3,8,0,5,0,6,0,0,0,0,0,0,0,0,9502720,0,9502720,15,11308038024691896505,0,0,5,8,5,0,0,0
layer,3,0,2,129,decode,33,8,2,6,3103,727,2433,138,2,0,2,3308,10,4,0,0,0,0,0,0,60,lru,0,0,0,0,0,0,8,2,8,0,6,0,6,0,0,0,0,0,0,0,0,11403264,0,11403264,18,6137498437151561856,0,0,6,8,6,0,0,0
layer,3,0,2,129,decode,34,8,3,5,5871,632,2428,109,2,0,2,6056,9,3,0,0,0,0,0,0,60,lru,0,0,0,0,0,0,8,3,8,0,5,0,5,0,0,0,0,0,0,0,0,10199040,0,10199040,15,2924331120764195644,0,0,5,8,5,0,0,0
layer,3,0,2,129,decode,35,8,0,8,9126,1065,2441,176,2,0,2,9387,8,4,0,0,0,0,0,0,60,lru,0,0,0,0,0,0,8,0,8,0,8,0,7,0,0,0,0,0,0,0,0,15204352,0,15204352,24,489601649176824821,0,0,8,8,8,0,0,0
layer,3,0,2,129,decode,36,8,4,4,1326,520,2434,110,2,0,2,1484,9,4,0,0,0,0,0,0,60,lru,0,0,0,0,0,0,8,4,8,0,4,0,6,0,0,0,0,0,0,0,0,7602176,0,7602176,12,6841763421531395713,0,0,4,8,4,0,0,0
layer,3,0,2,129,decode,37,8,2,6,5933,788,2451,110,3,0,3,6136,8,2,0,0,0,0,0,0,60,lru,0,0,0,0,0,0,8,2,8,0,6,0,6,0,0,0,0,0,0,0,0,11403264,0,11403264,18,4838366014700850840,0,0,6,8,6,0,0,0
layer,3,0,2,129,decode,38,8,4,4,1428,521,2428,106,3,0,3,1632,8,10,0,0,0,0,0,0,60,lru,0,0,0,0,0,0,8,4,8,0,4,0,8,0,0,0,0,0,0,0,0,8159232,0,8159232,12,12957776315629321224,0,0,4,8,4,0,0,0
layer,3,0,2,129,decode,39,8,3,5,2324,619,730,141,2,0,2,2577,11,18,0,0,0,0,0,0,60,lru,0,0,0,0,0,0,8,3,8,0,5,0,6,0,0,0,0,0,0,0,0,10199040,0,10199040,15,17451067373868649392,0,0,5,8,5,0,0,0
request,3,0,2,0,decode,-1,0,0,0,0,0,0,0,0,0,0,0,0,0,0,0,0,0,0,0,0,,208045,820,0,0,15,0,0,0,0,0,0,0,0,0,0,0,0,0,0,0,0,0,0,0,0,0,0,0,0,0,0,0,0,0
layer,4,0,3,130,decode,0,8,4,4,1631,479,2398,129,6,0,6,1864,11,41,0,0,0,0,0,0,60,lru,0,0,0,0,0,0,8,4,8,0,4,0,10,0,0,0,0,0,0,0,0,7602176,0,7602176,12,13078433122374814054,0,0,4,8,4,0,0,0
layer,4,0,3,130,decode,1,8,6,2,676,291,2469,24,6,0,6,815,7,17,0,0,0,0,0,0,60,lru,0,0,0,0,0,0,8,6,8,0,2,0,8,0,0,0,0,0,0,0,0,3801088,0,3801088,6,11575009245088819475,0,0,2,8,2,0,0,0
layer,4,0,3,130,decode,2,8,4,4,1360,533,2424,90,7,0,7,1516,7,2,0,0,0,0,0,0,60,lru,0,0,0,0,0,0,8,4,8,0,4,0,7,0,0,0,0,0,0,0,0,7602176,0,7602176,12,12775780078486283939,0,0,4,8,4,0,0,0
layer,4,0,3,130,decode,3,8,7,1,339,178,2403,52,5,0,5,432,7,5,0,0,0,0,0,0,60,lru,0,0,0,0,0,0,8,7,8,0,1,0,7,0,0,0,0,0,0,0,0,1900544,0,1900544,3,12333402507183870269,0,0,1,8,1,0,0,0
layer,4,0,3,130,decode,4,8,7,1,349,132,2449,33,6,0,6,434,7,7,0,0,0,0,0,0,60,lru,0,0,0,0,0,0,8,7,8,0,1,0,7,0,0,0,0,0,0,0,0,1900544,0,1900544,3,1853324992290510841,0,0,1,8,1,0,0,0
layer,4,0,3,130,decode,5,8,6,2,671,349,2458,52,6,0,6,819,7,21,0,0,0,0,0,0,60,lru,0,0,0,0,0,0,8,6,8,0,2,0,7,0,0,0,0,0,0,0,0,3801088,0,3801088,6,1770990968771014973,0,0,2,8,2,0,0,0
layer,4,0,3,130,decode,6,8,5,3,1011,458,2387,108,6,0,6,1163,8,7,0,0,0,0,0,0,60,lru,0,0,0,0,0,0,8,5,8,0,3,0,7,0,0,0,0,0,0,0,0,5701632,0,5701632,9,1916517387032497030,0,0,3,8,3,0,0,0
layer,4,0,3,130,decode,7,8,7,1,416,173,2440,53,7,0,7,529,8,14,0,0,0,0,0,0,60,lru,0,0,0,0,0,0,8,7,8,0,1,0,6,0,0,0,0,0,0,0,0,1900544,0,1900544,3,10163830558002987818,0,0,1,8,1,0,0,0
layer,4,0,3,130,decode,8,8,8,0,0,0,2454,0,0,0,0,25,7,2,0,0,0,0,0,0,60,lru,0,0,0,0,0,0,8,8,8,0,0,0,6,0,0,0,0,0,0,0,0,0,0,0,0,570941305267716897,0,0,0,8,0,0,0,0
layer,4,0,3,130,decode,9,8,8,0,0,0,2450,0,0,0,0,22,7,2,0,0,0,0,0,0,60,lru,0,0,0,0,0,0,8,8,8,0,0,0,6,0,0,0,0,0,0,0,0,0,0,0,0,4306283493099630016,0,0,0,8,0,0,0,0
layer,4,0,3,130,decode,10,8,8,0,0,0,2433,0,0,0,0,20,6,2,0,0,0,0,0,0,60,lru,0,0,0,0,0,0,8,8,8,0,0,0,5,0,0,0,0,0,0,0,0,0,0,0,0,17306499330006666642,0,0,0,8,0,0,0,0
layer,4,0,3,130,decode,11,8,6,2,851,398,2444,157,2,0,2,1040,7,31,0,0,0,0,0,0,60,lru,0,0,0,0,0,0,8,6,8,0,2,0,3,0,0,0,0,0,0,0,0,3801088,0,3801088,6,18278226633603288318,0,0,2,8,2,0,0,0
layer,4,0,3,130,decode,12,8,6,2,989,540,2385,124,1,0,1,1151,8,11,0,0,0,0,0,0,60,lru,0,0,0,0,0,0,8,6,8,0,2,0,5,0,0,0,0,0,0,0,0,3801088,0,3801088,6,13138297533184422298,0,0,2,8,2,0,0,0
layer,4,0,3,130,decode,13,8,6,2,1007,511,2425,220,1,0,1,1180,8,12,0,0,0,0,0,0,60,lru,0,0,0,0,0,0,8,6,8,0,2,0,4,0,0,0,0,0,0,0,0,3801088,0,3801088,6,5465802783897839901,0,0,2,8,2,0,0,0
layer,4,0,3,130,decode,14,8,8,0,0,0,2439,0,0,0,0,20,7,2,0,0,0,0,0,0,60,lru,0,0,0,0,0,0,8,8,8,0,0,0,3,0,0,0,0,0,0,0,0,0,0,0,0,4328350500800064422,0,0,0,8,0,0,0,0
layer,4,0,3,130,decode,15,8,7,1,481,274,2446,23,1,0,1,621,7,17,0,0,0,0,0,0,60,lru,0,0,0,0,0,0,8,7,8,0,1,0,3,0,0,0,0,0,0,0,0,1900544,0,1900544,3,4609160861113935129,0,0,1,8,1,0,0,0
layer,4,0,3,130,decode,16,8,7,1,446,323,2448,104,1,0,1,640,7,26,0,0,0,0,0,0,60,lru,0,0,0,0,0,0,8,7,8,0,1,0,4,0,0,0,0,0,0,0,0,1900544,0,1900544,3,17392070569984965743,0,0,1,8,1,0,0,0
layer,4,0,3,130,decode,17,8,5,3,8746,562,2435,108,3,0,3,8874,7,4,0,0,0,0,0,0,60,lru,0,0,0,0,0,0,8,5,8,0,3,0,3,0,0,0,0,0,0,0,0,5701632,0,5701632,9,3944703500144734787,0,0,3,8,3,0,0,0
layer,4,0,3,130,decode,18,8,7,1,341,155,2384,41,1,0,1,424,7,6,0,0,0,0,0,0,60,lru,0,0,0,0,0,0,8,7,8,0,1,0,3,0,0,0,0,0,0,0,0,1900544,0,1900544,3,2695266850908819127,0,0,1,8,1,0,0,0
layer,4,0,3,130,decode,19,8,6,2,578,294,286,40,3,0,3,701,7,13,0,0,0,0,0,0,60,lru,0,0,0,0,0,0,8,6,8,0,2,0,2,0,0,0,0,0,0,0,0,3801088,0,3801088,6,8376587437975974901,0,0,2,8,2,0,0,0
layer,4,0,3,130,decode,20,8,6,2,584,267,304,100,2,0,2,739,7,38,0,0,0,0,0,0,60,lru,0,0,0,0,0,0,8,6,8,0,2,0,3,0,0,0,0,0,0,0,0,3801088,0,3801088,6,2200470684745981630,0,0,2,8,2,0,0,0
layer,4,0,3,130,decode,21,8,7,1,8693,234,2382,29,2,0,2,8757,7,3,0,0,0,0,0,0,60,lru,0,0,0,0,0,0,8,7,8,0,1,0,3,0,0,0,0,0,0,0,0,1900544,0,1900544,3,12736164035895235971,0,0,1,8,1,0,0,0
layer,4,0,3,130,decode,22,8,8,0,0,0,2414,0,0,0,0,20,7,2,0,0,0,0,0,0,60,lru,0,0,0,0,0,0,8,8,8,0,0,0,3,0,0,0,0,0,0,0,0,0,0,0,0,6839886252152842960,0,0,0,8,0,0,0,0
layer,4,0,3,130,decode,23,8,4,4,2544,524,2442,62,3,0,3,2686,7,4,0,0,0,0,0,0,60,lru,0,0,0,0,0,0,8,4,8,0,4,0,3,0,0,0,0,0,0,0,0,7602176,0,7602176,12,9773553938610774363,0,0,4,8,4,0,0,0
layer,4,0,3,130,decode,24,8,6,2,587,266,2392,49,2,0,2,719,7,29,0,0,0,0,0,0,60,lru,0,0,0,0,0,0,8,6,8,0,2,0,3,0,0,0,0,0,0,0,0,3801088,0,3801088,6,11684343790876133667,0,0,2,8,2,0,0,0
layer,4,0,3,130,decode,25,8,4,4,1180,456,2407,116,2,0,2,1333,7,4,0,0,0,0,0,0,60,lru,0,0,0,0,0,0,8,4,8,0,4,0,4,0,0,0,0,0,0,0,0,7602176,0,7602176,12,6485053647929682663,0,0,4,8,4,0,0,0
layer,4,0,3,130,decode,26,8,6,2,584,256,2452,20,3,0,3,671,7,5,0,0,0,0,0,0,60,lru,0,0,0,0,0,0,8,6,8,0,2,0,3,0,0,0,0,0,0,0,0,3801088,0,3801088,6,14544126732160735497,0,0,2,8,2,0,0,0
layer,4,0,3,130,decode,27,8,5,3,2580,404,2392,50,2,0,2,2707,7,4,0,0,0,0,0,0,60,lru,0,0,0,0,0,0,8,5,8,0,3,0,3,0,0,0,0,0,0,0,0,5701632,0,5701632,9,6823690627152988879,0,0,3,8,3,0,0,0
layer,4,0,3,130,decode,28,8,4,4,1347,503,2424,79,2,0,2,1487,7,4,0,0,0,0,0,0,60,lru,0,0,0,0,0,0,8,4,8,0,4,0,4,0,0,0,0,0,0,0,0,7602176,0,7602176,12,349486446725407584,0,0,4,8,4,0,0,0
layer,4,0,3,130,decode,29,8,3,5,1845,636,2462,99,3,0,3,2010,7,2,0,0,0,0,0,0,60,lru,0,0,0,0,0,0,8,3,8,0,5,0,3,0,0,0,0,0,0,0,0,9502720,0,9502720,15,16199493245887441152,0,0,5,8,5,0,0,0
layer,4,0,3,130,decode,30,8,5,3,1300,368,2433,94,2,0,2,1424,7,2,0,0,0,0,0,0,60,lru,0,0,0,0,0,0,8,5,8,0,3,0,2,0,0,0,0,0,0,0,0,5701632,0,5701632,9,1404569545392261074,0,0,3,8,3,0,0,0
layer,4,0,3,130,decode,31,8,3,5,17703,771,284,123,1,0,1,17897,8,2,0,0,0,0,0,0,60,lru,0,0,0,0,0,0,8,3,8,0,5,0,3,0,0,0,0,0,0,0,0,9502720,0,9502720,15,3716655159948314648,0,0,5,8,5,0,0,0
layer,4,0,3,130,decode,32,8,5,3,2179,357,168,102,2,0,2,2346,8,34,0,0,0,0,0,0,60,lru,0,0,0,0,0,0,8,5,8,0,3,0,2,0,0,0,0,0,0,0,0,5701632,0,5701632,9,16475801543602089066,0,0,3,8,3,0,0,0
layer,4,0,3,130,decode,33,8,6,2,1129,306,2452,25,3,0,3,1218,7,3,0,0,0,0,0,0,60,lru,0,0,0,0,0,0,8,6,8,0,2,0,3,0,0,0,0,0,0,0,0,3801088,0,3801088,6,773282973272797791,0,0,2,8,2,0,0,0
layer,4,0,3,130,decode,34,8,5,3,1792,421,2425,106,2,0,2,1979,7,35,0,0,0,0,0,0,60,lru,0,0,0,0,0,0,8,5,8,0,3,0,3,0,0,0,0,0,0,0,0,6119424,0,6119424,9,11843698614937012962,0,0,3,8,3,0,0,0
layer,4,0,3,130,decode,35,8,3,5,5157,588,2459,82,3,0,3,5329,7,2,0,0,0,0,0,0,60,lru,0,0,0,0,0,0,8,3,8,0,5,0,5,0,0,0,0,0,0,0,0,9502720,0,9502720,15,16302463268942012278,0,0,5,8,5,0,0,0
layer,4,0,3,130,decode,36,8,4,4,1246,492,2446,87,2,0,2,1401,7,3,0,0,0,0,0,0,60,lru,0,0,0,0,0,0,8,4,8,0,4,0,4,0,0,0,0,0,0,0,0,7602176,0,7602176,12,7018357701807364861,0,0,4,8,4,0,0,0
layer,4,0,3,130,decode,37,8,7,1,343,174,2422,9,2,0,2,401,7,4,0,0,0,0,0,0,60,lru,0,0,0,0,0,0,8,7,8,0,1,0,3,0,0,0,0,0,0,0,0,1900544,0,1900544,3,14677570399647814746,0,0,1,8,1,0,0,0
layer,4,0,3,130,decode,38,8,7,1,324,169,2424,19,1,0,1,383,7,2,0,0,0,0,0,0,60,lru,0,0,0,0,0,0,8,7,8,0,1,0,3,0,0,0,0,0,0,0,0,2039808,0,2039808,3,1712043294837794992,0,0,1,8,1,0,0,0
layer,4,0,3,130,decode,39,8,8,0,0,0,766,0,0,0,0,19,7,2,0,0,0,0,0,0,60,lru,0,0,0,0,0,0,8,8,8,0,0,0,2,0,0,0,0,0,0,0,0,0,0,0,0,7106163583469583217,0,0,0,8,0,0,0,0
request,4,0,3,0,decode,-1,0,0,0,0,0,0,0,0,0,0,0,0,0,0,0,0,0,0,0,0,,138517,599,0,0,16,0,0,0,0,0,0,0,0,0,0,0,0,0,0,0,0,0,0,0,0,0,0,0,0,0,0,0,0,0
layer,5,0,4,131,decode,0,8,4,4,1279,494,2445,137,6,0,6,1433,9,4,0,0,0,0,0,0,60,lru,0,0,0,0,0,0,8,4,8,0,4,0,9,0,0,0,0,0,0,0,0,7602176,0,7602176,12,3400594129893413490,0,0,4,8,4,0,0,0
layer,5,0,4,131,decode,1,8,6,2,612,261,2450,31,7,0,7,747,8,9,0,0,0,0,0,0,60,lru,0,0,0,0,0,0,8,6,8,0,2,0,8,0,0,0,0,0,0,0,0,3801088,0,3801088,6,1622631980957341391,0,0,2,8,2,0,0,0
layer,5,0,4,131,decode,2,8,4,4,1232,521,2429,83,8,0,8,1400,7,4,0,0,0,0,0,0,60,lru,0,0,0,0,0,0,8,4,8,0,4,0,7,0,0,0,0,0,0,0,0,7602176,0,7602176,12,12151986283871875465,0,0,4,8,4,0,0,0
layer,5,0,4,131,decode,3,8,6,2,613,240,2457,40,6,0,6,710,7,2,0,0,0,0,0,0,60,lru,0,0,0,0,0,0,8,6,8,0,2,0,7,0,0,0,0,0,0,0,0,3801088,0,3801088,6,2101872403373501589,0,0,2,8,2,0,0,0
layer,5,0,4,131,decode,4,8,8,0,0,0,1862,0,0,0,0,26,8,2,0,0,0,0,0,0,60,lru,0,0,0,0,0,0,8,8,8,0,0,0,7,0,0,0,0,0,0,0,0,0,0,0,0,7622263257878340200,0,0,0,8,0,0,0,0
layer,5,0,4,131,decode,5,8,5,3,919,388,284,111,7,0,7,1119,7,29,0,0,0,0,0,0,60,lru,0,0,0,0,0,0,8,5,8,0,3,0,7,0,0,0,0,0,0,0,0,5701632,0,5701632,9,10729297848827678899,0,0,3,8,3,0,0,0
layer,5,0,4,131,decode,6,8,7,1,345,174,289,68,6,0,6,482,7,39,0,0,0,0,0,0,60,lru,0,0,0,0,0,0,8,7,8,0,1,0,7,0,0,0,0,0,0,0,0,1900544,0,1900544,3,11233681060087091100,0,0,1,8,1,0,0,0
layer,5,0,4,131,decode,7,8,7,1,327,175,181,48,6,0,6,477,7,35,0,0,0,0,0,0,60,lru,0,0,0,0,0,0,8,7,8,0,1,0,6,0,0,0,0,0,0,0,0,1900544,0,1900544,3,4572866224446575980,0,0,1,8,1,0,0,0
layer,5,0,4,131,decode,8,8,7,1,329,185,154,29,5,0,5,424,7,11,0,0,0,0,0,0,60,lru,0,0,0,0,0,0,8,7,8,0,1,0,6,0,0,0,0,0,0,0,0,1900544,0,1900544,3,11283658301612384115,0,0,1,8,1,0,0,0
layer,5,0,4,131,decode,9,8,8,0,0,0,192,0,0,0,0,23,7,2,0,0,0,0,0,0,60,lru,0,0,0,0,0,0,8,8,8,0,0,0,6,0,0,0,0,0,0,0,0,0,0,0,0,13484504841049574415,0,0,0,8,0,0,0,0
layer,5,0,4,131,decode,10,8,5,3,1124,426,2445,134,3,0,3,1315,6,23,0,0,0,0,0,0,60,lru,0,0,0,0,0,0,8,5,8,0,3,0,4,0,0,0,0,0,0,0,0,5701632,0,5701632,9,4476136351447464179,0,0,3,8,3,0,0,0
layer,5,0,4,131,decode,11,8,5,3,4800,473,2429,88,2,0,2,4957,7,17,0,0,0,0,0,0,60,lru,0,0,0,0,0,0,8,5,8,0,3,0,4,0,0,0,0,0,0,0,0,5701632,0,5701632,9,17014989646500328597,0,0,3,8,3,0,0,0
layer,5,0,4,131,decode,12,8,8,0,0,0,2460,0,0,0,0,23,7,2,0,0,0,0,0,0,60,lru,0,0,0,0,0,0,8,8,8,0,0,0,5,0,0,0,0,0,0,0,0,0,0,0,0,14734794718832227792,0,0,0,8,0,0,0,0
layer,5,0,4,131,decode,13,8,6,2,708,357,2459,82,3,0,3,883,7,38,0,0,0,0,0,0,60,lru,0,0,0,0,0,0,8,6,8,0,2,0,3,0,0,0,0,0,0,0,0,3801088,0,3801088,6,12432032490679313371,0,0,2,8,2,0,0,0
layer,5,0,4,131,decode,14,8,6,2,793,400,2423,121,3,0,3,972,7,42,0,0,0,0,0,0,60,lru,0,0,0,0,0,0,8,6,8,0,2,0,3,0,0,0,0,0,0,0,0,3801088,0,3801088,6,7247451678034879876,0,0,2,8,2,0,0,0
layer,5,0,4,131,decode,15,8,8,0,0,0,2421,0,0,0,0,19,7,2,0,0,0,0,0,0,60,lru,0,0,0,0,0,0,8,8,8,0,0,0,3,0,0,0,0,0,0,0,0,0,0,0,0,2485948199125002668,0,0,0,8,0,0,0,0
layer,5,0,4,131,decode,16,8,7,1,492,270,2441,70,1,0,1,606,8,15,0,0,0,0,0,0,60,lru,0,0,0,0,0,0,8,7,8,0,1,0,3,0,0,0,0,0,0,0,0,1900544,0,1900544,3,17102113985525041039,0,0,1,8,1,0,0,0
layer,5,0,4,131,decode,17,8,8,0,0,0,2496,0,0,0,0,21,8,2,0,0,0,0,0,0,60,lru,0,0,0,0,0,0,8,8,8,0,0,0,3,0,0,0,0,0,0,0,0,0,0,0,0,17773955284476637701,0,0,0,8,0,0,0,0
layer,5,0,4,131,decode,18,8,4,4,2445,1002,2422,382,2,0,2,2756,7,27,0,0,0,0,0,0,60,lru,0,0,0,0,0,0,8,4,8,0,4,0,3,0,0,0,0,0,0,0,0,7602176,0,7602176,12,11120440670990586548,0,0,4,8,4,0,0,0
layer,5,0,4,131,decode,19,8,6,2,10432,379,2446,22,3,0,3,10596,8,33,0,0,0,0,0,0,60,lru,0,0,0,0,0,0,8,6,8,0,2,0,2,0,0,0,0,0,0,0,0,3801088,0,3801088,6,13643593954083319596,0,0,2,8,2,0,0,0
layer,5,0,4,131,decode,20,8,7,1,333,159,2415,16,1,0,1,415,7,11,0,0,0,0,0,0,60,lru,0,0,0,0,0,0,8,7,8,0,1,0,2,0,0,0,0,0,0,0,0,1900544,0,1900544,3,5711267723012969154,0,0,1,8,1,0,0,0
layer,5,0,4,131,decode,21,8,5,3,1014,408,2471,104,2,0,2,1181,7,33,0,0,0,0,0,0,60,lru,0,0,0,0,0,0,8,5,8,0,3,0,3,0,0,0,0,0,0,0,0,5701632,0,5701632,9,17202770871405303990,0,0,3,8,3,0,0,0
layer,5,0,4,131,decode,22,8,4,4,1586,544,2437,92,2,0,2,1720,8,2,0,0,0,0,0,0,60,lru,0,0,0,0,0,0,8,4,8,0,4,0,2,0,0,0,0,0,0,0,0,7602176,0,7602176,12,11323238682317171693,0,0,4,8,4,0,0,0
layer,5,0,4,131,decode,23,8,5,3,1209,389,2443,72,2,0,2,1329,7,4,0,0,0,0,0,0,60,lru,0,0,0,0,0,0,8,5,8,0,3,0,3,0,0,0,0,0,0,0,0,5701632,0,5701632,9,11378169629964095589,0,0,3,8,3,0,0,0
layer,5,0,4,131,decode,24,8,5,3,5576,448,153,85,2,0,2,5722,8,19,0,0,0,0,0,0,60,lru,0,0,0,0,0,0,8,5,8,0,3,0,2,0,0,0,0,0,0,0,0,5701632,0,5701632,9,642737552312861904,0,0,3,8,3,0,0,0
layer,5,0,4,131,decode,25,8,5,3,885,388,169,105,2,0,2,1010,7,4,0,0,0,0,0,0,60,lru,0,0,0,0,0,0,8,5,8,0,3,0,3,0,0,0,0,0,0,0,0,5701632,0,5701632,9,9591502922984031972,0,0,3,8,3,0,0,0
layer,5,0,4,131,decode,26,8,6,2,664,255,353,75,2,0,2,823,12,36,0,0,0,0,0,0,60,lru,0,0,0,0,0,0,8,6,8,0,2,0,3,0,0,0,0,0,0,0,0,3801088,0,3801088,6,3570844970938285863,0,0,2,8,2,0,0,0
layer,5,0,4,131,decode,27,8,7,1,320,192,2461,53,2,0,2,423,7,11,0,0,0,0,0,0,60,lru,0,0,0,0,0,0,8,7,8,0,1,0,2,0,0,0,0,0,0,0,0,1900544,0,1900544,3,2826660912016401295,0,0,1,8,1,0,0,0
layer,5,0,4,131,decode,28,8,6,2,6965,456,2465,45,2,0,2,7058,8,2,0,0,0,0,0,0,60,lru,0,0,0,0,0,0,8,6,8,0,2,0,3,0,0,0,0,0,0,0,0,3801088,0,3801088,6,5369409917926287522,0,0,2,8,2,0,0,0
layer,5,0,4,131,decode,29,8,7,1,370,183,2455,12,2,0,2,430,7,3,0,0,0,0,0,0,60,lru,0,0,0,0,0,0,8,7,8,0,1,0,2,0,0,0,0,0,0,0,0,1900544,0,1900544,3,15800816171960023548,0,0,1,8,1,0,0,0
layer,5,0,4,131,decode,30,8,6,2,635,275,2429,47,3,0,3,722,7,4,0,0,0,0,0,0,60,lru,0,0,0,0,0,0,8,6,8,0,2,0,2,0,0,0,0,0,0,0,0,3801088,0,3801088,6,2480561719036154095,0,0,2,8,2,0,0,0
layer,5,0,4,131,decode,31,8,4,4,2259,474,2451,89,2,0,2,2446,8,11,0,0,0,0,0,0,60,lru,0,0,0,0,0,0,8,4,8,0,4,0,2,0,0,0,0,0,0,0,0,7602176,0,7602176,12,9215139832585158939,0,0,4,8,4,0,0,0
layer,5,0,4,131,decode,32,8,6,2,4485,311,2441,59,2,0,2,4604,7,4,0,0,0,0,0,0,60,lru,0,0,0,0,0,0,8,6,8,0,2,0,2,0,0,0,0,0,0,0,0,3801088,0,3801088,6,17220145486454433256,0,0,2,8,2,0,0,0
layer,5,0,4,131,decode,33,8,3,5,1602,619,2382,137,1,0,1,1818,8,24,0,0,0,0,0,0,60,lru,0,0,0,0,0,0,8,3,8,0,5,0,3,0,0,0,0,0,0,0,0,9502720,0,9502720,15,15656000370138031919,0,0,5,8,5,0,0,0
layer,5,0,4,131,decode,34,8,3,5,14847,798,2416,136,1,0,1,15023,8,2,0,0,0,0,0,0,60,lru,0,0,0,0,0,0,8,3,8,0,5,0,2,0,0,0,0,0,0,0,0,10199040,0,10199040,15,17045189215142635089,0,0,5,8,5,0,0,0
layer,5,0,4,131,decode,35,8,4,4,2504,490,769,114,2,0,2,2661,7,2,0,0,0,0,0,0,60,lru,0,0,0,0,0,0,8,4,8,0,4,0,4,0,0,0,0,0,0,0,0,7602176,0,7602176,12,16542348730574328938,0,0,4,8,4,0,0,0
layer,5,0,4,131,decode,36,8,3,5,9887,700,2381,131,1,0,1,10064,7,3,0,0,0,0,0,0,60,lru,0,0,0,0,0,0,8,3,8,0,5,0,4,0,0,0,0,0,0,0,0,9502720,0,9502720,15,12910946500875588137,0,0,5,8,5,0,0,0
layer,5,0,4,131,decode,37,8,3,5,11267,799,2457,93,1,0,1,11439,7,3,0,0,0,0,0,0,60,lru,0,0,0,0,0,0,8,3,8,0,5,0,2,0,0,0,0,0,0,0,0,9502720,0,9502720,15,33755569310992053,0,0,5,8,5,0,0,0
layer,5,0,4,131,decode,38,8,3,5,17212,857,2427,103,1,0,1,17385,7,3,0,0,0,0,0,0,60,lru,0,0,0,0,0,0,8,3,8,0,5,0,3,0,0,0,0,0,0,0,0,10199040,0,10199040,15,10130422597859630102,0,0,5,8,5,0,0,0
layer,5,0,4,131,decode,39,8,3,5,2840,687,759,126,1,0,1,3014,8,2,0,0,0,0,0,0,60,lru,0,0,0,0,0,0,8,3,8,0,5,0,3,0,0,0,0,0,0,0,0,10199040,0,10199040,15,9956223396922161323,0,0,5,8,5,0,0,0
request,5,0,4,0,decode,-1,0,0,0,0,0,0,0,0,0,0,0,0,0,0,0,0,0,0,0,0,,194351,645,0,0,15,0,0,0,0,0,0,0,0,0,0,0,0,0,0,0,0,0,0,0,0,0,0,0,0,0,0,0,0,0
layer,6,0,5,132,decode,0,8,5,3,973,371,169,74,6,0,6,1133,9,17,0,0,0,0,0,0,60,lru,0,0,0,0,0,0,8,5,8,0,3,0,6,0,0,0,0,0,0,0,0,5701632,0,5701632,9,15610980972694094286,0,0,3,8,3,0,0,0
layer,6,0,5,132,decode,1,8,5,3,1002,425,2386,120,5,0,5,1178,7,13,0,0,0,0,0,0,60,lru,0,0,0,0,0,0,8,5,8,0,3,0,6,0,0,0,0,0,0,0,0,5701632,0,5701632,9,17449458381332889499,0,0,3,8,3,0,0,0
layer,6,0,5,132,decode,2,8,6,2,679,333,2449,77,6,0,6,851,6,30,0,0,0,0,0,0,60,lru,0,0,0,0,0,0,8,6,8,0,2,0,5,0,0,0,0,0,0,0,0,3801088,0,3801088,6,3134721206627967915,0,0,2,8,2,0,0,0
layer,6,0,5,132,decode,3,8,8,0,0,0,2447,0,0,0,0,23,7,2,0,0,0,0,0,0,60,lru,0,0,0,0,0,0,8,8,8,0,0,0,5,0,0,0,0,0,0,0,0,0,0,0,0,14141518789528994308,0,0,0,8,0,0,0,0
layer,6,0,5,132,decode,4,8,6,2,686,312,2421,92,6,0,6,867,7,21,0,0,0,0,0,0,60,lru,0,0,0,0,0,0,8,6,8,0,2,0,5,0,0,0,0,0,0,0,0,3801088,0,3801088,6,14448115572799821354,0,0,2,8,2,0,0,0
layer,6,0,5,132,decode,5,8,8,0,0,0,2444,0,0,0,0,24,7,1,0,0,0,0,0,0,60,lru,0,0,0,0,0,0,8,8,8,0,0,0,6,0,0,0,0,0,0,0,0,0,0,0,0,8203506850964219102,0,0,0,8,0,0,0,0
layer,6,0,5,132,decode,6,8,7,1,9382,298,2443,59,5,0,5,9462,7,2,0,0,0,0,0,0,60,lru,0,0,0,0,0,0,8,7,8,0,1,0,5,0,0,0,0,0,0,0,0,1900544,0,1900544,3,11579425286458805463,0,0,1,8,1,0,0,0
layer,6,0,5,132,decode,7,8,8,0,0,0,2443,0,0,0,0,25,8,1,0,0,0,0,0,0,60,lru,0,0,0,0,0,0,8,8,8,0,0,0,5,0,0,0,0,0,0,0,0,0,0,0,0,6325814295367770799,0,0,0,8,0,0,0,0
layer,6,0,5,132,decode,8,8,8,0,0,0,2402,0,0,0,0,24,7,1,0,0,0,0,0,0,60,lru,0,0,0,0,0,0,8,8,8,0,0,0,5,0,0,0,0,0,0,0,0,0,0,0,0,11400584751998252283,0,0,0,8,0,0,0,0
layer,6,0,5,132,decode,9,8,8,0,0,0,2442,0,0,0,0,22,7,1,0,0,0,0,0,0,60,lru,0,0,0,0,0,0,8,8,8,0,0,0,4,0,0,0,0,0,0,0,0,0,0,0,0,6429075898902660739,0,0,0,8,0,0,0,0
layer,6,0,5,132,decode,10,8,7,1,9366,304,2435,64,2,0,2,9526,7,57,0,0,0,0,0,0,60,lru,0,0,0,0,0,0,8,7,8,0,1,0,4,0,0,0,0,0,0,0,0,1900544,0,1900544,3,4990290464386720568,0,0,1,8,1,0,0,0
layer,6,0,5,132,decode,11,8,5,3,1205,391,2447,71,3,0,3,1376,16,13,0,0,0,0,0,0,60,lru,0,0,0,0,0,0,8,5,8,0,3,0,7,0,0,0,0,0,0,0,0,5701632,0,5701632,9,15247785501445456939,0,0,3,8,3,0,0,0
layer,6,0,5,132,decode,12,8,8,0,0,0,2411,0,0,0,0,55,9,3,0,0,0,0,0,0,60,lru,0,0,0,0,0,0,8,8,8,0,0,0,5,0,0,0,0,0,0,0,0,0,0,0,0,12083231595285628373,0,0,0,8,0,0,0,0
layer,6,0,5,132,decode,13,8,7,1,299,105,2447,17,2,0,2,364,7,3,0,0,0,0,0,0,60,lru,0,0,0,0,0,0,8,7,8,0,1,0,4,0,0,0,0,0,0,0,0,1900544,0,1900544,3,2150239712046502437,0,0,1,8,1,0,0,0
layer,6,0,5,132,decode,14,8,8,0,0,0,2438,0,0,0,0,20,7,1,0,0,0,0,0,0,60,lru,0,0,0,0,0,0,8,8,8,0,0,0,3,0,0,0,0,0,0,0,0,0,0,0,0,8227976863087740411,0,0,0,8,0,0,0,0
layer,6,0,5,132,decode,15,8,7,1,298,169,1739,32,2,0,2,394,7,17,0,0,0,0,0,0,60,lru,0,0,0,0,0,0,8,7,8,0,1,0,2,0,0,0,0,0,0,0,0,1900544,0,1900544,3,5124444076929732141,0,0,1,8,1,0,0,0
layer,6,0,5,132,decode,16,8,8,0,0,0,283,0,0,0,0,20,8,2,0,0,0,0,0,0,60,lru,0,0,0,0,0,0,8,8,8,0,0,0,3,0,0,0,0,0,0,0,0,0,0,0,0,6812146839533705059,0,0,0,8,0,0,0,0
layer,6,0,5,132,decode,17,8,6,2,654,299,173,83,2,0,2,791,7,5,0,0,0,0,0,0,60,lru,0,0,0,0,0,0,8,6,8,0,2,0,3,0,0,0,0,0,0,0,0,3801088,0,3801088,6,2069160170718722868,0,0,2,8,2,0,0,0
layer,6,0,5,132,decode,18,8,7,1,379,182,286,17,2,0,2,468,10,14,0,0,0,0,0,0,60,lru,0,0,0,0,0,0,8,7,8,0,1,0,4,0,0,0,0,0,0,0,0,1900544,0,1900544,3,7859556718041150207,0,0,1,8,1,0,0,0
layer,6,0,5,132,decode,19,8,8,0,0,0,160,0,0,0,0,20,7,2,0,0,0,0,0,0,60,lru,0,0,0,0,0,0,8,8,8,0,0,0,3,0,0,0,0,0,0,0,0,0,0,0,0,15535837585450644883,0,0,0,8,0,0,0,0
layer,6,0,5,132,decode,20,8,8,0,0,0,187,0,0,0,0,17,7,2,0,0,0,0,0,0,60,lru,0,0,0,0,0,0,8,8,8,0,0,0,3,0,0,0,0,0,0,0,0,0,0,0,0,2021764723437341438,0,0,0,8,0,0,0,0
layer,6,0,5,132,decode,21,8,8,0,0,0,184,0,0,0,0,17,7,1,0,0,0,0,0,0,60,lru,0,0,0,0,0,0,8,8,8,0,0,0,2,0,0,0,0,0,0,0,0,0,0,0,0,4652052096528580379,0,0,0,8,0,0,0,0
layer,6,0,5,132,decode,22,8,6,2,741,293,2409,119,2,0,2,903,7,35,0,0,0,0,0,0,60,lru,0,0,0,0,0,0,8,6,8,0,2,0,2,0,0,0,0,0,0,0,0,3801088,0,3801088,6,8529610766461585855,0,0,2,8,2,0,0,0
layer,6,0,5,132,decode,23,8,6,2,5913,304,2446,74,2,0,2,6065,14,30,0,0,0,0,0,0,60,lru,0,0,0,0,0,0,8,6,8,0,2,0,3,0,0,0,0,0,0,0,0,3801088,0,3801088,6,1046486653385056053,0,0,2,8,2,0,0,0
layer,6,0,5,132,decode,24,8,7,1,333,154,2428,17,1,0,1,394,7,3,0,0,0,0,0,0,60,lru,0,0,0,0,0,0,8,7,8,0,1,0,2,0,0,0,0,0,0,0,0,1900544,0,1900544,3,3401751833995839702,0,0,1,8,1,0,0,0
layer,6,0,5,132,decode,25,8,7,1,335,206,2460,21,1,0,1,392,7,2,0,0,0,0,0,0,60,lru,0,0,0,0,0,0,8,7,8,0,1,0,3,0,0,0,0,0,0,0,0,1900544,0,1900544,3,1062403057116619292,0,0,1,8,1,0,0,0
layer,6,0,5,132,decode,26,8,6,2,6216,267,2400,79,2,0,2,6378,7,44,0,0,0,0,0,0,60,lru,0,0,0,0,0,0,8,6,8,0,2,0,3,0,0,0,0,0,0,0,0,3801088,0,3801088,6,2872612194498199412,0,0,2,8,2,0,0,0
layer,6,0,5,132,decode,27,8,6,2,7828,404,2439,88,2,0,2,7979,10,35,0,0,0,0,0,0,60,lru,0,0,0,0,0,0,8,6,8,0,2,0,5,0,0,0,0,0,0,0,0,3801088,0,3801088,6,1568692688379747475,0,0,2,8,2,0,0,0
layer,6,0,5,132,decode,28,8,8,0,0,0,2383,0,0,0,0,24,9,2,0,0,0,0,0,0,60,lru,0,0,0,0,0,0,8,8,8,0,0,0,5,0,0,0,0,0,0,0,0,0,0,0,0,5930534549605841630,0,0,0,8,0,0,0,0
layer,6,0,5,132,decode,29,8,7,1,319,151,2429,36,2,0,2,410,7,8,0,0,0,0,0,0,60,lru,0,0,0,0,0,0,8,7,8,0,1,0,3,0,0,0,0,0,0,0,0,1900544,0,1900544,3,14838930993592402681,0,0,1,8,1,0,0,0
layer,6,0,5,132,decode,30,8,7,1,270,215,2440,17,1,0,1,326,7,2,0,0,0,0,0,0,60,lru,0,0,0,0,0,0,8,7,8,0,1,0,3,0,0,0,0,0,0,0,0,1900544,0,1900544,3,7064570917749200368,0,0,1,8,1,0,0,0
layer,6,0,5,132,decode,31,8,8,0,0,0,2449,0,0,0,0,20,7,1,0,0,0,0,0,0,60,lru,0,0,0,0,0,0,8,8,8,0,0,0,3,0,0,0,0,0,0,0,0,0,0,0,0,8541165896115680102,0,0,0,8,0,0,0,0
layer,6,0,5,132,decode,32,8,8,0,0,0,2447,0,0,0,0,17,7,2,0,0,0,0,0,0,60,lru,0,0,0,0,0,0,8,8,8,0,0,0,2,0,0,0,0,0,0,0,0,0,0,0,0,6686968503115412807,0,0,0,8,0,0,0,0
layer,6,0,5,132,decode,33,8,8,0,0,0,2430,0,0,0,0,17,7,2,0,0,0,0,0,0,60,lru,0,0,0,0,0,0,8,8,8,0,0,0,3,0,0,0,0,0,0,0,0,0,0,0,0,8842024197831265810,0,0,0,8,0,0,0,0
layer,6,0,5,132,decode,34,8,4,4,1508,616,2443,76,1,0,1,1673,7,5,0,0,0,0,0,0,60,lru,0,0,0,0,0,0,8,4,8,0,4,0,2,0,0,0,0,0,0,0,0,8159232,0,8159232,12,1202599179270197373,0,0,4,8,4,0,0,0
layer,6,0,5,132,decode,35,8,6,2,711,313,2454,81,2,0,2,812,7,7,0,0,0,0,0,0,60,lru,0,0,0,0,0,0,8,6,8,0,2,0,4,0,0,0,0,0,0,0,0,3801088,0,3801088,6,11704363045727962577,0,0,2,8,2,0,0,0
layer,6,0,5,132,decode,36,8,5,3,6765,435,284,135,3,0,3,6949,8,28,0,0,0,0,0,0,60,lru,0,0,0,0,0,0,8,5,8,0,3,0,3,0,0,0,0,0,0,0,0,5701632,0,5701632,9,4953174148768502360,0,0,3,8,3,0,0,0
layer,6,0,5,132,decode,37,8,7,1,309,154,170,41,1,0,1,425,8,35,0,0,0,0,0,0,60,lru,0,0,0,0,0,0,8,7,8,0,1,0,3,0,0,0,0,0,0,0,0,1900544,0,1900544,3,13470316552562324790,0,0,1,8,1,0,0,0
layer,6,0,5,132,decode,38,8,8,0,0,0,296,0,0,0,0,19,8,2,0,0,0,0,0,0,60,lru,0,0,0,0,0,0,8,8,8,0,0,0,2,0,0,0,0,0,0,0,0,0,0,0,0,2130868707840395316,0,0,0,8,0,0,0,0
layer,6,0,5,132,decode,39,8,8,0,0,0,698,0,0,0,0,17,7,2,0,0,0,0,0,0,60,lru,0,0,0,0,0,0,8,8,8,0,0,0,2,0,0,0,0,0,0,0,0,0,0,0,0,15683553157272064484,0,0,0,8,0,0,0,0
request,6,0,5,0,decode,-1,0,0,0,0,0,0,0,0,0,0,0,0,0,0,0,0,0,0,0,0,,121054,432,0,0,25,0,0,0,0,0,0,0,0,0,0,0,0,0,0,0,0,0,0,0,0,0,0,0,0,0,0,0,0,0
layer,7,0,6,133,decode,0,8,8,0,0,0,2430,0,0,0,0,25,9,2,0,0,0,0,0,0,60,lru,0,0,0,0,0,0,8,8,8,0,0,0,6,0,0,0,0,0,0,0,0,0,0,0,0,14584634930953829151,0,0,0,8,0,0,0,0
layer,7,0,6,133,decode,1,8,7,1,320,184,2454,10,4,0,4,391,8,5,0,0,0,0,0,0,60,lru,0,0,0,0,0,0,8,7,8,0,1,0,5,0,0,0,0,0,0,0,0,1900544,0,1900544,3,1647944905983845704,0,0,1,8,1,0,0,0
layer,7,0,6,133,decode,2,8,8,0,0,0,2439,0,0,0,0,31,8,2,0,0,0,0,0,0,60,lru,0,0,0,0,0,0,8,8,8,0,0,0,5,0,0,0,0,0,0,0,0,0,0,0,0,5649771456362739213,0,0,0,8,0,0,0,0
layer,7,0,6,133,decode,3,8,7,1,336,162,2447,64,4,0,4,468,7,30,0,0,0,0,0,0,60,lru,0,0,0,0,0,0,8,7,8,0,1,0,5,0,0,0,0,0,0,0,0,1900544,0,1900544,3,14991536876391437219,0,0,1,8,1,0,0,0
layer,7,0,6,133,decode,4,8,6,2,5827,293,2451,72,5,0,5,5994,7,38,0,0,0,0,0,0,60,lru,0,0,0,0,0,0,8,6,8,0,2,0,5,0,0,0,0,0,0,0,0,3801088,0,3801088,6,16657590181388164512,0,0,2,8,2,0,0,0
layer,7,0,6,133,decode,5,8,8,0,0,0,2455,0,0,0,0,24,8,2,0,0,0,0,0,0,60,lru,0,0,0,0,0,0,8,8,8,0,0,0,5,0,0,0,0,0,0,0,0,0,0,0,0,435518480981471163,0,0,0,8,0,0,0,0
layer,7,0,6,133,decode,6,8,8,0,0,0,2418,0,0,0,0,22,7,1,0,0,0,0,0,0,60,lru,0,0,0,0,0,0,8,8,8,0,0,0,5,0,0,0,0,0,0,0,0,0,0,0,0,7928278608462058490,0,0,0,8,0,0,0,0
layer,7,0,6,133,decode,7,8,8,0,0,0,2384,0,0,0,0,21,7,1,0,0,0,0,0,0,60,lru,0,0,0,0,0,0,8,8,8,0,0,0,5,0,0,0,0,0,0,0,0,0,0,0,0,18128698979895123948,0,0,0,8,0,0,0,0
layer,7,0,6,133,decode,8,8,8,0,0,0,2430,0,0,0,0,20,7,1,0,0,0,0,0,0,60,lru,0,0,0,0,0,0,8,8,8,0,0,0,5,0,0,0,0,0,0,0,0,0,0,0,0,4131410626577318782,0,0,0,8,0,0,0,0
layer,7,0,6,133,decode,9,8,6,2,723,327,2457,110,3,0,3,870,7,9,0,0,0,0,0,0,60,lru,0,0,0,0,0,0,8,6,8,0,2,0,4,0,0,0,0,0,0,0,0,3801088,0,3801088,6,11009407805879504475,0,0,2,8,2,0,0,0
layer,7,0,6,133,decode,10,8,7,1,345,196,2422,79,1,0,1,473,9,2,0,0,0,0,0,0,60,lru,0,0,0,0,0,0,8,7,8,0,1,0,3,0,0,0,0,0,0,0,0,1900544,0,1900544,3,12060181266177194140,0,0,1,8,1,0,0,0
layer,7,0,6,133,decode,11,8,7,1,458,228,2448,64,1,0,1,571,7,18,0,0,0,0,0,0,60,lru,0,0,0,0,0,0,8,7,8,0,1,0,2,0,0,0,0,0,0,0,0,1900544,0,1900544,3,10675719490284056811,0,0,1,8,1,0,0,0
layer,7,0,6,133,decode,12,8,7,1,897,220,2429,89,1,0,1,1024,7,17,0,0,0,0,0,0,60,lru,0,0,0,0,0,0,8,7,8,0,1,0,2,0,0,0,0,0,0,0,0,1900544,0,1900544,3,422989677180140527,0,0,1,8,1,0,0,0
layer,7,0,6,133,decode,13,8,7,1,467,260,2461,48,1,0,1,545,7,2,0,0,0,0,0,0,60,lru,0,0,0,0,0,0,8,7,8,0,1,0,2,0,0,0,0,0,0,0,0,1900544,0,1900544,3,2967113561196638138,0,0,1,8,1,0,0,0
layer,7,0,6,133,decode,14,8,8,0,0,0,2435,0,0,0,0,18,7,2,0,0,0,0,0,0,60,lru,0,0,0,0,0,0,8,8,8,0,0,0,2,0,0,0,0,0,0,0,0,0,0,0,0,565337509820912240,0,0,0,8,0,0,0,0
layer,7,0,6,133,decode,15,8,8,0,0,0,2448,0,0,0,0,17,7,1,0,0,0,0,0,0,60,lru,0,0,0,0,0,0,8,8,8,0,0,0,2,0,0,0,0,0,0,0,0,0,0,0,0,7469121363658252739,0,0,0,8,0,0,0,0
layer,7,0,6,133,decode,16,8,7,1,518,283,2395,72,1,0,1,629,7,19,0,0,0,0,0,0,60,lru,0,0,0,0,0,0,8,7,8,0,1,0,2,0,0,0,0,0,0,0,0,1900544,0,1900544,3,15888924027943339500,0,0,1,8,1,0,0,0
layer,7,0,6,133,decode,17,8,7,1,514,283,868,53,1,0,1,645,7,13,0,0,0,0,0,0,60,lru,0,0,0,0,0,0,8,7,8,0,1,0,2,0,0,0,0,0,0,0,0,1900544,0,1900544,3,2932991562236931347,0,0,1,8,1,0,0,0
layer,7,0,6,133,decode,18,8,6,2,1187,625,269,187,2,0,2,1403,7,20,0,0,0,0,0,0,60,lru,0,0,0,0,0,0,8,6,8,0,2,0,2,0,0,0,0,0,0,0,0,3801088,0,3801088,6,438982516585210933,0,0,2,8,2,0,0,0
layer,7,0,6,133,decode,19,8,7,1,723,353,170,125,1,0,1,890,8,16,0,0,0,0,0,0,60,lru,0,0,0,0,0,0,8,7,8,0,1,0,2,0,0,0,0,0,0,0,0,1900544,0,1900544,3,18092368337663957141,0,0,1,8,1,0,0,0
layer,7,0,6,133,decode,20,8,8,0,0,0,186,0,0,0,0,18,7,2,0,0,0,0,0,0,60,lru,0,0,0,0,0,0,8,8,8,0,0,0,2,0,0,0,0,0,0,0,0,0,0,0,0,14991146781393439747,0,0,0,8,0,0,0,0
layer,7,0,6,133,decode,21,8,7,1,741,359,530,149,1,0,1,925,7,9,0,0,0,0,0,0,60,lru,0,0,0,0,0,0,8,7,8,0,1,0,2,0,0,0,0,0,0,0,0,1900544,0,1900544,3,6199851057770760871,0,0,1,8,1,0,0,0
layer,7,0,6,133,decode,22,8,7,1,716,351,2495,133,1,0,1,868,7,9,0,0,0,0,0,0,60,lru,0,0,0,0,0,0,8,7,8,0,1,0,2,0,0,0,0,0,0,0,0,1900544,0,1900544,3,14284561742359908294,0,0,1,8,1,0,0,0
layer,7,0,6,133,decode,23,8,5,3,2135,1068,2381,202,2,0,2,2443,7,19,0,0,0,0,0,0,60,lru,0,0,0,0,0,0,8,5,8,0,3,0,2,0,0,0,0,0,0,0,0,5701632,0,5701632,9,10814664558893302466,0,0,3,8,3,0,0,0
layer,7,0,6,133,decode,24,8,8,0,0,0,2429,0,0,0,0,19,7,2,0,0,0,0,0,0,60,lru,0,0,0,0,0,0,8,8,8,0,0,0,2,0,0,0,0,0,0,0,0,0,0,0,0,8712422225338211015,0,0,0,8,0,0,0,0
layer,7,0,6,133,decode,25,8,7,1,660,368,2455,75,1,0,1,823,7,14,0,0,0,0,0,0,60,lru,0,0,0,0,0,0,8,7,8,0,1,0,3,0,0,0,0,0,0,0,0,1900544,0,1900544,3,15416605658770209341,0,0,1,8,1,0,0,0
layer,7,0,6,133,decode,26,8,6,2,1444,708,2424,178,2,0,2,1715,7,29,0,0,0,0,0,0,60,lru,0,0,0,0,0,0,8,6,8,0,2,0,3,0,0,0,0,0,0,0,0,3801088,0,3801088,6,11469750614060719110,0,0,2,8,2,0,0,0
layer,7,0,6,133,decode,27,8,6,2,1436,710,2441,292,2,0,2,1691,7,22,0,0,0,0,0,0,60,lru,0,0,0,0,0,0,8,6,8,0,2,0,2,0,0,0,0,0,0,0,0,3801088,0,3801088,6,13942063358623379087,0,0,2,8,2,0,0,0
layer,7,0,6,133,decode,28,8,8,0,0,0,2453,0,0,0,0,19,7,2,0,0,0,0,0,0,60,lru,0,0,0,0,0,0,8,8,8,0,0,0,2,0,0,0,0,0,0,0,0,0,0,0,0,8555782050677461038,0,0,0,8,0,0,0,0
layer,7,0,6,133,decode,29,8,8,0,0,0,2458,0,0,0,0,16,7,2,0,0,0,0,0,0,60,lru,0,0,0,0,0,0,8,8,8,0,0,0,2,0,0,0,0,0,0,0,0,0,0,0,0,17027066038564261589,0,0,0,8,0,0,0,0
layer,7,0,6,133,decode,30,8,6,2,1575,681,2426,127,2,0,2,1787,7,15,0,0,0,0,0,0,60,lru,0,0,0,0,0,0,8,6,8,0,2,0,2,0,0,0,0,0,0,0,0,3801088,0,3801088,6,12205751357098222980,0,0,2,8,2,0,0,0
layer,7,0,6,133,decode,31,8,7,1,712,367,2447,108,1,0,1,870,8,13,0,0,0,0,0,0,60,lru,0,0,0,0,0,0,8,7,8,0,1,0,2,0,0,0,0,0,0,0,0,1900544,0,1900544,3,880689372480647987,0,0,1,8,1,0,0,0
layer,7,0,6,133,decode,32,8,7,1,727,360,2447,160,1,0,1,924,7,34,0,0,0,0,0,0,60,lru,0,0,0,0,0,0,8,7,8,0,1,0,1,0,0,0,0,0,0,0,0,1900544,0,1900544,3,12594257344383307980,0,0,1,8,1,0,0,0
layer,7,0,6,133,decode,33,8,6,2,1488,696,2460,258,2,0,2,1747,8,15,0,0,0,0,0,0,60,lru,0,0,0,0,0,0,8,6,8,0,2,0,2,0,0,0,0,0,0,0,0,3801088,0,3801088,6,17164091649546952960,0,0,2,8,2,0,0,0
layer,7,0,6,133,decode,34,8,6,2,1621,736,2437,285,3,0,3,1910,7,35,0,0,0,0,0,0,60,lru,0,0,0,0,0,0,8,6,8,0,2,0,2,0,0,0,0,0,0,0,0,4079616,0,4079616,6,4866872266726859318,0,0,2,8,2,0,0,0
layer,7,0,6,133,decode,35,8,8,0,0,0,2443,0,0,0,0,20,7,2,0,0,0,0,0,0,60,lru,0,0,0,0,0,0,8,8,8,0,0,0,3,0,0,0,0,0,0,0,0,0,0,0,0,6395385887242432626,0,0,0,8,0,0,0,0
layer,7,0,6,133,decode,36,8,7,1,709,358,2434,80,1,0,1,853,7,9,0,0,0,0,0,0,60,lru,0,0,0,0,0,0,8,7,8,0,1,0,3,0,0,0,0,0,0,0,0,1900544,0,1900544,3,9834601265632808400,0,0,1,8,1,0,0,0
layer,7,0,6,133,decode,37,8,8,0,0,0,2456,0,0,0,0,18,8,2,0,0,0,0,0,0,60,lru,0,0,0,0,0,0,8,8,8,0,0,0,2,0,0,0,0,0,0,0,0,0,0,0,0,14324612938759395943,0,0,0,8,0,0,0,0
layer,7,0,6,133,decode,38,8,7,1,779,371,2442,120,1,0,1,937,7,29,0,0,0,0,0,0,60,lru,0,0,0,0,0,0,8,7,8,0,1,0,2,0,0,0,0,0,0,0,0,2039808,0,2039808,3,15791738384093204411,0,0,1,8,1,0,0,0
layer,7,0,6,133,decode,39,8,8,0,0,0,766,0,0,0,0,19,8,2,0,0,0,0,0,0,60,lru,0,0,0,0,0,0,8,8,8,0,0,0,2,0,0,0,0,0,0,0,0,0,0,0,0,12292635165651795545,0,0,0,8,0,0,0,0
request,7,0,6,0,decode,-1,0,0,0,0,0,0,0,0,0,0,0,0,0,0,0,0,0,0,0,0,,107783,389,0,0,15,0,0,0,0,0,0,0,0,0,0,0,0,0,0,0,0,0,0,0,0,0,0,0,0,0,0,0,0,0
layer,8,0,7,134,decode,0,8,6,2,1513,703,167,124,4,0,4,1765,9,19,0,0,0,0,0,0,60,lru,0,0,0,0,0,0,8,6,8,0,2,0,4,0,0,0,0,0,0,0,0,3801088,0,3801088,6,10584228295349056680,0,0,2,8,2,0,0,0
layer,8,0,7,134,decode,1,8,5,3,2170,1066,2454,272,4,0,4,2549,7,25,0,0,0,0,0,0,60,lru,0,0,0,0,0,0,8,5,8,0,3,0,3,0,0,0,0,0,0,0,0,5701632,0,5701632,9,15939984125991845485,0,0,3,8,3,0,0,0
layer,8,0,7,134,decode,2,8,6,2,1420,720,2421,153,5,0,5,1650,8,22,0,0,0,0,0,0,60,lru,0,0,0,0,0,0,8,6,8,0,2,0,3,0,0,0,0,0,0,0,0,3801088,0,3801088,6,15323024625919569060,0,0,2,8,2,0,0,0
layer,8,0,7,134,decode,3,8,7,1,719,362,2444,29,3,0,3,878,7,9,0,0,0,0,0,0,60,lru,0,0,0,0,0,0,8,7,8,0,1,0,3,0,0,0,0,0,0,0,0,1900544,0,1900544,3,8976608049551316255,0,0,1,8,1,0,0,0
layer,8,0,7,134,decode,4,8,7,1,724,356,2449,85,3,0,3,887,7,16,0,0,0,0,0,0,60,lru,0,0,0,0,0,0,8,7,8,0,1,0,3,0,0,0,0,0,0,0,0,1900544,0,1900544,3,4092171692777884451,0,0,1,8,1,0,0,0
layer,8,0,7,134,decode,5,8,6,2,1457,720,2458,259,5,0,5,1691,7,16,0,0,0,0,0,0,60,lru,0,0,0,0,0,0,8,6,8,0,2,0,3,0,0,0,0,0,0,0,0,3801088,0,3801088,6,7840827915678869346,0,0,2,8,2,0,0,0
layer,8,0,7,134,decode,6,8,8,0,0,0,2435,0,0,0,0,21,7,1,0,0,0,0,0,0,60,lru,0,0,0,0,0,0,8,8,8,0,0,0,3,0,0,0,0,0,0,0,0,0,0,0,0,12312684450214220778,0,0,0,8,0,0,0,0
layer,8,0,7,134,decode,7,8,7,1,709,356,2437,158,5,0,5,873,7,16,0,0,0,0,0,0,60,lru,0,0,0,0,0,0,8,7,8,0,1,0,3,0,0,0,0,0,0,0,0,1900544,0,1900544,3,15578012894906863435,0,0,1,8,1,0,0,0
layer,8,0,7,134,decode,8,8,8,0,0,0,2437,0,0,0,0,20,7,1,0,0,0,0,0,0,60,lru,0,0,0,0,0,0,8,8,8,0,0,0,3,0,0,0,0,0,0,0,0,0,0,0,0,10650603109760930531,0,0,0,8,0,0,0,0
layer,8,0,7,134,decode,9,8,6,2,1418,729,2455,238,2,0,2,1685,7,30,0,0,0,0,0,0,60,lru,0,0,0,0,0,0,8,6,8,0,2,0,3,0,0,0,0,0,0,0,0,3801088,0,3801088,6,13414451235267130697,0,0,2,8,2,0,0,0
layer,8,0,7,134,decode,10,8,7,1,693,374,2438,137,1,0,1,831,7,19,0,0,0,0,0,0,60,lru,0,0,0,0,0,0,8,7,8,0,1,0,2,0,0,0,0,0,0,0,0,1900544,0,1900544,3,16578778171222674768,0,0,1,8,1,0,0,0
layer,8,0,7,134,decode,11,8,7,1,730,343,2444,142,1,0,1,992,7,27,0,0,0,0,0,0,60,lru,0,0,0,0,0,0,8,7,8,0,1,0,2,0,0,0,0,0,0,0,0,1900544,0,1900544,3,15066477641906294552,0,0,1,8,1,0,0,0
layer,8,0,7,134,decode,12,8,7,1,795,324,2395,153,1,0,1,942,7,6,0,0,0,0,0,0,60,lru,0,0,0,0,0,0,8,7,8,0,1,0,2,0,0,0,0,0,0,0,0,1900544,0,1900544,3,9336492097647315758,0,0,1,8,1,0,0,0
layer,8,0,7,134,decode,13,8,7,1,681,368,2443,102,1,0,1,837,7,12,0,0,0,0,0,0,60,lru,0,0,0,0,0,0,8,7,8,0,1,0,2,0,0,0,0,0,0,0,0,1900544,0,1900544,3,9835829325990543540,0,0,1,8,1,0,0,0
layer,8,0,7,134,decode,14,8,8,0,0,0,2440,0,0,0,0,18,7,2,0,0,0,0,0,0,60,lru,0,0,0,0,0,0,8,8,8,0,0,0,2,0,0,0,0,0,0,0,0,0,0,0,0,14415394135799736092,0,0,0,8,0,0,0,0
layer,8,0,7,134,decode,15,8,7,1,692,354,2446,91,2,0,2,839,7,13,0,0,0,0,0,0,60,lru,0,0,0,0,0,0,8,7,8,0,1,0,2,0,0,0,0,0,0,0,0,1900544,0,1900544,3,5309048943857119085,0,0,1,8,1,0,0,0
layer,8,0,7,134,decode,16,8,8,0,0,0,2430,0,0,0,0,18,7,2,0,0,0,0,0,0,60,lru,0,0,0,0,0,0,8,8,8,0,0,0,2,0,0,0,0,0,0,0,0,0,0,0,0,13183114929465520962,0,0,0,8,0,0,0,0
layer,8,0,7,134,decode,17,8,6,2,1458,715,2448,196,2,0,2,1705,7,2,0,0,0,0,0,0,60,lru,0,0,0,0,0,0,8,6,8,0,2,0,2,0,0,0,0,0,0,0,0,3801088,0,3801088,6,10442307198488243090,0,0,2,8,2,0,0,0
layer,8,0,7,134,decode,18,8,7,1,673,349,2440,139,1,0,1,833,7,16,0,0,0,0,0,0,60,lru,0,0,0,0,0,0,8,7,8,0,1,0,2,0,0,0,0,0,0,0,0,1900544,0,1900544,3,7672228334153086075,0,0,1,8,1,0,0,0
layer,8,0,7,134,decode,19,8,7,1,1424,332,2443,118,1,0,1,1590,8,19,0,0,0,0,0,0,60,lru,0,0,0,0,0,0,8,7,8,0,1,0,2,0,0,0,0,0,0,0,0,1900544,0,1900544,3,10939396380528485044,0,0,1,8,1,0,0,0
layer,8,0,7,134,decode,20,8,7,1,766,347,2441,229,1,0,1,966,8,16,0,0,0,0,0,0,60,lru,0,0,0,0,0,0,8,7,8,0,1,0,2,0,0,0,0,0,0,0,0,1900544,0,1900544,3,4979500611407403266,0,0,1,8,1,0,0,0
layer,8,0,7,134,decode,21,8,7,1,664,351,2405,128,1,0,1,825,8,22,0,0,0,0,0,0,60,lru,0,0,0,0,0,0,8,7,8,0,1,0,2,0,0,0,0,0,0,0,0,1900544,0,1900544,3,8284952912613219394,0,0,1,8,1,0,0,0
layer,8,0,7,134,decode,22,8,7,1,692,356,2270,118,1,0,1,864,8,11,0,0,0,0,0,0,60,lru,0,0,0,0,0,0,8,7,8,0,1,0,2,0,0,0,0,0,0,0,0,1900544,0,1900544,3,6108898310949230812,0,0,1,8,1,0,0,0
layer,8,0,7,134,decode,23,8,6,2,1416,704,282,245,2,0,2,1771,8,25,0,0,0,0,0,0,60,lru,0,0,0,0,0,0,8,6,8,0,2,0,2,0,0,0,0,0,0,0,0,3801088,0,3801088,6,7708496585225284974,0,0,2,8,2,0,0,0
layer,8,0,7,134,decode,24,8,8,0,0,0,335,0,0,0,0,18,8,1,0,0,0,0,0,0,60,lru,0,0,0,0,0,0,8,8,8,0,0,0,2,0,0,0,0,0,0,0,0,0,0,0,0,11266707633966618677,0,0,0,8,0,0,0,0
layer,8,0,7,134,decode,25,8,8,0,0,0,291,0,0,0,0,16,7,1,0,0,0,0,0,0,60,lru,0,0,0,0,0,0,8,8,8,0,0,0,2,0,0,0,0,0,0,0,0,0,0,0,0,9634221919387521182,0,0,0,8,0,0,0,0
layer,8,0,7,134,decode,26,8,8,0,0,0,279,0,0,0,0,16,6,2,0,0,0,0,0,0,60,lru,0,0,0,0,0,0,8,8,8,0,0,0,2,0,0,0,0,0,0,0,0,0,0,0,0,3040583034836899265,0,0,0,8,0,0,0,0
layer,8,0,7,134,decode,27,8,8,0,0,0,160,0,0,0,0,15,6,1,0,0,0,0,0,0,60,lru,0,0,0,0,0,0,8,8,8,0,0,0,1,0,0,0,0,0,0,0,0,0,0,0,0,10591240856553384771,0,0,0,8,0,0,0,0
layer,8,0,7,134,decode,28,8,7,1,715,357,154,50,1,0,1,882,6,9,0,0,0,0,0,0,60,lru,0,0,0,0,0,0,8,7,8,0,1,0,2,0,0,0,0,0,0,0,0,1900544,0,1900544,3,9868132805214989803,0,0,1,8,1,0,0,0
layer,8,0,7,134,decode,29,8,6,2,1503,733,2459,193,2,0,2,1769,7,32,0,0,0,0,0,0,60,lru,0,0,0,0,0,0,8,6,8,0,2,0,1,0,0,0,0,0,0,0,0,3801088,0,3801088,6,7310913964148800969,0,0,2,8,2,0,0,0
layer,8,0,7,134,decode,30,8,7,1,5576,314,2412,89,1,0,1,5706,7,33,0,0,0,0,0,0,60,lru,0,0,0,0,0,0,8,7,8,0,1,0,2,0,0,0,0,0,0,0,0,1900544,0,1900544,3,5627460241545926035,0,0,1,8,1,0,0,0
layer,8,0,7,134,decode,31,8,7,1,274,150,2458,13,1,0,1,378,7,19,0,0,0,0,0,0,60,lru,0,0,0,0,0,0,8,7,8,0,1,0,2,0,0,0,0,0,0,0,0,1900544,0,1900544,3,15568273330266943414,0,0,1,8,1,0,0,0
layer,8,0,7,134,decode,32,8,7,1,331,186,2457,8,1,0,1,388,7,4,0,0,0,0,0,0,60,lru,0,0,0,0,0,0,8,7,8,0,1,0,1,0,0,0,0,0,0,0,0,1900544,0,1900544,3,3069992924836539479,0,0,1,8,1,0,0,0
layer,8,0,7,134,decode,33,8,7,1,349,168,2449,21,1,0,1,407,7,4,0,0,0,0,0,0,60,lru,0,0,0,0,0,0,8,7,8,0,1,0,2,0,0,0,0,0,0,0,0,1900544,0,1900544,3,17798708836369086033,0,0,1,8,1,0,0,0
layer,8,0,7,134,decode,34,8,7,1,332,106,2384,12,2,0,2,388,8,5,0,0,0,0,0,0,60,lru,0,0,0,0,0,0,8,7,8,0,1,0,2,0,0,0,0,0,0,0,0,2039808,0,2039808,3,7923786919620892236,0,0,1,8,1,0,0,0
layer,8,0,7,134,decode,35,8,6,2,1038,292,2447,31,2,0,2,1125,7,3,0,0,0,0,0,0,60,lru,0,0,0,0,0,0,8,6,8,0,2,0,3,0,0,0,0,0,0,0,0,3801088,0,3801088,6,14164962557392448357,0,0,2,8,2,0,0,0
layer,8,0,7,134,decode,36,8,5,3,5106,398,2441,40,2,0,2,5211,7,2,0,0,0,0,0,0,60,lru,0,0,0,0,0,0,8,5,8,0,3,0,2,0,0,0,0,0,0,0,0,5701632,0,5701632,9,9254885118009679634,0,0,3,8,3,0,0,0
layer,8,0,7,134,decode,37,8,7,1,9093,113,2405,38,1,0,1,9157,8,2,0,0,0,0,0,0,60,lru,0,0,0,0,0,0,8,7,8,0,1,0,2,0,0,0,0,0,0,0,0,1900544,0,1900544,3,12067841009327274295,0,0,1,8,1,0,0,0
layer,8,0,7,134,decode,38,8,4,4,8749,611,2410,109,2,0,2,8901,8,4,0,0,0,0,0,0,60,lru,0,0,0,0,0,0,8,4,8,0,4,0,2,0,0,0,0,0,0,0,0,8159232,0,8159232,12,17444688285806079278,0,0,4,8,4,0,0,0
layer,8,0,7,134,decode,39,8,6,2,1163,229,720,71,3,0,3,1303,7,3,0,0,0,0,0,0,60,lru,0,0,0,0,0,0,8,6,8,0,2,0,3,0,0,0,0,0,0,0,0,4079616,0,4079616,6,1695413802963611957,0,0,2,8,2,0,0,0
request,8,0,7,0,decode,-1,0,0,0,0,0,0,0,0,0,0,0,0,0,0,0,0,0,0,0,0,,125878,438,0,0,16,0,0,0,0,0,0,0,0,0,0,0,0,0,0,0,0,0,0,0,0,0,0,0,0,0,0,0,0,0
layer,9,0,8,135,decode,0,8,6,2,677,270,167,68,3,0,3,786,9,4,0,0,0,0,0,0,60,lru,0,0,0,0,0,0,8,6,8,0,2,0,4,0,0,0,0,0,0,0,0,3801088,0,3801088,6,17766553607501442278,0,0,2,8,2,0,0,0
layer,9,0,8,135,decode,1,8,5,3,937,375,2444,101,3,0,3,1078,8,5,0,0,0,0,0,0,60,lru,0,0,0,0,0,0,8,5,8,0,3,0,4,0,0,0,0,0,0,0,0,5701632,0,5701632,9,1948492005036949632,0,0,3,8,3,0,0,0
layer,9,0,8,135,decode,2,8,1,7,7143,996,2415,272,4,0,4,7402,7,2,0,0,0,0,0,0,60,lru,0,0,0,0,0,0,8,1,8,0,7,0,3,0,0,0,0,0,0,0,0,13303808,0,13303808,21,5006948436406637278,0,0,7,8,7,0,0,0
layer,9,0,8,135,decode,3,8,7,1,553,218,2437,4,3,0,3,614,10,2,0,0,0,0,0,0,60,lru,0,0,0,0,0,0,8,7,8,0,1,0,3,0,0,0,0,0,0,0,0,1900544,0,1900544,3,9221909268881073513,0,0,1,8,1,0,0,0
layer,9,0,8,135,decode,4,8,8,0,0,0,2466,0,0,0,0,22,7,1,0,0,0,0,0,0,60,lru,0,0,0,0,0,0,8,8,8,0,0,0,3,0,0,0,0,0,0,0,0,0,0,0,0,18426087518387629342,0,0,0,8,0,0,0,0
layer,9,0,8,135,decode,5,8,4,4,1263,477,2446,107,4,0,4,1407,7,4,0,0,0,0,0,0,60,lru,0,0,0,0,0,0,8,4,8,0,4,0,3,0,0,0,0,0,0,0,0,7602176,0,7602176,12,5089425193703876880,0,0,4,8,4,0,0,0
layer,9,0,8,135,decode,6,8,6,2,611,286,2420,36,5,0,5,722,7,13,0,0,0,0,0,0,60,lru,0,0,0,0,0,0,8,6,8,0,2,0,3,0,0,0,0,0,0,0,0,3801088,0,3801088,6,6485916271933427863,0,0,2,8,2,0,0,0
layer,9,0,8,135,decode,7,8,6,2,551,281,2440,60,4,0,4,650,8,2,0,0,0,0,0,0,60,lru,0,0,0,0,0,0,8,6,8,0,2,0,3,0,0,0,0,0,0,0,0,3801088,0,3801088,6,16110661259385771720,0,0,2,8,2,0,0,0
layer,9,0,8,135,decode,8,8,7,1,6363,184,2445,33,4,0,4,6478,7,5,0,0,0,0,0,0,60,lru,0,0,0,0,0,0,8,7,8,0,1,0,3,0,0,0,0,0,0,0,0,1900544,0,1900544,3,12312999409685858030,0,0,1,8,1,0,0,0
layer,9,0,8,135,decode,9,8,8,0,0,0,2447,0,0,0,0,20,8,2,0,0,0,0,0,0,60,lru,0,0,0,0,0,0,8,8,8,0,0,0,3,0,0,0,0,0,0,0,0,0,0,0,0,1164168202592943972,0,0,0,8,0,0,0,0
layer,9,0,8,135,decode,10,8,7,1,7911,312,2421,31,1,0,1,7971,7,2,0,0,0,0,0,0,60,lru,0,0,0,0,0,0,8,7,8,0,1,0,2,0,0,0,0,0,0,0,0,1900544,0,1900544,3,16230882187073323188,0,0,1,8,1,0,0,0
layer,9,0,8,135,decode,11,8,7,1,3539,168,2448,12,1,0,1,3597,7,3,0,0,0,0,0,0,60,lru,0,0,0,0,0,0,8,7,8,0,1,0,2,0,0,0,0,0,0,0,0,1900544,0,1900544,3,1311277773683376307,0,0,1,8,1,0,0,0
layer,9,0,8,135,decode,12,8,8,0,0,0,2460,0,0,0,0,18,7,1,0,0,0,0,0,0,60,lru,0,0,0,0,0,0,8,8,8,0,0,0,2,0,0,0,0,0,0,0,0,0,0,0,0,2000440737684769920,0,0,0,8,0,0,0,0
layer,9,0,8,135,decode,13,8,6,2,658,281,2451,25,2,0,2,741,7,4,0,0,0,0,0,0,60,lru,0,0,0,0,0,0,8,6,8,0,2,0,2,0,0,0,0,0,0,0,0,3801088,0,3801088,6,16223915796982868159,0,0,2,8,2,0,0,0
layer,9,0,8,135,decode,14,8,7,1,343,171,2422,24,1,0,1,400,8,3,0,0,0,0,0,0,60,lru,0,0,0,0,0,0,8,7,8,0,1,0,2,0,0,0,0,0,0,0,0,1900544,0,1900544,3,16504138498369643397,0,0,1,8,1,0,0,0
layer,9,0,8,135,decode,15,8,7,1,554,128,1165,20,1,0,1,615,8,3,0,0,0,0,0,0,60,lru,0,0,0,0,0,0,8,7,8,0,1,0,2,0,0,0,0,0,0,0,0,1900544,0,1900544,3,17071262489692299336,0,0,1,8,1,0,0,0
layer,9,0,8,135,decode,16,8,5,3,1005,318,312,55,2,0,2,1123,7,4,0,0,0,0,0,0,60,lru,0,0,0,0,0,0,8,5,8,0,3,0,2,0,0,0,0,0,0,0,0,5701632,0,5701632,9,17388171672816517437,0,0,3,8,3,0,0,0
layer,9,0,8,135,decode,17,8,7,1,373,180,169,20,1,0,1,456,8,10,0,0,0,0,0,0,60,lru,0,0,0,0,0,0,8,7,8,0,1,0,2,0,0,0,0,0,0,0,0,1900544,0,1900544,3,10747978746693540413,0,0,1,8,1,0,0,0
layer,9,0,8,135,decode,18,8,7,1,363,179,148,49,1,0,1,450,7,11,0,0,0,0,0,0,60,lru,0,0,0,0,0,0,8,7,8,0,1,0,2,0,0,0,0,0,0,0,0,1900544,0,1900544,3,4294397186138423788,0,0,1,8,1,0,0,0
layer,9,0,8,135,decode,19,8,6,2,2178,330,2456,113,2,0,2,2322,8,33,0,0,0,0,0,0,60,lru,0,0,0,0,0,0,8,6,8,0,2,0,2,0,0,0,0,0,0,0,0,3801088,0,3801088,6,3797850060289924163,0,0,2,8,2,0,0,0
layer,9,0,8,135,decode,20,8,4,4,12629,694,2457,185,2,0,2,12796,7,3,0,0,0,0,0,0,60,lru,0,0,0,0,0,0,8,4,8,0,4,0,2,0,0,0,0,0,0,0,0,7602176,0,7602176,12,4626246891390398488,0,0,4,8,4,0,0,0
layer,9,0,8,135,decode,21,8,7,1,290,229,2453,10,1,0,1,344,7,2,0,0,0,0,0,0,60,lru,0,0,0,0,0,0,8,7,8,0,1,0,2,0,0,0,0,0,0,0,0,1900544,0,1900544,3,13522098140502796080,0,0,1,8,1,0,0,0
layer,9,0,8,135,decode,22,8,8,0,0,0,2424,0,0,0,0,19,7,1,0,0,0,0,0,0,60,lru,0,0,0,0,0,0,8,8,8,0,0,0,2,0,0,0,0,0,0,0,0,0,0,0,0,9077293897511741392,0,0,0,8,0,0,0,0
layer,9,0,8,135,decode,23,8,4,4,12854,637,2457,1273,2,0,2,13024,7,3,0,0,0,0,0,0,60,lru,0,0,0,0,0,0,8,4,8,0,4,0,2,0,0,0,0,0,0,0,0,7602176,0,7602176,12,17165113650498531631,0,0,4,8,4,0,0,0
layer,9,0,8,135,decode,24,8,7,1,282,157,2448,75,3,0,3,369,8,5,0,0,0,0,0,0,60,lru,0,0,0,0,0,0,8,7,8,0,1,0,5,0,0,0,0,0,0,0,0,1900544,0,1900544,3,5528112408869666161,0,0,1,8,1,0,0,0
layer,9,0,8,135,decode,25,8,7,1,288,179,2387,24,1,0,1,410,7,39,0,0,0,0,0,0,60,lru,0,0,0,0,0,0,8,7,8,0,1,0,2,0,0,0,0,0,0,0,0,1900544,0,1900544,3,5528735021160992526,0,0,1,8,1,0,0,0
layer,9,0,8,135,decode,26,8,4,4,3498,503,2506,775,3,0,3,3727,9,34,0,0,0,0,0,0,60,lru,0,0,0,0,0,0,8,4,8,0,4,0,3,0,0,0,0,0,0,0,0,7602176,0,7602176,12,1797920296175844642,0,0,4,8,4,0,0,0
layer,9,0,8,135,decode,27,8,4,4,11609,595,2382,2588,2,0,2,11853,8,30,0,0,0,0,0,0,60,lru,0,0,0,0,0,0,8,4,8,0,4,0,2,0,0,0,0,0,0,0,0,7602176,0,7602176,12,3349962317741404092,0,0,4,8,4,0,0,0
layer,9,0,8,135,decode,28,8,6,2,6219,312,2442,48,2,0,2,6337,8,12,0,0,0,0,0,0,60,lru,0,0,0,0,0,0,8,6,8,0,2,0,2,0,0,0,0,0,0,0,0,3801088,0,3801088,6,18159410097378029887,0,0,2,8,2,0,0,0
layer,9,0,8,135,decode,29,8,5,3,11644,368,2430,2122,2,0,2,11809,7,6,0,0,0,0,0,0,60,lru,0,0,0,0,0,0,8,5,8,0,3,0,2,0,0,0,0,0,0,0,0,5701632,0,5701632,9,658892802405898656,0,0,3,8,3,0,0,0
layer,9,0,8,135,decode,30,8,8,0,0,0,2450,0,0,0,0,27,12,3,0,0,0,0,0,0,60,lru,0,0,0,0,0,0,8,8,8,0,0,0,2,0,0,0,0,0,0,0,0,0,0,0,0,11153524001216942626,0,0,0,8,0,0,0,0
layer,9,0,8,135,decode,31,8,5,3,11609,605,2437,3415,2,0,2,11818,10,32,0,0,0,0,0,0,60,lru,0,0,0,0,0,0,8,5,8,0,3,0,2,0,0,0,0,0,0,0,0,5701632,0,5701632,9,11043407761051304829,0,0,3,8,3,0,0,0
layer,9,0,8,135,decode,32,8,5,3,11956,343,2452,1700,3,0,3,12098,8,3,0,0,0,0,0,0,60,lru,0,0,0,0,0,0,8,5,8,0,3,0,2,0,0,0,0,0,0,0,0,5701632,0,5701632,9,3170754579772526432,0,0,3,8,3,0,0,0
layer,9,0,8,135,decode,33,8,2,6,13483,724,2380,150,2,0,2,13692,8,4,0,0,0,0,0,0,60,lru,0,0,0,0,0,0,8,2,8,0,6,0,3,0,0,0,0,0,0,0,0,11403264,0,11403264,18,1096828206140903151,0,0,6,8,6,0,0,0
layer,9,0,8,135,decode,34,8,7,1,6014,196,2433,25,1,0,1,6101,7,7,0,0,0,0,0,0,60,lru,0,0,0,0,0,0,8,7,8,0,1,0,2,0,0,0,0,0,0,0,0,2039808,0,2039808,3,9983660702439725721,0,0,1,8,1,0,0,0
layer,9,0,8,135,decode,35,8,7,1,368,149,2441,7,1,0,1,429,7,3,0,0,0,0,0,0,60,lru,0,0,0,0,0,0,8,7,8,0,1,0,2,0,0,0,0,0,0,0,0,1900544,0,1900544,3,9186746081147970089,0,0,1,8,1,0,0,0
layer,9,0,8,135,decode,36,8,6,2,575,282,2384,86,2,0,2,702,7,24,0,0,0,0,0,0,60,lru,0,0,0,0,0,0,8,6,8,0,2,0,3,0,0,0,0,0,0,0,0,3801088,0,3801088,6,168553827873682714,0,0,2,8,2,0,0,0
layer,9,0,8,135,decode,37,8,4,4,7987,588,2440,150,2,0,2,8208,7,37,0,0,0,0,0,0,60,lru,0,0,0,0,0,0,8,4,8,0,4,0,2,0,0,0,0,0,0,0,0,7602176,0,7602176,12,7207624911407760740,0,0,4,8,4,0,0,0
layer,9,0,8,135,decode,38,8,5,3,1189,411,2435,83,2,0,2,1325,8,14,0,0,0,0,0,0,60,lru,0,0,0,0,0,0,8,5,8,0,3,0,2,0,0,0,0,0,0,0,0,6119424,0,6119424,9,1070291579223744423,0,0,3,8,3,0,0,0
layer,9,0,8,135,decode,39,8,3,5,13697,684,692,141,2,0,2,13882,7,3,0,0,0,0,0,0,60,lru,0,0,0,0,0,0,8,3,8,0,5,0,2,0,0,0,0,0,0,0,0,10199040,0,10199040,15,16930971845087780111,0,0,5,8,5,0,0,0
request,9,0,8,0,decode,-1,0,0,0,0,0,0,0,0,0,0,0,0,0,0,0,0,0,0,0,0,,225346,607,0,0,21,0,0,0,0,0,0,0,0,0,0,0,0,0,0,0,0,0,0,0,0,0,0,0,0,0,0,0,0,0
layer,10,0,9,136,decode,0,8,6,2,1528,262,2452,56,3,0,3,1653,9,10,0,0,0,0,0,0,60,lru,0,0,0,0,0,0,8,6,8,0,2,0,5,0,0,0,0,0,0,0,0,3801088,0,3801088,6,256183304317158008,0,0,2,8,2,0,0,0
layer,10,0,9,136,decode,1,8,5,3,1030,458,2456,90,4,0,4,1212,8,27,0,0,0,0,0,0,60,lru,0,0,0,0,0,0,8,5,8,0,3,0,4,0,0,0,0,0,0,0,0,5701632,0,5701632,9,4134088012697480474,0,0,3,8,3,0,0,0
layer,10,0,9,136,decode,2,8,6,2,691,326,2432,83,3,0,3,862,8,26,0,0,0,0,0,0,60,lru,0,0,0,0,0,0,8,6,8,0,2,0,3,0,0,0,0,0,0,0,0,3801088,0,3801088,6,11054506302481276366,0,0,2,8,2,0,0,0
layer,10,0,9,136,decode,3,8,6,2,691,269,2442,80,4,0,4,789,7,8,0,0,0,0,0,0,60,lru,0,0,0,0,0,0,8,6,8,0,2,0,3,0,0,0,0,0,0,0,0,3801088,0,3801088,6,1357185653351558521,0,0,2,8,2,0,0,0
layer,10,0,9,136,decode,4,8,6,2,932,358,2395,55,4,0,4,1056,8,9,0,0,0,0,0,0,60,lru,0,0,0,0,0,0,8,6,8,0,2,0,3,0,0,0,0,0,0,0,0,3801088,0,3801088,6,7876943170034613391,0,0,2,8,2,0,0,0
layer,10,0,9,136,decode,5,8,6,2,693,379,2447,80,4,0,4,791,7,2,0,0,0,0,0,0,60,lru,0,0,0,0,0,0,8,6,8,0,2,0,3,0,0,0,0,0,0,0,0,3801088,0,3801088,6,17879656732256625828,0,0,2,8,2,0,0,0
layer,10,0,9,136,decode,6,8,8,0,0,0,2439,0,0,0,0,21,7,2,0,0,0,0,0,0,60,lru,0,0,0,0,0,0,8,8,8,0,0,0,4,0,0,0,0,0,0,0,0,0,0,0,0,1904092008760804848,0,0,0,8,0,0,0,0
layer,10,0,9,136,decode,7,8,8,0,0,0,2455,0,0,0,0,18,7,1,0,0,0,0,0,0,60,lru,0,0,0,0,0,0,8,8,8,0,0,0,3,0,0,0,0,0,0,0,0,0,0,0,0,1660091344714187752,0,0,0,8,0,0,0,0
layer,10,0,9,136,decode,8,8,8,0,0,0,2445,0,0,0,0,18,7,2,0,0,0,0,0,0,60,lru,0,0,0,0,0,0,8,8,8,0,0,0,3,0,0,0,0,0,0,0,0,0,0,0,0,12283578057002322663,0,0,0,8,0,0,0,0
layer,10,0,9,136,decode,9,8,7,1,341,187,2383,36,2,0,2,447,7,9,0,0,0,0,0,0,60,lru,0,0,0,0,0,0,8,7,8,0,1,0,3,0,0,0,0,0,0,0,0,1900544,0,1900544,3,10107830533395532044,0,0,1,8,1,0,0,0
layer,10,0,9,136,decode,10,8,8,0,0,0,2420,0,0,0,0,18,7,1,0,0,0,0,0,0,60,lru,0,0,0,0,0,0,8,8,8,0,0,0,2,0,0,0,0,0,0,0,0,0,0,0,0,3901729132458621724,0,0,0,8,0,0,0,0
layer,10,0,9,136,decode,11,8,8,0,0,0,2455,0,0,0,0,16,7,1,0,0,0,0,0,0,60,lru,0,0,0,0,0,0,8,8,8,0,0,0,2,0,0,0,0,0,0,0,0,0,0,0,0,13185845533284760550,0,0,0,8,0,0,0,0
layer,10,0,9,136,decode,12,8,8,0,0,0,2472,0,0,0,0,16,7,2,0,0,0,0,0,0,60,lru,0,0,0,0,0,0,8,8,8,0,0,0,2,0,0,0,0,0,0,0,0,0,0,0,0,9657029993944277056,0,0,0,8,0,0,0,0
layer,10,0,9,136,decode,13,8,6,2,2283,528,1031,238,2,0,2,2514,7,8,0,0,0,0,0,0,60,lru,0,0,0,0,0,0,8,6,8,0,2,0,2,0,0,0,0,0,0,0,0,3801088,0,3801088,6,464341378819426607,0,0,2,8,2,0,0,0
layer,10,0,9,136,decode,14,8,8,0,0,0,267,0,0,0,0,18,7,1,0,0,0,0,0,0,60,lru,0,0,0,0,0,0,8,8,8,0,0,0,2,0,0,0,0,0,0,0,0,0,0,0,0,15418123109660909935,0,0,0,8,0,0,0,0
layer,10,0,9,136,decode,15,8,8,0,0,0,333,0,0,0,0,17,7,2,0,0,0,0,0,0,60,lru,0,0,0,0,0,0,8,8,8,0,0,0,2,0,0,0,0,0,0,0,0,0,0,0,0,7172804628346935676,0,0,0,8,0,0,0,0
layer,10,0,9,136,decode,16,8,8,0,0,0,290,0,0,0,0,17,7,2,0,0,0,0,0,0,60,lru,0,0,0,0,0,0,8,8,8,0,0,0,2,0,0,0,0,0,0,0,0,0,0,0,0,11226013459689102582,0,0,0,8,0,0,0,0
layer,10,0,9,136,decode,17,8,8,0,0,0,293,0,0,0,0,16,7,2,0,0,0,0,0,0,60,lru,0,0,0,0,0,0,8,8,8,0,0,0,2,0,0,0,0,0,0,0,0,0,0,0,0,4958735092814997066,0,0,0,8,0,0,0,0
layer,10,0,9,136,decode,18,8,7,1,526,289,154,41,1,0,1,699,6,30,0,0,0,0,0,0,60,lru,0,0,0,0,0,0,8,7,8,0,1,0,2,0,0,0,0,0,0,0,0,1900544,0,1900544,3,440481565051333190,0,0,1,8,1,0,0,0
layer,10,0,9,136,decode,19,8,7,1,627,318,161,152,1,0,1,819,7,23,0,0,0,0,0,0,60,lru,0,0,0,0,0,0,8,7,8,0,1,0,2,0,0,0,0,0,0,0,0,1900544,0,1900544,3,3636914449266102055,0,0,1,8,1,0,0,0
layer,10,0,9,136,decode,20,8,6,2,1570,703,2451,189,2,0,2,1795,7,30,0,0,0,0,0,0,60,lru,0,0,0,0,0,0,8,6,8,0,2,0,2,0,0,0,0,0,0,0,0,3801088,0,3801088,6,1481640695958228924,0,0,2,8,2,0,0,0
layer,10,0,9,136,decode,21,8,8,0,0,0,2441,0,0,0,0,18,7,2,0,0,0,0,0,0,60,lru,0,0,0,0,0,0,8,8,8,0,0,0,2,0,0,0,0,0,0,0,0,0,0,0,0,6372748322243033036,0,0,0,8,0,0,0,0
layer,10,0,9,136,decode,22,8,7,1,688,356,2386,136,1,0,1,860,8,28,0,0,0,0,0,0,60,lru,0,0,0,0,0,0,8,7,8,0,1,0,2,0,0,0,0,0,0,0,0,1900544,0,1900544,3,3883574391584390457,0,0,1,8,1,0,0,0
layer,10,0,9,136,decode,23,8,7,1,703,367,2442,59,1,0,1,830,7,19,0,0,0,0,0,0,60,lru,0,0,0,0,0,0,8,7,8,0,1,0,2,0,0,0,0,0,0,0,0,1900544,0,1900544,3,16097460006470681003,0,0,1,8,1,0,0,0
layer,10,0,9,136,decode,24,8,8,0,0,0,2453,0,0,0,0,17,7,1,0,0,0,0,0,0,60,lru,0,0,0,0,0,0,8,8,8,0,0,0,1,0,0,0,0,0,0,0,0,0,0,0,0,17982123898159918898,0,0,0,8,0,0,0,0
layer,10,0,9,136,decode,25,8,7,1,674,343,2444,136,1,0,1,859,7,2,0,0,0,0,0,0,60,lru,0,0,0,0,0,0,8,7,8,0,1,0,2,0,0,0,0,0,0,0,0,1900544,0,1900544,3,11667471829715060801,0,0,1,8,1,0,0,0
layer,10,0,9,136,decode,26,8,8,0,0,0,2429,0,0,0,0,17,7,1,0,0,0,0,0,0,60,lru,0,0,0,0,0,0,8,8,8,0,0,0,2,0,0,0,0,0,0,0,0,0,0,0,0,687042300089688261,0,0,0,8,0,0,0,0
layer,10,0,9,136,decode,27,8,8,0,0,0,2446,0,0,0,0,16,7,1,0,0,0,0,0,0,60,lru,0,0,0,0,0,0,8,8,8,0,0,0,1,0,0,0,0,0,0,0,0,0,0,0,0,10197804202889524642,0,0,0,8,0,0,0,0
layer,10,0,9,136,decode,28,8,6,2,1436,722,2473,98,2,0,2,1689,7,37,0,0,0,0,0,0,60,lru,0,0,0,0,0,0,8,6,8,0,2,0,2,0,0,0,0,0,0,0,0,3801088,0,3801088,6,862835602802075356,0,0,2,8,2,0,0,0
layer,10,0,9,136,decode,29,8,7,1,6480,292,2458,42,1,0,1,6588,7,24,0,0,0,0,0,0,60,lru,0,0,0,0,0,0,8,7,8,0,1,0,2,0,0,0,0,0,0,0,0,1900544,0,1900544,3,8573648783834778450,0,0,1,8,1,0,0,0
layer,10,0,9,136,decode,30,8,7,1,5837,168,2438,20,1,0,1,5893,7,3,0,0,0,0,0,0,60,lru,0,0,0,0,0,0,8,7,8,0,1,0,2,0,0,0,0,0,0,0,0,1900544,0,1900544,3,12225414343385928778,0,0,1,8,1,0,0,0
layer,10,0,9,136,decode,31,8,5,3,1402,369,2463,63,2,0,2,1549,8,12,0,0,0,0,0,0,60,lru,0,0,0,0,0,0,8,5,8,0,3,0,2,0,0,0,0,0,0,0,0,5701632,0,5701632,9,3136707724217711122,0,0,3,8,3,0,0,0
layer,10,0,9,136,decode,32,8,8,0,0,0,2453,0,0,0,0,19,8,2,0,0,0,0,0,0,60,lru,0,0,0,0,0,0,8,8,8,0,0,0,2,0,0,0,0,0,0,0,0,0,0,0,0,12363961511064630396,0,0,0,8,0,0,0,0
layer,10,0,9,136,decode,33,8,6,2,953,270,2444,46,2,0,2,1045,7,3,0,0,0,0,0,0,60,lru,0,0,0,0,0,0,8,6,8,0,2,0,2,0,0,0,0,0,0,0,0,3801088,0,3801088,6,8792502867803693197,0,0,2,8,2,0,0,0
layer,10,0,9,136,decode,34,8,7,1,353,155,2423,25,2,0,2,461,7,13,0,0,0,0,0,0,60,lru,0,0,0,0,0,0,8,7,8,0,1,0,2,0,0,0,0,0,0,0,0,2039808,0,2039808,3,12417754167355375309,0,0,1,8,1,0,0,0
layer,10,0,9,136,decode,35,8,6,2,7571,465,290,66,2,0,2,7666,8,3,0,0,0,0,0,0,60,lru,0,0,0,0,0,0,8,6,8,0,2,0,3,0,0,0,0,0,0,0,0,3801088,0,3801088,6,11977729599320737797,0,0,2,8,2,0,0,0
layer,10,0,9,136,decode,36,8,6,2,700,207,316,43,2,0,2,801,9,3,0,0,0,0,0,0,60,lru,0,0,0,0,0,0,8,6,8,0,2,0,2,0,0,0,0,0,0,0,0,3801088,0,3801088,6,14295789920659678292,0,0,2,8,2,0,0,0
layer,10,0,9,136,decode,37,8,5,3,1021,366,2454,93,2,0,2,1165,6,20,0,0,0,0,0,0,60,lru,0,0,0,0,0,0,8,5,8,0,3,0,1,0,0,0,0,0,0,0,0,5701632,0,5701632,9,12335130773298991040,0,0,3,8,3,0,0,0
layer,10,0,9,136,decode,38,8,5,3,1659,424,2423,64,2,0,2,1772,7,4,0,0,0,0,0,0,60,lru,0,0,0,0,0,0,8,5,8,0,3,0,2,0,0,0,0,0,0,0,0,6119424,0,6119424,9,11792382779347442684,0,0,3,8,3,0,0,0
layer,10,0,9,136,decode,39,8,7,1,5877,162,759,15,1,0,1,5982,8,26,0,0,0,0,0,0,60,lru,0,0,0,0,0,0,8,7,8,0,1,0,2,0,0,0,0,0,0,0,0,2039808,0,2039808,3,16832519235363412535,0,0,1,8,1,0,0,0
request,10,0,9,0,decode,-1,0,0,0,0,0,0,0,0,0,0,0,0,0,0,0,0,0,0,0,0,,128400,422,0,0,16,0,0,0,0,0,0,0,0,0,0,0,0,0,0,0,0,0,0,0,0,0,0,0,0,0,0,0,0,0
layer,11,0,10,137,decode,0,8,7,1,325,177,2457,20,3,0,3,399,8,4,0,0,0,0,0,0,60,lru,0,0,0,0,0,0,8,7,8,0,1,0,5,0,0,0,0,0,0,0,0,1900544,0,1900544,3,13752061682182859772,0,0,1,8,1,0,0,0
layer,11,0,10,137,decode,1,8,6,2,612,285,2443,63,4,0,4,733,8,9,0,0,0,0,0,0,60,lru,0,0,0,0,0,0,8,6,8,0,2,0,3,0,0,0,0,0,0,0,0,3801088,0,3801088,6,3671770091983518084,0,0,2,8,2,0,0,0
layer,11,0,10,137,decode,2,8,4,4,1254,510,2365,78,3,0,3,1396,8,4,0,0,0,0,0,0,60,lru,0,0,0,0,0,0,8,4,8,0,4,0,4,0,0,0,0,0,0,0,0,7602176,0,7602176,12,9502492281645903271,0,0,4,8,4,0,0,0
layer,11,0,10,137,decode,3,8,4,4,5963,600,2443,209,4,0,4,6188,8,33,0,0,0,0,0,0,60,lru,0,0,0,0,0,0,8,4,8,0,4,0,4,0,0,0,0,0,0,0,0,7602176,0,7602176,12,9784137220707317288,0,0,4,8,4,0,0,0
layer,11,0,10,137,decode,4,8,5,3,7214,385,284,110,4,0,4,7378,8,17,0,0,0,0,0,0,60,lru,0,0,0,0,0,0,8,5,8,0,3,0,3,0,0,0,0,0,0,0,0,5701632,0,5701632,9,3162804470617996141,0,0,3,8,3,0,0,0
layer,11,0,10,137,decode,5,8,6,2,686,255,169,55,3,0,3,787,8,3,0,0,0,0,0,0,60,lru,0,0,0,0,0,0,8,6,8,0,2,0,3,0,0,0,0,0,0,0,0,3801088,0,3801088,6,5209220739066450078,0,0,2,8,2,0,0,0
layer,11,0,10,137,decode,6,8,7,1,347,152,148,27,4,0,4,439,8,20,0,0,0,0,0,0,60,lru,0,0,0,0,0,0,8,7,8,0,1,0,3,0,0,0,0,0,0,0,0,1900544,0,1900544,3,3897460784983115726,0,0,1,8,1,0,0,0
layer,11,0,10,137,decode,7,8,7,1,321,161,161,53,3,0,3,388,7,3,0,0,0,0,0,0,60,lru,0,0,0,0,0,0,8,7,8,0,1,0,3,0,0,0,0,0,0,0,0,1900544,0,1900544,3,10441621081237985884,0,0,1,8,1,0,0,0
layer,11,0,10,137,decode,8,8,6,2,2358,286,2460,52,5,0,5,2449,7,3,0,0,0,0,0,0,60,lru,0,0,0,0,0,0,8,6,8,0,2,0,3,0,0,0,0,0,0,0,0,3801088,0,3801088,6,13708950532611813882,0,0,2,8,2,0,0,0
layer,11,0,10,137,decode,9,8,8,0,0,0,2446,0,0,0,0,19,8,1,0,0,0,0,0,0,60,lru,0,0,0,0,0,0,8,8,8,0,0,0,3,0,0,0,0,0,0,0,0,0,0,0,0,4495025657307624376,0,0,0,8,0,0,0,0
layer,11,0,10,137,decode,10,8,7,1,1986,166,2426,21,1,0,1,2042,7,3,0,0,0,0,0,0,60,lru,0,0,0,0,0,0,8,7,8,0,1,0,2,0,0,0,0,0,0,0,0,1900544,0,1900544,3,4557210866926226125,0,0,1,8,1,0,0,0
layer,11,0,10,137,decode,11,8,6,2,9145,343,2422,58,2,0,2,9234,7,3,0,0,0,0,0,0,60,lru,0,0,0,0,0,0,8,6,8,0,2,0,2,0,0,0,0,0,0,0,0,3801088,0,3801088,6,1691102136812413906,0,0,2,8,2,0,0,0
layer,11,0,10,137,decode,12,8,8,0,0,0,2445,0,0,0,0,21,10,1,0,0,0,0,0,0,60,lru,0,0,0,0,0,0,8,8,8,0,0,0,2,0,0,0,0,0,0,0,0,0,0,0,0,12997929092757780834,0,0,0,8,0,0,0,0
layer,11,0,10,137,decode,13,8,6,2,7863,296,2384,79,2,0,2,7997,7,25,0,0,0,0,0,0,60,lru,0,0,0,0,0,0,8,6,8,0,2,0,2,0,0,0,0,0,0,0,0,3801088,0,3801088,6,9034438458927865456,0,0,2,8,2,0,0,0
layer,11,0,10,137,decode,14,8,7,1,339,151,2412,32,1,0,1,415,7,12,0,0,0,0,0,0,60,lru,0,0,0,0,0,0,8,7,8,0,1,0,2,0,0,0,0,0,0,0,0,1900544,0,1900544,3,17170889658984669062,0,0,1,8,1,0,0,0
layer,11,0,10,137,decode,15,8,7,1,313,200,2458,10,1,0,1,372,8,4,0,0,0,0,0,0,60,lru,0,0,0,0,0,0,8,7,8,0,1,0,2,0,0,0,0,0,0,0,0,1900544,0,1900544,3,5412050933553075746,0,0,1,8,1,0,0,0
layer,11,0,10,137,decode,16,8,7,1,306,104,2454,26,1,0,1,371,7,4,0,0,0,0,0,0,60,lru,0,0,0,0,0,0,8,7,8,0,1,0,2,0,0,0,0,0,0,0,0,1900544,0,1900544,3,11974962715807655381,0,0,1,8,1,0,0,0
layer,11,0,10,137,decode,17,8,7,1,301,163,2441,23,1,0,1,377,8,4,0,0,0,0,0,0,60,lru,0,0,0,0,0,0,8,7,8,0,1,0,2,0,0,0,0,0,0,0,0,1900544,0,1900544,3,10794085220456199734,0,0,1,8,1,0,0,0
layer,11,0,10,137,decode,18,8,8,0,0,0,2367,0,0,0,0,18,8,2,0,0,0,0,0,0,60,lru,0,0,0,0,0,0,8,8,8,0,0,0,2,0,0,0,0,0,0,0,0,0,0,0,0,15799263491683995394,0,0,0,8,0,0,0,0
layer,11,0,10,137,decode,19,8,7,1,286,156,2439,38,1,0,1,350,7,4,0,0,0,0,0,0,60,lru,0,0,0,0,0,0,8,7,8,0,1,0,2,0,0,0,0,0,0,0,0,1900544,0,1900544,3,17988190696867751455,0,0,1,8,1,0,0,0
layer,11,0,10,137,decode,20,8,6,2,8890,389,283,60,2,0,2,9015,7,19,0,0,0,0,0,0,60,lru,0,0,0,0,0,0,8,6,8,0,2,0,1,0,0,0,0,0,0,0,0,3801088,0,3801088,6,4900092950834999578,0,0,2,8,2,0,0,0
layer,11,0,10,137,decode,21,8,8,0,0,0,337,0,0,0,0,19,8,2,0,0,0,0,0,0,60,lru,0,0,0,0,0,0,8,8,8,0,0,0,2,0,0,0,0,0,0,0,0,0,0,0,0,11927863681752624834,0,0,0,8,0,0,0,0
layer,11,0,10,137,decode,22,8,7,1,296,112,274,36,1,0,1,368,7,5,0,0,0,0,0,0,60,lru,0,0,0,0,0,0,8,7,8,0,1,0,2,0,0,0,0,0,0,0,0,1900544,0,1900544,3,10061796546347833215,0,0,1,8,1,0,0,0
layer,11,0,10,137,decode,23,8,7,1,648,159,296,15,1,0,1,705,7,2,0,0,0,0,0,0,60,lru,0,0,0,0,0,0,8,7,8,0,1,0,2,0,0,0,0,0,0,0,0,1900544,0,1900544,3,7040921833537564862,0,0,1,8,1,0,0,0
layer,11,0,10,137,decode,24,8,8,0,0,0,153,0,0,0,0,17,6,2,0,0,0,0,0,0,60,lru,0,0,0,0,0,0,8,8,8,0,0,0,2,0,0,0,0,0,0,0,0,0,0,0,0,5071179296124846802,0,0,0,8,0,0,0,0
layer,11,0,10,137,decode,25,8,6,2,949,244,376,61,2,0,2,1088,6,27,0,0,0,0,0,0,60,lru,0,0,0,0,0,0,8,6,8,0,2,0,2,0,0,0,0,0,0,0,0,3801088,0,3801088,6,4927969956705875744,0,0,2,8,2,0,0,0
layer,11,0,10,137,decode,26,8,7,1,352,153,2436,6,1,0,1,406,7,4,0,0,0,0,0,0,60,lru,0,0,0,0,0,0,8,7,8,0,1,0,2,0,0,0,0,0,0,0,0,1900544,0,1900544,3,15018021186249731840,0,0,1,8,1,0,0,0
layer,11,0,10,137,decode,27,8,7,1,6465,182,2467,62,1,0,1,6596,7,32,0,0,0,0,0,0,60,lru,0,0,0,0,0,0,8,7,8,0,1,0,1,0,0,0,0,0,0,0,0,1900544,0,1900544,3,2518858018718407975,0,0,1,8,1,0,0,0
layer,11,0,10,137,decode,28,8,8,0,0,0,2455,0,0,0,0,18,8,2,0,0,0,0,0,0,60,lru,0,0,0,0,0,0,8,8,8,0,0,0,2,0,0,0,0,0,0,0,0,0,0,0,0,5095912132651774936,0,0,0,8,0,0,0,0
layer,11,0,10,137,decode,29,8,7,1,4145,179,2411,12,1,0,1,4198,6,3,0,0,0,0,0,0,60,lru,0,0,0,0,0,0,8,7,8,0,1,0,2,0,0,0,0,0,0,0,0,1900544,0,1900544,3,3339611026600156272,0,0,1,8,1,0,0,0
layer,11,0,10,137,decode,30,8,6,2,6922,407,2418,48,2,0,2,7009,7,4,0,0,0,0,0,0,60,lru,0,0,0,0,0,0,8,6,8,0,2,0,2,0,0,0,0,0,0,0,0,3801088,0,3801088,6,8796630222680208867,0,0,2,8,2,0,0,0
layer,11,0,10,137,decode,31,8,3,5,9349,577,2445,167,3,0,3,9571,8,2,0,0,0,0,0,0,60,lru,0,0,0,0,0,0,8,3,8,0,5,0,2,0,0,0,0,0,0,0,0,9502720,0,9502720,15,11407963209129881544,0,0,5,8,5,0,0,0
layer,11,0,10,137,decode,32,8,7,1,322,156,2442,26,2,0,2,399,8,13,0,0,0,0,0,0,60,lru,0,0,0,0,0,0,8,7,8,0,1,0,2,0,0,0,0,0,0,0,0,1900544,0,1900544,3,15384330664642553468,0,0,1,8,1,0,0,0
layer,11,0,10,137,decode,33,8,6,2,637,307,2457,57,2,0,2,724,7,3,0,0,0,0,0,0,60,lru,0,0,0,0,0,0,8,6,8,0,2,0,2,0,0,0,0,0,0,0,0,3801088,0,3801088,6,9294837972055209873,0,0,2,8,2,0,0,0
layer,11,0,10,137,decode,34,8,4,4,1415,510,2440,69,2,0,2,1569,7,3,0,0,0,0,0,0,60,lru,0,0,0,0,0,0,8,4,8,0,4,0,2,0,0,0,0,0,0,0,0,8159232,0,8159232,12,12015607263444812177,0,0,4,8,4,0,0,0
layer,11,0,10,137,decode,35,8,6,2,590,285,2446,47,2,0,2,674,8,4,0,0,0,0,0,0,60,lru,0,0,0,0,0,0,8,6,8,0,2,0,3,0,0,0,0,0,0,0,0,3801088,0,3801088,6,3667821792527153563,0,0,2,8,2,0,0,0
layer,11,0,10,137,decode,36,8,7,1,4391,302,283,31,1,0,1,4463,8,3,0,0,0,0,0,0,60,lru,0,0,0,0,0,0,8,7,8,0,1,0,2,0,0,0,0,0,0,0,0,1900544,0,1900544,3,13450369065003021660,0,0,1,8,1,0,0,0
layer,11,0,10,137,decode,37,8,5,3,4120,373,2458,91,2,0,2,4241,7,4,0,0,0,0,0,0,60,lru,0,0,0,0,0,0,8,5,8,0,3,0,2,0,0,0,0,0,0,0,0,5701632,0,5701632,9,18107390613545277583,0,0,3,8,3,0,0,0
layer,11,0,10,137,decode,38,8,7,1,313,173,2426,21,1,0,1,371,8,3,0,0,0,0,0,0,60,lru,0,0,0,0,0,0,8,7,8,0,1,0,2,0,0,0,0,0,0,0,0,2039808,0,2039808,3,4023038026040428773,0,0,1,8,1,0,0,0
layer,11,0,10,137,decode,39,8,6,2,710,269,729,36,2,0,2,837,8,24,0,0,0,0,0,0,60,lru,0,0,0,0,0,0,8,6,8,0,2,0,2,0,0,0,0,0,0,0,0,4079616,0,4079616,6,13251926240262467553,0,0,2,8,2,0,0,0
request,11,0,10,0,decode,-1,0,0,0,0,0,0,0,0,0,0,0,0,0,0,0,0,0,0,0,0,,166242,497,0,0,18,0,0,0,0,0,0,0,0,0,0,0,0,0,0,0,0,0,0,0,0,0,0,0,0,0,0,0,0,0
layer,12,0,11,138,decode,0,8,6,2,706,264,2383,53,3,0,3,824,9,21,0,0,0,0,0,0,60,lru,0,0,0,0,0,0,8,6,8,0,2,0,5,0,0,0,0,0,0,0,0,3801088,0,3801088,6,2925420408621948646,0,0,2,8,2,0,0,0
layer,12,0,11,138,decode,1,8,6,2,640,309,2433,82,3,0,3,740,8,3,0,0,0,0,0,0,60,lru,0,0,0,0,0,0,8,6,8,0,2,0,4,0,0,0,0,0,0,0,0,3801088,0,3801088,6,9887708508919463289,0,0,2,8,2,0,0,0
layer,12,0,11,138,decode,2,8,5,3,4468,476,2372,76,4,0,4,4649,7,40,0,0,0,0,0,0,60,lru,0,0,0,0,0,0,8,5,8,0,3,0,4,0,0,0,0,0,0,0,0,5701632,0,5701632,9,17354080079687561022,0,0,3,8,3,0,0,0
layer,12,0,11,138,decode,3,8,8,0,0,0,2420,0,0,0,0,25,7,1,0,0,0,0,0,0,60,lru,0,0,0,0,0,0,8,8,8,0,0,0,3,0,0,0,0,0,0,0,0,0,0,0,0,804467492284404381,0,0,0,8,0,0,0,0
layer,12,0,11,138,decode,4,8,7,1,477,181,2462,13,2,0,2,537,7,2,0,0,0,0,0,0,60,lru,0,0,0,0,0,0,8,7,8,0,1,0,3,0,0,0,0,0,0,0,0,1900544,0,1900544,3,376835580367821545,0,0,1,8,1,0,0,0
layer,12,0,11,138,decode,5,8,5,3,2306,383,2404,78,3,0,3,2479,8,28,0,0,0,0,0,0,60,lru,0,0,0,0,0,0,8,5,8,0,3,0,3,0,0,0,0,0,0,0,0,5701632,0,5701632,9,7782803973760838238,0,0,3,8,3,0,0,0
layer,12,0,11,138,decode,6,8,5,3,5802,468,267,82,4,0,4,5937,8,9,0,0,0,0,0,0,60,lru,0,0,0,0,0,0,8,5,8,0,3,0,3,0,0,0,0,0,0,0,0,5701632,0,5701632,9,5807734445174405187,0,0,3,8,3,0,0,0
layer,12,0,11,138,decode,7,8,7,1,311,161,169,35,3,0,3,430,8,36,0,0,0,0,0,0,60,lru,0,0,0,0,0,0,8,7,8,0,1,0,3,0,0,0,0,0,0,0,0,1900544,0,1900544,3,9059665023185837923,0,0,1,8,1,0,0,0
layer,12,0,11,138,decode,8,8,8,0,0,0,301,0,0,0,0,19,7,2,0,0,0,0,0,0,60,lru,0,0,0,0,0,0,8,8,8,0,0,0,3,0,0,0,0,0,0,0,0,0,0,0,0,9584337223041354751,0,0,0,8,0,0,0,0
layer,12,0,11,138,decode,9,8,8,0,0,0,186,0,0,0,0,17,6,1,0,0,0,0,0,0,60,lru,0,0,0,0,0,0,8,8,8,0,0,0,3,0,0,0,0,0,0,0,0,0,0,0,0,17635141348441040057,0,0,0,8,0,0,0,0
layer,12,0,11,138,decode,10,8,7,1,397,151,143,19,1,0,1,474,7,9,0,0,0,0,0,0,60,lru,0,0,0,0,0,0,8,7,8,0,1,0,2,0,0,0,0,0,0,0,0,1900544,0,1900544,3,3049752565942236276,0,0,1,8,1,0,0,0
layer,12,0,11,138,decode,11,8,4,4,1757,477,2436,128,2,0,2,1973,7,36,0,0,0,0,0,0,60,lru,0,0,0,0,0,0,8,4,8,0,4,0,2,0,0,0,0,0,0,0,0,7602176,0,7602176,12,4539629512384614638,0,0,4,8,4,0,0,0
layer,12,0,11,138,decode,12,8,7,1,389,190,2456,9,1,0,1,444,6,3,0,0,0,0,0,0,60,lru,0,0,0,0,0,0,8,7,8,0,1,0,3,0,0,0,0,0,0,0,0,1900544,0,1900544,3,15495205941748032204,0,0,1,8,1,0,0,0
layer,12,0,11,138,decode,13,8,7,1,382,156,2444,23,1,0,1,442,7,4,0,0,0,0,0,0,60,lru,0,0,0,0,0,0,8,7,8,0,1,0,2,0,0,0,0,0,0,0,0,1900544,0,1900544,3,2420161764345620667,0,0,1,8,1,0,0,0
layer,12,0,11,138,decode,14,8,8,0,0,0,2400,0,0,0,0,18,8,1,0,0,0,0,0,0,60,lru,0,0,0,0,0,0,8,8,8,0,0,0,2,0,0,0,0,0,0,0,0,0,0,0,0,3110163408323819532,0,0,0,8,0,0,0,0
layer,12,0,11,138,decode,15,8,7,1,325,155,2436,19,1,0,1,430,6,32,0,0,0,0,0,0,60,lru,0,0,0,0,0,0,8,7,8,0,1,0,2,0,0,0,0,0,0,0,0,1900544,0,1900544,3,752374720699047118,0,0,1,8,1,0,0,0
layer,12,0,11,138,decode,16,8,5,3,986,395,2454,105,2,0,2,1119,7,5,0,0,0,0,0,0,60,lru,0,0,0,0,0,0,8,5,8,0,3,0,2,0,0,0,0,0,0,0,0,5701632,0,5701632,9,330541059587125001,0,0,3,8,3,0,0,0
layer,12,0,11,138,decode,17,8,6,2,745,299,2446,85,2,0,2,860,7,13,0,0,0,0,0,0,60,lru,0,0,0,0,0,0,8,6,8,0,2,0,2,0,0,0,0,0,0,0,0,3801088,0,3801088,6,695229829491849715,0,0,2,8,2,0,0,0
layer,12,0,11,138,decode,18,8,7,1,314,195,2426,51,1,0,1,387,7,7,0,0,0,0,0,0,60,lru,0,0,0,0,0,0,8,7,8,0,1,0,2,0,0,0,0,0,0,0,0,1900544,0,1900544,3,14258693106952246754,0,0,1,8,1,0,0,0
layer,12,0,11,138,decode,19,8,6,2,888,381,2449,66,2,0,2,985,7,2,0,0,0,0,0,0,60,lru,0,0,0,0,0,0,8,6,8,0,2,0,2,0,0,0,0,0,0,0,0,3801088,0,3801088,6,14762968802316151021,0,0,2,8,2,0,0,0
layer,12,0,11,138,decode,20,8,8,0,0,0,2454,0,0,0,0,18,7,1,0,0,0,0,0,0,60,lru,0,0,0,0,0,0,8,8,8,0,0,0,2,0,0,0,0,0,0,0,0,0,0,0,0,13473855817300433707,0,0,0,8,0,0,0,0
layer,12,0,11,138,decode,21,8,7,1,384,235,2488,81,1,0,1,520,7,28,0,0,0,0,0,0,60,lru,0,0,0,0,0,0,8,7,8,0,1,0,2,0,0,0,0,0,0,0,0,1900544,0,1900544,3,14008773866500702670,0,0,1,8,1,0,0,0
layer,12,0,11,138,decode,22,8,3,5,2075,969,2367,389,2,0,2,2399,8,29,0,0,0,0,0,0,60,lru,0,0,0,0,0,0,8,3,8,0,5,0,2,0,0,0,0,0,0,0,0,9502720,0,9502720,15,14306507909075216808,0,0,5,8,5,0,0,0
layer,12,0,11,138,decode,23,8,4,4,1581,795,2436,173,3,0,3,1779,7,9,0,0,0,0,0,0,60,lru,0,0,0,0,0,0,8,4,8,0,4,0,2,0,0,0,0,0,0,0,0,7602176,0,7602176,12,16172545035234477482,0,0,4,8,4,0,0,0
layer,12,0,11,138,decode,24,8,5,3,1352,693,2466,257,2,0,2,1547,7,12,0,0,0,0,0,0,60,lru,0,0,0,0,0,0,8,5,8,0,3,0,2,0,0,0,0,0,0,0,0,5701632,0,5701632,9,7004085966657504098,0,0,3,8,3,0,0,0
layer,12,0,11,138,decode,25,8,4,4,2018,971,2446,253,2,0,2,2291,7,11,0,0,0,0,0,0,60,lru,0,0,0,0,0,0,8,4,8,0,4,0,2,0,0,0,0,0,0,0,0,7602176,0,7602176,12,2373178049013238061,0,0,4,8,4,0,0,0
layer,12,0,11,138,decode,26,8,5,3,1520,734,2440,187,2,0,2,1741,8,15,0,0,0,0,0,0,60,lru,0,0,0,0,0,0,8,5,8,0,3,0,2,0,0,0,0,0,0,0,0,5701632,0,5701632,9,10547415517827096547,0,0,3,8,3,0,0,0
layer,12,0,11,138,decode,27,8,5,3,2386,728,2456,167,2,0,2,2558,7,2,0,0,0,0,0,0,60,lru,0,0,0,0,0,0,8,5,8,0,3,0,2,0,0,0,0,0,0,0,0,5701632,0,5701632,9,2953052275567158045,0,0,3,8,3,0,0,0
layer,12,0,11,138,decode,28,8,6,2,705,339,2444,49,2,0,2,836,7,20,0,0,0,0,0,0,60,lru,0,0,0,0,0,0,8,6,8,0,2,0,2,0,0,0,0,0,0,0,0,3801088,0,3801088,6,4662998291842586357,0,0,2,8,2,0,0,0
layer,12,0,11,138,decode,29,8,7,1,364,185,2384,49,1,0,1,462,9,11,0,0,0,0,0,0,60,lru,0,0,0,0,0,0,8,7,8,0,1,0,2,0,0,0,0,0,0,0,0,1900544,0,1900544,3,3497900685755670332,0,0,1,8,1,0,0,0
layer,12,0,11,138,decode,30,8,5,3,1073,477,2406,115,1,0,1,1276,7,38,0,0,0,0,0,0,60,lru,0,0,0,0,0,0,8,5,8,0,3,0,2,0,0,0,0,0,0,0,0,5701632,0,5701632,9,563275370940070350,0,0,3,8,3,0,0,0
layer,12,0,11,138,decode,31,8,6,2,1439,719,402,211,1,0,1,1713,8,25,0,0,0,0,0,0,60,lru,0,0,0,0,0,0,8,6,8,0,2,0,2,0,0,0,0,0,0,0,0,3801088,0,3801088,6,16954764596290754365,0,0,2,8,2,0,0,0
layer,12,0,11,138,decode,32,8,6,2,1306,714,172,325,2,0,2,1586,7,22,0,0,0,0,0,0,60,lru,0,0,0,0,0,0,8,6,8,0,2,0,2,0,0,0,0,0,0,0,0,3801088,0,3801088,6,15729722731331330040,0,0,2,8,2,0,0,0
layer,12,0,11,138,decode,33,8,8,0,0,0,347,0,0,0,0,18,7,2,0,0,0,0,0,0,60,lru,0,0,0,0,0,0,8,8,8,0,0,0,2,0,0,0,0,0,0,0,0,0,0,0,0,1893070227974133027,0,0,0,8,0,0,0,0
layer,12,0,11,138,decode,34,8,5,3,2403,1073,2430,443,3,0,3,2728,6,2,0,0,0,0,0,0,60,lru,0,0,0,0,0,0,8,5,8,0,3,0,2,0,0,0,0,0,0,0,0,6119424,0,6119424,9,5604066476584550301,0,0,3,8,3,0,0,0
layer,12,0,11,138,decode,35,8,7,1,717,339,2443,139,1,0,1,910,8,10,0,0,0,0,0,0,60,lru,0,0,0,0,0,0,8,7,8,0,1,0,3,0,0,0,0,0,0,0,0,1900544,0,1900544,3,3526371594911186599,0,0,1,8,1,0,0,0
layer,12,0,11,138,decode,36,8,7,1,711,358,2441,83,1,0,1,867,7,17,0,0,0,0,0,0,60,lru,0,0,0,0,0,0,8,7,8,0,1,0,2,0,0,0,0,0,0,0,0,1900544,0,1900544,3,14851266979842628585,0,0,1,8,1,0,0,0
layer,12,0,11,138,decode,37,8,7,1,773,355,2436,124,1,0,1,936,8,29,0,0,0,0,0,0,60,lru,0,0,0,0,0,0,8,7,8,0,1,0,2,0,0,0,0,0,0,0,0,1900544,0,1900544,3,3343422524409351015,0,0,1,8,1,0,0,0
layer,12,0,11,138,decode,38,8,7,1,1761,352,2429,151,2,0,2,1925,10,25,0,0,0,0,0,0,60,lru,0,0,0,0,0,0,8,7,8,0,1,0,4,0,0,0,0,0,0,0,0,2039808,0,2039808,3,15340493040662021577,0,0,1,8,1,0,0,0
layer,12,0,11,138,decode,39,8,4,4,3971,787,762,252,2,0,2,4193,8,15,0,0,0,0,0,0,60,lru,0,0,0,0,0,0,8,4,8,0,4,0,3,0,0,0,0,0,0,0,0,8159232,0,8159232,12,1243765188256696683,0,0,4,8,4,0,0,0
request,12,0,11,0,decode,-1,0,0,0,0,0,0,0,0,0,0,0,0,0,0,0,0,0,0,0,0,,126357,559,0,0,21,0,0,0,0,0,0,0,0,0,0,0,0,0,0,0,0,0,0,0,0,0,0,0,0,0,0,0,0,0
layer,13,0,12,139,decode,0,8,5,3,973,390,2417,95,3,0,3,1142,9,27,0,0,0,0,0,0,60,lru,0,0,0,0,0,0,8,5,8,0,3,0,4,0,0,0,0,0,0,0,0,5701632,0,5701632,9,2804010877015530291,0,0,3,8,3,0,0,0
layer,13,0,12,139,decode,1,8,6,2,641,307,2450,111,3,0,3,793,8,30,0,0,0,0,0,0,60,lru,0,0,0,0,0,0,8,6,8,0,2,0,4,0,0,0,0,0,0,0,0,3801088,0,3801088,6,4164039026231820360,0,0,2,8,2,0,0,0
layer,13,0,12,139,decode,2,8,5,3,1018,457,2429,106,3,0,3,1207,8,31,0,0,0,0,0,0,60,lru,0,0,0,0,0,0,8,5,8,0,3,0,4,0,0,0,0,0,0,0,0,5701632,0,5701632,9,16993919656250510382,0,0,3,8,3,0,0,0
layer,13,0,12,139,decode,3,8,4,4,1306,611,2439,132,3,0,3,1474,8,6,0,0,0,0,0,0,60,lru,0,0,0,0,0,0,8,4,8,0,4,0,4,0,0,0,0,0,0,0,0,7602176,0,7602176,12,1552387406335549968,0,0,4,8,4,0,0,0
layer,13,0,12,139,decode,4,8,7,1,615,199,2459,15,3,0,3,679,7,4,0,0,0,0,0,0,60,lru,0,0,0,0,0,0,8,7,8,0,1,0,3,0,0,0,0,0,0,0,0,1900544,0,1900544,3,16776294665188527234,0,0,1,8,1,0,0,0
layer,13,0,12,139,decode,5,8,6,2,7543,311,306,134,2,0,2,7683,7,6,0,0,0,0,0,0,60,lru,0,0,0,0,0,0,8,6,8,0,2,0,3,0,0,0,0,0,0,0,0,3801088,0,3801088,6,292238580928992469,0,0,2,8,2,0,0,0
layer,13,0,12,139,decode,6,8,2,6,12011,877,2441,209,4,0,4,12213,8,2,0,0,0,0,0,0,60,lru,0,0,0,0,0,0,8,2,8,0,6,0,3,0,0,0,0,0,0,0,0,11403264,0,11403264,18,9164662320920743098,0,0,6,8,6,0,0,0
layer,13,0,12,139,decode,7,8,3,5,14514,676,2428,158,4,0,4,14752,8,36,0,0,0,0,0,0,60,lru,0,0,0,0,0,0,8,3,8,0,5,0,3,0,0,0,0,0,0,0,0,9502720,0,9502720,15,8363623220503140001,0,0,5,8,5,0,0,0
layer,13,0,12,139,decode,8,8,7,1,4015,178,2457,14,3,0,3,4081,8,2,0,0,0,0,0,0,60,lru,0,0,0,0,0,0,8,7,8,0,1,0,3,0,0,0,0,0,0,0,0,1900544,0,1900544,3,5414371520695848725,0,0,1,8,1,0,0,0
layer,13,0,12,139,decode,9,8,8,0,0,0,2460,0,0,0,0,19,7,2,0,0,0,0,0,0,60,lru,0,0,0,0,0,0,8,8,8,0,0,0,3,0,0,0,0,0,0,0,0,0,0,0,0,15742495314976161404,0,0,0,8,0,0,0,0
layer,13,0,12,139,decode,10,8,5,3,5364,373,2434,65,2,0,2,5478,7,3,0,0,0,0,0,0,60,lru,0,0,0,0,0,0,8,5,8,0,3,0,2,0,0,0,0,0,0,0,0,5701632,0,5701632,9,17211525240165081981,0,0,3,8,3,0,0,0
layer,13,0,12,139,decode,11,8,7,1,318,211,2455,10,1,0,1,379,7,2,0,0,0,0,0,0,60,lru,0,0,0,0,0,0,8,7,8,0,1,0,3,0,0,0,0,0,0,0,0,1900544,0,1900544,3,10921424590207672496,0,0,1,8,1,0,0,0
layer,13,0,12,139,decode,12,8,7,1,306,174,2485,23,1,0,1,363,8,3,0,0,0,0,0,0,60,lru,0,0,0,0,0,0,8,7,8,0,1,0,3,0,0,0,0,0,0,0,0,1900544,0,1900544,3,5210724411706444136,0,0,1,8,1,0,0,0
layer,13,0,12,139,decode,13,8,7,1,6645,290,283,26,1,0,1,6700,8,3,0,0,0,0,0,0,60,lru,0,0,0,0,0,0,8,7,8,0,1,0,2,0,0,0,0,0,0,0,0,1900544,0,1900544,3,327674040332826121,0,0,1,8,1,0,0,0
layer,13,0,12,139,decode,14,8,8,0,0,0,323,0,0,0,0,19,8,2,0,0,0,0,0,0,60,lru,0,0,0,0,0,0,8,8,8,0,0,0,2,0,0,0,0,0,0,0,0,0,0,0,0,17414570282029139320,0,0,0,8,0,0,0,0
layer,13,0,12,139,decode,15,8,6,2,655,259,162,91,3,0,3,793,7,34,0,0,0,0,0,0,60,lru,0,0,0,0,0,0,8,6,8,0,2,0,2,0,0,0,0,0,0,0,0,3801088,0,3801088,6,15160681020633209173,0,0,2,8,2,0,0,0
layer,13,0,12,139,decode,16,8,8,0,0,0,180,0,0,0,0,19,8,2,0,0,0,0,0,0,60,lru,0,0,0,0,0,0,8,8,8,0,0,0,2,0,0,0,0,0,0,0,0,0,0,0,0,13784008458887917170,0,0,0,8,0,0,0,0
layer,13,0,12,139,decode,17,8,5,3,6328,390,2382,52,2,0,2,6451,7,2,0,0,0,0,0,0,60,lru,0,0,0,0,0,0,8,5,8,0,3,0,2,0,0,0,0,0,0,0,0,5701632,0,5701632,9,15928952453164602048,0,0,3,8,3,0,0,0
layer,13,0,12,139,decode,18,8,7,1,285,162,2401,30,1,0,1,388,7,24,0,0,0,0,0,0,60,lru,0,0,0,0,0,0,8,7,8,0,1,0,2,0,0,0,0,0,0,0,0,1900544,0,1900544,3,11659428428476558616,0,0,1,8,1,0,0,0
layer,13,0,12,139,decode,19,8,8,0,0,0,2468,0,0,0,0,18,7,1,0,0,0,0,0,0,60,lru,0,0,0,0,0,0,8,8,8,0,0,0,2,0,0,0,0,0,0,0,0,0,0,0,0,609660565103615947,0,0,0,8,0,0,0,0
layer,13,0,12,139,decode,20,8,8,0,0,0,2446,0,0,0,0,16,7,1,0,0,0,0,0,0,60,lru,0,0,0,0,0,0,8,8,8,0,0,0,2,0,0,0,0,0,0,0,0,0,0,0,0,18219991349954946227,0,0,0,8,0,0,0,0
layer,13,0,12,139,decode,21,8,8,0,0,0,2407,0,0,0,0,15,6,1,0,0,0,0,0,0,60,lru,0,0,0,0,0,0,8,8,8,0,0,0,2,0,0,0,0,0,0,0,0,0,0,0,0,5742466552264759791,0,0,0,8,0,0,0,0
layer,13,0,12,139,decode,22,8,7,1,319,183,2430,45,1,0,1,414,6,9,0,0,0,0,0,0,60,lru,0,0,0,0,0,0,8,7,8,0,1,0,2,0,0,0,0,0,0,0,0,1900544,0,1900544,3,9685647531861219141,0,0,1,8,1,0,0,0
layer,13,0,12,139,decode,23,8,6,2,628,347,2455,53,2,0,2,721,7,5,0,0,0,0,0,0,60,lru,0,0,0,0,0,0,8,6,8,0,2,0,2,0,0,0,0,0,0,0,0,3801088,0,3801088,6,462001347945694075,0,0,2,8,2,0,0,0
layer,13,0,12,139,decode,24,8,4,4,6281,634,2453,203,3,0,3,6484,8,5,0,0,0,0,0,0,60,lru,0,0,0,0,0,0,8,4,8,0,4,0,2,0,0,0,0,0,0,0,0,7602176,0,7602176,12,18231518466997388079,0,0,4,8,4,0,0,0
layer,13,0,12,139,decode,25,8,8,0,0,0,2461,0,0,0,0,18,7,2,0,0,0,0,0,0,60,lru,0,0,0,0,0,0,8,8,8,0,0,0,2,0,0,0,0,0,0,0,0,0,0,0,0,4098309912790802236,0,0,0,8,0,0,0,0
layer,13,0,12,139,decode,26,8,5,3,857,387,2430,89,2,0,2,986,7,19,0,0,0,0,0,0,60,lru,0,0,0,0,0,0,8,5,8,0,3,0,2,0,0,0,0,0,0,0,0,5701632,0,5701632,9,17966728721570792965,0,0,3,8,3,0,0,0
layer,13,0,12,139,decode,27,8,5,3,814,389,2440,95,3,0,3,931,8,3,0,0,0,0,0,0,60,lru,0,0,0,0,0,0,8,5,8,0,3,0,2,0,0,0,0,0,0,0,0,5701632,0,5701632,9,17899475511964723300,0,0,3,8,3,0,0,0
layer,13,0,12,139,decode,28,8,5,3,3850,420,2456,62,2,0,2,3961,8,4,0,0,0,0,0,0,60,lru,0,0,0,0,0,0,8,5,8,0,3,0,2,0,0,0,0,0,0,0,0,5701632,0,5701632,9,5064137795944651370,0,0,3,8,3,0,0,0
layer,13,0,12,139,decode,29,8,4,4,1698,496,2460,92,2,0,2,1831,8,2,0,0,0,0,0,0,60,lru,0,0,0,0,0,0,8,4,8,0,4,0,2,0,0,0,0,0,0,0,0,7602176,0,7602176,12,5767031542529631063,0,0,4,8,4,0,0,0
layer,13,0,12,139,decode,30,8,3,5,1515,657,2424,103,1,0,1,1670,7,2,0,0,0,0,0,0,60,lru,0,0,0,0,0,0,8,3,8,0,5,0,3,0,0,0,0,0,0,0,0,9502720,0,9502720,15,11809865416701682763,0,0,5,8,5,0,0,0
layer,13,0,12,139,decode,31,8,4,4,1337,497,2419,117,1,0,1,1508,9,19,0,0,0,0,0,0,60,lru,0,0,0,0,0,0,8,4,8,0,4,0,2,0,0,0,0,0,0,0,0,7602176,0,7602176,12,14042410131620984044,0,0,4,8,4,0,0,0
layer,13,0,12,139,decode,32,8,2,6,3548,795,2164,170,1,0,1,3782,8,30,0,0,0,0,0,0,60,lru,0,0,0,0,0,0,8,2,8,0,6,0,2,0,0,0,0,0,0,0,0,11403264,0,11403264,18,12297846045545875557,0,0,6,8,6,0,0,0
layer,13,0,12,139,decode,33,8,4,4,1615,494,283,100,1,0,1,1783,7,12,0,0,0,0,0,0,60,lru,0,0,0,0,0,0,8,4,8,0,4,0,2,0,0,0,0,0,0,0,0,7602176,0,7602176,12,11012983270231913751,0,0,4,8,4,0,0,0
layer,13,0,12,139,decode,34,8,5,3,1853,367,154,85,1,0,1,1999,8,13,0,0,0,0,0,0,60,lru,0,0,0,0,0,0,8,5,8,0,3,0,2,0,0,0,0,0,0,0,0,6119424,0,6119424,9,10891250939482263457,0,0,3,8,3,0,0,0
layer,13,0,12,139,decode,35,8,3,5,1645,622,2457,143,1,0,1,1837,7,5,0,0,0,0,0,0,60,lru,0,0,0,0,0,0,8,3,8,0,5,0,2,0,0,0,0,0,0,0,0,9502720,0,9502720,15,7072073199939998921,0,0,5,8,5,0,0,0
layer,13,0,12,139,decode,36,8,3,5,6863,785,2467,96,1,0,1,7026,7,2,0,0,0,0,0,0,60,lru,0,0,0,0,0,0,8,3,8,0,5,0,2,0,0,0,0,0,0,0,0,9502720,0,9502720,15,14271462306676010264,0,0,5,8,5,0,0,0
layer,13,0,12,139,decode,37,8,4,4,1491,501,2446,128,1,0,1,1634,7,2,0,0,0,0,0,0,60,lru,0,0,0,0,0,0,8,4,8,0,4,0,2,0,0,0,0,0,0,0,0,7602176,0,7602176,12,13994197558201529847,0,0,4,8,4,0,0,0
layer,13,0,12,139,decode,38,8,2,6,2962,749,2445,131,2,0,2,3185,8,13,0,0,0,0,0,0,60,lru,0,0,0,0,0,0,8,2,8,0,6,0,2,0,0,0,0,0,0,0,0,12238848,0,12238848,18,13906595216178974287,0,0,6,8,6,0,0,0
layer,13,0,12,139,decode,39,8,2,6,2225,767,763,142,1,0,1,2460,7,11,0,0,0,0,0,0,60,lru,0,0,0,0,0,0,8,2,8,0,6,0,2,0,0,0,0,0,0,0,0,12238848,0,12238848,18,3091998757089317231,0,0,6,8,6,0,0,0
request,13,0,12,0,decode,-1,0,0,0,0,0,0,0,0,0,0,0,0,0,0,0,0,0,0,0,0,,178552,680,0,0,17,0,0,0,0,0,0,0,0,0,0,0,0,0,0,0,0,0,0,0,0,0,0,0,0,0,0,0,0,0
layer,14,0,13,140,decode,0,8,1,7,2678,799,2411,150,3,0,3,2908,9,5,0,0,0,0,0,0,60,lru,0,0,0,0,0,0,8,1,8,0,7,0,5,0,0,0,0,0,0,0,0,13303808,0,13303808,21,15280028923184617226,0,0,7,8,7,0,0,0
layer,14,0,13,140,decode,1,8,1,7,2286,879,2174,245,2,0,2,2600,8,38,0,0,0,0,0,0,60,lru,0,0,0,0,0,0,8,1,8,0,7,0,4,0,0,0,0,0,0,0,0,13303808,0,13303808,21,12901736562199331635,0,0,7,8,7,0,0,0
layer,14,0,13,140,decode,2,8,2,6,2048,842,269,311,4,0,4,2352,8,34,0,0,0,0,0,0,60,lru,0,0,0,0,0,0,8,2,8,0,6,0,4,0,0,0,0,0,0,0,0,11403264,0,11403264,18,10988943446382415439,0,0,6,8,6,0,0,0
layer,14,0,13,140,decode,3,8,5,3,1021,434,167,143,4,0,4,1198,8,22,0,0,0,0,0,0,60,lru,0,0,0,0,0,0,8,5,8,0,3,0,4,0,0,0,0,0,0,0,0,5701632,0,5701632,9,1272460082236187534,0,0,3,8,3,0,0,0
layer,14,0,13,140,decode,4,8,8,0,0,0,155,0,0,0,0,21,8,2,0,0,0,0,0,0,60,lru,0,0,0,0,0,0,8,8,8,0,0,0,3,0,0,0,0,0,0,0,0,0,0,0,0,14476683415071941968,0,0,0,8,0,0,0,0
layer,14,0,13,140,decode,5,8,6,2,671,295,316,124,3,0,3,824,7,18,0,0,0,0,0,0,60,lru,0,0,0,0,0,0,8,6,8,0,2,0,3,0,0,0,0,0,0,0,0,3801088,0,3801088,6,12673474244578503819,0,0,2,8,2,0,0,0
layer,14,0,13,140,decode,6,8,7,1,338,185,2395,43,3,0,3,425,7,6,0,0,0,0,0,0,60,lru,0,0,0,0,0,0,8,7,8,0,1,0,3,0,0,0,0,0,0,0,0,1900544,0,1900544,3,15127955982194388276,0,0,1,8,1,0,0,0
layer,14,0,13,140,decode,7,8,8,0,0,0,2450,0,0,0,0,21,8,2,0,0,0,0,0,0,60,lru,0,0,0,0,0,0,8,8,8,0,0,0,3,0,0,0,0,0,0,0,0,0,0,0,0,11280854206924731263,0,0,0,8,0,0,0,0
layer,14,0,13,140,decode,8,8,8,0,0,0,2446,0,0,0,0,19,7,2,0,0,0,0,0,0,60,lru,0,0,0,0,0,0,8,8,8,0,0,0,3,0,0,0,0,0,0,0,0,0,0,0,0,2402118112520071846,0,0,0,8,0,0,0,0
layer,14,0,13,140,decode,9,8,7,1,398,209,2433,121,1,0,1,547,6,29,0,0,0,0,0,0,60,lru,0,0,0,0,0,0,8,7,8,0,1,0,3,0,0,0,0,0,0,0,0,1900544,0,1900544,3,14216046793262966003,0,0,1,8,1,0,0,0
layer,14,0,13,140,decode,10,8,6,2,799,406,2391,85,2,0,2,952,7,23,0,0,0,0,0,0,60,lru,0,0,0,0,0,0,8,6,8,0,2,0,2,0,0,0,0,0,0,0,0,3801088,0,3801088,6,1269643723927798447,0,0,2,8,2,0,0,0
layer,14,0,13,140,decode,11,8,8,0,0,0,2468,0,0,0,0,18,7,2,0,0,0,0,0,0,60,lru,0,0,0,0,0,0,8,8,8,0,0,0,2,0,0,0,0,0,0,0,0,0,0,0,0,16506955184308949677,0,0,0,8,0,0,0,0
layer,14,0,13,140,decode,12,8,7,1,488,250,2444,111,1,0,1,636,7,13,0,0,0,0,0,0,60,lru,0,0,0,0,0,0,8,7,8,0,1,0,2,0,0,0,0,0,0,0,0,1900544,0,1900544,3,9172090364860553648,0,0,1,8,1,0,0,0
layer,14,0,13,140,decode,13,8,8,0,0,0,2448,0,0,0,0,24,7,1,0,0,0,0,0,0,60,lru,0,0,0,0,0,0,8,8,8,0,0,0,2,0,0,0,0,0,0,0,0,0,0,0,0,16433790659568587523,0,0,0,8,0,0,0,0
layer,14,0,13,140,decode,14,8,7,1,482,273,2423,80,2,0,2,606,6,19,0,0,0,0,0,0,60,lru,0,0,0,0,0,0,8,7,8,0,1,0,2,0,0,0,0,0,0,0,0,1900544,0,1900544,3,5187759903786586547,0,0,1,8,1,0,0,0
layer,14,0,13,140,decode,15,8,8,0,0,0,2454,0,0,0,0,18,7,1,0,0,0,0,0,0,60,lru,0,0,0,0,0,0,8,8,8,0,0,0,2,0,0,0,0,0,0,0,0,0,0,0,0,2532699017079394266,0,0,0,8,0,0,0,0
layer,14,0,13,140,decode,16,8,8,0,0,0,2455,0,0,0,0,16,7,1,0,0,0,0,0,0,60,lru,0,0,0,0,0,0,8,8,8,0,0,0,2,0,0,0,0,0,0,0,0,0,0,0,0,1619866158111731426,0,0,0,8,0,0,0,0
layer,14,0,13,140,decode,17,8,6,2,1233,648,2441,216,2,0,2,1453,7,27,0,0,0,0,0,0,60,lru,0,0,0,0,0,0,8,6,8,0,2,0,2,0,0,0,0,0,0,0,0,3801088,0,3801088,6,6895829676041732596,0,0,2,8,2,0,0,0
layer,14,0,13,140,decode,18,8,7,1,646,313,2424,48,1,0,1,777,8,8,0,0,0,0,0,0,60,lru,0,0,0,0,0,0,8,7,8,0,1,0,2,0,0,0,0,0,0,0,0,1900544,0,1900544,3,5637636799815906960,0,0,1,8,1,0,0,0
layer,14,0,13,140,decode,19,8,8,0,0,0,2437,0,0,0,0,17,7,1,0,0,0,0,0,0,60,lru,0,0,0,0,0,0,8,8,8,0,0,0,2,0,0,0,0,0,0,0,0,0,0,0,0,952374718631708536,0,0,0,8,0,0,0,0
layer,14,0,13,140,decode,20,8,8,0,0,0,2457,0,0,0,0,16,7,1,0,0,0,0,0,0,60,lru,0,0,0,0,0,0,8,8,8,0,0,0,2,0,0,0,0,0,0,0,0,0,0,0,0,8477839570601519233,0,0,0,8,0,0,0,0
layer,14,0,13,140,decode,21,8,8,0,0,0,2461,0,0,0,0,16,7,1,0,0,0,0,0,0,60,lru,0,0,0,0,0,0,8,8,8,0,0,0,2,0,0,0,0,0,0,0,0,0,0,0,0,6454789373194912805,0,0,0,8,0,0,0,0
layer,14,0,13,140,decode,22,8,8,0,0,0,2422,0,0,0,0,19,9,1,0,0,0,0,0,0,60,lru,0,0,0,0,0,0,8,8,8,0,0,0,2,0,0,0,0,0,0,0,0,0,0,0,0,14472372796787599687,0,0,0,8,0,0,0,0
layer,14,0,13,140,decode,23,8,7,1,678,372,2449,102,1,0,1,833,7,28,0,0,0,0,0,0,60,lru,0,0,0,0,0,0,8,7,8,0,1,0,2,0,0,0,0,0,0,0,0,1900544,0,1900544,3,5342606016296794036,0,0,1,8,1,0,0,0
layer,14,0,13,140,decode,24,8,7,1,689,363,2439,106,1,0,1,842,7,19,0,0,0,0,0,0,60,lru,0,0,0,0,0,0,8,7,8,0,1,0,2,0,0,0,0,0,0,0,0,1900544,0,1900544,3,11644509747874091244,0,0,1,8,1,0,0,0
layer,14,0,13,140,decode,25,8,8,0,0,0,2459,0,0,0,0,18,7,1,0,0,0,0,0,0,60,lru,0,0,0,0,0,0,8,8,8,0,0,0,2,0,0,0,0,0,0,0,0,0,0,0,0,10391737433996005101,0,0,0,8,0,0,0,0
layer,14,0,13,140,decode,26,8,8,0,0,0,2436,0,0,0,0,16,7,1,0,0,0,0,0,0,60,lru,0,0,0,0,0,0,8,8,8,0,0,0,2,0,0,0,0,0,0,0,0,0,0,0,0,12149351643486310314,0,0,0,8,0,0,0,0
layer,14,0,13,140,decode,27,8,7,1,677,364,2445,64,1,0,1,823,7,22,0,0,0,0,0,0,60,lru,0,0,0,0,0,0,8,7,8,0,1,0,2,0,0,0,0,0,0,0,0,1900544,0,1900544,3,1848399290460018099,0,0,1,8,1,0,0,0
layer,14,0,13,140,decode,28,8,6,2,7358,385,2459,155,2,0,2,7479,7,4,0,0,0,0,0,0,60,lru,0,0,0,0,0,0,8,6,8,0,2,0,2,0,0,0,0,0,0,0,0,3801088,0,3801088,6,5501914046783836097,0,0,2,8,2,0,0,0
layer,14,0,13,140,decode,29,8,6,2,10418,466,2453,56,2,0,2,10530,8,19,0,0,0,0,0,0,60,lru,0,0,0,0,0,0,8,6,8,0,2,0,2,0,0,0,0,0,0,0,0,3801088,0,3801088,6,12036821615571551951,0,0,2,8,2,0,0,0
layer,14,0,13,140,decode,30,8,7,1,307,156,2425,19,1,0,1,390,8,8,0,0,0,0,0,0,60,lru,0,0,0,0,0,0,8,7,8,0,1,0,2,0,0,0,0,0,0,0,0,1900544,0,1900544,3,4016429110848371030,0,0,1,8,1,0,0,0
layer,14,0,13,140,decode,31,8,5,3,942,376,2445,81,2,0,2,1083,8,11,0,0,0,0,0,0,60,lru,0,0,0,0,0,0,8,5,8,0,3,0,2,0,0,0,0,0,0,0,0,5701632,0,5701632,9,9618375034516897982,0,0,3,8,3,0,0,0
layer,14,0,13,140,decode,32,8,5,3,938,414,2429,103,2,0,2,1052,7,3,0,0,0,0,0,0,60,lru,0,0,0,0,0,0,8,5,8,0,3,0,2,0,0,0,0,0,0,0,0,5701632,0,5701632,9,17246270550419885214,0,0,3,8,3,0,0,0
layer,14,0,13,140,decode,33,8,8,0,0,0,2461,0,0,0,0,19,7,2,0,0,0,0,0,0,60,lru,0,0,0,0,0,0,8,8,8,0,0,0,2,0,0,0,0,0,0,0,0,0,0,0,0,928382752092163610,0,0,0,8,0,0,0,0
layer,14,0,13,140,decode,34,8,6,2,719,287,2439,54,2,0,2,829,7,13,0,0,0,0,0,0,60,lru,0,0,0,0,0,0,8,6,8,0,2,0,2,0,0,0,0,0,0,0,0,4079616,0,4079616,6,4711119780509730466,0,0,2,8,2,0,0,0
layer,14,0,13,140,decode,35,8,6,2,695,276,2446,59,1,0,1,783,7,2,0,0,0,0,0,0,60,lru,0,0,0,0,0,0,8,6,8,0,2,0,2,0,0,0,0,0,0,0,0,3801088,0,3801088,6,3981057481238878642,0,0,2,8,2,0,0,0
layer,14,0,13,140,decode,36,8,8,0,0,0,2439,0,0,0,0,18,7,1,0,0,0,0,0,0,60,lru,0,0,0,0,0,0,8,8,8,0,0,0,2,0,0,0,0,0,0,0,0,0,0,0,0,7062774805978062166,0,0,0,8,0,0,0,0
layer,14,0,13,140,decode,37,8,8,0,0,0,2379,0,0,0,0,16,7,1,0,0,0,0,0,0,60,lru,0,0,0,0,0,0,8,8,8,0,0,0,1,0,0,0,0,0,0,0,0,0,0,0,0,13259463674230884970,0,0,0,8,0,0,0,0
layer,14,0,13,140,decode,38,8,8,0,0,0,2453,0,0,0,0,16,7,2,0,0,0,0,0,0,60,lru,0,0,0,0,0,0,8,8,8,0,0,0,2,0,0,0,0,0,0,0,0,0,0,0,0,14761068292438913531,0,0,0,8,0,0,0,0
layer,14,0,13,140,decode,39,8,7,1,389,194,765,18,1,0,1,455,7,7,0,0,0,0,0,0,60,lru,0,0,0,0,0,0,8,7,8,0,1,0,2,0,0,0,0,0,0,0,0,2039808,0,2039808,3,13135001648053844594,0,0,1,8,1,0,0,0
request,14,0,13,0,decode,-1,0,0,0,0,0,0,0,0,0,0,0,0,0,0,0,0,0,0,0,0,,131531,470,0,0,16,0,0,0,0,0,0,0,0,0,0,0,0,0,0,0,0,0,0,0,0,0,0,0,0,0,0,0,0,0
layer,15,0,14,141,decode,0,8,5,3,1628,728,168,271,3,0,3,1900,9,20,0,0,0,0,0,0,60,lru,0,0,0,0,0,0,8,5,8,0,3,0,4,0,0,0,0,0,0,0,0,5701632,0,5701632,9,15170377481002586248,0,0,3,8,3,0,0,0
layer,15,0,14,141,decode,1,8,4,4,2066,990,2494,393,3,0,3,2428,8,24,0,0,0,0,0,0,60,lru,0,0,0,0,0,0,8,4,8,0,4,0,4,0,0,0,0,0,0,0,0,7602176,0,7602176,12,16272717110560352396,0,0,4,8,4,0,0,0
layer,15,0,14,141,decode,2,8,5,3,1974,983,2405,230,3,0,3,2240,7,26,0,0,0,0,0,0,60,lru,0,0,0,0,0,0,8,5,8,0,3,0,4,0,0,0,0,0,0,0,0,5701632,0,5701632,9,2265699898249433395,0,0,3,8,3,0,0,0
layer,15,0,14,141,decode,3,8,6,2,1323,653,2438,157,2,0,2,1558,7,35,0,0,0,0,0,0,60,lru,0,0,0,0,0,0,8,6,8,0,2,0,4,0,0,0,0,0,0,0,0,3801088,0,3801088,6,1817477290145278755,0,0,2,8,2,0,0,0
layer,15,0,14,141,decode,4,8,8,0,0,0,2460,0,0,0,0,21,8,1,0,0,0,0,0,0,60,lru,0,0,0,0,0,0,8,8,8,0,0,0,3,0,0,0,0,0,0,0,0,0,0,0,0,10477180718409998166,0,0,0,8,0,0,0,0
layer,15,0,14,141,decode,5,8,6,2,1438,714,2457,210,3,0,3,1715,6,24,0,0,0,0,0,0,60,lru,0,0,0,0,0,0,8,6,8,0,2,0,3,0,0,0,0,0,0,0,0,3801088,0,3801088,6,1768288256441977504,0,0,2,8,2,0,0,0
layer,15,0,14,141,decode,6,8,8,0,0,0,2419,0,0,0,0,22,8,2,0,0,0,0,0,0,60,lru,0,0,0,0,0,0,8,8,8,0,0,0,3,0,0,0,0,0,0,0,0,0,0,0,0,17953409902936400394,0,0,0,8,0,0,0,0
layer,15,0,14,141,decode,7,8,7,1,706,355,2433,159,3,0,3,860,7,14,0,0,0,0,0,0,60,lru,0,0,0,0,0,0,8,7,8,0,1,0,3,0,0,0,0,0,0,0,0,1900544,0,1900544,3,14278067823657321929,0,0,1,8,1,0,0,0
layer,15,0,14,141,decode,8,8,7,1,1096,361,2452,119,3,0,3,1229,7,10,0,0,0,0,0,0,60,lru,0,0,0,0,0,0,8,7,8,0,1,0,3,0,0,0,0,0,0,0,0,1900544,0,1900544,3,9333375128344326688,0,0,1,8,1,0,0,0
layer,15,0,14,141,decode,9,8,8,0,0,0,2461,0,0,0,0,19,7,2,0,0,0,0,0,0,60,lru,0,0,0,0,0,0,8,8,8,0,0,0,3,0,0,0,0,0,0,0,0,0,0,0,0,16529854387703937384,0,0,0,8,0,0,0,0
layer,15,0,14,141,decode,10,8,8,0,0,0,2425,0,0,0,0,17,7,2,0,0,0,0,0,0,60,lru,0,0,0,0,0,0,8,8,8,0,0,0,2,0,0,0,0,0,0,0,0,0,0,0,0,13638139284505042292,0,0,0,8,0,0,0,0
layer,15,0,14,141,decode,11,8,7,1,5645,273,2458,84,1,0,1,5736,7,3,0,0,0,0,0,0,60,lru,0,0,0,0,0,0,8,7,8,0,1,0,2,0,0,0,0,0,0,0,0,1900544,0,1900544,3,3867131792714113769,0,0,1,8,1,0,0,0
layer,15,0,14,141,decode,12,8,7,1,296,169,2444,12,1,0,1,353,8,4,0,0,0,0,0,0,60,lru,0,0,0,0,0,0,8,7,8,0,1,0,2,0,0,0,0,0,0,0,0,1900544,0,1900544,3,14296334464204970515,0,0,1,8,1,0,0,0
layer,15,0,14,141,decode,13,8,8,0,0,0,2449,0,0,0,0,19,8,1,0,0,0,0,0,0,60,lru,0,0,0,0,0,0,8,8,8,0,0,0,2,0,0,0,0,0,0,0,0,0,0,0,0,13757710437081215841,0,0,0,8,0,0,0,0
layer,15,0,14,141,decode,14,8,7,1,306,159,2426,21,1,0,1,401,7,12,0,0,0,0,0,0,60,lru,0,0,0,0,0,0,8,7,8,0,1,0,2,0,0,0,0,0,0,0,0,1900544,0,1900544,3,3030185346388344679,0,0,1,8,1,0,0,0
layer,15,0,14,141,decode,15,8,6,2,604,300,2458,65,2,0,2,713,8,2,0,0,0,0,0,0,60,lru,0,0,0,0,0,0,8,6,8,0,2,0,2,0,0,0,0,0,0,0,0,3801088,0,3801088,6,11997874465466029421,0,0,2,8,2,0,0,0
layer,15,0,14,141,decode,16,8,8,0,0,0,2457,0,0,0,0,18,7,2,0,0,0,0,0,0,60,lru,0,0,0,0,0,0,8,8,8,0,0,0,2,0,0,0,0,0,0,0,0,0,0,0,0,14435425603913083254,0,0,0,8,0,0,0,0
layer,15,0,14,141,decode,17,8,8,0,0,0,2443,0,0,0,0,17,7,2,0,0,0,0,0,0,60,lru,0,0,0,0,0,0,8,8,8,0,0,0,2,0,0,0,0,0,0,0,0,0,0,0,0,4907243752186059368,0,0,0,8,0,0,0,0
layer,15,0,14,141,decode,18,8,7,1,323,184,2416,24,1,0,1,388,7,8,0,0,0,0,0,0,60,lru,0,0,0,0,0,0,8,7,8,0,1,0,2,0,0,0,0,0,0,0,0,1900544,0,1900544,3,16322247918087224416,0,0,1,8,1,0,0,0
layer,15,0,14,141,decode,19,8,6,2,636,359,2400,71,2,0,2,731,7,2,0,0,0,0,0,0,60,lru,0,0,0,0,0,0,8,6,8,0,2,0,2,0,0,0,0,0,0,0,0,3801088,0,3801088,6,141142743313256166,0,0,2,8,2,0,0,0
layer,15,0,14,141,decode,20,8,8,0,0,0,286,0,0,0,0,19,8,2,0,0,0,0,0,0,60,lru,0,0,0,0,0,0,8,8,8,0,0,0,2,0,0,0,0,0,0,0,0,0,0,0,0,4762125438399218955,0,0,0,8,0,0,0,0
layer,15,0,14,141,decode,21,8,7,1,7540,277,2445,25,1,0,1,7610,7,3,0,0,0,0,0,0,60,lru,0,0,0,0,0,0,8,7,8,0,1,0,2,0,0,0,0,0,0,0,0,1900544,0,1900544,3,7340694560285815243,0,0,1,8,1,0,0,0
layer,15,0,14,141,decode,22,8,7,1,283,153,2405,27,1,0,1,387,8,31,0,0,0,0,0,0,60,lru,0,0,0,0,0,0,8,7,8,0,1,0,2,0,0,0,0,0,0,0,0,1900544,0,1900544,3,13953141511669370660,0,0,1,8,1,0,0,0
layer,15,0,14,141,decode,23,8,7,1,282,165,2443,23,1,0,1,346,7,4,0,0,0,0,0,0,60,lru,0,0,0,0,0,0,8,7,8,0,1,0,2,0,0,0,0,0,0,0,0,1900544,0,1900544,3,4710333689400086742,0,0,1,8,1,0,0,0
layer,15,0,14,141,decode,24,8,8,0,0,0,2464,0,0,0,0,18,7,2,0,0,0,0,0,0,60,lru,0,0,0,0,0,0,8,8,8,0,0,0,2,0,0,0,0,0,0,0,0,0,0,0,0,714282391738309167,0,0,0,8,0,0,0,0
layer,15,0,14,141,decode,25,8,8,0,0,0,2444,0,0,0,0,16,7,1,0,0,0,0,0,0,60,lru,0,0,0,0,0,0,8,8,8,0,0,0,2,0,0,0,0,0,0,0,0,0,0,0,0,11174499256408956425,0,0,0,8,0,0,0,0
layer,15,0,14,141,decode,26,8,8,0,0,0,2426,0,0,0,0,16,7,1,0,0,0,0,0,0,60,lru,0,0,0,0,0,0,8,8,8,0,0,0,2,0,0,0,0,0,0,0,0,0,0,0,0,17533145936259965263,0,0,0,8,0,0,0,0
layer,15,0,14,141,decode,27,8,6,2,12107,437,2475,91,1,0,1,12200,8,2,0,0,0,0,0,0,60,lru,0,0,0,0,0,0,8,6,8,0,2,0,2,0,0,0,0,0,0,0,0,3801088,0,3801088,6,7737305617644716882,0,0,2,8,2,0,0,0
layer,15,0,14,141,decode,28,8,6,2,939,264,2451,29,1,0,1,1020,8,4,0,0,0,0,0,0,60,lru,0,0,0,0,0,0,8,6,8,0,2,0,2,0,0,0,0,0,0,0,0,3801088,0,3801088,6,5339647326299172940,0,0,2,8,2,0,0,0
layer,15,0,14,141,decode,29,8,7,1,654,172,2441,17,1,0,1,711,7,3,0,0,0,0,0,0,60,lru,0,0,0,0,0,0,8,7,8,0,1,0,2,0,0,0,0,0,0,0,0,1900544,0,1900544,3,10373591174722064348,0,0,1,8,1,0,0,0
layer,15,0,14,141,decode,30,8,7,1,314,165,2412,25,1,0,1,374,8,2,0,0,0,0,0,0,60,lru,0,0,0,0,0,0,8,7,8,0,1,0,2,0,0,0,0,0,0,0,0,1900544,0,1900544,3,1050583701547396169,0,0,1,8,1,0,0,0
layer,15,0,14,141,decode,31,8,8,0,0,0,2423,0,0,0,0,18,7,1,0,0,0,0,0,0,60,lru,0,0,0,0,0,0,8,8,8,0,0,0,2,0,0,0,0,0,0,0,0,0,0,0,0,17434613014746530131,0,0,0,8,0,0,0,0
layer,15,0,14,141,decode,32,8,7,1,313,242,2468,18,2,0,2,364,7,2,0,0,0,0,0,0,60,lru,0,0,0,0,0,0,8,7,8,0,1,0,1,0,0,0,0,0,0,0,0,1900544,0,1900544,3,13186789547137445276,0,0,1,8,1,0,0,0
layer,15,0,14,141,decode,33,8,7,1,310,170,2445,27,1,0,1,374,8,4,0,0,0,0,0,0,60,lru,0,0,0,0,0,0,8,7,8,0,1,0,1,0,0,0,0,0,0,0,0,1900544,0,1900544,3,2100105494575535508,0,0,1,8,1,0,0,0
layer,15,0,14,141,decode,34,8,8,0,0,0,2416,0,0,0,0,18,8,1,0,0,0,0,0,0,60,lru,0,0,0,0,0,0,8,8,8,0,0,0,2,0,0,0,0,0,0,0,0,0,0,0,0,931750596450330415,0,0,0,8,0,0,0,0
layer,15,0,14,141,decode,35,8,6,2,888,327,2507,36,2,0,2,986,7,4,0,0,0,0,0,0,60,lru,0,0,0,0,0,0,8,6,8,0,2,0,2,0,0,0,0,0,0,0,0,3801088,0,3801088,6,6897211952608265178,0,0,2,8,2,0,0,0
layer,15,0,14,141,decode,36,8,7,1,6913,258,292,24,1,0,1,6975,7,2,0,0,0,0,0,0,60,lru,0,0,0,0,0,0,8,7,8,0,1,0,1,0,0,0,0,0,0,0,0,1900544,0,1900544,3,993932240940489099,0,0,1,8,1,0,0,0
layer,15,0,14,141,decode,37,8,7,1,309,167,2451,17,1,0,1,372,7,2,0,0,0,0,0,0,60,lru,0,0,0,0,0,0,8,7,8,0,1,0,1,0,0,0,0,0,0,0,0,1900544,0,1900544,3,1975617653437054409,0,0,1,8,1,0,0,0
layer,15,0,14,141,decode,38,8,4,4,4847,502,2419,108,2,0,2,5023,7,10,0,0,0,0,0,0,60,lru,0,0,0,0,0,0,8,4,8,0,4,0,2,0,0,0,0,0,0,0,0,8159232,0,8159232,12,16475875082708933767,0,0,4,8,4,0,0,0
layer,15,0,14,141,decode,39,8,7,1,346,160,706,43,1,0,1,410,8,5,0,0,0,0,0,0,60,lru,0,0,0,0,0,0,8,7,8,0,1,0,2,0,0,0,0,0,0,0,0,2039808,0,2039808,3,1034521361195915103,0,0,1,8,1,0,0,0
request,15,0,14,0,decode,-1,0,0,0,0,0,0,0,0,0,0,0,0,0,0,0,0,0,0,0,0,,146402,427,0,0,15,0,0,0,0,0,0,0,0,0,0,0,0,0,0,0,0,0,0,0,0,0,0,0,0,0,0,0,0,0
layer,16,0,15,142,decode,0,8,6,2,657,274,2442,51,3,0,3,804,12,36,0,0,0,0,0,0,60,lru,0,0,0,0,0,0,8,6,8,0,2,0,4,0,0,0,0,0,0,0,0,3801088,0,3801088,6,13353212422332558602,0,0,2,8,2,0,0,0
layer,16,0,15,142,decode,1,8,8,0,0,0,2382,0,0,0,0,22,8,1,0,0,0,0,0,0,60,lru,0,0,0,0,0,0,8,8,8,0,0,0,4,0,0,0,0,0,0,0,0,0,0,0,0,2265746135549754723,0,0,0,8,0,0,0,0
layer,16,0,15,142,decode,2,8,2,6,2168,710,2430,151,3,0,3,2436,7,44,0,0,0,0,0,0,60,lru,0,0,0,0,0,0,8,2,8,0,6,0,4,0,0,0,0,0,0,0,0,11403264,0,11403264,18,16054736498422682943,0,0,6,8,6,0,0,0
layer,16,0,15,142,decode,3,8,7,1,341,173,2455,37,2,0,2,464,8,31,0,0,0,0,0,0,60,lru,0,0,0,0,0,0,8,7,8,0,1,0,3,0,0,0,0,0,0,0,0,1900544,0,1900544,3,13961234322818841530,0,0,1,8,1,0,0,0
layer,16,0,15,142,decode,4,8,5,3,6146,491,2440,143,4,0,4,6300,24,6,0,0,0,0,0,0,60,lru,0,0,0,0,0,0,8,5,8,0,3,0,3,0,0,0,0,0,0,0,0,5701632,0,5701632,9,6241922138948346404,0,0,3,8,3,0,0,0
layer,16,0,15,142,decode,5,8,4,4,5102,443,1373,94,3,0,3,5251,8,4,0,0,0,0,0,0,60,lru,0,0,0,0,0,0,8,4,8,0,4,0,3,0,0,0,0,0,0,0,0,7602176,0,7602176,12,16885375634378422934,0,0,4,8,4,0,0,0
layer,16,0,15,142,decode,6,8,4,4,4481,433,2413,127,4,0,4,4639,8,2,0,0,0,0,0,0,60,lru,0,0,0,0,0,0,8,4,8,0,4,0,4,0,0,0,0,0,0,0,0,7602176,0,7602176,12,8011678420713912159,0,0,4,8,4,0,0,0
layer,16,0,15,142,decode,7,8,6,2,1691,253,2458,45,3,0,3,1785,8,2,0,0,0,0,0,0,60,lru,0,0,0,0,0,0,8,6,8,0,2,0,3,0,0,0,0,0,0,0,0,3801088,0,3801088,6,13012620163338650893,0,0,2,8,2,0,0,0
layer,16,0,15,142,decode,8,8,4,4,25779,654,2464,110,4,0,4,25939,8,3,0,0,0,0,0,0,60,lru,0,0,0,0,0,0,8,4,8,0,4,0,3,0,0,0,0,0,0,0,0,7602176,0,7602176,12,17339578991251255668,0,0,4,8,4,0,0,0
layer,16,0,15,142,decode,9,8,7,1,336,172,2455,22,2,0,2,440,7,23,0,0,0,0,0,0,60,lru,0,0,0,0,0,0,8,7,8,0,1,0,3,0,0,0,0,0,0,0,0,1900544,0,1900544,3,4265789037766084104,0,0,1,8,1,0,0,0
layer,16,0,15,142,decode,10,8,2,6,33635,1119,2372,270,2,0,2,33904,7,19,0,0,0,0,0,0,60,lru,0,0,0,0,0,0,8,2,8,0,6,0,2,0,0,0,0,0,0,0,0,11403264,0,11403264,18,13969648286022810350,0,0,6,8,6,0,0,0
layer,16,0,15,142,decode,11,8,7,1,655,185,2430,18,1,0,1,718,9,3,0,0,0,0,0,0,60,lru,0,0,0,0,0,0,8,7,8,0,1,0,3,0,0,0,0,0,0,0,0,1900544,0,1900544,3,13896260266174886181,0,0,1,8,1,0,0,0
layer,16,0,15,142,decode,12,8,7,1,307,233,2461,7,1,0,1,363,8,2,0,0,0,0,0,0,60,lru,0,0,0,0,0,0,8,7,8,0,1,0,3,0,0,0,0,0,0,0,0,1900544,0,1900544,3,12059890876599454000,0,0,1,8,1,0,0,0
layer,16,0,15,142,decode,13,8,7,1,1506,188,2446,20,1,0,1,1565,7,2,0,0,0,0,0,0,60,lru,0,0,0,0,0,0,8,7,8,0,1,0,3,0,0,0,0,0,0,0,0,1900544,0,1900544,3,8103364979294136066,0,0,1,8,1,0,0,0
layer,16,0,15,142,decode,14,8,8,0,0,0,2429,0,0,0,0,19,7,2,0,0,0,0,0,0,60,lru,0,0,0,0,0,0,8,8,8,0,0,0,2,0,0,0,0,0,0,0,0,0,0,0,0,13167239195700524409,0,0,0,8,0,0,0,0
layer,16,0,15,142,decode,15,8,7,1,8587,311,2440,40,1,0,1,8646,10,2,0,0,0,0,0,0,60,lru,0,0,0,0,0,0,8,7,8,0,1,0,2,0,0,0,0,0,0,0,0,1900544,0,1900544,3,14348597156360061954,0,0,1,8,1,0,0,0
layer,16,0,15,142,decode,16,8,6,2,8868,321,2455,57,2,0,2,8953,7,4,0,0,0,0,0,0,60,lru,0,0,0,0,0,0,8,6,8,0,2,0,2,0,0,0,0,0,0,0,0,3801088,0,3801088,6,3876531934197508860,0,0,2,8,2,0,0,0
layer,16,0,15,142,decode,17,8,6,2,623,303,2074,45,2,0,2,727,8,5,0,0,0,0,0,0,60,lru,0,0,0,0,0,0,8,6,8,0,2,0,2,0,0,0,0,0,0,0,0,3801088,0,3801088,6,10765713057621830888,0,0,2,8,2,0,0,0
layer,16,0,15,142,decode,18,8,6,2,18645,343,2374,46,2,0,2,18754,7,6,0,0,0,0,0,0,60,lru,0,0,0,0,0,0,8,6,8,0,2,0,2,0,0,0,0,0,0,0,0,3801088,0,3801088,6,7092818846127486609,0,0,2,8,2,0,0,0
layer,16,0,15,142,decode,19,8,5,3,9410,417,2439,111,3,0,3,9573,8,18,0,0,0,0,0,0,60,lru,0,0,0,0,0,0,8,5,8,0,3,0,2,0,0,0,0,0,0,0,0,5701632,0,5701632,9,1509786532497483630,0,0,3,8,3,0,0,0
layer,16,0,15,142,decode,20,8,4,4,11783,583,2453,109,3,0,3,12001,8,37,0,0,0,0,0,0,60,lru,0,0,0,0,0,0,8,4,8,0,4,0,3,0,0,0,0,0,0,0,0,7602176,0,7602176,12,17559909640834906067,0,0,4,8,4,0,0,0
layer,16,0,15,142,decode,21,8,5,3,9106,536,284,87,2,0,2,9229,8,4,0,0,0,0,0,0,60,lru,0,0,0,0,0,0,8,5,8,0,3,0,2,0,0,0,0,0,0,0,0,5701632,0,5701632,9,7418773667519865301,0,0,3,8,3,0,0,0
layer,16,0,15,142,decode,22,8,2,6,6642,693,2384,136,2,0,2,6878,8,26,0,0,0,0,0,0,60,lru,0,0,0,0,0,0,8,2,8,0,6,0,3,0,0,0,0,0,0,0,0,11403264,0,11403264,18,11733584676837352903,0,0,6,8,6,0,0,0
layer,16,0,15,142,decode,23,8,6,2,10521,403,2445,56,2,0,2,10654,8,26,0,0,0,0,0,0,60,lru,0,0,0,0,0,0,8,6,8,0,2,0,2,0,0,0,0,0,0,0,0,3801088,0,3801088,6,4081702346413435563,0,0,2,8,2,0,0,0
layer,16,0,15,142,decode,24,8,4,4,17821,574,2453,110,2,0,2,17961,8,3,0,0,0,0,0,0,60,lru,0,0,0,0,0,0,8,4,8,0,4,0,2,0,0,0,0,0,0,0,0,7602176,0,7602176,12,5962391542318802787,0,0,4,8,4,0,0,0
layer,16,0,15,142,decode,25,8,8,0,0,0,2440,0,0,0,0,18,7,2,0,0,0,0,0,0,60,lru,0,0,0,0,0,0,8,8,8,0,0,0,2,0,0,0,0,0,0,0,0,0,0,0,0,15787582571403315255,0,0,0,8,0,0,0,0
layer,16,0,15,142,decode,26,8,7,1,8231,315,2425,30,1,0,1,8293,7,4,0,0,0,0,0,0,60,lru,0,0,0,0,0,0,8,7,8,0,1,0,2,0,0,0,0,0,0,0,0,1900544,0,1900544,3,209750976994432185,0,0,1,8,1,0,0,0
layer,16,0,15,142,decode,27,8,6,2,13010,287,2446,49,2,0,2,13110,7,5,0,0,0,0,0,0,60,lru,0,0,0,0,0,0,8,6,8,0,2,0,2,0,0,0,0,0,0,0,0,3801088,0,3801088,6,13273860763028965888,0,0,2,8,2,0,0,0
layer,16,0,15,142,decode,28,8,7,1,326,155,2436,40,1,0,1,431,7,24,0,0,0,0,0,0,60,lru,0,0,0,0,0,0,8,7,8,0,1,0,2,0,0,0,0,0,0,0,0,1900544,0,1900544,3,6573501666054693141,0,0,1,8,1,0,0,0
layer,16,0,15,142,decode,29,8,8,0,0,0,2455,0,0,0,0,18,7,1,0,0,0,0,0,0,60,lru,0,0,0,0,0,0,8,8,8,0,0,0,2,0,0,0,0,0,0,0,0,0,0,0,0,10021994009035515532,0,0,0,8,0,0,0,0
layer,16,0,15,142,decode,30,8,7,1,298,236,2436,9,1,0,1,350,7,2,0,0,0,0,0,0,60,lru,0,0,0,0,0,0,8,7,8,0,1,0,2,0,0,0,0,0,0,0,0,1900544,0,1900544,3,12145138907635053968,0,0,1,8,1,0,0,0
layer,16,0,15,142,decode,31,8,8,0,0,0,2444,0,0,0,0,18,7,1,0,0,0,0,0,0,60,lru,0,0,0,0,0,0,8,8,8,0,0,0,2,0,0,0,0,0,0,0,0,0,0,0,0,16265091179908078636,0,0,0,8,0,0,0,0
layer,16,0,15,142,decode,32,8,6,2,7242,428,2457,45,2,0,2,7362,6,19,0,0,0,0,0,0,60,lru,0,0,0,0,0,0,8,6,8,0,2,0,2,0,0,0,0,0,0,0,0,3801088,0,3801088,6,13127897476328220636,0,0,2,8,2,0,0,0
layer,16,0,15,142,decode,33,8,8,0,0,0,2449,0,0,0,0,19,8,2,0,0,0,0,0,0,60,lru,0,0,0,0,0,0,8,8,8,0,0,0,2,0,0,0,0,0,0,0,0,0,0,0,0,15880715936103628225,0,0,0,8,0,0,0,0
layer,16,0,15,142,decode,34,8,5,3,4425,492,2438,93,2,0,2,4559,7,10,0,0,0,0,0,0,60,lru,0,0,0,0,0,0,8,5,8,0,3,0,2,0,0,0,0,0,0,0,0,6119424,0,6119424,9,15275218878491194367,0,0,3,8,3,0,0,0
layer,16,0,15,142,decode,35,8,5,3,5765,386,2444,89,2,0,2,5911,7,16,0,0,0,0,0,0,60,lru,0,0,0,0,0,0,8,5,8,0,3,0,2,0,0,0,0,0,0,0,0,5701632,0,5701632,9,11942124224666716997,0,0,3,8,3,0,0,0
layer,16,0,15,142,decode,36,8,4,4,7991,705,2445,147,2,0,2,8135,8,2,0,0,0,0,0,0,60,lru,0,0,0,0,0,0,8,4,8,0,4,0,2,0,0,0,0,0,0,0,0,7602176,0,7602176,12,10391970205351252150,0,0,4,8,4,0,0,0
layer,16,0,15,142,decode,37,8,7,1,290,172,1402,23,1,0,1,351,7,4,0,0,0,0,0,0,60,lru,0,0,0,0,0,0,8,7,8,0,1,0,2,0,0,0,0,0,0,0,0,1900544,0,1900544,3,6474314676943778496,0,0,1,8,1,0,0,0
layer,16,0,15,142,decode,38,8,6,2,655,286,269,62,2,0,2,781,8,19,0,0,0,0,0,0,60,lru,0,0,0,0,0,0,8,6,8,0,2,0,2,0,0,0,0,0,0,0,0,4079616,0,4079616,6,8445810111345092679,0,0,2,8,2,0,0,0
layer,16,0,15,142,decode,39,8,5,3,7050,405,763,82,2,0,2,7178,8,2,0,0,0,0,0,0,60,lru,0,0,0,0,0,0,8,5,8,0,3,0,2,0,0,0,0,0,0,0,0,6119424,0,6119424,9,15336358634852594588,0,0,3,8,3,0,0,0
request,16,0,15,0,decode,-1,0,0,0,0,0,0,0,0,0,0,0,0,0,0,0,0,0,0,0,0,,327384,626,0,0,17,0,0,0,0,0,0,0,0,0,0,0,0,0,0,0,0,0,0,0,0,0,0,0,0,0,0,0,0,0
layer,17,0,16,143,decode,0,8,0,8,2913,1176,2392,290,3,0,3,3200,8,3,0,0,0,0,0,0,60,lru,0,0,0,0,0,0,8,0,8,0,8,0,4,0,0,0,0,0,0,0,0,15204352,0,15204352,24,6731112273833697849,0,0,8,8,8,0,0,0
layer,17,0,16,143,decode,1,8,1,7,3033,1305,2461,469,2,0,2,3377,8,10,0,0,0,0,0,0,60,lru,0,0,0,0,0,0,8,1,8,0,7,0,4,0,0,0,0,0,0,0,0,13303808,0,13303808,21,7556537180114517821,0,0,7,8,7,0,0,0
layer,17,0,16,143,decode,2,8,6,2,813,399,2424,138,4,0,4,969,7,21,0,0,0,0,0,0,60,lru,0,0,0,0,0,0,8,6,8,0,2,0,4,0,0,0,0,0,0,0,0,3801088,0,3801088,6,4163858685323151748,0,0,2,8,2,0,0,0
layer,17,0,16,143,decode,3,8,6,2,823,387,2445,166,3,0,3,1012,8,29,0,0,0,0,0,0,60,lru,0,0,0,0,0,0,8,6,8,0,2,0,4,0,0,0,0,0,0,0,0,3801088,0,3801088,6,2032134694375833465,0,0,2,8,2,0,0,0
layer,17,0,16,143,decode,4,8,7,1,409,210,2419,108,3,0,3,572,7,16,0,0,0,0,0,0,60,lru,0,0,0,0,0,0,8,7,8,0,1,0,3,0,0,0,0,0,0,0,0,1900544,0,1900544,3,6225266555430094538,0,0,1,8,1,0,0,0
layer,17,0,16,143,decode,5,8,6,2,1018,521,2491,194,3,0,3,1209,7,22,0,0,0,0,0,0,60,lru,0,0,0,0,0,0,8,6,8,0,2,0,3,0,0,0,0,0,0,0,0,3801088,0,3801088,6,3930504545289937559,0,0,2,8,2,0,0,0
layer,17,0,16,143,decode,6,8,4,4,1964,1009,2421,302,4,0,4,2254,7,8,0,0,0,0,0,0,60,lru,0,0,0,0,0,0,8,4,8,0,4,0,4,0,0,0,0,0,0,0,0,7602176,0,7602176,12,10112472546312832468,0,0,4,8,4,0,0,0
layer,17,0,16,143,decode,7,8,7,1,5678,237,347,30,3,0,3,5778,8,16,0,0,0,0,0,0,60,lru,0,0,0,0,0,0,8,7,8,0,1,0,3,0,0,0,0,0,0,0,0,1900544,0,1900544,3,14163163460282188302,0,0,1,8,1,0,0,0
layer,17,0,16,143,decode,8,8,7,1,345,154,301,25,2,0,2,449,8,29,0,0,0,0,0,0,60,lru,0,0,0,0,0,0,8,7,8,0,1,0,4,0,0,0,0,0,0,0,0,1900544,0,1900544,3,16230172852426279015,0,0,1,8,1,0,0,0
layer,17,0,16,143,decode,9,8,7,1,5060,382,2455,24,1,0,1,5113,7,2,0,0,0,0,0,0,60,lru,0,0,0,0,0,0,8,7,8,0,1,0,3,0,0,0,0,0,0,0,0,1900544,0,1900544,3,3062514187066680069,0,0,1,8,1,0,0,0
layer,17,0,16,143,decode,10,8,6,2,673,280,2423,57,3,0,3,774,8,3,0,0,0,0,0,0,60,lru,0,0,0,0,0,0,8,6,8,0,2,0,2,0,0,0,0,0,0,0,0,3801088,0,3801088,6,5800745931752175964,0,0,2,8,2,0,0,0
layer,17,0,16,143,decode,11,8,5,3,997,396,2434,119,3,0,3,1158,7,5,0,0,0,0,0,0,60,lru,0,0,0,0,0,0,8,5,8,0,3,0,3,0,0,0,0,0,0,0,0,5701632,0,5701632,9,13914232777020735416,0,0,3,8,3,0,0,0
layer,17,0,16,143,decode,12,8,7,1,337,160,2441,27,1,0,1,397,7,2,0,0,0,0,0,0,60,lru,0,0,0,0,0,0,8,7,8,0,1,0,3,0,0,0,0,0,0,0,0,1900544,0,1900544,3,5438226411807768151,0,0,1,8,1,0,0,0
layer,17,0,16,143,decode,13,8,7,1,307,206,2457,26,1,0,1,367,7,2,0,0,0,0,0,0,60,lru,0,0,0,0,0,0,8,7,8,0,1,0,2,0,0,0,0,0,0,0,0,1900544,0,1900544,3,11304144223014154896,0,0,1,8,1,0,0,0
layer,17,0,16,143,decode,14,8,6,2,603,274,2427,23,2,0,2,686,8,5,0,0,0,0,0,0,60,lru,0,0,0,0,0,0,8,6,8,0,2,0,2,0,0,0,0,0,0,0,0,3801088,0,3801088,6,644248220199061999,0,0,2,8,2,0,0,0
layer,17,0,16,143,decode,15,8,6,2,625,260,2440,44,2,0,2,741,9,8,0,0,0,0,0,0,60,lru,0,0,0,0,0,0,8,6,8,0,2,0,2,0,0,0,0,0,0,0,0,3801088,0,3801088,6,11228248018052255611,0,0,2,8,2,0,0,0
layer,17,0,16,143,decode,16,8,7,1,334,161,2435,20,1,0,1,420,8,26,0,0,0,0,0,0,60,lru,0,0,0,0,0,0,8,7,8,0,1,0,2,0,0,0,0,0,0,0,0,1900544,0,1900544,3,4834820162344062315,0,0,1,8,1,0,0,0
layer,17,0,16,143,decode,17,8,6,2,6042,521,2447,48,2,0,2,6126,7,2,0,0,0,0,0,0,60,lru,0,0,0,0,0,0,8,6,8,0,2,0,2,0,0,0,0,0,0,0,0,3801088,0,3801088,6,9536095959376589973,0,0,2,8,2,0,0,0
layer,17,0,16,143,decode,18,8,8,0,0,0,2404,0,0,0,0,18,7,1,0,0,0,0,0,0,60,lru,0,0,0,0,0,0,8,8,8,0,0,0,2,0,0,0,0,0,0,0,0,0,0,0,0,16908288186566416876,0,0,0,8,0,0,0,0
layer,17,0,16,143,decode,19,8,5,3,8339,479,2446,67,3,0,3,8495,7,25,0,0,0,0,0,0,60,lru,0,0,0,0,0,0,8,5,8,0,3,0,2,0,0,0,0,0,0,0,0,5701632,0,5701632,9,12875889665982809322,0,0,3,8,3,0,0,0
layer,17,0,16,143,decode,20,8,5,3,1371,388,2436,76,2,0,2,1489,8,4,0,0,0,0,0,0,60,lru,0,0,0,0,0,0,8,5,8,0,3,0,2,0,0,0,0,0,0,0,0,5701632,0,5701632,9,10241447722034559854,0,0,3,8,3,0,0,0
layer,17,0,16,143,decode,21,8,7,1,342,124,2458,32,2,0,2,413,7,10,0,0,0,0,0,0,60,lru,0,0,0,0,0,0,8,7,8,0,1,0,2,0,0,0,0,0,0,0,0,1900544,0,1900544,3,3284128287809252459,0,0,1,8,1,0,0,0
layer,17,0,16,143,decode,22,8,5,3,1295,398,2432,52,2,0,2,1425,7,13,0,0,0,0,0,0,60,lru,0,0,0,0,0,0,8,5,8,0,3,0,2,0,0,0,0,0,0,0,0,5701632,0,5701632,9,12754594762007696671,0,0,3,8,3,0,0,0
layer,17,0,16,143,decode,23,8,5,3,860,376,2445,102,3,0,3,1005,8,13,0,0,0,0,0,0,60,lru,0,0,0,0,0,0,8,5,8,0,3,0,3,0,0,0,0,0,0,0,0,5701632,0,5701632,9,208543683902953620,0,0,3,8,3,0,0,0
layer,17,0,16,143,decode,24,8,7,1,281,185,2385,55,1,0,1,416,8,40,0,0,0,0,0,0,60,lru,0,0,0,0,0,0,8,7,8,0,1,0,2,0,0,0,0,0,0,0,0,1900544,0,1900544,3,293792984493066743,0,0,1,8,1,0,0,0
layer,17,0,16,143,decode,25,8,8,0,0,0,2423,0,0,0,0,19,8,2,0,0,0,0,0,0,60,lru,0,0,0,0,0,0,8,8,8,0,0,0,2,0,0,0,0,0,0,0,0,0,0,0,0,2117805231360428161,0,0,0,8,0,0,0,0
layer,17,0,16,143,decode,26,8,6,2,569,318,408,26,2,0,2,650,7,4,0,0,0,0,0,0,60,lru,0,0,0,0,0,0,8,6,8,0,2,0,2,0,0,0,0,0,0,0,0,3801088,0,3801088,6,17525054320519208547,0,0,2,8,2,0,0,0
layer,17,0,16,143,decode,27,8,7,1,289,159,337,29,1,0,1,405,7,33,0,0,0,0,0,0,60,lru,0,0,0,0,0,0,8,7,8,0,1,0,2,0,0,0,0,0,0,0,0,1900544,0,1900544,3,4018771934439134405,0,0,1,8,1,0,0,0
layer,17,0,16,143,decode,28,8,8,0,0,0,312,0,0,0,0,18,8,1,0,0,0,0,0,0,60,lru,0,0,0,0,0,0,8,8,8,0,0,0,2,0,0,0,0,0,0,0,0,0,0,0,0,13642727919551759442,0,0,0,8,0,0,0,0
layer,17,0,16,143,decode,29,8,5,3,5317,524,2446,83,2,0,2,5496,6,23,0,0,0,0,0,0,60,lru,0,0,0,0,0,0,8,5,8,0,3,0,2,0,0,0,0,0,0,0,0,5701632,0,5701632,9,6269457799158836022,0,0,3,8,3,0,0,0
layer,17,0,16,143,decode,30,8,8,0,0,0,2414,0,0,0,0,19,8,1,0,0,0,0,0,0,60,lru,0,0,0,0,0,0,8,8,8,0,0,0,2,0,0,0,0,0,0,0,0,0,0,0,0,13912766841781980735,0,0,0,8,0,0,0,0
layer,17,0,16,143,decode,31,8,7,1,336,176,2456,65,2,0,2,448,7,33,0,0,0,0,0,0,60,lru,0,0,0,0,0,0,8,7,8,0,1,0,2,0,0,0,0,0,0,0,0,1900544,0,1900544,3,14581777068391917983,0,0,1,8,1,0,0,0
layer,17,0,16,143,decode,32,8,3,5,2029,936,2462,326,2,0,2,2336,7,19,0,0,0,0,0,0,60,lru,0,0,0,0,0,0,8,3,8,0,5,0,2,0,0,0,0,0,0,0,0,9502720,0,9502720,15,4946725975569381239,0,0,5,8,5,0,0,0
layer,17,0,16,143,decode,33,8,4,4,1807,745,2454,196,2,0,2,2055,7,39,0,0,0,0,0,0,60,lru,0,0,0,0,0,0,8,4,8,0,4,0,3,0,0,0,0,0,0,0,0,7602176,0,7602176,12,5967559010121167644,0,0,4,8,4,0,0,0
layer,17,0,16,143,decode,34,8,5,3,1359,632,2436,165,2,0,2,1513,7,9,0,0,0,0,0,0,60,lru,0,0,0,0,0,0,8,5,8,0,3,0,2,0,0,0,0,0,0,0,0,6119424,0,6119424,9,7942688547617361804,0,0,3,8,3,0,0,0
layer,17,0,16,143,decode,35,8,5,3,5415,625,2460,95,2,0,2,5557,7,4,0,0,0,0,0,0,60,lru,0,0,0,0,0,0,8,5,8,0,3,0,2,0,0,0,0,0,0,0,0,5701632,0,5701632,9,8982013356315847267,0,0,3,8,3,0,0,0
layer,17,0,16,143,decode,36,8,5,3,1699,395,2454,68,2,0,2,1813,7,2,0,0,0,0,0,0,60,lru,0,0,0,0,0,0,8,5,8,0,3,0,2,0,0,0,0,0,0,0,0,5701632,0,5701632,9,7967472705446822838,0,0,3,8,3,0,0,0
layer,17,0,16,143,decode,37,8,1,7,8422,840,2457,211,2,0,2,8652,8,2,0,0,0,0,0,0,60,lru,0,0,0,0,0,0,8,1,8,0,7,0,2,0,0,0,0,0,0,0,0,13303808,0,13303808,21,18213062720606978481,0,0,7,8,7,0,0,0
layer,17,0,16,143,decode,38,8,4,4,1521,520,2425,109,2,0,2,1675,8,11,0,0,0,0,0,0,60,lru,0,0,0,0,0,0,8,4,8,0,4,0,2,0,0,0,0,0,0,0,0,8159232,0,8159232,12,5075305020169880840,0,0,4,8,4,0,0,0
layer,17,0,16,143,decode,39,8,2,6,7784,718,765,192,1,0,1,8031,8,26,0,0,0,0,0,0,60,lru,0,0,0,0,0,0,8,2,8,0,6,0,2,0,0,0,0,0,0,0,0,12238848,0,12238848,18,4203132320158444510,0,0,6,8,6,0,0,0
request,17,0,16,0,decode,-1,0,0,0,0,0,0,0,0,0,0,0,0,0,0,0,0,0,0,0,0,,162108,648,0,0,16,0,0,0,0,0,0,0,0,0,0,0,0,0,0,0,0,0,0,0,0,0,0,0,0,0,0,0,0,0
