row_type,request_idx,repeat_idx,batch_idx,token_idx,phase,layer,k_required,k_hit,k_miss,ssd_read_us,h2d_us,compute_us,stall_us,pred_us,pred_observe_us,pred_score_us,callback_wall_us,topk_d2h_us,slot_ids_h2d_us,slot_table_h2d_us,eamc_rows_scored,eamc_cosine_us,eamc_score_materialize_us,eamc_score_cache_hits,eamc_score_cache_misses,cache_resident_experts,predictor,request_wall_us,request_end_us,predictor_end_us,predictor_save_us,profile_flush_us,sidecar_write_bytes,routes_required,routes_hit,routes_persistent,k_empty_admit,k_victim_admit,k_scratch,route_rank_us
layer,1,0,0,0,prefill_target,0,155,0,155,145091,62559,4987,12194,3,3,0,155314,29,88,0,0,0,0,0,0,45,lru,0,0,0,0,0,0,1024,0,801,45,0,110,29
layer,1,0,0,0,prefill_target,1,173,0,173,141144,49189,2849,5031,2,2,0,148882,20,47,0,0,0,0,0,0,45,lru,0,0,0,0,0,0,1024,0,726,45,0,128,22
layer,1,0,0,0,prefill_target,2,170,0,170,118799,38907,6864,2544,1,1,0,125170,16,36,0,0,0,0,0,0,45,lru,0,0,0,0,0,0,1024,0,732,45,0,125,19
layer,1,0,0,0,prefill_target,3,125,0,125,92547,32627,2015,2510,2,2,0,97622,17,55,0,0,0,0,0,0,45,lru,0,0,0,0,0,0,1024,0,867,45,0,80,19
layer,1,0,0,0,prefill_target,4,66,0,66,44483,15543,1630,1354,1,1,0,47117,15,46,0,0,0,0,0,0,45,lru,0,0,0,0,0,0,1024,0,1003,45,0,21,10
layer,1,0,0,0,prefill_target,5,78,0,78,48708,18561,1705,1595,3,3,0,51683,15,22,0,0,0,0,0,0,45,lru,0,0,0,0,0,0,1024,0,986,45,0,33,11
layer,1,0,0,0,prefill_target,6,66,0,66,49767,15363,1314,1120,1,1,0,52321,11,33,0,0,0,0,0,0,45,lru,0,0,0,0,0,0,1024,0,997,45,0,21,9
layer,1,0,0,0,prefill_target,7,78,0,78,58899,17614,1843,1106,2,2,0,62049,11,23,0,0,0,0,0,0,45,lru,0,0,0,0,0,0,1024,0,979,45,0,33,10
layer,1,0,0,0,prefill_target,8,76,0,76,46091,17688,1828,1621,1,1,0,49087,13,23,0,0,0,0,0,0,45,lru,0,0,0,0,0,0,1024,0,990,45,0,31,9
layer,1,0,0,0,prefill_target,9,52,0,52,30576,11974,1534,1043,2,2,0,32649,12,51,0,0,0,0,0,0,45,lru,0,0,0,0,0,0,1024,0,1017,45,0,7,8
layer,1,0,0,0,prefill_target,10,73,0,73,43446,16900,1533,1576,1,1,0,46312,11,49,0,0,0,0,0,0,45,lru,0,0,0,0,0,0,1024,0,995,45,0,28,9
layer,1,0,0,0,prefill_target,11,71,0,71,55246,15657,1802,1090,2,2,0,57916,11,45,0,0,0,0,0,0,45,lru,0,0,0,0,0,0,1024,0,998,45,0,26,9
layer,1,0,0,0,prefill_target,12,76,0,76,53516,16820,1666,1210,1,1,0,56365,12,30,0,0,0,0,0,0,45,lru,0,0,0,0,0,0,1024,0,987,45,0,31,9
layer,1,0,0,0,prefill_target,13,73,0,73,52228,16276,1649,1304,2,2,0,55021,11,47,0,0,0,0,0,0,45,lru,0,0,0,0,0,0,1024,0,983,45,0,28,9
layer,1,0,0,0,prefill_target,14,74,0,74,44333,17436,1533,1262,1,1,0,47153,13,24,0,0,0,0,0,0,45,lru,0,0,0,0,0,0,1024,0,986,45,0,29,10
layer,1,0,0,0,prefill_target,15,77,0,77,47997,17293,1729,1204,3,3,0,50905,14,35,0,0,0,0,0,0,45,lru,0,0,0,0,0,0,1024,0,984,45,0,32,10
layer,1,0,0,0,prefill_target,16,69,0,69,42790,16378,1611,1165,1,1,0,45471,14,29,0,0,0,0,0,0,45,lru,0,0,0,0,0,0,1024,0,997,45,0,24,10
layer,1,0,0,0,prefill_target,17,65,0,65,40009,15519,1683,1091,2,2,0,42526,12,21,0,0,0,0,0,0,45,lru,0,0,0,0,0,0,1024,0,1002,45,0,20,9
layer,1,0,0,0,prefill_target,18,69,0,69,41652,16598,1556,1298,1,1,0,44354,13,61,0,0,0,0,0,0,45,lru,0,0,0,0,0,0,1024,0,982,45,0,24,9
layer,1,0,0,0,prefill_target,19,71,0,71,42985,16815,1762,1103,2,2,0,45701,11,37,0,0,0,0,0,0,45,lru,0,0,0,0,0,0,1024,0,992,45,0,26,9
layer,1,0,0,0,prefill_target,20,83,0,83,52189,19878,1775,1386,1,1,0,55311,11,48,0,0,0,0,0,0,45,lru,0,0,0,0,0,0,1024,0,964,45,0,38,9
layer,1,0,0,0,prefill_target,21,78,0,78,57017,17956,1523,1871,2,2,0,60066,17,9,0,0,0,0,0,0,45,lru,0,0,0,0,0,0,1024,0,974,45,0,33,12
layer,1,0,0,0,prefill_target,22,89,0,89,54379,19558,1539,2958,1,1,0,59371,16,95,0,0,0,0,0,0,45,lru,0,0,0,0,0,0,1024,0,943,45,0,44,14
layer,1,0,0,0,prefill_target,23,81,0,81,60294,17217,1541,1173,3,3,0,63311,22,33,0,0,0,0,0,0,45,lru,0,0,0,0,0,0,1024,0,974,45,0,36,13
layer,1,0,0,0,prefill_target,24,90,0,90,63465,19289,1604,1543,1,1,0,66813,13,21,0,0,0,0,0,0,45,lru,0,0,0,0,0,0,1024,0,932,45,0,45,11
layer,1,0,0,0,prefill_target,25,79,0,79,56939,16859,1525,1220,2,2,0,59833,13,42,0,0,0,0,0,0,45,lru,0,0,0,0,0,0,1024,0,960,45,0,34,10
layer,1,0,0,0,prefill_target,26,75,0,75,53742,15865,1345,1218,1,1,0,56476,13,7,0,0,0,0,0,0,45,lru,0,0,0,0,0,0,1024,0,978,45,0,30,11
layer,1,0,0,0,prefill_target,27,74,0,74,53544,15642,1501,1230,2,2,0,56403,12,36,0,0,0,0,0,0,45,lru,0,0,0,0,0,0,1024,0,985,45,0,29,10
layer,1,0,0,0,prefill_target,28,64,0,64,44713,13814,1433,1358,1,1,0,47185,12,30,0,0,0,0,0,0,45,lru,0,0,0,0,0,0,1024,0,1005,45,0,19,9
layer,1,0,0,0,prefill_target,29,63,0,63,44256,13705,1558,919,2,2,0,46713,12,43,0,0,0,0,0,0,45,lru,0,0,0,0,0,0,1024,0,1006,45,0,18,8
layer,1,0,0,0,prefill_target,30,65,0,65,46450,14264,1402,952,1,1,0,48859,11,29,0,0,0,0,0,0,45,lru,0,0,0,0,0,0,1024,0,989,45,0,20,9
layer,1,0,0,0,prefill_target,31,63,0,63,47737,13413,1565,887,2,2,0,49987,11,32,0,0,0,0,0,0,45,lru,0,0,0,0,0,0,1024,0,1002,45,0,18,9
layer,1,0,0,0,prefill_target,32,62,0,62,49980,13598,1554,928,1,1,0,52386,11,59,0,0,0,0,0,0,45,lru,0,0,0,0,0,0,1024,0,1002,45,0,17,10
layer,1,0,0,0,prefill_target,33,60,0,60,47188,13055,1413,955,2,2,0,49458,12,5,0,0,0,0,0,0,45,lru,0,0,0,0,0,0,1024,0,1009,45,0,15,10
layer,1,0,0,0,prefill_target,34,62,0,62,44688,13531,1378,1091,1,1,0,47053,12,37,0,0,0,0,0,0,45,lru,0,0,0,0,0,0,1024,0,1007,45,0,17,8
layer,1,0,0,0,prefill_target,35,47,0,47,34966,10338,1492,776,2,2,0,36774,11,25,0,0,0,0,0,0,45,lru,0,0,0,0,0,0,1024,0,1022,45,0,2,7
layer,1,0,0,0,prefill_target,36,66,0,66,51894,14066,1566,944,2,2,0,54352,10,31,0,0,0,0,0,0,45,lru,0,0,0,0,0,0,1024,0,999,45,0,21,8
layer,1,0,0,0,prefill_target,37,61,0,61,42764,13455,1408,988,2,2,0,45080,10,35,0,0,0,0,0,0,45,lru,0,0,0,0,0,0,1024,0,1007,45,0,16,8
layer,1,0,0,0,prefill_target,38,67,0,67,43092,14731,1274,1190,1,1,0,45668,11,36,0,0,0,0,0,0,45,lru,0,0,0,0,0,0,1024,0,997,45,0,22,9
layer,1,0,0,0,prefill_target,39,79,0,79,48289,17382,7259,1340,2,2,0,51271,11,34,0,0,0,0,0,0,45,lru,0,0,0,0,0,0,1024,0,967,45,0,34,10
request,1,0,0,0,prefill_target,-1,0,0,0,0,0,0,0,0,0,0,0,0,0,0,0,0,0,0,0,0,,2810579,20080,0,0,54,0,0,0,0,0,0,0,0
layer,2,0,0,0,prefill_mtp_process,40,94,0,94,98063,45258,1416,10107,1,1,0,103596,20,68,0,0,0,0,0,0,45,lru,0,0,0,0,0,0,1024,0,926,45,0,49,16
request,2,0,0,0,prefill_mtp_process,-1,0,0,0,0,0,0,0,0,0,0,0,0,0,0,0,0,0,0,0,0,,147176,270,0,0,14,0,0,0,0,0,0,0,0
layer,3,0,1,0,decode_mtp_draft,40,8,7,1,799,385,1241,917,1,0,1,1800,30,5,0,0,0,0,0,0,45,lru,0,0,0,0,0,0,8,7,8,0,1,0,3
request,3,0,1,0,decode_mtp_draft,-1,0,0,0,0,0,0,0,0,0,0,0,0,0,0,0,0,0,0,0,0,,16954,36,0,0,14,0,0,0,0,0,0,0,0
layer,4,0,1,129,decode_target,0,15,7,8,9799,4960,444,1224,29,0,29,10614,16,24,0,0,0,0,0,0,45,lru,0,0,0,0,0,0,16,8,16,0,8,0,4
layer,4,0,1,129,decode_target,1,12,8,4,4621,2409,271,562,22,1,21,5133,12,28,0,0,0,0,0,0,45,lru,0,0,0,0,0,0,16,11,16,0,4,0,3
layer,4,0,1,129,decode_target,2,11,8,3,3298,1809,9653,426,20,0,20,3675,9,25,0,0,0,0,0,0,45,lru,0,0,0,0,0,0,16,13,16,0,3,0,2
layer,4,0,1,129,decode_target,3,12,9,3,3276,1785,280,278,25,0,25,3667,13,25,0,0,0,0,0,0,45,lru,0,0,0,0,0,0,16,13,16,0,3,0,3
layer,4,0,1,129,decode_target,4,12,9,3,3177,1765,262,494,29,0,29,3508,10,20,0,0,0,0,0,0,45,lru,0,0,0,0,0,0,16,13,16,0,3,0,2
layer,4,0,1,129,decode_target,5,10,8,2,1914,1179,258,242,22,0,22,2156,8,15,0,0,0,0,0,0,45,lru,0,0,0,0,0,0,16,14,16,0,2,0,2
layer,4,0,1,129,decode_target,6,12,11,1,1099,558,235,29,11,0,11,1249,13,15,0,0,0,0,0,0,45,lru,0,0,0,0,0,0,16,15,16,0,1,0,0
layer,4,0,1,129,decode_target,7,14,12,2,2034,1104,399,211,15,0,15,2278,9,24,0,0,0,0,0,0,45,lru,0,0,0,0,0,0,16,14,16,0,2,0,2
layer,4,0,1,129,decode_target,8,13,12,1,940,645,270,131,9,0,9,1078,8,5,0,0,0,0,0,0,45,lru,0,0,0,0,0,0,16,15,16,0,1,0,3
layer,4,0,1,129,decode_target,9,11,11,0,0,0,350,0,0,0,0,35,9,2,0,0,0,0,0,0,45,lru,0,0,0,0,0,0,16,16,16,0,0,0,2
layer,4,0,1,129,decode_target,10,10,10,0,0,0,269,0,1,1,0,33,9,2,0,0,0,0,0,0,45,lru,0,0,0,0,0,0,16,16,16,0,0,0,0
layer,4,0,1,129,decode_target,11,12,10,2,1951,1124,384,314,12,1,11,2139,8,3,0,0,0,0,0,0,45,lru,0,0,0,0,0,0,16,14,16,0,2,0,0
layer,4,0,1,129,decode_target,12,11,9,2,1978,1152,260,294,11,0,11,2204,8,22,0,0,0,0,0,0,45,lru,0,0,0,0,0,0,16,14,16,0,2,0,2
layer,4,0,1,129,decode_target,13,11,8,3,3073,1776,260,537,15,0,15,3399,9,23,0,0,0,0,0,0,45,lru,0,0,0,0,0,0,16,13,16,0,3,0,0
layer,4,0,1,129,decode_target,14,10,9,1,928,604,232,88,7,0,7,1175,9,34,0,0,0,0,0,0,45,lru,0,0,0,0,0,0,16,15,16,0,1,0,0
layer,4,0,1,129,decode_target,15,11,10,1,960,595,382,83,10,0,10,1099,8,11,0,0,0,0,0,0,45,lru,0,0,0,0,0,0,16,15,16,0,1,0,2
layer,4,0,1,129,decode_target,16,12,11,1,987,588,385,58,1,0,1,1123,8,16,0,0,0,0,0,0,45,lru,0,0,0,0,0,0,16,15,16,0,1,0,0
layer,4,0,1,129,decode_target,17,11,10,1,979,584,257,156,2,0,2,1141,8,23,0,0,0,0,0,0,45,lru,0,0,0,0,0,0,16,15,16,0,1,0,0
layer,4,0,1,129,decode_target,18,12,10,2,2144,1210,359,304,1,0,1,2386,8,18,0,0,0,0,0,0,45,lru,0,0,0,0,0,0,16,13,16,0,2,0,2
layer,4,0,1,129,decode_target,19,14,14,0,0,0,268,0,0,0,0,24,8,2,0,0,0,0,0,0,45,lru,0,0,0,0,0,0,16,16,16,0,0,0,2
layer,4,0,1,129,decode_target,20,12,10,2,2140,1212,262,295,3,1,2,2405,8,31,0,0,0,0,0,0,45,lru,0,0,0,0,0,0,16,14,16,0,2,0,0
layer,4,0,1,129,decode_target,21,11,11,0,0,0,331,0,0,0,0,24,9,2,0,0,0,0,0,0,45,lru,0,0,0,0,0,0,16,16,16,0,0,0,4
layer,4,0,1,129,decode_target,22,10,9,1,1005,594,221,95,1,0,1,1133,8,14,0,0,0,0,0,0,45,lru,0,0,0,0,0,0,16,14,16,0,1,0,2
layer,4,0,1,129,decode_target,23,14,12,2,2059,1287,266,306,2,0,2,2228,8,2,0,0,0,0,0,0,45,lru,0,0,0,0,0,0,16,14,16,0,2,0,0
layer,4,0,1,129,decode_target,24,13,12,1,997,555,264,82,1,0,1,1117,9,11,0,0,0,0,0,0,45,lru,0,0,0,0,0,0,16,15,16,0,1,0,2
layer,4,0,1,129,decode_target,25,12,10,2,2053,1183,260,205,2,0,2,2289,8,30,0,0,0,0,0,0,45,lru,0,0,0,0,0,0,16,14,16,0,2,0,3
layer,4,0,1,129,decode_target,26,11,11,0,0,0,292,0,0,0,0,22,9,2,0,0,0,0,0,0,45,lru,0,0,0,0,0,0,16,16,16,0,0,0,0
layer,4,0,1,129,decode_target,27,11,11,0,0,0,319,0,0,0,0,20,8,2,0,0,0,0,0,0,45,lru,0,0,0,0,0,0,16,16,16,0,0,0,0
layer,4,0,1,129,decode_target,28,11,9,2,2178,1189,252,137,2,0,2,2370,8,21,0,0,0,0,0,0,45,lru,0,0,0,0,0,0,16,14,16,0,2,0,2
layer,4,0,1,129,decode_target,29,12,11,1,926,612,260,231,1,0,1,1130,9,21,0,0,0,0,0,0,45,lru,0,0,0,0,0,0,16,15,16,0,1,0,0
layer,4,0,1,129,decode_target,30,14,12,2,2047,1175,371,304,2,0,2,2338,9,21,0,0,0,0,0,0,45,lru,0,0,0,0,0,0,16,14,16,0,2,0,0
layer,4,0,1,129,decode_target,31,13,11,2,3931,969,267,148,2,0,2,4173,8,19,0,0,0,0,0,0,45,lru,0,0,0,0,0,0,16,14,16,0,2,0,2
layer,4,0,1,129,decode_target,32,11,10,1,556,344,262,21,1,0,1,624,9,3,0,0,0,0,0,0,45,lru,0,0,0,0,0,0,16,15,16,0,1,0,0
layer,4,0,1,129,decode_target,33,12,11,1,623,353,264,23,1,0,1,730,10,31,0,0,0,0,0,0,45,lru,0,0,0,0,0,0,16,15,16,0,1,0,0
layer,4,0,1,129,decode_target,34,13,8,5,3227,1278,362,83,2,0,2,3437,8,3,0,0,0,0,0,0,45,lru,0,0,0,0,0,0,16,11,16,0,5,0,2
layer,4,0,1,129,decode_target,35,10,10,0,0,0,244,0,0,0,0,21,8,2,0,0,0,0,0,0,45,lru,0,0,0,0,0,0,16,16,16,0,0,0,0
layer,4,0,1,129,decode_target,36,11,8,3,1994,797,261,55,2,0,2,2167,8,15,0,0,0,0,0,0,45,lru,0,0,0,0,0,0,16,12,16,0,3,0,2
layer,4,0,1,129,decode_target,37,11,9,2,1079,555,385,28,2,0,2,1186,9,2,0,0,0,0,0,0,45,lru,0,0,0,0,0,0,16,14,16,0,2,0,2
layer,4,0,1,129,decode_target,38,13,9,4,2247,1045,235,132,2,0,2,2418,8,2,0,0,0,0,0,0,45,lru,0,0,0,0,0,0,16,12,16,0,4,0,0
layer,4,0,1,129,decode_target,39,11,9,2,1050,571,968,26,2,0,2,1153,8,4,0,0,0,0,0,0,45,lru,0,0,0,0,0,0,16,14,16,0,2,0,2
request,4,0,1,0,decode_target,-1,0,0,0,0,0,0,0,0,0,0,0,0,0,0,0,0,0,0,0,0,,121442,547,0,0,24,0,0,0,0,0,0,0,0
layer,5,0,1,129,decode_mtp_process,40,13,11,2,1088,584,123,37,1,0,1,1234,16,24,0,0,0,0,0,0,45,lru,0,0,0,0,0,0,16,14,16,0,2,0,1
request,5,0,1,0,decode_mtp_process,-1,0,0,0,0,0,0,0,0,0,0,0,0,0,0,0,0,0,0,0,0,,2308,30,0,0,7,0,0,0,0,0,0,0,0
layer,6,0,2,129,decode_mtp_draft,40,8,8,0,0,0,923,0,0,0,0,25,11,3,0,0,0,0,0,0,45,lru,0,0,0,0,0,0,8,8,8,0,0,0,1
request,6,0,2,0,decode_mtp_draft,-1,0,0,0,0,0,0,0,0,0,0,0,0,0,0,0,0,0,0,0,0,,1449,21,0,0,8,0,0,0,0,0,0,0,0
layer,7,0,2,132,decode_target,0,11,8,3,1757,959,600,178,4,0,4,1960,12,8,0,0,0,0,0,0,45,lru,0,0,0,0,0,0,16,12,16,0,3,0,3
layer,7,0,2,132,decode_target,1,10,7,3,2043,1023,385,91,4,0,4,2250,10,31,0,0,0,0,0,0,45,lru,0,0,0,0,0,0,16,12,16,0,3,0,1
layer,7,0,2,132,decode_target,2,9,7,2,1564,865,395,149,5,0,5,1718,14,8,0,0,0,0,0,0,45,lru,0,0,0,0,0,0,16,12,16,0,2,0,1
layer,7,0,2,132,decode_target,3,10,8,2,1603,908,552,245,5,0,5,1839,10,19,0,0,0,0,0,0,45,lru,0,0,0,0,0,0,16,13,16,0,2,0,2
layer,7,0,2,132,decode_target,4,11,9,2,1609,856,643,211,5,0,5,1851,9,23,0,0,0,0,0,0,45,lru,0,0,0,0,0,0,16,14,16,0,2,0,2
layer,7,0,2,132,decode_target,5,10,8,2,1588,934,484,213,5,0,5,1821,11,33,0,0,0,0,0,0,45,lru,0,0,0,0,0,0,16,14,16,0,2,0,1
layer,7,0,2,132,decode_target,6,10,9,1,852,526,424,44,5,0,5,1095,11,33,0,0,0,0,0,0,45,lru,0,0,0,0,0,0,16,14,16,0,1,0,1
layer,7,0,2,132,decode_target,7,11,10,1,957,644,433,65,5,0,5,1073,10,3,0,0,0,0,0,0,45,lru,0,0,0,0,0,0,16,14,16,0,1,0,2
layer,7,0,2,132,decode_target,8,11,10,1,887,603,693,211,4,0,4,1128,10,20,0,0,0,0,0,0,45,lru,0,0,0,0,0,0,16,14,16,0,1,0,0
layer,7,0,2,132,decode_target,9,10,8,2,1946,1173,444,277,6,0,6,2130,9,3,0,0,0,0,0,0,45,lru,0,0,0,0,0,0,16,14,16,0,2,0,2
layer,7,0,2,132,decode_target,10,10,10,0,0,0,592,0,0,0,0,32,10,3,0,0,0,0,0,0,45,lru,0,0,0,0,0,0,16,16,16,0,0,0,1
layer,7,0,2,132,decode_target,11,9,9,0,0,0,996,0,0,0,0,28,10,3,0,0,0,0,0,0,45,lru,0,0,0,0,0,0,16,16,16,0,0,0,1
layer,7,0,2,132,decode_target,12,9,8,1,901,571,496,136,4,0,4,1101,12,34,0,0,0,0,0,0,45,lru,0,0,0,0,0,0,16,15,16,0,1,0,2
layer,7,0,2,132,decode_target,13,9,6,3,3021,1731,419,630,4,0,4,3388,10,20,0,0,0,0,0,0,45,lru,0,0,0,0,0,0,16,11,16,0,3,0,2
layer,7,0,2,132,decode_target,14,11,10,1,924,559,462,155,5,0,5,1129,10,31,0,0,0,0,0,0,45,lru,0,0,0,0,0,0,16,15,16,0,1,0,1
layer,7,0,2,132,decode_target,15,10,10,0,0,0,905,0,0,0,0,29,10,2,0,0,0,0,0,0,45,lru,0,0,0,0,0,0,16,16,16,0,0,0,2
layer,7,0,2,132,decode_target,16,11,10,1,930,576,564,160,2,0,2,1173,11,35,0,0,0,0,0,0,45,lru,0,0,0,0,0,0,16,15,16,0,1,0,2
layer,7,0,2,132,decode_target,17,11,10,1,964,564,406,107,1,0,1,1138,10,33,0,0,0,0,0,0,45,lru,0,0,0,0,0,0,16,15,16,0,1,0,2
layer,7,0,2,132,decode_target,18,10,9,1,6078,417,422,113,1,0,1,6176,9,3,0,0,0,0,0,0,45,lru,0,0,0,0,0,0,16,15,16,0,1,0,2
layer,7,0,2,132,decode_target,19,10,9,1,584,343,503,16,1,0,1,658,11,3,0,0,0,0,0,0,45,lru,0,0,0,0,0,0,16,15,16,0,1,0,2
layer,7,0,2,132,decode_target,20,11,8,3,1737,671,495,63,3,0,3,1902,10,3,0,0,0,0,0,0,45,lru,0,0,0,0,0,0,16,13,16,0,3,0,2
layer,7,0,2,132,decode_target,21,8,8,0,0,0,660,0,0,0,0,26,10,3,0,0,0,0,0,0,45,lru,0,0,0,0,0,0,16,16,16,0,0,0,2
layer,7,0,2,132,decode_target,22,10,9,1,391,308,416,11,2,0,2,466,11,4,0,0,0,0,0,0,45,lru,0,0,0,0,0,0,16,15,16,0,1,0,3
layer,7,0,2,132,decode_target,23,10,9,1,453,309,556,15,1,0,1,519,10,3,0,0,0,0,0,0,45,lru,0,0,0,0,0,0,16,15,16,0,1,0,2
layer,7,0,2,132,decode_target,24,10,9,1,537,268,434,12,1,0,1,617,9,3,0,0,0,0,0,0,45,lru,0,0,0,0,0,0,16,15,16,0,1,0,2
layer,7,0,2,132,decode_target,25,10,8,2,992,536,759,34,1,0,1,1090,9,3,0,0,0,0,0,0,45,lru,0,0,0,0,0,0,16,14,16,0,2,0,2
layer,7,0,2,132,decode_target,26,10,9,1,534,348,667,5,2,0,2,632,11,19,0,0,0,0,0,0,45,lru,0,0,0,0,0,0,16,15,16,0,1,0,1
layer,7,0,2,132,decode_target,27,10,9,1,502,347,405,10,1,0,1,581,10,3,0,0,0,0,0,0,45,lru,0,0,0,0,0,0,16,14,16,0,1,0,1
layer,7,0,2,132,decode_target,28,10,10,0,0,0,601,0,0,0,0,26,10,3,0,0,0,0,0,0,45,lru,0,0,0,0,0,0,16,16,16,0,0,0,2
layer,7,0,2,132,decode_target,29,12,11,1,614,378,367,23,1,0,1,683,9,3,0,0,0,0,0,0,45,lru,0,0,0,0,0,0,16,15,16,0,1,0,2
layer,7,0,2,132,decode_target,30,11,11,0,0,0,502,0,0,0,0,26,9,3,0,0,0,0,0,0,45,lru,0,0,0,0,0,0,16,16,16,0,0,0,2
layer,7,0,2,132,decode_target,31,10,10,0,0,0,781,0,0,0,0,24,9,3,0,0,0,0,0,0,45,lru,0,0,0,0,0,0,16,16,16,0,0,0,2
layer,7,0,2,132,decode_target,32,10,8,2,1165,565,373,30,2,0,2,1262,9,3,0,0,0,0,0,0,45,lru,0,0,0,0,0,0,16,14,16,0,2,0,1
layer,7,0,2,132,decode_target,33,9,9,0,0,0,729,0,0,0,0,23,9,2,0,0,0,0,0,0,45,lru,0,0,0,0,0,0,16,16,16,0,0,0,1
layer,7,0,2,132,decode_target,34,10,8,2,1191,564,428,29,2,0,2,1287,8,3,0,0,0,0,0,0,45,lru,0,0,0,0,0,0,16,13,16,0,2,0,2
layer,7,0,2,132,decode_target,35,9,9,0,0,0,618,0,0,0,0,22,9,2,0,0,0,0,0,0,45,lru,0,0,0,0,0,0,16,16,16,0,0,0,1
layer,7,0,2,132,decode_target,36,10,9,1,433,371,411,11,1,0,1,502,9,3,0,0,0,0,0,0,45,lru,0,0,0,0,0,0,16,14,16,0,1,0,5
layer,7,0,2,132,decode_target,37,10,10,0,0,0,661,0,0,0,0,23,9,2,0,0,0,0,0,0,45,lru,0,0,0,0,0,0,16,16,16,0,0,0,0
layer,7,0,2,132,decode_target,38,11,9,2,1043,564,427,43,1,0,1,1177,10,22,0,0,0,0,0,0,45,lru,0,0,0,0,0,0,16,14,16,0,2,0,1
layer,7,0,2,132,decode_target,39,11,10,1,628,382,963,36,1,0,1,706,10,3,0,0,0,0,0,0,45,lru,0,0,0,0,0,0,16,15,16,0,1,0,0
request,7,0,2,0,decode_target,-1,0,0,0,0,0,0,0,0,0,0,0,0,0,0,0,0,0,0,0,0,,71758,423,0,0,19,0,0,0,0,0,0,0,0
layer,8,0,2,132,decode_mtp_process,40,9,9,0,0,0,133,0,0,0,0,25,12,3,0,0,0,0,0,0,45,lru,0,0,0,0,0,0,16,16,16,0,0,0,1
request,8,0,2,0,decode_mtp_process,-1,0,0,0,0,0,0,0,0,0,0,0,0,0,0,0,0,0,0,0,0,,689,23,0,0,5,0,0,0,0,0,0,0,0
layer,9,0,3,132,decode_mtp_draft,40,8,7,1,578,382,891,42,1,0,1,652,11,3,0,0,0,0,0,0,45,lru,0,0,0,0,0,0,8,7,8,0,1,0,1
request,9,0,3,0,decode_mtp_draft,-1,0,0,0,0,0,0,0,0,0,0,0,0,0,0,0,0,0,0,0,0,,2312,23,0,0,7,0,0,0,0,0,0,0,0
layer,10,0,3,135,decode_target,0,14,11,3,1893,1042,243,66,4,0,4,2096,11,10,0,0,0,0,0,0,45,lru,0,0,0,0,0,0,16,13,16,0,3,0,1
layer,10,0,3,135,decode_target,1,12,10,2,1416,818,221,274,4,0,4,1701,9,19,0,0,0,0,0,0,45,lru,0,0,0,0,0,0,16,14,16,0,2,0,1
layer,10,0,3,135,decode_target,2,13,11,2,1493,789,204,99,4,0,4,1666,8,26,0,0,0,0,0,0,45,lru,0,0,0,0,0,0,16,14,16,0,2,0,1
layer,10,0,3,135,decode_target,3,13,9,4,3117,1589,222,388,4,0,4,3448,9,20,0,0,0,0,0,0,45,lru,0,0,0,0,0,0,16,12,16,0,4,0,1
layer,10,0,3,135,decode_target,4,12,12,0,0,0,395,0,0,0,0,25,9,2,0,0,0,0,0,0,45,lru,0,0,0,0,0,0,16,16,16,0,0,0,1
layer,10,0,3,135,decode_target,5,12,11,1,782,429,224,48,4,0,4,876,7,3,0,0,0,0,0,0,45,lru,0,0,0,0,0,0,16,15,16,0,1,0,1
layer,10,0,3,135,decode_target,6,10,10,0,0,0,220,0,0,0,0,23,8,2,0,0,0,0,0,0,45,lru,0,0,0,0,0,0,16,16,16,0,0,0,1
layer,10,0,3,135,decode_target,7,14,14,0,0,0,261,0,0,0,0,26,9,2,0,0,0,0,0,0,45,lru,0,0,0,0,0,0,16,16,16,0,0,0,1
layer,10,0,3,135,decode_target,8,12,12,0,0,0,252,0,0,0,0,22,8,1,0,0,0,0,0,0,45,lru,0,0,0,0,0,0,16,16,16,0,0,0,1
layer,10,0,3,135,decode_target,9,13,11,2,1528,931,233,203,4,0,4,1715,7,20,0,0,0,0,0,0,45,lru,0,0,0,0,0,0,16,14,16,0,2,0,1
layer,10,0,3,135,decode_target,10,13,12,1,807,483,210,135,4,0,4,1013,8,26,0,0,0,0,0,0,45,lru,0,0,0,0,0,0,16,15,16,0,1,0,1
layer,10,0,3,135,decode_target,11,13,12,1,726,478,224,51,3,0,3,851,9,14,0,0,0,0,0,0,45,lru,0,0,0,0,0,0,16,15,16,0,1,0,1
layer,10,0,3,135,decode_target,12,13,13,0,0,0,258,0,0,0,0,30,13,2,0,0,0,0,0,0,45,lru,0,0,0,0,0,0,16,16,16,0,0,0,1
layer,10,0,3,135,decode_target,13,14,12,2,1566,923,238,229,3,0,3,1742,8,2,0,0,0,0,0,0,45,lru,0,0,0,0,0,0,16,14,16,0,2,0,1
layer,10,0,3,135,decode_target,14,13,11,2,1579,873,208,182,4,0,4,1840,8,24,0,0,0,0,0,0,45,lru,0,0,0,0,0,0,16,14,16,0,2,0,1
layer,10,0,3,135,decode_target,15,15,12,3,2843,1649,240,490,5,0,5,3180,9,15,0,0,0,0,0,0,45,lru,0,0,0,0,0,0,16,13,16,0,3,0,1
layer,10,0,3,135,decode_target,16,13,13,0,0,0,257,0,0,0,0,24,8,2,0,0,0,0,0,0,45,lru,0,0,0,0,0,0,16,16,16,0,0,0,1
layer,10,0,3,135,decode_target,17,13,11,2,1944,1124,227,337,2,0,2,2228,8,28,0,0,0,0,0,0,45,lru,0,0,0,0,0,0,16,14,16,0,2,0,1
layer,10,0,3,135,decode_target,18,14,12,2,1908,1096,207,258,2,0,2,2145,8,25,0,0,0,0,0,0,45,lru,0,0,0,0,0,0,16,14,16,0,2,0,1
layer,10,0,3,135,decode_target,19,15,14,1,990,614,234,236,1,0,1,1227,8,29,0,0,0,0,0,0,45,lru,0,0,0,0,0,0,16,15,16,0,1,0,1
layer,10,0,3,135,decode_target,20,13,10,3,2944,1690,228,548,1,0,1,3274,12,28,0,0,0,0,0,0,45,lru,0,0,0,0,0,0,16,13,16,0,3,0,1
layer,10,0,3,135,decode_target,21,12,10,2,1828,1120,224,532,2,0,2,2150,8,29,0,0,0,0,0,0,45,lru,0,0,0,0,0,0,16,14,16,0,2,0,1
layer,10,0,3,135,decode_target,22,12,10,2,1862,1095,199,411,2,0,2,2156,10,24,0,0,0,0,0,0,45,lru,0,0,0,0,0,0,16,14,16,0,2,0,1
layer,10,0,3,135,decode_target,23,15,13,2,1848,1095,240,257,1,0,1,2144,8,23,0,0,0,0,0,0,45,lru,0,0,0,0,0,0,16,14,16,0,2,0,1
layer,10,0,3,135,decode_target,24,13,11,2,1843,1163,231,148,2,0,2,2000,8,2,0,0,0,0,0,0,45,lru,0,0,0,0,0,0,16,14,16,0,2,0,1
layer,10,0,3,135,decode_target,25,12,11,1,862,564,227,251,1,0,1,1053,8,26,0,0,0,0,0,0,45,lru,0,0,0,0,0,0,16,15,16,0,1,0,1
layer,10,0,3,135,decode_target,26,11,11,0,0,0,209,0,0,0,0,21,8,2,0,0,0,0,0,0,45,lru,0,0,0,0,0,0,16,16,16,0,0,0,1
layer,10,0,3,135,decode_target,27,14,13,1,842,554,359,90,1,0,1,978,8,21,0,0,0,0,0,0,45,lru,0,0,0,0,0,0,16,15,16,0,1,0,1
layer,10,0,3,135,decode_target,28,11,11,0,0,0,223,0,0,0,0,19,7,2,0,0,0,0,0,0,45,lru,0,0,0,0,0,0,16,16,16,0,0,0,1
layer,10,0,3,135,decode_target,29,12,11,1,926,559,229,106,1,0,1,1104,13,21,0,0,0,0,0,0,45,lru,0,0,0,0,0,0,16,15,16,0,1,0,1
layer,10,0,3,135,decode_target,30,14,13,1,911,539,207,75,1,0,1,1019,8,10,0,0,0,0,0,0,45,lru,0,0,0,0,0,0,16,15,16,0,1,0,1
layer,10,0,3,135,decode_target,31,12,12,0,0,0,240,0,0,0,0,20,8,2,0,0,0,0,0,0,45,lru,0,0,0,0,0,0,16,16,16,0,0,0,1
layer,10,0,3,135,decode_target,32,13,11,2,1944,1154,227,265,2,0,2,2103,8,3,0,0,0,0,0,0,45,lru,0,0,0,0,0,0,16,13,16,0,2,0,1
layer,10,0,3,135,decode_target,33,11,9,2,1921,1085,346,356,1,0,1,2157,8,23,0,0,0,0,0,0,45,lru,0,0,0,0,0,0,16,13,16,0,2,0,1
layer,10,0,3,135,decode_target,34,11,9,2,2056,1084,322,400,2,0,2,2299,8,26,0,0,0,0,0,0,45,lru,0,0,0,0,0,0,16,12,16,0,2,0,1
layer,10,0,3,135,decode_target,35,9,7,2,1979,1132,210,254,2,0,2,2253,8,21,0,0,0,0,0,0,45,lru,0,0,0,0,0,0,16,12,16,0,2,0,1
layer,10,0,3,135,decode_target,36,9,6,3,3184,1668,343,649,2,0,2,3521,13,16,0,0,0,0,0,0,45,lru,0,0,0,0,0,0,16,10,16,0,3,0,1
layer,10,0,3,135,decode_target,37,11,7,4,4088,2250,222,688,2,0,2,4539,8,29,0,0,0,0,0,0,45,lru,0,0,0,0,0,0,16,11,16,0,4,0,1
layer,10,0,3,135,decode_target,38,11,7,4,4329,2284,195,512,2,0,2,4638,9,7,0,0,0,0,0,0,45,lru,0,0,0,0,0,0,16,10,16,0,4,0,1
layer,10,0,3,135,decode_target,39,10,8,2,1900,1142,950,266,2,0,2,2075,8,10,0,0,0,0,0,0,45,lru,0,0,0,0,0,0,16,12,16,0,2,0,1
request,10,0,3,0,decode_target,-1,0,0,0,0,0,0,0,0,0,0,0,0,0,0,0,0,0,0,0,0,,81380,497,0,0,21,0,0,0,0,0,0,0,0
layer,11,0,3,135,decode_mtp_process,40,13,13,0,0,0,152,0,0,0,0,27,12,3,0,0,0,0,0,0,45,lru,0,0,0,0,0,0,16,16,16,0,0,0,1
request,11,0,3,0,decode_mtp_process,-1,0,0,0,0,0,0,0,0,0,0,0,0,0,0,0,0,0,0,0,0,,756,19,0,0,6,0,0,0,0,0,0,0,0
layer,12,0,4,135,decode_mtp_draft,40,8,6,2,2017,1117,900,141,1,0,1,2189,11,14,0,0,0,0,0,0,45,lru,0,0,0,0,0,0,8,6,8,0,2,0,1
request,12,0,4,0,decode_mtp_draft,-1,0,0,0,0,0,0,0,0,0,0,0,0,0,0,0,0,0,0,0,0,,3876,26,0,0,7,0,0,0,0,0,0,0,0
layer,13,0,4,138,decode_target,0,13,10,3,2925,1685,243,424,4,0,4,3281,10,28,0,0,0,0,0,0,45,lru,0,0,0,0,0,0,16,13,16,0,3,0,1
layer,13,0,4,138,decode_target,1,9,9,0,0,0,234,0,0,0,0,25,11,2,0,0,0,0,0,0,45,lru,0,0,0,0,0,0,16,16,16,0,0,0,1
layer,13,0,4,138,decode_target,2,10,10,0,0,0,215,0,0,0,0,20,8,2,0,0,0,0,0,0,45,lru,0,0,0,0,0,0,16,16,16,0,0,0,1
layer,13,0,4,138,decode_target,3,9,7,2,1845,1112,203,381,4,0,4,2096,13,21,0,0,0,0,0,0,45,lru,0,0,0,0,0,0,16,13,16,0,2,0,0
layer,13,0,4,138,decode_target,4,10,9,1,952,548,222,280,5,0,5,1228,8,28,0,0,0,0,0,0,45,lru,0,0,0,0,0,0,16,14,16,0,1,0,1
layer,13,0,4,138,decode_target,5,9,7,2,1817,1071,211,114,4,0,4,1999,8,12,0,0,0,0,0,0,45,lru,0,0,0,0,0,0,16,13,16,0,2,0,1
layer,13,0,4,138,decode_target,6,11,10,1,955,556,202,63,4,0,4,1145,8,27,0,0,0,0,0,0,45,lru,0,0,0,0,0,0,16,15,16,0,1,0,1
layer,13,0,4,138,decode_target,7,11,11,0,0,0,242,0,0,0,0,23,8,2,0,0,0,0,0,0,45,lru,0,0,0,0,0,0,16,16,16,0,0,0,1
layer,13,0,4,138,decode_target,8,11,11,0,0,0,243,0,0,0,0,22,8,2,0,0,0,0,0,0,45,lru,0,0,0,0,0,0,16,16,16,0,0,0,0
layer,13,0,4,138,decode_target,9,11,10,1,902,596,219,139,3,0,3,1111,13,18,0,0,0,0,0,0,45,lru,0,0,0,0,0,0,16,15,16,0,1,0,0
layer,13,0,4,138,decode_target,10,11,10,1,849,550,198,199,4,0,4,1039,13,26,0,0,0,0,0,0,45,lru,0,0,0,0,0,0,16,15,16,0,1,0,1
layer,13,0,4,138,decode_target,11,11,10,1,920,550,218,140,4,0,4,1071,13,18,0,0,0,0,0,0,45,lru,0,0,0,0,0,0,16,15,16,0,1,0,0
layer,13,0,4,138,decode_target,12,12,11,1,926,551,221,92,4,0,4,1037,8,9,0,0,0,0,0,0,45,lru,0,0,0,0,0,0,16,15,16,0,1,0,1
layer,13,0,4,138,decode_target,13,9,9,0,0,0,239,0,0,0,0,20,7,2,0,0,0,0,0,0,45,lru,0,0,0,0,0,0,16,16,16,0,0,0,1
layer,13,0,4,138,decode_target,14,11,11,0,0,0,213,0,0,0,0,24,8,2,0,0,0,0,0,0,45,lru,0,0,0,0,0,0,16,16,16,0,0,0,0
layer,13,0,4,138,decode_target,15,9,9,0,0,0,230,0,0,0,0,21,8,2,0,0,0,0,0,0,45,lru,0,0,0,0,0,0,16,16,16,0,0,0,1
layer,13,0,4,138,decode_target,16,10,10,0,0,0,237,0,0,0,0,19,7,2,0,0,0,0,0,0,45,lru,0,0,0,0,0,0,16,16,16,0,0,0,1
layer,13,0,4,138,decode_target,17,11,11,0,0,0,246,0,0,0,0,25,8,2,0,0,0,0,0,0,45,lru,0,0,0,0,0,0,16,16,16,0,0,0,1
layer,13,0,4,138,decode_target,18,11,8,3,3050,1703,320,278,2,0,2,3402,8,24,0,0,0,0,0,0,45,lru,0,0,0,0,0,0,16,12,16,0,3,0,1
layer,13,0,4,138,decode_target,19,9,9,0,0,0,206,0,0,0,0,19,8,2,0,0,0,0,0,0,45,lru,0,0,0,0,0,0,16,16,16,0,0,0,1
layer,13,0,4,138,decode_target,20,12,12,0,0,0,249,0,0,0,0,19,8,2,0,0,0,0,0,0,45,lru,0,0,0,0,0,0,16,16,16,0,0,0,0
layer,13,0,4,138,decode_target,21,9,9,0,0,0,229,0,0,0,0,18,8,2,0,0,0,0,0,0,45,lru,0,0,0,0,0,0,16,16,16,0,0,0,1
layer,13,0,4,138,decode_target,22,11,11,0,0,0,214,0,0,0,0,19,8,1,0,0,0,0,0,0,45,lru,0,0,0,0,0,0,16,16,16,0,0,0,1
layer,13,0,4,138,decode_target,23,11,11,0,0,0,239,0,0,0,0,17,8,1,0,0,0,0,0,0,45,lru,0,0,0,0,0,0,16,16,16,0,0,0,0
layer,13,0,4,138,decode_target,24,12,11,1,920,594,217,190,1,0,1,1127,8,19,0,0,0,0,0,0,45,lru,0,0,0,0,0,0,16,15,16,0,1,0,1
layer,13,0,4,138,decode_target,25,11,9,2,1883,1133,220,333,2,0,2,2134,8,28,0,0,0,0,0,0,45,lru,0,0,0,0,0,0,16,14,16,0,2,0,1
layer,13,0,4,138,decode_target,26,9,9,0,0,0,207,0,0,0,0,19,8,2,0,0,0,0,0,0,45,lru,0,0,0,0,0,0,16,16,16,0,0,0,0
layer,13,0,4,138,decode_target,27,12,12,0,0,0,246,0,0,0,0,20,9,2,0,0,0,0,0,0,45,lru,0,0,0,0,0,0,16,16,16,0,0,0,1
layer,13,0,4,138,decode_target,28,11,10,1,935,554,218,173,1,0,1,1143,8,29,0,0,0,0,0,0,45,lru,0,0,0,0,0,0,16,15,16,0,1,0,1
layer,13,0,4,138,decode_target,29,13,13,0,0,0,266,0,0,0,0,20,9,1,0,0,0,0,0,0,45,lru,0,0,0,0,0,0,16,16,16,0,0,0,1
layer,13,0,4,138,decode_target,30,11,11,0,0,0,208,0,0,0,0,19,8,2,0,0,0,0,0,0,45,lru,0,0,0,0,0,0,16,16,16,0,0,0,0
layer,13,0,4,138,decode_target,31,10,10,0,0,0,235,0,0,0,0,19,8,2,0,0,0,0,0,0,45,lru,0,0,0,0,0,0,16,16,16,0,0,0,0
layer,13,0,4,138,decode_target,32,11,11,0,0,0,242,0,0,0,0,18,8,2,0,0,0,0,0,0,45,lru,0,0,0,0,0,0,16,16,16,0,0,0,1
layer,13,0,4,138,decode_target,33,9,9,0,0,0,226,0,0,0,0,18,8,2,0,0,0,0,0,0,45,lru,0,0,0,0,0,0,16,16,16,0,0,0,0
layer,13,0,4,138,decode_target,34,10,9,1,887,572,186,180,1,0,1,1117,7,29,0,0,0,0,0,0,45,lru,0,0,0,0,0,0,16,15,16,0,1,0,0
layer,13,0,4,138,decode_target,35,10,10,0,0,0,241,0,0,0,0,20,9,2,0,0,0,0,0,0,45,lru,0,0,0,0,0,0,16,16,16,0,0,0,1
layer,13,0,4,138,decode_target,36,10,9,1,910,565,212,83,1,0,1,1025,13,11,0,0,0,0,0,0,45,lru,0,0,0,0,0,0,16,14,16,0,1,0,1
layer,13,0,4,138,decode_target,37,12,11,1,935,554,232,195,1,0,1,1160,8,33,0,0,0,0,0,0,45,lru,0,0,0,0,0,0,16,15,16,0,1,0,0
layer,13,0,4,138,decode_target,38,8,8,0,0,0,196,0,0,0,0,22,10,2,0,0,0,0,0,0,45,lru,0,0,0,0,0,0,16,16,16,0,0,0,1
layer,13,0,4,138,decode_target,39,10,9,1,911,536,941,98,1,0,1,1040,8,22,0,0,0,0,0,0,45,lru,0,0,0,0,0,0,16,15,16,0,1,0,1
request,13,0,4,0,decode_target,-1,0,0,0,0,0,0,0,0,0,0,0,0,0,0,0,0,0,0,0,0,,39281,315,0,0,19,0,0,0,0,0,0,0,0
layer,14,0,4,138,decode_mtp_process,40,12,11,1,933,575,120,111,1,0,1,1069,11,23,0,0,0,0,0,0,45,lru,0,0,0,0,0,0,16,15,16,0,1,0,1
request,14,0,4,0,decode_mtp_process,-1,0,0,0,0,0,0,0,0,0,0,0,0,0,0,0,0,0,0,0,0,,1908,23,0,0,6,0,0,0,0,0,0,0,0
layer,15,0,5,138,decode_mtp_draft,40,8,8,0,0,0,1085,0,0,0,0,56,23,7,0,0,0,0,0,0,45,lru,0,0,0,0,0,0,8,8,8,0,0,0,4
request,15,0,5,0,decode_mtp_draft,-1,0,0,0,0,0,0,0,0,0,0,0,0,0,0,0,0,0,0,0,0,,2381,47,0,0,19,0,0,0,0,0,0,0,0
layer,16,0,5,141,decode_target,0,16,13,3,3008,1677,380,939,9,0,9,3401,19,46,0,0,0,0,0,0,45,lru,0,0,0,0,0,0,16,13,16,0,3,0,4
layer,16,0,5,141,decode_target,1,12,11,1,886,573,226,241,8,0,8,1058,16,18,0,0,0,0,0,0,45,lru,0,0,0,0,0,0,16,15,16,0,1,0,5
layer,16,0,5,141,decode_target,2,10,10,0,0,0,245,0,0,0,0,48,15,5,0,0,0,0,0,0,45,lru,0,0,0,0,0,0,16,16,16,0,0,0,4
layer,16,0,5,141,decode_target,3,12,9,3,3033,1671,223,1064,11,0,11,3380,14,14,0,0,0,0,0,0,45,lru,0,0,0,0,0,0,16,12,16,0,3,0,3
layer,16,0,5,141,decode_target,4,11,10,1,914,569,223,244,9,0,9,1100,15,26,0,0,0,0,0,0,45,lru,0,0,0,0,0,0,16,15,16,0,1,0,4
layer,16,0,5,141,decode_target,5,13,11,2,1947,1086,234,518,8,0,8,2189,15,24,0,0,0,0,0,0,45,lru,0,0,0,0,0,0,16,14,16,0,2,0,3
layer,16,0,5,141,decode_target,6,12,11,1,940,574,198,253,8,0,8,1115,15,17,0,0,0,0,0,0,45,lru,0,0,0,0,0,0,16,15,16,0,1,0,4
layer,16,0,5,141,decode_target,7,13,12,1,955,564,225,299,7,0,7,1169,15,30,0,0,0,0,0,0,45,lru,0,0,0,0,0,0,16,15,16,0,1,0,4
layer,16,0,5,141,decode_target,8,13,12,1,957,584,231,304,6,0,6,1173,14,30,0,0,0,0,0,0,45,lru,0,0,0,0,0,0,16,15,16,0,1,0,3
layer,16,0,5,141,decode_target,9,14,10,4,4211,2281,237,1485,9,0,9,4658,14,29,0,0,0,0,0,0,45,lru,0,0,0,0,0,0,16,11,16,0,4,0,4
layer,16,0,5,141,decode_target,10,14,11,3,2893,1707,212,1064,8,0,8,3270,14,32,0,0,0,0,0,0,45,lru,0,0,0,0,0,0,16,13,16,0,3,0,4
layer,16,0,5,141,decode_target,11,14,13,1,926,563,354,148,6,0,6,1081,16,15,0,0,0,0,0,0,45,lru,0,0,0,0,0,0,16,15,16,0,1,0,3
layer,16,0,5,141,decode_target,12,14,11,3,2898,1686,239,961,7,0,7,3250,15,23,0,0,0,0,0,0,45,lru,0,0,0,0,0,0,16,12,16,0,3,0,3
layer,16,0,5,141,decode_target,13,14,14,0,0,0,297,0,0,0,0,46,14,4,0,0,0,0,0,0,45,lru,0,0,0,0,0,0,16,16,16,0,0,0,4
layer,16,0,5,141,decode_target,14,13,12,1,1001,576,202,254,6,0,6,1159,13,21,0,0,0,0,0,0,45,lru,0,0,0,0,0,0,16,15,16,0,1,0,3
layer,16,0,5,141,decode_target,15,14,12,2,2025,1123,234,400,8,0,8,2321,13,27,0,0,0,0,0,0,45,lru,0,0,0,0,0,0,16,14,16,0,2,0,3
layer,16,0,5,141,decode_target,16,11,10,1,909,558,224,247,3,0,3,1105,13,35,0,0,0,0,0,0,45,lru,0,0,0,0,0,0,16,15,16,0,1,0,3
layer,16,0,5,141,decode_target,17,14,13,1,869,583,232,259,2,0,2,1030,12,10,0,0,0,0,0,0,45,lru,0,0,0,0,0,0,16,15,16,0,1,0,2
layer,16,0,5,141,decode_target,18,13,11,2,1976,1115,202,502,5,0,5,2259,12,29,0,0,0,0,0,0,45,lru,0,0,0,0,0,0,16,14,16,0,2,0,2
layer,16,0,5,141,decode_target,19,12,11,1,912,625,226,244,3,0,3,1130,13,37,0,0,0,0,0,0,45,lru,0,0,0,0,0,0,16,15,16,0,1,0,3
layer,16,0,5,141,decode_target,20,11,10,1,923,596,226,283,3,0,3,1119,15,21,0,0,0,0,0,0,45,lru,0,0,0,0,0,0,16,15,16,0,1,0,4
layer,16,0,5,141,decode_target,21,12,11,1,950,567,226,151,3,0,3,1085,13,17,0,0,0,0,0,0,45,lru,0,0,0,0,0,0,16,15,16,0,1,0,3
layer,16,0,5,141,decode_target,22,12,10,2,1889,1148,196,622,5,0,5,2176,12,22,0,0,0,0,0,0,45,lru,0,0,0,0,0,0,16,14,16,0,2,0,2
layer,16,0,5,141,decode_target,23,15,13,2,1955,1147,234,481,5,0,5,2264,12,32,0,0,0,0,0,0,45,lru,0,0,0,0,0,0,16,14,16,0,2,0,3
layer,16,0,5,141,decode_target,24,14,11,3,3068,1662,361,805,4,0,4,3377,12,23,0,0,0,0,0,0,45,lru,0,0,0,0,0,0,16,13,16,0,3,0,2
layer,16,0,5,141,decode_target,25,12,12,0,0,0,224,0,0,0,0,32,11,3,0,0,0,0,0,0,45,lru,0,0,0,0,0,0,16,16,16,0,0,0,2
layer,16,0,5,141,decode_target,26,11,11,0,0,0,232,0,0,0,0,31,11,3,0,0,0,0,0,0,45,lru,0,0,0,0,0,0,16,16,16,0,0,0,2
layer,16,0,5,141,decode_target,27,14,14,0,0,0,274,0,0,0,0,30,10,3,0,0,0,0,0,0,45,lru,0,0,0,0,0,0,16,16,16,0,0,0,2
layer,16,0,5,141,decode_target,28,12,11,1,947,552,219,208,2,0,2,1090,11,13,0,0,0,0,0,0,45,lru,0,0,0,0,0,0,16,15,16,0,1,0,2
layer,16,0,5,141,decode_target,29,12,10,2,1920,1103,225,589,4,0,4,2203,10,23,0,0,0,0,0,0,45,lru,0,0,0,0,0,0,16,14,16,0,2,0,2
layer,16,0,5,141,decode_target,30,14,13,1,892,563,213,230,2,0,2,1123,11,35,0,0,0,0,0,0,45,lru,0,0,0,0,0,0,16,15,16,0,1,0,2
layer,16,0,5,141,decode_target,31,13,13,0,0,0,266,0,0,0,0,31,12,3,0,0,0,0,0,0,45,lru,0,0,0,0,0,0,16,16,16,0,0,0,2
layer,16,0,5,141,decode_target,32,12,12,0,0,0,263,0,0,0,0,27,10,3,0,0,0,0,0,0,45,lru,0,0,0,0,0,0,16,16,16,0,0,0,2
layer,16,0,5,141,decode_target,33,12,11,1,944,558,350,212,2,0,2,1075,10,21,0,0,0,0,0,0,45,lru,0,0,0,0,0,0,16,15,16,0,1,0,2
layer,16,0,5,141,decode_target,34,11,10,1,907,562,192,273,2,0,2,1062,10,19,0,0,0,0,0,0,45,lru,0,0,0,0,0,0,16,15,16,0,1,0,2
layer,16,0,5,141,decode_target,35,11,10,1,911,561,218,143,2,0,2,1035,11,17,0,0,0,0,0,0,45,lru,0,0,0,0,0,0,16,15,16,0,1,0,2
layer,16,0,5,141,decode_target,36,10,10,0,0,0,256,0,0,0,0,30,11,3,0,0,0,0,0,0,45,lru,0,0,0,0,0,0,16,16,16,0,0,0,2
layer,16,0,5,141,decode_target,37,11,10,1,8176,398,226,149,3,0,3,8252,12,3,0,0,0,0,0,0,45,lru,0,0,0,0,0,0,16,15,16,0,1,0,2
layer,16,0,5,141,decode_target,38,12,11,1,713,303,214,58,2,0,2,780,11,3,0,0,0,0,0,0,45,lru,0,0,0,0,0,0,16,15,16,0,1,0,2
layer,16,0,5,141,decode_target,39,11,10,1,5730,292,967,70,2,0,2,5810,11,3,0,0,0,0,0,0,45,lru,0,0,0,0,0,0,16,15,16,0,1,0,1
request,16,0,5,0,decode_target,-1,0,0,0,0,0,0,0,0,0,0,0,0,0,0,0,0,0,0,0,0,,84767,654,0,0,36,0,0,0,0,0,0,0,0
layer,17,0,5,141,decode_mtp_process,40,13,13,0,0,0,296,0,0,0,0,42,17,5,0,0,0,0,0,0,45,lru,0,0,0,0,0,0,16,16,16,0,0,0,3
request,17,0,5,0,decode_mtp_process,-1,0,0,0,0,0,0,0,0,0,0,0,0,0,0,0,0,0,0,0,0,,1141,165,0,0,20,0,0,0,0,0,0,0,0
layer,18,0,6,141,decode_mtp_draft,40,8,7,1,493,305,906,68,2,0,2,572,14,5,0,0,0,0,0,0,45,lru,0,0,0,0,0,0,8,7,8,0,1,0,2
request,18,0,6,0,decode_mtp_draft,-1,0,0,0,0,0,0,0,0,0,0,0,0,0,0,0,0,0,0,0,0,,2592,31,0,0,10,0,0,0,0,0,0,0,0
layer,19,0,6,144,decode_target,0,11,10,1,412,334,223,67,3,0,3,488,13,4,0,0,0,0,0,0,45,lru,0,0,0,0,0,0,16,15,16,0,1,0,2
layer,19,0,6,144,decode_target,1,10,10,0,0,0,249,0,0,0,0,30,11,3,0,0,0,0,0,0,45,lru,0,0,0,0,0,0,16,16,16,0,0,0,2
layer,19,0,6,144,decode_target,2,10,9,1,488,299,191,58,5,0,5,560,10,3,0,0,0,0,0,0,45,lru,0,0,0,0,0,0,16,15,16,0,1,0,1
layer,19,0,6,144,decode_target,3,12,11,1,552,302,226,61,4,0,4,644,13,5,0,0,0,0,0,0,45,lru,0,0,0,0,0,0,16,15,16,0,1,0,2
layer,19,0,6,144,decode_target,4,11,10,1,461,311,217,50,5,0,5,555,11,4,0,0,0,0,0,0,45,lru,0,0,0,0,0,0,16,15,16,0,1,0,3
layer,19,0,6,144,decode_target,5,13,10,3,1958,700,230,257,5,0,5,2143,11,27,0,0,0,0,0,0,45,lru,0,0,0,0,0,0,16,13,16,0,3,0,1
layer,19,0,6,144,decode_target,6,10,9,1,518,318,190,82,4,0,4,595,10,3,0,0,0,0,0,0,45,lru,0,0,0,0,0,0,16,15,16,0,1,0,2
layer,19,0,6,144,decode_target,7,9,9,0,0,0,239,0,0,0,0,27,10,3,0,0,0,0,0,0,45,lru,0,0,0,0,0,0,16,16,16,0,0,0,1
layer,19,0,6,144,decode_target,8,10,8,2,966,534,215,214,4,0,4,1093,9,10,0,0,0,0,0,0,45,lru,0,0,0,0,0,0,16,14,16,0,2,0,1
layer,19,0,6,144,decode_target,9,11,11,0,0,0,378,0,0,0,0,49,17,4,0,0,0,0,0,0,45,lru,0,0,0,0,0,0,16,16,16,0,0,0,3
layer,19,0,6,144,decode_target,10,11,10,1,506,330,195,84,4,0,4,582,10,4,0,0,0,0,0,0,45,lru,0,0,0,0,0,0,16,15,16,0,1,0,1
layer,19,0,6,144,decode_target,11,11,11,0,0,0,264,0,0,0,0,30,10,3,0,0,0,0,0,0,45,lru,0,0,0,0,0,0,16,16,16,0,0,0,1
layer,19,0,6,144,decode_target,12,10,10,0,0,0,238,0,0,0,0,29,14,3,0,0,0,0,0,0,45,lru,0,0,0,0,0,0,16,16,16,0,0,0,1
layer,19,0,6,144,decode_target,13,11,11,0,0,0,267,0,0,0,0,27,9,2,0,0,0,0,0,0,45,lru,0,0,0,0,0,0,16,16,16,0,0,0,1
layer,19,0,6,144,decode_target,14,10,9,1,496,293,182,130,4,0,4,648,13,22,0,0,0,0,0,0,45,lru,0,0,0,0,0,0,16,15,16,0,1,0,1
layer,19,0,6,144,decode_target,15,10,10,0,0,0,247,0,0,0,0,28,10,2,0,0,0,0,0,0,45,lru,0,0,0,0,0,0,16,16,16,0,0,0,1
layer,19,0,6,144,decode_target,16,12,11,1,508,324,217,81,2,0,2,578,9,3,0,0,0,0,0,0,45,lru,0,0,0,0,0,0,16,15,16,0,1,0,1
layer,19,0,6,144,decode_target,17,11,10,1,543,324,220,78,2,0,2,611,10,3,0,0,0,0,0,0,45,lru,0,0,0,0,0,0,16,15,16,0,1,0,1
layer,19,0,6,144,decode_target,18,10,9,1,494,334,189,88,2,0,2,564,10,3,0,0,0,0,0,0,45,lru,0,0,0,0,0,0,16,15,16,0,1,0,1
layer,19,0,6,144,decode_target,19,12,10,2,1133,543,228,197,3,0,3,1234,10,4,0,0,0,0,0,0,45,lru,0,0,0,0,0,0,16,14,16,0,2,0,1
layer,19,0,6,144,decode_target,20,8,8,0,0,0,235,0,0,0,0,24,10,3,0,0,0,0,0,0,45,lru,0,0,0,0,0,0,16,16,16,0,0,0,1
layer,19,0,6,144,decode_target,21,11,11,0,0,0,253,0,0,0,0,23,9,2,0,0,0,0,0,0,45,lru,0,0,0,0,0,0,16,16,16,0,0,0,1
layer,19,0,6,144,decode_target,22,10,9,1,447,368,185,96,2,0,2,515,9,3,0,0,0,0,0,0,45,lru,0,0,0,0,0,0,16,15,16,0,1,0,1
layer,19,0,6,144,decode_target,23,10,9,1,686,384,339,101,2,0,2,767,9,5,0,0,0,0,0,0,45,lru,0,0,0,0,0,0,16,14,16,0,1,0,1
layer,19,0,6,144,decode_target,24,10,10,0,0,0,208,0,0,0,0,28,10,3,0,0,0,0,0,0,45,lru,0,0,0,0,0,0,16,16,16,0,0,0,2
layer,19,0,6,144,decode_target,25,10,10,0,0,0,384,0,0,0,0,25,9,2,0,0,0,0,0,0,45,lru,0,0,0,0,0,0,16,16,16,0,0,0,1
layer,19,0,6,144,decode_target,26,10,9,1,557,375,190,127,2,0,2,638,8,6,0,0,0,0,0,0,45,lru,0,0,0,0,0,0,16,15,16,0,1,0,1
layer,19,0,6,144,decode_target,27,10,10,0,0,0,258,0,0,0,0,33,13,3,0,0,0,0,0,0,45,lru,0,0,0,0,0,0,16,16,16,0,0,0,2
layer,19,0,6,144,decode_target,28,11,10,1,683,374,218,114,2,0,2,760,10,4,0,0,0,0,0,0,45,lru,0,0,0,0,0,0,16,15,16,0,1,0,1
layer,19,0,6,144,decode_target,29,11,11,0,0,0,248,0,0,0,0,26,10,2,0,0,0,0,0,0,45,lru,0,0,0,0,0,0,16,16,16,0,0,0,1
layer,19,0,6,144,decode_target,30,11,11,0,0,0,216,0,0,0,0,23,9,3,0,0,0,0,0,0,45,lru,0,0,0,0,0,0,16,16,16,0,0,0,1
layer,19,0,6,144,decode_target,31,12,11,1,579,412,218,136,2,0,2,666,9,6,0,0,0,0,0,0,45,lru,0,0,0,0,0,0,16,15,16,0,1,0,1
layer,19,0,6,144,decode_target,32,11,11,0,0,0,247,0,0,0,0,24,9,2,0,0,0,0,0,0,45,lru,0,0,0,0,0,0,16,16,16,0,0,0,1
layer,19,0,6,144,decode_target,33,11,9,2,1383,634,220,263,3,0,3,1496,9,5,0,0,0,0,0,0,45,lru,0,0,0,0,0,0,16,14,16,0,2,0,1
layer,19,0,6,144,decode_target,34,10,8,2,1190,683,189,306,3,0,3,1332,10,19,0,0,0,0,0,0,45,lru,0,0,0,0,0,0,16,14,16,0,2,0,1
layer,19,0,6,144,decode_target,35,10,10,0,0,0,250,0,0,0,0,28,10,2,0,0,0,0,0,0,45,lru,0,0,0,0,0,0,16,16,16,0,0,0,2
layer,19,0,6,144,decode_target,36,9,7,2,1481,816,203,272,1,0,1,1629,14,8,0,0,0,0,0,0,45,lru,0,0,0,0,0,0,16,13,16,0,2,0,1
layer,19,0,6,144,decode_target,37,10,9,1,752,437,220,94,3,0,3,842,10,6,0,0,0,0,0,0,45,lru,0,0,0,0,0,0,16,14,16,0,1,0,1
layer,19,0,6,144,decode_target,38,10,9,1,716,432,189,157,2,0,2,840,10,22,0,0,0,0,0,0,45,lru,0,0,0,0,0,0,16,15,16,0,1,0,1
layer,19,0,6,144,decode_target,39,9,9,0,0,0,966,0,0,0,0,30,12,3,0,0,0,0,0,0,45,lru,0,0,0,0,0,0,16,16,16,0,0,0,1
request,19,0,6,0,decode_target,-1,0,0,0,0,0,0,0,0,0,0,0,0,0,0,0,0,0,0,0,0,,35196,437,0,0,28,0,0,0,0,0,0,0,0
layer,20,0,6,144,decode_mtp_process,40,10,9,1,661,451,114,146,1,0,1,770,15,11,0,0,0,0,0,0,45,lru,0,0,0,0,0,0,16,15,16,0,1,0,1
request,20,0,6,0,decode_mtp_process,-1,0,0,0,0,0,0,0,0,0,0,0,0,0,0,0,0,0,0,0,0,,1785,40,0,0,14,0,0,0,0,0,0,0,0
layer,21,0,7,144,decode_mtp_draft,40,8,6,2,1849,1043,907,278,1,0,1,2136,13,21,0,0,0,0,0,0,45,lru,0,0,0,0,0,0,8,6,8,0,2,0,2
request,21,0,7,0,decode_mtp_draft,-1,0,0,0,0,0,0,0,0,0,0,0,0,0,0,0,0,0,0,0,0,,3974,33,0,0,9,0,0,0,0,0,0,0,0
layer,22,0,7,147,decode_target,0,14,7,7,7266,3825,263,1019,4,0,4,7841,16,32,0,0,0,0,0,0,45,lru,0,0,0,0,0,0,16,9,16,0,7,0,1
layer,22,0,7,147,decode_target,1,12,9,3,3243,1744,228,349,4,0,4,3576,15,28,0,0,0,0,0,0,45,lru,0,0,0,0,0,0,16,13,16,0,3,0,3
layer,22,0,7,147,decode_target,2,11,10,1,1002,604,191,160,5,0,5,1131,9,12,0,0,0,0,0,0,45,lru,0,0,0,0,0,0,16,15,16,0,1,0,2
layer,22,0,7,147,decode_target,3,12,11,1,990,575,218,155,4,0,4,1217,9,35,0,0,0,0,0,0,45,lru,0,0,0,0,0,0,16,15,16,0,1,0,1
layer,22,0,7,147,decode_target,4,11,11,0,0,0,252,0,0,0,0,29,9,3,0,0,0,0,0,0,45,lru,0,0,0,0,0,0,16,16,16,0,0,0,1
layer,22,0,7,147,decode_target,5,11,10,1,1037,579,218,157,4,0,4,1227,9,20,0,0,0,0,0,0,45,lru,0,0,0,0,0,0,16,15,16,0,1,0,1
layer,22,0,7,147,decode_target,6,11,10,1,1011,581,191,98,3,0,3,1169,8,16,0,0,0,0,0,0,45,lru,0,0,0,0,0,0,16,15,16,0,1,0,1
layer,22,0,7,147,decode_target,7,12,11,1,1047,580,220,70,3,0,3,1161,8,12,0,0,0,0,0,0,45,lru,0,0,0,0,0,0,16,15,16,0,1,0,1
layer,22,0,7,147,decode_target,8,12,11,1,904,601,229,76,3,0,3,1035,9,14,0,0,0,0,0,0,45,lru,0,0,0,0,0,0,16,15,16,0,1,0,1
layer,22,0,7,147,decode_target,9,13,12,1,952,583,235,91,3,0,3,1118,9,22,0,0,0,0,0,0,45,lru,0,0,0,0,0,0,16,15,16,0,1,0,1
layer,22,0,7,147,decode_target,10,14,12,2,1976,1162,335,199,3,0,3,2160,9,17,0,0,0,0,0,0,45,lru,0,0,0,0,0,0,16,14,16,0,2,0,1
layer,22,0,7,147,decode_target,11,12,10,2,1988,1138,219,249,4,0,4,2223,9,16,0,0,0,0,0,0,45,lru,0,0,0,0,0,0,16,14,16,0,2,0,3
layer,22,0,7,147,decode_target,12,12,11,1,934,579,229,86,3,0,3,1048,9,11,0,0,0,0,0,0,45,lru,0,0,0,0,0,0,16,15,16,0,1,0,1
layer,22,0,7,147,decode_target,13,11,11,0,0,0,244,0,0,0,0,24,9,2,0,0,0,0,0,0,45,lru,0,0,0,0,0,0,16,16,16,0,0,0,1
layer,22,0,7,147,decode_target,14,10,10,0,0,0,206,0,0,0,0,23,9,2,0,0,0,0,0,0,45,lru,0,0,0,0,0,0,16,16,16,0,0,0,1
layer,22,0,7,147,decode_target,15,14,13,1,987,574,235,214,4,0,4,1131,8,11,0,0,0,0,0,0,45,lru,0,0,0,0,0,0,16,15,16,0,1,0,1
layer,22,0,7,147,decode_target,16,12,9,3,8245,1052,226,200,3,0,3,8433,9,9,0,0,0,0,0,0,45,lru,0,0,0,0,0,0,16,13,16,0,3,0,1
layer,22,0,7,147,decode_target,17,12,11,1,438,324,357,16,2,0,2,505,9,3,0,0,0,0,0,0,45,lru,0,0,0,0,0,0,16,15,16,0,1,0,2
layer,22,0,7,147,decode_target,18,13,12,1,622,316,201,10,1,0,1,691,8,3,0,0,0,0,0,0,45,lru,0,0,0,0,0,0,16,15,16,0,1,0,1
layer,22,0,7,147,decode_target,19,12,11,1,495,311,222,22,1,0,1,560,9,3,0,0,0,0,0,0,45,lru,0,0,0,0,0,0,16,15,16,0,1,0,1
layer,22,0,7,147,decode_target,20,11,11,0,0,0,242,0,0,0,0,23,9,2,0,0,0,0,0,0,45,lru,0,0,0,0,0,0,16,16,16,0,0,0,1
layer,22,0,7,147,decode_target,21,10,10,0,0,0,238,0,0,0,0,21,9,2,0,0,0,0,0,0,45,lru,0,0,0,0,0,0,16,16,16,0,0,0,1
layer,22,0,7,147,decode_target,22,11,10,1,449,312,193,14,1,0,1,509,8,2,0,0,0,0,0,0,45,lru,0,0,0,0,0,0,16,15,16,0,1,0,1
layer,22,0,7,147,decode_target,23,11,9,2,1057,477,212,25,2,0,2,1146,8,3,0,0,0,0,0,0,45,lru,0,0,0,0,0,0,16,14,16,0,2,0,1
layer,22,0,7,147,decode_target,24,12,11,1,505,313,223,19,2,0,2,571,9,3,0,0,0,0,0,0,45,lru,0,0,0,0,0,0,16,15,16,0,1,0,1
layer,22,0,7,147,decode_target,25,11,11,0,0,0,245,0,0,0,0,21,8,2,0,0,0,0,0,0,45,lru,0,0,0,0,0,0,16,16,16,0,0,0,1
layer,22,0,7,147,decode_target,26,10,10,0,0,0,314,0,0,0,0,21,9,2,0,0,0,0,0,0,45,lru,0,0,0,0,0,0,16,16,16,0,0,0,1
layer,22,0,7,147,decode_target,27,10,10,0,0,0,208,0,0,0,0,20,8,2,0,0,0,0,0,0,45,lru,0,0,0,0,0,0,16,16,16,0,0,0,1
layer,22,0,7,147,decode_target,28,11,9,2,989,480,226,27,2,0,2,1076,8,2,0,0,0,0,0,0,45,lru,0,0,0,0,0,0,16,14,16,0,2,0,1
layer,22,0,7,147,decode_target,29,12,12,0,0,0,247,0,0,0,0,22,9,2,0,0,0,0,0,0,45,lru,0,0,0,0,0,0,16,16,16,0,0,0,1
layer,22,0,7,147,decode_target,30,12,12,0,0,0,216,0,0,0,0,19,8,2,0,0,0,0,0,0,45,lru,0,0,0,0,0,0,16,16,16,0,0,0,1
layer,22,0,7,147,decode_target,31,13,13,0,0,0,245,0,0,0,0,19,8,2,0,0,0,0,0,0,45,lru,0,0,0,0,0,0,16,16,16,0,0,0,1
layer,22,0,7,147,decode_target,32,11,11,0,0,0,241,0,0,0,0,19,8,2,0,0,0,0,0,0,45,lru,0,0,0,0,0,0,16,16,16,0,0,0,1
layer,22,0,7,147,decode_target,33,11,10,1,462,313,216,21,1,0,1,520,8,2,0,0,0,0,0,0,45,lru,0,0,0,0,0,0,16,15,16,0,1,0,1
layer,22,0,7,147,decode_target,34,11,11,0,0,0,342,0,0,0,0,22,9,2,0,0,0,0,0,0,45,lru,0,0,0,0,0,0,16,16,16,0,0,0,1
layer,22,0,7,147,decode_target,35,10,10,0,0,0,335,0,0,0,0,19,8,2,0,0,0,0,0,0,45,lru,0,0,0,0,0,0,16,16,16,0,0,0,1
layer,22,0,7,147,decode_target,36,11,11,0,0,0,218,0,0,0,0,19,9,2,0,0,0,0,0,0,45,lru,0,0,0,0,0,0,16,16,16,0,0,0,1
layer,22,0,7,147,decode_target,37,11,11,0,0,0,252,0,0,0,0,18,8,2,0,0,0,0,0,0,45,lru,0,0,0,0,0,0,16,16,16,0,0,0,1
layer,22,0,7,147,decode_target,38,11,11,0,0,0,211,0,0,0,0,18,8,2,0,0,0,0,0,0,45,lru,0,0,0,0,0,0,16,16,16,0,0,0,0
layer,22,0,7,147,decode_target,39,11,10,1,391,317,943,11,1,0,1,449,8,2,0,0,0,0,0,0,45,lru,0,0,0,0,0,0,16,15,16,0,1,0,1
request,22,0,7,0,decode_target,-1,0,0,0,0,0,0,0,0,0,0,0,0,0,0,0,0,0,0,0,0,,56394,401,0,0,25,0,0,0,0,0,0,0,0
layer,23,0,7,147,decode_mtp_process,40,13,12,1,470,306,121,18,1,0,1,537,11,3,0,0,0,0,0,0,45,lru,0,0,0,0,0,0,16,15,16,0,1,0,1
request,23,0,7,0,decode_mtp_process,-1,0,0,0,0,0,0,0,0,0,0,0,0,0,0,0,0,0,0,0,0,,1457,22,0,0,7,0,0,0,0,0,0,0,0
layer,24,0,8,147,decode_mtp_draft,40,8,8,0,0,0,920,0,0,0,0,28,12,3,0,0,0,0,0,0,45,lru,0,0,0,0,0,0,8,8,8,0,0,0,1
request,24,0,8,0,decode_mtp_draft,-1,0,0,0,0,0,0,0,0,0,0,0,0,0,0,0,0,0,0,0,0,,1493,20,0,0,6,0,0,0,0,0,0,0,0
layer,25,0,8,150,decode_target,0,15,11,4,2328,930,248,67,2,0,2,2496,10,3,0,0,0,0,0,0,45,lru,0,0,0,0,0,0,16,12,16,0,4,0,1
layer,25,0,8,150,decode_target,1,11,10,1,513,367,219,15,4,0,4,580,9,3,0,0,0,0,0,0,45,lru,0,0,0,0,0,0,16,15,16,0,1,0,2
layer,25,0,8,150,decode_target,2,12,10,2,1293,563,200,26,5,0,5,1391,8,3,0,0,0,0,0,0,45,lru,0,0,0,0,0,0,16,14,16,0,2,0,1
layer,25,0,8,150,decode_target,3,11,10,1,527,330,215,17,3,0,3,600,8,3,0,0,0,0,0,0,45,lru,0,0,0,0,0,0,16,15,16,0,1,0,1
layer,25,0,8,150,decode_target,4,10,8,2,1277,561,211,28,5,0,5,1377,9,3,0,0,0,0,0,0,45,lru,0,0,0,0,0,0,16,13,16,0,2,0,1
layer,25,0,8,150,decode_target,5,12,10,2,1203,608,225,39,4,0,4,1338,8,9,0,0,0,0,0,0,45,lru,0,0,0,0,0,0,16,14,16,0,2,0,1
layer,25,0,8,150,decode_target,6,11,9,2,1413,598,328,31,4,0,4,1535,8,4,0,0,0,0,0,0,45,lru,0,0,0,0,0,0,16,14,16,0,2,0,1
layer,25,0,8,150,decode_target,7,9,8,1,461,362,202,39,4,0,4,546,8,3,0,0,0,0,0,0,45,lru,0,0,0,0,0,0,16,15,16,0,1,0,1
layer,25,0,8,150,decode_target,8,11,10,1,6138,346,224,26,2,0,2,6208,9,2,0,0,0,0,0,0,45,lru,0,0,0,0,0,0,16,15,16,0,1,0,1
layer,25,0,8,150,decode_target,9,10,10,0,0,0,248,0,0,0,0,20,8,2,0,0,0,0,0,0,45,lru,0,0,0,0,0,0,16,16,16,0,0,0,1
layer,25,0,8,150,decode_target,10,13,11,2,2412,1170,204,186,4,0,4,2672,8,16,0,0,0,0,0,0,45,lru,0,0,0,0,0,0,16,14,16,0,2,0,1
layer,25,0,8,150,decode_target,11,11,11,0,0,0,247,0,0,0,0,21,8,2,0,0,0,0,0,0,45,lru,0,0,0,0,0,0,16,16,16,0,0,0,1
layer,25,0,8,150,decode_target,12,12,11,1,977,597,220,101,3,0,3,1104,7,10,0,0,0,0,0,0,45,lru,0,0,0,0,0,0,16,15,16,0,1,0,0
layer,25,0,8,150,decode_target,13,13,13,0,0,0,250,0,0,0,0,23,8,2,0,0,0,0,0,0,45,lru,0,0,0,0,0,0,16,16,16,0,0,0,1
layer,25,0,8,150,decode_target,14,11,11,0,0,0,208,0,0,0,0,21,9,2,0,0,0,0,0,0,45,lru,0,0,0,0,0,0,16,16,16,0,0,0,1
layer,25,0,8,150,decode_target,15,11,11,0,0,0,366,0,0,0,0,22,10,2,0,0,0,0,0,0,45,lru,0,0,0,0,0,0,16,16,16,0,0,0,0
layer,25,0,8,150,decode_target,16,11,11,0,0,0,342,0,0,0,0,19,7,2,0,0,0,0,0,0,45,lru,0,0,0,0,0,0,16,16,16,0,0,0,1
layer,25,0,8,150,decode_target,17,13,11,2,2162,1286,231,190,2,0,2,2371,7,12,0,0,0,0,0,0,45,lru,0,0,0,0,0,0,16,14,16,0,2,0,0
layer,25,0,8,150,decode_target,18,11,10,1,943,583,194,84,1,0,1,1070,8,11,0,0,0,0,0,0,45,lru,0,0,0,0,0,0,16,15,16,0,1,0,1
layer,25,0,8,150,decode_target,19,11,11,0,0,0,246,0,0,0,0,20,8,2,0,0,0,0,0,0,45,lru,0,0,0,0,0,0,16,16,16,0,0,0,1
layer,25,0,8,150,decode_target,20,11,10,1,885,624,216,132,1,0,1,1046,8,9,0,0,0,0,0,0,45,lru,0,0,0,0,0,0,16,15,16,0,1,0,0
layer,25,0,8,150,decode_target,21,11,10,1,985,592,218,143,1,0,1,1170,9,20,0,0,0,0,0,0,45,lru,0,0,0,0,0,0,16,15,16,0,1,0,1
layer,25,0,8,150,decode_target,22,12,12,0,0,0,351,0,0,0,0,22,9,2,0,0,0,0,0,0,45,lru,0,0,0,0,0,0,16,16,16,0,0,0,1
layer,25,0,8,150,decode_target,23,14,13,1,991,601,230,50,1,0,1,1087,8,2,0,0,0,0,0,0,45,lru,0,0,0,0,0,0,16,15,16,0,1,0,1
layer,25,0,8,150,decode_target,24,13,12,1,940,611,231,90,1,0,1,1058,8,13,0,0,0,0,0,0,45,lru,0,0,0,0,0,0,16,15,16,0,1,0,1
layer,25,0,8,150,decode_target,25,12,12,0,0,0,248,0,0,0,0,19,8,2,0,0,0,0,0,0,45,lru,0,0,0,0,0,0,16,16,16,0,0,0,1
layer,25,0,8,150,decode_target,26,11,10,1,986,591,192,82,1,0,1,1106,13,14,0,0,0,0,0,0,45,lru,0,0,0,0,0,0,16,15,16,0,1,0,1
layer,25,0,8,150,decode_target,27,10,10,0,0,0,244,0,0,0,0,19,8,2,0,0,0,0,0,0,45,lru,0,0,0,0,0,0,16,16,16,0,0,0,0
layer,25,0,8,150,decode_target,28,11,11,0,0,0,239,0,0,0,0,19,8,2,0,0,0,0,0,0,45,lru,0,0,0,0,0,0,16,16,16,0,0,0,0
layer,25,0,8,150,decode_target,29,12,12,0,0,0,247,0,0,0,0,18,8,2,0,0,0,0,0,0,45,lru,0,0,0,0,0,0,16,16,16,0,0,0,1
layer,25,0,8,150,decode_target,30,11,11,0,0,0,207,0,0,0,0,19,9,2,0,0,0,0,0,0,45,lru,0,0,0,0,0,0,16,16,16,0,0,0,1
layer,25,0,8,150,decode_target,31,11,11,0,0,0,237,0,0,0,0,21,11,2,0,0,0,0,0,0,45,lru,0,0,0,0,0,0,16,16,16,0,0,0,0
layer,25,0,8,150,decode_target,32,10,10,0,0,0,231,0,0,0,0,18,8,2,0,0,0,0,0,0,45,lru,0,0,0,0,0,0,16,16,16,0,0,0,1
layer,25,0,8,150,decode_target,33,11,10,1,873,623,218,82,1,0,1,1020,8,11,0,0,0,0,0,0,45,lru,0,0,0,0,0,0,16,15,16,0,1,0,0
layer,25,0,8,150,decode_target,34,12,12,0,0,0,214,0,0,0,0,20,9,2,0,0,0,0,0,0,45,lru,0,0,0,0,0,0,16,16,16,0,0,0,1
layer,25,0,8,150,decode_target,35,9,9,0,0,0,359,0,0,0,0,19,9,1,0,0,0,0,0,0,45,lru,0,0,0,0,0,0,16,16,16,0,0,0,1
layer,25,0,8,150,decode_target,36,9,9,0,0,0,202,0,0,0,0,17,7,2,0,0,0,0,0,0,45,lru,0,0,0,0,0,0,16,16,16,0,0,0,0
layer,25,0,8,150,decode_target,37,11,11,0,0,0,381,0,0,0,0,18,8,2,0,0,0,0,0,0,45,lru,0,0,0,0,0,0,16,16,16,0,0,0,1
layer,25,0,8,150,decode_target,38,10,10,0,0,0,188,0,0,0,0,17,7,2,0,0,0,0,0,0,45,lru,0,0,0,0,0,0,16,16,16,0,0,0,0
layer,25,0,8,150,decode_target,39,10,10,0,0,0,965,0,0,0,0,18,8,2,0,0,0,0,0,0,45,lru,0,0,0,0,0,0,16,16,16,0,0,0,0
request,25,0,8,0,decode_target,-1,0,0,0,0,0,0,0,0,0,0,0,0,0,0,0,0,0,0,0,0,,45432,331,0,0,17,0,0,0,0,0,0,0,0
layer,26,0,8,150,decode_mtp_process,40,11,11,0,0,0,136,0,0,0,0,22,11,2,0,0,0,0,0,0,45,lru,0,0,0,0,0,0,16,16,16,0,0,0,1
request,26,0,8,0,decode_mtp_process,-1,0,0,0,0,0,0,0,0,0,0,0,0,0,0,0,0,0,0,0,0,,644,16,0,0,5,0,0,0,0,0,0,0,0
layer,27,0,9,150,decode_mtp_draft,40,8,8,0,0,0,906,0,0,0,0,22,11,3,0,0,0,0,0,0,45,lru,0,0,0,0,0,0,8,8,8,0,0,0,1
request,27,0,9,0,decode_mtp_draft,-1,0,0,0,0,0,0,0,0,0,0,0,0,0,0,0,0,0,0,0,0,,1432,19,0,0,7,0,0,0,0,0,0,0,0
layer,28,0,9,153,decode_target,0,14,11,3,3456,1783,249,267,2,0,2,3749,10,13,0,0,0,0,0,0,45,lru,0,0,0,0,0,0,16,13,16,0,3,0,1
layer,28,0,9,153,decode_target,1,9,9,0,0,0,233,0,0,0,0,22,9,2,0,0,0,0,0,0,45,lru,0,0,0,0,0,0,16,16,16,0,0,0,1
layer,28,0,9,153,decode_target,2,11,10,1,985,613,196,81,3,0,3,1114,8,15,0,0,0,0,0,0,45,lru,0,0,0,0,0,0,16,15,16,0,1,0,1
layer,28,0,9,153,decode_target,3,11,11,0,0,0,247,0,0,0,0,22,9,2,0,0,0,0,0,0,45,lru,0,0,0,0,0,0,16,16,16,0,0,0,1
layer,28,0,9,153,decode_target,4,12,12,0,0,0,239,0,0,0,0,20,8,2,0,0,0,0,0,0,45,lru,0,0,0,0,0,0,16,16,16,0,0,0,1
layer,28,0,9,153,decode_target,5,12,11,1,952,605,221,123,2,0,2,1087,8,7,0,0,0,0,0,0,45,lru,0,0,0,0,0,0,16,14,16,0,1,0,1
layer,28,0,9,153,decode_target,6,10,10,0,0,0,198,0,0,0,0,24,12,2,0,0,0,0,0,0,45,lru,0,0,0,0,0,0,16,16,16,0,0,0,1
layer,28,0,9,153,decode_target,7,10,10,0,0,0,231,0,0,0,0,19,8,2,0,0,0,0,0,0,45,lru,0,0,0,0,0,0,16,16,16,0,0,0,1
layer,28,0,9,153,decode_target,8,11,10,1,6315,348,225,152,2,0,2,6442,7,6,0,0,0,0,0,0,45,lru,0,0,0,0,0,0,16,15,16,0,1,0,0
layer,28,0,9,153,decode_target,9,12,11,1,607,314,238,8,3,0,3,679,10,2,0,0,0,0,0,0,45,lru,0,0,0,0,0,0,16,15,16,0,1,0,1
layer,28,0,9,153,decode_target,10,12,10,2,985,528,197,23,3,0,3,1094,8,2,0,0,0,0,0,0,45,lru,0,0,0,0,0,0,16,14,16,0,2,0,1
layer,28,0,9,153,decode_target,11,11,11,0,0,0,241,0,0,0,0,21,8,2,0,0,0,0,0,0,45,lru,0,0,0,0,0,0,16,16,16,0,0,0,1
layer,28,0,9,153,decode_target,12,11,11,0,0,0,236,0,0,0,0,20,8,2,0,0,0,0,0,0,45,lru,0,0,0,0,0,0,16,16,16,0,0,0,1
layer,28,0,9,153,decode_target,13,14,13,1,678,328,236,10,3,0,3,741,8,2,0,0,0,0,0,0,45,lru,0,0,0,0,0,0,16,15,16,0,1,0,1
layer,28,0,9,153,decode_target,14,11,10,1,612,335,198,14,3,0,3,687,8,2,0,0,0,0,0,0,45,lru,0,0,0,0,0,0,16,15,16,0,1,0,1
layer,28,0,9,153,decode_target,15,12,11,1,428,318,222,15,3,0,3,498,13,2,0,0,0,0,0,0,45,lru,0,0,0,0,0,0,16,15,16,0,1,0,1
layer,28,0,9,153,decode_target,16,12,12,0,0,0,376,0,0,0,0,21,9,2,0,0,0,0,0,0,45,lru,0,0,0,0,0,0,16,16,16,0,0,0,1
layer,28,0,9,153,decode_target,17,12,11,1,452,352,226,15,1,0,1,530,8,2,0,0,0,0,0,0,45,lru,0,0,0,0,0,0,16,15,16,0,1,0,0
layer,28,0,9,153,decode_target,18,11,10,1,527,311,324,13,1,0,1,585,8,2,0,0,0,0,0,0,45,lru,0,0,0,0,0,0,16,15,16,0,1,0,1
layer,28,0,9,153,decode_target,19,12,11,1,517,341,225,6,1,0,1,575,8,2,0,0,0,0,0,0,45,lru,0,0,0,0,0,0,16,15,16,0,1,0,1
layer,28,0,9,153,decode_target,20,11,11,0,0,0,245,0,0,0,0,25,13,2,0,0,0,0,0,0,45,lru,0,0,0,0,0,0,16,16,16,0,0,0,1
layer,28,0,9,153,decode_target,21,12,12,0,0,0,243,0,0,0,0,18,8,2,0,0,0,0,0,0,45,lru,0,0,0,0,0,0,16,16,16,0,0,0,0
layer,28,0,9,153,decode_target,22,13,12,1,426,311,201,15,1,0,1,483,8,2,0,0,0,0,0,0,45,lru,0,0,0,0,0,0,16,15,16,0,1,0,1
layer,28,0,9,153,decode_target,23,12,11,1,520,348,216,5,1,0,1,576,8,2,0,0,0,0,0,0,45,lru,0,0,0,0,0,0,16,15,16,0,1,0,1
layer,28,0,9,153,decode_target,24,10,10,0,0,0,229,0,0,0,0,20,8,2,0,0,0,0,0,0,45,lru,0,0,0,0,0,0,16,16,16,0,0,0,1
layer,28,0,9,153,decode_target,25,11,11,0,0,0,240,0,0,0,0,17,8,2,0,0,0,0,0,0,45,lru,0,0,0,0,0,0,16,16,16,0,0,0,0
layer,28,0,9,153,decode_target,26,10,10,0,0,0,314,0,0,0,0,18,8,2,0,0,0,0,0,0,45,lru,0,0,0,0,0,0,16,16,16,0,0,0,1
layer,28,0,9,153,decode_target,27,10,10,0,0,0,208,0,0,0,0,17,7,2,0,0,0,0,0,0,45,lru,0,0,0,0,0,0,16,16,16,0,0,0,1
layer,28,0,9,153,decode_target,28,10,10,0,0,0,245,0,0,0,0,18,8,2,0,0,0,0,0,0,45,lru,0,0,0,0,0,0,16,16,16,0,0,0,0
layer,28,0,9,153,decode_target,29,12,12,0,0,0,246,0,0,0,0,18,8,1,0,0,0,0,0,0,45,lru,0,0,0,0,0,0,16,16,16,0,0,0,0
layer,28,0,9,153,decode_target,30,12,11,1,500,321,197,14,1,0,1,558,8,2,0,0,0,0,0,0,45,lru,0,0,0,0,0,0,16,15,16,0,1,0,1
layer,28,0,9,153,decode_target,31,11,11,0,0,0,235,0,0,0,0,19,8,2,0,0,0,0,0,0,45,lru,0,0,0,0,0,0,16,16,16,0,0,0,1
layer,28,0,9,153,decode_target,32,11,11,0,0,0,237,0,0,0,0,19,8,2,0,0,0,0,0,0,45,lru,0,0,0,0,0,0,16,16,16,0,0,0,1
layer,28,0,9,153,decode_target,33,10,8,2,1308,461,344,25,2,0,2,1392,8,2,0,0,0,0,0,0,45,lru,0,0,0,0,0,0,16,14,16,0,2,0,0
layer,28,0,9,153,decode_target,34,13,13,0,0,0,204,0,0,0,0,20,8,2,0,0,0,0,0,0,45,lru,0,0,0,0,0,0,16,16,16,0,0,0,1
layer,28,0,9,153,decode_target,35,10,9,1,593,305,218,11,1,0,1,653,8,3,0,0,0,0,0,0,45,lru,0,0,0,0,0,0,16,15,16,0,1,0,1
layer,28,0,9,153,decode_target,36,10,10,0,0,0,231,0,0,0,0,20,8,2,0,0,0,0,0,0,45,lru,0,0,0,0,0,0,16,16,16,0,0,0,0
layer,28,0,9,153,decode_target,37,10,10,0,0,0,237,0,0,0,0,17,8,2,0,0,0,0,0,0,45,lru,0,0,0,0,0,0,16,16,16,0,0,0,1
layer,28,0,9,153,decode_target,38,11,10,1,458,314,192,13,1,0,1,517,8,2,0,0,0,0,0,0,45,lru,0,0,0,0,0,0,16,15,16,0,1,0,1
layer,28,0,9,153,decode_target,39,10,9,1,450,307,939,9,1,0,1,511,9,2,0,0,0,0,0,0,45,lru,0,0,0,0,0,0,16,15,16,0,1,0,1
request,28,0,9,0,decode_target,-1,0,0,0,0,0,0,0,0,0,0,0,0,0,0,0,0,0,0,0,0,,38817,1262,0,0,971,0,0,0,0,0,0,0,0
layer,29,0,9,153,decode_mtp_process,40,10,9,1,654,302,110,10,1,0,1,720,11,3,0,0,0,0,0,0,45,lru,0,0,0,0,0,0,16,15,16,0,1,0,1
request,29,0,9,0,decode_mtp_process,-1,0,0,0,0,0,0,0,0,0,0,0,0,0,0,0,0,0,0,0,0,,1686,27,0,0,6,0,0,0,0,0,0,0,0
layer,30,0,11,153,decode_mtp_draft,40,8,7,1,596,302,887,30,1,0,1,665,11,3,0,0,0,0,0,0,45,lru,0,0,0,0,0,0,8,7,8,0,1,0,1
request,30,0,11,0,decode_mtp_draft,-1,0,0,0,0,0,0,0,0,0,0,0,0,0,0,0,0,0,0,0,0,,2380,24,0,0,8,0,0,0,0,0,0,0,0
layer,31,0,11,156,decode_target,0,12,8,4,2425,880,239,60,2,0,2,2574,10,3,0,0,0,0,0,0,45,lru,0,0,0,0,0,0,16,12,16,0,4,0,1
layer,31,0,11,156,decode_target,1,12,11,1,423,309,359,14,2,0,2,491,9,3,0,0,0,0,0,0,45,lru,0,0,0,0,0,0,16,15,16,0,1,0,1
layer,31,0,11,156,decode_target,2,11,10,1,513,304,195,17,2,0,2,576,8,2,0,0,0,0,0,0,45,lru,0,0,0,0,0,0,16,15,16,0,1,0,1
layer,31,0,11,156,decode_target,3,12,12,0,0,0,251,0,0,0,0,22,9,2,0,0,0,0,0,0,45,lru,0,0,0,0,0,0,16,16,16,0,0,0,1
layer,31,0,11,156,decode_target,4,10,9,1,466,313,211,12,2,0,2,526,9,2,0,0,0,0,0,0,45,lru,0,0,0,0,0,0,16,15,16,0,1,0,1
layer,31,0,11,156,decode_target,5,11,10,1,417,315,220,25,2,0,2,480,8,2,0,0,0,0,0,0,45,lru,0,0,0,0,0,0,16,15,16,0,1,0,1
layer,31,0,11,156,decode_target,6,12,11,1,494,303,322,12,2,0,2,562,8,2,0,0,0,0,0,0,45,lru,0,0,0,0,0,0,16,15,16,0,1,0,1
layer,31,0,11,156,decode_target,7,12,11,1,606,328,218,24,2,0,2,671,8,3,0,0,0,0,0,0,45,lru,0,0,0,0,0,0,16,15,16,0,1,0,1
layer,31,0,11,156,decode_target,8,10,10,0,0,0,240,0,0,0,0,20,8,2,0,0,0,0,0,0,45,lru,0,0,0,0,0,0,16,16,16,0,0,0,1
layer,31,0,11,156,decode_target,9,14,14,0,0,0,256,0,0,0,0,22,8,2,0,0,0,0,0,0,45,lru,0,0,0,0,0,0,16,16,16,0,0,0,1
layer,31,0,11,156,decode_target,10,11,11,0,0,0,204,0,0,0,0,19,8,2,0,0,0,0,0,0,45,lru,0,0,0,0,0,0,16,16,16,0,0,0,1
layer,31,0,11,156,decode_target,11,12,11,1,493,327,218,19,3,0,3,555,8,2,0,0,0,0,0,0,45,lru,0,0,0,0,0,0,16,15,16,0,1,0,1
layer,31,0,11,156,decode_target,12,13,11,2,1129,545,227,25,2,0,2,1227,8,3,0,0,0,0,0,0,45,lru,0,0,0,0,0,0,16,14,16,0,2,0,1
layer,31,0,11,156,decode_target,13,13,10,3,1859,835,234,54,2,0,2,2007,8,2,0,0,0,0,0,0,45,lru,0,0,0,0,0,0,16,13,16,0,3,0,1
layer,31,0,11,156,decode_target,14,11,11,0,0,0,342,0,0,0,0,24,11,2,0,0,0,0,0,0,45,lru,0,0,0,0,0,0,16,16,16,0,0,0,1
layer,31,0,11,156,decode_target,15,12,12,0,0,0,352,0,0,0,0,20,8,2,0,0,0,0,0,0,45,lru,0,0,0,0,0,0,16,16,16,0,0,0,1
layer,31,0,11,156,decode_target,16,12,11,1,511,326,225,24,1,0,1,575,7,2,0,0,0,0,0,0,45,lru,0,0,0,0,0,0,16,15,16,0,1,0,1
layer,31,0,11,156,decode_target,17,10,10,0,0,0,236,0,0,0,0,20,8,2,0,0,0,0,0,0,45,lru,0,0,0,0,0,0,16,16,16,0,0,0,1
layer,31,0,11,156,decode_target,18,13,12,1,610,369,203,12,1,0,1,673,8,2,0,0,0,0,0,0,45,lru,0,0,0,0,0,0,16,15,16,0,1,0,1
layer,31,0,11,156,decode_target,19,11,9,2,1400,649,215,86,1,0,1,1566,8,18,0,0,0,0,0,0,45,lru,0,0,0,0,0,0,16,14,16,0,2,0,1
layer,31,0,11,156,decode_target,20,11,10,1,615,380,227,18,1,0,1,705,10,5,0,0,0,0,0,0,45,lru,0,0,0,0,0,0,16,15,16,0,1,0,1
layer,31,0,11,156,decode_target,21,11,11,0,0,0,239,0,0,0,0,21,8,2,0,0,0,0,0,0,45,lru,0,0,0,0,0,0,16,16,16,0,0,0,1
layer,31,0,11,156,decode_target,22,11,10,1,649,371,193,25,1,0,1,717,8,3,0,0,0,0,0,0,45,lru,0,0,0,0,0,0,16,15,16,0,1,0,0
layer,31,0,11,156,decode_target,23,11,11,0,0,0,231,0,0,0,0,19,8,2,0,0,0,0,0,0,45,lru,0,0,0,0,0,0,16,16,16,0,0,0,1
layer,31,0,11,156,decode_target,24,11,11,0,0,0,234,0,0,0,0,18,7,2,0,0,0,0,0,0,45,lru,0,0,0,0,0,0,16,16,16,0,0,0,0
layer,31,0,11,156,decode_target,25,10,10,0,0,0,343,0,0,0,0,17,7,2,0,0,0,0,0,0,45,lru,0,0,0,0,0,0,16,16,16,0,0,0,1
layer,31,0,11,156,decode_target,26,10,9,1,545,372,189,26,1,0,1,614,7,3,0,0,0,0,0,0,45,lru,0,0,0,0,0,0,16,14,16,0,1,0,0
layer,31,0,11,156,decode_target,27,10,10,0,0,0,244,0,0,0,0,20,8,2,0,0,0,0,0,0,45,lru,0,0,0,0,0,0,16,16,16,0,0,0,1
layer,31,0,11,156,decode_target,28,10,10,0,0,0,229,0,0,0,0,18,8,2,0,0,0,0,0,0,45,lru,0,0,0,0,0,0,16,16,16,0,0,0,1
layer,31,0,11,156,decode_target,29,11,11,0,0,0,236,0,0,0,0,18,8,2,0,0,0,0,0,0,45,lru,0,0,0,0,0,0,16,16,16,0,0,0,0
layer,31,0,11,156,decode_target,30,11,11,0,0,0,212,0,0,0,0,18,8,2,0,0,0,0,0,0,45,lru,0,0,0,0,0,0,16,16,16,0,0,0,1
layer,31,0,11,156,decode_target,31,11,11,0,0,0,236,0,0,0,0,17,8,2,0,0,0,0,0,0,45,lru,0,0,0,0,0,0,16,16,16,0,0,0,0
layer,31,0,11,156,decode_target,32,12,12,0,0,0,242,0,0,0,0,18,8,2,0,0,0,0,0,0,45,lru,0,0,0,0,0,0,16,16,16,0,0,0,1
layer,31,0,11,156,decode_target,33,11,11,0,0,0,238,0,0,0,0,18,8,2,0,0,0,0,0,0,45,lru,0,0,0,0,0,0,16,16,16,0,0,0,1
layer,31,0,11,156,decode_target,34,11,11,0,0,0,210,0,0,0,0,20,9,2,0,0,0,0,0,0,45,lru,0,0,0,0,0,0,16,16,16,0,0,0,0
layer,31,0,11,156,decode_target,35,10,9,1,547,381,205,28,1,0,1,629,8,4,0,0,0,0,0,0,45,lru,0,0,0,0,0,0,16,15,16,0,1,0,1
layer,31,0,11,156,decode_target,36,11,11,0,0,0,376,0,0,0,0,19,8,2,0,0,0,0,0,0,45,lru,0,0,0,0,0,0,16,16,16,0,0,0,1
layer,31,0,11,156,decode_target,37,10,10,0,0,0,212,0,0,0,0,17,7,2,0,0,0,0,0,0,45,lru,0,0,0,0,0,0,16,16,16,0,0,0,1
layer,31,0,11,156,decode_target,38,12,12,0,0,0,227,0,0,0,0,18,8,2,0,0,0,0,0,0,45,lru,0,0,0,0,0,0,16,16,16,0,0,0,1
layer,31,0,11,156,decode_target,39,13,13,0,0,0,970,0,0,0,0,18,8,2,0,0,0,0,0,0,45,lru,0,0,0,0,0,0,16,16,16,0,0,0,1
request,31,0,11,0,decode_target,-1,0,0,0,0,0,0,0,0,0,0,0,0,0,0,0,0,0,0,0,0,,29986,317,0,0,18,0,0,0,0,0,0,0,0
layer,32,0,11,156,decode_mtp_process,40,13,13,0,0,0,147,0,0,0,0,24,11,2,0,0,0,0,0,0,45,lru,0,0,0,0,0,0,16,16,16,0,0,0,1
request,32,0,11,0,decode_mtp_process,-1,0,0,0,0,0,0,0,0,0,0,0,0,0,0,0,0,0,0,0,0,,664,17,0,0,6,0,0,0,0,0,0,0,0
layer,33,0,12,156,decode_mtp_draft,40,8,6,2,1536,852,905,103,1,0,1,1671,10,9,0,0,0,0,0,0,45,lru,0,0,0,0,0,0,8,6,8,0,2,0,1
request,33,0,12,0,decode_mtp_draft,-1,0,0,0,0,0,0,0,0,0,0,0,0,0,0,0,0,0,0,0,0,,3369,26,0,0,7,0,0,0,0,0,0,0,0
layer,34,0,12,159,decode_target,0,12,7,5,4356,2246,244,270,2,0,2,4716,14,10,0,0,0,0,0,0,45,lru,0,0,0,0,0,0,16,10,16,0,5,0,1
layer,34,0,12,159,decode_target,1,11,9,2,1756,1005,224,117,2,0,2,1906,14,2,0,0,0,0,0,0,45,lru,0,0,0,0,0,0,16,14,16,0,2,0,1
layer,34,0,12,159,decode_target,2,13,8,5,4923,2560,207,437,2,0,2,5312,8,19,0,0,0,0,0,0,45,lru,0,0,0,0,0,0,16,11,16,0,5,0,1
layer,34,0,12,159,decode_target,3,14,10,4,4110,2318,232,338,2,0,2,4404,9,11,0,0,0,0,0,0,45,lru,0,0,0,0,0,0,16,12,16,0,4,0,1
layer,34,0,12,159,decode_target,4,12,12,0,0,0,250,0,0,0,0,22,8,2,0,0,0,0,0,0,45,lru,0,0,0,0,0,0,16,16,16,0,0,0,1
layer,34,0,12,159,decode_target,5,11,9,2,1931,1198,347,170,2,0,2,2106,8,9,0,0,0,0,0,0,45,lru,0,0,0,0,0,0,16,14,16,0,2,0,1
layer,34,0,12,159,decode_target,6,12,12,0,0,0,198,0,0,0,0,20,8,2,0,0,0,0,0,0,45,lru,0,0,0,0,0,0,16,16,16,0,0,0,1
layer,34,0,12,159,decode_target,7,15,15,0,0,0,386,0,0,0,0,21,8,2,0,0,0,0,0,0,45,lru,0,0,0,0,0,0,16,16,16,0,0,0,1
layer,34,0,12,159,decode_target,8,10,9,1,905,601,210,151,2,0,2,1081,7,15,0,0,0,0,0,0,45,lru,0,0,0,0,0,0,16,15,16,0,1,0,1
layer,34,0,12,159,decode_target,9,12,11,1,972,597,236,48,2,0,2,1077,9,9,0,0,0,0,0,0,45,lru,0,0,0,0,0,0,16,15,16,0,1,0,1
layer,34,0,12,159,decode_target,10,12,9,3,2873,1730,203,313,3,0,3,3127,11,15,0,0,0,0,0,0,45,lru,0,0,0,0,0,0,16,13,16,0,3,0,1
layer,34,0,12,159,decode_target,11,12,12,0,0,0,253,0,0,0,0,21,8,2,0,0,0,0,0,0,45,lru,0,0,0,0,0,0,16,16,16,0,0,0,1
layer,34,0,12,159,decode_target,12,13,12,1,938,567,226,87,2,0,2,1063,8,9,0,0,0,0,0,0,45,lru,0,0,0,0,0,0,16,15,16,0,1,0,1
layer,34,0,12,159,decode_target,13,10,10,0,0,0,231,0,0,0,0,25,8,2,0,0,0,0,0,0,45,lru,0,0,0,0,0,0,16,16,16,0,0,0,5
layer,34,0,12,159,decode_target,14,14,14,0,0,0,222,0,0,0,0,20,8,2,0,0,0,0,0,0,45,lru,0,0,0,0,0,0,16,16,16,0,0,0,1
layer,34,0,12,159,decode_target,15,15,13,2,1953,1165,239,90,2,0,2,2127,8,11,0,0,0,0,0,0,45,lru,0,0,0,0,0,0,16,14,16,0,2,0,1
layer,34,0,12,159,decode_target,16,14,12,2,2016,1155,232,219,2,0,2,2291,8,13,0,0,0,0,0,0,45,lru,0,0,0,0,0,0,16,14,16,0,2,0,1
layer,34,0,12,159,decode_target,17,12,10,2,1862,1149,351,190,1,0,1,2016,9,2,0,0,0,0,0,0,45,lru,0,0,0,0,0,0,16,14,16,0,2,0,1
layer,34,0,12,159,decode_target,18,10,10,0,0,0,318,0,0,0,0,19,8,2,0,0,0,0,0,0,45,lru,0,0,0,0,0,0,16,16,16,0,0,0,1
layer,34,0,12,159,decode_target,19,14,13,1,883,600,360,115,1,0,1,1001,7,5,0,0,0,0,0,0,45,lru,0,0,0,0,0,0,16,15,16,0,1,0,1
layer,34,0,12,159,decode_target,20,10,9,1,873,547,218,32,1,0,1,981,7,12,0,0,0,0,0,0,45,lru,0,0,0,0,0,0,16,14,16,0,1,0,1
layer,34,0,12,159,decode_target,21,12,12,0,0,0,379,0,0,0,0,20,8,2,0,0,0,0,0,0,45,lru,0,0,0,0,0,0,16,16,16,0,0,0,1
layer,34,0,12,159,decode_target,22,12,12,0,0,0,196,0,0,0,0,18,8,2,0,0,0,0,0,0,45,lru,0,0,0,0,0,0,16,16,16,0,0,0,1
layer,34,0,12,159,decode_target,23,11,11,0,0,0,367,0,0,0,0,18,8,2,0,0,0,0,0,0,45,lru,0,0,0,0,0,0,16,16,16,0,0,0,1
layer,34,0,12,159,decode_target,24,11,11,0,0,0,222,0,0,0,0,17,7,2,0,0,0,0,0,0,45,lru,0,0,0,0,0,0,16,16,16,0,0,0,1
layer,34,0,12,159,decode_target,25,12,12,0,0,0,240,0,0,0,0,23,14,2,0,0,0,0,0,0,45,lru,0,0,0,0,0,0,16,16,16,0,0,0,0
layer,34,0,12,159,decode_target,26,10,10,0,0,0,200,0,0,0,0,17,8,2,0,0,0,0,0,0,45,lru,0,0,0,0,0,0,16,16,16,0,0,0,1
layer,34,0,12,159,decode_target,27,10,10,0,0,0,229,0,0,0,0,18,7,1,0,0,0,0,0,0,45,lru,0,0,0,0,0,0,16,16,16,0,0,0,1
layer,34,0,12,159,decode_target,28,9,9,0,0,0,227,0,0,0,0,17,8,2,0,0,0,0,0,0,45,lru,0,0,0,0,0,0,16,16,16,0,0,0,1
layer,34,0,12,159,decode_target,29,11,11,0,0,0,369,0,0,0,0,18,8,2,0,0,0,0,0,0,45,lru,0,0,0,0,0,0,16,16,16,0,0,0,1
layer,34,0,12,159,decode_target,30,9,9,0,0,0,310,0,0,0,0,17,7,2,0,0,0,0,0,0,45,lru,0,0,0,0,0,0,16,16,16,0,0,0,1
layer,34,0,12,159,decode_target,31,11,11,0,0,0,215,0,0,0,0,16,7,2,0,0,0,0,0,0,45,lru,0,0,0,0,0,0,16,16,16,0,0,0,0
layer,34,0,12,159,decode_target,32,11,11,0,0,0,249,0,0,0,0,18,8,2,0,0,0,0,0,0,45,lru,0,0,0,0,0,0,16,16,16,0,0,0,0
layer,34,0,12,159,decode_target,33,11,11,0,0,0,241,0,0,0,0,19,9,2,0,0,0,0,0,0,45,lru,0,0,0,0,0,0,16,16,16,0,0,0,1
layer,34,0,12,159,decode_target,34,11,11,0,0,0,208,0,0,0,0,18,8,2,0,0,0,0,0,0,45,lru,0,0,0,0,0,0,16,16,16,0,0,0,1
layer,34,0,12,159,decode_target,35,11,10,1,947,564,211,97,1,0,1,1093,7,16,0,0,0,0,0,0,45,lru,0,0,0,0,0,0,16,15,16,0,1,0,0
layer,34,0,12,159,decode_target,36,13,13,0,0,0,248,0,0,0,0,20,8,2,0,0,0,0,0,0,45,lru,0,0,0,0,0,0,16,16,16,0,0,0,1
layer,34,0,12,159,decode_target,37,10,10,0,0,0,235,0,0,0,0,18,8,2,0,0,0,0,0,0,45,lru,0,0,0,0,0,0,16,16,16,0,0,0,1
layer,34,0,12,159,decode_target,38,13,13,0,0,0,226,0,0,0,0,18,8,2,0,0,0,0,0,0,45,lru,0,0,0,0,0,0,16,16,16,0,0,0,0
layer,34,0,12,159,decode_target,39,11,10,1,875,565,965,173,1,0,1,1060,8,17,0,0,0,0,0,0,45,lru,0,0,0,0,0,0,16,15,16,0,1,0,1
request,34,0,12,0,decode_target,-1,0,0,0,0,0,0,0,0,0,0,0,0,0,0,0,0,0,0,0,0,,50368,372,0,0,17,0,0,0,0,0,0,0,0
layer,35,0,12,159,decode_mtp_process,40,14,14,0,0,0,148,0,0,0,0,25,11,3,0,0,0,0,0,0,45,lru,0,0,0,0,0,0,16,16,16,0,0,0,1
request,35,0,12,0,decode_mtp_process,-1,0,0,0,0,0,0,0,0,0,0,0,0,0,0,0,0,0,0,0,0,,667,17,0,0,5,0,0,0,0,0,0,0,0
layer,36,0,13,159,decode_mtp_draft,40,8,6,2,2054,1111,906,102,1,0,1,2211,11,10,0,0,0,0,0,0,45,lru,0,0,0,0,0,0,8,6,8,0,2,0,1
request,36,0,13,0,decode_mtp_draft,-1,0,0,0,0,0,0,0,0,0,0,0,0,0,0,0,0,0,0,0,0,,3954,27,0,0,8,0,0,0,0,0,0,0,0
layer,37,0,13,162,decode_target,0,15,10,5,5187,2955,263,332,2,0,2,5556,10,8,0,0,0,0,0,0,45,lru,0,0,0,0,0,0,16,11,16,0,5,0,1
layer,37,0,13,162,decode_target,1,13,10,3,3216,1790,242,348,2,0,2,3521,9,10,0,0,0,0,0,0,45,lru,0,0,0,0,0,0,16,13,16,0,3,0,1
layer,37,0,13,162,decode_target,2,11,9,2,2088,1170,188,52,2,0,2,2346,8,17,0,0,0,0,0,0,45,lru,0,0,0,0,0,0,16,14,16,0,2,0,1
layer,37,0,13,162,decode_target,3,14,11,3,3044,1748,223,333,2,0,2,3396,9,8,0,0,0,0,0,0,45,lru,0,0,0,0,0,0,16,13,16,0,3,0,1
layer,37,0,13,162,decode_target,4,10,10,0,0,0,229,0,0,0,0,22,8,2,0,0,0,0,0,0,45,lru,0,0,0,0,0,0,16,16,16,0,0,0,1
layer,37,0,13,162,decode_target,5,9,9,0,0,0,232,0,0,0,0,19,8,2,0,0,0,0,0,0,45,lru,0,0,0,0,0,0,16,16,16,0,0,0,1
layer,37,0,13,162,decode_target,6,10,9,1,1027,559,191,92,2,0,2,1139,8,14,0,0,0,0,0,0,45,lru,0,0,0,0,0,0,16,15,16,0,1,0,1
layer,37,0,13,162,decode_target,7,12,12,0,0,0,239,0,0,0,0,27,13,2,0,0,0,0,0,0,45,lru,0,0,0,0,0,0,16,16,16,0,0,0,1
layer,37,0,13,162,decode_target,8,11,11,0,0,0,233,0,0,0,0,19,8,1,0,0,0,0,0,0,45,lru,0,0,0,0,0,0,16,16,16,0,0,0,1
layer,37,0,13,162,decode_target,9,11,10,1,925,568,217,99,2,0,2,1062,7,15,0,0,0,0,0,0,45,lru,0,0,0,0,0,0,16,15,16,0,1,0,0
layer,37,0,13,162,decode_target,10,13,12,1,869,554,201,122,2,0,2,1006,11,11,0,0,0,0,0,0,45,lru,0,0,0,0,0,0,16,15,16,0,1,0,1
layer,37,0,13,162,decode_target,11,13,13,0,0,0,239,0,0,0,0,22,8,2,0,0,0,0,0,0,45,lru,0,0,0,0,0,0,16,16,16,0,0,0,1
layer,37,0,13,162,decode_target,12,11,11,0,0,0,234,0,0,0,0,20,8,2,0,0,0,0,0,0,45,lru,0,0,0,0,0,0,16,16,16,0,0,0,1
layer,37,0,13,162,decode_target,13,11,11,0,0,0,236,0,0,0,0,20,8,2,0,0,0,0,0,0,45,lru,0,0,0,0,0,0,16,16,16,0,0,0,1
layer,37,0,13,162,decode_target,14,10,10,0,0,0,201,0,0,0,0,18,8,2,0,0,0,0,0,0,45,lru,0,0,0,0,0,0,16,16,16,0,0,0,0
layer,37,0,13,162,decode_target,15,11,10,1,902,598,216,67,2,0,2,1054,8,12,0,0,0,0,0,0,45,lru,0,0,0,0,0,0,16,15,16,0,1,0,0
layer,37,0,13,162,decode_target,16,12,12,0,0,0,242,0,0,0,0,20,7,2,0,0,0,0,0,0,45,lru,0,0,0,0,0,0,16,16,16,0,0,0,1
layer,37,0,13,162,decode_target,17,11,11,0,0,0,235,0,0,0,0,23,13,2,0,0,0,0,0,0,45,lru,0,0,0,0,0,0,16,16,16,0,0,0,1
layer,37,0,13,162,decode_target,18,11,11,0,0,0,207,0,0,0,0,18,8,2,0,0,0,0,0,0,45,lru,0,0,0,0,0,0,16,16,16,0,0,0,0
layer,37,0,13,162,decode_target,19,12,11,1,932,589,237,26,1,0,1,1063,8,14,0,0,0,0,0,0,45,lru,0,0,0,0,0,0,16,15,16,0,1,0,1
layer,37,0,13,162,decode_target,20,12,12,0,0,0,269,0,0,0,0,21,9,2,0,0,0,0,0,0,45,lru,0,0,0,0,0,0,16,16,16,0,0,0,1
layer,37,0,13,162,decode_target,21,12,12,0,0,0,246,0,0,0,0,19,8,2,0,0,0,0,0,0,45,lru,0,0,0,0,0,0,16,16,16,0,0,0,0
layer,37,0,13,162,decode_target,22,11,10,1,865,563,194,72,1,0,1,994,13,19,0,0,0,0,0,0,45,lru,0,0,0,0,0,0,16,15,16,0,1,0,1
layer,37,0,13,162,decode_target,23,13,13,0,0,0,236,0,0,0,0,26,13,2,0,0,0,0,0,0,45,lru,0,0,0,0,0,0,16,16,16,0,0,0,1
layer,37,0,13,162,decode_target,24,11,10,1,924,557,216,79,1,0,1,1078,8,12,0,0,0,0,0,0,45,lru,0,0,0,0,0,0,16,15,16,0,1,0,1
layer,37,0,13,162,decode_target,25,11,10,1,882,549,216,83,1,0,1,1043,8,16,0,0,0,0,0,0,45,lru,0,0,0,0,0,0,16,15,16,0,1,0,1
layer,37,0,13,162,decode_target,26,12,12,0,0,0,210,0,0,0,0,20,8,2,0,0,0,0,0,0,45,lru,0,0,0,0,0,0,16,16,16,0,0,0,1
layer,37,0,13,162,decode_target,27,12,11,1,930,570,216,98,1,0,1,1052,8,17,0,0,0,0,0,0,45,lru,0,0,0,0,0,0,16,15,16,0,1,0,1
layer,37,0,13,162,decode_target,28,11,11,0,0,0,237,0,0,0,0,19,8,2,0,0,0,0,0,0,45,lru,0,0,0,0,0,0,16,16,16,0,0,0,1
layer,37,0,13,162,decode_target,29,11,11,0,0,0,237,0,0,0,0,18,8,2,0,0,0,0,0,0,45,lru,0,0,0,0,0,0,16,16,16,0,0,0,1
layer,37,0,13,162,decode_target,30,11,11,0,0,0,204,0,0,0,0,19,8,2,0,0,0,0,0,0,45,lru,0,0,0,0,0,0,16,16,16,0,0,0,0
layer,37,0,13,162,decode_target,31,12,11,1,929,592,222,79,1,0,1,1086,8,13,0,0,0,0,0,0,45,lru,0,0,0,0,0,0,16,15,16,0,1,0,1
layer,37,0,13,162,decode_target,32,11,11,0,0,0,234,0,0,0,0,25,13,2,0,0,0,0,0,0,45,lru,0,0,0,0,0,0,16,16,16,0,0,0,1
layer,37,0,13,162,decode_target,33,11,11,0,0,0,238,0,0,0,0,17,7,2,0,0,0,0,0,0,45,lru,0,0,0,0,0,0,16,16,16,0,0,0,0
layer,37,0,13,162,decode_target,34,10,10,0,0,0,202,0,0,0,0,17,8,2,0,0,0,0,0,0,45,lru,0,0,0,0,0,0,16,16,16,0,0,0,0
layer,37,0,13,162,decode_target,35,10,9,1,1062,571,209,140,1,0,1,1235,8,15,0,0,0,0,0,0,45,lru,0,0,0,0,0,0,16,15,16,0,1,0,1
layer,37,0,13,162,decode_target,36,10,10,0,0,0,233,0,0,0,0,20,8,2,0,0,0,0,0,0,45,lru,0,0,0,0,0,0,16,16,16,0,0,0,1
layer,37,0,13,162,decode_target,37,12,12,0,0,0,246,0,0,0,0,19,8,2,0,0,0,0,0,0,45,lru,0,0,0,0,0,0,16,16,16,0,0,0,1
layer,37,0,13,162,decode_target,38,11,10,1,1014,578,191,78,1,0,1,1167,8,5,0,0,0,0,0,0,45,lru,0,0,0,0,0,0,16,15,16,0,1,0,1
layer,37,0,13,162,decode_target,39,11,10,1,847,571,954,76,1,0,1,983,8,14,0,0,0,0,0,0,45,lru,0,0,0,0,0,0,16,15,16,0,1,0,1
request,37,0,13,0,decode_target,-1,0,0,0,0,0,0,0,0,0,0,0,0,0,0,0,0,0,0,0,0,,41987,324,0,0,19,0,0,0,0,0,0,0,0
layer,38,0,13,162,decode_mtp_process,40,14,14,0,0,0,153,0,0,0,0,29,13,3,0,0,0,0,0,0,45,lru,0,0,0,0,0,0,16,16,16,0,0,0,2
request,38,0,13,0,decode_mtp_process,-1,0,0,0,0,0,0,0,0,0,0,0,0,0,0,0,0,0,0,0,0,,762,19,0,0,7,0,0,0,0,0,0,0,0
layer,39,0,14,162,decode_mtp_draft,40,8,7,1,978,601,870,92,1,0,1,1144,11,15,0,0,0,0,0,0,45,lru,0,0,0,0,0,0,8,7,8,0,1,0,1
request,39,0,14,0,decode_mtp_draft,-1,0,0,0,0,0,0,0,0,0,0,0,0,0,0,0,0,0,0,0,0,,2601,33,0,0,17,0,0,0,0,0,0,0,0
layer,40,0,14,165,decode_target,0,14,12,2,1962,1174,241,147,2,0,2,2175,10,12,0,0,0,0,0,0,45,lru,0,0,0,0,0,0,16,14,16,0,2,0,1
layer,40,0,14,165,decode_target,1,10,10,0,0,0,232,0,0,0,0,23,9,2,0,0,0,0,0,0,45,lru,0,0,0,0,0,0,16,16,16,0,0,0,1
layer,40,0,14,165,decode_target,2,13,10,3,3224,1767,200,254,2,0,2,3442,8,12,0,0,0,0,0,0,45,lru,0,0,0,0,0,0,16,13,16,0,3,0,1
layer,40,0,14,165,decode_target,3,14,13,1,986,609,222,130,2,0,2,1132,8,9,0,0,0,0,0,0,45,lru,0,0,0,0,0,0,16,15,16,0,1,0,1
layer,40,0,14,165,decode_target,4,10,10,0,0,0,226,0,0,0,0,22,8,2,0,0,0,0,0,0,45,lru,0,0,0,0,0,0,16,16,16,0,0,0,1
layer,40,0,14,165,decode_target,5,11,10,1,933,626,225,103,2,0,2,1105,8,15,0,0,0,0,0,0,45,lru,0,0,0,0,0,0,16,15,16,0,1,0,1
layer,40,0,14,165,decode_target,6,12,12,0,0,0,211,0,0,0,0,22,8,2,0,0,0,0,0,0,45,lru,0,0,0,0,0,0,16,16,16,0,0,0,1
layer,40,0,14,165,decode_target,7,12,11,1,955,590,214,69,2,0,2,1151,8,16,0,0,0,0,0,0,45,lru,0,0,0,0,0,0,16,15,16,0,1,0,1
layer,40,0,14,165,decode_target,8,10,10,0,0,0,229,0,0,0,0,20,8,2,0,0,0,0,0,0,45,lru,0,0,0,0,0,0,16,16,16,0,0,0,1
layer,40,0,14,165,decode_target,9,13,13,0,0,0,248,0,0,0,0,19,7,2,0,0,0,0,0,0,45,lru,0,0,0,0,0,0,16,16,16,0,0,0,1
layer,40,0,14,165,decode_target,10,10,10,0,0,0,198,0,0,0,0,18,7,2,0,0,0,0,0,0,45,lru,0,0,0,0,0,0,16,16,16,0,0,0,1
layer,40,0,14,165,decode_target,11,13,13,0,0,0,244,0,0,0,0,19,8,2,0,0,0,0,0,0,45,lru,0,0,0,0,0,0,16,16,16,0,0,0,1
layer,40,0,14,165,decode_target,12,12,11,1,966,616,217,110,2,0,2,1103,7,18,0,0,0,0,0,0,45,lru,0,0,0,0,0,0,16,15,16,0,1,0,1
layer,40,0,14,165,decode_target,13,11,11,0,0,0,235,0,0,0,0,21,9,2,0,0,0,0,0,0,45,lru,0,0,0,0,0,0,16,16,16,0,0,0,1
layer,40,0,14,165,decode_target,14,11,10,1,1016,571,189,58,2,0,2,1158,8,14,0,0,0,0,0,0,45,lru,0,0,0,0,0,0,16,15,16,0,1,0,0
layer,40,0,14,165,decode_target,15,11,11,0,0,0,233,0,0,0,0,21,8,2,0,0,0,0,0,0,45,lru,0,0,0,0,0,0,16,16,16,0,0,0,1
layer,40,0,14,165,decode_target,16,12,12,0,0,0,238,0,0,0,0,18,8,2,0,0,0,0,0,0,45,lru,0,0,0,0,0,0,16,16,16,0,0,0,0
layer,40,0,14,165,decode_target,17,11,10,1,971,593,213,144,1,0,1,1152,8,13,0,0,0,0,0,0,45,lru,0,0,0,0,0,0,16,15,16,0,1,0,0
layer,40,0,14,165,decode_target,18,11,11,0,0,0,207,0,0,0,0,20,8,2,0,0,0,0,0,0,45,lru,0,0,0,0,0,0,16,16,16,0,0,0,1
layer,40,0,14,165,decode_target,19,13,12,1,986,568,220,114,1,0,1,1169,8,13,0,0,0,0,0,0,45,lru,0,0,0,0,0,0,16,15,16,0,1,0,0
layer,40,0,14,165,decode_target,20,12,12,0,0,0,239,0,0,0,0,20,8,2,0,0,0,0,0,0,45,lru,0,0,0,0,0,0,16,16,16,0,0,0,1
layer,40,0,14,165,decode_target,21,14,10,4,4260,2346,225,268,1,0,1,4614,8,7,0,0,0,0,0,0,45,lru,0,0,0,0,0,0,16,12,16,0,4,0,1
layer,40,0,14,165,decode_target,22,13,12,1,895,592,200,106,1,0,1,1087,9,14,0,0,0,0,0,0,45,lru,0,0,0,0,0,0,16,15,16,0,1,0,1
layer,40,0,14,165,decode_target,23,13,13,0,0,0,240,0,0,0,0,20,9,2,0,0,0,0,0,0,45,lru,0,0,0,0,0,0,16,16,16,0,0,0,1
layer,40,0,14,165,decode_target,24,12,11,1,869,568,217,88,1,0,1,1011,7,14,0,0,0,0,0,0,45,lru,0,0,0,0,0,0,16,15,16,0,1,0,1
layer,40,0,14,165,decode_target,25,11,10,1,937,567,216,208,1,0,1,1155,8,16,0,0,0,0,0,0,45,lru,0,0,0,0,0,0,16,15,16,0,1,0,1
layer,40,0,14,165,decode_target,26,12,12,0,0,0,210,0,0,0,0,21,8,2,0,0,0,0,0,0,45,lru,0,0,0,0,0,0,16,16,16,0,0,0,1
layer,40,0,14,165,decode_target,27,11,11,0,0,0,232,0,0,0,0,18,8,2,0,0,0,0,0,0,45,lru,0,0,0,0,0,0,16,16,16,0,0,0,1
layer,40,0,14,165,decode_target,28,10,10,0,0,0,230,0,0,0,0,18,8,2,0,0,0,0,0,0,45,lru,0,0,0,0,0,0,16,16,16,0,0,0,1
layer,40,0,14,165,decode_target,29,11,10,1,929,586,216,122,1,0,1,1101,7,16,0,0,0,0,0,0,45,lru,0,0,0,0,0,0,16,15,16,0,1,0,0
layer,40,0,14,165,decode_target,30,10,9,1,963,556,183,39,1,0,1,1120,9,14,0,0,0,0,0,0,45,lru,0,0,0,0,0,0,16,15,16,0,1,0,1
layer,40,0,14,165,decode_target,31,12,12,0,0,0,241,0,0,0,0,19,8,2,0,0,0,0,0,0,45,lru,0,0,0,0,0,0,16,16,16,0,0,0,1
layer,40,0,14,165,decode_target,32,11,11,0,0,0,234,0,0,0,0,19,9,2,0,0,0,0,0,0,45,lru,0,0,0,0,0,0,16,16,16,0,0,0,1
layer,40,0,14,165,decode_target,33,10,10,0,0,0,231,0,0,0,0,17,7,2,0,0,0,0,0,0,45,lru,0,0,0,0,0,0,16,16,16,0,0,0,0
layer,40,0,14,165,decode_target,34,10,10,0,0,0,201,0,0,0,0,18,8,2,0,0,0,0,0,0,45,lru,0,0,0,0,0,0,16,16,16,0,0,0,0
layer,40,0,14,165,decode_target,35,10,10,0,0,0,232,0,0,0,0,17,8,1,0,0,0,0,0,0,45,lru,0,0,0,0,0,0,16,16,16,0,0,0,0
layer,40,0,14,165,decode_target,36,10,10,0,0,0,231,0,0,0,0,17,8,2,0,0,0,0,0,0,45,lru,0,0,0,0,0,0,16,16,16,0,0,0,0
layer,40,0,14,165,decode_target,37,9,9,0,0,0,232,0,0,0,0,17,8,1,0,0,0,0,0,0,45,lru,0,0,0,0,0,0,16,16,16,0,0,0,1
layer,40,0,14,165,decode_target,38,12,12,0,0,0,215,0,0,0,0,17,7,2,0,0,0,0,0,0,45,lru,0,0,0,0,0,0,16,16,16,0,0,0,0
layer,40,0,14,165,decode_target,39,10,9,1,871,578,936,66,1,0,1,1022,8,15,0,0,0,0,0,0,45,lru,0,0,0,0,0,0,16,15,16,0,1,0,1
request,40,0,14,0,decode_target,-1,0,0,0,0,0,0,0,0,0,0,0,0,0,0,0,0,0,0,0,0,,37557,304,0,0,20,0,0,0,0,0,0,0,0
layer,41,0,14,165,decode_mtp_process,40,14,14,0,0,0,181,0,0,0,0,25,11,2,0,0,0,0,0,0,45,lru,0,0,0,0,0,0,16,16,16,0,0,0,1
request,41,0,14,0,decode_mtp_process,-1,0,0,0,0,0,0,0,0,0,0,0,0,0,0,0,0,0,0,0,0,,2281,18,0,0,6,0,0,0,0,0,0,0,0
layer,42,0,16,165,decode_mtp_draft,40,8,7,1,982,572,886,66,1,0,1,1117,15,20,0,0,0,0,0,0,45,lru,0,0,0,0,0,0,8,7,8,0,1,0,1
request,42,0,16,0,decode_mtp_draft,-1,0,0,0,0,0,0,0,0,0,0,0,0,0,0,0,0,0,0,0,0,,2644,24,0,0,7,0,0,0,0,0,0,0,0
layer,43,0,16,168,decode_target,0,16,8,8,9397,4663,249,839,2,0,2,10019,10,14,0,0,0,0,0,0,45,lru,0,0,0,0,0,0,16,8,16,0,8,0,1
layer,43,0,16,168,decode_target,1,12,10,2,1964,1151,219,198,2,0,2,2166,9,22,0,0,0,0,0,0,45,lru,0,0,0,0,0,0,16,14,16,0,2,0,1
layer,43,0,16,168,decode_target,2,13,10,3,3015,1691,201,273,2,0,2,3248,8,9,0,0,0,0,0,0,45,lru,0,0,0,0,0,0,16,13,16,0,3,0,1
layer,43,0,16,168,decode_target,3,14,12,2,1886,1099,223,171,2,0,2,2089,9,16,0,0,0,0,0,0,45,lru,0,0,0,0,0,0,16,14,16,0,2,0,1
layer,43,0,16,168,decode_target,4,11,11,0,0,0,234,0,0,0,0,21,8,2,0,0,0,0,0,0,45,lru,0,0,0,0,0,0,16,16,16,0,0,0,1
layer,43,0,16,168,decode_target,5,12,11,1,980,593,222,109,2,0,2,1111,8,13,0,0,0,0,0,0,45,lru,0,0,0,0,0,0,16,15,16,0,1,0,1
layer,43,0,16,168,decode_target,6,13,13,0,0,0,217,0,0,0,0,22,8,2,0,0,0,0,0,0,45,lru,0,0,0,0,0,0,16,16,16,0,0,0,1
layer,43,0,16,168,decode_target,7,11,11,0,0,0,231,0,0,0,0,19,8,2,0,0,0,0,0,0,45,lru,0,0,0,0,0,0,16,16,16,0,0,0,1
layer,43,0,16,168,decode_target,8,13,11,2,2088,1099,225,138,3,0,3,2294,8,19,0,0,0,0,0,0,45,lru,0,0,0,0,0,0,16,14,16,0,2,0,1
layer,43,0,16,168,decode_target,9,13,13,0,0,0,245,0,0,0,0,23,8,2,0,0,0,0,0,0,45,lru,0,0,0,0,0,0,16,16,16,0,0,0,1
layer,43,0,16,168,decode_target,10,14,13,1,878,561,205,51,2,0,2,990,8,11,0,0,0,0,0,0,45,lru,0,0,0,0,0,0,16,15,16,0,1,0,1
layer,43,0,16,168,decode_target,11,14,12,2,1916,1105,222,181,4,0,4,2073,8,5,0,0,0,0,0,0,45,lru,0,0,0,0,0,0,16,14,16,0,2,0,1
layer,43,0,16,168,decode_target,12,14,8,6,6549,3544,232,676,2,0,2,7060,9,16,0,0,0,0,0,0,45,lru,0,0,0,0,0,0,16,10,16,0,6,0,1
layer,43,0,16,168,decode_target,13,13,10,3,3207,1696,226,265,3,0,3,3444,8,11,0,0,0,0,0,0,45,lru,0,0,0,0,0,0,16,12,16,0,3,0,1
layer,43,0,16,168,decode_target,14,12,10,2,2017,1181,195,249,3,0,3,2240,8,9,0,0,0,0,0,0,45,lru,0,0,0,0,0,0,16,14,16,0,2,0,1
layer,43,0,16,168,decode_target,15,14,12,2,1930,1119,225,260,3,0,3,2171,8,16,0,0,0,0,0,0,45,lru,0,0,0,0,0,0,16,14,16,0,2,0,1
layer,43,0,16,168,decode_target,16,12,10,2,1946,1163,221,235,2,0,2,2164,8,14,0,0,0,0,0,0,45,lru,0,0,0,0,0,0,16,14,16,0,2,0,1
layer,43,0,16,168,decode_target,17,13,12,1,939,590,226,109,1,0,1,1061,8,7,0,0,0,0,0,0,45,lru,0,0,0,0,0,0,16,15,16,0,1,0,1
layer,43,0,16,168,decode_target,18,11,10,1,930,588,191,68,1,0,1,1067,8,12,0,0,0,0,0,0,45,lru,0,0,0,0,0,0,16,15,16,0,1,0,1
layer,43,0,16,168,decode_target,19,12,12,0,0,0,241,0,0,0,0,20,8,2,0,0,0,0,0,0,45,lru,0,0,0,0,0,0,16,16,16,0,0,0,1
layer,43,0,16,168,decode_target,20,14,10,4,3951,2354,230,365,1,0,1,4244,8,14,0,0,0,0,0,0,45,lru,0,0,0,0,0,0,16,11,16,0,4,0,1
layer,43,0,16,168,decode_target,21,12,10,2,2064,1141,220,168,2,0,2,2301,8,17,0,0,0,0,0,0,45,lru,0,0,0,0,0,0,16,14,16,0,2,0,1
layer,43,0,16,168,decode_target,22,13,11,2,1943,1134,202,37,2,0,2,2146,8,12,0,0,0,0,0,0,45,lru,0,0,0,0,0,0,16,14,16,0,2,0,1
layer,43,0,16,168,decode_target,23,14,13,1,928,600,225,128,1,0,1,1035,8,9,0,0,0,0,0,0,45,lru,0,0,0,0,0,0,16,15,16,0,1,0,1
layer,43,0,16,168,decode_target,24,12,12,0,0,0,240,0,0,0,0,20,8,2,0,0,0,0,0,0,45,lru,0,0,0,0,0,0,16,16,16,0,0,0,1
layer,43,0,16,168,decode_target,25,13,10,3,3010,1704,227,280,2,0,2,3250,8,10,0,0,0,0,0,0,45,lru,0,0,0,0,0,0,16,13,16,0,3,0,1
layer,43,0,16,168,decode_target,26,11,11,0,0,0,208,0,0,0,0,20,8,2,0,0,0,0,0,0,45,lru,0,0,0,0,0,0,16,16,16,0,0,0,1
layer,43,0,16,168,decode_target,27,13,9,4,4120,2287,225,486,2,0,2,4489,13,19,0,0,0,0,0,0,45,lru,0,0,0,0,0,0,16,12,16,0,4,0,0
layer,43,0,16,168,decode_target,28,12,11,1,950,576,219,97,1,0,1,1075,13,9,0,0,0,0,0,0,45,lru,0,0,0,0,0,0,16,15,16,0,1,0,1
layer,43,0,16,168,decode_target,29,13,13,0,0,0,246,0,0,0,0,20,8,2,0,0,0,0,0,0,45,lru,0,0,0,0,0,0,16,16,16,0,0,0,1
layer,43,0,16,168,decode_target,30,13,13,0,0,0,216,0,0,0,0,19,8,2,0,0,0,0,0,0,45,lru,0,0,0,0,0,0,16,16,16,0,0,0,1
layer,43,0,16,168,decode_target,31,12,12,0,0,0,238,0,0,0,0,20,9,2,0,0,0,0,0,0,45,lru,0,0,0,0,0,0,16,16,16,0,0,0,1
layer,43,0,16,168,decode_target,32,13,12,1,968,593,227,157,1,0,1,1151,8,7,0,0,0,0,0,0,45,lru,0,0,0,0,0,0,16,15,16,0,1,0,1
layer,43,0,16,168,decode_target,33,11,11,0,0,0,229,0,0,0,0,25,13,2,0,0,0,0,0,0,45,lru,0,0,0,0,0,0,16,16,16,0,0,0,1
layer,43,0,16,168,decode_target,34,11,11,0,0,0,213,0,0,0,0,19,8,2,0,0,0,0,0,0,45,lru,0,0,0,0,0,0,16,16,16,0,0,0,0
layer,43,0,16,168,decode_target,35,10,9,1,924,584,205,148,1,0,1,1105,13,11,0,0,0,0,0,0,45,lru,0,0,0,0,0,0,16,15,16,0,1,0,1
layer,43,0,16,168,decode_target,36,12,12,0,0,0,239,0,0,0,0,20,8,2,0,0,0,0,0,0,45,lru,0,0,0,0,0,0,16,16,16,0,0,0,1
layer,43,0,16,168,decode_target,37,11,10,1,996,569,218,68,1,0,1,1117,7,16,0,0,0,0,0,0,45,lru,0,0,0,0,0,0,16,15,16,0,1,0,1
layer,43,0,16,168,decode_target,38,12,11,1,895,529,200,106,1,0,1,1059,8,6,0,0,0,0,0,0,45,lru,0,0,0,0,0,0,16,15,16,0,1,0,1
layer,43,0,16,168,decode_target,39,11,11,0,0,0,954,0,0,0,0,21,8,2,0,0,0,0,0,0,45,lru,0,0,0,0,0,0,16,16,16,0,0,0,1
request,43,0,16,0,decode_target,-1,0,0,0,0,0,0,0,0,0,0,0,0,0,0,0,0,0,0,0,0,,81079,473,0,0,20,0,0,0,0,0,0,0,0
layer,44,0,16,168,decode_mtp_process,40,13,13,0,0,0,144,0,0,0,0,22,10,2,0,0,0,0,0,0,45,lru,0,0,0,0,0,0,16,16,16,0,0,0,1
request,44,0,16,0,decode_mtp_process,-1,0,0,0,0,0,0,0,0,0,0,0,0,0,0,0,0,0,0,0,0,,664,16,0,0,5,0,0,0,0,0,0,0,0
layer,45,0,17,168,decode_mtp_draft,40,8,8,0,0,0,902,0,0,0,0,27,11,2,0,0,0,0,0,0,45,lru,0,0,0,0,0,0,8,8,8,0,0,0,1
request,45,0,17,0,decode_mtp_draft,-1,0,0,0,0,0,0,0,0,0,0,0,0,0,0,0,0,0,0,0,0,,1365,19,0,0,6,0,0,0,0,0,0,0,0
layer,46,0,17,171,decode_target,0,15,13,2,1970,1178,247,168,2,0,2,2180,10,15,0,0,0,0,0,0,45,lru,0,0,0,0,0,0,16,14,16,0,2,0,1
layer,46,0,17,171,decode_target,1,11,11,0,0,0,238,0,0,0,0,23,9,2,0,0,0,0,0,0,45,lru,0,0,0,0,0,0,16,16,16,0,0,0,1
layer,46,0,17,171,decode_target,2,11,11,0,0,0,206,0,0,0,0,19,8,2,0,0,0,0,0,0,45,lru,0,0,0,0,0,0,16,16,16,0,0,0,1
layer,46,0,17,171,decode_target,3,12,12,0,0,0,237,0,0,0,0,20,8,2,0,0,0,0,0,0,45,lru,0,0,0,0,0,0,16,16,16,0,0,0,1
layer,46,0,17,171,decode_target,4,12,11,1,886,592,218,28,2,0,2,1011,8,8,0,0,0,0,0,0,45,lru,0,0,0,0,0,0,16,15,16,0,1,0,1
layer,46,0,17,171,decode_target,5,14,13,1,989,563,233,72,2,0,2,1093,8,9,0,0,0,0,0,0,45,lru,0,0,0,0,0,0,16,15,16,0,1,0,1
layer,46,0,17,171,decode_target,6,12,11,1,928,594,195,61,2,0,2,1046,8,11,0,0,0,0,0,0,45,lru,0,0,0,0,0,0,16,15,16,0,1,0,1
layer,46,0,17,171,decode_target,7,11,10,1,919,552,210,66,2,0,2,1038,8,11,0,0,0,0,0,0,45,lru,0,0,0,0,0,0,16,15,16,0,1,0,1
layer,46,0,17,171,decode_target,8,12,12,0,0,0,239,0,0,0,0,22,8,2,0,0,0,0,0,0,45,lru,0,0,0,0,0,0,16,16,16,0,0,0,1
layer,46,0,17,171,decode_target,9,12,10,2,2003,1147,221,217,2,0,2,2160,7,7,0,0,0,0,0,0,45,lru,0,0,0,0,0,0,16,14,16,0,2,0,1
layer,46,0,17,171,decode_target,10,13,11,2,1877,1142,203,107,2,0,2,2040,8,8,0,0,0,0,0,0,45,lru,0,0,0,0,0,0,16,14,16,0,2,0,1
layer,46,0,17,171,decode_target,11,14,11,3,3041,1730,222,292,2,0,2,3288,8,11,0,0,0,0,0,0,45,lru,0,0,0,0,0,0,16,13,16,0,3,0,1
layer,46,0,17,171,decode_target,12,15,11,4,4129,2277,236,391,2,0,2,4499,8,18,0,0,0,0,0,0,45,lru,0,0,0,0,0,0,16,12,16,0,4,0,15
layer,46,0,17,171,decode_target,13,13,13,0,0,0,244,0,0,0,0,22,8,2,0,0,0,0,0,0,45,lru,0,0,0,0,0,0,16,16,16,0,0,0,1
layer,46,0,17,171,decode_target,14,12,12,0,0,0,208,0,0,0,0,20,8,2,0,0,0,0,0,0,45,lru,0,0,0,0,0,0,16,16,16,0,0,0,1
layer,46,0,17,171,decode_target,15,13,12,1,1000,549,223,51,2,0,2,1093,8,9,0,0,0,0,0,0,45,lru,0,0,0,0,0,0,16,15,16,0,1,0,1
layer,46,0,17,171,decode_target,16,14,14,0,0,0,252,0,0,0,0,21,7,2,0,0,0,0,0,0,45,lru,0,0,0,0,0,0,16,16,16,0,0,0,1
layer,46,0,17,171,decode_target,17,11,11,0,0,0,232,0,0,0,0,18,8,2,0,0,0,0,0,0,45,lru,0,0,0,0,0,0,16,16,16,0,0,0,1
layer,46,0,17,171,decode_target,18,13,12,1,948,562,205,87,1,0,1,1054,8,8,0,0,0,0,0,0,45,lru,0,0,0,0,0,0,16,15,16,0,1,0,0
layer,46,0,17,171,decode_target,19,12,11,1,934,527,215,24,1,0,1,1025,8,7,0,0,0,0,0,0,45,lru,0,0,0,0,0,0,16,15,16,0,1,0,1
layer,46,0,17,171,decode_target,20,13,11,2,1952,1172,225,151,1,0,1,2118,8,10,0,0,0,0,0,0,45,lru,0,0,0,0,0,0,16,14,16,0,2,0,1
layer,46,0,17,171,decode_target,21,12,11,1,925,589,221,110,1,0,1,1060,8,11,0,0,0,0,0,0,45,lru,0,0,0,0,0,0,16,15,16,0,1,0,1
layer,46,0,17,171,decode_target,22,14,14,0,0,0,225,0,0,0,0,22,9,2,0,0,0,0,0,0,45,lru,0,0,0,0,0,0,16,16,16,0,0,0,1
layer,46,0,17,171,decode_target,23,13,11,2,1988,1136,219,142,1,0,1,2208,8,14,0,0,0,0,0,0,45,lru,0,0,0,0,0,0,16,14,16,0,2,0,1
layer,46,0,17,171,decode_target,24,12,12,0,0,0,238,0,0,0,0,21,9,2,0,0,0,0,0,0,45,lru,0,0,0,0,0,0,16,16,16,0,0,0,1
layer,46,0,17,171,decode_target,25,12,12,0,0,0,241,0,0,0,0,18,8,2,0,0,0,0,0,0,45,lru,0,0,0,0,0,0,16,16,16,0,0,0,1
layer,46,0,17,171,decode_target,26,12,10,2,1940,1132,196,109,2,0,2,2102,7,7,0,0,0,0,0,0,45,lru,0,0,0,0,0,0,16,14,16,0,2,0,1
layer,46,0,17,171,decode_target,27,13,12,1,916,600,220,88,1,0,1,1011,8,2,0,0,0,0,0,0,45,lru,0,0,0,0,0,0,16,15,16,0,1,0,1
layer,46,0,17,171,decode_target,28,11,11,0,0,0,235,0,0,0,0,19,8,2,0,0,0,0,0,0,45,lru,0,0,0,0,0,0,16,16,16,0,0,0,1
layer,46,0,17,171,decode_target,29,11,11,0,0,0,237,0,0,0,0,19,8,1,0,0,0,0,0,0,45,lru,0,0,0,0,0,0,16,16,16,0,0,0,1
layer,46,0,17,171,decode_target,30,10,10,0,0,0,207,0,0,0,0,21,11,2,0,0,0,0,0,0,45,lru,0,0,0,0,0,0,16,16,16,0,0,0,1
layer,46,0,17,171,decode_target,31,12,12,0,0,0,235,0,0,0,0,23,13,2,0,0,0,0,0,0,45,lru,0,0,0,0,0,0,16,16,16,0,0,0,0
layer,46,0,17,171,decode_target,32,12,12,0,0,0,242,0,0,0,0,19,8,2,0,0,0,0,0,0,45,lru,0,0,0,0,0,0,16,16,16,0,0,0,1
layer,46,0,17,171,decode_target,33,11,10,1,950,563,218,58,1,0,1,1050,8,10,0,0,0,0,0,0,45,lru,0,0,0,0,0,0,16,15,16,0,1,0,1
layer,46,0,17,171,decode_target,34,10,10,0,0,0,203,0,0,0,0,20,8,2,0,0,0,0,0,0,45,lru,0,0,0,0,0,0,16,16,16,0,0,0,1
layer,46,0,17,171,decode_target,35,11,11,0,0,0,234,0,0,0,0,17,8,2,0,0,0,0,0,0,45,lru,0,0,0,0,0,0,16,16,16,0,0,0,0
layer,46,0,17,171,decode_target,36,10,10,0,0,0,234,0,0,0,0,17,8,2,0,0,0,0,0,0,45,lru,0,0,0,0,0,0,16,16,16,0,0,0,1
layer,46,0,17,171,decode_target,37,10,10,0,0,0,236,0,0,0,0,17,8,2,0,0,0,0,0,0,45,lru,0,0,0,0,0,0,16,16,16,0,0,0,0
layer,46,0,17,171,decode_target,38,11,10,1,891,613,193,94,1,0,1,1004,8,3,0,0,0,0,0,0,45,lru,0,0,0,0,0,0,16,15,16,0,1,0,0
layer,46,0,17,171,decode_target,39,11,11,0,0,0,956,0,0,0,0,21,9,2,0,0,0,0,0,0,45,lru,0,0,0,0,0,0,16,16,16,0,0,0,1
request,46,0,17,0,decode_target,-1,0,0,0,0,0,0,0,0,0,0,0,0,0,0,0,0,0,0,0,0,,46256,340,0,0,17,0,0,0,0,0,0,0,0
layer,47,0,17,171,decode_mtp_process,40,13,13,0,0,0,145,0,0,0,0,24,11,2,0,0,0,0,0,0,45,lru,0,0,0,0,0,0,16,16,16,0,0,0,1
request,47,0,17,0,decode_mtp_process,-1,0,0,0,0,0,0,0,0,0,0,0,0,0,0,0,0,0,0,0,0,,681,18,0,0,6,0,0,0,0,0,0,0,0
layer,48,0,19,171,decode_mtp_draft,40,8,8,0,0,0,899,0,0,0,0,23,11,2,0,0,0,0,0,0,45,lru,0,0,0,0,0,0,8,8,8,0,0,0,1
request,48,0,19,0,decode_mtp_draft,-1,0,0,0,0,0,0,0,0,0,0,0,0,0,0,0,0,0,0,0,0,,1357,19,0,0,6,0,0,0,0,0,0,0,0
layer,49,0,19,174,decode_target,0,16,11,5,5061,2875,249,382,2,0,2,5433,10,8,0,0,0,0,0,0,45,lru,0,0,0,0,0,0,16,11,16,0,5,0,1
layer,49,0,19,174,decode_target,1,13,13,0,0,0,244,0,0,0,0,24,9,2,0,0,0,0,0,0,45,lru,0,0,0,0,0,0,16,16,16,0,0,0,1
layer,49,0,19,174,decode_target,2,10,10,0,0,0,206,0,0,0,0,18,8,2,0,0,0,0,0,0,45,lru,0,0,0,0,0,0,16,16,16,0,0,0,1
layer,49,0,19,174,decode_target,3,14,13,1,1002,598,228,53,2,0,2,1116,13,10,0,0,0,0,0,0,45,lru,0,0,0,0,0,0,16,15,16,0,1,0,1
layer,49,0,19,174,decode_target,4,12,11,1,881,559,218,78,2,0,2,1034,9,12,0,0,0,0,0,0,45,lru,0,0,0,0,0,0,16,15,16,0,1,0,1
layer,49,0,19,174,decode_target,5,13,11,2,2011,1176,228,244,2,0,2,2252,8,7,0,0,0,0,0,0,45,lru,0,0,0,0,0,0,16,14,16,0,2,0,1
layer,49,0,19,174,decode_target,6,12,12,0,0,0,210,0,0,0,0,24,9,2,0,0,0,0,0,0,45,lru,0,0,0,0,0,0,16,16,16,0,0,0,1
layer,49,0,19,174,decode_target,7,13,13,0,0,0,239,0,0,0,0,20,8,2,0,0,0,0,0,0,45,lru,0,0,0,0,0,0,16,16,16,0,0,0,1
layer,49,0,19,174,decode_target,8,13,12,1,1061,569,229,127,2,0,2,1247,8,16,0,0,0,0,0,0,45,lru,0,0,0,0,0,0,16,15,16,0,1,0,1
layer,49,0,19,174,decode_target,9,14,13,1,895,556,228,165,2,0,2,1129,14,60,0,0,0,0,0,0,45,lru,0,0,0,0,0,0,16,15,16,0,1,0,1
layer,49,0,19,174,decode_target,10,13,11,2,1875,1136,200,182,3,0,3,2112,8,15,0,0,0,0,0,0,45,lru,0,0,0,0,0,0,16,14,16,0,2,0,1
layer,49,0,19,174,decode_target,11,15,14,1,916,561,228,136,2,0,2,1076,8,13,0,0,0,0,0,0,45,lru,0,0,0,0,0,0,16,15,16,0,1,0,1
layer,49,0,19,174,decode_target,12,15,13,2,1847,1129,234,138,3,0,3,2060,8,17,0,0,0,0,0,0,45,lru,0,0,0,0,0,0,16,14,16,0,2,0,1
layer,49,0,19,174,decode_target,13,13,11,2,1930,1107,227,165,3,0,3,2153,8,14,0,0,0,0,0,0,45,lru,0,0,0,0,0,0,16,14,16,0,2,0,1
layer,49,0,19,174,decode_target,14,12,11,1,996,526,198,53,2,0,2,1099,9,2,0,0,0,0,0,0,45,lru,0,0,0,0,0,0,16,15,16,0,1,0,1
layer,49,0,19,174,decode_target,15,14,12,2,2033,1132,224,184,3,0,3,2243,13,17,0,0,0,0,0,0,45,lru,0,0,0,0,0,0,16,14,16,0,2,0,1
layer,49,0,19,174,decode_target,16,13,12,1,998,546,224,77,1,0,1,1106,8,7,0,0,0,0,0,0,45,lru,0,0,0,0,0,0,16,15,16,0,1,0,1
layer,49,0,19,174,decode_target,17,13,13,0,0,0,244,0,0,0,0,20,8,2,0,0,0,0,0,0,45,lru,0,0,0,0,0,0,16,16,16,0,0,0,1
layer,49,0,19,174,decode_target,18,13,12,1,890,565,199,24,1,0,1,1015,11,8,0,0,0,0,0,0,45,lru,0,0,0,0,0,0,16,15,16,0,1,0,1
layer,49,0,19,174,decode_target,19,13,13,0,0,0,234,0,0,0,0,23,11,2,0,0,0,0,0,0,45,lru,0,0,0,0,0,0,16,16,16,0,0,0,1
layer,49,0,19,174,decode_target,20,14,12,2,1891,1144,230,157,1,0,1,2054,8,10,0,0,0,0,0,0,45,lru,0,0,0,0,0,0,16,14,16,0,2,0,1
layer,49,0,19,174,decode_target,21,12,10,2,1861,1125,222,200,2,0,2,2068,8,18,0,0,0,0,0,0,45,lru,0,0,0,0,0,0,16,14,16,0,2,0,1
layer,49,0,19,174,decode_target,22,15,15,0,0,0,231,0,0,0,0,22,8,2,0,0,0,0,0,0,45,lru,0,0,0,0,0,0,16,16,16,0,0,0,1
layer,49,0,19,174,decode_target,23,15,14,1,855,566,228,58,1,0,1,957,8,10,0,0,0,0,0,0,45,lru,0,0,0,0,0,0,16,15,16,0,1,0,1
layer,49,0,19,174,decode_target,24,13,11,2,1899,1101,224,141,2,0,2,2045,8,8,0,0,0,0,0,0,45,lru,0,0,0,0,0,0,16,14,16,0,2,0,1
layer,49,0,19,174,decode_target,25,13,13,0,0,0,246,0,0,0,0,21,8,2,0,0,0,0,0,0,45,lru,0,0,0,0,0,0,16,16,16,0,0,0,1
layer,49,0,19,174,decode_target,26,11,11,0,0,0,202,0,0,0,0,18,8,2,0,0,0,0,0,0,45,lru,0,0,0,0,0,0,16,16,16,0,0,0,1
layer,49,0,19,174,decode_target,27,14,14,0,0,0,248,0,0,0,0,19,8,2,0,0,0,0,0,0,45,lru,0,0,0,0,0,0,16,16,16,0,0,0,1
layer,49,0,19,174,decode_target,28,13,13,0,0,0,242,0,0,0,0,19,8,2,0,0,0,0,0,0,45,lru,0,0,0,0,0,0,16,16,16,0,0,0,1
layer,49,0,19,174,decode_target,29,11,10,1,966,545,219,120,1,0,1,1155,8,17,0,0,0,0,0,0,45,lru,0,0,0,0,0,0,16,15,16,0,1,0,0
layer,49,0,19,174,decode_target,30,11,11,0,0,0,206,0,0,0,0,22,9,2,0,0,0,0,0,0,45,lru,0,0,0,0,0,0,16,16,16,0,0,0,1
layer,49,0,19,174,decode_target,31,13,12,1,977,558,222,76,1,0,1,1078,8,7,0,0,0,0,0,0,45,lru,0,0,0,0,0,0,16,15,16,0,1,0,1
layer,49,0,19,174,decode_target,32,12,12,0,0,0,242,0,0,0,0,20,8,2,0,0,0,0,0,0,45,lru,0,0,0,0,0,0,16,16,16,0,0,0,1
layer,49,0,19,174,decode_target,33,9,8,1,924,565,207,58,1,0,1,1083,8,16,0,0,0,0,0,0,45,lru,0,0,0,0,0,0,16,14,16,0,1,0,1
layer,49,0,19,174,decode_target,34,12,11,1,952,567,197,43,1,0,1,1084,8,14,0,0,0,0,0,0,45,lru,0,0,0,0,0,0,16,15,16,0,1,0,1
layer,49,0,19,174,decode_target,35,10,9,1,921,558,206,50,1,0,1,1023,8,3,0,0,0,0,0,0,45,lru,0,0,0,0,0,0,16,15,16,0,1,0,1
layer,49,0,19,174,decode_target,36,10,10,0,0,0,234,0,0,0,0,20,9,2,0,0,0,0,0,0,45,lru,0,0,0,0,0,0,16,16,16,0,0,0,1
layer,49,0,19,174,decode_target,37,10,10,0,0,0,235,0,0,0,0,18,7,2,0,0,0,0,0,0,45,lru,0,0,0,0,0,0,16,16,16,0,0,0,1
layer,49,0,19,174,decode_target,38,10,10,0,0,0,204,0,0,0,0,18,8,2,0,0,0,0,0,0,45,lru,0,0,0,0,0,0,16,16,16,0,0,0,0
layer,49,0,19,174,decode_target,39,12,12,0,0,0,964,0,0,0,0,18,8,2,0,0,0,0,0,0,45,lru,0,0,0,0,0,0,16,16,16,0,0,0,0
request,49,0,19,0,decode_target,-1,0,0,0,0,0,0,0,0,0,0,0,0,0,0,0,0,0,0,0,0,,51798,373,0,0,24,0,0,0,0,0,0,0,0
layer,50,0,19,174,decode_mtp_process,40,13,13,0,0,0,147,0,0,0,0,26,12,2,0,0,0,0,0,0,45,lru,0,0,0,0,0,0,16,16,16,0,0,0,1
request,50,0,19,0,decode_mtp_process,-1,0,0,0,0,0,0,0,0,0,0,0,0,0,0,0,0,0,0,0,0,,672,17,0,0,5,0,0,0,0,0,0,0,0
layer,51,0,21,174,decode_mtp_draft,40,8,8,0,0,0,897,0,0,0,0,27,14,2,0,0,0,0,0,0,45,lru,0,0,0,0,0,0,8,8,8,0,0,0,1
request,51,0,21,0,decode_mtp_draft,-1,0,0,0,0,0,0,0,0,0,0,0,0,0,0,0,0,0,0,0,0,,1368,19,0,0,7,0,0,0,0,0,0,0,0
layer,52,0,21,177,decode_target,0,16,8,8,8603,4781,252,522,2,0,2,9154,10,16,0,0,0,0,0,0,45,lru,0,0,0,0,0,0,16,8,16,0,8,0,1
layer,52,0,21,177,decode_target,1,13,10,3,3053,1824,225,209,2,0,2,3337,9,16,0,0,0,0,0,0,45,lru,0,0,0,0,0,0,16,13,16,0,3,0,1
layer,52,0,21,177,decode_target,2,11,9,2,2138,1168,190,228,2,0,2,2350,8,16,0,0,0,0,0,0,45,lru,0,0,0,0,0,0,16,14,16,0,2,0,1
layer,52,0,21,177,decode_target,3,13,11,2,2067,1140,219,185,2,0,2,2302,8,13,0,0,0,0,0,0,45,lru,0,0,0,0,0,0,16,14,16,0,2,0,1
layer,52,0,21,177,decode_target,4,13,13,0,0,0,244,0,0,0,0,23,8,2,0,0,0,0,0,0,45,lru,0,0,0,0,0,0,16,16,16,0,0,0,1
layer,52,0,21,177,decode_target,5,12,10,2,1905,1190,222,210,2,0,2,2076,8,8,0,0,0,0,0,0,45,lru,0,0,0,0,0,0,16,14,16,0,2,0,1
layer,52,0,21,177,decode_target,6,14,12,2,2067,1143,207,151,2,0,2,2243,13,9,0,0,0,0,0,0,45,lru,0,0,0,0,0,0,16,14,16,0,2,0,4
layer,52,0,21,177,decode_target,7,13,12,1,981,583,219,160,2,0,2,1171,8,17,0,0,0,0,0,0,45,lru,0,0,0,0,0,0,16,15,16,0,1,0,1
layer,52,0,21,177,decode_target,8,12,11,1,978,575,221,140,2,0,2,1130,12,14,0,0,0,0,0,0,45,lru,0,0,0,0,0,0,16,15,16,0,1,0,1
layer,52,0,21,177,decode_target,9,14,11,3,3241,1763,230,179,2,0,2,3481,8,9,0,0,0,0,0,0,45,lru,0,0,0,0,0,0,16,13,16,0,3,0,1
layer,52,0,21,177,decode_target,10,15,13,2,1863,1162,210,163,2,0,2,2051,8,7,0,0,0,0,0,0,45,lru,0,0,0,0,0,0,16,14,16,0,2,0,1
layer,52,0,21,177,decode_target,11,14,10,4,4287,2313,226,216,2,0,2,4597,8,10,0,0,0,0,0,0,45,lru,0,0,0,0,0,0,16,12,16,0,4,0,1
layer,52,0,21,177,decode_target,12,15,13,2,1963,1140,233,187,2,0,2,2196,9,17,0,0,0,0,0,0,45,lru,0,0,0,0,0,0,16,14,16,0,2,0,1
layer,52,0,21,177,decode_target,13,15,13,2,2132,1135,237,161,2,0,2,2296,8,8,0,0,0,0,0,0,45,lru,0,0,0,0,0,0,16,14,16,0,2,0,1
layer,52,0,21,177,decode_target,14,15,11,4,4042,2301,211,416,2,0,2,4385,9,11,0,0,0,0,0,0,45,lru,0,0,0,0,0,0,16,12,16,0,4,0,1
layer,52,0,21,177,decode_target,15,15,14,1,940,610,228,52,2,0,2,1056,8,7,0,0,0,0,0,0,45,lru,0,0,0,0,0,0,16,15,16,0,1,0,1
layer,52,0,21,177,decode_target,16,15,14,1,927,641,235,189,1,0,1,1106,8,15,0,0,0,0,0,0,45,lru,0,0,0,0,0,0,16,15,16,0,1,0,1
layer,52,0,21,177,decode_target,17,14,11,3,3069,1753,230,151,1,0,1,3290,8,12,0,0,0,0,0,0,45,lru,0,0,0,0,0,0,16,13,16,0,3,0,1
layer,52,0,21,177,decode_target,18,14,10,4,4218,2359,206,493,1,0,1,4532,8,12,0,0,0,0,0,0,45,lru,0,0,0,0,0,0,16,12,16,0,4,0,1
layer,52,0,21,177,decode_target,19,15,13,2,1934,1111,227,166,1,0,1,2153,10,28,0,0,0,0,0,0,45,lru,0,0,0,0,0,0,16,14,16,0,2,0,1
layer,52,0,21,177,decode_target,20,16,13,3,2761,1713,240,222,1,0,1,3021,8,13,0,0,0,0,0,0,45,lru,0,0,0,0,0,0,16,13,16,0,3,0,1
layer,52,0,21,177,decode_target,21,15,13,2,1880,1154,238,143,1,0,1,2044,9,6,0,0,0,0,0,0,45,lru,0,0,0,0,0,0,16,14,16,0,2,0,1
layer,52,0,21,177,decode_target,22,16,12,4,4094,2320,218,314,2,0,2,4445,8,16,0,0,0,0,0,0,45,lru,0,0,0,0,0,0,16,12,16,0,4,0,1
layer,52,0,21,177,decode_target,23,15,11,4,4165,2292,227,438,1,0,1,4496,8,11,0,0,0,0,0,0,45,lru,0,0,0,0,0,0,16,12,16,0,4,0,1
layer,52,0,21,177,decode_target,24,16,11,5,5120,2911,238,364,1,0,1,5447,8,13,0,0,0,0,0,0,45,lru,0,0,0,0,0,0,16,11,16,0,5,0,1
layer,52,0,21,177,decode_target,25,16,13,3,3006,1696,243,290,2,0,2,3235,8,7,0,0,0,0,0,0,45,lru,0,0,0,0,0,0,16,13,16,0,3,0,1
layer,52,0,21,177,decode_target,26,16,12,4,3949,2327,218,254,1,0,1,4277,12,13,0,0,0,0,0,0,45,lru,0,0,0,0,0,0,16,12,16,0,4,0,1
layer,52,0,21,177,decode_target,27,16,12,4,4101,2337,233,225,2,0,2,4378,8,9,0,0,0,0,0,0,45,lru,0,0,0,0,0,0,16,12,16,0,4,0,1
layer,52,0,21,177,decode_target,28,15,13,2,1969,1161,237,165,1,0,1,2213,8,15,0,0,0,0,0,0,45,lru,0,0,0,0,0,0,16,14,16,0,2,0,1
layer,52,0,21,177,decode_target,29,14,11,3,3087,1696,229,281,1,0,1,3326,9,7,0,0,0,0,0,0,45,lru,0,0,0,0,0,0,16,13,16,0,3,0,1
layer,52,0,21,177,decode_target,30,11,10,1,951,579,190,76,1,0,1,1095,8,9,0,0,0,0,0,0,45,lru,0,0,0,0,0,0,16,15,16,0,1,0,1
layer,52,0,21,177,decode_target,31,14,13,1,905,548,227,97,1,0,1,1062,8,16,0,0,0,0,0,0,45,lru,0,0,0,0,0,0,16,15,16,0,1,0,1
layer,52,0,21,177,decode_target,32,11,11,0,0,0,238,0,0,0,0,20,8,2,0,0,0,0,0,0,45,lru,0,0,0,0,0,0,16,16,16,0,0,0,1
layer,52,0,21,177,decode_target,33,13,13,0,0,0,250,0,0,0,0,18,8,2,0,0,0,0,0,0,45,lru,0,0,0,0,0,0,16,16,16,0,0,0,1
layer,52,0,21,177,decode_target,34,11,11,0,0,0,208,0,0,0,0,19,8,2,0,0,0,0,0,0,45,lru,0,0,0,0,0,0,16,16,16,0,0,0,1
layer,52,0,21,177,decode_target,35,10,10,0,0,0,231,0,0,0,0,19,8,2,0,0,0,0,0,0,45,lru,0,0,0,0,0,0,16,16,16,0,0,0,1
layer,52,0,21,177,decode_target,36,11,11,0,0,0,239,0,0,0,0,19,8,2,0,0,0,0,0,0,45,lru,0,0,0,0,0,0,16,16,16,0,0,0,1
layer,52,0,21,177,decode_target,37,11,11,0,0,0,239,0,0,0,0,17,8,2,0,0,0,0,0,0,45,lru,0,0,0,0,0,0,16,16,16,0,0,0,1
layer,52,0,21,177,decode_target,38,13,13,0,0,0,226,0,0,0,0,18,8,2,0,0,0,0,0,0,45,lru,0,0,0,0,0,0,16,16,16,0,0,0,0
layer,52,0,21,177,decode_target,39,11,11,0,0,0,953,0,0,0,0,18,7,1,0,0,0,0,0,0,45,lru,0,0,0,0,0,0,16,16,16,0,0,0,1
request,52,0,21,0,decode_target,-1,0,0,0,0,0,0,0,0,0,0,0,0,0,0,0,0,0,0,0,0,,110406,589,0,0,20,0,0,0,0,0,0,0,0
layer,53,0,21,177,decode_mtp_process,40,13,13,0,0,0,150,0,0,0,0,23,11,2,0,0,0,0,0,0,45,lru,0,0,0,0,0,0,16,16,16,0,0,0,1
request,53,0,21,0,decode_mtp_process,-1,0,0,0,0,0,0,0,0,0,0,0,0,0,0,0,0,0,0,0,0,,688,18,0,0,6,0,0,0,0,0,0,0,0
layer,54,0,23,177,decode_mtp_draft,40,8,8,0,0,0,900,0,0,0,0,23,11,2,0,0,0,0,0,0,45,lru,0,0,0,0,0,0,8,8,8,0,0,0,1
request,54,0,23,0,decode_mtp_draft,-1,0,0,0,0,0,0,0,0,0,0,0,0,0,0,0,0,0,0,0,0,,1377,20,0,0,7,0,0,0,0,0,0,0,0
layer,55,0,23,180,decode_target,0,16,12,4,4042,2320,248,234,2,0,2,4384,10,13,0,0,0,0,0,0,45,lru,0,0,0,0,0,0,16,12,16,0,4,0,1
layer,55,0,23,180,decode_target,1,11,11,0,0,0,240,0,0,0,0,22,9,2,0,0,0,0,0,0,45,lru,0,0,0,0,0,0,16,16,16,0,0,0,1
layer,55,0,23,180,decode_target,2,10,10,0,0,0,196,0,0,0,0,24,13,2,0,0,0,0,0,0,45,lru,0,0,0,0,0,0,16,16,16,0,0,0,1
layer,55,0,23,180,decode_target,3,10,9,1,914,574,209,30,2,0,2,1021,8,2,0,0,0,0,0,0,45,lru,0,0,0,0,0,0,16,15,16,0,1,0,1
layer,55,0,23,180,decode_target,4,11,10,1,6672,403,216,23,2,0,2,6757,8,4,0,0,0,0,0,0,45,lru,0,0,0,0,0,0,16,15,16,0,1,0,1
layer,55,0,23,180,decode_target,5,12,10,2,1060,498,219,23,2,0,2,1153,8,2,0,0,0,0,0,0,45,lru,0,0,0,0,0,0,16,14,16,0,2,0,1
layer,55,0,23,180,decode_target,6,8,8,0,0,0,189,0,0,0,0,20,8,2,0,0,0,0,0,0,45,lru,0,0,0,0,0,0,16,16,16,0,0,0,1
layer,55,0,23,180,decode_target,7,11,11,0,0,0,236,0,0,0,0,19,8,2,0,0,0,0,0,0,45,lru,0,0,0,0,0,0,16,16,16,0,0,0,1
layer,55,0,23,180,decode_target,8,9,9,0,0,0,226,0,0,0,0,18,8,2,0,0,0,0,0,0,45,lru,0,0,0,0,0,0,16,16,16,0,0,0,1
layer,55,0,23,180,decode_target,9,9,8,1,489,279,205,10,2,0,2,549,7,2,0,0,0,0,0,0,45,lru,0,0,0,0,0,0,16,14,16,0,1,0,0
layer,55,0,23,180,decode_target,10,9,9,0,0,0,201,0,0,0,0,23,8,2,0,0,0,0,0,0,45,lru,0,0,0,0,0,0,16,16,16,0,0,0,4
layer,55,0,23,180,decode_target,11,10,9,1,408,302,209,12,2,0,2,468,8,2,0,0,0,0,0,0,45,lru,0,0,0,0,0,0,16,15,16,0,1,0,0
layer,55,0,23,180,decode_target,12,13,11,2,1207,533,226,25,3,0,3,1298,8,2,0,0,0,0,0,0,45,lru,0,0,0,0,0,0,16,13,16,0,2,0,1
layer,55,0,23,180,decode_target,13,12,8,4,2138,883,224,57,2,0,2,2293,8,3,0,0,0,0,0,0,45,lru,0,0,0,0,0,0,16,11,16,0,4,0,1
layer,55,0,23,180,decode_target,14,11,11,0,0,0,205,0,0,0,0,26,13,2,0,0,0,0,0,0,45,lru,0,0,0,0,0,0,16,16,16,0,0,0,1
layer,55,0,23,180,decode_target,15,11,11,0,0,0,236,0,0,0,0,19,8,2,0,0,0,0,0,0,45,lru,0,0,0,0,0,0,16,16,16,0,0,0,1
layer,55,0,23,180,decode_target,16,10,9,1,508,311,211,14,2,0,2,567,7,3,0,0,0,0,0,0,45,lru,0,0,0,0,0,0,16,15,16,0,1,0,1
layer,55,0,23,180,decode_target,17,11,10,1,555,304,217,14,1,0,1,613,8,2,0,0,0,0,0,0,45,lru,0,0,0,0,0,0,16,15,16,0,1,0,1
layer,55,0,23,180,decode_target,18,12,12,0,0,0,208,0,0,0,0,20,8,2,0,0,0,0,0,0,45,lru,0,0,0,0,0,0,16,16,16,0,0,0,1
layer,55,0,23,180,decode_target,19,11,10,1,557,327,210,17,1,0,1,615,8,2,0,0,0,0,0,0,45,lru,0,0,0,0,0,0,16,15,16,0,1,0,1
layer,55,0,23,180,decode_target,20,12,11,1,406,337,221,16,1,0,1,466,8,2,0,0,0,0,0,0,45,lru,0,0,0,0,0,0,16,15,16,0,1,0,1
layer,55,0,23,180,decode_target,21,12,12,0,0,0,245,0,0,0,0,21,9,2,0,0,0,0,0,0,45,lru,0,0,0,0,0,0,16,16,16,0,0,0,1
layer,55,0,23,180,decode_target,22,12,11,1,541,299,197,7,1,0,1,599,8,2,0,0,0,0,0,0,45,lru,0,0,0,0,0,0,16,15,16,0,1,0,1
layer,55,0,23,180,decode_target,23,12,12,0,0,0,241,0,0,0,0,20,8,2,0,0,0,0,0,0,45,lru,0,0,0,0,0,0,16,16,16,0,0,0,1
layer,55,0,23,180,decode_target,24,13,12,1,460,301,224,14,1,0,1,520,9,2,0,0,0,0,0,0,45,lru,0,0,0,0,0,0,16,15,16,0,1,0,1
layer,55,0,23,180,decode_target,25,12,12,0,0,0,241,0,0,0,0,20,8,2,0,0,0,0,0,0,45,lru,0,0,0,0,0,0,16,16,16,0,0,0,1
layer,55,0,23,180,decode_target,26,9,9,0,0,0,195,0,0,0,0,18,8,2,0,0,0,0,0,0,45,lru,0,0,0,0,0,0,16,16,16,0,0,0,1
layer,55,0,23,180,decode_target,27,11,11,0,0,0,235,0,0,0,0,18,8,2,0,0,0,0,0,0,45,lru,0,0,0,0,0,0,16,16,16,0,0,0,1
layer,55,0,23,180,decode_target,28,12,12,0,0,0,242,0,0,0,0,18,8,2,0,0,0,0,0,0,45,lru,0,0,0,0,0,0,16,16,16,0,0,0,0
layer,55,0,23,180,decode_target,29,12,12,0,0,0,242,0,0,0,0,19,9,2,0,0,0,0,0,0,45,lru,0,0,0,0,0,0,16,16,16,0,0,0,1
layer,55,0,23,180,decode_target,30,10,10,0,0,0,201,0,0,0,0,19,8,2,0,0,0,0,0,0,45,lru,0,0,0,0,0,0,16,16,16,0,0,0,1
layer,55,0,23,180,decode_target,31,11,10,1,551,310,212,10,1,0,1,612,8,2,0,0,0,0,0,0,45,lru,0,0,0,0,0,0,16,15,16,0,1,0,1
layer,55,0,23,180,decode_target,32,12,12,0,0,0,240,0,0,0,0,20,8,2,0,0,0,0,0,0,45,lru,0,0,0,0,0,0,16,16,16,0,0,0,1
layer,55,0,23,180,decode_target,33,10,10,0,0,0,234,0,0,0,0,18,8,2,0,0,0,0,0,0,45,lru,0,0,0,0,0,0,16,16,16,0,0,0,0
layer,55,0,23,180,decode_target,34,11,11,0,0,0,208,0,0,0,0,18,8,2,0,0,0,0,0,0,45,lru,0,0,0,0,0,0,16,16,16,0,0,0,1
layer,55,0,23,180,decode_target,35,9,9,0,0,0,228,0,0,0,0,18,8,1,0,0,0,0,0,0,45,lru,0,0,0,0,0,0,16,16,16,0,0,0,0
layer,55,0,23,180,decode_target,36,9,9,0,0,0,227,0,0,0,0,17,7,2,0,0,0,0,0,0,45,lru,0,0,0,0,0,0,16,16,16,0,0,0,0
layer,55,0,23,180,decode_target,37,10,10,0,0,0,235,0,0,0,0,17,7,2,0,0,0,0,0,0,45,lru,0,0,0,0,0,0,16,16,16,0,0,0,1
layer,55,0,23,180,decode_target,38,11,10,1,566,260,196,11,1,0,1,623,7,2,0,0,0,0,0,0,45,lru,0,0,0,0,0,0,16,15,16,0,1,0,0
layer,55,0,23,180,decode_target,39,10,10,0,0,0,1172,0,0,0,0,24,13,2,0,0,0,0,0,0,45,lru,0,0,0,0,0,0,16,16,16,0,0,0,0
request,55,0,23,0,decode_target,-1,0,0,0,0,0,0,0,0,0,0,0,0,0,0,0,0,0,0,0,0,,36321,333,0,0,22,0,0,0,0,0,0,0,0
layer,56,0,23,180,decode_mtp_process,40,11,11,0,0,0,161,0,0,0,0,50,26,6,0,0,0,0,0,0,45,lru,0,0,0,0,0,0,16,16,16,0,0,0,1
request,56,0,23,0,decode_mtp_process,-1,0,0,0,0,0,0,0,0,0,0,0,0,0,0,0,0,0,0,0,0,,1370,18,0,0,6,0,0,0,0,0,0,0,0
layer,57,0,25,180,decode_mtp_draft,40,8,7,1,427,333,876,8,2,0,2,525,10,5,0,0,0,0,0,0,45,lru,0,0,0,0,0,0,8,7,8,0,1,0,1
request,57,0,25,0,decode_mtp_draft,-1,0,0,0,0,0,0,0,0,0,0,0,0,0,0,0,0,0,0,0,0,,2057,23,0,0,7,0,0,0,0,0,0,0,0
layer,58,0,25,183,decode_target,0,14,6,8,4588,1739,243,156,25,0,25,4952,10,5,0,0,0,0,0,0,45,lru,0,0,0,0,0,0,16,8,16,0,8,0,1
layer,58,0,25,183,decode_target,1,10,10,0,0,0,236,0,1,1,0,56,13,2,0,0,0,0,0,0,45,lru,0,0,0,0,0,0,16,16,16,0,0,0,1
layer,58,0,25,183,decode_target,2,9,9,0,0,0,201,0,0,0,0,37,8,2,0,0,0,0,0,0,45,lru,0,0,0,0,0,0,16,16,16,0,0,0,1
layer,58,0,25,183,decode_target,3,10,9,1,434,325,210,10,20,0,20,553,8,4,0,0,0,0,0,0,45,lru,0,0,0,0,0,0,16,15,16,0,1,0,0
layer,58,0,25,183,decode_target,4,11,11,0,0,0,237,0,0,0,0,44,8,2,0,0,0,0,0,0,45,lru,0,0,0,0,0,0,16,16,16,0,0,0,1
layer,58,0,25,183,decode_target,5,12,8,4,2338,1001,218,72,15,1,14,2546,8,4,0,0,0,0,0,0,45,lru,0,0,0,0,0,0,16,12,16,0,4,0,1
layer,58,0,25,183,decode_target,6,10,10,0,0,0,200,0,0,0,0,31,9,2,0,0,0,0,0,0,45,lru,0,0,0,0,0,0,16,16,16,0,0,0,1
layer,58,0,25,183,decode_target,7,9,9,0,0,0,228,0,0,0,0,29,8,2,0,0,0,0,0,0,45,lru,0,0,0,0,0,0,16,16,16,0,0,0,1
layer,58,0,25,183,decode_target,8,11,10,1,643,341,216,12,10,0,10,731,10,2,0,0,0,0,0,0,45,lru,0,0,0,0,0,0,16,15,16,0,1,0,1
layer,58,0,25,183,decode_target,9,10,9,1,577,318,212,17,8,0,8,681,8,9,0,0,0,0,0,0,45,lru,0,0,0,0,0,0,16,15,16,0,1,0,1
layer,58,0,25,183,decode_target,10,11,11,0,0,0,217,0,1,1,0,27,8,2,0,0,0,0,0,0,45,lru,0,0,0,0,0,0,16,16,16,0,0,0,1
layer,58,0,25,183,decode_target,11,9,9,0,0,0,223,0,0,0,0,39,13,2,0,0,0,0,0,0,45,lru,0,0,0,0,0,0,16,16,16,0,0,0,1
layer,58,0,25,183,decode_target,12,12,12,0,0,0,240,0,0,0,0,29,8,2,0,0,0,0,0,0,45,lru,0,0,0,0,0,0,16,16,16,0,0,0,1
layer,58,0,25,183,decode_target,13,12,12,0,0,0,246,0,1,1,0,28,8,2,0,0,0,0,0,0,45,lru,0,0,0,0,0,0,16,16,16,0,0,0,1
layer,58,0,25,183,decode_target,14,10,9,1,629,347,184,12,8,0,8,713,8,4,0,0,0,0,0,0,45,lru,0,0,0,0,0,0,16,15,16,0,1,0,1
layer,58,0,25,183,decode_target,15,11,10,1,4311,338,213,21,9,0,9,4413,8,2,0,0,0,0,0,0,45,lru,0,0,0,0,0,0,16,15,16,0,1,0,1
layer,58,0,25,183,decode_target,16,11,10,1,717,281,214,15,4,0,4,804,8,11,0,0,0,0,0,0,45,lru,0,0,0,0,0,0,16,15,16,0,1,0,1
layer,58,0,25,183,decode_target,17,12,11,1,419,307,219,16,3,0,3,505,8,7,0,0,0,0,0,0,45,lru,0,0,0,0,0,0,16,15,16,0,1,0,1
layer,58,0,25,183,decode_target,18,12,12,0,0,0,212,0,0,0,0,21,8,2,0,0,0,0,0,0,45,lru,0,0,0,0,0,0,16,16,16,0,0,0,1
layer,58,0,25,183,decode_target,19,10,10,0,0,0,229,0,0,0,0,18,8,2,0,0,0,0,0,0,45,lru,0,0,0,0,0,0,16,16,16,0,0,0,0
layer,58,0,25,183,decode_target,20,12,12,0,0,0,246,0,0,0,0,20,8,3,0,0,0,0,0,0,45,lru,0,0,0,0,0,0,16,16,16,0,0,0,0
layer,58,0,25,183,decode_target,21,11,10,1,497,334,218,11,2,0,2,565,13,2,0,0,0,0,0,0,45,lru,0,0,0,0,0,0,16,15,16,0,1,0,1
layer,58,0,25,183,decode_target,22,13,12,1,578,322,202,17,3,0,3,650,9,2,0,0,0,0,0,0,45,lru,0,0,0,0,0,0,16,15,16,0,1,0,1
layer,58,0,25,183,decode_target,23,12,12,0,0,0,243,0,0,0,0,22,8,2,0,0,0,0,0,0,45,lru,0,0,0,0,0,0,16,16,16,0,0,0,1
layer,58,0,25,183,decode_target,24,12,12,0,0,0,239,0,0,0,0,26,13,2,0,0,0,0,0,0,45,lru,0,0,0,0,0,0,16,16,16,0,0,0,1
layer,58,0,25,183,decode_target,25,12,11,1,508,268,225,10,1,0,1,582,8,4,0,0,0,0,0,0,45,lru,0,0,0,0,0,0,16,15,16,0,1,0,1
layer,58,0,25,183,decode_target,26,11,11,0,0,0,206,0,0,0,0,20,8,2,0,0,0,0,0,0,45,lru,0,0,0,0,0,0,16,16,16,0,0,0,1
layer,58,0,25,183,decode_target,27,12,12,0,0,0,239,0,1,1,0,23,8,2,0,0,0,0,0,0,45,lru,0,0,0,0,0,0,16,16,16,0,0,0,1
layer,58,0,25,183,decode_target,28,10,10,0,0,0,232,0,0,0,0,20,9,2,0,0,0,0,0,0,45,lru,0,0,0,0,0,0,16,16,16,0,0,0,1
layer,58,0,25,183,decode_target,29,13,13,0,0,0,247,0,0,0,0,18,7,2,0,0,0,0,0,0,45,lru,0,0,0,0,0,0,16,16,16,0,0,0,1
layer,58,0,25,183,decode_target,30,12,12,0,0,0,210,0,1,1,0,21,7,3,0,0,0,0,0,0,45,lru,0,0,0,0,0,0,16,16,16,0,0,0,1
layer,58,0,25,183,decode_target,31,12,11,1,421,322,216,7,2,0,2,501,8,13,0,0,0,0,0,0,45,lru,0,0,0,0,0,0,16,15,16,0,1,0,1
layer,58,0,25,183,decode_target,32,13,11,2,1330,462,229,36,1,0,1,1424,8,2,0,0,0,0,0,0,45,lru,0,0,0,0,0,0,16,14,16,0,2,0,1
layer,58,0,25,183,decode_target,33,11,10,1,615,277,214,11,1,0,1,690,13,3,0,0,0,0,0,0,45,lru,0,0,0,0,0,0,16,15,16,0,1,0,1
layer,58,0,25,183,decode_target,34,11,11,0,0,0,208,0,0,0,0,23,8,4,0,0,0,0,0,0,45,lru,0,0,0,0,0,0,16,16,16,0,0,0,1
layer,58,0,25,183,decode_target,35,10,9,1,470,276,206,10,2,0,2,532,8,2,0,0,0,0,0,0,45,lru,0,0,0,0,0,0,16,15,16,0,1,0,1
layer,58,0,25,183,decode_target,36,11,8,3,1642,690,213,46,2,0,2,1764,8,2,0,0,0,0,0,0,45,lru,0,0,0,0,0,0,16,13,16,0,3,0,1
layer,58,0,25,183,decode_target,37,12,10,2,1161,499,222,25,3,0,3,1255,8,2,0,0,0,0,0,0,45,lru,0,0,0,0,0,0,16,14,16,0,2,0,1
layer,58,0,25,183,decode_target,38,10,8,2,1073,510,182,30,2,0,2,1169,8,2,0,0,0,0,0,0,45,lru,0,0,0,0,0,0,16,14,16,0,2,0,1
layer,58,0,25,183,decode_target,39,10,9,1,550,302,938,13,1,0,1,614,8,2,0,0,0,0,0,0,45,lru,0,0,0,0,0,0,16,15,16,0,1,0,1
request,58,0,25,0,decode_target,-1,0,0,0,0,0,0,0,0,0,0,0,0,0,0,0,0,0,0,0,0,,39964,365,0,0,18,0,0,0,0,0,0,0,0
layer,59,0,25,183,decode_mtp_process,40,12,12,0,0,0,143,0,0,0,0,25,11,2,0,0,0,0,0,0,45,lru,0,0,0,0,0,0,16,16,16,0,0,0,1
request,59,0,25,0,decode_mtp_process,-1,0,0,0,0,0,0,0,0,0,0,0,0,0,0,0,0,0,0,0,0,,664,23,0,0,11,0,0,0,0,0,0,0,0
layer,60,0,27,183,decode_mtp_draft,40,8,8,0,0,0,900,0,0,0,0,30,15,6,0,0,0,0,0,0,45,lru,0,0,0,0,0,0,8,8,8,0,0,0,1
request,60,0,27,0,decode_mtp_draft,-1,0,0,0,0,0,0,0,0,0,0,0,0,0,0,0,0,0,0,0,0,,1373,21,0,0,7,0,0,0,0,0,0,0,0
layer,61,0,27,186,decode_target,0,15,11,4,2489,867,246,56,2,0,2,2648,10,4,0,0,0,0,0,0,45,lru,0,0,0,0,0,0,16,11,16,0,4,0,1
layer,61,0,27,186,decode_target,1,12,10,2,1077,442,217,33,2,0,2,1173,9,2,0,0,0,0,0,0,45,lru,0,0,0,0,0,0,16,14,16,0,2,0,1
layer,61,0,27,186,decode_target,2,12,10,2,1127,559,195,47,6,0,6,1237,8,2,0,0,0,0,0,0,45,lru,0,0,0,0,0,0,16,14,16,0,2,0,1
layer,61,0,27,186,decode_target,3,14,11,3,1825,771,225,53,2,0,2,1961,8,2,0,0,0,0,0,0,45,lru,0,0,0,0,0,0,16,13,16,0,3,0,1
layer,61,0,27,186,decode_target,4,12,9,3,1645,772,221,48,10,0,10,1785,8,2,0,0,0,0,0,0,45,lru,0,0,0,0,0,0,16,13,16,0,3,0,1
layer,61,0,27,186,decode_target,5,14,14,0,0,0,253,0,0,0,0,23,8,2,0,0,0,0,0,0,45,lru,0,0,0,0,0,0,16,16,16,0,0,0,1
layer,61,0,27,186,decode_target,6,12,12,0,0,0,209,0,0,0,0,22,8,2,0,0,0,0,0,0,45,lru,0,0,0,0,0,0,16,16,16,0,0,0,1
layer,61,0,27,186,decode_target,7,14,13,1,597,337,225,15,6,0,6,667,8,2,0,0,0,0,0,0,45,lru,0,0,0,0,0,0,16,15,16,0,1,0,1
layer,61,0,27,186,decode_target,8,14,13,1,531,290,230,15,2,0,2,602,8,2,0,0,0,0,0,0,45,lru,0,0,0,0,0,0,16,15,16,0,1,0,1
layer,61,0,27,186,decode_target,9,13,13,0,0,0,247,0,0,0,0,26,8,2,0,0,0,0,0,0,45,lru,0,0,0,0,0,0,16,16,16,0,0,0,1
layer,61,0,27,186,decode_target,10,13,13,0,0,0,218,0,0,0,0,23,8,2,0,0,0,0,0,0,45,lru,0,0,0,0,0,0,16,16,16,0,0,0,1
layer,61,0,27,186,decode_target,11,14,14,0,0,0,244,0,0,0,0,21,8,2,0,0,0,0,0,0,45,lru,0,0,0,0,0,0,16,16,16,0,0,0,1
layer,61,0,27,186,decode_target,12,15,15,0,0,0,257,0,0,0,0,24,8,2,0,0,0,0,0,0,45,lru,0,0,0,0,0,0,16,16,16,0,0,0,1
layer,61,0,27,186,decode_target,13,14,13,1,548,356,231,20,6,0,6,626,8,3,0,0,0,0,0,0,45,lru,0,0,0,0,0,0,16,15,16,0,1,0,1
layer,61,0,27,186,decode_target,14,14,12,2,1379,722,206,38,2,0,2,1512,9,4,0,0,0,0,0,0,45,lru,0,0,0,0,0,0,16,14,16,0,2,0,1
layer,61,0,27,186,decode_target,15,14,13,1,723,392,224,23,2,0,2,817,8,6,0,0,0,0,0,0,45,lru,0,0,0,0,0,0,16,15,16,0,1,0,1
layer,61,0,27,186,decode_target,16,14,14,0,0,0,254,0,0,0,0,23,8,2,0,0,0,0,0,0,45,lru,0,0,0,0,0,0,16,16,16,0,0,0,1
layer,61,0,27,186,decode_target,17,14,14,0,0,0,248,0,0,0,0,24,13,2,0,0,0,0,0,0,45,lru,0,0,0,0,0,0,16,16,16,0,0,0,1
layer,61,0,27,186,decode_target,18,12,11,1,657,404,194,19,2,0,2,734,8,3,0,0,0,0,0,0,45,lru,0,0,0,0,0,0,16,15,16,0,1,0,1
layer,61,0,27,186,decode_target,19,13,12,1,635,377,221,8,1,0,1,704,8,2,0,0,0,0,0,0,45,lru,0,0,0,0,0,0,16,15,16,0,1,0,1
layer,61,0,27,186,decode_target,20,13,11,2,1221,685,227,40,3,0,3,1332,8,2,0,0,0,0,0,0,45,lru,0,0,0,0,0,0,16,14,16,0,2,0,1
layer,61,0,27,186,decode_target,21,12,12,0,0,0,242,0,0,0,0,25,13,2,0,0,0,0,0,0,45,lru,0,0,0,0,0,0,16,16,16,0,0,0,1
layer,61,0,27,186,decode_target,22,14,11,3,1888,1093,207,189,2,0,2,2065,8,12,0,0,0,0,0,0,45,lru,0,0,0,0,0,0,16,13,16,0,3,0,1
layer,61,0,27,186,decode_target,23,13,13,0,0,0,238,0,0,0,0,20,8,2,0,0,0,0,0,0,45,lru,0,0,0,0,0,0,16,16,16,0,0,0,1
layer,61,0,27,186,decode_target,24,11,11,0,0,0,232,0,0,0,0,18,8,2,0,0,0,0,0,0,45,lru,0,0,0,0,0,0,16,16,16,0,0,0,1
layer,61,0,27,186,decode_target,25,13,12,1,737,445,227,46,1,0,1,846,7,10,0,0,0,0,0,0,45,lru,0,0,0,0,0,0,16,15,16,0,1,0,1
layer,61,0,27,186,decode_target,26,11,11,0,0,0,203,0,0,0,0,19,8,2,0,0,0,0,0,0,45,lru,0,0,0,0,0,0,16,16,16,0,0,0,1
layer,61,0,27,186,decode_target,27,13,11,2,1573,815,220,60,2,0,2,1698,9,6,0,0,0,0,0,0,45,lru,0,0,0,0,0,0,16,14,16,0,2,0,1
layer,61,0,27,186,decode_target,28,13,13,0,0,0,245,0,0,0,0,20,8,2,0,0,0,0,0,0,45,lru,0,0,0,0,0,0,16,16,16,0,0,0,1
layer,61,0,27,186,decode_target,29,13,13,0,0,0,246,0,0,0,0,19,8,2,0,0,0,0,0,0,45,lru,0,0,0,0,0,0,16,16,16,0,0,0,1
layer,61,0,27,186,decode_target,30,11,11,0,0,0,204,0,0,0,0,20,8,2,0,0,0,0,0,0,45,lru,0,0,0,0,0,0,16,16,16,0,0,0,1
layer,61,0,27,186,decode_target,31,13,13,0,0,0,245,0,0,0,0,19,8,2,0,0,0,0,0,0,45,lru,0,0,0,0,0,0,16,16,16,0,0,0,1
layer,61,0,27,186,decode_target,32,13,13,0,0,0,246,0,0,0,0,19,7,2,0,0,0,0,0,0,45,lru,0,0,0,0,0,0,16,16,16,0,0,0,1
layer,61,0,27,186,decode_target,33,12,11,1,714,489,220,53,1,0,1,800,8,5,0,0,0,0,0,0,45,lru,0,0,0,0,0,0,16,15,16,0,1,0,1
layer,61,0,27,186,decode_target,34,11,10,1,794,449,193,15,1,0,1,879,8,4,0,0,0,0,0,0,45,lru,0,0,0,0,0,0,16,15,16,0,1,0,1
layer,61,0,27,186,decode_target,35,11,10,1,774,463,212,15,1,0,1,872,11,3,0,0,0,0,0,0,45,lru,0,0,0,0,0,0,16,15,16,0,1,0,1
layer,61,0,27,186,decode_target,36,12,11,1,895,541,221,120,1,0,1,1006,8,5,0,0,0,0,0,0,45,lru,0,0,0,0,0,0,16,15,16,0,1,0,1
layer,61,0,27,186,decode_target,37,12,12,0,0,0,244,0,0,0,0,29,8,2,0,0,0,0,0,0,45,lru,0,0,0,0,0,0,16,16,16,0,0,0,1
layer,61,0,27,186,decode_target,38,12,10,2,1783,1043,198,74,2,0,2,1933,8,11,0,0,0,0,0,0,45,lru,0,0,0,0,0,0,16,14,16,0,2,0,1
layer,61,0,27,186,decode_target,39,11,11,0,0,0,954,0,0,0,0,22,9,2,0,0,0,0,0,0,45,lru,0,0,0,0,0,0,16,16,16,0,0,0,1
request,61,0,27,0,decode_target,-1,0,0,0,0,0,0,0,0,0,0,0,0,0,0,0,0,0,0,0,0,,40751,368,0,0,17,0,0,0,0,0,0,0,0
layer,62,0,27,186,decode_mtp_process,40,13,12,1,844,547,121,84,1,0,1,966,11,8,0,0,0,0,0,0,45,lru,0,0,0,0,0,0,16,15,16,0,1,0,1
request,62,0,27,0,decode_mtp_process,-1,0,0,0,0,0,0,0,0,0,0,0,0,0,0,0,0,0,0,0,0,,1763,19,0,0,5,0,0,0,0,0,0,0,0
layer,63,0,29,186,decode_mtp_draft,40,8,7,1,1059,578,881,45,1,0,1,1171,10,9,0,0,0,0,0,0,45,lru,0,0,0,0,0,0,8,7,8,0,1,0,1
request,63,0,29,0,decode_mtp_draft,-1,0,0,0,0,0,0,0,0,0,0,0,0,0,0,0,0,0,0,0,0,,2696,31,0,0,7,0,0,0,0,0,0,0,0
layer,64,0,29,189,decode_target,0,15,10,5,5264,2881,246,412,2,0,2,5654,10,8,0,0,0,0,0,0,45,lru,0,0,0,0,0,0,16,11,16,0,5,0,1
layer,64,0,29,189,decode_target,1,9,9,0,0,0,226,0,0,0,0,22,8,2,0,0,0,0,0,0,45,lru,0,0,0,0,0,0,16,16,16,0,0,0,1
layer,64,0,29,189,decode_target,2,11,10,1,974,571,195,103,2,0,2,1091,8,7,0,0,0,0,0,0,45,lru,0,0,0,0,0,0,16,15,16,0,1,0,1
layer,64,0,29,189,decode_target,3,13,11,2,2019,1114,219,107,3,0,3,2166,8,2,0,0,0,0,0,0,45,lru,0,0,0,0,0,0,16,14,16,0,2,0,1
layer,64,0,29,189,decode_target,4,12,9,3,2987,1694,217,350,2,0,2,3300,8,18,0,0,0,0,0,0,45,lru,0,0,0,0,0,0,16,13,16,0,3,0,1
layer,64,0,29,189,decode_target,5,14,13,1,986,583,233,67,2,0,2,1119,8,13,0,0,0,0,0,0,45,lru,0,0,0,0,0,0,16,15,16,0,1,0,1
layer,64,0,29,189,decode_target,6,12,12,0,0,0,212,0,0,0,0,22,8,2,0,0,0,0,0,0,45,lru,0,0,0,0,0,0,16,16,16,0,0,0,1
layer,64,0,29,189,decode_target,7,14,14,0,0,0,251,0,0,0,0,19,8,2,0,0,0,0,0,0,45,lru,0,0,0,0,0,0,16,16,16,0,0,0,1
layer,64,0,29,189,decode_target,8,13,13,0,0,0,245,0,0,0,0,26,14,2,0,0,0,0,0,0,45,lru,0,0,0,0,0,0,16,16,16,0,0,0,1
layer,64,0,29,189,decode_target,9,14,12,2,8047,688,229,59,1,0,1,8196,8,3,0,0,0,0,0,0,45,lru,0,0,0,0,0,0,16,14,16,0,2,0,1
layer,64,0,29,189,decode_target,10,13,13,0,0,0,214,0,0,0,0,26,8,2,0,0,0,0,0,0,45,lru,0,0,0,0,0,0,16,16,16,0,0,0,1
layer,64,0,29,189,decode_target,11,13,13,0,0,0,239,0,0,0,0,20,8,2,0,0,0,0,0,0,45,lru,0,0,0,0,0,0,16,16,16,0,0,0,1
layer,64,0,29,189,decode_target,12,13,13,0,0,0,243,0,0,0,0,19,8,2,0,0,0,0,0,0,45,lru,0,0,0,0,0,0,16,16,16,0,0,0,1
layer,64,0,29,189,decode_target,13,13,12,1,598,269,223,15,2,0,2,659,8,2,0,0,0,0,0,0,45,lru,0,0,0,0,0,0,16,15,16,0,1,0,0
layer,64,0,29,189,decode_target,14,11,11,0,0,0,204,0,0,0,0,20,8,2,0,0,0,0,0,0,45,lru,0,0,0,0,0,0,16,16,16,0,0,0,1
layer,64,0,29,189,decode_target,15,12,11,1,481,319,217,16,2,0,2,545,8,2,0,0,0,0,0,0,45,lru,0,0,0,0,0,0,16,15,16,0,1,0,1
layer,64,0,29,189,decode_target,16,13,12,1,581,313,223,6,1,0,1,642,8,2,0,0,0,0,0,0,45,lru,0,0,0,0,0,0,16,15,16,0,1,0,1
layer,64,0,29,189,decode_target,17,14,14,0,0,0,250,0,0,0,0,20,8,2,0,0,0,0,0,0,45,lru,0,0,0,0,0,0,16,16,16,0,0,0,1
layer,64,0,29,189,decode_target,18,12,11,1,524,295,194,9,1,0,1,586,8,2,0,0,0,0,0,0,45,lru,0,0,0,0,0,0,16,15,16,0,1,0,1
layer,64,0,29,189,decode_target,19,14,13,1,444,315,222,10,1,0,1,506,8,2,0,0,0,0,0,0,45,lru,0,0,0,0,0,0,16,15,16,0,1,0,1
layer,64,0,29,189,decode_target,20,13,12,1,480,260,225,10,1,0,1,539,8,2,0,0,0,0,0,0,45,lru,0,0,0,0,0,0,16,15,16,0,1,0,1
layer,64,0,29,189,decode_target,21,13,12,1,471,266,224,14,1,0,1,534,8,2,0,0,0,0,0,0,45,lru,0,0,0,0,0,0,16,15,16,0,1,0,1
layer,64,0,29,189,decode_target,22,13,13,0,0,0,221,0,0,0,0,19,8,2,0,0,0,0,0,0,45,lru,0,0,0,0,0,0,16,16,16,0,0,0,1
layer,64,0,29,189,decode_target,23,13,12,1,433,286,218,15,1,0,1,502,7,2,0,0,0,0,0,0,45,lru,0,0,0,0,0,0,16,15,16,0,1,0,1
layer,64,0,29,189,decode_target,24,12,12,0,0,0,238,0,0,0,0,21,9,2,0,0,0,0,0,0,45,lru,0,0,0,0,0,0,16,16,16,0,0,0,1
layer,64,0,29,189,decode_target,25,15,15,0,0,0,254,0,0,0,0,19,7,2,0,0,0,0,0,0,45,lru,0,0,0,0,0,0,16,16,16,0,0,0,1
layer,64,0,29,189,decode_target,26,11,11,0,0,0,201,0,0,0,0,17,8,2,0,0,0,0,0,0,45,lru,0,0,0,0,0,0,16,16,16,0,0,0,1
layer,64,0,29,189,decode_target,27,12,12,0,0,0,236,0,0,0,0,19,8,2,0,0,0,0,0,0,45,lru,0,0,0,0,0,0,16,16,16,0,0,0,1
layer,64,0,29,189,decode_target,28,12,12,0,0,0,240,0,0,0,0,18,7,2,0,0,0,0,0,0,45,lru,0,0,0,0,0,0,16,16,16,0,0,0,1
layer,64,0,29,189,decode_target,29,10,10,0,0,0,231,0,0,0,0,17,7,2,0,0,0,0,0,0,45,lru,0,0,0,0,0,0,16,16,16,0,0,0,1
layer,64,0,29,189,decode_target,30,9,9,0,0,0,201,0,0,0,0,18,7,2,0,0,0,0,0,0,45,lru,0,0,0,0,0,0,16,16,16,0,0,0,1
layer,64,0,29,189,decode_target,31,12,12,0,0,0,241,0,0,0,0,23,7,2,0,0,0,0,0,0,45,lru,0,0,0,0,0,0,16,16,16,0,0,0,1
layer,64,0,29,189,decode_target,32,11,10,1,457,312,215,14,1,0,1,517,7,2,0,0,0,0,0,0,45,lru,0,0,0,0,0,0,16,15,16,0,1,0,0
layer,64,0,29,189,decode_target,33,11,10,1,419,324,215,9,1,0,1,479,8,2,0,0,0,0,0,0,45,lru,0,0,0,0,0,0,16,15,16,0,1,0,1
layer,64,0,29,189,decode_target,34,12,12,0,0,0,213,0,0,0,0,22,11,2,0,0,0,0,0,0,45,lru,0,0,0,0,0,0,16,16,16,0,0,0,0
layer,64,0,29,189,decode_target,35,10,10,0,0,0,230,0,0,0,0,18,8,2,0,0,0,0,0,0,45,lru,0,0,0,0,0,0,16,16,16,0,0,0,0
layer,64,0,29,189,decode_target,36,11,11,0,0,0,237,0,0,0,0,17,7,2,0,0,0,0,0,0,45,lru,0,0,0,0,0,0,16,16,16,0,0,0,1
layer,64,0,29,189,decode_target,37,11,11,0,0,0,240,0,0,0,0,17,7,2,0,0,0,0,0,0,45,lru,0,0,0,0,0,0,16,16,16,0,0,0,0
layer,64,0,29,189,decode_target,38,14,14,0,0,0,226,0,0,0,0,19,7,2,0,0,0,0,0,0,45,lru,0,0,0,0,0,0,16,16,16,0,0,0,1
layer,64,0,29,189,decode_target,39,11,10,1,467,297,937,20,1,0,1,529,8,3,0,0,0,0,0,0,45,lru,0,0,0,0,0,0,16,15,16,0,1,0,1
request,64,0,29,0,decode_target,-1,0,0,0,0,0,0,0,0,0,0,0,0,0,0,0,0,0,0,0,0,,41342,316,0,0,16,0,0,0,0,0,0,0,0
layer,65,0,29,189,decode_mtp_process,40,13,13,0,0,0,143,0,0,0,0,23,11,2,0,0,0,0,0,0,45,lru,0,0,0,0,0,0,16,16,16,0,0,0,1
request,65,0,29,0,decode_mtp_process,-1,0,0,0,0,0,0,0,0,0,0,0,0,0,0,0,0,0,0,0,0,,637,16,0,0,5,0,0,0,0,0,0,0,0
layer,66,0,31,189,decode_mtp_draft,40,8,8,0,0,0,911,0,0,0,0,25,11,3,0,0,0,0,0,0,45,lru,0,0,0,0,0,0,8,8,8,0,0,0,1
request,66,0,31,0,decode_mtp_draft,-1,0,0,0,0,0,0,0,0,0,0,0,0,0,0,0,0,0,0,0,0,,1381,20,0,0,7,0,0,0,0,0,0,0,0
layer,67,0,31,192,decode_target,0,16,15,1,436,322,248,21,2,0,2,506,10,3,0,0,0,0,0,0,45,lru,0,0,0,0,0,0,16,15,16,0,1,0,1
layer,67,0,31,192,decode_target,1,13,12,1,510,308,225,4,2,0,2,574,9,2,0,0,0,0,0,0,45,lru,0,0,0,0,0,0,16,15,16,0,1,0,1
layer,67,0,31,192,decode_target,2,13,10,3,1709,744,200,56,2,0,2,1841,8,5,0,0,0,0,0,0,45,lru,0,0,0,0,0,0,16,13,16,0,3,0,1
layer,67,0,31,192,decode_target,3,15,9,6,9965,1355,226,118,2,0,2,10196,9,2,0,0,0,0,0,0,45,lru,0,0,0,0,0,0,16,10,16,0,6,0,1
layer,67,0,31,192,decode_target,4,13,11,2,957,519,221,29,2,0,2,1060,9,4,0,0,0,0,0,0,45,lru,0,0,0,0,0,0,16,14,16,0,2,0,1
layer,67,0,31,192,decode_target,5,12,10,2,1090,494,218,18,2,0,2,1179,8,2,0,0,0,0,0,0,45,lru,0,0,0,0,0,0,16,14,16,0,2,0,1
layer,67,0,31,192,decode_target,6,13,10,3,1708,749,200,46,4,0,4,1833,7,2,0,0,0,0,0,0,45,lru,0,0,0,0,0,0,16,13,16,0,3,0,1
layer,67,0,31,192,decode_target,7,13,12,1,627,321,218,7,2,0,2,692,8,2,0,0,0,0,0,0,45,lru,0,0,0,0,0,0,16,15,16,0,1,0,1
layer,67,0,31,192,decode_target,8,13,12,1,443,356,224,20,2,0,2,529,7,2,0,0,0,0,0,0,45,lru,0,0,0,0,0,0,16,15,16,0,1,0,1
layer,67,0,31,192,decode_target,9,13,11,2,1302,504,223,30,2,0,2,1395,8,2,0,0,0,0,0,0,45,lru,0,0,0,0,0,0,16,14,16,0,2,0,1
layer,67,0,31,192,decode_target,10,12,11,1,553,343,196,16,3,0,3,619,8,2,0,0,0,0,0,0,45,lru,0,0,0,0,0,0,16,15,16,0,1,0,1
layer,67,0,31,192,decode_target,11,12,11,1,648,335,215,16,3,0,3,709,8,2,0,0,0,0,0,0,45,lru,0,0,0,0,0,0,16,15,16,0,1,0,1
layer,67,0,31,192,decode_target,12,15,15,0,0,0,254,0,0,0,0,22,8,2,0,0,0,0,0,0,45,lru,0,0,0,0,0,0,16,16,16,0,0,0,1
layer,67,0,31,192,decode_target,13,12,11,1,561,328,221,13,2,0,2,622,8,2,0,0,0,0,0,0,45,lru,0,0,0,0,0,0,16,15,16,0,1,0,1
layer,67,0,31,192,decode_target,14,14,13,1,419,327,206,12,2,0,2,485,8,2,0,0,0,0,0,0,45,lru,0,0,0,0,0,0,16,15,16,0,1,0,1
layer,67,0,31,192,decode_target,15,13,13,0,0,0,240,0,0,0,0,25,9,2,0,0,0,0,0,0,45,lru,0,0,0,0,0,0,16,16,16,0,0,0,1
layer,67,0,31,192,decode_target,16,12,9,3,1828,644,218,49,2,0,2,1948,8,3,0,0,0,0,0,0,45,lru,0,0,0,0,0,0,16,13,16,0,3,0,1
layer,67,0,31,192,decode_target,17,13,13,0,0,0,244,0,0,0,0,22,8,2,0,0,0,0,0,0,45,lru,0,0,0,0,0,0,16,16,16,0,0,0,1
layer,67,0,31,192,decode_target,18,13,13,0,0,0,212,0,0,0,0,19,8,2,0,0,0,0,0,0,45,lru,0,0,0,0,0,0,16,16,16,0,0,0,1
layer,67,0,31,192,decode_target,19,12,11,1,532,325,217,15,1,0,1,591,7,3,0,0,0,0,0,0,45,lru,0,0,0,0,0,0,16,15,16,0,1,0,1
layer,67,0,31,192,decode_target,20,14,13,1,486,335,227,4,1,0,1,545,8,2,0,0,0,0,0,0,45,lru,0,0,0,0,0,0,16,15,16,0,1,0,1
layer,67,0,31,192,decode_target,21,12,10,2,1005,492,218,42,2,0,2,1097,7,2,0,0,0,0,0,0,45,lru,0,0,0,0,0,0,16,14,16,0,2,0,0
layer,67,0,31,192,decode_target,22,14,11,3,1558,650,204,48,1,0,1,1674,8,2,0,0,0,0,0,0,45,lru,0,0,0,0,0,0,16,13,16,0,3,0,1
layer,67,0,31,192,decode_target,23,15,11,4,2438,915,226,93,2,0,2,2591,8,2,0,0,0,0,0,0,45,lru,0,0,0,0,0,0,16,12,16,0,4,0,1
layer,67,0,31,192,decode_target,24,15,14,1,524,312,231,13,1,0,1,589,8,2,0,0,0,0,0,0,45,lru,0,0,0,0,0,0,16,15,16,0,1,0,1
layer,67,0,31,192,decode_target,25,14,14,0,0,0,251,0,0,0,0,20,8,2,0,0,0,0,0,0,45,lru,0,0,0,0,0,0,16,16,16,0,0,0,1
layer,67,0,31,192,decode_target,26,12,12,0,0,0,349,0,0,0,0,19,9,2,0,0,0,0,0,0,45,lru,0,0,0,0,0,0,16,16,16,0,0,0,1
layer,67,0,31,192,decode_target,27,12,12,0,0,0,228,0,0,0,0,17,7,2,0,0,0,0,0,0,45,lru,0,0,0,0,0,0,16,16,16,0,0,0,1
layer,67,0,31,192,decode_target,28,11,9,2,828,524,236,28,2,0,2,919,8,2,0,0,0,0,0,0,45,lru,0,0,0,0,0,0,16,14,16,0,2,0,1
layer,67,0,31,192,decode_target,29,12,10,2,1237,509,226,16,2,0,2,1331,13,2,0,0,0,0,0,0,45,lru,0,0,0,0,0,0,16,14,16,0,2,0,0
layer,67,0,31,192,decode_target,30,12,12,0,0,0,210,0,0,0,0,25,13,2,0,0,0,0,0,0,45,lru,0,0,0,0,0,0,16,16,16,0,0,0,1
layer,67,0,31,192,decode_target,31,12,11,1,431,284,219,25,1,0,1,491,8,2,0,0,0,0,0,0,45,lru,0,0,0,0,0,0,16,15,16,0,1,0,1
layer,67,0,31,192,decode_target,32,12,11,1,464,306,221,11,1,0,1,526,8,4,0,0,0,0,0,0,45,lru,0,0,0,0,0,0,16,15,16,0,1,0,1
layer,67,0,31,192,decode_target,33,10,10,0,0,0,234,0,0,0,0,19,8,2,0,0,0,0,0,0,45,lru,0,0,0,0,0,0,16,16,16,0,0,0,1
layer,67,0,31,192,decode_target,34,11,11,0,0,0,209,0,0,0,0,19,8,2,0,0,0,0,0,0,45,lru,0,0,0,0,0,0,16,16,16,0,0,0,0
layer,67,0,31,192,decode_target,35,11,10,1,532,314,212,16,1,0,1,594,8,3,0,0,0,0,0,0,45,lru,0,0,0,0,0,0,16,15,16,0,1,0,0
layer,67,0,31,192,decode_target,36,11,9,2,3144,494,212,30,2,0,2,3235,8,3,0,0,0,0,0,0,45,lru,0,0,0,0,0,0,16,13,16,0,2,0,1
layer,67,0,31,192,decode_target,37,10,7,3,1811,715,338,49,2,0,2,1931,8,2,0,0,0,0,0,0,45,lru,0,0,0,0,0,0,16,12,16,0,3,0,1
layer,67,0,31,192,decode_target,38,9,8,1,483,313,183,24,1,0,1,545,8,2,0,0,0,0,0,0,45,lru,0,0,0,0,0,0,16,14,16,0,1,0,1
layer,67,0,31,192,decode_target,39,11,10,1,561,313,951,4,1,0,1,625,8,2,0,0,0,0,0,0,45,lru,0,0,0,0,0,0,16,15,16,0,1,0,1
request,67,0,31,0,decode_target,-1,0,0,0,0,0,0,0,0,0,0,0,0,0,0,0,0,0,0,0,0,,58248,456,0,0,18,0,0,0,0,0,0,0,0
layer,68,0,31,192,decode_mtp_process,40,13,13,0,0,0,163,0,0,0,0,25,11,2,0,0,0,0,0,0,45,lru,0,0,0,0,0,0,16,16,16,0,0,0,1
request,68,0,31,0,decode_mtp_process,-1,0,0,0,0,0,0,0,0,0,0,0,0,0,0,0,0,0,0,0,0,,744,18,0,0,6,0,0,0,0,0,0,0,0
layer,69,1,0,194,prefill_target,0,155,31,124,79940,28667,2110,1967,3,1,2,84046,15,29,0,0,0,0,0,0,45,lru,0,0,0,0,0,0,1024,340,684,0,14,110,19
layer,69,1,0,194,prefill_target,1,173,38,135,88236,30502,2265,2049,3,1,2,92523,15,22,0,0,0,0,0,0,45,lru,0,0,0,0,0,0,1024,555,661,0,7,128,20
layer,69,1,0,194,prefill_target,2,170,39,131,78334,30586,2101,2032,3,1,2,82477,14,26,0,0,0,0,0,0,45,lru,0,0,0,0,0,0,1024,538,622,0,6,125,20
layer,69,1,0,194,prefill_target,3,125,37,88,56425,20680,1890,1551,2,0,2,59250,13,31,0,0,0,0,0,0,45,lru,0,0,0,0,0,0,1024,700,807,0,8,80,17
layer,69,1,0,194,prefill_target,4,66,31,35,23136,8138,1465,1335,3,1,2,24375,17,38,0,0,0,0,0,0,45,lru,0,0,0,0,0,0,1024,945,1001,0,14,21,11
layer,69,1,0,194,prefill_target,5,78,32,46,30128,10934,1571,959,2,0,2,31686,14,14,0,0,0,0,0,0,45,lru,0,0,0,0,0,0,1024,759,973,0,13,33,12
layer,69,1,0,194,prefill_target,6,66,37,29,20619,7220,1312,546,3,1,2,21671,14,16,0,0,0,0,0,0,45,lru,0,0,0,0,0,0,1024,928,983,0,8,21,11
layer,69,1,0,194,prefill_target,7,78,40,38,28179,9650,1577,812,2,0,2,29558,12,13,0,0,0,0,0,0,45,lru,0,0,0,0,0,0,1024,950,971,0,5,33,11
layer,69,1,0,194,prefill_target,8,76,34,42,29775,10593,1537,829,2,0,2,31309,11,27,0,0,0,0,0,0,45,lru,0,0,0,0,0,0,1024,926,987,0,11,31,11
layer,69,1,0,194,prefill_target,9,52,26,26,18080,6743,1403,610,4,1,3,19145,10,28,0,0,0,0,0,0,45,lru,0,0,0,0,0,0,1024,906,1017,0,19,7,8
layer,69,1,0,194,prefill_target,10,73,35,38,26574,10058,1344,836,4,1,3,28090,10,4,0,0,0,0,0,0,45,lru,0,0,0,0,0,0,1024,860,974,0,10,28,9
layer,69,1,0,194,prefill_target,11,71,32,39,28803,10398,1512,712,3,0,3,30343,11,15,0,0,0,0,0,0,45,lru,0,0,0,0,0,0,1024,939,994,0,13,26,8
layer,69,1,0,194,prefill_target,12,76,30,46,32926,12002,1526,983,6,1,5,34772,15,21,0,0,0,0,0,0,45,lru,0,0,0,0,0,0,1024,677,969,0,15,31,9
layer,69,1,0,194,prefill_target,13,73,31,42,30704,10456,1515,789,4,1,3,32336,13,22,0,0,0,0,0,0,45,lru,0,0,0,0,0,0,1024,741,965,0,14,28,9
layer,69,1,0,194,prefill_target,14,74,34,40,26755,10193,1351,718,3,0,3,28336,11,13,0,0,0,0,0,0,45,lru,0,0,0,0,0,0,1024,890,976,0,11,29,9
layer,69,1,0,194,prefill_target,15,77,33,44,29430,11195,1541,710,5,1,4,31119,11,28,0,0,0,0,0,0,45,lru,0,0,0,0,0,0,1024,859,973,0,12,32,9
layer,69,1,0,194,prefill_target,16,69,33,36,23411,9241,1487,699,1,0,1,24860,12,28,0,0,0,0,0,0,45,lru,0,0,0,0,0,0,1024,892,994,0,12,24,9
layer,69,1,0,194,prefill_target,17,65,34,31,21426,8145,1453,772,3,1,2,22744,12,19,0,0,0,0,0,0,45,lru,0,0,0,0,0,0,1024,935,994,0,11,20,9
layer,69,1,0,194,prefill_target,18,69,32,37,25961,9754,1314,643,3,1,2,27455,16,20,0,0,0,0,0,0,45,lru,0,0,0,0,0,0,1024,836,973,0,13,24,10
layer,69,1,0,194,prefill_target,19,71,35,36,24665,9624,1482,699,2,0,2,26134,12,8,0,0,0,0,0,0,45,lru,0,0,0,0,0,0,1024,935,984,0,10,26,8
layer,69,1,0,194,prefill_target,20,83,36,47,32522,12882,1572,1084,2,0,2,34442,11,26,0,0,0,0,0,0,45,lru,0,0,0,0,0,0,1024,797,939,0,9,38,10
layer,69,1,0,194,prefill_target,21,78,33,45,31900,11749,1539,850,2,1,1,33659,12,12,0,0,0,0,0,0,45,lru,0,0,0,0,0,0,1024,875,965,0,12,33,10
layer,69,1,0,194,prefill_target,22,89,35,54,36290,14151,1680,1045,2,1,1,38397,10,14,0,0,0,0,0,0,45,lru,0,0,0,0,0,0,1024,637,869,0,10,44,10
layer,69,1,0,194,prefill_target,23,81,26,55,37652,14277,1562,1033,1,0,1,40002,12,17,0,0,0,0,0,0,45,lru,0,0,0,0,0,0,1024,740,972,0,19,36,11
layer,69,1,0,194,prefill_target,24,90,35,55,38161,13486,1619,991,1,0,1,40452,12,26,0,0,0,0,0,0,45,lru,0,0,0,0,0,0,1024,759,888,0,10,45,11
layer,69,1,0,194,prefill_target,25,79,41,38,25330,9435,1526,637,3,1,2,26921,12,20,0,0,0,0,0,0,45,lru,0,0,0,0,0,0,1024,881,922,0,4,34,10
layer,69,1,0,194,prefill_target,26,75,39,36,25259,9150,1348,563,2,1,1,26776,14,23,0,0,0,0,0,0,45,lru,0,0,0,0,0,0,1024,944,972,0,6,30,10
layer,69,1,0,194,prefill_target,27,74,35,39,27557,9711,1642,692,4,1,3,29233,11,23,0,0,0,0,0,0,45,lru,0,0,0,0,0,0,1024,904,981,0,10,29,10
layer,69,1,0,194,prefill_target,28,64,38,26,18436,6513,1441,515,2,1,1,19588,10,17,0,0,0,0,0,0,45,lru,0,0,0,0,0,0,1024,983,1004,0,7,19,10
layer,69,1,0,194,prefill_target,29,63,35,28,19690,7437,1430,494,2,1,1,20979,10,20,0,0,0,0,0,0,45,lru,0,0,0,0,0,0,1024,985,1006,0,10,18,8
layer,69,1,0,194,prefill_target,30,65,41,24,16832,6669,1266,503,2,1,1,17936,10,14,0,0,0,0,0,0,45,lru,0,0,0,0,0,0,1024,970,986,0,4,20,8
layer,69,1,0,194,prefill_target,31,63,40,23,16309,6652,1443,499,2,1,1,17391,10,6,0,0,0,0,0,0,45,lru,0,0,0,0,0,0,1024,981,1000,0,5,18,8
layer,69,1,0,194,prefill_target,32,62,38,24,18045,7263,1419,531,4,1,3,19139,14,4,0,0,0,0,0,0,45,lru,0,0,0,0,0,0,1024,986,1001,0,7,17,8
layer,69,1,0,194,prefill_target,33,60,33,27,20236,8116,1408,761,2,1,1,21560,14,32,0,0,0,0,0,0,45,lru,0,0,0,0,0,0,1024,963,1007,0,12,15,9
layer,69,1,0,194,prefill_target,34,62,36,26,18932,7913,1258,724,2,1,1,20158,10,15,0,0,0,0,0,0,45,lru,0,0,0,0,0,0,1024,976,1003,0,9,17,8
layer,69,1,0,194,prefill_target,35,47,35,12,8666,3582,1356,285,3,1,2,9288,11,24,0,0,0,0,0,0,45,lru,0,0,0,0,0,0,1024,1011,1022,0,10,2,8
layer,69,1,0,194,prefill_target,36,66,31,35,26536,11103,1431,871,3,1,2,28230,10,18,0,0,0,0,0,0,45,lru,0,0,0,0,0,0,1024,945,998,0,14,21,8
layer,69,1,0,194,prefill_target,37,61,34,27,20494,8674,1412,904,2,1,1,21857,10,18,0,0,0,0,0,0,45,lru,0,0,0,0,0,0,1024,972,1005,0,11,16,8
layer,69,1,0,194,prefill_target,38,67,27,40,28781,12887,1268,1282,2,1,1,30611,10,5,0,0,0,0,0,0,45,lru,0,0,0,0,0,0,1024,883,996,0,18,22,9
layer,69,1,0,194,prefill_target,39,79,38,41,29229,12600,7167,1162,2,1,1,30981,10,5,0,0,0,0,0,0,45,lru,0,0,0,0,0,0,1024,908,954,0,7,34,9
request,69,1,0,0,prefill_target,-1,0,0,0,0,0,0,0,0,0,0,0,0,0,0,0,0,0,0,0,0,,1376284,12513,0,0,34,0,0,0,0,0,0,0,0
layer,70,1,0,194,prefill_mtp_process,40,93,37,56,56591,30262,1404,3588,2,1,1,59834,15,19,0,0,0,0,0,0,45,lru,0,0,0,0,0,0,1024,822,894,0,8,48,13
request,70,1,0,0,prefill_mtp_process,-1,0,0,0,0,0,0,0,0,0,0,0,0,0,0,0,0,0,0,0,0,,63556,159,0,0,10,0,0,0,0,0,0,0,0
layer,71,1,1,194,decode_mtp_draft,40,8,8,0,0,0,951,0,0,0,0,29,12,3,0,0,0,0,0,0,45,lru,0,0,0,0,0,0,8,8,8,0,0,0,2
request,71,1,1,0,decode_mtp_draft,-1,0,0,0,0,0,0,0,0,0,0,0,0,0,0,0,0,0,0,0,0,,1570,22,0,0,7,0,0,0,0,0,0,0,0
layer,72,1,1,323,decode_target,0,15,9,6,5849,3035,251,359,4,0,4,6254,14,17,0,0,0,0,0,0,45,lru,0,0,0,0,0,0,16,10,16,0,6,0,2
layer,72,1,1,323,decode_target,1,12,10,2,1747,1044,217,152,3,0,3,1959,9,7,0,0,0,0,0,0,45,lru,0,0,0,0,0,0,16,14,16,0,2,0,2
layer,72,1,1,323,decode_target,2,11,11,0,0,0,237,0,0,0,0,23,8,2,0,0,0,0,0,0,45,lru,0,0,0,0,0,0,16,16,16,0,0,0,1
layer,72,1,1,323,decode_target,3,12,9,3,2825,1630,212,239,3,0,3,3035,8,7,0,0,0,0,0,0,45,lru,0,0,0,0,0,0,16,13,16,0,3,0,1
layer,72,1,1,323,decode_target,4,12,10,2,1841,1174,217,178,3,0,3,1998,8,8,0,0,0,0,0,0,45,lru,0,0,0,0,0,0,16,14,16,0,2,0,1
layer,72,1,1,323,decode_target,5,10,9,1,901,589,216,165,2,0,2,1087,8,13,0,0,0,0,0,0,45,lru,0,0,0,0,0,0,16,15,16,0,1,0,1
layer,72,1,1,323,decode_target,6,12,11,1,960,567,193,33,2,0,2,1071,9,6,0,0,0,0,0,0,45,lru,0,0,0,0,0,0,16,15,16,0,1,0,1
layer,72,1,1,323,decode_target,7,14,13,1,930,585,223,115,2,0,2,1093,8,14,0,0,0,0,0,0,45,lru,0,0,0,0,0,0,16,15,16,0,1,0,1
layer,72,1,1,323,decode_target,8,13,12,1,859,605,223,27,2,0,2,986,8,11,0,0,0,0,0,0,45,lru,0,0,0,0,0,0,16,15,16,0,1,0,1
layer,72,1,1,323,decode_target,9,11,11,0,0,0,276,0,0,0,0,21,8,2,0,0,0,0,0,0,45,lru,0,0,0,0,0,0,16,16,16,0,0,0,1
layer,72,1,1,323,decode_target,10,10,10,0,0,0,227,0,0,0,0,20,8,2,0,0,0,0,0,0,45,lru,0,0,0,0,0,0,16,16,16,0,0,0,1
layer,72,1,1,323,decode_target,11,12,11,1,889,567,218,140,3,0,3,1057,8,11,0,0,0,0,0,0,45,lru,0,0,0,0,0,0,16,15,16,0,1,0,1
layer,72,1,1,323,decode_target,12,11,9,2,1857,1156,220,194,3,0,3,2127,8,26,0,0,0,0,0,0,45,lru,0,0,0,0,0,0,16,14,16,0,2,0,1
layer,72,1,1,323,decode_target,13,11,10,1,889,576,214,63,2,0,2,1071,23,17,0,0,0,0,0,0,45,lru,0,0,0,0,0,0,16,15,16,0,1,0,1
layer,72,1,1,323,decode_target,14,10,10,0,0,0,237,0,0,0,0,22,8,2,0,0,0,0,0,0,45,lru,0,0,0,0,0,0,16,16,16,0,0,0,1
layer,72,1,1,323,decode_target,15,11,11,0,0,0,275,0,0,0,0,22,8,2,0,0,0,0,0,0,45,lru,0,0,0,0,0,0,16,16,16,0,0,0,1
layer,72,1,1,323,decode_target,16,12,11,1,883,610,218,129,2,0,2,1026,8,11,0,0,0,0,0,0,45,lru,0,0,0,0,0,0,16,15,16,0,1,0,1
layer,72,1,1,323,decode_target,17,11,10,1,887,568,214,24,2,0,2,985,8,7,0,0,0,0,0,0,45,lru,0,0,0,0,0,0,16,15,16,0,1,0,1
layer,72,1,1,323,decode_target,18,12,11,1,930,551,195,333,1,0,1,1086,8,15,0,0,0,0,0,0,45,lru,0,0,0,0,0,0,16,15,16,0,1,0,1
layer,72,1,1,323,decode_target,19,14,14,0,0,0,295,0,0,0,0,22,8,2,0,0,0,0,0,0,45,lru,0,0,0,0,0,0,16,16,16,0,0,0,1
layer,72,1,1,323,decode_target,20,12,10,2,1837,1172,244,88,3,0,3,2082,8,20,0,0,0,0,0,0,45,lru,0,0,0,0,0,0,16,14,16,0,2,0,1
layer,72,1,1,323,decode_target,21,11,11,0,0,0,290,0,0,0,0,22,8,2,0,0,0,0,0,0,45,lru,0,0,0,0,0,0,16,16,16,0,0,0,1
layer,72,1,1,323,decode_target,22,10,9,1,893,573,185,63,1,0,1,1053,8,18,0,0,0,0,0,0,45,lru,0,0,0,0,0,0,16,14,16,0,1,0,1
layer,72,1,1,323,decode_target,23,14,12,2,1830,1175,225,260,3,0,3,2064,8,12,0,0,0,0,0,0,45,lru,0,0,0,0,0,0,16,14,16,0,2,0,1
layer,72,1,1,323,decode_target,24,13,13,0,0,0,289,0,0,0,0,22,8,2,0,0,0,0,0,0,45,lru,0,0,0,0,0,0,16,16,16,0,0,0,1
layer,72,1,1,323,decode_target,25,12,12,0,0,0,291,0,0,0,0,20,8,2,0,0,0,0,0,0,45,lru,0,0,0,0,0,0,16,16,16,0,0,0,1
layer,72,1,1,323,decode_target,26,11,11,0,0,0,240,0,0,0,0,19,8,2,0,0,0,0,0,0,45,lru,0,0,0,0,0,0,16,16,16,0,0,0,1
layer,72,1,1,323,decode_target,27,11,11,0,0,0,280,0,0,0,0,20,7,2,0,0,0,0,0,0,45,lru,0,0,0,0,0,0,16,16,16,0,0,0,1
layer,72,1,1,323,decode_target,28,11,10,1,932,572,214,39,2,0,2,1043,7,13,0,0,0,0,0,0,45,lru,0,0,0,0,0,0,16,15,16,0,1,0,1
layer,72,1,1,323,decode_target,29,12,12,0,0,0,290,0,0,0,0,21,8,2,0,0,0,0,0,0,45,lru,0,0,0,0,0,0,16,16,16,0,0,0,1
layer,72,1,1,323,decode_target,30,14,13,1,935,558,205,125,1,0,1,1069,8,12,0,0,0,0,0,0,45,lru,0,0,0,0,0,0,16,15,16,0,1,0,1
layer,72,1,1,323,decode_target,31,13,12,1,1232,587,219,74,2,0,2,1346,8,12,0,0,0,0,0,0,45,lru,0,0,0,0,0,0,16,15,16,0,1,0,1
layer,72,1,1,323,decode_target,32,11,11,0,0,0,282,0,0,0,0,21,8,2,0,0,0,0,0,0,45,lru,0,0,0,0,0,0,16,16,16,0,0,0,1
layer,72,1,1,323,decode_target,33,12,11,1,855,560,219,122,1,0,1,969,8,7,0,0,0,0,0,0,45,lru,0,0,0,0,0,0,16,15,16,0,1,0,1
layer,72,1,1,323,decode_target,34,13,11,2,1811,1170,199,200,2,0,2,1987,8,8,0,0,0,0,0,0,45,lru,0,0,0,0,0,0,16,14,16,0,2,0,1
layer,72,1,1,323,decode_target,35,10,10,0,0,0,271,0,0,0,0,21,8,2,0,0,0,0,0,0,45,lru,0,0,0,0,0,0,16,16,16,0,0,0,1
layer,72,1,1,323,decode_target,36,11,9,2,1818,1138,211,99,2,0,2,1998,8,10,0,0,0,0,0,0,45,lru,0,0,0,0,0,0,16,14,16,0,2,0,1
layer,72,1,1,323,decode_target,37,11,11,0,0,0,283,0,0,0,0,21,8,2,0,0,0,0,0,0,45,lru,0,0,0,0,0,0,16,16,16,0,0,0,1
layer,72,1,1,323,decode_target,38,13,11,2,1784,1121,202,107,3,0,3,1948,8,5,0,0,0,0,0,0,45,lru,0,0,0,0,0,0,16,14,16,0,2,0,1
layer,72,1,1,323,decode_target,39,11,11,0,0,0,976,0,0,0,0,21,8,2,0,0,0,0,0,0,45,lru,0,0,0,0,0,0,16,16,16,0,0,0,1
request,72,1,1,0,decode_target,-1,0,0,0,0,0,0,0,0,0,0,0,0,0,0,0,0,0,0,0,0,,57372,384,0,0,21,0,0,0,0,0,0,0,0
layer,73,1,1,323,decode_mtp_process,40,13,13,0,0,0,154,0,0,0,0,32,13,3,0,0,0,0,0,0,45,lru,0,0,0,0,0,0,16,16,16,0,0,0,2
request,73,1,1,0,decode_mtp_process,-1,0,0,0,0,0,0,0,0,0,0,0,0,0,0,0,0,0,0,0,0,,782,23,0,0,9,0,0,0,0,0,0,0,0
layer,74,1,2,323,decode_mtp_draft,40,8,8,0,0,0,902,0,0,0,0,27,12,3,0,0,0,0,0,0,45,lru,0,0,0,0,0,0,8,8,8,0,0,0,2
request,74,1,2,0,decode_mtp_draft,-1,0,0,0,0,0,0,0,0,0,0,0,0,0,0,0,0,0,0,0,0,,1431,21,0,0,8,0,0,0,0,0,0,0,0
layer,75,1,2,326,decode_target,0,11,9,2,1893,1162,223,144,3,0,3,2070,11,10,0,0,0,0,0,0,45,lru,0,0,0,0,0,0,16,14,16,0,2,0,2
layer,75,1,2,326,decode_target,1,10,9,1,916,558,210,125,3,0,3,1072,9,15,0,0,0,0,0,0,45,lru,0,0,0,0,0,0,16,15,16,0,1,0,1
layer,75,1,2,326,decode_target,2,9,9,0,0,0,210,0,0,0,0,23,9,2,0,0,0,0,0,0,45,lru,0,0,0,0,0,0,16,16,16,0,0,0,1
layer,75,1,2,326,decode_target,3,10,7,3,3022,1746,205,311,2,0,2,3255,8,10,0,0,0,0,0,0,45,lru,0,0,0,0,0,0,16,12,16,0,3,0,1
layer,75,1,2,326,decode_target,4,11,9,2,1869,1170,210,107,2,0,2,2087,8,7,0,0,0,0,0,0,45,lru,0,0,0,0,0,0,16,14,16,0,2,0,1
layer,75,1,2,326,decode_target,5,10,8,2,1872,1126,210,191,2,0,2,2098,8,12,0,0,0,0,0,0,45,lru,0,0,0,0,0,0,16,14,16,0,2,0,1
layer,75,1,2,326,decode_target,6,10,10,0,0,0,210,0,0,0,0,23,9,2,0,0,0,0,0,0,45,lru,0,0,0,0,0,0,16,16,16,0,0,0,1
layer,75,1,2,326,decode_target,7,11,11,0,0,0,245,0,0,0,0,19,7,1,0,0,0,0,0,0,45,lru,0,0,0,0,0,0,16,16,16,0,0,0,1
layer,75,1,2,326,decode_target,8,11,11,0,0,0,248,0,0,0,0,19,7,2,0,0,0,0,0,0,45,lru,0,0,0,0,0,0,16,16,16,0,0,0,1
layer,75,1,2,326,decode_target,9,10,9,1,867,570,211,82,2,0,2,974,8,11,0,0,0,0,0,0,45,lru,0,0,0,0,0,0,16,15,16,0,1,0,1
layer,75,1,2,326,decode_target,10,10,10,0,0,0,211,0,0,0,0,22,8,2,0,0,0,0,0,0,45,lru,0,0,0,0,0,0,16,16,16,0,0,0,1
layer,75,1,2,326,decode_target,11,9,9,0,0,0,239,0,0,0,0,19,8,1,0,0,0,0,0,0,45,lru,0,0,0,0,0,0,16,16,16,0,0,0,1
layer,75,1,2,326,decode_target,12,9,8,1,881,581,201,88,2,0,2,1034,8,11,0,0,0,0,0,0,45,lru,0,0,0,0,0,0,16,15,16,0,1,0,0
layer,75,1,2,326,decode_target,13,9,7,2,1850,1112,207,129,2,0,2,2042,8,10,0,0,0,0,0,0,45,lru,0,0,0,0,0,0,16,13,16,0,2,0,1
layer,75,1,2,326,decode_target,14,11,11,0,0,0,217,0,0,0,0,24,8,2,0,0,0,0,0,0,45,lru,0,0,0,0,0,0,16,16,16,0,0,0,3
layer,75,1,2,326,decode_target,15,10,10,0,0,0,240,0,0,0,0,20,8,2,0,0,0,0,0,0,45,lru,0,0,0,0,0,0,16,16,16,0,0,0,0
layer,75,1,2,326,decode_target,16,11,11,0,0,0,244,0,0,0,0,19,7,2,0,0,0,0,0,0,45,lru,0,0,0,0,0,0,16,16,16,0,0,0,1
layer,75,1,2,326,decode_target,17,11,10,1,890,595,217,122,2,0,2,1042,7,8,0,0,0,0,0,0,45,lru,0,0,0,0,0,0,16,15,16,0,1,0,1
layer,75,1,2,326,decode_target,18,10,9,1,1298,530,184,53,2,0,2,1403,8,5,0,0,0,0,0,0,45,lru,0,0,0,0,0,0,16,15,16,0,1,0,1
layer,75,1,2,326,decode_target,19,10,9,1,879,589,207,80,1,0,1,992,8,12,0,0,0,0,0,0,45,lru,0,0,0,0,0,0,16,15,16,0,1,0,1
layer,75,1,2,326,decode_target,20,11,9,2,1891,1147,214,240,1,0,1,2053,8,8,0,0,0,0,0,0,45,lru,0,0,0,0,0,0,16,14,16,0,2,0,1
layer,75,1,2,326,decode_target,21,8,8,0,0,0,225,0,0,0,0,20,8,2,0,0,0,0,0,0,45,lru,0,0,0,0,0,0,16,16,16,0,0,0,1
layer,75,1,2,326,decode_target,22,10,10,0,0,0,206,0,0,0,0,19,8,2,0,0,0,0,0,0,45,lru,0,0,0,0,0,0,16,16,16,0,0,0,0
layer,75,1,2,326,decode_target,23,10,9,1,868,569,207,71,2,0,2,970,7,10,0,0,0,0,0,0,45,lru,0,0,0,0,0,0,16,15,16,0,1,0,0
layer,75,1,2,326,decode_target,24,10,9,1,863,568,208,106,1,0,1,977,8,6,0,0,0,0,0,0,45,lru,0,0,0,0,0,0,16,15,16,0,1,0,1
layer,75,1,2,326,decode_target,25,10,10,0,0,0,238,0,0,0,0,22,9,2,0,0,0,0,0,0,45,lru,0,0,0,0,0,0,16,16,16,0,0,0,1
layer,75,1,2,326,decode_target,26,10,9,1,859,566,182,99,1,0,1,977,8,6,0,0,0,0,0,0,45,lru,0,0,0,0,0,0,16,15,16,0,1,0,0
layer,75,1,2,326,decode_target,27,10,9,1,898,557,207,32,1,0,1,1029,8,17,0,0,0,0,0,0,45,lru,0,0,0,0,0,0,16,14,16,0,1,0,1
layer,75,1,2,326,decode_target,28,10,10,0,0,0,235,0,0,0,0,20,8,2,0,0,0,0,0,0,45,lru,0,0,0,0,0,0,16,16,16,0,0,0,1
layer,75,1,2,326,decode_target,29,12,11,1,889,597,219,143,2,0,2,999,8,7,0,0,0,0,0,0,45,lru,0,0,0,0,0,0,16,15,16,0,1,0,1
layer,75,1,2,326,decode_target,30,11,11,0,0,0,207,0,0,0,0,21,8,2,0,0,0,0,0,0,45,lru,0,0,0,0,0,0,16,16,16,0,0,0,1
layer,75,1,2,326,decode_target,31,10,10,0,0,0,232,0,0,0,0,18,8,2,0,0,0,0,0,0,45,lru,0,0,0,0,0,0,16,16,16,0,0,0,0
layer,75,1,2,326,decode_target,32,10,9,1,877,569,208,33,1,0,1,989,7,12,0,0,0,0,0,0,45,lru,0,0,0,0,0,0,16,15,16,0,1,0,0
layer,75,1,2,326,decode_target,33,9,9,0,0,0,231,0,0,0,0,20,8,2,0,0,0,0,0,0,45,lru,0,0,0,0,0,0,16,16,16,0,0,0,1
layer,75,1,2,326,decode_target,34,10,8,2,1845,1143,185,168,1,0,1,2039,8,14,0,0,0,0,0,0,45,lru,0,0,0,0,0,0,16,13,16,0,2,0,0
layer,75,1,2,326,decode_target,35,9,9,0,0,0,228,0,0,0,0,19,8,2,0,0,0,0,0,0,45,lru,0,0,0,0,0,0,16,16,16,0,0,0,1
layer,75,1,2,326,decode_target,36,10,9,1,884,585,208,79,1,0,1,980,8,8,0,0,0,0,0,0,45,lru,0,0,0,0,0,0,16,14,16,0,1,0,0
layer,75,1,2,326,decode_target,37,10,10,0,0,0,236,0,0,0,0,19,8,2,0,0,0,0,0,0,45,lru,0,0,0,0,0,0,16,16,16,0,0,0,1
layer,75,1,2,326,decode_target,38,11,9,2,1788,1153,190,54,2,0,2,1954,8,10,0,0,0,0,0,0,45,lru,0,0,0,0,0,0,16,14,16,0,2,0,1
layer,75,1,2,326,decode_target,39,11,10,1,839,558,938,69,1,0,1,951,8,8,0,0,0,0,0,0,45,lru,0,0,0,0,0,0,16,15,16,0,1,0,1
request,75,1,2,0,decode_target,-1,0,0,0,0,0,0,0,0,0,0,0,0,0,0,0,0,0,0,0,0,,46244,344,0,0,19,0,0,0,0,0,0,0,0
layer,76,1,2,326,decode_mtp_process,40,9,9,0,0,0,129,0,0,0,0,23,11,3,0,0,0,0,0,0,45,lru,0,0,0,0,0,0,16,16,16,0,0,0,1
request,76,1,2,0,decode_mtp_process,-1,0,0,0,0,0,0,0,0,0,0,0,0,0,0,0,0,0,0,0,0,,647,17,0,0,6,0,0,0,0,0,0,0,0
layer,77,1,3,326,decode_mtp_draft,40,8,8,0,0,0,906,0,0,0,0,25,11,2,0,0,0,0,0,0,45,lru,0,0,0,0,0,0,8,8,8,0,0,0,1
request,77,1,3,0,decode_mtp_draft,-1,0,0,0,0,0,0,0,0,0,0,0,0,0,0,0,0,0,0,0,0,,1374,20,0,0,7,0,0,0,0,0,0,0,0
layer,78,1,3,329,decode_target,0,14,12,2,1904,1142,238,111,2,0,2,2074,10,12,0,0,0,0,0,0,45,lru,0,0,0,0,0,0,16,14,16,0,2,0,1
layer,78,1,3,329,decode_target,1,12,11,1,898,586,221,44,2,0,2,1009,9,10,0,0,0,0,0,0,45,lru,0,0,0,0,0,0,16,15,16,0,1,0,1
layer,78,1,3,329,decode_target,2,13,12,1,927,565,199,94,3,0,3,1053,8,12,0,0,0,0,0,0,45,lru,0,0,0,0,0,0,16,15,16,0,1,0,1
layer,78,1,3,329,decode_target,3,13,8,5,5296,2998,216,394,2,0,2,5677,9,10,0,0,0,0,0,0,45,lru,0,0,0,0,0,0,16,11,16,0,5,0,1
layer,78,1,3,329,decode_target,4,12,12,0,0,0,244,0,0,0,0,22,8,2,0,0,0,0,0,0,45,lru,0,0,0,0,0,0,16,16,16,0,0,0,1
layer,78,1,3,329,decode_target,5,12,11,1,906,611,221,131,2,0,2,1072,8,17,0,0,0,0,0,0,45,lru,0,0,0,0,0,0,16,15,16,0,1,0,1
layer,78,1,3,329,decode_target,6,10,10,0,0,0,198,0,0,0,0,21,8,2,0,0,0,0,0,0,45,lru,0,0,0,0,0,0,16,16,16,0,0,0,1
layer,78,1,3,329,decode_target,7,14,14,0,0,0,249,0,0,0,0,21,8,1,0,0,0,0,0,0,45,lru,0,0,0,0,0,0,16,16,16,0,0,0,1
layer,78,1,3,329,decode_target,8,12,12,0,0,0,241,0,0,0,0,20,8,2,0,0,0,0,0,0,45,lru,0,0,0,0,0,0,16,16,16,0,0,0,1
layer,78,1,3,329,decode_target,9,13,13,0,0,0,249,0,0,0,0,19,7,2,0,0,0,0,0,0,45,lru,0,0,0,0,0,0,16,16,16,0,0,0,1
layer,78,1,3,329,decode_target,10,13,12,1,866,590,199,79,2,0,2,1033,7,16,0,0,0,0,0,0,45,lru,0,0,0,0,0,0,16,15,16,0,1,0,1
layer,78,1,3,329,decode_target,11,13,13,0,0,0,242,0,0,0,0,23,9,2,0,0,0,0,0,0,45,lru,0,0,0,0,0,0,16,16,16,0,0,0,1
layer,78,1,3,329,decode_target,12,13,13,0,0,0,243,0,0,0,0,21,8,2,0,0,0,0,0,0,45,lru,0,0,0,0,0,0,16,16,16,0,0,0,1
layer,78,1,3,329,decode_target,13,14,13,1,887,562,231,115,2,0,2,1063,8,15,0,0,0,0,0,0,45,lru,0,0,0,0,0,0,16,15,16,0,1,0,1
layer,78,1,3,329,decode_target,14,13,13,0,0,0,216,0,0,0,0,23,8,2,0,0,0,0,0,0,45,lru,0,0,0,0,0,0,16,16,16,0,0,0,1
layer,78,1,3,329,decode_target,15,15,14,1,884,573,231,41,3,0,3,994,7,9,0,0,0,0,0,0,45,lru,0,0,0,0,0,0,16,15,16,0,1,0,1
layer,78,1,3,329,decode_target,16,13,13,0,0,0,246,0,0,0,0,22,8,2,0,0,0,0,0,0,45,lru,0,0,0,0,0,0,16,16,16,0,0,0,1
layer,78,1,3,329,decode_target,17,13,12,1,909,571,223,62,1,0,1,1078,8,7,0,0,0,0,0,0,45,lru,0,0,0,0,0,0,16,15,16,0,1,0,1
layer,78,1,3,329,decode_target,18,14,12,2,1936,1162,204,103,2,0,2,2142,8,15,0,0,0,0,0,0,45,lru,0,0,0,0,0,0,16,14,16,0,2,0,1
layer,78,1,3,329,decode_target,19,15,14,1,908,594,227,183,1,0,1,1032,8,7,0,0,0,0,0,0,45,lru,0,0,0,0,0,0,16,15,16,0,1,0,1
layer,78,1,3,329,decode_target,20,13,10,3,2945,1719,221,224,2,0,2,3166,8,6,0,0,0,0,0,0,45,lru,0,0,0,0,0,0,16,13,16,0,3,0,1
layer,78,1,3,329,decode_target,21,12,11,1,891,563,222,53,2,0,2,1029,8,16,0,0,0,0,0,0,45,lru,0,0,0,0,0,0,16,15,16,0,1,0,1
layer,78,1,3,329,decode_target,22,12,11,1,865,588,193,172,1,0,1,1011,7,17,0,0,0,0,0,0,45,lru,0,0,0,0,0,0,16,15,16,0,1,0,1
layer,78,1,3,329,decode_target,23,15,13,2,1874,1149,228,186,1,0,1,2060,8,6,0,0,0,0,0,0,45,lru,0,0,0,0,0,0,16,14,16,0,2,0,1
layer,78,1,3,329,decode_target,24,13,12,1,878,577,222,100,1,0,1,1013,8,7,0,0,0,0,0,0,45,lru,0,0,0,0,0,0,16,15,16,0,1,0,1
layer,78,1,3,329,decode_target,25,12,12,0,0,0,242,0,0,0,0,21,8,2,0,0,0,0,0,0,45,lru,0,0,0,0,0,0,16,16,16,0,0,0,1
layer,78,1,3,329,decode_target,26,11,11,0,0,0,205,0,0,0,0,18,7,2,0,0,0,0,0,0,45,lru,0,0,0,0,0,0,16,16,16,0,0,0,1
layer,78,1,3,329,decode_target,27,14,13,1,909,564,226,46,1,0,1,1103,8,16,0,0,0,0,0,0,45,lru,0,0,0,0,0,0,16,15,16,0,1,0,1
layer,78,1,3,329,decode_target,28,11,11,0,0,0,237,0,0,0,0,21,9,2,0,0,0,0,0,0,45,lru,0,0,0,0,0,0,16,16,16,0,0,0,1
layer,78,1,3,329,decode_target,29,12,11,1,893,570,219,42,1,0,1,1018,8,9,0,0,0,0,0,0,45,lru,0,0,0,0,0,0,16,15,16,0,1,0,1
layer,78,1,3,329,decode_target,30,14,13,1,922,563,205,102,1,0,1,1082,8,22,0,0,0,0,0,0,45,lru,0,0,0,0,0,0,16,15,16,0,1,0,1
layer,78,1,3,329,decode_target,31,12,12,0,0,0,239,0,0,0,0,21,8,2,0,0,0,0,0,0,45,lru,0,0,0,0,0,0,16,16,16,0,0,0,1
layer,78,1,3,329,decode_target,32,13,11,2,1875,1146,222,104,2,0,2,2129,8,20,0,0,0,0,0,0,45,lru,0,0,0,0,0,0,16,13,16,0,2,0,1
layer,78,1,3,329,decode_target,33,11,9,2,1881,1118,211,212,1,0,1,2109,9,13,0,0,0,0,0,0,45,lru,0,0,0,0,0,0,16,13,16,0,2,0,1
layer,78,1,3,329,decode_target,34,11,9,2,2002,1138,190,216,2,0,2,2226,8,16,0,0,0,0,0,0,45,lru,0,0,0,0,0,0,16,12,16,0,2,0,1
layer,78,1,3,329,decode_target,35,9,7,2,1833,1160,199,188,1,0,1,2023,8,14,0,0,0,0,0,0,45,lru,0,0,0,0,0,0,16,12,16,0,2,0,1
layer,78,1,3,329,decode_target,36,9,6,3,3044,1656,199,310,1,0,1,3338,8,14,0,0,0,0,0,0,45,lru,0,0,0,0,0,0,16,10,16,0,3,0,1
layer,78,1,3,329,decode_target,37,11,7,4,4022,2337,214,368,2,0,2,4367,11,12,0,0,0,0,0,0,45,lru,0,0,0,0,0,0,16,11,16,0,4,0,1
layer,78,1,3,329,decode_target,38,11,7,4,4005,2394,187,471,2,0,2,4355,8,17,0,0,0,0,0,0,45,lru,0,0,0,0,0,0,16,10,16,0,4,0,1
layer,78,1,3,329,decode_target,39,10,9,1,884,585,933,103,1,0,1,1026,8,14,0,0,0,0,0,0,45,lru,0,0,0,0,0,0,16,14,16,0,1,0,1
request,78,1,3,0,decode_target,-1,0,0,0,0,0,0,0,0,0,0,0,0,0,0,0,0,0,0,0,0,,65995,426,0,0,22,0,0,0,0,0,0,0,0
layer,79,1,3,329,decode_mtp_process,40,13,13,0,0,0,146,0,0,0,0,26,11,2,0,0,0,0,0,0,45,lru,0,0,0,0,0,0,16,16,16,0,0,0,1
request,79,1,3,0,decode_mtp_process,-1,0,0,0,0,0,0,0,0,0,0,0,0,0,0,0,0,0,0,0,0,,662,17,0,0,5,0,0,0,0,0,0,0,0
layer,80,1,4,329,decode_mtp_draft,40,8,7,1,901,579,874,99,1,0,1,1075,11,16,0,0,0,0,0,0,45,lru,0,0,0,0,0,0,8,7,8,0,1,0,1
request,80,1,4,0,decode_mtp_draft,-1,0,0,0,0,0,0,0,0,0,0,0,0,0,0,0,0,0,0,0,0,,2481,23,0,0,6,0,0,0,0,0,0,0,0
layer,81,1,4,332,decode_target,0,13,11,2,1893,1143,233,75,2,0,2,2043,10,11,0,0,0,0,0,0,45,lru,0,0,0,0,0,0,16,14,16,0,2,0,1
layer,81,1,4,332,decode_target,1,9,9,0,0,0,227,0,0,0,0,22,9,2,0,0,0,0,0,0,45,lru,0,0,0,0,0,0,16,16,16,0,0,0,1
layer,81,1,4,332,decode_target,2,10,10,0,0,0,203,0,0,0,0,19,8,2,0,0,0,0,0,0,45,lru,0,0,0,0,0,0,16,16,16,0,0,0,1
layer,81,1,4,332,decode_target,3,9,7,2,1915,1130,203,194,2,0,2,2121,8,12,0,0,0,0,0,0,45,lru,0,0,0,0,0,0,16,13,16,0,2,0,1
layer,81,1,4,332,decode_target,4,10,9,1,876,562,205,110,2,0,2,1061,9,12,0,0,0,0,0,0,45,lru,0,0,0,0,0,0,16,14,16,0,1,0,1
layer,81,1,4,332,decode_target,5,9,9,0,0,0,230,0,0,0,0,21,8,2,0,0,0,0,0,0,45,lru,0,0,0,0,0,0,16,16,16,0,0,0,1
layer,81,1,4,332,decode_target,6,11,11,0,0,0,206,0,0,0,0,20,8,2,0,0,0,0,0,0,45,lru,0,0,0,0,0,0,16,16,16,0,0,0,1
layer,81,1,4,332,decode_target,7,11,11,0,0,0,231,0,0,0,0,18,7,2,0,0,0,0,0,0,45,lru,0,0,0,0,0,0,16,16,16,0,0,0,0
layer,81,1,4,332,decode_target,8,11,11,0,0,0,233,0,0,0,0,19,8,1,0,0,0,0,0,0,45,lru,0,0,0,0,0,0,16,16,16,0,0,0,0
layer,81,1,4,332,decode_target,9,11,10,1,898,578,215,110,2,0,2,1043,8,13,0,0,0,0,0,0,45,lru,0,0,0,0,0,0,16,15,16,0,1,0,0
layer,81,1,4,332,decode_target,10,11,11,0,0,0,209,0,0,0,0,22,9,2,0,0,0,0,0,0,45,lru,0,0,0,0,0,0,16,16,16,0,0,0,1
layer,81,1,4,332,decode_target,11,11,10,1,880,560,210,65,3,0,3,1035,8,15,0,0,0,0,0,0,45,lru,0,0,0,0,0,0,16,15,16,0,1,0,0
layer,81,1,4,332,decode_target,12,12,11,1,885,568,223,134,3,0,3,1038,8,21,0,0,0,0,0,0,45,lru,0,0,0,0,0,0,16,15,16,0,1,0,1
layer,81,1,4,332,decode_target,13,9,9,0,0,0,227,0,0,0,0,21,8,2,0,0,0,0,0,0,45,lru,0,0,0,0,0,0,16,16,16,0,0,0,1
layer,81,1,4,332,decode_target,14,11,11,0,0,0,207,0,0,0,0,19,8,2,0,0,0,0,0,0,45,lru,0,0,0,0,0,0,16,16,16,0,0,0,1
layer,81,1,4,332,decode_target,15,9,9,0,0,0,226,0,0,0,0,19,8,2,0,0,0,0,0,0,45,lru,0,0,0,0,0,0,16,16,16,0,0,0,1
layer,81,1,4,332,decode_target,16,10,10,0,0,0,231,0,0,0,0,18,8,2,0,0,0,0,0,0,45,lru,0,0,0,0,0,0,16,16,16,0,0,0,1
layer,81,1,4,332,decode_target,17,11,11,0,0,0,235,0,0,0,0,18,8,2,0,0,0,0,0,0,45,lru,0,0,0,0,0,0,16,16,16,0,0,0,1
layer,81,1,4,332,decode_target,18,11,8,3,2974,1700,189,347,2,0,2,3254,7,12,0,0,0,0,0,0,45,lru,0,0,0,0,0,0,16,12,16,0,3,0,1
layer,81,1,4,332,decode_target,19,9,9,0,0,0,225,0,0,0,0,19,8,2,0,0,0,0,0,0,45,lru,0,0,0,0,0,0,16,16,16,0,0,0,1
layer,81,1,4,332,decode_target,20,12,12,0,0,0,241,0,0,0,0,18,8,2,0,0,0,0,0,0,45,lru,0,0,0,0,0,0,16,16,16,0,0,0,1
layer,81,1,4,332,decode_target,21,9,9,0,0,0,225,0,0,0,0,17,8,1,0,0,0,0,0,0,45,lru,0,0,0,0,0,0,16,16,16,0,0,0,1
layer,81,1,4,332,decode_target,22,11,11,0,0,0,209,0,0,0,0,17,7,2,0,0,0,0,0,0,45,lru,0,0,0,0,0,0,16,16,16,0,0,0,1
layer,81,1,4,332,decode_target,23,11,11,0,0,0,236,0,0,0,0,17,7,2,0,0,0,0,0,0,45,lru,0,0,0,0,0,0,16,16,16,0,0,0,0
layer,81,1,4,332,decode_target,24,12,11,1,899,581,216,127,1,0,1,1049,7,9,0,0,0,0,0,0,45,lru,0,0,0,0,0,0,16,15,16,0,1,0,1
layer,81,1,4,332,decode_target,25,11,10,1,891,583,217,81,2,0,2,1034,8,13,0,0,0,0,0,0,45,lru,0,0,0,0,0,0,16,15,16,0,1,0,1
layer,81,1,4,332,decode_target,26,9,9,0,0,0,196,0,0,0,0,19,8,2,0,0,0,0,0,0,45,lru,0,0,0,0,0,0,16,16,16,0,0,0,0
layer,81,1,4,332,decode_target,27,12,12,0,0,0,243,0,0,0,0,19,8,2,0,0,0,0,0,0,45,lru,0,0,0,0,0,0,16,16,16,0,0,0,1
layer,81,1,4,332,decode_target,28,11,10,1,872,561,212,113,1,0,1,1021,8,10,0,0,0,0,0,0,45,lru,0,0,0,0,0,0,16,15,16,0,1,0,1
layer,81,1,4,332,decode_target,29,13,13,0,0,0,250,0,0,0,0,20,8,2,0,0,0,0,0,0,45,lru,0,0,0,0,0,0,16,16,16,0,0,0,1
layer,81,1,4,332,decode_target,30,11,11,0,0,0,208,0,0,0,0,18,8,2,0,0,0,0,0,0,45,lru,0,0,0,0,0,0,16,16,16,0,0,0,1
layer,81,1,4,332,decode_target,31,10,10,0,0,0,232,0,0,0,0,18,7,2,0,0,0,0,0,0,45,lru,0,0,0,0,0,0,16,16,16,0,0,0,1
layer,81,1,4,332,decode_target,32,11,11,0,0,0,239,0,0,0,0,19,8,2,0,0,0,0,0,0,45,lru,0,0,0,0,0,0,16,16,16,0,0,0,1
layer,81,1,4,332,decode_target,33,9,9,0,0,0,227,0,0,0,0,17,8,2,0,0,0,0,0,0,45,lru,0,0,0,0,0,0,16,16,16,0,0,0,1
layer,81,1,4,332,decode_target,34,10,9,1,865,575,186,100,1,0,1,1053,8,16,0,0,0,0,0,0,45,lru,0,0,0,0,0,0,16,15,16,0,1,0,0
layer,81,1,4,332,decode_target,35,10,10,0,0,0,236,0,0,0,0,20,8,2,0,0,0,0,0,0,45,lru,0,0,0,0,0,0,16,16,16,0,0,0,1
layer,81,1,4,332,decode_target,36,10,9,1,864,555,208,76,1,0,1,1036,8,16,0,0,0,0,0,0,45,lru,0,0,0,0,0,0,16,14,16,0,1,0,0
layer,81,1,4,332,decode_target,37,12,11,1,887,562,221,63,2,0,2,1058,8,16,0,0,0,0,0,0,45,lru,0,0,0,0,0,0,16,15,16,0,1,0,1
layer,81,1,4,332,decode_target,38,8,8,0,0,0,193,0,0,0,0,19,8,2,0,0,0,0,0,0,45,lru,0,0,0,0,0,0,16,16,16,0,0,0,1
layer,81,1,4,332,decode_target,39,10,9,1,842,565,939,63,1,0,1,978,8,11,0,0,0,0,0,0,45,lru,0,0,0,0,0,0,16,15,16,0,1,0,1
request,81,1,4,0,decode_target,-1,0,0,0,0,0,0,0,0,0,0,0,0,0,0,0,0,0,0,0,0,,31096,285,0,0,17,0,0,0,0,0,0,0,0
layer,82,1,4,332,decode_mtp_process,40,12,11,1,949,578,116,116,1,0,1,1090,11,13,0,0,0,0,0,0,45,lru,0,0,0,0,0,0,16,15,16,0,1,0,1
request,82,1,4,0,decode_mtp_process,-1,0,0,0,0,0,0,0,0,0,0,0,0,0,0,0,0,0,0,0,0,,1849,20,0,0,6,0,0,0,0,0,0,0,0
layer,83,1,5,332,decode_mtp_draft,40,8,8,0,0,0,898,0,0,0,0,23,11,2,0,0,0,0,0,0,45,lru,0,0,0,0,0,0,8,8,8,0,0,0,1
request,83,1,5,0,decode_mtp_draft,-1,0,0,0,0,0,0,0,0,0,0,0,0,0,0,0,0,0,0,0,0,,1354,19,0,0,7,0,0,0,0,0,0,0,0
layer,84,1,5,335,decode_target,0,16,13,3,2939,1713,248,202,2,0,2,3185,10,9,0,0,0,0,0,0,45,lru,0,0,0,0,0,0,16,13,16,0,3,0,1
layer,84,1,5,335,decode_target,1,12,12,0,0,0,240,0,0,0,0,24,9,2,0,0,0,0,0,0,45,lru,0,0,0,0,0,0,16,16,16,0,0,0,1
layer,84,1,5,335,decode_target,2,10,10,0,0,0,201,0,0,0,0,20,8,2,0,0,0,0,0,0,45,lru,0,0,0,0,0,0,16,16,16,0,0,0,1
layer,84,1,5,335,decode_target,3,12,8,4,4111,2398,214,348,2,0,2,4463,7,9,0,0,0,0,0,0,45,lru,0,0,0,0,0,0,16,11,16,0,4,0,1
layer,84,1,5,335,decode_target,4,11,10,1,916,600,214,106,2,0,2,1072,9,21,0,0,0,0,0,0,45,lru,0,0,0,0,0,0,16,15,16,0,1,0,1
layer,84,1,5,335,decode_target,5,13,11,2,1909,1150,225,148,3,0,3,2089,8,7,0,0,0,0,0,0,45,lru,0,0,0,0,0,0,16,14,16,0,2,0,1
layer,84,1,5,335,decode_target,6,12,11,1,943,554,194,84,3,0,3,1049,8,6,0,0,0,0,0,0,45,lru,0,0,0,0,0,0,16,15,16,0,1,0,1
layer,84,1,5,335,decode_target,7,13,12,1,937,580,220,48,2,0,2,1052,8,11,0,0,0,0,0,0,45,lru,0,0,0,0,0,0,16,15,16,0,1,0,1
layer,84,1,5,335,decode_target,8,13,12,1,876,564,226,57,2,0,2,979,8,8,0,0,0,0,0,0,45,lru,0,0,0,0,0,0,16,15,16,0,1,0,1
layer,84,1,5,335,decode_target,9,14,10,4,4221,2391,225,446,3,0,3,4533,10,14,0,0,0,0,0,0,45,lru,0,0,0,0,0,0,16,11,16,0,4,0,2
layer,84,1,5,335,decode_target,10,14,13,1,897,607,206,109,3,0,3,1056,9,19,0,0,0,0,0,0,45,lru,0,0,0,0,0,0,16,15,16,0,1,0,1
layer,84,1,5,335,decode_target,11,14,13,1,904,596,223,98,2,0,2,1097,8,15,0,0,0,0,0,0,45,lru,0,0,0,0,0,0,16,15,16,0,1,0,1
layer,84,1,5,335,decode_target,12,14,11,3,3011,1777,227,167,2,0,2,3224,8,11,0,0,0,0,0,0,45,lru,0,0,0,0,0,0,16,12,16,0,3,0,1
layer,84,1,5,335,decode_target,13,14,14,0,0,0,252,0,0,0,0,21,8,2,0,0,0,0,0,0,45,lru,0,0,0,0,0,0,16,16,16,0,0,0,1
layer,84,1,5,335,decode_target,14,13,12,1,901,570,198,114,2,0,2,1059,8,13,0,0,0,0,0,0,45,lru,0,0,0,0,0,0,16,15,16,0,1,0,1
layer,84,1,5,335,decode_target,15,14,12,2,1886,1111,223,157,4,0,4,2164,8,13,0,0,0,0,0,0,45,lru,0,0,0,0,0,0,16,14,16,0,2,0,1
layer,84,1,5,335,decode_target,16,11,11,0,0,0,235,0,0,0,0,21,9,2,0,0,0,0,0,0,45,lru,0,0,0,0,0,0,16,16,16,0,0,0,1
layer,84,1,5,335,decode_target,17,14,13,1,883,567,230,68,1,0,1,1017,8,12,0,0,0,0,0,0,45,lru,0,0,0,0,0,0,16,15,16,0,1,0,0
layer,84,1,5,335,decode_target,18,13,11,2,1984,1145,200,204,2,0,2,2178,8,13,0,0,0,0,0,0,45,lru,0,0,0,0,0,0,16,14,16,0,2,0,1
layer,84,1,5,335,decode_target,19,12,12,0,0,0,235,0,0,0,0,23,8,4,0,0,0,0,0,0,45,lru,0,0,0,0,0,0,16,16,16,0,0,0,1
layer,84,1,5,335,decode_target,20,11,10,1,883,580,212,148,2,0,2,1082,8,21,0,0,0,0,0,0,45,lru,0,0,0,0,0,0,16,15,16,0,1,0,1
layer,84,1,5,335,decode_target,21,12,11,1,866,536,222,88,1,0,1,973,8,11,0,0,0,0,0,0,45,lru,0,0,0,0,0,0,16,15,16,0,1,0,1
layer,84,1,5,335,decode_target,22,12,12,0,0,0,212,0,0,0,0,20,8,2,0,0,0,0,0,0,45,lru,0,0,0,0,0,0,16,16,16,0,0,0,1
layer,84,1,5,335,decode_target,23,15,13,2,1882,1152,227,137,3,0,3,2044,9,6,0,0,0,0,0,0,45,lru,0,0,0,0,0,0,16,14,16,0,2,0,1
layer,84,1,5,335,decode_target,24,14,13,1,865,577,228,68,1,0,1,980,9,9,0,0,0,0,0,0,45,lru,0,0,0,0,0,0,16,15,16,0,1,0,1
layer,84,1,5,335,decode_target,25,12,12,0,0,0,239,0,0,0,0,20,8,2,0,0,0,0,0,0,45,lru,0,0,0,0,0,0,16,16,16,0,0,0,1
layer,84,1,5,335,decode_target,26,11,11,0,0,0,209,0,0,0,0,21,8,2,0,0,0,0,0,0,45,lru,0,0,0,0,0,0,16,16,16,0,0,0,1
layer,84,1,5,335,decode_target,27,14,14,0,0,0,248,0,0,0,0,20,8,2,0,0,0,0,0,0,45,lru,0,0,0,0,0,0,16,16,16,0,0,0,1
layer,84,1,5,335,decode_target,28,12,11,1,891,557,218,13,1,0,1,991,7,5,0,0,0,0,0,0,45,lru,0,0,0,0,0,0,16,15,16,0,1,0,1
layer,84,1,5,335,decode_target,29,12,10,2,1890,1149,220,161,2,0,2,2045,8,6,0,0,0,0,0,0,45,lru,0,0,0,0,0,0,16,14,16,0,2,0,1
layer,84,1,5,335,decode_target,30,14,13,1,900,565,202,55,1,0,1,1060,9,8,0,0,0,0,0,0,45,lru,0,0,0,0,0,0,16,15,16,0,1,0,1
layer,84,1,5,335,decode_target,31,13,13,0,0,0,244,0,0,0,0,20,8,2,0,0,0,0,0,0,45,lru,0,0,0,0,0,0,16,16,16,0,0,0,1
layer,84,1,5,335,decode_target,32,12,12,0,0,0,244,0,0,0,0,20,8,2,0,0,0,0,0,0,45,lru,0,0,0,0,0,0,16,16,16,0,0,0,1
layer,84,1,5,335,decode_target,33,12,11,1,872,567,218,62,1,0,1,971,8,7,0,0,0,0,0,0,45,lru,0,0,0,0,0,0,16,15,16,0,1,0,1
layer,84,1,5,335,decode_target,34,11,10,1,919,584,190,104,1,0,1,1068,8,11,0,0,0,0,0,0,45,lru,0,0,0,0,0,0,16,15,16,0,1,0,1
layer,84,1,5,335,decode_target,35,11,10,1,873,565,210,78,1,0,1,1019,8,16,0,0,0,0,0,0,45,lru,0,0,0,0,0,0,16,15,16,0,1,0,1
layer,84,1,5,335,decode_target,36,10,10,0,0,0,234,0,0,0,0,20,8,2,0,0,0,0,0,0,45,lru,0,0,0,0,0,0,16,16,16,0,0,0,1
layer,84,1,5,335,decode_target,37,11,10,1,1274,547,215,102,2,0,2,1379,8,11,0,0,0,0,0,0,45,lru,0,0,0,0,0,0,16,15,16,0,1,0,1
layer,84,1,5,335,decode_target,38,12,11,1,919,601,195,44,1,0,1,1021,9,11,0,0,0,0,0,0,45,lru,0,0,0,0,0,0,16,15,16,0,1,0,1
layer,84,1,5,335,decode_target,39,11,10,1,1214,542,938,74,1,0,1,1328,8,7,0,0,0,0,0,0,45,lru,0,0,0,0,0,0,16,15,16,0,1,0,1
request,84,1,5,0,decode_target,-1,0,0,0,0,0,0,0,0,0,0,0,0,0,0,0,0,0,0,0,0,,61086,403,0,0,22,0,0,0,0,0,0,0,0
layer,85,1,5,335,decode_mtp_process,40,13,13,0,0,0,146,0,0,0,0,25,11,2,0,0,0,0,0,0,45,lru,0,0,0,0,0,0,16,16,16,0,0,0,1
request,85,1,5,0,decode_mtp_process,-1,0,0,0,0,0,0,0,0,0,0,0,0,0,0,0,0,0,0,0,0,,676,17,0,0,6,0,0,0,0,0,0,0,0
layer,86,1,6,335,decode_mtp_draft,40,8,7,1,907,561,870,50,1,0,1,1029,11,11,0,0,0,0,0,0,45,lru,0,0,0,0,0,0,8,7,8,0,1,0,1
request,86,1,6,0,decode_mtp_draft,-1,0,0,0,0,0,0,0,0,0,0,0,0,0,0,0,0,0,0,0,0,,2514,22,0,0,6,0,0,0,0,0,0,0,0
layer,87,1,6,338,decode_target,0,11,10,1,877,547,223,59,2,0,2,983,10,8,0,0,0,0,0,0,45,lru,0,0,0,0,0,0,16,15,16,0,1,0,1
layer,87,1,6,338,decode_target,1,10,10,0,0,0,231,0,0,0,0,21,8,2,0,0,0,0,0,0,45,lru,0,0,0,0,0,0,16,16,16,0,0,0,1
layer,87,1,6,338,decode_target,2,10,10,0,0,0,202,0,0,0,0,20,8,2,0,0,0,0,0,0,45,lru,0,0,0,0,0,0,16,16,16,0,0,0,1
layer,87,1,6,338,decode_target,3,12,11,1,887,563,218,32,2,0,2,982,8,5,0,0,0,0,0,0,45,lru,0,0,0,0,0,0,16,15,16,0,1,0,1
layer,87,1,6,338,decode_target,4,11,10,1,852,559,212,101,2,0,2,965,8,9,0,0,0,0,0,0,45,lru,0,0,0,0,0,0,16,15,16,0,1,0,1
layer,87,1,6,338,decode_target,5,13,10,3,2993,1755,226,385,3,0,3,3332,7,15,0,0,0,0,0,0,45,lru,0,0,0,0,0,0,16,13,16,0,3,0,0
layer,87,1,6,338,decode_target,6,10,9,1,1000,566,181,72,2,0,2,1115,9,10,0,0,0,0,0,0,45,lru,0,0,0,0,0,0,16,15,16,0,1,0,1
layer,87,1,6,338,decode_target,7,9,9,0,0,0,225,0,0,0,0,24,8,2,0,0,0,0,0,0,45,lru,0,0,0,0,0,0,16,16,16,0,0,0,1
layer,87,1,6,338,decode_target,8,10,9,1,896,568,207,186,2,0,2,1064,8,15,0,0,0,0,0,0,45,lru,0,0,0,0,0,0,16,15,16,0,1,0,0
layer,87,1,6,338,decode_target,9,11,11,0,0,0,237,0,0,0,0,21,8,2,0,0,0,0,0,0,45,lru,0,0,0,0,0,0,16,16,16,0,0,0,1
layer,87,1,6,338,decode_target,10,11,11,0,0,0,206,0,0,0,0,19,8,2,0,0,0,0,0,0,45,lru,0,0,0,0,0,0,16,16,16,0,0,0,1
layer,87,1,6,338,decode_target,11,11,11,0,0,0,232,0,0,0,0,19,8,2,0,0,0,0,0,0,45,lru,0,0,0,0,0,0,16,16,16,0,0,0,1
layer,87,1,6,338,decode_target,12,10,10,0,0,0,229,0,0,0,0,19,8,2,0,0,0,0,0,0,45,lru,0,0,0,0,0,0,16,16,16,0,0,0,0
layer,87,1,6,338,decode_target,13,11,11,0,0,0,237,0,0,0,0,19,7,2,0,0,0,0,0,0,45,lru,0,0,0,0,0,0,16,16,16,0,0,0,1
layer,87,1,6,338,decode_target,14,10,9,1,904,630,181,106,2,0,2,1023,7,11,0,0,0,0,0,0,45,lru,0,0,0,0,0,0,16,15,16,0,1,0,1
layer,87,1,6,338,decode_target,15,10,10,0,0,0,233,0,0,0,0,20,8,2,0,0,0,0,0,0,45,lru,0,0,0,0,0,0,16,16,16,0,0,0,1
layer,87,1,6,338,decode_target,16,12,12,0,0,0,237,0,0,0,0,18,8,2,0,0,0,0,0,0,45,lru,0,0,0,0,0,0,16,16,16,0,0,0,1
layer,87,1,6,338,decode_target,17,11,10,1,856,629,214,59,1,0,1,970,7,8,0,0,0,0,0,0,45,lru,0,0,0,0,0,0,16,15,16,0,1,0,1
layer,87,1,6,338,decode_target,18,10,9,1,909,585,183,115,1,0,1,1034,8,12,0,0,0,0,0,0,45,lru,0,0,0,0,0,0,16,15,16,0,1,0,1
layer,87,1,6,338,decode_target,19,12,11,1,890,562,217,61,1,0,1,983,8,5,0,0,0,0,0,0,45,lru,0,0,0,0,0,0,16,15,16,0,1,0,1
layer,87,1,6,338,decode_target,20,8,8,0,0,0,220,0,0,0,0,20,8,2,0,0,0,0,0,0,45,lru,0,0,0,0,0,0,16,16,16,0,0,0,1
layer,87,1,6,338,decode_target,21,11,11,0,0,0,239,0,0,0,0,18,8,2,0,0,0,0,0,0,45,lru,0,0,0,0,0,0,16,16,16,0,0,0,0
layer,87,1,6,338,decode_target,22,10,9,1,879,601,185,86,1,0,1,988,7,5,0,0,0,0,0,0,45,lru,0,0,0,0,0,0,16,15,16,0,1,0,1
layer,87,1,6,338,decode_target,23,10,9,1,899,561,207,81,1,0,1,1029,8,19,0,0,0,0,0,0,45,lru,0,0,0,0,0,0,16,14,16,0,1,0,0
layer,87,1,6,338,decode_target,24,10,10,0,0,0,228,0,0,0,0,20,8,2,0,0,0,0,0,0,45,lru,0,0,0,0,0,0,16,16,16,0,0,0,1
layer,87,1,6,338,decode_target,25,10,10,0,0,0,235,0,0,0,0,19,8,2,0,0,0,0,0,0,45,lru,0,0,0,0,0,0,16,16,16,0,0,0,0
layer,87,1,6,338,decode_target,26,10,9,1,880,576,183,35,1,0,1,979,8,6,0,0,0,0,0,0,45,lru,0,0,0,0,0,0,16,15,16,0,1,0,0
layer,87,1,6,338,decode_target,27,10,10,0,0,0,233,0,0,0,0,20,8,2,0,0,0,0,0,0,45,lru,0,0,0,0,0,0,16,16,16,0,0,0,1
layer,87,1,6,338,decode_target,28,11,10,1,970,546,214,87,1,0,1,1066,8,9,0,0,0,0,0,0,45,lru,0,0,0,0,0,0,16,15,16,0,1,0,1
layer,87,1,6,338,decode_target,29,11,11,0,0,0,237,0,0,0,0,22,8,2,0,0,0,0,0,0,45,lru,0,0,0,0,0,0,16,16,16,0,0,0,1
layer,87,1,6,338,decode_target,30,11,11,0,0,0,205,0,0,0,0,19,8,2,0,0,0,0,0,0,45,lru,0,0,0,0,0,0,16,16,16,0,0,0,0
layer,87,1,6,338,decode_target,31,12,11,1,932,567,216,54,1,0,1,1048,8,12,0,0,0,0,0,0,45,lru,0,0,0,0,0,0,16,15,16,0,1,0,0
layer,87,1,6,338,decode_target,32,11,11,0,0,0,236,0,0,0,0,20,8,2,0,0,0,0,0,0,45,lru,0,0,0,0,0,0,16,16,16,0,0,0,1
layer,87,1,6,338,decode_target,33,11,9,2,1864,1139,215,139,2,0,2,2018,8,11,0,0,0,0,0,0,45,lru,0,0,0,0,0,0,16,14,16,0,2,0,0
layer,87,1,6,338,decode_target,34,10,8,2,1756,1161,180,250,1,0,1,1971,9,8,0,0,0,0,0,0,45,lru,0,0,0,0,0,0,16,14,16,0,2,0,1
layer,87,1,6,338,decode_target,35,10,10,0,0,0,233,0,0,0,0,20,8,2,0,0,0,0,0,0,45,lru,0,0,0,0,0,0,16,16,16,0,0,0,1
layer,87,1,6,338,decode_target,36,9,7,2,1784,1124,203,176,1,0,1,1983,8,14,0,0,0,0,0,0,45,lru,0,0,0,0,0,0,16,13,16,0,2,0,1
layer,87,1,6,338,decode_target,37,10,9,1,855,572,214,88,1,0,1,963,8,14,0,0,0,0,0,0,45,lru,0,0,0,0,0,0,16,14,16,0,1,0,1
layer,87,1,6,338,decode_target,38,10,9,1,855,561,185,84,1,0,1,967,8,10,0,0,0,0,0,0,45,lru,0,0,0,0,0,0,16,15,16,0,1,0,1
layer,87,1,6,338,decode_target,39,9,9,0,0,0,943,0,0,0,0,19,8,2,0,0,0,0,0,0,45,lru,0,0,0,0,0,0,16,16,16,0,0,0,1
request,87,1,6,0,decode_target,-1,0,0,0,0,0,0,0,0,0,0,0,0,0,0,0,0,0,0,0,0,,39099,318,0,0,18,0,0,0,0,0,0,0,0
layer,88,1,6,338,decode_mtp_process,40,10,10,0,0,0,134,0,0,0,0,25,11,3,0,0,0,0,0,0,45,lru,0,0,0,0,0,0,16,16,16,0,0,0,1
request,88,1,6,0,decode_mtp_process,-1,0,0,0,0,0,0,0,0,0,0,0,0,0,0,0,0,0,0,0,0,,654,23,0,0,11,0,0,0,0,0,0,0,0
layer,89,1,7,338,decode_mtp_draft,40,8,8,0,0,0,898,0,0,0,0,23,11,2,0,0,0,0,0,0,45,lru,0,0,0,0,0,0,8,8,8,0,0,0,1
request,89,1,7,0,decode_mtp_draft,-1,0,0,0,0,0,0,0,0,0,0,0,0,0,0,0,0,0,0,0,0,,1352,20,0,0,6,0,0,0,0,0,0,0,0
layer,90,1,7,341,decode_target,0,14,7,7,7566,4304,237,647,2,0,2,8050,10,11,0,0,0,0,0,0,45,lru,0,0,0,0,0,0,16,9,16,0,7,0,1
layer,90,1,7,341,decode_target,1,12,10,2,2103,1263,219,187,2,0,2,2311,9,7,0,0,0,0,0,0,45,lru,0,0,0,0,0,0,16,14,16,0,2,0,1
layer,90,1,7,341,decode_target,2,11,11,0,0,0,203,0,0,0,0,20,8,2,0,0,0,0,0,0,45,lru,0,0,0,0,0,0,16,16,16,0,0,0,1
layer,90,1,7,341,decode_target,3,12,11,1,956,587,218,105,2,0,2,1147,8,13,0,0,0,0,0,0,45,lru,0,0,0,0,0,0,16,15,16,0,1,0,1
layer,90,1,7,341,decode_target,4,11,11,0,0,0,235,0,0,0,0,22,8,2,0,0,0,0,0,0,45,lru,0,0,0,0,0,0,16,16,16,0,0,0,1
layer,90,1,7,341,decode_target,5,11,10,1,1026,562,217,182,2,0,2,1284,9,28,0,0,0,0,0,0,45,lru,0,0,0,0,0,0,16,15,16,0,1,0,0
layer,90,1,7,341,decode_target,6,11,10,1,943,592,188,98,2,0,2,1066,8,11,0,0,0,0,0,0,45,lru,0,0,0,0,0,0,16,15,16,0,1,0,1
layer,90,1,7,341,decode_target,7,12,11,1,969,575,216,27,2,0,2,1079,8,11,0,0,0,0,0,0,45,lru,0,0,0,0,0,0,16,15,16,0,1,0,1
layer,90,1,7,341,decode_target,8,12,11,1,899,562,218,162,2,0,2,1112,8,27,0,0,0,0,0,0,45,lru,0,0,0,0,0,0,16,15,16,0,1,0,1
layer,90,1,7,341,decode_target,9,13,12,1,885,587,223,51,2,0,2,1026,8,19,0,0,0,0,0,0,45,lru,0,0,0,0,0,0,16,15,16,0,1,0,1
layer,90,1,7,341,decode_target,10,14,13,1,902,561,206,128,2,0,2,1012,8,14,0,0,0,0,0,0,45,lru,0,0,0,0,0,0,16,15,16,0,1,0,1
layer,90,1,7,341,decode_target,11,12,11,1,912,572,211,35,2,0,2,1026,8,9,0,0,0,0,0,0,45,lru,0,0,0,0,0,0,16,15,16,0,1,0,1
layer,90,1,7,341,decode_target,12,12,12,0,0,0,239,0,0,0,0,22,8,2,0,0,0,0,0,0,45,lru,0,0,0,0,0,0,16,16,16,0,0,0,1
layer,90,1,7,341,decode_target,13,11,11,0,0,0,236,0,0,0,0,19,8,2,0,0,0,0,0,0,45,lru,0,0,0,0,0,0,16,16,16,0,0,0,1
layer,90,1,7,341,decode_target,14,10,10,0,0,0,199,0,0,0,0,17,7,2,0,0,0,0,0,0,45,lru,0,0,0,0,0,0,16,16,16,0,0,0,1
layer,90,1,7,341,decode_target,15,14,13,1,915,558,228,296,2,0,2,1157,8,33,0,0,0,0,0,0,45,lru,0,0,0,0,0,0,16,15,16,0,1,0,1
layer,90,1,7,341,decode_target,16,12,9,3,3687,1736,217,366,3,0,3,3996,8,17,0,0,0,0,0,0,45,lru,0,0,0,0,0,0,16,13,16,0,3,0,1
layer,90,1,7,341,decode_target,17,12,11,1,891,614,222,213,1,0,1,1085,8,20,0,0,0,0,0,0,45,lru,0,0,0,0,0,0,16,15,16,0,1,0,1
layer,90,1,7,341,decode_target,18,13,12,1,1097,567,200,154,1,0,1,1252,8,13,0,0,0,0,0,0,45,lru,0,0,0,0,0,0,16,15,16,0,1,0,1
layer,90,1,7,341,decode_target,19,12,11,1,962,582,214,94,1,0,1,1069,8,4,0,0,0,0,0,0,45,lru,0,0,0,0,0,0,16,15,16,0,1,0,1
layer,90,1,7,341,decode_target,20,11,11,0,0,0,236,0,0,0,0,20,8,2,0,0,0,0,0,0,45,lru,0,0,0,0,0,0,16,16,16,0,0,0,1
layer,90,1,7,341,decode_target,21,10,10,0,0,0,233,0,0,0,0,21,9,2,0,0,0,0,0,0,45,lru,0,0,0,0,0,0,16,16,16,0,0,0,1
layer,90,1,7,341,decode_target,22,11,11,0,0,0,209,0,0,0,0,18,8,2,0,0,0,0,0,0,45,lru,0,0,0,0,0,0,16,16,16,0,0,0,1
layer,90,1,7,341,decode_target,23,11,9,2,2338,1127,209,205,2,0,2,2524,8,8,0,0,0,0,0,0,45,lru,0,0,0,0,0,0,16,14,16,0,2,0,1
layer,90,1,7,341,decode_target,24,12,11,1,935,596,216,77,1,0,1,1050,8,10,0,0,0,0,0,0,45,lru,0,0,0,0,0,0,16,15,16,0,1,0,1
layer,90,1,7,341,decode_target,25,11,11,0,0,0,237,0,0,0,0,20,8,2,0,0,0,0,0,0,45,lru,0,0,0,0,0,0,16,16,16,0,0,0,1
layer,90,1,7,341,decode_target,26,10,10,0,0,0,199,0,0,0,0,18,8,2,0,0,0,0,0,0,45,lru,0,0,0,0,0,0,16,16,16,0,0,0,1
layer,90,1,7,341,decode_target,27,10,10,0,0,0,231,0,0,0,0,17,7,2,0,0,0,0,0,0,45,lru,0,0,0,0,0,0,16,16,16,0,0,0,1
layer,90,1,7,341,decode_target,28,11,9,2,2022,1180,214,171,2,0,2,2194,8,10,0,0,0,0,0,0,45,lru,0,0,0,0,0,0,16,14,16,0,2,0,0
layer,90,1,7,341,decode_target,29,12,12,0,0,0,243,0,0,0,0,20,8,2,0,0,0,0,0,0,45,lru,0,0,0,0,0,0,16,16,16,0,0,0,1
layer,90,1,7,341,decode_target,30,12,12,0,0,0,210,0,0,0,0,19,8,2,0,0,0,0,0,0,45,lru,0,0,0,0,0,0,16,16,16,0,0,0,1
layer,90,1,7,341,decode_target,31,13,13,0,0,0,244,0,0,0,0,22,7,2,0,0,0,0,0,0,45,lru,0,0,0,0,0,0,16,16,16,0,0,0,4
layer,90,1,7,341,decode_target,32,11,11,0,0,0,237,0,0,0,0,19,8,2,0,0,0,0,0,0,45,lru,0,0,0,0,0,0,16,16,16,0,0,0,1
layer,90,1,7,341,decode_target,33,11,10,1,932,585,215,77,1,0,1,1053,8,11,0,0,0,0,0,0,45,lru,0,0,0,0,0,0,16,15,16,0,1,0,0
layer,90,1,7,341,decode_target,34,11,11,0,0,0,208,0,0,0,0,21,8,2,0,0,0,0,0,0,45,lru,0,0,0,0,0,0,16,16,16,0,0,0,1
layer,90,1,7,341,decode_target,35,10,10,0,0,0,230,0,0,0,0,18,7,2,0,0,0,0,0,0,45,lru,0,0,0,0,0,0,16,16,16,0,0,0,1
layer,90,1,7,341,decode_target,36,11,11,0,0,0,239,0,0,0,0,18,8,2,0,0,0,0,0,0,45,lru,0,0,0,0,0,0,16,16,16,0,0,0,0
layer,90,1,7,341,decode_target,37,11,11,0,0,0,240,0,0,0,0,17,7,2,0,0,0,0,0,0,45,lru,0,0,0,0,0,0,16,16,16,0,0,0,1
layer,90,1,7,341,decode_target,38,11,11,0,0,0,208,0,0,0,0,18,8,2,0,0,0,0,0,0,45,lru,0,0,0,0,0,0,16,16,16,0,0,0,1
layer,90,1,7,341,decode_target,39,11,10,1,1131,542,941,137,1,0,1,1359,7,25,0,0,0,0,0,0,45,lru,0,0,0,0,0,0,16,15,16,0,1,0,1
request,90,1,7,0,decode_target,-1,0,0,0,0,0,0,0,0,0,0,0,0,0,0,0,0,0,0,0,0,,49545,354,0,0,17,0,0,0,0,0,0,0,0
layer,91,1,7,341,decode_mtp_process,40,13,13,0,0,0,144,0,0,0,0,25,11,2,0,0,0,0,0,0,45,lru,0,0,0,0,0,0,16,16,16,0,0,0,1
request,91,1,7,0,decode_mtp_process,-1,0,0,0,0,0,0,0,0,0,0,0,0,0,0,0,0,0,0,0,0,,647,17,0,0,6,0,0,0,0,0,0,0,0
layer,92,1,8,341,decode_mtp_draft,40,8,8,0,0,0,897,0,0,0,0,22,10,2,0,0,0,0,0,0,45,lru,0,0,0,0,0,0,8,8,8,0,0,0,1
request,92,1,8,0,decode_mtp_draft,-1,0,0,0,0,0,0,0,0,0,0,0,0,0,0,0,0,0,0,0,0,,1347,19,0,0,6,0,0,0,0,0,0,0,0
layer,93,1,8,344,decode_target,0,15,11,4,4538,2378,243,531,2,0,2,4949,10,18,0,0,0,0,0,0,45,lru,0,0,0,0,0,0,16,12,16,0,4,0,1
layer,93,1,8,344,decode_target,1,11,11,0,0,0,236,0,0,0,0,23,9,2,0,0,0,0,0,0,45,lru,0,0,0,0,0,0,16,16,16,0,0,0,1
layer,93,1,8,344,decode_target,2,12,11,1,929,584,195,172,3,0,3,1106,8,28,0,0,0,0,0,0,45,lru,0,0,0,0,0,0,16,15,16,0,1,0,1
layer,93,1,8,344,decode_target,3,11,10,1,947,547,209,133,2,0,2,1159,8,33,0,0,0,0,0,0,45,lru,0,0,0,0,0,0,16,15,16,0,1,0,1
layer,93,1,8,344,decode_target,4,10,8,2,1941,1185,206,320,2,0,2,2162,8,17,0,0,0,0,0,0,45,lru,0,0,0,0,0,0,16,13,16,0,2,0,1
layer,93,1,8,344,decode_target,5,12,10,2,1960,1170,223,163,2,0,2,2145,8,12,0,0,0,0,0,0,45,lru,0,0,0,0,0,0,16,14,16,0,2,0,4
layer,93,1,8,344,decode_target,6,11,10,1,911,549,188,127,2,0,2,1024,8,6,0,0,0,0,0,0,45,lru,0,0,0,0,0,0,16,15,16,0,1,0,1
layer,93,1,8,344,decode_target,7,9,9,0,0,0,223,0,0,0,0,20,8,2,0,0,0,0,0,0,45,lru,0,0,0,0,0,0,16,16,16,0,0,0,1
layer,93,1,8,344,decode_target,8,11,10,1,1206,549,213,166,2,0,2,1390,8,24,0,0,0,0,0,0,45,lru,0,0,0,0,0,0,16,15,16,0,1,0,1
layer,93,1,8,344,decode_target,9,10,10,0,0,0,233,0,0,0,0,20,8,2,0,0,0,0,0,0,45,lru,0,0,0,0,0,0,16,16,16,0,0,0,1
layer,93,1,8,344,decode_target,10,13,11,2,1815,1127,202,219,3,0,3,2030,8,21,0,0,0,0,0,0,45,lru,0,0,0,0,0,0,16,14,16,0,2,0,1
layer,93,1,8,344,decode_target,11,11,11,0,0,0,230,0,0,0,0,23,8,2,0,0,0,0,0,0,45,lru,0,0,0,0,0,0,16,16,16,0,0,0,3
layer,93,1,8,344,decode_target,12,12,11,1,887,576,218,180,2,0,2,1006,8,10,0,0,0,0,0,0,45,lru,0,0,0,0,0,0,16,15,16,0,1,0,0
layer,93,1,8,344,decode_target,13,13,13,0,0,0,246,0,0,0,0,22,8,2,0,0,0,0,0,0,45,lru,0,0,0,0,0,0,16,16,16,0,0,0,1
layer,93,1,8,344,decode_target,14,11,11,0,0,0,205,0,0,0,0,18,8,2,0,0,0,0,0,0,45,lru,0,0,0,0,0,0,16,16,16,0,0,0,1
layer,93,1,8,344,decode_target,15,11,11,0,0,0,233,0,0,0,0,18,7,2,0,0,0,0,0,0,45,lru,0,0,0,0,0,0,16,16,16,0,0,0,1
layer,93,1,8,344,decode_target,16,11,11,0,0,0,232,0,0,0,0,19,8,2,0,0,0,0,0,0,45,lru,0,0,0,0,0,0,16,16,16,0,0,0,1
layer,93,1,8,344,decode_target,17,13,11,2,1873,1173,226,359,2,0,2,2072,8,19,0,0,0,0,0,0,45,lru,0,0,0,0,0,0,16,14,16,0,2,0,1
layer,93,1,8,344,decode_target,18,11,10,1,892,560,186,231,1,0,1,1101,9,27,0,0,0,0,0,0,45,lru,0,0,0,0,0,0,16,15,16,0,1,0,1
layer,93,1,8,344,decode_target,19,11,11,0,0,0,235,0,0,0,0,20,8,2,0,0,0,0,0,0,45,lru,0,0,0,0,0,0,16,16,16,0,0,0,1
layer,93,1,8,344,decode_target,20,11,10,1,883,587,213,39,2,0,2,1002,8,25,0,0,0,0,0,0,45,lru,0,0,0,0,0,0,16,15,16,0,1,0,0
layer,93,1,8,344,decode_target,21,11,10,1,847,554,216,94,1,0,1,968,8,12,0,0,0,0,0,0,45,lru,0,0,0,0,0,0,16,15,16,0,1,0,1
layer,93,1,8,344,decode_target,22,12,12,0,0,0,211,0,0,0,0,20,8,2,0,0,0,0,0,0,45,lru,0,0,0,0,0,0,16,16,16,0,0,0,1
layer,93,1,8,344,decode_target,23,14,13,1,868,563,223,157,1,0,1,982,7,14,0,0,0,0,0,0,45,lru,0,0,0,0,0,0,16,15,16,0,1,0,1
layer,93,1,8,344,decode_target,24,13,12,1,893,566,221,102,1,0,1,1038,8,25,0,0,0,0,0,0,45,lru,0,0,0,0,0,0,16,15,16,0,1,0,1
layer,93,1,8,344,decode_target,25,12,12,0,0,0,242,0,0,0,0,21,9,2,0,0,0,0,0,0,45,lru,0,0,0,0,0,0,16,16,16,0,0,0,1
layer,93,1,8,344,decode_target,26,11,10,1,851,549,186,38,1,0,1,1010,8,22,0,0,0,0,0,0,45,lru,0,0,0,0,0,0,16,15,16,0,1,0,1
layer,93,1,8,344,decode_target,27,10,10,0,0,0,231,0,0,0,0,19,8,2,0,0,0,0,0,0,45,lru,0,0,0,0,0,0,16,16,16,0,0,0,1
layer,93,1,8,344,decode_target,28,11,11,0,0,0,234,0,0,0,0,18,8,2,0,0,0,0,0,0,45,lru,0,0,0,0,0,0,16,16,16,0,0,0,1
layer,93,1,8,344,decode_target,29,12,12,0,0,0,243,0,0,0,0,18,8,2,0,0,0,0,0,0,45,lru,0,0,0,0,0,0,16,16,16,0,0,0,1
layer,93,1,8,344,decode_target,30,11,11,0,0,0,205,0,0,0,0,18,7,2,0,0,0,0,0,0,45,lru,0,0,0,0,0,0,16,16,16,0,0,0,1
layer,93,1,8,344,decode_target,31,11,11,0,0,0,234,0,0,0,0,18,8,2,0,0,0,0,0,0,45,lru,0,0,0,0,0,0,16,16,16,0,0,0,1
layer,93,1,8,344,decode_target,32,10,10,0,0,0,231,0,0,0,0,18,8,2,0,0,0,0,0,0,45,lru,0,0,0,0,0,0,16,16,16,0,0,0,1
layer,93,1,8,344,decode_target,33,11,10,1,878,588,217,168,1,0,1,1008,7,12,0,0,0,0,0,0,45,lru,0,0,0,0,0,0,16,15,16,0,1,0,0
layer,93,1,8,344,decode_target,34,12,12,0,0,0,212,0,0,0,0,20,8,2,0,0,0,0,0,0,45,lru,0,0,0,0,0,0,16,16,16,0,0,0,1
layer,93,1,8,344,decode_target,35,9,9,0,0,0,226,0,0,0,0,18,8,2,0,0,0,0,0,0,45,lru,0,0,0,0,0,0,16,16,16,0,0,0,1
layer,93,1,8,344,decode_target,36,9,9,0,0,0,228,0,0,0,0,17,7,2,0,0,0,0,0,0,45,lru,0,0,0,0,0,0,16,16,16,0,0,0,1
layer,93,1,8,344,decode_target,37,11,11,0,0,0,242,0,0,0,0,17,7,2,0,0,0,0,0,0,45,lru,0,0,0,0,0,0,16,16,16,0,0,0,1
layer,93,1,8,344,decode_target,38,10,10,0,0,0,202,0,0,0,0,17,7,2,0,0,0,0,0,0,45,lru,0,0,0,0,0,0,16,16,16,0,0,0,1
layer,93,1,8,344,decode_target,39,10,10,0,0,0,955,0,0,0,0,18,7,2,0,0,0,0,0,0,45,lru,0,0,0,0,0,0,16,16,16,0,0,0,0
request,93,1,8,0,decode_target,-1,0,0,0,0,0,0,0,0,0,0,0,0,0,0,0,0,0,0,0,0,,39247,324,0,0,18,0,0,0,0,0,0,0,0
layer,94,1,8,344,decode_mtp_process,40,11,11,0,0,0,135,0,0,0,0,22,10,2,0,0,0,0,0,0,45,lru,0,0,0,0,0,0,16,16,16,0,0,0,1
request,94,1,8,0,decode_mtp_process,-1,0,0,0,0,0,0,0,0,0,0,0,0,0,0,0,0,0,0,0,0,,633,17,0,0,6,0,0,0,0,0,0,0,0
layer,95,1,9,344,decode_mtp_draft,40,8,8,0,0,0,892,0,0,0,0,22,10,2,0,0,0,0,0,0,45,lru,0,0,0,0,0,0,8,8,8,0,0,0,1
request,95,1,9,0,decode_mtp_draft,-1,0,0,0,0,0,0,0,0,0,0,0,0,0,0,0,0,0,0,0,0,,1336,19,0,0,6,0,0,0,0,0,0,0,0
layer,96,1,9,347,decode_target,0,14,11,3,3035,1773,238,465,2,0,2,3384,10,29,0,0,0,0,0,0,45,lru,0,0,0,0,0,0,16,13,16,0,3,0,1
layer,96,1,9,347,decode_target,1,9,9,0,0,0,225,0,0,0,0,22,9,2,0,0,0,0,0,0,45,lru,0,0,0,0,0,0,16,16,16,0,0,0,1
layer,96,1,9,347,decode_target,2,11,10,1,956,564,192,105,2,0,2,1132,8,18,0,0,0,0,0,0,45,lru,0,0,0,0,0,0,16,15,16,0,1,0,1
layer,96,1,9,347,decode_target,3,11,11,0,0,0,232,0,0,0,0,21,8,2,0,0,0,0,0,0,45,lru,0,0,0,0,0,0,16,16,16,0,0,0,1
layer,96,1,9,347,decode_target,4,12,12,0,0,0,237,0,0,0,0,20,8,2,0,0,0,0,0,0,45,lru,0,0,0,0,0,0,16,16,16,0,0,0,0
layer,96,1,9,347,decode_target,5,12,11,1,917,550,220,100,2,0,2,1018,7,10,0,0,0,0,0,0,45,lru,0,0,0,0,0,0,16,14,16,0,1,0,1
layer,96,1,9,347,decode_target,6,10,10,0,0,0,199,0,0,0,0,21,8,2,0,0,0,0,0,0,45,lru,0,0,0,0,0,0,16,16,16,0,0,0,1
layer,96,1,9,347,decode_target,7,10,10,0,0,0,231,0,0,0,0,22,9,2,0,0,0,0,0,0,45,lru,0,0,0,0,0,0,16,16,16,0,0,0,1
layer,96,1,9,347,decode_target,8,11,10,1,1304,539,212,106,2,0,2,1433,8,10,0,0,0,0,0,0,45,lru,0,0,0,0,0,0,16,15,16,0,1,0,1
layer,96,1,9,347,decode_target,9,12,11,1,896,559,222,181,2,0,2,1026,8,14,0,0,0,0,0,0,45,lru,0,0,0,0,0,0,16,15,16,0,1,0,1
layer,96,1,9,347,decode_target,10,12,11,1,899,563,195,156,2,0,2,1008,8,9,0,0,0,0,0,0,45,lru,0,0,0,0,0,0,16,15,16,0,1,0,1
layer,96,1,9,347,decode_target,11,11,11,0,0,0,230,0,0,0,0,21,8,2,0,0,0,0,0,0,45,lru,0,0,0,0,0,0,16,16,16,0,0,0,1
layer,96,1,9,347,decode_target,12,11,11,0,0,0,231,0,0,0,0,19,8,2,0,0,0,0,0,0,45,lru,0,0,0,0,0,0,16,16,16,0,0,0,0
layer,96,1,9,347,decode_target,13,14,13,1,902,569,232,140,2,0,2,1042,8,14,0,0,0,0,0,0,45,lru,0,0,0,0,0,0,16,15,16,0,1,0,1
layer,96,1,9,347,decode_target,14,11,10,1,1075,545,187,83,2,0,2,1196,8,14,0,0,0,0,0,0,45,lru,0,0,0,0,0,0,16,15,16,0,1,0,1
layer,96,1,9,347,decode_target,15,12,11,1,927,545,217,191,2,0,2,1151,8,26,0,0,0,0,0,0,45,lru,0,0,0,0,0,0,16,15,16,0,1,0,1
layer,96,1,9,347,decode_target,16,12,12,0,0,0,236,0,0,0,0,21,9,2,0,0,0,0,0,0,45,lru,0,0,0,0,0,0,16,16,16,0,0,0,1
layer,96,1,9,347,decode_target,17,12,11,1,882,559,220,74,1,0,1,982,8,11,0,0,0,0,0,0,45,lru,0,0,0,0,0,0,16,15,16,0,1,0,1
layer,96,1,9,347,decode_target,18,11,10,1,926,546,189,163,1,0,1,1150,8,27,0,0,0,0,0,0,45,lru,0,0,0,0,0,0,16,15,16,0,1,0,1
layer,96,1,9,347,decode_target,19,12,11,1,885,583,217,156,1,0,1,1011,9,16,0,0,0,0,0,0,45,lru,0,0,0,0,0,0,16,15,16,0,1,0,1
layer,96,1,9,347,decode_target,20,11,11,0,0,0,234,0,0,0,0,20,8,2,0,0,0,0,0,0,45,lru,0,0,0,0,0,0,16,16,16,0,0,0,1
layer,96,1,9,347,decode_target,21,12,12,0,0,0,241,0,0,0,0,18,8,2,0,0,0,0,0,0,45,lru,0,0,0,0,0,0,16,16,16,0,0,0,0
layer,96,1,9,347,decode_target,22,13,13,0,0,0,217,0,0,0,0,19,7,2,0,0,0,0,0,0,45,lru,0,0,0,0,0,0,16,16,16,0,0,0,1
layer,96,1,9,347,decode_target,23,12,11,1,898,581,214,92,1,0,1,1057,8,17,0,0,0,0,0,0,45,lru,0,0,0,0,0,0,16,15,16,0,1,0,1
layer,96,1,9,347,decode_target,24,10,10,0,0,0,228,0,0,0,0,20,8,2,0,0,0,0,0,0,45,lru,0,0,0,0,0,0,16,16,16,0,0,0,1
layer,96,1,9,347,decode_target,25,11,11,0,0,0,236,0,0,0,0,18,8,2,0,0,0,0,0,0,45,lru,0,0,0,0,0,0,16,16,16,0,0,0,1
layer,96,1,9,347,decode_target,26,10,10,0,0,0,199,0,0,0,0,17,7,2,0,0,0,0,0,0,45,lru,0,0,0,0,0,0,16,16,16,0,0,0,0
layer,96,1,9,347,decode_target,27,10,10,0,0,0,230,0,0,0,0,18,7,2,0,0,0,0,0,0,45,lru,0,0,0,0,0,0,16,16,16,0,0,0,0
layer,96,1,9,347,decode_target,28,10,10,0,0,0,229,0,0,0,0,18,8,2,0,0,0,0,0,0,45,lru,0,0,0,0,0,0,16,16,16,0,0,0,0
layer,96,1,9,347,decode_target,29,12,12,0,0,0,243,0,0,0,0,18,7,2,0,0,0,0,0,0,45,lru,0,0,0,0,0,0,16,16,16,0,0,0,1
layer,96,1,9,347,decode_target,30,12,11,1,935,567,194,140,1,0,1,1108,7,21,0,0,0,0,0,0,45,lru,0,0,0,0,0,0,16,15,16,0,1,0,1
layer,96,1,9,347,decode_target,31,11,11,0,0,0,234,0,0,0,0,20,8,2,0,0,0,0,0,0,45,lru,0,0,0,0,0,0,16,16,16,0,0,0,1
layer,96,1,9,347,decode_target,32,11,11,0,0,0,236,0,0,0,0,19,8,2,0,0,0,0,0,0,45,lru,0,0,0,0,0,0,16,16,16,0,0,0,0
layer,96,1,9,347,decode_target,33,10,8,2,1977,1189,206,237,2,0,2,2154,8,12,0,0,0,0,0,0,45,lru,0,0,0,0,0,0,16,14,16,0,2,0,0
layer,96,1,9,347,decode_target,34,13,13,0,0,0,220,0,0,0,0,21,8,2,0,0,0,0,0,0,45,lru,0,0,0,0,0,0,16,16,16,0,0,0,1
layer,96,1,9,347,decode_target,35,10,9,1,1051,549,204,75,1,0,1,1175,8,11,0,0,0,0,0,0,45,lru,0,0,0,0,0,0,16,15,16,0,1,0,1
layer,96,1,9,347,decode_target,36,10,10,0,0,0,232,0,0,0,0,20,9,2,0,0,0,0,0,0,45,lru,0,0,0,0,0,0,16,16,16,0,0,0,1
layer,96,1,9,347,decode_target,37,10,10,0,0,0,237,0,0,0,0,18,8,2,0,0,0,0,0,0,45,lru,0,0,0,0,0,0,16,16,16,0,0,0,1
layer,96,1,9,347,decode_target,38,11,10,1,909,594,190,103,1,0,1,1031,7,11,0,0,0,0,0,0,45,lru,0,0,0,0,0,0,16,15,16,0,1,0,0
layer,96,1,9,347,decode_target,39,10,9,1,892,567,933,84,1,0,1,1023,8,17,0,0,0,0,0,0,45,lru,0,0,0,0,0,0,16,15,16,0,1,0,1
request,96,1,9,0,decode_target,-1,0,0,0,0,0,0,0,0,0,0,0,0,0,0,0,0,0,0,0,0,,36140,308,0,0,19,0,0,0,0,0,0,0,0
layer,97,1,9,347,decode_mtp_process,40,10,10,0,0,0,131,0,0,0,0,24,11,2,0,0,0,0,0,0,45,lru,0,0,0,0,0,0,16,16,16,0,0,0,1
request,97,1,9,0,decode_mtp_process,-1,0,0,0,0,0,0,0,0,0,0,0,0,0,0,0,0,0,0,0,0,,642,17,0,0,6,0,0,0,0,0,0,0,0
layer,98,1,11,347,decode_mtp_draft,40,8,7,1,949,606,866,97,1,0,1,1135,11,26,0,0,0,0,0,0,45,lru,0,0,0,0,0,0,8,7,8,0,1,0,1
request,98,1,11,0,decode_mtp_draft,-1,0,0,0,0,0,0,0,0,0,0,0,0,0,0,0,0,0,0,0,0,,2554,24,0,0,8,0,0,0,0,0,0,0,0
layer,99,1,11,350,decode_target,0,12,8,4,4191,2381,226,649,2,0,2,4595,18,19,0,0,0,0,0,0,45,lru,0,0,0,0,0,0,16,12,16,0,4,0,1
layer,99,1,11,350,decode_target,1,12,12,0,0,0,244,0,0,0,0,23,9,2,0,0,0,0,0,0,45,lru,0,0,0,0,0,0,16,16,16,0,0,0,1
layer,99,1,11,350,decode_target,2,11,11,0,0,0,204,0,0,0,0,19,8,2,0,0,0,0,0,0,45,lru,0,0,0,0,0,0,16,16,16,0,0,0,1
layer,99,1,11,350,decode_target,3,12,12,0,0,0,235,0,0,0,0,18,7,2,0,0,0,0,0,0,45,lru,0,0,0,0,0,0,16,16,16,0,0,0,0
layer,99,1,11,350,decode_target,4,10,9,1,892,613,206,218,2,0,2,1099,7,18,0,0,0,0,0,0,45,lru,0,0,0,0,0,0,16,15,16,0,1,0,1
layer,99,1,11,350,decode_target,5,11,10,1,901,573,219,189,2,0,2,1102,8,28,0,0,0,0,0,0,45,lru,0,0,0,0,0,0,16,15,16,0,1,0,1
layer,99,1,11,350,decode_target,6,12,11,1,942,569,193,207,2,0,2,1184,8,36,0,0,0,0,0,0,45,lru,0,0,0,0,0,0,16,15,16,0,1,0,1
layer,99,1,11,350,decode_target,7,12,11,1,926,558,214,29,2,0,2,1119,9,30,0,0,0,0,0,0,45,lru,0,0,0,0,0,0,16,15,16,0,1,0,1
layer,99,1,11,350,decode_target,8,10,10,0,0,0,229,0,0,0,0,20,8,2,0,0,0,0,0,0,45,lru,0,0,0,0,0,0,16,16,16,0,0,0,1
layer,99,1,11,350,decode_target,9,14,14,0,0,0,252,0,0,0,0,20,7,2,0,0,0,0,0,0,45,lru,0,0,0,0,0,0,16,16,16,0,0,0,1
layer,99,1,11,350,decode_target,10,11,11,0,0,0,202,0,0,0,0,17,8,2,0,0,0,0,0,0,45,lru,0,0,0,0,0,0,16,16,16,0,0,0,0
layer,99,1,11,350,decode_target,11,12,11,1,930,600,217,194,2,0,2,1135,8,22,0,0,0,0,0,0,45,lru,0,0,0,0,0,0,16,15,16,0,1,0,0
layer,99,1,11,350,decode_target,12,13,11,2,1921,1192,223,338,3,0,3,2220,8,18,0,0,0,0,0,0,45,lru,0,0,0,0,0,0,16,14,16,0,2,0,1
layer,99,1,11,350,decode_target,13,13,10,3,3078,1767,224,460,3,0,3,3402,8,28,0,0,0,0,0,0,45,lru,0,0,0,0,0,0,16,13,16,0,3,0,1
layer,99,1,11,350,decode_target,14,11,11,0,0,0,202,0,0,0,0,21,8,2,0,0,0,0,0,0,45,lru,0,0,0,0,0,0,16,16,16,0,0,0,1
layer,99,1,11,350,decode_target,15,12,12,0,0,0,239,0,0,0,0,19,8,2,0,0,0,0,0,0,45,lru,0,0,0,0,0,0,16,16,16,0,0,0,1
layer,99,1,11,350,decode_target,16,12,11,1,845,615,218,145,2,0,2,1033,8,23,0,0,0,0,0,0,45,lru,0,0,0,0,0,0,16,15,16,0,1,0,1
layer,99,1,11,350,decode_target,17,10,10,0,0,0,231,0,0,0,0,20,8,2,0,0,0,0,0,0,45,lru,0,0,0,0,0,0,16,16,16,0,0,0,1
layer,99,1,11,350,decode_target,18,13,12,1,883,567,204,165,1,0,1,1102,8,33,0,0,0,0,0,0,45,lru,0,0,0,0,0,0,16,15,16,0,1,0,1
layer,99,1,11,350,decode_target,19,11,9,2,1872,1143,207,407,2,0,2,2196,18,29,0,0,0,0,0,0,45,lru,0,0,0,0,0,0,16,14,16,0,2,0,1
layer,99,1,11,350,decode_target,20,11,10,1,880,569,215,177,1,0,1,1056,8,21,0,0,0,0,0,0,45,lru,0,0,0,0,0,0,16,15,16,0,1,0,1
layer,99,1,11,350,decode_target,21,11,11,0,0,0,234,0,0,0,0,20,8,2,0,0,0,0,0,0,45,lru,0,0,0,0,0,0,16,16,16,0,0,0,1
layer,99,1,11,350,decode_target,22,11,10,1,900,572,191,200,1,0,1,1138,8,35,0,0,0,0,0,0,45,lru,0,0,0,0,0,0,16,15,16,0,1,0,1
layer,99,1,11,350,decode_target,23,11,11,0,0,0,230,0,0,0,0,20,8,2,0,0,0,0,0,0,45,lru,0,0,0,0,0,0,16,16,16,0,0,0,1
layer,99,1,11,350,decode_target,24,11,11,0,0,0,233,0,0,0,0,18,8,2,0,0,0,0,0,0,45,lru,0,0,0,0,0,0,16,16,16,0,0,0,1
layer,99,1,11,350,decode_target,25,10,10,0,0,0,230,0,0,0,0,17,7,2,0,0,0,0,0,0,45,lru,0,0,0,0,0,0,16,16,16,0,0,0,0
layer,99,1,11,350,decode_target,26,10,9,1,881,574,184,202,1,0,1,1096,8,27,0,0,0,0,0,0,45,lru,0,0,0,0,0,0,16,14,16,0,1,0,1
layer,99,1,11,350,decode_target,27,10,10,0,0,0,230,0,0,0,0,20,8,2,0,0,0,0,0,0,45,lru,0,0,0,0,0,0,16,16,16,0,0,0,1
layer,99,1,11,350,decode_target,28,10,10,0,0,0,228,0,0,0,0,18,8,2,0,0,0,0,0,0,45,lru,0,0,0,0,0,0,16,16,16,0,0,0,0
layer,99,1,11,350,decode_target,29,11,11,0,0,0,235,0,0,0,0,18,7,2,0,0,0,0,0,0,45,lru,0,0,0,0,0,0,16,16,16,0,0,0,0
layer,99,1,11,350,decode_target,30,11,11,0,0,0,207,0,0,0,0,17,7,2,0,0,0,0,0,0,45,lru,0,0,0,0,0,0,16,16,16,0,0,0,0
layer,99,1,11,350,decode_target,31,11,11,0,0,0,236,0,0,0,0,17,7,2,0,0,0,0,0,0,45,lru,0,0,0,0,0,0,16,16,16,0,0,0,0
layer,99,1,11,350,decode_target,32,12,12,0,0,0,240,0,0,0,0,18,7,2,0,0,0,0,0,0,45,lru,0,0,0,0,0,0,16,16,16,0,0,0,1
layer,99,1,11,350,decode_target,33,11,11,0,0,0,237,0,0,0,0,18,8,2,0,0,0,0,0,0,45,lru,0,0,0,0,0,0,16,16,16,0,0,0,1
layer,99,1,11,350,decode_target,34,11,11,0,0,0,210,0,0,0,0,19,8,2,0,0,0,0,0,0,45,lru,0,0,0,0,0,0,16,16,16,0,0,0,0
layer,99,1,11,350,decode_target,35,10,9,1,868,585,206,157,1,0,1,1068,8,20,0,0,0,0,0,0,45,lru,0,0,0,0,0,0,16,15,16,0,1,0,0
layer,99,1,11,350,decode_target,36,11,11,0,0,0,237,0,0,0,0,20,9,2,0,0,0,0,0,0,45,lru,0,0,0,0,0,0,16,16,16,0,0,0,1
layer,99,1,11,350,decode_target,37,10,10,0,0,0,236,0,0,0,0,18,8,1,0,0,0,0,0,0,45,lru,0,0,0,0,0,0,16,16,16,0,0,0,0
layer,99,1,11,350,decode_target,38,12,12,0,0,0,216,0,0,0,0,18,8,2,0,0,0,0,0,0,45,lru,0,0,0,0,0,0,16,16,16,0,0,0,1
layer,99,1,11,350,decode_target,39,13,13,0,0,0,961,0,0,0,0,19,7,2,0,0,0,0,0,0,45,lru,0,0,0,0,0,0,16,16,16,0,0,0,1
request,99,1,11,0,decode_target,-1,0,0,0,0,0,0,0,0,0,0,0,0,0,0,0,0,0,0,0,0,,36453,307,0,0,19,0,0,0,0,0,0,0,0
layer,100,1,11,350,decode_mtp_process,40,13,13,0,0,0,145,0,0,0,0,24,11,2,0,0,0,0,0,0,45,lru,0,0,0,0,0,0,16,16,16,0,0,0,1
request,100,1,11,0,decode_mtp_process,-1,0,0,0,0,0,0,0,0,0,0,0,0,0,0,0,0,0,0,0,0,,648,17,0,0,5,0,0,0,0,0,0,0,0
layer,101,1,12,350,decode_mtp_draft,40,8,6,2,1967,1169,877,228,1,0,1,2162,11,19,0,0,0,0,0,0,45,lru,0,0,0,0,0,0,8,6,8,0,2,0,1
request,101,1,12,0,decode_mtp_draft,-1,0,0,0,0,0,0,0,0,0,0,0,0,0,0,0,0,0,0,0,0,,3644,26,0,0,7,0,0,0,0,0,0,0,0
layer,102,1,12,353,decode_target,0,12,7,5,5355,2949,225,736,2,0,2,5809,10,17,0,0,0,0,0,0,45,lru,0,0,0,0,0,0,16,10,16,0,5,0,1
layer,102,1,12,353,decode_target,1,11,9,2,1891,1137,212,351,2,0,2,2141,9,17,0,0,0,0,0,0,45,lru,0,0,0,0,0,0,16,14,16,0,2,0,1
layer,102,1,12,353,decode_target,2,13,10,3,3004,1737,199,445,3,0,3,3251,8,5,0,0,0,0,0,0,45,lru,0,0,0,0,0,0,16,13,16,0,3,0,1
layer,102,1,12,353,decode_target,3,14,10,4,4094,2357,221,610,2,0,2,4425,8,7,0,0,0,0,0,0,45,lru,0,0,0,0,0,0,16,12,16,0,4,0,1
layer,102,1,12,353,decode_target,4,12,12,0,0,0,238,0,0,0,0,21,8,2,0,0,0,0,0,0,45,lru,0,0,0,0,0,0,16,16,16,0,0,0,1
layer,102,1,12,353,decode_target,5,11,9,2,1986,1187,214,240,3,0,3,2211,8,19,0,0,0,0,0,0,45,lru,0,0,0,0,0,0,16,14,16,0,2,0,1
layer,102,1,12,353,decode_target,6,12,12,0,0,0,213,0,0,0,0,21,9,2,0,0,0,0,0,0,45,lru,0,0,0,0,0,0,16,16,16,0,0,0,1
layer,102,1,12,353,decode_target,7,15,15,0,0,0,248,0,0,0,0,20,8,2,0,0,0,0,0,0,45,lru,0,0,0,0,0,0,16,16,16,0,0,0,1
layer,102,1,12,353,decode_target,8,10,9,1,912,562,207,35,2,0,2,1149,8,26,0,0,0,0,0,0,45,lru,0,0,0,0,0,0,16,15,16,0,1,0,1
layer,102,1,12,353,decode_target,9,12,11,1,912,585,223,219,2,0,2,1096,8,22,0,0,0,0,0,0,45,lru,0,0,0,0,0,0,16,15,16,0,1,0,1
layer,102,1,12,353,decode_target,10,12,10,2,1859,1215,191,160,3,0,3,2047,8,15,0,0,0,0,0,0,45,lru,0,0,0,0,0,0,16,14,16,0,2,0,1
layer,102,1,12,353,decode_target,11,12,12,0,0,0,236,0,0,0,0,21,8,2,0,0,0,0,0,0,45,lru,0,0,0,0,0,0,16,16,16,0,0,0,1
layer,102,1,12,353,decode_target,12,13,12,1,866,591,222,107,2,0,2,967,8,11,0,0,0,0,0,0,45,lru,0,0,0,0,0,0,16,15,16,0,1,0,1
layer,102,1,12,353,decode_target,13,10,10,0,0,0,229,0,0,0,0,20,8,2,0,0,0,0,0,0,45,lru,0,0,0,0,0,0,16,16,16,0,0,0,1
layer,102,1,12,353,decode_target,14,14,14,0,0,0,220,0,0,0,0,18,7,2,0,0,0,0,0,0,45,lru,0,0,0,0,0,0,16,16,16,0,0,0,1
layer,102,1,12,353,decode_target,15,15,13,2,1976,1166,228,267,2,0,2,2211,7,18,0,0,0,0,0,0,45,lru,0,0,0,0,0,0,16,14,16,0,2,0,1
layer,102,1,12,353,decode_target,16,14,12,2,1925,1175,226,440,1,0,1,2222,8,25,0,0,0,0,0,0,45,lru,0,0,0,0,0,0,16,14,16,0,2,0,4
layer,102,1,12,353,decode_target,17,12,10,2,1913,1182,218,350,2,0,2,2188,8,17,0,0,0,0,0,0,45,lru,0,0,0,0,0,0,16,14,16,0,2,0,1
layer,102,1,12,353,decode_target,18,10,10,0,0,0,201,0,0,0,0,21,8,2,0,0,0,0,0,0,45,lru,0,0,0,0,0,0,16,16,16,0,0,0,1
layer,102,1,12,353,decode_target,19,14,13,1,897,556,226,135,1,0,1,1146,8,28,0,0,0,0,0,0,45,lru,0,0,0,0,0,0,16,15,16,0,1,0,1
layer,102,1,12,353,decode_target,20,10,9,1,904,598,210,213,1,0,1,1073,8,21,0,0,0,0,0,0,45,lru,0,0,0,0,0,0,16,14,16,0,1,0,1
layer,102,1,12,353,decode_target,21,12,12,0,0,0,241,0,0,0,0,20,8,2,0,0,0,0,0,0,45,lru,0,0,0,0,0,0,16,16,16,0,0,0,1
layer,102,1,12,353,decode_target,22,12,12,0,0,0,211,0,0,0,0,19,8,2,0,0,0,0,0,0,45,lru,0,0,0,0,0,0,16,16,16,0,0,0,1
layer,102,1,12,353,decode_target,23,11,11,0,0,0,230,0,0,0,0,17,8,2,0,0,0,0,0,0,45,lru,0,0,0,0,0,0,16,16,16,0,0,0,1
layer,102,1,12,353,decode_target,24,11,11,0,0,0,232,0,0,0,0,18,8,2,0,0,0,0,0,0,45,lru,0,0,0,0,0,0,16,16,16,0,0,0,1
layer,102,1,12,353,decode_target,25,12,12,0,0,0,240,0,0,0,0,18,7,2,0,0,0,0,0,0,45,lru,0,0,0,0,0,0,16,16,16,0,0,0,1
layer,102,1,12,353,decode_target,26,10,10,0,0,0,198,0,0,0,0,17,8,2,0,0,0,0,0,0,45,lru,0,0,0,0,0,0,16,16,16,0,0,0,0
layer,102,1,12,353,decode_target,27,10,10,0,0,0,229,0,0,0,0,18,8,2,0,0,0,0,0,0,45,lru,0,0,0,0,0,0,16,16,16,0,0,0,1
layer,102,1,12,353,decode_target,28,9,9,0,0,0,225,0,0,0,0,17,8,2,0,0,0,0,0,0,45,lru,0,0,0,0,0,0,16,16,16,0,0,0,1
layer,102,1,12,353,decode_target,29,11,11,0,0,0,237,0,0,0,0,17,7,2,0,0,0,0,0,0,45,lru,0,0,0,0,0,0,16,16,16,0,0,0,0
layer,102,1,12,353,decode_target,30,9,9,0,0,0,199,0,0,0,0,17,7,2,0,0,0,0,0,0,45,lru,0,0,0,0,0,0,16,16,16,0,0,0,1
layer,102,1,12,353,decode_target,31,11,11,0,0,0,237,0,0,0,0,28,12,2,0,0,0,0,0,0,45,lru,0,0,0,0,0,0,16,16,16,0,0,0,1
layer,102,1,12,353,decode_target,32,11,11,0,0,0,235,0,0,0,0,18,8,2,0,0,0,0,0,0,45,lru,0,0,0,0,0,0,16,16,16,0,0,0,1
layer,102,1,12,353,decode_target,33,11,11,0,0,0,239,0,0,0,0,17,8,2,0,0,0,0,0,0,45,lru,0,0,0,0,0,0,16,16,16,0,0,0,0
layer,102,1,12,353,decode_target,34,11,11,0,0,0,208,0,0,0,0,18,7,2,0,0,0,0,0,0,45,lru,0,0,0,0,0,0,16,16,16,0,0,0,0
layer,102,1,12,353,decode_target,35,11,10,1,887,577,209,139,1,0,1,1118,7,19,0,0,0,0,0,0,45,lru,0,0,0,0,0,0,16,15,16,0,1,0,0
layer,102,1,12,353,decode_target,36,13,13,0,0,0,248,0,0,0,0,21,9,2,0,0,0,0,0,0,45,lru,0,0,0,0,0,0,16,16,16,0,0,0,1
layer,102,1,12,353,decode_target,37,10,10,0,0,0,234,0,0,0,0,18,8,2,0,0,0,0,0,0,45,lru,0,0,0,0,0,0,16,16,16,0,0,0,1
layer,102,1,12,353,decode_target,38,13,13,0,0,0,222,0,0,0,0,18,7,2,0,0,0,0,0,0,45,lru,0,0,0,0,0,0,16,16,16,0,0,0,1
layer,102,1,12,353,decode_target,39,11,10,1,861,587,939,97,1,0,1,1027,8,26,0,0,0,0,0,0,45,lru,0,0,0,0,0,0,16,15,16,0,1,0,1
request,102,1,12,0,decode_target,-1,0,0,0,0,0,0,0,0,0,0,0,0,0,0,0,0,0,0,0,0,,46873,343,0,0,17,0,0,0,0,0,0,0,0
layer,103,1,12,353,decode_mtp_process,40,14,14,0,0,0,148,0,0,0,0,24,10,2,0,0,0,0,0,0,45,lru,0,0,0,0,0,0,16,16,16,0,0,0,1
request,103,1,12,0,decode_mtp_process,-1,0,0,0,0,0,0,0,0,0,0,0,0,0,0,0,0,0,0,0,0,,651,17,0,0,6,0,0,0,0,0,0,0,0
layer,104,1,13,353,decode_mtp_draft,40,8,6,2,2021,1201,877,255,1,0,1,2200,11,19,0,0,0,0,0,0,45,lru,0,0,0,0,0,0,8,6,8,0,2,0,1
request,104,1,13,0,decode_mtp_draft,-1,0,0,0,0,0,0,0,0,0,0,0,0,0,0,0,0,0,0,0,0,,3718,26,0,0,6,0,0,0,0,0,0,0,0
layer,105,1,13,356,decode_target,0,15,10,5,5204,3000,242,610,2,0,2,5569,10,10,0,0,0,0,0,0,45,lru,0,0,0,0,0,0,16,11,16,0,5,0,1
layer,105,1,13,356,decode_target,1,13,10,3,2971,1720,223,462,2,0,2,3225,9,15,0,0,0,0,0,0,45,lru,0,0,0,0,0,0,16,13,16,0,3,0,1
layer,105,1,13,356,decode_target,2,11,10,1,915,575,187,244,2,0,2,1095,8,19,0,0,0,0,0,0,45,lru,0,0,0,0,0,0,16,15,16,0,1,0,1
layer,105,1,13,356,decode_target,3,14,11,3,2930,1696,223,406,2,0,2,3230,8,17,0,0,0,0,0,0,45,lru,0,0,0,0,0,0,16,13,16,0,3,0,1
layer,105,1,13,356,decode_target,4,10,10,0,0,0,228,0,0,0,0,21,8,2,0,0,0,0,0,0,45,lru,0,0,0,0,0,0,16,16,16,0,0,0,1
layer,105,1,13,356,decode_target,5,9,9,0,0,0,228,0,0,0,0,18,7,2,0,0,0,0,0,0,45,lru,0,0,0,0,0,0,16,16,16,0,0,0,1
layer,105,1,13,356,decode_target,6,10,9,1,933,566,185,59,2,0,2,1054,8,13,0,0,0,0,0,0,45,lru,0,0,0,0,0,0,16,15,16,0,1,0,1
layer,105,1,13,356,decode_target,7,12,12,0,0,0,238,0,0,0,0,22,8,2,0,0,0,0,0,0,45,lru,0,0,0,0,0,0,16,16,16,0,0,0,1
layer,105,1,13,356,decode_target,8,11,11,0,0,0,234,0,0,0,0,19,8,2,0,0,0,0,0,0,45,lru,0,0,0,0,0,0,16,16,16,0,0,0,1
layer,105,1,13,356,decode_target,9,11,10,1,868,553,217,107,2,0,2,1042,7,24,0,0,0,0,0,0,45,lru,0,0,0,0,0,0,16,15,16,0,1,0,0
layer,105,1,13,356,decode_target,10,13,12,1,874,567,207,35,2,0,2,1132,8,33,0,0,0,0,0,0,45,lru,0,0,0,0,0,0,16,15,16,0,1,0,1
layer,105,1,13,356,decode_target,11,13,13,0,0,0,239,0,0,0,0,21,8,2,0,0,0,0,0,0,45,lru,0,0,0,0,0,0,16,16,16,0,0,0,1
layer,105,1,13,356,decode_target,12,11,11,0,0,0,232,0,0,0,0,19,8,2,0,0,0,0,0,0,45,lru,0,0,0,0,0,0,16,16,16,0,0,0,1
layer,105,1,13,356,decode_target,13,11,11,0,0,0,237,0,0,0,0,18,8,2,0,0,0,0,0,0,45,lru,0,0,0,0,0,0,16,16,16,0,0,0,1
layer,105,1,13,356,decode_target,14,10,10,0,0,0,198,0,0,0,0,17,7,2,0,0,0,0,0,0,45,lru,0,0,0,0,0,0,16,16,16,0,0,0,0
layer,105,1,13,356,decode_target,15,11,10,1,920,557,212,132,2,0,2,1134,8,30,0,0,0,0,0,0,45,lru,0,0,0,0,0,0,16,15,16,0,1,0,0
layer,105,1,13,356,decode_target,16,12,12,0,0,0,237,0,0,0,0,22,9,2,0,0,0,0,0,0,45,lru,0,0,0,0,0,0,16,16,16,0,0,0,1
layer,105,1,13,356,decode_target,17,11,11,0,0,0,235,0,0,0,0,18,8,1,0,0,0,0,0,0,45,lru,0,0,0,0,0,0,16,16,16,0,0,0,1
layer,105,1,13,356,decode_target,18,11,11,0,0,0,207,0,0,0,0,18,8,2,0,0,0,0,0,0,45,lru,0,0,0,0,0,0,16,16,16,0,0,0,0
layer,105,1,13,356,decode_target,19,12,11,1,894,574,216,155,1,0,1,1057,7,24,0,0,0,0,0,0,45,lru,0,0,0,0,0,0,16,15,16,0,1,0,1
layer,105,1,13,356,decode_target,20,12,12,0,0,0,239,0,0,0,0,21,9,2,0,0,0,0,0,0,45,lru,0,0,0,0,0,0,16,16,16,0,0,0,1
layer,105,1,13,356,decode_target,21,12,12,0,0,0,241,0,0,0,0,18,8,2,0,0,0,0,0,0,45,lru,0,0,0,0,0,0,16,16,16,0,0,0,0
layer,105,1,13,356,decode_target,22,11,10,1,879,575,190,159,1,0,1,1090,8,23,0,0,0,0,0,0,45,lru,0,0,0,0,0,0,16,15,16,0,1,0,1
layer,105,1,13,356,decode_target,23,13,13,0,0,0,242,0,0,0,0,21,9,2,0,0,0,0,0,0,45,lru,0,0,0,0,0,0,16,16,16,0,0,0,1
layer,105,1,13,356,decode_target,24,11,10,1,864,548,210,158,1,0,1,1047,8,26,0,0,0,0,0,0,45,lru,0,0,0,0,0,0,16,15,16,0,1,0,1
layer,105,1,13,356,decode_target,25,11,11,0,0,0,235,0,0,0,0,20,8,2,0,0,0,0,0,0,45,lru,0,0,0,0,0,0,16,16,16,0,0,0,1
layer,105,1,13,356,decode_target,26,12,12,0,0,0,210,0,0,0,0,19,8,2,0,0,0,0,0,0,45,lru,0,0,0,0,0,0,16,16,16,0,0,0,1
layer,105,1,13,356,decode_target,27,12,11,1,885,556,216,276,1,0,1,1080,7,30,0,0,0,0,0,0,45,lru,0,0,0,0,0,0,16,15,16,0,1,0,1
layer,105,1,13,356,decode_target,28,11,11,0,0,0,235,0,0,0,0,20,8,2,0,0,0,0,0,0,45,lru,0,0,0,0,0,0,16,16,16,0,0,0,1
layer,105,1,13,356,decode_target,29,11,11,0,0,0,237,0,0,0,0,18,8,2,0,0,0,0,0,0,45,lru,0,0,0,0,0,0,16,16,16,0,0,0,0
layer,105,1,13,356,decode_target,30,11,11,0,0,0,204,0,0,0,0,18,7,2,0,0,0,0,0,0,45,lru,0,0,0,0,0,0,16,16,16,0,0,0,1
layer,105,1,13,356,decode_target,31,12,11,1,931,543,217,113,1,0,1,1098,8,24,0,0,0,0,0,0,45,lru,0,0,0,0,0,0,16,15,16,0,1,0,1
layer,105,1,13,356,decode_target,32,11,11,0,0,0,235,0,0,0,0,20,8,2,0,0,0,0,0,0,45,lru,0,0,0,0,0,0,16,16,16,0,0,0,1
layer,105,1,13,356,decode_target,33,11,11,0,0,0,236,0,0,0,0,18,8,2,0,0,0,0,0,0,45,lru,0,0,0,0,0,0,16,16,16,0,0,0,1
layer,105,1,13,356,decode_target,34,10,10,0,0,0,204,0,0,0,0,18,8,2,0,0,0,0,0,0,45,lru,0,0,0,0,0,0,16,16,16,0,0,0,0
layer,105,1,13,356,decode_target,35,10,9,1,1156,550,208,364,1,0,1,1470,8,44,0,0,0,0,0,0,45,lru,0,0,0,0,0,0,16,15,16,0,1,0,0
layer,105,1,13,356,decode_target,36,10,10,0,0,0,232,0,0,0,0,23,9,2,0,0,0,0,0,0,45,lru,0,0,0,0,0,0,16,16,16,0,0,0,1
layer,105,1,13,356,decode_target,37,12,12,0,0,0,245,0,0,0,0,19,8,2,0,0,0,0,0,0,45,lru,0,0,0,0,0,0,16,16,16,0,0,0,1
layer,105,1,13,356,decode_target,38,11,10,1,870,586,190,161,1,0,1,1087,7,24,0,0,0,0,0,0,45,lru,0,0,0,0,0,0,16,15,16,0,1,0,1
layer,105,1,13,356,decode_target,39,11,10,1,835,557,943,140,1,0,1,1020,8,36,0,0,0,0,0,0,45,lru,0,0,0,0,0,0,16,15,16,0,1,0,1
request,105,1,13,0,decode_target,-1,0,0,0,0,0,0,0,0,0,0,0,0,0,0,0,0,0,0,0,0,,38700,318,0,0,21,0,0,0,0,0,0,0,0
layer,106,1,13,356,decode_mtp_process,40,14,14,0,0,0,150,0,0,0,0,25,11,2,0,0,0,0,0,0,45,lru,0,0,0,0,0,0,16,16,16,0,0,0,1
request,106,1,13,0,decode_mtp_process,-1,0,0,0,0,0,0,0,0,0,0,0,0,0,0,0,0,0,0,0,0,,685,17,0,0,5,0,0,0,0,0,0,0,0
layer,107,1,14,356,decode_mtp_draft,40,8,7,1,910,547,869,122,1,0,1,1112,10,18,0,0,0,0,0,0,45,lru,0,0,0,0,0,0,8,7,8,0,1,0,1
request,107,1,14,0,decode_mtp_draft,-1,0,0,0,0,0,0,0,0,0,0,0,0,0,0,0,0,0,0,0,0,,2480,23,0,0,6,0,0,0,0,0,0,0,0
layer,108,1,14,359,decode_target,0,14,12,2,1910,1119,237,232,2,0,2,2170,10,26,0,0,0,0,0,0,45,lru,0,0,0,0,0,0,16,14,16,0,2,0,1
layer,108,1,14,359,decode_target,1,10,10,0,0,0,231,0,0,0,0,22,8,2,0,0,0,0,0,0,45,lru,0,0,0,0,0,0,16,16,16,0,0,0,1
layer,108,1,14,359,decode_target,2,13,11,2,1924,1097,200,192,2,0,2,2173,8,18,0,0,0,0,0,0,45,lru,0,0,0,0,0,0,16,14,16,0,2,0,1
layer,108,1,14,359,decode_target,3,14,13,1,929,577,223,120,2,0,2,1047,9,11,0,0,0,0,0,0,45,lru,0,0,0,0,0,0,16,15,16,0,1,0,1
layer,108,1,14,359,decode_target,4,10,10,0,0,0,228,0,0,0,0,21,8,2,0,0,0,0,0,0,45,lru,0,0,0,0,0,0,16,16,16,0,0,0,1
layer,108,1,14,359,decode_target,5,11,10,1,873,593,217,214,2,0,2,1058,7,31,0,0,0,0,0,0,45,lru,0,0,0,0,0,0,16,15,16,0,1,0,1
layer,108,1,14,359,decode_target,6,12,12,0,0,0,210,0,0,0,0,22,8,2,0,0,0,0,0,0,45,lru,0,0,0,0,0,0,16,16,16,0,0,0,1
layer,108,1,14,359,decode_target,7,12,11,1,935,536,215,119,2,0,2,1131,8,33,0,0,0,0,0,0,45,lru,0,0,0,0,0,0,16,15,16,0,1,0,1
layer,108,1,14,359,decode_target,8,10,10,0,0,0,229,0,0,0,0,20,8,2,0,0,0,0,0,0,45,lru,0,0,0,0,0,0,16,16,16,0,0,0,1
layer,108,1,14,359,decode_target,9,13,13,0,0,0,247,0,0,0,0,19,8,2,0,0,0,0,0,0,45,lru,0,0,0,0,0,0,16,16,16,0,0,0,1
layer,108,1,14,359,decode_target,10,10,10,0,0,0,197,0,0,0,0,17,7,2,0,0,0,0,0,0,45,lru,0,0,0,0,0,0,16,16,16,0,0,0,1
layer,108,1,14,359,decode_target,11,13,13,0,0,0,244,0,0,0,0,18,8,2,0,0,0,0,0,0,45,lru,0,0,0,0,0,0,16,16,16,0,0,0,0
layer,108,1,14,359,decode_target,12,12,11,1,897,538,217,236,2,0,2,1164,9,31,0,0,0,0,0,0,45,lru,0,0,0,0,0,0,16,15,16,0,1,0,1
layer,108,1,14,359,decode_target,13,11,11,0,0,0,235,0,0,0,0,22,8,2,0,0,0,0,0,0,45,lru,0,0,0,0,0,0,16,16,16,0,0,0,1
layer,108,1,14,359,decode_target,14,11,10,1,908,579,190,199,2,0,2,1110,8,26,0,0,0,0,0,0,45,lru,0,0,0,0,0,0,16,15,16,0,1,0,0
layer,108,1,14,359,decode_target,15,11,11,0,0,0,233,0,0,0,0,21,8,2,0,0,0,0,0,0,45,lru,0,0,0,0,0,0,16,16,16,0,0,0,0
layer,108,1,14,359,decode_target,16,12,12,0,0,0,238,0,0,0,0,19,8,2,0,0,0,0,0,0,45,lru,0,0,0,0,0,0,16,16,16,0,0,0,0
layer,108,1,14,359,decode_target,17,11,10,1,877,558,215,129,2,0,2,1075,8,26,0,0,0,0,0,0,45,lru,0,0,0,0,0,0,16,15,16,0,1,0,0
layer,108,1,14,359,decode_target,18,11,11,0,0,0,217,0,0,0,0,21,9,2,0,0,0,0,0,0,45,lru,0,0,0,0,0,0,16,16,16,0,0,0,1
layer,108,1,14,359,decode_target,19,13,12,1,878,552,220,128,1,0,1,1034,8,19,0,0,0,0,0,0,45,lru,0,0,0,0,0,0,16,15,16,0,1,0,0
layer,108,1,14,359,decode_target,20,12,12,0,0,0,239,0,0,0,0,21,8,2,0,0,0,0,0,0,45,lru,0,0,0,0,0,0,16,16,16,0,0,0,1
layer,108,1,14,359,decode_target,21,14,11,3,3079,1708,228,371,1,0,1,3318,8,12,0,0,0,0,0,0,45,lru,0,0,0,0,0,0,16,13,16,0,3,0,1
layer,108,1,14,359,decode_target,22,13,13,0,0,0,215,0,0,0,0,21,8,2,0,0,0,0,0,0,45,lru,0,0,0,0,0,0,16,16,16,0,0,0,1
layer,108,1,14,359,decode_target,23,13,13,0,0,0,240,0,0,0,0,18,8,2,0,0,0,0,0,0,45,lru,0,0,0,0,0,0,16,16,16,0,0,0,1
layer,108,1,14,359,decode_target,24,12,11,1,868,571,215,201,1,0,1,1005,8,12,0,0,0,0,0,0,45,lru,0,0,0,0,0,0,16,15,16,0,1,0,1
layer,108,1,14,359,decode_target,25,11,10,1,838,564,217,113,1,0,1,1063,8,19,0,0,0,0,0,0,45,lru,0,0,0,0,0,0,16,15,16,0,1,0,1
layer,108,1,14,359,decode_target,26,12,12,0,0,0,209,0,0,0,0,20,8,2,0,0,0,0,0,0,45,lru,0,0,0,0,0,0,16,16,16,0,0,0,1
layer,108,1,14,359,decode_target,27,11,11,0,0,0,233,0,0,0,0,18,8,2,0,0,0,0,0,0,45,lru,0,0,0,0,0,0,16,16,16,0,0,0,1
layer,108,1,14,359,decode_target,28,10,10,0,0,0,229,0,0,0,0,18,8,2,0,0,0,0,0,0,45,lru,0,0,0,0,0,0,16,16,16,0,0,0,1
layer,108,1,14,359,decode_target,29,11,10,1,886,562,216,172,1,0,1,1079,7,27,0,0,0,0,0,0,45,lru,0,0,0,0,0,0,16,15,16,0,1,0,1
layer,108,1,14,359,decode_target,30,10,9,1,905,546,184,111,1,0,1,1094,8,19,0,0,0,0,0,0,45,lru,0,0,0,0,0,0,16,15,16,0,1,0,1
layer,108,1,14,359,decode_target,31,12,12,0,0,0,239,0,0,0,0,20,8,2,0,0,0,0,0,0,45,lru,0,0,0,0,0,0,16,16,16,0,0,0,1
layer,108,1,14,359,decode_target,32,11,11,0,0,0,236,0,0,0,0,18,8,2,0,0,0,0,0,0,45,lru,0,0,0,0,0,0,16,16,16,0,0,0,1
layer,108,1,14,359,decode_target,33,10,10,0,0,0,231,0,0,0,0,17,7,2,0,0,0,0,0,0,45,lru,0,0,0,0,0,0,16,16,16,0,0,0,0
layer,108,1,14,359,decode_target,34,10,10,0,0,0,203,0,0,0,0,18,8,2,0,0,0,0,0,0,45,lru,0,0,0,0,0,0,16,16,16,0,0,0,1
layer,108,1,14,359,decode_target,35,10,10,0,0,0,234,0,0,0,0,17,7,2,0,0,0,0,0,0,45,lru,0,0,0,0,0,0,16,16,16,0,0,0,0
layer,108,1,14,359,decode_target,36,10,10,0,0,0,230,0,0,0,0,18,8,2,0,0,0,0,0,0,45,lru,0,0,0,0,0,0,16,16,16,0,0,0,0
layer,108,1,14,359,decode_target,37,9,9,0,0,0,232,0,0,0,0,17,7,2,0,0,0,0,0,0,45,lru,0,0,0,0,0,0,16,16,16,0,0,0,0
layer,108,1,14,359,decode_target,38,12,12,0,0,0,216,0,0,0,0,17,7,2,0,0,0,0,0,0,45,lru,0,0,0,0,0,0,16,16,16,0,0,0,0
layer,108,1,14,359,decode_target,39,10,9,1,863,571,935,29,1,0,1,1071,7,30,0,0,0,0,0,0,45,lru,0,0,0,0,0,0,16,15,16,0,1,0,1
request,108,1,14,0,decode_target,-1,0,0,0,0,0,0,0,0,0,0,0,0,0,0,0,0,0,0,0,0,,32743,291,0,0,18,0,0,0,0,0,0,0,0
layer,109,1,14,359,decode_mtp_process,40,14,14,0,0,0,149,0,0,0,0,25,11,2,0,0,0,0,0,0,45,lru,0,0,0,0,0,0,16,16,16,0,0,0,1
request,109,1,14,0,decode_mtp_process,-1,0,0,0,0,0,0,0,0,0,0,0,0,0,0,0,0,0,0,0,0,,674,24,0,0,12,0,0,0,0,0,0,0,0
layer,110,1,16,359,decode_mtp_draft,40,8,7,1,976,545,868,109,1,0,1,1167,11,24,0,0,0,0,0,0,45,lru,0,0,0,0,0,0,8,7,8,0,1,0,1
request,110,1,16,0,decode_mtp_draft,-1,0,0,0,0,0,0,0,0,0,0,0,0,0,0,0,0,0,0,0,0,,2561,24,0,0,7,0,0,0,0,0,0,0,0
layer,111,1,16,362,decode_target,0,16,8,8,8886,4809,248,866,2,0,2,9560,10,19,0,0,0,0,0,0,45,lru,0,0,0,0,0,0,16,8,16,0,8,0,2
layer,111,1,16,362,decode_target,1,12,10,2,2043,1206,220,257,2,0,2,2270,9,20,0,0,0,0,0,0,45,lru,0,0,0,0,0,0,16,14,16,0,2,0,1
layer,111,1,16,362,decode_target,2,13,10,3,3150,1757,201,305,3,0,3,3499,9,28,0,0,0,0,0,0,45,lru,0,0,0,0,0,0,16,13,16,0,3,0,1
layer,111,1,16,362,decode_target,3,14,12,2,1994,1105,220,310,2,0,2,2253,9,24,0,0,0,0,0,0,45,lru,0,0,0,0,0,0,16,14,16,0,2,0,1
layer,111,1,16,362,decode_target,4,11,11,0,0,0,231,0,0,0,0,22,8,2,0,0,0,0,0,0,45,lru,0,0,0,0,0,0,16,16,16,0,0,0,1
layer,111,1,16,362,decode_target,5,12,11,1,922,582,223,71,2,0,2,1036,8,11,0,0,0,0,0,0,45,lru,0,0,0,0,0,0,16,15,16,0,1,0,0
layer,111,1,16,362,decode_target,6,13,13,0,0,0,216,0,0,0,0,21,8,2,0,0,0,0,0,0,45,lru,0,0,0,0,0,0,16,16,16,0,0,0,1
layer,111,1,16,362,decode_target,7,11,11,0,0,0,230,0,0,0,0,19,8,2,0,0,0,0,0,0,45,lru,0,0,0,0,0,0,16,16,16,0,0,0,1
layer,111,1,16,362,decode_target,8,13,11,2,1987,1149,224,314,3,0,3,2200,8,21,0,0,0,0,0,0,45,lru,0,0,0,0,0,0,16,14,16,0,2,0,1
layer,111,1,16,362,decode_target,9,13,13,0,0,0,246,0,0,0,0,21,8,2,0,0,0,0,0,0,45,lru,0,0,0,0,0,0,16,16,16,0,0,0,1
layer,111,1,16,362,decode_target,10,14,13,1,905,593,205,84,2,0,2,1038,8,13,0,0,0,0,0,0,45,lru,0,0,0,0,0,0,16,15,16,0,1,0,0
layer,111,1,16,362,decode_target,11,14,12,2,1895,1128,221,313,3,0,3,2154,8,16,0,0,0,0,0,0,45,lru,0,0,0,0,0,0,16,14,16,0,2,0,1
layer,111,1,16,362,decode_target,12,14,8,6,6562,3585,227,839,2,0,2,7061,8,23,0,0,0,0,0,0,45,lru,0,0,0,0,0,0,16,10,16,0,6,0,1
layer,111,1,16,362,decode_target,13,13,10,3,3129,1817,220,530,3,0,3,3412,9,13,0,0,0,0,0,0,45,lru,0,0,0,0,0,0,16,12,16,0,3,0,1
layer,111,1,16,362,decode_target,14,12,10,2,1938,1219,193,294,3,0,3,2199,9,19,0,0,0,0,0,0,45,lru,0,0,0,0,0,0,16,14,16,0,2,0,1
layer,111,1,16,362,decode_target,15,14,12,2,1960,1163,225,336,3,0,3,2249,8,31,0,0,0,0,0,0,45,lru,0,0,0,0,0,0,16,14,16,0,2,0,1
layer,111,1,16,362,decode_target,16,12,10,2,1933,1184,218,307,3,0,3,2171,8,30,0,0,0,0,0,0,45,lru,0,0,0,0,0,0,16,14,16,0,2,0,1
layer,111,1,16,362,decode_target,17,13,12,1,910,598,225,193,1,0,1,1060,8,22,0,0,0,0,0,0,45,lru,0,0,0,0,0,0,16,15,16,0,1,0,1
layer,111,1,16,362,decode_target,18,11,10,1,890,594,187,175,1,0,1,1108,8,25,0,0,0,0,0,0,45,lru,0,0,0,0,0,0,16,15,16,0,1,0,4
layer,111,1,16,362,decode_target,19,12,12,0,0,0,237,0,0,0,0,20,8,2,0,0,0,0,0,0,45,lru,0,0,0,0,0,0,16,16,16,0,0,0,1
layer,111,1,16,362,decode_target,20,14,10,4,3985,2372,226,688,1,0,1,4437,8,16,0,0,0,0,0,0,45,lru,0,0,0,0,0,0,16,11,16,0,4,0,1
layer,111,1,16,362,decode_target,21,12,10,2,1851,1139,219,181,2,0,2,2067,8,27,0,0,0,0,0,0,45,lru,0,0,0,0,0,0,16,14,16,0,2,0,1
layer,111,1,16,362,decode_target,22,13,11,2,1832,1159,199,298,2,0,2,2083,8,19,0,0,0,0,0,0,45,lru,0,0,0,0,0,0,16,14,16,0,2,0,1
layer,111,1,16,362,decode_target,23,14,13,1,865,563,222,198,1,0,1,1100,8,30,0,0,0,0,0,0,45,lru,0,0,0,0,0,0,16,15,16,0,1,0,1
layer,111,1,16,362,decode_target,24,12,12,0,0,0,237,0,0,0,0,21,8,2,0,0,0,0,0,0,45,lru,0,0,0,0,0,0,16,16,16,0,0,0,1
layer,111,1,16,362,decode_target,25,13,11,2,1849,1087,224,236,2,0,2,2069,8,16,0,0,0,0,0,0,45,lru,0,0,0,0,0,0,16,14,16,0,2,0,1
layer,111,1,16,362,decode_target,26,11,11,0,0,0,202,0,0,0,0,20,8,2,0,0,0,0,0,0,45,lru,0,0,0,0,0,0,16,16,16,0,0,0,1
layer,111,1,16,362,decode_target,27,13,9,4,4049,2363,219,589,2,0,2,4429,8,18,0,0,0,0,0,0,45,lru,0,0,0,0,0,0,16,12,16,0,4,0,1
layer,111,1,16,362,decode_target,28,12,11,1,932,561,217,169,1,0,1,1147,8,25,0,0,0,0,0,0,45,lru,0,0,0,0,0,0,16,15,16,0,1,0,1
layer,111,1,16,362,decode_target,29,13,13,0,0,0,248,0,0,0,0,21,8,2,0,0,0,0,0,0,45,lru,0,0,0,0,0,0,16,16,16,0,0,0,1
layer,111,1,16,362,decode_target,30,13,13,0,0,0,214,0,0,0,0,19,8,2,0,0,0,0,0,0,45,lru,0,0,0,0,0,0,16,16,16,0,0,0,1
layer,111,1,16,362,decode_target,31,12,12,0,0,0,237,0,0,0,0,19,8,2,0,0,0,0,0,0,45,lru,0,0,0,0,0,0,16,16,16,0,0,0,1
layer,111,1,16,362,decode_target,32,13,12,1,967,593,222,110,1,0,1,1150,8,27,0,0,0,0,0,0,45,lru,0,0,0,0,0,0,16,15,16,0,1,0,1
layer,111,1,16,362,decode_target,33,11,11,0,0,0,235,0,0,0,0,20,8,2,0,0,0,0,0,0,45,lru,0,0,0,0,0,0,16,16,16,0,0,0,1
layer,111,1,16,362,decode_target,34,11,11,0,0,0,207,0,0,0,0,19,8,2,0,0,0,0,0,0,45,lru,0,0,0,0,0,0,16,16,16,0,0,0,1
layer,111,1,16,362,decode_target,35,10,9,1,873,584,205,282,1,0,1,1100,8,30,0,0,0,0,0,0,45,lru,0,0,0,0,0,0,16,15,16,0,1,0,1
layer,111,1,16,362,decode_target,36,12,12,0,0,0,243,0,0,0,0,20,8,2,0,0,0,0,0,0,45,lru,0,0,0,0,0,0,16,16,16,0,0,0,1
layer,111,1,16,362,decode_target,37,11,10,1,893,566,214,49,1,0,1,1032,8,15,0,0,0,0,0,0,45,lru,0,0,0,0,0,0,16,15,16,0,1,0,1
layer,111,1,16,362,decode_target,38,12,11,1,872,567,197,109,1,0,1,1098,8,31,0,0,0,0,0,0,45,lru,0,0,0,0,0,0,16,15,16,0,1,0,1
layer,111,1,16,362,decode_target,39,11,11,0,0,0,948,0,0,0,0,20,8,2,0,0,0,0,0,0,45,lru,0,0,0,0,0,0,16,16,16,0,0,0,1
request,111,1,16,0,decode_target,-1,0,0,0,0,0,0,0,0,0,0,0,0,0,0,0,0,0,0,0,0,,78853,467,0,0,17,0,0,0,0,0,0,0,0
layer,112,1,16,362,decode_mtp_process,40,13,13,0,0,0,145,0,0,0,0,26,11,3,0,0,0,0,0,0,45,lru,0,0,0,0,0,0,16,16,16,0,0,0,1
request,112,1,16,0,decode_mtp_process,-1,0,0,0,0,0,0,0,0,0,0,0,0,0,0,0,0,0,0,0,0,,660,18,0,0,6,0,0,0,0,0,0,0,0
layer,113,1,17,362,decode_mtp_draft,40,8,8,0,0,0,897,0,0,0,0,23,11,2,0,0,0,0,0,0,45,lru,0,0,0,0,0,0,8,8,8,0,0,0,1
request,113,1,17,0,decode_mtp_draft,-1,0,0,0,0,0,0,0,0,0,0,0,0,0,0,0,0,0,0,0,0,,1344,20,0,0,7,0,0,0,0,0,0,0,0
layer,114,1,17,365,decode_target,0,15,13,2,2120,1136,243,120,2,0,2,2325,10,13,0,0,0,0,0,0,45,lru,0,0,0,0,0,0,16,14,16,0,2,0,1
layer,114,1,17,365,decode_target,1,11,11,0,0,0,237,0,0,0,0,22,9,2,0,0,0,0,0,0,45,lru,0,0,0,0,0,0,16,16,16,0,0,0,1
layer,114,1,17,365,decode_target,2,11,11,0,0,0,207,0,0,0,0,20,8,2,0,0,0,0,0,0,45,lru,0,0,0,0,0,0,16,16,16,0,0,0,1
layer,114,1,17,365,decode_target,3,12,12,0,0,0,236,0,0,0,0,20,8,2,0,0,0,0,0,0,45,lru,0,0,0,0,0,0,16,16,16,0,0,0,1
layer,114,1,17,365,decode_target,4,12,11,1,906,601,218,125,2,0,2,1040,7,8,0,0,0,0,0,0,45,lru,0,0,0,0,0,0,16,15,16,0,1,0,1
layer,114,1,17,365,decode_target,5,14,13,1,887,553,232,114,2,0,2,1056,8,19,0,0,0,0,0,0,45,lru,0,0,0,0,0,0,16,15,16,0,1,0,1
layer,114,1,17,365,decode_target,6,12,11,1,929,573,193,237,2,0,2,1133,8,21,0,0,0,0,0,0,45,lru,0,0,0,0,0,0,16,15,16,0,1,0,1
layer,114,1,17,365,decode_target,7,11,10,1,915,572,209,84,2,0,2,1018,8,8,0,0,0,0,0,0,45,lru,0,0,0,0,0,0,16,15,16,0,1,0,1
layer,114,1,17,365,decode_target,8,12,12,0,0,0,240,0,0,0,0,21,8,2,0,0,0,0,0,0,45,lru,0,0,0,0,0,0,16,16,16,0,0,0,1
layer,114,1,17,365,decode_target,9,12,10,2,1976,1162,220,226,2,0,2,2203,8,21,0,0,0,0,0,0,45,lru,0,0,0,0,0,0,16,14,16,0,2,0,1
layer,114,1,17,365,decode_target,10,13,11,2,1887,1202,200,246,2,0,2,2082,8,7,0,0,0,0,0,0,45,lru,0,0,0,0,0,0,16,14,16,0,2,0,1
layer,114,1,17,365,decode_target,11,14,11,3,2945,1750,221,467,2,0,2,3284,8,11,0,0,0,0,0,0,45,lru,0,0,0,0,0,0,16,13,16,0,3,0,1
layer,114,1,17,365,decode_target,12,15,11,4,4039,2341,233,562,2,0,2,4452,8,19,0,0,0,0,0,0,45,lru,0,0,0,0,0,0,16,12,16,0,4,0,1
layer,114,1,17,365,decode_target,13,13,13,0,0,0,245,0,0,0,0,22,8,2,0,0,0,0,0,0,45,lru,0,0,0,0,0,0,16,16,16,0,0,0,1
layer,114,1,17,365,decode_target,14,12,12,0,0,0,208,0,0,0,0,20,7,2,0,0,0,0,0,0,45,lru,0,0,0,0,0,0,16,16,16,0,0,0,1
layer,114,1,17,365,decode_target,15,13,12,1,924,563,222,101,2,0,2,1108,8,24,0,0,0,0,0,0,45,lru,0,0,0,0,0,0,16,15,16,0,1,0,1
layer,114,1,17,365,decode_target,16,14,14,0,0,0,249,0,0,0,0,22,8,2,0,0,0,0,0,0,45,lru,0,0,0,0,0,0,16,16,16,0,0,0,1
layer,114,1,17,365,decode_target,17,11,11,0,0,0,233,0,0,0,0,18,7,2,0,0,0,0,0,0,45,lru,0,0,0,0,0,0,16,16,16,0,0,0,1
layer,114,1,17,365,decode_target,18,13,12,1,917,574,201,192,2,0,2,1081,7,20,0,0,0,0,0,0,45,lru,0,0,0,0,0,0,16,15,16,0,1,0,0
layer,114,1,17,365,decode_target,19,12,11,1,865,595,214,167,1,0,1,1035,8,26,0,0,0,0,0,0,45,lru,0,0,0,0,0,0,16,15,16,0,1,0,1
layer,114,1,17,365,decode_target,20,13,11,2,1898,1211,222,333,2,0,2,2090,8,9,0,0,0,0,0,0,45,lru,0,0,0,0,0,0,16,14,16,0,2,0,1
layer,114,1,17,365,decode_target,21,12,11,1,883,574,220,184,1,0,1,1112,8,20,0,0,0,0,0,0,45,lru,0,0,0,0,0,0,16,15,16,0,1,0,1
layer,114,1,17,365,decode_target,22,14,14,0,0,0,222,0,0,0,0,22,8,2,0,0,0,0,0,0,45,lru,0,0,0,0,0,0,16,16,16,0,0,0,1
layer,114,1,17,365,decode_target,23,13,11,2,1922,1156,217,228,1,0,1,2092,8,12,0,0,0,0,0,0,45,lru,0,0,0,0,0,0,16,14,16,0,2,0,1
layer,114,1,17,365,decode_target,24,12,12,0,0,0,236,0,0,0,0,20,8,2,0,0,0,0,0,0,45,lru,0,0,0,0,0,0,16,16,16,0,0,0,1
layer,114,1,17,365,decode_target,25,12,12,0,0,0,241,0,0,0,0,18,8,2,0,0,0,0,0,0,45,lru,0,0,0,0,0,0,16,16,16,0,0,0,1
layer,114,1,17,365,decode_target,26,12,10,2,1939,1153,193,201,2,0,2,2134,8,12,0,0,0,0,0,0,45,lru,0,0,0,0,0,0,16,14,16,0,2,0,0
layer,114,1,17,365,decode_target,27,13,12,1,881,581,221,96,1,0,1,1078,8,22,0,0,0,0,0,0,45,lru,0,0,0,0,0,0,16,15,16,0,1,0,1
layer,114,1,17,365,decode_target,28,11,11,0,0,0,235,0,0,0,0,20,8,2,0,0,0,0,0,0,45,lru,0,0,0,0,0,0,16,16,16,0,0,0,1
layer,114,1,17,365,decode_target,29,11,11,0,0,0,234,0,0,0,0,18,7,2,0,0,0,0,0,0,45,lru,0,0,0,0,0,0,16,16,16,0,0,0,1
layer,114,1,17,365,decode_target,30,10,10,0,0,0,201,0,0,0,0,18,7,2,0,0,0,0,0,0,45,lru,0,0,0,0,0,0,16,16,16,0,0,0,1
layer,114,1,17,365,decode_target,31,12,12,0,0,0,239,0,0,0,0,18,8,2,0,0,0,0,0,0,45,lru,0,0,0,0,0,0,16,16,16,0,0,0,1
layer,114,1,17,365,decode_target,32,12,12,0,0,0,239,0,0,0,0,18,7,2,0,0,0,0,0,0,45,lru,0,0,0,0,0,0,16,16,16,0,0,0,1
layer,114,1,17,365,decode_target,33,11,10,1,882,581,215,62,1,0,1,996,7,14,0,0,0,0,0,0,45,lru,0,0,0,0,0,0,16,15,16,0,1,0,1
layer,114,1,17,365,decode_target,34,10,10,0,0,0,210,0,0,0,0,22,8,3,0,0,0,0,0,0,45,lru,0,0,0,0,0,0,16,16,16,0,0,0,1
layer,114,1,17,365,decode_target,35,11,11,0,0,0,236,0,0,0,0,22,9,2,0,0,0,0,0,0,45,lru,0,0,0,0,0,0,16,16,16,0,0,0,1
layer,114,1,17,365,decode_target,36,10,10,0,0,0,233,0,0,0,0,18,8,2,0,0,0,0,0,0,45,lru,0,0,0,0,0,0,16,16,16,0,0,0,0
layer,114,1,17,365,decode_target,37,10,10,0,0,0,235,0,0,0,0,17,7,2,0,0,0,0,0,0,45,lru,0,0,0,0,0,0,16,16,16,0,0,0,0
layer,114,1,17,365,decode_target,38,11,10,1,889,567,190,66,1,0,1,998,7,15,0,0,0,0,0,0,45,lru,0,0,0,0,0,0,16,15,16,0,1,0,1
layer,114,1,17,365,decode_target,39,11,11,0,0,0,951,0,0,0,0,20,8,2,0,0,0,0,0,0,45,lru,0,0,0,0,0,0,16,16,16,0,0,0,1
request,114,1,17,0,decode_target,-1,0,0,0,0,0,0,0,0,0,0,0,0,0,0,0,0,0,0,0,0,,45817,342,0,0,19,0,0,0,0,0,0,0,0
layer,115,1,17,365,decode_mtp_process,40,13,13,0,0,0,157,0,0,0,0,25,11,2,0,0,0,0,0,0,45,lru,0,0,0,0,0,0,16,16,16,0,0,0,1
request,115,1,17,0,decode_mtp_process,-1,0,0,0,0,0,0,0,0,0,0,0,0,0,0,0,0,0,0,0,0,,666,18,0,0,6,0,0,0,0,0,0,0,0
layer,116,1,19,365,decode_mtp_draft,40,8,8,0,0,0,893,0,0,0,0,23,11,2,0,0,0,0,0,0,45,lru,0,0,0,0,0,0,8,8,8,0,0,0,1
request,116,1,19,0,decode_mtp_draft,-1,0,0,0,0,0,0,0,0,0,0,0,0,0,0,0,0,0,0,0,0,,1346,20,0,0,6,0,0,0,0,0,0,0,0
layer,117,1,19,368,decode_target,0,16,11,5,5412,2968,249,538,2,0,2,5786,10,25,0,0,0,0,0,0,45,lru,0,0,0,0,0,0,16,11,16,0,5,0,1
layer,117,1,19,368,decode_target,1,13,13,0,0,0,244,0,0,0,0,24,9,2,0,0,0,0,0,0,45,lru,0,0,0,0,0,0,16,16,16,0,0,0,1
layer,117,1,19,368,decode_target,2,10,10,0,0,0,201,0,0,0,0,18,8,1,0,0,0,0,0,0,45,lru,0,0,0,0,0,0,16,16,16,0,0,0,1
layer,117,1,19,368,decode_target,3,14,13,1,978,591,225,61,2,0,2,1097,7,17,0,0,0,0,0,0,45,lru,0,0,0,0,0,0,16,15,16,0,1,0,1
layer,117,1,19,368,decode_target,4,12,11,1,927,576,217,191,2,0,2,1147,8,34,0,0,0,0,0,0,45,lru,0,0,0,0,0,0,16,15,16,0,1,0,1
layer,117,1,19,368,decode_target,5,13,11,2,1982,1120,225,267,2,0,2,2237,8,25,0,0,0,0,0,0,45,lru,0,0,0,0,0,0,16,14,16,0,2,0,1
layer,117,1,19,368,decode_target,6,12,12,0,0,0,209,0,0,0,0,21,9,2,0,0,0,0,0,0,45,lru,0,0,0,0,0,0,16,16,16,0,0,0,1
layer,117,1,19,368,decode_target,7,13,13,0,0,0,240,0,0,0,0,19,8,2,0,0,0,0,0,0,45,lru,0,0,0,0,0,0,16,16,16,0,0,0,1
layer,117,1,19,368,decode_target,8,13,12,1,927,588,223,162,2,0,2,1044,8,3,0,0,0,0,0,0,45,lru,0,0,0,0,0,0,16,15,16,0,1,0,1
layer,117,1,19,368,decode_target,9,14,13,1,873,563,230,149,1,0,1,1008,8,19,0,0,0,0,0,0,45,lru,0,0,0,0,0,0,16,15,16,0,1,0,1
layer,117,1,19,368,decode_target,10,13,11,2,1808,1124,199,208,2,0,2,2131,9,27,0,0,0,0,0,0,45,lru,0,0,0,0,0,0,16,14,16,0,2,0,1
layer,117,1,19,368,decode_target,11,15,14,1,924,573,228,201,2,0,2,1123,8,29,0,0,0,0,0,0,45,lru,0,0,0,0,0,0,16,15,16,0,1,0,1
layer,117,1,19,368,decode_target,12,15,13,2,1850,1108,245,310,2,0,2,2173,9,30,0,0,0,0,0,0,45,lru,0,0,0,0,0,0,16,14,16,0,2,0,1
layer,117,1,19,368,decode_target,13,13,11,2,1836,1098,224,222,2,0,2,2096,8,31,0,0,0,0,0,0,45,lru,0,0,0,0,0,0,16,14,16,0,2,0,1
layer,117,1,19,368,decode_target,14,12,11,1,880,594,193,196,2,0,2,1020,8,19,0,0,0,0,0,0,45,lru,0,0,0,0,0,0,16,15,16,0,1,0,1
layer,117,1,19,368,decode_target,15,14,12,2,1884,1127,224,331,2,0,2,2087,9,12,0,0,0,0,0,0,45,lru,0,0,0,0,0,0,16,14,16,0,2,0,1
layer,117,1,19,368,decode_target,16,13,12,1,916,543,223,100,2,0,2,1026,8,10,0,0,0,0,0,0,45,lru,0,0,0,0,0,0,16,15,16,0,1,0,1
layer,117,1,19,368,decode_target,17,13,13,0,0,0,245,0,0,0,0,20,8,2,0,0,0,0,0,0,45,lru,0,0,0,0,0,0,16,16,16,0,0,0,1
layer,117,1,19,368,decode_target,18,13,12,1,864,560,197,186,1,0,1,1033,8,23,0,0,0,0,0,0,45,lru,0,0,0,0,0,0,16,15,16,0,1,0,1
layer,117,1,19,368,decode_target,19,13,13,0,0,0,242,0,0,0,0,21,9,2,0,0,0,0,0,0,45,lru,0,0,0,0,0,0,16,16,16,0,0,0,1
layer,117,1,19,368,decode_target,20,14,12,2,1828,1146,229,359,2,0,2,2077,8,18,0,0,0,0,0,0,45,lru,0,0,0,0,0,0,16,14,16,0,2,0,1
layer,117,1,19,368,decode_target,21,12,10,2,1829,1096,218,240,3,0,3,2090,8,18,0,0,0,0,0,0,45,lru,0,0,0,0,0,0,16,14,16,0,2,0,1
layer,117,1,19,368,decode_target,22,15,15,0,0,0,228,0,0,0,0,22,8,2,0,0,0,0,0,0,45,lru,0,0,0,0,0,0,16,16,16,0,0,0,1
layer,117,1,19,368,decode_target,23,15,14,1,872,556,227,89,1,0,1,974,8,11,0,0,0,0,0,0,45,lru,0,0,0,0,0,0,16,15,16,0,1,0,1
layer,117,1,19,368,decode_target,24,13,11,2,1813,1106,220,253,2,0,2,2059,8,31,0,0,0,0,0,0,45,lru,0,0,0,0,0,0,16,14,16,0,2,0,1
layer,117,1,19,368,decode_target,25,13,13,0,0,0,244,0,0,0,0,21,8,2,0,0,0,0,0,0,45,lru,0,0,0,0,0,0,16,16,16,0,0,0,1
layer,117,1,19,368,decode_target,26,11,11,0,0,0,204,0,0,0,0,18,8,2,0,0,0,0,0,0,45,lru,0,0,0,0,0,0,16,16,16,0,0,0,1
layer,117,1,19,368,decode_target,27,14,14,0,0,0,247,0,0,0,0,19,8,2,0,0,0,0,0,0,45,lru,0,0,0,0,0,0,16,16,16,0,0,0,1
layer,117,1,19,368,decode_target,28,13,13,0,0,0,244,0,0,0,0,19,8,2,0,0,0,0,0,0,45,lru,0,0,0,0,0,0,16,16,16,0,0,0,1
layer,117,1,19,368,decode_target,29,11,10,1,909,575,217,187,1,0,1,1137,7,22,0,0,0,0,0,0,45,lru,0,0,0,0,0,0,16,15,16,0,1,0,1
layer,117,1,19,368,decode_target,30,11,11,0,0,0,204,0,0,0,0,21,8,2,0,0,0,0,0,0,45,lru,0,0,0,0,0,0,16,16,16,0,0,0,1
layer,117,1,19,368,decode_target,31,13,12,1,926,561,220,115,1,0,1,1090,8,30,0,0,0,0,0,0,45,lru,0,0,0,0,0,0,16,15,16,0,1,0,1
layer,117,1,19,368,decode_target,32,12,12,0,0,0,239,0,0,0,0,20,8,2,0,0,0,0,0,0,45,lru,0,0,0,0,0,0,16,16,16,0,0,0,1
layer,117,1,19,368,decode_target,33,9,8,1,862,574,204,254,1,0,1,1081,12,26,0,0,0,0,0,0,45,lru,0,0,0,0,0,0,16,14,16,0,1,0,1
layer,117,1,19,368,decode_target,34,12,11,1,899,590,196,159,1,0,1,1087,8,31,0,0,0,0,0,0,45,lru,0,0,0,0,0,0,16,15,16,0,1,0,1
layer,117,1,19,368,decode_target,35,10,9,1,852,568,204,156,1,0,1,986,8,13,0,0,0,0,0,0,45,lru,0,0,0,0,0,0,16,15,16,0,1,0,1
layer,117,1,19,368,decode_target,36,10,10,0,0,0,234,0,0,0,0,20,8,2,0,0,0,0,0,0,45,lru,0,0,0,0,0,0,16,16,16,0,0,0,1
layer,117,1,19,368,decode_target,37,10,10,0,0,0,234,0,0,0,0,17,7,2,0,0,0,0,0,0,45,lru,0,0,0,0,0,0,16,16,16,0,0,0,0
layer,117,1,19,368,decode_target,38,10,10,0,0,0,203,0,0,0,0,18,8,2,0,0,0,0,0,0,45,lru,0,0,0,0,0,0,16,16,16,0,0,0,0
layer,117,1,19,368,decode_target,39,12,12,0,0,0,963,0,0,0,0,18,8,2,0,0,0,0,0,0,45,lru,0,0,0,0,0,0,16,16,16,0,0,0,1
request,117,1,19,0,decode_target,-1,0,0,0,0,0,0,0,0,0,0,0,0,0,0,0,0,0,0,0,0,,50950,375,0,0,19,0,0,0,0,0,0,0,0
layer,118,1,19,368,decode_mtp_process,40,13,13,0,0,0,146,0,0,0,0,24,11,2,0,0,0,0,0,0,45,lru,0,0,0,0,0,0,16,16,16,0,0,0,1
request,118,1,19,0,decode_mtp_process,-1,0,0,0,0,0,0,0,0,0,0,0,0,0,0,0,0,0,0,0,0,,669,18,0,0,6,0,0,0,0,0,0,0,0
layer,119,1,21,368,decode_mtp_draft,40,8,8,0,0,0,896,0,0,0,0,23,11,2,0,0,0,0,0,0,45,lru,0,0,0,0,0,0,8,8,8,0,0,0,1
request,119,1,21,0,decode_mtp_draft,-1,0,0,0,0,0,0,0,0,0,0,0,0,0,0,0,0,0,0,0,0,,1371,28,0,0,15,0,0,0,0,0,0,0,0
layer,120,1,21,371,decode_target,0,16,8,8,8783,4847,249,943,2,0,2,9438,10,22,0,0,0,0,0,0,45,lru,0,0,0,0,0,0,16,8,16,0,8,0,1
layer,120,1,21,371,decode_target,1,13,10,3,2921,1766,224,533,2,0,2,3314,9,19,0,0,0,0,0,0,45,lru,0,0,0,0,0,0,16,13,16,0,3,0,2
layer,120,1,21,371,decode_target,2,11,9,2,1974,1110,188,250,2,0,2,2213,8,25,0,0,0,0,0,0,45,lru,0,0,0,0,0,0,16,14,16,0,2,0,1
layer,120,1,21,371,decode_target,3,13,11,2,1935,1109,218,142,3,0,3,2114,8,12,0,0,0,0,0,0,45,lru,0,0,0,0,0,0,16,14,16,0,2,0,1
layer,120,1,21,371,decode_target,4,13,13,0,0,0,244,0,0,0,0,22,8,2,0,0,0,0,0,0,45,lru,0,0,0,0,0,0,16,16,16,0,0,0,1
layer,120,1,21,371,decode_target,5,12,10,2,1909,1130,219,216,2,0,2,2097,8,13,0,0,0,0,0,0,45,lru,0,0,0,0,0,0,16,14,16,0,2,0,1
layer,120,1,21,371,decode_target,6,14,12,2,1932,1130,205,258,2,0,2,2143,8,21,0,0,0,0,0,0,45,lru,0,0,0,0,0,0,16,14,16,0,2,0,1
layer,120,1,21,371,decode_target,7,13,12,1,921,562,218,93,2,0,2,1049,15,12,0,0,0,0,0,0,45,lru,0,0,0,0,0,0,16,15,16,0,1,0,1
layer,120,1,21,371,decode_target,8,12,11,1,937,588,219,65,2,0,2,1121,8,29,0,0,0,0,0,0,45,lru,0,0,0,0,0,0,16,15,16,0,1,0,1
layer,120,1,21,371,decode_target,9,14,11,3,2936,1744,230,348,2,0,2,3276,8,21,0,0,0,0,0,0,45,lru,0,0,0,0,0,0,16,13,16,0,3,0,1
layer,120,1,21,371,decode_target,10,15,13,2,1834,1138,211,420,2,0,2,2108,9,21,0,0,0,0,0,0,45,lru,0,0,0,0,0,0,16,14,16,0,2,0,1
layer,120,1,21,371,decode_target,11,14,10,4,4124,2354,223,469,2,0,2,4459,8,12,0,0,0,0,0,0,45,lru,0,0,0,0,0,0,16,12,16,0,4,0,1
layer,120,1,21,371,decode_target,12,15,13,2,1864,1134,232,337,2,0,2,2171,8,11,0,0,0,0,0,0,45,lru,0,0,0,0,0,0,16,14,16,0,2,0,1
layer,120,1,21,371,decode_target,13,15,13,2,1908,1120,236,152,2,0,2,2203,8,29,0,0,0,0,0,0,45,lru,0,0,0,0,0,0,16,14,16,0,2,0,1
layer,120,1,21,371,decode_target,14,15,11,4,4146,2348,207,433,2,0,2,4453,8,11,0,0,0,0,0,0,45,lru,0,0,0,0,0,0,16,12,16,0,4,0,1
layer,120,1,21,371,decode_target,15,15,14,1,931,586,229,21,2,0,2,1051,8,12,0,0,0,0,0,0,45,lru,0,0,0,0,0,0,16,15,16,0,1,0,1
layer,120,1,21,371,decode_target,16,15,14,1,925,564,232,117,2,0,2,1031,9,7,0,0,0,0,0,0,45,lru,0,0,0,0,0,0,16,15,16,0,1,0,1
layer,120,1,21,371,decode_target,17,14,11,3,2984,1767,230,509,1,0,1,3267,8,23,0,0,0,0,0,0,45,lru,0,0,0,0,0,0,16,13,16,0,3,0,1
layer,120,1,21,371,decode_target,18,14,10,4,4105,2369,203,763,1,0,1,4493,8,13,0,0,0,0,0,0,45,lru,0,0,0,0,0,0,16,12,16,0,4,0,1
layer,120,1,21,371,decode_target,19,15,13,2,1975,1214,227,294,1,0,1,2240,8,27,0,0,0,0,0,0,45,lru,0,0,0,0,0,0,16,14,16,0,2,0,1
layer,120,1,21,371,decode_target,20,16,13,3,2917,1782,236,415,1,0,1,3194,8,24,0,0,0,0,0,0,45,lru,0,0,0,0,0,0,16,13,16,0,3,0,4
layer,120,1,21,371,decode_target,21,15,13,2,1879,1147,233,235,1,0,1,2122,8,38,0,0,0,0,0,0,45,lru,0,0,0,0,0,0,16,14,16,0,2,0,1
layer,120,1,21,371,decode_target,22,16,12,4,4043,2360,214,417,2,0,2,4336,8,18,0,0,0,0,0,0,45,lru,0,0,0,0,0,0,16,12,16,0,4,0,1
layer,120,1,21,371,decode_target,23,15,11,4,3934,2357,228,544,1,0,1,4248,8,22,0,0,0,0,0,0,45,lru,0,0,0,0,0,0,16,12,16,0,4,0,1
layer,120,1,21,371,decode_target,24,16,11,5,5119,2956,236,652,1,0,1,5588,8,32,0,0,0,0,0,0,45,lru,0,0,0,0,0,0,16,11,16,0,5,0,1
layer,120,1,21,371,decode_target,25,16,13,3,2961,1703,238,349,2,0,2,3281,9,18,0,0,0,0,0,0,45,lru,0,0,0,0,0,0,16,13,16,0,3,0,1
layer,120,1,21,371,decode_target,26,16,12,4,3996,2344,214,619,1,0,1,4330,9,12,0,0,0,0,0,0,45,lru,0,0,0,0,0,0,16,12,16,0,4,0,1
layer,120,1,21,371,decode_target,27,16,12,4,3942,2323,229,621,2,0,2,4354,8,19,0,0,0,0,0,0,45,lru,0,0,0,0,0,0,16,12,16,0,4,0,1
layer,120,1,21,371,decode_target,28,15,13,2,1869,1122,233,363,1,0,1,2136,8,29,0,0,0,0,0,0,45,lru,0,0,0,0,0,0,16,14,16,0,2,0,1
layer,120,1,21,371,decode_target,29,14,11,3,2822,1708,226,474,1,0,1,3191,8,19,0,0,0,0,0,0,45,lru,0,0,0,0,0,0,16,13,16,0,3,0,1
layer,120,1,21,371,decode_target,30,11,10,1,905,563,188,71,1,0,1,1018,8,11,0,0,0,0,0,0,45,lru,0,0,0,0,0,0,16,15,16,0,1,0,1
layer,120,1,21,371,decode_target,31,14,13,1,890,565,224,187,1,0,1,1119,8,29,0,0,0,0,0,0,45,lru,0,0,0,0,0,0,16,15,16,0,1,0,1
layer,120,1,21,371,decode_target,32,11,11,0,0,0,237,0,0,0,0,20,8,2,0,0,0,0,0,0,45,lru,0,0,0,0,0,0,16,16,16,0,0,0,1
layer,120,1,21,371,decode_target,33,13,13,0,0,0,248,0,0,0,0,19,8,2,0,0,0,0,0,0,45,lru,0,0,0,0,0,0,16,16,16,0,0,0,1
layer,120,1,21,371,decode_target,34,11,11,0,0,0,208,0,0,0,0,18,8,2,0,0,0,0,0,0,45,lru,0,0,0,0,0,0,16,16,16,0,0,0,1
layer,120,1,21,371,decode_target,35,10,10,0,0,0,230,0,0,0,0,18,8,2,0,0,0,0,0,0,45,lru,0,0,0,0,0,0,16,16,16,0,0,0,0
layer,120,1,21,371,decode_target,36,11,11,0,0,0,238,0,0,0,0,18,7,2,0,0,0,0,0,0,45,lru,0,0,0,0,0,0,16,16,16,0,0,0,0
layer,120,1,21,371,decode_target,37,11,11,0,0,0,239,0,0,0,0,17,7,2,0,0,0,0,0,0,45,lru,0,0,0,0,0,0,16,16,16,0,0,0,1
layer,120,1,21,371,decode_target,38,13,13,0,0,0,222,0,0,0,0,18,7,2,0,0,0,0,0,0,45,lru,0,0,0,0,0,0,16,16,16,0,0,0,0
layer,120,1,21,371,decode_target,39,11,11,0,0,0,951,0,0,0,0,18,8,2,0,0,0,0,0,0,45,lru,0,0,0,0,0,0,16,16,16,0,0,0,1
request,120,1,21,0,decode_target,-1,0,0,0,0,0,0,0,0,0,0,0,0,0,0,0,0,0,0,0,0,,108285,589,0,0,24,0,0,0,0,0,0,0,0
layer,121,1,21,371,decode_mtp_process,40,13,13,0,0,0,147,0,0,0,0,24,11,2,0,0,0,0,0,0,45,lru,0,0,0,0,0,0,16,16,16,0,0,0,1
request,121,1,21,0,decode_mtp_process,-1,0,0,0,0,0,0,0,0,0,0,0,0,0,0,0,0,0,0,0,0,,694,18,0,0,7,0,0,0,0,0,0,0,0
layer,122,1,23,371,decode_mtp_draft,40,8,8,0,0,0,902,0,0,0,0,23,11,2,0,0,0,0,0,0,45,lru,0,0,0,0,0,0,8,8,8,0,0,0,1
request,122,1,23,0,decode_mtp_draft,-1,0,0,0,0,0,0,0,0,0,0,0,0,0,0,0,0,0,0,0,0,,1367,26,0,0,6,0,0,0,0,0,0,0,0
layer,123,1,23,374,decode_target,0,16,12,4,3964,2386,250,539,2,0,2,4281,10,8,0,0,0,0,0,0,45,lru,0,0,0,0,0,0,16,12,16,0,4,0,1
layer,123,1,23,374,decode_target,1,11,11,0,0,0,234,0,0,0,0,22,9,2,0,0,0,0,0,0,45,lru,0,0,0,0,0,0,16,16,16,0,0,0,1
layer,123,1,23,374,decode_target,2,10,10,0,0,0,200,0,0,0,0,19,8,2,0,0,0,0,0,0,45,lru,0,0,0,0,0,0,16,16,16,0,0,0,1
layer,123,1,23,374,decode_target,3,10,9,1,923,577,207,167,2,0,2,1099,8,20,0,0,0,0,0,0,45,lru,0,0,0,0,0,0,16,15,16,0,1,0,1
layer,123,1,23,374,decode_target,4,11,10,1,1292,524,212,142,2,0,2,1484,8,28,0,0,0,0,0,0,45,lru,0,0,0,0,0,0,16,15,16,0,1,0,1
layer,123,1,23,374,decode_target,5,12,10,2,1902,1222,220,305,3,0,3,2163,8,34,0,0,0,0,0,0,45,lru,0,0,0,0,0,0,16,14,16,0,2,0,1
layer,123,1,23,374,decode_target,6,8,8,0,0,0,188,0,0,0,0,21,8,2,0,0,0,0,0,0,45,lru,0,0,0,0,0,0,16,16,16,0,0,0,1
layer,123,1,23,374,decode_target,7,11,11,0,0,0,234,0,0,0,0,18,7,2,0,0,0,0,0,0,45,lru,0,0,0,0,0,0,16,16,16,0,0,0,1
layer,123,1,23,374,decode_target,8,9,9,0,0,0,226,0,0,0,0,18,7,2,0,0,0,0,0,0,45,lru,0,0,0,0,0,0,16,16,16,0,0,0,1
layer,123,1,23,374,decode_target,9,9,8,1,896,569,208,35,2,0,2,1120,8,23,0,0,0,0,0,0,45,lru,0,0,0,0,0,0,16,14,16,0,1,0,0
layer,123,1,23,374,decode_target,10,9,9,0,0,0,197,0,0,0,0,20,8,2,0,0,0,0,0,0,45,lru,0,0,0,0,0,0,16,16,16,0,0,0,1
layer,123,1,23,374,decode_target,11,10,9,1,872,581,207,38,2,0,2,993,8,18,0,0,0,0,0,0,45,lru,0,0,0,0,0,0,16,15,16,0,1,0,0
layer,123,1,23,374,decode_target,12,13,11,2,1891,1182,222,278,3,0,3,2139,9,24,0,0,0,0,0,0,45,lru,0,0,0,0,0,0,16,13,16,0,2,0,1
layer,123,1,23,374,decode_target,13,12,8,4,3998,2295,218,482,2,0,2,4380,9,19,0,0,0,0,0,0,45,lru,0,0,0,0,0,0,16,11,16,0,4,0,1
layer,123,1,23,374,decode_target,14,11,11,0,0,0,204,0,0,0,0,21,8,2,0,0,0,0,0,0,45,lru,0,0,0,0,0,0,16,16,16,0,0,0,1
layer,123,1,23,374,decode_target,15,11,11,0,0,0,234,0,0,0,0,19,8,2,0,0,0,0,0,0,45,lru,0,0,0,0,0,0,16,16,16,0,0,0,0
layer,123,1,23,374,decode_target,16,10,9,1,902,579,207,209,2,0,2,1145,8,29,0,0,0,0,0,0,45,lru,0,0,0,0,0,0,16,15,16,0,1,0,0
layer,123,1,23,374,decode_target,17,11,10,1,888,585,215,177,1,0,1,1040,8,16,0,0,0,0,0,0,45,lru,0,0,0,0,0,0,16,15,16,0,1,0,1
layer,123,1,23,374,decode_target,18,12,12,0,0,0,210,0,0,0,0,19,8,2,0,0,0,0,0,0,45,lru,0,0,0,0,0,0,16,16,16,0,0,0,1
layer,123,1,23,374,decode_target,19,11,10,1,967,591,210,233,1,0,1,1188,8,30,0,0,0,0,0,0,45,lru,0,0,0,0,0,0,16,15,16,0,1,0,0
layer,123,1,23,374,decode_target,20,12,11,1,859,560,219,212,1,0,1,1053,9,12,0,0,0,0,0,0,45,lru,0,0,0,0,0,0,16,15,16,0,1,0,1
layer,123,1,23,374,decode_target,21,12,12,0,0,0,242,0,0,0,0,20,8,2,0,0,0,0,0,0,45,lru,0,0,0,0,0,0,16,16,16,0,0,0,1
layer,123,1,23,374,decode_target,22,12,11,1,860,563,196,175,1,0,1,998,8,17,0,0,0,0,0,0,45,lru,0,0,0,0,0,0,16,15,16,0,1,0,1
layer,123,1,23,374,decode_target,23,12,12,0,0,0,234,0,0,0,0,19,8,2,0,0,0,0,0,0,45,lru,0,0,0,0,0,0,16,16,16,0,0,0,1
layer,123,1,23,374,decode_target,24,13,12,1,900,570,223,242,1,0,1,1101,8,18,0,0,0,0,0,0,45,lru,0,0,0,0,0,0,16,15,16,0,1,0,1
layer,123,1,23,374,decode_target,25,12,12,0,0,0,242,0,0,0,0,20,8,2,0,0,0,0,0,0,45,lru,0,0,0,0,0,0,16,16,16,0,0,0,1
layer,123,1,23,374,decode_target,26,9,9,0,0,0,193,0,0,0,0,18,8,2,0,0,0,0,0,0,45,lru,0,0,0,0,0,0,16,16,16,0,0,0,1
layer,123,1,23,374,decode_target,27,11,11,0,0,0,234,0,0,0,0,19,8,2,0,0,0,0,0,0,45,lru,0,0,0,0,0,0,16,16,16,0,0,0,1
layer,123,1,23,374,decode_target,28,12,12,0,0,0,240,0,0,0,0,18,8,2,0,0,0,0,0,0,45,lru,0,0,0,0,0,0,16,16,16,0,0,0,0
layer,123,1,23,374,decode_target,29,12,12,0,0,0,241,0,0,0,0,17,7,2,0,0,0,0,0,0,45,lru,0,0,0,0,0,0,16,16,16,0,0,0,1
layer,123,1,23,374,decode_target,30,10,10,0,0,0,198,0,0,0,0,18,7,2,0,0,0,0,0,0,45,lru,0,0,0,0,0,0,16,16,16,0,0,0,1
layer,123,1,23,374,decode_target,31,11,10,1,893,599,212,151,1,0,1,1090,7,29,0,0,0,0,0,0,45,lru,0,0,0,0,0,0,16,15,16,0,1,0,0
layer,123,1,23,374,decode_target,32,12,12,0,0,0,242,0,0,0,0,20,8,2,0,0,0,0,0,0,45,lru,0,0,0,0,0,0,16,16,16,0,0,0,1
layer,123,1,23,374,decode_target,33,10,10,0,0,0,229,0,0,0,0,17,8,2,0,0,0,0,0,0,45,lru,0,0,0,0,0,0,16,16,16,0,0,0,0
layer,123,1,23,374,decode_target,34,11,11,0,0,0,209,0,0,0,0,18,8,2,0,0,0,0,0,0,45,lru,0,0,0,0,0,0,16,16,16,0,0,0,1
layer,123,1,23,374,decode_target,35,9,9,0,0,0,226,0,0,0,0,17,8,1,0,0,0,0,0,0,45,lru,0,0,0,0,0,0,16,16,16,0,0,0,1
layer,123,1,23,374,decode_target,36,9,9,0,0,0,226,0,0,0,0,18,8,2,0,0,0,0,0,0,45,lru,0,0,0,0,0,0,16,16,16,0,0,0,0
layer,123,1,23,374,decode_target,37,10,10,0,0,0,235,0,0,0,0,19,7,2,0,0,0,0,0,0,45,lru,0,0,0,0,0,0,16,16,16,0,0,0,1
layer,123,1,23,374,decode_target,38,11,10,1,894,574,192,279,1,0,1,1121,8,24,0,0,0,0,0,0,45,lru,0,0,0,0,0,0,16,15,16,0,1,0,1
layer,123,1,23,374,decode_target,39,10,10,0,0,0,946,0,0,0,0,20,8,2,0,0,0,0,0,0,45,lru,0,0,0,0,0,0,16,16,16,0,0,0,1
request,123,1,23,0,decode_target,-1,0,0,0,0,0,0,0,0,0,0,0,0,0,0,0,0,0,0,0,0,,38674,312,0,0,17,0,0,0,0,0,0,0,0
layer,124,1,23,374,decode_mtp_process,40,11,11,0,0,0,137,0,0,0,0,23,11,2,0,0,0,0,0,0,45,lru,0,0,0,0,0,0,16,16,16,0,0,0,1
request,124,1,23,0,decode_mtp_process,-1,0,0,0,0,0,0,0,0,0,0,0,0,0,0,0,0,0,0,0,0,,643,17,0,0,5,0,0,0,0,0,0,0,0
layer,125,1,25,374,decode_mtp_draft,40,8,7,1,871,584,872,31,1,0,1,1014,10,25,0,0,0,0,0,0,45,lru,0,0,0,0,0,0,8,7,8,0,1,0,1
request,125,1,25,0,decode_mtp_draft,-1,0,0,0,0,0,0,0,0,0,0,0,0,0,0,0,0,0,0,0,0,,2478,24,0,0,7,0,0,0,0,0,0,0,0
layer,126,1,25,377,decode_target,0,14,6,8,8644,4845,237,973,2,0,2,9345,10,18,0,0,0,0,0,0,45,lru,0,0,0,0,0,0,16,8,16,0,8,0,1
layer,126,1,25,377,decode_target,1,10,10,0,0,0,234,0,0,0,0,23,9,2,0,0,0,0,0,0,45,lru,0,0,0,0,0,0,16,16,16,0,0,0,1
layer,126,1,25,377,decode_target,2,9,9,0,0,0,195,0,0,0,0,20,8,2,0,0,0,0,0,0,45,lru,0,0,0,0,0,0,16,16,16,0,0,0,1
layer,126,1,25,377,decode_target,3,10,9,1,923,605,208,115,2,0,2,1116,8,20,0,0,0,0,0,0,45,lru,0,0,0,0,0,0,16,15,16,0,1,0,1
layer,126,1,25,377,decode_target,4,11,11,0,0,0,234,0,0,0,0,21,8,2,0,0,0,0,0,0,45,lru,0,0,0,0,0,0,16,16,16,0,0,0,1
layer,126,1,25,377,decode_target,5,12,8,4,4193,2426,219,462,3,0,3,4504,8,12,0,0,0,0,0,0,45,lru,0,0,0,0,0,0,16,12,16,0,4,0,1
layer,126,1,25,377,decode_target,6,10,10,0,0,0,197,0,0,0,0,21,8,2,0,0,0,0,0,0,45,lru,0,0,0,0,0,0,16,16,16,0,0,0,1
layer,126,1,25,377,decode_target,7,9,9,0,0,0,225,0,0,0,0,18,8,2,0,0,0,0,0,0,45,lru,0,0,0,0,0,0,16,16,16,0,0,0,1
layer,126,1,25,377,decode_target,8,11,10,1,902,607,215,250,2,0,2,1109,7,27,0,0,0,0,0,0,45,lru,0,0,0,0,0,0,16,15,16,0,1,0,0
layer,126,1,25,377,decode_target,9,10,9,1,874,590,210,237,2,0,2,1077,9,14,0,0,0,0,0,0,45,lru,0,0,0,0,0,0,16,15,16,0,1,0,1
layer,126,1,25,377,decode_target,10,11,11,0,0,0,206,0,0,0,0,21,9,2,0,0,0,0,0,0,45,lru,0,0,0,0,0,0,16,16,16,0,0,0,1
layer,126,1,25,377,decode_target,11,9,9,0,0,0,222,0,0,0,0,17,7,1,0,0,0,0,0,0,45,lru,0,0,0,0,0,0,16,16,16,0,0,0,1
layer,126,1,25,377,decode_target,12,12,12,0,0,0,239,0,0,0,0,19,8,2,0,0,0,0,0,0,45,lru,0,0,0,0,0,0,16,16,16,0,0,0,1
layer,126,1,25,377,decode_target,13,12,12,0,0,0,242,0,0,0,0,18,8,2,0,0,0,0,0,0,45,lru,0,0,0,0,0,0,16,16,16,0,0,0,1
layer,126,1,25,377,decode_target,14,10,9,1,861,625,182,215,2,0,2,1083,8,27,0,0,0,0,0,0,45,lru,0,0,0,0,0,0,16,15,16,0,1,0,1
layer,126,1,25,377,decode_target,15,11,10,1,1166,554,215,116,2,0,2,1342,8,21,0,0,0,0,0,0,45,lru,0,0,0,0,0,0,16,15,16,0,1,0,1
layer,126,1,25,377,decode_target,16,11,10,1,1114,542,212,127,2,0,2,1303,8,28,0,0,0,0,0,0,45,lru,0,0,0,0,0,0,16,15,16,0,1,0,1
layer,126,1,25,377,decode_target,17,12,11,1,906,587,220,270,2,0,2,1160,8,45,0,0,0,0,0,0,45,lru,0,0,0,0,0,0,16,15,16,0,1,0,1
layer,126,1,25,377,decode_target,18,12,12,0,0,0,212,0,0,0,0,21,9,2,0,0,0,0,0,0,45,lru,0,0,0,0,0,0,16,16,16,0,0,0,1
layer,126,1,25,377,decode_target,19,10,10,0,0,0,226,0,0,0,0,17,8,2,0,0,0,0,0,0,45,lru,0,0,0,0,0,0,16,16,16,0,0,0,0
layer,126,1,25,377,decode_target,20,12,12,0,0,0,239,0,0,0,0,18,7,2,0,0,0,0,0,0,45,lru,0,0,0,0,0,0,16,16,16,0,0,0,1
layer,126,1,25,377,decode_target,21,11,10,1,892,582,215,135,1,0,1,1080,7,27,0,0,0,0,0,0,45,lru,0,0,0,0,0,0,16,15,16,0,1,0,0
layer,126,1,25,377,decode_target,22,13,12,1,874,562,200,83,1,0,1,1050,9,18,0,0,0,0,0,0,45,lru,0,0,0,0,0,0,16,15,16,0,1,0,1
layer,126,1,25,377,decode_target,23,12,12,0,0,0,234,0,0,0,0,20,8,2,0,0,0,0,0,0,45,lru,0,0,0,0,0,0,16,16,16,0,0,0,1
layer,126,1,25,377,decode_target,24,12,12,0,0,0,236,0,0,0,0,18,8,2,0,0,0,0,0,0,45,lru,0,0,0,0,0,0,16,16,16,0,0,0,0
layer,126,1,25,377,decode_target,25,12,11,1,913,566,222,103,1,0,1,1086,7,37,0,0,0,0,0,0,45,lru,0,0,0,0,0,0,16,15,16,0,1,0,0
layer,126,1,25,377,decode_target,26,11,11,0,0,0,202,0,0,0,0,20,8,2,0,0,0,0,0,0,45,lru,0,0,0,0,0,0,16,16,16,0,0,0,1
layer,126,1,25,377,decode_target,27,12,12,0,0,0,238,0,0,0,0,19,8,2,0,0,0,0,0,0,45,lru,0,0,0,0,0,0,16,16,16,0,0,0,0
layer,126,1,25,377,decode_target,28,10,10,0,0,0,230,0,0,0,0,18,8,2,0,0,0,0,0,0,45,lru,0,0,0,0,0,0,16,16,16,0,0,0,1
layer,126,1,25,377,decode_target,29,13,13,0,0,0,248,0,0,0,0,18,8,1,0,0,0,0,0,0,45,lru,0,0,0,0,0,0,16,16,16,0,0,0,1
layer,126,1,25,377,decode_target,30,12,12,0,0,0,210,0,0,0,0,17,7,2,0,0,0,0,0,0,45,lru,0,0,0,0,0,0,16,16,16,0,0,0,1
layer,126,1,25,377,decode_target,31,12,11,1,902,590,214,160,1,0,1,1092,7,30,0,0,0,0,0,0,45,lru,0,0,0,0,0,0,16,15,16,0,1,0,1
layer,126,1,25,377,decode_target,32,13,11,2,1973,1165,223,265,1,0,1,2236,8,26,0,0,0,0,0,0,45,lru,0,0,0,0,0,0,16,14,16,0,2,0,1
layer,126,1,25,377,decode_target,33,11,10,1,1077,578,215,104,1,0,1,1199,8,12,0,0,0,0,0,0,45,lru,0,0,0,0,0,0,16,15,16,0,1,0,1
layer,126,1,25,377,decode_target,34,11,11,0,0,0,207,0,0,0,0,20,8,2,0,0,0,0,0,0,45,lru,0,0,0,0,0,0,16,16,16,0,0,0,1
layer,126,1,25,377,decode_target,35,10,9,1,875,559,204,199,1,0,1,1074,8,19,0,0,0,0,0,0,45,lru,0,0,0,0,0,0,16,15,16,0,1,0,1
layer,126,1,25,377,decode_target,36,11,8,3,3096,1725,215,481,2,0,2,3454,8,28,0,0,0,0,0,0,45,lru,0,0,0,0,0,0,16,13,16,0,3,0,1
layer,126,1,25,377,decode_target,37,12,10,2,1940,1148,218,267,2,0,2,2206,8,28,0,0,0,0,0,0,45,lru,0,0,0,0,0,0,16,14,16,0,2,0,1
layer,126,1,25,377,decode_target,38,10,8,2,1942,1143,183,310,2,0,2,2210,8,24,0,0,0,0,0,0,45,lru,0,0,0,0,0,0,16,14,16,0,2,0,1
layer,126,1,25,377,decode_target,39,10,9,1,915,560,933,191,1,0,1,1151,8,28,0,0,0,0,0,0,45,lru,0,0,0,0,0,0,16,15,16,0,1,0,1
request,126,1,25,0,decode_target,-1,0,0,0,0,0,0,0,0,0,0,0,0,0,0,0,0,0,0,0,0,,52367,369,0,0,21,0,0,0,0,0,0,0,0
layer,127,1,25,377,decode_mtp_process,40,12,12,0,0,0,140,0,0,0,0,26,11,3,0,0,0,0,0,0,45,lru,0,0,0,0,0,0,16,16,16,0,0,0,1
request,127,1,25,0,decode_mtp_process,-1,0,0,0,0,0,0,0,0,0,0,0,0,0,0,0,0,0,0,0,0,,653,17,0,0,5,0,0,0,0,0,0,0,0
layer,128,1,27,377,decode_mtp_draft,40,8,8,0,0,0,900,0,0,0,0,23,11,2,0,0,0,0,0,0,45,lru,0,0,0,0,0,0,8,8,8,0,0,0,1
request,128,1,27,0,decode_mtp_draft,-1,0,0,0,0,0,0,0,0,0,0,0,0,0,0,0,0,0,0,0,0,,1353,18,0,0,6,0,0,0,0,0,0,0,0
layer,129,1,27,380,decode_target,0,15,11,4,4051,2418,242,605,2,0,2,4450,9,29,0,0,0,0,0,0,45,lru,0,0,0,0,0,0,16,11,16,0,4,0,1
layer,129,1,27,380,decode_target,1,12,10,2,1981,1181,218,374,2,0,2,2259,9,19,0,0,0,0,0,0,45,lru,0,0,0,0,0,0,16,14,16,0,2,0,1
layer,129,1,27,380,decode_target,2,12,10,2,2016,1164,195,190,2,0,2,2235,9,33,0,0,0,0,0,0,45,lru,0,0,0,0,0,0,16,14,16,0,2,0,1
layer,129,1,27,380,decode_target,3,14,11,3,3104,1791,221,577,2,0,2,3475,8,19,0,0,0,0,0,0,45,lru,0,0,0,0,0,0,16,13,16,0,3,0,1
layer,129,1,27,380,decode_target,4,12,9,3,2926,1819,218,312,2,0,2,3199,9,12,0,0,0,0,0,0,45,lru,0,0,0,0,0,0,16,13,16,0,3,0,1
layer,129,1,27,380,decode_target,5,14,14,0,0,0,252,0,0,0,0,22,8,2,0,0,0,0,0,0,45,lru,0,0,0,0,0,0,16,16,16,0,0,0,1
layer,129,1,27,380,decode_target,6,12,12,0,0,0,208,0,0,0,0,19,8,2,0,0,0,0,0,0,45,lru,0,0,0,0,0,0,16,16,16,0,0,0,1
layer,129,1,27,380,decode_target,7,14,13,1,932,566,224,98,2,0,2,1055,7,14,0,0,0,0,0,0,45,lru,0,0,0,0,0,0,16,15,16,0,1,0,1
layer,129,1,27,380,decode_target,8,14,13,1,870,586,229,123,2,0,2,997,8,11,0,0,0,0,0,0,45,lru,0,0,0,0,0,0,16,15,16,0,1,0,1
layer,129,1,27,380,decode_target,9,13,13,0,0,0,245,0,0,0,0,22,9,2,0,0,0,0,0,0,45,lru,0,0,0,0,0,0,16,16,16,0,0,0,1
layer,129,1,27,380,decode_target,10,13,13,0,0,0,215,0,0,0,0,20,8,2,0,0,0,0,0,0,45,lru,0,0,0,0,0,0,16,16,16,0,0,0,1
layer,129,1,27,380,decode_target,11,14,14,0,0,0,242,0,0,0,0,18,7,2,0,0,0,0,0,0,45,lru,0,0,0,0,0,0,16,16,16,0,0,0,1
layer,129,1,27,380,decode_target,12,15,15,0,0,0,254,0,0,0,0,21,7,2,0,0,0,0,0,0,45,lru,0,0,0,0,0,0,16,16,16,0,0,0,1
layer,129,1,27,380,decode_target,13,14,13,1,921,552,227,213,2,0,2,1056,7,9,0,0,0,0,0,0,45,lru,0,0,0,0,0,0,16,15,16,0,1,0,1
layer,129,1,27,380,decode_target,14,14,12,2,2012,1161,206,257,2,0,2,2263,9,26,0,0,0,0,0,0,45,lru,0,0,0,0,0,0,16,14,16,0,2,0,1
layer,129,1,27,380,decode_target,15,14,13,1,946,576,222,175,2,0,2,1162,8,27,0,0,0,0,0,0,45,lru,0,0,0,0,0,0,16,15,16,0,1,0,1
layer,129,1,27,380,decode_target,16,14,14,0,0,0,250,0,0,0,0,21,8,2,0,0,0,0,0,0,45,lru,0,0,0,0,0,0,16,16,16,0,0,0,1
layer,129,1,27,380,decode_target,17,14,14,0,0,0,247,0,0,0,0,19,8,1,0,0,0,0,0,0,45,lru,0,0,0,0,0,0,16,16,16,0,0,0,0
layer,129,1,27,380,decode_target,18,12,11,1,911,572,194,29,2,0,2,1034,8,12,0,0,0,0,0,0,45,lru,0,0,0,0,0,0,16,15,16,0,1,0,1
layer,129,1,27,380,decode_target,19,13,12,1,932,575,218,48,1,0,1,1046,9,7,0,0,0,0,0,0,45,lru,0,0,0,0,0,0,16,15,16,0,1,0,1
layer,129,1,27,380,decode_target,20,13,11,2,1858,1214,222,198,2,0,2,2035,8,13,0,0,0,0,0,0,45,lru,0,0,0,0,0,0,16,14,16,0,2,0,1
layer,129,1,27,380,decode_target,21,12,12,0,0,0,241,0,0,0,0,20,8,2,0,0,0,0,0,0,45,lru,0,0,0,0,0,0,16,16,16,0,0,0,1
layer,129,1,27,380,decode_target,22,14,11,3,3013,1810,204,317,2,0,2,3305,8,23,0,0,0,0,0,0,45,lru,0,0,0,0,0,0,16,13,16,0,3,0,0
layer,129,1,27,380,decode_target,23,13,13,0,0,0,239,0,0,0,0,21,8,2,0,0,0,0,0,0,45,lru,0,0,0,0,0,0,16,16,16,0,0,0,1
layer,129,1,27,380,decode_target,24,11,11,0,0,0,231,0,0,0,0,19,8,2,0,0,0,0,0,0,45,lru,0,0,0,0,0,0,16,16,16,0,0,0,1
layer,129,1,27,380,decode_target,25,13,12,1,898,571,225,111,1,0,1,1105,8,23,0,0,0,0,0,0,45,lru,0,0,0,0,0,0,16,15,16,0,1,0,1
layer,129,1,27,380,decode_target,26,11,11,0,0,0,202,0,0,0,0,21,9,2,0,0,0,0,0,0,45,lru,0,0,0,0,0,0,16,16,16,0,0,0,1
layer,129,1,27,380,decode_target,27,13,11,2,1930,1171,221,262,2,0,2,2177,8,24,0,0,0,0,0,0,45,lru,0,0,0,0,0,0,16,14,16,0,2,0,1
layer,129,1,27,380,decode_target,28,13,13,0,0,0,245,0,0,0,0,21,8,2,0,0,0,0,0,0,45,lru,0,0,0,0,0,0,16,16,16,0,0,0,1
layer,129,1,27,380,decode_target,29,13,13,0,0,0,246,0,0,0,0,18,8,2,0,0,0,0,0,0,45,lru,0,0,0,0,0,0,16,16,16,0,0,0,1
layer,129,1,27,380,decode_target,30,11,11,0,0,0,203,0,0,0,0,18,7,2,0,0,0,0,0,0,45,lru,0,0,0,0,0,0,16,16,16,0,0,0,1
layer,129,1,27,380,decode_target,31,13,13,0,0,0,243,0,0,0,0,17,7,2,0,0,0,0,0,0,45,lru,0,0,0,0,0,0,16,16,16,0,0,0,0
layer,129,1,27,380,decode_target,32,13,13,0,0,0,245,0,0,0,0,18,7,2,0,0,0,0,0,0,45,lru,0,0,0,0,0,0,16,16,16,0,0,0,1
layer,129,1,27,380,decode_target,33,12,11,1,888,595,217,135,1,0,1,1026,8,13,0,0,0,0,0,0,45,lru,0,0,0,0,0,0,16,15,16,0,1,0,1
layer,129,1,27,380,decode_target,34,11,10,1,893,571,190,29,1,0,1,1005,8,14,0,0,0,0,0,0,45,lru,0,0,0,0,0,0,16,15,16,0,1,0,1
layer,129,1,27,380,decode_target,35,11,10,1,901,575,211,145,1,0,1,1038,8,18,0,0,0,0,0,0,45,lru,0,0,0,0,0,0,16,15,16,0,1,0,1
layer,129,1,27,380,decode_target,36,12,11,1,891,580,218,15,1,0,1,1010,7,24,0,0,0,0,0,0,45,lru,0,0,0,0,0,0,16,15,16,0,1,0,1
layer,129,1,27,380,decode_target,37,12,12,0,0,0,243,0,0,0,0,20,8,2,0,0,0,0,0,0,45,lru,0,0,0,0,0,0,16,16,16,0,0,0,1
layer,129,1,27,380,decode_target,38,12,10,2,1904,1206,194,353,1,0,1,2120,8,21,0,0,0,0,0,0,45,lru,0,0,0,0,0,0,16,14,16,0,2,0,1
layer,129,1,27,380,decode_target,39,11,11,0,0,0,951,0,0,0,0,20,8,2,0,0,0,0,0,0,45,lru,0,0,0,0,0,0,16,16,16,0,0,0,1
request,129,1,27,0,decode_target,-1,0,0,0,0,0,0,0,0,0,0,0,0,0,0,0,0,0,0,0,0,,52877,370,0,0,20,0,0,0,0,0,0,0,0
layer,130,1,27,380,decode_mtp_process,40,13,12,1,948,553,121,113,1,0,1,1074,11,14,0,0,0,0,0,0,45,lru,0,0,0,0,0,0,16,15,16,0,1,0,1
request,130,1,27,0,decode_mtp_process,-1,0,0,0,0,0,0,0,0,0,0,0,0,0,0,0,0,0,0,0,0,,1809,20,0,0,5,0,0,0,0,0,0,0,0
layer,131,1,29,380,decode_mtp_draft,40,8,7,1,965,572,874,56,1,0,1,1079,11,14,0,0,0,0,0,0,45,lru,0,0,0,0,0,0,8,7,8,0,1,0,1
request,131,1,29,0,decode_mtp_draft,-1,0,0,0,0,0,0,0,0,0,0,0,0,0,0,0,0,0,0,0,0,,2598,23,0,0,7,0,0,0,0,0,0,0,0
layer,132,1,29,383,decode_target,0,15,10,5,5254,2975,243,607,2,0,2,5687,10,25,0,0,0,0,0,0,45,lru,0,0,0,0,0,0,16,11,16,0,5,0,1
layer,132,1,29,383,decode_target,1,9,9,0,0,0,225,0,0,0,0,24,10,2,0,0,0,0,0,0,45,lru,0,0,0,0,0,0,16,16,16,0,0,0,2
layer,132,1,29,383,decode_target,2,11,10,1,988,559,192,73,2,0,2,1166,8,29,0,0,0,0,0,0,45,lru,0,0,0,0,0,0,16,15,16,0,1,0,1
layer,132,1,29,383,decode_target,3,13,11,2,2043,1149,220,326,2,0,2,2266,8,26,0,0,0,0,0,0,45,lru,0,0,0,0,0,0,16,14,16,0,2,0,1
layer,132,1,29,383,decode_target,4,12,9,3,2891,1757,216,580,2,0,2,3186,8,25,0,0,0,0,0,0,45,lru,0,0,0,0,0,0,16,13,16,0,3,0,1
layer,132,1,29,383,decode_target,5,14,13,1,899,575,231,159,2,0,2,1028,8,15,0,0,0,0,0,0,45,lru,0,0,0,0,0,0,16,15,16,0,1,0,1
layer,132,1,29,383,decode_target,6,12,12,0,0,0,210,0,0,0,0,22,9,2,0,0,0,0,0,0,45,lru,0,0,0,0,0,0,16,16,16,0,0,0,1
layer,132,1,29,383,decode_target,7,14,14,0,0,0,245,0,0,0,0,20,8,2,0,0,0,0,0,0,45,lru,0,0,0,0,0,0,16,16,16,0,0,0,1
layer,132,1,29,383,decode_target,8,13,13,0,0,0,244,0,0,0,0,19,7,2,0,0,0,0,0,0,45,lru,0,0,0,0,0,0,16,16,16,0,0,0,1
layer,132,1,29,383,decode_target,9,14,12,2,2323,1125,229,194,2,0,2,2521,8,11,0,0,0,0,0,0,45,lru,0,0,0,0,0,0,16,14,16,0,2,0,1
layer,132,1,29,383,decode_target,10,13,13,0,0,0,215,0,0,0,0,20,8,2,0,0,0,0,0,0,45,lru,0,0,0,0,0,0,16,16,16,0,0,0,1
layer,132,1,29,383,decode_target,11,13,13,0,0,0,240,0,0,0,0,18,8,1,0,0,0,0,0,0,45,lru,0,0,0,0,0,0,16,16,16,0,0,0,1
layer,132,1,29,383,decode_target,12,13,13,0,0,0,242,0,0,0,0,19,8,2,0,0,0,0,0,0,45,lru,0,0,0,0,0,0,16,16,16,0,0,0,1
layer,132,1,29,383,decode_target,13,13,12,1,889,572,225,85,2,0,2,1090,8,31,0,0,0,0,0,0,45,lru,0,0,0,0,0,0,16,15,16,0,1,0,1
layer,132,1,29,383,decode_target,14,11,11,0,0,0,203,0,0,0,0,20,8,2,0,0,0,0,0,0,45,lru,0,0,0,0,0,0,16,16,16,0,0,0,1
layer,132,1,29,383,decode_target,15,12,11,1,881,554,219,126,2,0,2,1023,8,16,0,0,0,0,0,0,45,lru,0,0,0,0,0,0,16,15,16,0,1,0,1
layer,132,1,29,383,decode_target,16,13,12,1,907,586,223,187,2,0,2,1081,8,19,0,0,0,0,0,0,45,lru,0,0,0,0,0,0,16,15,16,0,1,0,1
layer,132,1,29,383,decode_target,17,14,14,0,0,0,249,0,0,0,0,22,8,2,0,0,0,0,0,0,45,lru,0,0,0,0,0,0,16,16,16,0,0,0,1
layer,132,1,29,383,decode_target,18,12,11,1,882,551,194,79,1,0,1,981,8,10,0,0,0,0,0,0,45,lru,0,0,0,0,0,0,16,15,16,0,1,0,1
layer,132,1,29,383,decode_target,19,14,13,1,883,580,226,220,1,0,1,1036,8,19,0,0,0,0,0,0,45,lru,0,0,0,0,0,0,16,15,16,0,1,0,1
layer,132,1,29,383,decode_target,20,13,12,1,844,561,224,80,1,0,1,959,8,16,0,0,0,0,0,0,45,lru,0,0,0,0,0,0,16,15,16,0,1,0,1
layer,132,1,29,383,decode_target,21,13,12,1,899,566,223,189,1,0,1,1037,8,15,0,0,0,0,0,0,45,lru,0,0,0,0,0,0,16,15,16,0,1,0,1
layer,132,1,29,383,decode_target,22,13,13,0,0,0,216,0,0,0,0,20,8,2,0,0,0,0,0,0,45,lru,0,0,0,0,0,0,16,16,16,0,0,0,1
layer,132,1,29,383,decode_target,23,13,12,1,834,575,218,92,2,0,2,957,8,19,0,0,0,0,0,0,45,lru,0,0,0,0,0,0,16,15,16,0,1,0,1
layer,132,1,29,383,decode_target,24,12,12,0,0,0,237,0,0,0,0,20,9,2,0,0,0,0,0,0,45,lru,0,0,0,0,0,0,16,16,16,0,0,0,1
layer,132,1,29,383,decode_target,25,15,15,0,0,0,256,0,0,0,0,19,8,2,0,0,0,0,0,0,45,lru,0,0,0,0,0,0,16,16,16,0,0,0,1
layer,132,1,29,383,decode_target,26,11,11,0,0,0,201,0,0,0,0,18,8,2,0,0,0,0,0,0,45,lru,0,0,0,0,0,0,16,16,16,0,0,0,1
layer,132,1,29,383,decode_target,27,12,12,0,0,0,238,0,0,0,0,18,8,2,0,0,0,0,0,0,45,lru,0,0,0,0,0,0,16,16,16,0,0,0,1
layer,132,1,29,383,decode_target,28,12,12,0,0,0,238,0,0,0,0,18,8,2,0,0,0,0,0,0,45,lru,0,0,0,0,0,0,16,16,16,0,0,0,1
layer,132,1,29,383,decode_target,29,10,10,0,0,0,230,0,0,0,0,18,8,2,0,0,0,0,0,0,45,lru,0,0,0,0,0,0,16,16,16,0,0,0,1
layer,132,1,29,383,decode_target,30,9,9,0,0,0,196,0,0,0,0,17,7,2,0,0,0,0,0,0,45,lru,0,0,0,0,0,0,16,16,16,0,0,0,1
layer,132,1,29,383,decode_target,31,12,12,0,0,0,244,0,0,0,0,18,8,2,0,0,0,0,0,0,45,lru,0,0,0,0,0,0,16,16,16,0,0,0,1
layer,132,1,29,383,decode_target,32,11,10,1,859,595,214,161,1,0,1,1026,8,21,0,0,0,0,0,0,45,lru,0,0,0,0,0,0,16,15,16,0,1,0,1
layer,132,1,29,383,decode_target,33,11,10,1,868,555,223,315,2,0,2,1130,9,25,0,0,0,0,0,0,45,lru,0,0,0,0,0,0,16,15,16,0,1,0,1
layer,132,1,29,383,decode_target,34,12,12,0,0,0,215,0,0,0,0,25,10,2,0,0,0,0,0,0,45,lru,0,0,0,0,0,0,16,16,16,0,0,0,1
layer,132,1,29,383,decode_target,35,10,10,0,0,0,229,0,0,0,0,19,9,2,0,0,0,0,0,0,45,lru,0,0,0,0,0,0,16,16,16,0,0,0,1
layer,132,1,29,383,decode_target,36,11,11,0,0,0,237,0,0,0,0,19,8,2,0,0,0,0,0,0,45,lru,0,0,0,0,0,0,16,16,16,0,0,0,1
layer,132,1,29,383,decode_target,37,11,11,0,0,0,239,0,0,0,0,18,8,2,0,0,0,0,0,0,45,lru,0,0,0,0,0,0,16,16,16,0,0,0,1
layer,132,1,29,383,decode_target,38,14,14,0,0,0,226,0,0,0,0,26,8,8,0,0,0,0,0,0,45,lru,0,0,0,0,0,0,16,16,16,0,0,0,1
layer,132,1,29,383,decode_target,39,11,10,1,853,574,935,159,1,0,1,983,8,11,0,0,0,0,0,0,45,lru,0,0,0,0,0,0,16,15,16,0,1,0,1
request,132,1,29,0,decode_target,-1,0,0,0,0,0,0,0,0,0,0,0,0,0,0,0,0,0,0,0,0,,40266,324,0,0,21,0,0,0,0,0,0,0,0
layer,133,1,29,383,decode_mtp_process,40,13,13,0,0,0,145,0,0,0,0,24,11,3,0,0,0,0,0,0,45,lru,0,0,0,0,0,0,16,16,16,0,0,0,1
request,133,1,29,0,decode_mtp_process,-1,0,0,0,0,0,0,0,0,0,0,0,0,0,0,0,0,0,0,0,0,,671,17,0,0,6,0,0,0,0,0,0,0,0
layer,134,1,31,383,decode_mtp_draft,40,8,8,0,0,0,999,0,0,0,0,43,18,5,0,0,0,0,0,0,45,lru,0,0,0,0,0,0,8,8,8,0,0,0,2
request,134,1,31,0,decode_mtp_draft,-1,0,0,0,0,0,0,0,0,0,0,0,0,0,0,0,0,0,0,0,0,,1910,35,0,0,12,0,0,0,0,0,0,0,0
layer,135,1,31,386,decode_target,0,16,15,1,907,562,252,250,4,0,4,1074,16,17,0,0,0,0,0,0,45,lru,0,0,0,0,0,0,16,15,16,0,1,0,3
layer,135,1,31,386,decode_target,1,13,12,1,861,555,225,208,5,0,5,1057,14,18,0,0,0,0,0,0,45,lru,0,0,0,0,0,0,16,15,16,0,1,0,3
layer,135,1,31,386,decode_target,2,13,10,3,3096,1738,203,587,6,0,6,3395,13,20,0,0,0,0,0,0,45,lru,0,0,0,0,0,0,16,13,16,0,3,0,3
layer,135,1,31,386,decode_target,3,15,9,6,6638,3570,227,1735,9,0,9,7219,13,29,0,0,0,0,0,0,45,lru,0,0,0,0,0,0,16,10,16,0,6,0,3
layer,135,1,31,386,decode_target,4,13,11,2,1830,1112,228,480,6,0,6,2101,13,17,0,0,0,0,0,0,45,lru,0,0,0,0,0,0,16,14,16,0,2,0,4
layer,135,1,31,386,decode_target,5,12,10,2,1829,1127,220,493,5,0,5,2047,12,22,0,0,0,0,0,0,45,lru,0,0,0,0,0,0,16,14,16,0,2,0,3
layer,135,1,31,386,decode_target,6,13,10,3,3011,1715,202,749,6,0,6,3272,12,18,0,0,0,0,0,0,45,lru,0,0,0,0,0,0,16,13,16,0,3,0,3
layer,135,1,31,386,decode_target,7,13,12,1,972,584,220,285,4,0,4,1201,12,32,0,0,0,0,0,0,45,lru,0,0,0,0,0,0,16,15,16,0,1,0,3
layer,135,1,31,386,decode_target,8,13,12,1,893,584,226,167,4,0,4,1039,12,19,0,0,0,0,0,0,45,lru,0,0,0,0,0,0,16,15,16,0,1,0,3
layer,135,1,31,386,decode_target,9,13,11,2,1894,1208,226,550,6,0,6,2122,12,18,0,0,0,0,0,0,45,lru,0,0,0,0,0,0,16,14,16,0,2,0,2
layer,135,1,31,386,decode_target,10,12,11,1,881,585,197,202,4,0,4,1038,12,14,0,0,0,0,0,0,45,lru,0,0,0,0,0,0,16,15,16,0,1,0,8
layer,135,1,31,386,decode_target,11,12,11,1,969,578,218,202,4,0,4,1115,11,21,0,0,0,0,0,0,45,lru,0,0,0,0,0,0,16,15,16,0,1,0,2
layer,135,1,31,386,decode_target,12,15,15,0,0,0,280,0,0,0,0,37,11,4,0,0,0,0,0,0,45,lru,0,0,0,0,0,0,16,16,16,0,0,0,3
layer,135,1,31,386,decode_target,13,12,11,1,911,587,221,170,4,0,4,1060,11,18,0,0,0,0,0,0,45,lru,0,0,0,0,0,0,16,15,16,0,1,0,3
layer,135,1,31,386,decode_target,14,14,13,1,921,576,206,140,4,0,4,1051,11,12,0,0,0,0,0,0,45,lru,0,0,0,0,0,0,16,15,16,0,1,0,3
layer,135,1,31,386,decode_target,15,13,13,0,0,0,267,0,0,0,0,35,11,3,0,0,0,0,0,0,45,lru,0,0,0,0,0,0,16,16,16,0,0,0,2
layer,135,1,31,386,decode_target,16,12,9,3,3139,1712,218,679,7,0,7,3401,11,19,0,0,0,0,0,0,45,lru,0,0,0,0,0,0,16,13,16,0,3,0,2
layer,135,1,31,386,decode_target,17,13,13,0,0,0,267,0,0,0,0,32,11,3,0,0,0,0,0,0,45,lru,0,0,0,0,0,0,16,16,16,0,0,0,2
layer,135,1,31,386,decode_target,18,13,13,0,0,0,232,0,0,0,0,30,11,3,0,0,0,0,0,0,45,lru,0,0,0,0,0,0,16,16,16,0,0,0,2
layer,135,1,31,386,decode_target,19,12,11,1,936,568,219,208,3,0,3,1106,11,19,0,0,0,0,0,0,45,lru,0,0,0,0,0,0,16,15,16,0,1,0,2
layer,135,1,31,386,decode_target,20,14,13,1,902,589,231,200,3,0,3,1026,11,14,0,0,0,0,0,0,45,lru,0,0,0,0,0,0,16,15,16,0,1,0,2
layer,135,1,31,386,decode_target,21,12,10,2,1992,1119,220,524,5,0,5,2192,11,14,0,0,0,0,0,0,45,lru,0,0,0,0,0,0,16,14,16,0,2,0,2
layer,135,1,31,386,decode_target,22,14,11,3,3131,1746,206,798,4,0,4,3405,11,11,0,0,0,0,0,0,45,lru,0,0,0,0,0,0,16,13,16,0,3,0,2
layer,135,1,31,386,decode_target,23,15,11,4,4371,2351,228,1267,7,0,7,4703,11,11,0,0,0,0,0,0,45,lru,0,0,0,0,0,0,16,12,16,0,4,0,2
layer,135,1,31,386,decode_target,24,15,14,1,945,583,232,311,2,0,2,1174,11,20,0,0,0,0,0,0,45,lru,0,0,0,0,0,0,16,15,16,0,1,0,2
layer,135,1,31,386,decode_target,25,14,14,0,0,0,270,0,0,0,0,31,11,3,0,0,0,0,0,0,45,lru,0,0,0,0,0,0,16,16,16,0,0,0,2
layer,135,1,31,386,decode_target,26,12,12,0,0,0,223,0,0,0,0,28,11,3,0,0,0,0,0,0,45,lru,0,0,0,0,0,0,16,16,16,0,0,0,2
layer,135,1,31,386,decode_target,27,12,12,0,0,0,266,0,0,0,0,30,11,3,0,0,0,0,0,0,45,lru,0,0,0,0,0,0,16,16,16,0,0,0,2
layer,135,1,31,386,decode_target,28,11,9,2,2094,1151,214,621,5,0,5,2345,10,19,0,0,0,0,0,0,45,lru,0,0,0,0,0,0,16,14,16,0,2,0,2
layer,135,1,31,386,decode_target,29,12,10,2,2098,1132,222,433,4,0,4,2306,11,14,0,0,0,0,0,0,45,lru,0,0,0,0,0,0,16,14,16,0,2,0,2
layer,135,1,31,386,decode_target,30,12,12,0,0,0,222,0,0,0,0,29,11,3,0,0,0,0,0,0,45,lru,0,0,0,0,0,0,16,16,16,0,0,0,2
layer,135,1,31,386,decode_target,31,12,11,1,951,567,218,286,2,0,2,1147,10,29,0,0,0,0,0,0,45,lru,0,0,0,0,0,0,16,15,16,0,1,0,1
layer,135,1,31,386,decode_target,32,12,11,1,943,575,221,181,2,0,2,1061,11,10,0,0,0,0,0,0,45,lru,0,0,0,0,0,0,16,15,16,0,1,0,1
layer,135,1,31,386,decode_target,33,10,10,0,0,0,248,0,0,0,0,27,10,3,0,0,0,0,0,0,45,lru,0,0,0,0,0,0,16,16,16,0,0,0,1
layer,135,1,31,386,decode_target,34,11,11,0,0,0,221,0,0,0,0,26,10,3,0,0,0,0,0,0,45,lru,0,0,0,0,0,0,16,16,16,0,0,0,1
layer,135,1,31,386,decode_target,35,11,10,1,894,577,212,308,2,0,2,1086,10,22,0,0,0,0,0,0,45,lru,0,0,0,0,0,0,16,15,16,0,1,0,1
layer,135,1,31,386,decode_target,36,11,9,2,2480,1061,212,509,5,0,5,2662,11,12,0,0,0,0,0,0,45,lru,0,0,0,0,0,0,16,13,16,0,2,0,1
layer,135,1,31,386,decode_target,37,10,7,3,3092,1780,209,949,5,0,5,3421,10,29,0,0,0,0,0,0,45,lru,0,0,0,0,0,0,16,12,16,0,3,0,1
layer,135,1,31,386,decode_target,38,9,8,1,978,576,180,254,3,0,3,1107,11,14,0,0,0,0,0,0,45,lru,0,0,0,0,0,0,16,14,16,0,1,0,2
layer,135,1,31,386,decode_target,39,11,10,1,916,587,942,393,2,0,2,1172,10,20,0,0,0,0,0,0,45,lru,0,0,0,0,0,0,16,15,16,0,1,0,1
request,135,1,31,0,decode_target,-1,0,0,0,0,0,0,0,0,0,0,0,0,0,0,0,0,0,0,0,0,,77740,647,0,0,29,0,0,0,0,0,0,0,0
layer,136,1,31,386,decode_mtp_process,40,13,13,0,0,0,162,0,0,0,0,34,14,4,0,0,0,0,0,0,45,lru,0,0,0,0,0,0,16,16,16,0,0,0,2
request,136,1,31,0,decode_mtp_process,-1,0,0,0,0,0,0,0,0,0,0,0,0,0,0,0,0,0,0,0,0,,869,22,0,0,7,0,0,0,0,0,0,0,0
