row_type,request_idx,repeat_idx,batch_idx,token_idx,phase,layer,k_required,k_hit,k_miss,ssd_read_us,h2d_us,compute_us,stall_us,pred_us,pred_observe_us,pred_score_us,callback_wall_us,topk_d2h_us,slot_ids_h2d_us,slot_table_h2d_us,eamc_rows_scored,eamc_cosine_us,eamc_score_materialize_us,eamc_score_cache_hits,eamc_score_cache_misses,cache_resident_experts,predictor,request_wall_us,request_end_us,predictor_end_us,predictor_save_us,profile_flush_us,sidecar_write_bytes,routes_required,routes_hit,routes_persistent,k_empty_admit,k_victim_admit,k_scratch,route_rank_us,host_cache_hits,host_cache_misses,host_cache_hit_bytes,host_cache_miss_bytes,host_cache_lookup_us,host_cache_fill_us,host_memcpy_us,host_memcpy_bytes,h2d_bytes,pinned_staging_wait_us,ssd_bytes,ssd_reads,route_hash,sere_secondary_routes,sere_rerouted_routes,sere_original_miss_routes,sere_original_unique_required,sere_original_unique_misses,sere_rerouted_miss_routes,sere_threshold_rejects,sere_similarity_sum
layer,1,0,0,0,prefill,0,176,0,176,958430,31297,25066,2504,1,1,0,964680,27,90,0,0,0,0,0,0,60,lru,0,0,0,0,0,0,1024,0,699,60,0,116,38,0,0,0,0,0,0,0,0,334495744,1198,334495744,528,12219648178270828789,0,0,0,0,0,0,0,0
layer,1,0,0,0,prefill,1,182,0,182,1014859,33163,2677,5509,3,3,0,1021409,20,114,0,0,0,0,0,0,60,lru,0,0,0,0,0,0,1024,0,725,60,0,122,31,0,0,0,0,0,0,0,0,345899008,3279,345899008,546,15277931125921217785,0,0,0,0,0,0,0,0
layer,1,0,0,0,prefill,2,206,0,206,975233,31953,15808,4287,6,6,0,982960,20,28,0,0,0,0,0,0,60,lru,0,0,0,0,0,0,1024,0,628,60,0,146,33,0,0,0,0,0,0,0,0,391512064,2221,391512064,618,17145500094531255386,0,0,0,0,0,0,0,0
layer,1,0,0,0,prefill,3,167,0,167,980352,31680,3371,3242,3,3,0,986257,26,85,0,0,0,0,0,0,60,lru,0,0,0,0,0,0,1024,0,821,60,0,107,30,0,0,0,0,0,0,0,0,317390848,1516,317390848,501,1673858601191253994,0,0,0,0,0,0,0,0
layer,1,0,0,0,prefill,4,124,0,124,876059,27208,4049,2806,1,1,0,880397,20,68,0,0,0,0,0,0,60,lru,0,0,0,0,0,0,1024,0,906,60,0,64,23,0,0,0,0,0,0,0,0,235667456,884,235667456,372,14600063501994671226,0,0,0,0,0,0,0,0
layer,1,0,0,0,prefill,5,133,0,133,832508,26179,4077,3549,2,2,0,837164,19,64,0,0,0,0,0,0,60,lru,0,0,0,0,0,0,1024,0,880,60,0,73,24,0,0,0,0,0,0,0,0,252772352,1137,252772352,399,9424053262310121956,0,0,0,0,0,0,0,0
layer,1,0,0,0,prefill,6,124,0,124,872237,27116,3938,2734,2,2,0,876562,19,14,0,0,0,0,0,0,60,lru,0,0,0,0,0,0,1024,0,905,60,0,64,22,0,0,0,0,0,0,0,0,235667456,874,235667456,372,14934414221709185757,0,0,0,0,0,0,0,0
layer,1,0,0,0,prefill,7,116,0,116,851375,24268,3415,2955,3,3,0,855918,20,85,0,0,0,0,0,0,60,lru,0,0,0,0,0,0,1024,0,935,60,0,56,21,0,0,0,0,0,0,0,0,220463104,731,220463104,348,7179905249574162474,0,0,0,0,0,0,0,0
layer,1,0,0,0,prefill,8,97,0,97,764347,22712,3844,2606,1,1,0,767929,20,61,0,0,0,0,0,0,60,lru,0,0,0,0,0,0,1024,0,971,60,0,37,22,0,0,0,0,0,0,0,0,184352768,289,184352768,291,4627850918294769679,0,0,0,0,0,0,0,0
layer,1,0,0,0,prefill,9,112,0,112,805982,25645,3917,2916,2,2,0,809998,17,35,0,0,0,0,0,0,60,lru,0,0,0,0,0,0,1024,0,945,60,0,52,21,0,0,0,0,0,0,0,0,212860928,807,212860928,336,4645575692911528739,0,0,0,0,0,0,0,0
layer,1,0,0,0,prefill,10,118,0,118,867756,25527,3853,2745,2,2,0,871785,28,61,0,0,0,0,0,0,60,lru,0,0,0,0,0,0,1024,0,907,60,0,58,24,0,0,0,0,0,0,0,0,224264192,731,224264192,354,16800884933985854512,0,0,0,0,0,0,0,0
layer,1,0,0,0,prefill,11,120,0,120,924267,26244,4003,2951,2,2,0,928358,21,51,0,0,0,0,0,0,60,lru,0,0,0,0,0,0,1024,0,892,60,0,60,24,0,0,0,0,0,0,0,0,228065280,980,228065280,360,17035824358329450958,0,0,0,0,0,0,0,0
layer,1,0,0,0,prefill,12,119,0,119,743521,25660,3988,2551,1,1,0,747532,19,54,0,0,0,0,0,0,60,lru,0,0,0,0,0,0,1024,0,916,60,0,59,23,0,0,0,0,0,0,0,0,226164736,620,226164736,357,6416490007006528880,0,0,0,0,0,0,0,0
layer,1,0,0,0,prefill,13,112,0,112,611508,26926,3954,2365,3,3,0,615127,18,63,0,0,0,0,0,0,60,lru,0,0,0,0,0,0,1024,0,916,60,0,52,23,0,0,0,0,0,0,0,0,212860928,643,212860928,336,11463464513360716238,0,0,0,0,0,0,0,0
layer,1,0,0,0,prefill,14,114,0,114,620546,27041,3858,2076,1,1,0,624144,17,43,0,0,0,0,0,0,60,lru,0,0,0,0,0,0,1024,0,937,60,0,54,22,0,0,0,0,0,0,0,0,216662016,435,216662016,342,4325479099591672170,0,0,0,0,0,0,0,0
layer,1,0,0,0,prefill,15,124,0,124,681531,29040,4047,2270,2,2,0,685523,17,71,0,0,0,0,0,0,60,lru,0,0,0,0,0,0,1024,0,930,60,0,64,24,0,0,0,0,0,0,0,0,235667456,637,235667456,372,970819422327397207,0,0,0,0,0,0,0,0
layer,1,0,0,0,prefill,16,121,0,121,669649,29949,4029,2168,1,1,0,673605,18,51,0,0,0,0,0,0,60,lru,0,0,0,0,0,0,1024,0,909,60,0,61,23,0,0,0,0,0,0,0,0,229965824,534,229965824,363,14380729604006571084,0,0,0,0,0,0,0,0
layer,1,0,0,0,prefill,17,132,0,132,705127,29788,3955,2413,2,2,0,709462,14,41,0,0,0,0,0,0,60,lru,0,0,0,0,0,0,1024,0,872,60,0,72,23,0,0,0,0,0,0,0,0,250871808,693,250871808,396,4671307045581148946,0,0,0,0,0,0,0,0
layer,1,0,0,0,prefill,18,130,0,130,701783,29903,3950,2405,1,1,0,705821,13,46,0,0,0,0,0,0,60,lru,0,0,0,0,0,0,1024,0,866,60,0,70,21,0,0,0,0,0,0,0,0,247070720,723,247070720,390,17898593779164621291,0,0,0,0,0,0,0,0
layer,1,0,0,0,prefill,19,117,0,117,642794,26868,4008,2564,3,3,0,646868,49,59,0,0,0,0,0,0,60,lru,0,0,0,0,0,0,1024,0,922,60,0,57,24,0,0,0,0,0,0,0,0,222363648,622,222363648,351,2163319464759232046,0,0,0,0,0,0,0,0
layer,1,0,0,0,prefill,20,112,0,112,638969,27740,1833,2186,1,1,0,642632,16,74,0,0,0,0,0,0,60,lru,0,0,0,0,0,0,1024,0,942,60,0,52,19,0,0,0,0,0,0,0,0,212860928,515,212860928,336,9921280713898615322,0,0,0,0,0,0,0,0
layer,1,0,0,0,prefill,21,118,0,118,684798,19979,4021,2520,2,2,0,690180,17,37,0,0,0,0,0,0,60,lru,0,0,0,0,0,0,1024,0,936,60,0,58,20,0,0,0,0,0,0,0,0,224264192,697,224264192,354,14809856661791415143,0,0,0,0,0,0,0,0
layer,1,0,0,0,prefill,22,131,0,131,748066,30784,1825,2857,1,1,0,752108,17,28,0,0,0,0,0,0,60,lru,0,0,0,0,0,0,1024,0,868,60,0,71,23,0,0,0,0,0,0,0,0,248971264,874,248971264,393,8380014407405543931,0,0,0,0,0,0,0,0
layer,1,0,0,0,prefill,23,135,0,135,725066,30099,4256,2729,2,2,0,729400,17,77,0,0,0,0,0,0,60,lru,0,0,0,0,0,0,1024,0,882,60,0,75,22,0,0,0,0,0,0,0,0,256573440,927,256573440,405,15581967104037421188,0,0,0,0,0,0,0,0
layer,1,0,0,0,prefill,24,123,0,123,677457,28927,2933,2134,1,1,0,681255,17,33,0,0,0,0,0,0,60,lru,0,0,0,0,0,0,1024,0,913,60,0,63,23,0,0,0,0,0,0,0,0,233766912,569,233766912,369,14789694810599579118,0,0,0,0,0,0,0,0
layer,1,0,0,0,prefill,25,127,0,127,666214,27624,4070,2687,2,2,0,670220,14,55,0,0,0,0,0,0,60,lru,0,0,0,0,0,0,1024,0,895,60,0,67,22,0,0,0,0,0,0,0,0,241369088,615,241369088,381,11689160194476348867,0,0,0,0,0,0,0,0
layer,1,0,0,0,prefill,26,135,0,135,703664,27841,3979,3221,1,1,0,708020,16,50,0,0,0,0,0,0,60,lru,0,0,0,0,0,0,1024,0,887,60,0,75,23,0,0,0,0,0,0,0,0,256573440,1203,256573440,405,13178241015007328604,0,0,0,0,0,0,0,0
layer,1,0,0,0,prefill,27,132,0,132,718165,31453,4064,2999,3,3,0,722326,15,55,0,0,0,0,0,0,60,lru,0,0,0,0,0,0,1024,0,881,60,0,72,22,0,0,0,0,0,0,0,0,250871808,1071,250871808,396,14846368672667771208,0,0,0,0,0,0,0,0
layer,1,0,0,0,prefill,28,129,0,129,630762,30736,4006,2632,1,1,0,635215,16,74,0,0,0,0,0,0,60,lru,0,0,0,0,0,0,1024,0,850,60,0,69,22,0,0,0,0,0,0,0,0,245170176,770,245170176,387,7888169583796691904,0,0,0,0,0,0,0,0
layer,1,0,0,0,prefill,29,137,0,137,561335,30841,4055,2386,2,2,0,565704,15,61,0,0,0,0,0,0,60,lru,0,0,0,0,0,0,1024,0,822,60,0,77,23,0,0,0,0,0,0,0,0,260374528,698,260374528,411,2104717543554312498,0,0,0,0,0,0,0,0
layer,1,0,0,0,prefill,30,147,0,147,626644,34791,4051,2455,1,1,0,631324,15,57,0,0,0,0,0,0,60,lru,0,0,0,0,0,0,1024,0,834,60,0,87,26,0,0,0,0,0,0,0,0,279379968,934,279379968,441,2048301277715180987,0,0,0,0,0,0,0,0
layer,1,0,0,0,prefill,31,128,0,128,545258,30358,4015,2201,3,3,0,549353,14,35,0,0,0,0,0,0,60,lru,0,0,0,0,0,0,1024,0,882,60,0,68,21,0,0,0,0,0,0,0,0,243269632,572,243269632,384,10929869390654555039,0,0,0,0,0,0,0,0
layer,1,0,0,0,prefill,32,138,0,138,598448,32134,4117,2449,1,1,0,602926,14,49,0,0,0,0,0,0,60,lru,0,0,0,0,0,0,1024,0,834,60,0,78,22,0,0,0,0,0,0,0,0,262275072,874,262275072,414,13826025403527238995,0,0,0,0,0,0,0,0
layer,1,0,0,0,prefill,33,146,0,146,585965,32139,4324,2521,2,2,0,590902,16,66,0,0,0,0,0,0,60,lru,0,0,0,0,0,0,1024,0,821,60,0,86,25,0,0,0,0,0,0,0,0,277479424,1183,277479424,438,13381094655000008861,0,0,0,0,0,0,0,0
layer,1,0,0,0,prefill,34,153,0,153,632924,35396,10841,2054,2,2,0,637675,21,32,0,0,0,0,0,0,60,lru,0,0,0,0,0,0,1024,0,791,60,0,93,27,0,0,0,0,0,0,0,0,312090624,917,312090624,459,6306605809918136037,0,0,0,0,0,0,0,0
layer,1,0,0,0,prefill,35,138,0,138,591921,33106,1975,2014,3,3,0,596244,20,42,0,0,0,0,0,0,60,lru,0,0,0,0,0,0,1024,0,882,60,0,78,27,0,0,0,0,0,0,0,0,262275072,641,262275072,414,10396090839241596827,0,0,0,0,0,0,0,0
layer,1,0,0,0,prefill,36,145,0,145,595241,33873,4272,2400,1,1,0,599749,14,48,0,0,0,0,0,0,60,lru,0,0,0,0,0,0,1024,0,848,60,0,85,23,0,0,0,0,0,0,0,0,275578880,889,275578880,435,3277203410339951116,0,0,0,0,0,0,0,0
layer,1,0,0,0,prefill,37,134,0,134,569187,29805,4084,2474,2,2,0,573411,17,55,0,0,0,0,0,0,60,lru,0,0,0,0,0,0,1024,0,910,60,0,74,23,0,0,0,0,0,0,0,0,254672896,783,254672896,402,687463232770928696,0,0,0,0,0,0,0,0
layer,1,0,0,0,prefill,38,126,0,126,575333,33026,3994,2409,1,1,0,579435,14,65,0,0,0,0,0,0,60,lru,0,0,0,0,0,0,1024,0,906,60,0,66,22,0,0,0,0,0,0,0,0,257015808,759,257015808,378,3152204717211103003,0,0,0,0,0,0,0,0
layer,1,0,0,0,prefill,39,142,0,142,626826,35130,10012,2617,2,2,0,631356,14,56,0,0,0,0,0,0,60,lru,0,0,0,0,0,0,1024,0,893,60,0,82,24,0,0,0,0,0,0,0,0,289652736,1079,289652736,426,18063871893985616342,0,0,0,0,0,0,0,0
request,1,0,0,0,prefill,-1,0,0,0,0,0,0,0,0,0,0,0,0,0,0,0,0,0,0,0,0,,29406457,31986,0,0,25,0,0,0,0,0,0,0,0,0,0,0,0,0,0,0,0,0,0,0,0,0,0,0,0,0,0,0,0,0
layer,2,0,1,128,decode,0,4,3,1,800,412,2492,1143,43,0,43,2195,42,4,0,0,0,0,0,0,60,lru,0,0,0,0,0,0,8,3,8,0,1,0,66,0,0,0,0,0,0,0,0,1900544,0,1900544,3,7254485698621351976,4,4,5,8,5,4,0,3.8
layer,2,0,1,128,decode,1,4,2,2,4982,626,2483,100,37,1,36,5283,11,28,0,0,0,0,0,0,60,lru,0,0,0,0,0,0,8,6,8,0,2,0,43,0,0,0,0,0,0,0,0,3801088,0,3801088,6,3621796405972268962,4,4,4,8,4,2,0,3.8
layer,2,0,1,128,decode,2,4,2,2,662,275,7041,37,33,0,33,884,9,26,0,0,0,0,0,0,60,lru,0,0,0,0,0,0,8,2,8,0,2,0,32,0,0,0,0,0,0,0,0,3801088,0,3801088,6,12635916025899081279,4,4,3,8,3,1,0,3.8
layer,2,0,1,128,decode,3,4,2,2,1588,583,2470,191,24,1,23,1900,13,6,0,0,0,0,0,0,60,lru,0,0,0,0,0,0,8,2,8,0,2,0,26,0,0,0,0,0,0,0,0,3801088,0,3801088,6,11818032023221440181,4,4,5,8,5,3,0,3.8
layer,2,0,1,128,decode,4,4,2,2,3958,592,2476,145,17,0,17,4187,9,17,0,0,0,0,0,0,60,lru,0,0,0,0,0,0,8,2,8,0,2,0,24,0,0,0,0,0,0,0,0,3801088,0,3801088,6,1078476587855752037,4,4,4,8,4,2,0,3.8
layer,2,0,1,128,decode,5,4,3,1,7245,174,2466,20,11,0,11,7380,8,16,0,0,0,0,0,0,60,lru,0,0,0,0,0,0,8,7,8,0,1,0,20,0,0,0,0,0,0,0,0,1900544,0,1900544,3,3492200779588346668,4,4,3,8,3,2,0,3.8
layer,2,0,1,128,decode,6,4,4,0,0,0,2436,0,0,0,0,42,8,2,0,0,0,0,0,0,60,lru,0,0,0,0,0,0,8,8,8,0,0,0,20,0,0,0,0,0,0,0,0,0,0,0,0,12352477216917890611,4,4,0,8,0,0,0,3.8
layer,2,0,1,128,decode,7,4,4,0,0,0,709,0,0,0,0,39,8,2,0,0,0,0,0,0,60,lru,0,0,0,0,0,0,8,8,8,0,0,0,19,0,0,0,0,0,0,0,0,0,0,0,0,10645742286864607541,4,4,2,8,2,2,0,3.8
layer,2,0,1,128,decode,8,4,4,0,0,0,310,0,1,1,0,35,7,2,0,0,0,0,0,0,60,lru,0,0,0,0,0,0,8,8,8,0,0,0,15,0,0,0,0,0,0,0,0,0,0,0,0,4597550119691628260,4,4,2,8,2,2,0,3.8
layer,2,0,1,128,decode,9,4,4,0,0,0,361,0,1,1,0,34,7,1,0,0,0,0,0,0,60,lru,0,0,0,0,0,0,8,8,8,0,0,0,17,0,0,0,0,0,0,0,0,0,0,0,0,15900863836771167033,4,4,3,8,3,3,0,3.8
layer,2,0,1,128,decode,10,4,2,2,621,268,165,56,1,0,1,732,7,2,0,0,0,0,0,0,60,lru,0,0,0,0,0,0,8,2,8,0,2,0,11,0,0,0,0,0,0,0,0,3801088,0,3801088,6,2005727276226465151,4,4,3,8,3,1,0,3.8
layer,2,0,1,128,decode,11,4,3,1,300,164,349,25,3,1,2,389,8,2,0,0,0,0,0,0,60,lru,0,0,0,0,0,0,8,7,8,0,1,0,8,0,0,0,0,0,0,0,0,1900544,0,1900544,3,12579422169020356552,4,4,4,8,4,3,0,3.8
layer,2,0,1,128,decode,12,4,4,0,0,0,260,0,0,0,0,30,8,2,0,0,0,0,0,0,60,lru,0,0,0,0,0,0,8,8,8,0,0,0,13,0,0,0,0,0,0,0,0,0,0,0,0,10229572552722613222,4,4,1,8,1,1,0,3.8
layer,2,0,1,128,decode,13,4,2,2,637,258,388,39,1,0,1,747,7,4,0,0,0,0,0,0,60,lru,0,0,0,0,0,0,8,2,8,0,2,0,12,0,0,0,0,0,0,0,0,3801088,0,3801088,6,6665372830215420749,4,4,4,8,4,2,0,3.8
layer,2,0,1,128,decode,14,4,1,3,1424,408,2442,79,1,0,1,1605,7,32,0,0,0,0,0,0,60,lru,0,0,0,0,0,0,8,1,8,0,3,0,10,0,0,0,0,0,0,0,0,5701632,0,5701632,9,678689756785630280,4,4,3,8,3,0,0,3.8
layer,2,0,1,128,decode,15,4,3,1,322,165,2440,20,2,0,2,414,8,4,0,0,0,0,0,0,60,lru,0,0,0,0,0,0,8,3,8,0,1,0,11,0,0,0,0,0,0,0,0,1900544,0,1900544,3,6492451984718908317,4,4,4,8,4,3,0,3.8
layer,2,0,1,128,decode,16,4,3,1,357,158,2458,25,1,0,1,428,7,3,0,0,0,0,0,0,60,lru,0,0,0,0,0,0,8,7,8,0,1,0,9,0,0,0,0,0,0,0,0,1900544,0,1900544,3,7781394979464073875,4,4,2,8,2,1,0,3.8
layer,2,0,1,128,decode,17,4,1,3,12556,499,2467,67,2,0,2,12708,8,16,0,0,0,0,0,0,60,lru,0,0,0,0,0,0,8,1,8,0,3,0,10,0,0,0,0,0,0,0,0,5701632,0,5701632,9,10778744199011381742,4,4,6,8,6,3,0,3.8
layer,2,0,1,128,decode,18,4,2,2,7909,294,2440,36,1,0,1,8024,8,2,0,0,0,0,0,0,60,lru,0,0,0,0,0,0,8,6,8,0,2,0,9,0,0,0,0,0,0,0,0,3801088,0,3801088,6,15428213503027162791,4,4,2,8,2,0,0,3.8
layer,2,0,1,128,decode,19,4,3,1,345,162,2435,23,3,1,2,415,8,4,0,0,0,0,0,0,60,lru,0,0,0,0,0,0,8,7,8,0,1,0,8,0,0,0,0,0,0,0,0,1900544,0,1900544,3,439579460207787610,4,4,4,8,4,3,0,3.8
layer,2,0,1,128,decode,20,4,3,1,344,146,2462,23,1,0,1,463,8,32,0,0,0,0,0,0,60,lru,0,0,0,0,0,0,8,7,8,0,1,0,8,0,0,0,0,0,0,0,0,1900544,0,1900544,3,4031525414649856691,4,4,2,8,2,1,0,3.8
layer,2,0,1,128,decode,21,4,4,0,0,0,2465,0,0,0,0,30,8,2,0,0,0,0,0,0,60,lru,0,0,0,0,0,0,8,8,8,0,0,0,11,0,0,0,0,0,0,0,0,0,0,0,0,11859017576096174558,4,4,0,8,0,0,0,3.8
layer,2,0,1,128,decode,22,4,3,1,312,168,2442,11,1,0,1,381,7,4,0,0,0,0,0,0,60,lru,0,0,0,0,0,0,8,7,8,0,1,0,8,0,0,0,0,0,0,0,0,1900544,0,1900544,3,18200230051106378273,4,4,3,8,3,2,0,3.8
layer,2,0,1,128,decode,23,4,4,0,0,0,2461,0,0,0,0,26,8,2,0,0,0,0,0,0,60,lru,0,0,0,0,0,0,8,8,8,0,0,0,7,0,0,0,0,0,0,0,0,0,0,0,0,14608638527555890338,4,4,2,8,2,2,0,3.8
layer,2,0,1,128,decode,24,4,1,3,973,466,2479,101,2,0,2,1122,7,7,0,0,0,0,0,0,60,lru,0,0,0,0,0,0,8,1,8,0,3,0,7,0,0,0,0,0,0,0,0,5701632,0,5701632,9,16150462203199701165,4,4,5,8,5,2,0,3.8
layer,2,0,1,128,decode,25,4,2,2,11959,449,2438,55,1,0,1,12065,8,2,0,0,0,0,0,0,60,lru,0,0,0,0,0,0,8,6,8,0,2,0,10,0,0,0,0,0,0,0,0,3801088,0,3801088,6,13597949711309564227,4,4,5,8,5,3,0,3.8
layer,2,0,1,128,decode,26,4,2,2,625,283,2463,43,1,0,1,723,8,3,0,0,0,0,0,0,60,lru,0,0,0,0,0,0,8,2,8,0,2,0,9,0,0,0,0,0,0,0,0,3801088,0,3801088,6,5280427195332901741,4,4,4,8,4,2,0,3.8
layer,2,0,1,128,decode,27,4,2,2,2074,302,2477,23,1,0,1,2178,7,2,0,0,0,0,0,0,60,lru,0,0,0,0,0,0,8,2,8,0,2,0,10,0,0,0,0,0,0,0,0,3801088,0,3801088,6,11932888571624955516,4,4,3,8,3,1,0,3.8
layer,2,0,1,128,decode,28,4,2,2,660,277,2455,55,1,0,1,775,7,4,0,0,0,0,0,0,60,lru,0,0,0,0,0,0,8,2,8,0,2,0,10,0,0,0,0,0,0,0,0,3801088,0,3801088,6,16255932830619625124,4,4,6,8,6,4,0,3.8
layer,2,0,1,128,decode,29,4,1,3,8747,509,2478,53,1,0,1,8896,8,2,0,0,0,0,0,0,60,lru,0,0,0,0,0,0,8,1,8,0,3,0,9,0,0,0,0,0,0,0,0,5701632,0,5701632,9,4264018244129441451,4,4,4,8,4,1,0,3.8
layer,2,0,1,128,decode,30,4,3,1,278,188,2444,11,2,0,2,353,8,5,0,0,0,0,0,0,60,lru,0,0,0,0,0,0,8,7,8,0,1,0,10,0,0,0,0,0,0,0,0,1900544,0,1900544,3,410245354798790185,4,4,2,8,2,1,0,3.8
layer,2,0,1,128,decode,31,4,2,2,567,259,2435,50,2,0,2,704,8,16,0,0,0,0,0,0,60,lru,0,0,0,0,0,0,8,6,8,0,2,0,8,0,0,0,0,0,0,0,0,3801088,0,3801088,6,17287114197177124735,4,4,4,8,4,2,0,3.8
layer,2,0,1,128,decode,32,4,2,2,566,296,2452,27,1,0,1,656,8,4,0,0,0,0,0,0,60,lru,0,0,0,0,0,0,8,2,8,0,2,0,8,0,0,0,0,0,0,0,0,3801088,0,3801088,6,11979471664201344225,4,4,5,8,5,3,0,3.8
layer,2,0,1,128,decode,33,4,2,2,567,306,2472,34,2,0,2,690,8,8,0,0,0,0,0,0,60,lru,0,0,0,0,0,0,8,6,8,0,2,0,7,0,0,0,0,0,0,0,0,3801088,0,3801088,6,13079216840428865492,4,4,3,8,3,1,0,3.8
layer,2,0,1,128,decode,34,4,0,4,8232,589,2455,75,1,0,1,8396,8,8,0,0,0,0,0,0,60,lru,0,0,0,0,0,0,8,0,8,0,4,0,8,0,0,0,0,0,0,0,0,8159232,0,8159232,12,4563490969377329733,4,4,7,8,7,3,0,3.8
layer,2,0,1,128,decode,35,4,0,4,5448,625,1763,106,2,0,2,5621,8,3,0,0,0,0,0,0,60,lru,0,0,0,0,0,0,8,0,8,0,4,0,9,0,0,0,0,0,0,0,0,7602176,0,7602176,12,3212437555711576240,4,4,6,8,6,2,0,3.8
layer,2,0,1,128,decode,36,4,2,2,569,282,312,60,1,0,1,672,8,3,0,0,0,0,0,0,60,lru,0,0,0,0,0,0,8,6,8,0,2,0,9,0,0,0,0,0,0,0,0,3801088,0,3801088,6,8712842599728639806,4,4,4,8,4,2,0,3.8
layer,2,0,1,128,decode,37,4,3,1,282,156,327,40,1,0,1,377,8,4,0,0,0,0,0,0,60,lru,0,0,0,0,0,0,8,7,8,0,1,0,7,0,0,0,0,0,0,0,0,1900544,0,1900544,3,120555162567654424,4,4,1,8,1,0,0,3.8
layer,2,0,1,128,decode,38,4,2,2,600,225,166,41,1,0,1,699,8,5,0,0,0,0,0,0,60,lru,0,0,0,0,0,0,8,2,8,0,2,0,8,0,0,0,0,0,0,0,0,4079616,0,4079616,6,4711211620252260246,4,4,6,8,6,4,0,3.8
layer,2,0,1,128,decode,39,4,0,4,6705,655,687,88,1,0,1,6854,8,3,0,0,0,0,0,0,60,lru,0,0,0,0,0,0,8,0,8,0,4,0,6,0,0,0,0,0,0,0,0,8159232,0,8159232,12,17569475213553106133,4,4,4,8,4,0,0,3.8
request,2,0,1,0,decode,-1,0,0,0,0,0,0,0,0,0,0,0,0,0,0,0,0,0,0,0,0,,185488,533,0,0,24,0,0,0,0,0,0,0,0,0,0,0,0,0,0,0,0,0,0,0,0,0,0,0,0,0,0,0,0,0
layer,3,0,2,129,decode,0,4,0,4,1281,516,2412,81,5,0,5,1436,11,3,0,0,0,0,0,0,60,lru,0,0,0,0,0,0,8,0,8,0,4,0,15,0,0,0,0,0,0,0,0,7602176,0,7602176,12,4009942129221919342,4,4,6,8,6,2,0,3.8
layer,3,0,2,129,decode,1,4,1,3,968,409,2425,64,6,0,6,1142,9,32,0,0,0,0,0,0,60,lru,0,0,0,0,0,0,8,1,8,0,3,0,13,0,0,0,0,0,0,0,0,5701632,0,5701632,9,18217181162900242125,4,4,7,8,7,4,0,3.8
layer,3,0,2,129,decode,2,4,3,1,353,243,2435,10,6,0,6,433,8,2,0,0,0,0,0,0,60,lru,0,0,0,0,0,0,8,3,8,0,1,0,10,0,0,0,0,0,0,0,0,1900544,0,1900544,3,14641973277619042545,4,4,1,8,1,0,0,3.8
layer,3,0,2,129,decode,3,4,3,1,351,186,2434,25,6,0,6,449,9,11,0,0,0,0,0,0,60,lru,0,0,0,0,0,0,8,7,8,0,1,0,11,0,0,0,0,0,0,0,0,1900544,0,1900544,3,16616902206516400534,4,4,4,8,4,3,0,3.8
layer,3,0,2,129,decode,4,4,3,1,534,191,2429,36,6,0,6,648,8,16,0,0,0,0,0,0,60,lru,0,0,0,0,0,0,8,3,8,0,1,0,10,0,0,0,0,0,0,0,0,1900544,0,1900544,3,16424355173830984036,4,4,2,8,2,1,0,3.8
layer,3,0,2,129,decode,5,4,2,2,918,268,2452,237,8,0,8,1080,13,6,0,0,0,0,0,0,60,lru,0,0,0,0,0,0,8,2,8,0,2,0,16,0,0,0,0,0,0,0,0,3801088,0,3801088,6,16940839952171273249,4,4,3,8,3,1,0,3.8
layer,3,0,2,129,decode,6,4,2,2,1071,402,2416,299,16,0,16,1352,16,50,0,0,0,0,0,0,60,lru,0,0,0,0,0,0,8,2,8,0,2,0,21,0,0,0,0,0,0,0,0,3801088,0,3801088,6,3816138747196402112,4,4,2,8,2,0,0,3.8
layer,3,0,2,129,decode,7,4,4,0,0,0,2427,0,0,0,0,50,15,5,0,0,0,0,0,0,60,lru,0,0,0,0,0,0,8,8,8,0,0,0,14,0,0,0,0,0,0,0,0,0,0,0,0,7631891154011321887,4,4,1,8,1,1,0,3.8
layer,3,0,2,129,decode,8,4,4,0,0,0,2430,0,0,0,0,38,8,4,0,0,0,0,0,0,60,lru,0,0,0,0,0,0,8,8,8,0,0,0,12,0,0,0,0,0,0,0,0,0,0,0,0,15750369181827034333,4,4,0,8,0,0,0,3.8
layer,3,0,2,129,decode,9,4,3,1,543,226,1934,130,2,0,2,681,8,24,0,0,0,0,0,0,60,lru,0,0,0,0,0,0,8,7,8,0,1,0,8,0,0,0,0,0,0,0,0,1900544,0,1900544,3,2006126965520706404,4,4,2,8,2,1,0,3.8
layer,3,0,2,129,decode,10,4,2,2,1211,434,427,334,4,0,4,1460,13,22,0,0,0,0,0,0,60,lru,0,0,0,0,0,0,8,2,8,0,2,0,14,0,0,0,0,0,0,0,0,3801088,0,3801088,6,3759654283283461690,4,4,3,8,3,1,0,3.8
layer,3,0,2,129,decode,11,4,2,2,3400,501,2437,323,3,0,3,3606,10,14,0,0,0,0,0,0,60,lru,0,0,0,0,0,0,8,6,8,0,2,0,14,0,0,0,0,0,0,0,0,3801088,0,3801088,6,76593789541441681,4,4,5,8,5,3,0,3.8
layer,3,0,2,129,decode,12,4,2,2,1310,460,2403,337,3,0,3,1502,15,16,0,0,0,0,0,0,60,lru,0,0,0,0,0,0,8,2,8,0,2,0,15,0,0,0,0,0,0,0,0,3801088,0,3801088,6,18322068005284588205,4,4,3,8,3,1,0,3.8
layer,3,0,2,129,decode,13,4,3,1,684,269,4713,126,2,0,2,817,14,8,0,0,0,0,0,0,60,lru,0,0,0,0,0,0,8,7,8,0,1,0,14,0,0,0,0,0,0,0,0,1900544,0,1900544,3,15487452751112710891,4,4,3,8,3,2,0,3.8
layer,3,0,2,129,decode,14,4,4,0,0,0,2436,0,0,0,0,53,18,5,0,0,0,0,0,0,60,lru,0,0,0,0,0,0,8,8,8,0,0,0,15,0,0,0,0,0,0,0,0,0,0,0,0,14150364592763107298,4,4,1,8,1,1,0,3.8
layer,3,0,2,129,decode,15,4,3,1,788,262,2433,218,1,0,1,971,13,49,0,0,0,0,0,0,60,lru,0,0,0,0,0,0,8,7,8,0,1,0,11,0,0,0,0,0,0,0,0,1900544,0,1900544,3,10843699677398472106,4,4,3,8,3,2,0,3.8
layer,3,0,2,129,decode,16,4,3,1,838,308,2449,197,1,0,1,1005,13,25,0,0,0,0,0,0,60,lru,0,0,0,0,0,0,8,7,8,0,1,0,11,0,0,0,0,0,0,0,0,1900544,0,1900544,3,974168355268651220,4,4,3,8,3,2,0,3.8
layer,3,0,2,129,decode,17,4,2,2,1367,738,2420,172,1,0,1,1550,8,26,0,0,0,0,0,0,60,lru,0,0,0,0,0,0,8,6,8,0,2,0,7,0,0,0,0,0,0,0,0,3801088,0,3801088,6,5742968698351092291,4,4,4,8,4,2,0,3.8
layer,3,0,2,129,decode,18,4,3,1,745,384,2412,95,1,0,1,941,8,35,0,0,0,0,0,0,60,lru,0,0,0,0,0,0,8,7,8,0,1,0,7,0,0,0,0,0,0,0,0,1900544,0,1900544,3,14228530030605661136,4,4,3,8,3,2,0,3.8
layer,3,0,2,129,decode,19,4,4,0,0,0,2447,0,0,0,0,31,9,2,0,0,0,0,0,0,60,lru,0,0,0,0,0,0,8,8,8,0,0,0,10,0,0,0,0,0,0,0,0,0,0,0,0,8779985708652089962,4,4,1,8,1,1,0,3.8
layer,3,0,2,129,decode,20,4,4,0,0,0,2411,0,0,0,0,29,10,3,0,0,0,0,0,0,60,lru,0,0,0,0,0,0,8,8,8,0,0,0,9,0,0,0,0,0,0,0,0,0,0,0,0,14112812933220228032,4,4,1,8,1,1,0,3.8
layer,3,0,2,129,decode,21,4,2,2,8608,488,2396,53,1,0,1,8740,8,15,0,0,0,0,0,0,60,lru,0,0,0,0,0,0,8,6,8,0,2,0,11,0,0,0,0,0,0,0,0,3801088,0,3801088,6,12655505646590248013,4,4,2,8,2,0,0,3.8
layer,3,0,2,129,decode,22,4,3,1,337,157,2379,12,1,0,1,415,9,3,0,0,0,0,0,0,60,lru,0,0,0,0,0,0,8,7,8,0,1,0,15,0,0,0,0,0,0,0,0,1900544,0,1900544,3,5273597231608101410,4,4,4,8,4,3,0,3.8
layer,3,0,2,129,decode,23,4,1,3,8133,392,764,47,1,0,1,8254,8,4,0,0,0,0,0,0,60,lru,0,0,0,0,0,0,8,1,8,0,3,0,8,0,0,0,0,0,0,0,0,5701632,0,5701632,9,15142440278461288835,4,4,7,8,7,4,0,3.8
layer,3,0,2,129,decode,24,4,2,2,732,263,398,40,2,0,2,834,8,3,0,0,0,0,0,0,60,lru,0,0,0,0,0,0,8,6,8,0,2,0,8,0,0,0,0,0,0,0,0,3801088,0,3801088,6,5503177415249193345,4,4,5,8,5,3,0,3.8
layer,3,0,2,129,decode,25,4,3,1,344,153,470,23,1,0,1,423,9,4,0,0,0,0,0,0,60,lru,0,0,0,0,0,0,8,7,8,0,1,0,9,0,0,0,0,0,0,0,0,1900544,0,1900544,3,3980064585259838052,4,4,3,8,3,2,0,3.8
layer,3,0,2,129,decode,26,4,2,2,697,259,424,35,2,0,2,808,9,4,0,0,0,0,0,0,60,lru,0,0,0,0,0,0,8,6,8,0,2,0,9,0,0,0,0,0,0,0,0,3801088,0,3801088,6,7942724142200509417,4,4,2,8,2,0,0,3.8
layer,3,0,2,129,decode,27,4,2,2,733,290,2438,34,1,0,1,823,9,5,0,0,0,0,0,0,60,lru,0,0,0,0,0,0,8,2,8,0,2,0,9,0,0,0,0,0,0,0,0,3801088,0,3801088,6,4695153776640113620,4,4,5,8,5,3,0,3.8
layer,3,0,2,129,decode,28,4,2,2,6256,525,2441,164,2,0,2,6489,15,8,0,0,0,0,0,0,60,lru,0,0,0,0,0,0,8,2,8,0,2,0,8,0,0,0,0,0,0,0,0,3801088,0,3801088,6,9598297871705367415,4,4,3,8,3,1,0,3.8
layer,3,0,2,129,decode,29,4,2,2,738,389,2443,38,1,0,1,830,9,2,0,0,0,0,0,0,60,lru,0,0,0,0,0,0,8,6,8,0,2,0,7,0,0,0,0,0,0,0,0,3801088,0,3801088,6,8117096877664535359,4,4,5,8,5,3,0,3.8
layer,3,0,2,129,decode,30,4,2,2,662,346,4653,56,1,0,1,822,8,17,0,0,0,0,0,0,60,lru,0,0,0,0,0,0,8,2,8,0,2,0,8,0,0,0,0,0,0,0,0,3801088,0,3801088,6,6093669227923424203,4,4,3,8,3,1,0,3.8
layer,3,0,2,129,decode,31,4,1,3,1237,550,2502,113,2,0,2,1470,12,21,0,0,0,0,0,0,60,lru,0,0,0,0,0,0,8,1,8,0,3,0,12,0,0,0,0,0,0,0,0,5701632,0,5701632,9,8148033028913976247,4,4,6,8,6,3,0,3.8
layer,3,0,2,129,decode,32,4,2,2,2043,444,4709,45,1,0,1,2188,9,8,0,0,0,0,0,0,60,lru,0,0,0,0,0,0,8,2,8,0,2,0,10,0,0,0,0,0,0,0,0,3801088,0,3801088,6,16642353015484540962,4,4,4,8,4,2,0,3.8
layer,3,0,2,129,decode,33,4,1,3,1309,624,2427,133,2,0,2,1506,16,12,0,0,0,0,0,0,60,lru,0,0,0,0,0,0,8,1,8,0,3,0,8,0,0,0,0,0,0,0,0,5701632,0,5701632,9,267435954301027104,4,4,7,8,7,4,0,3.8
layer,3,0,2,129,decode,34,4,3,1,443,302,2435,20,1,0,1,532,10,3,0,0,0,0,0,0,60,lru,0,0,0,0,0,0,8,7,8,0,1,0,8,0,0,0,0,0,0,0,0,2039808,0,2039808,3,1368594232293107880,4,4,4,8,4,3,0,3.8
layer,3,0,2,129,decode,35,4,0,4,2316,1065,2439,259,2,0,2,2627,9,12,0,0,0,0,0,0,60,lru,0,0,0,0,0,0,8,0,8,0,4,0,11,0,0,0,0,0,0,0,0,7602176,0,7602176,12,7811313778472687660,4,4,7,8,7,3,0,3.8
layer,3,0,2,129,decode,36,4,2,2,1099,556,2453,94,1,0,1,1279,9,17,0,0,0,0,0,0,60,lru,0,0,0,0,0,0,8,6,8,0,2,0,10,0,0,0,0,0,0,0,0,3801088,0,3801088,6,8817267746519535156,4,4,5,8,5,3,0,3.8
layer,3,0,2,129,decode,37,4,2,2,1094,561,2434,112,1,0,1,1250,9,15,0,0,0,0,0,0,60,lru,0,0,0,0,0,0,8,6,8,0,2,0,9,0,0,0,0,0,0,0,0,3801088,0,3801088,6,5563605079096226929,4,4,5,8,5,3,0,3.8
layer,3,0,2,129,decode,38,4,3,1,771,382,2411,124,1,0,1,965,8,17,0,0,0,0,0,0,60,lru,0,0,0,0,0,0,8,3,8,0,1,0,7,0,0,0,0,0,0,0,0,2039808,0,2039808,3,6127005088042792022,4,4,1,8,1,0,0,3.8
layer,3,0,2,129,decode,39,4,2,2,1515,764,752,296,1,0,1,1724,10,12,0,0,0,0,0,0,60,lru,0,0,0,0,0,0,8,6,8,0,2,0,9,0,0,0,0,0,0,0,0,4079616,0,4079616,6,16278566382525203625,4,4,5,8,5,3,0,3.8
request,3,0,2,0,decode,-1,0,0,0,0,0,0,0,0,0,0,0,0,0,0,0,0,0,0,0,0,,146067,523,0,0,14,0,0,0,0,0,0,0,0,0,0,0,0,0,0,0,0,0,0,0,0,0,0,0,0,0,0,0,0,0
layer,4,0,3,130,decode,0,4,3,1,747,371,295,183,6,0,6,967,10,16,0,0,0,0,0,0,60,lru,0,0,0,0,0,0,8,7,8,0,1,0,11,0,0,0,0,0,0,0,0,1900544,0,1900544,3,13078433122374814054,4,4,4,8,4,3,0,3.8
layer,4,0,3,130,decode,1,4,4,0,0,0,156,0,0,0,0,30,8,2,0,0,0,0,0,0,60,lru,0,0,0,0,0,0,8,8,8,0,0,0,10,0,0,0,0,0,0,0,0,0,0,0,0,9776382939445418239,4,4,2,8,2,2,0,3.8
layer,4,0,3,130,decode,2,4,3,1,733,380,309,173,6,0,6,889,6,29,0,0,0,0,0,0,60,lru,0,0,0,0,0,0,8,7,8,0,1,0,11,0,0,0,0,0,0,0,0,1900544,0,1900544,3,16549698933291815614,4,4,4,8,4,3,0,3.8
layer,4,0,3,130,decode,3,4,4,0,0,0,2429,0,0,0,0,26,7,2,0,0,0,0,0,0,60,lru,0,0,0,0,0,0,8,8,8,0,0,0,9,0,0,0,0,0,0,0,0,0,0,0,0,12036899591994239491,4,4,1,8,1,1,0,3.8
layer,4,0,3,130,decode,4,4,4,0,0,0,2442,0,0,0,0,24,6,1,0,0,0,0,0,0,60,lru,0,0,0,0,0,0,8,8,8,0,0,0,9,0,0,0,0,0,0,0,0,0,0,0,0,7059730688841552790,4,4,1,8,1,1,0,3.8
layer,4,0,3,130,decode,5,4,3,1,712,362,2430,103,4,0,4,879,7,19,0,0,0,0,0,0,60,lru,0,0,0,0,0,0,8,7,8,0,1,0,10,0,0,0,0,0,0,0,0,1900544,0,1900544,3,8877300187440851748,4,4,3,8,3,2,0,3.8
layer,4,0,3,130,decode,6,4,2,2,1424,733,2430,191,6,0,6,1714,7,19,0,0,0,0,0,0,60,lru,0,0,0,0,0,0,8,2,8,0,2,0,8,0,0,0,0,0,0,0,0,3801088,0,3801088,6,17032128305396972001,4,4,3,8,3,1,0,3.8
layer,4,0,3,130,decode,7,4,3,1,732,385,2450,156,12,0,12,928,7,22,0,0,0,0,0,0,60,lru,0,0,0,0,0,0,8,7,8,0,1,0,9,0,0,0,0,0,0,0,0,1900544,0,1900544,3,14460412372417826711,4,4,1,8,1,0,0,3.8
layer,4,0,3,130,decode,8,4,4,0,0,0,2432,0,0,0,0,24,7,2,0,0,0,0,0,0,60,lru,0,0,0,0,0,0,8,8,8,0,0,0,8,0,0,0,0,0,0,0,0,0,0,0,0,15656069456606134592,4,4,1,8,1,1,0,3.8
layer,4,0,3,130,decode,9,4,4,0,0,0,2395,0,0,0,0,23,7,1,0,0,0,0,0,0,60,lru,0,0,0,0,0,0,8,8,8,0,0,0,8,0,0,0,0,0,0,0,0,0,0,0,0,12971268596560628170,4,4,0,8,0,0,0,3.8
layer,4,0,3,130,decode,10,4,4,0,0,0,2407,0,0,0,0,20,7,2,0,0,0,0,0,0,60,lru,0,0,0,0,0,0,8,8,8,0,0,0,5,0,0,0,0,0,0,0,0,0,0,0,0,8208956836174054071,4,4,0,8,0,0,0,3.8
layer,4,0,3,130,decode,11,4,3,1,723,370,2449,191,1,0,1,881,6,17,0,0,0,0,0,0,60,lru,0,0,0,0,0,0,8,7,8,0,1,0,5,0,0,0,0,0,0,0,0,1900544,0,1900544,3,15019377990662757526,4,4,1,8,1,0,0,3.8
layer,4,0,3,130,decode,12,4,3,1,702,367,2425,179,1,0,1,846,7,14,0,0,0,0,0,0,60,lru,0,0,0,0,0,0,8,7,8,0,1,0,7,0,0,0,0,0,0,0,0,1900544,0,1900544,3,428032302283571882,4,4,2,8,2,1,0,3.8
layer,4,0,3,130,decode,13,4,3,1,691,374,2438,161,1,0,1,885,7,18,0,0,0,0,0,0,60,lru,0,0,0,0,0,0,8,7,8,0,1,0,7,0,0,0,0,0,0,0,0,1900544,0,1900544,3,8924186582193385729,4,4,2,8,2,1,0,3.8
layer,4,0,3,130,decode,14,4,4,0,0,0,2432,0,0,0,0,24,7,2,0,0,0,0,0,0,60,lru,0,0,0,0,0,0,8,8,8,0,0,0,7,0,0,0,0,0,0,0,0,0,0,0,0,10631404991424272461,4,4,1,8,1,1,0,3.8
layer,4,0,3,130,decode,15,4,3,1,691,373,2436,192,1,0,1,895,7,16,0,0,0,0,0,0,60,lru,0,0,0,0,0,0,8,3,8,0,1,0,7,0,0,0,0,0,0,0,0,1900544,0,1900544,3,9793197658095345284,4,4,1,8,1,0,0,3.8
layer,4,0,3,130,decode,16,4,4,0,0,0,2439,0,0,0,0,23,7,2,0,0,0,0,0,0,60,lru,0,0,0,0,0,0,8,8,8,0,0,0,6,0,0,0,0,0,0,0,0,0,0,0,0,10521401320769842190,4,4,2,8,2,2,0,3.8
layer,4,0,3,130,decode,17,4,4,0,0,0,2444,0,0,0,0,22,7,2,0,0,0,0,0,0,60,lru,0,0,0,0,0,0,8,8,8,0,0,0,7,0,0,0,0,0,0,0,0,0,0,0,0,9578889383103312303,4,4,2,8,2,2,0,3.8
layer,4,0,3,130,decode,18,4,4,0,0,0,2371,0,0,0,0,18,7,2,0,0,0,0,0,0,60,lru,0,0,0,0,0,0,8,8,8,0,0,0,3,0,0,0,0,0,0,0,0,0,0,0,0,13400562665080866347,4,4,2,8,2,2,0,3.8
layer,4,0,3,130,decode,19,4,4,0,0,0,2397,0,0,0,0,20,7,1,0,0,0,0,0,0,60,lru,0,0,0,0,0,0,8,8,8,0,0,0,5,0,0,0,0,0,0,0,0,0,0,0,0,9056008498085144851,4,4,2,8,2,2,0,3.8
layer,4,0,3,130,decode,20,4,3,1,696,380,2428,156,1,0,1,880,7,6,0,0,0,0,0,0,60,lru,0,0,0,0,0,0,8,7,8,0,1,0,5,0,0,0,0,0,0,0,0,1900544,0,1900544,3,10066371701756248466,4,4,2,8,2,1,0,3.8
layer,4,0,3,130,decode,21,4,4,0,0,0,2444,0,0,0,0,23,7,2,0,0,0,0,0,0,60,lru,0,0,0,0,0,0,8,8,8,0,0,0,7,0,0,0,0,0,0,0,0,0,0,0,0,459717484904868512,4,4,0,8,0,0,0,3.8
layer,4,0,3,130,decode,22,4,4,0,0,0,2407,0,0,0,0,21,7,2,0,0,0,0,0,0,60,lru,0,0,0,0,0,0,8,8,8,0,0,0,5,0,0,0,0,0,0,0,0,0,0,0,0,2845762617103576686,4,4,2,8,2,2,0,3.8
layer,4,0,3,130,decode,23,4,4,0,0,0,2446,0,0,0,0,20,7,1,0,0,0,0,0,0,60,lru,0,0,0,0,0,0,8,8,8,0,0,0,6,0,0,0,0,0,0,0,0,0,0,0,0,16806472308046738530,4,4,1,8,1,1,0,3.8
layer,4,0,3,130,decode,24,4,3,1,691,380,2202,32,1,0,1,823,7,10,0,0,0,0,0,0,60,lru,0,0,0,0,0,0,8,7,8,0,1,0,6,0,0,0,0,0,0,0,0,1900544,0,1900544,3,5749099972074911345,4,4,3,8,3,2,0,3.8
layer,4,0,3,130,decode,25,4,3,1,688,360,279,183,1,0,1,863,7,17,0,0,0,0,0,0,60,lru,0,0,0,0,0,0,8,7,8,0,1,0,5,0,0,0,0,0,0,0,0,1900544,0,1900544,3,5297954392021419317,4,4,3,8,3,2,0,3.8
layer,4,0,3,130,decode,26,4,1,3,2210,1069,144,367,2,0,2,2521,8,16,0,0,0,0,0,0,60,lru,0,0,0,0,0,0,8,1,8,0,3,0,5,0,0,0,0,0,0,0,0,5701632,0,5701632,9,15628415264836742450,4,4,6,8,6,3,0,3.8
layer,4,0,3,130,decode,27,4,3,1,671,373,2433,194,1,0,1,848,8,17,0,0,0,0,0,0,60,lru,0,0,0,0,0,0,8,3,8,0,1,0,5,0,0,0,0,0,0,0,0,1900544,0,1900544,3,6715471078280539728,4,4,3,8,3,2,0,3.8
layer,4,0,3,130,decode,28,4,4,0,0,0,2409,0,0,0,0,20,7,1,0,0,0,0,0,0,60,lru,0,0,0,0,0,0,8,8,8,0,0,0,5,0,0,0,0,0,0,0,0,0,0,0,0,11243632614614782402,4,4,3,8,3,3,0,3.8
layer,4,0,3,130,decode,29,4,3,1,5640,281,2446,32,1,0,1,5732,7,16,0,0,0,0,0,0,60,lru,0,0,0,0,0,0,8,7,8,0,1,0,6,0,0,0,0,0,0,0,0,1900544,0,1900544,3,194829979819220944,4,4,2,8,2,1,0,3.8
layer,4,0,3,130,decode,30,4,2,2,586,266,2405,51,1,0,1,698,7,13,0,0,0,0,0,0,60,lru,0,0,0,0,0,0,8,2,8,0,2,0,3,0,0,0,0,0,0,0,0,3801088,0,3801088,6,15069538351619275358,4,4,5,8,5,3,0,3.8
layer,4,0,3,130,decode,31,4,2,2,1004,291,2446,57,1,0,1,1087,7,2,0,0,0,0,0,0,60,lru,0,0,0,0,0,0,8,6,8,0,2,0,5,0,0,0,0,0,0,0,0,3801088,0,3801088,6,3457921919763651916,4,4,5,8,5,3,0,3.8
layer,4,0,3,130,decode,32,4,1,3,847,408,2466,60,1,0,1,997,7,18,0,0,0,0,0,0,60,lru,0,0,0,0,0,0,8,1,8,0,3,0,5,0,0,0,0,0,0,0,0,5701632,0,5701632,9,1107905058554979020,4,4,7,8,7,4,0,3.8
layer,4,0,3,130,decode,33,4,1,3,2147,383,2439,77,1,0,1,2279,7,3,0,0,0,0,0,0,60,lru,0,0,0,0,0,0,8,1,8,0,3,0,9,0,0,0,0,0,0,0,0,5701632,0,5701632,9,366107515318872101,4,4,6,8,6,3,0,3.8
layer,4,0,3,130,decode,34,4,1,3,10935,507,2406,77,1,0,1,11086,7,16,0,0,0,0,0,0,60,lru,0,0,0,0,0,0,8,1,8,0,3,0,5,0,0,0,0,0,0,0,0,6119424,0,6119424,9,14096927041735406230,4,4,5,8,5,2,0,3.8
layer,4,0,3,130,decode,35,4,1,3,2147,374,2444,50,1,0,1,2272,8,2,0,0,0,0,0,0,60,lru,0,0,0,0,0,0,8,1,8,0,3,0,6,0,0,0,0,0,0,0,0,5701632,0,5701632,9,2235766174632013715,4,4,4,8,4,1,0,3.8
layer,4,0,3,130,decode,36,4,0,4,5599,497,2462,112,1,0,1,5781,7,6,0,0,0,0,0,0,60,lru,0,0,0,0,0,0,8,0,8,0,4,0,5,0,0,0,0,0,0,0,0,7602176,0,7602176,12,14705697963679940260,4,4,6,8,6,2,0,3.8
layer,4,0,3,130,decode,37,4,2,2,3551,340,278,41,1,0,1,3658,8,3,0,0,0,0,0,0,60,lru,0,0,0,0,0,0,8,6,8,0,2,0,3,0,0,0,0,0,0,0,0,3801088,0,3801088,6,3233118492518881011,4,4,4,8,4,2,0,3.8
layer,4,0,3,130,decode,38,4,1,3,1552,384,279,75,1,0,1,1702,7,16,0,0,0,0,0,0,60,lru,0,0,0,0,0,0,8,1,8,0,3,0,6,0,0,0,0,0,0,0,0,6119424,0,6119424,9,4161072582220947546,4,4,5,8,5,2,0,3.8
layer,4,0,3,130,decode,39,4,0,4,6007,549,756,89,1,0,1,6162,7,3,0,0,0,0,0,0,60,lru,0,0,0,0,0,0,8,0,8,0,4,0,6,0,0,0,0,0,0,0,0,8159232,0,8159232,12,10817188479972765836,4,4,8,8,8,4,0,3.8
request,4,0,3,0,decode,-1,0,0,0,0,0,0,0,0,0,0,0,0,0,0,0,0,0,0,0,0,,126548,435,0,0,17,0,0,0,0,0,0,0,0,0,0,0,0,0,0,0,0,0,0,0,0,0,0,0,0,0,0,0,0,0
layer,5,0,4,131,decode,0,4,4,0,0,0,2423,0,0,0,0,29,9,2,0,0,0,0,0,0,60,lru,0,0,0,0,0,0,8,8,8,0,0,0,11,0,0,0,0,0,0,0,0,0,0,0,0,3400594129893413490,4,4,2,8,2,2,0,3.8
layer,5,0,4,131,decode,1,4,3,1,426,245,2435,42,5,0,5,538,7,18,0,0,0,0,0,0,60,lru,0,0,0,0,0,0,8,7,8,0,1,0,9,0,0,0,0,0,0,0,0,1900544,0,1900544,3,16004340424709837616,4,4,2,8,2,1,0,3.8
layer,5,0,4,131,decode,2,4,2,2,863,424,2404,78,5,0,5,998,8,10,0,0,0,0,0,0,60,lru,0,0,0,0,0,0,8,2,8,0,2,0,9,0,0,0,0,0,0,0,0,3801088,0,3801088,6,6846447449144745049,4,4,4,8,4,2,0,3.8
layer,5,0,4,131,decode,3,4,3,1,413,233,2424,52,5,0,5,521,7,10,0,0,0,0,0,0,60,lru,0,0,0,0,0,0,8,7,8,0,1,0,7,0,0,0,0,0,0,0,0,1900544,0,1900544,3,13794683725162699467,4,4,3,8,3,2,0,3.8
layer,5,0,4,131,decode,4,4,4,0,0,0,2434,0,0,0,0,25,7,2,0,0,0,0,0,0,60,lru,0,0,0,0,0,0,8,8,8,0,0,0,8,0,0,0,0,0,0,0,0,0,0,0,0,17195987552855009240,4,4,0,8,0,0,0,3.8
layer,5,0,4,131,decode,5,4,3,1,513,287,2408,62,4,0,4,628,7,15,0,0,0,0,0,0,60,lru,0,0,0,0,0,0,8,3,8,0,1,0,8,0,0,0,0,0,0,0,0,1900544,0,1900544,3,10614957309597025354,4,4,3,8,3,2,0,3.8
layer,5,0,4,131,decode,6,4,4,0,0,0,2412,0,0,0,0,24,7,2,0,0,0,0,0,0,60,lru,0,0,0,0,0,0,8,8,8,0,0,0,8,0,0,0,0,0,0,0,0,0,0,0,0,2557121950539897007,4,4,1,8,1,1,0,3.8
layer,5,0,4,131,decode,7,4,3,1,512,289,2433,112,5,0,5,666,7,16,0,0,0,0,0,0,60,lru,0,0,0,0,0,0,8,7,8,0,1,0,5,0,0,0,0,0,0,0,0,1900544,0,1900544,3,6270205900373898624,4,4,1,8,1,0,0,3.8
layer,5,0,4,131,decode,8,4,3,1,513,282,2449,73,7,0,7,662,8,4,0,0,0,0,0,0,60,lru,0,0,0,0,0,0,8,7,8,0,1,0,6,0,0,0,0,0,0,0,0,1900544,0,1900544,3,2335523650741736857,4,4,1,8,1,0,0,3.8
layer,5,0,4,131,decode,9,4,4,0,0,0,830,0,0,0,0,24,7,2,0,0,0,0,0,0,60,lru,0,0,0,0,0,0,8,8,8,0,0,0,7,0,0,0,0,0,0,0,0,0,0,0,0,7003594390079086163,4,4,0,8,0,0,0,3.8
layer,5,0,4,131,decode,10,4,4,0,0,0,263,0,0,0,0,22,7,2,0,0,0,0,0,0,60,lru,0,0,0,0,0,0,8,8,8,0,0,0,7,0,0,0,0,0,0,0,0,0,0,0,0,7230346732559386597,4,4,2,8,2,2,0,3.8
layer,5,0,4,131,decode,11,4,2,2,1319,655,295,226,1,0,1,1554,7,19,0,0,0,0,0,0,60,lru,0,0,0,0,0,0,8,2,8,0,2,0,6,0,0,0,0,0,0,0,0,3801088,0,3801088,6,16069947204122160773,4,4,3,8,3,1,0,3.8
layer,5,0,4,131,decode,12,4,3,1,645,343,171,201,1,0,1,838,7,23,0,0,0,0,0,0,60,lru,0,0,0,0,0,0,8,7,8,0,1,0,5,0,0,0,0,0,0,0,0,1900544,0,1900544,3,1891915761182489163,4,4,1,8,1,0,0,3.8
layer,5,0,4,131,decode,13,4,3,1,629,322,2427,82,1,0,1,819,7,8,0,0,0,0,0,0,60,lru,0,0,0,0,0,0,8,7,8,0,1,0,4,0,0,0,0,0,0,0,0,1900544,0,1900544,3,5768960409228083987,4,4,2,8,2,1,0,3.8
layer,5,0,4,131,decode,14,4,3,1,620,362,2411,81,1,0,1,743,7,14,0,0,0,0,0,0,60,lru,0,0,0,0,0,0,8,7,8,0,1,0,5,0,0,0,0,0,0,0,0,1900544,0,1900544,3,1142481565105961865,4,4,2,8,2,1,0,3.8
layer,5,0,4,131,decode,15,4,4,0,0,0,2429,0,0,0,0,22,7,1,0,0,0,0,0,0,60,lru,0,0,0,0,0,0,8,8,8,0,0,0,6,0,0,0,0,0,0,0,0,0,0,0,0,813869295889932675,4,4,0,8,0,0,0,3.8
layer,5,0,4,131,decode,16,4,4,0,0,0,2423,0,0,0,0,19,7,2,0,0,0,0,0,0,60,lru,0,0,0,0,0,0,8,8,8,0,0,0,5,0,0,0,0,0,0,0,0,0,0,0,0,4256803475217346022,4,4,2,8,2,2,0,3.8
layer,5,0,4,131,decode,17,4,4,0,0,0,2436,0,0,0,0,20,7,2,0,0,0,0,0,0,60,lru,0,0,0,0,0,0,8,8,8,0,0,0,5,0,0,0,0,0,0,0,0,0,0,0,0,3808298191093150956,4,4,1,8,1,1,0,3.8
layer,5,0,4,131,decode,18,4,4,0,0,0,2381,0,0,0,0,22,7,2,0,0,0,0,0,0,60,lru,0,0,0,0,0,0,8,8,8,0,0,0,6,0,0,0,0,0,0,0,0,0,0,0,0,14733319217939839028,4,4,3,8,3,3,0,3.8
layer,5,0,4,131,decode,19,4,4,0,0,0,2425,0,0,0,0,20,7,2,0,0,0,0,0,0,60,lru,0,0,0,0,0,0,8,8,8,0,0,0,5,0,0,0,0,0,0,0,0,0,0,0,0,12764925397709623299,4,4,0,8,0,0,0,3.8
layer,5,0,4,131,decode,20,4,3,1,698,382,2448,147,1,0,1,866,6,20,0,0,0,0,0,0,60,lru,0,0,0,0,0,0,8,3,8,0,1,0,5,0,0,0,0,0,0,0,0,1900544,0,1900544,3,18138902382742139013,4,4,1,8,1,0,0,3.8
layer,5,0,4,131,decode,21,4,3,1,677,373,2394,217,1,0,1,874,7,16,0,0,0,0,0,0,60,lru,0,0,0,0,0,0,8,7,8,0,1,0,4,0,0,0,0,0,0,0,0,1900544,0,1900544,3,1487445169750285917,4,4,1,8,1,0,0,3.8
layer,5,0,4,131,decode,22,4,4,0,0,0,2410,0,0,0,0,23,8,2,0,0,0,0,0,0,60,lru,0,0,0,0,0,0,8,8,8,0,0,0,6,0,0,0,0,0,0,0,0,0,0,0,0,14375515198799797197,4,4,4,8,4,4,0,3.8
layer,5,0,4,131,decode,23,4,3,1,685,398,2449,136,1,0,1,842,7,18,0,0,0,0,0,0,60,lru,0,0,0,0,0,0,8,7,8,0,1,0,4,0,0,0,0,0,0,0,0,1900544,0,1900544,3,18080613581299018078,4,4,1,8,1,0,0,3.8
layer,5,0,4,131,decode,24,4,4,0,0,0,2425,0,0,0,0,23,8,2,0,0,0,0,0,0,60,lru,0,0,0,0,0,0,8,8,8,0,0,0,6,0,0,0,0,0,0,0,0,0,0,0,0,4930811191069657500,4,4,1,8,1,1,0,3.8
layer,5,0,4,131,decode,25,4,3,1,672,376,2424,108,1,0,1,835,7,14,0,0,0,0,0,0,60,lru,0,0,0,0,0,0,8,7,8,0,1,0,5,0,0,0,0,0,0,0,0,1900544,0,1900544,3,10230170743851272625,4,4,3,8,3,2,0,3.8
layer,5,0,4,131,decode,26,4,4,0,0,0,2429,0,0,0,0,22,8,2,0,0,0,0,0,0,60,lru,0,0,0,0,0,0,8,8,8,0,0,0,5,0,0,0,0,0,0,0,0,0,0,0,0,9733626745682331536,4,4,2,8,2,2,0,3.8
layer,5,0,4,131,decode,27,4,3,1,672,364,2426,109,1,0,1,835,7,17,0,0,0,0,0,0,60,lru,0,0,0,0,0,0,8,7,8,0,1,0,6,0,0,0,0,0,0,0,0,1900544,0,1900544,3,12561386341647683829,4,4,3,8,3,2,0,3.8
layer,5,0,4,131,decode,28,4,2,2,1406,734,2505,259,1,0,1,1637,8,17,0,0,0,0,0,0,60,lru,0,0,0,0,0,0,8,2,8,0,2,0,5,0,0,0,0,0,0,0,0,3801088,0,3801088,6,11104243708978766237,4,4,2,8,2,0,0,3.8
layer,5,0,4,131,decode,29,4,1,3,2138,1109,2440,423,1,0,1,2475,8,12,0,0,0,0,0,0,60,lru,0,0,0,0,0,0,8,5,8,0,3,0,5,0,0,0,0,0,0,0,0,5701632,0,5701632,9,15753750213092125147,4,4,3,8,3,0,0,3.8
layer,5,0,4,131,decode,30,4,3,1,714,363,2423,154,1,0,1,912,8,18,0,0,0,0,0,0,60,lru,0,0,0,0,0,0,8,7,8,0,1,0,6,0,0,0,0,0,0,0,0,1900544,0,1900544,3,2764833717273357583,4,4,3,8,3,2,0,3.8
layer,5,0,4,131,decode,31,4,3,1,700,379,2439,189,1,0,1,896,7,18,0,0,0,0,0,0,60,lru,0,0,0,0,0,0,8,7,8,0,1,0,5,0,0,0,0,0,0,0,0,1900544,0,1900544,3,3542551198540256373,4,4,4,8,4,3,0,3.8
layer,5,0,4,131,decode,32,4,3,1,695,383,2413,79,1,0,1,848,8,18,0,0,0,0,0,0,60,lru,0,0,0,0,0,0,8,7,8,0,1,0,7,0,0,0,0,0,0,0,0,1900544,0,1900544,3,16660043334716882430,4,4,3,8,3,2,0,3.8
layer,5,0,4,131,decode,33,4,1,3,2122,1062,278,380,1,0,1,2452,8,16,0,0,0,0,0,0,60,lru,0,0,0,0,0,0,8,5,8,0,3,0,6,0,0,0,0,0,0,0,0,5701632,0,5701632,9,191971616664605891,4,4,6,8,6,3,0,3.8
layer,5,0,4,131,decode,34,4,3,1,1494,398,280,121,1,0,1,1633,8,16,0,0,0,0,0,0,60,lru,0,0,0,0,0,0,8,3,8,0,1,0,6,0,0,0,0,0,0,0,0,2039808,0,2039808,3,8772022898132870262,4,4,5,8,5,4,0,3.8
layer,5,0,4,131,decode,35,4,2,2,1392,717,2454,289,1,0,1,1660,7,4,0,0,0,0,0,0,60,lru,0,0,0,0,0,0,8,6,8,0,2,0,5,0,0,0,0,0,0,0,0,3801088,0,3801088,6,7048071681571746541,4,4,2,8,2,0,0,3.8
layer,5,0,4,131,decode,36,4,1,3,4061,595,2421,222,1,0,1,4235,7,2,0,0,0,0,0,0,60,lru,0,0,0,0,0,0,8,1,8,0,3,0,6,0,0,0,0,0,0,0,0,5701632,0,5701632,9,5795034230271454429,4,4,4,8,4,1,0,3.8
layer,5,0,4,131,decode,37,4,3,1,285,184,2439,13,1,0,1,370,7,15,0,0,0,0,0,0,60,lru,0,0,0,0,0,0,8,7,8,0,1,0,6,0,0,0,0,0,0,0,0,1900544,0,1900544,3,6561384386912636123,4,4,3,8,3,2,0,3.8
layer,5,0,4,131,decode,38,4,3,1,454,296,2437,80,1,0,1,581,7,16,0,0,0,0,0,0,60,lru,0,0,0,0,0,0,8,7,8,0,1,0,4,0,0,0,0,0,0,0,0,2039808,0,2039808,3,4002762311680293133,4,4,3,8,3,2,0,3.8
layer,5,0,4,131,decode,39,4,2,2,2449,502,705,177,1,0,1,2604,8,11,0,0,0,0,0,0,60,lru,0,0,0,0,0,0,8,6,8,0,2,0,4,0,0,0,0,0,0,0,0,4079616,0,4079616,6,7993368528635250471,4,4,3,8,3,1,0,3.8
request,5,0,4,0,decode,-1,0,0,0,0,0,0,0,0,0,0,0,0,0,0,0,0,0,0,0,0,,117137,403,0,0,18,0,0,0,0,0,0,0,0,0,0,0,0,0,0,0,0,0,0,0,0,0,0,0,0,0,0,0,0,0
layer,6,0,5,132,decode,0,4,4,0,0,0,2457,0,0,0,0,27,9,2,0,0,0,0,0,0,60,lru,0,0,0,0,0,0,8,8,8,0,0,0,9,0,0,0,0,0,0,0,0,0,0,0,0,15610980972694094286,4,4,2,8,2,2,0,3.8
layer,6,0,5,132,decode,1,4,1,3,2246,1094,2429,436,3,0,3,2567,7,15,0,0,0,0,0,0,60,lru,0,0,0,0,0,0,8,5,8,0,3,0,6,0,0,0,0,0,0,0,0,5701632,0,5701632,9,15618445292336108403,4,4,3,8,3,0,0,3.8
layer,6,0,5,132,decode,2,4,4,0,0,0,2426,0,0,0,0,26,7,2,0,0,0,0,0,0,60,lru,0,0,0,0,0,0,8,8,8,0,0,0,7,0,0,0,0,0,0,0,0,0,0,0,0,17948573459253907435,4,4,2,8,2,2,0,3.8
layer,6,0,5,132,decode,3,4,4,0,0,0,2425,0,0,0,0,21,7,2,0,0,0,0,0,0,60,lru,0,0,0,0,0,0,8,8,8,0,0,0,6,0,0,0,0,0,0,0,0,0,0,0,0,8154590921031816548,4,4,0,8,0,0,0,3.8
layer,6,0,5,132,decode,4,4,3,1,723,373,2436,119,5,0,5,869,7,17,0,0,0,0,0,0,60,lru,0,0,0,0,0,0,8,7,8,0,1,0,5,0,0,0,0,0,0,0,0,1900544,0,1900544,3,9888893230642289270,4,4,1,8,1,0,0,3.8
layer,6,0,5,132,decode,5,4,4,0,0,0,2159,0,0,0,0,23,8,1,0,0,0,0,0,0,60,lru,0,0,0,0,0,0,8,8,8,0,0,0,7,0,0,0,0,0,0,0,0,0,0,0,0,15824461623863874120,4,4,1,8,1,1,0,3.8
layer,6,0,5,132,decode,6,4,4,0,0,0,264,0,0,0,0,20,7,2,0,0,0,0,0,0,60,lru,0,0,0,0,0,0,8,8,8,0,0,0,5,0,0,0,0,0,0,0,0,0,0,0,0,2258279193015315287,4,4,1,8,1,1,0,3.8
layer,6,0,5,132,decode,7,4,4,0,0,0,324,0,0,0,0,20,7,1,0,0,0,0,0,0,60,lru,0,0,0,0,0,0,8,8,8,0,0,0,5,0,0,0,0,0,0,0,0,0,0,0,0,12621041646584878163,4,4,0,8,0,0,0,3.8
layer,6,0,5,132,decode,8,4,3,1,6038,256,2403,34,2,0,2,6154,6,12,0,0,0,0,0,0,60,lru,0,0,0,0,0,0,8,7,8,0,1,0,5,0,0,0,0,0,0,0,0,1900544,0,1900544,3,13777959588489656249,4,4,2,8,2,1,0,3.8
layer,6,0,5,132,decode,9,4,4,0,0,0,2420,0,0,0,0,25,7,1,0,0,0,0,0,0,60,lru,0,0,0,0,0,0,8,8,8,0,0,0,9,0,0,0,0,0,0,0,0,0,0,0,0,5325897675757140227,4,4,0,8,0,0,0,3.8
layer,6,0,5,132,decode,10,4,4,0,0,0,2424,0,0,0,0,19,6,1,0,0,0,0,0,0,60,lru,0,0,0,0,0,0,8,8,8,0,0,0,4,0,0,0,0,0,0,0,0,0,0,0,0,6320782373113917528,4,4,1,8,1,1,0,3.8
layer,6,0,5,132,decode,11,4,3,1,666,223,2428,35,1,0,1,762,7,12,0,0,0,0,0,0,60,lru,0,0,0,0,0,0,8,7,8,0,1,0,4,0,0,0,0,0,0,0,0,1900544,0,1900544,3,14079581206387433966,4,4,2,8,2,1,0,3.8
layer,6,0,5,132,decode,12,4,4,0,0,0,2451,0,0,0,0,22,7,2,0,0,0,0,0,0,60,lru,0,0,0,0,0,0,8,8,8,0,0,0,7,0,0,0,0,0,0,0,0,0,0,0,0,8267861262202087195,4,4,0,8,0,0,0,3.8
layer,6,0,5,132,decode,13,4,4,0,0,0,2451,0,0,0,0,19,6,1,0,0,0,0,0,0,60,lru,0,0,0,0,0,0,8,8,8,0,0,0,6,0,0,0,0,0,0,0,0,0,0,0,0,3729560499014965440,4,4,2,8,2,2,0,3.8
layer,6,0,5,132,decode,14,4,4,0,0,0,2411,0,0,0,0,18,7,1,0,0,0,0,0,0,60,lru,0,0,0,0,0,0,8,8,8,0,0,0,5,0,0,0,0,0,0,0,0,0,0,0,0,10904652401444561713,4,4,2,8,2,2,0,3.8
layer,6,0,5,132,decode,15,4,3,1,449,272,2388,80,1,0,1,596,7,21,0,0,0,0,0,0,60,lru,0,0,0,0,0,0,8,3,8,0,1,0,4,0,0,0,0,0,0,0,0,1900544,0,1900544,3,916848497610123102,4,4,1,8,1,0,0,3.8
layer,6,0,5,132,decode,16,4,4,0,0,0,2428,0,0,0,0,19,7,2,0,0,0,0,0,0,60,lru,0,0,0,0,0,0,8,8,8,0,0,0,3,0,0,0,0,0,0,0,0,0,0,0,0,8979249221859260269,4,4,1,8,1,1,0,3.8
layer,6,0,5,132,decode,17,4,2,2,1053,573,2446,189,1,0,1,1274,7,17,0,0,0,0,0,0,60,lru,0,0,0,0,0,0,8,6,8,0,2,0,4,0,0,0,0,0,0,0,0,3801088,0,3801088,6,5405026466520334966,4,4,2,8,2,0,0,3.8
layer,6,0,5,132,decode,18,4,4,0,0,0,2404,0,0,0,0,20,8,2,0,0,0,0,0,0,60,lru,0,0,0,0,0,0,8,8,8,0,0,0,4,0,0,0,0,0,0,0,0,0,0,0,0,14897159508457963075,4,4,0,8,0,0,0,3.8
layer,6,0,5,132,decode,19,4,3,1,527,282,2436,163,1,0,1,693,7,6,0,0,0,0,0,0,60,lru,0,0,0,0,0,0,8,3,8,0,1,0,3,0,0,0,0,0,0,0,0,1900544,0,1900544,3,1780726230021353618,4,4,3,8,3,2,0,3.8
layer,6,0,5,132,decode,20,4,4,0,0,0,2444,0,0,0,0,18,8,2,0,0,0,0,0,0,60,lru,0,0,0,0,0,0,8,8,8,0,0,0,2,0,0,0,0,0,0,0,0,0,0,0,0,17281049576333578782,4,4,0,8,0,0,0,3.8
layer,6,0,5,132,decode,21,4,4,0,0,0,2433,0,0,0,0,19,7,1,0,0,0,0,0,0,60,lru,0,0,0,0,0,0,8,8,8,0,0,0,5,0,0,0,0,0,0,0,0,0,0,0,0,3425708857829682802,4,4,0,8,0,0,0,3.8
layer,6,0,5,132,decode,22,4,3,1,714,365,2418,70,1,0,1,842,7,12,0,0,0,0,0,0,60,lru,0,0,0,0,0,0,8,3,8,0,1,0,6,0,0,0,0,0,0,0,0,1900544,0,1900544,3,11452688163517705284,4,4,1,8,1,0,0,3.8
layer,6,0,5,132,decode,23,4,4,0,0,0,2432,0,0,0,0,20,7,2,0,0,0,0,0,0,60,lru,0,0,0,0,0,0,8,8,8,0,0,0,4,0,0,0,0,0,0,0,0,0,0,0,0,5946964181438121920,4,4,1,8,1,1,0,3.8
layer,6,0,5,132,decode,24,4,3,1,679,386,2445,131,1,0,1,816,7,16,0,0,0,0,0,0,60,lru,0,0,0,0,0,0,8,7,8,0,1,0,4,0,0,0,0,0,0,0,0,1900544,0,1900544,3,8490966005684344005,4,4,2,8,2,1,0,3.8
layer,6,0,5,132,decode,25,4,3,1,710,370,2426,179,1,0,1,842,8,14,0,0,0,0,0,0,60,lru,0,0,0,0,0,0,8,7,8,0,1,0,4,0,0,0,0,0,0,0,0,1900544,0,1900544,3,12554400707313533119,4,4,4,8,4,3,0,3.8
layer,6,0,5,132,decode,26,4,3,1,712,376,2421,160,1,0,1,891,8,16,0,0,0,0,0,0,60,lru,0,0,0,0,0,0,8,7,8,0,1,0,3,0,0,0,0,0,0,0,0,1900544,0,1900544,3,3562964753056341037,4,4,2,8,2,1,0,3.8
layer,6,0,5,132,decode,27,4,4,0,0,0,2160,0,0,0,0,19,7,2,0,0,0,0,0,0,60,lru,0,0,0,0,0,0,8,8,8,0,0,0,4,0,0,0,0,0,0,0,0,0,0,0,0,16063446887163671665,4,4,1,8,1,1,0,3.8
layer,6,0,5,132,decode,28,4,4,0,0,0,279,0,0,0,0,17,7,1,0,0,0,0,0,0,60,lru,0,0,0,0,0,0,8,8,8,0,0,0,4,0,0,0,0,0,0,0,0,0,0,0,0,18405468241066554483,4,4,2,8,2,2,0,3.8
layer,6,0,5,132,decode,29,4,4,0,0,0,327,0,0,0,0,19,7,2,0,0,0,0,0,0,60,lru,0,0,0,0,0,0,8,8,8,0,0,0,5,0,0,0,0,0,0,0,0,0,0,0,0,13715799111562433376,4,4,1,8,1,1,0,3.8
layer,6,0,5,132,decode,30,4,4,0,0,0,274,0,0,0,0,17,6,1,0,0,0,0,0,0,60,lru,0,0,0,0,0,0,8,8,8,0,0,0,4,0,0,0,0,0,0,0,0,0,0,0,0,12966322675294230130,4,4,2,8,2,2,0,3.8
layer,6,0,5,132,decode,31,4,4,0,0,0,290,0,0,0,0,19,7,2,0,0,0,0,0,0,60,lru,0,0,0,0,0,0,8,8,8,0,0,0,5,0,0,0,0,0,0,0,0,0,0,0,0,12319177457311731359,4,4,3,8,3,3,0,3.8
layer,6,0,5,132,decode,32,4,4,0,0,0,149,0,0,0,0,16,6,1,0,0,0,0,0,0,60,lru,0,0,0,0,0,0,8,8,8,0,0,0,4,0,0,0,0,0,0,0,0,0,0,0,0,15035586409086142679,4,4,0,8,0,0,0,3.8
layer,6,0,5,132,decode,33,4,4,0,0,0,178,0,0,0,0,18,7,2,0,0,0,0,0,0,60,lru,0,0,0,0,0,0,8,8,8,0,0,0,4,0,0,0,0,0,0,0,0,0,0,0,0,4513417114295426064,4,4,1,8,1,1,0,3.8
layer,6,0,5,132,decode,34,4,2,2,1542,742,282,353,1,0,1,1758,7,3,0,0,0,0,0,0,60,lru,0,0,0,0,0,0,8,6,8,0,2,0,7,0,0,0,0,0,0,0,0,4079616,0,4079616,6,14877635340742914816,4,4,6,8,6,4,0,3.8
layer,6,0,5,132,decode,35,4,3,1,703,391,2430,85,1,0,1,844,7,15,0,0,0,0,0,0,60,lru,0,0,0,0,0,0,8,3,8,0,1,0,6,0,0,0,0,0,0,0,0,1900544,0,1900544,3,372719498427734951,4,4,3,8,3,2,0,3.8
layer,6,0,5,132,decode,36,4,3,1,3126,329,2427,91,1,0,1,3252,8,18,0,0,0,0,0,0,60,lru,0,0,0,0,0,0,8,7,8,0,1,0,6,0,0,0,0,0,0,0,0,1900544,0,1900544,3,4220840886853178890,4,4,3,8,3,2,0,3.8
layer,6,0,5,132,decode,37,4,4,0,0,0,2435,0,0,0,0,20,7,2,0,0,0,0,0,0,60,lru,0,0,0,0,0,0,8,8,8,0,0,0,4,0,0,0,0,0,0,0,0,0,0,0,0,3417771016073731079,4,4,0,8,0,0,0,3.8
layer,6,0,5,132,decode,38,4,4,0,0,0,2386,0,0,0,0,18,7,1,0,0,0,0,0,0,60,lru,0,0,0,0,0,0,8,8,8,0,0,0,4,0,0,0,0,0,0,0,0,0,0,0,0,354546504691895281,4,4,0,8,0,0,0,3.8
layer,6,0,5,132,decode,39,4,4,0,0,0,668,0,0,0,0,17,6,2,0,0,0,0,0,0,60,lru,0,0,0,0,0,0,8,8,8,0,0,0,4,0,0,0,0,0,0,0,0,0,0,0,0,9211813663509041151,4,4,0,8,0,0,0,3.8
request,6,0,5,0,decode,-1,0,0,0,0,0,0,0,0,0,0,0,0,0,0,0,0,0,0,0,0,,111545,312,0,0,14,0,0,0,0,0,0,0,0,0,0,0,0,0,0,0,0,0,0,0,0,0,0,0,0,0,0,0,0,0
layer,7,0,6,133,decode,0,4,4,0,0,0,2426,0,0,0,0,25,9,2,0,0,0,0,0,0,60,lru,0,0,0,0,0,0,8,8,8,0,0,0,7,0,0,0,0,0,0,0,0,0,0,0,0,14584634930953829151,4,4,0,8,0,0,0,3.8
layer,7,0,6,133,decode,1,4,4,0,0,0,2430,0,0,0,0,23,7,2,0,0,0,0,0,0,60,lru,0,0,0,0,0,0,8,8,8,0,0,0,6,0,0,0,0,0,0,0,0,0,0,0,0,12659932168021105536,4,4,2,8,2,2,0,3.8
layer,7,0,6,133,decode,2,4,4,0,0,0,2414,0,0,0,0,24,7,2,0,0,0,0,0,0,60,lru,0,0,0,0,0,0,8,8,8,0,0,0,4,0,0,0,0,0,0,0,0,0,0,0,0,8152196286502955197,4,4,0,8,0,0,0,3.8
layer,7,0,6,133,decode,3,4,3,1,424,232,2425,42,3,0,3,526,7,16,0,0,0,0,0,0,60,lru,0,0,0,0,0,0,8,7,8,0,1,0,5,0,0,0,0,0,0,0,0,1900544,0,1900544,3,1027857270748220479,4,4,1,8,1,0,0,3.8
layer,7,0,6,133,decode,4,4,4,0,0,0,2439,0,0,0,0,23,7,2,0,0,0,0,0,0,60,lru,0,0,0,0,0,0,8,8,8,0,0,0,6,0,0,0,0,0,0,0,0,0,0,0,0,7068523833909140035,4,4,1,8,1,1,0,3.8
layer,7,0,6,133,decode,5,4,4,0,0,0,2421,0,0,0,0,21,7,2,0,0,0,0,0,0,60,lru,0,0,0,0,0,0,8,8,8,0,0,0,5,0,0,0,0,0,0,0,0,0,0,0,0,4635912491909744171,4,4,0,8,0,0,0,3.8
layer,7,0,6,133,decode,6,4,4,0,0,0,892,0,0,0,0,19,7,2,0,0,0,0,0,0,60,lru,0,0,0,0,0,0,8,8,8,0,0,0,4,0,0,0,0,0,0,0,0,0,0,0,0,18420250435469647925,4,4,0,8,0,0,0,3.8
layer,7,0,6,133,decode,7,4,4,0,0,0,278,0,0,0,0,22,7,1,0,0,0,0,0,0,60,lru,0,0,0,0,0,0,8,8,8,0,0,0,7,0,0,0,0,0,0,0,0,0,0,0,0,7558013674053188349,4,4,0,8,0,0,0,3.8
layer,7,0,6,133,decode,8,4,4,0,0,0,327,0,0,0,0,20,7,2,0,0,0,0,0,0,60,lru,0,0,0,0,0,0,8,8,8,0,0,0,6,0,0,0,0,0,0,0,0,0,0,0,0,9504182117583834396,4,4,0,8,0,0,0,3.8
layer,7,0,6,133,decode,9,4,4,0,0,0,289,0,0,0,0,19,7,2,0,0,0,0,0,0,60,lru,0,0,0,0,0,0,8,8,8,0,0,0,5,0,0,0,0,0,0,0,0,0,0,0,0,7365886654650939419,4,4,2,8,2,2,0,3.8
layer,7,0,6,133,decode,10,4,4,0,0,0,272,0,0,0,0,19,7,2,0,0,0,0,0,0,60,lru,0,0,0,0,0,0,8,8,8,0,0,0,5,0,0,0,0,0,0,0,0,0,0,0,0,636129196896344242,4,4,1,8,1,1,0,3.8
layer,7,0,6,133,decode,11,4,4,0,0,0,155,0,0,0,0,19,7,2,0,0,0,0,0,0,60,lru,0,0,0,0,0,0,8,8,8,0,0,0,4,0,0,0,0,0,0,0,0,0,0,0,0,13316118201429037819,4,4,1,8,1,1,0,3.8
layer,7,0,6,133,decode,12,4,4,0,0,0,172,0,0,0,0,19,7,2,0,0,0,0,0,0,60,lru,0,0,0,0,0,0,8,8,8,0,0,0,5,0,0,0,0,0,0,0,0,0,0,0,0,16140399310668297594,4,4,0,8,0,0,0,3.8
layer,7,0,6,133,decode,13,4,4,0,0,0,173,0,0,0,0,18,7,2,0,0,0,0,0,0,60,lru,0,0,0,0,0,0,8,8,8,0,0,0,4,0,0,0,0,0,0,0,0,0,0,0,0,17117632494648701321,4,4,2,8,2,2,0,3.8
layer,7,0,6,133,decode,14,4,4,0,0,0,151,0,0,0,0,16,7,2,0,0,0,0,0,0,60,lru,0,0,0,0,0,0,8,8,8,0,0,0,3,0,0,0,0,0,0,0,0,0,0,0,0,10581508712679443165,4,4,0,8,0,0,0,3.8
layer,7,0,6,133,decode,15,4,4,0,0,0,313,0,0,0,0,21,8,2,0,0,0,0,0,0,60,lru,0,0,0,0,0,0,8,8,8,0,0,0,6,0,0,0,0,0,0,0,0,0,0,0,0,9918410723287601942,4,4,0,8,0,0,0,3.8
layer,7,0,6,133,decode,16,4,4,0,0,0,148,0,0,0,0,17,7,2,0,0,0,0,0,0,60,lru,0,0,0,0,0,0,8,8,8,0,0,0,3,0,0,0,0,0,0,0,0,0,0,0,0,12503060140167788953,4,4,0,8,0,0,0,3.8
layer,7,0,6,133,decode,17,4,3,1,490,276,303,136,1,0,1,658,7,2,0,0,0,0,0,0,60,lru,0,0,0,0,0,0,8,7,8,0,1,0,4,0,0,0,0,0,0,0,0,1900544,0,1900544,3,6182384636827577902,4,4,1,8,1,0,0,3.8
layer,7,0,6,133,decode,18,4,2,2,981,532,2414,212,1,0,1,1180,7,17,0,0,0,0,0,0,60,lru,0,0,0,0,0,0,8,2,8,0,2,0,6,0,0,0,0,0,0,0,0,3801088,0,3801088,6,6921344878834937290,4,4,2,8,2,0,0,3.8
layer,7,0,6,133,decode,19,4,4,0,0,0,2400,0,0,0,0,22,7,2,0,0,0,0,0,0,60,lru,0,0,0,0,0,0,8,8,8,0,0,0,4,0,0,0,0,0,0,0,0,0,0,0,0,7759251197347230035,4,4,1,8,1,1,0,3.8
layer,7,0,6,133,decode,20,4,4,0,0,0,2427,0,0,0,0,19,8,1,0,0,0,0,0,0,60,lru,0,0,0,0,0,0,8,8,8,0,0,0,4,0,0,0,0,0,0,0,0,0,0,0,0,16788736749219723700,4,4,1,8,1,1,0,3.8
layer,7,0,6,133,decode,21,4,4,0,0,0,2430,0,0,0,0,16,6,1,0,0,0,0,0,0,60,lru,0,0,0,0,0,0,8,8,8,0,0,0,3,0,0,0,0,0,0,0,0,0,0,0,0,16688436171338042487,4,4,0,8,0,0,0,3.8
layer,7,0,6,133,decode,22,4,3,1,632,343,2386,97,1,0,1,767,6,16,0,0,0,0,0,0,60,lru,0,0,0,0,0,0,8,7,8,0,1,0,4,0,0,0,0,0,0,0,0,1900544,0,1900544,3,16315428460052774003,4,4,1,8,1,0,0,3.8
layer,7,0,6,133,decode,23,4,3,1,608,339,2415,97,1,0,1,758,8,16,0,0,0,0,0,0,60,lru,0,0,0,0,0,0,8,3,8,0,1,0,4,0,0,0,0,0,0,0,0,1900544,0,1900544,3,8665868766188992760,4,4,2,8,2,1,0,3.8
layer,7,0,6,133,decode,24,4,4,0,0,0,2446,0,0,0,0,20,8,1,0,0,0,0,0,0,60,lru,0,0,0,0,0,0,8,8,8,0,0,0,5,0,0,0,0,0,0,0,0,0,0,0,0,10175054677928393129,4,4,0,8,0,0,0,3.8
layer,7,0,6,133,decode,25,4,3,1,692,376,2425,115,1,0,1,831,6,15,0,0,0,0,0,0,60,lru,0,0,0,0,0,0,8,3,8,0,1,0,5,0,0,0,0,0,0,0,0,1900544,0,1900544,3,5339992122086255113,4,4,3,8,3,2,0,3.8
layer,7,0,6,133,decode,26,4,3,1,709,367,2415,146,1,0,1,903,7,23,0,0,0,0,0,0,60,lru,0,0,0,0,0,0,8,7,8,0,1,0,4,0,0,0,0,0,0,0,0,1900544,0,1900544,3,6995506094035656188,4,4,2,8,2,1,0,3.8
layer,7,0,6,133,decode,27,4,3,1,669,387,2447,149,0,0,0,843,7,16,0,0,0,0,0,0,60,lru,0,0,0,0,0,0,8,7,8,0,1,0,4,0,0,0,0,0,0,0,0,1900544,0,1900544,3,11282829612172199199,4,4,3,8,3,2,0,3.8
layer,7,0,6,133,decode,28,4,3,1,681,377,2423,170,1,0,1,861,8,18,0,0,0,0,0,0,60,lru,0,0,0,0,0,0,8,7,8,0,1,0,4,0,0,0,0,0,0,0,0,1900544,0,1900544,3,11971415243257392222,4,4,1,8,1,0,0,3.8
layer,7,0,6,133,decode,29,4,4,0,0,0,2430,0,0,0,0,20,8,1,0,0,0,0,0,0,60,lru,0,0,0,0,0,0,8,8,8,0,0,0,4,0,0,0,0,0,0,0,0,0,0,0,0,17739755444693859648,4,4,1,8,1,1,0,3.8
layer,7,0,6,133,decode,30,4,3,1,716,370,2424,142,1,0,1,878,7,15,0,0,0,0,0,0,60,lru,0,0,0,0,0,0,8,7,8,0,1,0,4,0,0,0,0,0,0,0,0,1900544,0,1900544,3,15554605424215399089,4,4,2,8,2,1,0,3.8
layer,7,0,6,133,decode,31,4,4,0,0,0,2433,0,0,0,0,20,7,2,0,0,0,0,0,0,60,lru,0,0,0,0,0,0,8,8,8,0,0,0,4,0,0,0,0,0,0,0,0,0,0,0,0,7915148792383552279,4,4,1,8,1,1,0,3.8
layer,7,0,6,133,decode,32,4,4,0,0,0,2437,0,0,0,0,19,7,2,0,0,0,0,0,0,60,lru,0,0,0,0,0,0,8,8,8,0,0,0,5,0,0,0,0,0,0,0,0,0,0,0,0,11229461085632760180,4,4,0,8,0,0,0,3.8
layer,7,0,6,133,decode,33,4,3,1,699,385,2451,32,1,0,1,879,7,21,0,0,0,0,0,0,60,lru,0,0,0,0,0,0,8,3,8,0,1,0,6,0,0,0,0,0,0,0,0,1900544,0,1900544,3,15721560262529462284,4,4,1,8,1,0,0,3.8
layer,7,0,6,133,decode,34,4,3,1,764,380,2414,161,1,0,1,956,12,18,0,0,0,0,0,0,60,lru,0,0,0,0,0,0,8,3,8,0,1,0,4,0,0,0,0,0,0,0,0,2039808,0,2039808,3,14199056292996723439,4,4,4,8,4,3,0,3.8
layer,7,0,6,133,decode,35,4,4,0,0,0,2447,0,0,0,0,19,7,2,0,0,0,0,0,0,60,lru,0,0,0,0,0,0,8,8,8,0,0,0,4,0,0,0,0,0,0,0,0,0,0,0,0,127470573029500181,4,4,0,8,0,0,0,3.8
layer,7,0,6,133,decode,36,4,3,1,663,392,2436,85,1,0,1,823,7,10,0,0,0,0,0,0,60,lru,0,0,0,0,0,0,8,7,8,0,1,0,5,0,0,0,0,0,0,0,0,1900544,0,1900544,3,15496753231467436871,4,4,2,8,2,1,0,3.8
layer,7,0,6,133,decode,37,4,4,0,0,0,2391,0,0,0,0,20,7,2,0,0,0,0,0,0,60,lru,0,0,0,0,0,0,8,8,8,0,0,0,4,0,0,0,0,0,0,0,0,0,0,0,0,16779281480200547685,4,4,3,8,3,3,0,3.8
layer,7,0,6,133,decode,38,4,4,0,0,0,1314,0,0,0,0,19,7,2,0,0,0,0,0,0,60,lru,0,0,0,0,0,0,8,8,8,0,0,0,4,0,0,0,0,0,0,0,0,0,0,0,0,1525056739830883374,4,4,2,8,2,2,0,3.8
layer,7,0,6,133,decode,39,4,3,1,723,399,684,202,1,0,1,911,7,17,0,0,0,0,0,0,60,lru,0,0,0,0,0,0,8,7,8,0,1,0,4,0,0,0,0,0,0,0,0,2039808,0,2039808,3,2745740912707601235,4,4,1,8,1,0,0,3.8
request,7,0,6,0,decode,-1,0,0,0,0,0,0,0,0,0,0,0,0,0,0,0,0,0,0,0,0,,91770,300,0,0,13,0,0,0,0,0,0,0,0,0,0,0,0,0,0,0,0,0,0,0,0,0,0,0,0,0,0,0,0,0
layer,8,0,7,134,decode,0,4,3,1,737,370,150,175,4,0,4,881,9,14,0,0,0,0,0,0,60,lru,0,0,0,0,0,0,8,7,8,0,1,0,6,0,0,0,0,0,0,0,0,1900544,0,1900544,3,10584228295349056680,4,4,3,8,3,2,0,3.8
layer,8,0,7,134,decode,1,4,2,2,1485,742,2443,78,2,0,2,1693,7,12,0,0,0,0,0,0,60,lru,0,0,0,0,0,0,8,6,8,0,2,0,5,0,0,0,0,0,0,0,0,3801088,0,3801088,6,6528280089028717821,4,4,3,8,3,1,0,3.8
layer,8,0,7,134,decode,2,4,3,1,722,375,2400,135,3,0,3,860,8,12,0,0,0,0,0,0,60,lru,0,0,0,0,0,0,8,7,8,0,1,0,5,0,0,0,0,0,0,0,0,1900544,0,1900544,3,2695869549196193634,4,4,3,8,3,2,0,3.8
layer,8,0,7,134,decode,3,4,4,0,0,0,2449,0,0,0,0,21,7,1,0,0,0,0,0,0,60,lru,0,0,0,0,0,0,8,8,8,0,0,0,5,0,0,0,0,0,0,0,0,0,0,0,0,11329960777933647558,4,4,1,8,1,1,0,3.8
layer,8,0,7,134,decode,4,4,4,0,0,0,2450,0,0,0,0,20,7,1,0,0,0,0,0,0,60,lru,0,0,0,0,0,0,8,8,8,0,0,0,5,0,0,0,0,0,0,0,0,0,0,0,0,14310604710827733195,4,4,1,8,1,1,0,3.8
layer,8,0,7,134,decode,5,4,4,0,0,0,2428,0,0,0,0,18,7,1,0,0,0,0,0,0,60,lru,0,0,0,0,0,0,8,8,8,0,0,0,4,0,0,0,0,0,0,0,0,0,0,0,0,9280049385964479506,4,4,1,8,1,1,0,3.8
layer,8,0,7,134,decode,6,4,4,0,0,0,2416,0,0,0,0,18,6,1,0,0,0,0,0,0,60,lru,0,0,0,0,0,0,8,8,8,0,0,0,4,0,0,0,0,0,0,0,0,0,0,0,0,13801252516141127130,4,4,0,8,0,0,0,3.8
layer,8,0,7,134,decode,7,4,4,0,0,0,2450,0,0,0,0,21,7,1,0,0,0,0,0,0,60,lru,0,0,0,0,0,0,8,8,8,0,0,0,7,0,0,0,0,0,0,0,0,0,0,0,0,10599106959388357622,4,4,2,8,2,2,0,3.8
layer,8,0,7,134,decode,8,4,4,0,0,0,2441,0,0,0,0,18,7,1,0,0,0,0,0,0,60,lru,0,0,0,0,0,0,8,8,8,0,0,0,4,0,0,0,0,0,0,0,0,0,0,0,0,847202807859365541,4,4,0,8,0,0,0,3.8
layer,8,0,7,134,decode,9,4,4,0,0,0,2395,0,0,0,0,17,7,1,0,0,0,0,0,0,60,lru,0,0,0,0,0,0,8,8,8,0,0,0,3,0,0,0,0,0,0,0,0,0,0,0,0,4655421537179958650,4,4,2,8,2,2,0,3.8
layer,8,0,7,134,decode,10,4,4,0,0,0,2392,0,0,0,0,16,6,1,0,0,0,0,0,0,60,lru,0,0,0,0,0,0,8,8,8,0,0,0,2,0,0,0,0,0,0,0,0,0,0,0,0,8365397628455191155,4,4,1,8,1,1,0,3.8
layer,8,0,7,134,decode,11,4,3,1,715,383,2453,125,1,0,1,844,7,15,0,0,0,0,0,0,60,lru,0,0,0,0,0,0,8,3,8,0,1,0,3,0,0,0,0,0,0,0,0,1900544,0,1900544,3,9162718339855492450,4,4,1,8,1,0,0,3.8
layer,8,0,7,134,decode,12,4,4,0,0,0,2433,0,0,0,0,20,7,2,0,0,0,0,0,0,60,lru,0,0,0,0,0,0,8,8,8,0,0,0,4,0,0,0,0,0,0,0,0,0,0,0,0,14153851288229309139,4,4,1,8,1,1,0,3.8
layer,8,0,7,134,decode,13,4,3,1,685,373,2423,148,1,0,1,867,7,17,0,0,0,0,0,0,60,lru,0,0,0,0,0,0,8,3,8,0,1,0,6,0,0,0,0,0,0,0,0,1900544,0,1900544,3,273768369810883502,4,4,2,8,2,1,0,3.8
layer,8,0,7,134,decode,14,4,4,0,0,0,2425,0,0,0,0,20,7,1,0,0,0,0,0,0,60,lru,0,0,0,0,0,0,8,8,8,0,0,0,5,0,0,0,0,0,0,0,0,0,0,0,0,4174108583573125213,4,4,1,8,1,1,0,3.8
layer,8,0,7,134,decode,15,4,4,0,0,0,2433,0,0,0,0,18,7,2,0,0,0,0,0,0,60,lru,0,0,0,0,0,0,8,8,8,0,0,0,4,0,0,0,0,0,0,0,0,0,0,0,0,2007431956840946518,4,4,0,8,0,0,0,3.8
layer,8,0,7,134,decode,16,4,4,0,0,0,2440,0,0,0,0,25,8,4,0,0,0,0,0,0,60,lru,0,0,0,0,0,0,8,8,8,0,0,0,4,0,0,0,0,0,0,0,0,0,0,0,0,7961822439817202602,4,4,1,8,1,1,0,3.8
layer,8,0,7,134,decode,17,4,4,0,0,0,2424,0,0,0,0,23,7,3,0,0,0,0,0,0,60,lru,0,0,0,0,0,0,8,8,8,0,0,0,6,0,0,0,0,0,0,0,0,0,0,0,0,1354143745556284995,4,4,0,8,0,0,0,3.8
layer,8,0,7,134,decode,18,4,4,0,0,0,2424,0,0,0,0,25,11,1,0,0,0,0,0,0,60,lru,0,0,0,0,0,0,8,8,8,0,0,0,5,0,0,0,0,0,0,0,0,0,0,0,0,9585144068798086190,4,4,0,8,0,0,0,3.8
layer,8,0,7,134,decode,19,4,4,0,0,0,2430,0,0,0,0,22,9,1,0,0,0,0,0,0,60,lru,0,0,0,0,0,0,8,8,8,0,0,0,5,0,0,0,0,0,0,0,0,0,0,0,0,14714683492711475994,4,4,0,8,0,0,0,3.8
layer,8,0,7,134,decode,20,4,4,0,0,0,2451,0,0,0,0,28,10,3,0,0,0,0,0,0,60,lru,0,0,0,0,0,0,8,8,8,0,0,0,7,0,0,0,0,0,0,0,0,0,0,0,0,7125419892383930182,4,4,1,8,1,1,0,3.8
layer,8,0,7,134,decode,21,4,4,0,0,0,2189,0,0,0,0,26,9,3,0,0,0,0,0,0,60,lru,0,0,0,0,0,0,8,8,8,0,0,0,7,0,0,0,0,0,0,0,0,0,0,0,0,5032319594102546031,4,4,0,8,0,0,0,3.8
layer,8,0,7,134,decode,22,4,4,0,0,0,260,0,0,0,0,18,7,1,0,0,0,0,0,0,60,lru,0,0,0,0,0,0,8,8,8,0,0,0,4,0,0,0,0,0,0,0,0,0,0,0,0,18073347782215546212,4,4,0,8,0,0,0,3.8
layer,8,0,7,134,decode,23,4,4,0,0,0,319,0,0,0,0,18,7,2,0,0,0,0,0,0,60,lru,0,0,0,0,0,0,8,8,8,0,0,0,4,0,0,0,0,0,0,0,0,0,0,0,0,815947192531338540,4,4,2,8,2,2,0,3.8
layer,8,0,7,134,decode,24,4,4,0,0,0,281,0,0,0,0,18,7,1,0,0,0,0,0,0,60,lru,0,0,0,0,0,0,8,8,8,0,0,0,5,0,0,0,0,0,0,0,0,0,0,0,0,1466428519476168253,4,4,2,8,2,2,0,3.8
layer,8,0,7,134,decode,25,4,4,0,0,0,285,0,0,0,0,30,10,3,0,0,0,0,0,0,60,lru,0,0,0,0,0,0,8,8,8,0,0,0,8,0,0,0,0,0,0,0,0,0,0,0,0,6418166763823451079,4,4,0,8,0,0,0,3.8
layer,8,0,7,134,decode,26,4,4,0,0,0,140,0,0,0,0,25,9,3,0,0,0,0,0,0,60,lru,0,0,0,0,0,0,8,8,8,0,0,0,5,0,0,0,0,0,0,0,0,0,0,0,0,17328237016208678328,4,4,1,8,1,1,0,3.8
layer,8,0,7,134,decode,27,4,3,1,1179,368,159,422,2,0,2,1452,10,31,0,0,0,0,0,0,60,lru,0,0,0,0,0,0,8,7,8,0,1,0,5,0,0,0,0,0,0,0,0,1900544,0,1900544,3,9930477244772008219,4,4,1,8,1,0,0,3.8
layer,8,0,7,134,decode,28,4,2,2,7303,463,2442,2004,1,0,1,7494,11,12,0,0,0,0,0,0,60,lru,0,0,0,0,0,0,8,2,8,0,2,0,6,0,0,0,0,0,0,0,0,3801088,0,3801088,6,3619308935213207776,4,4,5,8,5,3,0,3.8
layer,8,0,7,134,decode,29,4,3,1,375,174,2421,73,1,0,1,449,8,2,0,0,0,0,0,0,60,lru,0,0,0,0,0,0,8,3,8,0,1,0,4,0,0,0,0,0,0,0,0,1900544,0,1900544,3,2560739286658683966,4,4,3,8,3,2,0,3.8
layer,8,0,7,134,decode,30,4,4,0,0,0,2422,0,0,0,0,23,8,2,0,0,0,0,0,0,60,lru,0,0,0,0,0,0,8,8,8,0,0,0,5,0,0,0,0,0,0,0,0,0,0,0,0,9976859848202198479,4,4,3,8,3,3,0,3.8
layer,8,0,7,134,decode,31,4,3,1,396,154,2447,114,1,0,1,517,9,13,0,0,0,0,0,0,60,lru,0,0,0,0,0,0,8,3,8,0,1,0,3,0,0,0,0,0,0,0,0,1900544,0,1900544,3,11807086139321154798,4,4,4,8,4,3,0,3.8
layer,8,0,7,134,decode,32,4,4,0,0,0,2433,0,0,0,0,22,7,3,0,0,0,0,0,0,60,lru,0,0,0,0,0,0,8,8,8,0,0,0,3,0,0,0,0,0,0,0,0,0,0,0,0,17414999756368336147,4,4,1,8,1,1,0,3.8
layer,8,0,7,134,decode,33,4,4,0,0,0,2435,0,0,0,0,26,9,4,0,0,0,0,0,0,60,lru,0,0,0,0,0,0,8,8,8,0,0,0,6,0,0,0,0,0,0,0,0,0,0,0,0,2651064776104949245,4,4,1,8,1,1,0,3.8
layer,8,0,7,134,decode,34,4,4,0,0,0,2424,0,0,0,0,32,14,3,0,0,0,0,0,0,60,lru,0,0,0,0,0,0,8,8,8,0,0,0,5,0,0,0,0,0,0,0,0,0,0,0,0,9356347459332254330,4,4,2,8,2,2,0,3.8
layer,8,0,7,134,decode,35,4,4,0,0,0,2449,0,1,1,0,21,7,2,0,0,0,0,0,0,60,lru,0,0,0,0,0,0,8,8,8,0,0,0,4,0,0,0,0,0,0,0,0,0,0,0,0,8553317358032825903,4,4,1,8,1,1,0,3.8
layer,8,0,7,134,decode,36,4,2,2,953,295,2424,327,2,0,2,1148,11,5,0,0,0,0,0,0,60,lru,0,0,0,0,0,0,8,2,8,0,2,0,6,0,0,0,0,0,0,0,0,3801088,0,3801088,6,5132512247120096276,4,4,3,8,3,1,0,3.8
layer,8,0,7,134,decode,37,4,3,1,426,179,2446,177,1,0,1,589,12,5,0,0,0,0,0,0,60,lru,0,0,0,0,0,0,8,7,8,0,1,0,5,0,0,0,0,0,0,0,0,1900544,0,1900544,3,4108348121032763173,4,4,4,8,4,3,0,3.8
layer,8,0,7,134,decode,38,4,3,1,458,216,2426,113,1,0,1,587,12,18,0,0,0,0,0,0,60,lru,0,0,0,0,0,0,8,3,8,0,1,0,7,0,0,0,0,0,0,0,0,2039808,0,2039808,3,2028998441836807534,4,4,5,8,5,4,0,3.8
layer,8,0,7,134,decode,39,4,2,2,1207,437,760,245,3,0,3,1397,10,25,0,0,0,0,0,0,60,lru,0,0,0,0,0,0,8,2,8,0,2,0,6,0,0,0,0,0,0,0,0,4079616,0,4079616,6,790502167118754540,4,4,5,8,5,3,0,3.8
request,8,0,7,0,decode,-1,0,0,0,0,0,0,0,0,0,0,0,0,0,0,0,0,0,0,0,0,,95904,441,0,0,25,0,0,0,0,0,0,0,0,0,0,0,0,0,0,0,0,0,0,0,0,0,0,0,0,0,0,0,0,0
layer,9,0,8,135,decode,0,4,4,0,0,0,294,0,0,0,0,27,10,2,0,0,0,0,0,0,60,lru,0,0,0,0,0,0,8,8,8,0,0,0,7,0,0,0,0,0,0,0,0,0,0,0,0,17766553607501442278,4,4,2,8,2,2,0,3.8
layer,9,0,8,135,decode,1,4,4,0,0,0,292,0,0,0,0,23,7,2,0,0,0,0,0,0,60,lru,0,0,0,0,0,0,8,8,8,0,0,0,7,0,0,0,0,0,0,0,0,0,0,0,0,16793756073968569184,4,4,1,8,1,1,0,3.8
layer,9,0,8,135,decode,2,4,3,1,660,334,140,130,3,0,3,829,7,18,0,0,0,0,0,0,60,lru,0,0,0,0,0,0,8,3,8,0,1,0,7,0,0,0,0,0,0,0,0,1900544,0,1900544,3,12938436943093132302,4,4,4,8,4,3,0,3.8
layer,9,0,8,135,decode,3,4,4,0,0,0,316,0,0,0,0,23,8,2,0,0,0,0,0,0,60,lru,0,0,0,0,0,0,8,8,8,0,0,0,5,0,0,0,0,0,0,0,0,0,0,0,0,4592461697132054249,4,4,2,8,2,2,0,3.8
layer,9,0,8,135,decode,4,4,4,0,0,0,148,0,0,0,0,20,6,1,0,0,0,0,0,0,60,lru,0,0,0,0,0,0,8,8,8,0,0,0,5,0,0,0,0,0,0,0,0,0,0,0,0,18426087518387629342,4,4,0,8,0,0,0,3.8
layer,9,0,8,135,decode,5,4,2,2,1373,672,2436,273,2,0,2,1597,6,17,0,0,0,0,0,0,60,lru,0,0,0,0,0,0,8,2,8,0,2,0,5,0,0,0,0,0,0,0,0,3801088,0,3801088,6,12826211940006066208,4,4,5,8,5,3,0,3.8
layer,9,0,8,135,decode,6,4,3,1,632,346,2429,142,4,0,4,784,7,18,0,0,0,0,0,0,60,lru,0,0,0,0,0,0,8,7,8,0,1,0,7,0,0,0,0,0,0,0,0,1900544,0,1900544,3,1751165474299617750,4,4,3,8,3,2,0,3.8
layer,9,0,8,135,decode,7,4,4,0,0,0,2428,0,0,0,0,23,7,2,0,0,0,0,0,0,60,lru,0,0,0,0,0,0,8,8,8,0,0,0,5,0,0,0,0,0,0,0,0,0,0,0,0,9490684886918400040,4,4,2,8,2,2,0,3.8
layer,9,0,8,135,decode,8,4,4,0,0,0,2406,0,0,0,0,19,8,2,0,0,0,0,0,0,60,lru,0,0,0,0,0,0,8,8,8,0,0,0,3,0,0,0,0,0,0,0,0,0,0,0,0,16366877353762013920,4,4,0,8,0,0,0,3.8
layer,9,0,8,135,decode,9,4,4,0,0,0,2399,0,0,0,0,19,7,2,0,0,0,0,0,0,60,lru,0,0,0,0,0,0,8,8,8,0,0,0,4,0,0,0,0,0,0,0,0,0,0,0,0,12343734127224381540,4,4,0,8,0,0,0,3.8
layer,9,0,8,135,decode,10,4,4,0,0,0,2417,0,0,0,0,19,7,2,0,0,0,0,0,0,60,lru,0,0,0,0,0,0,8,8,8,0,0,0,5,0,0,0,0,0,0,0,0,0,0,0,0,6991504102402844099,4,4,0,8,0,0,0,3.8
layer,9,0,8,135,decode,11,4,4,0,0,0,2434,0,0,0,0,16,7,1,0,0,0,0,0,0,60,lru,0,0,0,0,0,0,8,8,8,0,0,0,3,0,0,0,0,0,0,0,0,0,0,0,0,11984068322563016493,4,4,1,8,1,1,0,3.8
layer,9,0,8,135,decode,12,4,4,0,0,0,2416,0,0,0,0,17,7,1,0,0,0,0,0,0,60,lru,0,0,0,0,0,0,8,8,8,0,0,0,4,0,0,0,0,0,0,0,0,0,0,0,0,6860429349666258996,4,4,1,8,1,1,0,3.8
layer,9,0,8,135,decode,13,4,3,1,716,327,2427,187,1,0,1,900,7,11,0,0,0,0,0,0,60,lru,0,0,0,0,0,0,8,7,8,0,1,0,2,0,0,0,0,0,0,0,0,1900544,0,1900544,3,8555726541082528647,4,4,3,8,3,2,0,3.8
layer,9,0,8,135,decode,14,4,4,0,0,0,2420,0,0,0,0,19,8,2,0,0,0,0,0,0,60,lru,0,0,0,0,0,0,8,8,8,0,0,0,4,0,0,0,0,0,0,0,0,0,0,0,0,11054448587923946567,4,4,1,8,1,1,0,3.8
layer,9,0,8,135,decode,15,4,4,0,0,0,2395,0,0,0,0,30,10,2,0,0,0,0,0,0,60,lru,0,0,0,0,0,0,8,8,8,0,0,0,8,0,0,0,0,0,0,0,0,0,0,0,0,1419631932098311648,4,4,1,8,1,1,0,3.8
layer,9,0,8,135,decode,16,4,3,1,742,363,2433,100,1,0,1,911,7,17,0,0,0,0,0,0,60,lru,0,0,0,0,0,0,8,7,8,0,1,0,3,0,0,0,0,0,0,0,0,1900544,0,1900544,3,4916195266192628811,4,4,3,8,3,2,0,3.8
layer,9,0,8,135,decode,17,4,4,0,0,0,2447,0,0,0,0,21,8,2,0,0,0,0,0,0,60,lru,0,0,0,0,0,0,8,8,8,0,0,0,4,0,0,0,0,0,0,0,0,0,0,0,0,6739660695341459781,4,4,2,8,2,2,0,3.8
layer,9,0,8,135,decode,18,4,4,0,0,0,2404,0,0,0,0,17,7,1,0,0,0,0,0,0,60,lru,0,0,0,0,0,0,8,8,8,0,0,0,3,0,0,0,0,0,0,0,0,0,0,0,0,1518056385619179475,4,4,1,8,1,1,0,3.8
layer,9,0,8,135,decode,19,4,3,1,761,377,2440,172,1,0,1,969,7,21,0,0,0,0,0,0,60,lru,0,0,0,0,0,0,8,7,8,0,1,0,4,0,0,0,0,0,0,0,0,1900544,0,1900544,3,12493299881974787170,4,4,3,8,3,2,0,3.8
layer,9,0,8,135,decode,20,4,3,1,1569,332,2438,298,2,0,2,1833,7,39,0,0,0,0,0,0,60,lru,0,0,0,0,0,0,8,7,8,0,1,0,7,0,0,0,0,0,0,0,0,1900544,0,1900544,3,17694993129477992626,4,4,3,8,3,2,0,3.8
layer,9,0,8,135,decode,21,4,4,0,0,0,2428,0,0,0,0,35,12,2,0,0,0,0,0,0,60,lru,0,0,0,0,0,0,8,8,8,0,0,0,11,0,0,0,0,0,0,0,0,0,0,0,0,3728064579961493140,4,4,2,8,2,2,0,3.8
layer,9,0,8,135,decode,22,4,4,0,0,0,2421,0,0,0,0,30,11,3,0,0,0,0,0,0,60,lru,0,0,0,0,0,0,8,8,8,0,0,0,6,0,0,0,0,0,0,0,0,0,0,0,0,13593380036631281120,4,4,0,8,0,0,0,3.8
layer,9,0,8,135,decode,23,4,3,1,699,378,2445,161,1,0,1,865,7,16,0,0,0,0,0,0,60,lru,0,0,0,0,0,0,8,7,8,0,1,0,4,0,0,0,0,0,0,0,0,1900544,0,1900544,3,15335047467083545029,4,4,3,8,3,2,0,3.8
layer,9,0,8,135,decode,24,4,4,0,0,0,2434,0,0,0,0,33,12,5,0,0,0,0,0,0,60,lru,0,0,0,0,0,0,8,8,8,0,0,0,5,0,0,0,0,0,0,0,0,0,0,0,0,11028389099633495964,4,4,1,8,1,1,0,3.8
layer,9,0,8,135,decode,25,4,4,0,0,0,1216,0,0,0,0,18,7,2,0,0,0,0,0,0,60,lru,0,0,0,0,0,0,8,8,8,0,0,0,4,0,0,0,0,0,0,0,0,0,0,0,0,5458554218195627694,4,4,2,8,2,2,0,3.8
layer,9,0,8,135,decode,26,4,2,2,1490,715,267,231,1,0,1,1719,7,16,0,0,0,0,0,0,60,lru,0,0,0,0,0,0,8,2,8,0,2,0,4,0,0,0,0,0,0,0,0,3801088,0,3801088,6,13353949532786806445,4,4,3,8,3,1,0,3.8
layer,9,0,8,135,decode,27,4,3,1,578,387,297,211,1,0,1,752,8,17,0,0,0,0,0,0,60,lru,0,0,0,0,0,0,8,7,8,0,1,0,5,0,0,0,0,0,0,0,0,1900544,0,1900544,3,5495599052861094456,4,4,4,8,4,3,0,3.8
layer,9,0,8,135,decode,28,4,2,2,1415,734,2422,333,0,0,0,1659,7,17,0,0,0,0,0,0,60,lru,0,0,0,0,0,0,8,2,8,0,2,0,5,0,0,0,0,0,0,0,0,3801088,0,3801088,6,7317953765867318417,4,4,4,8,4,2,0,3.8
layer,9,0,8,135,decode,29,4,2,2,11097,336,2425,489,1,0,1,11234,7,12,0,0,0,0,0,0,60,lru,0,0,0,0,0,0,8,6,8,0,2,0,5,0,0,0,0,0,0,0,0,3801088,0,3801088,6,6343169496852407189,4,4,4,8,4,2,0,3.8
layer,9,0,8,135,decode,30,4,3,1,9728,223,2375,469,1,0,1,9797,7,3,0,0,0,0,0,0,60,lru,0,0,0,0,0,0,8,7,8,0,1,0,2,0,0,0,0,0,0,0,0,1900544,0,1900544,3,11154144778303696950,4,4,4,8,4,3,0,3.8
layer,9,0,8,135,decode,31,4,2,2,13012,369,2421,2744,1,0,1,13194,8,29,0,0,0,0,0,0,60,lru,0,0,0,0,0,0,8,2,8,0,2,0,5,0,0,0,0,0,0,0,0,3801088,0,3801088,6,12530644252180724494,4,4,5,8,5,3,0,3.8
layer,9,0,8,135,decode,32,4,2,2,1569,241,2433,291,4,0,4,1730,13,6,0,0,0,0,0,0,60,lru,0,0,0,0,0,0,8,2,8,0,2,0,10,0,0,0,0,0,0,0,0,3801088,0,3801088,6,1646499408306943000,4,4,4,8,4,2,0,3.8
layer,9,0,8,135,decode,33,4,1,3,3361,401,808,959,3,0,3,3619,11,34,0,0,0,0,0,0,60,lru,0,0,0,0,0,0,8,5,8,0,3,0,8,0,0,0,0,0,0,0,0,5701632,0,5701632,9,14575681167528628912,4,4,5,8,5,2,0,3.8
layer,9,0,8,135,decode,34,4,2,2,6312,272,2399,1640,3,0,3,6507,11,23,0,0,0,0,0,0,60,lru,0,0,0,0,0,0,8,6,8,0,2,0,5,0,0,0,0,0,0,0,0,4079616,0,4079616,6,1394571544139800540,4,4,5,8,5,3,0,3.8
layer,9,0,8,135,decode,35,4,2,2,2246,244,2461,500,4,0,4,2465,14,20,0,0,0,0,0,0,60,lru,0,0,0,0,0,0,8,6,8,0,2,0,12,0,0,0,0,0,0,0,0,3801088,0,3801088,6,14343009729097790947,4,4,5,8,5,3,0,3.8
layer,9,0,8,135,decode,36,4,2,2,3126,261,2437,798,4,0,4,3295,11,17,0,0,0,0,0,0,60,lru,0,0,0,0,0,0,8,2,8,0,2,0,10,0,0,0,0,0,0,0,0,3801088,0,3801088,6,627657807525530420,4,4,5,8,5,3,0,3.8
layer,9,0,8,135,decode,37,4,0,4,10875,573,2424,3548,1,0,1,11142,13,19,0,0,0,0,0,0,60,lru,0,0,0,0,0,0,8,0,8,0,4,0,7,0,0,0,0,0,0,0,0,7602176,0,7602176,12,9304823543385230536,4,4,5,8,5,1,0,3.8
layer,9,0,8,135,decode,38,4,2,2,905,301,2439,170,1,0,1,1083,16,35,0,0,0,0,0,0,60,lru,0,0,0,0,0,0,8,2,8,0,2,0,7,0,0,0,0,0,0,0,0,4079616,0,4079616,6,4791917399187331618,4,4,3,8,3,1,0,3.8
layer,9,0,8,135,decode,39,4,2,2,7255,353,764,2572,3,0,3,7479,14,16,0,0,0,0,0,0,60,lru,0,0,0,0,0,0,8,2,8,0,2,0,9,0,0,0,0,0,0,0,0,4079616,0,4079616,6,10010257689952516827,4,4,6,8,6,4,0,3.8
request,9,0,8,0,decode,-1,0,0,0,0,0,0,0,0,0,0,0,0,0,0,0,0,0,0,0,0,,163963,806,0,0,34,0,0,0,0,0,0,0,0,0,0,0,0,0,0,0,0,0,0,0,0,0,0,0,0,0,0,0,0,0
layer,10,0,9,136,decode,0,4,4,0,0,0,294,0,0,0,0,42,14,4,0,0,0,0,0,0,60,lru,0,0,0,0,0,0,8,8,8,0,0,0,13,0,0,0,0,0,0,0,0,0,0,0,0,256183304317158008,4,4,2,8,2,2,0,3.8
layer,10,0,9,136,decode,1,4,2,2,1144,261,158,278,2,0,2,1311,13,17,0,0,0,0,0,0,60,lru,0,0,0,0,0,0,8,6,8,0,2,0,7,0,0,0,0,0,0,0,0,3801088,0,3801088,6,14863258086774433510,4,4,2,8,2,0,0,3.8
layer,10,0,9,136,decode,2,4,3,1,569,180,281,115,9,0,9,724,10,13,0,0,0,0,0,0,60,lru,0,0,0,0,0,0,8,3,8,0,1,0,13,0,0,0,0,0,0,0,0,1900544,0,1900544,3,16753869808111003825,4,4,1,8,1,0,0,3.8
layer,10,0,9,136,decode,3,4,3,1,566,189,2447,123,3,0,3,728,13,31,0,0,0,0,0,0,60,lru,0,0,0,0,0,0,8,7,8,0,1,0,8,0,0,0,0,0,0,0,0,1900544,0,1900544,3,17973656781969447026,4,4,3,8,3,2,0,3.8
layer,10,0,9,136,decode,4,4,3,1,487,195,2423,115,6,0,6,615,12,9,0,0,0,0,0,0,60,lru,0,0,0,0,0,0,8,7,8,0,1,0,8,0,0,0,0,0,0,0,0,1900544,0,1900544,3,4184172180458111151,4,4,2,8,2,1,0,3.8
layer,10,0,9,136,decode,5,4,3,1,556,187,2435,107,7,0,7,675,12,13,0,0,0,0,0,0,60,lru,0,0,0,0,0,0,8,3,8,0,1,0,16,0,0,0,0,0,0,0,0,1900544,0,1900544,3,17167314221225914236,4,4,3,8,3,2,0,3.8
layer,10,0,9,136,decode,6,4,4,0,0,0,2425,0,0,0,0,44,14,3,0,0,0,0,0,0,60,lru,0,0,0,0,0,0,8,8,8,0,0,0,12,0,0,0,0,0,0,0,0,0,0,0,0,5275103464417360622,4,4,1,8,1,1,0,3.8
layer,10,0,9,136,decode,7,4,4,0,0,0,2430,0,0,0,0,45,14,5,0,0,0,0,0,0,60,lru,0,0,0,0,0,0,8,8,8,0,0,0,13,0,0,0,0,0,0,0,0,0,0,0,0,15102491292814730030,4,4,0,8,0,0,0,3.8
layer,10,0,9,136,decode,8,4,4,0,0,0,2436,0,0,0,0,31,13,2,0,0,0,0,0,0,60,lru,0,0,0,0,0,0,8,8,8,0,0,0,8,0,0,0,0,0,0,0,0,0,0,0,0,1367846946571655655,4,4,0,8,0,0,0,3.8
layer,10,0,9,136,decode,9,4,4,0,0,0,2438,0,0,0,0,35,12,5,0,0,0,0,0,0,60,lru,0,0,0,0,0,0,8,8,8,0,0,0,7,0,0,0,0,0,0,0,0,0,0,0,0,11937955063727272021,4,4,2,8,2,2,0,3.8
layer,10,0,9,136,decode,10,4,4,0,0,0,2416,0,0,0,0,24,7,2,0,0,0,0,0,0,60,lru,0,0,0,0,0,0,8,8,8,0,0,0,6,0,0,0,0,0,0,0,0,0,0,0,0,9751799014930007514,4,4,1,8,1,1,0,3.8
layer,10,0,9,136,decode,11,4,4,0,0,0,2422,0,0,0,0,39,13,5,0,0,0,0,0,0,60,lru,0,0,0,0,0,0,8,8,8,0,0,0,11,0,0,0,0,0,0,0,0,0,0,0,0,4689801144420366038,4,4,0,8,0,0,0,3.8
layer,10,0,9,136,decode,12,4,4,0,0,0,2448,0,0,0,0,26,11,1,0,0,0,0,0,0,60,lru,0,0,0,0,0,0,8,8,8,0,0,0,6,0,0,0,0,0,0,0,0,0,0,0,0,10227883754078534471,4,4,1,8,1,1,0,3.8
layer,10,0,9,136,decode,13,4,3,1,1047,257,2451,277,1,0,1,1259,13,28,0,0,0,0,0,0,60,lru,0,0,0,0,0,0,8,7,8,0,1,0,3,0,0,0,0,0,0,0,0,1900544,0,1900544,3,537566939165498544,4,4,2,8,2,1,0,3.8
layer,10,0,9,136,decode,14,4,4,0,0,0,2413,0,0,0,0,27,8,2,0,0,0,0,0,0,60,lru,0,0,0,0,0,0,8,8,8,0,0,0,7,0,0,0,0,0,0,0,0,0,0,0,0,18333997435164802384,4,4,1,8,1,1,0,3.8
layer,10,0,9,136,decode,15,4,4,0,0,0,2433,0,0,0,0,38,13,4,0,0,0,0,0,0,60,lru,0,0,0,0,0,0,8,8,8,0,0,0,9,0,0,0,0,0,0,0,0,0,0,0,0,3735253611449693699,4,4,1,8,1,1,0,3.8
layer,10,0,9,136,decode,16,4,4,0,0,0,2443,0,0,0,0,33,13,2,0,0,0,0,0,0,60,lru,0,0,0,0,0,0,8,8,8,0,0,0,8,0,0,0,0,0,0,0,0,0,0,0,0,4314022690128548159,4,4,1,8,1,1,0,3.8
layer,10,0,9,136,decode,17,4,4,0,0,0,2447,0,0,0,0,23,12,2,0,0,0,0,0,0,60,lru,0,0,0,0,0,0,8,8,8,0,0,0,2,0,0,0,0,0,0,0,0,0,0,0,0,7729295799982999862,4,4,1,8,1,1,0,3.8
layer,10,0,9,136,decode,18,4,3,1,1578,331,2401,301,3,0,3,1857,7,21,0,0,0,0,0,0,60,lru,0,0,0,0,0,0,8,3,8,0,1,0,4,0,0,0,0,0,0,0,0,1900544,0,1900544,3,329832894314301963,4,4,1,8,1,0,0,3.8
layer,10,0,9,136,decode,19,4,3,1,1081,323,2441,263,2,0,2,1327,10,28,0,0,0,0,0,0,60,lru,0,0,0,0,0,0,8,7,8,0,1,0,8,0,0,0,0,0,0,0,0,1900544,0,1900544,3,17692402294081223344,4,4,2,8,2,1,0,3.8
layer,10,0,9,136,decode,20,4,4,0,0,0,2449,0,0,0,0,21,8,1,0,0,0,0,0,0,60,lru,0,0,0,0,0,0,8,8,8,0,0,0,5,0,0,0,0,0,0,0,0,0,0,0,0,6420359232035159850,4,4,1,8,1,1,0,3.8
layer,10,0,9,136,decode,21,4,4,0,0,0,2435,0,0,0,0,17,7,2,0,0,0,0,0,0,60,lru,0,0,0,0,0,0,8,8,8,0,0,0,3,0,0,0,0,0,0,0,0,0,0,0,0,3693872930085865249,4,4,0,8,0,0,0,3.8
layer,10,0,9,136,decode,22,4,4,0,0,0,2421,0,0,0,0,17,8,1,0,0,0,0,0,0,60,lru,0,0,0,0,0,0,8,8,8,0,0,0,3,0,0,0,0,0,0,0,0,0,0,0,0,7772896919983828389,4,4,1,8,1,1,0,3.8
layer,10,0,9,136,decode,23,4,4,0,0,0,2383,0,0,0,0,17,7,1,0,0,0,0,0,0,60,lru,0,0,0,0,0,0,8,8,8,0,0,0,4,0,0,0,0,0,0,0,0,0,0,0,0,13400021171269788989,4,4,2,8,2,2,0,3.8
layer,10,0,9,136,decode,24,4,4,0,0,0,279,0,0,0,0,18,7,1,0,0,0,0,0,0,60,lru,0,0,0,0,0,0,8,8,8,0,0,0,4,0,0,0,0,0,0,0,0,0,0,0,0,13663960680398178210,4,4,0,8,0,0,0,3.8
layer,10,0,9,136,decode,25,4,4,0,0,0,327,0,0,0,0,18,7,2,0,0,0,0,0,0,60,lru,0,0,0,0,0,0,8,8,8,0,0,0,5,0,0,0,0,0,0,0,0,0,0,0,0,6744131316910381495,4,4,1,8,1,1,0,3.8
layer,10,0,9,136,decode,26,4,4,0,0,0,273,0,0,0,0,19,6,1,0,0,0,0,0,0,60,lru,0,0,0,0,0,0,8,8,8,0,0,0,6,0,0,0,0,0,0,0,0,0,0,0,0,13120209963702453830,4,4,2,8,2,2,0,3.8
layer,10,0,9,136,decode,27,4,4,0,0,0,291,0,0,0,0,15,7,1,0,0,0,0,0,0,60,lru,0,0,0,0,0,0,8,8,8,0,0,0,2,0,0,0,0,0,0,0,0,0,0,0,0,5028582394062499836,4,4,1,8,1,1,0,3.8
layer,10,0,9,136,decode,28,4,2,2,1733,729,292,292,0,0,0,1988,7,11,0,0,0,0,0,0,60,lru,0,0,0,0,0,0,8,6,8,0,2,0,4,0,0,0,0,0,0,0,0,3801088,0,3801088,6,8846793334707104652,4,4,3,8,3,1,0,3.8
layer,10,0,9,136,decode,29,4,2,2,1822,727,2432,246,1,0,1,2072,7,17,0,0,0,0,0,0,60,lru,0,0,0,0,0,0,8,2,8,0,2,0,5,0,0,0,0,0,0,0,0,3801088,0,3801088,6,12120447095025136326,4,4,5,8,5,3,0,3.8
layer,10,0,9,136,decode,30,4,3,1,4842,292,2410,15,1,0,1,4939,7,12,0,0,0,0,0,0,60,lru,0,0,0,0,0,0,8,3,8,0,1,0,3,0,0,0,0,0,0,0,0,1900544,0,1900544,3,10237222488985075179,4,4,2,8,2,1,0,3.8
layer,10,0,9,136,decode,31,4,2,2,5218,285,2395,894,1,0,1,5339,7,5,0,0,0,0,0,0,60,lru,0,0,0,0,0,0,8,6,8,0,2,0,4,0,0,0,0,0,0,0,0,3801088,0,3801088,6,10396595918110137351,4,4,5,8,5,3,0,3.8
layer,10,0,9,136,decode,32,4,3,1,882,129,2397,183,1,0,1,992,15,14,0,0,0,0,0,0,60,lru,0,0,0,0,0,0,8,7,8,0,1,0,7,0,0,0,0,0,0,0,0,1900544,0,1900544,3,10828153841830635820,4,4,2,8,2,1,0,3.8
layer,10,0,9,136,decode,33,4,2,2,3151,240,2439,41,1,0,1,3249,8,3,0,0,0,0,0,0,60,lru,0,0,0,0,0,0,8,2,8,0,2,0,3,0,0,0,0,0,0,0,0,3801088,0,3801088,6,297046167321122817,4,4,4,8,4,2,0,3.8
layer,10,0,9,136,decode,34,4,2,2,1724,249,2381,52,1,0,1,1830,7,9,0,0,0,0,0,0,60,lru,0,0,0,0,0,0,8,6,8,0,2,0,3,0,0,0,0,0,0,0,0,4079616,0,4079616,6,10248412846779556742,4,4,5,8,5,3,0,3.8
layer,10,0,9,136,decode,35,4,3,1,343,126,2421,13,1,0,1,402,7,3,0,0,0,0,0,0,60,lru,0,0,0,0,0,0,8,7,8,0,1,0,3,0,0,0,0,0,0,0,0,1900544,0,1900544,3,11191739833982307025,4,4,5,8,5,4,0,3.8
layer,10,0,9,136,decode,36,4,2,2,621,298,2420,25,1,0,1,708,7,2,0,0,0,0,0,0,60,lru,0,0,0,0,0,0,8,2,8,0,2,0,5,0,0,0,0,0,0,0,0,3801088,0,3801088,6,15444880640294109429,4,4,4,8,4,2,0,3.8
layer,10,0,9,136,decode,37,4,1,3,2017,391,2400,66,1,0,1,2161,7,15,0,0,0,0,0,0,60,lru,0,0,0,0,0,0,8,1,8,0,3,0,2,0,0,0,0,0,0,0,0,5701632,0,5701632,9,798255642630011023,4,4,5,8,5,2,0,3.8
layer,10,0,9,136,decode,38,4,4,0,0,0,2407,0,0,0,0,21,8,1,0,0,0,0,0,0,60,lru,0,0,0,0,0,0,8,8,8,0,0,0,5,0,0,0,0,0,0,0,0,0,0,0,0,658143062101442900,4,4,2,8,2,2,0,3.8
layer,10,0,9,136,decode,39,4,1,3,9362,537,737,48,1,0,1,9471,7,2,0,0,0,0,0,0,60,lru,0,0,0,0,0,0,8,1,8,0,3,0,4,0,0,0,0,0,0,0,0,6119424,0,6119424,9,9171645171161208389,4,4,4,8,4,1,0,3.8
request,10,0,9,0,decode,-1,0,0,0,0,0,0,0,0,0,0,0,0,0,0,0,0,0,0,0,0,,116999,365,0,0,13,0,0,0,0,0,0,0,0,0,0,0,0,0,0,0,0,0,0,0,0,0,0,0,0,0,0,0,0,0
layer,11,0,10,137,decode,0,4,4,0,0,0,161,0,0,0,0,24,9,2,0,0,0,0,0,0,60,lru,0,0,0,0,0,0,8,8,8,0,0,0,7,0,0,0,0,0,0,0,0,0,0,0,0,13752061682182859772,4,4,1,8,1,1,0,3.8
layer,11,0,10,137,decode,1,4,4,0,0,0,182,0,0,0,0,23,9,2,0,0,0,0,0,0,60,lru,0,0,0,0,0,0,8,8,8,0,0,0,6,0,0,0,0,0,0,0,0,0,0,0,0,3662942325407553664,4,4,3,8,3,3,0,3.8
layer,11,0,10,137,decode,2,4,3,1,331,164,276,11,3,0,3,398,7,4,0,0,0,0,0,0,60,lru,0,0,0,0,0,0,8,3,8,0,1,0,7,0,0,0,0,0,0,0,0,1900544,0,1900544,3,16941721618072660621,4,4,4,8,4,3,0,3.8
layer,11,0,10,137,decode,3,4,3,1,311,168,153,31,2,0,2,377,7,3,0,0,0,0,0,0,60,lru,0,0,0,0,0,0,8,3,8,0,1,0,7,0,0,0,0,0,0,0,0,1900544,0,1900544,3,13961968597035453594,4,4,5,8,5,4,0,3.8
layer,11,0,10,137,decode,4,4,3,1,304,166,300,44,2,0,2,370,7,3,0,0,0,0,0,0,60,lru,0,0,0,0,0,0,8,7,8,0,1,0,4,0,0,0,0,0,0,0,0,1900544,0,1900544,3,3705308367385884673,4,4,2,8,2,1,0,3.8
layer,11,0,10,137,decode,5,4,3,1,298,173,2426,18,2,0,2,362,7,2,0,0,0,0,0,0,60,lru,0,0,0,0,0,0,8,7,8,0,1,0,6,0,0,0,0,0,0,0,0,1900544,0,1900544,3,1655362076230573089,4,4,5,8,5,4,0,3.8
layer,11,0,10,137,decode,6,4,4,0,0,0,2411,0,0,0,0,18,7,1,0,0,0,0,0,0,60,lru,0,0,0,0,0,0,8,8,8,0,0,0,3,0,0,0,0,0,0,0,0,0,0,0,0,15337263655119651004,4,4,1,8,1,1,0,3.8
layer,11,0,10,137,decode,7,4,4,0,0,0,2410,0,0,0,0,18,7,1,0,0,0,0,0,0,60,lru,0,0,0,0,0,0,8,8,8,0,0,0,4,0,0,0,0,0,0,0,0,0,0,0,0,2498443195871587323,4,4,3,8,3,3,0,3.8
layer,11,0,10,137,decode,8,4,3,1,303,167,2422,7,2,0,2,364,7,2,0,0,0,0,0,0,60,lru,0,0,0,0,0,0,8,7,8,0,1,0,3,0,0,0,0,0,0,0,0,1900544,0,1900544,3,5394900467664541526,4,4,1,8,1,0,0,3.8
layer,11,0,10,137,decode,9,4,4,0,0,0,2395,0,0,0,0,19,7,1,0,0,0,0,0,0,60,lru,0,0,0,0,0,0,8,8,8,0,0,0,4,0,0,0,0,0,0,0,0,0,0,0,0,15809424018540173912,4,4,1,8,1,1,0,3.8
layer,11,0,10,137,decode,10,4,4,0,0,0,2376,0,0,0,0,18,7,2,0,0,0,0,0,0,60,lru,0,0,0,0,0,0,8,8,8,0,0,0,3,0,0,0,0,0,0,0,0,0,0,0,0,7051800094206883361,4,4,1,8,1,1,0,3.8
layer,11,0,10,137,decode,11,4,4,0,0,0,2426,0,0,0,0,15,6,1,0,0,0,0,0,0,60,lru,0,0,0,0,0,0,8,8,8,0,0,0,2,0,0,0,0,0,0,0,0,0,0,0,0,3301800293274438625,4,4,1,8,1,1,0,3.8
layer,11,0,10,137,decode,12,4,4,0,0,0,2448,0,0,0,0,17,7,1,0,0,0,0,0,0,60,lru,0,0,0,0,0,0,8,8,8,0,0,0,4,0,0,0,0,0,0,0,0,0,0,0,0,16660675271518005166,4,4,1,8,1,1,0,3.8
layer,11,0,10,137,decode,13,4,3,1,324,196,2426,39,1,0,1,440,7,17,0,0,0,0,0,0,60,lru,0,0,0,0,0,0,8,7,8,0,1,0,4,0,0,0,0,0,0,0,0,1900544,0,1900544,3,14992168513471016853,4,4,1,8,1,0,0,3.8
layer,11,0,10,137,decode,14,4,4,0,0,0,2410,0,0,0,0,20,7,2,0,0,0,0,0,0,60,lru,0,0,0,0,0,0,8,8,8,0,0,0,4,0,0,0,0,0,0,0,0,0,0,0,0,4374121701622808341,4,4,2,8,2,2,0,3.8
layer,11,0,10,137,decode,15,4,4,0,0,0,2446,0,0,0,0,17,6,1,0,0,0,0,0,0,60,lru,0,0,0,0,0,0,8,8,8,0,0,0,4,0,0,0,0,0,0,0,0,0,0,0,0,16816109367971025952,4,4,0,8,0,0,0,3.8
layer,11,0,10,137,decode,16,4,4,0,0,0,2425,0,0,0,0,18,7,2,0,0,0,0,0,0,60,lru,0,0,0,0,0,0,8,8,8,0,0,0,4,0,0,0,0,0,0,0,0,0,0,0,0,6879696342733464548,4,4,1,8,1,1,0,3.8
layer,11,0,10,137,decode,17,4,4,0,0,0,2438,0,0,0,0,18,7,2,0,0,0,0,0,0,60,lru,0,0,0,0,0,0,8,8,8,0,0,0,4,0,0,0,0,0,0,0,0,0,0,0,0,13431547448703674776,4,4,1,8,1,1,0,3.8
layer,11,0,10,137,decode,18,4,4,0,0,0,2432,0,0,0,0,18,7,1,0,0,0,0,0,0,60,lru,0,0,0,0,0,0,8,8,8,0,0,0,4,0,0,0,0,0,0,0,0,0,0,0,0,18306235568359104861,4,4,0,8,0,0,0,3.8
layer,11,0,10,137,decode,19,4,4,0,0,0,2434,0,0,0,0,16,7,2,0,0,0,0,0,0,60,lru,0,0,0,0,0,0,8,8,8,0,0,0,3,0,0,0,0,0,0,0,0,0,0,0,0,6239706438181849637,4,4,0,8,0,0,0,3.8
layer,11,0,10,137,decode,20,4,4,0,0,0,2445,0,0,0,0,17,7,1,0,0,0,0,0,0,60,lru,0,0,0,0,0,0,8,8,8,0,0,0,3,0,0,0,0,0,0,0,0,0,0,0,0,10085238949891301489,4,4,0,8,0,0,0,3.8
layer,11,0,10,137,decode,21,4,4,0,0,0,2453,0,0,0,0,14,6,1,0,0,0,0,0,0,60,lru,0,0,0,0,0,0,8,8,8,0,0,0,2,0,0,0,0,0,0,0,0,0,0,0,0,11032302757553765382,4,4,0,8,0,0,0,3.8
layer,11,0,10,137,decode,22,4,3,1,492,276,2414,79,1,0,1,628,7,6,0,0,0,0,0,0,60,lru,0,0,0,0,0,0,8,7,8,0,1,0,3,0,0,0,0,0,0,0,0,1900544,0,1900544,3,12352051826916875206,4,4,2,8,2,1,0,3.8
layer,11,0,10,137,decode,23,4,4,0,0,0,2442,0,0,0,0,18,8,2,0,0,0,0,0,0,60,lru,0,0,0,0,0,0,8,8,8,0,0,0,2,0,0,0,0,0,0,0,0,0,0,0,0,11509556231621358288,4,4,1,8,1,1,0,3.8
layer,11,0,10,137,decode,24,4,4,0,0,0,2445,0,0,0,0,16,7,2,0,0,0,0,0,0,60,lru,0,0,0,0,0,0,8,8,8,0,0,0,3,0,0,0,0,0,0,0,0,0,0,0,0,2759862535610868961,4,4,0,8,0,0,0,3.8
layer,11,0,10,137,decode,25,4,4,0,0,0,2434,0,0,0,0,16,7,1,0,0,0,0,0,0,60,lru,0,0,0,0,0,0,8,8,8,0,0,0,3,0,0,0,0,0,0,0,0,0,0,0,0,2327070760508913233,4,4,2,8,2,2,0,3.8
layer,11,0,10,137,decode,26,4,4,0,0,0,1220,0,0,0,0,18,7,1,0,0,0,0,0,0,60,lru,0,0,0,0,0,0,8,8,8,0,0,0,5,0,0,0,0,0,0,0,0,0,0,0,0,1022126407306244592,4,4,1,8,1,1,0,3.8
layer,11,0,10,137,decode,27,4,4,0,0,0,280,0,0,0,0,17,7,2,0,0,0,0,0,0,60,lru,0,0,0,0,0,0,8,8,8,0,0,0,3,0,0,0,0,0,0,0,0,0,0,0,0,11827166639087036649,4,4,1,8,1,1,0,3.8
layer,11,0,10,137,decode,28,4,3,1,664,374,164,75,1,0,1,792,7,18,0,0,0,0,0,0,60,lru,0,0,0,0,0,0,8,3,8,0,1,0,3,0,0,0,0,0,0,0,0,1900544,0,1900544,3,8304692795134640558,4,4,2,8,2,1,0,3.8
layer,11,0,10,137,decode,29,4,3,1,730,372,154,100,1,0,1,869,8,16,0,0,0,0,0,0,60,lru,0,0,0,0,0,0,8,7,8,0,1,0,3,0,0,0,0,0,0,0,0,1900544,0,1900544,3,253629260887410547,4,4,3,8,3,2,0,3.8
layer,11,0,10,137,decode,30,4,3,1,714,371,333,174,1,0,1,860,7,16,0,0,0,0,0,0,60,lru,0,0,0,0,0,0,8,3,8,0,1,0,3,0,0,0,0,0,0,0,0,1900544,0,1900544,3,18010386565169478077,4,4,3,8,3,2,0,3.8
layer,11,0,10,137,decode,31,4,3,1,707,370,2443,81,1,0,1,889,7,4,0,0,0,0,0,0,60,lru,0,0,0,0,0,0,8,7,8,0,1,0,4,0,0,0,0,0,0,0,0,1900544,0,1900544,3,8994082861011887970,4,4,4,8,4,3,0,3.8
layer,11,0,10,137,decode,32,4,4,0,0,0,2424,0,0,0,0,20,7,2,0,0,0,0,0,0,60,lru,0,0,0,0,0,0,8,8,8,0,0,0,4,0,0,0,0,0,0,0,0,0,0,0,0,10288889476698381380,4,4,1,8,1,1,0,3.8
layer,11,0,10,137,decode,33,4,4,0,0,0,2453,0,0,0,0,18,7,2,0,0,0,0,0,0,60,lru,0,0,0,0,0,0,8,8,8,0,0,0,4,0,0,0,0,0,0,0,0,0,0,0,0,18155108117322401015,4,4,3,8,3,3,0,3.8
layer,11,0,10,137,decode,34,4,1,3,2725,1140,2407,377,1,0,1,3040,7,18,0,0,0,0,0,0,60,lru,0,0,0,0,0,0,8,1,8,0,3,0,4,0,0,0,0,0,0,0,0,6119424,0,6119424,9,9858232329342939576,4,4,6,8,6,3,0,3.8
layer,11,0,10,137,decode,35,4,3,1,667,365,2404,92,1,0,1,805,8,17,0,0,0,0,0,0,60,lru,0,0,0,0,0,0,8,7,8,0,1,0,3,0,0,0,0,0,0,0,0,1900544,0,1900544,3,8816783413350118435,4,4,2,8,2,1,0,3.8
layer,11,0,10,137,decode,36,4,4,0,0,0,2432,0,0,0,0,20,7,2,0,0,0,0,0,0,60,lru,0,0,0,0,0,0,8,8,8,0,0,0,4,0,0,0,0,0,0,0,0,0,0,0,0,12686357159743437573,4,4,2,8,2,2,0,3.8
layer,11,0,10,137,decode,37,4,3,1,697,377,2446,81,1,0,1,869,6,14,0,0,0,0,0,0,60,lru,0,0,0,0,0,0,8,7,8,0,1,0,2,0,0,0,0,0,0,0,0,1900544,0,1900544,3,9181728860682869164,4,4,4,8,4,3,0,3.8
layer,11,0,10,137,decode,38,4,3,1,752,386,2411,128,1,0,1,882,7,22,0,0,0,0,0,0,60,lru,0,0,0,0,0,0,8,3,8,0,1,0,4,0,0,0,0,0,0,0,0,2039808,0,2039808,3,1296947249002088214,4,4,2,8,2,1,0,3.8
layer,11,0,10,137,decode,39,4,2,2,1515,765,701,149,1,0,1,1748,7,19,0,0,0,0,0,0,60,lru,0,0,0,0,0,0,8,2,8,0,2,0,2,0,0,0,0,0,0,0,0,4079616,0,4079616,6,11187634842634466348,4,4,3,8,3,1,0,3.8
request,11,0,10,0,decode,-1,0,0,0,0,0,0,0,0,0,0,0,0,0,0,0,0,0,0,0,0,,86523,319,0,0,13,0,0,0,0,0,0,0,0,0,0,0,0,0,0,0,0,0,0,0,0,0,0,0,0,0,0,0,0,0
layer,12,0,11,138,decode,0,4,4,0,0,0,2434,0,0,0,0,22,9,2,0,0,0,0,0,0,60,lru,0,0,0,0,0,0,8,8,8,0,0,0,5,0,0,0,0,0,0,0,0,0,0,0,0,2925420408621948646,4,4,3,8,3,3,0,3.8
layer,12,0,11,138,decode,1,4,4,0,0,0,2403,0,0,0,0,21,7,2,0,0,0,0,0,0,60,lru,0,0,0,0,0,0,8,8,8,0,0,0,5,0,0,0,0,0,0,0,0,0,0,0,0,6923328024751091081,4,4,2,8,2,2,0,3.8
layer,12,0,11,138,decode,2,4,4,0,0,0,2353,0,0,0,0,19,7,2,0,0,0,0,0,0,60,lru,0,0,0,0,0,0,8,8,8,0,0,0,5,0,0,0,0,0,0,0,0,0,0,0,0,16855682155423951166,4,4,3,8,3,3,0,3.8
layer,12,0,11,138,decode,3,4,4,0,0,0,279,0,0,0,0,18,7,2,0,0,0,0,0,0,60,lru,0,0,0,0,0,0,8,8,8,0,0,0,3,0,0,0,0,0,0,0,0,0,0,0,0,16045381815544658780,4,4,3,8,3,3,0,3.8
layer,12,0,11,138,decode,4,4,4,0,0,0,325,0,0,0,0,19,7,2,0,0,0,0,0,0,60,lru,0,0,0,0,0,0,8,8,8,0,0,0,5,0,0,0,0,0,0,0,0,0,0,0,0,5283260115881562927,4,4,3,8,3,3,0,3.8
layer,12,0,11,138,decode,5,4,1,3,3314,1093,2445,406,2,0,2,3667,7,18,0,0,0,0,0,0,60,lru,0,0,0,0,0,0,8,1,8,0,3,0,7,0,0,0,0,0,0,0,0,5701632,0,5701632,9,989156465894381682,4,4,5,8,5,2,0,3.8
layer,12,0,11,138,decode,6,4,4,0,0,0,2371,0,0,0,0,23,8,2,0,0,0,0,0,0,60,lru,0,0,0,0,0,0,8,8,8,0,0,0,5,0,0,0,0,0,0,0,0,0,0,0,0,18031283088586088243,4,4,3,8,3,3,0,3.8
layer,12,0,11,138,decode,7,4,4,0,0,0,2429,0,0,0,0,19,7,2,0,0,0,0,0,0,60,lru,0,0,0,0,0,0,8,8,8,0,0,0,4,0,0,0,0,0,0,0,0,0,0,0,0,17640816869146015715,4,4,1,8,1,1,0,3.8
layer,12,0,11,138,decode,8,4,4,0,0,0,2446,0,0,0,0,17,7,1,0,0,0,0,0,0,60,lru,0,0,0,0,0,0,8,8,8,0,0,0,4,0,0,0,0,0,0,0,0,0,0,0,0,1166652133097228115,4,4,0,8,0,0,0,3.8
layer,12,0,11,138,decode,9,4,4,0,0,0,2429,0,0,0,0,19,7,2,0,0,0,0,0,0,60,lru,0,0,0,0,0,0,8,8,8,0,0,0,5,0,0,0,0,0,0,0,0,0,0,0,0,1114731881054168262,4,4,0,8,0,0,0,3.8
layer,12,0,11,138,decode,10,4,4,0,0,0,2408,0,0,0,0,20,7,4,0,0,0,0,0,0,60,lru,0,0,0,0,0,0,8,8,8,0,0,0,2,0,0,0,0,0,0,0,0,0,0,0,0,9871427481336073365,4,4,1,8,1,1,0,3.8
layer,12,0,11,138,decode,11,4,2,2,1436,716,2447,402,1,0,1,1705,7,14,0,0,0,0,0,0,60,lru,0,0,0,0,0,0,8,2,8,0,2,0,4,0,0,0,0,0,0,0,0,3801088,0,3801088,6,18070335942553706461,4,4,2,8,2,0,0,3.8
layer,12,0,11,138,decode,12,4,3,1,706,364,2436,160,1,0,1,883,7,18,0,0,0,0,0,0,60,lru,0,0,0,0,0,0,8,7,8,0,1,0,3,0,0,0,0,0,0,0,0,1900544,0,1900544,3,11628471563769173367,4,4,2,8,2,1,0,3.8
layer,12,0,11,138,decode,13,4,4,0,0,0,2402,0,0,0,0,18,7,2,0,0,0,0,0,0,60,lru,0,0,0,0,0,0,8,8,8,0,0,0,2,0,0,0,0,0,0,0,0,0,0,0,0,9043200124722199738,4,4,0,8,0,0,0,3.8
layer,12,0,11,138,decode,14,4,4,0,0,0,2406,0,0,0,0,17,7,2,0,0,0,0,0,0,60,lru,0,0,0,0,0,0,8,8,8,0,0,0,3,0,0,0,0,0,0,0,0,0,0,0,0,7829716539440861304,4,4,0,8,0,0,0,3.8
layer,12,0,11,138,decode,15,4,3,1,694,367,2448,120,1,0,1,865,7,17,0,0,0,0,0,0,60,lru,0,0,0,0,0,0,8,7,8,0,1,0,4,0,0,0,0,0,0,0,0,1900544,0,1900544,3,7935471753462151377,4,4,1,8,1,0,0,3.8
layer,12,0,11,138,decode,16,4,4,0,0,0,2426,0,0,0,0,20,8,2,0,0,0,0,0,0,60,lru,0,0,0,0,0,0,8,8,8,0,0,0,4,0,0,0,0,0,0,0,0,0,0,0,0,7634731283317433513,4,4,2,8,2,2,0,3.8
layer,12,0,11,138,decode,17,4,2,2,1431,722,2443,278,1,0,1,1720,7,13,0,0,0,0,0,0,60,lru,0,0,0,0,0,0,8,6,8,0,2,0,4,0,0,0,0,0,0,0,0,3801088,0,3801088,6,11223127261973249317,4,4,4,8,4,2,0,3.8
layer,12,0,11,138,decode,18,4,2,2,9004,394,2415,60,1,0,1,9110,7,2,0,0,0,0,0,0,60,lru,0,0,0,0,0,0,8,6,8,0,2,0,3,0,0,0,0,0,0,0,0,3801088,0,3801088,6,9287602539063389310,4,4,2,8,2,0,0,3.8
layer,12,0,11,138,decode,19,4,3,1,324,176,2401,20,1,0,1,381,8,2,0,0,0,0,0,0,60,lru,0,0,0,0,0,0,8,7,8,0,1,0,3,0,0,0,0,0,0,0,0,1900544,0,1900544,3,7552793478300330189,4,4,2,8,2,1,0,3.8
layer,12,0,11,138,decode,20,4,4,0,0,0,2428,0,0,0,0,18,7,1,0,0,0,0,0,0,60,lru,0,0,0,0,0,0,8,8,8,0,0,0,3,0,0,0,0,0,0,0,0,0,0,0,0,8951496217997504046,4,4,0,8,0,0,0,3.8
layer,12,0,11,138,decode,21,4,4,0,0,0,1909,0,0,0,0,19,7,1,0,0,0,0,0,0,60,lru,0,0,0,0,0,0,8,8,8,0,0,0,5,0,0,0,0,0,0,0,0,0,0,0,0,7837997150028455781,4,4,1,8,1,1,0,3.8
layer,12,0,11,138,decode,22,4,2,2,664,279,263,49,1,0,1,768,8,7,0,0,0,0,0,0,60,lru,0,0,0,0,0,0,8,6,8,0,2,0,4,0,0,0,0,0,0,0,0,3801088,0,3801088,6,18029659223776823556,4,4,4,8,4,2,0,3.8
layer,12,0,11,138,decode,23,4,4,0,0,0,325,0,0,0,0,20,7,2,0,0,0,0,0,0,60,lru,0,0,0,0,0,0,8,8,8,0,0,0,5,0,0,0,0,0,0,0,0,0,0,0,0,8131631671758839671,4,4,2,8,2,2,0,3.8
layer,12,0,11,138,decode,24,4,3,1,822,354,152,132,1,0,1,1022,7,17,0,0,0,0,0,0,60,lru,0,0,0,0,0,0,8,7,8,0,1,0,4,0,0,0,0,0,0,0,0,1900544,0,1900544,3,11068892990358478541,4,4,3,8,3,2,0,3.8
layer,12,0,11,138,decode,25,4,2,2,1732,665,2429,185,1,0,1,1974,8,24,0,0,0,0,0,0,60,lru,0,0,0,0,0,0,8,6,8,0,2,0,4,0,0,0,0,0,0,0,0,3801088,0,3801088,6,5098674401766778978,4,4,4,8,4,2,0,3.8
layer,12,0,11,138,decode,26,4,3,1,718,375,2419,123,1,0,1,866,6,33,0,0,0,0,0,0,60,lru,0,0,0,0,0,0,8,3,8,0,1,0,5,0,0,0,0,0,0,0,0,1900544,0,1900544,3,7586282023723491207,4,4,3,8,3,2,0,3.8
layer,12,0,11,138,decode,27,4,4,0,0,0,2394,0,0,0,0,20,8,1,0,0,0,0,0,0,60,lru,0,0,0,0,0,0,8,8,8,0,0,0,5,0,0,0,0,0,0,0,0,0,0,0,0,4102963546495941591,4,4,2,8,2,2,0,3.8
layer,12,0,11,138,decode,28,4,4,0,0,0,2426,0,0,0,0,17,7,1,0,0,0,0,0,0,60,lru,0,0,0,0,0,0,8,8,8,0,0,0,3,0,0,0,0,0,0,0,0,0,0,0,0,797064796966085971,4,4,2,8,2,2,0,3.8
layer,12,0,11,138,decode,29,4,4,0,0,0,2447,0,0,0,0,23,8,2,0,0,0,0,0,0,60,lru,0,0,0,0,0,0,8,8,8,0,0,0,6,0,0,0,0,0,0,0,0,0,0,0,0,11174725739940895900,4,4,2,8,2,2,0,3.8
layer,12,0,11,138,decode,30,4,3,1,4902,241,2437,74,1,0,1,5038,6,23,0,0,0,0,0,0,60,lru,0,0,0,0,0,0,8,7,8,0,1,0,5,0,0,0,0,0,0,0,0,1900544,0,1900544,3,15608264103531991803,4,4,4,8,4,3,0,3.8
layer,12,0,11,138,decode,31,4,3,1,4765,214,2444,33,1,0,1,4831,7,2,0,0,0,0,0,0,60,lru,0,0,0,0,0,0,8,7,8,0,1,0,5,0,0,0,0,0,0,0,0,1900544,0,1900544,3,5066065972071450865,4,4,3,8,3,2,0,3.8
layer,12,0,11,138,decode,32,4,3,1,294,164,2429,33,1,0,1,399,8,23,0,0,0,0,0,0,60,lru,0,0,0,0,0,0,8,7,8,0,1,0,6,0,0,0,0,0,0,0,0,1900544,0,1900544,3,17912917033422938588,4,4,3,8,3,2,0,3.8
layer,12,0,11,138,decode,33,4,4,0,0,0,2443,0,0,0,0,21,8,2,0,0,0,0,0,0,60,lru,0,0,0,0,0,0,8,8,8,0,0,0,6,0,0,0,0,0,0,0,0,0,0,0,0,3874660047972041575,4,4,2,8,2,2,0,3.8
layer,12,0,11,138,decode,34,4,2,2,624,345,2430,28,1,0,1,711,14,2,0,0,0,0,0,0,60,lru,0,0,0,0,0,0,8,6,8,0,2,0,5,0,0,0,0,0,0,0,0,4079616,0,4079616,6,9891709614057217771,4,4,6,8,6,4,0,3.8
layer,12,0,11,138,decode,35,4,4,0,0,0,2434,0,0,0,0,22,8,2,0,0,0,0,0,0,60,lru,0,0,0,0,0,0,8,8,8,0,0,0,6,0,0,0,0,0,0,0,0,0,0,0,0,1489905925503786025,4,4,2,8,2,2,0,3.8
layer,12,0,11,138,decode,36,4,4,0,0,0,2430,0,0,0,0,19,7,1,0,0,0,0,0,0,60,lru,0,0,0,0,0,0,8,8,8,0,0,0,6,0,0,0,0,0,0,0,0,0,0,0,0,9993596293010941647,4,4,2,8,2,2,0,3.8
layer,12,0,11,138,decode,37,4,4,0,0,0,2450,0,0,0,0,19,7,1,0,0,0,0,0,0,60,lru,0,0,0,0,0,0,8,8,8,0,0,0,6,0,0,0,0,0,0,0,0,0,0,0,0,2445857013510940491,4,4,0,8,0,0,0,3.8
layer,12,0,11,138,decode,38,4,3,1,343,207,2411,13,1,0,1,408,7,7,0,0,0,0,0,0,60,lru,0,0,0,0,0,0,8,7,8,0,1,0,5,0,0,0,0,0,0,0,0,2039808,0,2039808,3,13597901562550040604,4,4,4,8,4,3,0,3.8
layer,12,0,11,138,decode,39,4,1,3,3017,550,670,136,1,0,1,3147,8,2,0,0,0,0,0,0,60,lru,0,0,0,0,0,0,8,1,8,0,3,0,6,0,0,0,0,0,0,0,0,6119424,0,6119424,9,2755403266884484461,4,4,6,8,6,3,0,3.8
request,12,0,11,0,decode,-1,0,0,0,0,0,0,0,0,0,0,0,0,0,0,0,0,0,0,0,0,,132067,350,0,0,15,0,0,0,0,0,0,0,0,0,0,0,0,0,0,0,0,0,0,0,0,0,0,0,0,0,0,0,0,0
layer,13,0,12,139,decode,0,4,2,2,793,347,294,62,4,0,4,972,9,34,0,0,0,0,0,0,60,lru,0,0,0,0,0,0,8,6,8,0,2,0,9,0,0,0,0,0,0,0,0,3801088,0,3801088,6,2804010877015530291,4,4,4,8,4,2,0,3.8
layer,13,0,12,139,decode,1,4,4,0,0,0,158,0,0,0,0,23,7,2,0,0,0,0,0,0,60,lru,0,0,0,0,0,0,8,8,8,0,0,0,7,0,0,0,0,0,0,0,0,0,0,0,0,2349903793816268086,4,4,3,8,3,3,0,3.8
layer,13,0,12,139,decode,2,4,3,1,482,241,282,98,3,0,3,616,7,28,0,0,0,0,0,0,60,lru,0,0,0,0,0,0,8,7,8,0,1,0,7,0,0,0,0,0,0,0,0,1900544,0,1900544,3,5603319120124089934,4,4,1,8,1,0,0,3.8
layer,13,0,12,139,decode,3,4,3,1,530,279,2435,44,2,0,2,620,7,13,0,0,0,0,0,0,60,lru,0,0,0,0,0,0,8,7,8,0,1,0,7,0,0,0,0,0,0,0,0,1900544,0,1900544,3,1281393376307611683,4,4,5,8,5,4,0,3.8
layer,13,0,12,139,decode,4,4,4,0,0,0,2409,0,0,0,0,23,7,2,0,0,0,0,0,0,60,lru,0,0,0,0,0,0,8,8,8,0,0,0,7,0,0,0,0,0,0,0,0,0,0,0,0,3899479554196334306,4,4,1,8,1,1,0,3.8
layer,13,0,12,139,decode,5,4,4,0,0,0,2423,0,0,0,0,20,6,2,0,0,0,0,0,0,60,lru,0,0,0,0,0,0,8,8,8,0,0,0,7,0,0,0,0,0,0,0,0,0,0,0,0,3176408772377496081,4,4,4,8,4,4,0,3.8
layer,13,0,12,139,decode,6,4,2,2,4083,403,2402,112,4,0,4,4237,7,32,0,0,0,0,0,0,60,lru,0,0,0,0,0,0,8,2,8,0,2,0,6,0,0,0,0,0,0,0,0,3801088,0,3801088,6,14811549414918390853,4,4,6,8,6,4,0,3.8
layer,13,0,12,139,decode,7,4,2,2,2439,260,2452,57,3,0,3,2550,7,9,0,0,0,0,0,0,60,lru,0,0,0,0,0,0,8,2,8,0,2,0,7,0,0,0,0,0,0,0,0,3801088,0,3801088,6,16065095976594447560,4,4,5,8,5,3,0,3.8
layer,13,0,12,139,decode,8,4,4,0,0,0,2434,0,0,0,0,23,7,2,0,0,0,0,0,0,60,lru,0,0,0,0,0,0,8,8,8,0,0,0,7,0,0,0,0,0,0,0,0,0,0,0,0,4409054022247395683,4,4,0,8,0,0,0,3.8
layer,13,0,12,139,decode,9,4,4,0,0,0,2429,0,0,0,0,20,7,1,0,0,0,0,0,0,60,lru,0,0,0,0,0,0,8,8,8,0,0,0,7,0,0,0,0,0,0,0,0,0,0,0,0,13600119393668723903,4,4,1,8,1,1,0,3.8
layer,13,0,12,139,decode,10,4,2,2,1972,228,2426,37,2,0,2,2069,7,3,0,0,0,0,0,0,60,lru,0,0,0,0,0,0,8,2,8,0,2,0,6,0,0,0,0,0,0,0,0,3801088,0,3801088,6,4389740300714731440,4,4,3,8,3,1,0,3.8
layer,13,0,12,139,decode,11,4,4,0,0,0,2435,0,0,0,0,22,7,1,0,0,0,0,0,0,60,lru,0,0,0,0,0,0,8,8,8,0,0,0,6,0,0,0,0,0,0,0,0,0,0,0,0,4583085372882844363,4,4,2,8,2,2,0,3.8
layer,13,0,12,139,decode,12,4,4,0,0,0,2398,0,0,0,0,20,7,1,0,0,0,0,0,0,60,lru,0,0,0,0,0,0,8,8,8,0,0,0,6,0,0,0,0,0,0,0,0,0,0,0,0,2353321863423814478,4,4,0,8,0,0,0,3.8
layer,13,0,12,139,decode,13,4,4,0,0,0,2429,0,0,0,0,19,7,1,0,0,0,0,0,0,60,lru,0,0,0,0,0,0,8,8,8,0,0,0,6,0,0,0,0,0,0,0,0,0,0,0,0,16144901096559642763,4,4,1,8,1,1,0,3.8
layer,13,0,12,139,decode,14,4,4,0,0,0,2413,0,0,0,0,19,7,1,0,0,0,0,0,0,60,lru,0,0,0,0,0,0,8,8,8,0,0,0,6,0,0,0,0,0,0,0,0,0,0,0,0,2137196480033069698,4,4,0,8,0,0,0,3.8
layer,13,0,12,139,decode,15,4,4,0,0,0,2400,0,0,0,0,20,7,1,0,0,0,0,0,0,60,lru,0,0,0,0,0,0,8,8,8,0,0,0,6,0,0,0,0,0,0,0,0,0,0,0,0,5025532651309179518,4,4,2,8,2,2,0,3.8
layer,13,0,12,139,decode,16,4,4,0,0,0,2426,0,0,0,0,20,7,2,0,0,0,0,0,0,60,lru,0,0,0,0,0,0,8,8,8,0,0,0,6,0,0,0,0,0,0,0,0,0,0,0,0,17636917355202682215,4,4,0,8,0,0,0,3.8
layer,13,0,12,139,decode,17,4,4,0,0,0,2448,0,0,0,0,19,7,2,0,0,0,0,0,0,60,lru,0,0,0,0,0,0,8,8,8,0,0,0,5,0,0,0,0,0,0,0,0,0,0,0,0,814795322473473705,4,4,3,8,3,3,0,3.8
layer,13,0,12,139,decode,18,4,3,1,330,190,2405,22,1,0,1,419,7,17,0,0,0,0,0,0,60,lru,0,0,0,0,0,0,8,7,8,0,1,0,6,0,0,0,0,0,0,0,0,1900544,0,1900544,3,11602517694225104331,4,4,1,8,1,0,0,3.8
layer,13,0,12,139,decode,19,4,4,0,0,0,2439,0,0,0,0,21,8,2,0,0,0,0,0,0,60,lru,0,0,0,0,0,0,8,8,8,0,0,0,4,0,0,0,0,0,0,0,0,0,0,0,0,2951302047553981568,4,4,1,8,1,1,0,3.8
layer,13,0,12,139,decode,20,4,4,0,0,0,2439,0,0,0,0,19,7,2,0,0,0,0,0,0,60,lru,0,0,0,0,0,0,8,8,8,0,0,0,5,0,0,0,0,0,0,0,0,0,0,0,0,12526246727078424862,4,4,1,8,1,1,0,3.8
layer,13,0,12,139,decode,21,4,4,0,0,0,1598,0,0,0,0,19,7,1,0,0,0,0,0,0,60,lru,0,0,0,0,0,0,8,8,8,0,0,0,5,0,0,0,0,0,0,0,0,0,0,0,0,2316296065033569930,4,4,1,8,1,1,0,3.8
layer,13,0,12,139,decode,22,4,4,0,0,0,264,0,0,0,0,19,7,2,0,0,0,0,0,0,60,lru,0,0,0,0,0,0,8,8,8,0,0,0,6,0,0,0,0,0,0,0,0,0,0,0,0,6878802113675301035,4,4,0,8,0,0,0,3.8
layer,13,0,12,139,decode,23,4,4,0,0,0,324,0,0,0,0,19,7,1,0,0,0,0,0,0,60,lru,0,0,0,0,0,0,8,8,8,0,0,0,5,0,0,0,0,0,0,0,0,0,0,0,0,6631024476209991660,4,4,2,8,2,2,0,3.8
layer,13,0,12,139,decode,24,4,4,0,0,0,286,0,0,0,0,19,7,1,0,0,0,0,0,0,60,lru,0,0,0,0,0,0,8,8,8,0,0,0,6,0,0,0,0,0,0,0,0,0,0,0,0,4955868348538858519,4,4,1,8,1,1,0,3.8
layer,13,0,12,139,decode,25,4,4,0,0,0,289,0,0,0,0,19,7,2,0,0,0,0,0,0,60,lru,0,0,0,0,0,0,8,8,8,0,0,0,5,0,0,0,0,0,0,0,0,0,0,0,0,2359579791630509069,4,4,4,8,4,4,0,3.8
layer,13,0,12,139,decode,26,4,3,1,493,270,139,88,1,0,1,611,6,13,0,0,0,0,0,0,60,lru,0,0,0,0,0,0,8,7,8,0,1,0,6,0,0,0,0,0,0,0,0,1900544,0,1900544,3,59078314952870449,4,4,3,8,3,2,0,3.8
layer,13,0,12,139,decode,27,4,4,0,0,0,322,0,0,0,0,21,8,2,0,0,0,0,0,0,60,lru,0,0,0,0,0,0,8,8,8,0,0,0,5,0,0,0,0,0,0,0,0,0,0,0,0,17729142037749702699,4,4,0,8,0,0,0,3.8
layer,13,0,12,139,decode,28,4,2,2,1073,503,357,65,1,0,1,1261,6,25,0,0,0,0,0,0,60,lru,0,0,0,0,0,0,8,2,8,0,2,0,6,0,0,0,0,0,0,0,0,3801088,0,3801088,6,10122374580902033098,4,4,3,8,3,1,0,3.8
layer,13,0,12,139,decode,29,4,3,1,474,288,2443,73,1,0,1,546,7,2,0,0,0,0,0,0,60,lru,0,0,0,0,0,0,8,7,8,0,1,0,5,0,0,0,0,0,0,0,0,1900544,0,1900544,3,16655493534826578585,4,4,3,8,3,2,0,3.8
layer,13,0,12,139,decode,30,4,3,1,499,274,2406,60,1,0,1,625,8,27,0,0,0,0,0,0,60,lru,0,0,0,0,0,0,8,3,8,0,1,0,6,0,0,0,0,0,0,0,0,1900544,0,1900544,3,12283209300210210791,4,4,3,8,3,2,0,3.8
layer,13,0,12,139,decode,31,4,1,3,1850,721,2430,198,1,0,1,2051,8,11,0,0,0,0,0,0,60,lru,0,0,0,0,0,0,8,1,8,0,3,0,5,0,0,0,0,0,0,0,0,5701632,0,5701632,9,17253989981211688397,4,4,4,8,4,1,0,3.8
layer,13,0,12,139,decode,32,4,2,2,1056,534,2439,131,1,0,1,1232,7,23,0,0,0,0,0,0,60,lru,0,0,0,0,0,0,8,6,8,0,2,0,6,0,0,0,0,0,0,0,0,3801088,0,3801088,6,2778528742440870869,4,4,4,8,4,2,0,3.8
layer,13,0,12,139,decode,33,4,3,1,616,349,2443,65,1,0,1,748,7,30,0,0,0,0,0,0,60,lru,0,0,0,0,0,0,8,7,8,0,1,0,6,0,0,0,0,0,0,0,0,1900544,0,1900544,3,3661460441225396341,4,4,1,8,1,0,0,3.8
layer,13,0,12,139,decode,34,4,2,2,9483,473,2416,123,1,0,1,9608,7,8,0,0,0,0,0,0,60,lru,0,0,0,0,0,0,8,6,8,0,2,0,5,0,0,0,0,0,0,0,0,4079616,0,4079616,6,2034384624356785776,4,4,4,8,4,2,0,3.8
layer,13,0,12,139,decode,35,4,1,3,866,403,2447,55,1,0,1,982,8,2,0,0,0,0,0,0,60,lru,0,0,0,0,0,0,8,5,8,0,3,0,6,0,0,0,0,0,0,0,0,5701632,0,5701632,9,17353751545909945499,4,4,6,8,6,3,0,3.8
layer,13,0,12,139,decode,36,4,2,2,7055,425,2454,52,1,0,1,7153,7,2,0,0,0,0,0,0,60,lru,0,0,0,0,0,0,8,6,8,0,2,0,5,0,0,0,0,0,0,0,0,3801088,0,3801088,6,1045196469876986103,4,4,4,8,4,2,0,3.8
layer,13,0,12,139,decode,37,4,2,2,571,278,2435,26,1,0,1,709,7,34,0,0,0,0,0,0,60,lru,0,0,0,0,0,0,8,6,8,0,2,0,3,0,0,0,0,0,0,0,0,3801088,0,3801088,6,6008226129010685121,4,4,3,8,3,1,0,3.8
layer,13,0,12,139,decode,38,4,1,3,900,395,2371,91,1,0,1,1016,8,4,0,0,0,0,0,0,60,lru,0,0,0,0,0,0,8,5,8,0,3,0,5,0,0,0,0,0,0,0,0,6119424,0,6119424,9,7280956214188312223,4,4,5,8,5,2,0,3.8
layer,13,0,12,139,decode,39,4,1,3,902,435,667,112,1,0,1,1071,8,26,0,0,0,0,0,0,60,lru,0,0,0,0,0,0,8,1,8,0,3,0,5,0,0,0,0,0,0,0,0,6119424,0,6119424,9,2960836537046062169,4,4,4,8,4,1,0,3.8
request,13,0,12,0,decode,-1,0,0,0,0,0,0,0,0,0,0,0,0,0,0,0,0,0,0,0,0,,107022,388,0,0,15,0,0,0,0,0,0,0,0,0,0,0,0,0,0,0,0,0,0,0,0,0,0,0,0,0,0,0,0,0
layer,14,0,13,140,decode,0,4,1,3,965,371,160,43,3,0,3,1094,8,4,0,0,0,0,0,0,60,lru,0,0,0,0,0,0,8,1,8,0,3,0,9,0,0,0,0,0,0,0,0,5701632,0,5701632,9,15280028923184617226,4,4,6,8,6,3,0,3.8
layer,14,0,13,140,decode,1,4,1,3,936,368,300,52,3,0,3,1056,8,4,0,0,0,0,0,0,60,lru,0,0,0,0,0,0,8,1,8,0,3,0,7,0,0,0,0,0,0,0,0,5701632,0,5701632,9,6806266015302564115,4,4,5,8,5,2,0,3.8
layer,14,0,13,140,decode,2,4,1,3,960,410,2417,44,3,0,3,1076,7,3,0,0,0,0,0,0,60,lru,0,0,0,0,0,0,8,1,8,0,3,0,7,0,0,0,0,0,0,0,0,5701632,0,5701632,9,2599695190015231535,4,4,4,8,4,1,0,3.8
layer,14,0,13,140,decode,3,4,3,1,310,152,2424,28,2,0,2,391,7,4,0,0,0,0,0,0,60,lru,0,0,0,0,0,0,8,7,8,0,1,0,6,0,0,0,0,0,0,0,0,1900544,0,1900544,3,6321513673439845497,4,4,4,8,4,3,0,3.8
layer,14,0,13,140,decode,4,4,4,0,0,0,2436,0,0,0,0,22,7,2,0,0,0,0,0,0,60,lru,0,0,0,0,0,0,8,8,8,0,0,0,5,0,0,0,0,0,0,0,0,0,0,0,0,3987850210006894015,4,4,0,8,0,0,0,3.8
layer,14,0,13,140,decode,5,4,3,1,349,197,2454,19,2,0,2,427,7,6,0,0,0,0,0,0,60,lru,0,0,0,0,0,0,8,3,8,0,1,0,7,0,0,0,0,0,0,0,0,1900544,0,1900544,3,10335533582653678162,4,4,3,8,3,2,0,3.8
layer,14,0,13,140,decode,6,4,4,0,0,0,2415,0,0,0,0,22,7,1,0,0,0,0,0,0,60,lru,0,0,0,0,0,0,8,8,8,0,0,0,7,0,0,0,0,0,0,0,0,0,0,0,0,9503011132602777003,4,4,1,8,1,1,0,3.8
layer,14,0,13,140,decode,7,4,4,0,0,0,2396,0,0,0,0,21,7,2,0,0,0,0,0,0,60,lru,0,0,0,0,0,0,8,8,8,0,0,0,7,0,0,0,0,0,0,0,0,0,0,0,0,15188407483447647711,4,4,0,8,0,0,0,3.8
layer,14,0,13,140,decode,8,4,4,0,0,0,2422,0,0,0,0,18,7,1,0,0,0,0,0,0,60,lru,0,0,0,0,0,0,8,8,8,0,0,0,5,0,0,0,0,0,0,0,0,0,0,0,0,12906260616299006342,4,4,0,8,0,0,0,3.8
layer,14,0,13,140,decode,9,4,4,0,0,0,2444,0,0,0,0,16,7,1,0,0,0,0,0,0,60,lru,0,0,0,0,0,0,8,8,8,0,0,0,3,0,0,0,0,0,0,0,0,0,0,0,0,17161603636559367694,4,4,2,8,2,2,0,3.8
layer,14,0,13,140,decode,10,4,4,0,0,0,2410,0,0,0,0,19,7,2,0,0,0,0,0,0,60,lru,0,0,0,0,0,0,8,8,8,0,0,0,5,0,0,0,0,0,0,0,0,0,0,0,0,1018009407265112911,4,4,2,8,2,2,0,3.8
layer,14,0,13,140,decode,11,4,3,1,439,178,2423,35,1,0,1,532,6,9,0,0,0,0,0,0,60,lru,0,0,0,0,0,0,8,3,8,0,1,0,5,0,0,0,0,0,0,0,0,1900544,0,1900544,3,6148865639095285917,4,4,1,8,1,0,0,3.8
layer,14,0,13,140,decode,12,4,4,0,0,0,2449,0,0,0,0,20,7,1,0,0,0,0,0,0,60,lru,0,0,0,0,0,0,8,8,8,0,0,0,6,0,0,0,0,0,0,0,0,0,0,0,0,12995048009955686412,4,4,1,8,1,1,0,3.8
layer,14,0,13,140,decode,13,4,4,0,0,0,2434,0,0,0,0,20,7,1,0,0,0,0,0,0,60,lru,0,0,0,0,0,0,8,8,8,0,0,0,6,0,0,0,0,0,0,0,0,0,0,0,0,1218845945566724276,4,4,0,8,0,0,0,3.8
layer,14,0,13,140,decode,14,4,4,0,0,0,2412,0,0,0,0,19,7,1,0,0,0,0,0,0,60,lru,0,0,0,0,0,0,8,8,8,0,0,0,5,0,0,0,0,0,0,0,0,0,0,0,0,7356379998522004687,4,4,1,8,1,1,0,3.8
layer,14,0,13,140,decode,15,4,4,0,0,0,2421,0,0,0,0,17,7,1,0,0,0,0,0,0,60,lru,0,0,0,0,0,0,8,8,8,0,0,0,4,0,0,0,0,0,0,0,0,0,0,0,0,11524708883457718229,4,4,1,8,1,1,0,3.8
layer,14,0,13,140,decode,16,4,4,0,0,0,2441,0,0,0,0,17,7,2,0,0,0,0,0,0,60,lru,0,0,0,0,0,0,8,8,8,0,0,0,4,0,0,0,0,0,0,0,0,0,0,0,0,18106451408123669746,4,4,0,8,0,0,0,3.8
layer,14,0,13,140,decode,17,4,4,0,0,0,2434,0,0,0,0,19,7,2,0,0,0,0,0,0,60,lru,0,0,0,0,0,0,8,8,8,0,0,0,5,0,0,0,0,0,0,0,0,0,0,0,0,2593686688687055091,4,4,0,8,0,0,0,3.8
layer,14,0,13,140,decode,18,4,4,0,0,0,2419,0,0,0,0,18,7,1,0,0,0,0,0,0,60,lru,0,0,0,0,0,0,8,8,8,0,0,0,4,0,0,0,0,0,0,0,0,0,0,0,0,16247627050462788207,4,4,0,8,0,0,0,3.8
layer,14,0,13,140,decode,19,4,4,0,0,0,2445,0,0,0,0,18,7,1,0,0,0,0,0,0,60,lru,0,0,0,0,0,0,8,8,8,0,0,0,5,0,0,0,0,0,0,0,0,0,0,0,0,8267281461187136738,4,4,0,8,0,0,0,3.8
layer,14,0,13,140,decode,20,4,4,0,0,0,2442,0,0,0,0,21,7,2,0,0,0,0,0,0,60,lru,0,0,0,0,0,0,8,8,8,0,0,0,5,0,0,0,0,0,0,0,0,0,0,0,0,11480788518117085435,4,4,1,8,1,1,0,3.8
layer,14,0,13,140,decode,21,4,4,0,0,0,2422,0,0,0,0,19,7,1,0,0,0,0,0,0,60,lru,0,0,0,0,0,0,8,8,8,0,0,0,6,0,0,0,0,0,0,0,0,0,0,0,0,12567261097181138833,4,4,1,8,1,1,0,3.8
layer,14,0,13,140,decode,22,4,4,0,0,0,2399,0,0,0,0,21,7,2,0,0,0,0,0,0,60,lru,0,0,0,0,0,0,8,8,8,0,0,0,6,0,0,0,0,0,0,0,0,0,0,0,0,14860043728591921445,4,4,0,8,0,0,0,3.8
layer,14,0,13,140,decode,23,4,4,0,0,0,570,0,0,0,0,19,7,2,0,0,0,0,0,0,60,lru,0,0,0,0,0,0,8,8,8,0,0,0,5,0,0,0,0,0,0,0,0,0,0,0,0,3631719258570168244,4,4,1,8,1,1,0,3.8
layer,14,0,13,140,decode,24,4,4,0,0,0,284,0,0,0,0,20,7,1,0,0,0,0,0,0,60,lru,0,0,0,0,0,0,8,8,8,0,0,0,6,0,0,0,0,0,0,0,0,0,0,0,0,12425127961798797,4,4,0,8,0,0,0,3.8
layer,14,0,13,140,decode,25,4,4,0,0,0,329,0,0,0,0,19,7,1,0,0,0,0,0,0,60,lru,0,0,0,0,0,0,8,8,8,0,0,0,5,0,0,0,0,0,0,0,0,0,0,0,0,12090091543366164827,4,4,1,8,1,1,0,3.8
layer,14,0,13,140,decode,26,4,4,0,0,0,272,0,0,0,0,18,7,1,0,0,0,0,0,0,60,lru,0,0,0,0,0,0,8,8,8,0,0,0,4,0,0,0,0,0,0,0,0,0,0,0,0,13515745264679825232,4,4,1,8,1,1,0,3.8
layer,14,0,13,140,decode,27,4,4,0,0,0,290,0,0,0,0,20,8,1,0,0,0,0,0,0,60,lru,0,0,0,0,0,0,8,8,8,0,0,0,5,0,0,0,0,0,0,0,0,0,0,0,0,1600504437344838316,4,4,1,8,1,1,0,3.8
layer,14,0,13,140,decode,28,4,4,0,0,0,149,0,0,0,0,19,7,1,0,0,0,0,0,0,60,lru,0,0,0,0,0,0,8,8,8,0,0,0,6,0,0,0,0,0,0,0,0,0,0,0,0,7456863325862392122,4,4,1,8,1,1,0,3.8
layer,14,0,13,140,decode,29,4,4,0,0,0,176,0,0,0,0,16,6,1,0,0,0,0,0,0,60,lru,0,0,0,0,0,0,8,8,8,0,0,0,3,0,0,0,0,0,0,0,0,0,0,0,0,14785394961533879674,4,4,2,8,2,2,0,3.8
layer,14,0,13,140,decode,30,4,4,0,0,0,154,0,0,0,0,18,7,1,0,0,0,0,0,0,60,lru,0,0,0,0,0,0,8,8,8,0,0,0,4,0,0,0,0,0,0,0,0,0,0,0,0,11101595991689023915,4,4,0,8,0,0,0,3.8
layer,14,0,13,140,decode,31,4,3,1,698,375,155,98,1,0,1,868,7,25,0,0,0,0,0,0,60,lru,0,0,0,0,0,0,8,7,8,0,1,0,4,0,0,0,0,0,0,0,0,1900544,0,1900544,3,13245560363132340031,4,4,3,8,3,2,0,3.8
layer,14,0,13,140,decode,32,4,2,2,1392,716,2437,315,1,0,1,1652,7,20,0,0,0,0,0,0,60,lru,0,0,0,0,0,0,8,2,8,0,2,0,6,0,0,0,0,0,0,0,0,3801088,0,3801088,6,17048964202410724183,4,4,3,8,3,1,0,3.8
layer,14,0,13,140,decode,33,4,4,0,0,0,2408,0,0,0,0,22,7,2,0,0,0,0,0,0,60,lru,0,0,0,0,0,0,8,8,8,0,0,0,6,0,0,0,0,0,0,0,0,0,0,0,0,17222653595451608797,4,4,2,8,2,2,0,3.8
layer,14,0,13,140,decode,34,4,3,1,773,395,2405,77,1,0,1,884,7,22,0,0,0,0,0,0,60,lru,0,0,0,0,0,0,8,7,8,0,1,0,4,0,0,0,0,0,0,0,0,2039808,0,2039808,3,12531623501460100300,4,4,2,8,2,1,0,3.8
layer,14,0,13,140,decode,35,4,4,0,0,0,2440,0,0,0,0,22,7,2,0,0,0,0,0,0,60,lru,0,0,0,0,0,0,8,8,8,0,0,0,6,0,0,0,0,0,0,0,0,0,0,0,0,5152515922099458281,4,4,1,8,1,1,0,3.8
layer,14,0,13,140,decode,36,4,4,0,0,0,2393,0,0,0,0,17,7,1,0,0,0,0,0,0,60,lru,0,0,0,0,0,0,8,8,8,0,0,0,4,0,0,0,0,0,0,0,0,0,0,0,0,16645465536221584372,4,4,1,8,1,1,0,3.8
layer,14,0,13,140,decode,37,4,4,0,0,0,2426,0,0,0,0,18,6,2,0,0,0,0,0,0,60,lru,0,0,0,0,0,0,8,8,8,0,0,0,5,0,0,0,0,0,0,0,0,0,0,0,0,1540618197365460657,4,4,2,8,2,2,0,3.8
layer,14,0,13,140,decode,38,4,3,1,6078,287,2421,56,1,0,1,6173,7,2,0,0,0,0,0,0,60,lru,0,0,0,0,0,0,8,3,8,0,1,0,6,0,0,0,0,0,0,0,0,2039808,0,2039808,3,3375785796401146093,4,4,3,8,3,2,0,3.8
layer,14,0,13,140,decode,39,4,2,2,4076,278,755,92,1,0,1,4239,7,17,0,0,0,0,0,0,60,lru,0,0,0,0,0,0,8,2,8,0,2,0,5,0,0,0,0,0,0,0,0,4079616,0,4079616,6,5542643589751506286,4,4,6,8,6,4,0,3.8
request,14,0,13,0,decode,-1,0,0,0,0,0,0,0,0,0,0,0,0,0,0,0,0,0,0,0,0,,96802,323,0,0,13,0,0,0,0,0,0,0,0,0,0,0,0,0,0,0,0,0,0,0,0,0,0,0,0,0,0,0,0,0
layer,15,0,14,141,decode,0,4,4,0,0,0,2449,0,0,0,0,26,8,2,0,0,0,0,0,0,60,lru,0,0,0,0,0,0,8,8,8,0,0,0,9,0,0,0,0,0,0,0,0,0,0,0,0,15170377481002586248,4,4,2,8,2,2,0,3.8
layer,15,0,14,141,decode,1,4,4,0,0,0,1435,0,0,0,0,22,7,2,0,0,0,0,0,0,60,lru,0,0,0,0,0,0,8,8,8,0,0,0,7,0,0,0,0,0,0,0,0,0,0,0,0,14636273144151726420,4,4,1,8,1,1,0,3.8
layer,15,0,14,141,decode,2,4,3,1,324,182,264,13,3,0,3,386,7,2,0,0,0,0,0,0,60,lru,0,0,0,0,0,0,8,7,8,0,1,0,7,0,0,0,0,0,0,0,0,1900544,0,1900544,3,10178691108131104207,4,4,3,8,3,2,0,3.8
layer,15,0,14,141,decode,3,4,3,1,316,167,159,31,2,0,2,395,8,2,0,0,0,0,0,0,60,lru,0,0,0,0,0,0,8,7,8,0,1,0,6,0,0,0,0,0,0,0,0,1900544,0,1900544,3,14324931131389446411,4,4,1,8,1,0,0,3.8
layer,15,0,14,141,decode,4,4,4,0,0,0,153,0,0,0,0,21,8,2,0,0,0,0,0,0,60,lru,0,0,0,0,0,0,8,8,8,0,0,0,5,0,0,0,0,0,0,0,0,0,0,0,0,13088088988439665529,4,4,1,8,1,1,0,3.8
layer,15,0,14,141,decode,5,4,3,1,300,177,156,18,2,0,2,380,6,4,0,0,0,0,0,0,60,lru,0,0,0,0,0,0,8,7,8,0,1,0,7,0,0,0,0,0,0,0,0,1900544,0,1900544,3,8194408929155363267,4,4,1,8,1,0,0,3.8
layer,15,0,14,141,decode,6,4,4,0,0,0,295,0,0,0,0,20,7,2,0,0,0,0,0,0,60,lru,0,0,0,0,0,0,8,8,8,0,0,0,5,0,0,0,0,0,0,0,0,0,0,0,0,1941103696660737256,4,4,0,8,0,0,0,3.8
layer,15,0,14,141,decode,7,4,4,0,0,0,154,0,0,0,0,18,6,1,0,0,0,0,0,0,60,lru,0,0,0,0,0,0,8,8,8,0,0,0,4,0,0,0,0,0,0,0,0,0,0,0,0,11953898968098916076,4,4,1,8,1,1,0,3.8
layer,15,0,14,141,decode,8,4,4,0,0,0,174,0,0,0,0,17,7,1,0,0,0,0,0,0,60,lru,0,0,0,0,0,0,8,8,8,0,0,0,4,0,0,0,0,0,0,0,0,0,0,0,0,11237676880186043070,4,4,1,8,1,1,0,3.8
layer,15,0,14,141,decode,9,4,4,0,0,0,175,0,0,0,0,19,7,1,0,0,0,0,0,0,60,lru,0,0,0,0,0,0,8,8,8,0,0,0,6,0,0,0,0,0,0,0,0,0,0,0,0,1096965797027774891,4,4,1,8,1,1,0,3.8
layer,15,0,14,141,decode,10,4,4,0,0,0,154,0,0,0,0,20,7,2,0,0,0,0,0,0,60,lru,0,0,0,0,0,0,8,8,8,0,0,0,5,0,0,0,0,0,0,0,0,0,0,0,0,11218767978220302138,4,4,1,8,1,1,0,3.8
layer,15,0,14,141,decode,11,4,4,0,0,0,307,0,0,0,0,19,7,1,0,0,0,0,0,0,60,lru,0,0,0,0,0,0,8,8,8,0,0,0,5,0,0,0,0,0,0,0,0,0,0,0,0,11896074257093753445,4,4,1,8,1,1,0,3.8
layer,15,0,14,141,decode,12,4,4,0,0,0,301,0,0,0,0,17,6,1,0,0,0,0,0,0,60,lru,0,0,0,0,0,0,8,8,8,0,0,0,4,0,0,0,0,0,0,0,0,0,0,0,0,5940088504970037315,4,4,1,8,1,1,0,3.8
layer,15,0,14,141,decode,13,4,3,1,297,167,2428,33,1,0,1,354,6,2,0,0,0,0,0,0,60,lru,0,0,0,0,0,0,8,7,8,0,1,0,4,0,0,0,0,0,0,0,0,1900544,0,1900544,3,8952158969313098323,4,4,1,8,1,0,0,3.8
layer,15,0,14,141,decode,14,4,3,1,335,168,2410,20,1,0,1,395,7,3,0,0,0,0,0,0,60,lru,0,0,0,0,0,0,8,3,8,0,1,0,7,0,0,0,0,0,0,0,0,1900544,0,1900544,3,18253343212023118664,4,4,1,8,1,0,0,3.8
layer,15,0,14,141,decode,15,4,4,0,0,0,2429,0,0,0,0,20,7,1,0,0,0,0,0,0,60,lru,0,0,0,0,0,0,8,8,8,0,0,0,4,0,0,0,0,0,0,0,0,0,0,0,0,5800695089053864749,4,4,2,8,2,2,0,3.8
layer,15,0,14,141,decode,16,4,4,0,0,0,2425,0,0,0,0,19,7,2,0,0,0,0,0,0,60,lru,0,0,0,0,0,0,8,8,8,0,0,0,6,0,0,0,0,0,0,0,0,0,0,0,0,17564696321249955374,4,4,1,8,1,1,0,3.8
layer,15,0,14,141,decode,17,4,4,0,0,0,2447,0,0,0,0,19,7,1,0,0,0,0,0,0,60,lru,0,0,0,0,0,0,8,8,8,0,0,0,5,0,0,0,0,0,0,0,0,0,0,0,0,6624935691276296454,4,4,0,8,0,0,0,3.8
layer,15,0,14,141,decode,18,4,4,0,0,0,2403,0,0,0,0,18,7,2,0,0,0,0,0,0,60,lru,0,0,0,0,0,0,8,8,8,0,0,0,5,0,0,0,0,0,0,0,0,0,0,0,0,17892100567913324433,4,4,0,8,0,0,0,3.8
layer,15,0,14,141,decode,19,4,4,0,0,0,2441,0,0,0,0,19,7,1,0,0,0,0,0,0,60,lru,0,0,0,0,0,0,8,8,8,0,0,0,6,0,0,0,0,0,0,0,0,0,0,0,0,17365666278295432986,4,4,1,8,1,1,0,3.8
layer,15,0,14,141,decode,20,4,4,0,0,0,2449,0,0,0,0,16,7,1,0,0,0,0,0,0,60,lru,0,0,0,0,0,0,8,8,8,0,0,0,3,0,0,0,0,0,0,0,0,0,0,0,0,638165651105036545,4,4,2,8,2,2,0,3.8
layer,15,0,14,141,decode,21,4,4,0,0,0,2437,0,0,0,0,17,7,1,0,0,0,0,0,0,60,lru,0,0,0,0,0,0,8,8,8,0,0,0,4,0,0,0,0,0,0,0,0,0,0,0,0,1377650573969813172,4,4,0,8,0,0,0,3.8
layer,15,0,14,141,decode,22,4,4,0,0,0,2419,0,0,0,0,18,7,1,0,0,0,0,0,0,60,lru,0,0,0,0,0,0,8,8,8,0,0,0,4,0,0,0,0,0,0,0,0,0,0,0,0,7506335328342347981,4,4,1,8,1,1,0,3.8
layer,15,0,14,141,decode,23,4,4,0,0,0,2451,0,0,0,0,17,7,1,0,0,0,0,0,0,60,lru,0,0,0,0,0,0,8,8,8,0,0,0,4,0,0,0,0,0,0,0,0,0,0,0,0,13346689858002117061,4,4,1,8,1,1,0,3.8
layer,15,0,14,141,decode,24,4,4,0,0,0,2437,0,0,0,0,19,7,1,0,0,0,0,0,0,60,lru,0,0,0,0,0,0,8,8,8,0,0,0,5,0,0,0,0,0,0,0,0,0,0,0,0,1064459359672314802,4,4,0,8,0,0,0,3.8
layer,15,0,14,141,decode,25,4,3,1,481,280,2434,71,1,0,1,585,7,18,0,0,0,0,0,0,60,lru,0,0,0,0,0,0,8,7,8,0,1,0,4,0,0,0,0,0,0,0,0,1900544,0,1900544,3,8200349910725462130,4,4,1,8,1,0,0,3.8
layer,15,0,14,141,decode,26,4,3,1,495,274,2416,83,1,0,1,606,8,6,0,0,0,0,0,0,60,lru,0,0,0,0,0,0,8,7,8,0,1,0,5,0,0,0,0,0,0,0,0,1900544,0,1900544,3,12676020219779409797,4,4,1,8,1,0,0,3.8
layer,15,0,14,141,decode,27,4,2,2,955,544,2445,152,1,0,1,1104,8,15,0,0,0,0,0,0,60,lru,0,0,0,0,0,0,8,6,8,0,2,0,4,0,0,0,0,0,0,0,0,3801088,0,3801088,6,6683222735014257429,4,4,3,8,3,1,0,3.8
layer,15,0,14,141,decode,28,4,4,0,0,0,2422,0,0,0,0,19,8,1,0,0,0,0,0,0,60,lru,0,0,0,0,0,0,8,8,8,0,0,0,3,0,0,0,0,0,0,0,0,0,0,0,0,15225304294418660555,4,4,1,8,1,1,0,3.8
layer,15,0,14,141,decode,29,4,3,1,9080,238,2462,26,1,0,1,9154,7,2,0,0,0,0,0,0,60,lru,0,0,0,0,0,0,8,7,8,0,1,0,7,0,0,0,0,0,0,0,0,1900544,0,1900544,3,5822445188443889941,4,4,3,8,3,2,0,3.8
layer,15,0,14,141,decode,30,4,4,0,0,0,1669,0,0,0,0,18,7,1,0,0,0,0,0,0,60,lru,0,0,0,0,0,0,8,8,8,0,0,0,3,0,0,0,0,0,0,0,0,0,0,0,0,14527516407926293480,4,4,1,8,1,1,0,3.8
layer,15,0,14,141,decode,31,4,3,1,8952,256,2423,16,1,0,1,9016,7,2,0,0,0,0,0,0,60,lru,0,0,0,0,0,0,8,7,8,0,1,0,5,0,0,0,0,0,0,0,0,1900544,0,1900544,3,13829704062153748159,4,4,4,8,4,3,0,3.8
layer,15,0,14,141,decode,32,4,4,0,0,0,2439,0,0,0,0,21,8,2,0,0,0,0,0,0,60,lru,0,0,0,0,0,0,8,8,8,0,0,0,5,0,0,0,0,0,0,0,0,0,0,0,0,9956807681906546684,4,4,1,8,1,1,0,3.8
layer,15,0,14,141,decode,33,4,4,0,0,0,2446,0,0,0,0,17,7,2,0,0,0,0,0,0,60,lru,0,0,0,0,0,0,8,8,8,0,0,0,3,0,0,0,0,0,0,0,0,0,0,0,0,2397312236075987783,4,4,0,8,0,0,0,3.8
layer,15,0,14,141,decode,34,4,3,1,300,184,2413,11,1,0,1,368,7,2,0,0,0,0,0,0,60,lru,0,0,0,0,0,0,8,7,8,0,1,0,4,0,0,0,0,0,0,0,0,2039808,0,2039808,3,4333306148841968199,4,4,3,8,3,2,0,3.8
layer,15,0,14,141,decode,35,4,3,1,743,200,2397,24,1,0,1,818,7,4,0,0,0,0,0,0,60,lru,0,0,0,0,0,0,8,3,8,0,1,0,3,0,0,0,0,0,0,0,0,1900544,0,1900544,3,9129171926513214789,4,4,3,8,3,2,0,3.8
layer,15,0,14,141,decode,36,4,3,1,327,205,2426,14,1,0,1,409,7,8,0,0,0,0,0,0,60,lru,0,0,0,0,0,0,8,7,8,0,1,0,6,0,0,0,0,0,0,0,0,1900544,0,1900544,3,16985185149659622319,4,4,3,8,3,2,0,3.8
layer,15,0,14,141,decode,37,4,2,2,638,342,2447,78,1,0,1,784,7,16,0,0,0,0,0,0,60,lru,0,0,0,0,0,0,8,6,8,0,2,0,3,0,0,0,0,0,0,0,0,3801088,0,3801088,6,5749813035795785290,4,4,4,8,4,2,0,3.8
layer,15,0,14,141,decode,38,4,2,2,3859,359,2421,111,1,0,1,4034,7,13,0,0,0,0,0,0,60,lru,0,0,0,0,0,0,8,2,8,0,2,0,6,0,0,0,0,0,0,0,0,4079616,0,4079616,6,16782732710998277417,4,4,4,8,4,2,0,3.8
layer,15,0,14,141,decode,39,4,4,0,0,0,755,0,0,0,0,21,8,1,0,0,0,0,0,0,60,lru,0,0,0,0,0,0,8,8,8,0,0,0,5,0,0,0,0,0,0,0,0,0,0,0,0,3320568967296454260,4,4,1,8,1,1,0,3.8
request,15,0,14,0,decode,-1,0,0,0,0,0,0,0,0,0,0,0,0,0,0,0,0,0,0,0,0,,109425,313,0,0,14,0,0,0,0,0,0,0,0,0,0,0,0,0,0,0,0,0,0,0,0,0,0,0,0,0,0,0,0,0
layer,16,0,15,142,decode,0,4,4,0,0,0,2427,0,0,0,0,24,8,2,0,0,0,0,0,0,60,lru,0,0,0,0,0,0,8,8,8,0,0,0,7,0,0,0,0,0,0,0,0,0,0,0,0,13353212422332558602,4,4,1,8,1,1,0,3.8
layer,16,0,15,142,decode,1,4,4,0,0,0,2420,0,0,0,0,21,7,2,0,0,0,0,0,0,60,lru,0,0,0,0,0,0,8,8,8,0,0,0,6,0,0,0,0,0,0,0,0,0,0,0,0,15691859790019633795,4,4,1,8,1,1,0,3.8
layer,16,0,15,142,decode,2,4,2,2,640,341,679,32,3,0,3,727,7,2,0,0,0,0,0,0,60,lru,0,0,0,0,0,0,8,6,8,0,2,0,6,0,0,0,0,0,0,0,0,3801088,0,3801088,6,12606270442346258479,4,4,5,8,5,3,0,3.8
layer,16,0,15,142,decode,3,4,4,0,0,0,279,0,0,0,0,24,7,1,0,0,0,0,0,0,60,lru,0,0,0,0,0,0,8,8,8,0,0,0,8,0,0,0,0,0,0,0,0,0,0,0,0,8680287635442654362,4,4,1,8,1,1,0,3.8
layer,16,0,15,142,decode,4,4,3,1,305,177,162,17,2,0,2,383,7,2,0,0,0,0,0,0,60,lru,0,0,0,0,0,0,8,7,8,0,1,0,7,0,0,0,0,0,0,0,0,1900544,0,1900544,3,11546714261175376273,4,4,3,8,3,2,0,3.8
layer,16,0,15,142,decode,5,4,4,0,0,0,297,0,0,0,0,22,7,2,0,0,0,0,0,0,60,lru,0,0,0,0,0,0,8,8,8,0,0,0,6,0,0,0,0,0,0,0,0,0,0,0,0,17651435230371056275,4,4,3,8,3,3,0,3.8
layer,16,0,15,142,decode,6,4,1,3,8487,577,2420,89,3,0,3,8658,7,19,0,0,0,0,0,0,60,lru,0,0,0,0,0,0,8,5,8,0,3,0,6,0,0,0,0,0,0,0,0,5701632,0,5701632,9,4609364595893706500,4,4,6,8,6,3,0,3.8
layer,16,0,15,142,decode,7,4,3,1,821,170,2445,17,3,0,3,898,7,3,0,0,0,0,0,0,60,lru,0,0,0,0,0,0,8,3,8,0,1,0,7,0,0,0,0,0,0,0,0,1900544,0,1900544,3,10109471759474014352,4,4,3,8,3,2,0,3.8
layer,16,0,15,142,decode,8,4,3,1,3764,165,2429,15,2,0,2,3846,7,14,0,0,0,0,0,0,60,lru,0,0,0,0,0,0,8,7,8,0,1,0,7,0,0,0,0,0,0,0,0,1900544,0,1900544,3,8522261746216549284,4,4,3,8,3,2,0,3.8
layer,16,0,15,142,decode,9,4,4,0,0,0,2442,0,0,0,0,22,7,1,0,0,0,0,0,0,60,lru,0,0,0,0,0,0,8,8,8,0,0,0,7,0,0,0,0,0,0,0,0,0,0,0,0,5771961316438233464,4,4,1,8,1,1,0,3.8
layer,16,0,15,142,decode,10,4,3,1,6991,189,2425,13,1,0,1,7048,7,2,0,0,0,0,0,0,60,lru,0,0,0,0,0,0,8,3,8,0,1,0,5,0,0,0,0,0,0,0,0,1900544,0,1900544,3,8694373962876401135,4,4,5,8,5,4,0,3.8
layer,16,0,15,142,decode,11,4,4,0,0,0,2436,0,0,0,0,21,7,2,0,0,0,0,0,0,60,lru,0,0,0,0,0,0,8,8,8,0,0,0,5,0,0,0,0,0,0,0,0,0,0,0,0,3938299362194153445,4,4,2,8,2,2,0,3.8
layer,16,0,15,142,decode,12,4,4,0,0,0,2391,0,0,0,0,19,7,2,0,0,0,0,0,0,60,lru,0,0,0,0,0,0,8,8,8,0,0,0,5,0,0,0,0,0,0,0,0,0,0,0,0,16124169077186399744,4,4,2,8,2,2,0,3.8
layer,16,0,15,142,decode,13,4,3,1,296,168,2423,7,1,0,1,354,7,2,0,0,0,0,0,0,60,lru,0,0,0,0,0,0,8,7,8,0,1,0,4,0,0,0,0,0,0,0,0,1900544,0,1900544,3,2014023661593886960,4,4,2,8,2,1,0,3.8
layer,16,0,15,142,decode,14,4,4,0,0,0,2424,0,0,0,0,20,7,2,0,0,0,0,0,0,60,lru,0,0,0,0,0,0,8,8,8,0,0,0,4,0,0,0,0,0,0,0,0,0,0,0,0,1468963121048785831,4,4,1,8,1,1,0,3.8
layer,16,0,15,142,decode,15,4,4,0,0,0,2429,0,0,0,0,20,7,1,0,0,0,0,0,0,60,lru,0,0,0,0,0,0,8,8,8,0,0,0,6,0,0,0,0,0,0,0,0,0,0,0,0,10977897345772327899,4,4,1,8,1,1,0,3.8
layer,16,0,15,142,decode,16,4,4,0,0,0,2397,0,0,0,0,19,7,2,0,0,0,0,0,0,60,lru,0,0,0,0,0,0,8,8,8,0,0,0,5,0,0,0,0,0,0,0,0,0,0,0,0,11245630625100966215,4,4,3,8,3,3,0,3.8
layer,16,0,15,142,decode,17,4,3,1,326,192,2457,20,1,0,1,395,7,3,0,0,0,0,0,0,60,lru,0,0,0,0,0,0,8,7,8,0,1,0,7,0,0,0,0,0,0,0,0,1900544,0,1900544,3,4904805016119078977,4,4,1,8,1,0,0,3.8
layer,16,0,15,142,decode,18,4,3,1,358,194,2415,11,1,0,1,469,8,24,0,0,0,0,0,0,60,lru,0,0,0,0,0,0,8,7,8,0,1,0,6,0,0,0,0,0,0,0,0,1900544,0,1900544,3,7380204942077225664,4,4,3,8,3,2,0,3.8
layer,16,0,15,142,decode,19,4,1,3,10039,390,2435,89,1,0,1,10200,7,17,0,0,0,0,0,0,60,lru,0,0,0,0,0,0,8,5,8,0,3,0,6,0,0,0,0,0,0,0,0,5701632,0,5701632,9,17574759204469681183,4,4,6,8,6,3,0,3.8
layer,16,0,15,142,decode,20,4,3,1,301,175,2407,11,1,0,1,361,9,3,0,0,0,0,0,0,60,lru,0,0,0,0,0,0,8,7,8,0,1,0,4,0,0,0,0,0,0,0,0,1900544,0,1900544,3,17719962022190441686,4,4,3,8,3,2,0,3.8
layer,16,0,15,142,decode,21,4,4,0,0,0,2430,0,0,0,0,21,7,2,0,0,0,0,0,0,60,lru,0,0,0,0,0,0,8,8,8,0,0,0,5,0,0,0,0,0,0,0,0,0,0,0,0,9227037932381084775,4,4,0,8,0,0,0,3.8
layer,16,0,15,142,decode,22,4,3,1,285,220,2423,17,1,0,1,343,7,2,0,0,0,0,0,0,60,lru,0,0,0,0,0,0,8,7,8,0,1,0,5,0,0,0,0,0,0,0,0,1900544,0,1900544,3,3001545795774703184,4,4,3,8,3,2,0,3.8
layer,16,0,15,142,decode,23,4,4,0,0,0,2410,0,0,0,0,20,7,1,0,0,0,0,0,0,60,lru,0,0,0,0,0,0,8,8,8,0,0,0,5,0,0,0,0,0,0,0,0,0,0,0,0,17814076973650097962,4,4,2,8,2,2,0,3.8
layer,16,0,15,142,decode,24,4,4,0,0,0,2403,0,0,0,0,18,7,1,0,0,0,0,0,0,60,lru,0,0,0,0,0,0,8,8,8,0,0,0,5,0,0,0,0,0,0,0,0,0,0,0,0,3203245153900510205,4,4,2,8,2,2,0,3.8
layer,16,0,15,142,decode,25,4,4,0,0,0,2450,0,0,0,0,16,7,1,0,0,0,0,0,0,60,lru,0,0,0,0,0,0,8,8,8,0,0,0,3,0,0,0,0,0,0,0,0,0,0,0,0,10940662210985353038,4,4,1,8,1,1,0,3.8
layer,16,0,15,142,decode,26,4,4,0,0,0,2402,0,0,0,0,18,7,1,0,0,0,0,0,0,60,lru,0,0,0,0,0,0,8,8,8,0,0,0,5,0,0,0,0,0,0,0,0,0,0,0,0,17404721468777763037,4,4,1,8,1,1,0,3.8
layer,16,0,15,142,decode,27,4,4,0,0,0,2442,0,0,0,0,18,7,1,0,0,0,0,0,0,60,lru,0,0,0,0,0,0,8,8,8,0,0,0,5,0,0,0,0,0,0,0,0,0,0,0,0,7450608915657950588,4,4,2,8,2,2,0,3.8
layer,16,0,15,142,decode,28,4,2,2,6136,304,2426,56,1,0,1,6239,7,11,0,0,0,0,0,0,60,lru,0,0,0,0,0,0,8,2,8,0,2,0,7,0,0,0,0,0,0,0,0,3801088,0,3801088,6,7289407486968020839,4,4,4,8,4,2,0,3.8
layer,16,0,15,142,decode,29,4,3,1,6222,172,2436,20,1,0,1,6292,7,2,0,0,0,0,0,0,60,lru,0,0,0,0,0,0,8,3,8,0,1,0,5,0,0,0,0,0,0,0,0,1900544,0,1900544,3,15878550768999124607,4,4,2,8,2,1,0,3.8
layer,16,0,15,142,decode,30,4,3,1,5701,202,2382,24,1,0,1,5780,7,3,0,0,0,0,0,0,60,lru,0,0,0,0,0,0,8,3,8,0,1,0,4,0,0,0,0,0,0,0,0,1900544,0,1900544,3,770135613979273493,4,4,2,8,2,1,0,3.8
layer,16,0,15,142,decode,31,4,2,2,13060,307,2430,56,1,0,1,13159,7,2,0,0,0,0,0,0,60,lru,0,0,0,0,0,0,8,6,8,0,2,0,3,0,0,0,0,0,0,0,0,3801088,0,3801088,6,7274325794248213282,4,4,4,8,4,2,0,3.8
layer,16,0,15,142,decode,32,4,4,0,0,0,2403,0,0,0,0,20,8,2,0,0,0,0,0,0,60,lru,0,0,0,0,0,0,8,8,8,0,0,0,5,0,0,0,0,0,0,0,0,0,0,0,0,2208766396282424869,4,4,4,8,4,4,0,3.8
layer,16,0,15,142,decode,33,4,3,1,5985,164,2394,18,1,0,1,6065,6,2,0,0,0,0,0,0,60,lru,0,0,0,0,0,0,8,7,8,0,1,0,3,0,0,0,0,0,0,0,0,1900544,0,1900544,3,14576666905625208190,4,4,3,8,3,2,0,3.8
layer,16,0,15,142,decode,34,4,2,2,5179,275,2398,37,1,0,1,5270,7,2,0,0,0,0,0,0,60,lru,0,0,0,0,0,0,8,6,8,0,2,0,5,0,0,0,0,0,0,0,0,4079616,0,4079616,6,880114368549612241,4,4,5,8,5,3,0,3.8
layer,16,0,15,142,decode,35,4,3,1,6876,267,2440,14,1,0,1,6965,8,13,0,0,0,0,0,0,60,lru,0,0,0,0,0,0,8,7,8,0,1,0,4,0,0,0,0,0,0,0,0,1900544,0,1900544,3,15863758926172022149,4,4,3,8,3,2,0,3.8
layer,16,0,15,142,decode,36,4,3,1,366,165,2445,21,1,0,1,432,7,4,0,0,0,0,0,0,60,lru,0,0,0,0,0,0,8,7,8,0,1,0,6,0,0,0,0,0,0,0,0,1900544,0,1900544,3,16840157273447446255,4,4,3,8,3,2,0,3.8
layer,16,0,15,142,decode,37,4,4,0,0,0,2435,0,0,0,0,21,7,2,0,0,0,0,0,0,60,lru,0,0,0,0,0,0,8,8,8,0,0,0,5,0,0,0,0,0,0,0,0,0,0,0,0,6806771972201817669,4,4,2,8,2,2,0,3.8
layer,16,0,15,142,decode,38,4,2,2,715,287,2390,23,1,0,1,796,7,3,0,0,0,0,0,0,60,lru,0,0,0,0,0,0,8,2,8,0,2,0,5,0,0,0,0,0,0,0,0,4079616,0,4079616,6,15475775192138735873,4,4,6,8,6,4,0,3.8
layer,16,0,15,142,decode,39,4,3,1,4133,137,757,45,1,0,1,4276,8,5,0,0,0,0,0,0,60,lru,0,0,0,0,0,0,8,7,8,0,1,0,4,0,0,0,0,0,0,0,0,2039808,0,2039808,3,1888982994303646773,4,4,3,8,3,2,0,3.8
request,16,0,15,0,decode,-1,0,0,0,0,0,0,0,0,0,0,0,0,0,0,0,0,0,0,0,0,,176945,377,0,0,18,0,0,0,0,0,0,0,0,0,0,0,0,0,0,0,0,0,0,0,0,0,0,0,0,0,0,0,0,0
layer,17,0,16,143,decode,0,4,2,2,1704,682,160,272,3,0,3,1990,8,16,0,0,0,0,0,0,60,lru,0,0,0,0,0,0,8,2,8,0,2,0,9,0,0,0,0,0,0,0,0,3801088,0,3801088,6,6731112273833697849,4,4,4,8,4,2,0,3.8
layer,17,0,16,143,decode,1,4,0,4,3174,1427,2428,490,3,0,3,3547,8,11,0,0,0,0,0,0,60,lru,0,0,0,0,0,0,8,0,8,0,4,0,7,0,0,0,0,0,0,0,0,7602176,0,7602176,12,15554420394924891695,4,4,7,8,7,3,0,3.8
layer,17,0,16,143,decode,2,4,2,2,1491,742,2403,346,3,0,3,1743,7,14,0,0,0,0,0,0,60,lru,0,0,0,0,0,0,8,6,8,0,2,0,5,0,0,0,0,0,0,0,0,3801088,0,3801088,6,3252349837391912131,4,4,2,8,2,0,0,3.8
layer,17,0,16,143,decode,3,4,3,1,730,376,2451,166,2,0,2,904,7,22,0,0,0,0,0,0,60,lru,0,0,0,0,0,0,8,7,8,0,1,0,7,0,0,0,0,0,0,0,0,1900544,0,1900544,3,12520573702754966396,4,4,3,8,3,2,0,3.8
layer,17,0,16,143,decode,4,4,4,0,0,0,2429,0,0,0,0,22,7,2,0,0,0,0,0,0,60,lru,0,0,0,0,0,0,8,8,8,0,0,0,6,0,0,0,0,0,0,0,0,0,0,0,0,9243675119628562374,4,4,2,8,2,2,0,3.8
layer,17,0,16,143,decode,5,4,3,1,714,372,2430,173,2,0,2,881,6,28,0,0,0,0,0,0,60,lru,0,0,0,0,0,0,8,7,8,0,1,0,5,0,0,0,0,0,0,0,0,1900544,0,1900544,3,16588119012852227346,4,4,2,8,2,1,0,3.8
layer,17,0,16,143,decode,6,4,2,2,1431,744,2415,249,3,0,3,1668,7,18,0,0,0,0,0,0,60,lru,0,0,0,0,0,0,8,2,8,0,2,0,6,0,0,0,0,0,0,0,0,3801088,0,3801088,6,6656215184493806932,4,4,4,8,4,2,0,3.8
layer,17,0,16,143,decode,7,4,3,1,5727,262,2428,62,3,0,3,5822,7,4,0,0,0,0,0,0,60,lru,0,0,0,0,0,0,8,7,8,0,1,0,6,0,0,0,0,0,0,0,0,1900544,0,1900544,3,15946384543170838798,4,4,1,8,1,0,0,3.8
layer,17,0,16,143,decode,8,4,4,0,0,0,2442,0,0,0,0,23,7,1,0,0,0,0,0,0,60,lru,0,0,0,0,0,0,8,8,8,0,0,0,7,0,0,0,0,0,0,0,0,0,0,0,0,16230172852426279015,4,4,1,8,1,1,0,3.8
layer,17,0,16,143,decode,9,4,4,0,0,0,2435,0,0,0,0,20,7,1,0,0,0,0,0,0,60,lru,0,0,0,0,0,0,8,8,8,0,0,0,6,0,0,0,0,0,0,0,0,0,0,0,0,5647111011577545438,4,4,2,8,2,2,0,3.8
layer,17,0,16,143,decode,10,4,4,0,0,0,2406,0,0,0,0,18,7,2,0,0,0,0,0,0,60,lru,0,0,0,0,0,0,8,8,8,0,0,0,3,0,0,0,0,0,0,0,0,0,0,0,0,4916116373534315351,4,4,3,8,3,3,0,3.8
layer,17,0,16,143,decode,11,4,3,1,311,108,2440,29,1,0,1,379,7,2,0,0,0,0,0,0,60,lru,0,0,0,0,0,0,8,3,8,0,1,0,5,0,0,0,0,0,0,0,0,1900544,0,1900544,3,17739119126319824122,4,4,2,8,2,1,0,3.8
layer,17,0,16,143,decode,12,4,4,0,0,0,2447,0,0,0,0,22,7,2,0,0,0,0,0,0,60,lru,0,0,0,0,0,0,8,8,8,0,0,0,6,0,0,0,0,0,0,0,0,0,0,0,0,18143767430182705899,4,4,2,8,2,2,0,3.8
layer,17,0,16,143,decode,13,4,4,0,0,0,2436,0,0,0,0,18,7,1,0,0,0,0,0,0,60,lru,0,0,0,0,0,0,8,8,8,0,0,0,4,0,0,0,0,0,0,0,0,0,0,0,0,15283394022729851518,4,4,0,8,0,0,0,3.8
layer,17,0,16,143,decode,14,4,4,0,0,0,2387,0,0,0,0,21,7,1,0,0,0,0,0,0,60,lru,0,0,0,0,0,0,8,8,8,0,0,0,6,0,0,0,0,0,0,0,0,0,0,0,0,12500868750261724213,4,4,2,8,2,2,0,3.8
layer,17,0,16,143,decode,15,4,4,0,0,0,2421,0,0,0,0,18,8,1,0,0,0,0,0,0,60,lru,0,0,0,0,0,0,8,8,8,0,0,0,4,0,0,0,0,0,0,0,0,0,0,0,0,11932972773153645422,4,4,1,8,1,1,0,3.8
layer,17,0,16,143,decode,16,4,4,0,0,0,2447,0,0,0,0,19,7,2,0,0,0,0,0,0,60,lru,0,0,0,0,0,0,8,8,8,0,0,0,5,0,0,0,0,0,0,0,0,0,0,0,0,11877900340100995311,4,4,2,8,2,2,0,3.8
layer,17,0,16,143,decode,17,4,2,2,651,324,2430,80,1,0,1,751,7,6,0,0,0,0,0,0,60,lru,0,0,0,0,0,0,8,2,8,0,2,0,4,0,0,0,0,0,0,0,0,3801088,0,3801088,6,11223730727992445654,4,4,4,8,4,2,0,3.8
layer,17,0,16,143,decode,18,4,4,0,0,0,2402,0,0,0,0,20,8,2,0,0,0,0,0,0,60,lru,0,0,0,0,0,0,8,8,8,0,0,0,4,0,0,0,0,0,0,0,0,0,0,0,0,8686818222777952871,4,4,1,8,1,1,0,3.8
layer,17,0,16,143,decode,19,4,2,2,9989,390,2424,62,1,0,1,10106,7,14,0,0,0,0,0,0,60,lru,0,0,0,0,0,0,8,6,8,0,2,0,4,0,0,0,0,0,0,0,0,3801088,0,3801088,6,6690244588346791605,4,4,2,8,2,0,0,3.8
layer,17,0,16,143,decode,20,4,3,1,352,168,2430,11,1,0,1,408,7,2,0,0,0,0,0,0,60,lru,0,0,0,0,0,0,8,7,8,0,1,0,5,0,0,0,0,0,0,0,0,1900544,0,1900544,3,209033752543217494,4,4,4,8,4,3,0,3.8
layer,17,0,16,143,decode,21,4,3,1,344,191,2446,14,1,0,1,407,7,2,0,0,0,0,0,0,60,lru,0,0,0,0,0,0,8,3,8,0,1,0,5,0,0,0,0,0,0,0,0,1900544,0,1900544,3,6679465247592341554,4,4,2,8,2,1,0,3.8
layer,17,0,16,143,decode,22,4,3,1,307,166,2408,17,1,0,1,365,7,3,0,0,0,0,0,0,60,lru,0,0,0,0,0,0,8,3,8,0,1,0,4,0,0,0,0,0,0,0,0,1900544,0,1900544,3,2913392812858441752,4,4,3,8,3,2,0,3.8
layer,17,0,16,143,decode,23,4,3,1,287,167,2398,31,1,0,1,370,7,10,0,0,0,0,0,0,60,lru,0,0,0,0,0,0,8,7,8,0,1,0,3,0,0,0,0,0,0,0,0,1900544,0,1900544,3,6880799097801010495,4,4,1,8,1,0,0,3.8
layer,17,0,16,143,decode,24,4,3,1,286,167,2424,14,1,0,1,363,7,3,0,0,0,0,0,0,60,lru,0,0,0,0,0,0,8,7,8,0,1,0,4,0,0,0,0,0,0,0,0,1900544,0,1900544,3,5250532328391762809,4,4,1,8,1,0,0,3.8
layer,17,0,16,143,decode,25,4,3,1,302,215,2446,29,1,0,1,361,7,2,0,0,0,0,0,0,60,lru,0,0,0,0,0,0,8,7,8,0,1,0,4,0,0,0,0,0,0,0,0,1900544,0,1900544,3,4501146049585448806,4,4,1,8,1,0,0,3.8
layer,17,0,16,143,decode,26,4,4,0,0,0,2408,0,0,0,0,19,7,1,0,0,0,0,0,0,60,lru,0,0,0,0,0,0,8,8,8,0,0,0,4,0,0,0,0,0,0,0,0,0,0,0,0,14527761722263865455,4,4,2,8,2,2,0,3.8
layer,17,0,16,143,decode,27,4,4,0,0,0,2435,0,0,0,0,19,6,1,0,0,0,0,0,0,60,lru,0,0,0,0,0,0,8,8,8,0,0,0,6,0,0,0,0,0,0,0,0,0,0,0,0,11672005473220128907,4,4,1,8,1,1,0,3.8
layer,17,0,16,143,decode,28,4,4,0,0,0,2447,0,0,0,0,19,7,1,0,0,0,0,0,0,60,lru,0,0,0,0,0,0,8,8,8,0,0,0,5,0,0,0,0,0,0,0,0,0,0,0,0,17821551444780233927,4,4,2,8,2,2,0,3.8
layer,17,0,16,143,decode,29,4,2,2,5935,363,2438,1120,1,0,1,6097,7,29,0,0,0,0,0,0,60,lru,0,0,0,0,0,0,8,6,8,0,2,0,4,0,0,0,0,0,0,0,0,3801088,0,3801088,6,3238200821452044246,4,4,4,8,4,2,0,3.8
layer,17,0,16,143,decode,30,4,3,1,394,191,2433,116,1,0,1,469,8,4,0,0,0,0,0,0,60,lru,0,0,0,0,0,0,8,7,8,0,1,0,4,0,0,0,0,0,0,0,0,1900544,0,1900544,3,10414048577760584722,4,4,2,8,2,1,0,3.8
layer,17,0,16,143,decode,31,4,2,2,750,249,2437,265,3,0,3,888,7,6,0,0,0,0,0,0,60,lru,0,0,0,0,0,0,8,2,8,0,2,0,8,0,0,0,0,0,0,0,0,3801088,0,3801088,6,8851074095355909526,4,4,3,8,3,1,0,3.8
layer,17,0,16,143,decode,32,4,1,3,1133,415,2416,254,1,0,1,1279,8,4,0,0,0,0,0,0,60,lru,0,0,0,0,0,0,8,1,8,0,3,0,4,0,0,0,0,0,0,0,0,5701632,0,5701632,9,2470855538338661400,4,4,7,8,7,4,0,3.8
layer,17,0,16,143,decode,33,4,0,4,1557,512,2426,516,4,0,4,1764,11,6,0,0,0,0,0,0,60,lru,0,0,0,0,0,0,8,0,8,0,4,0,12,0,0,0,0,0,0,0,0,7602176,0,7602176,12,12225678060466758782,4,4,4,8,4,0,0,3.8
layer,17,0,16,143,decode,34,4,3,1,332,184,2423,43,1,0,1,399,10,2,0,0,0,0,0,0,60,lru,0,0,0,0,0,0,8,3,8,0,1,0,7,0,0,0,0,0,0,0,0,2039808,0,2039808,3,18295151770508012082,4,4,3,8,3,2,0,3.8
layer,17,0,16,143,decode,35,4,2,2,562,280,2435,34,1,0,1,658,10,2,0,0,0,0,0,0,60,lru,0,0,0,0,0,0,8,2,8,0,2,0,5,0,0,0,0,0,0,0,0,3801088,0,3801088,6,12128704957971209586,4,4,2,8,2,0,0,3.8
layer,17,0,16,143,decode,36,4,2,2,777,270,2425,267,1,0,1,936,10,22,0,0,0,0,0,0,60,lru,0,0,0,0,0,0,8,6,8,0,2,0,9,0,0,0,0,0,0,0,0,3801088,0,3801088,6,11401607650873826701,4,4,4,8,4,2,0,3.8
layer,17,0,16,143,decode,37,4,1,3,4401,404,285,1215,1,0,1,4560,8,3,0,0,0,0,0,0,60,lru,0,0,0,0,0,0,8,1,8,0,3,0,8,0,0,0,0,0,0,0,0,5701632,0,5701632,9,13253466916186310431,4,4,6,8,6,3,0,3.8
layer,17,0,16,143,decode,38,4,1,3,1234,395,305,374,3,1,2,1412,10,5,0,0,0,0,0,0,60,lru,0,0,0,0,0,0,8,1,8,0,3,0,5,0,0,0,0,0,0,0,0,6119424,0,6119424,9,3473160893624892863,4,4,5,8,5,2,0,3.8
layer,17,0,16,143,decode,39,4,0,4,1778,518,754,590,4,0,4,2003,11,13,0,0,0,0,0,0,60,lru,0,0,0,0,0,0,8,0,8,0,4,0,4,0,0,0,0,0,0,0,0,8159232,0,8159232,12,1566540093844829198,4,4,6,8,6,2,0,3.8
request,17,0,16,0,decode,-1,0,0,0,0,0,0,0,0,0,0,0,0,0,0,0,0,0,0,0,0,,130049,444,0,0,16,0,0,0,0,0,0,0,0,0,0,0,0,0,0,0,0,0,0,0,0,0,0,0,0,0,0,0,0,0
