row_type,request_idx,repeat_idx,batch_idx,token_idx,phase,layer,k_required,k_hit,k_miss,ssd_read_us,h2d_us,compute_us,stall_us,pred_us,pred_observe_us,pred_score_us,callback_wall_us,topk_d2h_us,slot_ids_h2d_us,slot_table_h2d_us,eamc_rows_scored,eamc_cosine_us,eamc_score_materialize_us,eamc_score_cache_hits,eamc_score_cache_misses,cache_resident_experts,predictor,request_wall_us,request_end_us,predictor_end_us,predictor_save_us,profile_flush_us,sidecar_write_bytes,routes_required,routes_hit,routes_persistent,k_empty_admit,k_victim_admit,k_scratch,route_rank_us
layer,1,0,0,0,prefill_target,0,250,0,250,488624,48600,9368,4625,8,8,0,500527,40,29,0,0,0,0,0,0,45,lru,0,0,0,0,0,0,8192,0,5202,45,0,205,111
layer,1,0,0,0,prefill_target,1,253,0,253,503142,49254,7903,2742,9,9,0,512629,34,82,0,0,0,0,0,0,45,lru,0,0,0,0,0,0,8192,0,5049,45,0,208,70
layer,1,0,0,0,prefill_target,2,255,0,255,273495,53687,11332,3498,7,7,0,282816,24,55,0,0,0,0,0,0,45,lru,0,0,0,0,0,0,8192,0,4761,45,0,210,58
layer,1,0,0,0,prefill_target,3,230,0,230,265286,48305,7791,2716,9,9,0,273438,25,44,0,0,0,0,0,0,45,lru,0,0,0,0,0,0,8192,0,6628,45,0,185,63
layer,1,0,0,0,prefill_target,4,229,0,229,257778,47989,7736,2892,6,6,0,266070,22,40,0,0,0,0,0,0,45,lru,0,0,0,0,0,0,8192,0,6438,45,0,184,53
layer,1,0,0,0,prefill_target,5,230,0,230,258783,48719,7748,2865,8,8,0,267158,21,45,0,0,0,0,0,0,45,lru,0,0,0,0,0,0,8192,0,6263,45,0,185,53
layer,1,0,0,0,prefill_target,6,224,0,224,286904,47790,6670,2457,7,7,0,294875,21,38,0,0,0,0,0,0,45,lru,0,0,0,0,0,0,8192,0,6527,45,0,179,43
layer,1,0,0,0,prefill_target,7,204,0,204,250711,43385,7564,2258,9,9,0,258055,20,35,0,0,0,0,0,0,45,lru,0,0,0,0,0,0,8192,0,6703,45,0,159,50
layer,1,0,0,0,prefill_target,8,189,0,189,240489,40286,7549,2646,6,6,0,247434,20,42,0,0,0,0,0,0,45,lru,0,0,0,0,0,0,8192,0,7134,45,0,144,41
layer,1,0,0,0,prefill_target,9,183,0,183,216636,39162,7480,2138,8,8,0,223294,21,38,0,0,0,0,0,0,45,lru,0,0,0,0,0,0,8192,0,7385,45,0,138,48
layer,1,0,0,0,prefill_target,10,203,0,203,247410,43363,6558,2409,6,6,0,254702,20,40,0,0,0,0,0,0,45,lru,0,0,0,0,0,0,8192,0,7063,45,0,158,48
layer,1,0,0,0,prefill_target,11,181,0,181,233583,38203,7473,2008,8,8,0,239929,19,42,0,0,0,0,0,0,45,lru,0,0,0,0,0,0,8192,0,7273,45,0,136,49
layer,1,0,0,0,prefill_target,12,184,0,184,239992,39143,7503,1992,6,6,0,246457,19,35,0,0,0,0,0,0,45,lru,0,0,0,0,0,0,8192,0,7501,45,0,139,46
layer,1,0,0,0,prefill_target,13,162,0,162,213326,34243,7403,2416,7,7,0,219259,19,51,0,0,0,0,0,0,45,lru,0,0,0,0,0,0,8192,0,7581,45,0,117,45
layer,1,0,0,0,prefill_target,14,148,0,148,200302,31579,6308,1662,7,7,0,205746,20,41,0,0,0,0,0,0,45,lru,0,0,0,0,0,0,8192,0,7638,45,0,103,43
layer,1,0,0,0,prefill_target,15,165,0,165,236266,34985,7384,1836,8,8,0,242155,19,50,0,0,0,0,0,0,45,lru,0,0,0,0,0,0,8192,0,6994,45,0,120,46
layer,1,0,0,0,prefill_target,16,150,0,150,203870,32099,7334,1729,7,7,0,209247,19,64,0,0,0,0,0,0,45,lru,0,0,0,0,0,0,8192,0,7631,45,0,105,47
layer,1,0,0,0,prefill_target,17,148,0,148,225072,31413,7328,1878,8,8,0,230562,19,47,0,0,0,0,0,0,45,lru,0,0,0,0,0,0,8192,0,7617,45,0,103,37
layer,1,0,0,0,prefill_target,18,174,0,174,281518,35538,6408,2273,6,6,0,287828,21,42,0,0,0,0,0,0,45,lru,0,0,0,0,0,0,8192,0,7170,45,0,129,46
layer,1,0,0,0,prefill_target,19,169,0,169,267992,35050,7395,1964,8,8,0,274128,21,58,0,0,0,0,0,0,45,lru,0,0,0,0,0,0,8192,0,7167,45,0,124,43
layer,1,0,0,0,prefill_target,20,208,0,208,312068,44055,7667,2626,7,7,0,319779,20,63,0,0,0,0,0,0,45,lru,0,0,0,0,0,0,8192,0,6786,45,0,163,53
layer,1,0,0,0,prefill_target,21,192,0,192,292089,40641,7552,2087,9,9,0,298830,22,54,0,0,0,0,0,0,45,lru,0,0,0,0,0,0,8192,0,7100,45,0,147,41
layer,1,0,0,0,prefill_target,22,197,0,197,285124,42156,6512,2307,7,7,0,292226,21,47,0,0,0,0,0,0,45,lru,0,0,0,0,0,0,8192,0,6557,45,0,152,49
layer,1,0,0,0,prefill_target,23,171,0,171,265435,35198,7413,1954,8,8,0,271371,20,67,0,0,0,0,0,0,45,lru,0,0,0,0,0,0,8192,0,7137,45,0,126,43
layer,1,0,0,0,prefill_target,24,171,0,171,259089,35017,7615,2090,7,7,0,265421,20,80,0,0,0,0,0,0,45,lru,0,0,0,0,0,0,8192,0,7275,45,0,126,42
layer,1,0,0,0,prefill_target,25,158,0,158,224657,32524,7327,1782,8,8,0,230238,26,49,0,0,0,0,0,0,45,lru,0,0,0,0,0,0,8192,0,7568,45,0,113,50
layer,1,0,0,0,prefill_target,26,160,0,160,234055,33024,6358,1806,7,7,0,239622,20,30,0,0,0,0,0,0,45,lru,0,0,0,0,0,0,8192,0,7539,45,0,115,44
layer,1,0,0,0,prefill_target,27,160,0,160,242357,32917,7366,1773,8,8,0,247835,19,49,0,0,0,0,0,0,45,lru,0,0,0,0,0,0,8192,0,7391,45,0,115,42
layer,1,0,0,0,prefill_target,28,139,0,139,199413,28888,7283,1505,7,7,0,204255,20,44,0,0,0,0,0,0,45,lru,0,0,0,0,0,0,8192,0,7874,45,0,94,46
layer,1,0,0,0,prefill_target,29,148,0,148,210034,30679,7297,1622,8,8,0,215118,20,46,0,0,0,0,0,0,45,lru,0,0,0,0,0,0,8192,0,7752,45,0,103,45
layer,1,0,0,0,prefill_target,30,162,0,162,245335,34469,6342,1971,7,7,0,250992,19,41,0,0,0,0,0,0,45,lru,0,0,0,0,0,0,8192,0,7219,45,0,117,39
layer,1,0,0,0,prefill_target,31,141,0,141,200631,29807,7247,1608,7,7,0,205534,19,51,0,0,0,0,0,0,45,lru,0,0,0,0,0,0,8192,0,7721,45,0,96,42
layer,1,0,0,0,prefill_target,32,140,0,140,183204,29240,7277,1598,7,7,0,188124,21,48,0,0,0,0,0,0,45,lru,0,0,0,0,0,0,8192,0,7738,45,0,95,46
layer,1,0,0,0,prefill_target,33,168,0,168,222510,35154,7408,1861,7,7,0,228312,21,43,0,0,0,0,0,0,45,lru,0,0,0,0,0,0,8192,0,7293,45,0,123,46
layer,1,0,0,0,prefill_target,34,152,0,152,202892,32211,6311,1859,7,7,0,208205,20,52,0,0,0,0,0,0,45,lru,0,0,0,0,0,0,8192,0,7542,45,0,107,45
layer,1,0,0,0,prefill_target,35,155,0,155,202701,32917,7334,1774,8,8,0,208088,20,49,0,0,0,0,0,0,45,lru,0,0,0,0,0,0,8192,0,7663,45,0,110,44
layer,1,0,0,0,prefill_target,36,146,0,146,172260,30395,7320,1635,6,6,0,177231,20,42,0,0,0,0,0,0,45,lru,0,0,0,0,0,0,8192,0,7705,45,0,101,45
layer,1,0,0,0,prefill_target,37,120,0,120,134971,25370,7071,1457,7,7,0,139509,20,62,0,0,0,0,0,0,45,lru,0,0,0,0,0,0,8192,0,7800,45,0,75,43
layer,1,0,0,0,prefill_target,38,115,0,115,127893,24569,6002,1371,7,7,0,132099,19,42,0,0,0,0,0,0,45,lru,0,0,0,0,0,0,8192,0,7821,45,0,70,39
layer,1,0,0,0,prefill_target,39,133,0,133,151909,28534,51846,1634,9,9,0,156811,18,56,0,0,0,0,0,0,45,lru,0,0,0,0,0,0,8192,0,7621,45,0,88,42
request,1,0,0,0,prefill_target,-1,0,0,0,0,0,0,0,0,0,0,0,0,0,0,0,0,0,0,0,0,,11074166,49164,0,0,59,0,0,0,0,0,0,0,0
layer,2,0,0,0,prefill_mtp_process,40,215,0,215,231007,47270,5772,2782,6,6,0,237677,27,123,0,0,0,0,0,0,45,lru,0,0,0,0,0,0,8192,0,6312,45,0,170,63
request,2,0,0,0,prefill_mtp_process,-1,0,0,0,0,0,0,0,0,0,0,0,0,0,0,0,0,0,0,0,0,,294639,972,0,0,19,0,0,0,0,0,0,0,0
layer,3,0,1,0,decode,40,8,5,3,2142,1219,1206,683,1,0,1,3684,37,12,0,0,0,0,0,0,45,lru,0,0,0,0,0,0,8,5,8,0,3,0,1
request,3,0,1,0,decode,-1,0,0,0,0,0,0,0,0,0,0,0,0,0,0,0,0,0,0,0,0,,17455,45,0,0,14,0,0,0,0,0,0,0,0
layer,4,0,1,1025,decode,0,15,6,9,10368,5767,318,1388,26,0,26,11902,17,25,0,0,0,0,0,0,45,lru,0,0,0,0,0,0,16,7,16,0,9,0,4
layer,4,0,1,1025,decode,1,14,5,9,10095,5572,266,508,21,2,19,10797,13,15,0,0,0,0,0,0,45,lru,0,0,0,0,0,0,16,6,16,0,9,0,1
layer,4,0,1,1025,decode,2,14,10,4,4107,2485,9696,614,19,0,19,4799,9,9,0,0,0,0,0,0,45,lru,0,0,0,0,0,0,16,12,16,0,4,0,2
layer,4,0,1,1025,decode,3,14,7,7,6930,2667,267,266,33,1,32,7411,14,4,0,0,0,0,0,0,45,lru,0,0,0,0,0,0,16,9,16,0,7,0,2
layer,4,0,1,1025,decode,4,14,5,9,5002,1938,265,137,14,0,14,5339,10,3,0,0,0,0,0,0,45,lru,0,0,0,0,0,0,16,6,16,0,9,0,2
layer,4,0,1,1025,decode,5,10,7,3,1546,732,242,33,11,1,10,1689,9,3,0,0,0,0,0,0,45,lru,0,0,0,0,0,0,16,12,16,0,3,0,0
layer,4,0,1,1025,decode,6,9,5,4,2079,908,216,72,12,0,12,2253,8,2,0,0,0,0,0,0,45,lru,0,0,0,0,0,0,16,8,16,0,4,0,0
layer,4,0,1,1025,decode,7,10,7,3,1566,733,243,42,8,1,7,1713,9,3,0,0,0,0,0,0,45,lru,0,0,0,0,0,0,16,12,16,0,3,0,2
layer,4,0,1,1025,decode,8,11,9,2,1022,530,248,19,12,0,12,1132,9,2,0,0,0,0,0,0,45,lru,0,0,0,0,0,0,16,13,16,0,2,0,0
layer,4,0,1,1025,decode,9,10,6,4,2049,1067,245,58,12,0,12,2227,8,3,0,0,0,0,0,0,45,lru,0,0,0,0,0,0,16,9,16,0,4,0,0
layer,4,0,1,1025,decode,10,10,5,5,2535,1349,216,66,14,0,14,2768,10,2,0,0,0,0,0,0,45,lru,0,0,0,0,0,0,16,8,16,0,5,0,2
layer,4,0,1,1025,decode,11,9,6,3,1751,723,239,25,10,1,9,1890,9,2,0,0,0,0,0,0,45,lru,0,0,0,0,0,0,16,10,16,0,3,0,0
layer,4,0,1,1025,decode,12,10,6,4,2344,1097,244,68,8,0,8,2519,8,3,0,0,0,0,0,0,45,lru,0,0,0,0,0,0,16,10,16,0,4,0,0
layer,4,0,1,1025,decode,13,12,7,5,2964,1375,256,81,9,0,9,3179,8,5,0,0,0,0,0,0,45,lru,0,0,0,0,0,0,16,9,16,0,5,0,2
layer,4,0,1,1025,decode,14,11,9,2,1201,615,225,31,11,0,11,1318,8,3,0,0,0,0,0,0,45,lru,0,0,0,0,0,0,16,14,16,0,2,0,2
layer,4,0,1,1025,decode,15,12,7,5,3064,1422,252,72,9,1,8,3273,8,3,0,0,0,0,0,0,45,lru,0,0,0,0,0,0,16,10,16,0,5,0,0
layer,4,0,1,1025,decode,16,13,7,6,3546,1777,260,90,10,0,10,3822,8,4,0,0,0,0,0,0,45,lru,0,0,0,0,0,0,16,8,16,0,6,0,2
layer,4,0,1,1025,decode,17,10,8,2,1176,633,240,38,2,0,2,1285,9,3,0,0,0,0,0,0,45,lru,0,0,0,0,0,0,16,13,16,0,2,0,2
layer,4,0,1,1025,decode,18,11,4,7,4285,2186,228,153,2,0,2,4599,8,4,0,0,0,0,0,0,45,lru,0,0,0,0,0,0,16,6,16,0,7,0,0
layer,4,0,1,1025,decode,19,12,5,7,4242,2229,249,109,3,0,3,4519,9,4,0,0,0,0,0,0,45,lru,0,0,0,0,0,0,16,8,16,0,7,0,2
layer,4,0,1,1025,decode,20,15,8,7,4205,2223,269,124,2,0,2,4489,9,4,0,0,0,0,0,0,45,lru,0,0,0,0,0,0,16,8,16,0,7,0,3
layer,4,0,1,1025,decode,21,12,5,7,4585,2125,283,117,2,0,2,4918,9,20,0,0,0,0,0,0,45,lru,0,0,0,0,0,0,16,7,16,0,7,0,2
layer,4,0,1,1025,decode,22,10,4,6,4004,1921,220,91,2,0,2,4261,9,3,0,0,0,0,0,0,45,lru,0,0,0,0,0,0,16,7,16,0,6,0,2
layer,4,0,1,1025,decode,23,10,5,5,2860,1677,241,87,1,0,1,3075,9,5,0,0,0,0,0,0,45,lru,0,0,0,0,0,0,16,8,16,0,5,0,1
layer,4,0,1,1025,decode,24,12,7,5,3197,1621,254,87,2,0,2,3437,9,2,0,0,0,0,0,0,45,lru,0,0,0,0,0,0,16,9,16,0,5,0,2
layer,4,0,1,1025,decode,25,12,5,7,5021,2363,256,134,2,0,2,5323,8,4,0,0,0,0,0,0,45,lru,0,0,0,0,0,0,16,7,16,0,7,0,1
layer,4,0,1,1025,decode,26,11,5,6,3942,2067,221,110,2,0,2,4224,9,7,0,0,0,0,0,0,45,lru,0,0,0,0,0,0,16,7,16,0,6,0,0
layer,4,0,1,1025,decode,27,13,5,8,5837,1871,257,99,2,0,2,6124,9,3,0,0,0,0,0,0,45,lru,0,0,0,0,0,0,16,6,16,0,8,0,2
layer,4,0,1,1025,decode,28,11,4,7,3833,1467,250,92,2,0,2,4076,9,2,0,0,0,0,0,0,45,lru,0,0,0,0,0,0,16,6,16,0,7,0,2
layer,4,0,1,1025,decode,29,11,6,5,2610,1095,249,53,2,0,2,2793,9,2,0,0,0,0,0,0,45,lru,0,0,0,0,0,0,16,10,16,0,5,0,2
layer,4,0,1,1025,decode,30,11,4,7,3794,1506,223,83,2,0,2,4022,9,2,0,0,0,0,0,0,45,lru,0,0,0,0,0,0,16,6,16,0,7,0,0
layer,4,0,1,1025,decode,31,13,7,6,8061,1297,257,64,2,0,2,8278,9,2,0,0,0,0,0,0,45,lru,0,0,0,0,0,0,16,9,16,0,6,0,3
layer,4,0,1,1025,decode,32,14,5,9,5254,1910,264,108,1,0,1,5556,9,2,0,0,0,0,0,0,45,lru,0,0,0,0,0,0,16,6,16,0,9,0,0
layer,4,0,1,1025,decode,33,11,6,5,5203,1087,248,75,2,0,2,5380,9,2,0,0,0,0,0,0,45,lru,0,0,0,0,0,0,16,10,16,0,5,0,2
layer,4,0,1,1025,decode,34,10,5,5,2523,1051,221,73,1,0,1,2703,8,3,0,0,0,0,0,0,45,lru,0,0,0,0,0,0,16,8,16,0,5,0,2
layer,4,0,1,1025,decode,35,12,4,8,4184,1725,253,98,2,0,2,4486,9,4,0,0,0,0,0,0,45,lru,0,0,0,0,0,0,16,6,16,0,8,0,0
layer,4,0,1,1025,decode,36,14,7,7,3911,1331,277,79,2,0,2,4146,9,3,0,0,0,0,0,0,45,lru,0,0,0,0,0,0,16,8,16,0,7,0,1
layer,4,0,1,1025,decode,37,13,8,5,2566,1206,259,77,2,0,2,2765,14,2,0,0,0,0,0,0,45,lru,0,0,0,0,0,0,16,10,16,0,5,0,0
layer,4,0,1,1025,decode,38,12,5,7,3643,1639,228,86,1,0,1,3896,9,2,0,0,0,0,0,0,45,lru,0,0,0,0,0,0,16,6,16,0,7,0,2
layer,4,0,1,1025,decode,39,13,8,5,2639,1210,968,55,2,0,2,2823,9,2,0,0,0,0,0,0,45,lru,0,0,0,0,0,0,16,10,16,0,5,0,0
request,4,0,1,0,decode,-1,0,0,0,0,0,0,0,0,0,0,0,0,0,0,0,0,0,0,0,0,,209537,1196,0,0,24,0,0,0,0,0,0,0,0
layer,5,0,1,1025,decode,40,16,10,6,3041,1472,114,96,1,0,1,3282,12,4,0,0,0,0,0,0,45,lru,0,0,0,0,0,0,16,10,16,0,6,0,1
request,5,0,1,0,decode,-1,0,0,0,0,0,0,0,0,0,0,0,0,0,0,0,0,0,0,0,0,,4338,50,0,0,11,0,0,0,0,0,0,0,0
layer,6,0,2,1025,decode,40,8,3,5,3144,1503,856,145,1,0,1,3416,11,21,0,0,0,0,0,0,45,lru,0,0,0,0,0,0,8,3,8,0,5,0,1
request,6,0,2,0,decode,-1,0,0,0,0,0,0,0,0,0,0,0,0,0,0,0,0,0,0,0,0,,4947,47,0,0,11,0,0,0,0,0,0,0,0
request,7,0,2,0,decode,-1,0,0,0,0,0,0,0,0,0,0,0,0,0,0,0,0,0,0,0,0,,13582,20,0,0,19,0,0,0,0,0,0,0,0
layer,8,0,2,1025,decode,40,16,9,7,6593,3609,91,399,1,0,1,7030,13,11,0,0,0,0,0,0,45,lru,0,0,0,0,0,0,16,9,16,0,7,0,1
request,8,0,2,0,decode,-1,0,0,0,0,0,0,0,0,0,0,0,0,0,0,0,0,0,0,0,0,,7902,53,0,0,10,0,0,0,0,0,0,0,0
layer,9,0,3,1025,decode,40,8,3,5,5249,2901,842,278,1,0,1,5574,12,12,0,0,0,0,0,0,45,lru,0,0,0,0,0,0,8,3,8,0,5,0,1
request,9,0,3,0,decode,-1,0,0,0,0,0,0,0,0,0,0,0,0,0,0,0,0,0,0,0,0,,7105,46,0,0,10,0,0,0,0,0,0,0,0
request,10,0,3,0,decode,-1,0,0,0,0,0,0,0,0,0,0,0,0,0,0,0,0,0,0,0,0,,21350,25,0,0,23,0,0,0,0,0,0,0,0
layer,11,0,3,1025,decode,40,13,11,2,2093,1117,111,82,1,0,1,2315,14,31,0,0,0,0,0,0,45,lru,0,0,0,0,0,0,16,14,16,0,2,0,2
request,11,0,3,0,decode,-1,0,0,0,0,0,0,0,0,0,0,0,0,0,0,0,0,0,0,0,0,,3107,31,0,0,8,0,0,0,0,0,0,0,0
layer,12,0,4,1025,decode,40,8,4,4,3930,2447,843,396,1,0,1,4257,12,23,0,0,0,0,0,0,45,lru,0,0,0,0,0,0,8,4,8,0,4,0,1
request,12,0,4,0,decode,-1,0,0,0,0,0,0,0,0,0,0,0,0,0,0,0,0,0,0,0,0,,5778,42,0,0,10,0,0,0,0,0,0,0,0
request,13,0,4,0,decode,-1,0,0,0,0,0,0,0,0,0,0,0,0,0,0,0,0,0,0,0,0,,9290,49,0,0,48,0,0,0,0,0,0,0,0
layer,14,0,4,1025,decode,40,16,10,6,5406,1510,92,113,1,0,1,5665,13,4,0,0,0,0,0,0,45,lru,0,0,0,0,0,0,16,10,16,0,6,0,1
request,14,0,4,0,decode,-1,0,0,0,0,0,0,0,0,0,0,0,0,0,0,0,0,0,0,0,0,,6517,50,0,0,9,0,0,0,0,0,0,0,0
layer,15,0,6,1025,decode,40,8,6,2,1151,492,838,24,1,0,1,1242,12,3,0,0,0,0,0,0,45,lru,0,0,0,0,0,0,8,6,8,0,2,0,1
request,15,0,6,0,decode,-1,0,0,0,0,0,0,0,0,0,0,0,0,0,0,0,0,0,0,0,0,,2722,31,0,0,9,0,0,0,0,0,0,0,0
request,16,0,6,0,decode,-1,0,0,0,0,0,0,0,0,0,0,0,0,0,0,0,0,0,0,0,0,,9246,8,0,0,7,0,0,0,0,0,0,0,0
layer,17,0,6,1025,decode,40,16,16,0,0,0,158,0,0,0,0,27,12,2,0,0,0,0,0,0,45,lru,0,0,0,0,0,0,16,16,16,0,0,0,1
request,17,0,6,0,decode,-1,0,0,0,0,0,0,0,0,0,0,0,0,0,0,0,0,0,0,0,0,,642,18,0,0,6,0,0,0,0,0,0,0,0
layer,18,0,8,1025,decode,40,8,8,0,0,0,890,0,0,0,0,25,14,2,0,0,0,0,0,0,45,lru,0,0,0,0,0,0,8,8,8,0,0,0,1
request,18,0,8,0,decode,-1,0,0,0,0,0,0,0,0,0,0,0,0,0,0,0,0,0,0,0,0,,1335,21,0,0,8,0,0,0,0,0,0,0,0
request,19,0,8,0,decode,-1,0,0,0,0,0,0,0,0,0,0,0,0,0,0,0,0,0,0,0,0,,9240,8,0,0,7,0,0,0,0,0,0,0,0
layer,20,0,8,1025,decode,40,16,16,0,0,0,157,0,0,0,0,27,12,2,0,0,0,0,0,0,45,lru,0,0,0,0,0,0,16,16,16,0,0,0,1
request,20,0,8,0,decode,-1,0,0,0,0,0,0,0,0,0,0,0,0,0,0,0,0,0,0,0,0,,633,18,0,0,6,0,0,0,0,0,0,0,0
layer,21,0,10,1025,decode,40,8,8,0,0,0,890,0,0,0,0,22,10,2,0,0,0,0,0,0,45,lru,0,0,0,0,0,0,8,8,8,0,0,0,1
request,21,0,10,0,decode,-1,0,0,0,0,0,0,0,0,0,0,0,0,0,0,0,0,0,0,0,0,,1333,21,0,0,8,0,0,0,0,0,0,0,0
request,22,0,10,0,decode,-1,0,0,0,0,0,0,0,0,0,0,0,0,0,0,0,0,0,0,0,0,,9238,7,0,0,7,0,0,0,0,0,0,0,0
layer,23,0,10,1025,decode,40,16,16,0,0,0,157,0,0,0,0,26,12,2,0,0,0,0,0,0,45,lru,0,0,0,0,0,0,16,16,16,0,0,0,1
request,23,0,10,0,decode,-1,0,0,0,0,0,0,0,0,0,0,0,0,0,0,0,0,0,0,0,0,,623,18,0,0,6,0,0,0,0,0,0,0,0
layer,24,0,12,1025,decode,40,8,8,0,0,0,890,0,0,0,0,21,10,2,0,0,0,0,0,0,45,lru,0,0,0,0,0,0,8,8,8,0,0,0,1
request,24,0,12,0,decode,-1,0,0,0,0,0,0,0,0,0,0,0,0,0,0,0,0,0,0,0,0,,1331,21,0,0,8,0,0,0,0,0,0,0,0
request,25,0,12,0,decode,-1,0,0,0,0,0,0,0,0,0,0,0,0,0,0,0,0,0,0,0,0,,9233,7,0,0,7,0,0,0,0,0,0,0,0
layer,26,0,12,1025,decode,40,16,16,0,0,0,158,0,0,0,0,27,12,3,0,0,0,0,0,0,45,lru,0,0,0,0,0,0,16,16,16,0,0,0,1
request,26,0,12,0,decode,-1,0,0,0,0,0,0,0,0,0,0,0,0,0,0,0,0,0,0,0,0,,635,18,0,0,6,0,0,0,0,0,0,0,0
layer,27,0,14,1025,decode,40,8,8,0,0,0,890,0,0,0,0,21,10,2,0,0,0,0,0,0,45,lru,0,0,0,0,0,0,8,8,8,0,0,0,1
request,27,0,14,0,decode,-1,0,0,0,0,0,0,0,0,0,0,0,0,0,0,0,0,0,0,0,0,,1326,21,0,0,8,0,0,0,0,0,0,0,0
request,28,0,14,0,decode,-1,0,0,0,0,0,0,0,0,0,0,0,0,0,0,0,0,0,0,0,0,,9236,7,0,0,7,0,0,0,0,0,0,0,0
layer,29,0,14,1025,decode,40,15,15,0,0,0,152,0,0,0,0,25,11,2,0,0,0,0,0,0,45,lru,0,0,0,0,0,0,16,16,16,0,0,0,1
request,29,0,14,0,decode,-1,0,0,0,0,0,0,0,0,0,0,0,0,0,0,0,0,0,0,0,0,,617,18,0,0,6,0,0,0,0,0,0,0,0
layer,30,0,16,1025,decode,40,8,8,0,0,0,888,0,0,0,0,21,10,2,0,0,0,0,0,0,45,lru,0,0,0,0,0,0,8,8,8,0,0,0,1
request,30,0,16,0,decode,-1,0,0,0,0,0,0,0,0,0,0,0,0,0,0,0,0,0,0,0,0,,1319,21,0,0,8,0,0,0,0,0,0,0,0
request,31,0,16,0,decode,-1,0,0,0,0,0,0,0,0,0,0,0,0,0,0,0,0,0,0,0,0,,9230,7,0,0,7,0,0,0,0,0,0,0,0
layer,32,0,16,1025,decode,40,15,15,0,0,0,150,0,0,0,0,25,11,2,0,0,0,0,0,0,45,lru,0,0,0,0,0,0,16,16,16,0,0,0,1
request,32,0,16,0,decode,-1,0,0,0,0,0,0,0,0,0,0,0,0,0,0,0,0,0,0,0,0,,626,18,0,0,6,0,0,0,0,0,0,0,0
layer,33,0,18,1025,decode,40,8,8,0,0,0,888,0,0,0,0,21,10,2,0,0,0,0,0,0,45,lru,0,0,0,0,0,0,8,8,8,0,0,0,1
request,33,0,18,0,decode,-1,0,0,0,0,0,0,0,0,0,0,0,0,0,0,0,0,0,0,0,0,,1318,20,0,0,7,0,0,0,0,0,0,0,0
request,34,0,18,0,decode,-1,0,0,0,0,0,0,0,0,0,0,0,0,0,0,0,0,0,0,0,0,,9244,17,0,0,17,0,0,0,0,0,0,0,0
layer,35,0,18,1025,decode,40,15,15,0,0,0,152,0,0,0,0,27,12,2,0,0,0,0,0,0,45,lru,0,0,0,0,0,0,16,16,16,0,0,0,1
request,35,0,18,0,decode,-1,0,0,0,0,0,0,0,0,0,0,0,0,0,0,0,0,0,0,0,0,,628,19,0,0,7,0,0,0,0,0,0,0,0
layer,36,0,20,1025,decode,40,8,8,0,0,0,892,0,0,0,0,21,11,2,0,0,0,0,0,0,45,lru,0,0,0,0,0,0,8,8,8,0,0,0,1
request,36,0,20,0,decode,-1,0,0,0,0,0,0,0,0,0,0,0,0,0,0,0,0,0,0,0,0,,1328,21,0,0,8,0,0,0,0,0,0,0,0
request,37,0,20,0,decode,-1,0,0,0,0,0,0,0,0,0,0,0,0,0,0,0,0,0,0,0,0,,9231,7,0,0,6,0,0,0,0,0,0,0,0
layer,38,0,20,1025,decode,40,15,15,0,0,0,153,0,0,0,0,26,12,2,0,0,0,0,0,0,45,lru,0,0,0,0,0,0,16,16,16,0,0,0,1
request,38,0,20,0,decode,-1,0,0,0,0,0,0,0,0,0,0,0,0,0,0,0,0,0,0,0,0,,623,18,0,0,6,0,0,0,0,0,0,0,0
layer,39,0,22,1025,decode,40,8,8,0,0,0,891,0,0,0,0,21,10,2,0,0,0,0,0,0,45,lru,0,0,0,0,0,0,8,8,8,0,0,0,1
request,39,0,22,0,decode,-1,0,0,0,0,0,0,0,0,0,0,0,0,0,0,0,0,0,0,0,0,,1317,20,0,0,8,0,0,0,0,0,0,0,0
request,40,0,22,0,decode,-1,0,0,0,0,0,0,0,0,0,0,0,0,0,0,0,0,0,0,0,0,,9236,7,0,0,6,0,0,0,0,0,0,0,0
layer,41,0,22,1025,decode,40,15,15,0,0,0,152,0,0,0,0,25,12,2,0,0,0,0,0,0,45,lru,0,0,0,0,0,0,16,16,16,0,0,0,1
request,41,0,22,0,decode,-1,0,0,0,0,0,0,0,0,0,0,0,0,0,0,0,0,0,0,0,0,,614,19,0,0,6,0,0,0,0,0,0,0,0
layer,42,0,24,1025,decode,40,8,8,0,0,0,889,0,0,0,0,21,10,2,0,0,0,0,0,0,45,lru,0,0,0,0,0,0,8,8,8,0,0,0,1
request,42,0,24,0,decode,-1,0,0,0,0,0,0,0,0,0,0,0,0,0,0,0,0,0,0,0,0,,1315,21,0,0,8,0,0,0,0,0,0,0,0
request,43,0,24,0,decode,-1,0,0,0,0,0,0,0,0,0,0,0,0,0,0,0,0,0,0,0,0,,9239,8,0,0,7,0,0,0,0,0,0,0,0
layer,44,0,24,1025,decode,40,15,15,0,0,0,158,0,0,0,0,23,11,2,0,0,0,0,0,0,45,lru,0,0,0,0,0,0,16,16,16,0,0,0,1
request,44,0,24,0,decode,-1,0,0,0,0,0,0,0,0,0,0,0,0,0,0,0,0,0,0,0,0,,620,18,0,0,6,0,0,0,0,0,0,0,0
layer,45,0,26,1025,decode,40,8,8,0,0,0,889,0,0,0,0,24,10,2,0,0,0,0,0,0,45,lru,0,0,0,0,0,0,8,8,8,0,0,0,1
request,45,0,26,0,decode,-1,0,0,0,0,0,0,0,0,0,0,0,0,0,0,0,0,0,0,0,0,,1326,20,0,0,8,0,0,0,0,0,0,0,0
request,46,0,26,0,decode,-1,0,0,0,0,0,0,0,0,0,0,0,0,0,0,0,0,0,0,0,0,,9242,8,0,0,7,0,0,0,0,0,0,0,0
layer,47,0,26,1025,decode,40,15,15,0,0,0,151,0,0,0,0,26,12,2,0,0,0,0,0,0,45,lru,0,0,0,0,0,0,16,16,16,0,0,0,1
request,47,0,26,0,decode,-1,0,0,0,0,0,0,0,0,0,0,0,0,0,0,0,0,0,0,0,0,,632,18,0,0,6,0,0,0,0,0,0,0,0
layer,48,0,28,1025,decode,40,8,7,1,918,582,851,93,1,0,1,1073,11,25,0,0,0,0,0,0,45,lru,0,0,0,0,0,0,8,7,8,0,1,0,1
request,48,0,28,0,decode,-1,0,0,0,0,0,0,0,0,0,0,0,0,0,0,0,0,0,0,0,0,,2474,25,0,0,8,0,0,0,0,0,0,0,0
request,49,0,28,0,decode,-1,0,0,0,0,0,0,0,0,0,0,0,0,0,0,0,0,0,0,0,0,,9238,8,0,0,8,0,0,0,0,0,0,0,0
layer,50,0,28,1025,decode,40,16,16,0,0,0,157,0,0,0,0,26,12,2,0,0,0,0,0,0,45,lru,0,0,0,0,0,0,16,16,16,0,0,0,1
request,50,0,28,0,decode,-1,0,0,0,0,0,0,0,0,0,0,0,0,0,0,0,0,0,0,0,0,,634,18,0,0,6,0,0,0,0,0,0,0,0
layer,51,0,30,1025,decode,40,8,8,0,0,0,890,0,0,0,0,22,11,2,0,0,0,0,0,0,45,lru,0,0,0,0,0,0,8,8,8,0,0,0,1
request,51,0,30,0,decode,-1,0,0,0,0,0,0,0,0,0,0,0,0,0,0,0,0,0,0,0,0,,1327,20,0,0,8,0,0,0,0,0,0,0,0
request,52,0,30,0,decode,-1,0,0,0,0,0,0,0,0,0,0,0,0,0,0,0,0,0,0,0,0,,9229,7,0,0,7,0,0,0,0,0,0,0,0
layer,53,0,30,1025,decode,40,15,15,0,0,0,152,0,0,0,0,24,12,2,0,0,0,0,0,0,45,lru,0,0,0,0,0,0,16,16,16,0,0,0,1
request,53,0,30,0,decode,-1,0,0,0,0,0,0,0,0,0,0,0,0,0,0,0,0,0,0,0,0,,619,18,0,0,6,0,0,0,0,0,0,0,0
layer,54,0,32,1025,decode,40,8,8,0,0,0,888,0,0,0,0,21,10,2,0,0,0,0,0,0,45,lru,0,0,0,0,0,0,8,8,8,0,0,0,1
request,54,0,32,0,decode,-1,0,0,0,0,0,0,0,0,0,0,0,0,0,0,0,0,0,0,0,0,,1317,21,0,0,8,0,0,0,0,0,0,0,0
request,55,0,32,0,decode,-1,0,0,0,0,0,0,0,0,0,0,0,0,0,0,0,0,0,0,0,0,,9236,7,0,0,7,0,0,0,0,0,0,0,0
layer,56,0,32,1025,decode,40,15,15,0,0,0,152,0,0,0,0,25,12,2,0,0,0,0,0,0,45,lru,0,0,0,0,0,0,16,16,16,0,0,0,1
request,56,0,32,0,decode,-1,0,0,0,0,0,0,0,0,0,0,0,0,0,0,0,0,0,0,0,0,,621,18,0,0,6,0,0,0,0,0,0,0,0
layer,57,0,34,1025,decode,40,8,8,0,0,0,888,0,0,0,0,21,10,2,0,0,0,0,0,0,45,lru,0,0,0,0,0,0,8,8,8,0,0,0,1
request,57,0,34,0,decode,-1,0,0,0,0,0,0,0,0,0,0,0,0,0,0,0,0,0,0,0,0,,1315,20,0,0,7,0,0,0,0,0,0,0,0
request,58,0,34,0,decode,-1,0,0,0,0,0,0,0,0,0,0,0,0,0,0,0,0,0,0,0,0,,9227,7,0,0,6,0,0,0,0,0,0,0,0
layer,59,0,34,1025,decode,40,15,15,0,0,0,152,0,0,0,0,25,12,2,0,0,0,0,0,0,45,lru,0,0,0,0,0,0,16,16,16,0,0,0,1
request,59,0,34,0,decode,-1,0,0,0,0,0,0,0,0,0,0,0,0,0,0,0,0,0,0,0,0,,623,28,0,0,15,0,0,0,0,0,0,0,0
layer,60,0,36,1025,decode,40,8,8,0,0,0,900,0,0,0,0,21,11,2,0,0,0,0,0,0,45,lru,0,0,0,0,0,0,8,8,8,0,0,0,1
request,60,0,36,0,decode,-1,0,0,0,0,0,0,0,0,0,0,0,0,0,0,0,0,0,0,0,0,,1326,30,0,0,7,0,0,0,0,0,0,0,0
request,61,0,36,0,decode,-1,0,0,0,0,0,0,0,0,0,0,0,0,0,0,0,0,0,0,0,0,,9225,7,0,0,6,0,0,0,0,0,0,0,0
layer,62,0,36,1025,decode,40,15,15,0,0,0,150,0,0,0,0,24,12,2,0,0,0,0,0,0,45,lru,0,0,0,0,0,0,16,16,16,0,0,0,1
request,62,0,36,0,decode,-1,0,0,0,0,0,0,0,0,0,0,0,0,0,0,0,0,0,0,0,0,,615,19,0,0,6,0,0,0,0,0,0,0,0
layer,63,0,38,1025,decode,40,8,7,1,934,541,854,27,1,0,1,1060,10,18,0,0,0,0,0,0,45,lru,0,0,0,0,0,0,8,7,8,0,1,0,1
request,63,0,38,0,decode,-1,0,0,0,0,0,0,0,0,0,0,0,0,0,0,0,0,0,0,0,0,,2468,26,0,0,8,0,0,0,0,0,0,0,0
request,64,0,38,0,decode,-1,0,0,0,0,0,0,0,0,0,0,0,0,0,0,0,0,0,0,0,0,,9249,7,0,0,6,0,0,0,0,0,0,0,0
layer,65,0,38,1025,decode,40,15,15,0,0,0,152,0,0,0,0,25,12,2,0,0,0,0,0,0,45,lru,0,0,0,0,0,0,16,16,16,0,0,0,1
request,65,0,38,0,decode,-1,0,0,0,0,0,0,0,0,0,0,0,0,0,0,0,0,0,0,0,0,,633,18,0,0,6,0,0,0,0,0,0,0,0
layer,66,0,40,1025,decode,40,8,8,0,0,0,896,0,0,0,0,21,11,2,0,0,0,0,0,0,45,lru,0,0,0,0,0,0,8,8,8,0,0,0,1
request,66,0,40,0,decode,-1,0,0,0,0,0,0,0,0,0,0,0,0,0,0,0,0,0,0,0,0,,1328,20,0,0,8,0,0,0,0,0,0,0,0
request,67,0,40,0,decode,-1,0,0,0,0,0,0,0,0,0,0,0,0,0,0,0,0,0,0,0,0,,9236,7,0,0,6,0,0,0,0,0,0,0,0
layer,68,0,40,1025,decode,40,15,15,0,0,0,152,0,0,0,0,24,11,2,0,0,0,0,0,0,45,lru,0,0,0,0,0,0,16,16,16,0,0,0,1
request,68,0,40,0,decode,-1,0,0,0,0,0,0,0,0,0,0,0,0,0,0,0,0,0,0,0,0,,617,18,0,0,5,0,0,0,0,0,0,0,0
layer,69,0,42,1025,decode,40,8,8,0,0,0,889,0,0,0,0,24,13,2,0,0,0,0,0,0,45,lru,0,0,0,0,0,0,8,8,8,0,0,0,1
request,69,0,42,0,decode,-1,0,0,0,0,0,0,0,0,0,0,0,0,0,0,0,0,0,0,0,0,,1321,20,0,0,8,0,0,0,0,0,0,0,0
request,70,0,42,0,decode,-1,0,0,0,0,0,0,0,0,0,0,0,0,0,0,0,0,0,0,0,0,,9233,7,0,0,6,0,0,0,0,0,0,0,0
layer,71,0,42,1025,decode,40,15,15,0,0,0,150,0,0,0,0,24,12,2,0,0,0,0,0,0,45,lru,0,0,0,0,0,0,16,16,16,0,0,0,1
request,71,0,42,0,decode,-1,0,0,0,0,0,0,0,0,0,0,0,0,0,0,0,0,0,0,0,0,,611,18,0,0,6,0,0,0,0,0,0,0,0
layer,72,0,44,1025,decode,40,8,8,0,0,0,888,0,0,0,0,21,10,2,0,0,0,0,0,0,45,lru,0,0,0,0,0,0,8,8,8,0,0,0,1
request,72,0,44,0,decode,-1,0,0,0,0,0,0,0,0,0,0,0,0,0,0,0,0,0,0,0,0,,1314,20,0,0,8,0,0,0,0,0,0,0,0
request,73,0,44,0,decode,-1,0,0,0,0,0,0,0,0,0,0,0,0,0,0,0,0,0,0,0,0,,9241,7,0,0,7,0,0,0,0,0,0,0,0
layer,74,0,44,1025,decode,40,15,15,0,0,0,151,0,0,0,0,25,12,2,0,0,0,0,0,0,45,lru,0,0,0,0,0,0,16,16,16,0,0,0,1
request,74,0,44,0,decode,-1,0,0,0,0,0,0,0,0,0,0,0,0,0,0,0,0,0,0,0,0,,615,18,0,0,6,0,0,0,0,0,0,0,0
layer,75,0,46,1025,decode,40,8,8,0,0,0,889,0,0,0,0,21,10,2,0,0,0,0,0,0,45,lru,0,0,0,0,0,0,8,8,8,0,0,0,1
request,75,0,46,0,decode,-1,0,0,0,0,0,0,0,0,0,0,0,0,0,0,0,0,0,0,0,0,,1325,21,0,0,8,0,0,0,0,0,0,0,0
request,76,0,46,0,decode,-1,0,0,0,0,0,0,0,0,0,0,0,0,0,0,0,0,0,0,0,0,,9231,7,0,0,6,0,0,0,0,0,0,0,0
layer,77,0,46,1025,decode,40,15,15,0,0,0,151,0,0,0,0,24,11,2,0,0,0,0,0,0,45,lru,0,0,0,0,0,0,16,16,16,0,0,0,1
request,77,0,46,0,decode,-1,0,0,0,0,0,0,0,0,0,0,0,0,0,0,0,0,0,0,0,0,,608,17,0,0,6,0,0,0,0,0,0,0,0
layer,78,0,48,1025,decode,40,8,8,0,0,0,889,0,0,0,0,21,10,2,0,0,0,0,0,0,45,lru,0,0,0,0,0,0,8,8,8,0,0,0,0
request,78,0,48,0,decode,-1,0,0,0,0,0,0,0,0,0,0,0,0,0,0,0,0,0,0,0,0,,1316,21,0,0,8,0,0,0,0,0,0,0,0
request,79,0,48,0,decode,-1,0,0,0,0,0,0,0,0,0,0,0,0,0,0,0,0,0,0,0,0,,9229,6,0,0,6,0,0,0,0,0,0,0,0
layer,80,0,48,1025,decode,40,15,15,0,0,0,152,0,0,0,0,25,12,2,0,0,0,0,0,0,45,lru,0,0,0,0,0,0,16,16,16,0,0,0,1
request,80,0,48,0,decode,-1,0,0,0,0,0,0,0,0,0,0,0,0,0,0,0,0,0,0,0,0,,615,18,0,0,6,0,0,0,0,0,0,0,0
layer,81,0,50,1025,decode,40,8,8,0,0,0,887,0,0,0,0,21,10,2,0,0,0,0,0,0,45,lru,0,0,0,0,0,0,8,8,8,0,0,0,1
request,81,0,50,0,decode,-1,0,0,0,0,0,0,0,0,0,0,0,0,0,0,0,0,0,0,0,0,,1318,19,0,0,7,0,0,0,0,0,0,0,0
request,82,0,50,0,decode,-1,0,0,0,0,0,0,0,0,0,0,0,0,0,0,0,0,0,0,0,0,,9231,8,0,0,7,0,0,0,0,0,0,0,0
layer,83,0,50,1025,decode,40,15,15,0,0,0,151,0,0,0,0,25,12,2,0,0,0,0,0,0,45,lru,0,0,0,0,0,0,16,16,16,0,0,0,1
request,83,0,50,0,decode,-1,0,0,0,0,0,0,0,0,0,0,0,0,0,0,0,0,0,0,0,0,,625,26,0,0,13,0,0,0,0,0,0,0,0
layer,84,0,52,1025,decode,40,8,7,1,886,581,855,76,1,0,1,1011,10,14,0,0,0,0,0,0,45,lru,0,0,0,0,0,0,8,7,8,0,1,0,1
request,84,0,52,0,decode,-1,0,0,0,0,0,0,0,0,0,0,0,0,0,0,0,0,0,0,0,0,,2436,26,0,0,8,0,0,0,0,0,0,0,0
request,85,0,52,0,decode,-1,0,0,0,0,0,0,0,0,0,0,0,0,0,0,0,0,0,0,0,0,,9237,7,0,0,6,0,0,0,0,0,0,0,0
layer,86,0,52,1025,decode,40,16,16,0,0,0,156,0,0,0,0,26,12,2,0,0,0,0,0,0,45,lru,0,0,0,0,0,0,16,16,16,0,0,0,1
request,86,0,52,0,decode,-1,0,0,0,0,0,0,0,0,0,0,0,0,0,0,0,0,0,0,0,0,,628,19,0,0,6,0,0,0,0,0,0,0,0
layer,87,0,53,1025,decode,40,8,8,0,0,0,889,0,0,0,0,21,10,2,0,0,0,0,0,0,45,lru,0,0,0,0,0,0,8,8,8,0,0,0,1
request,87,0,53,0,decode,-1,0,0,0,0,0,0,0,0,0,0,0,0,0,0,0,0,0,0,0,0,,1316,20,0,0,8,0,0,0,0,0,0,0,0
request,88,0,53,0,decode,-1,0,0,0,0,0,0,0,0,0,0,0,0,0,0,0,0,0,0,0,0,,9220,7,0,0,6,0,0,0,0,0,0,0,0
layer,89,0,53,1025,decode,40,15,15,0,0,0,151,0,0,0,0,25,12,2,0,0,0,0,0,0,45,lru,0,0,0,0,0,0,16,16,16,0,0,0,1
request,89,0,53,0,decode,-1,0,0,0,0,0,0,0,0,0,0,0,0,0,0,0,0,0,0,0,0,,618,18,0,0,6,0,0,0,0,0,0,0,0
layer,90,0,55,1025,decode,40,8,8,0,0,0,896,0,0,0,0,21,10,2,0,0,0,0,0,0,45,lru,0,0,0,0,0,0,8,8,8,0,0,0,1
request,90,0,55,0,decode,-1,0,0,0,0,0,0,0,0,0,0,0,0,0,0,0,0,0,0,0,0,,1319,20,0,0,8,0,0,0,0,0,0,0,0
request,91,0,55,0,decode,-1,0,0,0,0,0,0,0,0,0,0,0,0,0,0,0,0,0,0,0,0,,9242,8,0,0,7,0,0,0,0,0,0,0,0
layer,92,0,55,1025,decode,40,16,16,0,0,0,159,0,0,0,0,26,12,2,0,0,0,0,0,0,45,lru,0,0,0,0,0,0,16,16,16,0,0,0,1
request,92,0,55,0,decode,-1,0,0,0,0,0,0,0,0,0,0,0,0,0,0,0,0,0,0,0,0,,625,19,0,0,7,0,0,0,0,0,0,0,0
layer,93,0,57,1025,decode,40,8,8,0,0,0,886,0,0,0,0,22,10,2,0,0,0,0,0,0,45,lru,0,0,0,0,0,0,8,8,8,0,0,0,1
request,93,0,57,0,decode,-1,0,0,0,0,0,0,0,0,0,0,0,0,0,0,0,0,0,0,0,0,,1318,20,0,0,8,0,0,0,0,0,0,0,0
request,94,0,57,0,decode,-1,0,0,0,0,0,0,0,0,0,0,0,0,0,0,0,0,0,0,0,0,,9234,7,0,0,7,0,0,0,0,0,0,0,0
layer,95,0,57,1025,decode,40,16,15,1,902,566,115,59,1,0,1,1005,12,8,0,0,0,0,0,0,45,lru,0,0,0,0,0,0,16,15,16,0,1,0,1
request,95,0,57,0,decode,-1,0,0,0,0,0,0,0,0,0,0,0,0,0,0,0,0,0,0,0,0,,1739,23,0,0,7,0,0,0,0,0,0,0,0
layer,96,0,59,1025,decode,40,8,8,0,0,0,885,0,0,0,0,22,11,2,0,0,0,0,0,0,45,lru,0,0,0,0,0,0,8,8,8,0,0,0,1
request,96,0,59,0,decode,-1,0,0,0,0,0,0,0,0,0,0,0,0,0,0,0,0,0,0,0,0,,1324,20,0,0,8,0,0,0,0,0,0,0,0
request,97,0,59,0,decode,-1,0,0,0,0,0,0,0,0,0,0,0,0,0,0,0,0,0,0,0,0,,9230,7,0,0,7,0,0,0,0,0,0,0,0
layer,98,0,59,1025,decode,40,16,16,0,0,0,155,0,0,0,0,25,11,2,0,0,0,0,0,0,45,lru,0,0,0,0,0,0,16,16,16,0,0,0,1
request,98,0,59,0,decode,-1,0,0,0,0,0,0,0,0,0,0,0,0,0,0,0,0,0,0,0,0,,623,18,0,0,6,0,0,0,0,0,0,0,0
layer,99,0,61,1025,decode,40,8,8,0,0,0,890,0,0,0,0,20,10,2,0,0,0,0,0,0,45,lru,0,0,0,0,0,0,8,8,8,0,0,0,1
request,99,0,61,0,decode,-1,0,0,0,0,0,0,0,0,0,0,0,0,0,0,0,0,0,0,0,0,,1326,21,0,0,8,0,0,0,0,0,0,0,0
request,100,0,61,0,decode,-1,0,0,0,0,0,0,0,0,0,0,0,0,0,0,0,0,0,0,0,0,,9236,7,0,0,7,0,0,0,0,0,0,0,0
layer,101,0,61,1025,decode,40,15,14,1,901,572,112,57,1,0,1,1031,11,18,0,0,0,0,0,0,45,lru,0,0,0,0,0,0,16,15,16,0,1,0,1
request,101,0,61,0,decode,-1,0,0,0,0,0,0,0,0,0,0,0,0,0,0,0,0,0,0,0,0,,1757,23,0,0,6,0,0,0,0,0,0,0,0
layer,102,0,63,1025,decode,40,8,8,0,0,0,892,0,0,0,0,22,11,2,0,0,0,0,0,0,45,lru,0,0,0,0,0,0,8,8,8,0,0,0,1
request,102,0,63,0,decode,-1,0,0,0,0,0,0,0,0,0,0,0,0,0,0,0,0,0,0,0,0,,1329,21,0,0,8,0,0,0,0,0,0,0,0
request,103,0,63,0,decode,-1,0,0,0,0,0,0,0,0,0,0,0,0,0,0,0,0,0,0,0,0,,9233,7,0,0,6,0,0,0,0,0,0,0,0
layer,104,0,63,1025,decode,40,13,10,3,2990,1751,104,153,3,0,3,3204,11,14,0,0,0,0,0,0,45,lru,0,0,0,0,0,0,16,13,16,0,3,0,1
request,104,0,63,0,decode,-1,0,0,0,0,0,0,0,0,0,0,0,0,0,0,0,0,0,0,0,0,,3951,33,0,0,7,0,0,0,0,0,0,0,0
layer,105,0,64,1025,decode,40,8,4,4,3925,2416,830,259,1,0,1,4228,11,17,0,0,0,0,0,0,45,lru,0,0,0,0,0,0,8,4,8,0,4,0,1
request,105,0,64,0,decode,-1,0,0,0,0,0,0,0,0,0,0,0,0,0,0,0,0,0,0,0,0,,5702,39,0,0,8,0,0,0,0,0,0,0,0
request,106,0,64,0,decode,-1,0,0,0,0,0,0,0,0,0,0,0,0,0,0,0,0,0,0,0,0,,9245,18,0,0,18,0,0,0,0,0,0,0,0
layer,107,0,64,1025,decode,40,16,16,0,0,0,155,0,0,0,0,27,12,2,0,0,0,0,0,0,45,lru,0,0,0,0,0,0,16,16,16,0,0,0,1
request,107,0,64,0,decode,-1,0,0,0,0,0,0,0,0,0,0,0,0,0,0,0,0,0,0,0,0,,639,19,0,0,7,0,0,0,0,0,0,0,0
layer,108,0,66,1025,decode,40,8,8,0,0,0,898,0,0,0,0,21,10,2,0,0,0,0,0,0,45,lru,0,0,0,0,0,0,8,8,8,0,0,0,1
request,108,0,66,0,decode,-1,0,0,0,0,0,0,0,0,0,0,0,0,0,0,0,0,0,0,0,0,,1328,20,0,0,7,0,0,0,0,0,0,0,0
request,109,0,66,0,decode,-1,0,0,0,0,0,0,0,0,0,0,0,0,0,0,0,0,0,0,0,0,,9236,7,0,0,6,0,0,0,0,0,0,0,0
layer,110,0,66,1025,decode,40,16,15,1,907,590,90,53,1,0,1,1014,12,12,0,0,0,0,0,0,45,lru,0,0,0,0,0,0,16,15,16,0,1,0,1
request,110,0,66,0,decode,-1,0,0,0,0,0,0,0,0,0,0,0,0,0,0,0,0,0,0,0,0,,1739,22,0,0,6,0,0,0,0,0,0,0,0
layer,111,0,68,1025,decode,40,8,7,1,959,612,854,48,1,0,1,1085,10,8,0,0,0,0,0,0,45,lru,0,0,0,0,0,0,8,7,8,0,1,0,1
request,111,0,68,0,decode,-1,0,0,0,0,0,0,0,0,0,0,0,0,0,0,0,0,0,0,0,0,,2516,25,0,0,8,0,0,0,0,0,0,0,0
request,112,0,68,0,decode,-1,0,0,0,0,0,0,0,0,0,0,0,0,0,0,0,0,0,0,0,0,,9241,7,0,0,6,0,0,0,0,0,0,0,0
layer,113,0,68,1025,decode,40,15,11,4,3980,2368,123,264,1,0,1,4327,12,19,0,0,0,0,0,0,45,lru,0,0,0,0,0,0,16,12,16,0,4,0,1
request,113,0,68,0,decode,-1,0,0,0,0,0,0,0,0,0,0,0,0,0,0,0,0,0,0,0,0,,5018,40,0,0,9,0,0,0,0,0,0,0,0
layer,114,0,69,1025,decode,40,8,7,1,914,608,839,66,1,0,1,1042,12,21,0,0,0,0,0,0,45,lru,0,0,0,0,0,0,8,7,8,0,1,0,1
request,114,0,69,0,decode,-1,0,0,0,0,0,0,0,0,0,0,0,0,0,0,0,0,0,0,0,0,,2480,26,0,0,9,0,0,0,0,0,0,0,0
request,115,0,69,0,decode,-1,0,0,0,0,0,0,0,0,0,0,0,0,0,0,0,0,0,0,0,0,,9243,8,0,0,7,0,0,0,0,0,0,0,0
layer,116,0,69,1025,decode,40,9,9,0,0,0,124,0,0,0,0,25,12,2,0,0,0,0,0,0,45,lru,0,0,0,0,0,0,16,16,16,0,0,0,1
request,116,0,69,0,decode,-1,0,0,0,0,0,0,0,0,0,0,0,0,0,0,0,0,0,0,0,0,,601,19,0,0,6,0,0,0,0,0,0,0,0
layer,117,0,70,1025,decode,40,8,7,1,938,611,852,72,1,0,1,1084,10,16,0,0,0,0,0,0,45,lru,0,0,0,0,0,0,8,7,8,0,1,0,1
request,117,0,70,0,decode,-1,0,0,0,0,0,0,0,0,0,0,0,0,0,0,0,0,0,0,0,0,,2518,25,0,0,8,0,0,0,0,0,0,0,0
request,118,0,70,0,decode,-1,0,0,0,0,0,0,0,0,0,0,0,0,0,0,0,0,0,0,0,0,,9229,9,0,0,8,0,0,0,0,0,0,0,0
layer,119,0,70,1025,decode,40,13,12,1,901,586,94,105,1,0,1,1000,13,10,0,0,0,0,0,0,45,lru,0,0,0,0,0,0,16,15,16,0,1,0,1
request,119,0,70,0,decode,-1,0,0,0,0,0,0,0,0,0,0,0,0,0,0,0,0,0,0,0,0,,1729,23,0,0,6,0,0,0,0,0,0,0,0
layer,120,0,72,1025,decode,40,8,8,0,0,0,898,0,0,0,0,23,11,2,0,0,0,0,0,0,45,lru,0,0,0,0,0,0,8,8,8,0,0,0,1
request,120,0,72,0,decode,-1,0,0,0,0,0,0,0,0,0,0,0,0,0,0,0,0,0,0,0,0,,1326,20,0,0,8,0,0,0,0,0,0,0,0
request,121,0,72,0,decode,-1,0,0,0,0,0,0,0,0,0,0,0,0,0,0,0,0,0,0,0,0,,9233,7,0,0,6,0,0,0,0,0,0,0,0
layer,122,0,72,1025,decode,40,15,13,2,1963,1176,113,120,1,0,1,2129,12,10,0,0,0,0,0,0,45,lru,0,0,0,0,0,0,16,14,16,0,2,0,1
request,122,0,72,0,decode,-1,0,0,0,0,0,0,0,0,0,0,0,0,0,0,0,0,0,0,0,0,,2868,28,0,0,6,0,0,0,0,0,0,0,0
layer,123,0,73,1025,decode,40,8,8,0,0,0,901,0,0,0,0,22,11,2,0,0,0,0,0,0,45,lru,0,0,0,0,0,0,8,8,8,0,0,0,1
request,123,0,73,0,decode,-1,0,0,0,0,0,0,0,0,0,0,0,0,0,0,0,0,0,0,0,0,,1348,21,0,0,8,0,0,0,0,0,0,0,0
request,124,0,73,0,decode,-1,0,0,0,0,0,0,0,0,0,0,0,0,0,0,0,0,0,0,0,0,,9227,8,0,0,7,0,0,0,0,0,0,0,0
layer,125,0,73,1025,decode,40,16,16,0,0,0,157,0,0,0,0,27,12,2,0,0,0,0,0,0,45,lru,0,0,0,0,0,0,16,16,16,0,0,0,1
request,125,0,73,0,decode,-1,0,0,0,0,0,0,0,0,0,0,0,0,0,0,0,0,0,0,0,0,,625,19,0,0,6,0,0,0,0,0,0,0,0
layer,126,0,75,1025,decode,40,8,7,1,914,569,855,40,1,0,1,1033,11,15,0,0,0,0,0,0,45,lru,0,0,0,0,0,0,8,7,8,0,1,0,1
request,126,0,75,0,decode,-1,0,0,0,0,0,0,0,0,0,0,0,0,0,0,0,0,0,0,0,0,,2464,26,0,0,8,0,0,0,0,0,0,0,0
request,127,0,75,0,decode,-1,0,0,0,0,0,0,0,0,0,0,0,0,0,0,0,0,0,0,0,0,,9232,7,0,0,7,0,0,0,0,0,0,0,0
layer,128,0,75,1025,decode,40,11,8,3,5695,1195,81,117,1,0,1,5862,12,3,0,0,0,0,0,0,45,lru,0,0,0,0,0,0,16,13,16,0,3,0,1
request,128,0,75,0,decode,-1,0,0,0,0,0,0,0,0,0,0,0,0,0,0,0,0,0,0,0,0,,6628,33,0,0,7,0,0,0,0,0,0,0,0
layer,129,0,76,1025,decode,40,8,7,1,494,345,835,23,1,0,1,586,11,8,0,0,0,0,0,0,45,lru,0,0,0,0,0,0,8,7,8,0,1,0,1
request,129,0,76,0,decode,-1,0,0,0,0,0,0,0,0,0,0,0,0,0,0,0,0,0,0,0,0,,2027,25,0,0,7,0,0,0,0,0,0,0,0
request,130,0,76,0,decode,-1,0,0,0,0,0,0,0,0,0,0,0,0,0,0,0,0,0,0,0,0,,9239,16,0,0,16,0,0,0,0,0,0,0,0
layer,131,0,76,1025,decode,40,15,15,0,0,0,150,0,0,0,0,26,12,2,0,0,0,0,0,0,45,lru,0,0,0,0,0,0,16,16,16,0,0,0,1
request,131,0,76,0,decode,-1,0,0,0,0,0,0,0,0,0,0,0,0,0,0,0,0,0,0,0,0,,620,18,0,0,6,0,0,0,0,0,0,0,0
layer,132,0,78,1025,decode,40,8,4,4,4059,2378,855,222,2,0,2,4337,10,14,0,0,0,0,0,0,45,lru,0,0,0,0,0,0,8,4,8,0,4,0,1
request,132,0,78,0,decode,-1,0,0,0,0,0,0,0,0,0,0,0,0,0,0,0,0,0,0,0,0,,5819,39,0,0,8,0,0,0,0,0,0,0,0
request,133,0,78,0,decode,-1,0,0,0,0,0,0,0,0,0,0,0,0,0,0,0,0,0,0,0,0,,9231,7,0,0,6,0,0,0,0,0,0,0,0
layer,134,0,78,1025,decode,40,15,13,2,2159,1227,90,169,2,0,2,2339,12,13,0,0,0,0,0,0,45,lru,0,0,0,0,0,0,16,14,16,0,2,0,1
request,134,0,78,0,decode,-1,0,0,0,0,0,0,0,0,0,0,0,0,0,0,0,0,0,0,0,0,,3086,27,0,0,6,0,0,0,0,0,0,0,0
layer,135,0,80,1025,decode,40,8,8,0,0,0,906,0,0,0,0,22,11,2,0,0,0,0,0,0,45,lru,0,0,0,0,0,0,8,8,8,0,0,0,1
request,135,0,80,0,decode,-1,0,0,0,0,0,0,0,0,0,0,0,0,0,0,0,0,0,0,0,0,,1343,21,0,0,8,0,0,0,0,0,0,0,0
request,136,0,80,0,decode,-1,0,0,0,0,0,0,0,0,0,0,0,0,0,0,0,0,0,0,0,0,,9233,7,0,0,7,0,0,0,0,0,0,0,0
layer,137,0,80,1025,decode,40,15,15,0,0,0,152,0,0,0,0,26,12,2,0,0,0,0,0,0,45,lru,0,0,0,0,0,0,16,16,16,0,0,0,1
request,137,0,80,0,decode,-1,0,0,0,0,0,0,0,0,0,0,0,0,0,0,0,0,0,0,0,0,,617,19,0,0,6,0,0,0,0,0,0,0,0
layer,138,0,82,1025,decode,40,8,8,0,0,0,900,0,0,0,0,22,10,2,0,0,0,0,0,0,45,lru,0,0,0,0,0,0,8,8,8,0,0,0,1
request,138,0,82,0,decode,-1,0,0,0,0,0,0,0,0,0,0,0,0,0,0,0,0,0,0,0,0,,1326,20,0,0,7,0,0,0,0,0,0,0,0
request,139,0,82,0,decode,-1,0,0,0,0,0,0,0,0,0,0,0,0,0,0,0,0,0,0,0,0,,9239,7,0,0,7,0,0,0,0,0,0,0,0
layer,140,0,82,1025,decode,40,15,15,0,0,0,151,0,0,0,0,25,12,2,0,0,0,0,0,0,45,lru,0,0,0,0,0,0,16,16,16,0,0,0,1
request,140,0,82,0,decode,-1,0,0,0,0,0,0,0,0,0,0,0,0,0,0,0,0,0,0,0,0,,610,18,0,0,5,0,0,0,0,0,0,0,0
layer,141,0,84,1025,decode,40,8,7,1,887,618,866,163,1,0,1,1099,11,21,0,0,0,0,0,0,45,lru,0,0,0,0,0,0,8,7,8,0,1,0,1
request,141,0,84,0,decode,-1,0,0,0,0,0,0,0,0,0,0,0,0,0,0,0,0,0,0,0,0,,2477,25,0,0,8,0,0,0,0,0,0,0,0
request,142,0,84,0,decode,-1,0,0,0,0,0,0,0,0,0,0,0,0,0,0,0,0,0,0,0,0,,9234,7,0,0,6,0,0,0,0,0,0,0,0
layer,143,0,84,1025,decode,40,15,14,1,8280,480,88,18,1,0,1,8352,12,3,0,0,0,0,0,0,45,lru,0,0,0,0,0,0,16,15,16,0,1,0,1
request,143,0,84,0,decode,-1,0,0,0,0,0,0,0,0,0,0,0,0,0,0,0,0,0,0,0,0,,9071,24,0,0,7,0,0,0,0,0,0,0,0
layer,144,0,86,1025,decode,40,8,8,0,0,0,893,0,0,0,0,22,10,2,0,0,0,0,0,0,45,lru,0,0,0,0,0,0,8,8,8,0,0,0,1
request,144,0,86,0,decode,-1,0,0,0,0,0,0,0,0,0,0,0,0,0,0,0,0,0,0,0,0,,1322,20,0,0,8,0,0,0,0,0,0,0,0
request,145,0,86,0,decode,-1,0,0,0,0,0,0,0,0,0,0,0,0,0,0,0,0,0,0,0,0,,9234,7,0,0,6,0,0,0,0,0,0,0,0
layer,146,0,86,1025,decode,40,15,15,0,0,0,150,0,0,0,0,27,12,2,0,0,0,0,0,0,45,lru,0,0,0,0,0,0,16,16,16,0,0,0,1
request,146,0,86,0,decode,-1,0,0,0,0,0,0,0,0,0,0,0,0,0,0,0,0,0,0,0,0,,618,19,0,0,6,0,0,0,0,0,0,0,0
layer,147,0,88,1025,decode,40,8,8,0,0,0,897,0,0,0,0,21,10,2,0,0,0,0,0,0,45,lru,0,0,0,0,0,0,8,8,8,0,0,0,1
request,147,0,88,0,decode,-1,0,0,0,0,0,0,0,0,0,0,0,0,0,0,0,0,0,0,0,0,,1316,20,0,0,7,0,0,0,0,0,0,0,0
request,148,0,88,0,decode,-1,0,0,0,0,0,0,0,0,0,0,0,0,0,0,0,0,0,0,0,0,,9229,7,0,0,7,0,0,0,0,0,0,0,0
layer,149,0,88,1025,decode,40,14,14,0,0,0,146,0,0,0,0,25,12,2,0,0,0,0,0,0,45,lru,0,0,0,0,0,0,16,16,16,0,0,0,1
request,149,0,88,0,decode,-1,0,0,0,0,0,0,0,0,0,0,0,0,0,0,0,0,0,0,0,0,,601,18,0,0,6,0,0,0,0,0,0,0,0
layer,150,0,90,1025,decode,40,8,7,1,572,311,840,8,1,0,1,634,10,3,0,0,0,0,0,0,45,lru,0,0,0,0,0,0,8,7,8,0,1,0,1
request,150,0,90,0,decode,-1,0,0,0,0,0,0,0,0,0,0,0,0,0,0,0,0,0,0,0,0,,2068,24,0,0,7,0,0,0,0,0,0,0,0
request,151,0,90,0,decode,-1,0,0,0,0,0,0,0,0,0,0,0,0,0,0,0,0,0,0,0,0,,9233,7,0,0,6,0,0,0,0,0,0,0,0
layer,152,0,90,1025,decode,40,14,12,2,1058,640,106,48,1,0,1,1163,12,6,0,0,0,0,0,0,45,lru,0,0,0,0,0,0,16,14,16,0,2,0,1
request,152,0,90,0,decode,-1,0,0,0,0,0,0,0,0,0,0,0,0,0,0,0,0,0,0,0,0,,1891,27,0,0,6,0,0,0,0,0,0,0,0
layer,153,0,92,1025,decode,40,8,8,0,0,0,904,0,0,0,0,23,11,2,0,0,0,0,0,0,45,lru,0,0,0,0,0,0,8,8,8,0,0,0,1
request,153,0,92,0,decode,-1,0,0,0,0,0,0,0,0,0,0,0,0,0,0,0,0,0,0,0,0,,1351,30,0,0,17,0,0,0,0,0,0,0,0
request,154,0,92,0,decode,-1,0,0,0,0,0,0,0,0,0,0,0,0,0,0,0,0,0,0,0,0,,9234,8,0,0,7,0,0,0,0,0,0,0,0
layer,155,0,92,1025,decode,40,16,16,0,0,0,156,0,0,0,0,32,12,2,0,0,0,0,0,0,45,lru,0,0,0,0,0,0,16,16,16,0,0,0,1
request,155,0,92,0,decode,-1,0,0,0,0,0,0,0,0,0,0,0,0,0,0,0,0,0,0,0,0,,631,18,0,0,6,0,0,0,0,0,0,0,0
layer,156,0,94,1025,decode,40,8,7,1,698,432,860,48,1,0,1,845,11,46,0,0,0,0,0,0,45,lru,0,0,0,0,0,0,8,7,8,0,1,0,0
request,156,0,94,0,decode,-1,0,0,0,0,0,0,0,0,0,0,0,0,0,0,0,0,0,0,0,0,,2213,25,0,0,7,0,0,0,0,0,0,0,0
request,157,0,94,0,decode,-1,0,0,0,0,0,0,0,0,0,0,0,0,0,0,0,0,0,0,0,0,,9235,7,0,0,7,0,0,0,0,0,0,0,0
layer,158,0,94,1025,decode,40,15,13,2,1830,1092,111,117,1,0,1,2036,13,16,0,0,0,0,0,0,45,lru,0,0,0,0,0,0,16,14,16,0,2,0,1
request,158,0,94,0,decode,-1,0,0,0,0,0,0,0,0,0,0,0,0,0,0,0,0,0,0,0,0,,2755,27,0,0,6,0,0,0,0,0,0,0,0
layer,159,0,95,1025,decode,40,8,8,0,0,0,903,0,0,0,0,21,10,2,0,0,0,0,0,0,45,lru,0,0,0,0,0,0,8,8,8,0,0,0,1
request,159,0,95,0,decode,-1,0,0,0,0,0,0,0,0,0,0,0,0,0,0,0,0,0,0,0,0,,1342,21,0,0,8,0,0,0,0,0,0,0,0
request,160,0,95,0,decode,-1,0,0,0,0,0,0,0,0,0,0,0,0,0,0,0,0,0,0,0,0,,9223,7,0,0,7,0,0,0,0,0,0,0,0
layer,161,0,95,1025,decode,40,15,15,0,0,0,151,0,0,0,0,26,12,2,0,0,0,0,0,0,45,lru,0,0,0,0,0,0,16,16,16,0,0,0,1
request,161,0,95,0,decode,-1,0,0,0,0,0,0,0,0,0,0,0,0,0,0,0,0,0,0,0,0,,612,18,0,0,6,0,0,0,0,0,0,0,0
layer,162,0,97,1025,decode,40,8,8,0,0,0,897,0,0,0,0,21,10,2,0,0,0,0,0,0,45,lru,0,0,0,0,0,0,8,8,8,0,0,0,1
request,162,0,97,0,decode,-1,0,0,0,0,0,0,0,0,0,0,0,0,0,0,0,0,0,0,0,0,,1321,21,0,0,8,0,0,0,0,0,0,0,0
request,163,0,97,0,decode,-1,0,0,0,0,0,0,0,0,0,0,0,0,0,0,0,0,0,0,0,0,,9227,8,0,0,7,0,0,0,0,0,0,0,0
layer,164,0,97,1025,decode,40,13,12,1,956,563,105,43,1,0,1,1075,11,11,0,0,0,0,0,0,45,lru,0,0,0,0,0,0,16,15,16,0,1,0,1
request,164,0,97,0,decode,-1,0,0,0,0,0,0,0,0,0,0,0,0,0,0,0,0,0,0,0,0,,1787,23,0,0,6,0,0,0,0,0,0,0,0
layer,165,0,98,1025,decode,40,8,8,0,0,0,898,0,0,0,0,21,10,2,0,0,0,0,0,0,45,lru,0,0,0,0,0,0,8,8,8,0,0,0,1
request,165,0,98,0,decode,-1,0,0,0,0,0,0,0,0,0,0,0,0,0,0,0,0,0,0,0,0,,1339,21,0,0,8,0,0,0,0,0,0,0,0
request,166,0,98,0,decode,-1,0,0,0,0,0,0,0,0,0,0,0,0,0,0,0,0,0,0,0,0,,9229,7,0,0,6,0,0,0,0,0,0,0,0
layer,167,0,98,1025,decode,40,15,15,0,0,0,151,0,0,0,0,26,12,2,0,0,0,0,0,0,45,lru,0,0,0,0,0,0,16,16,16,0,0,0,1
request,167,0,98,0,decode,-1,0,0,0,0,0,0,0,0,0,0,0,0,0,0,0,0,0,0,0,0,,618,18,0,0,6,0,0,0,0,0,0,0,0
layer,168,0,100,1025,decode,40,8,8,0,0,0,894,0,0,0,0,21,10,2,0,0,0,0,0,0,45,lru,0,0,0,0,0,0,8,8,8,0,0,0,1
request,168,0,100,0,decode,-1,0,0,0,0,0,0,0,0,0,0,0,0,0,0,0,0,0,0,0,0,,1314,21,0,0,8,0,0,0,0,0,0,0,0
request,169,0,100,0,decode,-1,0,0,0,0,0,0,0,0,0,0,0,0,0,0,0,0,0,0,0,0,,9230,7,0,0,6,0,0,0,0,0,0,0,0
layer,170,0,100,1025,decode,40,15,15,0,0,0,151,0,0,0,0,25,11,2,0,0,0,0,0,0,45,lru,0,0,0,0,0,0,16,16,16,0,0,0,1
request,170,0,100,0,decode,-1,0,0,0,0,0,0,0,0,0,0,0,0,0,0,0,0,0,0,0,0,,606,18,0,0,6,0,0,0,0,0,0,0,0
layer,171,0,102,1025,decode,40,8,7,1,897,610,852,74,1,0,1,1013,10,11,0,0,0,0,0,0,45,lru,0,0,0,0,0,0,8,7,8,0,1,0,1
request,171,0,102,0,decode,-1,0,0,0,0,0,0,0,0,0,0,0,0,0,0,0,0,0,0,0,0,,2440,25,0,0,8,0,0,0,0,0,0,0,0
request,172,0,102,0,decode,-1,0,0,0,0,0,0,0,0,0,0,0,0,0,0,0,0,0,0,0,0,,9231,7,0,0,7,0,0,0,0,0,0,0,0
layer,173,0,102,1025,decode,40,14,14,0,0,0,146,0,0,0,0,27,12,2,0,0,0,0,0,0,45,lru,0,0,0,0,0,0,16,16,16,0,0,0,1
request,173,0,102,0,decode,-1,0,0,0,0,0,0,0,0,0,0,0,0,0,0,0,0,0,0,0,0,,613,18,0,0,6,0,0,0,0,0,0,0,0
layer,174,0,104,1025,decode,40,8,7,1,982,579,839,49,1,0,1,1093,10,7,0,0,0,0,0,0,45,lru,0,0,0,0,0,0,8,7,8,0,1,0,1
request,174,0,104,0,decode,-1,0,0,0,0,0,0,0,0,0,0,0,0,0,0,0,0,0,0,0,0,,2497,25,0,0,7,0,0,0,0,0,0,0,0
request,175,0,104,0,decode,-1,0,0,0,0,0,0,0,0,0,0,0,0,0,0,0,0,0,0,0,0,,9232,7,0,0,6,0,0,0,0,0,0,0,0
layer,176,0,104,1025,decode,40,14,14,0,0,0,147,0,0,0,0,26,12,2,0,0,0,0,0,0,45,lru,0,0,0,0,0,0,16,16,16,0,0,0,1
request,176,0,104,0,decode,-1,0,0,0,0,0,0,0,0,0,0,0,0,0,0,0,0,0,0,0,0,,612,18,0,0,6,0,0,0,0,0,0,0,0
layer,177,0,105,1025,decode,40,8,8,0,0,0,900,0,0,0,0,21,10,2,0,0,0,0,0,0,45,lru,0,0,0,0,0,0,8,8,8,0,0,0,1
request,177,0,105,0,decode,-1,0,0,0,0,0,0,0,0,0,0,0,0,0,0,0,0,0,0,0,0,,1323,30,0,0,17,0,0,0,0,0,0,0,0
request,178,0,105,0,decode,-1,0,0,0,0,0,0,0,0,0,0,0,0,0,0,0,0,0,0,0,0,,9231,8,0,0,7,0,0,0,0,0,0,0,0
layer,179,0,105,1025,decode,40,16,15,1,973,603,91,70,1,0,1,1092,15,8,0,0,0,0,0,0,45,lru,0,0,0,0,0,0,16,15,16,0,1,0,1
request,179,0,105,0,decode,-1,0,0,0,0,0,0,0,0,0,0,0,0,0,0,0,0,0,0,0,0,,1796,23,0,0,6,0,0,0,0,0,0,0,0
layer,180,0,106,1025,decode,40,8,8,0,0,0,891,0,0,0,0,21,11,2,0,0,0,0,0,0,45,lru,0,0,0,0,0,0,8,8,8,0,0,0,1
request,180,0,106,0,decode,-1,0,0,0,0,0,0,0,0,0,0,0,0,0,0,0,0,0,0,0,0,,1319,20,0,0,8,0,0,0,0,0,0,0,0
request,181,0,106,0,decode,-1,0,0,0,0,0,0,0,0,0,0,0,0,0,0,0,0,0,0,0,0,,9225,7,0,0,7,0,0,0,0,0,0,0,0
layer,182,0,106,1025,decode,40,15,14,1,970,572,113,86,1,0,1,1105,12,16,0,0,0,0,0,0,45,lru,0,0,0,0,0,0,16,15,16,0,1,0,1
request,182,0,106,0,decode,-1,0,0,0,0,0,0,0,0,0,0,0,0,0,0,0,0,0,0,0,0,,1824,23,0,0,6,0,0,0,0,0,0,0,0
layer,183,0,108,1025,decode,40,8,8,0,0,0,896,0,0,0,0,22,10,2,0,0,0,0,0,0,45,lru,0,0,0,0,0,0,8,8,8,0,0,0,1
request,183,0,108,0,decode,-1,0,0,0,0,0,0,0,0,0,0,0,0,0,0,0,0,0,0,0,0,,1332,20,0,0,7,0,0,0,0,0,0,0,0
request,184,0,108,0,decode,-1,0,0,0,0,0,0,0,0,0,0,0,0,0,0,0,0,0,0,0,0,,9237,7,0,0,6,0,0,0,0,0,0,0,0
layer,185,0,108,1025,decode,40,14,14,0,0,0,147,0,0,0,0,26,12,2,0,0,0,0,0,0,45,lru,0,0,0,0,0,0,16,16,16,0,0,0,1
request,185,0,108,0,decode,-1,0,0,0,0,0,0,0,0,0,0,0,0,0,0,0,0,0,0,0,0,,611,18,0,0,6,0,0,0,0,0,0,0,0
layer,186,0,110,1025,decode,40,8,8,0,0,0,901,0,0,0,0,22,10,2,0,0,0,0,0,0,45,lru,0,0,0,0,0,0,8,8,8,0,0,0,1
request,186,0,110,0,decode,-1,0,0,0,0,0,0,0,0,0,0,0,0,0,0,0,0,0,0,0,0,,1322,20,0,0,8,0,0,0,0,0,0,0,0
request,187,0,110,0,decode,-1,0,0,0,0,0,0,0,0,0,0,0,0,0,0,0,0,0,0,0,0,,9229,7,0,0,7,0,0,0,0,0,0,0,0
layer,188,0,110,1025,decode,40,15,15,0,0,0,150,0,0,0,0,25,11,2,0,0,0,0,0,0,45,lru,0,0,0,0,0,0,16,16,16,0,0,0,1
request,188,0,110,0,decode,-1,0,0,0,0,0,0,0,0,0,0,0,0,0,0,0,0,0,0,0,0,,614,19,0,0,7,0,0,0,0,0,0,0,0
layer,189,0,112,1025,decode,40,8,8,0,0,0,899,0,0,0,0,21,10,2,0,0,0,0,0,0,45,lru,0,0,0,0,0,0,8,8,8,0,0,0,1
request,189,0,112,0,decode,-1,0,0,0,0,0,0,0,0,0,0,0,0,0,0,0,0,0,0,0,0,,1326,19,0,0,7,0,0,0,0,0,0,0,0
request,190,0,112,0,decode,-1,0,0,0,0,0,0,0,0,0,0,0,0,0,0,0,0,0,0,0,0,,9228,7,0,0,6,0,0,0,0,0,0,0,0
layer,191,0,112,1025,decode,40,15,15,0,0,0,151,0,0,0,0,25,11,2,0,0,0,0,0,0,45,lru,0,0,0,0,0,0,16,16,16,0,0,0,1
request,191,0,112,0,decode,-1,0,0,0,0,0,0,0,0,0,0,0,0,0,0,0,0,0,0,0,0,,602,18,0,0,6,0,0,0,0,0,0,0,0
layer,192,0,114,1025,decode,40,8,8,0,0,0,897,0,0,0,0,21,10,2,0,0,0,0,0,0,45,lru,0,0,0,0,0,0,8,8,8,0,0,0,1
request,192,0,114,0,decode,-1,0,0,0,0,0,0,0,0,0,0,0,0,0,0,0,0,0,0,0,0,,1312,20,0,0,7,0,0,0,0,0,0,0,0
request,193,0,114,0,decode,-1,0,0,0,0,0,0,0,0,0,0,0,0,0,0,0,0,0,0,0,0,,9228,7,0,0,6,0,0,0,0,0,0,0,0
layer,194,0,114,1025,decode,40,14,14,0,0,0,146,0,0,0,0,25,12,2,0,0,0,0,0,0,45,lru,0,0,0,0,0,0,16,16,16,0,0,0,1
request,194,0,114,0,decode,-1,0,0,0,0,0,0,0,0,0,0,0,0,0,0,0,0,0,0,0,0,,610,19,0,0,6,0,0,0,0,0,0,0,0
layer,195,0,116,1025,decode,40,8,8,0,0,0,899,0,0,0,0,21,10,2,0,0,0,0,0,0,45,lru,0,0,0,0,0,0,8,8,8,0,0,0,1
request,195,0,116,0,decode,-1,0,0,0,0,0,0,0,0,0,0,0,0,0,0,0,0,0,0,0,0,,1318,20,0,0,7,0,0,0,0,0,0,0,0
request,196,0,116,0,decode,-1,0,0,0,0,0,0,0,0,0,0,0,0,0,0,0,0,0,0,0,0,,9233,7,0,0,7,0,0,0,0,0,0,0,0
layer,197,0,116,1025,decode,40,15,15,0,0,0,150,0,0,0,0,25,11,2,0,0,0,0,0,0,45,lru,0,0,0,0,0,0,16,16,16,0,0,0,1
request,197,0,116,0,decode,-1,0,0,0,0,0,0,0,0,0,0,0,0,0,0,0,0,0,0,0,0,,608,18,0,0,6,0,0,0,0,0,0,0,0
layer,198,0,118,1025,decode,40,8,8,0,0,0,894,0,0,0,0,20,10,2,0,0,0,0,0,0,45,lru,0,0,0,0,0,0,8,8,8,0,0,0,1
request,198,0,118,0,decode,-1,0,0,0,0,0,0,0,0,0,0,0,0,0,0,0,0,0,0,0,0,,1314,21,0,0,8,0,0,0,0,0,0,0,0
request,199,0,118,0,decode,-1,0,0,0,0,0,0,0,0,0,0,0,0,0,0,0,0,0,0,0,0,,9228,7,0,0,7,0,0,0,0,0,0,0,0
layer,200,0,118,1025,decode,40,15,15,0,0,0,152,0,0,0,0,25,11,2,0,0,0,0,0,0,45,lru,0,0,0,0,0,0,16,16,16,0,0,0,1
request,200,0,118,0,decode,-1,0,0,0,0,0,0,0,0,0,0,0,0,0,0,0,0,0,0,0,0,,610,18,0,0,6,0,0,0,0,0,0,0,0
layer,201,0,120,1025,decode,40,8,8,0,0,0,897,0,0,0,0,20,10,2,0,0,0,0,0,0,45,lru,0,0,0,0,0,0,8,8,8,0,0,0,1
request,201,0,120,0,decode,-1,0,0,0,0,0,0,0,0,0,0,0,0,0,0,0,0,0,0,0,0,,1323,30,0,0,17,0,0,0,0,0,0,0,0
request,202,0,120,0,decode,-1,0,0,0,0,0,0,0,0,0,0,0,0,0,0,0,0,0,0,0,0,,9288,8,0,0,7,0,0,0,0,0,0,0,0
layer,203,0,120,1025,decode,40,14,14,0,0,0,146,0,0,0,0,26,12,2,0,0,0,0,0,0,45,lru,0,0,0,0,0,0,16,16,16,0,0,0,1
request,203,0,120,0,decode,-1,0,0,0,0,0,0,0,0,0,0,0,0,0,0,0,0,0,0,0,0,,606,18,0,0,6,0,0,0,0,0,0,0,0
layer,204,0,122,1025,decode,40,8,8,0,0,0,900,0,0,0,0,21,10,2,0,0,0,0,0,0,45,lru,0,0,0,0,0,0,8,8,8,0,0,0,1
request,204,0,122,0,decode,-1,0,0,0,0,0,0,0,0,0,0,0,0,0,0,0,0,0,0,0,0,,1316,20,0,0,8,0,0,0,0,0,0,0,0
request,205,0,122,0,decode,-1,0,0,0,0,0,0,0,0,0,0,0,0,0,0,0,0,0,0,0,0,,9226,7,0,0,6,0,0,0,0,0,0,0,0
layer,206,0,122,1025,decode,40,15,14,1,940,562,84,51,1,0,1,1075,12,10,0,0,0,0,0,0,45,lru,0,0,0,0,0,0,16,15,16,0,1,0,1
request,206,0,122,0,decode,-1,0,0,0,0,0,0,0,0,0,0,0,0,0,0,0,0,0,0,0,0,,1770,24,0,0,7,0,0,0,0,0,0,0,0
layer,207,0,124,1025,decode,40,8,8,0,0,0,907,0,0,0,0,21,10,2,0,0,0,0,0,0,45,lru,0,0,0,0,0,0,8,8,8,0,0,0,1
request,207,0,124,0,decode,-1,0,0,0,0,0,0,0,0,0,0,0,0,0,0,0,0,0,0,0,0,,1349,21,0,0,8,0,0,0,0,0,0,0,0
request,208,0,124,0,decode,-1,0,0,0,0,0,0,0,0,0,0,0,0,0,0,0,0,0,0,0,0,,9232,7,0,0,7,0,0,0,0,0,0,0,0
layer,209,0,124,1025,decode,40,15,15,0,0,0,152,0,0,0,0,26,12,2,0,0,0,0,0,0,45,lru,0,0,0,0,0,0,16,16,16,0,0,0,1
request,209,0,124,0,decode,-1,0,0,0,0,0,0,0,0,0,0,0,0,0,0,0,0,0,0,0,0,,620,19,0,0,7,0,0,0,0,0,0,0,0
layer,210,0,126,1025,decode,40,8,8,0,0,0,900,0,0,0,0,22,10,2,0,0,0,0,0,0,45,lru,0,0,0,0,0,0,8,8,8,0,0,0,1
request,210,0,126,0,decode,-1,0,0,0,0,0,0,0,0,0,0,0,0,0,0,0,0,0,0,0,0,,1337,21,0,0,9,0,0,0,0,0,0,0,0
request,211,0,126,0,decode,-1,0,0,0,0,0,0,0,0,0,0,0,0,0,0,0,0,0,0,0,0,,9235,7,0,0,7,0,0,0,0,0,0,0,0
layer,212,0,126,1025,decode,40,13,13,0,0,0,141,0,0,0,0,25,11,2,0,0,0,0,0,0,45,lru,0,0,0,0,0,0,16,16,16,0,0,0,1
request,212,0,126,0,decode,-1,0,0,0,0,0,0,0,0,0,0,0,0,0,0,0,0,0,0,0,0,,605,18,0,0,6,0,0,0,0,0,0,0,0
layer,213,0,128,1025,decode,40,8,8,0,0,0,900,0,0,0,0,21,10,2,0,0,0,0,0,0,45,lru,0,0,0,0,0,0,8,8,8,0,0,0,1
request,213,0,128,0,decode,-1,0,0,0,0,0,0,0,0,0,0,0,0,0,0,0,0,0,0,0,0,,1328,20,0,0,7,0,0,0,0,0,0,0,0
request,214,0,128,0,decode,-1,0,0,0,0,0,0,0,0,0,0,0,0,0,0,0,0,0,0,0,0,,9235,8,0,0,7,0,0,0,0,0,0,0,0
layer,215,0,128,1025,decode,40,15,15,0,0,0,152,0,0,0,0,28,12,2,0,0,0,0,0,0,45,lru,0,0,0,0,0,0,16,16,16,0,0,0,1
request,215,0,128,0,decode,-1,0,0,0,0,0,0,0,0,0,0,0,0,0,0,0,0,0,0,0,0,,625,18,0,0,6,0,0,0,0,0,0,0,0
layer,216,0,130,1025,decode,40,8,8,0,0,0,900,0,0,0,0,23,11,2,0,0,0,0,0,0,45,lru,0,0,0,0,0,0,8,8,8,0,0,0,1
request,216,0,130,0,decode,-1,0,0,0,0,0,0,0,0,0,0,0,0,0,0,0,0,0,0,0,0,,1352,22,0,0,9,0,0,0,0,0,0,0,0
request,217,0,130,0,decode,-1,0,0,0,0,0,0,0,0,0,0,0,0,0,0,0,0,0,0,0,0,,9234,9,0,0,8,0,0,0,0,0,0,0,0
layer,218,0,130,1025,decode,40,15,15,0,0,0,153,0,0,0,0,26,12,2,0,0,0,0,0,0,45,lru,0,0,0,0,0,0,16,16,16,0,0,0,1
request,218,0,130,0,decode,-1,0,0,0,0,0,0,0,0,0,0,0,0,0,0,0,0,0,0,0,0,,622,19,0,0,7,0,0,0,0,0,0,0,0
layer,219,0,132,1025,decode,40,8,8,0,0,0,898,0,0,0,0,21,10,2,0,0,0,0,0,0,45,lru,0,0,0,0,0,0,8,8,8,0,0,0,1
request,219,0,132,0,decode,-1,0,0,0,0,0,0,0,0,0,0,0,0,0,0,0,0,0,0,0,0,,1321,20,0,0,7,0,0,0,0,0,0,0,0
request,220,0,132,0,decode,-1,0,0,0,0,0,0,0,0,0,0,0,0,0,0,0,0,0,0,0,0,,9237,7,0,0,7,0,0,0,0,0,0,0,0
layer,221,0,132,1025,decode,40,13,13,0,0,0,141,0,0,0,0,25,12,2,0,0,0,0,0,0,45,lru,0,0,0,0,0,0,16,16,16,0,0,0,1
request,221,0,132,0,decode,-1,0,0,0,0,0,0,0,0,0,0,0,0,0,0,0,0,0,0,0,0,,599,18,0,0,6,0,0,0,0,0,0,0,0
layer,222,0,134,1025,decode,40,8,8,0,0,0,902,0,0,0,0,21,10,2,0,0,0,0,0,0,45,lru,0,0,0,0,0,0,8,8,8,0,0,0,1
request,222,0,134,0,decode,-1,0,0,0,0,0,0,0,0,0,0,0,0,0,0,0,0,0,0,0,0,,1321,20,0,0,8,0,0,0,0,0,0,0,0
request,223,0,134,0,decode,-1,0,0,0,0,0,0,0,0,0,0,0,0,0,0,0,0,0,0,0,0,,9234,7,0,0,7,0,0,0,0,0,0,0,0
layer,224,0,134,1025,decode,40,15,14,1,913,593,107,82,1,0,1,1031,12,14,0,0,0,0,0,0,45,lru,0,0,0,0,0,0,16,15,16,0,1,0,1
request,224,0,134,0,decode,-1,0,0,0,0,0,0,0,0,0,0,0,0,0,0,0,0,0,0,0,0,,1746,34,0,0,16,0,0,0,0,0,0,0,0
layer,225,0,136,1025,decode,40,8,8,0,0,0,901,0,0,0,0,22,10,2,0,0,0,0,0,0,45,lru,0,0,0,0,0,0,8,8,8,0,0,0,1
request,225,0,136,0,decode,-1,0,0,0,0,0,0,0,0,0,0,0,0,0,0,0,0,0,0,0,0,,1355,22,0,0,9,0,0,0,0,0,0,0,0
request,226,0,136,0,decode,-1,0,0,0,0,0,0,0,0,0,0,0,0,0,0,0,0,0,0,0,0,,9240,8,0,0,7,0,0,0,0,0,0,0,0
layer,227,0,136,1025,decode,40,15,15,0,0,0,151,0,0,0,0,27,12,2,0,0,0,0,0,0,45,lru,0,0,0,0,0,0,16,16,16,0,0,0,1
request,227,0,136,0,decode,-1,0,0,0,0,0,0,0,0,0,0,0,0,0,0,0,0,0,0,0,0,,619,18,0,0,6,0,0,0,0,0,0,0,0
layer,228,0,138,1025,decode,40,8,8,0,0,0,899,0,0,0,0,23,11,2,0,0,0,0,0,0,45,lru,0,0,0,0,0,0,8,8,8,0,0,0,1
request,228,0,138,0,decode,-1,0,0,0,0,0,0,0,0,0,0,0,0,0,0,0,0,0,0,0,0,,1324,21,0,0,8,0,0,0,0,0,0,0,0
request,229,0,138,0,decode,-1,0,0,0,0,0,0,0,0,0,0,0,0,0,0,0,0,0,0,0,0,,9235,8,0,0,7,0,0,0,0,0,0,0,0
layer,230,0,138,1025,decode,40,13,13,0,0,0,141,0,0,0,0,25,12,2,0,0,0,0,0,0,45,lru,0,0,0,0,0,0,16,16,16,0,0,0,1
request,230,0,138,0,decode,-1,0,0,0,0,0,0,0,0,0,0,0,0,0,0,0,0,0,0,0,0,,599,18,0,0,6,0,0,0,0,0,0,0,0
layer,231,0,140,1025,decode,40,8,8,0,0,0,901,0,0,0,0,22,10,2,0,0,0,0,0,0,45,lru,0,0,0,0,0,0,8,8,8,0,0,0,1
request,231,0,140,0,decode,-1,0,0,0,0,0,0,0,0,0,0,0,0,0,0,0,0,0,0,0,0,,1325,21,0,0,8,0,0,0,0,0,0,0,0
request,232,0,140,0,decode,-1,0,0,0,0,0,0,0,0,0,0,0,0,0,0,0,0,0,0,0,0,,9234,7,0,0,6,0,0,0,0,0,0,0,0
layer,233,0,140,1025,decode,40,15,15,0,0,0,151,0,0,0,0,27,12,2,0,0,0,0,0,0,45,lru,0,0,0,0,0,0,16,16,16,0,0,0,1
request,233,0,140,0,decode,-1,0,0,0,0,0,0,0,0,0,0,0,0,0,0,0,0,0,0,0,0,,616,18,0,0,6,0,0,0,0,0,0,0,0
layer,234,0,142,1025,decode,40,8,8,0,0,0,901,0,0,0,0,23,12,2,0,0,0,0,0,0,45,lru,0,0,0,0,0,0,8,8,8,0,0,0,1
request,234,0,142,0,decode,-1,0,0,0,0,0,0,0,0,0,0,0,0,0,0,0,0,0,0,0,0,,1327,21,0,0,8,0,0,0,0,0,0,0,0
request,235,0,142,0,decode,-1,0,0,0,0,0,0,0,0,0,0,0,0,0,0,0,0,0,0,0,0,,9232,7,0,0,7,0,0,0,0,0,0,0,0
layer,236,0,142,1025,decode,40,15,15,0,0,0,151,0,0,0,0,26,12,2,0,0,0,0,0,0,45,lru,0,0,0,0,0,0,16,16,16,0,0,0,1
request,236,0,142,0,decode,-1,0,0,0,0,0,0,0,0,0,0,0,0,0,0,0,0,0,0,0,0,,612,18,0,0,6,0,0,0,0,0,0,0,0
layer,237,0,144,1025,decode,40,8,8,0,0,0,898,0,0,0,0,20,9,2,0,0,0,0,0,0,45,lru,0,0,0,0,0,0,8,8,8,0,0,0,1
request,237,0,144,0,decode,-1,0,0,0,0,0,0,0,0,0,0,0,0,0,0,0,0,0,0,0,0,,1322,20,0,0,7,0,0,0,0,0,0,0,0
request,238,0,144,0,decode,-1,0,0,0,0,0,0,0,0,0,0,0,0,0,0,0,0,0,0,0,0,,9230,7,0,0,7,0,0,0,0,0,0,0,0
layer,239,0,144,1025,decode,40,12,12,0,0,0,137,0,0,0,0,24,12,2,0,0,0,0,0,0,45,lru,0,0,0,0,0,0,16,16,16,0,0,0,1
request,239,0,144,0,decode,-1,0,0,0,0,0,0,0,0,0,0,0,0,0,0,0,0,0,0,0,0,,591,18,0,0,6,0,0,0,0,0,0,0,0
layer,240,0,146,1025,decode,40,8,8,0,0,0,900,0,0,0,0,21,10,2,0,0,0,0,0,0,45,lru,0,0,0,0,0,0,8,8,8,0,0,0,1
request,240,0,146,0,decode,-1,0,0,0,0,0,0,0,0,0,0,0,0,0,0,0,0,0,0,0,0,,1315,20,0,0,8,0,0,0,0,0,0,0,0
request,241,0,146,0,decode,-1,0,0,0,0,0,0,0,0,0,0,0,0,0,0,0,0,0,0,0,0,,9227,8,0,0,7,0,0,0,0,0,0,0,0
layer,242,0,146,1025,decode,40,15,15,0,0,0,151,0,0,0,0,26,12,2,0,0,0,0,0,0,45,lru,0,0,0,0,0,0,16,16,16,0,0,0,1
request,242,0,146,0,decode,-1,0,0,0,0,0,0,0,0,0,0,0,0,0,0,0,0,0,0,0,0,,610,19,0,0,7,0,0,0,0,0,0,0,0
layer,243,0,148,1025,decode,40,8,8,0,0,0,899,0,0,0,0,21,11,2,0,0,0,0,0,0,45,lru,0,0,0,0,0,0,8,8,8,0,0,0,1
request,243,0,148,0,decode,-1,0,0,0,0,0,0,0,0,0,0,0,0,0,0,0,0,0,0,0,0,,1315,20,0,0,8,0,0,0,0,0,0,0,0
request,244,0,148,0,decode,-1,0,0,0,0,0,0,0,0,0,0,0,0,0,0,0,0,0,0,0,0,,9237,7,0,0,7,0,0,0,0,0,0,0,0
layer,245,0,148,1025,decode,40,15,15,0,0,0,151,0,0,0,0,26,12,2,0,0,0,0,0,0,45,lru,0,0,0,0,0,0,16,16,16,0,0,0,1
request,245,0,148,0,decode,-1,0,0,0,0,0,0,0,0,0,0,0,0,0,0,0,0,0,0,0,0,,609,18,0,0,6,0,0,0,0,0,0,0,0
layer,246,0,150,1025,decode,40,8,8,0,0,0,898,0,0,0,0,22,10,2,0,0,0,0,0,0,45,lru,0,0,0,0,0,0,8,8,8,0,0,0,1
request,246,0,150,0,decode,-1,0,0,0,0,0,0,0,0,0,0,0,0,0,0,0,0,0,0,0,0,,1315,21,0,0,8,0,0,0,0,0,0,0,0
request,247,0,150,0,decode,-1,0,0,0,0,0,0,0,0,0,0,0,0,0,0,0,0,0,0,0,0,,9232,7,0,0,6,0,0,0,0,0,0,0,0
layer,248,0,150,1025,decode,40,12,12,0,0,0,136,0,0,0,0,25,12,2,0,0,0,0,0,0,45,lru,0,0,0,0,0,0,16,16,16,0,0,0,1
request,248,0,150,0,decode,-1,0,0,0,0,0,0,0,0,0,0,0,0,0,0,0,0,0,0,0,0,,603,27,0,0,15,0,0,0,0,0,0,0,0
layer,249,0,152,1025,decode,40,8,7,1,976,551,839,60,1,0,1,1113,11,12,0,0,0,0,0,0,45,lru,0,0,0,0,0,0,8,7,8,0,1,0,1
request,249,0,152,0,decode,-1,0,0,0,0,0,0,0,0,0,0,0,0,0,0,0,0,0,0,0,0,,2513,25,0,0,8,0,0,0,0,0,0,0,0
request,250,0,152,0,decode,-1,0,0,0,0,0,0,0,0,0,0,0,0,0,0,0,0,0,0,0,0,,9239,8,0,0,7,0,0,0,0,0,0,0,0
layer,251,0,152,1025,decode,40,14,14,0,0,0,149,0,0,0,0,27,12,2,0,0,0,0,0,0,45,lru,0,0,0,0,0,0,16,16,16,0,0,0,1
request,251,0,152,0,decode,-1,0,0,0,0,0,0,0,0,0,0,0,0,0,0,0,0,0,0,0,0,,627,19,0,0,6,0,0,0,0,0,0,0,0
layer,252,0,153,1025,decode,40,8,8,0,0,0,897,0,0,0,0,22,10,2,0,0,0,0,0,0,45,lru,0,0,0,0,0,0,8,8,8,0,0,0,1
request,252,0,153,0,decode,-1,0,0,0,0,0,0,0,0,0,0,0,0,0,0,0,0,0,0,0,0,,1332,21,0,0,8,0,0,0,0,0,0,0,0
request,253,0,153,0,decode,-1,0,0,0,0,0,0,0,0,0,0,0,0,0,0,0,0,0,0,0,0,,9223,7,0,0,6,0,0,0,0,0,0,0,0
layer,254,0,153,1025,decode,40,16,16,0,0,0,156,0,0,0,0,26,12,2,0,0,0,0,0,0,45,lru,0,0,0,0,0,0,16,16,16,0,0,0,1
request,254,0,153,0,decode,-1,0,0,0,0,0,0,0,0,0,0,0,0,0,0,0,0,0,0,0,0,,620,18,0,0,6,0,0,0,0,0,0,0,0
layer,255,0,154,1025,decode,40,8,7,1,8290,472,837,30,1,0,1,8364,10,3,0,0,0,0,0,0,45,lru,0,0,0,0,0,0,8,7,8,0,1,0,1
request,255,0,154,0,decode,-1,0,0,0,0,0,0,0,0,0,0,0,0,0,0,0,0,0,0,0,0,,9782,25,0,0,8,0,0,0,0,0,0,0,0
request,256,0,154,0,decode,-1,0,0,0,0,0,0,0,0,0,0,0,0,0,0,0,0,0,0,0,0,,9223,7,0,0,6,0,0,0,0,0,0,0,0
layer,257,0,154,1025,decode,40,15,15,0,0,0,151,0,0,0,0,24,11,2,0,0,0,0,0,0,45,lru,0,0,0,0,0,0,16,16,16,0,0,0,1
request,257,0,154,0,decode,-1,0,0,0,0,0,0,0,0,0,0,0,0,0,0,0,0,0,0,0,0,,606,17,0,0,5,0,0,0,0,0,0,0,0
layer,258,0,156,1025,decode,40,8,8,0,0,0,898,0,0,0,0,22,10,2,0,0,0,0,0,0,45,lru,0,0,0,0,0,0,8,8,8,0,0,0,1
request,258,0,156,0,decode,-1,0,0,0,0,0,0,0,0,0,0,0,0,0,0,0,0,0,0,0,0,,1317,20,0,0,8,0,0,0,0,0,0,0,0
request,259,0,156,0,decode,-1,0,0,0,0,0,0,0,0,0,0,0,0,0,0,0,0,0,0,0,0,,9229,7,0,0,7,0,0,0,0,0,0,0,0
layer,260,0,156,1025,decode,40,13,13,0,0,0,143,0,0,0,0,27,12,3,0,0,0,0,0,0,45,lru,0,0,0,0,0,0,16,16,16,0,0,0,1
request,260,0,156,0,decode,-1,0,0,0,0,0,0,0,0,0,0,0,0,0,0,0,0,0,0,0,0,,620,19,0,0,7,0,0,0,0,0,0,0,0
layer,261,0,158,1025,decode,40,8,8,0,0,0,901,0,0,0,0,22,10,2,0,0,0,0,0,0,45,lru,0,0,0,0,0,0,8,8,8,0,0,0,1
request,261,0,158,0,decode,-1,0,0,0,0,0,0,0,0,0,0,0,0,0,0,0,0,0,0,0,0,,1327,20,0,0,8,0,0,0,0,0,0,0,0
request,262,0,158,0,decode,-1,0,0,0,0,0,0,0,0,0,0,0,0,0,0,0,0,0,0,0,0,,9233,7,0,0,7,0,0,0,0,0,0,0,0
layer,263,0,158,1025,decode,40,14,14,0,0,0,147,0,0,0,0,26,12,2,0,0,0,0,0,0,45,lru,0,0,0,0,0,0,16,16,16,0,0,0,1
request,263,0,158,0,decode,-1,0,0,0,0,0,0,0,0,0,0,0,0,0,0,0,0,0,0,0,0,,607,18,0,0,6,0,0,0,0,0,0,0,0
layer,264,0,160,1025,decode,40,8,8,0,0,0,895,0,0,0,0,21,10,2,0,0,0,0,0,0,45,lru,0,0,0,0,0,0,8,8,8,0,0,0,1
request,264,0,160,0,decode,-1,0,0,0,0,0,0,0,0,0,0,0,0,0,0,0,0,0,0,0,0,,1314,20,0,0,8,0,0,0,0,0,0,0,0
request,265,0,160,0,decode,-1,0,0,0,0,0,0,0,0,0,0,0,0,0,0,0,0,0,0,0,0,,9233,7,0,0,6,0,0,0,0,0,0,0,0
layer,266,0,160,1025,decode,40,15,15,0,0,0,151,0,0,0,0,26,12,2,0,0,0,0,0,0,45,lru,0,0,0,0,0,0,16,16,16,0,0,0,1
request,266,0,160,0,decode,-1,0,0,0,0,0,0,0,0,0,0,0,0,0,0,0,0,0,0,0,0,,610,18,0,0,6,0,0,0,0,0,0,0,0
layer,267,0,162,1025,decode,40,8,7,1,593,314,838,17,1,0,1,662,10,3,0,0,0,0,0,0,45,lru,0,0,0,0,0,0,8,7,8,0,1,0,1
request,267,0,162,0,decode,-1,0,0,0,0,0,0,0,0,0,0,0,0,0,0,0,0,0,0,0,0,,2091,25,0,0,7,0,0,0,0,0,0,0,0
request,268,0,162,0,decode,-1,0,0,0,0,0,0,0,0,0,0,0,0,0,0,0,0,0,0,0,0,,9236,8,0,0,7,0,0,0,0,0,0,0,0
layer,269,0,162,1025,decode,40,12,12,0,0,0,137,0,0,0,0,24,11,2,0,0,0,0,0,0,45,lru,0,0,0,0,0,0,16,16,16,0,0,0,1
request,269,0,162,0,decode,-1,0,0,0,0,0,0,0,0,0,0,0,0,0,0,0,0,0,0,0,0,,612,19,0,0,7,0,0,0,0,0,0,0,0
layer,270,0,164,1025,decode,40,8,8,0,0,0,901,0,0,0,0,22,11,2,0,0,0,0,0,0,45,lru,0,0,0,0,0,0,8,8,8,0,0,0,1
request,270,0,164,0,decode,-1,0,0,0,0,0,0,0,0,0,0,0,0,0,0,0,0,0,0,0,0,,1335,21,0,0,8,0,0,0,0,0,0,0,0
request,271,0,164,0,decode,-1,0,0,0,0,0,0,0,0,0,0,0,0,0,0,0,0,0,0,0,0,,9228,7,0,0,6,0,0,0,0,0,0,0,0
layer,272,0,164,1025,decode,40,15,14,1,544,392,87,24,1,0,1,630,14,5,0,0,0,0,0,0,45,lru,0,0,0,0,0,0,16,15,16,0,1,0,1
request,272,0,164,0,decode,-1,0,0,0,0,0,0,0,0,0,0,0,0,0,0,0,0,0,0,0,0,,1344,31,0,0,14,0,0,0,0,0,0,0,0
layer,273,0,166,1025,decode,40,8,8,0,0,0,899,0,0,0,0,22,10,2,0,0,0,0,0,0,45,lru,0,0,0,0,0,0,8,8,8,0,0,0,1
request,273,0,166,0,decode,-1,0,0,0,0,0,0,0,0,0,0,0,0,0,0,0,0,0,0,0,0,,1331,20,0,0,8,0,0,0,0,0,0,0,0
request,274,0,166,0,decode,-1,0,0,0,0,0,0,0,0,0,0,0,0,0,0,0,0,0,0,0,0,,9231,8,0,0,7,0,0,0,0,0,0,0,0
layer,275,0,166,1025,decode,40,15,15,0,0,0,152,0,0,0,0,26,12,2,0,0,0,0,0,0,45,lru,0,0,0,0,0,0,16,16,16,0,0,0,1
request,275,0,166,0,decode,-1,0,0,0,0,0,0,0,0,0,0,0,0,0,0,0,0,0,0,0,0,,613,18,0,0,6,0,0,0,0,0,0,0,0
layer,276,0,168,1025,decode,40,8,8,0,0,0,899,0,0,0,0,22,10,2,0,0,0,0,0,0,45,lru,0,0,0,0,0,0,8,8,8,0,0,0,1
request,276,0,168,0,decode,-1,0,0,0,0,0,0,0,0,0,0,0,0,0,0,0,0,0,0,0,0,,1316,19,0,0,7,0,0,0,0,0,0,0,0
request,277,0,168,0,decode,-1,0,0,0,0,0,0,0,0,0,0,0,0,0,0,0,0,0,0,0,0,,9232,7,0,0,6,0,0,0,0,0,0,0,0
layer,278,0,168,1025,decode,40,12,11,1,893,597,87,63,1,0,1,1041,12,11,0,0,0,0,0,0,45,lru,0,0,0,0,0,0,16,15,16,0,1,0,1
request,278,0,168,0,decode,-1,0,0,0,0,0,0,0,0,0,0,0,0,0,0,0,0,0,0,0,0,,1745,23,0,0,6,0,0,0,0,0,0,0,0
layer,279,0,170,1025,decode,40,8,8,0,0,0,898,0,0,0,0,23,10,2,0,0,0,0,0,0,45,lru,0,0,0,0,0,0,8,8,8,0,0,0,1
request,279,0,170,0,decode,-1,0,0,0,0,0,0,0,0,0,0,0,0,0,0,0,0,0,0,0,0,,1339,21,0,0,8,0,0,0,0,0,0,0,0
request,280,0,170,0,decode,-1,0,0,0,0,0,0,0,0,0,0,0,0,0,0,0,0,0,0,0,0,,9234,8,0,0,8,0,0,0,0,0,0,0,0
layer,281,0,170,1025,decode,40,15,15,0,0,0,151,0,0,0,0,26,12,2,0,0,0,0,0,0,45,lru,0,0,0,0,0,0,16,16,16,0,0,0,1
request,281,0,170,0,decode,-1,0,0,0,0,0,0,0,0,0,0,0,0,0,0,0,0,0,0,0,0,,617,18,0,0,6,0,0,0,0,0,0,0,0
layer,282,0,171,1025,decode,40,8,8,0,0,0,898,0,0,0,0,22,11,2,0,0,0,0,0,0,45,lru,0,0,0,0,0,0,8,8,8,0,0,0,1
request,282,0,171,0,decode,-1,0,0,0,0,0,0,0,0,0,0,0,0,0,0,0,0,0,0,0,0,,1314,19,0,0,7,0,0,0,0,0,0,0,0
request,283,0,171,0,decode,-1,0,0,0,0,0,0,0,0,0,0,0,0,0,0,0,0,0,0,0,0,,9227,7,0,0,7,0,0,0,0,0,0,0,0
layer,284,0,171,1025,decode,40,16,16,0,0,0,156,0,0,0,0,27,12,2,0,0,0,0,0,0,45,lru,0,0,0,0,0,0,16,16,16,0,0,0,1
request,284,0,171,0,decode,-1,0,0,0,0,0,0,0,0,0,0,0,0,0,0,0,0,0,0,0,0,,618,19,0,0,6,0,0,0,0,0,0,0,0
layer,285,0,172,1025,decode,40,8,8,0,0,0,898,0,0,0,0,21,10,2,0,0,0,0,0,0,45,lru,0,0,0,0,0,0,8,8,8,0,0,0,1
request,285,0,172,0,decode,-1,0,0,0,0,0,0,0,0,0,0,0,0,0,0,0,0,0,0,0,0,,1320,21,0,0,8,0,0,0,0,0,0,0,0
request,286,0,172,0,decode,-1,0,0,0,0,0,0,0,0,0,0,0,0,0,0,0,0,0,0,0,0,,9226,7,0,0,6,0,0,0,0,0,0,0,0
layer,287,0,172,1025,decode,40,15,15,0,0,0,150,0,0,0,0,25,11,2,0,0,0,0,0,0,45,lru,0,0,0,0,0,0,16,16,16,0,0,0,1
request,287,0,172,0,decode,-1,0,0,0,0,0,0,0,0,0,0,0,0,0,0,0,0,0,0,0,0,,610,19,0,0,7,0,0,0,0,0,0,0,0
layer,288,0,174,1025,decode,40,8,8,0,0,0,898,0,0,0,0,25,14,2,0,0,0,0,0,0,45,lru,0,0,0,0,0,0,8,8,8,0,0,0,1
request,288,0,174,0,decode,-1,0,0,0,0,0,0,0,0,0,0,0,0,0,0,0,0,0,0,0,0,,1320,20,0,0,7,0,0,0,0,0,0,0,0
request,289,0,174,0,decode,-1,0,0,0,0,0,0,0,0,0,0,0,0,0,0,0,0,0,0,0,0,,9243,7,0,0,7,0,0,0,0,0,0,0,0
layer,290,0,174,1025,decode,40,13,13,0,0,0,142,0,0,0,0,24,11,2,0,0,0,0,0,0,45,lru,0,0,0,0,0,0,16,16,16,0,0,0,1
request,290,0,174,0,decode,-1,0,0,0,0,0,0,0,0,0,0,0,0,0,0,0,0,0,0,0,0,,595,18,0,0,5,0,0,0,0,0,0,0,0
layer,291,0,176,1025,decode,40,8,8,0,0,0,900,0,0,0,0,25,10,2,0,0,0,0,0,0,45,lru,0,0,0,0,0,0,8,8,8,0,0,0,1
request,291,0,176,0,decode,-1,0,0,0,0,0,0,0,0,0,0,0,0,0,0,0,0,0,0,0,0,,1317,20,0,0,7,0,0,0,0,0,0,0,0
request,292,0,176,0,decode,-1,0,0,0,0,0,0,0,0,0,0,0,0,0,0,0,0,0,0,0,0,,9226,7,0,0,6,0,0,0,0,0,0,0,0
layer,293,0,176,1025,decode,40,14,14,0,0,0,146,0,0,0,0,25,11,2,0,0,0,0,0,0,45,lru,0,0,0,0,0,0,16,16,16,0,0,0,1
request,293,0,176,0,decode,-1,0,0,0,0,0,0,0,0,0,0,0,0,0,0,0,0,0,0,0,0,,598,18,0,0,6,0,0,0,0,0,0,0,0
layer,294,0,177,1025,decode,40,8,8,0,0,0,896,0,0,0,0,20,10,2,0,0,0,0,0,0,45,lru,0,0,0,0,0,0,8,8,8,0,0,0,1
request,294,0,177,0,decode,-1,0,0,0,0,0,0,0,0,0,0,0,0,0,0,0,0,0,0,0,0,,1304,19,0,0,7,0,0,0,0,0,0,0,0
request,295,0,177,0,decode,-1,0,0,0,0,0,0,0,0,0,0,0,0,0,0,0,0,0,0,0,0,,9231,16,0,0,15,0,0,0,0,0,0,0,0
layer,296,0,177,1025,decode,40,15,15,0,0,0,150,0,0,0,0,25,11,2,0,0,0,0,0,0,45,lru,0,0,0,0,0,0,16,16,16,0,0,0,1
request,296,0,177,0,decode,-1,0,0,0,0,0,0,0,0,0,0,0,0,0,0,0,0,0,0,0,0,,609,20,0,0,7,0,0,0,0,0,0,0,0
layer,297,0,178,1025,decode,40,8,8,0,0,0,900,0,0,0,0,21,10,2,0,0,0,0,0,0,45,lru,0,0,0,0,0,0,8,8,8,0,0,0,1
request,297,0,178,0,decode,-1,0,0,0,0,0,0,0,0,0,0,0,0,0,0,0,0,0,0,0,0,,1321,20,0,0,7,0,0,0,0,0,0,0,0
request,298,0,178,0,decode,-1,0,0,0,0,0,0,0,0,0,0,0,0,0,0,0,0,0,0,0,0,,9226,7,0,0,6,0,0,0,0,0,0,0,0
layer,299,0,178,1025,decode,40,15,15,0,0,0,150,0,0,0,0,24,11,2,0,0,0,0,0,0,45,lru,0,0,0,0,0,0,16,16,16,0,0,0,1
request,299,0,178,0,decode,-1,0,0,0,0,0,0,0,0,0,0,0,0,0,0,0,0,0,0,0,0,,602,18,0,0,6,0,0,0,0,0,0,0,0
layer,300,0,180,1025,decode,40,8,8,0,0,0,897,0,0,0,0,22,11,2,0,0,0,0,0,0,45,lru,0,0,0,0,0,0,8,8,8,0,0,0,1
request,300,0,180,0,decode,-1,0,0,0,0,0,0,0,0,0,0,0,0,0,0,0,0,0,0,0,0,,1316,20,0,0,7,0,0,0,0,0,0,0,0
request,301,0,180,0,decode,-1,0,0,0,0,0,0,0,0,0,0,0,0,0,0,0,0,0,0,0,0,,9226,7,0,0,6,0,0,0,0,0,0,0,0
layer,302,0,180,1025,decode,40,12,12,0,0,0,137,0,0,0,0,30,11,2,0,0,0,0,0,0,45,lru,0,0,0,0,0,0,16,16,16,0,0,0,1
request,302,0,180,0,decode,-1,0,0,0,0,0,0,0,0,0,0,0,0,0,0,0,0,0,0,0,0,,597,18,0,0,6,0,0,0,0,0,0,0,0
layer,303,0,182,1025,decode,40,8,8,0,0,0,901,0,0,0,0,21,10,2,0,0,0,0,0,0,45,lru,0,0,0,0,0,0,8,8,8,0,0,0,1
request,303,0,182,0,decode,-1,0,0,0,0,0,0,0,0,0,0,0,0,0,0,0,0,0,0,0,0,,1311,20,0,0,7,0,0,0,0,0,0,0,0
request,304,0,182,0,decode,-1,0,0,0,0,0,0,0,0,0,0,0,0,0,0,0,0,0,0,0,0,,9235,7,0,0,7,0,0,0,0,0,0,0,0
layer,305,0,182,1025,decode,40,14,14,0,0,0,146,0,0,0,0,25,11,2,0,0,0,0,0,0,45,lru,0,0,0,0,0,0,16,16,16,0,0,0,1
request,305,0,182,0,decode,-1,0,0,0,0,0,0,0,0,0,0,0,0,0,0,0,0,0,0,0,0,,600,18,0,0,6,0,0,0,0,0,0,0,0
layer,306,0,183,1025,decode,40,8,8,0,0,0,895,0,0,0,0,21,10,2,0,0,0,0,0,0,45,lru,0,0,0,0,0,0,8,8,8,0,0,0,1
request,306,0,183,0,decode,-1,0,0,0,0,0,0,0,0,0,0,0,0,0,0,0,0,0,0,0,0,,1316,25,0,0,13,0,0,0,0,0,0,0,0
request,307,0,183,0,decode,-1,0,0,0,0,0,0,0,0,0,0,0,0,0,0,0,0,0,0,0,0,,9226,7,0,0,6,0,0,0,0,0,0,0,0
layer,308,0,183,1025,decode,40,15,15,0,0,0,150,0,0,0,0,25,11,2,0,0,0,0,0,0,45,lru,0,0,0,0,0,0,16,16,16,0,0,0,1
request,308,0,183,0,decode,-1,0,0,0,0,0,0,0,0,0,0,0,0,0,0,0,0,0,0,0,0,,607,18,0,0,6,0,0,0,0,0,0,0,0
layer,309,0,184,1025,decode,40,8,8,0,0,0,899,0,0,0,0,21,10,2,0,0,0,0,0,0,45,lru,0,0,0,0,0,0,8,8,8,0,0,0,1
request,309,0,184,0,decode,-1,0,0,0,0,0,0,0,0,0,0,0,0,0,0,0,0,0,0,0,0,,1313,19,0,0,7,0,0,0,0,0,0,0,0
request,310,0,184,0,decode,-1,0,0,0,0,0,0,0,0,0,0,0,0,0,0,0,0,0,0,0,0,,9218,7,0,0,6,0,0,0,0,0,0,0,0
layer,311,0,184,1025,decode,40,15,15,0,0,0,151,0,0,0,0,24,12,2,0,0,0,0,0,0,45,lru,0,0,0,0,0,0,16,16,16,0,0,0,1
request,311,0,184,0,decode,-1,0,0,0,0,0,0,0,0,0,0,0,0,0,0,0,0,0,0,0,0,,608,21,0,0,7,0,0,0,0,0,0,0,0
layer,312,0,186,1025,decode,40,8,8,0,0,0,905,0,0,0,0,20,10,2,0,0,0,0,0,0,45,lru,0,0,0,0,0,0,8,8,8,0,0,0,1
request,312,0,186,0,decode,-1,0,0,0,0,0,0,0,0,0,0,0,0,0,0,0,0,0,0,0,0,,1318,20,0,0,7,0,0,0,0,0,0,0,0
request,313,0,186,0,decode,-1,0,0,0,0,0,0,0,0,0,0,0,0,0,0,0,0,0,0,0,0,,9228,7,0,0,6,0,0,0,0,0,0,0,0
layer,314,0,186,1025,decode,40,13,13,0,0,0,141,0,0,0,0,24,11,2,0,0,0,0,0,0,45,lru,0,0,0,0,0,0,16,16,16,0,0,0,1
request,314,0,186,0,decode,-1,0,0,0,0,0,0,0,0,0,0,0,0,0,0,0,0,0,0,0,0,,589,18,0,0,6,0,0,0,0,0,0,0,0
layer,315,0,188,1025,decode,40,8,8,0,0,0,900,0,0,0,0,22,10,2,0,0,0,0,0,0,45,lru,0,0,0,0,0,0,8,8,8,0,0,0,1
request,315,0,188,0,decode,-1,0,0,0,0,0,0,0,0,0,0,0,0,0,0,0,0,0,0,0,0,,1312,20,0,0,8,0,0,0,0,0,0,0,0
request,316,0,188,0,decode,-1,0,0,0,0,0,0,0,0,0,0,0,0,0,0,0,0,0,0,0,0,,9231,7,0,0,6,0,0,0,0,0,0,0,0
layer,317,0,188,1025,decode,40,14,14,0,0,0,145,0,0,0,0,25,11,2,0,0,0,0,0,0,45,lru,0,0,0,0,0,0,16,16,16,0,0,0,1
request,317,0,188,0,decode,-1,0,0,0,0,0,0,0,0,0,0,0,0,0,0,0,0,0,0,0,0,,600,19,0,0,7,0,0,0,0,0,0,0,0
layer,318,0,189,1025,decode,40,8,8,0,0,0,900,0,0,0,0,20,9,2,0,0,0,0,0,0,45,lru,0,0,0,0,0,0,8,8,8,0,0,0,1
request,318,0,189,0,decode,-1,0,0,0,0,0,0,0,0,0,0,0,0,0,0,0,0,0,0,0,0,,1302,19,0,0,7,0,0,0,0,0,0,0,0
request,319,0,189,0,decode,-1,0,0,0,0,0,0,0,0,0,0,0,0,0,0,0,0,0,0,0,0,,9234,17,0,0,16,0,0,0,0,0,0,0,0
layer,320,0,189,1025,decode,40,16,16,0,0,0,154,0,0,0,0,28,12,2,0,0,0,0,0,0,45,lru,0,0,0,0,0,0,16,16,16,0,0,0,1
request,320,0,189,0,decode,-1,0,0,0,0,0,0,0,0,0,0,0,0,0,0,0,0,0,0,0,0,,623,18,0,0,6,0,0,0,0,0,0,0,0
layer,321,0,190,1025,decode,40,8,8,0,0,0,898,0,0,0,0,22,10,2,0,0,0,0,0,0,45,lru,0,0,0,0,0,0,8,8,8,0,0,0,1
request,321,0,190,0,decode,-1,0,0,0,0,0,0,0,0,0,0,0,0,0,0,0,0,0,0,0,0,,1316,20,0,0,7,0,0,0,0,0,0,0,0
request,322,0,190,0,decode,-1,0,0,0,0,0,0,0,0,0,0,0,0,0,0,0,0,0,0,0,0,,9220,7,0,0,6,0,0,0,0,0,0,0,0
layer,323,0,190,1025,decode,40,15,15,0,0,0,150,0,0,0,0,26,12,2,0,0,0,0,0,0,45,lru,0,0,0,0,0,0,16,16,16,0,0,0,1
request,323,0,190,0,decode,-1,0,0,0,0,0,0,0,0,0,0,0,0,0,0,0,0,0,0,0,0,,604,19,0,0,6,0,0,0,0,0,0,0,0
layer,324,0,192,1025,decode,40,8,8,0,0,0,896,0,0,0,0,23,11,2,0,0,0,0,0,0,45,lru,0,0,0,0,0,0,8,8,8,0,0,0,1
request,324,0,192,0,decode,-1,0,0,0,0,0,0,0,0,0,0,0,0,0,0,0,0,0,0,0,0,,1333,22,0,0,9,0,0,0,0,0,0,0,0
request,325,0,192,0,decode,-1,0,0,0,0,0,0,0,0,0,0,0,0,0,0,0,0,0,0,0,0,,9246,10,0,0,9,0,0,0,0,0,0,0,0
layer,326,0,192,1025,decode,40,13,13,0,0,0,141,0,0,0,0,26,12,2,0,0,0,0,0,0,45,lru,0,0,0,0,0,0,16,16,16,0,0,0,1
request,326,0,192,0,decode,-1,0,0,0,0,0,0,0,0,0,0,0,0,0,0,0,0,0,0,0,0,,602,18,0,0,6,0,0,0,0,0,0,0,0
layer,327,0,194,1025,decode,40,8,8,0,0,0,900,0,0,0,0,21,10,2,0,0,0,0,0,0,45,lru,0,0,0,0,0,0,8,8,8,0,0,0,1
request,327,0,194,0,decode,-1,0,0,0,0,0,0,0,0,0,0,0,0,0,0,0,0,0,0,0,0,,1315,20,0,0,7,0,0,0,0,0,0,0,0
request,328,0,194,0,decode,-1,0,0,0,0,0,0,0,0,0,0,0,0,0,0,0,0,0,0,0,0,,9232,7,0,0,6,0,0,0,0,0,0,0,0
layer,329,0,194,1025,decode,40,14,14,0,0,0,146,0,0,0,0,25,11,2,0,0,0,0,0,0,45,lru,0,0,0,0,0,0,16,16,16,0,0,0,1
request,329,0,194,0,decode,-1,0,0,0,0,0,0,0,0,0,0,0,0,0,0,0,0,0,0,0,0,,601,17,0,0,5,0,0,0,0,0,0,0,0
layer,330,0,195,1025,decode,40,8,8,0,0,0,899,0,0,0,0,21,10,2,0,0,0,0,0,0,45,lru,0,0,0,0,0,0,8,8,8,0,0,0,1
request,330,0,195,0,decode,-1,0,0,0,0,0,0,0,0,0,0,0,0,0,0,0,0,0,0,0,0,,1312,20,0,0,7,0,0,0,0,0,0,0,0
request,331,0,195,0,decode,-1,0,0,0,0,0,0,0,0,0,0,0,0,0,0,0,0,0,0,0,0,,9226,7,0,0,6,0,0,0,0,0,0,0,0
layer,332,0,195,1025,decode,40,16,15,1,953,568,103,62,1,0,1,1113,11,11,0,0,0,0,0,0,45,lru,0,0,0,0,0,0,16,15,16,0,1,0,1
request,332,0,195,0,decode,-1,0,0,0,0,0,0,0,0,0,0,0,0,0,0,0,0,0,0,0,0,,1812,23,0,0,6,0,0,0,0,0,0,0,0
layer,333,0,196,1025,decode,40,8,8,0,0,0,893,0,0,0,0,22,10,2,0,0,0,0,0,0,45,lru,0,0,0,0,0,0,8,8,8,0,0,0,1
request,333,0,196,0,decode,-1,0,0,0,0,0,0,0,0,0,0,0,0,0,0,0,0,0,0,0,0,,1321,20,0,0,8,0,0,0,0,0,0,0,0
request,334,0,196,0,decode,-1,0,0,0,0,0,0,0,0,0,0,0,0,0,0,0,0,0,0,0,0,,9227,7,0,0,6,0,0,0,0,0,0,0,0
layer,335,0,196,1025,decode,40,15,15,0,0,0,151,0,0,0,0,26,12,2,0,0,0,0,0,0,45,lru,0,0,0,0,0,0,16,16,16,0,0,0,1
request,335,0,196,0,decode,-1,0,0,0,0,0,0,0,0,0,0,0,0,0,0,0,0,0,0,0,0,,606,17,0,0,5,0,0,0,0,0,0,0,0
layer,336,0,198,1025,decode,40,8,8,0,0,0,894,0,0,0,0,22,10,2,0,0,0,0,0,0,45,lru,0,0,0,0,0,0,8,8,8,0,0,0,1
request,336,0,198,0,decode,-1,0,0,0,0,0,0,0,0,0,0,0,0,0,0,0,0,0,0,0,0,,1320,26,0,0,9,0,0,0,0,0,0,0,0
request,337,0,198,0,decode,-1,0,0,0,0,0,0,0,0,0,0,0,0,0,0,0,0,0,0,0,0,,9242,7,0,0,6,0,0,0,0,0,0,0,0
layer,338,0,198,1025,decode,40,12,12,0,0,0,136,0,0,0,0,24,11,2,0,0,0,0,0,0,45,lru,0,0,0,0,0,0,16,16,16,0,0,0,1
request,338,0,198,0,decode,-1,0,0,0,0,0,0,0,0,0,0,0,0,0,0,0,0,0,0,0,0,,591,18,0,0,6,0,0,0,0,0,0,0,0
layer,339,0,200,1025,decode,40,8,8,0,0,0,894,0,0,0,0,21,10,2,0,0,0,0,0,0,45,lru,0,0,0,0,0,0,8,8,8,0,0,0,1
request,339,0,200,0,decode,-1,0,0,0,0,0,0,0,0,0,0,0,0,0,0,0,0,0,0,0,0,,1309,24,0,0,10,0,0,0,0,0,0,0,0
request,340,0,200,0,decode,-1,0,0,0,0,0,0,0,0,0,0,0,0,0,0,0,0,0,0,0,0,,9243,7,0,0,6,0,0,0,0,0,0,0,0
layer,341,0,200,1025,decode,40,15,15,0,0,0,153,0,0,0,0,28,13,3,0,0,0,0,0,0,45,lru,0,0,0,0,0,0,16,16,16,0,0,0,1
request,341,0,200,0,decode,-1,0,0,0,0,0,0,0,0,0,0,0,0,0,0,0,0,0,0,0,0,,635,18,0,0,6,0,0,0,0,0,0,0,0
layer,342,0,202,1025,decode,40,8,7,1,918,563,841,154,1,0,1,1065,10,12,0,0,0,0,0,0,45,lru,0,0,0,0,0,0,8,7,8,0,1,0,1
request,342,0,202,0,decode,-1,0,0,0,0,0,0,0,0,0,0,0,0,0,0,0,0,0,0,0,0,,2491,35,0,0,17,0,0,0,0,0,0,0,0
request,343,0,202,0,decode,-1,0,0,0,0,0,0,0,0,0,0,0,0,0,0,0,0,0,0,0,0,,9235,7,0,0,7,0,0,0,0,0,0,0,0
layer,344,0,202,1025,decode,40,14,12,2,1909,1180,88,100,1,0,1,2087,12,11,0,0,0,0,0,0,45,lru,0,0,0,0,0,0,16,14,16,0,2,0,1
request,344,0,202,0,decode,-1,0,0,0,0,0,0,0,0,0,0,0,0,0,0,0,0,0,0,0,0,,2850,29,0,0,6,0,0,0,0,0,0,0,0
layer,345,0,204,1025,decode,40,8,8,0,0,0,898,0,0,0,0,22,10,2,0,0,0,0,0,0,45,lru,0,0,0,0,0,0,8,8,8,0,0,0,1
request,345,0,204,0,decode,-1,0,0,0,0,0,0,0,0,0,0,0,0,0,0,0,0,0,0,0,0,,1333,20,0,0,7,0,0,0,0,0,0,0,0
request,346,0,204,0,decode,-1,0,0,0,0,0,0,0,0,0,0,0,0,0,0,0,0,0,0,0,0,,9233,7,0,0,6,0,0,0,0,0,0,0,0
layer,347,0,204,1025,decode,40,15,14,1,894,577,112,64,2,0,2,1031,11,13,0,0,0,0,0,0,45,lru,0,0,0,0,0,0,16,15,16,0,1,0,1
request,347,0,204,0,decode,-1,0,0,0,0,0,0,0,0,0,0,0,0,0,0,0,0,0,0,0,0,,1760,23,0,0,6,0,0,0,0,0,0,0,0
layer,348,0,206,1025,decode,40,8,8,0,0,0,898,0,0,0,0,23,11,3,0,0,0,0,0,0,45,lru,0,0,0,0,0,0,8,8,8,0,0,0,1
request,348,0,206,0,decode,-1,0,0,0,0,0,0,0,0,0,0,0,0,0,0,0,0,0,0,0,0,,1328,21,0,0,9,0,0,0,0,0,0,0,0
request,349,0,206,0,decode,-1,0,0,0,0,0,0,0,0,0,0,0,0,0,0,0,0,0,0,0,0,,9247,8,0,0,7,0,0,0,0,0,0,0,0
layer,350,0,206,1025,decode,40,13,13,0,0,0,143,0,0,0,0,25,12,2,0,0,0,0,0,0,45,lru,0,0,0,0,0,0,16,16,16,0,0,0,1
request,350,0,206,0,decode,-1,0,0,0,0,0,0,0,0,0,0,0,0,0,0,0,0,0,0,0,0,,612,19,0,0,7,0,0,0,0,0,0,0,0
layer,351,0,208,1025,decode,40,8,8,0,0,0,898,0,0,0,0,22,10,3,0,0,0,0,0,0,45,lru,0,0,0,0,0,0,8,8,8,0,0,0,0
request,351,0,208,0,decode,-1,0,0,0,0,0,0,0,0,0,0,0,0,0,0,0,0,0,0,0,0,,1321,20,0,0,8,0,0,0,0,0,0,0,0
request,352,0,208,0,decode,-1,0,0,0,0,0,0,0,0,0,0,0,0,0,0,0,0,0,0,0,0,,9230,7,0,0,6,0,0,0,0,0,0,0,0
layer,353,0,208,1025,decode,40,15,15,0,0,0,151,0,0,0,0,26,12,2,0,0,0,0,0,0,45,lru,0,0,0,0,0,0,16,16,16,0,0,0,1
request,353,0,208,0,decode,-1,0,0,0,0,0,0,0,0,0,0,0,0,0,0,0,0,0,0,0,0,,611,17,0,0,5,0,0,0,0,0,0,0,0
layer,354,0,210,1025,decode,40,8,8,0,0,0,898,0,0,0,0,21,10,2,0,0,0,0,0,0,45,lru,0,0,0,0,0,0,8,8,8,0,0,0,1
request,354,0,210,0,decode,-1,0,0,0,0,0,0,0,0,0,0,0,0,0,0,0,0,0,0,0,0,,1315,20,0,0,8,0,0,0,0,0,0,0,0
request,355,0,210,0,decode,-1,0,0,0,0,0,0,0,0,0,0,0,0,0,0,0,0,0,0,0,0,,9234,7,0,0,6,0,0,0,0,0,0,0,0
layer,356,0,210,1025,decode,40,13,12,1,1205,556,87,28,1,0,1,1313,11,17,0,0,0,0,0,0,45,lru,0,0,0,0,0,0,16,15,16,0,1,0,1
request,356,0,210,0,decode,-1,0,0,0,0,0,0,0,0,0,0,0,0,0,0,0,0,0,0,0,0,,2018,23,0,0,6,0,0,0,0,0,0,0,0
layer,357,0,212,1025,decode,40,8,8,0,0,0,899,0,0,0,0,22,10,2,0,0,0,0,0,0,45,lru,0,0,0,0,0,0,8,8,8,0,0,0,1
request,357,0,212,0,decode,-1,0,0,0,0,0,0,0,0,0,0,0,0,0,0,0,0,0,0,0,0,,1318,20,0,0,7,0,0,0,0,0,0,0,0
request,358,0,212,0,decode,-1,0,0,0,0,0,0,0,0,0,0,0,0,0,0,0,0,0,0,0,0,,9244,7,0,0,6,0,0,0,0,0,0,0,0
layer,359,0,212,1025,decode,40,15,15,0,0,0,154,0,0,0,0,27,12,2,0,0,0,0,0,0,45,lru,0,0,0,0,0,0,16,16,16,0,0,0,1
request,359,0,212,0,decode,-1,0,0,0,0,0,0,0,0,0,0,0,0,0,0,0,0,0,0,0,0,,613,19,0,0,6,0,0,0,0,0,0,0,0
layer,360,0,214,1025,decode,40,8,8,0,0,0,900,0,0,0,0,22,11,2,0,0,0,0,0,0,45,lru,0,0,0,0,0,0,8,8,8,0,0,0,1
request,360,0,214,0,decode,-1,0,0,0,0,0,0,0,0,0,0,0,0,0,0,0,0,0,0,0,0,,1323,21,0,0,8,0,0,0,0,0,0,0,0
request,361,0,214,0,decode,-1,0,0,0,0,0,0,0,0,0,0,0,0,0,0,0,0,0,0,0,0,,9240,7,0,0,6,0,0,0,0,0,0,0,0
layer,362,0,214,1025,decode,40,13,13,0,0,0,142,0,0,0,0,25,12,2,0,0,0,0,0,0,45,lru,0,0,0,0,0,0,16,16,16,0,0,0,1
request,362,0,214,0,decode,-1,0,0,0,0,0,0,0,0,0,0,0,0,0,0,0,0,0,0,0,0,,602,18,0,0,6,0,0,0,0,0,0,0,0
layer,363,0,216,1025,decode,40,8,8,0,0,0,896,0,0,0,0,21,10,2,0,0,0,0,0,0,45,lru,0,0,0,0,0,0,8,8,8,0,0,0,1
request,363,0,216,0,decode,-1,0,0,0,0,0,0,0,0,0,0,0,0,0,0,0,0,0,0,0,0,,1306,21,0,0,8,0,0,0,0,0,0,0,0
request,364,0,216,0,decode,-1,0,0,0,0,0,0,0,0,0,0,0,0,0,0,0,0,0,0,0,0,,9237,7,0,0,6,0,0,0,0,0,0,0,0
layer,365,0,216,1025,decode,40,14,14,0,0,0,149,0,0,0,0,26,12,2,0,0,0,0,0,0,45,lru,0,0,0,0,0,0,16,16,16,0,0,0,1
request,365,0,216,0,decode,-1,0,0,0,0,0,0,0,0,0,0,0,0,0,0,0,0,0,0,0,0,,609,19,0,0,6,0,0,0,0,0,0,0,0
layer,366,0,218,1025,decode,40,8,7,1,913,536,871,59,1,0,1,1088,10,18,0,0,0,0,0,0,45,lru,0,0,0,0,0,0,8,7,8,0,1,0,1
request,366,0,218,0,decode,-1,0,0,0,0,0,0,0,0,0,0,0,0,0,0,0,0,0,0,0,0,,2448,34,0,0,16,0,0,0,0,0,0,0,0
request,367,0,218,0,decode,-1,0,0,0,0,0,0,0,0,0,0,0,0,0,0,0,0,0,0,0,0,,9236,7,0,0,6,0,0,0,0,0,0,0,0
layer,368,0,218,1025,decode,40,13,13,0,0,0,140,0,0,0,0,26,12,2,0,0,0,0,0,0,45,lru,0,0,0,0,0,0,16,16,16,0,0,0,1
request,368,0,218,0,decode,-1,0,0,0,0,0,0,0,0,0,0,0,0,0,0,0,0,0,0,0,0,,609,17,0,0,6,0,0,0,0,0,0,0,0
layer,369,0,220,1025,decode,40,8,8,0,0,0,898,0,0,0,0,22,10,2,0,0,0,0,0,0,45,lru,0,0,0,0,0,0,8,8,8,0,0,0,1
request,369,0,220,0,decode,-1,0,0,0,0,0,0,0,0,0,0,0,0,0,0,0,0,0,0,0,0,,1327,21,0,0,8,0,0,0,0,0,0,0,0
request,370,0,220,0,decode,-1,0,0,0,0,0,0,0,0,0,0,0,0,0,0,0,0,0,0,0,0,,9243,7,0,0,7,0,0,0,0,0,0,0,0
layer,371,0,220,1025,decode,40,15,15,0,0,0,151,0,0,0,0,26,12,2,0,0,0,0,0,0,45,lru,0,0,0,0,0,0,16,16,16,0,0,0,1
request,371,0,220,0,decode,-1,0,0,0,0,0,0,0,0,0,0,0,0,0,0,0,0,0,0,0,0,,613,18,0,0,6,0,0,0,0,0,0,0,0
layer,372,0,222,1025,decode,40,8,8,0,0,0,898,0,0,0,0,22,10,2,0,0,0,0,0,0,45,lru,0,0,0,0,0,0,8,8,8,0,0,0,1
request,372,0,222,0,decode,-1,0,0,0,0,0,0,0,0,0,0,0,0,0,0,0,0,0,0,0,0,,1322,20,0,0,8,0,0,0,0,0,0,0,0
request,373,0,222,0,decode,-1,0,0,0,0,0,0,0,0,0,0,0,0,0,0,0,0,0,0,0,0,,9231,7,0,0,7,0,0,0,0,0,0,0,0
layer,374,0,222,1025,decode,40,13,13,0,0,0,141,0,0,0,0,24,11,2,0,0,0,0,0,0,45,lru,0,0,0,0,0,0,16,16,16,0,0,0,1
request,374,0,222,0,decode,-1,0,0,0,0,0,0,0,0,0,0,0,0,0,0,0,0,0,0,0,0,,596,18,0,0,6,0,0,0,0,0,0,0,0
layer,375,0,224,1025,decode,40,8,8,0,0,0,897,0,0,0,0,22,11,2,0,0,0,0,0,0,45,lru,0,0,0,0,0,0,8,8,8,0,0,0,1
request,375,0,224,0,decode,-1,0,0,0,0,0,0,0,0,0,0,0,0,0,0,0,0,0,0,0,0,,1314,20,0,0,8,0,0,0,0,0,0,0,0
request,376,0,224,0,decode,-1,0,0,0,0,0,0,0,0,0,0,0,0,0,0,0,0,0,0,0,0,,9533,10,0,0,8,0,0,0,0,0,0,0,0
layer,377,0,224,1025,decode,40,15,15,0,0,0,177,0,0,0,0,49,26,3,0,0,0,0,0,0,45,lru,0,0,0,0,0,0,16,16,16,0,0,0,1
request,377,0,224,0,decode,-1,0,0,0,0,0,0,0,0,0,0,0,0,0,0,0,0,0,0,0,0,,1315,18,0,0,5,0,0,0,0,0,0,0,0
layer,378,0,226,1025,decode,40,8,8,0,0,0,903,0,0,0,0,24,11,2,0,0,0,0,0,0,45,lru,0,0,0,0,0,0,8,8,8,0,0,0,1
request,378,0,226,0,decode,-1,0,0,0,0,0,0,0,0,0,0,0,0,0,0,0,0,0,0,0,0,,1342,20,0,0,7,0,0,0,0,0,0,0,0
request,379,0,226,0,decode,-1,0,0,0,0,0,0,0,0,0,0,0,0,0,0,0,0,0,0,0,0,,9352,7,0,0,6,0,0,0,0,0,0,0,0
layer,380,0,226,1025,decode,40,13,13,0,0,0,146,0,0,0,0,25,12,2,0,0,0,0,0,0,45,lru,0,0,0,0,0,0,16,16,16,0,0,0,1
request,380,0,226,0,decode,-1,0,0,0,0,0,0,0,0,0,0,0,0,0,0,0,0,0,0,0,0,,608,18,0,0,6,0,0,0,0,0,0,0,0
layer,381,0,228,1025,decode,40,8,8,0,0,0,898,0,0,0,0,22,9,5,0,0,0,0,0,0,45,lru,0,0,0,0,0,0,8,8,8,0,0,0,1
request,381,0,228,0,decode,-1,0,0,0,0,0,0,0,0,0,0,0,0,0,0,0,0,0,0,0,0,,1314,19,0,0,7,0,0,0,0,0,0,0,0
request,382,0,228,0,decode,-1,0,0,0,0,0,0,0,0,0,0,0,0,0,0,0,0,0,0,0,0,,9232,7,0,0,6,0,0,0,0,0,0,0,0
layer,383,0,228,1025,decode,40,15,15,0,0,0,150,0,0,0,0,25,11,2,0,0,0,0,0,0,45,lru,0,0,0,0,0,0,16,16,16,0,0,0,1
request,383,0,228,0,decode,-1,0,0,0,0,0,0,0,0,0,0,0,0,0,0,0,0,0,0,0,0,,608,17,0,0,5,0,0,0,0,0,0,0,0
layer,384,0,230,1025,decode,40,8,8,0,0,0,899,0,0,0,0,24,10,5,0,0,0,0,0,0,45,lru,0,0,0,0,0,0,8,8,8,0,0,0,1
request,384,0,230,0,decode,-1,0,0,0,0,0,0,0,0,0,0,0,0,0,0,0,0,0,0,0,0,,1338,21,0,0,8,0,0,0,0,0,0,0,0
request,385,0,230,0,decode,-1,0,0,0,0,0,0,0,0,0,0,0,0,0,0,0,0,0,0,0,0,,9235,7,0,0,6,0,0,0,0,0,0,0,0
layer,386,0,230,1025,decode,40,13,13,0,0,0,143,0,0,0,0,30,12,6,0,0,0,0,0,0,45,lru,0,0,0,0,0,0,16,16,16,0,0,0,1
request,386,0,230,0,decode,-1,0,0,0,0,0,0,0,0,0,0,0,0,0,0,0,0,0,0,0,0,,606,18,0,0,6,0,0,0,0,0,0,0,0
layer,387,0,232,1025,decode,40,8,8,0,0,0,892,0,0,0,0,21,10,2,0,0,0,0,0,0,45,lru,0,0,0,0,0,0,8,8,8,0,0,0,1
request,387,0,232,0,decode,-1,0,0,0,0,0,0,0,0,0,0,0,0,0,0,0,0,0,0,0,0,,1310,20,0,0,7,0,0,0,0,0,0,0,0
request,388,0,232,0,decode,-1,0,0,0,0,0,0,0,0,0,0,0,0,0,0,0,0,0,0,0,0,,9230,7,0,0,6,0,0,0,0,0,0,0,0
layer,389,0,232,1025,decode,40,15,15,0,0,0,152,0,0,0,0,30,15,2,0,0,0,0,0,0,45,lru,0,0,0,0,0,0,16,16,16,0,0,0,1
request,389,0,232,0,decode,-1,0,0,0,0,0,0,0,0,0,0,0,0,0,0,0,0,0,0,0,0,,612,18,0,0,5,0,0,0,0,0,0,0,0
layer,390,0,234,1025,decode,40,8,8,0,0,0,893,0,0,0,0,21,10,2,0,0,0,0,0,0,45,lru,0,0,0,0,0,0,8,8,8,0,0,0,1
request,390,0,234,0,decode,-1,0,0,0,0,0,0,0,0,0,0,0,0,0,0,0,0,0,0,0,0,,1320,31,0,0,18,0,0,0,0,0,0,0,0
request,391,0,234,0,decode,-1,0,0,0,0,0,0,0,0,0,0,0,0,0,0,0,0,0,0,0,0,,9238,7,0,0,6,0,0,0,0,0,0,0,0
layer,392,0,234,1025,decode,40,13,13,0,0,0,140,0,0,0,0,25,11,2,0,0,0,0,0,0,45,lru,0,0,0,0,0,0,16,16,16,0,0,0,1
request,392,0,234,0,decode,-1,0,0,0,0,0,0,0,0,0,0,0,0,0,0,0,0,0,0,0,0,,598,18,0,0,6,0,0,0,0,0,0,0,0
layer,393,0,236,1025,decode,40,8,8,0,0,0,905,0,0,0,0,27,10,6,0,0,0,0,0,0,45,lru,0,0,0,0,0,0,8,8,8,0,0,0,1
request,393,0,236,0,decode,-1,0,0,0,0,0,0,0,0,0,0,0,0,0,0,0,0,0,0,0,0,,1329,21,0,0,7,0,0,0,0,0,0,0,0
request,394,0,236,0,decode,-1,0,0,0,0,0,0,0,0,0,0,0,0,0,0,0,0,0,0,0,0,,9241,7,0,0,6,0,0,0,0,0,0,0,0
layer,395,0,236,1025,decode,40,15,15,0,0,0,152,0,0,0,0,26,11,2,0,0,0,0,0,0,45,lru,0,0,0,0,0,0,16,16,16,0,0,0,1
request,395,0,236,0,decode,-1,0,0,0,0,0,0,0,0,0,0,0,0,0,0,0,0,0,0,0,0,,615,17,0,0,5,0,0,0,0,0,0,0,0
layer,396,0,238,1025,decode,40,8,8,0,0,0,896,0,0,0,0,26,10,7,0,0,0,0,0,0,45,lru,0,0,0,0,0,0,8,8,8,0,0,0,1
request,396,0,238,0,decode,-1,0,0,0,0,0,0,0,0,0,0,0,0,0,0,0,0,0,0,0,0,,1320,20,0,0,7,0,0,0,0,0,0,0,0
request,397,0,238,0,decode,-1,0,0,0,0,0,0,0,0,0,0,0,0,0,0,0,0,0,0,0,0,,9229,6,0,0,6,0,0,0,0,0,0,0,0
layer,398,0,238,1025,decode,40,13,13,0,0,0,141,0,0,0,0,26,14,2,0,0,0,0,0,0,45,lru,0,0,0,0,0,0,16,16,16,0,0,0,1
request,398,0,238,0,decode,-1,0,0,0,0,0,0,0,0,0,0,0,0,0,0,0,0,0,0,0,0,,595,18,0,0,5,0,0,0,0,0,0,0,0
layer,399,0,240,1025,decode,40,8,8,0,0,0,897,0,0,0,0,22,10,2,0,0,0,0,0,0,45,lru,0,0,0,0,0,0,8,8,8,0,0,0,1
request,399,0,240,0,decode,-1,0,0,0,0,0,0,0,0,0,0,0,0,0,0,0,0,0,0,0,0,,1315,20,0,0,8,0,0,0,0,0,0,0,0
request,400,0,240,0,decode,-1,0,0,0,0,0,0,0,0,0,0,0,0,0,0,0,0,0,0,0,0,,9238,7,0,0,6,0,0,0,0,0,0,0,0
layer,401,0,240,1025,decode,40,15,15,0,0,0,150,0,0,0,0,30,16,2,0,0,0,0,0,0,45,lru,0,0,0,0,0,0,16,16,16,0,0,0,1
request,401,0,240,0,decode,-1,0,0,0,0,0,0,0,0,0,0,0,0,0,0,0,0,0,0,0,0,,610,17,0,0,5,0,0,0,0,0,0,0,0
layer,402,0,242,1025,decode,40,8,8,0,0,0,897,0,0,0,0,22,10,2,0,0,0,0,0,0,45,lru,0,0,0,0,0,0,8,8,8,0,0,0,1
request,402,0,242,0,decode,-1,0,0,0,0,0,0,0,0,0,0,0,0,0,0,0,0,0,0,0,0,,1316,20,0,0,7,0,0,0,0,0,0,0,0
request,403,0,242,0,decode,-1,0,0,0,0,0,0,0,0,0,0,0,0,0,0,0,0,0,0,0,0,,9228,7,0,0,6,0,0,0,0,0,0,0,0
layer,404,0,242,1025,decode,40,13,13,0,0,0,140,0,0,0,0,24,12,2,0,0,0,0,0,0,45,lru,0,0,0,0,0,0,16,16,16,0,0,0,1
request,404,0,242,0,decode,-1,0,0,0,0,0,0,0,0,0,0,0,0,0,0,0,0,0,0,0,0,,593,18,0,0,6,0,0,0,0,0,0,0,0
layer,405,0,244,1025,decode,40,8,8,0,0,0,897,0,0,0,0,25,10,6,0,0,0,0,0,0,45,lru,0,0,0,0,0,0,8,8,8,0,0,0,1
request,405,0,244,0,decode,-1,0,0,0,0,0,0,0,0,0,0,0,0,0,0,0,0,0,0,0,0,,1311,19,0,0,7,0,0,0,0,0,0,0,0
request,406,0,244,0,decode,-1,0,0,0,0,0,0,0,0,0,0,0,0,0,0,0,0,0,0,0,0,,9230,7,0,0,6,0,0,0,0,0,0,0,0
layer,407,0,244,1025,decode,40,15,15,0,0,0,152,0,0,0,0,25,11,2,0,0,0,0,0,0,45,lru,0,0,0,0,0,0,16,16,16,0,0,0,1
request,407,0,244,0,decode,-1,0,0,0,0,0,0,0,0,0,0,0,0,0,0,0,0,0,0,0,0,,609,18,0,0,6,0,0,0,0,0,0,0,0
layer,408,0,246,1025,decode,40,8,8,0,0,0,899,0,0,0,0,22,10,2,0,0,0,0,0,0,45,lru,0,0,0,0,0,0,8,8,8,0,0,0,1
request,408,0,246,0,decode,-1,0,0,0,0,0,0,0,0,0,0,0,0,0,0,0,0,0,0,0,0,,1321,20,0,0,7,0,0,0,0,0,0,0,0
request,409,0,246,0,decode,-1,0,0,0,0,0,0,0,0,0,0,0,0,0,0,0,0,0,0,0,0,,9229,7,0,0,6,0,0,0,0,0,0,0,0
layer,410,0,246,1025,decode,40,13,13,0,0,0,140,0,0,0,0,24,11,2,0,0,0,0,0,0,45,lru,0,0,0,0,0,0,16,16,16,0,0,0,1
request,410,0,246,0,decode,-1,0,0,0,0,0,0,0,0,0,0,0,0,0,0,0,0,0,0,0,0,,594,18,0,0,6,0,0,0,0,0,0,0,0
layer,411,0,248,1025,decode,40,8,8,0,0,0,892,0,0,0,0,21,10,2,0,0,0,0,0,0,45,lru,0,0,0,0,0,0,8,8,8,0,0,0,1
request,411,0,248,0,decode,-1,0,0,0,0,0,0,0,0,0,0,0,0,0,0,0,0,0,0,0,0,,1306,20,0,0,7,0,0,0,0,0,0,0,0
request,412,0,248,0,decode,-1,0,0,0,0,0,0,0,0,0,0,0,0,0,0,0,0,0,0,0,0,,9225,7,0,0,6,0,0,0,0,0,0,0,0
layer,413,0,248,1025,decode,40,15,15,0,0,0,151,0,0,0,0,29,15,2,0,0,0,0,0,0,45,lru,0,0,0,0,0,0,16,16,16,0,0,0,1
request,413,0,248,0,decode,-1,0,0,0,0,0,0,0,0,0,0,0,0,0,0,0,0,0,0,0,0,,632,26,0,0,14,0,0,0,0,0,0,0,0
layer,414,0,250,1025,decode,40,8,8,0,0,0,892,0,0,0,0,21,10,2,0,0,0,0,0,0,45,lru,0,0,0,0,0,0,8,8,8,0,0,0,1
request,414,0,250,0,decode,-1,0,0,0,0,0,0,0,0,0,0,0,0,0,0,0,0,0,0,0,0,,1307,20,0,0,7,0,0,0,0,0,0,0,0
request,415,0,250,0,decode,-1,0,0,0,0,0,0,0,0,0,0,0,0,0,0,0,0,0,0,0,0,,9233,7,0,0,6,0,0,0,0,0,0,0,0
layer,416,0,250,1025,decode,40,13,13,0,0,0,142,0,0,0,0,30,12,6,0,0,0,0,0,0,45,lru,0,0,0,0,0,0,16,16,16,0,0,0,1
request,416,0,250,0,decode,-1,0,0,0,0,0,0,0,0,0,0,0,0,0,0,0,0,0,0,0,0,,605,18,0,0,6,0,0,0,0,0,0,0,0
layer,417,0,252,1025,decode,40,8,8,0,0,0,893,0,0,0,0,21,10,2,0,0,0,0,0,0,45,lru,0,0,0,0,0,0,8,8,8,0,0,0,1
request,417,0,252,0,decode,-1,0,0,0,0,0,0,0,0,0,0,0,0,0,0,0,0,0,0,0,0,,1313,20,0,0,7,0,0,0,0,0,0,0,0
request,418,0,252,0,decode,-1,0,0,0,0,0,0,0,0,0,0,0,0,0,0,0,0,0,0,0,0,,9232,7,0,0,6,0,0,0,0,0,0,0,0
layer,419,0,252,1025,decode,40,15,15,0,0,0,151,0,0,0,0,26,12,2,0,0,0,0,0,0,45,lru,0,0,0,0,0,0,16,16,16,0,0,0,1
request,419,0,252,0,decode,-1,0,0,0,0,0,0,0,0,0,0,0,0,0,0,0,0,0,0,0,0,,613,19,0,0,7,0,0,0,0,0,0,0,0
layer,420,0,254,1025,decode,40,8,8,0,0,0,893,0,0,0,0,26,14,3,0,0,0,0,0,0,45,lru,0,0,0,0,0,0,8,8,8,0,0,0,1
request,420,0,254,0,decode,-1,0,0,0,0,0,0,0,0,0,0,0,0,0,0,0,0,0,0,0,0,,1317,20,0,0,7,0,0,0,0,0,0,0,0
request,421,0,254,0,decode,-1,0,0,0,0,0,0,0,0,0,0,0,0,0,0,0,0,0,0,0,0,,9238,7,0,0,6,0,0,0,0,0,0,0,0
layer,422,0,254,1025,decode,40,13,13,0,0,0,141,0,0,0,0,24,12,2,0,0,0,0,0,0,45,lru,0,0,0,0,0,0,16,16,16,0,0,0,1
request,422,0,254,0,decode,-1,0,0,0,0,0,0,0,0,0,0,0,0,0,0,0,0,0,0,0,0,,598,18,0,0,5,0,0,0,0,0,0,0,0
layer,423,0,256,1025,decode,40,8,8,0,0,0,892,0,0,0,0,21,10,2,0,0,0,0,0,0,45,lru,0,0,0,0,0,0,8,8,8,0,0,0,1
request,423,0,256,0,decode,-1,0,0,0,0,0,0,0,0,0,0,0,0,0,0,0,0,0,0,0,0,,1319,20,0,0,7,0,0,0,0,0,0,0,0
layer,424,0,256,1445,decode,0,16,7,9,9791,5749,617,804,36,1,35,10643,16,25,0,0,0,0,0,0,45,lru,0,0,0,0,0,0,16,7,16,0,9,0,1
layer,424,0,256,1445,decode,1,15,9,6,6533,3721,531,460,26,1,25,7001,16,17,0,0,0,0,0,0,45,lru,0,0,0,0,0,0,16,10,16,0,6,0,1
layer,424,0,256,1445,decode,2,14,1,13,14262,8179,244,808,24,0,24,15141,13,10,0,0,0,0,0,0,45,lru,0,0,0,0,0,0,16,2,16,0,13,0,1
layer,424,0,256,1445,decode,3,15,4,11,11154,6272,510,625,34,1,33,11840,9,12,0,0,0,0,0,0,45,lru,0,0,0,0,0,0,16,5,16,0,11,0,2
layer,424,0,256,1445,decode,4,12,4,8,13341,2742,440,328,19,0,19,13787,10,4,0,0,0,0,0,0,45,lru,0,0,0,0,0,0,16,6,16,0,8,0,4
layer,424,0,256,1445,decode,5,12,6,6,3421,1298,477,92,13,1,12,3666,10,3,0,0,0,0,0,0,45,lru,0,0,0,0,0,0,16,9,16,0,6,0,1
layer,424,0,256,1445,decode,6,14,7,7,3682,1455,244,133,15,0,15,3960,10,3,0,0,0,0,0,0,45,lru,0,0,0,0,0,0,16,8,16,0,7,0,0
layer,424,0,256,1445,decode,7,14,7,7,10721,1560,649,105,9,1,8,11009,9,4,0,0,0,0,0,0,45,lru,0,0,0,0,0,0,16,9,16,0,7,0,1
layer,424,0,256,1445,decode,8,10,5,5,24045,1351,465,106,13,0,13,24293,11,9,0,0,0,0,0,0,45,lru,0,0,0,0,0,0,16,9,16,0,5,0,1
layer,424,0,256,1445,decode,9,14,9,5,18781,968,521,73,14,1,13,18994,10,3,0,0,0,0,0,0,45,lru,0,0,0,0,0,0,16,11,16,0,5,0,1
layer,424,0,256,1445,decode,10,15,6,9,26705,1840,247,139,16,0,16,27055,9,3,0,0,0,0,0,0,45,lru,0,0,0,0,0,0,16,7,16,0,9,0,2
layer,424,0,256,1445,decode,11,16,5,11,12760,2320,517,183,8,1,7,13162,10,2,0,0,0,0,0,0,45,lru,0,0,0,0,0,0,16,5,16,0,11,0,4
layer,424,0,256,1445,decode,12,16,7,9,29148,2179,576,137,9,0,9,29488,11,4,0,0,0,0,0,0,45,lru,0,0,0,0,0,0,16,7,16,0,9,0,2
layer,424,0,256,1445,decode,13,15,11,4,7104,901,560,55,10,1,9,7282,12,4,0,0,0,0,0,0,45,lru,0,0,0,0,0,0,16,11,16,0,4,0,1
layer,424,0,256,1445,decode,14,15,9,6,3405,1344,248,90,12,0,12,3651,14,3,0,0,0,0,0,0,45,lru,0,0,0,0,0,0,16,10,16,0,6,0,3
layer,424,0,256,1445,decode,15,16,7,9,19360,1933,500,116,9,1,8,19679,10,3,0,0,0,0,0,0,45,lru,0,0,0,0,0,0,16,7,16,0,9,0,1
layer,424,0,256,1445,decode,16,16,11,5,2820,1153,531,66,10,0,10,3041,10,5,0,0,0,0,0,0,45,lru,0,0,0,0,0,0,16,11,16,0,5,0,1
layer,424,0,256,1445,decode,17,15,7,8,19873,1960,804,113,4,1,3,20162,9,3,0,0,0,0,0,0,45,lru,0,0,0,0,0,0,16,8,16,0,8,0,1
layer,424,0,256,1445,decode,18,14,8,6,3390,1330,243,71,3,0,3,3617,12,4,0,0,0,0,0,0,45,lru,0,0,0,0,0,0,16,9,16,0,6,0,3
layer,424,0,256,1445,decode,19,15,11,4,4324,895,474,48,3,1,2,4494,10,2,0,0,0,0,0,0,45,lru,0,0,0,0,0,0,16,12,16,0,4,0,1
layer,424,0,256,1445,decode,20,15,6,9,13703,1891,526,122,2,0,2,14013,10,3,0,0,0,0,0,0,45,lru,0,0,0,0,0,0,16,6,16,0,9,0,1
layer,424,0,256,1445,decode,21,16,7,9,10947,1888,512,123,4,1,3,11261,10,4,0,0,0,0,0,0,45,lru,0,0,0,0,0,0,16,7,16,0,9,0,1
layer,424,0,256,1445,decode,22,16,7,9,4971,1941,254,163,3,0,3,5291,12,4,0,0,0,0,0,0,45,lru,0,0,0,0,0,0,16,7,16,0,9,0,1
layer,424,0,256,1445,decode,23,16,6,10,27239,2311,490,171,4,1,3,27592,10,3,0,0,0,0,0,0,45,lru,0,0,0,0,0,0,16,6,16,0,10,0,1
layer,424,0,256,1445,decode,24,15,8,7,4189,1544,468,153,2,0,2,4458,10,3,0,0,0,0,0,0,45,lru,0,0,0,0,0,0,16,9,16,0,7,0,2
layer,424,0,256,1445,decode,25,15,7,8,23405,2068,470,123,2,1,1,23690,10,3,0,0,0,0,0,0,45,lru,0,0,0,0,0,0,16,7,16,0,8,0,1
layer,424,0,256,1445,decode,26,15,11,4,10647,895,249,62,2,0,2,10811,9,4,0,0,0,0,0,0,45,lru,0,0,0,0,0,0,16,12,16,0,4,0,1
layer,424,0,256,1445,decode,27,14,12,2,3295,415,506,20,2,0,2,3394,9,2,0,0,0,0,0,0,45,lru,0,0,0,0,0,0,16,14,16,0,2,0,3
layer,424,0,256,1445,decode,28,14,8,6,10618,1543,579,70,3,0,3,10841,9,5,0,0,0,0,0,0,45,lru,0,0,0,0,0,0,16,9,16,0,6,0,2
layer,424,0,256,1445,decode,29,13,9,4,1979,930,496,71,4,1,3,2167,12,4,0,0,0,0,0,0,45,lru,0,0,0,0,0,0,16,11,16,0,4,0,2
layer,424,0,256,1445,decode,30,13,8,5,2663,1137,235,61,3,0,3,2858,10,3,0,0,0,0,0,0,45,lru,0,0,0,0,0,0,16,11,16,0,5,0,1
layer,424,0,256,1445,decode,31,14,11,3,14562,842,405,55,3,1,2,14698,9,2,0,0,0,0,0,0,45,lru,0,0,0,0,0,0,16,13,16,0,3,0,3
layer,424,0,256,1445,decode,32,13,11,2,972,493,429,26,4,0,4,1075,9,3,0,0,0,0,0,0,45,lru,0,0,0,0,0,0,16,14,16,0,2,0,2
layer,424,0,256,1445,decode,33,12,8,4,1885,883,510,45,3,1,2,2054,9,3,0,0,0,0,0,0,45,lru,0,0,0,0,0,0,16,11,16,0,4,0,0
layer,424,0,256,1445,decode,34,11,9,2,1139,494,225,18,3,0,3,1239,9,3,0,0,0,0,0,0,45,lru,0,0,0,0,0,0,16,14,16,0,2,0,0
layer,424,0,256,1445,decode,35,11,8,3,1482,716,469,42,3,1,2,1612,9,3,0,0,0,0,0,0,45,lru,0,0,0,0,0,0,16,13,16,0,3,0,3
layer,424,0,256,1445,decode,36,13,9,4,5273,873,814,44,2,0,2,5437,11,4,0,0,0,0,0,0,45,lru,0,0,0,0,0,0,16,11,16,0,4,0,2
layer,424,0,256,1445,decode,37,14,10,4,1929,918,478,45,3,1,2,2099,12,4,0,0,0,0,0,0,45,lru,0,0,0,0,0,0,16,12,16,0,4,0,1
layer,424,0,256,1445,decode,38,13,7,6,12168,1849,236,276,2,0,2,12504,10,3,0,0,0,0,0,0,45,lru,0,0,0,0,0,0,16,10,16,0,6,0,2
layer,424,0,256,1445,decode,39,15,8,7,16650,1937,1069,113,1,0,1,16910,9,3,0,0,0,0,0,0,45,lru,0,0,0,0,0,0,16,9,16,0,7,0,1
request,424,0,256,0,decode,-1,0,0,0,0,0,0,0,0,0,0,0,0,0,0,0,0,0,0,0,0,,457377,1386,0,0,25,0,0,0,0,0,0,0,0
layer,425,0,256,1445,decode,40,15,15,0,0,0,157,0,0,0,0,28,12,3,0,0,0,0,0,0,45,lru,0,0,0,0,0,0,16,16,16,0,0,0,1
request,425,0,256,0,decode,-1,0,0,0,0,0,0,0,0,0,0,0,0,0,0,0,0,0,0,0,0,,778,23,0,0,10,0,0,0,0,0,0,0,0
layer,426,0,258,1445,decode,40,8,8,0,0,0,905,0,0,0,0,25,12,3,0,0,0,0,0,0,45,lru,0,0,0,0,0,0,8,8,8,0,0,0,1
request,426,0,258,0,decode,-1,0,0,0,0,0,0,0,0,0,0,0,0,0,0,0,0,0,0,0,0,,1399,24,0,0,11,0,0,0,0,0,0,0,0
request,427,0,258,0,decode,-1,0,0,0,0,0,0,0,0,0,0,0,0,0,0,0,0,0,0,0,0,,11664,10,0,0,9,0,0,0,0,0,0,0,0
layer,428,0,258,1445,decode,40,14,14,0,0,0,150,0,0,0,0,29,13,3,0,0,0,0,0,0,45,lru,0,0,0,0,0,0,16,16,16,0,0,0,1
request,428,0,258,0,decode,-1,0,0,0,0,0,0,0,0,0,0,0,0,0,0,0,0,0,0,0,0,,646,20,0,0,7,0,0,0,0,0,0,0,0
layer,429,0,260,1445,decode,40,8,7,1,548,345,841,12,2,0,2,619,11,3,0,0,0,0,0,0,45,lru,0,0,0,0,0,0,8,7,8,0,1,0,1
request,429,0,260,0,decode,-1,0,0,0,0,0,0,0,0,0,0,0,0,0,0,0,0,0,0,0,0,,2087,26,0,0,9,0,0,0,0,0,0,0,0
request,430,0,260,0,decode,-1,0,0,0,0,0,0,0,0,0,0,0,0,0,0,0,0,0,0,0,0,,15266,10,0,0,9,0,0,0,0,0,0,0,0
layer,431,0,260,1445,decode,40,15,15,0,0,0,154,0,0,0,0,31,14,3,0,0,0,0,0,0,45,lru,0,0,0,0,0,0,16,16,16,0,0,0,2
request,431,0,260,0,decode,-1,0,0,0,0,0,0,0,0,0,0,0,0,0,0,0,0,0,0,0,0,,674,20,0,0,7,0,0,0,0,0,0,0,0
layer,432,0,262,1445,decode,40,8,8,0,0,0,902,0,0,0,0,23,11,2,0,0,0,0,0,0,45,lru,0,0,0,0,0,0,8,8,8,0,0,0,1
request,432,0,262,0,decode,-1,0,0,0,0,0,0,0,0,0,0,0,0,0,0,0,0,0,0,0,0,,1351,21,0,0,8,0,0,0,0,0,0,0,0
request,433,0,262,0,decode,-1,0,0,0,0,0,0,0,0,0,0,0,0,0,0,0,0,0,0,0,0,,9715,16,0,0,16,0,0,0,0,0,0,0,0
layer,434,0,262,1445,decode,40,15,14,1,896,536,104,133,1,0,1,1017,12,12,0,0,0,0,0,0,45,lru,0,0,0,0,0,0,16,15,16,0,1,0,1
request,434,0,262,0,decode,-1,0,0,0,0,0,0,0,0,0,0,0,0,0,0,0,0,0,0,0,0,,1753,25,0,0,7,0,0,0,0,0,0,0,0
layer,435,0,264,1445,decode,40,8,8,0,0,0,899,0,0,0,0,24,12,2,0,0,0,0,0,0,45,lru,0,0,0,0,0,0,8,8,8,0,0,0,1
request,435,0,264,0,decode,-1,0,0,0,0,0,0,0,0,0,0,0,0,0,0,0,0,0,0,0,0,,1362,20,0,0,8,0,0,0,0,0,0,0,0
request,436,0,264,0,decode,-1,0,0,0,0,0,0,0,0,0,0,0,0,0,0,0,0,0,0,0,0,,9695,7,0,0,6,0,0,0,0,0,0,0,0
layer,437,0,264,1445,decode,40,15,15,0,0,0,151,0,0,0,0,26,12,2,0,0,0,0,0,0,45,lru,0,0,0,0,0,0,16,16,16,0,0,0,1
request,437,0,264,0,decode,-1,0,0,0,0,0,0,0,0,0,0,0,0,0,0,0,0,0,0,0,0,,620,19,0,0,7,0,0,0,0,0,0,0,0
layer,438,0,266,1445,decode,40,8,8,0,0,0,893,0,0,0,0,23,10,2,0,0,0,0,0,0,45,lru,0,0,0,0,0,0,8,8,8,0,0,0,2
request,438,0,266,0,decode,-1,0,0,0,0,0,0,0,0,0,0,0,0,0,0,0,0,0,0,0,0,,1322,20,0,0,7,0,0,0,0,0,0,0,0
request,439,0,266,0,decode,-1,0,0,0,0,0,0,0,0,0,0,0,0,0,0,0,0,0,0,0,0,,9697,7,0,0,6,0,0,0,0,0,0,0,0
layer,440,0,266,1445,decode,40,15,14,1,913,562,98,38,1,0,1,1049,12,13,0,0,0,0,0,0,45,lru,0,0,0,0,0,0,16,15,16,0,1,0,1
request,440,0,266,0,decode,-1,0,0,0,0,0,0,0,0,0,0,0,0,0,0,0,0,0,0,0,0,,1745,24,0,0,6,0,0,0,0,0,0,0,0
layer,441,0,268,1445,decode,40,8,8,0,0,0,893,0,0,0,0,23,11,2,0,0,0,0,0,0,45,lru,0,0,0,0,0,0,8,8,8,0,0,0,1
request,441,0,268,0,decode,-1,0,0,0,0,0,0,0,0,0,0,0,0,0,0,0,0,0,0,0,0,,1339,20,0,0,8,0,0,0,0,0,0,0,0
request,442,0,268,0,decode,-1,0,0,0,0,0,0,0,0,0,0,0,0,0,0,0,0,0,0,0,0,,9695,7,0,0,6,0,0,0,0,0,0,0,0
layer,443,0,268,1445,decode,40,15,15,0,0,0,152,0,0,0,0,26,12,2,0,0,0,0,0,0,45,lru,0,0,0,0,0,0,16,16,16,0,0,0,1
request,443,0,268,0,decode,-1,0,0,0,0,0,0,0,0,0,0,0,0,0,0,0,0,0,0,0,0,,620,18,0,0,6,0,0,0,0,0,0,0,0
layer,444,0,270,1445,decode,40,8,8,0,0,0,897,0,0,0,0,22,11,2,0,0,0,0,0,0,45,lru,0,0,0,0,0,0,8,8,8,0,0,0,1
request,444,0,270,0,decode,-1,0,0,0,0,0,0,0,0,0,0,0,0,0,0,0,0,0,0,0,0,,1324,20,0,0,8,0,0,0,0,0,0,0,0
request,445,0,270,0,decode,-1,0,0,0,0,0,0,0,0,0,0,0,0,0,0,0,0,0,0,0,0,,9691,7,0,0,6,0,0,0,0,0,0,0,0
layer,446,0,270,1445,decode,40,15,14,1,3473,546,90,29,1,0,1,3574,12,5,0,0,0,0,0,0,45,lru,0,0,0,0,0,0,16,15,16,0,1,0,1
request,446,0,270,0,decode,-1,0,0,0,0,0,0,0,0,0,0,0,0,0,0,0,0,0,0,0,0,,4297,23,0,0,6,0,0,0,0,0,0,0,0
layer,447,0,272,1445,decode,40,8,8,0,0,0,898,0,0,0,0,25,14,2,0,0,0,0,0,0,45,lru,0,0,0,0,0,0,8,8,8,0,0,0,1
request,447,0,272,0,decode,-1,0,0,0,0,0,0,0,0,0,0,0,0,0,0,0,0,0,0,0,0,,1342,20,0,0,7,0,0,0,0,0,0,0,0
request,448,0,272,0,decode,-1,0,0,0,0,0,0,0,0,0,0,0,0,0,0,0,0,0,0,0,0,,9698,7,0,0,7,0,0,0,0,0,0,0,0
layer,449,0,272,1445,decode,40,15,15,0,0,0,152,0,0,0,0,25,12,2,0,0,0,0,0,0,45,lru,0,0,0,0,0,0,16,16,16,0,0,0,1
request,449,0,272,0,decode,-1,0,0,0,0,0,0,0,0,0,0,0,0,0,0,0,0,0,0,0,0,,613,18,0,0,6,0,0,0,0,0,0,0,0
layer,450,0,274,1445,decode,40,8,8,0,0,0,898,0,0,0,0,21,10,2,0,0,0,0,0,0,45,lru,0,0,0,0,0,0,8,8,8,0,0,0,1
request,450,0,274,0,decode,-1,0,0,0,0,0,0,0,0,0,0,0,0,0,0,0,0,0,0,0,0,,1325,20,0,0,8,0,0,0,0,0,0,0,0
request,451,0,274,0,decode,-1,0,0,0,0,0,0,0,0,0,0,0,0,0,0,0,0,0,0,0,0,,9690,7,0,0,6,0,0,0,0,0,0,0,0
layer,452,0,274,1445,decode,40,14,14,0,0,0,150,0,0,0,0,26,12,2,0,0,0,0,0,0,45,lru,0,0,0,0,0,0,16,16,16,0,0,0,1
request,452,0,274,0,decode,-1,0,0,0,0,0,0,0,0,0,0,0,0,0,0,0,0,0,0,0,0,,614,18,0,0,6,0,0,0,0,0,0,0,0
layer,453,0,276,1445,decode,40,8,8,0,0,0,900,0,0,0,0,21,10,2,0,0,0,0,0,0,45,lru,0,0,0,0,0,0,8,8,8,0,0,0,1
request,453,0,276,0,decode,-1,0,0,0,0,0,0,0,0,0,0,0,0,0,0,0,0,0,0,0,0,,1317,20,0,0,7,0,0,0,0,0,0,0,0
request,454,0,276,0,decode,-1,0,0,0,0,0,0,0,0,0,0,0,0,0,0,0,0,0,0,0,0,,9687,7,0,0,7,0,0,0,0,0,0,0,0
layer,455,0,276,1445,decode,40,15,15,0,0,0,152,0,0,0,0,26,12,2,0,0,0,0,0,0,45,lru,0,0,0,0,0,0,16,16,16,0,0,0,1
request,455,0,276,0,decode,-1,0,0,0,0,0,0,0,0,0,0,0,0,0,0,0,0,0,0,0,0,,613,18,0,0,6,0,0,0,0,0,0,0,0
layer,456,0,278,1445,decode,40,8,8,0,0,0,898,0,0,0,0,20,10,2,0,0,0,0,0,0,45,lru,0,0,0,0,0,0,8,8,8,0,0,0,0
request,456,0,278,0,decode,-1,0,0,0,0,0,0,0,0,0,0,0,0,0,0,0,0,0,0,0,0,,1320,29,0,0,17,0,0,0,0,0,0,0,0
request,457,0,278,0,decode,-1,0,0,0,0,0,0,0,0,0,0,0,0,0,0,0,0,0,0,0,0,,9685,7,0,0,6,0,0,0,0,0,0,0,0
layer,458,0,278,1445,decode,40,14,14,0,0,0,146,0,0,0,0,25,11,2,0,0,0,0,0,0,45,lru,0,0,0,0,0,0,16,16,16,0,0,0,1
request,458,0,278,0,decode,-1,0,0,0,0,0,0,0,0,0,0,0,0,0,0,0,0,0,0,0,0,,610,18,0,0,5,0,0,0,0,0,0,0,0
layer,459,0,280,1445,decode,40,8,8,0,0,0,899,0,0,0,0,21,10,2,0,0,0,0,0,0,45,lru,0,0,0,0,0,0,8,8,8,0,0,0,1
request,459,0,280,0,decode,-1,0,0,0,0,0,0,0,0,0,0,0,0,0,0,0,0,0,0,0,0,,1319,20,0,0,7,0,0,0,0,0,0,0,0
request,460,0,280,0,decode,-1,0,0,0,0,0,0,0,0,0,0,0,0,0,0,0,0,0,0,0,0,,9689,7,0,0,6,0,0,0,0,0,0,0,0
layer,461,0,280,1445,decode,40,15,15,0,0,0,152,0,0,0,0,26,11,3,0,0,0,0,0,0,45,lru,0,0,0,0,0,0,16,16,16,0,0,0,1
request,461,0,280,0,decode,-1,0,0,0,0,0,0,0,0,0,0,0,0,0,0,0,0,0,0,0,0,,613,18,0,0,6,0,0,0,0,0,0,0,0
layer,462,0,282,1445,decode,40,8,8,0,0,0,898,0,0,0,0,22,10,2,0,0,0,0,0,0,45,lru,0,0,0,0,0,0,8,8,8,0,0,0,1
request,462,0,282,0,decode,-1,0,0,0,0,0,0,0,0,0,0,0,0,0,0,0,0,0,0,0,0,,1329,21,0,0,8,0,0,0,0,0,0,0,0
request,463,0,282,0,decode,-1,0,0,0,0,0,0,0,0,0,0,0,0,0,0,0,0,0,0,0,0,,9695,7,0,0,6,0,0,0,0,0,0,0,0
layer,464,0,282,1445,decode,40,14,14,0,0,0,146,0,0,0,0,26,12,2,0,0,0,0,0,0,45,lru,0,0,0,0,0,0,16,16,16,0,0,0,1
request,464,0,282,0,decode,-1,0,0,0,0,0,0,0,0,0,0,0,0,0,0,0,0,0,0,0,0,,607,18,0,0,6,0,0,0,0,0,0,0,0
layer,465,0,284,1445,decode,40,8,8,0,0,0,898,0,0,0,0,21,10,2,0,0,0,0,0,0,45,lru,0,0,0,0,0,0,8,8,8,0,0,0,1
request,465,0,284,0,decode,-1,0,0,0,0,0,0,0,0,0,0,0,0,0,0,0,0,0,0,0,0,,1319,20,0,0,8,0,0,0,0,0,0,0,0
request,466,0,284,0,decode,-1,0,0,0,0,0,0,0,0,0,0,0,0,0,0,0,0,0,0,0,0,,9693,7,0,0,7,0,0,0,0,0,0,0,0
layer,467,0,284,1445,decode,40,15,15,0,0,0,151,0,0,0,0,26,12,2,0,0,0,0,0,0,45,lru,0,0,0,0,0,0,16,16,16,0,0,0,1
request,467,0,284,0,decode,-1,0,0,0,0,0,0,0,0,0,0,0,0,0,0,0,0,0,0,0,0,,609,18,0,0,6,0,0,0,0,0,0,0,0
layer,468,0,286,1445,decode,40,8,8,0,0,0,897,0,0,0,0,21,10,2,0,0,0,0,0,0,45,lru,0,0,0,0,0,0,8,8,8,0,0,0,1
request,468,0,286,0,decode,-1,0,0,0,0,0,0,0,0,0,0,0,0,0,0,0,0,0,0,0,0,,1318,20,0,0,8,0,0,0,0,0,0,0,0
request,469,0,286,0,decode,-1,0,0,0,0,0,0,0,0,0,0,0,0,0,0,0,0,0,0,0,0,,9710,8,0,0,8,0,0,0,0,0,0,0,0
layer,470,0,286,1445,decode,40,14,14,0,0,0,150,0,0,0,0,29,13,3,0,0,0,0,0,0,45,lru,0,0,0,0,0,0,16,16,16,0,0,0,1
request,470,0,286,0,decode,-1,0,0,0,0,0,0,0,0,0,0,0,0,0,0,0,0,0,0,0,0,,641,19,0,0,6,0,0,0,0,0,0,0,0
layer,471,0,288,1445,decode,40,8,8,0,0,0,909,0,0,0,0,22,11,2,0,0,0,0,0,0,45,lru,0,0,0,0,0,0,8,8,8,0,0,0,1
request,471,0,288,0,decode,-1,0,0,0,0,0,0,0,0,0,0,0,0,0,0,0,0,0,0,0,0,,1343,21,0,0,8,0,0,0,0,0,0,0,0
request,472,0,288,0,decode,-1,0,0,0,0,0,0,0,0,0,0,0,0,0,0,0,0,0,0,0,0,,9701,8,0,0,7,0,0,0,0,0,0,0,0
layer,473,0,288,1445,decode,40,15,15,0,0,0,152,0,0,0,0,28,12,2,0,0,0,0,0,0,45,lru,0,0,0,0,0,0,16,16,16,0,0,0,1
request,473,0,288,0,decode,-1,0,0,0,0,0,0,0,0,0,0,0,0,0,0,0,0,0,0,0,0,,633,20,0,0,7,0,0,0,0,0,0,0,0
layer,474,0,290,1445,decode,40,8,8,0,0,0,901,0,0,0,0,22,11,2,0,0,0,0,0,0,45,lru,0,0,0,0,0,0,8,8,8,0,0,0,1
request,474,0,290,0,decode,-1,0,0,0,0,0,0,0,0,0,0,0,0,0,0,0,0,0,0,0,0,,1328,22,0,0,9,0,0,0,0,0,0,0,0
request,475,0,290,0,decode,-1,0,0,0,0,0,0,0,0,0,0,0,0,0,0,0,0,0,0,0,0,,9685,7,0,0,6,0,0,0,0,0,0,0,0
layer,476,0,290,1445,decode,40,14,14,0,0,0,147,0,0,0,0,26,11,2,0,0,0,0,0,0,45,lru,0,0,0,0,0,0,16,16,16,0,0,0,1
request,476,0,290,0,decode,-1,0,0,0,0,0,0,0,0,0,0,0,0,0,0,0,0,0,0,0,0,,613,18,0,0,6,0,0,0,0,0,0,0,0
layer,477,0,292,1445,decode,40,8,8,0,0,0,898,0,0,0,0,22,10,2,0,0,0,0,0,0,45,lru,0,0,0,0,0,0,8,8,8,0,0,0,1
request,477,0,292,0,decode,-1,0,0,0,0,0,0,0,0,0,0,0,0,0,0,0,0,0,0,0,0,,1317,21,0,0,8,0,0,0,0,0,0,0,0
request,478,0,292,0,decode,-1,0,0,0,0,0,0,0,0,0,0,0,0,0,0,0,0,0,0,0,0,,9687,7,0,0,6,0,0,0,0,0,0,0,0
layer,479,0,292,1445,decode,40,15,15,0,0,0,155,0,0,0,0,27,12,2,0,0,0,0,0,0,45,lru,0,0,0,0,0,0,16,16,16,0,0,0,1
request,479,0,292,0,decode,-1,0,0,0,0,0,0,0,0,0,0,0,0,0,0,0,0,0,0,0,0,,622,18,0,0,6,0,0,0,0,0,0,0,0
layer,480,0,294,1445,decode,40,8,8,0,0,0,899,0,0,0,0,23,11,2,0,0,0,0,0,0,45,lru,0,0,0,0,0,0,8,8,8,0,0,0,1
request,480,0,294,0,decode,-1,0,0,0,0,0,0,0,0,0,0,0,0,0,0,0,0,0,0,0,0,,1343,29,0,0,16,0,0,0,0,0,0,0,0
request,481,0,294,0,decode,-1,0,0,0,0,0,0,0,0,0,0,0,0,0,0,0,0,0,0,0,0,,9688,7,0,0,6,0,0,0,0,0,0,0,0
layer,482,0,294,1445,decode,40,14,14,0,0,0,146,0,0,0,0,27,12,2,0,0,0,0,0,0,45,lru,0,0,0,0,0,0,16,16,16,0,0,0,1
request,482,0,294,0,decode,-1,0,0,0,0,0,0,0,0,0,0,0,0,0,0,0,0,0,0,0,0,,609,18,0,0,6,0,0,0,0,0,0,0,0
layer,483,0,296,1445,decode,40,8,8,0,0,0,898,0,0,0,0,22,10,2,0,0,0,0,0,0,45,lru,0,0,0,0,0,0,8,8,8,0,0,0,1
request,483,0,296,0,decode,-1,0,0,0,0,0,0,0,0,0,0,0,0,0,0,0,0,0,0,0,0,,1321,20,0,0,7,0,0,0,0,0,0,0,0
request,484,0,296,0,decode,-1,0,0,0,0,0,0,0,0,0,0,0,0,0,0,0,0,0,0,0,0,,9690,7,0,0,6,0,0,0,0,0,0,0,0
layer,485,0,296,1445,decode,40,15,15,0,0,0,151,0,0,0,0,26,12,2,0,0,0,0,0,0,45,lru,0,0,0,0,0,0,16,16,16,0,0,0,1
request,485,0,296,0,decode,-1,0,0,0,0,0,0,0,0,0,0,0,0,0,0,0,0,0,0,0,0,,609,18,0,0,6,0,0,0,0,0,0,0,0
layer,486,0,298,1445,decode,40,8,8,0,0,0,898,0,0,0,0,22,10,2,0,0,0,0,0,0,45,lru,0,0,0,0,0,0,8,8,8,0,0,0,1
request,486,0,298,0,decode,-1,0,0,0,0,0,0,0,0,0,0,0,0,0,0,0,0,0,0,0,0,,1319,20,0,0,7,0,0,0,0,0,0,0,0
request,487,0,298,0,decode,-1,0,0,0,0,0,0,0,0,0,0,0,0,0,0,0,0,0,0,0,0,,9683,7,0,0,6,0,0,0,0,0,0,0,0
layer,488,0,298,1445,decode,40,14,14,0,0,0,147,0,0,0,0,26,12,2,0,0,0,0,0,0,45,lru,0,0,0,0,0,0,16,16,16,0,0,0,1
request,488,0,298,0,decode,-1,0,0,0,0,0,0,0,0,0,0,0,0,0,0,0,0,0,0,0,0,,613,18,0,0,6,0,0,0,0,0,0,0,0
layer,489,0,300,1445,decode,40,8,8,0,0,0,899,0,0,0,0,22,10,2,0,0,0,0,0,0,45,lru,0,0,0,0,0,0,8,8,8,0,0,0,1
request,489,0,300,0,decode,-1,0,0,0,0,0,0,0,0,0,0,0,0,0,0,0,0,0,0,0,0,,1325,20,0,0,7,0,0,0,0,0,0,0,0
request,490,0,300,0,decode,-1,0,0,0,0,0,0,0,0,0,0,0,0,0,0,0,0,0,0,0,0,,9689,7,0,0,6,0,0,0,0,0,0,0,0
layer,491,0,300,1445,decode,40,15,15,0,0,0,151,0,0,0,0,25,11,2,0,0,0,0,0,0,45,lru,0,0,0,0,0,0,16,16,16,0,0,0,1
request,491,0,300,0,decode,-1,0,0,0,0,0,0,0,0,0,0,0,0,0,0,0,0,0,0,0,0,,611,18,0,0,6,0,0,0,0,0,0,0,0
layer,492,0,302,1445,decode,40,8,8,0,0,0,899,0,0,0,0,22,11,2,0,0,0,0,0,0,45,lru,0,0,0,0,0,0,8,8,8,0,0,0,1
request,492,0,302,0,decode,-1,0,0,0,0,0,0,0,0,0,0,0,0,0,0,0,0,0,0,0,0,,1325,20,0,0,7,0,0,0,0,0,0,0,0
request,493,0,302,0,decode,-1,0,0,0,0,0,0,0,0,0,0,0,0,0,0,0,0,0,0,0,0,,9688,7,0,0,6,0,0,0,0,0,0,0,0
layer,494,0,302,1445,decode,40,14,14,0,0,0,147,0,0,0,0,25,12,2,0,0,0,0,0,0,45,lru,0,0,0,0,0,0,16,16,16,0,0,0,1
request,494,0,302,0,decode,-1,0,0,0,0,0,0,0,0,0,0,0,0,0,0,0,0,0,0,0,0,,604,18,0,0,5,0,0,0,0,0,0,0,0
layer,495,0,304,1445,decode,40,8,8,0,0,0,898,0,0,0,0,21,10,2,0,0,0,0,0,0,45,lru,0,0,0,0,0,0,8,8,8,0,0,0,1
request,495,0,304,0,decode,-1,0,0,0,0,0,0,0,0,0,0,0,0,0,0,0,0,0,0,0,0,,1319,19,0,0,7,0,0,0,0,0,0,0,0
request,496,0,304,0,decode,-1,0,0,0,0,0,0,0,0,0,0,0,0,0,0,0,0,0,0,0,0,,9685,7,0,0,6,0,0,0,0,0,0,0,0
layer,497,0,304,1445,decode,40,15,15,0,0,0,152,0,0,0,0,25,12,2,0,0,0,0,0,0,45,lru,0,0,0,0,0,0,16,16,16,0,0,0,1
request,497,0,304,0,decode,-1,0,0,0,0,0,0,0,0,0,0,0,0,0,0,0,0,0,0,0,0,,604,17,0,0,5,0,0,0,0,0,0,0,0
layer,498,0,306,1445,decode,40,8,8,0,0,0,897,0,0,0,0,21,10,2,0,0,0,0,0,0,45,lru,0,0,0,0,0,0,8,8,8,0,0,0,1
request,498,0,306,0,decode,-1,0,0,0,0,0,0,0,0,0,0,0,0,0,0,0,0,0,0,0,0,,1316,20,0,0,8,0,0,0,0,0,0,0,0
request,499,0,306,0,decode,-1,0,0,0,0,0,0,0,0,0,0,0,0,0,0,0,0,0,0,0,0,,9682,6,0,0,6,0,0,0,0,0,0,0,0
layer,500,0,306,1445,decode,40,14,14,0,0,0,146,0,0,0,0,26,12,2,0,0,0,0,0,0,45,lru,0,0,0,0,0,0,16,16,16,0,0,0,1
request,500,0,306,0,decode,-1,0,0,0,0,0,0,0,0,0,0,0,0,0,0,0,0,0,0,0,0,,607,18,0,0,5,0,0,0,0,0,0,0,0
layer,501,0,308,1445,decode,40,8,8,0,0,0,899,0,0,0,0,21,10,2,0,0,0,0,0,0,45,lru,0,0,0,0,0,0,8,8,8,0,0,0,1
request,501,0,308,0,decode,-1,0,0,0,0,0,0,0,0,0,0,0,0,0,0,0,0,0,0,0,0,,1323,20,0,0,8,0,0,0,0,0,0,0,0
request,502,0,308,0,decode,-1,0,0,0,0,0,0,0,0,0,0,0,0,0,0,0,0,0,0,0,0,,9686,7,0,0,6,0,0,0,0,0,0,0,0
layer,503,0,308,1445,decode,40,15,15,0,0,0,151,0,0,0,0,25,11,2,0,0,0,0,0,0,45,lru,0,0,0,0,0,0,16,16,16,0,0,0,1
request,503,0,308,0,decode,-1,0,0,0,0,0,0,0,0,0,0,0,0,0,0,0,0,0,0,0,0,,609,18,0,0,6,0,0,0,0,0,0,0,0
layer,504,0,310,1445,decode,40,8,8,0,0,0,900,0,0,0,0,22,10,2,0,0,0,0,0,0,45,lru,0,0,0,0,0,0,8,8,8,0,0,0,1
request,504,0,310,0,decode,-1,0,0,0,0,0,0,0,0,0,0,0,0,0,0,0,0,0,0,0,0,,1335,31,0,0,19,0,0,0,0,0,0,0,0
request,505,0,310,0,decode,-1,0,0,0,0,0,0,0,0,0,0,0,0,0,0,0,0,0,0,0,0,,9690,7,0,0,6,0,0,0,0,0,0,0,0
layer,506,0,310,1445,decode,40,14,14,0,0,0,146,0,0,0,0,25,11,2,0,0,0,0,0,0,45,lru,0,0,0,0,0,0,16,16,16,0,0,0,1
request,506,0,310,0,decode,-1,0,0,0,0,0,0,0,0,0,0,0,0,0,0,0,0,0,0,0,0,,603,18,0,0,6,0,0,0,0,0,0,0,0
layer,507,0,312,1445,decode,40,8,8,0,0,0,898,0,0,0,0,21,10,2,0,0,0,0,0,0,45,lru,0,0,0,0,0,0,8,8,8,0,0,0,1
request,507,0,312,0,decode,-1,0,0,0,0,0,0,0,0,0,0,0,0,0,0,0,0,0,0,0,0,,1316,20,0,0,7,0,0,0,0,0,0,0,0
request,508,0,312,0,decode,-1,0,0,0,0,0,0,0,0,0,0,0,0,0,0,0,0,0,0,0,0,,9681,7,0,0,7,0,0,0,0,0,0,0,0
layer,509,0,312,1445,decode,40,15,15,0,0,0,151,0,0,0,0,26,12,2,0,0,0,0,0,0,45,lru,0,0,0,0,0,0,16,16,16,0,0,0,1
request,509,0,312,0,decode,-1,0,0,0,0,0,0,0,0,0,0,0,0,0,0,0,0,0,0,0,0,,642,19,0,0,7,0,0,0,0,0,0,0,0
layer,510,0,314,1445,decode,40,8,8,0,0,0,898,0,0,0,0,22,11,2,0,0,0,0,0,0,45,lru,0,0,0,0,0,0,8,8,8,0,0,0,1
request,510,0,314,0,decode,-1,0,0,0,0,0,0,0,0,0,0,0,0,0,0,0,0,0,0,0,0,,1325,19,0,0,7,0,0,0,0,0,0,0,0
request,511,0,314,0,decode,-1,0,0,0,0,0,0,0,0,0,0,0,0,0,0,0,0,0,0,0,0,,9691,7,0,0,6,0,0,0,0,0,0,0,0
layer,512,0,314,1445,decode,40,14,14,0,0,0,146,0,0,0,0,26,12,2,0,0,0,0,0,0,45,lru,0,0,0,0,0,0,16,16,16,0,0,0,1
request,512,0,314,0,decode,-1,0,0,0,0,0,0,0,0,0,0,0,0,0,0,0,0,0,0,0,0,,606,17,0,0,5,0,0,0,0,0,0,0,0
layer,513,0,316,1445,decode,40,8,8,0,0,0,900,0,0,0,0,21,10,2,0,0,0,0,0,0,45,lru,0,0,0,0,0,0,8,8,8,0,0,0,1
request,513,0,316,0,decode,-1,0,0,0,0,0,0,0,0,0,0,0,0,0,0,0,0,0,0,0,0,,1319,19,0,0,7,0,0,0,0,0,0,0,0
request,514,0,316,0,decode,-1,0,0,0,0,0,0,0,0,0,0,0,0,0,0,0,0,0,0,0,0,,9692,7,0,0,6,0,0,0,0,0,0,0,0
layer,515,0,316,1445,decode,40,15,15,0,0,0,151,0,0,0,0,25,11,2,0,0,0,0,0,0,45,lru,0,0,0,0,0,0,16,16,16,0,0,0,1
request,515,0,316,0,decode,-1,0,0,0,0,0,0,0,0,0,0,0,0,0,0,0,0,0,0,0,0,,606,18,0,0,6,0,0,0,0,0,0,0,0
layer,516,0,318,1445,decode,40,8,7,1,923,560,858,91,2,0,2,1066,10,18,0,0,0,0,0,0,45,lru,0,0,0,0,0,0,8,7,8,0,1,0,1
request,516,0,318,0,decode,-1,0,0,0,0,0,0,0,0,0,0,0,0,0,0,0,0,0,0,0,0,,2475,26,0,0,8,0,0,0,0,0,0,0,0
request,517,0,318,0,decode,-1,0,0,0,0,0,0,0,0,0,0,0,0,0,0,0,0,0,0,0,0,,9702,7,0,0,7,0,0,0,0,0,0,0,0
layer,518,0,318,1445,decode,40,14,14,0,0,0,145,0,0,0,0,28,12,2,0,0,0,0,0,0,45,lru,0,0,0,0,0,0,16,16,16,0,0,0,1
request,518,0,318,0,decode,-1,0,0,0,0,0,0,0,0,0,0,0,0,0,0,0,0,0,0,0,0,,638,18,0,0,6,0,0,0,0,0,0,0,0
layer,519,0,320,1445,decode,40,8,8,0,0,0,899,0,0,0,0,22,10,2,0,0,0,0,0,0,45,lru,0,0,0,0,0,0,8,8,8,0,0,0,1
request,519,0,320,0,decode,-1,0,0,0,0,0,0,0,0,0,0,0,0,0,0,0,0,0,0,0,0,,1331,21,0,0,8,0,0,0,0,0,0,0,0
request,520,0,320,0,decode,-1,0,0,0,0,0,0,0,0,0,0,0,0,0,0,0,0,0,0,0,0,,9689,7,0,0,6,0,0,0,0,0,0,0,0
layer,521,0,320,1445,decode,40,15,15,0,0,0,151,0,0,0,0,26,12,2,0,0,0,0,0,0,45,lru,0,0,0,0,0,0,16,16,16,0,0,0,1
request,521,0,320,0,decode,-1,0,0,0,0,0,0,0,0,0,0,0,0,0,0,0,0,0,0,0,0,,616,18,0,0,6,0,0,0,0,0,0,0,0
layer,522,0,322,1445,decode,40,8,8,0,0,0,898,0,0,0,0,21,10,2,0,0,0,0,0,0,45,lru,0,0,0,0,0,0,8,8,8,0,0,0,1
request,522,0,322,0,decode,-1,0,0,0,0,0,0,0,0,0,0,0,0,0,0,0,0,0,0,0,0,,1322,20,0,0,7,0,0,0,0,0,0,0,0
request,523,0,322,0,decode,-1,0,0,0,0,0,0,0,0,0,0,0,0,0,0,0,0,0,0,0,0,,9691,6,0,0,6,0,0,0,0,0,0,0,0
layer,524,0,322,1445,decode,40,14,14,0,0,0,145,0,0,0,0,26,12,2,0,0,0,0,0,0,45,lru,0,0,0,0,0,0,16,16,16,0,0,0,1
request,524,0,322,0,decode,-1,0,0,0,0,0,0,0,0,0,0,0,0,0,0,0,0,0,0,0,0,,606,18,0,0,6,0,0,0,0,0,0,0,0
layer,525,0,324,1445,decode,40,8,8,0,0,0,897,0,0,0,0,21,11,2,0,0,0,0,0,0,45,lru,0,0,0,0,0,0,8,8,8,0,0,0,1
request,525,0,324,0,decode,-1,0,0,0,0,0,0,0,0,0,0,0,0,0,0,0,0,0,0,0,0,,1322,20,0,0,8,0,0,0,0,0,0,0,0
request,526,0,324,0,decode,-1,0,0,0,0,0,0,0,0,0,0,0,0,0,0,0,0,0,0,0,0,,9693,8,0,0,7,0,0,0,0,0,0,0,0
layer,527,0,324,1445,decode,40,15,15,0,0,0,152,0,0,0,0,27,12,2,0,0,0,0,0,0,45,lru,0,0,0,0,0,0,16,16,16,0,0,0,1
request,527,0,324,0,decode,-1,0,0,0,0,0,0,0,0,0,0,0,0,0,0,0,0,0,0,0,0,,623,19,0,0,6,0,0,0,0,0,0,0,0
layer,528,0,326,1445,decode,40,8,8,0,0,0,899,0,0,0,0,22,10,2,0,0,0,0,0,0,45,lru,0,0,0,0,0,0,8,8,8,0,0,0,1
request,528,0,326,0,decode,-1,0,0,0,0,0,0,0,0,0,0,0,0,0,0,0,0,0,0,0,0,,1336,32,0,0,19,0,0,0,0,0,0,0,0
request,529,0,326,0,decode,-1,0,0,0,0,0,0,0,0,0,0,0,0,0,0,0,0,0,0,0,0,,9697,7,0,0,6,0,0,0,0,0,0,0,0
layer,530,0,326,1445,decode,40,14,14,0,0,0,146,0,0,0,0,27,12,2,0,0,0,0,0,0,45,lru,0,0,0,0,0,0,16,16,16,0,0,0,2
request,530,0,326,0,decode,-1,0,0,0,0,0,0,0,0,0,0,0,0,0,0,0,0,0,0,0,0,,611,18,0,0,6,0,0,0,0,0,0,0,0
layer,531,0,328,1445,decode,40,8,8,0,0,0,898,0,0,0,0,22,10,2,0,0,0,0,0,0,45,lru,0,0,0,0,0,0,8,8,8,0,0,0,1
request,531,0,328,0,decode,-1,0,0,0,0,0,0,0,0,0,0,0,0,0,0,0,0,0,0,0,0,,1330,20,0,0,7,0,0,0,0,0,0,0,0
request,532,0,328,0,decode,-1,0,0,0,0,0,0,0,0,0,0,0,0,0,0,0,0,0,0,0,0,,9686,7,0,0,6,0,0,0,0,0,0,0,0
layer,533,0,328,1445,decode,40,15,15,0,0,0,150,0,0,0,0,26,12,2,0,0,0,0,0,0,45,lru,0,0,0,0,0,0,16,16,16,0,0,0,1
request,533,0,328,0,decode,-1,0,0,0,0,0,0,0,0,0,0,0,0,0,0,0,0,0,0,0,0,,614,18,0,0,6,0,0,0,0,0,0,0,0
layer,534,0,330,1445,decode,40,8,8,0,0,0,898,0,0,0,0,22,10,2,0,0,0,0,0,0,45,lru,0,0,0,0,0,0,8,8,8,0,0,0,1
request,534,0,330,0,decode,-1,0,0,0,0,0,0,0,0,0,0,0,0,0,0,0,0,0,0,0,0,,1318,19,0,0,7,0,0,0,0,0,0,0,0
request,535,0,330,0,decode,-1,0,0,0,0,0,0,0,0,0,0,0,0,0,0,0,0,0,0,0,0,,9690,7,0,0,6,0,0,0,0,0,0,0,0
layer,536,0,330,1445,decode,40,14,14,0,0,0,145,0,0,0,0,25,11,2,0,0,0,0,0,0,45,lru,0,0,0,0,0,0,16,16,16,0,0,0,1
request,536,0,330,0,decode,-1,0,0,0,0,0,0,0,0,0,0,0,0,0,0,0,0,0,0,0,0,,598,18,0,0,6,0,0,0,0,0,0,0,0
layer,537,0,332,1445,decode,40,8,8,0,0,0,901,0,0,0,0,21,10,2,0,0,0,0,0,0,45,lru,0,0,0,0,0,0,8,8,8,0,0,0,1
request,537,0,332,0,decode,-1,0,0,0,0,0,0,0,0,0,0,0,0,0,0,0,0,0,0,0,0,,1324,20,0,0,8,0,0,0,0,0,0,0,0
request,538,0,332,0,decode,-1,0,0,0,0,0,0,0,0,0,0,0,0,0,0,0,0,0,0,0,0,,9692,7,0,0,6,0,0,0,0,0,0,0,0
layer,539,0,332,1445,decode,40,15,15,0,0,0,150,0,0,0,0,27,12,2,0,0,0,0,0,0,45,lru,0,0,0,0,0,0,16,16,16,0,0,0,2
request,539,0,332,0,decode,-1,0,0,0,0,0,0,0,0,0,0,0,0,0,0,0,0,0,0,0,0,,622,18,0,0,6,0,0,0,0,0,0,0,0
layer,540,0,334,1445,decode,40,8,8,0,0,0,894,0,0,0,0,22,10,2,0,0,0,0,0,0,45,lru,0,0,0,0,0,0,8,8,8,0,0,0,1
request,540,0,334,0,decode,-1,0,0,0,0,0,0,0,0,0,0,0,0,0,0,0,0,0,0,0,0,,1324,20,0,0,8,0,0,0,0,0,0,0,0
request,541,0,334,0,decode,-1,0,0,0,0,0,0,0,0,0,0,0,0,0,0,0,0,0,0,0,0,,9685,7,0,0,7,0,0,0,0,0,0,0,0
layer,542,0,334,1445,decode,40,14,14,0,0,0,147,0,0,0,0,27,12,2,0,0,0,0,0,0,45,lru,0,0,0,0,0,0,16,16,16,0,0,0,1
request,542,0,334,0,decode,-1,0,0,0,0,0,0,0,0,0,0,0,0,0,0,0,0,0,0,0,0,,610,18,0,0,6,0,0,0,0,0,0,0,0
layer,543,0,336,1445,decode,40,8,8,0,0,0,892,0,0,0,0,22,11,2,0,0,0,0,0,0,45,lru,0,0,0,0,0,0,8,8,8,0,0,0,1
request,543,0,336,0,decode,-1,0,0,0,0,0,0,0,0,0,0,0,0,0,0,0,0,0,0,0,0,,1319,20,0,0,8,0,0,0,0,0,0,0,0
request,544,0,336,0,decode,-1,0,0,0,0,0,0,0,0,0,0,0,0,0,0,0,0,0,0,0,0,,9700,7,0,0,6,0,0,0,0,0,0,0,0
layer,545,0,336,1445,decode,40,15,15,0,0,0,151,0,0,0,0,26,12,2,0,0,0,0,0,0,45,lru,0,0,0,0,0,0,16,16,16,0,0,0,1
request,545,0,336,0,decode,-1,0,0,0,0,0,0,0,0,0,0,0,0,0,0,0,0,0,0,0,0,,613,18,0,0,6,0,0,0,0,0,0,0,0
layer,546,0,338,1445,decode,40,8,8,0,0,0,894,0,0,0,0,21,10,2,0,0,0,0,0,0,45,lru,0,0,0,0,0,0,8,8,8,0,0,0,1
request,546,0,338,0,decode,-1,0,0,0,0,0,0,0,0,0,0,0,0,0,0,0,0,0,0,0,0,,1316,19,0,0,7,0,0,0,0,0,0,0,0
request,547,0,338,0,decode,-1,0,0,0,0,0,0,0,0,0,0,0,0,0,0,0,0,0,0,0,0,,9683,7,0,0,6,0,0,0,0,0,0,0,0
layer,548,0,338,1445,decode,40,14,14,0,0,0,146,0,0,0,0,26,12,2,0,0,0,0,0,0,45,lru,0,0,0,0,0,0,16,16,16,0,0,0,1
request,548,0,338,0,decode,-1,0,0,0,0,0,0,0,0,0,0,0,0,0,0,0,0,0,0,0,0,,602,18,0,0,6,0,0,0,0,0,0,0,0
layer,549,0,340,1445,decode,40,8,8,0,0,0,893,0,0,0,0,21,10,2,0,0,0,0,0,0,45,lru,0,0,0,0,0,0,8,8,8,0,0,0,1
request,549,0,340,0,decode,-1,0,0,0,0,0,0,0,0,0,0,0,0,0,0,0,0,0,0,0,0,,1315,20,0,0,8,0,0,0,0,0,0,0,0
request,550,0,340,0,decode,-1,0,0,0,0,0,0,0,0,0,0,0,0,0,0,0,0,0,0,0,0,,9686,7,0,0,6,0,0,0,0,0,0,0,0
layer,551,0,340,1445,decode,40,15,15,0,0,0,150,0,0,0,0,25,12,2,0,0,0,0,0,0,45,lru,0,0,0,0,0,0,16,16,16,0,0,0,1
request,551,0,340,0,decode,-1,0,0,0,0,0,0,0,0,0,0,0,0,0,0,0,0,0,0,0,0,,619,28,0,0,16,0,0,0,0,0,0,0,0
layer,552,0,342,1445,decode,40,8,8,0,0,0,895,0,0,0,0,27,15,2,0,0,0,0,0,0,45,lru,0,0,0,0,0,0,8,8,8,0,0,0,1
request,552,0,342,0,decode,-1,0,0,0,0,0,0,0,0,0,0,0,0,0,0,0,0,0,0,0,0,,1326,20,0,0,8,0,0,0,0,0,0,0,0
request,553,0,342,0,decode,-1,0,0,0,0,0,0,0,0,0,0,0,0,0,0,0,0,0,0,0,0,,9686,7,0,0,6,0,0,0,0,0,0,0,0
layer,554,0,342,1445,decode,40,14,14,0,0,0,145,0,0,0,0,26,12,2,0,0,0,0,0,0,45,lru,0,0,0,0,0,0,16,16,16,0,0,0,1
request,554,0,342,0,decode,-1,0,0,0,0,0,0,0,0,0,0,0,0,0,0,0,0,0,0,0,0,,605,18,0,0,6,0,0,0,0,0,0,0,0
layer,555,0,344,1445,decode,40,8,8,0,0,0,893,0,0,0,0,20,10,2,0,0,0,0,0,0,45,lru,0,0,0,0,0,0,8,8,8,0,0,0,1
request,555,0,344,0,decode,-1,0,0,0,0,0,0,0,0,0,0,0,0,0,0,0,0,0,0,0,0,,1313,20,0,0,7,0,0,0,0,0,0,0,0
request,556,0,344,0,decode,-1,0,0,0,0,0,0,0,0,0,0,0,0,0,0,0,0,0,0,0,0,,9686,7,0,0,6,0,0,0,0,0,0,0,0
layer,557,0,344,1445,decode,40,15,15,0,0,0,150,0,0,0,0,28,14,2,0,0,0,0,0,0,45,lru,0,0,0,0,0,0,16,16,16,0,0,0,1
request,557,0,344,0,decode,-1,0,0,0,0,0,0,0,0,0,0,0,0,0,0,0,0,0,0,0,0,,605,17,0,0,6,0,0,0,0,0,0,0,0
layer,558,0,346,1445,decode,40,8,8,0,0,0,898,0,0,0,0,21,10,2,0,0,0,0,0,0,45,lru,0,0,0,0,0,0,8,8,8,0,0,0,1
request,558,0,346,0,decode,-1,0,0,0,0,0,0,0,0,0,0,0,0,0,0,0,0,0,0,0,0,,1317,20,0,0,8,0,0,0,0,0,0,0,0
request,559,0,346,0,decode,-1,0,0,0,0,0,0,0,0,0,0,0,0,0,0,0,0,0,0,0,0,,9690,8,0,0,7,0,0,0,0,0,0,0,0
layer,560,0,346,1445,decode,40,14,14,0,0,0,143,0,0,0,0,29,11,6,0,0,0,0,0,0,45,lru,0,0,0,0,0,0,16,16,16,0,0,0,1
request,560,0,346,0,decode,-1,0,0,0,0,0,0,0,0,0,0,0,0,0,0,0,0,0,0,0,0,,607,18,0,0,6,0,0,0,0,0,0,0,0
layer,561,0,348,1445,decode,40,8,8,0,0,0,898,0,0,0,0,21,10,2,0,0,0,0,0,0,45,lru,0,0,0,0,0,0,8,8,8,0,0,0,1
request,561,0,348,0,decode,-1,0,0,0,0,0,0,0,0,0,0,0,0,0,0,0,0,0,0,0,0,,1323,20,0,0,8,0,0,0,0,0,0,0,0
request,562,0,348,0,decode,-1,0,0,0,0,0,0,0,0,0,0,0,0,0,0,0,0,0,0,0,0,,9691,7,0,0,6,0,0,0,0,0,0,0,0
layer,563,0,348,1445,decode,40,15,15,0,0,0,151,0,0,0,0,25,12,2,0,0,0,0,0,0,45,lru,0,0,0,0,0,0,16,16,16,0,0,0,1
request,563,0,348,0,decode,-1,0,0,0,0,0,0,0,0,0,0,0,0,0,0,0,0,0,0,0,0,,611,18,0,0,6,0,0,0,0,0,0,0,0
layer,564,0,350,1445,decode,40,8,8,0,0,0,896,0,0,0,0,21,10,2,0,0,0,0,0,0,45,lru,0,0,0,0,0,0,8,8,8,0,0,0,1
request,564,0,350,0,decode,-1,0,0,0,0,0,0,0,0,0,0,0,0,0,0,0,0,0,0,0,0,,1318,20,0,0,7,0,0,0,0,0,0,0,0
request,565,0,350,0,decode,-1,0,0,0,0,0,0,0,0,0,0,0,0,0,0,0,0,0,0,0,0,,9691,6,0,0,6,0,0,0,0,0,0,0,0
layer,566,0,350,1445,decode,40,14,14,0,0,0,144,0,0,0,0,25,12,2,0,0,0,0,0,0,45,lru,0,0,0,0,0,0,16,16,16,0,0,0,1
request,566,0,350,0,decode,-1,0,0,0,0,0,0,0,0,0,0,0,0,0,0,0,0,0,0,0,0,,600,18,0,0,6,0,0,0,0,0,0,0,0
layer,567,0,352,1445,decode,40,8,8,0,0,0,898,0,0,0,0,20,10,2,0,0,0,0,0,0,45,lru,0,0,0,0,0,0,8,8,8,0,0,0,1
request,567,0,352,0,decode,-1,0,0,0,0,0,0,0,0,0,0,0,0,0,0,0,0,0,0,0,0,,1314,20,0,0,7,0,0,0,0,0,0,0,0
request,568,0,352,0,decode,-1,0,0,0,0,0,0,0,0,0,0,0,0,0,0,0,0,0,0,0,0,,9682,6,0,0,6,0,0,0,0,0,0,0,0
layer,569,0,352,1445,decode,40,15,15,0,0,0,151,0,0,0,0,25,12,2,0,0,0,0,0,0,45,lru,0,0,0,0,0,0,16,16,16,0,0,0,1
request,569,0,352,0,decode,-1,0,0,0,0,0,0,0,0,0,0,0,0,0,0,0,0,0,0,0,0,,610,18,0,0,6,0,0,0,0,0,0,0,0
layer,570,0,354,1445,decode,40,8,8,0,0,0,899,0,0,0,0,22,10,2,0,0,0,0,0,0,45,lru,0,0,0,0,0,0,8,8,8,0,0,0,1
request,570,0,354,0,decode,-1,0,0,0,0,0,0,0,0,0,0,0,0,0,0,0,0,0,0,0,0,,1319,19,0,0,7,0,0,0,0,0,0,0,0
request,571,0,354,0,decode,-1,0,0,0,0,0,0,0,0,0,0,0,0,0,0,0,0,0,0,0,0,,9688,6,0,0,6,0,0,0,0,0,0,0,0
layer,572,0,354,1445,decode,40,14,14,0,0,0,145,0,0,0,0,26,12,2,0,0,0,0,0,0,45,lru,0,0,0,0,0,0,16,16,16,0,0,0,1
request,572,0,354,0,decode,-1,0,0,0,0,0,0,0,0,0,0,0,0,0,0,0,0,0,0,0,0,,608,18,0,0,6,0,0,0,0,0,0,0,0
layer,573,0,356,1445,decode,40,8,8,0,0,0,897,0,0,0,0,21,10,2,0,0,0,0,0,0,45,lru,0,0,0,0,0,0,8,8,8,0,0,0,1
request,573,0,356,0,decode,-1,0,0,0,0,0,0,0,0,0,0,0,0,0,0,0,0,0,0,0,0,,1320,20,0,0,8,0,0,0,0,0,0,0,0
request,574,0,356,0,decode,-1,0,0,0,0,0,0,0,0,0,0,0,0,0,0,0,0,0,0,0,0,,9716,7,0,0,7,0,0,0,0,0,0,0,0
layer,575,0,356,1445,decode,40,15,15,0,0,0,151,0,0,0,0,26,12,2,0,0,0,0,0,0,45,lru,0,0,0,0,0,0,16,16,16,0,0,0,1
request,575,0,356,0,decode,-1,0,0,0,0,0,0,0,0,0,0,0,0,0,0,0,0,0,0,0,0,,1075,476,0,0,463,0,0,0,0,0,0,0,0
layer,576,0,358,1445,decode,40,8,8,0,0,0,902,0,0,0,0,26,11,2,0,0,0,0,0,0,45,lru,0,0,0,0,0,0,8,8,8,0,0,0,2
request,576,0,358,0,decode,-1,0,0,0,0,0,0,0,0,0,0,0,0,0,0,0,0,0,0,0,0,,1363,23,0,0,10,0,0,0,0,0,0,0,0
request,577,0,358,0,decode,-1,0,0,0,0,0,0,0,0,0,0,0,0,0,0,0,0,0,0,0,0,,9699,9,0,0,8,0,0,0,0,0,0,0,0
layer,578,0,358,1445,decode,40,14,14,0,0,0,147,0,0,0,0,28,12,2,0,0,0,0,0,0,45,lru,0,0,0,0,0,0,16,16,16,0,0,0,1
request,578,0,358,0,decode,-1,0,0,0,0,0,0,0,0,0,0,0,0,0,0,0,0,0,0,0,0,,622,20,0,0,7,0,0,0,0,0,0,0,0
layer,579,0,360,1445,decode,40,8,8,0,0,0,896,0,0,0,0,23,11,2,0,0,0,0,0,0,45,lru,0,0,0,0,0,0,8,8,8,0,0,0,1
request,579,0,360,0,decode,-1,0,0,0,0,0,0,0,0,0,0,0,0,0,0,0,0,0,0,0,0,,1327,21,0,0,8,0,0,0,0,0,0,0,0
request,580,0,360,0,decode,-1,0,0,0,0,0,0,0,0,0,0,0,0,0,0,0,0,0,0,0,0,,9693,7,0,0,6,0,0,0,0,0,0,0,0
layer,581,0,360,1445,decode,40,15,15,0,0,0,152,0,0,0,0,27,12,2,0,0,0,0,0,0,45,lru,0,0,0,0,0,0,16,16,16,0,0,0,1
request,581,0,360,0,decode,-1,0,0,0,0,0,0,0,0,0,0,0,0,0,0,0,0,0,0,0,0,,617,18,0,0,6,0,0,0,0,0,0,0,0
layer,582,0,362,1445,decode,40,8,8,0,0,0,897,0,0,0,0,22,11,2,0,0,0,0,0,0,45,lru,0,0,0,0,0,0,8,8,8,0,0,0,1
request,582,0,362,0,decode,-1,0,0,0,0,0,0,0,0,0,0,0,0,0,0,0,0,0,0,0,0,,1323,20,0,0,8,0,0,0,0,0,0,0,0
request,583,0,362,0,decode,-1,0,0,0,0,0,0,0,0,0,0,0,0,0,0,0,0,0,0,0,0,,9684,7,0,0,6,0,0,0,0,0,0,0,0
layer,584,0,362,1445,decode,40,14,14,0,0,0,145,0,0,0,0,27,12,2,0,0,0,0,0,0,45,lru,0,0,0,0,0,0,16,16,16,0,0,0,1
request,584,0,362,0,decode,-1,0,0,0,0,0,0,0,0,0,0,0,0,0,0,0,0,0,0,0,0,,616,18,0,0,6,0,0,0,0,0,0,0,0
layer,585,0,364,1445,decode,40,8,8,0,0,0,898,0,0,0,0,21,10,2,0,0,0,0,0,0,45,lru,0,0,0,0,0,0,8,8,8,0,0,0,1
request,585,0,364,0,decode,-1,0,0,0,0,0,0,0,0,0,0,0,0,0,0,0,0,0,0,0,0,,1318,20,0,0,7,0,0,0,0,0,0,0,0
request,586,0,364,0,decode,-1,0,0,0,0,0,0,0,0,0,0,0,0,0,0,0,0,0,0,0,0,,9695,7,0,0,6,0,0,0,0,0,0,0,0
layer,587,0,364,1445,decode,40,15,15,0,0,0,152,0,0,0,0,27,12,2,0,0,0,0,0,0,45,lru,0,0,0,0,0,0,16,16,16,0,0,0,1
request,587,0,364,0,decode,-1,0,0,0,0,0,0,0,0,0,0,0,0,0,0,0,0,0,0,0,0,,620,18,0,0,5,0,0,0,0,0,0,0,0
layer,588,0,366,1445,decode,40,8,8,0,0,0,894,0,0,0,0,22,11,2,0,0,0,0,0,0,45,lru,0,0,0,0,0,0,8,8,8,0,0,0,1
request,588,0,366,0,decode,-1,0,0,0,0,0,0,0,0,0,0,0,0,0,0,0,0,0,0,0,0,,1323,20,0,0,8,0,0,0,0,0,0,0,0
request,589,0,366,0,decode,-1,0,0,0,0,0,0,0,0,0,0,0,0,0,0,0,0,0,0,0,0,,9687,7,0,0,6,0,0,0,0,0,0,0,0
layer,590,0,366,1445,decode,40,14,14,0,0,0,147,0,0,0,0,27,12,2,0,0,0,0,0,0,45,lru,0,0,0,0,0,0,16,16,16,0,0,0,1
request,590,0,366,0,decode,-1,0,0,0,0,0,0,0,0,0,0,0,0,0,0,0,0,0,0,0,0,,607,18,0,0,6,0,0,0,0,0,0,0,0
layer,591,0,368,1445,decode,40,8,8,0,0,0,892,0,0,0,0,21,10,2,0,0,0,0,0,0,45,lru,0,0,0,0,0,0,8,8,8,0,0,0,1
request,591,0,368,0,decode,-1,0,0,0,0,0,0,0,0,0,0,0,0,0,0,0,0,0,0,0,0,,1324,20,0,0,8,0,0,0,0,0,0,0,0
request,592,0,368,0,decode,-1,0,0,0,0,0,0,0,0,0,0,0,0,0,0,0,0,0,0,0,0,,9688,7,0,0,6,0,0,0,0,0,0,0,0
layer,593,0,368,1445,decode,40,15,15,0,0,0,152,0,0,0,0,25,11,2,0,0,0,0,0,0,45,lru,0,0,0,0,0,0,16,16,16,0,0,0,1
request,593,0,368,0,decode,-1,0,0,0,0,0,0,0,0,0,0,0,0,0,0,0,0,0,0,0,0,,610,18,0,0,6,0,0,0,0,0,0,0,0
layer,594,0,370,1445,decode,40,8,8,0,0,0,898,0,0,0,0,22,10,2,0,0,0,0,0,0,45,lru,0,0,0,0,0,0,8,8,8,0,0,0,1
request,594,0,370,0,decode,-1,0,0,0,0,0,0,0,0,0,0,0,0,0,0,0,0,0,0,0,0,,1320,20,0,0,8,0,0,0,0,0,0,0,0
request,595,0,370,0,decode,-1,0,0,0,0,0,0,0,0,0,0,0,0,0,0,0,0,0,0,0,0,,9692,7,0,0,6,0,0,0,0,0,0,0,0
layer,596,0,370,1445,decode,40,14,14,0,0,0,146,0,0,0,0,25,11,2,0,0,0,0,0,0,45,lru,0,0,0,0,0,0,16,16,16,0,0,0,1
request,596,0,370,0,decode,-1,0,0,0,0,0,0,0,0,0,0,0,0,0,0,0,0,0,0,0,0,,602,18,0,0,6,0,0,0,0,0,0,0,0
layer,597,0,372,1445,decode,40,8,8,0,0,0,897,0,0,0,0,21,10,2,0,0,0,0,0,0,45,lru,0,0,0,0,0,0,8,8,8,0,0,0,1
request,597,0,372,0,decode,-1,0,0,0,0,0,0,0,0,0,0,0,0,0,0,0,0,0,0,0,0,,1317,20,0,0,8,0,0,0,0,0,0,0,0
request,598,0,372,0,decode,-1,0,0,0,0,0,0,0,0,0,0,0,0,0,0,0,0,0,0,0,0,,9685,7,0,0,6,0,0,0,0,0,0,0,0
layer,599,0,372,1445,decode,40,15,15,0,0,0,150,0,0,0,0,30,11,2,0,0,0,0,0,0,45,lru,0,0,0,0,0,0,16,16,16,0,0,0,6
request,599,0,372,0,decode,-1,0,0,0,0,0,0,0,0,0,0,0,0,0,0,0,0,0,0,0,0,,619,28,0,0,16,0,0,0,0,0,0,0,0
layer,600,0,374,1445,decode,40,8,8,0,0,0,896,0,0,0,0,22,10,2,0,0,0,0,0,0,45,lru,0,0,0,0,0,0,8,8,8,0,0,0,1
request,600,0,374,0,decode,-1,0,0,0,0,0,0,0,0,0,0,0,0,0,0,0,0,0,0,0,0,,1326,20,0,0,7,0,0,0,0,0,0,0,0
request,601,0,374,0,decode,-1,0,0,0,0,0,0,0,0,0,0,0,0,0,0,0,0,0,0,0,0,,9687,7,0,0,6,0,0,0,0,0,0,0,0
layer,602,0,374,1445,decode,40,14,14,0,0,0,146,0,0,0,0,26,11,2,0,0,0,0,0,0,45,lru,0,0,0,0,0,0,16,16,16,0,0,0,1
request,602,0,374,0,decode,-1,0,0,0,0,0,0,0,0,0,0,0,0,0,0,0,0,0,0,0,0,,606,18,0,0,6,0,0,0,0,0,0,0,0
layer,603,0,376,1445,decode,40,8,8,0,0,0,893,0,0,0,0,21,10,2,0,0,0,0,0,0,45,lru,0,0,0,0,0,0,8,8,8,0,0,0,1
request,603,0,376,0,decode,-1,0,0,0,0,0,0,0,0,0,0,0,0,0,0,0,0,0,0,0,0,,1314,20,0,0,8,0,0,0,0,0,0,0,0
request,604,0,376,0,decode,-1,0,0,0,0,0,0,0,0,0,0,0,0,0,0,0,0,0,0,0,0,,9688,7,0,0,6,0,0,0,0,0,0,0,0
layer,605,0,376,1445,decode,40,15,15,0,0,0,152,0,0,0,0,26,11,2,0,0,0,0,0,0,45,lru,0,0,0,0,0,0,16,16,16,0,0,0,1
request,605,0,376,0,decode,-1,0,0,0,0,0,0,0,0,0,0,0,0,0,0,0,0,0,0,0,0,,615,18,0,0,6,0,0,0,0,0,0,0,0
layer,606,0,378,1445,decode,40,8,8,0,0,0,899,0,0,0,0,22,10,2,0,0,0,0,0,0,45,lru,0,0,0,0,0,0,8,8,8,0,0,0,1
request,606,0,378,0,decode,-1,0,0,0,0,0,0,0,0,0,0,0,0,0,0,0,0,0,0,0,0,,1331,21,0,0,8,0,0,0,0,0,0,0,0
request,607,0,378,0,decode,-1,0,0,0,0,0,0,0,0,0,0,0,0,0,0,0,0,0,0,0,0,,9686,7,0,0,6,0,0,0,0,0,0,0,0
layer,608,0,378,1445,decode,40,14,14,0,0,0,145,0,0,0,0,24,11,2,0,0,0,0,0,0,45,lru,0,0,0,0,0,0,16,16,16,0,0,0,1
request,608,0,378,0,decode,-1,0,0,0,0,0,0,0,0,0,0,0,0,0,0,0,0,0,0,0,0,,609,20,0,0,8,0,0,0,0,0,0,0,0
layer,609,0,380,1445,decode,40,8,8,0,0,0,899,0,0,0,0,21,10,2,0,0,0,0,0,0,45,lru,0,0,0,0,0,0,8,8,8,0,0,0,1
request,609,0,380,0,decode,-1,0,0,0,0,0,0,0,0,0,0,0,0,0,0,0,0,0,0,0,0,,1318,20,0,0,7,0,0,0,0,0,0,0,0
request,610,0,380,0,decode,-1,0,0,0,0,0,0,0,0,0,0,0,0,0,0,0,0,0,0,0,0,,9696,7,0,0,6,0,0,0,0,0,0,0,0
layer,611,0,380,1445,decode,40,15,15,0,0,0,149,0,0,0,0,24,11,2,0,0,0,0,0,0,45,lru,0,0,0,0,0,0,16,16,16,0,0,0,1
request,611,0,380,0,decode,-1,0,0,0,0,0,0,0,0,0,0,0,0,0,0,0,0,0,0,0,0,,611,20,0,0,7,0,0,0,0,0,0,0,0
layer,612,0,382,1445,decode,40,8,8,0,0,0,898,0,0,0,0,21,10,2,0,0,0,0,0,0,45,lru,0,0,0,0,0,0,8,8,8,0,0,0,1
request,612,0,382,0,decode,-1,0,0,0,0,0,0,0,0,0,0,0,0,0,0,0,0,0,0,0,0,,1321,20,0,0,8,0,0,0,0,0,0,0,0
request,613,0,382,0,decode,-1,0,0,0,0,0,0,0,0,0,0,0,0,0,0,0,0,0,0,0,0,,9689,7,0,0,6,0,0,0,0,0,0,0,0
layer,614,0,382,1445,decode,40,14,14,0,0,0,146,0,0,0,0,26,12,2,0,0,0,0,0,0,45,lru,0,0,0,0,0,0,16,16,16,0,0,0,1
request,614,0,382,0,decode,-1,0,0,0,0,0,0,0,0,0,0,0,0,0,0,0,0,0,0,0,0,,603,18,0,0,6,0,0,0,0,0,0,0,0
layer,615,0,384,1445,decode,40,8,8,0,0,0,900,0,0,0,0,22,11,2,0,0,0,0,0,0,45,lru,0,0,0,0,0,0,8,8,8,0,0,0,1
request,615,0,384,0,decode,-1,0,0,0,0,0,0,0,0,0,0,0,0,0,0,0,0,0,0,0,0,,1327,20,0,0,8,0,0,0,0,0,0,0,0
request,616,0,384,0,decode,-1,0,0,0,0,0,0,0,0,0,0,0,0,0,0,0,0,0,0,0,0,,9688,7,0,0,6,0,0,0,0,0,0,0,0
layer,617,0,384,1445,decode,40,15,15,0,0,0,150,0,0,0,0,25,11,2,0,0,0,0,0,0,45,lru,0,0,0,0,0,0,16,16,16,0,0,0,1
request,617,0,384,0,decode,-1,0,0,0,0,0,0,0,0,0,0,0,0,0,0,0,0,0,0,0,0,,608,18,0,0,6,0,0,0,0,0,0,0,0
layer,618,0,386,1445,decode,40,8,8,0,0,0,896,0,0,0,0,21,10,2,0,0,0,0,0,0,45,lru,0,0,0,0,0,0,8,8,8,0,0,0,1
request,618,0,386,0,decode,-1,0,0,0,0,0,0,0,0,0,0,0,0,0,0,0,0,0,0,0,0,,1315,19,0,0,7,0,0,0,0,0,0,0,0
request,619,0,386,0,decode,-1,0,0,0,0,0,0,0,0,0,0,0,0,0,0,0,0,0,0,0,0,,9684,7,0,0,6,0,0,0,0,0,0,0,0
layer,620,0,386,1445,decode,40,14,13,1,922,604,111,137,1,0,1,1102,12,20,0,0,0,0,0,0,45,lru,0,0,0,0,0,0,16,15,16,0,1,0,1
request,620,0,386,0,decode,-1,0,0,0,0,0,0,0,0,0,0,0,0,0,0,0,0,0,0,0,0,,1813,24,0,0,6,0,0,0,0,0,0,0,0
layer,621,0,388,1445,decode,40,8,8,0,0,0,900,0,0,0,0,23,11,2,0,0,0,0,0,0,45,lru,0,0,0,0,0,0,8,8,8,0,0,0,1
request,621,0,388,0,decode,-1,0,0,0,0,0,0,0,0,0,0,0,0,0,0,0,0,0,0,0,0,,1351,22,0,0,9,0,0,0,0,0,0,0,0
request,622,0,388,0,decode,-1,0,0,0,0,0,0,0,0,0,0,0,0,0,0,0,0,0,0,0,0,,9695,7,0,0,6,0,0,0,0,0,0,0,0
layer,623,0,388,1445,decode,40,15,15,0,0,0,152,0,0,0,0,26,12,2,0,0,0,0,0,0,45,lru,0,0,0,0,0,0,16,16,16,0,0,0,1
request,623,0,388,0,decode,-1,0,0,0,0,0,0,0,0,0,0,0,0,0,0,0,0,0,0,0,0,,630,27,0,0,15,0,0,0,0,0,0,0,0
layer,624,0,390,1445,decode,40,8,8,0,0,0,898,0,0,0,0,22,10,2,0,0,0,0,0,0,45,lru,0,0,0,0,0,0,8,8,8,0,0,0,1
request,624,0,390,0,decode,-1,0,0,0,0,0,0,0,0,0,0,0,0,0,0,0,0,0,0,0,0,,1330,26,0,0,8,0,0,0,0,0,0,0,0
request,625,0,390,0,decode,-1,0,0,0,0,0,0,0,0,0,0,0,0,0,0,0,0,0,0,0,0,,9690,7,0,0,6,0,0,0,0,0,0,0,0
layer,626,0,390,1445,decode,40,14,14,0,0,0,144,0,0,0,0,26,11,2,0,0,0,0,0,0,45,lru,0,0,0,0,0,0,16,16,16,0,0,0,1
request,626,0,390,0,decode,-1,0,0,0,0,0,0,0,0,0,0,0,0,0,0,0,0,0,0,0,0,,609,18,0,0,6,0,0,0,0,0,0,0,0
layer,627,0,392,1445,decode,40,8,8,0,0,0,898,0,0,0,0,21,10,2,0,0,0,0,0,0,45,lru,0,0,0,0,0,0,8,8,8,0,0,0,1
request,627,0,392,0,decode,-1,0,0,0,0,0,0,0,0,0,0,0,0,0,0,0,0,0,0,0,0,,1321,21,0,0,8,0,0,0,0,0,0,0,0
request,628,0,392,0,decode,-1,0,0,0,0,0,0,0,0,0,0,0,0,0,0,0,0,0,0,0,0,,9689,7,0,0,7,0,0,0,0,0,0,0,0
layer,629,0,392,1445,decode,40,15,15,0,0,0,151,0,0,0,0,26,12,2,0,0,0,0,0,0,45,lru,0,0,0,0,0,0,16,16,16,0,0,0,1
request,629,0,392,0,decode,-1,0,0,0,0,0,0,0,0,0,0,0,0,0,0,0,0,0,0,0,0,,610,19,0,0,7,0,0,0,0,0,0,0,0
layer,630,0,394,1445,decode,40,8,8,0,0,0,897,0,0,0,0,27,10,2,0,0,0,0,0,0,45,lru,0,0,0,0,0,0,8,8,8,0,0,0,1
request,630,0,394,0,decode,-1,0,0,0,0,0,0,0,0,0,0,0,0,0,0,0,0,0,0,0,0,,1323,20,0,0,7,0,0,0,0,0,0,0,0
request,631,0,394,0,decode,-1,0,0,0,0,0,0,0,0,0,0,0,0,0,0,0,0,0,0,0,0,,9688,7,0,0,7,0,0,0,0,0,0,0,0
layer,632,0,394,1445,decode,40,14,14,0,0,0,146,0,0,0,0,27,11,2,0,0,0,0,0,0,45,lru,0,0,0,0,0,0,16,16,16,0,0,0,2
request,632,0,394,0,decode,-1,0,0,0,0,0,0,0,0,0,0,0,0,0,0,0,0,0,0,0,0,,604,18,0,0,6,0,0,0,0,0,0,0,0
layer,633,0,396,1445,decode,40,8,8,0,0,0,898,0,0,0,0,21,10,2,0,0,0,0,0,0,45,lru,0,0,0,0,0,0,8,8,8,0,0,0,1
request,633,0,396,0,decode,-1,0,0,0,0,0,0,0,0,0,0,0,0,0,0,0,0,0,0,0,0,,1320,20,0,0,8,0,0,0,0,0,0,0,0
request,634,0,396,0,decode,-1,0,0,0,0,0,0,0,0,0,0,0,0,0,0,0,0,0,0,0,0,,9686,7,0,0,6,0,0,0,0,0,0,0,0
layer,635,0,396,1445,decode,40,15,15,0,0,0,151,0,0,0,0,26,11,2,0,0,0,0,0,0,45,lru,0,0,0,0,0,0,16,16,16,0,0,0,2
request,635,0,396,0,decode,-1,0,0,0,0,0,0,0,0,0,0,0,0,0,0,0,0,0,0,0,0,,610,17,0,0,5,0,0,0,0,0,0,0,0
layer,636,0,398,1445,decode,40,8,8,0,0,0,895,0,0,0,0,23,11,2,0,0,0,0,0,0,45,lru,0,0,0,0,0,0,8,8,8,0,0,0,2
request,636,0,398,0,decode,-1,0,0,0,0,0,0,0,0,0,0,0,0,0,0,0,0,0,0,0,0,,1322,20,0,0,7,0,0,0,0,0,0,0,0
request,637,0,398,0,decode,-1,0,0,0,0,0,0,0,0,0,0,0,0,0,0,0,0,0,0,0,0,,9682,7,0,0,6,0,0,0,0,0,0,0,0
layer,638,0,398,1445,decode,40,14,14,0,0,0,144,0,0,0,0,29,11,5,0,0,0,0,0,0,45,lru,0,0,0,0,0,0,16,16,16,0,0,0,1
request,638,0,398,0,decode,-1,0,0,0,0,0,0,0,0,0,0,0,0,0,0,0,0,0,0,0,0,,603,18,0,0,5,0,0,0,0,0,0,0,0
layer,639,0,400,1445,decode,40,8,8,0,0,0,892,0,0,0,0,21,10,2,0,0,0,0,0,0,45,lru,0,0,0,0,0,0,8,8,8,0,0,0,1
request,639,0,400,0,decode,-1,0,0,0,0,0,0,0,0,0,0,0,0,0,0,0,0,0,0,0,0,,1312,20,0,0,7,0,0,0,0,0,0,0,0
request,640,0,400,0,decode,-1,0,0,0,0,0,0,0,0,0,0,0,0,0,0,0,0,0,0,0,0,,9694,7,0,0,6,0,0,0,0,0,0,0,0
layer,641,0,400,1445,decode,40,15,15,0,0,0,151,0,0,0,0,25,12,2,0,0,0,0,0,0,45,lru,0,0,0,0,0,0,16,16,16,0,0,0,1
request,641,0,400,0,decode,-1,0,0,0,0,0,0,0,0,0,0,0,0,0,0,0,0,0,0,0,0,,606,18,0,0,5,0,0,0,0,0,0,0,0
layer,642,0,402,1445,decode,40,8,8,0,0,0,898,0,0,0,0,21,10,2,0,0,0,0,0,0,45,lru,0,0,0,0,0,0,8,8,8,0,0,0,1
request,642,0,402,0,decode,-1,0,0,0,0,0,0,0,0,0,0,0,0,0,0,0,0,0,0,0,0,,1316,20,0,0,8,0,0,0,0,0,0,0,0
request,643,0,402,0,decode,-1,0,0,0,0,0,0,0,0,0,0,0,0,0,0,0,0,0,0,0,0,,9686,7,0,0,6,0,0,0,0,0,0,0,0
layer,644,0,402,1445,decode,40,14,14,0,0,0,146,0,0,0,0,26,12,2,0,0,0,0,0,0,45,lru,0,0,0,0,0,0,16,16,16,0,0,0,2
request,644,0,402,0,decode,-1,0,0,0,0,0,0,0,0,0,0,0,0,0,0,0,0,0,0,0,0,,616,18,0,0,6,0,0,0,0,0,0,0,0
layer,645,0,404,1445,decode,40,8,8,0,0,0,898,0,0,0,0,20,10,2,0,0,0,0,0,0,45,lru,0,0,0,0,0,0,8,8,8,0,0,0,1
request,645,0,404,0,decode,-1,0,0,0,0,0,0,0,0,0,0,0,0,0,0,0,0,0,0,0,0,,1318,20,0,0,7,0,0,0,0,0,0,0,0
request,646,0,404,0,decode,-1,0,0,0,0,0,0,0,0,0,0,0,0,0,0,0,0,0,0,0,0,,9696,18,0,0,17,0,0,0,0,0,0,0,0
layer,647,0,404,1445,decode,40,15,15,0,0,0,152,0,0,0,0,26,11,2,0,0,0,0,0,0,45,lru,0,0,0,0,0,0,16,16,16,0,0,0,1
request,647,0,404,0,decode,-1,0,0,0,0,0,0,0,0,0,0,0,0,0,0,0,0,0,0,0,0,,612,18,0,0,6,0,0,0,0,0,0,0,0
layer,648,0,406,1445,decode,40,8,8,0,0,0,893,0,0,0,0,21,10,2,0,0,0,0,0,0,45,lru,0,0,0,0,0,0,8,8,8,0,0,0,1
request,648,0,406,0,decode,-1,0,0,0,0,0,0,0,0,0,0,0,0,0,0,0,0,0,0,0,0,,1324,20,0,0,7,0,0,0,0,0,0,0,0
request,649,0,406,0,decode,-1,0,0,0,0,0,0,0,0,0,0,0,0,0,0,0,0,0,0,0,0,,9685,7,0,0,6,0,0,0,0,0,0,0,0
layer,650,0,406,1445,decode,40,14,14,0,0,0,146,0,0,0,0,26,12,2,0,0,0,0,0,0,45,lru,0,0,0,0,0,0,16,16,16,0,0,0,1
request,650,0,406,0,decode,-1,0,0,0,0,0,0,0,0,0,0,0,0,0,0,0,0,0,0,0,0,,607,19,0,0,6,0,0,0,0,0,0,0,0
layer,651,0,408,1445,decode,40,8,8,0,0,0,904,0,0,0,0,21,10,2,0,0,0,0,0,0,45,lru,0,0,0,0,0,0,8,8,8,0,0,0,1
request,651,0,408,0,decode,-1,0,0,0,0,0,0,0,0,0,0,0,0,0,0,0,0,0,0,0,0,,1324,20,0,0,7,0,0,0,0,0,0,0,0
request,652,0,408,0,decode,-1,0,0,0,0,0,0,0,0,0,0,0,0,0,0,0,0,0,0,0,0,,9690,7,0,0,6,0,0,0,0,0,0,0,0
layer,653,0,408,1445,decode,40,15,15,0,0,0,151,0,0,0,0,26,12,2,0,0,0,0,0,0,45,lru,0,0,0,0,0,0,16,16,16,0,0,0,1
request,653,0,408,0,decode,-1,0,0,0,0,0,0,0,0,0,0,0,0,0,0,0,0,0,0,0,0,,608,18,0,0,6,0,0,0,0,0,0,0,0
layer,654,0,410,1445,decode,40,8,8,0,0,0,899,0,0,0,0,22,10,2,0,0,0,0,0,0,45,lru,0,0,0,0,0,0,8,8,8,0,0,0,1
request,654,0,410,0,decode,-1,0,0,0,0,0,0,0,0,0,0,0,0,0,0,0,0,0,0,0,0,,1323,20,0,0,8,0,0,0,0,0,0,0,0
request,655,0,410,0,decode,-1,0,0,0,0,0,0,0,0,0,0,0,0,0,0,0,0,0,0,0,0,,9690,7,0,0,6,0,0,0,0,0,0,0,0
layer,656,0,410,1445,decode,40,14,14,0,0,0,146,0,0,0,0,26,11,2,0,0,0,0,0,0,45,lru,0,0,0,0,0,0,16,16,16,0,0,0,1
request,656,0,410,0,decode,-1,0,0,0,0,0,0,0,0,0,0,0,0,0,0,0,0,0,0,0,0,,604,18,0,0,6,0,0,0,0,0,0,0,0
layer,657,0,412,1445,decode,40,8,8,0,0,0,894,0,0,0,0,20,10,2,0,0,0,0,0,0,45,lru,0,0,0,0,0,0,8,8,8,0,0,0,1
request,657,0,412,0,decode,-1,0,0,0,0,0,0,0,0,0,0,0,0,0,0,0,0,0,0,0,0,,1313,20,0,0,8,0,0,0,0,0,0,0,0
request,658,0,412,0,decode,-1,0,0,0,0,0,0,0,0,0,0,0,0,0,0,0,0,0,0,0,0,,9678,7,0,0,6,0,0,0,0,0,0,0,0
layer,659,0,412,1445,decode,40,15,15,0,0,0,151,0,0,0,0,25,11,2,0,0,0,0,0,0,45,lru,0,0,0,0,0,0,16,16,16,0,0,0,1
request,659,0,412,0,decode,-1,0,0,0,0,0,0,0,0,0,0,0,0,0,0,0,0,0,0,0,0,,606,18,0,0,5,0,0,0,0,0,0,0,0
layer,660,0,414,1445,decode,40,8,7,1,900,564,839,111,1,0,1,1007,10,9,0,0,0,0,0,0,45,lru,0,0,0,0,0,0,8,7,8,0,1,0,1
request,660,0,414,0,decode,-1,0,0,0,0,0,0,0,0,0,0,0,0,0,0,0,0,0,0,0,0,,2427,28,0,0,10,0,0,0,0,0,0,0,0
request,661,0,414,0,decode,-1,0,0,0,0,0,0,0,0,0,0,0,0,0,0,0,0,0,0,0,0,,9693,7,0,0,7,0,0,0,0,0,0,0,0
layer,662,0,414,1445,decode,40,14,14,0,0,0,147,0,0,0,0,26,11,2,0,0,0,0,0,0,45,lru,0,0,0,0,0,0,16,16,16,0,0,0,1
request,662,0,414,0,decode,-1,0,0,0,0,0,0,0,0,0,0,0,0,0,0,0,0,0,0,0,0,,619,19,0,0,6,0,0,0,0,0,0,0,0
layer,663,0,416,1445,decode,40,8,8,0,0,0,897,0,0,0,0,22,10,2,0,0,0,0,0,0,45,lru,0,0,0,0,0,0,8,8,8,0,0,0,1
request,663,0,416,0,decode,-1,0,0,0,0,0,0,0,0,0,0,0,0,0,0,0,0,0,0,0,0,,1320,20,0,0,8,0,0,0,0,0,0,0,0
request,664,0,416,0,decode,-1,0,0,0,0,0,0,0,0,0,0,0,0,0,0,0,0,0,0,0,0,,9697,7,0,0,7,0,0,0,0,0,0,0,0
layer,665,0,416,1445,decode,40,15,15,0,0,0,150,0,0,0,0,26,11,2,0,0,0,0,0,0,45,lru,0,0,0,0,0,0,16,16,16,0,0,0,1
request,665,0,416,0,decode,-1,0,0,0,0,0,0,0,0,0,0,0,0,0,0,0,0,0,0,0,0,,609,17,0,0,5,0,0,0,0,0,0,0,0
layer,666,0,418,1445,decode,40,8,8,0,0,0,894,0,0,0,0,22,10,2,0,0,0,0,0,0,45,lru,0,0,0,0,0,0,8,8,8,0,0,0,1
request,666,0,418,0,decode,-1,0,0,0,0,0,0,0,0,0,0,0,0,0,0,0,0,0,0,0,0,,1318,20,0,0,8,0,0,0,0,0,0,0,0
request,667,0,418,0,decode,-1,0,0,0,0,0,0,0,0,0,0,0,0,0,0,0,0,0,0,0,0,,9686,7,0,0,6,0,0,0,0,0,0,0,0
layer,668,0,418,1445,decode,40,14,14,0,0,0,146,0,0,0,0,30,15,2,0,0,0,0,0,0,45,lru,0,0,0,0,0,0,16,16,16,0,0,0,1
request,668,0,418,0,decode,-1,0,0,0,0,0,0,0,0,0,0,0,0,0,0,0,0,0,0,0,0,,607,18,0,0,6,0,0,0,0,0,0,0,0
layer,669,0,420,1445,decode,40,8,8,0,0,0,893,0,0,0,0,22,10,2,0,0,0,0,0,0,45,lru,0,0,0,0,0,0,8,8,8,0,0,0,1
request,669,0,420,0,decode,-1,0,0,0,0,0,0,0,0,0,0,0,0,0,0,0,0,0,0,0,0,,1325,29,0,0,16,0,0,0,0,0,0,0,0
request,670,0,420,0,decode,-1,0,0,0,0,0,0,0,0,0,0,0,0,0,0,0,0,0,0,0,0,,9691,7,0,0,6,0,0,0,0,0,0,0,0
layer,671,0,420,1445,decode,40,15,15,0,0,0,152,0,0,0,0,28,12,2,0,0,0,0,0,0,45,lru,0,0,0,0,0,0,16,16,16,0,0,0,1
request,671,0,420,0,decode,-1,0,0,0,0,0,0,0,0,0,0,0,0,0,0,0,0,0,0,0,0,,615,19,0,0,6,0,0,0,0,0,0,0,0
layer,672,0,422,1445,decode,40,8,8,0,0,0,895,0,0,0,0,23,11,2,0,0,0,0,0,0,45,lru,0,0,0,0,0,0,8,8,8,0,0,0,1
request,672,0,422,0,decode,-1,0,0,0,0,0,0,0,0,0,0,0,0,0,0,0,0,0,0,0,0,,1323,20,0,0,7,0,0,0,0,0,0,0,0
request,673,0,422,0,decode,-1,0,0,0,0,0,0,0,0,0,0,0,0,0,0,0,0,0,0,0,0,,9687,7,0,0,6,0,0,0,0,0,0,0,0
layer,674,0,422,1445,decode,40,14,14,0,0,0,151,0,0,0,0,26,11,2,0,0,0,0,0,0,45,lru,0,0,0,0,0,0,16,16,16,0,0,0,1
request,674,0,422,0,decode,-1,0,0,0,0,0,0,0,0,0,0,0,0,0,0,0,0,0,0,0,0,,608,18,0,0,6,0,0,0,0,0,0,0,0
layer,675,0,424,1445,decode,40,8,8,0,0,0,896,0,0,0,0,21,10,2,0,0,0,0,0,0,45,lru,0,0,0,0,0,0,8,8,8,0,0,0,1
request,675,0,424,0,decode,-1,0,0,0,0,0,0,0,0,0,0,0,0,0,0,0,0,0,0,0,0,,1313,20,0,0,7,0,0,0,0,0,0,0,0
request,676,0,424,0,decode,-1,0,0,0,0,0,0,0,0,0,0,0,0,0,0,0,0,0,0,0,0,,9682,7,0,0,6,0,0,0,0,0,0,0,0
layer,677,0,424,1445,decode,40,15,15,0,0,0,151,0,0,0,0,26,12,2,0,0,0,0,0,0,45,lru,0,0,0,0,0,0,16,16,16,0,0,0,1
request,677,0,424,0,decode,-1,0,0,0,0,0,0,0,0,0,0,0,0,0,0,0,0,0,0,0,0,,619,18,0,0,6,0,0,0,0,0,0,0,0
layer,678,0,426,1445,decode,40,8,8,0,0,0,894,0,0,0,0,22,10,2,0,0,0,0,0,0,45,lru,0,0,0,0,0,0,8,8,8,0,0,0,1
request,678,0,426,0,decode,-1,0,0,0,0,0,0,0,0,0,0,0,0,0,0,0,0,0,0,0,0,,1318,20,0,0,8,0,0,0,0,0,0,0,0
request,679,0,426,0,decode,-1,0,0,0,0,0,0,0,0,0,0,0,0,0,0,0,0,0,0,0,0,,9720,8,0,0,7,0,0,0,0,0,0,0,0
layer,680,0,426,1445,decode,40,14,14,0,0,0,146,0,0,0,0,29,12,2,0,0,0,0,0,0,45,lru,0,0,0,0,0,0,16,16,16,0,0,0,2
request,680,0,426,0,decode,-1,0,0,0,0,0,0,0,0,0,0,0,0,0,0,0,0,0,0,0,0,,622,18,0,0,6,0,0,0,0,0,0,0,0
layer,681,0,428,1445,decode,40,8,8,0,0,0,900,0,0,0,0,25,11,3,0,0,0,0,0,0,45,lru,0,0,0,0,0,0,8,8,8,0,0,0,2
request,681,0,428,0,decode,-1,0,0,0,0,0,0,0,0,0,0,0,0,0,0,0,0,0,0,0,0,,1350,23,0,0,10,0,0,0,0,0,0,0,0
request,682,0,428,0,decode,-1,0,0,0,0,0,0,0,0,0,0,0,0,0,0,0,0,0,0,0,0,,9701,9,0,0,9,0,0,0,0,0,0,0,0
layer,683,0,428,1445,decode,40,15,15,0,0,0,152,0,0,0,0,28,12,3,0,0,0,0,0,0,45,lru,0,0,0,0,0,0,16,16,16,0,0,0,1
request,683,0,428,0,decode,-1,0,0,0,0,0,0,0,0,0,0,0,0,0,0,0,0,0,0,0,0,,623,19,0,0,6,0,0,0,0,0,0,0,0
layer,684,0,430,1445,decode,40,8,8,0,0,0,897,0,0,0,0,22,11,2,0,0,0,0,0,0,45,lru,0,0,0,0,0,0,8,8,8,0,0,0,1
request,684,0,430,0,decode,-1,0,0,0,0,0,0,0,0,0,0,0,0,0,0,0,0,0,0,0,0,,1326,21,0,0,8,0,0,0,0,0,0,0,0
request,685,0,430,0,decode,-1,0,0,0,0,0,0,0,0,0,0,0,0,0,0,0,0,0,0,0,0,,9701,7,0,0,6,0,0,0,0,0,0,0,0
layer,686,0,430,1445,decode,40,14,14,0,0,0,145,0,0,0,0,27,12,2,0,0,0,0,0,0,45,lru,0,0,0,0,0,0,16,16,16,0,0,0,1
request,686,0,430,0,decode,-1,0,0,0,0,0,0,0,0,0,0,0,0,0,0,0,0,0,0,0,0,,602,18,0,0,6,0,0,0,0,0,0,0,0
layer,687,0,432,1445,decode,40,8,8,0,0,0,894,0,0,0,0,22,10,2,0,0,0,0,0,0,45,lru,0,0,0,0,0,0,8,8,8,0,0,0,1
request,687,0,432,0,decode,-1,0,0,0,0,0,0,0,0,0,0,0,0,0,0,0,0,0,0,0,0,,1316,20,0,0,8,0,0,0,0,0,0,0,0
request,688,0,432,0,decode,-1,0,0,0,0,0,0,0,0,0,0,0,0,0,0,0,0,0,0,0,0,,9687,7,0,0,6,0,0,0,0,0,0,0,0
layer,689,0,432,1445,decode,40,15,15,0,0,0,152,0,0,0,0,26,11,2,0,0,0,0,0,0,45,lru,0,0,0,0,0,0,16,16,16,0,0,0,1
request,689,0,432,0,decode,-1,0,0,0,0,0,0,0,0,0,0,0,0,0,0,0,0,0,0,0,0,,621,19,0,0,6,0,0,0,0,0,0,0,0
layer,690,0,434,1445,decode,40,8,8,0,0,0,894,0,0,0,0,21,10,2,0,0,0,0,0,0,45,lru,0,0,0,0,0,0,8,8,8,0,0,0,1
request,690,0,434,0,decode,-1,0,0,0,0,0,0,0,0,0,0,0,0,0,0,0,0,0,0,0,0,,1316,19,0,0,7,0,0,0,0,0,0,0,0
request,691,0,434,0,decode,-1,0,0,0,0,0,0,0,0,0,0,0,0,0,0,0,0,0,0,0,0,,9691,7,0,0,7,0,0,0,0,0,0,0,0
layer,692,0,434,1445,decode,40,14,14,0,0,0,146,0,0,0,0,26,12,2,0,0,0,0,0,0,45,lru,0,0,0,0,0,0,16,16,16,0,0,0,1
request,692,0,434,0,decode,-1,0,0,0,0,0,0,0,0,0,0,0,0,0,0,0,0,0,0,0,0,,604,19,0,0,6,0,0,0,0,0,0,0,0
layer,693,0,436,1445,decode,40,8,8,0,0,0,893,0,0,0,0,21,10,2,0,0,0,0,0,0,45,lru,0,0,0,0,0,0,8,8,8,0,0,0,1
request,693,0,436,0,decode,-1,0,0,0,0,0,0,0,0,0,0,0,0,0,0,0,0,0,0,0,0,,1332,30,0,0,17,0,0,0,0,0,0,0,0
request,694,0,436,0,decode,-1,0,0,0,0,0,0,0,0,0,0,0,0,0,0,0,0,0,0,0,0,,9691,7,0,0,6,0,0,0,0,0,0,0,0
layer,695,0,436,1445,decode,40,15,15,0,0,0,150,0,0,0,0,26,11,2,0,0,0,0,0,0,45,lru,0,0,0,0,0,0,16,16,16,0,0,0,1
request,695,0,436,0,decode,-1,0,0,0,0,0,0,0,0,0,0,0,0,0,0,0,0,0,0,0,0,,613,18,0,0,6,0,0,0,0,0,0,0,0
layer,696,0,438,1445,decode,40,8,8,0,0,0,894,0,0,0,0,21,10,2,0,0,0,0,0,0,45,lru,0,0,0,0,0,0,8,8,8,0,0,0,1
request,696,0,438,0,decode,-1,0,0,0,0,0,0,0,0,0,0,0,0,0,0,0,0,0,0,0,0,,1323,20,0,0,7,0,0,0,0,0,0,0,0
request,697,0,438,0,decode,-1,0,0,0,0,0,0,0,0,0,0,0,0,0,0,0,0,0,0,0,0,,9683,7,0,0,7,0,0,0,0,0,0,0,0
layer,698,0,438,1445,decode,40,14,14,0,0,0,145,0,0,0,0,26,12,2,0,0,0,0,0,0,45,lru,0,0,0,0,0,0,16,16,16,0,0,0,1
request,698,0,438,0,decode,-1,0,0,0,0,0,0,0,0,0,0,0,0,0,0,0,0,0,0,0,0,,603,18,0,0,6,0,0,0,0,0,0,0,0
layer,699,0,440,1445,decode,40,8,8,0,0,0,893,0,0,0,0,20,10,2,0,0,0,0,0,0,45,lru,0,0,0,0,0,0,8,8,8,0,0,0,1
request,699,0,440,0,decode,-1,0,0,0,0,0,0,0,0,0,0,0,0,0,0,0,0,0,0,0,0,,1311,21,0,0,8,0,0,0,0,0,0,0,0
request,700,0,440,0,decode,-1,0,0,0,0,0,0,0,0,0,0,0,0,0,0,0,0,0,0,0,0,,9692,7,0,0,6,0,0,0,0,0,0,0,0
layer,701,0,440,1445,decode,40,15,15,0,0,0,151,0,0,0,0,25,11,2,0,0,0,0,0,0,45,lru,0,0,0,0,0,0,16,16,16,0,0,0,1
request,701,0,440,0,decode,-1,0,0,0,0,0,0,0,0,0,0,0,0,0,0,0,0,0,0,0,0,,607,18,0,0,6,0,0,0,0,0,0,0,0
layer,702,0,442,1445,decode,40,8,7,1,932,576,848,109,1,0,1,1045,10,10,0,0,0,0,0,0,45,lru,0,0,0,0,0,0,8,7,8,0,1,0,1
request,702,0,442,0,decode,-1,0,0,0,0,0,0,0,0,0,0,0,0,0,0,0,0,0,0,0,0,,2485,26,0,0,8,0,0,0,0,0,0,0,0
request,703,0,442,0,decode,-1,0,0,0,0,0,0,0,0,0,0,0,0,0,0,0,0,0,0,0,0,,9692,7,0,0,6,0,0,0,0,0,0,0,0
layer,704,0,442,1445,decode,40,14,14,0,0,0,144,0,0,0,0,27,12,2,0,0,0,0,0,0,45,lru,0,0,0,0,0,0,16,16,16,0,0,0,1
request,704,0,442,0,decode,-1,0,0,0,0,0,0,0,0,0,0,0,0,0,0,0,0,0,0,0,0,,621,18,0,0,6,0,0,0,0,0,0,0,0
layer,705,0,444,1445,decode,40,8,8,0,0,0,898,0,0,0,0,21,10,2,0,0,0,0,0,0,45,lru,0,0,0,0,0,0,8,8,8,0,0,0,1
request,705,0,444,0,decode,-1,0,0,0,0,0,0,0,0,0,0,0,0,0,0,0,0,0,0,0,0,,1329,20,0,0,8,0,0,0,0,0,0,0,0
request,706,0,444,0,decode,-1,0,0,0,0,0,0,0,0,0,0,0,0,0,0,0,0,0,0,0,0,,9690,7,0,0,6,0,0,0,0,0,0,0,0
layer,707,0,444,1445,decode,40,15,15,0,0,0,152,0,0,0,0,24,11,2,0,0,0,0,0,0,45,lru,0,0,0,0,0,0,16,16,16,0,0,0,1
request,707,0,444,0,decode,-1,0,0,0,0,0,0,0,0,0,0,0,0,0,0,0,0,0,0,0,0,,609,18,0,0,6,0,0,0,0,0,0,0,0
layer,708,0,446,1445,decode,40,8,8,0,0,0,900,0,0,0,0,20,10,2,0,0,0,0,0,0,45,lru,0,0,0,0,0,0,8,8,8,0,0,0,1
request,708,0,446,0,decode,-1,0,0,0,0,0,0,0,0,0,0,0,0,0,0,0,0,0,0,0,0,,1319,20,0,0,7,0,0,0,0,0,0,0,0
request,709,0,446,0,decode,-1,0,0,0,0,0,0,0,0,0,0,0,0,0,0,0,0,0,0,0,0,,9702,8,0,0,7,0,0,0,0,0,0,0,0
layer,710,0,446,1445,decode,40,14,14,0,0,0,145,0,0,0,0,26,12,2,0,0,0,0,0,0,45,lru,0,0,0,0,0,0,16,16,16,0,0,0,1
request,710,0,446,0,decode,-1,0,0,0,0,0,0,0,0,0,0,0,0,0,0,0,0,0,0,0,0,,610,18,0,0,6,0,0,0,0,0,0,0,0
layer,711,0,448,1445,decode,40,8,8,0,0,0,897,0,0,0,0,20,10,2,0,0,0,0,0,0,45,lru,0,0,0,0,0,0,8,8,8,0,0,0,1
request,711,0,448,0,decode,-1,0,0,0,0,0,0,0,0,0,0,0,0,0,0,0,0,0,0,0,0,,1314,20,0,0,7,0,0,0,0,0,0,0,0
request,712,0,448,0,decode,-1,0,0,0,0,0,0,0,0,0,0,0,0,0,0,0,0,0,0,0,0,,9680,7,0,0,6,0,0,0,0,0,0,0,0
layer,713,0,448,1445,decode,40,15,15,0,0,0,150,0,0,0,0,25,11,2,0,0,0,0,0,0,45,lru,0,0,0,0,0,0,16,16,16,0,0,0,1
request,713,0,448,0,decode,-1,0,0,0,0,0,0,0,0,0,0,0,0,0,0,0,0,0,0,0,0,,611,18,0,0,6,0,0,0,0,0,0,0,0
layer,714,0,450,1445,decode,40,8,8,0,0,0,895,0,0,0,0,21,10,2,0,0,0,0,0,0,45,lru,0,0,0,0,0,0,8,8,8,0,0,0,1
request,714,0,450,0,decode,-1,0,0,0,0,0,0,0,0,0,0,0,0,0,0,0,0,0,0,0,0,,1317,20,0,0,7,0,0,0,0,0,0,0,0
request,715,0,450,0,decode,-1,0,0,0,0,0,0,0,0,0,0,0,0,0,0,0,0,0,0,0,0,,9696,7,0,0,6,0,0,0,0,0,0,0,0
layer,716,0,450,1445,decode,40,14,14,0,0,0,144,0,0,0,0,26,12,2,0,0,0,0,0,0,45,lru,0,0,0,0,0,0,16,16,16,0,0,0,1
request,716,0,450,0,decode,-1,0,0,0,0,0,0,0,0,0,0,0,0,0,0,0,0,0,0,0,0,,606,18,0,0,6,0,0,0,0,0,0,0,0
layer,717,0,452,1445,decode,40,8,8,0,0,0,893,0,0,0,0,21,10,2,0,0,0,0,0,0,45,lru,0,0,0,0,0,0,8,8,8,0,0,0,1
request,717,0,452,0,decode,-1,0,0,0,0,0,0,0,0,0,0,0,0,0,0,0,0,0,0,0,0,,1324,29,0,0,16,0,0,0,0,0,0,0,0
request,718,0,452,0,decode,-1,0,0,0,0,0,0,0,0,0,0,0,0,0,0,0,0,0,0,0,0,,9694,8,0,0,7,0,0,0,0,0,0,0,0
layer,719,0,452,1445,decode,40,15,15,0,0,0,150,0,0,0,0,25,11,2,0,0,0,0,0,0,45,lru,0,0,0,0,0,0,16,16,16,0,0,0,1
request,719,0,452,0,decode,-1,0,0,0,0,0,0,0,0,0,0,0,0,0,0,0,0,0,0,0,0,,610,18,0,0,6,0,0,0,0,0,0,0,0
layer,720,0,454,1445,decode,40,8,8,0,0,0,894,0,0,0,0,21,10,2,0,0,0,0,0,0,45,lru,0,0,0,0,0,0,8,8,8,0,0,0,1
request,720,0,454,0,decode,-1,0,0,0,0,0,0,0,0,0,0,0,0,0,0,0,0,0,0,0,0,,1316,19,0,0,7,0,0,0,0,0,0,0,0
request,721,0,454,0,decode,-1,0,0,0,0,0,0,0,0,0,0,0,0,0,0,0,0,0,0,0,0,,9687,7,0,0,6,0,0,0,0,0,0,0,0
layer,722,0,454,1445,decode,40,14,14,0,0,0,146,0,0,0,0,25,11,2,0,0,0,0,0,0,45,lru,0,0,0,0,0,0,16,16,16,0,0,0,1
request,722,0,454,0,decode,-1,0,0,0,0,0,0,0,0,0,0,0,0,0,0,0,0,0,0,0,0,,600,18,0,0,5,0,0,0,0,0,0,0,0
layer,723,0,456,1445,decode,40,8,8,0,0,0,897,0,0,0,0,20,10,2,0,0,0,0,0,0,45,lru,0,0,0,0,0,0,8,8,8,0,0,0,1
request,723,0,456,0,decode,-1,0,0,0,0,0,0,0,0,0,0,0,0,0,0,0,0,0,0,0,0,,1313,20,0,0,7,0,0,0,0,0,0,0,0
request,724,0,456,0,decode,-1,0,0,0,0,0,0,0,0,0,0,0,0,0,0,0,0,0,0,0,0,,9692,7,0,0,6,0,0,0,0,0,0,0,0
layer,725,0,456,1445,decode,40,15,15,0,0,0,151,0,0,0,0,28,12,2,0,0,0,0,0,0,45,lru,0,0,0,0,0,0,16,16,16,0,0,0,1
request,725,0,456,0,decode,-1,0,0,0,0,0,0,0,0,0,0,0,0,0,0,0,0,0,0,0,0,,633,19,0,0,6,0,0,0,0,0,0,0,0
layer,726,0,458,1445,decode,40,8,8,0,0,0,895,0,0,0,0,23,10,2,0,0,0,0,0,0,45,lru,0,0,0,0,0,0,8,8,8,0,0,0,1
request,726,0,458,0,decode,-1,0,0,0,0,0,0,0,0,0,0,0,0,0,0,0,0,0,0,0,0,,1336,21,0,0,8,0,0,0,0,0,0,0,0
request,727,0,458,0,decode,-1,0,0,0,0,0,0,0,0,0,0,0,0,0,0,0,0,0,0,0,0,,9688,7,0,0,6,0,0,0,0,0,0,0,0
layer,728,0,458,1445,decode,40,14,14,0,0,0,146,0,0,0,0,26,12,2,0,0,0,0,0,0,45,lru,0,0,0,0,0,0,16,16,16,0,0,0,1
request,728,0,458,0,decode,-1,0,0,0,0,0,0,0,0,0,0,0,0,0,0,0,0,0,0,0,0,,609,18,0,0,6,0,0,0,0,0,0,0,0
layer,729,0,460,1445,decode,40,8,8,0,0,0,892,0,0,0,0,20,10,2,0,0,0,0,0,0,45,lru,0,0,0,0,0,0,8,8,8,0,0,0,1
request,729,0,460,0,decode,-1,0,0,0,0,0,0,0,0,0,0,0,0,0,0,0,0,0,0,0,0,,1316,20,0,0,7,0,0,0,0,0,0,0,0
request,730,0,460,0,decode,-1,0,0,0,0,0,0,0,0,0,0,0,0,0,0,0,0,0,0,0,0,,9688,7,0,0,6,0,0,0,0,0,0,0,0
layer,731,0,460,1445,decode,40,15,15,0,0,0,151,0,0,0,0,25,11,2,0,0,0,0,0,0,45,lru,0,0,0,0,0,0,16,16,16,0,0,0,1
request,731,0,460,0,decode,-1,0,0,0,0,0,0,0,0,0,0,0,0,0,0,0,0,0,0,0,0,,610,18,0,0,5,0,0,0,0,0,0,0,0
layer,732,0,462,1445,decode,40,8,8,0,0,0,893,0,0,0,0,22,10,2,0,0,0,0,0,0,45,lru,0,0,0,0,0,0,8,8,8,0,0,0,1
request,732,0,462,0,decode,-1,0,0,0,0,0,0,0,0,0,0,0,0,0,0,0,0,0,0,0,0,,1314,20,0,0,7,0,0,0,0,0,0,0,0
request,733,0,462,0,decode,-1,0,0,0,0,0,0,0,0,0,0,0,0,0,0,0,0,0,0,0,0,,9688,12,0,0,11,0,0,0,0,0,0,0,0
layer,734,0,462,1445,decode,40,14,14,0,0,0,146,0,0,0,0,27,12,3,0,0,0,0,0,0,45,lru,0,0,0,0,0,0,16,16,16,0,0,0,1
request,734,0,462,0,decode,-1,0,0,0,0,0,0,0,0,0,0,0,0,0,0,0,0,0,0,0,0,,629,20,0,0,7,0,0,0,0,0,0,0,0
layer,735,0,464,1445,decode,40,8,8,0,0,0,896,0,0,0,0,21,10,2,0,0,0,0,0,0,45,lru,0,0,0,0,0,0,8,8,8,0,0,0,1
request,735,0,464,0,decode,-1,0,0,0,0,0,0,0,0,0,0,0,0,0,0,0,0,0,0,0,0,,1324,21,0,0,7,0,0,0,0,0,0,0,0
request,736,0,464,0,decode,-1,0,0,0,0,0,0,0,0,0,0,0,0,0,0,0,0,0,0,0,0,,9700,7,0,0,6,0,0,0,0,0,0,0,0
layer,737,0,464,1445,decode,40,15,15,0,0,0,151,0,0,0,0,26,12,2,0,0,0,0,0,0,45,lru,0,0,0,0,0,0,16,16,16,0,0,0,1
request,737,0,464,0,decode,-1,0,0,0,0,0,0,0,0,0,0,0,0,0,0,0,0,0,0,0,0,,613,19,0,0,6,0,0,0,0,0,0,0,0
layer,738,0,466,1445,decode,40,8,8,0,0,0,895,0,0,0,0,22,10,2,0,0,0,0,0,0,45,lru,0,0,0,0,0,0,8,8,8,0,0,0,1
request,738,0,466,0,decode,-1,0,0,0,0,0,0,0,0,0,0,0,0,0,0,0,0,0,0,0,0,,1318,21,0,0,8,0,0,0,0,0,0,0,0
request,739,0,466,0,decode,-1,0,0,0,0,0,0,0,0,0,0,0,0,0,0,0,0,0,0,0,0,,9693,7,0,0,6,0,0,0,0,0,0,0,0
layer,740,0,466,1445,decode,40,14,14,0,0,0,147,0,0,0,0,26,12,2,0,0,0,0,0,0,45,lru,0,0,0,0,0,0,16,16,16,0,0,0,1
request,740,0,466,0,decode,-1,0,0,0,0,0,0,0,0,0,0,0,0,0,0,0,0,0,0,0,0,,605,18,0,0,6,0,0,0,0,0,0,0,0
layer,741,0,468,1445,decode,40,8,8,0,0,0,893,0,0,0,0,21,10,2,0,0,0,0,0,0,45,lru,0,0,0,0,0,0,8,8,8,0,0,0,1
request,741,0,468,0,decode,-1,0,0,0,0,0,0,0,0,0,0,0,0,0,0,0,0,0,0,0,0,,1335,32,0,0,19,0,0,0,0,0,0,0,0
request,742,0,468,0,decode,-1,0,0,0,0,0,0,0,0,0,0,0,0,0,0,0,0,0,0,0,0,,9704,7,0,0,7,0,0,0,0,0,0,0,0
layer,743,0,468,1445,decode,40,15,15,0,0,0,167,0,0,0,0,32,12,2,0,0,0,0,0,0,45,lru,0,0,0,0,0,0,16,16,16,0,0,0,1
request,743,0,468,0,decode,-1,0,0,0,0,0,0,0,0,0,0,0,0,0,0,0,0,0,0,0,0,,683,18,0,0,6,0,0,0,0,0,0,0,0
layer,744,0,470,1445,decode,40,8,8,0,0,0,898,0,0,0,0,25,10,2,0,0,0,0,0,0,45,lru,0,0,0,0,0,0,8,8,8,0,0,0,1
request,744,0,470,0,decode,-1,0,0,0,0,0,0,0,0,0,0,0,0,0,0,0,0,0,0,0,0,,1348,20,0,0,8,0,0,0,0,0,0,0,0
request,745,0,470,0,decode,-1,0,0,0,0,0,0,0,0,0,0,0,0,0,0,0,0,0,0,0,0,,10594,6,0,0,6,0,0,0,0,0,0,0,0
layer,746,0,470,1445,decode,40,14,14,0,0,0,145,0,0,0,0,31,12,2,0,0,0,0,0,0,45,lru,0,0,0,0,0,0,16,16,16,0,0,0,1
request,746,0,470,0,decode,-1,0,0,0,0,0,0,0,0,0,0,0,0,0,0,0,0,0,0,0,0,,617,18,0,0,5,0,0,0,0,0,0,0,0
layer,747,0,472,1445,decode,40,8,8,0,0,0,898,0,0,0,0,22,10,2,0,0,0,0,0,0,45,lru,0,0,0,0,0,0,8,8,8,0,0,0,1
request,747,0,472,0,decode,-1,0,0,0,0,0,0,0,0,0,0,0,0,0,0,0,0,0,0,0,0,,1323,20,0,0,7,0,0,0,0,0,0,0,0
request,748,0,472,0,decode,-1,0,0,0,0,0,0,0,0,0,0,0,0,0,0,0,0,0,0,0,0,,9685,6,0,0,6,0,0,0,0,0,0,0,0
layer,749,0,472,1445,decode,40,15,15,0,0,0,151,0,0,0,0,26,11,2,0,0,0,0,0,0,45,lru,0,0,0,0,0,0,16,16,16,0,0,0,1
request,749,0,472,0,decode,-1,0,0,0,0,0,0,0,0,0,0,0,0,0,0,0,0,0,0,0,0,,611,18,0,0,5,0,0,0,0,0,0,0,0
layer,750,0,474,1445,decode,40,8,8,0,0,0,893,0,0,0,0,21,10,2,0,0,0,0,0,0,45,lru,0,0,0,0,0,0,8,8,8,0,0,0,1
request,750,0,474,0,decode,-1,0,0,0,0,0,0,0,0,0,0,0,0,0,0,0,0,0,0,0,0,,1316,20,0,0,7,0,0,0,0,0,0,0,0
request,751,0,474,0,decode,-1,0,0,0,0,0,0,0,0,0,0,0,0,0,0,0,0,0,0,0,0,,9687,6,0,0,6,0,0,0,0,0,0,0,0
layer,752,0,474,1445,decode,40,14,14,0,0,0,146,0,0,0,0,31,12,2,0,0,0,0,0,0,45,lru,0,0,0,0,0,0,16,16,16,0,0,0,5
request,752,0,474,0,decode,-1,0,0,0,0,0,0,0,0,0,0,0,0,0,0,0,0,0,0,0,0,,607,18,0,0,5,0,0,0,0,0,0,0,0
layer,753,0,476,1445,decode,40,8,8,0,0,0,896,0,0,0,0,22,10,2,0,0,0,0,0,0,45,lru,0,0,0,0,0,0,8,8,8,0,0,0,1
request,753,0,476,0,decode,-1,0,0,0,0,0,0,0,0,0,0,0,0,0,0,0,0,0,0,0,0,,1315,20,0,0,8,0,0,0,0,0,0,0,0
request,754,0,476,0,decode,-1,0,0,0,0,0,0,0,0,0,0,0,0,0,0,0,0,0,0,0,0,,9694,7,0,0,6,0,0,0,0,0,0,0,0
layer,755,0,476,1445,decode,40,15,15,0,0,0,151,0,0,0,0,26,11,2,0,0,0,0,0,0,45,lru,0,0,0,0,0,0,16,16,16,0,0,0,2
request,755,0,476,0,decode,-1,0,0,0,0,0,0,0,0,0,0,0,0,0,0,0,0,0,0,0,0,,617,17,0,0,5,0,0,0,0,0,0,0,0
layer,756,0,478,1445,decode,40,8,8,0,0,0,894,0,0,0,0,22,10,2,0,0,0,0,0,0,45,lru,0,0,0,0,0,0,8,8,8,0,0,0,1
request,756,0,478,0,decode,-1,0,0,0,0,0,0,0,0,0,0,0,0,0,0,0,0,0,0,0,0,,1325,21,0,0,8,0,0,0,0,0,0,0,0
request,757,0,478,0,decode,-1,0,0,0,0,0,0,0,0,0,0,0,0,0,0,0,0,0,0,0,0,,9687,7,0,0,6,0,0,0,0,0,0,0,0
layer,758,0,478,1445,decode,40,14,14,0,0,0,145,0,0,0,0,26,12,2,0,0,0,0,0,0,45,lru,0,0,0,0,0,0,16,16,16,0,0,0,1
request,758,0,478,0,decode,-1,0,0,0,0,0,0,0,0,0,0,0,0,0,0,0,0,0,0,0,0,,612,19,0,0,6,0,0,0,0,0,0,0,0
layer,759,0,480,1445,decode,40,8,8,0,0,0,897,0,0,0,0,22,10,2,0,0,0,0,0,0,45,lru,0,0,0,0,0,0,8,8,8,0,0,0,1
request,759,0,480,0,decode,-1,0,0,0,0,0,0,0,0,0,0,0,0,0,0,0,0,0,0,0,0,,1328,21,0,0,8,0,0,0,0,0,0,0,0
request,760,0,480,0,decode,-1,0,0,0,0,0,0,0,0,0,0,0,0,0,0,0,0,0,0,0,0,,9686,8,0,0,7,0,0,0,0,0,0,0,0
layer,761,0,480,1445,decode,40,15,15,0,0,0,151,0,0,0,0,25,11,2,0,0,0,0,0,0,45,lru,0,0,0,0,0,0,16,16,16,0,0,0,1
request,761,0,480,0,decode,-1,0,0,0,0,0,0,0,0,0,0,0,0,0,0,0,0,0,0,0,0,,611,18,0,0,6,0,0,0,0,0,0,0,0
layer,762,0,482,1445,decode,40,8,8,0,0,0,891,0,0,0,0,22,11,2,0,0,0,0,0,0,45,lru,0,0,0,0,0,0,8,8,8,0,0,0,1
request,762,0,482,0,decode,-1,0,0,0,0,0,0,0,0,0,0,0,0,0,0,0,0,0,0,0,0,,1316,20,0,0,7,0,0,0,0,0,0,0,0
request,763,0,482,0,decode,-1,0,0,0,0,0,0,0,0,0,0,0,0,0,0,0,0,0,0,0,0,,9688,7,0,0,6,0,0,0,0,0,0,0,0
layer,764,0,482,1445,decode,40,14,14,0,0,0,146,0,0,0,0,26,12,2,0,0,0,0,0,0,45,lru,0,0,0,0,0,0,16,16,16,0,0,0,1
request,764,0,482,0,decode,-1,0,0,0,0,0,0,0,0,0,0,0,0,0,0,0,0,0,0,0,0,,617,27,0,0,14,0,0,0,0,0,0,0,0
layer,765,0,484,1445,decode,40,8,8,0,0,0,889,0,0,0,0,22,10,2,0,0,0,0,0,0,45,lru,0,0,0,0,0,0,8,8,8,0,0,0,1
request,765,0,484,0,decode,-1,0,0,0,0,0,0,0,0,0,0,0,0,0,0,0,0,0,0,0,0,,1317,20,0,0,7,0,0,0,0,0,0,0,0
request,766,0,484,0,decode,-1,0,0,0,0,0,0,0,0,0,0,0,0,0,0,0,0,0,0,0,0,,9685,7,0,0,6,0,0,0,0,0,0,0,0
layer,767,0,484,1445,decode,40,15,15,0,0,0,150,0,0,0,0,25,11,2,0,0,0,0,0,0,45,lru,0,0,0,0,0,0,16,16,16,0,0,0,1
request,767,0,484,0,decode,-1,0,0,0,0,0,0,0,0,0,0,0,0,0,0,0,0,0,0,0,0,,606,18,0,0,5,0,0,0,0,0,0,0,0
layer,768,0,486,1445,decode,40,8,8,0,0,0,893,0,0,0,0,22,10,2,0,0,0,0,0,0,45,lru,0,0,0,0,0,0,8,8,8,0,0,0,1
request,768,0,486,0,decode,-1,0,0,0,0,0,0,0,0,0,0,0,0,0,0,0,0,0,0,0,0,,1316,20,0,0,7,0,0,0,0,0,0,0,0
request,769,0,486,0,decode,-1,0,0,0,0,0,0,0,0,0,0,0,0,0,0,0,0,0,0,0,0,,9696,7,0,0,6,0,0,0,0,0,0,0,0
layer,770,0,486,1445,decode,40,14,14,0,0,0,146,0,0,0,0,26,12,2,0,0,0,0,0,0,45,lru,0,0,0,0,0,0,16,16,16,0,0,0,1
request,770,0,486,0,decode,-1,0,0,0,0,0,0,0,0,0,0,0,0,0,0,0,0,0,0,0,0,,610,18,0,0,6,0,0,0,0,0,0,0,0
layer,771,0,488,1445,decode,40,8,8,0,0,0,894,0,0,0,0,21,10,2,0,0,0,0,0,0,45,lru,0,0,0,0,0,0,8,8,8,0,0,0,1
request,771,0,488,0,decode,-1,0,0,0,0,0,0,0,0,0,0,0,0,0,0,0,0,0,0,0,0,,1317,20,0,0,7,0,0,0,0,0,0,0,0
request,772,0,488,0,decode,-1,0,0,0,0,0,0,0,0,0,0,0,0,0,0,0,0,0,0,0,0,,9688,7,0,0,6,0,0,0,0,0,0,0,0
layer,773,0,488,1445,decode,40,15,15,0,0,0,155,0,0,0,0,26,12,2,0,0,0,0,0,0,45,lru,0,0,0,0,0,0,16,16,16,0,0,0,1
request,773,0,488,0,decode,-1,0,0,0,0,0,0,0,0,0,0,0,0,0,0,0,0,0,0,0,0,,612,18,0,0,6,0,0,0,0,0,0,0,0
layer,774,0,490,1445,decode,40,8,8,0,0,0,894,0,0,0,0,21,10,2,0,0,0,0,0,0,45,lru,0,0,0,0,0,0,8,8,8,0,0,0,1
request,774,0,490,0,decode,-1,0,0,0,0,0,0,0,0,0,0,0,0,0,0,0,0,0,0,0,0,,1315,19,0,0,7,0,0,0,0,0,0,0,0
request,775,0,490,0,decode,-1,0,0,0,0,0,0,0,0,0,0,0,0,0,0,0,0,0,0,0,0,,9684,7,0,0,6,0,0,0,0,0,0,0,0
layer,776,0,490,1445,decode,40,14,14,0,0,0,144,0,0,0,0,26,12,2,0,0,0,0,0,0,45,lru,0,0,0,0,0,0,16,16,16,0,0,0,1
request,776,0,490,0,decode,-1,0,0,0,0,0,0,0,0,0,0,0,0,0,0,0,0,0,0,0,0,,601,17,0,0,5,0,0,0,0,0,0,0,0
layer,777,0,492,1445,decode,40,8,8,0,0,0,892,0,0,0,0,24,14,2,0,0,0,0,0,0,45,lru,0,0,0,0,0,0,8,8,8,0,0,0,1
request,777,0,492,0,decode,-1,0,0,0,0,0,0,0,0,0,0,0,0,0,0,0,0,0,0,0,0,,1313,20,0,0,7,0,0,0,0,0,0,0,0
request,778,0,492,0,decode,-1,0,0,0,0,0,0,0,0,0,0,0,0,0,0,0,0,0,0,0,0,,9691,7,0,0,6,0,0,0,0,0,0,0,0
layer,779,0,492,1445,decode,40,15,15,0,0,0,152,0,0,0,0,26,12,2,0,0,0,0,0,0,45,lru,0,0,0,0,0,0,16,16,16,0,0,0,1
request,779,0,492,0,decode,-1,0,0,0,0,0,0,0,0,0,0,0,0,0,0,0,0,0,0,0,0,,613,18,0,0,6,0,0,0,0,0,0,0,0
layer,780,0,494,1445,decode,40,8,8,0,0,0,899,0,0,0,0,22,10,2,0,0,0,0,0,0,45,lru,0,0,0,0,0,0,8,8,8,0,0,0,1
request,780,0,494,0,decode,-1,0,0,0,0,0,0,0,0,0,0,0,0,0,0,0,0,0,0,0,0,,1325,20,0,0,7,0,0,0,0,0,0,0,0
request,781,0,494,0,decode,-1,0,0,0,0,0,0,0,0,0,0,0,0,0,0,0,0,0,0,0,0,,9687,6,0,0,6,0,0,0,0,0,0,0,0
layer,782,0,494,1445,decode,40,14,14,0,0,0,146,0,0,0,0,25,12,2,0,0,0,0,0,0,45,lru,0,0,0,0,0,0,16,16,16,0,0,0,1
request,782,0,494,0,decode,-1,0,0,0,0,0,0,0,0,0,0,0,0,0,0,0,0,0,0,0,0,,605,18,0,0,6,0,0,0,0,0,0,0,0
layer,783,0,496,1445,decode,40,8,8,0,0,0,896,0,0,0,0,21,10,2,0,0,0,0,0,0,45,lru,0,0,0,0,0,0,8,8,8,0,0,0,1
request,783,0,496,0,decode,-1,0,0,0,0,0,0,0,0,0,0,0,0,0,0,0,0,0,0,0,0,,1318,20,0,0,8,0,0,0,0,0,0,0,0
request,784,0,496,0,decode,-1,0,0,0,0,0,0,0,0,0,0,0,0,0,0,0,0,0,0,0,0,,9716,8,0,0,7,0,0,0,0,0,0,0,0
layer,785,0,496,1445,decode,40,15,15,0,0,0,152,0,0,0,0,28,12,2,0,0,0,0,0,0,45,lru,0,0,0,0,0,0,16,16,16,0,0,0,1
request,785,0,496,0,decode,-1,0,0,0,0,0,0,0,0,0,0,0,0,0,0,0,0,0,0,0,0,,633,18,0,0,6,0,0,0,0,0,0,0,0
layer,786,0,498,1445,decode,40,8,8,0,0,0,895,0,0,0,0,23,11,2,0,0,0,0,0,0,45,lru,0,0,0,0,0,0,8,8,8,0,0,0,1
request,786,0,498,0,decode,-1,0,0,0,0,0,0,0,0,0,0,0,0,0,0,0,0,0,0,0,0,,1330,20,0,0,8,0,0,0,0,0,0,0,0
request,787,0,498,0,decode,-1,0,0,0,0,0,0,0,0,0,0,0,0,0,0,0,0,0,0,0,0,,9717,10,0,0,9,0,0,0,0,0,0,0,0
layer,788,0,498,1445,decode,40,14,14,0,0,0,148,0,0,0,0,34,12,2,0,0,0,0,0,0,45,lru,0,0,0,0,0,0,16,16,16,0,0,0,7
request,788,0,498,0,decode,-1,0,0,0,0,0,0,0,0,0,0,0,0,0,0,0,0,0,0,0,0,,638,29,0,0,17,0,0,0,0,0,0,0,0
layer,789,0,500,1445,decode,40,8,8,0,0,0,893,0,0,0,0,23,10,2,0,0,0,0,0,0,45,lru,0,0,0,0,0,0,8,8,8,0,0,0,1
request,789,0,500,0,decode,-1,0,0,0,0,0,0,0,0,0,0,0,0,0,0,0,0,0,0,0,0,,1325,21,0,0,8,0,0,0,0,0,0,0,0
request,790,0,500,0,decode,-1,0,0,0,0,0,0,0,0,0,0,0,0,0,0,0,0,0,0,0,0,,9701,7,0,0,6,0,0,0,0,0,0,0,0
layer,791,0,500,1445,decode,40,15,15,0,0,0,152,0,0,0,0,27,11,2,0,0,0,0,0,0,45,lru,0,0,0,0,0,0,16,16,16,0,0,0,2
request,791,0,500,0,decode,-1,0,0,0,0,0,0,0,0,0,0,0,0,0,0,0,0,0,0,0,0,,615,18,0,0,6,0,0,0,0,0,0,0,0
layer,792,0,502,1445,decode,40,8,8,0,0,0,891,0,0,0,0,22,10,2,0,0,0,0,0,0,45,lru,0,0,0,0,0,0,8,8,8,0,0,0,1
request,792,0,502,0,decode,-1,0,0,0,0,0,0,0,0,0,0,0,0,0,0,0,0,0,0,0,0,,1314,21,0,0,8,0,0,0,0,0,0,0,0
request,793,0,502,0,decode,-1,0,0,0,0,0,0,0,0,0,0,0,0,0,0,0,0,0,0,0,0,,9693,7,0,0,7,0,0,0,0,0,0,0,0
layer,794,0,502,1445,decode,40,14,14,0,0,0,146,0,0,0,0,26,12,2,0,0,0,0,0,0,45,lru,0,0,0,0,0,0,16,16,16,0,0,0,1
request,794,0,502,0,decode,-1,0,0,0,0,0,0,0,0,0,0,0,0,0,0,0,0,0,0,0,0,,618,19,0,0,7,0,0,0,0,0,0,0,0
layer,795,0,504,1445,decode,40,8,8,0,0,0,895,0,0,0,0,21,10,2,0,0,0,0,0,0,45,lru,0,0,0,0,0,0,8,8,8,0,0,0,1
request,795,0,504,0,decode,-1,0,0,0,0,0,0,0,0,0,0,0,0,0,0,0,0,0,0,0,0,,1319,21,0,0,7,0,0,0,0,0,0,0,0
request,796,0,504,0,decode,-1,0,0,0,0,0,0,0,0,0,0,0,0,0,0,0,0,0,0,0,0,,9698,6,0,0,6,0,0,0,0,0,0,0,0
layer,797,0,504,1445,decode,40,15,15,0,0,0,151,0,0,0,0,26,12,2,0,0,0,0,0,0,45,lru,0,0,0,0,0,0,16,16,16,0,0,0,1
request,797,0,504,0,decode,-1,0,0,0,0,0,0,0,0,0,0,0,0,0,0,0,0,0,0,0,0,,614,18,0,0,6,0,0,0,0,0,0,0,0
layer,798,0,506,1445,decode,40,8,8,0,0,0,894,0,0,0,0,21,10,2,0,0,0,0,0,0,45,lru,0,0,0,0,0,0,8,8,8,0,0,0,1
request,798,0,506,0,decode,-1,0,0,0,0,0,0,0,0,0,0,0,0,0,0,0,0,0,0,0,0,,1316,20,0,0,7,0,0,0,0,0,0,0,0
request,799,0,506,0,decode,-1,0,0,0,0,0,0,0,0,0,0,0,0,0,0,0,0,0,0,0,0,,9691,7,0,0,6,0,0,0,0,0,0,0,0
layer,800,0,506,1445,decode,40,14,14,0,0,0,145,0,0,0,0,25,11,2,0,0,0,0,0,0,45,lru,0,0,0,0,0,0,16,16,16,0,0,0,1
request,800,0,506,0,decode,-1,0,0,0,0,0,0,0,0,0,0,0,0,0,0,0,0,0,0,0,0,,603,17,0,0,5,0,0,0,0,0,0,0,0
layer,801,0,508,1445,decode,40,8,8,0,0,0,892,0,0,0,0,21,10,2,0,0,0,0,0,0,45,lru,0,0,0,0,0,0,8,8,8,0,0,0,1
request,801,0,508,0,decode,-1,0,0,0,0,0,0,0,0,0,0,0,0,0,0,0,0,0,0,0,0,,1314,19,0,0,7,0,0,0,0,0,0,0,0
request,802,0,508,0,decode,-1,0,0,0,0,0,0,0,0,0,0,0,0,0,0,0,0,0,0,0,0,,9690,7,0,0,6,0,0,0,0,0,0,0,0
layer,803,0,508,1445,decode,40,15,15,0,0,0,152,0,0,0,0,26,12,2,0,0,0,0,0,0,45,lru,0,0,0,0,0,0,16,16,16,0,0,0,1
request,803,0,508,0,decode,-1,0,0,0,0,0,0,0,0,0,0,0,0,0,0,0,0,0,0,0,0,,618,18,0,0,6,0,0,0,0,0,0,0,0
layer,804,0,510,1445,decode,40,8,8,0,0,0,896,0,0,0,0,22,10,2,0,0,0,0,0,0,45,lru,0,0,0,0,0,0,8,8,8,0,0,0,1
request,804,0,510,0,decode,-1,0,0,0,0,0,0,0,0,0,0,0,0,0,0,0,0,0,0,0,0,,1324,21,0,0,8,0,0,0,0,0,0,0,0
request,805,0,510,0,decode,-1,0,0,0,0,0,0,0,0,0,0,0,0,0,0,0,0,0,0,0,0,,9692,7,0,0,6,0,0,0,0,0,0,0,0
layer,806,0,510,1445,decode,40,14,14,0,0,0,146,0,0,0,0,29,12,2,0,0,0,0,0,0,45,lru,0,0,0,0,0,0,16,16,16,0,0,0,1
request,806,0,510,0,decode,-1,0,0,0,0,0,0,0,0,0,0,0,0,0,0,0,0,0,0,0,0,,609,18,0,0,5,0,0,0,0,0,0,0,0
layer,807,0,512,1445,decode,40,8,8,0,0,0,892,0,0,0,0,22,10,2,0,0,0,0,0,0,45,lru,0,0,0,0,0,0,8,8,8,0,0,0,1
request,807,0,512,0,decode,-1,0,0,0,0,0,0,0,0,0,0,0,0,0,0,0,0,0,0,0,0,,1320,20,0,0,7,0,0,0,0,0,0,0,0
layer,808,0,512,1829,decode,0,16,15,1,970,551,249,156,5,0,5,1164,13,11,0,0,0,0,0,0,45,lru,0,0,0,0,0,0,16,15,16,0,1,0,1
layer,808,0,512,1829,decode,1,16,14,2,1924,1212,245,298,5,0,5,2189,9,22,0,0,0,0,0,0,45,lru,0,0,0,0,0,0,16,14,16,0,2,0,2
layer,808,0,512,1829,decode,2,15,11,4,4248,2492,248,657,6,0,6,4635,8,17,0,0,0,0,0,0,45,lru,0,0,0,0,0,0,16,12,16,0,4,0,1
layer,808,0,512,1829,decode,3,13,9,4,4225,2457,236,534,5,0,5,4652,9,17,0,0,0,0,0,0,45,lru,0,0,0,0,0,0,16,11,16,0,4,0,1
layer,808,0,512,1829,decode,4,12,9,3,2971,1830,217,418,5,0,5,3223,8,11,0,0,0,0,0,0,45,lru,0,0,0,0,0,0,16,13,16,0,3,0,2
layer,808,0,512,1829,decode,5,14,11,3,9675,1056,225,202,5,0,5,9847,8,2,0,0,0,0,0,0,45,lru,0,0,0,0,0,0,16,13,16,0,3,0,1
layer,808,0,512,1829,decode,6,14,9,5,10114,1311,244,71,6,0,6,10305,9,2,0,0,0,0,0,0,45,lru,0,0,0,0,0,0,16,10,16,0,5,0,1
layer,808,0,512,1829,decode,7,15,12,3,1759,704,227,29,4,0,4,1898,8,3,0,0,0,0,0,0,45,lru,0,0,0,0,0,0,16,13,16,0,3,0,1
layer,808,0,512,1829,decode,8,15,7,8,9906,1638,233,111,5,0,5,10182,8,2,0,0,0,0,0,0,45,lru,0,0,0,0,0,0,16,8,16,0,8,0,1
layer,808,0,512,1829,decode,9,16,6,10,18603,2387,237,174,5,0,5,18936,8,3,0,0,0,0,0,0,45,lru,0,0,0,0,0,0,16,6,16,0,10,0,1
layer,808,0,512,1829,decode,10,16,5,11,11606,2387,253,203,5,0,5,12005,9,20,0,0,0,0,0,0,45,lru,0,0,0,0,0,0,16,5,16,0,11,0,1
layer,808,0,512,1829,decode,11,16,8,8,22920,1596,230,116,4,0,4,23221,21,6,0,0,0,0,0,0,45,lru,0,0,0,0,0,0,16,8,16,0,8,0,3
layer,808,0,512,1829,decode,12,16,10,6,3430,1304,238,83,5,0,5,3643,8,3,0,0,0,0,0,0,45,lru,0,0,0,0,0,0,16,10,16,0,6,0,1
layer,808,0,512,1829,decode,13,13,6,7,23716,1897,222,377,6,0,6,24068,9,4,0,0,0,0,0,0,45,lru,0,0,0,0,0,0,16,6,16,0,7,0,1
layer,808,0,512,1829,decode,14,14,11,3,8778,933,242,50,6,0,6,8915,10,3,0,0,0,0,0,0,45,lru,0,0,0,0,0,0,16,12,16,0,3,0,2
layer,808,0,512,1829,decode,15,16,10,6,6387,1298,232,93,5,0,5,6613,9,2,0,0,0,0,0,0,45,lru,0,0,0,0,0,0,16,10,16,0,6,0,1
layer,808,0,512,1829,decode,16,15,9,6,15892,1427,231,96,9,0,9,16129,8,2,0,0,0,0,0,0,45,lru,0,0,0,0,0,0,16,10,16,0,6,0,1
layer,808,0,512,1829,decode,17,16,7,9,23580,2383,236,160,3,0,3,23888,8,2,0,0,0,0,0,0,45,lru,0,0,0,0,0,0,16,7,16,0,9,0,1
layer,808,0,512,1829,decode,18,16,12,4,16058,874,257,58,2,0,2,16219,8,2,0,0,0,0,0,0,45,lru,0,0,0,0,0,0,16,12,16,0,4,0,2
layer,808,0,512,1829,decode,19,16,9,7,16689,1734,231,112,1,0,1,16928,9,2,0,0,0,0,0,0,45,lru,0,0,0,0,0,0,16,9,16,0,7,0,1
layer,808,0,512,1829,decode,20,16,7,9,10717,1904,239,132,2,0,2,11003,8,2,0,0,0,0,0,0,45,lru,0,0,0,0,0,0,16,7,16,0,9,0,2
layer,808,0,512,1829,decode,21,16,6,10,13548,2164,236,162,3,0,3,13890,8,2,0,0,0,0,0,0,45,lru,0,0,0,0,0,0,16,6,16,0,10,0,1
layer,808,0,512,1829,decode,22,16,1,15,11930,3614,253,297,3,0,3,12475,9,5,0,0,0,0,0,0,45,lru,0,0,0,0,0,0,16,1,16,0,15,0,1
layer,808,0,512,1829,decode,23,16,4,12,23012,2781,230,222,3,0,3,23441,10,3,0,0,0,0,0,0,45,lru,0,0,0,0,0,0,16,4,16,0,12,0,2
layer,808,0,512,1829,decode,24,16,8,8,20179,1545,237,128,1,0,1,20464,8,2,0,0,0,0,0,0,45,lru,0,0,0,0,0,0,16,8,16,0,8,0,2
layer,808,0,512,1829,decode,25,16,8,8,16655,1760,237,117,1,0,1,16935,8,2,0,0,0,0,0,0,45,lru,0,0,0,0,0,0,16,8,16,0,8,0,1
layer,808,0,512,1829,decode,26,16,4,12,36678,2813,256,176,1,0,1,37074,8,3,0,0,0,0,0,0,45,lru,0,0,0,0,0,0,16,4,16,0,12,0,1
layer,808,0,512,1829,decode,27,16,7,9,12135,1921,232,122,2,0,2,12439,9,2,0,0,0,0,0,0,45,lru,0,0,0,0,0,0,16,7,16,0,9,0,2
layer,808,0,512,1829,decode,28,16,6,10,28565,2226,237,157,1,0,1,28900,9,3,0,0,0,0,0,0,45,lru,0,0,0,0,0,0,16,6,16,0,10,0,1
layer,808,0,512,1829,decode,29,16,6,10,34041,2365,238,225,1,0,1,34387,9,8,0,0,0,0,0,0,45,lru,0,0,0,0,0,0,16,6,16,0,10,0,1
layer,808,0,512,1829,decode,30,16,5,11,48141,3194,251,172,2,0,2,48522,12,4,0,0,0,0,0,0,45,lru,0,0,0,0,0,0,16,5,16,0,11,0,2
layer,808,0,512,1829,decode,31,16,8,8,53430,2515,231,189,2,0,2,53710,9,3,0,0,0,0,0,0,45,lru,0,0,0,0,0,0,16,8,16,0,8,0,2
layer,808,0,512,1829,decode,32,16,8,8,31685,2384,238,132,1,0,1,31972,9,3,0,0,0,0,0,0,45,lru,0,0,0,0,0,0,16,8,16,0,8,0,1
layer,808,0,512,1829,decode,33,16,6,10,22200,2243,238,117,1,0,1,22536,8,2,0,0,0,0,0,0,45,lru,0,0,0,0,0,0,16,6,16,0,10,0,4
layer,808,0,512,1829,decode,34,16,9,7,18306,1480,254,99,2,0,2,18553,9,3,0,0,0,0,0,0,45,lru,0,0,0,0,0,0,16,9,16,0,7,0,1
layer,808,0,512,1829,decode,35,16,9,7,29142,2212,231,110,2,0,2,29383,9,2,0,0,0,0,0,0,45,lru,0,0,0,0,0,0,16,9,16,0,7,0,1
layer,808,0,512,1829,decode,36,16,10,6,27265,1689,238,75,2,0,2,27477,9,3,0,0,0,0,0,0,45,lru,0,0,0,0,0,0,16,10,16,0,6,0,1
layer,808,0,512,1829,decode,37,16,8,8,28622,2030,239,132,1,0,1,28902,8,2,0,0,0,0,0,0,45,lru,0,0,0,0,0,0,16,8,16,0,8,0,1
layer,808,0,512,1829,decode,38,11,4,7,33419,2362,227,127,2,0,2,33667,8,2,0,0,0,0,0,0,45,lru,0,0,0,0,0,0,16,7,16,0,7,0,1
layer,808,0,512,1829,decode,39,14,9,5,16363,1321,957,84,1,0,1,16549,9,2,0,0,0,0,0,0,45,lru,0,0,0,0,0,0,16,11,16,0,5,0,1
request,808,0,512,0,decode,-1,0,0,0,0,0,0,0,0,0,0,0,0,0,0,0,0,0,0,0,0,,762370,1553,0,0,39,0,0,0,0,0,0,0,0
layer,809,0,512,1829,decode,40,15,15,0,0,0,159,0,0,0,0,30,11,2,0,0,0,0,0,0,45,lru,0,0,0,0,0,0,16,16,16,0,0,0,2
request,809,0,512,0,decode,-1,0,0,0,0,0,0,0,0,0,0,0,0,0,0,0,0,0,0,0,0,,859,23,0,0,10,0,0,0,0,0,0,0,0
layer,810,0,514,1829,decode,40,8,7,1,505,370,842,6,4,0,4,578,12,4,0,0,0,0,0,0,45,lru,0,0,0,0,0,0,8,7,8,0,1,0,1
request,810,0,514,0,decode,-1,0,0,0,0,0,0,0,0,0,0,0,0,0,0,0,0,0,0,0,0,,2244,30,0,0,11,0,0,0,0,0,0,0,0
request,811,0,514,0,decode,-1,0,0,0,0,0,0,0,0,0,0,0,0,0,0,0,0,0,0,0,0,,12420,16,0,0,15,0,0,0,0,0,0,0,0
layer,812,0,514,1829,decode,40,14,14,0,0,0,152,0,0,0,0,32,13,3,0,0,0,0,0,0,45,lru,0,0,0,0,0,0,16,16,16,0,0,0,1
request,812,0,514,0,decode,-1,0,0,0,0,0,0,0,0,0,0,0,0,0,0,0,0,0,0,0,0,,680,20,0,0,7,0,0,0,0,0,0,0,0
layer,813,0,516,1829,decode,40,8,7,1,869,265,840,20,2,0,2,954,11,3,0,0,0,0,0,0,45,lru,0,0,0,0,0,0,8,7,8,0,1,0,1
request,813,0,516,0,decode,-1,0,0,0,0,0,0,0,0,0,0,0,0,0,0,0,0,0,0,0,0,,2352,26,0,0,8,0,0,0,0,0,0,0,0
request,814,0,516,0,decode,-1,0,0,0,0,0,0,0,0,0,0,0,0,0,0,0,0,0,0,0,0,,17484,9,0,0,8,0,0,0,0,0,0,0,0
layer,815,0,516,1829,decode,40,15,15,0,0,0,153,0,0,0,0,30,13,3,0,0,0,0,0,0,45,lru,0,0,0,0,0,0,16,16,16,0,0,0,2
request,815,0,516,0,decode,-1,0,0,0,0,0,0,0,0,0,0,0,0,0,0,0,0,0,0,0,0,,663,19,0,0,7,0,0,0,0,0,0,0,0
layer,816,0,518,1829,decode,40,8,8,0,0,0,899,0,0,0,0,24,11,2,0,0,0,0,0,0,45,lru,0,0,0,0,0,0,8,8,8,0,0,0,1
request,816,0,518,0,decode,-1,0,0,0,0,0,0,0,0,0,0,0,0,0,0,0,0,0,0,0,0,,1343,22,0,0,9,0,0,0,0,0,0,0,0
request,817,0,518,0,decode,-1,0,0,0,0,0,0,0,0,0,0,0,0,0,0,0,0,0,0,0,0,,9928,7,0,0,7,0,0,0,0,0,0,0,0
layer,818,0,518,1829,decode,40,14,14,0,0,0,147,0,0,0,0,29,12,2,0,0,0,0,0,0,45,lru,0,0,0,0,0,0,16,16,16,0,0,0,1
request,818,0,518,0,decode,-1,0,0,0,0,0,0,0,0,0,0,0,0,0,0,0,0,0,0,0,0,,632,19,0,0,6,0,0,0,0,0,0,0,0
layer,819,0,520,1829,decode,40,8,8,0,0,0,899,0,0,0,0,23,10,2,0,0,0,0,0,0,45,lru,0,0,0,0,0,0,8,8,8,0,0,0,1
request,819,0,520,0,decode,-1,0,0,0,0,0,0,0,0,0,0,0,0,0,0,0,0,0,0,0,0,,1351,21,0,0,8,0,0,0,0,0,0,0,0
request,820,0,520,0,decode,-1,0,0,0,0,0,0,0,0,0,0,0,0,0,0,0,0,0,0,0,0,,9927,7,0,0,7,0,0,0,0,0,0,0,0
layer,821,0,520,1829,decode,40,15,15,0,0,0,156,0,0,0,0,28,12,3,0,0,0,0,0,0,45,lru,0,0,0,0,0,0,16,16,16,0,0,0,1
request,821,0,520,0,decode,-1,0,0,0,0,0,0,0,0,0,0,0,0,0,0,0,0,0,0,0,0,,627,18,0,0,6,0,0,0,0,0,0,0,0
layer,822,0,522,1829,decode,40,8,8,0,0,0,894,0,0,0,0,22,10,2,0,0,0,0,0,0,45,lru,0,0,0,0,0,0,8,8,8,0,0,0,1
request,822,0,522,0,decode,-1,0,0,0,0,0,0,0,0,0,0,0,0,0,0,0,0,0,0,0,0,,1325,20,0,0,8,0,0,0,0,0,0,0,0
request,823,0,522,0,decode,-1,0,0,0,0,0,0,0,0,0,0,0,0,0,0,0,0,0,0,0,0,,9924,7,0,0,7,0,0,0,0,0,0,0,0
layer,824,0,522,1829,decode,40,15,15,0,0,0,151,0,0,0,0,28,12,2,0,0,0,0,0,0,45,lru,0,0,0,0,0,0,16,16,16,0,0,0,1
request,824,0,522,0,decode,-1,0,0,0,0,0,0,0,0,0,0,0,0,0,0,0,0,0,0,0,0,,615,18,0,0,6,0,0,0,0,0,0,0,0
layer,825,0,524,1829,decode,40,8,8,0,0,0,894,0,0,0,0,22,10,2,0,0,0,0,0,0,45,lru,0,0,0,0,0,0,8,8,8,0,0,0,1
request,825,0,524,0,decode,-1,0,0,0,0,0,0,0,0,0,0,0,0,0,0,0,0,0,0,0,0,,1323,20,0,0,8,0,0,0,0,0,0,0,0
request,826,0,524,0,decode,-1,0,0,0,0,0,0,0,0,0,0,0,0,0,0,0,0,0,0,0,0,,9914,7,0,0,7,0,0,0,0,0,0,0,0
layer,827,0,524,1829,decode,40,15,15,0,0,0,153,0,0,0,0,33,16,3,0,0,0,0,0,0,45,lru,0,0,0,0,0,0,16,16,16,0,0,0,1
request,827,0,524,0,decode,-1,0,0,0,0,0,0,0,0,0,0,0,0,0,0,0,0,0,0,0,0,,657,21,0,0,8,0,0,0,0,0,0,0,0
layer,828,0,526,1829,decode,40,8,8,0,0,0,901,0,0,0,0,23,10,2,0,0,0,0,0,0,45,lru,0,0,0,0,0,0,8,8,8,0,0,0,1
request,828,0,526,0,decode,-1,0,0,0,0,0,0,0,0,0,0,0,0,0,0,0,0,0,0,0,0,,1340,22,0,0,8,0,0,0,0,0,0,0,0
request,829,0,526,0,decode,-1,0,0,0,0,0,0,0,0,0,0,0,0,0,0,0,0,0,0,0,0,,9917,7,0,0,6,0,0,0,0,0,0,0,0
layer,830,0,526,1829,decode,40,13,13,0,0,0,141,0,0,0,0,26,11,2,0,0,0,0,0,0,45,lru,0,0,0,0,0,0,16,16,16,0,0,0,1
request,830,0,526,0,decode,-1,0,0,0,0,0,0,0,0,0,0,0,0,0,0,0,0,0,0,0,0,,613,20,0,0,8,0,0,0,0,0,0,0,0
layer,831,0,528,1829,decode,40,8,8,0,0,0,898,0,0,0,0,22,10,2,0,0,0,0,0,0,45,lru,0,0,0,0,0,0,8,8,8,0,0,0,1
request,831,0,528,0,decode,-1,0,0,0,0,0,0,0,0,0,0,0,0,0,0,0,0,0,0,0,0,,1334,32,0,0,19,0,0,0,0,0,0,0,0
request,832,0,528,0,decode,-1,0,0,0,0,0,0,0,0,0,0,0,0,0,0,0,0,0,0,0,0,,9931,7,0,0,7,0,0,0,0,0,0,0,0
layer,833,0,528,1829,decode,40,15,15,0,0,0,151,0,0,0,0,27,12,2,0,0,0,0,0,0,45,lru,0,0,0,0,0,0,16,16,16,0,0,0,1
request,833,0,528,0,decode,-1,0,0,0,0,0,0,0,0,0,0,0,0,0,0,0,0,0,0,0,0,,617,18,0,0,6,0,0,0,0,0,0,0,0
layer,834,0,530,1829,decode,40,8,8,0,0,0,894,0,0,0,0,23,10,2,0,0,0,0,0,0,45,lru,0,0,0,0,0,0,8,8,8,0,0,0,1
request,834,0,530,0,decode,-1,0,0,0,0,0,0,0,0,0,0,0,0,0,0,0,0,0,0,0,0,,1322,21,0,0,8,0,0,0,0,0,0,0,0
request,835,0,530,0,decode,-1,0,0,0,0,0,0,0,0,0,0,0,0,0,0,0,0,0,0,0,0,,9913,7,0,0,7,0,0,0,0,0,0,0,0
layer,836,0,530,1829,decode,40,15,15,0,0,0,150,0,0,0,0,27,11,2,0,0,0,0,0,0,45,lru,0,0,0,0,0,0,16,16,16,0,0,0,1
request,836,0,530,0,decode,-1,0,0,0,0,0,0,0,0,0,0,0,0,0,0,0,0,0,0,0,0,,611,18,0,0,6,0,0,0,0,0,0,0,0
layer,837,0,532,1829,decode,40,8,8,0,0,0,892,0,0,0,0,21,10,2,0,0,0,0,0,0,45,lru,0,0,0,0,0,0,8,8,8,0,0,0,1
request,837,0,532,0,decode,-1,0,0,0,0,0,0,0,0,0,0,0,0,0,0,0,0,0,0,0,0,,1314,20,0,0,7,0,0,0,0,0,0,0,0
request,838,0,532,0,decode,-1,0,0,0,0,0,0,0,0,0,0,0,0,0,0,0,0,0,0,0,0,,9911,7,0,0,6,0,0,0,0,0,0,0,0
layer,839,0,532,1829,decode,40,15,15,0,0,0,151,0,0,0,0,26,11,2,0,0,0,0,0,0,45,lru,0,0,0,0,0,0,16,16,16,0,0,0,1
request,839,0,532,0,decode,-1,0,0,0,0,0,0,0,0,0,0,0,0,0,0,0,0,0,0,0,0,,617,18,0,0,6,0,0,0,0,0,0,0,0
layer,840,0,534,1829,decode,40,8,8,0,0,0,897,0,0,0,0,21,10,2,0,0,0,0,0,0,45,lru,0,0,0,0,0,0,8,8,8,0,0,0,1
request,840,0,534,0,decode,-1,0,0,0,0,0,0,0,0,0,0,0,0,0,0,0,0,0,0,0,0,,1327,21,0,0,9,0,0,0,0,0,0,0,0
request,841,0,534,0,decode,-1,0,0,0,0,0,0,0,0,0,0,0,0,0,0,0,0,0,0,0,0,,9913,7,0,0,7,0,0,0,0,0,0,0,0
layer,842,0,534,1829,decode,40,14,14,0,0,0,146,0,0,0,0,27,12,2,0,0,0,0,0,0,45,lru,0,0,0,0,0,0,16,16,16,0,0,0,1
request,842,0,534,0,decode,-1,0,0,0,0,0,0,0,0,0,0,0,0,0,0,0,0,0,0,0,0,,609,19,0,0,6,0,0,0,0,0,0,0,0
layer,843,0,536,1829,decode,40,8,8,0,0,0,897,0,0,0,0,21,10,2,0,0,0,0,0,0,45,lru,0,0,0,0,0,0,8,8,8,0,0,0,1
request,843,0,536,0,decode,-1,0,0,0,0,0,0,0,0,0,0,0,0,0,0,0,0,0,0,0,0,,1320,20,0,0,8,0,0,0,0,0,0,0,0
request,844,0,536,0,decode,-1,0,0,0,0,0,0,0,0,0,0,0,0,0,0,0,0,0,0,0,0,,9908,7,0,0,6,0,0,0,0,0,0,0,0
layer,845,0,536,1829,decode,40,15,15,0,0,0,153,0,0,0,0,27,12,2,0,0,0,0,0,0,45,lru,0,0,0,0,0,0,16,16,16,0,0,0,1
request,845,0,536,0,decode,-1,0,0,0,0,0,0,0,0,0,0,0,0,0,0,0,0,0,0,0,0,,622,19,0,0,7,0,0,0,0,0,0,0,0
layer,846,0,538,1829,decode,40,8,8,0,0,0,902,0,0,0,0,22,10,2,0,0,0,0,0,0,45,lru,0,0,0,0,0,0,8,8,8,0,0,0,1
request,846,0,538,0,decode,-1,0,0,0,0,0,0,0,0,0,0,0,0,0,0,0,0,0,0,0,0,,1330,20,0,0,7,0,0,0,0,0,0,0,0
request,847,0,538,0,decode,-1,0,0,0,0,0,0,0,0,0,0,0,0,0,0,0,0,0,0,0,0,,9907,7,0,0,6,0,0,0,0,0,0,0,0
layer,848,0,538,1829,decode,40,15,15,0,0,0,151,0,0,0,0,39,20,5,0,0,0,0,0,0,45,lru,0,0,0,0,0,0,16,16,16,0,0,0,1
request,848,0,538,0,decode,-1,0,0,0,0,0,0,0,0,0,0,0,0,0,0,0,0,0,0,0,0,,628,18,0,0,6,0,0,0,0,0,0,0,0
layer,849,0,540,1829,decode,40,8,8,0,0,0,898,0,0,0,0,21,10,2,0,0,0,0,0,0,45,lru,0,0,0,0,0,0,8,8,8,0,0,0,1
request,849,0,540,0,decode,-1,0,0,0,0,0,0,0,0,0,0,0,0,0,0,0,0,0,0,0,0,,1323,20,0,0,8,0,0,0,0,0,0,0,0
request,850,0,540,0,decode,-1,0,0,0,0,0,0,0,0,0,0,0,0,0,0,0,0,0,0,0,0,,9909,7,0,0,6,0,0,0,0,0,0,0,0
layer,851,0,540,1829,decode,40,15,15,0,0,0,150,0,0,0,0,25,11,2,0,0,0,0,0,0,45,lru,0,0,0,0,0,0,16,16,16,0,0,0,1
request,851,0,540,0,decode,-1,0,0,0,0,0,0,0,0,0,0,0,0,0,0,0,0,0,0,0,0,,605,17,0,0,6,0,0,0,0,0,0,0,0
layer,852,0,542,1829,decode,40,8,8,0,0,0,898,0,0,0,0,22,11,2,0,0,0,0,0,0,45,lru,0,0,0,0,0,0,8,8,8,0,0,0,1
request,852,0,542,0,decode,-1,0,0,0,0,0,0,0,0,0,0,0,0,0,0,0,0,0,0,0,0,,1322,21,0,0,8,0,0,0,0,0,0,0,0
request,853,0,542,0,decode,-1,0,0,0,0,0,0,0,0,0,0,0,0,0,0,0,0,0,0,0,0,,9912,7,0,0,6,0,0,0,0,0,0,0,0
layer,854,0,542,1829,decode,40,14,14,0,0,0,146,0,0,0,0,25,11,2,0,0,0,0,0,0,45,lru,0,0,0,0,0,0,16,16,16,0,0,0,1
request,854,0,542,0,decode,-1,0,0,0,0,0,0,0,0,0,0,0,0,0,0,0,0,0,0,0,0,,604,18,0,0,6,0,0,0,0,0,0,0,0
layer,855,0,544,1829,decode,40,8,8,0,0,0,897,0,0,0,0,21,10,2,0,0,0,0,0,0,45,lru,0,0,0,0,0,0,8,8,8,0,0,0,1
request,855,0,544,0,decode,-1,0,0,0,0,0,0,0,0,0,0,0,0,0,0,0,0,0,0,0,0,,1331,30,0,0,17,0,0,0,0,0,0,0,0
request,856,0,544,0,decode,-1,0,0,0,0,0,0,0,0,0,0,0,0,0,0,0,0,0,0,0,0,,9910,7,0,0,7,0,0,0,0,0,0,0,0
layer,857,0,544,1829,decode,40,15,15,0,0,0,150,0,0,0,0,26,12,2,0,0,0,0,0,0,45,lru,0,0,0,0,0,0,16,16,16,0,0,0,1
request,857,0,544,0,decode,-1,0,0,0,0,0,0,0,0,0,0,0,0,0,0,0,0,0,0,0,0,,615,19,0,0,7,0,0,0,0,0,0,0,0
layer,858,0,546,1829,decode,40,8,8,0,0,0,898,0,0,0,0,22,10,2,0,0,0,0,0,0,45,lru,0,0,0,0,0,0,8,8,8,0,0,0,1
request,858,0,546,0,decode,-1,0,0,0,0,0,0,0,0,0,0,0,0,0,0,0,0,0,0,0,0,,1332,20,0,0,8,0,0,0,0,0,0,0,0
request,859,0,546,0,decode,-1,0,0,0,0,0,0,0,0,0,0,0,0,0,0,0,0,0,0,0,0,,9910,7,0,0,6,0,0,0,0,0,0,0,0
layer,860,0,546,1829,decode,40,14,14,0,0,0,149,0,0,0,0,25,11,2,0,0,0,0,0,0,45,lru,0,0,0,0,0,0,16,16,16,0,0,0,1
request,860,0,546,0,decode,-1,0,0,0,0,0,0,0,0,0,0,0,0,0,0,0,0,0,0,0,0,,607,18,0,0,6,0,0,0,0,0,0,0,0
layer,861,0,548,1829,decode,40,8,8,0,0,0,896,0,0,0,0,21,10,2,0,0,0,0,0,0,45,lru,0,0,0,0,0,0,8,8,8,0,0,0,1
request,861,0,548,0,decode,-1,0,0,0,0,0,0,0,0,0,0,0,0,0,0,0,0,0,0,0,0,,1322,20,0,0,7,0,0,0,0,0,0,0,0
request,862,0,548,0,decode,-1,0,0,0,0,0,0,0,0,0,0,0,0,0,0,0,0,0,0,0,0,,9912,7,0,0,6,0,0,0,0,0,0,0,0
layer,863,0,548,1829,decode,40,15,15,0,0,0,152,0,0,0,0,26,12,2,0,0,0,0,0,0,45,lru,0,0,0,0,0,0,16,16,16,0,0,0,1
request,863,0,548,0,decode,-1,0,0,0,0,0,0,0,0,0,0,0,0,0,0,0,0,0,0,0,0,,618,18,0,0,6,0,0,0,0,0,0,0,0
layer,864,0,550,1829,decode,40,8,8,0,0,0,898,0,0,0,0,21,10,2,0,0,0,0,0,0,45,lru,0,0,0,0,0,0,8,8,8,0,0,0,1
request,864,0,550,0,decode,-1,0,0,0,0,0,0,0,0,0,0,0,0,0,0,0,0,0,0,0,0,,1327,20,0,0,8,0,0,0,0,0,0,0,0
request,865,0,550,0,decode,-1,0,0,0,0,0,0,0,0,0,0,0,0,0,0,0,0,0,0,0,0,,9920,7,0,0,6,0,0,0,0,0,0,0,0
layer,866,0,550,1829,decode,40,14,13,1,998,607,99,50,2,0,2,1132,11,9,0,0,0,0,0,0,45,lru,0,0,0,0,0,0,16,15,16,0,1,0,1
request,866,0,550,0,decode,-1,0,0,0,0,0,0,0,0,0,0,0,0,0,0,0,0,0,0,0,0,,1901,23,0,0,6,0,0,0,0,0,0,0,0
layer,867,0,552,1829,decode,40,8,8,0,0,0,897,0,0,0,0,22,10,2,0,0,0,0,0,0,45,lru,0,0,0,0,0,0,8,8,8,0,0,0,1
request,867,0,552,0,decode,-1,0,0,0,0,0,0,0,0,0,0,0,0,0,0,0,0,0,0,0,0,,1331,21,0,0,8,0,0,0,0,0,0,0,0
request,868,0,552,0,decode,-1,0,0,0,0,0,0,0,0,0,0,0,0,0,0,0,0,0,0,0,0,,9931,9,0,0,8,0,0,0,0,0,0,0,0
layer,869,0,552,1829,decode,40,15,15,0,0,0,153,0,0,0,0,27,11,2,0,0,0,0,0,0,45,lru,0,0,0,0,0,0,16,16,16,0,0,0,1
request,869,0,552,0,decode,-1,0,0,0,0,0,0,0,0,0,0,0,0,0,0,0,0,0,0,0,0,,632,17,0,0,5,0,0,0,0,0,0,0,0
layer,870,0,554,1829,decode,40,8,8,0,0,0,899,0,0,0,0,22,10,2,0,0,0,0,0,0,45,lru,0,0,0,0,0,0,8,8,8,0,0,0,1
request,870,0,554,0,decode,-1,0,0,0,0,0,0,0,0,0,0,0,0,0,0,0,0,0,0,0,0,,1322,19,0,0,7,0,0,0,0,0,0,0,0
request,871,0,554,0,decode,-1,0,0,0,0,0,0,0,0,0,0,0,0,0,0,0,0,0,0,0,0,,9914,7,0,0,6,0,0,0,0,0,0,0,0
layer,872,0,554,1829,decode,40,15,15,0,0,0,151,0,0,0,0,26,11,2,0,0,0,0,0,0,45,lru,0,0,0,0,0,0,16,16,16,0,0,0,1
request,872,0,554,0,decode,-1,0,0,0,0,0,0,0,0,0,0,0,0,0,0,0,0,0,0,0,0,,609,18,0,0,6,0,0,0,0,0,0,0,0
layer,873,0,556,1829,decode,40,8,8,0,0,0,892,0,0,0,0,21,10,2,0,0,0,0,0,0,45,lru,0,0,0,0,0,0,8,8,8,0,0,0,1
request,873,0,556,0,decode,-1,0,0,0,0,0,0,0,0,0,0,0,0,0,0,0,0,0,0,0,0,,1312,19,0,0,7,0,0,0,0,0,0,0,0
request,874,0,556,0,decode,-1,0,0,0,0,0,0,0,0,0,0,0,0,0,0,0,0,0,0,0,0,,9914,7,0,0,6,0,0,0,0,0,0,0,0
layer,875,0,556,1829,decode,40,15,15,0,0,0,151,0,0,0,0,26,11,2,0,0,0,0,0,0,45,lru,0,0,0,0,0,0,16,16,16,0,0,0,1
request,875,0,556,0,decode,-1,0,0,0,0,0,0,0,0,0,0,0,0,0,0,0,0,0,0,0,0,,606,17,0,0,6,0,0,0,0,0,0,0,0
layer,876,0,558,1829,decode,40,8,8,0,0,0,899,0,0,0,0,22,10,2,0,0,0,0,0,0,45,lru,0,0,0,0,0,0,8,8,8,0,0,0,1
request,876,0,558,0,decode,-1,0,0,0,0,0,0,0,0,0,0,0,0,0,0,0,0,0,0,0,0,,1321,20,0,0,7,0,0,0,0,0,0,0,0
request,877,0,558,0,decode,-1,0,0,0,0,0,0,0,0,0,0,0,0,0,0,0,0,0,0,0,0,,9927,7,0,0,6,0,0,0,0,0,0,0,0
layer,878,0,558,1829,decode,40,15,15,0,0,0,151,0,0,0,0,25,11,2,0,0,0,0,0,0,45,lru,0,0,0,0,0,0,16,16,16,0,0,0,1
request,878,0,558,0,decode,-1,0,0,0,0,0,0,0,0,0,0,0,0,0,0,0,0,0,0,0,0,,613,18,0,0,6,0,0,0,0,0,0,0,0
layer,879,0,560,1829,decode,40,8,8,0,0,0,890,0,0,0,0,20,9,2,0,0,0,0,0,0,45,lru,0,0,0,0,0,0,8,8,8,0,0,0,1
request,879,0,560,0,decode,-1,0,0,0,0,0,0,0,0,0,0,0,0,0,0,0,0,0,0,0,0,,1321,30,0,0,17,0,0,0,0,0,0,0,0
request,880,0,560,0,decode,-1,0,0,0,0,0,0,0,0,0,0,0,0,0,0,0,0,0,0,0,0,,9914,8,0,0,7,0,0,0,0,0,0,0,0
layer,881,0,560,1829,decode,40,15,15,0,0,0,151,0,0,0,0,27,12,3,0,0,0,0,0,0,45,lru,0,0,0,0,0,0,16,16,16,0,0,0,1
request,881,0,560,0,decode,-1,0,0,0,0,0,0,0,0,0,0,0,0,0,0,0,0,0,0,0,0,,636,19,0,0,7,0,0,0,0,0,0,0,0
layer,882,0,562,1829,decode,40,8,8,0,0,0,897,0,0,0,0,22,10,2,0,0,0,0,0,0,45,lru,0,0,0,0,0,0,8,8,8,0,0,0,1
request,882,0,562,0,decode,-1,0,0,0,0,0,0,0,0,0,0,0,0,0,0,0,0,0,0,0,0,,1324,20,0,0,7,0,0,0,0,0,0,0,0
request,883,0,562,0,decode,-1,0,0,0,0,0,0,0,0,0,0,0,0,0,0,0,0,0,0,0,0,,9901,7,0,0,7,0,0,0,0,0,0,0,0
layer,884,0,562,1829,decode,40,14,14,0,0,0,145,0,0,0,0,27,12,2,0,0,0,0,0,0,45,lru,0,0,0,0,0,0,16,16,16,0,0,0,1
request,884,0,562,0,decode,-1,0,0,0,0,0,0,0,0,0,0,0,0,0,0,0,0,0,0,0,0,,607,17,0,0,5,0,0,0,0,0,0,0,0
layer,885,0,564,1829,decode,40,8,8,0,0,0,893,0,0,0,0,22,10,2,0,0,0,0,0,0,45,lru,0,0,0,0,0,0,8,8,8,0,0,0,1
request,885,0,564,0,decode,-1,0,0,0,0,0,0,0,0,0,0,0,0,0,0,0,0,0,0,0,0,,1315,20,0,0,7,0,0,0,0,0,0,0,0
request,886,0,564,0,decode,-1,0,0,0,0,0,0,0,0,0,0,0,0,0,0,0,0,0,0,0,0,,9906,7,0,0,7,0,0,0,0,0,0,0,0
layer,887,0,564,1829,decode,40,15,15,0,0,0,152,0,0,0,0,26,12,2,0,0,0,0,0,0,45,lru,0,0,0,0,0,0,16,16,16,0,0,0,1
request,887,0,564,0,decode,-1,0,0,0,0,0,0,0,0,0,0,0,0,0,0,0,0,0,0,0,0,,611,18,0,0,6,0,0,0,0,0,0,0,0
layer,888,0,566,1829,decode,40,8,7,1,973,608,858,111,2,0,2,1140,10,16,0,0,0,0,0,0,45,lru,0,0,0,0,0,0,8,7,8,0,1,0,1
request,888,0,566,0,decode,-1,0,0,0,0,0,0,0,0,0,0,0,0,0,0,0,0,0,0,0,0,,2550,27,0,0,9,0,0,0,0,0,0,0,0
request,889,0,566,0,decode,-1,0,0,0,0,0,0,0,0,0,0,0,0,0,0,0,0,0,0,0,0,,9917,6,0,0,6,0,0,0,0,0,0,0,0
layer,890,0,566,1829,decode,40,15,15,0,0,0,151,0,0,0,0,28,12,3,0,0,0,0,0,0,45,lru,0,0,0,0,0,0,16,16,16,0,0,0,1
request,890,0,566,0,decode,-1,0,0,0,0,0,0,0,0,0,0,0,0,0,0,0,0,0,0,0,0,,633,21,0,0,8,0,0,0,0,0,0,0,0
layer,891,0,568,1829,decode,40,8,8,0,0,0,894,0,0,0,0,23,11,2,0,0,0,0,0,0,45,lru,0,0,0,0,0,0,8,8,8,0,0,0,1
request,891,0,568,0,decode,-1,0,0,0,0,0,0,0,0,0,0,0,0,0,0,0,0,0,0,0,0,,1331,21,0,0,8,0,0,0,0,0,0,0,0
request,892,0,568,0,decode,-1,0,0,0,0,0,0,0,0,0,0,0,0,0,0,0,0,0,0,0,0,,9910,7,0,0,6,0,0,0,0,0,0,0,0
layer,893,0,568,1829,decode,40,15,15,0,0,0,152,0,0,0,0,26,11,2,0,0,0,0,0,0,45,lru,0,0,0,0,0,0,16,16,16,0,0,0,1
request,893,0,568,0,decode,-1,0,0,0,0,0,0,0,0,0,0,0,0,0,0,0,0,0,0,0,0,,617,18,0,0,6,0,0,0,0,0,0,0,0
layer,894,0,570,1829,decode,40,8,8,0,0,0,896,0,0,0,0,23,11,2,0,0,0,0,0,0,45,lru,0,0,0,0,0,0,8,8,8,0,0,0,1
request,894,0,570,0,decode,-1,0,0,0,0,0,0,0,0,0,0,0,0,0,0,0,0,0,0,0,0,,1326,20,0,0,7,0,0,0,0,0,0,0,0
request,895,0,570,0,decode,-1,0,0,0,0,0,0,0,0,0,0,0,0,0,0,0,0,0,0,0,0,,9915,7,0,0,6,0,0,0,0,0,0,0,0
layer,896,0,570,1829,decode,40,16,16,0,0,0,155,0,0,0,0,26,11,2,0,0,0,0,0,0,45,lru,0,0,0,0,0,0,16,16,16,0,0,0,1
request,896,0,570,0,decode,-1,0,0,0,0,0,0,0,0,0,0,0,0,0,0,0,0,0,0,0,0,,612,18,0,0,5,0,0,0,0,0,0,0,0
layer,897,0,572,1829,decode,40,8,8,0,0,0,892,0,0,0,0,21,10,2,0,0,0,0,0,0,45,lru,0,0,0,0,0,0,8,8,8,0,0,0,1
request,897,0,572,0,decode,-1,0,0,0,0,0,0,0,0,0,0,0,0,0,0,0,0,0,0,0,0,,1327,20,0,0,8,0,0,0,0,0,0,0,0
request,898,0,572,0,decode,-1,0,0,0,0,0,0,0,0,0,0,0,0,0,0,0,0,0,0,0,0,,9915,7,0,0,6,0,0,0,0,0,0,0,0
layer,899,0,572,1829,decode,40,15,15,0,0,0,150,0,0,0,0,26,11,2,0,0,0,0,0,0,45,lru,0,0,0,0,0,0,16,16,16,0,0,0,1
request,899,0,572,0,decode,-1,0,0,0,0,0,0,0,0,0,0,0,0,0,0,0,0,0,0,0,0,,610,18,0,0,5,0,0,0,0,0,0,0,0
layer,900,0,574,1829,decode,40,8,7,1,957,595,849,37,2,0,2,1081,10,12,0,0,0,0,0,0,45,lru,0,0,0,0,0,0,8,7,8,0,1,0,1
request,900,0,574,0,decode,-1,0,0,0,0,0,0,0,0,0,0,0,0,0,0,0,0,0,0,0,0,,2556,25,0,0,8,0,0,0,0,0,0,0,0
request,901,0,574,0,decode,-1,0,0,0,0,0,0,0,0,0,0,0,0,0,0,0,0,0,0,0,0,,9913,7,0,0,6,0,0,0,0,0,0,0,0
layer,902,0,574,1829,decode,40,16,16,0,0,0,155,0,0,0,0,27,12,2,0,0,0,0,0,0,45,lru,0,0,0,0,0,0,16,16,16,0,0,0,1
request,902,0,574,0,decode,-1,0,0,0,0,0,0,0,0,0,0,0,0,0,0,0,0,0,0,0,0,,631,27,0,0,15,0,0,0,0,0,0,0,0
layer,903,0,576,1829,decode,40,8,8,0,0,0,895,0,0,0,0,22,10,2,0,0,0,0,0,0,45,lru,0,0,0,0,0,0,8,8,8,0,0,0,1
request,903,0,576,0,decode,-1,0,0,0,0,0,0,0,0,0,0,0,0,0,0,0,0,0,0,0,0,,1329,21,0,0,8,0,0,0,0,0,0,0,0
request,904,0,576,0,decode,-1,0,0,0,0,0,0,0,0,0,0,0,0,0,0,0,0,0,0,0,0,,9924,7,0,0,7,0,0,0,0,0,0,0,0
layer,905,0,576,1829,decode,40,15,15,0,0,0,151,0,0,0,0,26,12,2,0,0,0,0,0,0,45,lru,0,0,0,0,0,0,16,16,16,0,0,0,1
request,905,0,576,0,decode,-1,0,0,0,0,0,0,0,0,0,0,0,0,0,0,0,0,0,0,0,0,,613,18,0,0,6,0,0,0,0,0,0,0,0
layer,906,0,578,1829,decode,40,8,8,0,0,0,896,0,0,0,0,22,10,2,0,0,0,0,0,0,45,lru,0,0,0,0,0,0,8,8,8,0,0,0,1
request,906,0,578,0,decode,-1,0,0,0,0,0,0,0,0,0,0,0,0,0,0,0,0,0,0,0,0,,1323,20,0,0,8,0,0,0,0,0,0,0,0
request,907,0,578,0,decode,-1,0,0,0,0,0,0,0,0,0,0,0,0,0,0,0,0,0,0,0,0,,9916,7,0,0,7,0,0,0,0,0,0,0,0
layer,908,0,578,1829,decode,40,14,14,0,0,0,144,0,0,0,0,25,11,2,0,0,0,0,0,0,45,lru,0,0,0,0,0,0,16,16,16,0,0,0,1
request,908,0,578,0,decode,-1,0,0,0,0,0,0,0,0,0,0,0,0,0,0,0,0,0,0,0,0,,594,17,0,0,6,0,0,0,0,0,0,0,0
layer,909,0,580,1829,decode,40,8,8,0,0,0,897,0,0,0,0,21,10,2,0,0,0,0,0,0,45,lru,0,0,0,0,0,0,8,8,8,0,0,0,1
request,909,0,580,0,decode,-1,0,0,0,0,0,0,0,0,0,0,0,0,0,0,0,0,0,0,0,0,,1324,20,0,0,8,0,0,0,0,0,0,0,0
request,910,0,580,0,decode,-1,0,0,0,0,0,0,0,0,0,0,0,0,0,0,0,0,0,0,0,0,,9922,7,0,0,6,0,0,0,0,0,0,0,0
layer,911,0,580,1829,decode,40,15,15,0,0,0,151,0,0,0,0,26,11,2,0,0,0,0,0,0,45,lru,0,0,0,0,0,0,16,16,16,0,0,0,1
request,911,0,580,0,decode,-1,0,0,0,0,0,0,0,0,0,0,0,0,0,0,0,0,0,0,0,0,,611,17,0,0,5,0,0,0,0,0,0,0,0
layer,912,0,582,1829,decode,40,8,8,0,0,0,898,0,0,0,0,21,10,2,0,0,0,0,0,0,45,lru,0,0,0,0,0,0,8,8,8,0,0,0,1
request,912,0,582,0,decode,-1,0,0,0,0,0,0,0,0,0,0,0,0,0,0,0,0,0,0,0,0,,1320,20,0,0,8,0,0,0,0,0,0,0,0
request,913,0,582,0,decode,-1,0,0,0,0,0,0,0,0,0,0,0,0,0,0,0,0,0,0,0,0,,9909,7,0,0,6,0,0,0,0,0,0,0,0
layer,914,0,582,1829,decode,40,16,16,0,0,0,154,0,0,0,0,27,12,2,0,0,0,0,0,0,45,lru,0,0,0,0,0,0,16,16,16,0,0,0,1
request,914,0,582,0,decode,-1,0,0,0,0,0,0,0,0,0,0,0,0,0,0,0,0,0,0,0,0,,613,17,0,0,5,0,0,0,0,0,0,0,0
layer,915,0,584,1829,decode,40,8,8,0,0,0,892,0,0,0,0,21,10,2,0,0,0,0,0,0,45,lru,0,0,0,0,0,0,8,8,8,0,0,0,1
request,915,0,584,0,decode,-1,0,0,0,0,0,0,0,0,0,0,0,0,0,0,0,0,0,0,0,0,,1324,20,0,0,7,0,0,0,0,0,0,0,0
request,916,0,584,0,decode,-1,0,0,0,0,0,0,0,0,0,0,0,0,0,0,0,0,0,0,0,0,,9926,7,0,0,6,0,0,0,0,0,0,0,0
layer,917,0,584,1829,decode,40,15,15,0,0,0,151,0,0,0,0,26,12,2,0,0,0,0,0,0,45,lru,0,0,0,0,0,0,16,16,16,0,0,0,1
request,917,0,584,0,decode,-1,0,0,0,0,0,0,0,0,0,0,0,0,0,0,0,0,0,0,0,0,,607,18,0,0,6,0,0,0,0,0,0,0,0
layer,918,0,586,1829,decode,40,8,8,0,0,0,893,0,0,0,0,21,10,2,0,0,0,0,0,0,45,lru,0,0,0,0,0,0,8,8,8,0,0,0,1
request,918,0,586,0,decode,-1,0,0,0,0,0,0,0,0,0,0,0,0,0,0,0,0,0,0,0,0,,1313,20,0,0,7,0,0,0,0,0,0,0,0
request,919,0,586,0,decode,-1,0,0,0,0,0,0,0,0,0,0,0,0,0,0,0,0,0,0,0,0,,9906,7,0,0,6,0,0,0,0,0,0,0,0
layer,920,0,586,1829,decode,40,14,14,0,0,0,145,0,0,0,0,26,12,2,0,0,0,0,0,0,45,lru,0,0,0,0,0,0,16,16,16,0,0,0,1
request,920,0,586,0,decode,-1,0,0,0,0,0,0,0,0,0,0,0,0,0,0,0,0,0,0,0,0,,610,18,0,0,6,0,0,0,0,0,0,0,0
layer,921,0,588,1829,decode,40,8,8,0,0,0,892,0,0,0,0,21,10,2,0,0,0,0,0,0,45,lru,0,0,0,0,0,0,8,8,8,0,0,0,1
request,921,0,588,0,decode,-1,0,0,0,0,0,0,0,0,0,0,0,0,0,0,0,0,0,0,0,0,,1316,19,0,0,7,0,0,0,0,0,0,0,0
request,922,0,588,0,decode,-1,0,0,0,0,0,0,0,0,0,0,0,0,0,0,0,0,0,0,0,0,,9908,7,0,0,6,0,0,0,0,0,0,0,0
layer,923,0,588,1829,decode,40,15,15,0,0,0,151,0,0,0,0,26,11,2,0,0,0,0,0,0,45,lru,0,0,0,0,0,0,16,16,16,0,0,0,1
request,923,0,588,0,decode,-1,0,0,0,0,0,0,0,0,0,0,0,0,0,0,0,0,0,0,0,0,,612,17,0,0,5,0,0,0,0,0,0,0,0
layer,924,0,590,1829,decode,40,8,7,1,977,566,841,112,1,0,1,1132,10,11,0,0,0,0,0,0,45,lru,0,0,0,0,0,0,8,7,8,0,1,0,1
request,924,0,590,0,decode,-1,0,0,0,0,0,0,0,0,0,0,0,0,0,0,0,0,0,0,0,0,,2532,26,0,0,8,0,0,0,0,0,0,0,0
request,925,0,590,0,decode,-1,0,0,0,0,0,0,0,0,0,0,0,0,0,0,0,0,0,0,0,0,,9909,8,0,0,7,0,0,0,0,0,0,0,0
layer,926,0,590,1829,decode,40,15,15,0,0,0,150,0,0,0,0,26,12,2,0,0,0,0,0,0,45,lru,0,0,0,0,0,0,16,16,16,0,0,0,1
request,926,0,590,0,decode,-1,0,0,0,0,0,0,0,0,0,0,0,0,0,0,0,0,0,0,0,0,,638,28,0,0,16,0,0,0,0,0,0,0,0
layer,927,0,592,1829,decode,40,8,8,0,0,0,888,0,0,0,0,21,10,2,0,0,0,0,0,0,45,lru,0,0,0,0,0,0,8,8,8,0,0,0,1
request,927,0,592,0,decode,-1,0,0,0,0,0,0,0,0,0,0,0,0,0,0,0,0,0,0,0,0,,1313,20,0,0,7,0,0,0,0,0,0,0,0
request,928,0,592,0,decode,-1,0,0,0,0,0,0,0,0,0,0,0,0,0,0,0,0,0,0,0,0,,9912,7,0,0,6,0,0,0,0,0,0,0,0
layer,929,0,592,1829,decode,40,15,15,0,0,0,153,0,0,0,0,28,12,2,0,0,0,0,0,0,45,lru,0,0,0,0,0,0,16,16,16,0,0,0,1
request,929,0,592,0,decode,-1,0,0,0,0,0,0,0,0,0,0,0,0,0,0,0,0,0,0,0,0,,617,17,0,0,5,0,0,0,0,0,0,0,0
layer,930,0,594,1829,decode,40,8,8,0,0,0,894,0,0,0,0,22,10,2,0,0,0,0,0,0,45,lru,0,0,0,0,0,0,8,8,8,0,0,0,1
request,930,0,594,0,decode,-1,0,0,0,0,0,0,0,0,0,0,0,0,0,0,0,0,0,0,0,0,,1326,20,0,0,8,0,0,0,0,0,0,0,0
request,931,0,594,0,decode,-1,0,0,0,0,0,0,0,0,0,0,0,0,0,0,0,0,0,0,0,0,,9915,7,0,0,6,0,0,0,0,0,0,0,0
layer,932,0,594,1829,decode,40,14,14,0,0,0,146,0,0,0,0,25,11,2,0,0,0,0,0,0,45,lru,0,0,0,0,0,0,16,16,16,0,0,0,1
request,932,0,594,0,decode,-1,0,0,0,0,0,0,0,0,0,0,0,0,0,0,0,0,0,0,0,0,,604,18,0,0,6,0,0,0,0,0,0,0,0
layer,933,0,596,1829,decode,40,8,8,0,0,0,892,0,0,0,0,21,10,2,0,0,0,0,0,0,45,lru,0,0,0,0,0,0,8,8,8,0,0,0,1
request,933,0,596,0,decode,-1,0,0,0,0,0,0,0,0,0,0,0,0,0,0,0,0,0,0,0,0,,1315,19,0,0,7,0,0,0,0,0,0,0,0
request,934,0,596,0,decode,-1,0,0,0,0,0,0,0,0,0,0,0,0,0,0,0,0,0,0,0,0,,9917,7,0,0,6,0,0,0,0,0,0,0,0
layer,935,0,596,1829,decode,40,15,15,0,0,0,153,0,0,0,0,26,11,2,0,0,0,0,0,0,45,lru,0,0,0,0,0,0,16,16,16,0,0,0,1
request,935,0,596,0,decode,-1,0,0,0,0,0,0,0,0,0,0,0,0,0,0,0,0,0,0,0,0,,611,18,0,0,6,0,0,0,0,0,0,0,0
layer,936,0,598,1829,decode,40,8,8,0,0,0,895,0,0,0,0,25,14,2,0,0,0,0,0,0,45,lru,0,0,0,0,0,0,8,8,8,0,0,0,1
request,936,0,598,0,decode,-1,0,0,0,0,0,0,0,0,0,0,0,0,0,0,0,0,0,0,0,0,,1318,20,0,0,7,0,0,0,0,0,0,0,0
request,937,0,598,0,decode,-1,0,0,0,0,0,0,0,0,0,0,0,0,0,0,0,0,0,0,0,0,,9910,7,0,0,6,0,0,0,0,0,0,0,0
layer,938,0,598,1829,decode,40,15,15,0,0,0,150,0,0,0,0,26,11,2,0,0,0,0,0,0,45,lru,0,0,0,0,0,0,16,16,16,0,0,0,1
request,938,0,598,0,decode,-1,0,0,0,0,0,0,0,0,0,0,0,0,0,0,0,0,0,0,0,0,,609,18,0,0,5,0,0,0,0,0,0,0,0
layer,939,0,600,1829,decode,40,8,8,0,0,0,899,0,0,0,0,21,10,2,0,0,0,0,0,0,45,lru,0,0,0,0,0,0,8,8,8,0,0,0,1
request,939,0,600,0,decode,-1,0,0,0,0,0,0,0,0,0,0,0,0,0,0,0,0,0,0,0,0,,1317,20,0,0,7,0,0,0,0,0,0,0,0
request,940,0,600,0,decode,-1,0,0,0,0,0,0,0,0,0,0,0,0,0,0,0,0,0,0,0,0,,9911,7,0,0,7,0,0,0,0,0,0,0,0
layer,941,0,600,1829,decode,40,15,15,0,0,0,150,0,0,0,0,27,12,2,0,0,0,0,0,0,45,lru,0,0,0,0,0,0,16,16,16,0,0,0,1
request,941,0,600,0,decode,-1,0,0,0,0,0,0,0,0,0,0,0,0,0,0,0,0,0,0,0,0,,615,18,0,0,5,0,0,0,0,0,0,0,0
layer,942,0,602,1829,decode,40,8,8,0,0,0,901,0,0,0,0,22,10,2,0,0,0,0,0,0,45,lru,0,0,0,0,0,0,8,8,8,0,0,0,1
request,942,0,602,0,decode,-1,0,0,0,0,0,0,0,0,0,0,0,0,0,0,0,0,0,0,0,0,,1328,20,0,0,7,0,0,0,0,0,0,0,0
request,943,0,602,0,decode,-1,0,0,0,0,0,0,0,0,0,0,0,0,0,0,0,0,0,0,0,0,,9917,7,0,0,6,0,0,0,0,0,0,0,0
layer,944,0,602,1829,decode,40,14,14,0,0,0,147,0,0,0,0,26,11,2,0,0,0,0,0,0,45,lru,0,0,0,0,0,0,16,16,16,0,0,0,1
request,944,0,602,0,decode,-1,0,0,0,0,0,0,0,0,0,0,0,0,0,0,0,0,0,0,0,0,,606,18,0,0,6,0,0,0,0,0,0,0,0
layer,945,0,604,1829,decode,40,8,8,0,0,0,892,0,0,0,0,20,10,2,0,0,0,0,0,0,45,lru,0,0,0,0,0,0,8,8,8,0,0,0,1
request,945,0,604,0,decode,-1,0,0,0,0,0,0,0,0,0,0,0,0,0,0,0,0,0,0,0,0,,1313,20,0,0,8,0,0,0,0,0,0,0,0
request,946,0,604,0,decode,-1,0,0,0,0,0,0,0,0,0,0,0,0,0,0,0,0,0,0,0,0,,9914,7,0,0,6,0,0,0,0,0,0,0,0
layer,947,0,604,1829,decode,40,15,15,0,0,0,152,0,0,0,0,25,12,2,0,0,0,0,0,0,45,lru,0,0,0,0,0,0,16,16,16,0,0,0,1
request,947,0,604,0,decode,-1,0,0,0,0,0,0,0,0,0,0,0,0,0,0,0,0,0,0,0,0,,612,18,0,0,6,0,0,0,0,0,0,0,0
layer,948,0,606,1829,decode,40,8,8,0,0,0,894,0,0,0,0,21,10,2,0,0,0,0,0,0,45,lru,0,0,0,0,0,0,8,8,8,0,0,0,1
request,948,0,606,0,decode,-1,0,0,0,0,0,0,0,0,0,0,0,0,0,0,0,0,0,0,0,0,,1315,20,0,0,8,0,0,0,0,0,0,0,0
request,949,0,606,0,decode,-1,0,0,0,0,0,0,0,0,0,0,0,0,0,0,0,0,0,0,0,0,,9911,7,0,0,7,0,0,0,0,0,0,0,0
layer,950,0,606,1829,decode,40,15,15,0,0,0,150,0,0,0,0,27,12,2,0,0,0,0,0,0,45,lru,0,0,0,0,0,0,16,16,16,0,0,0,1
request,950,0,606,0,decode,-1,0,0,0,0,0,0,0,0,0,0,0,0,0,0,0,0,0,0,0,0,,625,28,0,0,15,0,0,0,0,0,0,0,0
layer,951,0,608,1829,decode,40,8,8,0,0,0,889,0,0,0,0,22,10,2,0,0,0,0,0,0,45,lru,0,0,0,0,0,0,8,8,8,0,0,0,1
request,951,0,608,0,decode,-1,0,0,0,0,0,0,0,0,0,0,0,0,0,0,0,0,0,0,0,0,,1316,21,0,0,8,0,0,0,0,0,0,0,0
request,952,0,608,0,decode,-1,0,0,0,0,0,0,0,0,0,0,0,0,0,0,0,0,0,0,0,0,,9913,8,0,0,7,0,0,0,0,0,0,0,0
layer,953,0,608,1829,decode,40,15,15,0,0,0,151,0,0,0,0,25,11,2,0,0,0,0,0,0,45,lru,0,0,0,0,0,0,16,16,16,0,0,0,1
request,953,0,608,0,decode,-1,0,0,0,0,0,0,0,0,0,0,0,0,0,0,0,0,0,0,0,0,,603,17,0,0,5,0,0,0,0,0,0,0,0
layer,954,0,610,1829,decode,40,8,8,0,0,0,886,0,0,0,0,21,10,2,0,0,0,0,0,0,45,lru,0,0,0,0,0,0,8,8,8,0,0,0,1
request,954,0,610,0,decode,-1,0,0,0,0,0,0,0,0,0,0,0,0,0,0,0,0,0,0,0,0,,1310,20,0,0,8,0,0,0,0,0,0,0,0
request,955,0,610,0,decode,-1,0,0,0,0,0,0,0,0,0,0,0,0,0,0,0,0,0,0,0,0,,9907,7,0,0,6,0,0,0,0,0,0,0,0
layer,956,0,610,1829,decode,40,15,15,0,0,0,150,0,0,0,0,26,11,2,0,0,0,0,0,0,45,lru,0,0,0,0,0,0,16,16,16,0,0,0,1
request,956,0,610,0,decode,-1,0,0,0,0,0,0,0,0,0,0,0,0,0,0,0,0,0,0,0,0,,610,18,0,0,6,0,0,0,0,0,0,0,0
layer,957,0,612,1829,decode,40,8,8,0,0,0,888,0,0,0,0,21,10,2,0,0,0,0,0,0,45,lru,0,0,0,0,0,0,8,8,8,0,0,0,1
request,957,0,612,0,decode,-1,0,0,0,0,0,0,0,0,0,0,0,0,0,0,0,0,0,0,0,0,,1307,20,0,0,8,0,0,0,0,0,0,0,0
request,958,0,612,0,decode,-1,0,0,0,0,0,0,0,0,0,0,0,0,0,0,0,0,0,0,0,0,,9909,7,0,0,6,0,0,0,0,0,0,0,0
layer,959,0,612,1829,decode,40,15,15,0,0,0,151,0,0,0,0,27,11,2,0,0,0,0,0,0,45,lru,0,0,0,0,0,0,16,16,16,0,0,0,2
request,959,0,612,0,decode,-1,0,0,0,0,0,0,0,0,0,0,0,0,0,0,0,0,0,0,0,0,,608,17,0,0,5,0,0,0,0,0,0,0,0
layer,960,0,614,1829,decode,40,8,8,0,0,0,894,0,0,0,0,22,10,2,0,0,0,0,0,0,45,lru,0,0,0,0,0,0,8,8,8,0,0,0,1
request,960,0,614,0,decode,-1,0,0,0,0,0,0,0,0,0,0,0,0,0,0,0,0,0,0,0,0,,1320,20,0,0,8,0,0,0,0,0,0,0,0
request,961,0,614,0,decode,-1,0,0,0,0,0,0,0,0,0,0,0,0,0,0,0,0,0,0,0,0,,9912,7,0,0,6,0,0,0,0,0,0,0,0
layer,962,0,614,1829,decode,40,16,16,0,0,0,156,0,0,0,0,26,11,2,0,0,0,0,0,0,45,lru,0,0,0,0,0,0,16,16,16,0,0,0,1
request,962,0,614,0,decode,-1,0,0,0,0,0,0,0,0,0,0,0,0,0,0,0,0,0,0,0,0,,617,18,0,0,6,0,0,0,0,0,0,0,0
layer,963,0,616,1829,decode,40,8,8,0,0,0,891,0,0,0,0,21,10,2,0,0,0,0,0,0,45,lru,0,0,0,0,0,0,8,8,8,0,0,0,1
request,963,0,616,0,decode,-1,0,0,0,0,0,0,0,0,0,0,0,0,0,0,0,0,0,0,0,0,,1320,20,0,0,7,0,0,0,0,0,0,0,0
request,964,0,616,0,decode,-1,0,0,0,0,0,0,0,0,0,0,0,0,0,0,0,0,0,0,0,0,,9913,7,0,0,7,0,0,0,0,0,0,0,0
layer,965,0,616,1829,decode,40,15,15,0,0,0,151,0,0,0,0,25,12,2,0,0,0,0,0,0,45,lru,0,0,0,0,0,0,16,16,16,0,0,0,1
request,965,0,616,0,decode,-1,0,0,0,0,0,0,0,0,0,0,0,0,0,0,0,0,0,0,0,0,,606,18,0,0,6,0,0,0,0,0,0,0,0
layer,966,0,618,1829,decode,40,8,8,0,0,0,890,0,0,0,0,21,10,2,0,0,0,0,0,0,45,lru,0,0,0,0,0,0,8,8,8,0,0,0,1
request,966,0,618,0,decode,-1,0,0,0,0,0,0,0,0,0,0,0,0,0,0,0,0,0,0,0,0,,1310,20,0,0,8,0,0,0,0,0,0,0,0
request,967,0,618,0,decode,-1,0,0,0,0,0,0,0,0,0,0,0,0,0,0,0,0,0,0,0,0,,9922,7,0,0,7,0,0,0,0,0,0,0,0
layer,968,0,618,1829,decode,40,15,15,0,0,0,151,0,0,0,0,26,11,2,0,0,0,0,0,0,45,lru,0,0,0,0,0,0,16,16,16,0,0,0,1
request,968,0,618,0,decode,-1,0,0,0,0,0,0,0,0,0,0,0,0,0,0,0,0,0,0,0,0,,608,18,0,0,6,0,0,0,0,0,0,0,0
layer,969,0,620,1829,decode,40,8,8,0,0,0,890,0,0,0,0,21,10,2,0,0,0,0,0,0,45,lru,0,0,0,0,0,0,8,8,8,0,0,0,1
request,969,0,620,0,decode,-1,0,0,0,0,0,0,0,0,0,0,0,0,0,0,0,0,0,0,0,0,,1310,20,0,0,8,0,0,0,0,0,0,0,0
request,970,0,620,0,decode,-1,0,0,0,0,0,0,0,0,0,0,0,0,0,0,0,0,0,0,0,0,,9918,8,0,0,8,0,0,0,0,0,0,0,0
layer,971,0,620,1829,decode,40,15,15,0,0,0,151,0,0,0,0,26,12,2,0,0,0,0,0,0,45,lru,0,0,0,0,0,0,16,16,16,0,0,0,1
request,971,0,620,0,decode,-1,0,0,0,0,0,0,0,0,0,0,0,0,0,0,0,0,0,0,0,0,,615,18,0,0,6,0,0,0,0,0,0,0,0
layer,972,0,622,1829,decode,40,8,8,0,0,0,894,0,0,0,0,21,10,2,0,0,0,0,0,0,45,lru,0,0,0,0,0,0,8,8,8,0,0,0,1
request,972,0,622,0,decode,-1,0,0,0,0,0,0,0,0,0,0,0,0,0,0,0,0,0,0,0,0,,1329,20,0,0,7,0,0,0,0,0,0,0,0
request,973,0,622,0,decode,-1,0,0,0,0,0,0,0,0,0,0,0,0,0,0,0,0,0,0,0,0,,9906,7,0,0,6,0,0,0,0,0,0,0,0
layer,974,0,622,1829,decode,40,15,15,0,0,0,149,0,0,0,0,25,11,2,0,0,0,0,0,0,45,lru,0,0,0,0,0,0,16,16,16,0,0,0,1
request,974,0,622,0,decode,-1,0,0,0,0,0,0,0,0,0,0,0,0,0,0,0,0,0,0,0,0,,614,27,0,0,15,0,0,0,0,0,0,0,0
layer,975,0,624,1829,decode,40,8,8,0,0,0,892,0,0,0,0,21,10,2,0,0,0,0,0,0,45,lru,0,0,0,0,0,0,8,8,8,0,0,0,1
request,975,0,624,0,decode,-1,0,0,0,0,0,0,0,0,0,0,0,0,0,0,0,0,0,0,0,0,,1317,20,0,0,8,0,0,0,0,0,0,0,0
request,976,0,624,0,decode,-1,0,0,0,0,0,0,0,0,0,0,0,0,0,0,0,0,0,0,0,0,,9909,7,0,0,6,0,0,0,0,0,0,0,0
layer,977,0,624,1829,decode,40,15,15,0,0,0,150,0,0,0,0,25,12,2,0,0,0,0,0,0,45,lru,0,0,0,0,0,0,16,16,16,0,0,0,1
request,977,0,624,0,decode,-1,0,0,0,0,0,0,0,0,0,0,0,0,0,0,0,0,0,0,0,0,,606,18,0,0,5,0,0,0,0,0,0,0,0
layer,978,0,626,1829,decode,40,8,8,0,0,0,893,0,0,0,0,21,10,2,0,0,0,0,0,0,45,lru,0,0,0,0,0,0,8,8,8,0,0,0,1
request,978,0,626,0,decode,-1,0,0,0,0,0,0,0,0,0,0,0,0,0,0,0,0,0,0,0,0,,1315,20,0,0,7,0,0,0,0,0,0,0,0
request,979,0,626,0,decode,-1,0,0,0,0,0,0,0,0,0,0,0,0,0,0,0,0,0,0,0,0,,9906,7,0,0,6,0,0,0,0,0,0,0,0
layer,980,0,626,1829,decode,40,14,14,0,0,0,145,0,0,0,0,26,11,2,0,0,0,0,0,0,45,lru,0,0,0,0,0,0,16,16,16,0,0,0,1
request,980,0,626,0,decode,-1,0,0,0,0,0,0,0,0,0,0,0,0,0,0,0,0,0,0,0,0,,611,17,0,0,5,0,0,0,0,0,0,0,0
layer,981,0,628,1829,decode,40,8,8,0,0,0,893,0,0,0,0,21,10,2,0,0,0,0,0,0,45,lru,0,0,0,0,0,0,8,8,8,0,0,0,1
request,981,0,628,0,decode,-1,0,0,0,0,0,0,0,0,0,0,0,0,0,0,0,0,0,0,0,0,,1315,20,0,0,7,0,0,0,0,0,0,0,0
request,982,0,628,0,decode,-1,0,0,0,0,0,0,0,0,0,0,0,0,0,0,0,0,0,0,0,0,,9899,7,0,0,6,0,0,0,0,0,0,0,0
layer,983,0,628,1829,decode,40,15,15,0,0,0,150,0,0,0,0,26,11,2,0,0,0,0,0,0,45,lru,0,0,0,0,0,0,16,16,16,0,0,0,1
request,983,0,628,0,decode,-1,0,0,0,0,0,0,0,0,0,0,0,0,0,0,0,0,0,0,0,0,,606,17,0,0,5,0,0,0,0,0,0,0,0
layer,984,0,630,1829,decode,40,8,8,0,0,0,896,0,0,0,0,23,11,2,0,0,0,0,0,0,45,lru,0,0,0,0,0,0,8,8,8,0,0,0,1
request,984,0,630,0,decode,-1,0,0,0,0,0,0,0,0,0,0,0,0,0,0,0,0,0,0,0,0,,1321,20,0,0,8,0,0,0,0,0,0,0,0
request,985,0,630,0,decode,-1,0,0,0,0,0,0,0,0,0,0,0,0,0,0,0,0,0,0,0,0,,9910,8,0,0,7,0,0,0,0,0,0,0,0
layer,986,0,630,1829,decode,40,13,13,0,0,0,140,0,0,0,0,25,11,2,0,0,0,0,0,0,45,lru,0,0,0,0,0,0,16,16,16,0,0,0,1
request,986,0,630,0,decode,-1,0,0,0,0,0,0,0,0,0,0,0,0,0,0,0,0,0,0,0,0,,592,18,0,0,6,0,0,0,0,0,0,0,0
layer,987,0,632,1829,decode,40,8,8,0,0,0,898,0,0,0,0,21,10,2,0,0,0,0,0,0,45,lru,0,0,0,0,0,0,8,8,8,0,0,0,1
request,987,0,632,0,decode,-1,0,0,0,0,0,0,0,0,0,0,0,0,0,0,0,0,0,0,0,0,,1316,20,0,0,7,0,0,0,0,0,0,0,0
request,988,0,632,0,decode,-1,0,0,0,0,0,0,0,0,0,0,0,0,0,0,0,0,0,0,0,0,,9913,7,0,0,6,0,0,0,0,0,0,0,0
layer,989,0,632,1829,decode,40,15,15,0,0,0,150,0,0,0,0,25,11,2,0,0,0,0,0,0,45,lru,0,0,0,0,0,0,16,16,16,0,0,0,1
request,989,0,632,0,decode,-1,0,0,0,0,0,0,0,0,0,0,0,0,0,0,0,0,0,0,0,0,,611,18,0,0,6,0,0,0,0,0,0,0,0
layer,990,0,634,1829,decode,40,8,8,0,0,0,897,0,0,0,0,21,10,2,0,0,0,0,0,0,45,lru,0,0,0,0,0,0,8,8,8,0,0,0,1
request,990,0,634,0,decode,-1,0,0,0,0,0,0,0,0,0,0,0,0,0,0,0,0,0,0,0,0,,1320,20,0,0,7,0,0,0,0,0,0,0,0
request,991,0,634,0,decode,-1,0,0,0,0,0,0,0,0,0,0,0,0,0,0,0,0,0,0,0,0,,9912,6,0,0,6,0,0,0,0,0,0,0,0
layer,992,0,634,1829,decode,40,14,14,0,0,0,145,0,0,0,0,26,11,2,0,0,0,0,0,0,45,lru,0,0,0,0,0,0,16,16,16,0,0,0,1
request,992,0,634,0,decode,-1,0,0,0,0,0,0,0,0,0,0,0,0,0,0,0,0,0,0,0,0,,603,18,0,0,6,0,0,0,0,0,0,0,0
layer,993,0,636,1829,decode,40,8,8,0,0,0,898,0,0,0,0,21,10,2,0,0,0,0,0,0,45,lru,0,0,0,0,0,0,8,8,8,0,0,0,1
request,993,0,636,0,decode,-1,0,0,0,0,0,0,0,0,0,0,0,0,0,0,0,0,0,0,0,0,,1316,20,0,0,7,0,0,0,0,0,0,0,0
request,994,0,636,0,decode,-1,0,0,0,0,0,0,0,0,0,0,0,0,0,0,0,0,0,0,0,0,,9917,7,0,0,6,0,0,0,0,0,0,0,0
layer,995,0,636,1829,decode,40,15,15,0,0,0,150,0,0,0,0,25,11,2,0,0,0,0,0,0,45,lru,0,0,0,0,0,0,16,16,16,0,0,0,1
request,995,0,636,0,decode,-1,0,0,0,0,0,0,0,0,0,0,0,0,0,0,0,0,0,0,0,0,,607,18,0,0,6,0,0,0,0,0,0,0,0
layer,996,0,638,1829,decode,40,8,7,1,1042,587,838,68,2,0,2,1170,10,7,0,0,0,0,0,0,45,lru,0,0,0,0,0,0,8,7,8,0,1,0,1
request,996,0,638,0,decode,-1,0,0,0,0,0,0,0,0,0,0,0,0,0,0,0,0,0,0,0,0,,2614,25,0,0,7,0,0,0,0,0,0,0,0
request,997,0,638,0,decode,-1,0,0,0,0,0,0,0,0,0,0,0,0,0,0,0,0,0,0,0,0,,9918,15,0,0,15,0,0,0,0,0,0,0,0
layer,998,0,638,1829,decode,40,15,15,0,0,0,150,0,0,0,0,26,11,2,0,0,0,0,0,0,45,lru,0,0,0,0,0,0,16,16,16,0,0,0,1
request,998,0,638,0,decode,-1,0,0,0,0,0,0,0,0,0,0,0,0,0,0,0,0,0,0,0,0,,602,18,0,0,5,0,0,0,0,0,0,0,0
layer,999,0,640,1829,decode,40,8,8,0,0,0,892,0,0,0,0,21,10,2,0,0,0,0,0,0,45,lru,0,0,0,0,0,0,8,8,8,0,0,0,0
request,999,0,640,0,decode,-1,0,0,0,0,0,0,0,0,0,0,0,0,0,0,0,0,0,0,0,0,,1315,20,0,0,7,0,0,0,0,0,0,0,0
request,1000,0,640,0,decode,-1,0,0,0,0,0,0,0,0,0,0,0,0,0,0,0,0,0,0,0,0,,9914,7,0,0,6,0,0,0,0,0,0,0,0
layer,1001,0,640,1829,decode,40,15,15,0,0,0,149,0,0,0,0,25,11,2,0,0,0,0,0,0,45,lru,0,0,0,0,0,0,16,16,16,0,0,0,1
request,1001,0,640,0,decode,-1,0,0,0,0,0,0,0,0,0,0,0,0,0,0,0,0,0,0,0,0,,606,18,0,0,6,0,0,0,0,0,0,0,0
layer,1002,0,642,1829,decode,40,8,7,1,966,587,879,188,2,0,2,1203,10,21,0,0,0,0,0,0,45,lru,0,0,0,0,0,0,8,7,8,0,1,0,1
request,1002,0,642,0,decode,-1,0,0,0,0,0,0,0,0,0,0,0,0,0,0,0,0,0,0,0,0,,2534,26,0,0,8,0,0,0,0,0,0,0,0
request,1003,0,642,0,decode,-1,0,0,0,0,0,0,0,0,0,0,0,0,0,0,0,0,0,0,0,0,,9913,7,0,0,7,0,0,0,0,0,0,0,0
layer,1004,0,642,1829,decode,40,16,16,0,0,0,155,0,0,0,0,26,12,2,0,0,0,0,0,0,45,lru,0,0,0,0,0,0,16,16,16,0,0,0,1
request,1004,0,642,0,decode,-1,0,0,0,0,0,0,0,0,0,0,0,0,0,0,0,0,0,0,0,0,,619,18,0,0,6,0,0,0,0,0,0,0,0
layer,1005,0,644,1829,decode,40,8,8,0,0,0,897,0,0,0,0,21,10,2,0,0,0,0,0,0,45,lru,0,0,0,0,0,0,8,8,8,0,0,0,1
request,1005,0,644,0,decode,-1,0,0,0,0,0,0,0,0,0,0,0,0,0,0,0,0,0,0,0,0,,1323,20,0,0,8,0,0,0,0,0,0,0,0
request,1006,0,644,0,decode,-1,0,0,0,0,0,0,0,0,0,0,0,0,0,0,0,0,0,0,0,0,,9914,7,0,0,6,0,0,0,0,0,0,0,0
layer,1007,0,644,1829,decode,40,15,15,0,0,0,151,0,0,0,0,27,13,2,0,0,0,0,0,0,45,lru,0,0,0,0,0,0,16,16,16,0,0,0,1
request,1007,0,644,0,decode,-1,0,0,0,0,0,0,0,0,0,0,0,0,0,0,0,0,0,0,0,0,,617,18,0,0,6,0,0,0,0,0,0,0,0
layer,1008,0,646,1829,decode,40,8,8,0,0,0,894,0,0,0,0,22,11,2,0,0,0,0,0,0,45,lru,0,0,0,0,0,0,8,8,8,0,0,0,1
request,1008,0,646,0,decode,-1,0,0,0,0,0,0,0,0,0,0,0,0,0,0,0,0,0,0,0,0,,1321,20,0,0,7,0,0,0,0,0,0,0,0
request,1009,0,646,0,decode,-1,0,0,0,0,0,0,0,0,0,0,0,0,0,0,0,0,0,0,0,0,,9911,7,0,0,6,0,0,0,0,0,0,0,0
layer,1010,0,646,1829,decode,40,14,14,0,0,0,145,0,0,0,0,26,12,2,0,0,0,0,0,0,45,lru,0,0,0,0,0,0,16,16,16,0,0,0,1
request,1010,0,646,0,decode,-1,0,0,0,0,0,0,0,0,0,0,0,0,0,0,0,0,0,0,0,0,,610,19,0,0,7,0,0,0,0,0,0,0,0
layer,1011,0,648,1829,decode,40,8,8,0,0,0,893,0,0,0,0,23,10,2,0,0,0,0,0,0,45,lru,0,0,0,0,0,0,8,8,8,0,0,0,1
request,1011,0,648,0,decode,-1,0,0,0,0,0,0,0,0,0,0,0,0,0,0,0,0,0,0,0,0,,1316,21,0,0,8,0,0,0,0,0,0,0,0
request,1012,0,648,0,decode,-1,0,0,0,0,0,0,0,0,0,0,0,0,0,0,0,0,0,0,0,0,,9916,6,0,0,6,0,0,0,0,0,0,0,0
layer,1013,0,648,1829,decode,40,15,15,0,0,0,151,0,0,0,0,26,12,2,0,0,0,0,0,0,45,lru,0,0,0,0,0,0,16,16,16,0,0,0,1
request,1013,0,648,0,decode,-1,0,0,0,0,0,0,0,0,0,0,0,0,0,0,0,0,0,0,0,0,,607,18,0,0,5,0,0,0,0,0,0,0,0
layer,1014,0,650,1829,decode,40,8,8,0,0,0,894,0,0,0,0,23,11,2,0,0,0,0,0,0,45,lru,0,0,0,0,0,0,8,8,8,0,0,0,1
request,1014,0,650,0,decode,-1,0,0,0,0,0,0,0,0,0,0,0,0,0,0,0,0,0,0,0,0,,1317,20,0,0,8,0,0,0,0,0,0,0,0
request,1015,0,650,0,decode,-1,0,0,0,0,0,0,0,0,0,0,0,0,0,0,0,0,0,0,0,0,,9910,7,0,0,6,0,0,0,0,0,0,0,0
layer,1016,0,650,1829,decode,40,14,14,0,0,0,145,0,0,0,0,25,11,2,0,0,0,0,0,0,45,lru,0,0,0,0,0,0,16,16,16,0,0,0,1
request,1016,0,650,0,decode,-1,0,0,0,0,0,0,0,0,0,0,0,0,0,0,0,0,0,0,0,0,,598,17,0,0,5,0,0,0,0,0,0,0,0
layer,1017,0,652,1829,decode,40,8,8,0,0,0,897,0,0,0,0,22,10,2,0,0,0,0,0,0,45,lru,0,0,0,0,0,0,8,8,8,0,0,0,1
request,1017,0,652,0,decode,-1,0,0,0,0,0,0,0,0,0,0,0,0,0,0,0,0,0,0,0,0,,1317,20,0,0,8,0,0,0,0,0,0,0,0
request,1018,0,652,0,decode,-1,0,0,0,0,0,0,0,0,0,0,0,0,0,0,0,0,0,0,0,0,,9914,6,0,0,6,0,0,0,0,0,0,0,0
layer,1019,0,652,1829,decode,40,15,15,0,0,0,151,0,0,0,0,25,11,2,0,0,0,0,0,0,45,lru,0,0,0,0,0,0,16,16,16,0,0,0,1
request,1019,0,652,0,decode,-1,0,0,0,0,0,0,0,0,0,0,0,0,0,0,0,0,0,0,0,0,,615,18,0,0,6,0,0,0,0,0,0,0,0
layer,1020,0,654,1829,decode,40,8,8,0,0,0,892,0,0,0,0,22,10,2,0,0,0,0,0,0,45,lru,0,0,0,0,0,0,8,8,8,0,0,0,1
request,1020,0,654,0,decode,-1,0,0,0,0,0,0,0,0,0,0,0,0,0,0,0,0,0,0,0,0,,1324,28,0,0,15,0,0,0,0,0,0,0,0
request,1021,0,654,0,decode,-1,0,0,0,0,0,0,0,0,0,0,0,0,0,0,0,0,0,0,0,0,,9905,7,0,0,6,0,0,0,0,0,0,0,0
layer,1022,0,654,1829,decode,40,15,15,0,0,0,151,0,0,0,0,27,12,2,0,0,0,0,0,0,45,lru,0,0,0,0,0,0,16,16,16,0,0,0,1
request,1022,0,654,0,decode,-1,0,0,0,0,0,0,0,0,0,0,0,0,0,0,0,0,0,0,0,0,,609,18,0,0,6,0,0,0,0,0,0,0,0
layer,1023,0,656,1829,decode,40,8,8,0,0,0,907,0,0,0,0,21,9,2,0,0,0,0,0,0,45,lru,0,0,0,0,0,0,8,8,8,0,0,0,1
request,1023,0,656,0,decode,-1,0,0,0,0,0,0,0,0,0,0,0,0,0,0,0,0,0,0,0,0,,1324,20,0,0,7,0,0,0,0,0,0,0,0
request,1024,0,656,0,decode,-1,0,0,0,0,0,0,0,0,0,0,0,0,0,0,0,0,0,0,0,0,,9912,6,0,0,6,0,0,0,0,0,0,0,0
layer,1025,0,656,1829,decode,40,15,15,0,0,0,150,0,0,0,0,26,11,2,0,0,0,0,0,0,45,lru,0,0,0,0,0,0,16,16,16,0,0,0,1
request,1025,0,656,0,decode,-1,0,0,0,0,0,0,0,0,0,0,0,0,0,0,0,0,0,0,0,0,,605,17,0,0,5,0,0,0,0,0,0,0,0
layer,1026,0,658,1829,decode,40,8,8,0,0,0,894,0,0,0,0,22,11,2,0,0,0,0,0,0,45,lru,0,0,0,0,0,0,8,8,8,0,0,0,1
request,1026,0,658,0,decode,-1,0,0,0,0,0,0,0,0,0,0,0,0,0,0,0,0,0,0,0,0,,1316,20,0,0,8,0,0,0,0,0,0,0,0
request,1027,0,658,0,decode,-1,0,0,0,0,0,0,0,0,0,0,0,0,0,0,0,0,0,0,0,0,,9911,7,0,0,6,0,0,0,0,0,0,0,0
layer,1028,0,658,1829,decode,40,15,15,0,0,0,150,0,0,0,0,26,11,2,0,0,0,0,0,0,45,lru,0,0,0,0,0,0,16,16,16,0,0,0,1
request,1028,0,658,0,decode,-1,0,0,0,0,0,0,0,0,0,0,0,0,0,0,0,0,0,0,0,0,,606,18,0,0,6,0,0,0,0,0,0,0,0
layer,1029,0,660,1829,decode,40,8,8,0,0,0,890,0,0,0,0,21,10,2,0,0,0,0,0,0,45,lru,0,0,0,0,0,0,8,8,8,0,0,0,1
request,1029,0,660,0,decode,-1,0,0,0,0,0,0,0,0,0,0,0,0,0,0,0,0,0,0,0,0,,1317,19,0,0,6,0,0,0,0,0,0,0,0
request,1030,0,660,0,decode,-1,0,0,0,0,0,0,0,0,0,0,0,0,0,0,0,0,0,0,0,0,,9912,7,0,0,6,0,0,0,0,0,0,0,0
layer,1031,0,660,1829,decode,40,15,15,0,0,0,151,0,0,0,0,26,12,2,0,0,0,0,0,0,45,lru,0,0,0,0,0,0,16,16,16,0,0,0,1
request,1031,0,660,0,decode,-1,0,0,0,0,0,0,0,0,0,0,0,0,0,0,0,0,0,0,0,0,,613,18,0,0,6,0,0,0,0,0,0,0,0
layer,1032,0,662,1829,decode,40,8,8,0,0,0,898,0,0,0,0,23,11,2,0,0,0,0,0,0,45,lru,0,0,0,0,0,0,8,8,8,0,0,0,2
request,1032,0,662,0,decode,-1,0,0,0,0,0,0,0,0,0,0,0,0,0,0,0,0,0,0,0,0,,1325,20,0,0,8,0,0,0,0,0,0,0,0
request,1033,0,662,0,decode,-1,0,0,0,0,0,0,0,0,0,0,0,0,0,0,0,0,0,0,0,0,,9910,7,0,0,6,0,0,0,0,0,0,0,0
layer,1034,0,662,1829,decode,40,16,16,0,0,0,155,0,0,0,0,26,11,2,0,0,0,0,0,0,45,lru,0,0,0,0,0,0,16,16,16,0,0,0,1
request,1034,0,662,0,decode,-1,0,0,0,0,0,0,0,0,0,0,0,0,0,0,0,0,0,0,0,0,,615,18,0,0,6,0,0,0,0,0,0,0,0
layer,1035,0,664,1829,decode,40,8,8,0,0,0,891,0,0,0,0,21,10,2,0,0,0,0,0,0,45,lru,0,0,0,0,0,0,8,8,8,0,0,0,1
request,1035,0,664,0,decode,-1,0,0,0,0,0,0,0,0,0,0,0,0,0,0,0,0,0,0,0,0,,1319,20,0,0,7,0,0,0,0,0,0,0,0
request,1036,0,664,0,decode,-1,0,0,0,0,0,0,0,0,0,0,0,0,0,0,0,0,0,0,0,0,,9908,7,0,0,6,0,0,0,0,0,0,0,0
layer,1037,0,664,1829,decode,40,15,15,0,0,0,151,0,0,0,0,27,12,2,0,0,0,0,0,0,45,lru,0,0,0,0,0,0,16,16,16,0,0,0,1
request,1037,0,664,0,decode,-1,0,0,0,0,0,0,0,0,0,0,0,0,0,0,0,0,0,0,0,0,,614,18,0,0,5,0,0,0,0,0,0,0,0
layer,1038,0,666,1829,decode,40,8,8,0,0,0,892,0,0,0,0,22,10,2,0,0,0,0,0,0,45,lru,0,0,0,0,0,0,8,8,8,0,0,0,1
request,1038,0,666,0,decode,-1,0,0,0,0,0,0,0,0,0,0,0,0,0,0,0,0,0,0,0,0,,1318,20,0,0,8,0,0,0,0,0,0,0,0
request,1039,0,666,0,decode,-1,0,0,0,0,0,0,0,0,0,0,0,0,0,0,0,0,0,0,0,0,,10440,8,0,0,7,0,0,0,0,0,0,0,0
layer,1040,0,666,1829,decode,40,16,16,0,0,0,156,0,0,0,0,30,12,2,0,0,0,0,0,0,45,lru,0,0,0,0,0,0,16,16,16,0,0,0,1
request,1040,0,666,0,decode,-1,0,0,0,0,0,0,0,0,0,0,0,0,0,0,0,0,0,0,0,0,,667,19,0,0,6,0,0,0,0,0,0,0,0
layer,1041,0,668,1829,decode,40,8,8,0,0,0,890,0,0,0,0,22,10,2,0,0,0,0,0,0,45,lru,0,0,0,0,0,0,8,8,8,0,0,0,1
request,1041,0,668,0,decode,-1,0,0,0,0,0,0,0,0,0,0,0,0,0,0,0,0,0,0,0,0,,1321,20,0,0,8,0,0,0,0,0,0,0,0
request,1042,0,668,0,decode,-1,0,0,0,0,0,0,0,0,0,0,0,0,0,0,0,0,0,0,0,0,,9911,7,0,0,6,0,0,0,0,0,0,0,0
layer,1043,0,668,1829,decode,40,15,15,0,0,0,150,0,0,0,0,26,12,2,0,0,0,0,0,0,45,lru,0,0,0,0,0,0,16,16,16,0,0,0,1
request,1043,0,668,0,decode,-1,0,0,0,0,0,0,0,0,0,0,0,0,0,0,0,0,0,0,0,0,,609,17,0,0,5,0,0,0,0,0,0,0,0
layer,1044,0,670,1829,decode,40,8,8,0,0,0,892,0,0,0,0,21,10,2,0,0,0,0,0,0,45,lru,0,0,0,0,0,0,8,8,8,0,0,0,1
request,1044,0,670,0,decode,-1,0,0,0,0,0,0,0,0,0,0,0,0,0,0,0,0,0,0,0,0,,1327,31,0,0,18,0,0,0,0,0,0,0,0
request,1045,0,670,0,decode,-1,0,0,0,0,0,0,0,0,0,0,0,0,0,0,0,0,0,0,0,0,,9913,7,0,0,6,0,0,0,0,0,0,0,0
layer,1046,0,670,1829,decode,40,14,14,0,0,0,145,0,0,0,0,30,14,2,0,0,0,0,0,0,45,lru,0,0,0,0,0,0,16,16,16,0,0,0,1
request,1046,0,670,0,decode,-1,0,0,0,0,0,0,0,0,0,0,0,0,0,0,0,0,0,0,0,0,,608,17,0,0,5,0,0,0,0,0,0,0,0
layer,1047,0,672,1829,decode,40,8,8,0,0,0,894,0,0,0,0,22,10,2,0,0,0,0,0,0,45,lru,0,0,0,0,0,0,8,8,8,0,0,0,1
request,1047,0,672,0,decode,-1,0,0,0,0,0,0,0,0,0,0,0,0,0,0,0,0,0,0,0,0,,1319,20,0,0,7,0,0,0,0,0,0,0,0
request,1048,0,672,0,decode,-1,0,0,0,0,0,0,0,0,0,0,0,0,0,0,0,0,0,0,0,0,,9911,7,0,0,6,0,0,0,0,0,0,0,0
layer,1049,0,672,1829,decode,40,15,15,0,0,0,153,0,0,0,0,25,11,2,0,0,0,0,0,0,45,lru,0,0,0,0,0,0,16,16,16,0,0,0,1
request,1049,0,672,0,decode,-1,0,0,0,0,0,0,0,0,0,0,0,0,0,0,0,0,0,0,0,0,,610,18,0,0,5,0,0,0,0,0,0,0,0
layer,1050,0,674,1829,decode,40,8,8,0,0,0,893,0,0,0,0,22,10,2,0,0,0,0,0,0,45,lru,0,0,0,0,0,0,8,8,8,0,0,0,1
request,1050,0,674,0,decode,-1,0,0,0,0,0,0,0,0,0,0,0,0,0,0,0,0,0,0,0,0,,1315,20,0,0,7,0,0,0,0,0,0,0,0
request,1051,0,674,0,decode,-1,0,0,0,0,0,0,0,0,0,0,0,0,0,0,0,0,0,0,0,0,,9909,7,0,0,6,0,0,0,0,0,0,0,0
layer,1052,0,674,1829,decode,40,15,15,0,0,0,151,0,0,0,0,28,12,2,0,0,0,0,0,0,45,lru,0,0,0,0,0,0,16,16,16,0,0,0,1
request,1052,0,674,0,decode,-1,0,0,0,0,0,0,0,0,0,0,0,0,0,0,0,0,0,0,0,0,,615,18,0,0,6,0,0,0,0,0,0,0,0
layer,1053,0,676,1829,decode,40,8,8,0,0,0,894,0,0,0,0,22,10,2,0,0,0,0,0,0,45,lru,0,0,0,0,0,0,8,8,8,0,0,0,1
request,1053,0,676,0,decode,-1,0,0,0,0,0,0,0,0,0,0,0,0,0,0,0,0,0,0,0,0,,1330,20,0,0,7,0,0,0,0,0,0,0,0
request,1054,0,676,0,decode,-1,0,0,0,0,0,0,0,0,0,0,0,0,0,0,0,0,0,0,0,0,,9912,7,0,0,6,0,0,0,0,0,0,0,0
layer,1055,0,676,1829,decode,40,15,15,0,0,0,150,0,0,0,0,26,12,2,0,0,0,0,0,0,45,lru,0,0,0,0,0,0,16,16,16,0,0,0,1
request,1055,0,676,0,decode,-1,0,0,0,0,0,0,0,0,0,0,0,0,0,0,0,0,0,0,0,0,,611,18,0,0,5,0,0,0,0,0,0,0,0
layer,1056,0,678,1829,decode,40,8,7,1,925,607,840,190,2,0,2,1084,10,11,0,0,0,0,0,0,45,lru,0,0,0,0,0,0,8,7,8,0,1,0,1
request,1056,0,678,0,decode,-1,0,0,0,0,0,0,0,0,0,0,0,0,0,0,0,0,0,0,0,0,,2536,27,0,0,9,0,0,0,0,0,0,0,0
request,1057,0,678,0,decode,-1,0,0,0,0,0,0,0,0,0,0,0,0,0,0,0,0,0,0,0,0,,9917,7,0,0,7,0,0,0,0,0,0,0,0
layer,1058,0,678,1829,decode,40,15,15,0,0,0,151,0,0,0,0,28,13,2,0,0,0,0,0,0,45,lru,0,0,0,0,0,0,16,16,16,0,0,0,1
request,1058,0,678,0,decode,-1,0,0,0,0,0,0,0,0,0,0,0,0,0,0,0,0,0,0,0,0,,633,18,0,0,6,0,0,0,0,0,0,0,0
layer,1059,0,680,1829,decode,40,8,8,0,0,0,896,0,0,0,0,23,11,2,0,0,0,0,0,0,45,lru,0,0,0,0,0,0,8,8,8,0,0,0,1
request,1059,0,680,0,decode,-1,0,0,0,0,0,0,0,0,0,0,0,0,0,0,0,0,0,0,0,0,,1335,20,0,0,7,0,0,0,0,0,0,0,0
request,1060,0,680,0,decode,-1,0,0,0,0,0,0,0,0,0,0,0,0,0,0,0,0,0,0,0,0,,9924,7,0,0,6,0,0,0,0,0,0,0,0
layer,1061,0,680,1829,decode,40,15,15,0,0,0,150,0,0,0,0,28,12,2,0,0,0,0,0,0,45,lru,0,0,0,0,0,0,16,16,16,0,0,0,1
request,1061,0,680,0,decode,-1,0,0,0,0,0,0,0,0,0,0,0,0,0,0,0,0,0,0,0,0,,618,18,0,0,6,0,0,0,0,0,0,0,0
layer,1062,0,682,1829,decode,40,8,8,0,0,0,898,0,0,0,0,23,10,2,0,0,0,0,0,0,45,lru,0,0,0,0,0,0,8,8,8,0,0,0,2
request,1062,0,682,0,decode,-1,0,0,0,0,0,0,0,0,0,0,0,0,0,0,0,0,0,0,0,0,,1327,21,0,0,8,0,0,0,0,0,0,0,0
request,1063,0,682,0,decode,-1,0,0,0,0,0,0,0,0,0,0,0,0,0,0,0,0,0,0,0,0,,9911,7,0,0,6,0,0,0,0,0,0,0,0
layer,1064,0,682,1829,decode,40,16,16,0,0,0,155,0,0,0,0,27,11,2,0,0,0,0,0,0,45,lru,0,0,0,0,0,0,16,16,16,0,0,0,1
request,1064,0,682,0,decode,-1,0,0,0,0,0,0,0,0,0,0,0,0,0,0,0,0,0,0,0,0,,622,18,0,0,6,0,0,0,0,0,0,0,0
layer,1065,0,684,1829,decode,40,8,8,0,0,0,897,0,0,0,0,23,10,2,0,0,0,0,0,0,45,lru,0,0,0,0,0,0,8,8,8,0,0,0,1
request,1065,0,684,0,decode,-1,0,0,0,0,0,0,0,0,0,0,0,0,0,0,0,0,0,0,0,0,,1321,19,0,0,7,0,0,0,0,0,0,0,0
request,1066,0,684,0,decode,-1,0,0,0,0,0,0,0,0,0,0,0,0,0,0,0,0,0,0,0,0,,9910,7,0,0,6,0,0,0,0,0,0,0,0
layer,1067,0,684,1829,decode,40,15,15,0,0,0,150,0,0,0,0,26,11,2,0,0,0,0,0,0,45,lru,0,0,0,0,0,0,16,16,16,0,0,0,1
request,1067,0,684,0,decode,-1,0,0,0,0,0,0,0,0,0,0,0,0,0,0,0,0,0,0,0,0,,608,18,0,0,6,0,0,0,0,0,0,0,0
layer,1068,0,686,1829,decode,40,8,8,0,0,0,896,0,0,0,0,21,10,2,0,0,0,0,0,0,45,lru,0,0,0,0,0,0,8,8,8,0,0,0,1
request,1068,0,686,0,decode,-1,0,0,0,0,0,0,0,0,0,0,0,0,0,0,0,0,0,0,0,0,,1329,31,0,0,18,0,0,0,0,0,0,0,0
request,1069,0,686,0,decode,-1,0,0,0,0,0,0,0,0,0,0,0,0,0,0,0,0,0,0,0,0,,9914,7,0,0,6,0,0,0,0,0,0,0,0
layer,1070,0,686,1829,decode,40,14,14,0,0,0,146,0,0,0,0,27,11,2,0,0,0,0,0,0,45,lru,0,0,0,0,0,0,16,16,16,0,0,0,1
request,1070,0,686,0,decode,-1,0,0,0,0,0,0,0,0,0,0,0,0,0,0,0,0,0,0,0,0,,611,19,0,0,6,0,0,0,0,0,0,0,0
layer,1071,0,688,1829,decode,40,8,8,0,0,0,897,0,0,0,0,22,10,2,0,0,0,0,0,0,45,lru,0,0,0,0,0,0,8,8,8,0,0,0,1
request,1071,0,688,0,decode,-1,0,0,0,0,0,0,0,0,0,0,0,0,0,0,0,0,0,0,0,0,,1322,20,0,0,8,0,0,0,0,0,0,0,0
request,1072,0,688,0,decode,-1,0,0,0,0,0,0,0,0,0,0,0,0,0,0,0,0,0,0,0,0,,9918,8,0,0,8,0,0,0,0,0,0,0,0
layer,1073,0,688,1829,decode,40,15,15,0,0,0,156,0,0,0,0,26,12,2,0,0,0,0,0,0,45,lru,0,0,0,0,0,0,16,16,16,0,0,0,1
request,1073,0,688,0,decode,-1,0,0,0,0,0,0,0,0,0,0,0,0,0,0,0,0,0,0,0,0,,620,18,0,0,6,0,0,0,0,0,0,0,0
layer,1074,0,690,1829,decode,40,8,8,0,0,0,898,0,0,0,0,22,10,2,0,0,0,0,0,0,45,lru,0,0,0,0,0,0,8,8,8,0,0,0,1
request,1074,0,690,0,decode,-1,0,0,0,0,0,0,0,0,0,0,0,0,0,0,0,0,0,0,0,0,,1320,19,0,0,7,0,0,0,0,0,0,0,0
request,1075,0,690,0,decode,-1,0,0,0,0,0,0,0,0,0,0,0,0,0,0,0,0,0,0,0,0,,9907,7,0,0,6,0,0,0,0,0,0,0,0
layer,1076,0,690,1829,decode,40,14,14,0,0,0,153,0,0,0,0,25,11,2,0,0,0,0,0,0,45,lru,0,0,0,0,0,0,16,16,16,0,0,0,1
request,1076,0,690,0,decode,-1,0,0,0,0,0,0,0,0,0,0,0,0,0,0,0,0,0,0,0,0,,611,18,0,0,5,0,0,0,0,0,0,0,0
layer,1077,0,692,1829,decode,40,8,8,0,0,0,896,0,0,0,0,22,10,2,0,0,0,0,0,0,45,lru,0,0,0,0,0,0,8,8,8,0,0,0,1
request,1077,0,692,0,decode,-1,0,0,0,0,0,0,0,0,0,0,0,0,0,0,0,0,0,0,0,0,,1317,21,0,0,8,0,0,0,0,0,0,0,0
request,1078,0,692,0,decode,-1,0,0,0,0,0,0,0,0,0,0,0,0,0,0,0,0,0,0,0,0,,9908,7,0,0,6,0,0,0,0,0,0,0,0
layer,1079,0,692,1829,decode,40,15,15,0,0,0,150,0,0,0,0,25,12,2,0,0,0,0,0,0,45,lru,0,0,0,0,0,0,16,16,16,0,0,0,1
request,1079,0,692,0,decode,-1,0,0,0,0,0,0,0,0,0,0,0,0,0,0,0,0,0,0,0,0,,606,17,0,0,5,0,0,0,0,0,0,0,0
layer,1080,0,694,1829,decode,40,8,8,0,0,0,892,0,0,0,0,22,10,2,0,0,0,0,0,0,45,lru,0,0,0,0,0,0,8,8,8,0,0,0,1
request,1080,0,694,0,decode,-1,0,0,0,0,0,0,0,0,0,0,0,0,0,0,0,0,0,0,0,0,,1321,20,0,0,8,0,0,0,0,0,0,0,0
request,1081,0,694,0,decode,-1,0,0,0,0,0,0,0,0,0,0,0,0,0,0,0,0,0,0,0,0,,9905,7,0,0,7,0,0,0,0,0,0,0,0
layer,1082,0,694,1829,decode,40,15,15,0,0,0,151,0,0,0,0,27,12,2,0,0,0,0,0,0,45,lru,0,0,0,0,0,0,16,16,16,0,0,0,1
request,1082,0,694,0,decode,-1,0,0,0,0,0,0,0,0,0,0,0,0,0,0,0,0,0,0,0,0,,611,18,0,0,6,0,0,0,0,0,0,0,0
layer,1083,0,696,1829,decode,40,8,8,0,0,0,892,0,0,0,0,22,11,2,0,0,0,0,0,0,45,lru,0,0,0,0,0,0,8,8,8,0,0,0,1
request,1083,0,696,0,decode,-1,0,0,0,0,0,0,0,0,0,0,0,0,0,0,0,0,0,0,0,0,,1317,20,0,0,8,0,0,0,0,0,0,0,0
request,1084,0,696,0,decode,-1,0,0,0,0,0,0,0,0,0,0,0,0,0,0,0,0,0,0,0,0,,9913,7,0,0,6,0,0,0,0,0,0,0,0
layer,1085,0,696,1829,decode,40,15,15,0,0,0,151,0,0,0,0,26,12,2,0,0,0,0,0,0,45,lru,0,0,0,0,0,0,16,16,16,0,0,0,1
request,1085,0,696,0,decode,-1,0,0,0,0,0,0,0,0,0,0,0,0,0,0,0,0,0,0,0,0,,610,17,0,0,5,0,0,0,0,0,0,0,0
layer,1086,0,698,1829,decode,40,8,8,0,0,0,896,0,0,0,0,22,11,2,0,0,0,0,0,0,45,lru,0,0,0,0,0,0,8,8,8,0,0,0,1
request,1086,0,698,0,decode,-1,0,0,0,0,0,0,0,0,0,0,0,0,0,0,0,0,0,0,0,0,,1317,20,0,0,7,0,0,0,0,0,0,0,0
request,1087,0,698,0,decode,-1,0,0,0,0,0,0,0,0,0,0,0,0,0,0,0,0,0,0,0,0,,9906,6,0,0,6,0,0,0,0,0,0,0,0
layer,1088,0,698,1829,decode,40,14,14,0,0,0,145,0,0,0,0,26,11,2,0,0,0,0,0,0,45,lru,0,0,0,0,0,0,16,16,16,0,0,0,1
request,1088,0,698,0,decode,-1,0,0,0,0,0,0,0,0,0,0,0,0,0,0,0,0,0,0,0,0,,609,17,0,0,5,0,0,0,0,0,0,0,0
layer,1089,0,700,1829,decode,40,8,8,0,0,0,897,0,0,0,0,21,10,2,0,0,0,0,0,0,45,lru,0,0,0,0,0,0,8,8,8,0,0,0,1
request,1089,0,700,0,decode,-1,0,0,0,0,0,0,0,0,0,0,0,0,0,0,0,0,0,0,0,0,,1316,20,0,0,7,0,0,0,0,0,0,0,0
request,1090,0,700,0,decode,-1,0,0,0,0,0,0,0,0,0,0,0,0,0,0,0,0,0,0,0,0,,9907,7,0,0,6,0,0,0,0,0,0,0,0
layer,1091,0,700,1829,decode,40,15,15,0,0,0,144,0,0,0,0,26,11,2,0,0,0,0,0,0,45,lru,0,0,0,0,0,0,16,16,16,0,0,0,1
request,1091,0,700,0,decode,-1,0,0,0,0,0,0,0,0,0,0,0,0,0,0,0,0,0,0,0,0,,623,27,0,0,15,0,0,0,0,0,0,0,0
layer,1092,0,702,1829,decode,40,8,8,0,0,0,894,0,0,0,0,23,10,2,0,0,0,0,0,0,45,lru,0,0,0,0,0,0,8,8,8,0,0,0,1
request,1092,0,702,0,decode,-1,0,0,0,0,0,0,0,0,0,0,0,0,0,0,0,0,0,0,0,0,,1322,20,0,0,7,0,0,0,0,0,0,0,0
request,1093,0,702,0,decode,-1,0,0,0,0,0,0,0,0,0,0,0,0,0,0,0,0,0,0,0,0,,9911,7,0,0,6,0,0,0,0,0,0,0,0
layer,1094,0,702,1829,decode,40,16,16,0,0,0,155,0,0,0,0,27,11,2,0,0,0,0,0,0,45,lru,0,0,0,0,0,0,16,16,16,0,0,0,1
request,1094,0,702,0,decode,-1,0,0,0,0,0,0,0,0,0,0,0,0,0,0,0,0,0,0,0,0,,615,18,0,0,6,0,0,0,0,0,0,0,0
layer,1095,0,704,1829,decode,40,8,8,0,0,0,890,0,0,0,0,22,10,2,0,0,0,0,0,0,45,lru,0,0,0,0,0,0,8,8,8,0,0,0,1
request,1095,0,704,0,decode,-1,0,0,0,0,0,0,0,0,0,0,0,0,0,0,0,0,0,0,0,0,,1316,21,0,0,8,0,0,0,0,0,0,0,0
request,1096,0,704,0,decode,-1,0,0,0,0,0,0,0,0,0,0,0,0,0,0,0,0,0,0,0,0,,9912,7,0,0,6,0,0,0,0,0,0,0,0
layer,1097,0,704,1829,decode,40,15,15,0,0,0,151,0,0,0,0,26,11,2,0,0,0,0,0,0,45,lru,0,0,0,0,0,0,16,16,16,0,0,0,1
request,1097,0,704,0,decode,-1,0,0,0,0,0,0,0,0,0,0,0,0,0,0,0,0,0,0,0,0,,615,18,0,0,6,0,0,0,0,0,0,0,0
layer,1098,0,706,1829,decode,40,8,8,0,0,0,893,0,0,0,0,22,10,2,0,0,0,0,0,0,45,lru,0,0,0,0,0,0,8,8,8,0,0,0,1
request,1098,0,706,0,decode,-1,0,0,0,0,0,0,0,0,0,0,0,0,0,0,0,0,0,0,0,0,,1318,20,0,0,7,0,0,0,0,0,0,0,0
request,1099,0,706,0,decode,-1,0,0,0,0,0,0,0,0,0,0,0,0,0,0,0,0,0,0,0,0,,9910,7,0,0,6,0,0,0,0,0,0,0,0
layer,1100,0,706,1829,decode,40,16,16,0,0,0,155,0,0,0,0,27,12,2,0,0,0,0,0,0,45,lru,0,0,0,0,0,0,16,16,16,0,0,0,1
request,1100,0,706,0,decode,-1,0,0,0,0,0,0,0,0,0,0,0,0,0,0,0,0,0,0,0,0,,614,18,0,0,5,0,0,0,0,0,0,0,0
layer,1101,0,708,1829,decode,40,8,8,0,0,0,888,0,0,0,0,22,11,2,0,0,0,0,0,0,45,lru,0,0,0,0,0,0,8,8,8,0,0,0,1
request,1101,0,708,0,decode,-1,0,0,0,0,0,0,0,0,0,0,0,0,0,0,0,0,0,0,0,0,,1314,21,0,0,9,0,0,0,0,0,0,0,0
request,1102,0,708,0,decode,-1,0,0,0,0,0,0,0,0,0,0,0,0,0,0,0,0,0,0,0,0,,9918,7,0,0,6,0,0,0,0,0,0,0,0
layer,1103,0,708,1829,decode,40,15,15,0,0,0,152,0,0,0,0,27,12,2,0,0,0,0,0,0,45,lru,0,0,0,0,0,0,16,16,16,0,0,0,1
request,1103,0,708,0,decode,-1,0,0,0,0,0,0,0,0,0,0,0,0,0,0,0,0,0,0,0,0,,616,18,0,0,6,0,0,0,0,0,0,0,0
layer,1104,0,710,1829,decode,40,8,8,0,0,0,890,0,0,0,0,22,11,2,0,0,0,0,0,0,45,lru,0,0,0,0,0,0,8,8,8,0,0,0,1
request,1104,0,710,0,decode,-1,0,0,0,0,0,0,0,0,0,0,0,0,0,0,0,0,0,0,0,0,,1310,20,0,0,8,0,0,0,0,0,0,0,0
request,1105,0,710,0,decode,-1,0,0,0,0,0,0,0,0,0,0,0,0,0,0,0,0,0,0,0,0,,9910,7,0,0,6,0,0,0,0,0,0,0,0
layer,1106,0,710,1829,decode,40,15,15,0,0,0,151,0,0,0,0,27,12,2,0,0,0,0,0,0,45,lru,0,0,0,0,0,0,16,16,16,0,0,0,1
request,1106,0,710,0,decode,-1,0,0,0,0,0,0,0,0,0,0,0,0,0,0,0,0,0,0,0,0,,614,18,0,0,6,0,0,0,0,0,0,0,0
layer,1107,0,712,1829,decode,40,8,8,0,0,0,891,0,0,0,0,21,10,2,0,0,0,0,0,0,45,lru,0,0,0,0,0,0,8,8,8,0,0,0,1
request,1107,0,712,0,decode,-1,0,0,0,0,0,0,0,0,0,0,0,0,0,0,0,0,0,0,0,0,,1317,20,0,0,7,0,0,0,0,0,0,0,0
request,1108,0,712,0,decode,-1,0,0,0,0,0,0,0,0,0,0,0,0,0,0,0,0,0,0,0,0,,9914,7,0,0,6,0,0,0,0,0,0,0,0
layer,1109,0,712,1829,decode,40,15,15,0,0,0,151,0,0,0,0,26,11,2,0,0,0,0,0,0,45,lru,0,0,0,0,0,0,16,16,16,0,0,0,1
request,1109,0,712,0,decode,-1,0,0,0,0,0,0,0,0,0,0,0,0,0,0,0,0,0,0,0,0,,611,18,0,0,6,0,0,0,0,0,0,0,0
layer,1110,0,714,1829,decode,40,8,8,0,0,0,902,0,0,0,0,21,10,2,0,0,0,0,0,0,45,lru,0,0,0,0,0,0,8,8,8,0,0,0,1
request,1110,0,714,0,decode,-1,0,0,0,0,0,0,0,0,0,0,0,0,0,0,0,0,0,0,0,0,,1327,20,0,0,8,0,0,0,0,0,0,0,0
request,1111,0,714,0,decode,-1,0,0,0,0,0,0,0,0,0,0,0,0,0,0,0,0,0,0,0,0,,9912,7,0,0,6,0,0,0,0,0,0,0,0
layer,1112,0,714,1829,decode,40,14,14,0,0,0,144,0,0,0,0,25,11,2,0,0,0,0,0,0,45,lru,0,0,0,0,0,0,16,16,16,0,0,0,1
request,1112,0,714,0,decode,-1,0,0,0,0,0,0,0,0,0,0,0,0,0,0,0,0,0,0,0,0,,606,19,0,0,7,0,0,0,0,0,0,0,0
layer,1113,0,716,1829,decode,40,8,8,0,0,0,897,0,0,0,0,22,10,2,0,0,0,0,0,0,45,lru,0,0,0,0,0,0,8,8,8,0,0,0,1
request,1113,0,716,0,decode,-1,0,0,0,0,0,0,0,0,0,0,0,0,0,0,0,0,0,0,0,0,,1329,20,0,0,7,0,0,0,0,0,0,0,0
request,1114,0,716,0,decode,-1,0,0,0,0,0,0,0,0,0,0,0,0,0,0,0,0,0,0,0,0,,9912,7,0,0,6,0,0,0,0,0,0,0,0
layer,1115,0,716,1829,decode,40,15,15,0,0,0,150,0,0,0,0,26,11,2,0,0,0,0,0,0,45,lru,0,0,0,0,0,0,16,16,16,0,0,0,1
request,1115,0,716,0,decode,-1,0,0,0,0,0,0,0,0,0,0,0,0,0,0,0,0,0,0,0,0,,616,26,0,0,14,0,0,0,0,0,0,0,0
layer,1116,0,718,1829,decode,40,8,8,0,0,0,893,0,0,0,0,22,10,2,0,0,0,0,0,0,45,lru,0,0,0,0,0,0,8,8,8,0,0,0,2
request,1116,0,718,0,decode,-1,0,0,0,0,0,0,0,0,0,0,0,0,0,0,0,0,0,0,0,0,,1317,20,0,0,7,0,0,0,0,0,0,0,0
request,1117,0,718,0,decode,-1,0,0,0,0,0,0,0,0,0,0,0,0,0,0,0,0,0,0,0,0,,9914,7,0,0,6,0,0,0,0,0,0,0,0
layer,1118,0,718,1829,decode,40,14,14,0,0,0,147,0,0,0,0,26,11,2,0,0,0,0,0,0,45,lru,0,0,0,0,0,0,16,16,16,0,0,0,1
request,1118,0,718,0,decode,-1,0,0,0,0,0,0,0,0,0,0,0,0,0,0,0,0,0,0,0,0,,614,18,0,0,6,0,0,0,0,0,0,0,0
layer,1119,0,720,1829,decode,40,8,8,0,0,0,893,0,0,0,0,22,10,2,0,0,0,0,0,0,45,lru,0,0,0,0,0,0,8,8,8,0,0,0,1
request,1119,0,720,0,decode,-1,0,0,0,0,0,0,0,0,0,0,0,0,0,0,0,0,0,0,0,0,,1322,20,0,0,8,0,0,0,0,0,0,0,0
request,1120,0,720,0,decode,-1,0,0,0,0,0,0,0,0,0,0,0,0,0,0,0,0,0,0,0,0,,9919,8,0,0,7,0,0,0,0,0,0,0,0
layer,1121,0,720,1829,decode,40,15,15,0,0,0,151,0,0,0,0,27,11,2,0,0,0,0,0,0,45,lru,0,0,0,0,0,0,16,16,16,0,0,0,1
request,1121,0,720,0,decode,-1,0,0,0,0,0,0,0,0,0,0,0,0,0,0,0,0,0,0,0,0,,607,18,0,0,6,0,0,0,0,0,0,0,0
layer,1122,0,722,1829,decode,40,8,8,0,0,0,894,0,0,0,0,22,10,2,0,0,0,0,0,0,45,lru,0,0,0,0,0,0,8,8,8,0,0,0,2
request,1122,0,722,0,decode,-1,0,0,0,0,0,0,0,0,0,0,0,0,0,0,0,0,0,0,0,0,,1322,20,0,0,7,0,0,0,0,0,0,0,0
request,1123,0,722,0,decode,-1,0,0,0,0,0,0,0,0,0,0,0,0,0,0,0,0,0,0,0,0,,9919,7,0,0,6,0,0,0,0,0,0,0,0
layer,1124,0,722,1829,decode,40,14,14,0,0,0,145,0,0,0,0,27,11,2,0,0,0,0,0,0,45,lru,0,0,0,0,0,0,16,16,16,0,0,0,1
request,1124,0,722,0,decode,-1,0,0,0,0,0,0,0,0,0,0,0,0,0,0,0,0,0,0,0,0,,603,18,0,0,6,0,0,0,0,0,0,0,0
layer,1125,0,724,1829,decode,40,8,8,0,0,0,898,0,0,0,0,23,11,2,0,0,0,0,0,0,45,lru,0,0,0,0,0,0,8,8,8,0,0,0,1
request,1125,0,724,0,decode,-1,0,0,0,0,0,0,0,0,0,0,0,0,0,0,0,0,0,0,0,0,,1338,21,0,0,9,0,0,0,0,0,0,0,0
request,1126,0,724,0,decode,-1,0,0,0,0,0,0,0,0,0,0,0,0,0,0,0,0,0,0,0,0,,9926,7,0,0,6,0,0,0,0,0,0,0,0
layer,1127,0,724,1829,decode,40,15,15,0,0,0,151,0,0,0,0,28,12,2,0,0,0,0,0,0,45,lru,0,0,0,0,0,0,16,16,16,0,0,0,1
request,1127,0,724,0,decode,-1,0,0,0,0,0,0,0,0,0,0,0,0,0,0,0,0,0,0,0,0,,620,18,0,0,6,0,0,0,0,0,0,0,0
layer,1128,0,726,1829,decode,40,8,8,0,0,0,894,0,0,0,0,22,10,2,0,0,0,0,0,0,45,lru,0,0,0,0,0,0,8,8,8,0,0,0,1
request,1128,0,726,0,decode,-1,0,0,0,0,0,0,0,0,0,0,0,0,0,0,0,0,0,0,0,0,,1321,20,0,0,8,0,0,0,0,0,0,0,0
request,1129,0,726,0,decode,-1,0,0,0,0,0,0,0,0,0,0,0,0,0,0,0,0,0,0,0,0,,9911,6,0,0,6,0,0,0,0,0,0,0,0
layer,1130,0,726,1829,decode,40,15,15,0,0,0,150,0,0,0,0,26,11,2,0,0,0,0,0,0,45,lru,0,0,0,0,0,0,16,16,16,0,0,0,1
request,1130,0,726,0,decode,-1,0,0,0,0,0,0,0,0,0,0,0,0,0,0,0,0,0,0,0,0,,611,18,0,0,6,0,0,0,0,0,0,0,0
layer,1131,0,728,1829,decode,40,8,8,0,0,0,889,0,0,0,0,21,10,2,0,0,0,0,0,0,45,lru,0,0,0,0,0,0,8,8,8,0,0,0,1
request,1131,0,728,0,decode,-1,0,0,0,0,0,0,0,0,0,0,0,0,0,0,0,0,0,0,0,0,,1310,20,0,0,7,0,0,0,0,0,0,0,0
request,1132,0,728,0,decode,-1,0,0,0,0,0,0,0,0,0,0,0,0,0,0,0,0,0,0,0,0,,9906,7,0,0,6,0,0,0,0,0,0,0,0
layer,1133,0,728,1829,decode,40,15,15,0,0,0,152,0,0,0,0,26,11,2,0,0,0,0,0,0,45,lru,0,0,0,0,0,0,16,16,16,0,0,0,1
request,1133,0,728,0,decode,-1,0,0,0,0,0,0,0,0,0,0,0,0,0,0,0,0,0,0,0,0,,610,18,0,0,6,0,0,0,0,0,0,0,0
layer,1134,0,730,1829,decode,40,8,8,0,0,0,893,0,0,0,0,22,10,2,0,0,0,0,0,0,45,lru,0,0,0,0,0,0,8,8,8,0,0,0,1
request,1134,0,730,0,decode,-1,0,0,0,0,0,0,0,0,0,0,0,0,0,0,0,0,0,0,0,0,,1315,20,0,0,8,0,0,0,0,0,0,0,0
request,1135,0,730,0,decode,-1,0,0,0,0,0,0,0,0,0,0,0,0,0,0,0,0,0,0,0,0,,9904,8,0,0,7,0,0,0,0,0,0,0,0
layer,1136,0,730,1829,decode,40,16,16,0,0,0,157,0,0,0,0,27,11,2,0,0,0,0,0,0,45,lru,0,0,0,0,0,0,16,16,16,0,0,0,1
request,1136,0,730,0,decode,-1,0,0,0,0,0,0,0,0,0,0,0,0,0,0,0,0,0,0,0,0,,621,18,0,0,6,0,0,0,0,0,0,0,0
layer,1137,0,732,1829,decode,40,8,8,0,0,0,890,0,0,0,0,22,10,2,0,0,0,0,0,0,45,lru,0,0,0,0,0,0,8,8,8,0,0,0,1
request,1137,0,732,0,decode,-1,0,0,0,0,0,0,0,0,0,0,0,0,0,0,0,0,0,0,0,0,,1316,20,0,0,8,0,0,0,0,0,0,0,0
request,1138,0,732,0,decode,-1,0,0,0,0,0,0,0,0,0,0,0,0,0,0,0,0,0,0,0,0,,9920,16,0,0,15,0,0,0,0,0,0,0,0
layer,1139,0,732,1829,decode,40,15,15,0,0,0,151,0,0,0,0,27,12,2,0,0,0,0,0,0,45,lru,0,0,0,0,0,0,16,16,16,0,0,0,1
request,1139,0,732,0,decode,-1,0,0,0,0,0,0,0,0,0,0,0,0,0,0,0,0,0,0,0,0,,618,18,0,0,6,0,0,0,0,0,0,0,0
layer,1140,0,734,1829,decode,40,8,8,0,0,0,894,0,0,0,0,23,11,2,0,0,0,0,0,0,45,lru,0,0,0,0,0,0,8,8,8,0,0,0,1
request,1140,0,734,0,decode,-1,0,0,0,0,0,0,0,0,0,0,0,0,0,0,0,0,0,0,0,0,,1329,20,0,0,7,0,0,0,0,0,0,0,0
request,1141,0,734,0,decode,-1,0,0,0,0,0,0,0,0,0,0,0,0,0,0,0,0,0,0,0,0,,9908,6,0,0,6,0,0,0,0,0,0,0,0
layer,1142,0,734,1829,decode,40,15,15,0,0,0,151,0,0,0,0,26,11,2,0,0,0,0,0,0,45,lru,0,0,0,0,0,0,16,16,16,0,0,0,1
request,1142,0,734,0,decode,-1,0,0,0,0,0,0,0,0,0,0,0,0,0,0,0,0,0,0,0,0,,610,18,0,0,6,0,0,0,0,0,0,0,0
layer,1143,0,736,1829,decode,40,8,8,0,0,0,892,0,0,0,0,22,10,2,0,0,0,0,0,0,45,lru,0,0,0,0,0,0,8,8,8,0,0,0,1
request,1143,0,736,0,decode,-1,0,0,0,0,0,0,0,0,0,0,0,0,0,0,0,0,0,0,0,0,,1315,20,0,0,8,0,0,0,0,0,0,0,0
request,1144,0,736,0,decode,-1,0,0,0,0,0,0,0,0,0,0,0,0,0,0,0,0,0,0,0,0,,9909,7,0,0,6,0,0,0,0,0,0,0,0
layer,1145,0,736,1829,decode,40,15,15,0,0,0,151,0,0,0,0,25,11,2,0,0,0,0,0,0,45,lru,0,0,0,0,0,0,16,16,16,0,0,0,1
request,1145,0,736,0,decode,-1,0,0,0,0,0,0,0,0,0,0,0,0,0,0,0,0,0,0,0,0,,611,18,0,0,6,0,0,0,0,0,0,0,0
layer,1146,0,738,1829,decode,40,8,8,0,0,0,894,0,0,0,0,22,10,2,0,0,0,0,0,0,45,lru,0,0,0,0,0,0,8,8,8,0,0,0,1
request,1146,0,738,0,decode,-1,0,0,0,0,0,0,0,0,0,0,0,0,0,0,0,0,0,0,0,0,,1319,20,0,0,7,0,0,0,0,0,0,0,0
request,1147,0,738,0,decode,-1,0,0,0,0,0,0,0,0,0,0,0,0,0,0,0,0,0,0,0,0,,9905,7,0,0,6,0,0,0,0,0,0,0,0
layer,1148,0,738,1829,decode,40,13,13,0,0,0,141,0,0,0,0,25,11,2,0,0,0,0,0,0,45,lru,0,0,0,0,0,0,16,16,16,0,0,0,1
request,1148,0,738,0,decode,-1,0,0,0,0,0,0,0,0,0,0,0,0,0,0,0,0,0,0,0,0,,602,18,0,0,6,0,0,0,0,0,0,0,0
layer,1149,0,740,1829,decode,40,8,8,0,0,0,891,0,0,0,0,21,10,2,0,0,0,0,0,0,45,lru,0,0,0,0,0,0,8,8,8,0,0,0,1
request,1149,0,740,0,decode,-1,0,0,0,0,0,0,0,0,0,0,0,0,0,0,0,0,0,0,0,0,,1312,19,0,0,7,0,0,0,0,0,0,0,0
request,1150,0,740,0,decode,-1,0,0,0,0,0,0,0,0,0,0,0,0,0,0,0,0,0,0,0,0,,9919,7,0,0,6,0,0,0,0,0,0,0,0
layer,1151,0,740,1829,decode,40,15,15,0,0,0,151,0,0,0,0,28,12,2,0,0,0,0,0,0,45,lru,0,0,0,0,0,0,16,16,16,0,0,0,1
request,1151,0,740,0,decode,-1,0,0,0,0,0,0,0,0,0,0,0,0,0,0,0,0,0,0,0,0,,619,18,0,0,6,0,0,0,0,0,0,0,0
layer,1152,0,742,1829,decode,40,8,8,0,0,0,888,0,0,0,0,22,10,2,0,0,0,0,0,0,45,lru,0,0,0,0,0,0,8,8,8,0,0,0,1
request,1152,0,742,0,decode,-1,0,0,0,0,0,0,0,0,0,0,0,0,0,0,0,0,0,0,0,0,,1317,21,0,0,8,0,0,0,0,0,0,0,0
request,1153,0,742,0,decode,-1,0,0,0,0,0,0,0,0,0,0,0,0,0,0,0,0,0,0,0,0,,9914,8,0,0,7,0,0,0,0,0,0,0,0
layer,1154,0,742,1829,decode,40,15,15,0,0,0,150,0,0,0,0,27,12,2,0,0,0,0,0,0,45,lru,0,0,0,0,0,0,16,16,16,0,0,0,1
request,1154,0,742,0,decode,-1,0,0,0,0,0,0,0,0,0,0,0,0,0,0,0,0,0,0,0,0,,607,17,0,0,5,0,0,0,0,0,0,0,0
layer,1155,0,744,1829,decode,40,8,8,0,0,0,890,0,0,0,0,25,13,2,0,0,0,0,0,0,45,lru,0,0,0,0,0,0,8,8,8,0,0,0,1
request,1155,0,744,0,decode,-1,0,0,0,0,0,0,0,0,0,0,0,0,0,0,0,0,0,0,0,0,,1321,20,0,0,7,0,0,0,0,0,0,0,0
request,1156,0,744,0,decode,-1,0,0,0,0,0,0,0,0,0,0,0,0,0,0,0,0,0,0,0,0,,9915,8,0,0,7,0,0,0,0,0,0,0,0
layer,1157,0,744,1829,decode,40,15,15,0,0,0,150,0,0,0,0,30,15,2,0,0,0,0,0,0,45,lru,0,0,0,0,0,0,16,16,16,0,0,0,1
request,1157,0,744,0,decode,-1,0,0,0,0,0,0,0,0,0,0,0,0,0,0,0,0,0,0,0,0,,611,17,0,0,5,0,0,0,0,0,0,0,0
layer,1158,0,746,1829,decode,40,8,8,0,0,0,892,0,0,0,0,22,10,2,0,0,0,0,0,0,45,lru,0,0,0,0,0,0,8,8,8,0,0,0,1
request,1158,0,746,0,decode,-1,0,0,0,0,0,0,0,0,0,0,0,0,0,0,0,0,0,0,0,0,,1315,20,0,0,7,0,0,0,0,0,0,0,0
request,1159,0,746,0,decode,-1,0,0,0,0,0,0,0,0,0,0,0,0,0,0,0,0,0,0,0,0,,9914,8,0,0,7,0,0,0,0,0,0,0,0
layer,1160,0,746,1829,decode,40,16,16,0,0,0,154,0,0,0,0,27,12,2,0,0,0,0,0,0,45,lru,0,0,0,0,0,0,16,16,16,0,0,0,1
request,1160,0,746,0,decode,-1,0,0,0,0,0,0,0,0,0,0,0,0,0,0,0,0,0,0,0,0,,614,18,0,0,6,0,0,0,0,0,0,0,0
layer,1161,0,748,1829,decode,40,8,8,0,0,0,889,0,0,0,0,21,10,2,0,0,0,0,0,0,45,lru,0,0,0,0,0,0,8,8,8,0,0,0,1
request,1161,0,748,0,decode,-1,0,0,0,0,0,0,0,0,0,0,0,0,0,0,0,0,0,0,0,0,,1320,30,0,0,17,0,0,0,0,0,0,0,0
request,1162,0,748,0,decode,-1,0,0,0,0,0,0,0,0,0,0,0,0,0,0,0,0,0,0,0,0,,9919,8,0,0,7,0,0,0,0,0,0,0,0
layer,1163,0,748,1829,decode,40,15,15,0,0,0,153,0,0,0,0,27,12,2,0,0,0,0,0,0,45,lru,0,0,0,0,0,0,16,16,16,0,0,0,1
request,1163,0,748,0,decode,-1,0,0,0,0,0,0,0,0,0,0,0,0,0,0,0,0,0,0,0,0,,622,17,0,0,5,0,0,0,0,0,0,0,0
layer,1164,0,750,1829,decode,40,8,8,0,0,0,893,0,0,0,0,22,10,2,0,0,0,0,0,0,45,lru,0,0,0,0,0,0,8,8,8,0,0,0,2
request,1164,0,750,0,decode,-1,0,0,0,0,0,0,0,0,0,0,0,0,0,0,0,0,0,0,0,0,,1321,20,0,0,8,0,0,0,0,0,0,0,0
request,1165,0,750,0,decode,-1,0,0,0,0,0,0,0,0,0,0,0,0,0,0,0,0,0,0,0,0,,9911,7,0,0,6,0,0,0,0,0,0,0,0
layer,1166,0,750,1829,decode,40,16,16,0,0,0,156,0,0,0,0,26,11,2,0,0,0,0,0,0,45,lru,0,0,0,0,0,0,16,16,16,0,0,0,1
request,1166,0,750,0,decode,-1,0,0,0,0,0,0,0,0,0,0,0,0,0,0,0,0,0,0,0,0,,617,18,0,0,6,0,0,0,0,0,0,0,0
layer,1167,0,752,1829,decode,40,8,8,0,0,0,890,0,0,0,0,21,10,2,0,0,0,0,0,0,45,lru,0,0,0,0,0,0,8,8,8,0,0,0,2
request,1167,0,752,0,decode,-1,0,0,0,0,0,0,0,0,0,0,0,0,0,0,0,0,0,0,0,0,,1318,20,0,0,8,0,0,0,0,0,0,0,0
request,1168,0,752,0,decode,-1,0,0,0,0,0,0,0,0,0,0,0,0,0,0,0,0,0,0,0,0,,9917,7,0,0,6,0,0,0,0,0,0,0,0
layer,1169,0,752,1829,decode,40,15,15,0,0,0,151,0,0,0,0,26,11,2,0,0,0,0,0,0,45,lru,0,0,0,0,0,0,16,16,16,0,0,0,1
request,1169,0,752,0,decode,-1,0,0,0,0,0,0,0,0,0,0,0,0,0,0,0,0,0,0,0,0,,608,18,0,0,5,0,0,0,0,0,0,0,0
layer,1170,0,754,1829,decode,40,8,8,0,0,0,893,0,0,0,0,21,11,2,0,0,0,0,0,0,45,lru,0,0,0,0,0,0,8,8,8,0,0,0,1
request,1170,0,754,0,decode,-1,0,0,0,0,0,0,0,0,0,0,0,0,0,0,0,0,0,0,0,0,,1316,20,0,0,7,0,0,0,0,0,0,0,0
request,1171,0,754,0,decode,-1,0,0,0,0,0,0,0,0,0,0,0,0,0,0,0,0,0,0,0,0,,9908,7,0,0,6,0,0,0,0,0,0,0,0
layer,1172,0,754,1829,decode,40,16,16,0,0,0,156,0,0,0,0,25,11,2,0,0,0,0,0,0,45,lru,0,0,0,0,0,0,16,16,16,0,0,0,1
request,1172,0,754,0,decode,-1,0,0,0,0,0,0,0,0,0,0,0,0,0,0,0,0,0,0,0,0,,625,18,0,0,6,0,0,0,0,0,0,0,0
layer,1173,0,756,1829,decode,40,8,8,0,0,0,890,0,0,0,0,21,10,2,0,0,0,0,0,0,45,lru,0,0,0,0,0,0,8,8,8,0,0,0,1
request,1173,0,756,0,decode,-1,0,0,0,0,0,0,0,0,0,0,0,0,0,0,0,0,0,0,0,0,,1316,20,0,0,7,0,0,0,0,0,0,0,0
request,1174,0,756,0,decode,-1,0,0,0,0,0,0,0,0,0,0,0,0,0,0,0,0,0,0,0,0,,9913,7,0,0,6,0,0,0,0,0,0,0,0
layer,1175,0,756,1829,decode,40,15,15,0,0,0,150,0,0,0,0,26,11,2,0,0,0,0,0,0,45,lru,0,0,0,0,0,0,16,16,16,0,0,0,1
request,1175,0,756,0,decode,-1,0,0,0,0,0,0,0,0,0,0,0,0,0,0,0,0,0,0,0,0,,611,18,0,0,6,0,0,0,0,0,0,0,0
layer,1176,0,758,1829,decode,40,8,8,0,0,0,897,0,0,0,0,22,11,2,0,0,0,0,0,0,45,lru,0,0,0,0,0,0,8,8,8,0,0,0,1
request,1176,0,758,0,decode,-1,0,0,0,0,0,0,0,0,0,0,0,0,0,0,0,0,0,0,0,0,,1320,20,0,0,7,0,0,0,0,0,0,0,0
request,1177,0,758,0,decode,-1,0,0,0,0,0,0,0,0,0,0,0,0,0,0,0,0,0,0,0,0,,9911,9,0,0,8,0,0,0,0,0,0,0,0
layer,1178,0,758,1829,decode,40,16,16,0,0,0,156,0,0,0,0,26,11,2,0,0,0,0,0,0,45,lru,0,0,0,0,0,0,16,16,16,0,0,0,1
request,1178,0,758,0,decode,-1,0,0,0,0,0,0,0,0,0,0,0,0,0,0,0,0,0,0,0,0,,616,18,0,0,6,0,0,0,0,0,0,0,0
layer,1179,0,760,1829,decode,40,8,8,0,0,0,903,0,0,0,0,20,10,2,0,0,0,0,0,0,45,lru,0,0,0,0,0,0,8,8,8,0,0,0,1
request,1179,0,760,0,decode,-1,0,0,0,0,0,0,0,0,0,0,0,0,0,0,0,0,0,0,0,0,,1323,20,0,0,8,0,0,0,0,0,0,0,0
request,1180,0,760,0,decode,-1,0,0,0,0,0,0,0,0,0,0,0,0,0,0,0,0,0,0,0,0,,9907,7,0,0,6,0,0,0,0,0,0,0,0
layer,1181,0,760,1829,decode,40,15,15,0,0,0,150,0,0,0,0,26,11,2,0,0,0,0,0,0,45,lru,0,0,0,0,0,0,16,16,16,0,0,0,1
request,1181,0,760,0,decode,-1,0,0,0,0,0,0,0,0,0,0,0,0,0,0,0,0,0,0,0,0,,607,18,0,0,6,0,0,0,0,0,0,0,0
layer,1182,0,762,1829,decode,40,8,8,0,0,0,902,0,0,0,0,22,11,2,0,0,0,0,0,0,45,lru,0,0,0,0,0,0,8,8,8,0,0,0,1
request,1182,0,762,0,decode,-1,0,0,0,0,0,0,0,0,0,0,0,0,0,0,0,0,0,0,0,0,,1325,19,0,0,7,0,0,0,0,0,0,0,0
request,1183,0,762,0,decode,-1,0,0,0,0,0,0,0,0,0,0,0,0,0,0,0,0,0,0,0,0,,9912,7,0,0,6,0,0,0,0,0,0,0,0
layer,1184,0,762,1829,decode,40,15,15,0,0,0,150,0,0,0,0,27,12,2,0,0,0,0,0,0,45,lru,0,0,0,0,0,0,16,16,16,0,0,0,1
request,1184,0,762,0,decode,-1,0,0,0,0,0,0,0,0,0,0,0,0,0,0,0,0,0,0,0,0,,610,18,0,0,6,0,0,0,0,0,0,0,0
layer,1185,0,764,1829,decode,40,8,8,0,0,0,892,0,0,0,0,21,10,2,0,0,0,0,0,0,45,lru,0,0,0,0,0,0,8,8,8,0,0,0,1
request,1185,0,764,0,decode,-1,0,0,0,0,0,0,0,0,0,0,0,0,0,0,0,0,0,0,0,0,,1323,30,0,0,18,0,0,0,0,0,0,0,0
request,1186,0,764,0,decode,-1,0,0,0,0,0,0,0,0,0,0,0,0,0,0,0,0,0,0,0,0,,9907,7,0,0,6,0,0,0,0,0,0,0,0
layer,1187,0,764,1829,decode,40,15,15,0,0,0,151,0,0,0,0,26,12,2,0,0,0,0,0,0,45,lru,0,0,0,0,0,0,16,16,16,0,0,0,1
request,1187,0,764,0,decode,-1,0,0,0,0,0,0,0,0,0,0,0,0,0,0,0,0,0,0,0,0,,607,17,0,0,5,0,0,0,0,0,0,0,0
layer,1188,0,766,1829,decode,40,8,8,0,0,0,900,0,0,0,0,21,10,2,0,0,0,0,0,0,45,lru,0,0,0,0,0,0,8,8,8,0,0,0,0
request,1188,0,766,0,decode,-1,0,0,0,0,0,0,0,0,0,0,0,0,0,0,0,0,0,0,0,0,,1329,20,0,0,8,0,0,0,0,0,0,0,0
request,1189,0,766,0,decode,-1,0,0,0,0,0,0,0,0,0,0,0,0,0,0,0,0,0,0,0,0,,9904,7,0,0,6,0,0,0,0,0,0,0,0
layer,1190,0,766,1829,decode,40,15,15,0,0,0,150,0,0,0,0,25,11,2,0,0,0,0,0,0,45,lru,0,0,0,0,0,0,16,16,16,0,0,0,1
request,1190,0,766,0,decode,-1,0,0,0,0,0,0,0,0,0,0,0,0,0,0,0,0,0,0,0,0,,606,18,0,0,5,0,0,0,0,0,0,0,0
layer,1191,0,768,1829,decode,40,8,8,0,0,0,901,0,0,0,0,24,11,2,0,0,0,0,0,0,45,lru,0,0,0,0,0,0,8,8,8,0,0,0,1
request,1191,0,768,0,decode,-1,0,0,0,0,0,0,0,0,0,0,0,0,0,0,0,0,0,0,0,0,,1344,23,0,0,9,0,0,0,0,0,0,0,0
layer,1192,0,768,2213,decode,0,16,16,0,0,0,281,0,0,0,0,33,13,3,0,0,0,0,0,0,45,lru,0,0,0,0,0,0,16,16,16,0,0,0,2
layer,1192,0,768,2213,decode,1,16,16,0,0,0,265,0,0,0,0,27,9,2,0,0,0,0,0,0,45,lru,0,0,0,0,0,0,16,16,16,0,0,0,1
layer,1192,0,768,2213,decode,2,15,15,0,0,0,282,0,0,0,0,25,8,2,0,0,0,0,0,0,45,lru,0,0,0,0,0,0,16,16,16,0,0,0,1
layer,1192,0,768,2213,decode,3,14,13,1,1092,559,223,108,5,0,5,1263,8,14,0,0,0,0,0,0,45,lru,0,0,0,0,0,0,16,15,16,0,1,0,1
layer,1192,0,768,2213,decode,4,12,11,1,923,601,216,47,5,0,5,1063,9,15,0,0,0,0,0,0,45,lru,0,0,0,0,0,0,16,15,16,0,1,0,1
layer,1192,0,768,2213,decode,5,12,11,1,886,620,222,122,5,0,5,1072,9,20,0,0,0,0,0,0,45,lru,0,0,0,0,0,0,16,15,16,0,1,0,1
layer,1192,0,768,2213,decode,6,15,12,3,9339,957,252,75,5,0,5,9494,8,2,0,0,0,0,0,0,45,lru,0,0,0,0,0,0,16,13,16,0,3,0,1
layer,1192,0,768,2213,decode,7,15,14,1,528,309,228,13,5,0,5,601,8,2,0,0,0,0,0,0,45,lru,0,0,0,0,0,0,16,15,16,0,1,0,1
layer,1192,0,768,2213,decode,8,15,11,4,3691,958,233,58,5,0,5,3851,8,2,0,0,0,0,0,0,45,lru,0,0,0,0,0,0,16,12,16,0,4,0,1
layer,1192,0,768,2213,decode,9,16,12,4,20307,999,236,54,5,0,5,20468,9,2,0,0,0,0,0,0,45,lru,0,0,0,0,0,0,16,12,16,0,4,0,1
layer,1192,0,768,2213,decode,10,16,12,4,5394,929,256,46,4,0,4,5557,9,2,0,0,0,0,0,0,45,lru,0,0,0,0,0,0,16,12,16,0,4,0,1
layer,1192,0,768,2213,decode,11,16,10,6,8294,1337,233,82,5,0,5,8514,9,2,0,0,0,0,0,0,45,lru,0,0,0,0,0,0,16,10,16,0,6,0,1
layer,1192,0,768,2213,decode,12,16,9,7,17785,1990,239,124,5,0,5,18057,8,2,0,0,0,0,0,0,45,lru,0,0,0,0,0,0,16,9,16,0,7,0,1
layer,1192,0,768,2213,decode,13,14,6,8,26917,2047,229,122,5,0,5,27209,9,2,0,0,0,0,0,0,45,lru,0,0,0,0,0,0,16,8,16,0,8,0,3
layer,1192,0,768,2213,decode,14,16,12,4,8987,885,254,42,4,0,4,9151,8,3,0,0,0,0,0,0,45,lru,0,0,0,0,0,0,16,12,16,0,4,0,2
layer,1192,0,768,2213,decode,15,16,14,2,6760,484,232,43,5,0,5,6867,9,2,0,0,0,0,0,0,45,lru,0,0,0,0,0,0,16,14,16,0,2,0,1
layer,1192,0,768,2213,decode,16,16,15,1,5553,320,238,15,5,0,5,5628,8,2,0,0,0,0,0,0,45,lru,0,0,0,0,0,0,16,15,16,0,1,0,1
layer,1192,0,768,2213,decode,17,16,13,3,2301,718,236,31,2,0,2,2432,8,3,0,0,0,0,0,0,45,lru,0,0,0,0,0,0,16,13,16,0,3,0,1
layer,1192,0,768,2213,decode,18,16,9,7,3728,1550,256,98,3,0,3,3983,9,2,0,0,0,0,0,0,45,lru,0,0,0,0,0,0,16,9,16,0,7,0,1
layer,1192,0,768,2213,decode,19,16,11,5,16729,1504,231,87,3,0,3,16931,9,2,0,0,0,0,0,0,45,lru,0,0,0,0,0,0,16,11,16,0,5,0,1
layer,1192,0,768,2213,decode,20,16,12,4,1819,952,239,59,2,0,2,1981,8,3,0,0,0,0,0,0,45,lru,0,0,0,0,0,0,16,12,16,0,4,0,1
layer,1192,0,768,2213,decode,21,16,12,4,2109,885,239,66,3,0,3,2269,9,2,0,0,0,0,0,0,45,lru,0,0,0,0,0,0,16,12,16,0,4,0,1
layer,1192,0,768,2213,decode,22,16,13,3,1597,650,254,41,3,0,3,1747,9,11,0,0,0,0,0,0,45,lru,0,0,0,0,0,0,16,13,16,0,3,0,1
layer,1192,0,768,2213,decode,23,16,11,5,16628,1579,232,97,2,0,2,16819,10,2,0,0,0,0,0,0,45,lru,0,0,0,0,0,0,16,11,16,0,5,0,1
layer,1192,0,768,2213,decode,24,16,9,7,12040,1593,237,131,3,0,3,12397,8,36,0,0,0,0,0,0,45,lru,0,0,0,0,0,0,16,9,16,0,7,0,1
layer,1192,0,768,2213,decode,25,16,10,6,18223,1443,238,93,2,0,2,18446,8,2,0,0,0,0,0,0,45,lru,0,0,0,0,0,0,16,10,16,0,6,0,1
layer,1192,0,768,2213,decode,26,16,8,8,19700,1817,255,133,2,0,2,19982,8,2,0,0,0,0,0,0,45,lru,0,0,0,0,0,0,16,8,16,0,8,0,1
layer,1192,0,768,2213,decode,27,16,7,9,16116,1870,229,145,2,0,2,16441,9,2,0,0,0,0,0,0,45,lru,0,0,0,0,0,0,16,7,16,0,9,0,1
layer,1192,0,768,2213,decode,28,16,11,5,27374,1294,239,88,2,0,2,27564,8,2,0,0,0,0,0,0,45,lru,0,0,0,0,0,0,16,11,16,0,5,0,2
layer,1192,0,768,2213,decode,29,16,11,5,9408,1226,238,63,3,0,3,9605,8,2,0,0,0,0,0,0,45,lru,0,0,0,0,0,0,16,11,16,0,5,0,1
layer,1192,0,768,2213,decode,30,16,10,6,3324,1315,254,77,2,0,2,3543,9,3,0,0,0,0,0,0,45,lru,0,0,0,0,0,0,16,10,16,0,6,0,1
layer,1192,0,768,2213,decode,31,16,10,6,13798,1509,232,101,2,0,2,14027,9,2,0,0,0,0,0,0,45,lru,0,0,0,0,0,0,16,10,16,0,6,0,1
layer,1192,0,768,2213,decode,32,16,13,3,4317,673,238,35,2,0,2,4443,8,2,0,0,0,0,0,0,45,lru,0,0,0,0,0,0,16,13,16,0,3,0,1
layer,1192,0,768,2213,decode,33,16,13,3,10532,816,238,84,1,0,1,10658,8,2,0,0,0,0,0,0,45,lru,0,0,0,0,0,0,16,13,16,0,3,0,1
layer,1192,0,768,2213,decode,34,16,11,5,10098,1009,253,81,3,0,3,10290,9,3,0,0,0,0,0,0,45,lru,0,0,0,0,0,0,16,11,16,0,5,0,1
layer,1192,0,768,2213,decode,35,16,13,3,15702,1027,231,115,2,0,2,15980,9,14,0,0,0,0,0,0,45,lru,0,0,0,0,0,0,16,13,16,0,3,0,1
layer,1192,0,768,2213,decode,36,16,11,5,6234,2737,238,352,2,0,2,6654,9,12,0,0,0,0,0,0,45,lru,0,0,0,0,0,0,16,11,16,0,5,0,1
layer,1192,0,768,2213,decode,37,16,12,4,14300,1138,238,66,1,0,1,14471,8,2,0,0,0,0,0,0,45,lru,0,0,0,0,0,0,16,12,16,0,4,0,1
layer,1192,0,768,2213,decode,38,13,7,6,24060,1721,237,100,3,0,3,24285,8,2,0,0,0,0,0,0,45,lru,0,0,0,0,0,0,16,10,16,0,6,0,1
layer,1192,0,768,2213,decode,39,13,10,3,4072,636,949,62,2,0,2,4204,9,2,0,0,0,0,0,0,45,lru,0,0,0,0,0,0,16,13,16,0,3,0,1
request,1192,0,768,0,decode,-1,0,0,0,0,0,0,0,0,0,0,0,0,0,0,0,0,0,0,0,0,,398202,957,0,0,25,0,0,0,0,0,0,0,0
layer,1193,0,768,2213,decode,40,15,15,0,0,0,155,0,0,0,0,29,12,3,0,0,0,0,0,0,45,lru,0,0,0,0,0,0,16,16,16,0,0,0,1
request,1193,0,768,0,decode,-1,0,0,0,0,0,0,0,0,0,0,0,0,0,0,0,0,0,0,0,0,,763,22,0,0,9,0,0,0,0,0,0,0,0
layer,1194,0,770,2213,decode,40,8,8,0,0,0,901,0,0,0,0,25,11,2,0,0,0,0,0,0,45,lru,0,0,0,0,0,0,8,8,8,0,0,0,1
request,1194,0,770,0,decode,-1,0,0,0,0,0,0,0,0,0,0,0,0,0,0,0,0,0,0,0,0,,1405,23,0,0,10,0,0,0,0,0,0,0,0
request,1195,0,770,0,decode,-1,0,0,0,0,0,0,0,0,0,0,0,0,0,0,0,0,0,0,0,0,,11959,9,0,0,8,0,0,0,0,0,0,0,0
layer,1196,0,770,2213,decode,40,15,15,0,0,0,151,0,0,0,0,30,12,2,0,0,0,0,0,0,45,lru,0,0,0,0,0,0,16,16,16,0,0,0,1
request,1196,0,770,0,decode,-1,0,0,0,0,0,0,0,0,0,0,0,0,0,0,0,0,0,0,0,0,,653,19,0,0,6,0,0,0,0,0,0,0,0
layer,1197,0,772,2213,decode,40,8,8,0,0,0,902,0,0,0,0,24,11,2,0,0,0,0,0,0,45,lru,0,0,0,0,0,0,8,8,8,0,0,0,1
request,1197,0,772,0,decode,-1,0,0,0,0,0,0,0,0,0,0,0,0,0,0,0,0,0,0,0,0,,1364,22,0,0,9,0,0,0,0,0,0,0,0
request,1198,0,772,0,decode,-1,0,0,0,0,0,0,0,0,0,0,0,0,0,0,0,0,0,0,0,0,,14090,9,0,0,8,0,0,0,0,0,0,0,0
layer,1199,0,772,2213,decode,40,14,14,0,0,0,148,0,0,0,0,31,13,2,0,0,0,0,0,0,45,lru,0,0,0,0,0,0,16,16,16,0,0,0,2
request,1199,0,772,0,decode,-1,0,0,0,0,0,0,0,0,0,0,0,0,0,0,0,0,0,0,0,0,,663,20,0,0,7,0,0,0,0,0,0,0,0
layer,1200,0,774,2213,decode,40,8,8,0,0,0,901,0,0,0,0,24,11,2,0,0,0,0,0,0,45,lru,0,0,0,0,0,0,8,8,8,0,0,0,1
request,1200,0,774,0,decode,-1,0,0,0,0,0,0,0,0,0,0,0,0,0,0,0,0,0,0,0,0,,1349,21,0,0,8,0,0,0,0,0,0,0,0
request,1201,0,774,0,decode,-1,0,0,0,0,0,0,0,0,0,0,0,0,0,0,0,0,0,0,0,0,,9959,7,0,0,6,0,0,0,0,0,0,0,0
layer,1202,0,774,2213,decode,40,12,12,0,0,0,138,0,0,0,0,26,12,2,0,0,0,0,0,0,45,lru,0,0,0,0,0,0,16,16,16,0,0,0,1
request,1202,0,774,0,decode,-1,0,0,0,0,0,0,0,0,0,0,0,0,0,0,0,0,0,0,0,0,,610,18,0,0,6,0,0,0,0,0,0,0,0
layer,1203,0,776,2213,decode,40,8,8,0,0,0,897,0,0,0,0,24,10,2,0,0,0,0,0,0,45,lru,0,0,0,0,0,0,8,8,8,0,0,0,1
request,1203,0,776,0,decode,-1,0,0,0,0,0,0,0,0,0,0,0,0,0,0,0,0,0,0,0,0,,1337,20,0,0,8,0,0,0,0,0,0,0,0
request,1204,0,776,0,decode,-1,0,0,0,0,0,0,0,0,0,0,0,0,0,0,0,0,0,0,0,0,,9955,7,0,0,6,0,0,0,0,0,0,0,0
layer,1205,0,776,2213,decode,40,15,15,0,0,0,151,0,0,0,0,27,11,2,0,0,0,0,0,0,45,lru,0,0,0,0,0,0,16,16,16,0,0,0,1
request,1205,0,776,0,decode,-1,0,0,0,0,0,0,0,0,0,0,0,0,0,0,0,0,0,0,0,0,,625,27,0,0,15,0,0,0,0,0,0,0,0
layer,1206,0,778,2213,decode,40,8,8,0,0,0,900,0,0,0,0,23,11,2,0,0,0,0,0,0,45,lru,0,0,0,0,0,0,8,8,8,0,0,0,1
request,1206,0,778,0,decode,-1,0,0,0,0,0,0,0,0,0,0,0,0,0,0,0,0,0,0,0,0,,1333,21,0,0,8,0,0,0,0,0,0,0,0
request,1207,0,778,0,decode,-1,0,0,0,0,0,0,0,0,0,0,0,0,0,0,0,0,0,0,0,0,,9958,7,0,0,6,0,0,0,0,0,0,0,0
layer,1208,0,778,2213,decode,40,16,16,0,0,0,155,0,0,0,0,26,11,2,0,0,0,0,0,0,45,lru,0,0,0,0,0,0,16,16,16,0,0,0,1
request,1208,0,778,0,decode,-1,0,0,0,0,0,0,0,0,0,0,0,0,0,0,0,0,0,0,0,0,,612,18,0,0,6,0,0,0,0,0,0,0,0
layer,1209,0,780,2213,decode,40,8,8,0,0,0,897,0,0,0,0,22,10,2,0,0,0,0,0,0,45,lru,0,0,0,0,0,0,8,8,8,0,0,0,1
request,1209,0,780,0,decode,-1,0,0,0,0,0,0,0,0,0,0,0,0,0,0,0,0,0,0,0,0,,1321,20,0,0,8,0,0,0,0,0,0,0,0
request,1210,0,780,0,decode,-1,0,0,0,0,0,0,0,0,0,0,0,0,0,0,0,0,0,0,0,0,,9951,6,0,0,6,0,0,0,0,0,0,0,0
layer,1211,0,780,2213,decode,40,15,15,0,0,0,151,0,0,0,0,26,11,2,0,0,0,0,0,0,45,lru,0,0,0,0,0,0,16,16,16,0,0,0,1
request,1211,0,780,0,decode,-1,0,0,0,0,0,0,0,0,0,0,0,0,0,0,0,0,0,0,0,0,,624,19,0,0,7,0,0,0,0,0,0,0,0
layer,1212,0,782,2213,decode,40,8,8,0,0,0,896,0,0,0,0,22,10,2,0,0,0,0,0,0,45,lru,0,0,0,0,0,0,8,8,8,0,0,0,1
request,1212,0,782,0,decode,-1,0,0,0,0,0,0,0,0,0,0,0,0,0,0,0,0,0,0,0,0,,1330,20,0,0,8,0,0,0,0,0,0,0,0
request,1213,0,782,0,decode,-1,0,0,0,0,0,0,0,0,0,0,0,0,0,0,0,0,0,0,0,0,,9951,7,0,0,6,0,0,0,0,0,0,0,0
layer,1214,0,782,2213,decode,40,14,14,0,0,0,146,0,0,0,0,26,12,2,0,0,0,0,0,0,45,lru,0,0,0,0,0,0,16,16,16,0,0,0,1
request,1214,0,782,0,decode,-1,0,0,0,0,0,0,0,0,0,0,0,0,0,0,0,0,0,0,0,0,,606,18,0,0,5,0,0,0,0,0,0,0,0
layer,1215,0,784,2213,decode,40,8,8,0,0,0,891,0,0,0,0,21,10,2,0,0,0,0,0,0,45,lru,0,0,0,0,0,0,8,8,8,0,0,0,1
request,1215,0,784,0,decode,-1,0,0,0,0,0,0,0,0,0,0,0,0,0,0,0,0,0,0,0,0,,1317,21,0,0,8,0,0,0,0,0,0,0,0
request,1216,0,784,0,decode,-1,0,0,0,0,0,0,0,0,0,0,0,0,0,0,0,0,0,0,0,0,,9959,7,0,0,6,0,0,0,0,0,0,0,0
layer,1217,0,784,2213,decode,40,15,15,0,0,0,150,0,0,0,0,26,11,2,0,0,0,0,0,0,45,lru,0,0,0,0,0,0,16,16,16,0,0,0,1
request,1217,0,784,0,decode,-1,0,0,0,0,0,0,0,0,0,0,0,0,0,0,0,0,0,0,0,0,,609,18,0,0,6,0,0,0,0,0,0,0,0
layer,1218,0,786,2213,decode,40,8,8,0,0,0,896,0,0,0,0,22,11,2,0,0,0,0,0,0,45,lru,0,0,0,0,0,0,8,8,8,0,0,0,1
request,1218,0,786,0,decode,-1,0,0,0,0,0,0,0,0,0,0,0,0,0,0,0,0,0,0,0,0,,1320,20,0,0,7,0,0,0,0,0,0,0,0
request,1219,0,786,0,decode,-1,0,0,0,0,0,0,0,0,0,0,0,0,0,0,0,0,0,0,0,0,,9948,7,0,0,6,0,0,0,0,0,0,0,0
layer,1220,0,786,2213,decode,40,16,16,0,0,0,154,0,0,0,0,25,11,2,0,0,0,0,0,0,45,lru,0,0,0,0,0,0,16,16,16,0,0,0,1
request,1220,0,786,0,decode,-1,0,0,0,0,0,0,0,0,0,0,0,0,0,0,0,0,0,0,0,0,,612,18,0,0,6,0,0,0,0,0,0,0,0
layer,1221,0,788,2213,decode,40,8,8,0,0,0,891,0,0,0,0,21,10,2,0,0,0,0,0,0,45,lru,0,0,0,0,0,0,8,8,8,0,0,0,1
request,1221,0,788,0,decode,-1,0,0,0,0,0,0,0,0,0,0,0,0,0,0,0,0,0,0,0,0,,1316,20,0,0,8,0,0,0,0,0,0,0,0
request,1222,0,788,0,decode,-1,0,0,0,0,0,0,0,0,0,0,0,0,0,0,0,0,0,0,0,0,,9958,6,0,0,6,0,0,0,0,0,0,0,0
layer,1223,0,788,2213,decode,40,15,15,0,0,0,151,0,0,0,0,26,11,2,0,0,0,0,0,0,45,lru,0,0,0,0,0,0,16,16,16,0,0,0,1
request,1223,0,788,0,decode,-1,0,0,0,0,0,0,0,0,0,0,0,0,0,0,0,0,0,0,0,0,,611,18,0,0,6,0,0,0,0,0,0,0,0
layer,1224,0,790,2213,decode,40,8,8,0,0,0,892,0,0,0,0,22,11,2,0,0,0,0,0,0,45,lru,0,0,0,0,0,0,8,8,8,0,0,0,1
request,1224,0,790,0,decode,-1,0,0,0,0,0,0,0,0,0,0,0,0,0,0,0,0,0,0,0,0,,1318,20,0,0,7,0,0,0,0,0,0,0,0
request,1225,0,790,0,decode,-1,0,0,0,0,0,0,0,0,0,0,0,0,0,0,0,0,0,0,0,0,,9958,7,0,0,6,0,0,0,0,0,0,0,0
layer,1226,0,790,2213,decode,40,16,16,0,0,0,157,0,0,0,0,26,12,2,0,0,0,0,0,0,45,lru,0,0,0,0,0,0,16,16,16,0,0,0,1
request,1226,0,790,0,decode,-1,0,0,0,0,0,0,0,0,0,0,0,0,0,0,0,0,0,0,0,0,,614,18,0,0,5,0,0,0,0,0,0,0,0
layer,1227,0,792,2213,decode,40,8,8,0,0,0,888,0,0,0,0,21,10,2,0,0,0,0,0,0,45,lru,0,0,0,0,0,0,8,8,8,0,0,0,1
request,1227,0,792,0,decode,-1,0,0,0,0,0,0,0,0,0,0,0,0,0,0,0,0,0,0,0,0,,1309,20,0,0,7,0,0,0,0,0,0,0,0
request,1228,0,792,0,decode,-1,0,0,0,0,0,0,0,0,0,0,0,0,0,0,0,0,0,0,0,0,,9962,16,0,0,15,0,0,0,0,0,0,0,0
layer,1229,0,792,2213,decode,40,15,15,0,0,0,150,0,0,0,0,25,11,2,0,0,0,0,0,0,45,lru,0,0,0,0,0,0,16,16,16,0,0,0,1
request,1229,0,792,0,decode,-1,0,0,0,0,0,0,0,0,0,0,0,0,0,0,0,0,0,0,0,0,,604,17,0,0,6,0,0,0,0,0,0,0,0
layer,1230,0,794,2213,decode,40,8,7,1,468,267,841,31,2,0,2,533,10,3,0,0,0,0,0,0,45,lru,0,0,0,0,0,0,8,7,8,0,1,0,1
request,1230,0,794,0,decode,-1,0,0,0,0,0,0,0,0,0,0,0,0,0,0,0,0,0,0,0,0,,1920,26,0,0,7,0,0,0,0,0,0,0,0
request,1231,0,794,0,decode,-1,0,0,0,0,0,0,0,0,0,0,0,0,0,0,0,0,0,0,0,0,,9957,7,0,0,6,0,0,0,0,0,0,0,0
layer,1232,0,794,2213,decode,40,16,14,2,8235,761,103,35,2,0,2,8344,22,3,0,0,0,0,0,0,45,lru,0,0,0,0,0,0,16,14,16,0,2,0,2
request,1232,0,794,0,decode,-1,0,0,0,0,0,0,0,0,0,0,0,0,0,0,0,0,0,0,0,0,,9117,27,0,0,6,0,0,0,0,0,0,0,0
layer,1233,0,795,2213,decode,40,8,8,0,0,0,903,0,0,0,0,22,11,2,0,0,0,0,0,0,45,lru,0,0,0,0,0,0,8,8,8,0,0,0,1
request,1233,0,795,0,decode,-1,0,0,0,0,0,0,0,0,0,0,0,0,0,0,0,0,0,0,0,0,,1339,20,0,0,7,0,0,0,0,0,0,0,0
request,1234,0,795,0,decode,-1,0,0,0,0,0,0,0,0,0,0,0,0,0,0,0,0,0,0,0,0,,9958,7,0,0,6,0,0,0,0,0,0,0,0
layer,1235,0,795,2213,decode,40,15,15,0,0,0,153,0,0,0,0,27,11,2,0,0,0,0,0,0,45,lru,0,0,0,0,0,0,16,16,16,0,0,0,1
request,1235,0,795,0,decode,-1,0,0,0,0,0,0,0,0,0,0,0,0,0,0,0,0,0,0,0,0,,619,18,0,0,5,0,0,0,0,0,0,0,0
layer,1236,0,797,2213,decode,40,8,7,1,434,332,839,13,2,0,2,498,10,3,0,0,0,0,0,0,45,lru,0,0,0,0,0,0,8,7,8,0,1,0,1
request,1236,0,797,0,decode,-1,0,0,0,0,0,0,0,0,0,0,0,0,0,0,0,0,0,0,0,0,,1942,25,0,0,7,0,0,0,0,0,0,0,0
request,1237,0,797,0,decode,-1,0,0,0,0,0,0,0,0,0,0,0,0,0,0,0,0,0,0,0,0,,9957,7,0,0,6,0,0,0,0,0,0,0,0
layer,1238,0,797,2213,decode,40,16,15,1,439,356,92,8,1,0,1,511,12,3,0,0,0,0,0,0,45,lru,0,0,0,0,0,0,16,15,16,0,1,0,1
request,1238,0,797,0,decode,-1,0,0,0,0,0,0,0,0,0,0,0,0,0,0,0,0,0,0,0,0,,1241,23,0,0,5,0,0,0,0,0,0,0,0
layer,1239,0,798,2213,decode,40,8,7,1,439,349,839,14,2,0,2,504,11,4,0,0,0,0,0,0,45,lru,0,0,0,0,0,0,8,7,8,0,1,0,1
request,1239,0,798,0,decode,-1,0,0,0,0,0,0,0,0,0,0,0,0,0,0,0,0,0,0,0,0,,1947,25,0,0,8,0,0,0,0,0,0,0,0
request,1240,0,798,0,decode,-1,0,0,0,0,0,0,0,0,0,0,0,0,0,0,0,0,0,0,0,0,,9952,7,0,0,6,0,0,0,0,0,0,0,0
layer,1241,0,798,2213,decode,40,14,11,3,2060,1138,97,115,2,0,2,2240,11,5,0,0,0,0,0,0,45,lru,0,0,0,0,0,0,16,13,16,0,3,0,1
request,1241,0,798,0,decode,-1,0,0,0,0,0,0,0,0,0,0,0,0,0,0,0,0,0,0,0,0,,2990,38,0,0,6,0,0,0,0,0,0,0,0
layer,1242,0,800,2213,decode,40,8,8,0,0,0,892,0,0,0,0,22,10,2,0,0,0,0,0,0,45,lru,0,0,0,0,0,0,8,8,8,0,0,0,1
request,1242,0,800,0,decode,-1,0,0,0,0,0,0,0,0,0,0,0,0,0,0,0,0,0,0,0,0,,1328,20,0,0,8,0,0,0,0,0,0,0,0
request,1243,0,800,0,decode,-1,0,0,0,0,0,0,0,0,0,0,0,0,0,0,0,0,0,0,0,0,,9959,7,0,0,6,0,0,0,0,0,0,0,0
layer,1244,0,800,2213,decode,40,15,14,1,826,537,89,45,2,0,2,986,12,13,0,0,0,0,0,0,45,lru,0,0,0,0,0,0,16,15,16,0,1,0,1
request,1244,0,800,0,decode,-1,0,0,0,0,0,0,0,0,0,0,0,0,0,0,0,0,0,0,0,0,,1693,23,0,0,6,0,0,0,0,0,0,0,0
layer,1245,0,802,2213,decode,40,8,8,0,0,0,896,0,0,0,0,29,17,2,0,0,0,0,0,0,45,lru,0,0,0,0,0,0,8,8,8,0,0,0,1
request,1245,0,802,0,decode,-1,0,0,0,0,0,0,0,0,0,0,0,0,0,0,0,0,0,0,0,0,,1337,20,0,0,8,0,0,0,0,0,0,0,0
request,1246,0,802,0,decode,-1,0,0,0,0,0,0,0,0,0,0,0,0,0,0,0,0,0,0,0,0,,9956,7,0,0,6,0,0,0,0,0,0,0,0
layer,1247,0,802,2213,decode,40,14,14,0,0,0,146,0,0,0,0,27,12,2,0,0,0,0,0,0,45,lru,0,0,0,0,0,0,16,16,16,0,0,0,1
request,1247,0,802,0,decode,-1,0,0,0,0,0,0,0,0,0,0,0,0,0,0,0,0,0,0,0,0,,614,18,0,0,6,0,0,0,0,0,0,0,0
layer,1248,0,804,2213,decode,40,8,8,0,0,0,894,0,0,0,0,22,10,2,0,0,0,0,0,0,45,lru,0,0,0,0,0,0,8,8,8,0,0,0,1
request,1248,0,804,0,decode,-1,0,0,0,0,0,0,0,0,0,0,0,0,0,0,0,0,0,0,0,0,,1320,20,0,0,8,0,0,0,0,0,0,0,0
request,1249,0,804,0,decode,-1,0,0,0,0,0,0,0,0,0,0,0,0,0,0,0,0,0,0,0,0,,9948,7,0,0,6,0,0,0,0,0,0,0,0
layer,1250,0,804,2213,decode,40,15,15,0,0,0,151,0,0,0,0,27,12,2,0,0,0,0,0,0,45,lru,0,0,0,0,0,0,16,16,16,0,0,0,1
request,1250,0,804,0,decode,-1,0,0,0,0,0,0,0,0,0,0,0,0,0,0,0,0,0,0,0,0,,613,18,0,0,6,0,0,0,0,0,0,0,0
layer,1251,0,806,2213,decode,40,8,8,0,0,0,898,0,0,0,0,22,10,2,0,0,0,0,0,0,45,lru,0,0,0,0,0,0,8,8,8,0,0,0,1
request,1251,0,806,0,decode,-1,0,0,0,0,0,0,0,0,0,0,0,0,0,0,0,0,0,0,0,0,,1330,30,0,0,17,0,0,0,0,0,0,0,0
request,1252,0,806,0,decode,-1,0,0,0,0,0,0,0,0,0,0,0,0,0,0,0,0,0,0,0,0,,9956,7,0,0,6,0,0,0,0,0,0,0,0
layer,1253,0,806,2213,decode,40,14,13,1,1260,566,113,42,2,0,2,1398,12,17,0,0,0,0,0,0,45,lru,0,0,0,0,0,0,16,15,16,0,1,0,1
request,1253,0,806,0,decode,-1,0,0,0,0,0,0,0,0,0,0,0,0,0,0,0,0,0,0,0,0,,2123,23,0,0,6,0,0,0,0,0,0,0,0
layer,1254,0,808,2213,decode,40,8,8,0,0,0,896,0,0,0,0,23,11,2,0,0,0,0,0,0,45,lru,0,0,0,0,0,0,8,8,8,0,0,0,1
request,1254,0,808,0,decode,-1,0,0,0,0,0,0,0,0,0,0,0,0,0,0,0,0,0,0,0,0,,1334,21,0,0,8,0,0,0,0,0,0,0,0
request,1255,0,808,0,decode,-1,0,0,0,0,0,0,0,0,0,0,0,0,0,0,0,0,0,0,0,0,,9955,7,0,0,6,0,0,0,0,0,0,0,0
layer,1256,0,808,2213,decode,40,15,15,0,0,0,152,0,0,0,0,27,12,2,0,0,0,0,0,0,45,lru,0,0,0,0,0,0,16,16,16,0,0,0,1
request,1256,0,808,0,decode,-1,0,0,0,0,0,0,0,0,0,0,0,0,0,0,0,0,0,0,0,0,,624,19,0,0,7,0,0,0,0,0,0,0,0
layer,1257,0,810,2213,decode,40,8,8,0,0,0,894,0,0,0,0,22,10,2,0,0,0,0,0,0,45,lru,0,0,0,0,0,0,8,8,8,0,0,0,0
request,1257,0,810,0,decode,-1,0,0,0,0,0,0,0,0,0,0,0,0,0,0,0,0,0,0,0,0,,1321,20,0,0,7,0,0,0,0,0,0,0,0
request,1258,0,810,0,decode,-1,0,0,0,0,0,0,0,0,0,0,0,0,0,0,0,0,0,0,0,0,,9953,7,0,0,6,0,0,0,0,0,0,0,0
layer,1259,0,810,2213,decode,40,14,14,0,0,0,146,0,0,0,0,27,12,2,0,0,0,0,0,0,45,lru,0,0,0,0,0,0,16,16,16,0,0,0,1
request,1259,0,810,0,decode,-1,0,0,0,0,0,0,0,0,0,0,0,0,0,0,0,0,0,0,0,0,,609,18,0,0,6,0,0,0,0,0,0,0,0
layer,1260,0,812,2213,decode,40,8,8,0,0,0,894,0,0,0,0,22,10,2,0,0,0,0,0,0,45,lru,0,0,0,0,0,0,8,8,8,0,0,0,1
request,1260,0,812,0,decode,-1,0,0,0,0,0,0,0,0,0,0,0,0,0,0,0,0,0,0,0,0,,1319,19,0,0,7,0,0,0,0,0,0,0,0
request,1261,0,812,0,decode,-1,0,0,0,0,0,0,0,0,0,0,0,0,0,0,0,0,0,0,0,0,,9950,7,0,0,6,0,0,0,0,0,0,0,0
layer,1262,0,812,2213,decode,40,15,15,0,0,0,152,0,0,0,0,26,12,2,0,0,0,0,0,0,45,lru,0,0,0,0,0,0,16,16,16,0,0,0,1
request,1262,0,812,0,decode,-1,0,0,0,0,0,0,0,0,0,0,0,0,0,0,0,0,0,0,0,0,,618,19,0,0,7,0,0,0,0,0,0,0,0
layer,1263,0,814,2213,decode,40,8,8,0,0,0,899,0,0,0,0,22,10,2,0,0,0,0,0,0,45,lru,0,0,0,0,0,0,8,8,8,0,0,0,1
request,1263,0,814,0,decode,-1,0,0,0,0,0,0,0,0,0,0,0,0,0,0,0,0,0,0,0,0,,1325,20,0,0,8,0,0,0,0,0,0,0,0
request,1264,0,814,0,decode,-1,0,0,0,0,0,0,0,0,0,0,0,0,0,0,0,0,0,0,0,0,,9949,7,0,0,6,0,0,0,0,0,0,0,0
layer,1265,0,814,2213,decode,40,14,14,0,0,0,148,0,0,0,0,26,11,2,0,0,0,0,0,0,45,lru,0,0,0,0,0,0,16,16,16,0,0,0,1
request,1265,0,814,0,decode,-1,0,0,0,0,0,0,0,0,0,0,0,0,0,0,0,0,0,0,0,0,,610,18,0,0,6,0,0,0,0,0,0,0,0
layer,1266,0,816,2213,decode,40,8,8,0,0,0,897,0,0,0,0,22,10,2,0,0,0,0,0,0,45,lru,0,0,0,0,0,0,8,8,8,0,0,0,1
request,1266,0,816,0,decode,-1,0,0,0,0,0,0,0,0,0,0,0,0,0,0,0,0,0,0,0,0,,1320,20,0,0,7,0,0,0,0,0,0,0,0
request,1267,0,816,0,decode,-1,0,0,0,0,0,0,0,0,0,0,0,0,0,0,0,0,0,0,0,0,,9955,7,0,0,6,0,0,0,0,0,0,0,0
layer,1268,0,816,2213,decode,40,15,15,0,0,0,152,0,0,0,0,26,12,2,0,0,0,0,0,0,45,lru,0,0,0,0,0,0,16,16,16,0,0,0,2
request,1268,0,816,0,decode,-1,0,0,0,0,0,0,0,0,0,0,0,0,0,0,0,0,0,0,0,0,,612,18,0,0,5,0,0,0,0,0,0,0,0
layer,1269,0,818,2213,decode,40,8,8,0,0,0,895,0,0,0,0,22,11,2,0,0,0,0,0,0,45,lru,0,0,0,0,0,0,8,8,8,0,0,0,1
request,1269,0,818,0,decode,-1,0,0,0,0,0,0,0,0,0,0,0,0,0,0,0,0,0,0,0,0,,1319,20,0,0,8,0,0,0,0,0,0,0,0
request,1270,0,818,0,decode,-1,0,0,0,0,0,0,0,0,0,0,0,0,0,0,0,0,0,0,0,0,,9948,7,0,0,6,0,0,0,0,0,0,0,0
layer,1271,0,818,2213,decode,40,15,15,0,0,0,149,0,0,0,0,25,11,2,0,0,0,0,0,0,45,lru,0,0,0,0,0,0,16,16,16,0,0,0,1
request,1271,0,818,0,decode,-1,0,0,0,0,0,0,0,0,0,0,0,0,0,0,0,0,0,0,0,0,,614,18,0,0,6,0,0,0,0,0,0,0,0
layer,1272,0,820,2213,decode,40,8,8,0,0,0,892,0,0,0,0,21,10,2,0,0,0,0,0,0,45,lru,0,0,0,0,0,0,8,8,8,0,0,0,1
request,1272,0,820,0,decode,-1,0,0,0,0,0,0,0,0,0,0,0,0,0,0,0,0,0,0,0,0,,1309,20,0,0,7,0,0,0,0,0,0,0,0
request,1273,0,820,0,decode,-1,0,0,0,0,0,0,0,0,0,0,0,0,0,0,0,0,0,0,0,0,,9954,8,0,0,7,0,0,0,0,0,0,0,0
layer,1274,0,820,2213,decode,40,15,15,0,0,0,151,0,0,0,0,26,11,2,0,0,0,0,0,0,45,lru,0,0,0,0,0,0,16,16,16,0,0,0,1
request,1274,0,820,0,decode,-1,0,0,0,0,0,0,0,0,0,0,0,0,0,0,0,0,0,0,0,0,,616,18,0,0,6,0,0,0,0,0,0,0,0
layer,1275,0,822,2213,decode,40,8,8,0,0,0,892,0,0,0,0,23,10,2,0,0,0,0,0,0,45,lru,0,0,0,0,0,0,8,8,8,0,0,0,1
request,1275,0,822,0,decode,-1,0,0,0,0,0,0,0,0,0,0,0,0,0,0,0,0,0,0,0,0,,1329,29,0,0,17,0,0,0,0,0,0,0,0
request,1276,0,822,0,decode,-1,0,0,0,0,0,0,0,0,0,0,0,0,0,0,0,0,0,0,0,0,,9951,7,0,0,6,0,0,0,0,0,0,0,0
layer,1277,0,822,2213,decode,40,14,14,0,0,0,154,0,0,0,0,26,12,2,0,0,0,0,0,0,45,lru,0,0,0,0,0,0,16,16,16,0,0,0,1
request,1277,0,822,0,decode,-1,0,0,0,0,0,0,0,0,0,0,0,0,0,0,0,0,0,0,0,0,,616,18,0,0,6,0,0,0,0,0,0,0,0
layer,1278,0,824,2213,decode,40,8,8,0,0,0,893,0,0,0,0,23,10,2,0,0,0,0,0,0,45,lru,0,0,0,0,0,0,8,8,8,0,0,0,1
request,1278,0,824,0,decode,-1,0,0,0,0,0,0,0,0,0,0,0,0,0,0,0,0,0,0,0,0,,1324,21,0,0,8,0,0,0,0,0,0,0,0
request,1279,0,824,0,decode,-1,0,0,0,0,0,0,0,0,0,0,0,0,0,0,0,0,0,0,0,0,,9953,7,0,0,7,0,0,0,0,0,0,0,0
layer,1280,0,824,2213,decode,40,15,15,0,0,0,150,0,0,0,0,26,11,2,0,0,0,0,0,0,45,lru,0,0,0,0,0,0,16,16,16,0,0,0,1
request,1280,0,824,0,decode,-1,0,0,0,0,0,0,0,0,0,0,0,0,0,0,0,0,0,0,0,0,,615,18,0,0,6,0,0,0,0,0,0,0,0
layer,1281,0,826,2213,decode,40,8,8,0,0,0,894,0,0,0,0,21,10,2,0,0,0,0,0,0,45,lru,0,0,0,0,0,0,8,8,8,0,0,0,1
request,1281,0,826,0,decode,-1,0,0,0,0,0,0,0,0,0,0,0,0,0,0,0,0,0,0,0,0,,1318,20,0,0,7,0,0,0,0,0,0,0,0
request,1282,0,826,0,decode,-1,0,0,0,0,0,0,0,0,0,0,0,0,0,0,0,0,0,0,0,0,,9957,7,0,0,6,0,0,0,0,0,0,0,0
layer,1283,0,826,2213,decode,40,13,13,0,0,0,140,0,0,0,0,25,11,2,0,0,0,0,0,0,45,lru,0,0,0,0,0,0,16,16,16,0,0,0,1
request,1283,0,826,0,decode,-1,0,0,0,0,0,0,0,0,0,0,0,0,0,0,0,0,0,0,0,0,,600,17,0,0,5,0,0,0,0,0,0,0,0
layer,1284,0,828,2213,decode,40,8,8,0,0,0,893,0,0,0,0,21,10,2,0,0,0,0,0,0,45,lru,0,0,0,0,0,0,8,8,8,0,0,0,1
request,1284,0,828,0,decode,-1,0,0,0,0,0,0,0,0,0,0,0,0,0,0,0,0,0,0,0,0,,1316,21,0,0,8,0,0,0,0,0,0,0,0
request,1285,0,828,0,decode,-1,0,0,0,0,0,0,0,0,0,0,0,0,0,0,0,0,0,0,0,0,,9946,7,0,0,6,0,0,0,0,0,0,0,0
layer,1286,0,828,2213,decode,40,15,15,0,0,0,151,0,0,0,0,26,11,2,0,0,0,0,0,0,45,lru,0,0,0,0,0,0,16,16,16,0,0,0,1
request,1286,0,828,0,decode,-1,0,0,0,0,0,0,0,0,0,0,0,0,0,0,0,0,0,0,0,0,,610,18,0,0,5,0,0,0,0,0,0,0,0
layer,1287,0,830,2213,decode,40,8,8,0,0,0,897,0,0,0,0,22,11,2,0,0,0,0,0,0,45,lru,0,0,0,0,0,0,8,8,8,0,0,0,1
request,1287,0,830,0,decode,-1,0,0,0,0,0,0,0,0,0,0,0,0,0,0,0,0,0,0,0,0,,1326,20,0,0,7,0,0,0,0,0,0,0,0
request,1288,0,830,0,decode,-1,0,0,0,0,0,0,0,0,0,0,0,0,0,0,0,0,0,0,0,0,,9950,7,0,0,6,0,0,0,0,0,0,0,0
layer,1289,0,830,2213,decode,40,13,13,0,0,0,151,0,0,0,0,31,12,2,0,0,0,0,0,0,45,lru,0,0,0,0,0,0,16,16,16,0,0,0,1
request,1289,0,830,0,decode,-1,0,0,0,0,0,0,0,0,0,0,0,0,0,0,0,0,0,0,0,0,,621,18,0,0,6,0,0,0,0,0,0,0,0
layer,1290,0,832,2213,decode,40,8,8,0,0,0,896,0,0,0,0,21,10,2,0,0,0,0,0,0,45,lru,0,0,0,0,0,0,8,8,8,0,0,0,1
request,1290,0,832,0,decode,-1,0,0,0,0,0,0,0,0,0,0,0,0,0,0,0,0,0,0,0,0,,1322,23,0,0,10,0,0,0,0,0,0,0,0
request,1291,0,832,0,decode,-1,0,0,0,0,0,0,0,0,0,0,0,0,0,0,0,0,0,0,0,0,,9954,7,0,0,7,0,0,0,0,0,0,0,0
layer,1292,0,832,2213,decode,40,15,15,0,0,0,151,0,0,0,0,26,11,2,0,0,0,0,0,0,45,lru,0,0,0,0,0,0,16,16,16,0,0,0,1
request,1292,0,832,0,decode,-1,0,0,0,0,0,0,0,0,0,0,0,0,0,0,0,0,0,0,0,0,,611,18,0,0,6,0,0,0,0,0,0,0,0
layer,1293,0,834,2213,decode,40,8,7,1,997,552,834,40,2,0,2,1094,10,10,0,0,0,0,0,0,45,lru,0,0,0,0,0,0,8,7,8,0,1,0,1
request,1293,0,834,0,decode,-1,0,0,0,0,0,0,0,0,0,0,0,0,0,0,0,0,0,0,0,0,,2512,26,0,0,8,0,0,0,0,0,0,0,0
request,1294,0,834,0,decode,-1,0,0,0,0,0,0,0,0,0,0,0,0,0,0,0,0,0,0,0,0,,9961,7,0,0,6,0,0,0,0,0,0,0,0
layer,1295,0,834,2213,decode,40,13,13,0,0,0,141,0,0,0,0,25,11,2,0,0,0,0,0,0,45,lru,0,0,0,0,0,0,16,16,16,0,0,0,1
request,1295,0,834,0,decode,-1,0,0,0,0,0,0,0,0,0,0,0,0,0,0,0,0,0,0,0,0,,613,18,0,0,6,0,0,0,0,0,0,0,0
layer,1296,0,836,2213,decode,40,8,8,0,0,0,897,0,0,0,0,22,10,2,0,0,0,0,0,0,45,lru,0,0,0,0,0,0,8,8,8,0,0,0,1
request,1296,0,836,0,decode,-1,0,0,0,0,0,0,0,0,0,0,0,0,0,0,0,0,0,0,0,0,,1322,20,0,0,8,0,0,0,0,0,0,0,0
request,1297,0,836,0,decode,-1,0,0,0,0,0,0,0,0,0,0,0,0,0,0,0,0,0,0,0,0,,9950,7,0,0,6,0,0,0,0,0,0,0,0
layer,1298,0,836,2213,decode,40,15,15,0,0,0,151,0,0,0,0,27,12,2,0,0,0,0,0,0,45,lru,0,0,0,0,0,0,16,16,16,0,0,0,1
request,1298,0,836,0,decode,-1,0,0,0,0,0,0,0,0,0,0,0,0,0,0,0,0,0,0,0,0,,623,27,0,0,15,0,0,0,0,0,0,0,0
layer,1299,0,838,2213,decode,40,8,8,0,0,0,894,0,0,0,0,23,11,2,0,0,0,0,0,0,45,lru,0,0,0,0,0,0,8,8,8,0,0,0,1
request,1299,0,838,0,decode,-1,0,0,0,0,0,0,0,0,0,0,0,0,0,0,0,0,0,0,0,0,,1334,20,0,0,8,0,0,0,0,0,0,0,0
request,1300,0,838,0,decode,-1,0,0,0,0,0,0,0,0,0,0,0,0,0,0,0,0,0,0,0,0,,9957,8,0,0,7,0,0,0,0,0,0,0,0
layer,1301,0,838,2213,decode,40,13,13,0,0,0,142,0,0,0,0,25,11,2,0,0,0,0,0,0,45,lru,0,0,0,0,0,0,16,16,16,0,0,0,1
request,1301,0,838,0,decode,-1,0,0,0,0,0,0,0,0,0,0,0,0,0,0,0,0,0,0,0,0,,607,19,0,0,7,0,0,0,0,0,0,0,0
layer,1302,0,840,2213,decode,40,8,8,0,0,0,893,0,0,0,0,23,10,2,0,0,0,0,0,0,45,lru,0,0,0,0,0,0,8,8,8,0,0,0,1
request,1302,0,840,0,decode,-1,0,0,0,0,0,0,0,0,0,0,0,0,0,0,0,0,0,0,0,0,,1319,20,0,0,7,0,0,0,0,0,0,0,0
request,1303,0,840,0,decode,-1,0,0,0,0,0,0,0,0,0,0,0,0,0,0,0,0,0,0,0,0,,9962,10,0,0,9,0,0,0,0,0,0,0,0
layer,1304,0,840,2213,decode,40,15,15,0,0,0,153,0,0,0,0,28,12,2,0,0,0,0,0,0,45,lru,0,0,0,0,0,0,16,16,16,0,0,0,1
request,1304,0,840,0,decode,-1,0,0,0,0,0,0,0,0,0,0,0,0,0,0,0,0,0,0,0,0,,633,19,0,0,6,0,0,0,0,0,0,0,0
layer,1305,0,842,2213,decode,40,8,8,0,0,0,896,0,0,0,0,24,11,2,0,0,0,0,0,0,45,lru,0,0,0,0,0,0,8,8,8,0,0,0,1
request,1305,0,842,0,decode,-1,0,0,0,0,0,0,0,0,0,0,0,0,0,0,0,0,0,0,0,0,,1334,21,0,0,8,0,0,0,0,0,0,0,0
request,1306,0,842,0,decode,-1,0,0,0,0,0,0,0,0,0,0,0,0,0,0,0,0,0,0,0,0,,9948,7,0,0,6,0,0,0,0,0,0,0,0
layer,1307,0,842,2213,decode,40,13,13,0,0,0,147,0,0,0,0,26,11,2,0,0,0,0,0,0,45,lru,0,0,0,0,0,0,16,16,16,0,0,0,1
request,1307,0,842,0,decode,-1,0,0,0,0,0,0,0,0,0,0,0,0,0,0,0,0,0,0,0,0,,619,17,0,0,5,0,0,0,0,0,0,0,0
layer,1308,0,844,2213,decode,40,8,8,0,0,0,893,0,0,0,0,23,11,2,0,0,0,0,0,0,45,lru,0,0,0,0,0,0,8,8,8,0,0,0,1
request,1308,0,844,0,decode,-1,0,0,0,0,0,0,0,0,0,0,0,0,0,0,0,0,0,0,0,0,,1328,20,0,0,7,0,0,0,0,0,0,0,0
request,1309,0,844,0,decode,-1,0,0,0,0,0,0,0,0,0,0,0,0,0,0,0,0,0,0,0,0,,9950,7,0,0,6,0,0,0,0,0,0,0,0
layer,1310,0,844,2213,decode,40,15,15,0,0,0,150,0,0,0,0,25,11,2,0,0,0,0,0,0,45,lru,0,0,0,0,0,0,16,16,16,0,0,0,1
request,1310,0,844,0,decode,-1,0,0,0,0,0,0,0,0,0,0,0,0,0,0,0,0,0,0,0,0,,614,19,0,0,7,0,0,0,0,0,0,0,0
layer,1311,0,846,2213,decode,40,8,8,0,0,0,897,0,0,0,0,21,10,2,0,0,0,0,0,0,45,lru,0,0,0,0,0,0,8,8,8,0,0,0,1
request,1311,0,846,0,decode,-1,0,0,0,0,0,0,0,0,0,0,0,0,0,0,0,0,0,0,0,0,,1321,20,0,0,8,0,0,0,0,0,0,0,0
request,1312,0,846,0,decode,-1,0,0,0,0,0,0,0,0,0,0,0,0,0,0,0,0,0,0,0,0,,9957,7,0,0,6,0,0,0,0,0,0,0,0
layer,1313,0,846,2213,decode,40,13,13,0,0,0,142,0,0,0,0,26,12,2,0,0,0,0,0,0,45,lru,0,0,0,0,0,0,16,16,16,0,0,0,2
request,1313,0,846,0,decode,-1,0,0,0,0,0,0,0,0,0,0,0,0,0,0,0,0,0,0,0,0,,603,18,0,0,6,0,0,0,0,0,0,0,0
layer,1314,0,848,2213,decode,40,8,8,0,0,0,898,0,0,0,0,21,10,2,0,0,0,0,0,0,45,lru,0,0,0,0,0,0,8,8,8,0,0,0,1
request,1314,0,848,0,decode,-1,0,0,0,0,0,0,0,0,0,0,0,0,0,0,0,0,0,0,0,0,,1321,20,0,0,7,0,0,0,0,0,0,0,0
request,1315,0,848,0,decode,-1,0,0,0,0,0,0,0,0,0,0,0,0,0,0,0,0,0,0,0,0,,9942,7,0,0,6,0,0,0,0,0,0,0,0
layer,1316,0,848,2213,decode,40,15,15,0,0,0,152,0,0,0,0,26,11,2,0,0,0,0,0,0,45,lru,0,0,0,0,0,0,16,16,16,0,0,0,1
request,1316,0,848,0,decode,-1,0,0,0,0,0,0,0,0,0,0,0,0,0,0,0,0,0,0,0,0,,615,18,0,0,5,0,0,0,0,0,0,0,0
layer,1317,0,850,2213,decode,40,8,8,0,0,0,895,0,0,0,0,23,11,2,0,0,0,0,0,0,45,lru,0,0,0,0,0,0,8,8,8,0,0,0,1
request,1317,0,850,0,decode,-1,0,0,0,0,0,0,0,0,0,0,0,0,0,0,0,0,0,0,0,0,,1336,20,0,0,7,0,0,0,0,0,0,0,0
request,1318,0,850,0,decode,-1,0,0,0,0,0,0,0,0,0,0,0,0,0,0,0,0,0,0,0,0,,9955,7,0,0,6,0,0,0,0,0,0,0,0
layer,1319,0,850,2213,decode,40,13,13,0,0,0,142,0,0,0,0,26,11,2,0,0,0,0,0,0,45,lru,0,0,0,0,0,0,16,16,16,0,0,0,2
request,1319,0,850,0,decode,-1,0,0,0,0,0,0,0,0,0,0,0,0,0,0,0,0,0,0,0,0,,601,18,0,0,6,0,0,0,0,0,0,0,0
layer,1320,0,852,2213,decode,40,8,8,0,0,0,892,0,0,0,0,22,10,2,0,0,0,0,0,0,45,lru,0,0,0,0,0,0,8,8,8,0,0,0,1
request,1320,0,852,0,decode,-1,0,0,0,0,0,0,0,0,0,0,0,0,0,0,0,0,0,0,0,0,,1315,20,0,0,8,0,0,0,0,0,0,0,0
request,1321,0,852,0,decode,-1,0,0,0,0,0,0,0,0,0,0,0,0,0,0,0,0,0,0,0,0,,9966,7,0,0,6,0,0,0,0,0,0,0,0
layer,1322,0,852,2213,decode,40,15,15,0,0,0,151,0,0,0,0,27,12,2,0,0,0,0,0,0,45,lru,0,0,0,0,0,0,16,16,16,0,0,0,1
request,1322,0,852,0,decode,-1,0,0,0,0,0,0,0,0,0,0,0,0,0,0,0,0,0,0,0,0,,619,27,0,0,15,0,0,0,0,0,0,0,0
layer,1323,0,854,2213,decode,40,8,8,0,0,0,894,0,0,0,0,21,10,2,0,0,0,0,0,0,45,lru,0,0,0,0,0,0,8,8,8,0,0,0,1
request,1323,0,854,0,decode,-1,0,0,0,0,0,0,0,0,0,0,0,0,0,0,0,0,0,0,0,0,,1320,20,0,0,8,0,0,0,0,0,0,0,0
request,1324,0,854,0,decode,-1,0,0,0,0,0,0,0,0,0,0,0,0,0,0,0,0,0,0,0,0,,9957,7,0,0,6,0,0,0,0,0,0,0,0
layer,1325,0,854,2213,decode,40,14,14,0,0,0,146,0,0,0,0,27,11,2,0,0,0,0,0,0,45,lru,0,0,0,0,0,0,16,16,16,0,0,0,1
request,1325,0,854,0,decode,-1,0,0,0,0,0,0,0,0,0,0,0,0,0,0,0,0,0,0,0,0,,613,19,0,0,6,0,0,0,0,0,0,0,0
layer,1326,0,856,2213,decode,40,8,8,0,0,0,893,0,0,0,0,22,10,2,0,0,0,0,0,0,45,lru,0,0,0,0,0,0,8,8,8,0,0,0,1
request,1326,0,856,0,decode,-1,0,0,0,0,0,0,0,0,0,0,0,0,0,0,0,0,0,0,0,0,,1318,19,0,0,7,0,0,0,0,0,0,0,0
request,1327,0,856,0,decode,-1,0,0,0,0,0,0,0,0,0,0,0,0,0,0,0,0,0,0,0,0,,9952,7,0,0,6,0,0,0,0,0,0,0,0
layer,1328,0,856,2213,decode,40,15,15,0,0,0,150,0,0,0,0,27,12,2,0,0,0,0,0,0,45,lru,0,0,0,0,0,0,16,16,16,0,0,0,1
request,1328,0,856,0,decode,-1,0,0,0,0,0,0,0,0,0,0,0,0,0,0,0,0,0,0,0,0,,613,17,0,0,5,0,0,0,0,0,0,0,0
layer,1329,0,858,2213,decode,40,8,8,0,0,0,890,0,0,0,0,23,11,2,0,0,0,0,0,0,45,lru,0,0,0,0,0,0,8,8,8,0,0,0,1
request,1329,0,858,0,decode,-1,0,0,0,0,0,0,0,0,0,0,0,0,0,0,0,0,0,0,0,0,,1318,20,0,0,8,0,0,0,0,0,0,0,0
request,1330,0,858,0,decode,-1,0,0,0,0,0,0,0,0,0,0,0,0,0,0,0,0,0,0,0,0,,9950,7,0,0,6,0,0,0,0,0,0,0,0
layer,1331,0,858,2213,decode,40,15,15,0,0,0,151,0,0,0,0,27,12,2,0,0,0,0,0,0,45,lru,0,0,0,0,0,0,16,16,16,0,0,0,1
request,1331,0,858,0,decode,-1,0,0,0,0,0,0,0,0,0,0,0,0,0,0,0,0,0,0,0,0,,612,17,0,0,5,0,0,0,0,0,0,0,0
layer,1332,0,860,2213,decode,40,8,8,0,0,0,889,0,0,0,0,21,10,2,0,0,0,0,0,0,45,lru,0,0,0,0,0,0,8,8,8,0,0,0,1
request,1332,0,860,0,decode,-1,0,0,0,0,0,0,0,0,0,0,0,0,0,0,0,0,0,0,0,0,,1309,19,0,0,7,0,0,0,0,0,0,0,0
request,1333,0,860,0,decode,-1,0,0,0,0,0,0,0,0,0,0,0,0,0,0,0,0,0,0,0,0,,9951,7,0,0,6,0,0,0,0,0,0,0,0
layer,1334,0,860,2213,decode,40,15,15,0,0,0,151,0,0,0,0,25,11,2,0,0,0,0,0,0,45,lru,0,0,0,0,0,0,16,16,16,0,0,0,1
request,1334,0,860,0,decode,-1,0,0,0,0,0,0,0,0,0,0,0,0,0,0,0,0,0,0,0,0,,610,18,0,0,6,0,0,0,0,0,0,0,0
layer,1335,0,862,2213,decode,40,8,8,0,0,0,895,0,0,0,0,23,11,2,0,0,0,0,0,0,45,lru,0,0,0,0,0,0,8,8,8,0,0,0,1
request,1335,0,862,0,decode,-1,0,0,0,0,0,0,0,0,0,0,0,0,0,0,0,0,0,0,0,0,,1322,19,0,0,7,0,0,0,0,0,0,0,0
request,1336,0,862,0,decode,-1,0,0,0,0,0,0,0,0,0,0,0,0,0,0,0,0,0,0,0,0,,9953,7,0,0,6,0,0,0,0,0,0,0,0
layer,1337,0,862,2213,decode,40,13,13,0,0,0,141,0,0,0,0,25,12,2,0,0,0,0,0,0,45,lru,0,0,0,0,0,0,16,16,16,0,0,0,1
request,1337,0,862,0,decode,-1,0,0,0,0,0,0,0,0,0,0,0,0,0,0,0,0,0,0,0,0,,598,17,0,0,5,0,0,0,0,0,0,0,0
layer,1338,0,864,2213,decode,40,8,8,0,0,0,892,0,0,0,0,21,10,2,0,0,0,0,0,0,45,lru,0,0,0,0,0,0,8,8,8,0,0,0,1
request,1338,0,864,0,decode,-1,0,0,0,0,0,0,0,0,0,0,0,0,0,0,0,0,0,0,0,0,,1317,20,0,0,8,0,0,0,0,0,0,0,0
request,1339,0,864,0,decode,-1,0,0,0,0,0,0,0,0,0,0,0,0,0,0,0,0,0,0,0,0,,9964,7,0,0,6,0,0,0,0,0,0,0,0
layer,1340,0,864,2213,decode,40,15,15,0,0,0,152,0,0,0,0,26,12,2,0,0,0,0,0,0,45,lru,0,0,0,0,0,0,16,16,16,0,0,0,1
request,1340,0,864,0,decode,-1,0,0,0,0,0,0,0,0,0,0,0,0,0,0,0,0,0,0,0,0,,613,18,0,0,6,0,0,0,0,0,0,0,0
layer,1341,0,866,2213,decode,40,8,8,0,0,0,896,0,0,0,0,25,14,2,0,0,0,0,0,0,45,lru,0,0,0,0,0,0,8,8,8,0,0,0,1
request,1341,0,866,0,decode,-1,0,0,0,0,0,0,0,0,0,0,0,0,0,0,0,0,0,0,0,0,,1317,20,0,0,7,0,0,0,0,0,0,0,0
request,1342,0,866,0,decode,-1,0,0,0,0,0,0,0,0,0,0,0,0,0,0,0,0,0,0,0,0,,9957,8,0,0,7,0,0,0,0,0,0,0,0
layer,1343,0,866,2213,decode,40,13,13,0,0,0,140,0,0,0,0,26,12,2,0,0,0,0,0,0,45,lru,0,0,0,0,0,0,16,16,16,0,0,0,1
request,1343,0,866,0,decode,-1,0,0,0,0,0,0,0,0,0,0,0,0,0,0,0,0,0,0,0,0,,599,18,0,0,6,0,0,0,0,0,0,0,0
layer,1344,0,868,2213,decode,40,8,8,0,0,0,897,0,0,0,0,22,10,2,0,0,0,0,0,0,45,lru,0,0,0,0,0,0,8,8,8,0,0,0,1
request,1344,0,868,0,decode,-1,0,0,0,0,0,0,0,0,0,0,0,0,0,0,0,0,0,0,0,0,,1315,19,0,0,7,0,0,0,0,0,0,0,0
request,1345,0,868,0,decode,-1,0,0,0,0,0,0,0,0,0,0,0,0,0,0,0,0,0,0,0,0,,9964,15,0,0,15,0,0,0,0,0,0,0,0
layer,1346,0,868,2213,decode,40,15,15,0,0,0,151,0,0,0,0,27,12,2,0,0,0,0,0,0,45,lru,0,0,0,0,0,0,16,16,16,0,0,0,1
request,1346,0,868,0,decode,-1,0,0,0,0,0,0,0,0,0,0,0,0,0,0,0,0,0,0,0,0,,619,18,0,0,6,0,0,0,0,0,0,0,0
layer,1347,0,870,2213,decode,40,8,8,0,0,0,893,0,0,0,0,22,10,2,0,0,0,0,0,0,45,lru,0,0,0,0,0,0,8,8,8,0,0,0,1
request,1347,0,870,0,decode,-1,0,0,0,0,0,0,0,0,0,0,0,0,0,0,0,0,0,0,0,0,,1323,20,0,0,8,0,0,0,0,0,0,0,0
request,1348,0,870,0,decode,-1,0,0,0,0,0,0,0,0,0,0,0,0,0,0,0,0,0,0,0,0,,9950,7,0,0,6,0,0,0,0,0,0,0,0
layer,1349,0,870,2213,decode,40,15,15,0,0,0,150,0,0,0,0,26,11,2,0,0,0,0,0,0,45,lru,0,0,0,0,0,0,16,16,16,0,0,0,1
request,1349,0,870,0,decode,-1,0,0,0,0,0,0,0,0,0,0,0,0,0,0,0,0,0,0,0,0,,607,18,0,0,5,0,0,0,0,0,0,0,0
layer,1350,0,872,2213,decode,40,8,8,0,0,0,893,0,0,0,0,21,10,2,0,0,0,0,0,0,45,lru,0,0,0,0,0,0,8,8,8,0,0,0,1
request,1350,0,872,0,decode,-1,0,0,0,0,0,0,0,0,0,0,0,0,0,0,0,0,0,0,0,0,,1321,20,0,0,8,0,0,0,0,0,0,0,0
request,1351,0,872,0,decode,-1,0,0,0,0,0,0,0,0,0,0,0,0,0,0,0,0,0,0,0,0,,9949,7,0,0,6,0,0,0,0,0,0,0,0
layer,1352,0,872,2213,decode,40,15,15,0,0,0,150,0,0,0,0,25,11,2,0,0,0,0,0,0,45,lru,0,0,0,0,0,0,16,16,16,0,0,0,1
request,1352,0,872,0,decode,-1,0,0,0,0,0,0,0,0,0,0,0,0,0,0,0,0,0,0,0,0,,608,17,0,0,5,0,0,0,0,0,0,0,0
layer,1353,0,874,2213,decode,40,8,8,0,0,0,894,0,0,0,0,21,10,2,0,0,0,0,0,0,45,lru,0,0,0,0,0,0,8,8,8,0,0,0,1
request,1353,0,874,0,decode,-1,0,0,0,0,0,0,0,0,0,0,0,0,0,0,0,0,0,0,0,0,,1319,20,0,0,8,0,0,0,0,0,0,0,0
request,1354,0,874,0,decode,-1,0,0,0,0,0,0,0,0,0,0,0,0,0,0,0,0,0,0,0,0,,9956,7,0,0,7,0,0,0,0,0,0,0,0
layer,1355,0,874,2213,decode,40,14,14,0,0,0,146,0,0,0,0,27,12,2,0,0,0,0,0,0,45,lru,0,0,0,0,0,0,16,16,16,0,0,0,1
request,1355,0,874,0,decode,-1,0,0,0,0,0,0,0,0,0,0,0,0,0,0,0,0,0,0,0,0,,610,18,0,0,6,0,0,0,0,0,0,0,0
layer,1356,0,876,2213,decode,40,8,8,0,0,0,891,0,0,0,0,21,10,2,0,0,0,0,0,0,45,lru,0,0,0,0,0,0,8,8,8,0,0,0,1
request,1356,0,876,0,decode,-1,0,0,0,0,0,0,0,0,0,0,0,0,0,0,0,0,0,0,0,0,,1320,20,0,0,8,0,0,0,0,0,0,0,0
request,1357,0,876,0,decode,-1,0,0,0,0,0,0,0,0,0,0,0,0,0,0,0,0,0,0,0,0,,9950,7,0,0,6,0,0,0,0,0,0,0,0
layer,1358,0,876,2213,decode,40,15,15,0,0,0,152,0,0,0,0,26,11,2,0,0,0,0,0,0,45,lru,0,0,0,0,0,0,16,16,16,0,0,0,1
request,1358,0,876,0,decode,-1,0,0,0,0,0,0,0,0,0,0,0,0,0,0,0,0,0,0,0,0,,614,17,0,0,5,0,0,0,0,0,0,0,0
layer,1359,0,878,2213,decode,40,8,8,0,0,0,897,0,0,0,0,22,11,2,0,0,0,0,0,0,45,lru,0,0,0,0,0,0,8,8,8,0,0,0,1
request,1359,0,878,0,decode,-1,0,0,0,0,0,0,0,0,0,0,0,0,0,0,0,0,0,0,0,0,,1325,20,0,0,8,0,0,0,0,0,0,0,0
request,1360,0,878,0,decode,-1,0,0,0,0,0,0,0,0,0,0,0,0,0,0,0,0,0,0,0,0,,9946,7,0,0,6,0,0,0,0,0,0,0,0
layer,1361,0,878,2213,decode,40,13,13,0,0,0,139,0,0,0,0,25,11,2,0,0,0,0,0,0,45,lru,0,0,0,0,0,0,16,16,16,0,0,0,1
request,1361,0,878,0,decode,-1,0,0,0,0,0,0,0,0,0,0,0,0,0,0,0,0,0,0,0,0,,600,19,0,0,7,0,0,0,0,0,0,0,0
layer,1362,0,880,2213,decode,40,8,8,0,0,0,897,0,0,0,0,21,10,2,0,0,0,0,0,0,45,lru,0,0,0,0,0,0,8,8,8,0,0,0,1
request,1362,0,880,0,decode,-1,0,0,0,0,0,0,0,0,0,0,0,0,0,0,0,0,0,0,0,0,,1315,20,0,0,7,0,0,0,0,0,0,0,0
request,1363,0,880,0,decode,-1,0,0,0,0,0,0,0,0,0,0,0,0,0,0,0,0,0,0,0,0,,9953,7,0,0,6,0,0,0,0,0,0,0,0
layer,1364,0,880,2213,decode,40,15,15,0,0,0,150,0,0,0,0,25,11,2,0,0,0,0,0,0,45,lru,0,0,0,0,0,0,16,16,16,0,0,0,1
request,1364,0,880,0,decode,-1,0,0,0,0,0,0,0,0,0,0,0,0,0,0,0,0,0,0,0,0,,605,17,0,0,5,0,0,0,0,0,0,0,0
layer,1365,0,882,2213,decode,40,8,8,0,0,0,896,0,0,0,0,21,10,2,0,0,0,0,0,0,45,lru,0,0,0,0,0,0,8,8,8,0,0,0,1
request,1365,0,882,0,decode,-1,0,0,0,0,0,0,0,0,0,0,0,0,0,0,0,0,0,0,0,0,,1316,20,0,0,7,0,0,0,0,0,0,0,0
request,1366,0,882,0,decode,-1,0,0,0,0,0,0,0,0,0,0,0,0,0,0,0,0,0,0,0,0,,9948,7,0,0,6,0,0,0,0,0,0,0,0
layer,1367,0,882,2213,decode,40,14,14,0,0,0,145,0,0,0,0,27,11,2,0,0,0,0,0,0,45,lru,0,0,0,0,0,0,16,16,16,0,0,0,1
request,1367,0,882,0,decode,-1,0,0,0,0,0,0,0,0,0,0,0,0,0,0,0,0,0,0,0,0,,610,18,0,0,6,0,0,0,0,0,0,0,0
layer,1368,0,884,2213,decode,40,8,8,0,0,0,897,0,0,0,0,22,10,2,0,0,0,0,0,0,45,lru,0,0,0,0,0,0,8,8,8,0,0,0,1
request,1368,0,884,0,decode,-1,0,0,0,0,0,0,0,0,0,0,0,0,0,0,0,0,0,0,0,0,,1337,35,0,0,23,0,0,0,0,0,0,0,0
request,1369,0,884,0,decode,-1,0,0,0,0,0,0,0,0,0,0,0,0,0,0,0,0,0,0,0,0,,9956,7,0,0,7,0,0,0,0,0,0,0,0
layer,1370,0,884,2213,decode,40,15,15,0,0,0,151,0,0,0,0,26,11,3,0,0,0,0,0,0,45,lru,0,0,0,0,0,0,16,16,16,0,0,0,1
request,1370,0,884,0,decode,-1,0,0,0,0,0,0,0,0,0,0,0,0,0,0,0,0,0,0,0,0,,612,18,0,0,6,0,0,0,0,0,0,0,0
layer,1371,0,886,2213,decode,40,8,8,0,0,0,892,0,0,0,0,21,11,2,0,0,0,0,0,0,45,lru,0,0,0,0,0,0,8,8,8,0,0,0,1
request,1371,0,886,0,decode,-1,0,0,0,0,0,0,0,0,0,0,0,0,0,0,0,0,0,0,0,0,,1314,20,0,0,7,0,0,0,0,0,0,0,0
request,1372,0,886,0,decode,-1,0,0,0,0,0,0,0,0,0,0,0,0,0,0,0,0,0,0,0,0,,9957,8,0,0,7,0,0,0,0,0,0,0,0
layer,1373,0,886,2213,decode,40,14,14,0,0,0,145,0,0,0,0,26,11,2,0,0,0,0,0,0,45,lru,0,0,0,0,0,0,16,16,16,0,0,0,1
request,1373,0,886,0,decode,-1,0,0,0,0,0,0,0,0,0,0,0,0,0,0,0,0,0,0,0,0,,606,18,0,0,6,0,0,0,0,0,0,0,0
layer,1374,0,888,2213,decode,40,8,8,0,0,0,890,0,0,0,0,20,9,2,0,0,0,0,0,0,45,lru,0,0,0,0,0,0,8,8,8,0,0,0,1
request,1374,0,888,0,decode,-1,0,0,0,0,0,0,0,0,0,0,0,0,0,0,0,0,0,0,0,0,,1305,20,0,0,7,0,0,0,0,0,0,0,0
request,1375,0,888,0,decode,-1,0,0,0,0,0,0,0,0,0,0,0,0,0,0,0,0,0,0,0,0,,9952,7,0,0,6,0,0,0,0,0,0,0,0
layer,1376,0,888,2213,decode,40,15,15,0,0,0,150,0,0,0,0,27,12,2,0,0,0,0,0,0,45,lru,0,0,0,0,0,0,16,16,16,0,0,0,1
request,1376,0,888,0,decode,-1,0,0,0,0,0,0,0,0,0,0,0,0,0,0,0,0,0,0,0,0,,613,18,0,0,6,0,0,0,0,0,0,0,0
layer,1377,0,890,2213,decode,40,8,8,0,0,0,894,0,0,0,0,22,11,2,0,0,0,0,0,0,45,lru,0,0,0,0,0,0,8,8,8,0,0,0,2
request,1377,0,890,0,decode,-1,0,0,0,0,0,0,0,0,0,0,0,0,0,0,0,0,0,0,0,0,,1320,20,0,0,7,0,0,0,0,0,0,0,0
request,1378,0,890,0,decode,-1,0,0,0,0,0,0,0,0,0,0,0,0,0,0,0,0,0,0,0,0,,9948,7,0,0,6,0,0,0,0,0,0,0,0
layer,1379,0,890,2213,decode,40,14,14,0,0,0,146,0,0,0,0,26,11,2,0,0,0,0,0,0,45,lru,0,0,0,0,0,0,16,16,16,0,0,0,1
request,1379,0,890,0,decode,-1,0,0,0,0,0,0,0,0,0,0,0,0,0,0,0,0,0,0,0,0,,605,17,0,0,5,0,0,0,0,0,0,0,0
layer,1380,0,892,2213,decode,40,8,8,0,0,0,892,0,0,0,0,22,10,2,0,0,0,0,0,0,45,lru,0,0,0,0,0,0,8,8,8,0,0,0,1
request,1380,0,892,0,decode,-1,0,0,0,0,0,0,0,0,0,0,0,0,0,0,0,0,0,0,0,0,,1321,20,0,0,7,0,0,0,0,0,0,0,0
request,1381,0,892,0,decode,-1,0,0,0,0,0,0,0,0,0,0,0,0,0,0,0,0,0,0,0,0,,9948,6,0,0,6,0,0,0,0,0,0,0,0
layer,1382,0,892,2213,decode,40,15,15,0,0,0,150,0,0,0,0,25,11,2,0,0,0,0,0,0,45,lru,0,0,0,0,0,0,16,16,16,0,0,0,1
request,1382,0,892,0,decode,-1,0,0,0,0,0,0,0,0,0,0,0,0,0,0,0,0,0,0,0,0,,606,17,0,0,5,0,0,0,0,0,0,0,0
layer,1383,0,894,2213,decode,40,8,8,0,0,0,896,0,0,0,0,21,10,2,0,0,0,0,0,0,45,lru,0,0,0,0,0,0,8,8,8,0,0,0,1
request,1383,0,894,0,decode,-1,0,0,0,0,0,0,0,0,0,0,0,0,0,0,0,0,0,0,0,0,,1318,19,0,0,7,0,0,0,0,0,0,0,0
request,1384,0,894,0,decode,-1,0,0,0,0,0,0,0,0,0,0,0,0,0,0,0,0,0,0,0,0,,9948,7,0,0,6,0,0,0,0,0,0,0,0
layer,1385,0,894,2213,decode,40,16,16,0,0,0,154,0,0,0,0,26,11,2,0,0,0,0,0,0,45,lru,0,0,0,0,0,0,16,16,16,0,0,0,1
request,1385,0,894,0,decode,-1,0,0,0,0,0,0,0,0,0,0,0,0,0,0,0,0,0,0,0,0,,620,18,0,0,6,0,0,0,0,0,0,0,0
layer,1386,0,896,2213,decode,40,8,8,0,0,0,890,0,0,0,0,21,10,2,0,0,0,0,0,0,45,lru,0,0,0,0,0,0,8,8,8,0,0,0,1
request,1386,0,896,0,decode,-1,0,0,0,0,0,0,0,0,0,0,0,0,0,0,0,0,0,0,0,0,,1310,19,0,0,7,0,0,0,0,0,0,0,0
request,1387,0,896,0,decode,-1,0,0,0,0,0,0,0,0,0,0,0,0,0,0,0,0,0,0,0,0,,9946,7,0,0,6,0,0,0,0,0,0,0,0
layer,1388,0,896,2213,decode,40,15,15,0,0,0,151,0,0,0,0,25,11,2,0,0,0,0,0,0,45,lru,0,0,0,0,0,0,16,16,16,0,0,0,1
request,1388,0,896,0,decode,-1,0,0,0,0,0,0,0,0,0,0,0,0,0,0,0,0,0,0,0,0,,606,18,0,0,6,0,0,0,0,0,0,0,0
layer,1389,0,898,2213,decode,40,8,8,0,0,0,891,0,0,0,0,22,11,2,0,0,0,0,0,0,45,lru,0,0,0,0,0,0,8,8,8,0,0,0,1
request,1389,0,898,0,decode,-1,0,0,0,0,0,0,0,0,0,0,0,0,0,0,0,0,0,0,0,0,,1313,20,0,0,7,0,0,0,0,0,0,0,0
request,1390,0,898,0,decode,-1,0,0,0,0,0,0,0,0,0,0,0,0,0,0,0,0,0,0,0,0,,9957,9,0,0,8,0,0,0,0,0,0,0,0
layer,1391,0,898,2213,decode,40,14,14,0,0,0,146,0,0,0,0,26,12,2,0,0,0,0,0,0,45,lru,0,0,0,0,0,0,16,16,16,0,0,0,1
request,1391,0,898,0,decode,-1,0,0,0,0,0,0,0,0,0,0,0,0,0,0,0,0,0,0,0,0,,603,18,0,0,5,0,0,0,0,0,0,0,0
layer,1392,0,900,2213,decode,40,8,8,0,0,0,892,0,0,0,0,21,10,2,0,0,0,0,0,0,45,lru,0,0,0,0,0,0,8,8,8,0,0,0,1
request,1392,0,900,0,decode,-1,0,0,0,0,0,0,0,0,0,0,0,0,0,0,0,0,0,0,0,0,,1321,28,0,0,16,0,0,0,0,0,0,0,0
request,1393,0,900,0,decode,-1,0,0,0,0,0,0,0,0,0,0,0,0,0,0,0,0,0,0,0,0,,9959,7,0,0,6,0,0,0,0,0,0,0,0
layer,1394,0,900,2213,decode,40,15,15,0,0,0,150,0,0,0,0,26,12,2,0,0,0,0,0,0,45,lru,0,0,0,0,0,0,16,16,16,0,0,0,1
request,1394,0,900,0,decode,-1,0,0,0,0,0,0,0,0,0,0,0,0,0,0,0,0,0,0,0,0,,614,18,0,0,6,0,0,0,0,0,0,0,0
layer,1395,0,902,2213,decode,40,8,8,0,0,0,890,0,0,0,0,21,10,2,0,0,0,0,0,0,45,lru,0,0,0,0,0,0,8,8,8,0,0,0,1
request,1395,0,902,0,decode,-1,0,0,0,0,0,0,0,0,0,0,0,0,0,0,0,0,0,0,0,0,,1312,20,0,0,7,0,0,0,0,0,0,0,0
request,1396,0,902,0,decode,-1,0,0,0,0,0,0,0,0,0,0,0,0,0,0,0,0,0,0,0,0,,9954,7,0,0,6,0,0,0,0,0,0,0,0
layer,1397,0,902,2213,decode,40,15,15,0,0,0,152,0,0,0,0,27,12,2,0,0,0,0,0,0,45,lru,0,0,0,0,0,0,16,16,16,0,0,0,1
request,1397,0,902,0,decode,-1,0,0,0,0,0,0,0,0,0,0,0,0,0,0,0,0,0,0,0,0,,618,18,0,0,6,0,0,0,0,0,0,0,0
layer,1398,0,904,2213,decode,40,8,8,0,0,0,892,0,0,0,0,22,10,2,0,0,0,0,0,0,45,lru,0,0,0,0,0,0,8,8,8,0,0,0,1
request,1398,0,904,0,decode,-1,0,0,0,0,0,0,0,0,0,0,0,0,0,0,0,0,0,0,0,0,,1320,20,0,0,7,0,0,0,0,0,0,0,0
request,1399,0,904,0,decode,-1,0,0,0,0,0,0,0,0,0,0,0,0,0,0,0,0,0,0,0,0,,9951,7,0,0,6,0,0,0,0,0,0,0,0
layer,1400,0,904,2213,decode,40,15,15,0,0,0,150,0,0,0,0,26,12,2,0,0,0,0,0,0,45,lru,0,0,0,0,0,0,16,16,16,0,0,0,1
request,1400,0,904,0,decode,-1,0,0,0,0,0,0,0,0,0,0,0,0,0,0,0,0,0,0,0,0,,612,18,0,0,5,0,0,0,0,0,0,0,0
layer,1401,0,906,2213,decode,40,8,8,0,0,0,895,0,0,0,0,22,11,2,0,0,0,0,0,0,45,lru,0,0,0,0,0,0,8,8,8,0,0,0,1
request,1401,0,906,0,decode,-1,0,0,0,0,0,0,0,0,0,0,0,0,0,0,0,0,0,0,0,0,,1330,21,0,0,8,0,0,0,0,0,0,0,0
request,1402,0,906,0,decode,-1,0,0,0,0,0,0,0,0,0,0,0,0,0,0,0,0,0,0,0,0,,9950,7,0,0,6,0,0,0,0,0,0,0,0
layer,1403,0,906,2213,decode,40,14,14,0,0,0,145,0,0,0,0,27,11,2,0,0,0,0,0,0,45,lru,0,0,0,0,0,0,16,16,16,0,0,0,1
request,1403,0,906,0,decode,-1,0,0,0,0,0,0,0,0,0,0,0,0,0,0,0,0,0,0,0,0,,608,18,0,0,6,0,0,0,0,0,0,0,0
layer,1404,0,908,2213,decode,40,8,8,0,0,0,896,0,0,0,0,21,10,2,0,0,0,0,0,0,45,lru,0,0,0,0,0,0,8,8,8,0,0,0,1
request,1404,0,908,0,decode,-1,0,0,0,0,0,0,0,0,0,0,0,0,0,0,0,0,0,0,0,0,,1322,24,0,0,12,0,0,0,0,0,0,0,0
request,1405,0,908,0,decode,-1,0,0,0,0,0,0,0,0,0,0,0,0,0,0,0,0,0,0,0,0,,9946,7,0,0,6,0,0,0,0,0,0,0,0
layer,1406,0,908,2213,decode,40,15,15,0,0,0,152,0,0,0,0,26,11,2,0,0,0,0,0,0,45,lru,0,0,0,0,0,0,16,16,16,0,0,0,2
request,1406,0,908,0,decode,-1,0,0,0,0,0,0,0,0,0,0,0,0,0,0,0,0,0,0,0,0,,609,17,0,0,5,0,0,0,0,0,0,0,0
layer,1407,0,910,2213,decode,40,8,8,0,0,0,894,0,0,0,0,23,11,2,0,0,0,0,0,0,45,lru,0,0,0,0,0,0,8,8,8,0,0,0,1
request,1407,0,910,0,decode,-1,0,0,0,0,0,0,0,0,0,0,0,0,0,0,0,0,0,0,0,0,,1330,21,0,0,8,0,0,0,0,0,0,0,0
request,1408,0,910,0,decode,-1,0,0,0,0,0,0,0,0,0,0,0,0,0,0,0,0,0,0,0,0,,10228,7,0,0,6,0,0,0,0,0,0,0,0
layer,1409,0,910,2213,decode,40,15,15,0,0,0,150,0,0,0,0,27,12,2,0,0,0,0,0,0,45,lru,0,0,0,0,0,0,16,16,16,0,0,0,1
request,1409,0,910,0,decode,-1,0,0,0,0,0,0,0,0,0,0,0,0,0,0,0,0,0,0,0,0,,613,17,0,0,5,0,0,0,0,0,0,0,0
layer,1410,0,912,2213,decode,40,8,8,0,0,0,894,0,0,0,0,21,10,2,0,0,0,0,0,0,45,lru,0,0,0,0,0,0,8,8,8,0,0,0,1
request,1410,0,912,0,decode,-1,0,0,0,0,0,0,0,0,0,0,0,0,0,0,0,0,0,0,0,0,,1321,19,0,0,7,0,0,0,0,0,0,0,0
request,1411,0,912,0,decode,-1,0,0,0,0,0,0,0,0,0,0,0,0,0,0,0,0,0,0,0,0,,9949,7,0,0,6,0,0,0,0,0,0,0,0
layer,1412,0,912,2213,decode,40,15,15,0,0,0,150,0,0,0,0,25,11,2,0,0,0,0,0,0,45,lru,0,0,0,0,0,0,16,16,16,0,0,0,1
request,1412,0,912,0,decode,-1,0,0,0,0,0,0,0,0,0,0,0,0,0,0,0,0,0,0,0,0,,609,18,0,0,6,0,0,0,0,0,0,0,0
layer,1413,0,914,2213,decode,40,8,8,0,0,0,893,0,0,0,0,22,10,2,0,0,0,0,0,0,45,lru,0,0,0,0,0,0,8,8,8,0,0,0,1
request,1413,0,914,0,decode,-1,0,0,0,0,0,0,0,0,0,0,0,0,0,0,0,0,0,0,0,0,,1318,19,0,0,7,0,0,0,0,0,0,0,0
request,1414,0,914,0,decode,-1,0,0,0,0,0,0,0,0,0,0,0,0,0,0,0,0,0,0,0,0,,9945,7,0,0,6,0,0,0,0,0,0,0,0
layer,1415,0,914,2213,decode,40,14,14,0,0,0,145,0,0,0,0,26,11,2,0,0,0,0,0,0,45,lru,0,0,0,0,0,0,16,16,16,0,0,0,1
request,1415,0,914,0,decode,-1,0,0,0,0,0,0,0,0,0,0,0,0,0,0,0,0,0,0,0,0,,614,28,0,0,16,0,0,0,0,0,0,0,0
layer,1416,0,916,2213,decode,40,8,8,0,0,0,893,0,0,0,0,23,10,2,0,0,0,0,0,0,45,lru,0,0,0,0,0,0,8,8,8,0,0,0,1
request,1416,0,916,0,decode,-1,0,0,0,0,0,0,0,0,0,0,0,0,0,0,0,0,0,0,0,0,,1323,20,0,0,7,0,0,0,0,0,0,0,0
request,1417,0,916,0,decode,-1,0,0,0,0,0,0,0,0,0,0,0,0,0,0,0,0,0,0,0,0,,9958,7,0,0,6,0,0,0,0,0,0,0,0
layer,1418,0,916,2213,decode,40,15,15,0,0,0,150,0,0,0,0,27,12,2,0,0,0,0,0,0,45,lru,0,0,0,0,0,0,16,16,16,0,0,0,1
request,1418,0,916,0,decode,-1,0,0,0,0,0,0,0,0,0,0,0,0,0,0,0,0,0,0,0,0,,620,17,0,0,5,0,0,0,0,0,0,0,0
layer,1419,0,918,2213,decode,40,8,8,0,0,0,891,0,0,0,0,21,10,2,0,0,0,0,0,0,45,lru,0,0,0,0,0,0,8,8,8,0,0,0,1
request,1419,0,918,0,decode,-1,0,0,0,0,0,0,0,0,0,0,0,0,0,0,0,0,0,0,0,0,,1313,19,0,0,7,0,0,0,0,0,0,0,0
request,1420,0,918,0,decode,-1,0,0,0,0,0,0,0,0,0,0,0,0,0,0,0,0,0,0,0,0,,9952,7,0,0,6,0,0,0,0,0,0,0,0
layer,1421,0,918,2213,decode,40,15,15,0,0,0,151,0,0,0,0,26,12,2,0,0,0,0,0,0,45,lru,0,0,0,0,0,0,16,16,16,0,0,0,1
request,1421,0,918,0,decode,-1,0,0,0,0,0,0,0,0,0,0,0,0,0,0,0,0,0,0,0,0,,615,20,0,0,7,0,0,0,0,0,0,0,0
layer,1422,0,920,2213,decode,40,8,8,0,0,0,891,0,0,0,0,21,10,2,0,0,0,0,0,0,45,lru,0,0,0,0,0,0,8,8,8,0,0,0,1
request,1422,0,920,0,decode,-1,0,0,0,0,0,0,0,0,0,0,0,0,0,0,0,0,0,0,0,0,,1313,19,0,0,7,0,0,0,0,0,0,0,0
request,1423,0,920,0,decode,-1,0,0,0,0,0,0,0,0,0,0,0,0,0,0,0,0,0,0,0,0,,9951,7,0,0,7,0,0,0,0,0,0,0,0
layer,1424,0,920,2213,decode,40,15,15,0,0,0,151,0,0,0,0,26,12,2,0,0,0,0,0,0,45,lru,0,0,0,0,0,0,16,16,16,0,0,0,1
request,1424,0,920,0,decode,-1,0,0,0,0,0,0,0,0,0,0,0,0,0,0,0,0,0,0,0,0,,611,17,0,0,5,0,0,0,0,0,0,0,0
layer,1425,0,922,2213,decode,40,8,8,0,0,0,891,0,0,0,0,21,10,2,0,0,0,0,0,0,45,lru,0,0,0,0,0,0,8,8,8,0,0,0,1
request,1425,0,922,0,decode,-1,0,0,0,0,0,0,0,0,0,0,0,0,0,0,0,0,0,0,0,0,,1315,20,0,0,8,0,0,0,0,0,0,0,0
request,1426,0,922,0,decode,-1,0,0,0,0,0,0,0,0,0,0,0,0,0,0,0,0,0,0,0,0,,9949,7,0,0,6,0,0,0,0,0,0,0,0
layer,1427,0,922,2213,decode,40,15,15,0,0,0,149,0,0,0,0,26,11,2,0,0,0,0,0,0,45,lru,0,0,0,0,0,0,16,16,16,0,0,0,1
request,1427,0,922,0,decode,-1,0,0,0,0,0,0,0,0,0,0,0,0,0,0,0,0,0,0,0,0,,609,18,0,0,6,0,0,0,0,0,0,0,0
layer,1428,0,924,2213,decode,40,8,8,0,0,0,890,0,0,0,0,21,10,2,0,0,0,0,0,0,45,lru,0,0,0,0,0,0,8,8,8,0,0,0,1
request,1428,0,924,0,decode,-1,0,0,0,0,0,0,0,0,0,0,0,0,0,0,0,0,0,0,0,0,,1319,20,0,0,8,0,0,0,0,0,0,0,0
request,1429,0,924,0,decode,-1,0,0,0,0,0,0,0,0,0,0,0,0,0,0,0,0,0,0,0,0,,9959,7,0,0,6,0,0,0,0,0,0,0,0
layer,1430,0,924,2213,decode,40,15,15,0,0,0,150,0,0,0,0,26,11,2,0,0,0,0,0,0,45,lru,0,0,0,0,0,0,16,16,16,0,0,0,1
request,1430,0,924,0,decode,-1,0,0,0,0,0,0,0,0,0,0,0,0,0,0,0,0,0,0,0,0,,605,17,0,0,6,0,0,0,0,0,0,0,0
layer,1431,0,926,2213,decode,40,8,8,0,0,0,894,0,0,0,0,21,10,2,0,0,0,0,0,0,45,lru,0,0,0,0,0,0,8,8,8,0,0,0,1
request,1431,0,926,0,decode,-1,0,0,0,0,0,0,0,0,0,0,0,0,0,0,0,0,0,0,0,0,,1318,20,0,0,8,0,0,0,0,0,0,0,0
request,1432,0,926,0,decode,-1,0,0,0,0,0,0,0,0,0,0,0,0,0,0,0,0,0,0,0,0,,9957,7,0,0,7,0,0,0,0,0,0,0,0
layer,1433,0,926,2213,decode,40,14,14,0,0,0,145,0,0,0,0,26,11,2,0,0,0,0,0,0,45,lru,0,0,0,0,0,0,16,16,16,0,0,0,1
request,1433,0,926,0,decode,-1,0,0,0,0,0,0,0,0,0,0,0,0,0,0,0,0,0,0,0,0,,604,18,0,0,6,0,0,0,0,0,0,0,0
layer,1434,0,928,2213,decode,40,8,8,0,0,0,890,0,0,0,0,21,10,2,0,0,0,0,0,0,45,lru,0,0,0,0,0,0,8,8,8,0,0,0,1
request,1434,0,928,0,decode,-1,0,0,0,0,0,0,0,0,0,0,0,0,0,0,0,0,0,0,0,0,,1309,20,0,0,7,0,0,0,0,0,0,0,0
request,1435,0,928,0,decode,-1,0,0,0,0,0,0,0,0,0,0,0,0,0,0,0,0,0,0,0,0,,9953,7,0,0,6,0,0,0,0,0,0,0,0
layer,1436,0,928,2213,decode,40,15,15,0,0,0,150,0,0,0,0,25,11,2,0,0,0,0,0,0,45,lru,0,0,0,0,0,0,16,16,16,0,0,0,1
request,1436,0,928,0,decode,-1,0,0,0,0,0,0,0,0,0,0,0,0,0,0,0,0,0,0,0,0,,611,18,0,0,6,0,0,0,0,0,0,0,0
layer,1437,0,930,2213,decode,40,8,8,0,0,0,897,0,0,0,0,23,10,2,0,0,0,0,0,0,45,lru,0,0,0,0,0,0,8,8,8,0,0,0,1
request,1437,0,930,0,decode,-1,0,0,0,0,0,0,0,0,0,0,0,0,0,0,0,0,0,0,0,0,,1331,20,0,0,7,0,0,0,0,0,0,0,0
request,1438,0,930,0,decode,-1,0,0,0,0,0,0,0,0,0,0,0,0,0,0,0,0,0,0,0,0,,9953,7,0,0,6,0,0,0,0,0,0,0,0
layer,1439,0,930,2213,decode,40,16,16,0,0,0,156,0,0,0,0,26,11,2,0,0,0,0,0,0,45,lru,0,0,0,0,0,0,16,16,16,0,0,0,1
request,1439,0,930,0,decode,-1,0,0,0,0,0,0,0,0,0,0,0,0,0,0,0,0,0,0,0,0,,624,26,0,0,14,0,0,0,0,0,0,0,0
layer,1440,0,932,2213,decode,40,8,8,0,0,0,892,0,0,0,0,21,10,2,0,0,0,0,0,0,45,lru,0,0,0,0,0,0,8,8,8,0,0,0,1
request,1440,0,932,0,decode,-1,0,0,0,0,0,0,0,0,0,0,0,0,0,0,0,0,0,0,0,0,,1320,20,0,0,7,0,0,0,0,0,0,0,0
request,1441,0,932,0,decode,-1,0,0,0,0,0,0,0,0,0,0,0,0,0,0,0,0,0,0,0,0,,9950,7,0,0,6,0,0,0,0,0,0,0,0
layer,1442,0,932,2213,decode,40,15,15,0,0,0,151,0,0,0,0,25,11,2,0,0,0,0,0,0,45,lru,0,0,0,0,0,0,16,16,16,0,0,0,1
request,1442,0,932,0,decode,-1,0,0,0,0,0,0,0,0,0,0,0,0,0,0,0,0,0,0,0,0,,609,18,0,0,6,0,0,0,0,0,0,0,0
layer,1443,0,934,2213,decode,40,8,8,0,0,0,893,0,0,0,0,23,10,2,0,0,0,0,0,0,45,lru,0,0,0,0,0,0,8,8,8,0,0,0,1
request,1443,0,934,0,decode,-1,0,0,0,0,0,0,0,0,0,0,0,0,0,0,0,0,0,0,0,0,,1316,20,0,0,7,0,0,0,0,0,0,0,0
request,1444,0,934,0,decode,-1,0,0,0,0,0,0,0,0,0,0,0,0,0,0,0,0,0,0,0,0,,9952,7,0,0,6,0,0,0,0,0,0,0,0
layer,1445,0,934,2213,decode,40,14,14,0,0,0,146,0,0,0,0,26,11,2,0,0,0,0,0,0,45,lru,0,0,0,0,0,0,16,16,16,0,0,0,1
request,1445,0,934,0,decode,-1,0,0,0,0,0,0,0,0,0,0,0,0,0,0,0,0,0,0,0,0,,602,18,0,0,6,0,0,0,0,0,0,0,0
layer,1446,0,936,2213,decode,40,8,8,0,0,0,892,0,0,0,0,21,10,2,0,0,0,0,0,0,45,lru,0,0,0,0,0,0,8,8,8,0,0,0,0
request,1446,0,936,0,decode,-1,0,0,0,0,0,0,0,0,0,0,0,0,0,0,0,0,0,0,0,0,,1310,20,0,0,7,0,0,0,0,0,0,0,0
request,1447,0,936,0,decode,-1,0,0,0,0,0,0,0,0,0,0,0,0,0,0,0,0,0,0,0,0,,9954,7,0,0,6,0,0,0,0,0,0,0,0
layer,1448,0,936,2213,decode,40,15,15,0,0,0,151,0,0,0,0,27,11,2,0,0,0,0,0,0,45,lru,0,0,0,0,0,0,16,16,16,0,0,0,1
request,1448,0,936,0,decode,-1,0,0,0,0,0,0,0,0,0,0,0,0,0,0,0,0,0,0,0,0,,615,18,0,0,5,0,0,0,0,0,0,0,0
layer,1449,0,938,2213,decode,40,8,7,1,933,588,838,133,2,0,2,1074,10,14,0,0,0,0,0,0,45,lru,0,0,0,0,0,0,8,7,8,0,1,0,1
request,1449,0,938,0,decode,-1,0,0,0,0,0,0,0,0,0,0,0,0,0,0,0,0,0,0,0,0,,2484,25,0,0,7,0,0,0,0,0,0,0,0
request,1450,0,938,0,decode,-1,0,0,0,0,0,0,0,0,0,0,0,0,0,0,0,0,0,0,0,0,,9954,7,0,0,6,0,0,0,0,0,0,0,0
layer,1451,0,938,2213,decode,40,15,15,0,0,0,152,0,0,0,0,27,12,2,0,0,0,0,0,0,45,lru,0,0,0,0,0,0,16,16,16,0,0,0,1
request,1451,0,938,0,decode,-1,0,0,0,0,0,0,0,0,0,0,0,0,0,0,0,0,0,0,0,0,,618,18,0,0,6,0,0,0,0,0,0,0,0
layer,1452,0,940,2213,decode,40,8,8,0,0,0,894,0,0,0,0,22,10,2,0,0,0,0,0,0,45,lru,0,0,0,0,0,0,8,8,8,0,0,0,1
request,1452,0,940,0,decode,-1,0,0,0,0,0,0,0,0,0,0,0,0,0,0,0,0,0,0,0,0,,1320,20,0,0,8,0,0,0,0,0,0,0,0
request,1453,0,940,0,decode,-1,0,0,0,0,0,0,0,0,0,0,0,0,0,0,0,0,0,0,0,0,,9954,7,0,0,6,0,0,0,0,0,0,0,0
layer,1454,0,940,2213,decode,40,15,15,0,0,0,152,0,0,0,0,28,12,2,0,0,0,0,0,0,45,lru,0,0,0,0,0,0,16,16,16,0,0,0,1
request,1454,0,940,0,decode,-1,0,0,0,0,0,0,0,0,0,0,0,0,0,0,0,0,0,0,0,0,,622,18,0,0,6,0,0,0,0,0,0,0,0
layer,1455,0,942,2213,decode,40,8,8,0,0,0,896,0,0,0,0,23,11,2,0,0,0,0,0,0,45,lru,0,0,0,0,0,0,8,8,8,0,0,0,1
request,1455,0,942,0,decode,-1,0,0,0,0,0,0,0,0,0,0,0,0,0,0,0,0,0,0,0,0,,1329,21,0,0,8,0,0,0,0,0,0,0,0
request,1456,0,942,0,decode,-1,0,0,0,0,0,0,0,0,0,0,0,0,0,0,0,0,0,0,0,0,,9954,7,0,0,6,0,0,0,0,0,0,0,0
layer,1457,0,942,2213,decode,40,16,16,0,0,0,156,0,0,0,0,27,12,2,0,0,0,0,0,0,45,lru,0,0,0,0,0,0,16,16,16,0,0,0,1
request,1457,0,942,0,decode,-1,0,0,0,0,0,0,0,0,0,0,0,0,0,0,0,0,0,0,0,0,,625,18,0,0,6,0,0,0,0,0,0,0,0
layer,1458,0,944,2213,decode,40,8,8,0,0,0,891,0,0,0,0,22,10,2,0,0,0,0,0,0,45,lru,0,0,0,0,0,0,8,8,8,0,0,0,1
request,1458,0,944,0,decode,-1,0,0,0,0,0,0,0,0,0,0,0,0,0,0,0,0,0,0,0,0,,1317,20,0,0,7,0,0,0,0,0,0,0,0
request,1459,0,944,0,decode,-1,0,0,0,0,0,0,0,0,0,0,0,0,0,0,0,0,0,0,0,0,,9953,7,0,0,6,0,0,0,0,0,0,0,0
layer,1460,0,944,2213,decode,40,15,15,0,0,0,150,0,0,0,0,26,11,2,0,0,0,0,0,0,45,lru,0,0,0,0,0,0,16,16,16,0,0,0,1
request,1460,0,944,0,decode,-1,0,0,0,0,0,0,0,0,0,0,0,0,0,0,0,0,0,0,0,0,,609,17,0,0,5,0,0,0,0,0,0,0,0
layer,1461,0,946,2213,decode,40,8,8,0,0,0,896,0,0,0,0,22,10,2,0,0,0,0,0,0,45,lru,0,0,0,0,0,0,8,8,8,0,0,0,1
request,1461,0,946,0,decode,-1,0,0,0,0,0,0,0,0,0,0,0,0,0,0,0,0,0,0,0,0,,1319,20,0,0,7,0,0,0,0,0,0,0,0
request,1462,0,946,0,decode,-1,0,0,0,0,0,0,0,0,0,0,0,0,0,0,0,0,0,0,0,0,,9948,8,0,0,7,0,0,0,0,0,0,0,0
layer,1463,0,946,2213,decode,40,15,15,0,0,0,151,0,0,0,0,27,11,2,0,0,0,0,0,0,45,lru,0,0,0,0,0,0,16,16,16,0,0,0,1
request,1463,0,946,0,decode,-1,0,0,0,0,0,0,0,0,0,0,0,0,0,0,0,0,0,0,0,0,,627,27,0,0,15,0,0,0,0,0,0,0,0
layer,1464,0,948,2213,decode,40,8,8,0,0,0,891,0,0,0,0,21,10,2,0,0,0,0,0,0,45,lru,0,0,0,0,0,0,8,8,8,0,0,0,1
request,1464,0,948,0,decode,-1,0,0,0,0,0,0,0,0,0,0,0,0,0,0,0,0,0,0,0,0,,1308,20,0,0,7,0,0,0,0,0,0,0,0
request,1465,0,948,0,decode,-1,0,0,0,0,0,0,0,0,0,0,0,0,0,0,0,0,0,0,0,0,,9952,7,0,0,6,0,0,0,0,0,0,0,0
layer,1466,0,948,2213,decode,40,15,15,0,0,0,151,0,0,0,0,26,11,2,0,0,0,0,0,0,45,lru,0,0,0,0,0,0,16,16,16,0,0,0,1
request,1466,0,948,0,decode,-1,0,0,0,0,0,0,0,0,0,0,0,0,0,0,0,0,0,0,0,0,,614,18,0,0,6,0,0,0,0,0,0,0,0
layer,1467,0,950,2213,decode,40,8,8,0,0,0,897,0,0,0,0,23,11,2,0,0,0,0,0,0,45,lru,0,0,0,0,0,0,8,8,8,0,0,0,1
request,1467,0,950,0,decode,-1,0,0,0,0,0,0,0,0,0,0,0,0,0,0,0,0,0,0,0,0,,1323,20,0,0,7,0,0,0,0,0,0,0,0
request,1468,0,950,0,decode,-1,0,0,0,0,0,0,0,0,0,0,0,0,0,0,0,0,0,0,0,0,,9950,8,0,0,7,0,0,0,0,0,0,0,0
layer,1469,0,950,2213,decode,40,13,13,0,0,0,140,0,0,0,0,25,11,2,0,0,0,0,0,0,45,lru,0,0,0,0,0,0,16,16,16,0,0,0,1
request,1469,0,950,0,decode,-1,0,0,0,0,0,0,0,0,0,0,0,0,0,0,0,0,0,0,0,0,,599,18,0,0,6,0,0,0,0,0,0,0,0
layer,1470,0,952,2213,decode,40,8,8,0,0,0,896,0,0,0,0,21,10,2,0,0,0,0,0,0,45,lru,0,0,0,0,0,0,8,8,8,0,0,0,1
request,1470,0,952,0,decode,-1,0,0,0,0,0,0,0,0,0,0,0,0,0,0,0,0,0,0,0,0,,1317,20,0,0,7,0,0,0,0,0,0,0,0
request,1471,0,952,0,decode,-1,0,0,0,0,0,0,0,0,0,0,0,0,0,0,0,0,0,0,0,0,,9951,8,0,0,7,0,0,0,0,0,0,0,0
layer,1472,0,952,2213,decode,40,15,15,0,0,0,150,0,0,0,0,26,12,2,0,0,0,0,0,0,45,lru,0,0,0,0,0,0,16,16,16,0,0,0,1
request,1472,0,952,0,decode,-1,0,0,0,0,0,0,0,0,0,0,0,0,0,0,0,0,0,0,0,0,,613,17,0,0,6,0,0,0,0,0,0,0,0
layer,1473,0,954,2213,decode,40,8,7,1,930,563,858,39,2,0,2,1086,11,11,0,0,0,0,0,0,45,lru,0,0,0,0,0,0,8,7,8,0,1,0,1
request,1473,0,954,0,decode,-1,0,0,0,0,0,0,0,0,0,0,0,0,0,0,0,0,0,0,0,0,,2485,25,0,0,8,0,0,0,0,0,0,0,0
request,1474,0,954,0,decode,-1,0,0,0,0,0,0,0,0,0,0,0,0,0,0,0,0,0,0,0,0,,9946,7,0,0,6,0,0,0,0,0,0,0,0
layer,1475,0,954,2213,decode,40,15,15,0,0,0,151,0,0,0,0,27,12,2,0,0,0,0,0,0,45,lru,0,0,0,0,0,0,16,16,16,0,0,0,1
request,1475,0,954,0,decode,-1,0,0,0,0,0,0,0,0,0,0,0,0,0,0,0,0,0,0,0,0,,615,18,0,0,6,0,0,0,0,0,0,0,0
layer,1476,0,956,2213,decode,40,8,8,0,0,0,891,0,0,0,0,22,10,2,0,0,0,0,0,0,45,lru,0,0,0,0,0,0,8,8,8,0,0,0,1
request,1476,0,956,0,decode,-1,0,0,0,0,0,0,0,0,0,0,0,0,0,0,0,0,0,0,0,0,,1316,20,0,0,8,0,0,0,0,0,0,0,0
request,1477,0,956,0,decode,-1,0,0,0,0,0,0,0,0,0,0,0,0,0,0,0,0,0,0,0,0,,9945,7,0,0,6,0,0,0,0,0,0,0,0
layer,1478,0,956,2213,decode,40,15,15,0,0,0,150,0,0,0,0,26,12,2,0,0,0,0,0,0,45,lru,0,0,0,0,0,0,16,16,16,0,0,0,1
request,1478,0,956,0,decode,-1,0,0,0,0,0,0,0,0,0,0,0,0,0,0,0,0,0,0,0,0,,606,18,0,0,6,0,0,0,0,0,0,0,0
layer,1479,0,958,2213,decode,40,8,8,0,0,0,892,0,0,0,0,22,10,2,0,0,0,0,0,0,45,lru,0,0,0,0,0,0,8,8,8,0,0,0,1
request,1479,0,958,0,decode,-1,0,0,0,0,0,0,0,0,0,0,0,0,0,0,0,0,0,0,0,0,,1317,21,0,0,8,0,0,0,0,0,0,0,0
request,1480,0,958,0,decode,-1,0,0,0,0,0,0,0,0,0,0,0,0,0,0,0,0,0,0,0,0,,9963,7,0,0,6,0,0,0,0,0,0,0,0
layer,1481,0,958,2213,decode,40,14,14,0,0,0,147,0,0,0,0,27,12,2,0,0,0,0,0,0,45,lru,0,0,0,0,0,0,16,16,16,0,0,0,1
request,1481,0,958,0,decode,-1,0,0,0,0,0,0,0,0,0,0,0,0,0,0,0,0,0,0,0,0,,611,18,0,0,6,0,0,0,0,0,0,0,0
layer,1482,0,960,2213,decode,40,8,8,0,0,0,893,0,0,0,0,21,10,2,0,0,0,0,0,0,45,lru,0,0,0,0,0,0,8,8,8,0,0,0,1
request,1482,0,960,0,decode,-1,0,0,0,0,0,0,0,0,0,0,0,0,0,0,0,0,0,0,0,0,,1320,21,0,0,8,0,0,0,0,0,0,0,0
request,1483,0,960,0,decode,-1,0,0,0,0,0,0,0,0,0,0,0,0,0,0,0,0,0,0,0,0,,9951,7,0,0,7,0,0,0,0,0,0,0,0
layer,1484,0,960,2213,decode,40,15,15,0,0,0,151,0,0,0,0,25,11,2,0,0,0,0,0,0,45,lru,0,0,0,0,0,0,16,16,16,0,0,0,1
request,1484,0,960,0,decode,-1,0,0,0,0,0,0,0,0,0,0,0,0,0,0,0,0,0,0,0,0,,604,18,0,0,6,0,0,0,0,0,0,0,0
layer,1485,0,962,2213,decode,40,8,8,0,0,0,894,0,0,0,0,21,10,2,0,0,0,0,0,0,45,lru,0,0,0,0,0,0,8,8,8,0,0,0,1
request,1485,0,962,0,decode,-1,0,0,0,0,0,0,0,0,0,0,0,0,0,0,0,0,0,0,0,0,,1319,19,0,0,7,0,0,0,0,0,0,0,0
request,1486,0,962,0,decode,-1,0,0,0,0,0,0,0,0,0,0,0,0,0,0,0,0,0,0,0,0,,9956,16,0,0,15,0,0,0,0,0,0,0,0
layer,1487,0,962,2213,decode,40,15,15,0,0,0,150,0,0,0,0,26,11,2,0,0,0,0,0,0,45,lru,0,0,0,0,0,0,16,16,16,0,0,0,1
request,1487,0,962,0,decode,-1,0,0,0,0,0,0,0,0,0,0,0,0,0,0,0,0,0,0,0,0,,610,18,0,0,6,0,0,0,0,0,0,0,0
layer,1488,0,964,2213,decode,40,8,8,0,0,0,892,0,0,0,0,21,10,2,0,0,0,0,0,0,45,lru,0,0,0,0,0,0,8,8,8,0,0,0,1
request,1488,0,964,0,decode,-1,0,0,0,0,0,0,0,0,0,0,0,0,0,0,0,0,0,0,0,0,,1314,20,0,0,7,0,0,0,0,0,0,0,0
request,1489,0,964,0,decode,-1,0,0,0,0,0,0,0,0,0,0,0,0,0,0,0,0,0,0,0,0,,9951,7,0,0,7,0,0,0,0,0,0,0,0
layer,1490,0,964,2213,decode,40,15,15,0,0,0,150,0,0,0,0,27,12,2,0,0,0,0,0,0,45,lru,0,0,0,0,0,0,16,16,16,0,0,0,1
request,1490,0,964,0,decode,-1,0,0,0,0,0,0,0,0,0,0,0,0,0,0,0,0,0,0,0,0,,610,18,0,0,6,0,0,0,0,0,0,0,0
layer,1491,0,966,2213,decode,40,8,7,1,7041,383,840,31,2,0,2,7120,10,3,0,0,0,0,0,0,45,lru,0,0,0,0,0,0,8,7,8,0,1,0,1
request,1491,0,966,0,decode,-1,0,0,0,0,0,0,0,0,0,0,0,0,0,0,0,0,0,0,0,0,,8549,27,0,0,9,0,0,0,0,0,0,0,0
request,1492,0,966,0,decode,-1,0,0,0,0,0,0,0,0,0,0,0,0,0,0,0,0,0,0,0,0,,9957,9,0,0,8,0,0,0,0,0,0,0,0
layer,1493,0,966,2213,decode,40,14,14,0,0,0,146,0,0,0,0,28,12,2,0,0,0,0,0,0,45,lru,0,0,0,0,0,0,16,16,16,0,0,0,1
request,1493,0,966,0,decode,-1,0,0,0,0,0,0,0,0,0,0,0,0,0,0,0,0,0,0,0,0,,617,18,0,0,6,0,0,0,0,0,0,0,0
layer,1494,0,968,2213,decode,40,8,8,0,0,0,892,0,0,0,0,22,10,2,0,0,0,0,0,0,45,lru,0,0,0,0,0,0,8,8,8,0,0,0,1
request,1494,0,968,0,decode,-1,0,0,0,0,0,0,0,0,0,0,0,0,0,0,0,0,0,0,0,0,,1318,20,0,0,8,0,0,0,0,0,0,0,0
request,1495,0,968,0,decode,-1,0,0,0,0,0,0,0,0,0,0,0,0,0,0,0,0,0,0,0,0,,9960,7,0,0,6,0,0,0,0,0,0,0,0
layer,1496,0,968,2213,decode,40,15,15,0,0,0,150,0,0,0,0,27,12,2,0,0,0,0,0,0,45,lru,0,0,0,0,0,0,16,16,16,0,0,0,1
request,1496,0,968,0,decode,-1,0,0,0,0,0,0,0,0,0,0,0,0,0,0,0,0,0,0,0,0,,612,18,0,0,5,0,0,0,0,0,0,0,0
layer,1497,0,970,2213,decode,40,8,8,0,0,0,892,0,0,0,0,22,10,2,0,0,0,0,0,0,45,lru,0,0,0,0,0,0,8,8,8,0,0,0,1
request,1497,0,970,0,decode,-1,0,0,0,0,0,0,0,0,0,0,0,0,0,0,0,0,0,0,0,0,,1315,20,0,0,8,0,0,0,0,0,0,0,0
request,1498,0,970,0,decode,-1,0,0,0,0,0,0,0,0,0,0,0,0,0,0,0,0,0,0,0,0,,9948,7,0,0,6,0,0,0,0,0,0,0,0
layer,1499,0,970,2213,decode,40,15,15,0,0,0,148,0,0,0,0,26,11,2,0,0,0,0,0,0,45,lru,0,0,0,0,0,0,16,16,16,0,0,0,1
request,1499,0,970,0,decode,-1,0,0,0,0,0,0,0,0,0,0,0,0,0,0,0,0,0,0,0,0,,601,18,0,0,6,0,0,0,0,0,0,0,0
layer,1500,0,972,2213,decode,40,8,8,0,0,0,892,0,0,0,0,22,10,2,0,0,0,0,0,0,45,lru,0,0,0,0,0,0,8,8,8,0,0,0,2
request,1500,0,972,0,decode,-1,0,0,0,0,0,0,0,0,0,0,0,0,0,0,0,0,0,0,0,0,,1312,19,0,0,7,0,0,0,0,0,0,0,0
request,1501,0,972,0,decode,-1,0,0,0,0,0,0,0,0,0,0,0,0,0,0,0,0,0,0,0,0,,9954,7,0,0,6,0,0,0,0,0,0,0,0
layer,1502,0,972,2213,decode,40,15,15,0,0,0,150,0,0,0,0,26,12,2,0,0,0,0,0,0,45,lru,0,0,0,0,0,0,16,16,16,0,0,0,1
request,1502,0,972,0,decode,-1,0,0,0,0,0,0,0,0,0,0,0,0,0,0,0,0,0,0,0,0,,606,18,0,0,6,0,0,0,0,0,0,0,0
layer,1503,0,974,2213,decode,40,8,7,1,412,307,848,11,2,0,2,475,11,3,0,0,0,0,0,0,45,lru,0,0,0,0,0,0,8,7,8,0,1,0,1
request,1503,0,974,0,decode,-1,0,0,0,0,0,0,0,0,0,0,0,0,0,0,0,0,0,0,0,0,,1915,25,0,0,7,0,0,0,0,0,0,0,0
request,1504,0,974,0,decode,-1,0,0,0,0,0,0,0,0,0,0,0,0,0,0,0,0,0,0,0,0,,9953,7,0,0,6,0,0,0,0,0,0,0,0
layer,1505,0,974,2213,decode,40,15,15,0,0,0,152,0,0,0,0,26,12,2,0,0,0,0,0,0,45,lru,0,0,0,0,0,0,16,16,16,0,0,0,1
request,1505,0,974,0,decode,-1,0,0,0,0,0,0,0,0,0,0,0,0,0,0,0,0,0,0,0,0,,615,17,0,0,5,0,0,0,0,0,0,0,0
layer,1506,0,976,2213,decode,40,8,8,0,0,0,904,0,0,0,0,21,10,2,0,0,0,0,0,0,45,lru,0,0,0,0,0,0,8,8,8,0,0,0,1
request,1506,0,976,0,decode,-1,0,0,0,0,0,0,0,0,0,0,0,0,0,0,0,0,0,0,0,0,,1328,23,0,0,8,0,0,0,0,0,0,0,0
request,1507,0,976,0,decode,-1,0,0,0,0,0,0,0,0,0,0,0,0,0,0,0,0,0,0,0,0,,9952,7,0,0,6,0,0,0,0,0,0,0,0
layer,1508,0,976,2213,decode,40,15,15,0,0,0,151,0,0,0,0,25,11,2,0,0,0,0,0,0,45,lru,0,0,0,0,0,0,16,16,16,0,0,0,1
request,1508,0,976,0,decode,-1,0,0,0,0,0,0,0,0,0,0,0,0,0,0,0,0,0,0,0,0,,612,18,0,0,6,0,0,0,0,0,0,0,0
layer,1509,0,978,2213,decode,40,8,8,0,0,0,890,0,0,0,0,22,11,2,0,0,0,0,0,0,45,lru,0,0,0,0,0,0,8,8,8,0,0,0,1
request,1509,0,978,0,decode,-1,0,0,0,0,0,0,0,0,0,0,0,0,0,0,0,0,0,0,0,0,,1335,29,0,0,16,0,0,0,0,0,0,0,0
request,1510,0,978,0,decode,-1,0,0,0,0,0,0,0,0,0,0,0,0,0,0,0,0,0,0,0,0,,9954,7,0,0,7,0,0,0,0,0,0,0,0
layer,1511,0,978,2213,decode,40,14,14,0,0,0,144,0,0,0,0,26,11,2,0,0,0,0,0,0,45,lru,0,0,0,0,0,0,16,16,16,0,0,0,1
request,1511,0,978,0,decode,-1,0,0,0,0,0,0,0,0,0,0,0,0,0,0,0,0,0,0,0,0,,608,18,0,0,6,0,0,0,0,0,0,0,0
layer,1512,0,980,2213,decode,40,8,8,0,0,0,891,0,0,0,0,22,10,2,0,0,0,0,0,0,45,lru,0,0,0,0,0,0,8,8,8,0,0,0,1
request,1512,0,980,0,decode,-1,0,0,0,0,0,0,0,0,0,0,0,0,0,0,0,0,0,0,0,0,,1324,20,0,0,7,0,0,0,0,0,0,0,0
request,1513,0,980,0,decode,-1,0,0,0,0,0,0,0,0,0,0,0,0,0,0,0,0,0,0,0,0,,9954,7,0,0,6,0,0,0,0,0,0,0,0
layer,1514,0,980,2213,decode,40,15,15,0,0,0,152,0,0,0,0,27,12,2,0,0,0,0,0,0,45,lru,0,0,0,0,0,0,16,16,16,0,0,0,1
request,1514,0,980,0,decode,-1,0,0,0,0,0,0,0,0,0,0,0,0,0,0,0,0,0,0,0,0,,621,18,0,0,6,0,0,0,0,0,0,0,0
layer,1515,0,982,2213,decode,40,8,8,0,0,0,891,0,0,0,0,22,11,2,0,0,0,0,0,0,45,lru,0,0,0,0,0,0,8,8,8,0,0,0,1
request,1515,0,982,0,decode,-1,0,0,0,0,0,0,0,0,0,0,0,0,0,0,0,0,0,0,0,0,,1323,20,0,0,8,0,0,0,0,0,0,0,0
request,1516,0,982,0,decode,-1,0,0,0,0,0,0,0,0,0,0,0,0,0,0,0,0,0,0,0,0,,9960,7,0,0,6,0,0,0,0,0,0,0,0
layer,1517,0,982,2213,decode,40,16,16,0,0,0,155,0,0,0,0,27,12,2,0,0,0,0,0,0,45,lru,0,0,0,0,0,0,16,16,16,0,0,0,1
request,1517,0,982,0,decode,-1,0,0,0,0,0,0,0,0,0,0,0,0,0,0,0,0,0,0,0,0,,619,18,0,0,6,0,0,0,0,0,0,0,0
layer,1518,0,984,2213,decode,40,8,8,0,0,0,889,0,0,0,0,22,10,2,0,0,0,0,0,0,45,lru,0,0,0,0,0,0,8,8,8,0,0,0,1
request,1518,0,984,0,decode,-1,0,0,0,0,0,0,0,0,0,0,0,0,0,0,0,0,0,0,0,0,,1361,20,0,0,8,0,0,0,0,0,0,0,0
request,1519,0,984,0,decode,-1,0,0,0,0,0,0,0,0,0,0,0,0,0,0,0,0,0,0,0,0,,9949,7,0,0,6,0,0,0,0,0,0,0,0
layer,1520,0,984,2213,decode,40,15,15,0,0,0,150,0,0,0,0,26,12,2,0,0,0,0,0,0,45,lru,0,0,0,0,0,0,16,16,16,0,0,0,1
request,1520,0,984,0,decode,-1,0,0,0,0,0,0,0,0,0,0,0,0,0,0,0,0,0,0,0,0,,611,17,0,0,5,0,0,0,0,0,0,0,0
layer,1521,0,986,2213,decode,40,8,8,0,0,0,893,0,0,0,0,22,10,2,0,0,0,0,0,0,45,lru,0,0,0,0,0,0,8,8,8,0,0,0,1
request,1521,0,986,0,decode,-1,0,0,0,0,0,0,0,0,0,0,0,0,0,0,0,0,0,0,0,0,,1320,22,0,0,9,0,0,0,0,0,0,0,0
request,1522,0,986,0,decode,-1,0,0,0,0,0,0,0,0,0,0,0,0,0,0,0,0,0,0,0,0,,9968,7,0,0,7,0,0,0,0,0,0,0,0
layer,1523,0,986,2213,decode,40,14,14,0,0,0,146,0,0,0,0,27,11,2,0,0,0,0,0,0,45,lru,0,0,0,0,0,0,16,16,16,0,0,0,1
request,1523,0,986,0,decode,-1,0,0,0,0,0,0,0,0,0,0,0,0,0,0,0,0,0,0,0,0,,611,18,0,0,6,0,0,0,0,0,0,0,0
layer,1524,0,988,2213,decode,40,8,8,0,0,0,893,0,0,0,0,23,10,2,0,0,0,0,0,0,45,lru,0,0,0,0,0,0,8,8,8,0,0,0,1
request,1524,0,988,0,decode,-1,0,0,0,0,0,0,0,0,0,0,0,0,0,0,0,0,0,0,0,0,,1335,20,0,0,7,0,0,0,0,0,0,0,0
request,1525,0,988,0,decode,-1,0,0,0,0,0,0,0,0,0,0,0,0,0,0,0,0,0,0,0,0,,9955,7,0,0,6,0,0,0,0,0,0,0,0
layer,1526,0,988,2213,decode,40,15,15,0,0,0,151,0,0,0,0,27,12,2,0,0,0,0,0,0,45,lru,0,0,0,0,0,0,16,16,16,0,0,0,1
request,1526,0,988,0,decode,-1,0,0,0,0,0,0,0,0,0,0,0,0,0,0,0,0,0,0,0,0,,617,18,0,0,6,0,0,0,0,0,0,0,0
layer,1527,0,990,2213,decode,40,8,8,0,0,0,900,0,0,0,0,21,11,2,0,0,0,0,0,0,45,lru,0,0,0,0,0,0,8,8,8,0,0,0,1
request,1527,0,990,0,decode,-1,0,0,0,0,0,0,0,0,0,0,0,0,0,0,0,0,0,0,0,0,,1324,19,0,0,7,0,0,0,0,0,0,0,0
request,1528,0,990,0,decode,-1,0,0,0,0,0,0,0,0,0,0,0,0,0,0,0,0,0,0,0,0,,9950,7,0,0,6,0,0,0,0,0,0,0,0
layer,1529,0,990,2213,decode,40,14,14,0,0,0,145,0,0,0,0,25,11,2,0,0,0,0,0,0,45,lru,0,0,0,0,0,0,16,16,16,0,0,0,1
request,1529,0,990,0,decode,-1,0,0,0,0,0,0,0,0,0,0,0,0,0,0,0,0,0,0,0,0,,603,18,0,0,6,0,0,0,0,0,0,0,0
layer,1530,0,992,2213,decode,40,8,8,0,0,0,892,0,0,0,0,22,10,2,0,0,0,0,0,0,45,lru,0,0,0,0,0,0,8,8,8,0,0,0,1
request,1530,0,992,0,decode,-1,0,0,0,0,0,0,0,0,0,0,0,0,0,0,0,0,0,0,0,0,,1313,20,0,0,7,0,0,0,0,0,0,0,0
request,1531,0,992,0,decode,-1,0,0,0,0,0,0,0,0,0,0,0,0,0,0,0,0,0,0,0,0,,9956,7,0,0,7,0,0,0,0,0,0,0,0
layer,1532,0,992,2213,decode,40,15,15,0,0,0,151,0,0,0,0,26,12,2,0,0,0,0,0,0,45,lru,0,0,0,0,0,0,16,16,16,0,0,0,1
request,1532,0,992,0,decode,-1,0,0,0,0,0,0,0,0,0,0,0,0,0,0,0,0,0,0,0,0,,615,18,0,0,6,0,0,0,0,0,0,0,0
layer,1533,0,994,2213,decode,40,8,8,0,0,0,898,0,0,0,0,23,11,2,0,0,0,0,0,0,45,lru,0,0,0,0,0,0,8,8,8,0,0,0,1
request,1533,0,994,0,decode,-1,0,0,0,0,0,0,0,0,0,0,0,0,0,0,0,0,0,0,0,0,,1336,31,0,0,19,0,0,0,0,0,0,0,0
request,1534,0,994,0,decode,-1,0,0,0,0,0,0,0,0,0,0,0,0,0,0,0,0,0,0,0,0,,9950,7,0,0,6,0,0,0,0,0,0,0,0
layer,1535,0,994,2213,decode,40,15,15,0,0,0,150,0,0,0,0,27,11,2,0,0,0,0,0,0,45,lru,0,0,0,0,0,0,16,16,16,0,0,0,1
request,1535,0,994,0,decode,-1,0,0,0,0,0,0,0,0,0,0,0,0,0,0,0,0,0,0,0,0,,616,18,0,0,5,0,0,0,0,0,0,0,0
layer,1536,0,996,2213,decode,40,8,8,0,0,0,896,0,0,0,0,21,10,2,0,0,0,0,0,0,45,lru,0,0,0,0,0,0,8,8,8,0,0,0,1
request,1536,0,996,0,decode,-1,0,0,0,0,0,0,0,0,0,0,0,0,0,0,0,0,0,0,0,0,,1330,19,0,0,7,0,0,0,0,0,0,0,0
request,1537,0,996,0,decode,-1,0,0,0,0,0,0,0,0,0,0,0,0,0,0,0,0,0,0,0,0,,9942,7,0,0,6,0,0,0,0,0,0,0,0
layer,1538,0,996,2213,decode,40,15,15,0,0,0,150,0,0,0,0,25,11,2,0,0,0,0,0,0,45,lru,0,0,0,0,0,0,16,16,16,0,0,0,1
request,1538,0,996,0,decode,-1,0,0,0,0,0,0,0,0,0,0,0,0,0,0,0,0,0,0,0,0,,608,18,0,0,6,0,0,0,0,0,0,0,0
layer,1539,0,998,2213,decode,40,8,8,0,0,0,890,0,0,0,0,22,10,2,0,0,0,0,0,0,45,lru,0,0,0,0,0,0,8,8,8,0,0,0,1
request,1539,0,998,0,decode,-1,0,0,0,0,0,0,0,0,0,0,0,0,0,0,0,0,0,0,0,0,,1313,20,0,0,7,0,0,0,0,0,0,0,0
request,1540,0,998,0,decode,-1,0,0,0,0,0,0,0,0,0,0,0,0,0,0,0,0,0,0,0,0,,9951,7,0,0,6,0,0,0,0,0,0,0,0
layer,1541,0,998,2213,decode,40,15,15,0,0,0,150,0,0,0,0,26,11,2,0,0,0,0,0,0,45,lru,0,0,0,0,0,0,16,16,16,0,0,0,1
request,1541,0,998,0,decode,-1,0,0,0,0,0,0,0,0,0,0,0,0,0,0,0,0,0,0,0,0,,608,18,0,0,5,0,0,0,0,0,0,0,0
layer,1542,0,1000,2213,decode,40,8,8,0,0,0,888,0,0,0,0,22,11,2,0,0,0,0,0,0,45,lru,0,0,0,0,0,0,8,8,8,0,0,0,1
request,1542,0,1000,0,decode,-1,0,0,0,0,0,0,0,0,0,0,0,0,0,0,0,0,0,0,0,0,,1315,20,0,0,7,0,0,0,0,0,0,0,0
request,1543,0,1000,0,decode,-1,0,0,0,0,0,0,0,0,0,0,0,0,0,0,0,0,0,0,0,0,,9949,7,0,0,6,0,0,0,0,0,0,0,0
layer,1544,0,1000,2213,decode,40,15,15,0,0,0,149,0,0,0,0,26,11,2,0,0,0,0,0,0,45,lru,0,0,0,0,0,0,16,16,16,0,0,0,1
request,1544,0,1000,0,decode,-1,0,0,0,0,0,0,0,0,0,0,0,0,0,0,0,0,0,0,0,0,,610,18,0,0,6,0,0,0,0,0,0,0,0
layer,1545,0,1002,2213,decode,40,8,8,0,0,0,898,0,0,0,0,22,10,2,0,0,0,0,0,0,45,lru,0,0,0,0,0,0,8,8,8,0,0,0,1
request,1545,0,1002,0,decode,-1,0,0,0,0,0,0,0,0,0,0,0,0,0,0,0,0,0,0,0,0,,1321,19,0,0,7,0,0,0,0,0,0,0,0
request,1546,0,1002,0,decode,-1,0,0,0,0,0,0,0,0,0,0,0,0,0,0,0,0,0,0,0,0,,9953,8,0,0,7,0,0,0,0,0,0,0,0
layer,1547,0,1002,2213,decode,40,13,13,0,0,0,140,0,0,0,0,25,11,2,0,0,0,0,0,0,45,lru,0,0,0,0,0,0,16,16,16,0,0,0,1
request,1547,0,1002,0,decode,-1,0,0,0,0,0,0,0,0,0,0,0,0,0,0,0,0,0,0,0,0,,598,18,0,0,6,0,0,0,0,0,0,0,0
layer,1548,0,1004,2213,decode,40,8,8,0,0,0,897,0,0,0,0,21,10,2,0,0,0,0,0,0,45,lru,0,0,0,0,0,0,8,8,8,0,0,0,1
request,1548,0,1004,0,decode,-1,0,0,0,0,0,0,0,0,0,0,0,0,0,0,0,0,0,0,0,0,,1316,20,0,0,7,0,0,0,0,0,0,0,0
request,1549,0,1004,0,decode,-1,0,0,0,0,0,0,0,0,0,0,0,0,0,0,0,0,0,0,0,0,,9948,7,0,0,7,0,0,0,0,0,0,0,0
layer,1550,0,1004,2213,decode,40,15,15,0,0,0,151,0,0,0,0,26,12,2,0,0,0,0,0,0,45,lru,0,0,0,0,0,0,16,16,16,0,0,0,1
request,1550,0,1004,0,decode,-1,0,0,0,0,0,0,0,0,0,0,0,0,0,0,0,0,0,0,0,0,,607,17,0,0,5,0,0,0,0,0,0,0,0
layer,1551,0,1006,2213,decode,40,8,8,0,0,0,896,0,0,0,0,22,10,2,0,0,0,0,0,0,45,lru,0,0,0,0,0,0,8,8,8,0,0,0,1
request,1551,0,1006,0,decode,-1,0,0,0,0,0,0,0,0,0,0,0,0,0,0,0,0,0,0,0,0,,1319,20,0,0,7,0,0,0,0,0,0,0,0
request,1552,0,1006,0,decode,-1,0,0,0,0,0,0,0,0,0,0,0,0,0,0,0,0,0,0,0,0,,9951,7,0,0,6,0,0,0,0,0,0,0,0
layer,1553,0,1006,2213,decode,40,14,14,0,0,0,146,0,0,0,0,26,11,2,0,0,0,0,0,0,45,lru,0,0,0,0,0,0,16,16,16,0,0,0,1
request,1553,0,1006,0,decode,-1,0,0,0,0,0,0,0,0,0,0,0,0,0,0,0,0,0,0,0,0,,615,18,0,0,6,0,0,0,0,0,0,0,0
layer,1554,0,1008,2213,decode,40,8,8,0,0,0,897,0,0,0,0,21,10,2,0,0,0,0,0,0,45,lru,0,0,0,0,0,0,8,8,8,0,0,0,1
request,1554,0,1008,0,decode,-1,0,0,0,0,0,0,0,0,0,0,0,0,0,0,0,0,0,0,0,0,,1321,19,0,0,7,0,0,0,0,0,0,0,0
request,1555,0,1008,0,decode,-1,0,0,0,0,0,0,0,0,0,0,0,0,0,0,0,0,0,0,0,0,,9955,7,0,0,6,0,0,0,0,0,0,0,0
layer,1556,0,1008,2213,decode,40,15,15,0,0,0,151,0,0,0,0,27,12,2,0,0,0,0,0,0,45,lru,0,0,0,0,0,0,16,16,16,0,0,0,1
request,1556,0,1008,0,decode,-1,0,0,0,0,0,0,0,0,0,0,0,0,0,0,0,0,0,0,0,0,,623,28,0,0,16,0,0,0,0,0,0,0,0
layer,1557,0,1010,2213,decode,40,8,8,0,0,0,892,0,0,0,0,21,10,2,0,0,0,0,0,0,45,lru,0,0,0,0,0,0,8,8,8,0,0,0,1
request,1557,0,1010,0,decode,-1,0,0,0,0,0,0,0,0,0,0,0,0,0,0,0,0,0,0,0,0,,1316,19,0,0,7,0,0,0,0,0,0,0,0
request,1558,0,1010,0,decode,-1,0,0,0,0,0,0,0,0,0,0,0,0,0,0,0,0,0,0,0,0,,9949,7,0,0,6,0,0,0,0,0,0,0,0
layer,1559,0,1010,2213,decode,40,15,15,0,0,0,151,0,0,0,0,26,11,2,0,0,0,0,0,0,45,lru,0,0,0,0,0,0,16,16,16,0,0,0,1
request,1559,0,1010,0,decode,-1,0,0,0,0,0,0,0,0,0,0,0,0,0,0,0,0,0,0,0,0,,610,18,0,0,6,0,0,0,0,0,0,0,0
layer,1560,0,1012,2213,decode,40,8,8,0,0,0,891,0,0,0,0,21,10,2,0,0,0,0,0,0,45,lru,0,0,0,0,0,0,8,8,8,0,0,0,1
request,1560,0,1012,0,decode,-1,0,0,0,0,0,0,0,0,0,0,0,0,0,0,0,0,0,0,0,0,,1314,20,0,0,7,0,0,0,0,0,0,0,0
request,1561,0,1012,0,decode,-1,0,0,0,0,0,0,0,0,0,0,0,0,0,0,0,0,0,0,0,0,,9950,7,0,0,6,0,0,0,0,0,0,0,0
layer,1562,0,1012,2213,decode,40,15,15,0,0,0,151,0,0,0,0,25,11,2,0,0,0,0,0,0,45,lru,0,0,0,0,0,0,16,16,16,0,0,0,1
request,1562,0,1012,0,decode,-1,0,0,0,0,0,0,0,0,0,0,0,0,0,0,0,0,0,0,0,0,,613,23,0,0,6,0,0,0,0,0,0,0,0
layer,1563,0,1014,2213,decode,40,8,8,0,0,0,897,0,0,0,0,21,10,2,0,0,0,0,0,0,45,lru,0,0,0,0,0,0,8,8,8,0,0,0,1
request,1563,0,1014,0,decode,-1,0,0,0,0,0,0,0,0,0,0,0,0,0,0,0,0,0,0,0,0,,1316,19,0,0,6,0,0,0,0,0,0,0,0
request,1564,0,1014,0,decode,-1,0,0,0,0,0,0,0,0,0,0,0,0,0,0,0,0,0,0,0,0,,9959,7,0,0,6,0,0,0,0,0,0,0,0
layer,1565,0,1014,2213,decode,40,15,15,0,0,0,149,0,0,0,0,25,11,2,0,0,0,0,0,0,45,lru,0,0,0,0,0,0,16,16,16,0,0,0,1
request,1565,0,1014,0,decode,-1,0,0,0,0,0,0,0,0,0,0,0,0,0,0,0,0,0,0,0,0,,608,19,0,0,6,0,0,0,0,0,0,0,0
layer,1566,0,1016,2213,decode,40,8,8,0,0,0,896,0,0,0,0,21,10,2,0,0,0,0,0,0,45,lru,0,0,0,0,0,0,8,8,8,0,0,0,1
request,1566,0,1016,0,decode,-1,0,0,0,0,0,0,0,0,0,0,0,0,0,0,0,0,0,0,0,0,,1320,20,0,0,7,0,0,0,0,0,0,0,0
request,1567,0,1016,0,decode,-1,0,0,0,0,0,0,0,0,0,0,0,0,0,0,0,0,0,0,0,0,,9954,7,0,0,6,0,0,0,0,0,0,0,0
layer,1568,0,1016,2213,decode,40,15,15,0,0,0,151,0,0,0,0,25,11,2,0,0,0,0,0,0,45,lru,0,0,0,0,0,0,16,16,16,0,0,0,1
request,1568,0,1016,0,decode,-1,0,0,0,0,0,0,0,0,0,0,0,0,0,0,0,0,0,0,0,0,,610,18,0,0,5,0,0,0,0,0,0,0,0
layer,1569,0,1018,2213,decode,40,8,8,0,0,0,897,0,0,0,0,22,10,2,0,0,0,0,0,0,45,lru,0,0,0,0,0,0,8,8,8,0,0,0,1
request,1569,0,1018,0,decode,-1,0,0,0,0,0,0,0,0,0,0,0,0,0,0,0,0,0,0,0,0,,1322,19,0,0,7,0,0,0,0,0,0,0,0
request,1570,0,1018,0,decode,-1,0,0,0,0,0,0,0,0,0,0,0,0,0,0,0,0,0,0,0,0,,9944,7,0,0,6,0,0,0,0,0,0,0,0
layer,1571,0,1018,2213,decode,40,14,14,0,0,0,145,0,0,0,0,25,11,2,0,0,0,0,0,0,45,lru,0,0,0,0,0,0,16,16,16,0,0,0,1
request,1571,0,1018,0,decode,-1,0,0,0,0,0,0,0,0,0,0,0,0,0,0,0,0,0,0,0,0,,602,18,0,0,6,0,0,0,0,0,0,0,0
layer,1572,0,1020,2213,decode,40,8,8,0,0,0,896,0,0,0,0,21,10,2,0,0,0,0,0,0,45,lru,0,0,0,0,0,0,8,8,8,0,0,0,1
request,1572,0,1020,0,decode,-1,0,0,0,0,0,0,0,0,0,0,0,0,0,0,0,0,0,0,0,0,,1314,19,0,0,7,0,0,0,0,0,0,0,0
request,1573,0,1020,0,decode,-1,0,0,0,0,0,0,0,0,0,0,0,0,0,0,0,0,0,0,0,0,,9957,7,0,0,6,0,0,0,0,0,0,0,0
layer,1574,0,1020,2213,decode,40,15,15,0,0,0,151,0,0,0,0,26,12,2,0,0,0,0,0,0,45,lru,0,0,0,0,0,0,16,16,16,0,0,0,1
request,1574,0,1020,0,decode,-1,0,0,0,0,0,0,0,0,0,0,0,0,0,0,0,0,0,0,0,0,,608,18,0,0,6,0,0,0,0,0,0,0,0
layer,1575,0,1022,2213,decode,40,8,8,0,0,0,895,0,0,0,0,21,10,2,0,0,0,0,0,0,45,lru,0,0,0,0,0,0,8,8,8,0,0,0,1
request,1575,0,1022,0,decode,-1,0,0,0,0,0,0,0,0,0,0,0,0,0,0,0,0,0,0,0,0,,1320,20,0,0,7,0,0,0,0,0,0,0,0
request,1576,0,1022,0,decode,-1,0,0,0,0,0,0,0,0,0,0,0,0,0,0,0,0,0,0,0,0,,9954,7,0,0,6,0,0,0,0,0,0,0,0
layer,1577,0,1022,2213,decode,40,15,15,0,0,0,150,0,0,0,0,26,11,2,0,0,0,0,0,0,45,lru,0,0,0,0,0,0,16,16,16,0,0,0,1
request,1577,0,1022,0,decode,-1,0,0,0,0,0,0,0,0,0,0,0,0,0,0,0,0,0,0,0,0,,605,17,0,0,6,0,0,0,0,0,0,0,0
layer,1578,0,1024,2599,decode,0,8,8,0,0,0,258,0,0,0,0,28,13,3,0,0,0,0,0,0,45,lru,0,0,0,0,0,0,8,8,8,0,0,0,1
layer,1578,0,1024,2599,decode,1,8,8,0,0,0,254,0,0,0,0,22,9,2,0,0,0,0,0,0,45,lru,0,0,0,0,0,0,8,8,8,0,0,0,1
layer,1578,0,1024,2599,decode,2,8,8,0,0,0,249,0,0,0,0,20,8,2,0,0,0,0,0,0,45,lru,0,0,0,0,0,0,8,8,8,0,0,0,0
layer,1578,0,1024,2599,decode,3,8,7,1,970,556,211,54,5,0,5,1129,8,15,0,0,0,0,0,0,45,lru,0,0,0,0,0,0,8,7,8,0,1,0,0
layer,1578,0,1024,2599,decode,4,8,8,0,0,0,249,0,0,0,0,24,9,2,0,0,0,0,0,0,45,lru,0,0,0,0,0,0,8,8,8,0,0,0,1
layer,1578,0,1024,2599,decode,5,8,8,0,0,0,254,0,0,0,0,21,8,2,0,0,0,0,0,0,45,lru,0,0,0,0,0,0,8,8,8,0,0,0,1
layer,1578,0,1024,2599,decode,6,8,8,0,0,0,230,0,0,0,0,21,8,2,0,0,0,0,0,0,45,lru,0,0,0,0,0,0,8,8,8,0,0,0,0
layer,1578,0,1024,2599,decode,7,8,8,0,0,0,252,0,0,0,0,21,7,2,0,0,0,0,0,0,45,lru,0,0,0,0,0,0,8,8,8,0,0,0,0
layer,1578,0,1024,2599,decode,8,8,8,0,0,0,253,0,0,0,0,21,8,2,0,0,0,0,0,0,45,lru,0,0,0,0,0,0,8,8,8,0,0,0,1
layer,1578,0,1024,2599,decode,9,8,8,0,0,0,252,0,0,0,0,20,8,1,0,0,0,0,0,0,45,lru,0,0,0,0,0,0,8,8,8,0,0,0,0
layer,1578,0,1024,2599,decode,10,8,8,0,0,0,229,0,0,0,0,21,8,2,0,0,0,0,0,0,45,lru,0,0,0,0,0,0,8,8,8,0,0,0,0
layer,1578,0,1024,2599,decode,11,8,7,1,11061,437,209,24,5,0,5,11133,8,3,0,0,0,0,0,0,45,lru,0,0,0,0,0,0,8,7,8,0,1,0,0
layer,1578,0,1024,2599,decode,12,8,8,0,0,0,252,0,0,0,0,23,9,2,0,0,0,0,0,0,45,lru,0,0,0,0,0,0,8,8,8,0,0,0,0
layer,1578,0,1024,2599,decode,13,8,7,1,434,265,211,20,5,0,5,507,18,2,0,0,0,0,0,0,45,lru,0,0,0,0,0,0,8,7,8,0,1,0,0
layer,1578,0,1024,2599,decode,14,8,8,0,0,0,228,0,0,0,0,22,8,2,0,0,0,0,0,0,45,lru,0,0,0,0,0,0,8,8,8,0,0,0,1
layer,1578,0,1024,2599,decode,15,8,6,2,1226,476,210,29,5,0,5,1332,7,2,0,0,0,0,0,0,45,lru,0,0,0,0,0,0,8,6,8,0,2,0,0
layer,1578,0,1024,2599,decode,16,8,7,1,419,308,207,22,5,0,5,503,8,2,0,0,0,0,0,0,45,lru,0,0,0,0,0,0,8,7,8,0,1,0,1
layer,1578,0,1024,2599,decode,17,8,5,3,8487,848,211,91,2,0,2,8611,8,2,0,0,0,0,0,0,45,lru,0,0,0,0,0,0,8,5,8,0,3,0,1
layer,1578,0,1024,2599,decode,18,8,5,3,1662,678,195,51,3,0,3,1806,9,3,0,0,0,0,0,0,45,lru,0,0,0,0,0,0,8,5,8,0,3,0,3
layer,1578,0,1024,2599,decode,19,8,8,0,0,0,252,0,0,0,0,21,8,2,0,0,0,0,0,0,45,lru,0,0,0,0,0,0,8,8,8,0,0,0,1
layer,1578,0,1024,2599,decode,20,8,5,3,1388,738,208,49,3,0,3,1513,8,3,0,0,0,0,0,0,45,lru,0,0,0,0,0,0,8,5,8,0,3,0,0
layer,1578,0,1024,2599,decode,21,8,6,2,6482,472,209,39,3,0,3,6578,8,2,0,0,0,0,0,0,45,lru,0,0,0,0,0,0,8,6,8,0,2,0,1
layer,1578,0,1024,2599,decode,22,8,7,1,450,314,193,9,3,0,3,513,8,2,0,0,0,0,0,0,45,lru,0,0,0,0,0,0,8,7,8,0,1,0,1
layer,1578,0,1024,2599,decode,23,8,8,0,0,0,251,0,0,0,0,21,8,2,0,0,0,0,0,0,45,lru,0,0,0,0,0,0,8,8,8,0,0,0,0
layer,1578,0,1024,2599,decode,24,8,6,2,1056,523,208,29,2,0,2,1150,8,2,0,0,0,0,0,0,45,lru,0,0,0,0,0,0,8,6,8,0,2,0,0
layer,1578,0,1024,2599,decode,25,8,6,2,858,486,207,26,2,0,2,950,9,2,0,0,0,0,0,0,45,lru,0,0,0,0,0,0,8,6,8,0,2,0,1
layer,1578,0,1024,2599,decode,26,8,6,2,989,513,194,22,3,0,3,1084,11,2,0,0,0,0,0,0,45,lru,0,0,0,0,0,0,8,6,8,0,2,0,1
layer,1578,0,1024,2599,decode,27,8,5,3,3276,691,207,29,2,0,2,3409,8,2,0,0,0,0,0,0,45,lru,0,0,0,0,0,0,8,5,8,0,3,0,1
layer,1578,0,1024,2599,decode,28,8,5,3,1448,699,207,43,2,0,2,1573,8,2,0,0,0,0,0,0,45,lru,0,0,0,0,0,0,8,5,8,0,3,0,1
layer,1578,0,1024,2599,decode,29,8,8,0,0,0,251,0,0,0,0,20,8,2,0,0,0,0,0,0,45,lru,0,0,0,0,0,0,8,8,8,0,0,0,1
layer,1578,0,1024,2599,decode,30,8,8,0,0,0,224,0,0,0,0,19,8,2,0,0,0,0,0,0,45,lru,0,0,0,0,0,0,8,8,8,0,0,0,0
layer,1578,0,1024,2599,decode,31,8,7,1,527,321,211,7,2,0,2,587,7,2,0,0,0,0,0,0,45,lru,0,0,0,0,0,0,8,7,8,0,1,0,1
layer,1578,0,1024,2599,decode,32,8,8,0,0,0,250,0,0,0,0,19,8,2,0,0,0,0,0,0,45,lru,0,0,0,0,0,0,8,8,8,0,0,0,1
layer,1578,0,1024,2599,decode,33,8,8,0,0,0,250,0,0,0,0,18,8,2,0,0,0,0,0,0,45,lru,0,0,0,0,0,0,8,8,8,0,0,0,0
layer,1578,0,1024,2599,decode,34,8,7,1,10089,482,195,18,1,0,1,10145,7,2,0,0,0,0,0,0,45,lru,0,0,0,0,0,0,8,7,8,0,1,0,0
layer,1578,0,1024,2599,decode,35,8,6,2,9554,421,209,43,1,0,1,9647,8,2,0,0,0,0,0,0,45,lru,0,0,0,0,0,0,8,6,8,0,2,0,0
layer,1578,0,1024,2599,decode,36,8,8,0,0,0,248,0,0,0,0,19,8,2,0,0,0,0,0,0,45,lru,0,0,0,0,0,0,8,8,8,0,0,0,1
layer,1578,0,1024,2599,decode,37,8,8,0,0,0,259,0,0,0,0,18,7,2,0,0,0,0,0,0,45,lru,0,0,0,0,0,0,8,8,8,0,0,0,0
layer,1578,0,1024,2599,decode,38,8,7,1,408,264,193,10,2,0,2,468,8,2,0,0,0,0,0,0,45,lru,0,0,0,0,0,0,8,7,8,0,1,0,0
layer,1578,0,1024,2599,decode,39,8,8,0,0,0,884,0,0,0,0,20,8,2,0,0,0,0,0,0,45,lru,0,0,0,0,0,0,8,8,8,0,0,0,0
request,1578,0,1024,0,decode,-1,0,0,0,0,0,0,0,0,0,0,0,0,0,0,0,0,0,0,0,0,,78807,369,0,0,21,0,0,0,0,0,0,0,0
layer,1579,0,1024,2599,decode,40,8,8,0,0,0,107,0,0,0,0,21,10,2,0,0,0,0,0,0,45,lru,0,0,0,0,0,0,8,8,8,0,0,0,0
request,1579,0,1024,0,decode,-1,0,0,0,0,0,0,0,0,0,0,0,0,0,0,0,0,0,0,0,0,,598,20,0,0,8,0,0,0,0,0,0,0,0
